0,5,-168,-112,0,0,100,0,0,0,112,112,0,-48,-112,0,0,100,0,0,0,112,112,0,-56,-120,0,1,100,0,640,240,128,128,0,-56,-120,0,1,100,0,640,112,128,128,0,-56,-24,0,0,100,0,800,64,112,48,0,
0,4,-48,-112,0,0,100,0,0,0,112,112,0,-56,-120,0,1,100,0,640,240,128,128,0,-56,-120,0,1,100,0,640,112,128,128,0,-56,-24,0,0,100,0,800,64,112,48,0,
0,5,-48,-112,0,0,100,0,112,0,112,112,0,-56,-120,0,1,75,0,640,240,128,128,0,-50,-126,0,1,25,0,768,240,128,128,0,-55,-121,0,1,100,0,768,112,128,128,0,-56,-24,0,0,100,0,800,64,112,48,0,
0,5,-48,-112,0,0,100,0,224,0,112,112,0,-56,-120,0,1,50,0,640,240,128,128,0,-50,-126,0,1,50,0,768,240,128,128,0,-54,-122,0,1,100,0,768,112,128,128,0,-56,-24,0,0,100,0,800,64,112,48,0,
0,5,-48,-112,0,0,100,0,336,0,112,112,0,-56,-120,0,1,25,0,640,240,128,128,0,-50,-126,0,1,75,0,768,240,128,128,0,-53,-123,0,1,100,0,768,112,128,128,0,-56,-24,0,0,100,0,800,64,112,48,0,
0,5,-48,-112,0,0,100,0,0,0,112,112,0,-50,-126,0,1,100,0,768,240,128,128,0,-52,-124,0,1,75,0,640,112,128,128,0,-60,-116,0,1,25,0,768,112,128,128,0,-56,-24,0,0,100,0,800,64,112,48,0,
0,6,-48,-112,0,0,100,0,112,0,112,112,0,-56,-120,0,1,25,0,640,240,128,128,0,-50,-126,0,1,75,0,768,240,128,128,0,-51,-125,0,1,50,0,640,112,128,128,0,-59,-117,0,1,50,0,768,112,128,128,0,-56,-24,0,0,100,0,800,64,112,48,0,
0,6,-48,-112,0,0,100,0,224,0,112,112,0,-56,-120,0,1,50,0,640,240,128,128,0,-50,-126,0,1,50,0,768,240,128,128,0,-50,-126,0,1,25,0,640,112,128,128,0,-58,-118,0,1,75,0,768,112,128,128,0,-56,-24,0,0,100,0,800,64,112,48,0,
0,5,-48,-112,0,0,100,0,336,0,112,112,0,-56,-120,0,1,75,0,640,240,128,128,0,-50,-126,0,1,25,0,768,240,128,128,0,-57,-119,0,1,100,0,640,112,128,128,0,-56,-24,0,0,100,0,800,64,112,48,0,
0,4,-48,-112,0,0,100,0,0,112,120,112,0,-56,-120,0,1,100,0,640,240,128,128,0,-56,-120,0,1,100,0,640,112,128,128,0,-56,-24,0,0,100,0,800,64,112,48,0,
0,5,-48,-112,0,0,100,0,120,112,120,112,0,-56,-120,0,1,75,0,640,240,128,128,0,-50,-126,0,1,25,0,768,240,128,128,0,-55,-121,0,1,100,0,768,112,128,128,0,-56,-24,0,0,100,0,800,64,112,48,0,
0,5,-48,-112,0,0,100,0,240,112,120,112,0,-56,-120,0,1,50,0,640,240,128,128,0,-50,-126,0,1,50,0,768,240,128,128,0,-54,-122,0,1,100,0,768,112,128,128,0,-56,-24,0,0,100,0,800,64,112,48,0,
0,5,-48,-112,0,0,100,0,360,112,120,112,0,-56,-120,0,1,25,0,640,240,128,128,0,-50,-126,0,1,75,0,768,240,128,128,0,-53,-123,0,1,100,0,768,112,128,128,0,-56,-24,0,0,100,0,800,64,112,48,0,
0,5,-48,-112,0,0,100,0,0,112,120,112,0,-50,-126,0,1,100,0,768,240,128,128,0,-52,-124,0,1,75,0,640,112,128,128,0,-60,-116,0,1,25,0,768,112,128,128,0,-56,-24,0,0,100,0,800,64,112,48,0,
0,6,-48,-112,0,0,100,0,120,112,120,112,0,-56,-120,0,1,25,0,640,240,128,128,0,-50,-126,0,1,75,0,768,240,128,128,0,-51,-125,0,1,50,0,640,112,128,128,0,-59,-117,0,1,50,0,768,112,128,128,0,-56,-24,0,0,100,0,800,64,112,48,0,
0,6,-48,-112,0,0,100,0,240,112,120,112,0,-56,-120,0,1,50,0,640,240,128,128,0,-50,-126,0,1,50,0,768,240,128,128,0,-50,-126,0,1,25,0,640,112,128,128,0,-58,-118,0,1,75,0,768,112,128,128,0,-56,-24,0,0,100,0,800,64,112,48,0,
0,5,-48,-112,0,0,100,0,360,112,120,112,0,-56,-120,0,1,75,0,640,240,128,128,0,-50,-126,0,1,25,0,768,240,128,128,0,-57,-119,0,1,100,0,640,112,128,128,0,-56,-24,0,0,100,0,800,64,112,48,0,
0,5,-56,-112,0,0,100,0,0,224,120,112,0,24,-112,0,1,100,0,640,64,40,40,0,-56,-120,0,1,100,0,640,240,128,128,0,-56,-120,0,1,100,0,640,112,128,128,0,-56,-24,0,0,100,0,800,64,112,48,0,
0,6,-56,-112,0,0,100,0,120,224,120,112,0,24,-112,0,1,100,0,680,64,40,40,0,-56,-120,0,1,75,0,640,240,128,128,0,-50,-126,0,1,25,0,768,240,128,128,0,-55,-121,0,1,100,0,768,112,128,128,0,-56,-24,0,0,100,0,800,64,112,48,0,
0,6,-56,-112,0,0,100,0,240,224,120,112,0,24,-112,0,1,100,0,720,64,40,40,0,-56,-120,0,1,50,0,640,240,128,128,0,-50,-126,0,1,50,0,768,240,128,128,0,-54,-122,0,1,100,0,768,112,128,128,0,-56,-24,0,0,100,0,800,64,112,48,0,
0,6,-56,-112,0,0,100,0,360,224,120,112,0,24,-112,0,1,100,0,760,64,40,40,0,-56,-120,0,1,25,0,640,240,128,128,0,-50,-126,0,1,75,0,768,240,128,128,0,-53,-123,0,1,100,0,768,112,128,128,0,-56,-24,0,0,100,0,800,64,112,48,0,
0,6,-56,-112,0,0,100,0,0,224,120,112,0,24,-112,0,1,100,0,640,64,40,40,0,-50,-126,0,1,100,0,768,240,128,128,0,-52,-124,0,1,75,0,640,112,128,128,0,-60,-116,0,1,25,0,768,112,128,128,0,-56,-24,0,0,100,0,800,64,112,48,0,
0,7,-56,-112,0,0,100,0,120,224,120,112,0,24,-112,0,1,100,0,680,64,40,40,0,-56,-120,0,1,25,0,640,240,128,128,0,-50,-126,0,1,75,0,768,240,128,128,0,-51,-125,0,1,50,0,640,112,128,128,0,-59,-117,0,1,50,0,768,112,128,128,0,-56,-24,0,0,100,0,800,64,112,48,0,
0,7,-56,-112,0,0,100,0,240,224,120,112,0,24,-112,0,1,100,0,720,64,40,40,0,-56,-120,0,1,50,0,640,240,128,128,0,-50,-126,0,1,50,0,768,240,128,128,0,-50,-126,0,1,25,0,640,112,128,128,0,-58,-118,0,1,75,0,768,112,128,128,0,-56,-24,0,0,100,0,800,64,112,48,0,
0,6,-56,-112,0,0,100,0,360,224,120,112,0,24,-112,0,1,100,0,760,64,40,40,0,-56,-120,0,1,75,0,640,240,128,128,0,-50,-126,0,1,25,0,768,240,128,128,0,-57,-119,0,1,100,0,640,112,128,128,0,-56,-24,0,0,100,0,800,64,112,48,0,
0,5,-64,-96,0,1,100,0,760,64,40,40,0,-48,-112,0,0,100,0,0,336,120,112,0,-56,-120,0,1,100,0,640,240,128,128,0,-56,-120,0,1,100,0,640,112,128,128,0,-56,-24,0,0,100,0,800,64,112,48,0,
0,6,-64,-96,0,1,100,0,720,64,40,40,0,-48,-112,0,0,100,0,120,336,120,112,0,-56,-120,0,1,75,0,640,240,128,128,0,-50,-126,0,1,25,0,768,240,128,128,0,-55,-121,0,1,100,0,768,112,128,128,0,-56,-24,0,0,100,0,800,64,112,48,0,
0,6,-64,-96,0,1,100,0,680,64,40,40,0,-48,-112,0,0,100,0,240,336,120,112,0,-56,-120,0,1,50,0,640,240,128,128,0,-50,-126,0,1,50,0,768,240,128,128,0,-54,-122,0,1,100,0,768,112,128,128,0,-56,-24,0,0,100,0,800,64,112,48,0,
0,6,-64,-96,0,1,100,0,640,64,40,40,0,-48,-112,0,0,100,0,360,336,120,112,0,-56,-120,0,1,25,0,640,240,128,128,0,-50,-126,0,1,75,0,768,240,128,128,0,-53,-123,0,1,100,0,768,112,128,128,0,-56,-24,0,0,100,0,800,64,112,48,0,
0,6,-64,-96,0,1,100,0,760,64,40,40,0,-48,-112,0,0,100,0,0,336,120,112,0,-50,-126,0,1,100,0,768,240,128,128,0,-52,-124,0,1,75,0,640,112,128,128,0,-60,-116,0,1,25,0,768,112,128,128,0,-56,-24,0,0,100,0,800,64,112,48,0,
0,7,-64,-96,0,1,100,0,720,64,40,40,0,-48,-112,0,0,100,0,120,336,120,112,0,-56,-120,0,1,25,0,640,240,128,128,0,-50,-126,0,1,75,0,768,240,128,128,0,-51,-125,0,1,50,0,640,112,128,128,0,-59,-117,0,1,50,0,768,112,128,128,0,-56,-24,0,0,100,0,800,64,112,48,0,
0,7,-64,-96,0,1,100,0,680,64,40,40,0,-48,-112,0,0,100,0,240,336,120,112,0,-56,-120,0,1,50,0,640,240,128,128,0,-50,-126,0,1,50,0,768,240,128,128,0,-50,-126,0,1,25,0,640,112,128,128,0,-58,-118,0,1,75,0,768,112,128,128,0,-56,-24,0,0,100,0,800,64,112,48,0,
0,6,-64,-96,0,1,100,0,640,64,40,40,0,-48,-112,0,0,100,0,360,336,120,112,0,-56,-120,0,1,75,0,640,240,128,128,0,-50,-126,0,1,25,0,768,240,128,128,0,-57,-119,0,1,100,0,640,112,128,128,0,-56,-24,0,0,100,0,800,64,112,48,0,
0,4,-48,-112,0,0,100,0,480,336,112,112,0,-56,-120,0,1,100,0,640,240,128,128,0,-56,-120,0,1,100,0,640,112,128,128,0,-56,-24,0,0,100,0,800,64,112,48,0,
0,3,-48,-112,0,0,100,0,480,336,112,112,0,-56,-120,0,1,100,0,640,240,128,128,0,-56,-120,0,1,100,0,640,112,128,128,0,
0,2,-48,-100,0,0,100,0,480,224,112,112,0,-56,-24,0,0,100,0,800,64,112,48,0,
0,2,-72,-72,0,0,100,0,448,0,160,112,0,-56,-24,0,0,100,0,800,64,112,48,0,
0,0,
0,0,
0,0,
0,0,
0,5,-40,-112,0,0,100,0,0,784,112,112,0,-56,-120,0,1,50,0,640,240,128,128,0,-50,-126,0,1,20,0,768,240,128,128,0,-55,-121,0,1,75,0,768,112,128,128,0,-56,-24,0,0,100,0,800,64,112,48,0,
0,5,-40,-112,0,0,100,0,112,784,112,112,0,-56,-120,0,1,25,0,640,240,128,128,0,-50,-126,0,1,25,0,768,240,128,128,0,-54,-122,0,1,50,0,768,112,128,128,0,-56,-24,0,0,100,0,800,64,112,48,0,
0,6,-72,-24,0,1,100,0,1344,1160,152,40,0,-56,-112,0,0,100,0,224,784,112,112,0,-56,-120,0,1,10,0,640,240,128,128,0,-50,-126,0,1,15,0,768,240,128,128,0,-53,-123,0,1,25,0,768,112,128,128,0,-56,-24,0,0,100,0,800,64,112,48,0,
0,4,-88,-32,0,1,100,0,1344,1200,176,48,0,-72,-24,0,1,50,0,1344,1160,152,40,0,-56,-152,0,0,100,0,336,784,112,112,0,-56,-24,0,0,100,0,912,64,112,48,0,
0,4,-112,-40,0,1,100,0,1528,1152,232,64,0,-88,-32,0,1,50,0,1344,1200,176,48,0,-56,-168,0,0,100,0,448,784,112,112,0,-56,-24,0,0,100,0,912,64,112,48,0,
0,4,-128,-48,0,1,100,0,1528,1216,264,80,0,-112,-40,0,1,50,0,1528,1152,232,64,0,-56,-176,0,0,100,0,560,784,112,112,0,-56,-24,0,0,100,0,912,64,112,48,0,
0,4,-128,-47,0,1,25,0,1528,1216,264,80,0,-16,-208,0,1,50,0,1352,568,64,64,0,-55,-172,0,0,100,0,672,784,112,112,0,-56,-24,0,0,100,0,912,64,112,48,0,
0,3,-16,-208,0,1,75,0,1352,632,64,64,0,-40,-188,0,0,100,0,0,896,112,112,0,-56,-24,0,0,100,0,912,64,112,48,0,
0,3,-16,-208,0,1,100,0,1352,696,64,64,0,-40,-188,0,0,100,0,112,896,112,112,0,-56,-24,0,0,100,0,912,64,112,48,0,
0,3,-16,-208,0,1,100,0,1352,760,64,64,0,-40,-190,0,0,100,0,224,896,112,112,0,-56,-24,0,0,100,0,912,64,112,48,0,
0,3,-16,-208,0,1,50,0,1352,824,64,64,0,-50,-192,0,0,100,0,336,896,112,112,0,-56,-24,0,0,100,0,912,64,112,48,0,
0,5,-128,-248,0,1,100,0,784,368,48,240,0,-128,-384,0,1,100,0,784,368,48,240,0,-73,-194,0,1,100,0,1256,40,88,88,0,-56,-190,0,0,100,0,560,896,112,112,0,-56,-24,0,0,100,0,912,64,112,48,0,
0,10,-96,-128,0,1,100,0,784,368,48,240,0,-96,-264,0,1,100,0,784,368,48,240,0,-200,-184,0,1,100,0,784,368,48,240,0,-200,-320,0,1,100,0,784,368,48,240,0,-144,-200,0,1,100,0,848,368,80,240,0,-128,-232,0,1,50,0,784,368,48,240,0,-120,-352,0,1,100,0,1088,368,32,240,0,-73,-194,0,1,50,0,1256,40,88,88,0,-56,-189,0,0,100,0,0,1008,112,112,0,-56,-24,0,0,100,0,912,64,112,48,0,
0,14,-96,-128,0,1,50,0,784,368,48,240,0,-88,-272,0,1,100,0,1088,368,40,240,0,-112,-120,0,1,100,0,848,368,80,240,0,-200,-176,0,1,50,0,784,368,48,240,0,-192,-296,0,1,100,0,1088,368,40,240,0,-216,-144,0,1,100,0,848,368,80,240,0,-184,-88,0,1,100,0,928,480,160,128,0,-120,-248,0,1,50,0,1088,368,32,240,0,-120,-272,0,1,50,0,1088,368,32,240,0,-120,-392,0,1,50,0,1088,368,32,240,0,-56,-188,0,0,100,0,112,1008,112,112,0,-64,-264,0,1,100,0,784,368,48,240,0,-64,-400,0,1,100,0,784,368,48,240,0,-56,-24,0,0,100,0,912,64,112,48,0,
0,19,-152,-232,0,1,100,0,784,368,48,240,0,-152,-368,0,1,100,0,784,368,48,240,0,-88,-128,0,1,50,0,1088,368,40,240,0,-88,-176,0,1,50,0,1088,368,40,240,0,-88,-272,0,1,50,0,1088,368,40,240,0,-152,-8,0,1,100,0,928,480,160,128,0,-200,-184,0,1,50,0,1080,368,48,240,0,-192,-192,0,1,50,0,1088,368,40,240,0,-192,-296,0,1,50,0,1088,368,40,240,0,-256,-32,0,1,100,0,928,480,160,128,0,-184,-88,0,1,100,0,928,368,160,112,0,-152,-40,0,1,50,0,896,304,88,64,0,-56,-186,0,0,100,0,224,1008,112,112,0,-64,-272,0,1,50,0,784,368,48,240,0,-56,-384,0,1,100,0,1088,368,40,240,0,-80,-232,0,1,100,0,848,368,80,240,0,-224,-272,0,1,100,0,784,368,48,240,0,-224,-408,0,1,100,0,784,368,48,240,0,-56,-24,0,0,100,0,912,64,112,48,0,
0,21,-184,-152,0,1,100,0,784,368,48,240,0,-184,-288,0,1,100,0,784,368,48,240,0,-168,-208,0,1,100,0,848,368,80,240,0,-152,-248,0,1,50,0,784,368,48,240,0,-144,-232,0,1,100,0,1088,368,40,240,0,-144,-376,0,1,100,0,1088,368,40,240,0,-118,53,0,1,50,0,896,304,88,64,0,-222,29,0,1,50,0,896,304,88,64,0,-152,-8,0,1,100,0,928,368,160,112,0,-256,-32,0,1,100,0,928,368,160,112,0,-184,-73,0,1,50,0,896,240,160,72,0,-56,-185,0,0,100,0,336,1008,112,112,0,-56,-328,0,1,50,0,1088,368,40,240,0,-56,-272,0,1,50,0,1088,368,40,240,0,-56,-392,0,1,50,0,1088,368,40,240,0,-120,-112,0,1,100,0,928,480,160,128,0,-240,-248,0,1,100,0,848,368,80,240,0,-216,-272,0,1,100,0,1088,368,40,240,0,-224,-312,0,1,50,0,784,368,48,240,0,-216,-400,0,1,100,0,1088,368,40,240,0,-56,-24,0,0,100,0,912,64,112,48,0,
0,17,-200,-152,0,1,100,0,848,368,80,240,0,-176,-288,0,1,100,0,1088,368,40,240,0,-184,-208,0,1,50,0,784,368,48,240,0,-208,-96,0,1,100,0,928,480,160,128,0,-144,-240,0,1,50,0,1088,368,40,240,0,-144,-280,0,1,50,0,1088,368,40,240,0,-144,-376,0,1,50,0,1088,368,40,240,0,-152,14,0,1,50,0,896,240,160,72,0,-256,-10,0,1,50,0,896,240,160,72,0,-56,-183,0,0,100,0,0,1008,112,112,0,-120,-112,0,1,100,0,928,368,160,112,0,-86,-51,0,1,50,0,896,304,88,64,0,-280,-128,0,1,100,0,928,480,160,128,0,-216,-272,0,1,50,0,1088,368,40,240,0,-216,-312,0,1,50,0,1088,368,40,240,0,-216,-400,0,1,50,0,1088,368,40,240,0,-56,-24,0,0,100,0,912,64,112,48,0,
0,11,-240,-40,0,1,100,0,928,480,160,128,0,-176,-184,0,1,50,0,1088,368,40,240,0,-176,-216,0,1,50,0,1088,368,40,240,0,-176,-288,0,1,50,0,1088,368,40,240,0,-208,-88,0,1,100,0,928,368,160,112,0,-56,-182,0,0,100,0,112,1008,112,112,0,-174,-27,0,1,50,0,896,304,88,64,0,-120,-90,0,1,50,0,896,240,160,72,0,-280,-128,0,1,100,0,928,368,160,112,0,-246,-67,0,1,50,0,896,304,88,64,0,-56,-24,0,0,100,0,912,64,112,48,0,
0,6,-240,-16,0,1,100,0,928,384,160,96,0,-206,21,0,1,50,0,896,304,88,64,0,-208,-66,0,1,50,0,896,240,160,72,0,-280,-106,0,1,50,0,896,240,160,72,0,-56,-181,0,0,100,0,224,1008,112,112,0,-56,-24,0,0,100,0,912,64,112,48,0,
0,3,-240,-8,0,1,50,0,896,240,160,72,0,-48,-168,0,0,100,0,672,1008,112,104,0,-56,-24,0,0,100,0,912,64,112,48,0,
0,2,-48,-152,0,0,100,0,560,1008,112,104,0,-56,-24,0,0,100,0,800,64,112,48,0,
0,6,-48,-128,0,0,100,0,560,672,112,112,0,-56,-120,0,1,5,0,640,240,128,128,0,-50,-126,0,1,20,0,768,240,128,128,0,-51,-125,0,1,10,0,640,112,128,128,0,-59,-117,0,1,10,0,768,112,128,128,0,-56,-24,0,0,100,0,800,64,112,48,0,
0,6,-48,-120,0,0,100,0,336,0,112,112,0,-56,-120,0,1,25,0,640,240,128,128,0,-50,-126,0,1,25,0,768,240,128,128,0,-50,-126,0,1,10,0,640,112,128,128,0,-58,-118,0,1,40,0,768,112,128,128,0,-56,-24,0,0,100,0,800,64,112,48,0,
0,5,-48,-112,0,0,100,0,0,0,112,112,0,-56,-120,0,1,50,0,640,240,128,128,0,-50,-126,0,1,15,0,768,240,128,128,0,-57,-119,0,1,75,0,640,112,128,128,0,-56,-24,0,0,100,0,800,64,112,48,0,
0,0,
0,0,
0,0,
0,0,
0,0,
0,0,
0,0,
0,0,
0,0,
0,0,
0,0,
0,0,
0,0,
0,0,
0,0,
0,0,
0,5,-40,-112,0,0,100,0,0,784,112,112,0,-56,-120,0,1,50,0,640,240,128,128,0,-50,-126,0,1,20,0,768,240,128,128,0,-55,-121,0,1,75,0,768,112,128,128,0,-56,-24,0,0,100,0,800,64,112,48,0,
0,5,-40,-112,0,0,100,0,112,784,112,112,0,-56,-120,0,1,25,0,640,240,128,128,0,-50,-126,0,1,25,0,768,240,128,128,0,-54,-122,0,1,50,0,768,112,128,128,0,-56,-24,0,0,100,0,800,64,112,48,0,
0,15,-116,-4,0,1,50,0,1088,256,64,64,0,-84,-20,0,1,50,0,1088,256,64,64,0,-100,-52,0,1,50,0,1088,256,64,64,0,-132,-36,0,1,50,0,1088,256,64,64,0,-220,-84,0,1,50,0,1088,256,64,64,0,-180,-100,0,1,50,0,1088,256,64,64,0,-196,-132,0,1,50,0,1088,256,64,64,0,-228,-116,0,1,50,0,1088,256,64,64,0,-116,-36,0,1,50,0,784,608,80,80,0,-212,-116,0,1,50,0,784,608,80,80,0,-56,-112,0,0,100,0,224,784,112,112,0,-56,-120,0,1,10,0,640,240,128,128,0,-50,-126,0,1,15,0,768,240,128,128,0,-53,-123,0,1,25,0,768,112,128,128,0,-56,-24,0,0,100,0,800,64,112,48,0,
0,29,-116,-4,0,1,25,0,1088,256,64,64,0,-84,-20,0,1,25,0,1088,256,64,64,0,-100,-52,0,1,25,0,1088,256,64,64,0,-132,-36,0,1,25,0,1088,256,64,64,0,-220,-84,0,1,25,0,1088,256,64,64,0,-180,-100,0,1,25,0,1088,256,64,64,0,-196,-132,0,1,25,0,1088,256,64,64,0,-228,-116,0,1,25,0,1088,256,64,64,0,-120,-40,0,1,100,0,784,608,80,80,0,-208,-112,0,1,100,0,784,608,80,80,0,-120,-40,0,0,60,0,784,608,80,80,0,-208,-112,0,0,60,0,784,608,80,80,0,-128,-24,0,1,100,0,1088,256,64,64,0,-96,-24,0,1,100,0,1088,256,64,64,0,-104,-48,0,1,100,0,1088,256,64,64,0,-128,-40,0,1,100,0,1088,256,64,64,0,-216,-96,0,1,100,0,1088,256,64,64,0,-184,-96,0,1,100,0,1088,256,64,64,0,-192,-120,0,1,100,0,1088,256,64,64,0,-216,-112,0,1,100,0,1088,256,64,64,0,8,-104,0,1,100,0,1248,128,32,32,0,24,-96,0,1,100,0,1248,192,32,32,0,24,-136,0,1,100,0,1248,160,32,32,0,-48,-119,0,0,100,0,672,1232,112,112,0,-30,-133,0,0,100,0,672,1456,112,112,0,-10,-108,3,1,100,0,1248,128,32,32,0,-26,-124,3,1,100,0,1248,192,32,32,0,-26,-84,3,1,100,0,1248,160,32,32,0,-56,-24,0,0,100,0,800,64,112,48,0,
0,39,-172,-20,1,1,50,0,1088,256,64,64,0,-212,-12,1,1,50,0,1088,256,64,64,0,-212,-44,1,1,50,0,1088,256,64,64,0,-180,-44,1,1,50,0,1088,256,64,64,0,-204,-36,1,1,50,0,784,608,80,80,0,-108,-116,1,1,50,0,784,608,80,80,0,-76,-100,1,1,50,0,1088,256,64,64,0,-116,-92,1,1,50,0,1088,256,64,64,0,-116,-124,1,1,50,0,1088,256,64,64,0,-84,-124,1,1,50,0,1088,256,64,64,0,-144,-64,0,1,100,0,864,608,80,80,0,-176,-88,0,1,100,0,864,608,80,80,0,-144,-64,0,0,60,0,864,608,80,80,0,-176,-88,0,0,60,0,864,608,80,80,0,-144,-66,0,1,60,-90,1088,256,64,64,0,-144,-50,0,1,60,-90,1088,256,64,64,0,-136,-58,0,1,60,-90,1088,256,64,64,0,-136,-66,0,1,60,-90,1088,256,64,64,0,-176,-90,0,1,60,-90,1088,256,64,64,0,-176,-74,0,1,60,-90,1088,256,64,64,0,-168,-82,0,1,60,-90,1088,256,64,64,0,-168,-90,0,1,60,-90,1088,256,64,64,0,-128,-24,0,1,25,0,1088,256,64,64,0,-96,-24,0,1,25,0,1088,256,64,64,0,-104,-48,0,1,25,0,1088,256,64,64,0,-128,-40,0,1,25,0,1088,256,64,64,0,-216,-96,0,1,25,0,1088,256,64,64,0,-184,-96,0,1,25,0,1088,256,64,64,0,-192,-120,0,1,25,0,1088,256,64,64,0,-216,-112,0,1,25,0,1088,256,64,64,0,32,-108,0,1,100,0,1280,128,32,32,0,40,-88,0,1,100,0,1280,192,32,32,0,32,-144,0,1,100,0,1280,160,32,32,0,-48,-121,0,0,100,0,560,1232,112,112,0,-22,-131,0,0,100,0,560,1456,112,112,0,-2,-124,3,1,100,0,1280,128,32,32,0,-28,-132,3,1,100,0,1280,192,32,32,0,-42,-100,3,1,100,0,1280,160,32,32,0,-56,-24,0,0,100,0,800,64,112,48,0,
0,35,-200,-40,1,1,100,0,784,608,80,80,0,-112,-112,1,1,100,0,784,608,80,80,0,-200,-40,1,0,60,0,784,608,80,80,0,-112,-112,1,0,60,0,784,608,80,80,0,-176,-24,1,1,100,0,1088,256,64,64,0,-208,-24,1,1,100,0,1088,256,64,64,0,-200,-48,1,1,100,0,1088,256,64,64,0,-176,-40,1,1,100,0,1088,256,64,64,0,-88,-96,1,1,100,0,1088,256,64,64,0,-120,-96,1,1,100,0,1088,256,64,64,0,-112,-120,1,1,100,0,1088,256,64,64,0,-88,-112,1,1,100,0,1088,256,64,64,0,-160,-80,0,1,100,0,784,688,80,80,0,-144,-66,0,1,25,-90,1088,256,64,64,0,-144,-50,0,1,25,-90,1088,256,64,64,0,-136,-58,0,1,25,-90,1088,256,64,64,0,-136,-66,0,1,25,-90,1088,256,64,64,0,-176,-90,0,1,25,-90,1088,256,64,64,0,-176,-74,0,1,25,-90,1088,256,64,64,0,-168,-82,0,1,25,-90,1088,256,64,64,0,-168,-90,0,1,25,-90,1088,256,64,64,0,-160,-80,0,1,100,0,944,608,80,80,0,-160,-72,0,1,100,0,944,608,80,80,0,-160,-80,0,0,40,0,944,608,80,80,0,-160,-72,0,0,40,0,944,608,80,80,0,40,-112,0,1,50,0,1312,128,32,32,0,42,-86,0,1,50,0,1312,192,32,32,0,36,-144,0,1,50,0,1312,160,32,32,0,0,-76,2,1,50,0,1472,640,80,64,0,-48,-122,0,0,100,0,0,1232,112,112,0,-22,-132,0,0,100,0,0,1456,112,112,0,-1,-128,3,1,50,0,1312,128,32,32,0,-29,-136,3,1,50,0,1312,192,32,32,0,-46,-104,3,1,50,0,1312,160,32,32,0,-56,-24,0,0,100,0,800,64,112,48,0,
0,33,-176,-64,1,1,100,0,864,608,80,80,0,-144,-88,1,1,100,0,864,608,80,80,0,-176,-64,1,0,60,0,864,608,80,80,0,-144,-88,1,0,60,0,864,608,80,80,0,-160,-66,1,1,60,-270,1088,256,64,64,0,-160,-50,1,1,60,-270,1088,256,64,64,0,-168,-58,1,1,60,-270,1088,256,64,64,0,-168,-66,1,1,60,-270,1088,256,64,64,0,-128,-90,1,1,60,-270,1088,256,64,64,0,-128,-74,1,1,60,-270,1088,256,64,64,0,-136,-82,1,1,60,-270,1088,256,64,64,0,-136,-90,1,1,60,-270,1088,256,64,64,0,-176,-24,1,1,25,0,1088,256,64,64,0,-208,-24,1,1,25,0,1088,256,64,64,0,-200,-48,1,1,25,0,1088,256,64,64,0,-176,-40,1,1,25,0,1088,256,64,64,0,-88,-96,1,1,25,0,1088,256,64,64,0,-120,-96,1,1,25,0,1088,256,64,64,0,-112,-120,1,1,25,0,1088,256,64,64,0,-88,-112,1,1,25,0,1088,256,64,64,0,-112,-112,0,1,100,0,784,688,80,80,0,-208,-56,0,1,100,0,784,688,80,80,0,-160,-80,0,1,100,0,864,688,80,80,0,40,-112,0,1,25,0,1312,128,32,32,0,42,-86,0,1,25,0,1312,192,32,32,0,36,-144,0,1,25,0,1312,160,32,32,0,0,-77,2,1,80,0,1472,640,80,64,0,-48,-123,0,0,100,0,0,1232,112,112,0,-22,-133,0,0,100,0,0,1456,112,112,0,-1,-128,3,1,25,0,1312,128,32,32,0,-29,-136,3,1,25,0,1312,192,32,32,0,-46,-104,3,1,25,0,1312,160,32,32,0,-56,-24,0,0,100,0,800,64,112,48,0,
0,22,-160,-66,1,1,25,-270,1088,256,64,64,0,-160,-50,1,1,25,-270,1088,256,64,64,0,-168,-58,1,1,25,-270,1088,256,64,64,0,-168,-66,1,1,25,-270,1088,256,64,64,0,-128,-90,1,1,25,-270,1088,256,64,64,0,-128,-74,1,1,25,-270,1088,256,64,64,0,-136,-82,1,1,25,-270,1088,256,64,64,0,-136,-90,1,1,25,-270,1088,256,64,64,0,-160,-80,0,1,100,0,944,608,80,80,0,-160,-72,0,1,100,0,944,608,80,80,0,-160,-80,0,0,40,0,944,608,80,80,0,-160,-72,0,0,40,0,944,608,80,80,0,-160,-80,0,1,100,0,784,688,80,80,0,-160,-80,0,1,100,0,944,608,80,80,0,-160,-72,0,1,100,0,944,608,80,80,0,-112,-112,0,1,100,0,864,688,80,80,0,-208,-56,0,1,100,0,864,688,80,80,0,-160,-80,0,1,100,0,944,688,80,80,0,0,-78,2,1,100,0,1552,640,80,64,0,-48,-124,0,0,100,0,112,1232,112,112,0,-22,-134,0,0,100,0,112,1456,112,112,0,-56,-24,0,0,100,0,800,64,112,48,0,
0,10,-208,-112,1,1,100,0,784,688,80,80,0,-112,-56,1,1,100,0,784,688,80,80,0,-160,-80,1,1,100,0,864,688,80,80,0,-112,-112,0,1,100,0,944,688,80,80,0,-208,-56,0,1,100,0,944,688,80,80,0,-160,-80,0,1,50,0,1024,688,80,80,0,0,-79,2,1,100,0,1552,640,80,64,0,-48,-125,0,0,100,0,112,1232,112,112,0,-22,-135,0,0,100,0,112,1456,112,112,0,-56,-24,0,0,100,0,800,64,112,48,0,
0,23,-152,-176,0,1,100,0,784,688,80,80,0,-208,-112,1,1,100,0,944,688,80,80,0,-112,-56,1,1,100,0,944,688,80,80,0,-160,-80,1,1,50,0,1024,688,80,80,0,-112,-112,0,1,50,0,1024,688,80,80,0,-141,-91,1,1,60,0,1232,256,96,120,0,-203,-91,0,1,60,0,1232,256,96,120,0,-144,-88,1,0,70,0,1232,256,96,120,0,-200,-88,0,0,70,0,1232,256,96,120,0,-116,-65,1,1,60,0,1152,184,96,72,0,-228,-65,0,1,60,0,1152,184,96,72,0,-120,-64,1,0,70,0,1152,184,96,72,0,-224,-64,0,0,70,0,1152,184,96,72,0,-168,-200,0,1,100,0,984,992,112,152,0,-192,-200,0,1,100,0,984,992,112,152,0,-176,-224,0,1,100,0,984,992,112,152,0,-168,-144,0,0,60,0,984,992,112,152,0,-192,-144,0,0,60,0,984,992,112,152,0,-176,-168,0,0,60,0,984,992,112,152,0,0,-80,2,1,100,0,1472,704,80,64,0,-48,-126,0,0,100,0,224,1232,112,112,0,-22,-136,0,0,100,0,224,1456,112,112,0,-56,-24,0,0,100,0,800,64,112,48,0,
0,38,-184,-8,0,1,50,0,1024,192,128,48,0,-224,-16,0,1,50,0,1024,192,128,48,0,-136,-16,0,1,50,0,1024,192,128,48,0,-96,-264,0,1,100,0,784,688,80,80,0,-152,-176,0,1,100,0,864,688,80,80,0,-240,-200,0,1,100,0,784,688,80,80,0,-188,20,0,1,50,0,1088,256,64,64,0,-148,12,0,1,50,0,1088,256,64,64,0,-164,-20,0,1,50,0,1088,256,64,64,0,-196,-4,0,1,50,0,1088,256,64,64,0,-284,-60,0,1,50,0,1088,256,64,64,0,-244,-68,0,1,50,0,1088,256,64,64,0,-260,-100,0,1,50,0,1088,256,64,64,0,-292,-84,0,1,50,0,1088,256,64,64,0,-180,-4,0,1,50,0,784,608,80,80,0,-276,-84,0,1,50,0,784,608,80,80,0,-208,-112,1,1,50,0,1024,688,80,80,0,-112,-56,1,1,50,0,1024,688,80,80,0,-184,-112,0,1,100,0,984,992,112,152,0,-184,-112,0,0,40,0,984,992,112,152,0,-144,-88,1,1,100,0,1232,256,96,120,0,-200,-88,0,1,100,0,1232,256,96,120,0,-120,-64,1,1,100,0,1152,184,96,72,0,-224,-64,0,1,100,0,1152,184,96,72,0,-144,-88,1,0,40,0,1232,256,96,120,0,-200,-88,0,0,40,0,1232,256,96,120,0,-120,-64,1,0,40,0,1152,184,96,72,0,-224,-64,0,0,40,0,1152,184,96,72,0,-202,-164,0,1,100,0,1416,784,160,184,0,-200,-160,0,0,80,0,800,784,160,184,0,-202,-308,0,1,100,0,1416,784,160,184,0,-200,-304,0,0,80,0,800,784,160,184,0,-202,-452,0,1,100,0,1416,784,160,184,0,-200,-448,0,0,80,0,800,784,160,184,0,0,-81,2,1,100,0,1472,704,80,64,0,-48,-127,0,0,100,0,224,1232,112,112,0,-22,-137,0,0,100,0,224,1456,112,112,0,-56,-24,0,0,100,0,800,64,112,48,0,
0,47,-184,-8,0,1,100,0,784,608,80,80,0,-272,-80,0,1,100,0,784,608,80,80,0,-184,-8,0,0,60,0,784,608,80,80,0,-272,-80,0,0,60,0,784,608,80,80,0,-188,20,0,1,25,0,1088,256,64,64,0,-148,12,0,1,25,0,1088,256,64,64,0,-164,-20,0,1,25,0,1088,256,64,64,0,-196,-4,0,1,25,0,1088,256,64,64,0,-284,-60,0,1,25,0,1088,256,64,64,0,-244,-68,0,1,25,0,1088,256,64,64,0,-260,-100,0,1,25,0,1088,256,64,64,0,-292,-84,0,1,25,0,1088,256,64,64,0,-192,8,0,1,100,0,1088,256,64,64,0,-160,8,0,1,100,0,1088,256,64,64,0,-168,-16,0,1,100,0,1088,256,64,64,0,-192,-8,0,1,100,0,1088,256,64,64,0,-280,-64,0,1,100,0,1088,256,64,64,0,-248,-64,0,1,100,0,1088,256,64,64,0,-256,-88,0,1,100,0,1088,256,64,64,0,-280,-80,0,1,100,0,1088,256,64,64,0,-184,-312,0,1,100,0,784,688,80,80,0,-96,-264,0,1,100,0,864,688,80,80,0,-152,-176,0,1,100,0,944,688,80,80,0,-240,-200,0,1,100,0,864,688,80,80,0,-184,-8,0,1,100,0,896,112,128,48,0,-224,-16,0,1,100,0,896,112,128,48,0,-136,-16,0,1,100,0,896,112,128,48,0,-184,-112,0,1,100,0,984,992,112,152,0,-184,-112,0,0,40,0,984,992,112,152,0,-144,-88,1,1,100,0,1232,256,96,120,0,-200,-88,0,1,100,0,1232,256,96,120,0,-120,-64,1,1,100,0,1152,184,96,72,0,-224,-64,0,1,100,0,1152,184,96,72,0,-144,-88,1,0,40,0,1232,256,96,120,0,-200,-88,0,0,40,0,1232,256,96,120,0,-120,-64,1,0,40,0,1152,184,96,72,0,-224,-64,0,0,40,0,1152,184,96,72,0,-200,-162,0,1,100,0,1416,784,160,184,0,-200,-160,0,0,60,0,800,784,160,184,0,-200,-306,0,1,100,0,1416,784,160,184,0,-200,-304,0,0,60,0,800,784,160,184,0,-200,-450,0,1,100,0,1416,784,160,184,0,-200,-448,0,0,60,0,800,784,160,184,0,0,-82,2,1,100,0,1552,704,80,64,0,-48,-128,0,0,100,0,336,1232,112,112,0,-22,-138,0,0,100,0,336,1456,112,112,0,-56,-24,0,0,100,0,800,64,112,48,0,
0,57,-276,-4,1,1,50,0,784,608,80,80,0,-180,-84,1,1,50,0,784,608,80,80,0,-252,12,1,1,50,0,1088,256,64,64,0,-284,12,1,1,50,0,1088,256,64,64,0,-276,-12,1,1,50,0,1088,256,64,64,0,-252,-4,1,1,50,0,1088,256,64,64,0,-156,-68,1,1,50,0,1088,256,64,64,0,-188,-68,1,1,50,0,1088,256,64,64,0,-180,-92,1,1,50,0,1088,256,64,64,0,-156,-84,1,1,50,0,1088,256,64,64,0,-216,-32,0,1,100,0,864,608,80,80,0,-248,-56,0,1,100,0,864,608,80,80,0,-216,-32,0,0,60,0,864,608,80,80,0,-248,-56,0,0,60,0,864,608,80,80,0,-216,-34,0,1,60,-90,1088,256,64,64,0,-216,-18,0,1,60,-90,1088,256,64,64,0,-208,-26,0,1,60,-90,1088,256,64,64,0,-208,-34,0,1,60,-90,1088,256,64,64,0,-248,-58,0,1,60,-90,1088,256,64,64,0,-248,-42,0,1,60,-90,1088,256,64,64,0,-240,-50,0,1,60,-90,1088,256,64,64,0,-240,-58,0,1,60,-90,1088,256,64,64,0,-200,8,0,1,25,0,1088,256,64,64,0,-168,8,0,1,25,0,1088,256,64,64,0,-176,-16,0,1,25,0,1088,256,64,64,0,-200,-8,0,1,25,0,1088,256,64,64,0,-288,-64,0,1,25,0,1088,256,64,64,0,-256,-64,0,1,25,0,1088,256,64,64,0,-264,-88,0,1,25,0,1088,256,64,64,0,-288,-80,0,1,25,0,1088,256,64,64,0,-184,-8,0,1,100,0,896,112,128,48,0,-224,-16,0,1,100,0,896,112,128,48,0,-136,-16,0,1,100,0,896,112,128,48,0,-184,-312,0,1,100,0,864,688,80,80,0,-96,-264,0,1,100,0,944,688,80,80,0,-152,-176,0,1,100,0,1024,688,80,80,0,-240,-200,0,1,100,0,944,688,80,80,0,-184,-112,0,1,100,0,984,992,112,152,0,-184,-112,0,0,40,0,984,992,112,152,0,-144,-88,1,1,100,0,1232,256,96,120,0,-200,-88,0,1,100,0,1232,256,96,120,0,-120,-64,1,1,100,0,1152,184,96,72,0,-224,-64,0,1,100,0,1152,184,96,72,0,-144,-88,1,0,40,0,1232,256,96,120,0,-200,-88,0,0,40,0,1232,256,96,120,0,-120,-64,1,0,40,0,1152,184,96,72,0,-224,-64,0,0,40,0,1152,184,96,72,0,-200,-160,0,1,100,0,800,784,160,184,0,-200,-160,0,0,40,0,800,784,160,184,0,-200,-304,0,1,100,0,800,784,160,184,0,-200,-304,0,0,40,0,800,784,160,184,0,-200,-448,0,1,100,0,800,784,160,184,0,-200,-448,0,0,40,0,800,784,160,184,0,0,-83,2,1,100,0,1552,704,80,64,0,-48,-129,0,0,100,0,336,1232,112,112,0,-22,-139,0,0,100,0,336,1456,112,112,0,-56,-24,0,0,100,0,800,64,112,48,0,
0,54,-272,-8,1,1,100,0,784,608,80,80,0,-184,-80,1,1,100,0,784,608,80,80,0,-272,-8,1,0,60,0,784,608,80,80,0,-184,-80,1,0,60,0,784,608,80,80,0,-248,8,1,1,100,0,1088,256,64,64,0,-280,8,1,1,100,0,1088,256,64,64,0,-272,-16,1,1,100,0,1088,256,64,64,0,-248,-8,1,1,100,0,1088,256,64,64,0,-160,-64,1,1,100,0,1088,256,64,64,0,-192,-64,1,1,100,0,1088,256,64,64,0,-184,-88,1,1,100,0,1088,256,64,64,0,-160,-80,1,1,100,0,1088,256,64,64,0,-184,-8,0,1,100,0,1024,112,128,48,0,-224,-16,0,1,100,0,1024,112,128,48,0,-136,-16,0,1,100,0,1024,112,128,48,0,-184,-312,0,1,100,0,944,688,80,80,0,-96,-264,0,1,100,0,1024,688,80,80,0,-240,-200,0,1,100,0,1024,688,80,80,0,-184,-112,0,1,100,0,984,992,112,152,0,-184,-112,0,0,40,0,984,992,112,152,0,-144,-88,1,1,100,0,1232,256,96,120,0,-200,-88,0,1,100,0,1232,256,96,120,0,-120,-64,1,1,100,0,1152,184,96,72,0,-224,-64,0,1,100,0,1152,184,96,72,0,-144,-88,1,0,40,0,1232,256,96,120,0,-200,-88,0,0,40,0,1232,256,96,120,0,-120,-64,1,0,40,0,1152,184,96,72,0,-224,-64,0,0,40,0,1152,184,96,72,0,-232,-48,0,1,100,0,784,688,80,80,0,-232,-48,0,1,100,0,944,608,80,80,0,-232,-40,0,1,100,0,944,608,80,80,0,-232,-48,0,0,40,0,944,608,80,80,0,-232,-40,0,0,40,0,944,608,80,80,0,-232,-48,0,1,100,0,784,688,80,80,0,-232,-48,0,1,100,0,944,608,80,80,0,-232,-40,0,1,100,0,944,608,80,80,0,-232,-34,1,1,25,-270,1088,256,64,64,0,-232,-18,1,1,25,-270,1088,256,64,64,0,-240,-26,1,1,25,-270,1088,256,64,64,0,-240,-34,1,1,25,-270,1088,256,64,64,0,-200,-58,1,1,25,-270,1088,256,64,64,0,-200,-42,1,1,25,-270,1088,256,64,64,0,-208,-50,1,1,25,-270,1088,256,64,64,0,-208,-58,1,1,25,-270,1088,256,64,64,0,-200,-160,0,1,100,0,800,784,160,184,0,-200,-160,0,0,40,0,800,784,160,184,0,-200,-304,0,1,100,0,800,784,160,184,0,-200,-304,0,0,40,0,800,784,160,184,0,-200,-448,0,1,100,0,800,784,160,184,0,-200,-448,0,0,40,0,800,784,160,184,0,0,-84,2,1,100,0,1472,640,80,64,0,-48,-130,0,0,100,0,448,1232,112,112,0,-22,-140,0,0,100,0,448,1456,112,112,0,-56,-24,0,0,100,0,800,64,112,48,0,
0,47,-240,-32,1,1,100,0,864,608,80,80,0,-208,-56,1,1,100,0,864,608,80,80,0,-240,-32,1,0,60,0,864,608,80,80,0,-208,-56,1,0,60,0,864,608,80,80,0,-216,-42,1,1,60,-270,1088,256,64,64,0,-216,-26,1,1,60,-270,1088,256,64,64,0,-224,-34,1,1,60,-270,1088,256,64,64,0,-224,-42,1,1,60,-270,1088,256,64,64,0,-184,-66,1,1,60,-270,1088,256,64,64,0,-184,-50,1,1,60,-270,1088,256,64,64,0,-192,-58,1,1,60,-270,1088,256,64,64,0,-192,-66,1,1,60,-270,1088,256,64,64,0,-232,0,1,1,25,0,1088,256,64,64,0,-264,0,1,1,25,0,1088,256,64,64,0,-256,-24,1,1,25,0,1088,256,64,64,0,-232,-16,1,1,25,0,1088,256,64,64,0,-184,-112,0,1,100,0,984,992,112,152,0,-184,-112,0,0,40,0,984,992,112,152,0,-144,-72,1,1,25,0,1088,256,64,64,0,-176,-72,1,1,25,0,1088,256,64,64,0,-168,-96,1,1,25,0,1088,256,64,64,0,-144,-88,1,1,25,0,1088,256,64,64,0,-184,-312,0,1,100,0,1024,688,80,80,0,-184,-8,0,1,100,0,1024,112,128,48,0,-224,-16,0,1,100,0,1024,112,128,48,0,-136,-16,0,1,100,0,1024,112,128,48,0,-144,-88,1,1,100,0,1232,256,96,120,0,-200,-88,0,1,100,0,1232,256,96,120,0,-120,-64,1,1,100,0,1152,184,96,72,0,-224,-64,0,1,100,0,1152,184,96,72,0,-144,-88,1,0,40,0,1232,256,96,120,0,-200,-88,0,0,40,0,1232,256,96,120,0,-120,-64,1,0,40,0,1152,184,96,72,0,-224,-64,0,0,40,0,1152,184,96,72,0,-176,-80,0,1,100,0,784,688,80,80,0,-272,-24,0,1,100,0,784,688,80,80,0,-224,-48,0,1,100,0,864,688,80,80,0,-200,-160,0,1,100,0,800,784,160,184,0,-200,-160,0,0,40,0,800,784,160,184,0,-200,-304,0,1,100,0,800,784,160,184,0,-200,-304,0,0,40,0,800,784,160,184,0,-200,-448,0,1,100,0,800,784,160,184,0,-200,-448,0,0,40,0,800,784,160,184,0,0,-85,2,1,100,0,1472,640,80,64,0,-48,-131,0,0,100,0,448,1232,112,112,0,-22,-141,0,0,100,0,448,1456,112,112,0,-56,-24,0,0,100,0,800,64,112,48,0,
0,42,-224,-34,1,1,25,-270,1088,256,64,64,0,-224,-18,1,1,25,-270,1088,256,64,64,0,-232,-26,1,1,25,-270,1088,256,64,64,0,-232,-34,1,1,25,-270,1088,256,64,64,0,-192,-58,1,1,25,-270,1088,256,64,64,0,-192,-42,1,1,25,-270,1088,256,64,64,0,-200,-50,1,1,25,-270,1088,256,64,64,0,-200,-58,1,1,25,-270,1088,256,64,64,0,-224,-48,0,1,100,0,784,688,80,80,0,-224,-48,0,1,100,0,944,608,80,80,0,-224,-40,0,1,100,0,944,608,80,80,0,-224,-48,0,0,40,0,944,608,80,80,0,-224,-40,0,0,40,0,944,608,80,80,0,-224,-48,0,1,100,0,784,688,80,80,0,-224,-48,0,1,100,0,944,608,80,80,0,-224,-40,0,1,100,0,944,608,80,80,0,-184,-8,0,1,100,0,896,192,128,48,0,-224,-16,0,1,100,0,896,192,128,48,0,-136,-16,0,1,100,0,896,192,128,48,0,-176,-80,0,1,100,0,864,688,80,80,0,-272,-24,0,1,100,0,864,688,80,80,0,-224,-48,0,1,100,0,944,688,80,80,0,-184,-112,0,1,100,0,984,992,112,152,0,-184,-112,0,0,40,0,984,992,112,152,0,-144,-88,1,1,100,0,1232,256,96,120,0,-200,-88,0,1,100,0,1232,256,96,120,0,-120,-64,1,1,100,0,1152,184,96,72,0,-224,-64,0,1,100,0,1152,184,96,72,0,-144,-88,1,0,40,0,1232,256,96,120,0,-200,-88,0,0,40,0,1232,256,96,120,0,-120,-64,1,0,40,0,1152,184,96,72,0,-224,-64,0,0,40,0,1152,184,96,72,0,-200,-160,0,1,100,0,800,784,160,184,0,-200,-160,0,0,40,0,800,784,160,184,0,-200,-304,0,1,100,0,800,784,160,184,0,-200,-304,0,0,40,0,800,784,160,184,0,-200,-448,0,1,100,0,800,784,160,184,0,-200,-448,0,0,40,0,800,784,160,184,0,0,-86,2,1,100,0,1552,640,80,64,0,-48,-132,0,0,100,0,560,1232,112,112,0,-22,-142,0,0,100,0,560,1456,112,112,0,-56,-24,0,0,100,0,800,64,112,48,0,
0,44,-256,-200,0,1,100,0,784,688,80,80,0,-272,-80,1,1,100,0,784,688,80,80,0,-176,-24,1,1,100,0,784,688,80,80,0,-224,-48,1,1,100,0,864,688,80,80,0,-176,-80,0,1,100,0,944,688,80,80,0,-272,-24,0,1,100,0,944,688,80,80,0,-224,-48,0,1,50,0,1024,688,80,80,0,-206,-66,1,1,60,0,1232,256,96,120,0,-266,-66,0,1,60,0,1232,256,96,120,0,-208,-64,1,0,70,0,1232,256,96,120,0,-264,-64,0,0,70,0,1232,256,96,120,0,-180,-42,1,1,60,0,1152,184,96,72,0,-292,-42,0,1,60,0,1152,184,96,72,0,-184,-40,1,0,70,0,1152,184,96,72,0,-288,-40,0,0,70,0,1152,184,96,72,0,-224,-184,0,1,100,0,984,992,112,152,0,-248,-184,0,1,100,0,984,992,112,152,0,-232,-216,0,1,100,0,984,992,112,152,0,-224,-128,0,0,60,0,984,992,112,152,0,-248,-128,0,0,60,0,984,992,112,152,0,-232,-160,0,0,60,0,984,992,112,152,0,-184,-8,0,1,50,0,1024,192,128,48,0,-224,-16,0,1,50,0,1024,192,128,48,0,-136,-16,0,1,50,0,1024,192,128,48,0,-184,-112,0,1,100,0,984,992,112,152,0,-184,-112,0,0,40,0,984,992,112,152,0,-144,-88,1,1,100,0,1232,256,96,120,0,-200,-88,0,1,100,0,1232,256,96,120,0,-120,-64,1,1,100,0,1152,184,96,72,0,-224,-64,0,1,100,0,1152,184,96,72,0,-144,-88,1,0,40,0,1232,256,96,120,0,-200,-88,0,0,40,0,1232,256,96,120,0,-120,-64,1,0,40,0,1152,184,96,72,0,-224,-64,0,0,40,0,1152,184,96,72,0,-200,-160,0,1,100,0,800,784,160,184,0,-200,-160,0,0,40,0,800,784,160,184,0,-200,-304,0,1,100,0,800,784,160,184,0,-200,-304,0,0,40,0,800,784,160,184,0,-200,-448,0,1,100,0,800,784,160,184,0,-200,-448,0,0,40,0,800,784,160,184,0,0,-87,2,1,100,0,1552,640,80,64,0,-48,-133,0,0,100,0,560,1232,112,112,0,-22,-143,0,0,100,0,560,1456,112,112,0,-56,-24,0,0,100,0,800,64,112,48,0,
0,52,-304,-256,0,1,100,0,784,688,80,80,0,-256,-200,0,1,100,0,864,688,80,80,0,-248,16,0,1,50,0,1024,192,128,48,0,-288,8,0,1,50,0,1024,192,128,48,0,-200,8,0,1,50,0,1024,192,128,48,0,-272,-80,1,1,100,0,944,688,80,80,0,-176,-24,1,1,100,0,944,688,80,80,0,-224,-48,1,1,50,0,1024,688,80,80,0,-272,-24,0,1,50,0,1024,688,80,80,0,-176,-80,0,1,50,0,1024,688,80,80,0,-248,-96,0,1,100,0,984,992,112,152,0,-248,-96,0,0,40,0,984,992,112,152,0,-208,-64,1,1,100,0,1232,256,96,120,0,-264,-64,0,1,100,0,1232,256,96,120,0,-184,-40,1,1,100,0,1152,184,96,72,0,-288,-40,0,1,100,0,1152,184,96,72,0,-208,-64,1,0,40,0,1232,256,96,120,0,-264,-64,0,0,40,0,1232,256,96,120,0,-184,-40,1,0,40,0,1152,184,96,72,0,-288,-40,0,0,40,0,1152,184,96,72,0,-266,-133,0,1,100,0,1416,784,160,184,0,-264,-131,0,1,100,0,1416,784,160,184,0,-264,-128,0,0,80,0,800,784,160,184,0,-266,-269,0,1,100,0,1416,784,160,184,0,-264,-267,0,1,100,0,1416,784,160,184,0,-264,-264,0,0,80,0,800,784,160,184,0,-266,-413,0,1,100,0,1416,784,160,184,0,-264,-411,0,1,100,0,1416,784,160,184,0,-264,-408,0,0,80,0,800,784,160,184,0,-184,-112,0,1,100,0,984,992,112,152,0,-184,-112,0,0,40,0,984,992,112,152,0,-144,-88,1,1,100,0,1232,256,96,120,0,-200,-88,0,1,100,0,1232,256,96,120,0,-120,-64,1,1,100,0,1152,184,96,72,0,-224,-64,0,1,100,0,1152,184,96,72,0,-184,-8,0,1,25,0,1024,192,128,48,0,-224,-16,0,1,25,0,1024,192,128,48,0,-136,-16,0,1,25,0,1024,192,128,48,0,-144,-88,1,0,40,0,1232,256,96,120,0,-200,-88,0,0,40,0,1232,256,96,120,0,-120,-64,1,0,40,0,1152,184,96,72,0,-224,-64,0,0,40,0,1152,184,96,72,0,-200,-160,0,1,100,0,800,784,160,184,0,-200,-160,0,0,40,0,800,784,160,184,0,-200,-304,0,1,100,0,800,784,160,184,0,-200,-304,0,0,40,0,800,784,160,184,0,-200,-448,0,1,100,0,800,784,160,184,0,-200,-448,0,0,40,0,800,784,160,184,0,0,-88,2,1,100,0,1472,704,80,64,0,-48,-134,0,0,100,0,0,1232,112,112,0,-22,-144,0,0,100,0,0,1456,112,112,0,-56,-24,0,0,100,0,800,64,112,48,0,
0,49,-176,-296,0,1,100,0,784,688,80,80,0,-304,-256,0,1,100,0,864,688,80,80,0,-256,-200,0,1,100,0,944,688,80,80,0,-248,16,0,1,50,0,1024,192,128,48,0,-288,8,0,1,50,0,1024,192,128,48,0,-200,8,0,1,50,0,1024,192,128,48,0,-272,-80,1,1,50,0,1024,688,80,80,0,-176,-24,1,1,50,0,1024,688,80,80,0,-248,-96,0,1,100,0,984,992,112,152,0,-248,-96,0,0,40,0,984,992,112,152,0,-208,-64,1,1,100,0,1232,256,96,120,0,-264,-64,0,1,100,0,1232,256,96,120,0,-184,-40,1,1,100,0,1152,184,96,72,0,-288,-40,0,1,100,0,1152,184,96,72,0,-208,-64,1,0,40,0,1232,256,96,120,0,-264,-64,0,0,40,0,1232,256,96,120,0,-184,-40,1,0,40,0,1152,184,96,72,0,-288,-40,0,0,40,0,1152,184,96,72,0,-264,-130,0,1,100,0,1416,784,160,184,0,-264,-128,0,0,60,0,800,784,160,184,0,-264,-266,0,1,100,0,1416,784,160,184,0,-264,-264,0,0,60,0,800,784,160,184,0,-264,-410,0,1,100,0,1416,784,160,184,0,-264,-408,0,0,60,0,800,784,160,184,0,-184,-112,0,1,100,0,984,992,112,152,0,-184,-112,0,0,40,0,984,992,112,152,0,-144,-88,1,1,100,0,1232,256,96,120,0,-200,-88,0,1,100,0,1232,256,96,120,0,-120,-64,1,1,100,0,1152,184,96,72,0,-224,-64,0,1,100,0,1152,184,96,72,0,-144,-88,1,0,40,0,1232,256,96,120,0,-200,-88,0,0,40,0,1232,256,96,120,0,-120,-64,1,0,40,0,1152,184,96,72,0,-224,-64,0,0,40,0,1152,184,96,72,0,-200,-160,0,1,100,0,800,784,160,184,0,-200,-160,0,0,40,0,800,784,160,184,0,-200,-304,0,1,100,0,800,784,160,184,0,-200,-304,0,0,40,0,800,784,160,184,0,-200,-448,0,1,100,0,800,784,160,184,0,-200,-448,0,0,40,0,800,784,160,184,0,0,-89,2,1,100,0,1472,704,80,64,0,-48,-135,0,0,100,0,0,1232,112,112,0,-22,-145,0,0,100,0,0,1456,112,112,0,-348,-116,0,1,50,0,784,608,80,80,0,-356,-100,0,1,25,0,1088,256,64,64,0,-324,-100,0,1,25,0,1088,256,64,64,0,-332,-124,0,1,25,0,1088,256,64,64,0,-356,-116,0,1,25,0,1088,256,64,64,0,-56,-24,0,0,100,0,800,64,112,48,0,
0,54,-176,-296,0,1,100,0,864,688,80,80,0,-304,-256,0,1,100,0,944,688,80,80,0,-256,-200,0,1,100,0,1024,688,80,80,0,-248,16,0,1,100,0,896,112,128,48,0,-288,8,0,1,100,0,896,112,128,48,0,-200,8,0,1,100,0,896,112,128,48,0,-248,-96,0,1,100,0,984,992,112,152,0,-248,-96,0,0,40,0,984,992,112,152,0,-208,-64,1,1,100,0,1232,256,96,120,0,-264,-64,0,1,100,0,1232,256,96,120,0,-184,-40,1,1,100,0,1152,184,96,72,0,-288,-40,0,1,100,0,1152,184,96,72,0,-208,-64,1,0,40,0,1232,256,96,120,0,-264,-64,0,0,40,0,1232,256,96,120,0,-184,-40,1,0,40,0,1152,184,96,72,0,-288,-40,0,0,40,0,1152,184,96,72,0,-264,-128,0,1,100,0,800,784,160,184,0,-264,-128,0,0,40,0,800,784,160,184,0,-264,-264,0,1,100,0,800,784,160,184,0,-264,-264,0,0,40,0,800,784,160,184,0,-264,-408,0,1,100,0,800,784,160,184,0,-264,-408,0,0,40,0,800,784,160,184,0,-184,-112,0,1,100,0,984,992,112,152,0,-184,-112,0,0,40,0,984,992,112,152,0,-144,-88,1,1,100,0,1232,256,96,120,0,-200,-88,0,1,100,0,1232,256,96,120,0,-120,-64,1,1,100,0,1152,184,96,72,0,-224,-64,0,1,100,0,1152,184,96,72,0,-144,-88,1,0,40,0,1232,256,96,120,0,-200,-88,0,0,40,0,1232,256,96,120,0,-120,-64,1,0,40,0,1152,184,96,72,0,-224,-64,0,0,40,0,1152,184,96,72,0,-200,-160,0,1,100,0,800,784,160,184,0,-200,-160,0,0,40,0,800,784,160,184,0,-200,-304,0,1,100,0,800,784,160,184,0,-200,-304,0,0,40,0,800,784,160,184,0,-200,-448,0,1,100,0,800,784,160,184,0,-200,-448,0,0,40,0,800,784,160,184,0,0,-90,2,1,100,0,1552,704,80,64,0,-48,-136,0,0,100,0,112,1232,112,112,0,-22,-146,0,0,100,0,112,1456,112,112,0,-256,-40,0,1,100,0,784,608,80,80,0,-344,-112,0,1,100,0,784,608,80,80,0,-256,-40,0,0,60,0,784,608,80,80,0,-344,-112,0,0,60,0,784,608,80,80,0,-264,-24,0,1,100,0,1088,256,64,64,0,-232,-24,0,1,100,0,1088,256,64,64,0,-240,-48,0,1,100,0,1088,256,64,64,0,-264,-40,0,1,100,0,1088,256,64,64,0,-352,-96,0,1,100,0,1088,256,64,64,0,-320,-96,0,1,100,0,1088,256,64,64,0,-328,-120,0,1,100,0,1088,256,64,64,0,-352,-112,0,1,100,0,1088,256,64,64,0,-56,-24,0,0,100,0,800,64,112,48,0,
0,66,-176,-296,0,1,100,0,944,688,80,80,0,-304,-256,0,1,100,0,1024,688,80,80,0,-248,16,0,1,100,0,896,112,128,48,0,-288,8,0,1,100,0,896,112,128,48,0,-200,8,0,1,100,0,896,112,128,48,0,-248,-96,0,1,100,0,984,992,112,152,0,-248,-96,0,0,40,0,984,992,112,152,0,-208,-64,1,1,100,0,1232,256,96,120,0,-264,-64,0,1,100,0,1232,256,96,120,0,-184,-40,1,1,100,0,1152,184,96,72,0,-288,-40,0,1,100,0,1152,184,96,72,0,-208,-64,1,0,40,0,1232,256,96,120,0,-264,-64,0,0,40,0,1232,256,96,120,0,-184,-40,1,0,40,0,1152,184,96,72,0,-288,-40,0,0,40,0,1152,184,96,72,0,-264,-128,0,1,100,0,800,784,160,184,0,-264,-128,0,0,40,0,800,784,160,184,0,-264,-264,0,1,100,0,800,784,160,184,0,-264,-264,0,0,40,0,800,784,160,184,0,-264,-408,0,1,100,0,800,784,160,184,0,-264,-408,0,0,40,0,800,784,160,184,0,-184,-112,0,1,100,0,984,992,112,152,0,-184,-112,0,0,40,0,984,992,112,152,0,-144,-88,1,1,100,0,1232,256,96,120,0,-200,-88,0,1,100,0,1232,256,96,120,0,-120,-64,1,1,100,0,1152,184,96,72,0,-224,-64,0,1,100,0,1152,184,96,72,0,-144,-88,1,0,40,0,1232,256,96,120,0,-200,-88,0,0,40,0,1232,256,96,120,0,-120,-64,1,0,40,0,1152,184,96,72,0,-224,-64,0,0,40,0,1152,184,96,72,0,-200,-160,0,1,100,0,800,784,160,184,0,-200,-160,0,0,40,0,800,784,160,184,0,-200,-304,0,1,100,0,800,784,160,184,0,-200,-304,0,0,40,0,800,784,160,184,0,-200,-448,0,1,100,0,800,784,160,184,0,-200,-448,0,0,40,0,800,784,160,184,0,0,-90,2,1,100,0,1552,704,80,64,0,-48,-137,0,0,100,0,112,1232,112,112,0,-22,-147,0,0,100,0,112,1456,112,112,0,-316,-20,1,1,25,0,1088,256,64,64,0,-348,-20,1,1,25,0,1088,256,64,64,0,-340,-44,1,1,25,0,1088,256,64,64,0,-316,-36,1,1,25,0,1088,256,64,64,0,-340,-36,1,1,50,0,784,608,80,80,0,-280,-64,0,1,100,0,864,608,80,80,0,-312,-88,0,1,100,0,864,608,80,80,0,-280,-64,0,0,60,0,864,608,80,80,0,-312,-88,0,0,60,0,864,608,80,80,0,-280,-66,0,1,60,-90,1088,256,64,64,0,-280,-50,0,1,60,-90,1088,256,64,64,0,-272,-58,0,1,60,-90,1088,256,64,64,0,-272,-66,0,1,60,-90,1088,256,64,64,0,-312,-90,0,1,60,-90,1088,256,64,64,0,-312,-74,0,1,60,-90,1088,256,64,64,0,-304,-82,0,1,60,-90,1088,256,64,64,0,-304,-90,0,1,60,-90,1088,256,64,64,0,-264,-24,0,1,25,0,1088,256,64,64,0,-232,-24,0,1,25,0,1088,256,64,64,0,-240,-48,0,1,25,0,1088,256,64,64,0,-264,-40,0,1,25,0,1088,256,64,64,0,-352,-96,0,1,25,0,1088,256,64,64,0,-320,-96,0,1,25,0,1088,256,64,64,0,-328,-120,0,1,25,0,1088,256,64,64,0,-352,-112,0,1,25,0,1088,256,64,64,0,-56,-24,0,0,100,0,800,64,112,48,0,
0,65,-176,-296,0,1,100,0,1024,688,80,80,0,-248,16,0,1,100,0,1024,112,128,48,0,-288,8,0,1,100,0,1024,112,128,48,0,-200,8,0,1,100,0,1024,112,128,48,0,-248,-96,0,1,100,0,984,992,112,152,0,-248,-96,0,0,40,0,984,992,112,152,0,-208,-64,1,1,100,0,1232,256,96,120,0,-264,-64,0,1,100,0,1232,256,96,120,0,-184,-40,1,1,100,0,1152,184,96,72,0,-288,-40,0,1,100,0,1152,184,96,72,0,-208,-64,1,0,40,0,1232,256,96,120,0,-264,-64,0,0,40,0,1232,256,96,120,0,-184,-40,1,0,40,0,1152,184,96,72,0,-288,-40,0,0,40,0,1152,184,96,72,0,-264,-128,0,1,100,0,800,784,160,184,0,-264,-128,0,0,40,0,800,784,160,184,0,-264,-264,0,1,100,0,800,784,160,184,0,-264,-264,0,0,40,0,800,784,160,184,0,-264,-408,0,1,100,0,800,784,160,184,0,-264,-408,0,0,40,0,800,784,160,184,0,-184,-112,0,1,100,0,984,992,112,152,0,-184,-112,0,0,40,0,984,992,112,152,0,-144,-88,1,1,100,0,1232,256,96,120,0,-200,-88,0,1,100,0,1232,256,96,120,0,-120,-64,1,1,100,0,1152,184,96,72,0,-224,-64,0,1,100,0,1152,184,96,72,0,-144,-88,1,0,40,0,1232,256,96,120,0,-200,-88,0,0,40,0,1232,256,96,120,0,-120,-64,1,0,40,0,1152,184,96,72,0,-224,-64,0,0,40,0,1152,184,96,72,0,-200,-160,0,1,100,0,800,784,160,184,0,-200,-160,0,0,40,0,800,784,160,184,0,-200,-304,0,1,100,0,800,784,160,184,0,-200,-304,0,0,40,0,800,784,160,184,0,-200,-448,0,1,100,0,800,784,160,184,0,-200,-448,0,0,40,0,800,784,160,184,0,0,-91,2,1,100,0,1472,640,80,64,0,-48,-138,0,0,100,0,224,1232,112,112,0,-22,-148,0,0,100,0,224,1456,112,112,0,-336,-40,1,1,100,0,784,608,80,80,0,-248,-112,1,1,100,0,784,608,80,80,0,-336,-40,1,0,60,0,784,608,80,80,0,-248,-112,1,0,60,0,784,608,80,80,0,-296,-80,0,1,100,0,784,688,80,80,0,-296,-80,0,1,100,0,944,608,80,80,0,-296,-72,0,1,100,0,944,608,80,80,0,-296,-80,0,0,40,0,944,608,80,80,0,-296,-72,0,0,40,0,944,608,80,80,0,-312,-24,1,1,100,0,1088,256,64,64,0,-344,-24,1,1,100,0,1088,256,64,64,0,-336,-48,1,1,100,0,1088,256,64,64,0,-312,-40,1,1,100,0,1088,256,64,64,0,-224,-96,1,1,100,0,1088,256,64,64,0,-256,-96,1,1,100,0,1088,256,64,64,0,-248,-120,1,1,100,0,1088,256,64,64,0,-224,-112,1,1,100,0,1088,256,64,64,0,-280,-66,0,1,25,-90,1088,256,64,64,0,-280,-50,0,1,25,-90,1088,256,64,64,0,-272,-58,0,1,25,-90,1088,256,64,64,0,-272,-66,0,1,25,-90,1088,256,64,64,0,-312,-90,0,1,25,-90,1088,256,64,64,0,-312,-74,0,1,25,-90,1088,256,64,64,0,-304,-82,0,1,25,-90,1088,256,64,64,0,-304,-90,0,1,25,-90,1088,256,64,64,0,-56,-24,0,0,100,0,800,64,112,48,0,
0,62,-248,16,0,1,100,0,1024,112,128,48,0,-288,8,0,1,100,0,1024,112,128,48,0,-200,8,0,1,100,0,1024,112,128,48,0,-248,-96,0,1,100,0,984,992,112,152,0,-248,-96,0,0,40,0,984,992,112,152,0,-208,-64,1,1,100,0,1232,256,96,120,0,-264,-64,0,1,100,0,1232,256,96,120,0,-184,-40,1,1,100,0,1152,184,96,72,0,-288,-40,0,1,100,0,1152,184,96,72,0,-208,-64,1,0,40,0,1232,256,96,120,0,-264,-64,0,0,40,0,1232,256,96,120,0,-184,-40,1,0,40,0,1152,184,96,72,0,-288,-40,0,0,40,0,1152,184,96,72,0,-264,-128,0,1,100,0,800,784,160,184,0,-264,-128,0,0,40,0,800,784,160,184,0,-264,-264,0,1,100,0,800,784,160,184,0,-264,-264,0,0,40,0,800,784,160,184,0,-264,-408,0,1,100,0,800,784,160,184,0,-264,-408,0,0,40,0,800,784,160,184,0,-184,-112,0,1,100,0,984,992,112,152,0,-184,-112,0,0,40,0,984,992,112,152,0,-144,-88,1,1,100,0,1232,256,96,120,0,-200,-88,0,1,100,0,1232,256,96,120,0,-120,-64,1,1,100,0,1152,184,96,72,0,-224,-64,0,1,100,0,1152,184,96,72,0,-144,-88,1,0,40,0,1232,256,96,120,0,-200,-88,0,0,40,0,1232,256,96,120,0,-120,-64,1,0,40,0,1152,184,96,72,0,-224,-64,0,0,40,0,1152,184,96,72,0,-200,-160,0,1,100,0,800,784,160,184,0,-200,-160,0,0,40,0,800,784,160,184,0,-200,-304,0,1,100,0,800,784,160,184,0,-200,-304,0,0,40,0,800,784,160,184,0,-200,-448,0,1,100,0,800,784,160,184,0,-200,-448,0,0,40,0,800,784,160,184,0,0,-92,2,1,100,0,1472,640,80,64,0,-48,-139,0,0,100,0,224,1232,112,112,0,-22,-149,0,0,100,0,224,1456,112,112,0,-312,-64,1,1,100,0,864,608,80,80,0,-280,-88,1,1,100,0,864,608,80,80,0,-312,-64,1,0,60,0,864,608,80,80,0,-280,-88,1,0,60,0,864,608,80,80,0,-304,-66,1,1,60,-270,1088,256,64,64,0,-304,-50,1,1,60,-270,1088,256,64,64,0,-312,-58,1,1,60,-270,1088,256,64,64,0,-312,-66,1,1,60,-270,1088,256,64,64,0,-272,-90,1,1,60,-270,1088,256,64,64,0,-272,-74,1,1,60,-270,1088,256,64,64,0,-280,-82,1,1,60,-270,1088,256,64,64,0,-280,-90,1,1,60,-270,1088,256,64,64,0,-320,-24,1,1,25,0,1088,256,64,64,0,-352,-24,1,1,25,0,1088,256,64,64,0,-344,-48,1,1,25,0,1088,256,64,64,0,-320,-40,1,1,25,0,1088,256,64,64,0,-232,-96,1,1,25,0,1088,256,64,64,0,-264,-96,1,1,25,0,1088,256,64,64,0,-256,-120,1,1,25,0,1088,256,64,64,0,-232,-112,1,1,25,0,1088,256,64,64,0,-248,-112,0,1,100,0,784,688,80,80,0,-344,-56,0,1,100,0,784,688,80,80,0,-296,-80,0,1,100,0,864,688,80,80,0,-56,-24,0,0,100,0,800,64,112,48,0,
0,58,-248,16,0,1,100,0,896,192,128,48,0,-288,8,0,1,100,0,896,192,128,48,0,-200,8,0,1,100,0,896,192,128,48,0,-248,-96,0,1,100,0,984,992,112,152,0,-248,-96,0,0,40,0,984,992,112,152,0,-208,-64,1,1,100,0,1232,256,96,120,0,-264,-64,0,1,100,0,1232,256,96,120,0,-184,-40,1,1,100,0,1152,184,96,72,0,-288,-40,0,1,100,0,1152,184,96,72,0,-208,-64,1,0,40,0,1232,256,96,120,0,-264,-64,0,0,40,0,1232,256,96,120,0,-184,-40,1,0,40,0,1152,184,96,72,0,-288,-40,0,0,40,0,1152,184,96,72,0,-264,-128,0,1,100,0,800,784,160,184,0,-264,-128,0,0,40,0,800,784,160,184,0,-264,-264,0,1,100,0,800,784,160,184,0,-264,-264,0,0,40,0,800,784,160,184,0,-264,-408,0,1,100,0,800,784,160,184,0,-264,-408,0,0,40,0,800,784,160,184,0,-184,-112,0,1,100,0,984,992,112,152,0,-184,-112,0,0,40,0,984,992,112,152,0,-144,-88,1,1,100,0,1232,256,96,120,0,-200,-88,0,1,100,0,1232,256,96,120,0,-120,-64,1,1,100,0,1152,184,96,72,0,-224,-64,0,1,100,0,1152,184,96,72,0,-144,-88,1,0,40,0,1232,256,96,120,0,-200,-88,0,0,40,0,1232,256,96,120,0,-120,-64,1,0,40,0,1152,184,96,72,0,-224,-64,0,0,40,0,1152,184,96,72,0,-200,-160,0,1,100,0,800,784,160,184,0,-200,-160,0,0,40,0,800,784,160,184,0,-200,-304,0,1,100,0,800,784,160,184,0,-200,-304,0,0,40,0,800,784,160,184,0,-200,-448,0,1,100,0,800,784,160,184,0,-200,-448,0,0,40,0,800,784,160,184,0,0,-93,2,1,100,0,1552,640,80,64,0,-48,-140,0,0,100,0,336,1232,112,112,0,-22,-150,0,0,100,0,336,1456,112,112,0,-296,-80,0,1,100,0,784,688,80,80,0,-296,-80,0,1,100,0,944,608,80,80,0,-296,-72,0,1,100,0,944,608,80,80,0,-296,-80,0,0,40,0,944,608,80,80,0,-296,-72,0,0,40,0,944,608,80,80,0,-304,-80,0,1,100,0,784,688,80,80,0,-304,-80,0,1,100,0,944,608,80,80,0,-304,-72,0,1,100,0,944,608,80,80,0,-304,-66,1,1,25,-270,1088,256,64,64,0,-304,-50,1,1,25,-270,1088,256,64,64,0,-312,-58,1,1,25,-270,1088,256,64,64,0,-312,-66,1,1,25,-270,1088,256,64,64,0,-272,-90,1,1,25,-270,1088,256,64,64,0,-272,-74,1,1,25,-270,1088,256,64,64,0,-280,-82,1,1,25,-270,1088,256,64,64,0,-280,-90,1,1,25,-270,1088,256,64,64,0,-248,-112,0,1,100,0,864,688,80,80,0,-344,-56,0,1,100,0,864,688,80,80,0,-296,-80,0,1,100,0,944,688,80,80,0,-56,-24,0,0,100,0,800,64,112,48,0,
0,45,-248,16,0,1,100,0,896,192,128,48,0,-288,8,0,1,100,0,896,192,128,48,0,-200,8,0,1,100,0,896,192,128,48,0,-248,-96,0,1,100,0,984,992,112,152,0,-248,-96,0,0,40,0,984,992,112,152,0,-208,-64,1,1,100,0,1232,256,96,120,0,-264,-64,0,1,100,0,1232,256,96,120,0,-184,-40,1,1,100,0,1152,184,96,72,0,-288,-40,0,1,100,0,1152,184,96,72,0,-208,-64,1,0,40,0,1232,256,96,120,0,-264,-64,0,0,40,0,1232,256,96,120,0,-184,-40,1,0,40,0,1152,184,96,72,0,-288,-40,0,0,40,0,1152,184,96,72,0,-264,-128,0,1,100,0,800,784,160,184,0,-264,-128,0,0,40,0,800,784,160,184,0,-264,-264,0,1,100,0,800,784,160,184,0,-264,-264,0,0,40,0,800,784,160,184,0,-264,-408,0,1,100,0,800,784,160,184,0,-264,-408,0,0,40,0,800,784,160,184,0,-184,-112,0,1,100,0,984,992,112,152,0,-184,-112,0,0,40,0,984,992,112,152,0,-144,-88,1,1,100,0,1232,256,96,120,0,-200,-88,0,1,100,0,1232,256,96,120,0,-120,-64,1,1,100,0,1152,184,96,72,0,-224,-64,0,1,100,0,1152,184,96,72,0,-144,-88,1,0,40,0,1232,256,96,120,0,-200,-88,0,0,40,0,1232,256,96,120,0,-120,-64,1,0,40,0,1152,184,96,72,0,-224,-64,0,0,40,0,1152,184,96,72,0,-200,-160,0,1,100,0,800,784,160,184,0,-200,-160,0,0,40,0,800,784,160,184,0,-200,-304,0,1,100,0,800,784,160,184,0,-200,-304,0,0,40,0,800,784,160,184,0,-200,-448,0,1,100,0,800,784,160,184,0,-200,-448,0,0,40,0,800,784,160,184,0,0,-94,2,1,100,0,1552,640,80,64,0,-48,-141,0,0,100,0,336,1232,112,112,0,-22,-151,0,0,100,0,336,1456,112,112,0,-344,-112,1,1,100,0,784,688,80,80,0,-248,-56,1,1,100,0,784,688,80,80,0,-296,-80,1,1,100,0,864,688,80,80,0,-248,-112,0,1,100,0,944,688,80,80,0,-344,-56,0,1,100,0,944,688,80,80,0,-296,-80,0,1,50,0,1024,688,80,80,0,-56,-24,0,0,100,0,800,64,112,48,0,
0,44,-248,16,0,1,50,0,1024,192,128,48,0,-288,8,0,1,50,0,1024,192,128,48,0,-200,8,0,1,50,0,1024,192,128,48,0,-248,-96,0,1,100,0,984,992,112,152,0,-248,-96,0,0,40,0,984,992,112,152,0,-208,-64,1,1,100,0,1232,256,96,120,0,-264,-64,0,1,100,0,1232,256,96,120,0,-184,-40,1,1,100,0,1152,184,96,72,0,-288,-40,0,1,100,0,1152,184,96,72,0,-208,-64,1,0,40,0,1232,256,96,120,0,-264,-64,0,0,40,0,1232,256,96,120,0,-184,-40,1,0,40,0,1152,184,96,72,0,-288,-40,0,0,40,0,1152,184,96,72,0,-264,-128,0,1,100,0,800,784,160,184,0,-264,-128,0,0,40,0,800,784,160,184,0,-264,-264,0,1,100,0,800,784,160,184,0,-264,-264,0,0,40,0,800,784,160,184,0,-264,-408,0,1,100,0,800,784,160,184,0,-264,-408,0,0,40,0,800,784,160,184,0,-184,-112,0,1,100,0,984,992,112,152,0,-184,-112,0,0,40,0,984,992,112,152,0,-144,-88,1,1,100,0,1232,256,96,120,0,-200,-88,0,1,100,0,1232,256,96,120,0,-120,-64,1,1,100,0,1152,184,96,72,0,-224,-64,0,1,100,0,1152,184,96,72,0,-144,-88,1,0,40,0,1232,256,96,120,0,-200,-88,0,0,40,0,1232,256,96,120,0,-120,-64,1,0,40,0,1152,184,96,72,0,-224,-64,0,0,40,0,1152,184,96,72,0,-200,-160,0,1,100,0,800,784,160,184,0,-200,-160,0,0,40,0,800,784,160,184,0,-200,-304,0,1,100,0,800,784,160,184,0,-200,-304,0,0,40,0,800,784,160,184,0,-200,-448,0,1,100,0,800,784,160,184,0,-200,-448,0,0,40,0,800,784,160,184,0,0,-95,2,1,100,0,1472,704,80,64,0,-48,-142,0,0,100,0,448,1232,112,112,0,-22,-152,0,0,100,0,448,1456,112,112,0,-344,-112,1,1,100,0,944,688,80,80,0,-248,-56,1,1,100,0,944,688,80,80,0,-296,-80,1,1,50,0,1024,688,80,80,0,-344,-56,0,1,50,0,1024,688,80,80,0,-248,-112,0,1,50,0,1024,688,80,80,0,-56,-24,0,0,100,0,800,64,112,48,0,
0,54,-248,16,0,1,25,0,1024,192,128,48,0,-288,8,0,1,25,0,1024,192,128,48,0,-200,8,0,1,25,0,1024,192,128,48,0,-248,-96,0,1,100,0,984,992,112,152,0,-248,-96,0,0,40,0,984,992,112,152,0,-208,-64,1,1,100,0,1232,256,96,120,0,-264,-64,0,1,100,0,1232,256,96,120,0,-184,-40,1,1,100,0,1152,184,96,72,0,-288,-40,0,1,100,0,1152,184,96,72,0,-208,-64,1,0,40,0,1232,256,96,120,0,-264,-64,0,0,40,0,1232,256,96,120,0,-184,-40,1,0,40,0,1152,184,96,72,0,-288,-40,0,0,40,0,1152,184,96,72,0,-264,-128,0,1,100,0,800,784,160,184,0,-264,-128,0,0,40,0,800,784,160,184,0,-264,-264,0,1,100,0,800,784,160,184,0,-264,-264,0,0,40,0,800,784,160,184,0,-264,-408,0,1,100,0,800,784,160,184,0,-264,-408,0,0,40,0,800,784,160,184,0,-184,-112,0,1,100,0,984,992,112,152,0,-184,-112,0,0,40,0,984,992,112,152,0,-144,-88,1,1,100,0,1232,256,96,120,0,-200,-88,0,1,100,0,1232,256,96,120,0,-120,-64,1,1,100,0,1152,184,96,72,0,-224,-64,0,1,100,0,1152,184,96,72,0,-144,-88,1,0,40,0,1232,256,96,120,0,-200,-88,0,0,40,0,1232,256,96,120,0,-120,-64,1,0,40,0,1152,184,96,72,0,-224,-64,0,0,40,0,1152,184,96,72,0,-200,-160,0,1,100,0,800,784,160,184,0,-200,-160,0,0,40,0,800,784,160,184,0,-200,-304,0,1,100,0,800,784,160,184,0,-200,-304,0,0,40,0,800,784,160,184,0,-200,-448,0,1,100,0,800,784,160,184,0,-200,-448,0,0,40,0,800,784,160,184,0,-344,-224,0,1,100,0,784,688,80,80,0,0,-96,2,1,100,0,1472,704,80,64,0,-48,-143,0,0,100,0,448,1232,112,112,0,-22,-153,0,0,100,0,448,1456,112,112,0,-278,-98,1,1,60,0,1232,256,96,120,0,-338,-98,0,1,60,0,1232,256,96,120,0,-280,-96,1,0,60,0,1232,256,96,120,0,-336,-96,0,0,60,0,1232,256,96,120,0,-252,-74,1,1,60,0,1152,184,96,72,0,-364,-74,0,1,60,0,1152,184,96,72,0,-256,-72,1,0,60,0,1152,184,96,72,0,-360,-72,0,0,60,0,1152,184,96,72,0,-296,-200,0,1,100,0,984,992,112,152,0,-320,-200,0,1,100,0,984,992,112,152,0,-296,-248,0,1,100,0,984,992,112,152,0,-296,-160,0,0,60,0,984,992,112,152,0,-320,-160,0,0,60,0,984,992,112,152,0,-296,-208,0,0,60,0,984,992,112,152,0,-56,-24,0,0,100,0,800,64,112,48,0,
0,60,-248,-96,0,1,100,0,984,992,112,152,0,-248,-96,0,0,40,0,984,992,112,152,0,-208,-64,1,1,100,0,1232,256,96,120,0,-264,-64,0,1,100,0,1232,256,96,120,0,-184,-40,1,1,100,0,1152,184,96,72,0,-288,-40,0,1,100,0,1152,184,96,72,0,-208,-64,1,0,40,0,1232,256,96,120,0,-264,-64,0,0,40,0,1232,256,96,120,0,-184,-40,1,0,40,0,1152,184,96,72,0,-288,-40,0,0,40,0,1152,184,96,72,0,-264,-128,0,1,100,0,800,784,160,184,0,-264,-128,0,0,40,0,800,784,160,184,0,-264,-264,0,1,100,0,800,784,160,184,0,-264,-264,0,0,40,0,800,784,160,184,0,-264,-408,0,1,100,0,800,784,160,184,0,-264,-408,0,0,40,0,800,784,160,184,0,-184,-112,0,1,100,0,984,992,112,152,0,-184,-112,0,0,40,0,984,992,112,152,0,-144,-88,1,1,100,0,1232,256,96,120,0,-200,-88,0,1,100,0,1232,256,96,120,0,-120,-64,1,1,100,0,1152,184,96,72,0,-224,-64,0,1,100,0,1152,184,96,72,0,-144,-88,1,0,40,0,1232,256,96,120,0,-200,-88,0,0,40,0,1232,256,96,120,0,-120,-64,1,0,40,0,1152,184,96,72,0,-224,-64,0,0,40,0,1152,184,96,72,0,-200,-160,0,1,100,0,800,784,160,184,0,-200,-160,0,0,40,0,800,784,160,184,0,-200,-304,0,1,100,0,800,784,160,184,0,-200,-304,0,0,40,0,800,784,160,184,0,-200,-448,0,1,100,0,800,784,160,184,0,-200,-448,0,0,40,0,800,784,160,184,0,0,-97,2,1,100,0,1552,704,80,64,0,-48,-144,0,0,100,0,560,1232,112,112,0,-21,-154,0,0,100,0,560,1456,112,112,0,-392,-312,0,1,100,0,784,688,80,80,0,-344,-224,0,1,100,0,864,688,80,80,0,-328,-16,0,1,50,0,1024,192,128,48,0,-368,-24,0,1,50,0,1024,192,128,48,0,-280,-24,0,1,50,0,1024,192,128,48,0,-312,-120,0,1,100,0,984,992,112,152,0,-312,-120,0,0,40,0,984,992,112,152,0,-280,-96,1,1,100,0,1232,256,96,120,0,-336,-96,0,1,100,0,1232,256,96,120,0,-256,-72,1,1,100,0,1152,184,96,72,0,-360,-72,0,1,100,0,1152,184,96,72,0,-280,-96,1,0,40,0,1232,256,96,120,0,-336,-96,0,0,40,0,1232,256,96,120,0,-256,-72,1,0,40,0,1152,184,96,72,0,-360,-72,0,0,40,0,1152,184,96,72,0,-338,-165,0,1,100,0,1416,784,160,184,0,-336,-163,0,1,100,0,1416,784,160,184,0,-336,-160,0,0,80,0,800,784,160,184,0,-338,-301,0,1,100,0,1416,784,160,184,0,-336,-299,0,1,100,0,1416,784,160,184,0,-336,-296,0,0,80,0,800,784,160,184,0,-338,-445,0,1,100,0,1416,784,160,184,0,-336,-443,0,1,100,0,1416,784,160,184,0,-336,-440,0,0,80,0,800,784,160,184,0,-56,-24,0,0,100,0,800,64,112,48,0,
0,59,-248,-96,0,1,100,0,984,992,112,152,0,-248,-96,0,0,40,0,984,992,112,152,0,-208,-64,1,1,100,0,1232,256,96,120,0,-264,-64,0,1,100,0,1232,256,96,120,0,-184,-40,1,1,100,0,1152,184,96,72,0,-288,-40,0,1,100,0,1152,184,96,72,0,-208,-64,1,0,40,0,1232,256,96,120,0,-264,-64,0,0,40,0,1232,256,96,120,0,-184,-40,1,0,40,0,1152,184,96,72,0,-288,-40,0,0,40,0,1152,184,96,72,0,-264,-72,0,1,100,0,1184,624,112,80,0,-264,-48,0,1,100,0,1184,624,112,80,0,-264,-128,0,1,100,0,800,784,160,184,0,-264,-128,0,0,40,0,800,784,160,184,0,-264,-264,0,1,100,0,800,784,160,184,0,-264,-264,0,0,40,0,800,784,160,184,0,-264,-408,0,1,100,0,800,784,160,184,0,-264,-408,0,0,40,0,800,784,160,184,0,-184,-112,0,1,100,0,984,992,112,152,0,-184,-112,0,0,40,0,984,992,112,152,0,-144,-88,1,1,100,0,1232,256,96,120,0,-200,-88,0,1,100,0,1232,256,96,120,0,-120,-64,1,1,100,0,1152,184,96,72,0,-224,-64,0,1,100,0,1152,184,96,72,0,-144,-88,1,0,40,0,1232,256,96,120,0,-200,-88,0,0,40,0,1232,256,96,120,0,-120,-64,1,0,40,0,1152,184,96,72,0,-224,-64,0,0,40,0,1152,184,96,72,0,-200,-160,0,1,100,0,800,784,160,184,0,-200,-160,0,0,40,0,800,784,160,184,0,-200,-304,0,1,100,0,800,784,160,184,0,-200,-304,0,0,40,0,800,784,160,184,0,-200,-448,0,1,100,0,800,784,160,184,0,-200,-448,0,0,40,0,800,784,160,184,0,0,-98,2,1,100,0,1552,704,80,64,0,-48,-145,0,0,100,0,560,1232,112,112,0,-21,-155,0,0,100,0,560,1456,112,112,0,-392,-312,0,1,100,0,864,688,80,80,0,-344,-224,0,1,100,0,944,688,80,80,0,-328,-16,0,1,50,0,1024,192,128,48,0,-368,-24,0,1,50,0,1024,192,128,48,0,-280,-24,0,1,50,0,1024,192,128,48,0,-312,-120,0,1,100,0,984,992,112,152,0,-312,-120,0,0,40,0,984,992,112,152,0,-280,-96,1,1,100,0,1232,256,96,120,0,-336,-96,0,1,100,0,1232,256,96,120,0,-256,-72,1,1,100,0,1152,184,96,72,0,-360,-72,0,1,100,0,1152,184,96,72,0,-280,-96,1,0,40,0,1232,256,96,120,0,-336,-96,0,0,40,0,1232,256,96,120,0,-256,-72,1,0,40,0,1152,184,96,72,0,-360,-72,0,0,40,0,1152,184,96,72,0,-336,-162,0,1,100,0,1416,784,160,184,0,-336,-160,0,0,60,0,800,784,160,184,0,-336,-298,0,1,100,0,1416,784,160,184,0,-336,-296,0,0,60,0,800,784,160,184,0,-336,-442,0,1,100,0,1416,784,160,184,0,-336,-440,0,0,60,0,800,784,160,184,0,-56,-24,0,0,100,0,800,64,112,48,0,
0,60,-248,-96,0,1,100,0,984,992,112,152,0,-248,-96,0,0,40,0,984,992,112,152,0,-208,-64,1,1,100,0,1232,256,96,120,0,-264,-64,0,1,100,0,1232,256,96,120,0,-184,-40,1,1,100,0,1152,184,96,72,0,-288,-40,0,1,100,0,1152,184,96,72,0,-208,-64,1,0,40,0,1232,256,96,120,0,-264,-64,0,0,40,0,1232,256,96,120,0,-184,-40,1,0,40,0,1152,184,96,72,0,-288,-40,0,0,40,0,1152,184,96,72,0,-264,-112,2,1,100,0,1184,624,112,80,0,-336,-80,2,1,100,0,1184,624,112,80,0,-264,-248,2,1,100,0,1184,624,112,80,0,-336,-216,2,1,100,0,1184,624,112,80,0,-264,-128,0,1,100,0,800,784,160,184,0,-264,-128,0,0,40,0,800,784,160,184,0,-264,-264,0,1,100,0,800,784,160,184,0,-264,-264,0,0,40,0,800,784,160,184,0,-264,-408,0,1,100,0,800,784,160,184,0,-264,-408,0,0,40,0,800,784,160,184,0,-184,-112,0,1,100,0,984,992,112,152,0,-184,-112,0,0,40,0,984,992,112,152,0,-144,-88,1,1,100,0,1232,256,96,120,0,-200,-88,0,1,100,0,1232,256,96,120,0,-120,-64,1,1,100,0,1152,184,96,72,0,-224,-64,0,1,100,0,1152,184,96,72,0,-144,-88,1,0,40,0,1232,256,96,120,0,-200,-88,0,0,40,0,1232,256,96,120,0,-120,-64,1,0,40,0,1152,184,96,72,0,-224,-64,0,0,40,0,1152,184,96,72,0,-200,-160,0,1,100,0,800,784,160,184,0,-200,-160,0,0,40,0,800,784,160,184,0,-200,-304,0,1,100,0,800,784,160,184,0,-200,-304,0,0,40,0,800,784,160,184,0,-200,-448,0,1,100,0,800,784,160,184,0,-200,-448,0,0,40,0,800,784,160,184,0,0,-99,2,1,75,0,1472,640,80,64,0,-56,-140,0,0,100,0,672,784,112,112,0,-392,-312,0,1,100,0,944,688,80,80,0,-344,-224,0,1,100,0,1024,688,80,80,0,-328,-16,0,1,100,0,896,112,128,48,0,-368,-24,0,1,100,0,896,112,128,48,0,-280,-24,0,1,100,0,896,112,128,48,0,-312,-120,0,1,100,0,984,992,112,152,0,-312,-120,0,0,40,0,984,992,112,152,0,-280,-96,1,1,100,0,1232,256,96,120,0,-336,-96,0,1,100,0,1232,256,96,120,0,-256,-72,1,1,100,0,1152,184,96,72,0,-360,-72,0,1,100,0,1152,184,96,72,0,-280,-96,1,0,40,0,1232,256,96,120,0,-336,-96,0,0,40,0,1232,256,96,120,0,-256,-72,1,0,40,0,1152,184,96,72,0,-360,-72,0,0,40,0,1152,184,96,72,0,-336,-160,0,1,100,0,800,784,160,184,0,-336,-160,0,0,40,0,800,784,160,184,0,-336,-296,0,1,100,0,800,784,160,184,0,-336,-296,0,0,40,0,800,784,160,184,0,-336,-440,0,1,100,0,800,784,160,184,0,-336,-440,0,0,40,0,800,784,160,184,0,-56,-24,0,0,100,0,800,64,112,48,0,
0,61,-248,-96,0,1,100,0,984,992,112,152,0,-248,-96,0,0,40,0,984,992,112,152,0,-208,-64,1,1,100,0,1232,256,96,120,0,-264,-64,0,1,100,0,1232,256,96,120,0,-184,-40,1,1,100,0,1152,184,96,72,0,-288,-40,0,1,100,0,1152,184,96,72,0,-208,-64,1,0,40,0,1232,256,96,120,0,-264,-64,0,0,40,0,1232,256,96,120,0,-184,-40,1,0,40,0,1152,184,96,72,0,-288,-40,0,0,40,0,1152,184,96,72,0,-264,-344,0,1,100,0,1184,624,112,80,0,-336,-376,0,1,100,0,1184,624,112,80,0,-264,-208,0,1,100,0,1184,624,112,80,0,-336,-240,0,1,100,0,1184,624,112,80,0,-264,-128,0,1,100,0,800,784,160,184,0,-264,-128,0,0,40,0,800,784,160,184,0,-264,-264,0,1,100,0,800,784,160,184,0,-264,-264,0,0,40,0,800,784,160,184,0,-264,-408,0,1,100,0,800,784,160,184,0,-264,-408,0,0,40,0,800,784,160,184,0,-184,-112,0,1,100,0,984,992,112,152,0,-184,-112,0,0,40,0,984,992,112,152,0,-144,-88,1,1,100,0,1232,256,96,120,0,-200,-88,0,1,100,0,1232,256,96,120,0,-120,-64,1,1,100,0,1152,184,96,72,0,-224,-64,0,1,100,0,1152,184,96,72,0,-144,-88,1,0,40,0,1232,256,96,120,0,-200,-88,0,0,40,0,1232,256,96,120,0,-120,-64,1,0,40,0,1152,184,96,72,0,-224,-64,0,0,40,0,1152,184,96,72,0,-200,-160,0,1,100,0,800,784,160,184,0,-200,-160,0,0,40,0,800,784,160,184,0,-200,-304,0,1,100,0,800,784,160,184,0,-200,-304,0,0,40,0,800,784,160,184,0,-200,-448,0,1,100,0,800,784,160,184,0,-200,-448,0,0,40,0,800,784,160,184,0,-48,-192,0,1,100,0,640,0,128,64,0,-48,-128,0,1,100,-180,640,0,128,64,0,0,-99,2,1,50,0,1552,640,80,64,0,-40,-148,0,0,100,0,0,896,112,112,0,-392,-312,0,1,100,0,1024,688,80,80,0,-328,-16,0,1,100,0,896,112,128,48,0,-368,-24,0,1,100,0,896,112,128,48,0,-280,-24,0,1,100,0,896,112,128,48,0,-312,-120,0,1,100,0,984,992,112,152,0,-312,-120,0,0,40,0,984,992,112,152,0,-280,-96,1,1,100,0,1232,256,96,120,0,-336,-96,0,1,100,0,1232,256,96,120,0,-256,-72,1,1,100,0,1152,184,96,72,0,-360,-72,0,1,100,0,1152,184,96,72,0,-280,-96,1,0,40,0,1232,256,96,120,0,-336,-96,0,0,40,0,1232,256,96,120,0,-256,-72,1,0,40,0,1152,184,96,72,0,-360,-72,0,0,40,0,1152,184,96,72,0,-336,-160,0,1,100,0,800,784,160,184,0,-336,-160,0,0,40,0,800,784,160,184,0,-336,-296,0,1,100,0,800,784,160,184,0,-336,-296,0,0,40,0,800,784,160,184,0,-336,-440,0,1,100,0,800,784,160,184,0,-336,-440,0,0,40,0,800,784,160,184,0,-56,-24,0,0,100,0,800,64,112,48,0,
0,56,-248,-96,0,1,100,0,984,992,112,152,0,-248,-96,0,0,40,0,984,992,112,152,0,-208,-64,1,1,100,0,1232,256,96,120,0,-264,-64,0,1,100,0,1232,256,96,120,0,-184,-40,1,1,100,0,1152,184,96,72,0,-288,-40,0,1,100,0,1152,184,96,72,0,-208,-64,1,0,40,0,1232,256,96,120,0,-264,-64,0,0,40,0,1232,256,96,120,0,-184,-40,1,0,40,0,1152,184,96,72,0,-288,-40,0,0,40,0,1152,184,96,72,0,-264,-128,0,1,100,0,800,784,160,184,0,-264,-128,0,0,40,0,800,784,160,184,0,-264,-264,0,1,100,0,800,784,160,184,0,-264,-264,0,0,40,0,800,784,160,184,0,-264,-408,0,1,100,0,800,784,160,184,0,-264,-408,0,0,40,0,800,784,160,184,0,-184,-112,0,1,100,0,984,992,112,152,0,-184,-112,0,0,40,0,984,992,112,152,0,-144,-88,1,1,100,0,1232,256,96,120,0,-200,-88,0,1,100,0,1232,256,96,120,0,-120,-64,1,1,100,0,1152,184,96,72,0,-224,-64,0,1,100,0,1152,184,96,72,0,-144,-88,1,0,40,0,1232,256,96,120,0,-200,-88,0,0,40,0,1232,256,96,120,0,-120,-64,1,0,40,0,1152,184,96,72,0,-224,-64,0,0,40,0,1152,184,96,72,0,-200,-160,0,1,100,0,800,784,160,184,0,-200,-160,0,0,40,0,800,784,160,184,0,-200,-304,0,1,100,0,800,784,160,184,0,-200,-304,0,0,40,0,800,784,160,184,0,-200,-448,0,1,100,0,800,784,160,184,0,-200,-448,0,0,40,0,800,784,160,184,0,0,-99,2,1,25,0,1472,704,80,64,0,-48,-192,0,1,100,0,768,0,128,64,0,-48,-128,0,1,100,-180,768,0,128,64,0,-40,-148,0,0,100,0,112,896,112,112,0,-328,-16,0,1,100,0,1024,112,128,48,0,-368,-24,0,1,100,0,1024,112,128,48,0,-280,-24,0,1,100,0,1024,112,128,48,0,-312,-120,0,1,100,0,984,992,112,152,0,-312,-120,0,0,40,0,984,992,112,152,0,-280,-96,1,1,100,0,1232,256,96,120,0,-336,-96,0,1,100,0,1232,256,96,120,0,-256,-72,1,1,100,0,1152,184,96,72,0,-360,-72,0,1,100,0,1152,184,96,72,0,-280,-96,1,0,40,0,1232,256,96,120,0,-336,-96,0,0,40,0,1232,256,96,120,0,-256,-72,1,0,40,0,1152,184,96,72,0,-360,-72,0,0,40,0,1152,184,96,72,0,-336,-160,0,1,100,0,800,784,160,184,0,-336,-160,0,0,40,0,800,784,160,184,0,-336,-296,0,1,100,0,800,784,160,184,0,-336,-296,0,0,40,0,800,784,160,184,0,-336,-440,0,1,100,0,800,784,160,184,0,-336,-440,0,0,40,0,800,784,160,184,0,-56,-24,0,0,100,0,800,64,112,48,0,
0,55,-248,-96,0,1,100,0,984,992,112,152,0,-248,-96,0,0,40,0,984,992,112,152,0,-208,-64,1,1,100,0,1232,256,96,120,0,-264,-64,0,1,100,0,1232,256,96,120,0,-184,-40,1,1,100,0,1152,184,96,72,0,-288,-40,0,1,100,0,1152,184,96,72,0,-208,-64,1,0,40,0,1232,256,96,120,0,-264,-64,0,0,40,0,1232,256,96,120,0,-184,-40,1,0,40,0,1152,184,96,72,0,-288,-40,0,0,40,0,1152,184,96,72,0,-264,-128,0,1,100,0,800,784,160,184,0,-264,-128,0,0,40,0,800,784,160,184,0,-264,-264,0,1,100,0,800,784,160,184,0,-264,-264,0,0,40,0,800,784,160,184,0,-264,-408,0,1,100,0,800,784,160,184,0,-264,-408,0,0,40,0,800,784,160,184,0,-184,-112,0,1,100,0,984,992,112,152,0,-184,-112,0,0,40,0,984,992,112,152,0,-144,-88,1,1,100,0,1232,256,96,120,0,-200,-88,0,1,100,0,1232,256,96,120,0,-120,-64,1,1,100,0,1152,184,96,72,0,-224,-64,0,1,100,0,1152,184,96,72,0,-144,-88,1,0,40,0,1232,256,96,120,0,-200,-88,0,0,40,0,1232,256,96,120,0,-120,-64,1,0,40,0,1152,184,96,72,0,-224,-64,0,0,40,0,1152,184,96,72,0,-200,-160,0,1,100,0,800,784,160,184,0,-200,-160,0,0,40,0,800,784,160,184,0,-200,-304,0,1,100,0,800,784,160,184,0,-200,-304,0,0,40,0,800,784,160,184,0,-200,-448,0,1,100,0,800,784,160,184,0,-200,-448,0,0,40,0,800,784,160,184,0,-48,-192,0,1,100,0,896,0,128,64,0,-48,-128,0,1,100,-180,896,0,128,64,0,-40,-148,0,0,100,0,224,896,112,112,0,-328,-16,0,1,100,0,1024,112,128,48,0,-368,-24,0,1,100,0,1024,112,128,48,0,-280,-24,0,1,100,0,1024,112,128,48,0,-312,-120,0,1,100,0,984,992,112,152,0,-312,-120,0,0,40,0,984,992,112,152,0,-280,-96,1,1,100,0,1232,256,96,120,0,-336,-96,0,1,100,0,1232,256,96,120,0,-256,-72,1,1,100,0,1152,184,96,72,0,-360,-72,0,1,100,0,1152,184,96,72,0,-280,-96,1,0,40,0,1232,256,96,120,0,-336,-96,0,0,40,0,1232,256,96,120,0,-256,-72,1,0,40,0,1152,184,96,72,0,-360,-72,0,0,40,0,1152,184,96,72,0,-336,-160,0,1,100,0,800,784,160,184,0,-336,-160,0,0,40,0,800,784,160,184,0,-336,-296,0,1,100,0,800,784,160,184,0,-336,-296,0,0,40,0,800,784,160,184,0,-336,-440,0,1,100,0,800,784,160,184,0,-336,-440,0,0,40,0,800,784,160,184,0,-56,-24,0,0,100,0,800,64,112,48,0,
0,55,-248,-96,0,1,100,0,984,992,112,152,0,-248,-96,0,0,40,0,984,992,112,152,0,-208,-64,1,1,100,0,1232,256,96,120,0,-264,-64,0,1,100,0,1232,256,96,120,0,-184,-40,1,1,100,0,1152,184,96,72,0,-288,-40,0,1,100,0,1152,184,96,72,0,-208,-64,1,0,40,0,1232,256,96,120,0,-264,-64,0,0,40,0,1232,256,96,120,0,-184,-40,1,0,40,0,1152,184,96,72,0,-288,-40,0,0,40,0,1152,184,96,72,0,-264,-128,0,1,100,0,800,784,160,184,0,-264,-128,0,0,40,0,800,784,160,184,0,-264,-264,0,1,100,0,800,784,160,184,0,-264,-264,0,0,40,0,800,784,160,184,0,-264,-408,0,1,100,0,800,784,160,184,0,-264,-408,0,0,40,0,800,784,160,184,0,-184,-112,0,1,100,0,984,992,112,152,0,-184,-112,0,0,40,0,984,992,112,152,0,-144,-88,1,1,100,0,1232,256,96,120,0,-200,-88,0,1,100,0,1232,256,96,120,0,-120,-64,1,1,100,0,1152,184,96,72,0,-224,-64,0,1,100,0,1152,184,96,72,0,-144,-88,1,0,40,0,1232,256,96,120,0,-200,-88,0,0,40,0,1232,256,96,120,0,-120,-64,1,0,40,0,1152,184,96,72,0,-224,-64,0,0,40,0,1152,184,96,72,0,-200,-160,0,1,100,0,800,784,160,184,0,-200,-160,0,0,40,0,800,784,160,184,0,-200,-304,0,1,100,0,800,784,160,184,0,-200,-304,0,0,40,0,800,784,160,184,0,-200,-448,0,1,100,0,800,784,160,184,0,-200,-448,0,0,40,0,800,784,160,184,0,-48,-192,0,1,50,0,1024,0,128,64,0,-48,-128,0,1,50,-180,1024,0,128,64,0,-48,-148,0,0,100,0,336,896,112,112,0,-328,-16,0,1,100,0,896,192,128,48,0,-368,-24,0,1,100,0,896,192,128,48,0,-280,-24,0,1,100,0,896,192,128,48,0,-312,-120,0,1,100,0,984,992,112,152,0,-312,-120,0,0,40,0,984,992,112,152,0,-280,-96,1,1,100,0,1232,256,96,120,0,-336,-96,0,1,100,0,1232,256,96,120,0,-256,-72,1,1,100,0,1152,184,96,72,0,-360,-72,0,1,100,0,1152,184,96,72,0,-280,-96,1,0,40,0,1232,256,96,120,0,-336,-96,0,0,40,0,1232,256,96,120,0,-256,-72,1,0,40,0,1152,184,96,72,0,-360,-72,0,0,40,0,1152,184,96,72,0,-336,-160,0,1,100,0,800,784,160,184,0,-336,-160,0,0,40,0,800,784,160,184,0,-336,-296,0,1,100,0,800,784,160,184,0,-336,-296,0,0,40,0,800,784,160,184,0,-336,-440,0,1,100,0,800,784,160,184,0,-336,-440,0,0,40,0,800,784,160,184,0,-56,-24,0,0,100,0,800,64,112,48,0,
0,69,-208,-64,1,1,50,0,1232,256,96,120,0,-264,-64,0,1,50,0,1232,256,96,120,0,-184,-40,1,1,50,0,1152,184,96,72,0,-288,-40,0,1,50,0,1152,184,96,72,0,-208,-64,1,0,25,0,1232,256,96,120,0,-264,-64,0,0,25,0,1232,256,96,120,0,-184,-40,1,0,25,0,1152,184,96,72,0,-288,-40,0,0,25,0,1152,184,96,72,0,-336,-424,1,1,100,0,784,1184,144,128,0,-144,-360,1,1,100,0,784,1184,144,128,0,-368,-144,1,1,100,0,784,1184,144,128,0,-296,-264,1,1,100,0,784,1184,144,128,0,-248,-96,0,1,100,0,784,1184,144,128,0,-160,-192,0,1,100,0,784,1184,144,128,0,-264,-408,0,1,100,0,800,784,160,184,0,-264,-264,0,1,100,0,800,784,160,184,0,-264,-128,0,1,100,0,800,784,160,184,0,-144,-88,1,1,50,0,1232,256,96,120,0,-200,-88,0,1,50,0,1232,256,96,120,0,-120,-64,1,1,50,0,1152,184,96,72,0,-224,-64,0,1,50,0,1152,184,96,72,0,-144,-88,1,0,25,0,1232,256,96,120,0,-200,-88,0,0,25,0,1232,256,96,120,0,-120,-64,1,0,25,0,1152,184,96,72,0,-224,-64,0,0,25,0,1152,184,96,72,0,-200,-448,0,1,100,0,800,784,160,184,0,-200,-304,0,1,100,0,800,784,160,184,0,-200,-160,0,1,100,0,800,784,160,184,0,-264,-408,0,1,100,0,800,784,160,184,0,-264,-408,0,0,40,0,800,784,160,184,0,-264,-264,0,1,100,0,800,784,160,184,0,-264,-264,0,0,40,0,800,784,160,184,0,-264,-128,0,1,100,0,800,784,160,184,0,-264,-128,0,0,40,0,800,784,160,184,0,-200,-448,0,1,100,0,800,784,160,184,0,-200,-448,0,0,40,0,800,784,160,184,0,-200,-304,0,1,100,0,800,784,160,184,0,-200,-304,0,0,40,0,800,784,160,184,0,-200,-160,0,1,100,0,800,784,160,184,0,-200,-160,0,0,40,0,800,784,160,184,0,8,-112,0,1,100,0,1248,128,32,32,0,24,-104,0,1,100,0,1248,192,32,32,0,24,-144,0,1,100,0,1248,160,32,32,0,-72,-136,0,1,100,0,1256,48,88,80,0,-56,-148,0,0,100,0,560,896,112,112,0,-10,-116,3,1,100,0,1248,128,32,32,0,-26,-132,3,1,100,0,1248,192,32,32,0,-26,-92,3,1,100,0,1248,160,32,32,0,-328,-16,0,1,50,0,1024,192,128,48,0,-368,-24,0,1,50,0,1024,192,128,48,0,-280,-24,0,1,50,0,1024,192,128,48,0,-280,-96,1,1,50,0,1232,256,96,120,0,-336,-96,0,1,50,0,1232,256,96,120,0,-256,-72,1,1,50,0,1152,184,96,72,0,-360,-72,0,1,50,0,1152,184,96,72,0,-280,-96,1,0,25,0,1232,256,96,120,0,-336,-96,0,0,25,0,1232,256,96,120,0,-256,-72,1,0,25,0,1152,184,96,72,0,-360,-72,0,0,25,0,1152,184,96,72,0,-336,-440,0,1,100,0,800,784,160,184,0,-336,-296,0,1,100,0,800,784,160,184,0,-336,-160,0,1,100,0,800,784,160,184,0,-336,-440,0,1,100,0,800,784,160,184,0,-336,-440,0,0,40,0,800,784,160,184,0,-336,-296,0,1,100,0,800,784,160,184,0,-336,-296,0,0,40,0,800,784,160,184,0,-336,-160,0,1,100,0,800,784,160,184,0,-336,-160,0,0,40,0,800,784,160,184,0,-56,-24,0,0,100,0,800,64,112,48,0,
0,68,-240,-344,1,1,100,-180,1344,464,56,96,0,-240,-344,1,0,60,-180,1344,464,56,96,0,-168,-344,0,1,100,-180,1128,384,56,56,0,-168,-344,0,0,60,-180,1128,384,56,56,0,-296,-232,0,1,100,-90,1128,384,56,56,0,-296,-232,0,0,60,-90,1128,384,56,56,0,-184,-104,0,1,100,0,1128,384,56,56,0,-184,-104,0,0,60,0,1128,384,56,56,0,-184,-120,2,1,60,0,784,1184,144,128,0,-376,-184,2,1,60,0,784,1184,144,128,0,-152,-400,2,1,60,0,784,1184,144,128,0,-224,-280,2,1,60,0,784,1184,144,128,0,-272,-448,3,1,60,0,784,1184,144,128,0,-360,-352,3,1,60,0,784,1184,144,128,0,-376,-456,1,1,100,0,928,1152,208,192,0,-184,-392,1,1,100,0,928,1152,208,192,0,-408,-176,1,1,100,0,928,1152,208,192,0,-336,-296,1,1,100,0,928,1152,208,192,0,-288,-128,0,1,100,0,928,1152,208,192,0,-200,-224,0,1,100,0,928,1152,208,192,0,-280,-408,0,1,100,0,960,784,192,184,0,-280,-408,0,0,40,0,960,784,192,184,0,-280,-288,0,1,100,0,960,784,192,184,0,-280,-288,0,0,40,0,960,784,192,184,0,-280,-128,0,1,100,0,960,784,192,184,0,-280,-128,0,0,40,0,960,784,192,184,0,-208,-448,0,1,100,0,960,784,192,184,0,-208,-448,0,0,40,0,960,784,192,184,0,-208,-304,0,1,100,0,960,784,192,184,0,-208,-304,0,0,40,0,960,784,192,184,0,-208,-160,0,1,100,0,960,784,192,184,0,-208,-160,0,0,40,0,960,784,192,184,0,-264,-408,0,1,25,0,800,784,160,184,0,-264,-408,0,0,25,0,800,784,160,184,0,-264,-264,0,1,25,0,800,784,160,184,0,-264,-264,0,0,25,0,800,784,160,184,0,-264,-128,0,1,25,0,800,784,160,184,0,-264,-128,0,0,25,0,800,784,160,184,0,-200,-440,0,1,25,0,800,784,160,184,0,-200,-440,0,0,25,0,800,784,160,184,0,-200,-296,0,1,25,0,800,784,160,184,0,-200,-296,0,0,25,0,800,784,160,184,0,-200,-160,0,1,25,0,800,784,160,184,0,-200,-160,0,0,25,0,800,784,160,184,0,-216,-144,0,1,25,0,1088,256,64,64,0,32,-140,0,1,100,0,1280,128,32,32,0,40,-120,0,1,100,0,1280,192,32,32,0,-72,-136,0,1,50,0,1256,48,88,80,0,-56,-148,0,0,100,0,112,1008,112,112,0,-2,-156,3,1,100,0,1280,128,32,32,0,-28,-164,3,1,100,0,1280,192,32,32,0,-42,-132,3,1,100,0,1280,160,32,32,0,-328,-16,0,1,25,0,1024,192,128,48,0,-368,-24,0,1,25,0,1024,192,128,48,0,-280,-24,0,1,25,0,1024,192,128,48,0,-352,-440,0,1,100,0,960,784,192,184,0,-352,-440,0,0,40,0,960,784,192,184,0,-352,-288,0,1,100,0,960,784,192,184,0,-352,-288,0,0,40,0,960,784,192,184,0,-352,-160,0,1,100,0,960,784,192,184,0,-352,-160,0,0,40,0,960,784,192,184,0,-336,-440,0,1,25,0,800,784,160,184,0,-336,-440,0,0,25,0,800,784,160,184,0,-336,-296,0,1,25,0,800,784,160,184,0,-336,-296,0,0,25,0,800,784,160,184,0,-336,-160,0,1,25,0,800,784,160,184,0,-336,-160,0,0,25,0,800,784,160,184,0,-56,-24,0,0,100,0,800,64,112,48,0,
0,48,-280,-320,1,1,100,-90,1344,464,56,96,0,-280,-320,1,0,60,-90,1344,464,56,96,0,-296,-160,2,1,100,0,1224,464,104,56,0,-296,-160,2,0,60,0,1224,464,104,56,0,-168,-376,0,1,100,-180,1200,384,56,56,0,-168,-376,0,0,60,-180,1200,384,56,56,0,-312,-240,0,1,100,-90,1200,384,56,56,0,-312,-240,0,0,60,-90,1200,384,56,56,0,-168,-88,0,1,100,0,1200,384,56,56,0,-168,-88,0,0,60,0,1200,384,56,56,0,-216,-152,2,1,60,0,928,1152,208,192,0,-408,-216,2,1,60,0,928,1152,208,192,0,-184,-432,2,1,60,0,928,1152,208,192,0,-256,-312,2,1,60,0,928,1152,208,192,0,-304,-480,3,1,60,0,928,1152,208,192,0,-392,-384,3,1,60,0,928,1152,208,192,0,-376,-464,1,1,100,0,1136,1144,208,200,0,-184,-400,1,1,100,0,1136,1144,208,200,0,-408,-184,1,1,100,0,1136,1144,208,200,0,-336,-304,1,1,100,0,1136,1144,208,200,0,-288,-136,0,1,100,0,1136,1144,208,200,0,-200,-232,0,1,100,0,1136,1144,208,200,0,-280,-408,0,1,100,0,1152,784,192,184,0,-280,-408,0,0,40,0,1152,784,192,184,0,-280,-288,0,1,100,0,1152,784,192,184,0,-280,-288,0,0,40,0,1152,784,192,184,0,-280,-128,0,1,100,0,1152,784,192,184,0,-280,-128,0,0,40,0,1152,784,192,184,0,-208,-440,0,1,100,0,1152,784,192,184,0,-208,-440,0,0,40,0,1152,784,192,184,0,-208,-296,0,1,100,0,1152,784,192,184,0,-208,-296,0,0,40,0,1152,784,192,184,0,-208,-160,0,1,100,0,1152,784,192,184,0,-208,-160,0,0,40,0,1152,784,192,184,0,40,-144,0,1,50,0,1312,128,32,32,0,42,-118,0,1,50,0,1312,192,32,32,0,36,-176,0,1,50,0,1312,160,32,32,0,-56,-148,0,0,100,0,224,1008,112,112,0,-1,-160,3,1,50,0,1312,128,32,32,0,-29,-168,3,1,50,0,1312,192,32,32,0,-46,-136,3,1,50,0,1312,160,32,32,0,-352,-440,0,1,100,0,1152,784,192,184,0,-352,-440,0,0,40,0,1152,784,192,184,0,-352,-288,0,1,100,0,1152,784,192,184,0,-352,-288,0,0,40,0,1152,784,192,184,0,-340,-166,0,1,100,0,1152,784,192,184,0,-340,-166,0,0,40,0,1152,784,192,184,0,-56,-24,0,0,100,0,800,64,112,48,0,
0,52,-113,-67,0,1,50,0,1336,464,64,104,0,-113,-67,0,0,25,0,1336,464,64,104,0,-288,-296,0,1,100,0,1224,464,104,56,0,-288,-296,0,0,60,0,1224,464,104,56,0,-303,-154,2,1,100,0,1224,464,104,56,0,-303,-154,2,0,60,0,1224,464,104,56,0,-74,-203,0,1,100,-180,1128,464,64,104,0,-74,-203,0,0,60,-180,1128,464,64,104,0,-192,-392,0,1,100,0,1312,384,56,64,0,-192,-392,0,0,60,0,1312,384,56,64,0,-336,-224,0,1,100,-270,1312,384,56,64,0,-336,-224,0,0,60,-270,1312,384,56,64,0,-160,-80,0,1,100,-180,1312,384,56,64,0,-160,-80,0,0,60,-180,1312,384,56,64,0,-224,-160,2,1,60,0,1136,1144,216,200,0,-416,-216,2,1,60,0,1136,1144,216,200,0,-184,-432,2,1,60,0,1136,1144,216,200,0,-264,-312,2,1,60,0,1136,1144,216,200,0,-312,-480,3,1,60,0,1136,1144,216,200,0,-400,-384,3,1,60,0,1136,1144,216,200,0,-376,-464,1,1,50,0,1136,1144,208,200,0,-184,-400,1,1,50,0,1136,1144,208,200,0,-408,-184,1,1,50,0,1136,1144,208,200,0,-336,-304,1,1,50,0,1136,1144,208,200,0,-288,-136,0,1,50,0,1136,1144,208,200,0,-200,-232,0,1,50,0,1136,1144,208,200,0,-280,-408,0,1,50,0,784,960,176,184,0,-280,-408,0,0,50,0,784,960,176,184,0,-280,-288,0,1,50,0,784,960,176,184,0,-280,-288,0,0,50,0,784,960,176,184,0,-280,-128,0,1,50,0,784,960,176,184,0,-280,-128,0,0,50,0,784,960,176,184,0,-208,-440,0,1,50,0,784,960,176,184,0,-208,-440,0,0,50,0,784,960,176,184,0,-200,-288,0,1,50,0,784,960,176,184,0,-200,-288,0,0,50,0,784,960,176,184,0,-208,-160,0,1,50,0,784,960,176,184,0,-208,-160,0,0,50,0,784,960,176,184,0,41,-145,0,1,25,0,1312,128,32,32,0,43,-119,0,1,25,0,1312,192,32,32,0,37,-177,0,1,25,0,1312,160,32,32,0,-56,-148,0,0,100,0,336,1008,112,112,0,-1,-161,3,1,25,0,1312,128,32,32,0,-29,-169,3,1,25,0,1312,192,32,32,0,-46,-137,3,1,25,0,1312,160,32,32,0,-352,-440,0,1,50,0,784,960,176,184,0,-352,-440,0,0,50,0,784,960,176,184,0,-352,-288,0,1,50,0,784,960,176,184,0,-352,-288,0,0,50,0,784,960,176,184,0,-352,-160,0,1,50,0,784,960,176,184,0,-352,-160,0,0,50,0,784,960,176,184,0,-56,-24,0,0,100,0,800,64,112,48,0,
0,32,-293,-288,0,1,40,0,1224,464,104,56,0,-293,-288,0,0,40,0,1224,464,104,56,0,-307,-149,2,1,40,0,1224,464,104,56,0,-307,-149,2,0,40,0,1224,464,104,56,0,-72,-194,0,1,40,-180,1128,464,64,104,0,-72,-194,0,0,40,-180,1128,464,64,104,0,-224,-160,2,1,20,0,1136,1144,216,200,0,-416,-216,2,1,20,0,1136,1144,216,200,0,-184,-432,2,1,20,0,1136,1144,216,200,0,-264,-312,2,1,20,0,1136,1144,216,200,0,-312,-480,3,1,20,0,1136,1144,216,200,0,-400,-384,3,1,20,0,1136,1144,216,200,0,-280,-408,0,1,5,0,784,960,176,184,0,-280,-408,0,0,5,0,784,960,176,184,0,-280,-288,0,1,5,0,784,960,176,184,0,-280,-288,0,0,5,0,784,960,176,184,0,-280,-128,0,1,5,0,784,960,176,184,0,-280,-128,0,0,5,0,784,960,176,184,0,-208,-440,0,1,5,0,784,960,176,184,0,-208,-440,0,0,5,0,784,960,176,184,0,-208,-296,0,1,5,0,784,960,176,184,0,-208,-296,0,0,5,0,784,960,176,184,0,-208,-160,0,1,5,0,784,960,176,184,0,-208,-160,0,0,5,0,784,960,176,184,0,-56,-148,0,0,100,0,0,1008,112,112,0,-352,-440,0,1,5,0,784,960,176,184,0,-352,-440,0,0,5,0,784,960,176,184,0,-352,-288,0,1,5,0,784,960,176,184,0,-352,-288,0,0,5,0,784,960,176,184,0,-352,-160,0,1,5,0,784,960,176,184,0,-352,-160,0,0,5,0,784,960,176,184,0,-56,-24,0,0,100,0,800,64,112,48,0,
0,2,-48,-132,0,0,100,0,672,1008,112,112,0,-56,-24,0,0,100,0,800,64,112,48,0,
0,2,-48,-116,0,0,100,0,560,1008,112,104,0,-56,-24,0,0,100,0,800,64,112,48,0,
0,0,
0,0,
0,0,
0,0,
0,0,
0,0,
0,0,
0,0,
0,0,
0,0,
0,0,
0,0,
0,0,
0,0,
0,0,
0,0,
0,0,
0,0,
0,0,
0,2,-56,-112,0,0,100,0,0,1120,112,112,0,-56,-24,0,0,100,0,800,64,112,48,0,
0,2,-56,-116,0,0,100,0,224,784,112,112,0,-56,-24,0,0,100,0,800,64,112,48,0,
0,9,-80,-136,0,1,100,0,1160,0,96,128,0,-8,-64,1,1,100,0,1152,184,96,72,0,-112,-64,0,1,100,0,1152,184,96,72,0,-8,-64,1,0,40,0,1152,184,96,72,0,-112,-64,0,0,40,0,1152,184,96,72,0,-112,-112,1,1,100,0,1128,456,64,112,0,-104,-112,0,1,100,0,1608,512,56,112,0,-72,-124,0,0,100,0,448,1112,112,120,0,-56,-24,0,0,100,0,800,64,112,48,0,
0,22,-80,-136,0,1,50,0,1160,0,96,128,0,-160,-64,0,1,100,0,1152,296,80,80,0,-112,-64,0,1,100,0,1152,184,96,72,0,-160,-64,0,0,40,0,1152,296,80,80,0,-112,-64,0,0,40,0,1152,184,96,72,0,-176,-136,0,1,100,0,456,1696,160,144,0,56,-64,1,1,100,0,1152,296,80,80,0,-8,-64,1,1,100,0,1152,184,96,72,0,56,-64,1,0,40,0,1152,296,80,80,0,-8,-64,1,0,40,0,1152,184,96,72,0,-144,-120,1,1,100,0,1344,456,56,112,0,-176,-264,1,1,100,0,1128,456,64,112,0,-152,-176,1,1,25,0,1128,456,64,112,0,-160,-232,1,1,100,0,1128,456,64,112,0,-136,-144,1,1,25,0,1128,456,64,112,0,-120,-112,0,1,100,0,1608,512,56,112,0,-160,-256,0,1,100,0,1608,512,56,112,0,-128,-168,0,1,25,0,1608,512,56,112,0,-144,-224,0,1,100,0,1608,512,56,112,0,-112,-136,0,1,25,0,1608,512,56,112,0,-64,-124,0,0,100,0,560,1112,112,120,0,-56,-24,0,0,100,0,800,64,112,48,0,
0,34,-224,-144,1,1,100,90,568,1568,144,120,0,-144,-112,0,1,100,0,96,1568,96,120,0,-208,-160,1,1,100,90,328,1568,144,120,0,-184,-144,1,1,100,90,328,1696,144,120,0,-144,-120,0,1,100,0,96,1568,96,120,0,-176,-104,0,1,100,0,1232,256,104,120,0,-208,-72,0,1,100,0,1152,296,80,80,0,-112,-64,0,1,100,0,1152,184,96,72,0,-176,-104,0,0,40,0,1232,256,104,120,0,-208,-72,0,0,40,0,1152,296,80,80,0,-112,-64,0,0,40,0,1152,184,96,72,0,-184,-152,0,1,50,0,456,1696,160,144,0,48,-104,1,1,100,0,1232,256,104,120,0,-8,-64,1,1,100,0,1152,184,96,72,0,48,-104,1,0,40,0,1232,256,104,120,0,-8,-64,1,0,40,0,1152,184,96,72,0,-136,-112,0,1,100,0,1552,512,56,112,0,-208,-280,1,1,100,0,1344,456,56,112,0,-176,-192,1,1,25,0,1344,456,56,112,0,-192,-240,1,1,100,0,1344,456,56,112,0,-160,-152,1,1,25,0,1344,456,56,112,0,-216,-360,1,1,50,0,1128,456,64,112,0,-192,-296,1,1,25,0,1128,456,64,112,0,-208,-328,1,1,50,0,1128,456,64,112,0,-184,-264,1,1,25,0,1128,456,64,112,0,-176,-264,0,1,100,0,1608,512,56,112,0,-144,-176,0,1,25,0,1608,512,56,112,0,-160,-224,0,1,100,0,1608,512,56,112,0,-128,-136,0,1,25,0,1608,512,56,112,0,-184,-312,0,1,50,0,1608,512,56,112,0,-184,-312,0,0,25,0,1608,512,56,112,0,-160,-248,0,1,25,0,1608,512,56,112,0,-64,-124,0,0,100,0,672,1112,112,120,0,-56,-24,0,0,100,0,800,64,112,48,0,
0,34,-256,-112,1,1,100,90,568,1568,144,120,0,-72,-24,0,1,100,0,1344,1160,152,40,0,-208,-120,0,1,100,0,208,1568,128,128,0,-160,-128,0,1,100,0,112,1688,112,140,0,-144,-112,0,1,100,0,96,1568,96,120,0,-112,-104,0,1,100,0,0,1568,96,120,0,-176,-104,0,1,100,0,1232,256,104,120,0,-208,-72,0,1,100,0,1152,296,80,80,0,-112,-64,0,1,100,0,1152,184,96,72,0,-176,-104,0,0,40,0,1232,256,104,120,0,-208,-72,0,0,40,0,1152,296,80,80,0,-112,-64,0,0,40,0,1152,184,96,72,0,48,-104,1,1,100,0,1232,256,104,120,0,-8,-64,1,1,100,0,1152,184,96,72,0,48,-104,1,0,40,0,1232,256,104,120,0,-8,-64,1,0,40,0,1152,184,96,72,0,-184,-112,0,1,100,0,1552,512,56,112,0,-336,-184,1,1,100,90,1552,512,56,112,0,-272,-144,1,1,25,90,1552,512,56,112,0,-288,-152,1,1,100,90,1552,512,56,112,0,-224,-112,1,1,25,90,1552,512,56,112,0,-264,-288,0,1,100,0,1552,512,56,112,0,-208,-200,0,1,40,0,1552,512,56,112,0,-240,-248,0,1,100,0,1552,512,56,112,0,-184,-160,0,1,40,0,1552,512,56,112,0,-200,-312,0,1,50,0,1608,512,56,112,0,-240,-336,1,1,50,0,1344,456,56,112,0,-208,-248,1,1,25,0,1344,456,56,112,0,-216,-352,0,1,50,0,1608,512,56,112,0,-192,-288,0,1,25,0,1608,512,56,112,0,-176,-248,0,1,25,0,1608,512,56,112,0,-56,-116,0,0,100,0,112,1120,112,112,0,-20,-120,0,0,100,0,256,1120,32,32,0,-56,-24,0,0,100,0,800,64,112,48,0,
0,39,-296,-144,1,1,50,90,568,1568,144,120,0,-88,-32,0,1,100,0,1344,1200,176,48,0,-72,-24,0,1,50,0,1344,1160,152,40,0,-248,-160,0,1,100,0,200,1568,128,128,0,-160,-128,0,1,100,0,224,1688,112,140,0,-208,-120,0,1,100,0,208,1568,128,128,0,-144,-112,0,1,100,0,96,1568,96,120,0,-112,-104,0,1,100,0,0,1568,96,120,0,-176,-104,0,1,100,0,1232,256,104,120,0,-208,-72,0,1,100,0,1152,296,80,80,0,-112,-64,0,1,100,0,1152,184,96,72,0,-176,-104,0,0,40,0,1232,256,104,120,0,-208,-72,0,0,40,0,1152,296,80,80,0,-112,-64,0,0,40,0,1152,184,96,72,0,-240,-96,0,1,100,0,608,1720,168,112,0,48,-104,1,1,100,0,1232,256,104,120,0,-8,-64,1,1,100,0,1152,184,96,72,0,48,-104,1,0,40,0,1232,256,104,120,0,-8,-64,1,0,40,0,1152,184,96,72,0,-328,-96,0,1,25,90,1344,456,56,112,0,-280,-80,0,1,25,90,1344,456,56,112,0,-304,-120,1,1,25,90,1552,520,56,112,0,-264,-96,1,1,25,90,1552,520,56,112,0,-424,-224,1,1,100,90,1552,512,56,112,0,-336,-176,1,1,25,90,1552,512,56,112,0,-384,-200,1,1,100,90,1552,512,56,112,0,-296,-152,1,1,25,90,1552,512,56,112,0,-304,-352,0,1,50,0,1552,512,56,112,0,-248,-264,0,1,10,0,1552,512,56,112,0,-280,-312,0,1,50,0,1552,512,56,112,0,-224,-224,0,1,10,0,1552,512,56,112,0,8,-104,0,1,100,0,1248,128,32,32,0,24,-96,0,1,100,0,1248,192,32,32,0,24,-136,0,1,100,0,1248,160,32,32,0,-56,-152,0,0,100,0,336,784,112,112,0,-10,-108,3,1,100,0,1248,128,32,32,0,-26,-124,3,1,100,0,1248,192,32,32,0,-26,-84,3,1,100,0,1248,160,32,32,0,-56,-24,0,0,100,0,800,64,112,48,0,
0,43,-320,-160,1,1,25,90,568,1568,144,120,0,-112,-40,0,1,100,0,1528,1152,232,64,0,-88,-32,0,1,50,0,1344,1200,176,48,0,-288,-120,1,1,100,90,328,1568,144,128,0,-248,-168,0,1,100,0,344,1568,128,128,0,-256,-168,0,1,50,0,328,1688,128,128,0,-192,-144,0,1,50,0,576,1568,112,140,0,80,-120,0,1,100,0,1128,456,64,120,0,80,-120,0,0,40,0,1128,456,64,120,0,-112,-104,0,1,100,0,0,1568,96,120,0,-176,-104,0,1,100,0,1232,256,104,120,0,-208,-72,0,1,100,0,1152,296,80,80,0,-112,-64,0,1,100,0,1152,184,96,72,0,-176,-104,0,0,40,0,1232,256,104,120,0,-208,-72,0,0,40,0,1152,296,80,80,0,-112,-64,0,0,40,0,1152,184,96,72,0,-264,-104,0,1,100,0,360,1608,88,88,0,-256,-104,0,1,50,0,608,1720,168,112,0,48,-104,1,1,100,0,1232,256,104,120,0,-8,-64,1,1,100,0,1152,184,96,72,0,48,-104,1,0,40,0,1232,256,104,120,0,-8,-64,1,0,40,0,1152,184,96,72,0,-432,-120,0,1,100,90,1344,456,56,112,0,-376,-104,0,1,50,90,1344,456,56,112,0,-344,-96,0,1,100,90,1344,456,56,112,0,-288,-80,0,1,50,90,1344,456,56,112,0,-400,-168,1,1,100,90,1552,520,56,112,0,-336,-136,1,1,25,90,1552,520,56,112,0,-344,-136,1,1,100,90,1552,520,56,112,0,-280,-104,1,1,25,90,1552,520,56,112,0,-472,-248,1,1,50,90,1552,512,56,112,0,-392,-200,1,1,10,90,1552,512,56,112,0,-424,-224,1,1,50,90,1552,512,56,112,0,-344,-176,1,1,10,90,1552,512,56,112,0,-216,-112,0,1,25,0,1088,256,64,64,0,32,-108,0,1,100,0,1280,128,32,32,0,40,-88,0,1,100,0,1280,192,32,32,0,-56,-160,0,0,100,0,448,784,112,112,0,-2,-124,3,1,100,0,1280,128,32,32,0,-28,-132,3,1,100,0,1280,192,32,32,0,-42,-100,3,1,100,0,1280,160,32,32,0,48,-96,0,0,100,0,1336,456,64,120,0,-56,-24,0,0,100,0,800,64,112,48,0,
0,44,-128,-48,0,1,100,0,1528,1216,264,80,0,-112,-40,0,1,50,0,1528,1152,232,64,0,-40,-40,0,1,70,0,1264,528,40,48,0,-16,-48,0,1,70,0,1200,528,64,48,0,48,-152,0,1,70,0,1336,456,64,120,0,80,-176,0,1,70,0,1128,456,64,120,0,-40,-40,0,0,40,0,1264,528,40,48,0,-16,-48,0,0,40,0,1200,528,64,48,0,48,-152,0,0,40,0,1336,456,64,120,0,80,-176,0,0,40,0,1128,456,64,120,0,-496,-136,0,1,50,90,1344,456,56,112,0,-408,-112,0,1,25,90,1344,456,56,112,0,-440,-120,0,1,50,90,1344,456,56,112,0,-352,-96,0,1,25,90,1344,456,56,112,0,-528,-216,1,1,50,90,1552,520,56,112,0,-432,-168,1,1,25,90,1552,520,56,112,0,-488,-192,1,1,50,90,1552,520,56,112,0,-392,-144,1,1,25,90,1552,520,56,112,0,-112,-104,0,1,100,0,0,1568,96,120,0,-176,-104,0,1,100,0,1232,256,104,120,0,-208,-72,0,1,100,0,1152,296,80,80,0,-112,-64,0,1,100,0,1152,184,96,72,0,-176,-104,0,0,40,0,1232,256,104,120,0,-208,-72,0,0,40,0,1152,296,80,80,0,-112,-64,0,0,40,0,1152,184,96,72,0,-272,-112,0,1,25,0,608,1720,168,112,0,-296,-176,1,1,25,90,568,1568,120,128,0,-320,-144,0,1,25,0,216,1688,120,128,0,48,-104,1,1,100,0,1232,256,104,120,0,-8,-64,1,1,100,0,1152,184,96,72,0,48,-104,1,0,40,0,1232,256,104,120,0,-8,-64,1,0,40,0,1152,184,96,72,0,40,-112,0,1,50,0,1312,128,32,32,0,42,-86,0,1,50,0,1312,192,32,32,0,36,-144,0,1,50,0,1312,160,32,32,0,-56,-168,0,0,100,0,560,784,112,112,0,-1,-128,3,1,50,0,1312,128,32,32,0,-29,-136,3,1,50,0,1312,192,32,32,0,-46,-104,3,1,50,0,1312,160,32,32,0,-56,-24,0,0,100,0,800,64,112,48,0,-152,-112,0,1,70,0,1272,384,48,72,0,-112,-96,0,1,70,0,1224,456,104,64,0,-152,-112,0,0,40,0,1272,384,48,72,0,-112,-96,0,0,40,0,1224,456,104,64,0,
0,38,-128,-47,0,1,25,0,1528,1216,264,80,0,-40,-72,0,1,80,0,1264,528,40,48,0,-16,-144,0,1,80,0,1200,528,64,48,0,48,-208,0,1,80,0,1336,456,64,120,0,80,-192,0,1,80,0,1128,456,64,120,0,-112,-208,0,1,80,0,1224,456,104,64,0,-152,-192,0,1,80,0,1272,384,48,72,0,-40,-72,0,0,40,0,1264,528,40,48,0,-16,-144,0,0,40,0,1200,528,64,48,0,48,-208,0,0,40,0,1336,456,64,120,0,80,-192,0,0,40,0,1128,456,64,120,0,-112,-208,0,0,40,0,1224,456,104,64,0,-152,-192,0,0,40,0,1272,384,48,72,0,-112,-104,0,1,100,0,0,1568,96,120,0,-176,-104,0,1,100,0,1232,256,104,120,0,-208,-72,0,1,100,0,1152,296,80,80,0,-112,-64,0,1,100,0,1152,184,96,72,0,-176,-104,0,0,40,0,1232,256,104,120,0,-208,-72,0,0,40,0,1152,296,80,80,0,-112,-64,0,0,40,0,1152,184,96,72,0,48,-104,1,1,100,0,1232,256,104,120,0,-8,-64,1,1,100,0,1152,184,96,72,0,48,-104,1,0,40,0,1232,256,104,120,0,-8,-64,1,0,40,0,1152,184,96,72,0,40,-112,0,1,25,0,1312,128,32,32,0,42,-86,0,1,25,0,1312,192,32,32,0,36,-144,0,1,25,0,1312,160,32,32,0,0,-147,2,1,40,0,1552,640,80,64,0,-56,-168,0,0,100,0,672,784,112,112,0,-1,-128,3,1,25,0,1312,128,32,32,0,-29,-136,3,1,25,0,1312,192,32,32,0,-46,-104,3,1,25,0,1312,160,32,32,0,24,-64,0,1,80,0,1136,384,48,56,0,0,-64,1,1,80,0,1192,384,72,56,0,24,-64,0,0,40,0,1136,384,48,56,0,0,-64,1,0,40,0,1192,384,72,56,0,-56,-24,0,0,50,0,912,64,112,48,0,-56,-24,0,0,50,0,800,64,112,48,0,
0,34,73,-38,0,1,100,90,1272,384,40,72,0,-40,-80,0,1,100,0,1264,528,40,48,0,-16,-232,0,1,100,0,1200,528,64,48,0,48,-232,0,1,100,0,1336,456,64,120,0,80,-194,0,1,100,0,1128,456,64,120,0,-112,-248,0,1,100,0,1224,456,104,64,0,-152,-224,0,1,100,0,1272,384,48,72,0,73,-38,0,0,40,90,1272,384,40,72,0,-40,-80,0,0,40,0,1264,528,40,48,0,-16,-232,0,0,40,0,1200,528,64,48,0,48,-232,0,0,40,0,1336,456,64,120,0,80,-194,0,0,40,0,1128,456,64,120,0,-112,-248,0,0,40,0,1224,456,104,64,0,-152,-224,0,0,40,0,1272,384,48,72,0,-112,-104,0,1,100,0,0,1568,96,120,0,-176,-104,0,1,100,0,1232,256,104,120,0,-208,-72,0,1,100,0,1152,296,80,80,0,-112,-64,0,1,100,0,1152,184,96,72,0,-176,-104,0,0,40,0,1232,256,104,120,0,-208,-72,0,0,40,0,1152,296,80,80,0,-112,-64,0,0,40,0,1152,184,96,72,0,48,-104,1,1,100,0,1232,256,104,120,0,-8,-64,1,1,100,0,1152,184,96,72,0,48,-104,1,0,40,0,1232,256,104,120,0,-8,-64,1,0,40,0,1152,184,96,72,0,-24,-200,0,1,100,0,1352,568,64,64,0,0,-149,2,1,80,0,1472,704,80,64,0,-40,-185,0,0,100,0,224,1344,112,112,0,-24,-181,0,0,100,0,224,1456,112,112,0,24,-96,0,1,100,0,1136,384,48,56,0,0,-144,1,1,100,0,1192,384,72,56,0,24,-96,0,0,40,0,1136,384,48,56,0,0,-144,1,0,40,0,1192,384,72,56,0,-56,-24,0,0,100,0,912,64,112,48,0,
0,34,73,-62,0,1,100,90,1272,384,40,72,0,-40,-82,0,1,100,0,1264,528,40,48,0,-16,-264,0,1,100,0,1200,528,64,48,0,48,-234,0,1,100,0,1336,456,64,120,0,80,-196,0,1,100,0,1128,456,64,120,0,-112,-250,0,1,100,0,1224,456,104,64,0,-152,-228,0,1,100,0,1272,384,48,72,0,0,-236,1,1,100,0,1192,384,72,56,0,73,-62,0,0,40,90,1272,384,40,72,0,-40,-82,0,0,40,0,1264,528,40,48,0,-16,-264,0,0,40,0,1200,528,64,48,0,48,-234,0,0,40,0,1336,456,64,120,0,80,-196,0,0,40,0,1128,456,64,120,0,-112,-250,0,0,40,0,1224,456,104,64,0,-152,-228,0,0,40,0,1272,384,48,72,0,0,-236,1,0,40,0,1192,384,72,56,0,-112,-104,0,1,50,0,0,1568,96,120,0,-176,-104,0,1,50,0,1232,256,104,120,0,-208,-72,0,1,50,0,1152,296,80,80,0,-112,-64,0,1,50,0,1152,184,96,72,0,-176,-104,0,0,20,0,1232,256,104,120,0,-208,-72,0,0,20,0,1152,296,80,80,0,-112,-64,0,0,20,0,1152,184,96,72,0,48,-104,1,1,50,0,1232,256,104,120,0,-8,-64,1,1,50,0,1152,184,96,72,0,48,-104,1,0,20,0,1232,256,104,120,0,-8,-64,1,0,20,0,1152,184,96,72,0,24,-112,0,1,100,0,1136,384,48,56,0,24,-112,0,0,40,0,1136,384,48,56,0,-24,-200,0,1,100,0,1352,632,64,64,0,0,-149,2,1,80,0,1472,704,80,64,0,-32,-185,0,0,100,0,232,1344,112,112,0,-24,-181,0,0,100,0,224,1456,112,112,0,-56,-24,0,0,100,0,912,64,112,48,0,
0,33,73,-66,0,1,90,90,1272,384,40,72,0,-40,-83,0,1,90,0,1264,528,40,48,0,-16,-268,0,1,90,0,1200,528,64,48,0,48,-235,0,1,90,0,1336,456,64,120,0,80,-197,0,1,90,0,1128,456,64,120,0,-112,-251,0,1,90,0,1224,456,104,64,0,-152,-230,0,1,90,0,1272,384,48,72,0,0,-240,1,1,90,0,1192,384,72,56,0,73,-66,0,0,40,90,1272,384,40,72,0,-40,-83,0,0,40,0,1264,528,40,48,0,-16,-268,0,0,40,0,1200,528,64,48,0,48,-235,0,0,40,0,1336,456,64,120,0,80,-197,0,0,40,0,1128,456,64,120,0,-112,-251,0,0,40,0,1224,456,104,64,0,-152,-230,0,0,40,0,1272,384,48,72,0,0,-240,1,0,40,0,1192,384,72,56,0,-112,-104,0,1,25,0,0,1568,96,120,0,-176,-104,0,1,25,0,1232,256,104,120,0,-208,-72,0,1,25,0,1152,296,80,80,0,-176,-104,0,0,10,0,1232,256,104,120,0,-208,-72,0,0,10,0,1152,296,80,80,0,-112,-64,0,0,10,0,1152,184,96,72,0,48,-104,1,1,25,0,1232,256,104,120,0,-8,-64,1,1,25,0,1152,184,96,72,0,48,-104,1,0,10,0,1232,256,104,120,0,-8,-64,1,0,10,0,1152,184,96,72,0,24,-114,0,1,100,0,1136,384,48,56,0,24,-114,0,0,40,0,1136,384,48,56,0,-24,-200,0,1,100,0,1352,696,64,64,0,0,-149,2,1,80,0,1552,704,80,64,0,-40,-184,0,0,100,0,336,1344,112,112,0,-24,-180,0,0,100,0,336,1456,112,112,0,-56,-24,0,0,100,0,912,64,112,48,0,
0,23,73,-68,0,1,100,90,1272,384,40,72,0,-40,-83,0,1,100,0,1264,528,40,48,0,-16,-268,0,1,100,0,1200,528,64,48,0,48,-235,0,1,100,0,1336,456,64,120,0,80,-197,0,1,100,0,1128,456,64,120,0,-112,-251,0,1,100,0,1224,456,104,64,0,-152,-230,0,1,100,0,1272,384,48,72,0,0,-240,1,1,100,0,1192,384,72,56,0,24,-114,0,1,100,0,1136,384,48,56,0,73,-68,0,0,40,90,1272,384,40,72,0,-40,-83,0,0,40,0,1264,528,40,48,0,-16,-268,0,0,40,0,1200,528,64,48,0,48,-235,0,0,40,0,1336,456,64,120,0,80,-197,0,0,40,0,1128,456,64,120,0,-112,-251,0,0,40,0,1224,456,104,64,0,-152,-230,0,0,40,0,1272,384,48,72,0,0,-240,1,0,40,0,1192,384,72,56,0,24,-114,0,0,40,0,1136,384,48,56,0,-24,-200,0,1,100,0,1352,760,64,64,0,0,-149,2,1,80,0,1552,704,80,64,0,-40,-184,0,0,100,0,336,1344,112,112,0,-24,-180,0,0,100,0,336,1456,112,112,0,-56,-24,0,0,100,0,912,64,112,48,0,
0,25,-16,-248,0,1,100,0,784,688,80,80,0,-8,-228,0,1,100,-90,1344,200,88,48,0,73,-68,0,1,80,90,1272,384,40,72,0,-40,-83,0,1,80,0,1264,528,40,48,0,-16,-268,0,1,80,0,1200,528,64,48,0,48,-235,0,1,80,0,1336,456,64,120,0,80,-197,0,1,80,0,1128,456,64,120,0,-112,-251,0,1,80,0,1224,456,104,64,0,-152,-230,0,1,80,0,1272,384,48,72,0,0,-240,1,1,80,0,1192,384,72,56,0,24,-114,0,1,80,0,1136,384,48,56,0,73,-68,0,0,40,90,1272,384,40,72,0,-40,-83,0,0,40,0,1264,528,40,48,0,-16,-268,0,0,40,0,1200,528,64,48,0,48,-235,0,0,40,0,1336,456,64,120,0,80,-197,0,0,40,0,1128,456,64,120,0,-112,-251,0,0,40,0,1224,456,104,64,0,-152,-230,0,0,40,0,1272,384,48,72,0,0,-240,1,0,40,0,1192,384,72,56,0,24,-114,0,0,40,0,1136,384,48,56,0,-24,-200,0,1,100,0,1352,824,64,64,0,0,-149,2,1,80,0,1472,640,80,64,0,-40,-184,0,0,100,0,448,1344,112,112,0,-24,-180,0,0,100,0,448,1456,112,112,0,-56,-24,0,0,100,0,912,64,112,48,0,
0,34,48,-180,0,1,100,-90,784,688,80,80,0,4,-172,0,1,100,-180,1344,200,88,48,0,-16,-248,0,1,60,0,864,688,80,80,0,-8,-228,0,1,100,-90,1344,16,88,48,0,73,-68,0,1,80,90,1272,384,40,72,0,-40,-83,0,1,80,0,1264,528,40,48,0,-16,-268,0,1,80,0,1200,528,64,48,0,48,-235,0,1,80,0,1336,456,64,120,0,80,-197,0,1,80,0,1128,456,64,120,0,-112,-251,0,1,80,0,1224,456,104,64,0,-152,-230,0,1,80,0,1272,384,48,72,0,2,-241,1,1,100,0,1192,384,72,56,0,0,-240,1,1,80,0,1192,384,72,56,0,24,-114,0,1,80,0,1136,384,48,56,0,73,-68,0,0,40,90,1272,384,40,72,0,-40,-83,0,0,40,0,1264,528,40,48,0,-16,-268,0,0,40,0,1200,528,64,48,0,48,-235,0,0,40,0,1336,456,64,120,0,80,-197,0,0,40,0,1128,456,64,120,0,-112,-251,0,0,40,0,1224,456,104,64,0,-152,-230,0,0,40,0,1272,384,48,72,0,0,-240,1,0,40,0,1192,384,72,56,0,24,-114,0,0,40,0,1136,384,48,56,0,-24,-200,0,1,0,0,1352,824,64,64,0,0,-149,2,1,80,0,1472,640,80,64,0,-40,-184,0,0,100,0,448,1344,112,112,0,-24,-180,0,0,100,0,448,1456,112,112,0,-200,-72,0,1,100,0,784,688,80,80,0,-208,-80,0,1,100,0,1152,304,80,72,0,-208,-80,0,0,40,0,1152,304,80,72,0,-176,-80,2,1,100,0,1360,320,72,64,0,-136,-152,2,1,100,0,1488,320,112,96,0,-64,-224,2,1,100,0,1488,320,112,96,0,-56,-24,0,0,100,0,912,64,112,48,0,
0,40,48,-180,0,1,100,-90,864,688,80,80,0,4,-172,0,1,100,0,1432,16,88,48,0,-16,-248,0,1,60,0,944,688,80,80,0,-8,-228,0,1,50,-90,1344,16,88,48,0,73,-68,0,1,80,90,1272,384,40,72,0,-40,-83,0,1,80,0,1264,528,40,48,0,-16,-268,0,1,80,0,1200,528,64,48,0,48,-235,0,1,80,0,1336,456,64,120,0,81,-197,0,1,100,0,1128,456,64,120,0,80,-197,0,1,80,0,1128,456,64,120,0,-112,-251,0,1,80,0,1224,456,104,64,0,-152,-230,0,1,80,0,1272,384,48,72,0,0,-240,1,1,80,0,1192,384,72,56,0,24,-114,0,1,80,0,1136,384,48,56,0,73,-68,0,0,40,90,1272,384,40,72,0,-40,-83,0,0,40,0,1264,528,40,48,0,-16,-268,0,0,40,0,1200,528,64,48,0,48,-235,0,0,40,0,1336,456,64,120,0,80,-197,0,0,40,0,1128,456,64,120,0,-112,-251,0,0,40,0,1224,456,104,64,0,-152,-230,0,0,40,0,1272,384,48,72,0,0,-240,1,0,40,0,1192,384,72,56,0,24,-114,0,0,40,0,1136,384,48,56,0,-24,-200,0,1,100,0,1352,568,64,64,0,0,-149,2,1,80,0,1552,640,80,64,0,-40,-184,0,0,100,0,560,1344,112,112,0,-24,-180,0,0,100,0,560,1456,112,112,0,-176,-60,0,1,100,-90,784,688,80,80,0,-184,-72,0,1,100,0,1152,184,96,72,0,-184,-72,0,0,50,0,1152,184,96,72,0,-164,-64,1,1,100,-180,1344,256,96,56,0,-152,-100,1,1,100,0,1432,152,168,80,0,-56,-148,1,1,100,0,1432,152,168,80,0,-200,-72,0,1,100,0,864,688,80,80,0,-224,-128,0,1,100,0,1232,256,104,120,0,-224,-128,0,0,40,0,1232,256,104,120,0,-176,-80,2,1,100,0,1360,320,72,64,0,-136,-152,2,1,100,0,1488,320,112,96,0,-64,-224,2,1,100,0,1488,320,112,96,0,-56,-24,0,0,100,0,912,64,112,48,0,
0,43,-168,-240,3,1,100,-90,784,688,80,80,0,-132,-224,3,1,100,0,1432,16,88,48,0,-60,-200,3,1,100,0,1432,16,88,48,0,48,-180,0,1,100,-90,944,688,80,80,0,4,-172,0,1,100,0,1432,80,88,48,0,-80,-248,0,1,100,0,784,688,80,80,0,-72,-220,0,1,100,0,1344,320,88,64,0,-16,-248,0,1,25,0,1024,688,80,80,0,73,-68,0,1,80,90,1272,384,40,72,0,-40,-83,0,1,80,0,1264,528,40,48,0,-16,-268,0,1,80,0,1200,528,64,48,0,48,-235,0,1,80,0,1336,456,64,120,0,80,-197,0,1,80,0,1128,456,64,120,0,-112,-251,0,1,80,0,1224,456,104,64,0,-152,-230,0,1,80,0,1272,384,48,72,0,0,-240,1,1,80,0,1192,384,72,56,0,24,-114,0,1,80,0,1136,384,48,56,0,73,-68,0,0,40,90,1272,384,40,72,0,-40,-83,0,0,40,0,1264,528,40,48,0,-16,-268,0,0,40,0,1200,528,64,48,0,48,-235,0,0,40,0,1336,456,64,120,0,80,-197,0,0,40,0,1128,456,64,120,0,-112,-251,0,0,40,0,1224,456,104,64,0,-152,-230,0,0,40,0,1272,384,48,72,0,0,-240,1,0,40,0,1192,384,72,56,0,24,-114,0,0,40,0,1136,384,48,56,0,-24,-200,0,1,100,0,1352,632,64,64,0,0,-149,2,1,80,0,1552,640,80,64,0,-40,-184,0,0,100,0,560,1344,112,112,0,-24,-180,0,0,100,0,560,1456,112,112,0,-176,-60,0,1,100,-90,864,688,80,80,0,-184,-72,0,1,100,0,1152,184,96,72,0,-184,-72,0,0,40,0,1152,184,96,72,0,-164,-64,1,1,100,-180,1344,256,96,56,0,-152,-100,1,1,100,0,1432,152,168,80,0,-56,-148,1,1,100,0,1432,152,168,80,0,-200,-72,0,1,100,0,944,688,80,80,0,-224,-128,0,1,100,0,1232,256,104,120,0,-224,-128,0,0,40,0,1232,256,104,120,0,-176,-75,2,1,100,0,1360,120,72,64,0,-136,-152,2,1,100,0,1488,416,112,96,0,-64,-224,2,1,100,0,1488,416,112,96,0,-56,-24,0,0,100,0,912,64,112,48,0,
0,54,-168,-240,3,1,100,-90,864,688,80,80,0,-132,-224,3,1,100,0,1432,80,88,48,0,-60,-200,3,1,100,0,1432,80,88,48,0,-160,-48,0,1,100,0,784,688,80,80,0,-168,-56,0,1,100,0,1152,288,80,88,0,-168,-56,0,0,40,0,1152,288,80,88,0,-80,-248,0,1,80,0,864,688,80,80,0,-136,-140,0,1,100,-90,1432,0,168,88,0,-104,-236,0,1,100,-90,1432,0,168,88,0,-72,-220,0,1,100,0,1344,320,88,64,0,-72,-220,0,1,100,0,1344,128,88,64,0,48,-180,0,1,50,-90,1024,688,80,80,0,4,-172,0,1,50,0,1432,80,88,48,0,73,-68,0,1,80,90,1272,384,40,72,0,-40,-83,0,1,80,0,1264,528,40,48,0,-16,-268,0,1,80,0,1200,528,64,48,0,48,-235,0,1,80,0,1336,456,64,120,0,80,-197,0,1,80,0,1128,456,64,120,0,-113,-252,0,1,100,0,1224,456,104,64,0,-112,-251,0,1,80,0,1224,456,104,64,0,-152,-230,0,1,80,0,1272,384,48,72,0,0,-240,1,1,80,0,1192,384,72,56,0,24,-114,0,1,80,0,1136,384,48,56,0,73,-68,0,0,40,90,1272,384,40,72,0,-40,-83,0,0,40,0,1264,528,40,48,0,-16,-268,0,0,40,0,1200,528,64,48,0,48,-235,0,0,40,0,1336,456,64,120,0,80,-197,0,0,40,0,1128,456,64,120,0,-112,-251,0,0,40,0,1224,456,104,64,0,-152,-230,0,0,40,0,1272,384,48,72,0,0,-240,1,0,40,0,1192,384,72,56,0,24,-114,0,0,40,0,1136,384,48,56,0,-264,-56,3,1,100,-90,784,688,80,80,0,-272,-56,0,1,100,0,1152,184,96,72,0,-272,-56,0,0,40,0,1152,184,96,72,0,-248,-136,3,1,100,-90,1432,144,152,96,0,-208,-216,3,1,100,-90,1432,144,152,96,0,-24,-200,0,1,100,0,1352,696,64,64,0,0,-149,2,1,80,0,1472,704,80,64,0,-40,-184,0,0,100,0,0,1344,112,112,0,-24,-180,0,0,100,0,0,1456,112,112,0,-176,-60,0,1,100,-90,944,688,80,80,0,-184,-72,0,1,100,0,1152,184,96,72,0,-184,-72,0,0,40,0,1152,184,96,72,0,-164,-64,1,1,100,-180,1344,72,96,56,0,-152,-100,1,1,100,0,1432,240,168,80,0,-56,-148,1,1,100,0,1432,240,168,80,0,-200,-72,0,1,50,0,1024,688,80,80,0,-224,-128,0,1,100,0,1232,256,104,120,0,-224,-128,0,0,40,0,1232,256,104,120,0,-176,-75,2,1,50,0,1360,120,72,64,0,-136,-152,2,1,50,0,1488,416,112,96,0,-64,-224,2,1,50,0,1488,416,112,96,0,-56,-24,0,0,100,0,912,64,112,48,0,
0,49,-168,-240,3,1,100,-90,944,688,80,80,0,-132,-224,3,1,50,0,1432,80,88,48,0,-60,-200,3,1,50,0,1432,80,88,48,0,-160,-48,0,1,100,0,864,688,80,80,0,-184,-88,0,1,100,0,1232,256,96,120,0,-184,-88,0,0,40,0,1232,256,96,120,0,-80,-248,0,1,80,0,864,688,80,80,0,-136,-140,0,1,100,-90,1432,0,168,88,0,-104,-236,0,1,100,-90,1432,0,168,88,0,-72,-220,0,1,100,0,1344,320,88,64,0,73,-68,0,1,80,90,1272,384,40,72,0,-40,-83,0,1,80,0,1264,528,40,48,0,-16,-268,0,1,80,0,1200,528,64,48,0,48,-235,0,1,80,0,1336,456,64,120,0,80,-197,0,1,80,0,1128,456,64,120,0,-112,-251,0,1,80,0,1224,456,104,64,0,-153,-231,0,1,80,0,1272,384,48,72,0,0,-240,1,1,80,0,1192,384,72,56,0,24,-114,0,1,80,0,1136,384,48,56,0,73,-68,0,0,40,90,1272,384,40,72,0,-40,-83,0,0,40,0,1264,528,40,48,0,-16,-268,0,0,40,0,1200,528,64,48,0,48,-235,0,0,40,0,1336,456,64,120,0,80,-197,0,0,40,0,1128,456,64,120,0,-112,-251,0,0,40,0,1224,456,104,64,0,-152,-230,0,0,40,0,1272,384,48,72,0,0,-240,1,0,40,0,1192,384,72,56,0,24,-114,0,0,40,0,1136,384,48,56,0,-264,-56,3,1,100,-90,864,688,80,80,0,-272,-56,0,1,100,0,1152,184,96,72,0,-272,-56,0,0,50,0,1152,184,96,72,0,-248,-136,3,1,100,-90,1432,144,152,96,0,-208,-216,3,1,100,-90,1432,144,152,96,0,-24,-200,0,1,100,0,1352,760,64,64,0,0,-149,2,1,80,0,1472,704,80,64,0,-40,-184,0,0,100,0,0,1344,112,112,0,-24,-180,0,0,100,0,0,1456,112,112,0,-176,-60,0,1,50,-90,1024,688,80,80,0,-184,-72,0,1,100,0,1152,184,96,72,0,-184,-72,0,0,40,0,1152,184,96,72,0,-176,-60,0,1,50,-90,1024,688,80,80,0,-184,-72,0,1,100,0,1152,184,96,72,0,-184,-72,0,0,40,0,1152,184,96,72,0,-164,-64,1,1,50,-180,1344,72,96,56,0,-152,-100,1,1,50,0,1432,240,168,80,0,-56,-148,1,1,50,0,1432,240,168,80,0,-224,-128,0,1,100,0,1232,256,104,120,0,-224,-128,0,0,40,0,1232,256,104,120,0,-56,-24,0,0,100,0,912,64,112,48,0,
0,54,72,-96,2,1,100,0,784,688,80,80,0,52,-104,0,1,100,-180,1344,320,88,56,0,-12,-168,0,1,100,-180,1472,320,128,96,0,32,-232,0,1,100,0,784,688,80,80,0,4,-216,2,1,100,-180,1344,248,88,56,0,-160,-48,0,1,100,0,944,688,80,80,0,-184,-88,0,1,100,0,1232,256,96,120,0,-184,-88,0,0,40,0,1232,256,96,120,0,-80,-248,0,1,80,0,944,688,80,80,0,-136,-140,0,1,100,-90,1432,0,168,88,0,-104,-236,0,1,100,-90,1432,0,168,88,0,-72,-220,0,1,100,0,1344,128,88,64,0,-264,-56,3,1,100,-90,944,688,80,80,0,-232,-40,0,1,100,0,784,688,80,80,0,-296,-64,0,1,100,0,784,688,80,80,0,-272,-56,0,1,100,0,1152,184,96,72,0,-272,-56,0,0,40,0,1152,184,96,72,0,-312,-72,0,1,50,0,1152,288,80,88,0,-312,-72,0,0,20,0,1152,288,80,88,0,-208,-72,0,1,100,0,864,688,80,80,0,-264,-104,0,1,100,0,864,688,80,80,0,-312,-184,0,1,100,0,960,1000,168,144,0,-264,-184,0,1,100,0,960,1000,168,144,0,-288,-240,0,1,100,0,960,1000,168,144,0,-312,-136,0,0,60,0,960,1000,168,144,0,-264,-136,0,0,60,0,960,1000,168,144,0,-288,-192,0,0,60,0,960,1000,168,144,0,-288,-96,0,1,80,0,960,1024,168,120,0,-232,-96,0,1,80,0,1136,1024,120,120,0,73,-68,0,1,80,90,1272,384,40,72,0,-40,-83,0,1,80,0,1264,528,40,48,0,-16,-268,0,1,80,0,1200,528,64,48,0,48,-235,0,1,80,0,1336,456,64,120,0,80,-197,0,1,80,0,1128,456,64,120,0,-112,-251,0,1,80,0,1224,456,104,64,0,-152,-230,0,1,80,0,1272,384,48,72,0,0,-240,1,1,80,0,1192,384,72,56,0,24,-114,0,1,80,0,1136,384,48,56,0,73,-68,0,0,40,90,1272,384,40,72,0,-40,-83,0,0,40,0,1264,528,40,48,0,-16,-268,0,0,40,0,1200,528,64,48,0,48,-235,0,0,40,0,1336,456,64,120,0,80,-197,0,0,40,0,1128,456,64,120,0,-112,-251,0,0,40,0,1224,456,104,64,0,-152,-230,0,0,40,0,1272,384,48,72,0,0,-240,1,0,40,0,1192,384,72,56,0,24,-114,0,0,40,0,1136,384,48,56,0,-24,-200,0,1,100,0,1352,824,64,64,0,0,-149,2,1,80,0,1552,704,80,64,0,-40,-184,0,0,100,0,112,1344,112,112,0,-24,-180,0,0,100,0,112,1456,112,112,0,-184,-72,0,0,50,0,1152,184,96,72,0,-224,-128,0,0,50,0,1232,256,104,120,0,-56,-24,0,0,100,0,912,64,112,48,0,
0,73,-148,-28,2,1,100,-180,1432,16,168,72,0,-52,-60,2,1,100,-180,1432,16,168,72,0,72,-96,2,1,100,0,864,688,80,80,0,52,-107,0,1,100,-180,1344,128,88,56,0,-12,-168,0,1,100,-180,1472,416,128,96,0,-184,-8,0,1,100,0,784,688,80,80,0,-184,-8,0,1,100,0,1152,184,96,72,0,-208,-24,0,1,100,0,1152,288,80,88,0,-184,-8,0,0,40,0,1152,184,96,72,0,-208,-24,0,0,40,0,1152,288,80,88,0,-176,-8,3,1,100,-90,1368,312,64,72,0,-140,-88,3,1,100,-270,1472,320,128,96,0,-68,-160,3,1,100,-270,1472,320,128,96,0,-12,-216,3,1,100,-270,1472,320,128,96,0,32,-232,0,1,80,0,864,688,80,80,0,4,-216,2,1,100,-180,1344,64,88,56,0,-160,-48,0,1,50,0,1024,688,80,80,0,-184,-88,0,1,100,0,1232,256,96,120,0,-184,-88,0,0,40,0,1232,256,96,120,0,-80,-248,0,1,25,0,1024,688,80,80,0,-136,-140,0,1,100,-90,1432,80,168,72,0,-104,-236,0,1,100,-90,1432,80,168,72,0,-72,-220,0,1,50,0,1344,128,88,64,0,-264,-56,3,1,50,-90,1024,688,80,80,0,-272,-104,1,1,100,0,784,688,80,80,0,-208,-128,1,1,100,0,784,688,80,80,0,-232,-40,0,1,100,0,864,688,80,80,0,-296,-64,0,1,100,0,864,688,80,80,0,-272,-8,0,1,50,0,1024,192,128,48,0,-312,-16,0,1,50,0,1024,192,128,48,0,-224,-16,0,1,50,0,1024,192,128,48,0,-272,-56,0,1,100,0,1152,184,96,72,0,-312,-72,0,1,100,0,1152,288,80,88,0,-272,-56,0,0,40,0,1152,184,96,72,0,-312,-72,0,0,40,0,1152,288,80,88,0,-264,-120,0,1,100,0,984,992,112,152,0,-264,-120,0,0,40,0,984,992,112,152,0,-290,-172,0,1,100,0,1416,784,160,184,0,-288,-170,0,1,100,0,1416,784,160,184,0,-288,-168,0,0,80,0,800,784,160,184,0,-290,-316,0,1,100,0,1416,784,160,184,0,-288,-314,0,1,100,0,1416,784,160,184,0,-288,-312,0,0,80,0,800,784,160,184,0,-290,-460,0,1,100,0,1416,784,160,184,0,-288,-458,0,1,100,0,1416,784,160,184,0,-288,-448,0,0,80,0,800,784,160,184,0,-296,-160,0,1,60,0,960,1000,168,144,0,-288,-96,0,1,100,0,960,1024,168,120,0,75,-66,0,1,100,90,1272,384,40,72,0,73,-68,0,1,80,90,1272,384,40,72,0,-40,-83,0,1,80,0,1264,528,40,48,0,-16,-268,0,1,80,0,1200,528,64,48,0,49,-236,0,1,100,0,1336,456,64,120,0,48,-235,0,1,80,0,1336,456,64,120,0,80,-197,0,1,80,0,1128,456,64,120,0,-112,-251,0,1,80,0,1224,456,104,64,0,-152,-230,0,1,80,0,1272,384,48,72,0,0,-240,1,1,80,0,1192,384,72,56,0,24,-114,0,1,80,0,1136,384,48,56,0,73,-68,0,0,40,90,1272,384,40,72,0,-40,-83,0,0,40,0,1264,528,40,48,0,-16,-268,0,0,40,0,1200,528,64,48,0,48,-235,0,0,40,0,1336,456,64,120,0,80,-197,0,0,40,0,1128,456,64,120,0,-112,-251,0,0,40,0,1224,456,104,64,0,-152,-230,0,0,40,0,1272,384,48,72,0,0,-240,1,0,40,0,1192,384,72,56,0,24,-114,0,0,40,0,1136,384,48,56,0,-24,-192,0,1,100,0,1352,888,64,64,0,0,-149,2,1,80,0,1552,704,80,64,0,-40,-184,0,0,100,0,112,1344,112,112,0,-24,-180,0,0,100,0,112,1456,112,112,0,-56,-24,0,0,100,0,912,64,112,48,0,
0,62,-148,-28,2,1,100,-180,1432,16,168,72,0,-52,-60,2,1,100,-180,1432,16,168,72,0,72,-96,2,1,100,0,944,688,80,80,0,52,-107,0,1,50,-180,1344,128,88,56,0,-12,-168,0,1,50,-180,1472,416,128,96,0,-184,-8,0,1,100,0,864,688,80,80,0,-184,-8,0,1,100,0,1152,184,96,72,0,-224,-56,0,1,100,0,1232,256,104,120,0,-184,-8,0,0,40,0,1152,184,96,72,0,-224,-56,0,0,40,0,1232,256,104,120,0,-176,-8,3,1,100,-90,1368,312,64,72,0,-140,-88,3,1,100,-270,1472,320,128,96,0,-68,-160,3,1,100,-270,1472,320,128,96,0,-12,-216,3,1,100,-270,1472,320,128,96,0,32,-232,0,1,80,0,944,688,80,80,0,4,-216,2,1,50,-180,1344,64,88,56,0,-184,-88,0,1,100,0,1232,256,96,120,0,-184,-88,0,0,40,0,1232,256,96,120,0,-136,-140,0,1,50,-90,1432,80,168,72,0,-104,-236,0,1,50,-90,1432,80,168,72,0,-272,-104,1,1,100,0,864,688,80,80,0,-208,-128,1,1,100,0,864,688,80,80,0,-232,-40,0,1,100,0,944,688,80,80,0,-296,-64,0,1,100,0,944,688,80,80,0,-272,-8,0,1,50,0,1024,192,128,48,0,-312,-16,0,1,50,0,1024,192,128,48,0,-224,-16,0,1,50,0,1024,192,128,48,0,-272,-56,0,1,100,0,1152,184,96,72,0,-312,-72,0,1,100,0,1152,288,80,88,0,-272,-56,0,0,40,0,1152,184,96,72,0,-312,-72,0,0,40,0,1152,288,80,88,0,-264,-120,0,1,100,0,984,992,112,152,0,-264,-120,0,0,40,0,984,992,112,152,0,-288,-170,0,1,100,0,1416,784,160,184,0,-288,-168,0,0,80,0,800,784,160,184,0,-288,-314,0,1,100,0,1416,784,160,184,0,-288,-312,0,0,80,0,800,784,160,184,0,-288,-458,0,1,100,0,1416,784,160,184,0,-288,-456,0,0,80,0,800,784,160,184,0,73,-68,0,1,80,90,1272,384,40,72,0,-40,-83,0,1,80,0,1264,528,40,48,0,-16,-268,0,1,80,0,1200,528,64,48,0,48,-235,0,1,80,0,1336,456,64,120,0,80,-197,0,1,80,0,1128,456,64,120,0,-112,-251,0,1,80,0,1224,456,104,64,0,-152,-230,0,1,80,0,1272,384,48,72,0,0,-240,1,1,80,0,1192,384,72,56,0,24,-114,0,1,80,0,1136,384,48,56,0,73,-68,0,0,40,90,1272,384,40,72,0,-40,-83,0,0,40,0,1264,528,40,48,0,-16,-268,0,0,40,0,1200,528,64,48,0,48,-235,0,0,40,0,1336,456,64,120,0,80,-197,0,0,40,0,1128,456,64,120,0,-112,-251,0,0,40,0,1224,456,104,64,0,-152,-230,0,0,40,0,1272,384,48,72,0,0,-240,1,0,40,0,1192,384,72,56,0,24,-114,0,0,40,0,1136,384,48,56,0,-24,-200,0,1,100,0,1352,568,64,64,0,0,-149,2,1,80,0,1472,640,80,64,0,-40,-184,0,0,100,0,224,1344,112,112,0,-24,-180,0,0,100,0,224,1456,112,112,0,-56,-24,0,0,100,0,912,64,112,48,0,
0,61,-148,-28,2,1,100,-180,1432,80,168,72,0,-52,-60,2,1,100,-180,1432,80,168,72,0,72,-96,2,1,50,0,1024,688,80,80,0,60,-164,1,1,100,-180,784,688,80,80,0,24,-172,3,1,100,0,1344,192,88,56,0,0,-172,3,1,100,0,1432,0,88,56,0,-184,-8,0,1,100,0,944,688,80,80,0,-184,-8,0,1,100,0,1152,184,96,72,0,-224,-56,0,1,100,0,1232,256,104,120,0,-184,-8,0,0,40,0,1152,184,96,72,0,-224,-56,0,0,40,0,1232,256,104,120,0,-173,-8,3,1,100,-90,1368,120,64,72,0,-140,-88,3,1,100,-270,1472,416,128,96,0,-68,-160,3,1,100,-270,1472,416,128,96,0,-12,-216,3,1,100,-270,1472,416,128,96,0,32,-232,0,1,40,0,1024,688,80,80,0,-184,-88,0,1,100,0,1232,256,96,120,0,-184,-88,0,0,40,0,1232,256,96,120,0,-272,-104,1,1,100,0,944,688,80,80,0,-208,-128,1,1,100,0,944,688,80,80,0,-232,-40,0,1,50,0,1024,688,80,80,0,-296,-64,0,1,50,0,1024,688,80,80,0,-272,-8,0,1,100,0,896,112,128,48,0,-312,-16,0,1,100,0,896,112,128,48,0,-224,-16,0,1,100,0,896,112,128,48,0,-272,-56,0,1,100,0,1152,184,96,72,0,-312,-72,0,1,100,0,1152,288,80,88,0,-272,-56,0,0,40,0,1152,184,96,72,0,-312,-72,0,0,40,0,1152,288,80,88,0,-264,-120,0,1,100,0,984,992,112,152,0,-264,-120,0,0,40,0,984,992,112,152,0,-288,-168,0,1,80,0,800,784,160,184,0,-288,-168,0,0,60,0,800,784,160,184,0,-288,-312,0,1,80,0,800,784,160,184,0,-288,-312,0,0,60,0,800,784,160,184,0,-288,-456,0,1,80,0,800,784,160,184,0,-288,-456,0,0,60,0,800,784,160,184,0,-272,-232,0,1,40,0,960,1024,168,120,0,73,-68,0,1,80,90,1272,384,40,72,0,-40,-83,0,1,80,0,1264,528,40,48,0,-16,-268,0,1,80,0,1200,528,64,48,0,48,-235,0,1,80,0,1336,456,64,120,0,80,-197,0,1,80,0,1128,456,64,120,0,-112,-251,0,1,80,0,1224,456,104,64,0,-152,-230,0,1,80,0,1272,384,48,72,0,0,-240,1,1,80,0,1192,384,72,56,0,24,-114,0,1,80,0,1136,384,48,56,0,73,-68,0,0,40,90,1272,384,40,72,0,-40,-83,0,0,40,0,1264,528,40,48,0,-16,-268,0,0,40,0,1200,528,64,48,0,48,-235,0,0,40,0,1336,456,64,120,0,80,-197,0,0,40,0,1128,456,64,120,0,-112,-251,0,0,40,0,1224,456,104,64,0,-152,-230,0,0,40,0,1272,384,48,72,0,0,-240,1,0,40,0,1192,384,72,56,0,24,-114,0,0,40,0,1136,384,48,56,0,-24,-200,0,1,100,0,1352,632,64,64,0,0,-149,2,1,80,0,1472,640,80,64,0,-40,-184,0,0,100,0,224,1344,112,112,0,-24,-180,0,0,100,0,224,1456,112,112,0,-56,-24,0,0,100,0,912,64,112,48,0,
0,63,-148,-28,2,1,50,-180,1432,80,168,72,0,-52,-60,2,1,50,-180,1432,80,168,72,0,-136,-76,2,1,100,0,1432,152,168,80,0,-40,-124,2,1,100,0,1432,152,168,80,0,60,-164,1,1,100,-180,864,688,80,80,0,24,-172,3,1,100,0,1344,8,88,56,0,0,-172,3,1,100,0,1432,64,88,56,0,-184,-8,0,1,50,0,1024,688,80,80,0,-184,-8,0,1,100,0,1152,184,96,72,0,-224,-56,0,1,100,0,1232,256,104,120,0,-184,-8,0,0,40,0,1152,184,96,72,0,-224,-56,0,0,40,0,1232,256,104,120,0,-272,-8,0,1,100,0,1024,112,128,48,0,-312,-16,0,1,100,0,1024,112,128,48,0,-224,-16,0,1,100,0,1024,112,128,48,0,-296,-40,0,1,100,0,784,688,80,80,0,-264,-32,0,1,100,0,1152,184,96,72,0,-264,-32,0,0,40,0,1152,184,96,72,0,-216,-36,2,1,100,0,1432,152,168,80,0,-173,-8,3,1,50,-90,1368,120,64,72,0,-140,-88,3,1,50,-270,1472,416,128,96,0,-68,-160,3,1,50,-270,1472,416,128,96,0,-12,-216,3,1,50,-270,1472,416,128,96,0,-184,-88,0,1,100,0,1232,256,96,120,0,-184,-88,0,0,40,0,1232,256,96,120,0,-272,-104,1,1,50,0,1024,688,80,80,0,-208,-128,1,1,50,0,1024,688,80,80,0,-272,-56,0,1,100,0,1152,184,96,72,0,-312,-72,0,1,100,0,1152,288,80,88,0,-272,-56,0,0,40,0,1152,184,96,72,0,-312,-72,0,0,40,0,1152,288,80,88,0,-264,-120,0,1,100,0,984,992,112,152,0,-264,-120,0,0,40,0,984,992,112,152,0,-288,-168,0,1,80,0,800,784,160,184,0,-288,-168,0,0,60,0,800,784,160,184,0,-288,-312,0,1,80,0,800,784,160,184,0,-288,-312,0,0,60,0,800,784,160,184,0,-288,-456,0,1,80,0,800,784,160,184,0,-288,-456,0,0,60,0,800,784,160,184,0,73,-68,0,1,80,90,1272,384,40,72,0,-40,-83,0,1,80,0,1264,528,40,48,0,-16,-268,0,1,80,0,1200,528,64,48,0,48,-235,0,1,80,0,1336,456,64,120,0,81,-196,0,1,100,0,1128,456,64,120,0,80,-197,0,1,80,0,1128,456,64,120,0,-112,-251,0,1,80,0,1224,456,104,64,0,-152,-230,0,1,80,0,1272,384,48,72,0,0,-240,1,1,80,0,1192,384,72,56,0,24,-114,0,1,80,0,1136,384,48,56,0,73,-68,0,0,40,90,1272,384,40,72,0,-40,-83,0,0,40,0,1264,528,40,48,0,-16,-268,0,0,40,0,1200,528,64,48,0,48,-235,0,0,40,0,1336,456,64,120,0,80,-197,0,0,40,0,1128,456,64,120,0,-112,-251,0,0,40,0,1224,456,104,64,0,-152,-230,0,0,40,0,1272,384,48,72,0,0,-240,1,0,40,0,1192,384,72,56,0,24,-114,0,0,40,0,1136,384,48,56,0,-24,-200,0,1,100,0,1352,696,64,64,0,0,-149,2,1,80,0,1552,640,80,64,0,-40,-184,0,0,100,0,336,1344,112,112,0,-24,-180,0,0,100,0,336,1456,112,112,0,-56,-24,0,0,100,0,912,64,112,48,0,
0,61,-136,-76,2,1,100,0,1432,152,168,80,0,-40,-124,2,1,100,0,1432,152,168,80,0,60,-164,1,1,100,-180,944,688,80,80,0,24,-172,3,1,50,0,1344,8,88,56,0,0,-172,3,1,50,0,1432,64,88,56,0,-296,-40,0,1,100,0,864,688,80,80,0,-264,-32,0,1,100,0,1152,184,96,72,0,-184,-8,0,1,100,0,1152,184,96,72,0,-224,-56,0,1,100,0,1232,256,104,120,0,-264,-32,0,0,40,0,1152,184,96,72,0,-184,-8,0,0,40,0,1152,184,96,72,0,-224,-56,0,0,40,0,1232,256,104,120,0,-128,-32,0,1,100,0,864,688,80,80,0,-184,-64,0,1,100,0,864,688,80,80,0,-232,-144,0,1,100,0,960,1000,168,144,0,-184,-144,0,1,100,0,960,1000,168,144,0,-208,-200,0,1,100,0,960,1000,168,144,0,-232,-96,0,0,60,0,960,1000,168,144,0,-184,-96,0,0,60,0,960,1000,168,144,0,-208,-152,0,0,60,0,960,1000,168,144,0,-184,-88,0,1,100,0,1232,256,96,120,0,-272,-8,0,1,100,0,1024,112,128,48,0,-312,-16,0,1,100,0,1024,112,128,48,0,-224,-16,0,1,100,0,1024,112,128,48,0,-272,-56,0,1,100,0,1152,184,96,72,0,-312,-72,0,1,100,0,1152,288,80,88,0,-184,-88,0,0,40,0,1232,256,96,120,0,-272,-56,0,0,40,0,1152,184,96,72,0,-312,-72,0,0,40,0,1152,288,80,88,0,-264,-120,0,1,100,0,984,992,112,152,0,-264,-120,0,0,40,0,984,992,112,152,0,-216,-36,2,1,100,0,1432,152,168,80,0,-288,-168,0,1,80,0,800,784,160,184,0,-288,-168,0,0,60,0,800,784,160,184,0,-288,-312,0,1,80,0,800,784,160,184,0,-288,-312,0,0,60,0,800,784,160,184,0,-288,-456,0,1,80,0,800,784,160,184,0,-288,-456,0,0,60,0,800,784,160,184,0,73,-68,0,1,80,90,1272,384,40,72,0,-40,-83,0,1,80,0,1264,528,40,48,0,-16,-268,0,1,80,0,1200,528,64,48,0,48,-235,0,1,80,0,1336,456,64,120,0,80,-197,0,1,80,0,1128,456,64,120,0,-112,-251,0,1,80,0,1224,456,104,64,0,-152,-230,0,1,80,0,1272,384,48,72,0,0,-240,1,1,80,0,1192,384,72,56,0,24,-114,0,1,80,0,1136,384,48,56,0,73,-68,0,0,40,90,1272,384,40,72,0,-40,-83,0,0,40,0,1264,528,40,48,0,-16,-268,0,0,40,0,1200,528,64,48,0,48,-235,0,0,40,0,1336,456,64,120,0,80,-197,0,0,40,0,1128,456,64,120,0,-112,-251,0,0,40,0,1224,456,104,64,0,-152,-230,0,0,40,0,1272,384,48,72,0,0,-240,1,0,40,0,1192,384,72,56,0,24,-114,0,0,40,0,1136,384,48,56,0,-24,-200,0,1,100,0,1352,760,64,64,0,0,-149,2,1,80,0,1552,640,80,64,0,-40,-184,0,0,100,0,336,1344,112,112,0,-24,-180,0,0,100,0,336,1456,112,112,0,-56,-24,0,0,100,0,912,64,112,48,0,
0,75,-200,24,0,1,50,0,1024,192,128,48,0,-240,16,0,1,50,0,1024,192,128,48,0,-152,16,0,1,50,0,1024,192,128,48,0,-32,-272,2,1,100,-270,784,688,80,80,0,-4,-232,0,1,100,0,1416,520,24,72,0,0,-144,3,1,100,-270,784,688,80,80,0,0,-180,1,1,100,-90,1344,248,88,56,0,-184,-8,0,1,100,0,1152,184,96,72,0,-224,-56,0,1,100,0,1232,256,104,120,0,-184,-8,0,0,40,0,1152,184,96,72,0,-224,-56,0,0,40,0,1232,256,104,120,0,-192,-96,0,1,100,0,984,992,112,152,0,-192,-96,0,0,40,0,984,992,112,152,0,-168,-8,0,1,100,0,784,688,80,80,0,-232,-32,0,1,100,0,784,688,80,80,0,-136,-76,2,1,100,0,1432,240,168,80,0,-40,-124,2,1,100,0,1432,240,168,80,0,60,-164,1,1,50,-180,1024,688,80,80,0,-272,-8,0,1,100,0,896,192,128,48,0,-312,-16,0,1,100,0,896,192,128,48,0,-224,-16,0,1,100,0,896,192,128,48,0,-296,-40,0,1,100,0,944,688,80,80,0,-264,-32,0,1,100,0,1152,184,96,72,0,-264,-32,0,0,40,0,1152,184,96,72,0,-216,-36,2,1,100,0,1432,240,168,80,0,-360,-152,0,1,100,0,784,688,80,80,0,-280,-120,0,1,100,0,784,688,80,80,0,-384,-40,0,1,100,0,784,688,80,80,0,-218,-132,0,1,100,0,1416,784,160,184,0,-216,-130,0,1,100,0,1416,784,160,184,0,-216,-128,0,0,80,0,800,784,160,184,0,-218,-276,0,1,100,0,1416,784,160,184,0,-216,-274,0,1,100,0,1416,784,160,184,0,-216,-272,0,0,80,0,800,784,160,184,0,-218,-420,0,1,100,0,1416,784,160,184,0,-216,-418,0,1,100,0,1416,784,160,184,0,-216,-416,0,0,80,0,800,784,160,184,0,-224,-88,0,1,80,0,960,1000,168,144,0,-184,-88,0,1,100,0,1232,256,96,120,0,-272,-56,0,1,100,0,1152,184,96,72,0,-312,-72,0,1,100,0,1152,288,80,88,0,-184,-88,0,0,40,0,1232,256,96,120,0,-272,-56,0,0,40,0,1152,184,96,72,0,-312,-72,0,0,40,0,1152,288,80,88,0,-264,-120,0,1,100,0,984,992,112,152,0,-264,-120,0,0,40,0,984,992,112,152,0,-288,-168,0,1,80,0,800,784,160,184,0,-288,-168,0,0,60,0,800,784,160,184,0,-288,-312,0,1,80,0,800,784,160,184,0,-288,-312,0,0,60,0,800,784,160,184,0,-288,-456,0,1,80,0,800,784,160,184,0,-288,-456,0,0,60,0,800,784,160,184,0,73,-68,0,1,80,90,1272,384,40,72,0,-40,-83,0,1,80,0,1264,528,40,48,0,-16,-268,0,1,80,0,1200,528,64,48,0,48,-235,0,1,80,0,1336,456,64,120,0,80,-197,0,1,80,0,1128,456,64,120,0,-112,-251,0,1,80,0,1224,456,104,64,0,-152,-230,0,1,80,0,1272,384,48,72,0,0,-240,1,1,80,0,1192,384,72,56,0,24,-114,0,1,80,0,1136,384,48,56,0,73,-68,0,0,40,90,1272,384,40,72,0,-40,-83,0,0,40,0,1264,528,40,48,0,-16,-268,0,0,40,0,1200,528,64,48,0,48,-235,0,0,40,0,1336,456,64,120,0,80,-197,0,0,40,0,1128,456,64,120,0,-112,-251,0,0,40,0,1224,456,104,64,0,-152,-230,0,0,40,0,1272,384,48,72,0,0,-240,1,0,40,0,1192,384,72,56,0,24,-114,0,0,40,0,1136,384,48,56,0,-24,-200,0,1,100,0,1352,824,64,64,0,0,-149,2,1,80,0,1472,704,80,64,0,-40,-184,0,0,100,0,448,1344,112,112,0,-24,-180,0,0,100,0,448,1456,112,112,0,-56,-24,0,0,100,0,912,64,112,48,0,
0,93,-200,24,0,1,50,0,1024,192,128,48,0,-240,16,0,1,50,0,1024,192,128,48,0,-152,16,0,1,50,0,1024,192,128,48,0,-64,-104,2,1,100,-270,784,688,80,80,0,-32,-172,0,1,100,-90,1432,8,112,64,0,-32,-272,2,1,80,-270,864,688,80,80,0,-96,-108,0,1,100,-90,1432,0,168,88,0,-80,-156,0,1,100,-90,1432,0,168,88,0,-48,-252,0,1,100,-90,1432,0,168,88,0,-4,-232,0,1,100,0,1440,520,24,72,0,-136,0,0,1,100,0,784,688,80,80,0,-160,0,0,1,100,0,1152,184,96,72,0,-160,0,0,0,40,0,1152,184,96,72,0,-124,0,1,1,100,-180,1360,320,80,64,0,-132,-40,1,1,100,-180,1472,320,160,96,0,-60,-112,1,1,100,-180,1472,320,160,96,0,0,-144,3,1,80,-270,864,688,80,80,0,0,-180,1,1,100,-90,1344,64,88,56,0,-360,-152,0,1,100,0,864,688,80,80,0,-280,-120,0,1,100,0,864,688,80,80,0,-384,-40,0,1,100,0,864,688,80,80,0,-400,-96,0,1,100,0,960,1000,168,144,0,-352,-96,0,1,100,0,960,1000,168,144,0,-376,-200,0,1,100,0,960,1000,168,144,0,-400,-96,0,0,40,0,960,1000,168,144,0,-352,-96,0,0,40,0,960,1000,168,144,0,-376,-152,0,0,40,0,960,1000,168,144,0,-272,-8,0,1,100,0,896,192,128,48,0,-312,-16,0,1,100,0,896,192,128,48,0,-224,-16,0,1,100,0,896,192,128,48,0,-184,-8,0,1,100,0,1152,184,96,72,0,-224,-56,0,1,100,0,1232,256,104,120,0,-184,-8,0,0,40,0,1152,184,96,72,0,-224,-56,0,0,40,0,1232,256,104,120,0,-192,-96,0,1,100,0,984,992,112,152,0,-192,-96,0,0,40,0,984,992,112,152,0,-208,-72,1,1,100,0,784,688,80,80,0,-144,-96,1,1,100,0,784,688,80,80,0,-168,-8,0,1,100,0,864,688,80,80,0,-232,-32,0,1,100,0,864,688,80,80,0,-216,-130,0,1,100,0,1416,784,160,184,0,-216,-128,0,0,80,0,800,784,160,184,0,-216,-274,0,1,100,0,1416,784,160,184,0,-216,-272,0,0,80,0,800,784,160,184,0,-216,-418,0,1,100,0,1416,784,160,184,0,-216,-416,0,0,80,0,800,784,160,184,0,-136,-76,2,1,50,0,1432,240,168,80,0,-40,-124,2,1,50,0,1432,240,168,80,0,-296,-40,0,1,50,0,1024,688,80,80,0,-264,-32,0,1,100,0,1152,184,96,72,0,-312,-72,0,1,100,0,1152,288,80,88,0,-264,-32,0,0,40,0,1152,184,96,72,0,-312,-72,0,0,40,0,1152,288,80,88,0,-216,-36,2,1,50,0,1432,240,168,80,0,-232,-128,0,1,60,0,960,1024,168,120,0,-224,-64,0,1,100,0,960,1024,168,120,0,-184,-88,0,1,100,0,1232,256,96,120,0,-272,-56,0,1,100,0,1152,184,96,72,0,-184,-88,0,0,40,0,1232,256,96,120,0,-272,-56,0,0,40,0,1152,184,96,72,0,-264,-120,0,1,100,0,984,992,112,152,0,-264,-120,0,0,40,0,984,992,112,152,0,-288,-168,0,1,80,0,800,784,160,184,0,-288,-168,0,0,60,0,800,784,160,184,0,-288,-312,0,1,80,0,800,784,160,184,0,-288,-312,0,0,60,0,800,784,160,184,0,-288,-456,0,1,80,0,800,784,160,184,0,-288,-456,0,0,60,0,800,784,160,184,0,73,-68,0,1,80,90,1272,384,40,72,0,-40,-83,0,1,80,0,1264,528,40,48,0,-15,-270,0,1,100,0,1200,528,64,48,0,-16,-268,0,1,80,0,1200,528,64,48,0,48,-235,0,1,80,0,1336,456,64,120,0,80,-197,0,1,80,0,1128,456,64,120,0,-112,-251,0,1,80,0,1224,456,104,64,0,-152,-230,0,1,80,0,1272,384,48,72,0,0,-240,1,1,80,0,1192,384,72,56,0,24,-114,0,1,100,0,1136,384,48,56,0,25,-112,0,1,80,0,1136,384,48,56,0,73,-68,0,0,40,90,1272,384,40,72,0,-40,-83,0,0,40,0,1264,528,40,48,0,-16,-268,0,0,40,0,1200,528,64,48,0,48,-235,0,0,40,0,1336,456,64,120,0,80,-197,0,0,40,0,1128,456,64,120,0,-112,-251,0,0,40,0,1224,456,104,64,0,-152,-230,0,0,40,0,1272,384,48,72,0,0,-240,1,0,40,0,1192,384,72,56,0,24,-114,0,0,40,0,1136,384,48,56,0,-24,-192,0,1,100,0,1352,888,64,64,0,0,-149,2,1,80,0,1472,704,80,64,0,-40,-184,0,0,100,0,448,1344,112,112,0,-24,-180,0,0,100,0,448,1456,112,112,0,-56,-24,0,0,100,0,912,64,112,48,0,
0,96,-368,24,0,1,50,0,1024,192,128,48,0,-408,16,0,1,50,0,1024,192,128,48,0,-320,16,0,1,50,0,1024,192,128,48,0,-200,24,0,1,100,0,896,112,128,48,0,-240,16,0,1,100,0,896,112,128,48,0,-152,16,0,1,100,0,896,112,128,48,0,-176,-200,2,1,100,-270,784,688,80,80,0,-172,-192,0,1,100,-180,1472,320,128,96,0,-132,-152,0,1,100,-180,1472,320,128,96,0,-64,-104,2,1,100,-270,864,688,80,80,0,-32,-172,0,1,100,-90,1432,72,112,64,0,-32,-272,2,1,80,-270,944,688,80,80,0,-96,-108,0,1,100,-90,1432,0,168,88,0,-80,-156,0,1,100,-90,1432,0,168,88,0,-48,-252,0,1,100,-90,1432,0,168,88,0,-4,-232,0,1,50,0,1440,520,24,72,0,-136,0,0,1,100,0,864,688,80,80,0,-160,0,0,1,100,0,1152,184,96,72,0,-160,0,0,0,40,0,1152,184,96,72,0,-124,0,1,1,100,-180,1360,320,80,64,0,-132,-40,1,1,100,-180,1472,320,160,96,0,-60,-112,1,1,100,-180,1472,320,160,96,0,0,-144,3,1,80,-270,944,688,80,80,0,0,-180,1,1,50,-90,1344,64,88,56,0,-184,-8,0,1,100,0,1152,184,96,72,0,-224,-56,0,1,100,0,1232,256,104,120,0,-127,-56,1,1,100,0,1232,256,104,120,0,-127,-56,1,0,40,0,1232,256,104,120,0,-184,-8,0,0,40,0,1152,184,96,72,0,-224,-56,0,0,40,0,1232,256,104,120,0,-192,-96,0,1,100,0,984,992,112,152,0,-192,-96,0,0,40,0,984,992,112,152,0,-208,-72,1,1,100,0,864,688,80,80,0,-144,-96,1,1,100,0,864,688,80,80,0,-168,-8,0,1,100,0,944,688,80,80,0,-232,-32,0,1,100,0,944,688,80,80,0,-360,-152,0,1,100,0,944,688,80,80,0,-280,-120,0,1,100,0,944,688,80,80,0,-384,-40,0,1,100,0,944,688,80,80,0,-312,-48,0,1,100,0,1232,256,104,120,0,-264,-24,0,1,100,0,1160,288,72,88,0,-368,0,0,1,100,0,1152,184,96,72,0,-408,-24,0,1,100,0,1152,184,96,72,0,-312,-48,0,0,40,0,1232,256,104,120,0,-264,-24,0,0,40,0,1160,288,72,88,0,-368,0,0,0,40,0,1152,184,96,72,0,-408,-24,0,0,40,0,1152,184,96,72,0,-279,-72,1,1,100,0,1232,256,104,120,0,-279,-72,1,0,40,0,1232,256,104,120,0,-360,-96,0,1,100,0,984,992,112,152,0,-360,-96,0,0,40,0,984,992,112,152,0,-378,-132,0,1,100,0,1416,784,160,184,0,-376,-130,0,1,100,0,1416,784,160,184,0,-376,-128,0,0,80,0,800,784,160,184,0,-378,-276,0,1,100,0,1416,784,160,184,0,-376,-274,0,1,100,0,1416,784,160,184,0,-376,-272,0,0,80,0,800,784,160,184,0,-378,-420,0,1,100,0,1416,784,160,184,0,-376,-418,0,1,100,0,1416,784,160,184,0,-376,-416,0,0,80,0,800,784,160,184,0,-376,-44,2,1,100,0,1432,240,168,80,0,-216,-128,0,1,100,0,800,784,160,184,0,-216,-128,0,0,40,0,800,784,160,184,0,-216,-272,0,1,100,0,800,784,160,184,0,-216,-272,0,0,40,0,800,784,160,184,0,-216,-416,0,1,100,0,800,784,160,184,0,-216,-416,0,0,40,0,800,784,160,184,0,-288,-168,0,1,100,0,800,784,160,184,0,-288,-168,0,0,60,0,800,784,160,184,0,-288,-312,0,1,100,0,800,784,160,184,0,-288,-312,0,0,60,0,800,784,160,184,0,-288,-456,0,1,100,0,800,784,160,184,0,-288,-456,0,0,60,0,800,784,160,184,0,73,-68,0,1,80,90,1272,384,40,72,0,-40,-83,0,1,80,0,1264,528,40,48,0,-16,-268,0,1,80,0,1200,528,64,48,0,48,-235,0,1,80,0,1336,456,64,120,0,80,-197,0,1,80,0,1128,456,64,120,0,-112,-251,0,1,80,0,1224,456,104,64,0,-152,-230,0,1,80,0,1272,384,48,72,0,0,-240,1,1,80,0,1192,384,72,56,0,24,-114,0,1,80,0,1136,384,48,56,0,73,-68,0,0,40,90,1272,384,40,72,0,-40,-83,0,0,40,0,1264,528,40,48,0,-16,-268,0,0,40,0,1200,528,64,48,0,48,-235,0,0,40,0,1336,456,64,120,0,80,-197,0,0,40,0,1128,456,64,120,0,-112,-251,0,0,40,0,1224,456,104,64,0,-152,-230,0,0,40,0,1272,384,48,72,0,0,-240,1,0,40,0,1192,384,72,56,0,24,-114,0,0,40,0,1136,384,48,56,0,-24,-200,0,1,100,0,1352,568,64,64,0,0,-149,2,1,80,0,1552,704,80,64,0,-40,-184,0,0,100,0,560,1344,112,112,0,-24,-180,0,0,100,0,560,1456,112,112,0,-56,-24,0,0,100,0,912,64,112,48,0,
0,95,-368,24,0,1,50,0,1024,192,128,48,0,-408,16,0,1,50,0,1024,192,128,48,0,-320,16,0,1,50,0,1024,192,128,48,0,-368,24,0,1,50,0,1024,192,128,48,0,-408,16,0,1,50,0,1024,192,128,48,0,-320,16,0,1,50,0,1024,192,128,48,0,-200,24,0,1,100,0,896,112,128,48,0,-240,16,0,1,100,0,896,112,128,48,0,-152,16,0,1,100,0,896,112,128,48,0,-176,-200,2,1,100,-270,864,688,80,80,0,-172,-192,0,1,100,-180,1472,320,128,96,0,-132,-152,0,1,100,-180,1472,320,128,96,0,-64,-104,2,1,100,-270,944,688,80,80,0,-32,-172,0,1,50,-90,1432,72,112,64,0,-32,-272,2,1,40,-270,1024,688,80,80,0,-88,-108,0,1,100,-90,1432,88,168,56,0,-72,-156,0,1,100,-90,1432,88,168,56,0,-40,-252,0,1,100,-90,1432,88,168,56,0,-136,0,0,1,100,0,944,688,80,80,0,-160,0,0,1,100,0,1152,184,96,72,0,-160,0,0,0,40,0,1152,184,96,72,0,-124,0,1,1,100,-180,1360,128,80,64,0,-132,-40,1,1,100,-180,1472,416,160,96,0,-60,-112,1,1,100,-180,1472,416,160,96,0,0,-144,3,1,50,-270,1024,688,80,80,0,-184,-8,0,1,100,0,1152,184,96,72,0,-224,-56,0,1,100,0,1232,256,104,120,0,-127,-56,1,1,100,0,1232,256,104,120,0,-127,-56,1,0,40,0,1232,256,104,120,0,-184,-8,0,0,40,0,1152,184,96,72,0,-224,-56,0,0,40,0,1232,256,104,120,0,-192,-96,0,1,100,0,984,992,112,152,0,-192,-96,0,0,40,0,984,992,112,152,0,-208,-72,1,1,100,0,944,688,80,80,0,-144,-96,1,1,100,0,944,688,80,80,0,-168,-8,0,1,50,0,1024,688,80,80,0,-232,-32,0,1,50,0,1024,688,80,80,0,-264,-32,0,1,100,0,1152,184,96,72,0,-264,-32,0,0,40,0,1152,184,96,72,0,-360,-152,0,1,100,0,1024,688,80,80,0,-280,-120,0,1,100,0,1024,688,80,80,0,-384,-40,0,1,100,0,1024,688,80,80,0,-312,-48,0,1,100,0,1232,256,104,120,0,-264,-24,0,1,100,0,1160,288,72,88,0,-368,0,0,1,100,0,1152,184,96,72,0,-408,-24,0,1,100,0,1152,184,96,72,0,-312,-48,0,0,40,0,1232,256,104,120,0,-264,-24,0,0,40,0,1160,288,72,88,0,-368,0,0,0,40,0,1152,184,96,72,0,-408,-24,0,0,40,0,1152,184,96,72,0,-279,-72,1,1,100,0,1232,256,104,120,0,-279,-72,1,0,40,0,1232,256,104,120,0,-360,-96,0,1,100,0,984,992,112,152,0,-360,-96,0,0,40,0,984,992,112,152,0,-376,-130,0,1,100,0,1416,784,160,184,0,-376,-128,0,0,80,0,800,784,160,184,0,-376,-274,0,1,100,0,1416,784,160,184,0,-376,-272,0,0,80,0,800,784,160,184,0,-376,-418,0,1,100,0,1416,784,160,184,0,-376,-416,0,0,80,0,800,784,160,184,0,-216,-128,0,1,100,0,800,784,160,184,0,-216,-128,0,0,40,0,800,784,160,184,0,-216,-272,0,1,100,0,800,784,160,184,0,-216,-272,0,0,40,0,800,784,160,184,0,-216,-416,0,1,100,0,800,784,160,184,0,-216,-416,0,0,40,0,800,784,160,184,0,-288,-168,0,1,80,0,800,784,160,184,0,-288,-168,0,0,60,0,800,784,160,184,0,-288,-312,0,1,80,0,800,784,160,184,0,-288,-312,0,0,60,0,800,784,160,184,0,-288,-456,0,1,80,0,800,784,160,184,0,-288,-456,0,0,60,0,800,784,160,184,0,73,-68,0,1,80,90,1272,384,40,72,0,-40,-83,0,1,80,0,1264,528,40,48,0,-16,-268,0,1,80,0,1200,528,64,48,0,48,-235,0,1,80,0,1336,456,64,120,0,80,-197,0,1,80,0,1128,456,64,120,0,-112,-251,0,1,80,0,1224,456,104,64,0,-152,-230,0,1,80,0,1272,384,48,72,0,0,-240,1,1,80,0,1192,384,72,56,0,24,-114,0,1,80,0,1136,384,48,56,0,73,-68,0,0,40,90,1272,384,40,72,0,-40,-83,0,0,40,0,1264,528,40,48,0,-16,-268,0,0,40,0,1200,528,64,48,0,48,-235,0,0,40,0,1336,456,64,120,0,80,-197,0,0,40,0,1128,456,64,120,0,-112,-251,0,0,40,0,1224,456,104,64,0,-152,-230,0,0,40,0,1272,384,48,72,0,0,-240,1,0,40,0,1192,384,72,56,0,24,-114,0,0,40,0,1136,384,48,56,0,-24,-200,0,1,100,0,1352,632,64,64,0,0,-149,2,1,80,0,1552,704,80,64,0,-40,-184,0,0,100,0,560,1344,112,112,0,-24,-180,0,0,100,0,560,1456,112,112,0,-56,-24,0,0,100,0,912,64,112,48,0,
0,85,-368,24,0,1,100,0,896,112,128,48,0,-408,16,0,1,100,0,896,112,128,48,0,-320,16,0,1,100,0,896,112,128,48,0,-200,24,0,1,100,0,1024,112,128,48,0,-240,16,0,1,100,0,1024,112,128,48,0,-152,16,0,1,100,0,1024,112,128,48,0,-176,-200,2,1,100,-270,944,688,80,80,0,-172,-192,0,1,100,-180,1472,416,128,96,0,-132,-152,0,1,100,-180,1472,416,128,96,0,-64,-104,2,1,50,-270,1024,688,80,80,0,-88,-108,0,1,50,-90,1432,88,168,56,0,-72,-156,0,1,50,-90,1432,88,168,56,0,-40,-252,0,1,50,-90,1432,88,168,56,0,-136,0,0,1,50,0,1024,688,80,80,0,-160,0,0,1,100,0,1152,184,96,72,0,-160,0,0,0,40,0,1152,184,96,72,0,-124,0,1,1,50,-180,1360,128,80,64,0,-132,-40,1,1,50,-180,1472,416,160,96,0,-60,-112,1,1,50,-180,1472,416,160,96,0,0,-136,3,1,50,-270,1024,688,80,80,0,-184,-8,0,1,100,0,1152,184,96,72,0,-224,-56,0,1,100,0,1232,256,104,120,0,-127,-56,1,1,100,0,1232,256,104,120,0,-127,-56,1,0,40,0,1232,256,104,120,0,-184,-8,0,0,40,0,1152,184,96,72,0,-224,-56,0,0,40,0,1232,256,104,120,0,-192,-96,0,1,100,0,984,992,112,152,0,-192,-96,0,0,40,0,984,992,112,152,0,-208,-72,1,1,50,0,1024,688,80,80,0,-144,-96,1,1,50,0,1024,688,80,80,0,-264,-32,0,1,100,0,1152,184,96,72,0,-312,-48,0,1,100,0,1232,256,104,120,0,-264,-24,0,1,100,0,1160,288,72,88,0,-368,0,0,1,100,0,1152,184,96,72,0,-408,-24,0,1,100,0,1152,184,96,72,0,-264,-32,0,0,40,0,1152,184,96,72,0,-312,-48,0,0,40,0,1232,256,104,120,0,-264,-24,0,0,40,0,1160,288,72,88,0,-368,0,0,0,40,0,1152,184,96,72,0,-408,-24,0,0,40,0,1152,184,96,72,0,-279,-72,1,1,100,0,1232,256,104,120,0,-279,-72,1,0,40,0,1232,256,104,120,0,-360,-96,0,1,100,0,984,992,112,152,0,-360,-96,0,0,40,0,984,992,112,152,0,-376,-128,0,1,100,0,800,784,160,184,0,-376,-128,0,0,60,0,800,784,160,184,0,-376,-272,0,1,100,0,800,784,160,184,0,-376,-272,0,0,60,0,800,784,160,184,0,-376,-416,0,1,100,0,800,784,160,184,0,-376,-416,0,0,60,0,800,784,160,184,0,-216,-128,0,1,100,0,800,784,160,184,0,-216,-128,0,0,40,0,800,784,160,184,0,-216,-272,0,1,100,0,800,784,160,184,0,-216,-272,0,0,40,0,800,784,160,184,0,-216,-416,0,1,100,0,800,784,160,184,0,-216,-416,0,0,40,0,800,784,160,184,0,-288,-168,0,1,80,0,800,784,160,184,0,-288,-168,0,0,60,0,800,784,160,184,0,-288,-312,0,1,80,0,800,784,160,184,0,-288,-312,0,0,60,0,800,784,160,184,0,-288,-456,0,1,80,0,800,784,160,184,0,-288,-456,0,0,60,0,800,784,160,184,0,73,-68,0,1,80,90,1272,384,40,72,0,-40,-83,0,1,80,0,1264,528,40,48,0,-16,-268,0,1,80,0,1200,528,64,48,0,48,-235,0,1,80,0,1336,456,64,120,0,80,-197,0,1,80,0,1128,456,64,120,0,-112,-251,0,1,80,0,1224,456,104,64,0,-152,-230,0,1,80,0,1272,384,48,72,0,0,-240,1,1,80,0,1192,384,72,56,0,24,-114,0,1,80,0,1136,384,48,56,0,73,-68,0,0,40,90,1272,384,40,72,0,-40,-83,0,0,40,0,1264,528,40,48,0,-16,-268,0,0,40,0,1200,528,64,48,0,48,-235,0,0,40,0,1336,456,64,120,0,80,-197,0,0,40,0,1128,456,64,120,0,-112,-251,0,0,40,0,1224,456,104,64,0,-152,-230,0,0,40,0,1272,384,48,72,0,0,-240,1,0,40,0,1192,384,72,56,0,24,-114,0,0,40,0,1136,384,48,56,0,-24,-200,0,1,100,0,1352,696,64,64,0,0,-149,2,1,80,0,1472,640,80,64,0,-40,-184,0,0,100,0,0,1344,112,112,0,-24,-180,0,0,100,0,0,1456,112,112,0,-56,-24,0,0,100,0,912,64,112,48,0,
0,76,-208,-104,0,1,100,0,1184,624,104,80,0,-208,-232,0,1,100,0,1184,624,104,80,0,-368,24,0,1,100,0,896,112,128,48,0,-408,16,0,1,100,0,896,112,128,48,0,-320,16,0,1,100,0,896,112,128,48,0,-200,24,0,1,100,0,1024,112,128,48,0,-240,16,0,1,100,0,1024,112,128,48,0,-152,16,0,1,100,0,1024,112,128,48,0,-176,-200,2,1,50,-270,1024,688,80,80,0,-172,-192,0,1,50,-180,1472,416,128,96,0,-132,-152,0,1,50,-180,1472,416,128,96,0,-160,0,0,1,100,0,1152,184,96,72,0,-160,0,0,0,40,0,1152,184,96,72,0,-184,-8,0,1,100,0,1152,184,96,72,0,-224,-56,0,1,100,0,1232,256,104,120,0,-312,-48,0,1,100,0,1232,256,104,120,0,-264,-24,0,1,100,0,1160,288,72,88,0,-368,0,0,1,96,0,1152,184,104,72,0,-408,-24,0,1,96,0,1152,184,104,72,0,-127,-56,1,1,100,0,1232,256,104,120,0,-127,-56,1,0,40,0,1232,256,104,120,0,-184,-8,0,0,40,0,1152,184,96,72,0,-264,-32,0,1,100,0,1152,184,96,72,0,-264,-32,0,0,40,0,1152,184,96,72,0,-224,-56,0,0,40,0,1232,256,104,120,0,-192,-96,0,1,100,0,984,992,112,152,0,-192,-96,0,0,40,0,984,992,112,152,0,-312,-48,0,0,40,0,1232,256,104,120,0,-264,-24,0,0,40,0,1160,288,72,88,0,-368,0,0,0,40,0,1152,184,104,72,0,-408,-24,0,0,40,0,1152,184,104,72,0,-279,-72,1,1,100,0,1232,256,104,120,0,-279,-72,1,0,40,0,1232,256,104,120,0,-360,-96,0,1,100,0,984,992,112,152,0,-360,-96,0,0,40,0,984,992,112,152,0,-376,-128,0,1,100,0,800,784,160,184,0,-376,-128,0,0,60,0,800,784,160,184,0,-376,-272,0,1,100,0,800,784,160,184,0,-376,-272,0,0,60,0,800,784,160,184,0,-376,-416,0,1,100,0,800,784,160,184,0,-376,-416,0,0,60,0,800,784,160,184,0,-216,-128,0,1,100,0,800,784,160,184,0,-216,-128,0,0,40,0,800,784,160,184,0,-216,-272,0,1,100,0,800,784,160,184,0,-216,-272,0,0,40,0,800,784,160,184,0,-216,-416,0,1,100,0,800,784,160,184,0,-216,-416,0,0,40,0,800,784,160,184,0,-288,-168,0,1,80,0,800,784,160,184,0,-288,-168,0,0,60,0,800,784,160,184,0,-288,-312,0,1,80,0,800,784,160,184,0,-288,-312,0,0,60,0,800,784,160,184,0,-288,-456,0,1,80,0,800,784,160,184,0,-288,-456,0,0,60,0,800,784,160,184,0,73,-68,0,1,80,90,1272,384,40,72,0,-40,-83,0,1,80,0,1264,528,40,48,0,-16,-268,0,1,80,0,1200,528,64,48,0,48,-235,0,1,80,0,1336,456,64,120,0,80,-197,0,1,80,0,1128,456,64,120,0,-112,-251,0,1,80,0,1224,456,104,64,0,-152,-230,0,1,80,0,1272,384,48,72,0,0,-240,1,1,80,0,1192,384,72,56,0,24,-114,0,1,80,0,1136,384,48,56,0,73,-68,0,0,40,90,1272,384,40,72,0,-40,-83,0,0,40,0,1264,528,40,48,0,-16,-268,0,0,40,0,1200,528,64,48,0,48,-235,0,0,40,0,1336,456,64,120,0,80,-197,0,0,40,0,1128,456,64,120,0,-112,-251,0,0,40,0,1224,456,104,64,0,-152,-230,0,0,40,0,1272,384,48,72,0,0,-240,1,0,40,0,1192,384,72,56,0,24,-114,0,0,40,0,1136,384,48,56,0,-24,-200,0,1,50,0,1352,760,64,64,0,0,-149,2,1,80,0,1472,640,80,64,0,-40,-184,0,0,100,0,0,1344,112,112,0,-24,-180,0,0,100,0,0,1456,112,112,0,-56,-24,0,0,100,0,912,64,112,48,0,
0,76,-368,-104,0,1,100,0,1184,624,104,80,0,-368,-232,0,1,100,0,1184,624,104,80,0,-208,-320,2,1,100,0,1184,624,104,80,0,-208,-192,2,1,100,0,1184,624,104,80,0,-368,24,0,1,100,0,1024,112,128,48,0,-408,16,0,1,100,0,1024,112,128,48,0,-320,16,0,1,100,0,1024,112,128,48,0,-200,24,0,1,100,0,896,192,128,48,0,-240,16,0,1,100,0,896,192,128,48,0,-152,16,0,1,100,0,896,192,128,48,0,-160,0,0,1,100,0,1152,184,96,72,0,-160,0,0,0,40,0,1152,184,96,72,0,-184,-8,0,1,100,0,1152,184,96,72,0,-224,-56,0,1,100,0,1232,256,104,120,0,-312,-48,0,1,100,0,1232,256,104,120,0,-264,-24,0,1,100,0,1160,288,72,88,0,-368,0,0,1,100,0,1152,184,96,72,0,-408,-24,0,1,100,0,1152,184,96,72,0,-127,-56,1,1,100,0,1232,256,104,120,0,-127,-56,1,0,40,0,1232,256,104,120,0,-264,-32,0,1,100,0,1152,184,96,72,0,-264,-32,0,0,40,0,1152,184,96,72,0,-184,-8,0,0,40,0,1152,184,96,72,0,-224,-56,0,0,40,0,1232,256,104,120,0,-192,-96,0,1,100,0,984,992,112,152,0,-192,-96,0,0,40,0,984,992,112,152,0,-312,-48,0,0,40,0,1232,256,104,120,0,-264,-24,0,0,40,0,1160,288,72,88,0,-368,0,0,0,40,0,1152,184,96,72,0,-408,-24,0,0,40,0,1152,184,96,72,0,-279,-72,1,1,100,0,1232,256,104,120,0,-279,-72,1,0,40,0,1232,256,104,120,0,-360,-96,0,1,100,0,984,992,112,152,0,-360,-96,0,0,40,0,984,992,112,152,0,-376,-128,0,1,100,0,800,784,160,184,0,-376,-128,0,0,60,0,800,784,160,184,0,-376,-272,0,1,100,0,800,784,160,184,0,-376,-272,0,0,60,0,800,784,160,184,0,-376,-416,0,1,100,0,800,784,160,184,0,-376,-416,0,0,60,0,800,784,160,184,0,-216,-128,0,1,100,0,800,784,160,184,0,-216,-128,0,0,40,0,800,784,160,184,0,-216,-272,0,1,100,0,800,784,160,184,0,-216,-272,0,0,40,0,800,784,160,184,0,-216,-416,0,1,100,0,800,784,160,184,0,-216,-416,0,0,40,0,800,784,160,184,0,-288,-168,0,1,80,0,800,784,160,184,0,-288,-168,0,0,60,0,800,784,160,184,0,-288,-312,0,1,80,0,800,784,160,184,0,-288,-312,0,0,60,0,800,784,160,184,0,-288,-456,0,1,80,0,800,784,160,184,0,-288,-456,0,0,60,0,800,784,160,184,0,73,-68,0,1,80,90,1272,384,40,72,0,-40,-83,0,1,80,0,1264,528,40,48,0,-16,-268,0,1,80,0,1200,528,64,48,0,48,-235,0,1,80,0,1336,456,64,120,0,80,-197,0,1,80,0,1128,456,64,120,0,-112,-251,0,1,80,0,1224,456,104,64,0,-152,-230,0,1,80,0,1272,384,48,72,0,0,-240,1,1,80,0,1192,384,72,56,0,24,-114,0,1,80,0,1136,384,48,56,0,73,-68,0,0,40,90,1272,384,40,72,0,-40,-83,0,0,40,0,1264,528,40,48,0,-16,-268,0,0,40,0,1200,528,64,48,0,48,-235,0,0,40,0,1336,456,64,120,0,80,-197,0,0,40,0,1128,456,64,120,0,-112,-251,0,0,40,0,1224,456,104,64,0,-152,-230,0,0,40,0,1272,384,48,72,0,0,-240,1,0,40,0,1192,384,72,56,0,24,-114,0,0,40,0,1136,384,48,56,0,-24,-200,0,1,25,0,1352,824,64,64,0,0,-149,2,1,50,0,1552,640,80,64,0,-56,-224,0,1,100,0,640,0,128,64,0,-56,-160,0,1,100,-180,640,0,128,64,0,-40,-184,0,0,100,0,0,896,112,112,0,-56,-24,0,0,100,0,912,64,112,48,0,
0,73,-368,-304,2,1,100,0,1184,624,104,80,0,-368,-176,2,1,100,0,1184,624,104,80,0,-368,24,0,1,100,0,1024,112,128,48,0,-408,16,0,1,100,0,1024,112,128,48,0,-320,16,0,1,100,0,1024,112,128,48,0,-200,24,0,1,100,0,896,192,128,48,0,-240,16,0,1,100,0,896,192,128,48,0,-152,16,0,1,100,0,896,192,128,48,0,-160,0,0,1,100,0,1152,184,96,72,0,-184,-8,0,1,100,0,1152,184,96,72,0,-224,-56,0,1,100,0,1232,256,104,120,0,-312,-48,0,1,100,0,1232,256,104,120,0,-264,-24,0,1,100,0,1160,288,72,88,0,-368,0,0,1,100,0,1152,184,96,72,0,-408,-24,0,1,100,0,1152,184,96,72,0,-127,-56,1,1,100,0,1232,256,104,120,0,-127,-56,1,0,40,0,1232,256,104,120,0,-264,-32,0,1,100,0,1152,184,96,72,0,-264,-32,0,0,40,0,1152,184,96,72,0,-160,0,0,0,40,0,1152,184,96,72,0,-184,-8,0,0,40,0,1152,184,96,72,0,-224,-56,0,0,40,0,1232,256,104,120,0,-192,-96,0,1,100,0,984,992,112,152,0,-192,-96,0,0,40,0,984,992,112,152,0,-312,-48,0,0,40,0,1232,256,104,120,0,-264,-24,0,0,40,0,1160,288,72,88,0,-368,0,0,0,40,0,1152,184,96,72,0,-408,-24,0,0,40,0,1152,184,96,72,0,-279,-72,1,1,100,0,1232,256,104,120,0,-279,-72,1,0,40,0,1232,256,104,120,0,-360,-96,0,1,100,0,984,992,112,152,0,-360,-96,0,0,40,0,984,992,112,152,0,-376,-128,0,1,100,0,800,784,160,184,0,-376,-128,0,0,60,0,800,784,160,184,0,-376,-272,0,1,100,0,800,784,160,184,0,-376,-272,0,0,60,0,800,784,160,184,0,-376,-416,0,1,100,0,800,784,160,184,0,-376,-416,0,0,60,0,800,784,160,184,0,-216,-128,0,1,100,0,800,784,160,184,0,-216,-128,0,0,40,0,800,784,160,184,0,-216,-272,0,1,100,0,800,784,160,184,0,-216,-272,0,0,40,0,800,784,160,184,0,-216,-416,0,1,100,0,800,784,160,184,0,-216,-416,0,0,40,0,800,784,160,184,0,-288,-168,0,1,80,0,800,784,160,184,0,-288,-168,0,0,60,0,800,784,160,184,0,-288,-312,0,1,80,0,800,784,160,184,0,-288,-312,0,0,60,0,800,784,160,184,0,-288,-456,0,1,80,0,800,784,160,184,0,-288,-456,0,0,60,0,800,784,160,184,0,76,-65,0,1,50,90,1272,384,40,72,0,-43,-77,0,1,50,0,1264,528,40,48,0,-15,-275,0,1,50,0,1200,528,64,48,0,50,-237,0,1,50,0,1336,456,64,120,0,84,-197,0,1,50,0,1128,456,64,120,0,-113,-253,0,1,50,0,1224,456,104,64,0,-153,-236,0,1,50,0,1272,384,48,72,0,2,-244,1,1,50,0,1192,384,72,56,0,26,-112,0,1,50,0,1136,384,48,56,0,76,-65,0,0,25,90,1272,384,40,72,0,-43,-77,0,0,25,0,1264,528,40,48,0,-15,-275,0,0,25,0,1200,528,64,48,0,50,-237,0,0,25,0,1336,456,64,120,0,84,-197,0,0,25,0,1128,456,64,120,0,-113,-253,0,0,25,0,1224,456,104,64,0,-153,-236,0,0,25,0,1272,384,48,72,0,2,-244,1,0,25,0,1192,384,72,56,0,26,-112,0,0,25,0,1136,384,48,56,0,0,-149,2,1,25,0,1472,704,80,64,0,-56,-224,0,1,100,0,768,0,128,64,0,-56,-160,0,1,100,-180,768,0,128,64,0,-40,-184,0,0,100,0,112,896,112,112,0,-56,-24,0,0,100,0,912,64,112,48,0,
0,70,-368,24,0,1,100,0,896,192,128,48,0,-408,16,0,1,100,0,896,192,128,48,0,-320,16,0,1,100,0,896,192,128,48,0,-200,24,0,1,50,0,1024,192,128,48,0,-240,16,0,1,50,0,1024,192,128,48,0,-152,16,0,1,50,0,1024,192,128,48,0,-160,0,0,1,100,0,1152,184,96,72,0,-184,-8,0,1,100,0,1152,184,96,72,0,-224,-56,0,1,100,0,1232,256,104,120,0,-312,-48,0,1,100,0,1232,256,104,120,0,-264,-24,0,1,100,0,1160,288,72,88,0,-368,0,0,1,100,0,1152,184,96,72,0,-408,-24,0,1,100,0,1152,184,96,72,0,-127,-56,1,1,100,0,1232,256,104,120,0,-127,-56,1,0,40,0,1232,256,104,120,0,-264,-32,0,1,100,0,1152,184,96,72,0,-264,-32,0,0,40,0,1152,184,96,72,0,-160,0,0,0,40,0,1152,184,96,72,0,-184,-8,0,0,40,0,1152,184,96,72,0,-224,-56,0,0,40,0,1232,256,104,120,0,-192,-96,0,1,100,0,984,992,112,152,0,-192,-96,0,0,40,0,984,992,112,152,0,-312,-48,0,0,40,0,1232,256,104,120,0,-264,-24,0,0,40,0,1160,288,72,88,0,-368,0,0,0,40,0,1152,184,96,72,0,-408,-24,0,0,40,0,1152,184,96,72,0,-279,-72,1,1,100,0,1232,256,104,120,0,-279,-72,1,0,40,0,1232,256,104,120,0,-360,-96,0,1,100,0,984,992,112,152,0,-360,-96,0,0,40,0,984,992,112,152,0,-376,-128,0,1,100,0,800,784,160,184,0,-376,-128,0,0,60,0,800,784,160,184,0,-376,-272,0,1,100,0,800,784,160,184,0,-376,-272,0,0,60,0,800,784,160,184,0,-376,-416,0,1,100,0,800,784,160,184,0,-376,-416,0,0,60,0,800,784,160,184,0,-216,-128,0,1,100,0,800,784,160,184,0,-216,-128,0,0,40,0,800,784,160,184,0,-216,-272,0,1,100,0,800,784,160,184,0,-216,-272,0,0,40,0,800,784,160,184,0,-216,-416,0,1,100,0,800,784,160,184,0,-216,-416,0,0,40,0,800,784,160,184,0,-288,-168,0,1,80,0,800,784,160,184,0,-288,-168,0,0,60,0,800,784,160,184,0,-288,-312,0,1,80,0,800,784,160,184,0,-288,-312,0,0,60,0,800,784,160,184,0,-288,-456,0,1,80,0,800,784,160,184,0,-288,-456,0,0,60,0,800,784,160,184,0,78,-63,0,1,25,90,1272,384,40,72,0,-47,-73,0,1,25,0,1264,528,40,48,0,-14,-279,0,1,25,0,1200,528,64,48,0,52,-239,0,1,25,0,1336,456,64,120,0,88,-197,0,1,25,0,1128,456,64,120,0,-114,-255,0,1,25,0,1224,456,104,64,0,-157,-240,0,1,25,0,1272,384,48,72,0,4,-248,1,1,25,0,1192,384,72,56,0,30,-108,0,1,25,0,1136,384,48,56,0,78,-63,0,0,10,90,1272,384,40,72,0,-47,-73,0,0,10,0,1264,528,40,48,0,-14,-279,0,0,10,0,1200,528,64,48,0,52,-239,0,0,10,0,1336,456,64,120,0,88,-197,0,0,10,0,1128,456,64,120,0,-114,-255,0,0,10,0,1224,456,104,64,0,-157,-240,0,0,10,0,1272,384,48,72,0,4,-248,1,0,10,0,1192,384,72,56,0,30,-108,0,0,10,0,1136,384,48,56,0,-56,-224,0,1,100,0,896,0,128,64,0,-56,-160,0,1,100,-180,896,0,128,64,0,-40,-184,0,0,100,0,224,896,112,112,0,-56,-24,0,0,100,0,912,64,112,48,0,
0,52,-368,24,0,1,100,0,896,192,128,48,0,-408,16,0,1,100,0,896,192,128,48,0,-320,16,0,1,100,0,896,192,128,48,0,-200,24,0,1,25,0,1024,192,128,48,0,-240,16,0,1,25,0,1024,192,128,48,0,-152,16,0,1,25,0,1024,192,128,48,0,-160,0,0,1,100,0,1152,184,96,72,0,-184,-8,0,1,100,0,1152,184,96,72,0,-224,-56,0,1,100,0,1232,256,104,120,0,-312,-48,0,1,100,0,1232,256,104,120,0,-264,-24,0,1,100,0,1160,288,72,88,0,-368,0,0,1,100,0,1152,184,96,72,0,-408,-24,0,1,100,0,1152,184,96,72,0,-127,-56,1,1,100,0,1232,256,104,120,0,-127,-56,1,0,40,0,1232,256,104,120,0,-264,-32,0,1,100,0,1152,184,96,72,0,-264,-32,0,0,40,0,1152,184,96,72,0,-160,0,0,0,40,0,1152,184,96,72,0,-184,-8,0,0,40,0,1152,184,96,72,0,-224,-56,0,0,40,0,1232,256,104,120,0,-192,-96,0,1,100,0,984,992,112,152,0,-192,-96,0,0,40,0,984,992,112,152,0,-312,-48,0,0,40,0,1232,256,104,120,0,-264,-24,0,0,40,0,1160,288,72,88,0,-368,0,0,0,40,0,1152,184,96,72,0,-408,-24,0,0,40,0,1152,184,96,72,0,-279,-72,1,1,100,0,1232,256,104,120,0,-279,-72,1,0,40,0,1232,256,104,120,0,-360,-96,0,1,100,0,984,992,112,152,0,-360,-96,0,0,40,0,984,992,112,152,0,-376,-128,0,1,100,0,800,784,160,184,0,-376,-128,0,0,60,0,800,784,160,184,0,-376,-272,0,1,100,0,800,784,160,184,0,-376,-272,0,0,60,0,800,784,160,184,0,-376,-416,0,1,100,0,800,784,160,184,0,-376,-416,0,0,60,0,800,784,160,184,0,-216,-128,0,1,100,0,800,784,160,184,0,-216,-128,0,0,40,0,800,784,160,184,0,-216,-272,0,1,100,0,800,784,160,184,0,-216,-272,0,0,40,0,800,784,160,184,0,-216,-416,0,1,100,0,800,784,160,184,0,-216,-416,0,0,40,0,800,784,160,184,0,-288,-168,0,1,80,0,800,784,160,184,0,-288,-168,0,0,60,0,800,784,160,184,0,-288,-312,0,1,80,0,800,784,160,184,0,-288,-312,0,0,60,0,800,784,160,184,0,-288,-456,0,1,80,0,800,784,160,184,0,-288,-456,0,0,60,0,800,784,160,184,0,-56,-224,0,1,50,0,1024,0,128,64,0,-56,-160,0,1,50,-180,1024,0,128,64,0,-48,-184,0,0,100,0,336,896,112,112,0,-56,-24,0,0,100,0,912,64,112,48,0,
0,57,-112,-184,0,1,100,0,1248,192,32,32,0,-40,-144,0,1,100,0,1248,160,32,32,0,-56,-184,0,1,100,0,1248,128,32,32,0,-112,-192,0,1,100,0,1632,840,80,88,0,-104,-176,0,1,100,90,1632,840,80,88,0,-72,-144,0,1,100,0,1632,928,80,88,0,-96,-208,0,1,100,0,1632,640,72,96,0,-368,24,0,1,50,0,1024,192,128,48,0,-408,16,0,1,50,0,1024,192,128,48,0,-320,16,0,1,50,0,1024,192,128,48,0,-160,-152,0,1,100,0,1256,48,88,80,0,-144,-168,0,0,100,0,448,1008,112,104,0,-80,-184,0,0,50,0,448,1008,112,104,0,-56,-184,0,0,25,0,336,896,112,112,0,-160,0,0,1,100,0,1152,184,96,72,0,-184,-8,0,1,100,0,1152,184,96,72,0,-224,-56,0,1,100,0,1232,256,104,120,0,-312,-48,0,1,100,0,1232,256,104,120,0,-264,-24,0,1,100,0,1160,288,72,88,0,-368,0,0,1,100,0,1152,184,96,72,0,-408,-24,0,1,100,0,1152,184,96,72,0,-127,-56,1,1,100,0,1232,256,104,120,0,-127,-56,1,0,40,0,1232,256,104,120,0,-264,-32,0,1,100,0,1152,184,96,72,0,-264,-32,0,0,40,0,1152,184,96,72,0,-160,0,0,0,40,0,1152,184,96,72,0,-184,-8,0,0,40,0,1152,184,96,72,0,-224,-56,0,0,40,0,1232,256,104,120,0,-192,-96,0,1,100,0,984,992,112,152,0,-192,-96,0,0,40,0,984,992,112,152,0,-312,-48,0,0,40,0,1232,256,104,120,0,-264,-24,0,0,40,0,1160,288,72,88,0,-368,0,0,0,40,0,1152,184,96,72,0,-408,-24,0,0,40,0,1152,184,96,72,0,-279,-72,1,1,100,0,1232,256,104,120,0,-279,-72,1,0,40,0,1232,256,104,120,0,-360,-96,0,1,100,0,984,992,112,152,0,-360,-96,0,0,40,0,984,992,112,152,0,-376,-128,0,1,100,0,800,784,160,184,0,-376,-128,0,0,60,0,800,784,160,184,0,-376,-272,0,1,100,0,800,784,160,184,0,-376,-272,0,0,60,0,800,784,160,184,0,-376,-416,0,1,100,0,800,784,160,184,0,-376,-416,0,0,60,0,800,784,160,184,0,-216,-128,0,1,100,0,800,784,160,184,0,-216,-128,0,0,40,0,800,784,160,184,0,-216,-272,0,1,100,0,800,784,160,184,0,-216,-272,0,0,40,0,800,784,160,184,0,-216,-416,0,1,100,0,800,784,160,184,0,-216,-416,0,0,40,0,800,784,160,184,0,-288,-168,0,1,80,0,800,784,160,184,0,-288,-168,0,0,60,0,800,784,160,184,0,-288,-312,0,1,80,0,800,784,160,184,0,-288,-312,0,0,60,0,800,784,160,184,0,-288,-456,0,1,80,0,800,784,160,184,0,-288,-456,0,0,60,0,800,784,160,184,0,-128,-24,0,0,100,0,912,64,112,48,0,
0,58,-144,-192,0,1,100,0,1280,192,32,32,0,-56,-136,0,1,100,0,1280,160,32,32,0,-64,-200,0,1,100,0,1280,128,32,32,0,-104,-256,0,1,100,-90,1632,840,80,88,0,-64,-216,0,1,100,180,1632,840,80,88,0,-56,-144,0,1,100,0,1632,1008,80,64,0,-104,-208,0,1,100,0,1632,736,72,96,0,-368,24,0,1,25,0,1024,192,128,48,0,-408,16,0,1,25,0,1024,192,128,48,0,-320,16,0,1,25,0,1024,192,128,48,0,-256,-200,0,1,25,0,1280,960,344,192,0,-248,-136,0,0,100,0,448,1008,112,104,0,-96,-180,0,0,50,0,448,1008,112,104,0,-256,-200,0,1,100,0,1280,960,344,192,0,-272,-224,0,1,100,0,784,1360,448,272,0,-176,-200,2,1,50,-270,1024,688,80,80,0,-160,0,0,1,100,0,1152,184,96,72,0,-184,-8,0,1,100,0,1152,184,96,72,0,-224,-56,0,1,100,0,1232,256,104,120,0,-312,-48,0,1,100,0,1232,256,104,120,0,-264,-24,0,1,100,0,1160,288,72,88,0,-368,0,0,1,100,0,1152,184,96,72,0,-408,-24,0,1,100,0,1152,184,96,72,0,-264,-32,0,1,100,0,1152,184,96,72,0,-127,-56,1,1,100,0,1232,256,104,120,0,-127,-56,1,0,40,0,1232,256,104,120,0,-264,-32,0,0,40,0,1152,184,96,72,0,-160,0,0,0,40,0,1152,184,96,72,0,-184,-8,0,0,40,0,1152,184,96,72,0,-224,-56,0,0,40,0,1232,256,104,120,0,-192,-96,0,1,100,0,984,992,112,152,0,-192,-96,0,0,40,0,984,992,112,152,0,-312,-48,0,0,40,0,1232,256,104,120,0,-264,-24,0,0,40,0,1160,288,72,88,0,-368,0,0,0,40,0,1152,184,96,72,0,-408,-24,0,0,40,0,1152,184,96,72,0,-279,-72,1,1,100,0,1232,256,104,120,0,-279,-72,1,0,40,0,1232,256,104,120,0,-360,-96,0,1,100,0,984,992,112,152,0,-360,-96,0,0,40,0,984,992,112,152,0,-376,-128,0,1,100,0,800,784,160,184,0,-376,-128,0,0,60,0,800,784,160,184,0,-376,-272,0,1,100,0,800,784,160,184,0,-376,-272,0,0,60,0,800,784,160,184,0,-376,-416,0,1,100,0,800,784,160,184,0,-376,-416,0,0,60,0,800,784,160,184,0,-216,-128,0,1,100,0,800,784,160,184,0,-216,-128,0,0,40,0,800,784,160,184,0,-216,-272,0,1,100,0,800,784,160,184,0,-216,-272,0,0,40,0,800,784,160,184,0,-216,-416,0,1,100,0,800,784,160,184,0,-216,-416,0,0,40,0,800,784,160,184,0,-288,-168,0,1,80,0,800,784,160,184,0,-288,-168,0,0,60,0,800,784,160,184,0,-288,-312,0,1,80,0,800,784,160,184,0,-288,-312,0,0,60,0,800,784,160,184,0,-288,-456,0,1,80,0,800,784,160,184,0,-288,-456,0,0,60,0,800,784,160,184,0,
0,57,-168,-200,0,1,100,0,1312,192,32,32,0,-72,-128,0,1,100,0,1312,160,32,32,0,-64,-208,0,1,100,0,1312,128,32,32,0,-112,-256,0,1,100,-90,1632,744,80,88,0,-144,-72,0,1,100,90,1632,640,80,96,0,-232,-184,0,1,100,90,1632,1080,80,64,0,-64,-224,0,1,50,180,1632,744,80,88,0,-48,-128,0,1,100,0,1632,1080,80,64,0,-128,-200,0,1,100,0,1632,832,72,96,0,-320,-168,0,1,40,0,1280,960,344,192,0,-312,-104,0,0,100,0,448,1008,112,104,0,-128,-164,0,0,25,0,448,1008,112,104,0,-320,-168,0,1,100,0,1280,960,344,192,0,-304,-216,0,1,100,0,1232,1360,448,272,0,-176,-200,2,1,50,-270,1024,688,80,80,0,-160,0,0,1,100,0,1152,184,96,72,0,-184,-8,0,1,100,0,1152,184,96,72,0,-224,-56,0,1,100,0,1232,256,104,120,0,-312,-48,0,1,100,0,1232,256,104,120,0,-264,-24,0,1,100,0,1160,288,72,88,0,-368,0,0,1,100,0,1152,184,96,72,0,-408,-24,0,1,100,0,1152,184,96,72,0,-127,-56,1,1,100,0,1232,256,104,120,0,-127,-56,1,0,40,0,1232,256,104,120,0,-264,-32,0,1,100,0,1152,184,96,72,0,-264,-32,0,0,40,0,1152,184,96,72,0,-160,0,0,0,40,0,1152,184,96,72,0,-184,-8,0,0,40,0,1152,184,96,72,0,-224,-56,0,0,40,0,1232,256,104,120,0,-192,-96,0,1,100,0,984,992,112,152,0,-192,-96,0,0,40,0,984,992,112,152,0,-312,-48,0,0,40,0,1232,256,104,120,0,-264,-24,0,0,40,0,1160,288,72,88,0,-368,0,0,0,40,0,1152,184,96,72,0,-408,-24,0,0,40,0,1152,184,96,72,0,-279,-72,1,1,100,0,1232,256,104,120,0,-279,-72,1,0,40,0,1232,256,104,120,0,-360,-96,0,1,100,0,984,992,112,152,0,-360,-96,0,0,40,0,984,992,112,152,0,-376,-128,0,1,100,0,800,784,160,184,0,-376,-128,0,0,60,0,800,784,160,184,0,-376,-272,0,1,100,0,800,784,160,184,0,-376,-272,0,0,60,0,800,784,160,184,0,-376,-416,0,1,100,0,800,784,160,184,0,-376,-416,0,0,60,0,800,784,160,184,0,-216,-128,0,1,100,0,800,784,160,184,0,-216,-128,0,0,40,0,800,784,160,184,0,-216,-272,0,1,100,0,800,784,160,184,0,-216,-272,0,0,40,0,800,784,160,184,0,-216,-416,0,1,100,0,800,784,160,184,0,-216,-416,0,0,40,0,800,784,160,184,0,-288,-168,0,1,80,0,800,784,160,184,0,-288,-168,0,0,60,0,800,784,160,184,0,-288,-312,0,1,80,0,800,784,160,184,0,-288,-312,0,0,60,0,800,784,160,184,0,-288,-456,0,1,80,0,800,784,160,184,0,-288,-456,0,0,60,0,800,784,160,184,0,
0,57,-192,-208,0,1,50,0,1312,192,32,32,0,-88,-120,0,1,50,0,1312,160,32,32,0,-66,-212,0,1,50,0,1312,128,32,32,0,-120,-256,0,1,50,-90,1632,640,80,88,0,-176,-64,0,1,100,90,1632,736,80,96,0,-248,-160,0,1,100,90,1632,1016,80,64,0,-70,-231,0,1,25,180,1632,640,80,88,0,-56,-120,1,1,50,0,1632,640,80,88,0,-160,-160,0,1,50,-90,1632,832,72,96,0,-440,-128,0,1,25,0,1280,960,360,192,0,-440,-56,0,0,50,0,448,1008,112,104,0,-424,-128,0,1,50,0,1280,960,360,192,0,-352,-208,0,1,100,0,784,1648,432,272,0,-336,-200,0,1,25,0,1232,1360,448,272,0,-176,-200,2,1,50,-270,1024,688,80,80,0,-160,0,0,1,100,0,1152,184,96,72,0,-184,-8,0,1,100,0,1152,184,96,72,0,-224,-56,0,1,100,0,1232,256,104,120,0,-312,-48,0,1,100,0,1232,256,104,120,0,-264,-24,0,1,100,0,1160,288,72,88,0,-368,0,0,1,100,0,1152,184,96,72,0,-408,-24,0,1,100,0,1152,184,96,72,0,-127,-56,1,1,100,0,1232,256,104,120,0,-127,-56,1,0,40,0,1232,256,104,120,0,-264,-32,0,1,100,0,1152,184,96,72,0,-264,-32,0,0,40,0,1152,184,96,72,0,-160,0,0,0,40,0,1152,184,96,72,0,-184,-8,0,0,40,0,1152,184,96,72,0,-224,-56,0,0,40,0,1232,256,104,120,0,-192,-96,0,1,100,0,984,992,112,152,0,-192,-96,0,0,40,0,984,992,112,152,0,-312,-48,0,0,40,0,1232,256,104,120,0,-264,-24,0,0,40,0,1160,288,72,88,0,-368,0,0,0,40,0,1152,184,96,72,0,-408,-24,0,0,40,0,1152,184,96,72,0,-279,-72,1,1,100,0,1232,256,104,120,0,-279,-72,1,0,40,0,1232,256,104,120,0,-360,-96,0,1,100,0,984,992,112,152,0,-360,-96,0,0,40,0,984,992,112,152,0,-376,-128,0,1,100,0,800,784,160,184,0,-376,-128,0,0,60,0,800,784,160,184,0,-376,-272,0,1,100,0,800,784,160,184,0,-376,-272,0,0,60,0,800,784,160,184,0,-376,-416,0,1,100,0,800,784,160,184,0,-376,-416,0,0,60,0,800,784,160,184,0,-216,-128,0,1,100,0,800,784,160,184,0,-216,-128,0,0,40,0,800,784,160,184,0,-216,-272,0,1,100,0,800,784,160,184,0,-216,-272,0,0,40,0,800,784,160,184,0,-216,-416,0,1,100,0,800,784,160,184,0,-216,-416,0,0,40,0,800,784,160,184,0,-288,-168,0,1,80,0,800,784,160,184,0,-288,-168,0,0,60,0,800,784,160,184,0,-288,-312,0,1,80,0,800,784,160,184,0,-288,-312,0,0,60,0,800,784,160,184,0,-288,-456,0,1,80,0,800,784,160,184,0,-288,-456,0,0,60,0,800,784,160,184,0,
0,46,-208,-56,0,1,50,90,1632,832,80,96,0,-272,-144,0,1,50,90,1632,928,80,80,0,-392,-184,0,1,50,0,1224,1648,432,272,0,-176,-200,2,1,50,-270,1024,688,80,80,0,-160,0,0,1,100,0,1152,184,96,72,0,-184,-8,0,1,100,0,1152,184,96,72,0,-224,-56,0,1,100,0,1232,256,104,120,0,-312,-48,0,1,100,0,1232,256,104,120,0,-264,-24,0,1,100,0,1160,288,72,88,0,-368,0,0,1,100,0,1152,184,96,72,0,-408,-24,0,1,100,0,1152,184,96,72,0,-127,-56,1,1,100,0,1232,256,104,120,0,-127,-56,1,0,40,0,1232,256,104,120,0,-264,-32,0,1,100,0,1152,184,96,72,0,-264,-32,0,0,40,0,1152,184,96,72,0,-160,0,0,0,40,0,1152,184,96,72,0,-184,-8,0,0,40,0,1152,184,96,72,0,-224,-56,0,0,40,0,1232,256,104,120,0,-192,-96,0,1,100,0,984,992,112,152,0,-192,-96,0,0,40,0,984,992,112,152,0,-312,-48,0,0,40,0,1232,256,104,120,0,-264,-24,0,0,40,0,1160,288,72,88,0,-368,0,0,0,40,0,1152,184,96,72,0,-408,-24,0,0,40,0,1152,184,96,72,0,-279,-72,1,1,100,0,1232,256,104,120,0,-279,-72,1,0,40,0,1232,256,104,120,0,-360,-96,0,1,100,0,984,992,112,152,0,-360,-96,0,0,40,0,984,992,112,152,0,-376,-128,0,1,100,0,800,784,160,184,0,-376,-128,0,0,60,0,800,784,160,184,0,-376,-272,0,1,100,0,800,784,160,184,0,-376,-272,0,0,60,0,800,784,160,184,0,-376,-416,0,1,100,0,800,784,160,184,0,-376,-416,0,0,60,0,800,784,160,184,0,-216,-128,0,1,100,0,800,784,160,184,0,-216,-128,0,0,40,0,800,784,160,184,0,-216,-272,0,1,100,0,800,784,160,184,0,-216,-272,0,0,40,0,800,784,160,184,0,-216,-416,0,1,100,0,800,784,160,184,0,-216,-416,0,0,40,0,800,784,160,184,0,-288,-168,0,1,80,0,800,784,160,184,0,-288,-168,0,0,60,0,800,784,160,184,0,-288,-312,0,1,80,0,800,784,160,184,0,-288,-312,0,0,60,0,800,784,160,184,0,-288,-456,0,1,80,0,800,784,160,184,0,-288,-456,0,0,60,0,800,784,160,184,0,
0,42,-160,0,0,1,100,0,1152,184,96,72,0,-184,-8,0,1,100,0,1152,184,96,72,0,-224,-56,0,1,100,0,1232,256,104,120,0,-312,-48,0,1,100,0,1232,256,104,120,0,-264,-24,0,1,100,0,1160,288,72,88,0,-368,0,0,1,100,0,1152,184,96,72,0,-408,-24,0,1,100,0,1152,184,96,72,0,-127,-56,1,1,100,0,1232,256,104,120,0,-127,-56,1,0,40,0,1232,256,104,120,0,-264,-32,0,1,100,0,1152,184,96,72,0,-264,-32,0,0,40,0,1152,184,96,72,0,-160,0,0,0,40,0,1152,184,96,72,0,-184,-8,0,0,40,0,1152,184,96,72,0,-224,-56,0,0,40,0,1232,256,104,120,0,-192,-96,0,1,100,0,984,992,112,152,0,-192,-96,0,0,40,0,984,992,112,152,0,-312,-48,0,0,40,0,1232,256,104,120,0,-264,-24,0,0,40,0,1160,288,72,88,0,-368,0,0,0,40,0,1152,184,96,72,0,-408,-24,0,0,40,0,1152,184,96,72,0,-279,-72,1,1,100,0,1232,256,104,120,0,-279,-72,1,0,40,0,1232,256,104,120,0,-360,-96,0,1,100,0,984,992,112,152,0,-360,-96,0,0,40,0,984,992,112,152,0,-376,-128,0,1,100,0,800,784,160,184,0,-376,-128,0,0,60,0,800,784,160,184,0,-376,-272,0,1,100,0,800,784,160,184,0,-376,-272,0,0,60,0,800,784,160,184,0,-376,-416,0,1,100,0,800,784,160,184,0,-376,-416,0,0,60,0,800,784,160,184,0,-216,-128,0,1,100,0,800,784,160,184,0,-216,-128,0,0,40,0,800,784,160,184,0,-216,-272,0,1,100,0,800,784,160,184,0,-216,-272,0,0,40,0,800,784,160,184,0,-216,-416,0,1,100,0,800,784,160,184,0,-216,-416,0,0,40,0,800,784,160,184,0,-288,-168,0,1,80,0,800,784,160,184,0,-288,-168,0,0,60,0,800,784,160,184,0,-288,-312,0,1,80,0,800,784,160,184,0,-288,-312,0,0,60,0,800,784,160,184,0,-288,-456,0,1,80,0,800,784,160,184,0,-288,-456,0,0,60,0,800,784,160,184,0,
0,53,-416,-184,1,1,80,0,784,1184,144,128,0,-400,-312,1,1,80,0,784,1184,144,128,0,-304,-376,1,1,80,0,784,1184,144,128,0,-184,-312,1,1,80,0,784,1184,144,128,0,-336,-96,1,1,80,0,784,1184,144,128,0,-264,-216,1,1,80,0,784,1184,144,128,0,-216,-48,0,1,80,0,784,1184,144,128,0,-200,-144,0,1,80,0,784,1184,144,128,0,-160,0,0,1,50,0,1152,184,96,72,0,-184,-8,0,1,50,0,1152,184,96,72,0,-224,-56,0,1,50,0,1232,256,104,120,0,-312,-48,0,1,50,0,1232,256,104,120,0,-264,-24,0,1,50,0,1160,288,72,88,0,-368,0,0,1,50,0,1152,184,96,72,0,-408,-24,0,1,50,0,1152,184,96,72,0,-127,-56,1,1,50,0,1232,256,104,120,0,-127,-56,1,0,20,0,1232,256,104,120,0,-264,-32,0,1,50,0,1152,184,96,72,0,-264,-32,0,0,10,0,1152,184,96,72,0,-160,0,0,0,10,0,1152,184,96,72,0,-184,-8,0,0,10,0,1152,184,96,72,0,-224,-56,0,0,10,0,1232,256,104,120,0,-312,-48,0,0,10,0,1232,256,104,120,0,-264,-24,0,0,10,0,1160,288,72,88,0,-368,0,0,0,10,0,1152,184,96,72,0,-408,-24,0,0,10,0,1152,184,96,72,0,-378,-130,0,1,100,0,800,784,160,184,0,-376,-128,0,1,100,0,800,784,160,184,0,-376,-128,0,0,60,0,800,784,160,184,0,-378,-274,0,1,100,0,800,784,160,184,0,-376,-272,0,1,100,0,800,784,160,184,0,-376,-272,0,0,60,0,800,784,160,184,0,-378,-418,0,1,100,0,800,784,160,184,0,-376,-416,0,1,100,0,800,784,160,184,0,-376,-416,0,0,60,0,800,784,160,184,0,-218,-418,0,1,100,0,800,784,160,184,0,-216,-416,0,1,100,0,800,784,160,184,0,-216,-416,0,0,40,0,800,784,160,184,0,-218,-274,0,1,100,0,800,784,160,184,0,-216,-272,0,1,100,0,800,784,160,184,0,-216,-272,0,0,40,0,800,784,160,184,0,-218,-130,0,1,100,0,800,784,160,184,0,-216,-128,0,1,100,0,800,784,160,184,0,-216,-128,0,0,40,0,800,784,160,184,0,-290,-170,0,1,80,0,800,784,160,184,0,-288,-168,0,1,80,0,800,784,160,184,0,-288,-168,0,0,60,0,800,784,160,184,0,-290,-314,0,1,80,0,800,784,160,184,0,-288,-312,0,1,80,0,800,784,160,184,0,-288,-312,0,0,60,0,800,784,160,184,0,-290,-458,0,1,80,0,800,784,160,184,0,-288,-456,0,1,80,0,800,784,160,184,0,-288,-456,0,0,60,0,800,784,160,184,0,
0,43,-240,-344,1,1,100,-180,1344,464,56,96,0,-240,-344,1,0,60,-180,1344,464,56,96,0,-168,-344,0,1,100,-180,1128,384,56,56,0,-168,-344,0,0,60,-180,1128,384,56,56,0,-296,-232,0,1,100,-90,1128,384,56,56,0,-296,-232,0,0,60,-90,1128,384,56,56,0,-184,-104,0,1,100,0,1128,384,56,56,0,-184,-104,0,0,60,0,1128,384,56,56,0,-438,-88,2,1,80,0,784,1152,144,192,0,-286,-360,2,1,80,0,784,1152,144,192,0,-358,-240,2,1,80,0,784,1152,144,192,0,-296,-80,3,1,80,0,784,1152,144,192,0,-176,-144,3,1,80,0,784,1152,144,192,0,-328,-360,3,1,80,0,784,1152,144,192,0,-256,-240,3,1,80,0,784,1152,144,192,0,-208,-408,2,1,80,0,784,1152,144,192,0,-192,-312,2,1,80,0,784,1152,144,192,0,-448,-216,1,1,80,0,928,1152,208,192,0,-432,-344,1,1,80,0,928,1152,208,192,0,-336,-408,1,1,80,0,928,1152,208,192,0,-216,-344,1,1,80,0,928,1152,208,192,0,-368,-128,1,1,80,0,928,1152,208,192,0,-296,-248,1,1,80,0,928,1152,208,192,0,-248,-80,0,1,80,0,928,1152,208,192,0,-232,-176,0,1,80,0,928,1152,208,192,0,-376,-112,0,1,80,0,976,784,160,184,0,-376,-256,0,1,80,0,976,784,160,184,0,-376,-400,0,1,80,0,976,784,160,184,0,-216,-112,0,1,80,0,976,784,160,184,0,-216,-256,0,1,80,0,976,784,160,184,0,-216,-400,0,1,80,0,976,784,160,184,0,-288,-152,0,1,80,0,976,784,160,184,0,-288,-288,0,1,80,0,976,784,160,184,0,-288,-432,0,1,80,0,976,784,160,184,0,-376,-112,0,0,60,0,976,784,160,184,0,-376,-256,0,0,60,0,976,784,160,184,0,-376,-400,0,0,60,0,976,784,160,184,0,-216,-112,0,0,40,0,976,784,160,184,0,-216,-256,0,0,40,0,976,784,160,184,0,-216,-400,0,0,40,0,976,784,160,184,0,-288,-152,0,0,60,0,976,784,160,184,0,-288,-288,0,0,60,0,976,784,160,184,0,-288,-432,0,0,60,0,976,784,160,184,0,
0,47,-56,-192,0,0,50,0,224,784,112,112,0,-280,-320,1,1,100,-90,1344,464,56,96,0,-280,-320,1,0,60,-90,1344,464,56,96,0,-296,-160,2,1,100,0,1224,464,104,56,0,-296,-160,2,0,60,0,1224,464,104,56,0,-168,-376,0,1,100,-180,1200,384,56,56,0,-168,-376,0,0,60,-180,1200,384,56,56,0,-312,-240,0,1,100,-90,1200,384,56,56,0,-312,-240,0,0,60,-90,1200,384,56,56,0,-168,-88,0,1,100,0,1200,384,56,56,0,-168,-88,0,0,60,0,1200,384,56,56,0,-470,-96,2,1,80,0,928,1152,208,192,0,-318,-360,2,1,80,0,928,1152,208,192,0,-390,-240,2,1,80,0,928,1152,208,192,0,-328,-80,3,1,80,0,928,1152,208,192,0,-208,-144,3,1,80,0,928,1152,208,192,0,-360,-360,3,1,80,0,928,1152,208,192,0,-288,-240,3,1,80,0,928,1152,208,192,0,-240,-408,2,1,80,0,928,1152,208,192,0,-224,-312,2,1,80,0,928,1152,208,192,0,-448,-216,1,1,40,0,1136,1152,208,192,0,-432,-344,1,1,40,0,1136,1152,208,192,0,-336,-408,1,1,40,0,1136,1152,208,192,0,-216,-344,1,1,40,0,1136,1152,208,192,0,-368,-128,1,1,40,0,1136,1152,208,192,0,-296,-248,1,1,40,0,1136,1152,208,192,0,-248,-80,0,1,40,0,1136,1152,208,192,0,-232,-176,0,1,40,0,1136,1152,208,192,0,-376,-120,0,1,80,0,1152,784,160,184,0,-376,-248,0,1,80,0,1152,784,160,184,0,-376,-392,0,1,80,0,1152,784,160,184,0,-216,-112,0,1,80,0,1152,784,160,184,0,-216,-248,0,1,80,0,1152,784,160,184,0,-216,-392,0,1,80,0,1152,784,160,184,0,-288,-152,0,1,80,0,1152,784,160,184,0,-288,-288,0,1,80,0,1152,784,160,184,0,-288,-432,0,1,80,0,1152,784,160,184,0,-376,-120,0,0,60,0,1152,784,160,184,0,-376,-248,0,0,60,0,1152,784,160,184,0,-376,-392,0,0,60,0,1152,784,160,184,0,-216,-112,0,0,40,0,1152,784,160,184,0,-216,-248,0,0,40,0,1152,784,160,184,0,-216,-392,0,0,40,0,1152,784,160,184,0,-288,-152,0,0,60,0,1152,784,160,184,0,-288,-288,0,0,60,0,1152,784,160,184,0,-288,-432,0,0,60,0,1152,784,160,184,0,-56,-24,0,0,25,0,800,64,112,48,0,
0,55,-40,-176,0,0,100,0,112,784,112,112,0,-360,-341,1,1,40,-270,1224,464,104,56,0,-360,-341,1,0,40,-270,1224,464,104,56,0,-229,-411,3,1,40,-270,1224,464,104,56,0,-229,-411,3,0,40,-270,1224,464,104,56,0,-178,-120,1,1,40,270,1128,464,64,104,0,-178,-120,1,0,40,270,1128,464,64,104,0,-288,-296,0,1,100,0,1224,464,104,56,0,-288,-296,0,0,60,0,1224,464,104,56,0,-303,-154,2,1,100,0,1224,464,104,56,0,-303,-154,2,0,60,0,1224,464,104,56,0,-74,-203,0,1,100,-180,1128,464,64,104,0,-74,-203,0,0,60,-180,1128,464,64,104,0,-192,-392,0,1,100,0,1312,384,56,64,0,-192,-392,0,0,60,0,1312,384,56,64,0,-336,-224,0,1,100,-270,1312,384,56,64,0,-336,-224,0,0,60,-270,1312,384,56,64,0,-160,-80,0,1,100,-180,1312,384,56,64,0,-160,-80,0,0,60,-180,1312,384,56,64,0,-470,-96,2,1,40,0,1136,1152,208,192,0,-318,-360,2,1,40,0,1136,1152,208,192,0,-390,-240,2,1,40,0,1136,1152,208,192,0,-328,-80,3,1,40,0,1136,1152,208,192,0,-208,-144,3,1,40,0,1136,1152,208,192,0,-360,-360,3,1,40,0,1136,1152,208,192,0,-288,-240,3,1,40,0,1136,1152,208,192,0,-240,-408,2,1,40,0,1136,1152,208,192,0,-224,-312,2,1,40,0,1136,1152,208,192,0,-448,-216,1,1,20,0,1136,1152,208,192,0,-432,-344,1,1,20,0,1136,1152,208,192,0,-336,-408,1,1,20,0,1136,1152,208,192,0,-216,-344,1,1,20,0,1136,1152,208,192,0,-368,-128,1,1,20,0,1136,1152,208,192,0,-296,-248,1,1,20,0,1136,1152,208,192,0,-248,-80,0,1,20,0,1136,1152,208,192,0,-232,-176,0,1,20,0,1136,1152,208,192,0,-400,-128,1,1,40,0,800,968,160,184,0,-400,-256,1,1,40,0,800,968,160,184,0,-392,-392,1,1,40,0,800,968,160,184,0,-192,-128,0,1,40,0,800,968,160,184,0,-192,-256,0,1,40,0,800,968,160,184,0,-200,-400,0,1,40,0,800,968,160,184,0,-288,-168,0,1,40,0,800,968,160,184,0,-288,-304,0,1,40,0,800,968,160,184,0,-288,-448,0,1,40,0,800,968,160,184,0,-400,-128,1,0,40,0,800,968,160,184,0,-400,-256,1,0,40,0,800,968,160,184,0,-392,-392,1,0,40,0,800,968,160,184,0,-192,-128,0,0,40,0,800,968,160,184,0,-192,-256,0,0,40,0,800,968,160,184,0,-200,-400,0,0,40,0,800,968,160,184,0,-288,-168,0,0,40,0,800,968,160,184,0,-288,-304,0,0,40,0,800,968,160,184,0,-288,-448,0,0,40,0,800,968,160,184,0,-56,-24,0,0,50,0,800,64,112,48,0,
0,23,-48,-144,0,0,100,0,0,0,112,112,0,-360,-337,1,1,25,-270,1224,464,104,56,0,-360,-337,1,0,25,-270,1224,464,104,56,0,-229,-407,3,1,25,-270,1224,464,104,56,0,-229,-407,3,0,25,-270,1224,464,104,56,0,-178,-116,1,1,25,270,1128,464,64,104,0,-178,-116,1,0,25,270,1128,464,64,104,0,-293,-288,0,1,40,0,1224,464,104,56,0,-293,-288,0,0,40,0,1224,464,104,56,0,-307,-149,2,1,40,0,1224,464,104,56,0,-307,-149,2,0,40,0,1224,464,104,56,0,-72,-194,0,1,40,-180,1128,464,64,104,0,-72,-194,0,0,40,-180,1128,464,64,104,0,-470,-96,2,1,25,0,1136,1152,208,192,0,-318,-360,2,1,25,0,1136,1152,208,192,0,-390,-240,2,1,25,0,1136,1152,208,192,0,-328,-80,3,1,25,0,1136,1152,208,192,0,-208,-144,3,1,25,0,1136,1152,208,192,0,-360,-360,3,1,25,0,1136,1152,208,192,0,-288,-240,3,1,25,0,1136,1152,208,192,0,-240,-408,2,1,25,0,1136,1152,208,192,0,-224,-312,2,1,25,0,1136,1152,208,192,0,-56,-24,0,0,75,0,800,64,112,48,0,
0,2,-48,-120,0,0,100,0,0,0,112,112,0,-56,-24,0,0,100,0,800,64,112,48,0,
0,2,-48,-112,0,0,100,0,0,0,112,112,0,-56,-24,0,0,100,0,800,64,112,48,0,
0,0,
0,0,
0,0,
0,0,
0,0,
0,0,
0,0,
0,0,
0,0,
0,0,
0,0,
0,0,
0,0,
0,0,
0,0,
0,0,
0,0,
0,0,
0,0,
0,0,
0,0,
0,4,-44,-112,0,0,100,0,0,560,112,112,0,-56,-120,0,1,100,0,640,240,128,128,0,-56,-120,0,1,100,0,640,112,128,128,0,-56,-24,0,0,100,0,800,64,112,48,0,
0,5,-48,-112,0,0,100,0,112,560,112,112,0,-56,-120,0,1,50,0,640,240,128,128,0,-50,-126,0,1,15,0,768,240,128,128,0,-55,-121,0,1,75,0,768,112,128,128,0,-56,-24,0,0,100,0,800,64,112,48,0,
0,5,-48,-112,0,0,100,0,224,560,112,112,0,-56,-120,0,1,25,0,640,240,128,128,0,-50,-126,0,1,25,0,768,240,128,128,0,-54,-122,0,1,50,0,768,112,128,128,0,-56,-24,0,0,100,0,800,64,112,48,0,
0,5,-48,-112,0,0,100,0,336,560,112,112,0,-56,-120,0,1,10,0,640,240,128,128,0,-50,-126,0,1,10,0,768,240,128,128,0,-53,-123,0,1,25,0,768,112,128,128,0,-56,-24,0,0,100,0,800,64,112,48,0,
0,2,-48,-112,0,0,100,0,448,560,112,112,0,-56,-24,0,0,100,0,800,64,112,48,0,
0,2,-48,-112,0,0,100,0,560,560,112,112,0,-56,-24,0,0,100,0,800,64,112,48,0,
0,2,-40,-112,0,0,100,0,672,560,112,112,0,-56,-24,0,0,100,0,800,64,112,48,0,
0,2,-48,-108,0,0,100,0,0,672,112,112,0,-56,-24,0,0,100,0,800,64,112,48,0,
0,2,-32,-112,0,0,100,0,112,672,112,112,0,-56,-24,0,0,100,0,800,64,112,48,0,
0,2,-32,-112,0,0,100,0,112,448,112,112,0,-56,-24,0,0,100,0,800,64,112,48,0,
0,2,-32,-112,0,0,100,0,224,448,112,112,0,-56,-24,0,0,100,0,800,64,112,48,0,
0,2,-32,-112,0,0,100,0,336,448,112,112,0,-56,-24,0,0,100,0,800,64,112,48,0,
0,2,-32,-112,0,0,100,0,0,448,112,112,0,-56,-24,0,0,100,0,800,64,112,48,0,
0,0,
