0,30,-61,-64,0,1,100,0,1376,0,128,48,0,-53,-40,0,1,100,0,656,768,112,32,0,-65,-36,0,1,100,0,576,336,48,48,0,32,-64,0,0,100,0,336,856,48,56,0,-56,-56,0,0,100,0,392,960,136,80,0,-3,-91,0,0,100,0,32,192,32,32,0,-19,-95,0,0,100,0,0,0,32,32,0,-11,-59,0,0,100,0,0,160,32,32,0,-19,-64,0,0,100,0,0,128,32,32,0,-7,-65,0,0,100,0,672,176,32,64,0,-39,-65,0,0,100,0,640,176,32,64,0,-32,-50,0,0,100,0,704,80,48,48,0,-4,-83,0,0,100,0,0,400,48,48,0,-27,-92,0,0,100,0,0,192,32,32,0,-25,-84,0,0,100,0,0,32,48,48,0,-50,-86,0,0,100,0,0,256,48,48,0,-69,-68,0,0,100,0,0,832,80,80,0,1,-28,0,0,100,0,0,688,32,32,0,-31,-28,0,0,100,0,0,544,32,32,0,-24,-52,0,0,100,0,704,128,48,48,0,-36,-76,0,0,100,0,576,0,80,80,0,-32,-120,0,1,100,0,1024,0,88,120,0,-64,-136,0,0,100,0,96,608,152,88,0,-48,-120,0,0,100,0,512,496,128,112,0,-40,-120,0,0,100,0,96,776,72,48,0,-40,-104,0,0,100,0,384,776,72,56,0,-56,-120,0,0,100,0,96,696,136,80,0,-53,-46,0,1,100,0,528,960,112,64,0,-53,-46,0,0,100,0,528,896,112,64,0,-41,-16,0,0,100,0,944,288,80,32,0,
0,30,-61,-64,0,1,100,0,1504,0,128,48,0,-53,-40,0,1,100,0,656,800,112,32,0,-65,-36,0,1,100,0,624,336,48,48,0,32,-64,0,0,100,0,384,856,48,56,0,-56,-56,0,0,100,0,392,960,136,80,0,-3,-91,0,0,100,0,32,192,32,32,0,-19,-95,0,0,100,0,0,0,32,32,0,-11,-59,0,0,100,0,0,160,32,32,0,-19,-64,0,0,100,0,0,128,32,32,0,-7,-65,0,0,100,0,736,176,32,64,0,-39,-65,0,0,100,0,704,176,32,64,0,-32,-50,0,0,100,0,752,80,48,48,0,-4,-83,0,0,100,0,0,400,48,48,0,-27,-92,0,0,100,0,0,192,32,32,0,-25,-84,0,0,100,0,0,32,48,48,0,-50,-86,0,0,100,0,0,256,48,48,0,-69,-68,0,0,100,0,0,832,80,80,0,1,-28,0,0,100,0,0,688,32,32,0,-31,-28,0,0,100,0,0,544,32,32,0,-24,-52,0,0,100,0,752,128,48,48,0,-36,-76,0,0,100,0,656,0,80,80,0,-32,-120,0,1,100,0,1112,0,88,120,0,-64,-136,0,0,100,0,248,608,152,88,0,-48,-120,0,0,100,0,512,496,128,112,0,-40,-120,0,0,100,0,168,776,72,48,0,-40,-104,0,0,100,0,384,776,72,56,0,-56,-120,0,0,100,0,232,696,136,80,0,-53,-46,0,1,80,0,528,960,112,64,0,-53,-46,0,0,100,0,528,896,112,64,0,-41,-16,0,0,100,0,944,288,80,32,0,
0,30,-61,-64,0,1,100,0,1632,0,128,48,0,-53,-40,0,1,100,0,656,832,112,32,0,-65,-36,0,1,100,0,672,336,48,48,0,32,-64,0,0,100,0,432,856,48,56,0,-56,-56,0,0,100,0,392,960,136,80,0,-3,-91,0,0,100,0,32,192,32,32,0,-19,-95,0,0,100,0,0,0,32,32,0,-11,-59,0,0,100,0,0,160,32,32,0,-19,-64,0,0,100,0,0,128,32,32,0,-7,-65,0,0,100,0,800,176,32,64,0,-39,-65,0,0,100,0,768,176,32,64,0,-32,-50,0,0,100,0,800,80,48,48,0,-4,-83,0,0,100,0,0,400,48,48,0,-27,-92,0,0,100,0,0,192,32,32,0,-25,-84,0,0,100,0,0,32,48,48,0,-50,-86,0,0,100,0,0,256,48,48,0,-69,-68,0,0,100,0,0,832,80,80,0,1,-28,0,0,100,0,0,688,32,32,0,-31,-28,0,0,100,0,0,544,32,32,0,-24,-52,0,0,100,0,800,128,48,48,0,-36,-76,0,0,100,0,736,0,80,80,0,-32,-120,0,1,100,0,1200,0,88,120,0,-64,-136,0,0,100,0,400,608,152,88,0,-48,-120,0,0,100,0,512,496,128,112,0,-40,-120,0,0,100,0,240,776,72,48,0,-40,-104,0,0,100,0,384,776,72,56,0,-56,-120,0,0,100,0,368,696,136,80,0,-53,-46,0,1,60,0,528,960,112,64,0,-53,-46,0,0,100,0,528,896,112,64,0,-41,-16,0,0,100,0,944,288,80,32,0,
0,30,-61,-64,0,1,100,0,1760,0,128,48,0,-53,-40,0,1,100,0,656,864,112,32,0,-65,-36,0,1,100,0,720,336,48,48,0,32,-64,0,0,100,0,480,856,48,56,0,-56,-56,0,0,100,0,392,960,136,80,0,-3,-91,0,0,100,0,32,192,32,32,0,-19,-95,0,0,100,0,0,0,32,32,0,-11,-59,0,0,100,0,0,160,32,32,0,-19,-64,0,0,100,0,0,128,32,32,0,-7,-65,0,0,100,0,864,176,32,64,0,-39,-65,0,0,100,0,832,176,32,64,0,-32,-50,0,0,100,0,848,80,48,48,0,-4,-83,0,0,100,0,0,400,48,48,0,-27,-92,0,0,100,0,0,192,32,32,0,-25,-84,0,0,100,0,0,32,48,48,0,-50,-86,0,0,100,0,0,256,48,48,0,-69,-68,0,0,100,0,0,832,80,80,0,1,-28,0,0,100,0,0,688,32,32,0,-31,-28,0,0,100,0,0,544,32,32,0,-24,-52,0,0,100,0,848,128,48,48,0,-36,-76,0,0,100,0,816,0,80,80,0,-32,-120,0,1,100,0,1288,0,88,120,0,-64,-136,0,0,100,0,552,608,152,88,0,-48,-120,0,0,100,0,512,496,128,112,0,-40,-120,0,0,100,0,312,776,72,48,0,-40,-104,0,0,100,0,384,776,72,56,0,-56,-120,0,0,100,0,504,696,136,80,0,-53,-46,0,1,80,0,528,960,112,64,0,-53,-46,0,0,100,0,528,896,112,64,0,-41,-16,0,0,100,0,944,288,80,32,0,
0,30,-61,-64,0,1,100,0,1376,0,128,48,0,-53,-40,0,1,100,0,656,768,112,32,0,-1,-35,0,1,100,0,768,336,64,48,0,32,-64,0,0,100,0,336,856,48,56,0,-56,-56,0,0,100,0,392,960,136,80,0,-3,-91,0,0,100,0,32,192,32,32,0,-19,-95,0,0,100,0,0,0,32,32,0,-11,-59,0,0,100,0,0,160,32,32,0,-19,-64,0,0,100,0,0,128,32,32,0,-7,-65,0,0,100,0,672,176,32,64,0,-39,-65,0,0,100,0,640,176,32,64,0,-32,-50,0,0,100,0,704,80,48,48,0,-4,-83,0,0,100,0,0,400,48,48,0,-27,-92,0,0,100,0,0,192,32,32,0,-25,-84,0,0,100,0,0,32,48,48,0,-50,-86,0,0,100,0,0,256,48,48,0,-69,-68,0,0,100,0,0,832,80,80,0,1,-28,0,0,100,0,0,688,32,32,0,-31,-28,0,0,100,0,0,544,32,32,0,-24,-52,0,0,100,0,704,128,48,48,0,-36,-76,0,0,100,0,576,0,80,80,0,-32,-120,0,1,100,0,1024,0,88,120,0,-64,-136,0,0,100,0,96,608,152,88,0,-48,-120,0,0,100,0,512,496,128,112,0,-40,-120,0,0,100,0,96,776,72,48,0,-40,-104,0,0,100,0,384,776,72,56,0,-56,-120,0,0,100,0,96,696,136,80,0,-53,-46,0,1,100,0,528,960,112,64,0,-53,-46,0,0,100,0,528,896,112,64,0,-41,-16,0,0,100,0,944,288,80,32,0,
0,30,-61,-64,0,1,100,0,1504,0,128,48,0,-53,-40,0,1,100,0,656,800,112,32,0,-1,-35,0,1,100,0,832,336,64,48,0,32,-64,0,0,100,0,384,856,48,56,0,-56,-56,0,0,100,0,392,960,136,80,0,-3,-91,0,0,100,0,32,192,32,32,0,-19,-95,0,0,100,0,0,0,32,32,0,-11,-59,0,0,100,0,0,160,32,32,0,-19,-64,0,0,100,0,0,128,32,32,0,-7,-65,0,0,100,0,736,176,32,64,0,-39,-65,0,0,100,0,704,176,32,64,0,-32,-50,0,0,100,0,752,80,48,48,0,-4,-83,0,0,100,0,0,400,48,48,0,-27,-92,0,0,100,0,0,192,32,32,0,-25,-84,0,0,100,0,0,32,48,48,0,-50,-86,0,0,100,0,0,256,48,48,0,-69,-68,0,0,100,0,0,832,80,80,0,1,-28,0,0,100,0,0,688,32,32,0,-31,-28,0,0,100,0,0,544,32,32,0,-24,-52,0,0,100,0,752,128,48,48,0,-36,-76,0,0,100,0,656,0,80,80,0,-32,-120,0,1,100,0,1112,0,88,120,0,-64,-136,0,0,100,0,248,608,152,88,0,-48,-120,0,0,100,0,512,496,128,112,0,-40,-120,0,0,100,0,168,776,72,48,0,-40,-104,0,0,100,0,384,776,72,56,0,-56,-120,0,0,100,0,232,696,136,80,0,-53,-46,0,1,80,0,528,960,112,64,0,-53,-46,0,0,100,0,528,896,112,64,0,-41,-16,0,0,100,0,944,288,80,32,0,
0,30,-61,-64,0,1,100,0,1632,0,128,48,0,-53,-40,0,1,100,0,656,832,112,32,0,-1,-35,0,1,100,0,896,336,64,48,0,32,-64,0,0,100,0,432,856,48,56,0,-56,-56,0,0,100,0,392,960,136,80,0,-3,-91,0,0,100,0,32,192,32,32,0,-19,-95,0,0,100,0,0,0,32,32,0,-11,-59,0,0,100,0,0,160,32,32,0,-19,-64,0,0,100,0,0,128,32,32,0,-7,-65,0,0,100,0,800,176,32,64,0,-39,-65,0,0,100,0,768,176,32,64,0,-32,-50,0,0,100,0,800,80,48,48,0,-4,-83,0,0,100,0,0,400,48,48,0,-27,-92,0,0,100,0,0,192,32,32,0,-25,-84,0,0,100,0,0,32,48,48,0,-50,-86,0,0,100,0,0,256,48,48,0,-69,-68,0,0,100,0,0,832,80,80,0,1,-28,0,0,100,0,0,688,32,32,0,-31,-28,0,0,100,0,0,544,32,32,0,-24,-52,0,0,100,0,800,128,48,48,0,-36,-76,0,0,100,0,736,0,80,80,0,-32,-120,0,1,100,0,1200,0,88,120,0,-64,-136,0,0,100,0,400,608,152,88,0,-48,-120,0,0,100,0,512,496,128,112,0,-40,-120,0,0,100,0,240,776,72,48,0,-40,-104,0,0,100,0,384,776,72,56,0,-56,-120,0,0,100,0,368,696,136,80,0,-53,-46,0,1,60,0,528,960,112,64,0,-53,-46,0,0,100,0,528,896,112,64,0,-41,-16,0,0,100,0,944,288,80,32,0,
0,30,-61,-64,0,1,100,0,1760,0,128,48,0,-53,-40,0,1,100,0,656,864,112,32,0,-1,-35,0,1,100,0,960,336,64,48,0,32,-64,0,0,100,0,480,856,48,56,0,-56,-56,0,0,100,0,392,960,136,80,0,-3,-91,0,0,100,0,32,192,32,32,0,-19,-95,0,0,100,0,0,0,32,32,0,-11,-59,0,0,100,0,0,160,32,32,0,-19,-64,0,0,100,0,0,128,32,32,0,-7,-65,0,0,100,0,864,176,32,64,0,-39,-65,0,0,100,0,832,176,32,64,0,-32,-50,0,0,100,0,848,80,48,48,0,-4,-83,0,0,100,0,0,400,48,48,0,-27,-92,0,0,100,0,0,192,32,32,0,-25,-84,0,0,100,0,0,32,48,48,0,-50,-86,0,0,100,0,0,256,48,48,0,-69,-68,0,0,100,0,0,832,80,80,0,1,-28,0,0,100,0,0,688,32,32,0,-31,-28,0,0,100,0,0,544,32,32,0,-24,-52,0,0,100,0,848,128,48,48,0,-36,-76,0,0,100,0,816,0,80,80,0,-32,-120,0,1,100,0,1288,0,88,120,0,-64,-136,0,0,100,0,552,608,152,88,0,-48,-120,0,0,100,0,512,496,128,112,0,-40,-120,0,0,100,0,312,776,72,48,0,-40,-104,0,0,100,0,384,776,72,56,0,-56,-120,0,0,100,0,504,696,136,80,0,-53,-46,0,1,80,0,528,960,112,64,0,-53,-46,0,0,100,0,528,896,112,64,0,-41,-16,0,0,100,0,944,288,80,32,0,
0,32,-61,-64,0,1,100,0,1376,0,128,48,0,-53,-40,0,1,100,0,656,768,112,32,0,-65,-36,0,1,100,0,576,336,48,48,0,-1,-35,0,1,100,0,896,336,64,48,0,-65,-36,0,1,40,0,720,336,48,48,0,32,-64,0,0,100,0,336,856,48,56,0,-56,-56,0,0,100,0,392,960,136,80,0,-66,-102,0,0,100,-90,240,832,80,80,0,-5,-91,0,0,100,0,96,192,32,32,0,-20,-95,0,0,100,0,0,0,32,32,0,-12,-59,0,0,100,0,0,160,32,32,0,-20,-64,0,0,100,0,0,128,32,32,0,-8,-65,0,0,100,0,672,176,32,64,0,-40,-65,0,0,100,0,640,176,32,64,0,-33,-50,0,0,100,0,704,80,48,48,0,-8,-83,0,0,100,0,192,400,48,48,0,-28,-92,0,0,100,0,0,192,32,32,0,-26,-84,0,0,100,0,96,32,48,48,0,-51,-86,0,0,100,0,144,256,48,48,0,1,-28,0,0,100,0,0,688,32,32,0,-32,-28,0,0,100,0,0,544,32,32,0,-25,-52,0,0,100,0,704,128,48,48,0,-20,-72,0,0,100,0,448,176,96,48,0,-32,-120,0,1,100,0,1024,0,88,120,0,-64,-136,0,0,100,0,96,608,152,88,0,-48,-120,0,0,100,0,512,496,128,112,0,-40,-120,0,0,100,0,96,776,72,48,0,-40,-104,0,0,100,0,384,776,72,56,0,-56,-120,0,0,100,0,96,696,136,80,0,-53,-46,0,1,100,0,528,960,112,64,0,-53,-46,0,0,100,0,528,896,112,64,0,-42,-16,0,0,100,0,944,288,80,32,0,
0,31,-61,-64,0,1,100,0,1504,0,128,48,0,-53,-40,0,1,100,0,656,800,112,32,0,-65,-36,0,1,100,0,624,336,48,48,0,-1,-35,0,1,100,0,960,336,64,48,0,32,-64,0,0,100,0,384,856,48,56,0,-56,-56,0,0,100,0,392,960,136,80,0,-66,-103,0,0,100,-90,240,832,80,80,0,-5,-91,0,0,100,0,96,192,32,32,0,-20,-95,0,0,100,0,0,0,32,32,0,-12,-59,0,0,100,0,0,160,32,32,0,-20,-64,0,0,100,0,0,128,32,32,0,-8,-65,0,0,100,0,736,176,32,64,0,-40,-65,0,0,100,0,704,176,32,64,0,-33,-50,0,0,100,0,752,80,48,48,0,-8,-83,0,0,100,0,192,400,48,48,0,-28,-92,0,0,100,0,0,192,32,32,0,-26,-84,0,0,100,0,96,32,48,48,0,-51,-86,0,0,100,0,144,256,48,48,0,1,-28,0,0,100,0,0,688,32,32,0,-32,-28,0,0,100,0,0,544,32,32,0,-25,-52,0,0,100,0,704,128,48,48,0,-20,-72,0,0,100,0,544,176,96,48,0,-32,-120,0,1,100,0,1112,0,88,120,0,-64,-136,0,0,100,0,248,608,152,88,0,-48,-120,0,0,100,0,512,496,128,112,0,-40,-120,0,0,100,0,168,776,72,48,0,-40,-104,0,0,100,0,384,776,72,56,0,-56,-120,0,0,100,0,232,696,136,80,0,-53,-46,0,1,80,0,528,960,112,64,0,-53,-46,0,0,100,0,528,896,112,64,0,-42,-16,0,0,100,0,944,288,80,32,0,
0,32,-61,-64,0,1,100,0,1632,0,128,48,0,-53,-40,0,1,100,0,656,832,112,32,0,-65,-36,0,1,100,0,672,336,48,48,0,-1,-35,0,1,100,0,768,336,64,48,0,-1,-35,0,1,40,0,960,336,64,48,0,32,-64,0,0,100,0,432,856,48,56,0,-56,-56,0,0,100,0,392,960,136,80,0,-66,-104,0,0,100,-90,240,832,80,80,0,-5,-91,0,0,100,0,96,192,32,32,0,-20,-95,0,0,100,0,0,0,32,32,0,-12,-59,0,0,100,0,0,160,32,32,0,-20,-64,0,0,100,0,0,128,32,32,0,-8,-65,0,0,100,0,800,176,32,64,0,-40,-65,0,0,100,0,768,176,32,64,0,-33,-50,0,0,100,0,800,80,48,48,0,-8,-83,0,0,100,0,192,400,48,48,0,-28,-92,0,0,100,0,0,192,32,32,0,-26,-84,0,0,100,0,96,32,48,48,0,-51,-86,0,0,100,0,144,256,48,48,0,1,-28,0,0,100,0,0,688,32,32,0,-32,-28,0,0,100,0,0,544,32,32,0,-25,-52,0,0,100,0,704,128,48,48,0,-20,-72,0,0,100,0,448,224,96,48,0,-32,-120,0,1,100,0,1200,0,88,120,0,-64,-136,0,0,100,0,400,608,152,88,0,-48,-120,0,0,100,0,512,496,128,112,0,-40,-120,0,0,100,0,240,776,72,48,0,-40,-104,0,0,100,0,384,776,72,56,0,-56,-120,0,0,100,0,368,696,136,80,0,-53,-46,0,1,60,0,528,960,112,64,0,-53,-46,0,0,100,0,528,896,112,64,0,-42,-16,0,0,100,0,944,288,80,32,0,
0,31,-61,-64,0,1,100,0,1760,0,128,48,0,-53,-40,0,1,100,0,656,864,112,32,0,-65,-36,0,1,100,0,720,336,48,48,0,-1,-35,0,1,100,0,832,336,64,48,0,32,-64,0,0,100,0,480,856,48,56,0,-56,-56,0,0,100,0,392,960,136,80,0,-66,-103,0,0,100,-90,240,832,80,80,0,-5,-91,0,0,100,0,96,192,32,32,0,-20,-95,0,0,100,0,0,0,32,32,0,-12,-59,0,0,100,0,0,160,32,32,0,-20,-64,0,0,100,0,0,128,32,32,0,-8,-65,0,0,100,0,864,176,32,64,0,-40,-65,0,0,100,0,832,176,32,64,0,-33,-50,0,0,100,0,848,80,48,48,0,-8,-83,0,0,100,0,192,400,48,48,0,-28,-92,0,0,100,0,0,192,32,32,0,-26,-84,0,0,100,0,96,32,48,48,0,-51,-86,0,0,100,0,144,256,48,48,0,1,-28,0,0,100,0,0,688,32,32,0,-32,-28,0,0,100,0,0,544,32,32,0,-25,-52,0,0,100,0,704,128,48,48,0,-20,-72,0,0,100,0,544,224,96,48,0,-32,-120,0,1,100,0,1288,0,88,120,0,-64,-136,0,0,100,0,552,608,152,88,0,-48,-120,0,0,100,0,512,496,128,112,0,-40,-120,0,0,100,0,312,776,72,48,0,-40,-104,0,0,100,0,384,776,72,56,0,-56,-120,0,0,100,0,504,696,136,80,0,-53,-46,0,1,80,0,528,960,112,64,0,-53,-46,0,0,100,0,528,896,112,64,0,-42,-16,0,0,100,0,944,288,80,32,0,
0,33,-61,-64,0,1,100,0,1376,0,128,48,0,-53,-40,0,1,100,0,656,768,112,32,0,-65,-36,0,1,100,0,576,336,48,48,0,-1,-35,0,1,100,0,896,336,64,48,0,-65,-36,0,1,40,0,720,336,48,48,0,32,-64,0,0,100,0,336,856,48,56,0,-56,-56,0,0,100,0,392,960,136,80,0,11,-77,0,1,100,0,896,0,32,32,0,0,-91,0,0,100,0,32,224,32,32,0,-16,-95,0,0,100,0,0,0,32,32,0,-9,-59,0,0,100,0,0,160,32,32,0,-17,-64,0,0,100,0,0,128,32,32,0,-5,-65,0,0,100,0,672,176,32,64,0,-37,-65,0,0,100,0,640,176,32,64,0,-30,-50,0,0,100,0,704,80,48,48,0,3,-94,0,0,100,0,48,448,48,48,0,-24,-92,0,0,100,0,64,224,32,32,0,-22,-84,0,0,100,0,0,32,48,48,0,-43,-79,0,0,100,0,96,304,48,48,0,-75,-65,0,0,100,-90,160,832,80,80,0,3,-28,0,0,100,0,0,688,32,32,0,-31,-28,0,0,100,0,0,544,32,32,0,-22,-52,0,0,100,0,704,128,48,48,0,-33,-76,0,0,100,0,576,0,80,80,0,-32,-120,0,1,100,0,1024,0,88,120,0,-64,-136,0,0,100,0,96,608,152,88,0,-48,-120,0,0,100,0,512,496,128,112,0,-40,-120,0,0,100,0,96,776,72,48,0,-40,-104,0,0,100,0,384,776,72,56,0,-56,-120,0,0,100,0,96,696,136,80,0,-53,-46,0,1,100,0,528,960,112,64,0,-53,-46,0,0,100,0,528,896,112,64,0,-39,-16,0,0,100,0,944,288,80,32,0,
0,32,-61,-64,0,1,100,0,1504,0,128,48,0,-53,-40,0,1,100,0,656,800,112,32,0,-65,-36,0,1,100,0,624,336,48,48,0,-1,-35,0,1,100,0,960,336,64,48,0,32,-64,0,0,100,0,384,856,48,56,0,-56,-56,0,0,100,0,392,960,136,80,0,11,-77,0,1,100,0,928,0,32,32,0,0,-91,0,0,100,0,32,224,32,32,0,-16,-95,0,0,100,0,0,0,32,32,0,-9,-59,0,0,100,0,0,160,32,32,0,-17,-64,0,0,100,0,0,128,32,32,0,-5,-65,0,0,100,0,736,176,32,64,0,-37,-65,0,0,100,0,704,176,32,64,0,-30,-50,0,0,100,0,752,80,48,48,0,3,-94,0,0,100,0,48,448,48,48,0,-24,-92,0,0,100,0,64,224,32,32,0,-22,-84,0,0,100,0,0,32,48,48,0,-43,-79,0,0,100,0,96,304,48,48,0,-75,-65,0,0,100,-90,160,832,80,80,0,3,-28,0,0,100,0,0,688,32,32,0,-31,-28,0,0,100,0,0,544,32,32,0,-22,-52,0,0,100,0,752,128,48,48,0,-33,-76,0,0,100,0,656,0,80,80,0,-32,-120,0,1,100,0,1112,0,88,120,0,-64,-136,0,0,100,0,248,608,152,88,0,-48,-120,0,0,100,0,512,496,128,112,0,-40,-120,0,0,100,0,168,776,72,48,0,-40,-104,0,0,100,0,384,776,72,56,0,-56,-120,0,0,100,0,232,696,136,80,0,-53,-46,0,1,80,0,528,960,112,64,0,-53,-46,0,0,100,0,528,896,112,64,0,-39,-16,0,0,100,0,944,288,80,32,0,
0,33,-61,-64,0,1,100,0,1632,0,128,48,0,-53,-40,0,1,100,0,656,832,112,32,0,-65,-36,0,1,100,0,672,336,48,48,0,-1,-35,0,1,100,0,768,336,64,48,0,-1,-35,0,1,40,0,960,336,64,48,0,32,-64,0,0,100,0,432,856,48,56,0,-56,-56,0,0,100,0,392,960,136,80,0,11,-77,0,1,100,0,960,0,32,32,0,0,-91,0,0,100,0,32,224,32,32,0,-16,-95,0,0,100,0,0,0,32,32,0,-9,-59,0,0,100,0,0,160,32,32,0,-17,-64,0,0,100,0,0,128,32,32,0,-5,-65,0,0,100,0,800,176,32,64,0,-37,-65,0,0,100,0,768,176,32,64,0,-30,-50,0,0,100,0,800,80,48,48,0,3,-94,0,0,100,0,48,448,48,48,0,-24,-92,0,0,100,0,64,224,32,32,0,-22,-84,0,0,100,0,0,32,48,48,0,-43,-79,0,0,100,0,96,304,48,48,0,-75,-65,0,0,100,-90,160,832,80,80,0,3,-28,0,0,100,0,0,688,32,32,0,-31,-28,0,0,100,0,0,544,32,32,0,-22,-52,0,0,100,0,800,128,48,48,0,-33,-76,0,0,100,0,736,0,80,80,0,-32,-120,0,1,100,0,1200,0,88,120,0,-64,-136,0,0,100,0,400,608,152,88,0,-48,-120,0,0,100,0,512,496,128,112,0,-40,-120,0,0,100,0,240,776,72,48,0,-40,-104,0,0,100,0,384,776,72,56,0,-56,-120,0,0,100,0,368,696,136,80,0,-53,-46,0,1,60,0,528,960,112,64,0,-53,-46,0,0,100,0,528,896,112,64,0,-39,-16,0,0,100,0,944,288,80,32,0,
0,32,-61,-64,0,1,100,0,1760,0,128,48,0,-53,-40,0,1,100,0,656,864,112,32,0,-65,-36,0,1,100,0,720,336,48,48,0,-1,-35,0,1,100,0,832,336,64,48,0,32,-64,0,0,100,0,480,856,48,56,0,-56,-56,0,0,100,0,392,960,136,80,0,11,-77,0,1,100,0,992,0,32,32,0,0,-91,0,0,100,0,32,224,32,32,0,-16,-95,0,0,100,0,0,0,32,32,0,-9,-59,0,0,100,0,0,160,32,32,0,-17,-64,0,0,100,0,0,128,32,32,0,-5,-65,0,0,100,0,864,176,32,64,0,-37,-65,0,0,100,0,832,176,32,64,0,-30,-50,0,0,100,0,848,80,48,48,0,3,-94,0,0,100,0,48,448,48,48,0,-24,-92,0,0,100,0,64,224,32,32,0,-22,-84,0,0,100,0,0,32,48,48,0,-43,-79,0,0,100,0,96,304,48,48,0,-75,-65,0,0,100,-90,160,832,80,80,0,3,-28,0,0,100,0,0,688,32,32,0,-31,-28,0,0,100,0,0,544,32,32,0,-22,-52,0,0,100,0,848,128,48,48,0,-33,-76,0,0,100,0,816,0,80,80,0,-32,-120,0,1,100,0,1288,0,88,120,0,-64,-136,0,0,100,0,552,608,152,88,0,-48,-120,0,0,100,0,512,496,128,112,0,-40,-120,0,0,100,0,312,776,72,48,0,-40,-104,0,0,100,0,384,776,72,56,0,-56,-120,0,0,100,0,504,696,136,80,0,-53,-46,0,1,80,0,528,960,112,64,0,-53,-46,0,0,100,0,528,896,112,64,0,-39,-16,0,0,100,0,944,288,80,32,0,
0,33,-61,-64,0,1,100,0,1376,0,128,48,0,-53,-40,0,1,100,0,656,768,112,32,0,-65,-36,0,1,100,0,576,336,48,48,0,-1,-35,0,1,100,0,896,336,64,48,0,-65,-36,0,1,40,0,720,336,48,48,0,32,-64,0,0,100,0,336,856,48,56,0,-56,-56,0,0,100,0,392,960,136,80,0,-52,-89,0,1,100,0,992,0,32,32,0,-13,-92,0,0,100,0,128,192,32,32,0,-38,-84,0,0,100,0,0,448,48,48,0,-21,-95,0,0,100,0,160,0,32,32,0,-11,-59,0,0,100,0,0,160,32,32,0,-19,-64,0,0,100,0,32,128,32,32,0,-11,-65,0,0,100,0,672,176,32,64,0,-39,-65,0,0,100,0,640,176,32,64,0,-32,-50,0,0,100,0,704,80,48,48,0,-26,-91,0,0,100,0,64,192,32,32,0,-25,-84,0,0,100,0,144,80,48,48,0,-42,-79,0,0,100,0,96,304,48,48,0,-74,-65,0,0,100,-90,160,832,80,80,0,-1,-28,0,0,100,0,0,688,32,32,0,-31,-28,0,0,100,0,0,544,32,32,0,-24,-52,0,0,100,0,704,128,48,48,0,-16,-71,0,0,100,0,448,176,96,48,0,-32,-120,0,1,100,0,1024,0,88,120,0,-64,-136,0,0,100,0,96,608,152,88,0,-48,-120,0,0,100,0,512,496,128,112,0,-40,-120,0,0,100,0,96,776,72,48,0,-40,-104,0,0,100,0,384,776,72,56,0,-56,-120,0,0,100,0,96,696,136,80,0,-53,-46,0,1,100,0,528,960,112,64,0,-53,-46,0,0,100,0,528,896,112,64,0,-41,-16,0,0,100,0,944,288,80,32,0,
0,32,-61,-64,0,1,100,0,1504,0,128,48,0,-53,-40,0,1,100,0,656,800,112,32,0,-65,-36,0,1,100,0,624,336,48,48,0,-1,-35,0,1,100,0,960,336,64,48,0,32,-64,0,0,100,0,384,856,48,56,0,-56,-56,0,0,100,0,392,960,136,80,0,-52,-89,0,1,100,0,960,0,32,32,0,-13,-92,0,0,100,0,128,192,32,32,0,-38,-84,0,0,100,0,0,448,48,48,0,-21,-95,0,0,100,0,160,0,32,32,0,-11,-59,0,0,100,0,0,160,32,32,0,-19,-64,0,0,100,0,32,128,32,32,0,-11,-65,0,0,100,0,736,176,32,64,0,-39,-65,0,0,100,0,704,176,32,64,0,-32,-50,0,0,100,0,752,80,48,48,0,-26,-91,0,0,100,0,64,192,32,32,0,-25,-84,0,0,100,0,144,80,48,48,0,-42,-79,0,0,100,0,96,304,48,48,0,-74,-65,0,0,100,-90,160,832,80,80,0,-1,-28,0,0,100,0,0,688,32,32,0,-31,-28,0,0,100,0,0,544,32,32,0,-24,-52,0,0,100,0,752,128,48,48,0,-16,-71,0,0,100,0,544,176,96,48,0,-32,-120,0,1,100,0,1112,0,88,120,0,-64,-136,0,0,100,0,248,608,152,88,0,-48,-120,0,0,100,0,512,496,128,112,0,-40,-120,0,0,100,0,168,776,72,48,0,-40,-104,0,0,100,0,384,776,72,56,0,-56,-120,0,0,100,0,232,696,136,80,0,-53,-46,0,1,80,0,528,960,112,64,0,-53,-46,0,0,100,0,528,896,112,64,0,-41,-16,0,0,100,0,944,288,80,32,0,
0,33,-61,-64,0,1,100,0,1632,0,128,48,0,-53,-40,0,1,100,0,656,832,112,32,0,-65,-36,0,1,100,0,672,336,48,48,0,-1,-35,0,1,100,0,768,336,64,48,0,-1,-35,0,1,40,0,960,336,64,48,0,32,-64,0,0,100,0,432,856,48,56,0,-56,-56,0,0,100,0,392,960,136,80,0,-52,-89,0,1,100,0,928,0,32,32,0,-13,-92,0,0,100,0,128,192,32,32,0,-38,-84,0,0,100,0,0,448,48,48,0,-21,-95,0,0,100,0,160,0,32,32,0,-11,-59,0,0,100,0,0,160,32,32,0,-19,-64,0,0,100,0,32,128,32,32,0,-11,-65,0,0,100,0,800,176,32,64,0,-39,-65,0,0,100,0,768,176,32,64,0,-32,-50,0,0,100,0,800,80,48,48,0,-26,-91,0,0,100,0,64,192,32,32,0,-25,-84,0,0,100,0,144,80,48,48,0,-42,-79,0,0,100,0,96,304,48,48,0,-74,-65,0,0,100,-90,160,832,80,80,0,-1,-28,0,0,100,0,0,688,32,32,0,-31,-28,0,0,100,0,0,544,32,32,0,-24,-52,0,0,100,0,800,128,48,48,0,-16,-71,0,0,100,0,448,224,96,48,0,-32,-120,0,1,100,0,1200,0,88,120,0,-64,-136,0,0,100,0,400,608,152,88,0,-48,-120,0,0,100,0,512,496,128,112,0,-40,-120,0,0,100,0,240,776,72,48,0,-40,-104,0,0,100,0,384,776,72,56,0,-56,-120,0,0,100,0,368,696,136,80,0,-53,-46,0,1,60,0,528,960,112,64,0,-53,-46,0,0,100,0,528,896,112,64,0,-41,-16,0,0,100,0,944,288,80,32,0,
0,32,-61,-64,0,1,100,0,1760,0,128,48,0,-53,-40,0,1,100,0,656,864,112,32,0,-65,-36,0,1,100,0,720,336,48,48,0,-1,-35,0,1,100,0,832,336,64,48,0,32,-64,0,0,100,0,480,856,48,56,0,-56,-56,0,0,100,0,392,960,136,80,0,-52,-89,0,1,100,0,896,0,32,32,0,-13,-92,0,0,100,0,128,192,32,32,0,-38,-84,0,0,100,0,0,448,48,48,0,-21,-95,0,0,100,0,160,0,32,32,0,-11,-59,0,0,100,0,0,160,32,32,0,-19,-64,0,0,100,0,32,128,32,32,0,-11,-65,0,0,100,0,864,176,32,64,0,-39,-65,0,0,100,0,832,176,32,64,0,-32,-50,0,0,100,0,848,80,48,48,0,-26,-91,0,0,100,0,64,192,32,32,0,-25,-84,0,0,100,0,144,80,48,48,0,-42,-79,0,0,100,0,96,304,48,48,0,-74,-65,0,0,100,-90,160,832,80,80,0,-1,-28,0,0,100,0,0,688,32,32,0,-31,-28,0,0,100,0,0,544,32,32,0,-24,-52,0,0,100,0,848,128,48,48,0,-16,-71,0,0,100,0,544,224,96,48,0,-32,-120,0,1,100,0,1288,0,88,120,0,-64,-136,0,0,100,0,552,608,152,88,0,-48,-120,0,0,100,0,512,496,128,112,0,-40,-120,0,0,100,0,312,776,72,48,0,-40,-104,0,0,100,0,384,776,72,56,0,-56,-120,0,0,100,0,504,696,136,80,0,-53,-46,0,1,80,0,528,960,112,64,0,-53,-46,0,0,100,0,528,896,112,64,0,-41,-16,0,0,100,0,944,288,80,32,0,
0,17,-15,-91,0,0,100,0,96,192,32,32,0,-28,-97,0,0,100,0,0,0,32,32,0,-16,-81,0,0,100,0,192,448,48,48,0,-16,-63,0,0,100,0,0,160,32,32,0,-24,-68,0,0,100,0,64,128,32,32,0,-19,-69,0,0,100,0,848,240,48,64,0,-29,-69,0,0,100,0,832,240,16,64,0,-35,-54,0,0,100,0,752,80,48,48,0,-34,-90,0,0,100,0,64,192,32,32,0,-29,-86,0,0,100,0,96,32,48,48,0,-51,-79,0,0,100,0,96,304,48,48,0,-83,-65,0,0,100,-90,160,832,80,80,0,-5,-32,0,0,100,0,0,720,32,32,0,-25,-32,0,0,100,0,32,576,32,32,0,-27,-56,0,0,100,0,704,128,48,48,0,-22,-73,0,0,100,0,544,176,96,48,0,-39,-16,0,0,100,0,944,288,80,32,0,
0,16,-5,-89,0,0,100,0,96,224,32,32,0,-21,-97,0,0,100,0,0,0,32,32,0,-6,-82,0,0,100,0,96,400,48,48,0,-9,-63,0,0,100,0,0,160,32,32,0,-17,-68,0,0,100,0,64,128,32,32,0,-12,-69,0,0,100,0,848,240,48,64,0,-22,-69,0,0,100,0,832,240,16,64,0,-28,-54,0,0,100,0,752,80,48,48,0,-29,-91,0,0,100,0,0,192,32,32,0,-22,-86,0,0,100,0,96,32,48,48,0,-44,-81,0,0,100,0,96,304,48,48,0,-76,-67,0,0,100,-90,160,832,80,80,0,2,-32,0,0,100,0,0,720,32,32,0,-18,-32,0,0,100,0,32,576,32,32,0,-20,-56,0,0,100,0,704,128,48,48,0,-37,-83,0,0,100,0,576,0,80,80,0,
0,18,-51,-58,0,0,100,0,192,304,32,32,0,-69,-68,0,0,100,0,0,832,80,80,0,-9,-66,0,0,100,0,128,192,32,32,0,-21,-71,0,0,100,0,128,0,32,32,0,-14,-55,0,0,100,0,96,448,48,48,0,-10,-39,0,0,100,0,0,160,32,32,0,-18,-42,0,0,100,0,64,128,32,32,0,-3,-46,0,0,100,0,864,176,32,64,0,-36,-31,0,0,100,0,720,240,32,48,0,-29,-30,0,0,100,0,704,80,48,48,0,-30,-69,0,0,100,0,64,224,32,32,0,-21,-66,0,0,100,0,192,32,48,48,0,-59,-74,0,0,100,0,144,304,48,48,0,1,-28,0,0,100,0,0,688,32,32,0,-33,-28,0,0,100,0,0,576,32,32,0,-24,-39,0,0,100,0,704,128,48,48,0,-27,-54,0,0,100,0,352,48,80,64,0,-41,-16,0,0,100,0,944,288,80,32,0,
0,2,-60,-43,0,0,100,0,768,960,112,64,0,-41,-16,0,0,100,0,944,288,80,32,0,
0,17,-66,-75,0,0,100,0,0,832,80,80,0,-3,-91,0,0,100,0,32,192,32,32,0,-19,-95,0,0,100,0,0,0,32,32,0,-11,-59,0,0,100,0,0,160,32,32,0,-19,-64,0,0,100,0,0,128,32,32,0,-7,-65,0,0,100,0,672,176,32,64,0,-39,-65,0,0,100,0,640,176,32,64,0,-32,-50,0,0,100,0,704,80,48,48,0,-4,-83,0,0,100,0,0,400,48,48,0,-27,-92,0,0,100,0,0,192,32,32,0,-25,-84,0,0,100,0,0,32,48,48,0,-50,-86,0,0,100,0,48,256,48,48,0,1,-28,0,0,100,0,0,688,32,32,0,-31,-28,0,0,100,0,0,544,32,32,0,-24,-52,0,0,100,0,704,128,48,48,0,-36,-76,0,0,100,0,576,0,80,80,0,-41,-16,0,0,100,0,944,288,80,32,0,
0,18,-63,-90,0,0,100,0,0,832,80,80,0,-66,-75,0,0,60,0,0,832,80,80,0,-3,-91,0,0,100,0,32,192,32,32,0,-19,-95,0,0,100,0,0,0,32,32,0,-11,-59,0,0,100,0,0,160,32,32,0,-19,-64,0,0,100,0,0,128,32,32,0,-7,-65,0,0,100,0,672,176,32,64,0,-39,-65,0,0,100,0,640,176,32,64,0,-32,-50,0,0,100,0,704,80,48,48,0,-4,-83,0,0,100,0,96,400,48,48,0,-27,-92,0,0,100,0,0,192,32,32,0,-25,-84,0,0,100,0,0,32,48,48,0,-50,-86,0,0,100,0,48,256,48,48,0,1,-28,0,0,100,0,0,688,32,32,0,-31,-28,0,0,100,0,0,544,32,32,0,-24,-52,0,0,100,0,752,128,48,48,0,-36,-76,0,0,100,0,576,0,80,80,0,-41,-16,0,0,100,0,944,288,80,32,0,
0,19,-62,-96,0,0,100,0,80,832,80,80,0,-63,-90,0,0,60,0,0,832,80,80,0,-66,-75,0,0,30,0,0,832,80,80,0,-3,-91,0,0,100,0,32,192,32,32,0,-19,-95,0,0,100,0,0,0,32,32,0,-11,-59,0,0,100,0,0,160,32,32,0,-19,-64,0,0,100,0,0,128,32,32,0,-7,-65,0,0,100,0,672,176,32,64,0,-39,-65,0,0,100,0,640,176,32,64,0,-32,-50,0,0,100,0,704,80,48,48,0,-4,-83,0,0,100,0,96,400,48,48,0,-27,-92,0,0,100,0,0,192,32,32,0,-25,-84,0,0,100,0,0,32,48,48,0,-50,-86,0,0,100,0,48,256,48,48,0,1,-28,0,0,100,0,0,688,32,32,0,-31,-28,0,0,100,0,0,544,32,32,0,-24,-52,0,0,100,0,800,128,48,48,0,-36,-76,0,0,100,0,576,0,80,80,0,-41,-16,0,0,100,0,944,288,80,32,0,
0,19,-62,-104,0,0,100,0,160,832,80,80,0,-62,-96,0,0,60,0,80,832,80,80,0,-63,-90,0,0,30,0,0,832,80,80,0,-3,-91,0,0,100,0,32,192,32,32,0,-19,-95,0,0,100,0,0,0,32,32,0,-11,-59,0,0,100,0,0,160,32,32,0,-19,-64,0,0,100,0,0,128,32,32,0,-7,-65,0,0,100,0,736,176,32,64,0,-39,-65,0,0,100,0,704,176,32,64,0,-32,-50,0,0,100,0,704,80,48,48,0,-4,-83,0,0,100,0,144,400,48,48,0,-27,-92,0,0,100,0,0,192,32,32,0,-25,-84,0,0,100,0,0,32,48,48,0,-50,-86,0,0,100,0,96,256,48,48,0,1,-28,0,0,100,0,0,688,32,32,0,-31,-28,0,0,100,0,0,544,32,32,0,-24,-52,0,0,100,0,848,128,48,48,0,-36,-76,0,0,100,0,656,0,80,80,0,-41,-16,0,0,100,0,944,288,80,32,0,
0,19,-52,-115,0,0,100,0,240,832,80,80,0,-62,-104,0,0,60,0,160,832,80,80,0,-62,-96,0,0,30,0,80,832,80,80,0,-3,-91,0,0,100,0,32,192,32,32,0,-19,-95,0,0,100,0,0,0,32,32,0,-11,-59,0,0,100,0,0,160,32,32,0,-19,-64,0,0,100,0,0,128,32,32,0,-7,-65,0,0,100,0,736,176,32,64,0,-39,-65,0,0,100,0,704,176,32,64,0,-32,-50,0,0,100,0,704,80,48,48,0,-4,-83,0,0,100,0,144,400,48,48,0,-27,-92,0,0,100,0,0,192,32,32,0,-25,-84,0,0,100,0,0,32,48,48,0,-50,-86,0,0,100,0,96,256,48,48,0,1,-28,0,0,100,0,0,688,32,32,0,-31,-28,0,0,100,0,0,544,32,32,0,-24,-52,0,0,100,0,704,128,48,48,0,-36,-76,0,0,100,0,656,0,80,80,0,-41,-16,0,0,100,0,944,288,80,32,0,
0,19,-54,-139,0,0,100,90,0,832,80,80,0,-52,-115,0,0,60,0,240,832,80,80,0,-62,-104,0,0,30,0,160,832,80,80,0,-3,-91,0,0,100,0,32,192,32,32,0,-19,-95,0,0,100,0,0,0,32,32,0,-11,-59,0,0,100,0,0,160,32,32,0,-19,-64,0,0,100,0,0,128,32,32,0,-7,-65,0,0,100,0,736,176,32,64,0,-39,-65,0,0,100,0,704,176,32,64,0,-32,-50,0,0,100,0,704,80,48,48,0,-4,-83,0,0,100,0,144,400,48,48,0,-27,-93,0,0,100,0,0,192,32,32,0,-25,-84,0,0,100,0,0,32,48,48,0,-50,-87,0,0,100,0,96,256,48,48,0,1,-28,0,0,100,0,0,688,32,32,0,-31,-28,0,0,100,0,0,544,32,32,0,-24,-52,0,0,100,0,752,128,48,48,0,-36,-76,0,0,100,0,656,0,80,80,0,-41,-16,0,0,100,0,944,288,80,32,0,
0,19,-59,-154,0,0,100,90,80,832,80,80,0,-54,-139,0,0,60,90,0,832,80,80,0,-52,-115,0,0,30,0,240,832,80,80,0,-4,-91,0,0,100,0,32,192,32,32,0,-18,-95,0,0,100,0,0,0,32,32,0,-10,-59,0,0,100,0,0,160,32,32,0,-18,-64,0,0,100,0,0,128,32,32,0,-6,-65,0,0,100,0,800,176,32,64,0,-38,-65,0,0,100,0,768,176,32,64,0,-31,-50,0,0,100,0,752,80,48,48,0,-5,-83,0,0,100,0,192,400,48,48,0,-25,-93,0,0,100,0,0,192,32,32,0,-24,-84,0,0,100,0,48,32,48,48,0,-48,-87,0,0,100,0,144,256,48,48,0,1,-28,0,0,100,0,0,688,32,32,0,-30,-28,0,0,100,0,0,544,32,32,0,-23,-52,0,0,100,0,800,128,48,48,0,-35,-76,0,0,100,0,736,0,80,80,0,-40,-16,0,0,100,0,944,288,80,32,0,
0,19,-67,-165,0,0,100,90,160,832,80,80,0,-59,-154,0,0,60,90,80,832,80,80,0,-54,-139,0,0,30,90,0,832,80,80,0,-4,-91,0,0,100,0,32,192,32,32,0,-18,-95,0,0,100,0,0,0,32,32,0,-10,-59,0,0,100,0,0,160,32,32,0,-18,-64,0,0,100,0,0,128,32,32,0,-6,-65,0,0,100,0,800,176,32,64,0,-38,-65,0,0,100,0,768,176,32,64,0,-31,-50,0,0,100,0,752,80,48,48,0,-5,-83,0,0,100,0,192,400,48,48,0,-25,-93,0,0,100,0,0,192,32,32,0,-24,-84,0,0,100,0,48,32,48,48,0,-48,-87,0,0,100,0,144,256,48,48,0,1,-28,0,0,100,0,0,688,32,32,0,-30,-28,0,0,100,0,0,544,32,32,0,-23,-52,0,0,100,0,848,128,48,48,0,-35,-76,0,0,100,0,736,0,80,80,0,-40,-16,0,0,100,0,944,288,80,32,0,
0,19,-71,-167,0,0,100,90,240,832,80,80,0,-67,-165,0,0,60,90,160,832,80,80,0,-59,-154,0,0,30,90,80,832,80,80,0,-2,-91,0,0,100,0,96,192,32,32,0,-15,-95,0,0,100,0,0,0,32,32,0,-7,-59,0,0,100,0,0,160,32,32,0,-15,-64,0,0,100,0,32,128,32,32,0,-3,-65,0,0,100,0,864,176,32,64,0,-35,-65,0,0,100,0,832,176,32,64,0,-28,-50,0,0,100,0,752,80,48,48,0,-6,-83,0,0,100,0,240,400,48,48,0,-22,-93,0,0,100,0,64,192,32,32,0,-21,-84,0,0,100,0,96,32,48,48,0,-45,-99,0,0,100,0,192,256,48,48,0,1,-28,0,0,100,0,32,688,32,32,0,-27,-28,0,0,100,0,0,544,32,32,0,-20,-52,0,0,100,0,704,128,48,48,0,-32,-76,0,0,100,0,736,0,80,80,0,-37,-16,0,0,100,0,944,288,80,32,0,
0,19,-2,-91,0,0,100,0,96,192,32,32,0,-15,-95,0,0,100,0,0,0,32,32,0,-7,-59,0,0,100,0,0,160,32,32,0,-15,-64,0,0,100,0,32,128,32,32,0,-3,-65,0,0,100,0,672,176,32,64,0,-35,-65,0,0,100,0,640,176,32,64,0,-28,-50,0,0,100,0,800,80,48,48,0,-6,-83,0,0,100,0,240,400,48,48,0,-22,-93,0,0,100,0,64,192,32,32,0,-21,-84,0,0,100,0,96,32,48,48,0,-45,-99,0,0,100,0,240,256,48,48,0,-71,-145,0,0,100,180,0,832,80,80,0,-71,-167,0,0,60,90,240,832,80,80,0,-67,-165,0,0,30,90,160,832,80,80,0,1,-28,0,0,100,0,32,688,32,32,0,-27,-28,0,0,100,0,0,544,32,32,0,-20,-52,0,0,100,0,752,128,48,48,0,-32,-76,0,0,100,0,816,0,80,80,0,-37,-16,0,0,100,0,944,288,80,32,0,
0,17,6,-91,0,0,100,0,96,192,32,32,0,-7,-95,0,0,100,0,0,0,32,32,0,1,-59,0,0,100,0,0,160,32,32,0,-7,-64,0,0,100,0,32,128,32,32,0,4,-65,0,0,100,0,864,176,32,64,0,-28,-65,0,0,100,0,832,176,32,64,0,-21,-50,0,0,100,0,848,80,48,48,0,4,-83,0,0,100,0,240,400,48,48,0,-14,-93,0,0,100,0,64,192,32,32,0,-13,-84,0,0,100,0,96,32,48,48,0,-35,-101,0,0,100,0,240,256,48,48,0,-61,-147,0,0,100,180,0,832,80,80,0,1,-28,0,0,100,0,64,688,32,32,0,-19,-28,0,0,100,0,0,544,32,32,0,-12,-52,0,0,100,0,800,128,48,48,0,-24,-76,0,0,100,0,816,0,80,80,0,-29,-16,0,0,100,0,944,288,80,32,0,
0,16,11,-87,1,0,100,0,32,192,32,32,0,18,-95,0,0,100,0,160,0,32,32,0,24,-79,0,0,100,0,496,0,80,64,0,2,-60,0,0,100,0,32,160,32,32,0,16,-64,0,0,100,0,96,128,32,32,0,35,-66,1,0,100,0,640,176,32,64,0,3,-66,1,0,100,0,672,176,32,64,0,11,-53,0,0,100,0,512,128,48,48,0,-12,-83,0,0,100,0,0,448,48,48,0,28,-93,1,0,100,0,0,192,32,32,0,10,-84,0,0,100,0,192,80,48,48,0,36,-105,0,0,100,0,288,256,48,48,0,15,-139,2,0,100,90,160,832,80,80,0,36,-28,0,0,100,0,32,544,32,32,0,4,-28,0,0,100,0,0,544,32,32,0,-6,-16,0,0,100,0,944,288,80,32,0,
0,16,12,-88,1,0,100,0,32,192,32,32,0,19,-95,0,0,100,0,160,0,32,32,0,20,-74,0,0,100,0,560,272,80,64,0,2,-61,0,0,100,0,32,160,32,32,0,17,-64,0,0,100,0,96,128,32,32,0,36,-66,1,0,100,0,640,176,32,64,0,4,-66,1,0,100,0,800,176,32,64,0,12,-53,0,0,100,0,512,128,48,48,0,-12,-84,0,0,100,0,0,448,48,48,0,29,-93,1,0,100,0,0,192,32,32,0,11,-84,0,0,100,0,192,80,48,48,0,38,-105,0,0,100,0,288,256,48,48,0,17,-139,2,0,100,90,160,832,80,80,0,37,-28,0,0,100,0,32,544,32,32,0,4,-28,0,0,100,0,0,544,32,32,0,-5,-16,0,0,100,0,944,288,80,32,0,
0,17,16,-87,1,0,100,0,32,192,32,32,0,23,-95,0,0,100,0,160,0,32,32,0,20,-73,0,0,100,0,368,160,80,64,0,4,-61,0,0,100,0,32,160,32,32,0,21,-64,0,0,100,0,0,128,32,32,0,39,-65,1,0,100,0,640,176,32,64,0,7,-65,1,0,100,0,800,176,32,64,0,13,-53,0,0,100,0,512,128,48,48,0,8,-66,1,0,100,0,640,176,64,64,0,-1,-81,0,0,100,0,0,448,48,48,0,36,-94,1,0,100,0,0,224,32,32,0,15,-84,0,0,100,0,192,80,48,48,0,42,-101,0,0,100,0,336,256,48,48,0,42,-129,0,0,100,90,160,832,80,80,0,41,-28,0,0,100,0,32,544,32,32,0,5,-28,0,0,100,0,0,544,32,32,0,-5,-16,0,0,100,0,944,288,80,32,0,
0,23,-256,-35,0,1,100,0,768,880,64,64,0,-178,-70,3,1,100,0,768,880,64,64,0,-145,-78,3,1,100,-90,768,816,64,64,0,-215,-56,0,1,100,-90,768,816,64,64,0,-196,-93,0,1,100,0,656,496,224,112,0,-40,-80,0,0,100,0,32,224,32,32,0,-52,-78,0,0,100,0,96,0,32,32,0,-34,-49,0,0,100,0,0,160,32,32,0,-38,-54,0,0,100,0,0,128,32,32,0,-28,-44,0,0,100,0,672,240,48,48,0,-54,-42,0,0,100,0,640,240,32,48,0,-51,-40,0,0,100,0,848,80,48,48,0,-34,-87,0,0,100,0,48,448,48,48,0,-62,-73,0,0,100,0,160,192,32,32,0,-50,-73,0,0,100,0,144,32,48,48,0,-77,-62,0,0,100,0,0,304,48,48,0,-119,-51,0,0,100,-90,80,832,80,80,0,-15,-44,0,0,100,0,0,784,48,48,0,-52,-28,0,0,100,0,0,576,32,32,0,-32,-50,0,0,100,0,608,128,48,48,0,-45,-64,0,0,100,0,416,0,80,48,0,-255,-88,0,1,100,0,768,608,256,96,0,-51,-16,0,0,100,0,944,288,80,32,0,
0,26,-256,-35,0,1,100,0,832,880,64,64,0,-178,-70,3,1,100,0,832,880,64,64,0,-145,-78,3,1,100,-90,832,816,64,64,0,-215,-56,0,1,100,-90,832,816,64,64,0,-196,-93,0,1,100,0,656,384,224,112,0,-41,-78,0,0,100,0,32,224,32,32,0,-53,-76,0,0,100,0,96,0,32,32,0,-36,-48,0,0,100,0,0,160,32,32,0,-39,-53,0,0,100,0,0,128,32,32,0,-30,-42,0,0,100,0,688,288,48,48,0,-55,-41,0,0,100,0,640,240,32,48,0,-52,-39,0,0,100,0,704,80,48,48,0,-35,-86,0,0,100,0,48,448,48,48,0,-63,-71,0,0,100,0,160,192,32,32,0,-51,-72,0,0,100,0,144,32,48,48,0,-78,-61,0,0,100,0,0,304,48,48,0,-120,-50,0,0,100,-90,80,832,80,80,0,-15,-44,0,0,100,0,0,784,48,48,0,-52,-28,0,0,100,0,0,576,32,32,0,-34,-51,0,0,100,0,656,128,48,48,0,-41,-64,0,0,100,0,336,0,80,48,0,-273,-82,0,1,100,0,768,608,256,96,0,-255,-88,0,1,50,0,768,608,256,96,0,-283,-52,3,0,100,0,880,544,144,64,0,-143,-88,0,0,100,0,880,544,144,64,0,-52,-16,0,0,100,0,944,288,80,32,0,
0,27,-268,-38,1,1,100,0,768,880,64,64,0,-180,-57,0,1,100,90,768,816,64,64,0,-256,-35,0,1,100,0,896,880,64,64,0,-178,-70,3,1,100,0,896,880,64,64,0,-145,-78,3,1,100,-90,896,816,64,64,0,-215,-56,0,1,100,-90,896,816,64,64,0,-196,-93,0,1,40,0,656,384,224,112,0,-41,-78,0,0,100,0,32,224,32,32,0,-53,-76,0,0,100,0,96,0,32,32,0,-35,-48,0,0,100,0,0,160,32,32,0,-39,-53,0,0,100,0,0,128,32,32,0,-29,-42,0,0,100,0,640,288,48,48,0,-55,-41,0,0,100,0,640,240,32,48,0,-52,-39,0,0,100,0,752,80,48,48,0,-35,-86,0,0,100,0,48,448,48,48,0,-63,-71,0,0,100,0,160,192,32,32,0,-51,-72,0,0,100,0,144,32,48,48,0,-78,-61,0,0,100,0,0,304,48,48,0,-120,-50,0,0,100,-90,80,832,80,80,0,-15,-44,0,0,100,0,0,784,48,48,0,-52,-28,0,0,100,0,0,576,32,32,0,-33,-49,0,0,100,0,656,128,48,48,0,-33,-61,0,0,100,0,432,48,64,48,0,-273,-82,0,1,50,0,768,608,256,96,0,-283,-52,3,0,100,0,880,480,144,64,0,-143,-88,0,0,100,0,880,480,144,64,0,-52,-16,0,0,100,0,944,288,80,32,0,
0,27,-140,-97,1,1,100,0,768,880,64,64,0,-268,-38,1,1,100,0,832,880,64,64,0,-180,-57,0,1,100,90,832,816,64,64,0,-256,-35,0,1,100,0,960,880,64,64,0,-178,-70,3,1,100,0,960,880,64,64,0,-145,-78,3,1,100,-90,960,816,64,64,0,-215,-56,0,1,100,-90,960,816,64,64,0,-196,-93,0,1,20,0,656,384,224,112,0,-41,-78,0,0,100,0,32,224,32,32,0,-53,-76,0,0,100,0,96,0,32,32,0,-34,-48,0,0,100,0,0,160,32,32,0,-39,-53,0,0,100,0,0,128,32,32,0,-29,-43,0,0,100,0,672,240,48,48,0,-55,-41,0,0,100,0,640,240,32,48,0,-52,-39,0,0,100,0,704,80,48,48,0,-35,-86,0,0,100,0,48,448,48,48,0,-63,-71,0,0,100,0,160,192,32,32,0,-51,-72,0,0,100,0,144,32,48,48,0,-78,-61,0,0,100,0,0,304,48,48,0,-120,-50,0,0,100,-90,80,832,80,80,0,-15,-44,0,0,100,0,0,784,48,48,0,-52,-28,0,0,100,0,0,576,32,32,0,-34,-52,0,0,100,0,704,128,48,48,0,-43,-59,0,0,100,0,352,112,80,48,0,-283,-76,3,0,100,0,880,384,144,96,0,-143,-96,0,0,100,0,880,384,144,96,0,-52,-16,0,0,100,0,944,288,80,32,0,
0,23,-140,-97,1,1,100,0,832,880,64,64,0,-90,-85,3,1,100,90,768,816,64,64,0,-268,-38,1,1,100,0,896,880,64,64,0,-180,-57,0,1,100,90,896,816,64,64,0,-24,-84,0,0,100,0,160,224,32,32,0,-48,-75,0,0,100,0,160,192,32,32,0,-49,-62,0,0,100,0,288,304,48,48,0,-40,-75,2,0,100,0,240,832,80,80,0,-38,-82,0,0,100,0,96,0,32,32,0,-27,-51,0,0,100,0,0,160,32,32,0,-31,-56,0,0,100,0,0,128,32,32,0,-25,-60,0,0,100,0,784,240,48,64,0,-45,-43,0,0,100,0,736,288,32,48,0,-44,-42,0,0,100,0,848,80,48,48,0,-44,-79,0,0,100,0,0,80,48,48,0,-19,-85,0,0,100,0,48,448,48,48,0,-15,-44,0,0,100,0,0,784,48,48,0,-52,-28,0,0,100,0,0,544,32,32,0,-35,-49,0,0,100,0,704,128,48,48,0,-36,-67,0,0,100,0,432,96,64,64,0,-283,-76,3,0,100,0,880,384,144,96,0,-143,-96,0,0,100,0,880,384,144,96,0,-51,-16,0,0,100,0,944,288,80,32,0,
0,23,-140,-97,1,1,100,0,896,880,64,64,0,-90,-85,3,1,100,90,832,816,64,64,0,-268,-38,1,1,100,0,960,880,64,64,0,-180,-57,0,1,100,90,960,816,64,64,0,-43,-68,0,0,100,0,160,192,32,32,0,-42,-54,0,0,100,0,336,304,48,48,0,-29,-71,2,0,100,0,240,832,80,80,0,-34,-78,0,0,100,0,96,0,32,32,0,-22,-79,0,0,100,0,160,224,32,32,0,-25,-48,0,0,100,0,0,160,32,32,0,-29,-53,0,0,100,0,0,128,32,32,0,-20,-43,0,0,100,0,672,240,48,48,0,-45,-41,0,0,100,0,736,288,32,48,0,-42,-39,0,0,100,0,704,80,48,48,0,-42,-75,0,0,100,0,0,80,48,48,0,-17,-80,0,0,100,0,48,448,48,48,0,-15,-44,0,0,100,0,0,784,48,48,0,-52,-28,0,0,100,0,0,544,32,32,0,-31,-47,0,0,100,0,704,128,48,48,0,-29,-59,0,0,100,0,352,112,80,48,0,-283,-76,3,0,100,0,880,384,144,96,0,-143,-96,0,0,100,0,880,384,144,96,0,-50,-16,0,0,100,0,944,288,80,32,0,
0,26,-131,-61,3,1,100,0,768,880,64,64,0,-243,-101,3,1,100,0,768,880,64,64,0,-204,-80,0,1,100,0,768,816,64,64,0,-140,-97,1,1,100,0,960,880,64,64,0,-90,-85,3,1,100,90,896,816,64,64,0,-293,-91,2,1,100,0,736,608,288,96,0,-182,-106,2,1,100,0,656,496,224,112,0,-33,-78,0,0,100,0,96,192,32,32,0,-33,-71,0,0,100,0,240,400,48,48,0,-46,-86,0,0,100,0,160,0,32,32,0,-36,-49,0,0,100,0,0,160,32,32,0,-40,-54,0,0,100,0,64,128,32,32,0,-31,-44,0,0,100,0,672,240,48,48,0,-54,-42,0,0,100,0,640,240,32,48,0,-50,-40,0,0,100,0,656,80,48,48,0,-48,-85,0,0,100,0,64,192,32,32,0,-46,-73,0,0,100,0,48,80,48,48,0,-53,-96,0,0,100,0,0,352,48,48,0,-96,-132,2,0,100,-270,0,832,80,80,0,-15,-44,0,0,100,0,0,784,48,48,0,-52,-28,0,0,100,0,0,576,32,32,0,-36,-49,0,0,100,0,656,128,48,48,0,-36,-59,0,0,100,0,448,224,96,48,0,-283,-76,3,0,100,0,880,384,144,96,0,-143,-96,0,0,100,0,880,384,144,96,0,-52,-16,0,0,100,0,944,288,80,32,0,
0,30,-247,-89,1,1,100,0,768,880,64,64,0,-288,-112,0,1,100,0,768,816,64,64,0,-131,-61,3,1,100,0,832,880,64,64,0,-243,-101,3,1,100,0,832,880,64,64,0,-204,-80,0,1,100,0,832,816,64,64,0,-314,-98,2,1,100,0,736,608,288,96,0,-293,-91,2,1,50,0,736,608,288,96,0,-182,-106,2,1,100,0,656,384,224,112,0,-289,-95,1,0,100,0,880,544,144,64,0,-149,-59,2,0,100,0,880,544,144,64,0,-90,-85,3,1,100,90,960,816,64,64,0,-39,-80,0,0,100,0,128,192,32,32,0,-56,-72,0,0,100,0,288,400,48,48,0,-50,-86,0,0,100,0,160,0,32,32,0,-38,-50,0,0,100,0,0,160,32,32,0,-41,-55,0,0,100,0,64,128,32,32,0,-34,-45,0,0,100,0,640,288,48,48,0,-55,-43,0,0,100,0,640,240,32,48,0,-52,-41,0,0,100,0,608,80,48,48,0,-51,-83,0,0,100,0,128,224,32,32,0,-47,-74,0,0,100,0,144,80,48,48,0,-49,-99,0,0,100,0,0,352,48,48,0,-92,-135,2,0,100,-270,0,832,80,80,0,-15,-44,0,0,100,0,0,784,48,48,0,-52,-28,0,0,100,0,0,576,32,32,0,-36,-49,0,0,100,0,656,128,48,48,0,-41,-67,0,0,100,0,416,0,80,48,0,-283,-76,3,0,100,0,880,384,144,96,0,-143,-96,0,0,100,0,880,384,144,96,0,-53,-16,0,0,100,0,944,288,80,32,0,
0,28,-247,-89,1,1,100,0,832,880,64,64,0,-288,-112,0,1,100,0,832,816,64,64,0,-131,-61,3,1,100,0,896,880,64,64,0,-243,-101,3,1,100,0,896,880,64,64,0,-204,-80,0,1,100,0,896,816,64,64,0,-314,-98,2,1,50,0,736,608,288,96,0,-182,-106,2,1,40,0,656,384,224,112,0,-289,-95,1,0,100,0,880,480,144,64,0,-149,-59,2,0,100,0,880,480,144,64,0,-40,-80,0,0,100,0,128,192,32,32,0,-57,-72,0,0,100,0,288,400,48,48,0,-50,-86,0,0,100,0,160,0,32,32,0,-39,-50,0,0,100,0,0,160,32,32,0,-41,-55,0,0,100,0,64,128,32,32,0,-34,-45,0,0,100,0,688,288,48,48,0,-55,-43,0,0,100,0,640,240,32,48,0,-52,-41,0,0,100,0,656,80,48,48,0,-51,-83,0,0,100,0,128,224,32,32,0,-47,-74,0,0,100,0,144,80,48,48,0,-48,-99,0,0,100,0,0,352,48,48,0,-91,-135,2,0,100,-270,0,832,80,80,0,-15,-44,0,0,100,0,0,784,48,48,0,-52,-28,0,0,100,0,0,576,32,32,0,-36,-49,0,0,100,0,608,128,48,48,0,-41,-65,0,0,100,0,448,224,96,48,0,-283,-52,3,0,100,0,880,480,144,64,0,-143,-88,0,0,100,0,880,480,144,64,0,-53,-16,0,0,100,0,944,288,80,32,0,
0,30,-193,-81,0,1,100,0,768,880,64,64,0,-81,-41,0,1,100,0,768,880,64,64,0,-120,-62,3,1,100,0,768,816,64,64,0,-247,-89,1,1,100,0,896,880,64,64,0,-288,-112,0,1,100,0,896,816,64,64,0,-131,-61,3,1,100,0,960,880,64,64,0,-243,-101,3,1,100,0,960,880,64,64,0,-204,-80,0,1,100,0,960,816,64,64,0,-182,-106,2,1,20,0,656,384,224,112,0,-289,-103,1,0,100,0,880,384,144,96,0,-149,-83,2,0,100,0,880,384,144,96,0,-39,-80,0,0,100,0,128,192,32,32,0,-55,-71,0,0,100,0,288,400,48,48,0,-50,-86,0,0,100,0,160,0,32,32,0,-36,-50,0,0,100,0,0,160,32,32,0,-41,-55,0,0,100,0,64,128,32,32,0,-34,-45,0,0,100,0,640,288,48,48,0,-55,-43,0,0,100,0,640,240,32,48,0,-52,-41,0,0,100,0,608,80,48,48,0,-51,-83,0,0,100,0,128,224,32,32,0,-47,-74,0,0,100,0,144,80,48,48,0,-49,-99,0,0,100,0,0,352,48,48,0,-92,-135,2,0,100,-270,0,832,80,80,0,-15,-44,0,0,100,0,0,784,48,48,0,-52,-28,0,0,100,0,0,576,32,32,0,-36,-49,0,0,100,0,656,128,48,48,0,-41,-65,0,0,100,0,544,224,96,48,0,-283,-52,3,0,100,0,880,544,144,64,0,-143,-88,0,0,100,0,880,544,144,64,0,-53,-16,0,0,100,0,944,288,80,32,0,
0,24,-193,-81,0,1,100,0,832,880,64,64,0,-81,-41,0,1,100,0,832,880,64,64,0,-120,-62,3,1,100,0,832,816,64,64,0,-247,-89,1,1,100,0,960,880,64,64,0,-288,-112,0,1,100,0,960,816,64,64,0,-289,-103,1,0,100,0,880,384,144,96,0,-149,-83,2,0,100,0,880,384,144,96,0,-39,-80,0,0,100,0,128,192,32,32,0,-55,-71,0,0,100,0,288,400,48,48,0,-50,-86,0,0,100,0,160,0,32,32,0,-37,-50,0,0,100,0,0,160,32,32,0,-41,-55,0,0,100,0,64,128,32,32,0,-34,-45,0,0,100,0,688,288,48,48,0,-55,-43,0,0,100,0,640,240,32,48,0,-52,-41,0,0,100,0,656,80,48,48,0,-51,-83,0,0,100,0,128,224,32,32,0,-47,-74,0,0,100,0,144,80,48,48,0,-49,-99,0,0,100,0,0,352,48,48,0,-92,-135,2,0,100,-270,0,832,80,80,0,-15,-44,0,0,100,0,0,784,48,48,0,-52,-28,0,0,100,0,0,576,32,32,0,-36,-49,0,0,100,0,608,128,48,48,0,-41,-65,0,0,100,0,448,176,96,48,0,-53,-16,0,0,100,0,944,288,80,32,0,
0,22,-193,-81,0,1,100,0,896,880,64,64,0,-81,-41,0,1,100,0,896,880,64,64,0,-120,-62,3,1,100,0,896,816,64,64,0,-289,-103,1,0,100,0,880,384,144,96,0,-149,-83,2,0,100,0,880,384,144,96,0,-39,-80,0,0,100,0,128,192,32,32,0,-55,-71,0,0,100,0,288,400,48,48,0,-50,-86,0,0,100,0,160,0,32,32,0,-37,-50,0,0,100,0,0,160,32,32,0,-41,-55,0,0,100,0,64,128,32,32,0,-34,-45,0,0,100,0,640,288,48,48,0,-55,-43,0,0,100,0,640,240,32,48,0,-52,-41,0,0,100,0,608,80,48,48,0,-51,-83,0,0,100,0,128,224,32,32,0,-47,-74,0,0,100,0,144,80,48,48,0,-49,-99,0,0,100,0,0,352,48,48,0,-92,-135,2,0,100,-270,0,832,80,80,0,-15,-44,0,0,100,0,0,784,48,48,0,-52,-28,0,0,100,0,0,576,32,32,0,-36,-49,0,0,100,0,656,128,48,48,0,-41,-65,0,0,100,0,544,176,96,48,0,-53,-16,0,0,100,0,944,288,80,32,0,
0,22,-193,-81,0,1,100,0,960,880,64,64,0,-81,-41,0,1,100,0,960,880,64,64,0,-120,-62,3,1,100,0,960,816,64,64,0,-289,-103,1,0,100,0,880,384,144,96,0,-149,-83,2,0,100,0,880,384,144,96,0,-39,-80,0,0,100,0,128,192,32,32,0,-55,-71,0,0,100,0,288,400,48,48,0,-50,-86,0,0,100,0,160,0,32,32,0,-37,-50,0,0,100,0,0,160,32,32,0,-41,-55,0,0,100,0,64,128,32,32,0,-34,-45,0,0,100,0,688,288,48,48,0,-55,-43,0,0,100,0,640,240,32,48,0,-52,-41,0,0,100,0,656,80,48,48,0,-51,-83,0,0,100,0,128,224,32,32,0,-47,-74,0,0,100,0,144,80,48,48,0,-49,-99,0,0,100,0,0,352,48,48,0,-92,-135,2,0,100,-270,0,832,80,80,0,-15,-44,0,0,100,0,0,784,48,48,0,-52,-28,0,0,100,0,0,576,32,32,0,-36,-49,0,0,100,0,608,128,48,48,0,-41,-65,0,0,100,0,448,224,96,48,0,-53,-16,0,0,100,0,944,288,80,32,0,
0,19,-289,-95,1,0,100,0,880,480,144,64,0,-149,-59,2,0,100,0,880,480,144,64,0,-100,-149,2,0,100,-270,80,832,80,80,0,-33,-80,0,0,100,0,96,192,32,32,0,-34,-72,0,0,100,0,240,400,48,48,0,-46,-88,0,0,100,0,160,0,32,32,0,-36,-51,0,0,100,0,0,160,32,32,0,-40,-56,0,0,100,0,64,128,32,32,0,-31,-46,0,0,100,0,672,240,48,48,0,-54,-44,0,0,100,0,640,240,32,48,0,-50,-42,0,0,100,0,608,80,48,48,0,-48,-87,0,0,100,0,64,192,32,32,0,-46,-75,0,0,100,0,48,80,48,48,0,-53,-98,0,0,100,0,48,352,48,48,0,-15,-44,0,0,100,0,0,784,48,48,0,-52,-28,0,0,100,0,0,576,32,32,0,-36,-49,0,0,100,0,656,128,48,48,0,-33,-60,0,0,100,0,336,0,80,48,0,-52,-16,0,0,100,0,944,288,80,32,0,
0,19,-289,-95,1,0,100,0,880,544,144,64,0,-149,-59,2,0,100,0,880,544,144,64,0,-24,-86,0,0,100,0,96,192,32,32,0,-22,-81,0,0,100,0,240,400,48,48,0,-35,-93,0,0,100,0,32,0,32,32,0,-28,-56,0,0,100,0,0,160,32,32,0,-32,-61,0,0,100,0,0,128,32,32,0,-19,-62,0,0,100,0,864,176,32,64,0,-52,-62,0,0,100,0,640,176,32,64,0,-45,-47,0,0,100,0,800,80,48,48,0,-44,-88,0,0,100,0,64,192,32,32,0,-39,-80,0,0,100,0,96,32,48,48,0,-95,-149,2,0,100,-270,160,832,80,80,0,-15,-44,0,0,100,0,0,784,48,48,0,-46,-29,0,0,100,0,0,576,32,32,0,-63,-85,0,0,100,0,144,256,48,48,0,-37,-50,0,0,100,0,704,128,48,48,0,-21,-63,0,0,100,0,432,48,64,48,0,-49,-16,0,0,100,0,944,288,80,32,0,
0,17,-22,-87,0,0,100,0,96,192,32,32,0,-20,-82,0,0,100,0,240,400,48,48,0,-31,-94,0,0,100,0,32,0,32,32,0,-24,-57,0,0,100,0,0,160,32,32,0,-29,-62,0,0,100,0,0,128,32,32,0,-17,-63,0,0,100,0,864,176,32,64,0,-48,-62,0,0,100,0,704,176,32,64,0,-43,-48,0,0,100,0,848,80,48,48,0,-40,-89,0,0,100,0,64,192,32,32,0,-35,-81,0,0,100,0,96,32,48,48,0,-93,-150,2,0,100,-270,160,832,80,80,0,-15,-44,0,0,100,0,0,784,48,48,0,-45,-29,0,0,100,0,0,576,32,32,0,-62,-83,0,0,100,0,144,256,48,48,0,-34,-51,0,0,100,0,704,128,48,48,0,-30,-64,0,0,100,0,432,96,64,64,0,-47,-16,0,0,100,0,944,288,80,32,0,
0,17,-76,-150,2,0,100,0,0,832,80,80,0,-4,-91,0,0,100,0,32,192,32,32,0,-18,-95,0,0,100,0,0,0,32,32,0,-10,-59,0,0,100,0,0,160,32,32,0,-18,-64,0,0,100,0,0,128,32,32,0,-6,-65,0,0,100,0,864,176,32,64,0,-38,-65,0,0,100,0,832,176,32,64,0,-31,-50,0,0,100,0,848,80,48,48,0,-5,-83,0,0,100,0,192,400,48,48,0,-25,-93,0,0,100,0,0,192,32,32,0,-24,-84,0,0,100,0,48,32,48,48,0,-48,-87,0,0,100,0,144,256,48,48,0,1,-28,0,0,100,0,0,688,32,32,0,-30,-28,0,0,100,0,0,544,32,32,0,-23,-52,0,0,100,0,704,128,48,48,0,-35,-76,0,0,100,0,576,0,80,80,0,-41,-16,0,0,100,0,944,288,80,32,0,
0,17,-75,-143,2,0,100,0,80,832,80,80,0,-4,-91,0,0,100,0,32,192,32,32,0,-18,-95,0,0,100,0,0,0,32,32,0,-10,-59,0,0,100,0,0,160,32,32,0,-18,-64,0,0,100,0,0,128,32,32,0,-6,-65,0,0,100,0,672,176,32,64,0,-38,-65,0,0,100,0,640,176,32,64,0,-31,-50,0,0,100,0,704,80,48,48,0,-5,-83,0,0,100,0,192,400,48,48,0,-25,-93,0,0,100,0,0,192,32,32,0,-24,-84,0,0,100,0,48,32,48,48,0,-48,-87,0,0,100,0,144,256,48,48,0,1,-28,0,0,100,0,0,688,32,32,0,-30,-28,0,0,100,0,0,544,32,32,0,-23,-52,0,0,100,0,752,128,48,48,0,-35,-76,0,0,100,0,576,0,80,80,0,-41,-16,0,0,100,0,944,288,80,32,0,
0,17,-74,-136,2,0,100,0,160,832,80,80,0,-4,-91,0,0,100,0,32,192,32,32,0,-18,-95,0,0,100,0,0,0,32,32,0,-10,-59,0,0,100,0,0,160,32,32,0,-18,-64,0,0,100,0,0,128,32,32,0,-6,-65,0,0,100,0,672,176,32,64,0,-38,-65,0,0,100,0,704,176,32,64,0,-31,-50,0,0,100,0,752,80,48,48,0,-5,-83,0,0,100,0,192,400,48,48,0,-25,-93,0,0,100,0,0,192,32,32,0,-24,-84,0,0,100,0,48,32,48,48,0,-48,-87,0,0,100,0,144,256,48,48,0,1,-28,0,0,100,0,0,688,32,32,0,-30,-28,0,0,100,0,0,544,32,32,0,-23,-52,0,0,100,0,800,128,48,48,0,-35,-76,0,0,100,0,656,0,80,80,0,-41,-16,0,0,100,0,944,288,80,32,0,
0,17,-69,-96,2,0,100,-90,0,832,80,80,0,-4,-91,0,0,100,0,32,192,32,32,0,-18,-95,0,0,100,0,0,0,32,32,0,-10,-59,0,0,100,0,0,160,32,32,0,-18,-64,0,0,100,0,0,128,32,32,0,-6,-65,0,0,100,0,736,176,32,64,0,-38,-65,0,0,100,0,704,176,32,64,0,-31,-50,0,0,100,0,752,80,48,48,0,-5,-83,0,0,100,0,192,400,48,48,0,-25,-93,0,0,100,0,0,192,32,32,0,-24,-84,0,0,100,0,48,32,48,48,0,-48,-87,0,0,100,0,144,256,48,48,0,1,-28,0,0,100,0,0,688,32,32,0,-30,-28,0,0,100,0,0,544,32,32,0,-23,-52,0,0,100,0,848,128,48,48,0,-35,-76,0,0,100,0,656,0,80,80,0,-41,-16,0,0,100,0,944,288,80,32,0,
0,17,-68,-79,0,0,100,0,80,832,80,80,0,-4,-91,0,0,100,0,32,192,32,32,0,-18,-95,0,0,100,0,0,0,32,32,0,-10,-59,0,0,100,0,0,160,32,32,0,-18,-64,0,0,100,0,0,128,32,32,0,-6,-65,0,0,100,0,736,176,32,64,0,-38,-65,0,0,100,0,704,176,32,64,0,-31,-50,0,0,100,0,752,80,48,48,0,-5,-83,0,0,100,0,192,400,48,48,0,-25,-93,0,0,100,0,0,192,32,32,0,-24,-84,0,0,100,0,48,32,48,48,0,-48,-87,0,0,100,0,144,256,48,48,0,1,-28,0,0,100,0,0,688,32,32,0,-30,-28,0,0,100,0,0,544,32,32,0,-23,-52,0,0,100,0,704,128,48,48,0,-35,-76,0,0,100,0,736,0,80,80,0,-41,-16,0,0,100,0,944,288,80,32,0,
0,17,-68,-75,0,0,100,0,0,832,80,80,0,-3,-91,0,0,100,0,32,192,32,32,0,-19,-95,0,0,100,0,0,0,32,32,0,-11,-59,0,0,100,0,0,160,32,32,0,-19,-64,0,0,100,0,0,128,32,32,0,-7,-65,0,0,100,0,800,176,32,64,0,-39,-65,0,0,100,0,768,176,32,64,0,-32,-50,0,0,100,0,800,80,48,48,0,-4,-83,0,0,100,0,0,400,48,48,0,-27,-92,0,0,100,0,0,192,32,32,0,-25,-84,0,0,100,0,0,32,48,48,0,-50,-86,0,0,100,0,96,256,48,48,0,1,-28,0,0,100,0,0,688,32,32,0,-31,-28,0,0,100,0,0,544,32,32,0,-24,-52,0,0,100,0,752,128,48,48,0,-36,-76,0,0,100,0,736,0,80,80,0,-41,-16,0,0,100,0,944,288,80,32,0,
0,1,-41,-16,0,0,100,0,944,288,80,32,0,
0,1,-41,-16,0,0,100,0,944,288,80,32,0,
0,1,-41,-16,0,0,100,0,944,288,80,32,0,
0,1,-41,-16,0,0,100,0,944,288,80,32,0,
0,1,-41,-16,0,0,100,0,944,288,80,32,0,
0,1,-41,-16,0,0,100,0,944,288,80,32,0,
0,1,-41,-16,0,0,100,0,944,288,80,32,0,
0,1,-41,-16,0,0,100,0,944,288,80,32,0,
0,1,-41,-16,0,0,100,0,944,288,80,32,0,
0,1,-41,-16,0,0,100,0,944,288,80,32,0,
0,32,-61,-64,0,1,100,0,1376,0,128,48,0,-53,-40,0,1,100,0,656,768,112,32,0,-65,-36,0,1,100,0,576,336,48,48,0,-1,-35,0,1,100,0,896,336,64,48,0,-65,-36,0,1,40,0,720,336,48,48,0,32,-64,0,0,100,0,336,856,48,56,0,-56,-56,0,0,100,0,392,960,136,80,0,-66,-75,0,0,100,0,0,832,80,80,0,-3,-91,0,0,100,0,32,192,32,32,0,-19,-95,0,0,100,0,0,0,32,32,0,-11,-59,0,0,100,0,0,160,32,32,0,-19,-64,0,0,100,0,0,128,32,32,0,-7,-65,0,0,100,0,672,176,32,64,0,-39,-65,0,0,100,0,640,176,32,64,0,-32,-50,0,0,100,0,704,80,48,48,0,-4,-83,0,0,100,0,96,400,48,48,0,-27,-92,0,0,100,0,0,192,32,32,0,-25,-84,0,0,100,0,0,32,48,48,0,-50,-86,0,0,100,0,48,256,48,48,0,1,-28,0,0,100,0,0,688,32,32,0,-31,-28,0,0,100,0,0,544,32,32,0,-24,-52,0,0,100,0,704,128,48,48,0,-36,-76,0,0,100,0,576,0,80,80,0,-32,-120,0,1,100,0,1024,0,88,120,0,-64,-136,0,0,100,0,96,608,152,88,0,-48,-120,0,0,100,0,512,496,128,112,0,-40,-120,0,0,100,0,96,776,72,48,0,-40,-104,0,0,100,0,384,776,72,56,0,-56,-120,0,0,100,0,96,696,136,80,0,-53,-46,0,1,100,0,528,960,112,64,0,-53,-46,0,0,100,0,528,896,112,64,0,-41,-16,0,0,100,0,944,288,80,32,0,
0,31,-61,-64,0,1,70,0,1376,0,128,48,0,-53,-40,0,1,70,0,656,800,112,32,0,-65,-36,0,1,70,0,624,336,48,48,0,-1,-35,0,1,70,0,960,336,64,48,0,-72,-63,0,0,70,0,1024,248,152,88,0,-57,-14,1,0,50,0,0,912,48,48,0,17,-18,0,0,50,0,0,960,48,48,0,-1,-21,1,0,50,0,0,912,48,48,0,-74,-35,0,0,50,0,0,912,48,48,0,-58,-87,0,0,100,0,80,832,80,80,0,-3,-91,0,0,100,0,32,192,32,32,0,-19,-95,0,0,100,0,0,0,32,32,0,-11,-59,0,0,100,0,0,160,32,32,0,-19,-64,0,0,100,0,0,128,32,32,0,-7,-65,0,0,100,0,736,176,32,64,0,-39,-65,0,0,100,0,704,176,32,64,0,-32,-50,0,0,100,0,752,80,48,48,0,-4,-83,0,0,100,0,144,400,48,48,0,-27,-92,0,0,100,0,0,192,32,32,0,-25,-84,0,0,100,0,0,32,48,48,0,-50,-86,0,0,100,0,48,304,48,48,0,1,-28,0,0,100,0,0,688,32,32,0,-31,-28,0,0,100,0,0,544,32,32,0,-24,-52,0,0,100,0,752,128,48,48,0,-36,-76,0,0,100,0,656,0,80,80,0,21,-41,1,0,40,0,0,960,48,48,0,-32,-120,0,1,70,0,1024,0,88,120,0,-72,-135,0,0,70,0,1024,120,160,128,0,-53,-46,0,1,40,0,528,960,112,64,0,-53,-46,0,0,70,0,528,896,112,64,0,-41,-16,0,0,100,0,944,288,80,32,0,
0,36,-61,-62,0,1,40,0,1376,0,128,48,0,-53,-40,0,1,40,0,656,832,112,32,0,-65,-36,0,1,40,0,672,336,48,48,0,-1,-35,0,1,40,0,768,336,64,48,0,-72,-62,0,0,40,0,1024,248,152,88,0,-81,-130,0,1,100,0,896,32,128,64,0,-81,-68,3,1,100,0,896,32,128,64,0,-14,-3,0,0,50,0,0,912,48,48,0,17,-18,0,0,80,0,48,960,48,48,0,-43,-6,0,0,50,0,0,960,48,48,0,-57,-14,1,0,80,0,48,912,48,48,0,-1,-21,1,0,80,0,48,912,48,48,0,-74,-35,0,0,80,0,48,912,48,48,0,-106,-50,1,0,50,0,0,912,48,48,0,-52,-93,0,0,100,0,80,832,80,80,0,-3,-91,0,0,100,0,32,192,32,32,0,-19,-95,0,0,100,0,0,0,32,32,0,-11,-59,0,0,100,0,0,160,32,32,0,-19,-64,0,0,100,0,0,128,32,32,0,-7,-65,0,0,100,0,800,176,32,64,0,-39,-65,0,0,100,0,768,176,32,64,0,-32,-50,0,0,100,0,800,80,48,48,0,-4,-83,0,0,100,0,144,400,48,48,0,-27,-92,0,0,100,0,0,192,32,32,0,-25,-84,0,0,100,0,0,32,48,48,0,-50,-86,0,0,100,0,48,304,48,48,0,1,-28,0,0,100,0,0,688,32,32,0,-31,-28,0,0,100,0,0,544,32,32,0,-24,-52,0,0,100,0,800,128,48,48,0,-36,-76,0,0,100,0,736,0,80,80,0,21,-41,1,0,100,0,48,960,48,48,0,13,-53,0,0,40,0,0,912,48,48,0,-32,-120,0,1,40,0,1112,0,88,120,0,-72,-134,0,0,40,0,1024,120,160,128,0,-53,-46,0,0,40,0,528,896,112,64,0,-41,-16,0,0,100,0,944,288,80,32,0,
0,32,-65,-36,0,1,100,0,720,336,48,48,0,-1,-35,0,1,100,0,832,336,64,48,0,-54,-50,0,0,100,0,640,896,112,64,0,-81,-130,0,1,100,0,896,96,128,64,0,-81,-68,3,1,100,0,896,96,128,64,0,-14,-3,0,0,80,0,48,912,48,48,0,17,-18,0,0,100,0,96,960,48,48,0,-43,-6,0,0,80,0,48,960,48,48,0,-57,-14,1,0,100,0,96,912,48,48,0,-88,-22,1,0,40,0,0,960,48,48,0,-1,-21,1,0,100,0,96,912,48,48,0,-74,-35,0,0,100,0,96,912,48,48,0,-106,-50,1,0,80,0,48,912,48,48,0,-52,-94,0,0,100,0,80,832,80,80,0,-3,-91,0,0,100,0,32,192,32,32,0,-19,-95,0,0,100,0,0,0,32,32,0,-11,-59,0,0,100,0,0,160,32,32,0,-19,-64,0,0,100,0,0,128,32,32,0,-7,-65,0,0,100,0,864,176,32,64,0,-39,-65,0,0,100,0,832,176,32,64,0,-32,-50,0,0,100,0,848,80,48,48,0,-4,-83,0,0,100,0,144,400,48,48,0,-27,-92,0,0,100,0,0,192,32,32,0,-25,-84,0,0,100,0,0,32,48,48,0,-50,-86,0,0,100,0,48,304,48,48,0,1,-28,0,0,100,0,0,688,32,32,0,-31,-28,0,0,100,0,0,544,32,32,0,-24,-52,0,0,100,0,848,128,48,48,0,-36,-76,0,0,100,0,816,0,80,80,0,21,-41,1,0,100,0,144,960,48,48,0,13,-53,0,0,100,0,48,912,48,48,0,-41,-16,0,0,100,0,944,288,80,32,0,
0,29,-81,-130,0,1,100,0,896,160,128,64,0,-81,-68,3,1,100,0,896,160,128,64,0,-14,-3,0,0,100,0,96,912,48,48,0,17,-18,0,0,100,0,144,960,48,48,0,-43,-6,0,0,100,0,96,960,48,48,0,-57,-14,1,0,100,0,144,912,48,48,0,-88,-22,1,0,80,0,48,960,48,48,0,-1,-21,1,0,100,0,144,912,48,48,0,-74,-35,0,0,100,0,144,912,48,48,0,-106,-50,1,0,100,0,96,912,48,48,0,-52,-95,0,0,100,0,80,832,80,80,0,-3,-91,0,0,100,0,32,192,32,32,0,-19,-95,0,0,100,0,0,0,32,32,0,-11,-59,0,0,100,0,0,160,32,32,0,-19,-64,0,0,100,0,0,128,32,32,0,-7,-65,0,0,100,0,672,176,32,64,0,-39,-65,0,0,100,0,640,176,32,64,0,-32,-50,0,0,100,0,704,80,48,48,0,-4,-83,0,0,100,0,144,400,48,48,0,-27,-92,0,0,100,0,0,192,32,32,0,-25,-84,0,0,100,0,0,32,48,48,0,-50,-86,0,0,100,0,48,304,48,48,0,1,-28,0,0,100,0,0,688,32,32,0,-31,-28,0,0,100,0,0,544,32,32,0,-24,-52,0,0,100,0,704,128,48,48,0,-36,-76,0,0,100,0,576,0,80,80,0,21,-41,1,0,100,0,144,960,48,48,0,13,-53,0,0,100,0,96,912,48,48,0,-41,-16,0,0,100,0,944,288,80,32,0,
0,29,-81,-130,0,1,100,0,896,224,128,64,0,-81,-68,3,1,100,0,896,224,128,64,0,-14,-3,0,0,100,0,144,912,48,48,0,17,-18,0,0,100,0,144,960,48,48,0,-43,-6,0,0,100,0,144,960,48,48,0,-57,-14,1,0,100,0,144,912,48,48,0,-88,-22,1,0,100,0,96,960,48,48,0,-1,-21,1,0,100,0,144,912,48,48,0,-74,-35,0,0,100,0,144,912,48,48,0,-106,-50,1,0,100,0,144,912,48,48,0,-52,-96,0,0,100,0,80,832,80,80,0,-3,-91,0,0,100,0,32,192,32,32,0,-19,-95,0,0,100,0,0,0,32,32,0,-11,-59,0,0,100,0,0,160,32,32,0,-19,-64,0,0,100,0,0,128,32,32,0,-7,-65,0,0,100,0,736,176,32,64,0,-39,-65,0,0,100,0,704,176,32,64,0,-32,-50,0,0,100,0,752,80,48,48,0,-4,-83,0,0,100,0,144,400,48,48,0,-27,-92,0,0,100,0,0,192,32,32,0,-25,-84,0,0,100,0,0,32,48,48,0,-50,-86,0,0,100,0,48,304,48,48,0,1,-28,0,0,100,0,0,688,32,32,0,-31,-28,0,0,100,0,0,544,32,32,0,-24,-52,0,0,100,0,752,128,48,48,0,-36,-76,0,0,100,0,656,0,80,80,0,21,-41,1,0,100,0,144,960,48,48,0,13,-53,0,0,100,0,144,912,48,48,0,-41,-16,0,0,100,0,944,288,80,32,0,
0,28,-45,-86,0,1,100,0,768,880,64,64,0,-14,-3,0,0,100,0,144,912,48,48,0,17,-18,0,0,100,0,144,960,48,48,0,-43,-6,0,0,100,0,144,960,48,48,0,-57,-14,1,0,100,0,144,912,48,48,0,-88,-22,1,0,100,0,144,960,48,48,0,-1,-21,1,0,100,0,144,912,48,48,0,-74,-35,0,0,100,0,144,912,48,48,0,-106,-50,1,0,100,0,144,912,48,48,0,-52,-96,0,0,100,0,80,832,80,80,0,-3,-91,0,0,100,0,32,192,32,32,0,-19,-95,0,0,100,0,0,0,32,32,0,-11,-59,0,0,100,0,0,160,32,32,0,-19,-64,0,0,100,0,0,128,32,32,0,-7,-65,0,0,100,0,800,176,32,64,0,-39,-65,0,0,100,0,768,176,32,64,0,-32,-50,0,0,100,0,800,80,48,48,0,-4,-83,0,0,100,0,144,400,48,48,0,-27,-92,0,0,100,0,0,192,32,32,0,-25,-84,0,0,100,0,0,32,48,48,0,-50,-86,0,0,100,0,48,304,48,48,0,1,-28,0,0,100,0,0,688,32,32,0,-31,-28,0,0,100,0,0,544,32,32,0,-24,-52,0,0,100,0,800,128,48,48,0,-36,-76,0,0,100,0,736,0,80,80,0,21,-41,1,0,100,0,144,960,48,48,0,13,-53,0,0,100,0,144,912,48,48,0,-41,-16,0,0,100,0,944,288,80,32,0,
0,29,-45,-86,0,1,100,0,832,880,64,64,0,-15,-64,0,0,60,0,1008,704,16,16,0,-14,-3,0,0,100,0,144,912,48,48,0,17,-18,0,0,100,0,144,960,48,48,0,-43,-6,0,0,100,0,144,960,48,48,0,-57,-14,1,0,100,0,144,912,48,48,0,-88,-22,1,0,100,0,144,960,48,48,0,-1,-21,1,0,100,0,144,912,48,48,0,-74,-35,0,0,100,0,144,912,48,48,0,-106,-50,1,0,100,0,144,912,48,48,0,-52,-95,0,0,100,0,80,832,80,80,0,-3,-91,0,0,100,0,32,192,32,32,0,-19,-95,0,0,100,0,0,0,32,32,0,-11,-59,0,0,100,0,0,160,32,32,0,-19,-64,0,0,100,0,0,128,32,32,0,-7,-65,0,0,100,0,864,176,32,64,0,-39,-65,0,0,100,0,832,176,32,64,0,-32,-50,0,0,100,0,848,80,48,48,0,-4,-83,0,0,100,0,144,400,48,48,0,-27,-92,0,0,100,0,0,192,32,32,0,-25,-84,0,0,100,0,0,32,48,48,0,-50,-86,0,0,100,0,48,304,48,48,0,1,-28,0,0,100,0,0,688,32,32,0,-31,-28,0,0,100,0,0,544,32,32,0,-24,-52,0,0,100,0,848,128,48,48,0,-36,-76,0,0,100,0,816,0,80,80,0,21,-41,1,0,100,0,144,960,48,48,0,13,-53,0,0,100,0,144,912,48,48,0,-41,-16,0,0,100,0,944,288,80,32,0,
0,30,-45,-86,2,1,100,0,768,880,64,64,0,-45,-86,0,1,100,0,896,880,64,64,0,-15,-64,0,0,100,0,1008,704,16,16,0,-14,-3,0,0,100,0,144,912,48,48,0,17,-18,0,0,100,0,144,960,48,48,0,-43,-6,0,0,100,0,144,960,48,48,0,-57,-14,1,0,100,0,144,912,48,48,0,-88,-22,1,0,100,0,144,960,48,48,0,-1,-21,1,0,100,0,144,912,48,48,0,-74,-35,0,0,100,0,144,912,48,48,0,-106,-50,1,0,100,0,144,912,48,48,0,-52,-94,0,0,100,0,80,832,80,80,0,-3,-91,0,0,100,0,32,192,32,32,0,-19,-95,0,0,100,0,0,0,32,32,0,-11,-59,0,0,100,0,0,160,32,32,0,-19,-64,0,0,100,0,0,128,32,32,0,-7,-65,0,0,100,0,672,176,32,64,0,-39,-65,0,0,100,0,640,176,32,64,0,-32,-50,0,0,100,0,704,80,48,48,0,-4,-83,0,0,100,0,144,400,48,48,0,-27,-92,0,0,100,0,0,192,32,32,0,-25,-84,0,0,100,0,0,32,48,48,0,-50,-86,0,0,100,0,48,304,48,48,0,1,-28,0,0,100,0,0,688,32,32,0,-31,-28,0,0,100,0,0,544,32,32,0,-24,-52,0,0,100,0,704,128,48,48,0,-36,-76,0,0,100,0,576,0,80,80,0,21,-41,1,0,100,0,144,960,48,48,0,13,-53,0,0,100,0,144,912,48,48,0,-41,-16,0,0,100,0,944,288,80,32,0,
0,30,-45,-86,2,1,100,0,832,880,64,64,0,-45,-86,0,1,100,0,960,880,64,64,0,-23,-72,0,0,100,0,976,704,32,32,0,-14,-3,0,0,100,0,144,912,48,48,0,17,-18,0,0,100,0,144,960,48,48,0,-43,-6,0,0,100,0,144,960,48,48,0,-57,-14,1,0,100,0,144,912,48,48,0,-88,-22,1,0,100,0,144,960,48,48,0,-1,-21,1,0,100,0,144,912,48,48,0,-74,-35,0,0,100,0,144,912,48,48,0,-106,-50,1,0,100,0,144,912,48,48,0,-52,-95,0,0,100,0,80,832,80,80,0,-3,-91,0,0,100,0,32,192,32,32,0,-19,-95,0,0,100,0,0,0,32,32,0,-11,-59,0,0,100,0,0,160,32,32,0,-19,-64,0,0,100,0,0,128,32,32,0,-7,-65,0,0,100,0,736,176,32,64,0,-39,-65,0,0,100,0,704,176,32,64,0,-32,-50,0,0,100,0,752,80,48,48,0,-4,-83,0,0,100,0,144,400,48,48,0,-27,-92,0,0,100,0,0,192,32,32,0,-25,-84,0,0,100,0,0,32,48,48,0,-50,-86,0,0,100,0,48,304,48,48,0,1,-28,0,0,100,0,0,688,32,32,0,-31,-28,0,0,100,0,0,544,32,32,0,-24,-52,0,0,100,0,752,128,48,48,0,-36,-76,0,0,100,0,656,0,80,80,0,21,-41,1,0,100,0,144,960,48,48,0,13,-53,0,0,100,0,144,912,48,48,0,-41,-16,0,0,100,0,944,288,80,32,0,
0,33,-45,-86,2,1,100,0,896,880,64,64,0,-31,-80,0,1,100,0,896,944,48,48,0,-38,-87,0,0,100,0,944,704,32,32,0,-9,-87,1,0,100,0,944,704,32,32,0,-38,-58,2,0,100,0,944,704,32,32,0,-9,-58,3,0,100,0,944,704,32,32,0,-14,-3,0,0,100,0,144,912,48,48,0,17,-18,0,0,100,0,144,960,48,48,0,-43,-6,0,0,100,0,144,960,48,48,0,-57,-14,1,0,100,0,144,912,48,48,0,-88,-22,1,0,100,0,144,960,48,48,0,-1,-21,1,0,100,0,144,912,48,48,0,-74,-35,0,0,100,0,144,912,48,48,0,-106,-50,1,0,100,0,144,912,48,48,0,-52,-96,0,0,100,0,80,832,80,80,0,-3,-91,0,0,100,0,32,192,32,32,0,-19,-95,0,0,100,0,0,0,32,32,0,-11,-59,0,0,100,0,0,160,32,32,0,-19,-64,0,0,100,0,0,128,32,32,0,-7,-65,0,0,100,0,800,176,32,64,0,-39,-65,0,0,100,0,768,176,32,64,0,-32,-50,0,0,100,0,800,80,48,48,0,-4,-83,0,0,100,0,144,400,48,48,0,-27,-92,0,0,100,0,0,192,32,32,0,-25,-84,0,0,100,0,0,32,48,48,0,-50,-86,0,0,100,0,48,304,48,48,0,1,-28,0,0,100,0,0,688,32,32,0,-31,-28,0,0,100,0,0,544,32,32,0,-24,-52,0,0,100,0,800,128,48,48,0,-36,-76,0,0,100,0,736,0,80,80,0,21,-41,1,0,100,0,144,960,48,48,0,13,-53,0,0,100,0,144,912,48,48,0,-41,-16,0,0,100,0,944,288,80,32,0,
0,34,-48,-85,0,1,100,0,768,816,64,64,0,-45,-86,2,1,100,0,960,880,64,64,0,-31,-80,0,1,100,0,896,944,48,48,0,-37,-86,0,0,100,0,944,704,32,32,0,-10,-86,1,0,100,0,944,704,32,32,0,-37,-59,2,0,100,0,944,704,32,32,0,-10,-59,3,0,100,0,944,704,32,32,0,-14,-3,0,0,100,0,144,912,48,48,0,17,-18,0,0,100,0,144,960,48,48,0,-43,-6,0,0,100,0,144,960,48,48,0,-57,-14,1,0,100,0,144,912,48,48,0,-88,-22,1,0,100,0,144,960,48,48,0,-1,-21,1,0,100,0,144,912,48,48,0,-74,-35,0,0,100,0,144,912,48,48,0,-106,-50,1,0,100,0,144,912,48,48,0,-52,-95,0,0,100,0,80,832,80,80,0,-3,-91,0,0,100,0,32,192,32,32,0,-19,-95,0,0,100,0,0,0,32,32,0,-11,-59,0,0,100,0,0,160,32,32,0,-19,-64,0,0,100,0,0,128,32,32,0,-7,-65,0,0,100,0,864,176,32,64,0,-39,-65,0,0,100,0,832,176,32,64,0,-32,-50,0,0,100,0,848,80,48,48,0,-4,-83,0,0,100,0,144,400,48,48,0,-27,-92,0,0,100,0,0,192,32,32,0,-25,-84,0,0,100,0,0,32,48,48,0,-50,-86,0,0,100,0,48,304,48,48,0,1,-28,0,0,100,0,0,688,32,32,0,-31,-28,0,0,100,0,0,544,32,32,0,-24,-52,0,0,100,0,848,128,48,48,0,-36,-76,0,0,100,0,816,0,80,80,0,21,-41,1,0,100,0,144,960,48,48,0,13,-53,0,0,100,0,144,912,48,48,0,-41,-16,0,0,100,0,944,288,80,32,0,
0,34,-32,-106,0,1,100,-90,768,816,64,64,0,-48,-85,0,1,100,0,832,816,64,64,0,-31,-80,0,1,100,0,896,944,48,48,0,-54,-103,0,0,100,0,976,736,48,48,0,-9,-103,1,0,100,0,976,736,48,48,0,-54,-58,2,0,100,0,976,736,48,48,0,-9,-58,3,0,100,0,976,736,48,48,0,-14,-3,0,0,100,0,144,912,48,48,0,17,-18,0,0,100,0,144,960,48,48,0,-43,-6,0,0,100,0,144,960,48,48,0,-57,-14,1,0,100,0,144,912,48,48,0,-88,-22,1,0,100,0,144,960,48,48,0,-1,-21,1,0,100,0,144,912,48,48,0,-74,-35,0,0,100,0,144,912,48,48,0,-106,-50,1,0,100,0,144,912,48,48,0,-52,-94,0,0,100,0,80,832,80,80,0,-3,-91,0,0,100,0,32,192,32,32,0,-19,-95,0,0,100,0,0,0,32,32,0,-11,-59,0,0,100,0,0,160,32,32,0,-19,-64,0,0,100,0,0,128,32,32,0,-7,-65,0,0,100,0,672,176,32,64,0,-39,-65,0,0,100,0,640,176,32,64,0,-32,-50,0,0,100,0,704,80,48,48,0,-4,-83,0,0,100,0,144,400,48,48,0,-27,-92,0,0,100,0,0,192,32,32,0,-25,-84,0,0,100,0,0,32,48,48,0,-50,-86,0,0,100,0,48,304,48,48,0,1,-28,0,0,100,0,0,688,32,32,0,-31,-28,0,0,100,0,0,544,32,32,0,-24,-52,0,0,100,0,704,128,48,48,0,-36,-76,0,0,100,0,576,0,80,80,0,21,-41,1,0,100,0,144,960,48,48,0,13,-53,0,0,100,0,144,912,48,48,0,-41,-16,0,0,100,0,944,288,80,32,0,
0,34,-32,-106,0,1,100,-90,832,816,64,64,0,-48,-85,0,1,100,0,896,816,64,64,0,-31,-80,0,1,100,0,896,944,48,48,0,-53,-102,0,0,100,0,976,736,48,48,0,-10,-102,1,0,100,0,976,736,48,48,0,-53,-59,2,0,100,0,976,736,48,48,0,-10,-59,3,0,100,0,976,736,48,48,0,-14,-3,0,0,100,0,144,912,48,48,0,17,-18,0,0,100,0,144,960,48,48,0,-43,-6,0,0,100,0,144,960,48,48,0,-57,-14,1,0,100,0,144,912,48,48,0,-88,-22,1,0,100,0,144,960,48,48,0,-1,-21,1,0,100,0,144,912,48,48,0,-74,-35,0,0,100,0,144,912,48,48,0,-106,-50,1,0,100,0,144,912,48,48,0,-52,-95,0,0,100,0,80,832,80,80,0,-3,-91,0,0,100,0,32,192,32,32,0,-19,-95,0,0,100,0,0,0,32,32,0,-11,-59,0,0,100,0,0,160,32,32,0,-19,-64,0,0,100,0,0,128,32,32,0,-7,-65,0,0,100,0,736,176,32,64,0,-39,-65,0,0,100,0,704,176,32,64,0,-32,-50,0,0,100,0,752,80,48,48,0,-4,-83,0,0,100,0,144,400,48,48,0,-27,-92,0,0,100,0,0,192,32,32,0,-25,-84,0,0,100,0,0,32,48,48,0,-50,-86,0,0,100,0,48,304,48,48,0,1,-28,0,0,100,0,0,688,32,32,0,-31,-28,0,0,100,0,0,544,32,32,0,-24,-52,0,0,100,0,752,128,48,48,0,-36,-76,0,0,100,0,656,0,80,80,0,21,-41,1,0,100,0,144,960,48,48,0,13,-53,0,0,100,0,144,912,48,48,0,-41,-16,0,0,100,0,944,288,80,32,0,
0,41,5,-88,3,1,100,-90,768,816,64,64,0,-32,-106,0,1,100,-90,896,816,64,64,0,-48,-85,0,1,100,0,960,816,64,64,0,17,-48,1,1,100,-90,912,992,32,32,0,-13,-118,1,1,100,-90,880,992,32,32,0,-71,-81,1,1,100,0,880,992,32,32,0,22,-99,1,1,100,-90,912,992,32,32,0,-63,-110,1,1,100,0,912,992,32,32,0,-67,-39,0,1,100,0,912,992,32,32,0,-31,-80,0,1,100,0,896,944,48,48,0,-86,-135,0,0,100,0,896,736,80,80,0,-9,-135,1,0,100,0,896,736,80,80,0,-86,-58,2,0,100,0,896,736,80,80,0,-9,-58,3,0,100,0,896,736,80,80,0,-14,-3,0,0,100,0,144,912,48,48,0,17,-18,0,0,100,0,144,960,48,48,0,-43,-6,0,0,100,0,144,960,48,48,0,-57,-14,1,0,100,0,144,912,48,48,0,-88,-22,1,0,100,0,144,960,48,48,0,-1,-21,1,0,100,0,144,912,48,48,0,-74,-35,0,0,100,0,144,912,48,48,0,-106,-50,1,0,100,0,144,912,48,48,0,-52,-96,0,0,100,0,80,832,80,80,0,-3,-91,0,0,100,0,32,192,32,32,0,-19,-95,0,0,100,0,0,0,32,32,0,-11,-59,0,0,100,0,0,160,32,32,0,-19,-64,0,0,100,0,0,128,32,32,0,-7,-65,0,0,100,0,800,176,32,64,0,-39,-65,0,0,100,0,768,176,32,64,0,-32,-50,0,0,100,0,800,80,48,48,0,-4,-83,0,0,100,0,144,400,48,48,0,-27,-92,0,0,100,0,0,192,32,32,0,-25,-84,0,0,100,0,0,32,48,48,0,-50,-86,0,0,100,0,48,304,48,48,0,1,-28,0,0,100,0,0,688,32,32,0,-31,-28,0,0,100,0,0,544,32,32,0,-24,-52,0,0,100,0,800,128,48,48,0,-36,-76,0,0,100,0,736,0,80,80,0,21,-41,1,0,100,0,144,960,48,48,0,13,-53,0,0,100,0,144,912,48,48,0,-41,-16,0,0,100,0,944,288,80,32,0,
0,46,0,0,0,1,100,0,656,704,64,64,0,5,-88,3,1,100,-90,832,816,64,64,0,-32,-106,0,1,100,-90,960,816,64,64,0,21,-134,3,1,100,180,896,944,48,48,0,-37,-11,3,1,100,90,896,944,48,48,0,-99,-115,1,1,100,0,896,944,48,48,0,-13,-118,1,1,100,-90,880,992,32,32,0,41,-23,3,1,100,0,880,992,32,32,0,-45,-153,1,1,100,0,880,992,32,32,0,-71,-81,1,1,100,0,880,992,32,32,0,22,-99,1,1,100,-90,912,992,32,32,0,-63,-110,1,1,100,0,912,992,32,32,0,-67,-39,0,1,100,0,912,992,32,32,0,17,-48,1,1,100,-90,912,992,32,32,0,-31,-80,0,1,100,0,896,944,48,48,0,-9,-167,1,0,100,0,784,704,112,112,0,-118,-167,0,0,100,0,784,704,112,112,0,-118,-58,2,0,100,0,784,704,112,112,0,-9,-58,3,0,100,0,784,704,112,112,0,-14,-3,0,0,100,0,144,912,48,48,0,17,-18,0,0,100,0,144,960,48,48,0,-43,-6,0,0,100,0,144,960,48,48,0,-57,-14,1,0,100,0,144,912,48,48,0,-88,-22,1,0,100,0,144,960,48,48,0,-1,-21,1,0,100,0,144,912,48,48,0,-74,-35,0,0,100,0,144,912,48,48,0,-106,-50,1,0,100,0,144,912,48,48,0,-52,-95,0,0,100,0,80,832,80,80,0,-3,-91,0,0,100,0,32,192,32,32,0,-19,-95,0,0,100,0,0,0,32,32,0,-11,-59,0,0,100,0,0,160,32,32,0,-19,-64,0,0,100,0,0,128,32,32,0,-7,-65,0,0,100,0,864,176,32,64,0,-39,-65,0,0,100,0,832,176,32,64,0,-32,-50,0,0,100,0,848,80,48,48,0,-4,-83,0,0,100,0,144,400,48,48,0,-27,-92,0,0,100,0,0,192,32,32,0,-25,-84,0,0,100,0,0,32,48,48,0,-50,-86,0,0,100,0,48,304,48,48,0,1,-28,0,0,100,0,0,688,32,32,0,-31,-28,0,0,100,0,0,544,32,32,0,-24,-52,0,0,100,0,848,128,48,48,0,-36,-76,0,0,100,0,816,0,80,80,0,21,-41,1,0,100,0,144,960,48,48,0,13,-53,0,0,100,0,144,912,48,48,0,-41,-16,0,0,100,0,944,288,80,32,0,
0,47,-20,-3,0,1,100,90,768,816,64,64,0,-119,-95,3,1,100,180,768,816,64,64,0,-65,-187,1,1,100,180,768,880,64,64,0,5,-88,3,1,100,-90,896,816,64,64,0,21,-134,3,1,100,180,896,944,48,48,0,-37,-11,3,1,100,90,896,944,48,48,0,-99,-115,1,1,100,0,896,944,48,48,0,-13,-118,1,1,100,-90,880,992,32,32,0,41,-23,3,1,100,0,880,992,32,32,0,-45,-153,1,1,100,0,880,992,32,32,0,-71,-81,1,1,100,0,880,992,32,32,0,22,-99,1,1,100,-90,912,992,32,32,0,-63,-110,1,1,100,0,912,992,32,32,0,-67,-39,0,1,100,0,912,992,32,32,0,17,-48,1,1,100,-90,912,992,32,32,0,-31,-80,0,1,100,0,896,944,48,48,0,-10,-166,1,0,100,0,784,704,112,112,0,-117,-166,0,0,100,0,784,704,112,112,0,-117,-59,2,0,100,0,784,704,112,112,0,-10,-59,3,0,100,0,784,704,112,112,0,-14,-3,0,0,100,0,144,912,48,48,0,17,-18,0,0,100,0,144,960,48,48,0,-43,-6,0,0,100,0,144,960,48,48,0,-57,-14,1,0,100,0,144,912,48,48,0,-88,-22,1,0,100,0,144,960,48,48,0,-1,-21,1,0,100,0,144,912,48,48,0,-74,-35,0,0,100,0,144,912,48,48,0,-106,-50,1,0,100,0,144,912,48,48,0,-52,-94,0,0,100,0,80,832,80,80,0,-3,-91,0,0,100,0,32,192,32,32,0,-19,-95,0,0,100,0,0,0,32,32,0,-11,-59,0,0,100,0,0,160,32,32,0,-19,-64,0,0,100,0,0,128,32,32,0,-7,-65,0,0,100,0,672,176,32,64,0,-39,-65,0,0,100,0,640,176,32,64,0,-32,-50,0,0,100,0,704,80,48,48,0,-4,-83,0,0,100,0,144,400,48,48,0,-27,-92,0,0,100,0,0,192,32,32,0,-25,-84,0,0,100,0,0,32,48,48,0,-50,-86,0,0,100,0,48,304,48,48,0,1,-28,0,0,100,0,0,688,32,32,0,-31,-28,0,0,100,0,0,544,32,32,0,-24,-52,0,0,100,0,704,128,48,48,0,-36,-76,0,0,100,0,576,0,80,80,0,21,-41,1,0,100,0,144,960,48,48,0,13,-53,0,0,100,0,144,912,48,48,0,-41,-16,0,0,100,0,944,288,80,32,0,
0,46,-20,-3,0,1,100,90,832,816,64,64,0,-119,-95,3,1,100,180,832,816,64,64,0,-65,-187,1,1,100,180,832,880,64,64,0,5,-88,3,1,100,-90,960,816,64,64,0,21,-134,3,1,100,180,896,944,48,48,0,-37,-11,3,1,100,90,896,944,48,48,0,-99,-115,1,1,100,0,896,944,48,48,0,-13,-118,1,1,100,-90,880,992,32,32,0,-45,-153,1,1,100,0,880,992,32,32,0,-71,-81,1,1,100,0,880,992,32,32,0,22,-99,1,1,100,-90,912,992,32,32,0,-63,-110,1,1,100,0,912,992,32,32,0,-67,-39,0,1,100,0,912,992,32,32,0,17,-48,1,1,100,-90,912,992,32,32,0,-31,-80,0,1,100,0,896,944,48,48,0,-15,-172,1,0,100,0,784,704,112,112,0,-122,-172,0,0,100,0,784,704,112,112,0,-122,-65,2,0,100,0,784,704,112,112,0,-15,-65,3,0,100,0,784,704,112,112,0,-14,-3,0,0,100,0,144,912,48,48,0,17,-18,0,0,100,0,144,960,48,48,0,-43,-6,0,0,100,0,144,960,48,48,0,-57,-14,1,0,100,0,144,912,48,48,0,-88,-22,1,0,100,0,144,960,48,48,0,-1,-21,1,0,100,0,144,912,48,48,0,-74,-35,0,0,100,0,144,912,48,48,0,-106,-50,1,0,100,0,144,912,48,48,0,-52,-95,0,0,100,0,80,832,80,80,0,-3,-91,0,0,100,0,32,192,32,32,0,-19,-95,0,0,100,0,0,0,32,32,0,-11,-59,0,0,100,0,0,160,32,32,0,-19,-64,0,0,100,0,0,128,32,32,0,-7,-65,0,0,100,0,736,176,32,64,0,-39,-65,0,0,100,0,704,176,32,64,0,-32,-50,0,0,100,0,752,80,48,48,0,-4,-83,0,0,100,0,144,400,48,48,0,-27,-92,0,0,100,0,0,192,32,32,0,-25,-84,0,0,100,0,0,32,48,48,0,-50,-86,0,0,100,0,48,304,48,48,0,1,-28,0,0,100,0,0,688,32,32,0,-31,-28,0,0,100,0,0,544,32,32,0,-24,-52,0,0,100,0,752,128,48,48,0,-36,-76,0,0,100,0,656,0,80,80,0,21,-41,1,0,100,0,144,960,48,48,0,13,-53,0,0,100,0,144,912,48,48,0,-41,-16,0,0,100,0,944,288,80,32,0,
0,44,-20,-3,0,1,100,90,896,816,64,64,0,-119,-95,3,1,100,180,896,816,64,64,0,-65,-187,1,1,100,180,896,880,64,64,0,21,-134,3,1,100,180,896,944,48,48,0,-99,-115,1,1,100,0,896,944,48,48,0,-13,-118,1,1,100,-90,880,992,32,32,0,-45,-153,1,1,100,0,880,992,32,32,0,-71,-81,1,1,100,0,880,992,32,32,0,22,-99,1,1,100,-90,912,992,32,32,0,-63,-110,1,1,100,0,912,992,32,32,0,-67,-39,0,1,100,0,912,992,32,32,0,17,-48,1,1,100,-90,912,992,32,32,0,-31,-80,0,1,100,0,896,944,48,48,0,-22,-179,1,0,100,0,784,704,112,112,0,-129,-179,0,0,100,0,784,704,112,112,0,-129,-72,2,0,100,0,784,704,112,112,0,-22,-72,3,0,100,0,784,704,112,112,0,-14,-3,0,0,100,0,144,912,48,48,0,17,-18,0,0,100,0,144,960,48,48,0,-43,-6,0,0,100,0,144,960,48,48,0,-57,-14,1,0,100,0,144,912,48,48,0,-88,-22,1,0,100,0,144,960,48,48,0,-1,-21,1,0,100,0,144,912,48,48,0,-74,-35,0,0,100,0,144,912,48,48,0,-106,-50,1,0,100,0,144,912,48,48,0,-52,-96,0,0,100,0,80,832,80,80,0,-3,-91,0,0,100,0,32,192,32,32,0,-19,-95,0,0,100,0,0,0,32,32,0,-11,-59,0,0,100,0,0,160,32,32,0,-19,-64,0,0,100,0,0,128,32,32,0,-7,-65,0,0,100,0,800,176,32,64,0,-39,-65,0,0,100,0,768,176,32,64,0,-32,-50,0,0,100,0,800,80,48,48,0,-4,-83,0,0,100,0,144,400,48,48,0,-27,-92,0,0,100,0,0,192,32,32,0,-25,-84,0,0,100,0,0,32,48,48,0,-50,-86,0,0,100,0,48,304,48,48,0,1,-28,0,0,100,0,0,688,32,32,0,-31,-28,0,0,100,0,0,544,32,32,0,-24,-52,0,0,100,0,800,128,48,48,0,-36,-76,0,0,100,0,736,0,80,80,0,21,-41,1,0,100,0,144,960,48,48,0,13,-53,0,0,100,0,144,912,48,48,0,-41,-16,0,0,100,0,944,288,80,32,0,
0,45,-20,-3,0,1,100,90,960,816,64,64,0,-119,-95,3,1,100,180,960,816,64,64,0,-65,-187,1,1,100,180,960,880,64,64,0,-99,-115,1,1,100,0,896,944,48,48,0,-13,-118,1,1,100,-90,880,992,32,32,0,-45,-153,1,1,100,0,880,992,32,32,0,-71,-81,1,1,100,0,880,992,32,32,0,22,-99,1,1,100,-90,912,992,32,32,0,-128,-86,1,1,100,90,912,992,32,32,0,-85,-170,1,1,100,0,912,992,32,32,0,-63,-110,1,1,100,0,912,992,32,32,0,-67,-39,0,1,100,0,912,992,32,32,0,17,-48,1,1,100,-90,912,992,32,32,0,-31,-80,0,1,100,0,896,944,48,48,0,-34,-189,1,0,100,0,784,704,112,112,0,-141,-189,0,0,100,0,784,704,112,112,0,-141,-82,2,0,100,0,784,704,112,112,0,-34,-82,3,0,100,0,784,704,112,112,0,-14,-3,0,0,100,0,144,912,48,48,0,17,-18,0,0,100,0,144,960,48,48,0,-43,-6,0,0,100,0,144,960,48,48,0,-57,-14,1,0,100,0,144,912,48,48,0,-88,-22,1,0,100,0,144,960,48,48,0,-1,-21,1,0,100,0,144,912,48,48,0,-74,-35,0,0,100,0,144,912,48,48,0,-106,-50,1,0,100,0,144,912,48,48,0,-52,-95,0,0,100,0,80,832,80,80,0,-3,-91,0,0,100,0,32,192,32,32,0,-19,-95,0,0,100,0,0,0,32,32,0,-11,-59,0,0,100,0,0,160,32,32,0,-19,-64,0,0,100,0,0,128,32,32,0,-7,-65,0,0,100,0,864,176,32,64,0,-39,-65,0,0,100,0,832,176,32,64,0,-32,-50,0,0,100,0,848,80,48,48,0,-4,-83,0,0,100,0,144,400,48,48,0,-27,-92,0,0,100,0,0,192,32,32,0,-25,-84,0,0,100,0,0,32,48,48,0,-50,-86,0,0,100,0,48,304,48,48,0,1,-28,0,0,100,0,0,688,32,32,0,-31,-28,0,0,100,0,0,544,32,32,0,-24,-52,0,0,100,0,848,128,48,48,0,-36,-76,0,0,100,0,816,0,80,80,0,21,-41,1,0,100,0,144,960,48,48,0,13,-53,0,0,100,0,144,912,48,48,0,-41,-16,0,0,100,0,944,288,80,32,0,
0,45,-97,-74,1,1,100,180,768,880,64,64,0,-50,-88,0,1,100,90,768,816,64,64,0,-99,-115,1,1,100,0,896,944,48,48,0,-13,-118,1,1,100,-90,880,992,32,32,0,-45,-153,1,1,100,0,880,992,32,32,0,-71,-81,1,1,100,0,880,992,32,32,0,22,-99,1,1,100,-90,912,992,32,32,0,-128,-86,1,1,100,90,912,992,32,32,0,-85,-170,1,1,100,0,912,992,32,32,0,-58,-186,0,1,100,0,912,992,32,32,0,-63,-110,1,1,100,0,912,992,32,32,0,-67,-39,0,1,100,0,912,992,32,32,0,-124,-163,1,1,100,0,896,944,48,48,0,-31,-80,0,1,100,0,896,944,48,48,0,-48,-197,1,0,100,0,784,704,112,112,0,-155,-197,0,0,100,0,784,704,112,112,0,-155,-90,2,0,100,0,784,704,112,112,0,-48,-90,3,0,100,0,784,704,112,112,0,-14,-3,0,0,100,0,144,912,48,48,0,17,-18,0,0,100,0,144,960,48,48,0,-43,-6,0,0,100,0,144,960,48,48,0,-57,-14,1,0,100,0,144,912,48,48,0,-88,-22,1,0,100,0,144,960,48,48,0,-1,-21,1,0,100,0,144,912,48,48,0,-74,-35,0,0,100,0,144,912,48,48,0,-106,-50,1,0,100,0,144,912,48,48,0,-52,-94,0,0,100,0,80,832,80,80,0,-3,-91,0,0,100,0,32,192,32,32,0,-19,-95,0,0,100,0,0,0,32,32,0,-11,-59,0,0,100,0,0,160,32,32,0,-19,-64,0,0,100,0,0,128,32,32,0,-7,-65,0,0,100,0,672,176,32,64,0,-39,-65,0,0,100,0,640,176,32,64,0,-32,-50,0,0,100,0,704,80,48,48,0,-4,-83,0,0,100,0,144,400,48,48,0,-27,-92,0,0,100,0,0,192,32,32,0,-25,-84,0,0,100,0,0,32,48,48,0,-50,-86,0,0,100,0,48,304,48,48,0,1,-28,0,0,100,0,0,688,32,32,0,-31,-28,0,0,100,0,0,544,32,32,0,-24,-52,0,0,100,0,704,128,48,48,0,-36,-76,0,0,100,0,576,0,80,80,0,21,-41,1,0,100,0,144,960,48,48,0,13,-53,0,0,100,0,144,912,48,48,0,-41,-16,0,0,100,0,944,288,80,32,0,
0,47,-187,-176,1,1,100,90,768,880,64,64,0,-97,-74,1,1,100,180,832,880,64,64,0,-133,-179,0,1,100,-90,768,816,64,64,0,-63,-101,0,1,100,90,832,816,64,64,0,-172,-127,3,1,100,0,896,944,48,48,0,-99,-115,1,1,100,0,896,944,48,48,0,-13,-118,1,1,100,-90,880,992,32,32,0,-148,-174,1,1,100,0,880,992,32,32,0,-45,-153,1,1,100,0,880,992,32,32,0,-71,-81,1,1,100,0,880,992,32,32,0,-128,-86,1,1,100,90,912,992,32,32,0,-85,-170,1,1,100,0,912,992,32,32,0,-58,-186,0,1,100,0,912,992,32,32,0,-63,-110,1,1,100,0,912,992,32,32,0,-67,-39,0,1,100,0,912,992,32,32,0,-124,-163,1,1,100,0,896,944,48,48,0,-77,-212,1,0,100,0,784,704,112,112,0,-184,-212,0,0,100,0,784,704,112,112,0,-184,-105,2,0,100,0,784,704,112,112,0,-77,-105,3,0,100,0,784,704,112,112,0,-14,-3,0,0,100,0,144,912,48,48,0,17,-18,0,0,100,0,144,960,48,48,0,-43,-6,0,0,100,0,144,960,48,48,0,-57,-14,1,0,100,0,144,912,48,48,0,-88,-22,1,0,100,0,144,960,48,48,0,-1,-21,1,0,100,0,144,912,48,48,0,-74,-35,0,0,100,0,144,912,48,48,0,-106,-50,1,0,100,0,144,912,48,48,0,-52,-95,0,0,100,0,80,832,80,80,0,-3,-91,0,0,100,0,32,192,32,32,0,-19,-95,0,0,100,0,0,0,32,32,0,-11,-59,0,0,100,0,0,160,32,32,0,-19,-64,0,0,100,0,0,128,32,32,0,-7,-65,0,0,100,0,736,176,32,64,0,-39,-65,0,0,100,0,704,176,32,64,0,-32,-50,0,0,100,0,752,80,48,48,0,-4,-83,0,0,100,0,144,400,48,48,0,-27,-92,0,0,100,0,0,192,32,32,0,-25,-84,0,0,100,0,0,32,48,48,0,-50,-86,0,0,100,0,48,304,48,48,0,1,-28,0,0,100,0,0,688,32,32,0,-31,-28,0,0,100,0,0,544,32,32,0,-24,-52,0,0,100,0,752,128,48,48,0,-36,-76,0,0,100,0,656,0,80,80,0,21,-41,1,0,100,0,144,960,48,48,0,13,-53,0,0,100,0,144,912,48,48,0,-41,-16,0,0,100,0,944,288,80,32,0,
0,47,-187,-176,1,1,100,90,832,880,64,64,0,-97,-74,1,1,100,180,896,880,64,64,0,-133,-179,0,1,100,-90,832,816,64,64,0,-65,-119,0,1,100,90,896,816,64,64,0,-172,-127,3,1,100,0,896,944,48,48,0,-99,-115,1,1,100,0,896,944,48,48,0,-148,-174,1,1,100,0,880,992,32,32,0,-45,-153,1,1,100,0,880,992,32,32,0,-71,-81,1,1,100,0,880,992,32,32,0,-128,-86,1,1,100,90,912,992,32,32,0,-122,-219,1,1,100,0,912,992,32,32,0,-85,-170,1,1,100,0,912,992,32,32,0,-58,-186,0,1,100,0,912,992,32,32,0,-63,-110,1,1,100,0,912,992,32,32,0,-178,-199,0,1,100,-270,896,944,48,48,0,-124,-163,1,1,100,0,896,944,48,48,0,-103,-236,1,0,100,0,784,704,112,112,0,-210,-236,0,0,100,0,784,704,112,112,0,-210,-129,2,0,100,0,784,704,112,112,0,-103,-129,3,0,100,0,784,704,112,112,0,-14,-3,0,0,100,0,144,912,48,48,0,17,-18,0,0,100,0,144,960,48,48,0,-43,-6,0,0,100,0,144,960,48,48,0,-57,-14,1,0,100,0,144,912,48,48,0,-88,-22,1,0,100,0,144,960,48,48,0,-1,-21,1,0,100,0,144,912,48,48,0,-74,-35,0,0,100,0,144,912,48,48,0,-106,-50,1,0,100,0,144,912,48,48,0,-52,-96,0,0,100,0,80,832,80,80,0,-3,-91,0,0,100,0,32,192,32,32,0,-19,-95,0,0,100,0,0,0,32,32,0,-11,-59,0,0,100,0,0,160,32,32,0,-19,-64,0,0,100,0,0,128,32,32,0,-7,-65,0,0,100,0,800,176,32,64,0,-39,-65,0,0,100,0,768,176,32,64,0,-32,-50,0,0,100,0,800,80,48,48,0,-4,-83,0,0,100,0,144,400,48,48,0,-27,-92,0,0,100,0,0,192,32,32,0,-25,-84,0,0,100,0,0,32,48,48,0,-50,-86,0,0,100,0,48,304,48,48,0,1,-28,0,0,100,0,0,688,32,32,0,-31,-28,0,0,100,0,0,544,32,32,0,-24,-52,0,0,100,0,800,128,48,48,0,-36,-76,0,0,100,0,736,0,80,80,0,21,-41,1,0,100,0,144,960,48,48,0,13,-53,0,0,100,0,144,912,48,48,0,-41,-16,0,0,100,0,944,288,80,32,0,
0,48,-187,-176,1,1,100,90,896,880,64,64,0,-97,-74,1,1,100,180,960,880,64,64,0,-133,-179,0,1,100,-90,896,816,64,64,0,-65,-119,0,1,100,90,960,816,64,64,0,-172,-127,3,1,100,0,896,944,48,48,0,-99,-115,1,1,100,0,896,944,48,48,0,-148,-174,1,1,100,0,880,992,32,32,0,-165,-226,1,1,100,0,880,992,32,32,0,-207,-135,1,1,100,0,880,992,32,32,0,-128,-86,1,1,100,90,912,992,32,32,0,-122,-219,1,1,100,0,912,992,32,32,0,-206,-159,0,1,100,0,912,992,32,32,0,-85,-170,1,1,100,0,912,992,32,32,0,-58,-186,0,1,100,0,912,992,32,32,0,-63,-110,1,1,100,0,912,992,32,32,0,-178,-199,0,1,100,-270,896,944,48,48,0,-124,-163,1,1,100,0,896,944,48,48,0,-119,-250,1,0,100,0,784,704,112,112,0,-226,-250,0,0,100,0,784,704,112,112,0,-226,-143,2,0,100,0,784,704,112,112,0,-119,-143,3,0,100,0,784,704,112,112,0,-14,-3,0,0,100,0,144,912,48,48,0,17,-18,0,0,100,0,144,960,48,48,0,-43,-6,0,0,100,0,144,960,48,48,0,-57,-14,1,0,100,0,144,912,48,48,0,-88,-22,1,0,100,0,144,960,48,48,0,-1,-21,1,0,100,0,144,912,48,48,0,-74,-35,0,0,100,0,144,912,48,48,0,-106,-50,1,0,100,0,144,912,48,48,0,-52,-95,0,0,100,0,80,832,80,80,0,-3,-91,0,0,100,0,32,192,32,32,0,-19,-95,0,0,100,0,0,0,32,32,0,-11,-59,0,0,100,0,0,160,32,32,0,-19,-64,0,0,100,0,0,128,32,32,0,-7,-65,0,0,100,0,864,176,32,64,0,-39,-65,0,0,100,0,832,176,32,64,0,-32,-50,0,0,100,0,848,80,48,48,0,-4,-83,0,0,100,0,144,400,48,48,0,-27,-92,0,0,100,0,0,192,32,32,0,-25,-84,0,0,100,0,0,32,48,48,0,-50,-86,0,0,100,0,48,304,48,48,0,1,-28,0,0,100,0,0,688,32,32,0,-31,-28,0,0,100,0,0,544,32,32,0,-24,-52,0,0,100,0,848,128,48,48,0,-36,-76,0,0,100,0,816,0,80,80,0,21,-41,1,0,100,0,144,960,48,48,0,13,-53,0,0,100,0,144,912,48,48,0,-41,-16,0,0,100,0,944,288,80,32,0,
0,48,-229,-119,3,1,100,0,768,816,64,64,0,-61,-185,3,1,100,270,768,880,64,64,0,-187,-176,1,1,100,90,960,880,64,64,0,-133,-179,0,1,100,-90,960,816,64,64,0,-78,-317,0,0,100,0,944,944,32,32,0,-14,-3,0,0,100,0,144,912,48,48,0,17,-18,0,0,100,0,144,960,48,48,0,-43,-6,0,0,100,0,144,960,48,48,0,-57,-14,1,0,100,0,144,912,48,48,0,-88,-22,1,0,100,0,144,960,48,48,0,-1,-21,1,0,100,0,144,912,48,48,0,-74,-35,0,0,100,0,144,912,48,48,0,-106,-50,1,0,100,0,144,912,48,48,0,-52,-94,0,0,100,0,80,832,80,80,0,-3,-91,0,0,100,0,32,192,32,32,0,-19,-95,0,0,100,0,0,0,32,32,0,-11,-59,0,0,100,0,0,160,32,32,0,-19,-64,0,0,100,0,0,128,32,32,0,-7,-65,0,0,100,0,672,176,32,64,0,-39,-65,0,0,100,0,640,176,32,64,0,-32,-50,0,0,100,0,704,80,48,48,0,-4,-83,0,0,100,0,144,400,48,48,0,-27,-92,0,0,100,0,0,192,32,32,0,-25,-84,0,0,100,0,0,32,48,48,0,-50,-86,0,0,100,0,48,304,48,48,0,1,-28,0,0,100,0,0,688,32,32,0,-31,-28,0,0,100,0,0,544,32,32,0,-24,-52,0,0,100,0,704,128,48,48,0,-36,-76,0,0,100,0,576,0,80,80,0,21,-41,1,0,100,0,144,960,48,48,0,13,-53,0,0,100,0,144,912,48,48,0,-172,-127,3,1,100,0,896,944,48,48,0,-99,-115,1,1,100,0,896,944,48,48,0,-148,-174,1,1,100,0,880,992,32,32,0,-165,-226,1,1,100,0,880,992,32,32,0,-207,-135,1,1,100,0,880,992,32,32,0,-128,-86,1,1,100,90,912,992,32,32,0,-122,-219,1,1,100,0,912,992,32,32,0,-206,-159,0,1,100,0,912,992,32,32,0,-85,-170,1,1,100,0,912,992,32,32,0,-58,-186,0,1,100,0,912,992,32,32,0,-178,-199,0,1,100,-270,896,944,48,48,0,-124,-163,1,1,100,0,896,944,48,48,0,-124,-255,1,0,100,0,784,704,112,112,0,-232,-255,0,0,100,0,784,704,112,112,0,-232,-147,2,0,100,0,784,704,112,112,0,-124,-147,3,0,100,0,784,704,112,112,0,-41,-16,0,0,100,0,944,288,80,32,0,
0,50,-72,-144,1,1,100,0,768,816,64,64,0,-193,-263,3,1,100,0,768,880,64,64,0,-229,-119,3,1,100,0,832,816,64,64,0,-61,-185,3,1,100,270,832,880,64,64,0,-65,-119,0,1,100,90,960,816,64,64,0,45,-208,0,0,100,0,944,944,32,32,0,-123,-302,0,0,100,0,944,944,32,32,0,-14,-3,0,0,100,0,144,912,48,48,0,17,-18,0,0,100,0,144,960,48,48,0,-43,-6,0,0,100,0,144,960,48,48,0,-57,-14,1,0,100,0,144,912,48,48,0,-88,-22,1,0,100,0,144,960,48,48,0,-1,-21,1,0,100,0,144,912,48,48,0,-74,-35,0,0,100,0,144,912,48,48,0,-106,-50,1,0,100,0,144,912,48,48,0,-52,-95,0,0,100,0,80,832,80,80,0,-3,-91,0,0,100,0,32,192,32,32,0,-19,-95,0,0,100,0,0,0,32,32,0,-11,-59,0,0,100,0,0,160,32,32,0,-19,-64,0,0,100,0,0,128,32,32,0,-7,-65,0,0,100,0,736,176,32,64,0,-39,-65,0,0,100,0,704,176,32,64,0,-32,-50,0,0,100,0,752,80,48,48,0,-4,-83,0,0,100,0,144,400,48,48,0,-27,-92,0,0,100,0,0,192,32,32,0,-25,-84,0,0,100,0,0,32,48,48,0,-50,-86,0,0,100,0,48,304,48,48,0,1,-28,0,0,100,0,0,688,32,32,0,-31,-28,0,0,100,0,0,544,32,32,0,-24,-52,0,0,100,0,752,128,48,48,0,-36,-76,0,0,100,0,656,0,80,80,0,21,-41,1,0,100,0,144,960,48,48,0,13,-53,0,0,100,0,144,912,48,48,0,-172,-127,3,1,100,0,896,944,48,48,0,-99,-115,1,1,100,0,896,944,48,48,0,-148,-174,1,1,100,0,880,992,32,32,0,-165,-226,1,1,100,0,880,992,32,32,0,-207,-135,1,1,100,0,880,992,32,32,0,-128,-86,1,1,100,90,912,992,32,32,0,-122,-219,1,1,100,0,912,992,32,32,0,-206,-159,0,1,100,0,912,992,32,32,0,-85,-170,1,1,100,0,912,992,32,32,0,-58,-186,0,1,100,0,912,992,32,32,0,-178,-199,0,1,100,-270,896,944,48,48,0,-124,-163,1,1,100,0,896,944,48,48,0,-126,-257,1,0,100,0,784,704,112,112,0,-234,-257,0,0,100,0,784,704,112,112,0,-234,-149,2,0,100,0,784,704,112,112,0,-126,-149,3,0,100,0,784,704,112,112,0,-41,-16,0,0,100,0,944,288,80,32,0,
0,51,-72,-144,1,1,100,0,832,816,64,64,0,-193,-263,3,1,100,0,832,880,64,64,0,-229,-119,3,1,100,0,896,816,64,64,0,-61,-185,3,1,100,270,896,880,64,64,0,-65,-119,0,1,100,90,960,816,64,64,0,-267,-90,0,0,100,90,976,944,32,32,0,-12,-230,0,0,100,90,944,944,32,32,0,-143,-281,0,0,100,0,944,944,32,32,0,-14,-3,0,0,100,0,144,912,48,48,0,17,-18,0,0,100,0,144,960,48,48,0,-43,-6,0,0,100,0,144,960,48,48,0,-57,-14,1,0,100,0,144,912,48,48,0,-88,-22,1,0,100,0,144,960,48,48,0,-1,-21,1,0,100,0,144,912,48,48,0,-74,-35,0,0,100,0,144,912,48,48,0,-106,-50,1,0,100,0,144,912,48,48,0,-52,-96,0,0,100,0,80,832,80,80,0,-3,-91,0,0,100,0,32,192,32,32,0,-19,-95,0,0,100,0,0,0,32,32,0,-11,-59,0,0,100,0,0,160,32,32,0,-19,-64,0,0,100,0,0,128,32,32,0,-7,-65,0,0,100,0,800,176,32,64,0,-39,-65,0,0,100,0,768,176,32,64,0,-32,-50,0,0,100,0,800,80,48,48,0,-4,-83,0,0,100,0,144,400,48,48,0,-27,-92,0,0,100,0,0,192,32,32,0,-25,-84,0,0,100,0,0,32,48,48,0,-50,-86,0,0,100,0,48,304,48,48,0,1,-28,0,0,100,0,0,688,32,32,0,-31,-28,0,0,100,0,0,544,32,32,0,-24,-52,0,0,100,0,800,128,48,48,0,-36,-76,0,0,100,0,736,0,80,80,0,21,-41,1,0,100,0,144,960,48,48,0,13,-53,0,0,100,0,144,912,48,48,0,-172,-127,3,1,100,0,896,944,48,48,0,-99,-115,1,1,100,0,896,944,48,48,0,-148,-174,1,1,100,0,880,992,32,32,0,-165,-226,1,1,100,0,880,992,32,32,0,-207,-135,1,1,100,0,880,992,32,32,0,-128,-86,1,1,100,90,912,992,32,32,0,-122,-219,1,1,100,0,912,992,32,32,0,-206,-159,0,1,100,0,912,992,32,32,0,-85,-170,1,1,100,0,912,992,32,32,0,-58,-186,0,1,100,0,912,992,32,32,0,-178,-199,0,1,100,-270,896,944,48,48,0,-124,-163,1,1,100,0,896,944,48,48,0,-127,-256,1,0,100,0,784,704,112,112,0,-233,-256,0,0,100,0,784,704,112,112,0,-233,-150,2,0,100,0,784,704,112,112,0,-127,-150,3,0,100,0,784,704,112,112,0,-41,-16,0,0,100,0,944,288,80,32,0,
0,50,-72,-144,1,1,100,0,896,816,64,64,0,-193,-263,3,1,100,0,896,880,64,64,0,-229,-119,3,1,100,0,960,816,64,64,0,-61,-185,3,1,100,270,960,880,64,64,0,-256,-139,0,0,100,0,976,944,32,32,0,-56,-222,0,0,100,180,944,944,32,32,0,-160,-251,0,0,100,0,976,944,32,32,0,-14,-4,0,0,100,0,144,912,48,48,0,17,-18,0,0,100,0,144,960,48,48,0,-43,-6,0,0,100,0,144,960,48,48,0,-57,-14,1,0,100,0,144,912,48,48,0,-88,-22,1,0,100,0,144,960,48,48,0,-1,-21,1,0,100,0,144,912,48,48,0,-74,-35,0,0,100,0,144,912,48,48,0,-106,-51,1,0,100,0,144,912,48,48,0,-52,-95,0,0,100,0,80,832,80,80,0,-3,-91,0,0,100,0,32,192,32,32,0,-19,-95,0,0,100,0,0,0,32,32,0,-11,-59,0,0,100,0,0,160,32,32,0,-19,-64,0,0,100,0,0,128,32,32,0,-7,-65,0,0,100,0,864,176,32,64,0,-39,-65,0,0,100,0,832,176,32,64,0,-32,-50,0,0,100,0,848,80,48,48,0,-4,-83,0,0,100,0,144,400,48,48,0,-27,-92,0,0,100,0,0,192,32,32,0,-25,-84,0,0,100,0,0,32,48,48,0,-50,-86,0,0,100,0,48,304,48,48,0,1,-28,0,0,100,0,0,688,32,32,0,-31,-28,0,0,100,0,0,544,32,32,0,-24,-52,0,0,100,0,848,128,48,48,0,-36,-76,0,0,100,0,816,0,80,80,0,21,-41,1,0,100,0,144,960,48,48,0,13,-53,0,0,100,0,144,912,48,48,0,-172,-127,3,1,100,0,896,944,48,48,0,-99,-115,1,1,100,0,896,944,48,48,0,-148,-174,1,1,100,0,880,992,32,32,0,-165,-226,1,1,100,0,880,992,32,32,0,-207,-135,1,1,100,0,880,992,32,32,0,-128,-86,1,1,100,90,912,992,32,32,0,-122,-219,1,1,100,0,912,992,32,32,0,-206,-159,0,1,100,0,912,992,32,32,0,-85,-170,1,1,100,0,912,992,32,32,0,-58,-186,0,1,100,0,912,992,32,32,0,-178,-199,0,1,100,-270,896,944,48,48,0,-124,-163,1,1,100,0,896,944,48,48,0,-126,-257,1,0,100,0,784,704,112,112,0,-234,-257,0,0,100,0,784,704,112,112,0,-234,-149,2,0,100,0,784,704,112,112,0,-126,-149,3,0,100,0,784,704,112,112,0,-41,-16,0,0,100,0,944,288,80,32,0,
0,51,-229,-228,3,1,100,90,768,816,64,64,0,-115,-102,1,1,100,180,768,880,64,64,0,-72,-144,1,1,100,0,960,816,64,64,0,-193,-263,3,1,100,0,960,880,64,64,0,-220,-164,0,0,100,-90,1008,944,16,16,0,-200,-5,0,0,100,180,944,944,32,32,0,-85,-201,0,0,100,180,976,944,32,32,0,-157,-213,0,0,100,0,1008,944,16,16,0,-17,-16,0,0,100,0,192,912,48,48,0,17,-18,0,0,100,0,144,960,48,48,0,-43,-6,0,0,100,0,144,960,48,48,0,-57,-14,1,0,100,0,144,912,48,48,0,-88,-23,1,0,100,0,144,960,48,48,0,-1,-21,1,0,100,0,144,912,48,48,0,-74,-35,0,0,100,0,144,912,48,48,0,-106,-59,1,0,100,0,192,912,48,48,0,-52,-94,0,0,100,0,80,832,80,80,0,-3,-91,0,0,100,0,32,192,32,32,0,-19,-95,0,0,100,0,0,0,32,32,0,-11,-59,0,0,100,0,0,160,32,32,0,-19,-64,0,0,100,0,0,128,32,32,0,-7,-65,0,0,100,0,672,176,32,64,0,-39,-65,0,0,100,0,640,176,32,64,0,-32,-50,0,0,100,0,704,80,48,48,0,-4,-83,0,0,100,0,144,400,48,48,0,-27,-92,0,0,100,0,0,192,32,32,0,-25,-84,0,0,100,0,0,32,48,48,0,-50,-86,0,0,100,0,48,304,48,48,0,1,-28,0,0,100,0,0,688,32,32,0,-31,-28,0,0,100,0,0,544,32,32,0,-24,-52,0,0,100,0,704,128,48,48,0,-36,-76,0,0,100,0,576,0,80,80,0,21,-41,1,0,100,0,144,960,48,48,0,13,-54,0,0,100,0,144,912,48,48,0,-172,-127,3,1,100,0,896,944,48,48,0,-99,-115,1,1,100,0,896,944,48,48,0,-148,-174,1,1,100,0,880,992,32,32,0,-165,-226,1,1,100,0,880,992,32,32,0,-207,-135,1,1,100,0,880,992,32,32,0,-128,-86,1,1,100,90,912,992,32,32,0,-122,-219,1,1,100,0,912,992,32,32,0,-206,-159,0,1,100,0,912,992,32,32,0,-85,-170,1,1,100,0,912,992,32,32,0,-58,-186,0,1,100,0,912,992,32,32,0,-178,-199,0,1,100,-270,896,944,48,48,0,-124,-163,1,1,100,0,896,944,48,48,0,-127,-256,1,0,100,0,784,704,112,112,0,-233,-256,0,0,100,0,784,704,112,112,0,-233,-150,2,0,100,0,784,704,112,112,0,-127,-150,3,0,100,0,784,704,112,112,0,-41,-16,0,0,100,0,944,288,80,32,0,
0,53,-70,-139,0,1,100,90,768,816,64,64,0,-224,-118,3,1,100,180,768,816,64,64,0,-111,-259,1,1,100,180,768,880,64,64,0,-229,-228,3,1,100,90,832,816,64,64,0,-115,-102,1,1,100,180,832,880,64,64,0,45,-137,0,0,100,270,944,976,32,32,0,-207,-172,0,0,70,-180,1008,944,16,16,0,-232,-63,0,0,100,90,944,944,32,32,0,-92,-176,0,0,100,180,1008,944,16,16,0,-154,-206,0,0,60,0,1008,944,16,16,0,-28,-33,0,0,100,0,192,912,48,48,0,17,-18,0,0,100,0,144,960,48,48,0,-43,-6,0,0,100,0,144,960,48,48,0,-57,-14,1,0,100,0,144,912,48,48,0,-88,-24,1,0,100,0,192,960,48,48,0,-1,-21,1,0,100,0,144,912,48,48,0,-74,-35,0,0,100,0,144,912,48,48,0,-112,-90,1,0,100,0,192,912,48,48,0,-52,-95,0,0,100,0,80,832,80,80,0,-3,-91,0,0,100,0,32,192,32,32,0,-19,-95,0,0,100,0,0,0,32,32,0,-11,-59,0,0,100,0,0,160,32,32,0,-19,-64,0,0,100,0,0,128,32,32,0,-7,-65,0,0,100,0,736,176,32,64,0,-39,-65,0,0,100,0,704,176,32,64,0,-32,-50,0,0,100,0,752,80,48,48,0,-4,-83,0,0,100,0,144,400,48,48,0,-27,-92,0,0,100,0,0,192,32,32,0,-25,-84,0,0,100,0,0,32,48,48,0,-50,-86,0,0,100,0,48,304,48,48,0,1,-28,0,0,100,0,0,688,32,32,0,-31,-28,0,0,100,0,0,544,32,32,0,-24,-52,0,0,100,0,752,128,48,48,0,-36,-76,0,0,100,0,656,0,80,80,0,21,-41,1,0,100,0,144,960,48,48,0,13,-63,0,0,100,0,192,912,48,48,0,-172,-127,3,1,100,0,896,944,48,48,0,-99,-115,1,1,100,0,896,944,48,48,0,-148,-174,1,1,100,0,880,992,32,32,0,-165,-226,1,1,100,0,880,992,32,32,0,-207,-135,1,1,100,0,880,992,32,32,0,-128,-86,1,1,100,90,912,992,32,32,0,-122,-219,1,1,100,0,912,992,32,32,0,-206,-159,0,1,100,0,912,992,32,32,0,-85,-170,1,1,100,0,912,992,32,32,0,-58,-186,0,1,100,0,912,992,32,32,0,-178,-199,0,1,100,-270,896,944,48,48,0,-124,-163,1,1,100,0,896,944,48,48,0,-126,-257,1,0,100,0,784,704,112,112,0,-234,-257,0,0,100,0,784,704,112,112,0,-234,-149,2,0,100,0,784,704,112,112,0,-126,-149,3,0,100,0,784,704,112,112,0,-41,-16,0,0,100,0,944,288,80,32,0,
0,53,-70,-139,0,1,100,90,832,816,64,64,0,-224,-118,3,1,100,180,832,816,64,64,0,-111,-259,1,1,100,180,832,880,64,64,0,-229,-228,3,1,100,90,896,816,64,64,0,-115,-102,1,1,100,180,896,880,64,64,0,22,-164,0,0,100,180,944,976,32,32,0,-202,-174,0,0,30,-180,1008,944,16,16,0,-215,-110,0,0,100,0,944,944,32,32,0,-99,-168,0,0,60,180,1008,944,16,16,0,-45,-77,0,0,100,0,192,912,48,48,0,17,-18,0,0,100,0,144,960,48,48,0,-43,-7,0,0,100,0,144,960,48,48,0,-57,-14,1,0,100,0,144,912,48,48,0,-91,-36,1,0,100,0,192,960,48,48,0,-1,-21,1,0,100,0,144,912,48,48,0,-74,-35,0,0,100,0,144,912,48,48,0,-121,-108,1,0,100,0,384,912,48,48,0,-120,-98,1,0,100,0,240,912,48,48,0,-52,-96,0,0,100,0,80,832,80,80,0,-3,-91,0,0,100,0,32,192,32,32,0,-19,-95,0,0,100,0,0,0,32,32,0,-11,-59,0,0,100,0,0,160,32,32,0,-19,-64,0,0,100,0,0,128,32,32,0,-7,-65,0,0,100,0,800,176,32,64,0,-39,-65,0,0,100,0,768,176,32,64,0,-32,-50,0,0,100,0,800,80,48,48,0,-4,-83,0,0,100,0,144,400,48,48,0,-27,-92,0,0,100,0,0,192,32,32,0,-25,-84,0,0,100,0,0,32,48,48,0,-50,-86,0,0,100,0,48,304,48,48,0,1,-28,0,0,100,0,0,688,32,32,0,-31,-28,0,0,100,0,0,544,32,32,0,-24,-52,0,0,100,0,800,128,48,48,0,-36,-76,0,0,100,0,736,0,80,80,0,21,-41,1,0,100,0,144,960,48,48,0,11,-81,0,0,100,0,192,912,48,48,0,-172,-127,3,1,100,0,896,944,48,48,0,-99,-115,1,1,100,0,896,944,48,48,0,-148,-174,1,1,100,0,880,992,32,32,0,-165,-226,1,1,100,0,880,992,32,32,0,-207,-135,1,1,100,0,880,992,32,32,0,-128,-86,1,1,100,90,912,992,32,32,0,-122,-219,1,1,100,0,912,992,32,32,0,-206,-159,0,1,100,0,912,992,32,32,0,-85,-170,1,1,100,0,912,992,32,32,0,-58,-186,0,1,100,0,912,992,32,32,0,-178,-199,0,1,100,-270,896,944,48,48,0,-124,-163,1,1,100,0,896,944,48,48,0,-127,-256,1,0,100,0,784,704,112,112,0,-233,-256,0,0,100,0,784,704,112,112,0,-233,-150,2,0,100,0,784,704,112,112,0,-127,-150,3,0,100,0,784,704,112,112,0,-41,-16,0,0,100,0,944,288,80,32,0,
0,54,-73,-217,3,1,100,180,768,816,64,64,0,-115,-141,1,1,100,180,768,880,64,64,0,-70,-139,0,1,100,90,896,816,64,64,0,-224,-118,3,1,100,180,896,816,64,64,0,-111,-259,1,1,100,180,896,880,64,64,0,-229,-228,3,1,100,90,960,816,64,64,0,-115,-102,1,1,100,180,960,880,64,64,0,-26,-181,0,0,100,90,944,976,32,32,0,-190,-130,0,0,100,-90,976,944,32,32,0,-71,-119,0,0,100,0,384,912,48,48,0,-65,-109,0,0,100,0,240,912,48,48,0,17,-19,0,0,100,0,144,960,48,48,0,-43,-8,0,0,100,0,192,960,48,48,0,-57,-15,1,0,100,0,144,912,48,48,0,-102,-63,1,0,100,0,192,960,48,48,0,-1,-21,1,0,100,0,144,912,48,48,0,-74,-35,0,0,100,0,144,912,48,48,0,-130,-118,1,0,80,0,432,912,48,48,0,-127,-106,1,0,80,0,288,912,48,48,0,-52,-95,0,0,100,0,80,832,80,80,0,-3,-91,0,0,100,0,32,192,32,32,0,-19,-95,0,0,100,0,0,0,32,32,0,-11,-59,0,0,100,0,0,160,32,32,0,-19,-64,0,0,100,0,0,128,32,32,0,-7,-65,0,0,100,0,864,176,32,64,0,-39,-65,0,0,100,0,832,176,32,64,0,-32,-50,0,0,100,0,848,80,48,48,0,-4,-83,0,0,100,0,144,400,48,48,0,-27,-92,0,0,100,0,0,192,32,32,0,-25,-84,0,0,100,0,0,32,48,48,0,-50,-86,0,0,100,0,48,304,48,48,0,1,-28,0,0,100,0,0,688,32,32,0,-31,-28,0,0,100,0,0,544,32,32,0,-24,-52,0,0,100,0,848,128,48,48,0,-36,-76,0,0,100,0,816,0,80,80,0,21,-41,1,0,100,0,144,960,48,48,0,-6,-108,0,0,100,0,192,912,48,48,0,-172,-127,3,1,100,0,896,944,48,48,0,-99,-115,1,1,100,0,896,944,48,48,0,-148,-174,1,1,100,0,880,992,32,32,0,-165,-226,1,1,100,0,880,992,32,32,0,-207,-135,1,1,100,0,880,992,32,32,0,-128,-86,1,1,100,90,912,992,32,32,0,-122,-219,1,1,100,0,912,992,32,32,0,-206,-159,0,1,100,0,912,992,32,32,0,-85,-170,1,1,100,0,912,992,32,32,0,-58,-186,0,1,100,0,912,992,32,32,0,-178,-199,0,1,100,-270,896,944,48,48,0,-124,-163,1,1,100,0,896,944,48,48,0,-126,-257,1,0,100,0,784,704,112,112,0,-234,-257,0,0,100,0,784,704,112,112,0,-234,-149,2,0,100,0,784,704,112,112,0,-126,-149,3,0,100,0,784,704,112,112,0,-41,-16,0,0,100,0,944,288,80,32,0,
0,54,-73,-217,3,1,100,180,832,816,64,64,0,-115,-141,1,1,100,180,832,880,64,64,0,-70,-139,0,1,100,90,960,816,64,64,0,-224,-118,3,1,100,180,960,816,64,64,0,-111,-259,1,1,100,180,960,880,64,64,0,-76,-182,0,0,100,90,976,976,32,32,0,-209,-29,0,0,100,0,944,976,32,32,0,73,-129,0,0,100,0,944,944,32,32,0,-161,-129,0,0,100,-90,1008,944,16,16,0,-105,-147,0,0,80,0,432,912,48,48,0,-96,-136,0,0,80,0,288,912,48,48,0,17,-19,0,0,100,0,192,960,48,48,0,-51,-27,0,0,100,0,192,960,48,48,0,-57,-17,1,0,100,0,192,912,48,48,0,-113,-90,1,0,100,0,240,960,48,48,0,-1,-22,1,0,100,0,144,912,48,48,0,-74,-36,0,0,100,0,144,912,48,48,0,-133,-122,1,0,60,0,480,912,48,48,0,-130,-111,1,0,60,0,336,912,48,48,0,-52,-94,0,0,100,0,80,832,80,80,0,-3,-91,0,0,100,0,32,192,32,32,0,-19,-95,0,0,100,0,0,0,32,32,0,-11,-59,0,0,100,0,0,160,32,32,0,-19,-64,0,0,100,0,0,128,32,32,0,-7,-65,0,0,100,0,672,176,32,64,0,-39,-65,0,0,100,0,640,176,32,64,0,-32,-50,0,0,100,0,704,80,48,48,0,-4,-83,0,0,100,0,144,400,48,48,0,-27,-92,0,0,100,0,0,192,32,32,0,-25,-84,0,0,100,0,0,32,48,48,0,-50,-86,0,0,100,0,48,304,48,48,0,1,-28,0,0,100,0,0,688,32,32,0,-31,-28,0,0,100,0,0,544,32,32,0,-24,-52,0,0,100,0,704,128,48,48,0,-36,-76,0,0,100,0,576,0,80,80,0,-37,-141,0,0,100,0,192,912,48,48,0,21,-41,1,0,100,0,144,960,48,48,0,-172,-127,3,1,100,0,896,944,48,48,0,-99,-115,1,1,100,0,896,944,48,48,0,-148,-174,1,1,100,0,880,992,32,32,0,-165,-226,1,1,100,0,880,992,32,32,0,-207,-135,1,1,100,0,880,992,32,32,0,-128,-86,1,1,100,90,912,992,32,32,0,-122,-219,1,1,100,0,912,992,32,32,0,-206,-159,0,1,100,0,912,992,32,32,0,-85,-170,1,1,100,0,912,992,32,32,0,-58,-186,0,1,100,0,912,992,32,32,0,-178,-199,0,1,100,-270,896,944,48,48,0,-124,-163,1,1,100,0,896,944,48,48,0,-127,-256,1,0,100,0,784,704,112,112,0,-233,-256,0,0,100,0,784,704,112,112,0,-233,-150,2,0,100,0,784,704,112,112,0,-127,-150,3,0,100,0,784,704,112,112,0,-41,-16,0,0,100,0,944,288,80,32,0,
0,51,-73,-217,3,1,100,180,896,816,64,64,0,-115,-141,1,1,100,180,896,880,64,64,0,-208,-70,0,0,100,-90,944,976,32,32,0,-92,-173,0,0,100,90,1008,976,16,16,0,40,-150,0,0,100,90,944,944,32,32,0,-151,-133,0,0,60,-90,1008,944,16,16,0,-107,-147,0,0,40,0,480,912,48,48,0,-96,-136,0,0,40,0,336,912,48,48,0,12,-31,0,0,100,0,192,960,48,48,0,-68,-58,0,0,100,0,192,960,48,48,0,-61,-22,1,0,100,0,192,912,48,48,0,-136,-116,1,0,80,0,288,960,48,48,0,-1,-24,1,0,100,0,192,912,48,48,0,-74,-38,0,0,100,0,192,912,48,48,0,-136,-130,1,0,40,0,480,912,48,48,0,-130,-111,1,0,40,0,336,912,48,48,0,-52,-95,0,0,100,0,80,832,80,80,0,-3,-91,0,0,100,0,32,192,32,32,0,-19,-95,0,0,100,0,0,0,32,32,0,-11,-59,0,0,100,0,0,160,32,32,0,-19,-64,0,0,100,0,0,128,32,32,0,-7,-65,0,0,100,0,736,176,32,64,0,-39,-65,0,0,100,0,704,176,32,64,0,-32,-50,0,0,100,0,752,80,48,48,0,-4,-83,0,0,100,0,144,400,48,48,0,-27,-92,0,0,100,0,0,192,32,32,0,-25,-84,0,0,100,0,0,32,48,48,0,-50,-86,0,0,100,0,48,304,48,48,0,1,-28,0,0,100,0,0,688,32,32,0,-31,-28,0,0,100,0,0,544,32,32,0,-24,-52,0,0,100,0,752,128,48,48,0,-36,-76,0,0,100,0,656,0,80,80,0,-65,-165,0,0,100,0,240,912,48,48,0,21,-42,1,0,100,0,144,960,48,48,0,-172,-127,3,1,100,0,896,944,48,48,0,-99,-115,1,1,100,0,896,944,48,48,0,-148,-174,1,1,100,0,880,992,32,32,0,-165,-226,1,1,100,0,880,992,32,32,0,-207,-135,1,1,100,0,880,992,32,32,0,-128,-86,1,1,100,90,912,992,32,32,0,-122,-219,1,1,100,0,912,992,32,32,0,-206,-159,0,1,100,0,912,992,32,32,0,-85,-170,1,1,100,0,912,992,32,32,0,-58,-186,0,1,100,0,912,992,32,32,0,-178,-199,0,1,100,-270,896,944,48,48,0,-124,-163,1,1,100,0,896,944,48,48,0,-126,-257,1,0,100,0,784,704,112,112,0,-234,-257,0,0,100,0,784,704,112,112,0,-234,-149,2,0,100,0,784,704,112,112,0,-126,-149,3,0,100,0,784,704,112,112,0,-41,-16,0,0,100,0,944,288,80,32,0,
0,48,-240,-204,1,1,100,180,768,816,64,64,0,-153,-87,3,1,100,180,768,880,64,64,0,-73,-217,3,1,100,180,960,816,64,64,0,-115,-141,1,1,100,180,960,880,64,64,0,-197,-101,0,0,100,-180,944,976,32,32,0,-101,-169,0,0,50,90,1008,976,16,16,0,-5,-165,0,0,100,180,944,944,32,32,0,3,-53,0,0,100,0,192,960,48,48,0,-99,-101,0,0,100,0,240,960,48,48,0,-71,-33,1,0,100,0,192,912,48,48,0,-136,-116,1,0,60,0,336,960,48,48,0,-9,-33,1,0,100,0,192,912,48,48,0,-80,-45,0,0,100,0,192,912,48,48,0,-52,-96,0,0,100,0,80,832,80,80,0,-3,-91,0,0,100,0,32,192,32,32,0,-19,-95,0,0,100,0,0,0,32,32,0,-11,-59,0,0,100,0,0,160,32,32,0,-19,-64,0,0,100,0,0,128,32,32,0,-7,-65,0,0,100,0,800,176,32,64,0,-39,-65,0,0,100,0,768,176,32,64,0,-32,-50,0,0,100,0,800,80,48,48,0,-4,-83,0,0,100,0,144,400,48,48,0,-27,-92,0,0,100,0,0,192,32,32,0,-25,-84,0,0,100,0,0,32,48,48,0,-50,-86,0,0,100,0,48,304,48,48,0,1,-28,0,0,100,0,0,688,32,32,0,-31,-28,0,0,100,0,0,544,32,32,0,-24,-52,0,0,100,0,800,128,48,48,0,-36,-76,0,0,100,0,736,0,80,80,0,-79,-175,0,0,80,0,288,912,48,48,0,21,-44,1,0,100,0,192,960,48,48,0,-172,-127,3,1,100,0,896,944,48,48,0,-99,-115,1,1,100,0,896,944,48,48,0,-148,-174,1,1,100,0,880,992,32,32,0,-165,-226,1,1,100,0,880,992,32,32,0,-207,-135,1,1,100,0,880,992,32,32,0,-128,-86,1,1,100,90,912,992,32,32,0,-122,-219,1,1,100,0,912,992,32,32,0,-206,-159,0,1,100,0,912,992,32,32,0,-85,-170,1,1,100,0,912,992,32,32,0,-58,-186,0,1,100,0,912,992,32,32,0,-178,-199,0,1,100,-270,896,944,48,48,0,-124,-163,1,1,100,0,896,944,48,48,0,-127,-256,1,0,100,0,784,704,112,112,0,-233,-256,0,0,100,0,784,704,112,112,0,-233,-150,2,0,100,0,784,704,112,112,0,-127,-150,3,0,100,0,784,704,112,112,0,-41,-16,0,0,100,0,944,288,80,32,0,
0,49,-211,-104,1,1,100,270,768,816,64,64,0,-88,-240,1,1,100,90,768,816,64,64,0,-62,-188,1,1,100,270,768,880,64,64,0,-240,-204,1,1,100,180,832,816,64,64,0,-153,-87,3,1,100,180,832,880,64,64,0,-176,-128,0,0,100,-180,976,976,32,32,0,-30,-264,0,0,100,180,944,944,32,32,0,-37,-161,0,0,100,180,976,944,32,32,0,-21,-90,0,0,100,0,192,960,48,48,0,-110,-118,0,0,80,0,288,960,48,48,0,-93,-74,1,0,100,0,192,912,48,48,0,-136,-116,1,0,40,0,336,960,48,48,0,-14,-44,1,0,100,0,192,912,48,48,0,-88,-53,0,0,100,0,192,912,48,48,0,-52,-95,0,0,100,0,80,832,80,80,0,-3,-91,0,0,100,0,32,192,32,32,0,-19,-95,0,0,100,0,0,0,32,32,0,-11,-59,0,0,100,0,0,160,32,32,0,-19,-64,0,0,100,0,0,128,32,32,0,-7,-65,0,0,100,0,864,176,32,64,0,-39,-65,0,0,100,0,832,176,32,64,0,-32,-50,0,0,100,0,848,80,48,48,0,-4,-83,0,0,100,0,144,400,48,48,0,-27,-92,0,0,100,0,0,192,32,32,0,-25,-84,0,0,100,0,0,32,48,48,0,-50,-86,0,0,100,0,48,304,48,48,0,1,-28,0,0,100,0,0,688,32,32,0,-31,-28,0,0,100,0,0,544,32,32,0,-24,-52,0,0,100,0,848,128,48,48,0,-36,-76,0,0,100,0,816,0,80,80,0,-79,-175,0,0,60,0,336,912,48,48,0,18,-54,1,0,100,0,192,960,48,48,0,-172,-127,3,1,100,0,896,944,48,48,0,-99,-115,1,1,100,0,896,944,48,48,0,-148,-174,1,1,100,0,880,992,32,32,0,-165,-226,1,1,100,0,880,992,32,32,0,-207,-135,1,1,100,0,880,992,32,32,0,-128,-86,1,1,100,90,912,992,32,32,0,-122,-219,1,1,100,0,912,992,32,32,0,-206,-159,0,1,100,0,912,992,32,32,0,-85,-170,1,1,100,0,912,992,32,32,0,-58,-186,0,1,100,0,912,992,32,32,0,-178,-199,0,1,100,-270,896,944,48,48,0,-124,-163,1,1,100,0,896,944,48,48,0,-126,-257,1,0,100,0,784,704,112,112,0,-234,-257,0,0,100,0,784,704,112,112,0,-234,-149,2,0,100,0,784,704,112,112,0,-126,-149,3,0,100,0,784,704,112,112,0,-41,-16,0,0,100,0,944,288,80,32,0,
0,50,-211,-104,1,1,100,270,832,816,64,64,0,-88,-240,1,1,100,90,832,816,64,64,0,-62,-188,1,1,100,270,832,880,64,64,0,-240,-204,1,1,100,180,896,816,64,64,0,-153,-87,3,1,100,180,896,880,64,64,0,-154,-129,0,0,100,-180,1008,976,16,16,0,-300,-165,0,0,100,0,944,944,32,32,0,-71,-257,0,0,100,-90,944,944,32,32,0,-57,-149,0,0,100,180,1008,944,16,16,0,-45,-129,0,0,100,0,240,960,48,48,0,-113,-122,0,0,60,0,336,960,48,48,0,-100,-61,0,0,100,0,192,912,48,48,0,-110,-111,1,0,100,0,384,912,48,48,0,-110,-101,1,0,100,0,240,912,48,48,0,-20,-66,1,0,100,0,192,912,48,48,0,-52,-94,0,0,100,0,80,832,80,80,0,-3,-91,0,0,100,0,32,192,32,32,0,-19,-95,0,0,100,0,0,0,32,32,0,-11,-59,0,0,100,0,0,160,32,32,0,-19,-64,0,0,100,0,0,128,32,32,0,-7,-65,0,0,100,0,672,176,32,64,0,-39,-65,0,0,100,0,640,176,32,64,0,-32,-50,0,0,100,0,704,80,48,48,0,-4,-83,0,0,100,0,144,400,48,48,0,-27,-92,0,0,100,0,0,192,32,32,0,-25,-84,0,0,100,0,0,32,48,48,0,-50,-86,0,0,100,0,48,304,48,48,0,1,-28,0,0,100,0,0,688,32,32,0,-31,-28,0,0,100,0,0,544,32,32,0,-24,-52,0,0,100,0,704,128,48,48,0,-36,-76,0,0,100,0,576,0,80,80,0,-79,-175,0,0,40,0,336,912,48,48,0,14,-75,1,0,100,0,192,960,48,48,0,-172,-127,3,1,100,0,896,944,48,48,0,-99,-115,1,1,100,0,896,944,48,48,0,-148,-174,1,1,100,0,880,992,32,32,0,-165,-226,1,1,100,0,880,992,32,32,0,-207,-135,1,1,100,0,880,992,32,32,0,-128,-86,1,1,100,90,912,992,32,32,0,-122,-219,1,1,100,0,912,992,32,32,0,-206,-159,0,1,100,0,912,992,32,32,0,-85,-170,1,1,100,0,912,992,32,32,0,-58,-186,0,1,100,0,912,992,32,32,0,-178,-199,0,1,100,-270,896,944,48,48,0,-124,-163,1,1,100,0,896,944,48,48,0,-127,-256,1,0,100,0,784,704,112,112,0,-233,-256,0,0,100,0,784,704,112,112,0,-233,-150,2,0,100,0,784,704,112,112,0,-127,-150,3,0,100,0,784,704,112,112,0,-41,-16,0,0,100,0,944,288,80,32,0,
0,52,-211,-104,1,1,100,270,896,816,64,64,0,-88,-240,1,1,100,90,896,816,64,64,0,-62,-188,1,1,100,270,896,880,64,64,0,-240,-204,1,1,100,180,960,816,64,64,0,-153,-87,3,1,100,180,960,880,64,64,0,-154,-129,0,0,40,-180,1008,976,16,16,0,-250,-82,0,0,100,0,944,976,32,32,0,-278,-178,0,0,100,-90,944,944,32,32,0,-90,-240,0,0,100,-90,976,944,32,32,0,-68,-145,0,0,60,180,1008,944,16,16,0,-72,-142,0,0,80,0,288,960,48,48,0,-113,-122,0,0,40,0,336,960,48,48,0,-111,-87,0,0,100,0,384,912,48,48,0,-109,-77,0,0,100,0,240,912,48,48,0,-125,-119,1,0,80,0,432,912,48,48,0,-113,-106,1,0,80,0,288,912,48,48,0,-47,-109,1,0,100,0,384,912,48,48,0,-53,-111,1,0,100,0,240,912,48,48,0,-52,-95,0,0,100,0,80,832,80,80,0,-3,-91,0,0,100,0,32,192,32,32,0,-19,-95,0,0,100,0,0,0,32,32,0,-11,-59,0,0,100,0,0,160,32,32,0,-19,-64,0,0,100,0,0,128,32,32,0,-7,-65,0,0,100,0,736,176,32,64,0,-39,-65,0,0,100,0,704,176,32,64,0,-32,-50,0,0,100,0,752,80,48,48,0,-4,-83,0,0,100,0,144,400,48,48,0,-27,-92,0,0,100,0,0,192,32,32,0,-25,-84,0,0,100,0,0,32,48,48,0,-50,-86,0,0,100,0,48,304,48,48,0,1,-28,0,0,100,0,0,688,32,32,0,-31,-28,0,0,100,0,0,544,32,32,0,-24,-52,0,0,100,0,752,128,48,48,0,-36,-76,0,0,100,0,656,0,80,80,0,2,-100,1,0,100,0,192,960,48,48,0,-172,-127,3,1,100,0,896,944,48,48,0,-99,-115,1,1,100,0,896,944,48,48,0,-148,-174,1,1,100,0,880,992,32,32,0,-165,-226,1,1,100,0,880,992,32,32,0,-207,-135,1,1,100,0,880,992,32,32,0,-128,-86,1,1,100,90,912,992,32,32,0,-122,-219,1,1,100,0,912,992,32,32,0,-206,-159,0,1,100,0,912,992,32,32,0,-85,-170,1,1,100,0,912,992,32,32,0,-58,-186,0,1,100,0,912,992,32,32,0,-178,-199,0,1,100,-270,896,944,48,48,0,-124,-163,1,1,100,0,896,944,48,48,0,-126,-257,1,0,100,0,784,704,112,112,0,-234,-257,0,0,100,0,784,704,112,112,0,-234,-149,2,0,100,0,784,704,112,112,0,-126,-149,3,0,100,0,784,704,112,112,0,-41,-16,0,0,100,0,944,288,80,32,0,
0,46,-211,-104,1,1,100,270,960,816,64,64,0,-88,-240,1,1,100,90,960,816,64,64,0,-62,-188,1,1,100,270,960,880,64,64,0,-236,-114,0,0,100,-90,944,976,32,32,0,-224,-178,0,0,100,-180,944,944,32,32,0,-94,-224,0,0,100,-90,1008,944,16,16,0,-129,-102,0,0,80,0,432,912,48,48,0,-126,-93,0,0,80,0,288,912,48,48,0,-79,-148,1,0,80,0,432,912,48,48,0,-76,-144,1,0,80,0,288,912,48,48,0,-76,-144,0,0,60,0,336,960,48,48,0,-114,-108,1,0,60,0,336,912,48,48,0,-52,-96,0,0,100,0,80,832,80,80,0,-3,-91,0,0,100,0,32,192,32,32,0,-19,-95,0,0,100,0,0,0,32,32,0,-11,-59,0,0,100,0,0,160,32,32,0,-19,-64,0,0,100,0,0,128,32,32,0,-7,-65,0,0,100,0,800,176,32,64,0,-39,-65,0,0,100,0,768,176,32,64,0,-32,-50,0,0,100,0,800,80,48,48,0,-4,-83,0,0,100,0,144,400,48,48,0,-27,-92,0,0,100,0,0,192,32,32,0,-25,-84,0,0,100,0,0,32,48,48,0,-50,-86,0,0,100,0,48,304,48,48,0,1,-28,0,0,100,0,0,688,32,32,0,-31,-28,0,0,100,0,0,544,32,32,0,-24,-52,0,0,100,0,800,128,48,48,0,-36,-76,0,0,100,0,736,0,80,80,0,-21,-119,1,0,100,0,192,960,48,48,0,-172,-127,3,1,100,0,896,944,48,48,0,-99,-115,1,1,100,0,896,944,48,48,0,-148,-174,1,1,100,0,880,992,32,32,0,-165,-226,1,1,100,0,880,992,32,32,0,-207,-135,1,1,100,0,880,992,32,32,0,-128,-86,1,1,100,90,912,992,32,32,0,-122,-219,1,1,100,0,912,992,32,32,0,-206,-159,0,1,100,0,912,992,32,32,0,-85,-170,1,1,100,0,912,992,32,32,0,-58,-186,0,1,100,0,912,992,32,32,0,-178,-199,0,1,100,-270,896,944,48,48,0,-124,-163,1,1,100,0,896,944,48,48,0,-127,-256,1,0,100,0,784,704,112,112,0,-233,-256,0,0,100,0,784,704,112,112,0,-233,-150,2,0,100,0,784,704,112,112,0,-127,-150,3,0,100,0,784,704,112,112,0,-41,-16,0,0,100,0,944,288,80,32,0,
0,45,-226,-235,1,1,100,180,768,816,64,64,0,-103,-115,1,1,100,180,768,880,64,64,0,-207,-132,0,0,100,-180,944,976,32,32,0,-196,-175,0,0,100,-270,976,944,32,32,0,-98,-219,0,0,60,-90,1008,944,16,16,0,-59,-136,1,0,100,0,240,960,48,48,0,-134,-105,0,0,60,0,432,912,48,48,0,-132,-98,0,0,60,0,288,912,48,48,0,-82,-150,1,0,60,0,432,912,48,48,0,-88,-154,1,0,60,0,288,912,48,48,0,-76,-144,0,0,40,0,336,960,48,48,0,-114,-108,1,0,40,0,336,912,48,48,0,-52,-95,0,0,100,0,80,832,80,80,0,-3,-91,0,0,100,0,32,192,32,32,0,-19,-95,0,0,100,0,0,0,32,32,0,-11,-59,0,0,100,0,0,160,32,32,0,-19,-64,0,0,100,0,0,128,32,32,0,-7,-65,0,0,100,0,864,176,32,64,0,-39,-65,0,0,100,0,832,176,32,64,0,-32,-50,0,0,100,0,848,80,48,48,0,-4,-83,0,0,100,0,144,400,48,48,0,-27,-92,0,0,100,0,0,192,32,32,0,-25,-84,0,0,100,0,0,32,48,48,0,-50,-86,0,0,100,0,48,304,48,48,0,1,-28,0,0,100,0,0,688,32,32,0,-31,-28,0,0,100,0,0,544,32,32,0,-24,-52,0,0,100,0,848,128,48,48,0,-36,-76,0,0,100,0,816,0,80,80,0,-172,-127,3,1,100,0,896,944,48,48,0,-99,-115,1,1,100,0,896,944,48,48,0,-148,-174,1,1,100,0,880,992,32,32,0,-165,-226,1,1,100,0,880,992,32,32,0,-207,-135,1,1,100,0,880,992,32,32,0,-128,-86,1,1,100,90,912,992,32,32,0,-122,-219,1,1,100,0,912,992,32,32,0,-206,-159,0,1,100,0,912,992,32,32,0,-85,-170,1,1,100,0,912,992,32,32,0,-58,-186,0,1,100,0,912,992,32,32,0,-178,-199,0,1,100,-270,896,944,48,48,0,-124,-163,1,1,100,0,896,944,48,48,0,-126,-257,1,0,100,0,784,704,112,112,0,-234,-257,0,0,100,0,784,704,112,112,0,-234,-149,2,0,100,0,784,704,112,112,0,-126,-149,3,0,100,0,784,704,112,112,0,-41,-16,0,0,100,0,944,288,80,32,0,
0,42,-226,-235,1,1,100,180,832,816,64,64,0,-103,-115,1,1,100,180,832,880,64,64,0,-182,-138,0,0,100,-180,976,976,32,32,0,-173,-159,0,0,100,-270,1008,944,16,16,0,-76,-151,1,0,80,0,288,960,48,48,0,-140,-107,0,0,40,0,480,912,48,48,0,-132,-98,0,0,40,0,288,912,48,48,0,-82,-150,1,0,40,0,480,912,48,48,0,-87,-152,1,0,40,0,288,912,48,48,0,-52,-94,0,0,100,0,80,832,80,80,0,-3,-91,0,0,100,0,32,192,32,32,0,-19,-95,0,0,100,0,0,0,32,32,0,-11,-59,0,0,100,0,0,160,32,32,0,-19,-64,0,0,100,0,0,128,32,32,0,-7,-65,0,0,100,0,672,176,32,64,0,-39,-65,0,0,100,0,640,176,32,64,0,-32,-50,0,0,100,0,704,80,48,48,0,-4,-83,0,0,100,0,144,400,48,48,0,-27,-92,0,0,100,0,0,192,32,32,0,-25,-84,0,0,100,0,0,32,48,48,0,-50,-86,0,0,100,0,48,304,48,48,0,1,-28,0,0,100,0,0,688,32,32,0,-31,-28,0,0,100,0,0,544,32,32,0,-24,-52,0,0,100,0,704,128,48,48,0,-36,-76,0,0,100,0,576,0,80,80,0,-172,-127,3,1,100,0,896,944,48,48,0,-99,-115,1,1,100,0,896,944,48,48,0,-148,-174,1,1,100,0,880,992,32,32,0,-165,-226,1,1,100,0,880,992,32,32,0,-207,-135,1,1,100,0,880,992,32,32,0,-128,-86,1,1,100,90,912,992,32,32,0,-122,-219,1,1,100,0,912,992,32,32,0,-206,-159,0,1,100,0,912,992,32,32,0,-85,-170,1,1,100,0,912,992,32,32,0,-58,-186,0,1,100,0,912,992,32,32,0,-178,-199,0,1,100,-270,896,944,48,48,0,-124,-163,1,1,100,0,896,944,48,48,0,-127,-256,1,0,100,0,784,704,112,112,0,-233,-256,0,0,100,0,784,704,112,112,0,-233,-150,2,0,100,0,784,704,112,112,0,-127,-150,3,0,100,0,784,704,112,112,0,-41,-16,0,0,100,0,944,288,80,32,0,
0,38,-226,-235,1,1,100,180,896,816,64,64,0,-103,-115,1,1,100,180,896,880,64,64,0,-155,-137,0,0,100,-180,1008,976,16,16,0,-168,-155,0,0,60,-270,1008,944,16,16,0,-76,-151,1,0,60,0,288,960,48,48,0,-52,-95,0,0,100,0,80,832,80,80,0,-3,-91,0,0,100,0,32,192,32,32,0,-19,-95,0,0,100,0,0,0,32,32,0,-11,-59,0,0,100,0,0,160,32,32,0,-19,-64,0,0,100,0,0,128,32,32,0,-7,-65,0,0,100,0,736,176,32,64,0,-39,-65,0,0,100,0,704,176,32,64,0,-32,-50,0,0,100,0,752,80,48,48,0,-4,-83,0,0,100,0,144,400,48,48,0,-27,-92,0,0,100,0,0,192,32,32,0,-25,-84,0,0,100,0,0,32,48,48,0,-50,-86,0,0,100,0,48,304,48,48,0,1,-28,0,0,100,0,0,688,32,32,0,-31,-28,0,0,100,0,0,544,32,32,0,-24,-52,0,0,100,0,752,128,48,48,0,-36,-76,0,0,100,0,656,0,80,80,0,-172,-127,3,1,100,0,896,944,48,48,0,-99,-115,1,1,100,0,896,944,48,48,0,-148,-174,1,1,100,0,880,992,32,32,0,-165,-226,1,1,100,0,880,992,32,32,0,-207,-135,1,1,100,0,880,992,32,32,0,-128,-86,1,1,100,90,912,992,32,32,0,-122,-219,1,1,100,0,912,992,32,32,0,-206,-159,0,1,100,0,912,992,32,32,0,-85,-170,1,1,100,0,912,992,32,32,0,-58,-186,0,1,100,0,912,992,32,32,0,-178,-199,0,1,100,-270,896,944,48,48,0,-124,-163,1,1,100,0,896,944,48,48,0,-126,-257,1,0,100,0,784,704,112,112,0,-234,-257,0,0,100,0,784,704,112,112,0,-234,-149,2,0,100,0,784,704,112,112,0,-126,-149,3,0,100,0,784,704,112,112,0,-41,-16,0,0,100,0,944,288,80,32,0,
0,37,-226,-235,1,1,100,180,960,816,64,64,0,-103,-115,1,1,100,180,960,880,64,64,0,-151,-138,0,0,60,-180,1008,976,16,16,0,-76,-151,1,0,40,0,288,960,48,48,0,-52,-96,0,0,100,0,80,832,80,80,0,-3,-91,0,0,100,0,32,192,32,32,0,-19,-95,0,0,100,0,0,0,32,32,0,-11,-59,0,0,100,0,0,160,32,32,0,-19,-64,0,0,100,0,0,128,32,32,0,-7,-65,0,0,100,0,800,176,32,64,0,-39,-65,0,0,100,0,768,176,32,64,0,-32,-50,0,0,100,0,800,80,48,48,0,-4,-83,0,0,100,0,144,400,48,48,0,-27,-92,0,0,100,0,0,192,32,32,0,-25,-84,0,0,100,0,0,32,48,48,0,-50,-86,0,0,100,0,48,304,48,48,0,1,-28,0,0,100,0,0,688,32,32,0,-31,-28,0,0,100,0,0,544,32,32,0,-24,-52,0,0,100,0,800,128,48,48,0,-36,-76,0,0,100,0,736,0,80,80,0,-172,-127,3,1,100,0,896,944,48,48,0,-99,-115,1,1,100,0,896,944,48,48,0,-148,-174,1,1,100,0,880,992,32,32,0,-165,-226,1,1,100,0,880,992,32,32,0,-207,-135,1,1,100,0,880,992,32,32,0,-128,-86,1,1,100,90,912,992,32,32,0,-122,-219,1,1,100,0,912,992,32,32,0,-206,-159,0,1,100,0,912,992,32,32,0,-85,-170,1,1,100,0,912,992,32,32,0,-58,-186,0,1,100,0,912,992,32,32,0,-178,-199,0,1,100,-270,896,944,48,48,0,-124,-163,1,1,100,0,896,944,48,48,0,-127,-256,1,0,100,0,784,704,112,112,0,-233,-256,0,0,100,0,784,704,112,112,0,-233,-150,2,0,100,0,784,704,112,112,0,-127,-150,3,0,100,0,784,704,112,112,0,-41,-16,0,0,100,0,944,288,80,32,0,
0,27,-136,-174,2,1,100,180,768,880,64,64,0,-189,-180,1,1,100,180,768,880,64,64,0,-52,-95,0,0,100,0,80,832,80,80,0,-3,-91,0,0,100,0,32,192,32,32,0,-19,-95,0,0,100,0,0,0,32,32,0,-11,-59,0,0,100,0,0,160,32,32,0,-19,-64,0,0,100,0,0,128,32,32,0,-7,-65,0,0,100,0,864,176,32,64,0,-39,-65,0,0,100,0,832,176,32,64,0,-32,-50,0,0,100,0,848,80,48,48,0,-4,-83,0,0,100,0,144,400,48,48,0,-27,-92,0,0,100,0,0,192,32,32,0,-25,-84,0,0,100,0,0,32,48,48,0,-50,-86,0,0,100,0,48,304,48,48,0,1,-28,0,0,100,0,0,688,32,32,0,-31,-28,0,0,100,0,0,544,32,32,0,-24,-52,0,0,100,0,848,128,48,48,0,-36,-76,0,0,100,0,816,0,80,80,0,-172,-127,3,1,100,0,896,944,48,48,0,-148,-174,1,1,100,0,880,992,32,32,0,-178,-199,0,1,100,-270,896,944,48,48,0,-124,-163,1,1,100,0,896,944,48,48,0,-203,-225,0,0,100,0,896,736,80,80,0,-126,-225,1,0,100,0,896,736,80,80,0,-203,-148,2,0,100,0,896,736,80,80,0,-126,-148,3,0,100,0,896,736,80,80,0,-41,-16,0,0,100,0,944,288,80,32,0,
0,27,-65,-36,0,1,20,0,576,336,48,48,0,-1,-35,0,1,20,0,896,336,64,48,0,-136,-174,2,1,100,180,832,880,64,64,0,-189,-180,1,1,100,180,832,880,64,64,0,-52,-94,0,0,100,0,80,832,80,80,0,-3,-91,0,0,100,0,32,192,32,32,0,-19,-95,0,0,100,0,0,0,32,32,0,-11,-59,0,0,100,0,0,160,32,32,0,-19,-64,0,0,100,0,0,128,32,32,0,-7,-65,0,0,100,0,672,176,32,64,0,-39,-65,0,0,100,0,640,176,32,64,0,-32,-50,0,0,100,0,704,80,48,48,0,-4,-83,0,0,100,0,144,400,48,48,0,-27,-92,0,0,100,0,0,192,32,32,0,-25,-84,0,0,100,0,0,32,48,48,0,-50,-86,0,0,100,0,48,304,48,48,0,1,-28,0,0,100,0,0,688,32,32,0,-31,-28,0,0,100,0,0,544,32,32,0,-24,-52,0,0,100,0,704,128,48,48,0,-36,-76,0,0,100,0,576,0,80,80,0,-148,-174,1,1,100,0,880,992,32,32,0,-171,-193,0,0,100,0,976,736,48,48,0,-128,-193,1,0,100,0,976,736,48,48,0,-171,-150,2,0,100,0,976,736,48,48,0,-128,-150,3,0,100,0,976,736,48,48,0,-53,-46,0,0,20,0,528,896,112,64,0,-41,-16,0,0,100,0,944,288,80,32,0,
0,31,-65,-36,0,1,40,0,624,336,48,48,0,-1,-35,0,1,40,0,960,336,64,48,0,-72,-62,0,0,40,0,1024,248,152,88,0,-136,-174,2,1,100,180,896,880,64,64,0,-189,-180,1,1,100,180,896,880,64,64,0,-52,-95,0,0,100,0,80,832,80,80,0,-3,-91,0,0,100,0,32,192,32,32,0,-19,-95,0,0,100,0,0,0,32,32,0,-11,-59,0,0,100,0,0,160,32,32,0,-19,-64,0,0,100,0,0,128,32,32,0,-7,-65,0,0,100,0,736,176,32,64,0,-39,-65,0,0,100,0,704,176,32,64,0,-32,-50,0,0,100,0,752,80,48,48,0,-4,-83,0,0,100,0,144,400,48,48,0,-27,-92,0,0,100,0,0,192,32,32,0,-25,-84,0,0,100,0,0,32,48,48,0,-50,-86,0,0,100,0,48,304,48,48,0,1,-28,0,0,100,0,0,688,32,32,0,-31,-28,0,0,100,0,0,544,32,32,0,-24,-52,0,0,100,0,752,128,48,48,0,-36,-76,0,0,100,0,656,0,80,80,0,-148,-174,1,1,100,0,880,992,32,32,0,-155,-178,0,0,100,0,944,704,32,32,0,-126,-178,1,0,100,0,944,704,32,32,0,-155,-149,2,0,100,0,944,704,32,32,0,-126,-149,3,0,100,0,944,704,32,32,0,-32,-120,0,1,40,0,1200,0,88,120,0,-72,-134,0,0,40,0,1024,120,160,128,0,-53,-46,0,1,40,0,528,960,112,64,0,-53,-46,0,0,40,0,528,896,112,64,0,-41,-16,0,0,100,0,944,288,80,32,0,
0,28,-65,-36,0,1,70,0,672,336,48,48,0,-1,-35,0,1,70,0,768,336,64,48,0,-1,-35,0,1,40,0,960,336,64,48,0,-72,-63,0,0,70,0,1024,248,152,88,0,-136,-174,2,1,100,180,960,880,64,64,0,-189,-180,1,1,100,180,960,880,64,64,0,-54,-91,0,0,100,0,80,832,80,80,0,-3,-91,0,0,100,0,32,192,32,32,0,-19,-95,0,0,100,0,0,0,32,32,0,-11,-59,0,0,100,0,0,160,32,32,0,-19,-64,0,0,100,0,0,128,32,32,0,-7,-65,0,0,100,0,800,176,32,64,0,-39,-65,0,0,100,0,768,176,32,64,0,-32,-50,0,0,100,0,800,80,48,48,0,-4,-83,0,0,100,0,96,400,48,48,0,-27,-92,0,0,100,0,0,192,32,32,0,-25,-84,0,0,100,0,0,32,48,48,0,-50,-86,0,0,100,0,96,256,48,48,0,1,-28,0,0,100,0,0,688,32,32,0,-31,-28,0,0,100,0,0,544,32,32,0,-24,-52,0,0,100,0,800,128,48,48,0,-36,-76,0,0,100,0,736,0,80,80,0,-140,-163,0,0,100,0,976,704,32,32,0,-32,-120,0,1,70,0,1288,0,88,120,0,-72,-135,0,0,70,0,1024,120,160,128,0,-53,-46,0,1,60,0,528,960,112,64,0,-53,-46,0,0,70,0,528,896,112,64,0,-41,-16,0,0,100,0,944,288,80,32,0,
0,29,-65,-36,0,1,100,0,720,336,48,48,0,-1,-35,0,1,100,0,832,336,64,48,0,32,-64,0,0,100,0,336,856,48,56,0,-56,-56,0,0,100,0,392,960,136,80,0,-64,-81,0,0,100,0,0,832,80,80,0,-3,-91,0,0,100,0,32,192,32,32,0,-19,-95,0,0,100,0,0,0,32,32,0,-11,-59,0,0,100,0,0,160,32,32,0,-19,-64,0,0,100,0,0,128,32,32,0,-7,-65,0,0,100,0,864,176,32,64,0,-39,-65,0,0,100,0,832,176,32,64,0,-32,-50,0,0,100,0,848,80,48,48,0,-4,-83,0,0,100,0,48,400,48,48,0,-27,-92,0,0,100,0,0,192,32,32,0,-25,-84,0,0,100,0,0,32,48,48,0,-50,-86,0,0,100,0,48,256,48,48,0,1,-28,0,0,100,0,0,688,32,32,0,-31,-28,0,0,100,0,0,544,32,32,0,-24,-52,0,0,100,0,848,128,48,48,0,-36,-76,0,0,100,0,816,0,80,80,0,-32,-120,0,1,100,0,1288,0,88,120,0,-64,-136,0,0,100,0,96,608,152,88,0,-48,-120,0,0,100,0,512,496,128,112,0,-40,-120,0,0,100,0,96,776,72,48,0,-40,-104,0,0,100,0,384,776,72,56,0,-56,-120,0,0,100,0,96,696,136,80,0,-53,-46,0,1,80,0,528,960,112,64,0,-53,-46,0,0,100,0,528,896,112,64,0,-41,-16,0,0,100,0,944,288,80,32,0,
0,1,-41,-16,0,0,100,0,944,288,80,32,0,
0,1,-41,-16,0,0,100,0,944,288,80,32,0,
0,1,-41,-16,0,0,100,0,944,288,80,32,0,
0,1,-41,-16,0,0,100,0,944,288,80,32,0,
0,1,-41,-16,0,0,100,0,944,288,80,32,0,
0,1,-41,-16,0,0,100,0,944,288,80,32,0,
0,1,-41,-16,0,0,100,0,944,288,80,32,0,
0,1,-41,-16,0,0,100,0,944,288,80,32,0,
0,1,-41,-16,0,0,100,0,944,288,80,32,0,
0,1,-41,-16,0,0,100,0,944,288,80,32,0,
0,1,-41,-16,0,0,100,0,944,288,80,32,0,
0,1,-41,-16,0,0,100,0,944,288,80,32,0,
0,32,-61,-64,0,1,100,0,1376,0,128,48,0,-53,-40,0,1,100,0,656,768,112,32,0,-65,-36,0,1,100,0,576,336,48,48,0,-1,-35,0,1,100,0,896,336,64,48,0,-65,-36,0,1,40,0,720,336,48,48,0,32,-64,0,0,100,0,336,856,48,56,0,-56,-56,0,0,100,0,392,960,136,80,0,-71,-74,0,0,100,-90,240,832,80,80,0,-3,-91,0,0,100,0,32,192,32,32,0,-19,-95,0,0,100,0,0,0,32,32,0,-3,-82,0,0,100,0,48,400,48,48,0,-11,-59,0,0,100,0,0,160,32,32,0,-19,-64,0,0,100,0,0,128,32,32,0,-7,-65,0,0,100,0,736,176,32,64,0,-39,-65,0,0,100,0,704,176,32,64,0,-32,-50,0,0,100,0,752,80,48,48,0,-27,-92,0,0,100,0,0,192,32,32,0,-25,-84,0,0,100,0,0,32,48,48,0,-51,-86,0,0,100,0,48,256,48,48,0,1,-28,0,0,100,0,0,688,32,32,0,-31,-28,0,0,100,0,0,544,32,32,0,-24,-52,0,0,100,0,752,128,48,48,0,-36,-76,0,0,100,0,656,0,80,80,0,-32,-120,0,1,100,0,1024,0,88,120,0,-64,-136,0,0,100,0,96,608,152,88,0,-48,-120,0,0,100,0,512,496,128,112,0,-40,-120,0,0,100,0,96,776,72,48,0,-40,-104,0,0,100,0,384,776,72,56,0,-56,-120,0,0,100,0,96,696,136,80,0,-53,-46,0,1,100,0,528,960,112,64,0,-53,-46,0,0,100,0,528,896,112,64,0,-41,-16,0,0,100,0,944,288,80,32,0,
0,26,-61,-64,0,1,70,0,1376,0,128,48,0,-53,-40,0,1,70,0,656,800,112,32,0,-65,-36,0,1,70,0,624,336,48,48,0,-1,-35,0,1,70,0,960,336,64,48,0,-72,-63,0,0,70,0,1024,248,152,88,0,-69,-74,0,0,100,-90,80,832,80,80,0,-3,-91,0,0,100,0,32,192,32,32,0,-19,-95,0,0,100,0,0,0,32,32,0,-3,-82,0,0,100,0,96,400,48,48,0,-11,-59,0,0,100,0,0,160,32,32,0,-19,-64,0,0,100,0,0,128,32,32,0,-7,-65,0,0,100,0,800,176,32,64,0,-39,-65,0,0,100,0,768,176,32,64,0,-32,-50,0,0,100,0,800,80,48,48,0,-27,-92,0,0,100,0,0,192,32,32,0,-25,-84,0,0,100,0,0,32,48,48,0,-51,-86,0,0,100,0,48,256,48,48,0,1,-28,0,0,100,0,0,688,32,32,0,-31,-28,0,0,100,0,0,544,32,32,0,-24,-52,0,0,100,0,800,128,48,48,0,-36,-76,0,0,100,0,736,0,80,80,0,-32,-120,0,1,70,0,1024,0,88,120,0,-72,-135,0,0,70,0,1024,120,160,128,0,-53,-46,0,1,40,0,528,960,112,64,0,-53,-46,0,0,70,0,528,896,112,64,0,-41,-16,0,0,100,0,944,288,80,32,0,
0,26,-53,-40,0,1,40,0,656,832,112,32,0,-61,-62,0,1,40,0,1376,0,128,48,0,-65,-36,0,1,40,0,672,336,48,48,0,-1,-35,0,1,40,0,768,336,64,48,0,-72,-62,0,0,40,0,1024,248,152,88,0,-59,-87,0,0,100,180,240,832,80,80,0,-3,-91,0,0,100,0,32,192,32,32,0,-19,-95,0,0,100,0,0,0,32,32,0,-3,-82,0,0,100,0,96,400,48,48,0,-11,-59,0,0,100,0,0,160,32,32,0,-19,-64,0,0,100,0,0,128,32,32,0,-7,-65,0,0,100,0,864,176,32,64,0,-39,-65,0,0,100,0,832,176,32,64,0,-32,-50,0,0,100,0,848,80,48,48,0,-27,-92,0,0,100,0,0,192,32,32,0,-25,-84,0,0,100,0,0,32,48,48,0,-51,-86,0,0,100,0,96,256,48,48,0,1,-28,0,0,100,0,0,688,32,32,0,-31,-28,0,0,100,0,0,544,32,32,0,-24,-52,0,0,100,0,848,128,48,48,0,-36,-76,0,0,100,0,816,0,80,80,0,-32,-120,0,1,40,0,1112,0,88,120,0,-72,-134,0,0,40,0,1024,120,160,128,0,-53,-46,0,1,20,0,528,960,112,64,0,-53,-46,0,0,40,0,528,896,112,64,0,-41,-16,0,0,100,0,944,288,80,32,0,
0,18,-45,-106,0,0,100,180,80,832,80,80,0,-3,-91,0,0,100,0,32,192,32,32,0,-19,-95,0,0,100,0,0,0,32,32,0,-3,-82,0,0,100,0,144,400,48,48,0,-11,-59,0,0,100,0,0,160,32,32,0,-19,-64,0,0,100,0,0,128,32,32,0,-7,-65,0,0,100,0,672,176,32,64,0,-39,-65,0,0,100,0,640,176,32,64,0,-32,-50,0,0,100,0,704,80,48,48,0,-27,-92,0,0,100,0,0,192,32,32,0,-25,-84,0,0,100,0,0,32,48,48,0,-50,-85,0,0,100,0,144,256,48,48,0,1,-28,0,0,100,0,0,688,32,32,0,-31,-28,0,0,100,0,0,544,32,32,0,-24,-52,0,0,100,0,704,128,48,48,0,-36,-76,0,0,100,0,576,0,80,80,0,-53,-46,0,0,20,0,528,896,112,64,0,-41,-16,0,0,100,0,944,288,80,32,0,
0,17,-38,-109,0,0,100,180,0,832,80,80,0,-4,-91,0,0,100,0,32,192,32,32,0,-20,-95,0,0,100,0,0,0,32,32,0,-5,-82,0,0,100,0,144,400,48,48,0,-11,-59,0,0,100,0,0,160,32,32,0,-19,-64,0,0,100,0,32,128,32,32,0,-7,-65,0,0,100,0,736,176,32,64,0,-39,-65,0,0,100,0,704,176,32,64,0,-32,-50,0,0,100,0,752,80,48,48,0,-26,-92,0,0,100,0,0,192,32,32,0,-25,-84,0,0,100,0,48,32,48,48,0,-49,-85,0,0,100,0,96,352,48,48,0,1,-28,0,0,100,0,0,688,32,32,0,-31,-28,0,0,100,0,0,544,32,32,0,-24,-52,0,0,100,0,752,128,48,48,0,-36,-76,0,0,100,0,656,0,80,80,0,-41,-16,0,0,100,0,944,288,80,32,0,
0,17,-4,-91,0,0,100,0,32,192,32,32,0,-20,-95,0,0,100,0,0,0,32,32,0,-5,-78,0,0,100,0,240,448,48,48,0,-45,-68,0,0,100,270,80,832,80,80,0,-11,-59,0,0,100,0,0,160,32,32,0,-19,-64,0,0,100,0,32,128,32,32,0,-7,-65,0,0,100,0,800,176,32,64,0,-39,-65,0,0,100,0,768,176,32,64,0,-32,-50,0,0,100,0,800,80,48,48,0,-26,-93,0,0,100,0,0,192,32,32,0,-25,-84,0,0,100,0,48,32,48,48,0,-50,-87,0,0,100,0,96,352,48,48,0,1,-28,0,0,100,0,0,688,32,32,0,-31,-28,0,0,100,0,0,544,32,32,0,-24,-52,0,0,100,0,800,128,48,48,0,-36,-76,0,0,100,0,736,0,80,80,0,-41,-16,0,0,100,0,944,288,80,32,0,
0,18,-3,-91,0,0,100,0,32,192,32,32,0,-19,-95,0,0,100,0,0,0,32,32,0,-5,-78,0,0,100,0,192,448,48,48,0,-20,-56,0,0,100,-90,240,832,80,80,0,-11,-59,0,0,100,0,0,160,32,32,0,-19,-64,0,0,100,0,0,128,32,32,0,-7,-65,0,0,100,0,864,176,32,64,0,-39,-65,0,0,100,0,832,176,32,64,0,-32,-50,0,0,100,0,848,80,48,48,0,-27,-93,0,0,100,0,128,224,32,32,0,-25,-84,0,0,100,0,0,32,48,48,0,-50,-88,0,0,100,0,96,352,48,48,0,1,-28,0,0,100,0,0,688,32,32,0,-31,-28,0,0,100,0,0,544,32,32,0,-24,-52,0,0,100,0,848,128,48,48,0,-36,-76,0,0,100,0,816,0,80,80,0,-48,-70,0,0,100,0,1008,704,16,16,0,-41,-16,0,0,100,0,944,288,80,32,0,
0,19,-3,-91,0,0,100,0,32,192,32,32,0,-19,-95,0,0,100,0,0,0,32,32,0,-5,-78,0,0,100,0,192,448,48,48,0,-20,-56,0,0,100,-90,240,832,80,80,0,-11,-59,0,0,100,0,0,160,32,32,0,-19,-64,0,0,100,0,0,128,32,32,0,-7,-65,0,0,100,0,672,176,32,64,0,-39,-65,0,0,100,0,640,176,32,64,0,-32,-50,0,0,100,0,704,80,48,48,0,-27,-93,0,0,100,0,128,224,32,32,0,-25,-84,0,0,100,0,0,32,48,48,0,-50,-88,0,0,100,0,96,352,48,48,0,1,-28,0,0,100,0,0,688,32,32,0,-31,-28,0,0,100,0,0,544,32,32,0,-24,-52,0,0,100,0,704,128,48,48,0,-36,-76,0,0,100,0,576,0,80,80,0,-48,-70,0,0,100,0,1008,704,16,16,0,-56,-78,0,0,50,0,976,704,32,32,0,-41,-16,0,0,100,0,944,288,80,32,0,
0,18,-3,-91,0,0,100,0,32,192,32,32,0,-19,-95,0,0,100,0,0,0,32,32,0,-5,-78,0,0,100,0,192,448,48,48,0,-20,-56,0,0,100,-90,240,832,80,80,0,-11,-59,0,0,100,0,0,160,32,32,0,-19,-64,0,0,100,0,0,128,32,32,0,-7,-65,0,0,100,0,736,176,32,64,0,-39,-65,0,0,100,0,704,176,32,64,0,-32,-50,0,0,100,0,752,80,48,48,0,-27,-93,0,0,100,0,128,224,32,32,0,-25,-84,0,0,100,0,0,32,48,48,0,-50,-88,0,0,100,0,96,352,48,48,0,1,-28,0,0,100,0,0,688,32,32,0,-31,-28,0,0,100,0,0,544,32,32,0,-24,-52,0,0,100,0,752,128,48,48,0,-36,-76,0,0,100,0,656,0,80,80,0,-56,-78,0,0,100,0,976,704,32,32,0,-41,-16,0,0,100,0,944,288,80,32,0,
0,22,-3,-91,0,0,100,0,32,192,32,32,0,-19,-95,0,0,100,0,0,0,32,32,0,-5,-78,0,0,100,0,192,448,48,48,0,-20,-56,0,0,100,-90,240,832,80,80,0,-11,-59,0,0,100,0,0,160,32,32,0,-19,-64,0,0,100,0,0,128,32,32,0,-7,-65,0,0,100,0,800,176,32,64,0,-39,-65,0,0,100,0,768,176,32,64,0,-32,-50,0,0,100,0,800,80,48,48,0,-27,-93,0,0,100,0,128,224,32,32,0,-25,-84,0,0,100,0,0,32,48,48,0,-50,-88,0,0,100,0,96,352,48,48,0,1,-28,0,0,100,0,0,688,32,32,0,-31,-28,0,0,100,0,0,544,32,32,0,-24,-52,0,0,100,0,800,128,48,48,0,-14,-64,0,0,100,0,352,112,80,48,0,-64,-86,0,1,100,0,896,944,48,48,0,-70,-93,0,0,100,0,944,704,32,32,0,-41,-93,1,0,100,0,944,704,32,32,0,-70,-64,2,0,100,0,944,704,32,32,0,-41,-64,3,0,100,0,944,704,32,32,0,-41,-16,0,0,100,0,944,288,80,32,0,
0,22,-3,-91,0,0,100,0,32,192,32,32,0,-19,-95,0,0,100,0,0,0,32,32,0,-5,-78,0,0,100,0,192,448,48,48,0,-20,-56,0,0,100,-90,240,832,80,80,0,-11,-59,0,0,100,0,0,160,32,32,0,-19,-64,0,0,100,0,0,128,32,32,0,-7,-65,0,0,100,0,864,176,32,64,0,-39,-65,0,0,100,0,832,176,32,64,0,-32,-50,0,0,100,0,848,80,48,48,0,-27,-93,0,0,100,0,128,224,32,32,0,-25,-84,0,0,100,0,0,32,48,48,0,-50,-88,0,0,100,0,96,352,48,48,0,1,-28,0,0,100,0,0,688,32,32,0,-31,-28,0,0,100,0,0,544,32,32,0,-24,-52,0,0,100,0,848,128,48,48,0,-12,-71,0,0,100,0,544,224,96,48,0,-64,-86,0,1,100,0,896,944,48,48,0,-83,-109,0,0,100,0,976,736,48,48,0,-38,-109,1,0,100,0,976,736,48,48,0,-83,-64,2,0,100,0,976,736,48,48,0,-38,-64,3,0,100,0,976,736,48,48,0,-41,-16,0,0,100,0,944,288,80,32,0,
0,25,-3,-91,0,0,100,0,32,192,32,32,0,-19,-95,0,0,100,0,0,0,32,32,0,-5,-78,0,0,100,0,192,448,48,48,0,-20,-56,0,0,100,-90,240,832,80,80,0,-11,-59,0,0,100,0,0,160,32,32,0,-19,-64,0,0,100,0,0,128,32,32,0,-7,-65,0,0,100,0,672,176,32,64,0,-39,-65,0,0,100,0,640,176,32,64,0,-32,-50,0,0,100,0,704,80,48,48,0,-27,-93,0,0,100,0,128,224,32,32,0,-25,-84,0,0,100,0,0,32,48,48,0,-50,-88,0,0,100,0,96,352,48,48,0,1,-28,0,0,100,0,0,688,32,32,0,-31,-28,0,0,100,0,0,544,32,32,0,-24,-52,0,0,100,0,704,128,48,48,0,-12,-71,0,0,100,0,448,176,96,48,0,-101,-109,0,0,40,0,976,944,32,32,0,-71,-73,0,0,100,180,976,976,32,32,0,-89,-79,0,1,100,0,768,816,64,64,0,-64,-86,0,1,100,0,896,944,48,48,0,-82,-108,0,0,100,0,976,736,48,48,0,-39,-108,1,0,100,0,976,736,48,48,0,-82,-65,2,0,100,0,976,736,48,48,0,-39,-65,3,0,100,0,976,736,48,48,0,-41,-16,0,0,100,0,944,288,80,32,0,
0,25,-3,-91,0,0,100,0,32,192,32,32,0,-19,-95,0,0,100,0,0,0,32,32,0,-5,-78,0,0,100,0,192,448,48,48,0,-20,-56,0,0,100,-90,240,832,80,80,0,-11,-59,0,0,100,0,0,160,32,32,0,-19,-64,0,0,100,0,0,128,32,32,0,-7,-65,0,0,100,0,736,176,32,64,0,-39,-65,0,0,100,0,704,176,32,64,0,-32,-50,0,0,100,0,752,80,48,48,0,-27,-93,0,0,100,0,128,224,32,32,0,-25,-84,0,0,100,0,0,32,48,48,0,-50,-88,0,0,100,0,96,352,48,48,0,1,-28,0,0,100,0,0,688,32,32,0,-31,-28,0,0,100,0,0,544,32,32,0,-24,-52,0,0,100,0,752,128,48,48,0,-12,-71,0,0,100,0,544,176,96,48,0,-82,-105,0,0,100,-90,976,944,32,32,0,-55,-69,0,0,100,270,1008,976,16,16,0,-89,-79,0,1,100,0,832,816,64,64,0,-64,-86,0,1,100,0,896,944,48,48,0,-83,-109,0,0,100,0,976,736,48,48,0,-38,-109,1,0,100,0,976,736,48,48,0,-83,-64,2,0,100,0,976,736,48,48,0,-38,-64,3,0,100,0,976,736,48,48,0,-41,-16,0,0,100,0,944,288,80,32,0,
0,27,-3,-91,0,0,100,0,32,192,32,32,0,-19,-95,0,0,100,0,0,0,32,32,0,-5,-78,0,0,100,0,192,448,48,48,0,-20,-56,0,0,100,-90,240,832,80,80,0,-11,-59,0,0,100,0,0,160,32,32,0,-19,-64,0,0,100,0,0,128,32,32,0,-7,-65,0,0,100,0,800,176,32,64,0,-39,-65,0,0,100,0,768,176,32,64,0,-32,-50,0,0,100,0,800,80,48,48,0,-27,-93,0,0,100,0,128,224,32,32,0,-25,-84,0,0,100,0,0,32,48,48,0,-50,-88,0,0,100,0,96,352,48,48,0,1,-28,0,0,100,0,0,688,32,32,0,-31,-28,0,0,100,0,0,544,32,32,0,-24,-52,0,0,100,0,800,128,48,48,0,-12,-71,0,0,100,0,448,224,96,48,0,-102,-38,0,0,40,90,976,944,32,32,0,-51,-67,0,0,60,270,1008,976,16,16,0,-55,-91,0,0,100,-180,1008,944,16,16,0,-66,-121,0,1,100,0,768,880,64,64,0,-89,-79,0,1,100,0,896,816,64,64,0,-64,-86,0,1,100,0,896,944,48,48,0,-82,-108,0,0,100,0,976,736,48,48,0,-39,-108,1,0,100,0,976,736,48,48,0,-82,-65,2,0,100,0,976,736,48,48,0,-39,-65,3,0,100,0,976,736,48,48,0,-41,-16,0,0,100,0,944,288,80,32,0,
0,29,-3,-91,0,0,100,0,32,192,32,32,0,-19,-95,0,0,100,0,0,0,32,32,0,-5,-78,0,0,100,0,192,448,48,48,0,-20,-56,0,0,100,-90,240,832,80,80,0,-11,-59,0,0,100,0,0,160,32,32,0,-19,-64,0,0,100,0,0,128,32,32,0,-7,-65,0,0,100,0,864,176,32,64,0,-39,-65,0,0,100,0,832,176,32,64,0,-32,-50,0,0,100,0,848,80,48,48,0,-27,-93,0,0,100,0,128,224,32,32,0,-25,-84,0,0,100,0,0,32,48,48,0,-50,-88,0,0,100,0,96,352,48,48,0,1,-28,0,0,100,0,0,688,32,32,0,-31,-28,0,0,100,0,0,544,32,32,0,-24,-52,0,0,100,0,848,128,48,48,0,-12,-71,0,0,100,0,544,224,96,48,0,-4,-119,0,0,100,90,944,976,32,32,0,-100,-68,0,0,50,180,1008,944,16,16,0,-49,-67,0,0,30,270,1008,976,16,16,0,-86,-51,0,0,100,0,976,944,32,32,0,-46,-80,0,0,60,-180,1008,960,16,16,0,-66,-121,0,1,100,0,832,880,64,64,0,-89,-79,0,1,100,0,960,816,64,64,0,-64,-86,0,1,100,0,896,944,48,48,0,-83,-109,0,0,100,0,976,736,48,48,0,-38,-109,1,0,100,0,976,736,48,48,0,-83,-64,2,0,100,0,976,736,48,48,0,-38,-64,3,0,100,0,976,736,48,48,0,-41,-16,0,0,100,0,944,288,80,32,0,
0,28,-3,-91,0,0,100,0,32,192,32,32,0,-19,-95,0,0,100,0,0,0,32,32,0,-5,-78,0,0,100,0,192,448,48,48,0,-20,-56,0,0,100,-90,240,832,80,80,0,-11,-59,0,0,100,0,0,160,32,32,0,-19,-64,0,0,100,0,0,128,32,32,0,-7,-65,0,0,100,0,672,176,32,64,0,-39,-65,0,0,100,0,640,176,32,64,0,-32,-50,0,0,100,0,704,80,48,48,0,-27,-93,0,0,100,0,128,224,32,32,0,-25,-84,0,0,100,0,0,32,48,48,0,-50,-88,0,0,100,0,96,352,48,48,0,1,-28,0,0,100,0,0,688,32,32,0,-31,-28,0,0,100,0,0,544,32,32,0,-24,-52,0,0,100,0,704,128,48,48,0,-12,-71,0,0,100,0,448,176,96,48,0,-25,-117,0,0,100,180,944,976,32,32,0,-80,-77,0,0,100,90,1008,944,16,16,0,-55,-58,0,0,100,-90,1008,944,16,16,0,-45,-78,0,0,30,-180,1008,960,16,16,0,-63,-75,0,1,100,90,768,816,64,64,0,-66,-121,0,1,100,0,896,880,64,64,0,-64,-86,0,1,100,0,896,944,48,48,0,-82,-108,0,0,100,0,976,736,48,48,0,-39,-108,1,0,100,0,976,736,48,48,0,-82,-65,2,0,100,0,976,736,48,48,0,-39,-65,3,0,100,0,976,736,48,48,0,-41,-16,0,0,100,0,944,288,80,32,0,
0,27,-3,-91,0,0,100,0,32,192,32,32,0,-19,-95,0,0,100,0,0,0,32,32,0,-5,-78,0,0,100,0,192,448,48,48,0,-20,-56,0,0,100,-90,240,832,80,80,0,-11,-59,0,0,100,0,0,160,32,32,0,-19,-64,0,0,100,0,0,128,32,32,0,-7,-65,0,0,100,0,736,176,32,64,0,-39,-65,0,0,100,0,704,176,32,64,0,-32,-50,0,0,100,0,752,80,48,48,0,-27,-93,0,0,100,0,128,224,32,32,0,-25,-84,0,0,100,0,0,32,48,48,0,-50,-88,0,0,100,0,96,352,48,48,0,1,-28,0,0,100,0,0,688,32,32,0,-31,-28,0,0,100,0,0,544,32,32,0,-24,-52,0,0,100,0,752,128,48,48,0,-12,-71,0,0,100,0,544,176,96,48,0,-44,-106,0,0,100,-90,976,976,32,32,0,-63,-77,0,0,100,90,1008,960,16,16,0,-50,-63,0,0,60,-90,1008,960,16,16,0,-63,-75,0,1,100,90,832,816,64,64,0,-66,-121,0,1,100,0,960,880,64,64,0,-64,-86,0,1,100,0,896,944,48,48,0,-83,-109,0,0,100,0,976,736,48,48,0,-38,-109,1,0,100,0,976,736,48,48,0,-83,-64,2,0,100,0,976,736,48,48,0,-38,-64,3,0,100,0,976,736,48,48,0,-41,-16,0,0,100,0,944,288,80,32,0,
0,27,-3,-91,0,0,100,0,32,192,32,32,0,-19,-95,0,0,100,0,0,0,32,32,0,-5,-78,0,0,100,0,192,448,48,48,0,-20,-56,0,0,100,-90,240,832,80,80,0,-11,-59,0,0,100,0,0,160,32,32,0,-19,-64,0,0,100,0,0,128,32,32,0,-7,-65,0,0,100,0,800,176,32,64,0,-39,-65,0,0,100,0,768,176,32,64,0,-32,-50,0,0,100,0,800,80,48,48,0,-27,-93,0,0,100,0,128,224,32,32,0,-25,-84,0,0,100,0,0,32,48,48,0,-50,-88,0,0,100,0,96,352,48,48,0,1,-28,0,0,100,0,0,688,32,32,0,-31,-28,0,0,100,0,0,544,32,32,0,-24,-52,0,0,100,0,800,128,48,48,0,-12,-71,0,0,100,0,448,224,96,48,0,-99,-49,0,0,40,0,944,976,32,32,0,-60,-76,0,0,60,180,1008,960,16,16,0,-48,-63,0,0,30,-90,1008,960,16,16,0,-43,-92,0,0,70,0,1008,976,16,16,0,-63,-75,0,1,100,90,896,816,64,64,0,-64,-86,0,1,100,0,896,944,48,48,0,-82,-108,0,0,100,0,976,736,48,48,0,-39,-108,1,0,100,0,976,736,48,48,0,-82,-65,2,0,100,0,976,736,48,48,0,-39,-65,3,0,100,0,976,736,48,48,0,-41,-16,0,0,100,0,944,288,80,32,0,
0,26,-3,-91,0,0,100,0,32,192,32,32,0,-19,-95,0,0,100,0,0,0,32,32,0,-5,-78,0,0,100,0,192,448,48,48,0,-20,-56,0,0,100,-90,240,832,80,80,0,-11,-59,0,0,100,0,0,160,32,32,0,-19,-64,0,0,100,0,0,128,32,32,0,-7,-65,0,0,100,0,864,176,32,64,0,-39,-65,0,0,100,0,832,176,32,64,0,-32,-50,0,0,100,0,848,80,48,48,0,-27,-93,0,0,100,0,128,224,32,32,0,-25,-84,0,0,100,0,0,32,48,48,0,-50,-88,0,0,100,0,96,352,48,48,0,1,-28,0,0,100,0,0,688,32,32,0,-31,-28,0,0,100,0,0,544,32,32,0,-24,-52,0,0,100,0,848,128,48,48,0,-12,-71,0,0,100,0,544,224,96,48,0,-87,-65,0,0,100,90,944,976,32,32,0,-55,-74,0,0,30,180,1008,960,16,16,0,-46,-88,0,0,30,0,1008,976,16,16,0,-63,-75,0,1,100,90,960,816,64,64,0,-64,-86,0,1,100,0,896,944,48,48,0,-83,-109,0,0,100,0,976,736,48,48,0,-38,-109,1,0,100,0,976,736,48,48,0,-83,-64,2,0,100,0,976,736,48,48,0,-38,-64,3,0,100,0,976,736,48,48,0,-41,-16,0,0,100,0,944,288,80,32,0,
0,1,-41,-16,0,0,100,0,944,288,80,32,0,
0,0,
0,0,
0,0,
0,0,
0,0,
0,0,
0,0,
0,0,
0,0,
0,0,
0,0,
0,0,
0,0,
0,0,
0,0,
0,29,-61,-64,0,1,100,0,1376,0,128,48,0,-53,-40,0,1,100,0,656,768,112,32,0,32,-64,0,0,100,0,336,856,48,56,0,-56,-56,0,0,100,0,392,960,136,80,0,-15,-91,0,0,100,0,96,192,32,32,0,-28,-97,0,0,100,0,0,0,32,32,0,-16,-81,0,0,100,0,192,448,48,48,0,-16,-63,0,0,100,0,0,160,32,32,0,-24,-68,0,0,100,0,64,128,32,32,0,-19,-69,0,0,100,0,848,240,48,64,0,-29,-69,0,0,100,0,832,240,16,64,0,-35,-54,0,0,100,0,752,80,48,48,0,-34,-90,0,0,100,0,64,192,32,32,0,-29,-86,0,0,100,0,96,32,48,48,0,-51,-79,0,0,100,0,96,304,48,48,0,-83,-65,0,0,100,-90,160,832,80,80,0,-5,-32,0,0,100,0,0,720,32,32,0,-25,-32,0,0,100,0,32,576,32,32,0,-27,-56,0,0,100,0,704,128,48,48,0,-22,-73,0,0,100,0,544,176,96,48,0,-32,-120,0,1,100,0,1024,0,88,120,0,-64,-136,0,0,100,0,96,608,152,88,0,-48,-120,0,0,100,0,512,496,128,112,0,-40,-120,0,0,100,0,96,776,72,48,0,-40,-104,0,0,100,0,384,776,72,56,0,-56,-120,0,0,100,0,96,696,136,80,0,-53,-46,0,1,100,0,528,960,112,64,0,-53,-46,0,0,100,0,528,896,112,64,0,-39,-16,0,0,100,0,944,288,80,32,0,
0,0,
0,0,
0,32,-61,-64,0,1,100,0,1376,0,128,48,0,-53,-40,0,1,100,0,656,768,112,32,0,-65,-36,0,1,100,0,576,336,48,48,0,-1,-35,0,1,100,0,896,336,64,48,0,-65,-36,0,1,40,0,720,336,48,48,0,32,-64,0,0,100,0,336,856,48,56,0,-56,-56,0,0,100,0,392,960,136,80,0,-66,-75,0,0,100,0,0,832,80,80,0,-3,-91,0,0,100,0,32,192,32,32,0,-19,-95,0,0,100,0,0,0,32,32,0,-11,-59,0,0,100,0,0,160,32,32,0,-19,-64,0,0,100,0,0,128,32,32,0,-7,-65,0,0,100,0,672,176,32,64,0,-39,-65,0,0,100,0,640,176,32,64,0,-32,-50,0,0,100,0,704,80,48,48,0,-4,-83,0,0,100,0,96,400,48,48,0,-27,-92,0,0,100,0,0,192,32,32,0,-25,-84,0,0,100,0,0,32,48,48,0,-50,-86,0,0,100,0,48,256,48,48,0,1,-28,0,0,100,0,0,688,32,32,0,-31,-28,0,0,100,0,0,544,32,32,0,-24,-52,0,0,100,0,704,128,48,48,0,-36,-76,0,0,100,0,576,0,80,80,0,-32,-120,0,1,100,0,1024,0,88,120,0,-64,-136,0,0,100,0,96,608,152,88,0,-48,-120,0,0,100,0,512,496,128,112,0,-40,-120,0,0,100,0,96,776,72,48,0,-40,-104,0,0,100,0,384,776,72,56,0,-56,-120,0,0,100,0,96,696,136,80,0,-53,-46,0,1,100,0,528,960,112,64,0,-53,-46,0,0,100,0,528,896,112,64,0,-41,-16,0,0,100,0,944,288,80,32,0,
0,26,-61,-64,0,1,70,0,1376,0,128,48,0,-53,-40,0,1,70,0,656,800,112,32,0,-65,-36,0,1,70,0,624,336,48,48,0,-1,-35,0,1,70,0,960,336,64,48,0,-72,-63,0,0,70,0,1024,248,152,88,0,-58,-87,0,0,100,0,80,832,80,80,0,-3,-91,0,0,100,0,32,192,32,32,0,-19,-95,0,0,100,0,0,0,32,32,0,-11,-59,0,0,100,0,0,160,32,32,0,-19,-64,0,0,100,0,0,128,32,32,0,-7,-65,0,0,100,0,736,176,32,64,0,-39,-65,0,0,100,0,704,176,32,64,0,-32,-50,0,0,100,0,752,80,48,48,0,-4,-83,0,0,100,0,144,400,48,48,0,-27,-92,0,0,100,0,0,192,32,32,0,-25,-84,0,0,100,0,0,32,48,48,0,-50,-86,0,0,100,0,48,304,48,48,0,1,-28,0,0,100,0,0,688,32,32,0,-31,-28,0,0,100,0,0,544,32,32,0,-24,-52,0,0,100,0,752,128,48,48,0,-36,-76,0,0,100,0,656,0,80,80,0,-32,-120,0,1,70,0,1024,0,88,120,0,-72,-135,0,0,70,0,1024,120,160,128,0,-53,-46,0,1,40,0,528,960,112,64,0,-53,-46,0,0,70,0,528,896,112,64,0,-41,-16,0,0,100,0,944,288,80,32,0,
0,27,-61,-62,0,1,40,0,1376,0,128,48,0,-53,-40,0,1,40,0,656,832,112,32,0,-65,-36,0,1,40,0,672,336,48,48,0,-1,-35,0,1,40,0,768,336,64,48,0,-72,-62,0,0,40,0,1024,248,152,88,0,-81,-130,0,1,100,0,896,32,128,64,0,-81,-68,3,1,100,0,896,32,128,64,0,-52,-93,0,0,100,0,80,832,80,80,0,-3,-91,0,0,100,0,32,192,32,32,0,-19,-95,0,0,100,0,0,0,32,32,0,-11,-59,0,0,100,0,0,160,32,32,0,-19,-64,0,0,100,0,0,128,32,32,0,-7,-65,0,0,100,0,800,176,32,64,0,-39,-65,0,0,100,0,768,176,32,64,0,-32,-50,0,0,100,0,800,80,48,48,0,-4,-83,0,0,100,0,144,400,48,48,0,-27,-92,0,0,100,0,0,192,32,32,0,-25,-84,0,0,100,0,0,32,48,48,0,-50,-86,0,0,100,0,48,304,48,48,0,1,-28,0,0,100,0,0,688,32,32,0,-31,-28,0,0,100,0,0,544,32,32,0,-24,-52,0,0,100,0,800,128,48,48,0,-36,-76,0,0,100,0,736,0,80,80,0,-32,-120,0,1,40,0,1024,0,88,120,0,-72,-134,0,0,40,0,1024,120,160,128,0,-53,-46,0,0,40,0,528,896,112,64,0,-41,-16,0,0,100,0,944,288,80,32,0,
0,26,-65,-36,0,1,100,0,720,336,48,48,0,-1,-35,0,1,100,0,832,336,64,48,0,-81,-130,0,1,100,0,896,96,128,64,0,-81,-68,3,1,100,0,896,96,128,64,0,-52,-94,0,0,100,0,80,832,80,80,0,-3,-91,0,0,100,0,32,192,32,32,0,-19,-95,0,0,100,0,0,0,32,32,0,-11,-59,0,0,100,0,0,160,32,32,0,-19,-64,0,0,100,0,0,128,32,32,0,-7,-65,0,0,100,0,864,176,32,64,0,-39,-65,0,0,100,0,832,176,32,64,0,-32,-50,0,0,100,0,848,80,48,48,0,-4,-83,0,0,100,0,144,400,48,48,0,-27,-92,0,0,100,0,0,192,32,32,0,-25,-84,0,0,100,0,0,32,48,48,0,-50,-86,0,0,100,0,48,304,48,48,0,1,-28,0,0,100,0,0,688,32,32,0,-31,-28,0,0,100,0,0,544,32,32,0,-24,-52,0,0,100,0,848,128,48,48,0,-36,-76,0,0,100,0,816,0,80,80,0,-161,-86,0,0,100,0,896,944,48,48,0,-166,-95,0,0,100,0,944,704,32,32,0,-137,-95,1,0,100,0,944,704,32,32,0,-166,-66,2,0,100,0,944,704,32,32,0,-137,-66,3,0,100,0,944,704,32,32,0,-41,-16,0,0,100,0,944,288,80,32,0,
0,31,-81,-130,0,1,100,0,896,160,128,64,0,-81,-68,3,1,100,0,896,160,128,64,0,-52,-95,0,0,100,0,80,832,80,80,0,-3,-91,0,0,100,0,32,192,32,32,0,-19,-95,0,0,100,0,0,0,32,32,0,-11,-59,0,0,100,0,0,160,32,32,0,-19,-64,0,0,100,0,0,128,32,32,0,-7,-65,0,0,100,0,672,176,32,64,0,-39,-65,0,0,100,0,640,176,32,64,0,-32,-50,0,0,100,0,704,80,48,48,0,-4,-83,0,0,100,0,144,400,48,48,0,-27,-92,0,0,100,0,0,192,32,32,0,-25,-84,0,0,100,0,0,32,48,48,0,-50,-86,0,0,100,0,48,304,48,48,0,1,-28,0,0,100,0,0,688,32,32,0,-31,-28,0,0,100,0,0,544,32,32,0,-24,-52,0,0,100,0,704,128,48,48,0,-36,-76,0,0,100,0,576,0,80,80,0,-143,-124,1,0,100,-90,880,992,32,32,0,-201,-87,1,0,100,0,880,992,32,32,0,-108,-105,1,0,100,-90,912,992,32,32,0,-193,-116,1,0,100,0,912,992,32,32,0,-197,-45,0,0,100,0,912,992,32,32,0,-145,-38,1,0,100,-90,912,992,32,32,0,-105,-62,1,0,100,-90,912,992,32,32,0,-161,-86,0,0,100,0,896,944,48,48,0,-214,-143,0,0,100,0,896,736,80,80,0,-137,-143,1,0,100,0,896,736,80,80,0,-214,-66,2,0,100,0,896,736,80,80,0,-137,-66,3,0,100,0,896,736,80,80,0,-41,-16,0,0,100,0,944,288,80,32,0,
0,44,-81,-130,0,1,100,0,896,224,128,64,0,-81,-68,3,1,100,0,896,224,128,64,0,-52,-96,0,0,100,0,80,832,80,80,0,-3,-91,0,0,100,0,32,192,32,32,0,-19,-95,0,0,100,0,0,0,32,32,0,-11,-59,0,0,100,0,0,160,32,32,0,-19,-64,0,0,100,0,0,128,32,32,0,-7,-65,0,0,100,0,736,176,32,64,0,-39,-65,0,0,100,0,704,176,32,64,0,-32,-50,0,0,100,0,752,80,48,48,0,-4,-83,0,0,100,0,144,400,48,48,0,-27,-92,0,0,100,0,0,192,32,32,0,-25,-84,0,0,100,0,0,32,48,48,0,-50,-86,0,0,100,0,48,304,48,48,0,1,-28,0,0,100,0,0,688,32,32,0,-31,-28,0,0,100,0,0,544,32,32,0,-24,-52,0,0,100,0,752,128,48,48,0,-36,-76,0,0,100,0,656,0,80,80,0,-148,-11,0,1,100,90,768,816,64,64,0,-247,-103,3,1,100,180,768,816,64,64,0,-193,-195,1,1,100,180,768,880,64,64,0,-99,-72,3,1,100,-90,896,816,64,64,0,-109,-140,3,0,100,180,896,944,48,48,0,-159,-9,3,0,100,90,896,944,48,48,0,-229,-121,1,0,100,0,896,944,48,48,0,-135,-156,1,0,100,-90,880,992,32,32,0,-143,-124,1,0,100,-90,880,992,32,32,0,-201,-13,2,0,100,0,880,992,32,32,0,-233,-53,3,0,100,0,880,992,32,32,0,-97,-21,3,0,100,0,880,992,32,32,0,-183,-159,1,0,100,0,880,992,32,32,0,-201,-87,1,0,100,0,880,992,32,32,0,-108,-105,1,0,100,-90,912,992,32,32,0,-193,-116,1,0,100,0,912,992,32,32,0,-197,-45,0,0,100,0,912,992,32,32,0,-145,-38,1,0,100,-90,912,992,32,32,0,-73,-78,1,0,100,-90,912,992,32,32,0,-105,-62,1,0,100,-90,912,992,32,32,0,-161,-86,0,0,100,0,896,944,48,48,0,-138,-174,1,0,100,0,784,704,112,112,0,-245,-174,0,0,100,0,784,704,112,112,0,-245,-67,2,0,100,0,784,704,112,112,0,-138,-67,3,0,100,0,784,704,112,112,0,-41,-16,0,0,100,0,944,288,80,32,0,
0,31,-52,-96,0,0,100,0,80,832,80,80,0,-3,-91,0,0,100,0,32,192,32,32,0,-19,-95,0,0,100,0,0,0,32,32,0,-11,-59,0,0,100,0,0,160,32,32,0,-19,-64,0,0,100,0,0,128,32,32,0,-7,-65,0,0,100,0,800,176,32,64,0,-39,-65,0,0,100,0,768,176,32,64,0,-32,-50,0,0,100,0,800,80,48,48,0,-4,-83,0,0,100,0,144,400,48,48,0,-27,-92,0,0,100,0,0,192,32,32,0,-25,-84,0,0,100,0,0,32,48,48,0,-50,-86,0,0,100,0,48,304,48,48,0,1,-28,0,0,100,0,0,688,32,32,0,-31,-28,0,0,100,0,0,544,32,32,0,-24,-52,0,0,100,0,800,128,48,48,0,-36,-76,0,0,100,0,736,0,80,80,0,-148,-11,0,1,100,90,832,816,64,64,0,-247,-103,3,1,100,180,832,816,64,64,0,-193,-195,1,1,100,180,832,880,64,64,0,-99,-72,3,1,100,-90,960,816,64,64,0,-120,-136,0,1,100,90,1512,1000,96,96,0,-256,-88,0,1,100,0,1512,904,96,96,0,-108,-257,0,0,50,0,944,944,32,32,0,-336,-264,0,1,25,180,1496,1096,400,400,0,-336,-264,0,1,50,0,1096,1496,400,400,0,-248,-176,0,1,100,0,0,1136,224,224,0,-144,-72,3,0,100,0,0,1008,120,120,0,-144,-176,1,0,100,0,0,1008,120,120,0,-248,-72,2,0,100,0,0,1008,120,120,0,-248,-176,0,0,100,0,0,1008,120,120,0,-41,-16,0,0,100,0,944,288,80,32,0,
0,32,-52,-95,0,0,100,0,80,832,80,80,0,-3,-91,0,0,100,0,32,192,32,32,0,-19,-95,0,0,100,0,0,0,32,32,0,-11,-59,0,0,100,0,0,160,32,32,0,-19,-64,0,0,100,0,0,128,32,32,0,-7,-65,0,0,100,0,864,176,32,64,0,-39,-65,0,0,100,0,832,176,32,64,0,-32,-50,0,0,100,0,848,80,48,48,0,-4,-83,0,0,100,0,144,400,48,48,0,-27,-92,0,0,100,0,0,192,32,32,0,-25,-84,0,0,100,0,0,32,48,48,0,-50,-86,0,0,100,0,48,304,48,48,0,1,-28,0,0,100,0,0,688,32,32,0,-31,-28,0,0,100,0,0,544,32,32,0,-24,-52,0,0,100,0,848,128,48,48,0,-36,-76,0,0,100,0,816,0,80,80,0,-193,-195,1,1,100,180,896,880,64,64,0,-247,-103,3,1,100,180,896,816,64,64,0,-148,-11,0,1,100,90,896,816,64,64,0,-120,-136,0,1,100,90,1608,1000,96,96,0,-256,-88,0,1,100,0,1608,904,96,96,0,-326,-79,0,0,50,0,944,944,32,32,0,31,-124,0,0,60,0,944,944,32,32,0,-137,-218,0,0,100,0,944,944,32,32,0,-336,-264,0,1,50,180,1496,1496,400,400,0,-336,-264,0,1,100,90,1096,1496,400,400,0,-248,-176,0,1,100,0,0,1136,224,224,0,-146,-72,3,0,100,0,0,1008,120,120,0,-146,-176,1,0,100,0,0,1008,120,120,0,-246,-72,2,0,100,0,0,1008,120,120,0,-246,-176,0,0,100,0,0,1008,120,120,0,-41,-16,0,0,100,0,944,288,80,32,0,
0,34,-52,-94,0,0,100,0,80,832,80,80,0,-3,-91,0,0,100,0,32,192,32,32,0,-19,-95,0,0,100,0,0,0,32,32,0,-11,-59,0,0,100,0,0,160,32,32,0,-19,-64,0,0,100,0,0,128,32,32,0,-7,-65,0,0,100,0,672,176,32,64,0,-39,-65,0,0,100,0,640,176,32,64,0,-32,-50,0,0,100,0,704,80,48,48,0,-4,-83,0,0,100,0,144,400,48,48,0,-27,-92,0,0,100,0,0,192,32,32,0,-25,-84,0,0,100,0,0,32,48,48,0,-50,-86,0,0,100,0,48,304,48,48,0,1,-28,0,0,100,0,0,688,32,32,0,-31,-28,0,0,100,0,0,544,32,32,0,-24,-52,0,0,100,0,704,128,48,48,0,-36,-76,0,0,100,0,576,0,80,80,0,-193,-195,1,1,100,180,960,880,64,64,0,-247,-103,3,1,100,180,960,816,64,64,0,-148,-11,0,1,100,90,960,816,64,64,0,-224,-192,0,1,100,-90,1512,904,96,96,0,-120,-136,0,1,100,90,1704,1000,96,96,0,-256,-88,0,1,100,0,1704,904,96,96,0,-160,56,0,0,50,90,864,1072,48,48,0,-270,-55,0,0,100,0,976,944,32,32,0,-38,-138,0,0,100,180,944,944,32,32,0,-174,-167,0,0,100,0,976,944,32,32,0,-336,-264,0,1,100,270,1496,1096,400,400,0,-336,-264,0,1,100,180,1096,1496,400,400,0,-248,-176,0,1,100,0,0,1136,224,224,0,-148,-76,3,0,100,0,0,1008,120,120,0,-148,-172,1,0,100,0,0,1008,120,120,0,-244,-76,2,0,100,0,0,1008,120,120,0,-244,-172,0,0,100,0,0,1008,120,120,0,-41,-16,0,0,100,0,944,288,80,32,0,
0,33,-52,-95,0,0,100,0,80,832,80,80,0,-3,-91,0,0,100,0,32,192,32,32,0,-19,-95,0,0,100,0,0,0,32,32,0,-11,-59,0,0,100,0,0,160,32,32,0,-19,-64,0,0,100,0,0,128,32,32,0,-7,-65,0,0,100,0,736,176,32,64,0,-39,-65,0,0,100,0,704,176,32,64,0,-32,-50,0,0,100,0,752,80,48,48,0,-4,-83,0,0,100,0,144,400,48,48,0,-27,-92,0,0,100,0,0,192,32,32,0,-25,-84,0,0,100,0,0,32,48,48,0,-50,-86,0,0,100,0,48,304,48,48,0,1,-28,0,0,100,0,0,688,32,32,0,-31,-28,0,0,100,0,0,544,32,32,0,-24,-52,0,0,100,0,752,128,48,48,0,-36,-76,0,0,100,0,656,0,80,80,0,-224,-192,0,1,100,-90,1608,904,96,96,0,-216,-40,0,1,100,0,1512,1000,96,96,0,-120,-136,0,1,100,90,1800,1000,96,96,0,-256,-88,0,1,100,0,1800,904,96,96,0,-136,0,0,0,100,90,912,1072,48,48,0,-218,-40,0,0,100,-90,1008,944,16,16,0,-230,79,0,0,50,90,944,944,32,32,0,-99,-125,0,0,100,180,976,944,32,32,0,-163,-121,0,0,100,0,1008,944,16,16,0,-336,-264,0,1,100,270,1496,1496,400,400,0,-336,-264,0,1,100,270,1096,1496,400,400,0,-248,-176,0,1,100,0,0,1136,224,224,0,-146,-72,3,0,100,0,0,1008,120,120,0,-146,-176,1,0,100,0,0,1008,120,120,0,-246,-72,2,0,100,0,0,1008,120,120,0,-246,-176,0,0,100,0,0,1008,120,120,0,-41,-16,0,0,100,0,944,288,80,32,0,
0,35,-52,-96,0,0,100,0,80,832,80,80,0,-3,-91,0,0,100,0,32,192,32,32,0,-19,-95,0,0,100,0,0,0,32,32,0,-11,-59,0,0,100,0,0,160,32,32,0,-19,-64,0,0,100,0,0,128,32,32,0,-7,-65,0,0,100,0,800,176,32,64,0,-39,-65,0,0,100,0,768,176,32,64,0,-32,-50,0,0,100,0,800,80,48,48,0,-4,-83,0,0,100,0,144,400,48,48,0,-27,-92,0,0,100,0,0,192,32,32,0,-25,-84,0,0,100,0,0,32,48,48,0,-50,-86,0,0,100,0,48,304,48,48,0,1,-28,0,0,100,0,0,688,32,32,0,-31,-28,0,0,100,0,0,544,32,32,0,-24,-52,0,0,100,0,800,128,48,48,0,-36,-76,0,0,100,0,736,0,80,80,0,-224,-192,0,1,100,-90,1704,904,96,96,0,-136,-184,1,1,100,90,1512,904,96,96,0,-216,-40,0,1,100,0,1608,1000,96,96,0,-264,-254,0,0,50,0,944,976,32,32,0,-48,72,0,0,50,270,864,1024,48,48,0,-120,-24,0,0,100,90,960,1072,32,32,0,31,-53,0,0,50,270,944,976,32,32,0,-181,-48,0,0,70,-180,1008,944,16,16,0,-190,53,0,0,100,90,976,944,32,32,0,-114,-108,0,0,100,180,1008,944,16,16,0,-160,-98,0,0,60,0,1008,960,16,16,0,-336,-264,0,1,100,0,1496,1096,400,400,0,-336,-264,0,1,100,0,1096,1496,400,400,0,-248,-176,0,1,100,0,0,1136,224,224,0,-144,-72,3,0,100,0,0,1008,120,120,0,-144,-176,1,0,100,0,0,1008,120,120,0,-248,-72,2,0,100,0,0,1008,120,120,0,-248,-176,0,0,100,0,0,1008,120,120,0,-41,-16,0,0,100,0,944,288,80,32,0,
0,35,-52,-95,0,0,100,0,80,832,80,80,0,-3,-91,0,0,100,0,32,192,32,32,0,-19,-95,0,0,100,0,0,0,32,32,0,-11,-59,0,0,100,0,0,160,32,32,0,-19,-64,0,0,100,0,0,128,32,32,0,-7,-65,0,0,100,0,864,176,32,64,0,-39,-65,0,0,100,0,832,176,32,64,0,-32,-50,0,0,100,0,848,80,48,48,0,-4,-83,0,0,100,0,144,400,48,48,0,-27,-92,0,0,100,0,0,192,32,32,0,-25,-84,0,0,100,0,0,32,48,48,0,-50,-86,0,0,100,0,48,304,48,48,0,1,-28,0,0,100,0,0,688,32,32,0,-31,-28,0,0,100,0,0,544,32,32,0,-24,-52,0,0,100,0,848,128,48,48,0,-36,-76,0,0,100,0,816,0,80,80,0,-224,-192,0,1,100,-90,1800,904,96,96,0,-112,-80,2,1,100,0,1512,1000,96,96,0,-136,-184,1,1,100,90,1608,904,96,96,0,-216,-40,0,1,100,0,1704,1000,96,96,0,-258,-206,0,0,100,-90,944,976,32,32,0,-56,16,0,0,100,270,912,1024,48,48,0,-120,-48,0,0,50,90,992,1072,32,32,0,8,-80,0,0,100,180,944,976,32,32,0,-300,-150,0,0,50,-90,944,944,32,32,0,-142,21,0,0,100,90,1008,944,16,16,0,-129,-100,0,0,60,180,1008,960,16,16,0,-336,-264,0,1,100,0,1496,1496,400,400,0,-336,-264,0,1,100,90,1096,1496,400,400,0,-248,-176,0,1,100,0,0,1136,224,224,0,-146,-72,3,0,100,0,0,1008,120,120,0,-146,-176,1,0,100,0,0,1008,120,120,0,-246,-72,2,0,100,0,0,1008,120,120,0,-246,-176,0,0,100,0,0,1008,120,120,0,-41,-16,0,0,100,0,944,288,80,32,0,
0,34,-52,-94,0,0,100,0,80,832,80,80,0,-3,-91,0,0,100,0,32,192,32,32,0,-19,-95,0,0,100,0,0,0,32,32,0,-11,-59,0,0,100,0,0,160,32,32,0,-19,-64,0,0,100,0,0,128,32,32,0,-7,-65,0,0,100,0,672,176,32,64,0,-39,-65,0,0,100,0,640,176,32,64,0,-32,-50,0,0,100,0,704,80,48,48,0,-4,-83,0,0,100,0,144,400,48,48,0,-27,-92,0,0,100,0,0,192,32,32,0,-25,-84,0,0,100,0,0,32,48,48,0,-50,-86,0,0,100,0,48,304,48,48,0,1,-28,0,0,100,0,0,688,32,32,0,-31,-28,0,0,100,0,0,544,32,32,0,-24,-52,0,0,100,0,704,128,48,48,0,-36,-76,0,0,100,0,576,0,80,80,0,-112,-80,2,1,100,0,1608,1000,96,96,0,-136,-184,1,1,100,90,1704,904,96,96,0,-216,-40,0,1,100,0,1800,1000,96,96,0,3,-202,1,0,50,0,864,1024,48,48,0,-253,-152,0,0,100,-180,944,976,32,32,0,-255,79,0,0,50,-270,944,976,32,32,0,-64,-24,0,0,100,270,960,1024,32,32,0,-40,-97,0,0,100,90,944,976,32,32,0,-268,-110,0,0,100,-90,976,944,32,32,0,-134,-11,0,0,50,90,1008,960,16,16,0,-336,-264,0,1,100,90,1496,1096,400,400,0,-336,-264,0,1,100,180,1096,1496,400,400,0,-248,-176,0,1,100,0,0,1136,224,224,0,-148,-76,3,0,100,0,0,1008,120,120,0,-148,-172,1,0,100,0,0,1008,120,120,0,-244,-76,2,0,100,0,0,1008,120,120,0,-244,-172,0,0,100,0,0,1008,120,120,0,-41,-16,0,0,100,0,944,288,80,32,0,
0,33,-52,-96,0,0,100,0,0,832,80,80,0,-1,-91,0,0,100,0,32,192,32,32,0,-18,-95,0,0,100,0,0,0,32,32,0,-8,-59,0,0,100,0,0,160,32,32,0,-17,-64,0,0,100,0,128,128,32,32,0,-3,-65,0,0,100,0,624,384,32,64,0,-37,-65,0,0,100,0,592,384,32,64,0,-29,-50,0,0,100,0,560,80,48,48,0,-4,-83,0,0,100,0,96,400,48,48,0,-25,-92,0,0,100,0,64,192,32,32,0,-25,-84,0,0,100,0,240,32,48,48,0,-50,-86,0,0,100,0,144,256,48,48,0,3,-28,0,0,100,0,0,688,32,32,0,-31,-28,0,0,100,0,0,544,32,32,0,-22,-52,0,0,100,0,560,128,48,48,0,-36,-76,0,0,100,0,656,0,80,80,0,-112,-80,2,1,100,0,1704,1000,96,96,0,-136,-184,1,1,100,90,1800,904,96,96,0,-69,-186,1,0,100,0,912,1024,48,48,0,-228,-118,0,0,100,-180,976,976,32,32,0,-215,55,0,0,100,0,944,976,32,32,0,-104,-72,0,0,50,270,992,1024,32,32,0,-90,-98,0,0,100,90,976,976,32,32,0,59,-45,0,0,50,0,944,944,32,32,0,-215,-69,0,0,100,-90,1008,944,16,16,0,-336,-264,0,1,100,90,1496,1496,400,400,0,-336,-264,0,1,100,270,1096,1496,400,400,0,-248,-176,0,1,100,0,0,1136,224,224,0,-146,-72,3,0,100,0,0,1008,120,120,0,-146,-176,1,0,100,0,0,1008,120,120,0,-246,-72,2,0,100,0,0,1008,120,120,0,-246,-176,0,0,100,0,0,1008,120,120,0,-41,-16,0,0,100,0,944,288,80,32,0,
0,22,-26,-100,1,0,100,90,80,832,80,80,0,-40,-104,0,0,100,0,384,384,96,112,0,-50,-69,1,0,100,0,432,96,72,64,0,-112,-80,2,1,100,0,1800,1000,96,96,0,-120,-136,0,1,100,90,1512,1000,96,96,0,-256,-88,0,1,100,0,1512,904,96,96,0,-91,-209,0,0,100,-180,944,976,32,32,0,-117,-154,1,0,100,0,960,1024,32,32,0,-209,-93,0,0,100,-180,1008,976,16,16,0,-108,-257,0,0,50,0,944,944,32,32,0,-174,30,0,0,100,-90,976,976,32,32,0,-106,-89,0,0,100,90,1008,976,16,16,0,-14,38,0,0,50,90,944,944,32,32,0,-181,-65,0,0,60,-90,1008,944,16,16,0,-336,-264,0,1,100,180,1496,1096,400,400,0,-336,-264,0,1,100,0,1096,1496,400,400,0,-248,-176,0,1,100,0,0,1136,224,224,0,-144,-72,3,0,100,0,0,1008,120,120,0,-144,-176,1,0,100,0,0,1008,120,120,0,-248,-72,2,0,100,0,0,1008,120,120,0,-248,-176,0,0,100,0,0,1008,120,120,0,-41,-16,0,0,100,0,944,288,80,32,0,
0,21,0,-120,2,0,100,0,160,832,80,80,0,-40,-104,0,0,100,0,384,384,96,112,0,-64,-67,1,0,100,0,344,112,88,48,0,-120,-136,0,1,100,90,1608,1000,96,96,0,-256,-88,0,1,100,0,1608,904,96,96,0,-142,-172,0,0,100,-180,976,976,32,32,0,-141,-114,1,0,50,0,992,1024,32,32,0,-326,-79,0,0,50,0,944,944,32,32,0,31,-124,0,0,60,0,944,944,32,32,0,-137,-218,0,0,100,0,944,944,32,32,0,-35,-13,0,0,100,180,976,944,32,32,0,-150,-18,0,0,50,-90,1008,976,16,16,0,-115,-85,0,0,50,90,1008,976,16,16,0,-336,-264,0,1,100,180,1496,1496,400,400,0,-336,-264,0,1,100,90,1096,1496,400,400,0,-248,-176,0,1,100,0,0,1136,224,224,0,-146,-72,3,0,100,0,0,1008,120,120,0,-146,-176,1,0,100,0,0,1008,120,120,0,-246,-72,2,0,100,0,0,1008,120,120,0,-246,-176,0,0,100,0,0,1008,120,120,0,-41,-16,0,0,100,0,944,288,80,32,0,
0,20,-4,-128,2,0,100,0,80,832,80,80,0,-40,-104,0,0,100,0,480,384,96,112,0,-64,-75,1,0,100,0,336,0,80,48,0,-224,-192,0,1,100,-90,1512,904,96,96,0,-120,-136,0,1,100,90,1704,1000,96,96,0,-256,-88,0,1,100,0,1704,904,96,96,0,-152,-125,0,0,100,-180,1008,976,16,16,0,-160,56,0,0,50,90,864,1072,48,48,0,-270,-55,0,0,100,0,976,944,32,32,0,-38,-138,0,0,100,180,944,944,32,32,0,-174,-167,0,0,100,0,976,944,32,32,0,-55,-49,0,0,100,180,1008,944,16,16,0,-336,-264,0,1,100,270,1496,1096,400,400,0,-336,-264,0,1,100,180,1096,1496,400,400,0,-248,-176,0,1,100,0,0,1136,224,224,0,-148,-76,3,0,100,0,0,1008,120,120,0,-148,-172,1,0,100,0,0,1008,120,120,0,-244,-76,2,0,100,0,0,1008,120,120,0,-244,-172,0,0,100,0,0,1008,120,120,0,-41,-16,0,0,100,0,944,288,80,32,0,
0,22,-4,-131,2,0,100,0,0,832,80,80,0,-40,-104,0,0,100,0,480,384,96,112,0,-70,-69,1,0,100,0,424,48,88,48,0,-224,-192,0,1,100,-90,1608,904,96,96,0,-216,-40,0,1,100,0,1512,1000,96,96,0,-120,-136,0,1,100,90,1800,1000,96,96,0,-256,-88,0,1,100,0,1800,904,96,96,0,-136,0,0,0,100,90,912,1072,48,48,0,-218,-40,0,0,100,-90,1008,944,16,16,0,-230,79,0,0,50,90,944,944,32,32,0,-99,-125,0,0,100,180,976,944,32,32,0,-163,-121,0,0,100,0,1008,944,16,16,0,-90,-69,0,0,50,180,1008,944,16,16,0,-152,-45,0,0,40,-180,1008,976,16,16,0,-336,-264,0,1,100,270,1496,1496,400,400,0,-336,-264,0,1,100,270,1096,1496,400,400,0,-248,-176,0,1,100,0,0,1136,224,224,0,-146,-72,3,0,100,0,0,1008,120,120,0,-146,-176,1,0,100,0,0,1008,120,120,0,-246,-72,2,0,100,0,0,1008,120,120,0,-246,-176,0,0,100,0,0,1008,120,120,0,-41,-16,0,0,100,0,944,288,80,32,0,
0,23,-72,-120,0,1,50,0,432,1040,144,144,0,-116,-106,0,0,100,-180,240,832,80,80,0,-64,-104,0,0,100,0,96,496,104,112,0,-16,-67,0,0,100,0,432,96,64,64,0,-224,-192,0,1,100,-90,1704,904,96,96,0,-136,-184,1,1,100,90,1512,904,96,96,0,-216,-40,0,1,100,0,1608,1000,96,96,0,-264,-254,0,0,50,0,944,976,32,32,0,-48,72,0,0,50,270,864,1024,48,48,0,-120,-24,0,0,100,90,960,1072,32,32,0,31,-53,0,0,50,270,944,976,32,32,0,-181,-48,0,0,70,-180,1008,944,16,16,0,-190,53,0,0,100,90,976,944,32,32,0,-114,-108,0,0,100,180,1008,944,16,16,0,-160,-98,0,0,60,0,1008,960,16,16,0,-336,-264,0,1,100,0,1496,1096,400,400,0,-336,-264,0,1,100,0,1096,1496,400,400,0,-248,-176,0,1,100,0,0,1136,224,224,0,-144,-72,3,0,100,0,0,1008,120,120,0,-144,-176,1,0,100,0,0,1008,120,120,0,-248,-72,2,0,100,0,0,1008,120,120,0,-248,-176,0,0,100,0,0,1008,120,120,0,-41,-16,0,0,100,0,944,288,80,32,0,
0,23,-112,-128,0,1,100,-90,576,1040,144,144,0,-124,-108,0,0,100,-180,240,832,80,80,0,-64,-104,0,0,100,0,200,496,104,112,0,-15,-63,0,0,100,0,544,176,96,48,0,-224,-192,0,1,100,-90,1800,904,96,96,0,-112,-80,2,1,100,0,1512,1000,96,96,0,-136,-184,1,1,100,90,1608,904,96,96,0,-216,-40,0,1,100,0,1704,1000,96,96,0,-258,-206,0,0,100,-90,944,976,32,32,0,-56,16,0,0,100,270,912,1024,48,48,0,-120,-48,0,0,50,90,992,1072,32,32,0,8,-80,0,0,100,180,944,976,32,32,0,-300,-150,0,0,50,-90,944,944,32,32,0,-142,21,0,0,100,90,1008,944,16,16,0,-129,-100,0,0,60,180,1008,960,16,16,0,-336,-264,0,1,100,0,1496,1496,400,400,0,-336,-264,0,1,100,90,1096,1496,400,400,0,-248,-176,0,1,100,0,0,1136,224,224,0,-146,-72,3,0,100,0,0,1008,120,120,0,-146,-176,1,0,100,0,0,1008,120,120,0,-246,-72,2,0,100,0,0,1008,120,120,0,-246,-176,0,0,100,0,0,1008,120,120,0,-41,-16,0,0,100,0,944,288,80,32,0,
0,22,-160,-136,0,1,100,-180,720,1040,144,144,0,-125,-109,0,0,100,-180,240,832,80,80,0,-64,-104,0,0,100,0,304,496,104,112,0,-15,-63,0,0,100,0,448,224,96,48,0,-112,-80,2,1,100,0,1608,1000,96,96,0,-136,-184,1,1,100,90,1704,904,96,96,0,-216,-40,0,1,100,0,1800,1000,96,96,0,3,-202,1,0,50,0,864,1024,48,48,0,-253,-152,0,0,100,-180,944,976,32,32,0,-255,79,0,0,50,-270,944,976,32,32,0,-64,-24,0,0,100,270,960,1024,32,32,0,-40,-97,0,0,100,90,944,976,32,32,0,-268,-110,0,0,100,-90,976,944,32,32,0,-134,-11,0,0,50,90,1008,960,16,16,0,-336,-264,0,1,100,90,1496,1096,400,400,0,-336,-264,0,1,100,180,1096,1496,400,400,0,-248,-176,0,1,100,0,0,1136,224,224,0,-148,-76,3,0,100,0,0,1008,120,120,0,-148,-172,1,0,100,0,0,1008,120,120,0,-244,-76,2,0,100,0,0,1008,120,120,0,-244,-172,0,0,100,0,0,1008,120,120,0,-41,-16,0,0,100,0,944,288,80,32,0,
0,21,-208,-160,0,1,100,-270,224,1184,176,176,0,-124,-108,0,0,100,-180,240,832,80,80,0,-64,-104,0,0,100,0,408,496,104,112,0,-15,-63,0,0,100,0,544,224,96,48,0,-112,-80,2,1,100,0,1704,1000,96,96,0,-136,-184,1,1,100,90,1800,904,96,96,0,-69,-186,1,0,100,0,912,1024,48,48,0,-228,-118,0,0,100,-180,976,976,32,32,0,-215,55,0,0,100,0,944,976,32,32,0,-104,-72,0,0,50,270,992,1024,32,32,0,-90,-98,0,0,100,90,976,976,32,32,0,59,-45,0,0,50,0,944,944,32,32,0,-215,-69,0,0,100,-90,1008,944,16,16,0,-336,-264,0,1,100,90,1496,1496,400,400,0,-336,-264,0,1,100,270,1096,1496,400,400,0,-248,-176,0,1,100,0,0,1136,224,224,0,-146,-72,3,0,100,0,0,1008,120,120,0,-146,-176,1,0,100,0,0,1008,120,120,0,-246,-72,2,0,100,0,0,1008,120,120,0,-246,-176,0,0,100,0,0,1008,120,120,0,-41,-16,0,0,100,0,944,288,80,32,0,
0,23,-248,-184,0,1,100,0,400,1184,224,224,0,-125,-109,0,0,100,-180,240,832,80,80,0,-64,-104,0,0,100,0,96,496,104,112,0,-15,-63,0,0,100,0,448,176,96,48,0,-112,-80,2,1,100,0,1800,1000,96,96,0,-120,-136,0,1,100,90,1512,1000,96,96,0,-256,-88,0,1,100,0,1512,904,96,96,0,-91,-209,0,0,100,-180,944,976,32,32,0,-117,-154,1,0,100,0,960,1024,32,32,0,-209,-93,0,0,100,-180,1008,976,16,16,0,-108,-257,0,0,50,0,944,944,32,32,0,-174,30,0,0,100,-90,976,976,32,32,0,-106,-89,0,0,100,90,1008,976,16,16,0,-14,38,0,0,50,90,944,944,32,32,0,-181,-65,0,0,60,-90,1008,944,16,16,0,-336,-264,0,1,100,180,1496,1096,400,400,0,-336,-264,0,1,100,0,1096,1496,400,400,0,-248,-176,0,1,100,0,0,1136,224,224,0,-144,-72,3,0,100,0,0,1008,120,120,0,-144,-176,1,0,100,0,0,1008,120,120,0,-248,-72,2,0,100,0,0,1008,120,120,0,-248,-176,0,0,100,0,0,1008,120,120,0,-41,-16,0,0,100,0,944,288,80,32,0,
0,22,-248,-184,0,1,100,-90,400,1184,224,224,0,-124,-108,0,0,100,-180,240,832,80,80,0,-64,-104,0,0,100,0,200,496,104,112,0,-15,-63,0,0,100,0,544,176,96,48,0,-120,-136,0,1,100,90,1608,1000,96,96,0,-256,-88,0,1,100,0,1608,904,96,96,0,-142,-172,0,0,100,-180,976,976,32,32,0,-141,-114,1,0,50,0,992,1024,32,32,0,-326,-79,0,0,50,0,944,944,32,32,0,31,-124,0,0,60,0,944,944,32,32,0,-137,-218,0,0,100,0,944,944,32,32,0,-35,-13,0,0,100,180,976,944,32,32,0,-150,-18,0,0,50,-90,1008,976,16,16,0,-115,-85,0,0,50,90,1008,976,16,16,0,-336,-264,0,1,100,180,1496,1496,400,400,0,-336,-264,0,1,100,90,1096,1496,400,400,0,-248,-176,0,1,100,0,0,1136,224,224,0,-146,-72,3,0,100,0,0,1008,120,120,0,-146,-176,1,0,100,0,0,1008,120,120,0,-246,-72,2,0,100,0,0,1008,120,120,0,-246,-176,0,0,100,0,0,1008,120,120,0,-41,-16,0,0,100,0,944,288,80,32,0,
0,21,-248,-184,0,1,100,-180,400,1184,224,224,0,-125,-109,0,0,100,-180,240,832,80,80,0,-64,-104,0,0,100,0,304,496,104,112,0,-15,-63,0,0,100,0,448,224,96,48,0,-224,-192,0,1,100,-90,1512,904,96,96,0,-120,-136,0,1,100,90,1704,1000,96,96,0,-256,-88,0,1,100,0,1704,904,96,96,0,-152,-125,0,0,100,-180,1008,976,16,16,0,-160,56,0,0,50,90,864,1072,48,48,0,-270,-55,0,0,100,0,976,944,32,32,0,-38,-138,0,0,100,180,944,944,32,32,0,-174,-167,0,0,100,0,976,944,32,32,0,-55,-49,0,0,100,180,1008,944,16,16,0,-336,-264,0,1,100,270,1496,1096,400,400,0,-336,-264,0,1,100,180,1096,1496,400,400,0,-248,-176,0,1,100,0,0,1136,224,224,0,-148,-76,3,0,100,0,0,1008,120,120,0,-148,-172,1,0,100,0,0,1008,120,120,0,-244,-76,2,0,100,0,0,1008,120,120,0,-244,-172,0,0,100,0,0,1008,120,120,0,-41,-16,0,0,100,0,944,288,80,32,0,
0,23,-248,-184,0,1,100,-270,400,1184,224,224,0,-124,-108,0,0,100,-180,240,832,80,80,0,-64,-104,0,0,100,0,408,496,104,112,0,-15,-63,0,0,100,0,544,224,96,48,0,-224,-192,0,1,100,-90,1608,904,96,96,0,-216,-40,0,1,100,0,1512,1000,96,96,0,-120,-136,0,1,100,90,1800,1000,96,96,0,-256,-88,0,1,100,0,1800,904,96,96,0,-136,0,0,0,100,90,912,1072,48,48,0,-218,-40,0,0,100,-90,1008,944,16,16,0,-230,79,0,0,50,90,944,944,32,32,0,-99,-125,0,0,100,180,976,944,32,32,0,-163,-121,0,0,100,0,1008,944,16,16,0,-90,-69,0,0,50,180,1008,944,16,16,0,-152,-45,0,0,40,-180,1008,976,16,16,0,-336,-264,0,1,100,270,1496,1496,400,400,0,-336,-264,0,1,100,270,1096,1496,400,400,0,-248,-176,0,1,100,0,0,1136,224,224,0,-146,-72,3,0,100,0,0,1008,120,120,0,-146,-176,1,0,100,0,0,1008,120,120,0,-246,-72,2,0,100,0,0,1008,120,120,0,-246,-176,0,0,100,0,0,1008,120,120,0,-41,-16,0,0,100,0,944,288,80,32,0,
0,23,-248,-184,0,1,100,0,400,1184,224,224,0,-125,-109,0,0,100,-180,240,832,80,80,0,-64,-104,0,0,100,0,96,496,104,112,0,-15,-63,0,0,100,0,448,176,96,48,0,-224,-192,0,1,100,-90,1704,904,96,96,0,-136,-184,1,1,100,90,1512,904,96,96,0,-216,-40,0,1,100,0,1608,1000,96,96,0,-264,-254,0,0,50,0,944,976,32,32,0,-48,72,0,0,50,270,864,1024,48,48,0,-120,-24,0,0,100,90,960,1072,32,32,0,31,-53,0,0,50,270,944,976,32,32,0,-181,-48,0,0,70,-180,1008,944,16,16,0,-190,53,0,0,100,90,976,944,32,32,0,-114,-108,0,0,100,180,1008,944,16,16,0,-160,-98,0,0,60,0,1008,960,16,16,0,-336,-264,0,1,100,0,1496,1096,400,400,0,-336,-264,0,1,100,0,1096,1496,400,400,0,-248,-176,0,1,100,0,0,1136,224,224,0,-144,-72,3,0,100,0,0,1008,120,120,0,-144,-176,1,0,100,0,0,1008,120,120,0,-248,-72,2,0,100,0,0,1008,120,120,0,-248,-176,0,0,100,0,0,1008,120,120,0,-41,-16,0,0,100,0,944,288,80,32,0,
0,23,-224,-160,0,1,100,-90,0,1360,176,176,0,-124,-108,0,0,100,-180,240,832,80,80,0,-64,-104,0,0,100,0,200,496,104,112,0,-15,-63,0,0,100,0,544,176,96,48,0,-224,-192,0,1,100,-90,1800,904,96,96,0,-112,-80,2,1,100,0,1512,1000,96,96,0,-136,-184,1,1,100,90,1608,904,96,96,0,-216,-40,0,1,100,0,1704,1000,96,96,0,-258,-206,0,0,100,-90,944,976,32,32,0,-56,16,0,0,100,270,912,1024,48,48,0,-120,-48,0,0,50,90,992,1072,32,32,0,8,-80,0,0,100,180,944,976,32,32,0,-300,-150,0,0,50,-90,944,944,32,32,0,-142,21,0,0,100,90,1008,944,16,16,0,-129,-100,0,0,60,180,1008,960,16,16,0,-336,-264,0,1,100,0,1496,1496,400,400,0,-336,-264,0,1,100,90,1096,1496,400,400,0,-248,-176,0,1,100,0,0,1136,224,224,0,-146,-72,3,0,100,0,0,1008,120,120,0,-146,-176,1,0,100,0,0,1008,120,120,0,-246,-72,2,0,100,0,0,1008,120,120,0,-246,-176,0,0,100,0,0,1008,120,120,0,-41,-16,0,0,100,0,944,288,80,32,0,
0,22,-224,-160,0,1,100,-180,176,1360,176,176,0,-125,-109,0,0,100,-180,240,832,80,80,0,-64,-104,0,0,100,0,304,496,104,112,0,-15,-63,0,0,100,0,448,224,96,48,0,-112,-80,2,1,100,0,1608,1000,96,96,0,-136,-184,1,1,100,90,1704,904,96,96,0,-216,-40,0,1,100,0,1800,1000,96,96,0,3,-202,1,0,50,0,864,1024,48,48,0,-253,-152,0,0,100,-180,944,976,32,32,0,-255,79,0,0,50,-270,944,976,32,32,0,-64,-24,0,0,100,270,960,1024,32,32,0,-40,-97,0,0,100,90,944,976,32,32,0,-268,-110,0,0,100,-90,976,944,32,32,0,-134,-11,0,0,50,90,1008,960,16,16,0,-336,-264,0,1,100,90,1496,1096,400,400,0,-336,-264,0,1,100,180,1096,1496,400,400,0,-248,-176,0,1,100,0,0,1136,224,224,0,-148,-76,3,0,100,0,0,1008,120,120,0,-148,-172,1,0,100,0,0,1008,120,120,0,-244,-76,2,0,100,0,0,1008,120,120,0,-244,-172,0,0,100,0,0,1008,120,120,0,-41,-16,0,0,100,0,944,288,80,32,0,
0,22,-224,-160,0,1,100,-270,176,1360,176,176,0,-264,-200,0,1,100,-270,0,1536,256,256,0,-124,-108,0,0,100,-180,240,832,80,80,0,-64,-104,0,0,100,0,408,496,104,112,0,-15,-63,0,0,100,0,544,224,96,48,0,-112,-80,2,1,100,0,1704,1000,96,96,0,-136,-184,1,1,100,90,1800,904,96,96,0,-69,-186,1,0,100,0,912,1024,48,48,0,-228,-118,0,0,100,-180,976,976,32,32,0,-215,55,0,0,100,0,944,976,32,32,0,-104,-72,0,0,50,270,992,1024,32,32,0,-90,-98,0,0,100,90,976,976,32,32,0,59,-45,0,0,50,0,944,944,32,32,0,-215,-69,0,0,100,-90,1008,944,16,16,0,-336,-264,0,1,100,90,1496,1496,400,400,0,-336,-264,0,1,100,270,1096,1496,400,400,0,-248,-176,0,1,100,0,0,1136,224,224,0,-146,-72,3,0,100,0,0,1008,120,120,0,-146,-176,1,0,100,0,0,1008,120,120,0,-246,-72,2,0,100,0,0,1008,120,120,0,-246,-176,0,0,100,0,0,1008,120,120,0,-41,-16,0,0,100,0,944,288,80,32,0,
0,24,-264,-200,0,1,100,0,0,1536,256,256,0,-264,-200,0,1,100,0,256,1536,256,256,0,-125,-109,0,0,100,-180,240,832,80,80,0,-64,-104,0,0,100,0,96,496,104,112,0,-15,-63,0,0,100,0,448,176,96,48,0,-112,-80,2,1,100,0,1800,1000,96,96,0,-120,-136,0,1,100,90,1512,1000,96,96,0,-256,-88,0,1,100,0,1512,904,96,96,0,-91,-209,0,0,100,-180,944,976,32,32,0,-117,-154,1,0,100,0,960,1024,32,32,0,-209,-93,0,0,100,-180,1008,976,16,16,0,-108,-257,0,0,50,0,944,944,32,32,0,-174,30,0,0,100,-90,976,976,32,32,0,-106,-89,0,0,100,90,1008,976,16,16,0,-14,38,0,0,50,90,944,944,32,32,0,-181,-65,0,0,60,-90,1008,944,16,16,0,-336,-264,0,1,100,180,1496,1096,400,400,0,-336,-264,0,1,100,0,1096,1496,400,400,0,-248,-176,0,1,100,0,0,1136,224,224,0,-144,-72,3,0,100,0,0,1008,120,120,0,-144,-176,1,0,100,0,0,1008,120,120,0,-248,-72,2,0,100,0,0,1008,120,120,0,-248,-176,0,0,100,0,0,1008,120,120,0,-41,-16,0,0,100,0,944,288,80,32,0,
0,22,-264,-200,0,1,100,90,256,1536,256,256,0,-124,-108,0,0,100,-180,240,832,80,80,0,-64,-104,0,0,100,0,200,496,104,112,0,-15,-63,0,0,100,0,544,176,96,48,0,-120,-136,0,1,100,90,1608,1000,96,96,0,-256,-88,0,1,100,0,1608,904,96,96,0,-142,-172,0,0,100,-180,976,976,32,32,0,-141,-114,1,0,50,0,992,1024,32,32,0,-326,-79,0,0,50,0,944,944,32,32,0,31,-124,0,0,60,0,944,944,32,32,0,-137,-218,0,0,100,0,944,944,32,32,0,-35,-13,0,0,100,180,976,944,32,32,0,-150,-18,0,0,50,-90,1008,976,16,16,0,-115,-85,0,0,50,90,1008,976,16,16,0,-336,-264,0,1,100,180,1496,1496,400,400,0,-336,-264,0,1,100,90,1096,1496,400,400,0,-248,-176,0,1,100,0,0,1136,224,224,0,-146,-72,3,0,100,0,0,1008,120,120,0,-146,-176,1,0,100,0,0,1008,120,120,0,-246,-72,2,0,100,0,0,1008,120,120,0,-246,-176,0,0,100,0,0,1008,120,120,0,-41,-16,0,0,100,0,944,288,80,32,0,
0,21,-80,-120,0,1,50,0,432,1040,144,144,0,-125,-109,0,0,100,-180,240,832,80,80,0,-64,-104,0,0,100,0,304,496,104,112,0,-15,-63,0,0,100,0,448,224,96,48,0,-224,-192,0,1,100,-90,1512,904,96,96,0,-120,-136,0,1,100,90,1704,1000,96,96,0,-256,-88,0,1,100,0,1704,904,96,96,0,-152,-125,0,0,100,-180,1008,976,16,16,0,-160,56,0,0,50,90,864,1072,48,48,0,-270,-55,0,0,100,0,976,944,32,32,0,-38,-138,0,0,100,180,944,944,32,32,0,-174,-167,0,0,100,0,976,944,32,32,0,-55,-49,0,0,100,180,1008,944,16,16,0,-336,-264,0,1,100,270,1496,1096,400,400,0,-336,-264,0,1,100,180,1096,1496,400,400,0,-248,-176,0,1,100,0,0,1136,224,224,0,-148,-76,3,0,100,0,0,1008,120,120,0,-148,-172,1,0,100,0,0,1008,120,120,0,-244,-76,2,0,100,0,0,1008,120,120,0,-244,-172,0,0,100,0,0,1008,120,120,0,-41,-16,0,0,100,0,944,288,80,32,0,
0,23,-104,-144,0,1,100,-90,576,1040,144,144,0,-124,-108,0,0,100,-180,240,832,80,80,0,-64,-104,0,0,100,0,408,496,104,112,0,-15,-63,0,0,100,0,544,224,96,48,0,-224,-192,0,1,100,-90,1608,904,96,96,0,-216,-40,0,1,100,0,1512,1000,96,96,0,-120,-136,0,1,100,90,1800,1000,96,96,0,-256,-88,0,1,100,0,1800,904,96,96,0,-136,0,0,0,100,90,912,1072,48,48,0,-218,-40,0,0,100,-90,1008,944,16,16,0,-230,79,0,0,50,90,944,944,32,32,0,-99,-125,0,0,100,180,976,944,32,32,0,-163,-121,0,0,100,0,1008,944,16,16,0,-90,-69,0,0,50,180,1008,944,16,16,0,-152,-45,0,0,40,-180,1008,976,16,16,0,-336,-264,0,1,100,270,1496,1496,400,400,0,-336,-264,0,1,100,270,1096,1496,400,400,0,-248,-176,0,1,100,0,0,1136,224,224,0,-146,-72,3,0,100,0,0,1008,120,120,0,-146,-176,1,0,100,0,0,1008,120,120,0,-246,-72,2,0,100,0,0,1008,120,120,0,-246,-176,0,0,100,0,0,1008,120,120,0,-41,-16,0,0,100,0,944,288,80,32,0,
0,23,-128,-168,0,1,100,-180,720,1040,144,144,0,-125,-109,0,0,100,-180,240,832,80,80,0,-64,-104,0,0,100,0,96,496,104,112,0,-15,-63,0,0,100,0,448,176,96,48,0,-224,-192,0,1,100,-90,1704,904,96,96,0,-136,-184,1,1,100,90,1512,904,96,96,0,-216,-40,0,1,100,0,1608,1000,96,96,0,-264,-254,0,0,50,0,944,976,32,32,0,-48,72,0,0,50,270,864,1024,48,48,0,-120,-24,0,0,100,90,960,1072,32,32,0,31,-53,0,0,50,270,944,976,32,32,0,-181,-48,0,0,70,-180,1008,944,16,16,0,-190,53,0,0,100,90,976,944,32,32,0,-114,-108,0,0,100,180,1008,944,16,16,0,-160,-98,0,0,60,0,1008,960,16,16,0,-336,-264,0,1,100,0,1496,1096,400,400,0,-336,-264,0,1,100,0,1096,1496,400,400,0,-248,-176,0,1,100,0,0,1136,224,224,0,-144,-72,3,0,100,0,0,1008,120,120,0,-144,-176,1,0,100,0,0,1008,120,120,0,-248,-72,2,0,100,0,0,1008,120,120,0,-248,-176,0,0,100,0,0,1008,120,120,0,-41,-16,0,0,100,0,944,288,80,32,0,
0,23,-160,-200,0,1,100,-270,224,1184,176,176,0,-124,-108,0,0,100,-180,240,832,80,80,0,-64,-104,0,0,100,0,200,496,104,112,0,-15,-63,0,0,100,0,544,176,96,48,0,-224,-192,0,1,100,-90,1800,904,96,96,0,-112,-80,2,1,100,0,1512,1000,96,96,0,-136,-184,1,1,100,90,1608,904,96,96,0,-216,-40,0,1,100,0,1704,1000,96,96,0,-258,-206,0,0,100,-90,944,976,32,32,0,-56,16,0,0,100,270,912,1024,48,48,0,-120,-48,0,0,50,90,992,1072,32,32,0,8,-80,0,0,100,180,944,976,32,32,0,-300,-150,0,0,50,-90,944,944,32,32,0,-142,21,0,0,100,90,1008,944,16,16,0,-129,-100,0,0,60,180,1008,960,16,16,0,-336,-264,0,1,100,0,1496,1496,400,400,0,-336,-264,0,1,100,90,1096,1496,400,400,0,-248,-176,0,1,100,0,0,1136,224,224,0,-146,-72,3,0,100,0,0,1008,120,120,0,-146,-176,1,0,100,0,0,1008,120,120,0,-246,-72,2,0,100,0,0,1008,120,120,0,-246,-176,0,0,100,0,0,1008,120,120,0,-41,-16,0,0,100,0,944,288,80,32,0,
0,23,-88,-120,0,1,50,-270,432,1040,144,144,0,-200,-232,0,1,100,0,400,1184,224,224,0,-125,-109,0,0,100,-180,240,832,80,80,0,-64,-104,0,0,100,0,304,496,104,112,0,-15,-63,0,0,100,0,448,224,96,48,0,-112,-80,2,1,100,0,1608,1000,96,96,0,-136,-184,1,1,100,90,1704,904,96,96,0,-216,-40,0,1,100,0,1800,1000,96,96,0,3,-202,1,0,50,0,864,1024,48,48,0,-253,-152,0,0,100,-180,944,976,32,32,0,-255,79,0,0,50,-270,944,976,32,32,0,-64,-24,0,0,100,270,960,1024,32,32,0,-40,-97,0,0,100,90,944,976,32,32,0,-268,-110,0,0,100,-90,976,944,32,32,0,-134,-11,0,0,50,90,1008,960,16,16,0,-336,-264,0,1,100,90,1496,1096,400,400,0,-336,-264,0,1,100,180,1096,1496,400,400,0,-248,-176,0,1,100,0,0,1136,224,224,0,-148,-76,3,0,100,0,0,1008,120,120,0,-148,-172,1,0,100,0,0,1008,120,120,0,-244,-76,2,0,100,0,0,1008,120,120,0,-244,-172,0,0,100,0,0,1008,120,120,0,-41,-16,0,0,100,0,944,288,80,32,0,
0,22,-119,-102,0,1,100,0,576,1040,144,144,0,-200,-232,0,1,100,-90,400,1184,224,224,0,-124,-108,0,0,100,-180,240,832,80,80,0,-64,-104,0,0,100,0,408,496,104,112,0,-15,-63,0,0,100,0,544,224,96,48,0,-112,-80,2,1,100,0,1704,1000,96,96,0,-136,-184,1,1,100,90,1800,904,96,96,0,-69,-186,1,0,100,0,912,1024,48,48,0,-228,-118,0,0,100,-180,976,976,32,32,0,-215,55,0,0,100,0,944,976,32,32,0,-104,-72,0,0,50,270,992,1024,32,32,0,-90,-98,0,0,100,90,976,976,32,32,0,59,-45,0,0,50,0,944,944,32,32,0,-215,-69,0,0,100,-90,1008,944,16,16,0,-336,-264,0,1,100,90,1496,1496,400,400,0,-336,-264,0,1,100,270,1096,1496,400,400,0,-248,-176,0,1,100,0,0,1136,224,224,0,-146,-72,3,0,100,0,0,1008,120,120,0,-146,-176,1,0,100,0,0,1008,120,120,0,-246,-72,2,0,100,0,0,1008,120,120,0,-246,-176,0,0,100,0,0,1008,120,120,0,-41,-16,0,0,100,0,944,288,80,32,0,
0,25,-80,-120,0,1,50,0,432,1040,144,144,0,-151,-83,0,1,100,-90,720,1040,144,144,0,-176,-208,0,1,100,-180,0,1360,176,176,0,-125,-109,0,0,100,-180,240,832,80,80,0,-64,-104,0,0,100,0,96,496,104,112,0,-15,-63,0,0,100,0,448,176,96,48,0,-112,-80,2,1,100,0,1800,1000,96,96,0,-120,-136,0,1,100,90,1512,1000,96,96,0,-256,-88,0,1,100,0,1512,904,96,96,0,-91,-209,0,0,100,-180,944,976,32,32,0,-117,-154,1,0,100,0,960,1024,32,32,0,-209,-93,0,0,100,-180,1008,976,16,16,0,-108,-257,0,0,50,0,944,944,32,32,0,-174,30,0,0,100,-90,976,976,32,32,0,-106,-89,0,0,100,90,1008,976,16,16,0,-14,38,0,0,50,90,944,944,32,32,0,-181,-65,0,0,60,-90,1008,944,16,16,0,-336,-264,0,1,100,180,1496,1096,400,400,0,-336,-264,0,1,100,0,1096,1496,400,400,0,-248,-176,0,1,100,0,0,1136,224,224,0,-144,-72,3,0,100,0,0,1008,120,120,0,-144,-176,1,0,100,0,0,1008,120,120,0,-248,-72,2,0,100,0,0,1008,120,120,0,-248,-176,0,0,100,0,0,1008,120,120,0,-41,-16,0,0,100,0,944,288,80,32,0,
0,24,-136,-136,0,1,100,-90,576,1040,144,144,0,-200,-89,0,1,100,-180,224,1184,176,176,0,-176,-208,0,1,100,-270,176,1360,176,176,0,-124,-108,0,0,100,-180,240,832,80,80,0,-64,-104,0,0,100,0,200,496,104,112,0,-15,-63,0,0,100,0,544,176,96,48,0,-120,-136,0,1,100,90,1608,1000,96,96,0,-256,-88,0,1,100,0,1608,904,96,96,0,-142,-172,0,0,100,-180,976,976,32,32,0,-141,-114,1,0,50,0,992,1024,32,32,0,-326,-79,0,0,50,0,944,944,32,32,0,31,-124,0,0,60,0,944,944,32,32,0,-137,-218,0,0,100,0,944,944,32,32,0,-35,-13,0,0,100,180,976,944,32,32,0,-150,-18,0,0,50,-90,1008,976,16,16,0,-115,-85,0,0,50,90,1008,976,16,16,0,-336,-264,0,1,100,180,1496,1496,400,400,0,-336,-264,0,1,100,90,1096,1496,400,400,0,-248,-176,0,1,100,0,0,1136,224,224,0,-146,-72,3,0,100,0,0,1008,120,120,0,-146,-176,1,0,100,0,0,1008,120,120,0,-246,-72,2,0,100,0,0,1008,120,120,0,-246,-176,0,0,100,0,0,1008,120,120,0,-41,-16,0,0,100,0,944,288,80,32,0,
0,24,-112,-152,0,1,50,-270,576,1040,144,144,0,-176,-152,0,1,100,-180,720,1040,144,144,0,-256,-88,0,1,100,-270,400,1184,224,224,0,-216,-248,0,1,100,0,0,1536,256,256,0,-125,-109,0,0,100,-180,240,832,80,80,0,-64,-104,0,0,100,0,304,496,104,112,0,-15,-63,0,0,100,0,448,224,96,48,0,-224,-192,0,1,100,-90,1512,904,96,96,0,-120,-136,0,1,100,90,1704,1000,96,96,0,-256,-88,0,1,100,0,1704,904,96,96,0,-152,-125,0,0,100,-180,1008,976,16,16,0,-160,56,0,0,50,90,864,1072,48,48,0,-270,-55,0,0,100,0,976,944,32,32,0,-38,-138,0,0,100,180,944,944,32,32,0,-174,-167,0,0,100,0,976,944,32,32,0,-55,-49,0,0,100,180,1008,944,16,16,0,-336,-264,0,1,100,270,1496,1096,400,400,0,-336,-264,0,1,100,180,1096,1496,400,400,0,-248,-176,0,1,100,0,0,1136,224,224,0,-148,-76,3,0,100,0,0,1008,120,120,0,-148,-172,1,0,100,0,0,1008,120,120,0,-244,-76,2,0,100,0,0,1008,120,120,0,-244,-172,0,0,100,0,0,1008,120,120,0,-41,-16,0,0,100,0,944,288,80,32,0,
0,26,-139,-182,0,1,100,0,720,1040,144,144,0,-224,-176,0,1,100,-270,224,1184,176,176,0,-256,-88,0,1,100,0,400,1184,224,224,0,-216,-248,0,1,100,-90,256,1536,256,256,0,-124,-108,0,0,100,-180,240,832,80,80,0,-64,-104,0,0,100,0,408,496,104,112,0,-15,-63,0,0,100,0,544,224,96,48,0,-224,-192,0,1,100,-90,1608,904,96,96,0,-216,-40,0,1,100,0,1512,1000,96,96,0,-120,-136,0,1,100,90,1800,1000,96,96,0,-256,-88,0,1,100,0,1800,904,96,96,0,-136,0,0,0,100,90,912,1072,48,48,0,-218,-40,0,0,100,-90,1008,944,16,16,0,-230,79,0,0,50,90,944,944,32,32,0,-99,-125,0,0,100,180,976,944,32,32,0,-163,-121,0,0,100,0,1008,944,16,16,0,-90,-69,0,0,50,180,1008,944,16,16,0,-152,-45,0,0,40,-180,1008,976,16,16,0,-336,-264,0,1,100,270,1496,1496,400,400,0,-336,-264,0,1,100,270,1096,1496,400,400,0,-248,-176,0,1,100,0,0,1136,224,224,0,-146,-72,3,0,100,0,0,1008,120,120,0,-146,-176,1,0,100,0,0,1008,120,120,0,-246,-72,2,0,100,0,0,1008,120,120,0,-246,-176,0,0,100,0,0,1008,120,120,0,-41,-16,0,0,100,0,944,288,80,32,0,
0,26,-144,-120,0,1,50,-90,576,1040,144,144,0,-176,-216,0,1,100,-90,224,1184,176,176,0,-280,-208,0,1,100,0,400,1184,224,224,0,-232,-64,0,1,100,-90,0,1360,176,176,0,-125,-109,0,0,100,-180,240,832,80,80,0,-64,-104,0,0,100,0,96,496,104,112,0,-15,-63,0,0,100,0,448,176,96,48,0,-224,-192,0,1,100,-90,1704,904,96,96,0,-136,-184,1,1,100,90,1512,904,96,96,0,-216,-40,0,1,100,0,1608,1000,96,96,0,-264,-254,0,0,50,0,944,976,32,32,0,-48,72,0,0,50,270,864,1024,48,48,0,-120,-24,0,0,100,90,960,1072,32,32,0,31,-53,0,0,50,270,944,976,32,32,0,-181,-48,0,0,70,-180,1008,944,16,16,0,-190,53,0,0,100,90,976,944,32,32,0,-114,-108,0,0,100,180,1008,944,16,16,0,-160,-98,0,0,60,0,1008,960,16,16,0,-336,-264,0,1,100,0,1496,1096,400,400,0,-336,-264,0,1,100,0,1096,1496,400,400,0,-248,-176,0,1,100,0,0,1136,224,224,0,-144,-72,3,0,100,0,0,1008,120,120,0,-144,-176,1,0,100,0,0,1008,120,120,0,-248,-72,2,0,100,0,0,1008,120,120,0,-248,-176,0,0,100,0,0,1008,120,120,0,-41,-16,0,0,100,0,944,288,80,32,0,
0,26,-184,-128,0,1,100,-180,720,1040,144,144,0,-224,-256,0,1,100,-180,400,1192,224,216,0,-256,-184,0,1,100,-90,0,1360,176,176,0,-232,-64,0,1,100,-180,176,1360,176,176,0,-124,-108,0,0,100,-180,240,832,80,80,0,-64,-104,0,0,100,0,200,496,104,112,0,-15,-63,0,0,100,0,544,176,96,48,0,-224,-192,0,1,100,-90,1800,904,96,96,0,-112,-80,2,1,100,0,1512,1000,96,96,0,-136,-184,1,1,100,90,1608,904,96,96,0,-216,-40,0,1,100,0,1704,1000,96,96,0,-258,-206,0,0,100,-90,944,976,32,32,0,-56,16,0,0,100,270,912,1024,48,48,0,-120,-48,0,0,50,90,992,1072,32,32,0,8,-80,0,0,100,180,944,976,32,32,0,-300,-150,0,0,50,-90,944,944,32,32,0,-142,21,0,0,100,90,1008,944,16,16,0,-129,-100,0,0,60,180,1008,960,16,16,0,-336,-264,0,1,100,0,1496,1496,400,400,0,-336,-264,0,1,100,90,1096,1496,400,400,0,-248,-176,0,1,100,0,0,1136,224,224,0,-146,-72,3,0,100,0,0,1008,120,120,0,-146,-176,1,0,100,0,0,1008,120,120,0,-246,-72,2,0,100,0,0,1008,120,120,0,-246,-176,0,0,100,0,0,1008,120,120,0,-41,-16,0,0,100,0,944,288,80,32,0,
0,26,-120,-88,0,1,50,0,720,1040,144,144,0,-248,-148,0,1,100,-270,224,1184,176,176,0,-200,-232,0,1,100,-270,0,1360,176,176,0,-256,-184,0,1,100,-90,176,1360,176,176,0,-272,-104,0,1,100,-270,0,1536,256,256,0,-125,-109,0,0,100,-180,240,832,80,80,0,-64,-104,0,0,100,0,304,496,104,112,0,-15,-63,0,0,100,0,448,224,96,48,0,-112,-80,2,1,100,0,1608,1000,96,96,0,-136,-184,1,1,100,90,1704,904,96,96,0,-216,-40,0,1,100,0,1800,1000,96,96,0,3,-202,1,0,50,0,864,1024,48,48,0,-253,-152,0,0,100,-180,944,976,32,32,0,-255,79,0,0,50,-270,944,976,32,32,0,-64,-24,0,0,100,270,960,1024,32,32,0,-40,-97,0,0,100,90,944,976,32,32,0,-268,-110,0,0,100,-90,976,944,32,32,0,-134,-11,0,0,50,90,1008,960,16,16,0,-336,-264,0,1,100,90,1496,1096,400,400,0,-336,-264,0,1,100,180,1096,1496,400,400,0,-248,-176,0,1,100,0,0,1136,224,224,0,-148,-76,3,0,100,0,0,1008,120,120,0,-148,-172,1,0,100,0,0,1008,120,120,0,-244,-76,2,0,100,0,0,1008,120,120,0,-244,-172,0,0,100,0,0,1008,120,120,0,-41,-16,0,0,100,0,944,288,80,32,0,
0,25,-160,-88,0,1,100,-90,224,1184,176,176,0,-304,-176,0,1,100,0,400,1184,224,224,0,-200,-232,0,1,100,0,176,1360,176,176,0,-296,-224,0,1,100,-180,0,1536,256,256,0,-272,-104,0,1,100,0,256,1536,256,256,0,-124,-108,0,0,100,-180,240,832,80,80,0,-64,-104,0,0,100,0,408,496,104,112,0,-15,-63,0,0,100,0,544,224,96,48,0,-112,-80,2,1,100,0,1704,1000,96,96,0,-136,-184,1,1,100,90,1800,904,96,96,0,-69,-186,1,0,100,0,912,1024,48,48,0,-228,-118,0,0,100,-180,976,976,32,32,0,-215,55,0,0,100,0,944,976,32,32,0,-104,-72,0,0,50,270,992,1024,32,32,0,-90,-98,0,0,100,90,976,976,32,32,0,59,-45,0,0,50,0,944,944,32,32,0,-215,-69,0,0,100,-90,1008,944,16,16,0,-336,-264,0,1,100,90,1496,1496,400,400,0,-336,-264,0,1,100,270,1096,1496,400,400,0,-248,-176,0,1,100,0,0,1136,224,224,0,-146,-72,3,0,100,0,0,1008,120,120,0,-146,-176,1,0,100,0,0,1008,120,120,0,-246,-72,2,0,100,0,0,1008,120,120,0,-246,-176,0,0,100,0,0,1008,120,120,0,-41,-16,0,0,100,0,944,288,80,32,0,
0,27,-136,-200,0,1,50,-270,224,1184,176,176,0,-200,-104,0,1,100,-180,400,1184,224,224,0,-280,-152,0,1,100,-90,0,1360,176,176,0,-240,-272,0,1,100,-90,0,1536,256,256,0,-296,-224,0,1,100,-270,256,1536,256,256,0,-125,-109,0,0,100,-180,240,832,80,80,0,-64,-104,0,0,100,0,96,496,104,112,0,-15,-63,0,0,100,0,448,176,96,48,0,-112,-80,2,1,100,0,1800,1000,96,96,0,-120,-136,0,1,100,90,1512,1000,96,96,0,-256,-88,0,1,100,0,1512,904,96,96,0,-91,-209,0,0,100,-180,944,976,32,32,0,-117,-154,1,0,100,0,960,1024,32,32,0,-209,-93,0,0,100,-180,1008,976,16,16,0,-108,-257,0,0,50,0,944,944,32,32,0,-174,30,0,0,100,-90,976,976,32,32,0,-106,-89,0,0,100,90,1008,976,16,16,0,-14,38,0,0,50,90,944,944,32,32,0,-181,-65,0,0,60,-90,1008,944,16,16,0,-336,-264,0,1,100,180,1496,1096,400,400,0,-336,-264,0,1,100,0,1096,1496,400,400,0,-248,-176,0,1,100,0,0,1136,224,224,0,-144,-72,3,0,100,0,0,1008,120,120,0,-144,-176,1,0,100,0,0,1008,120,120,0,-248,-72,2,0,100,0,0,1008,120,120,0,-248,-176,0,0,100,0,0,1008,120,120,0,-41,-16,0,0,100,0,944,288,80,32,0,
0,25,-184,-232,0,1,100,0,400,1184,224,224,0,-176,-80,0,1,100,-270,0,1360,176,176,0,-280,-152,0,1,100,-180,176,1360,176,176,0,-240,-272,0,1,100,-180,256,1536,256,256,0,-124,-108,0,0,100,-180,240,832,80,80,0,-64,-104,0,0,100,0,200,496,104,112,0,-15,-63,0,0,100,0,544,176,96,48,0,-120,-136,0,1,100,90,1608,1000,96,96,0,-256,-88,0,1,100,0,1608,904,96,96,0,-142,-172,0,0,100,-180,976,976,32,32,0,-141,-114,1,0,50,0,992,1024,32,32,0,-326,-79,0,0,50,0,944,944,32,32,0,31,-124,0,0,60,0,944,944,32,32,0,-137,-218,0,0,100,0,944,944,32,32,0,-35,-13,0,0,100,180,976,944,32,32,0,-150,-18,0,0,50,-90,1008,976,16,16,0,-115,-85,0,0,50,90,1008,976,16,16,0,-336,-264,0,1,100,180,1496,1496,400,400,0,-336,-264,0,1,100,90,1096,1496,400,400,0,-248,-176,0,1,100,0,0,1136,224,224,0,-146,-72,3,0,100,0,0,1008,120,120,0,-146,-176,1,0,100,0,0,1008,120,120,0,-246,-72,2,0,100,0,0,1008,120,120,0,-246,-176,0,0,100,0,0,1008,120,120,0,-41,-16,0,0,100,0,944,288,80,32,0,
0,24,-328,-232,0,1,50,0,400,1184,224,224,0,-160,-208,0,1,100,-90,0,1360,176,176,0,-176,-80,0,1,100,0,176,1360,176,176,0,-320,-192,0,1,100,-270,0,1536,256,256,0,-125,-109,0,0,100,-180,240,832,80,80,0,-64,-104,0,0,100,0,304,496,104,112,0,-15,-63,0,0,100,0,448,224,96,48,0,-224,-192,0,1,100,-90,1512,904,96,96,0,-120,-136,0,1,100,90,1704,1000,96,96,0,-256,-88,0,1,100,0,1704,904,96,96,0,-152,-125,0,0,100,-180,1008,976,16,16,0,-160,56,0,0,50,90,864,1072,48,48,0,-270,-55,0,0,100,0,976,944,32,32,0,-38,-138,0,0,100,180,944,944,32,32,0,-174,-167,0,0,100,0,976,944,32,32,0,-55,-49,0,0,100,180,1008,944,16,16,0,-336,-264,0,1,100,270,1496,1096,400,400,0,-336,-264,0,1,100,180,1096,1496,400,400,0,-248,-176,0,1,100,0,0,1136,224,224,0,-148,-76,3,0,100,0,0,1008,120,120,0,-148,-172,1,0,100,0,0,1008,120,120,0,-244,-76,2,0,100,0,0,1008,120,120,0,-244,-172,0,0,100,0,0,1008,120,120,0,-41,-16,0,0,100,0,944,288,80,32,0,
0,27,-320,-88,0,1,50,0,400,1184,224,224,0,-304,-208,0,1,100,-90,0,1360,176,176,0,-160,-208,0,1,100,-180,176,1360,176,176,0,-216,-120,0,1,100,-90,0,1536,256,256,0,-320,-192,0,1,100,0,256,1536,256,256,0,-124,-108,0,0,100,-180,240,832,80,80,0,-64,-104,0,0,100,0,408,496,104,112,0,-15,-63,0,0,100,0,544,224,96,48,0,-224,-192,0,1,100,-90,1608,904,96,96,0,-216,-40,0,1,100,0,1512,1000,96,96,0,-120,-136,0,1,100,90,1800,1000,96,96,0,-256,-88,0,1,100,0,1800,904,96,96,0,-136,0,0,0,100,90,912,1072,48,48,0,-218,-40,0,0,100,-90,1008,944,16,16,0,-230,79,0,0,50,90,944,944,32,32,0,-99,-125,0,0,100,180,976,944,32,32,0,-163,-121,0,0,100,0,1008,944,16,16,0,-90,-69,0,0,50,180,1008,944,16,16,0,-152,-45,0,0,40,-180,1008,976,16,16,0,-336,-264,0,1,100,270,1496,1496,400,400,0,-336,-264,0,1,100,270,1096,1496,400,400,0,-248,-176,0,1,100,0,0,1136,224,224,0,-146,-72,3,0,100,0,0,1008,120,120,0,-146,-176,1,0,100,0,0,1008,120,120,0,-246,-72,2,0,100,0,0,1008,120,120,0,-246,-176,0,0,100,0,0,1008,120,120,0,-41,-16,0,0,100,0,944,288,80,32,0,
0,27,-224,-256,0,1,50,-180,400,1192,224,216,0,-296,-64,0,1,100,-90,0,1360,176,176,0,-304,-208,0,1,100,-180,176,1360,176,176,0,-200,-248,0,1,100,-270,0,1536,256,256,0,-216,-120,0,1,100,-180,256,1536,256,256,0,-125,-109,0,0,100,-180,240,832,80,80,0,-64,-104,0,0,100,0,96,496,104,112,0,-15,-63,0,0,100,0,448,176,96,48,0,-224,-192,0,1,100,-90,1704,904,96,96,0,-136,-184,1,1,100,90,1512,904,96,96,0,-216,-40,0,1,100,0,1608,1000,96,96,0,-264,-254,0,0,50,0,944,976,32,32,0,-48,72,0,0,50,270,864,1024,48,48,0,-120,-24,0,0,100,90,960,1072,32,32,0,31,-53,0,0,50,270,944,976,32,32,0,-181,-48,0,0,70,-180,1008,944,16,16,0,-190,53,0,0,100,90,976,944,32,32,0,-114,-108,0,0,100,180,1008,944,16,16,0,-160,-98,0,0,60,0,1008,960,16,16,0,-336,-264,0,1,100,0,1496,1096,400,400,0,-336,-264,0,1,100,0,1096,1496,400,400,0,-248,-176,0,1,100,0,0,1136,224,224,0,-144,-72,3,0,100,0,0,1008,120,120,0,-144,-176,1,0,100,0,0,1008,120,120,0,-248,-72,2,0,100,0,0,1008,120,120,0,-248,-176,0,0,100,0,0,1008,120,120,0,-41,-16,0,0,100,0,944,288,80,32,0,
0,26,-200,-232,0,1,100,-270,0,1360,176,176,0,-296,-64,0,1,100,-180,176,1360,176,176,0,-344,-248,0,1,100,-270,0,1536,256,256,0,-200,-248,0,1,100,0,256,1536,256,256,0,-124,-108,0,0,100,-180,240,832,80,80,0,-64,-104,0,0,100,0,200,496,104,112,0,-15,-63,0,0,100,0,544,176,96,48,0,-224,-192,0,1,100,-90,1800,904,96,96,0,-112,-80,2,1,100,0,1512,1000,96,96,0,-136,-184,1,1,100,90,1608,904,96,96,0,-216,-40,0,1,100,0,1704,1000,96,96,0,-258,-206,0,0,100,-90,944,976,32,32,0,-56,16,0,0,100,270,912,1024,48,48,0,-120,-48,0,0,50,90,992,1072,32,32,0,8,-80,0,0,100,180,944,976,32,32,0,-300,-150,0,0,50,-90,944,944,32,32,0,-142,21,0,0,100,90,1008,944,16,16,0,-129,-100,0,0,60,180,1008,960,16,16,0,-336,-264,0,1,100,0,1496,1496,400,400,0,-336,-264,0,1,100,90,1096,1496,400,400,0,-248,-176,0,1,100,0,0,1136,224,224,0,-146,-72,3,0,100,0,0,1008,120,120,0,-146,-176,1,0,100,0,0,1008,120,120,0,-246,-72,2,0,100,0,0,1008,120,120,0,-246,-176,0,0,100,0,0,1008,120,120,0,-41,-16,0,0,100,0,944,288,80,32,0,
0,25,-280,-152,0,1,50,-90,0,1360,176,176,0,-200,-232,0,1,100,0,176,1360,176,176,0,-336,-104,0,1,100,-270,0,1536,256,256,0,-344,-248,0,1,100,0,256,1536,256,256,0,-125,-109,0,0,100,-180,240,832,80,80,0,-64,-104,0,0,100,0,304,496,104,112,0,-15,-63,0,0,100,0,448,224,96,48,0,-112,-80,2,1,100,0,1608,1000,96,96,0,-136,-184,1,1,100,90,1704,904,96,96,0,-216,-40,0,1,100,0,1800,1000,96,96,0,3,-202,1,0,50,0,864,1024,48,48,0,-253,-152,0,0,100,-180,944,976,32,32,0,-255,79,0,0,50,-270,944,976,32,32,0,-64,-24,0,0,100,270,960,1024,32,32,0,-40,-97,0,0,100,90,944,976,32,32,0,-268,-110,0,0,100,-90,976,944,32,32,0,-134,-11,0,0,50,90,1008,960,16,16,0,-336,-264,0,1,100,90,1496,1096,400,400,0,-336,-264,0,1,100,180,1096,1496,400,400,0,-248,-176,0,1,100,0,0,1136,224,224,0,-148,-76,3,0,100,0,0,1008,120,120,0,-148,-172,1,0,100,0,0,1008,120,120,0,-244,-76,2,0,100,0,0,1008,120,120,0,-244,-172,0,0,100,0,0,1008,120,120,0,-41,-16,0,0,100,0,944,288,80,32,0,
0,24,-160,-80,0,1,50,-270,224,1184,176,176,0,-280,-152,0,1,100,-180,176,1360,176,176,0,-240,-272,0,1,100,-90,0,1536,256,256,0,-336,-104,0,1,100,0,256,1536,256,256,0,-124,-108,0,0,100,-180,240,832,80,80,0,-64,-104,0,0,100,0,408,496,104,112,0,-15,-63,0,0,100,0,544,224,96,48,0,-112,-80,2,1,100,0,1704,1000,96,96,0,-136,-184,1,1,100,90,1800,904,96,96,0,-69,-186,1,0,100,0,912,1024,48,48,0,-228,-118,0,0,100,-180,976,976,32,32,0,-215,55,0,0,100,0,944,976,32,32,0,-104,-72,0,0,50,270,992,1024,32,32,0,-90,-98,0,0,100,90,976,976,32,32,0,59,-45,0,0,50,0,944,944,32,32,0,-215,-69,0,0,100,-90,1008,944,16,16,0,-336,-264,0,1,100,90,1496,1496,400,400,0,-336,-264,0,1,100,270,1096,1496,400,400,0,-248,-176,0,1,100,0,0,1136,224,224,0,-146,-72,3,0,100,0,0,1008,120,120,0,-146,-176,1,0,100,0,0,1008,120,120,0,-246,-72,2,0,100,0,0,1008,120,120,0,-246,-176,0,0,100,0,0,1008,120,120,0,-41,-16,0,0,100,0,944,288,80,32,0,
0,26,-216,-152,0,1,50,-180,224,1184,176,176,0,-160,-80,0,1,100,0,176,1360,176,176,0,-320,-200,0,1,100,-270,0,1536,256,256,0,-240,-272,0,1,100,-180,256,1536,256,256,0,-125,-109,0,0,100,-180,240,832,80,80,0,-64,-104,0,0,100,0,96,496,104,112,0,-15,-63,0,0,100,0,448,176,96,48,0,-112,-80,2,1,100,0,1800,1000,96,96,0,-120,-136,0,1,100,90,1512,1000,96,96,0,-256,-88,0,1,100,0,1512,904,96,96,0,-91,-209,0,0,100,-180,944,976,32,32,0,-117,-154,1,0,100,0,960,1024,32,32,0,-209,-93,0,0,100,-180,1008,976,16,16,0,-108,-257,0,0,50,0,944,944,32,32,0,-174,30,0,0,100,-90,976,976,32,32,0,-106,-89,0,0,100,90,1008,976,16,16,0,-14,38,0,0,50,90,944,944,32,32,0,-181,-65,0,0,60,-90,1008,944,16,16,0,-336,-264,0,1,100,180,1496,1096,400,400,0,-336,-264,0,1,100,0,1096,1496,400,400,0,-248,-176,0,1,100,0,0,1136,224,224,0,-144,-72,3,0,100,0,0,1008,120,120,0,-144,-176,1,0,100,0,0,1008,120,120,0,-248,-72,2,0,100,0,0,1008,120,120,0,-248,-176,0,0,100,0,0,1008,120,120,0,-41,-16,0,0,100,0,944,288,80,32,0,
0,24,-216,-152,0,1,100,-270,176,1360,176,176,0,-200,-120,0,1,100,-90,0,1536,256,256,0,-320,-200,0,1,100,0,256,1536,256,256,0,-124,-108,0,0,100,-180,240,832,80,80,0,-64,-104,0,0,100,0,200,496,104,112,0,-15,-63,0,0,100,0,544,176,96,48,0,-120,-136,0,1,100,90,1608,1000,96,96,0,-256,-88,0,1,100,0,1608,904,96,96,0,-142,-172,0,0,100,-180,976,976,32,32,0,-141,-114,1,0,50,0,992,1024,32,32,0,-326,-79,0,0,50,0,944,944,32,32,0,31,-124,0,0,60,0,944,944,32,32,0,-137,-218,0,0,100,0,944,944,32,32,0,-35,-13,0,0,100,180,976,944,32,32,0,-150,-18,0,0,50,-90,1008,976,16,16,0,-115,-85,0,0,50,90,1008,976,16,16,0,-336,-264,0,1,100,180,1496,1496,400,400,0,-336,-264,0,1,100,90,1096,1496,400,400,0,-248,-176,0,1,100,0,0,1136,224,224,0,-146,-72,3,0,100,0,0,1008,120,120,0,-146,-176,1,0,100,0,0,1008,120,120,0,-246,-72,2,0,100,0,0,1008,120,120,0,-246,-176,0,0,100,0,0,1008,120,120,0,-41,-16,0,0,100,0,944,288,80,32,0,
0,22,-256,-192,0,1,100,0,0,1536,256,256,0,-200,-120,0,1,100,-180,256,1536,256,256,0,-125,-109,0,0,100,-180,240,832,80,80,0,-64,-104,0,0,100,0,304,496,104,112,0,-15,-63,0,0,100,0,448,224,96,48,0,-224,-192,0,1,100,-90,1512,904,96,96,0,-120,-136,0,1,100,90,1704,1000,96,96,0,-256,-88,0,1,100,0,1704,904,96,96,0,-152,-125,0,0,100,-180,1008,976,16,16,0,-160,56,0,0,50,90,864,1072,48,48,0,-270,-55,0,0,100,0,976,944,32,32,0,-38,-138,0,0,100,180,944,944,32,32,0,-174,-167,0,0,100,0,976,944,32,32,0,-55,-49,0,0,100,180,1008,944,16,16,0,-336,-264,0,1,100,270,1496,1096,400,400,0,-336,-264,0,1,100,180,1096,1496,400,400,0,-248,-176,0,1,100,0,0,1136,224,224,0,-148,-76,3,0,100,0,0,1008,120,120,0,-148,-172,1,0,100,0,0,1008,120,120,0,-244,-76,2,0,100,0,0,1008,120,120,0,-244,-172,0,0,100,0,0,1008,120,120,0,-41,-16,0,0,100,0,944,288,80,32,0,
0,23,-256,-192,0,1,100,-90,256,1536,256,256,0,-124,-108,0,0,100,-180,240,832,80,80,0,-64,-104,0,0,100,0,408,496,104,112,0,-15,-63,0,0,100,0,544,224,96,48,0,-224,-192,0,1,100,-90,1608,904,96,96,0,-216,-40,0,1,100,0,1512,1000,96,96,0,-120,-136,0,1,100,90,1800,1000,96,96,0,-256,-88,0,1,100,0,1800,904,96,96,0,-136,0,0,0,100,90,912,1072,48,48,0,-218,-40,0,0,100,-90,1008,944,16,16,0,-230,79,0,0,50,90,944,944,32,32,0,-99,-125,0,0,100,180,976,944,32,32,0,-163,-121,0,0,100,0,1008,944,16,16,0,-90,-69,0,0,50,180,1008,944,16,16,0,-152,-45,0,0,40,-180,1008,976,16,16,0,-336,-264,0,1,100,270,1496,1496,400,400,0,-336,-264,0,1,100,270,1096,1496,400,400,0,-248,-176,0,1,100,0,0,1136,224,224,0,-146,-72,3,0,100,0,0,1008,120,120,0,-146,-176,1,0,100,0,0,1008,120,120,0,-246,-72,2,0,100,0,0,1008,120,120,0,-246,-176,0,0,100,0,0,1008,120,120,0,-41,-16,0,0,100,0,944,288,80,32,0,
0,19,-125,-109,0,0,100,-180,240,832,80,80,0,-64,-104,0,0,100,0,96,496,104,112,0,-15,-63,0,0,100,0,448,176,96,48,0,-224,-192,0,1,100,-90,1704,904,96,96,0,-136,-184,1,1,100,90,1512,904,96,96,0,-216,-40,0,1,100,0,1608,1000,96,96,0,-120,-24,0,0,100,90,960,1072,32,32,0,-181,-48,0,0,70,-180,1008,944,16,16,0,-190,53,0,0,100,90,976,944,32,32,0,-114,-108,0,0,100,180,1008,944,16,16,0,-160,-98,0,0,60,0,1008,960,16,16,0,-336,-264,0,1,100,0,1496,1096,400,400,0,-336,-264,0,1,100,0,1096,1496,400,400,0,-248,-176,0,1,100,0,0,1136,224,224,0,-144,-72,3,0,100,0,0,1008,120,120,0,-144,-176,1,0,100,0,0,1008,120,120,0,-248,-72,2,0,100,0,0,1008,120,120,0,-248,-176,0,0,100,0,0,1008,120,120,0,-41,-16,0,0,100,0,944,288,80,32,0,
0,18,-124,-108,0,0,100,-180,240,832,80,80,0,-64,-104,0,0,100,0,200,496,104,112,0,-15,-63,0,0,100,0,544,176,96,48,0,-224,-192,0,1,100,-90,1800,904,96,96,0,-112,-80,2,1,100,0,1512,1000,96,96,0,-136,-184,1,1,100,90,1608,904,96,96,0,-216,-40,0,1,100,0,1704,1000,96,96,0,-120,-48,0,0,50,90,992,1072,32,32,0,-142,21,0,0,50,90,1008,944,16,16,0,-129,-100,0,0,60,180,1008,960,16,16,0,-336,-264,0,1,50,0,1496,1496,400,400,0,-336,-264,0,1,50,90,1096,1496,400,400,0,-248,-176,0,1,100,0,0,1136,224,224,0,-146,-72,3,0,100,0,0,1008,120,120,0,-146,-176,1,0,100,0,0,1008,120,120,0,-246,-72,2,0,100,0,0,1008,120,120,0,-246,-176,0,0,100,0,0,1008,120,120,0,-41,-16,0,0,100,0,944,288,80,32,0,
0,28,-9,-86,0,0,100,0,96,192,32,32,0,-24,-90,0,0,100,0,32,0,32,32,0,-10,-79,0,0,100,0,96,448,48,48,0,-16,-56,0,0,100,0,0,160,32,32,0,-22,-60,0,0,100,0,0,128,32,32,0,-17,-61,0,0,100,0,784,240,48,64,0,-29,-61,0,0,100,0,768,240,16,64,0,-35,-47,0,0,100,0,704,80,48,48,0,-32,-87,0,0,100,0,64,192,32,32,0,-27,-79,0,0,100,0,96,32,48,48,0,-101,-130,0,0,100,-180,80,832,80,80,0,-7,-43,0,0,100,0,0,784,48,48,0,-38,-28,0,0,100,0,0,576,32,32,0,-51,-84,0,0,100,0,144,256,48,48,0,-20,-65,0,0,100,0,344,112,88,48,0,-26,-50,0,0,100,0,656,128,48,48,0,-168,-112,1,1,100,180,1512,1000,96,96,0,-192,-112,2,1,100,180,1512,1000,96,96,0,-241,-61,3,0,100,0,880,992,32,32,0,-201,-87,1,0,100,0,880,992,32,32,0,-108,-105,1,0,100,-90,912,992,32,32,0,-197,-53,0,0,100,0,912,992,32,32,0,-73,-78,1,0,100,-90,912,992,32,32,0,-105,-62,1,0,100,-90,912,992,32,32,0,-161,-86,0,0,100,0,896,944,48,48,0,-144,-112,1,0,100,0,120,1008,200,96,0,-328,-112,0,0,100,0,120,1008,200,96,0,-41,-16,0,0,100,0,944,288,80,32,0,
0,23,-76,-150,2,0,100,0,0,832,80,80,0,-8,-88,0,0,100,0,96,192,32,32,0,-24,-93,0,0,100,0,0,0,32,32,0,-9,-81,0,0,100,0,96,448,48,48,0,-15,-58,0,0,100,0,0,160,32,32,0,-22,-64,0,0,100,0,64,128,32,32,0,-10,-64,0,0,100,0,864,176,32,64,0,-41,-64,0,0,100,0,832,176,32,64,0,-35,-50,0,0,100,0,704,80,48,48,0,-32,-89,0,0,100,0,64,224,32,32,0,-26,-82,0,0,100,0,48,32,48,48,0,-53,-85,0,0,100,0,144,256,48,48,0,1,-28,0,0,100,0,0,688,32,32,0,-38,-28,0,0,100,0,0,544,32,32,0,-26,-52,0,0,100,0,800,128,48,48,0,-22,-70,0,0,100,0,472,272,88,72,0,-88,-111,2,1,100,180,1512,1000,96,96,0,-272,-112,3,1,100,180,1512,1000,96,96,0,-168,-112,1,1,100,180,1608,1000,96,96,0,-192,-112,2,1,100,180,1608,1000,96,96,0,-144,-80,1,0,100,0,120,1104,200,32,0,-328,-80,0,0,100,0,120,1104,200,32,0,-41,-16,0,0,100,0,944,288,80,32,0,
0,24,-74,-136,2,0,100,0,160,832,80,80,0,-4,-91,0,0,100,0,32,192,32,32,0,-18,-95,0,0,100,0,0,0,32,32,0,-10,-59,0,0,100,0,0,160,32,32,0,-18,-64,0,0,100,0,0,128,32,32,0,-6,-65,0,0,100,0,624,384,32,64,0,-38,-65,0,0,100,0,592,384,32,64,0,-31,-50,0,0,100,0,704,80,48,48,0,-5,-83,0,0,100,0,192,400,48,48,0,-25,-93,0,0,100,0,0,192,32,32,0,-24,-84,0,0,100,0,48,32,48,48,0,-48,-87,0,0,100,0,144,256,48,48,0,1,-28,0,0,100,0,0,688,32,32,0,-30,-28,0,0,100,0,0,544,32,32,0,-23,-52,0,0,100,0,800,128,48,48,0,-35,-76,0,0,100,0,656,0,80,80,0,-53,-46,0,0,20,0,528,896,112,64,0,-88,-111,2,1,100,180,1608,1000,96,96,0,-272,-112,3,1,100,180,1608,1000,96,96,0,-328,-111,0,1,100,180,1512,1000,96,96,0,-40,-111,1,1,100,180,1512,1000,96,96,0,-168,-112,1,1,100,180,1704,1000,96,96,0,-192,-112,2,1,100,180,1704,1000,96,96,0,-41,-16,0,0,100,0,944,288,80,32,0,
0,31,-61,-64,0,1,40,0,1376,0,128,48,0,-65,-36,0,1,40,0,624,336,48,48,0,-1,-35,0,1,40,0,960,336,64,48,0,-72,-61,0,0,40,0,1024,248,152,88,0,-69,-104,2,0,100,-90,0,832,80,80,0,-4,-91,0,0,100,0,32,192,32,32,0,-18,-95,0,0,100,0,0,0,32,32,0,-10,-59,0,0,100,0,0,160,32,32,0,-18,-64,0,0,100,0,0,128,32,32,0,-6,-65,0,0,100,0,736,176,32,64,0,-38,-65,0,0,100,0,704,176,32,64,0,-31,-50,0,0,100,0,752,80,48,48,0,-5,-83,0,0,100,0,192,400,48,48,0,-25,-93,0,0,100,0,0,192,32,32,0,-24,-84,0,0,100,0,48,32,48,48,0,-48,-87,0,0,100,0,144,256,48,48,0,1,-28,0,0,100,0,0,688,32,32,0,-30,-28,0,0,100,0,0,544,32,32,0,-23,-52,0,0,100,0,848,128,48,48,0,-35,-76,0,0,100,0,656,0,80,80,0,-32,-120,0,1,40,0,1024,0,88,120,0,-72,-133,0,0,40,0,1024,120,160,128,0,-53,-46,0,1,40,0,528,960,112,64,0,-53,-46,0,0,40,0,528,896,112,64,0,-88,-111,2,1,100,180,1704,1000,96,96,0,-272,-112,3,1,100,180,1704,1000,96,96,0,-328,-111,0,1,100,180,1608,1000,96,96,0,-40,-111,1,1,100,180,1608,1000,96,96,0,-168,-112,1,1,100,180,1800,1000,96,96,0,-192,-112,2,1,100,180,1800,1000,96,96,0,-41,-16,0,0,100,0,944,288,80,32,0,
0,30,-61,-64,0,1,70,0,1376,0,128,48,0,-65,-36,0,1,70,0,672,336,48,48,0,-1,-35,0,1,70,0,768,336,64,48,0,-1,-35,0,1,40,0,960,336,64,48,0,-72,-63,0,0,70,0,1024,248,152,88,0,-60,-79,0,0,100,0,80,832,80,80,0,-4,-91,0,0,100,0,32,192,32,32,0,-18,-95,0,0,100,0,0,0,32,32,0,-10,-59,0,0,100,0,0,160,32,32,0,-18,-64,0,0,100,0,0,128,32,32,0,-6,-65,0,0,100,0,800,176,32,64,0,-38,-65,0,0,100,0,768,176,32,64,0,-31,-50,0,0,100,0,800,80,48,48,0,-5,-83,0,0,100,0,192,400,48,48,0,-25,-93,0,0,100,0,0,192,32,32,0,-24,-84,0,0,100,0,48,32,48,48,0,-48,-87,0,0,100,0,144,256,48,48,0,1,-28,0,0,100,0,0,688,32,32,0,-30,-28,0,0,100,0,0,544,32,32,0,-23,-52,0,0,100,0,704,128,48,48,0,-35,-76,0,0,100,0,736,0,80,80,0,-32,-120,0,1,70,0,1024,0,88,120,0,-72,-135,0,0,70,0,1024,120,160,128,0,-53,-46,0,1,60,0,528,960,112,64,0,-53,-46,0,0,70,0,528,896,112,64,0,-328,-111,0,1,100,180,1704,1000,96,96,0,-40,-111,1,1,100,180,1704,1000,96,96,0,-88,-111,2,1,100,180,1800,1000,96,96,0,-272,-112,3,1,100,180,1800,1000,96,96,0,-41,-16,0,0,100,0,944,288,80,32,0,
0,32,-61,-64,0,1,100,0,1376,0,128,48,0,-65,-36,0,1,100,0,720,336,48,48,0,-1,-35,0,1,100,0,832,336,64,48,0,32,-64,0,0,100,0,336,856,48,56,0,-56,-56,0,0,100,0,392,960,136,80,0,-68,-75,0,0,100,0,0,832,80,80,0,-3,-91,0,0,100,0,32,192,32,32,0,-19,-95,0,0,100,0,0,0,32,32,0,-11,-59,0,0,100,0,0,160,32,32,0,-19,-64,0,0,100,0,0,128,32,32,0,-7,-65,0,0,100,0,864,176,32,64,0,-39,-65,0,0,100,0,832,176,32,64,0,-30,-50,0,0,100,0,848,80,48,48,0,-4,-83,0,0,100,0,0,400,48,48,0,-27,-92,0,0,100,0,0,192,32,32,0,-25,-84,0,0,100,0,0,32,48,48,0,-50,-86,0,0,100,0,96,256,48,48,0,1,-28,0,0,100,0,0,688,32,32,0,-31,-28,0,0,100,0,0,544,32,32,0,-24,-52,0,0,100,0,752,128,48,48,0,-36,-76,0,0,100,0,736,0,80,80,0,-32,-120,0,1,100,0,1024,0,88,120,0,-64,-136,0,0,100,0,96,608,152,88,0,-48,-120,0,0,100,0,512,496,128,112,0,-40,-120,0,0,100,0,96,776,72,48,0,-40,-104,0,0,100,0,384,776,72,56,0,-56,-120,0,0,100,0,96,696,136,80,0,-53,-46,0,1,80,0,528,960,112,64,0,-53,-46,0,0,100,0,528,896,112,64,0,-328,-111,0,1,100,180,1800,1000,96,96,0,-40,-111,1,1,100,180,1800,1000,96,96,0,-41,-16,0,0,100,0,944,288,80,32,0,
0,0,
0,0,
0,0,
0,0,
0,0,
0,0,
0,0,
0,0,
0,0,
0,0,
0,0,
0,0,
0,0,
0,0,
0,0,
0,0,
0,0,
0,0,
0,0,
0,0,
0,0,
0,0,
0,0,
0,0,
0,0,
0,0,
0,16,-54,-91,0,0,100,0,80,832,80,80,0,-3,-91,0,0,100,0,32,192,32,32,0,-19,-95,0,0,100,0,0,0,32,32,0,-11,-59,0,0,100,0,0,160,32,32,0,-19,-64,0,0,100,0,0,128,32,32,0,-7,-65,0,0,100,0,800,176,32,64,0,-39,-65,0,0,100,0,768,176,32,64,0,-32,-50,0,0,100,0,800,80,48,48,0,-4,-83,0,0,100,0,96,400,48,48,0,-27,-92,0,0,100,0,0,192,32,32,0,-25,-84,0,0,100,0,0,32,48,48,0,-50,-86,0,0,100,0,96,256,48,48,0,1,-28,0,0,100,0,0,688,32,32,0,-31,-28,0,0,100,0,0,544,32,32,0,-24,-52,0,0,100,0,800,128,48,48,0,-36,-76,0,0,100,0,736,0,80,80,0,
0,17,-109,-140,3,0,100,180,896,944,48,48,0,-159,-9,3,0,100,90,896,944,48,48,0,-229,-121,1,0,100,0,896,944,48,48,0,-135,-156,1,0,100,-90,880,992,32,32,0,-143,-124,1,0,100,-90,880,992,32,32,0,-201,-13,2,0,100,0,880,992,32,32,0,-233,-53,3,0,100,0,880,992,32,32,0,-97,-21,3,0,100,0,880,992,32,32,0,-183,-159,1,0,100,0,880,992,32,32,0,-201,-87,1,0,100,0,880,992,32,32,0,-108,-105,1,0,100,-90,912,992,32,32,0,-193,-116,1,0,100,0,912,992,32,32,0,-197,-45,0,0,100,0,912,992,32,32,0,-145,-38,1,0,100,-90,912,992,32,32,0,-73,-78,1,0,100,-90,912,992,32,32,0,-105,-62,1,0,100,-90,912,992,32,32,0,-161,-86,0,0,100,0,896,944,48,48,0,
0,10,-108,-257,0,0,50,0,944,944,32,32,0,-336,-264,0,1,25,180,1496,1096,400,400,0,-120,-136,0,1,100,90,1512,1000,96,96,0,-256,-88,0,1,100,0,1512,904,96,96,0,-336,-264,0,1,100,0,1096,1496,400,400,0,-248,-176,0,1,100,0,0,1136,224,224,0,-144,-72,3,0,100,0,0,1008,120,120,0,-144,-176,1,0,100,0,0,1008,120,120,0,-248,-72,2,0,100,0,0,1008,120,120,0,-248,-176,0,0,100,0,0,1008,120,120,0,
0,12,-326,-79,0,0,50,0,944,944,32,32,0,31,-124,0,0,60,0,944,944,32,32,0,-137,-218,0,0,100,0,944,944,32,32,0,-336,-264,0,1,50,180,1496,1496,400,400,0,-120,-136,0,1,100,90,1608,1000,96,96,0,-256,-88,0,1,100,0,1608,904,96,96,0,-248,-176,0,1,100,0,0,1136,224,224,0,-336,-264,0,1,100,90,1096,1496,400,400,0,-146,-72,3,0,100,0,0,1008,120,120,0,-146,-176,1,0,100,0,0,1008,120,120,0,-246,-72,2,0,100,0,0,1008,120,120,0,-246,-176,0,0,100,0,0,1008,120,120,0,
0,14,-160,56,0,0,50,90,864,1072,48,48,0,-270,-55,0,0,100,0,976,944,32,32,0,-38,-138,0,0,100,180,944,944,32,32,0,-174,-167,0,0,100,0,976,944,32,32,0,-336,-264,0,1,100,270,1496,1096,400,400,0,-224,-192,0,1,100,-90,1512,904,96,96,0,-120,-136,0,1,100,90,1704,1000,96,96,0,-256,-88,0,1,100,0,1704,904,96,96,0,-248,-176,0,1,100,0,0,1136,224,224,0,-336,-264,0,1,100,180,1096,1496,400,400,0,-148,-76,3,0,100,0,0,1008,120,120,0,-148,-172,1,0,100,0,0,1008,120,120,0,-244,-76,2,0,100,0,0,1008,120,120,0,-244,-172,0,0,100,0,0,1008,120,120,0,
0,16,-136,0,0,0,100,90,912,1072,48,48,0,-218,-40,0,0,100,-90,1008,944,16,16,0,-230,79,0,0,50,90,944,944,32,32,0,-99,-125,0,0,100,180,976,944,32,32,0,-163,-121,0,0,100,0,1008,944,16,16,0,-336,-264,0,1,100,270,1496,1496,400,400,0,-224,-192,0,1,100,-90,1608,904,96,96,0,-216,-40,0,1,100,0,1512,1000,96,96,0,-120,-136,0,1,100,90,1800,1000,96,96,0,-256,-88,0,1,100,0,1800,904,96,96,0,-248,-176,0,1,100,0,0,1136,224,224,0,-336,-264,0,1,100,270,1096,1496,400,400,0,-146,-72,3,0,100,0,0,1008,120,120,0,-146,-176,1,0,100,0,0,1008,120,120,0,-246,-72,2,0,100,0,0,1008,120,120,0,-246,-176,0,0,100,0,0,1008,120,120,0,
0,18,-264,-254,0,0,50,0,944,976,32,32,0,-48,72,0,0,50,270,864,1024,48,48,0,-120,-24,0,0,100,90,960,1072,32,32,0,31,-53,0,0,50,270,944,976,32,32,0,-181,-48,0,0,70,-180,1008,944,16,16,0,-190,53,0,0,100,90,976,944,32,32,0,-114,-108,0,0,100,180,1008,944,16,16,0,-160,-98,0,0,60,0,1008,960,16,16,0,-336,-264,0,1,100,0,1496,1096,400,400,0,-224,-192,0,1,100,-90,1704,904,96,96,0,-136,-184,1,1,100,90,1512,904,96,96,0,-216,-40,0,1,100,0,1608,1000,96,96,0,-248,-176,0,1,100,0,0,1136,224,224,0,-336,-264,0,1,100,0,1096,1496,400,400,0,-144,-72,3,0,100,0,0,1008,120,120,0,-144,-176,1,0,100,0,0,1008,120,120,0,-248,-72,2,0,100,0,0,1008,120,120,0,-248,-176,0,0,100,0,0,1008,120,120,0,
0,18,-258,-206,0,0,100,-90,944,976,32,32,0,-56,16,0,0,100,270,912,1024,48,48,0,-120,-48,0,0,50,90,992,1072,32,32,0,8,-80,0,0,100,180,944,976,32,32,0,-300,-150,0,0,50,-90,944,944,32,32,0,-142,21,0,0,100,90,1008,944,16,16,0,-129,-100,0,0,60,180,1008,960,16,16,0,-336,-264,0,1,100,0,1496,1496,400,400,0,-224,-192,0,1,100,-90,1800,904,96,96,0,-112,-80,2,1,100,0,1512,1000,96,96,0,-136,-184,1,1,100,90,1608,904,96,96,0,-216,-40,0,1,100,0,1704,1000,96,96,0,-248,-176,0,1,100,0,0,1136,224,224,0,-336,-264,0,1,100,90,1096,1496,400,400,0,-146,-72,3,0,100,0,0,1008,120,120,0,-146,-176,1,0,100,0,0,1008,120,120,0,-246,-72,2,0,100,0,0,1008,120,120,0,-246,-176,0,0,100,0,0,1008,120,120,0,
0,17,3,-202,1,0,50,0,864,1024,48,48,0,-253,-152,0,0,100,-180,944,976,32,32,0,-255,79,0,0,50,-270,944,976,32,32,0,-64,-24,0,0,100,270,960,1024,32,32,0,-40,-97,0,0,100,90,944,976,32,32,0,-268,-110,0,0,100,-90,976,944,32,32,0,-134,-11,0,0,50,90,1008,960,16,16,0,-336,-264,0,1,100,90,1496,1096,400,400,0,-112,-80,2,1,100,0,1608,1000,96,96,0,-136,-184,1,1,100,90,1704,904,96,96,0,-216,-40,0,1,100,0,1800,1000,96,96,0,-248,-176,0,1,100,0,0,1136,224,224,0,-336,-264,0,1,100,180,1096,1496,400,400,0,-148,-76,3,0,100,0,0,1008,120,120,0,-148,-172,1,0,100,0,0,1008,120,120,0,-244,-76,2,0,100,0,0,1008,120,120,0,-244,-172,0,0,100,0,0,1008,120,120,0,
0,16,-69,-186,1,0,100,0,912,1024,48,48,0,-228,-118,0,0,100,-180,976,976,32,32,0,-215,55,0,0,100,0,944,976,32,32,0,-104,-72,0,0,50,270,992,1024,32,32,0,-90,-98,0,0,100,90,976,976,32,32,0,59,-45,0,0,50,0,944,944,32,32,0,-215,-69,0,0,100,-90,1008,944,16,16,0,-336,-264,0,1,100,90,1496,1496,400,400,0,-112,-80,2,1,100,0,1704,1000,96,96,0,-136,-184,1,1,100,90,1800,904,96,96,0,-248,-176,0,1,100,0,0,1136,224,224,0,-336,-264,0,1,100,270,1096,1496,400,400,0,-146,-72,3,0,100,0,0,1008,120,120,0,-146,-176,1,0,100,0,0,1008,120,120,0,-246,-72,2,0,100,0,0,1008,120,120,0,-246,-176,0,0,100,0,0,1008,120,120,0,
0,18,-91,-209,0,0,100,-180,944,976,32,32,0,-117,-154,1,0,100,0,960,1024,32,32,0,-209,-93,0,0,100,-180,1008,976,16,16,0,-108,-257,0,0,50,0,944,944,32,32,0,-174,30,0,0,100,-90,976,976,32,32,0,-106,-89,0,0,100,90,1008,976,16,16,0,-14,38,0,0,50,90,944,944,32,32,0,-181,-65,0,0,60,-90,1008,944,16,16,0,-336,-264,0,1,100,180,1496,1096,400,400,0,-112,-80,2,1,100,0,1800,1000,96,96,0,-120,-136,0,1,100,90,1512,1000,96,96,0,-256,-88,0,1,100,0,1512,904,96,96,0,-248,-176,0,1,100,0,0,1136,224,224,0,-336,-264,0,1,100,0,1096,1496,400,400,0,-144,-72,3,0,100,0,0,1008,120,120,0,-144,-176,1,0,100,0,0,1008,120,120,0,-248,-72,2,0,100,0,0,1008,120,120,0,-248,-176,0,0,100,0,0,1008,120,120,0,
0,17,-142,-172,0,0,100,-180,976,976,32,32,0,-141,-114,1,0,50,0,992,1024,32,32,0,-326,-79,0,0,50,0,944,944,32,32,0,31,-124,0,0,60,0,944,944,32,32,0,-137,-218,0,0,100,0,944,944,32,32,0,-35,-13,0,0,100,180,976,944,32,32,0,-150,-18,0,0,50,-90,1008,976,16,16,0,-115,-85,0,0,50,90,1008,976,16,16,0,-336,-264,0,1,100,180,1496,1496,400,400,0,-120,-136,0,1,100,90,1608,1000,96,96,0,-256,-88,0,1,100,0,1608,904,96,96,0,-248,-176,0,1,100,0,0,1136,224,224,0,-336,-264,0,1,100,90,1096,1496,400,400,0,-146,-72,3,0,100,0,0,1008,120,120,0,-146,-176,1,0,100,0,0,1008,120,120,0,-246,-72,2,0,100,0,0,1008,120,120,0,-246,-176,0,0,100,0,0,1008,120,120,0,
0,16,-152,-125,0,0,100,-180,1008,976,16,16,0,-160,56,0,0,50,90,864,1072,48,48,0,-270,-55,0,0,100,0,976,944,32,32,0,-38,-138,0,0,100,180,944,944,32,32,0,-174,-167,0,0,100,0,976,944,32,32,0,-55,-49,0,0,100,180,1008,944,16,16,0,-336,-264,0,1,100,270,1496,1096,400,400,0,-224,-192,0,1,100,-90,1512,904,96,96,0,-120,-136,0,1,100,90,1704,1000,96,96,0,-256,-88,0,1,100,0,1704,904,96,96,0,-248,-176,0,1,100,0,0,1136,224,224,0,-336,-264,0,1,100,180,1096,1496,400,400,0,-148,-76,3,0,100,0,0,1008,120,120,0,-148,-172,1,0,100,0,0,1008,120,120,0,-244,-76,2,0,100,0,0,1008,120,120,0,-244,-172,0,0,100,0,0,1008,120,120,0,
0,18,-136,0,0,0,100,90,912,1072,48,48,0,-218,-40,0,0,100,-90,1008,944,16,16,0,-230,79,0,0,50,90,944,944,32,32,0,-99,-125,0,0,100,180,976,944,32,32,0,-163,-121,0,0,100,0,1008,944,16,16,0,-90,-69,0,0,50,180,1008,944,16,16,0,-152,-45,0,0,40,-180,1008,976,16,16,0,-336,-264,0,1,100,270,1496,1496,400,400,0,-224,-192,0,1,100,-90,1608,904,96,96,0,-216,-40,0,1,100,0,1512,1000,96,96,0,-120,-136,0,1,100,90,1800,1000,96,96,0,-256,-88,0,1,100,0,1800,904,96,96,0,-336,-264,0,1,100,270,1096,1496,400,400,0,-248,-176,0,1,100,0,0,1136,224,224,0,-146,-72,3,0,100,0,0,1008,120,120,0,-146,-176,1,0,100,0,0,1008,120,120,0,-246,-72,2,0,100,0,0,1008,120,120,0,-246,-176,0,0,100,0,0,1008,120,120,0,
0,7,-292,-94,0,0,100,-90,944,944,32,32,0,-104,-156,0,0,100,-90,976,944,32,32,0,-248,-176,0,1,100,0,0,1136,224,224,0,-144,-72,3,0,100,0,0,1008,120,120,0,-144,-176,1,0,100,0,0,1008,120,120,0,-248,-72,2,0,100,0,0,1008,120,120,0,-248,-176,0,0,100,0,0,1008,120,120,0,
0,7,-238,-94,0,0,100,-180,944,944,32,32,0,-108,-140,0,0,100,-90,1008,944,16,16,0,-248,-176,0,1,100,0,0,1136,224,224,0,-144,-72,3,0,100,0,0,1008,120,120,0,-144,-176,1,0,100,0,0,1008,120,120,0,-248,-72,2,0,100,0,0,1008,120,120,0,-248,-176,0,0,100,0,0,1008,120,120,0,
0,7,-210,-91,0,0,100,-270,976,944,32,32,0,-112,-135,0,0,60,-90,1008,944,16,16,0,-248,-176,0,1,100,0,0,1136,224,224,0,-144,-72,3,0,100,0,0,1008,120,120,0,-144,-176,1,0,100,0,0,1008,120,120,0,-248,-72,2,0,100,0,0,1008,120,120,0,-248,-176,0,0,100,0,0,1008,120,120,0,
0,6,-187,-75,0,0,100,-270,1008,944,16,16,0,-248,-176,0,1,100,0,0,1136,224,224,0,-144,-72,3,0,100,0,0,1008,120,120,0,-144,-176,1,0,100,0,0,1008,120,120,0,-248,-72,2,0,100,0,0,1008,120,120,0,-248,-176,0,0,100,0,0,1008,120,120,0,
0,6,-182,-71,0,0,60,-270,1008,944,16,16,0,-248,-176,0,1,100,0,0,1136,224,224,0,-144,-72,3,0,100,0,0,1008,120,120,0,-144,-176,1,0,100,0,0,1008,120,120,0,-248,-72,2,0,100,0,0,1008,120,120,0,-248,-176,0,0,100,0,0,1008,120,120,0,
0,0,
0,0,
0,0,
0,0,
0,0,
0,6,0,0,0,1,100,0,1496,1096,400,400,0,88,88,0,1,100,0,0,1136,224,224,0,192,192,3,0,100,0,0,1008,120,120,0,192,88,1,0,100,0,0,1008,120,120,0,88,192,2,0,100,0,0,1008,120,120,0,88,88,0,0,100,0,0,1008,120,120,0,
0,7,0,0,0,1,100,90,1096,1496,400,400,0,0,0,0,1,100,0,1496,1496,400,400,0,88,88,0,1,100,0,0,1136,224,224,0,192,192,3,0,100,0,0,1008,120,120,0,192,88,1,0,100,0,0,1008,120,120,0,88,192,2,0,100,0,0,1008,120,120,0,88,88,0,0,100,0,0,1008,120,120,0,
0,7,0,0,0,1,100,180,1096,1496,400,400,0,0,0,0,1,100,90,1496,1096,400,400,0,88,88,0,1,100,0,0,1136,224,224,0,192,192,3,0,100,0,0,1008,120,120,0,192,88,1,0,100,0,0,1008,120,120,0,88,192,2,0,100,0,0,1008,120,120,0,88,88,0,0,100,0,0,1008,120,120,0,
0,7,0,0,0,1,100,270,1096,1496,400,400,0,0,0,0,1,100,90,1496,1496,400,400,0,88,88,0,1,100,0,0,1136,224,224,0,192,192,3,0,100,0,0,1008,120,120,0,192,88,1,0,100,0,0,1008,120,120,0,88,192,2,0,100,0,0,1008,120,120,0,88,88,0,0,100,0,0,1008,120,120,0,
0,6,0,0,0,1,100,180,1496,1096,400,400,0,88,88,0,1,100,0,0,1136,224,224,0,192,192,3,0,100,0,0,1008,120,120,0,192,88,1,0,100,0,0,1008,120,120,0,88,192,2,0,100,0,0,1008,120,120,0,88,88,0,0,100,0,0,1008,120,120,0,
0,6,0,0,0,1,100,180,1496,1496,400,400,0,88,88,0,1,100,0,0,1136,224,224,0,192,192,3,0,100,0,0,1008,120,120,0,192,88,1,0,100,0,0,1008,120,120,0,88,192,2,0,100,0,0,1008,120,120,0,88,88,0,0,100,0,0,1008,120,120,0,
0,6,0,0,0,1,100,270,1496,1096,400,400,0,88,88,0,1,100,0,0,1136,224,224,0,192,192,3,0,100,0,0,1008,120,120,0,192,88,1,0,100,0,0,1008,120,120,0,88,192,2,0,100,0,0,1008,120,120,0,88,88,0,0,100,0,0,1008,120,120,0,
0,6,0,0,0,1,100,270,1496,1496,400,400,0,88,88,0,1,100,0,0,1136,224,224,0,192,192,3,0,100,0,0,1008,120,120,0,192,88,1,0,100,0,0,1008,120,120,0,88,192,2,0,100,0,0,1008,120,120,0,88,88,0,0,100,0,0,1008,120,120,0,
0,6,0,0,0,1,100,0,1496,1096,400,400,0,88,88,0,1,100,0,0,1136,224,224,0,192,192,3,0,100,0,0,1008,120,120,0,192,88,1,0,100,0,0,1008,120,120,0,88,192,2,0,100,0,0,1008,120,120,0,88,88,0,0,100,0,0,1008,120,120,0,
0,6,0,0,0,1,100,90,1496,1096,400,400,0,88,88,0,1,100,0,0,1136,224,224,0,192,192,3,0,100,0,0,1008,120,120,0,192,88,1,0,100,0,0,1008,120,120,0,88,192,2,0,100,0,0,1008,120,120,0,88,88,0,0,100,0,0,1008,120,120,0,
0,6,0,0,0,1,100,180,1496,1096,400,400,0,88,88,0,1,100,0,0,1136,224,224,0,192,192,3,0,100,0,0,1008,120,120,0,192,88,1,0,100,0,0,1008,120,120,0,88,192,2,0,100,0,0,1008,120,120,0,88,88,0,0,100,0,0,1008,120,120,0,
0,6,0,0,0,1,100,270,1496,1096,400,400,0,88,88,0,1,100,0,0,1136,224,224,0,192,192,3,0,100,0,0,1008,120,120,0,192,88,1,0,100,0,0,1008,120,120,0,88,192,2,0,100,0,0,1008,120,120,0,88,88,0,0,100,0,0,1008,120,120,0,
0,15,-32,-80,0,0,100,0,128,192,32,32,0,-49,-72,0,0,100,0,288,400,48,48,0,-42,-86,0,0,100,0,160,0,32,32,0,-33,-55,0,0,100,0,64,128,32,32,0,-26,-45,0,0,100,0,688,288,48,48,0,-47,-43,0,0,100,0,640,240,32,48,0,-44,-41,0,0,100,0,656,80,48,48,0,-43,-83,0,0,100,0,128,224,32,32,0,-39,-74,0,0,100,0,144,80,48,48,0,-40,-99,0,0,100,0,0,352,48,48,0,-83,-135,2,0,100,-270,0,832,80,80,0,-7,-44,0,0,100,0,0,784,48,48,0,-44,-28,0,0,100,0,0,576,32,32,0,-28,-49,0,0,100,0,608,128,48,48,0,-33,-65,0,0,100,0,448,224,96,48,0,
0,16,-52,-94,0,0,100,0,80,832,80,80,0,-3,-91,0,0,100,0,32,192,32,32,0,-19,-95,0,0,100,0,0,0,32,32,0,-11,-59,0,0,100,0,0,160,32,32,0,-19,-64,0,0,100,0,0,128,32,32,0,-7,-65,0,0,100,0,672,176,32,64,0,-39,-65,0,0,100,0,640,176,32,64,0,-32,-50,0,0,100,0,704,80,48,48,0,-4,-83,0,0,100,0,144,400,48,48,0,-27,-92,0,0,100,0,0,192,32,32,0,-25,-84,0,0,100,0,0,32,48,48,0,-50,-86,0,0,100,0,48,304,48,48,0,1,-28,0,0,100,0,0,688,32,32,0,-31,-28,0,0,100,0,0,544,32,32,0,-24,-52,0,0,100,0,704,128,48,48,0,-36,-76,0,0,100,0,576,0,80,80,0,
0,16,-52,-96,0,0,100,0,0,832,80,80,0,-1,-91,0,0,100,0,32,192,32,32,0,-18,-95,0,0,100,0,0,0,32,32,0,-8,-59,0,0,100,0,0,160,32,32,0,-17,-64,0,0,100,0,128,128,32,32,0,-3,-65,0,0,100,0,624,384,32,64,0,-37,-65,0,0,100,0,592,384,32,64,0,-29,-50,0,0,100,0,560,80,48,48,0,-4,-83,0,0,100,0,96,400,48,48,0,-25,-92,0,0,100,0,64,192,32,32,0,-25,-84,0,0,100,0,240,32,48,48,0,-50,-86,0,0,100,0,144,256,48,48,0,3,-28,0,0,100,0,0,688,32,32,0,-31,-28,0,0,100,0,0,544,32,32,0,-22,-52,0,0,100,0,560,128,48,48,0,-36,-76,0,0,100,0,656,0,80,80,0,
0,3,-26,-100,1,0,100,90,80,832,80,80,0,-40,-104,0,0,100,0,384,384,96,112,0,-50,-69,1,0,100,0,432,96,72,64,0,
0,3,0,-120,2,0,100,0,160,832,80,80,0,-40,-104,0,0,100,0,384,384,96,112,0,-64,-67,1,0,100,0,344,112,88,48,0,
0,3,-4,-128,2,0,100,0,80,832,80,80,0,-40,-104,0,0,100,0,480,384,96,112,0,-64,-75,1,0,100,0,336,0,80,48,0,
0,3,-4,-131,2,0,100,0,0,832,80,80,0,-40,-104,0,0,100,0,480,384,96,112,0,-70,-69,1,0,100,0,424,48,88,48,0,
0,3,-116,-106,0,0,100,-180,240,832,80,80,0,-64,-104,0,0,100,0,96,496,104,112,0,-16,-67,0,0,100,0,432,96,64,64,0,
0,3,-124,-108,0,0,100,-180,240,832,80,80,0,-64,-104,0,0,100,0,200,496,104,112,0,-15,-63,0,0,100,0,544,176,96,48,0,
0,3,-125,-109,0,0,100,-180,240,832,80,80,0,-64,-104,0,0,100,0,304,496,104,112,0,-15,-63,0,0,100,0,448,224,96,48,0,
0,3,-124,-108,0,0,100,-180,240,832,80,80,0,-64,-104,0,0,100,0,408,496,104,112,0,-15,-63,0,0,100,0,544,224,96,48,0,
0,3,-125,-109,0,0,100,-180,240,832,80,80,0,-64,-104,0,0,100,0,96,496,104,112,0,-15,-63,0,0,100,0,448,176,96,48,0,
0,3,-124,-108,0,0,100,-180,240,832,80,80,0,-64,-104,0,0,100,0,200,496,104,112,0,-15,-63,0,0,100,0,544,176,96,48,0,
0,3,-125,-109,0,0,100,-180,240,832,80,80,0,-64,-104,0,0,100,0,304,496,104,112,0,-15,-63,0,0,100,0,448,224,96,48,0,
0,3,-124,-108,0,0,100,-180,240,832,80,80,0,-64,-104,0,0,100,0,408,496,104,112,0,-15,-63,0,0,100,0,544,224,96,48,0,
0,3,-125,-109,0,0,100,-180,240,832,80,80,0,-64,-104,0,0,100,0,96,496,104,112,0,-15,-63,0,0,100,0,448,176,96,48,0,
0,3,-124,-108,0,0,100,-180,240,832,80,80,0,-64,-104,0,0,100,0,200,496,104,112,0,-15,-63,0,0,100,0,544,176,96,48,0,
0,3,-125,-109,0,0,100,-180,240,832,80,80,0,-64,-104,0,0,100,0,304,496,104,112,0,-15,-63,0,0,100,0,448,224,96,48,0,
0,3,-124,-108,0,0,100,-180,240,832,80,80,0,-64,-104,0,0,100,0,408,496,104,112,0,-15,-63,0,0,100,0,544,224,96,48,0,
0,16,-9,-86,0,0,100,0,96,192,32,32,0,-24,-90,0,0,100,0,32,0,32,32,0,-10,-79,0,0,100,0,96,448,48,48,0,-16,-56,0,0,100,0,0,160,32,32,0,-22,-60,0,0,100,0,0,128,32,32,0,-17,-61,0,0,100,0,784,240,48,64,0,-29,-61,0,0,100,0,768,240,16,64,0,-35,-47,0,0,100,0,704,80,48,48,0,-32,-87,0,0,100,0,64,192,32,32,0,-27,-79,0,0,100,0,96,32,48,48,0,-101,-130,0,0,100,-180,80,832,80,80,0,-7,-43,0,0,100,0,0,784,48,48,0,-38,-28,0,0,100,0,0,576,32,32,0,-51,-84,0,0,100,0,144,256,48,48,0,-20,-65,0,0,100,0,344,112,88,48,0,-26,-50,0,0,100,0,656,128,48,48,0,
0,16,-76,-150,2,0,100,0,0,832,80,80,0,-8,-88,0,0,100,0,96,192,32,32,0,-24,-93,0,0,100,0,0,0,32,32,0,-9,-81,0,0,100,0,96,448,48,48,0,-15,-58,0,0,100,0,0,160,32,32,0,-22,-64,0,0,100,0,64,128,32,32,0,-10,-64,0,0,100,0,864,176,32,64,0,-41,-64,0,0,100,0,832,176,32,64,0,-35,-50,0,0,100,0,704,80,48,48,0,-32,-89,0,0,100,0,64,224,32,32,0,-26,-82,0,0,100,0,48,32,48,48,0,-53,-85,0,0,100,0,144,256,48,48,0,1,-28,0,0,100,0,0,688,32,32,0,-38,-28,0,0,100,0,0,544,32,32,0,-26,-52,0,0,100,0,800,128,48,48,0,-22,-70,0,0,100,0,472,272,88,72,0,
0,16,-74,-136,2,0,100,0,160,832,80,80,0,-4,-91,0,0,100,0,32,192,32,32,0,-18,-95,0,0,100,0,0,0,32,32,0,-10,-59,0,0,100,0,0,160,32,32,0,-18,-64,0,0,100,0,0,128,32,32,0,-6,-65,0,0,100,0,624,384,32,64,0,-38,-65,0,0,100,0,592,384,32,64,0,-31,-50,0,0,100,0,704,80,48,48,0,-5,-83,0,0,100,0,192,400,48,48,0,-25,-93,0,0,100,0,0,192,32,32,0,-24,-84,0,0,100,0,48,32,48,48,0,-48,-87,0,0,100,0,144,256,48,48,0,1,-28,0,0,100,0,0,688,32,32,0,-30,-28,0,0,100,0,0,544,32,32,0,-23,-52,0,0,100,0,800,128,48,48,0,-35,-76,0,0,100,0,656,0,80,80,0,
0,16,-69,-104,2,0,100,-90,0,832,80,80,0,-4,-91,0,0,100,0,32,192,32,32,0,-18,-95,0,0,100,0,0,0,32,32,0,-10,-59,0,0,100,0,0,160,32,32,0,-18,-64,0,0,100,0,0,128,32,32,0,-6,-65,0,0,100,0,736,176,32,64,0,-38,-65,0,0,100,0,704,176,32,64,0,-31,-50,0,0,100,0,752,80,48,48,0,-5,-83,0,0,100,0,192,400,48,48,0,-25,-93,0,0,100,0,0,192,32,32,0,-24,-84,0,0,100,0,48,32,48,48,0,-48,-87,0,0,100,0,144,256,48,48,0,1,-28,0,0,100,0,0,688,32,32,0,-30,-28,0,0,100,0,0,544,32,32,0,-23,-52,0,0,100,0,848,128,48,48,0,-35,-76,0,0,100,0,656,0,80,80,0,
0,16,-60,-79,0,0,100,0,80,832,80,80,0,-4,-91,0,0,100,0,32,192,32,32,0,-18,-95,0,0,100,0,0,0,32,32,0,-10,-59,0,0,100,0,0,160,32,32,0,-18,-64,0,0,100,0,0,128,32,32,0,-6,-65,0,0,100,0,800,176,32,64,0,-38,-65,0,0,100,0,768,176,32,64,0,-31,-50,0,0,100,0,800,80,48,48,0,-5,-83,0,0,100,0,192,400,48,48,0,-25,-93,0,0,100,0,0,192,32,32,0,-24,-84,0,0,100,0,48,32,48,48,0,-48,-87,0,0,100,0,144,256,48,48,0,1,-28,0,0,100,0,0,688,32,32,0,-30,-28,0,0,100,0,0,544,32,32,0,-23,-52,0,0,100,0,704,128,48,48,0,-35,-76,0,0,100,0,736,0,80,80,0,
0,16,-68,-75,0,0,100,0,0,832,80,80,0,-3,-91,0,0,100,0,32,192,32,32,0,-19,-95,0,0,100,0,0,0,32,32,0,-11,-59,0,0,100,0,0,160,32,32,0,-19,-64,0,0,100,0,0,128,32,32,0,-7,-65,0,0,100,0,864,176,32,64,0,-39,-65,0,0,100,0,832,176,32,64,0,-30,-50,0,0,100,0,848,80,48,48,0,-4,-83,0,0,100,0,0,400,48,48,0,-27,-92,0,0,100,0,0,192,32,32,0,-25,-84,0,0,100,0,0,32,48,48,0,-50,-86,0,0,100,0,96,256,48,48,0,1,-28,0,0,100,0,0,688,32,32,0,-31,-28,0,0,100,0,0,544,32,32,0,-24,-52,0,0,100,0,752,128,48,48,0,-36,-76,0,0,100,0,736,0,80,80,0,
0,25,-61,-64,0,1,100,0,1376,0,128,48,0,-53,-40,0,1,100,0,656,768,112,32,0,-65,-36,0,1,100,0,576,336,48,48,0,-72,-64,0,0,100,0,1024,248,152,88,0,-3,-91,0,0,100,0,32,192,32,32,0,-19,-95,0,0,100,0,0,0,32,32,0,-11,-59,0,0,100,0,0,160,32,32,0,-19,-64,0,0,100,0,0,128,32,32,0,-7,-65,0,0,100,0,672,176,32,64,0,-39,-65,0,0,100,0,640,176,32,64,0,-32,-50,0,0,100,0,704,80,48,48,0,-4,-83,0,0,100,0,0,400,48,48,0,-27,-92,0,0,100,0,0,192,32,32,0,-25,-84,0,0,100,0,0,32,48,48,0,-50,-86,0,0,100,0,0,256,48,48,0,-69,-68,0,0,100,0,0,832,80,80,0,1,-28,0,0,100,0,0,688,32,32,0,-31,-28,0,0,100,0,0,544,32,32,0,-24,-52,0,0,100,0,704,128,48,48,0,-36,-76,0,0,100,0,576,0,80,80,0,-32,-120,0,1,100,0,1024,0,88,120,0,-72,-136,0,0,100,0,1024,120,160,128,0,-53,-46,0,1,100,0,528,960,112,64,0,-53,-46,0,0,100,0,528,896,112,64,0,-41,-16,0,0,100,0,944,288,80,32,0,
0,1,0,0,0,1,100,0,400,1184,224,224,0,
0,1,0,0,0,1,100,-90,400,1184,224,224,0,
0,1,0,0,0,1,100,-180,400,1184,224,224,0,
0,1,0,0,0,1,100,-270,400,1184,224,224,0,
