0,29,-40,-39,0,1,100,0,912,160,80,48,0,-54,-65,0,1,50,0,880,80,112,80,0,5,-91,0,0,100,0,272,0,64,32,0,26,-75,0,0,100,0,160,32,32,16,0,-17,-88,0,0,100,0,240,32,32,32,0,-2,-71,0,0,100,0,224,0,16,48,0,-24,-38,0,0,100,0,240,0,32,32,0,-29,-77,0,0,100,0,0,0,48,64,0,-21,-73,0,0,100,0,208,0,16,48,0,0,-72,0,0,100,0,224,64,32,48,0,21,-44,0,1,80,0,816,0,32,48,0,18,-68,0,0,100,0,192,64,32,48,0,10,-71,0,0,100,0,112,0,32,32,0,4,-61,0,0,100,0,160,48,32,64,0,-10,-77,0,0,100,0,128,48,32,64,0,-30,-63,0,0,100,0,96,48,32,64,0,-12,-64,0,0,100,0,48,48,16,16,0,-38,-78,0,0,100,0,80,0,32,48,0,-74,-49,0,0,100,0,32,64,64,48,0,-48,-46,0,1,80,0,848,0,32,32,0,-34,-69,0,0,100,0,48,0,32,48,0,-50,-92,0,0,100,0,144,0,64,32,0,-43,-72,0,0,100,0,112,32,48,16,0,8,-59,0,1,80,0,816,0,32,48,0,-6,-86,0,0,100,0,0,64,32,48,0,-46,-23,0,1,100,0,896,0,96,48,0,-46,-23,0,1,100,0,592,1072,96,48,0,-47,-15,0,0,100,0,896,48,96,32,0,-77,-96,0,0,100,0,850,1375,150,125,0,
0,29,-40,-39,0,1,100,0,912,160,80,48,0,-55,-65,1,1,50,0,880,80,112,80,0,5,-91,0,0,100,0,272,0,64,32,0,26,-75,0,0,100,0,160,32,32,16,0,-17,-88,0,0,100,0,240,32,32,32,0,-2,-71,0,0,100,0,224,0,16,48,0,-24,-38,0,0,100,0,240,0,32,32,0,-29,-77,0,0,100,0,0,0,48,64,0,-21,-73,0,0,100,0,208,0,16,48,0,0,-72,0,0,100,0,224,64,32,48,0,21,-44,0,1,80,0,816,48,32,48,0,18,-68,0,0,100,0,192,64,32,48,0,10,-71,0,0,100,0,112,0,32,32,0,4,-61,0,0,100,0,160,48,32,64,0,-10,-77,0,0,100,0,128,48,32,64,0,-30,-63,0,0,100,0,96,48,32,64,0,-12,-64,0,0,100,0,48,48,16,16,0,-38,-78,0,0,100,0,80,0,32,48,0,-74,-49,0,0,100,0,32,64,64,48,0,-48,-46,0,1,80,0,848,32,32,32,0,-34,-69,0,0,100,0,48,0,32,48,0,-50,-92,0,0,100,0,144,0,64,32,0,-43,-72,0,0,100,0,112,32,48,16,0,8,-59,0,1,80,0,816,48,32,48,0,-6,-86,0,0,100,0,0,64,32,48,0,-46,-23,0,1,95,0,896,0,96,48,0,-46,-23,0,1,90,0,592,1072,96,48,0,-47,-15,0,0,100,0,896,48,96,32,0,-77,-96,0,0,100,0,850,1375,150,125,0,
0,29,-40,-39,0,1,100,0,912,208,80,48,0,-54,-65,0,1,50,0,880,80,112,80,0,5,-92,0,0,100,0,272,0,64,32,0,26,-76,0,0,100,0,160,32,32,16,0,-17,-89,0,0,100,0,240,32,32,32,0,-2,-72,0,0,100,0,224,0,16,48,0,-24,-39,0,0,100,0,240,0,32,32,0,-29,-78,0,0,100,0,0,112,48,64,0,-21,-74,0,0,100,0,208,0,16,48,0,0,-73,0,0,100,0,224,64,32,48,0,21,-45,0,1,80,0,816,0,32,48,0,18,-69,0,0,100,0,192,64,32,48,0,10,-72,0,0,100,0,112,0,32,32,0,4,-62,0,0,100,0,160,48,32,64,0,-10,-78,0,0,100,0,128,48,32,64,0,-30,-64,0,0,100,0,96,48,32,64,0,-12,-65,0,0,100,0,48,48,16,16,0,-38,-79,0,0,100,0,80,0,32,48,0,-74,-50,0,0,100,0,32,64,64,48,0,-48,-47,0,1,80,0,848,0,32,32,0,-34,-70,0,0,100,0,48,0,32,48,0,-50,-93,0,0,100,0,144,0,64,32,0,-43,-73,0,0,100,0,112,32,48,16,0,8,-60,0,1,80,0,816,0,32,48,0,-6,-87,0,0,100,0,0,64,32,48,0,-46,-23,0,1,90,0,688,1072,96,48,0,-46,-23,0,1,80,0,592,1072,96,48,0,-47,-15,0,0,100,0,896,48,96,32,0,-77,-96,0,0,100,0,850,1375,150,125,0,
0,29,-40,-39,0,1,100,0,912,208,80,48,0,-55,-65,1,1,50,0,880,80,112,80,0,5,-92,0,0,100,0,272,0,64,32,0,26,-76,0,0,100,0,160,32,32,16,0,-17,-89,0,0,100,0,240,32,32,32,0,-2,-72,0,0,100,0,224,0,16,48,0,-24,-39,0,0,100,0,240,0,32,32,0,-29,-78,0,0,100,0,0,112,48,64,0,-21,-74,0,0,100,0,208,0,16,48,0,0,-73,0,0,100,0,224,64,32,48,0,21,-45,0,1,80,0,816,48,32,48,0,18,-69,0,0,100,0,192,64,32,48,0,10,-72,0,0,100,0,112,0,32,32,0,4,-62,0,0,100,0,160,48,32,64,0,-10,-78,0,0,100,0,128,48,32,64,0,-30,-64,0,0,100,0,96,48,32,64,0,-12,-65,0,0,100,0,48,48,16,16,0,-38,-79,0,0,100,0,80,0,32,48,0,-74,-50,0,0,100,0,32,64,64,48,0,-48,-47,0,1,80,0,848,32,32,32,0,-34,-70,0,0,100,0,48,0,32,48,0,-50,-93,0,0,100,0,144,0,64,32,0,-43,-73,0,0,100,0,112,32,48,16,0,8,-60,0,1,80,0,816,48,32,48,0,-6,-87,0,0,100,0,0,64,32,48,0,-46,-23,0,1,85,0,688,1072,96,48,0,-46,-23,0,1,70,0,592,1072,96,48,0,-47,-15,0,0,100,0,896,48,96,32,0,-77,-96,0,0,100,0,850,1375,150,125,0,
0,29,-40,-39,0,1,100,0,912,256,80,48,0,-54,-65,0,1,50,0,880,80,112,80,0,5,-91,0,0,100,0,272,0,64,32,0,26,-75,0,0,100,0,160,32,32,16,0,-17,-88,0,0,100,0,240,32,32,32,0,-2,-71,0,0,100,0,224,0,16,48,0,-24,-38,0,0,100,0,240,0,32,32,0,-29,-77,0,0,100,0,48,112,48,64,0,-21,-73,0,0,100,0,208,0,16,48,0,0,-72,0,0,100,0,224,64,32,48,0,21,-44,0,1,80,0,816,0,32,48,0,18,-68,0,0,100,0,192,64,32,48,0,10,-71,0,0,100,0,112,0,32,32,0,4,-61,0,0,100,0,160,48,32,64,0,-10,-77,0,0,100,0,128,48,32,64,0,-30,-63,0,0,100,0,96,48,32,64,0,-12,-64,0,0,100,0,48,48,16,16,0,-38,-78,0,0,100,0,80,0,32,48,0,-74,-49,0,0,100,0,32,64,64,48,0,-48,-46,0,1,80,0,848,0,32,32,0,-34,-69,0,0,100,0,48,0,32,48,0,-50,-92,0,0,100,0,144,0,64,32,0,-43,-72,0,0,100,0,112,32,48,16,0,8,-59,0,1,80,0,816,0,32,48,0,-6,-86,0,0,100,0,0,64,32,48,0,-46,-23,0,1,80,0,688,1120,96,48,0,-46,-23,0,1,60,0,592,1072,96,48,0,-47,-15,0,0,100,0,896,48,96,32,0,-77,-96,0,0,100,0,850,1375,150,125,0,
0,29,-40,-39,0,1,100,0,912,256,80,48,0,-55,-65,1,1,50,0,880,80,112,80,0,5,-91,0,0,100,0,272,0,64,32,0,26,-75,0,0,100,0,160,32,32,16,0,-17,-88,0,0,100,0,240,32,32,32,0,-2,-71,0,0,100,0,224,0,16,48,0,-24,-38,0,0,100,0,240,0,32,32,0,-29,-77,0,0,100,0,48,112,48,64,0,-21,-73,0,0,100,0,208,0,16,48,0,0,-72,0,0,100,0,224,64,32,48,0,21,-44,0,1,80,0,816,48,32,48,0,18,-68,0,0,100,0,192,64,32,48,0,10,-71,0,0,100,0,112,0,32,32,0,4,-61,0,0,100,0,160,48,32,64,0,-10,-77,0,0,100,0,128,48,32,64,0,-30,-63,0,0,100,0,96,48,32,64,0,-12,-64,0,0,100,0,48,48,16,16,0,-38,-78,0,0,100,0,80,0,32,48,0,-74,-49,0,0,100,0,32,64,64,48,0,-48,-46,0,1,80,0,848,32,32,32,0,-34,-69,0,0,100,0,48,0,32,48,0,-50,-92,0,0,100,0,144,0,64,32,0,-43,-72,0,0,100,0,112,32,48,16,0,8,-59,0,1,80,0,816,48,32,48,0,-6,-86,0,0,100,0,0,64,32,48,0,-46,-23,0,1,85,0,688,1120,96,48,0,-46,-23,0,1,70,0,592,1072,96,48,0,-47,-15,0,0,100,0,896,48,96,32,0,-77,-96,0,0,100,0,850,1375,150,125,0,
0,29,-40,-39,0,1,100,0,912,304,80,48,0,-54,-65,0,1,50,0,880,80,112,80,0,5,-90,0,0,100,0,272,0,64,32,0,26,-74,0,0,100,0,160,32,32,16,0,-17,-87,0,0,100,0,240,32,32,32,0,-2,-70,0,0,100,0,224,0,16,48,0,-24,-37,0,0,100,0,240,0,32,32,0,-29,-76,0,0,100,0,96,112,48,64,0,-21,-72,0,0,100,0,208,0,16,48,0,0,-71,0,0,100,0,224,64,32,48,0,21,-43,0,1,80,0,816,0,32,48,0,18,-67,0,0,100,0,192,64,32,48,0,10,-70,0,0,100,0,112,0,32,32,0,4,-60,0,0,100,0,160,48,32,64,0,-10,-76,0,0,100,0,128,48,32,64,0,-30,-62,0,0,100,0,96,48,32,64,0,-12,-63,0,0,100,0,48,48,16,16,0,-38,-77,0,0,100,0,80,0,32,48,0,-74,-48,0,0,100,0,32,64,64,48,0,-48,-45,0,1,80,0,848,0,32,32,0,-34,-68,0,0,100,0,48,0,32,48,0,-50,-91,0,0,100,0,144,0,64,32,0,-43,-71,0,0,100,0,112,32,48,16,0,8,-58,0,1,80,0,816,0,32,48,0,-6,-85,0,0,100,0,0,64,32,48,0,-46,-23,0,1,90,0,688,1168,96,48,0,-46,-23,0,1,80,0,592,1072,96,48,0,-47,-15,0,0,100,0,896,48,96,32,0,-77,-96,0,0,100,0,850,1375,150,125,0,
0,29,-40,-39,0,1,100,0,912,304,80,48,0,-55,-65,1,1,50,0,880,80,112,80,0,5,-90,0,0,100,0,272,0,64,32,0,26,-74,0,0,100,0,160,32,32,16,0,-17,-87,0,0,100,0,240,32,32,32,0,-2,-70,0,0,100,0,224,0,16,48,0,-24,-37,0,0,100,0,240,0,32,32,0,-29,-76,0,0,100,0,96,112,48,64,0,-21,-72,0,0,100,0,208,0,16,48,0,0,-71,0,0,100,0,224,64,32,48,0,21,-43,0,1,80,0,816,48,32,48,0,18,-67,0,0,100,0,192,64,32,48,0,10,-70,0,0,100,0,112,0,32,32,0,4,-60,0,0,100,0,160,48,32,64,0,-10,-76,0,0,100,0,128,48,32,64,0,-30,-62,0,0,100,0,96,48,32,64,0,-12,-63,0,0,100,0,48,48,16,16,0,-38,-77,0,0,100,0,80,0,32,48,0,-74,-48,0,0,100,0,32,64,64,48,0,-48,-45,0,1,80,0,848,32,32,32,0,-34,-68,0,0,100,0,48,0,32,48,0,-50,-91,0,0,100,0,144,0,64,32,0,-43,-71,0,0,100,0,112,32,48,16,0,8,-58,0,1,80,0,816,48,32,48,0,-6,-85,0,0,100,0,0,64,32,48,0,-46,-23,0,1,95,0,688,1168,96,48,0,-46,-23,0,1,90,0,592,1072,96,48,0,-47,-15,0,0,100,0,896,48,96,32,0,-77,-96,0,0,100,0,850,1375,150,125,0,
0,29,-40,-39,0,1,100,0,912,160,80,48,0,-54,-65,0,1,50,0,880,80,112,80,0,4,-90,0,0,100,0,272,0,64,32,0,25,-74,0,0,100,0,160,32,32,16,0,-18,-87,0,0,100,0,240,32,32,32,0,-3,-70,0,0,100,0,224,0,16,48,0,-25,-37,0,0,100,0,240,0,32,32,0,-30,-76,0,0,100,0,0,0,48,64,0,-22,-72,0,0,100,0,208,0,16,48,0,3,-78,0,0,100,0,272,752,32,48,0,41,-48,1,1,80,0,848,0,32,32,0,15,-72,0,0,100,0,320,64,48,48,0,21,-60,1,1,80,0,848,0,32,32,0,12,-73,0,0,100,0,112,0,32,32,0,8,-62,0,0,100,0,160,368,32,64,0,-11,-76,0,0,100,0,128,48,32,64,0,-27,-62,0,0,100,0,144,112,32,64,0,-13,-63,0,0,100,0,48,48,16,16,0,-41,-69,0,0,100,0,272,32,32,32,0,-65,-84,0,1,100,0,784,0,32,32,0,-85,-92,0,0,100,0,256,64,64,48,0,-39,-49,0,1,80,0,848,0,32,32,0,-25,-72,0,0,100,0,48,0,32,48,0,-51,-91,0,0,100,0,144,0,64,32,0,-44,-71,0,0,100,0,112,32,48,16,0,-7,-85,0,0,100,0,0,64,32,48,0,-46,-23,0,1,100,0,896,0,96,48,0,-46,-23,0,1,100,0,592,1072,96,48,0,-47,-15,0,0,100,0,896,48,96,32,0,
0,29,-40,-39,0,1,100,0,912,160,80,48,0,-55,-65,1,1,50,0,880,80,112,80,0,4,-90,0,0,100,0,272,0,64,32,0,25,-74,0,0,100,0,160,32,32,16,0,-18,-87,0,0,100,0,240,32,32,32,0,-3,-70,0,0,100,0,224,0,16,48,0,-25,-37,0,0,100,0,240,0,32,32,0,-30,-76,0,0,100,0,0,0,48,64,0,-22,-72,0,0,100,0,208,0,16,48,0,3,-78,0,0,100,0,272,752,32,48,0,41,-48,1,1,80,0,848,32,32,32,0,15,-72,0,0,100,0,320,64,48,48,0,21,-60,1,1,80,0,848,32,32,32,0,12,-73,0,0,100,0,112,0,32,32,0,8,-62,0,0,100,0,160,368,32,64,0,-11,-76,0,0,100,0,128,48,32,64,0,-27,-62,0,0,100,0,144,112,32,64,0,-13,-63,0,0,100,0,48,48,16,16,0,-41,-69,0,0,100,0,272,32,32,32,0,-65,-84,0,1,90,0,784,0,32,32,0,-85,-92,0,0,100,0,256,64,64,48,0,-39,-49,0,1,80,0,848,32,32,32,0,-25,-72,0,0,100,0,48,0,32,48,0,-51,-91,0,0,100,0,144,0,64,32,0,-44,-71,0,0,100,0,112,32,48,16,0,-7,-85,0,0,100,0,0,64,32,48,0,-46,-23,0,1,95,0,896,0,96,48,0,-46,-23,0,1,90,0,592,1072,96,48,0,-47,-15,0,0,100,0,896,48,96,32,0,
0,29,-40,-39,0,1,100,0,912,208,80,48,0,-54,-65,0,1,50,0,880,80,112,80,0,4,-91,0,0,100,0,272,0,64,32,0,25,-75,0,0,100,0,160,32,32,16,0,-18,-88,0,0,100,0,240,32,32,32,0,-3,-71,0,0,100,0,224,0,16,48,0,-25,-38,0,0,100,0,240,0,32,32,0,-30,-77,0,0,100,0,0,112,48,64,0,-22,-73,0,0,100,0,208,0,16,48,0,3,-79,0,0,100,0,272,752,32,48,0,41,-49,1,1,80,0,848,0,32,32,0,15,-73,0,0,100,0,320,64,48,48,0,21,-61,1,1,80,0,848,0,32,32,0,12,-74,0,0,100,0,112,0,32,32,0,8,-63,0,0,100,0,160,368,32,64,0,-11,-77,0,0,100,0,128,48,32,64,0,-27,-63,0,0,100,0,144,112,32,64,0,-13,-64,0,0,100,0,48,48,16,16,0,-41,-70,0,0,100,0,272,32,32,32,0,-65,-85,0,1,80,0,784,0,32,32,0,-85,-93,0,0,100,0,256,64,64,48,0,-39,-50,0,1,80,0,848,0,32,32,0,-25,-73,0,0,100,0,48,0,32,48,0,-51,-92,0,0,100,0,144,0,64,32,0,-44,-72,0,0,100,0,112,32,48,16,0,-7,-86,0,0,100,0,0,64,32,48,0,-46,-23,0,1,90,0,688,1072,96,48,0,-46,-23,0,1,80,0,592,1072,96,48,0,-47,-15,0,0,100,0,896,48,96,32,0,
0,29,-40,-39,0,1,100,0,912,208,80,48,0,-55,-65,1,1,50,0,880,80,112,80,0,4,-91,0,0,100,0,272,0,64,32,0,25,-75,0,0,100,0,160,32,32,16,0,-18,-88,0,0,100,0,240,32,32,32,0,-3,-71,0,0,100,0,224,0,16,48,0,-25,-38,0,0,100,0,240,0,32,32,0,-30,-77,0,0,100,0,0,112,48,64,0,-22,-73,0,0,100,0,208,0,16,48,0,3,-79,0,0,100,0,272,752,32,48,0,41,-49,1,1,80,0,848,32,32,32,0,15,-73,0,0,100,0,320,64,48,48,0,21,-61,1,1,80,0,848,32,32,32,0,12,-74,0,0,100,0,112,0,32,32,0,8,-63,0,0,100,0,160,368,32,64,0,-11,-77,0,0,100,0,128,48,32,64,0,-27,-63,0,0,100,0,144,112,32,64,0,-13,-64,0,0,100,0,48,48,16,16,0,-41,-70,0,0,100,0,272,32,32,32,0,-65,-85,0,1,70,0,784,0,32,32,0,-85,-93,0,0,100,0,256,64,64,48,0,-39,-50,0,1,80,0,848,32,32,32,0,-25,-73,0,0,100,0,48,0,32,48,0,-51,-92,0,0,100,0,144,0,64,32,0,-44,-72,0,0,100,0,112,32,48,16,0,-7,-86,0,0,100,0,0,64,32,48,0,-46,-23,0,1,85,0,688,1072,96,48,0,-46,-23,0,1,70,0,592,1072,96,48,0,-47,-15,0,0,100,0,896,48,96,32,0,
0,29,-40,-39,0,1,100,0,912,256,80,48,0,-54,-65,0,1,50,0,880,80,112,80,0,4,-90,0,0,100,0,272,0,64,32,0,25,-74,0,0,100,0,160,32,32,16,0,-18,-87,0,0,100,0,240,32,32,32,0,-3,-70,0,0,100,0,224,0,16,48,0,-25,-37,0,0,100,0,240,0,32,32,0,-30,-76,0,0,100,0,48,112,48,64,0,-22,-72,0,0,100,0,208,0,16,48,0,3,-78,0,0,100,0,272,752,32,48,0,41,-48,1,1,80,0,848,0,32,32,0,15,-72,0,0,100,0,320,64,48,48,0,21,-60,1,1,80,0,848,0,32,32,0,12,-73,0,0,100,0,112,0,32,32,0,8,-62,0,0,100,0,160,368,32,64,0,-11,-76,0,0,100,0,128,48,32,64,0,-27,-62,0,0,100,0,144,112,32,64,0,-13,-63,0,0,100,0,48,48,16,16,0,-41,-69,0,0,100,0,272,32,32,32,0,-65,-84,0,1,60,0,784,0,32,32,0,-85,-92,0,0,100,0,256,64,64,48,0,-39,-49,0,1,80,0,848,0,32,32,0,-25,-72,0,0,100,0,48,0,32,48,0,-51,-91,0,0,100,0,144,0,64,32,0,-44,-71,0,0,100,0,112,32,48,16,0,-7,-85,0,0,100,0,0,64,32,48,0,-46,-23,0,1,80,0,688,1120,96,48,0,-46,-23,0,1,60,0,592,1072,96,48,0,-47,-15,0,0,100,0,896,48,96,32,0,
0,29,-40,-39,0,1,100,0,912,256,80,48,0,-55,-65,1,1,50,0,880,80,112,80,0,4,-90,0,0,100,0,272,0,64,32,0,25,-74,0,0,100,0,160,32,32,16,0,-18,-87,0,0,100,0,240,32,32,32,0,-3,-70,0,0,100,0,224,0,16,48,0,-25,-37,0,0,100,0,240,0,32,32,0,-30,-76,0,0,100,0,48,112,48,64,0,-22,-72,0,0,100,0,208,0,16,48,0,3,-78,0,0,100,0,272,752,32,48,0,41,-48,1,1,80,0,848,32,32,32,0,15,-72,0,0,100,0,320,64,48,48,0,21,-60,1,1,80,0,848,32,32,32,0,12,-73,0,0,100,0,112,0,32,32,0,8,-62,0,0,100,0,160,368,32,64,0,-11,-76,0,0,100,0,128,48,32,64,0,-27,-62,0,0,100,0,144,112,32,64,0,-13,-63,0,0,100,0,48,48,16,16,0,-41,-69,0,0,100,0,272,32,32,32,0,-65,-84,0,1,70,0,784,0,32,32,0,-85,-92,0,0,100,0,256,64,64,48,0,-39,-49,0,1,80,0,848,32,32,32,0,-25,-72,0,0,100,0,48,0,32,48,0,-51,-91,0,0,100,0,144,0,64,32,0,-44,-71,0,0,100,0,112,32,48,16,0,-7,-85,0,0,100,0,0,64,32,48,0,-46,-23,0,1,85,0,688,1120,96,48,0,-46,-23,0,1,70,0,592,1072,96,48,0,-47,-15,0,0,100,0,896,48,96,32,0,
0,29,-40,-39,0,1,100,0,912,304,80,48,0,-54,-65,0,1,50,0,880,80,112,80,0,4,-89,0,0,100,0,272,0,64,32,0,25,-73,0,0,100,0,160,32,32,16,0,-18,-86,0,0,100,0,240,32,32,32,0,-3,-69,0,0,100,0,224,0,16,48,0,-25,-36,0,0,100,0,240,0,32,32,0,-30,-75,0,0,100,0,96,112,48,64,0,-22,-71,0,0,100,0,208,0,16,48,0,3,-77,0,0,100,0,272,752,32,48,0,41,-47,1,1,80,0,848,0,32,32,0,15,-71,0,0,100,0,320,64,48,48,0,21,-59,1,1,80,0,848,0,32,32,0,12,-72,0,0,100,0,112,0,32,32,0,8,-61,0,0,100,0,160,368,32,64,0,-11,-75,0,0,100,0,128,48,32,64,0,-27,-61,0,0,100,0,144,112,32,64,0,-13,-62,0,0,100,0,48,48,16,16,0,-41,-68,0,0,100,0,272,32,32,32,0,-65,-83,0,1,80,0,784,0,32,32,0,-85,-91,0,0,100,0,256,64,64,48,0,-39,-48,0,1,80,0,848,0,32,32,0,-25,-71,0,0,100,0,48,0,32,48,0,-51,-90,0,0,100,0,144,0,64,32,0,-44,-70,0,0,100,0,112,32,48,16,0,-7,-84,0,0,100,0,0,64,32,48,0,-46,-23,0,1,90,0,688,1168,96,48,0,-46,-23,0,1,80,0,592,1072,96,48,0,-47,-15,0,0,100,0,896,48,96,32,0,
0,29,-40,-39,0,1,100,0,912,304,80,48,0,-55,-65,1,1,50,0,880,80,112,80,0,4,-90,0,0,100,0,272,0,64,32,0,25,-74,0,0,100,0,160,32,32,16,0,-18,-87,0,0,100,0,240,32,32,32,0,-3,-70,0,0,100,0,224,0,16,48,0,-25,-37,0,0,100,0,240,0,32,32,0,-30,-76,0,0,100,0,96,112,48,64,0,-22,-72,0,0,100,0,208,0,16,48,0,3,-78,0,0,100,0,272,752,32,48,0,41,-48,1,1,80,0,848,0,32,32,0,15,-72,0,0,100,0,320,64,48,48,0,21,-60,1,1,80,0,848,0,32,32,0,12,-73,0,0,100,0,112,0,32,32,0,8,-62,0,0,100,0,160,368,32,64,0,-11,-76,0,0,100,0,128,48,32,64,0,-27,-62,0,0,100,0,144,112,32,64,0,-13,-63,0,0,100,0,48,48,16,16,0,-41,-69,0,0,100,0,272,32,32,32,0,-65,-84,0,1,90,0,784,0,32,32,0,-85,-92,0,0,100,0,256,64,64,48,0,-39,-49,0,1,80,0,848,0,32,32,0,-25,-72,0,0,100,0,48,0,32,48,0,-51,-91,0,0,100,0,144,0,64,32,0,-44,-71,0,0,100,0,112,32,48,16,0,-7,-85,0,0,100,0,0,64,32,48,0,-46,-23,0,1,95,0,688,1168,96,48,0,-46,-23,0,1,90,0,592,1072,96,48,0,-47,-15,0,0,100,0,896,48,96,32,0,
0,29,-45,-112,0,1,100,0,656,0,32,32,0,-40,-39,0,1,100,0,912,160,80,48,0,-54,-65,0,1,50,0,880,80,112,80,0,5,-91,0,0,100,0,272,0,64,32,0,26,-75,0,0,100,0,160,32,32,16,0,-17,-88,0,0,100,0,240,32,32,32,0,-2,-71,0,0,100,0,224,0,16,48,0,-24,-38,0,0,100,0,240,0,32,32,0,-29,-77,0,0,100,0,0,0,48,64,0,-21,-73,0,0,100,0,208,0,16,48,0,0,-72,0,0,100,0,224,64,32,48,0,21,-44,0,1,80,0,816,0,32,48,0,18,-68,0,0,100,0,192,64,32,48,0,10,-71,0,0,100,0,112,0,32,32,0,4,-61,0,0,100,0,160,48,32,64,0,-10,-77,0,0,100,0,128,48,32,64,0,-30,-63,0,0,100,0,96,48,32,64,0,-12,-64,0,0,100,0,48,48,16,16,0,-42,-89,0,0,100,0,336,0,32,32,0,-44,-82,0,0,100,0,240,112,32,64,0,-48,-46,0,1,80,0,848,0,32,32,0,-34,-69,0,0,100,0,48,0,32,48,0,-50,-92,0,0,100,0,144,0,64,32,0,-43,-72,0,0,100,0,112,32,48,16,0,8,-59,0,1,80,0,816,0,32,48,0,-6,-86,0,0,100,0,0,64,32,48,0,-46,-23,0,1,100,0,896,0,96,48,0,-46,-23,0,1,100,0,592,1072,96,48,0,-47,-15,0,0,100,0,896,48,96,32,0,
0,29,-45,-112,0,1,100,0,656,0,32,32,0,-40,-39,0,1,100,0,912,160,80,48,0,-55,-65,1,1,50,0,880,80,112,80,0,5,-91,0,0,100,0,272,0,64,32,0,26,-75,0,0,100,0,160,32,32,16,0,-17,-88,0,0,100,0,240,32,32,32,0,-2,-71,0,0,100,0,224,0,16,48,0,-24,-38,0,0,100,0,240,0,32,32,0,-29,-77,0,0,100,0,0,0,48,64,0,-21,-73,0,0,100,0,208,0,16,48,0,0,-72,0,0,100,0,224,64,32,48,0,21,-44,0,1,80,0,816,48,32,48,0,18,-68,0,0,100,0,192,64,32,48,0,10,-71,0,0,100,0,112,0,32,32,0,4,-61,0,0,100,0,160,48,32,64,0,-10,-77,0,0,100,0,128,48,32,64,0,-30,-63,0,0,100,0,96,48,32,64,0,-12,-64,0,0,100,0,48,48,16,16,0,-42,-89,0,0,100,0,336,0,32,32,0,-44,-82,0,0,100,0,240,112,32,64,0,-48,-46,0,1,80,0,848,32,32,32,0,-34,-69,0,0,100,0,48,0,32,48,0,-50,-92,0,0,100,0,144,0,64,32,0,-43,-72,0,0,100,0,112,32,48,16,0,8,-59,0,1,80,0,816,48,32,48,0,-6,-86,0,0,100,0,0,64,32,48,0,-46,-23,0,1,95,0,896,0,96,48,0,-46,-23,0,1,90,0,592,1072,96,48,0,-47,-15,0,0,100,0,896,48,96,32,0,
0,29,-45,-112,0,1,100,0,688,0,32,32,0,-40,-39,0,1,100,0,912,208,80,48,0,-54,-65,0,1,50,0,880,80,112,80,0,5,-92,0,0,100,0,272,0,64,32,0,26,-76,0,0,100,0,160,32,32,16,0,-17,-89,0,0,100,0,240,32,32,32,0,-2,-72,0,0,100,0,224,0,16,48,0,-24,-39,0,0,100,0,240,0,32,32,0,-29,-78,0,0,100,0,0,112,48,64,0,-21,-74,0,0,100,0,208,0,16,48,0,0,-73,0,0,100,0,224,64,32,48,0,21,-45,0,1,80,0,816,0,32,48,0,18,-69,0,0,100,0,192,64,32,48,0,10,-72,0,0,100,0,112,0,32,32,0,4,-62,0,0,100,0,160,48,32,64,0,-10,-78,0,0,100,0,128,48,32,64,0,-30,-64,0,0,100,0,96,48,32,64,0,-12,-65,0,0,100,0,48,48,16,16,0,-42,-90,0,0,100,0,336,0,32,32,0,-44,-83,0,0,100,0,240,112,32,64,0,-48,-47,0,1,80,0,848,0,32,32,0,-34,-70,0,0,100,0,48,0,32,48,0,-50,-93,0,0,100,0,144,0,64,32,0,-43,-73,0,0,100,0,112,32,48,16,0,8,-60,0,1,80,0,816,0,32,48,0,-6,-87,0,0,100,0,0,64,32,48,0,-46,-23,0,1,90,0,688,1072,96,48,0,-46,-23,0,1,80,0,592,1072,96,48,0,-47,-15,0,0,100,0,896,48,96,32,0,
0,29,-45,-112,0,1,100,0,688,0,32,32,0,-40,-39,0,1,100,0,912,208,80,48,0,-55,-65,1,1,50,0,880,80,112,80,0,5,-92,0,0,100,0,272,0,64,32,0,26,-76,0,0,100,0,160,32,32,16,0,-17,-89,0,0,100,0,240,32,32,32,0,-2,-72,0,0,100,0,224,0,16,48,0,-24,-39,0,0,100,0,240,0,32,32,0,-29,-78,0,0,100,0,0,112,48,64,0,-21,-74,0,0,100,0,208,0,16,48,0,0,-73,0,0,100,0,224,64,32,48,0,21,-45,0,1,80,0,816,48,32,48,0,18,-69,0,0,100,0,192,64,32,48,0,10,-72,0,0,100,0,112,0,32,32,0,4,-62,0,0,100,0,160,48,32,64,0,-10,-78,0,0,100,0,128,48,32,64,0,-30,-64,0,0,100,0,96,48,32,64,0,-12,-65,0,0,100,0,48,48,16,16,0,-42,-90,0,0,100,0,336,0,32,32,0,-44,-83,0,0,100,0,240,112,32,64,0,-48,-47,0,1,80,0,848,32,32,32,0,-34,-70,0,0,100,0,48,0,32,48,0,-50,-93,0,0,100,0,144,0,64,32,0,-43,-73,0,0,100,0,112,32,48,16,0,8,-60,0,1,80,0,816,48,32,48,0,-6,-87,0,0,100,0,0,64,32,48,0,-46,-23,0,1,85,0,688,1072,96,48,0,-46,-23,0,1,70,0,592,1072,96,48,0,-47,-15,0,0,100,0,896,48,96,32,0,
0,29,-45,-112,0,1,100,0,720,0,32,32,0,-40,-39,0,1,100,0,912,256,80,48,0,-54,-65,0,1,50,0,880,80,112,80,0,5,-91,0,0,100,0,272,0,64,32,0,26,-75,0,0,100,0,160,32,32,16,0,-17,-88,0,0,100,0,240,32,32,32,0,-2,-71,0,0,100,0,224,0,16,48,0,-24,-38,0,0,100,0,240,0,32,32,0,-29,-77,0,0,100,0,48,112,48,64,0,-21,-73,0,0,100,0,208,0,16,48,0,0,-72,0,0,100,0,224,64,32,48,0,21,-44,0,1,80,0,816,0,32,48,0,18,-68,0,0,100,0,192,64,32,48,0,10,-71,0,0,100,0,112,0,32,32,0,4,-61,0,0,100,0,160,48,32,64,0,-10,-77,0,0,100,0,128,48,32,64,0,-30,-63,0,0,100,0,96,48,32,64,0,-12,-64,0,0,100,0,48,48,16,16,0,-42,-89,0,0,100,0,336,0,32,32,0,-44,-82,0,0,100,0,240,112,32,64,0,-48,-46,0,1,80,0,848,0,32,32,0,-34,-69,0,0,100,0,48,0,32,48,0,-50,-92,0,0,100,0,144,0,64,32,0,-43,-72,0,0,100,0,112,32,48,16,0,8,-59,0,1,80,0,816,0,32,48,0,-6,-86,0,0,100,0,0,64,32,48,0,-46,-23,0,1,80,0,688,1120,96,48,0,-46,-23,0,1,60,0,592,1072,96,48,0,-47,-15,0,0,100,0,896,48,96,32,0,
0,29,-45,-112,0,1,100,0,720,0,32,32,0,-40,-39,0,1,100,0,912,256,80,48,0,-55,-65,1,1,50,0,880,80,112,80,0,5,-91,0,0,100,0,272,0,64,32,0,26,-75,0,0,100,0,160,32,32,16,0,-17,-88,0,0,100,0,240,32,32,32,0,-2,-71,0,0,100,0,224,0,16,48,0,-24,-38,0,0,100,0,240,0,32,32,0,-29,-77,0,0,100,0,48,112,48,64,0,-21,-73,0,0,100,0,208,0,16,48,0,0,-72,0,0,100,0,224,64,32,48,0,21,-44,0,1,80,0,816,48,32,48,0,18,-68,0,0,100,0,192,64,32,48,0,10,-71,0,0,100,0,112,0,32,32,0,4,-61,0,0,100,0,160,48,32,64,0,-10,-77,0,0,100,0,128,48,32,64,0,-30,-63,0,0,100,0,96,48,32,64,0,-12,-64,0,0,100,0,48,48,16,16,0,-42,-89,0,0,100,0,336,0,32,32,0,-44,-82,0,0,100,0,240,112,32,64,0,-48,-46,0,1,80,0,848,32,32,32,0,-34,-69,0,0,100,0,48,0,32,48,0,-50,-92,0,0,100,0,144,0,64,32,0,-43,-72,0,0,100,0,112,32,48,16,0,8,-59,0,1,80,0,816,48,32,48,0,-6,-86,0,0,100,0,0,64,32,48,0,-46,-23,0,1,85,0,688,1120,96,48,0,-46,-23,0,1,70,0,592,1072,96,48,0,-47,-15,0,0,100,0,896,48,96,32,0,
0,29,-45,-112,0,1,100,0,752,0,32,32,0,-40,-39,0,1,100,0,912,304,80,48,0,-54,-65,0,1,50,0,880,80,112,80,0,5,-90,0,0,100,0,272,0,64,32,0,26,-74,0,0,100,0,160,32,32,16,0,-17,-87,0,0,100,0,240,32,32,32,0,-2,-70,0,0,100,0,224,0,16,48,0,-24,-37,0,0,100,0,240,0,32,32,0,-29,-76,0,0,100,0,96,112,48,64,0,-21,-72,0,0,100,0,208,0,16,48,0,0,-71,0,0,100,0,224,64,32,48,0,21,-43,0,1,80,0,816,0,32,48,0,18,-67,0,0,100,0,192,64,32,48,0,10,-70,0,0,100,0,112,0,32,32,0,4,-60,0,0,100,0,160,48,32,64,0,-10,-76,0,0,100,0,128,48,32,64,0,-30,-62,0,0,100,0,96,48,32,64,0,-12,-63,0,0,100,0,48,48,16,16,0,-42,-88,0,0,100,0,336,0,32,32,0,-44,-81,0,0,100,0,240,112,32,64,0,-48,-45,0,1,80,0,848,0,32,32,0,-34,-68,0,0,100,0,48,0,32,48,0,-50,-91,0,0,100,0,144,0,64,32,0,-43,-71,0,0,100,0,112,32,48,16,0,8,-58,0,1,80,0,816,0,32,48,0,-6,-85,0,0,100,0,0,64,32,48,0,-46,-23,0,1,90,0,688,1168,96,48,0,-46,-23,0,1,80,0,592,1072,96,48,0,-47,-15,0,0,100,0,896,48,96,32,0,
0,29,-45,-112,0,1,100,0,752,0,32,32,0,-40,-39,0,1,100,0,912,304,80,48,0,-55,-65,1,1,50,0,880,80,112,80,0,5,-90,0,0,100,0,272,0,64,32,0,26,-74,0,0,100,0,160,32,32,16,0,-17,-87,0,0,100,0,240,32,32,32,0,-2,-70,0,0,100,0,224,0,16,48,0,-24,-37,0,0,100,0,240,0,32,32,0,-29,-76,0,0,100,0,96,112,48,64,0,-21,-72,0,0,100,0,208,0,16,48,0,0,-71,0,0,100,0,224,64,32,48,0,21,-43,0,1,80,0,816,48,32,48,0,18,-67,0,0,100,0,192,64,32,48,0,10,-70,0,0,100,0,112,0,32,32,0,4,-60,0,0,100,0,160,48,32,64,0,-10,-76,0,0,100,0,128,48,32,64,0,-30,-62,0,0,100,0,96,48,32,64,0,-12,-63,0,0,100,0,48,48,16,16,0,-42,-88,0,0,100,0,336,0,32,32,0,-44,-81,0,0,100,0,240,112,32,64,0,-48,-45,0,1,80,0,848,32,32,32,0,-34,-68,0,0,100,0,48,0,32,48,0,-50,-91,0,0,100,0,144,0,64,32,0,-43,-71,0,0,100,0,112,32,48,16,0,8,-58,0,1,80,0,816,48,32,48,0,-6,-85,0,0,100,0,0,64,32,48,0,-46,-23,0,1,95,0,688,1168,96,48,0,-46,-23,0,1,90,0,592,1072,96,48,0,-47,-15,0,0,100,0,896,48,96,32,0,
0,29,-68,-75,0,1,100,0,752,0,32,32,0,-40,-39,0,1,100,0,912,160,80,48,0,-54,-65,0,1,50,0,880,80,112,80,0,5,-91,0,0,100,0,272,0,64,32,0,26,-75,0,0,100,0,160,32,32,16,0,-17,-88,0,0,100,0,240,32,32,32,0,-2,-71,0,0,100,0,224,0,16,48,0,-24,-38,0,0,100,0,240,0,32,32,0,-29,-77,0,0,100,0,0,0,48,64,0,-21,-73,0,0,100,0,208,0,16,48,0,0,-72,0,0,100,0,224,64,32,48,0,21,-44,0,1,80,0,816,0,32,48,0,18,-68,0,0,100,0,192,64,32,48,0,10,-71,0,0,100,0,112,0,32,32,0,4,-61,0,0,100,0,160,48,32,64,0,-10,-77,0,0,100,0,128,48,32,64,0,-30,-63,0,0,100,0,96,48,32,64,0,-12,-64,0,0,100,0,48,48,16,16,0,-51,-75,0,0,100,0,304,32,48,32,0,-43,-61,1,0,100,90,240,112,32,64,0,-48,-46,0,1,80,0,848,0,32,32,0,-34,-69,0,0,100,0,48,0,32,48,0,-50,-92,0,0,100,0,144,0,64,32,0,-43,-72,0,0,100,0,112,32,48,16,0,8,-59,0,1,80,0,816,0,32,48,0,-6,-86,0,0,100,0,0,64,32,48,0,-46,-23,0,1,100,0,896,0,96,48,0,-46,-23,0,1,100,0,592,1072,96,48,0,-47,-15,0,0,100,0,896,48,96,32,0,
0,29,-68,-75,0,1,100,0,752,0,32,32,0,-40,-39,0,1,100,0,912,160,80,48,0,-55,-65,1,1,50,0,880,80,112,80,0,5,-91,0,0,100,0,272,0,64,32,0,26,-75,0,0,100,0,160,32,32,16,0,-17,-88,0,0,100,0,240,32,32,32,0,-2,-71,0,0,100,0,224,0,16,48,0,-24,-38,0,0,100,0,240,0,32,32,0,-29,-77,0,0,100,0,0,0,48,64,0,-21,-73,0,0,100,0,208,0,16,48,0,0,-72,0,0,100,0,224,64,32,48,0,21,-44,0,1,80,0,816,48,32,48,0,18,-68,0,0,100,0,192,64,32,48,0,10,-71,0,0,100,0,112,0,32,32,0,4,-61,0,0,100,0,160,48,32,64,0,-10,-77,0,0,100,0,128,48,32,64,0,-30,-63,0,0,100,0,96,48,32,64,0,-12,-64,0,0,100,0,48,48,16,16,0,-51,-75,0,0,100,0,304,32,48,32,0,-43,-61,1,0,100,90,240,112,32,64,0,-48,-46,0,1,80,0,848,32,32,32,0,-34,-69,0,0,100,0,48,0,32,48,0,-50,-92,0,0,100,0,144,0,64,32,0,-43,-72,0,0,100,0,112,32,48,16,0,8,-59,0,1,80,0,816,48,32,48,0,-6,-86,0,0,100,0,0,64,32,48,0,-46,-23,0,1,95,0,896,0,96,48,0,-46,-23,0,1,90,0,592,1072,96,48,0,-47,-15,0,0,100,0,896,48,96,32,0,
0,29,-68,-75,0,1,100,0,720,0,32,32,0,-40,-39,0,1,100,0,912,208,80,48,0,-54,-65,0,1,50,0,880,80,112,80,0,5,-92,0,0,100,0,272,0,64,32,0,26,-76,0,0,100,0,160,32,32,16,0,-17,-89,0,0,100,0,240,32,32,32,0,-2,-72,0,0,100,0,224,0,16,48,0,-24,-39,0,0,100,0,240,0,32,32,0,-29,-78,0,0,100,0,0,112,48,64,0,-21,-74,0,0,100,0,208,0,16,48,0,0,-73,0,0,100,0,224,64,32,48,0,21,-45,0,1,80,0,816,0,32,48,0,18,-69,0,0,100,0,192,64,32,48,0,10,-72,0,0,100,0,112,0,32,32,0,4,-62,0,0,100,0,160,48,32,64,0,-10,-78,0,0,100,0,128,48,32,64,0,-30,-64,0,0,100,0,96,48,32,64,0,-12,-65,0,0,100,0,48,48,16,16,0,-51,-76,0,0,100,0,304,32,48,32,0,-43,-62,1,0,100,90,240,112,32,64,0,-48,-47,0,1,80,0,848,0,32,32,0,-34,-70,0,0,100,0,48,0,32,48,0,-50,-93,0,0,100,0,144,0,64,32,0,-43,-73,0,0,100,0,112,32,48,16,0,8,-60,0,1,80,0,816,0,32,48,0,-6,-87,0,0,100,0,0,64,32,48,0,-46,-23,0,1,90,0,688,1072,96,48,0,-46,-23,0,1,80,0,592,1072,96,48,0,-47,-15,0,0,100,0,896,48,96,32,0,
0,29,-68,-75,0,1,100,0,720,0,32,32,0,-40,-39,0,1,100,0,912,208,80,48,0,-55,-65,1,1,50,0,880,80,112,80,0,5,-92,0,0,100,0,272,0,64,32,0,26,-76,0,0,100,0,160,32,32,16,0,-17,-89,0,0,100,0,240,32,32,32,0,-2,-72,0,0,100,0,224,0,16,48,0,-24,-39,0,0,100,0,240,0,32,32,0,-29,-78,0,0,100,0,0,112,48,64,0,-21,-74,0,0,100,0,208,0,16,48,0,0,-73,0,0,100,0,224,64,32,48,0,21,-45,0,1,80,0,816,48,32,48,0,18,-69,0,0,100,0,192,64,32,48,0,10,-72,0,0,100,0,112,0,32,32,0,4,-62,0,0,100,0,160,48,32,64,0,-10,-78,0,0,100,0,128,48,32,64,0,-30,-64,0,0,100,0,96,48,32,64,0,-12,-65,0,0,100,0,48,48,16,16,0,-51,-76,0,0,100,0,304,32,48,32,0,-43,-62,1,0,100,90,240,112,32,64,0,-48,-47,0,1,80,0,848,32,32,32,0,-34,-70,0,0,100,0,48,0,32,48,0,-50,-93,0,0,100,0,144,0,64,32,0,-43,-73,0,0,100,0,112,32,48,16,0,8,-60,0,1,80,0,816,48,32,48,0,-6,-87,0,0,100,0,0,64,32,48,0,-46,-23,0,1,85,0,688,1072,96,48,0,-46,-23,0,1,70,0,592,1072,96,48,0,-47,-15,0,0,100,0,896,48,96,32,0,
0,29,-68,-75,0,1,100,0,688,0,32,32,0,-40,-39,0,1,100,0,912,256,80,48,0,-54,-65,0,1,50,0,880,80,112,80,0,5,-91,0,0,100,0,272,0,64,32,0,26,-75,0,0,100,0,160,32,32,16,0,-17,-88,0,0,100,0,240,32,32,32,0,-2,-71,0,0,100,0,224,0,16,48,0,-24,-38,0,0,100,0,240,0,32,32,0,-29,-77,0,0,100,0,48,112,48,64,0,-21,-73,0,0,100,0,208,0,16,48,0,0,-72,0,0,100,0,224,64,32,48,0,21,-44,0,1,80,0,816,0,32,48,0,18,-68,0,0,100,0,192,64,32,48,0,10,-71,0,0,100,0,112,0,32,32,0,4,-61,0,0,100,0,160,48,32,64,0,-10,-77,0,0,100,0,128,48,32,64,0,-30,-63,0,0,100,0,96,48,32,64,0,-12,-64,0,0,100,0,48,48,16,16,0,-51,-75,0,0,100,0,304,32,48,32,0,-43,-61,1,0,100,90,240,112,32,64,0,-48,-46,0,1,80,0,848,0,32,32,0,-34,-69,0,0,100,0,48,0,32,48,0,-50,-92,0,0,100,0,144,0,64,32,0,-43,-72,0,0,100,0,112,32,48,16,0,8,-59,0,1,80,0,816,0,32,48,0,-6,-86,0,0,100,0,0,64,32,48,0,-46,-23,0,1,80,0,688,1120,96,48,0,-46,-23,0,1,60,0,592,1072,96,48,0,-47,-15,0,0,100,0,896,48,96,32,0,
0,29,-68,-75,0,1,100,0,688,0,32,32,0,-40,-39,0,1,100,0,912,256,80,48,0,-55,-65,1,1,50,0,880,80,112,80,0,5,-91,0,0,100,0,272,0,64,32,0,26,-75,0,0,100,0,160,32,32,16,0,-17,-88,0,0,100,0,240,32,32,32,0,-2,-71,0,0,100,0,224,0,16,48,0,-24,-38,0,0,100,0,240,0,32,32,0,-29,-77,0,0,100,0,48,112,48,64,0,-21,-73,0,0,100,0,208,0,16,48,0,0,-72,0,0,100,0,224,64,32,48,0,21,-44,0,1,80,0,816,48,32,48,0,18,-68,0,0,100,0,192,64,32,48,0,10,-71,0,0,100,0,112,0,32,32,0,4,-61,0,0,100,0,160,48,32,64,0,-10,-77,0,0,100,0,128,48,32,64,0,-30,-63,0,0,100,0,96,48,32,64,0,-12,-64,0,0,100,0,48,48,16,16,0,-51,-75,0,0,100,0,304,32,48,32,0,-43,-61,1,0,100,90,240,112,32,64,0,-48,-46,0,1,80,0,848,32,32,32,0,-34,-69,0,0,100,0,48,0,32,48,0,-50,-92,0,0,100,0,144,0,64,32,0,-43,-72,0,0,100,0,112,32,48,16,0,8,-59,0,1,80,0,816,48,32,48,0,-6,-86,0,0,100,0,0,64,32,48,0,-46,-23,0,1,85,0,688,1120,96,48,0,-46,-23,0,1,70,0,592,1072,96,48,0,-47,-15,0,0,100,0,896,48,96,32,0,
0,29,-68,-75,0,1,100,0,656,0,32,32,0,-40,-39,0,1,100,0,912,304,80,48,0,-54,-65,0,1,50,0,880,80,112,80,0,5,-90,0,0,100,0,272,0,64,32,0,26,-74,0,0,100,0,160,32,32,16,0,-17,-87,0,0,100,0,240,32,32,32,0,-2,-70,0,0,100,0,224,0,16,48,0,-24,-37,0,0,100,0,240,0,32,32,0,-29,-76,0,0,100,0,96,112,48,64,0,-21,-72,0,0,100,0,208,0,16,48,0,0,-71,0,0,100,0,224,64,32,48,0,21,-43,0,1,80,0,816,0,32,48,0,18,-67,0,0,100,0,192,64,32,48,0,10,-70,0,0,100,0,112,0,32,32,0,4,-60,0,0,100,0,160,48,32,64,0,-10,-76,0,0,100,0,128,48,32,64,0,-30,-62,0,0,100,0,96,48,32,64,0,-12,-63,0,0,100,0,48,48,16,16,0,-51,-74,0,0,100,0,304,32,48,32,0,-43,-60,1,0,100,90,240,112,32,64,0,-48,-45,0,1,80,0,848,0,32,32,0,-34,-68,0,0,100,0,48,0,32,48,0,-50,-91,0,0,100,0,144,0,64,32,0,-43,-71,0,0,100,0,112,32,48,16,0,8,-58,0,1,80,0,816,0,32,48,0,-6,-85,0,0,100,0,0,64,32,48,0,-46,-23,0,1,90,0,688,1168,96,48,0,-46,-23,0,1,80,0,592,1072,96,48,0,-47,-15,0,0,100,0,896,48,96,32,0,
0,29,-68,-75,0,1,100,0,656,0,32,32,0,-40,-39,0,1,100,0,912,304,80,48,0,-55,-65,1,1,50,0,880,80,112,80,0,5,-90,0,0,100,0,272,0,64,32,0,26,-74,0,0,100,0,160,32,32,16,0,-17,-87,0,0,100,0,240,32,32,32,0,-2,-70,0,0,100,0,224,0,16,48,0,-24,-37,0,0,100,0,240,0,32,32,0,-29,-76,0,0,100,0,96,112,48,64,0,-21,-72,0,0,100,0,208,0,16,48,0,0,-71,0,0,100,0,224,64,32,48,0,21,-43,0,1,80,0,816,48,32,48,0,18,-67,0,0,100,0,192,64,32,48,0,10,-70,0,0,100,0,112,0,32,32,0,4,-60,0,0,100,0,160,48,32,64,0,-10,-76,0,0,100,0,128,48,32,64,0,-30,-62,0,0,100,0,96,48,32,64,0,-12,-63,0,0,100,0,48,48,16,16,0,-51,-74,0,0,100,0,304,32,48,32,0,-43,-60,1,0,100,90,240,112,32,64,0,-48,-45,0,1,80,0,848,32,32,32,0,-34,-68,0,0,100,0,48,0,32,48,0,-50,-91,0,0,100,0,144,0,64,32,0,-43,-71,0,0,100,0,112,32,48,16,0,8,-58,0,1,80,0,816,48,32,48,0,-6,-85,0,0,100,0,0,64,32,48,0,-46,-23,0,1,95,0,688,1168,96,48,0,-46,-23,0,1,90,0,592,1072,96,48,0,-47,-15,0,0,100,0,896,48,96,32,0,
0,28,3,-96,0,0,100,0,272,0,64,32,0,24,-80,0,0,100,0,160,32,32,16,0,-19,-93,0,0,100,0,240,32,32,32,0,-4,-76,0,0,100,0,224,0,16,48,0,-26,-43,0,0,100,0,240,0,32,32,0,-31,-82,0,0,100,0,0,0,48,64,0,-23,-78,0,0,100,0,208,0,16,48,0,-2,-77,0,0,100,0,224,64,32,48,0,41,-54,1,1,80,0,848,0,32,32,0,14,-78,0,0,100,0,320,64,48,48,0,8,-76,0,0,100,0,112,0,32,32,0,4,-66,0,0,100,0,176,112,32,64,0,-12,-82,0,0,100,0,128,48,32,64,0,-28,-68,0,0,100,0,144,112,32,64,0,-14,-69,0,0,100,0,48,48,16,16,0,-40,-83,0,0,100,0,80,0,32,48,0,-61,-47,2,1,100,0,784,0,32,32,0,-76,-54,0,0,100,0,32,64,64,48,0,-6,-67,1,1,80,0,816,0,32,48,0,-35,-51,1,1,80,0,816,0,32,48,0,-23,-73,0,0,100,0,48,0,32,48,0,-52,-97,0,0,100,0,144,0,64,32,0,-45,-77,0,0,100,0,112,32,48,16,0,13,-63,1,1,80,0,848,0,32,32,0,-8,-91,0,0,100,0,0,64,32,48,0,-46,-23,0,1,100,0,896,0,96,48,0,-46,-23,0,1,100,0,592,1072,96,48,0,-47,-15,0,0,70,0,896,48,96,32,0,
0,25,3,-96,0,0,100,0,272,0,64,32,0,24,-80,0,0,100,0,160,32,32,16,0,-19,-93,0,0,100,0,240,32,32,32,0,-4,-76,0,0,100,0,224,0,16,48,0,-26,-43,0,0,100,0,240,0,32,32,0,-31,-82,0,0,100,0,0,0,48,64,0,-23,-78,0,0,100,0,208,0,16,48,0,-2,-77,0,0,100,0,224,64,32,48,0,41,-54,1,1,80,0,848,0,32,32,0,14,-78,0,0,100,0,320,64,48,48,0,8,-76,0,0,100,0,112,0,32,32,0,4,-66,0,0,100,0,176,112,32,64,0,-12,-82,0,0,100,0,128,48,32,64,0,-28,-68,0,0,100,0,144,112,32,64,0,-14,-69,0,0,100,0,48,48,16,16,0,-40,-83,0,0,100,0,80,0,32,48,0,-61,-47,2,1,100,0,784,0,32,32,0,-76,-54,0,0,100,0,32,64,64,48,0,-6,-67,1,1,80,0,816,0,32,48,0,-35,-51,1,1,80,0,816,0,32,48,0,-23,-73,0,0,100,0,48,0,32,48,0,-52,-97,0,0,100,0,144,0,64,32,0,-45,-77,0,0,100,0,112,32,48,16,0,13,-63,1,1,80,0,848,0,32,32,0,-8,-91,0,0,100,0,0,64,32,48,0,
0,30,37,-73,0,1,100,90,880,0,16,16,0,9,-90,0,1,100,0,880,0,16,16,0,-41,-74,0,1,100,0,880,0,16,16,0,12,-26,0,1,100,0,880,0,16,16,0,3,-54,0,1,100,0,880,0,16,16,0,5,-66,0,1,100,0,880,0,16,16,0,-19,-74,0,1,100,0,880,0,16,16,0,2,-93,0,0,100,0,448,0,64,48,0,23,-72,0,0,100,0,160,32,32,16,0,-3,-67,0,0,100,0,432,0,16,48,0,-20,-78,0,0,100,0,400,32,32,16,0,-27,-34,0,0,100,0,240,0,32,32,0,-27,-68,0,0,100,0,0,176,32,64,0,-19,-29,0,1,100,0,880,0,16,16,0,-8,-18,0,1,100,0,880,0,16,16,0,-26,-68,0,0,100,0,368,80,16,48,0,15,-64,0,0,100,0,368,32,32,48,0,-56,-89,0,0,100,0,368,0,64,32,0,-47,-68,0,0,100,0,192,48,48,16,0,6,-67,0,0,100,0,112,0,32,32,0,0,-57,0,0,100,0,336,112,32,64,0,-13,-73,0,0,100,0,128,48,32,64,0,-24,-62,0,0,100,0,304,112,32,64,0,-15,-60,0,0,100,0,48,48,16,16,0,-9,-82,0,0,100,0,0,64,32,48,0,1,-103,0,0,100,0,272,112,32,64,0,-32,-63,0,0,100,0,48,0,32,48,0,-46,-23,0,1,30,0,896,0,96,48,0,-46,-23,0,1,30,0,592,1072,96,48,0,-47,-15,0,0,100,0,896,48,96,32,0,
0,28,-37,-39,0,1,50,0,912,304,80,48,0,-52,-65,1,1,20,0,880,80,112,80,0,6,-91,0,0,100,0,272,0,64,32,0,27,-75,0,0,100,0,160,32,32,16,0,-15,-88,0,0,100,0,240,32,32,32,0,0,-71,0,0,100,0,224,0,16,48,0,-22,-38,0,0,100,0,240,0,32,32,0,-27,-77,0,0,100,0,0,0,48,64,0,-19,-73,0,0,100,0,208,0,16,48,0,1,-72,0,0,100,0,224,64,32,48,0,22,-44,0,1,80,0,816,0,32,48,0,19,-68,0,0,100,0,192,64,32,48,0,13,-71,0,0,100,0,112,0,32,32,0,8,-61,0,0,100,0,176,112,32,64,0,-8,-77,0,0,100,0,128,48,32,64,0,-28,-64,0,0,100,0,96,48,32,64,0,-9,-64,0,0,100,0,48,48,16,16,0,-37,-78,0,0,100,0,80,0,32,48,0,-73,-49,0,0,100,0,32,64,64,48,0,-47,-46,0,1,80,0,848,0,32,32,0,-33,-71,0,0,100,0,48,0,32,48,0,-47,-92,0,0,100,0,144,0,64,32,0,-40,-72,0,0,100,0,112,32,48,16,0,11,-59,0,1,80,0,816,0,32,48,0,-3,-86,0,0,100,0,0,64,32,48,0,-46,-23,0,1,70,0,688,1168,96,48,0,-46,-23,0,1,60,0,592,1072,96,48,0,-44,-15,0,0,100,0,896,48,96,32,0,
0,28,-37,-39,0,1,50,0,912,304,80,48,0,-52,-65,1,1,20,0,880,80,112,80,0,7,-91,0,0,100,0,272,0,64,32,0,28,-75,0,0,100,0,160,32,32,16,0,-14,-88,0,0,100,0,240,32,32,32,0,1,-71,0,0,100,0,224,0,16,48,0,-21,-38,0,0,100,0,240,0,32,32,0,-26,-77,0,0,100,0,0,0,48,64,0,-18,-73,0,0,100,0,208,0,16,48,0,2,-72,0,0,100,0,224,64,32,48,0,23,-44,0,1,80,0,816,48,32,48,0,20,-68,0,0,100,0,192,64,32,48,0,14,-71,0,0,100,0,112,0,32,32,0,9,-61,0,0,100,0,176,112,32,64,0,-7,-77,0,0,100,0,128,48,32,64,0,-27,-64,0,0,100,0,96,48,32,64,0,-8,-64,0,0,100,0,48,48,16,16,0,-36,-78,0,0,100,0,80,0,32,48,0,-72,-49,0,0,100,0,32,64,64,48,0,-46,-46,0,1,80,0,848,32,32,32,0,-32,-71,0,0,100,0,48,0,32,48,0,-46,-92,0,0,100,0,144,0,64,32,0,-39,-72,0,0,100,0,112,32,48,16,0,12,-59,0,1,80,0,816,48,32,48,0,-2,-86,0,0,100,0,0,64,32,48,0,-46,-23,0,1,40,0,688,1168,96,48,0,-46,-23,0,1,30,0,592,1072,96,48,0,-43,-15,0,0,100,0,896,48,96,32,0,
0,29,8,-119,0,1,100,0,816,96,64,64,0,-41,-39,0,1,20,0,912,160,80,48,0,13,-106,0,0,100,0,480,80,48,48,0,-3,-79,0,0,100,0,480,48,32,32,0,-49,-100,0,0,100,0,432,144,64,48,0,-47,-76,0,0,100,0,432,128,32,16,0,-2,-71,1,0,100,0,224,0,16,48,0,0,-89,0,0,100,0,448,96,32,32,0,4,-38,1,0,100,0,240,0,32,32,0,-7,-77,0,0,100,0,32,176,48,64,0,19,-74,1,0,100,0,208,0,16,48,0,-17,-68,0,0,100,0,400,64,32,16,0,-54,-40,0,1,80,0,848,0,32,32,0,-45,-71,0,0,100,0,432,48,48,48,0,-29,-58,1,1,80,0,816,0,32,48,0,-30,-70,0,0,100,0,416,96,32,32,0,-23,-60,0,0,100,0,400,128,32,64,0,-9,-77,1,0,100,0,128,48,32,64,0,10,-61,0,0,100,0,368,128,32,64,0,15,-65,0,0,100,0,64,48,16,16,0,31,-66,0,0,100,0,576,0,32,32,0,35,-39,1,1,80,0,848,0,32,32,0,24,-66,0,0,100,0,384,80,32,48,0,16,-91,0,0,100,0,512,0,64,32,0,43,-76,0,0,100,0,400,48,32,16,0,-9,-86,1,0,100,0,0,64,32,48,0,-46,-23,0,1,20,0,896,0,96,48,0,-46,-23,0,1,10,0,592,1072,96,48,0,-41,-16,0,0,100,0,896,48,96,32,0,
0,27,10,-120,0,1,100,0,816,96,64,64,0,-40,-39,0,1,20,0,912,160,80,48,0,14,-106,0,0,100,0,480,80,48,48,0,-2,-79,0,0,100,0,480,48,32,32,0,-48,-100,0,0,100,0,432,144,64,48,0,-46,-76,0,0,100,0,432,128,32,16,0,-1,-71,1,0,100,0,224,0,16,48,0,1,-89,0,0,100,0,448,96,32,32,0,5,-38,1,0,100,0,240,0,32,32,0,-6,-77,0,0,100,0,32,176,48,64,0,20,-74,1,0,100,0,208,0,16,48,0,-16,-68,0,0,100,0,400,64,32,16,0,-53,-40,0,1,80,0,848,32,32,32,0,-44,-71,0,0,100,0,432,48,48,48,0,-28,-58,1,1,80,0,816,48,32,48,0,-29,-70,0,0,100,0,416,96,32,32,0,-21,-61,0,0,100,0,400,128,32,64,0,-8,-77,1,0,100,0,128,48,32,64,0,12,-62,0,0,100,0,368,128,32,64,0,16,-65,0,0,100,0,64,48,16,16,0,32,-67,0,0,100,0,576,0,32,32,0,35,-40,1,1,80,0,848,32,32,32,0,24,-67,0,0,100,0,384,80,32,48,0,16,-91,0,0,100,0,512,0,64,32,0,43,-76,0,0,100,0,400,48,32,16,0,-8,-86,1,0,100,0,0,64,32,48,0,-40,-16,0,0,100,0,896,48,96,32,0,
0,26,15,-140,0,1,100,0,832,160,80,80,0,17,-114,0,0,100,0,480,80,48,48,0,1,-87,0,0,100,0,480,48,32,32,0,-47,-102,0,0,100,0,432,144,64,48,0,-45,-78,0,0,100,0,432,128,32,16,0,0,-73,1,0,100,0,224,0,16,48,0,2,-91,0,0,100,0,448,96,32,32,0,6,-39,1,0,100,0,240,0,32,32,0,-5,-78,0,0,100,0,80,176,48,64,0,21,-75,1,0,100,0,208,0,16,48,0,-17,-71,0,0,100,0,512,32,32,16,0,-53,-41,0,1,80,0,848,0,32,32,0,-43,-72,0,0,100,0,528,48,48,48,0,-27,-59,1,1,80,0,816,0,32,48,0,-28,-71,0,0,100,0,416,96,32,32,0,-20,-62,0,0,100,0,400,128,32,64,0,-7,-79,1,0,100,0,128,48,32,64,0,15,-62,1,0,100,0,144,112,32,64,0,17,-66,0,0,100,0,64,48,16,16,0,33,-67,0,0,100,0,608,0,32,32,0,35,-40,1,1,80,0,848,0,32,32,0,24,-69,0,0,100,0,384,80,32,48,0,17,-93,0,0,100,0,512,0,64,32,0,44,-78,0,0,100,0,400,48,32,16,0,-7,-88,1,0,100,0,0,64,32,48,0,-39,-16,0,0,100,0,896,48,96,32,0,
0,30,10,-130,0,1,100,0,640,320,64,64,0,25,-143,0,1,100,0,640,256,64,64,0,56,-140,0,1,100,0,608,288,32,32,0,8,-141,0,1,100,0,832,240,80,80,0,11,-160,0,1,100,0,720,128,96,96,0,18,-116,0,0,100,0,480,80,48,48,0,2,-89,0,0,100,0,480,48,32,32,0,-46,-102,0,0,100,0,432,144,64,48,0,-44,-78,0,0,100,0,432,128,32,16,0,1,-73,1,0,100,0,224,0,16,48,0,3,-91,0,0,100,0,448,96,32,32,0,7,-39,1,0,100,0,240,0,32,32,0,-4,-78,0,0,100,0,80,176,48,64,0,22,-75,1,0,100,0,208,0,16,48,0,-16,-72,0,0,100,0,512,32,32,16,0,-52,-42,0,1,80,0,848,0,32,32,0,-42,-73,0,0,100,0,528,48,48,48,0,-26,-59,1,1,80,0,816,0,32,48,0,-27,-71,0,0,100,0,416,96,32,32,0,-19,-62,0,0,100,0,400,128,32,64,0,-6,-79,1,0,100,0,128,48,32,64,0,16,-63,1,0,100,0,144,112,32,64,0,18,-66,0,0,100,0,64,48,16,16,0,34,-68,0,0,100,0,608,0,32,32,0,36,-41,1,1,80,0,848,0,32,32,0,25,-70,0,0,100,0,384,80,32,48,0,18,-93,0,0,100,0,512,0,64,32,0,45,-78,0,0,100,0,400,48,32,16,0,-6,-88,1,0,100,0,0,64,32,48,0,-38,-16,0,0,100,0,896,48,96,32,0,
0,30,10,-130,0,1,100,0,640,384,64,64,0,25,-143,0,1,100,0,640,320,64,64,0,56,-140,0,1,100,0,608,320,32,32,0,8,-141,0,1,30,0,832,240,80,80,0,11,-160,0,1,100,0,720,224,96,96,0,18,-116,0,0,100,0,480,80,48,48,0,2,-89,0,0,100,0,480,48,32,32,0,-46,-102,0,0,100,0,432,144,64,48,0,-44,-78,0,0,100,0,432,128,32,16,0,1,-73,1,0,100,0,224,0,16,48,0,3,-91,0,0,100,0,448,96,32,32,0,7,-39,1,0,100,0,240,0,32,32,0,-4,-78,0,0,100,0,128,176,48,64,0,22,-75,1,0,100,0,208,0,16,48,0,-16,-72,0,0,100,0,512,32,32,16,0,-52,-42,0,1,80,0,848,32,32,32,0,-42,-73,0,0,100,0,528,48,48,48,0,-26,-59,1,1,80,0,816,48,32,48,0,-27,-71,0,0,100,0,416,96,32,32,0,-19,-62,0,0,100,0,400,128,32,64,0,-6,-79,1,0,100,0,128,48,32,64,0,16,-63,1,0,100,0,144,112,32,64,0,18,-66,0,0,100,0,64,48,16,16,0,34,-68,0,0,100,0,608,0,32,32,0,36,-41,1,1,80,0,848,32,32,32,0,25,-70,0,0,100,0,384,80,32,48,0,18,-93,0,0,100,0,512,0,64,32,0,45,-78,0,0,100,0,400,48,32,16,0,-6,-88,1,0,100,0,0,64,32,48,0,-38,-16,0,0,100,0,896,48,96,32,0,
0,29,10,-130,0,1,100,0,640,256,64,64,0,25,-143,0,1,100,0,640,384,64,64,0,56,-140,0,1,100,0,608,256,32,32,0,11,-160,0,1,100,0,720,128,96,96,0,18,-116,0,0,100,0,480,80,48,48,0,2,-89,0,0,100,0,480,48,32,32,0,-46,-102,0,0,100,0,432,144,64,48,0,-44,-78,0,0,100,0,432,128,32,16,0,1,-73,1,0,100,0,224,0,16,48,0,3,-91,0,0,100,0,448,96,32,32,0,7,-39,1,0,100,0,240,0,32,32,0,-4,-78,0,0,100,0,128,176,48,64,0,22,-75,1,0,100,0,208,0,16,48,0,-16,-72,0,0,100,0,512,32,32,16,0,-52,-42,0,1,80,0,848,0,32,32,0,-42,-73,0,0,100,0,528,48,48,48,0,-26,-59,1,1,80,0,816,0,32,48,0,-27,-71,0,0,100,0,416,96,32,32,0,-19,-62,0,0,100,0,400,128,32,64,0,-6,-79,1,0,100,0,128,48,32,64,0,16,-63,1,0,100,0,144,112,32,64,0,18,-66,0,0,100,0,64,48,16,16,0,34,-68,0,0,100,0,608,0,32,32,0,36,-41,1,1,80,0,848,0,32,32,0,25,-70,0,0,100,0,384,80,32,48,0,18,-93,0,0,100,0,512,0,64,32,0,45,-78,0,0,100,0,400,48,32,16,0,-6,-88,1,0,100,0,0,64,32,48,0,-38,-16,0,0,100,0,896,48,96,32,0,
0,27,-30,-128,0,1,100,0,640,320,64,64,0,-15,-141,0,1,100,0,640,256,64,64,0,16,-138,0,1,100,0,608,288,32,32,0,-28,-159,0,1,100,0,720,128,96,96,0,-31,-105,0,0,100,0,480,80,48,48,0,-47,-78,0,0,100,0,480,48,32,32,0,-10,-91,0,0,100,0,272,0,64,32,0,11,-75,0,0,100,0,160,32,32,16,0,-17,-71,0,0,100,0,224,0,16,48,0,-32,-88,0,0,100,0,240,32,32,32,0,-39,-38,0,0,100,0,240,0,32,32,0,-44,-77,0,0,100,0,0,112,48,64,0,-36,-73,0,0,100,0,208,0,16,48,0,-15,-72,0,0,100,0,224,64,32,48,0,26,-48,1,1,80,0,848,0,32,32,0,-1,-72,0,0,100,0,320,64,48,48,0,3,-57,1,1,80,0,848,0,32,32,0,-5,-71,0,0,100,0,112,0,32,32,0,-9,-61,0,0,100,0,176,112,32,64,0,-25,-77,0,0,100,0,128,48,32,64,0,-39,-63,0,0,100,0,144,112,32,64,0,-26,-65,0,0,100,0,48,48,16,16,0,-58,-46,1,1,80,0,816,0,32,48,0,-50,-71,1,0,100,0,384,80,32,48,0,-65,-92,0,0,100,0,144,0,64,32,0,-58,-72,0,0,100,0,112,32,48,16,0,-54,-16,0,0,100,0,896,48,96,32,0,
0,31,-95,-71,0,0,100,0,672,112,48,16,0,-100,-67,0,0,100,0,720,64,48,32,0,-93,-86,0,0,100,0,736,32,48,32,0,-52,-65,0,0,100,0,352,32,16,16,0,-79,-31,1,1,100,0,816,0,32,48,0,-70,-60,0,0,100,0,688,64,32,48,0,-42,-52,1,1,100,90,816,0,32,48,0,-67,-63,0,0,100,0,688,32,48,32,0,-68,-78,0,0,100,0,0,240,32,48,0,-76,-53,0,0,100,0,624,96,48,64,0,-75,-37,0,0,100,0,592,128,32,32,0,-70,-72,0,0,100,0,656,32,32,64,0,-78,-78,0,0,100,0,224,176,32,64,0,-79,-69,0,0,100,0,640,48,16,48,0,-57,-67,0,0,100,0,624,48,16,48,0,-29,-50,1,1,100,90,816,0,32,48,0,-54,-62,0,0,100,0,544,128,48,32,0,-238,-58,0,1,100,0,864,592,128,64,0,-27,-75,2,1,100,0,640,320,64,64,0,-6,-70,2,1,100,0,640,256,64,64,0,31,-50,2,1,100,0,608,288,32,32,0,-27,-60,0,1,100,0,592,160,128,48,0,-26,-48,0,0,100,0,592,32,64,16,0,-47,-62,0,0,100,0,576,96,48,32,0,-53,-58,0,0,100,0,496,128,48,64,0,-27,-36,1,1,100,0,848,0,32,32,0,-51,-52,0,0,100,0,528,96,48,32,0,-67,-91,0,0,100,0,576,48,48,48,0,-59,-67,0,0,100,0,544,32,48,16,0,-191,-172,0,1,100,0,704,352,288,176,0,-86,-16,0,0,100,0,896,48,96,32,0,
0,31,-97,-71,0,0,100,0,672,112,48,16,0,-102,-67,0,0,100,0,720,64,48,32,0,-95,-86,0,0,100,0,736,32,48,32,0,-53,-65,0,0,100,0,352,32,16,16,0,-80,-31,1,1,100,0,816,48,32,48,0,-71,-60,0,0,100,0,688,64,32,48,0,-43,-52,1,1,100,90,816,48,32,48,0,-68,-63,0,0,100,0,688,32,48,32,0,-69,-78,0,0,100,0,0,240,32,48,0,-78,-53,0,0,100,0,624,96,48,64,0,-76,-37,0,0,100,0,592,128,32,32,0,-71,-72,0,0,100,0,656,32,32,64,0,-79,-78,0,0,100,0,224,176,32,64,0,-80,-69,0,0,100,0,640,48,16,48,0,-58,-67,0,0,100,0,624,48,16,48,0,-30,-50,1,1,100,90,816,48,32,48,0,-55,-62,0,0,100,0,544,128,48,32,0,-237,-61,0,1,100,0,736,592,128,64,0,-27,-75,2,1,100,0,640,384,64,64,0,-6,-70,2,1,100,0,640,320,64,64,0,31,-50,2,1,100,0,608,320,32,32,0,-170,-55,0,1,100,0,736,528,256,64,0,-28,-59,0,1,100,0,592,208,128,48,0,-26,-47,0,0,100,0,592,32,64,16,0,-47,-61,0,0,100,0,576,96,48,32,0,-54,-58,0,0,100,0,496,128,48,64,0,-28,-36,1,1,100,0,848,32,32,32,0,-52,-52,0,0,100,0,528,96,48,32,0,-68,-91,0,0,100,0,576,48,48,48,0,-60,-67,0,0,100,0,544,32,48,16,0,-87,-16,0,0,100,0,896,48,96,32,0,
0,29,-100,-71,0,0,100,0,672,112,48,16,0,-104,-67,0,0,100,0,720,96,48,32,0,-98,-86,0,0,100,0,736,32,48,32,0,-56,-65,0,0,100,0,352,32,16,16,0,-84,-31,1,1,100,0,816,0,32,48,0,-74,-60,0,0,100,0,688,64,32,48,0,-45,-52,1,1,100,90,816,0,32,48,0,-71,-63,0,0,100,0,688,32,48,32,0,-71,-78,0,0,100,0,0,240,32,48,0,-83,-54,0,0,100,0,768,64,48,64,0,-78,-35,0,0,100,0,592,128,32,32,0,-73,-72,0,0,100,0,656,32,32,64,0,-81,-78,0,0,100,0,224,176,32,64,0,-82,-69,0,0,100,0,640,48,16,48,0,-60,-67,0,0,100,0,624,48,16,48,0,-32,-50,1,1,100,90,816,0,32,48,0,-56,-62,0,0,100,0,544,128,48,32,0,-27,-75,2,1,100,0,640,256,64,64,0,-6,-70,2,1,100,0,640,384,64,64,0,31,-50,2,1,100,0,608,256,32,32,0,-28,-60,0,1,100,0,592,160,128,48,0,-26,-46,0,0,100,0,592,32,64,16,0,-47,-60,0,0,100,0,576,96,48,32,0,-56,-58,0,0,100,0,496,128,48,64,0,-29,-36,1,1,100,0,848,0,32,32,0,-54,-52,0,0,100,0,528,96,48,32,0,-69,-91,0,0,100,0,576,48,48,48,0,-61,-67,0,0,100,0,544,32,48,16,0,-88,-16,0,0,100,0,896,48,96,32,0,
0,29,-100,-71,0,0,100,0,672,112,48,16,0,-104,-67,0,0,100,0,720,96,48,32,0,-98,-86,0,0,100,0,736,32,48,32,0,-56,-65,0,0,100,0,352,32,16,16,0,-84,-31,1,1,100,0,816,48,32,48,0,-74,-60,0,0,100,0,688,64,32,48,0,-45,-52,1,1,100,90,816,48,32,48,0,-71,-63,0,0,100,0,688,32,48,32,0,-71,-78,0,0,100,0,0,240,32,48,0,-83,-54,0,0,100,0,768,64,48,64,0,-78,-35,0,0,100,0,592,128,32,32,0,-73,-72,0,0,100,0,656,32,32,64,0,-81,-78,0,0,100,0,224,176,32,64,0,-82,-69,0,0,100,0,640,48,16,48,0,-60,-67,0,0,100,0,624,48,16,48,0,-32,-50,1,1,100,90,816,48,32,48,0,-56,-62,0,0,100,0,544,128,48,32,0,-27,-75,2,1,80,0,640,320,64,64,0,-6,-70,2,1,80,0,640,256,64,64,0,31,-50,2,1,80,0,608,288,32,32,0,-28,-59,0,1,100,0,592,208,128,48,0,-26,-46,0,0,100,0,592,32,64,16,0,-47,-60,0,0,100,0,576,96,48,32,0,-56,-58,0,0,100,0,496,128,48,64,0,-29,-36,1,1,100,0,848,32,32,32,0,-54,-52,0,0,100,0,528,96,48,32,0,-69,-91,0,0,100,0,576,48,48,48,0,-61,-67,0,0,100,0,544,32,48,16,0,-88,-16,0,0,100,0,896,48,96,32,0,
0,29,-100,-71,0,0,100,0,672,112,48,16,0,-104,-67,0,0,100,0,720,96,48,32,0,-98,-86,0,0,100,0,736,32,48,32,0,-56,-65,0,0,100,0,352,32,16,16,0,-84,-31,1,1,100,0,816,0,32,48,0,-74,-60,0,0,100,0,688,64,32,48,0,-45,-52,1,1,100,90,816,0,32,48,0,-71,-63,0,0,100,0,688,32,48,32,0,-71,-78,0,0,100,0,0,240,32,48,0,-83,-54,0,0,100,0,768,64,48,64,0,-78,-35,0,0,100,0,592,128,32,32,0,-73,-72,0,0,100,0,656,32,32,64,0,-81,-78,0,0,100,0,224,176,32,64,0,-82,-69,0,0,100,0,640,48,16,48,0,-60,-67,0,0,100,0,624,48,16,48,0,-32,-50,1,1,100,90,816,0,32,48,0,-56,-62,0,0,100,0,544,128,48,32,0,-27,-75,2,1,60,0,640,384,64,64,0,-6,-70,2,1,60,0,640,320,64,64,0,31,-50,2,1,60,0,608,320,32,32,0,-28,-60,0,1,100,0,592,160,128,48,0,-26,-46,0,0,100,0,592,32,64,16,0,-47,-60,0,0,100,0,576,96,48,32,0,-56,-58,0,0,100,0,496,128,48,64,0,-29,-36,1,1,100,0,848,0,32,32,0,-54,-52,0,0,100,0,528,96,48,32,0,-69,-91,0,0,100,0,576,48,48,48,0,-61,-67,0,0,100,0,544,32,48,16,0,-88,-16,0,0,100,0,896,48,96,32,0,
0,29,-100,-71,0,0,100,0,672,112,48,16,0,-104,-67,0,0,100,0,720,96,48,32,0,-98,-86,0,0,100,0,736,32,48,32,0,-56,-65,0,0,100,0,352,32,16,16,0,-84,-31,1,1,100,0,816,48,32,48,0,-74,-60,0,0,100,0,688,64,32,48,0,-45,-52,1,1,100,90,816,48,32,48,0,-71,-63,0,0,100,0,688,32,48,32,0,-71,-78,0,0,100,0,0,240,32,48,0,-83,-54,0,0,100,0,768,64,48,64,0,-78,-35,0,0,100,0,592,128,32,32,0,-73,-72,0,0,100,0,656,32,32,64,0,-81,-78,0,0,100,0,224,176,32,64,0,-82,-69,0,0,100,0,640,48,16,48,0,-60,-67,0,0,100,0,624,48,16,48,0,-32,-50,1,1,100,90,816,48,32,48,0,-56,-62,0,0,100,0,544,128,48,32,0,-27,-75,2,1,40,0,640,256,64,64,0,-6,-70,2,1,40,0,640,384,64,64,0,31,-50,2,1,40,0,608,256,32,32,0,-28,-59,0,1,80,0,592,208,128,48,0,-26,-46,0,0,100,0,592,32,64,16,0,-47,-60,0,0,100,0,576,96,48,32,0,-56,-58,0,0,100,0,496,128,48,64,0,-29,-36,1,1,100,0,848,32,32,32,0,-54,-52,0,0,100,0,528,96,48,32,0,-69,-91,0,0,100,0,576,48,48,48,0,-61,-67,0,0,100,0,544,32,48,16,0,-88,-16,0,0,100,0,896,48,96,32,0,
0,31,-94,-71,0,0,100,0,672,112,48,16,0,-89,-63,0,0,100,0,784,32,32,32,0,-91,-86,0,0,100,0,736,32,48,32,0,-52,-65,0,0,100,0,352,32,16,16,0,-57,-30,0,1,100,0,816,0,32,48,0,-61,-60,0,0,100,0,192,64,32,48,0,-48,-53,1,1,100,90,816,0,32,48,0,-65,-63,0,0,100,0,688,32,48,32,0,-68,-78,0,0,100,0,0,240,32,48,0,-75,-52,0,0,100,0,624,96,48,64,0,-76,-35,0,0,100,0,592,128,32,32,0,-70,-72,0,0,100,0,656,32,32,64,0,-79,-78,0,0,100,0,224,176,32,64,0,-79,-69,0,0,100,0,640,48,16,48,0,-60,-67,0,0,100,0,624,48,16,48,0,-36,-51,1,1,100,90,816,0,32,48,0,-55,-62,0,0,100,0,544,128,48,32,0,-33,-75,2,1,20,0,640,320,64,64,0,-12,-70,2,1,20,0,640,256,64,64,0,25,-50,2,1,20,0,608,288,32,32,0,-35,-60,0,1,60,0,592,160,128,48,0,-38,-47,0,0,100,0,592,32,64,16,0,-59,-61,0,0,100,0,576,96,48,32,0,-55,-58,0,0,100,0,496,128,48,64,0,-32,-35,1,1,100,0,848,0,32,32,0,-57,-52,0,0,100,0,528,96,48,32,0,-67,-91,0,0,100,0,576,48,48,48,0,-59,-67,0,0,100,0,544,32,48,16,0,-78,-23,0,1,30,0,688,1168,96,48,0,-78,-23,0,1,30,0,592,1072,96,48,0,-86,-16,0,0,100,0,896,48,96,32,0,
0,28,-40,-39,0,1,50,0,912,304,80,48,0,-55,-65,1,1,20,0,880,80,112,80,0,1,-91,0,0,100,0,272,0,64,32,0,22,-75,0,0,100,0,160,32,32,16,0,-20,-88,0,0,100,0,240,32,32,32,0,-5,-71,0,0,100,0,224,0,16,48,0,-27,-38,0,0,100,0,240,0,32,32,0,-32,-77,0,0,100,0,0,0,48,64,0,-24,-73,0,0,100,0,208,0,16,48,0,-4,-72,0,0,100,0,224,64,32,48,0,19,-44,0,1,80,0,816,0,32,48,0,14,-68,0,0,100,0,192,64,32,48,0,8,-71,0,0,100,0,112,0,32,32,0,0,-61,0,0,100,0,160,48,32,64,0,-12,-77,0,0,100,0,128,48,32,64,0,-33,-64,0,0,100,0,96,48,32,64,0,-13,-65,0,0,100,0,48,48,16,16,0,-41,-79,0,0,100,0,80,0,32,48,0,-50,-46,0,1,80,0,848,0,32,32,0,-38,-71,0,0,100,0,48,0,32,48,0,-52,-92,0,0,100,0,144,0,64,32,0,-45,-72,0,0,100,0,112,32,48,16,0,-77,-50,0,0,100,0,32,64,64,48,0,6,-59,0,1,80,0,816,0,32,48,0,-8,-86,0,0,100,0,0,64,32,48,0,-46,-23,0,1,70,0,688,1168,96,48,0,-46,-23,0,1,60,0,592,1072,96,48,0,-49,-15,0,0,100,0,896,48,96,32,0,
0,28,-40,-39,0,1,70,0,912,208,80,48,0,-54,-65,0,1,20,0,880,80,112,80,0,5,-96,0,0,100,0,272,0,64,32,0,26,-80,0,0,100,0,160,32,32,16,0,-17,-93,0,0,100,0,240,32,32,32,0,-2,-76,0,0,100,0,224,0,16,48,0,-24,-43,0,0,100,0,240,0,32,32,0,-29,-82,0,0,100,0,0,0,48,64,0,-21,-78,0,0,100,0,208,0,16,48,0,0,-77,0,0,100,0,224,64,32,48,0,22,-47,0,1,80,0,816,0,32,48,0,18,-73,0,0,100,0,192,64,32,48,0,10,-76,0,0,100,0,112,0,32,32,0,4,-66,0,0,100,0,160,48,32,64,0,-10,-82,0,0,100,0,128,48,32,64,0,-30,-68,0,0,100,0,96,48,32,64,0,-12,-69,0,0,100,0,48,48,16,16,0,-38,-83,0,0,100,0,80,0,32,48,0,-74,-54,0,0,100,0,32,64,64,48,0,-51,-48,0,1,80,0,848,0,32,32,0,-34,-74,0,0,100,0,48,0,32,48,0,-50,-97,0,0,100,0,144,0,64,32,0,-43,-77,0,0,100,0,112,32,48,16,0,-6,-91,0,0,100,0,0,64,32,48,0,10,-62,0,1,80,0,816,0,32,48,0,-46,-23,0,1,70,0,688,1120,96,48,0,-46,-23,0,1,60,0,592,1072,96,48,0,-47,-15,0,0,100,0,896,48,96,32,0,
0,27,-40,-39,0,1,30,0,912,256,80,48,0,5,-98,0,0,100,0,272,0,64,32,0,26,-82,0,0,100,0,160,32,32,16,0,-17,-95,0,0,100,0,240,32,32,32,0,-2,-78,0,0,100,0,224,0,16,48,0,-24,-45,0,0,100,0,240,0,32,32,0,-29,-84,0,0,100,0,0,0,48,64,0,-21,-80,0,0,100,0,208,0,16,48,0,0,-79,0,0,100,0,224,64,32,48,0,22,-49,0,1,80,0,816,48,32,48,0,18,-75,0,0,100,0,192,64,32,48,0,10,-78,0,0,100,0,112,0,32,32,0,4,-68,0,0,100,0,160,48,32,64,0,-10,-84,0,0,100,0,128,48,32,64,0,-30,-70,0,0,100,0,96,48,32,64,0,-12,-71,0,0,100,0,48,48,16,16,0,-38,-85,0,0,100,0,80,0,32,48,0,-74,-56,0,0,100,0,32,64,64,48,0,-51,-50,0,1,80,0,848,32,32,32,0,-34,-76,0,0,100,0,48,0,32,48,0,-50,-99,0,0,100,0,144,0,64,32,0,-43,-79,0,0,100,0,112,32,48,16,0,-6,-93,0,0,100,0,0,64,32,48,0,10,-64,0,1,80,0,816,48,32,48,0,-46,-23,0,1,50,0,688,1168,96,48,0,-46,-23,0,1,40,0,592,1072,96,48,0,-47,-15,0,0,100,0,896,48,96,32,0,
0,26,5,-99,0,0,100,0,272,0,64,32,0,26,-83,0,0,100,0,160,32,32,16,0,-17,-96,0,0,100,0,240,32,32,32,0,-2,-79,0,0,100,0,224,0,16,48,0,-24,-46,0,0,100,0,240,0,32,32,0,-29,-85,0,0,100,0,0,0,48,64,0,-21,-81,0,0,100,0,208,0,16,48,0,0,-80,0,0,100,0,224,64,32,48,0,22,-50,0,1,80,0,816,0,32,48,0,18,-76,0,0,100,0,192,64,32,48,0,10,-79,0,0,100,0,112,0,32,32,0,0,-69,0,0,100,0,32,240,32,64,0,-10,-85,0,0,100,0,128,48,32,64,0,-30,-71,0,0,100,0,96,48,32,64,0,-12,-72,0,0,100,0,48,48,16,16,0,-38,-86,0,0,100,0,80,0,32,48,0,-74,-57,0,0,100,0,32,64,64,48,0,-51,-51,0,1,80,0,848,0,32,32,0,-34,-77,0,0,100,0,48,0,32,48,0,-50,-100,0,0,100,0,144,0,64,32,0,-43,-80,0,0,100,0,112,32,48,16,0,-6,-94,0,0,100,0,0,64,32,48,0,10,-65,0,1,80,0,816,0,32,48,0,-46,-23,0,1,20,0,688,1168,96,48,0,-46,-23,0,1,10,0,592,1072,96,48,0,-47,-15,0,0,90,0,896,48,96,32,0,
0,23,5,-100,0,0,100,0,272,0,64,32,0,26,-84,0,0,100,0,160,32,32,16,0,-17,-97,0,0,100,0,240,32,32,32,0,-2,-80,0,0,100,0,224,0,16,48,0,-24,-47,0,0,100,0,240,0,32,32,0,-29,-86,0,0,100,0,0,0,48,64,0,-21,-82,0,0,100,0,208,0,16,48,0,0,-81,0,0,100,0,224,64,32,48,0,31,-59,1,1,80,0,848,0,32,32,0,18,-82,0,0,100,0,480,240,32,48,0,10,-82,0,0,100,0,112,0,32,32,0,-5,-71,0,0,100,0,64,240,32,64,0,-10,-86,0,0,100,0,128,48,32,64,0,-30,-72,0,0,100,0,96,48,32,64,0,-12,-73,0,0,100,0,48,48,16,16,0,-38,-87,0,0,100,0,80,0,32,48,0,-74,-58,0,0,100,0,32,64,64,48,0,-24,-83,0,0,100,0,48,0,32,48,0,-50,-101,0,0,100,0,144,0,64,32,0,-43,-81,0,0,100,0,112,32,48,16,0,-6,-95,0,0,100,0,0,64,32,48,0,10,-66,0,1,80,0,816,48,32,48,0,-47,-15,0,0,90,0,896,48,96,32,0,
0,24,-73,-105,0,1,40,0,592,656,144,96,0,5,-101,0,0,100,0,272,0,64,32,0,26,-85,0,0,100,0,160,32,32,16,0,-17,-98,0,0,100,0,240,32,32,32,0,-2,-81,0,0,100,0,224,0,16,48,0,-24,-48,0,0,100,0,240,0,32,32,0,-29,-87,0,0,100,0,0,0,48,64,0,-21,-83,0,0,100,0,208,0,16,48,0,-1,-87,0,0,100,0,416,192,32,48,0,34,-77,1,1,80,90,816,0,32,48,0,13,-83,0,0,100,0,512,224,48,32,0,10,-85,0,0,100,0,112,0,32,32,0,-6,-72,0,0,100,0,96,240,32,64,0,-10,-87,0,0,100,0,128,48,32,64,0,-28,-73,0,0,100,0,240,240,32,64,0,-12,-74,0,0,100,0,48,48,16,16,0,-35,-87,0,0,100,0,80,0,32,48,0,-71,-58,0,0,100,0,32,64,64,48,0,-50,-102,0,0,100,0,144,0,64,32,0,-43,-82,0,0,100,0,112,32,48,16,0,-6,-96,0,0,100,0,0,64,32,48,0,10,-67,0,1,80,0,816,0,32,48,0,-66,-126,0,1,100,0,864,656,128,128,0,-47,-15,0,0,80,0,896,48,96,32,0,
0,23,-46,-109,0,1,60,0,624,752,112,96,0,5,-102,0,0,100,0,0,336,64,32,0,26,-86,0,0,100,0,160,32,32,16,0,-17,-99,0,0,100,0,240,32,32,32,0,4,-88,0,0,100,0,448,192,32,48,0,-12,-77,0,0,100,0,128,240,48,64,0,0,-83,0,0,100,0,368,240,16,48,0,-13,-54,0,0,100,0,416,240,32,32,0,-18,-88,0,0,100,0,0,176,32,64,0,-17,-86,0,0,100,0,352,240,16,48,0,31,-88,1,1,80,90,816,0,32,48,0,19,-96,0,0,100,0,512,256,32,32,0,10,-94,0,0,100,0,112,0,32,32,0,-7,-88,0,0,100,0,272,224,32,64,0,-40,-71,0,0,100,0,544,160,48,48,0,-50,-103,0,0,100,0,0,304,64,32,0,-30,-78,0,0,100,0,128,304,32,32,0,-43,-83,0,0,100,0,112,32,48,16,0,-6,-97,0,0,100,0,0,64,32,48,0,-7,-98,0,0,100,0,560,224,32,32,0,10,-68,0,1,80,0,816,48,32,48,0,-66,-126,0,1,100,0,736,656,128,128,0,-47,-15,0,0,80,0,896,48,96,32,0,
0,25,-47,-112,0,1,80,0,736,784,112,96,0,4,-102,0,0,100,0,64,336,64,32,0,25,-86,0,0,100,0,160,32,32,16,0,-18,-98,0,0,100,0,240,32,32,32,0,4,-88,0,0,100,0,480,192,32,48,0,-1,-76,0,0,100,0,176,240,32,64,0,-4,-79,0,0,100,0,384,240,32,32,0,-1,-69,0,0,100,0,448,240,32,32,0,-18,-88,0,0,100,0,256,176,48,48,0,-18,-81,0,0,100,0,512,192,32,32,0,21,-101,1,1,80,90,816,0,32,48,0,19,-96,0,0,100,0,544,256,32,32,0,10,-101,0,0,100,0,112,0,32,32,0,-15,-89,0,0,100,0,304,208,48,48,0,-30,-71,0,0,100,0,352,192,32,48,0,-51,-103,0,0,100,0,64,304,64,32,0,-33,-79,0,0,100,0,128,304,32,32,0,-44,-83,0,0,100,0,112,32,48,16,0,3,-87,0,0,100,0,560,288,48,48,0,-7,-97,0,0,100,0,0,64,32,48,0,-8,-101,0,0,100,0,560,224,32,32,0,-4,-103,1,1,80,90,816,0,32,48,0,14,-72,1,1,80,0,848,0,32,32,0,-57,-122,0,1,100,0,608,528,112,112,0,-47,-15,0,0,70,0,896,48,96,32,0,
0,24,-53,-112,0,1,100,0,848,784,128,96,0,4,-102,0,0,100,0,64,336,64,32,0,25,-86,0,0,100,0,160,32,32,16,0,-18,-98,0,0,100,0,240,32,32,32,0,4,-88,0,0,100,0,480,192,32,48,0,-1,-76,0,0,100,0,208,240,32,64,0,-5,-78,0,0,100,0,384,272,32,16,0,4,-74,0,0,100,0,416,272,32,16,0,-18,-88,0,0,100,0,304,176,48,32,0,-19,-80,0,0,100,0,0,288,32,16,0,21,-102,1,1,80,90,816,48,32,48,0,19,-96,0,0,100,0,576,256,32,32,0,10,-102,0,0,100,0,112,0,32,32,0,-16,-88,0,0,100,0,304,256,48,32,0,-30,-71,0,0,100,0,384,192,32,48,0,-51,-103,0,0,100,0,64,304,64,32,0,-33,-79,0,0,100,0,128,304,32,32,0,-44,-83,0,0,100,0,112,32,48,16,0,12,-86,0,0,100,0,272,288,64,16,0,-7,-97,0,0,100,0,0,64,32,48,0,-9,-100,0,0,100,0,560,224,32,32,0,-4,-103,1,1,80,90,816,48,32,48,0,14,-87,1,1,80,90,816,48,32,48,0,-47,-15,0,0,70,0,896,48,96,32,0,
0,23,-31,-128,0,1,100,0,864,880,128,80,0,26,-126,0,0,100,0,64,336,64,32,0,47,-110,0,0,100,0,160,32,32,16,0,4,-121,0,0,100,0,240,32,32,32,0,26,-112,0,0,100,0,480,192,32,48,0,15,-96,0,0,100,0,240,304,32,48,0,17,-104,0,0,100,0,384,272,32,16,0,26,-100,0,0,100,0,416,272,32,16,0,4,-114,0,0,100,0,304,176,48,32,0,3,-106,0,0,100,0,0,288,32,16,0,40,-127,1,1,80,90,816,48,32,48,0,41,-123,0,0,100,0,576,256,32,32,0,32,-126,0,0,100,0,112,0,32,32,0,6,-112,0,0,100,0,304,256,48,32,0,-18,-107,0,0,100,0,192,304,48,48,0,-29,-127,0,0,100,0,64,304,64,32,0,-11,-106,0,0,100,0,128,304,32,32,0,-22,-107,0,0,100,0,112,32,48,16,0,34,-110,0,0,100,0,272,288,64,16,0,15,-121,0,0,100,0,0,64,32,48,0,13,-125,0,0,100,0,560,224,32,32,0,19,-128,1,1,80,90,816,48,32,48,0,-15,-15,0,0,20,0,896,48,96,32,0,
0,19,-12,-126,0,1,100,0,752,880,112,64,0,59,-121,0,1,80,90,816,48,32,48,0,25,-117,0,0,100,0,384,320,64,48,0,40,-96,0,0,100,0,352,320,32,32,0,52,-126,0,1,80,90,816,0,32,48,0,31,-116,0,0,100,0,304,320,48,32,0,20,-105,0,0,100,0,304,304,32,16,0,10,-103,0,0,100,0,448,272,32,16,0,41,-129,0,1,80,90,816,0,32,48,0,19,-118,0,0,100,0,496,288,48,32,0,38,-133,0,1,80,90,816,0,32,48,0,-1,-124,0,0,100,0,432,288,64,32,0,31,-105,0,0,100,0,480,192,32,48,0,3,-94,0,0,100,0,384,288,48,32,0,17,-106,0,0,100,0,160,304,32,32,0,-11,-105,0,0,100,0,336,288,48,32,0,2,-113,0,0,100,0,128,304,32,32,0,4,-121,0,0,100,0,272,304,32,32,0,49,-128,0,0,100,0,128,336,48,32,0,
0,18,65,-126,0,1,80,90,816,0,32,48,0,32,-122,0,0,100,0,384,320,64,48,0,47,-101,0,0,100,0,352,320,32,32,0,58,-131,0,1,80,90,816,48,32,48,0,38,-122,0,0,100,0,304,320,48,32,0,27,-112,0,0,100,0,304,304,32,16,0,17,-110,0,0,100,0,448,272,32,16,0,47,-135,0,1,80,90,816,48,32,48,0,26,-125,0,0,100,0,496,288,48,32,0,44,-141,0,1,80,90,816,48,32,48,0,6,-132,0,0,100,0,432,288,64,32,0,38,-112,0,0,100,0,480,192,32,48,0,10,-100,0,0,100,0,384,288,48,32,0,24,-113,0,0,100,0,160,304,32,32,0,-4,-114,0,0,100,0,336,288,48,32,0,9,-122,0,0,100,0,128,304,32,32,0,11,-129,0,0,100,0,272,304,32,32,0,56,-135,0,0,100,0,128,336,48,32,0,
0,18,68,-134,0,1,80,90,816,48,32,48,0,35,-130,0,0,100,0,384,320,64,48,0,50,-109,0,0,100,0,352,320,32,32,0,61,-139,0,1,80,90,816,0,32,48,0,41,-130,0,0,100,0,304,320,48,32,0,30,-120,0,0,100,0,304,304,32,16,0,20,-118,0,0,100,0,448,272,32,16,0,50,-143,0,1,80,90,816,0,32,48,0,29,-133,0,0,100,0,496,288,48,32,0,47,-149,0,1,80,90,816,0,32,48,0,9,-140,0,0,100,0,432,288,64,32,0,41,-120,0,0,100,0,480,192,32,48,0,13,-108,0,0,100,0,384,288,48,32,0,27,-121,0,0,100,0,160,304,32,32,0,-1,-122,0,0,100,0,336,288,48,32,0,12,-130,0,0,100,0,128,304,32,32,0,14,-137,0,0,100,0,272,304,32,32,0,59,-143,0,0,100,0,128,336,48,32,0,
0,18,76,-145,0,1,80,90,816,0,32,48,0,43,-141,0,0,100,0,384,320,64,48,0,58,-120,0,0,100,0,352,320,32,32,0,69,-150,0,1,80,90,816,48,32,48,0,49,-141,0,0,100,0,304,320,48,32,0,38,-131,0,0,100,0,304,304,32,16,0,28,-129,0,0,100,0,448,272,32,16,0,58,-154,0,1,80,90,816,48,32,48,0,37,-144,0,0,100,0,496,288,48,32,0,55,-160,0,1,80,90,816,48,32,48,0,17,-151,0,0,100,0,432,288,64,32,0,49,-131,0,0,100,0,480,192,32,48,0,21,-119,0,0,100,0,384,288,48,32,0,35,-132,0,0,100,0,160,304,32,32,0,7,-133,0,0,100,0,336,288,48,32,0,20,-141,0,0,100,0,128,304,32,32,0,22,-148,0,0,100,0,272,304,32,32,0,67,-154,0,0,100,0,128,336,48,32,0,
0,28,-58,-96,0,1,100,0,544,368,32,16,0,-128,-76,0,1,100,0,544,368,32,16,0,-152,-16,0,1,50,0,544,368,32,16,0,-16,-77,0,1,100,0,544,368,32,16,0,-191,-61,0,1,50,0,528,336,48,32,0,-196,-25,0,1,20,0,528,336,48,32,0,-81,-65,0,1,100,0,528,336,48,32,0,-45,-94,0,1,100,0,528,336,48,32,0,-6,-115,0,1,100,0,576,352,64,32,0,-19,-131,0,1,100,0,576,384,64,32,0,91,-152,0,1,80,90,816,48,32,48,0,58,-148,0,0,100,0,384,320,64,48,0,73,-127,0,0,100,0,352,320,32,32,0,84,-157,0,1,80,90,816,0,32,48,0,64,-148,0,0,100,0,304,320,48,32,0,53,-138,0,0,100,0,304,304,32,16,0,43,-136,0,0,100,0,448,272,32,16,0,73,-161,0,1,80,90,816,0,32,48,0,52,-151,0,0,100,0,496,288,48,32,0,70,-167,0,1,80,90,816,0,32,48,0,32,-158,0,0,100,0,432,288,64,32,0,64,-138,0,0,100,0,480,192,32,48,0,36,-126,0,0,100,0,384,288,48,32,0,50,-139,0,0,100,0,160,304,32,32,0,22,-140,0,0,100,0,336,288,48,32,0,35,-148,0,0,100,0,128,304,32,32,0,37,-155,0,0,100,0,272,304,32,32,0,82,-161,0,0,100,0,128,336,48,32,0,
0,27,-75,-99,0,1,100,0,528,336,48,32,0,-170,-60,0,1,100,0,544,368,32,16,0,-193,-2,0,1,20,0,544,368,32,16,0,-57,-61,0,1,100,0,544,368,32,16,0,-242,-42,0,1,20,0,528,336,48,32,0,-131,-44,0,1,50,0,528,336,48,32,0,-99,-73,0,1,100,0,528,336,48,32,0,-9,-109,0,1,100,0,576,384,64,32,0,-22,-125,0,1,100,0,576,352,64,32,0,88,-146,0,1,80,90,816,0,32,48,0,55,-142,0,0,100,0,384,320,64,48,0,70,-121,0,0,100,0,352,320,32,32,0,81,-151,0,1,80,90,816,48,32,48,0,61,-142,0,0,100,0,304,320,48,32,0,50,-132,0,0,100,0,304,304,32,16,0,40,-130,0,0,100,0,448,272,32,16,0,70,-155,0,1,80,90,816,48,32,48,0,49,-145,0,0,100,0,496,288,48,32,0,67,-161,0,1,80,90,816,48,32,48,0,29,-152,0,0,100,0,432,288,64,32,0,61,-132,0,0,100,0,480,192,32,48,0,33,-120,0,0,100,0,384,288,48,32,0,47,-133,0,0,100,0,160,304,32,32,0,19,-134,0,0,100,0,336,288,48,32,0,32,-142,0,0,100,0,128,304,32,32,0,34,-149,0,0,100,0,272,304,32,32,0,79,-155,0,0,100,0,128,336,48,32,0,
0,26,-24,-83,0,1,100,0,528,336,48,32,0,-130,-76,0,1,100,0,528,336,48,32,0,-213,-42,0,1,50,0,544,368,32,16,0,-100,-44,0,1,100,0,544,368,32,16,0,-184,-22,0,1,20,0,528,336,48,32,0,-157,-50,0,1,50,0,528,336,48,32,0,-15,-102,0,1,100,0,576,352,64,32,0,-28,-118,0,1,100,0,576,384,64,32,0,82,-139,0,1,80,90,816,48,32,48,0,49,-135,0,0,100,0,384,320,64,48,0,64,-114,0,0,100,0,352,320,32,32,0,75,-144,0,1,80,90,816,0,32,48,0,55,-135,0,0,100,0,304,320,48,32,0,44,-125,0,0,100,0,304,304,32,16,0,34,-123,0,0,100,0,448,272,32,16,0,64,-148,0,1,80,90,816,0,32,48,0,43,-138,0,0,100,0,496,288,48,32,0,61,-154,0,1,80,90,816,0,32,48,0,23,-145,0,0,100,0,432,288,64,32,0,55,-125,0,0,100,0,480,192,32,48,0,27,-113,0,0,100,0,384,288,48,32,0,41,-126,0,0,100,0,160,304,32,32,0,13,-127,0,0,100,0,336,288,48,32,0,26,-135,0,0,100,0,128,304,32,32,0,28,-142,0,0,100,0,272,304,32,32,0,73,-148,0,0,100,0,128,336,48,32,0,
0,24,-72,-62,0,1,100,0,528,336,48,32,0,-189,-52,0,1,50,0,528,336,48,32,0,-256,-26,0,1,20,0,544,368,32,16,0,-144,-27,0,1,50,0,544,368,32,16,0,-214,-29,0,1,20,0,528,336,48,32,0,-21,-95,0,1,100,0,576,384,64,32,0,74,-132,0,1,80,90,816,0,32,48,0,41,-128,0,0,100,0,384,320,64,48,0,56,-107,0,0,100,0,352,320,32,32,0,67,-137,0,1,80,90,816,48,32,48,0,47,-128,0,0,100,0,304,320,48,32,0,36,-118,0,0,100,0,304,304,32,16,0,26,-116,0,0,100,0,448,272,32,16,0,56,-141,0,1,80,90,816,48,32,48,0,35,-131,0,0,100,0,496,288,48,32,0,53,-147,0,1,80,90,816,48,32,48,0,15,-138,0,0,100,0,432,288,64,32,0,47,-118,0,0,100,0,480,192,32,48,0,19,-106,0,0,100,0,384,288,48,32,0,33,-119,0,0,100,0,160,304,32,32,0,5,-120,0,0,100,0,336,288,48,32,0,18,-128,0,0,100,0,128,304,32,32,0,20,-135,0,0,100,0,272,304,32,32,0,65,-141,0,0,100,0,128,336,48,32,0,
0,21,-125,-41,0,1,50,0,528,336,48,32,0,-248,-29,0,1,20,0,528,336,48,32,0,-190,-10,0,1,20,0,544,368,32,16,0,71,-129,0,1,80,90,816,48,32,48,0,38,-125,0,0,100,0,384,320,64,48,0,53,-104,0,0,100,0,352,320,32,32,0,64,-134,0,1,80,90,816,0,32,48,0,44,-125,0,0,100,0,304,320,48,32,0,33,-115,0,0,100,0,304,304,32,16,0,23,-113,0,0,100,0,448,272,32,16,0,53,-138,0,1,80,90,816,0,32,48,0,32,-128,0,0,100,0,496,288,48,32,0,50,-144,0,1,80,90,816,0,32,48,0,12,-135,0,0,100,0,432,288,64,32,0,44,-115,0,0,100,0,480,192,32,48,0,16,-103,0,0,100,0,384,288,48,32,0,30,-116,0,0,100,0,160,304,32,32,0,2,-117,0,0,100,0,336,288,48,32,0,15,-125,0,0,100,0,128,304,32,32,0,17,-132,0,0,100,0,272,304,32,32,0,62,-138,0,0,100,0,128,336,48,32,0,
0,19,-178,-20,0,1,20,0,528,336,48,32,0,69,-128,0,1,80,90,816,0,32,48,0,36,-124,0,0,100,0,384,320,64,48,0,51,-103,0,0,100,0,352,320,32,32,0,62,-133,0,1,80,90,816,48,32,48,0,42,-124,0,0,100,0,304,320,48,32,0,31,-114,0,0,100,0,304,304,32,16,0,21,-112,0,0,100,0,448,272,32,16,0,51,-137,0,1,80,90,816,48,32,48,0,30,-127,0,0,100,0,496,288,48,32,0,48,-143,0,1,80,90,816,48,32,48,0,10,-134,0,0,100,0,432,288,64,32,0,42,-114,0,0,100,0,480,192,32,48,0,14,-102,0,0,100,0,384,288,48,32,0,28,-115,0,0,100,0,160,304,32,32,0,0,-116,0,0,100,0,336,288,48,32,0,13,-124,0,0,100,0,128,304,32,32,0,15,-131,0,0,100,0,272,304,32,32,0,60,-137,0,0,100,0,128,336,48,32,0,
0,29,-72,-91,0,1,100,0,544,368,32,16,0,-140,-71,0,1,100,0,544,368,32,16,0,-178,-16,0,1,20,0,544,368,32,16,0,-31,-66,0,1,100,0,544,368,32,16,0,-114,-80,0,1,100,0,528,336,48,32,0,-211,-66,0,1,50,0,528,336,48,32,0,-211,-29,0,1,20,0,528,336,48,32,0,-95,-50,0,1,100,0,528,336,48,32,0,-57,-83,0,1,100,0,528,336,48,32,0,-21,-105,0,1,100,0,576,352,64,32,0,-34,-121,0,1,100,0,576,384,64,32,0,74,-142,0,1,80,90,816,48,32,48,0,41,-138,0,0,100,0,384,320,64,48,0,56,-117,0,0,100,0,352,320,32,32,0,67,-147,0,1,80,90,816,0,32,48,0,47,-138,0,0,100,0,304,320,48,32,0,36,-128,0,0,100,0,304,304,32,16,0,26,-126,0,0,100,0,448,272,32,16,0,56,-151,0,1,80,90,816,0,32,48,0,35,-141,0,0,100,0,496,288,48,32,0,53,-157,0,1,80,90,816,0,32,48,0,15,-148,0,0,100,0,432,288,64,32,0,47,-128,0,0,100,0,480,192,32,48,0,19,-116,0,0,100,0,384,288,48,32,0,33,-129,0,0,100,0,160,304,32,32,0,5,-130,0,0,100,0,336,288,48,32,0,18,-138,0,0,100,0,128,304,32,32,0,20,-145,0,0,100,0,272,304,32,32,0,65,-151,0,0,100,0,128,336,48,32,0,
0,29,-18,-84,0,1,100,0,544,368,32,16,0,-51,-108,0,1,100,0,528,336,48,32,0,-117,-75,0,1,100,0,544,368,32,16,0,-184,-54,0,1,100,0,544,368,32,16,0,-73,-49,0,1,100,0,544,368,32,16,0,-164,-60,0,1,100,0,528,336,48,32,0,-267,-44,0,1,20,0,528,336,48,32,0,-146,-29,0,1,50,0,528,336,48,32,0,-110,-62,0,1,100,0,528,336,48,32,0,-12,-118,0,1,100,0,576,384,64,32,0,-25,-134,0,1,100,0,576,352,64,32,0,83,-156,0,1,80,90,816,0,32,48,0,50,-152,0,0,100,0,384,320,64,48,0,65,-131,0,0,100,0,352,320,32,32,0,76,-161,0,1,80,90,816,48,32,48,0,56,-152,0,0,100,0,304,320,48,32,0,45,-142,0,0,100,0,304,304,32,16,0,35,-140,0,0,100,0,448,272,32,16,0,65,-165,0,1,80,90,816,48,32,48,0,44,-155,0,0,100,0,496,288,48,32,0,62,-171,0,1,80,90,816,48,32,48,0,24,-162,0,0,100,0,432,288,64,32,0,56,-142,0,0,100,0,480,192,32,48,0,28,-130,0,0,100,0,384,288,48,32,0,42,-143,0,0,100,0,160,304,32,32,0,14,-144,0,0,100,0,336,288,48,32,0,27,-152,0,0,100,0,128,304,32,32,0,29,-159,0,0,100,0,272,304,32,32,0,74,-165,0,0,100,0,128,336,48,32,0,
0,29,-51,-86,0,1,100,0,528,336,48,32,0,-59,-66,0,1,100,0,544,368,32,16,0,-106,-82,0,1,100,0,528,336,48,32,0,-164,-57,0,1,100,0,544,368,32,16,0,-232,-34,0,1,50,0,544,368,32,16,0,-115,-33,0,1,100,0,544,368,32,16,0,-221,-35,0,1,50,0,528,336,48,32,0,-202,-8,0,1,20,0,528,336,48,32,0,-164,-42,0,1,100,0,528,336,48,32,0,-4,-128,0,1,100,0,576,352,64,32,0,-17,-144,0,1,100,0,576,384,64,32,0,91,-165,0,1,80,90,816,48,32,48,0,58,-161,0,0,100,0,384,320,64,48,0,73,-140,0,0,100,0,352,320,32,32,0,84,-170,0,1,80,90,816,0,32,48,0,64,-161,0,0,100,0,304,320,48,32,0,53,-151,0,0,100,0,304,304,32,16,0,43,-149,0,0,100,0,448,272,32,16,0,73,-174,0,1,80,90,816,0,32,48,0,52,-164,0,0,100,0,496,288,48,32,0,70,-180,0,1,80,90,816,0,32,48,0,32,-171,0,0,100,0,432,288,64,32,0,64,-151,0,0,100,0,480,192,32,48,0,36,-139,0,0,100,0,384,288,48,32,0,50,-152,0,0,100,0,160,304,32,32,0,22,-153,0,0,100,0,336,288,48,32,0,35,-161,0,0,100,0,128,304,32,32,0,37,-168,0,0,100,0,272,304,32,32,0,82,-174,0,0,100,0,128,336,48,32,0,
0,27,-105,-65,0,1,100,0,528,336,48,32,0,-106,-46,0,1,100,0,544,368,32,16,0,-162,-56,0,1,100,0,528,336,48,32,0,-213,-39,0,1,100,0,544,368,32,16,0,-277,-17,0,1,20,0,544,368,32,16,0,-160,-17,0,1,50,0,544,368,32,16,0,-277,-13,0,1,20,0,528,336,48,32,0,-218,-21,0,1,50,0,528,336,48,32,0,-1,-132,0,1,100,0,576,384,64,32,0,94,-170,0,1,80,90,816,0,32,48,0,61,-166,0,0,100,0,384,320,64,48,0,76,-145,0,0,100,0,352,320,32,32,0,87,-175,0,1,80,90,816,48,32,48,0,67,-166,0,0,100,0,304,320,48,32,0,56,-156,0,0,100,0,304,304,32,16,0,46,-154,0,0,100,0,448,272,32,16,0,76,-179,0,1,80,90,816,48,32,48,0,55,-169,0,0,100,0,496,288,48,32,0,73,-185,0,1,80,90,816,48,32,48,0,35,-176,0,0,100,0,432,288,64,32,0,67,-156,0,0,100,0,480,192,32,48,0,39,-144,0,0,100,0,384,288,48,32,0,53,-157,0,0,100,0,160,304,32,32,0,25,-158,0,0,100,0,336,288,48,32,0,38,-166,0,0,100,0,128,304,32,32,0,40,-173,0,0,100,0,272,304,32,32,0,85,-179,0,0,100,0,128,336,48,32,0,
0,24,-158,-45,0,1,100,0,528,336,48,32,0,-154,-26,0,1,50,0,544,368,32,16,0,-218,-30,0,1,50,0,528,336,48,32,0,-263,-22,0,1,50,0,544,368,32,16,0,-209,1,0,1,20,0,544,368,32,16,0,-269,-1,0,1,20,0,528,336,48,32,0,96,-172,0,1,80,90,816,48,32,48,0,63,-168,0,0,100,0,384,320,64,48,0,78,-147,0,0,100,0,352,320,32,32,0,89,-177,0,1,80,90,816,0,32,48,0,69,-168,0,0,100,0,304,320,48,32,0,58,-158,0,0,100,0,304,304,32,16,0,48,-156,0,0,100,0,448,272,32,16,0,78,-181,0,1,80,90,816,0,32,48,0,57,-171,0,0,100,0,496,288,48,32,0,75,-187,0,1,80,90,816,0,32,48,0,37,-178,0,0,100,0,432,288,64,32,0,69,-158,0,0,100,0,480,192,32,48,0,41,-146,0,0,100,0,384,288,48,32,0,55,-159,0,0,100,0,160,304,32,32,0,27,-160,0,0,100,0,336,288,48,32,0,40,-168,0,0,100,0,128,304,32,32,0,42,-175,0,0,100,0,272,304,32,32,0,87,-181,0,0,100,0,128,336,48,32,0,
0,22,-223,-19,0,1,50,0,528,336,48,32,0,-205,-6,0,1,20,0,544,368,32,16,0,-277,-5,0,1,20,0,528,336,48,32,0,-314,-4,0,1,20,0,544,368,32,16,0,98,-173,0,1,80,90,816,0,32,48,0,65,-169,0,0,100,0,384,320,64,48,0,80,-148,0,0,100,0,352,320,32,32,0,91,-178,0,1,80,90,816,48,32,48,0,71,-169,0,0,100,0,304,320,48,32,0,60,-159,0,0,100,0,304,304,32,16,0,50,-157,0,0,100,0,448,272,32,16,0,80,-182,0,1,80,90,816,48,32,48,0,59,-172,0,0,100,0,496,288,48,32,0,77,-188,0,1,80,90,816,48,32,48,0,39,-179,0,0,100,0,432,288,64,32,0,71,-159,0,0,100,0,480,192,32,48,0,43,-147,0,0,100,0,384,288,48,32,0,57,-160,0,0,100,0,160,304,32,32,0,29,-161,0,0,100,0,336,288,48,32,0,42,-169,0,0,100,0,128,304,32,32,0,44,-176,0,0,100,0,272,304,32,32,0,89,-182,0,0,100,0,128,336,48,32,0,
0,27,-69,-60,0,1,100,0,544,368,32,16,0,-159,-99,0,1,100,0,544,368,32,16,0,-12,-102,0,1,100,0,544,368,32,16,0,-213,-62,0,1,50,0,528,336,48,32,0,-121,-86,0,1,100,0,528,336,48,32,0,-97,-117,0,1,100,0,528,336,48,32,0,-283,6,0,1,20,0,528,336,48,32,0,-6,-138,0,1,100,0,576,384,64,32,0,-19,-154,0,1,100,0,576,352,64,32,0,89,-175,0,1,80,90,816,48,32,48,0,56,-171,0,0,100,0,384,320,64,48,0,71,-150,0,0,100,0,352,320,32,32,0,82,-180,0,1,80,90,816,0,32,48,0,62,-171,0,0,100,0,304,320,48,32,0,51,-161,0,0,100,0,304,304,32,16,0,41,-159,0,0,100,0,448,272,32,16,0,71,-184,0,1,80,90,816,0,32,48,0,50,-174,0,0,100,0,496,288,48,32,0,68,-190,0,1,80,90,816,0,32,48,0,30,-181,0,0,100,0,432,288,64,32,0,62,-161,0,0,100,0,480,192,32,48,0,34,-149,0,0,100,0,384,288,48,32,0,48,-162,0,0,100,0,160,304,32,32,0,20,-163,0,0,100,0,336,288,48,32,0,33,-171,0,0,100,0,128,304,32,32,0,35,-178,0,0,100,0,272,304,32,32,0,80,-184,0,0,100,0,128,336,48,32,0,
0,26,-114,-42,0,1,100,0,544,368,32,16,0,-208,-81,0,1,100,0,544,368,32,16,0,-60,-84,0,1,100,0,544,368,32,16,0,-275,-38,0,1,20,0,528,336,48,32,0,-180,-64,0,1,50,0,528,336,48,32,0,-166,-91,0,1,100,0,528,336,48,32,0,-15,-141,0,1,100,0,576,352,64,32,0,-28,-157,0,1,100,0,576,384,64,32,0,80,-178,0,1,80,90,816,0,32,48,0,47,-174,0,0,100,0,384,320,64,48,0,62,-153,0,0,100,0,352,320,32,32,0,73,-183,0,1,80,90,816,48,32,48,0,53,-174,0,0,100,0,304,320,48,32,0,42,-164,0,0,100,0,304,304,32,16,0,32,-162,0,0,100,0,448,272,32,16,0,62,-187,0,1,80,90,816,48,32,48,0,41,-177,0,0,100,0,496,288,48,32,0,59,-193,0,1,80,90,816,48,32,48,0,21,-184,0,0,100,0,432,288,64,32,0,53,-164,0,0,100,0,480,192,32,48,0,25,-152,0,0,100,0,384,288,48,32,0,39,-165,0,0,100,0,160,304,32,32,0,11,-166,0,0,100,0,336,288,48,32,0,24,-174,0,0,100,0,128,304,32,32,0,26,-181,0,0,100,0,272,304,32,32,0,71,-187,0,0,100,0,128,336,48,32,0,
0,27,-112,-104,0,1,100,0,528,336,48,32,0,-88,-134,0,1,100,0,528,336,48,32,0,-161,-24,0,1,50,0,544,368,32,16,0,-261,-61,0,1,100,0,544,368,32,16,0,-113,-65,0,1,100,0,544,368,32,16,0,-243,-39,0,1,20,0,528,336,48,32,0,-236,-66,0,1,100,0,528,336,48,32,0,-20,-144,0,1,100,0,576,384,64,32,0,-33,-160,0,1,100,0,576,352,64,32,0,75,-181,0,1,80,90,816,48,32,48,0,42,-177,0,0,100,0,384,320,64,48,0,57,-156,0,0,100,0,352,320,32,32,0,68,-186,0,1,80,90,816,0,32,48,0,48,-177,0,0,100,0,304,320,48,32,0,37,-167,0,0,100,0,304,304,32,16,0,27,-165,0,0,100,0,448,272,32,16,0,57,-190,0,1,80,90,816,0,32,48,0,36,-180,0,0,100,0,496,288,48,32,0,54,-196,0,1,80,90,816,0,32,48,0,16,-187,0,0,100,0,432,288,64,32,0,48,-167,0,0,100,0,480,192,32,48,0,20,-155,0,0,100,0,384,288,48,32,0,34,-168,0,0,100,0,160,304,32,32,0,6,-169,0,0,100,0,336,288,48,32,0,19,-177,0,0,100,0,128,304,32,32,0,21,-184,0,0,100,0,272,304,32,32,0,66,-190,0,0,100,0,128,336,48,32,0,
0,28,-68,-114,0,1,100,0,544,368,32,16,0,-46,-114,0,1,100,0,528,336,48,32,0,-170,-79,0,1,100,0,528,336,48,32,0,-147,-109,0,1,100,0,528,336,48,32,0,-207,-6,0,1,20,0,544,368,32,16,0,-319,-39,0,1,50,0,544,368,32,16,0,-166,-46,0,1,100,0,544,368,32,16,0,-314,-37,0,1,100,0,528,336,48,32,0,-22,-146,0,1,100,0,576,352,64,32,0,-35,-162,0,1,100,0,576,384,64,32,0,73,-183,0,1,80,90,816,0,32,48,0,40,-179,0,0,100,0,384,320,64,48,0,55,-158,0,0,100,0,352,320,32,32,0,66,-188,0,1,80,90,816,48,32,48,0,46,-179,0,0,100,0,304,320,48,32,0,35,-169,0,0,100,0,304,304,32,16,0,25,-167,0,0,100,0,448,272,32,16,0,55,-192,0,1,80,90,816,48,32,48,0,34,-182,0,0,100,0,496,288,48,32,0,52,-198,0,1,80,90,816,48,32,48,0,14,-189,0,0,100,0,432,288,64,32,0,46,-169,0,0,100,0,480,192,32,48,0,18,-157,0,0,100,0,384,288,48,32,0,32,-170,0,0,100,0,160,304,32,32,0,4,-171,0,0,100,0,336,288,48,32,0,17,-179,0,0,100,0,128,304,32,32,0,19,-186,0,0,100,0,272,304,32,32,0,64,-192,0,0,100,0,128,336,48,32,0,
0,26,-111,-98,0,1,100,0,544,368,32,16,0,-107,-88,0,1,100,0,528,336,48,32,0,-233,-52,0,1,100,0,528,336,48,32,0,-200,-87,0,1,100,0,528,336,48,32,0,-373,-16,0,1,20,0,544,368,32,16,0,-219,-26,0,1,50,0,544,368,32,16,0,-387,-9,0,1,20,0,528,336,48,32,0,-24,-147,0,1,100,0,576,384,64,32,0,71,-184,0,1,80,90,816,48,32,48,0,38,-180,0,0,100,0,384,320,64,48,0,53,-159,0,0,100,0,352,320,32,32,0,64,-189,0,1,80,90,816,0,32,48,0,44,-180,0,0,100,0,304,320,48,32,0,33,-170,0,0,100,0,304,304,32,16,0,23,-168,0,0,100,0,448,272,32,16,0,53,-193,0,1,80,90,816,0,32,48,0,32,-183,0,0,100,0,496,288,48,32,0,50,-199,0,1,80,90,816,0,32,48,0,12,-190,0,0,100,0,432,288,64,32,0,44,-170,0,0,100,0,480,192,32,48,0,16,-158,0,0,100,0,384,288,48,32,0,30,-171,0,0,100,0,160,304,32,32,0,2,-172,0,0,100,0,336,288,48,32,0,15,-180,0,0,100,0,128,304,32,32,0,17,-187,0,0,100,0,272,304,32,32,0,62,-193,0,0,100,0,128,336,48,32,0,
0,23,-160,-80,0,1,100,0,544,368,32,16,0,-173,-61,0,1,100,0,528,336,48,32,0,-300,-25,0,1,50,0,528,336,48,32,0,-260,-62,0,1,100,0,528,336,48,32,0,-275,-7,0,1,20,0,544,368,32,16,0,69,-185,0,1,80,90,816,0,32,48,0,36,-181,0,0,100,0,384,320,64,48,0,51,-160,0,0,100,0,352,320,32,32,0,62,-190,0,1,80,90,816,48,32,48,0,42,-181,0,0,100,0,304,320,48,32,0,31,-171,0,0,100,0,304,304,32,16,0,21,-169,0,0,100,0,448,272,32,16,0,51,-194,0,1,80,90,816,48,32,48,0,30,-184,0,0,100,0,496,288,48,32,0,48,-200,0,1,80,90,816,48,32,48,0,10,-191,0,0,100,0,432,288,64,32,0,42,-171,0,0,100,0,480,192,32,48,0,14,-159,0,0,100,0,384,288,48,32,0,28,-172,0,0,100,0,160,304,32,32,0,0,-173,0,0,100,0,336,288,48,32,0,13,-181,0,0,100,0,128,304,32,32,0,15,-188,0,0,100,0,272,304,32,32,0,60,-194,0,0,100,0,128,336,48,32,0,
0,26,-213,-60,0,1,100,0,544,368,32,16,0,-233,-36,0,1,50,0,528,336,48,32,0,-367,3,0,1,20,0,528,336,48,32,0,-320,-39,0,1,50,0,528,336,48,32,0,40,-185,0,0,100,0,64,336,64,32,0,61,-169,0,0,100,0,160,32,32,16,0,18,-180,0,0,100,0,240,32,32,32,0,40,-171,0,0,100,0,480,192,32,48,0,29,-155,0,0,100,0,240,304,32,48,0,31,-163,0,0,100,0,384,272,32,16,0,40,-159,0,0,100,0,416,272,32,16,0,18,-173,0,0,100,0,304,176,48,32,0,17,-165,0,0,100,0,0,288,32,16,0,54,-186,1,1,80,90,816,48,32,48,0,55,-182,0,0,100,0,576,256,32,32,0,46,-185,0,0,100,0,112,0,32,32,0,20,-171,0,0,100,0,304,256,48,32,0,-4,-166,0,0,100,0,192,304,48,48,0,-15,-186,0,0,100,0,64,304,64,32,0,3,-165,0,0,100,0,128,304,32,32,0,-8,-166,0,0,100,0,112,32,48,16,0,48,-169,0,0,100,0,272,288,64,16,0,29,-180,0,0,100,0,0,64,32,48,0,27,-184,0,0,100,0,560,224,32,32,0,41,-184,0,0,100,0,128,336,48,32,0,33,-187,1,1,80,90,816,48,32,48,0,
0,25,-264,-41,0,1,50,0,544,368,32,16,0,-294,-11,0,1,20,0,528,336,48,32,0,-381,-14,0,1,20,0,528,336,48,32,0,36,-187,0,0,100,0,64,336,64,32,0,57,-171,0,0,100,0,160,32,32,16,0,14,-183,0,0,100,0,240,32,32,32,0,36,-173,0,0,100,0,480,192,32,48,0,31,-161,0,0,100,0,176,240,32,64,0,28,-164,0,0,100,0,384,240,32,32,0,31,-154,0,0,100,0,448,240,32,32,0,14,-173,0,0,100,0,256,176,48,48,0,14,-166,0,0,100,0,512,192,32,32,0,53,-186,1,1,80,90,816,0,32,48,0,51,-181,0,0,100,0,544,256,32,32,0,42,-186,0,0,100,0,112,0,32,32,0,17,-174,0,0,100,0,304,208,48,48,0,2,-156,0,0,100,0,352,192,32,48,0,-19,-188,0,0,100,0,64,304,64,32,0,-1,-164,0,0,100,0,128,304,32,32,0,-12,-168,0,0,100,0,112,32,48,16,0,25,-182,0,0,100,0,0,64,32,48,0,24,-186,0,0,100,0,560,224,32,32,0,41,-193,0,0,100,0,128,336,48,32,0,28,-188,1,1,80,90,816,0,32,48,0,46,-157,1,1,80,0,848,0,32,32,0,
0,22,-317,-22,0,1,20,0,544,368,32,16,0,35,-190,0,0,100,0,0,336,64,32,0,56,-174,0,0,100,0,160,32,32,16,0,13,-187,0,0,100,0,240,32,32,32,0,34,-176,0,0,100,0,448,192,32,48,0,18,-165,0,0,100,0,128,240,48,64,0,30,-171,0,0,100,0,368,240,16,48,0,17,-142,0,0,100,0,416,240,32,32,0,12,-176,0,0,100,0,0,176,32,64,0,13,-174,0,0,100,0,352,240,16,48,0,61,-176,1,1,80,90,816,0,32,48,0,49,-184,0,0,100,0,512,256,32,32,0,40,-182,0,0,100,0,112,0,32,32,0,23,-176,0,0,100,0,272,224,32,64,0,-10,-159,0,0,100,0,544,160,48,48,0,-20,-191,0,0,100,0,0,304,64,32,0,0,-166,0,0,100,0,128,304,32,32,0,-13,-171,0,0,100,0,112,32,48,16,0,24,-185,0,0,100,0,0,64,32,48,0,23,-186,0,0,100,0,560,224,32,32,0,36,-218,0,0,100,0,448,320,32,64,0,40,-156,0,1,80,0,816,48,32,48,0,
0,21,36,-192,0,0,100,0,272,0,64,32,0,57,-176,0,0,100,0,160,32,32,16,0,14,-189,0,0,100,0,240,32,32,32,0,29,-172,0,0,100,0,224,0,16,48,0,7,-139,0,0,100,0,240,0,32,32,0,2,-178,0,0,100,0,0,0,48,64,0,10,-174,0,0,100,0,208,0,16,48,0,30,-178,0,0,100,0,416,192,32,48,0,65,-168,1,1,80,90,816,0,32,48,0,44,-174,0,0,100,0,512,224,48,32,0,41,-176,0,0,100,0,112,0,32,32,0,25,-163,0,0,100,0,96,240,32,64,0,21,-178,0,0,100,0,128,48,32,64,0,3,-164,0,0,100,0,240,240,32,64,0,19,-165,0,0,100,0,48,48,16,16,0,-4,-178,0,0,100,0,80,0,32,48,0,-19,-193,0,0,100,0,144,0,64,32,0,-12,-173,0,0,100,0,112,32,48,16,0,25,-187,0,0,100,0,0,64,32,48,0,35,-219,0,0,100,0,448,320,32,64,0,41,-158,0,1,80,0,816,0,32,48,0,
0,23,31,-196,0,0,100,0,272,0,64,32,0,52,-180,0,0,100,0,160,32,32,16,0,9,-193,0,0,100,0,240,32,32,32,0,24,-176,0,0,100,0,224,0,16,48,0,2,-143,0,0,100,0,240,0,32,32,0,-3,-182,0,0,100,0,0,0,48,64,0,5,-178,0,0,100,0,208,0,16,48,0,26,-177,0,0,100,0,224,64,32,48,0,48,-147,0,1,80,0,816,48,32,48,0,44,-173,0,0,100,0,192,64,32,48,0,36,-176,0,0,100,0,112,0,32,32,0,30,-166,0,0,100,0,160,48,32,64,0,16,-182,0,0,100,0,128,48,32,64,0,-4,-168,0,0,100,0,96,48,32,64,0,14,-169,0,0,100,0,48,48,16,16,0,-12,-183,0,0,100,0,80,0,32,48,0,-25,-148,0,1,80,0,848,32,32,32,0,-8,-174,0,0,100,0,48,0,32,48,0,-24,-197,0,0,100,0,144,0,64,32,0,-17,-177,0,0,100,0,112,32,48,16,0,20,-191,0,0,100,0,0,64,32,48,0,36,-162,0,1,80,0,816,48,32,48,0,30,-223,0,0,100,0,448,320,32,64,0,
0,36,-98,-48,1,1,50,90,544,384,32,32,0,-39,-99,1,1,100,90,544,384,32,32,0,-94,-135,0,1,100,0,544,416,32,32,0,-169,-64,0,1,50,0,544,416,32,32,0,-85,-100,0,1,100,0,544,416,32,32,0,-51,-135,0,1,100,0,544,416,32,32,0,-108,-112,0,1,100,0,544,384,32,32,0,-107,-73,0,1,100,0,544,384,32,32,0,-39,-121,0,1,100,0,544,384,32,32,0,-3,-186,0,1,100,0,592,480,48,48,0,-56,-177,0,1,100,0,576,432,64,48,0,18,-194,0,0,100,0,320,352,32,32,0,20,-224,0,0,100,0,256,352,64,32,0,43,-215,0,0,100,0,272,336,32,16,0,19,-202,0,0,100,0,368,240,16,48,0,1,-217,0,0,100,0,32,416,32,32,0,13,-176,0,0,100,0,224,352,32,48,0,7,-204,0,0,100,0,496,336,32,64,0,2,-200,0,0,100,0,352,240,16,48,0,19,-209,0,0,100,0,192,352,32,48,0,62,-183,1,1,80,0,848,0,32,32,0,34,-209,0,0,100,0,320,64,48,48,0,40,-199,1,1,80,90,816,0,32,48,0,32,-210,0,0,100,0,0,416,32,32,0,33,-198,0,0,100,0,160,368,32,64,0,9,-209,0,0,100,0,128,368,32,64,0,0,-190,1,0,100,0,368,128,32,64,0,11,-193,0,0,100,0,176,336,16,16,0,-17,-200,0,0,100,0,32,368,32,48,0,-17,-165,0,1,80,0,848,0,32,32,0,-5,-194,1,0,100,0,384,80,32,48,0,-35,-221,0,0,100,0,64,368,64,48,0,-24,-195,0,0,100,0,480,320,48,16,0,16,-224,0,0,100,0,0,368,32,48,0,19,-249,0,0,100,0,448,320,32,64,0,16,-195,1,1,80,90,816,0,32,48,0,
0,38,-68,-142,0,1,100,0,544,384,32,32,0,-29,-154,1,1,100,90,544,384,32,32,0,-129,-5,1,1,20,90,544,384,32,32,0,-70,-54,1,1,100,90,544,384,32,32,0,-137,-105,0,1,100,0,544,416,32,32,0,-212,-31,0,1,20,0,544,416,32,32,0,-125,-70,0,1,100,0,544,416,32,32,0,-91,-105,0,1,100,0,544,416,32,32,0,-156,-77,0,1,100,0,544,384,32,32,0,-154,-37,0,1,50,0,544,384,32,32,0,-86,-85,0,1,100,0,544,384,32,32,0,-25,-194,0,1,100,0,576,432,64,48,0,-50,-187,0,1,100,0,592,480,48,48,0,9,-203,0,0,100,0,320,352,32,32,0,11,-233,0,0,100,0,256,352,64,32,0,34,-224,0,0,100,0,272,336,32,16,0,10,-211,0,0,100,0,368,240,16,48,0,-8,-226,0,0,100,0,32,416,32,32,0,4,-185,0,0,100,0,224,352,32,48,0,-2,-213,0,0,100,0,496,336,32,64,0,-7,-209,0,0,100,0,352,240,16,48,0,10,-218,0,0,100,0,192,352,32,48,0,53,-192,1,1,80,0,848,32,32,32,0,25,-218,0,0,100,0,320,64,48,48,0,31,-208,1,1,80,90,816,48,32,48,0,23,-219,0,0,100,0,0,416,32,32,0,24,-207,0,0,100,0,160,368,32,64,0,0,-218,0,0,100,0,128,368,32,64,0,-9,-199,1,0,100,0,368,128,32,64,0,2,-202,0,0,100,0,176,336,16,16,0,-26,-209,0,0,100,0,32,368,32,48,0,-26,-174,0,1,80,0,848,32,32,32,0,-14,-203,1,0,100,0,384,80,32,48,0,-44,-230,0,0,100,0,64,368,64,48,0,-33,-204,0,0,100,0,480,320,48,16,0,7,-233,0,0,100,0,0,368,32,48,0,10,-258,0,0,100,0,448,320,32,64,0,7,-204,1,1,80,90,816,48,32,48,0,
0,36,-111,-107,0,1,100,0,544,384,32,32,0,-61,-109,1,1,100,90,544,384,32,32,0,-103,-9,1,1,20,90,544,384,32,32,0,-184,-71,0,1,100,0,544,416,32,32,0,-167,-39,0,1,50,0,544,416,32,32,0,-133,-74,0,1,100,0,544,416,32,32,0,-203,-40,0,1,50,0,544,384,32,32,0,-201,-2,0,1,20,0,544,384,32,32,0,-133,-50,0,1,50,0,544,384,32,32,0,-18,-197,0,1,100,0,592,480,48,48,0,-71,-188,0,1,100,0,576,432,64,48,0,4,-206,0,0,100,0,320,352,32,32,0,6,-236,0,0,100,0,256,352,64,32,0,29,-227,0,0,100,0,272,336,32,16,0,5,-214,0,0,100,0,368,240,16,48,0,-13,-229,0,0,100,0,32,416,32,32,0,-1,-188,0,0,100,0,224,352,32,48,0,-7,-216,0,0,100,0,496,336,32,64,0,-12,-212,0,0,100,0,352,240,16,48,0,5,-221,0,0,100,0,192,352,32,48,0,48,-195,1,1,80,0,848,0,32,32,0,20,-221,0,0,100,0,320,64,48,48,0,26,-211,1,1,80,90,816,0,32,48,0,18,-222,0,0,100,0,0,416,32,32,0,19,-210,0,0,100,0,160,368,32,64,0,-5,-221,0,0,100,0,128,368,32,64,0,-14,-202,1,0,100,0,368,128,32,64,0,-3,-205,0,0,100,0,176,336,16,16,0,-31,-212,0,0,100,0,32,368,32,48,0,-31,-177,0,1,80,0,848,0,32,32,0,-19,-206,1,0,100,0,384,80,32,48,0,-49,-233,0,0,100,0,64,368,64,48,0,-38,-207,0,0,100,0,480,320,48,16,0,2,-236,0,0,100,0,0,368,32,48,0,5,-261,0,0,100,0,448,320,32,64,0,2,-207,1,1,80,90,816,0,32,48,0,
0,37,-77,-158,0,1,100,0,544,416,32,32,0,-73,-128,0,1,100,0,544,416,32,32,0,-27,-150,1,1,100,90,544,384,32,32,0,-157,-69,0,1,100,0,544,384,32,32,0,-96,-61,1,1,100,90,544,384,32,32,0,-231,-38,0,1,50,0,544,416,32,32,0,-208,-9,0,1,20,0,544,416,32,32,0,-179,-41,0,1,50,0,544,416,32,32,0,-248,-3,0,1,20,0,544,384,32,32,0,-180,-16,0,1,20,0,544,384,32,32,0,-35,-197,0,1,100,0,576,432,64,48,0,-60,-190,0,1,100,0,592,480,48,48,0,2,-209,0,0,100,0,320,352,32,32,0,4,-239,0,0,100,0,256,352,64,32,0,27,-230,0,0,100,0,272,336,32,16,0,3,-217,0,0,100,0,368,240,16,48,0,-15,-232,0,0,100,0,32,416,32,32,0,-3,-191,0,0,100,0,224,352,32,48,0,-9,-219,0,0,100,0,496,336,32,64,0,-14,-215,0,0,100,0,352,240,16,48,0,3,-224,0,0,100,0,192,352,32,48,0,46,-198,1,1,80,0,848,32,32,32,0,18,-224,0,0,100,0,320,64,48,48,0,24,-214,1,1,80,90,816,48,32,48,0,16,-225,0,0,100,0,0,416,32,32,0,17,-213,0,0,100,0,160,368,32,64,0,-7,-224,0,0,100,0,128,368,32,64,0,-16,-205,1,0,100,0,368,128,32,64,0,-5,-208,0,0,100,0,176,336,16,16,0,-33,-215,0,0,100,0,32,368,32,48,0,-33,-180,0,1,80,0,848,32,32,32,0,-21,-209,1,0,100,0,384,80,32,48,0,-51,-236,0,0,100,0,64,368,64,48,0,-40,-210,0,0,100,0,480,320,48,16,0,0,-239,0,0,100,0,0,368,32,48,0,3,-264,0,0,100,0,448,320,32,64,0,0,-210,1,1,80,90,816,48,32,48,0,
0,32,-119,-128,0,1,100,0,544,416,32,32,0,-112,-99,0,1,100,0,544,416,32,32,0,-57,-108,1,1,100,90,544,384,32,32,0,-202,-34,0,1,50,0,544,384,32,32,0,-129,-14,1,1,20,90,544,384,32,32,0,-224,-9,0,1,50,0,544,416,32,32,0,-20,-201,0,1,100,0,592,480,48,48,0,3,-210,0,0,100,0,320,352,32,32,0,5,-240,0,0,100,0,256,352,64,32,0,28,-231,0,0,100,0,272,336,32,16,0,4,-218,0,0,100,0,368,240,16,48,0,-14,-233,0,0,100,0,32,416,32,32,0,-2,-192,0,0,100,0,224,352,32,48,0,-8,-220,0,0,100,0,496,336,32,64,0,-13,-216,0,0,100,0,352,240,16,48,0,4,-225,0,0,100,0,192,352,32,48,0,47,-199,1,1,80,0,848,0,32,32,0,19,-225,0,0,100,0,320,64,48,48,0,25,-215,1,1,80,90,816,0,32,48,0,17,-226,0,0,100,0,0,416,32,32,0,18,-214,0,0,100,0,160,368,32,64,0,-6,-225,0,0,100,0,128,368,32,64,0,-15,-206,1,0,100,0,368,128,32,64,0,-4,-209,0,0,100,0,176,336,16,16,0,-32,-216,0,0,100,0,32,368,32,48,0,-32,-181,0,1,80,0,848,0,32,32,0,-20,-210,1,0,100,0,384,80,32,48,0,-50,-237,0,0,100,0,64,368,64,48,0,-39,-211,0,0,100,0,480,320,48,16,0,1,-240,0,0,100,0,0,368,32,48,0,4,-265,0,0,100,0,448,320,32,64,0,1,-211,1,1,80,90,816,0,32,48,0,
0,28,-163,-97,0,1,100,0,544,416,32,32,0,-152,-69,0,1,100,0,544,416,32,32,0,-86,-69,1,1,100,90,544,384,32,32,0,5,-211,0,0,100,0,320,352,32,32,0,7,-241,0,0,100,0,256,352,64,32,0,30,-232,0,0,100,0,272,336,32,16,0,6,-219,0,0,100,0,368,240,16,48,0,-12,-234,0,0,100,0,32,416,32,32,0,0,-193,0,0,100,0,224,352,32,48,0,-6,-221,0,0,100,0,496,336,32,64,0,-11,-217,0,0,100,0,352,240,16,48,0,6,-226,0,0,100,0,192,352,32,48,0,49,-200,1,1,80,0,848,32,32,32,0,21,-226,0,0,100,0,320,64,48,48,0,27,-216,1,1,80,90,816,48,32,48,0,19,-227,0,0,100,0,0,416,32,32,0,20,-215,0,0,100,0,160,368,32,64,0,-4,-226,0,0,100,0,128,368,32,64,0,-13,-207,1,0,100,0,368,128,32,64,0,-2,-210,0,0,100,0,176,336,16,16,0,-30,-217,0,0,100,0,32,368,32,48,0,-30,-182,0,1,80,0,848,32,32,32,0,-18,-211,1,0,100,0,384,80,32,48,0,-48,-238,0,0,100,0,64,368,64,48,0,-37,-212,0,0,100,0,480,320,48,16,0,3,-241,0,0,100,0,0,368,32,48,0,6,-266,0,0,100,0,448,320,32,64,0,3,-212,1,1,80,90,816,48,32,48,0,
0,28,-206,-65,0,1,50,0,544,416,32,32,0,-198,-33,0,1,50,0,544,416,32,32,0,-116,-28,1,1,50,90,544,384,32,32,0,7,-211,0,0,100,0,320,352,32,32,0,9,-241,0,0,100,0,256,352,64,32,0,32,-232,0,0,100,0,272,336,32,16,0,8,-218,0,0,100,0,368,240,16,48,0,-10,-234,0,0,100,0,32,416,32,32,0,2,-193,0,0,100,0,224,352,32,48,0,-4,-221,0,0,100,0,496,336,32,64,0,-9,-216,0,0,100,0,352,240,16,48,0,8,-226,0,0,100,0,192,352,32,48,0,51,-200,1,1,80,0,848,0,32,32,0,23,-226,0,0,100,0,320,64,48,48,0,29,-216,1,1,80,90,816,0,32,48,0,21,-227,0,0,100,0,0,416,32,32,0,22,-215,0,0,100,0,160,368,32,64,0,-2,-226,0,0,100,0,128,368,32,64,0,-11,-207,1,0,100,0,368,128,32,64,0,0,-210,0,0,100,0,176,336,16,16,0,-28,-217,0,0,100,0,32,368,32,48,0,-28,-182,0,1,80,0,848,0,32,32,0,-16,-211,1,0,100,0,384,80,32,48,0,-46,-238,0,0,100,0,64,368,64,48,0,-35,-212,0,0,100,0,480,320,48,16,0,5,-241,0,0,100,0,0,368,32,48,0,8,-266,0,0,100,0,448,320,32,64,0,5,-212,1,1,80,90,816,0,32,48,0,
0,28,-252,-30,0,1,20,0,544,416,32,32,0,-239,-3,0,1,20,0,544,416,32,32,0,-152,14,1,1,20,90,544,384,32,32,0,8,-210,0,0,100,0,320,352,32,32,0,10,-240,0,0,100,0,256,352,64,32,0,33,-231,0,0,100,0,272,336,32,16,0,9,-216,0,0,100,0,368,240,16,48,0,-9,-233,0,0,100,0,32,416,32,32,0,3,-192,0,0,100,0,224,352,32,48,0,-3,-220,0,0,100,0,496,336,32,64,0,-8,-214,0,0,100,0,352,240,16,48,0,9,-225,0,0,100,0,192,352,32,48,0,52,-199,1,1,80,0,848,32,32,32,0,24,-225,0,0,100,0,320,64,48,48,0,30,-215,1,1,80,90,816,48,32,48,0,22,-226,0,0,100,0,0,416,32,32,0,23,-214,0,0,100,0,160,368,32,64,0,-1,-225,0,0,100,0,128,368,32,64,0,-10,-206,1,0,100,0,368,128,32,64,0,1,-209,0,0,100,0,176,336,16,16,0,-27,-216,0,0,100,0,32,368,32,48,0,-27,-181,0,1,80,0,848,32,32,32,0,-15,-210,1,0,100,0,384,80,32,48,0,-45,-237,0,0,100,0,64,368,64,48,0,-34,-211,0,0,100,0,480,320,48,16,0,6,-240,0,0,100,0,0,368,32,48,0,9,-265,0,0,100,0,448,320,32,64,0,6,-211,1,1,80,90,816,48,32,48,0,
0,25,8,-209,0,0,100,0,320,352,32,32,0,10,-239,0,0,100,0,256,352,64,32,0,33,-230,0,0,100,0,272,336,32,16,0,10,-222,0,0,100,0,32,448,32,48,0,-9,-232,0,0,100,0,32,416,32,32,0,0,-179,0,0,100,0,352,352,32,32,0,-3,-219,0,0,100,0,496,336,32,64,0,-22,-214,0,0,100,0,0,448,32,48,0,9,-224,0,0,100,0,192,352,32,48,0,52,-198,1,1,80,0,848,0,32,32,0,24,-224,0,0,100,0,320,64,48,48,0,30,-214,1,1,80,90,816,0,32,48,0,22,-225,0,0,100,0,0,416,32,32,0,23,-213,0,0,100,0,160,368,32,64,0,-1,-224,0,0,100,0,128,368,32,64,0,-10,-205,1,0,100,0,368,128,32,64,0,1,-208,0,0,100,0,176,336,16,16,0,-27,-215,0,0,100,0,32,368,32,48,0,-27,-180,0,1,80,0,848,0,32,32,0,-15,-209,1,0,100,0,384,80,32,48,0,-45,-236,0,0,100,0,64,368,64,48,0,-34,-210,0,0,100,0,480,320,48,16,0,6,-239,0,0,100,0,0,368,32,48,0,9,-264,0,0,100,0,448,320,32,64,0,6,-210,1,1,80,90,816,0,32,48,0,
0,25,9,-210,0,0,100,0,320,352,32,32,0,11,-240,0,0,100,0,256,352,64,32,0,34,-231,0,0,100,0,272,336,32,16,0,11,-224,0,0,100,0,32,448,32,48,0,-8,-233,0,0,100,0,32,416,32,32,0,1,-180,0,0,100,0,352,352,32,32,0,-3,-194,0,0,100,0,64,416,32,32,0,-21,-216,0,0,100,0,0,448,32,48,0,10,-225,0,0,100,0,192,352,32,48,0,53,-199,1,1,80,0,848,32,32,32,0,25,-225,0,0,100,0,320,64,48,48,0,31,-215,1,1,80,90,816,48,32,48,0,23,-226,0,0,100,0,0,416,32,32,0,24,-214,0,0,100,0,160,368,32,64,0,0,-225,0,0,100,0,128,368,32,64,0,-9,-206,1,0,100,0,368,128,32,64,0,2,-209,0,0,100,0,176,336,16,16,0,-26,-216,0,0,100,0,32,368,32,48,0,-26,-181,0,1,80,0,848,32,32,32,0,-14,-210,1,0,100,0,384,80,32,48,0,-44,-237,0,0,100,0,64,368,64,48,0,-33,-211,0,0,100,0,480,320,48,16,0,7,-240,0,0,100,0,0,368,32,48,0,10,-265,0,0,100,0,448,320,32,64,0,7,-211,1,1,80,90,816,48,32,48,0,
0,26,-32,-195,0,0,100,0,64,448,48,48,0,-81,-204,0,1,40,0,464,400,80,32,0,10,-211,0,0,100,0,320,352,32,32,0,12,-241,0,0,100,0,256,352,64,32,0,35,-232,0,0,100,0,272,336,32,16,0,12,-225,0,0,100,0,32,448,32,48,0,-7,-234,0,0,100,0,32,416,32,32,0,2,-181,0,0,100,0,352,352,32,32,0,-20,-217,0,0,100,0,0,448,32,48,0,11,-226,0,0,100,0,192,352,32,48,0,54,-200,1,1,80,0,848,0,32,32,0,26,-226,0,0,100,0,320,64,48,48,0,32,-216,1,1,80,90,816,0,32,48,0,24,-227,0,0,100,0,0,416,32,32,0,25,-215,0,0,100,0,160,368,32,64,0,1,-226,0,0,100,0,128,368,32,64,0,-8,-207,1,0,100,0,368,128,32,64,0,3,-210,0,0,100,0,176,336,16,16,0,-25,-217,0,0,100,0,32,368,32,48,0,-25,-182,0,1,80,0,848,0,32,32,0,-13,-211,1,0,100,0,384,80,32,48,0,-43,-238,0,0,100,0,64,368,64,48,0,-32,-212,0,0,100,0,480,320,48,16,0,8,-241,0,0,100,0,0,368,32,48,0,11,-266,0,0,100,0,448,320,32,64,0,8,-212,1,1,80,90,816,0,32,48,0,
0,27,-45,-195,0,0,100,0,112,432,48,48,0,-81,-202,0,1,100,0,464,400,80,32,0,-73,-202,0,0,40,0,480,432,64,32,0,11,-212,0,0,100,0,320,352,32,32,0,13,-242,0,0,100,0,256,352,64,32,0,36,-233,0,0,100,0,272,336,32,16,0,13,-226,0,0,100,0,32,448,32,48,0,-6,-235,0,0,100,0,32,416,32,32,0,3,-182,0,0,100,0,352,352,32,32,0,-19,-218,0,0,100,0,0,448,32,48,0,12,-227,0,0,100,0,192,352,32,48,0,55,-201,1,1,80,0,848,32,32,32,0,27,-227,0,0,100,0,320,64,48,48,0,33,-217,1,1,80,90,816,48,32,48,0,25,-228,0,0,100,0,0,416,32,32,0,26,-216,0,0,100,0,160,368,32,64,0,2,-227,0,0,100,0,128,368,32,64,0,-7,-208,1,0,100,0,368,128,32,64,0,4,-211,0,0,100,0,176,336,16,16,0,-24,-218,0,0,100,0,32,368,32,48,0,-24,-183,0,1,80,0,848,32,32,32,0,-12,-212,1,0,100,0,384,80,32,48,0,-42,-239,0,0,100,0,64,368,64,48,0,-31,-213,0,0,100,0,480,320,48,16,0,9,-242,0,0,100,0,0,368,32,48,0,12,-267,0,0,100,0,448,320,32,64,0,9,-213,1,1,80,90,816,48,32,48,0,
0,28,-53,-190,0,0,100,0,160,432,48,64,0,-81,-200,0,1,60,0,464,400,80,32,0,-75,-200,0,1,40,0,192,400,64,32,0,-73,-200,0,0,100,0,480,432,64,32,0,12,-213,0,0,100,0,320,352,32,32,0,14,-243,0,0,100,0,256,352,64,32,0,37,-234,0,0,100,0,272,336,32,16,0,14,-227,0,0,100,0,32,448,32,48,0,-5,-236,0,0,100,0,32,416,32,32,0,4,-183,0,0,100,0,352,352,32,32,0,-18,-219,0,0,100,0,0,448,32,48,0,13,-228,0,0,100,0,192,352,32,48,0,56,-202,1,1,80,0,848,0,32,32,0,28,-228,0,0,100,0,320,64,48,48,0,34,-218,1,1,80,90,816,0,32,48,0,26,-229,0,0,100,0,0,416,32,32,0,27,-217,0,0,100,0,160,368,32,64,0,3,-228,0,0,100,0,128,368,32,64,0,-6,-209,1,0,100,0,368,128,32,64,0,5,-212,0,0,100,0,176,336,16,16,0,-23,-219,0,0,100,0,32,368,32,48,0,-23,-184,0,1,80,0,848,0,32,32,0,-11,-213,1,0,100,0,384,80,32,48,0,-41,-240,0,0,100,0,64,368,64,48,0,-30,-214,0,0,100,0,480,320,48,16,0,10,-243,0,0,100,0,0,368,32,48,0,13,-268,0,0,100,0,448,320,32,64,0,10,-214,1,1,80,90,816,0,32,48,0,
0,29,-35,-184,0,0,100,0,384,368,16,16,0,-76,-198,0,1,60,0,192,400,64,32,0,-74,-198,0,0,100,0,480,432,64,32,0,-28,-188,3,0,100,0,480,464,16,16,0,-49,-184,0,0,100,0,256,384,48,48,0,13,-213,0,0,100,0,320,352,32,32,0,15,-243,0,0,100,0,256,352,64,32,0,38,-234,0,0,100,0,272,336,32,16,0,15,-227,0,0,100,0,32,448,32,48,0,-4,-236,0,0,100,0,32,416,32,32,0,5,-183,0,0,100,0,352,352,32,32,0,-17,-219,0,0,100,0,0,448,32,48,0,14,-228,0,0,100,0,192,352,32,48,0,57,-202,1,1,80,0,848,32,32,32,0,29,-228,0,0,100,0,320,64,48,48,0,35,-218,1,1,80,90,816,48,32,48,0,27,-229,0,0,100,0,0,416,32,32,0,28,-217,0,0,100,0,160,368,32,64,0,4,-228,0,0,100,0,128,368,32,64,0,-5,-209,1,0,100,0,368,128,32,64,0,6,-212,0,0,100,0,176,336,16,16,0,-22,-219,0,0,100,0,32,368,32,48,0,-22,-184,0,1,80,0,848,32,32,32,0,-10,-213,1,0,100,0,384,80,32,48,0,-40,-240,0,0,100,0,64,368,64,48,0,-29,-214,0,0,100,0,480,320,48,16,0,11,-243,0,0,100,0,0,368,32,48,0,14,-268,0,0,100,0,448,320,32,64,0,11,-214,1,1,80,90,816,48,32,48,0,
0,29,-36,-183,0,0,100,0,384,368,16,16,0,-77,-197,0,1,80,0,192,400,64,32,0,-75,-197,0,0,100,0,480,432,64,32,0,-29,-187,3,0,100,0,496,464,16,16,0,-50,-183,0,0,100,0,304,384,48,48,0,14,-212,0,0,100,0,320,352,32,32,0,16,-242,0,0,100,0,256,352,64,32,0,39,-233,0,0,100,0,272,336,32,16,0,16,-226,0,0,100,0,32,448,32,48,0,-3,-235,0,0,100,0,32,416,32,32,0,6,-182,0,0,100,0,352,352,32,32,0,-16,-218,0,0,100,0,0,448,32,48,0,15,-227,0,0,100,0,192,352,32,48,0,58,-201,1,1,80,0,848,0,32,32,0,30,-227,0,0,100,0,320,64,48,48,0,36,-217,1,1,80,90,816,0,32,48,0,28,-228,0,0,100,0,0,416,32,32,0,29,-216,0,0,100,0,160,368,32,64,0,5,-227,0,0,100,0,128,368,32,64,0,-4,-208,1,0,100,0,368,128,32,64,0,7,-211,0,0,100,0,176,336,16,16,0,-21,-218,0,0,100,0,32,368,32,48,0,-21,-183,0,1,80,0,848,0,32,32,0,-9,-212,1,0,100,0,384,80,32,48,0,-39,-239,0,0,100,0,64,368,64,48,0,-28,-213,0,0,100,0,480,320,48,16,0,12,-242,0,0,100,0,0,368,32,48,0,15,-267,0,0,100,0,448,320,32,64,0,12,-213,1,1,80,90,816,0,32,48,0,
0,30,-37,-182,0,0,100,0,384,368,16,16,0,-78,-196,0,1,30,0,192,400,64,32,0,-78,-196,0,1,100,0,192,400,64,32,0,-76,-196,0,0,100,0,480,432,64,32,0,-30,-186,3,0,100,0,480,480,16,16,0,-51,-182,0,0,100,0,352,384,48,48,0,15,-211,0,0,100,0,320,352,32,32,0,17,-241,0,0,100,0,256,352,64,32,0,40,-232,0,0,100,0,272,336,32,16,0,17,-225,0,0,100,0,32,448,32,48,0,-2,-234,0,0,100,0,32,416,32,32,0,7,-181,0,0,100,0,352,352,32,32,0,-15,-217,0,0,100,0,0,448,32,48,0,16,-226,0,0,100,0,192,352,32,48,0,59,-200,1,1,80,0,848,32,32,32,0,31,-226,0,0,100,0,320,64,48,48,0,37,-216,1,1,80,90,816,48,32,48,0,29,-227,0,0,100,0,0,416,32,32,0,30,-215,0,0,100,0,160,368,32,64,0,6,-226,0,0,100,0,128,368,32,64,0,-3,-207,1,0,100,0,368,128,32,64,0,8,-210,0,0,100,0,176,336,16,16,0,-20,-217,0,0,100,0,32,368,32,48,0,-20,-182,0,1,80,0,848,32,32,32,0,-8,-211,1,0,100,0,384,80,32,48,0,-38,-238,0,0,100,0,64,368,64,48,0,-27,-212,0,0,100,0,480,320,48,16,0,13,-241,0,0,100,0,0,368,32,48,0,16,-266,0,0,100,0,448,320,32,64,0,13,-212,1,1,80,90,816,48,32,48,0,
0,30,-38,-181,0,0,100,0,384,368,16,16,0,-79,-195,0,1,100,0,192,400,64,32,0,-79,-195,0,1,100,0,192,400,64,32,0,-77,-195,0,0,100,0,480,432,64,32,0,-31,-185,3,0,100,0,496,480,16,16,0,-52,-181,0,0,100,0,256,384,48,48,0,16,-210,0,0,100,0,320,352,32,32,0,18,-240,0,0,100,0,256,352,64,32,0,41,-231,0,0,100,0,272,336,32,16,0,18,-224,0,0,100,0,32,448,32,48,0,-1,-233,0,0,100,0,32,416,32,32,0,8,-180,0,0,100,0,352,352,32,32,0,-14,-216,0,0,100,0,0,448,32,48,0,17,-225,0,0,100,0,192,352,32,48,0,60,-199,1,1,80,0,848,0,32,32,0,32,-225,0,0,100,0,320,64,48,48,0,38,-215,1,1,80,90,816,0,32,48,0,30,-226,0,0,100,0,0,416,32,32,0,31,-214,0,0,100,0,160,368,32,64,0,7,-225,0,0,100,0,128,368,32,64,0,-2,-206,1,0,100,0,368,128,32,64,0,9,-209,0,0,100,0,176,336,16,16,0,-19,-216,0,0,100,0,32,368,32,48,0,-19,-181,0,1,80,0,848,0,32,32,0,-7,-210,1,0,100,0,384,80,32,48,0,-37,-237,0,0,100,0,64,368,64,48,0,-26,-211,0,0,100,0,480,320,48,16,0,14,-240,0,0,100,0,0,368,32,48,0,17,-265,0,0,100,0,448,320,32,64,0,14,-211,1,1,80,90,816,0,32,48,0,
0,29,-80,-187,0,1,100,-90,544,496,48,48,0,-80,-187,0,1,100,-90,544,496,48,48,0,-81,-177,0,0,100,-90,448,432,32,48,0,-45,-185,3,0,100,0,496,480,16,16,0,-54,-176,0,0,100,0,400,384,48,48,0,17,-209,0,0,100,0,320,352,32,32,0,19,-239,0,0,100,0,256,352,64,32,0,42,-230,0,0,100,0,272,336,32,16,0,19,-223,0,0,100,0,32,448,32,48,0,0,-232,0,0,100,0,32,416,32,32,0,9,-179,0,0,100,0,352,352,32,32,0,-13,-215,0,0,100,0,0,448,32,48,0,18,-224,0,0,100,0,192,352,32,48,0,61,-198,1,1,80,0,848,32,32,32,0,33,-224,0,0,100,0,320,64,48,48,0,39,-214,1,1,80,90,816,48,32,48,0,31,-225,0,0,100,0,0,416,32,32,0,32,-213,0,0,100,0,160,368,32,64,0,8,-224,0,0,100,0,128,368,32,64,0,-1,-205,1,0,100,0,368,128,32,64,0,10,-208,0,0,100,0,176,336,16,16,0,-18,-215,0,0,100,0,32,368,32,48,0,-18,-180,0,1,80,0,848,32,32,32,0,-6,-209,1,0,100,0,384,80,32,48,0,-36,-236,0,0,100,0,64,368,64,48,0,-25,-210,0,0,100,0,480,320,48,16,0,15,-239,0,0,100,0,0,368,32,48,0,18,-264,0,0,100,0,448,320,32,64,0,15,-210,1,1,80,90,816,48,32,48,0,
0,30,-174,-73,0,1,100,0,528,768,96,96,0,-130,-41,0,0,100,0,208,432,48,48,0,-140,-38,0,1,100,0,544,448,32,48,0,-139,-39,0,0,100,0,512,464,32,48,0,-147,-209,0,1,100,0,480,544,112,224,0,18,-208,0,0,100,0,320,352,32,32,0,20,-238,0,0,100,0,256,352,64,32,0,43,-229,0,0,100,0,272,336,32,16,0,20,-222,0,0,100,0,32,448,32,48,0,1,-231,0,0,100,0,32,416,32,32,0,10,-178,0,0,100,0,352,352,32,32,0,-12,-214,0,0,100,0,0,448,32,48,0,19,-223,0,0,100,0,192,352,32,48,0,62,-197,1,1,80,0,848,0,32,32,0,34,-223,0,0,100,0,320,64,48,48,0,40,-213,1,1,80,90,816,0,32,48,0,32,-224,0,0,100,0,0,416,32,32,0,33,-212,0,0,100,0,160,368,32,64,0,9,-223,0,0,100,0,128,368,32,64,0,0,-204,1,0,100,0,368,128,32,64,0,11,-207,0,0,100,0,176,336,16,16,0,-17,-214,0,0,100,0,32,368,32,48,0,-17,-179,0,1,80,0,848,0,32,32,0,-5,-208,1,0,100,0,384,80,32,48,0,-35,-235,0,0,100,0,64,368,64,48,0,-24,-209,0,0,100,0,480,320,48,16,0,16,-238,0,0,100,0,0,368,32,48,0,19,-263,0,0,100,0,448,320,32,64,0,16,-209,1,1,80,90,816,0,32,48,0,-127,-8,0,0,100,0,672,128,48,16,0,
0,30,-174,-73,0,1,50,0,528,768,96,96,0,-130,-41,0,0,100,0,256,432,48,48,0,-141,-37,0,1,100,0,544,448,32,48,0,-140,-38,0,0,100,0,512,464,32,48,0,-140,-123,0,1,100,0,704,848,32,128,0,19,-207,0,0,100,0,320,352,32,32,0,21,-237,0,0,100,0,256,352,64,32,0,44,-228,0,0,100,0,272,336,32,16,0,21,-221,0,0,100,0,32,448,32,48,0,2,-230,0,0,100,0,32,416,32,32,0,11,-177,0,0,100,0,352,352,32,32,0,-11,-213,0,0,100,0,0,448,32,48,0,20,-222,0,0,100,0,192,352,32,48,0,63,-196,1,1,80,0,848,32,32,32,0,35,-222,0,0,100,0,320,64,48,48,0,41,-212,1,1,80,90,816,48,32,48,0,33,-223,0,0,100,0,0,416,32,32,0,34,-211,0,0,100,0,160,368,32,64,0,10,-222,0,0,100,0,128,368,32,64,0,1,-203,1,0,100,0,368,128,32,64,0,12,-206,0,0,100,0,176,336,16,16,0,-16,-213,0,0,100,0,32,368,32,48,0,-16,-178,0,1,80,0,848,32,32,32,0,-4,-207,1,0,100,0,384,80,32,48,0,-34,-234,0,0,100,0,64,368,64,48,0,-23,-208,0,0,100,0,480,320,48,16,0,17,-237,0,0,100,0,0,368,32,48,0,20,-262,0,0,100,0,448,320,32,64,0,17,-208,1,1,80,90,816,48,32,48,0,-127,-8,0,0,100,0,672,128,48,16,0,
0,38,-260,-62,1,1,100,0,352,480,128,96,0,-260,-62,1,0,50,0,352,480,128,96,0,-112,-56,0,1,100,0,352,480,128,96,0,-112,-56,0,0,50,0,352,480,128,96,0,-174,-73,0,1,20,0,528,768,96,96,0,-130,-41,0,0,100,0,304,432,48,48,0,-141,-37,0,1,100,0,544,448,32,48,0,-140,-38,0,0,100,0,512,464,32,48,0,-140,-123,0,1,20,0,704,848,32,128,0,19,-206,0,0,100,0,320,352,32,32,0,21,-236,0,0,100,0,256,352,64,32,0,44,-227,0,0,100,0,272,336,32,16,0,21,-220,0,0,100,0,32,448,32,48,0,2,-229,0,0,100,0,32,416,32,32,0,11,-176,0,0,100,0,352,352,32,32,0,-11,-212,0,0,100,0,0,448,32,48,0,20,-221,0,0,100,0,192,352,32,48,0,63,-195,1,1,80,0,848,0,32,32,0,35,-221,0,0,100,0,320,64,48,48,0,41,-211,1,1,80,90,816,0,32,48,0,33,-222,0,0,100,0,0,416,32,32,0,34,-210,0,0,100,0,160,368,32,64,0,10,-221,0,0,100,0,128,368,32,64,0,1,-202,1,0,100,0,368,128,32,64,0,12,-205,0,0,100,0,176,336,16,16,0,-16,-212,0,0,100,0,32,368,32,48,0,-16,-177,0,1,80,0,848,0,32,32,0,-4,-206,1,0,100,0,384,80,32,48,0,-34,-233,0,0,100,0,64,368,64,48,0,-23,-207,0,0,100,0,480,320,48,16,0,17,-236,0,0,100,0,0,368,32,48,0,20,-261,0,0,100,0,448,320,32,64,0,17,-207,1,1,80,90,816,0,32,48,0,-184,-101,0,1,100,0,352,480,128,96,0,-184,-101,0,0,50,0,352,480,128,96,0,-88,-106,0,1,100,0,352,480,128,96,0,-88,-106,0,0,50,0,352,480,128,96,0,-127,-8,0,0,100,0,672,128,48,16,0,
0,36,-302,-134,1,1,100,0,272,576,208,176,0,-302,-134,1,0,50,0,272,576,208,176,0,-167,-126,0,1,100,0,272,576,208,176,0,-167,-126,0,0,50,0,272,576,208,176,0,-130,-41,0,0,100,0,352,432,48,48,0,-141,-37,0,1,100,0,544,448,32,48,0,-140,-38,0,0,100,0,512,464,32,48,0,19,-205,0,0,100,0,320,352,32,32,0,21,-235,0,0,100,0,256,352,64,32,0,44,-226,0,0,100,0,272,336,32,16,0,21,-219,0,0,100,0,32,448,32,48,0,2,-228,0,0,100,0,32,416,32,32,0,11,-175,0,0,100,0,352,352,32,32,0,-11,-211,0,0,100,0,0,448,32,48,0,20,-220,0,0,100,0,192,352,32,48,0,63,-194,1,1,80,0,848,32,32,32,0,35,-220,0,0,100,0,320,64,48,48,0,41,-210,1,1,80,90,816,48,32,48,0,33,-221,0,0,100,0,0,416,32,32,0,34,-209,0,0,100,0,160,368,32,64,0,10,-220,0,0,100,0,128,368,32,64,0,1,-201,1,0,100,0,368,128,32,64,0,12,-204,0,0,100,0,176,336,16,16,0,-16,-211,0,0,100,0,32,368,32,48,0,-16,-176,0,1,80,0,848,32,32,32,0,-4,-205,1,0,100,0,384,80,32,48,0,-34,-232,0,0,100,0,64,368,64,48,0,-23,-206,0,0,100,0,480,320,48,16,0,17,-235,0,0,100,0,0,368,32,48,0,20,-260,0,0,100,0,448,320,32,64,0,17,-206,1,1,80,90,816,48,32,48,0,-241,-174,0,1,100,0,272,576,208,176,0,-241,-174,0,0,50,0,272,576,208,176,0,-149,-176,0,1,100,0,272,576,208,176,0,-149,-176,0,0,50,0,272,576,208,176,0,-127,-8,0,0,100,0,672,128,48,16,0,
0,36,-309,-130,1,1,100,0,304,768,224,176,0,-309,-130,1,0,50,0,304,768,224,176,0,-178,-121,0,1,100,0,304,768,224,176,0,-178,-121,0,0,50,0,304,768,224,176,0,-130,-41,0,0,100,0,400,432,48,48,0,-141,-37,0,1,100,0,544,448,32,48,0,-140,-38,0,0,100,0,512,464,32,48,0,19,-204,0,0,100,0,320,352,32,32,0,21,-234,0,0,100,0,256,352,64,32,0,44,-225,0,0,100,0,272,336,32,16,0,21,-218,0,0,100,0,32,448,32,48,0,2,-227,0,0,100,0,32,416,32,32,0,11,-174,0,0,100,0,352,352,32,32,0,-11,-210,0,0,100,0,0,448,32,48,0,20,-219,0,0,100,0,192,352,32,48,0,63,-193,1,1,80,0,848,0,32,32,0,35,-219,0,0,100,0,320,64,48,48,0,41,-209,1,1,80,90,816,0,32,48,0,33,-220,0,0,100,0,0,416,32,32,0,34,-208,0,0,100,0,160,368,32,64,0,10,-219,0,0,100,0,128,368,32,64,0,1,-200,1,0,100,0,368,128,32,64,0,12,-203,0,0,100,0,176,336,16,16,0,-16,-210,0,0,100,0,32,368,32,48,0,-16,-175,0,1,80,0,848,0,32,32,0,-4,-204,1,0,100,0,384,80,32,48,0,-34,-231,0,0,100,0,64,368,64,48,0,-23,-205,0,0,100,0,480,320,48,16,0,17,-234,0,0,100,0,0,368,32,48,0,20,-259,0,0,100,0,448,320,32,64,0,17,-205,1,1,80,90,816,0,32,48,0,-254,-170,0,1,100,0,304,768,224,176,0,-254,-170,0,0,50,0,304,768,224,176,0,-159,-171,0,1,100,0,304,768,224,176,0,-159,-171,0,0,50,0,304,768,224,176,0,-127,-8,0,0,100,0,672,128,48,16,0,
0,36,-310,-83,1,1,100,0,800,960,192,128,0,-310,-83,1,0,40,0,800,960,192,128,0,-146,-70,0,1,100,0,800,960,192,128,0,-146,-70,0,0,40,0,800,960,192,128,0,-130,-41,0,0,100,0,256,432,48,48,0,-141,-37,0,1,100,0,544,448,32,48,0,-140,-38,0,0,100,0,512,464,32,48,0,19,-203,0,0,100,0,320,352,32,32,0,21,-233,0,0,100,0,256,352,64,32,0,44,-224,0,0,100,0,272,336,32,16,0,21,-217,0,0,100,0,32,448,32,48,0,2,-226,0,0,100,0,32,416,32,32,0,11,-173,0,0,100,0,352,352,32,32,0,-11,-209,0,0,100,0,0,448,32,48,0,20,-218,0,0,100,0,192,352,32,48,0,63,-192,1,1,80,0,848,32,32,32,0,35,-218,0,0,100,0,320,64,48,48,0,41,-208,1,1,80,90,816,48,32,48,0,33,-219,0,0,100,0,0,416,32,32,0,34,-207,0,0,100,0,160,368,32,64,0,10,-218,0,0,100,0,128,368,32,64,0,1,-199,1,0,100,0,368,128,32,64,0,12,-202,0,0,100,0,176,336,16,16,0,-16,-209,0,0,100,0,32,368,32,48,0,-16,-174,0,1,80,0,848,32,32,32,0,-4,-203,1,0,100,0,384,80,32,48,0,-34,-230,0,0,100,0,64,368,64,48,0,-23,-204,0,0,100,0,480,320,48,16,0,17,-233,0,0,100,0,0,368,32,48,0,20,-258,0,0,100,0,448,320,32,64,0,17,-204,1,1,80,90,816,48,32,48,0,-221,-122,0,1,100,0,800,960,192,128,0,-221,-122,0,0,40,0,800,960,192,128,0,-129,-123,0,1,100,0,800,960,192,128,0,-129,-123,0,0,40,0,800,960,192,128,0,-127,-8,0,0,100,0,672,128,48,16,0,
0,36,-319,-85,1,1,100,0,784,1088,208,112,0,-319,-85,1,0,30,0,784,1088,208,112,0,-147,-70,0,1,100,0,784,1088,208,112,0,-147,-70,0,0,30,0,784,1088,208,112,0,-130,-41,0,0,100,0,304,432,48,48,0,-141,-37,0,1,100,0,544,448,32,48,0,-140,-38,0,0,100,0,512,464,32,48,0,19,-202,0,0,100,0,320,352,32,32,0,21,-232,0,0,100,0,256,352,64,32,0,44,-223,0,0,100,0,272,336,32,16,0,21,-216,0,0,100,0,32,448,32,48,0,2,-225,0,0,100,0,32,416,32,32,0,11,-172,0,0,100,0,352,352,32,32,0,-11,-208,0,0,100,0,0,448,32,48,0,20,-217,0,0,100,0,192,352,32,48,0,63,-191,1,1,80,0,848,0,32,32,0,35,-217,0,0,100,0,320,64,48,48,0,41,-207,1,1,80,90,816,0,32,48,0,33,-218,0,0,100,0,0,416,32,32,0,34,-206,0,0,100,0,160,368,32,64,0,10,-217,0,0,100,0,128,368,32,64,0,1,-198,1,0,100,0,368,128,32,64,0,12,-201,0,0,100,0,176,336,16,16,0,-16,-208,0,0,100,0,32,368,32,48,0,-16,-173,0,1,80,0,848,0,32,32,0,-4,-202,1,0,100,0,384,80,32,48,0,-34,-229,0,0,100,0,64,368,64,48,0,-23,-203,0,0,100,0,480,320,48,16,0,17,-232,0,0,100,0,0,368,32,48,0,20,-257,0,0,100,0,448,320,32,64,0,17,-203,1,1,80,90,816,0,32,48,0,-226,-123,0,1,100,0,784,1088,208,112,0,-226,-123,0,0,30,0,784,1088,208,112,0,-133,-122,0,1,100,0,784,1088,208,112,0,-133,-122,0,0,30,0,784,1088,208,112,0,-127,-8,0,0,100,0,672,128,48,16,0,
0,36,-296,-86,1,1,80,0,624,976,176,96,0,-296,-86,1,0,20,0,624,976,176,96,0,-130,-68,0,1,80,0,624,976,176,96,0,-130,-68,0,0,20,0,624,976,176,96,0,-130,-41,0,0,100,0,352,432,48,48,0,-141,-37,0,1,100,0,544,448,32,48,0,-140,-38,0,0,100,0,512,464,32,48,0,19,-201,0,0,100,0,320,352,32,32,0,21,-231,0,0,100,0,256,352,64,32,0,44,-222,0,0,100,0,272,336,32,16,0,21,-215,0,0,100,0,32,448,32,48,0,2,-224,0,0,100,0,32,416,32,32,0,11,-171,0,0,100,0,352,352,32,32,0,-11,-207,0,0,100,0,0,448,32,48,0,20,-216,0,0,100,0,192,352,32,48,0,63,-190,1,1,80,0,848,32,32,32,0,35,-216,0,0,100,0,320,64,48,48,0,41,-206,1,1,80,90,816,48,32,48,0,33,-217,0,0,100,0,0,416,32,32,0,34,-205,0,0,100,0,160,368,32,64,0,10,-216,0,0,100,0,128,368,32,64,0,1,-197,1,0,100,0,368,128,32,64,0,12,-200,0,0,100,0,176,336,16,16,0,-16,-207,0,0,100,0,32,368,32,48,0,-16,-172,0,1,80,0,848,32,32,32,0,-4,-201,1,0,100,0,384,80,32,48,0,-34,-228,0,0,100,0,64,368,64,48,0,-23,-202,0,0,100,0,480,320,48,16,0,17,-231,0,0,100,0,0,368,32,48,0,20,-256,0,0,100,0,448,320,32,64,0,17,-202,1,1,80,90,816,48,32,48,0,-213,-127,0,1,80,0,624,976,176,96,0,-213,-127,0,0,20,0,624,976,176,96,0,-113,-124,0,1,80,0,624,976,176,96,0,-113,-124,0,0,20,0,624,976,176,96,0,-127,-8,0,0,100,0,672,128,48,16,0,
0,28,-130,-41,0,0,100,0,400,432,48,48,0,-141,-37,0,1,100,0,544,448,32,48,0,-140,-38,0,0,100,0,512,464,32,48,0,19,-200,0,0,100,0,320,352,32,32,0,21,-230,0,0,100,0,256,352,64,32,0,44,-221,0,0,100,0,272,336,32,16,0,21,-214,0,0,100,0,32,448,32,48,0,2,-223,0,0,100,0,32,416,32,32,0,11,-170,0,0,100,0,352,352,32,32,0,-11,-206,0,0,100,0,0,448,32,48,0,20,-215,0,0,100,0,192,352,32,48,0,63,-189,1,1,80,0,848,0,32,32,0,35,-215,0,0,100,0,320,64,48,48,0,41,-205,1,1,80,90,816,0,32,48,0,33,-216,0,0,100,0,0,416,32,32,0,34,-204,0,0,100,0,160,368,32,64,0,10,-215,0,0,100,0,128,368,32,64,0,1,-196,1,0,100,0,368,128,32,64,0,12,-199,0,0,100,0,176,336,16,16,0,-16,-206,0,0,100,0,32,368,32,48,0,-16,-171,0,1,80,0,848,0,32,32,0,-4,-200,1,0,100,0,384,80,32,48,0,-34,-227,0,0,100,0,64,368,64,48,0,-23,-201,0,0,100,0,480,320,48,16,0,17,-230,0,0,100,0,0,368,32,48,0,20,-255,0,0,100,0,448,320,32,64,0,17,-201,1,1,80,90,816,0,32,48,0,-127,-8,0,0,100,0,672,128,48,16,0,
0,28,-130,-41,0,0,100,0,256,432,48,48,0,-141,-37,0,1,80,0,544,448,32,48,0,-140,-38,0,0,100,0,512,464,32,48,0,19,-199,0,0,100,0,320,352,32,32,0,21,-229,0,0,100,0,256,352,64,32,0,44,-220,0,0,100,0,272,336,32,16,0,21,-213,0,0,100,0,32,448,32,48,0,2,-222,0,0,100,0,32,416,32,32,0,11,-169,0,0,100,0,352,352,32,32,0,-11,-205,0,0,100,0,0,448,32,48,0,20,-214,0,0,100,0,192,352,32,48,0,63,-188,1,1,80,0,848,32,32,32,0,35,-214,0,0,100,0,320,64,48,48,0,41,-204,1,1,80,90,816,48,32,48,0,33,-215,0,0,100,0,0,416,32,32,0,34,-203,0,0,100,0,160,368,32,64,0,10,-214,0,0,100,0,128,368,32,64,0,1,-195,1,0,100,0,368,128,32,64,0,12,-198,0,0,100,0,176,336,16,16,0,-16,-205,0,0,100,0,32,368,32,48,0,-16,-170,0,1,80,0,848,32,32,32,0,-4,-199,1,0,100,0,384,80,32,48,0,-34,-226,0,0,100,0,64,368,64,48,0,-23,-200,0,0,100,0,480,320,48,16,0,17,-229,0,0,100,0,0,368,32,48,0,20,-254,0,0,100,0,448,320,32,64,0,17,-200,1,1,80,90,816,48,32,48,0,-127,-8,0,0,100,0,672,128,48,16,0,
0,28,-130,-41,0,0,100,0,304,432,48,48,0,-141,-37,0,1,60,0,544,448,32,48,0,-140,-38,0,0,100,0,512,464,32,48,0,19,-197,0,0,100,0,320,352,32,32,0,21,-227,0,0,100,0,256,352,64,32,0,44,-218,0,0,100,0,272,336,32,16,0,21,-211,0,0,100,0,32,448,32,48,0,2,-220,0,0,100,0,32,416,32,32,0,11,-167,0,0,100,0,352,352,32,32,0,-11,-203,0,0,100,0,0,448,32,48,0,20,-212,0,0,100,0,192,352,32,48,0,63,-186,1,1,80,0,848,0,32,32,0,35,-212,0,0,100,0,320,64,48,48,0,41,-202,1,1,80,90,816,0,32,48,0,33,-213,0,0,100,0,0,416,32,32,0,34,-201,0,0,100,0,160,368,32,64,0,10,-212,0,0,100,0,128,368,32,64,0,1,-193,1,0,100,0,368,128,32,64,0,12,-196,0,0,100,0,176,336,16,16,0,-16,-203,0,0,100,0,32,368,32,48,0,-16,-168,0,1,80,0,848,0,32,32,0,-4,-197,1,0,100,0,384,80,32,48,0,-34,-224,0,0,100,0,64,368,64,48,0,-23,-198,0,0,100,0,480,320,48,16,0,17,-227,0,0,100,0,0,368,32,48,0,20,-252,0,0,100,0,448,320,32,64,0,17,-198,1,1,80,90,816,0,32,48,0,-127,-8,0,0,100,0,672,128,48,16,0,
0,28,-130,-41,0,0,100,0,352,432,48,48,0,-141,-37,0,1,40,0,544,448,32,48,0,-140,-38,0,0,100,0,512,464,32,48,0,17,-192,0,0,100,0,320,352,32,32,0,19,-222,0,0,100,0,256,352,64,32,0,42,-213,0,0,100,0,272,336,32,16,0,19,-206,0,0,100,0,32,448,32,48,0,0,-215,0,0,100,0,32,416,32,32,0,9,-162,0,0,100,0,352,352,32,32,0,-13,-198,0,0,100,0,0,448,32,48,0,18,-207,0,0,100,0,192,352,32,48,0,61,-181,1,1,80,0,848,32,32,32,0,33,-207,0,0,100,0,320,64,48,48,0,39,-197,1,1,80,90,816,48,32,48,0,31,-208,0,0,100,0,0,416,32,32,0,32,-196,0,0,100,0,160,368,32,64,0,8,-207,0,0,100,0,128,368,32,64,0,-1,-188,1,0,100,0,368,128,32,64,0,10,-191,0,0,100,0,176,336,16,16,0,-18,-198,0,0,100,0,32,368,32,48,0,-18,-163,0,1,80,0,848,32,32,32,0,-6,-192,1,0,100,0,384,80,32,48,0,-36,-219,0,0,100,0,64,368,64,48,0,-25,-193,0,0,100,0,480,320,48,16,0,15,-222,0,0,100,0,0,368,32,48,0,18,-247,0,0,100,0,448,320,32,64,0,15,-193,1,1,80,90,816,48,32,48,0,-127,-8,0,0,100,0,672,128,48,16,0,
0,28,-130,-41,0,0,100,0,400,432,48,48,0,-141,-37,0,1,30,0,544,448,32,48,0,-140,-38,0,0,100,0,512,464,32,48,0,7,-160,0,0,100,0,320,352,32,32,0,9,-190,0,0,100,0,256,352,64,32,0,32,-181,0,0,100,0,272,336,32,16,0,9,-174,0,0,100,0,32,448,32,48,0,-10,-183,0,0,100,0,32,416,32,32,0,-1,-130,0,0,100,0,352,352,32,32,0,-23,-166,0,0,100,0,0,448,32,48,0,8,-175,0,0,100,0,192,352,32,48,0,51,-149,1,1,80,0,848,32,32,32,0,23,-175,0,0,100,0,320,64,48,48,0,29,-165,1,1,80,90,816,48,32,48,0,21,-176,0,0,100,0,0,416,32,32,0,22,-164,0,0,100,0,160,368,32,64,0,-2,-175,0,0,100,0,128,368,32,64,0,-11,-156,1,0,100,0,368,128,32,64,0,0,-159,0,0,100,0,176,336,16,16,0,-28,-166,0,0,100,0,32,368,32,48,0,-28,-131,0,1,80,0,848,32,32,32,0,-16,-160,1,0,100,0,384,80,32,48,0,-46,-187,0,0,100,0,64,368,64,48,0,-35,-161,0,0,100,0,480,320,48,16,0,5,-190,0,0,100,0,0,368,32,48,0,8,-215,0,0,100,0,448,320,32,64,0,5,-161,1,1,80,90,816,48,32,48,0,-127,-8,0,0,100,0,672,128,48,16,0,
0,28,-130,-41,0,0,100,0,256,432,48,48,0,-141,-37,0,1,30,0,544,448,32,48,0,-140,-38,0,0,100,0,512,464,32,48,0,-9,-128,0,0,100,0,320,352,32,32,0,-7,-158,0,0,100,0,256,352,64,32,0,16,-149,0,0,100,0,272,336,32,16,0,-7,-142,0,0,100,0,32,448,32,48,0,-26,-151,0,0,100,0,32,416,32,32,0,-17,-98,0,0,100,0,352,352,32,32,0,-39,-134,0,0,100,0,0,448,32,48,0,-8,-143,0,0,100,0,192,352,32,48,0,35,-117,1,1,80,0,848,0,32,32,0,7,-143,0,0,100,0,320,64,48,48,0,13,-133,1,1,80,90,816,0,32,48,0,5,-144,0,0,100,0,0,416,32,32,0,6,-132,0,0,100,0,160,368,32,64,0,-18,-143,0,0,100,0,128,368,32,64,0,-27,-124,1,0,100,0,368,128,32,64,0,-16,-127,0,0,100,0,176,336,16,16,0,-44,-134,0,0,100,0,32,368,32,48,0,-44,-99,0,1,80,0,848,0,32,32,0,-32,-128,1,0,100,0,384,80,32,48,0,-62,-155,0,0,100,0,64,368,64,48,0,-51,-129,0,0,100,0,480,320,48,16,0,-11,-158,0,0,100,0,0,368,32,48,0,-8,-183,0,0,100,0,448,320,32,64,0,-11,-129,1,1,80,90,816,0,32,48,0,-127,-8,0,0,100,0,672,128,48,16,0,
0,29,-125,-56,0,0,100,0,0,496,48,64,0,-143,-40,0,1,100,0,480,496,32,48,0,-141,-37,0,1,30,0,544,448,32,48,0,-140,-38,0,0,60,0,512,464,32,48,0,-39,-98,0,0,100,0,320,352,32,32,0,-37,-128,0,0,100,0,256,352,64,32,0,-14,-119,0,0,100,0,272,336,32,16,0,-37,-112,0,0,100,0,32,448,32,48,0,-56,-121,0,0,100,0,32,416,32,32,0,-47,-68,0,0,100,0,352,352,32,32,0,-69,-104,0,0,100,0,0,448,32,48,0,-38,-113,0,0,100,0,192,352,32,48,0,5,-87,1,1,80,0,848,32,32,32,0,-23,-113,0,0,100,0,320,64,48,48,0,-17,-103,1,1,80,90,816,48,32,48,0,-25,-114,0,0,100,0,0,416,32,32,0,-24,-102,0,0,100,0,160,368,32,64,0,-48,-113,0,0,100,0,128,368,32,64,0,-57,-94,1,0,100,0,368,128,32,64,0,-46,-97,0,0,100,0,176,336,16,16,0,-74,-104,0,0,100,0,32,368,32,48,0,-74,-69,0,1,80,0,848,32,32,32,0,-62,-98,1,0,100,0,384,80,32,48,0,-92,-125,0,0,100,0,64,368,64,48,0,-81,-99,0,0,100,0,480,320,48,16,0,-41,-128,0,0,100,0,0,368,32,48,0,-38,-153,0,0,100,0,448,320,32,64,0,-41,-99,1,1,80,90,816,48,32,48,0,-127,-8,0,0,100,0,672,128,48,16,0,
0,29,-112,-80,0,0,100,0,48,496,48,64,0,-148,-51,1,1,100,0,304,480,48,64,0,-140,-38,0,0,20,0,512,464,32,48,0,-54,-85,0,0,100,0,320,352,32,32,0,-52,-115,0,0,100,0,256,352,64,32,0,-29,-106,0,0,100,0,272,336,32,16,0,-52,-99,0,0,100,0,32,448,32,48,0,-71,-108,0,0,100,0,32,416,32,32,0,-62,-55,0,0,100,0,352,352,32,32,0,-84,-91,0,0,100,0,0,448,32,48,0,-53,-100,0,0,100,0,192,352,32,48,0,-10,-74,1,1,80,0,848,32,32,32,0,-38,-100,0,0,100,0,320,64,48,48,0,-32,-90,1,1,80,90,816,48,32,48,0,-40,-101,0,0,100,0,0,416,32,32,0,-39,-89,0,0,100,0,160,368,32,64,0,-63,-100,0,0,100,0,128,368,32,64,0,-72,-81,1,0,100,0,368,128,32,64,0,-61,-84,0,0,100,0,176,336,16,16,0,-89,-91,0,0,100,0,32,368,32,48,0,-89,-56,0,1,80,0,848,32,32,32,0,-77,-85,1,0,100,0,384,80,32,48,0,-107,-112,0,0,100,0,64,368,64,48,0,-96,-86,0,0,100,0,480,320,48,16,0,-56,-115,0,0,100,0,0,368,32,48,0,-53,-140,0,0,100,0,448,320,32,64,0,-56,-86,1,1,80,90,816,48,32,48,0,-118,-8,0,0,40,0,672,128,48,16,0,-85,-15,0,0,20,0,896,48,96,32,0,
0,27,-147,-52,1,1,30,0,304,480,48,64,0,-96,-87,0,0,100,0,48,496,48,64,0,-57,-80,0,0,100,0,320,352,32,32,0,-55,-110,0,0,100,0,256,352,64,32,0,-32,-101,0,0,100,0,272,336,32,16,0,-55,-94,0,0,100,0,32,448,32,48,0,-74,-103,0,0,100,0,32,416,32,32,0,-65,-50,0,0,100,0,352,352,32,32,0,-87,-86,0,0,100,0,0,448,32,48,0,-56,-95,0,0,100,0,192,352,32,48,0,-13,-69,1,1,80,0,848,32,32,32,0,-41,-95,0,0,100,0,320,64,48,48,0,-35,-85,1,1,80,90,816,48,32,48,0,-43,-96,0,0,100,0,0,416,32,32,0,-42,-84,0,0,100,0,160,368,32,64,0,-66,-95,0,0,100,0,128,368,32,64,0,-75,-76,1,0,100,0,368,128,32,64,0,-64,-79,0,0,100,0,176,336,16,16,0,-92,-86,0,0,100,0,32,368,32,48,0,-92,-51,0,1,80,0,848,32,32,32,0,-80,-80,1,0,100,0,384,80,32,48,0,-110,-107,0,0,100,0,64,368,64,48,0,-99,-81,0,0,100,0,480,320,48,16,0,-59,-110,0,0,100,0,0,368,32,48,0,-56,-135,0,0,100,0,448,320,32,64,0,-59,-81,1,1,80,90,816,48,32,48,0,-89,-15,0,0,40,0,896,48,96,32,0,
0,26,-60,-78,0,0,100,0,320,352,32,32,0,-58,-108,0,0,100,0,256,352,64,32,0,-35,-99,0,0,100,0,272,336,32,16,0,-58,-92,0,0,100,0,32,448,32,48,0,-77,-101,0,0,100,0,32,416,32,32,0,-68,-48,0,0,100,0,352,352,32,32,0,-68,-89,0,0,100,0,96,496,32,64,0,-90,-84,0,0,100,0,0,448,32,48,0,-59,-93,0,0,100,0,192,352,32,48,0,-16,-67,1,1,80,0,848,0,32,32,0,-44,-93,0,0,100,0,320,64,48,48,0,-38,-83,1,1,80,90,816,0,32,48,0,-46,-94,0,0,100,0,0,416,32,32,0,-45,-82,0,0,100,0,160,368,32,64,0,-69,-93,0,0,100,0,128,368,32,64,0,-78,-74,1,0,100,0,368,128,32,64,0,-67,-77,0,0,100,0,176,336,16,16,0,-83,-75,0,0,100,90,32,368,32,48,0,-95,-49,0,1,80,0,848,0,32,32,0,-83,-78,1,0,100,0,384,80,32,48,0,-113,-105,0,0,100,0,64,368,64,48,0,-102,-79,0,0,100,0,480,320,48,16,0,-62,-108,0,0,100,0,0,368,32,48,0,-49,-96,0,0,100,0,272,288,64,16,0,-62,-79,1,1,80,90,816,0,32,48,0,-92,-15,0,0,60,0,896,48,96,32,0,
0,26,-15,-97,0,0,100,0,272,0,64,32,0,6,-81,0,0,100,0,160,32,32,16,0,-37,-94,0,0,100,0,240,32,32,32,0,-22,-77,0,0,100,0,224,0,16,48,0,-44,-44,0,0,100,0,240,0,32,32,0,-49,-83,0,0,100,0,0,0,48,64,0,-41,-79,0,0,100,0,208,0,16,48,0,-20,-78,0,0,100,0,224,64,32,48,0,1,-50,0,1,80,0,816,0,32,48,0,-2,-74,0,0,100,0,192,64,32,48,0,-10,-77,0,0,100,0,112,0,32,32,0,-16,-67,0,0,100,0,160,48,32,64,0,-30,-83,0,0,100,0,128,48,32,64,0,-50,-69,0,0,100,0,96,48,32,64,0,-32,-70,0,0,100,0,48,48,16,16,0,-58,-84,0,0,100,0,80,0,32,48,0,-65,-58,1,0,100,0,208,112,32,64,0,-68,-52,0,1,80,0,848,0,32,32,0,-54,-75,0,0,100,0,48,0,32,48,0,-70,-98,0,0,100,0,144,0,64,32,0,-63,-78,0,0,100,0,112,32,48,16,0,-12,-65,0,1,80,0,816,0,32,48,0,-26,-92,0,0,100,0,0,64,32,48,0,-59,-23,0,1,40,0,688,1168,96,48,0,-59,-23,0,1,30,0,592,1072,96,48,0,-63,-15,0,0,60,0,896,48,96,32,0,
0,31,-40,-39,0,1,50,0,912,304,80,48,0,-55,-65,1,1,20,0,880,80,112,80,0,-4,-94,0,0,100,0,272,0,64,32,0,17,-78,0,0,100,0,160,32,32,16,0,-26,-91,0,0,100,0,240,32,32,32,0,-11,-74,0,0,100,0,224,0,16,48,0,-33,-41,0,0,100,0,240,0,32,32,0,-38,-80,0,0,100,0,96,112,48,64,0,-30,-76,0,0,100,0,208,0,16,48,0,-9,-75,0,0,100,0,224,64,32,48,0,12,-47,0,1,80,0,816,48,32,48,0,9,-71,0,0,100,0,192,64,32,48,0,1,-74,0,0,100,0,112,0,32,32,0,-5,-64,0,0,100,0,160,48,32,64,0,-19,-80,0,0,100,0,128,48,32,64,0,-39,-66,0,0,100,0,96,48,32,64,0,-21,-67,0,0,100,0,48,48,16,16,0,-47,-81,0,0,100,0,80,0,32,48,0,-83,-52,0,0,100,0,32,64,64,48,0,-57,-49,0,1,80,0,848,32,32,32,0,-43,-72,0,0,100,0,48,0,32,48,0,-59,-95,0,0,100,0,144,0,64,32,0,-52,-75,0,0,100,0,112,32,48,16,0,-1,-62,0,1,80,0,816,48,32,48,0,-15,-89,0,0,100,0,0,64,32,48,0,-46,-23,0,1,95,0,688,1168,96,48,0,-46,-23,0,1,90,0,592,1072,96,48,0,-46,-23,0,1,70,0,688,1168,96,48,0,-46,-23,0,1,60,0,592,1072,96,48,0,-46,-23,0,1,50,0,896,0,96,48,0,-54,-15,0,0,80,0,896,48,96,32,0,
0,16,-25,-26,0,1,50,0,224,592,48,16,0,-25,-18,0,1,50,0,224,624,48,16,0,-24,-24,0,1,100,0,208,560,48,32,0,-13,-39,0,0,100,0,224,544,32,16,0,-59,-42,0,0,100,0,624,880,80,32,0,-59,-42,0,1,40,0,624,848,80,32,0,-21,-60,0,0,100,0,0,560,48,64,0,-23,-43,0,1,100,0,256,544,32,16,0,-24,-54,0,0,100,0,480,464,16,16,0,-18,-54,0,0,100,0,448,432,32,48,0,-28,-55,0,1,40,0,544,496,48,48,0,-31,-16,0,1,100,0,288,544,64,32,0,-42,-39,0,1,100,0,128,496,80,48,0,-48,-61,0,0,100,0,0,64,32,48,0,-46,-9,0,0,50,0,672,144,32,16,0,-24,-8,0,0,100,0,672,128,48,16,0,
0,38,-25,-28,0,1,20,0,224,592,48,16,0,-25,-19,0,1,20,0,224,624,48,16,0,-24,-24,0,1,50,0,208,560,48,32,0,-13,-39,0,0,100,0,224,544,32,16,0,-59,-42,0,0,100,0,624,880,80,32,0,-59,-42,0,1,40,0,624,848,80,32,0,-21,-60,0,0,100,0,48,560,48,64,0,-23,-43,0,1,100,0,256,544,32,16,0,-24,-54,0,0,100,0,496,464,16,16,0,-18,-54,0,0,100,0,448,432,32,48,0,-28,-55,0,1,40,0,544,496,48,48,0,-31,-16,0,1,70,0,288,544,64,32,0,-42,-39,0,1,60,0,208,496,80,48,0,-48,-65,0,0,100,0,0,64,32,48,0,181,-237,0,0,100,0,272,0,64,32,0,202,-221,0,0,100,0,160,32,32,16,0,159,-234,0,0,100,0,240,32,32,32,0,174,-217,0,0,100,0,224,0,16,48,0,152,-184,0,0,100,0,240,0,32,32,0,155,-219,0,0,100,0,208,0,16,48,0,176,-218,0,0,100,0,224,64,32,48,0,219,-195,1,1,80,0,848,0,32,32,0,192,-219,0,0,100,0,320,64,48,48,0,186,-217,0,0,100,0,112,0,32,32,0,182,-207,0,0,100,0,176,112,32,64,0,166,-223,0,0,100,0,128,48,32,64,0,150,-209,0,0,100,0,144,112,32,64,0,164,-210,0,0,100,0,48,48,16,16,0,138,-221,0,0,100,0,32,368,32,48,0,172,-208,1,1,80,0,816,0,32,48,0,143,-192,1,1,80,0,816,0,32,48,0,155,-214,0,0,100,0,48,0,32,48,0,126,-238,0,0,100,0,144,0,64,32,0,133,-218,0,0,100,0,112,32,48,16,0,187,-256,0,0,100,0,448,320,32,64,0,191,-204,1,1,80,0,848,0,32,32,0,-46,-9,0,0,30,0,672,144,32,16,0,-24,-8,0,0,100,0,672,128,48,16,0,
0,36,-24,-24,0,1,20,0,208,560,48,32,0,-13,-39,0,0,100,0,224,544,32,16,0,-59,-42,0,0,100,0,624,880,80,32,0,-59,-42,0,1,40,0,624,848,80,32,0,-21,-60,0,0,100,0,0,624,48,64,0,-23,-43,0,1,50,0,256,544,32,16,0,-18,-54,0,1,100,0,160,640,32,48,0,-24,-54,0,0,50,0,480,480,16,16,0,-18,-54,0,0,50,0,448,432,32,48,0,-28,-55,0,1,40,0,544,496,48,48,0,-31,-16,0,1,40,0,288,544,64,32,0,-42,-39,0,1,30,0,128,544,80,48,0,-47,-78,0,0,100,0,0,64,32,48,0,134,-184,0,0,100,0,272,0,64,32,0,155,-168,0,0,100,0,160,32,32,16,0,112,-181,0,0,100,0,240,32,32,32,0,127,-164,0,0,100,0,224,0,16,48,0,105,-131,0,0,100,0,240,0,32,32,0,108,-166,0,0,100,0,208,0,16,48,0,129,-165,0,0,100,0,224,64,32,48,0,172,-142,1,1,80,0,848,0,32,32,0,145,-166,0,0,100,0,320,64,48,48,0,139,-164,0,0,100,0,112,0,32,32,0,135,-154,0,0,100,0,176,112,32,64,0,119,-170,0,0,100,0,128,48,32,64,0,103,-156,0,0,100,0,144,112,32,64,0,117,-157,0,0,100,0,48,48,16,16,0,91,-168,0,0,100,0,32,368,32,48,0,125,-155,1,1,80,0,816,0,32,48,0,96,-139,1,1,80,0,816,0,32,48,0,108,-161,0,0,100,0,48,0,32,48,0,79,-185,0,0,100,0,144,0,64,32,0,86,-165,0,0,100,0,112,32,48,16,0,140,-203,0,0,100,0,448,320,32,64,0,144,-151,1,1,80,0,848,0,32,32,0,-24,-8,0,0,100,0,672,128,48,16,0,
0,29,-31,-60,0,0,100,0,0,688,48,64,0,-42,-70,1,0,100,-90,624,880,80,32,0,-42,-70,1,1,40,-90,624,848,80,32,0,-18,-55,0,1,100,0,160,640,32,48,0,-31,-16,0,1,20,0,288,544,64,32,0,-37,-92,0,0,100,0,0,64,32,48,0,91,-150,0,0,100,0,272,0,64,32,0,112,-134,0,0,100,0,160,32,32,16,0,69,-147,0,0,100,0,240,32,32,32,0,84,-130,0,0,100,0,224,0,16,48,0,62,-97,0,0,100,0,240,0,32,32,0,65,-132,0,0,100,0,208,0,16,48,0,86,-131,0,0,100,0,224,64,32,48,0,129,-108,1,1,80,0,848,0,32,32,0,102,-132,0,0,100,0,320,64,48,48,0,96,-130,0,0,100,0,112,0,32,32,0,92,-120,0,0,100,0,176,112,32,64,0,76,-136,0,0,100,0,128,48,32,64,0,60,-122,0,0,100,0,144,112,32,64,0,74,-123,0,0,100,0,48,48,16,16,0,48,-134,0,0,100,0,32,368,32,48,0,82,-121,1,1,80,0,816,0,32,48,0,53,-105,1,1,80,0,816,0,32,48,0,65,-127,0,0,100,0,48,0,32,48,0,36,-151,0,0,100,0,144,0,64,32,0,43,-131,0,0,100,0,112,32,48,16,0,97,-169,0,0,100,0,448,320,32,64,0,101,-117,1,1,80,0,848,0,32,32,0,-31,-8,0,0,100,0,672,128,48,16,0,
0,28,-31,-60,0,0,100,0,48,688,48,64,0,-45,-60,0,0,100,0,240,656,32,64,0,-45,-60,0,1,30,0,192,592,32,64,0,-18,-56,0,1,30,0,160,640,32,48,0,-30,-97,0,0,100,0,0,64,32,48,0,57,-142,0,0,100,0,272,0,64,32,0,78,-126,0,0,100,0,160,32,32,16,0,35,-139,0,0,100,0,240,32,32,32,0,50,-122,0,0,100,0,224,0,16,48,0,28,-89,0,0,100,0,240,0,32,32,0,31,-124,0,0,100,0,208,0,16,48,0,52,-123,0,0,100,0,224,64,32,48,0,95,-100,1,1,80,0,848,0,32,32,0,68,-124,0,0,100,0,320,64,48,48,0,62,-122,0,0,100,0,112,0,32,32,0,58,-112,0,0,100,0,176,112,32,64,0,42,-128,0,0,100,0,128,48,32,64,0,26,-114,0,0,100,0,144,112,32,64,0,40,-115,0,0,100,0,48,48,16,16,0,14,-126,0,0,100,0,32,368,32,48,0,48,-113,1,1,80,0,816,0,32,48,0,19,-97,1,1,80,0,816,0,32,48,0,31,-119,0,0,100,0,48,0,32,48,0,2,-143,0,0,100,0,144,0,64,32,0,9,-123,0,0,100,0,112,32,48,16,0,63,-161,0,0,100,0,448,320,32,64,0,67,-109,1,1,80,0,848,0,32,32,0,-31,-8,0,0,100,0,672,128,48,16,0,
0,27,-31,-60,0,0,100,0,96,688,48,64,0,-45,-60,0,0,100,0,240,656,32,64,0,-45,-60,0,1,30,0,192,592,32,64,0,-26,-99,0,0,100,0,0,64,32,48,0,31,-140,0,0,100,0,272,0,64,32,0,52,-124,0,0,100,0,160,32,32,16,0,9,-137,0,0,100,0,240,32,32,32,0,24,-120,0,0,100,0,224,0,16,48,0,2,-87,0,0,100,0,240,0,32,32,0,5,-122,0,0,100,0,208,0,16,48,0,26,-121,0,0,100,0,224,64,32,48,0,69,-98,1,1,80,0,848,0,32,32,0,42,-122,0,0,100,0,320,64,48,48,0,36,-120,0,0,100,0,112,0,32,32,0,32,-110,0,0,100,0,176,112,32,64,0,16,-126,0,0,100,0,128,48,32,64,0,0,-112,0,0,100,0,144,112,32,64,0,14,-113,0,0,100,0,48,48,16,16,0,-12,-124,0,0,100,0,32,368,32,48,0,22,-111,1,1,80,0,816,0,32,48,0,-7,-95,1,1,80,0,816,0,32,48,0,5,-117,0,0,100,0,48,0,32,48,0,-24,-141,0,0,100,0,144,0,64,32,0,-17,-121,0,0,100,0,112,32,48,16,0,37,-159,0,0,100,0,448,320,32,64,0,41,-107,1,1,80,0,848,0,32,32,0,-31,-8,0,0,100,0,672,128,48,16,0,
0,27,-31,-60,0,0,100,0,144,688,48,64,0,-45,-60,0,0,100,0,240,656,32,64,0,-45,-60,0,1,30,0,192,592,32,64,0,-24,-100,0,0,100,0,0,64,32,48,0,27,-140,0,0,100,0,272,0,64,32,0,48,-124,0,0,100,0,160,32,32,16,0,5,-137,0,0,100,0,240,32,32,32,0,20,-120,0,0,100,0,224,0,16,48,0,-2,-87,0,0,100,0,240,0,32,32,0,1,-122,0,0,100,0,208,0,16,48,0,22,-121,0,0,100,0,224,64,32,48,0,65,-98,1,1,80,0,848,0,32,32,0,38,-122,0,0,100,0,320,64,48,48,0,32,-120,0,0,100,0,112,0,32,32,0,28,-110,0,0,100,0,176,112,32,64,0,12,-126,0,0,100,0,128,48,32,64,0,-4,-112,0,0,100,0,144,112,32,64,0,10,-113,0,0,100,0,48,48,16,16,0,-16,-124,0,0,100,0,32,368,32,48,0,18,-111,1,1,80,0,816,0,32,48,0,-11,-95,1,1,80,0,816,0,32,48,0,1,-117,0,0,100,0,48,0,32,48,0,-28,-141,0,0,100,0,144,0,64,32,0,-21,-121,0,0,100,0,112,32,48,16,0,33,-159,0,0,100,0,448,320,32,64,0,37,-107,1,1,80,0,848,0,32,32,0,-31,-8,0,0,100,0,672,128,48,16,0,
0,27,-31,-60,0,0,100,0,192,688,48,64,0,-45,-60,0,0,100,0,240,656,32,64,0,-45,-60,0,1,30,0,192,592,32,64,0,-23,-100,0,0,100,0,0,64,32,48,0,26,-140,0,0,100,0,272,0,64,32,0,47,-124,0,0,100,0,160,32,32,16,0,4,-137,0,0,100,0,240,32,32,32,0,19,-120,0,0,100,0,224,0,16,48,0,-3,-87,0,0,100,0,240,0,32,32,0,0,-122,0,0,100,0,208,0,16,48,0,21,-121,0,0,100,0,224,64,32,48,0,64,-98,1,1,80,0,848,32,32,32,0,37,-122,0,0,100,0,320,64,48,48,0,31,-120,0,0,100,0,112,0,32,32,0,27,-110,0,0,100,0,176,112,32,64,0,11,-126,0,0,100,0,128,48,32,64,0,-5,-112,0,0,100,0,144,112,32,64,0,9,-113,0,0,100,0,48,48,16,16,0,-17,-124,0,0,100,0,32,368,32,48,0,17,-111,1,1,80,0,816,48,32,48,0,-12,-95,1,1,80,0,816,48,32,48,0,0,-117,0,0,100,0,48,0,32,48,0,-29,-141,0,0,100,0,144,0,64,32,0,-22,-121,0,0,100,0,112,32,48,16,0,32,-159,0,0,100,0,448,320,32,64,0,36,-107,1,1,80,0,848,32,32,32,0,-31,-8,0,0,100,0,672,128,48,16,0,
0,27,-26,-46,0,0,100,0,0,752,48,48,0,-45,-60,0,0,100,0,240,656,32,64,0,-45,-60,0,1,30,0,192,592,32,64,0,-23,-100,0,0,100,0,0,64,32,48,0,26,-140,0,0,100,0,272,0,64,32,0,47,-124,0,0,100,0,160,32,32,16,0,4,-137,0,0,100,0,240,32,32,32,0,19,-120,0,0,100,0,224,0,16,48,0,-3,-87,0,0,100,0,240,0,32,32,0,0,-122,0,0,100,0,208,0,16,48,0,21,-121,0,0,100,0,224,64,32,48,0,64,-98,1,1,80,0,848,0,32,32,0,37,-122,0,0,100,0,320,64,48,48,0,31,-120,0,0,100,0,112,0,32,32,0,27,-110,0,0,100,0,176,112,32,64,0,11,-126,0,0,100,0,128,48,32,64,0,-5,-112,0,0,100,0,144,112,32,64,0,9,-113,0,0,100,0,48,48,16,16,0,-17,-124,0,0,100,0,32,368,32,48,0,17,-111,1,1,80,0,816,0,32,48,0,-12,-95,1,1,80,0,816,0,32,48,0,0,-117,0,0,100,0,48,0,32,48,0,-29,-141,0,0,100,0,144,0,64,32,0,-22,-121,0,0,100,0,112,32,48,16,0,32,-159,0,0,100,0,448,320,32,64,0,36,-107,1,1,80,0,848,0,32,32,0,-25,-8,0,0,100,0,672,128,48,16,0,
0,28,-20,-44,0,0,100,0,48,752,64,48,0,-46,-61,0,1,100,0,240,720,32,64,0,-45,-60,0,1,30,0,192,592,32,64,0,-45,-60,0,0,40,0,240,656,32,64,0,-23,-100,0,0,100,0,0,64,32,48,0,26,-140,0,0,100,0,272,0,64,32,0,47,-124,0,0,100,0,160,32,32,16,0,4,-137,0,0,100,0,240,32,32,32,0,19,-120,0,0,100,0,224,0,16,48,0,-3,-87,0,0,100,0,240,0,32,32,0,0,-122,0,0,100,0,208,0,16,48,0,21,-121,0,0,100,0,224,64,32,48,0,64,-98,1,1,80,0,848,32,32,32,0,37,-122,0,0,100,0,320,64,48,48,0,31,-120,0,0,100,0,112,0,32,32,0,27,-110,0,0,100,0,176,112,32,64,0,11,-126,0,0,100,0,128,48,32,64,0,-5,-112,0,0,100,0,144,112,32,64,0,9,-113,0,0,100,0,48,48,16,16,0,-17,-124,0,0,100,0,32,368,32,48,0,17,-111,1,1,80,0,816,48,32,48,0,-12,-95,1,1,80,0,816,48,32,48,0,0,-117,0,0,100,0,48,0,32,48,0,-29,-141,0,0,100,0,144,0,64,32,0,-22,-121,0,0,100,0,112,32,48,16,0,32,-159,0,0,100,0,448,320,32,64,0,36,-107,1,1,80,0,848,32,32,32,0,-24,-8,0,0,100,0,672,128,48,16,0,
0,27,-19,-44,0,0,100,0,112,752,64,48,0,-46,-62,0,1,100,0,240,720,32,64,0,-45,-60,0,1,30,0,192,592,32,64,0,-23,-100,0,0,100,0,0,64,32,48,0,26,-140,0,0,100,0,272,0,64,32,0,47,-124,0,0,100,0,160,32,32,16,0,4,-137,0,0,100,0,240,32,32,32,0,19,-120,0,0,100,0,224,0,16,48,0,-3,-87,0,0,100,0,240,0,32,32,0,0,-122,0,0,100,0,208,0,16,48,0,21,-121,0,0,100,0,224,64,32,48,0,64,-98,1,1,80,0,848,0,32,32,0,37,-122,0,0,100,0,320,64,48,48,0,31,-120,0,0,100,0,112,0,32,32,0,27,-110,0,0,100,0,176,112,32,64,0,11,-126,0,0,100,0,128,48,32,64,0,-5,-112,0,0,100,0,144,112,32,64,0,9,-113,0,0,100,0,48,48,16,16,0,-17,-124,0,0,100,0,32,368,32,48,0,17,-111,1,1,80,0,816,0,32,48,0,-12,-95,1,1,80,0,816,0,32,48,0,0,-117,0,0,100,0,48,0,32,48,0,-29,-141,0,0,100,0,144,0,64,32,0,-22,-121,0,0,100,0,112,32,48,16,0,32,-159,0,0,100,0,448,320,32,64,0,36,-107,1,1,80,0,848,0,32,32,0,-23,-8,0,0,100,0,672,128,48,16,0,
0,26,-19,-44,0,0,100,0,176,752,64,48,0,-46,-63,0,1,30,0,240,720,32,64,0,-23,-100,0,0,100,0,0,64,32,48,0,26,-140,0,0,100,0,272,0,64,32,0,47,-124,0,0,100,0,160,32,32,16,0,4,-137,0,0,100,0,240,32,32,32,0,19,-120,0,0,100,0,224,0,16,48,0,-3,-87,0,0,100,0,240,0,32,32,0,0,-122,0,0,100,0,208,0,16,48,0,21,-121,0,0,100,0,224,64,32,48,0,64,-98,1,1,80,0,848,32,32,32,0,37,-122,0,0,100,0,320,64,48,48,0,31,-120,0,0,100,0,112,0,32,32,0,27,-110,0,0,100,0,176,112,32,64,0,11,-126,0,0,100,0,128,48,32,64,0,-5,-112,0,0,100,0,144,112,32,64,0,9,-113,0,0,100,0,48,48,16,16,0,-17,-124,0,0,100,0,32,368,32,48,0,17,-111,1,1,80,0,816,48,32,48,0,-12,-95,1,1,80,0,816,48,32,48,0,0,-117,0,0,100,0,48,0,32,48,0,-29,-141,0,0,100,0,144,0,64,32,0,-22,-121,0,0,100,0,112,32,48,16,0,32,-159,0,0,100,0,448,320,32,64,0,36,-107,1,1,80,0,848,32,32,32,0,-23,-8,0,0,100,0,672,128,48,16,0,
0,25,-27,-58,0,0,100,0,0,800,48,64,0,-1,-97,1,0,100,0,0,64,32,48,0,26,-140,0,0,100,0,272,0,64,32,0,47,-124,0,0,100,0,160,32,32,16,0,4,-137,0,0,100,0,240,32,32,32,0,18,-122,0,0,100,0,160,592,32,48,0,-3,-87,0,0,100,0,240,0,32,32,0,-11,-123,0,0,100,0,128,592,32,48,0,21,-121,0,0,100,0,224,64,32,48,0,64,-98,1,1,80,0,848,0,32,32,0,37,-122,0,0,100,0,320,64,48,48,0,31,-120,0,0,100,0,112,0,32,32,0,27,-110,0,0,100,0,176,112,32,64,0,11,-126,0,0,100,0,128,48,32,64,0,-5,-112,0,0,100,0,144,112,32,64,0,9,-113,0,0,100,0,48,48,16,16,0,-17,-124,0,0,100,0,32,368,32,48,0,17,-111,1,1,80,0,816,0,32,48,0,-12,-95,1,1,80,0,816,0,32,48,0,0,-117,0,0,100,0,48,0,32,48,0,-29,-141,0,0,100,0,144,0,64,32,0,-22,-121,0,0,100,0,112,32,48,16,0,32,-159,0,0,100,0,448,320,32,64,0,36,-107,1,1,80,0,848,0,32,32,0,-28,-8,0,0,100,0,672,128,48,16,0,
0,25,-37,-99,0,0,100,0,48,800,48,64,0,30,-102,1,0,100,0,0,64,32,48,0,26,-140,0,0,100,0,272,0,64,32,0,47,-124,0,0,100,0,160,32,32,16,0,4,-137,0,0,100,0,240,32,32,32,0,22,-122,0,0,100,0,128,640,32,48,0,-3,-87,0,0,100,0,240,0,32,32,0,-14,-124,0,0,100,0,96,640,32,48,0,21,-121,0,0,100,0,224,64,32,48,0,64,-98,1,1,80,0,848,32,32,32,0,37,-122,0,0,100,0,320,64,48,48,0,31,-120,0,0,100,0,112,0,32,32,0,27,-110,0,0,100,0,176,112,32,64,0,11,-126,0,0,100,0,128,48,32,64,0,-5,-112,0,0,100,0,144,112,32,64,0,9,-113,0,0,100,0,48,48,16,16,0,-17,-124,0,0,100,0,32,368,32,48,0,17,-111,1,1,80,0,816,48,32,48,0,-12,-95,1,1,80,0,816,48,32,48,0,0,-117,0,0,100,0,48,0,32,48,0,-29,-141,0,0,100,0,144,0,64,32,0,-22,-121,0,0,100,0,112,32,48,16,0,32,-159,0,0,100,0,448,320,32,64,0,36,-107,1,1,80,0,848,32,32,32,0,-33,-8,0,0,30,0,672,128,48,16,0,
0,24,-32,-113,0,0,100,0,0,864,48,64,0,55,-108,1,0,100,0,0,64,32,48,0,26,-140,0,0,100,0,272,0,64,32,0,47,-124,0,0,100,0,160,32,32,16,0,4,-137,0,0,100,0,240,32,32,32,0,22,-122,0,0,100,0,128,640,32,48,0,-3,-87,0,0,100,0,96,560,32,32,0,-14,-124,0,0,100,0,96,640,32,48,0,21,-121,0,0,100,0,224,64,32,48,0,64,-98,1,1,80,0,848,0,32,32,0,37,-122,0,0,100,0,320,64,48,48,0,31,-120,0,0,100,0,112,0,32,32,0,27,-110,0,0,100,0,176,112,32,64,0,11,-126,0,0,100,0,128,48,32,64,0,-5,-112,0,0,100,0,144,112,32,64,0,9,-113,0,0,100,0,48,48,16,16,0,-17,-124,0,0,100,0,32,368,32,48,0,17,-111,1,1,80,0,816,0,32,48,0,-12,-95,1,1,80,0,816,0,32,48,0,0,-117,0,0,100,0,48,0,32,48,0,-29,-141,0,0,100,0,144,0,64,32,0,-22,-121,0,0,100,0,112,32,48,16,0,32,-159,0,0,100,0,448,320,32,64,0,36,-107,1,1,80,0,848,0,32,32,0,
0,24,-27,-122,0,0,100,0,96,800,48,64,0,26,-140,0,0,100,0,272,0,64,32,0,47,-124,0,0,100,0,160,32,32,16,0,4,-137,0,0,100,0,240,32,32,32,0,22,-122,0,0,100,0,128,640,32,48,0,-3,-87,0,0,100,0,96,592,32,32,0,-14,-124,0,0,100,0,96,640,32,48,0,21,-121,0,0,100,0,224,64,32,48,0,64,-98,1,1,80,0,848,32,32,32,0,37,-122,0,0,100,0,320,64,48,48,0,31,-120,0,0,100,0,112,0,32,32,0,27,-110,0,0,100,0,176,112,32,64,0,11,-126,0,0,100,0,128,48,32,64,0,-5,-112,0,0,100,0,144,112,32,64,0,9,-113,0,0,100,0,48,48,16,16,0,-17,-124,0,0,100,0,32,368,32,48,0,17,-111,1,1,80,0,816,48,32,48,0,-12,-95,1,1,80,0,816,48,32,48,0,0,-117,0,0,100,0,48,0,32,48,0,-29,-141,0,0,100,0,144,0,64,32,0,-22,-121,0,0,100,0,112,32,48,16,0,32,-159,0,0,100,0,448,320,32,64,0,36,-107,1,1,80,0,848,32,32,32,0,75,-125,1,0,100,0,0,64,32,48,0,
0,24,26,-140,0,0,100,0,272,0,64,32,0,47,-124,0,0,100,0,160,32,32,16,0,4,-137,0,0,100,0,240,32,32,32,0,22,-122,0,0,100,0,128,640,32,48,0,-3,-87,0,0,100,0,96,592,32,32,0,-19,-131,0,0,100,0,144,800,48,64,0,-14,-124,0,0,100,0,96,640,32,48,0,21,-121,0,0,100,0,224,64,32,48,0,64,-98,1,1,80,0,848,0,32,32,0,37,-122,0,0,100,0,320,64,48,48,0,31,-120,0,0,100,0,112,0,32,32,0,27,-110,0,0,100,0,176,112,32,64,0,11,-126,0,0,100,0,128,48,32,64,0,-5,-112,0,0,100,0,144,112,32,64,0,9,-113,0,0,100,0,48,48,16,16,0,-17,-124,0,0,100,0,32,368,32,48,0,17,-111,1,1,80,0,816,0,32,48,0,-12,-95,1,1,80,0,816,0,32,48,0,0,-117,0,0,100,0,48,0,32,48,0,-29,-141,0,0,100,0,144,0,64,32,0,-22,-121,0,0,100,0,112,32,48,16,0,32,-159,0,0,100,0,448,320,32,64,0,36,-107,1,1,80,0,848,0,32,32,0,55,-142,0,0,100,0,0,64,32,48,0,
0,24,26,-140,0,0,100,0,272,0,64,32,0,47,-124,0,0,100,0,160,32,32,16,0,4,-137,0,0,100,0,240,32,32,32,0,22,-122,0,0,100,0,128,640,32,48,0,-3,-87,0,0,100,0,96,592,32,32,0,-1,-121,0,0,100,0,96,496,32,64,0,-14,-124,0,0,100,0,96,640,32,48,0,21,-121,0,0,100,0,224,64,32,48,0,64,-98,1,1,80,0,848,32,32,32,0,37,-122,0,0,100,0,320,64,48,48,0,31,-120,0,0,100,0,112,0,32,32,0,27,-110,0,0,100,0,176,112,32,64,0,11,-126,0,0,100,0,128,48,32,64,0,-5,-112,0,0,100,0,144,112,32,64,0,9,-113,0,0,100,0,48,48,16,16,0,-17,-124,0,0,100,0,32,368,32,48,0,17,-111,1,1,80,0,816,48,32,48,0,-12,-95,1,1,80,0,816,48,32,48,0,0,-117,0,0,100,0,48,0,32,48,0,-29,-141,0,0,100,0,144,0,64,32,0,-22,-121,0,0,100,0,112,32,48,16,0,32,-159,0,0,100,0,448,320,32,64,0,36,-107,1,1,80,0,848,32,32,32,0,32,-142,0,0,100,0,0,64,32,48,0,
0,24,26,-140,0,0,100,0,272,0,64,32,0,47,-124,0,0,100,0,160,32,32,16,0,4,-137,0,0,100,0,240,32,32,32,0,18,-122,0,0,100,0,160,592,32,48,0,-3,-87,0,0,100,0,96,560,32,32,0,-8,-126,0,0,100,0,0,0,48,64,0,-11,-123,0,0,100,0,128,592,32,48,0,21,-121,0,0,100,0,224,64,32,48,0,64,-98,1,1,80,0,848,0,32,32,0,37,-122,0,0,100,0,320,64,48,48,0,31,-120,0,0,100,0,112,0,32,32,0,27,-110,0,0,100,0,176,112,32,64,0,11,-126,0,0,100,0,128,48,32,64,0,-5,-112,0,0,100,0,144,112,32,64,0,9,-113,0,0,100,0,48,48,16,16,0,-17,-124,0,0,100,0,32,368,32,48,0,17,-111,1,1,80,0,816,0,32,48,0,-12,-95,1,1,80,0,816,0,32,48,0,0,-117,0,0,100,0,48,0,32,48,0,-29,-141,0,0,100,0,144,0,64,32,0,-22,-121,0,0,100,0,112,32,48,16,0,32,-159,0,0,100,0,448,320,32,64,0,36,-107,1,1,80,0,848,0,32,32,0,14,-135,0,0,100,0,0,64,32,48,0,
0,24,25,-138,0,0,100,0,272,0,64,32,0,46,-122,0,0,100,0,160,32,32,16,0,3,-135,0,0,100,0,240,32,32,32,0,18,-118,0,0,100,0,224,0,16,48,0,-4,-85,0,0,100,0,240,0,32,32,0,-9,-124,0,0,100,0,0,0,48,64,0,-1,-120,0,0,100,0,208,0,16,48,0,20,-119,0,0,100,0,224,64,32,48,0,63,-96,1,1,80,0,848,32,32,32,0,36,-120,0,0,100,0,320,64,48,48,0,30,-118,0,0,100,0,112,0,32,32,0,26,-108,0,0,100,0,176,112,32,64,0,10,-124,0,0,100,0,128,48,32,64,0,-6,-110,0,0,100,0,144,112,32,64,0,8,-111,0,0,100,0,48,48,16,16,0,-18,-122,0,0,100,0,32,368,32,48,0,16,-109,1,1,80,0,816,48,32,48,0,-13,-93,1,1,80,0,816,48,32,48,0,-1,-115,0,0,100,0,48,0,32,48,0,-30,-139,0,0,100,0,144,0,64,32,0,-23,-119,0,0,100,0,112,32,48,16,0,31,-157,0,0,100,0,448,320,32,64,0,35,-105,1,1,80,0,848,32,32,32,0,13,-133,0,0,100,0,0,64,32,48,0,
0,24,20,-127,0,0,100,0,272,0,64,32,0,41,-111,0,0,100,0,160,32,32,16,0,-2,-124,0,0,100,0,240,32,32,32,0,13,-107,0,0,100,0,224,0,16,48,0,-9,-74,0,0,100,0,240,0,32,32,0,-14,-113,0,0,100,0,0,0,48,64,0,-6,-109,0,0,100,0,208,0,16,48,0,15,-108,0,0,100,0,224,64,32,48,0,58,-85,1,1,80,0,848,32,32,32,0,31,-109,0,0,100,0,320,64,48,48,0,25,-107,0,0,100,0,112,0,32,32,0,21,-97,0,0,100,0,176,112,32,64,0,5,-113,0,0,100,0,128,48,32,64,0,-11,-99,0,0,100,0,144,112,32,64,0,3,-100,0,0,100,0,48,48,16,16,0,-23,-111,0,0,100,0,32,368,32,48,0,11,-98,1,1,80,0,816,48,32,48,0,-18,-82,1,1,80,0,816,48,32,48,0,-6,-104,0,0,100,0,48,0,32,48,0,-35,-128,0,0,100,0,144,0,64,32,0,-28,-108,0,0,100,0,112,32,48,16,0,26,-146,0,0,100,0,448,320,32,64,0,30,-94,1,1,80,0,848,32,32,32,0,9,-122,0,0,100,0,0,64,32,48,0,
0,24,7,-110,0,0,100,0,272,0,64,32,0,28,-94,0,0,100,0,160,32,32,16,0,-15,-107,0,0,100,0,240,32,32,32,0,0,-90,0,0,100,0,224,0,16,48,0,-22,-57,0,0,100,0,240,0,32,32,0,-27,-96,0,0,100,0,0,0,48,64,0,-19,-92,0,0,100,0,208,0,16,48,0,2,-91,0,0,100,0,224,64,32,48,0,45,-68,1,1,80,0,848,32,32,32,0,18,-92,0,0,100,0,320,64,48,48,0,12,-90,0,0,100,0,112,0,32,32,0,8,-80,0,0,100,0,176,112,32,64,0,-8,-96,0,0,100,0,128,48,32,64,0,-24,-82,0,0,100,0,144,112,32,64,0,-10,-83,0,0,100,0,48,48,16,16,0,-36,-94,0,0,100,0,32,368,32,48,0,-2,-81,1,1,80,0,816,48,32,48,0,-31,-65,1,1,80,0,816,48,32,48,0,-19,-87,0,0,100,0,48,0,32,48,0,-48,-111,0,0,100,0,144,0,64,32,0,-41,-91,0,0,100,0,112,32,48,16,0,13,-129,0,0,100,0,448,320,32,64,0,17,-77,1,1,80,0,848,32,32,32,0,-4,-105,0,0,100,0,0,64,32,48,0,
0,24,4,-106,0,0,100,0,272,0,64,32,0,25,-90,0,0,100,0,160,32,32,16,0,-18,-103,0,0,100,0,240,32,32,32,0,-3,-86,0,0,100,0,224,0,16,48,0,-25,-53,0,0,100,0,240,0,32,32,0,-30,-92,0,0,100,0,0,0,48,64,0,-22,-88,0,0,100,0,208,0,16,48,0,-1,-87,0,0,100,0,224,64,32,48,0,42,-64,1,1,80,0,848,0,32,32,0,15,-88,0,0,100,0,320,64,48,48,0,9,-86,0,0,100,0,112,0,32,32,0,5,-76,0,0,100,0,176,112,32,64,0,-11,-92,0,0,100,0,128,48,32,64,0,-27,-78,0,0,100,0,144,112,32,64,0,-13,-79,0,0,100,0,48,48,16,16,0,-39,-90,0,0,100,0,32,368,32,48,0,-5,-77,1,1,80,0,816,0,32,48,0,-34,-61,1,1,80,0,816,0,32,48,0,-22,-83,0,0,100,0,48,0,32,48,0,-51,-107,0,0,100,0,144,0,64,32,0,-44,-87,0,0,100,0,112,32,48,16,0,15,-110,0,0,100,0,128,336,48,32,0,14,-73,1,1,80,0,848,0,32,32,0,-7,-101,0,0,100,0,0,64,32,48,0,
0,24,4,-105,0,0,100,0,272,0,64,32,0,25,-89,0,0,100,0,160,32,32,16,0,-18,-102,0,0,100,0,240,32,32,32,0,-3,-85,0,0,100,0,224,0,16,48,0,-25,-52,0,0,100,0,240,0,32,32,0,-30,-91,0,0,100,0,0,0,48,64,0,-22,-87,0,0,100,0,208,0,16,48,0,-1,-86,0,0,100,0,224,64,32,48,0,42,-63,1,1,80,0,848,32,32,32,0,15,-87,0,0,100,0,320,64,48,48,0,9,-85,0,0,100,0,112,0,32,32,0,3,-74,0,0,100,0,160,48,32,64,0,-11,-91,0,0,100,0,128,48,32,64,0,-31,-77,0,0,100,0,96,48,32,64,0,-13,-78,0,0,100,0,48,48,16,16,0,-39,-89,0,0,100,0,32,368,32,48,0,-5,-76,1,1,80,0,816,48,32,48,0,-34,-60,1,1,80,0,816,48,32,48,0,-22,-82,0,0,100,0,48,0,32,48,0,-51,-106,0,0,100,0,144,0,64,32,0,-44,-86,0,0,100,0,112,32,48,16,0,7,-90,0,0,100,0,272,288,64,16,0,14,-72,1,1,80,0,848,32,32,32,0,-7,-100,0,0,100,0,0,64,32,48,0,
0,28,-40,-39,0,1,20,0,912,208,80,48,0,-54,-65,0,1,20,0,880,80,112,80,0,4,-103,0,0,100,0,272,0,64,32,0,25,-87,0,0,100,0,160,32,32,16,0,-18,-100,0,0,100,0,240,32,32,32,0,-3,-83,0,0,100,0,224,0,16,48,0,-25,-50,0,0,100,0,240,0,32,32,0,-30,-89,0,0,100,0,0,0,48,64,0,-22,-85,0,0,100,0,208,0,16,48,0,-1,-84,0,0,100,0,224,64,32,48,0,20,-56,0,1,80,0,816,0,32,48,0,17,-80,0,0,100,0,192,64,32,48,0,9,-83,0,0,100,0,112,0,32,32,0,3,-73,0,0,100,0,160,48,32,64,0,-11,-89,0,0,100,0,128,48,32,64,0,-31,-75,0,0,100,0,96,48,32,64,0,-13,-76,0,0,100,0,48,48,16,16,0,-39,-90,0,0,100,0,80,0,32,48,0,-47,-64,1,0,100,0,208,112,32,64,0,-49,-58,0,1,80,0,848,0,32,32,0,-35,-81,0,0,100,0,48,0,32,48,0,-51,-104,0,0,100,0,144,0,64,32,0,-44,-84,0,0,100,0,112,32,48,16,0,7,-71,0,1,80,0,816,0,32,48,0,-7,-98,0,0,100,0,0,64,32,48,0,-46,-23,0,1,30,0,688,1120,96,48,0,-46,-23,0,1,20,0,592,1072,96,48,0,-47,-15,0,0,20,0,896,48,96,32,0,
0,28,-40,-39,0,1,50,0,912,256,80,48,0,-54,-65,0,1,30,0,880,80,112,80,0,5,-97,0,0,100,0,272,0,64,32,0,26,-81,0,0,100,0,160,32,32,16,0,-17,-94,0,0,100,0,240,32,32,32,0,-2,-77,0,0,100,0,224,0,16,48,0,-24,-44,0,0,100,0,240,0,32,32,0,-29,-83,0,0,100,0,0,0,48,64,0,-21,-79,0,0,100,0,208,0,16,48,0,0,-78,0,0,100,0,224,64,32,48,0,21,-50,0,1,80,0,816,0,32,48,0,18,-74,0,0,100,0,192,64,32,48,0,10,-77,0,0,100,0,112,0,32,32,0,4,-67,0,0,100,0,160,48,32,64,0,-10,-83,0,0,100,0,128,48,32,64,0,-30,-69,0,0,100,0,96,48,32,64,0,-12,-70,0,0,100,0,48,48,16,16,0,-38,-84,0,0,100,0,80,0,32,48,0,-74,-55,0,0,100,0,32,64,64,48,0,-48,-52,0,1,80,0,848,0,32,32,0,-34,-75,0,0,100,0,48,0,32,48,0,-50,-98,0,0,100,0,144,0,64,32,0,-43,-78,0,0,100,0,112,32,48,16,0,8,-65,0,1,80,0,816,0,32,48,0,-6,-92,0,0,100,0,0,64,32,48,0,-46,-23,0,1,50,0,688,1168,96,48,0,-46,-23,0,1,40,0,592,1072,96,48,0,-47,-15,0,0,70,0,896,48,96,32,0,
0,28,-40,-39,0,1,70,0,912,304,80,48,0,-54,-65,0,1,50,0,880,80,112,80,0,5,-93,0,0,100,0,272,0,64,32,0,26,-77,0,0,100,0,160,32,32,16,0,-17,-90,0,0,100,0,240,32,32,32,0,-2,-73,0,0,100,0,224,0,16,48,0,-24,-40,0,0,100,0,240,0,32,32,0,-29,-79,0,0,100,0,0,0,48,64,0,-21,-75,0,0,100,0,208,0,16,48,0,0,-74,0,0,100,0,224,64,32,48,0,21,-46,0,1,80,0,816,48,32,48,0,18,-70,0,0,100,0,192,64,32,48,0,10,-73,0,0,100,0,112,0,32,32,0,4,-63,0,0,100,0,160,48,32,64,0,-10,-79,0,0,100,0,128,48,32,64,0,-30,-65,0,0,100,0,96,48,32,64,0,-12,-66,0,0,100,0,48,48,16,16,0,-38,-80,0,0,100,0,80,0,32,48,0,-74,-51,0,0,100,0,32,64,64,48,0,-48,-48,0,1,80,0,848,32,32,32,0,-34,-71,0,0,100,0,48,0,32,48,0,-50,-94,0,0,100,0,144,0,64,32,0,-43,-74,0,0,100,0,112,32,48,16,0,8,-61,0,1,80,0,816,48,32,48,0,-6,-88,0,0,100,0,0,64,32,48,0,-46,-23,0,1,70,0,688,1168,96,48,0,-46,-23,0,1,60,0,592,1072,96,48,0,-47,-15,0,0,70,0,896,48,96,32,0,
