0,7,-40,-16,0,1,100,0,752,168,80,32,0,-40,-16,0,0,50,0,752,200,80,32,0,8,-40,0,1,100,0,720,128,32,40,0,-40,-40,0,1,100,0,592,128,32,40,0,-48,-64,0,0,100,0,0,0,96,72,0,-40,-48,0,1,100,0,432,168,80,64,0,-24,-8,0,0,65,0,384,0,48,16,0,
0,7,-40,-16,0,1,80,0,752,168,80,32,0,-40,-16,0,0,50,0,752,200,80,32,0,8,-40,0,1,100,0,752,128,32,40,0,-40,-40,0,1,100,0,624,128,32,40,0,-48,-64,0,0,100,0,96,0,96,72,0,-40,-48,0,1,100,0,512,168,80,64,0,-24,-8,0,0,65,0,384,0,48,16,0,
0,7,-40,-16,0,1,60,0,752,168,80,32,0,-40,-16,0,0,50,0,752,200,80,32,0,8,-40,0,1,100,0,784,128,32,40,0,-40,-40,0,1,100,0,656,128,32,40,0,-48,-64,0,0,100,0,192,0,96,72,0,-40,-48,0,1,100,0,592,168,80,64,0,-24,-8,0,0,65,0,384,0,48,16,0,
0,7,-40,-16,0,1,80,0,752,168,80,32,0,-40,-16,0,0,50,0,752,200,80,32,0,8,-40,0,1,100,0,816,128,32,40,0,-40,-40,0,1,100,0,688,128,32,40,0,-48,-64,0,0,100,0,288,0,96,72,0,-40,-48,0,1,100,0,672,168,80,64,0,-24,-8,0,0,65,0,384,0,48,16,0,
0,7,-40,-16,0,1,100,0,752,168,80,32,0,-40,-16,0,0,50,0,752,200,80,32,0,8,-40,0,1,100,0,720,128,32,40,0,-40,-40,0,1,100,0,592,128,32,40,0,-48,-64,0,0,100,0,0,72,96,72,0,-40,-48,0,1,100,0,432,168,80,64,0,-24,-8,0,0,65,0,384,0,48,16,0,
0,7,-40,-16,0,1,80,0,752,168,80,32,0,-40,-16,0,0,50,0,752,200,80,32,0,8,-40,0,1,100,0,752,128,32,40,0,-40,-40,0,1,100,0,624,128,32,40,0,-48,-64,0,0,100,0,96,72,96,72,0,-40,-48,0,1,100,0,512,168,80,64,0,-24,-8,0,0,65,0,384,0,48,16,0,
0,7,-40,-16,0,1,60,0,752,168,80,32,0,-40,-16,0,0,50,0,752,200,80,32,0,8,-40,0,1,100,0,784,128,32,40,0,-40,-40,0,1,100,0,656,128,32,40,0,-48,-64,0,0,100,0,192,72,96,72,0,-40,-48,0,1,100,0,592,168,80,64,0,-24,-8,0,0,65,0,384,0,48,16,0,
0,7,-40,-16,0,1,80,0,752,168,80,32,0,-40,-16,0,0,50,0,752,200,80,32,0,8,-40,0,1,100,0,816,128,32,40,0,-40,-40,0,1,100,0,688,128,32,40,0,-48,-64,0,0,100,0,288,72,96,72,0,-40,-48,0,1,100,0,672,168,80,64,0,-24,-8,0,0,65,0,384,0,48,16,0,
0,2,-40,-64,0,0,100,0,384,232,88,72,0,-24,-8,0,0,65,0,384,0,48,16,0,
0,1,-40,-64,0,0,100,0,384,232,88,72,0,
0,2,-48,-48,0,0,100,0,472,232,96,72,0,-24,-8,0,0,65,0,384,0,48,16,0,
0,2,-44,-48,0,0,100,0,568,232,96,72,0,-32,-8,0,0,65,0,944,48,64,16,0,
0,8,-10,-56,0,1,100,0,432,128,40,40,0,-40,-16,0,1,100,0,752,168,80,32,0,-40,-16,0,0,50,0,752,200,80,32,0,8,-40,0,1,100,0,720,128,32,40,0,-40,-40,0,1,100,0,592,128,32,40,0,-48,-72,0,0,100,0,0,144,96,80,0,-40,-48,0,1,100,0,432,168,80,64,0,-24,-8,0,0,65,0,384,0,48,16,0,
0,8,-10,-56,0,1,100,0,472,128,40,40,0,-40,-16,0,1,80,0,752,168,80,32,0,-40,-16,0,0,50,0,752,200,80,32,0,8,-40,0,1,100,0,752,128,32,40,0,-40,-40,0,1,100,0,624,128,32,40,0,-48,-72,0,0,100,0,96,144,96,80,0,-40,-48,0,1,100,0,512,168,80,64,0,-24,-8,0,0,65,0,384,0,48,16,0,
0,8,-10,-56,0,1,100,0,512,128,40,40,0,-40,-16,0,1,60,0,752,168,80,32,0,-40,-16,0,0,50,0,752,200,80,32,0,8,-40,0,1,100,0,784,128,32,40,0,-40,-40,0,1,100,0,656,128,32,40,0,-48,-72,0,0,100,0,192,144,96,80,0,-40,-48,0,1,100,0,592,168,80,64,0,-24,-8,0,0,65,0,384,0,48,16,0,
0,8,-10,-56,0,1,100,0,552,128,40,40,0,-40,-16,0,1,80,0,752,168,80,32,0,-40,-16,0,0,50,0,752,200,80,32,0,8,-40,0,1,100,0,816,128,32,40,0,-40,-40,0,1,100,0,688,128,32,40,0,-48,-72,0,0,100,0,288,144,96,80,0,-40,-48,0,1,100,0,672,168,80,64,0,-24,-8,0,0,65,0,384,0,48,16,0,
0,8,-32,-88,0,1,100,0,552,128,40,40,0,-40,-16,0,1,100,0,752,168,80,32,0,-40,-16,0,0,50,0,752,200,80,32,0,8,-40,0,1,100,0,720,128,32,40,0,-40,-40,0,1,100,0,592,128,32,40,0,-48,-88,0,0,100,0,0,224,96,96,0,-40,-48,0,1,100,0,432,168,80,64,0,-24,-8,0,0,65,0,384,0,48,16,0,
0,8,-32,-88,0,1,100,0,512,128,40,40,0,-40,-16,0,1,80,0,752,168,80,32,0,-40,-16,0,0,50,0,752,200,80,32,0,8,-40,0,1,100,0,752,128,32,40,0,-40,-40,0,1,100,0,624,128,32,40,0,-48,-88,0,0,100,0,96,224,96,96,0,-40,-48,0,1,100,0,512,168,80,64,0,-24,-8,0,0,65,0,384,0,48,16,0,
0,8,-32,-88,0,1,100,0,472,128,40,40,0,-40,-16,0,1,60,0,752,168,80,32,0,-40,-16,0,0,50,0,752,200,80,32,0,8,-40,0,1,100,0,784,128,32,40,0,-40,-40,0,1,100,0,656,128,32,40,0,-48,-88,0,0,100,0,192,224,96,96,0,-40,-48,0,1,100,0,592,168,80,64,0,-24,-8,0,0,65,0,384,0,48,16,0,
0,8,-32,-88,0,1,100,0,432,128,40,40,0,-40,-16,0,1,80,0,752,168,80,32,0,-40,-16,0,0,50,0,752,200,80,32,0,8,-40,0,1,100,0,816,128,32,40,0,-40,-40,0,1,100,0,688,128,32,40,0,-48,-88,0,0,100,0,288,224,96,96,0,-40,-48,0,1,100,0,672,168,80,64,0,-24,-8,0,0,65,0,384,0,48,16,0,
0,2,-56,-80,0,0,100,0,0,320,96,88,0,-30,-8,0,0,65,0,384,0,48,16,0,
0,2,-56,-80,0,0,100,0,96,320,96,88,0,-32,-8,0,0,65,0,384,0,48,16,0,
0,3,-28,-87,2,1,50,0,888,128,40,40,0,-56,-88,0,0,100,0,192,320,96,96,0,-33,-8,0,0,65,0,384,0,48,16,0,
0,3,-11,-70,3,1,100,0,848,128,40,40,0,-56,-88,0,0,100,0,288,320,96,96,0,-34,-8,0,0,65,0,384,0,48,16,0,
0,3,1,-55,1,1,100,0,888,128,40,40,0,-56,-72,0,0,100,0,384,336,96,80,0,-31,-8,0,0,65,0,384,0,48,16,0,
0,3,5,-40,2,1,100,0,848,128,40,40,0,-48,-64,0,0,100,0,480,344,96,72,0,-26,-8,0,0,65,0,384,0,48,16,0,
0,3,16,-43,2,1,100,0,888,128,40,40,0,-48,-64,0,0,100,0,576,344,104,72,0,-24,-8,0,0,65,0,384,0,48,16,0,
0,3,16,-56,0,1,100,0,848,128,40,40,0,-48,-64,0,0,100,0,680,344,104,72,0,-23,-8,0,0,65,0,384,0,48,16,0,
0,3,11,-71,0,1,100,0,888,128,40,40,0,-48,-64,0,0,100,0,784,344,104,72,0,-22,-8,0,0,65,0,384,0,48,16,0,
0,3,11,-72,0,1,100,0,848,128,40,40,0,-48,-64,0,0,100,0,888,344,104,72,0,-22,-8,0,0,65,0,384,0,48,16,0,
0,4,-12,-52,0,1,100,0,1152,168,56,56,0,-4,-44,3,1,100,0,888,128,40,40,0,-56,-64,0,0,100,0,992,344,96,72,0,-33,-8,0,0,65,0,384,0,48,16,0,
0,6,-112,-64,0,1,100,0,1240,168,16,16,0,-120,-64,0,1,100,0,944,88,64,80,0,-120,-56,0,1,100,0,832,168,64,64,0,-56,-64,0,0,100,0,1088,344,88,72,0,-15,-73,0,1,80,0,1152,168,56,56,0,-39,-8,0,0,65,0,384,0,48,16,0,
0,7,-80,-8,0,1,100,0,1240,168,16,16,0,-120,-72,0,1,100,0,1208,168,32,32,0,-120,-64,0,1,100,0,1008,88,64,80,0,-120,-56,0,1,100,0,896,168,64,64,0,-56,-64,0,0,100,0,1088,344,88,72,0,-15,-73,0,1,80,0,1152,168,56,56,0,-39,-8,0,0,65,0,384,0,48,16,0,
0,9,-128,-16,0,1,100,0,1240,168,16,16,0,-88,-16,0,1,100,0,1208,168,32,32,0,-112,-64,0,1,100,0,1240,184,16,16,0,-128,-80,0,1,100,0,1256,168,48,48,0,-120,-64,0,1,100,0,1072,88,64,80,0,-120,-56,0,1,100,0,960,168,64,64,0,-56,-64,0,0,100,0,1176,344,88,72,0,-15,-73,0,1,60,0,1152,168,56,56,0,-40,-8,0,0,65,0,384,0,48,16,0,
0,10,-136,-24,0,1,100,0,1208,168,32,32,0,-80,-8,0,1,100,0,1240,184,16,16,0,-96,-24,0,1,100,0,1256,168,48,48,0,-116,-68,0,1,100,0,1208,200,24,24,0,-128,-80,0,1,100,0,1304,168,48,48,0,-120,-64,0,1,100,0,1136,88,64,80,0,-120,-56,0,1,100,0,1024,168,64,64,0,-56,-64,0,0,100,0,1176,344,88,72,0,-15,-73,0,1,60,0,1152,168,56,56,0,-40,-8,0,0,65,0,384,0,48,16,0,
0,10,-128,-16,0,1,100,0,1240,184,16,16,0,-144,-32,0,1,100,0,1256,168,48,48,0,-84,-12,0,1,100,0,1208,200,24,24,0,-96,-24,0,1,100,0,1304,168,48,48,0,-128,-80,0,1,100,0,1352,168,48,48,0,-120,-64,0,1,100,0,1200,88,64,80,0,-120,-56,0,1,100,0,1088,168,64,64,0,-56,-64,0,0,100,0,1264,344,88,72,0,-15,-73,0,1,40,0,1152,168,56,56,0,-41,-8,0,0,65,0,384,0,48,16,0,
0,9,-132,-20,0,1,100,0,1208,200,24,24,0,-144,-32,0,1,100,0,1304,168,48,48,0,-96,-24,0,1,100,0,1352,168,48,48,0,-128,-80,0,1,100,0,1304,168,48,48,0,-120,-64,0,1,50,0,1200,88,64,80,0,-120,-56,0,1,50,0,1088,168,64,64,0,-56,-64,0,0,100,0,1264,344,88,72,0,-15,-73,0,1,40,0,1152,168,56,56,0,-41,-8,0,0,65,0,384,0,48,16,0,
0,5,-144,-32,0,1,100,0,1352,168,48,48,0,-96,-24,0,1,100,0,1304,168,48,48,0,-56,-64,0,0,100,0,1352,344,88,72,0,-15,-73,0,1,20,0,1152,168,56,56,0,-41,-8,0,0,65,0,384,0,48,16,0,
0,3,-144,-32,0,1,100,0,1304,168,48,48,0,-64,-72,0,0,100,0,1440,336,96,80,0,-40,-8,0,0,65,0,384,0,48,16,0,
0,2,-56,-64,0,0,100,0,0,408,96,72,0,-35,-8,0,0,65,0,384,0,48,16,0,
0,7,-40,-16,0,1,50,0,752,168,80,32,0,-40,-16,0,0,20,0,752,200,80,32,0,8,-40,0,1,50,0,720,128,32,40,0,-40,-40,0,1,50,0,592,128,32,40,0,-48,-64,0,0,100,0,288,0,96,72,0,-40,-48,0,1,50,0,432,168,80,64,0,-24,-8,0,0,65,0,384,0,48,16,0,
0,7,-40,-16,0,1,100,0,752,168,80,32,0,-40,-16,0,0,50,0,752,200,80,32,0,8,-40,0,1,100,0,720,128,32,40,0,-40,-40,0,1,100,0,592,128,32,40,0,-48,-64,0,0,100,0,96,408,96,72,0,-40,-48,0,1,100,0,432,168,80,64,0,-24,-8,0,0,65,0,384,0,48,16,0,
0,7,-40,-16,0,1,80,0,752,168,80,32,0,-40,-16,0,0,50,0,752,200,80,32,0,8,-40,0,1,100,0,752,128,32,40,0,-40,-40,0,1,100,0,624,128,32,40,0,-48,-64,0,0,100,0,192,416,96,72,0,-40,-48,0,1,100,0,512,168,80,64,0,-24,-8,0,0,65,0,384,0,48,16,0,
0,7,-40,-16,0,1,60,0,752,168,80,32,0,-40,-16,0,0,50,0,752,200,80,32,0,8,-40,0,1,100,0,784,128,32,40,0,-40,-40,0,1,100,0,656,128,32,40,0,-48,-72,0,0,100,0,288,416,96,80,0,-40,-48,0,1,100,0,592,168,80,64,0,-24,-8,0,0,65,0,384,0,48,16,0,
0,7,-40,-16,0,1,80,0,752,168,80,32,0,-40,-16,0,0,50,0,752,200,80,32,0,8,-40,0,1,100,0,816,128,32,40,0,-40,-40,0,1,100,0,688,128,32,40,0,-48,-72,0,0,100,0,384,416,96,80,0,-40,-48,0,1,100,0,672,168,80,64,0,-24,-8,0,0,65,0,384,0,48,16,0,
0,7,-40,-16,0,1,100,0,752,168,80,32,0,-40,-16,0,0,50,0,752,200,80,32,0,8,-40,0,1,100,0,720,128,32,40,0,-40,-40,0,1,100,0,592,128,32,40,0,-48,-72,0,0,100,0,480,416,96,80,0,-40,-48,0,1,100,0,432,168,80,64,0,-24,-8,0,0,65,0,384,0,48,16,0,
0,7,-40,-16,0,1,80,0,752,168,80,32,0,-40,-16,0,0,50,0,752,200,80,32,0,8,-40,0,1,100,0,752,128,32,40,0,-40,-40,0,1,100,0,624,128,32,40,0,-48,-72,0,0,100,0,576,416,96,80,0,-40,-48,0,1,100,0,512,168,80,64,0,-24,-8,0,0,65,0,384,0,48,16,0,
0,7,-40,-16,0,1,60,0,752,168,80,32,0,-40,-16,0,0,50,0,752,200,80,32,0,8,-40,0,1,100,0,784,128,32,40,0,-40,-40,0,1,100,0,656,128,32,40,0,-48,-72,0,0,100,0,672,416,96,80,0,-40,-48,0,1,100,0,592,168,80,64,0,-24,-8,0,0,65,0,384,0,48,16,0,
0,7,-40,-16,0,1,80,0,752,168,80,32,0,-40,-16,0,0,50,0,752,200,80,32,0,8,-40,0,1,100,0,816,128,32,40,0,-40,-40,0,1,100,0,688,128,32,40,0,-48,-72,0,0,100,0,768,416,96,80,0,-40,-48,0,1,100,0,672,168,80,64,0,-24,-8,0,0,65,0,384,0,48,16,0,
0,7,-40,-16,0,1,100,0,752,168,80,32,0,-40,-16,0,0,50,0,752,200,80,32,0,8,-40,0,1,100,0,720,128,32,40,0,-40,-40,0,1,100,0,592,128,32,40,0,-48,-72,0,0,100,0,864,416,96,80,0,-40,-48,0,1,100,0,432,168,80,64,0,-24,-8,0,0,65,0,384,0,48,16,0,
0,7,-40,-16,0,1,80,0,752,168,80,32,0,-40,-16,0,0,50,0,752,200,80,32,0,8,-40,0,1,100,0,752,128,32,40,0,-40,-40,0,1,100,0,624,128,32,40,0,-48,-88,0,0,100,0,960,416,96,96,0,-40,-48,0,1,100,0,512,168,80,64,0,-24,-8,0,0,65,0,384,0,48,16,0,
0,11,-124,-182,0,1,100,0,1376,416,224,224,0,-64,-122,0,1,100,0,664,232,104,104,0,-104,-82,0,1,50,0,944,0,184,24,0,-104,-82,0,1,50,0,944,0,184,24,0,-40,-16,0,1,60,0,752,168,80,32,0,-40,-16,0,0,50,0,752,200,80,32,0,8,-40,0,1,100,0,784,128,32,40,0,-40,-40,0,1,100,0,656,128,32,40,0,-48,-88,0,0,100,0,1056,416,96,96,0,-40,-48,0,1,100,0,592,168,80,64,0,-24,-8,0,0,65,0,384,0,48,16,0,
0,10,-124,-182,0,1,100,0,1376,640,224,224,0,-80,-138,0,1,100,0,1264,0,136,136,0,-104,-82,0,1,70,0,944,0,184,24,0,-40,-16,0,1,80,0,752,168,80,32,0,-40,-16,0,0,50,0,752,200,80,32,0,8,-40,0,1,100,0,816,128,32,40,0,-40,-40,0,1,100,0,688,128,32,40,0,-48,-88,0,0,100,0,0,496,96,96,0,-40,-48,0,1,100,0,672,168,80,64,0,-24,-8,0,0,65,0,384,0,48,16,0,
0,10,-124,-182,0,1,100,0,1376,864,224,224,0,-80,-138,0,1,100,0,1400,0,136,136,0,-104,-82,0,1,80,0,944,0,184,24,0,-40,-16,0,1,100,0,752,168,80,32,0,-40,-16,0,0,50,0,752,200,80,32,0,8,-40,0,1,100,0,720,128,32,40,0,-40,-40,0,1,100,0,592,128,32,40,0,-48,-88,0,0,100,0,96,496,96,96,0,-40,-48,0,1,100,0,432,168,80,64,0,-24,-8,0,0,65,0,384,0,48,16,0,
0,9,-124,-182,0,1,50,0,1376,864,224,224,0,-104,-82,0,1,100,0,944,0,184,24,0,-40,-16,0,1,80,0,752,168,80,32,0,-40,-16,0,0,50,0,752,200,80,32,0,8,-40,0,1,100,0,752,128,32,40,0,-40,-40,0,1,100,0,624,128,32,40,0,-48,-88,0,0,100,0,192,496,96,96,0,-40,-48,0,1,100,0,512,168,80,64,0,-24,-8,0,0,65,0,384,0,48,16,0,
0,12,-24,-104,1,1,100,0,1232,232,48,48,0,-8,-112,1,1,100,0,1184,232,48,48,0,-48,-104,0,1,100,0,1232,232,48,48,0,-64,-112,0,1,100,0,1184,232,48,48,0,-104,-82,0,1,100,0,944,0,184,24,0,-40,-16,0,1,60,0,752,168,80,32,0,-40,-16,0,0,50,0,752,200,80,32,0,8,-40,0,1,100,0,784,128,32,40,0,-40,-40,0,1,100,0,656,128,32,40,0,-48,-88,0,0,100,0,288,496,96,96,0,-40,-48,0,1,100,0,592,168,80,64,0,-24,-8,0,0,65,0,384,0,48,16,0,
0,12,-40,-144,1,1,100,0,1080,232,104,104,0,-16,-144,1,1,100,0,976,232,104,104,0,-80,-144,0,1,100,0,1080,232,104,104,0,-104,-144,0,1,100,0,976,232,104,104,0,-104,-82,0,1,100,0,944,0,184,24,0,-40,-16,0,1,80,0,752,168,80,32,0,-40,-16,0,0,50,0,752,200,80,32,0,8,-40,0,1,100,0,816,128,32,40,0,-40,-40,0,1,100,0,688,128,32,40,0,-48,-88,0,0,100,0,0,496,96,96,0,-40,-48,0,1,100,0,672,168,80,64,0,-24,-8,0,0,65,0,384,0,48,16,0,
0,17,-40,-146,1,1,30,0,1080,232,104,104,0,-16,-146,1,1,30,0,976,232,104,104,0,-80,-146,0,1,30,0,1080,232,104,104,0,-104,-146,0,1,30,0,976,232,104,104,0,-104,-82,0,1,20,0,944,0,184,24,0,-40,-144,1,1,100,0,1080,232,104,104,0,-16,-144,1,1,100,0,976,232,104,104,0,-80,-144,0,1,100,0,1080,232,104,104,0,-104,-144,0,1,100,0,976,232,104,104,0,-104,-82,0,1,100,0,944,0,184,24,0,-40,-16,0,1,100,0,752,168,80,32,0,-40,-16,0,0,50,0,752,200,80,32,0,8,-40,0,1,100,0,720,128,32,40,0,-40,-40,0,1,100,0,592,128,32,40,0,-48,-88,0,0,100,0,96,496,96,96,0,-40,-48,0,1,100,0,432,168,80,64,0,-24,-8,0,0,65,0,384,0,48,16,0,
0,16,-72,-208,0,0,100,0,1400,136,72,144,0,-112,-144,0,0,100,0,1280,216,96,80,0,-16,-152,0,0,100,0,1296,416,80,80,0,-32,-208,0,0,100,0,1552,136,48,144,0,-40,-144,1,1,100,0,1080,232,104,104,0,-16,-144,1,1,100,0,976,232,104,104,0,-80,-144,0,1,100,0,1080,232,104,104,0,-104,-144,0,1,100,0,976,232,104,104,0,-104,-82,0,1,100,0,944,0,184,24,0,-48,-16,0,1,100,0,384,744,96,40,0,-48,-16,0,0,50,0,552,832,96,40,0,8,-40,0,1,100,0,752,128,32,40,0,-40,-40,0,1,100,0,624,128,32,40,0,-48,-88,0,0,100,0,192,496,96,96,0,-40,-48,0,1,100,0,512,168,80,64,0,-24,-8,0,0,65,0,384,0,48,16,0,
0,20,-144,-208,0,0,100,0,1400,1232,176,80,0,-104,-256,0,0,100,0,1280,216,96,80,0,-112,-296,0,0,100,0,1400,136,72,144,0,-184,-208,0,0,100,0,1280,216,96,80,0,-72,-208,0,0,100,0,1400,1088,72,144,0,-112,-144,0,0,100,0,1304,1152,96,80,0,-16,-152,0,0,100,0,1296,496,80,80,0,-32,-208,0,0,100,0,1552,1088,48,144,0,-40,-144,1,1,70,0,1080,232,104,104,0,-16,-144,1,1,70,0,976,232,104,104,0,-80,-144,0,1,70,0,1080,232,104,104,0,-104,-144,0,1,70,0,976,232,104,104,0,-104,-82,0,1,80,0,944,0,184,24,0,-64,-24,0,1,100,0,384,784,128,48,0,-64,-24,0,0,50,0,968,616,128,48,0,8,-40,0,1,100,0,784,128,32,40,0,-40,-40,0,1,100,0,656,128,32,40,0,-48,-88,0,0,100,0,288,496,96,96,0,-40,-48,0,1,100,0,592,168,80,64,0,-24,-8,0,0,65,0,384,0,48,16,0,
0,21,-184,-240,0,0,100,0,1400,1232,176,80,0,-176,-256,0,0,100,0,1400,1392,168,136,0,-152,-256,0,0,100,0,1400,136,72,144,0,-192,-240,0,0,100,0,1280,216,96,80,0,-144,-192,0,0,100,0,1400,1312,176,80,0,-72,-208,0,0,100,0,1400,136,72,144,0,-112,-144,0,0,100,0,1280,216,96,80,0,-16,-152,0,0,100,0,1296,576,80,80,0,-32,-208,0,0,100,0,1552,136,48,144,0,-40,-144,1,1,100,0,1080,232,104,104,0,-16,-144,1,1,100,0,976,232,104,104,0,-80,-144,0,1,100,0,1080,232,104,104,0,-104,-144,0,1,100,0,976,232,104,104,0,-104,-82,0,1,100,0,944,0,184,24,0,-64,-24,0,1,80,0,384,784,128,48,0,-64,-24,0,0,50,0,968,616,128,48,0,8,-40,0,1,100,0,816,128,32,40,0,-40,-40,0,1,100,0,688,128,32,40,0,-48,-88,0,0,100,0,0,496,96,96,0,-40,-48,0,1,100,0,672,168,80,64,0,-24,-8,0,0,65,0,384,0,48,16,0,
0,24,-192,-232,0,0,100,0,1400,1232,176,80,0,-176,-248,0,0,100,0,1232,1392,168,136,0,-184,-256,0,0,100,0,1296,656,80,80,0,-136,-240,0,0,100,0,1400,1088,72,144,0,-192,-232,0,0,100,0,1304,1152,96,80,0,-112,-176,0,0,100,0,1304,1312,96,80,0,-200,-264,0,1,100,0,1312,1048,64,64,0,-40,-146,1,1,30,0,1080,232,104,104,0,-16,-146,1,1,30,0,976,232,104,104,0,-80,-146,0,1,30,0,1080,232,104,104,0,-104,-146,0,1,30,0,976,232,104,104,0,-104,-82,0,1,20,0,944,0,184,24,0,-40,-144,1,1,100,0,1080,232,104,104,0,-16,-144,1,1,100,0,976,232,104,104,0,-80,-144,0,1,100,0,1080,232,104,104,0,-104,-144,0,1,100,0,976,232,104,104,0,-104,-82,0,1,100,0,944,0,184,24,0,-64,-24,0,1,60,0,384,784,128,48,0,-64,-24,0,0,50,0,968,616,128,48,0,8,-40,0,1,100,0,720,128,32,40,0,-40,-40,0,1,100,0,592,128,32,40,0,-48,-88,0,0,100,0,96,496,96,96,0,-40,-48,0,1,100,0,432,168,80,64,0,-24,-8,0,0,65,0,384,0,48,16,0,
0,23,-120,-232,0,0,100,0,1536,344,64,64,0,-120,-192,0,0,100,0,1472,280,48,48,0,-128,-184,0,0,100,0,1440,280,32,32,0,-192,-240,0,0,100,0,1304,1312,96,80,0,-176,-248,0,0,100,0,1376,280,64,64,0,-160,-256,0,0,100,0,1296,656,80,80,0,-184,-256,0,0,100,0,1296,576,80,80,0,-192,-248,0,0,100,0,1304,1152,96,80,0,-200,-248,0,0,100,0,1280,216,96,80,0,-196,-260,0,0,100,0,1536,280,64,64,0,-216,-280,0,1,100,0,1280,952,96,96,0,-40,-144,1,1,100,0,1080,232,104,104,0,-16,-144,1,1,100,0,976,232,104,104,0,-80,-144,0,1,100,0,1080,232,104,104,0,-104,-144,0,1,100,0,976,232,104,104,0,-104,-82,0,1,100,0,944,0,184,24,0,-64,-24,0,1,80,0,384,784,128,48,0,-64,-24,0,0,50,0,968,616,128,48,0,8,-40,0,1,100,0,752,128,32,40,0,-40,-40,0,1,100,0,624,128,32,40,0,-48,-88,0,0,100,0,192,496,96,96,0,-40,-48,0,1,100,0,512,168,80,64,0,-24,-8,0,0,65,0,384,0,48,16,0,
0,17,-184,-232,0,0,100,0,1536,344,64,64,0,-144,-240,0,0,100,0,1472,280,48,48,0,-144,-216,0,0,100,0,1440,280,32,32,0,-208,-272,0,0,100,0,1288,864,88,88,0,-232,-296,0,1,100,0,1248,736,128,128,0,-40,-144,1,1,70,0,1080,232,104,104,0,-16,-144,1,1,70,0,976,232,104,104,0,-80,-144,0,1,70,0,1080,232,104,104,0,-104,-144,0,1,70,0,976,232,104,104,0,-104,-82,0,1,80,0,944,0,184,24,0,-64,-24,0,1,100,0,384,784,128,48,0,-64,-24,0,0,50,0,968,616,128,48,0,8,-40,0,1,100,0,784,128,32,40,0,-40,-40,0,1,100,0,656,128,32,40,0,-48,-88,0,0,100,0,288,496,96,96,0,-40,-48,0,1,100,0,592,168,80,64,0,-24,-8,0,0,65,0,384,0,48,16,0,
0,14,-304,-368,3,1,100,0,464,1112,280,280,0,-304,-368,0,1,100,0,464,1112,280,280,0,-228,-292,0,0,100,0,1152,560,128,128,0,-40,-144,1,1,40,0,1080,232,104,104,0,-16,-144,1,1,40,0,976,232,104,104,0,-80,-144,0,1,40,0,1080,232,104,104,0,-104,-144,0,1,40,0,976,232,104,104,0,-64,-24,0,1,80,0,384,784,128,48,0,-64,-24,0,0,50,0,968,616,128,48,0,8,-40,0,1,100,0,816,128,32,40,0,-40,-40,0,1,100,0,688,128,32,40,0,-48,-88,0,0,100,0,0,496,96,96,0,-40,-48,0,1,100,0,672,168,80,64,0,-24,-8,0,0,65,0,384,0,48,16,0,
0,22,-240,-296,0,0,100,0,1152,416,144,144,0,-196,-252,0,1,100,0,1096,616,56,56,0,-196,-252,0,1,100,0,1096,616,56,56,0,-196,-252,0,1,100,0,1096,616,56,56,0,-196,-252,0,1,100,0,1096,616,56,56,0,-208,-264,0,0,100,0,1536,344,64,64,0,-176,-264,0,0,100,0,1472,280,48,48,0,-64,-24,0,1,60,0,384,784,128,48,0,-240,-240,0,0,100,0,240,1760,144,72,0,-304,-368,2,1,100,0,744,1112,280,280,0,-304,-368,0,1,100,0,744,1112,280,280,0,-304,-368,1,1,100,0,464,1112,280,280,0,-40,-144,1,1,20,0,1080,232,104,104,0,-16,-144,1,1,20,0,976,232,104,104,0,-80,-144,0,1,20,0,1080,232,104,104,0,-104,-144,0,1,20,0,976,232,104,104,0,-64,-24,0,0,50,0,968,616,128,48,0,8,-40,0,1,100,0,720,128,32,40,0,-40,-40,0,1,100,0,592,128,32,40,0,-48,-88,0,0,100,0,96,496,96,96,0,-40,-48,0,1,100,0,432,168,80,64,0,-24,-8,0,0,65,0,384,0,48,16,0,
0,17,-240,-296,0,0,100,0,1104,688,144,144,0,-212,-268,0,1,100,0,1016,672,88,88,0,-212,-268,0,1,100,0,1016,672,88,88,0,-212,-268,0,1,100,0,1016,672,88,88,0,-212,-268,0,1,100,0,1016,672,88,88,0,-212,-268,0,1,50,0,1016,672,88,88,0,-64,-24,0,1,80,0,384,784,128,48,0,-240,-240,0,0,100,0,384,1760,144,72,0,-304,-368,2,1,100,0,1024,1112,280,280,0,-304,-368,3,1,100,0,744,1112,280,280,0,-224,-280,3,1,50,0,1168,976,112,112,0,-64,-24,0,0,50,0,968,616,128,48,0,8,-40,0,1,100,0,752,128,32,40,0,-40,-40,0,1,100,0,624,128,32,40,0,-48,-88,0,0,100,0,192,496,96,96,0,-40,-48,0,1,100,0,512,168,80,64,0,-24,-8,0,0,65,0,384,0,48,16,0,
0,16,-240,-296,0,0,100,0,1104,832,144,144,0,-220,-276,0,1,100,0,1048,512,104,104,0,-220,-276,0,1,100,0,1048,512,104,104,0,-220,-276,0,1,100,0,1048,512,104,104,0,-220,-276,0,0,50,0,1048,512,104,104,0,-240,-240,0,0,100,0,240,1832,144,72,0,-304,-368,2,1,50,0,1024,1112,280,280,0,-304,-368,0,1,100,0,464,1112,280,280,0,-224,-280,0,1,100,0,1168,976,112,112,0,-64,-24,0,1,100,0,384,784,128,48,0,-64,-24,0,0,50,0,968,616,128,48,0,8,-40,0,1,100,0,784,128,32,40,0,-40,-40,0,1,100,0,656,128,32,40,0,-48,-88,0,0,100,0,0,688,96,96,0,-40,-48,0,1,100,0,592,168,80,64,0,-24,-8,0,0,65,0,384,0,48,16,0,
0,18,-240,-296,0,0,100,0,320,1112,144,144,0,-234,-290,3,1,100,0,1168,976,112,112,0,-220,-276,0,1,100,0,1048,512,104,104,0,-220,-276,0,1,100,0,1048,512,104,104,0,-220,-276,0,0,100,0,1048,512,104,104,0,-240,-240,0,0,100,0,384,1832,144,72,0,-214,-290,3,1,100,0,1168,976,112,112,0,-214,-270,3,1,100,0,1168,976,112,112,0,-234,-270,3,1,100,0,1168,976,112,112,0,-224,-280,3,1,100,0,1168,976,112,112,0,-40,-96,0,1,100,0,888,664,48,48,0,-64,-24,0,1,80,0,384,784,128,48,0,-64,-24,0,0,50,0,968,616,128,48,0,8,-40,0,1,100,0,816,128,32,40,0,-40,-40,0,1,100,0,688,128,32,40,0,-48,-88,0,0,100,0,0,592,96,96,0,-40,-48,0,1,100,0,672,168,80,64,0,-24,-8,0,0,65,0,384,0,48,16,0,
0,23,-180,-220,0,1,100,0,384,48,24,24,0,-174,-204,0,1,100,0,384,32,16,16,0,-186,-218,0,1,100,0,384,32,16,16,0,-169,-223,0,1,100,0,400,32,16,16,0,-173,-212,0,1,100,0,400,32,16,16,0,-240,-296,0,0,100,0,1152,416,144,144,0,-230,-286,3,1,100,0,1168,976,112,112,0,-220,-276,0,1,100,0,1048,512,104,104,0,-220,-276,0,1,100,0,1048,512,104,104,0,-220,-276,0,0,100,0,1048,512,104,104,0,-240,-240,0,0,100,0,240,1760,144,72,0,-218,-286,3,1,100,0,1168,976,112,112,0,-218,-274,3,1,100,0,1168,976,112,112,0,-230,-274,3,1,100,0,1168,976,112,112,0,-224,-280,3,1,100,0,1168,976,112,112,0,-40,-96,0,1,100,0,936,664,48,48,0,-64,-24,0,1,60,0,384,784,128,48,0,-64,-24,0,0,50,0,968,616,128,48,0,8,-40,0,1,100,0,720,128,32,40,0,-40,-40,0,1,100,0,592,128,32,40,0,-48,-88,0,0,100,0,96,592,96,96,0,-40,-48,0,1,100,0,432,168,80,64,0,-24,-8,0,0,65,0,384,0,48,16,0,
0,26,-272,-240,0,1,100,0,888,760,216,72,0,-179,-214,0,1,100,0,400,32,16,16,0,-176,-213,0,1,100,0,384,32,16,16,0,-180,-220,0,1,100,0,384,48,24,24,0,-174,-204,0,1,100,0,400,32,16,16,0,-186,-218,0,1,100,0,400,32,16,16,0,-169,-223,0,1,100,0,384,32,16,16,0,-173,-212,0,1,100,0,384,32,16,16,0,-240,-296,0,0,100,0,1104,688,144,144,0,-234,-290,3,1,100,0,1168,976,112,112,0,-220,-276,0,1,100,0,1048,512,104,104,0,-220,-276,0,1,100,0,1048,512,104,104,0,-220,-276,0,0,100,0,1048,512,104,104,0,-240,-240,0,0,100,0,384,1760,144,72,0,-214,-290,3,1,100,0,1168,976,112,112,0,-214,-270,3,1,100,0,1168,976,112,112,0,-234,-270,3,1,100,0,1168,976,112,112,0,-224,-280,3,1,100,0,1168,976,112,112,0,-40,-96,0,1,100,0,888,712,48,48,0,-64,-24,0,1,80,0,384,784,128,48,0,-64,-24,0,0,50,0,968,616,128,48,0,8,-40,0,1,100,0,752,128,32,40,0,-40,-40,0,1,100,0,624,128,32,40,0,-48,-88,0,0,100,0,192,592,96,96,0,-40,-48,0,1,100,0,512,168,80,64,0,-24,-8,0,0,65,0,384,0,48,16,0,
0,27,-272,-240,0,1,100,0,888,832,216,72,0,-175,-218,0,1,100,0,400,32,16,16,0,-179,-216,0,1,100,0,400,32,16,16,0,-174,-213,0,1,100,0,384,32,16,16,0,-180,-220,0,1,100,0,384,48,24,24,0,-174,-204,0,1,100,0,384,32,16,16,0,-186,-218,0,1,100,0,384,32,16,16,0,-169,-223,0,1,100,0,400,32,16,16,0,-173,-212,0,1,100,0,400,32,16,16,0,-240,-296,0,0,100,0,1104,832,144,144,0,-239,-295,3,1,100,0,1168,976,112,112,0,-220,-276,0,1,100,0,1048,512,104,104,0,-220,-276,0,1,100,0,1048,512,104,104,0,-220,-276,0,0,100,0,1048,512,104,104,0,-240,-240,0,0,100,0,240,1832,144,72,0,-209,-295,3,1,100,0,1168,976,112,112,0,-209,-265,3,1,100,0,1168,976,112,112,0,-239,-265,3,1,100,0,1168,976,112,112,0,-224,-280,3,1,100,0,1168,976,112,112,0,-40,-96,0,1,100,0,936,712,48,48,0,-64,-24,0,1,100,0,384,784,128,48,0,-64,-24,0,0,50,0,968,616,128,48,0,8,-40,0,1,100,0,784,128,32,40,0,-40,-40,0,1,100,0,656,128,32,40,0,-48,-88,0,0,100,0,288,592,96,96,0,-40,-48,0,1,100,0,592,168,80,64,0,-24,-8,0,0,65,0,384,0,48,16,0,
0,28,-175,-218,0,1,100,0,400,32,16,16,0,-179,-216,0,1,100,0,400,32,16,16,0,-174,-213,0,1,100,0,384,32,16,16,0,-184,-224,0,1,100,0,384,72,32,32,0,-180,-220,0,1,100,0,384,48,24,24,0,-272,-240,0,1,100,0,888,904,216,72,0,-240,-296,0,0,100,0,320,1112,144,144,0,-241,-297,3,1,100,0,1168,976,112,112,0,-220,-276,0,1,100,0,1048,512,104,104,0,-220,-276,0,1,100,0,1048,512,104,104,0,-220,-276,0,0,100,0,1048,512,104,104,0,-240,-240,0,0,100,0,384,1832,144,72,0,-207,-297,3,1,100,0,1168,976,112,112,0,-207,-263,3,1,100,0,1168,976,112,112,0,-241,-263,3,1,100,0,1168,976,112,112,0,-240,-280,3,1,100,0,1168,976,112,112,0,-224,-264,3,1,100,0,1168,976,112,112,0,-208,-280,3,1,100,0,1168,976,112,112,0,-224,-296,3,1,100,0,1168,976,112,112,0,-224,-280,3,1,100,0,1168,976,112,112,0,-40,-96,0,1,100,0,888,664,48,48,0,-64,-24,0,1,80,0,384,784,128,48,0,-64,-24,0,0,50,0,968,616,128,48,0,8,-40,0,1,100,0,816,128,32,40,0,-40,-40,0,1,100,0,688,128,32,40,0,-48,-88,0,0,100,0,0,592,96,96,0,-40,-48,0,1,100,0,672,168,80,64,0,-24,-8,0,0,65,0,384,0,48,16,0,
0,21,-176,-225,0,1,100,0,400,32,16,16,0,-170,-208,0,1,100,0,400,32,16,16,0,-184,-224,0,1,100,0,384,72,32,32,0,-240,-296,0,0,100,0,1152,416,144,144,0,-234,-290,3,1,100,0,1168,976,112,112,0,-220,-276,0,1,100,0,1048,512,104,104,0,-220,-276,0,1,100,0,1048,512,104,104,0,-220,-276,0,0,100,0,1048,512,104,104,0,-240,-240,0,0,100,0,240,1760,144,72,0,-214,-290,3,1,100,0,1168,976,112,112,0,-214,-270,3,1,100,0,1168,976,112,112,0,-234,-270,3,1,100,0,1168,976,112,112,0,-224,-280,3,1,100,0,1168,976,112,112,0,-40,-96,0,1,100,0,936,664,48,48,0,-64,-24,0,1,60,0,384,784,128,48,0,-64,-24,0,0,50,0,968,616,128,48,0,8,-40,0,1,100,0,720,128,32,40,0,-40,-40,0,1,100,0,592,128,32,40,0,-48,-88,0,0,100,0,96,592,96,96,0,-40,-48,0,1,100,0,432,168,80,64,0,-24,-8,0,0,65,0,384,0,48,16,0,
0,22,-186,-219,0,1,100,0,400,32,16,16,0,-176,-225,0,1,100,0,384,32,16,16,0,-170,-208,0,1,100,0,384,32,16,16,0,-184,-224,0,1,100,0,384,72,32,32,0,-240,-296,0,0,100,0,1104,688,144,144,0,-230,-286,3,1,100,0,1168,976,112,112,0,-220,-276,0,1,100,0,1048,512,104,104,0,-220,-276,0,1,100,0,1048,512,104,104,0,-220,-276,0,0,100,0,1048,512,104,104,0,-240,-240,0,0,100,0,384,1760,144,72,0,-218,-286,3,1,100,0,1168,976,112,112,0,-218,-274,3,1,100,0,1168,976,112,112,0,-230,-274,3,1,100,0,1168,976,112,112,0,-224,-280,3,1,100,0,1168,976,112,112,0,-40,-96,0,1,100,0,888,712,48,48,0,-64,-24,0,1,80,0,384,784,128,48,0,-64,-24,0,0,50,0,968,616,128,48,0,8,-40,0,1,100,0,752,128,32,40,0,-40,-40,0,1,100,0,624,128,32,40,0,-48,-88,0,0,100,0,192,592,96,96,0,-40,-48,0,1,100,0,512,168,80,64,0,-24,-8,0,0,65,0,384,0,48,16,0,
0,22,-165,-218,0,1,100,0,400,32,16,16,0,-189,-212,0,1,100,0,400,32,16,16,0,-186,-219,0,1,100,0,384,32,16,16,0,-184,-224,0,1,100,0,384,72,32,32,0,-240,-296,0,0,100,0,1104,832,144,144,0,-234,-290,3,1,100,0,1168,976,112,112,0,-220,-276,0,1,100,0,1048,512,104,104,0,-220,-276,0,1,100,0,1048,512,104,104,0,-220,-276,0,0,100,0,1048,512,104,104,0,-240,-240,0,0,100,0,240,1832,144,72,0,-214,-290,3,1,100,0,1168,976,112,112,0,-214,-270,3,1,100,0,1168,976,112,112,0,-234,-270,3,1,100,0,1168,976,112,112,0,-224,-280,3,1,100,0,1168,976,112,112,0,-40,-96,0,1,100,0,936,712,48,48,0,-64,-24,0,1,100,0,384,784,128,48,0,-64,-24,0,0,50,0,968,616,128,48,0,8,-40,0,1,100,0,784,128,32,40,0,-40,-40,0,1,100,0,656,128,32,40,0,-48,-88,0,0,100,0,288,592,96,96,0,-40,-48,0,1,100,0,592,168,80,64,0,-24,-8,0,0,65,0,384,0,48,16,0,
0,25,-272,-240,0,1,50,0,888,760,216,72,0,-182,-222,0,1,100,0,400,32,16,16,0,-169,-205,0,1,100,0,400,32,16,16,0,-165,-218,0,1,100,0,384,32,16,16,0,-189,-212,0,1,100,0,384,32,16,16,0,-184,-224,0,1,100,0,384,72,32,32,0,-184,-224,0,1,100,0,384,72,32,32,0,-240,-296,0,0,100,0,320,1112,144,144,0,-239,-295,3,1,100,0,1168,976,112,112,0,-220,-276,0,1,100,0,1048,512,104,104,0,-220,-276,0,1,100,0,1048,512,104,104,0,-220,-276,0,0,100,0,1048,512,104,104,0,-240,-240,0,0,100,0,384,1832,144,72,0,-209,-295,3,1,100,0,1168,976,112,112,0,-209,-265,3,1,100,0,1168,976,112,112,0,-239,-265,3,1,100,0,1168,976,112,112,0,-224,-280,3,1,100,0,1168,976,112,112,0,-40,-96,0,1,100,0,888,664,48,48,0,-64,-24,0,1,80,0,384,784,128,48,0,-64,-24,0,0,50,0,968,616,128,48,0,8,-40,0,1,100,0,816,128,32,40,0,-40,-40,0,1,100,0,688,128,32,40,0,-48,-88,0,0,100,0,0,592,96,96,0,-40,-48,0,1,100,0,672,168,80,64,0,-24,-8,0,0,65,0,384,0,48,16,0,
0,24,-182,-222,0,1,100,0,384,32,16,16,0,-169,-205,0,1,100,0,384,32,16,16,0,-184,-224,0,1,100,0,384,72,32,32,0,-184,-224,0,1,100,0,384,72,32,32,0,-184,-224,0,1,100,0,384,72,32,32,0,-272,-240,0,1,100,0,888,832,216,72,0,-240,-296,0,0,100,0,1152,416,144,144,0,-234,-290,3,1,100,0,1168,976,112,112,0,-220,-276,0,1,100,0,1048,512,104,104,0,-220,-276,0,1,100,0,1048,512,104,104,0,-220,-276,0,0,100,0,1048,512,104,104,0,-240,-240,0,0,100,0,240,1760,144,72,0,-214,-290,3,1,100,0,1168,976,112,112,0,-214,-270,3,1,100,0,1168,976,112,112,0,-234,-270,3,1,100,0,1168,976,112,112,0,-224,-280,3,1,100,0,1168,976,112,112,0,-40,-96,0,1,100,0,936,664,48,48,0,-64,-24,0,1,60,0,384,784,128,48,0,-64,-24,0,0,50,0,968,616,128,48,0,8,-40,0,1,100,0,720,128,32,40,0,-40,-40,0,1,100,0,592,128,32,40,0,-48,-88,0,0,100,0,96,592,96,96,0,-40,-48,0,1,100,0,432,168,80,64,0,-24,-8,0,0,65,0,384,0,48,16,0,
0,23,-184,-224,0,1,100,0,384,72,32,32,0,-184,-224,0,1,100,0,384,72,32,32,0,-184,-224,0,1,100,0,384,72,32,32,0,-184,-224,0,1,100,0,384,72,32,32,0,-272,-240,0,1,100,0,888,904,216,72,0,-240,-296,0,0,100,0,1104,688,144,144,0,-242,-298,3,1,100,0,1168,976,112,112,0,-220,-276,0,1,100,0,1048,512,104,104,0,-220,-276,0,1,100,0,1048,512,104,104,0,-220,-276,0,0,100,0,1048,512,104,104,0,-240,-240,0,0,100,0,384,1760,144,72,0,-206,-298,3,1,100,0,1168,976,112,112,0,-206,-262,3,1,100,0,1168,976,112,112,0,-242,-262,3,1,100,0,1168,976,112,112,0,-224,-280,3,1,100,0,1168,976,112,112,0,-40,-96,0,1,100,0,888,712,48,48,0,-64,-24,0,1,80,0,384,784,128,48,0,-64,-24,0,0,50,0,968,616,128,48,0,8,-40,0,1,100,0,752,128,32,40,0,-40,-40,0,1,100,0,624,128,32,40,0,-48,-88,0,0,100,0,192,592,96,96,0,-40,-48,0,1,100,0,512,168,80,64,0,-24,-8,0,0,65,0,384,0,48,16,0,
0,22,-188,-228,0,0,60,0,1304,1112,40,40,0,-228,-268,0,1,100,0,896,984,120,120,0,-236,-276,0,1,100,0,1032,976,136,136,0,-184,-224,0,1,100,0,384,72,32,32,0,-184,-224,0,1,100,0,384,72,32,32,0,-240,-296,0,0,100,0,1104,832,144,144,0,-220,-276,0,1,100,0,1048,512,104,104,0,-220,-276,0,1,100,0,1048,512,104,104,0,-220,-276,0,1,100,0,1048,512,104,104,0,-220,-276,0,0,100,0,1048,512,104,104,0,-240,-240,0,0,100,0,240,1832,144,72,0,-304,-368,3,1,50,0,1024,1112,280,280,0,-304,-368,0,1,100,0,464,1112,280,280,0,-224,-280,0,1,100,0,1168,976,112,112,0,-40,-96,0,1,100,0,936,712,48,48,0,-64,-24,0,1,100,0,384,784,128,48,0,-64,-24,0,0,50,0,968,616,128,48,0,8,-40,0,1,100,0,784,128,32,40,0,-40,-40,0,1,100,0,656,128,32,40,0,-48,-88,0,0,100,0,288,592,96,96,0,-40,-48,0,1,100,0,592,168,80,64,0,-24,-8,0,0,65,0,384,0,48,16,0,
0,21,-204,-244,0,0,60,0,816,1032,72,72,0,-252,-292,0,1,100,0,856,1392,168,168,0,-252,-292,0,1,100,0,1024,1392,168,168,0,-184,-224,0,1,100,0,384,72,32,32,0,-240,-296,0,0,100,0,320,1112,144,144,0,-220,-276,0,1,100,0,1048,512,104,104,0,-220,-276,0,1,100,0,1048,512,104,104,0,-220,-276,0,1,100,0,1048,512,104,104,0,-220,-276,0,0,100,0,1048,512,104,104,0,-240,-240,0,0,100,0,384,1832,144,72,0,-304,-368,3,1,50,0,1024,1112,280,280,0,-304,-368,0,1,100,0,744,1112,280,280,0,-224,-280,0,1,100,0,1168,976,112,112,0,-40,-96,0,1,100,0,936,712,48,48,0,-64,-24,0,1,100,0,384,784,128,48,0,-64,-24,0,0,50,0,968,616,128,48,0,8,-40,0,1,100,0,784,128,32,40,0,-40,-40,0,1,100,0,656,128,32,40,0,-48,-88,0,0,100,0,288,592,96,96,0,-40,-48,0,1,100,0,592,168,80,64,0,-24,-8,0,0,65,0,384,0,48,16,0,
0,22,-204,-244,0,0,60,0,744,1032,72,72,0,-252,-292,0,1,100,0,688,1392,168,168,0,-252,-292,0,1,100,0,792,496,168,168,0,-184,-224,0,1,100,0,384,72,32,32,0,-240,-296,0,0,100,0,1152,416,144,144,0,-220,-276,0,1,100,0,1048,512,104,104,0,-220,-276,0,1,100,0,1048,512,104,104,0,-220,-276,0,1,100,0,1048,512,104,104,0,-220,-276,0,0,100,0,1048,512,104,104,0,-240,-240,0,0,100,0,240,1760,144,72,0,-304,-368,1,1,100,0,1024,1112,280,280,0,-304,-368,3,1,100,0,464,1112,280,280,0,-304,-368,0,1,100,0,464,1112,280,280,0,-224,-280,3,1,100,0,1168,976,112,112,0,-40,-96,0,1,100,0,888,664,48,48,0,-64,-24,0,1,80,0,384,784,128,48,0,-64,-24,0,0,50,0,968,616,128,48,0,8,-40,0,1,100,0,816,128,32,40,0,-40,-40,0,1,100,0,688,128,32,40,0,-48,-88,0,0,100,0,0,592,96,96,0,-40,-48,0,1,100,0,672,168,80,64,0,-24,-8,0,0,65,0,384,0,48,16,0,
0,22,-204,-244,0,0,60,0,672,1032,72,72,0,-252,-292,0,1,100,0,520,1392,168,168,0,-252,-292,0,1,100,0,624,496,168,168,0,-184,-224,0,1,100,0,384,72,32,32,0,-240,-296,0,0,100,0,1104,688,144,144,0,-220,-276,0,1,100,0,1048,512,104,104,0,-220,-276,0,1,100,0,1048,512,104,104,0,-220,-276,0,1,100,0,1048,512,104,104,0,-220,-276,0,0,100,0,1048,512,104,104,0,-240,-240,0,0,100,0,384,1760,144,72,0,-304,-368,1,1,100,0,1024,1112,280,280,0,-304,-368,3,1,100,0,464,1112,280,280,0,-304,-368,0,1,100,0,464,1112,280,280,0,-224,-280,3,1,100,0,1168,976,112,112,0,-40,-96,0,1,100,0,888,664,48,48,0,-64,-24,0,1,80,0,384,784,128,48,0,-64,-24,0,0,50,0,968,616,128,48,0,8,-40,0,1,100,0,816,128,32,40,0,-40,-40,0,1,100,0,688,128,32,40,0,-48,-88,0,0,100,0,0,592,96,96,0,-40,-48,0,1,100,0,672,168,80,64,0,-24,-8,0,0,65,0,384,0,48,16,0,
0,21,-204,-244,0,0,60,0,600,1032,72,72,0,-252,-292,0,1,100,0,352,1392,168,168,0,-252,-292,0,1,100,0,456,496,168,168,0,-184,-224,0,1,100,0,384,72,32,32,0,-240,-296,0,0,100,0,1104,832,144,144,0,-220,-276,0,1,100,0,1048,512,104,104,0,-220,-276,0,1,100,0,1048,512,104,104,0,-220,-276,0,1,100,0,1048,512,104,104,0,-220,-276,0,0,100,0,1048,512,104,104,0,-240,-240,0,0,100,0,240,1832,144,72,0,-304,-368,2,1,100,0,744,1112,280,280,0,-304,-368,0,1,100,0,744,1112,280,280,0,-304,-368,1,1,100,0,464,1112,280,280,0,-40,-96,0,1,100,0,936,664,48,48,0,-64,-24,0,1,60,0,384,784,128,48,0,-64,-24,0,0,50,0,968,616,128,48,0,8,-40,0,1,100,0,720,128,32,40,0,-40,-40,0,1,100,0,592,128,32,40,0,-48,-88,0,0,100,0,96,592,96,96,0,-40,-48,0,1,100,0,432,168,80,64,0,-24,-8,0,0,65,0,384,0,48,16,0,
0,21,-204,-244,0,0,60,0,528,1032,72,72,0,-252,-292,0,1,100,0,184,1392,168,168,0,-252,-292,0,1,100,0,720,664,168,168,0,-184,-224,0,1,100,0,384,72,32,32,0,-240,-296,0,0,100,0,320,1112,144,144,0,-220,-276,0,1,100,0,1048,512,104,104,0,-220,-276,0,1,100,0,1048,512,104,104,0,-220,-276,0,1,100,0,1048,512,104,104,0,-220,-276,0,0,100,0,1048,512,104,104,0,-240,-240,0,0,100,0,384,1832,144,72,0,-304,-368,2,1,100,0,744,1112,280,280,0,-304,-368,0,1,100,0,744,1112,280,280,0,-304,-368,1,1,100,0,464,1112,280,280,0,-40,-96,0,1,100,0,936,664,48,48,0,-64,-24,0,1,60,0,384,784,128,48,0,-64,-24,0,0,50,0,968,616,128,48,0,8,-40,0,1,100,0,720,128,32,40,0,-40,-40,0,1,100,0,592,128,32,40,0,-48,-88,0,0,100,0,96,592,96,96,0,-40,-48,0,1,100,0,432,168,80,64,0,-24,-8,0,0,65,0,384,0,48,16,0,
0,21,-204,-244,0,0,30,0,456,1032,72,72,0,-252,-292,0,1,50,0,16,1392,168,168,0,-252,-292,0,1,50,0,720,664,168,168,0,-184,-224,0,1,100,0,384,72,32,32,0,-240,-296,0,0,100,0,1152,416,144,144,0,-220,-276,0,1,100,0,1048,512,104,104,0,-220,-276,0,1,100,0,1048,512,104,104,0,-220,-276,0,1,100,0,1048,512,104,104,0,-220,-276,0,0,100,0,1048,512,104,104,0,-240,-240,0,0,100,0,240,1760,144,72,0,-304,-368,2,1,100,0,1024,1112,280,280,0,-304,-368,3,1,100,0,744,1112,280,280,0,-224,-280,3,1,50,0,1168,976,112,112,0,-40,-96,0,1,100,0,888,712,48,48,0,-64,-24,0,1,80,0,384,784,128,48,0,-64,-24,0,0,50,0,968,616,128,48,0,8,-40,0,1,100,0,752,128,32,40,0,-40,-40,0,1,100,0,624,128,32,40,0,-48,-88,0,0,100,0,192,592,96,96,0,-40,-48,0,1,100,0,512,168,80,64,0,-24,-8,0,0,65,0,384,0,48,16,0,
0,16,-240,-296,0,0,100,0,1104,688,144,144,0,-304,-368,2,1,100,0,1024,1112,280,280,0,-220,-276,0,1,100,0,1048,512,104,104,0,-220,-276,0,1,100,0,1048,512,104,104,0,-220,-276,0,0,100,0,1048,512,104,104,0,-240,-240,0,0,100,0,384,1760,144,72,0,-224,-280,3,1,50,0,1168,976,112,112,0,-40,-96,0,1,100,0,888,712,48,48,0,-64,-24,0,1,80,0,384,784,128,48,0,-64,-24,0,0,50,0,968,616,128,48,0,8,-40,0,1,100,0,752,128,32,40,0,-40,-40,0,1,100,0,624,128,32,40,0,-48,-88,0,0,100,0,192,592,96,96,0,-304,-368,3,1,100,0,744,1112,280,280,0,-40,-48,0,1,100,0,512,168,80,64,0,-24,-8,0,0,65,0,384,0,48,16,0,
0,19,-184,-224,0,1,100,0,384,72,32,32,0,-240,-296,0,0,100,0,1104,832,144,144,0,-234,-290,3,1,100,0,1168,976,112,112,0,-220,-276,0,1,100,0,1048,512,104,104,0,-220,-276,0,1,100,0,1048,512,104,104,0,-220,-276,0,0,100,0,1048,512,104,104,0,-240,-240,0,0,100,0,240,1832,144,72,0,-304,-368,3,1,50,0,1024,1112,280,280,0,-304,-368,0,1,100,0,744,1112,280,280,0,-224,-280,0,1,100,0,1168,976,112,112,0,-16,-80,0,1,100,0,400,32,16,16,0,-32,-96,0,1,100,0,936,712,48,48,0,-64,-24,0,1,100,0,384,784,128,48,0,-64,-24,0,0,50,0,968,616,128,48,0,8,-40,0,1,80,0,784,128,32,40,0,-40,-40,0,1,80,0,656,128,32,40,0,-48,-88,0,0,100,0,288,496,96,96,0,-40,-48,0,1,80,0,592,168,80,64,0,-24,-8,0,0,65,0,384,0,48,16,0,
0,23,-248,-296,0,1,100,0,552,664,168,168,0,-184,-224,0,1,100,0,384,72,32,32,0,-184,-224,0,1,100,0,384,72,32,32,0,-240,-296,0,0,100,0,320,1112,144,144,0,-234,-290,3,1,100,0,1168,976,112,112,0,-220,-276,0,1,100,0,1048,512,104,104,0,-220,-276,0,1,100,0,1048,512,104,104,0,-220,-276,0,1,100,0,1048,512,104,104,0,-220,-276,0,0,100,0,1048,512,104,104,0,-240,-240,0,0,100,0,384,1832,144,72,0,-304,-368,1,1,100,0,1024,1112,280,280,0,-304,-368,3,1,100,0,464,1112,280,280,0,-304,-368,0,1,100,0,464,1112,280,280,0,-224,-280,3,1,100,0,1168,976,112,112,0,-31,-97,0,1,50,0,888,664,48,48,0,-19,-85,0,1,100,0,384,48,24,24,0,-64,-24,0,1,50,0,384,784,128,48,0,-64,-24,0,0,30,0,968,616,128,48,0,8,-40,0,1,50,0,816,128,32,40,0,-40,-40,0,1,50,0,688,128,32,40,0,-48,-88,0,0,100,0,96,688,96,96,0,-40,-48,0,1,50,0,672,168,80,64,0,-24,-8,0,0,65,0,384,0,48,16,0,
0,21,-264,-312,0,1,50,0,688,832,200,200,0,-184,-224,0,1,100,0,384,72,32,32,0,-184,-224,0,1,100,0,384,72,32,32,0,-304,-368,2,1,100,0,744,1112,280,280,0,-304,-368,0,1,100,0,744,1112,280,280,0,-304,-368,1,1,100,0,464,1112,280,280,0,-240,-296,0,0,100,0,1152,416,144,144,0,-220,-276,0,1,100,0,1048,512,104,104,0,-220,-276,0,1,100,0,1048,512,104,104,0,-220,-276,0,1,100,0,1048,512,104,104,0,-220,-276,0,0,100,0,1048,512,104,104,0,-240,-240,0,0,100,0,240,1760,144,72,0,-23,-89,0,1,100,0,384,72,32,32,0,-30,-97,0,1,20,0,936,664,48,48,0,-64,-24,0,1,20,0,384,784,128,48,0,-64,-24,0,0,20,0,968,616,128,48,0,8,-40,0,1,20,0,720,128,32,40,0,-40,-40,0,1,20,0,592,128,32,40,0,-48,-88,0,0,100,0,192,688,96,96,0,-40,-48,0,1,20,0,432,168,80,64,0,-24,-8,0,0,65,0,384,0,48,16,0,
0,30,-184,-224,0,1,100,0,384,72,32,32,0,-184,-224,0,1,100,0,384,72,32,32,0,-264,-312,0,1,20,0,688,832,200,200,0,-175,-232,1,0,20,0,1600,1120,128,280,0,-177,-232,1,0,20,0,1600,1120,128,280,0,-176,-232,1,0,90,0,1600,1120,128,280,0,-174,-220,0,0,20,0,1800,0,80,280,0,-176,-220,0,0,20,0,1800,0,80,280,0,-175,-220,0,0,90,0,1800,0,80,280,0,-223,-224,0,0,20,0,1720,0,80,280,0,-225,-224,0,0,20,0,1720,0,80,280,0,-224,-224,0,0,90,0,1720,0,80,280,0,-271,-224,0,0,20,0,1600,0,120,280,0,-273,-224,0,0,20,0,1600,0,120,280,0,-272,-224,0,0,90,0,1600,0,120,280,0,-304,-368,2,1,100,0,1024,1112,280,280,0,-304,-368,3,1,100,0,744,1112,280,280,0,-224,-280,3,1,100,0,1168,976,112,112,0,-224,-280,3,1,100,0,1168,976,112,112,0,-224,-280,3,1,100,0,1168,976,112,112,0,-240,-296,0,0,100,0,1104,688,144,144,0,-220,-276,0,1,100,0,1048,512,104,104,0,-220,-276,0,1,100,0,1048,512,104,104,0,-220,-276,0,1,100,0,1048,512,104,104,0,-220,-276,0,0,100,0,1048,512,104,104,0,-240,-240,0,0,100,0,384,1760,144,72,0,-48,-64,0,1,100,0,384,104,32,64,0,-42,-24,0,1,100,0,384,48,24,24,0,-48,-88,0,0,100,0,288,688,96,96,0,-24,-8,0,0,65,0,384,0,48,16,0,
0,71,-180,-60,3,1,100,0,1168,976,112,112,0,-180,-60,0,1,100,0,1168,976,112,112,0,-192,-72,0,1,50,0,1056,1728,136,136,0,-184,-224,0,1,100,0,384,72,32,32,0,-184,-224,0,1,100,0,384,72,32,32,0,-174,-232,1,0,20,0,1728,1120,128,280,0,-178,-232,1,0,20,0,1728,1120,128,280,0,-176,-232,1,0,90,0,1728,1120,128,280,0,-174,-224,0,0,20,0,1800,280,80,280,0,-178,-224,0,0,20,0,1800,280,80,280,0,-176,-224,0,0,90,0,1800,280,80,280,0,-222,-224,0,0,20,0,1720,280,80,280,0,-226,-224,0,0,20,0,1720,280,80,280,0,-224,-224,0,0,90,0,1720,280,80,280,0,-270,-224,0,0,20,0,1600,280,120,280,0,-274,-224,0,0,20,0,1600,280,120,280,0,-272,-224,0,0,90,0,1600,280,120,280,0,-120,-40,0,1,100,0,1600,1680,112,80,0,-104,-18,0,0,20,0,1264,136,80,32,0,-104,-17,0,0,20,0,1264,136,80,32,0,-102,-16,0,0,20,0,1264,136,80,32,0,-103,-16,0,0,20,0,1264,136,80,32,0,-104,-14,0,0,20,0,1264,136,80,32,0,-104,-15,0,0,20,0,1264,136,80,32,0,-106,-16,0,0,20,0,1264,136,80,32,0,-105,-16,0,0,20,0,1264,136,80,32,0,-104,-16,0,0,40,0,1264,136,80,32,0,-288,-24,0,1,100,0,1600,1680,112,80,0,-272,-2,0,0,20,0,1264,136,80,32,0,-272,-1,0,0,20,0,1264,136,80,32,0,-270,0,0,0,20,0,1264,136,80,32,0,-271,0,0,0,20,0,1264,136,80,32,0,-272,2,0,0,20,0,1264,136,80,32,0,-272,1,0,0,20,0,1264,136,80,32,0,-274,0,0,0,20,0,1264,136,80,32,0,-273,0,0,0,20,0,1264,136,80,32,0,-272,0,0,0,40,0,1264,136,80,32,0,-232,-32,0,1,100,0,1600,1680,112,80,0,-216,-10,0,0,20,0,1264,136,80,32,0,-216,-9,0,0,20,0,1264,136,80,32,0,-214,-8,0,0,20,0,1264,136,80,32,0,-215,-8,0,0,20,0,1264,136,80,32,0,-216,-6,0,0,20,0,1264,136,80,32,0,-216,-7,0,0,20,0,1264,136,80,32,0,-218,-8,0,0,20,0,1264,136,80,32,0,-217,-8,0,0,20,0,1264,136,80,32,0,-216,-8,0,0,40,0,1264,136,80,32,0,-184,-56,0,1,100,0,1600,1680,112,80,0,-168,-34,0,0,20,0,1264,136,80,32,0,-168,-33,0,0,20,0,1264,136,80,32,0,-166,-32,0,0,20,0,1264,136,80,32,0,-167,-32,0,0,20,0,1264,136,80,32,0,-168,-30,0,0,20,0,1264,136,80,32,0,-168,-31,0,0,20,0,1264,136,80,32,0,-170,-32,0,0,20,0,1264,136,80,32,0,-169,-32,0,0,20,0,1264,136,80,32,0,-168,-32,0,0,40,0,1264,136,80,32,0,-304,-368,3,1,100,0,1024,1112,280,280,0,-304,-368,0,1,100,0,744,1112,280,280,0,-304,-368,0,1,100,0,744,1112,280,280,0,-224,-280,0,1,100,0,1168,976,112,112,0,-240,-296,0,0,100,0,1104,832,144,144,0,-220,-276,0,1,100,0,1048,512,104,104,0,-220,-276,0,1,100,0,1048,512,104,104,0,-220,-276,0,1,100,0,1048,512,104,104,0,-220,-276,0,0,100,0,1048,512,104,104,0,-240,-240,0,0,100,0,240,1832,144,72,0,-48,-64,0,1,100,0,384,168,32,64,0,-38,-20,0,1,100,0,400,32,16,16,0,-48,-88,0,0,100,0,0,784,96,96,0,-24,-8,0,0,65,0,384,0,48,16,0,
0,82,-148,-84,3,1,100,0,1168,976,112,112,0,-148,-84,0,1,100,0,1168,976,112,112,0,-160,-96,0,1,50,0,1056,1728,136,136,0,-260,-100,3,1,100,0,1168,976,112,112,0,-260,-100,0,1,100,0,1168,976,112,112,0,-272,-112,0,1,50,0,1056,1728,136,136,0,-180,-60,2,1,100,0,1168,976,112,112,0,-192,-72,0,1,50,0,920,1728,136,136,0,-184,-224,0,1,100,0,384,72,32,32,0,-184,-224,0,1,100,0,384,72,32,32,0,-174,-232,1,0,20,0,1600,1400,128,280,0,-172,-232,1,0,20,0,1600,1400,128,280,0,-178,-232,1,0,20,0,1600,1400,128,280,0,-180,-232,1,0,20,0,1600,1400,128,280,0,-176,-232,1,0,90,0,1600,1400,128,280,0,-174,-224,0,0,20,0,1800,560,80,280,0,-172,-224,0,0,20,0,1800,560,80,280,0,-178,-224,0,0,20,0,1800,560,80,280,0,-180,-224,0,0,20,0,1800,560,80,280,0,-176,-224,0,0,90,0,1800,560,80,280,0,-222,-224,0,0,20,0,1720,560,80,280,0,-220,-224,0,0,20,0,1720,560,80,280,0,-226,-224,0,0,20,0,1720,560,80,280,0,-228,-224,0,0,20,0,1720,560,80,280,0,-224,-224,0,0,90,0,1720,560,80,280,0,-270,-224,0,0,20,0,1600,560,120,280,0,-268,-224,0,0,20,0,1600,560,120,280,0,-274,-224,0,0,20,0,1600,560,120,280,0,-276,-224,0,0,20,0,1600,560,120,280,0,-272,-224,0,0,90,0,1600,560,120,280,0,-120,-40,0,1,100,0,1712,1680,112,80,0,-104,-18,0,0,20,0,1264,136,80,32,0,-104,-17,0,0,20,0,1264,136,80,32,0,-102,-16,0,0,20,0,1264,136,80,32,0,-103,-16,0,0,20,0,1264,136,80,32,0,-104,-14,0,0,20,0,1264,136,80,32,0,-104,-15,0,0,20,0,1264,136,80,32,0,-106,-16,0,0,20,0,1264,136,80,32,0,-105,-16,0,0,20,0,1264,136,80,32,0,-104,-16,0,0,40,0,1264,136,80,32,0,-288,-24,0,1,100,0,1712,1680,112,80,0,-272,-2,0,0,20,0,1264,136,80,32,0,-272,-1,0,0,20,0,1264,136,80,32,0,-270,0,0,0,20,0,1264,136,80,32,0,-271,0,0,0,20,0,1264,136,80,32,0,-272,2,0,0,20,0,1264,136,80,32,0,-272,1,0,0,20,0,1264,136,80,32,0,-274,0,0,0,20,0,1264,136,80,32,0,-273,0,0,0,20,0,1264,136,80,32,0,-272,0,0,0,40,0,1264,136,80,32,0,-232,-32,0,1,100,0,1712,1680,112,80,0,-216,-10,0,0,20,0,1264,136,80,32,0,-216,-9,0,0,20,0,1264,136,80,32,0,-214,-8,0,0,20,0,1264,136,80,32,0,-215,-8,0,0,20,0,1264,136,80,32,0,-216,-6,0,0,20,0,1264,136,80,32,0,-216,-7,0,0,20,0,1264,136,80,32,0,-218,-8,0,0,20,0,1264,136,80,32,0,-217,-8,0,0,20,0,1264,136,80,32,0,-216,-8,0,0,40,0,1264,136,80,32,0,-184,-56,0,1,100,0,1712,1680,112,80,0,-168,-34,0,0,20,0,1264,136,80,32,0,-168,-33,0,0,20,0,1264,136,80,32,0,-166,-32,0,0,20,0,1264,136,80,32,0,-167,-32,0,0,20,0,1264,136,80,32,0,-168,-30,0,0,20,0,1264,136,80,32,0,-168,-31,0,0,20,0,1264,136,80,32,0,-170,-32,0,0,20,0,1264,136,80,32,0,-169,-32,0,0,20,0,1264,136,80,32,0,-168,-32,0,0,40,0,1264,136,80,32,0,-304,-368,1,1,100,0,1024,1112,280,280,0,-304,-368,1,1,100,0,1024,1112,280,280,0,-224,-280,3,1,100,0,1168,976,112,112,0,-240,-296,0,0,100,0,320,1112,144,144,0,-220,-276,0,1,100,0,1048,512,104,104,0,-220,-276,0,1,100,0,1048,512,104,104,0,-220,-276,0,0,100,0,1048,512,104,104,0,-240,-240,0,0,100,0,384,1832,144,72,0,-40,-32,0,1,100,0,416,200,16,32,0,-38,-20,0,1,100,0,384,32,16,16,0,-48,-88,0,0,100,0,96,784,96,96,0,-24,-8,0,0,65,0,384,0,48,16,0,
0,74,-180,-60,3,1,100,0,1168,976,112,112,0,-180,-60,0,1,100,0,1168,976,112,112,0,-192,-72,0,1,50,0,1056,1728,136,136,0,-180,-60,1,1,100,0,1168,976,112,112,0,-192,-72,0,1,50,0,784,1728,136,136,0,-148,-84,2,1,100,0,1168,976,112,112,0,-160,-96,0,1,50,0,920,1728,136,136,0,-260,-100,2,1,100,0,1168,976,112,112,0,-272,-112,0,1,50,0,920,1728,136,136,0,-184,-224,0,1,100,0,384,72,32,32,0,-184,-224,0,1,100,0,384,72,32,32,0,-172,-232,1,0,20,0,1728,1120,128,280,0,-180,-232,1,0,20,0,1728,1120,128,280,0,-176,-232,1,0,90,0,1728,1120,128,280,0,-172,-224,0,0,20,0,1800,280,80,280,0,-180,-224,0,0,20,0,1800,280,80,280,0,-176,-224,0,0,90,0,1800,280,80,280,0,-220,-224,0,0,20,0,1720,280,80,280,0,-228,-224,0,0,20,0,1720,280,80,280,0,-224,-224,0,0,90,0,1720,280,80,280,0,-268,-224,0,0,20,0,1600,280,120,280,0,-276,-224,0,0,20,0,1600,280,120,280,0,-272,-224,0,0,90,0,1600,280,120,280,0,-120,-40,0,1,100,0,1600,1760,112,80,0,-104,-18,0,0,20,0,1264,136,80,32,0,-104,-17,0,0,20,0,1264,136,80,32,0,-102,-16,0,0,20,0,1264,136,80,32,0,-103,-16,0,0,20,0,1264,136,80,32,0,-104,-14,0,0,20,0,1264,136,80,32,0,-104,-15,0,0,20,0,1264,136,80,32,0,-106,-16,0,0,20,0,1264,136,80,32,0,-105,-16,0,0,20,0,1264,136,80,32,0,-104,-16,0,0,40,0,1264,136,80,32,0,-288,-24,0,1,100,0,1600,1760,112,80,0,-272,-2,0,0,20,0,1264,136,80,32,0,-272,-1,0,0,20,0,1264,136,80,32,0,-270,0,0,0,20,0,1264,136,80,32,0,-271,0,0,0,20,0,1264,136,80,32,0,-272,2,0,0,20,0,1264,136,80,32,0,-272,1,0,0,20,0,1264,136,80,32,0,-274,0,0,0,20,0,1264,136,80,32,0,-273,0,0,0,20,0,1264,136,80,32,0,-272,0,0,0,40,0,1264,136,80,32,0,-232,-32,0,1,100,0,1600,1760,112,80,0,-216,-10,0,0,20,0,1264,136,80,32,0,-216,-9,0,0,20,0,1264,136,80,32,0,-214,-8,0,0,20,0,1264,136,80,32,0,-215,-8,0,0,20,0,1264,136,80,32,0,-216,-6,0,0,20,0,1264,136,80,32,0,-216,-7,0,0,20,0,1264,136,80,32,0,-218,-8,0,0,20,0,1264,136,80,32,0,-217,-8,0,0,20,0,1264,136,80,32,0,-216,-8,0,0,40,0,1264,136,80,32,0,-184,-56,0,1,100,0,1600,1760,112,80,0,-168,-34,0,0,20,0,1264,136,80,32,0,-168,-33,0,0,20,0,1264,136,80,32,0,-166,-32,0,0,20,0,1264,136,80,32,0,-167,-32,0,0,20,0,1264,136,80,32,0,-168,-30,0,0,20,0,1264,136,80,32,0,-168,-31,0,0,20,0,1264,136,80,32,0,-170,-32,0,0,20,0,1264,136,80,32,0,-169,-32,0,0,20,0,1264,136,80,32,0,-168,-32,0,0,40,0,1264,136,80,32,0,-304,-368,2,1,100,0,744,1112,280,280,0,-304,-368,0,1,100,0,744,1112,280,280,0,-304,-368,1,1,100,0,464,1112,280,280,0,-240,-296,0,0,100,0,1152,416,144,144,0,-220,-276,0,1,100,0,1048,512,104,104,0,-220,-276,0,1,100,0,1048,512,104,104,0,-220,-276,0,1,100,0,1048,512,104,104,0,-220,-276,0,0,100,0,1048,512,104,104,0,-240,-240,0,0,100,0,240,1760,144,72,0,-48,-88,0,0,100,0,192,784,96,96,0,-24,-8,0,0,65,0,384,0,48,16,0,
0,80,-184,-224,0,1,100,0,384,72,32,32,0,-184,-224,0,1,100,0,384,72,32,32,0,-180,-60,2,1,100,0,1168,976,112,112,0,-192,-72,0,1,50,0,920,1728,136,136,0,-180,-60,0,1,50,0,1168,976,112,112,0,-192,-72,0,1,100,0,648,1728,136,136,0,-148,-84,1,1,100,0,1168,976,112,112,0,-160,-96,0,1,50,0,784,1728,136,136,0,-260,-100,3,1,100,0,1168,976,112,112,0,-260,-100,0,1,100,0,1168,976,112,112,0,-272,-112,0,1,50,0,1056,1728,136,136,0,-260,-100,1,1,100,0,1168,976,112,112,0,-272,-112,0,1,50,0,784,1728,136,136,0,-184,-224,0,1,100,0,384,72,32,32,0,-184,-224,0,1,100,0,384,72,32,32,0,-173,-232,1,0,20,0,1728,1400,128,280,0,-179,-232,1,0,20,0,1728,1400,128,280,0,-176,-232,1,0,90,0,1728,1400,128,280,0,-173,-224,0,0,20,0,1800,840,80,280,0,-179,-224,0,0,20,0,1800,840,80,280,0,-176,-224,0,0,90,0,1800,840,80,280,0,-221,-224,0,0,20,0,1720,840,80,280,0,-227,-224,0,0,20,0,1720,840,80,280,0,-224,-224,0,0,90,0,1720,840,80,280,0,-269,-224,0,0,20,0,1600,840,120,280,0,-275,-224,0,0,20,0,1600,840,120,280,0,-272,-224,0,0,90,0,1600,840,120,280,0,-120,-40,0,1,100,0,1712,1760,112,80,0,-104,-18,0,0,20,0,1264,136,80,32,0,-104,-17,0,0,20,0,1264,136,80,32,0,-102,-16,0,0,20,0,1264,136,80,32,0,-103,-16,0,0,20,0,1264,136,80,32,0,-104,-14,0,0,20,0,1264,136,80,32,0,-104,-15,0,0,20,0,1264,136,80,32,0,-106,-16,0,0,20,0,1264,136,80,32,0,-105,-16,0,0,20,0,1264,136,80,32,0,-104,-16,0,0,40,0,1264,136,80,32,0,-288,-24,0,1,100,0,1712,1760,112,80,0,-272,-2,0,0,20,0,1264,136,80,32,0,-272,-1,0,0,20,0,1264,136,80,32,0,-270,0,0,0,20,0,1264,136,80,32,0,-271,0,0,0,20,0,1264,136,80,32,0,-272,2,0,0,20,0,1264,136,80,32,0,-272,1,0,0,20,0,1264,136,80,32,0,-274,0,0,0,20,0,1264,136,80,32,0,-273,0,0,0,20,0,1264,136,80,32,0,-272,0,0,0,40,0,1264,136,80,32,0,-232,-32,0,1,100,0,1712,1760,112,80,0,-216,-10,0,0,20,0,1264,136,80,32,0,-216,-9,0,0,20,0,1264,136,80,32,0,-214,-8,0,0,20,0,1264,136,80,32,0,-215,-8,0,0,20,0,1264,136,80,32,0,-216,-6,0,0,20,0,1264,136,80,32,0,-216,-7,0,0,20,0,1264,136,80,32,0,-218,-8,0,0,20,0,1264,136,80,32,0,-217,-8,0,0,20,0,1264,136,80,32,0,-216,-8,0,0,40,0,1264,136,80,32,0,-184,-56,0,1,100,0,1712,1760,112,80,0,-168,-34,0,0,20,0,1264,136,80,32,0,-168,-33,0,0,20,0,1264,136,80,32,0,-166,-32,0,0,20,0,1264,136,80,32,0,-167,-32,0,0,20,0,1264,136,80,32,0,-168,-30,0,0,20,0,1264,136,80,32,0,-168,-31,0,0,20,0,1264,136,80,32,0,-170,-32,0,0,20,0,1264,136,80,32,0,-169,-32,0,0,20,0,1264,136,80,32,0,-168,-32,0,0,40,0,1264,136,80,32,0,-304,-368,2,1,100,0,1024,1112,280,280,0,-304,-368,3,1,100,0,744,1112,280,280,0,-224,-280,3,1,100,0,1168,976,112,112,0,-224,-280,3,1,100,0,1168,976,112,112,0,-224,-280,3,1,50,0,1168,976,112,112,0,-240,-296,0,0,100,0,1104,688,144,144,0,-220,-276,0,1,100,0,1048,512,104,104,0,-220,-276,0,1,100,0,1048,512,104,104,0,-220,-276,0,1,100,0,1048,512,104,104,0,-220,-276,0,0,100,0,1048,512,104,104,0,-240,-240,0,0,100,0,384,1760,144,72,0,-48,-88,0,0,100,0,288,784,96,96,0,-24,-8,0,0,65,0,384,0,48,16,0,
0,73,-180,-60,1,1,100,0,1168,976,112,112,0,-192,-72,0,1,50,0,784,1728,136,136,0,-260,-100,2,1,100,0,1168,976,112,112,0,-272,-112,0,1,50,0,920,1728,136,136,0,-148,-84,0,1,50,0,1168,976,112,112,0,-160,-96,0,1,50,0,648,1728,136,136,0,-260,-100,0,1,50,0,1168,976,112,112,0,-272,-112,0,1,50,0,648,1728,136,136,0,-184,-224,0,1,100,0,384,72,32,32,0,-174,-232,1,0,20,0,1192,1528,128,280,0,-178,-232,1,0,20,0,1192,1528,128,280,0,-176,-232,1,0,90,0,1192,1528,128,280,0,-174,-224,0,0,20,0,1520,1528,80,280,0,-178,-224,0,0,20,0,1520,1528,80,280,0,-176,-224,0,0,90,0,1520,1528,80,280,0,-222,-224,0,0,20,0,1440,1528,80,280,0,-226,-224,0,0,20,0,1440,1528,80,280,0,-224,-224,0,0,90,0,1440,1528,80,280,0,-270,-224,0,0,20,0,1320,1528,120,280,0,-274,-224,0,0,20,0,1320,1528,120,280,0,-272,-224,0,0,90,0,1320,1528,120,280,0,-96,-24,0,1,100,0,1824,1680,64,48,0,-88,-18,0,0,20,0,1344,136,48,32,0,-88,-17,0,0,20,0,1344,136,48,32,0,-86,-16,0,0,20,0,1344,136,48,32,0,-87,-16,0,0,20,0,1344,136,48,32,0,-88,-14,0,0,20,0,1344,136,48,32,0,-88,-15,0,0,20,0,1344,136,48,32,0,-90,-16,0,0,20,0,1344,136,48,32,0,-89,-16,0,0,20,0,1344,136,48,32,0,-88,-16,0,0,20,0,1344,136,48,32,0,-264,-8,0,1,100,0,1824,1680,64,48,0,-256,-2,0,0,20,0,1344,136,48,32,0,-256,-1,0,0,20,0,1344,136,48,32,0,-254,0,0,0,20,0,1344,136,48,32,0,-255,0,0,0,20,0,1344,136,48,32,0,-256,2,0,0,20,0,1344,136,48,32,0,-256,1,0,0,20,0,1344,136,48,32,0,-258,0,0,0,20,0,1344,136,48,32,0,-257,0,0,0,20,0,1344,136,48,32,0,-256,0,0,0,20,0,1344,136,48,32,0,-208,-16,0,1,100,0,1824,1680,64,48,0,-200,-10,0,0,20,0,1344,136,48,32,0,-200,-9,0,0,20,0,1344,136,48,32,0,-198,-8,0,0,20,0,1344,136,48,32,0,-199,-8,0,0,20,0,1344,136,48,32,0,-200,-6,0,0,20,0,1344,136,48,32,0,-200,-7,0,0,20,0,1344,136,48,32,0,-202,-8,0,0,20,0,1344,136,48,32,0,-201,-8,0,0,20,0,1344,136,48,32,0,-200,-8,0,0,20,0,1344,136,48,32,0,-160,-40,0,1,100,0,1824,1680,64,48,0,-152,-34,0,0,20,0,1344,136,48,32,0,-152,-33,0,0,20,0,1344,136,48,32,0,-150,-32,0,0,20,0,1344,136,48,32,0,-151,-32,0,0,20,0,1344,136,48,32,0,-152,-30,0,0,20,0,1344,136,48,32,0,-152,-31,0,0,20,0,1344,136,48,32,0,-154,-32,0,0,20,0,1344,136,48,32,0,-153,-32,0,0,20,0,1344,136,48,32,0,-152,-32,0,0,20,0,1344,136,48,32,0,-304,-368,3,1,100,0,1024,1112,280,280,0,-304,-368,0,1,100,0,744,1112,280,280,0,-304,-368,0,1,100,0,744,1112,280,280,0,-224,-280,0,1,100,0,1168,976,112,112,0,-240,-296,0,0,100,0,1104,832,144,144,0,-220,-276,0,1,100,0,1048,512,104,104,0,-220,-276,0,1,100,0,1048,512,104,104,0,-220,-276,0,1,100,0,1048,512,104,104,0,-220,-276,0,0,100,0,1048,512,104,104,0,-240,-240,0,0,100,0,240,1832,144,72,0,-48,-88,0,0,100,0,0,784,96,96,0,-24,-8,0,0,65,0,384,0,48,16,0,
0,52,-180,-60,0,1,50,0,1168,976,112,112,0,-192,-72,0,1,50,0,648,1728,136,136,0,-260,-100,1,1,100,0,1168,976,112,112,0,-272,-112,0,1,50,0,784,1728,136,136,0,-184,-224,0,1,100,0,384,72,32,32,0,-175,-232,1,0,10,0,1192,1528,128,280,0,-177,-232,1,0,10,0,1192,1528,128,280,0,-176,-232,1,0,30,0,1192,1528,128,280,0,-175,-224,0,0,10,0,1520,1528,80,280,0,-177,-224,0,0,10,0,1520,1528,80,280,0,-176,-224,0,0,30,0,1520,1528,80,280,0,-223,-224,0,0,10,0,1440,1528,80,280,0,-225,-224,0,0,10,0,1440,1528,80,280,0,-224,-224,0,0,30,0,1440,1528,80,280,0,-271,-224,0,0,10,0,1320,1528,120,280,0,-273,-224,0,0,10,0,1320,1528,120,280,0,-272,-224,0,0,30,0,1320,1528,120,280,0,-80,-16,0,1,100,0,1760,1840,32,32,0,-80,-17,0,0,20,0,1792,1840,32,32,0,-79,-16,0,0,20,0,1792,1840,32,32,0,-80,-15,0,0,20,0,1792,1840,32,32,0,-81,-16,0,0,20,0,1792,1840,32,32,0,-80,-16,0,0,20,0,1792,1840,32,32,0,-248,0,0,1,100,0,1760,1840,32,32,0,-248,-1,0,0,20,0,1792,1840,32,32,0,-247,0,0,0,20,0,1792,1840,32,32,0,-248,1,0,0,20,0,1792,1840,32,32,0,-249,0,0,0,20,0,1792,1840,32,32,0,-248,0,0,0,20,0,1792,1840,32,32,0,-192,-8,0,1,100,0,1760,1840,32,32,0,-192,-9,0,0,20,0,1792,1840,32,32,0,-191,-8,0,0,20,0,1792,1840,32,32,0,-192,-7,0,0,20,0,1792,1840,32,32,0,-193,-8,0,0,20,0,1792,1840,32,32,0,-192,-8,0,0,20,0,1792,1840,32,32,0,-144,-32,0,1,100,0,1760,1840,32,32,0,-144,-33,0,0,20,0,1792,1840,32,32,0,-143,-32,0,0,20,0,1792,1840,32,32,0,-144,-31,0,0,20,0,1792,1840,32,32,0,-145,-32,0,0,20,0,1792,1840,32,32,0,-144,-32,0,0,20,0,1792,1840,32,32,0,-304,-368,1,1,100,0,1024,1112,280,280,0,-304,-368,1,1,100,0,1024,1112,280,280,0,-224,-280,3,1,100,0,1168,976,112,112,0,-240,-296,0,0,100,0,320,1112,144,144,0,-220,-276,0,1,100,0,1048,512,104,104,0,-220,-276,0,1,100,0,1048,512,104,104,0,-220,-276,0,1,100,0,1048,512,104,104,0,-220,-276,0,0,100,0,1048,512,104,104,0,-240,-240,0,0,100,0,384,1832,144,72,0,-48,-88,0,0,100,0,96,784,96,96,0,-24,-8,0,0,65,0,384,0,48,16,0,
0,12,-180,-220,0,1,100,0,384,48,24,24,0,-260,-100,0,1,50,0,1168,976,112,112,0,-272,-112,0,1,50,0,648,1728,136,136,0,-304,-368,0,1,100,0,744,1112,280,280,0,-304,-368,1,1,100,0,464,1112,280,280,0,-240,-296,0,0,100,0,1152,416,144,144,0,-220,-276,0,1,100,0,1048,512,104,104,0,-220,-276,0,1,100,0,1048,512,104,104,0,-220,-276,0,0,100,0,1048,512,104,104,0,-240,-240,0,0,100,0,240,1760,144,72,0,-48,-88,0,0,100,0,192,784,96,96,0,-24,-8,0,0,65,0,384,0,48,16,0,
0,14,-176,-216,0,1,50,0,400,32,16,16,0,-260,-100,0,1,20,0,1168,976,112,112,0,-272,-112,0,1,50,0,648,1728,136,136,0,-304,-368,2,1,50,0,1024,1112,280,280,0,-304,-368,3,1,50,0,744,1112,280,280,0,-224,-280,3,1,50,0,1168,976,112,112,0,-240,-296,0,0,50,0,1104,688,144,144,0,-220,-276,0,1,50,0,1048,512,104,104,0,-220,-276,0,1,50,0,1048,512,104,104,0,-220,-276,0,1,50,0,1048,512,104,104,0,-220,-276,0,0,50,0,1048,512,104,104,0,-240,-240,0,0,50,0,384,1760,144,72,0,-48,-88,0,0,100,0,288,784,96,96,0,-24,-8,0,0,65,0,384,0,48,16,0,
0,11,-304,-368,3,1,10,0,1024,1112,280,280,0,-304,-368,0,1,20,0,744,1112,280,280,0,-224,-280,0,1,20,0,1168,976,112,112,0,-240,-296,0,0,20,0,1104,832,144,144,0,-220,-276,0,1,20,0,1048,512,104,104,0,-220,-276,0,1,20,0,1048,512,104,104,0,-220,-276,0,1,20,0,1048,512,104,104,0,-220,-276,0,0,20,0,1048,512,104,104,0,-240,-240,0,0,20,0,240,1832,144,72,0,-48,-88,0,0,100,0,0,784,96,96,0,-24,-8,0,0,65,0,384,0,48,16,0,
0,2,-48,-88,0,0,100,0,96,784,96,96,0,-24,-8,0,0,65,0,384,0,48,16,0,
0,2,-48,-88,0,0,100,0,192,784,96,96,0,-24,-8,0,0,65,0,384,0,48,16,0,
0,2,-48,-88,0,0,100,0,288,784,96,96,0,-24,-8,0,0,65,0,384,0,48,16,0,
0,7,-40,-16,0,1,40,0,752,168,80,32,0,-40,-16,0,0,20,0,752,200,80,32,0,8,-40,0,1,50,0,816,128,32,40,0,-40,-40,0,1,50,0,688,128,32,40,0,-48,-64,0,0,100,0,288,0,96,72,0,-40,-48,0,1,50,0,672,168,80,64,0,-24,-8,0,0,65,0,384,0,48,16,0,
0,1,-24,-8,0,0,65,0,384,0,48,16,0,
0,11,-40,-16,0,1,50,0,400,32,16,16,0,-27,-48,0,1,50,0,384,32,16,16,0,24,-24,0,1,50,0,384,32,16,16,0,-40,-16,0,1,100,0,752,168,80,32,0,-40,-16,0,0,50,0,752,200,80,32,0,8,-40,0,1,100,0,720,128,32,40,0,-40,-40,0,1,100,0,592,128,32,40,0,-48,-64,0,0,100,0,96,408,96,72,0,-40,-48,0,1,100,0,432,168,80,64,0,-56,-24,0,1,100,0,16,1768,112,48,0,-24,-8,0,0,65,0,384,0,48,16,0,
0,11,-40,-24,0,1,100,0,400,32,16,16,0,-27,-56,0,1,100,0,384,32,16,16,0,24,-32,0,1,100,0,384,32,16,16,0,-40,-16,0,1,80,0,752,168,80,32,0,-40,-16,0,0,50,0,752,200,80,32,0,8,-40,0,1,100,0,752,128,32,40,0,-40,-40,0,1,100,0,624,128,32,40,0,-48,-64,0,0,100,0,192,416,96,72,0,-40,-48,0,1,100,0,512,168,80,64,0,-88,-40,0,1,100,0,16,1816,176,80,0,-24,-8,0,0,65,0,384,0,48,16,0,
0,16,-11,-68,0,1,50,0,400,32,16,16,0,28,-16,0,1,50,0,400,32,16,16,0,4,-43,0,1,50,0,384,32,16,16,0,-35,-16,0,1,50,0,384,32,16,16,0,-40,-32,0,1,100,0,400,32,16,16,0,-27,-64,0,1,100,0,384,32,16,16,0,24,-40,0,1,100,0,384,32,16,16,0,-40,-16,0,1,60,0,752,168,80,32,0,-40,-16,0,0,50,0,752,200,80,32,0,8,-40,0,1,100,0,784,128,32,40,0,-40,-40,0,1,100,0,656,128,32,40,0,-48,-72,0,0,100,0,288,416,96,80,0,-24,-48,0,1,100,0,432,168,80,64,0,-56,-48,0,1,100,0,592,168,80,64,0,-112,-48,0,1,100,0,16,1672,224,96,0,-24,-8,0,0,65,0,384,0,48,16,0,
0,17,-11,-76,0,1,100,0,400,32,16,16,0,28,-24,0,1,100,0,400,32,16,16,0,4,-51,0,1,100,0,384,32,16,16,0,-35,-24,0,1,100,0,384,32,16,16,0,-40,-40,0,1,100,0,400,32,16,16,0,-27,-72,0,1,100,0,384,32,16,16,0,24,-48,0,1,100,0,384,32,16,16,0,-40,-16,0,1,80,0,752,168,80,32,0,-40,-16,0,0,50,0,752,200,80,32,0,8,-40,0,1,100,0,816,128,32,40,0,-40,-40,0,1,100,0,688,128,32,40,0,-48,-72,0,0,100,0,384,416,96,80,0,-24,-48,0,1,100,0,512,168,80,64,0,-56,-48,0,1,100,0,672,168,80,64,0,-112,-48,0,1,20,0,16,1672,224,96,0,-112,-48,0,1,100,0,16,1672,224,96,0,-24,-8,0,0,65,0,384,0,48,16,0,
0,21,-51,-12,0,1,50,0,400,32,16,16,0,12,-19,0,1,50,0,400,32,16,16,0,36,-15,0,1,50,0,384,32,16,16,0,-22,-26,0,1,50,0,384,32,16,16,0,-11,-84,0,1,100,0,400,32,16,16,0,28,-32,0,1,100,0,400,32,16,16,0,4,-59,0,1,100,0,384,32,16,16,0,-35,-32,0,1,100,0,384,32,16,16,0,-40,-48,0,1,60,0,400,32,16,16,0,-27,-80,0,1,60,0,384,32,16,16,0,24,-56,0,1,60,0,384,32,16,16,0,-40,-16,0,1,100,0,752,168,80,32,0,-40,-16,0,0,50,0,752,200,80,32,0,8,-40,0,1,100,0,720,128,32,40,0,-40,-40,0,1,100,0,592,128,32,40,0,-48,-72,0,0,100,0,480,416,96,80,0,-24,-48,0,1,100,0,592,168,80,64,0,-56,-48,0,1,100,0,432,168,80,64,0,-112,-48,0,1,40,0,16,1672,224,96,0,-112,-48,0,1,100,0,16,1672,224,96,0,-24,-8,0,0,65,0,384,0,48,16,0,
0,21,-51,-20,0,1,100,0,400,32,16,16,0,12,-27,0,1,100,0,400,32,16,16,0,36,-23,0,1,100,0,384,32,16,16,0,-22,-34,0,1,100,0,384,32,16,16,0,-11,-92,0,1,60,0,400,32,16,16,0,28,-40,0,1,60,0,400,32,16,16,0,4,-67,0,1,60,0,384,32,16,16,0,-35,-40,0,1,60,0,384,32,16,16,0,-40,-52,0,1,30,0,400,32,16,16,0,-27,-84,0,1,30,0,384,32,16,16,0,24,-60,0,1,30,0,384,32,16,16,0,-40,-16,0,1,80,0,752,168,80,32,0,-40,-16,0,0,50,0,752,200,80,32,0,8,-40,0,1,100,0,752,128,32,40,0,-40,-40,0,1,100,0,624,128,32,40,0,-48,-72,0,0,100,0,576,416,96,80,0,-24,-48,0,1,100,0,672,168,80,64,0,-56,-48,0,1,100,0,512,168,80,64,0,-112,-48,0,1,20,0,16,1672,224,96,0,-112,-48,0,1,100,0,16,1672,224,96,0,-24,-8,0,0,65,0,384,0,48,16,0,
0,20,-51,-28,0,1,100,0,400,32,16,16,0,12,-35,0,1,100,0,400,32,16,16,0,36,-31,0,1,100,0,384,32,16,16,0,-22,-42,0,1,100,0,384,32,16,16,0,-11,-96,0,1,30,0,400,32,16,16,0,28,-44,0,1,30,0,400,32,16,16,0,4,-71,0,1,30,0,384,32,16,16,0,-35,-44,0,1,30,0,384,32,16,16,0,-40,-54,0,1,10,0,400,32,16,16,0,-27,-86,0,1,10,0,384,32,16,16,0,24,-62,0,1,10,0,384,32,16,16,0,-40,-16,0,1,60,0,752,168,80,32,0,-40,-16,0,0,50,0,752,200,80,32,0,8,-40,0,1,100,0,784,128,32,40,0,-40,-40,0,1,100,0,656,128,32,40,0,-48,-72,0,0,100,0,672,416,96,80,0,-24,-48,0,1,100,0,432,168,80,64,0,-56,-48,0,1,100,0,592,168,80,64,0,-112,-48,0,1,100,0,16,1672,224,96,0,-24,-8,0,0,65,0,384,0,48,16,0,
0,18,-51,-36,0,1,100,0,400,32,16,16,0,12,-43,0,1,100,0,400,32,16,16,0,36,-39,0,1,100,0,384,32,16,16,0,-22,-50,0,1,100,0,384,32,16,16,0,-11,-98,0,1,10,0,400,32,16,16,0,28,-46,0,1,10,0,400,32,16,16,0,4,-73,0,1,10,0,384,32,16,16,0,-35,-46,0,1,10,0,384,32,16,16,0,-40,-16,0,1,80,0,752,168,80,32,0,-40,-16,0,0,50,0,752,200,80,32,0,8,-40,0,1,100,0,816,128,32,40,0,-40,-40,0,1,100,0,688,128,32,40,0,-48,-72,0,0,100,0,768,416,96,80,0,-24,-48,0,1,100,0,512,168,80,64,0,-56,-48,0,1,100,0,672,168,80,64,0,-112,-48,0,1,20,0,16,1672,224,96,0,-112,-48,0,1,100,0,16,1672,224,96,0,-24,-8,0,0,65,0,384,0,48,16,0,
0,14,-51,-44,0,1,60,0,400,32,16,16,0,12,-51,0,1,60,0,400,32,16,16,0,36,-47,0,1,60,0,384,32,16,16,0,-22,-58,0,1,60,0,384,32,16,16,0,-40,-16,0,1,100,0,752,168,80,32,0,-40,-16,0,0,50,0,752,200,80,32,0,8,-40,0,1,100,0,720,128,32,40,0,-40,-40,0,1,100,0,592,128,32,40,0,-48,-72,0,0,100,0,864,416,96,80,0,-24,-48,0,1,100,0,592,168,80,64,0,-56,-48,0,1,100,0,432,168,80,64,0,-112,-48,0,1,40,0,16,1672,224,96,0,-112,-48,0,1,100,0,16,1672,224,96,0,-24,-8,0,0,65,0,384,0,48,16,0,
0,14,-51,-48,0,1,30,0,400,32,16,16,0,12,-55,0,1,30,0,400,32,16,16,0,36,-51,0,1,30,0,384,32,16,16,0,-22,-62,0,1,30,0,384,32,16,16,0,-40,-16,0,1,80,0,752,168,80,32,0,-40,-16,0,0,50,0,752,200,80,32,0,8,-40,0,1,100,0,752,128,32,40,0,-40,-40,0,1,100,0,624,128,32,40,0,-48,-88,0,0,100,0,960,416,96,96,0,-24,-48,0,1,100,0,672,168,80,64,0,-56,-48,0,1,100,0,512,168,80,64,0,-112,-48,0,1,60,0,16,1672,224,96,0,-112,-48,0,1,100,0,16,1672,224,96,0,-24,-8,0,0,65,0,384,0,48,16,0,
0,17,-51,-50,0,1,10,0,400,32,16,16,0,12,-57,0,1,10,0,400,32,16,16,0,36,-53,0,1,10,0,384,32,16,16,0,-22,-64,0,1,10,0,384,32,16,16,0,-124,-182,0,1,100,0,1376,416,224,224,0,-64,-122,0,1,100,0,664,232,104,104,0,-104,-82,0,1,50,0,944,0,184,24,0,-40,-16,0,1,60,0,752,168,80,32,0,-40,-16,0,0,50,0,752,200,80,32,0,8,-40,0,1,100,0,784,128,32,40,0,-40,-40,0,1,100,0,656,128,32,40,0,-48,-88,0,0,100,0,1056,416,96,96,0,-24,-48,0,1,100,0,432,168,80,64,0,-56,-48,0,1,100,0,592,168,80,64,0,-112,-48,0,1,100,0,16,1672,224,96,0,-112,-48,0,1,100,0,16,1672,224,96,0,-24,-8,0,0,65,0,384,0,48,16,0,
0,14,-124,-182,0,1,100,0,1376,640,224,224,0,-80,-138,0,1,100,0,1264,0,136,136,0,-144,-82,0,1,70,0,944,24,272,24,0,-104,-82,0,1,50,0,944,0,184,24,0,-40,-16,0,1,80,0,752,168,80,32,0,-40,-16,0,0,50,0,752,200,80,32,0,8,-40,0,1,100,0,816,128,32,40,0,-40,-40,0,1,100,0,688,128,32,40,0,-48,-88,0,0,100,0,0,496,96,96,0,-24,-48,0,1,100,0,512,168,80,64,0,-56,-48,0,1,100,0,672,168,80,64,0,-112,-48,0,1,80,0,16,1672,224,96,0,-112,-48,0,1,100,0,16,1672,224,96,0,-24,-8,0,0,65,0,384,0,48,16,0,
0,14,-124,-182,0,1,100,0,1376,864,224,224,0,-80,-138,0,1,100,0,1400,0,136,136,0,-144,-82,0,1,70,0,944,24,272,24,0,-104,-82,0,1,80,0,944,0,184,24,0,-40,-16,0,1,100,0,752,168,80,32,0,-40,-16,0,0,50,0,752,200,80,32,0,8,-40,0,1,100,0,720,128,32,40,0,-40,-40,0,1,100,0,592,128,32,40,0,-48,-88,0,0,100,0,96,496,96,96,0,-24,-48,0,1,100,0,592,168,80,64,0,-56,-48,0,1,100,0,432,168,80,64,0,-112,-48,0,1,60,0,16,1672,224,96,0,-112,-48,0,1,100,0,16,1672,224,96,0,-24,-8,0,0,65,0,384,0,48,16,0,
0,13,-124,-182,0,1,50,0,1376,864,224,224,0,-144,-82,0,1,70,0,944,24,272,24,0,-104,-82,0,1,100,0,944,0,184,24,0,-40,-16,0,1,80,0,752,168,80,32,0,-40,-16,0,0,50,0,752,200,80,32,0,8,-40,0,1,100,0,752,128,32,40,0,-40,-40,0,1,100,0,624,128,32,40,0,-48,-88,0,0,100,0,192,496,96,96,0,-24,-48,0,1,100,0,672,168,80,64,0,-56,-48,0,1,100,0,512,168,80,64,0,-112,-48,0,1,40,0,16,1672,224,96,0,-112,-48,0,1,100,0,16,1672,224,96,0,-24,-8,0,0,65,0,384,0,48,16,0,
0,16,-24,-104,1,1,100,0,1232,232,48,48,0,0,-112,1,1,100,0,1184,232,48,48,0,-48,-104,0,1,100,0,1232,232,48,48,0,-72,-112,0,1,100,0,1184,232,48,48,0,-144,-82,0,1,50,0,944,24,272,24,0,-104,-82,0,1,100,0,944,0,184,24,0,-40,-16,0,1,60,0,752,168,80,32,0,-40,-16,0,0,50,0,752,200,80,32,0,8,-40,0,1,100,0,784,128,32,40,0,-40,-40,0,1,100,0,656,128,32,40,0,-48,-88,0,0,100,0,288,496,96,96,0,-24,-48,0,1,100,0,432,168,80,64,0,-56,-48,0,1,100,0,592,168,80,64,0,-112,-48,0,1,20,0,16,1672,224,96,0,-112,-48,0,1,100,0,16,1672,224,96,0,-24,-8,0,0,65,0,384,0,48,16,0,
0,16,-40,-144,1,1,100,0,1080,232,104,104,0,-8,-144,1,1,100,0,976,232,104,104,0,-80,-144,0,1,100,0,1080,232,104,104,0,-112,-144,0,1,100,0,976,232,104,104,0,-144,-82,0,1,30,0,944,24,272,24,0,-104,-82,0,1,100,0,944,0,184,24,0,-40,-16,0,1,80,0,752,168,80,32,0,-40,-16,0,0,50,0,752,200,80,32,0,8,-40,0,1,100,0,816,128,32,40,0,-40,-40,0,1,100,0,688,128,32,40,0,-48,-88,0,0,100,0,0,496,96,96,0,-24,-48,0,1,100,0,512,168,80,64,0,-56,-48,0,1,100,0,672,168,80,64,0,-112,-48,0,1,40,0,16,1672,224,96,0,-112,-48,0,1,100,0,16,1672,224,96,0,-24,-8,0,0,65,0,384,0,48,16,0,
0,21,-40,-146,1,1,30,0,1080,232,104,104,0,-8,-146,1,1,30,0,976,232,104,104,0,-80,-146,0,1,30,0,1080,232,104,104,0,-112,-146,0,1,30,0,976,232,104,104,0,-104,-82,0,1,20,0,944,0,184,24,0,-40,-144,1,1,100,0,1080,232,104,104,0,-8,-144,1,1,100,0,976,232,104,104,0,-80,-144,0,1,100,0,1080,232,104,104,0,-112,-144,0,1,100,0,976,232,104,104,0,-144,-82,0,1,20,0,944,24,272,24,0,-104,-82,0,1,100,0,944,0,184,24,0,-40,-16,0,1,100,0,752,168,80,32,0,-40,-16,0,0,50,0,752,200,80,32,0,8,-40,0,1,100,0,720,128,32,40,0,-40,-40,0,1,100,0,592,128,32,40,0,-48,-88,0,0,100,0,96,496,96,96,0,-24,-48,0,1,100,0,592,168,80,64,0,-56,-48,0,1,100,0,432,168,80,64,0,-112,-48,0,1,60,0,16,1672,224,96,0,-112,-48,0,1,100,0,16,1672,224,96,0,-24,-8,0,0,65,0,384,0,48,16,0,
0,20,-72,-208,0,0,100,0,1400,136,72,144,0,-112,-144,0,0,100,0,1280,216,96,80,0,-16,-152,0,0,100,0,1296,416,80,80,0,-32,-208,0,0,100,0,1552,136,48,144,0,-40,-144,1,1,100,0,1080,232,104,104,0,-8,-144,1,1,100,0,976,232,104,104,0,-80,-144,0,1,100,0,1080,232,104,104,0,-112,-144,0,1,100,0,976,232,104,104,0,-144,-82,0,1,70,0,944,24,272,24,0,-104,-82,0,1,100,0,944,0,184,24,0,-48,-16,0,1,100,0,384,744,96,40,0,-48,-16,0,0,50,0,552,832,96,40,0,8,-40,0,1,100,0,752,128,32,40,0,-40,-40,0,1,100,0,624,128,32,40,0,-48,-88,0,0,100,0,192,496,96,96,0,-24,-48,0,1,100,0,672,168,80,64,0,-56,-48,0,1,100,0,512,168,80,64,0,-112,-48,0,1,40,0,16,1672,224,96,0,-112,-48,0,1,100,0,16,1672,224,96,0,-24,-8,0,0,65,0,384,0,48,16,0,
0,24,-144,-208,0,0,100,0,1400,1232,176,80,0,-104,-256,0,0,100,0,1280,216,96,80,0,-112,-296,0,0,100,0,1400,136,72,144,0,-184,-208,0,0,100,0,1280,216,96,80,0,-72,-208,0,0,100,0,1400,1088,72,144,0,-112,-144,0,0,100,0,1304,1152,96,80,0,-16,-152,0,0,100,0,1296,496,80,80,0,-32,-208,0,0,100,0,1552,1088,48,144,0,-40,-144,1,1,70,0,1080,232,104,104,0,-8,-144,1,1,70,0,976,232,104,104,0,-80,-144,0,1,70,0,1080,232,104,104,0,-112,-144,0,1,70,0,976,232,104,104,0,-144,-82,0,1,50,0,944,24,272,24,0,-104,-82,0,1,80,0,944,0,184,24,0,-64,-24,0,1,100,0,384,784,128,48,0,-64,-24,0,0,50,0,968,616,128,48,0,8,-40,0,1,100,0,784,128,32,40,0,-40,-40,0,1,100,0,656,128,32,40,0,-48,-88,0,0,100,0,288,496,96,96,0,-24,-48,0,1,100,0,432,168,80,64,0,-56,-48,0,1,100,0,592,168,80,64,0,-112,-48,0,1,20,0,16,1672,224,96,0,-112,-48,0,1,100,0,16,1672,224,96,0,-24,-8,0,0,65,0,384,0,48,16,0,
0,25,-184,-240,0,0,100,0,1400,1232,176,80,0,-176,-256,0,0,100,0,1400,1392,168,136,0,-152,-256,0,0,100,0,1400,136,72,144,0,-192,-240,0,0,100,0,1280,216,96,80,0,-144,-192,0,0,100,0,1400,1312,176,80,0,-72,-208,0,0,100,0,1400,136,72,144,0,-112,-144,0,0,100,0,1280,216,96,80,0,-16,-152,0,0,100,0,1296,576,80,80,0,-32,-208,0,0,100,0,1552,136,48,144,0,-40,-144,1,1,100,0,1080,232,104,104,0,-8,-144,1,1,100,0,976,232,104,104,0,-80,-144,0,1,100,0,1080,232,104,104,0,-112,-144,0,1,100,0,976,232,104,104,0,-144,-82,0,1,70,0,944,24,272,24,0,-104,-82,0,1,100,0,944,0,184,24,0,-72,-24,0,1,80,0,384,832,144,48,0,-72,-24,0,0,50,0,1184,296,144,48,0,8,-40,0,1,100,0,816,128,32,40,0,-40,-40,0,1,100,0,688,128,32,40,0,-48,-88,0,0,100,0,0,496,96,96,0,-24,-48,0,1,100,0,512,168,80,64,0,-56,-48,0,1,100,0,672,168,80,64,0,-112,-48,0,1,40,0,16,1672,224,96,0,-112,-48,0,1,100,0,16,1672,224,96,0,-24,-8,0,0,65,0,384,0,48,16,0,
0,36,-193,-166,0,1,50,0,400,32,16,16,0,-94,-207,0,1,50,0,400,32,16,16,0,-250,-249,0,1,50,0,400,32,16,16,0,-226,-306,0,1,50,0,384,32,16,16,0,-168,-298,0,1,50,0,384,32,16,16,0,-151,-142,0,1,50,0,384,32,16,16,0,-102,-257,0,1,50,0,384,32,16,16,0,-217,-190,0,1,50,0,384,32,16,16,0,-192,-232,0,0,100,0,1400,1232,176,80,0,-176,-248,0,0,100,0,1232,1392,168,136,0,-184,-256,0,0,100,0,1296,656,80,80,0,-136,-240,0,0,100,0,1400,1088,72,144,0,-192,-232,0,0,100,0,1304,1152,96,80,0,-112,-176,0,0,100,0,1304,1312,96,80,0,-200,-264,0,1,100,0,1312,1048,64,64,0,-40,-146,1,1,30,0,1080,232,104,104,0,-8,-146,1,1,30,0,976,232,104,104,0,-80,-146,0,1,30,0,1080,232,104,104,0,-112,-146,0,1,30,0,976,232,104,104,0,-104,-82,0,1,20,0,944,0,184,24,0,-40,-144,1,1,100,0,1080,232,104,104,0,-8,-144,1,1,100,0,976,232,104,104,0,-80,-144,0,1,100,0,1080,232,104,104,0,-112,-144,0,1,100,0,976,232,104,104,0,-144,-82,0,1,90,0,944,24,272,24,0,-104,-82,0,1,100,0,944,0,184,24,0,-72,-24,0,1,60,0,384,832,144,48,0,-72,-24,0,0,50,0,1184,296,144,48,0,8,-40,0,1,100,0,720,128,32,40,0,-40,-40,0,1,100,0,592,128,32,40,0,-48,-88,0,0,100,0,96,496,96,96,0,-24,-48,0,1,100,0,592,168,80,64,0,-56,-48,0,1,100,0,432,168,80,64,0,-112,-48,0,1,60,0,16,1672,224,96,0,-112,-48,0,1,100,0,16,1672,224,96,0,-24,-8,0,0,65,0,384,0,48,16,0,
0,35,-192,-168,0,1,100,0,400,32,16,16,0,-96,-208,0,1,100,0,400,32,16,16,0,-248,-248,0,1,100,0,400,32,16,16,0,-224,-304,0,1,100,0,384,32,16,16,0,-168,-296,0,1,100,0,384,32,16,16,0,-152,-144,0,1,100,0,384,32,16,16,0,-104,-256,0,1,100,0,384,32,16,16,0,-216,-192,0,1,100,0,384,32,16,16,0,-120,-232,0,0,100,0,1536,344,64,64,0,-120,-192,0,0,100,0,1472,280,48,48,0,-128,-184,0,0,100,0,1440,280,32,32,0,-192,-240,0,0,100,0,1304,1312,96,80,0,-176,-248,0,0,100,0,1376,280,64,64,0,-160,-256,0,0,100,0,1296,656,80,80,0,-184,-256,0,0,100,0,1296,576,80,80,0,-192,-248,0,0,100,0,1304,1152,96,80,0,-200,-248,0,0,100,0,1280,216,96,80,0,-196,-260,0,0,100,0,1536,280,64,64,0,-216,-280,0,1,100,0,1280,952,96,96,0,-40,-144,1,1,100,0,1080,232,104,104,0,-8,-144,1,1,100,0,976,232,104,104,0,-80,-144,0,1,100,0,1080,232,104,104,0,-112,-144,0,1,100,0,976,232,104,104,0,-144,-82,0,1,70,0,944,24,272,24,0,-104,-82,0,1,100,0,944,0,184,24,0,-72,-24,0,1,80,0,384,832,144,48,0,-72,-24,0,0,50,0,1184,296,144,48,0,8,-40,0,1,100,0,752,128,32,40,0,-40,-40,0,1,100,0,624,128,32,40,0,-48,-88,0,0,100,0,192,496,96,96,0,-24,-48,0,1,100,0,672,168,80,64,0,-56,-48,0,1,100,0,512,168,80,64,0,-112,-48,0,1,40,0,16,1672,224,96,0,-112,-48,0,1,100,0,16,1672,224,96,0,-24,-8,0,0,65,0,384,0,48,16,0,
0,36,-110,-142,0,1,50,0,400,32,16,16,0,-70,-265,0,1,50,0,400,32,16,16,0,-258,-178,0,1,50,0,400,32,16,16,0,-193,-118,0,1,50,0,384,32,16,16,0,-201,-338,0,1,50,0,384,32,16,16,0,-274,-273,0,1,50,0,384,32,16,16,0,-58,-183,0,1,50,0,384,32,16,16,0,-188,-184,0,1,100,0,400,32,16,16,0,-120,-216,0,1,100,0,400,32,16,16,0,-224,-246,0,1,100,0,400,32,16,16,0,-212,-288,0,1,100,0,384,32,16,16,0,-168,-280,0,1,100,0,384,32,16,16,0,-158,-168,0,1,100,0,384,32,16,16,0,-120,-252,0,1,100,0,384,32,16,16,0,-208,-200,0,1,100,0,384,32,16,16,0,-184,-232,0,0,100,0,1536,344,64,64,0,-144,-240,0,0,100,0,1472,280,48,48,0,-144,-216,0,0,100,0,1440,280,32,32,0,-208,-272,0,0,100,0,1288,864,88,88,0,-232,-296,0,1,100,0,1248,736,128,128,0,-40,-144,1,1,70,0,1080,232,104,104,0,-8,-144,1,1,70,0,976,232,104,104,0,-80,-144,0,1,70,0,1080,232,104,104,0,-112,-144,0,1,70,0,976,232,104,104,0,-144,-82,0,1,40,0,944,24,272,24,0,-104,-82,0,1,80,0,944,0,184,24,0,-72,-24,0,1,100,0,384,832,144,48,0,-72,-24,0,0,50,0,1184,296,144,48,0,8,-40,0,1,100,0,784,128,32,40,0,-40,-40,0,1,100,0,656,128,32,40,0,-48,-88,0,0,100,0,288,496,96,96,0,-24,-48,0,1,100,0,432,168,80,64,0,-56,-48,0,1,100,0,592,168,80,64,0,-112,-48,0,1,20,0,16,1672,224,96,0,-112,-48,0,1,100,0,16,1672,224,96,0,-24,-8,0,0,65,0,384,0,48,16,0,
0,33,-112,-144,0,1,100,0,400,32,16,16,0,-72,-264,0,1,100,0,400,32,16,16,0,-256,-180,0,1,100,0,400,32,16,16,0,-192,-120,0,1,100,0,384,32,16,16,0,-200,-336,0,1,100,0,384,32,16,16,0,-272,-272,0,1,100,0,384,32,16,16,0,-60,-184,0,1,100,0,384,32,16,16,0,-184,-200,0,1,100,0,400,32,16,16,0,-144,-224,0,1,100,0,400,32,16,16,0,-200,-244,0,1,100,0,400,32,16,16,0,-200,-272,0,1,100,0,384,32,16,16,0,-168,-264,0,1,100,0,384,32,16,16,0,-164,-192,0,1,100,0,384,32,16,16,0,-136,-248,0,1,100,0,384,32,16,16,0,-200,-208,0,1,100,0,384,32,16,16,0,-304,-368,3,1,100,0,464,1112,280,280,0,-304,-368,0,1,100,0,464,1112,280,280,0,-228,-292,0,0,100,0,1152,560,128,128,0,-40,-144,1,1,40,0,1080,232,104,104,0,-8,-144,1,1,40,0,976,232,104,104,0,-80,-144,0,1,40,0,1080,232,104,104,0,-112,-144,0,1,40,0,976,232,104,104,0,-144,-82,0,1,40,0,944,24,272,24,0,-72,-24,0,1,80,0,384,832,144,48,0,-72,-24,0,0,50,0,1184,296,144,48,0,8,-40,0,1,100,0,816,128,32,40,0,-40,-40,0,1,100,0,688,128,32,40,0,-48,-88,0,0,100,0,0,496,96,96,0,-24,-48,0,1,100,0,512,168,80,64,0,-56,-48,0,1,100,0,672,168,80,64,0,-112,-48,0,1,40,0,16,1672,224,96,0,-112,-48,0,1,100,0,16,1672,224,96,0,-24,-8,0,0,65,0,384,0,48,16,0,
0,49,-132,-168,0,1,100,0,400,32,16,16,0,-104,-256,0,1,100,0,400,32,16,16,0,-232,-196,0,1,100,0,400,32,16,16,0,-188,-152,0,1,100,0,384,32,16,16,0,-196,-312,0,1,100,0,384,32,16,16,0,-248,-264,0,1,100,0,384,32,16,16,0,-92,-192,0,1,100,0,384,32,16,16,0,-193,-166,0,1,50,0,400,32,16,16,0,-94,-207,0,1,50,0,400,32,16,16,0,-250,-249,0,1,50,0,400,32,16,16,0,-226,-306,0,1,50,0,384,32,16,16,0,-168,-298,0,1,50,0,384,32,16,16,0,-151,-142,0,1,50,0,384,32,16,16,0,-102,-257,0,1,50,0,384,32,16,16,0,-217,-190,0,1,50,0,384,32,16,16,0,-180,-216,0,1,100,0,400,32,16,16,0,-164,-232,0,1,100,0,400,32,16,16,0,-176,-242,0,1,100,0,400,32,16,16,0,-188,-256,0,1,100,0,384,32,16,16,0,-168,-248,0,1,100,0,384,32,16,16,0,-170,-216,0,1,100,0,384,32,16,16,0,-152,-244,0,1,100,0,384,32,16,16,0,-192,-216,0,1,100,0,384,32,16,16,0,-240,-296,0,0,100,0,1152,416,144,144,0,-196,-252,0,1,100,0,1096,616,56,56,0,-196,-252,0,1,100,0,1096,616,56,56,0,-196,-252,0,1,100,0,1096,616,56,56,0,-196,-252,0,1,100,0,1096,616,56,56,0,-208,-264,0,0,100,0,1536,344,64,64,0,-176,-264,0,0,100,0,1472,280,48,48,0,-240,-240,0,0,100,0,240,1760,144,72,0,-304,-368,2,1,100,0,744,1112,280,280,0,-304,-368,0,1,100,0,744,1112,280,280,0,-304,-368,1,1,100,0,464,1112,280,280,0,-40,-144,1,1,20,0,1080,232,104,104,0,-8,-144,1,1,20,0,976,232,104,104,0,-80,-144,0,1,20,0,1080,232,104,104,0,-112,-144,0,1,20,0,976,232,104,104,0,-144,-82,0,1,20,0,944,24,272,24,0,-72,-24,0,1,60,0,384,832,144,48,0,-72,-24,0,0,50,0,1184,296,144,48,0,8,-40,0,1,100,0,720,128,32,40,0,-40,-40,0,1,100,0,592,128,32,40,0,-48,-88,0,0,100,0,96,496,96,96,0,-24,-48,0,1,100,0,592,168,80,64,0,-56,-48,0,1,100,0,432,168,80,64,0,-112,-48,0,1,60,0,16,1672,224,96,0,-112,-48,0,1,100,0,16,1672,224,96,0,-24,-8,0,0,65,0,384,0,48,16,0,
0,34,-152,-192,0,1,100,0,400,32,16,16,0,-136,-248,0,1,100,0,400,32,16,16,0,-208,-212,0,1,100,0,400,32,16,16,0,-184,-184,0,1,100,0,384,32,16,16,0,-190,-288,0,1,100,0,384,32,16,16,0,-224,-256,0,1,100,0,384,32,16,16,0,-124,-200,0,1,100,0,384,32,16,16,0,-192,-168,0,1,100,0,400,32,16,16,0,-96,-208,0,1,100,0,400,32,16,16,0,-248,-248,0,1,100,0,400,32,16,16,0,-224,-304,0,1,100,0,384,32,16,16,0,-168,-296,0,1,100,0,384,32,16,16,0,-152,-144,0,1,100,0,384,32,16,16,0,-104,-256,0,1,100,0,384,32,16,16,0,-216,-192,0,1,100,0,384,32,16,16,0,-240,-296,0,0,100,0,1104,688,144,144,0,-212,-268,0,1,100,0,1016,672,88,88,0,-212,-268,0,1,100,0,1016,672,88,88,0,-212,-268,0,1,100,0,1016,672,88,88,0,-212,-268,0,0,50,0,1016,672,88,88,0,-240,-240,0,0,100,0,384,1760,144,72,0,-304,-368,2,1,100,0,1024,1112,280,280,0,-304,-368,3,1,100,0,744,1112,280,280,0,-224,-280,3,1,50,0,1168,976,112,112,0,-72,-24,0,1,80,0,384,832,144,48,0,-72,-24,0,0,50,0,1184,296,144,48,0,8,-40,0,1,100,0,752,128,32,40,0,-40,-40,0,1,100,0,624,128,32,40,0,-48,-88,0,0,100,0,192,496,96,96,0,-24,-48,0,1,100,0,672,168,80,64,0,-56,-48,0,1,100,0,512,168,80,64,0,-112,-48,0,1,40,0,16,1672,224,96,0,-112,-48,0,1,100,0,16,1672,224,96,0,-24,-8,0,0,65,0,384,0,48,16,0,
0,41,-110,-142,0,1,50,0,400,32,16,16,0,-70,-265,0,1,50,0,400,32,16,16,0,-258,-178,0,1,50,0,400,32,16,16,0,-193,-118,0,1,50,0,384,32,16,16,0,-201,-338,0,1,50,0,384,32,16,16,0,-274,-273,0,1,50,0,384,32,16,16,0,-58,-183,0,1,50,0,384,32,16,16,0,-168,-216,0,1,100,0,400,32,16,16,0,-168,-240,0,1,100,0,400,32,16,16,0,-184,-228,0,1,100,0,400,32,16,16,0,-180,-216,0,1,100,0,384,32,16,16,0,-182,-256,0,1,100,0,384,32,16,16,0,-200,-248,0,1,100,0,384,32,16,16,0,-156,-208,0,1,100,0,384,32,16,16,0,-188,-184,0,1,100,0,400,32,16,16,0,-120,-216,0,1,100,0,400,32,16,16,0,-224,-246,0,1,100,0,400,32,16,16,0,-212,-288,0,1,100,0,384,32,16,16,0,-168,-280,0,1,100,0,384,32,16,16,0,-158,-168,0,1,100,0,384,32,16,16,0,-120,-252,0,1,100,0,384,32,16,16,0,-208,-200,0,1,100,0,384,32,16,16,0,-240,-296,0,0,100,0,1104,832,144,144,0,-220,-276,0,1,100,0,1048,512,104,104,0,-220,-276,0,1,100,0,1048,512,104,104,0,-220,-276,0,1,100,0,1048,512,104,104,0,-220,-276,0,0,80,0,1048,512,104,104,0,-240,-240,0,0,100,0,240,1832,144,72,0,-304,-368,2,1,50,0,1024,1112,280,280,0,-304,-368,0,1,100,0,464,1112,280,280,0,-224,-280,0,1,100,0,1168,976,112,112,0,-72,-24,0,1,100,0,384,832,144,48,0,-72,-24,0,0,50,0,1184,296,144,48,0,8,-40,0,1,100,0,784,128,32,40,0,-40,-40,0,1,100,0,656,128,32,40,0,-48,-88,0,0,100,0,0,688,96,96,0,-24,-48,0,1,100,0,432,168,80,64,0,-56,-48,0,1,100,0,592,168,80,64,0,-112,-48,0,1,20,0,16,1672,224,96,0,-112,-48,0,1,100,0,16,1672,224,96,0,-24,-8,0,0,65,0,384,0,48,16,0,
0,37,-112,-144,0,1,100,0,400,32,16,16,0,-72,-264,0,1,100,0,400,32,16,16,0,-256,-180,0,1,100,0,400,32,16,16,0,-192,-120,0,1,100,0,384,32,16,16,0,-200,-336,0,1,100,0,384,32,16,16,0,-272,-272,0,1,100,0,384,32,16,16,0,-60,-184,0,1,100,0,384,32,16,16,0,-184,-200,0,1,100,0,400,32,16,16,0,-144,-224,0,1,100,0,400,32,16,16,0,-200,-244,0,1,100,0,400,32,16,16,0,-200,-272,0,1,100,0,384,32,16,16,0,-168,-264,0,1,100,0,384,32,16,16,0,-164,-192,0,1,100,0,384,32,16,16,0,-136,-248,0,1,100,0,384,32,16,16,0,-200,-208,0,1,100,0,384,32,16,16,0,-240,-296,0,0,100,0,320,1112,144,144,0,-220,-276,0,1,100,0,1048,512,104,104,0,-220,-276,0,1,100,0,1048,512,104,104,0,-220,-276,0,1,100,0,1048,512,104,104,0,-220,-276,0,0,100,0,1048,512,104,104,0,-240,-240,0,0,100,0,384,1832,144,72,0,-234,-290,3,1,100,0,1168,976,112,112,0,-214,-290,3,1,100,0,1168,976,112,112,0,-214,-270,3,1,100,0,1168,976,112,112,0,-234,-270,3,1,100,0,1168,976,112,112,0,-224,-280,3,1,100,0,1168,976,112,112,0,-40,-96,0,1,100,0,888,664,48,48,0,-72,-24,0,1,80,0,384,832,144,48,0,-72,-24,0,0,50,0,1184,296,144,48,0,8,-40,0,1,100,0,816,128,32,40,0,-40,-40,0,1,100,0,688,128,32,40,0,-48,-88,0,0,100,0,0,592,96,96,0,-24,-48,0,1,100,0,512,168,80,64,0,-56,-48,0,1,100,0,672,168,80,64,0,-112,-48,0,1,40,0,16,1672,224,96,0,-112,-48,0,1,100,0,16,1672,224,96,0,-24,-8,0,0,65,0,384,0,48,16,0,
0,50,-132,-168,0,1,100,0,400,32,16,16,0,-104,-256,0,1,100,0,400,32,16,16,0,-232,-196,0,1,100,0,400,32,16,16,0,-188,-152,0,1,100,0,384,32,16,16,0,-196,-312,0,1,100,0,384,32,16,16,0,-248,-264,0,1,100,0,384,32,16,16,0,-92,-192,0,1,100,0,384,32,16,16,0,-193,-166,0,1,50,0,400,32,16,16,0,-94,-207,0,1,50,0,400,32,16,16,0,-250,-249,0,1,50,0,400,32,16,16,0,-226,-306,0,1,50,0,384,32,16,16,0,-168,-298,0,1,50,0,384,32,16,16,0,-151,-142,0,1,50,0,384,32,16,16,0,-102,-257,0,1,50,0,384,32,16,16,0,-217,-190,0,1,50,0,384,32,16,16,0,-180,-216,0,1,100,0,400,32,16,16,0,-164,-232,0,1,100,0,400,32,16,16,0,-176,-242,0,1,100,0,400,32,16,16,0,-188,-256,0,1,100,0,384,32,16,16,0,-168,-248,0,1,100,0,384,32,16,16,0,-170,-216,0,1,100,0,384,32,16,16,0,-152,-244,0,1,100,0,384,32,16,16,0,-192,-216,0,1,100,0,384,32,16,16,0,-180,-220,0,1,100,0,384,48,24,24,0,-174,-204,0,1,100,0,384,32,16,16,0,-186,-218,0,1,100,0,384,32,16,16,0,-169,-223,0,1,100,0,400,32,16,16,0,-173,-212,0,1,100,0,400,32,16,16,0,-240,-296,0,0,100,0,1152,416,144,144,0,-220,-276,0,1,100,0,1048,512,104,104,0,-220,-276,0,1,100,0,1048,512,104,104,0,-220,-276,0,1,100,0,1048,512,104,104,0,-220,-276,0,0,100,0,1048,512,104,104,0,-240,-240,0,0,100,0,240,1760,144,72,0,-230,-286,3,1,100,0,1168,976,112,112,0,-218,-286,3,1,100,0,1168,976,112,112,0,-218,-274,3,1,100,0,1168,976,112,112,0,-230,-274,3,1,100,0,1168,976,112,112,0,-224,-280,3,1,100,0,1168,976,112,112,0,-40,-96,0,1,100,0,936,664,48,48,0,-72,-24,0,1,60,0,384,832,144,48,0,-72,-24,0,0,50,0,1184,296,144,48,0,8,-40,0,1,100,0,720,128,32,40,0,-40,-40,0,1,100,0,592,128,32,40,0,-48,-88,0,0,100,0,96,592,96,96,0,-24,-48,0,1,100,0,592,168,80,64,0,-56,-48,0,1,100,0,432,168,80,64,0,-112,-48,0,1,60,0,16,1672,224,96,0,-112,-48,0,1,100,0,16,1672,224,96,0,-24,-8,0,0,65,0,384,0,48,16,0,
0,45,-152,-192,0,1,100,0,400,32,16,16,0,-136,-248,0,1,100,0,400,32,16,16,0,-208,-212,0,1,100,0,400,32,16,16,0,-184,-184,0,1,100,0,384,32,16,16,0,-190,-288,0,1,100,0,384,32,16,16,0,-224,-256,0,1,100,0,384,32,16,16,0,-124,-200,0,1,100,0,384,32,16,16,0,-192,-168,0,1,100,0,400,32,16,16,0,-96,-208,0,1,100,0,400,32,16,16,0,-248,-248,0,1,100,0,400,32,16,16,0,-224,-304,0,1,100,0,384,32,16,16,0,-168,-296,0,1,100,0,384,32,16,16,0,-152,-144,0,1,100,0,384,32,16,16,0,-104,-256,0,1,100,0,384,32,16,16,0,-216,-192,0,1,100,0,384,32,16,16,0,-272,-240,0,1,100,0,888,760,216,72,0,-179,-214,0,1,100,0,400,32,16,16,0,-176,-213,0,1,100,0,384,32,16,16,0,-180,-220,0,1,100,0,384,48,24,24,0,-174,-204,0,1,100,0,400,32,16,16,0,-186,-218,0,1,100,0,400,32,16,16,0,-169,-223,0,1,100,0,384,32,16,16,0,-173,-212,0,1,100,0,384,32,16,16,0,-240,-296,0,0,100,0,1104,688,144,144,0,-220,-276,0,1,100,0,1048,512,104,104,0,-220,-276,0,1,100,0,1048,512,104,104,0,-220,-276,0,1,100,0,1048,512,104,104,0,-220,-276,0,0,100,0,1048,512,104,104,0,-240,-240,0,0,100,0,384,1760,144,72,0,-234,-290,3,1,100,0,1168,976,112,112,0,-214,-290,3,1,100,0,1168,976,112,112,0,-214,-270,3,1,100,0,1168,976,112,112,0,-234,-270,3,1,100,0,1168,976,112,112,0,-224,-280,3,1,100,0,1168,976,112,112,0,-40,-96,0,1,100,0,888,712,48,48,0,-72,-24,0,1,80,0,384,832,144,48,0,-72,-24,0,0,50,0,1184,296,144,48,0,8,-40,0,1,100,0,752,128,32,40,0,-40,-40,0,1,100,0,624,128,32,40,0,-48,-88,0,0,100,0,192,592,96,96,0,-24,-48,0,1,100,0,672,168,80,64,0,-56,-48,0,1,100,0,512,168,80,64,0,-112,-48,0,1,40,0,16,1672,224,96,0,-112,-48,0,1,100,0,16,1672,224,96,0,-24,-8,0,0,65,0,384,0,48,16,0,
0,39,-188,-184,0,1,100,0,400,32,16,16,0,-120,-216,0,1,100,0,400,32,16,16,0,-224,-246,0,1,100,0,400,32,16,16,0,-212,-288,0,1,100,0,384,32,16,16,0,-168,-280,0,1,100,0,384,32,16,16,0,-158,-168,0,1,100,0,384,32,16,16,0,-120,-252,0,1,100,0,384,32,16,16,0,-208,-200,0,1,100,0,384,32,16,16,0,-272,-240,0,1,100,0,888,832,216,72,0,-175,-218,0,1,100,0,400,32,16,16,0,-179,-216,0,1,100,0,400,32,16,16,0,-174,-213,0,1,100,0,384,32,16,16,0,-180,-220,0,1,100,0,384,48,24,24,0,-174,-204,0,1,100,0,384,32,16,16,0,-186,-218,0,1,100,0,384,32,16,16,0,-169,-223,0,1,100,0,400,32,16,16,0,-173,-212,0,1,100,0,400,32,16,16,0,-240,-296,0,0,100,0,1104,832,144,144,0,-220,-276,0,1,100,0,1048,512,104,104,0,-220,-276,0,1,100,0,1048,512,104,104,0,-220,-276,0,1,100,0,1048,512,104,104,0,-220,-276,0,0,100,0,1048,512,104,104,0,-240,-240,0,0,100,0,240,1832,144,72,0,-239,-295,3,1,100,0,1168,976,112,112,0,-209,-295,3,1,100,0,1168,976,112,112,0,-209,-265,3,1,100,0,1168,976,112,112,0,-239,-265,3,1,100,0,1168,976,112,112,0,-224,-280,3,1,100,0,1168,976,112,112,0,-40,-96,0,1,100,0,936,712,48,48,0,-72,-24,0,1,100,0,384,832,144,48,0,-72,-24,0,0,50,0,1184,296,144,48,0,8,-40,0,1,100,0,784,128,32,40,0,-40,-40,0,1,100,0,656,128,32,40,0,-48,-88,0,0,100,0,288,592,96,96,0,-24,-48,0,1,100,0,432,168,80,64,0,-56,-48,0,1,100,0,592,168,80,64,0,-112,-48,0,1,20,0,16,1672,224,96,0,-112,-48,0,1,100,0,16,1672,224,96,0,-24,-8,0,0,65,0,384,0,48,16,0,
0,40,-184,-200,0,1,100,0,400,32,16,16,0,-144,-224,0,1,100,0,400,32,16,16,0,-200,-244,0,1,100,0,400,32,16,16,0,-200,-272,0,1,100,0,384,32,16,16,0,-168,-264,0,1,100,0,384,32,16,16,0,-164,-192,0,1,100,0,384,32,16,16,0,-136,-248,0,1,100,0,384,32,16,16,0,-200,-208,0,1,100,0,384,32,16,16,0,-175,-218,0,1,100,0,400,32,16,16,0,-179,-216,0,1,100,0,400,32,16,16,0,-174,-213,0,1,100,0,384,32,16,16,0,-184,-224,0,1,100,0,384,72,32,32,0,-180,-220,0,1,100,0,384,48,24,24,0,-272,-240,0,1,100,0,888,904,216,72,0,-240,-296,0,0,100,0,320,1112,144,144,0,-220,-276,0,1,100,0,1048,512,104,104,0,-220,-276,0,1,100,0,1048,512,104,104,0,-220,-276,0,1,100,0,1048,512,104,104,0,-220,-276,0,0,100,0,1048,512,104,104,0,-240,-240,0,0,100,0,384,1832,144,72,0,-241,-297,3,1,100,0,1168,976,112,112,0,-207,-297,3,1,100,0,1168,976,112,112,0,-207,-263,3,1,100,0,1168,976,112,112,0,-241,-263,3,1,100,0,1168,976,112,112,0,-240,-280,3,1,100,0,1168,976,112,112,0,-224,-264,3,1,100,0,1168,976,112,112,0,-208,-280,3,1,100,0,1168,976,112,112,0,-224,-296,3,1,100,0,1168,976,112,112,0,-224,-280,3,1,100,0,1168,976,112,112,0,-40,-96,0,1,100,0,888,664,48,48,0,-72,-24,0,1,80,0,384,832,144,48,0,-72,-24,0,0,50,0,1184,296,144,48,0,8,-40,0,1,100,0,816,128,32,40,0,-40,-40,0,1,100,0,688,128,32,40,0,-48,-88,0,0,100,0,0,592,96,96,0,-24,-48,0,1,100,0,512,168,80,64,0,-56,-48,0,1,100,0,672,168,80,64,0,-112,-48,0,1,40,0,16,1672,224,96,0,-112,-48,0,1,100,0,16,1672,224,96,0,-24,-8,0,0,65,0,384,0,48,16,0,
0,48,-168,-216,0,1,100,0,400,32,16,16,0,-168,-240,0,1,100,0,400,32,16,16,0,-184,-228,0,1,100,0,400,32,16,16,0,-180,-216,0,1,100,0,384,32,16,16,0,-182,-256,0,1,100,0,384,32,16,16,0,-200,-248,0,1,100,0,384,32,16,16,0,-156,-208,0,1,100,0,384,32,16,16,0,-193,-166,0,1,50,0,400,32,16,16,0,-94,-207,0,1,50,0,400,32,16,16,0,-250,-249,0,1,50,0,400,32,16,16,0,-226,-306,0,1,50,0,384,32,16,16,0,-168,-298,0,1,50,0,384,32,16,16,0,-151,-142,0,1,50,0,384,32,16,16,0,-102,-257,0,1,50,0,384,32,16,16,0,-217,-190,0,1,50,0,384,32,16,16,0,-180,-216,0,1,100,0,400,32,16,16,0,-164,-232,0,1,100,0,400,32,16,16,0,-176,-242,0,1,100,0,400,32,16,16,0,-188,-256,0,1,100,0,384,32,16,16,0,-168,-248,0,1,100,0,384,32,16,16,0,-170,-216,0,1,100,0,384,32,16,16,0,-152,-244,0,1,100,0,384,32,16,16,0,-192,-216,0,1,100,0,384,32,16,16,0,-176,-225,0,1,100,0,400,32,16,16,0,-170,-208,0,1,100,0,400,32,16,16,0,-184,-224,0,1,100,0,384,72,32,32,0,-240,-296,0,0,100,0,1152,416,144,144,0,-220,-276,0,1,100,0,1048,512,104,104,0,-220,-276,0,1,100,0,1048,512,104,104,0,-220,-276,0,1,100,0,1048,512,104,104,0,-220,-276,0,0,100,0,1048,512,104,104,0,-240,-240,0,0,100,0,240,1760,144,72,0,-234,-290,3,1,100,0,1168,976,112,112,0,-214,-290,3,1,100,0,1168,976,112,112,0,-214,-270,3,1,100,0,1168,976,112,112,0,-234,-270,3,1,100,0,1168,976,112,112,0,-224,-280,3,1,100,0,1168,976,112,112,0,-40,-96,0,1,100,0,936,664,48,48,0,-72,-24,0,1,60,0,384,832,144,48,0,-72,-24,0,0,50,0,1184,296,144,48,0,8,-40,0,1,100,0,720,128,32,40,0,-40,-40,0,1,100,0,592,128,32,40,0,-48,-88,0,0,100,0,96,592,96,96,0,-24,-48,0,1,100,0,592,168,80,64,0,-56,-48,0,1,100,0,432,168,80,64,0,-112,-48,0,1,60,0,16,1672,224,96,0,-112,-48,0,1,100,0,16,1672,224,96,0,-24,-8,0,0,65,0,384,0,48,16,0,
0,40,-127,-306,0,1,50,0,416,48,16,16,0,-258,-175,0,1,50,0,416,48,16,16,0,-126,-174,0,1,50,0,416,32,16,16,0,-226,-274,0,1,50,0,416,32,16,16,0,-78,-241,0,1,50,0,416,32,16,16,0,-192,-168,0,1,100,0,400,32,16,16,0,-96,-208,0,1,100,0,400,32,16,16,0,-248,-248,0,1,100,0,400,32,16,16,0,-224,-304,0,1,100,0,384,32,16,16,0,-168,-296,0,1,100,0,384,32,16,16,0,-152,-144,0,1,100,0,384,32,16,16,0,-104,-256,0,1,100,0,384,32,16,16,0,-216,-192,0,1,100,0,384,32,16,16,0,-272,-240,0,1,100,0,888,760,216,72,0,-186,-219,0,1,100,0,400,32,16,16,0,-176,-225,0,1,100,0,384,32,16,16,0,-170,-208,0,1,100,0,384,32,16,16,0,-184,-224,0,1,100,0,384,72,32,32,0,-240,-296,0,0,100,0,1104,688,144,144,0,-220,-276,0,1,100,0,1048,512,104,104,0,-220,-276,0,1,100,0,1048,512,104,104,0,-220,-276,0,1,100,0,1048,512,104,104,0,-220,-276,0,0,100,0,1048,512,104,104,0,-240,-240,0,0,100,0,384,1760,144,72,0,-230,-286,3,1,100,0,1168,976,112,112,0,-218,-286,3,1,100,0,1168,976,112,112,0,-218,-274,3,1,100,0,1168,976,112,112,0,-230,-274,3,1,100,0,1168,976,112,112,0,-224,-280,3,1,100,0,1168,976,112,112,0,-40,-96,0,1,100,0,888,712,48,48,0,-72,-24,0,1,80,0,384,832,144,48,0,-72,-24,0,0,50,0,1184,296,144,48,0,8,-40,0,1,100,0,752,128,32,40,0,-40,-40,0,1,100,0,624,128,32,40,0,-48,-88,0,0,100,0,192,592,96,96,0,-24,-48,0,1,100,0,672,168,80,64,0,-56,-48,0,1,100,0,512,168,80,64,0,-112,-48,0,1,40,0,16,1672,224,96,0,-112,-48,0,1,100,0,16,1672,224,96,0,-24,-8,0,0,65,0,384,0,48,16,0,
0,42,-128,-304,0,1,100,0,416,48,16,16,0,-256,-176,0,1,100,0,416,48,16,16,0,-128,-176,0,1,100,0,416,32,16,16,0,-224,-272,0,1,100,0,416,32,16,16,0,-80,-240,0,1,100,0,416,32,16,16,0,-188,-184,0,1,100,0,400,32,16,16,0,-120,-216,0,1,100,0,400,32,16,16,0,-224,-246,0,1,100,0,400,32,16,16,0,-212,-288,0,1,100,0,384,32,16,16,0,-168,-280,0,1,100,0,384,32,16,16,0,-158,-168,0,1,100,0,384,32,16,16,0,-120,-252,0,1,100,0,384,32,16,16,0,-208,-200,0,1,100,0,384,32,16,16,0,-272,-240,0,1,100,0,888,832,216,72,0,-173,-228,0,1,100,0,400,32,16,16,0,-178,-203,0,1,100,0,384,32,16,16,0,-165,-218,0,1,100,0,400,32,16,16,0,-189,-212,0,1,100,0,400,32,16,16,0,-186,-219,0,1,100,0,384,32,16,16,0,-184,-224,0,1,100,0,384,72,32,32,0,-240,-296,0,0,100,0,1104,832,144,144,0,-220,-276,0,1,100,0,1048,512,104,104,0,-220,-276,0,1,100,0,1048,512,104,104,0,-220,-276,0,1,100,0,1048,512,104,104,0,-220,-276,0,0,100,0,1048,512,104,104,0,-240,-240,0,0,100,0,240,1832,144,72,0,-234,-290,3,1,100,0,1168,976,112,112,0,-214,-290,3,1,100,0,1168,976,112,112,0,-214,-270,3,1,100,0,1168,976,112,112,0,-234,-270,3,1,100,0,1168,976,112,112,0,-224,-280,3,1,100,0,1168,976,112,112,0,-40,-96,0,1,100,0,936,712,48,48,0,-72,-24,0,1,100,0,384,832,144,48,0,-72,-24,0,0,50,0,1184,296,144,48,0,8,-40,0,1,100,0,784,128,32,40,0,-40,-40,0,1,100,0,656,128,32,40,0,-48,-88,0,0,100,0,288,592,96,96,0,-24,-48,0,1,100,0,432,168,80,64,0,-56,-48,0,1,100,0,592,168,80,64,0,-112,-48,0,1,20,0,16,1672,224,96,0,-112,-48,0,1,100,0,16,1672,224,96,0,-24,-8,0,0,65,0,384,0,48,16,0,
0,52,-69,-243,0,1,50,0,416,48,16,16,0,-170,-321,0,1,50,0,416,48,16,16,0,-120,-133,0,1,50,0,416,48,16,16,0,-252,-289,0,1,50,0,416,48,16,16,0,-288,-148,0,1,50,0,416,32,16,16,0,-207,-156,0,1,50,0,416,32,16,16,0,-300,-243,0,1,50,0,416,32,16,16,0,-68,-200,0,1,50,0,416,32,16,16,0,-140,-272,0,1,100,0,416,48,16,16,0,-232,-192,0,1,100,0,416,48,16,16,0,-140,-192,0,1,100,0,416,32,16,16,0,-208,-256,0,1,100,0,416,32,16,16,0,-112,-236,0,1,100,0,416,32,16,16,0,-184,-200,0,1,100,0,400,32,16,16,0,-144,-224,0,1,100,0,400,32,16,16,0,-200,-244,0,1,100,0,400,32,16,16,0,-200,-272,0,1,100,0,384,32,16,16,0,-168,-264,0,1,100,0,384,32,16,16,0,-164,-192,0,1,100,0,384,32,16,16,0,-136,-248,0,1,100,0,384,32,16,16,0,-200,-208,0,1,100,0,384,32,16,16,0,-272,-240,0,1,50,0,888,760,216,72,0,-272,-240,0,1,100,0,888,904,216,72,0,-173,-228,0,1,100,0,384,32,16,16,0,-182,-222,0,1,100,0,400,32,16,16,0,-169,-205,0,1,100,0,400,32,16,16,0,-165,-218,0,1,100,0,384,32,16,16,0,-189,-212,0,1,100,0,384,32,16,16,0,-184,-224,0,1,100,0,384,72,32,32,0,-184,-224,0,1,100,0,384,72,32,32,0,-240,-296,0,0,100,0,320,1112,144,144,0,-220,-276,0,1,100,0,1048,512,104,104,0,-220,-276,0,1,100,0,1048,512,104,104,0,-220,-276,0,1,100,0,1048,512,104,104,0,-220,-276,0,0,100,0,1048,512,104,104,0,-240,-240,0,0,100,0,384,1832,144,72,0,-239,-295,3,1,100,0,1168,976,112,112,0,-209,-295,3,1,100,0,1168,976,112,112,0,-209,-265,3,1,100,0,1168,976,112,112,0,-239,-265,3,1,100,0,1168,976,112,112,0,-224,-280,3,1,100,0,1168,976,112,112,0,-40,-96,0,1,100,0,888,664,48,48,0,-72,-24,0,1,80,0,384,832,144,48,0,-72,-24,0,0,50,0,1184,296,144,48,0,8,-40,0,1,100,0,816,128,32,40,0,-40,-40,0,1,100,0,688,128,32,40,0,-48,-88,0,0,100,0,0,592,96,96,0,-24,-48,0,1,100,0,512,168,80,64,0,-56,-48,0,1,100,0,672,168,80,64,0,-112,-48,0,1,40,0,16,1672,224,96,0,-112,-48,0,1,100,0,16,1672,224,96,0,-24,-8,0,0,65,0,384,0,48,16,0,
0,57,-71,-242,0,1,100,0,416,48,16,16,0,-170,-319,0,1,100,0,416,48,16,16,0,-122,-135,0,1,100,0,416,48,16,16,0,-250,-287,0,1,100,0,416,48,16,16,0,-286,-150,0,1,100,0,416,32,16,16,0,-206,-158,0,1,100,0,416,32,16,16,0,-298,-242,0,1,100,0,416,32,16,16,0,-70,-201,0,1,100,0,416,32,16,16,0,-150,-248,0,1,100,0,416,48,16,16,0,-208,-208,0,1,100,0,416,48,16,16,0,-154,-212,0,1,100,0,416,32,16,16,0,-192,-240,0,1,100,0,416,32,16,16,0,-144,-232,0,1,100,0,416,32,16,16,0,-193,-166,0,1,50,0,400,32,16,16,0,-94,-207,0,1,50,0,400,32,16,16,0,-250,-249,0,1,50,0,400,32,16,16,0,-226,-306,0,1,50,0,384,32,16,16,0,-168,-298,0,1,50,0,384,32,16,16,0,-151,-142,0,1,50,0,384,32,16,16,0,-102,-257,0,1,50,0,384,32,16,16,0,-217,-190,0,1,50,0,384,32,16,16,0,-180,-216,0,1,100,0,400,32,16,16,0,-164,-232,0,1,100,0,400,32,16,16,0,-176,-242,0,1,100,0,400,32,16,16,0,-188,-256,0,1,100,0,384,32,16,16,0,-168,-248,0,1,100,0,384,32,16,16,0,-170,-216,0,1,100,0,384,32,16,16,0,-152,-244,0,1,100,0,384,32,16,16,0,-192,-216,0,1,100,0,384,32,16,16,0,-182,-222,0,1,100,0,384,32,16,16,0,-169,-205,0,1,100,0,384,32,16,16,0,-184,-224,0,1,100,0,384,72,32,32,0,-184,-224,0,1,100,0,384,72,32,32,0,-184,-224,0,1,100,0,384,72,32,32,0,-272,-240,0,1,100,0,888,832,216,72,0,-240,-296,0,0,100,0,1152,416,144,144,0,-220,-276,0,1,100,0,1048,512,104,104,0,-220,-276,0,1,100,0,1048,512,104,104,0,-220,-276,0,1,100,0,1048,512,104,104,0,-220,-276,0,0,100,0,1048,512,104,104,0,-240,-240,0,0,100,0,240,1760,144,72,0,-234,-290,3,1,100,0,1168,976,112,112,0,-214,-290,3,1,100,0,1168,976,112,112,0,-214,-270,3,1,100,0,1168,976,112,112,0,-234,-270,3,1,100,0,1168,976,112,112,0,-224,-280,3,1,100,0,1168,976,112,112,0,-40,-96,0,1,100,0,936,664,48,48,0,-72,-24,0,1,60,0,384,832,144,48,0,-72,-24,0,0,50,0,1184,296,144,48,0,8,-40,0,1,100,0,720,128,32,40,0,-40,-40,0,1,100,0,592,128,32,40,0,-48,-88,0,0,100,0,96,592,96,96,0,-24,-48,0,1,100,0,592,168,80,64,0,-56,-48,0,1,100,0,432,168,80,64,0,-112,-48,0,1,60,0,16,1672,224,96,0,-112,-48,0,1,100,0,16,1672,224,96,0,-24,-8,0,0,65,0,384,0,48,16,0,
0,48,-103,-234,0,1,100,0,416,48,16,16,0,-170,-295,0,1,100,0,416,48,16,16,0,-130,-159,0,1,100,0,416,48,16,16,0,-234,-271,0,1,100,0,416,48,16,16,0,-254,-174,0,1,100,0,416,32,16,16,0,-198,-182,0,1,100,0,416,32,16,16,0,-266,-240,0,1,100,0,416,32,16,16,0,-102,-209,0,1,100,0,416,32,16,16,0,-158,-232,0,1,100,0,416,48,16,16,0,-192,-218,0,1,100,0,416,48,16,16,0,-162,-220,0,1,100,0,416,32,16,16,0,-182,-230,0,1,100,0,416,32,16,16,0,-166,-229,0,1,100,0,416,32,16,16,0,-192,-168,0,1,100,0,400,32,16,16,0,-96,-208,0,1,100,0,400,32,16,16,0,-248,-248,0,1,100,0,400,32,16,16,0,-224,-304,0,1,100,0,384,32,16,16,0,-168,-296,0,1,100,0,384,32,16,16,0,-152,-144,0,1,100,0,384,32,16,16,0,-104,-256,0,1,100,0,384,32,16,16,0,-216,-192,0,1,100,0,384,32,16,16,0,-184,-224,0,1,100,0,384,72,32,32,0,-184,-224,0,1,100,0,384,72,32,32,0,-184,-224,0,1,100,0,384,72,32,32,0,-184,-224,0,1,100,0,384,72,32,32,0,-272,-240,0,1,100,0,888,904,216,72,0,-240,-296,0,0,100,0,1104,688,144,144,0,-220,-276,0,1,100,0,1048,512,104,104,0,-220,-276,0,1,100,0,1048,512,104,104,0,-220,-276,0,1,100,0,1048,512,104,104,0,-220,-276,0,0,100,0,1048,512,104,104,0,-240,-240,0,0,100,0,384,1760,144,72,0,-242,-298,3,1,100,0,1168,976,112,112,0,-206,-298,3,1,100,0,1168,976,112,112,0,-206,-262,3,1,100,0,1168,976,112,112,0,-242,-262,3,1,100,0,1168,976,112,112,0,-224,-280,3,1,100,0,1168,976,112,112,0,-40,-96,0,1,100,0,888,712,48,48,0,-72,-24,0,1,80,0,384,832,144,48,0,-72,-24,0,0,50,0,1184,296,144,48,0,8,-40,0,1,100,0,752,128,32,40,0,-40,-40,0,1,100,0,624,128,32,40,0,-48,-88,0,0,100,0,192,592,96,96,0,-24,-48,0,1,100,0,672,168,80,64,0,-56,-48,0,1,100,0,512,168,80,64,0,-112,-48,0,1,40,0,16,1672,224,96,0,-112,-48,0,1,100,0,16,1672,224,96,0,-24,-8,0,0,65,0,384,0,48,16,0,
0,41,-135,-226,0,1,100,0,416,48,16,16,0,-170,-271,0,1,100,0,416,48,16,16,0,-143,-195,0,1,100,0,416,48,16,16,0,-218,-255,0,1,100,0,416,48,16,16,0,-222,-198,0,1,100,0,416,32,16,16,0,-190,-206,0,1,100,0,416,32,16,16,0,-234,-238,0,1,100,0,416,32,16,16,0,-126,-217,0,1,100,0,416,32,16,16,0,-188,-184,0,1,100,0,400,32,16,16,0,-120,-216,0,1,100,0,400,32,16,16,0,-224,-246,0,1,100,0,400,32,16,16,0,-212,-288,0,1,100,0,384,32,16,16,0,-168,-280,0,1,100,0,384,32,16,16,0,-158,-168,0,1,100,0,384,32,16,16,0,-120,-252,0,1,100,0,384,32,16,16,0,-208,-200,0,1,100,0,384,32,16,16,0,-188,-228,0,0,60,0,1304,1112,40,40,0,-228,-268,0,1,100,0,896,984,120,120,0,-236,-276,0,1,100,0,1032,976,136,136,0,-184,-224,0,1,100,0,384,72,32,32,0,-184,-224,0,1,100,0,384,72,32,32,0,-240,-296,0,0,100,0,1104,832,144,144,0,-220,-276,0,1,100,0,1048,512,104,104,0,-220,-276,0,1,100,0,1048,512,104,104,0,-220,-276,0,1,100,0,1048,512,104,104,0,-220,-276,0,0,100,0,1048,512,104,104,0,-240,-240,0,0,100,0,240,1832,144,72,0,-304,-368,3,1,50,0,1024,1112,280,280,0,-304,-368,0,1,100,0,464,1112,280,280,0,-224,-280,0,1,100,0,1168,976,112,112,0,-40,-96,0,1,100,0,936,712,48,48,0,-72,-24,0,1,100,0,384,832,144,48,0,-72,-24,0,0,50,0,1184,296,144,48,0,8,-40,0,1,100,0,784,128,32,40,0,-40,-40,0,1,100,0,656,128,32,40,0,-48,-88,0,0,100,0,288,592,96,96,0,-24,-48,0,1,100,0,432,168,80,64,0,-56,-48,0,1,100,0,592,168,80,64,0,-112,-48,0,1,20,0,16,1672,224,96,0,-112,-48,0,1,100,0,16,1672,224,96,0,-24,-8,0,0,65,0,384,0,48,16,0,
0,40,-135,-226,0,1,100,0,416,48,16,16,0,-170,-247,0,1,100,0,416,48,16,16,0,-159,-227,0,1,100,0,416,48,16,16,0,-194,-231,0,1,100,0,416,48,16,16,0,-190,-222,0,1,100,0,416,32,16,16,0,-182,-222,0,1,100,0,416,32,16,16,0,-202,-236,0,1,100,0,416,32,16,16,0,-150,-225,0,1,100,0,416,32,16,16,0,-184,-200,0,1,100,0,400,32,16,16,0,-144,-224,0,1,100,0,400,32,16,16,0,-200,-244,0,1,100,0,400,32,16,16,0,-200,-272,0,1,100,0,384,32,16,16,0,-168,-264,0,1,100,0,384,32,16,16,0,-164,-192,0,1,100,0,384,32,16,16,0,-136,-248,0,1,100,0,384,32,16,16,0,-200,-208,0,1,100,0,384,32,16,16,0,-204,-244,0,0,60,0,816,1032,72,72,0,-252,-292,0,1,100,0,856,1392,168,168,0,-252,-292,0,1,100,0,1024,1392,168,168,0,-184,-224,0,1,100,0,384,72,32,32,0,-240,-296,0,0,100,0,320,1112,144,144,0,-220,-276,0,1,100,0,1048,512,104,104,0,-220,-276,0,1,100,0,1048,512,104,104,0,-220,-276,0,1,100,0,1048,512,104,104,0,-220,-276,0,0,100,0,1048,512,104,104,0,-240,-240,0,0,100,0,384,1832,144,72,0,-304,-368,3,1,50,0,1024,1112,280,280,0,-304,-368,0,1,100,0,744,1112,280,280,0,-224,-280,0,1,100,0,1168,976,112,112,0,-40,-96,0,1,100,0,936,712,48,48,0,-72,-24,0,1,100,0,384,832,144,48,0,-72,-24,0,0,50,0,1184,296,144,48,0,8,-40,0,1,100,0,784,128,32,40,0,-40,-40,0,1,100,0,656,128,32,40,0,-48,-88,0,0,100,0,288,592,96,96,0,-24,-48,0,1,100,0,432,168,80,64,0,-56,-48,0,1,100,0,592,168,80,64,0,-112,-48,0,1,20,0,16,1672,224,96,0,-112,-48,0,1,100,0,16,1672,224,96,0,-24,-8,0,0,65,0,384,0,48,16,0,
0,34,-180,-216,0,1,100,0,400,32,16,16,0,-164,-232,0,1,100,0,400,32,16,16,0,-176,-242,0,1,100,0,400,32,16,16,0,-188,-256,0,1,100,0,384,32,16,16,0,-168,-248,0,1,100,0,384,32,16,16,0,-170,-216,0,1,100,0,384,32,16,16,0,-152,-244,0,1,100,0,384,32,16,16,0,-192,-216,0,1,100,0,384,32,16,16,0,-204,-244,0,0,60,0,744,1032,72,72,0,-252,-292,0,1,100,0,688,1392,168,168,0,-252,-292,0,1,100,0,1024,1560,168,168,0,-252,-292,0,1,100,0,792,496,168,168,0,-184,-224,0,1,100,0,384,72,32,32,0,-240,-296,0,0,100,0,1152,416,144,144,0,-220,-276,0,1,100,0,1048,512,104,104,0,-220,-276,0,1,100,0,1048,512,104,104,0,-220,-276,0,1,100,0,1048,512,104,104,0,-220,-276,0,0,100,0,1048,512,104,104,0,-240,-240,0,0,100,0,240,1760,144,72,0,-304,-368,1,1,100,0,1024,1112,280,280,0,-304,-368,3,1,100,0,464,1112,280,280,0,-304,-368,0,1,100,0,464,1112,280,280,0,-224,-280,3,1,100,0,1168,976,112,112,0,-40,-96,0,1,100,0,888,664,48,48,0,-72,-24,0,1,80,0,384,832,144,48,0,-72,-24,0,0,50,0,1184,296,144,48,0,8,-40,0,1,100,0,816,128,32,40,0,-40,-40,0,1,100,0,688,128,32,40,0,-48,-88,0,0,100,0,0,592,96,96,0,-24,-48,0,1,100,0,512,168,80,64,0,-56,-48,0,1,100,0,672,168,80,64,0,-112,-48,0,1,40,0,16,1672,224,96,0,-112,-48,0,1,100,0,16,1672,224,96,0,-24,-8,0,0,65,0,384,0,48,16,0,
0,26,-204,-244,0,0,60,0,672,1032,72,72,0,-252,-292,0,1,100,0,520,1392,168,168,0,-252,-292,0,1,100,0,856,1560,168,168,0,-252,-292,0,1,100,0,624,496,168,168,0,-184,-224,0,1,100,0,384,72,32,32,0,-240,-296,0,0,100,0,1104,688,144,144,0,-220,-276,0,1,100,0,1048,512,104,104,0,-220,-276,0,1,100,0,1048,512,104,104,0,-220,-276,0,1,100,0,1048,512,104,104,0,-220,-276,0,0,100,0,1048,512,104,104,0,-240,-240,0,0,100,0,384,1760,144,72,0,-304,-368,1,1,100,0,1024,1112,280,280,0,-304,-368,3,1,100,0,464,1112,280,280,0,-304,-368,0,1,100,0,464,1112,280,280,0,-224,-280,3,1,100,0,1168,976,112,112,0,-40,-96,0,1,100,0,888,664,48,48,0,-72,-24,0,1,80,0,384,832,144,48,0,-72,-24,0,0,50,0,1184,296,144,48,0,8,-40,0,1,100,0,816,128,32,40,0,-40,-40,0,1,100,0,688,128,32,40,0,-48,-88,0,0,100,0,0,592,96,96,0,-24,-48,0,1,100,0,512,168,80,64,0,-56,-48,0,1,100,0,672,168,80,64,0,-112,-48,0,1,40,0,16,1672,224,96,0,-112,-48,0,1,100,0,16,1672,224,96,0,-24,-8,0,0,65,0,384,0,48,16,0,
0,25,-204,-244,0,0,60,0,600,1032,72,72,0,-252,-292,0,1,100,0,352,1392,168,168,0,-268,-308,0,1,100,0,440,1560,200,200,0,-252,-292,0,1,100,0,456,496,168,168,0,-184,-224,0,1,100,0,384,72,32,32,0,-240,-296,0,0,100,0,1104,832,144,144,0,-220,-276,0,1,100,0,1048,512,104,104,0,-220,-276,0,1,100,0,1048,512,104,104,0,-220,-276,0,1,100,0,1048,512,104,104,0,-220,-276,0,0,100,0,1048,512,104,104,0,-240,-240,0,0,100,0,240,1832,144,72,0,-304,-368,2,1,100,0,744,1112,280,280,0,-304,-368,0,1,100,0,744,1112,280,280,0,-304,-368,1,1,100,0,464,1112,280,280,0,-40,-96,0,1,100,0,936,664,48,48,0,-72,-24,0,1,60,0,384,832,144,48,0,-72,-24,0,0,50,0,1184,296,144,48,0,8,-40,0,1,100,0,720,128,32,40,0,-40,-40,0,1,100,0,592,128,32,40,0,-48,-88,0,0,100,0,96,592,96,96,0,-24,-48,0,1,100,0,592,168,80,64,0,-56,-48,0,1,100,0,432,168,80,64,0,-112,-48,0,1,60,0,16,1672,224,96,0,-112,-48,0,1,100,0,16,1672,224,96,0,-24,-8,0,0,65,0,384,0,48,16,0,
0,25,-204,-244,0,0,60,0,528,1032,72,72,0,-252,-292,0,1,100,0,184,1392,168,168,0,-268,-308,0,1,100,0,240,1560,200,200,0,-252,-292,0,1,100,0,720,664,168,168,0,-184,-224,0,1,100,0,384,72,32,32,0,-240,-296,0,0,100,0,320,1112,144,144,0,-220,-276,0,1,100,0,1048,512,104,104,0,-220,-276,0,1,100,0,1048,512,104,104,0,-220,-276,0,1,100,0,1048,512,104,104,0,-220,-276,0,0,100,0,1048,512,104,104,0,-240,-240,0,0,100,0,384,1832,144,72,0,-304,-368,2,1,100,0,744,1112,280,280,0,-304,-368,0,1,100,0,744,1112,280,280,0,-304,-368,1,1,100,0,464,1112,280,280,0,-40,-96,0,1,100,0,936,664,48,48,0,-72,-24,0,1,60,0,384,832,144,48,0,-72,-24,0,0,50,0,1184,296,144,48,0,8,-40,0,1,100,0,720,128,32,40,0,-40,-40,0,1,100,0,592,128,32,40,0,-48,-88,0,0,100,0,96,592,96,96,0,-24,-48,0,1,100,0,592,168,80,64,0,-56,-48,0,1,100,0,432,168,80,64,0,-112,-48,0,1,60,0,16,1672,224,96,0,-112,-48,0,1,100,0,16,1672,224,96,0,-24,-8,0,0,65,0,384,0,48,16,0,
0,25,-204,-244,0,0,30,0,456,1032,72,72,0,-252,-292,0,1,50,0,16,1392,168,168,0,-268,-308,0,1,50,0,240,1560,200,200,0,-252,-292,0,1,50,0,720,664,168,168,0,-184,-224,0,1,100,0,384,72,32,32,0,-240,-296,0,0,100,0,1152,416,144,144,0,-220,-276,0,1,100,0,1048,512,104,104,0,-220,-276,0,1,100,0,1048,512,104,104,0,-220,-276,0,1,100,0,1048,512,104,104,0,-220,-276,0,0,100,0,1048,512,104,104,0,-240,-240,0,0,100,0,240,1760,144,72,0,-304,-368,2,1,100,0,1024,1112,280,280,0,-304,-368,3,1,100,0,744,1112,280,280,0,-224,-280,3,1,50,0,1168,976,112,112,0,-40,-96,0,1,100,0,888,712,48,48,0,-72,-24,0,1,80,0,384,832,144,48,0,-72,-24,0,0,50,0,1184,296,144,48,0,8,-40,0,1,100,0,752,128,32,40,0,-40,-40,0,1,100,0,624,128,32,40,0,-48,-88,0,0,100,0,192,592,96,96,0,-24,-48,0,1,100,0,672,168,80,64,0,-56,-48,0,1,100,0,512,168,80,64,0,-112,-48,0,1,40,0,16,1672,224,96,0,-112,-48,0,1,100,0,16,1672,224,96,0,-24,-8,0,0,65,0,384,0,48,16,0,
0,20,-240,-296,0,0,100,0,1104,688,144,144,0,-220,-276,0,1,100,0,1048,512,104,104,0,-220,-276,0,1,100,0,1048,512,104,104,0,-220,-276,0,1,100,0,1048,512,104,104,0,-220,-276,0,0,100,0,1048,512,104,104,0,-240,-240,0,0,100,0,384,1760,144,72,0,-304,-368,2,1,100,0,1024,1112,280,280,0,-304,-368,3,1,100,0,744,1112,280,280,0,-224,-280,3,1,50,0,1168,976,112,112,0,-40,-96,0,1,100,0,888,712,48,48,0,-72,-24,0,1,80,0,384,832,144,48,0,-72,-24,0,0,50,0,1184,296,144,48,0,8,-40,0,1,100,0,752,128,32,40,0,-40,-40,0,1,100,0,624,128,32,40,0,-48,-88,0,0,100,0,192,592,96,96,0,-24,-48,0,1,100,0,672,168,80,64,0,-56,-48,0,1,100,0,512,168,80,64,0,-112,-48,0,1,40,0,16,1672,224,96,0,-112,-48,0,1,100,0,16,1672,224,96,0,-24,-8,0,0,65,0,384,0,48,16,0,
0,22,-184,-224,0,1,100,0,384,72,32,32,0,-240,-296,0,0,100,0,1104,832,144,144,0,-220,-276,0,1,100,0,1048,512,104,104,0,-220,-276,0,1,100,0,1048,512,104,104,0,-220,-276,0,1,100,0,1048,512,104,104,0,-220,-276,0,0,100,0,1048,512,104,104,0,-240,-240,0,0,100,0,240,1832,144,72,0,-304,-368,3,1,50,0,1024,1112,280,280,0,-304,-368,0,1,100,0,744,1112,280,280,0,-224,-280,0,1,100,0,1168,976,112,112,0,-16,-80,0,1,100,0,400,32,16,16,0,-32,-96,0,1,100,0,936,712,48,48,0,-72,-24,0,1,60,0,384,832,144,48,0,-72,-24,0,0,40,0,1184,296,144,48,0,8,-40,0,1,80,0,784,128,32,40,0,-40,-40,0,1,80,0,656,128,32,40,0,-48,-88,0,0,100,0,288,496,96,96,0,-24,-48,0,1,80,0,432,168,80,64,0,-56,-48,0,1,80,0,592,168,80,64,0,-112,-48,0,1,20,0,16,1672,224,96,0,-112,-48,0,1,100,0,16,1672,224,96,0,-24,-8,0,0,65,0,384,0,48,16,0,
0,32,-136,-240,0,0,100,0,1016,512,24,24,0,-232,-200,0,0,100,0,1016,536,24,24,0,-184,-264,3,0,100,0,992,536,24,24,0,-176,-184,0,0,100,0,992,536,24,24,0,-216,-256,0,0,100,0,992,512,24,24,0,-248,-296,0,1,100,0,552,664,168,168,0,-224,-232,0,0,100,0,1016,512,24,24,0,-136,-192,1,0,100,0,1016,536,24,24,0,-184,-224,0,1,100,0,384,72,32,32,0,-184,-224,0,1,100,0,384,72,32,32,0,-240,-296,0,0,100,0,320,1112,144,144,0,-220,-276,0,1,100,0,1048,512,104,104,0,-220,-276,0,1,100,0,1048,512,104,104,0,-220,-276,0,1,100,0,1048,512,104,104,0,-220,-276,0,0,100,0,1048,512,104,104,0,-240,-240,0,0,100,0,384,1832,144,72,0,-304,-368,1,1,100,0,1024,1112,280,280,0,-304,-368,3,1,100,0,464,1112,280,280,0,-304,-368,0,1,100,0,464,1112,280,280,0,-224,-280,3,1,100,0,1168,976,112,112,0,-31,-97,0,1,50,0,888,664,48,48,0,-19,-85,0,1,100,0,384,48,24,24,0,-72,-24,0,1,30,0,384,832,144,48,0,-72,-24,0,0,30,0,1184,296,144,48,0,8,-40,0,1,50,0,816,128,32,40,0,-40,-40,0,1,50,0,688,128,32,40,0,-48,-88,0,0,100,0,96,688,96,96,0,-24,-48,0,1,50,0,512,168,80,64,0,-56,-48,0,1,50,0,672,168,80,64,0,-112,-48,0,1,40,0,16,1672,224,96,0,-112,-48,0,1,100,0,16,1672,224,96,0,-24,-8,0,0,65,0,384,0,48,16,0,
0,31,-112,-272,0,0,100,0,1016,536,24,24,0,-248,-176,0,0,100,0,992,512,24,24,0,-176,-296,3,0,100,0,1016,536,24,24,0,-168,-152,0,0,100,0,1016,512,24,24,0,-232,-280,0,0,100,0,1016,536,24,24,0,-248,-240,0,0,100,0,1016,512,24,24,0,-112,-184,1,0,100,0,992,536,24,24,0,-264,-312,0,1,50,0,688,832,200,200,0,-184,-224,0,1,100,0,384,72,32,32,0,-184,-224,0,1,100,0,384,72,32,32,0,-304,-368,2,1,100,0,744,1112,280,280,0,-304,-368,0,1,100,0,744,1112,280,280,0,-304,-368,1,1,100,0,464,1112,280,280,0,-240,-296,0,0,100,0,1152,416,144,144,0,-220,-276,0,1,100,0,1048,512,104,104,0,-220,-276,0,1,100,0,1048,512,104,104,0,-220,-276,0,1,100,0,1048,512,104,104,0,-220,-276,0,0,100,0,1048,512,104,104,0,-240,-240,0,0,100,0,240,1760,144,72,0,-23,-89,0,1,100,0,384,72,32,32,0,-30,-97,0,1,20,0,936,664,48,48,0,-72,-24,0,1,20,0,384,832,144,48,0,-72,-24,0,0,20,0,1184,296,144,48,0,8,-40,0,1,20,0,720,128,32,40,0,-40,-40,0,1,20,0,592,128,32,40,0,-48,-88,0,0,100,0,192,688,96,96,0,-24,-48,0,1,20,0,592,168,80,64,0,-56,-48,0,1,20,0,432,168,80,64,0,-112,-48,0,1,60,0,16,1672,224,96,0,-112,-48,0,1,100,0,16,1672,224,96,0,-24,-8,0,0,65,0,384,0,48,16,0,
0,48,-96,-280,0,0,100,0,1016,512,24,24,0,-264,-160,0,0,100,0,1016,536,24,24,0,-176,-312,3,0,100,0,992,536,24,24,0,-160,-136,0,0,100,0,992,536,24,24,0,-248,-304,0,0,100,0,992,512,24,24,0,-280,-240,0,0,100,0,1016,512,24,24,0,-96,-168,1,0,100,0,1016,536,24,24,0,-184,-224,0,1,100,0,384,72,32,32,0,-184,-224,0,1,100,0,384,72,32,32,0,-264,-312,0,1,20,0,688,832,200,200,0,-175,-232,1,0,20,0,1600,1120,128,280,0,-177,-232,1,0,20,0,1600,1120,128,280,0,-176,-232,1,0,90,0,1600,1120,128,280,0,-287,-232,0,0,20,0,1600,1120,128,280,0,-289,-232,0,0,20,0,1600,1120,128,280,0,-288,-232,0,0,90,0,1600,1120,128,280,0,-234,-216,1,0,20,0,1800,0,80,280,0,-236,-216,1,0,20,0,1800,0,80,280,0,-235,-216,1,0,90,0,1800,0,80,280,0,-175,-216,0,0,20,0,1800,0,80,280,0,-177,-216,0,0,20,0,1800,0,80,280,0,-176,-216,0,0,90,0,1800,0,80,280,0,-183,-224,1,0,20,0,1600,0,120,280,0,-185,-224,1,0,20,0,1600,0,120,280,0,-184,-224,1,0,90,0,1600,0,120,280,0,-223,-224,0,0,20,0,1720,0,80,280,0,-225,-224,0,0,20,0,1720,0,80,280,0,-224,-224,0,0,90,0,1720,0,80,280,0,-271,-224,0,0,20,0,1600,0,120,280,0,-273,-224,0,0,20,0,1600,0,120,280,0,-272,-224,0,0,90,0,1600,0,120,280,0,-304,-368,2,1,100,0,1024,1112,280,280,0,-304,-368,3,1,100,0,744,1112,280,280,0,-224,-280,3,1,100,0,1168,976,112,112,0,-224,-280,3,1,100,0,1168,976,112,112,0,-224,-280,3,1,100,0,1168,976,112,112,0,-240,-296,0,0,100,0,1104,688,144,144,0,-220,-276,0,1,100,0,1048,512,104,104,0,-220,-276,0,1,100,0,1048,512,104,104,0,-220,-276,0,1,100,0,1048,512,104,104,0,-220,-276,0,0,100,0,1048,512,104,104,0,-240,-240,0,0,100,0,384,1760,144,72,0,-48,-64,0,1,100,0,384,104,32,64,0,-42,-24,0,1,100,0,384,48,24,24,0,-48,-88,0,0,100,0,288,688,96,96,0,-112,-48,0,1,40,0,16,1672,224,96,0,-112,-48,0,1,100,0,16,1672,224,96,0,-24,-8,0,0,65,0,384,0,48,16,0,
0,143,-64,-296,0,0,50,0,1016,536,24,24,0,-288,-144,0,0,50,0,992,512,24,24,0,-176,-344,3,0,50,0,992,512,24,24,0,-136,-128,0,0,50,0,1016,512,24,24,0,-264,-328,0,0,50,0,1016,536,24,24,0,-304,-232,0,0,50,0,992,536,24,24,0,-72,-168,1,0,50,0,992,512,24,24,0,-135,6,0,1,100,0,416,48,16,16,0,-170,-15,0,1,100,0,416,48,16,16,0,-159,5,0,1,100,0,416,48,16,16,0,-194,1,0,1,100,0,416,48,16,16,0,-190,10,0,1,100,0,416,32,16,16,0,-182,10,0,1,100,0,416,32,16,16,0,-202,-4,0,1,100,0,416,32,16,16,0,-150,7,0,1,100,0,416,32,16,16,0,-72,24,0,1,100,0,400,32,16,16,0,-269,25,0,1,100,0,400,32,16,16,0,-232,-44,0,1,100,0,400,32,16,16,0,-80,-40,0,1,100,0,384,32,16,16,0,-42,-25,0,1,100,0,384,32,16,16,0,-185,30,0,1,100,0,384,32,16,16,0,-328,0,0,1,100,0,384,32,16,16,0,-216,-128,0,1,100,0,664,232,104,104,0,-220,-132,3,1,100,0,1168,976,112,112,0,-220,-132,0,1,100,0,1168,976,112,112,0,-232,-144,0,1,100,0,1056,1728,136,136,0,-176,-56,0,1,100,0,664,232,104,104,0,-180,-60,3,1,100,0,1168,976,112,112,0,-180,-60,0,1,100,0,1168,976,112,112,0,-192,-72,0,1,100,0,1056,1728,136,136,0,-336,-80,0,1,100,0,664,232,104,104,0,-340,-84,3,1,100,0,1168,976,112,112,0,-340,-84,0,1,100,0,1168,976,112,112,0,-352,-96,0,1,100,0,1056,1728,136,136,0,-184,-224,0,1,100,0,384,72,32,32,0,-184,-224,0,1,100,0,384,72,32,32,0,-174,-232,1,0,20,0,1728,1120,128,280,0,-178,-232,1,0,20,0,1728,1120,128,280,0,-176,-232,1,0,90,0,1728,1120,128,280,0,-286,-232,0,0,20,0,1728,1120,128,280,0,-290,-232,0,0,20,0,1728,1120,128,280,0,-288,-232,0,0,90,0,1728,1120,128,280,0,-233,-216,1,0,20,0,1800,280,80,280,0,-237,-216,1,0,20,0,1800,280,80,280,0,-235,-216,1,0,90,0,1800,280,80,280,0,-174,-224,0,0,20,0,1800,280,80,280,0,-178,-224,0,0,20,0,1800,280,80,280,0,-176,-224,0,0,90,0,1800,280,80,280,0,-182,-224,1,0,20,0,1600,280,120,280,0,-186,-224,1,0,20,0,1600,280,120,280,0,-184,-224,1,0,90,0,1600,280,120,280,0,-222,-224,0,0,20,0,1720,280,80,280,0,-226,-224,0,0,20,0,1720,280,80,280,0,-224,-224,0,0,90,0,1720,280,80,280,0,-270,-224,0,0,20,0,1600,280,120,280,0,-274,-224,0,0,20,0,1600,280,120,280,0,-272,-224,0,0,90,0,1600,280,120,280,0,-328,-32,0,1,100,0,1600,1680,112,80,0,-312,-10,0,0,20,0,1264,136,80,32,0,-312,-9,0,0,20,0,1264,136,80,32,0,-310,-8,0,0,20,0,1264,136,80,32,0,-311,-8,0,0,20,0,1264,136,80,32,0,-312,-6,0,0,20,0,1264,136,80,32,0,-312,-7,0,0,20,0,1264,136,80,32,0,-314,-8,0,0,20,0,1264,136,80,32,0,-313,-8,0,0,20,0,1264,136,80,32,0,-312,-8,0,0,40,0,1264,136,80,32,0,-120,-40,0,1,100,0,1600,1680,112,80,0,-104,-18,0,0,20,0,1264,136,80,32,0,-104,-17,0,0,20,0,1264,136,80,32,0,-102,-16,0,0,20,0,1264,136,80,32,0,-103,-16,0,0,20,0,1264,136,80,32,0,-104,-14,0,0,20,0,1264,136,80,32,0,-104,-15,0,0,20,0,1264,136,80,32,0,-106,-16,0,0,20,0,1264,136,80,32,0,-105,-16,0,0,20,0,1264,136,80,32,0,-104,-16,0,0,40,0,1264,136,80,32,0,-288,-24,0,1,100,0,1600,1680,112,80,0,-272,-2,0,0,20,0,1264,136,80,32,0,-272,-1,0,0,20,0,1264,136,80,32,0,-270,0,0,0,20,0,1264,136,80,32,0,-271,0,0,0,20,0,1264,136,80,32,0,-272,2,0,0,20,0,1264,136,80,32,0,-272,1,0,0,20,0,1264,136,80,32,0,-274,0,0,0,20,0,1264,136,80,32,0,-273,0,0,0,20,0,1264,136,80,32,0,-272,0,0,0,40,0,1264,136,80,32,0,-232,-32,0,1,100,0,1600,1680,112,80,0,-216,-10,0,0,20,0,1264,136,80,32,0,-216,-9,0,0,20,0,1264,136,80,32,0,-214,-8,0,0,20,0,1264,136,80,32,0,-215,-8,0,0,20,0,1264,136,80,32,0,-216,-6,0,0,20,0,1264,136,80,32,0,-216,-7,0,0,20,0,1264,136,80,32,0,-218,-8,0,0,20,0,1264,136,80,32,0,-217,-8,0,0,20,0,1264,136,80,32,0,-216,-8,0,0,40,0,1264,136,80,32,0,-160,-24,0,1,100,0,1600,1680,112,80,0,-144,-2,0,0,20,0,1264,136,80,32,0,-144,-1,0,0,20,0,1264,136,80,32,0,-142,0,0,0,20,0,1264,136,80,32,0,-143,0,0,0,20,0,1264,136,80,32,0,-144,2,0,0,20,0,1264,136,80,32,0,-144,1,0,0,20,0,1264,136,80,32,0,-146,0,0,0,20,0,1264,136,80,32,0,-145,0,0,0,20,0,1264,136,80,32,0,-144,0,0,0,40,0,1264,136,80,32,0,-260,-48,0,1,100,0,1600,1680,112,80,0,-244,-26,0,0,20,0,1264,136,80,32,0,-244,-25,0,0,20,0,1264,136,80,32,0,-242,-24,0,0,20,0,1264,136,80,32,0,-243,-24,0,0,20,0,1264,136,80,32,0,-244,-22,0,0,20,0,1264,136,80,32,0,-244,-23,0,0,20,0,1264,136,80,32,0,-246,-24,0,0,20,0,1264,136,80,32,0,-245,-24,0,0,20,0,1264,136,80,32,0,-244,-24,0,0,40,0,1264,136,80,32,0,-184,-56,0,1,100,0,1600,1680,112,80,0,-168,-34,0,0,20,0,1264,136,80,32,0,-168,-33,0,0,20,0,1264,136,80,32,0,-166,-32,0,0,20,0,1264,136,80,32,0,-167,-32,0,0,20,0,1264,136,80,32,0,-168,-30,0,0,20,0,1264,136,80,32,0,-168,-31,0,0,20,0,1264,136,80,32,0,-170,-32,0,0,20,0,1264,136,80,32,0,-169,-32,0,0,20,0,1264,136,80,32,0,-168,-32,0,0,40,0,1264,136,80,32,0,-304,-368,3,1,100,0,1024,1112,280,280,0,-304,-368,0,1,100,0,744,1112,280,280,0,-304,-368,0,1,100,0,744,1112,280,280,0,-224,-280,0,1,100,0,1168,976,112,112,0,-240,-296,0,0,100,0,1104,832,144,144,0,-220,-276,0,1,100,0,1048,512,104,104,0,-220,-276,0,1,100,0,1048,512,104,104,0,-220,-276,0,1,100,0,1048,512,104,104,0,-220,-276,0,0,100,0,1048,512,104,104,0,-240,-240,0,0,100,0,240,1832,144,72,0,-48,-64,0,1,100,0,384,168,32,64,0,-38,-20,0,1,100,0,400,32,16,16,0,-48,-88,0,0,100,0,0,784,96,96,0,-112,-48,0,1,20,0,16,1672,224,96,0,-112,-48,0,1,100,0,16,1672,224,96,0,-24,-8,0,0,65,0,384,0,48,16,0,
0,161,-59,-297,0,0,20,0,1016,512,24,24,0,-290,-140,0,0,20,0,1016,536,24,24,0,-176,-348,3,0,20,0,992,536,24,24,0,-133,-126,0,0,20,0,992,536,24,24,0,-268,-329,0,0,20,0,992,512,24,24,0,-309,-230,0,0,20,0,1016,512,24,24,0,-66,-162,1,0,20,0,1016,536,24,24,0,-135,6,0,1,100,0,416,48,16,16,0,-170,-39,0,1,100,0,416,48,16,16,0,-143,37,0,1,100,0,416,48,16,16,0,-218,-23,0,1,100,0,416,48,16,16,0,-222,34,0,1,100,0,416,32,16,16,0,-190,26,0,1,100,0,416,32,16,16,0,-234,-6,0,1,100,0,416,32,16,16,0,-126,15,0,1,100,0,416,32,16,16,0,-64,-8,0,1,100,0,400,32,16,16,0,-285,-7,0,1,100,0,400,32,16,16,0,-240,-84,0,1,100,0,400,32,16,16,0,-72,-80,0,1,100,0,384,32,16,16,0,-34,-57,0,1,100,0,384,32,16,16,0,-177,6,0,1,100,0,384,32,16,16,0,-344,-16,0,1,100,0,384,32,16,16,0,-232,-144,0,1,100,0,1264,0,136,136,0,-220,-132,2,1,100,0,1168,976,112,112,0,-232,-144,0,1,100,0,920,1728,136,136,0,-144,-80,0,1,100,0,664,232,104,104,0,-148,-84,3,1,100,0,1168,976,112,112,0,-148,-84,0,1,100,0,1168,976,112,112,0,-160,-96,0,1,100,0,1056,1728,136,136,0,-256,-96,0,1,100,0,664,232,104,104,0,-260,-100,3,1,100,0,1168,976,112,112,0,-260,-100,0,1,100,0,1168,976,112,112,0,-272,-112,0,1,100,0,1056,1728,136,136,0,-192,-72,0,1,100,0,1264,0,136,136,0,-180,-60,2,1,100,0,1168,976,112,112,0,-192,-72,0,1,100,0,920,1728,136,136,0,-352,-96,0,1,100,0,1264,0,136,136,0,-340,-84,2,1,100,0,1168,976,112,112,0,-352,-96,0,1,100,0,920,1728,136,136,0,-184,-224,0,1,100,0,384,72,32,32,0,-184,-224,0,1,100,0,384,72,32,32,0,-174,-232,1,0,20,0,1600,1400,128,280,0,-172,-232,1,0,20,0,1600,1400,128,280,0,-178,-232,1,0,20,0,1600,1400,128,280,0,-180,-232,1,0,20,0,1600,1400,128,280,0,-176,-232,1,0,90,0,1600,1400,128,280,0,-286,-232,0,0,20,0,1600,1400,128,280,0,-284,-232,0,0,20,0,1600,1400,128,280,0,-290,-232,0,0,20,0,1600,1400,128,280,0,-292,-232,0,0,20,0,1600,1400,128,280,0,-288,-232,0,0,90,0,1600,1400,128,280,0,-233,-216,1,0,20,0,1800,560,80,280,0,-231,-216,1,0,20,0,1800,560,80,280,0,-237,-216,1,0,20,0,1800,560,80,280,0,-239,-216,1,0,20,0,1800,560,80,280,0,-235,-216,1,0,90,0,1800,560,80,280,0,-174,-224,0,0,20,0,1800,560,80,280,0,-172,-224,0,0,20,0,1800,560,80,280,0,-178,-224,0,0,20,0,1800,560,80,280,0,-180,-224,0,0,20,0,1800,560,80,280,0,-176,-224,0,0,90,0,1800,560,80,280,0,-182,-224,1,0,20,0,1600,560,120,280,0,-180,-224,1,0,20,0,1600,560,120,280,0,-186,-224,1,0,20,0,1600,560,120,280,0,-188,-224,1,0,20,0,1600,560,120,280,0,-184,-224,1,0,90,0,1600,560,120,280,0,-222,-224,0,0,20,0,1720,560,80,280,0,-220,-224,0,0,20,0,1720,560,80,280,0,-226,-224,0,0,20,0,1720,560,80,280,0,-228,-224,0,0,20,0,1720,560,80,280,0,-224,-224,0,0,90,0,1720,560,80,280,0,-270,-224,0,0,20,0,1600,560,120,280,0,-268,-224,0,0,20,0,1600,560,120,280,0,-274,-224,0,0,20,0,1600,560,120,280,0,-276,-224,0,0,20,0,1600,560,120,280,0,-272,-224,0,0,90,0,1600,560,120,280,0,-328,-32,0,1,100,0,1712,1680,112,80,0,-312,-10,0,0,20,0,1264,136,80,32,0,-312,-9,0,0,20,0,1264,136,80,32,0,-310,-8,0,0,20,0,1264,136,80,32,0,-311,-8,0,0,20,0,1264,136,80,32,0,-312,-6,0,0,20,0,1264,136,80,32,0,-312,-7,0,0,20,0,1264,136,80,32,0,-314,-8,0,0,20,0,1264,136,80,32,0,-313,-8,0,0,20,0,1264,136,80,32,0,-312,-8,0,0,40,0,1264,136,80,32,0,-120,-40,0,1,100,0,1712,1680,112,80,0,-104,-18,0,0,20,0,1264,136,80,32,0,-104,-17,0,0,20,0,1264,136,80,32,0,-102,-16,0,0,20,0,1264,136,80,32,0,-103,-16,0,0,20,0,1264,136,80,32,0,-104,-14,0,0,20,0,1264,136,80,32,0,-104,-15,0,0,20,0,1264,136,80,32,0,-106,-16,0,0,20,0,1264,136,80,32,0,-105,-16,0,0,20,0,1264,136,80,32,0,-104,-16,0,0,40,0,1264,136,80,32,0,-288,-24,0,1,100,0,1712,1680,112,80,0,-272,-2,0,0,20,0,1264,136,80,32,0,-272,-1,0,0,20,0,1264,136,80,32,0,-270,0,0,0,20,0,1264,136,80,32,0,-271,0,0,0,20,0,1264,136,80,32,0,-272,2,0,0,20,0,1264,136,80,32,0,-272,1,0,0,20,0,1264,136,80,32,0,-274,0,0,0,20,0,1264,136,80,32,0,-273,0,0,0,20,0,1264,136,80,32,0,-272,0,0,0,40,0,1264,136,80,32,0,-232,-32,0,1,100,0,1712,1680,112,80,0,-216,-10,0,0,20,0,1264,136,80,32,0,-216,-9,0,0,20,0,1264,136,80,32,0,-214,-8,0,0,20,0,1264,136,80,32,0,-215,-8,0,0,20,0,1264,136,80,32,0,-216,-6,0,0,20,0,1264,136,80,32,0,-216,-7,0,0,20,0,1264,136,80,32,0,-218,-8,0,0,20,0,1264,136,80,32,0,-217,-8,0,0,20,0,1264,136,80,32,0,-216,-8,0,0,40,0,1264,136,80,32,0,-160,-24,0,1,100,0,1712,1680,112,80,0,-144,-2,0,0,20,0,1264,136,80,32,0,-144,-1,0,0,20,0,1264,136,80,32,0,-142,0,0,0,20,0,1264,136,80,32,0,-143,0,0,0,20,0,1264,136,80,32,0,-144,2,0,0,20,0,1264,136,80,32,0,-144,1,0,0,20,0,1264,136,80,32,0,-146,0,0,0,20,0,1264,136,80,32,0,-145,0,0,0,20,0,1264,136,80,32,0,-144,0,0,0,40,0,1264,136,80,32,0,-260,-48,0,1,100,0,1712,1680,112,80,0,-244,-26,0,0,20,0,1264,136,80,32,0,-244,-25,0,0,20,0,1264,136,80,32,0,-242,-24,0,0,20,0,1264,136,80,32,0,-243,-24,0,0,20,0,1264,136,80,32,0,-244,-22,0,0,20,0,1264,136,80,32,0,-244,-23,0,0,20,0,1264,136,80,32,0,-246,-24,0,0,20,0,1264,136,80,32,0,-245,-24,0,0,20,0,1264,136,80,32,0,-244,-24,0,0,40,0,1264,136,80,32,0,-184,-56,0,1,100,0,1712,1680,112,80,0,-168,-34,0,0,20,0,1264,136,80,32,0,-168,-33,0,0,20,0,1264,136,80,32,0,-166,-32,0,0,20,0,1264,136,80,32,0,-167,-32,0,0,20,0,1264,136,80,32,0,-168,-30,0,0,20,0,1264,136,80,32,0,-168,-31,0,0,20,0,1264,136,80,32,0,-170,-32,0,0,20,0,1264,136,80,32,0,-169,-32,0,0,20,0,1264,136,80,32,0,-168,-32,0,0,40,0,1264,136,80,32,0,-304,-368,1,1,100,0,1024,1112,280,280,0,-304,-368,1,1,100,0,1024,1112,280,280,0,-224,-280,3,1,100,0,1168,976,112,112,0,-240,-296,0,0,100,0,320,1112,144,144,0,-220,-276,0,1,100,0,1048,512,104,104,0,-220,-276,0,1,100,0,1048,512,104,104,0,-220,-276,0,1,100,0,1048,512,104,104,0,-220,-276,0,0,100,0,1048,512,104,104,0,-240,-240,0,0,100,0,384,1832,144,72,0,-40,-32,0,1,100,0,416,200,16,32,0,-38,-20,0,1,100,0,384,32,16,16,0,-48,-88,0,0,100,0,96,784,96,96,0,-112,-48,0,1,40,0,16,1672,224,96,0,-112,-48,0,1,100,0,16,1672,224,96,0,-24,-8,0,0,65,0,384,0,48,16,0,
0,148,-103,-10,0,1,100,0,416,48,16,16,0,-170,-71,0,1,100,0,416,48,16,16,0,-130,65,0,1,100,0,416,48,16,16,0,-234,-47,0,1,100,0,416,48,16,16,0,-254,50,0,1,100,0,416,32,16,16,0,-198,42,0,1,100,0,416,32,16,16,0,-266,-16,0,1,100,0,416,32,16,16,0,-102,15,0,1,100,0,416,32,16,16,0,-64,-48,0,1,100,0,400,32,16,16,0,-293,-47,0,1,100,0,400,32,16,16,0,-248,-124,0,1,100,0,400,32,16,16,0,-64,-120,0,1,100,0,384,32,16,16,0,-26,-97,0,1,100,0,384,32,16,16,0,-177,-18,0,1,100,0,384,32,16,16,0,-352,-40,0,1,100,0,384,32,16,16,0,-304,-136,0,1,100,0,664,232,104,104,0,-308,-140,3,1,100,0,1168,976,112,112,0,-308,-140,0,1,100,0,1168,976,112,112,0,-320,-152,0,1,100,0,1056,1728,136,136,0,-272,-16,0,1,100,0,664,232,104,104,0,-276,-20,3,1,100,0,1168,976,112,112,0,-276,-20,0,1,100,0,1168,976,112,112,0,-288,-32,0,1,100,0,1056,1728,136,136,0,-232,-144,0,1,100,0,1400,0,136,136,0,-220,-132,1,1,100,0,1168,976,112,112,0,-232,-144,0,1,100,0,784,1728,136,136,0,-176,-56,0,1,100,0,664,232,104,104,0,-180,-60,3,1,100,0,1168,976,112,112,0,-180,-60,0,1,100,0,1168,976,112,112,0,-192,-72,0,1,100,0,1056,1728,136,136,0,-192,-72,0,1,100,0,1400,0,136,136,0,-180,-60,1,1,100,0,1168,976,112,112,0,-192,-72,0,1,100,0,784,1728,136,136,0,-352,-96,0,1,100,0,1400,0,136,136,0,-340,-84,1,1,100,0,1168,976,112,112,0,-352,-96,0,1,100,0,784,1728,136,136,0,-160,-96,0,1,100,0,1264,0,136,136,0,-148,-84,2,1,100,0,1168,976,112,112,0,-160,-96,0,1,100,0,920,1728,136,136,0,-272,-112,0,1,100,0,1264,0,136,136,0,-260,-100,2,1,100,0,1168,976,112,112,0,-272,-112,0,1,100,0,920,1728,136,136,0,-184,-224,0,1,100,0,384,72,32,32,0,-184,-224,0,1,100,0,384,72,32,32,0,-172,-232,1,0,20,0,1728,1120,128,280,0,-180,-232,1,0,20,0,1728,1120,128,280,0,-176,-232,1,0,90,0,1728,1120,128,280,0,-284,-232,0,0,20,0,1728,1120,128,280,0,-292,-232,0,0,20,0,1728,1120,128,280,0,-288,-232,0,0,90,0,1728,1120,128,280,0,-231,-216,1,0,20,0,1800,280,80,280,0,-239,-216,1,0,20,0,1800,280,80,280,0,-235,-216,1,0,90,0,1800,280,80,280,0,-172,-224,0,0,20,0,1800,280,80,280,0,-180,-224,0,0,20,0,1800,280,80,280,0,-176,-224,0,0,90,0,1800,280,80,280,0,-180,-224,1,0,20,0,1600,280,120,280,0,-188,-224,1,0,20,0,1600,280,120,280,0,-184,-224,1,0,90,0,1600,280,120,280,0,-220,-224,0,0,20,0,1720,280,80,280,0,-228,-224,0,0,20,0,1720,280,80,280,0,-224,-224,0,0,90,0,1720,280,80,280,0,-268,-224,0,0,20,0,1600,280,120,280,0,-276,-224,0,0,20,0,1600,280,120,280,0,-272,-224,0,0,90,0,1600,280,120,280,0,-328,-32,0,1,100,0,1600,1760,112,80,0,-312,-10,0,0,20,0,1264,136,80,32,0,-312,-9,0,0,20,0,1264,136,80,32,0,-310,-8,0,0,20,0,1264,136,80,32,0,-311,-8,0,0,20,0,1264,136,80,32,0,-312,-6,0,0,20,0,1264,136,80,32,0,-312,-7,0,0,20,0,1264,136,80,32,0,-314,-8,0,0,20,0,1264,136,80,32,0,-313,-8,0,0,20,0,1264,136,80,32,0,-312,-8,0,0,40,0,1264,136,80,32,0,-120,-40,0,1,100,0,1600,1760,112,80,0,-104,-18,0,0,20,0,1264,136,80,32,0,-104,-17,0,0,20,0,1264,136,80,32,0,-102,-16,0,0,20,0,1264,136,80,32,0,-103,-16,0,0,20,0,1264,136,80,32,0,-104,-14,0,0,20,0,1264,136,80,32,0,-104,-15,0,0,20,0,1264,136,80,32,0,-106,-16,0,0,20,0,1264,136,80,32,0,-105,-16,0,0,20,0,1264,136,80,32,0,-104,-16,0,0,40,0,1264,136,80,32,0,-288,-24,0,1,100,0,1600,1760,112,80,0,-272,-2,0,0,20,0,1264,136,80,32,0,-272,-1,0,0,20,0,1264,136,80,32,0,-270,0,0,0,20,0,1264,136,80,32,0,-271,0,0,0,20,0,1264,136,80,32,0,-272,2,0,0,20,0,1264,136,80,32,0,-272,1,0,0,20,0,1264,136,80,32,0,-274,0,0,0,20,0,1264,136,80,32,0,-273,0,0,0,20,0,1264,136,80,32,0,-272,0,0,0,40,0,1264,136,80,32,0,-232,-32,0,1,100,0,1600,1760,112,80,0,-216,-10,0,0,20,0,1264,136,80,32,0,-216,-9,0,0,20,0,1264,136,80,32,0,-214,-8,0,0,20,0,1264,136,80,32,0,-215,-8,0,0,20,0,1264,136,80,32,0,-216,-6,0,0,20,0,1264,136,80,32,0,-216,-7,0,0,20,0,1264,136,80,32,0,-218,-8,0,0,20,0,1264,136,80,32,0,-217,-8,0,0,20,0,1264,136,80,32,0,-216,-8,0,0,40,0,1264,136,80,32,0,-160,-24,0,1,100,0,1600,1760,112,80,0,-144,-2,0,0,20,0,1264,136,80,32,0,-144,-1,0,0,20,0,1264,136,80,32,0,-142,0,0,0,20,0,1264,136,80,32,0,-143,0,0,0,20,0,1264,136,80,32,0,-144,2,0,0,20,0,1264,136,80,32,0,-144,1,0,0,20,0,1264,136,80,32,0,-146,0,0,0,20,0,1264,136,80,32,0,-145,0,0,0,20,0,1264,136,80,32,0,-144,0,0,0,40,0,1264,136,80,32,0,-260,-48,0,1,100,0,1600,1760,112,80,0,-244,-26,0,0,20,0,1264,136,80,32,0,-244,-25,0,0,20,0,1264,136,80,32,0,-242,-24,0,0,20,0,1264,136,80,32,0,-243,-24,0,0,20,0,1264,136,80,32,0,-244,-22,0,0,20,0,1264,136,80,32,0,-244,-23,0,0,20,0,1264,136,80,32,0,-246,-24,0,0,20,0,1264,136,80,32,0,-245,-24,0,0,20,0,1264,136,80,32,0,-244,-24,0,0,40,0,1264,136,80,32,0,-184,-56,0,1,100,0,1600,1760,112,80,0,-168,-34,0,0,20,0,1264,136,80,32,0,-168,-33,0,0,20,0,1264,136,80,32,0,-166,-32,0,0,20,0,1264,136,80,32,0,-167,-32,0,0,20,0,1264,136,80,32,0,-168,-30,0,0,20,0,1264,136,80,32,0,-168,-31,0,0,20,0,1264,136,80,32,0,-170,-32,0,0,20,0,1264,136,80,32,0,-169,-32,0,0,20,0,1264,136,80,32,0,-168,-32,0,0,40,0,1264,136,80,32,0,-304,-368,2,1,100,0,744,1112,280,280,0,-304,-368,0,1,100,0,744,1112,280,280,0,-304,-368,1,1,100,0,464,1112,280,280,0,-240,-296,0,0,100,0,1152,416,144,144,0,-220,-276,0,1,100,0,1048,512,104,104,0,-220,-276,0,1,100,0,1048,512,104,104,0,-220,-276,0,1,100,0,1048,512,104,104,0,-220,-276,0,0,100,0,1048,512,104,104,0,-256,-240,0,0,100,0,240,1760,144,72,0,-48,-88,0,0,100,0,192,784,96,96,0,-112,-48,0,1,60,0,16,1672,224,96,0,-112,-48,0,1,100,0,16,1672,224,96,0,-24,-8,0,0,65,0,384,0,48,16,0,
0,157,-71,-26,0,1,100,0,416,48,16,16,0,-170,-103,0,1,100,0,416,48,16,16,0,-122,81,0,1,100,0,416,48,16,16,0,-250,-71,0,1,100,0,416,48,16,16,0,-286,66,0,1,100,0,416,32,16,16,0,-206,58,0,1,100,0,416,32,16,16,0,-298,-26,0,1,100,0,416,32,16,16,0,-70,15,0,1,100,0,416,32,16,16,0,-64,-96,0,1,100,0,400,32,16,16,0,-301,-95,0,1,100,0,400,32,16,16,0,-248,-164,0,1,100,0,400,32,16,16,0,-64,-152,0,1,100,0,384,32,16,16,0,-26,-129,0,1,100,0,384,32,16,16,0,-177,-58,0,1,100,0,384,32,16,16,0,-360,-72,0,1,100,0,384,32,16,16,0,-176,-128,0,1,100,0,664,232,104,104,0,-180,-132,3,1,100,0,1168,976,112,112,0,-180,-132,0,1,100,0,1168,976,112,112,0,-192,-144,0,1,100,0,1056,1728,136,136,0,-320,-152,0,1,100,0,1264,0,136,136,0,-308,-140,2,1,100,0,1168,976,112,112,0,-320,-152,0,1,100,0,920,1728,136,136,0,-288,-32,0,1,100,0,1264,0,136,136,0,-276,-20,2,1,100,0,1168,976,112,112,0,-288,-32,0,1,100,0,920,1728,136,136,0,-240,-144,0,1,50,0,1400,0,136,136,0,-228,-132,0,1,50,0,1168,976,112,112,0,-240,-144,0,1,100,0,648,1728,136,136,0,-184,-224,0,1,100,0,384,72,32,32,0,-184,-224,0,1,100,0,384,72,32,32,0,-192,-72,0,1,100,0,1264,0,136,136,0,-180,-60,2,1,100,0,1168,976,112,112,0,-192,-72,0,1,100,0,920,1728,136,136,0,-192,-72,0,1,50,0,1400,0,136,136,0,-180,-60,0,1,50,0,1168,976,112,112,0,-192,-72,0,1,100,0,648,1728,136,136,0,-352,-96,0,1,50,0,1400,0,136,136,0,-340,-84,0,1,50,0,1168,976,112,112,0,-352,-96,0,1,100,0,648,1728,136,136,0,-160,-96,0,1,100,0,1400,0,136,136,0,-148,-84,1,1,100,0,1168,976,112,112,0,-160,-96,0,1,100,0,784,1728,136,136,0,-256,-96,0,1,100,0,664,232,104,104,0,-260,-100,3,1,100,0,1168,976,112,112,0,-260,-100,0,1,100,0,1168,976,112,112,0,-272,-112,0,1,100,0,1056,1728,136,136,0,-272,-112,0,1,100,0,1400,0,136,136,0,-260,-100,1,1,100,0,1168,976,112,112,0,-272,-112,0,1,100,0,784,1728,136,136,0,-184,-224,0,1,100,0,384,72,32,32,0,-184,-224,0,1,100,0,384,72,32,32,0,-173,-232,1,0,20,0,1728,1400,128,280,0,-179,-232,1,0,20,0,1728,1400,128,280,0,-176,-232,1,0,90,0,1728,1400,128,280,0,-285,-232,0,0,20,0,1728,1400,128,280,0,-291,-232,0,0,20,0,1728,1400,128,280,0,-288,-232,0,0,90,0,1728,1400,128,280,0,-232,-216,1,0,20,0,1800,840,80,280,0,-238,-216,1,0,20,0,1800,840,80,280,0,-235,-216,1,0,90,0,1800,840,80,280,0,-173,-224,0,0,20,0,1800,840,80,280,0,-179,-224,0,0,20,0,1800,840,80,280,0,-176,-224,0,0,90,0,1800,840,80,280,0,-181,-224,1,0,20,0,1600,840,120,280,0,-187,-224,1,0,20,0,1600,840,120,280,0,-184,-224,1,0,90,0,1600,840,120,280,0,-221,-224,0,0,20,0,1720,840,80,280,0,-227,-224,0,0,20,0,1720,840,80,280,0,-224,-224,0,0,90,0,1720,840,80,280,0,-269,-224,0,0,20,0,1600,840,120,280,0,-275,-224,0,0,20,0,1600,840,120,280,0,-272,-224,0,0,90,0,1600,840,120,280,0,-328,-32,0,1,100,0,1712,1760,112,80,0,-312,-10,0,0,20,0,1264,136,80,32,0,-312,-9,0,0,20,0,1264,136,80,32,0,-310,-8,0,0,20,0,1264,136,80,32,0,-311,-8,0,0,20,0,1264,136,80,32,0,-312,-6,0,0,20,0,1264,136,80,32,0,-312,-7,0,0,20,0,1264,136,80,32,0,-314,-8,0,0,20,0,1264,136,80,32,0,-313,-8,0,0,20,0,1264,136,80,32,0,-312,-8,0,0,40,0,1264,136,80,32,0,-120,-40,0,1,100,0,1712,1760,112,80,0,-104,-18,0,0,20,0,1264,136,80,32,0,-104,-17,0,0,20,0,1264,136,80,32,0,-102,-16,0,0,20,0,1264,136,80,32,0,-103,-16,0,0,20,0,1264,136,80,32,0,-104,-14,0,0,20,0,1264,136,80,32,0,-104,-15,0,0,20,0,1264,136,80,32,0,-106,-16,0,0,20,0,1264,136,80,32,0,-105,-16,0,0,20,0,1264,136,80,32,0,-104,-16,0,0,40,0,1264,136,80,32,0,-288,-24,0,1,100,0,1712,1760,112,80,0,-272,-2,0,0,20,0,1264,136,80,32,0,-272,-1,0,0,20,0,1264,136,80,32,0,-270,0,0,0,20,0,1264,136,80,32,0,-271,0,0,0,20,0,1264,136,80,32,0,-272,2,0,0,20,0,1264,136,80,32,0,-272,1,0,0,20,0,1264,136,80,32,0,-274,0,0,0,20,0,1264,136,80,32,0,-273,0,0,0,20,0,1264,136,80,32,0,-272,0,0,0,40,0,1264,136,80,32,0,-232,-32,0,1,100,0,1712,1760,112,80,0,-216,-10,0,0,20,0,1264,136,80,32,0,-216,-9,0,0,20,0,1264,136,80,32,0,-214,-8,0,0,20,0,1264,136,80,32,0,-215,-8,0,0,20,0,1264,136,80,32,0,-216,-6,0,0,20,0,1264,136,80,32,0,-216,-7,0,0,20,0,1264,136,80,32,0,-218,-8,0,0,20,0,1264,136,80,32,0,-217,-8,0,0,20,0,1264,136,80,32,0,-216,-8,0,0,40,0,1264,136,80,32,0,-160,-24,0,1,100,0,1712,1760,112,80,0,-144,-2,0,0,20,0,1264,136,80,32,0,-144,-1,0,0,20,0,1264,136,80,32,0,-142,0,0,0,20,0,1264,136,80,32,0,-143,0,0,0,20,0,1264,136,80,32,0,-144,2,0,0,20,0,1264,136,80,32,0,-144,1,0,0,20,0,1264,136,80,32,0,-146,0,0,0,20,0,1264,136,80,32,0,-145,0,0,0,20,0,1264,136,80,32,0,-144,0,0,0,40,0,1264,136,80,32,0,-260,-48,0,1,100,0,1712,1760,112,80,0,-244,-26,0,0,20,0,1264,136,80,32,0,-244,-25,0,0,20,0,1264,136,80,32,0,-242,-24,0,0,20,0,1264,136,80,32,0,-243,-24,0,0,20,0,1264,136,80,32,0,-244,-22,0,0,20,0,1264,136,80,32,0,-244,-23,0,0,20,0,1264,136,80,32,0,-246,-24,0,0,20,0,1264,136,80,32,0,-245,-24,0,0,20,0,1264,136,80,32,0,-244,-24,0,0,40,0,1264,136,80,32,0,-184,-56,0,1,100,0,1712,1760,112,80,0,-168,-34,0,0,20,0,1264,136,80,32,0,-168,-33,0,0,20,0,1264,136,80,32,0,-166,-32,0,0,20,0,1264,136,80,32,0,-167,-32,0,0,20,0,1264,136,80,32,0,-168,-30,0,0,20,0,1264,136,80,32,0,-168,-31,0,0,20,0,1264,136,80,32,0,-170,-32,0,0,20,0,1264,136,80,32,0,-169,-32,0,0,20,0,1264,136,80,32,0,-168,-32,0,0,40,0,1264,136,80,32,0,-304,-368,2,1,100,0,1024,1112,280,280,0,-304,-368,3,1,100,0,744,1112,280,280,0,-224,-280,3,1,100,0,1168,976,112,112,0,-224,-280,3,1,100,0,1168,976,112,112,0,-224,-280,3,1,50,0,1168,976,112,112,0,-240,-296,0,0,100,0,1104,688,144,144,0,-220,-276,0,1,100,0,1048,512,104,104,0,-220,-276,0,1,100,0,1048,512,104,104,0,-220,-276,0,1,100,0,1048,512,104,104,0,-220,-276,0,0,100,0,1048,512,104,104,0,-240,-240,0,0,100,0,384,1760,144,72,0,-48,-88,0,0,100,0,288,784,96,96,0,-112,-48,0,1,80,0,16,1672,224,96,0,-112,-48,0,1,100,0,16,1672,224,96,0,-24,-8,0,0,65,0,384,0,48,16,0,
0,142,-69,-27,0,1,50,0,416,48,16,16,0,-170,-105,0,1,50,0,416,48,16,16,0,-120,83,0,1,50,0,416,48,16,16,0,-252,-73,0,1,50,0,416,48,16,16,0,-288,68,0,1,50,0,416,32,16,16,0,-207,60,0,1,50,0,416,32,16,16,0,-300,-27,0,1,50,0,416,32,16,16,0,-68,16,0,1,50,0,416,32,16,16,0,-64,-136,0,1,100,0,400,32,16,16,0,-301,-135,0,1,100,0,400,32,16,16,0,-248,-204,0,1,100,0,400,32,16,16,0,-64,-176,0,1,100,0,384,32,16,16,0,-26,-161,0,1,100,0,384,32,16,16,0,-177,-90,0,1,100,0,384,32,16,16,0,-360,-104,0,1,100,0,384,32,16,16,0,-192,-144,0,1,100,0,1264,0,136,136,0,-180,-132,2,1,100,0,1168,976,112,112,0,-192,-144,0,1,100,0,920,1728,136,136,0,-320,-152,0,1,100,0,1400,0,136,136,0,-308,-140,1,1,100,0,1168,976,112,112,0,-320,-152,0,1,100,0,784,1728,136,136,0,-288,-32,0,1,100,0,1400,0,136,136,0,-276,-20,1,1,100,0,1168,976,112,112,0,-288,-32,0,1,100,0,784,1728,136,136,0,-192,-72,0,1,100,0,1400,0,136,136,0,-180,-60,1,1,100,0,1168,976,112,112,0,-192,-72,0,1,100,0,784,1728,136,136,0,-272,-112,0,1,100,0,1264,0,136,136,0,-260,-100,2,1,100,0,1168,976,112,112,0,-272,-112,0,1,100,0,920,1728,136,136,0,-160,-96,0,1,50,0,1400,0,136,136,0,-148,-84,0,1,50,0,1168,976,112,112,0,-160,-96,0,1,100,0,648,1728,136,136,0,-272,-112,0,1,50,0,1400,0,136,136,0,-260,-100,0,1,50,0,1168,976,112,112,0,-272,-112,0,1,100,0,648,1728,136,136,0,-184,-224,0,1,100,0,384,72,32,32,0,-174,-232,1,0,20,0,1192,1528,128,280,0,-178,-232,1,0,20,0,1192,1528,128,280,0,-176,-232,1,0,90,0,1192,1528,128,280,0,-286,-232,0,0,20,0,1192,1528,128,280,0,-290,-232,0,0,20,0,1192,1528,128,280,0,-288,-232,0,0,90,0,1192,1528,128,280,0,-233,-216,1,0,20,0,1520,1528,80,280,0,-237,-216,1,0,20,0,1520,1528,80,280,0,-235,-216,1,0,90,0,1520,1528,80,280,0,-174,-224,0,0,20,0,1520,1528,80,280,0,-178,-224,0,0,20,0,1520,1528,80,280,0,-176,-224,0,0,90,0,1520,1528,80,280,0,-182,-224,1,0,20,0,1320,1528,120,280,0,-186,-224,1,0,20,0,1320,1528,120,280,0,-184,-224,1,0,90,0,1320,1528,120,280,0,-222,-224,0,0,20,0,1440,1528,80,280,0,-226,-224,0,0,20,0,1440,1528,80,280,0,-224,-224,0,0,90,0,1440,1528,80,280,0,-270,-224,0,0,20,0,1320,1528,120,280,0,-274,-224,0,0,20,0,1320,1528,120,280,0,-272,-224,0,0,90,0,1320,1528,120,280,0,-304,-16,0,1,100,0,1824,1680,64,48,0,-296,-10,0,0,20,0,1344,136,48,32,0,-296,-9,0,0,20,0,1344,136,48,32,0,-294,-8,0,0,20,0,1344,136,48,32,0,-295,-8,0,0,20,0,1344,136,48,32,0,-296,-6,0,0,20,0,1344,136,48,32,0,-296,-7,0,0,20,0,1344,136,48,32,0,-298,-8,0,0,20,0,1344,136,48,32,0,-297,-8,0,0,20,0,1344,136,48,32,0,-296,-8,0,0,20,0,1344,136,48,32,0,-96,-24,0,1,100,0,1824,1680,64,48,0,-88,-18,0,0,20,0,1344,136,48,32,0,-88,-17,0,0,20,0,1344,136,48,32,0,-86,-16,0,0,20,0,1344,136,48,32,0,-87,-16,0,0,20,0,1344,136,48,32,0,-88,-14,0,0,20,0,1344,136,48,32,0,-88,-15,0,0,20,0,1344,136,48,32,0,-90,-16,0,0,20,0,1344,136,48,32,0,-89,-16,0,0,20,0,1344,136,48,32,0,-88,-16,0,0,20,0,1344,136,48,32,0,-264,-8,0,1,100,0,1824,1680,64,48,0,-256,-2,0,0,20,0,1344,136,48,32,0,-256,-1,0,0,20,0,1344,136,48,32,0,-254,0,0,0,20,0,1344,136,48,32,0,-255,0,0,0,20,0,1344,136,48,32,0,-256,2,0,0,20,0,1344,136,48,32,0,-256,1,0,0,20,0,1344,136,48,32,0,-258,0,0,0,20,0,1344,136,48,32,0,-257,0,0,0,20,0,1344,136,48,32,0,-256,0,0,0,20,0,1344,136,48,32,0,-208,-16,0,1,100,0,1824,1680,64,48,0,-200,-10,0,0,20,0,1344,136,48,32,0,-200,-9,0,0,20,0,1344,136,48,32,0,-198,-8,0,0,20,0,1344,136,48,32,0,-199,-8,0,0,20,0,1344,136,48,32,0,-200,-6,0,0,20,0,1344,136,48,32,0,-200,-7,0,0,20,0,1344,136,48,32,0,-202,-8,0,0,20,0,1344,136,48,32,0,-201,-8,0,0,20,0,1344,136,48,32,0,-200,-8,0,0,20,0,1344,136,48,32,0,-136,-8,0,1,100,0,1824,1680,64,48,0,-128,-2,0,0,20,0,1344,136,48,32,0,-128,-1,0,0,20,0,1344,136,48,32,0,-126,0,0,0,20,0,1344,136,48,32,0,-127,0,0,0,20,0,1344,136,48,32,0,-128,2,0,0,20,0,1344,136,48,32,0,-128,1,0,0,20,0,1344,136,48,32,0,-130,0,0,0,20,0,1344,136,48,32,0,-129,0,0,0,20,0,1344,136,48,32,0,-128,0,0,0,20,0,1344,136,48,32,0,-236,-32,0,1,100,0,1824,1680,64,48,0,-228,-26,0,0,20,0,1344,136,48,32,0,-228,-25,0,0,20,0,1344,136,48,32,0,-226,-24,0,0,20,0,1344,136,48,32,0,-227,-24,0,0,20,0,1344,136,48,32,0,-228,-22,0,0,20,0,1344,136,48,32,0,-228,-23,0,0,20,0,1344,136,48,32,0,-230,-24,0,0,20,0,1344,136,48,32,0,-229,-24,0,0,20,0,1344,136,48,32,0,-228,-24,0,0,20,0,1344,136,48,32,0,-160,-40,0,1,100,0,1824,1680,64,48,0,-152,-34,0,0,20,0,1344,136,48,32,0,-152,-33,0,0,20,0,1344,136,48,32,0,-150,-32,0,0,20,0,1344,136,48,32,0,-151,-32,0,0,20,0,1344,136,48,32,0,-152,-30,0,0,20,0,1344,136,48,32,0,-152,-31,0,0,20,0,1344,136,48,32,0,-154,-32,0,0,20,0,1344,136,48,32,0,-153,-32,0,0,20,0,1344,136,48,32,0,-152,-32,0,0,20,0,1344,136,48,32,0,-304,-368,3,1,100,0,1024,1112,280,280,0,-304,-368,0,1,100,0,744,1112,280,280,0,-304,-368,0,1,100,0,744,1112,280,280,0,-224,-280,0,1,100,0,1168,976,112,112,0,-240,-296,0,0,100,0,1104,832,144,144,0,-220,-276,0,1,100,0,1048,512,104,104,0,-220,-276,0,1,100,0,1048,512,104,104,0,-220,-276,0,1,100,0,1048,512,104,104,0,-220,-276,0,0,100,0,1048,512,104,104,0,-240,-240,0,0,100,0,240,1832,144,72,0,-48,-88,0,0,100,0,0,784,96,96,0,-112,-48,0,1,60,0,16,1672,224,96,0,-112,-48,0,1,100,0,16,1672,224,96,0,-24,-8,0,0,65,0,384,0,48,16,0,
0,99,-64,-140,0,1,50,0,400,32,16,16,0,-301,-139,0,1,50,0,400,32,16,16,0,-248,-176,0,1,50,0,400,32,16,16,0,-64,-180,0,1,50,0,384,32,16,16,0,-26,-165,0,1,50,0,384,32,16,16,0,-177,-94,0,1,50,0,384,32,16,16,0,-360,-108,0,1,50,0,384,32,16,16,0,-192,-144,0,1,100,0,1400,0,136,136,0,-180,-132,1,1,100,0,1168,976,112,112,0,-192,-144,0,1,100,0,784,1728,136,136,0,-320,-152,0,1,50,0,1400,0,136,136,0,-308,-140,0,1,50,0,1168,976,112,112,0,-320,-152,0,1,100,0,648,1728,136,136,0,-288,-32,0,1,50,0,1400,0,136,136,0,-276,-20,0,1,50,0,1168,976,112,112,0,-288,-32,0,1,100,0,648,1728,136,136,0,-192,-72,0,1,50,0,1400,0,136,136,0,-180,-60,0,1,50,0,1168,976,112,112,0,-192,-72,0,1,100,0,648,1728,136,136,0,-272,-112,0,1,100,0,1400,0,136,136,0,-260,-100,1,1,100,0,1168,976,112,112,0,-272,-112,0,1,100,0,784,1728,136,136,0,-184,-224,0,1,100,0,384,72,32,32,0,-175,-232,1,0,10,0,1192,1528,128,280,0,-177,-232,1,0,10,0,1192,1528,128,280,0,-176,-232,1,0,30,0,1192,1528,128,280,0,-287,-232,0,0,10,0,1192,1528,128,280,0,-289,-232,0,0,10,0,1192,1528,128,280,0,-288,-232,0,0,30,0,1192,1528,128,280,0,-234,-216,1,0,10,0,1520,1528,80,280,0,-236,-216,1,0,10,0,1520,1528,80,280,0,-235,-216,1,0,30,0,1520,1528,80,280,0,-175,-224,0,0,10,0,1520,1528,80,280,0,-177,-224,0,0,10,0,1520,1528,80,280,0,-176,-224,0,0,30,0,1520,1528,80,280,0,-183,-224,1,0,10,0,1320,1528,120,280,0,-185,-224,1,0,10,0,1320,1528,120,280,0,-184,-224,1,0,30,0,1320,1528,120,280,0,-223,-224,0,0,10,0,1440,1528,80,280,0,-225,-224,0,0,10,0,1440,1528,80,280,0,-224,-224,0,0,30,0,1440,1528,80,280,0,-271,-224,0,0,10,0,1320,1528,120,280,0,-273,-224,0,0,10,0,1320,1528,120,280,0,-272,-224,0,0,30,0,1320,1528,120,280,0,-288,-8,0,1,100,0,1760,1840,32,32,0,-288,-9,0,0,20,0,1792,1840,32,32,0,-287,-8,0,0,20,0,1792,1840,32,32,0,-288,-7,0,0,20,0,1792,1840,32,32,0,-289,-8,0,0,20,0,1792,1840,32,32,0,-288,-8,0,0,20,0,1792,1840,32,32,0,-80,-16,0,1,100,0,1760,1840,32,32,0,-80,-17,0,0,20,0,1792,1840,32,32,0,-79,-16,0,0,20,0,1792,1840,32,32,0,-80,-15,0,0,20,0,1792,1840,32,32,0,-81,-16,0,0,20,0,1792,1840,32,32,0,-80,-16,0,0,20,0,1792,1840,32,32,0,-248,0,0,1,100,0,1760,1840,32,32,0,-248,-1,0,0,20,0,1792,1840,32,32,0,-247,0,0,0,20,0,1792,1840,32,32,0,-248,1,0,0,20,0,1792,1840,32,32,0,-249,0,0,0,20,0,1792,1840,32,32,0,-248,0,0,0,20,0,1792,1840,32,32,0,-192,-8,0,1,100,0,1760,1840,32,32,0,-192,-9,0,0,20,0,1792,1840,32,32,0,-191,-8,0,0,20,0,1792,1840,32,32,0,-192,-7,0,0,20,0,1792,1840,32,32,0,-193,-8,0,0,20,0,1792,1840,32,32,0,-192,-8,0,0,20,0,1792,1840,32,32,0,-120,0,0,1,100,0,1760,1840,32,32,0,-120,-1,0,0,20,0,1792,1840,32,32,0,-119,0,0,0,20,0,1792,1840,32,32,0,-120,1,0,0,20,0,1792,1840,32,32,0,-121,0,0,0,20,0,1792,1840,32,32,0,-120,0,0,0,20,0,1792,1840,32,32,0,-220,-24,0,1,100,0,1760,1840,32,32,0,-220,-25,0,0,20,0,1792,1840,32,32,0,-219,-24,0,0,20,0,1792,1840,32,32,0,-220,-23,0,0,20,0,1792,1840,32,32,0,-221,-24,0,0,20,0,1792,1840,32,32,0,-220,-24,0,0,20,0,1792,1840,32,32,0,-144,-32,0,1,100,0,1760,1840,32,32,0,-144,-33,0,0,20,0,1792,1840,32,32,0,-143,-32,0,0,20,0,1792,1840,32,32,0,-144,-31,0,0,20,0,1792,1840,32,32,0,-145,-32,0,0,20,0,1792,1840,32,32,0,-144,-32,0,0,20,0,1792,1840,32,32,0,-304,-368,1,1,100,0,1024,1112,280,280,0,-304,-368,1,1,100,0,1024,1112,280,280,0,-224,-280,3,1,100,0,1168,976,112,112,0,-240,-296,0,0,100,0,320,1112,144,144,0,-220,-276,0,1,100,0,1048,512,104,104,0,-220,-276,0,1,100,0,1048,512,104,104,0,-220,-276,0,1,100,0,1048,512,104,104,0,-220,-276,0,0,100,0,1048,512,104,104,0,-240,-240,0,0,100,0,384,1832,144,72,0,-48,-88,0,0,100,0,96,784,96,96,0,-112,-48,0,1,30,0,16,1672,224,96,0,-112,-48,0,1,70,0,16,1672,224,96,0,-24,-8,0,0,65,0,384,0,48,16,0,
0,19,-180,-220,0,1,100,0,384,48,24,24,0,-192,-144,0,1,50,0,1400,0,136,136,0,-180,-132,0,1,50,0,1168,976,112,112,0,-192,-144,0,1,100,0,648,1728,136,136,0,-272,-112,0,1,50,0,1400,0,136,136,0,-260,-100,0,1,50,0,1168,976,112,112,0,-272,-112,0,1,100,0,648,1728,136,136,0,-304,-368,2,1,100,0,744,1112,280,280,0,-304,-368,0,1,100,0,744,1112,280,280,0,-304,-368,1,1,100,0,464,1112,280,280,0,-240,-296,0,0,100,0,1152,416,144,144,0,-220,-276,0,1,100,0,1048,512,104,104,0,-220,-276,0,1,100,0,1048,512,104,104,0,-220,-276,0,1,100,0,1048,512,104,104,0,-220,-276,0,0,100,0,1048,512,104,104,0,-240,-240,0,0,100,0,240,1760,144,72,0,-48,-88,0,0,100,0,192,784,96,96,0,-112,-48,0,1,50,0,16,1672,224,96,0,-24,-8,0,0,65,0,384,0,48,16,0,
0,21,-176,-216,0,1,50,0,400,32,16,16,0,-192,-144,0,1,20,0,1400,0,136,136,0,-180,-132,0,1,20,0,1168,976,112,112,0,-192,-144,0,1,50,0,648,1728,136,136,0,-272,-112,0,1,20,0,1400,0,136,136,0,-260,-100,0,1,20,0,1168,976,112,112,0,-272,-112,0,1,50,0,648,1728,136,136,0,-304,-368,2,1,50,0,1024,1112,280,280,0,-304,-368,3,1,50,0,744,1112,280,280,0,-224,-280,3,1,50,0,1168,976,112,112,0,-224,-280,3,1,50,0,1168,976,112,112,0,-224,-280,3,1,20,0,1168,976,112,112,0,-240,-296,0,0,50,0,1104,688,144,144,0,-220,-276,0,1,50,0,1048,512,104,104,0,-220,-276,0,1,50,0,1048,512,104,104,0,-220,-276,0,1,50,0,1048,512,104,104,0,-220,-276,0,0,50,0,1048,512,104,104,0,-240,-240,0,0,50,0,384,1760,144,72,0,-48,-88,0,0,100,0,288,784,96,96,0,-112,-48,0,1,20,0,16,1672,224,96,0,-24,-8,0,0,65,0,384,0,48,16,0,
0,11,-304,-368,3,1,10,0,1024,1112,280,280,0,-304,-368,0,1,20,0,744,1112,280,280,0,-224,-280,0,1,20,0,1168,976,112,112,0,-240,-296,0,0,20,0,1104,832,144,144,0,-220,-276,0,1,20,0,1048,512,104,104,0,-220,-276,0,1,20,0,1048,512,104,104,0,-220,-276,0,1,20,0,1048,512,104,104,0,-220,-276,0,0,20,0,1048,512,104,104,0,-240,-240,0,0,20,0,240,1832,144,72,0,-48,-88,0,0,100,0,0,784,96,96,0,-24,-8,0,0,65,0,384,0,48,16,0,
0,2,-48,-88,0,0,100,0,96,784,96,96,0,-24,-8,0,0,65,0,384,0,48,16,0,
0,2,-48,-88,0,0,100,0,192,784,96,96,0,-24,-8,0,0,65,0,384,0,48,16,0,
0,2,-48,-88,0,0,100,0,288,784,96,96,0,-24,-8,0,0,65,0,384,0,48,16,0,
0,7,-40,-16,0,1,40,0,752,168,80,32,0,-40,-16,0,0,20,0,752,200,80,32,0,8,-40,0,1,50,0,816,128,32,40,0,-40,-40,0,1,50,0,688,128,32,40,0,-48,-64,0,0,100,0,288,0,96,72,0,-40,-48,0,1,50,0,672,168,80,64,0,-24,-8,0,0,65,0,384,0,48,16,0,
0,1,-24,-8,0,0,65,0,384,0,48,16,0,
0,8,-40,-16,0,1,60,0,752,168,80,32,0,-40,-16,0,0,20,0,752,200,80,32,0,8,-40,0,1,60,0,720,128,32,40,0,-40,-40,0,1,60,0,592,128,32,40,0,-48,-64,0,0,100,0,0,880,96,72,0,-40,-56,0,0,50,0,1536,0,64,64,0,-40,-48,0,1,60,0,432,168,80,64,0,-24,-8,0,0,65,0,384,0,48,16,0,
0,7,-40,-16,0,1,20,0,752,168,80,32,0,-40,-16,0,0,10,0,752,200,80,32,0,8,-40,0,1,30,0,752,128,32,40,0,-40,-40,0,1,30,0,624,128,32,40,0,-32,-64,0,0,100,0,96,880,72,72,0,-40,-48,0,1,30,0,512,168,80,64,0,-24,-8,0,0,65,0,384,0,48,16,0,
0,2,-32,-64,0,0,100,0,168,880,72,72,0,-24,-8,0,0,65,0,384,0,48,16,0,
0,2,-32,-64,0,0,100,0,240,880,72,72,0,-24,-8,0,0,65,0,384,0,48,16,0,
0,2,-32,-64,0,0,100,0,312,880,72,72,0,-24,-8,0,0,65,0,384,0,48,16,0,
0,2,-32,-64,0,0,100,0,384,880,72,72,0,-24,-8,0,0,65,0,384,0,48,16,0,
0,2,-32,-64,0,0,100,0,456,880,72,72,0,-24,-8,0,0,65,0,384,0,48,16,0,
0,2,-32,-64,0,0,100,0,528,880,72,72,0,-24,-8,0,0,65,0,384,0,48,16,0,
0,2,-32,-64,0,0,100,0,600,880,72,72,0,-24,-8,0,0,65,0,384,0,48,16,0,
0,2,-32,-64,0,0,100,0,0,952,72,72,0,-24,-8,0,0,65,0,384,0,48,16,0,
0,2,-32,-64,0,0,100,0,72,952,72,72,0,-24,-8,0,0,65,0,384,0,48,16,0,
0,2,-32,-64,0,0,100,0,144,952,72,72,0,-24,-8,0,0,65,0,384,0,48,16,0,
0,2,-32,-64,0,0,100,0,216,952,72,72,0,-24,-8,0,0,65,0,384,0,48,16,0,
0,2,-32,-64,0,0,100,0,288,952,72,72,0,-24,-8,0,0,65,0,384,0,48,16,0,
0,1,-24,-8,0,0,65,0,384,0,48,16,0,
0,1,-24,-8,0,0,65,0,384,0,48,16,0,
0,5,0,0,0,0,100,0,1152,416,144,144,0,20,20,0,1,100,0,1048,512,104,104,0,20,20,0,1,100,0,1048,512,104,104,0,20,20,0,0,100,0,1048,512,104,104,0,0,56,0,0,100,0,240,1728,144,72,0,
0,5,0,0,0,0,100,0,320,1112,144,144,0,20,20,0,1,100,0,1048,512,104,104,0,20,20,0,1,100,0,1048,512,104,104,0,20,20,0,0,100,0,1048,512,104,104,0,0,56,0,0,100,0,384,1728,144,72,0,
0,5,0,0,0,0,100,0,520,1560,144,144,0,20,20,0,1,100,0,1048,512,104,104,0,20,20,0,1,100,0,1048,512,104,104,0,20,20,0,0,100,0,1048,512,104,104,0,0,56,0,0,100,0,240,1800,144,72,0,
0,5,0,0,0,0,100,0,688,1560,144,144,0,20,20,0,1,100,0,1048,512,104,104,0,20,20,0,1,100,0,1048,512,104,104,0,20,20,0,0,100,0,1048,512,104,104,0,0,56,0,0,100,0,384,1800,144,72,0,
0,9,-40,-16,0,1,100,0,752,168,80,32,0,-40,-16,0,0,50,0,752,200,80,32,0,8,-40,0,1,100,0,720,128,32,40,0,-40,-40,0,1,100,0,592,128,32,40,0,-48,-64,0,0,100,0,0,0,96,72,0,-40,-48,0,1,100,0,432,168,80,64,0,-24,-8,0,0,65,0,384,0,48,16,0,48,-64,0,0,100,0,0,0,96,72,0,72,-8,0,0,65,0,384,0,48,16,0,
