0,13,-40,-62,0,1,100,0,1024,80,88,72,0,0,-31,0,1,100,0,64,320,32,32,0,-35,-45,0,1,100,0,64,288,32,32,0,-35,-57,0,1,100,0,136,288,72,64,0,-15,-51,0,0,100,0,0,80,48,48,0,-24,-35,0,0,100,0,0,152,24,24,0,-30,-47,0,0,100,0,0,200,56,56,0,-30,-47,0,1,100,0,56,200,56,56,0,-16,-55,0,0,100,0,0,0,32,24,0,-31,-50,0,0,100,0,0,24,64,56,0,-20,-42,0,0,100,0,0,176,24,24,0,-24,-24,0,1,100,0,1080,48,48,32,0,-48,-15,0,0,100,0,0,256,96,32,0,
0,13,-40,-62,0,1,100,0,1112,80,88,72,0,3,-33,0,1,100,0,64,288,32,32,0,-39,-45,1,1,100,0,96,288,32,32,0,-35,-57,0,1,100,0,208,288,72,64,0,-15,-51,0,0,100,0,48,80,48,48,0,-24,-36,0,0,100,0,0,152,24,24,0,-30,-48,0,0,100,0,0,200,56,56,0,-30,-48,0,1,100,0,512,344,56,56,0,-17,-54,0,0,100,0,32,0,32,24,0,-31,-50,0,0,100,0,64,24,64,56,0,-20,-42,0,0,100,0,0,176,24,24,0,-24,-24,0,1,100,0,1128,48,48,32,0,-48,-15,0,0,100,0,0,256,96,32,0,
0,12,-40,-62,0,1,100,0,1200,80,88,72,0,11,-38,0,1,100,0,96,288,32,32,0,-35,-57,0,1,100,0,280,288,72,64,0,-15,-50,0,0,100,0,48,80,48,48,0,-24,-35,0,0,100,0,0,152,24,24,0,-30,-47,0,0,100,0,0,200,56,56,0,-30,-47,0,1,100,0,568,344,56,56,0,-17,-53,0,0,100,0,64,0,32,24,0,-31,-50,0,0,100,0,128,24,64,56,0,-20,-41,0,0,100,0,0,176,24,24,0,-24,-24,0,1,100,0,1176,48,48,32,0,-48,-15,0,0,100,0,0,256,96,32,0,
0,12,-40,-62,0,1,100,0,1288,80,88,72,0,-34,-37,0,1,100,0,96,320,32,32,0,-35,-57,0,1,100,0,352,288,72,64,0,-15,-50,0,0,100,0,96,80,48,48,0,-23,-34,0,0,100,0,24,152,24,24,0,-29,-46,0,0,100,0,0,200,56,56,0,-29,-46,0,1,100,0,624,344,56,56,0,-17,-54,0,0,100,0,96,0,32,24,0,-31,-50,0,0,100,0,64,24,64,56,0,-20,-41,0,0,100,0,0,176,24,24,0,-24,-24,0,1,100,0,1224,48,48,32,0,-48,-15,0,0,100,0,0,256,96,32,0,
0,13,-40,-62,0,1,100,0,1024,80,88,72,0,0,-31,0,1,100,0,64,320,32,32,0,-35,-45,0,1,100,0,64,288,32,32,0,-35,-57,0,1,100,0,136,288,72,64,0,-16,-50,0,0,100,0,144,80,48,48,0,-53,-58,0,0,100,0,112,200,56,56,0,-53,-58,0,1,100,0,512,400,56,56,0,-29,-34,0,0,100,0,48,152,24,24,0,-19,-54,0,0,100,0,0,0,32,24,0,-31,-50,0,0,100,0,256,24,64,56,0,-22,-41,0,0,100,0,0,176,24,24,0,-24,-24,0,1,100,0,1080,48,48,32,0,-48,-15,0,0,100,0,0,256,96,32,0,
0,13,-40,-62,0,1,100,0,1112,80,88,72,0,3,-33,0,1,100,0,64,288,32,32,0,-39,-45,1,1,100,0,96,288,32,32,0,-35,-57,0,1,100,0,208,288,72,64,0,-17,-50,0,0,100,0,192,80,48,48,0,-52,-57,0,0,100,0,112,200,56,56,0,-52,-57,0,1,100,0,568,400,56,56,0,-28,-33,0,0,100,0,48,152,24,24,0,-20,-53,0,0,100,0,0,0,32,24,0,-31,-50,0,0,100,0,512,24,64,56,0,-22,-40,0,0,100,0,0,176,24,24,0,-24,-24,0,1,100,0,1128,48,48,32,0,-48,-15,0,0,100,0,0,256,96,32,0,
0,12,-40,-62,0,1,100,0,1200,80,88,72,0,11,-38,0,1,100,0,96,288,32,32,0,-35,-57,0,1,100,0,280,288,72,64,0,-17,-49,0,0,100,0,240,80,48,48,0,-51,-56,0,0,100,0,112,200,56,56,0,-51,-56,0,1,100,0,624,400,56,56,0,-27,-32,0,0,100,0,48,152,24,24,0,-20,-51,0,0,100,0,0,0,32,24,0,-31,-50,0,0,100,0,576,24,64,56,0,-22,-39,0,0,100,0,0,176,24,24,0,-24,-24,0,1,100,0,1176,48,48,32,0,-48,-15,0,0,100,0,0,256,96,32,0,
0,12,-40,-62,0,1,100,0,1288,80,88,72,0,-34,-37,0,1,100,0,96,320,32,32,0,-35,-57,0,1,100,0,352,288,72,64,0,-17,-50,0,0,100,0,192,80,48,48,0,-52,-57,0,0,100,0,112,200,56,56,0,-52,-57,0,1,100,0,680,400,56,56,0,-28,-33,0,0,100,0,48,152,24,24,0,-20,-53,0,0,100,0,0,0,32,24,0,-31,-50,0,0,100,0,640,24,64,56,0,-22,-40,0,0,100,0,0,176,24,24,0,-24,-24,0,1,100,0,1224,48,48,32,0,-48,-15,0,0,100,0,0,256,96,32,0,
0,19,-40,-62,0,1,100,0,1024,80,88,72,0,0,-29,0,1,100,0,64,320,32,32,0,-35,-43,0,1,100,0,64,288,32,32,0,-35,-55,0,1,100,0,136,288,72,64,0,-17,-55,0,0,100,0,360,32,32,32,0,15,-55,1,0,100,0,360,64,32,32,0,-17,-23,2,0,100,0,424,32,32,32,0,15,-23,3,0,100,0,360,32,32,32,0,-1,-56,1,1,100,-270,360,0,32,32,0,-81,1,0,1,100,270,456,0,32,32,0,-49,-15,0,1,100,270,424,0,32,32,0,1,-39,0,0,100,0,72,152,24,24,0,-13,-51,0,0,100,0,256,0,32,24,0,-31,-50,0,0,100,0,768,24,64,56,0,-17,-37,0,0,100,0,48,176,24,24,0,-47,-47,1,0,100,0,0,200,56,56,0,-46,-47,1,1,100,0,56,200,56,56,0,-24,-24,0,1,100,0,1080,48,48,32,0,-48,-15,0,0,100,0,0,256,96,32,0,
0,23,-40,-62,0,1,100,0,1112,80,88,72,0,3,-31,0,1,100,0,64,288,32,32,0,-39,-43,1,1,100,0,96,288,32,32,0,-35,-55,0,1,100,0,208,288,72,64,0,-17,-55,0,0,100,0,392,32,32,32,0,15,-55,1,0,100,0,392,64,32,32,0,-17,-23,2,0,100,0,456,32,32,32,0,15,-23,3,0,100,0,392,32,32,32,0,-1,-56,1,1,50,-270,360,0,32,32,0,79,-55,3,1,100,0,392,0,32,32,0,47,-47,3,1,100,0,360,0,32,32,0,-17,-119,0,1,100,270,392,0,32,32,0,-9,-87,0,1,100,270,360,0,32,32,0,-55,-12,0,1,100,270,456,0,32,32,0,-23,-28,0,1,100,270,424,0,32,32,0,1,-39,0,0,100,0,72,152,24,24,0,-13,-51,0,0,100,0,256,0,32,24,0,-31,-50,0,0,100,0,768,24,64,56,0,-17,-37,0,0,100,0,48,176,24,24,0,-47,-47,1,0,100,0,0,200,56,56,0,-46,-47,1,1,100,0,512,344,56,56,0,-24,-24,0,1,100,0,1128,48,48,32,0,-48,-15,0,0,100,0,0,256,96,32,0,
0,22,-40,-62,0,1,100,0,1200,80,88,72,0,11,-36,0,1,100,0,96,288,32,32,0,-35,-55,0,1,100,0,280,288,72,64,0,-17,-55,0,0,100,0,424,32,32,32,0,15,-55,1,0,100,0,424,64,32,32,0,-17,-23,2,0,100,0,360,64,32,32,0,15,-23,3,0,100,0,424,32,32,32,0,60,-50,3,1,100,0,392,0,32,32,0,28,-42,3,1,100,0,360,0,32,32,0,-11,-95,0,1,100,270,392,0,32,32,0,-3,-63,0,1,100,270,360,0,32,32,0,-17,-31,0,1,100,270,424,0,32,32,0,79,-23,1,1,100,0,392,0,32,32,0,47,-31,1,1,100,0,360,0,32,32,0,1,-39,0,0,100,0,96,152,24,24,0,-13,-51,0,0,100,0,32,0,32,24,0,-31,-50,0,0,100,0,768,24,64,56,0,-17,-37,0,0,100,0,72,176,24,24,0,-47,-47,1,0,100,0,0,200,56,56,0,-46,-47,1,1,100,0,568,344,56,56,0,-24,-24,0,1,100,0,1176,48,48,32,0,-48,-15,0,0,100,0,0,256,96,32,0,
0,22,-40,-62,0,1,100,0,1288,80,88,72,0,-34,-35,0,1,100,0,96,320,32,32,0,-35,-55,0,1,100,0,352,288,72,64,0,-17,-55,0,0,100,0,456,32,32,32,0,15,-55,1,0,100,0,456,64,32,32,0,-17,-23,2,0,100,0,392,64,32,32,0,15,-23,3,0,100,0,456,32,32,32,0,-69,-26,0,1,100,0,392,0,32,32,0,-37,-34,0,1,100,0,360,0,32,32,0,19,-40,3,1,100,0,360,0,32,32,0,-1,-55,0,1,100,270,360,0,32,32,0,-17,-31,0,1,50,270,424,0,32,32,0,55,-29,1,1,100,0,392,0,32,32,0,23,-37,1,1,100,0,360,0,32,32,0,1,-39,0,0,100,0,96,152,24,24,0,-13,-51,0,0,100,0,32,0,32,24,0,-31,-50,0,0,100,0,768,24,64,56,0,-17,-37,0,0,100,0,72,176,24,24,0,-47,-47,1,0,100,0,0,200,56,56,0,-46,-47,1,1,100,0,624,344,56,56,0,-24,-24,0,1,100,0,1224,48,48,32,0,-48,-15,0,0,100,0,0,256,96,32,0,
0,24,-40,-62,0,1,100,0,1024,80,88,72,0,0,-29,0,1,100,0,64,320,32,32,0,-35,-43,0,1,100,0,64,288,32,32,0,-35,-55,0,1,100,0,136,288,72,64,0,-17,-55,0,0,100,0,360,64,32,32,0,15,-55,1,0,100,0,360,32,32,32,0,-17,-23,2,0,100,0,424,64,32,32,0,15,-23,3,0,100,0,360,64,32,32,0,-24,-37,0,1,100,0,360,0,32,32,0,-35,-107,3,1,100,0,456,0,32,32,0,-19,-75,3,1,100,0,424,0,32,32,0,-14,30,1,1,100,-90,392,0,32,32,0,-6,-2,1,1,100,-90,360,0,32,32,0,15,-39,3,1,50,0,360,0,32,32,0,1,-47,0,1,100,0,360,0,32,32,0,15,-39,1,1,100,0,360,0,32,32,0,1,-39,0,0,100,0,120,152,24,24,0,-13,-51,0,0,100,0,320,0,32,24,0,-31,-50,0,0,100,0,768,24,64,56,0,-17,-37,0,0,100,0,96,176,24,24,0,-47,-47,1,0,100,0,0,200,56,56,0,-46,-47,1,1,100,0,56,200,56,56,0,-24,-24,0,1,100,0,1080,48,48,32,0,-48,-15,0,0,100,0,0,256,96,32,0,
0,20,-40,-62,0,1,100,0,1112,80,88,72,0,3,-31,0,1,100,0,64,288,32,32,0,-39,-43,1,1,100,0,96,288,32,32,0,-35,-55,0,1,100,0,208,288,72,64,0,-17,-55,0,0,100,0,392,64,32,32,0,15,-55,1,0,100,0,392,32,32,32,0,-17,-23,2,0,100,0,456,64,32,32,0,15,-23,3,0,100,0,392,64,32,32,0,-17,-39,0,1,100,0,360,0,32,32,0,-12,-61,3,1,100,0,424,0,32,32,0,-3,-15,1,1,100,-90,360,0,32,32,0,15,-39,1,1,50,0,360,0,32,32,0,1,-39,0,0,100,0,120,152,24,24,0,-13,-51,0,0,100,0,320,0,32,24,0,-31,-50,0,0,100,0,768,24,64,56,0,-17,-37,0,0,100,0,96,176,24,24,0,-47,-47,1,0,100,0,0,200,56,56,0,-46,-47,1,1,100,0,512,344,56,56,0,-24,-24,0,1,100,0,1128,48,48,32,0,-48,-15,0,0,100,0,0,256,96,32,0,
0,20,-40,-62,0,1,100,0,1200,80,88,72,0,11,-36,0,1,100,0,96,288,32,32,0,-35,-55,0,1,100,0,280,288,72,64,0,-17,-55,0,0,100,0,424,64,32,32,0,15,-55,1,0,100,0,424,32,32,32,0,-17,-23,2,0,100,0,360,32,32,32,0,15,-23,3,0,100,0,424,64,32,32,0,12,-109,1,1,100,-270,392,0,32,32,0,4,-77,1,1,100,-270,360,0,32,32,0,-17,-39,0,1,50,0,360,0,32,32,0,-9,-55,3,1,100,0,424,0,32,32,0,-1,-23,1,1,100,-90,360,0,32,32,0,1,-39,0,0,100,0,144,152,24,24,0,-13,-51,0,0,100,0,96,0,32,24,0,-31,-50,0,0,100,0,768,24,64,56,0,-17,-37,0,0,100,0,120,176,24,24,0,-47,-47,1,0,100,0,0,200,56,56,0,-46,-47,1,1,100,0,568,344,56,56,0,-24,-24,0,1,100,0,1176,48,48,32,0,-48,-15,0,0,100,0,0,256,96,32,0,
0,19,-40,-62,0,1,100,0,1288,80,88,72,0,-34,-35,0,1,100,0,96,320,32,32,0,-35,-55,0,1,100,0,352,288,72,64,0,-17,-55,0,0,100,0,456,64,32,32,0,15,-55,1,0,100,0,456,32,32,32,0,-17,-23,2,0,100,0,392,32,32,32,0,15,-23,3,0,100,0,456,64,32,32,0,9,-95,1,1,100,-270,392,0,32,32,0,1,-64,1,1,100,-270,360,0,32,32,0,-9,-55,3,1,50,0,424,0,32,32,0,-1,-23,1,1,50,-90,360,0,32,32,0,1,-39,0,0,100,0,144,152,24,24,0,-13,-51,0,0,100,0,96,0,32,24,0,-31,-50,0,0,100,0,768,24,64,56,0,-17,-37,0,0,100,0,120,176,24,24,0,-47,-47,1,0,100,0,0,200,56,56,0,-46,-47,1,1,100,0,624,344,56,56,0,-24,-24,0,1,100,0,1224,48,48,32,0,-48,-15,0,0,100,0,0,256,96,32,0,
0,14,-16,-54,0,1,100,0,1024,152,64,64,0,0,-31,0,1,100,0,64,320,32,32,0,-2,-36,1,1,100,0,96,288,32,32,0,-32,-57,0,1,100,0,736,416,72,64,0,-49,-44,0,1,100,0,0,288,32,32,0,-42,-40,0,0,100,0,0,128,40,24,0,-27,-49,0,0,100,0,128,0,32,24,0,-31,-50,0,0,100,0,704,24,64,56,0,-11,-39,0,0,100,0,144,176,24,24,0,-36,-49,1,0,100,0,0,200,56,56,0,-36,-49,1,1,100,0,56,200,56,56,0,-36,-57,0,1,100,0,808,480,72,64,0,-24,-24,0,1,100,0,1080,48,48,32,0,-48,-15,0,0,100,0,0,256,96,32,0,
0,13,-16,-54,0,1,100,0,1088,152,64,64,0,3,-33,0,1,100,0,64,288,32,32,0,-32,-57,0,1,99,0,808,416,72,64,0,-49,-44,0,1,100,0,32,320,32,32,0,-42,-40,0,0,100,0,40,128,40,24,0,-27,-49,0,0,100,0,160,0,32,24,0,-31,-50,0,0,100,0,704,24,64,56,0,-11,-39,0,0,100,0,168,176,24,24,0,-36,-49,1,0,100,0,0,200,56,56,0,-36,-49,1,1,100,0,512,344,56,56,0,-32,-57,0,1,100,0,880,480,72,64,0,-24,-24,0,1,100,0,1128,48,48,32,0,-48,-15,0,0,100,0,0,256,96,32,0,
0,14,-16,-54,0,1,100,0,1152,152,64,64,0,-30,-27,0,1,100,0,96,320,32,32,0,11,-38,0,1,100,0,96,288,32,32,0,-32,-57,0,1,100,0,880,416,72,64,0,-49,-44,0,1,100,0,0,320,32,32,0,-42,-40,0,0,100,0,80,128,40,24,0,-27,-49,0,0,100,0,192,0,32,24,0,-31,-50,0,0,100,0,704,24,64,56,0,-11,-39,0,0,100,0,192,176,24,24,0,-36,-49,1,0,100,0,0,200,56,56,0,-36,-49,1,1,100,0,568,344,56,56,0,-32,-57,0,1,100,0,808,544,72,64,0,-24,-24,0,1,100,0,1176,48,48,32,0,-48,-15,0,0,100,0,0,256,96,32,0,
0,13,-16,-54,0,1,100,0,1216,152,64,64,0,-35,-30,0,1,100,0,64,288,32,32,0,-32,-57,0,1,100,0,952,416,72,64,0,-49,-44,0,1,100,0,32,288,32,32,0,-42,-40,0,0,100,0,120,128,40,24,0,-27,-49,0,0,100,0,224,0,32,24,0,-31,-50,0,0,100,0,704,24,64,56,0,-11,-39,0,0,100,0,216,176,24,24,0,-36,-49,1,0,100,0,0,200,56,56,0,-36,-49,1,1,100,0,624,344,56,56,0,-29,-57,0,1,100,0,880,544,72,64,0,-24,-24,0,1,100,0,1224,48,48,32,0,-48,-15,0,0,100,0,0,256,96,32,0,
0,11,-8,-54,0,1,100,0,1024,152,64,64,0,8,-31,0,1,100,0,64,320,32,32,0,6,-36,1,1,100,0,96,288,32,32,0,-24,-57,0,1,100,0,736,416,72,64,0,-29,-50,0,0,100,0,576,80,64,56,0,-26,-46,0,0,100,0,128,0,32,24,0,-40,-57,3,0,100,0,224,200,56,56,0,-40,-57,3,1,100,0,680,344,56,56,0,-28,-57,0,1,100,0,808,480,72,64,0,-24,-24,0,1,100,0,1080,48,48,32,0,-48,-15,0,0,100,0,0,256,96,32,0,
0,10,-8,-54,0,1,100,0,1024,152,64,64,0,8,-31,0,1,100,0,64,320,32,32,0,6,-36,1,1,100,0,96,288,32,32,0,-24,-57,0,1,100,0,736,416,72,64,0,-29,-50,0,0,100,0,576,80,64,56,0,-26,-46,0,0,100,0,128,0,32,24,0,-40,-57,3,0,100,0,224,200,56,56,0,-40,-57,3,1,100,0,680,344,56,56,0,-28,-57,0,1,100,0,808,480,72,64,0,-24,-24,0,1,100,0,1080,48,48,32,0,
0,2,-31,-50,0,0,100,0,832,136,64,56,0,-48,-15,0,0,100,0,0,256,96,32,0,
0,3,-84,-12,0,0,100,0,152,256,56,32,0,-63,-32,0,0,100,0,336,200,104,56,0,-48,-15,0,0,100,0,0,256,96,32,0,
0,16,-40,-62,0,1,100,0,1024,80,88,72,0,-43,-30,1,1,100,0,64,320,32,32,0,-41,-35,0,1,100,0,96,288,32,32,0,-51,-56,1,1,100,0,736,416,72,64,0,5,-30,0,1,100,0,64,320,32,32,0,3,-35,1,1,100,0,96,288,32,32,0,-27,-56,0,1,100,0,736,416,72,64,0,-67,-88,0,1,100,0,0,352,128,128,0,-3,-38,0,0,100,0,72,152,24,24,0,-19,-50,0,0,100,0,256,0,32,24,0,-31,-50,0,0,100,0,832,24,64,56,0,-46,-34,0,0,100,0,96,256,56,32,0,-52,-31,0,1,100,0,208,256,56,32,0,-22,-37,0,0,100,0,48,176,24,24,0,-24,-24,0,1,100,0,1080,48,48,32,0,-48,-15,0,0,100,0,0,256,96,32,0,
0,14,-40,-62,0,1,100,0,1112,80,88,72,0,-47,-33,1,1,100,0,64,288,32,32,0,-52,-57,1,1,99,0,808,416,72,64,0,9,-33,0,1,100,0,64,288,32,32,0,-26,-57,0,1,99,0,808,416,72,64,0,-67,-88,0,1,100,0,128,352,128,128,0,-4,-39,0,0,100,0,72,152,24,24,0,-20,-49,0,0,100,0,256,0,32,24,0,-31,-50,0,0,100,0,896,24,64,56,0,-45,-33,0,0,100,0,96,256,56,32,0,-51,-30,0,1,100,0,208,256,56,32,0,-21,-36,0,0,100,0,48,176,24,24,0,-24,-24,0,1,100,0,1128,48,48,32,0,-48,-15,0,0,100,0,0,256,96,32,0,
0,18,-40,-62,0,1,50,0,1200,80,88,72,0,-14,-27,1,1,100,0,96,320,32,32,0,-55,-38,1,1,100,0,96,288,32,32,0,-53,-57,1,1,100,0,880,416,72,64,0,-52,-57,1,1,100,0,808,544,72,64,0,-24,-27,0,1,100,0,96,320,32,32,0,17,-38,0,1,100,0,96,288,32,32,0,-25,-57,0,1,100,0,880,416,72,64,0,-26,-57,0,1,100,0,808,544,72,64,0,-67,-88,0,1,100,0,256,352,128,128,0,-5,-39,0,0,100,0,72,152,24,24,0,-20,-48,0,0,100,0,256,0,32,24,0,-31,-50,0,0,100,0,960,24,64,56,0,-43,-33,0,0,100,0,96,256,56,32,0,-49,-30,0,1,100,0,208,256,56,32,0,-20,-36,0,0,100,0,48,176,24,24,0,-24,-24,0,1,50,0,1176,48,48,32,0,-48,-15,0,0,100,0,0,256,96,32,0,
0,14,-40,-62,0,1,25,0,1288,80,88,72,0,-13,-30,1,1,100,0,64,288,32,32,0,-25,-30,0,1,100,0,64,288,32,32,0,-67,-88,0,1,100,0,384,352,128,128,0,-5,-39,0,0,100,0,72,152,24,24,0,-20,-48,0,0,100,0,256,0,32,24,0,-31,-50,0,0,100,0,960,24,64,56,0,-43,-33,0,0,100,0,96,256,56,32,0,-49,-30,0,1,100,0,208,256,56,32,0,-20,-36,0,0,100,0,48,176,24,24,0,-57,-58,1,1,100,0,952,416,72,64,0,-20,-58,0,1,100,0,952,416,72,64,0,-24,-24,0,1,25,0,1224,48,48,32,0,-48,-15,0,0,100,0,0,256,96,32,0,
0,7,-5,-39,0,0,100,0,72,152,24,24,0,-20,-48,0,0,100,0,256,0,32,24,0,-31,-50,0,0,100,0,960,24,64,56,0,-43,-33,0,0,100,0,96,256,56,32,0,-49,-30,0,1,100,0,208,256,56,32,0,-20,-36,0,0,100,0,48,176,24,24,0,-48,-15,0,0,100,0,0,256,96,32,0,
0,1,-48,-15,0,0,100,0,0,256,96,32,0,
0,1,-48,-15,0,0,100,0,0,256,96,32,0,
0,1,-48,-15,0,0,100,0,0,256,96,32,0,
0,1,-48,-15,0,0,100,0,0,256,96,32,0,
0,19,-112,-72,0,1,100,0,1024,344,96,96,0,-88,-92,0,1,100,0,1024,216,48,128,0,-64,-16,0,1,100,0,1344,256,72,88,0,-64,-104,0,1,100,0,1168,256,88,88,0,8,-15,0,1,100,0,888,640,24,24,0,-11,-15,0,1,100,0,864,640,24,24,0,-69,-78,0,1,100,0,736,832,72,48,0,-69,-26,2,1,100,0,736,832,72,48,0,-28,-30,0,1,100,0,64,320,32,32,0,-80,-76,0,1,100,0,112,480,56,96,0,-30,-35,1,1,100,0,96,288,32,32,0,-60,-56,0,1,100,0,736,416,72,64,0,-80,-76,0,1,100,0,0,480,56,96,0,-64,-50,0,0,100,0,512,80,64,56,0,-59,-45,0,0,100,0,528,0,32,24,0,-70,-40,0,0,100,0,168,200,56,56,0,-70,-40,0,1,100,0,808,608,56,56,0,-55,-57,0,1,100,0,808,480,72,64,0,-74,-15,0,0,100,0,0,256,96,32,0,
0,18,-112,-72,0,1,100,0,1120,344,96,96,0,-88,-92,0,1,100,0,1072,216,48,128,0,-64,-16,0,1,50,0,1416,256,72,88,0,-64,-104,0,1,50,0,1256,256,88,88,0,-10,-15,0,1,100,90,888,640,24,24,0,-48,-15,0,1,100,0,864,640,24,24,0,-29,-15,0,1,100,0,864,640,24,24,0,-55,-17,2,1,100,0,736,880,72,48,0,-55,-86,0,1,100,0,736,880,72,48,0,-22,-33,0,1,100,0,64,288,32,32,0,-57,-57,0,1,99,0,808,416,72,64,0,-80,-76,0,1,100,0,56,480,56,96,0,-69,-50,0,0,100,0,576,80,64,56,0,-63,-44,0,0,100,0,528,0,32,24,0,-72,-40,0,0,100,0,168,200,56,56,0,-72,-40,0,1,100,0,808,608,56,56,0,-64,-57,0,1,100,0,880,480,72,64,0,-79,-15,0,0,100,0,0,256,96,32,0,
0,7,-112,-72,0,1,100,0,1216,344,96,96,0,-88,-92,0,1,100,0,1120,216,48,128,0,-65,-50,0,0,100,0,512,80,64,56,0,-60,-45,0,0,100,0,528,0,32,24,0,-71,-40,0,0,100,0,168,200,56,56,0,-71,-40,0,1,100,0,808,608,56,56,0,-76,-15,0,0,100,0,0,256,96,32,0,
0,1,-48,-15,0,0,100,0,0,256,96,32,0,
0,1,-48,-15,0,0,100,0,0,256,96,32,0,
0,1,-48,-15,0,0,100,0,0,256,96,32,0,
0,1,-48,-15,0,0,100,0,0,256,96,32,0,
0,8,-112,-72,0,1,100,0,1312,344,96,96,0,-34,-39,0,0,100,0,72,152,24,24,0,-47,-49,0,0,100,0,560,0,32,24,0,-56,-50,0,0,100,0,512,24,64,56,0,-48,-37,0,0,100,0,48,176,24,24,0,-78,-47,1,0,100,0,0,200,56,56,0,-78,-47,1,1,100,0,56,200,56,56,0,-73,-15,0,0,100,0,0,256,96,32,0,
0,7,-31,-39,0,0,100,0,72,152,24,24,0,-44,-49,0,0,100,0,560,0,32,24,0,-56,-50,0,0,100,0,832,24,64,56,0,-44,-37,0,0,100,0,48,176,24,24,0,-74,-47,1,0,100,0,0,200,56,56,0,-74,-47,1,1,100,0,56,200,56,56,0,-73,-15,0,0,100,0,0,256,96,32,0,
0,7,-26,-38,0,0,100,0,72,152,24,24,0,-39,-49,0,0,100,0,0,0,32,24,0,-56,-50,0,0,100,0,768,24,64,56,0,-39,-37,0,0,100,0,48,176,24,24,0,-69,-47,1,0,100,0,0,200,56,56,0,-68,-47,1,1,100,0,56,200,56,56,0,-73,-15,0,0,100,0,0,256,96,32,0,
0,7,-28,-39,0,0,100,0,160,128,40,24,0,-37,-50,0,0,100,0,256,0,32,24,0,-56,-50,0,0,100,0,832,80,64,56,0,-38,-37,0,0,100,0,48,176,24,24,0,-68,-47,1,0,100,0,0,200,56,56,0,-67,-47,1,1,100,0,56,200,56,56,0,-73,-15,0,0,100,0,0,256,96,32,0,
0,7,-27,-40,0,0,100,0,200,128,40,24,0,-36,-51,0,0,100,0,256,0,32,24,0,-56,-50,0,0,100,0,896,80,64,56,0,-38,-37,0,0,100,0,48,176,24,24,0,-68,-47,1,0,100,0,0,200,56,56,0,-67,-47,1,1,100,0,56,200,56,56,0,-73,-15,0,0,100,0,0,256,96,32,0,
0,1,-48,-15,0,0,100,0,0,256,96,32,0,
0,1,-48,-15,0,0,100,0,0,256,96,32,0,
0,1,-48,-15,0,0,100,0,0,256,96,32,0,
0,1,-48,-15,0,0,100,0,0,256,96,32,0,
0,1,-48,-15,0,0,100,0,0,256,96,32,0,
0,16,-104,-72,0,1,100,0,1120,344,96,96,0,-80,-88,0,1,100,0,1024,216,48,128,0,-104,-72,0,1,100,0,1440,824,96,96,0,-96,-64,0,1,100,0,1024,440,80,80,0,-136,-104,0,1,100,90,1024,664,160,160,0,-80,-50,0,1,100,0,0,632,56,56,0,-117,-80,3,1,100,0,56,576,112,112,0,-67,-30,1,1,100,0,64,320,32,32,0,-65,-35,0,1,100,0,96,288,32,32,0,-75,-56,1,1,100,0,736,416,72,64,0,-82,-56,0,1,100,0,0,576,56,56,0,-65,-50,0,0,100,0,768,80,64,56,0,-52,-48,0,0,100,0,128,0,32,24,0,-62,-36,0,0,100,0,96,256,56,32,0,-68,-33,0,1,100,0,208,256,56,32,0,-75,-15,0,0,100,0,0,256,96,32,0,
0,16,-104,-72,0,1,100,0,1216,344,96,96,0,-80,-88,0,1,100,0,1072,216,48,128,0,-104,-72,0,1,100,0,1440,920,96,96,0,-96,-64,0,1,100,0,1104,440,80,80,0,-136,-104,0,1,100,90,1184,664,160,160,0,-117,-80,3,1,100,0,56,688,112,112,0,-72,-33,1,1,100,0,64,288,32,32,0,-77,-57,1,1,99,0,808,416,72,64,0,-77,-74,2,1,100,0,0,480,56,96,0,-82,-56,0,1,30,0,0,576,56,56,0,-66,-52,0,0,100,0,704,80,64,56,0,-53,-50,0,0,100,0,128,0,32,24,0,-60,-38,0,0,100,0,96,256,56,32,0,-66,-35,0,1,100,0,208,256,56,32,0,-70,-57,1,1,100,0,880,480,72,64,0,-75,-15,0,0,100,0,0,256,96,32,0,
0,16,-104,-72,0,1,100,0,1312,344,96,96,0,-80,-88,0,1,100,0,1120,216,48,128,0,-104,-72,0,1,50,0,1440,824,96,96,0,-96,-64,0,1,100,0,1184,440,80,80,0,-136,-104,0,1,50,90,1184,664,160,160,0,-117,-80,3,1,50,0,56,688,112,112,0,-36,-28,1,1,100,0,96,320,32,32,0,-77,-39,1,1,100,0,96,288,32,32,0,-74,-58,1,1,100,0,880,416,72,64,0,-77,-74,2,1,100,0,48,480,56,96,0,-65,-50,0,0,100,0,704,80,64,56,0,-52,-48,0,0,100,0,128,0,32,24,0,-59,-36,0,0,100,0,96,256,56,32,0,-65,-33,0,1,100,0,208,256,56,32,0,-74,-58,1,1,100,0,808,544,72,64,0,-74,-15,0,0,100,0,0,256,96,32,0,
0,5,-64,-50,0,0,100,0,768,80,64,56,0,-51,-48,0,0,100,0,128,0,32,24,0,-61,-37,0,0,100,0,96,256,56,32,0,-67,-34,0,1,100,0,208,256,56,32,0,-74,-15,0,0,100,0,0,256,96,32,0,
0,1,-48,-15,0,0,100,0,0,256,96,32,0,
0,1,-48,-15,0,0,100,0,0,256,96,32,0,
0,1,-48,-15,0,0,100,0,0,256,96,32,0,
0,5,-9,-39,3,0,100,0,112,200,56,56,0,-9,-39,3,1,100,0,512,400,56,56,0,-32,-50,0,0,100,0,512,136,64,56,0,-20,-49,0,0,100,0,128,0,32,24,0,-48,-15,0,0,100,0,0,256,96,32,0,
0,5,-34,-50,0,0,100,0,576,136,64,56,0,-25,-49,0,0,100,0,128,0,32,24,0,-9,-59,0,1,100,0,680,344,56,56,0,-9,-59,0,0,100,0,224,200,56,56,0,-50,-15,0,0,100,0,0,256,96,32,0,
0,26,-132,-40,0,1,100,0,1440,824,96,96,0,-164,-80,0,1,100,0,1440,824,96,96,0,-200,-128,0,1,100,0,1232,824,208,208,0,-120,-48,0,1,100,0,1024,440,80,80,0,-152,-72,0,1,100,0,1264,440,80,80,0,-75,-53,0,1,100,0,32,744,24,32,0,-126,-28,0,1,100,0,0,744,32,32,0,-102,-48,0,1,100,0,0,688,56,56,0,-119,-62,0,1,100,0,0,632,56,56,0,-146,-82,3,1,100,0,56,576,112,112,0,-84,-27,1,1,100,0,96,320,32,32,0,-125,-38,1,1,100,0,96,288,32,32,0,-122,-57,1,1,100,0,880,416,72,64,0,-122,-57,1,1,100,0,808,544,72,64,0,13,-28,0,1,100,0,64,320,32,32,0,11,-33,1,1,100,0,96,288,32,32,0,-19,-54,0,1,100,0,736,416,72,64,0,-23,-54,0,1,100,0,808,480,72,64,0,-110,-82,0,1,100,0,168,712,160,120,0,-110,-82,0,1,100,0,168,480,160,120,0,-14,-41,0,1,100,0,680,344,56,56,0,-14,-41,0,0,100,0,224,200,56,56,0,-35,-44,0,0,100,0,312,152,48,48,0,-36,-44,0,0,100,0,592,0,32,24,0,-35,-50,0,0,100,0,640,136,64,56,0,-51,-15,0,0,100,0,0,256,96,32,0,
0,31,-156,-64,0,1,100,0,1440,824,96,96,0,-132,-40,0,1,100,0,1440,920,96,96,0,-164,-80,0,1,100,0,1440,920,96,96,0,-184,-40,1,1,100,0,1024,600,104,64,0,-80,-40,0,1,100,0,1024,600,104,64,0,-200,-128,0,1,100,180,1232,824,208,208,0,-200,-128,0,1,100,0,1024,824,208,208,0,-120,-48,0,1,100,0,1104,440,80,80,0,-152,-72,0,1,100,0,1344,440,80,80,0,-152,-40,0,1,100,0,1264,440,80,80,0,-176,-43,0,1,100,0,0,856,208,72,0,-102,-61,0,1,100,0,0,744,32,32,0,-64,-56,0,1,100,0,32,744,24,32,0,-123,-22,0,1,100,0,32,744,24,32,0,-102,-48,0,1,100,0,0,632,56,56,0,-119,-62,0,1,100,0,0,688,56,56,0,-146,-82,3,1,100,0,56,688,112,112,0,-106,-30,1,1,100,0,64,288,32,32,0,-135,-57,1,1,100,0,952,416,72,64,0,-150,-56,1,1,100,0,880,544,72,64,0,20,-31,0,1,100,0,64,288,32,32,0,-15,-55,0,1,99,0,808,416,72,64,0,-15,-55,0,1,100,0,880,480,72,64,0,-108,-82,0,1,100,0,328,480,160,120,0,-108,-82,0,1,100,0,328,712,160,120,0,-13,-42,0,1,100,0,680,344,56,56,0,-13,-42,0,0,100,0,224,200,56,56,0,-35,-43,0,0,100,0,360,152,48,48,0,-36,-43,0,0,100,0,592,0,32,24,0,-35,-50,0,0,100,0,704,136,64,56,0,-51,-15,0,0,100,0,0,256,96,32,0,
0,35,-124,-80,0,1,100,0,1440,824,96,96,0,-156,-64,0,1,100,0,1440,920,96,96,0,-132,-40,0,1,50,0,1440,920,96,96,0,-164,-80,0,1,50,0,1440,920,96,96,0,-184,-40,1,1,100,0,1128,600,104,64,0,-80,-40,0,1,100,0,1128,600,104,64,0,-200,-128,0,1,100,180,1024,824,208,208,0,-200,-128,0,1,50,0,1024,824,208,208,0,-120,-48,0,1,100,0,1184,440,80,80,0,-152,-72,0,1,100,0,1424,440,80,80,0,-168,-80,0,1,100,0,1024,440,80,80,0,-104,-104,0,1,100,0,1264,440,80,80,0,-104,-56,0,1,100,0,1024,440,80,80,0,-152,-40,0,1,100,0,1344,440,80,80,0,-146,-82,3,1,50,0,56,688,112,112,0,-180,-43,0,1,100,0,208,856,208,72,0,-97,-53,0,1,100,0,0,744,32,32,0,-118,-44,0,1,100,0,0,744,32,32,0,-108,-60,0,1,100,0,32,744,24,32,0,-105,-28,0,1,100,0,32,744,24,32,0,-102,-55,0,1,100,0,0,688,56,56,0,-112,-47,0,1,100,0,0,632,56,56,0,-120,-37,1,1,100,0,64,288,32,32,0,-12,-26,0,1,100,0,96,320,32,32,0,29,-37,0,1,100,0,96,288,32,32,0,-14,-56,0,1,100,0,880,416,72,64,0,-14,-56,0,1,100,0,808,544,72,64,0,-108,-82,0,1,100,0,488,480,160,120,0,-108,-82,0,1,100,0,488,712,160,120,0,-13,-42,0,1,100,0,680,344,56,56,0,-13,-42,0,0,100,0,224,200,56,56,0,-35,-43,0,0,100,0,360,152,48,48,0,-36,-43,0,0,100,0,592,0,32,24,0,-35,-50,0,0,100,0,704,136,64,56,0,-51,-15,0,0,100,0,0,256,96,32,0,
0,26,-124,-80,0,1,100,0,1440,920,96,96,0,-156,-64,0,1,50,0,1440,920,96,96,0,-184,-40,1,1,100,0,1232,600,104,64,0,-80,-40,0,1,100,0,1232,600,104,64,0,-200,-128,0,1,50,180,1024,824,208,208,0,-168,-80,0,1,100,0,1104,440,80,80,0,-104,-104,0,1,100,0,1344,440,80,80,0,-104,-56,0,1,100,0,1104,440,80,80,0,-200,-128,0,1,25,0,1024,824,208,208,0,-152,-40,0,1,100,0,1424,440,80,80,0,-180,-43,0,1,100,0,0,928,208,72,0,-93,-24,0,1,100,0,32,744,24,32,0,-118,-45,0,1,50,0,0,744,32,32,0,-108,-61,0,1,50,0,32,744,24,32,0,-112,-27,0,1,50,0,32,744,24,32,0,-102,-56,0,1,50,0,0,688,56,56,0,-90,-62,0,1,100,0,0,744,32,32,0,-112,-48,0,1,100,0,0,688,56,56,0,-108,-82,0,1,100,0,648,480,160,120,0,-108,-82,0,1,100,0,648,712,160,120,0,-13,-42,0,0,100,0,224,200,56,56,0,-13,-42,0,1,100,0,680,344,56,56,0,-35,-43,0,0,100,0,360,152,48,48,0,-36,-43,0,0,100,0,592,0,32,24,0,-35,-50,0,0,100,0,704,136,64,56,0,-51,-15,0,0,100,0,0,256,96,32,0,
0,19,-200,-128,0,1,25,180,1024,824,208,208,0,-124,-80,0,1,50,0,1440,920,96,96,0,-184,-40,1,1,50,0,1336,600,104,64,0,-80,-40,0,1,50,0,1336,600,104,64,0,-168,-80,0,1,50,0,1184,440,80,80,0,-104,-104,0,1,50,0,1424,440,80,80,0,-104,-56,0,1,50,0,1184,440,80,80,0,-180,-43,0,1,50,0,0,928,208,72,0,-93,-24,0,1,50,0,32,744,24,32,0,-113,-45,0,1,50,0,32,744,24,32,0,-90,-62,0,1,50,0,0,744,32,32,0,-92,-45,0,1,50,0,0,744,32,32,0,-112,-48,0,1,50,0,0,688,56,56,0,-13,-42,0,0,100,0,224,200,56,56,0,-13,-42,0,1,100,0,680,344,56,56,0,-35,-43,0,0,100,0,360,152,48,48,0,-36,-43,0,0,100,0,592,0,32,24,0,-35,-50,0,0,100,0,704,136,64,56,0,-51,-15,0,0,100,0,0,256,96,32,0,
0,6,-13,-42,0,0,100,0,224,200,56,56,0,-13,-42,0,1,100,0,680,344,56,56,0,-35,-43,0,0,100,0,360,152,48,48,0,-36,-43,0,0,100,0,592,0,32,24,0,-35,-50,0,0,100,0,704,136,64,56,0,-51,-15,0,0,100,0,0,256,96,32,0,
0,1,-48,-15,0,0,100,0,0,256,96,32,0,
0,1,-48,-15,0,0,100,0,0,256,96,32,0,
0,1,-48,-15,0,0,100,0,0,256,96,32,0,
0,12,-40,-62,0,1,50,0,1024,80,88,72,0,0,-31,0,1,50,0,64,320,32,32,0,-35,-45,0,1,50,0,64,288,32,32,0,-35,-57,0,1,50,0,136,288,72,64,0,-30,-83,0,0,100,0,336,104,24,24,0,-28,-50,0,0,100,0,456,152,48,48,0,-18,-53,0,0,100,0,0,0,32,24,0,-31,-42,0,0,100,0,896,136,64,56,0,-50,-35,0,0,100,0,96,256,56,32,0,-36,-51,0,0,100,0,408,152,48,48,0,-24,-24,0,1,50,0,1080,48,48,32,0,-48,-15,0,0,100,0,0,256,96,32,0,
0,7,-32,-76,0,0,100,0,336,104,24,24,0,-29,-51,0,0,100,0,456,152,48,48,0,-19,-53,0,0,100,0,560,0,32,24,0,-31,-42,0,0,100,0,896,136,64,56,0,-49,-34,0,0,100,0,96,256,56,32,0,-35,-50,0,0,100,0,408,152,48,48,0,-48,-15,0,0,100,0,0,256,96,32,0,
0,7,-32,-65,0,0,100,0,360,104,24,24,0,-31,-54,0,0,100,0,440,200,48,48,0,-20,-48,0,0,100,0,560,0,32,24,0,-31,-42,0,0,100,0,960,136,64,56,0,-54,-36,1,0,100,0,224,200,56,56,0,-32,-44,0,0,100,0,728,200,48,48,0,-50,-15,0,0,100,0,0,256,96,32,0,
0,7,-29,-57,0,0,100,0,384,104,24,24,0,-32,-43,0,0,100,0,488,200,48,48,0,-19,-38,0,0,100,0,0,0,32,24,0,-34,-42,0,0,100,0,832,192,64,56,0,-44,-31,0,0,100,0,280,200,56,56,0,-32,-37,0,0,100,0,728,200,48,48,0,-51,-15,0,0,100,0,0,256,96,32,0,
0,6,-32,-42,0,0,100,0,536,200,48,48,0,-16,-38,0,0,100,0,624,0,32,24,0,-34,-42,0,0,100,0,832,360,64,56,0,-41,-31,0,0,100,0,280,200,56,56,0,-18,-26,0,0,100,0,48,176,24,24,0,-52,-15,0,0,100,0,0,256,96,32,0,
0,7,-32,-41,0,0,100,0,440,248,48,48,0,-17,-38,0,0,100,0,624,0,32,24,0,-34,-42,0,0,100,0,832,192,64,56,0,-41,-31,0,0,100,0,280,200,56,56,0,-32,-35,0,0,100,0,776,200,48,48,0,-19,-27,0,0,100,0,0,176,24,24,0,-52,-15,0,0,100,0,0,256,96,32,0,
0,7,-32,-40,0,0,100,0,440,248,48,48,0,-18,-37,0,0,100,0,0,0,32,24,0,-31,-35,0,0,100,0,776,200,48,48,0,-34,-42,0,0,100,0,960,192,64,56,0,-19,-28,0,0,100,0,0,176,24,24,0,-41,-31,0,0,100,0,280,200,56,56,0,-52,-15,0,0,100,0,0,256,96,32,0,
0,7,-35,-40,0,0,100,0,584,200,48,48,0,-19,-37,0,0,100,0,656,0,32,24,0,-28,-36,0,0,100,0,776,200,48,48,0,-34,-42,0,0,100,0,960,192,64,56,0,-41,-31,0,0,100,0,280,200,56,56,0,-19,-28,0,0,100,0,0,176,24,24,0,-52,-15,0,0,100,0,0,256,96,32,0,
0,7,-33,-39,0,0,100,0,632,200,48,48,0,-20,-37,0,0,100,0,656,0,32,24,0,-27,-36,0,0,100,0,776,200,48,48,0,-34,-42,0,0,100,0,960,192,64,56,0,-41,-31,0,0,100,0,280,200,56,56,0,-19,-28,0,0,100,0,0,176,24,24,0,-52,-15,0,0,100,0,0,256,96,32,0,
0,1,-48,-15,0,0,100,0,0,256,96,32,0,
0,1,-48,-15,0,0,100,0,0,256,96,32,0,
0,7,-32,-39,0,0,100,0,632,200,48,48,0,-20,-37,0,0,100,0,656,0,32,24,0,-27,-36,0,0,100,0,776,200,48,48,0,-34,-42,0,0,100,0,960,192,64,56,0,-41,-31,0,0,100,0,280,200,56,56,0,-19,-28,0,0,100,0,0,176,24,24,0,-52,-15,0,0,100,0,0,256,96,32,0,
0,7,-32,-39,0,0,100,0,680,200,48,48,0,-20,-37,0,0,100,0,688,0,32,24,0,-27,-36,0,0,100,0,776,200,48,48,0,-34,-42,0,0,100,0,960,192,64,56,0,-41,-31,0,0,100,0,280,200,56,56,0,-19,-28,0,0,100,0,0,176,24,24,0,-52,-15,0,0,100,0,0,256,96,32,0,
0,7,-32,-39,0,0,100,0,632,296,48,48,0,-20,-37,0,0,100,0,720,0,32,24,0,-27,-36,0,0,100,0,776,200,48,48,0,-34,-42,0,0,100,0,960,192,64,56,0,-41,-31,0,0,100,0,280,200,56,56,0,-19,-28,0,0,100,0,0,176,24,24,0,-52,-15,0,0,100,0,0,256,96,32,0,
0,7,-32,-39,0,0,100,0,680,296,48,48,0,-20,-37,0,0,100,0,752,0,32,24,0,-27,-36,0,0,100,0,776,200,48,48,0,-34,-42,0,0,100,0,960,192,64,56,0,-41,-31,0,0,100,0,280,200,56,56,0,-19,-28,0,0,100,0,0,176,24,24,0,-52,-15,0,0,100,0,0,256,96,32,0,
0,11,-40,-62,0,1,100,0,1024,80,88,72,0,0,-31,0,1,100,0,64,320,32,32,0,-35,-45,0,1,100,0,64,288,32,32,0,-35,-57,0,1,100,0,136,288,72,64,0,-41,-31,0,0,100,0,96,256,56,32,0,-47,-28,0,1,100,0,208,256,56,32,0,-18,-52,0,0,100,0,560,0,32,24,0,-25,-49,0,0,100,0,680,248,48,48,0,-31,-50,0,0,100,0,768,248,64,56,0,-24,-24,0,1,100,0,1080,48,48,32,0,-48,-15,0,0,100,0,0,256,96,32,0,
0,11,-40,-62,0,1,100,0,1112,80,88,72,0,3,-33,0,1,100,0,64,288,32,32,0,-39,-45,1,1,100,0,96,288,32,32,0,-35,-57,0,1,100,0,208,288,72,64,0,-34,-30,0,0,100,0,96,256,56,32,0,-40,-27,0,1,100,0,208,256,56,32,0,-19,-51,0,0,100,0,560,0,32,24,0,-26,-50,0,0,100,0,440,296,48,48,0,-31,-50,0,0,100,0,832,248,64,56,0,-24,-24,0,1,100,0,1128,48,48,32,0,-48,-15,0,0,100,0,0,256,96,32,0,
0,10,-40,-62,0,1,100,0,1200,80,88,72,0,11,-38,0,1,100,0,96,288,32,32,0,-35,-57,0,1,100,0,280,288,72,64,0,-32,-29,0,0,100,0,96,256,56,32,0,-38,-26,0,1,100,0,208,256,56,32,0,-18,-51,0,0,100,0,592,0,32,24,0,-24,-49,0,0,100,0,488,248,48,48,0,-31,-50,0,0,100,0,896,248,64,56,0,-24,-24,0,1,100,0,1176,48,48,32,0,-48,-15,0,0,100,0,0,256,96,32,0,
0,10,-40,-62,0,1,50,0,1288,80,88,72,0,-36,-36,0,1,100,0,96,320,32,32,0,-35,-57,0,1,100,0,352,288,72,64,0,-30,-29,0,0,100,0,96,256,56,32,0,-36,-26,0,1,100,0,208,256,56,32,0,-17,-51,0,0,100,0,592,0,32,24,0,-22,-49,0,0,100,0,488,248,48,48,0,-31,-50,0,0,100,0,960,248,63,56,0,-24,-24,0,1,50,0,1224,48,48,32,0,-48,-15,0,0,100,0,0,256,96,32,0,
0,11,-14,-30,0,0,100,-90,224,200,56,56,0,-14,-31,0,1,100,-90,680,344,56,56,0,-39,-31,1,1,100,0,64,320,32,32,0,-37,-36,0,1,100,0,96,288,32,32,0,-47,-57,1,1,100,0,736,416,72,64,0,-43,-57,1,1,100,0,808,480,72,64,0,-15,-50,0,0,100,0,488,296,48,48,0,-7,-52,0,0,100,0,592,0,32,24,0,-27,-50,0,0,100,0,768,304,63,56,0,-15,-50,0,0,100,0,536,296,48,48,0,-50,-15,0,0,100,0,0,256,96,32,0,
0,9,-53,-33,1,1,100,0,64,288,32,32,0,-58,-57,1,1,99,0,808,416,72,64,0,-58,-57,1,1,100,0,880,480,72,64,0,-32,-56,0,0,100,0,584,296,48,48,0,-21,-57,0,0,100,0,624,0,32,24,0,-41,-50,0,0,100,0,832,304,63,56,0,-16,-55,3,1,100,0,512,400,56,56,0,-16,-55,3,0,100,0,112,200,56,56,0,-53,-15,0,0,100,0,0,256,96,32,0,
0,15,-64,-27,1,1,100,0,96,320,32,32,0,-105,-38,1,1,100,0,96,288,32,32,0,-102,-57,1,1,100,0,880,416,72,64,0,-102,-57,1,1,100,0,808,544,72,64,0,-8,-31,0,1,100,0,64,320,32,32,0,-10,-36,1,1,100,0,96,288,32,32,0,-40,-57,0,1,100,0,736,416,72,64,0,-44,-57,0,1,100,0,808,480,72,64,0,-44,-50,0,0,100,0,896,304,64,56,0,-133,-94,0,1,100,0,416,832,160,112,0,-133,-94,0,1,100,0,416,832,160,112,0,-133,-94,0,1,100,0,168,600,160,112,0,-74,-28,0,1,100,0,864,608,56,32,0,-74,-28,0,0,100,0,152,256,56,32,0,-61,-15,0,0,100,0,0,256,96,32,0,
0,13,-94,-30,1,1,100,0,64,288,32,32,0,-123,-57,1,1,100,0,952,416,72,64,0,-138,-56,1,1,100,0,880,544,72,64,0,-9,-33,0,1,100,0,64,288,32,32,0,-44,-57,0,1,99,0,808,416,72,64,0,-44,-57,0,1,100,0,880,480,72,64,0,-44,-50,0,0,100,0,960,304,64,56,0,-132,-90,0,1,100,0,576,832,160,112,0,-132,-90,0,1,100,0,576,832,160,112,0,-132,-90,0,1,100,0,328,600,160,112,0,-67,-23,0,1,100,0,864,608,56,32,0,-67,-23,0,0,100,0,152,256,56,32,0,-61,-15,0,0,100,0,0,256,96,32,0,
0,11,-22,-31,0,1,100,0,96,320,32,32,0,4,-38,0,1,100,0,96,288,32,32,0,-39,-57,0,1,100,0,880,416,72,64,0,-39,-57,0,1,100,0,808,544,72,64,0,-44,-50,0,0,100,0,768,360,64,56,0,-130,-89,0,1,100,0,808,664,160,112,0,-130,-89,0,1,100,0,808,664,160,112,0,-130,-89,0,1,100,0,488,600,160,112,0,-65,-22,0,1,100,0,864,608,56,32,0,-65,-22,0,0,100,0,152,256,56,32,0,-61,-15,0,0,100,0,0,256,96,32,0,
0,10,-24,-30,0,1,100,0,64,288,32,32,0,-35,-57,0,1,100,0,952,416,72,64,0,-18,-57,0,1,100,0,880,544,72,64,0,-44,-50,0,0,100,0,960,304,64,56,0,-132,-90,0,1,100,0,808,776,160,112,0,-132,-90,0,1,100,0,808,776,160,112,0,-132,-90,0,1,100,0,648,600,160,112,0,-66,-23,0,1,100,0,864,608,56,32,0,-67,-23,0,0,100,0,152,256,56,32,0,-61,-15,0,0,100,0,0,256,96,32,0,
0,4,-44,-50,0,0,100,0,960,304,64,56,0,-67,-23,0,0,100,0,152,256,56,32,0,-66,-23,0,1,100,0,864,608,56,32,0,-61,-15,0,0,100,0,0,256,96,32,0,
0,39,-223,-51,0,0,100,0,0,80,48,48,0,-232,-35,0,0,100,0,0,152,24,24,0,-238,-47,0,0,100,0,1024,24,56,56,0,-224,-55,0,0,100,0,0,0,32,24,0,-239,-50,0,0,100,0,0,24,64,56,0,-228,-42,0,0,100,0,0,176,24,24,0,-256,-15,0,0,100,0,0,256,96,32,0,-119,-51,0,0,100,0,0,80,48,48,0,-128,-35,0,0,100,0,0,152,24,24,0,-134,-47,0,0,100,0,0,200,56,56,0,-134,-47,0,1,100,0,56,200,56,56,0,-120,-55,0,0,100,0,0,0,32,24,0,-135,-50,0,0,100,0,0,24,64,56,0,-124,-42,0,0,100,0,0,176,24,24,0,-152,-15,0,0,100,0,0,256,96,32,0,0,-31,0,1,100,0,64,320,32,32,0,-35,-45,0,1,100,0,64,288,32,32,0,-35,-57,0,1,100,0,136,288,72,64,0,-15,-51,0,0,100,0,0,80,48,48,0,-24,-35,0,0,100,0,0,152,24,24,0,-30,-47,0,0,100,0,0,200,56,56,0,-30,-47,0,1,100,0,56,200,56,56,0,-16,-55,0,0,100,0,0,0,32,24,0,-31,-50,0,0,100,0,0,24,64,56,0,-20,-42,0,0,100,0,0,176,24,24,0,-48,-15,0,0,100,0,0,256,96,32,0,64,-62,0,1,100,0,1024,80,88,72,0,104,-31,0,1,100,0,64,320,32,32,0,69,-45,0,1,100,0,64,288,32,32,0,69,-57,0,1,100,0,136,288,72,64,0,89,-51,0,0,100,0,0,80,48,48,0,80,-35,0,0,100,0,0,152,24,24,0,74,-47,0,0,100,0,0,200,56,56,0,74,-47,0,1,100,0,56,200,56,56,0,88,-55,0,0,100,0,0,0,32,24,0,73,-50,0,0,100,0,0,24,64,56,0,84,-42,0,0,100,0,0,176,24,24,0,72,-48,0,1,100,0,1024,152,64,64,0,56,-15,0,0,100,0,0,256,96,32,0,
0,0,
0,0,
0,0,
0,0,
0,16,-40,-62,0,1,100,0,1024,80,88,72,0,-43,-30,1,1,100,0,64,320,32,32,0,-41,-35,0,1,100,0,96,288,32,32,0,-51,-56,1,1,100,0,736,416,72,64,0,5,-30,0,1,100,0,64,320,32,32,0,3,-35,1,1,100,0,96,288,32,32,0,-27,-56,0,1,100,0,736,416,72,64,0,-67,-88,0,1,100,0,0,352,128,128,0,-3,-38,0,0,100,0,72,152,24,24,0,-19,-50,0,0,100,0,256,0,32,24,0,-31,-50,0,0,100,0,832,24,64,56,0,-46,-34,0,0,100,0,96,256,56,32,0,-52,-31,0,1,100,0,208,256,56,32,0,-22,-37,0,0,100,0,48,176,24,24,0,-24,-24,0,1,100,0,1080,48,48,32,0,-48,-15,0,0,100,0,0,256,96,32,0,
0,14,-40,-62,0,1,100,0,1112,80,88,72,0,-47,-33,1,1,100,0,64,288,32,32,0,-52,-57,1,1,99,0,808,416,72,64,0,9,-33,0,1,100,0,64,288,32,32,0,-26,-57,0,1,99,0,808,416,72,64,0,-67,-88,0,1,100,0,128,352,128,128,0,-4,-39,0,0,100,0,72,152,24,24,0,-20,-49,0,0,100,0,256,0,32,24,0,-31,-50,0,0,100,0,896,24,64,56,0,-45,-33,0,0,100,0,96,256,56,32,0,-51,-30,0,1,100,0,208,256,56,32,0,-21,-36,0,0,100,0,48,176,24,24,0,-24,-24,0,1,100,0,1128,48,48,32,0,-48,-15,0,0,100,0,0,256,96,32,0,
0,18,-40,-62,0,1,50,0,1200,80,88,72,0,-14,-27,1,1,100,0,96,320,32,32,0,-55,-38,1,1,100,0,96,288,32,32,0,-53,-57,1,1,100,0,880,416,72,64,0,-52,-57,1,1,100,0,808,544,72,64,0,-24,-27,0,1,100,0,96,320,32,32,0,17,-38,0,1,100,0,96,288,32,32,0,-25,-57,0,1,100,0,880,416,72,64,0,-26,-57,0,1,100,0,808,544,72,64,0,-67,-88,0,1,100,0,256,352,128,128,0,-5,-39,0,0,100,0,72,152,24,24,0,-20,-48,0,0,100,0,256,0,32,24,0,-31,-50,0,0,100,0,960,24,64,56,0,-43,-33,0,0,100,0,96,256,56,32,0,-49,-30,0,1,100,0,208,256,56,32,0,-20,-36,0,0,100,0,48,176,24,24,0,-24,-24,0,1,50,0,1176,48,48,32,0,-48,-15,0,0,100,0,0,256,96,32,0,
0,14,-40,-62,0,1,25,0,1288,80,88,72,0,-13,-30,1,1,100,0,64,288,32,32,0,-25,-30,0,1,100,0,64,288,32,32,0,-67,-88,0,1,100,0,384,352,128,128,0,-5,-39,0,0,100,0,72,152,24,24,0,-20,-48,0,0,100,0,256,0,32,24,0,-31,-50,0,0,100,0,960,24,64,56,0,-43,-33,0,0,100,0,96,256,56,32,0,-49,-30,0,1,100,0,208,256,56,32,0,-20,-36,0,0,100,0,48,176,24,24,0,-57,-58,1,1,100,0,952,416,72,64,0,-20,-58,0,1,100,0,952,416,72,64,0,-24,-24,0,1,25,0,1224,48,48,32,0,-48,-15,0,0,100,0,0,256,96,32,0,
0,7,-5,-39,0,0,100,0,72,152,24,24,0,-20,-48,0,0,100,0,256,0,32,24,0,-31,-50,0,0,100,0,960,24,64,56,0,-43,-33,0,0,100,0,96,256,56,32,0,-49,-30,0,1,100,0,208,256,56,32,0,-20,-36,0,0,100,0,48,176,24,24,0,-48,-15,0,0,100,0,0,256,96,32,0,
0,1,-48,-15,0,0,100,0,0,256,96,32,0,
0,1,-48,-15,0,0,100,0,0,256,96,32,0,
0,1,-48,-15,0,0,100,0,0,256,96,32,0,
0,1,-48,-15,0,0,100,0,0,256,96,32,0,
0,3,-24,-80,0,0,100,0,0,1000,56,88,0,-25,-86,3,1,100,90,680,400,56,56,0,-48,-15,0,0,100,0,0,256,96,32,0,
0,3,-24,-72,0,0,100,0,56,1008,56,80,0,-18,-73,3,1,100,0,208,256,56,32,0,-48,-15,0,0,100,0,0,256,96,32,0,
0,3,-24,-64,0,0,100,0,112,1016,56,64,0,-14,-59,3,1,100,0,288,1128,48,24,0,-48,-15,0,0,100,0,0,256,96,32,0,
0,1,-48,-15,0,0,100,0,0,256,96,32,0,
0,8,-176,-104,0,1,100,0,992,1408,96,120,0,-176,-104,0,1,100,0,704,1408,96,120,0,-80,-84,0,1,100,0,1632,520,88,72,0,-80,-84,0,1,100,0,1632,520,88,72,0,-80,-84,0,1,100,0,1632,448,88,72,0,-72,-40,0,1,100,0,288,1128,48,24,0,-64,-56,0,0,100,0,168,1024,88,64,0,-51,-15,0,0,100,0,0,256,96,32,0,
0,12,-104,-304,0,1,100,0,736,1728,128,192,0,-184,-176,0,1,100,0,736,1728,128,192,0,-176,-56,0,1,100,0,1280,1248,96,96,0,-176,-224,0,1,100,0,1088,1288,96,240,0,-176,-224,0,1,100,0,800,1288,96,240,0,-81,-84,0,1,100,0,1720,520,88,72,0,-81,-84,0,1,100,0,1720,520,88,72,0,-81,-84,0,1,100,0,1720,448,88,72,0,-73,-40,0,1,100,0,288,1128,48,24,0,-64,-56,0,0,100,0,256,1024,88,64,0,-72,-64,0,0,100,0,336,1512,96,72,0,-51,-15,0,0,100,0,0,256,96,32,0,
0,36,-64,-384,0,1,100,0,448,1728,64,96,0,-88,-344,3,1,100,0,512,1728,96,192,0,-152,-216,3,1,100,0,608,1728,128,192,0,-16,-336,0,1,100,0,448,1824,64,96,0,-152,-160,3,1,100,0,736,1728,128,192,0,-88,-288,3,1,100,0,608,1728,128,192,0,-102,-314,0,1,50,0,736,1728,128,192,0,-182,-186,0,1,50,0,736,1728,128,192,0,-168,-72,0,1,100,-90,672,1632,96,96,0,-176,-72,0,1,100,-90,768,1632,96,96,0,-133,-60,1,0,100,90,1040,1192,48,48,0,-165,-41,0,0,100,-90,752,1192,48,48,0,-214,-65,1,0,100,0,1088,1192,48,48,0,-92,-51,0,0,100,0,800,1192,48,48,0,-176,-48,0,1,100,0,1376,1248,96,96,0,-215,-83,1,0,100,0,448,1536,88,96,0,-127,-83,0,0,100,0,448,1536,88,96,0,-175,-22,0,1,100,0,624,1584,48,48,0,-125,-27,0,1,100,0,624,1584,48,48,0,-133,-28,0,1,100,0,624,1536,48,48,0,-160,-27,0,1,100,0,624,1536,48,48,0,-176,-227,0,1,100,0,1184,1288,96,240,0,-176,-229,0,1,100,0,1184,1288,96,240,0,-104,-89,0,1,100,0,624,1584,48,48,0,-196,-84,0,1,100,0,624,1584,48,48,0,-181,-56,0,1,100,0,624,1536,48,48,0,-116,-53,0,1,100,0,624,1536,48,48,0,-176,-227,0,1,100,0,896,1288,96,240,0,-176,-227,0,1,100,0,896,1288,96,240,0,-103,-65,0,0,100,0,1088,1240,48,48,0,-198,-87,1,0,100,0,800,1240,48,48,0,-81,-84,0,1,100,0,1808,520,88,72,0,-81,-84,0,1,100,0,1808,448,88,72,0,-73,-40,0,1,100,0,288,1128,48,24,0,-64,-56,0,0,100,0,256,1024,88,64,0,-51,-15,0,0,100,0,0,256,96,32,0,
0,39,-48,-384,1,1,100,0,448,1728,64,96,0,-80,-344,3,1,100,0,512,1728,96,192,0,-144,-216,3,1,100,0,608,1728,128,192,0,-32,-336,1,1,100,0,448,1824,64,96,0,-152,-160,3,1,100,0,736,1728,128,192,0,-88,-288,3,1,100,0,608,1728,128,192,0,-192,-88,3,1,100,0,672,1632,96,96,0,-160,-112,1,1,100,-90,768,1632,96,96,0,-176,-72,0,1,50,-90,768,1632,96,96,0,-126,-82,1,0,100,90,1088,1192,48,48,0,-168,-55,0,0,100,-90,800,1192,48,48,0,-227,-68,1,0,100,0,1136,1192,48,48,0,-75,-56,0,0,100,0,848,1192,48,48,0,-152,-17,0,1,100,0,624,1584,48,48,0,-189,-21,0,1,100,0,624,1584,48,48,0,-113,-32,0,1,100,0,624,1584,48,48,0,-127,-22,0,1,100,0,624,1536,48,48,0,-173,-23,0,1,100,0,624,1536,48,48,0,-215,-83,1,0,100,0,536,1536,88,96,0,-127,-83,0,0,100,0,536,1536,88,96,0,-176,-223,0,1,100,0,1184,1288,96,240,0,-176,-223,0,1,100,0,1184,1288,96,240,0,-176,-223,0,1,100,0,1184,1288,96,240,0,-176,-225,0,1,100,0,1184,1288,96,240,0,-98,-104,0,1,100,0,624,1680,48,48,0,-195,-108,0,1,100,0,624,1680,48,48,0,-193,-78,0,1,100,0,624,1632,48,48,0,-104,-67,0,1,100,0,624,1632,48,48,0,-176,-225,0,1,100,0,896,1288,96,240,0,-176,-227,0,1,100,0,896,1288,96,240,0,-86,-67,0,0,100,0,1136,1240,48,48,0,-211,-90,1,0,100,0,848,1240,48,48,0,-138,-70,0,0,100,90,1184,1240,48,48,0,-234,-56,1,0,100,-90,848,1240,48,48,0,-172,-26,0,1,50,0,624,1680,48,48,0,-224,-25,0,1,50,0,624,1680,48,48,0,-73,-40,0,1,100,0,288,1128,48,24,0,-64,-56,0,0,100,0,256,1024,88,64,0,-51,-15,0,0,100,0,0,256,96,32,0,
0,32,-50,-387,0,1,100,0,448,1728,64,96,0,-76,-344,3,1,100,0,512,1728,96,192,0,-140,-216,3,1,100,0,608,1728,128,192,0,-176,-80,3,1,100,90,768,1632,96,96,0,-200,-88,3,1,100,0,768,1536,96,96,0,-176,-80,2,1,100,0,672,1632,96,96,0,-192,-72,3,1,50,0,672,1632,96,96,0,-118,-81,1,0,100,90,1136,1192,48,48,0,-173,-59,0,0,100,-90,848,1192,48,48,0,-235,-62,1,0,100,0,1184,1192,48,48,0,-67,-50,0,0,100,0,896,1192,48,48,0,-141,-7,0,1,100,0,624,1680,48,48,0,-161,-14,0,1,100,0,624,1632,48,48,0,-198,-25,0,1,100,0,624,1632,48,48,0,-106,-31,0,1,100,0,624,1632,48,48,0,-149,-19,0,1,100,0,624,1584,48,48,0,-122,-21,0,1,100,0,624,1584,48,48,0,-180,-20,0,1,100,0,624,1584,48,48,0,-215,-83,1,0,100,0,448,1632,88,96,0,-127,-83,0,0,100,0,448,1632,88,96,0,-176,-226,0,1,75,0,1184,1288,96,240,0,-176,-226,0,1,100,0,1184,1288,96,240,0,-105,-120,0,1,100,0,624,1680,48,48,0,-187,-116,0,1,100,0,624,1680,48,48,0,-189,-88,0,1,100,0,624,1632,48,48,0,-104,-84,0,1,100,0,624,1632,48,48,0,-176,-224,0,1,100,0,896,1288,96,240,0,-80,-63,0,0,100,0,1184,1240,48,48,0,-217,-83,1,0,100,0,896,1240,48,48,0,-73,-40,0,1,100,0,288,1128,48,24,0,-64,-56,0,0,100,0,256,1024,88,64,0,-51,-15,0,0,100,0,0,256,96,32,0,
0,32,-192,-152,0,1,100,90,672,1632,96,96,0,-208,-104,2,1,100,90,768,1536,96,96,0,-168,-88,0,1,100,-90,768,1536,96,96,0,-216,-88,3,1,50,0,768,1536,96,96,0,-176,-80,2,1,50,0,672,1632,96,96,0,-114,-76,1,0,100,90,1184,1192,48,48,0,-181,-58,0,0,100,-90,896,1192,48,48,0,-244,-51,1,0,100,0,1232,1192,48,48,0,-65,-41,0,0,100,0,944,1192,48,48,0,-138,-4,0,1,100,0,624,1680,48,48,0,-165,-7,0,1,100,0,624,1632,48,48,0,-209,-19,0,1,100,0,624,1680,48,48,0,-99,-29,0,1,100,0,624,1680,48,48,0,-148,-12,0,1,100,0,624,1632,48,48,0,-215,-83,1,0,100,0,536,1632,88,96,0,-127,-83,0,0,100,0,536,1632,88,96,0,-119,-18,0,1,100,0,624,1584,48,48,0,-184,-14,0,1,100,0,624,1584,48,48,0,-176,-224,0,1,75,0,1184,1288,96,240,0,-93,-138,0,1,50,0,624,1680,48,48,0,-192,-132,0,1,50,0,624,1680,48,48,0,-192,-97,0,1,75,0,624,1680,48,48,0,-98,-99,0,1,75,0,624,1680,48,48,0,-176,-224,0,1,100,0,896,1288,96,240,0,-77,-53,0,0,100,0,1232,1240,48,48,0,-223,-73,1,0,100,0,944,1240,48,48,0,-31,-50,0,0,100,0,256,0,32,24,0,-32,-40,0,0,100,0,344,1000,40,40,0,-46,-28,0,0,100,0,96,256,56,32,0,-53,-25,0,1,100,0,208,256,56,32,0,-32,-40,0,0,100,0,344,1040,48,48,0,-52,-15,0,0,100,0,0,256,96,32,0,
0,26,-200,-80,3,1,100,0,672,1536,96,96,0,-176,-104,0,1,100,90,768,1536,96,96,0,-192,-152,0,1,50,90,672,1632,96,96,0,-208,-104,2,1,50,90,768,1536,96,96,0,-108,-64,1,0,100,90,1232,1192,48,48,0,-184,-52,0,0,100,-90,944,1192,48,48,0,-245,-42,1,0,100,-90,992,1240,48,48,0,-64,-31,0,0,100,90,704,1240,48,48,0,-131,-4,0,1,100,0,624,1680,48,48,0,-168,-5,0,1,100,0,624,1680,48,48,0,-149,-12,0,1,100,0,624,1680,48,48,0,-176,-224,0,1,100,0,1088,1288,96,240,0,-88,-139,0,1,25,0,624,1680,48,48,0,-195,-134,0,1,25,0,624,1680,48,48,0,-180,-99,0,1,50,0,624,1680,48,48,0,-112,-104,0,1,50,0,624,1680,48,48,0,-176,-224,0,1,100,0,800,1288,96,240,0,-176,-224,0,1,100,0,896,1288,96,240,0,-77,-46,0,0,100,90,992,1240,48,48,0,-227,-64,1,0,100,-90,704,1240,48,48,0,-30,-52,0,0,100,0,288,0,32,24,0,-42,-33,0,0,100,0,168,200,56,56,0,-32,-40,0,0,100,0,384,1008,40,32,0,-36,-25,0,1,100,0,432,1112,40,40,0,-32,-40,0,0,100,0,392,1040,48,48,0,-52,-15,0,0,100,0,0,256,96,32,0,
0,1,-73,-15,0,0,100,0,0,256,96,32,0,
0,10,-176,-104,0,1,100,0,992,1288,96,120,0,-176,-104,0,1,100,0,704,1288,96,120,0,-176,-224,0,1,50,0,896,1288,96,240,0,-68,-25,0,1,100,0,96,288,32,32,0,-76,-57,1,1,99,0,736,416,72,64,0,-75,-56,1,1,100,0,880,480,72,64,0,-48,-64,0,0,100,0,440,1016,48,72,0,-32,-53,3,1,100,0,512,400,56,56,0,-32,-53,3,0,100,0,112,200,56,56,0,-71,-15,0,0,100,0,0,256,96,32,0,
0,9,-176,-104,0,1,15,0,992,1288,96,120,0,-176,-104,0,1,50,0,704,1288,96,120,0,-71,-33,1,1,100,0,64,288,32,32,0,-76,-57,1,1,99,0,808,416,72,64,0,-76,-57,1,1,100,0,880,480,72,64,0,-48,-64,0,0,100,0,488,1016,48,72,0,-34,-55,3,1,100,0,512,400,56,56,0,-34,-55,3,0,100,0,112,200,56,56,0,-71,-15,0,0,100,0,0,256,96,32,0,
0,29,-208,-40,1,0,100,0,992,1192,48,48,0,-152,-32,0,0,100,0,704,1192,48,48,0,-200,-48,0,1,100,0,1280,1248,96,96,0,-200,-104,0,1,100,0,992,1288,96,120,0,-156,-50,0,1,100,0,624,1584,48,48,0,-192,-19,0,1,100,0,624,1584,48,48,0,-201,-38,0,1,100,0,624,1536,48,48,0,-165,-26,0,1,100,0,624,1536,48,48,0,-144,-48,0,0,100,0,992,1240,48,48,0,-200,-56,1,0,100,0,704,1240,48,48,0,-184,-120,0,1,100,0,1024,664,160,160,0,-152,-32,0,1,100,0,1024,520,112,40,0,-160,-88,0,1,100,0,1024,440,80,80,0,-152,-80,0,1,100,0,1024,344,96,96,0,-80,-27,1,1,100,0,96,320,32,32,0,-121,-38,1,1,100,0,96,288,32,32,0,-118,-57,1,1,100,0,880,416,72,64,0,-118,-57,1,1,100,0,808,544,72,64,0,-24,-31,0,1,100,0,64,320,32,32,0,-26,-36,1,1,100,0,96,288,32,32,0,-56,-57,0,1,100,0,736,416,72,64,0,-60,-57,0,1,100,0,808,480,72,64,0,-60,-50,0,0,100,0,896,304,64,56,0,-149,-94,0,1,100,0,1576,0,160,112,0,-149,-94,0,1,100,0,1576,0,160,112,0,-149,-94,0,1,100,0,1736,0,160,112,0,-90,-28,0,1,100,0,864,608,56,32,0,-90,-28,0,0,100,0,152,256,56,32,0,-77,-15,0,0,100,0,0,256,96,32,0,
0,33,-163,-23,1,0,100,90,992,1192,48,48,0,-195,-25,0,0,100,-90,704,1192,48,48,0,-128,-312,0,1,100,0,736,1728,128,192,0,-208,-184,0,1,100,0,736,1728,128,192,0,-200,-48,0,1,100,0,1280,1248,96,96,0,-217,-55,1,0,100,0,1040,1192,48,48,0,-139,-42,0,0,100,0,752,1192,48,48,0,-200,-224,0,1,100,0,1088,1288,96,240,0,-135,-74,0,1,100,0,624,1584,48,48,0,-215,-63,0,1,100,0,624,1584,48,48,0,-211,-38,0,1,100,0,624,1536,48,48,0,-146,-33,0,1,100,0,624,1536,48,48,0,-200,-224,0,1,100,0,800,1288,96,240,0,-142,-62,0,0,100,0,1040,1240,48,48,0,-211,-75,1,0,100,0,752,1240,48,48,0,-184,-120,0,1,100,0,1184,664,160,160,0,-152,-32,0,1,100,0,1136,520,112,40,0,-144,-56,0,1,100,0,1024,440,80,80,0,-160,-88,0,1,100,0,1104,440,80,80,0,-152,-80,0,1,100,0,1120,344,96,96,0,-110,-30,1,1,100,0,64,288,32,32,0,-139,-57,1,1,100,0,952,416,72,64,0,-154,-56,1,1,100,0,880,544,72,64,0,-25,-33,0,1,100,0,64,288,32,32,0,-60,-57,0,1,99,0,808,416,72,64,0,-60,-57,0,1,100,0,880,480,72,64,0,-60,-50,0,0,100,0,960,304,64,56,0,-148,-90,0,1,100,0,1576,112,160,112,0,-148,-90,0,1,100,0,1576,112,160,112,0,-148,-90,0,1,100,0,1736,112,160,112,0,-83,-23,0,1,100,0,864,608,56,32,0,-83,-23,0,0,100,0,152,256,56,32,0,-77,-15,0,0,100,0,0,256,96,32,0,
0,47,-88,-384,0,1,100,0,448,1728,64,96,0,-112,-344,3,1,100,0,512,1728,96,192,0,-176,-216,3,1,100,0,608,1728,128,192,0,-40,-336,0,1,100,0,448,1824,64,96,0,-176,-160,3,1,100,0,736,1728,128,192,0,-112,-288,3,1,100,0,608,1728,128,192,0,-126,-314,0,1,50,0,736,1728,128,192,0,-206,-186,0,1,50,0,736,1728,128,192,0,-192,-72,0,1,100,-90,672,1632,96,96,0,-200,-72,0,1,100,-90,768,1632,96,96,0,-157,-60,1,0,100,90,1040,1192,48,48,0,-189,-41,0,0,100,-90,752,1192,48,48,0,-238,-65,1,0,100,0,1088,1192,48,48,0,-116,-51,0,0,100,0,800,1192,48,48,0,-200,-48,0,1,100,0,1376,1248,96,96,0,-239,-83,1,0,100,0,448,1536,88,96,0,-151,-83,0,0,100,0,448,1536,88,96,0,-199,-22,0,1,100,0,624,1584,48,48,0,-149,-27,0,1,100,0,624,1584,48,48,0,-157,-28,0,1,100,0,624,1536,48,48,0,-184,-27,0,1,100,0,624,1536,48,48,0,-200,-227,0,1,100,0,1184,1288,96,240,0,-200,-229,0,1,100,0,1184,1288,96,240,0,-128,-89,0,1,100,0,624,1584,48,48,0,-220,-84,0,1,100,0,624,1584,48,48,0,-205,-56,0,1,100,0,624,1536,48,48,0,-140,-53,0,1,100,0,624,1536,48,48,0,-200,-227,0,1,100,0,896,1288,96,240,0,-200,-227,0,1,100,0,896,1288,96,240,0,-127,-65,0,0,100,0,1088,1240,48,48,0,-222,-87,1,0,100,0,800,1240,48,48,0,-184,-120,0,1,100,0,1344,664,160,160,0,-152,-32,0,1,100,0,1248,520,112,40,0,-144,-56,0,1,100,0,1104,440,80,80,0,-160,-88,0,1,100,0,1184,440,80,80,0,-152,-80,0,1,100,0,1216,344,96,96,0,-38,-31,0,1,100,0,96,320,32,32,0,-12,-38,0,1,100,0,96,288,32,32,0,-55,-57,0,1,100,0,880,416,72,64,0,-55,-57,0,1,100,0,808,544,72,64,0,-60,-50,0,0,100,0,768,360,64,56,0,-146,-89,0,1,100,0,1576,224,160,112,0,-146,-89,0,1,100,0,1576,224,160,112,0,-146,-89,0,1,100,0,1736,224,160,112,0,-81,-22,0,1,100,0,864,608,56,32,0,-81,-22,0,0,100,0,152,256,56,32,0,-77,-15,0,0,100,0,0,256,96,32,0,
0,45,-72,-384,1,1,100,0,448,1728,64,96,0,-104,-344,3,1,100,0,512,1728,96,192,0,-168,-216,3,1,100,0,608,1728,128,192,0,-60,-334,1,1,100,0,448,1824,64,96,0,-180,-158,3,1,100,0,736,1728,128,192,0,-116,-286,3,1,100,0,608,1728,128,192,0,-216,-88,3,1,100,0,672,1632,96,96,0,-184,-112,1,1,100,-90,768,1632,96,96,0,-200,-72,0,1,50,-90,768,1632,96,96,0,-150,-82,1,0,100,90,1088,1192,48,48,0,-192,-55,0,0,100,-90,800,1192,48,48,0,-251,-68,1,0,100,0,1136,1192,48,48,0,-99,-56,0,0,100,0,848,1192,48,48,0,-176,-17,0,1,100,0,624,1584,48,48,0,-213,-21,0,1,100,0,624,1584,48,48,0,-137,-32,0,1,100,0,624,1584,48,48,0,-151,-22,0,1,100,0,624,1536,48,48,0,-197,-23,0,1,100,0,624,1536,48,48,0,-239,-83,1,0,100,0,536,1536,88,96,0,-151,-83,0,0,100,0,536,1536,88,96,0,-200,-223,0,1,100,0,1184,1288,96,240,0,-200,-223,0,1,100,0,1184,1288,96,240,0,-200,-223,0,1,100,0,1184,1288,96,240,0,-200,-225,0,1,100,0,1184,1288,96,240,0,-122,-104,0,1,100,0,624,1680,48,48,0,-219,-108,0,1,100,0,624,1680,48,48,0,-217,-78,0,1,100,0,624,1632,48,48,0,-128,-67,0,1,100,0,624,1632,48,48,0,-200,-225,0,1,100,0,896,1288,96,240,0,-200,-227,0,1,100,0,896,1288,96,240,0,-110,-67,0,0,100,0,1136,1240,48,48,0,-235,-90,1,0,100,0,848,1240,48,48,0,-152,-32,0,1,100,0,1136,560,112,40,0,-144,-56,0,1,100,0,1184,440,80,80,0,-152,-80,0,1,100,0,1312,344,96,96,0,-40,-30,0,1,100,0,64,288,32,32,0,-51,-57,0,1,100,0,952,416,72,64,0,-34,-57,0,1,100,0,880,544,72,64,0,-60,-50,0,0,100,0,960,304,64,56,0,-148,-90,0,1,100,0,1576,336,160,112,0,-148,-90,0,1,100,0,1576,336,160,112,0,-148,-90,0,1,100,0,1736,336,160,112,0,-82,-23,0,1,100,0,864,608,56,32,0,-83,-23,0,0,100,0,152,256,56,32,0,-77,-15,0,0,100,0,0,256,96,32,0,
0,41,-74,-387,0,1,100,0,448,1728,64,96,0,-260,-224,2,1,100,0,608,1728,128,192,0,-325,-354,1,1,100,0,736,1728,128,192,0,-100,-344,3,1,100,0,512,1728,96,192,0,-164,-216,3,1,100,0,608,1728,128,192,0,-62,-332,1,1,50,0,448,1824,64,96,0,-182,-156,3,1,50,0,736,1728,128,192,0,-118,-284,3,1,50,0,608,1728,128,192,0,-200,-80,3,1,100,90,768,1632,96,96,0,-224,-88,3,1,100,0,768,1536,96,96,0,-200,-80,2,1,100,0,672,1632,96,96,0,-216,-72,3,1,50,0,672,1632,96,96,0,-142,-81,1,0,100,90,1136,1192,48,48,0,-197,-59,0,0,100,-90,848,1192,48,48,0,-259,-62,1,0,100,0,1184,1192,48,48,0,-91,-50,0,0,100,0,896,1192,48,48,0,-165,-7,0,1,100,0,624,1680,48,48,0,-185,-14,0,1,100,0,624,1632,48,48,0,-222,-25,0,1,100,0,624,1632,48,48,0,-130,-31,0,1,100,0,624,1632,48,48,0,-173,-19,0,1,100,0,624,1584,48,48,0,-146,-21,0,1,100,0,624,1584,48,48,0,-204,-20,0,1,100,0,624,1584,48,48,0,-239,-83,1,0,100,0,448,1632,88,96,0,-151,-83,0,0,100,0,448,1632,88,96,0,-200,-223,0,1,100,0,1184,1288,96,240,0,-200,-223,0,1,100,0,1184,1288,96,240,0,-200,-223,0,1,100,0,1184,1288,96,240,0,-200,-225,0,1,100,0,1184,1288,96,240,0,-200,-225,0,1,100,0,896,1288,96,240,0,-200,-227,0,1,100,0,896,1288,96,240,0,-129,-120,0,1,100,0,624,1680,48,48,0,-211,-116,0,1,100,0,624,1680,48,48,0,-213,-88,0,1,100,0,624,1632,48,48,0,-128,-84,0,1,100,0,624,1632,48,48,0,-104,-63,0,0,100,0,1184,1240,48,48,0,-241,-83,1,0,100,0,896,1240,48,48,0,-60,-50,0,0,100,0,960,304,64,56,0,-83,-23,0,0,100,0,152,256,56,32,0,-82,-23,0,1,100,0,864,608,56,32,0,-77,-15,0,0,100,0,0,256,96,32,0,
0,33,-216,-152,0,1,100,90,672,1632,96,96,0,-256,-224,2,1,100,0,608,1728,128,192,0,-317,-353,1,1,100,0,608,1728,128,192,0,-232,-104,2,1,100,90,768,1536,96,96,0,-192,-88,0,1,100,-90,768,1536,96,96,0,-240,-88,3,1,50,0,768,1536,96,96,0,-200,-80,2,1,50,0,672,1632,96,96,0,-138,-76,1,0,100,90,1184,1192,48,48,0,-205,-58,0,0,100,-90,896,1192,48,48,0,-268,-51,1,0,100,0,1232,1192,48,48,0,-89,-41,0,0,100,0,944,1192,48,48,0,-162,-4,0,1,100,0,624,1680,48,48,0,-189,-7,0,1,100,0,624,1632,48,48,0,-233,-19,0,1,100,0,624,1680,48,48,0,-123,-29,0,1,100,0,624,1680,48,48,0,-172,-12,0,1,100,0,624,1632,48,48,0,-239,-83,1,0,100,0,536,1632,88,96,0,-151,-83,0,0,100,0,536,1632,88,96,0,-143,-18,0,1,100,0,624,1584,48,48,0,-208,-14,0,1,100,0,624,1584,48,48,0,-117,-138,0,1,50,0,624,1680,48,48,0,-216,-132,0,1,50,0,624,1680,48,48,0,-216,-97,0,1,75,0,624,1680,48,48,0,-122,-99,0,1,75,0,624,1680,48,48,0,-200,-226,0,1,75,0,1184,1288,96,240,0,-200,-226,0,1,100,0,1184,1288,96,240,0,-200,-224,0,1,100,0,896,1288,96,240,0,-101,-53,0,0,100,0,1232,1240,48,48,0,-247,-73,1,0,100,0,944,1240,48,48,0,-60,-50,0,0,100,0,960,304,64,56,0,-83,-23,0,0,100,0,152,256,56,32,0,-82,-23,0,1,100,0,864,608,56,32,0,-77,-15,0,0,100,0,0,256,96,32,0,
0,1,-73,-15,0,0,100,0,0,256,96,32,0,
0,1,-73,-15,0,0,100,0,0,256,96,32,0,
0,1,-73,-15,0,0,100,0,0,256,96,32,0,
0,24,-224,-80,3,1,100,0,672,1536,96,96,0,-250,-224,2,1,50,0,736,1728,128,192,0,-313,-354,1,1,50,0,608,1728,128,192,0,-200,-104,0,1,100,90,768,1536,96,96,0,-216,-152,0,1,50,90,672,1632,96,96,0,-232,-104,2,1,50,90,768,1536,96,96,0,-132,-64,1,0,100,90,1232,1192,48,48,0,-208,-52,0,0,100,-90,944,1192,48,48,0,-269,-42,1,0,100,-90,992,1240,48,48,0,-88,-31,0,0,100,90,704,1240,48,48,0,-155,-4,0,1,100,0,624,1680,48,48,0,-192,-5,0,1,100,0,624,1680,48,48,0,-173,-12,0,1,100,0,624,1680,48,48,0,-112,-139,0,1,25,0,624,1680,48,48,0,-219,-134,0,1,25,0,624,1680,48,48,0,-204,-99,0,1,50,0,624,1680,48,48,0,-136,-104,0,1,50,0,624,1680,48,48,0,-200,-224,0,1,75,0,1184,1288,96,240,0,-200,-224,0,1,100,0,896,1288,96,240,0,-101,-46,0,0,100,90,992,1240,48,48,0,-251,-64,1,0,100,-90,704,1240,48,48,0,-56,-56,0,0,100,0,0,1088,72,64,0,-56,-29,3,1,100,0,336,1088,56,32,0,-59,-15,0,0,100,0,0,256,96,32,0,
0,21,-125,-40,0,0,100,90,1136,1192,48,48,0,-210,-39,1,0,100,-90,800,1192,48,48,0,-150,-4,0,1,75,0,624,1680,48,48,0,-198,-3,0,1,75,0,624,1680,48,48,0,-210,-73,0,1,50,-90,768,1536,96,96,0,-216,-88,3,1,50,270,672,1536,96,96,0,-168,-88,0,1,50,0,768,1632,96,96,0,-200,-224,0,1,100,0,1088,1288,96,240,0,-200,-224,0,1,100,0,800,1288,96,240,0,-200,-224,0,1,100,0,896,1288,96,240,0,-110,-140,0,1,12,0,624,1680,48,48,0,-221,-135,0,1,12,0,624,1680,48,48,0,-198,-100,0,1,25,0,624,1680,48,48,0,-140,-106,0,1,25,0,624,1680,48,48,0,-279,-54,1,0,75,-90,1040,1240,48,48,0,-79,-44,0,0,75,90,752,1240,48,48,0,-98,-44,0,0,75,90,1040,1240,48,48,0,-253,-53,1,0,75,-90,752,1240,48,48,0,-48,-56,0,0,100,0,72,1088,64,64,0,-51,-29,3,1,100,0,336,1088,56,32,0,-58,-15,0,0,100,0,0,256,96,32,0,
0,12,-148,-2,0,1,50,0,624,1680,48,48,0,-200,-1,0,1,50,0,624,1680,48,48,0,-200,-104,0,1,100,0,992,1408,96,120,0,-200,-224,0,1,100,0,800,1288,96,240,0,-200,-104,0,1,100,0,704,1408,96,120,0,-282,-63,1,0,50,-90,1088,1240,48,48,0,-73,-54,0,0,50,90,800,1240,48,48,0,-96,-48,0,0,50,90,1088,1240,48,48,0,-254,-55,1,0,50,-90,800,1240,48,48,0,-40,-56,0,0,100,0,136,1088,64,64,0,-40,-29,3,1,100,0,336,1088,56,32,0,-52,-15,0,0,100,0,0,256,96,32,0,
0,14,-103,-49,0,0,50,90,1232,1240,48,48,0,-221,-37,1,0,50,-90,896,1240,48,48,0,-200,-104,0,1,100,0,992,1288,96,120,0,-200,-104,0,1,100,0,704,1288,96,120,0,-200,-224,0,1,50,0,800,1288,96,240,0,-292,-56,1,0,25,-90,1136,1240,48,48,0,-63,-48,0,0,25,90,848,1240,48,48,0,-91,-45,0,0,25,90,1136,1240,48,48,0,-258,-50,1,0,25,-90,848,1240,48,48,0,-11,-39,3,0,100,0,112,200,56,56,0,-11,-39,3,1,100,0,512,400,56,56,0,-34,-50,0,0,100,0,512,136,64,56,0,-22,-49,0,0,100,0,128,0,32,24,0,-50,-15,0,0,100,0,0,256,96,32,0,
0,7,-200,-104,0,1,15,0,992,1288,96,120,0,-200,-104,0,1,50,0,704,1288,96,120,0,-11,-39,3,0,100,0,112,200,56,56,0,-11,-39,3,1,100,0,512,400,56,56,0,-34,-50,0,0,100,0,512,136,64,56,0,-22,-49,0,0,100,0,128,0,32,24,0,-50,-15,0,0,100,0,0,256,96,32,0,
0,5,-34,-50,0,0,100,0,576,136,64,56,0,-25,-49,0,0,100,0,128,0,32,24,0,-9,-59,0,1,100,0,680,344,56,56,0,-9,-59,0,0,100,0,224,200,56,56,0,-50,-15,0,0,100,0,0,256,96,32,0,
0,36,-200,-56,1,0,100,0,992,1192,48,48,0,-144,-48,0,0,100,0,704,1192,48,48,0,-192,-64,0,1,100,0,1280,1248,96,96,0,-192,-120,0,1,100,0,992,1288,96,120,0,-148,-66,0,1,100,0,624,1584,48,48,0,-184,-35,0,1,100,0,624,1584,48,48,0,-193,-54,0,1,100,0,624,1536,48,48,0,-157,-42,0,1,100,0,624,1536,48,48,0,-136,-64,0,0,100,0,992,1240,48,48,0,-192,-72,1,0,100,0,704,1240,48,48,0,-132,-40,0,1,100,0,1440,824,96,96,0,-164,-80,0,1,100,0,1440,824,96,96,0,-200,-128,0,1,100,0,1232,824,208,208,0,-120,-48,0,1,100,0,1024,440,80,80,0,-152,-72,0,1,100,0,1264,440,80,80,0,-75,-53,0,1,100,0,32,744,24,32,0,-126,-28,0,1,100,0,0,744,32,32,0,-102,-48,0,1,100,0,0,688,56,56,0,-119,-62,0,1,100,0,0,632,56,56,0,-146,-82,3,1,100,0,56,576,112,112,0,-84,-27,1,1,100,0,96,320,32,32,0,-125,-38,1,1,100,0,96,288,32,32,0,-122,-57,1,1,100,0,880,416,72,64,0,-122,-57,1,1,100,0,808,544,72,64,0,13,-28,0,1,100,0,64,320,32,32,0,11,-33,1,1,100,0,96,288,32,32,0,-19,-54,0,1,100,0,736,416,72,64,0,-23,-54,0,1,100,0,808,480,72,64,0,-110,-82,0,1,100,0,168,712,160,120,0,-110,-82,0,1,100,0,168,480,160,120,0,-14,-41,0,1,100,0,680,344,56,56,0,-14,-41,0,0,100,0,224,200,56,56,0,-35,-44,0,0,100,0,312,152,48,48,0,-36,-44,0,0,100,0,592,0,32,24,0,-35,-50,0,0,100,0,640,136,64,56,0,-51,-15,0,0,100,0,0,256,96,32,0,
0,57,-192,-56,0,1,100,0,1280,1248,96,96,0,-155,-31,1,0,100,90,992,1192,48,48,0,-187,-33,0,0,100,-90,704,1192,48,48,0,-120,-320,0,1,100,0,736,1728,128,192,0,-200,-192,0,1,100,0,736,1728,128,192,0,-192,-56,0,1,100,0,1280,1248,96,96,0,-209,-63,1,0,100,0,1040,1192,48,48,0,-131,-50,0,0,100,0,752,1192,48,48,0,-192,-232,0,1,100,0,1088,1288,96,240,0,-127,-82,0,1,100,0,624,1584,48,48,0,-207,-71,0,1,100,0,624,1584,48,48,0,-203,-46,0,1,100,0,624,1536,48,48,0,-138,-41,0,1,100,0,624,1536,48,48,0,-192,-232,0,1,100,0,800,1288,96,240,0,-134,-70,0,0,100,0,1040,1240,48,48,0,-203,-83,1,0,100,0,752,1240,48,48,0,-264,-40,1,0,100,0,992,1192,48,48,0,-208,-32,0,0,100,0,704,1192,48,48,0,-256,-48,0,1,100,0,1280,1248,96,96,0,-256,-104,0,1,100,0,992,1288,96,120,0,-212,-50,0,1,100,0,624,1584,48,48,0,-248,-19,0,1,100,0,624,1584,48,48,0,-257,-38,0,1,100,0,624,1536,48,48,0,-221,-26,0,1,100,0,624,1536,48,48,0,-200,-48,0,0,100,0,992,1240,48,48,0,-256,-56,1,0,100,0,704,1240,48,48,0,-156,-64,0,1,100,0,1440,824,96,96,0,-132,-40,0,1,100,0,1440,920,96,96,0,-164,-80,0,1,100,0,1440,920,96,96,0,-184,-40,1,1,100,0,1024,600,104,64,0,-80,-40,0,1,100,0,1024,600,104,64,0,-200,-128,0,1,100,180,1232,824,208,208,0,-200,-128,0,1,100,0,1024,824,208,208,0,-120,-48,0,1,100,0,1104,440,80,80,0,-152,-72,0,1,100,0,1344,440,80,80,0,-152,-40,0,1,100,0,1264,440,80,80,0,-176,-43,0,1,100,0,0,856,208,72,0,-102,-61,0,1,100,0,0,744,32,32,0,-64,-56,0,1,100,0,32,744,24,32,0,-123,-22,0,1,100,0,32,744,24,32,0,-102,-48,0,1,100,0,0,632,56,56,0,-119,-62,0,1,100,0,0,688,56,56,0,-146,-82,3,1,100,0,56,688,112,112,0,-106,-30,1,1,100,0,64,288,32,32,0,-135,-57,1,1,100,0,952,416,72,64,0,-150,-56,1,1,100,0,880,544,72,64,0,20,-31,0,1,100,0,64,288,32,32,0,-15,-55,0,1,99,0,808,416,72,64,0,-15,-55,0,1,100,0,880,480,72,64,0,-108,-82,0,1,100,0,328,480,160,120,0,-108,-82,0,1,100,0,328,712,160,120,0,-13,-42,0,1,100,0,680,344,56,56,0,-13,-42,0,0,100,0,224,200,56,56,0,-35,-43,0,0,100,0,360,152,48,48,0,-36,-43,0,0,100,0,592,0,32,24,0,-35,-50,0,0,100,0,704,136,64,56,0,-51,-15,0,0,100,0,0,256,96,32,0,
0,90,-216,-368,1,1,100,0,512,1728,96,192,0,-192,-240,1,1,100,0,608,1728,128,192,0,-272,-376,1,1,100,0,448,1824,64,96,0,-272,-336,2,1,100,0,608,1728,128,192,0,-200,-216,1,1,100,0,736,1728,128,192,0,-302,-314,1,1,50,0,736,1728,128,192,0,-222,-186,1,1,50,0,736,1728,128,192,0,-184,-80,0,1,100,-90,672,1632,96,96,0,-192,-80,0,1,100,-90,768,1632,96,96,0,-149,-68,1,0,100,90,1040,1192,48,48,0,-181,-49,0,0,100,-90,752,1192,48,48,0,-230,-73,1,0,100,0,1088,1192,48,48,0,-108,-59,0,0,100,0,800,1192,48,48,0,-192,-56,0,1,100,0,1376,1248,96,96,0,-231,-91,1,0,100,0,448,1536,88,96,0,-143,-91,0,0,100,0,448,1536,88,96,0,-191,-30,0,1,100,0,624,1584,48,48,0,-141,-35,0,1,100,0,624,1584,48,48,0,-149,-36,0,1,100,0,624,1536,48,48,0,-176,-35,0,1,100,0,624,1536,48,48,0,-192,-235,0,1,100,0,1184,1288,96,240,0,-192,-237,0,1,100,0,1184,1288,96,240,0,-120,-97,0,1,100,0,624,1584,48,48,0,-212,-92,0,1,100,0,624,1584,48,48,0,-197,-64,0,1,100,0,624,1536,48,48,0,-132,-61,0,1,100,0,624,1536,48,48,0,-192,-235,0,1,100,0,896,1288,96,240,0,-192,-235,0,1,100,0,896,1288,96,240,0,-119,-73,0,0,100,0,1088,1240,48,48,0,-214,-95,1,0,100,0,800,1240,48,48,0,-136,-56,1,0,100,0,992,1192,48,48,0,-80,-48,0,0,100,0,704,1192,48,48,0,-128,-64,0,1,100,0,1280,1248,96,96,0,-128,-120,0,1,100,0,992,1288,96,120,0,-84,-66,0,1,100,0,624,1584,48,48,0,-120,-35,0,1,100,0,624,1584,48,48,0,-129,-54,0,1,100,0,624,1536,48,48,0,-93,-42,0,1,100,0,624,1536,48,48,0,-72,-64,0,0,100,0,992,1240,48,48,0,-128,-72,1,0,100,0,704,1240,48,48,0,-219,-23,1,0,100,90,992,1192,48,48,0,-251,-25,0,0,100,-90,704,1192,48,48,0,-184,-312,0,1,100,0,736,1728,128,192,0,-264,-184,0,1,100,0,736,1728,128,192,0,-256,-48,0,1,100,0,1280,1248,96,96,0,-273,-55,1,0,100,0,1040,1192,48,48,0,-195,-42,0,0,100,0,752,1192,48,48,0,-256,-224,0,1,100,0,1088,1288,96,240,0,-191,-74,0,1,100,0,624,1584,48,48,0,-271,-63,0,1,100,0,624,1584,48,48,0,-267,-38,0,1,100,0,624,1536,48,48,0,-202,-33,0,1,100,0,624,1536,48,48,0,-256,-224,0,1,100,0,800,1288,96,240,0,-198,-62,0,0,100,0,1040,1240,48,48,0,-267,-75,1,0,100,0,752,1240,48,48,0,-124,-80,0,1,100,0,1440,824,96,96,0,-156,-64,0,1,100,0,1440,920,96,96,0,-132,-40,0,1,50,0,1440,920,96,96,0,-164,-80,0,1,50,0,1440,920,96,96,0,-184,-40,1,1,100,0,1128,600,104,64,0,-80,-40,0,1,100,0,1128,600,104,64,0,-200,-128,0,1,100,180,1024,824,208,208,0,-200,-128,0,1,50,0,1024,824,208,208,0,-120,-48,0,1,100,0,1184,440,80,80,0,-152,-72,0,1,100,0,1424,440,80,80,0,-168,-80,0,1,100,0,1024,440,80,80,0,-104,-104,0,1,100,0,1264,440,80,80,0,-104,-56,0,1,100,0,1024,440,80,80,0,-152,-40,0,1,100,0,1344,440,80,80,0,-146,-82,3,1,50,0,56,688,112,112,0,-180,-43,0,1,100,0,208,856,208,72,0,-97,-53,0,1,100,0,0,744,32,32,0,-118,-44,0,1,100,0,0,744,32,32,0,-108,-60,0,1,100,0,32,744,24,32,0,-105,-28,0,1,100,0,32,744,24,32,0,-102,-55,0,1,100,0,0,688,56,56,0,-112,-47,0,1,100,0,0,632,56,56,0,-120,-37,1,1,100,0,64,288,32,32,0,-12,-26,0,1,100,0,96,320,32,32,0,29,-37,0,1,100,0,96,288,32,32,0,-14,-56,0,1,100,0,880,416,72,64,0,-14,-56,0,1,100,0,808,544,72,64,0,-108,-82,0,1,100,0,488,480,160,120,0,-108,-82,0,1,100,0,488,712,160,120,0,-13,-42,0,1,100,0,680,344,56,56,0,-13,-42,0,0,100,0,224,200,56,56,0,-35,-43,0,0,100,0,360,152,48,48,0,-36,-43,0,0,100,0,592,0,32,24,0,-35,-50,0,0,100,0,704,136,64,56,0,-51,-15,0,0,100,0,0,256,96,32,0,
0,111,-72,-408,0,1,100,0,448,1728,64,96,0,-104,-360,0,1,100,0,512,1728,96,192,0,-160,-240,0,1,100,0,608,1728,128,192,0,-280,-376,1,1,100,0,448,1824,64,96,0,-280,-336,2,1,100,0,608,1728,128,192,0,-208,-216,1,1,100,0,736,1728,128,192,0,-294,-314,1,1,50,0,736,1728,128,192,0,-214,-186,1,1,50,0,736,1728,128,192,0,-208,-88,3,1,100,0,672,1632,96,96,0,-176,-112,1,1,100,-90,768,1632,96,96,0,-192,-72,0,1,50,-90,768,1632,96,96,0,-142,-82,1,0,100,90,1088,1192,48,48,0,-184,-55,0,0,100,-90,800,1192,48,48,0,-243,-68,1,0,100,0,1136,1192,48,48,0,-91,-56,0,0,100,0,848,1192,48,48,0,-168,-17,0,1,100,0,624,1584,48,48,0,-205,-21,0,1,100,0,624,1584,48,48,0,-129,-32,0,1,100,0,624,1584,48,48,0,-143,-22,0,1,100,0,624,1536,48,48,0,-189,-23,0,1,100,0,624,1536,48,48,0,-231,-83,1,0,100,0,536,1536,88,96,0,-143,-83,0,0,100,0,536,1536,88,96,0,-192,-223,0,1,100,0,1184,1288,96,240,0,-192,-223,0,1,100,0,1184,1288,96,240,0,-192,-223,0,1,100,0,1184,1288,96,240,0,-192,-225,0,1,100,0,1184,1288,96,240,0,-114,-104,0,1,100,0,624,1680,48,48,0,-211,-108,0,1,100,0,624,1680,48,48,0,-209,-78,0,1,100,0,624,1632,48,48,0,-120,-67,0,1,100,0,624,1632,48,48,0,-192,-225,0,1,100,0,896,1288,96,240,0,-192,-227,0,1,100,0,896,1288,96,240,0,-102,-67,0,0,100,0,1136,1240,48,48,0,-227,-90,1,0,100,0,848,1240,48,48,0,-98,-24,1,0,100,-90,848,1240,48,48,0,-128,-56,0,1,100,0,1280,1248,96,96,0,-91,-31,1,0,100,90,992,1192,48,48,0,-123,-33,0,0,100,-90,704,1192,48,48,0,-56,-320,0,1,100,0,736,1728,128,192,0,-136,-192,0,1,100,0,736,1728,128,192,0,-128,-56,0,1,100,0,1280,1248,96,96,0,-145,-63,1,0,100,0,1040,1192,48,48,0,-67,-50,0,0,100,0,752,1192,48,48,0,-128,-232,0,1,100,0,1088,1288,96,240,0,-63,-82,0,1,100,0,624,1584,48,48,0,-143,-71,0,1,100,0,624,1584,48,48,0,-139,-46,0,1,100,0,624,1536,48,48,0,-74,-41,0,1,100,0,624,1536,48,48,0,-128,-232,0,1,100,0,800,1288,96,240,0,-70,-70,0,0,100,0,1040,1240,48,48,0,-139,-83,1,0,100,0,752,1240,48,48,0,-384,-360,0,1,100,0,448,1728,64,96,0,-384,-320,1,1,100,0,608,1728,128,192,0,-320,-192,1,1,100,0,608,1728,128,192,0,-144,-384,0,1,100,0,448,1728,64,96,0,-168,-344,3,1,100,0,512,1728,96,192,0,-232,-216,3,1,100,0,608,1728,128,192,0,-96,-336,0,1,100,0,448,1824,64,96,0,-232,-160,3,1,100,0,736,1728,128,192,0,-168,-288,3,1,100,0,608,1728,128,192,0,-182,-314,0,1,50,0,736,1728,128,192,0,-262,-186,0,1,50,0,736,1728,128,192,0,-248,-72,0,1,100,-90,672,1632,96,96,0,-256,-72,0,1,100,-90,768,1632,96,96,0,-213,-60,1,0,100,90,1040,1192,48,48,0,-245,-41,0,0,100,-90,752,1192,48,48,0,-294,-65,1,0,100,0,1088,1192,48,48,0,-172,-51,0,0,100,0,800,1192,48,48,0,-256,-48,0,1,100,0,1376,1248,96,96,0,-295,-83,1,0,100,0,448,1536,88,96,0,-207,-83,0,0,100,0,448,1536,88,96,0,-255,-22,0,1,100,0,624,1584,48,48,0,-205,-27,0,1,100,0,624,1584,48,48,0,-213,-28,0,1,100,0,624,1536,48,48,0,-240,-27,0,1,100,0,624,1536,48,48,0,-256,-227,0,1,100,0,1184,1288,96,240,0,-256,-229,0,1,100,0,1184,1288,96,240,0,-184,-89,0,1,100,0,624,1584,48,48,0,-276,-84,0,1,100,0,624,1584,48,48,0,-261,-56,0,1,100,0,624,1536,48,48,0,-196,-53,0,1,100,0,624,1536,48,48,0,-256,-227,0,1,100,0,896,1288,96,240,0,-256,-227,0,1,100,0,896,1288,96,240,0,-183,-65,0,0,100,0,1088,1240,48,48,0,-278,-87,1,0,100,0,800,1240,48,48,0,-124,-80,0,1,100,0,1440,920,96,96,0,-156,-64,0,1,50,0,1440,920,96,96,0,-184,-40,1,1,100,0,1232,600,104,64,0,-80,-40,0,1,100,0,1232,600,104,64,0,-200,-128,0,1,50,180,1024,824,208,208,0,-168,-80,0,1,100,0,1104,440,80,80,0,-104,-104,0,1,100,0,1344,440,80,80,0,-104,-56,0,1,100,0,1104,440,80,80,0,-200,-128,0,1,25,0,1024,824,208,208,0,-152,-40,0,1,100,0,1424,440,80,80,0,-180,-43,0,1,100,0,0,928,208,72,0,-93,-24,0,1,100,0,32,744,24,32,0,-118,-45,0,1,50,0,0,744,32,32,0,-108,-61,0,1,50,0,32,744,24,32,0,-112,-27,0,1,50,0,32,744,24,32,0,-102,-56,0,1,50,0,0,688,56,56,0,-90,-62,0,1,100,0,0,744,32,32,0,-112,-48,0,1,100,0,0,688,56,56,0,-108,-82,0,1,100,0,648,480,160,120,0,-108,-82,0,1,100,0,648,712,160,120,0,-13,-42,0,0,100,0,224,200,56,56,0,-13,-42,0,1,100,0,680,344,56,56,0,-35,-43,0,0,100,0,360,152,48,48,0,-36,-43,0,0,100,0,592,0,32,24,0,-35,-50,0,0,100,0,704,136,64,56,0,-51,-15,0,0,100,0,0,256,96,32,0,
0,118,-66,-379,0,1,100,0,448,1728,64,96,0,-92,-344,3,1,100,0,512,1728,96,192,0,-156,-216,3,1,100,0,608,1728,128,192,0,-283,-374,1,1,50,0,448,1824,64,96,0,-283,-334,2,1,50,0,608,1728,128,192,0,-211,-214,1,1,50,0,736,1728,128,192,0,-192,-80,3,1,100,90,768,1632,96,96,0,-216,-88,3,1,100,0,768,1536,96,96,0,-192,-80,2,1,100,0,672,1632,96,96,0,-208,-72,3,1,50,0,672,1632,96,96,0,-134,-81,1,0,100,90,1136,1192,48,48,0,-189,-59,0,0,100,-90,848,1192,48,48,0,-251,-62,1,0,100,0,1184,1192,48,48,0,-83,-50,0,0,100,0,896,1192,48,48,0,-157,-7,0,1,100,0,624,1680,48,48,0,-177,-14,0,1,100,0,624,1632,48,48,0,-214,-25,0,1,100,0,624,1632,48,48,0,-122,-31,0,1,100,0,624,1632,48,48,0,-165,-19,0,1,100,0,624,1584,48,48,0,-138,-21,0,1,100,0,624,1584,48,48,0,-196,-20,0,1,100,0,624,1584,48,48,0,-192,-223,0,1,100,0,1184,1288,96,240,0,-192,-223,0,1,100,0,1184,1288,96,240,0,-192,-223,0,1,100,0,1184,1288,96,240,0,-192,-225,0,1,100,0,1184,1288,96,240,0,-192,-225,0,1,100,0,896,1288,96,240,0,-192,-227,0,1,100,0,896,1288,96,240,0,-231,-83,1,0,100,0,448,1632,88,96,0,-143,-83,0,0,100,0,448,1632,88,96,0,-121,-120,0,1,100,0,624,1680,48,48,0,-203,-116,0,1,100,0,624,1680,48,48,0,-205,-88,0,1,100,0,624,1632,48,48,0,-120,-84,0,1,100,0,624,1632,48,48,0,-152,-408,1,1,100,0,448,1728,64,96,0,-152,-360,1,1,100,0,512,1728,96,192,0,-128,-232,1,1,100,0,608,1728,128,192,0,-208,-368,1,1,100,0,448,1824,64,96,0,-208,-328,2,1,100,0,608,1728,128,192,0,-136,-208,1,1,100,0,736,1728,128,192,0,-238,-306,1,1,50,0,736,1728,128,192,0,-158,-178,1,1,50,0,736,1728,128,192,0,-120,-72,0,1,100,-90,672,1632,96,96,0,-128,-72,0,1,100,-90,768,1632,96,96,0,-85,-60,1,0,100,90,1040,1192,48,48,0,-117,-41,0,0,100,-90,752,1192,48,48,0,-166,-65,1,0,100,0,1088,1192,48,48,0,-44,-51,0,0,100,0,800,1192,48,48,0,-128,-48,0,1,100,0,1376,1248,96,96,0,-167,-83,1,0,100,0,448,1536,88,96,0,-79,-83,0,0,100,0,448,1536,88,96,0,-127,-22,0,1,100,0,624,1584,48,48,0,-77,-27,0,1,100,0,624,1584,48,48,0,-85,-28,0,1,100,0,624,1536,48,48,0,-112,-27,0,1,100,0,624,1536,48,48,0,-128,-227,0,1,100,0,1184,1288,96,240,0,-128,-229,0,1,100,0,1184,1288,96,240,0,-56,-89,0,1,100,0,624,1584,48,48,0,-148,-84,0,1,100,0,624,1584,48,48,0,-133,-56,0,1,100,0,624,1536,48,48,0,-68,-53,0,1,100,0,624,1536,48,48,0,-128,-227,0,1,100,0,896,1288,96,240,0,-128,-227,0,1,100,0,896,1288,96,240,0,-55,-65,0,0,100,0,1088,1240,48,48,0,-150,-87,1,0,100,0,800,1240,48,48,0,-362,-370,0,1,100,0,448,1728,64,96,0,-354,-322,1,1,100,0,512,1728,96,192,0,-314,-194,1,1,100,0,736,1728,128,192,0,-128,-384,1,1,100,0,448,1728,64,96,0,-160,-344,3,1,100,0,512,1728,96,192,0,-224,-216,3,1,100,0,608,1728,128,192,0,-116,-334,1,1,100,0,448,1824,64,96,0,-236,-158,3,1,100,0,736,1728,128,192,0,-172,-286,3,1,100,0,608,1728,128,192,0,-272,-88,3,1,100,0,672,1632,96,96,0,-240,-112,1,1,100,-90,768,1632,96,96,0,-256,-72,0,1,50,-90,768,1632,96,96,0,-206,-82,1,0,100,90,1088,1192,48,48,0,-248,-55,0,0,100,-90,800,1192,48,48,0,-307,-68,1,0,100,0,1136,1192,48,48,0,-155,-56,0,0,100,0,848,1192,48,48,0,-232,-17,0,1,100,0,624,1584,48,48,0,-269,-21,0,1,100,0,624,1584,48,48,0,-193,-32,0,1,100,0,624,1584,48,48,0,-207,-22,0,1,100,0,624,1536,48,48,0,-253,-23,0,1,100,0,624,1536,48,48,0,-295,-83,1,0,100,0,536,1536,88,96,0,-207,-83,0,0,100,0,536,1536,88,96,0,-178,-104,0,1,100,0,624,1680,48,48,0,-275,-108,0,1,100,0,624,1680,48,48,0,-273,-78,0,1,100,0,624,1632,48,48,0,-184,-67,0,1,100,0,624,1632,48,48,0,-166,-67,0,0,100,0,1136,1240,48,48,0,-291,-90,1,0,100,0,848,1240,48,48,0,-256,-223,0,1,100,0,1184,1288,96,240,0,-256,-223,0,1,100,0,1184,1288,96,240,0,-256,-223,0,1,100,0,1184,1288,96,240,0,-256,-225,0,1,100,0,1184,1288,96,240,0,-256,-225,0,1,100,0,896,1288,96,240,0,-256,-227,0,1,100,0,896,1288,96,240,0,-200,-128,0,1,25,180,1024,824,208,208,0,-124,-80,0,1,50,0,1440,920,96,96,0,-184,-40,1,1,50,0,1336,600,104,64,0,-80,-40,0,1,50,0,1336,600,104,64,0,-168,-80,0,1,50,0,1184,440,80,80,0,-104,-104,0,1,50,0,1424,440,80,80,0,-104,-56,0,1,50,0,1184,440,80,80,0,-180,-43,0,1,50,0,0,928,208,72,0,-93,-24,0,1,50,0,32,744,24,32,0,-113,-45,0,1,50,0,32,744,24,32,0,-90,-62,0,1,50,0,0,744,32,32,0,-92,-45,0,1,50,0,0,744,32,32,0,-112,-48,0,1,50,0,0,688,56,56,0,-13,-42,0,0,100,0,224,200,56,56,0,-13,-42,0,1,100,0,680,344,56,56,0,-35,-43,0,0,100,0,360,152,48,48,0,-36,-43,0,0,100,0,592,0,32,24,0,-35,-50,0,0,100,0,704,136,64,56,0,-51,-15,0,0,100,0,0,256,96,32,0,
0,115,-208,-152,0,1,100,90,672,1632,96,96,0,-51,-381,0,1,50,0,448,1824,64,96,0,-90,-341,0,1,50,0,512,1728,96,192,0,-154,-212,3,1,50,0,736,1728,128,192,0,-224,-104,2,1,100,90,768,1536,96,96,0,-184,-88,0,1,100,-90,768,1536,96,96,0,-232,-88,3,1,50,0,768,1536,96,96,0,-192,-80,2,1,50,0,672,1632,96,96,0,-130,-76,1,0,100,90,1184,1192,48,48,0,-197,-58,0,0,100,-90,896,1192,48,48,0,-260,-51,1,0,100,0,1232,1192,48,48,0,-81,-41,0,0,100,0,944,1192,48,48,0,-154,-4,0,1,100,0,624,1680,48,48,0,-181,-7,0,1,100,0,624,1632,48,48,0,-225,-19,0,1,100,0,624,1680,48,48,0,-115,-29,0,1,100,0,624,1680,48,48,0,-164,-12,0,1,100,0,624,1632,48,48,0,-231,-83,1,0,100,0,536,1632,88,96,0,-143,-83,0,0,100,0,536,1632,88,96,0,-135,-18,0,1,100,0,624,1584,48,48,0,-200,-14,0,1,100,0,624,1584,48,48,0,-192,-223,0,1,100,0,1184,1288,96,240,0,-192,-223,0,1,100,0,1184,1288,96,240,0,-192,-223,0,1,100,0,1184,1288,96,240,0,-192,-225,0,1,100,0,1184,1288,96,240,0,-192,-225,0,1,100,0,896,1288,96,240,0,-192,-227,0,1,100,0,896,1288,96,240,0,-109,-138,0,1,50,0,624,1680,48,48,0,-208,-132,0,1,50,0,624,1680,48,48,0,-208,-97,0,1,75,0,624,1680,48,48,0,-114,-99,0,1,75,0,624,1680,48,48,0,-93,-53,0,0,100,0,1232,1240,48,48,0,-239,-73,1,0,100,0,944,1240,48,48,0,-8,-408,0,1,100,0,448,1728,64,96,0,-40,-360,0,1,100,0,512,1728,96,192,0,-96,-240,0,1,100,0,608,1728,128,192,0,-216,-376,1,1,100,0,448,1824,64,96,0,-216,-336,2,1,100,0,608,1728,128,192,0,-144,-216,1,1,100,0,736,1728,128,192,0,-230,-314,1,1,50,0,736,1728,128,192,0,-150,-186,1,1,50,0,736,1728,128,192,0,-144,-88,3,1,100,0,672,1632,96,96,0,-112,-112,1,1,100,-90,768,1632,96,96,0,-128,-72,0,1,50,-90,768,1632,96,96,0,-78,-82,1,0,100,90,1088,1192,48,48,0,-120,-55,0,0,100,-90,800,1192,48,48,0,-179,-68,1,0,100,0,1136,1192,48,48,0,-27,-56,0,0,100,0,848,1192,48,48,0,-104,-17,0,1,100,0,624,1584,48,48,0,-141,-21,0,1,100,0,624,1584,48,48,0,-65,-32,0,1,100,0,624,1584,48,48,0,-79,-22,0,1,100,0,624,1536,48,48,0,-125,-23,0,1,100,0,624,1536,48,48,0,-167,-83,1,0,100,0,536,1536,88,96,0,-79,-83,0,0,100,0,536,1536,88,96,0,-128,-223,0,1,100,0,1184,1288,96,240,0,-128,-223,0,1,100,0,1184,1288,96,240,0,-128,-223,0,1,100,0,1184,1288,96,240,0,-128,-225,0,1,100,0,1184,1288,96,240,0,-50,-104,0,1,100,0,624,1680,48,48,0,-147,-108,0,1,100,0,624,1680,48,48,0,-145,-78,0,1,100,0,624,1632,48,48,0,-56,-67,0,1,100,0,624,1632,48,48,0,-128,-225,0,1,100,0,896,1288,96,240,0,-128,-227,0,1,100,0,896,1288,96,240,0,-38,-67,0,0,100,0,1136,1240,48,48,0,-163,-90,1,0,100,0,848,1240,48,48,0,-34,-24,1,0,100,-90,848,1240,48,48,0,-232,-464,0,1,100,0,448,1728,64,96,0,-288,-412,0,1,100,0,608,1728,128,192,0,-288,-280,2,1,100,0,608,1728,128,192,0,-368,-369,0,1,50,0,448,1824,64,96,0,-375,-323,1,1,50,0,608,1728,128,192,0,-311,-195,1,1,50,0,512,1728,96,192,0,-130,-387,0,1,100,0,448,1728,64,96,0,-156,-344,3,1,100,0,512,1728,96,192,0,-220,-216,3,1,100,0,608,1728,128,192,0,-118,-332,1,1,50,0,448,1824,64,96,0,-238,-156,3,1,50,0,736,1728,128,192,0,-174,-284,3,1,50,0,608,1728,128,192,0,-256,-80,3,1,100,90,768,1632,96,96,0,-280,-88,3,1,100,0,768,1536,96,96,0,-256,-80,2,1,100,0,672,1632,96,96,0,-272,-72,3,1,50,0,672,1632,96,96,0,-198,-81,1,0,100,90,1136,1192,48,48,0,-253,-59,0,0,100,-90,848,1192,48,48,0,-315,-62,1,0,100,0,1184,1192,48,48,0,-147,-50,0,0,100,0,896,1192,48,48,0,-221,-7,0,1,100,0,624,1680,48,48,0,-241,-14,0,1,100,0,624,1632,48,48,0,-278,-25,0,1,100,0,624,1632,48,48,0,-186,-31,0,1,100,0,624,1632,48,48,0,-229,-19,0,1,100,0,624,1584,48,48,0,-202,-21,0,1,100,0,624,1584,48,48,0,-260,-20,0,1,100,0,624,1584,48,48,0,-295,-83,1,0,100,0,448,1632,88,96,0,-207,-83,0,0,100,0,448,1632,88,96,0,-185,-120,0,1,100,0,624,1680,48,48,0,-267,-116,0,1,100,0,624,1680,48,48,0,-269,-88,0,1,100,0,624,1632,48,48,0,-184,-84,0,1,100,0,624,1632,48,48,0,-160,-63,0,0,100,0,1184,1240,48,48,0,-297,-83,1,0,100,0,896,1240,48,48,0,-256,-223,0,1,100,0,1184,1288,96,240,0,-256,-223,0,1,100,0,1184,1288,96,240,0,-256,-223,0,1,100,0,1184,1288,96,240,0,-256,-225,0,1,100,0,1184,1288,96,240,0,-256,-225,0,1,100,0,896,1288,96,240,0,-256,-227,0,1,100,0,896,1288,96,240,0,-13,-42,0,0,100,0,224,200,56,56,0,-13,-42,0,1,100,0,680,344,56,56,0,-35,-43,0,0,100,0,360,152,48,48,0,-36,-43,0,0,100,0,592,0,32,24,0,-35,-50,0,0,100,0,704,136,64,56,0,-51,-15,0,0,100,0,0,256,96,32,0,
0,104,-216,-80,3,1,100,0,672,1536,96,96,0,-192,-104,0,1,100,90,768,1536,96,96,0,-208,-152,0,1,50,90,672,1632,96,96,0,-224,-104,2,1,50,90,768,1536,96,96,0,-124,-64,1,0,100,90,1232,1192,48,48,0,-200,-52,0,0,100,-90,944,1192,48,48,0,-261,-42,1,0,100,-90,992,1240,48,48,0,-80,-31,0,0,100,90,704,1240,48,48,0,-147,-4,0,1,100,0,624,1680,48,48,0,-184,-5,0,1,100,0,624,1680,48,48,0,-165,-12,0,1,100,0,624,1680,48,48,0,-104,-139,0,1,25,0,624,1680,48,48,0,-211,-134,0,1,25,0,624,1680,48,48,0,-196,-99,0,1,50,0,624,1680,48,48,0,-128,-104,0,1,50,0,624,1680,48,48,0,-192,-223,0,1,100,0,1184,1288,96,240,0,-192,-223,0,1,100,0,1184,1288,96,240,0,-192,-223,0,1,100,0,1184,1288,96,240,0,-192,-225,0,1,100,0,1184,1288,96,240,0,-192,-225,0,1,100,0,896,1288,96,240,0,-192,-227,0,1,100,0,896,1288,96,240,0,-93,-46,0,0,100,90,992,1240,48,48,0,-243,-64,1,0,100,-90,704,1240,48,48,0,-2,-379,0,1,100,0,448,1728,64,96,0,-28,-344,3,1,100,0,512,1728,96,192,0,-92,-216,3,1,100,0,608,1728,128,192,0,-128,-80,3,1,100,90,768,1632,96,96,0,-152,-88,3,1,100,0,768,1536,96,96,0,-128,-80,2,1,100,0,672,1632,96,96,0,-144,-72,3,1,50,0,672,1632,96,96,0,-70,-81,1,0,100,90,1136,1192,48,48,0,-125,-59,0,0,100,-90,848,1192,48,48,0,-187,-62,1,0,100,0,1184,1192,48,48,0,-19,-50,0,0,100,0,896,1192,48,48,0,-93,-7,0,1,100,0,624,1680,48,48,0,-113,-14,0,1,100,0,624,1632,48,48,0,-150,-25,0,1,100,0,624,1632,48,48,0,-58,-31,0,1,100,0,624,1632,48,48,0,-101,-19,0,1,100,0,624,1584,48,48,0,-74,-21,0,1,100,0,624,1584,48,48,0,-132,-20,0,1,100,0,624,1584,48,48,0,-167,-83,1,0,100,0,448,1632,88,96,0,-79,-83,0,0,100,0,448,1632,88,96,0,-57,-120,0,1,100,0,624,1680,48,48,0,-139,-116,0,1,100,0,624,1680,48,48,0,-141,-88,0,1,100,0,624,1632,48,48,0,-56,-84,0,1,100,0,624,1632,48,48,0,-128,-223,0,1,100,0,1184,1288,96,240,0,-128,-223,0,1,100,0,1184,1288,96,240,0,-128,-223,0,1,100,0,1184,1288,96,240,0,-128,-225,0,1,100,0,1184,1288,96,240,0,-128,-225,0,1,100,0,896,1288,96,240,0,-128,-227,0,1,100,0,896,1288,96,240,0,-144,-488,0,1,100,0,608,1728,128,192,0,-272,-246,3,1,100,-90,608,1728,128,192,0,-150,-254,0,1,100,-90,448,1728,64,96,0,-168,-242,2,1,100,0,736,1728,128,192,0,-176,-360,0,1,100,0,512,1728,96,192,0,-380,-356,0,1,100,0,448,1824,64,96,0,-324,-180,2,1,100,0,736,1728,128,192,0,-388,-308,2,1,100,0,608,1728,128,192,0,-104,-392,0,1,100,0,736,1728,128,192,0,-184,-264,0,1,100,0,736,1728,128,192,0,-286,-378,1,1,50,0,736,1728,128,192,0,-198,-250,1,1,50,0,736,1728,128,192,0,-227,-458,0,1,50,0,448,1728,64,96,0,-283,-406,0,1,50,0,608,1728,128,192,0,-283,-274,2,1,50,0,608,1728,128,192,0,-272,-152,0,1,100,90,672,1632,96,96,0,-288,-104,2,1,100,90,768,1536,96,96,0,-248,-88,0,1,100,-90,768,1536,96,96,0,-296,-88,3,1,50,0,768,1536,96,96,0,-256,-80,2,1,50,0,672,1632,96,96,0,-194,-76,1,0,100,90,1184,1192,48,48,0,-261,-58,0,0,100,-90,896,1192,48,48,0,-324,-51,1,0,100,0,1232,1192,48,48,0,-145,-41,0,0,100,0,944,1192,48,48,0,-218,-4,0,1,100,0,624,1680,48,48,0,-245,-7,0,1,100,0,624,1632,48,48,0,-289,-19,0,1,100,0,624,1680,48,48,0,-179,-29,0,1,100,0,624,1680,48,48,0,-228,-12,0,1,100,0,624,1632,48,48,0,-295,-83,1,0,100,0,536,1632,88,96,0,-207,-83,0,0,100,0,536,1632,88,96,0,-199,-18,0,1,100,0,624,1584,48,48,0,-264,-14,0,1,100,0,624,1584,48,48,0,-173,-138,0,1,50,0,624,1680,48,48,0,-272,-132,0,1,50,0,624,1680,48,48,0,-272,-97,0,1,75,0,624,1680,48,48,0,-178,-99,0,1,75,0,624,1680,48,48,0,-157,-53,0,0,100,0,1232,1240,48,48,0,-303,-73,1,0,100,0,944,1240,48,48,0,-256,-223,0,1,100,0,1184,1288,96,240,0,-256,-223,0,1,100,0,1184,1288,96,240,0,-256,-223,0,1,100,0,1184,1288,96,240,0,-256,-225,0,1,100,0,1184,1288,96,240,0,-256,-225,0,1,100,0,896,1288,96,240,0,-256,-227,0,1,100,0,896,1288,96,240,0,-13,-42,0,0,100,0,224,200,56,56,0,-13,-42,0,1,100,0,680,344,56,56,0,-35,-43,0,0,100,0,360,152,48,48,0,-36,-43,0,0,100,0,592,0,32,24,0,-35,-50,0,0,100,0,704,136,64,56,0,-51,-15,0,0,100,0,0,256,96,32,0,
0,93,-102,-140,0,1,12,0,624,1680,48,48,0,-213,-135,0,1,12,0,624,1680,48,48,0,-190,-100,0,1,25,0,624,1680,48,48,0,-132,-106,0,1,25,0,624,1680,48,48,0,-192,-223,0,1,100,0,1184,1288,96,240,0,-192,-223,0,1,100,0,1184,1288,96,240,0,-192,-223,0,1,100,0,1184,1288,96,240,0,-192,-225,0,1,100,0,1184,1288,96,240,0,-192,-225,0,1,100,0,896,1288,96,240,0,-192,-227,0,1,100,0,896,1288,96,240,0,-271,-54,1,0,75,-90,1040,1240,48,48,0,-71,-44,0,0,75,90,752,1240,48,48,0,-90,-44,0,0,75,90,1040,1240,48,48,0,-245,-53,1,0,75,-90,752,1240,48,48,0,-144,-152,0,1,100,90,672,1632,96,96,0,-160,-104,2,1,100,90,768,1536,96,96,0,-120,-88,0,1,100,-90,768,1536,96,96,0,-168,-88,3,1,50,0,768,1536,96,96,0,-128,-80,2,1,50,0,672,1632,96,96,0,-66,-76,1,0,100,90,1184,1192,48,48,0,-133,-58,0,0,100,-90,896,1192,48,48,0,-196,-51,1,0,100,0,1232,1192,48,48,0,-17,-41,0,0,100,0,944,1192,48,48,0,-90,-4,0,1,100,0,624,1680,48,48,0,-117,-7,0,1,100,0,624,1632,48,48,0,-161,-19,0,1,100,0,624,1680,48,48,0,-51,-29,0,1,100,0,624,1680,48,48,0,-100,-12,0,1,100,0,624,1632,48,48,0,-167,-83,1,0,100,0,536,1632,88,96,0,-79,-83,0,0,100,0,536,1632,88,96,0,-71,-18,0,1,100,0,624,1584,48,48,0,-136,-14,0,1,100,0,624,1584,48,48,0,-45,-138,0,1,50,0,624,1680,48,48,0,-144,-132,0,1,50,0,624,1680,48,48,0,-144,-97,0,1,75,0,624,1680,48,48,0,-50,-99,0,1,75,0,624,1680,48,48,0,-29,-53,0,0,100,0,1232,1240,48,48,0,-175,-73,1,0,100,0,944,1240,48,48,0,-128,-223,0,1,100,0,1184,1288,96,240,0,-128,-223,0,1,100,0,1184,1288,96,240,0,-128,-223,0,1,100,0,1184,1288,96,240,0,-128,-225,0,1,100,0,1184,1288,96,240,0,-128,-225,0,1,100,0,896,1288,96,240,0,-128,-227,0,1,100,0,896,1288,96,240,0,-360,-336,1,1,100,0,448,1824,64,96,0,-360,-296,2,1,100,0,608,1728,128,192,0,-288,-176,1,1,100,0,736,1728,128,192,0,-160,-368,0,1,100,0,448,1728,64,96,0,-192,-320,0,1,100,0,512,1728,96,192,0,-248,-200,0,1,100,0,608,1728,128,192,0,-134,-486,0,1,50,0,608,1728,128,192,0,-262,-244,3,1,50,-90,608,1728,128,192,0,-140,-252,0,1,50,-90,448,1728,64,96,0,-158,-240,2,1,50,0,736,1728,128,192,0,-166,-358,0,1,50,0,512,1728,96,192,0,-30,-330,0,1,50,0,512,1728,96,192,0,-86,-202,0,1,50,0,608,1728,128,192,0,24,-344,0,1,100,0,448,1824,64,96,0,-8,-304,3,1,100,0,512,1728,96,192,0,-72,-176,3,1,100,0,608,1728,128,192,0,-32,-384,0,1,100,0,736,1728,128,192,0,-112,-256,0,1,100,0,736,1728,128,192,0,-206,-250,1,1,50,0,736,1728,128,192,0,-278,-378,1,1,50,0,736,1728,128,192,0,-280,-80,3,1,100,0,672,1536,96,96,0,-256,-104,0,1,100,90,768,1536,96,96,0,-272,-152,0,1,50,90,672,1632,96,96,0,-288,-104,2,1,50,90,768,1536,96,96,0,-188,-64,1,0,100,90,1232,1192,48,48,0,-264,-52,0,0,100,-90,944,1192,48,48,0,-325,-42,1,0,100,-90,992,1240,48,48,0,-144,-31,0,0,100,90,704,1240,48,48,0,-211,-4,0,1,100,0,624,1680,48,48,0,-248,-5,0,1,100,0,624,1680,48,48,0,-229,-12,0,1,100,0,624,1680,48,48,0,-168,-139,0,1,25,0,624,1680,48,48,0,-275,-134,0,1,25,0,624,1680,48,48,0,-260,-99,0,1,50,0,624,1680,48,48,0,-192,-104,0,1,50,0,624,1680,48,48,0,-157,-46,0,0,100,90,992,1240,48,48,0,-307,-64,1,0,100,-90,704,1240,48,48,0,-256,-223,0,1,100,0,1184,1288,96,240,0,-256,-223,0,1,100,0,1184,1288,96,240,0,-256,-223,0,1,100,0,1184,1288,96,240,0,-256,-225,0,1,100,0,1184,1288,96,240,0,-256,-225,0,1,100,0,896,1288,96,240,0,-256,-227,0,1,100,0,896,1288,96,240,0,-13,-42,0,0,100,0,224,200,56,56,0,-13,-42,0,1,100,0,680,344,56,56,0,-35,-43,0,0,100,0,360,152,48,48,0,-36,-43,0,0,100,0,592,0,32,24,0,-35,-50,0,0,100,0,704,136,64,56,0,-51,-15,0,0,100,0,0,256,96,32,0,
0,76,-274,-63,1,0,50,-90,1088,1240,48,48,0,-65,-54,0,0,50,90,800,1240,48,48,0,-88,-48,0,0,50,90,1088,1240,48,48,0,-246,-55,1,0,50,-90,800,1240,48,48,0,-192,-223,0,1,100,0,1184,1288,96,240,0,-192,-223,0,1,100,0,1184,1288,96,240,0,-192,-223,0,1,100,0,1184,1288,96,240,0,-192,-225,0,1,100,0,1184,1288,96,240,0,-192,-225,0,1,100,0,896,1288,96,240,0,-192,-227,0,1,100,0,896,1288,96,240,0,-152,-80,3,1,100,0,672,1536,96,96,0,-128,-104,0,1,100,90,768,1536,96,96,0,-144,-152,0,1,50,90,672,1632,96,96,0,-160,-104,2,1,50,90,768,1536,96,96,0,-60,-64,1,0,100,90,1232,1192,48,48,0,-136,-52,0,0,100,-90,944,1192,48,48,0,-197,-42,1,0,100,-90,992,1240,48,48,0,-16,-31,0,0,100,90,704,1240,48,48,0,-83,-4,0,1,100,0,624,1680,48,48,0,-120,-5,0,1,100,0,624,1680,48,48,0,-101,-12,0,1,100,0,624,1680,48,48,0,-40,-139,0,1,25,0,624,1680,48,48,0,-147,-134,0,1,25,0,624,1680,48,48,0,-132,-99,0,1,50,0,624,1680,48,48,0,-64,-104,0,1,50,0,624,1680,48,48,0,-29,-46,0,0,100,90,992,1240,48,48,0,-179,-64,1,0,100,-90,704,1240,48,48,0,-128,-223,0,1,100,0,1184,1288,96,240,0,-128,-223,0,1,100,0,1184,1288,96,240,0,-128,-223,0,1,100,0,1184,1288,96,240,0,-128,-225,0,1,100,0,1184,1288,96,240,0,-128,-225,0,1,100,0,896,1288,96,240,0,-128,-227,0,1,100,0,896,1288,96,240,0,-157,-366,0,1,100,0,448,1728,64,96,0,-189,-318,0,1,100,0,512,1728,96,192,0,-245,-198,0,1,100,0,608,1728,128,192,0,-27,-328,0,1,50,0,512,1728,96,192,0,-83,-200,0,1,50,0,608,1728,128,192,0,-128,-304,0,1,100,0,736,1728,128,192,0,-208,-176,0,1,100,0,736,1728,128,192,0,-367,-368,1,1,50,0,608,1728,128,192,0,-264,-352,1,1,50,0,448,1728,64,96,0,-329,-309,0,1,50,0,608,1728,128,192,0,-328,-176,1,1,50,0,608,1728,128,192,0,-224,-400,1,1,100,0,448,1728,64,96,0,-224,-352,1,1,100,0,512,1728,96,192,0,-200,-224,1,1,100,0,608,1728,128,192,0,9,-345,0,1,100,0,448,1728,64,96,0,-15,-305,3,1,100,0,512,1728,96,192,0,-79,-177,3,1,100,0,608,1728,128,192,0,-29,-384,0,1,50,0,736,1728,128,192,0,-109,-256,0,1,50,0,736,1728,128,192,0,-181,-40,0,0,100,90,1136,1192,48,48,0,-266,-39,1,0,100,-90,800,1192,48,48,0,-206,-4,0,1,75,0,624,1680,48,48,0,-254,-3,0,1,75,0,624,1680,48,48,0,-166,-140,0,1,12,0,624,1680,48,48,0,-277,-135,0,1,12,0,624,1680,48,48,0,-254,-100,0,1,25,0,624,1680,48,48,0,-196,-106,0,1,25,0,624,1680,48,48,0,-335,-54,1,0,75,-90,1040,1240,48,48,0,-135,-44,0,0,75,90,752,1240,48,48,0,-154,-44,0,0,75,90,1040,1240,48,48,0,-309,-53,1,0,75,-90,752,1240,48,48,0,-256,-223,0,1,100,0,1184,1288,96,240,0,-256,-223,0,1,100,0,1184,1288,96,240,0,-256,-223,0,1,100,0,1184,1288,96,240,0,-256,-225,0,1,100,0,1184,1288,96,240,0,-256,-225,0,1,100,0,896,1288,96,240,0,-256,-227,0,1,100,0,896,1288,96,240,0,-13,-42,0,0,100,0,224,200,56,56,0,-13,-42,0,1,100,0,680,344,56,56,0,-35,-43,0,0,100,0,360,152,48,48,0,-36,-43,0,0,100,0,592,0,32,24,0,-35,-50,0,0,100,0,704,136,64,56,0,-51,-15,0,0,100,0,0,256,96,32,0,
0,60,-192,-223,0,1,100,0,1184,1288,96,240,0,-192,-223,0,1,100,0,1184,1288,96,240,0,-192,-223,0,1,100,0,1184,1288,96,240,0,-192,-225,0,1,100,0,1184,1288,96,240,0,-192,-225,0,1,100,0,896,1288,96,240,0,-192,-227,0,1,100,0,896,1288,96,240,0,-38,-140,0,1,12,0,624,1680,48,48,0,-149,-135,0,1,12,0,624,1680,48,48,0,-126,-100,0,1,25,0,624,1680,48,48,0,-68,-106,0,1,25,0,624,1680,48,48,0,-207,-54,1,0,75,-90,1040,1240,48,48,0,-7,-44,0,0,75,90,752,1240,48,48,0,-26,-44,0,0,75,90,1040,1240,48,48,0,-181,-53,1,0,75,-90,752,1240,48,48,0,-128,-223,0,1,100,0,1184,1288,96,240,0,-128,-223,0,1,100,0,1184,1288,96,240,0,-128,-223,0,1,100,0,1184,1288,96,240,0,-128,-225,0,1,100,0,1184,1288,96,240,0,-128,-225,0,1,100,0,896,1288,96,240,0,-128,-227,0,1,100,0,896,1288,96,240,0,-204,-2,0,1,50,0,624,1680,48,48,0,-256,-1,0,1,50,0,624,1680,48,48,0,-338,-63,1,0,50,-90,1088,1240,48,48,0,-129,-54,0,0,50,90,800,1240,48,48,0,-152,-48,0,0,50,90,1088,1240,48,48,0,-310,-55,1,0,50,-90,800,1240,48,48,0,-256,-223,0,1,100,0,1184,1288,96,240,0,-256,-223,0,1,100,0,1184,1288,96,240,0,-256,-223,0,1,100,0,1184,1288,96,240,0,-256,-225,0,1,100,0,1184,1288,96,240,0,-256,-225,0,1,100,0,896,1288,96,240,0,-256,-227,0,1,100,0,896,1288,96,240,0,-371,-366,1,1,50,0,608,1728,128,192,0,-268,-350,1,1,50,0,448,1728,64,96,0,-333,-307,0,1,50,0,608,1728,128,192,0,-332,-174,1,1,50,0,608,1728,128,192,0,-106,-376,0,1,100,0,448,1824,64,96,0,-176,-336,0,1,100,0,608,1728,128,192,0,-240,-208,0,1,100,0,608,1728,128,192,0,-126,-302,0,1,100,0,736,1728,128,192,0,-206,-174,0,1,100,0,736,1728,128,192,0,-286,-290,1,1,50,0,736,1728,128,192,0,-206,-162,1,1,50,0,736,1728,128,192,0,-320,-360,1,1,100,0,448,1824,64,96,0,-320,-320,2,1,100,0,608,1728,128,192,0,-248,-200,1,1,100,0,736,1728,128,192,0,-228,-398,1,1,100,0,448,1728,64,96,0,-228,-350,1,1,100,0,512,1728,96,192,0,-204,-222,1,1,100,0,608,1728,128,192,0,-105,-337,1,1,100,0,736,1728,128,192,0,-116,-209,0,1,100,0,736,1728,128,192,0,-31,-376,1,1,100,0,448,1728,64,96,0,-39,-320,2,1,100,0,512,1728,96,192,0,-68,-192,3,1,100,0,608,1728,128,192,0,-13,-42,0,0,100,0,224,200,56,56,0,-13,-42,0,1,100,0,680,344,56,56,0,-35,-43,0,0,100,0,360,152,48,48,0,-36,-43,0,0,100,0,592,0,32,24,0,-35,-50,0,0,100,0,704,136,64,56,0,-51,-15,0,0,100,0,0,256,96,32,0,
0,36,-324,-357,1,1,100,0,448,1824,64,96,0,-324,-317,2,1,100,0,608,1728,128,192,0,-252,-197,1,1,100,0,736,1728,128,192,0,-29,-362,1,1,50,0,448,1728,64,96,0,-37,-314,2,1,50,0,512,1728,96,192,0,-66,-186,3,1,50,0,608,1728,128,192,0,-103,-380,0,1,50,0,448,1824,64,96,0,-173,-340,0,1,50,0,608,1728,128,192,0,-237,-212,0,1,50,0,608,1728,128,192,0,-113,-339,1,1,50,0,736,1728,128,192,0,-122,-211,0,1,50,0,736,1728,128,192,0,-192,-224,0,1,75,0,1184,1288,96,240,0,-192,-224,0,1,100,0,1184,1288,96,240,0,-192,-224,0,1,100,0,896,1288,96,240,0,-210,-63,1,0,50,-90,1088,1240,48,48,0,-1,-54,0,0,50,90,800,1240,48,48,0,-24,-48,0,0,50,90,1088,1240,48,48,0,-182,-55,1,0,50,-90,800,1240,48,48,0,-128,-226,0,1,75,0,1184,1288,96,240,0,-128,-226,0,1,100,0,1184,1288,96,240,0,-128,-224,0,1,100,0,896,1288,96,240,0,-159,-49,0,0,50,90,1232,1240,48,48,0,-256,-225,0,1,75,0,1184,1288,96,240,0,-256,-225,0,1,100,0,1184,1288,96,240,0,-256,-223,0,1,100,0,896,1288,96,240,0,-277,-37,1,0,50,-90,896,1240,48,48,0,-348,-56,1,0,25,-90,1136,1240,48,48,0,-119,-48,0,0,25,90,848,1240,48,48,0,-147,-45,0,0,25,90,1136,1240,48,48,0,-314,-50,1,0,25,-90,848,1240,48,48,0,-13,-42,0,0,100,0,224,200,56,56,0,-13,-42,0,1,100,0,680,344,56,56,0,-35,-43,0,0,100,0,360,152,48,48,0,-36,-43,0,0,100,0,592,0,32,24,0,-35,-50,0,0,100,0,704,136,64,56,0,-51,-15,0,0,100,0,0,256,96,32,0,
0,12,-192,-224,0,1,75,0,1184,1288,96,240,0,-192,-224,0,1,100,0,896,1288,96,240,0,-128,-226,0,1,75,0,1184,1288,96,240,0,-128,-226,0,1,100,0,896,1288,96,240,0,-256,-225,0,1,75,0,1184,1288,96,240,0,-256,-225,0,1,100,0,896,1288,96,240,0,-13,-42,0,0,100,0,224,200,56,56,0,-13,-42,0,1,100,0,680,344,56,56,0,-35,-43,0,0,100,0,360,152,48,48,0,-36,-43,0,0,100,0,592,0,32,24,0,-35,-50,0,0,100,0,704,136,64,56,0,-51,-15,0,0,100,0,0,256,96,32,0,
0,15,-192,-224,0,1,100,0,1088,1288,96,240,0,-192,-224,0,1,100,0,800,1288,96,240,0,-192,-224,0,1,100,0,896,1288,96,240,0,-128,-224,0,1,100,0,1088,1288,96,240,0,-128,-224,0,1,100,0,800,1288,96,240,0,-128,-224,0,1,100,0,896,1288,96,240,0,-256,-224,0,1,100,0,1088,1288,96,240,0,-256,-224,0,1,100,0,800,1288,96,240,0,-256,-224,0,1,100,0,896,1288,96,240,0,-13,-42,0,0,100,0,224,200,56,56,0,-13,-42,0,1,100,0,680,344,56,56,0,-35,-43,0,0,100,0,360,152,48,48,0,-36,-43,0,0,100,0,592,0,32,24,0,-35,-50,0,0,100,0,704,136,64,56,0,-51,-15,0,0,100,0,0,256,96,32,0,
0,15,-192,-104,0,1,100,0,992,1408,96,120,0,-192,-224,0,1,100,0,800,1288,96,240,0,-192,-104,0,1,100,0,704,1408,96,120,0,-128,-104,0,1,100,0,992,1408,96,120,0,-128,-224,0,1,100,0,800,1288,96,240,0,-128,-104,0,1,100,0,704,1408,96,120,0,-256,-104,0,1,100,0,992,1408,96,120,0,-256,-224,0,1,100,0,800,1288,96,240,0,-256,-104,0,1,100,0,704,1408,96,120,0,-13,-42,0,0,100,0,224,200,56,56,0,-13,-42,0,1,100,0,680,344,56,56,0,-35,-43,0,0,100,0,360,152,48,48,0,-36,-43,0,0,100,0,592,0,32,24,0,-35,-50,0,0,100,0,704,136,64,56,0,-51,-15,0,0,100,0,0,256,96,32,0,
0,15,-192,-104,0,1,100,0,992,1288,96,120,0,-192,-104,0,1,100,0,704,1288,96,120,0,-192,-224,0,1,50,0,800,1288,96,240,0,-128,-104,0,1,100,0,992,1288,96,120,0,-128,-104,0,1,100,0,704,1288,96,120,0,-128,-224,0,1,50,0,800,1288,96,240,0,-256,-104,0,1,100,0,992,1288,96,120,0,-256,-104,0,1,50,0,704,1288,96,120,0,-256,-224,0,1,50,0,800,1288,96,240,0,-13,-42,0,0,100,0,224,200,56,56,0,-13,-42,0,1,100,0,680,344,56,56,0,-35,-43,0,0,100,0,360,152,48,48,0,-36,-43,0,0,100,0,592,0,32,24,0,-35,-50,0,0,100,0,704,136,64,56,0,-51,-15,0,0,100,0,0,256,96,32,0,
0,12,-192,-104,0,1,25,0,992,1288,96,120,0,-192,-104,0,1,50,0,704,1288,96,120,0,-128,-104,0,1,25,0,992,1288,96,120,0,-128,-104,0,1,50,0,704,1288,96,120,0,-256,-104,0,1,25,0,992,1288,96,120,0,-256,-104,0,1,50,0,704,1288,96,120,0,-14,-41,0,0,100,0,224,200,56,56,0,-14,-41,0,1,100,0,680,344,56,56,0,-35,-44,0,0,100,0,312,152,48,48,0,-36,-44,0,0,100,0,592,0,32,24,0,-35,-50,0,0,100,0,640,136,64,56,0,-51,-15,0,0,100,0,0,256,96,32,0,
0,10,-8,-40,0,0,100,0,256,1120,32,32,0,-24,-32,0,0,100,0,256,1096,24,24,0,-16,-24,0,0,100,0,288,1112,48,16,0,-20,-29,0,1,100,0,280,1088,56,24,0,-32,-56,0,0,100,0,200,1088,56,64,0,-40,-62,0,1,50,0,1288,80,88,72,0,-34,-37,0,1,50,0,96,320,32,32,0,-35,-57,0,1,50,0,352,288,72,64,0,-24,-24,0,1,100,0,1224,48,48,32,0,-49,-15,0,0,100,0,0,256,96,32,0,
0,0,
0,198,-104,-16,1,0,100,0,992,1192,48,48,0,-48,-8,0,0,100,0,704,1192,48,48,0,-96,-24,0,1,100,0,1280,1248,96,96,0,-96,-80,0,1,100,0,992,1288,96,120,0,-52,-26,0,1,100,0,624,1584,48,48,0,-88,5,0,1,100,0,624,1584,48,48,0,-97,-14,0,1,100,0,624,1536,48,48,0,-61,-2,0,1,100,0,624,1536,48,48,0,-40,-24,0,0,100,0,992,1240,48,48,0,-96,-32,1,0,100,0,704,1240,48,48,0,-59,1,1,0,100,90,992,1192,48,48,0,-91,-1,0,0,100,-90,704,1192,48,48,0,-24,-288,0,1,100,0,736,1728,128,192,0,-104,-160,0,1,100,0,736,1728,128,192,0,-96,-24,0,1,100,0,1280,1248,96,96,0,-113,-31,1,0,100,0,1040,1192,48,48,0,-35,-18,0,0,100,0,752,1192,48,48,0,-96,-200,0,1,100,0,1088,1288,96,240,0,-31,-50,0,1,100,0,624,1584,48,48,0,-111,-39,0,1,100,0,624,1584,48,48,0,-107,-14,0,1,100,0,624,1536,48,48,0,-42,-9,0,1,100,0,624,1536,48,48,0,-96,-200,0,1,100,0,800,1288,96,240,0,-38,-38,0,0,100,0,1040,1240,48,48,0,-107,-51,1,0,100,0,752,1240,48,48,0,16,-360,0,1,100,0,448,1728,64,96,0,-8,-320,3,1,100,0,512,1728,96,192,0,-72,-192,3,1,100,0,608,1728,128,192,0,64,-312,0,1,100,0,448,1824,64,96,0,-72,-136,3,1,100,0,736,1728,128,192,0,-8,-264,3,1,100,0,608,1728,128,192,0,-22,-290,0,1,50,0,736,1728,128,192,0,-102,-162,0,1,50,0,736,1728,128,192,0,-88,-48,0,1,100,-90,672,1632,96,96,0,-96,-48,0,1,100,-90,768,1632,96,96,0,-53,-36,1,0,100,90,1040,1192,48,48,0,-85,-17,0,0,100,-90,752,1192,48,48,0,-134,-41,1,0,100,0,1088,1192,48,48,0,-12,-27,0,0,100,0,800,1192,48,48,0,-96,-24,0,1,100,0,1376,1248,96,96,0,-135,-59,1,0,100,0,448,1536,88,96,0,-47,-59,0,0,100,0,448,1536,88,96,0,-95,2,0,1,100,0,624,1584,48,48,0,-45,-3,0,1,100,0,624,1584,48,48,0,-53,-4,0,1,100,0,624,1536,48,48,0,-80,-3,0,1,100,0,624,1536,48,48,0,-96,-203,0,1,100,0,1184,1288,96,240,0,-96,-205,0,1,100,0,1184,1288,96,240,0,-24,-65,0,1,100,0,624,1584,48,48,0,-116,-60,0,1,100,0,624,1584,48,48,0,-101,-32,0,1,100,0,624,1536,48,48,0,-36,-29,0,1,100,0,624,1536,48,48,0,-96,-203,0,1,100,0,896,1288,96,240,0,-96,-203,0,1,100,0,896,1288,96,240,0,-23,-41,0,0,100,0,1088,1240,48,48,0,-118,-63,1,0,100,0,800,1240,48,48,0,32,-360,1,1,100,0,448,1728,64,96,0,0,-320,3,1,100,0,512,1728,96,192,0,-64,-192,3,1,100,0,608,1728,128,192,0,44,-310,1,1,100,0,448,1824,64,96,0,-76,-134,3,1,100,0,736,1728,128,192,0,-12,-262,3,1,100,0,608,1728,128,192,0,-112,-64,3,1,100,0,672,1632,96,96,0,-80,-88,1,1,100,-90,768,1632,96,96,0,-96,-48,0,1,50,-90,768,1632,96,96,0,-46,-58,1,0,100,90,1088,1192,48,48,0,-88,-31,0,0,100,-90,800,1192,48,48,0,-147,-44,1,0,100,0,1136,1192,48,48,0,5,-32,0,0,100,0,848,1192,48,48,0,-72,7,0,1,100,0,624,1584,48,48,0,-109,3,0,1,100,0,624,1584,48,48,0,-33,-8,0,1,100,0,624,1584,48,48,0,-47,2,0,1,100,0,624,1536,48,48,0,-93,1,0,1,100,0,624,1536,48,48,0,-135,-59,1,0,100,0,536,1536,88,96,0,-47,-59,0,0,100,0,536,1536,88,96,0,-96,-199,0,1,100,0,1184,1288,96,240,0,-96,-199,0,1,100,0,1184,1288,96,240,0,-96,-199,0,1,100,0,1184,1288,96,240,0,-96,-201,0,1,100,0,1184,1288,96,240,0,-18,-80,0,1,100,0,624,1680,48,48,0,-115,-84,0,1,100,0,624,1680,48,48,0,-113,-54,0,1,100,0,624,1632,48,48,0,-24,-43,0,1,100,0,624,1632,48,48,0,-96,-201,0,1,100,0,896,1288,96,240,0,-96,-203,0,1,100,0,896,1288,96,240,0,-6,-43,0,0,100,0,1136,1240,48,48,0,-131,-66,1,0,100,0,848,1240,48,48,0,30,-363,0,1,100,0,448,1728,64,96,0,4,-320,3,1,100,0,512,1728,96,192,0,-60,-192,3,1,100,0,608,1728,128,192,0,42,-308,1,1,50,0,448,1824,64,96,0,-78,-132,3,1,50,0,736,1728,128,192,0,-14,-260,3,1,50,0,608,1728,128,192,0,-96,-56,3,1,100,90,768,1632,96,96,0,-120,-64,3,1,100,0,768,1536,96,96,0,-96,-56,2,1,100,0,672,1632,96,96,0,-112,-48,3,1,50,0,672,1632,96,96,0,-38,-57,1,0,100,90,1136,1192,48,48,0,-93,-35,0,0,100,-90,848,1192,48,48,0,-155,-38,1,0,100,0,1184,1192,48,48,0,13,-26,0,0,100,0,896,1192,48,48,0,-61,17,0,1,100,0,624,1680,48,48,0,-81,10,0,1,100,0,624,1632,48,48,0,-118,-1,0,1,100,0,624,1632,48,48,0,-26,-7,0,1,100,0,624,1632,48,48,0,-69,5,0,1,100,0,624,1584,48,48,0,-42,3,0,1,100,0,624,1584,48,48,0,-100,4,0,1,100,0,624,1584,48,48,0,-135,-59,1,0,100,0,448,1632,88,96,0,-47,-59,0,0,100,0,448,1632,88,96,0,-96,-202,0,1,75,0,1184,1288,96,240,0,-96,-202,0,1,100,0,1184,1288,96,240,0,-25,-96,0,1,100,0,624,1680,48,48,0,-107,-92,0,1,100,0,624,1680,48,48,0,-109,-64,0,1,100,0,624,1632,48,48,0,-24,-60,0,1,100,0,624,1632,48,48,0,-96,-200,0,1,100,0,896,1288,96,240,0,0,-39,0,0,100,0,1184,1240,48,48,0,-137,-59,1,0,100,0,896,1240,48,48,0,-112,-128,0,1,100,90,672,1632,96,96,0,-128,-80,2,1,100,90,768,1536,96,96,0,-88,-64,0,1,100,-90,768,1536,96,96,0,-136,-64,3,1,50,0,768,1536,96,96,0,-96,-56,2,1,50,0,672,1632,96,96,0,-34,-52,1,0,100,90,1184,1192,48,48,0,-101,-34,0,0,100,-90,896,1192,48,48,0,-164,-27,1,0,100,0,1232,1192,48,48,0,15,-17,0,0,100,0,944,1192,48,48,0,-58,20,0,1,100,0,624,1680,48,48,0,-85,17,0,1,100,0,624,1632,48,48,0,-129,5,0,1,100,0,624,1680,48,48,0,-19,-5,0,1,100,0,624,1680,48,48,0,-68,12,0,1,100,0,624,1632,48,48,0,-135,-59,1,0,100,0,536,1632,88,96,0,-47,-59,0,0,100,0,536,1632,88,96,0,-39,6,0,1,100,0,624,1584,48,48,0,-104,10,0,1,100,0,624,1584,48,48,0,-96,-200,0,1,75,0,1184,1288,96,240,0,-13,-114,0,1,50,0,624,1680,48,48,0,-112,-108,0,1,50,0,624,1680,48,48,0,-112,-73,0,1,75,0,624,1680,48,48,0,-18,-75,0,1,75,0,624,1680,48,48,0,-96,-200,0,1,100,0,896,1288,96,240,0,3,-29,0,0,100,0,1232,1240,48,48,0,-143,-49,1,0,100,0,944,1240,48,48,0,-120,-56,3,1,100,0,672,1536,96,96,0,-96,-80,0,1,100,90,768,1536,96,96,0,-112,-128,0,1,50,90,672,1632,96,96,0,-128,-80,2,1,50,90,768,1536,96,96,0,-28,-40,1,0,100,90,1232,1192,48,48,0,-104,-28,0,0,100,-90,944,1192,48,48,0,-165,-18,1,0,100,-90,992,1240,48,48,0,16,-7,0,0,100,90,704,1240,48,48,0,-51,20,0,1,100,0,624,1680,48,48,0,-88,19,0,1,100,0,624,1680,48,48,0,-69,12,0,1,100,0,624,1680,48,48,0,-96,-200,0,1,100,0,1088,1288,96,240,0,-8,-115,0,1,25,0,624,1680,48,48,0,-115,-110,0,1,25,0,624,1680,48,48,0,-100,-75,0,1,50,0,624,1680,48,48,0,-32,-80,0,1,50,0,624,1680,48,48,0,-96,-200,0,1,100,0,800,1288,96,240,0,-96,-200,0,1,100,0,896,1288,96,240,0,3,-22,0,0,100,90,992,1240,48,48,0,-147,-40,1,0,100,-90,704,1240,48,48,0,-21,-16,0,0,100,90,1136,1192,48,48,0,-106,-15,1,0,100,-90,800,1192,48,48,0,-46,20,0,1,75,0,624,1680,48,48,0,-94,21,0,1,75,0,624,1680,48,48,0,-96,-80,0,1,100,0,992,1408,96,120,0,-96,-200,0,1,100,0,800,1288,96,240,0,-6,-116,0,1,12,0,624,1680,48,48,0,-117,-111,0,1,12,0,624,1680,48,48,0,-94,-76,0,1,25,0,624,1680,48,48,0,-36,-82,0,1,25,0,624,1680,48,48,0,-96,-80,0,1,100,0,704,1408,96,120,0,-175,-30,1,0,75,-90,1040,1240,48,48,0,25,-20,0,0,75,90,752,1240,48,48,0,6,-20,0,0,75,90,1040,1240,48,48,0,-149,-29,1,0,75,-90,752,1240,48,48,0,-44,22,0,1,50,0,624,1680,48,48,0,-96,23,0,1,50,0,624,1680,48,48,0,-96,-80,0,1,100,0,992,1288,96,120,0,-96,-80,0,1,100,0,704,1288,96,120,0,-96,-200,0,1,50,0,800,1288,96,240,0,-178,-39,1,0,50,-90,1088,1240,48,48,0,31,-30,0,0,50,90,800,1240,48,48,0,8,-24,0,0,50,90,1088,1240,48,48,0,-150,-31,1,0,50,-90,800,1240,48,48,0,1,-25,0,0,50,90,1232,1240,48,48,0,-117,-13,1,0,50,-90,896,1240,48,48,0,-96,-80,0,1,15,0,992,1288,96,120,0,-96,-80,0,1,50,0,704,1288,96,120,0,-188,-32,1,0,25,-90,1136,1240,48,48,0,41,-24,0,0,25,90,848,1240,48,48,0,13,-21,0,0,25,90,1136,1240,48,48,0,-154,-26,1,0,25,-90,848,1240,48,48,0,
0,183,-208,-40,1,0,100,0,992,1192,48,48,0,-152,-32,0,0,100,0,704,1192,48,48,0,-200,-48,0,1,100,0,1280,1248,96,96,0,-200,-104,0,1,100,0,992,1288,96,120,0,-156,-50,0,1,100,0,624,1584,48,48,0,-192,-19,0,1,100,0,624,1584,48,48,0,-201,-38,0,1,100,0,624,1536,48,48,0,-165,-26,0,1,100,0,624,1536,48,48,0,-144,-48,0,0,100,0,992,1240,48,48,0,-200,-56,1,0,100,0,704,1240,48,48,0,-200,-40,0,1,100,0,1280,1248,96,96,0,-163,-15,1,0,100,90,992,1192,48,48,0,-195,-17,0,0,100,-90,704,1192,48,48,0,-128,-304,0,1,100,0,736,1728,128,192,0,-208,-176,0,1,100,0,736,1728,128,192,0,-200,-40,0,1,100,0,1280,1248,96,96,0,-217,-47,1,0,100,0,1040,1192,48,48,0,-139,-34,0,0,100,0,752,1192,48,48,0,-200,-216,0,1,100,0,1088,1288,96,240,0,-135,-66,0,1,100,0,624,1584,48,48,0,-215,-55,0,1,100,0,624,1584,48,48,0,-211,-30,0,1,100,0,624,1536,48,48,0,-146,-25,0,1,100,0,624,1536,48,48,0,-200,-216,0,1,100,0,800,1288,96,240,0,-142,-54,0,0,100,0,1040,1240,48,48,0,-211,-67,1,0,100,0,752,1240,48,48,0,-224,-400,1,1,100,0,448,1728,64,96,0,-224,-352,1,1,100,0,512,1728,96,192,0,-200,-224,1,1,100,0,608,1728,128,192,0,-280,-360,1,1,100,0,448,1824,64,96,0,-280,-320,2,1,100,0,608,1728,128,192,0,-208,-200,1,1,100,0,736,1728,128,192,0,-310,-298,1,1,50,0,736,1728,128,192,0,-230,-170,1,1,50,0,736,1728,128,192,0,-192,-64,0,1,100,-90,672,1632,96,96,0,-200,-64,0,1,100,-90,768,1632,96,96,0,-157,-52,1,0,100,90,1040,1192,48,48,0,-189,-33,0,0,100,-90,752,1192,48,48,0,-238,-57,1,0,100,0,1088,1192,48,48,0,-116,-43,0,0,100,0,800,1192,48,48,0,-200,-40,0,1,100,0,1376,1248,96,96,0,-239,-75,1,0,100,0,448,1536,88,96,0,-151,-75,0,0,100,0,448,1536,88,96,0,-199,-14,0,1,100,0,624,1584,48,48,0,-149,-19,0,1,100,0,624,1584,48,48,0,-157,-20,0,1,100,0,624,1536,48,48,0,-184,-19,0,1,100,0,624,1536,48,48,0,-200,-219,0,1,100,0,1184,1288,96,240,0,-200,-221,0,1,100,0,1184,1288,96,240,0,-128,-81,0,1,100,0,624,1584,48,48,0,-220,-76,0,1,100,0,624,1584,48,48,0,-205,-48,0,1,100,0,624,1536,48,48,0,-140,-45,0,1,100,0,624,1536,48,48,0,-200,-219,0,1,100,0,896,1288,96,240,0,-200,-219,0,1,100,0,896,1288,96,240,0,-127,-57,0,0,100,0,1088,1240,48,48,0,-222,-79,1,0,100,0,800,1240,48,48,0,-80,-392,0,1,100,0,448,1728,64,96,0,-112,-344,0,1,100,0,512,1728,96,192,0,-168,-224,0,1,100,0,608,1728,128,192,0,-288,-360,1,1,100,0,448,1824,64,96,0,-288,-320,2,1,100,0,608,1728,128,192,0,-216,-200,1,1,100,0,736,1728,128,192,0,-302,-298,1,1,50,0,736,1728,128,192,0,-222,-170,1,1,50,0,736,1728,128,192,0,-216,-72,3,1,100,0,672,1632,96,96,0,-184,-96,1,1,100,-90,768,1632,96,96,0,-200,-56,0,1,50,-90,768,1632,96,96,0,-150,-66,1,0,100,90,1088,1192,48,48,0,-192,-39,0,0,100,-90,800,1192,48,48,0,-251,-52,1,0,100,0,1136,1192,48,48,0,-99,-40,0,0,100,0,848,1192,48,48,0,-176,-1,0,1,100,0,624,1584,48,48,0,-213,-5,0,1,100,0,624,1584,48,48,0,-137,-16,0,1,100,0,624,1584,48,48,0,-151,-6,0,1,100,0,624,1536,48,48,0,-197,-7,0,1,100,0,624,1536,48,48,0,-239,-67,1,0,100,0,536,1536,88,96,0,-151,-67,0,0,100,0,536,1536,88,96,0,-200,-207,0,1,100,0,1184,1288,96,240,0,-200,-207,0,1,100,0,1184,1288,96,240,0,-200,-207,0,1,100,0,1184,1288,96,240,0,-200,-209,0,1,100,0,1184,1288,96,240,0,-122,-88,0,1,100,0,624,1680,48,48,0,-219,-92,0,1,100,0,624,1680,48,48,0,-217,-62,0,1,100,0,624,1632,48,48,0,-128,-51,0,1,100,0,624,1632,48,48,0,-200,-209,0,1,100,0,896,1288,96,240,0,-200,-211,0,1,100,0,896,1288,96,240,0,-110,-51,0,0,100,0,1136,1240,48,48,0,-235,-74,1,0,100,0,848,1240,48,48,0,-106,-8,1,0,100,-90,848,1240,48,48,0,-74,-363,0,1,100,0,448,1728,64,96,0,-100,-328,3,1,100,0,512,1728,96,192,0,-164,-200,3,1,100,0,608,1728,128,192,0,-200,-64,3,1,100,90,768,1632,96,96,0,-224,-72,3,1,100,0,768,1536,96,96,0,-200,-64,2,1,100,0,672,1632,96,96,0,-216,-56,3,1,50,0,672,1632,96,96,0,-142,-65,1,0,100,90,1136,1192,48,48,0,-197,-43,0,0,100,-90,848,1192,48,48,0,-259,-46,1,0,100,0,1184,1192,48,48,0,-91,-34,0,0,100,0,896,1192,48,48,0,-165,9,0,1,100,0,624,1680,48,48,0,-185,2,0,1,100,0,624,1632,48,48,0,-222,-9,0,1,100,0,624,1632,48,48,0,-130,-15,0,1,100,0,624,1632,48,48,0,-173,-3,0,1,100,0,624,1584,48,48,0,-146,-5,0,1,100,0,624,1584,48,48,0,-204,-4,0,1,100,0,624,1584,48,48,0,-239,-67,1,0,100,0,448,1632,88,96,0,-151,-67,0,0,100,0,448,1632,88,96,0,-200,-210,0,1,75,0,1184,1288,96,240,0,-200,-210,0,1,100,0,1184,1288,96,240,0,-129,-104,0,1,100,0,624,1680,48,48,0,-211,-100,0,1,100,0,624,1680,48,48,0,-213,-72,0,1,100,0,624,1632,48,48,0,-128,-68,0,1,100,0,624,1632,48,48,0,-200,-208,0,1,100,0,896,1288,96,240,0,-216,-136,0,1,100,90,672,1632,96,96,0,-232,-88,2,1,100,90,768,1536,96,96,0,-192,-72,0,1,100,-90,768,1536,96,96,0,-240,-72,3,1,50,0,768,1536,96,96,0,-200,-64,2,1,50,0,672,1632,96,96,0,-138,-60,1,0,100,90,1184,1192,48,48,0,-205,-42,0,0,100,-90,896,1192,48,48,0,-268,-35,1,0,100,0,1232,1192,48,48,0,-89,-25,0,0,100,0,944,1192,48,48,0,-162,12,0,1,100,0,624,1680,48,48,0,-189,9,0,1,100,0,624,1632,48,48,0,-233,-3,0,1,100,0,624,1680,48,48,0,-123,-13,0,1,100,0,624,1680,48,48,0,-172,4,0,1,100,0,624,1632,48,48,0,-239,-67,1,0,100,0,536,1632,88,96,0,-151,-67,0,0,100,0,536,1632,88,96,0,-143,-2,0,1,100,0,624,1584,48,48,0,-208,2,0,1,100,0,624,1584,48,48,0,-200,-208,0,1,75,0,1184,1288,96,240,0,-117,-122,0,1,50,0,624,1680,48,48,0,-216,-116,0,1,50,0,624,1680,48,48,0,-216,-81,0,1,75,0,624,1680,48,48,0,-122,-83,0,1,75,0,624,1680,48,48,0,-200,-208,0,1,100,0,896,1288,96,240,0,-101,-37,0,0,100,0,1232,1240,48,48,0,-247,-57,1,0,100,0,944,1240,48,48,0,-224,-64,3,1,100,0,672,1536,96,96,0,-200,-88,0,1,100,90,768,1536,96,96,0,-216,-136,0,1,50,90,672,1632,96,96,0,-232,-88,2,1,50,90,768,1536,96,96,0,-132,-48,1,0,100,90,1232,1192,48,48,0,-208,-36,0,0,100,-90,944,1192,48,48,0,-269,-26,1,0,100,-90,992,1240,48,48,0,-88,-15,0,0,100,90,704,1240,48,48,0,-155,12,0,1,100,0,624,1680,48,48,0,-192,11,0,1,100,0,624,1680,48,48,0,-173,4,0,1,100,0,624,1680,48,48,0,-200,-208,0,1,100,0,1088,1288,96,240,0,-112,-123,0,1,25,0,624,1680,48,48,0,-219,-118,0,1,25,0,624,1680,48,48,0,-204,-83,0,1,50,0,624,1680,48,48,0,-136,-88,0,1,50,0,624,1680,48,48,0,-200,-208,0,1,100,0,800,1288,96,240,0,-101,-30,0,0,100,90,992,1240,48,48,0,-251,-48,1,0,100,-90,704,1240,48,48,0,-200,-208,0,1,100,0,896,1288,96,240,0,-200,-88,0,1,100,0,992,1408,96,120,0,-200,-208,0,1,100,0,800,1288,96,240,0,-110,-124,0,1,12,0,624,1680,48,48,0,-221,-119,0,1,12,0,624,1680,48,48,0,-198,-84,0,1,25,0,624,1680,48,48,0,-140,-90,0,1,25,0,624,1680,48,48,0,-200,-88,0,1,100,0,704,1408,96,120,0,-279,-38,1,0,75,-90,1040,1240,48,48,0,-79,-28,0,0,75,90,752,1240,48,48,0,-98,-28,0,0,75,90,1040,1240,48,48,0,-253,-37,1,0,75,-90,752,1240,48,48,0,-200,-88,0,1,100,0,992,1288,96,120,0,-200,-88,0,1,100,0,704,1288,96,120,0,-200,-208,0,1,50,0,800,1288,96,240,0,-282,-47,1,0,50,-90,1088,1240,48,48,0,-73,-38,0,0,50,90,800,1240,48,48,0,-96,-32,0,0,50,90,1088,1240,48,48,0,-254,-39,1,0,50,-90,800,1240,48,48,0,
0,154,-152,-64,0,1,100,0,992,1408,96,120,0,-152,-64,0,1,100,0,704,1408,96,120,0,-80,-264,0,1,100,0,736,1728,128,192,0,-160,-136,0,1,100,0,736,1728,128,192,0,-152,-16,0,1,100,0,1280,1248,96,96,0,-152,-184,0,1,100,0,1088,1288,96,240,0,-152,-184,0,1,100,0,800,1288,96,240,0,-40,-344,0,1,100,0,448,1728,64,96,0,-64,-304,3,1,100,0,512,1728,96,192,0,-128,-176,3,1,100,0,608,1728,128,192,0,8,-296,0,1,100,0,448,1824,64,96,0,-128,-120,3,1,100,0,736,1728,128,192,0,-64,-248,3,1,100,0,608,1728,128,192,0,-78,-274,0,1,50,0,736,1728,128,192,0,-158,-146,0,1,50,0,736,1728,128,192,0,-144,-32,0,1,100,-90,672,1632,96,96,0,-152,-32,0,1,100,-90,768,1632,96,96,0,-109,-20,1,0,100,90,1040,1192,48,48,0,-141,-1,0,0,100,-90,752,1192,48,48,0,-190,-25,1,0,100,0,1088,1192,48,48,0,-68,-11,0,0,100,0,800,1192,48,48,0,-152,-8,0,1,100,0,1376,1248,96,96,0,-191,-43,1,0,100,0,448,1536,88,96,0,-103,-43,0,0,100,0,448,1536,88,96,0,-151,18,0,1,100,0,624,1584,48,48,0,-101,13,0,1,100,0,624,1584,48,48,0,-109,12,0,1,100,0,624,1536,48,48,0,-136,13,0,1,100,0,624,1536,48,48,0,-152,-187,0,1,100,0,1184,1288,96,240,0,-152,-189,0,1,100,0,1184,1288,96,240,0,-80,-49,0,1,100,0,624,1584,48,48,0,-172,-44,0,1,100,0,624,1584,48,48,0,-157,-16,0,1,100,0,624,1536,48,48,0,-92,-13,0,1,100,0,624,1536,48,48,0,-152,-187,0,1,100,0,896,1288,96,240,0,-152,-187,0,1,100,0,896,1288,96,240,0,-79,-25,0,0,100,0,1088,1240,48,48,0,-174,-47,1,0,100,0,800,1240,48,48,0,-24,-344,1,1,100,0,448,1728,64,96,0,-56,-304,3,1,100,0,512,1728,96,192,0,-120,-176,3,1,100,0,608,1728,128,192,0,-8,-296,1,1,100,0,448,1824,64,96,0,-128,-120,3,1,100,0,736,1728,128,192,0,-64,-248,3,1,100,0,608,1728,128,192,0,-168,-48,3,1,100,0,672,1632,96,96,0,-136,-72,1,1,100,-90,768,1632,96,96,0,-152,-32,0,1,50,-90,768,1632,96,96,0,-102,-42,1,0,100,90,1088,1192,48,48,0,-144,-15,0,0,100,-90,800,1192,48,48,0,-203,-28,1,0,100,0,1136,1192,48,48,0,-51,-16,0,0,100,0,848,1192,48,48,0,-128,23,0,1,100,0,624,1584,48,48,0,-165,19,0,1,100,0,624,1584,48,48,0,-89,8,0,1,100,0,624,1584,48,48,0,-103,18,0,1,100,0,624,1536,48,48,0,-149,17,0,1,100,0,624,1536,48,48,0,-191,-43,1,0,100,0,536,1536,88,96,0,-103,-43,0,0,100,0,536,1536,88,96,0,-152,-183,0,1,100,0,1184,1288,96,240,0,-152,-183,0,1,100,0,1184,1288,96,240,0,-152,-183,0,1,100,0,1184,1288,96,240,0,-152,-185,0,1,100,0,1184,1288,96,240,0,-74,-64,0,1,100,0,624,1680,48,48,0,-171,-68,0,1,100,0,624,1680,48,48,0,-169,-38,0,1,100,0,624,1632,48,48,0,-80,-27,0,1,100,0,624,1632,48,48,0,-152,-185,0,1,100,0,896,1288,96,240,0,-152,-187,0,1,100,0,896,1288,96,240,0,-62,-27,0,0,100,0,1136,1240,48,48,0,-187,-50,1,0,100,0,848,1240,48,48,0,-114,-30,0,0,100,90,1184,1240,48,48,0,-210,-16,1,0,100,-90,848,1240,48,48,0,-148,14,0,1,50,0,624,1680,48,48,0,-200,15,0,1,50,0,624,1680,48,48,0,-26,-347,0,1,100,0,448,1728,64,96,0,-52,-304,3,1,100,0,512,1728,96,192,0,-116,-176,3,1,100,0,608,1728,128,192,0,-152,-40,3,1,100,90,768,1632,96,96,0,-176,-48,3,1,100,0,768,1536,96,96,0,-152,-40,2,1,100,0,672,1632,96,96,0,-168,-32,3,1,50,0,672,1632,96,96,0,-94,-41,1,0,100,90,1136,1192,48,48,0,-149,-19,0,0,100,-90,848,1192,48,48,0,-211,-22,1,0,100,0,1184,1192,48,48,0,-43,-10,0,0,100,0,896,1192,48,48,0,-117,33,0,1,100,0,624,1680,48,48,0,-137,26,0,1,100,0,624,1632,48,48,0,-174,15,0,1,100,0,624,1632,48,48,0,-82,9,0,1,100,0,624,1632,48,48,0,-125,21,0,1,100,0,624,1584,48,48,0,-98,19,0,1,100,0,624,1584,48,48,0,-156,20,0,1,100,0,624,1584,48,48,0,-191,-43,1,0,100,0,448,1632,88,96,0,-103,-43,0,0,100,0,448,1632,88,96,0,-152,-186,0,1,75,0,1184,1288,96,240,0,-152,-186,0,1,100,0,1184,1288,96,240,0,-81,-80,0,1,100,0,624,1680,48,48,0,-163,-76,0,1,100,0,624,1680,48,48,0,-165,-48,0,1,100,0,624,1632,48,48,0,-80,-44,0,1,100,0,624,1632,48,48,0,-152,-184,0,1,100,0,896,1288,96,240,0,-56,-23,0,0,100,0,1184,1240,48,48,0,-193,-43,1,0,100,0,896,1240,48,48,0,-168,-112,0,1,100,90,672,1632,96,96,0,-184,-64,2,1,100,90,768,1536,96,96,0,-144,-48,0,1,100,-90,768,1536,96,96,0,-192,-48,3,1,50,0,768,1536,96,96,0,-152,-40,2,1,50,0,672,1632,96,96,0,-90,-36,1,0,100,90,1184,1192,48,48,0,-157,-18,0,0,100,-90,896,1192,48,48,0,-220,-11,1,0,100,0,1232,1192,48,48,0,-41,-1,0,0,100,0,944,1192,48,48,0,-114,36,0,1,100,0,624,1680,48,48,0,-141,33,0,1,100,0,624,1632,48,48,0,-185,21,0,1,100,0,624,1680,48,48,0,-75,11,0,1,100,0,624,1680,48,48,0,-124,28,0,1,100,0,624,1632,48,48,0,-191,-43,1,0,100,0,536,1632,88,96,0,-103,-43,0,0,100,0,536,1632,88,96,0,-95,22,0,1,100,0,624,1584,48,48,0,-160,26,0,1,100,0,624,1584,48,48,0,-152,-184,0,1,75,0,1184,1288,96,240,0,-69,-98,0,1,50,0,624,1680,48,48,0,-168,-92,0,1,50,0,624,1680,48,48,0,-168,-57,0,1,75,0,624,1680,48,48,0,-74,-59,0,1,75,0,624,1680,48,48,0,-152,-184,0,1,100,0,896,1288,96,240,0,-53,-13,0,0,100,0,1232,1240,48,48,0,-199,-33,1,0,100,0,944,1240,48,48,0,-176,-40,3,1,100,0,672,1536,96,96,0,-152,-64,0,1,100,90,768,1536,96,96,0,-168,-112,0,1,50,90,672,1632,96,96,0,-184,-64,2,1,50,90,768,1536,96,96,0,-84,-24,1,0,100,90,1232,1192,48,48,0,-160,-12,0,0,100,-90,944,1192,48,48,0,-221,-2,1,0,100,-90,992,1240,48,48,0,-40,9,0,0,100,90,704,1240,48,48,0,-107,36,0,1,100,0,624,1680,48,48,0,-144,35,0,1,100,0,624,1680,48,48,0,-125,28,0,1,100,0,624,1680,48,48,0,-152,-184,0,1,100,0,1088,1288,96,240,0,-64,-99,0,1,25,0,624,1680,48,48,0,-171,-94,0,1,25,0,624,1680,48,48,0,-156,-59,0,1,50,0,624,1680,48,48,0,-88,-64,0,1,50,0,624,1680,48,48,0,-152,-184,0,1,100,0,800,1288,96,240,0,-152,-184,0,1,100,0,896,1288,96,240,0,-53,-6,0,0,100,90,992,1240,48,48,0,-203,-24,1,0,100,-90,704,1240,48,48,0,-152,-64,0,1,100,0,992,1288,96,120,0,-152,-64,0,1,100,0,704,1288,96,120,0,-152,-184,0,1,50,0,896,1288,96,240,0,-152,-64,0,1,15,0,992,1288,96,120,0,-152,-64,0,1,50,0,704,1288,96,120,0,
0,22,-24,-288,0,1,100,0,736,1728,128,192,0,-104,-160,0,1,100,0,736,1728,128,192,0,16,-360,0,1,100,0,448,1728,64,96,0,-8,-320,3,1,100,0,512,1728,96,192,0,-72,-192,3,1,100,0,608,1728,128,192,0,64,-312,0,1,100,0,448,1824,64,96,0,-72,-136,3,1,100,0,736,1728,128,192,0,-8,-264,3,1,100,0,608,1728,128,192,0,-22,-290,0,1,50,0,736,1728,128,192,0,-102,-162,0,1,50,0,736,1728,128,192,0,32,-360,1,1,100,0,448,1728,64,96,0,0,-320,3,1,100,0,512,1728,96,192,0,-64,-192,3,1,100,0,608,1728,128,192,0,44,-310,1,1,100,0,448,1824,64,96,0,-76,-134,3,1,100,0,736,1728,128,192,0,-12,-262,3,1,100,0,608,1728,128,192,0,30,-363,0,1,100,0,448,1728,64,96,0,4,-320,3,1,100,0,512,1728,96,192,0,-60,-192,3,1,100,0,608,1728,128,192,0,42,-308,1,1,50,0,448,1824,64,96,0,-78,-132,3,1,50,0,736,1728,128,192,0,-14,-260,3,1,50,0,608,1728,128,192,0,
0,21,-128,-304,0,1,100,0,736,1728,128,192,0,-208,-176,0,1,100,0,736,1728,128,192,0,-224,-400,1,1,100,0,448,1728,64,96,0,-224,-352,1,1,100,0,512,1728,96,192,0,-200,-224,1,1,100,0,608,1728,128,192,0,-280,-360,1,1,100,0,448,1824,64,96,0,-280,-320,2,1,100,0,608,1728,128,192,0,-208,-200,1,1,100,0,736,1728,128,192,0,-310,-298,1,1,50,0,736,1728,128,192,0,-230,-170,1,1,50,0,736,1728,128,192,0,-80,-392,0,1,100,0,448,1728,64,96,0,-112,-344,0,1,100,0,512,1728,96,192,0,-168,-224,0,1,100,0,608,1728,128,192,0,-288,-360,1,1,100,0,448,1824,64,96,0,-288,-320,2,1,100,0,608,1728,128,192,0,-216,-200,1,1,100,0,736,1728,128,192,0,-302,-298,1,1,50,0,736,1728,128,192,0,-222,-170,1,1,50,0,736,1728,128,192,0,-74,-363,0,1,100,0,448,1728,64,96,0,-100,-328,3,1,100,0,512,1728,96,192,0,-164,-200,3,1,100,0,608,1728,128,192,0,
0,0,
0,0,
0,0,
0,0,
0,16,-40,-62,0,1,100,0,1024,80,88,72,0,-43,-30,1,1,100,0,64,320,32,32,0,-41,-35,0,1,100,0,96,288,32,32,0,-51,-56,1,1,100,0,736,416,72,64,0,5,-30,0,1,100,0,64,320,32,32,0,3,-35,1,1,100,0,96,288,32,32,0,-27,-56,0,1,100,0,736,416,72,64,0,-67,-88,0,1,100,0,0,352,128,128,0,-3,-38,0,0,100,0,72,152,24,24,0,-19,-50,0,0,100,0,256,0,32,24,0,-31,-50,0,0,100,0,832,24,64,56,0,-46,-34,0,0,100,0,96,256,56,32,0,-52,-31,0,1,100,0,208,256,56,32,0,-22,-37,0,0,100,0,48,176,24,24,0,-24,-24,0,1,100,0,1080,48,48,32,0,-48,-15,0,0,100,0,0,256,96,32,0,
0,14,-40,-62,0,1,100,0,1112,80,88,72,0,-47,-33,1,1,100,0,64,288,32,32,0,-52,-57,1,1,99,0,808,416,72,64,0,9,-33,0,1,100,0,64,288,32,32,0,-26,-57,0,1,99,0,808,416,72,64,0,-67,-88,0,1,100,0,128,352,128,128,0,-4,-39,0,0,100,0,72,152,24,24,0,-20,-49,0,0,100,0,256,0,32,24,0,-31,-50,0,0,100,0,896,24,64,56,0,-45,-33,0,0,100,0,96,256,56,32,0,-51,-30,0,1,100,0,208,256,56,32,0,-21,-36,0,0,100,0,48,176,24,24,0,-24,-24,0,1,100,0,1128,48,48,32,0,-48,-15,0,0,100,0,0,256,96,32,0,
0,18,-40,-62,0,1,50,0,1200,80,88,72,0,-14,-27,1,1,100,0,96,320,32,32,0,-55,-38,1,1,100,0,96,288,32,32,0,-53,-57,1,1,100,0,880,416,72,64,0,-52,-57,1,1,100,0,808,544,72,64,0,-24,-27,0,1,100,0,96,320,32,32,0,17,-38,0,1,100,0,96,288,32,32,0,-25,-57,0,1,100,0,880,416,72,64,0,-26,-57,0,1,100,0,808,544,72,64,0,-67,-88,0,1,100,0,256,352,128,128,0,-5,-39,0,0,100,0,72,152,24,24,0,-20,-48,0,0,100,0,256,0,32,24,0,-31,-50,0,0,100,0,960,24,64,56,0,-43,-33,0,0,100,0,96,256,56,32,0,-49,-30,0,1,100,0,208,256,56,32,0,-20,-36,0,0,100,0,48,176,24,24,0,-24,-24,0,1,50,0,1176,48,48,32,0,-48,-15,0,0,100,0,0,256,96,32,0,
0,14,-40,-62,0,1,25,0,1288,80,88,72,0,-13,-30,1,1,100,0,64,288,32,32,0,-25,-30,0,1,100,0,64,288,32,32,0,-67,-88,0,1,100,0,384,352,128,128,0,-5,-39,0,0,100,0,72,152,24,24,0,-20,-48,0,0,100,0,256,0,32,24,0,-31,-50,0,0,100,0,960,24,64,56,0,-43,-33,0,0,100,0,96,256,56,32,0,-49,-30,0,1,100,0,208,256,56,32,0,-20,-36,0,0,100,0,48,176,24,24,0,-57,-58,1,1,100,0,952,416,72,64,0,-20,-58,0,1,100,0,952,416,72,64,0,-24,-24,0,1,25,0,1224,48,48,32,0,-48,-15,0,0,100,0,0,256,96,32,0,
0,7,-5,-39,0,0,100,0,72,152,24,24,0,-20,-48,0,0,100,0,256,0,32,24,0,-31,-50,0,0,100,0,960,24,64,56,0,-43,-33,0,0,100,0,96,256,56,32,0,-49,-30,0,1,100,0,208,256,56,32,0,-20,-36,0,0,100,0,48,176,24,24,0,-48,-15,0,0,100,0,0,256,96,32,0,
0,3,-24,-80,0,0,100,0,0,1000,56,88,0,-25,-86,3,1,100,90,680,400,56,56,0,-48,-15,0,0,100,0,0,256,96,32,0,
0,3,-24,-72,0,0,100,0,56,1008,56,80,0,-18,-73,3,1,100,0,208,256,56,32,0,-48,-15,0,0,100,0,0,256,96,32,0,
0,3,-24,-64,0,0,100,0,112,1016,56,64,0,-14,-59,3,1,100,0,288,1128,48,24,0,-48,-15,0,0,100,0,0,256,96,32,0,
0,6,-80,-84,0,1,100,0,1632,520,88,72,0,-80,-84,0,1,100,0,1632,520,88,72,0,-80,-84,0,1,100,0,1632,448,88,72,0,-72,-40,0,1,100,0,288,1128,48,24,0,-64,-56,0,0,100,0,168,1024,88,64,0,-51,-15,0,0,100,0,0,256,96,32,0,
0,7,-81,-84,0,1,100,0,1720,520,88,72,0,-81,-84,0,1,100,0,1720,520,88,72,0,-81,-84,0,1,100,0,1720,448,88,72,0,-73,-40,0,1,100,0,288,1128,48,24,0,-64,-56,0,0,100,0,256,1024,88,64,0,-72,-64,0,0,100,0,336,1512,96,72,0,-51,-15,0,0,100,0,0,256,96,32,0,
0,5,-81,-84,0,1,100,0,1808,520,88,72,0,-81,-84,0,1,100,0,1808,448,88,72,0,-73,-40,0,1,100,0,288,1128,48,24,0,-64,-56,0,0,100,0,256,1024,88,64,0,-51,-15,0,0,100,0,0,256,96,32,0,
0,3,-73,-40,0,1,100,0,288,1128,48,24,0,-64,-56,0,0,100,0,256,1024,88,64,0,-51,-15,0,0,100,0,0,256,96,32,0,
0,3,-73,-40,0,1,100,0,288,1128,48,24,0,-64,-56,0,0,100,0,256,1024,88,64,0,-51,-15,0,0,100,0,0,256,96,32,0,
0,6,-31,-50,0,0,100,0,256,0,32,24,0,-32,-40,0,0,100,0,344,1000,40,40,0,-46,-28,0,0,100,0,96,256,56,32,0,-53,-25,0,1,100,0,208,256,56,32,0,-32,-40,0,0,100,0,344,1040,48,48,0,-52,-15,0,0,100,0,0,256,96,32,0,
0,6,-30,-52,0,0,100,0,288,0,32,24,0,-42,-33,0,0,100,0,168,200,56,56,0,-32,-40,0,0,100,0,384,1008,40,32,0,-36,-25,0,1,100,0,432,1112,40,40,0,-32,-40,0,0,100,0,392,1040,48,48,0,-52,-15,0,0,100,0,0,256,96,32,0,
0,7,-68,-25,0,1,100,0,96,288,32,32,0,-76,-57,1,1,99,0,736,416,72,64,0,-75,-56,1,1,100,0,880,480,72,64,0,-48,-64,0,0,100,0,440,1016,48,72,0,-32,-53,3,1,100,0,512,400,56,56,0,-32,-53,3,0,100,0,112,200,56,56,0,-71,-15,0,0,100,0,0,256,96,32,0,
0,7,-71,-33,1,1,100,0,64,288,32,32,0,-76,-57,1,1,99,0,808,416,72,64,0,-76,-57,1,1,100,0,880,480,72,64,0,-48,-64,0,0,100,0,488,1016,48,72,0,-34,-55,3,1,100,0,512,400,56,56,0,-34,-55,3,0,100,0,112,200,56,56,0,-71,-15,0,0,100,0,0,256,96,32,0,
0,19,-184,-120,0,1,100,0,1024,664,160,160,0,-152,-32,0,1,100,0,1024,520,112,40,0,-160,-88,0,1,100,0,1024,440,80,80,0,-152,-80,0,1,100,0,1024,344,96,96,0,-80,-27,1,1,100,0,96,320,32,32,0,-121,-38,1,1,100,0,96,288,32,32,0,-118,-57,1,1,100,0,880,416,72,64,0,-118,-57,1,1,100,0,808,544,72,64,0,-24,-31,0,1,100,0,64,320,32,32,0,-26,-36,1,1,100,0,96,288,32,32,0,-56,-57,0,1,100,0,736,416,72,64,0,-60,-57,0,1,100,0,808,480,72,64,0,-60,-50,0,0,100,0,896,304,64,56,0,-149,-94,0,1,100,0,1576,0,160,112,0,-149,-94,0,1,100,0,1576,0,160,112,0,-149,-94,0,1,100,0,1736,0,160,112,0,-90,-28,0,1,100,0,864,608,56,32,0,-90,-28,0,0,100,0,152,256,56,32,0,-77,-15,0,0,100,0,0,256,96,32,0,
0,18,-184,-120,0,1,100,0,1184,664,160,160,0,-152,-32,0,1,100,0,1136,520,112,40,0,-144,-56,0,1,100,0,1024,440,80,80,0,-160,-88,0,1,100,0,1104,440,80,80,0,-152,-80,0,1,100,0,1120,344,96,96,0,-110,-30,1,1,100,0,64,288,32,32,0,-139,-57,1,1,100,0,952,416,72,64,0,-154,-56,1,1,100,0,880,544,72,64,0,-25,-33,0,1,100,0,64,288,32,32,0,-60,-57,0,1,99,0,808,416,72,64,0,-60,-57,0,1,100,0,880,480,72,64,0,-60,-50,0,0,100,0,960,304,64,56,0,-148,-90,0,1,100,0,1576,112,160,112,0,-148,-90,0,1,100,0,1576,112,160,112,0,-148,-90,0,1,100,0,1736,112,160,112,0,-83,-23,0,1,100,0,864,608,56,32,0,-83,-23,0,0,100,0,152,256,56,32,0,-77,-15,0,0,100,0,0,256,96,32,0,
0,16,-184,-120,0,1,100,0,1344,664,160,160,0,-152,-32,0,1,100,0,1248,520,112,40,0,-144,-56,0,1,100,0,1104,440,80,80,0,-160,-88,0,1,100,0,1184,440,80,80,0,-152,-80,0,1,100,0,1216,344,96,96,0,-38,-31,0,1,100,0,96,320,32,32,0,-12,-38,0,1,100,0,96,288,32,32,0,-55,-57,0,1,100,0,880,416,72,64,0,-55,-57,0,1,100,0,808,544,72,64,0,-60,-50,0,0,100,0,768,360,64,56,0,-146,-89,0,1,100,0,1576,224,160,112,0,-146,-89,0,1,100,0,1576,224,160,112,0,-146,-89,0,1,100,0,1736,224,160,112,0,-81,-22,0,1,100,0,864,608,56,32,0,-81,-22,0,0,100,0,152,256,56,32,0,-77,-15,0,0,100,0,0,256,96,32,0,
0,13,-152,-32,0,1,100,0,1136,560,112,40,0,-144,-56,0,1,100,0,1184,440,80,80,0,-152,-80,0,1,100,0,1312,344,96,96,0,-40,-30,0,1,100,0,64,288,32,32,0,-51,-57,0,1,100,0,952,416,72,64,0,-34,-57,0,1,100,0,880,544,72,64,0,-60,-50,0,0,100,0,960,304,64,56,0,-148,-90,0,1,100,0,1576,336,160,112,0,-148,-90,0,1,100,0,1576,336,160,112,0,-148,-90,0,1,100,0,1736,336,160,112,0,-82,-23,0,1,100,0,864,608,56,32,0,-83,-23,0,0,100,0,152,256,56,32,0,-77,-15,0,0,100,0,0,256,96,32,0,
0,4,-60,-50,0,0,100,0,960,304,64,56,0,-83,-23,0,0,100,0,152,256,56,32,0,-82,-23,0,1,100,0,864,608,56,32,0,-77,-15,0,0,100,0,0,256,96,32,0,
0,4,-60,-50,0,0,100,0,960,304,64,56,0,-83,-23,0,0,100,0,152,256,56,32,0,-82,-23,0,1,100,0,864,608,56,32,0,-77,-15,0,0,100,0,0,256,96,32,0,
0,3,-56,-56,0,0,100,0,0,1088,72,64,0,-56,-29,3,1,100,0,336,1088,56,32,0,-59,-15,0,0,100,0,0,256,96,32,0,
0,3,-48,-56,0,0,100,0,72,1088,64,64,0,-51,-29,3,1,100,0,336,1088,56,32,0,-58,-15,0,0,100,0,0,256,96,32,0,
0,3,-40,-56,0,0,100,0,136,1088,64,64,0,-40,-29,3,1,100,0,336,1088,56,32,0,-52,-15,0,0,100,0,0,256,96,32,0,
0,5,-11,-39,3,0,100,0,112,200,56,56,0,-11,-39,3,1,100,0,512,400,56,56,0,-34,-50,0,0,100,0,512,136,64,56,0,-22,-49,0,0,100,0,128,0,32,24,0,-50,-15,0,0,100,0,0,256,96,32,0,
0,5,-11,-39,3,0,100,0,112,200,56,56,0,-11,-39,3,1,100,0,512,400,56,56,0,-34,-50,0,0,100,0,512,136,64,56,0,-22,-49,0,0,100,0,128,0,32,24,0,-50,-15,0,0,100,0,0,256,96,32,0,
0,5,-34,-50,0,0,100,0,576,136,64,56,0,-25,-49,0,0,100,0,128,0,32,24,0,-9,-59,0,1,100,0,680,344,56,56,0,-9,-59,0,0,100,0,224,200,56,56,0,-50,-15,0,0,100,0,0,256,96,32,0,
0,26,-132,-40,0,1,100,0,1440,824,96,96,0,-164,-80,0,1,100,0,1440,824,96,96,0,-200,-128,0,1,100,0,1232,824,208,208,0,-120,-48,0,1,100,0,1024,440,80,80,0,-152,-72,0,1,100,0,1264,440,80,80,0,-75,-53,0,1,100,0,32,744,24,32,0,-126,-28,0,1,100,0,0,744,32,32,0,-102,-48,0,1,100,0,0,688,56,56,0,-119,-62,0,1,100,0,0,632,56,56,0,-146,-82,3,1,100,0,56,576,112,112,0,-84,-27,1,1,100,0,96,320,32,32,0,-125,-38,1,1,100,0,96,288,32,32,0,-122,-57,1,1,100,0,880,416,72,64,0,-122,-57,1,1,100,0,808,544,72,64,0,13,-28,0,1,100,0,64,320,32,32,0,11,-33,1,1,100,0,96,288,32,32,0,-19,-54,0,1,100,0,736,416,72,64,0,-23,-54,0,1,100,0,808,480,72,64,0,-110,-82,0,1,100,0,168,712,160,120,0,-110,-82,0,1,100,0,168,480,160,120,0,-14,-41,0,1,100,0,680,344,56,56,0,-14,-41,0,0,100,0,224,200,56,56,0,-35,-44,0,0,100,0,312,152,48,48,0,-36,-44,0,0,100,0,592,0,32,24,0,-35,-50,0,0,100,0,640,136,64,56,0,-51,-15,0,0,100,0,0,256,96,32,0,
0,31,-156,-64,0,1,100,0,1440,824,96,96,0,-132,-40,0,1,100,0,1440,920,96,96,0,-164,-80,0,1,100,0,1440,920,96,96,0,-184,-40,1,1,100,0,1024,600,104,64,0,-80,-40,0,1,100,0,1024,600,104,64,0,-200,-128,0,1,100,180,1232,824,208,208,0,-200,-128,0,1,100,0,1024,824,208,208,0,-120,-48,0,1,100,0,1104,440,80,80,0,-152,-72,0,1,100,0,1344,440,80,80,0,-152,-40,0,1,100,0,1264,440,80,80,0,-176,-43,0,1,100,0,0,856,208,72,0,-102,-61,0,1,100,0,0,744,32,32,0,-64,-56,0,1,100,0,32,744,24,32,0,-123,-22,0,1,100,0,32,744,24,32,0,-102,-48,0,1,100,0,0,632,56,56,0,-119,-62,0,1,100,0,0,688,56,56,0,-146,-82,3,1,100,0,56,688,112,112,0,-106,-30,1,1,100,0,64,288,32,32,0,-135,-57,1,1,100,0,952,416,72,64,0,-150,-56,1,1,100,0,880,544,72,64,0,20,-31,0,1,100,0,64,288,32,32,0,-15,-55,0,1,99,0,808,416,72,64,0,-15,-55,0,1,100,0,880,480,72,64,0,-108,-82,0,1,100,0,328,480,160,120,0,-108,-82,0,1,100,0,328,712,160,120,0,-13,-42,0,1,100,0,680,344,56,56,0,-13,-42,0,0,100,0,224,200,56,56,0,-35,-43,0,0,100,0,360,152,48,48,0,-36,-43,0,0,100,0,592,0,32,24,0,-35,-50,0,0,100,0,704,136,64,56,0,-51,-15,0,0,100,0,0,256,96,32,0,
0,35,-124,-80,0,1,100,0,1440,824,96,96,0,-156,-64,0,1,100,0,1440,920,96,96,0,-132,-40,0,1,50,0,1440,920,96,96,0,-164,-80,0,1,50,0,1440,920,96,96,0,-184,-40,1,1,100,0,1128,600,104,64,0,-80,-40,0,1,100,0,1128,600,104,64,0,-200,-128,0,1,100,180,1024,824,208,208,0,-200,-128,0,1,50,0,1024,824,208,208,0,-120,-48,0,1,100,0,1184,440,80,80,0,-152,-72,0,1,100,0,1424,440,80,80,0,-168,-80,0,1,100,0,1024,440,80,80,0,-104,-104,0,1,100,0,1264,440,80,80,0,-104,-56,0,1,100,0,1024,440,80,80,0,-152,-40,0,1,100,0,1344,440,80,80,0,-146,-82,3,1,50,0,56,688,112,112,0,-180,-43,0,1,100,0,208,856,208,72,0,-97,-53,0,1,100,0,0,744,32,32,0,-118,-44,0,1,100,0,0,744,32,32,0,-108,-60,0,1,100,0,32,744,24,32,0,-105,-28,0,1,100,0,32,744,24,32,0,-102,-55,0,1,100,0,0,688,56,56,0,-112,-47,0,1,100,0,0,632,56,56,0,-120,-37,1,1,100,0,64,288,32,32,0,-12,-26,0,1,100,0,96,320,32,32,0,29,-37,0,1,100,0,96,288,32,32,0,-14,-56,0,1,100,0,880,416,72,64,0,-14,-56,0,1,100,0,808,544,72,64,0,-108,-82,0,1,100,0,488,480,160,120,0,-108,-82,0,1,100,0,488,712,160,120,0,-13,-42,0,1,100,0,680,344,56,56,0,-13,-42,0,0,100,0,224,200,56,56,0,-35,-43,0,0,100,0,360,152,48,48,0,-36,-43,0,0,100,0,592,0,32,24,0,-35,-50,0,0,100,0,704,136,64,56,0,-51,-15,0,0,100,0,0,256,96,32,0,
0,26,-124,-80,0,1,100,0,1440,920,96,96,0,-156,-64,0,1,50,0,1440,920,96,96,0,-184,-40,1,1,100,0,1232,600,104,64,0,-80,-40,0,1,100,0,1232,600,104,64,0,-200,-128,0,1,50,180,1024,824,208,208,0,-168,-80,0,1,100,0,1104,440,80,80,0,-104,-104,0,1,100,0,1344,440,80,80,0,-104,-56,0,1,100,0,1104,440,80,80,0,-200,-128,0,1,25,0,1024,824,208,208,0,-152,-40,0,1,100,0,1424,440,80,80,0,-180,-43,0,1,100,0,0,928,208,72,0,-93,-24,0,1,100,0,32,744,24,32,0,-118,-45,0,1,50,0,0,744,32,32,0,-108,-61,0,1,50,0,32,744,24,32,0,-112,-27,0,1,50,0,32,744,24,32,0,-102,-56,0,1,50,0,0,688,56,56,0,-90,-62,0,1,100,0,0,744,32,32,0,-112,-48,0,1,100,0,0,688,56,56,0,-108,-82,0,1,100,0,648,480,160,120,0,-108,-82,0,1,100,0,648,712,160,120,0,-13,-42,0,0,100,0,224,200,56,56,0,-13,-42,0,1,100,0,680,344,56,56,0,-35,-43,0,0,100,0,360,152,48,48,0,-36,-43,0,0,100,0,592,0,32,24,0,-35,-50,0,0,100,0,704,136,64,56,0,-51,-15,0,0,100,0,0,256,96,32,0,
0,19,-200,-128,0,1,25,180,1024,824,208,208,0,-124,-80,0,1,50,0,1440,920,96,96,0,-184,-40,1,1,50,0,1336,600,104,64,0,-80,-40,0,1,50,0,1336,600,104,64,0,-168,-80,0,1,50,0,1184,440,80,80,0,-104,-104,0,1,50,0,1424,440,80,80,0,-104,-56,0,1,50,0,1184,440,80,80,0,-180,-43,0,1,50,0,0,928,208,72,0,-93,-24,0,1,50,0,32,744,24,32,0,-113,-45,0,1,50,0,32,744,24,32,0,-90,-62,0,1,50,0,0,744,32,32,0,-92,-45,0,1,50,0,0,744,32,32,0,-112,-48,0,1,50,0,0,688,56,56,0,-13,-42,0,0,100,0,224,200,56,56,0,-13,-42,0,1,100,0,680,344,56,56,0,-35,-43,0,0,100,0,360,152,48,48,0,-36,-43,0,0,100,0,592,0,32,24,0,-35,-50,0,0,100,0,704,136,64,56,0,-51,-15,0,0,100,0,0,256,96,32,0,
0,6,-13,-42,0,0,100,0,224,200,56,56,0,-13,-42,0,1,100,0,680,344,56,56,0,-35,-43,0,0,100,0,360,152,48,48,0,-36,-43,0,0,100,0,592,0,32,24,0,-35,-50,0,0,100,0,704,136,64,56,0,-51,-15,0,0,100,0,0,256,96,32,0,
0,6,-13,-42,0,0,100,0,224,200,56,56,0,-13,-42,0,1,100,0,680,344,56,56,0,-35,-43,0,0,100,0,360,152,48,48,0,-36,-43,0,0,100,0,592,0,32,24,0,-35,-50,0,0,100,0,704,136,64,56,0,-51,-15,0,0,100,0,0,256,96,32,0,
0,6,-13,-42,0,0,100,0,224,200,56,56,0,-13,-42,0,1,100,0,680,344,56,56,0,-35,-43,0,0,100,0,360,152,48,48,0,-36,-43,0,0,100,0,592,0,32,24,0,-35,-50,0,0,100,0,704,136,64,56,0,-51,-15,0,0,100,0,0,256,96,32,0,
0,6,-13,-42,0,0,100,0,224,200,56,56,0,-13,-42,0,1,100,0,680,344,56,56,0,-35,-43,0,0,100,0,360,152,48,48,0,-36,-43,0,0,100,0,592,0,32,24,0,-35,-50,0,0,100,0,704,136,64,56,0,-51,-15,0,0,100,0,0,256,96,32,0,
0,6,-13,-42,0,0,100,0,224,200,56,56,0,-13,-42,0,1,100,0,680,344,56,56,0,-35,-43,0,0,100,0,360,152,48,48,0,-36,-43,0,0,100,0,592,0,32,24,0,-35,-50,0,0,100,0,704,136,64,56,0,-51,-15,0,0,100,0,0,256,96,32,0,
0,6,-13,-42,0,0,100,0,224,200,56,56,0,-13,-42,0,1,100,0,680,344,56,56,0,-35,-43,0,0,100,0,360,152,48,48,0,-36,-43,0,0,100,0,592,0,32,24,0,-35,-50,0,0,100,0,704,136,64,56,0,-51,-15,0,0,100,0,0,256,96,32,0,
0,6,-13,-42,0,0,100,0,224,200,56,56,0,-13,-42,0,1,100,0,680,344,56,56,0,-35,-43,0,0,100,0,360,152,48,48,0,-36,-43,0,0,100,0,592,0,32,24,0,-35,-50,0,0,100,0,704,136,64,56,0,-51,-15,0,0,100,0,0,256,96,32,0,
0,6,-13,-42,0,0,100,0,224,200,56,56,0,-13,-42,0,1,100,0,680,344,56,56,0,-35,-43,0,0,100,0,360,152,48,48,0,-36,-43,0,0,100,0,592,0,32,24,0,-35,-50,0,0,100,0,704,136,64,56,0,-51,-15,0,0,100,0,0,256,96,32,0,
0,6,-13,-42,0,0,100,0,224,200,56,56,0,-13,-42,0,1,100,0,680,344,56,56,0,-35,-43,0,0,100,0,360,152,48,48,0,-36,-43,0,0,100,0,592,0,32,24,0,-35,-50,0,0,100,0,704,136,64,56,0,-51,-15,0,0,100,0,0,256,96,32,0,
0,6,-13,-42,0,0,100,0,224,200,56,56,0,-13,-42,0,1,100,0,680,344,56,56,0,-35,-43,0,0,100,0,360,152,48,48,0,-36,-43,0,0,100,0,592,0,32,24,0,-35,-50,0,0,100,0,704,136,64,56,0,-51,-15,0,0,100,0,0,256,96,32,0,
0,6,-14,-41,0,0,100,0,224,200,56,56,0,-14,-41,0,1,100,0,680,344,56,56,0,-35,-44,0,0,100,0,312,152,48,48,0,-36,-44,0,0,100,0,592,0,32,24,0,-35,-50,0,0,100,0,640,136,64,56,0,-51,-15,0,0,100,0,0,256,96,32,0,
0,10,-8,-40,0,0,100,0,256,1120,32,32,0,-24,-32,0,0,100,0,256,1096,24,24,0,-16,-24,0,0,100,0,288,1112,48,16,0,-20,-29,0,1,100,0,280,1088,56,24,0,-32,-56,0,0,100,0,200,1088,56,64,0,-40,-62,0,1,50,0,1288,80,88,72,0,-34,-37,0,1,50,0,96,320,32,32,0,-35,-57,0,1,50,0,352,288,72,64,0,-24,-24,0,1,100,0,1224,48,48,32,0,-49,-15,0,0,100,0,0,256,96,32,0,
0,0,
0,0,
0,0,
0,0,
0,0,
0,0,
0,0,
0,0,
0,0,
0,0,
0,0,
0,0,
0,0,
0,0,
0,0,
0,0,
0,0,
0,0,
0,0,
0,0,
0,0,
0,0,
0,0,
0,0,
0,0,
0,0,
0,0,
0,0,
0,0,
0,0,
