0,29,105,-56,0,0,100,0,1280,864,56,48,0,137,-56,0,0,100,0,1336,864,40,48,0,160,-58,0,0,100,0,1280,792,64,72,0,145,-82,0,0,100,0,464,432,48,48,0,96,-122,0,0,100,0,1440,1048,160,136,0,153,-82,0,0,100,0,608,432,32,48,0,144,-66,0,0,100,0,1472,792,64,72,0,144,-18,0,0,100,0,1520,16,80,32,0,-80,-48,0,1,100,0,320,72,160,80,0,-64,-51,0,0,100,0,144,264,56,48,0,-34,-51,0,0,100,0,200,264,40,48,0,-16,-58,0,0,100,0,0,360,64,72,0,-8,-50,0,0,100,0,144,312,40,40,0,-32,-76,0,0,100,0,0,0,48,48,0,-73,-84,0,0,100,0,0,264,144,96,0,-73,-58,0,0,100,0,184,312,56,40,0,-49,-60,0,0,100,0,240,264,40,48,0,-33,-66,0,0,100,0,192,0,32,32,0,-42,-66,0,0,100,0,0,432,64,72,0,-80,-32,0,1,100,0,960,0,160,64,0,-80,-56,0,1,100,0,320,0,160,72,0,-32,-18,0,0,65,0,1360,16,80,32,0,-224,-48,0,1,100,0,640,216,112,72,0,-225,-64,0,0,100,0,0,0,80,72,0,-224,-48,0,1,100,0,640,72,112,72,0,-229,-114,0,0,100,0,640,288,112,120,0,-224,-64,0,1,100,0,640,144,112,72,0,-224,-48,0,1,100,0,640,0,112,72,0,-216,-18,0,0,100,0,1520,16,80,32,0,
0,22,-80,-48,0,1,100,0,320,72,160,80,0,-64,-51,0,0,100,0,144,264,56,48,0,-34,-51,0,0,100,0,200,264,40,48,0,-5,-15,0,0,100,0,1008,504,40,24,0,11,-18,0,0,100,0,1040,424,24,24,0,8,-42,0,0,100,0,1008,424,32,40,0,-8,-50,0,0,100,0,144,312,40,40,0,-32,-76,0,0,100,0,0,0,48,48,0,-41,-41,0,0,100,0,456,200,56,48,0,-1,-69,0,0,100,0,1096,424,64,40,0,-73,-84,0,0,100,0,0,264,144,96,0,-42,-46,0,0,100,0,632,304,48,48,0,-69,-58,0,0,100,0,632,352,48,40,0,-49,-60,0,0,100,0,240,264,40,48,0,-9,-78,0,0,100,0,1096,464,64,40,0,-33,-66,0,0,100,0,192,0,32,32,0,-34,-19,0,0,100,0,1008,528,40,24,0,-17,-25,0,0,100,0,1040,448,24,24,0,-16,-48,0,0,100,0,1008,464,32,40,0,-80,-32,0,1,100,0,960,0,160,64,0,-80,-56,0,1,100,0,320,0,160,72,0,-32,-18,0,0,65,0,1360,16,80,32,0,
0,23,-80,-48,0,1,100,0,480,72,160,80,0,-64,-49,0,0,100,0,144,264,56,48,0,-34,-49,0,0,100,0,200,264,40,48,0,-5,-15,0,0,100,0,1008,504,40,24,0,11,-18,0,0,100,0,1040,424,24,24,0,8,-41,0,0,100,0,1008,424,32,40,0,-8,-49,0,0,100,0,144,312,40,40,0,-32,-75,0,0,100,0,48,0,48,48,0,-40,-40,0,0,100,0,456,200,56,48,0,0,-68,0,0,100,0,1096,424,64,40,0,-73,-83,0,0,100,0,0,264,144,96,0,-43,-45,0,0,100,0,632,304,48,48,0,-70,-56,0,0,100,0,632,352,48,40,0,-50,-58,0,0,100,0,240,264,40,48,0,-10,-77,0,0,100,0,1096,464,64,40,0,-33,-65,0,0,100,0,280,0,32,32,0,-34,-19,0,0,100,0,1008,528,40,24,0,-17,-25,0,0,100,0,1040,448,24,24,0,-16,-47,0,0,100,0,1008,464,32,40,0,-80,-32,0,1,50,0,960,0,160,64,0,-80,-32,0,1,100,0,960,0,160,64,0,-80,-56,0,1,100,0,480,0,160,72,0,-32,-18,0,0,65,0,1360,16,80,32,0,
0,23,-80,-48,0,1,100,0,640,72,160,80,0,-65,-48,0,0,100,0,144,264,56,48,0,-35,-48,0,0,100,0,200,264,40,48,0,-5,-15,0,0,100,0,1008,504,40,24,0,10,-17,0,0,100,0,1040,424,24,24,0,7,-40,0,0,100,0,1008,424,32,40,0,-9,-48,0,0,100,0,144,312,40,40,0,-33,-75,0,0,100,0,96,0,48,48,0,-41,-40,0,0,100,0,456,200,56,48,0,-1,-67,0,0,100,0,1096,424,64,40,0,-74,-83,0,0,100,0,0,264,144,96,0,-44,-45,0,0,100,0,632,304,48,48,0,-71,-55,0,0,100,0,632,352,48,40,0,-51,-57,0,0,100,0,240,264,40,48,0,-11,-76,0,0,100,0,1096,464,64,40,0,-34,-65,0,0,100,0,280,0,32,32,0,-34,-19,0,0,100,0,1008,528,40,24,0,-18,-24,0,0,100,0,1040,448,24,24,0,-17,-46,0,0,100,0,1008,464,32,40,0,-80,-32,0,1,100,0,960,0,160,64,0,-80,-32,0,1,100,0,960,0,160,64,0,-80,-56,0,1,100,0,640,0,160,72,0,-32,-18,0,0,65,0,1360,16,80,32,0,
0,23,-80,-48,0,1,100,0,800,72,160,80,0,-65,-50,0,0,100,0,144,264,56,48,0,-35,-50,0,0,100,0,200,264,40,48,0,-5,-15,0,0,100,0,1008,504,40,24,0,10,-18,0,0,100,0,1040,424,24,24,0,7,-41,0,0,100,0,1008,424,32,40,0,-9,-49,0,0,100,0,144,312,40,40,0,-33,-76,0,0,100,0,144,0,48,48,0,-42,-41,0,0,100,0,456,200,56,48,0,-1,-69,0,0,100,0,1096,424,64,40,0,-74,-84,0,0,100,0,0,264,144,96,0,-43,-46,0,0,100,0,632,304,48,48,0,-71,-57,0,0,100,0,632,352,48,40,0,-51,-59,0,0,100,0,240,264,40,48,0,-11,-78,0,0,100,0,1096,464,64,40,0,-34,-66,0,0,100,0,192,0,32,32,0,-34,-19,0,0,100,0,1008,528,40,24,0,-18,-25,0,0,100,0,1040,448,24,24,0,-17,-47,0,0,100,0,1008,464,32,40,0,-80,-32,0,1,50,0,960,0,160,64,0,-80,-32,0,1,100,0,960,0,160,64,0,-80,-56,0,1,100,0,800,0,160,72,0,-32,-18,0,0,65,0,1360,16,80,32,0,
0,0,
0,21,-80,-48,0,1,100,0,320,72,160,80,0,-74,-66,0,0,100,0,280,264,64,48,0,-40,-62,0,0,100,0,200,264,40,48,0,-4,-15,0,0,100,0,1008,504,40,24,0,10,-18,0,0,100,0,1048,504,24,24,0,6,-44,0,0,100,0,1064,424,32,40,0,-14,-57,0,0,100,0,144,312,40,40,0,-31,-104,0,0,100,0,0,48,64,72,0,4,-70,0,0,100,0,1160,424,64,40,0,-41,-48,0,0,100,0,456,200,56,48,0,-58,-74,0,0,100,0,320,152,136,80,0,-52,-53,0,0,100,0,632,304,48,48,0,-80,-66,0,0,100,0,240,312,56,40,0,-55,-70,0,0,100,0,240,264,40,48,0,-12,-73,0,0,100,0,1160,464,64,40,0,-35,-19,0,0,100,0,1008,528,40,24,0,-18,-23,0,0,100,0,1048,528,24,24,0,-18,-50,0,0,100,0,1064,464,32,40,0,-80,-32,0,1,100,0,960,0,160,64,0,-80,-56,0,1,100,0,320,0,160,72,0,-32,-18,0,0,65,0,1360,16,80,32,0,
0,22,-80,-48,0,1,100,0,480,72,160,80,0,-73,-67,0,0,100,0,280,264,64,48,0,-39,-63,0,0,100,0,200,264,40,48,0,-4,-15,0,0,100,0,1008,504,40,24,0,10,-17,0,0,100,0,1048,504,24,24,0,7,-43,0,0,100,0,1064,424,32,40,0,-13,-57,0,0,100,0,144,312,40,40,0,-30,-103,0,0,100,0,64,48,64,72,0,5,-70,0,0,100,0,1160,424,64,40,0,-40,-48,0,0,100,0,456,200,56,48,0,-57,-73,0,0,100,0,320,152,136,80,0,-51,-54,0,0,100,0,632,304,48,48,0,-79,-67,0,0,100,0,240,312,56,40,0,-54,-71,0,0,100,0,240,264,40,48,0,-13,-73,0,0,100,0,1160,464,64,40,0,-35,-19,0,0,100,0,1008,528,40,24,0,-18,-22,0,0,100,0,1048,528,24,24,0,-17,-49,0,0,100,0,1064,464,32,40,0,-80,-32,0,1,50,0,960,0,160,64,0,-80,-32,0,1,100,0,960,0,160,64,0,-80,-56,0,1,100,0,480,0,160,72,0,-32,-18,0,0,65,0,1360,16,80,32,0,
0,22,-80,-48,0,1,100,0,640,72,160,80,0,-72,-66,0,0,100,0,280,264,64,48,0,-38,-62,0,0,100,0,200,264,40,48,0,-4,-15,0,0,100,0,1008,504,40,24,0,10,-17,0,0,100,0,1048,504,24,24,0,7,-42,0,0,100,0,1064,424,32,40,0,-13,-56,0,0,100,0,144,312,40,40,0,-30,-102,0,0,100,0,128,48,64,72,0,5,-69,0,0,100,0,1160,424,64,40,0,-40,-47,0,0,100,0,456,200,56,48,0,-57,-72,0,0,100,0,320,152,136,80,0,-51,-53,0,0,100,0,632,304,48,48,0,-79,-66,0,0,100,0,240,312,56,40,0,-54,-70,0,0,100,0,240,264,40,48,0,-13,-72,0,0,100,0,1160,464,64,40,0,-35,-19,0,0,100,0,1008,528,40,24,0,-18,-22,0,0,100,0,1048,528,24,24,0,-17,-48,0,0,100,0,1064,464,32,40,0,-80,-32,0,1,100,0,960,0,160,64,0,-80,-32,0,1,100,0,960,0,160,64,0,-80,-56,0,1,100,0,640,0,160,72,0,-32,-18,0,0,65,0,1360,16,80,32,0,
0,22,-80,-48,0,1,100,0,800,72,160,80,0,-73,-65,0,0,100,0,280,264,64,48,0,-39,-61,0,0,100,0,200,264,40,48,0,-4,-15,0,0,100,0,1008,504,40,24,0,10,-17,0,0,100,0,1048,504,24,24,0,6,-43,0,0,100,0,1064,424,32,40,0,-14,-56,0,0,100,0,144,312,40,40,0,-31,-103,0,0,100,0,192,48,64,72,0,4,-69,0,0,100,0,1160,424,64,40,0,-41,-47,0,0,100,0,456,200,56,48,0,-58,-73,0,0,100,0,320,152,136,80,0,-52,-52,0,0,100,0,632,304,48,48,0,-80,-65,0,0,100,0,240,312,56,40,0,-55,-69,0,0,100,0,240,264,40,48,0,-13,-72,0,0,100,0,1160,464,64,40,0,-35,-19,0,0,100,0,1008,528,40,24,0,-18,-22,0,0,100,0,1048,528,24,24,0,-18,-49,0,0,100,0,1064,464,32,40,0,-80,-32,0,1,50,0,960,0,160,64,0,-80,-32,0,1,100,0,960,0,160,64,0,-80,-56,0,1,100,0,800,0,160,72,0,-32,-18,0,0,65,0,1360,16,80,32,0,
0,0,
0,19,-43,-89,0,1,100,0,960,96,48,48,0,-36,-81,0,1,100,0,960,64,32,32,0,-80,-48,0,1,100,0,320,72,160,80,0,-61,-51,0,0,100,0,144,264,56,48,0,-31,-51,0,0,100,0,200,264,40,48,0,-14,-58,0,0,100,0,0,360,64,72,0,-7,-50,0,0,100,0,144,312,40,40,0,-34,-98,0,0,100,0,0,120,64,72,0,2,-69,0,0,100,0,1096,424,64,40,0,-37,-41,0,0,100,0,456,200,56,48,0,-70,-84,0,0,100,0,0,264,144,96,0,-42,-47,0,0,100,0,632,304,48,48,0,-6,-78,0,0,100,0,1096,464,64,40,0,-70,-58,0,0,100,0,184,312,56,40,0,-46,-60,0,0,100,0,240,264,40,48,0,-44,-66,0,0,100,0,0,432,64,72,0,-80,-32,0,1,100,0,960,0,160,64,0,-80,-56,0,1,100,0,320,0,160,72,0,-32,-18,0,0,65,0,1360,16,80,32,0,
0,20,-43,-89,0,1,100,0,1008,96,48,48,0,-36,-81,0,1,100,0,992,64,32,32,0,-80,-48,0,1,100,0,480,72,160,80,0,-61,-51,0,0,100,0,144,264,56,48,0,-31,-51,0,0,100,0,200,264,40,48,0,-14,-58,0,0,100,0,0,360,64,72,0,-7,-50,0,0,100,0,144,312,40,40,0,-34,-98,0,0,100,0,64,120,64,72,0,2,-69,0,0,100,0,1096,424,64,40,0,-37,-41,0,0,100,0,456,200,56,48,0,-70,-84,0,0,100,0,0,264,144,96,0,-42,-47,0,0,100,0,632,304,48,48,0,-6,-78,0,0,100,0,1096,464,64,40,0,-70,-58,0,0,100,0,184,312,56,40,0,-46,-60,0,0,100,0,240,264,40,48,0,-44,-66,0,0,100,0,0,432,64,72,0,-80,-32,0,1,50,0,960,0,160,64,0,-80,-32,0,1,100,0,960,0,160,64,0,-80,-56,0,1,100,0,480,0,160,72,0,-32,-18,0,0,65,0,1360,16,80,32,0,
0,20,-43,-89,0,1,100,0,1056,96,48,48,0,-36,-81,0,1,100,0,1024,64,32,32,0,-80,-48,0,1,100,0,640,72,160,80,0,-61,-51,0,0,100,0,144,264,56,48,0,-31,-51,0,0,100,0,200,264,40,48,0,-14,-58,0,0,100,0,0,360,64,72,0,-7,-50,0,0,100,0,144,312,40,40,0,-34,-98,0,0,100,0,128,120,64,72,0,2,-69,0,0,100,0,1096,424,64,40,0,-37,-41,0,0,100,0,456,200,56,48,0,-70,-84,0,0,100,0,0,264,144,96,0,-42,-47,0,0,100,0,632,304,48,48,0,-6,-78,0,0,100,0,1096,464,64,40,0,-70,-58,0,0,100,0,184,312,56,40,0,-46,-60,0,0,100,0,240,264,40,48,0,-44,-66,0,0,100,0,0,432,64,72,0,-80,-32,0,1,100,0,960,0,160,64,0,-80,-32,0,1,100,0,960,0,160,64,0,-80,-56,0,1,100,0,640,0,160,72,0,-32,-18,0,0,65,0,1360,16,80,32,0,
0,20,-43,-89,0,1,100,0,1104,96,48,48,0,-36,-81,0,1,100,0,1056,64,32,32,0,-80,-48,0,1,100,0,800,72,160,80,0,-61,-51,0,0,100,0,144,264,56,48,0,-31,-51,0,0,100,0,200,264,40,48,0,-14,-58,0,0,100,0,0,360,64,72,0,-7,-50,0,0,100,0,144,312,40,40,0,-34,-98,0,0,100,0,192,120,64,72,0,2,-69,0,0,100,0,1096,424,64,40,0,-37,-41,0,0,100,0,456,200,56,48,0,-70,-84,0,0,100,0,0,264,144,96,0,-42,-47,0,0,100,0,632,304,48,48,0,-6,-78,0,0,100,0,1096,464,64,40,0,-70,-58,0,0,100,0,184,312,56,40,0,-46,-60,0,0,100,0,240,264,40,48,0,-44,-66,0,0,100,0,0,432,64,72,0,-80,-32,0,1,50,0,960,0,160,64,0,-80,-32,0,1,100,0,960,0,160,64,0,-80,-56,0,1,100,0,800,0,160,72,0,-32,-18,0,0,65,0,1360,16,80,32,0,
0,0,
0,17,-33,-113,0,1,100,0,960,96,48,48,0,-25,-105,0,1,100,0,960,64,32,32,0,-80,-48,0,1,100,0,320,72,160,80,0,-59,-60,0,0,100,0,344,232,56,48,0,-31,-57,0,0,100,0,352,320,40,40,0,-13,-58,0,0,100,0,0,360,64,72,0,-6,-50,0,0,100,0,144,312,40,40,0,-26,-102,0,0,100,0,0,192,64,72,0,-35,-45,0,0,100,0,456,200,56,48,0,-45,-82,0,0,100,0,536,400,120,88,0,-39,-51,0,0,100,0,632,304,48,48,0,-67,-63,0,0,100,0,184,312,56,40,0,-39,-61,0,0,100,0,352,280,40,40,0,-42,-66,0,0,100,0,0,432,64,72,0,-80,-32,0,1,100,0,960,0,160,64,0,-80,-56,0,1,100,0,320,0,160,72,0,-32,-18,0,0,65,0,1360,16,80,32,0,
0,18,-33,-113,0,1,100,0,1008,96,48,48,0,-25,-105,0,1,100,0,992,64,32,32,0,-80,-48,0,1,100,0,480,72,160,80,0,-59,-60,0,0,100,0,344,232,56,48,0,-31,-57,0,0,100,0,352,320,40,40,0,-13,-58,0,0,100,0,0,360,64,72,0,-6,-50,0,0,100,0,144,312,40,40,0,-26,-102,0,0,100,0,64,192,64,72,0,-35,-45,0,0,100,0,456,200,56,48,0,-45,-82,0,0,100,0,536,400,120,88,0,-39,-51,0,0,100,0,632,304,48,48,0,-67,-63,0,0,100,0,184,312,56,40,0,-39,-61,0,0,100,0,352,280,40,40,0,-42,-66,0,0,100,0,0,432,64,72,0,-80,-32,0,1,50,0,960,0,160,64,0,-80,-32,0,1,100,0,960,0,160,64,0,-80,-56,0,1,100,0,480,0,160,72,0,-32,-18,0,0,65,0,1360,16,80,32,0,
0,18,-33,-113,0,1,100,0,1056,96,48,48,0,-25,-105,0,1,100,0,1024,64,32,32,0,-80,-48,0,1,100,0,640,72,160,80,0,-59,-60,0,0,100,0,344,232,56,48,0,-31,-57,0,0,100,0,352,320,40,40,0,-13,-58,0,0,100,0,0,360,64,72,0,-6,-50,0,0,100,0,144,312,40,40,0,-26,-102,0,0,100,0,128,192,64,72,0,-35,-45,0,0,100,0,456,200,56,48,0,-45,-82,0,0,100,0,536,400,120,88,0,-39,-51,0,0,100,0,632,304,48,48,0,-67,-63,0,0,100,0,184,312,56,40,0,-39,-61,0,0,100,0,352,280,40,40,0,-42,-66,0,0,100,0,0,432,64,72,0,-80,-32,0,1,100,0,960,0,160,64,0,-80,-32,0,1,100,0,960,0,160,64,0,-80,-56,0,1,100,0,640,0,160,72,0,-32,-18,0,0,65,0,1360,16,80,32,0,
0,18,-33,-113,0,1,100,0,1104,96,48,48,0,-25,-105,0,1,100,0,1056,64,32,32,0,-80,-48,0,1,100,0,800,72,160,80,0,-59,-60,0,0,100,0,344,232,56,48,0,-31,-57,0,0,100,0,352,320,40,40,0,-13,-58,0,0,100,0,0,360,64,72,0,-6,-50,0,0,100,0,144,312,40,40,0,-26,-102,0,0,100,0,192,192,64,72,0,-35,-45,0,0,100,0,456,200,56,48,0,-45,-82,0,0,100,0,536,400,120,88,0,-39,-51,0,0,100,0,632,304,48,48,0,-67,-63,0,0,100,0,184,312,56,40,0,-39,-61,0,0,100,0,352,280,40,40,0,-42,-66,0,0,100,0,0,432,64,72,0,-80,-32,0,1,50,0,960,0,160,64,0,-80,-32,0,1,100,0,960,0,160,64,0,-80,-56,0,1,100,0,800,0,160,72,0,-32,-18,0,0,65,0,1360,16,80,32,0,
0,0,
0,12,-66,-53,0,0,100,0,400,232,56,48,0,-43,-57,0,0,100,0,352,320,40,40,0,-13,-63,0,0,100,0,256,360,64,72,0,-19,-60,0,0,100,0,144,312,40,40,0,-48,-108,0,0,100,0,256,48,64,72,0,-46,-56,0,0,100,0,456,200,56,48,0,-53,-100,0,0,100,0,448,504,128,96,0,-47,-61,0,0,100,0,632,304,48,48,0,-80,-66,0,0,100,0,296,312,56,48,0,-56,-68,0,0,100,0,352,280,40,40,0,-40,-67,0,0,100,0,256,432,64,72,0,-32,-18,0,0,65,0,1360,16,80,32,0,
0,0,
0,11,-66,-53,0,0,100,0,400,232,56,48,0,-43,-57,0,0,100,0,352,320,40,40,0,-13,-63,0,0,100,0,256,360,64,72,0,-19,-60,0,0,100,0,144,312,40,40,0,-48,-108,0,0,100,0,256,48,64,72,0,-46,-56,0,0,100,0,456,200,56,48,0,-53,-100,0,0,100,0,448,504,128,96,0,-47,-61,0,0,100,0,632,304,48,48,0,-80,-66,0,0,100,0,296,312,56,48,0,-56,-68,0,0,100,0,352,280,40,40,0,-40,-67,0,0,100,0,256,432,64,72,0,
0,0,
0,2,-32,-54,0,0,100,0,256,120,64,72,0,-24,-8,0,0,65,0,1392,0,48,16,0,
0,0,
0,2,-30,-48,0,0,100,0,256,192,64,72,0,-24,-8,0,0,65,0,1392,0,48,16,0,
0,0,
0,18,-74,-66,0,0,100,0,280,264,64,48,0,-40,-62,0,0,100,0,200,264,40,48,0,-4,-15,0,0,100,0,1008,504,40,24,0,10,-18,0,0,100,0,1048,504,24,24,0,6,-44,0,0,100,0,1064,424,32,40,0,-14,-57,0,0,100,0,144,312,40,40,0,-31,-104,0,0,100,0,0,624,64,72,0,4,-70,0,0,100,0,1160,424,64,40,0,-41,-48,0,0,100,0,456,200,56,48,0,-58,-74,0,0,100,0,320,152,136,80,0,-52,-53,0,0,100,0,632,304,48,48,0,-80,-66,0,0,100,0,240,312,56,40,0,-55,-70,0,0,100,0,240,264,40,48,0,-12,-73,0,0,100,0,1160,464,64,40,0,-35,-19,0,0,100,0,1008,528,40,24,0,-18,-23,0,0,100,0,1048,528,24,24,0,-18,-50,0,0,100,0,1064,464,32,40,0,-32,-18,0,0,65,0,1360,16,80,32,0,
0,18,-74,-65,0,0,100,0,280,264,64,48,0,-40,-61,0,0,100,0,200,264,40,48,0,-4,-15,0,0,100,0,1008,504,40,24,0,10,-18,0,0,100,0,1048,504,24,24,0,6,-43,0,0,100,0,1064,424,32,40,0,-14,-56,0,0,100,0,144,312,40,40,0,-32,-103,0,0,100,0,64,624,64,72,0,3,-69,0,0,100,0,1160,424,64,40,0,-41,-47,0,0,100,0,456,200,56,48,0,-59,-73,0,0,100,0,320,152,136,80,0,-52,-52,0,0,100,0,632,304,48,48,0,-80,-65,0,0,100,0,240,312,56,40,0,-55,-69,0,0,100,0,240,264,40,48,0,-13,-72,0,0,100,0,1160,464,64,40,0,-35,-19,0,0,100,0,1008,528,40,24,0,-18,-23,0,0,100,0,1048,528,24,24,0,-18,-49,0,0,100,0,1064,464,32,40,0,-32,-18,0,0,65,0,1360,16,80,32,0,
0,18,-76,-64,0,0,100,0,280,264,64,48,0,-42,-60,0,0,100,0,200,264,40,48,0,-4,-15,0,0,100,0,1008,504,40,24,0,9,-18,0,0,100,0,1048,504,24,24,0,5,-43,0,0,100,0,1064,424,32,40,0,-15,-56,0,0,100,0,144,312,40,40,0,-33,-103,0,0,100,0,128,624,64,72,0,2,-69,0,0,100,0,1160,424,64,40,0,-42,-46,0,0,100,0,456,200,56,48,0,-60,-73,0,0,100,0,320,152,136,80,0,-53,-51,0,0,100,0,632,304,48,48,0,-82,-64,0,0,100,0,240,312,56,40,0,-57,-68,0,0,100,0,240,264,40,48,0,-14,-72,0,0,100,0,1160,464,64,40,0,-35,-19,0,0,100,0,1008,528,40,24,0,-19,-23,0,0,100,0,1048,528,24,24,0,-19,-49,0,0,100,0,1064,464,32,40,0,-32,-18,0,0,65,0,1360,16,80,32,0,
0,18,-74,-69,0,0,100,0,280,264,64,48,0,-40,-65,0,0,100,0,200,264,40,48,0,-3,-15,0,0,100,0,1008,504,40,24,0,10,-18,0,0,100,0,1048,504,24,24,0,6,-44,0,0,100,0,1064,424,32,40,0,-14,-58,0,0,100,0,144,312,40,40,0,-31,-107,0,0,100,0,192,624,64,72,0,4,-73,0,0,100,0,1160,424,64,40,0,-42,-49,0,0,100,0,456,200,56,48,0,-58,-77,0,0,100,0,320,152,136,80,0,-53,-54,0,0,100,0,632,304,48,48,0,-80,-69,0,0,100,0,240,312,56,40,0,-55,-73,0,0,100,0,240,264,40,48,0,-12,-76,0,0,100,0,1160,464,64,40,0,-36,-19,0,0,100,0,1008,528,40,24,0,-18,-23,0,0,100,0,1048,528,24,24,0,-18,-50,0,0,100,0,1064,464,32,40,0,-32,-18,0,0,65,0,1360,16,80,32,0,
0,18,-73,-70,0,0,100,0,280,264,64,48,0,-39,-66,0,0,100,0,200,264,40,48,0,-3,-15,0,0,100,0,1008,504,40,24,0,11,-18,0,0,100,0,1048,504,24,24,0,7,-45,0,0,100,0,1064,424,32,40,0,-13,-58,0,0,100,0,144,312,40,40,0,-30,-107,0,0,100,0,192,624,64,72,0,5,-72,0,0,100,0,1160,424,64,40,0,-41,-49,0,0,100,0,456,200,56,48,0,-57,-77,0,0,100,0,320,152,136,80,0,-52,-54,0,0,100,0,632,304,48,48,0,-79,-70,0,0,100,0,240,312,56,40,0,-54,-74,0,0,100,0,240,264,40,48,0,-11,-75,0,0,100,0,1160,464,64,40,0,-36,-19,0,0,100,0,1008,528,40,24,0,-18,-23,0,0,100,0,1048,528,24,24,0,-18,-51,0,0,100,0,1064,464,32,40,0,-32,-18,0,0,65,0,1360,16,80,32,0,
0,18,-85,-75,0,1,100,0,1656,424,48,72,0,-63,-60,0,0,100,0,344,232,56,48,0,-35,-57,0,0,100,0,352,320,40,40,0,-1,-15,0,0,100,0,1008,504,40,24,0,13,-18,0,0,100,0,1048,504,24,24,0,8,-43,0,0,100,0,1064,424,32,40,0,-10,-53,0,0,100,0,144,312,40,40,0,-34,-103,0,0,100,0,256,624,64,72,0,-35,-45,0,0,100,0,456,200,56,48,0,-45,-82,0,0,100,0,536,400,120,88,0,-23,-65,0,0,100,0,224,0,32,24,0,-39,-51,0,0,100,0,632,304,48,48,0,-71,-63,0,0,100,0,184,312,56,40,0,-43,-61,0,0,100,0,352,280,40,40,0,-38,-19,0,0,100,0,1008,528,40,24,0,-20,-23,0,0,100,0,1048,528,24,24,0,-20,-49,0,0,100,0,1064,464,32,40,0,-32,-18,0,0,65,0,1360,16,80,32,0,
0,22,-285,-96,0,1,100,0,1544,424,112,112,0,-460,-56,0,1,100,0,1416,568,104,32,0,-317,-56,0,1,100,0,1416,568,104,32,0,-172,-56,0,1,100,0,1416,568,104,32,0,-117,-73,0,1,100,0,1704,424,88,72,0,-61,-60,0,0,100,0,344,232,56,48,0,-34,-57,0,0,100,0,352,320,40,40,0,-1,-15,0,0,100,0,1008,504,40,24,0,13,-17,0,0,100,0,1048,504,24,24,0,9,-43,0,0,100,0,1064,424,32,40,0,-9,-53,0,0,100,0,144,312,40,40,0,-33,-103,0,0,100,0,320,624,64,72,0,-34,-45,0,0,100,0,456,200,56,48,0,-44,-82,0,0,100,0,536,400,120,88,0,-23,-65,0,0,100,0,224,0,32,24,0,-38,-51,0,0,100,0,632,304,48,48,0,-69,-63,0,0,100,0,184,312,56,40,0,-42,-61,0,0,100,0,352,280,40,40,0,-38,-19,0,0,100,0,1008,528,40,24,0,-20,-22,0,0,100,0,1048,528,24,24,0,-19,-49,0,0,100,0,1064,464,32,40,0,-32,-18,0,0,65,0,1360,16,80,32,0,
0,26,-282,-123,0,1,100,0,768,624,136,144,0,-304,-114,0,1,100,0,1400,424,144,144,0,-446,-42,0,1,100,0,1416,568,104,32,0,-304,-42,0,1,100,0,1416,568,104,32,0,-159,-42,0,1,100,0,1416,568,104,32,0,-548,-56,0,1,100,0,1416,568,104,32,0,-405,-56,0,1,100,0,1416,568,104,32,0,-260,-56,0,1,100,0,1416,568,104,32,0,-96,-76,0,1,100,0,1656,424,48,72,0,-63,-60,0,0,100,0,344,232,56,48,0,-35,-57,0,0,100,0,352,320,40,40,0,-1,-15,0,0,100,0,1008,504,40,24,0,13,-18,0,0,100,0,1048,504,24,24,0,8,-43,0,0,100,0,1064,424,32,40,0,-10,-53,0,0,100,0,144,312,40,40,0,-34,-103,0,0,100,0,256,624,64,72,0,-35,-45,0,0,100,0,456,200,56,48,0,-45,-82,0,0,100,0,536,400,120,88,0,-23,-65,0,0,100,0,224,0,32,24,0,-39,-51,0,0,100,0,632,304,48,48,0,-71,-63,0,0,100,0,184,312,56,40,0,-43,-61,0,0,100,0,352,280,40,40,0,-38,-19,0,0,100,0,1008,528,40,24,0,-20,-23,0,0,100,0,1048,528,24,24,0,-20,-49,0,0,100,0,1064,464,32,40,0,-32,-18,0,0,65,0,1360,16,80,32,0,
0,26,-246,-119,0,1,100,0,1544,424,112,112,0,-308,-148,0,1,100,0,576,624,192,192,0,-450,-65,0,1,100,0,1416,568,104,32,0,-303,-67,0,1,100,0,1416,568,104,32,0,-158,-67,0,1,100,0,1416,568,104,32,0,-538,-42,0,1,100,0,1416,568,104,32,0,-392,-42,0,1,100,0,1416,568,104,32,0,-247,-42,0,1,100,0,1416,568,104,32,0,-128,-74,0,1,100,0,1704,424,88,72,0,-61,-60,0,0,100,0,344,232,56,48,0,-34,-57,0,0,100,0,352,320,40,40,0,-1,-15,0,0,100,0,1008,504,40,24,0,13,-17,0,0,100,0,1048,504,24,24,0,9,-43,0,0,100,0,1064,424,32,40,0,-9,-53,0,0,100,0,144,312,40,40,0,-33,-103,0,0,100,0,320,624,64,72,0,-34,-45,0,0,100,0,456,200,56,48,0,-44,-82,0,0,100,0,536,400,120,88,0,-23,-65,0,0,100,0,224,0,32,24,0,-38,-51,0,0,100,0,632,304,48,48,0,-69,-63,0,0,100,0,184,312,56,40,0,-42,-61,0,0,100,0,352,280,40,40,0,-38,-19,0,0,100,0,1008,528,40,24,0,-20,-22,0,0,100,0,1048,528,24,24,0,-19,-49,0,0,100,0,1064,464,32,40,0,-32,-18,0,0,65,0,1360,16,80,32,0,
0,26,-243,-146,0,1,100,0,768,624,136,144,0,-265,-137,0,1,100,0,1400,424,144,144,0,-471,-54,0,1,100,0,1416,568,104,32,0,-327,-54,0,1,100,0,1416,568,104,32,0,-182,-54,0,1,100,0,1416,568,104,32,0,-543,-68,0,1,100,0,1416,568,104,32,0,-395,-68,0,1,100,0,1416,568,104,32,0,-250,-68,0,1,100,0,1416,568,104,32,0,-88,-83,0,1,100,0,1656,424,48,72,0,-63,-60,0,0,100,0,344,232,56,48,0,-35,-57,0,0,100,0,352,320,40,40,0,-1,-15,0,0,100,0,1008,504,40,24,0,13,-18,0,0,100,0,1048,504,24,24,0,8,-43,0,0,100,0,1064,424,32,40,0,-10,-53,0,0,100,0,144,312,40,40,0,-34,-103,0,0,100,0,256,624,64,72,0,-35,-45,0,0,100,0,456,200,56,48,0,-45,-82,0,0,100,0,536,400,120,88,0,-23,-65,0,0,100,0,224,0,32,24,0,-39,-51,0,0,100,0,632,304,48,48,0,-71,-63,0,0,100,0,184,312,56,40,0,-43,-61,0,0,100,0,352,280,40,40,0,-38,-19,0,0,100,0,1008,528,40,24,0,-20,-23,0,0,100,0,1048,528,24,24,0,-20,-49,0,0,100,0,1064,464,32,40,0,-32,-18,0,0,65,0,1360,16,80,32,0,
0,26,-327,-79,0,1,100,0,1544,424,112,112,0,-269,-171,0,1,100,0,576,624,192,192,0,-451,-69,0,1,100,0,1416,568,104,32,0,-304,-69,0,1,100,0,1416,568,104,32,0,-159,-69,0,1,100,0,1416,568,104,32,0,-546,-54,0,1,100,0,1416,568,104,32,0,-404,-54,0,1,100,0,1416,568,104,32,0,-259,-54,0,1,100,0,1416,568,104,32,0,-120,-81,0,1,100,0,1704,424,88,72,0,-61,-60,0,0,100,0,344,232,56,48,0,-34,-57,0,0,100,0,352,320,40,40,0,-1,-15,0,0,100,0,1008,504,40,24,0,13,-17,0,0,100,0,1048,504,24,24,0,9,-43,0,0,100,0,1064,424,32,40,0,-9,-53,0,0,100,0,144,312,40,40,0,-33,-103,0,0,100,0,320,624,64,72,0,-34,-45,0,0,100,0,456,200,56,48,0,-44,-82,0,0,100,0,536,400,120,88,0,-23,-65,0,0,100,0,224,0,32,24,0,-38,-51,0,0,100,0,632,304,48,48,0,-69,-63,0,0,100,0,184,312,56,40,0,-42,-61,0,0,100,0,352,280,40,40,0,-38,-19,0,0,100,0,1008,528,40,24,0,-20,-22,0,0,100,0,1048,528,24,24,0,-19,-49,0,0,100,0,1064,464,32,40,0,-32,-18,0,0,65,0,1360,16,80,32,0,
0,26,-324,-106,0,1,100,0,768,624,136,144,0,-346,-97,0,1,100,0,1400,424,144,144,0,-455,-50,0,1,100,0,1416,568,104,32,0,-310,-50,0,1,100,0,1416,568,104,32,0,-165,-50,0,1,100,0,1416,568,104,32,0,-542,-69,0,1,100,0,1416,568,104,32,0,-395,-69,0,1,100,0,1416,568,104,32,0,-250,-69,0,1,100,0,1416,568,104,32,0,-97,-74,0,1,100,0,1656,424,48,72,0,-63,-60,0,0,100,0,344,232,56,48,0,-35,-57,0,0,100,0,352,320,40,40,0,-1,-15,0,0,100,0,1008,504,40,24,0,13,-18,0,0,100,0,1048,504,24,24,0,8,-43,0,0,100,0,1064,424,32,40,0,-10,-53,0,0,100,0,144,312,40,40,0,-34,-103,0,0,100,0,256,624,64,72,0,-35,-45,0,0,100,0,456,200,56,48,0,-45,-82,0,0,100,0,536,400,120,88,0,-23,-65,0,0,100,0,224,0,32,24,0,-39,-51,0,0,100,0,632,304,48,48,0,-71,-63,0,0,100,0,184,312,56,40,0,-43,-61,0,0,100,0,352,280,40,40,0,-38,-19,0,0,100,0,1008,528,40,24,0,-20,-23,0,0,100,0,1048,528,24,24,0,-20,-49,0,0,100,0,1064,464,32,40,0,-32,-18,0,0,65,0,1360,16,80,32,0,
0,26,-260,-92,0,1,100,0,1544,424,112,112,0,-350,-131,0,1,100,0,576,624,192,192,0,-452,-39,0,1,100,0,1416,568,104,32,0,-306,-39,0,1,100,0,1416,568,104,32,0,-161,-39,0,1,100,0,1416,568,104,32,0,-547,-50,0,1,100,0,1416,568,104,32,0,-404,-50,0,1,100,0,1416,568,104,32,0,-259,-50,0,1,100,0,1416,568,104,32,0,-129,-72,0,1,100,0,1704,424,88,72,0,-61,-60,0,0,100,0,344,232,56,48,0,-34,-57,0,0,100,0,352,320,40,40,0,-1,-15,0,0,100,0,1008,504,40,24,0,13,-17,0,0,100,0,1048,504,24,24,0,9,-43,0,0,100,0,1064,424,32,40,0,-9,-53,0,0,100,0,144,312,40,40,0,-33,-103,0,0,100,0,320,624,64,72,0,-34,-45,0,0,100,0,456,200,56,48,0,-44,-82,0,0,100,0,536,400,120,88,0,-23,-65,0,0,100,0,224,0,32,24,0,-38,-51,0,0,100,0,632,304,48,48,0,-69,-63,0,0,100,0,184,312,56,40,0,-42,-61,0,0,100,0,352,280,40,40,0,-38,-19,0,0,100,0,1008,528,40,24,0,-20,-22,0,0,100,0,1048,528,24,24,0,-19,-49,0,0,100,0,1064,464,32,40,0,-32,-18,0,0,65,0,1360,16,80,32,0,
0,26,-257,-119,0,1,100,0,768,624,136,144,0,-279,-110,0,1,100,0,1400,424,144,144,0,-454,-64,0,1,100,0,1416,568,104,32,0,-302,-64,0,1,100,0,1416,568,104,32,0,-157,-64,0,1,100,0,1416,568,104,32,0,-532,-39,0,1,100,0,1416,568,104,32,0,-385,-39,0,1,100,0,1416,568,104,32,0,-240,-39,0,1,100,0,1416,568,104,32,0,-89,-75,0,1,100,0,1656,424,48,72,0,-63,-60,0,0,100,0,344,232,56,48,0,-35,-57,0,0,100,0,352,320,40,40,0,-1,-15,0,0,100,0,1008,504,40,24,0,13,-18,0,0,100,0,1048,504,24,24,0,8,-43,0,0,100,0,1064,424,32,40,0,-10,-53,0,0,100,0,144,312,40,40,0,-34,-103,0,0,100,0,256,624,64,72,0,-35,-45,0,0,100,0,456,200,56,48,0,-45,-82,0,0,100,0,536,400,120,88,0,-23,-65,0,0,100,0,224,0,32,24,0,-39,-51,0,0,100,0,632,304,48,48,0,-71,-63,0,0,100,0,184,312,56,40,0,-43,-61,0,0,100,0,352,280,40,40,0,-38,-19,0,0,100,0,1008,528,40,24,0,-20,-23,0,0,100,0,1048,528,24,24,0,-20,-49,0,0,100,0,1064,464,32,40,0,-32,-18,0,0,65,0,1360,16,80,32,0,
0,26,-326,-116,2,1,100,0,1544,424,112,112,0,-283,-144,0,1,100,0,576,624,192,192,0,-455,-44,0,1,100,0,1416,568,104,32,0,-301,-44,0,1,100,0,1416,568,104,32,0,-156,-44,0,1,100,0,1416,568,104,32,0,-530,-64,0,1,100,0,1416,568,104,32,0,-381,-64,0,1,100,0,1416,568,104,32,0,-236,-64,0,1,100,0,1416,568,104,32,0,-121,-73,0,1,100,0,1704,424,88,72,0,-61,-60,0,0,100,0,344,232,56,48,0,-34,-57,0,0,100,0,352,320,40,40,0,-1,-15,0,0,100,0,1008,504,40,24,0,13,-17,0,0,100,0,1048,504,24,24,0,9,-43,0,0,100,0,1064,424,32,40,0,-9,-53,0,0,100,0,144,312,40,40,0,-33,-103,0,0,100,0,320,624,64,72,0,-34,-45,0,0,100,0,456,200,56,48,0,-44,-82,0,0,100,0,536,400,120,88,0,-23,-65,0,0,100,0,224,0,32,24,0,-38,-51,0,0,100,0,632,304,48,48,0,-69,-63,0,0,100,0,184,312,56,40,0,-42,-61,0,0,100,0,352,280,40,40,0,-38,-19,0,0,100,0,1008,528,40,24,0,-20,-22,0,0,100,0,1048,528,24,24,0,-19,-49,0,0,100,0,1064,464,32,40,0,-32,-18,0,0,65,0,1360,16,80,32,0,
0,26,-323,-121,2,1,100,0,768,624,136,144,0,-345,-130,2,1,100,0,1400,424,144,144,0,-487,-59,0,1,100,0,1416,568,104,32,0,-339,-59,0,1,100,0,1416,568,104,32,0,-194,-59,0,1,100,0,1416,568,104,32,0,-530,-44,0,1,100,0,1416,568,104,32,0,-382,-44,0,1,100,0,1416,568,104,32,0,-237,-44,0,1,100,0,1416,568,104,32,0,-96,-86,0,1,100,0,1656,424,48,72,0,-63,-60,0,0,100,0,344,232,56,48,0,-35,-57,0,0,100,0,352,320,40,40,0,-1,-15,0,0,100,0,1008,504,40,24,0,13,-18,0,0,100,0,1048,504,24,24,0,8,-43,0,0,100,0,1064,424,32,40,0,-10,-53,0,0,100,0,144,312,40,40,0,-34,-103,0,0,100,0,256,624,64,72,0,-35,-45,0,0,100,0,456,200,56,48,0,-45,-82,0,0,100,0,536,400,120,88,0,-23,-65,0,0,100,0,224,0,32,24,0,-39,-51,0,0,100,0,632,304,48,48,0,-71,-63,0,0,100,0,184,312,56,40,0,-43,-61,0,0,100,0,352,280,40,40,0,-38,-19,0,0,100,0,1008,528,40,24,0,-20,-23,0,0,100,0,1048,528,24,24,0,-20,-49,0,0,100,0,1064,464,32,40,0,-32,-18,0,0,65,0,1360,16,80,32,0,
0,26,-260,-79,3,1,100,0,1544,424,112,112,0,-349,-144,2,1,100,0,576,624,192,192,0,-471,-46,0,1,100,0,1416,568,104,32,0,-324,-46,0,1,100,0,1416,568,104,32,0,-179,-46,0,1,100,0,1416,568,104,32,0,-568,-59,0,1,100,0,1416,568,104,32,0,-422,-59,0,1,100,0,1416,568,104,32,0,-277,-59,0,1,100,0,1416,568,104,32,0,-128,-84,0,1,100,0,1704,424,88,72,0,-61,-60,0,0,100,0,344,232,56,48,0,-34,-57,0,0,100,0,352,320,40,40,0,-1,-15,0,0,100,0,1008,504,40,24,0,13,-17,0,0,100,0,1048,504,24,24,0,9,-43,0,0,100,0,1064,424,32,40,0,-9,-53,0,0,100,0,144,312,40,40,0,-33,-103,0,0,100,0,320,624,64,72,0,-34,-45,0,0,100,0,456,200,56,48,0,-44,-82,0,0,100,0,536,400,120,88,0,-23,-65,0,0,100,0,224,0,32,24,0,-38,-51,0,0,100,0,632,304,48,48,0,-69,-63,0,0,100,0,184,312,56,40,0,-42,-61,0,0,100,0,352,280,40,40,0,-38,-19,0,0,100,0,1008,528,40,24,0,-20,-22,0,0,100,0,1048,528,24,24,0,-19,-49,0,0,100,0,1064,464,32,40,0,-32,-18,0,0,65,0,1360,16,80,32,0,
0,26,-287,-84,3,1,100,0,768,624,136,144,0,-273,-93,3,1,100,0,1400,424,144,144,0,-446,-58,0,1,100,0,1416,568,104,32,0,-297,-58,0,1,100,0,1416,568,104,32,0,-152,-58,0,1,100,0,1416,568,104,32,0,-554,-46,0,1,100,0,1416,568,104,32,0,-407,-46,0,1,100,0,1416,568,104,32,0,-262,-46,0,1,100,0,1416,568,104,32,0,-87,-73,0,1,100,0,1656,424,48,72,0,-63,-62,0,0,100,0,344,232,56,48,0,-35,-59,0,0,100,0,352,320,40,40,0,-1,-15,0,0,100,0,1008,504,40,24,0,13,-18,0,0,100,0,1048,504,24,24,0,8,-43,0,0,100,0,1064,424,32,40,0,-10,-55,0,0,100,0,144,312,40,40,0,-34,-105,0,0,100,0,256,624,64,72,0,-35,-47,0,0,100,0,456,200,56,48,0,-45,-84,0,0,100,0,536,400,120,88,0,-23,-67,0,0,100,0,224,0,32,24,0,-39,-53,0,0,100,0,632,304,48,48,0,-71,-65,0,0,100,0,184,312,56,40,0,-43,-63,0,0,100,0,352,280,40,40,0,-38,-19,0,0,100,0,1008,528,40,24,0,-20,-23,0,0,100,0,1048,528,24,24,0,-20,-49,0,0,100,0,1064,464,32,40,0,-32,-18,0,0,65,0,1360,16,80,32,0,
0,22,-317,-107,3,1,100,0,576,624,192,192,0,-525,-58,0,1,100,0,1416,568,104,32,0,-379,-58,0,1,100,0,1416,568,104,32,0,-234,-58,0,1,100,0,1416,568,104,32,0,-119,-71,0,1,100,0,1704,424,88,72,0,-61,-63,0,0,100,0,344,232,56,48,0,-34,-60,0,0,100,0,352,320,40,40,0,-1,-15,0,0,100,0,1008,504,40,24,0,13,-17,0,0,100,0,1048,504,24,24,0,9,-43,0,0,100,0,1064,424,32,40,0,-9,-56,0,0,100,0,144,312,40,40,0,-33,-106,0,0,100,0,320,624,64,72,0,-34,-48,0,0,100,0,456,200,56,48,0,-44,-85,0,0,100,0,536,400,120,88,0,-23,-68,0,0,100,0,224,0,32,24,0,-38,-54,0,0,100,0,632,304,48,48,0,-69,-66,0,0,100,0,184,312,56,40,0,-42,-64,0,0,100,0,352,280,40,40,0,-38,-19,0,0,100,0,1008,528,40,24,0,-20,-22,0,0,100,0,1048,528,24,24,0,-19,-49,0,0,100,0,1064,464,32,40,0,-32,-18,0,0,65,0,1360,16,80,32,0,
0,24,-280,-164,0,1,100,0,1544,424,112,112,0,-433,-183,0,1,100,0,1216,552,104,48,0,-301,-142,0,1,100,0,1216,552,104,48,0,-174,-100,0,1,100,0,1216,552,104,48,0,-99,-95,0,1,100,0,1792,424,48,72,0,-68,-68,0,0,100,0,392,280,64,48,0,-35,-64,0,0,100,0,200,264,40,48,0,-1,-15,0,0,100,0,1008,504,40,24,0,13,-18,0,0,100,0,1048,504,24,24,0,8,-43,0,0,100,0,1064,424,32,40,0,-9,-59,0,0,100,0,144,312,40,40,0,-34,-108,0,0,100,0,256,624,64,72,0,9,-72,0,0,100,0,1160,424,64,40,0,-36,-50,0,0,100,0,456,200,56,48,0,-53,-76,0,0,100,0,320,152,136,80,0,-21,-70,0,0,100,0,224,0,32,24,0,-47,-55,0,0,100,0,632,304,48,48,0,-75,-68,0,0,100,0,240,312,56,40,0,-50,-72,0,0,100,0,240,264,40,48,0,-7,-75,0,0,100,0,1160,464,64,40,0,-38,-19,0,0,100,0,1008,528,40,24,0,-20,-23,0,0,100,0,1048,528,24,24,0,-20,-49,0,0,100,0,1064,464,32,40,0,-32,-18,0,0,65,0,1360,16,80,32,0,
0,28,-277,-191,0,1,100,0,768,624,136,144,0,-299,-182,0,1,100,0,1400,424,144,144,0,-444,-174,0,1,100,0,1216,552,104,48,0,-312,-132,0,1,100,0,1216,552,104,48,0,-185,-91,0,1,100,0,1216,552,104,48,0,-520,-212,0,1,100,0,1216,552,104,48,0,-388,-170,0,1,100,0,1216,552,104,48,0,-261,-129,0,1,100,0,1216,552,104,48,0,-132,-98,0,1,100,0,1656,496,88,72,0,-66,-68,0,0,100,0,392,280,64,48,0,-34,-64,0,0,100,0,200,264,40,48,0,-1,-15,0,0,100,0,1008,504,40,24,0,13,-17,0,0,100,0,1048,504,24,24,0,9,-43,0,0,100,0,1064,424,32,40,0,-8,-59,0,0,100,0,144,312,40,40,0,-33,-108,0,0,100,0,320,624,64,72,0,10,-72,0,0,100,0,1160,424,64,40,0,-35,-50,0,0,100,0,456,200,56,48,0,-52,-76,0,0,100,0,320,152,136,80,0,-20,-70,0,0,100,0,224,0,32,24,0,-46,-55,0,0,100,0,632,304,48,48,0,-73,-68,0,0,100,0,240,312,56,40,0,-49,-72,0,0,100,0,240,264,40,48,0,-6,-75,0,0,100,0,1160,464,64,40,0,-38,-19,0,0,100,0,1008,528,40,24,0,-20,-22,0,0,100,0,1048,528,24,24,0,-19,-49,0,0,100,0,1064,464,32,40,0,-32,-18,0,0,65,0,1360,16,80,32,0,
0,28,-269,-125,0,1,100,0,1544,424,112,112,0,-303,-216,0,1,100,0,576,624,192,192,0,-430,-189,0,1,100,0,1216,552,104,48,0,-298,-147,0,1,100,0,1216,552,104,48,0,-171,-106,0,1,100,0,1216,552,104,48,0,-512,-195,0,1,100,0,1216,552,104,48,0,-380,-153,0,1,100,0,1216,552,104,48,0,-253,-112,0,1,100,0,1216,552,104,48,0,-86,-84,0,1,100,0,1792,424,48,72,0,-68,-68,0,0,100,0,392,280,64,48,0,-35,-64,0,0,100,0,200,264,40,48,0,-1,-15,0,0,100,0,1008,504,40,24,0,13,-18,0,0,100,0,1048,504,24,24,0,8,-43,0,0,100,0,1064,424,32,40,0,-9,-59,0,0,100,0,144,312,40,40,0,-34,-108,0,0,100,0,256,624,64,72,0,9,-72,0,0,100,0,1160,424,64,40,0,-36,-50,0,0,100,0,456,200,56,48,0,-53,-76,0,0,100,0,320,152,136,80,0,-21,-70,0,0,100,0,224,0,32,24,0,-47,-55,0,0,100,0,632,304,48,48,0,-75,-68,0,0,100,0,240,312,56,40,0,-50,-72,0,0,100,0,240,264,40,48,0,-7,-75,0,0,100,0,1160,464,64,40,0,-38,-19,0,0,100,0,1008,528,40,24,0,-20,-23,0,0,100,0,1048,528,24,24,0,-20,-49,0,0,100,0,1064,464,32,40,0,-32,-18,0,0,65,0,1360,16,80,32,0,
0,28,-266,-152,0,1,100,0,768,624,136,144,0,-288,-143,0,1,100,0,1400,424,144,144,0,-459,-186,0,1,100,0,1216,552,104,48,0,-327,-144,0,1,100,0,1216,552,104,48,0,-200,-103,0,1,100,0,1216,552,104,48,0,-511,-214,0,1,100,0,1216,552,104,48,0,-379,-172,0,1,100,0,1216,552,104,48,0,-252,-131,0,1,100,0,1216,552,104,48,0,-119,-87,0,1,100,0,1656,496,88,72,0,-66,-68,0,0,100,0,392,280,64,48,0,-34,-64,0,0,100,0,200,264,40,48,0,-1,-15,0,0,100,0,1008,504,40,24,0,13,-17,0,0,100,0,1048,504,24,24,0,9,-43,0,0,100,0,1064,424,32,40,0,-8,-59,0,0,100,0,144,312,40,40,0,-33,-108,0,0,100,0,320,624,64,72,0,10,-72,0,0,100,0,1160,424,64,40,0,-35,-50,0,0,100,0,456,200,56,48,0,-52,-76,0,0,100,0,320,152,136,80,0,-20,-70,0,0,100,0,224,0,32,24,0,-46,-55,0,0,100,0,632,304,48,48,0,-73,-68,0,0,100,0,240,312,56,40,0,-49,-72,0,0,100,0,240,264,40,48,0,-6,-75,0,0,100,0,1160,464,64,40,0,-38,-19,0,0,100,0,1008,528,40,24,0,-20,-22,0,0,100,0,1048,528,24,24,0,-19,-49,0,0,100,0,1064,464,32,40,0,-32,-18,0,0,65,0,1360,16,80,32,0,
0,28,-323,-204,2,1,100,0,1544,424,112,112,0,-292,-177,0,1,100,0,576,624,192,192,0,-429,-193,0,1,100,0,1216,552,104,48,0,-297,-151,0,1,100,0,1216,552,104,48,0,-170,-110,0,1,100,0,1216,552,104,48,0,-541,-212,0,1,100,0,1216,552,104,48,0,-409,-170,0,1,100,0,1216,552,104,48,0,-282,-129,0,1,100,0,1216,552,104,48,0,-85,-97,0,1,100,0,1792,424,48,72,0,-68,-68,0,0,100,0,392,280,64,48,0,-35,-64,0,0,100,0,200,264,40,48,0,-1,-15,0,0,100,0,1008,504,40,24,0,13,-18,0,0,100,0,1048,504,24,24,0,8,-43,0,0,100,0,1064,424,32,40,0,-9,-59,0,0,100,0,144,312,40,40,0,-34,-108,0,0,100,0,256,624,64,72,0,9,-72,0,0,100,0,1160,424,64,40,0,-36,-50,0,0,100,0,456,200,56,48,0,-53,-76,0,0,100,0,320,152,136,80,0,-21,-70,0,0,100,0,224,0,32,24,0,-47,-55,0,0,100,0,632,304,48,48,0,-75,-68,0,0,100,0,240,312,56,40,0,-50,-72,0,0,100,0,240,264,40,48,0,-7,-75,0,0,100,0,1160,464,64,40,0,-38,-19,0,0,100,0,1008,528,40,24,0,-20,-23,0,0,100,0,1048,528,24,24,0,-20,-49,0,0,100,0,1064,464,32,40,0,-32,-18,0,0,65,0,1360,16,80,32,0,
0,28,-320,-209,2,1,100,0,768,624,136,144,0,-342,-218,2,1,100,0,1400,424,144,144,0,-426,-168,0,1,100,0,1216,552,104,48,0,-294,-126,0,1,100,0,1216,552,104,48,0,-167,-85,0,1,100,0,1216,552,104,48,0,-497,-215,0,1,100,0,1216,552,104,48,0,-365,-173,0,1,100,0,1216,552,104,48,0,-238,-132,0,1,100,0,1216,552,104,48,0,-118,-100,0,1,100,0,1656,496,88,72,0,-66,-68,0,0,100,0,392,280,64,48,0,-34,-64,0,0,100,0,200,264,40,48,0,-1,-15,0,0,100,0,1008,504,40,24,0,13,-17,0,0,100,0,1048,504,24,24,0,9,-43,0,0,100,0,1064,424,32,40,0,-8,-59,0,0,100,0,144,312,40,40,0,-33,-108,0,0,100,0,320,624,64,72,0,10,-72,0,0,100,0,1160,424,64,40,0,-35,-50,0,0,100,0,456,200,56,48,0,-52,-76,0,0,100,0,320,152,136,80,0,-20,-70,0,0,100,0,224,0,32,24,0,-46,-55,0,0,100,0,632,304,48,48,0,-73,-68,0,0,100,0,240,312,56,40,0,-49,-72,0,0,100,0,240,264,40,48,0,-6,-75,0,0,100,0,1160,464,64,40,0,-38,-19,0,0,100,0,1008,528,40,24,0,-20,-22,0,0,100,0,1048,528,24,24,0,-19,-49,0,0,100,0,1064,464,32,40,0,-32,-18,0,0,65,0,1360,16,80,32,0,
0,28,-261,-155,0,1,100,0,1544,424,112,112,0,-346,-232,2,1,100,0,576,624,192,192,0,-439,-185,0,1,100,0,1216,552,104,48,0,-307,-143,0,1,100,0,1216,552,104,48,0,-180,-102,0,1,100,0,1216,552,104,48,0,-493,-190,0,1,100,0,1216,552,104,48,0,-361,-148,0,1,100,0,1216,552,104,48,0,-234,-107,0,1,100,0,1216,552,104,48,0,-100,-89,0,1,100,0,1792,424,48,72,0,-68,-68,0,0,100,0,392,280,64,48,0,-35,-64,0,0,100,0,200,264,40,48,0,-1,-15,0,0,100,0,1008,504,40,24,0,13,-18,0,0,100,0,1048,504,24,24,0,8,-43,0,0,100,0,1064,424,32,40,0,-9,-59,0,0,100,0,144,312,40,40,0,-34,-108,0,0,100,0,256,624,64,72,0,9,-72,0,0,100,0,1160,424,64,40,0,-36,-50,0,0,100,0,456,200,56,48,0,-53,-76,0,0,100,0,320,152,136,80,0,-21,-70,0,0,100,0,224,0,32,24,0,-47,-55,0,0,100,0,632,304,48,48,0,-75,-68,0,0,100,0,240,312,56,40,0,-50,-72,0,0,100,0,240,264,40,48,0,-7,-75,0,0,100,0,1160,464,64,40,0,-38,-19,0,0,100,0,1008,528,40,24,0,-20,-23,0,0,100,0,1048,528,24,24,0,-20,-49,0,0,100,0,1064,464,32,40,0,-32,-18,0,0,65,0,1360,16,80,32,0,
0,28,-258,-182,0,1,100,0,768,624,136,144,0,-280,-173,0,1,100,0,1400,424,144,144,0,-443,-174,0,1,100,0,1216,552,104,48,0,-311,-132,0,1,100,0,1216,552,104,48,0,-184,-91,0,1,100,0,1216,552,104,48,0,-513,-209,0,1,100,0,1216,552,104,48,0,-381,-167,0,1,100,0,1216,552,104,48,0,-254,-126,0,1,100,0,1216,552,104,48,0,-133,-92,0,1,100,0,1656,496,88,72,0,-66,-68,0,0,100,0,392,280,64,48,0,-34,-64,0,0,100,0,200,264,40,48,0,-1,-15,0,0,100,0,1008,504,40,24,0,13,-17,0,0,100,0,1048,504,24,24,0,9,-43,0,0,100,0,1064,424,32,40,0,-8,-59,0,0,100,0,144,312,40,40,0,-33,-108,0,0,100,0,320,624,64,72,0,10,-72,0,0,100,0,1160,424,64,40,0,-35,-50,0,0,100,0,456,200,56,48,0,-52,-76,0,0,100,0,320,152,136,80,0,-20,-70,0,0,100,0,224,0,32,24,0,-46,-55,0,0,100,0,632,304,48,48,0,-73,-68,0,0,100,0,240,312,56,40,0,-49,-72,0,0,100,0,240,264,40,48,0,-6,-75,0,0,100,0,1160,464,64,40,0,-38,-19,0,0,100,0,1008,528,40,24,0,-20,-22,0,0,100,0,1048,528,24,24,0,-19,-49,0,0,100,0,1064,464,32,40,0,-32,-18,0,0,65,0,1360,16,80,32,0,
0,28,-311,-153,0,1,100,0,1544,424,112,112,0,-284,-207,0,1,100,0,576,624,192,192,0,-441,-186,0,1,100,0,1216,552,104,48,0,-309,-144,0,1,100,0,1216,552,104,48,0,-182,-103,0,1,100,0,1216,552,104,48,0,-528,-201,0,1,100,0,1216,552,104,48,0,-396,-159,0,1,100,0,1216,552,104,48,0,-269,-118,0,1,100,0,1216,552,104,48,0,-88,-95,0,1,100,0,1792,424,48,72,0,-68,-68,0,0,100,0,392,280,64,48,0,-35,-64,0,0,100,0,200,264,40,48,0,-1,-15,0,0,100,0,1008,504,40,24,0,13,-18,0,0,100,0,1048,504,24,24,0,8,-43,0,0,100,0,1064,424,32,40,0,-9,-59,0,0,100,0,144,312,40,40,0,-34,-108,0,0,100,0,256,624,64,72,0,9,-72,0,0,100,0,1160,424,64,40,0,-36,-50,0,0,100,0,456,200,56,48,0,-53,-76,0,0,100,0,320,152,136,80,0,-21,-70,0,0,100,0,224,0,32,24,0,-47,-55,0,0,100,0,632,304,48,48,0,-75,-68,0,0,100,0,240,312,56,40,0,-50,-72,0,0,100,0,240,264,40,48,0,-7,-75,0,0,100,0,1160,464,64,40,0,-38,-19,0,0,100,0,1008,528,40,24,0,-20,-23,0,0,100,0,1048,528,24,24,0,-20,-49,0,0,100,0,1064,464,32,40,0,-32,-18,0,0,65,0,1360,16,80,32,0,
0,28,-308,-180,0,1,100,0,768,624,136,144,0,-330,-171,0,1,100,0,1400,424,144,144,0,-445,-174,0,1,100,0,1216,552,104,48,0,-313,-132,0,1,100,0,1216,552,104,48,0,-186,-91,0,1,100,0,1216,552,104,48,0,-509,-208,0,1,100,0,1216,552,104,48,0,-377,-166,0,1,100,0,1216,552,104,48,0,-250,-125,0,1,100,0,1216,552,104,48,0,-121,-98,0,1,100,0,1656,496,88,72,0,-66,-68,0,0,100,0,392,280,64,48,0,-34,-64,0,0,100,0,200,264,40,48,0,-1,-15,0,0,100,0,1008,504,40,24,0,13,-17,0,0,100,0,1048,504,24,24,0,9,-43,0,0,100,0,1064,424,32,40,0,-8,-59,0,0,100,0,144,312,40,40,0,-33,-108,0,0,100,0,320,624,64,72,0,10,-72,0,0,100,0,1160,424,64,40,0,-35,-50,0,0,100,0,456,200,56,48,0,-52,-76,0,0,100,0,320,152,136,80,0,-20,-70,0,0,100,0,224,0,32,24,0,-46,-55,0,0,100,0,632,304,48,48,0,-73,-68,0,0,100,0,240,312,56,40,0,-49,-72,0,0,100,0,240,264,40,48,0,-6,-75,0,0,100,0,1160,464,64,40,0,-38,-19,0,0,100,0,1008,528,40,24,0,-20,-22,0,0,100,0,1048,528,24,24,0,-19,-49,0,0,100,0,1064,464,32,40,0,-32,-18,0,0,65,0,1360,16,80,32,0,
0,28,-247,-166,0,1,100,0,1544,424,112,112,0,-334,-205,0,1,100,0,576,624,192,192,0,-424,-173,0,1,100,0,1216,552,104,48,0,-292,-131,0,1,100,0,1216,552,104,48,0,-165,-90,0,1,100,0,1216,552,104,48,0,-522,-197,0,1,100,0,1216,552,104,48,0,-390,-155,0,1,100,0,1216,552,104,48,0,-263,-114,0,1,100,0,1216,552,104,48,0,-84,-84,0,1,100,0,1792,424,48,72,0,-68,-68,0,0,100,0,392,280,64,48,0,-35,-64,0,0,100,0,200,264,40,48,0,-1,-15,0,0,100,0,1008,504,40,24,0,13,-18,0,0,100,0,1048,504,24,24,0,8,-43,0,0,100,0,1064,424,32,40,0,-9,-59,0,0,100,0,144,312,40,40,0,-34,-108,0,0,100,0,256,624,64,72,0,9,-72,0,0,100,0,1160,424,64,40,0,-36,-50,0,0,100,0,456,200,56,48,0,-53,-76,0,0,100,0,320,152,136,80,0,-21,-70,0,0,100,0,224,0,32,24,0,-47,-55,0,0,100,0,632,304,48,48,0,-75,-68,0,0,100,0,240,312,56,40,0,-50,-72,0,0,100,0,240,264,40,48,0,-7,-75,0,0,100,0,1160,464,64,40,0,-38,-19,0,0,100,0,1008,528,40,24,0,-20,-23,0,0,100,0,1048,528,24,24,0,-20,-49,0,0,100,0,1064,464,32,40,0,-32,-18,0,0,65,0,1360,16,80,32,0,
0,28,-244,-193,0,1,100,0,768,624,136,144,0,-266,-184,0,1,100,0,1400,424,144,144,0,-425,-163,0,1,100,0,1216,552,104,48,0,-293,-121,0,1,100,0,1216,552,104,48,0,-166,-80,0,1,100,0,1216,552,104,48,0,-489,-194,0,1,100,0,1216,552,104,48,0,-357,-152,0,1,100,0,1216,552,104,48,0,-230,-111,0,1,100,0,1216,552,104,48,0,-117,-87,0,1,100,0,1656,496,88,72,0,-66,-68,0,0,100,0,392,280,64,48,0,-34,-64,0,0,100,0,200,264,40,48,0,-1,-15,0,0,100,0,1008,504,40,24,0,13,-17,0,0,100,0,1048,504,24,24,0,9,-43,0,0,100,0,1064,424,32,40,0,-8,-59,0,0,100,0,144,312,40,40,0,-33,-108,0,0,100,0,320,624,64,72,0,10,-72,0,0,100,0,1160,424,64,40,0,-35,-50,0,0,100,0,456,200,56,48,0,-52,-76,0,0,100,0,320,152,136,80,0,-20,-70,0,0,100,0,224,0,32,24,0,-46,-55,0,0,100,0,632,304,48,48,0,-73,-68,0,0,100,0,240,312,56,40,0,-49,-72,0,0,100,0,240,264,40,48,0,-6,-75,0,0,100,0,1160,464,64,40,0,-38,-19,0,0,100,0,1008,528,40,24,0,-20,-22,0,0,100,0,1048,528,24,24,0,-19,-49,0,0,100,0,1064,464,32,40,0,-32,-18,0,0,65,0,1360,16,80,32,0,
0,28,-262,-134,1,1,100,0,1544,424,112,112,0,-270,-218,0,1,100,0,576,624,192,192,0,-422,-197,0,1,100,0,1216,552,104,48,0,-290,-155,0,1,100,0,1216,552,104,48,0,-163,-114,0,1,100,0,1216,552,104,48,0,-506,-188,0,1,100,0,1216,552,104,48,0,-374,-146,0,1,100,0,1216,552,104,48,0,-247,-105,0,1,100,0,1216,552,104,48,0,-95,-101,0,1,100,0,1792,424,48,72,0,-67,-71,0,0,100,0,392,280,64,48,0,-34,-67,0,0,100,0,200,264,40,48,0,-1,-15,0,0,100,0,1008,504,40,24,0,13,-18,0,0,100,0,1048,504,24,24,0,8,-43,0,0,100,0,1064,424,32,40,0,-8,-60,0,0,100,0,144,312,40,40,0,-33,-109,0,0,100,0,256,624,64,72,0,10,-71,0,0,100,0,1160,424,64,40,0,-35,-51,0,0,100,0,456,200,56,48,0,-52,-77,0,0,100,0,320,152,136,80,0,-20,-71,0,0,100,0,224,0,32,24,0,-46,-56,0,0,100,0,632,304,48,48,0,-74,-71,0,0,100,0,240,312,56,40,0,-49,-75,0,0,100,0,240,264,40,48,0,-6,-74,0,0,100,0,1160,464,64,40,0,-38,-19,0,0,100,0,1008,528,40,24,0,-20,-23,0,0,100,0,1048,528,24,24,0,-20,-49,0,0,100,0,1064,464,32,40,0,-32,-18,0,0,65,0,1360,16,80,32,0,
0,25,-289,-161,1,1,100,0,768,624,136,144,0,-275,-152,1,1,100,0,1400,424,144,144,0,-497,-221,0,1,100,0,1216,552,104,48,0,-365,-179,0,1,100,0,1216,552,104,48,0,-238,-138,0,1,100,0,1216,552,104,48,0,-128,-104,0,1,100,0,1656,496,88,72,0,-65,-73,0,0,100,0,392,280,64,48,0,-33,-69,0,0,100,0,200,264,40,48,0,-1,-15,0,0,100,0,1008,504,40,24,0,13,-17,0,0,100,0,1048,504,24,24,0,9,-43,0,0,100,0,1064,424,32,40,0,-7,-61,0,0,100,0,144,312,40,40,0,-32,-110,0,0,100,0,320,624,64,72,0,11,-71,0,0,100,0,1160,424,64,40,0,-34,-52,0,0,100,0,456,200,56,48,0,-51,-78,0,0,100,0,320,152,136,80,0,-19,-72,0,0,100,0,224,0,32,24,0,-45,-57,0,0,100,0,632,304,48,48,0,-72,-73,0,0,100,0,240,312,56,40,0,-48,-77,0,0,100,0,240,264,40,48,0,-5,-74,0,0,100,0,1160,464,64,40,0,-38,-19,0,0,100,0,1008,528,40,24,0,-20,-22,0,0,100,0,1048,528,24,24,0,-19,-49,0,0,100,0,1064,464,32,40,0,-32,-18,0,0,65,0,1360,16,80,32,0,
0,25,-248,-208,0,1,100,0,1544,424,112,112,0,-319,-186,1,1,100,0,576,624,192,192,0,-381,-250,0,1,100,0,1320,568,96,56,0,-267,-190,0,1,100,0,1320,568,96,56,0,-153,-130,0,1,100,0,1320,568,96,56,0,-76,-109,0,1,100,0,1744,496,48,72,0,-59,-86,0,0,100,0,512,152,56,56,0,-35,-74,0,0,100,0,568,152,40,48,0,-1,-15,0,0,100,0,1008,504,40,24,0,14,-18,0,0,100,0,1048,504,24,24,0,10,-43,0,0,100,0,1064,424,32,40,0,-7,-60,0,0,100,0,144,312,40,40,0,-32,-109,0,0,100,0,256,624,64,72,0,11,-70,0,0,100,0,1160,424,64,40,0,-34,-51,0,0,100,0,456,200,56,48,0,-51,-77,0,0,100,0,320,152,136,80,0,-19,-71,0,0,100,0,224,0,32,24,0,-45,-56,0,0,100,0,632,304,48,48,0,-66,-85,0,0,100,0,512,208,56,56,0,-38,-73,0,0,100,0,568,200,40,48,0,-5,-73,0,0,100,0,1160,464,64,40,0,-38,-19,0,0,100,0,1008,528,40,24,0,-20,-22,0,0,100,0,1048,528,24,24,0,-20,-49,0,0,100,0,1064,464,32,40,0,-32,-18,0,0,65,0,1360,16,80,32,0,
0,28,-245,-235,0,1,100,0,768,624,136,144,0,-267,-226,0,1,100,0,1400,424,144,144,0,-390,-231,0,1,100,0,1320,568,96,56,0,-276,-171,0,1,100,0,1320,568,96,56,0,-162,-111,0,1,100,0,1320,568,96,56,0,-452,-286,0,1,100,0,1320,568,96,56,0,-338,-226,0,1,100,0,1320,568,96,56,0,-224,-166,0,1,100,0,1320,568,96,56,0,-110,-113,0,1,100,0,1792,496,88,72,0,-57,-86,0,0,100,0,512,152,56,56,0,-34,-74,0,0,100,0,568,152,40,48,0,-1,-15,0,0,100,0,1008,504,40,24,0,14,-18,0,0,100,0,1048,504,24,24,0,11,-43,0,0,100,0,1064,424,32,40,0,-6,-60,0,0,100,0,144,312,40,40,0,-31,-109,0,0,100,0,320,624,64,72,0,12,-70,0,0,100,0,1160,424,64,40,0,-33,-51,0,0,100,0,456,200,56,48,0,-50,-77,0,0,100,0,320,152,136,80,0,-18,-71,0,0,100,0,224,0,32,24,0,-44,-56,0,0,100,0,632,304,48,48,0,-64,-85,0,0,100,0,512,208,56,56,0,-37,-73,0,0,100,0,568,200,40,48,0,-4,-73,0,0,100,0,1160,464,64,40,0,-38,-19,0,0,100,0,1008,528,40,24,0,-20,-22,0,0,100,0,1048,528,24,24,0,-19,-49,0,0,100,0,1064,464,32,40,0,-32,-18,0,0,65,0,1360,16,80,32,0,
0,28,-302,-165,2,1,100,0,1544,424,112,112,0,-271,-260,0,1,100,0,576,624,192,192,0,-392,-245,0,1,100,0,1320,568,96,56,0,-278,-185,0,1,100,0,1320,568,96,56,0,-164,-125,0,1,100,0,1320,568,96,56,0,-450,-261,0,1,100,0,1320,568,96,56,0,-336,-201,0,1,100,0,1320,568,96,56,0,-222,-141,0,1,100,0,1320,568,96,56,0,-89,-102,0,1,100,0,1744,496,48,72,0,-59,-86,0,0,100,0,512,152,56,56,0,-35,-74,0,0,100,0,568,152,40,48,0,-1,-15,0,0,100,0,1008,504,40,24,0,14,-18,0,0,100,0,1048,504,24,24,0,10,-43,0,0,100,0,1064,424,32,40,0,-7,-60,0,0,100,0,144,312,40,40,0,-32,-109,0,0,100,0,256,624,64,72,0,11,-70,0,0,100,0,1160,424,64,40,0,-34,-51,0,0,100,0,456,200,56,48,0,-51,-77,0,0,100,0,320,152,136,80,0,-19,-71,0,0,100,0,224,0,32,24,0,-45,-56,0,0,100,0,632,304,48,48,0,-66,-85,0,0,100,0,512,208,56,56,0,-38,-73,0,0,100,0,568,200,40,48,0,-5,-73,0,0,100,0,1160,464,64,40,0,-38,-19,0,0,100,0,1008,528,40,24,0,-20,-22,0,0,100,0,1048,528,24,24,0,-20,-49,0,0,100,0,1064,464,32,40,0,-32,-18,0,0,65,0,1360,16,80,32,0,
0,28,-299,-170,2,1,100,0,768,624,136,144,0,-321,-179,2,1,100,0,1400,424,144,144,0,-396,-270,0,1,100,0,1320,568,96,56,0,-282,-210,0,1,100,0,1320,568,96,56,0,-168,-150,0,1,100,0,1320,568,96,56,0,-461,-281,0,1,100,0,1320,568,96,56,0,-347,-221,0,1,100,0,1320,568,96,56,0,-233,-161,0,1,100,0,1320,568,96,56,0,-123,-106,0,1,100,0,1792,496,88,72,0,-57,-86,0,0,100,0,512,152,56,56,0,-34,-74,0,0,100,0,568,152,40,48,0,-1,-15,0,0,100,0,1008,504,40,24,0,14,-18,0,0,100,0,1048,504,24,24,0,11,-43,0,0,100,0,1064,424,32,40,0,-6,-60,0,0,100,0,144,312,40,40,0,-31,-109,0,0,100,0,320,624,64,72,0,12,-70,0,0,100,0,1160,424,64,40,0,-33,-51,0,0,100,0,456,200,56,48,0,-50,-77,0,0,100,0,320,152,136,80,0,-18,-71,0,0,100,0,224,0,32,24,0,-44,-56,0,0,100,0,632,304,48,48,0,-64,-85,0,0,100,0,512,208,56,56,0,-37,-73,0,0,100,0,568,200,40,48,0,-4,-73,0,0,100,0,1160,464,64,40,0,-38,-19,0,0,100,0,1008,528,40,24,0,-20,-22,0,0,100,0,1048,528,24,24,0,-19,-49,0,0,100,0,1064,464,32,40,0,-32,-18,0,0,65,0,1360,16,80,32,0,
0,28,-268,-204,0,1,100,0,1544,424,112,112,0,-325,-193,2,1,100,0,576,624,192,192,0,-386,-249,0,1,100,0,1320,568,96,56,0,-272,-189,0,1,100,0,1320,568,96,56,0,-158,-129,0,1,100,0,1320,568,96,56,0,-466,-307,0,1,100,0,1320,568,96,56,0,-352,-247,0,1,100,0,1320,568,96,56,0,-238,-187,0,1,100,0,1320,568,96,56,0,-77,-116,0,1,100,0,1744,496,48,72,0,-59,-86,0,0,100,0,512,152,56,56,0,-35,-74,0,0,100,0,568,152,40,48,0,-1,-15,0,0,100,0,1008,504,40,24,0,14,-18,0,0,100,0,1048,504,24,24,0,10,-43,0,0,100,0,1064,424,32,40,0,-7,-60,0,0,100,0,144,312,40,40,0,-32,-109,0,0,100,0,256,624,64,72,0,11,-70,0,0,100,0,1160,424,64,40,0,-34,-51,0,0,100,0,456,200,56,48,0,-51,-77,0,0,100,0,320,152,136,80,0,-19,-71,0,0,100,0,224,0,32,24,0,-45,-56,0,0,100,0,632,304,48,48,0,-66,-85,0,0,100,0,512,208,56,56,0,-38,-73,0,0,100,0,568,200,40,48,0,-5,-73,0,0,100,0,1160,464,64,40,0,-38,-19,0,0,100,0,1008,528,40,24,0,-20,-22,0,0,100,0,1048,528,24,24,0,-20,-49,0,0,100,0,1064,464,32,40,0,-32,-18,0,0,65,0,1360,16,80,32,0,
0,28,-265,-231,0,1,100,0,768,624,136,144,0,-287,-222,0,1,100,0,1400,424,144,144,0,-395,-238,0,1,100,0,1320,568,96,56,0,-281,-178,0,1,100,0,1320,568,96,56,0,-167,-118,0,1,100,0,1320,568,96,56,0,-450,-281,0,1,100,0,1320,568,96,56,0,-336,-221,0,1,100,0,1320,568,96,56,0,-222,-161,0,1,100,0,1320,568,96,56,0,-111,-120,0,1,100,0,1792,496,88,72,0,-57,-86,0,0,100,0,512,152,56,56,0,-34,-74,0,0,100,0,568,152,40,48,0,-1,-15,0,0,100,0,1008,504,40,24,0,14,-18,0,0,100,0,1048,504,24,24,0,11,-43,0,0,100,0,1064,424,32,40,0,-6,-60,0,0,100,0,144,312,40,40,0,-31,-109,0,0,100,0,320,624,64,72,0,12,-70,0,0,100,0,1160,424,64,40,0,-33,-51,0,0,100,0,456,200,56,48,0,-50,-77,0,0,100,0,320,152,136,80,0,-18,-71,0,0,100,0,224,0,32,24,0,-44,-56,0,0,100,0,632,304,48,48,0,-64,-85,0,0,100,0,512,208,56,56,0,-37,-73,0,0,100,0,568,200,40,48,0,-4,-73,0,0,100,0,1160,464,64,40,0,-38,-19,0,0,100,0,1008,528,40,24,0,-20,-22,0,0,100,0,1048,528,24,24,0,-19,-49,0,0,100,0,1064,464,32,40,0,-32,-18,0,0,65,0,1360,16,80,32,0,
0,28,-244,-244,2,1,100,0,1544,424,112,112,0,-291,-256,0,1,100,0,576,624,192,192,0,-388,-254,0,1,100,0,1320,568,96,56,0,-274,-194,0,1,100,0,1320,568,96,56,0,-160,-134,0,1,100,0,1320,568,96,56,0,-479,-280,0,1,100,0,1320,568,96,56,0,-365,-220,0,1,100,0,1320,568,96,56,0,-251,-160,0,1,100,0,1320,568,96,56,0,-91,-111,0,1,100,0,1744,496,48,72,0,-59,-86,0,0,100,0,512,152,56,56,0,-35,-74,0,0,100,0,568,152,40,48,0,-1,-15,0,0,100,0,1008,504,40,24,0,14,-18,0,0,100,0,1048,504,24,24,0,10,-43,0,0,100,0,1064,424,32,40,0,-7,-60,0,0,100,0,144,312,40,40,0,-32,-109,0,0,100,0,256,624,64,72,0,11,-70,0,0,100,0,1160,424,64,40,0,-34,-51,0,0,100,0,456,200,56,48,0,-51,-77,0,0,100,0,320,152,136,80,0,-19,-71,0,0,100,0,224,0,32,24,0,-45,-56,0,0,100,0,632,304,48,48,0,-66,-85,0,0,100,0,512,208,56,56,0,-38,-73,0,0,100,0,568,200,40,48,0,-5,-73,0,0,100,0,1160,464,64,40,0,-38,-19,0,0,100,0,1008,528,40,24,0,-20,-22,0,0,100,0,1048,528,24,24,0,-20,-49,0,0,100,0,1064,464,32,40,0,-32,-18,0,0,65,0,1360,16,80,32,0,
0,28,-241,-249,2,1,100,0,768,624,136,144,0,-263,-258,2,1,100,0,1400,424,144,144,0,-401,-240,0,1,100,0,1320,568,96,56,0,-287,-180,0,1,100,0,1320,568,96,56,0,-173,-120,0,1,100,0,1320,568,96,56,0,-453,-288,0,1,100,0,1320,568,96,56,0,-339,-228,0,1,100,0,1320,568,96,56,0,-225,-168,0,1,100,0,1320,568,96,56,0,-125,-115,0,1,100,0,1792,496,88,72,0,-57,-86,0,0,100,0,512,152,56,56,0,-34,-74,0,0,100,0,568,152,40,48,0,-1,-15,0,0,100,0,1008,504,40,24,0,14,-18,0,0,100,0,1048,504,24,24,0,11,-43,0,0,100,0,1064,424,32,40,0,-6,-60,0,0,100,0,144,312,40,40,0,-31,-109,0,0,100,0,320,624,64,72,0,12,-70,0,0,100,0,1160,424,64,40,0,-33,-51,0,0,100,0,456,200,56,48,0,-50,-77,0,0,100,0,320,152,136,80,0,-18,-71,0,0,100,0,224,0,32,24,0,-44,-56,0,0,100,0,632,304,48,48,0,-64,-85,0,0,100,0,512,208,56,56,0,-37,-73,0,0,100,0,568,200,40,48,0,-4,-73,0,0,100,0,1160,464,64,40,0,-38,-19,0,0,100,0,1008,528,40,24,0,-20,-22,0,0,100,0,1048,528,24,24,0,-19,-49,0,0,100,0,1064,464,32,40,0,-32,-18,0,0,65,0,1360,16,80,32,0,
0,28,-301,-203,0,1,100,0,1544,424,112,112,0,-267,-272,2,1,100,0,576,624,192,192,0,-372,-240,0,1,100,0,1320,568,96,56,0,-258,-180,0,1,100,0,1320,568,96,56,0,-144,-120,0,1,100,0,1320,568,96,56,0,-467,-274,0,1,100,0,1320,568,96,56,0,-353,-214,0,1,100,0,1320,568,96,56,0,-239,-154,0,1,100,0,1320,568,96,56,0,-80,-105,0,1,100,0,1744,496,48,72,0,-59,-86,0,0,100,0,512,152,56,56,0,-35,-74,0,0,100,0,568,152,40,48,0,-1,-15,0,0,100,0,1008,504,40,24,0,14,-18,0,0,100,0,1048,504,24,24,0,10,-43,0,0,100,0,1064,424,32,40,0,-7,-60,0,0,100,0,144,312,40,40,0,-32,-109,0,0,100,0,256,624,64,72,0,11,-70,0,0,100,0,1160,424,64,40,0,-34,-51,0,0,100,0,456,200,56,48,0,-51,-77,0,0,100,0,320,152,136,80,0,-19,-71,0,0,100,0,224,0,32,24,0,-45,-56,0,0,100,0,632,304,48,48,0,-66,-85,0,0,100,0,512,208,56,56,0,-38,-73,0,0,100,0,568,200,40,48,0,-5,-73,0,0,100,0,1160,464,64,40,0,-38,-19,0,0,100,0,1008,528,40,24,0,-20,-22,0,0,100,0,1048,528,24,24,0,-20,-49,0,0,100,0,1064,464,32,40,0,-32,-18,0,0,65,0,1360,16,80,32,0,
0,25,-298,-230,0,1,100,0,768,624,136,144,0,-320,-221,0,1,100,0,1400,424,144,144,0,-445,-277,0,1,100,0,1320,568,96,56,0,-331,-217,0,1,100,0,1320,568,96,56,0,-217,-157,0,1,100,0,1320,568,96,56,0,-114,-109,0,1,100,0,1792,496,88,72,0,-57,-86,0,0,100,0,512,152,56,56,0,-34,-74,0,0,100,0,568,152,40,48,0,-1,-15,0,0,100,0,1008,504,40,24,0,14,-18,0,0,100,0,1048,504,24,24,0,11,-43,0,0,100,0,1064,424,32,40,0,-6,-60,0,0,100,0,144,312,40,40,0,-31,-109,0,0,100,0,320,624,64,72,0,12,-70,0,0,100,0,1160,424,64,40,0,-33,-51,0,0,100,0,456,200,56,48,0,-50,-77,0,0,100,0,320,152,136,80,0,-18,-71,0,0,100,0,224,0,32,24,0,-44,-56,0,0,100,0,632,304,48,48,0,-64,-85,0,0,100,0,512,208,56,56,0,-37,-73,0,0,100,0,568,200,40,48,0,-4,-73,0,0,100,0,1160,464,64,40,0,-38,-19,0,0,100,0,1008,528,40,24,0,-20,-22,0,0,100,0,1048,528,24,24,0,-19,-49,0,0,100,0,1064,464,32,40,0,-32,-18,0,0,65,0,1360,16,80,32,0,
0,20,-324,-255,0,1,100,0,576,624,192,192,0,-59,-85,0,0,100,0,512,152,56,56,0,-35,-73,0,0,100,0,568,152,40,48,0,-1,-15,0,0,100,0,1008,504,40,24,0,14,-18,0,0,100,0,1048,504,24,24,0,10,-43,0,0,100,0,1064,424,32,40,0,-7,-59,0,0,100,0,144,312,40,40,0,-32,-108,0,0,100,0,256,624,64,72,0,11,-69,0,0,100,0,1160,424,64,40,0,-34,-50,0,0,100,0,456,200,56,48,0,-51,-76,0,0,100,0,320,152,136,80,0,-19,-70,0,0,100,0,224,0,32,24,0,-45,-55,0,0,100,0,632,304,48,48,0,-66,-84,0,0,100,0,512,208,56,56,0,-38,-72,0,0,100,0,568,200,40,48,0,-5,-72,0,0,100,0,1160,464,64,40,0,-38,-19,0,0,100,0,1008,528,40,24,0,-20,-22,0,0,100,0,1048,528,24,24,0,-20,-49,0,0,100,0,1064,464,32,40,0,-32,-18,0,0,65,0,1360,16,80,32,0,
0,19,-59,-85,0,0,100,0,512,152,56,56,0,-35,-73,0,0,100,0,568,152,40,48,0,-1,-15,0,0,100,0,1008,504,40,24,0,14,-18,0,0,100,0,1048,504,24,24,0,10,-43,0,0,100,0,1064,424,32,40,0,-7,-59,0,0,100,0,144,312,40,40,0,-32,-108,0,0,100,0,256,624,64,72,0,11,-69,0,0,100,0,1160,424,64,40,0,-34,-50,0,0,100,0,456,200,56,48,0,-51,-76,0,0,100,0,320,152,136,80,0,-19,-70,0,0,100,0,224,0,32,24,0,-45,-55,0,0,100,0,632,304,48,48,0,-66,-84,0,0,100,0,512,208,56,56,0,-38,-72,0,0,100,0,568,200,40,48,0,-5,-72,0,0,100,0,1160,464,64,40,0,-38,-19,0,0,100,0,1008,528,40,24,0,-20,-22,0,0,100,0,1048,528,24,24,0,-20,-49,0,0,100,0,1064,464,32,40,0,-32,-18,0,0,65,0,1360,16,80,32,0,
0,19,-67,-69,0,0,100,0,392,280,64,48,0,-34,-65,0,0,100,0,200,264,40,48,0,-1,-15,0,0,100,0,1008,504,40,24,0,14,-18,0,0,100,0,1048,504,24,24,0,10,-43,0,0,100,0,1064,424,32,40,0,-8,-56,0,0,100,0,144,312,40,40,0,-33,-105,0,0,100,0,256,624,64,72,0,10,-67,0,0,100,0,1160,424,64,40,0,-35,-47,0,0,100,0,456,200,56,48,0,-52,-73,0,0,100,0,320,152,136,80,0,-20,-67,0,0,100,0,224,0,32,24,0,-46,-52,0,0,100,0,632,304,48,48,0,-74,-69,0,0,100,0,240,312,56,40,0,-49,-73,0,0,100,0,240,264,40,48,0,-6,-70,0,0,100,0,1160,464,64,40,0,-38,-19,0,0,100,0,1008,528,40,24,0,-20,-22,0,0,100,0,1048,528,24,24,0,-20,-49,0,0,100,0,1064,464,32,40,0,-32,-18,0,0,65,0,1360,16,80,32,0,
0,19,-67,-69,0,0,100,0,392,280,64,48,0,-34,-65,0,0,100,0,200,264,40,48,0,-1,-15,0,0,100,0,1008,504,40,24,0,14,-18,0,0,100,0,1048,504,24,24,0,10,-43,0,0,100,0,1064,424,32,40,0,-8,-56,0,0,100,0,144,312,40,40,0,-33,-105,0,0,100,0,256,624,64,72,0,10,-67,0,0,100,0,1160,424,64,40,0,-35,-47,0,0,100,0,456,200,56,48,0,-52,-73,0,0,100,0,320,152,136,80,0,-20,-67,0,0,100,0,224,0,32,24,0,-46,-52,0,0,100,0,632,304,48,48,0,-74,-69,0,0,100,0,240,312,56,40,0,-49,-73,0,0,100,0,240,264,40,48,0,-6,-70,0,0,100,0,1160,464,64,40,0,-38,-19,0,0,100,0,1008,528,40,24,0,-20,-22,0,0,100,0,1048,528,24,24,0,-20,-49,0,0,100,0,1064,464,32,40,0,-32,-18,0,0,65,0,1360,16,80,32,0,
0,19,-63,-56,0,0,100,0,144,264,56,48,0,-33,-55,0,0,100,0,200,264,40,48,0,-4,-15,0,0,100,0,1008,504,40,24,0,12,-18,0,0,100,0,1040,424,24,24,0,8,-43,0,0,100,0,1008,424,32,40,0,-7,-52,0,0,100,0,144,312,40,40,0,-31,-78,0,0,100,0,0,0,48,48,0,-40,-43,0,0,100,0,456,200,56,48,0,0,-72,0,0,100,0,1096,424,64,40,0,-72,-86,0,0,100,0,0,264,144,96,0,-41,-48,0,0,100,0,632,304,48,48,0,-71,-61,0,0,100,0,184,312,56,40,0,-47,-63,0,0,100,0,240,264,40,48,0,-8,-81,0,0,100,0,1096,464,64,40,0,-32,-68,0,0,100,0,192,0,32,32,0,-35,-19,0,0,100,0,1008,528,40,24,0,-18,-25,0,0,100,0,1040,448,24,24,0,-16,-49,0,0,100,0,1008,464,32,40,0,-32,-18,0,0,65,0,1360,16,80,32,0,
0,0,
0,22,-67,-127,0,1,100,0,1440,0,128,128,0,-80,-48,0,1,60,0,320,72,160,80,0,-74,-65,0,0,100,0,280,264,64,48,0,-40,-61,0,0,100,0,200,264,40,48,0,-4,-15,0,0,100,0,1008,504,40,24,0,10,-18,0,0,100,0,1048,504,24,24,0,6,-43,0,0,100,0,1064,424,32,40,0,-14,-56,0,0,100,0,144,312,40,40,0,-31,-103,0,0,100,0,0,624,64,72,0,4,-69,0,0,100,0,1160,424,64,40,0,-41,-47,0,0,100,0,456,200,56,48,0,-58,-73,0,0,100,0,320,152,136,80,0,-52,-52,0,0,100,0,632,304,48,48,0,-80,-65,0,0,100,0,240,312,56,40,0,-55,-69,0,0,100,0,240,264,40,48,0,-12,-72,0,0,100,0,1160,464,64,40,0,-35,-19,0,0,100,0,1008,528,40,24,0,-18,-23,0,0,100,0,1048,528,24,24,0,-18,-49,0,0,100,0,1064,464,32,40,0,-80,-32,0,1,60,0,960,0,160,64,0,-80,-56,0,1,60,0,320,0,160,72,0,-32,-18,0,0,65,0,1360,16,80,32,0,
0,22,-67,-127,0,1,100,0,1568,0,128,128,0,-80,-48,0,1,30,0,480,72,160,80,0,-74,-64,0,0,100,0,280,264,64,48,0,-40,-60,0,0,100,0,200,264,40,48,0,-4,-15,0,0,100,0,1008,504,40,24,0,10,-17,0,0,100,0,1048,504,24,24,0,6,-42,0,0,100,0,1064,424,32,40,0,-14,-55,0,0,100,0,144,312,40,40,0,-31,-102,0,0,100,0,64,624,64,72,0,4,-68,0,0,100,0,1160,424,64,40,0,-41,-46,0,0,100,0,456,200,56,48,0,-58,-72,0,0,100,0,320,152,136,80,0,-52,-51,0,0,100,0,632,304,48,48,0,-80,-64,0,0,100,0,240,312,56,40,0,-55,-68,0,0,100,0,240,264,40,48,0,-12,-71,0,0,100,0,1160,464,64,40,0,-35,-19,0,0,100,0,1008,528,40,24,0,-18,-22,0,0,100,0,1048,528,24,24,0,-18,-48,0,0,100,0,1064,464,32,40,0,-80,-32,0,1,30,0,960,0,160,64,0,-80,-56,0,1,30,0,480,0,160,72,0,-32,-18,0,0,65,0,1360,16,80,32,0,
0,19,-67,-127,0,1,100,0,1440,128,128,128,0,-74,-63,0,0,100,0,280,264,64,48,0,-40,-59,0,0,100,0,200,264,40,48,0,-4,-15,0,0,100,0,1008,504,40,24,0,10,-17,0,0,100,0,1048,504,24,24,0,6,-42,0,0,100,0,1064,424,32,40,0,-14,-54,0,0,100,0,144,312,40,40,0,-38,-101,0,0,100,0,384,624,64,72,0,4,-67,0,0,100,0,1160,424,64,40,0,-41,-45,0,0,100,0,456,200,56,48,0,-58,-71,0,0,100,0,320,152,136,80,0,-52,-50,0,0,100,0,632,304,48,48,0,-80,-63,0,0,100,0,240,312,56,40,0,-55,-67,0,0,100,0,240,264,40,48,0,-12,-70,0,0,100,0,1160,464,64,40,0,-35,-19,0,0,100,0,1008,528,40,24,0,-18,-22,0,0,100,0,1048,528,24,24,0,-18,-48,0,0,100,0,1064,464,32,40,0,-32,-18,0,0,65,0,1360,16,80,32,0,
0,19,-67,-127,0,1,100,0,1568,128,128,128,0,-74,-64,0,0,100,0,280,264,64,48,0,-40,-60,0,0,100,0,200,264,40,48,0,-4,-15,0,0,100,0,1008,504,40,24,0,10,-17,0,0,100,0,1048,504,24,24,0,6,-42,0,0,100,0,1064,424,32,40,0,-14,-55,0,0,100,0,144,312,40,40,0,-38,-102,0,0,100,0,384,624,64,72,0,4,-68,0,0,100,0,1160,424,64,40,0,-41,-46,0,0,100,0,456,200,56,48,0,-58,-72,0,0,100,0,320,152,136,80,0,-52,-51,0,0,100,0,632,304,48,48,0,-80,-64,0,0,100,0,240,312,56,40,0,-55,-68,0,0,100,0,240,264,40,48,0,-12,-71,0,0,100,0,1160,464,64,40,0,-35,-19,0,0,100,0,1008,528,40,24,0,-18,-22,0,0,100,0,1048,528,24,24,0,-18,-48,0,0,100,0,1064,464,32,40,0,-32,-18,0,0,65,0,1360,16,80,32,0,
0,18,-74,-64,0,0,100,0,280,264,64,48,0,-40,-60,0,0,100,0,200,264,40,48,0,-4,-15,0,0,100,0,1008,504,40,24,0,10,-17,0,0,100,0,1048,504,24,24,0,6,-42,0,0,100,0,1064,424,32,40,0,-14,-55,0,0,100,0,144,312,40,40,0,-38,-102,0,0,100,0,448,624,64,72,0,4,-68,0,0,100,0,1160,424,64,40,0,-41,-46,0,0,100,0,456,200,56,48,0,-58,-72,0,0,100,0,320,152,136,80,0,-52,-51,0,0,100,0,632,304,48,48,0,-80,-64,0,0,100,0,240,312,56,40,0,-55,-68,0,0,100,0,240,264,40,48,0,-12,-71,0,0,100,0,1160,464,64,40,0,-35,-19,0,0,100,0,1008,528,40,24,0,-18,-22,0,0,100,0,1048,528,24,24,0,-18,-48,0,0,100,0,1064,464,32,40,0,-32,-18,0,0,65,0,1360,16,80,32,0,
0,18,-74,-64,0,0,100,0,280,264,64,48,0,-40,-60,0,0,100,0,200,264,40,48,0,-4,-15,0,0,100,0,1008,504,40,24,0,10,-17,0,0,100,0,1048,504,24,24,0,6,-42,0,0,100,0,1064,424,32,40,0,-14,-55,0,0,100,0,144,312,40,40,0,-38,-102,0,0,100,0,512,624,64,72,0,4,-68,0,0,100,0,1160,424,64,40,0,-41,-46,0,0,100,0,456,200,56,48,0,-58,-72,0,0,100,0,320,152,136,80,0,-52,-51,0,0,100,0,632,304,48,48,0,-80,-64,0,0,100,0,240,312,56,40,0,-55,-68,0,0,100,0,240,264,40,48,0,-12,-71,0,0,100,0,1160,464,64,40,0,-35,-19,0,0,100,0,1008,528,40,24,0,-18,-22,0,0,100,0,1048,528,24,24,0,-18,-48,0,0,100,0,1064,464,32,40,0,-32,-18,0,0,65,0,1360,16,80,32,0,
0,18,-73,-62,0,0,100,0,280,264,64,48,0,-39,-58,0,0,100,0,200,264,40,48,0,-4,-15,0,0,100,0,1008,504,40,24,0,10,-16,0,0,100,0,1048,504,24,24,0,7,-41,0,0,100,0,1064,424,32,40,0,-13,-53,0,0,100,0,144,312,40,40,0,5,-66,0,0,100,0,1160,424,64,40,0,-40,-44,0,0,100,0,456,200,56,48,0,-38,-100,0,0,100,0,0,696,64,72,0,-57,-70,0,0,100,0,320,152,136,80,0,-51,-49,0,0,100,0,632,304,48,48,0,-79,-62,0,0,100,0,240,312,56,40,0,-54,-66,0,0,100,0,240,264,40,48,0,-11,-69,0,0,100,0,1160,464,64,40,0,-35,-19,0,0,100,0,1008,528,40,24,0,-18,-21,0,0,100,0,1048,528,24,24,0,-17,-47,0,0,100,0,1064,464,32,40,0,-32,-18,0,0,65,0,1360,16,80,32,0,
0,18,-73,-61,0,0,100,0,280,264,64,48,0,-39,-57,0,0,100,0,200,264,40,48,0,-4,-15,0,0,100,0,1008,504,40,24,0,10,-16,0,0,100,0,1048,504,24,24,0,7,-41,0,0,100,0,1064,424,32,40,0,-13,-52,0,0,100,0,144,312,40,40,0,5,-65,0,0,100,0,1160,424,64,40,0,-40,-43,0,0,100,0,456,200,56,48,0,-38,-99,0,0,100,0,0,696,64,72,0,-57,-69,0,0,100,0,320,152,136,80,0,-51,-48,0,0,100,0,632,304,48,48,0,-79,-61,0,0,100,0,240,312,56,40,0,-54,-65,0,0,100,0,240,264,40,48,0,-11,-68,0,0,100,0,1160,464,64,40,0,-35,-19,0,0,100,0,1008,528,40,24,0,-18,-21,0,0,100,0,1048,528,24,24,0,-17,-47,0,0,100,0,1064,464,32,40,0,-32,-18,0,0,65,0,1360,16,80,32,0,
0,23,-76,-78,0,1,100,0,1088,560,64,64,0,-61,-77,0,0,100,0,1224,424,56,56,0,-69,-69,0,0,100,0,1280,424,40,48,0,-36,-67,0,0,100,0,352,320,40,40,0,-1,-15,0,0,100,0,1008,504,40,24,0,13,-18,0,0,100,0,1048,504,24,24,0,8,-43,0,0,100,0,1064,424,32,40,0,-8,-60,0,0,100,0,144,312,40,40,0,10,-71,0,0,100,0,1160,424,64,40,0,-35,-51,0,0,100,0,456,200,56,48,0,-26,-110,0,0,100,0,64,624,64,72,0,-52,-77,0,0,100,0,320,152,136,80,0,-20,-72,0,0,100,0,224,0,32,24,0,-46,-56,0,0,100,0,632,304,48,48,0,-91,-96,0,1,100,0,1088,560,64,64,0,-71,-86,0,0,100,0,1320,424,48,48,0,-71,-83,0,0,100,0,1368,424,32,40,0,-50,-82,0,0,100,0,240,264,40,48,0,-6,-74,0,0,100,0,1160,464,64,40,0,-38,-19,0,0,100,0,1008,528,40,24,0,-20,-23,0,0,100,0,1048,528,24,24,0,-20,-49,0,0,100,0,1064,464,32,40,0,-32,-18,0,0,65,0,1360,16,80,32,0,
0,25,-96,-91,0,1,100,0,1800,800,96,96,0,-83,-79,0,1,100,0,1536,800,72,72,0,-59,-74,0,0,100,0,1224,424,56,56,0,-67,-66,0,0,100,0,1280,424,40,48,0,-34,-64,0,0,100,0,352,320,40,40,0,-1,-15,0,0,100,0,1008,504,40,24,0,14,-18,0,0,100,0,1048,504,24,24,0,10,-42,0,0,100,0,1064,424,32,40,0,-7,-58,0,0,100,0,144,312,40,40,0,-26,-107,0,0,100,0,0,192,64,72,0,11,-68,0,0,100,0,1160,424,64,40,0,-34,-50,0,0,100,0,456,200,56,48,0,-51,-75,0,0,100,0,320,152,136,80,0,-19,-70,0,0,100,0,224,0,32,24,0,-45,-55,0,0,100,0,632,304,48,48,0,-108,-110,0,1,100,0,1800,800,96,96,0,-96,-98,0,1,100,0,1536,800,72,72,0,-71,-83,0,0,100,0,1320,424,48,48,0,-71,-80,0,0,100,0,1368,424,32,40,0,-50,-79,0,0,100,0,240,264,40,48,0,-6,-71,0,0,100,0,1160,464,64,40,0,-38,-19,0,0,100,0,1008,528,40,24,0,-20,-22,0,0,100,0,1048,528,24,24,0,-20,-48,0,0,100,0,1064,464,32,40,0,-32,-18,0,0,65,0,1360,16,80,32,0,
0,29,-90,-91,0,1,100,0,1440,784,96,96,0,-104,-108,0,1,100,0,896,792,112,120,0,-96,-91,0,1,100,0,1704,800,96,96,0,-83,-79,0,1,80,0,1536,800,72,72,0,-60,-75,0,0,100,0,1224,424,56,56,0,-68,-67,0,0,100,0,1280,424,40,48,0,-35,-65,0,0,100,0,352,320,40,40,0,-1,-15,0,0,100,0,1008,504,40,24,0,14,-18,0,0,100,0,1048,504,24,24,0,10,-43,0,0,100,0,1064,424,32,40,0,-7,-59,0,0,100,0,144,312,40,40,0,-26,-108,0,0,100,0,64,192,64,72,0,11,-69,0,0,100,0,1160,424,64,40,0,-34,-50,0,0,100,0,456,200,56,48,0,-51,-76,0,0,100,0,320,152,136,80,0,-19,-70,0,0,100,0,224,0,32,24,0,-45,-55,0,0,100,0,632,304,48,48,0,-105,-108,0,1,100,0,1440,784,96,96,0,-112,-125,0,1,100,0,1008,792,112,120,0,-108,-110,0,1,100,0,1704,800,96,96,0,-96,-98,0,1,80,0,1536,800,72,72,0,-70,-84,0,0,100,0,1320,424,48,48,0,-70,-81,0,0,100,0,1368,424,32,40,0,-49,-80,0,0,100,0,240,264,40,48,0,-5,-72,0,0,100,0,1160,464,64,40,0,-38,-19,0,0,100,0,1008,528,40,24,0,-20,-22,0,0,100,0,1048,528,24,24,0,-20,-49,0,0,100,0,1064,464,32,40,0,-32,-18,0,0,65,0,1360,16,80,32,0,
0,29,-92,-88,0,1,100,-90,1344,784,96,96,0,-104,-108,0,1,100,0,1008,792,112,120,0,-96,-91,0,1,100,0,1608,800,96,96,0,-83,-79,0,1,60,0,1536,800,72,72,0,-60,-75,0,0,100,0,1224,424,56,56,0,-68,-67,0,0,100,0,1280,424,40,48,0,-35,-65,0,0,100,0,352,320,40,40,0,-1,-15,0,0,100,0,1008,504,40,24,0,14,-18,0,0,100,0,1048,504,24,24,0,10,-43,0,0,100,0,1064,424,32,40,0,-7,-59,0,0,100,0,144,312,40,40,0,-26,-108,0,0,100,0,128,192,64,72,0,11,-69,0,0,100,0,1160,424,64,40,0,-34,-50,0,0,100,0,456,200,56,48,0,-51,-76,0,0,100,0,320,152,136,80,0,-19,-70,0,0,100,0,224,0,32,24,0,-45,-55,0,0,100,0,632,304,48,48,0,-107,-105,0,1,100,-90,1344,784,96,96,0,-112,-125,0,1,100,0,1120,792,112,112,0,-108,-110,0,1,100,0,1608,800,96,96,0,-96,-98,0,1,60,0,1536,800,72,72,0,-70,-84,0,0,100,0,1320,424,48,48,0,-70,-81,0,0,100,0,1368,424,32,40,0,-49,-80,0,0,100,0,240,264,40,48,0,-5,-72,0,0,100,0,1160,464,64,40,0,-38,-19,0,0,100,0,1008,528,40,24,0,-20,-22,0,0,100,0,1048,528,24,24,0,-20,-49,0,0,100,0,1064,464,32,40,0,-32,-18,0,0,65,0,1360,16,80,32,0,
0,31,-95,-90,0,1,100,-180,1440,784,96,96,0,-104,-108,0,1,100,0,1120,792,112,120,0,-96,-91,0,1,50,0,1800,800,96,96,0,-96,-91,0,1,50,0,1608,800,96,96,0,-83,-79,0,1,80,0,1536,800,72,72,0,-60,-75,0,0,100,0,1224,424,56,56,0,-68,-67,0,0,100,0,1280,424,40,48,0,-35,-65,0,0,100,0,352,320,40,40,0,-1,-15,0,0,100,0,1008,504,40,24,0,14,-18,0,0,100,0,1048,504,24,24,0,10,-43,0,0,100,0,1064,424,32,40,0,-7,-59,0,0,100,0,144,312,40,40,0,-26,-108,0,0,100,0,192,192,64,72,0,11,-69,0,0,100,0,1160,424,64,40,0,-34,-50,0,0,100,0,456,200,56,48,0,-51,-76,0,0,100,0,320,152,136,80,0,-19,-70,0,0,100,0,224,0,32,24,0,-45,-55,0,0,100,0,632,304,48,48,0,-110,-107,0,1,100,-180,1440,784,96,96,0,-112,-125,0,1,100,0,1232,792,112,120,0,-108,-110,0,1,50,0,1800,800,96,96,0,-108,-110,0,1,50,0,1608,800,96,96,0,-96,-98,0,1,80,0,1536,800,72,72,0,-70,-84,0,0,100,0,1320,424,48,48,0,-70,-81,0,0,100,0,1368,424,32,40,0,-49,-80,0,0,100,0,240,264,40,48,0,-5,-72,0,0,100,0,1160,464,64,40,0,-38,-19,0,0,100,0,1008,528,40,24,0,-20,-22,0,0,100,0,1048,528,24,24,0,-20,-49,0,0,100,0,1064,464,32,40,0,-32,-18,0,0,65,0,1360,16,80,32,0,
0,30,9,-84,0,1,100,0,1696,0,64,64,0,-93,-94,0,1,100,-270,1344,784,96,96,0,-104,-108,0,1,100,0,1232,792,112,120,0,-96,-91,0,1,100,0,1800,800,96,96,0,-83,-79,0,1,100,0,1536,800,72,72,0,-60,-75,0,0,100,0,1224,424,56,56,0,-68,-67,0,0,100,0,1280,424,40,48,0,-35,-65,0,0,100,0,352,320,40,40,0,-1,-15,0,0,100,0,1008,504,40,24,0,14,-18,0,0,100,0,1048,504,24,24,0,10,-43,0,0,100,0,1064,424,32,40,0,-7,-59,0,0,100,0,144,312,40,40,0,-26,-108,0,0,100,0,0,192,64,72,0,11,-69,0,0,100,0,1160,424,64,40,0,-34,-50,0,0,100,0,456,200,56,48,0,-51,-76,0,0,100,0,320,152,136,80,0,-19,-70,0,0,100,0,224,0,32,24,0,-45,-55,0,0,100,0,632,304,48,48,0,-108,-111,0,1,100,-270,1344,784,96,96,0,-112,-125,0,1,100,0,896,792,112,120,0,-108,-110,0,1,100,0,1800,800,96,96,0,-96,-98,0,1,100,0,1536,800,72,72,0,-70,-84,0,0,100,0,1320,424,48,48,0,-70,-81,0,0,100,0,1368,424,32,40,0,-49,-80,0,0,100,0,240,264,40,48,0,-5,-72,0,0,100,0,1160,464,64,40,0,-38,-19,0,0,100,0,1008,528,40,24,0,-20,-22,0,0,100,0,1048,528,24,24,0,-20,-49,0,0,100,0,1064,464,32,40,0,-32,-18,0,0,65,0,1360,16,80,32,0,
0,30,-25,-78,0,1,100,0,1760,0,64,64,0,-90,-91,0,1,100,0,1440,784,96,96,0,-104,-108,0,1,100,0,896,792,112,120,0,-96,-91,0,1,100,0,1704,800,96,96,0,-83,-79,0,1,80,0,1536,800,72,72,0,-60,-75,0,0,100,0,1224,424,56,56,0,-68,-67,0,0,100,0,1280,424,40,48,0,-35,-65,0,0,100,0,352,320,40,40,0,-1,-15,0,0,100,0,1008,504,40,24,0,14,-18,0,0,100,0,1048,504,24,24,0,10,-43,0,0,100,0,1064,424,32,40,0,-7,-59,0,0,100,0,144,312,40,40,0,-26,-108,0,0,100,0,64,192,64,72,0,11,-69,0,0,100,0,1160,424,64,40,0,-34,-50,0,0,100,0,456,200,56,48,0,-51,-76,0,0,100,0,320,152,136,80,0,-19,-70,0,0,100,0,224,0,32,24,0,-45,-55,0,0,100,0,632,304,48,48,0,-105,-108,0,1,100,0,1440,784,96,96,0,-112,-125,0,1,100,0,1008,792,112,120,0,-108,-110,0,1,100,0,1704,800,96,96,0,-96,-98,0,1,80,0,1536,800,72,72,0,-70,-84,0,0,100,0,1320,424,48,48,0,-70,-81,0,0,100,0,1368,424,32,40,0,-49,-80,0,0,100,0,240,264,40,48,0,-5,-72,0,0,100,0,1160,464,64,40,0,-38,-19,0,0,100,0,1008,528,40,24,0,-20,-22,0,0,100,0,1048,528,24,24,0,-20,-49,0,0,100,0,1064,464,32,40,0,-32,-18,0,0,65,0,1360,16,80,32,0,
0,29,-92,-88,0,1,100,-90,1344,784,96,96,0,-104,-108,0,1,100,0,1008,792,112,120,0,-96,-91,0,1,100,0,1608,800,96,96,0,-83,-79,0,1,60,0,1536,800,72,72,0,-60,-75,0,0,100,0,1224,424,56,56,0,-68,-67,0,0,100,0,1280,424,40,48,0,-35,-65,0,0,100,0,352,320,40,40,0,-1,-15,0,0,100,0,1008,504,40,24,0,14,-18,0,0,100,0,1048,504,24,24,0,10,-43,0,0,100,0,1064,424,32,40,0,-7,-59,0,0,100,0,144,312,40,40,0,-26,-108,0,0,100,0,128,192,64,72,0,11,-69,0,0,100,0,1160,424,64,40,0,-34,-50,0,0,100,0,456,200,56,48,0,-51,-76,0,0,100,0,320,152,136,80,0,-19,-70,0,0,100,0,224,0,32,24,0,-45,-55,0,0,100,0,632,304,48,48,0,-107,-105,0,1,100,-90,1344,784,96,96,0,-112,-125,0,1,100,0,1120,792,112,112,0,-108,-110,0,1,100,0,1608,800,96,96,0,-96,-98,0,1,60,0,1536,800,72,72,0,-70,-84,0,0,100,0,1320,424,48,48,0,-70,-81,0,0,100,0,1368,424,32,40,0,-49,-80,0,0,100,0,240,264,40,48,0,-5,-72,0,0,100,0,1160,464,64,40,0,-38,-19,0,0,100,0,1008,528,40,24,0,-20,-22,0,0,100,0,1048,528,24,24,0,-20,-49,0,0,100,0,1064,464,32,40,0,-32,-18,0,0,65,0,1360,16,80,32,0,
0,31,-95,-90,0,1,100,-180,1440,784,96,96,0,-104,-108,0,1,100,0,1120,792,112,120,0,-96,-91,0,1,50,0,1800,800,96,96,0,-96,-91,0,1,50,0,1608,800,96,96,0,-83,-79,0,1,80,0,1536,800,72,72,0,-60,-75,0,0,100,0,1224,424,56,56,0,-68,-67,0,0,100,0,1280,424,40,48,0,-35,-65,0,0,100,0,352,320,40,40,0,-1,-15,0,0,100,0,1008,504,40,24,0,14,-18,0,0,100,0,1048,504,24,24,0,10,-43,0,0,100,0,1064,424,32,40,0,-7,-59,0,0,100,0,144,312,40,40,0,-26,-108,0,0,100,0,192,192,64,72,0,11,-69,0,0,100,0,1160,424,64,40,0,-34,-50,0,0,100,0,456,200,56,48,0,-51,-76,0,0,100,0,320,152,136,80,0,-19,-70,0,0,100,0,224,0,32,24,0,-45,-55,0,0,100,0,632,304,48,48,0,-110,-107,0,1,100,-180,1440,784,96,96,0,-112,-125,0,1,100,0,1232,792,112,120,0,-108,-110,0,1,50,0,1800,800,96,96,0,-108,-110,0,1,50,0,1608,800,96,96,0,-96,-98,0,1,80,0,1536,800,72,72,0,-70,-84,0,0,100,0,1320,424,48,48,0,-70,-81,0,0,100,0,1368,424,32,40,0,-49,-80,0,0,100,0,240,264,40,48,0,-5,-72,0,0,100,0,1160,464,64,40,0,-38,-19,0,0,100,0,1008,528,40,24,0,-20,-22,0,0,100,0,1048,528,24,24,0,-20,-49,0,0,100,0,1064,464,32,40,0,-32,-18,0,0,65,0,1360,16,80,32,0,
0,30,-5,-63,0,1,100,0,1696,64,64,64,0,-93,-94,0,1,100,-270,1344,784,96,96,0,-104,-108,0,1,100,0,1232,792,112,120,0,-96,-91,0,1,100,0,1800,800,96,96,0,-83,-79,0,1,100,0,1536,800,72,72,0,-60,-75,0,0,100,0,1224,424,56,56,0,-68,-67,0,0,100,0,1280,424,40,48,0,-35,-65,0,0,100,0,352,320,40,40,0,-1,-15,0,0,100,0,1008,504,40,24,0,14,-18,0,0,100,0,1048,504,24,24,0,10,-43,0,0,100,0,1064,424,32,40,0,-7,-59,0,0,100,0,144,312,40,40,0,-26,-108,0,0,100,0,0,192,64,72,0,11,-69,0,0,100,0,1160,424,64,40,0,-34,-50,0,0,100,0,456,200,56,48,0,-51,-76,0,0,100,0,320,152,136,80,0,-19,-70,0,0,100,0,224,0,32,24,0,-45,-55,0,0,100,0,632,304,48,48,0,-108,-111,0,1,100,-270,1344,784,96,96,0,-112,-125,0,1,100,0,896,792,112,120,0,-108,-110,0,1,100,0,1800,800,96,96,0,-96,-98,0,1,100,0,1536,800,72,72,0,-70,-84,0,0,100,0,1320,424,48,48,0,-70,-81,0,0,100,0,1368,424,32,40,0,-49,-80,0,0,100,0,240,264,40,48,0,-5,-72,0,0,100,0,1160,464,64,40,0,-38,-19,0,0,100,0,1008,528,40,24,0,-20,-22,0,0,100,0,1048,528,24,24,0,-20,-49,0,0,100,0,1064,464,32,40,0,-32,-18,0,0,65,0,1360,16,80,32,0,
0,30,-33,-85,0,1,100,0,1760,64,64,64,0,-90,-91,0,1,100,0,1440,784,96,96,0,-104,-108,0,1,100,0,896,792,112,120,0,-96,-91,0,1,100,0,1704,800,96,96,0,-83,-79,0,1,80,0,1536,800,72,72,0,-60,-75,0,0,100,0,1224,424,56,56,0,-68,-67,0,0,100,0,1280,424,40,48,0,-35,-65,0,0,100,0,352,320,40,40,0,-1,-15,0,0,100,0,1008,504,40,24,0,14,-18,0,0,100,0,1048,504,24,24,0,10,-43,0,0,100,0,1064,424,32,40,0,-7,-59,0,0,100,0,144,312,40,40,0,-26,-108,0,0,100,0,64,192,64,72,0,11,-69,0,0,100,0,1160,424,64,40,0,-34,-50,0,0,100,0,456,200,56,48,0,-51,-76,0,0,100,0,320,152,136,80,0,-19,-70,0,0,100,0,224,0,32,24,0,-45,-55,0,0,100,0,632,304,48,48,0,-105,-108,0,1,100,0,1440,784,96,96,0,-112,-125,0,1,100,0,1008,792,112,120,0,-108,-110,0,1,100,0,1704,800,96,96,0,-96,-98,0,1,80,0,1536,800,72,72,0,-70,-84,0,0,100,0,1320,424,48,48,0,-70,-81,0,0,100,0,1368,424,32,40,0,-49,-80,0,0,100,0,240,264,40,48,0,-5,-72,0,0,100,0,1160,464,64,40,0,-38,-19,0,0,100,0,1008,528,40,24,0,-20,-22,0,0,100,0,1048,528,24,24,0,-20,-49,0,0,100,0,1064,464,32,40,0,-32,-18,0,0,65,0,1360,16,80,32,0,
0,29,-92,-88,0,1,100,-90,1344,784,96,96,0,-104,-108,0,1,100,0,1008,792,112,120,0,-96,-91,0,1,100,0,1608,800,96,96,0,-83,-79,0,1,60,0,1536,800,72,72,0,-60,-75,0,0,100,0,1224,424,56,56,0,-68,-67,0,0,100,0,1280,424,40,48,0,-35,-65,0,0,100,0,352,320,40,40,0,-1,-15,0,0,100,0,1008,504,40,24,0,14,-18,0,0,100,0,1048,504,24,24,0,10,-43,0,0,100,0,1064,424,32,40,0,-7,-59,0,0,100,0,144,312,40,40,0,-26,-108,0,0,100,0,128,192,64,72,0,11,-69,0,0,100,0,1160,424,64,40,0,-34,-50,0,0,100,0,456,200,56,48,0,-51,-76,0,0,100,0,320,152,136,80,0,-19,-70,0,0,100,0,224,0,32,24,0,-45,-55,0,0,100,0,632,304,48,48,0,-107,-105,0,1,100,-90,1344,784,96,96,0,-112,-125,0,1,100,0,1120,792,112,112,0,-108,-110,0,1,100,0,1608,800,96,96,0,-96,-98,0,1,60,0,1536,800,72,72,0,-70,-84,0,0,100,0,1320,424,48,48,0,-70,-81,0,0,100,0,1368,424,32,40,0,-49,-80,0,0,100,0,240,264,40,48,0,-5,-72,0,0,100,0,1160,464,64,40,0,-38,-19,0,0,100,0,1008,528,40,24,0,-20,-22,0,0,100,0,1048,528,24,24,0,-20,-49,0,0,100,0,1064,464,32,40,0,-32,-18,0,0,65,0,1360,16,80,32,0,
0,31,-95,-90,0,1,100,-180,1440,784,96,96,0,-104,-108,0,1,100,0,1120,792,112,120,0,-96,-91,0,1,50,0,1800,800,96,96,0,-96,-91,0,1,50,0,1608,800,96,96,0,-83,-79,0,1,80,0,1536,800,72,72,0,-60,-75,0,0,100,0,1224,424,56,56,0,-68,-67,0,0,100,0,1280,424,40,48,0,-35,-65,0,0,100,0,352,320,40,40,0,-1,-15,0,0,100,0,1008,504,40,24,0,14,-18,0,0,100,0,1048,504,24,24,0,10,-43,0,0,100,0,1064,424,32,40,0,-7,-59,0,0,100,0,144,312,40,40,0,-26,-108,0,0,100,0,192,192,64,72,0,11,-69,0,0,100,0,1160,424,64,40,0,-34,-50,0,0,100,0,456,200,56,48,0,-51,-76,0,0,100,0,320,152,136,80,0,-19,-70,0,0,100,0,224,0,32,24,0,-45,-55,0,0,100,0,632,304,48,48,0,-110,-107,0,1,100,-180,1440,784,96,96,0,-112,-125,0,1,100,0,1232,792,112,120,0,-108,-110,0,1,50,0,1800,800,96,96,0,-108,-110,0,1,50,0,1608,800,96,96,0,-96,-98,0,1,80,0,1536,800,72,72,0,-70,-84,0,0,100,0,1320,424,48,48,0,-70,-81,0,0,100,0,1368,424,32,40,0,-49,-80,0,0,100,0,240,264,40,48,0,-5,-72,0,0,100,0,1160,464,64,40,0,-38,-19,0,0,100,0,1008,528,40,24,0,-20,-22,0,0,100,0,1048,528,24,24,0,-20,-49,0,0,100,0,1064,464,32,40,0,-32,-18,0,0,65,0,1360,16,80,32,0,
0,29,-95,-91,0,1,100,-270,1344,784,96,96,0,-106,-105,0,1,100,0,1232,792,112,120,0,-98,-88,0,1,100,0,1800,800,96,96,0,-85,-76,0,1,100,0,1536,800,72,72,0,-60,-73,0,0,100,0,1224,424,56,56,0,-68,-65,0,0,100,0,1280,424,40,48,0,-35,-63,0,0,100,0,352,320,40,40,0,-1,-15,0,0,100,0,1008,504,40,24,0,14,-17,0,0,100,0,1048,504,24,24,0,11,-42,0,0,100,0,1064,424,32,40,0,-7,-57,0,0,100,0,144,312,40,40,0,-25,-107,0,0,100,0,64,624,64,72,0,11,-67,0,0,100,0,1160,424,64,40,0,-34,-48,0,0,100,0,456,200,56,48,0,-51,-74,0,0,100,0,320,152,136,80,0,-19,-68,0,0,100,0,224,0,32,24,0,-45,-53,0,0,100,0,632,304,48,48,0,-113,-110,0,1,100,-270,1344,784,96,96,0,-117,-124,0,1,100,0,896,792,112,120,0,-113,-109,0,1,100,0,1800,800,96,96,0,-101,-97,0,1,100,0,1536,800,72,72,0,-70,-82,0,0,100,0,1320,424,48,48,0,-70,-79,0,0,100,0,1368,424,32,40,0,-49,-78,0,0,100,0,240,264,40,48,0,-5,-70,0,0,100,0,1160,464,64,40,0,-38,-19,0,0,100,0,1008,528,40,24,0,-20,-21,0,0,100,0,1048,528,24,24,0,-19,-48,0,0,100,0,1064,464,32,40,0,-32,-18,0,0,65,0,1360,16,80,32,0,
0,30,-90,-89,0,1,100,0,1440,784,96,96,0,-104,-106,0,1,100,0,896,792,112,120,0,-96,-89,0,1,100,0,1704,800,96,96,0,-83,-77,0,1,80,0,1536,800,72,72,0,-60,-71,0,0,100,0,1224,424,56,56,0,-68,-63,0,0,100,0,1280,424,40,48,0,-35,-61,0,0,100,0,352,320,40,40,0,-1,-15,0,0,100,0,1008,504,40,24,0,14,-17,0,0,100,0,1048,504,24,24,0,11,-42,0,0,100,0,1064,424,32,40,0,-7,-56,0,0,100,0,144,312,40,40,0,-35,-100,0,0,100,0,64,696,64,72,0,11,-66,0,0,100,0,1160,424,64,40,0,-34,-47,0,0,100,0,456,200,56,48,0,-51,-73,0,0,100,0,320,152,136,80,0,-26,-76,0,0,100,0,192,0,32,32,0,-19,-67,0,0,100,0,224,0,32,24,0,-45,-52,0,0,100,0,632,304,48,48,0,-105,-106,0,1,100,0,1440,784,96,96,0,-112,-123,0,1,100,0,1008,792,112,120,0,-108,-108,0,1,100,0,1704,800,96,96,0,-96,-96,0,1,80,0,1536,800,72,72,0,-70,-80,0,0,100,0,1320,424,48,48,0,-70,-77,0,0,100,0,1368,424,32,40,0,-49,-76,0,0,100,0,240,264,40,48,0,-5,-69,0,0,100,0,1160,464,64,40,0,-38,-19,0,0,100,0,1008,528,40,24,0,-20,-21,0,0,100,0,1048,528,24,24,0,-19,-48,0,0,100,0,1064,464,32,40,0,-32,-18,0,0,65,0,1360,16,80,32,0,
0,29,-97,-140,0,1,100,-90,1344,784,96,96,0,-109,-160,0,1,100,0,1008,792,112,120,0,-101,-143,0,1,100,0,1608,800,96,96,0,-88,-131,0,1,60,0,1536,800,72,72,0,-63,-127,0,0,100,0,1224,424,56,56,0,-71,-119,0,0,100,0,1280,424,40,48,0,-37,-118,0,0,100,0,200,264,40,48,0,8,-67,0,0,100,0,1072,504,32,32,0,11,-70,0,0,100,0,1048,504,24,24,0,8,-95,0,0,100,0,1064,424,32,40,0,-11,-110,0,0,100,0,144,312,40,40,0,-40,-153,0,0,100,0,64,696,64,72,0,7,-121,0,0,100,0,1160,424,64,40,0,-38,-101,0,0,100,0,456,200,56,48,0,-55,-127,0,0,100,0,320,152,136,80,0,-31,-129,0,0,100,0,192,0,32,32,0,-49,-106,0,0,100,0,632,304,48,48,0,-115,-150,0,1,100,-90,1344,784,96,96,0,-120,-170,0,1,100,0,1120,792,112,112,0,-116,-155,0,1,100,0,1608,800,96,96,0,-104,-143,0,1,60,0,1536,800,72,72,0,-75,-125,0,0,100,0,1320,424,48,48,0,-75,-122,0,0,100,0,1368,424,32,40,0,-57,-123,0,0,100,0,240,264,40,48,0,-9,-124,0,0,100,0,1160,464,64,40,0,-17,-72,0,0,100,0,1104,504,24,32,0,-15,-76,0,0,100,0,1048,528,24,24,0,-14,-103,0,0,100,0,1064,464,32,40,0,-35,-18,0,0,65,0,1360,16,80,32,0,
0,27,-112,-198,0,1,100,-180,1440,784,96,96,0,-121,-216,0,1,100,0,1120,792,112,120,0,-113,-199,0,1,50,0,1800,800,96,96,0,-113,-199,0,1,50,0,1608,800,96,96,0,-100,-187,0,1,80,0,1536,800,72,72,0,-72,-180,0,0,100,0,1224,424,56,56,0,-80,-172,0,0,100,0,1280,424,40,48,0,-46,-171,0,0,100,0,200,264,40,48,0,-10,-158,0,0,100,0,256,360,64,72,0,-20,-162,0,0,100,0,144,312,40,40,0,-49,-205,0,0,100,0,64,696,64,72,0,-2,-173,0,0,100,0,1160,424,64,40,0,-47,-153,0,0,100,0,456,200,56,48,0,-64,-179,0,0,100,0,320,152,136,80,0,-40,-181,0,0,100,0,192,0,32,32,0,-58,-158,0,0,100,0,632,304,48,48,0,-128,-204,0,1,100,-180,1440,784,96,96,0,-130,-222,0,1,100,0,1232,792,112,120,0,-126,-207,0,1,50,0,1800,800,96,96,0,-126,-207,0,1,50,0,1608,800,96,96,0,-114,-195,0,1,80,0,1536,800,72,72,0,-84,-178,0,0,100,0,1320,424,48,48,0,-84,-175,0,0,100,0,1368,424,32,40,0,-66,-176,0,0,100,0,240,264,40,48,0,-18,-176,0,0,100,0,1160,464,64,40,0,-38,-170,0,0,100,0,256,432,64,72,0,-35,-18,0,0,65,0,1360,16,80,32,0,
0,22,-51,-209,0,1,100,0,576,816,80,96,0,-117,-188,0,1,100,-270,1344,784,96,96,0,-128,-202,0,1,100,0,1232,792,112,120,0,-120,-185,0,1,100,0,1800,800,96,96,0,-92,-177,0,0,100,0,1224,480,88,72,0,-107,-173,0,1,100,0,1536,800,72,72,0,-11,-163,0,0,100,0,256,360,64,72,0,-21,-167,0,0,100,0,144,312,40,40,0,-50,-210,0,0,100,0,64,696,64,72,0,-7,-183,0,0,100,0,1096,424,64,40,0,-48,-158,0,0,100,0,456,200,56,48,0,-65,-184,0,0,100,0,320,152,136,80,0,-41,-186,0,0,100,0,192,0,32,32,0,-59,-163,0,0,100,0,632,304,48,48,0,-121,-224,0,1,100,-270,1344,784,96,96,0,-125,-238,0,1,100,0,896,792,112,120,0,-121,-223,0,1,100,0,1800,800,96,96,0,-92,-206,0,0,100,0,1312,472,72,64,0,-109,-211,0,1,100,0,1536,800,72,72,0,-15,-200,0,0,100,0,1096,464,64,40,0,-39,-175,0,0,100,0,256,432,64,72,0,-36,-18,0,0,65,0,1360,16,80,32,0,
0,23,-65,-258,0,1,100,0,576,816,80,96,0,-51,-209,0,1,100,0,656,816,80,96,0,-112,-190,0,1,100,0,1440,784,96,96,0,-126,-207,0,1,100,0,896,792,112,120,0,-118,-190,0,1,100,0,1704,800,96,96,0,-92,-180,0,0,100,0,1224,480,88,72,0,-105,-178,0,1,80,0,1536,800,72,72,0,-11,-165,0,0,100,0,256,360,64,72,0,-22,-168,0,0,100,0,144,312,40,40,0,-51,-211,0,0,100,0,64,696,64,72,0,-7,-183,0,0,100,0,1096,424,64,40,0,-49,-159,0,0,100,0,456,200,56,48,0,-66,-185,0,0,100,0,320,152,136,80,0,-42,-187,0,0,100,0,192,0,32,32,0,-60,-164,0,0,100,0,632,304,48,48,0,-115,-223,0,1,100,0,1440,784,96,96,0,-122,-240,0,1,100,0,1008,792,112,120,0,-118,-225,0,1,100,0,1704,800,96,96,0,-92,-209,0,0,100,0,1312,472,72,64,0,-106,-213,0,1,80,0,1536,800,72,72,0,-15,-200,0,0,100,0,1096,464,64,40,0,-40,-177,0,0,100,0,256,432,64,72,0,-37,-18,0,0,65,0,1360,16,80,32,0,
0,23,-65,-258,0,1,100,0,656,816,80,96,0,-51,-209,0,1,100,0,736,816,80,96,0,-115,-190,0,1,100,-90,1344,784,96,96,0,-127,-210,0,1,100,0,1008,792,112,120,0,-119,-193,0,1,100,0,1608,800,96,96,0,-92,-182,0,0,100,0,1224,480,88,72,0,-106,-181,0,1,60,0,1536,800,72,72,0,-12,-166,0,0,100,0,256,360,64,72,0,-23,-169,0,0,100,0,144,312,40,40,0,-52,-212,0,0,100,0,64,696,64,72,0,-8,-183,0,0,100,0,1096,424,64,40,0,-50,-160,0,0,100,0,456,200,56,48,0,-67,-186,0,0,100,0,320,152,136,80,0,-43,-188,0,0,100,0,192,0,32,32,0,-61,-165,0,0,100,0,632,304,48,48,0,-118,-224,0,1,100,-90,1344,784,96,96,0,-123,-244,0,1,100,0,1120,792,112,112,0,-119,-229,0,1,100,0,1608,800,96,96,0,-92,-211,0,0,100,0,1312,472,72,64,0,-107,-217,0,1,60,0,1536,800,72,72,0,-16,-200,0,0,100,0,1096,464,64,40,0,-41,-178,0,0,100,0,256,432,64,72,0,-38,-18,0,0,65,0,1360,16,80,32,0,
0,25,-65,-258,0,1,100,0,736,816,80,96,0,-51,-209,0,1,100,0,816,816,80,96,0,-114,-168,0,1,100,-180,1440,784,96,96,0,-123,-186,0,1,100,0,1120,792,112,120,0,-115,-169,0,1,50,0,1800,800,96,96,0,-115,-169,0,1,50,0,1608,800,96,96,0,-95,-160,0,0,100,0,1224,480,88,72,0,-102,-157,0,1,80,0,1536,800,72,72,0,-15,-144,0,0,100,0,256,360,64,72,0,-26,-146,0,0,100,0,144,312,40,40,0,-55,-189,0,0,100,0,64,696,64,72,0,-11,-162,0,0,100,0,1096,424,64,40,0,-53,-137,0,0,100,0,456,200,56,48,0,-70,-163,0,0,100,0,320,152,136,80,0,-46,-165,0,0,100,0,192,0,32,32,0,-64,-142,0,0,100,0,632,304,48,48,0,-122,-208,0,1,100,-180,1440,784,96,96,0,-124,-226,0,1,100,0,1232,792,112,120,0,-120,-211,0,1,50,0,1800,800,96,96,0,-120,-211,0,1,50,0,1608,800,96,96,0,-95,-189,0,0,100,0,1312,472,72,64,0,-108,-199,0,1,80,0,1536,800,72,72,0,-19,-179,0,0,100,0,1096,464,64,40,0,-44,-156,0,0,100,0,256,432,64,72,0,-39,-18,0,0,65,0,1360,16,80,32,0,
0,22,-114,-209,1,1,100,0,816,816,80,96,0,-65,-258,0,1,100,0,816,816,80,96,0,-118,-133,0,1,100,-270,1344,784,96,96,0,-129,-147,0,1,100,0,1232,792,112,120,0,-121,-130,0,1,100,0,1800,800,96,96,0,-97,-121,0,0,100,0,1224,480,88,72,0,-108,-118,0,1,100,0,1536,800,72,72,0,-17,-105,0,0,100,0,256,360,64,72,0,-28,-107,0,0,100,0,144,312,40,40,0,-60,-166,0,0,100,0,128,696,64,72,0,-13,-123,0,0,100,0,1096,424,64,40,0,-55,-98,0,0,100,0,456,200,56,48,0,-72,-124,0,0,100,0,320,152,136,80,0,-66,-103,0,0,100,0,632,304,48,48,0,-128,-184,0,1,100,0,896,792,112,120,0,-124,-170,0,1,100,-270,1344,784,96,96,0,-124,-169,0,1,100,0,1800,800,96,96,0,-97,-150,0,0,100,0,1312,472,72,64,0,-112,-157,0,1,100,0,1536,800,72,72,0,-21,-140,0,0,100,0,1096,464,64,40,0,-46,-117,0,0,100,0,256,432,64,72,0,-43,-18,0,0,65,0,1360,16,80,32,0,
0,10,-164,-114,0,1,100,0,576,912,176,168,0,-100,-155,0,1,100,0,80,1056,112,184,0,-104,-149,0,1,100,0,80,1056,112,184,0,-71,-112,0,0,100,0,128,696,64,72,0,-15,-71,0,0,100,0,448,432,64,72,0,-87,-54,0,0,100,0,448,344,88,88,0,-57,-129,0,0,100,0,536,264,96,136,0,-189,-157,0,1,100,0,576,912,176,168,0,-101,-68,0,0,100,0,456,264,80,80,0,-44,-18,0,0,65,0,1360,16,80,32,0,
0,14,-227,-104,0,1,100,0,576,912,176,168,0,-164,-114,0,1,100,0,752,912,176,168,0,-106,-169,0,1,100,0,80,1056,112,184,0,-106,-147,0,1,100,0,80,1056,112,184,0,-71,-107,0,0,100,0,128,696,64,72,0,-15,-70,0,0,100,0,448,432,64,72,0,-87,-52,0,0,100,0,448,344,88,88,0,-57,-127,0,0,100,0,536,264,96,136,0,-234,-144,0,1,100,0,576,912,176,168,0,-189,-157,0,1,100,0,752,912,176,168,0,-100,-219,0,1,100,0,80,1056,112,184,0,-123,-198,0,1,100,0,80,1056,112,184,0,-101,-66,0,0,100,0,456,264,80,80,0,-44,-18,0,0,65,0,1360,16,80,32,0,
0,16,-292,-119,0,1,100,0,576,912,176,168,0,-227,-104,0,1,100,0,752,912,176,168,0,-164,-114,0,1,100,0,928,912,176,168,0,-106,-175,0,1,60,0,80,1056,112,184,0,-106,-153,0,1,60,0,80,1056,112,184,0,-71,-111,0,0,100,0,192,696,64,72,0,-15,-73,0,0,100,0,448,432,64,72,0,-87,-53,0,0,100,0,448,344,88,88,0,-56,-130,0,0,100,0,536,264,96,136,0,-295,-149,0,1,100,0,576,912,176,168,0,-234,-144,0,1,100,0,752,912,176,168,0,-189,-157,0,1,100,0,928,912,176,168,0,-100,-226,0,1,60,0,80,1056,112,184,0,-123,-205,0,1,60,0,80,1056,112,184,0,-101,-67,0,0,100,0,456,264,80,80,0,-44,-18,0,0,65,0,1360,16,80,32,0,
0,14,-338,-131,0,1,100,0,576,912,176,168,0,-292,-119,0,1,100,0,752,912,176,168,0,-227,-104,0,1,100,0,928,912,176,168,0,-164,-114,0,1,100,0,1104,912,176,168,0,-71,-111,0,0,100,0,256,696,64,72,0,-15,-74,0,0,100,0,448,432,64,72,0,-87,-54,0,0,100,0,448,344,88,88,0,-57,-131,0,0,100,0,536,264,96,136,0,-295,-149,0,1,100,0,752,912,176,168,0,-234,-144,0,1,100,0,928,912,176,168,0,-189,-157,0,1,100,0,1104,912,176,168,0,-101,-68,0,0,100,0,456,264,80,80,0,-295,-47,0,0,30,0,1544,696,312,104,0,-44,-18,0,0,65,0,1360,16,80,32,0,
0,15,-350,-135,0,1,100,0,752,912,176,168,0,-292,-119,0,1,100,0,928,912,176,168,0,-227,-104,0,1,100,0,1104,912,176,168,0,-164,-114,0,1,100,0,1280,912,176,168,0,-282,-63,0,1,40,0,1544,568,296,128,0,-71,-111,0,0,100,0,256,696,64,72,0,-15,-74,0,0,100,0,448,432,64,72,0,-87,-54,0,0,100,0,448,344,88,88,0,-57,-131,0,0,100,0,536,264,96,136,0,-295,-149,0,1,100,0,928,912,176,168,0,-234,-144,0,1,100,0,1104,912,176,168,0,-189,-157,0,1,100,0,1280,912,176,168,0,-101,-68,0,0,100,0,456,264,80,80,0,-295,-47,0,0,60,0,1544,696,312,104,0,-44,-18,0,0,65,0,1360,16,80,32,0,
0,16,-233,-156,0,1,100,0,1192,624,128,160,0,-350,-135,0,1,100,0,928,912,176,168,0,-292,-119,0,1,100,0,1104,912,176,168,0,-227,-104,0,1,100,0,1280,912,176,168,0,-164,-114,0,1,100,0,1456,912,176,168,0,-282,-63,0,1,60,0,1544,568,296,128,0,-71,-111,0,0,100,0,320,696,64,72,0,-16,-75,0,0,100,0,448,432,64,72,0,-87,-53,0,0,100,0,448,344,88,88,0,-58,-131,0,0,100,0,536,264,96,136,0,-295,-149,0,1,100,0,1104,912,176,168,0,-234,-144,0,1,100,0,1280,912,176,168,0,-189,-157,0,1,100,0,1456,912,176,168,0,-101,-67,0,0,100,0,456,264,80,80,0,-295,-47,0,0,100,0,1544,696,312,104,0,-44,-18,0,0,65,0,1360,16,80,32,0,
0,16,-233,-156,0,1,100,0,1320,624,128,160,0,-350,-135,0,1,100,0,1104,912,176,168,0,-292,-119,0,1,100,0,1280,912,176,168,0,-227,-104,0,1,100,0,1456,912,176,168,0,-185,-194,0,1,30,0,0,1056,80,232,0,-138,-116,0,1,100,0,192,1056,136,152,0,-282,-63,0,1,80,0,1544,568,296,128,0,-71,-111,0,0,100,0,320,696,64,72,0,-16,-75,0,0,100,0,448,432,64,72,0,-87,-53,0,0,100,0,448,344,88,88,0,-58,-131,0,0,100,0,536,264,96,136,0,-101,-67,0,0,100,0,456,264,80,80,0,-295,-149,0,1,100,0,1280,912,176,168,0,-234,-144,0,1,100,0,1456,912,176,168,0,-295,-47,0,0,100,0,1544,696,312,104,0,-44,-18,0,0,65,0,1360,16,80,32,0,
0,16,-221,-156,0,1,100,0,1448,624,96,160,0,-155,-68,0,1,100,-90,904,728,88,64,0,-350,-135,0,1,100,0,1280,912,176,168,0,-292,-119,0,1,100,0,1456,912,176,168,0,-261,-172,0,1,30,0,80,1056,112,184,0,-185,-194,0,1,60,0,0,1056,80,232,0,-138,-116,0,1,100,0,192,1056,136,152,0,-282,-63,0,1,100,0,1544,568,296,128,0,-67,-110,0,0,100,0,128,696,64,72,0,-13,-66,0,0,100,0,448,432,64,72,0,-87,-54,0,0,100,0,448,344,88,88,0,-55,-128,0,0,100,0,536,264,96,136,0,-101,-68,0,0,100,0,456,264,80,80,0,-295,-149,0,1,100,0,1456,912,176,168,0,-295,-47,0,0,100,0,1544,696,312,104,0,-44,-18,0,0,65,0,1360,16,80,32,0,
0,14,-146,-127,0,1,100,-90,904,624,144,104,0,-350,-135,0,1,100,0,1456,912,176,168,0,-163,-154,0,1,30,0,80,1056,112,184,0,-261,-172,0,1,60,0,80,1056,112,184,0,-185,-195,0,1,100,0,0,1056,80,232,0,-138,-118,0,1,100,0,192,1056,136,152,0,-282,-63,0,1,100,0,1544,568,296,128,0,-64,-109,0,0,100,0,128,696,64,72,0,-11,-64,0,0,100,0,448,432,64,72,0,-87,-54,0,0,100,0,448,344,88,88,0,-53,-126,0,0,100,0,536,264,96,136,0,-101,-68,0,0,100,0,456,264,80,80,0,-295,-47,0,0,100,0,1544,696,312,104,0,-44,-18,0,0,65,0,1360,16,80,32,0,
0,17,-142,-126,0,1,100,-90,1048,624,144,104,0,-163,-156,0,1,60,0,80,1056,112,184,0,-261,-173,0,1,100,0,80,1056,112,184,0,-185,-195,0,1,100,0,0,1056,80,232,0,-138,-118,0,1,100,0,192,1056,136,152,0,-282,-64,0,1,100,0,1544,568,296,128,0,-12,-14,0,0,100,0,1008,504,40,24,0,4,-16,0,0,100,0,1040,424,24,24,0,0,-40,0,0,100,0,1008,424,32,40,0,-21,-50,0,0,100,0,144,312,40,40,0,-48,-102,0,0,100,0,0,696,64,72,0,-106,-98,0,0,100,0,656,424,176,136,0,-51,-19,0,0,100,0,1008,528,40,24,0,-34,-24,0,0,100,0,1040,448,24,24,0,-32,-47,0,0,100,0,1008,464,32,40,0,-295,-47,0,0,100,0,1544,696,312,104,0,-44,-18,0,0,65,0,1360,16,80,32,0,
0,17,-223,-20,0,1,100,0,904,728,88,64,0,-163,-156,0,1,100,0,80,1056,112,184,0,-261,-173,0,1,100,0,80,1056,112,184,0,-185,-196,0,1,100,0,0,1056,80,232,0,-138,-120,0,1,100,0,192,1056,136,152,0,-282,-64,0,1,100,0,1544,568,296,128,0,-12,-14,0,0,100,0,1008,504,40,24,0,4,-16,0,0,100,0,1040,424,24,24,0,0,-40,0,0,100,0,1008,424,32,40,0,-21,-50,0,0,100,0,144,312,40,40,0,-48,-102,0,0,100,0,0,696,64,72,0,-106,-98,0,0,100,0,656,424,176,136,0,-51,-19,0,0,100,0,1008,528,40,24,0,-34,-24,0,0,100,0,1040,448,24,24,0,-32,-47,0,0,100,0,1008,464,32,40,0,-295,-47,0,0,100,0,1544,696,312,104,0,-44,-18,0,0,65,0,1360,16,80,32,0,
0,17,-279,-70,0,1,100,0,904,624,144,104,0,-163,-158,0,1,100,0,80,1056,112,184,0,-261,-174,0,1,100,0,80,1056,112,184,0,-185,-196,0,1,100,0,0,1056,80,232,0,-138,-120,0,1,100,0,192,1056,136,152,0,-282,-65,0,1,100,0,1544,568,296,128,0,-12,-14,0,0,100,0,1008,504,40,24,0,4,-17,0,0,100,0,1040,424,24,24,0,-1,-41,0,0,100,0,1008,424,32,40,0,-21,-50,0,0,100,0,144,312,40,40,0,-48,-103,0,0,100,0,0,696,64,72,0,-106,-99,0,0,100,0,656,424,176,136,0,-51,-19,0,0,100,0,1008,528,40,24,0,-34,-25,0,0,100,0,1040,448,24,24,0,-33,-48,0,0,100,0,1008,464,32,40,0,-295,-47,0,0,100,0,1544,696,312,104,0,-44,-18,0,0,65,0,1360,16,80,32,0,
0,17,-275,-69,0,1,100,0,1048,624,144,104,0,-163,-158,0,1,100,0,80,1056,112,184,0,-261,-174,0,1,100,0,80,1056,112,184,0,-185,-197,0,1,100,0,0,1056,80,232,0,-138,-122,0,1,100,0,192,1056,136,152,0,-282,-65,0,1,100,0,1544,568,296,128,0,-12,-14,0,0,100,0,1008,504,40,24,0,3,-18,0,0,100,0,1040,424,24,24,0,-2,-42,0,0,100,0,1008,424,32,40,0,-21,-51,0,0,100,0,144,312,40,40,0,-48,-104,0,0,100,0,0,696,64,72,0,-106,-100,0,0,100,0,656,424,176,136,0,-51,-19,0,0,100,0,1008,528,40,24,0,-35,-26,0,0,100,0,1040,448,24,24,0,-34,-49,0,0,100,0,1008,464,32,40,0,-295,-47,0,0,100,0,1544,696,312,104,0,-44,-18,0,0,65,0,1360,16,80,32,0,
0,16,-163,-160,0,1,100,0,80,1056,112,184,0,-261,-175,0,1,100,0,80,1056,112,184,0,-185,-197,0,1,100,0,0,1056,80,232,0,-138,-122,0,1,100,0,192,1056,136,152,0,-282,-66,0,1,100,0,1544,568,296,128,0,-12,-14,0,0,100,0,1008,504,40,24,0,3,-18,0,0,100,0,1040,424,24,24,0,-2,-42,0,0,100,0,1008,424,32,40,0,-21,-51,0,0,100,0,144,312,40,40,0,-48,-104,0,0,100,0,0,696,64,72,0,-106,-100,0,0,100,0,656,424,176,136,0,-51,-19,0,0,100,0,1008,528,40,24,0,-35,-26,0,0,100,0,1040,448,24,24,0,-34,-49,0,0,100,0,1008,464,32,40,0,-295,-47,0,0,100,0,1544,696,312,104,0,-44,-18,0,0,65,0,1360,16,80,32,0,
0,17,-138,-75,0,1,100,0,328,1056,168,128,0,-94,-121,1,1,100,0,576,912,176,168,0,-12,-14,0,0,100,0,1008,504,40,24,0,-282,-66,0,1,100,0,1544,568,296,128,0,4,-17,0,0,100,0,1040,424,24,24,0,-1,-41,0,0,100,0,1008,424,32,40,0,-21,-50,0,0,100,0,144,312,40,40,0,-35,-90,0,0,100,0,384,696,48,56,0,-106,-99,0,0,100,0,656,424,176,136,0,-33,-75,0,0,100,0,256,0,24,32,0,-51,-19,0,0,100,0,1008,528,40,24,0,-34,-25,0,0,100,0,1040,448,24,24,0,-33,-48,0,0,100,0,1008,464,32,40,0,-107,-158,1,1,100,0,576,912,176,168,0,-289,-98,0,1,100,0,328,1056,168,128,0,-295,-47,0,0,100,0,1544,696,312,104,0,-40,-18,0,0,65,0,1360,16,80,32,0,
0,20,-215,-63,0,1,100,0,328,1056,168,128,0,-282,-66,0,1,100,0,1544,568,296,128,0,-168,-115,0,1,100,0,192,1208,232,176,0,-169,-273,0,0,100,0,496,1080,232,328,0,-94,-121,1,1,100,0,752,912,176,168,0,-12,-14,0,0,100,0,1008,504,40,24,0,5,-17,0,0,100,0,1040,424,24,24,0,0,-41,0,0,100,0,1008,424,32,40,0,-20,-50,0,0,100,0,144,312,40,40,0,-34,-91,0,0,100,0,432,696,48,56,0,-105,-100,0,0,100,0,832,424,176,136,0,-32,-75,0,0,100,0,256,0,24,32,0,-51,-19,0,0,100,0,1008,528,40,24,0,-33,-25,0,0,100,0,1040,448,24,24,0,-32,-48,0,0,100,0,1008,464,32,40,0,-319,-138,0,1,100,0,192,1208,232,176,0,-320,-296,0,0,100,0,496,1080,232,328,0,-107,-158,1,1,100,0,752,912,176,168,0,-295,-47,0,0,100,0,1544,696,312,104,0,-40,-18,0,0,65,0,1360,16,80,32,0,
0,21,-312,-256,0,1,30,0,1424,1080,360,328,0,-282,-66,0,1,100,0,1544,568,296,128,0,-245,-103,0,1,100,0,192,1208,232,176,0,-246,-261,0,0,100,0,496,1080,232,328,0,-169,-273,0,0,100,0,728,1080,232,328,0,-94,-121,1,1,100,0,928,912,176,168,0,-12,-14,0,0,100,0,1008,504,40,24,0,4,-17,0,0,100,0,1040,424,24,24,0,-1,-41,0,0,100,0,1008,424,32,40,0,-21,-50,0,0,100,0,144,312,40,40,0,-35,-91,0,0,100,0,480,696,48,56,0,-106,-100,0,0,100,0,656,424,176,136,0,-33,-75,0,0,100,0,256,0,24,32,0,-51,-19,0,0,100,0,1008,528,40,24,0,-34,-25,0,0,100,0,1040,448,24,24,0,-33,-48,0,0,100,0,1008,464,32,40,0,-320,-296,0,0,100,0,728,1080,232,328,0,-208,-137,0,1,100,0,328,1056,168,128,0,-107,-158,1,1,100,0,928,912,176,168,0,-295,-47,0,0,100,0,1544,696,312,104,0,-40,-18,0,0,65,0,1360,16,80,32,0,
0,21,-312,-256,0,1,60,0,1424,1080,360,328,0,-282,-66,0,1,100,0,1544,568,296,128,0,-246,-261,0,0,100,0,728,1080,232,328,0,-169,-273,0,0,80,0,960,1080,232,328,0,-94,-121,1,1,100,0,1104,912,176,168,0,-12,-14,0,0,100,0,1008,504,40,24,0,5,-17,0,0,100,0,1040,424,24,24,0,0,-41,0,0,100,0,1008,424,32,40,0,-20,-50,0,0,100,0,144,312,40,40,0,-34,-91,0,0,100,0,528,696,48,56,0,-105,-100,0,0,100,0,832,424,176,136,0,-32,-75,0,0,100,0,256,0,24,32,0,-51,-19,0,0,100,0,1008,528,40,24,0,-33,-25,0,0,100,0,1040,448,24,24,0,-32,-48,0,0,100,0,1008,464,32,40,0,-320,-296,0,0,80,0,960,1080,232,328,0,-238,-177,0,1,100,0,192,1208,232,176,0,-107,-158,1,1,100,0,1104,912,176,168,0,-239,-335,0,0,100,0,496,1080,232,328,0,-295,-47,0,0,100,0,1544,696,312,104,0,-40,-18,0,0,65,0,1360,16,80,32,0,
0,21,-312,-257,0,1,100,0,1424,1080,360,328,0,-282,-63,0,1,100,0,1544,568,296,128,0,-246,-261,0,0,80,0,960,1080,232,328,0,-169,-273,0,0,60,0,1192,1080,232,328,0,-154,-96,0,1,100,0,328,1056,168,128,0,-94,-121,1,1,100,0,576,912,176,168,0,-12,-14,0,0,100,0,1008,504,40,24,0,4,-17,0,0,100,0,1040,424,24,24,0,-1,-41,0,0,100,0,1008,424,32,40,0,-21,-50,0,0,100,0,144,312,40,40,0,-35,-91,0,0,100,0,384,696,48,56,0,-106,-100,0,0,100,0,656,424,176,136,0,-33,-75,0,0,100,0,256,0,24,32,0,-51,-19,0,0,100,0,1008,528,40,24,0,-34,-25,0,0,100,0,1040,448,24,24,0,-33,-48,0,0,100,0,1008,464,32,40,0,-320,-296,0,0,60,0,1192,1080,232,328,0,-239,-335,0,0,100,0,728,1080,232,328,0,-107,-158,1,1,100,0,576,912,176,168,0,-295,-47,0,0,100,0,1544,696,312,104,0,-40,-18,0,0,65,0,1360,16,80,32,0,
0,24,-312,-257,0,1,100,0,1424,1080,360,328,0,-282,-63,0,1,100,0,1544,568,296,128,0,-246,-261,0,0,60,0,1192,1080,232,328,0,-184,-136,0,1,100,0,192,1208,232,176,0,-185,-294,0,0,100,0,496,1080,232,328,0,-142,-255,0,0,100,0,0,1288,184,272,0,-185,-294,0,0,100,0,728,1080,232,328,0,-94,-121,1,1,100,0,752,912,176,168,0,-12,-14,0,0,100,0,1008,504,40,24,0,5,-17,0,0,100,0,1040,424,24,24,0,0,-41,0,0,100,0,1008,424,32,40,0,-20,-50,0,0,100,0,144,312,40,40,0,-34,-91,0,0,100,0,432,696,48,56,0,-105,-100,0,0,100,0,832,424,176,136,0,-32,-75,0,0,100,0,256,0,24,32,0,-51,-19,0,0,100,0,1008,528,40,24,0,-33,-25,0,0,100,0,1040,448,24,24,0,-32,-48,0,0,100,0,1008,464,32,40,0,-297,-294,0,0,100,0,0,1288,184,272,0,-239,-335,0,0,80,0,960,1080,232,328,0,-249,-99,0,1,100,0,328,1056,168,128,0,-107,-158,1,1,100,0,752,912,176,168,0,-295,-47,0,0,100,0,1544,696,312,104,0,-40,-18,0,0,65,0,1360,16,80,32,0,
0,23,-312,-258,0,1,100,0,1424,1080,360,328,0,-282,-63,0,1,100,0,1544,568,296,128,0,-223,-267,0,0,100,0,0,1288,184,272,0,-142,-255,0,0,100,0,0,1288,184,272,0,-185,-294,0,0,80,0,960,1080,232,328,0,-94,-121,1,1,100,0,928,912,176,168,0,-12,-14,0,0,100,0,1008,504,40,24,0,4,-17,0,0,100,0,1040,424,24,24,0,-1,-41,0,0,100,0,1008,424,32,40,0,-21,-50,0,0,100,0,144,312,40,40,0,-35,-91,0,0,100,0,480,696,48,56,0,-106,-100,0,0,100,0,656,424,176,136,0,-33,-75,0,0,100,0,256,0,24,32,0,-51,-19,0,0,100,0,1008,528,40,24,0,-34,-25,0,0,100,0,1040,448,24,24,0,-33,-48,0,0,100,0,1008,464,32,40,0,-297,-294,0,0,100,0,0,1288,184,272,0,-239,-335,0,0,60,0,1192,1080,232,328,0,-279,-139,0,1,100,0,192,1208,232,176,0,-280,-297,0,0,100,0,496,1080,232,328,0,-107,-158,1,1,100,0,928,912,176,168,0,-295,-47,0,0,100,0,1544,696,312,104,0,-40,-18,0,0,65,0,1360,16,80,32,0,
0,23,-312,-258,0,1,100,0,1424,1080,360,328,0,-282,-63,0,1,100,0,1544,568,296,128,0,-194,-80,0,1,100,0,328,1056,168,128,0,-223,-267,0,0,100,0,0,1288,184,272,0,-142,-257,0,0,100,0,0,1288,184,272,0,-185,-294,0,0,60,0,1192,1080,232,328,0,-94,-121,1,1,100,0,1104,912,176,168,0,-12,-14,0,0,100,0,1008,504,40,24,0,5,-17,0,0,100,0,1040,424,24,24,0,0,-41,0,0,100,0,1008,424,32,40,0,-20,-50,0,0,100,0,144,312,40,40,0,-34,-91,0,0,100,0,528,696,48,56,0,-105,-100,0,0,100,0,832,424,176,136,0,-32,-75,0,0,100,0,256,0,24,32,0,-51,-19,0,0,100,0,1008,528,40,24,0,-33,-25,0,0,100,0,1040,448,24,24,0,-32,-48,0,0,100,0,1008,464,32,40,0,-297,-296,0,0,100,0,0,1288,184,272,0,-216,-341,0,0,100,0,0,1288,184,272,0,-280,-297,0,0,100,0,728,1080,232,328,0,-107,-158,1,1,100,0,1104,912,176,168,0,-295,-47,0,0,100,0,1544,696,312,104,0,-40,-18,0,0,65,0,1360,16,80,32,0,
0,25,-312,-259,0,1,100,0,1424,1080,360,328,0,-282,-63,0,1,100,0,1544,568,296,128,0,-287,-103,0,1,100,0,328,1056,168,128,0,-224,-120,0,1,100,0,192,1208,232,176,0,-225,-278,0,0,100,0,496,1080,232,328,0,-223,-269,0,0,100,0,0,1288,184,272,0,-142,-257,0,0,100,0,0,1288,184,272,0,-162,-300,0,0,100,0,0,1288,184,272,0,-94,-121,1,1,100,0,576,912,176,168,0,-12,-14,0,0,100,0,1008,504,40,24,0,4,-17,0,0,100,0,1040,424,24,24,0,-1,-41,0,0,100,0,1008,424,32,40,0,-21,-50,0,0,100,0,144,312,40,40,0,-35,-91,0,0,100,0,384,696,48,56,0,-106,-100,0,0,100,0,656,424,176,136,0,-33,-75,0,0,100,0,256,0,24,32,0,-51,-19,0,0,100,0,1008,528,40,24,0,-34,-25,0,0,100,0,1040,448,24,24,0,-33,-48,0,0,100,0,1008,464,32,40,0,-297,-296,0,0,100,0,0,1288,184,272,0,-216,-341,0,0,100,0,0,1288,184,272,0,-280,-297,0,0,80,0,960,1080,232,328,0,-107,-158,1,1,100,0,576,912,176,168,0,-295,-47,0,0,100,0,1544,696,312,104,0,-40,-18,0,0,65,0,1360,16,80,32,0,
0,25,-312,-259,0,1,100,0,1424,1080,360,328,0,-282,-63,0,1,100,0,1544,568,296,128,0,-317,-143,0,1,100,0,192,1208,232,176,0,-318,-301,0,0,100,0,496,1080,232,328,0,-225,-278,0,0,100,0,728,1080,232,328,0,-223,-269,0,0,100,0,0,1288,184,272,0,-142,-258,0,0,60,0,0,1288,184,272,0,-162,-300,0,0,100,0,0,1288,184,272,0,-94,-121,1,1,100,0,752,912,176,168,0,-12,-14,0,0,100,0,1008,504,40,24,0,5,-17,0,0,100,0,1040,424,24,24,0,0,-41,0,0,100,0,1008,424,32,40,0,-20,-50,0,0,100,0,144,312,40,40,0,-34,-91,0,0,100,0,432,696,48,56,0,-105,-100,0,0,100,0,832,424,176,136,0,-32,-75,0,0,100,0,256,0,24,32,0,-51,-19,0,0,100,0,1008,528,40,24,0,-33,-25,0,0,100,0,1040,448,24,24,0,-32,-48,0,0,100,0,1008,464,32,40,0,-297,-297,0,0,60,0,0,1288,184,272,0,-216,-343,0,0,100,0,0,1288,184,272,0,-280,-297,0,0,60,0,1192,1080,232,328,0,-107,-158,1,1,100,0,752,912,176,168,0,-295,-47,0,0,100,0,1544,696,312,104,0,-40,-18,0,0,65,0,1360,16,80,32,0,
0,25,-312,-260,0,1,100,0,1424,1080,360,328,0,-282,-63,0,1,100,0,1544,568,296,128,0,-318,-301,0,0,100,0,728,1080,232,328,0,-225,-278,0,0,80,0,960,1080,232,328,0,-223,-271,0,0,60,0,0,1288,184,272,0,-142,-258,0,0,30,0,0,1288,184,272,0,-162,-302,0,0,100,0,0,1288,184,272,0,-94,-121,1,1,100,0,928,912,176,168,0,-12,-14,0,0,100,0,1008,504,40,24,0,4,-17,0,0,100,0,1040,424,24,24,0,-1,-41,0,0,100,0,1008,424,32,40,0,-21,-50,0,0,100,0,144,312,40,40,0,-35,-91,0,0,100,0,480,696,48,56,0,-106,-100,0,0,100,0,656,424,176,136,0,-33,-75,0,0,100,0,256,0,24,32,0,-51,-19,0,0,100,0,1008,528,40,24,0,-34,-25,0,0,100,0,1040,448,24,24,0,-151,-112,0,1,100,0,328,1056,168,128,0,-33,-48,0,0,100,0,1008,464,32,40,0,-297,-297,0,0,30,0,0,1288,184,272,0,-216,-343,0,0,100,0,0,1288,184,272,0,-257,-303,0,0,100,0,0,1288,184,272,0,-107,-158,1,1,100,0,928,912,176,168,0,-295,-47,0,0,100,0,1544,696,312,104,0,-40,-18,0,0,65,0,1360,16,80,32,0,
0,24,-312,-260,0,1,100,0,1424,1080,360,328,0,-282,-63,0,1,100,0,1544,568,296,128,0,-318,-301,0,0,80,0,960,1080,232,328,0,-225,-278,0,0,60,0,1192,1080,232,328,0,-223,-271,0,0,30,0,0,1288,184,272,0,-162,-302,0,0,100,0,0,1288,184,272,0,-94,-121,1,1,100,0,1104,912,176,168,0,-12,-14,0,0,100,0,1008,504,40,24,0,5,-17,0,0,100,0,1040,424,24,24,0,0,-41,0,0,100,0,1008,424,32,40,0,-20,-50,0,0,100,0,144,312,40,40,0,-34,-91,0,0,100,0,528,696,48,56,0,-105,-100,0,0,100,0,832,424,176,136,0,-32,-75,0,0,100,0,256,0,24,32,0,-51,-19,0,0,100,0,1008,528,40,24,0,-33,-25,0,0,100,0,1040,448,24,24,0,-181,-152,0,1,100,0,192,1208,232,176,0,-182,-310,0,0,100,0,496,1080,232,328,0,-32,-48,0,0,100,0,1008,464,32,40,0,-216,-345,0,0,60,0,0,1288,184,272,0,-257,-303,0,0,100,0,0,1288,184,272,0,-107,-158,1,1,100,0,1104,912,176,168,0,-295,-47,0,0,100,0,1544,696,312,104,0,-40,-18,0,0,65,0,1360,16,80,32,0,
0,24,-312,-261,0,1,60,0,1424,1080,360,328,0,-282,-63,0,1,80,0,1544,568,296,128,0,-54,-94,0,1,100,-180,904,728,88,64,0,-228,-78,0,1,100,0,328,1056,168,128,0,-318,-301,0,0,60,0,1192,1080,232,328,0,-202,-284,0,0,100,0,0,1288,184,272,0,-162,-304,0,0,60,0,0,1288,184,272,0,-94,-121,1,1,100,0,576,912,176,168,0,-12,-14,0,0,100,0,1008,504,40,24,0,4,-17,0,0,100,0,1040,424,24,24,0,-1,-41,0,0,100,0,1008,424,32,40,0,-21,-50,0,0,100,0,144,312,40,40,0,-35,-91,0,0,100,0,384,696,48,56,0,-106,-100,0,0,100,0,656,424,176,136,0,-33,-75,0,0,100,0,256,0,24,32,0,-51,-19,0,0,100,0,1008,528,40,24,0,-34,-25,0,0,100,0,1040,448,24,24,0,-182,-310,0,0,100,0,728,1080,232,328,0,-33,-48,0,0,100,0,1008,464,32,40,0,-216,-345,0,0,30,0,0,1288,184,272,0,-257,-305,0,0,100,0,0,1288,184,272,0,-107,-158,1,1,100,0,576,912,176,168,0,-295,-47,0,0,100,0,1544,696,312,104,0,-40,-18,0,0,65,0,1360,16,80,32,0,
0,24,-312,-261,0,1,40,0,1424,1080,360,328,0,-282,-63,0,1,80,0,1544,568,296,128,0,-42,-77,0,1,100,-180,904,624,144,104,0,-258,-118,0,1,100,0,192,1208,232,176,0,-259,-276,0,0,100,0,496,1080,232,328,0,-295,-307,0,0,100,0,0,1288,184,272,0,-202,-284,0,0,100,0,0,1288,184,272,0,-162,-304,0,0,30,0,0,1288,184,272,0,-94,-121,1,1,100,0,752,912,176,168,0,-12,-14,0,0,100,0,1008,504,40,24,0,5,-17,0,0,100,0,1040,424,24,24,0,0,-41,0,0,100,0,1008,424,32,40,0,-20,-50,0,0,100,0,144,312,40,40,0,-34,-91,0,0,100,0,432,696,48,56,0,-105,-100,0,0,100,0,832,424,176,136,0,-32,-75,0,0,100,0,256,0,24,32,0,-51,-19,0,0,100,0,1008,528,40,24,0,-33,-25,0,0,100,0,1040,448,24,24,0,-182,-310,0,0,80,0,960,1080,232,328,0,-32,-48,0,0,100,0,1008,464,32,40,0,-257,-305,0,0,100,0,0,1288,184,272,0,-107,-158,1,1,100,0,752,912,176,168,0,-295,-47,0,0,100,0,1544,696,312,104,0,-40,-18,0,0,65,0,1360,16,80,32,0,
0,22,-312,-262,0,1,20,0,1424,1080,360,328,0,-282,-63,0,1,80,0,1544,568,296,128,0,-42,-77,0,1,100,-180,1048,624,144,104,0,-259,-276,0,0,100,0,728,1080,232,328,0,-295,-307,0,0,100,0,0,1288,184,272,0,-202,-286,0,0,100,0,0,1288,184,272,0,-94,-121,1,1,100,0,928,912,176,168,0,-12,-14,0,0,100,0,1008,504,40,24,0,4,-17,0,0,100,0,1040,424,24,24,0,-1,-41,0,0,100,0,1008,424,32,40,0,-21,-50,0,0,100,0,144,312,40,40,0,-35,-91,0,0,100,0,480,696,48,56,0,-106,-100,0,0,100,0,656,424,176,136,0,-33,-75,0,0,100,0,256,0,24,32,0,-51,-19,0,0,100,0,1008,528,40,24,0,-34,-25,0,0,100,0,1040,448,24,24,0,-182,-310,0,0,60,0,1192,1080,232,328,0,-33,-48,0,0,100,0,1008,464,32,40,0,-257,-306,0,0,60,0,0,1288,184,272,0,-107,-158,1,1,100,0,928,912,176,168,0,-295,-47,0,0,100,0,1544,696,312,104,0,-40,-18,0,0,65,0,1360,16,80,32,0,
0,21,-312,-262,0,1,10,0,1424,1080,360,328,0,-282,-63,0,1,80,0,1544,568,296,128,0,-259,-276,0,0,80,0,960,1080,232,328,0,-295,-309,0,0,100,0,0,1288,184,272,0,-202,-286,0,0,100,0,0,1288,184,272,0,-94,-121,1,1,100,0,1104,912,176,168,0,-12,-14,0,0,100,0,1008,504,40,24,0,5,-17,0,0,100,0,1040,424,24,24,0,0,-41,0,0,100,0,1008,424,32,40,0,-20,-50,0,0,100,0,144,312,40,40,0,-34,-91,0,0,100,0,528,696,48,56,0,-105,-100,0,0,100,0,832,424,176,136,0,-32,-75,0,0,100,0,256,0,24,32,0,-51,-19,0,0,100,0,1008,528,40,24,0,-33,-25,0,0,100,0,1040,448,24,24,0,-159,-316,0,0,100,0,0,1288,184,272,0,-32,-48,0,0,100,0,1008,464,32,40,0,-257,-306,0,0,30,0,0,1288,184,272,0,-107,-158,1,1,100,0,1104,912,176,168,0,-295,-47,0,0,100,0,1544,696,312,104,0,-40,-18,0,0,65,0,1360,16,80,32,0,
0,20,-282,-63,0,1,80,0,1544,568,296,128,0,-51,-101,1,1,100,-270,904,728,88,64,0,-259,-276,0,0,60,0,1192,1080,232,328,0,-295,-309,0,0,100,0,0,1288,184,272,0,-202,-287,0,0,60,0,0,1288,184,272,0,-94,-121,1,1,100,0,576,912,176,168,0,-12,-14,0,0,100,0,1008,504,40,24,0,4,-17,0,0,100,0,1040,424,24,24,0,-1,-41,0,0,100,0,1008,424,32,40,0,-21,-50,0,0,100,0,144,312,40,40,0,-35,-91,0,0,100,0,384,696,48,56,0,-106,-100,0,0,100,0,656,424,176,136,0,-33,-75,0,0,100,0,256,0,24,32,0,-51,-19,0,0,100,0,1008,528,40,24,0,-34,-25,0,0,100,0,1040,448,24,24,0,-159,-316,0,0,100,0,0,1288,184,272,0,-33,-48,0,0,100,0,1008,464,32,40,0,-107,-158,1,1,100,0,576,912,176,168,0,-295,-47,0,0,100,0,1544,696,312,104,0,-40,-18,0,0,65,0,1360,16,80,32,0,
0,21,-106,-167,1,1,100,-270,904,624,144,104,0,-236,-282,0,0,100,0,0,1288,184,272,0,-259,-276,0,0,30,0,1192,1080,232,328,0,-295,-311,0,0,60,0,0,1288,184,272,0,-202,-287,0,0,30,0,0,1288,184,272,0,-94,-121,1,1,100,0,752,912,176,168,0,-12,-14,0,0,100,0,1008,504,40,24,0,5,-17,0,0,100,0,1040,424,24,24,0,0,-41,0,0,100,0,1008,424,32,40,0,-20,-50,0,0,100,0,144,312,40,40,0,-34,-91,0,0,100,0,432,696,48,56,0,-282,-63,0,1,80,0,1544,568,296,128,0,-105,-100,0,0,100,0,832,424,176,136,0,-32,-75,0,0,100,0,256,0,24,32,0,-51,-19,0,0,100,0,1008,528,40,24,0,-33,-25,0,0,100,0,1040,448,24,24,0,-159,-318,0,0,100,0,0,1288,184,272,0,-32,-48,0,0,100,0,1008,464,32,40,0,-107,-158,1,1,100,0,752,912,176,168,0,-295,-47,0,0,100,0,1544,696,312,104,0,-40,-18,0,0,65,0,1360,16,80,32,0,
0,19,-106,-167,1,1,100,-270,1048,624,144,104,0,-236,-282,0,0,100,0,0,1288,184,272,0,-295,-311,0,0,30,0,0,1288,184,272,0,-94,-121,1,1,100,0,928,912,176,168,0,-12,-14,0,0,100,0,1008,504,40,24,0,4,-17,0,0,100,0,1040,424,24,24,0,-1,-41,0,0,100,0,1008,424,32,40,0,-21,-50,0,0,100,0,144,312,40,40,0,-35,-91,0,0,100,0,480,696,48,56,0,-282,-63,0,1,60,0,1544,568,296,128,0,-106,-100,0,0,100,0,656,424,176,136,0,-33,-75,0,0,100,0,256,0,24,32,0,-51,-19,0,0,100,0,1008,528,40,24,0,-34,-25,0,0,100,0,1040,448,24,24,0,-159,-318,0,0,100,0,0,1288,184,272,0,-33,-48,0,0,100,0,1008,464,32,40,0,-107,-158,1,1,100,0,928,912,176,168,0,-295,-47,0,0,100,0,1544,696,312,104,0,-40,-18,0,0,65,0,1360,16,80,32,0,
0,17,-236,-284,0,0,100,0,0,1288,184,272,0,-94,-121,1,1,100,0,1104,912,176,168,0,-12,-14,0,0,100,0,1008,504,40,24,0,5,-17,0,0,100,0,1040,424,24,24,0,0,-41,0,0,100,0,1008,424,32,40,0,-20,-50,0,0,100,0,144,312,40,40,0,-34,-91,0,0,100,0,528,696,48,56,0,-282,-63,0,1,60,0,1544,568,296,128,0,-105,-100,0,0,100,0,832,424,176,136,0,-32,-75,0,0,100,0,256,0,24,32,0,-51,-19,0,0,100,0,1008,528,40,24,0,-33,-25,0,0,100,0,1040,448,24,24,0,-159,-320,0,0,60,0,0,1288,184,272,0,-32,-48,0,0,100,0,1008,464,32,40,0,-107,-158,1,1,100,0,1104,912,176,168,0,-295,-47,0,0,100,0,1544,696,312,104,0,-40,-18,0,0,65,0,1360,16,80,32,0,
0,17,-236,-284,0,0,100,0,0,1288,184,272,0,-94,-121,1,1,100,0,576,912,176,168,0,-12,-14,0,0,100,0,1008,504,40,24,0,4,-17,0,0,100,0,1040,424,24,24,0,-1,-41,0,0,100,0,1008,424,32,40,0,-21,-50,0,0,100,0,144,312,40,40,0,-35,-91,0,0,100,0,384,696,48,56,0,-282,-63,0,1,60,0,1544,568,296,128,0,-106,-100,0,0,100,0,656,424,176,136,0,-33,-75,0,0,100,0,256,0,24,32,0,-51,-19,0,0,100,0,1008,528,40,24,0,-34,-25,0,0,100,0,1040,448,24,24,0,-159,-320,0,0,30,0,0,1288,184,272,0,-33,-48,0,0,100,0,1008,464,32,40,0,-107,-158,1,1,100,0,576,912,176,168,0,-295,-47,0,0,100,0,1544,696,312,104,0,-40,-18,0,0,65,0,1360,16,80,32,0,
0,16,-236,-286,0,0,60,0,0,1288,184,272,0,-94,-121,1,1,100,0,752,912,176,168,0,-12,-14,0,0,100,0,1008,504,40,24,0,5,-17,0,0,100,0,1040,424,24,24,0,0,-41,0,0,100,0,1008,424,32,40,0,-20,-50,0,0,100,0,144,312,40,40,0,-34,-91,0,0,100,0,432,696,48,56,0,-282,-63,0,1,30,0,1544,568,296,128,0,-105,-100,0,0,100,0,832,424,176,136,0,-32,-75,0,0,100,0,256,0,24,32,0,-51,-19,0,0,100,0,1008,528,40,24,0,-33,-25,0,0,100,0,1040,448,24,24,0,-32,-48,0,0,100,0,1008,464,32,40,0,-107,-158,1,1,100,0,752,912,176,168,0,-295,-47,0,0,100,0,1544,696,312,104,0,-40,-18,0,0,65,0,1360,16,80,32,0,
0,16,-236,-286,0,0,30,0,0,1288,184,272,0,-94,-121,1,1,100,0,928,912,176,168,0,-12,-14,0,0,100,0,1008,504,40,24,0,4,-17,0,0,100,0,1040,424,24,24,0,-1,-41,0,0,100,0,1008,424,32,40,0,-21,-50,0,0,100,0,144,312,40,40,0,-35,-91,0,0,100,0,480,696,48,56,0,-282,-63,0,1,30,0,1544,568,296,128,0,-106,-100,0,0,100,0,656,424,176,136,0,-33,-75,0,0,100,0,256,0,24,32,0,-51,-19,0,0,100,0,1008,528,40,24,0,-34,-25,0,0,100,0,1040,448,24,24,0,-33,-48,0,0,100,0,1008,464,32,40,0,-107,-158,1,1,100,0,928,912,176,168,0,-295,-47,0,0,100,0,1544,696,312,104,0,-40,-18,0,0,65,0,1360,16,80,32,0,
0,16,-236,-287,0,0,10,0,0,1288,184,272,0,-94,-121,1,1,100,0,1104,912,176,168,0,-12,-14,0,0,100,0,1008,504,40,24,0,5,-17,0,0,100,0,1040,424,24,24,0,0,-41,0,0,100,0,1008,424,32,40,0,-20,-50,0,0,100,0,144,312,40,40,0,-34,-91,0,0,100,0,528,696,48,56,0,-282,-63,0,1,10,0,1544,568,296,128,0,-105,-100,0,0,100,0,832,424,176,136,0,-32,-75,0,0,100,0,256,0,24,32,0,-51,-19,0,0,100,0,1008,528,40,24,0,-33,-25,0,0,100,0,1040,448,24,24,0,-32,-48,0,0,100,0,1008,464,32,40,0,-107,-158,1,1,100,0,1104,912,176,168,0,-295,-47,0,0,100,0,1544,696,312,104,0,-40,-18,0,0,65,0,1360,16,80,32,0,
0,15,-236,-287,0,0,10,0,0,1288,184,272,0,-94,-121,1,1,100,0,1280,912,176,168,0,-12,-14,0,0,100,0,1008,504,40,24,0,4,-17,0,0,100,0,1040,424,24,24,0,-1,-41,0,0,100,0,1008,424,32,40,0,-21,-50,0,0,100,0,144,312,40,40,0,-35,-91,0,0,100,0,384,696,48,56,0,-106,-100,0,0,100,0,656,424,176,136,0,-33,-75,0,0,100,0,256,0,24,32,0,-51,-19,0,0,100,0,1008,528,40,24,0,-34,-25,0,0,100,0,1040,448,24,24,0,-33,-48,0,0,100,0,1008,464,32,40,0,-107,-158,1,1,100,0,1280,912,176,168,0,-295,-47,0,0,60,0,1544,696,312,104,0,-40,-18,0,0,65,0,1360,16,80,32,0,
0,14,-94,-121,1,1,100,0,1280,912,176,168,0,-12,-14,0,0,100,0,1008,504,40,24,0,5,-17,0,0,100,0,1040,424,24,24,0,0,-41,0,0,100,0,1008,424,32,40,0,-20,-50,0,0,100,0,144,312,40,40,0,-34,-91,0,0,100,0,432,696,48,56,0,-105,-100,0,0,100,0,832,424,176,136,0,-32,-75,0,0,100,0,256,0,24,32,0,-51,-19,0,0,100,0,1008,528,40,24,0,-33,-25,0,0,100,0,1040,448,24,24,0,-32,-48,0,0,100,0,1008,464,32,40,0,-107,-158,1,1,100,0,1280,912,176,168,0,-295,-47,0,0,40,0,1544,696,312,104,0,-40,-18,0,0,65,0,1360,16,80,32,0,
0,14,-94,-121,1,1,100,0,1456,912,176,168,0,-12,-14,0,0,100,0,1008,504,40,24,0,4,-17,0,0,100,0,1040,424,24,24,0,-1,-41,0,0,100,0,1008,424,32,40,0,-21,-50,0,0,100,0,144,312,40,40,0,-35,-91,0,0,100,0,480,696,48,56,0,-106,-100,0,0,100,0,656,424,176,136,0,-33,-75,0,0,100,0,256,0,24,32,0,-51,-19,0,0,100,0,1008,528,40,24,0,-34,-25,0,0,100,0,1040,448,24,24,0,-33,-48,0,0,100,0,1008,464,32,40,0,-107,-158,1,1,100,0,1456,912,176,168,0,-295,-47,0,0,20,0,1544,696,312,104,0,-40,-18,0,0,65,0,1360,16,80,32,0,
0,13,-94,-121,1,1,100,0,1456,912,176,168,0,-12,-14,0,0,100,0,1008,504,40,24,0,5,-17,0,0,100,0,1040,424,24,24,0,0,-41,0,0,100,0,1008,424,32,40,0,-20,-50,0,0,100,0,144,312,40,40,0,-34,-91,0,0,100,0,528,696,48,56,0,-105,-100,0,0,100,0,832,424,176,136,0,-32,-75,0,0,100,0,256,0,24,32,0,-51,-19,0,0,100,0,1008,528,40,24,0,-33,-25,0,0,100,0,1040,448,24,24,0,-32,-48,0,0,100,0,1008,464,32,40,0,-107,-158,1,1,100,0,1456,912,176,168,0,-40,-18,0,0,65,0,1360,16,80,32,0,
0,11,-12,-14,0,0,100,0,1008,504,40,24,0,4,-17,0,0,100,0,1040,424,24,24,0,-1,-41,0,0,100,0,1008,424,32,40,0,-21,-50,0,0,100,0,144,312,40,40,0,-35,-91,0,0,100,0,384,696,48,56,0,-106,-100,0,0,100,0,656,424,176,136,0,-33,-75,0,0,100,0,256,0,24,32,0,-51,-19,0,0,100,0,1008,528,40,24,0,-34,-25,0,0,100,0,1040,448,24,24,0,-33,-48,0,0,100,0,1008,464,32,40,0,-40,-18,0,0,65,0,1360,16,80,32,0,
0,13,-86,-55,0,0,100,0,1224,480,88,72,0,-9,-66,0,0,100,0,320,360,64,72,0,-17,-50,0,0,100,0,144,312,40,40,0,-43,-102,0,0,100,0,512,624,64,72,0,-3,-77,0,0,100,0,1096,424,64,40,0,-11,-86,0,0,100,0,1096,464,64,40,0,-72,-91,0,0,100,0,0,264,144,96,0,-29,-75,0,0,100,0,256,0,24,32,0,-85,-85,0,0,100,0,1312,472,72,64,0,-46,-19,0,0,100,0,1008,528,40,24,0,-28,-25,0,0,100,0,1040,448,24,24,0,-29,-48,0,0,100,0,1008,464,32,40,0,-36,-18,0,0,65,0,1360,16,80,32,0,
0,22,-80,-48,0,1,30,0,640,72,160,80,0,-63,-48,0,0,100,0,144,264,56,48,0,-33,-49,0,0,100,0,200,264,40,48,0,-5,-15,0,0,100,0,1008,504,40,24,0,11,-17,0,0,100,0,1040,424,24,24,0,9,-41,0,0,100,0,1008,424,32,40,0,-8,-48,0,0,100,0,144,312,40,40,0,-32,-74,0,0,100,0,0,0,48,48,0,-40,-39,0,0,100,0,456,200,56,48,0,0,-67,0,0,100,0,1096,424,64,40,0,-73,-82,0,0,100,0,0,264,144,96,0,-41,-44,0,0,100,0,632,304,48,48,0,-74,-55,0,0,100,0,184,312,56,40,0,-50,-58,0,0,100,0,240,264,40,48,0,-8,-76,0,0,100,0,1096,464,64,40,0,-33,-64,0,0,100,0,192,0,32,32,0,-34,-19,0,0,100,0,1008,528,40,24,0,-17,-25,0,0,100,0,1040,448,24,24,0,-16,-48,0,0,100,0,1008,464,32,40,0,-80,-32,0,1,30,0,960,0,160,64,0,-80,-56,0,1,30,0,640,0,160,72,0,-32,-18,0,0,65,0,1360,16,80,32,0,
0,22,-80,-48,0,1,60,0,800,72,160,80,0,-64,-51,0,0,100,0,144,264,56,48,0,-34,-51,0,0,100,0,200,264,40,48,0,-5,-15,0,0,100,0,1008,504,40,24,0,11,-18,0,0,100,0,1040,424,24,24,0,8,-42,0,0,100,0,1008,424,32,40,0,-8,-50,0,0,100,0,144,312,40,40,0,-32,-76,0,0,100,0,0,0,48,48,0,-41,-41,0,0,100,0,456,200,56,48,0,-1,-69,0,0,100,0,1096,424,64,40,0,-73,-84,0,0,100,0,0,264,144,96,0,-42,-46,0,0,100,0,632,304,48,48,0,-73,-58,0,0,100,0,184,312,56,40,0,-49,-60,0,0,100,0,240,264,40,48,0,-9,-78,0,0,100,0,1096,464,64,40,0,-33,-66,0,0,100,0,192,0,32,32,0,-34,-19,0,0,100,0,1008,528,40,24,0,-17,-25,0,0,100,0,1040,448,24,24,0,-16,-48,0,0,100,0,1008,464,32,40,0,-80,-32,0,1,60,0,960,0,160,64,0,-80,-56,0,1,60,0,800,0,160,72,0,-32,-18,0,0,65,0,1360,16,80,32,0,
0,0,
0,22,-68,-122,0,1,100,0,1440,0,128,128,0,-80,-48,0,1,60,0,320,72,160,80,0,-74,-64,0,0,100,0,280,264,64,48,0,-40,-60,0,0,100,0,200,264,40,48,0,-4,-15,0,0,100,0,1008,504,40,24,0,10,-17,0,0,100,0,1048,504,24,24,0,7,-43,0,0,100,0,1064,424,32,40,0,-14,-55,0,0,100,0,144,312,40,40,0,-31,-102,0,0,100,0,0,624,64,72,0,4,-68,0,0,100,0,1160,424,64,40,0,-41,-46,0,0,100,0,456,200,56,48,0,-58,-72,0,0,100,0,320,152,136,80,0,-52,-51,0,0,100,0,632,304,48,48,0,-80,-64,0,0,100,0,240,312,56,40,0,-55,-68,0,0,100,0,240,264,40,48,0,-12,-71,0,0,100,0,1160,464,64,40,0,-35,-19,0,0,100,0,1008,528,40,24,0,-18,-22,0,0,100,0,1048,528,24,24,0,-17,-49,0,0,100,0,1064,464,32,40,0,-80,-32,0,1,60,0,960,0,160,64,0,-80,-56,0,1,60,0,320,0,160,72,0,-32,-18,0,0,65,0,1360,16,80,32,0,
0,22,-68,-122,0,1,100,0,1568,0,128,128,0,-80,-48,0,1,30,0,480,72,160,80,0,-74,-63,0,0,100,0,280,264,64,48,0,-40,-59,0,0,100,0,200,264,40,48,0,-4,-15,0,0,100,0,1008,504,40,24,0,10,-17,0,0,100,0,1048,504,24,24,0,6,-42,0,0,100,0,1064,424,32,40,0,-14,-54,0,0,100,0,144,312,40,40,0,-32,-101,0,0,100,0,128,768,64,72,0,3,-67,0,0,100,0,1160,424,64,40,0,-41,-45,0,0,100,0,456,200,56,48,0,-59,-71,0,0,100,0,320,152,136,80,0,-52,-50,0,0,100,0,632,304,48,48,0,-80,-63,0,0,100,0,240,312,56,40,0,-55,-67,0,0,100,0,240,264,40,48,0,-13,-70,0,0,100,0,1160,464,64,40,0,-35,-19,0,0,100,0,1008,528,40,24,0,-18,-22,0,0,100,0,1048,528,24,24,0,-18,-49,0,0,100,0,1064,464,32,40,0,-80,-32,0,1,30,0,960,0,160,64,0,-80,-56,0,1,30,0,480,0,160,72,0,-32,-18,0,0,65,0,1360,16,80,32,0,
0,19,-68,-122,0,1,100,0,1440,128,128,128,0,-75,-62,0,0,100,0,280,264,64,48,0,-41,-58,0,0,100,0,200,264,40,48,0,-4,-15,0,0,100,0,1008,504,40,24,0,10,-17,0,0,100,0,1048,504,24,24,0,6,-42,0,0,100,0,1064,424,32,40,0,-15,-53,0,0,100,0,144,312,40,40,0,-33,-100,0,0,100,0,128,768,64,72,0,2,-66,0,0,100,0,1160,424,64,40,0,-42,-44,0,0,100,0,456,200,56,48,0,-60,-70,0,0,100,0,320,152,136,80,0,-53,-49,0,0,100,0,632,304,48,48,0,-81,-62,0,0,100,0,240,312,56,40,0,-56,-66,0,0,100,0,240,264,40,48,0,-14,-69,0,0,100,0,1160,464,64,40,0,-35,-19,0,0,100,0,1008,528,40,24,0,-18,-22,0,0,100,0,1048,528,24,24,0,-18,-49,0,0,100,0,1064,464,32,40,0,-32,-18,0,0,65,0,1360,16,80,32,0,
0,19,-68,-122,0,1,100,0,1568,128,128,128,0,-75,-62,0,0,100,0,280,264,64,48,0,-41,-58,0,0,100,0,200,264,40,48,0,-4,-15,0,0,100,0,1008,504,40,24,0,10,-17,0,0,100,0,1048,504,24,24,0,6,-42,0,0,100,0,1064,424,32,40,0,-15,-53,0,0,100,0,144,312,40,40,0,-33,-100,0,0,100,0,192,768,64,72,0,2,-66,0,0,100,0,1160,424,64,40,0,-42,-44,0,0,100,0,456,200,56,48,0,-60,-70,0,0,100,0,320,152,136,80,0,-53,-49,0,0,100,0,632,304,48,48,0,-81,-62,0,0,100,0,240,312,56,40,0,-56,-66,0,0,100,0,240,264,40,48,0,-14,-69,0,0,100,0,1160,464,64,40,0,-35,-19,0,0,100,0,1008,528,40,24,0,-18,-22,0,0,100,0,1048,528,24,24,0,-18,-49,0,0,100,0,1064,464,32,40,0,-32,-18,0,0,65,0,1360,16,80,32,0,
0,19,-77,-67,0,0,100,0,280,264,64,48,0,-43,-63,0,0,100,0,200,264,40,48,0,-85,-119,0,1,100,0,1280,1072,112,112,0,-4,-15,0,0,100,0,1008,504,40,24,0,10,-18,0,0,100,0,1048,504,24,24,0,6,-44,0,0,100,0,1064,424,32,40,0,-17,-58,0,0,100,0,144,312,40,40,0,-33,-105,0,0,100,0,0,768,64,72,0,1,-71,0,0,100,0,1160,424,64,40,0,-44,-49,0,0,100,0,456,200,56,48,0,-61,-75,0,0,100,0,320,152,136,80,0,-55,-54,0,0,100,0,632,304,48,48,0,-83,-67,0,0,100,0,240,312,56,40,0,-58,-71,0,0,100,0,240,264,40,48,0,-15,-74,0,0,100,0,1160,464,64,40,0,-35,-19,0,0,100,0,1008,528,40,24,0,-18,-23,0,0,100,0,1048,528,24,24,0,-17,-51,0,0,100,0,1064,464,32,40,0,-32,-18,0,0,65,0,1360,16,80,32,0,
0,21,-81,-146,0,1,100,0,1464,1096,40,40,0,-79,-146,0,1,100,0,904,624,72,104,0,-76,-68,0,0,100,0,280,264,64,48,0,-42,-64,0,0,100,0,200,264,40,48,0,-102,-144,0,1,100,0,1280,1184,152,152,0,-4,-15,0,0,100,0,1008,504,40,24,0,10,-19,0,0,100,0,1048,504,24,24,0,6,-45,0,0,100,0,1064,424,32,40,0,-16,-59,0,0,100,0,144,312,40,40,0,-33,-106,0,0,100,0,64,768,64,72,0,2,-72,0,0,100,0,1160,424,64,40,0,-43,-50,0,0,100,0,456,200,56,48,0,-60,-76,0,0,100,0,320,152,136,80,0,-54,-55,0,0,100,0,632,304,48,48,0,-82,-68,0,0,100,0,240,312,56,40,0,-57,-72,0,0,100,0,240,264,40,48,0,-14,-75,0,0,100,0,1160,464,64,40,0,-35,-19,0,0,100,0,1008,528,40,24,0,-18,-24,0,0,100,0,1048,528,24,24,0,-17,-52,0,0,100,0,1064,464,32,40,0,-32,-18,0,0,65,0,1360,16,80,32,0,
0,24,-73,-57,0,1,100,0,1464,1096,40,40,0,-149,-123,0,1,100,0,1464,1096,40,40,0,-72,-82,0,1,100,0,1232,624,64,64,0,-146,-151,0,1,100,0,976,624,128,80,0,-79,-146,0,1,30,0,904,624,72,104,0,-75,-69,0,0,100,0,280,264,64,48,0,-41,-65,0,0,100,0,200,264,40,48,0,-102,-144,0,1,50,0,1280,1184,152,152,0,-4,-15,0,0,100,0,1008,504,40,24,0,10,-19,0,0,100,0,1048,504,24,24,0,6,-46,0,0,100,0,1064,424,32,40,0,-15,-60,0,0,100,0,144,312,40,40,0,-32,-107,0,0,100,0,64,768,64,72,0,3,-73,0,0,100,0,1160,424,64,40,0,-42,-51,0,0,100,0,456,200,56,48,0,-59,-77,0,0,100,0,320,152,136,80,0,-53,-56,0,0,100,0,632,304,48,48,0,-81,-69,0,0,100,0,240,312,56,40,0,-56,-73,0,0,100,0,240,264,40,48,0,-13,-76,0,0,100,0,1160,464,64,40,0,-35,-19,0,0,100,0,1008,528,40,24,0,-18,-24,0,0,100,0,1048,528,24,24,0,-17,-53,0,0,100,0,1064,464,32,40,0,-32,-18,0,0,65,0,1360,16,80,32,0,
0,26,-226,-126,0,1,100,90,1280,1072,112,112,0,-266,-195,0,1,100,0,576,816,160,240,0,-115,-42,0,1,100,0,1464,1096,40,40,0,-115,-77,0,1,100,0,1296,624,96,80,0,-72,-82,0,1,30,0,1232,624,64,64,0,-174,-94,0,1,100,0,1464,1096,40,40,0,-180,-154,0,1,100,0,1104,624,128,104,0,-146,-151,0,1,30,0,976,624,128,80,0,-74,-66,0,0,100,0,280,264,64,48,0,-40,-62,0,0,100,0,200,264,40,48,0,-4,-15,0,0,100,0,1008,504,40,24,0,10,-18,0,0,100,0,1048,504,24,24,0,7,-44,0,0,100,0,1064,424,32,40,0,-14,-57,0,0,100,0,144,312,40,40,0,-31,-104,0,0,100,0,0,624,64,72,0,4,-70,0,0,100,0,1160,424,64,40,0,-41,-48,0,0,100,0,456,200,56,48,0,-58,-74,0,0,100,0,320,152,136,80,0,-52,-53,0,0,100,0,632,304,48,48,0,-80,-66,0,0,100,0,240,312,56,40,0,-55,-70,0,0,100,0,240,264,40,48,0,-12,-73,0,0,100,0,1160,464,64,40,0,-35,-19,0,0,100,0,1008,528,40,24,0,-18,-23,0,0,100,0,1048,528,24,24,0,-16,-51,0,0,100,0,1064,464,32,40,0,-32,-18,0,0,65,0,1360,16,80,32,0,
0,25,-167,-92,0,1,100,90,1280,1072,112,112,0,-249,-149,0,1,100,90,1280,1184,152,152,0,-211,-157,2,1,100,0,576,816,160,240,0,-296,-202,0,1,100,0,736,816,216,248,0,-122,-62,0,1,100,0,1392,624,88,64,0,-115,-77,0,1,30,0,1296,624,96,80,0,-180,-154,0,1,30,0,1104,624,128,104,0,-75,-65,0,0,100,0,280,264,64,48,0,-41,-61,0,0,100,0,200,264,40,48,0,-4,-15,0,0,100,0,1008,504,40,24,0,10,-18,0,0,100,0,1048,504,24,24,0,7,-43,0,0,100,0,1064,424,32,40,0,-15,-56,0,0,100,0,144,312,40,40,0,-32,-103,0,0,100,0,64,624,64,72,0,3,-69,0,0,100,0,1160,424,64,40,0,-42,-47,0,0,100,0,456,200,56,48,0,-59,-73,0,0,100,0,320,152,136,80,0,-53,-52,0,0,100,0,632,304,48,48,0,-81,-65,0,0,100,0,240,312,56,40,0,-56,-69,0,0,100,0,240,264,40,48,0,-13,-72,0,0,100,0,1160,464,64,40,0,-35,-19,0,0,100,0,1008,528,40,24,0,-18,-23,0,0,100,0,1048,528,24,24,0,-16,-50,0,0,100,0,1064,464,32,40,0,-32,-18,0,0,65,0,1360,16,80,32,0,
0,22,-190,-115,0,1,100,90,1280,1184,152,152,0,-241,-164,2,1,100,0,736,816,216,248,0,-304,-213,0,1,100,0,952,808,232,272,0,-122,-62,0,1,30,0,1392,624,88,64,0,-76,-64,0,0,100,0,280,264,64,48,0,-42,-60,0,0,100,0,200,264,40,48,0,-4,-15,0,0,100,0,1008,504,40,24,0,10,-18,0,0,100,0,1048,504,24,24,0,6,-43,0,0,100,0,1064,424,32,40,0,-16,-55,0,0,100,0,144,312,40,40,0,-33,-102,0,0,100,0,64,624,64,72,0,2,-68,0,0,100,0,1160,424,64,40,0,-43,-46,0,0,100,0,456,200,56,48,0,-60,-72,0,0,100,0,320,152,136,80,0,-54,-51,0,0,100,0,632,304,48,48,0,-82,-64,0,0,100,0,240,312,56,40,0,-57,-68,0,0,100,0,240,264,40,48,0,-14,-71,0,0,100,0,1160,464,64,40,0,-35,-19,0,0,100,0,1008,528,40,24,0,-18,-23,0,0,100,0,1048,528,24,24,0,-17,-50,0,0,100,0,1064,464,32,40,0,-32,-18,0,0,65,0,1360,16,80,32,0,
0,21,-249,-175,2,1,100,0,952,808,232,272,0,-304,-213,0,1,50,0,952,808,232,272,0,-77,-67,0,0,100,0,280,264,64,48,0,-43,-63,0,0,100,0,200,264,40,48,0,-85,-119,0,1,100,0,1280,1072,112,112,0,-4,-15,0,0,100,0,1008,504,40,24,0,10,-18,0,0,100,0,1048,504,24,24,0,6,-44,0,0,100,0,1064,424,32,40,0,-17,-58,0,0,100,0,144,312,40,40,0,-33,-105,0,0,100,0,0,768,64,72,0,1,-71,0,0,100,0,1160,424,64,40,0,-44,-49,0,0,100,0,456,200,56,48,0,-61,-75,0,0,100,0,320,152,136,80,0,-55,-54,0,0,100,0,632,304,48,48,0,-83,-67,0,0,100,0,240,312,56,40,0,-58,-71,0,0,100,0,240,264,40,48,0,-15,-74,0,0,100,0,1160,464,64,40,0,-35,-19,0,0,100,0,1008,528,40,24,0,-18,-23,0,0,100,0,1048,528,24,24,0,-17,-51,0,0,100,0,1064,464,32,40,0,-32,-18,0,0,65,0,1360,16,80,32,0,
0,22,-249,-175,2,1,50,0,952,808,232,272,0,-115,-72,0,1,100,0,1464,1096,40,40,0,-113,-97,0,1,100,0,1480,600,104,64,0,-76,-68,0,0,100,0,280,264,64,48,0,-42,-64,0,0,100,0,200,264,40,48,0,-102,-144,0,1,100,0,1280,1184,152,152,0,-4,-15,0,0,100,0,1008,504,40,24,0,10,-19,0,0,100,0,1048,504,24,24,0,6,-45,0,0,100,0,1064,424,32,40,0,-16,-59,0,0,100,0,144,312,40,40,0,-33,-106,0,0,100,0,64,768,64,72,0,2,-72,0,0,100,0,1160,424,64,40,0,-43,-50,0,0,100,0,456,200,56,48,0,-60,-76,0,0,100,0,320,152,136,80,0,-54,-55,0,0,100,0,632,304,48,48,0,-82,-68,0,0,100,0,240,312,56,40,0,-57,-72,0,0,100,0,240,264,40,48,0,-14,-75,0,0,100,0,1160,464,64,40,0,-35,-19,0,0,100,0,1008,528,40,24,0,-18,-24,0,0,100,0,1048,528,24,24,0,-17,-52,0,0,100,0,1064,464,32,40,0,-32,-18,0,0,65,0,1360,16,80,32,0,
0,24,-27,-134,0,1,100,0,1464,1096,40,40,0,-38,-128,0,1,100,0,904,728,64,80,0,-156,-55,0,1,100,0,1464,1096,40,40,0,-155,-99,0,1,100,0,1584,568,128,88,0,-113,-97,0,1,30,0,1480,600,104,64,0,-75,-69,0,0,100,0,280,264,64,48,0,-41,-65,0,0,100,0,200,264,40,48,0,-102,-144,0,1,50,0,1280,1184,152,152,0,-4,-15,0,0,100,0,1008,504,40,24,0,10,-19,0,0,100,0,1048,504,24,24,0,6,-46,0,0,100,0,1064,424,32,40,0,-15,-60,0,0,100,0,144,312,40,40,0,-32,-107,0,0,100,0,64,768,64,72,0,3,-73,0,0,100,0,1160,424,64,40,0,-42,-51,0,0,100,0,456,200,56,48,0,-59,-77,0,0,100,0,320,152,136,80,0,-53,-56,0,0,100,0,632,304,48,48,0,-81,-69,0,0,100,0,240,312,56,40,0,-56,-73,0,0,100,0,240,264,40,48,0,-13,-76,0,0,100,0,1160,464,64,40,0,-35,-19,0,0,100,0,1008,528,40,24,0,-18,-24,0,0,100,0,1048,528,24,24,0,-17,-53,0,0,100,0,1064,464,32,40,0,-32,-18,0,0,65,0,1360,16,80,32,0,
0,25,-243,-122,0,1,100,90,1280,1072,112,112,0,-278,-188,0,1,100,0,576,816,160,240,0,-78,-133,0,1,100,0,1464,1096,40,40,0,-75,-140,0,1,100,0,968,728,96,64,0,-38,-128,0,1,30,0,904,728,64,80,0,-189,-91,0,1,100,0,1712,568,120,80,0,-155,-99,0,1,30,0,1584,568,128,88,0,-74,-66,0,0,100,0,280,264,64,48,0,-40,-62,0,0,100,0,200,264,40,48,0,-4,-15,0,0,100,0,1008,504,40,24,0,10,-18,0,0,100,0,1048,504,24,24,0,7,-44,0,0,100,0,1064,424,32,40,0,-14,-57,0,0,100,0,144,312,40,40,0,-31,-104,0,0,100,0,0,624,64,72,0,4,-70,0,0,100,0,1160,424,64,40,0,-41,-48,0,0,100,0,456,200,56,48,0,-58,-74,0,0,100,0,320,152,136,80,0,-52,-53,0,0,100,0,632,304,48,48,0,-80,-66,0,0,100,0,240,312,56,40,0,-55,-70,0,0,100,0,240,264,40,48,0,-12,-73,0,0,100,0,1160,464,64,40,0,-35,-19,0,0,100,0,1008,528,40,24,0,-18,-23,0,0,100,0,1048,528,24,24,0,-16,-51,0,0,100,0,1064,464,32,40,0,-32,-18,0,0,65,0,1360,16,80,32,0,
0,24,-174,-181,0,1,100,90,1280,1072,112,112,0,-266,-145,0,1,100,90,1280,1184,152,152,0,-217,-248,2,1,100,0,576,816,160,240,0,-308,-195,0,1,100,0,736,816,216,248,0,-123,-143,0,1,100,0,1064,728,120,48,0,-75,-140,0,1,30,0,968,728,96,64,0,-75,-65,0,0,100,0,280,264,64,48,0,-41,-61,0,0,100,0,200,264,40,48,0,-4,-15,0,0,100,0,1008,504,40,24,0,10,-18,0,0,100,0,1048,504,24,24,0,7,-43,0,0,100,0,1064,424,32,40,0,-15,-56,0,0,100,0,144,312,40,40,0,-32,-103,0,0,100,0,64,624,64,72,0,3,-69,0,0,100,0,1160,424,64,40,0,-42,-47,0,0,100,0,456,200,56,48,0,-59,-73,0,0,100,0,320,152,136,80,0,-53,-52,0,0,100,0,632,304,48,48,0,-81,-65,0,0,100,0,240,312,56,40,0,-56,-69,0,0,100,0,240,264,40,48,0,-13,-72,0,0,100,0,1160,464,64,40,0,-35,-19,0,0,100,0,1008,528,40,24,0,-18,-23,0,0,100,0,1048,528,24,24,0,-16,-50,0,0,100,0,1064,464,32,40,0,-32,-18,0,0,65,0,1360,16,80,32,0,
0,21,-197,-204,0,1,100,90,1280,1184,152,152,0,-247,-249,2,1,100,0,736,816,216,248,0,-316,-206,0,1,100,0,952,808,232,272,0,-76,-64,0,0,100,0,280,264,64,48,0,-42,-60,0,0,100,0,200,264,40,48,0,-4,-15,0,0,100,0,1008,504,40,24,0,10,-18,0,0,100,0,1048,504,24,24,0,6,-43,0,0,100,0,1064,424,32,40,0,-16,-55,0,0,100,0,144,312,40,40,0,-33,-102,0,0,100,0,64,624,64,72,0,2,-68,0,0,100,0,1160,424,64,40,0,-43,-46,0,0,100,0,456,200,56,48,0,-60,-72,0,0,100,0,320,152,136,80,0,-54,-51,0,0,100,0,632,304,48,48,0,-82,-64,0,0,100,0,240,312,56,40,0,-57,-68,0,0,100,0,240,264,40,48,0,-14,-71,0,0,100,0,1160,464,64,40,0,-35,-19,0,0,100,0,1008,528,40,24,0,-18,-23,0,0,100,0,1048,528,24,24,0,-17,-50,0,0,100,0,1064,464,32,40,0,-32,-18,0,0,65,0,1360,16,80,32,0,
0,21,-255,-262,2,1,100,0,952,808,232,272,0,-316,-206,0,1,50,0,952,808,232,272,0,-77,-67,0,0,100,0,280,264,64,48,0,-43,-63,0,0,100,0,200,264,40,48,0,-85,-119,0,1,100,0,1280,1072,112,112,0,-4,-15,0,0,100,0,1008,504,40,24,0,10,-18,0,0,100,0,1048,504,24,24,0,6,-44,0,0,100,0,1064,424,32,40,0,-17,-58,0,0,100,0,144,312,40,40,0,-33,-105,0,0,100,0,0,768,64,72,0,1,-71,0,0,100,0,1160,424,64,40,0,-44,-49,0,0,100,0,456,200,56,48,0,-61,-75,0,0,100,0,320,152,136,80,0,-55,-54,0,0,100,0,632,304,48,48,0,-83,-67,0,0,100,0,240,312,56,40,0,-58,-71,0,0,100,0,240,264,40,48,0,-15,-74,0,0,100,0,1160,464,64,40,0,-35,-19,0,0,100,0,1008,528,40,24,0,-18,-23,0,0,100,0,1048,528,24,24,0,-17,-51,0,0,100,0,1064,464,32,40,0,-32,-18,0,0,65,0,1360,16,80,32,0,
0,22,-255,-262,2,1,50,0,952,808,232,272,0,-81,-147,0,1,100,0,1464,1096,40,40,0,-79,-146,0,1,100,0,904,624,72,104,0,-76,-68,0,0,100,0,280,264,64,48,0,-42,-64,0,0,100,0,200,264,40,48,0,-102,-144,0,1,100,0,1280,1184,152,152,0,-4,-15,0,0,100,0,1008,504,40,24,0,10,-19,0,0,100,0,1048,504,24,24,0,6,-45,0,0,100,0,1064,424,32,40,0,-16,-59,0,0,100,0,144,312,40,40,0,-33,-106,0,0,100,0,64,768,64,72,0,2,-72,0,0,100,0,1160,424,64,40,0,-43,-50,0,0,100,0,456,200,56,48,0,-60,-76,0,0,100,0,320,152,136,80,0,-54,-55,0,0,100,0,632,304,48,48,0,-82,-68,0,0,100,0,240,312,56,40,0,-57,-72,0,0,100,0,240,264,40,48,0,-14,-75,0,0,100,0,1160,464,64,40,0,-35,-19,0,0,100,0,1008,528,40,24,0,-18,-24,0,0,100,0,1048,528,24,24,0,-17,-52,0,0,100,0,1064,464,32,40,0,-32,-18,0,0,65,0,1360,16,80,32,0,
0,23,-73,-57,0,1,100,0,1464,1096,40,40,0,-72,-82,0,1,100,0,1232,624,64,64,0,-146,-151,0,1,100,0,976,624,128,80,0,-79,-146,0,1,30,0,904,624,72,104,0,-75,-69,0,0,100,0,280,264,64,48,0,-41,-65,0,0,100,0,200,264,40,48,0,-102,-144,0,1,50,0,1280,1184,152,152,0,-4,-15,0,0,100,0,1008,504,40,24,0,10,-19,0,0,100,0,1048,504,24,24,0,6,-46,0,0,100,0,1064,424,32,40,0,-15,-60,0,0,100,0,144,312,40,40,0,-32,-107,0,0,100,0,64,768,64,72,0,3,-73,0,0,100,0,1160,424,64,40,0,-42,-51,0,0,100,0,456,200,56,48,0,-59,-77,0,0,100,0,320,152,136,80,0,-53,-56,0,0,100,0,632,304,48,48,0,-81,-69,0,0,100,0,240,312,56,40,0,-56,-73,0,0,100,0,240,264,40,48,0,-13,-76,0,0,100,0,1160,464,64,40,0,-35,-19,0,0,100,0,1008,528,40,24,0,-18,-24,0,0,100,0,1048,528,24,24,0,-17,-53,0,0,100,0,1064,464,32,40,0,-32,-18,0,0,65,0,1360,16,80,32,0,
0,25,-232,-126,0,1,100,90,1280,1072,112,112,0,-268,-194,0,1,100,0,576,816,160,240,0,-115,-42,0,1,100,0,1464,1096,40,40,0,-115,-77,0,1,100,0,1296,624,96,80,0,-72,-82,0,1,30,0,1232,624,64,64,0,-180,-154,0,1,100,0,1104,624,128,104,0,-146,-151,0,1,30,0,976,624,128,80,0,-74,-66,0,0,100,0,280,264,64,48,0,-40,-62,0,0,100,0,200,264,40,48,0,-4,-15,0,0,100,0,1008,504,40,24,0,10,-18,0,0,100,0,1048,504,24,24,0,7,-44,0,0,100,0,1064,424,32,40,0,-14,-57,0,0,100,0,144,312,40,40,0,-31,-104,0,0,100,0,0,624,64,72,0,4,-70,0,0,100,0,1160,424,64,40,0,-41,-48,0,0,100,0,456,200,56,48,0,-58,-74,0,0,100,0,320,152,136,80,0,-52,-53,0,0,100,0,632,304,48,48,0,-80,-66,0,0,100,0,240,312,56,40,0,-55,-70,0,0,100,0,240,264,40,48,0,-12,-73,0,0,100,0,1160,464,64,40,0,-35,-19,0,0,100,0,1008,528,40,24,0,-18,-23,0,0,100,0,1048,528,24,24,0,-16,-51,0,0,100,0,1064,464,32,40,0,-32,-18,0,0,65,0,1360,16,80,32,0,
0,25,-172,-97,0,1,100,90,1280,1072,112,112,0,-255,-149,0,1,100,90,1280,1184,152,152,0,-212,-158,2,1,100,0,576,816,160,240,0,-298,-201,0,1,100,0,736,816,216,248,0,-122,-62,0,1,100,0,1392,624,88,64,0,-115,-77,0,1,30,0,1296,624,96,80,0,-180,-154,0,1,30,0,1104,624,128,104,0,-74,-63,0,0,100,0,280,264,64,48,0,-40,-59,0,0,100,0,200,264,40,48,0,-4,-15,0,0,100,0,1008,504,40,24,0,10,-17,0,0,100,0,1048,504,24,24,0,6,-42,0,0,100,0,1064,424,32,40,0,-14,-54,0,0,100,0,144,312,40,40,0,-32,-101,0,0,100,0,128,768,64,72,0,3,-67,0,0,100,0,1160,424,64,40,0,-41,-45,0,0,100,0,456,200,56,48,0,-59,-71,0,0,100,0,320,152,136,80,0,-52,-50,0,0,100,0,632,304,48,48,0,-80,-63,0,0,100,0,240,312,56,40,0,-55,-67,0,0,100,0,240,264,40,48,0,-13,-70,0,0,100,0,1160,464,64,40,0,-35,-19,0,0,100,0,1008,528,40,24,0,-18,-22,0,0,100,0,1048,528,24,24,0,-18,-49,0,0,100,0,1064,464,32,40,0,-32,-18,0,0,65,0,1360,16,80,32,0,
0,21,-195,-120,0,1,100,90,1280,1184,152,152,0,-242,-159,2,1,100,0,736,816,216,248,0,-306,-212,0,1,100,0,952,808,232,272,0,-74,-63,0,0,100,0,280,264,64,48,0,-40,-59,0,0,100,0,200,264,40,48,0,-4,-15,0,0,100,0,1008,504,40,24,0,10,-17,0,0,100,0,1048,504,24,24,0,6,-42,0,0,100,0,1064,424,32,40,0,-14,-54,0,0,100,0,144,312,40,40,0,-32,-101,0,0,100,0,128,768,64,72,0,3,-67,0,0,100,0,1160,424,64,40,0,-41,-45,0,0,100,0,456,200,56,48,0,-59,-71,0,0,100,0,320,152,136,80,0,-52,-50,0,0,100,0,632,304,48,48,0,-80,-63,0,0,100,0,240,312,56,40,0,-55,-67,0,0,100,0,240,264,40,48,0,-13,-70,0,0,100,0,1160,464,64,40,0,-35,-19,0,0,100,0,1008,528,40,24,0,-18,-22,0,0,100,0,1048,528,24,24,0,-18,-49,0,0,100,0,1064,464,32,40,0,-32,-18,0,0,65,0,1360,16,80,32,0,
0,20,-250,-172,2,1,100,0,952,808,232,272,0,-306,-212,0,1,50,0,952,808,232,272,0,-75,-62,0,0,100,0,280,264,64,48,0,-41,-58,0,0,100,0,200,264,40,48,0,-4,-15,0,0,100,0,1008,504,40,24,0,10,-17,0,0,100,0,1048,504,24,24,0,6,-42,0,0,100,0,1064,424,32,40,0,-15,-53,0,0,100,0,144,312,40,40,0,-33,-100,0,0,100,0,128,768,64,72,0,2,-66,0,0,100,0,1160,424,64,40,0,-42,-44,0,0,100,0,456,200,56,48,0,-60,-70,0,0,100,0,320,152,136,80,0,-53,-49,0,0,100,0,632,304,48,48,0,-81,-62,0,0,100,0,240,312,56,40,0,-56,-66,0,0,100,0,240,264,40,48,0,-14,-69,0,0,100,0,1160,464,64,40,0,-35,-19,0,0,100,0,1008,528,40,24,0,-18,-22,0,0,100,0,1048,528,24,24,0,-18,-49,0,0,100,0,1064,464,32,40,0,-32,-18,0,0,65,0,1360,16,80,32,0,
0,19,-250,-172,2,1,50,0,952,808,232,272,0,-75,-62,0,0,100,0,280,264,64,48,0,-41,-58,0,0,100,0,200,264,40,48,0,-4,-15,0,0,100,0,1008,504,40,24,0,10,-17,0,0,100,0,1048,504,24,24,0,6,-42,0,0,100,0,1064,424,32,40,0,-15,-53,0,0,100,0,144,312,40,40,0,-33,-100,0,0,100,0,128,768,64,72,0,2,-66,0,0,100,0,1160,424,64,40,0,-42,-44,0,0,100,0,456,200,56,48,0,-60,-70,0,0,100,0,320,152,136,80,0,-53,-49,0,0,100,0,632,304,48,48,0,-81,-62,0,0,100,0,240,312,56,40,0,-56,-66,0,0,100,0,240,264,40,48,0,-14,-69,0,0,100,0,1160,464,64,40,0,-35,-19,0,0,100,0,1008,528,40,24,0,-18,-22,0,0,100,0,1048,528,24,24,0,-18,-49,0,0,100,0,1064,464,32,40,0,-32,-18,0,0,65,0,1360,16,80,32,0,
0,20,-142,-129,0,1,100,0,1424,688,176,176,0,-73,-61,0,0,100,0,608,152,64,48,0,-42,-58,0,0,100,0,352,320,40,40,0,-4,-15,0,0,100,0,1008,504,40,24,0,10,-18,0,0,100,0,1048,504,24,24,0,7,-43,0,0,100,0,1064,424,32,40,0,-15,-56,0,0,100,0,144,312,40,40,0,-32,-103,0,0,100,0,64,624,64,72,0,3,-69,0,0,100,0,1160,424,64,40,0,-42,-47,0,0,100,0,456,200,56,48,0,-59,-73,0,0,100,0,320,152,136,80,0,-53,-52,0,0,100,0,632,304,48,48,0,-174,-139,0,1,100,0,1424,688,176,176,0,-80,-63,0,0,100,0,608,200,56,40,0,-54,-62,0,0,100,0,352,280,40,40,0,-13,-72,0,0,100,0,1160,464,64,40,0,-35,-19,0,0,100,0,1008,528,40,24,0,-18,-23,0,0,100,0,1048,528,24,24,0,-16,-50,0,0,100,0,1064,464,32,40,0,-32,-18,0,0,65,0,1360,16,80,32,0,
0,26,-174,-163,0,1,100,0,1184,824,240,240,0,-112,-93,0,1,100,0,1280,704,112,112,0,-103,-83,0,1,100,0,1184,728,96,96,0,-108,-87,0,0,100,0,1800,656,104,104,0,-42,-137,0,1,50,0,528,1496,176,168,0,-66,-60,0,0,100,0,608,152,64,48,0,-35,-57,0,0,100,0,352,320,40,40,0,-1,-15,0,0,100,0,1008,504,40,24,0,13,-18,0,0,100,0,1048,504,24,24,0,8,-43,0,0,100,0,1064,424,32,40,0,-10,-53,0,0,100,0,144,312,40,40,0,-28,-103,0,0,100,0,256,768,64,72,0,-35,-45,0,0,100,0,456,200,56,48,0,-45,-82,0,0,100,0,536,400,120,88,0,-23,-65,0,0,100,0,224,0,32,24,0,-39,-51,0,0,100,0,632,304,48,48,0,-204,-172,0,1,100,0,1184,824,240,240,0,-138,-99,0,1,100,-270,1280,704,112,112,0,-130,-92,0,1,100,270,1184,728,96,96,0,-135,-96,0,0,100,0,1800,656,104,104,0,-73,-62,0,0,100,0,608,200,56,40,0,-47,-61,0,0,100,0,352,280,40,40,0,-38,-19,0,0,100,0,1008,528,40,24,0,-20,-23,0,0,100,0,1048,528,24,24,0,-20,-49,0,0,100,0,1064,464,32,40,0,-32,-18,0,0,65,0,1360,16,80,32,0,
0,25,-110,-93,0,1,100,-90,1280,704,112,112,0,-103,-83,0,1,100,90,1184,728,96,96,0,-108,-87,0,0,100,0,1800,656,104,104,0,-42,-137,0,1,100,0,0,1496,176,168,0,-65,-60,0,0,100,0,608,152,64,48,0,-34,-57,0,0,100,0,352,320,40,40,0,-1,-15,0,0,100,0,1008,504,40,24,0,13,-18,0,0,100,0,1048,504,24,24,0,8,-43,0,0,100,0,1064,424,32,40,0,-10,-53,0,0,100,0,144,312,40,40,0,-28,-103,0,0,100,0,320,768,64,72,0,-35,-45,0,0,100,0,456,200,56,48,0,-45,-82,0,0,100,0,536,400,120,88,0,-23,-65,0,0,100,0,224,0,32,24,0,-39,-51,0,0,100,0,632,304,48,48,0,-139,-102,0,1,100,0,1280,704,112,112,0,-130,-92,0,1,100,0,1184,728,96,96,0,-135,-96,0,0,100,0,1800,656,104,104,0,-72,-62,0,0,100,0,608,200,56,40,0,-46,-61,0,0,100,0,352,280,40,40,0,-38,-19,0,0,100,0,1008,528,40,24,0,-20,-23,0,0,100,0,1048,528,24,24,0,-20,-49,0,0,100,0,1064,464,32,40,0,-89,-163,0,1,100,0,0,1496,176,168,0,-32,-18,0,0,65,0,1360,16,80,32,0,
0,26,-109,-91,0,1,100,-180,1280,704,112,112,0,-103,-83,0,1,100,180,1184,728,96,96,0,-108,-87,0,0,100,0,1800,656,104,104,0,-42,-137,0,1,100,0,176,1496,176,168,0,-66,-60,0,0,100,0,608,152,64,48,0,-35,-57,0,0,100,0,352,320,40,40,0,-1,-15,0,0,100,0,1008,504,40,24,0,13,-18,0,0,100,0,1048,504,24,24,0,8,-43,0,0,100,0,1064,424,32,40,0,-10,-53,0,0,100,0,144,312,40,40,0,-28,-103,0,0,100,0,384,768,64,72,0,-35,-45,0,0,100,0,456,200,56,48,0,-45,-82,0,0,100,0,536,400,120,88,0,-23,-65,0,0,100,0,224,0,32,24,0,-39,-51,0,0,100,0,632,304,48,48,0,-159,-69,3,1,100,0,1600,656,96,96,0,-137,-102,0,1,100,-90,1280,704,112,112,0,-130,-92,0,1,100,90,1184,728,96,96,0,-135,-96,0,0,100,0,1800,656,104,104,0,-73,-62,0,0,100,0,608,200,56,40,0,-47,-61,0,0,100,0,352,280,40,40,0,-38,-19,0,0,100,0,1008,528,40,24,0,-20,-23,0,0,100,0,1048,528,24,24,0,-20,-49,0,0,100,0,1064,464,32,40,0,-89,-163,0,1,100,0,176,1496,176,168,0,-32,-18,0,0,65,0,1360,16,80,32,0,
0,26,-111,-90,0,1,100,-270,1280,704,112,112,0,-103,-83,0,1,100,270,1184,728,96,96,0,-108,-87,0,0,100,0,1800,656,104,104,0,-42,-137,0,1,100,0,352,1496,176,168,0,-65,-60,0,0,100,0,608,152,64,48,0,-34,-57,0,0,100,0,352,320,40,40,0,-1,-15,0,0,100,0,1008,504,40,24,0,13,-18,0,0,100,0,1048,504,24,24,0,8,-43,0,0,100,0,1064,424,32,40,0,-10,-53,0,0,100,0,144,312,40,40,0,-28,-103,0,0,100,0,448,768,64,72,0,-35,-45,0,0,100,0,456,200,56,48,0,-45,-82,0,0,100,0,536,400,120,88,0,-23,-65,0,0,100,0,224,0,32,24,0,-39,-51,0,0,100,0,632,304,48,48,0,-171,-61,3,1,100,0,1696,656,104,112,0,-136,-100,0,1,100,-180,1280,704,112,112,0,-130,-92,0,1,100,180,1184,728,96,96,0,-135,-96,0,0,100,0,1800,656,104,104,0,-72,-62,0,0,100,0,608,200,56,40,0,-46,-61,0,0,100,0,352,280,40,40,0,-38,-19,0,0,100,0,1008,528,40,24,0,-20,-23,0,0,100,0,1048,528,24,24,0,-20,-49,0,0,100,0,1064,464,32,40,0,-89,-163,0,1,100,0,352,1496,176,168,0,-32,-18,0,0,65,0,1360,16,80,32,0,
0,27,-70,-111,0,1,100,0,1600,656,96,96,0,-112,-93,0,1,100,0,1280,704,112,112,0,-103,-83,0,1,100,0,1184,728,96,96,0,-108,-87,0,0,100,0,1800,656,104,104,0,-42,-137,0,1,100,0,528,1496,176,168,0,-66,-60,0,0,100,0,608,152,64,48,0,-35,-57,0,0,100,0,352,320,40,40,0,-1,-15,0,0,100,0,1008,504,40,24,0,13,-18,0,0,100,0,1048,504,24,24,0,8,-43,0,0,100,0,1064,424,32,40,0,-10,-53,0,0,100,0,144,312,40,40,0,-28,-103,0,0,100,0,256,768,64,72,0,-35,-45,0,0,100,0,456,200,56,48,0,-45,-82,0,0,100,0,536,400,120,88,0,-23,-65,0,0,100,0,224,0,32,24,0,-39,-51,0,0,100,0,632,304,48,48,0,-181,-52,3,1,100,0,1600,768,112,104,0,-138,-99,0,1,100,-270,1280,704,112,112,0,-130,-92,0,1,100,270,1184,728,96,96,0,-135,-96,0,0,100,0,1800,656,104,104,0,-73,-62,0,0,100,0,608,200,56,40,0,-47,-61,0,0,100,0,352,280,40,40,0,-38,-19,0,0,100,0,1008,528,40,24,0,-20,-23,0,0,100,0,1048,528,24,24,0,-20,-49,0,0,100,0,1064,464,32,40,0,-89,-163,0,1,100,0,528,1496,176,168,0,-32,-18,0,0,65,0,1360,16,80,32,0,
0,27,-66,-135,0,1,100,0,1696,656,104,112,0,-110,-93,0,1,100,-90,1280,704,112,112,0,-103,-83,0,1,100,90,1184,728,96,96,0,-108,-87,0,0,100,0,1800,656,104,104,0,-42,-137,0,1,100,0,0,1496,176,168,0,-65,-60,0,0,100,0,608,152,64,48,0,-34,-57,0,0,100,0,352,320,40,40,0,-1,-15,0,0,100,0,1008,504,40,24,0,13,-18,0,0,100,0,1048,504,24,24,0,8,-43,0,0,100,0,1064,424,32,40,0,-10,-53,0,0,100,0,144,312,40,40,0,-28,-103,0,0,100,0,320,768,64,72,0,-35,-45,0,0,100,0,456,200,56,48,0,-45,-82,0,0,100,0,536,400,120,88,0,-23,-65,0,0,100,0,224,0,32,24,0,-39,-51,0,0,100,0,632,304,48,48,0,-192,-48,3,1,100,0,1712,768,112,104,0,-139,-102,0,1,100,0,1280,704,112,112,0,-130,-92,0,1,100,0,1184,728,96,96,0,-135,-96,0,0,100,0,1800,656,104,104,0,-72,-62,0,0,100,0,608,200,56,40,0,-46,-61,0,0,100,0,352,280,40,40,0,-38,-19,0,0,100,0,1008,528,40,24,0,-20,-23,0,0,100,0,1048,528,24,24,0,-20,-49,0,0,100,0,1064,464,32,40,0,-89,-163,0,1,100,0,0,1496,176,168,0,-32,-18,0,0,65,0,1360,16,80,32,0,
0,26,-64,-136,0,1,100,0,1600,768,112,104,0,-109,-91,0,1,100,-180,1280,704,112,112,0,-103,-83,0,1,100,180,1184,728,96,96,0,-108,-87,0,0,100,0,1800,656,104,104,0,-42,-137,0,1,100,0,176,1496,176,168,0,-66,-60,0,0,100,0,608,152,64,48,0,-35,-57,0,0,100,0,352,320,40,40,0,-1,-15,0,0,100,0,1008,504,40,24,0,13,-18,0,0,100,0,1048,504,24,24,0,8,-43,0,0,100,0,1064,424,32,40,0,-10,-53,0,0,100,0,144,312,40,40,0,-28,-103,0,0,100,0,384,768,64,72,0,-35,-45,0,0,100,0,456,200,56,48,0,-45,-82,0,0,100,0,536,400,120,88,0,-23,-65,0,0,100,0,224,0,32,24,0,-39,-51,0,0,100,0,632,304,48,48,0,-137,-102,0,1,100,-90,1280,704,112,112,0,-130,-92,0,1,100,90,1184,728,96,96,0,-135,-96,0,0,100,0,1800,656,104,104,0,-73,-62,0,0,100,0,608,200,56,40,0,-47,-61,0,0,100,0,352,280,40,40,0,-38,-19,0,0,100,0,1008,528,40,24,0,-20,-23,0,0,100,0,1048,528,24,24,0,-20,-49,0,0,100,0,1064,464,32,40,0,-89,-163,0,1,100,0,176,1496,176,168,0,-32,-18,0,0,65,0,1360,16,80,32,0,
0,26,-53,-140,0,1,100,0,1712,768,112,104,0,-111,-90,0,1,100,-270,1280,704,112,112,0,-103,-83,0,1,100,270,1184,728,96,96,0,-108,-87,0,0,100,0,1800,656,104,104,0,-42,-137,0,1,100,0,352,1496,176,168,0,-65,-60,0,0,100,0,608,152,64,48,0,-34,-57,0,0,100,0,352,320,40,40,0,-1,-15,0,0,100,0,1008,504,40,24,0,13,-18,0,0,100,0,1048,504,24,24,0,8,-43,0,0,100,0,1064,424,32,40,0,-10,-53,0,0,100,0,144,312,40,40,0,-28,-103,0,0,100,0,448,768,64,72,0,-35,-45,0,0,100,0,456,200,56,48,0,-45,-82,0,0,100,0,536,400,120,88,0,-23,-65,0,0,100,0,224,0,32,24,0,-39,-51,0,0,100,0,632,304,48,48,0,-136,-100,0,1,100,-180,1280,704,112,112,0,-130,-92,0,1,100,180,1184,728,96,96,0,-135,-96,0,0,100,0,1800,656,104,104,0,-72,-62,0,0,100,0,608,200,56,40,0,-46,-61,0,0,100,0,352,280,40,40,0,-38,-19,0,0,100,0,1008,528,40,24,0,-20,-23,0,0,100,0,1048,528,24,24,0,-20,-49,0,0,100,0,1064,464,32,40,0,-89,-163,0,1,100,0,352,1496,176,168,0,-32,-18,0,0,65,0,1360,16,80,32,0,
0,25,-112,-93,0,1,100,0,1280,704,112,112,0,-103,-83,0,1,100,0,1184,728,96,96,0,-108,-87,0,0,100,0,1800,656,104,104,0,-42,-137,0,1,100,0,528,1496,176,168,0,-66,-60,0,0,100,0,608,152,64,48,0,-35,-57,0,0,100,0,352,320,40,40,0,-1,-15,0,0,100,0,1008,504,40,24,0,13,-18,0,0,100,0,1048,504,24,24,0,8,-43,0,0,100,0,1064,424,32,40,0,-10,-53,0,0,100,0,144,312,40,40,0,-28,-103,0,0,100,0,256,768,64,72,0,-35,-45,0,0,100,0,456,200,56,48,0,-45,-82,0,0,100,0,536,400,120,88,0,-23,-65,0,0,100,0,224,0,32,24,0,-39,-51,0,0,100,0,632,304,48,48,0,-138,-99,0,1,100,-270,1280,704,112,112,0,-130,-92,0,1,100,270,1184,728,96,96,0,-135,-96,0,0,100,0,1800,656,104,104,0,-73,-62,0,0,100,0,608,200,56,40,0,-47,-61,0,0,100,0,352,280,40,40,0,-38,-19,0,0,100,0,1008,528,40,24,0,-20,-23,0,0,100,0,1048,528,24,24,0,-20,-49,0,0,100,0,1064,464,32,40,0,-89,-163,0,1,100,0,528,1496,176,168,0,-32,-18,0,0,65,0,1360,16,80,32,0,
0,25,-110,-93,0,1,100,-90,1280,704,112,112,0,-103,-83,0,1,100,90,1184,728,96,96,0,-108,-87,0,0,100,0,1800,656,104,104,0,-42,-137,0,1,100,0,0,1496,176,168,0,-65,-60,0,0,100,0,608,152,64,48,0,-34,-57,0,0,100,0,352,320,40,40,0,-1,-15,0,0,100,0,1008,504,40,24,0,13,-18,0,0,100,0,1048,504,24,24,0,8,-43,0,0,100,0,1064,424,32,40,0,-10,-53,0,0,100,0,144,312,40,40,0,-28,-103,0,0,100,0,320,768,64,72,0,-35,-45,0,0,100,0,456,200,56,48,0,-45,-82,0,0,100,0,536,400,120,88,0,-23,-65,0,0,100,0,224,0,32,24,0,-39,-51,0,0,100,0,632,304,48,48,0,-139,-102,0,1,100,0,1280,704,112,112,0,-130,-92,0,1,100,0,1184,728,96,96,0,-135,-96,0,0,100,0,1800,656,104,104,0,-72,-62,0,0,100,0,608,200,56,40,0,-46,-61,0,0,100,0,352,280,40,40,0,-38,-19,0,0,100,0,1008,528,40,24,0,-20,-23,0,0,100,0,1048,528,24,24,0,-20,-49,0,0,100,0,1064,464,32,40,0,-89,-163,0,1,100,0,0,1496,176,168,0,-32,-18,0,0,65,0,1360,16,80,32,0,
0,26,-133,-109,1,1,100,0,1600,656,96,96,0,-109,-91,0,1,100,-180,1280,704,112,112,0,-103,-83,0,1,100,180,1184,728,96,96,0,-108,-87,0,0,100,0,1800,656,104,104,0,-42,-137,0,1,100,0,176,1496,176,168,0,-66,-60,0,0,100,0,608,152,64,48,0,-35,-57,0,0,100,0,352,320,40,40,0,-1,-15,0,0,100,0,1008,504,40,24,0,13,-18,0,0,100,0,1048,504,24,24,0,8,-43,0,0,100,0,1064,424,32,40,0,-10,-53,0,0,100,0,144,312,40,40,0,-28,-103,0,0,100,0,384,768,64,72,0,-35,-45,0,0,100,0,456,200,56,48,0,-45,-82,0,0,100,0,536,400,120,88,0,-23,-65,0,0,100,0,224,0,32,24,0,-39,-51,0,0,100,0,632,304,48,48,0,-137,-102,0,1,100,-90,1280,704,112,112,0,-130,-92,0,1,100,90,1184,728,96,96,0,-135,-96,0,0,100,0,1800,656,104,104,0,-73,-62,0,0,100,0,608,200,56,40,0,-47,-61,0,0,100,0,352,280,40,40,0,-38,-19,0,0,100,0,1008,528,40,24,0,-20,-23,0,0,100,0,1048,528,24,24,0,-20,-49,0,0,100,0,1064,464,32,40,0,-89,-163,0,1,100,0,176,1496,176,168,0,-32,-18,0,0,65,0,1360,16,80,32,0,
0,26,-145,-133,1,1,100,0,1696,656,104,112,0,-111,-90,0,1,100,-270,1280,704,112,112,0,-103,-83,0,1,100,270,1184,728,96,96,0,-108,-87,0,0,100,0,1800,656,104,104,0,-42,-137,0,1,100,0,352,1496,176,168,0,-65,-60,0,0,100,0,608,152,64,48,0,-34,-57,0,0,100,0,352,320,40,40,0,-1,-15,0,0,100,0,1008,504,40,24,0,13,-18,0,0,100,0,1048,504,24,24,0,8,-43,0,0,100,0,1064,424,32,40,0,-10,-53,0,0,100,0,144,312,40,40,0,-28,-103,0,0,100,0,448,768,64,72,0,-35,-45,0,0,100,0,456,200,56,48,0,-45,-82,0,0,100,0,536,400,120,88,0,-23,-65,0,0,100,0,224,0,32,24,0,-39,-51,0,0,100,0,632,304,48,48,0,-136,-100,0,1,100,-180,1280,704,112,112,0,-130,-92,0,1,100,180,1184,728,96,96,0,-135,-96,0,0,100,0,1800,656,104,104,0,-72,-62,0,0,100,0,608,200,56,40,0,-46,-61,0,0,100,0,352,280,40,40,0,-38,-19,0,0,100,0,1008,528,40,24,0,-20,-23,0,0,100,0,1048,528,24,24,0,-20,-49,0,0,100,0,1064,464,32,40,0,-89,-163,0,1,100,0,352,1496,176,168,0,-32,-18,0,0,65,0,1360,16,80,32,0,
0,27,-155,-134,1,1,100,0,1600,768,112,104,0,-85,-97,0,1,100,0,1696,0,64,64,0,-112,-93,0,1,100,0,1280,704,112,112,0,-103,-83,0,1,100,0,1184,728,96,96,0,-108,-87,0,0,100,0,1800,656,104,104,0,-42,-137,0,1,100,0,528,1496,176,168,0,-66,-60,0,0,100,0,608,152,64,48,0,-35,-57,0,0,100,0,352,320,40,40,0,-1,-15,0,0,100,0,1008,504,40,24,0,13,-18,0,0,100,0,1048,504,24,24,0,8,-43,0,0,100,0,1064,424,32,40,0,-10,-53,0,0,100,0,144,312,40,40,0,-28,-103,0,0,100,0,256,768,64,72,0,-35,-45,0,0,100,0,456,200,56,48,0,-45,-82,0,0,100,0,536,400,120,88,0,-23,-65,0,0,100,0,224,0,32,24,0,-39,-51,0,0,100,0,632,304,48,48,0,-138,-99,0,1,100,-270,1280,704,112,112,0,-130,-92,0,1,100,270,1184,728,96,96,0,-135,-96,0,0,100,0,1800,656,104,104,0,-73,-62,0,0,100,0,608,200,56,40,0,-47,-61,0,0,100,0,352,280,40,40,0,-38,-19,0,0,100,0,1008,528,40,24,0,-20,-23,0,0,100,0,1048,528,24,24,0,-20,-49,0,0,100,0,1064,464,32,40,0,-89,-163,0,1,100,0,528,1496,176,168,0,-32,-18,0,0,65,0,1360,16,80,32,0,
0,28,-166,-138,1,1,100,0,1712,768,112,104,0,-123,-91,0,1,100,0,1760,0,64,64,0,-110,-93,0,1,100,-90,1280,704,112,112,0,-103,-83,0,1,100,90,1184,728,96,96,0,-108,-87,0,0,100,0,1800,656,104,104,0,-42,-137,0,1,100,0,0,1496,176,168,0,-65,-60,0,0,100,0,608,152,64,48,0,-34,-57,0,0,100,0,352,320,40,40,0,-1,-15,0,0,100,0,1008,504,40,24,0,13,-18,0,0,100,0,1048,504,24,24,0,8,-43,0,0,100,0,1064,424,32,40,0,-10,-53,0,0,100,0,144,312,40,40,0,-28,-103,0,0,100,0,320,768,64,72,0,-35,-45,0,0,100,0,456,200,56,48,0,-45,-82,0,0,100,0,536,400,120,88,0,-23,-65,0,0,100,0,224,0,32,24,0,-39,-51,0,0,100,0,632,304,48,48,0,-102,-67,2,1,100,0,1600,656,96,96,0,-139,-102,0,1,100,0,1280,704,112,112,0,-130,-92,0,1,100,0,1184,728,96,96,0,-135,-96,0,0,100,0,1800,656,104,104,0,-72,-62,0,0,100,0,608,200,56,40,0,-46,-61,0,0,100,0,352,280,40,40,0,-38,-19,0,0,100,0,1008,528,40,24,0,-20,-23,0,0,100,0,1048,528,24,24,0,-20,-49,0,0,100,0,1064,464,32,40,0,-89,-163,0,1,100,0,0,1496,176,168,0,-32,-18,0,0,65,0,1360,16,80,32,0,
0,26,-109,-91,0,1,100,-180,1280,704,112,112,0,-103,-83,0,1,100,180,1184,728,96,96,0,-108,-87,0,0,100,0,1800,656,104,104,0,-42,-137,0,1,100,0,176,1496,176,168,0,-66,-60,0,0,100,0,608,152,64,48,0,-35,-57,0,0,100,0,352,320,40,40,0,-1,-15,0,0,100,0,1008,504,40,24,0,13,-18,0,0,100,0,1048,504,24,24,0,8,-43,0,0,100,0,1064,424,32,40,0,-10,-53,0,0,100,0,144,312,40,40,0,-28,-103,0,0,100,0,384,768,64,72,0,-35,-45,0,0,100,0,456,200,56,48,0,-45,-82,0,0,100,0,536,400,120,88,0,-23,-65,0,0,100,0,224,0,32,24,0,-39,-51,0,0,100,0,632,304,48,48,0,-98,-59,2,1,100,0,1696,656,104,112,0,-137,-102,0,1,100,-90,1280,704,112,112,0,-130,-92,0,1,100,90,1184,728,96,96,0,-135,-96,0,0,100,0,1800,656,104,104,0,-73,-62,0,0,100,0,608,200,56,40,0,-47,-61,0,0,100,0,352,280,40,40,0,-38,-19,0,0,100,0,1008,528,40,24,0,-20,-23,0,0,100,0,1048,528,24,24,0,-20,-49,0,0,100,0,1064,464,32,40,0,-89,-163,0,1,100,0,176,1496,176,168,0,-32,-18,0,0,65,0,1360,16,80,32,0,
0,28,-162,-80,0,1,100,90,416,1328,128,160,0,-111,-90,0,1,100,-270,1280,704,112,112,0,-123,-59,0,1,100,0,1696,64,64,64,0,-103,-83,0,1,100,270,1184,728,96,96,0,-108,-87,0,0,100,0,1800,656,104,104,0,-42,-137,0,1,100,0,352,1496,176,168,0,-65,-60,0,0,100,0,608,152,64,48,0,-34,-57,0,0,100,0,352,320,40,40,0,-1,-15,0,0,100,0,1008,504,40,24,0,13,-18,0,0,100,0,1048,504,24,24,0,8,-43,0,0,100,0,1064,424,32,40,0,-10,-53,0,0,100,0,144,312,40,40,0,-28,-103,0,0,100,0,448,768,64,72,0,-35,-45,0,0,100,0,456,200,56,48,0,-45,-82,0,0,100,0,536,400,120,88,0,-23,-65,0,0,100,0,224,0,32,24,0,-39,-51,0,0,100,0,632,304,48,48,0,-96,-50,2,1,100,0,1600,768,112,104,0,-136,-100,0,1,100,-180,1280,704,112,112,0,-130,-92,0,1,100,180,1184,728,96,96,0,-135,-96,0,0,100,0,1800,656,104,104,0,-72,-62,0,0,100,0,608,200,56,40,0,-46,-61,0,0,100,0,352,280,40,40,0,-38,-19,0,0,100,0,1008,528,40,24,0,-20,-23,0,0,100,0,1048,528,24,24,0,-20,-49,0,0,100,0,1064,464,32,40,0,-89,-163,0,1,100,0,352,1496,176,168,0,-32,-18,0,0,65,0,1360,16,80,32,0,
0,28,-162,-80,0,1,100,90,416,1328,128,160,0,-108,-90,0,1,100,0,1280,704,112,112,0,-69,-50,2,1,100,0,1760,64,64,64,0,-99,-80,0,1,100,0,1184,728,96,96,0,-104,-84,0,0,100,0,1800,656,104,104,0,-42,-137,0,1,100,0,528,1496,176,168,0,-64,-58,0,0,100,0,608,152,64,48,0,-32,-55,0,0,100,0,352,320,40,40,0,-1,-15,0,0,100,0,1008,504,40,24,0,14,-17,0,0,100,0,1048,504,24,24,0,10,-43,0,0,100,0,1064,424,32,40,0,-8,-51,0,0,100,0,144,312,40,40,0,-26,-101,0,0,100,0,64,624,64,72,0,-33,-43,0,0,100,0,456,200,56,48,0,-43,-80,0,0,100,0,536,400,120,88,0,-21,-63,0,0,100,0,224,0,32,24,0,-37,-49,0,0,100,0,632,304,48,48,0,-85,-46,2,1,100,0,1712,768,112,104,0,-134,-96,0,1,100,-270,1280,704,112,112,0,-126,-89,0,1,100,270,1184,728,96,96,0,-131,-93,0,0,100,0,1800,656,104,104,0,-71,-60,0,0,100,0,608,200,56,40,0,-44,-59,0,0,100,0,352,280,40,40,0,-38,-19,0,0,100,0,1008,528,40,24,0,-19,-22,0,0,100,0,1048,528,24,24,0,-18,-49,0,0,100,0,1064,464,32,40,0,-89,-163,0,1,100,0,528,1496,176,168,0,-32,-18,0,0,65,0,1360,16,80,32,0,
0,30,-160,-57,0,1,100,90,544,1328,96,160,0,-106,-88,0,1,100,-90,1280,704,112,112,0,-70,-84,0,1,100,-90,1760,64,64,64,0,-77,-55,0,1,100,-90,1760,0,64,64,0,-111,-86,0,1,100,90,1760,0,64,64,0,-104,-51,0,1,100,90,1696,0,64,64,0,-99,-78,0,1,100,90,1184,728,96,96,0,-104,-82,0,0,100,0,1800,656,104,104,0,-42,-137,0,1,100,0,0,1496,176,168,0,-62,-57,0,0,100,0,608,152,64,48,0,-31,-54,0,0,100,0,352,320,40,40,0,-1,-15,0,0,100,0,1008,504,40,24,0,15,-17,0,0,100,0,1048,504,24,24,0,10,-42,0,0,100,0,1064,424,32,40,0,-7,-50,0,0,100,0,144,312,40,40,0,-24,-100,0,0,100,0,128,624,64,72,0,-31,-42,0,0,100,0,456,200,56,48,0,-42,-79,0,0,100,0,536,400,120,88,0,-20,-62,0,0,100,0,224,0,32,24,0,-35,-48,0,0,100,0,632,304,48,48,0,-135,-97,0,1,100,0,1280,704,112,112,0,-126,-87,0,1,100,0,1184,728,96,96,0,-131,-91,0,0,100,0,1800,656,104,104,0,-69,-59,0,0,100,0,608,200,56,40,0,-43,-58,0,0,100,0,352,280,40,40,0,-38,-19,0,0,100,0,1008,528,40,24,0,-18,-22,0,0,100,0,1048,528,24,24,0,-18,-48,0,0,100,0,1064,464,32,40,0,-89,-163,0,1,100,0,0,1496,176,168,0,-32,-18,0,0,65,0,1360,16,80,32,0,
0,30,-118,-62,2,1,100,-270,288,1328,128,160,0,-169,-100,0,1,100,0,0,1328,144,104,0,-114,-131,0,1,100,-90,144,1328,144,104,0,-105,-85,0,1,100,-180,1280,704,112,112,0,-70,-84,0,1,100,-90,1760,64,64,64,0,-104,-51,0,1,100,90,1696,0,64,64,0,-99,-77,0,1,100,180,1184,728,96,96,0,-104,-81,0,0,100,0,1800,656,104,104,0,-42,-137,0,1,100,0,176,1496,176,168,0,-62,-57,0,0,100,0,608,152,64,48,0,-31,-54,0,0,100,0,352,320,40,40,0,-1,-15,0,0,100,0,1008,504,40,24,0,15,-17,0,0,100,0,1048,504,24,24,0,10,-42,0,0,100,0,1064,424,32,40,0,-7,-50,0,0,100,0,144,312,40,40,0,-24,-100,0,0,100,0,192,624,64,72,0,-31,-42,0,0,100,0,456,200,56,48,0,-42,-79,0,0,100,0,536,400,120,88,0,-20,-62,0,0,100,0,224,0,32,24,0,-35,-48,0,0,100,0,632,304,48,48,0,-133,-96,0,1,100,-90,1280,704,112,112,0,-126,-86,0,1,100,90,1184,728,96,96,0,-131,-90,0,0,100,0,1800,656,104,104,0,-69,-59,0,0,100,0,608,200,56,40,0,-43,-58,0,0,100,0,352,280,40,40,0,-38,-19,0,0,100,0,1008,528,40,24,0,-18,-22,0,0,100,0,1048,528,24,24,0,-18,-48,0,0,100,0,1064,464,32,40,0,-89,-163,0,1,100,0,176,1496,176,168,0,-32,-18,0,0,65,0,1360,16,80,32,0,
0,33,-123,-65,2,1,100,-270,416,1328,128,160,0,-169,-100,0,1,100,0,144,1328,144,104,0,-114,-131,0,1,100,-90,0,1328,144,104,0,-107,-84,0,1,100,-270,1280,704,112,112,0,-110,-47,3,1,100,0,1760,0,64,64,0,-112,-101,0,1,100,0,1760,64,64,64,0,-91,-48,0,1,100,-90,1696,0,64,64,0,-76,-83,0,1,100,0,1760,0,64,64,0,-125,-77,0,1,100,0,1696,64,64,64,0,-99,-77,0,1,100,270,1184,728,96,96,0,-104,-81,0,0,100,0,1800,656,104,104,0,-42,-137,0,1,100,0,352,1496,176,168,0,-62,-57,0,0,100,0,608,152,64,48,0,-31,-54,0,0,100,0,352,320,40,40,0,-1,-15,0,0,100,0,1008,504,40,24,0,15,-17,0,0,100,0,1048,504,24,24,0,10,-42,0,0,100,0,1064,424,32,40,0,-7,-50,0,0,100,0,144,312,40,40,0,-24,-100,0,0,100,0,192,624,64,72,0,-31,-42,0,0,100,0,456,200,56,48,0,-42,-79,0,0,100,0,536,400,120,88,0,-20,-62,0,0,100,0,224,0,32,24,0,-35,-48,0,0,100,0,632,304,48,48,0,-132,-94,0,1,100,-180,1280,704,112,112,0,-126,-86,0,1,100,180,1184,728,96,96,0,-131,-90,0,0,100,0,1800,656,104,104,0,-69,-59,0,0,100,0,608,200,56,40,0,-43,-58,0,0,100,0,352,280,40,40,0,-38,-19,0,0,100,0,1008,528,40,24,0,-18,-22,0,0,100,0,1048,528,24,24,0,-18,-48,0,0,100,0,1064,464,32,40,0,-89,-163,0,1,100,0,352,1496,176,168,0,-32,-18,0,0,65,0,1360,16,80,32,0,
0,25,-205,-211,0,1,100,0,1056,1080,224,232,0,-195,-213,0,1,100,0,1424,688,176,176,0,-200,-169,0,1,100,0,1424,688,176,176,0,-163,-191,0,1,100,0,1424,688,176,176,0,-155,-157,0,1,100,0,1424,688,176,176,0,-67,-94,0,0,100,0,672,152,64,80,0,-35,-71,0,0,100,0,568,152,40,48,0,-42,-137,0,1,100,0,528,1496,176,168,0,2,-15,0,0,100,0,1008,504,40,24,0,16,-18,0,0,100,0,1048,504,24,24,0,12,-44,0,0,100,0,1064,424,32,40,0,-7,-59,0,0,100,0,144,312,40,40,0,-29,-106,0,0,100,0,256,624,64,72,0,11,-72,0,0,100,0,1160,424,64,40,0,-34,-50,0,0,100,0,456,200,56,48,0,-51,-76,0,0,100,0,320,152,136,80,0,-45,-55,0,0,100,0,632,304,48,48,0,-76,-98,0,0,100,0,632,240,72,64,0,-41,-71,0,0,100,0,568,200,40,48,0,-5,-75,0,0,100,0,1160,464,64,40,0,-29,-19,0,0,100,0,1008,528,40,24,0,-12,-23,0,0,100,0,1048,528,24,24,0,-11,-51,0,0,100,0,1064,464,32,40,0,-89,-163,0,1,100,0,528,1496,176,168,0,-32,-18,0,0,65,0,1360,16,80,32,0,
0,32,-181,-177,0,1,100,0,1056,1080,224,232,0,-220,-235,0,1,100,0,1056,1080,224,232,0,-227,-247,0,1,100,0,1184,824,240,240,0,-243,-251,0,0,100,0,0,1056,264,264,0,-250,-123,0,1,100,0,1424,688,176,176,0,-187,-191,0,1,100,0,1184,824,240,240,0,-203,-195,0,0,100,0,0,1056,264,264,0,-103,-337,0,1,100,0,1424,872,248,224,0,-102,-64,2,1,100,0,1424,872,248,224,0,-376,-335,1,1,100,0,1424,872,248,224,0,-360,-77,3,1,100,0,1424,872,248,224,0,-62,-93,0,0,100,0,672,152,64,80,0,-32,-70,0,0,100,0,568,152,40,48,0,-42,-137,0,1,100,0,0,1496,176,168,0,2,-15,0,0,100,0,1008,504,40,24,0,16,-18,0,0,100,0,1048,504,24,24,0,13,-44,0,0,100,0,1064,424,32,40,0,-5,-58,0,0,100,0,144,312,40,40,0,-27,-105,0,0,100,0,320,624,64,72,0,13,-71,0,0,100,0,1160,424,64,40,0,-32,-49,0,0,100,0,456,200,56,48,0,-49,-75,0,0,100,0,320,152,136,80,0,-43,-54,0,0,100,0,632,304,48,48,0,-71,-97,0,0,100,0,632,240,72,64,0,-38,-70,0,0,100,0,568,200,40,48,0,-3,-74,0,0,100,0,1160,464,64,40,0,-29,-19,0,0,100,0,1008,528,40,24,0,-12,-23,0,0,100,0,1048,528,24,24,0,-89,-163,0,1,100,0,0,1496,176,168,0,-10,-51,0,0,100,0,1064,464,32,40,0,-158,-211,1,1,100,0,1424,688,176,176,0,-32,-18,0,0,65,0,1360,16,80,32,0,
0,36,-163,-238,0,1,100,0,1056,1080,224,232,0,-278,-137,0,1,100,0,1056,1080,224,232,0,-181,-177,0,1,100,0,1056,1080,224,232,0,-220,-235,0,1,100,0,1056,1080,224,232,0,-148,-85,0,1,100,0,1424,688,176,176,0,-284,-237,0,1,100,0,1424,688,176,176,0,-243,-251,0,0,100,0,264,1056,264,256,0,-282,-157,0,1,100,0,1184,824,240,240,0,-362,-75,3,1,100,0,1424,872,248,224,0,-298,-161,0,0,100,0,0,1056,264,264,0,-203,-195,0,0,100,0,264,1056,264,256,0,-101,-339,0,1,100,0,1424,872,248,224,0,-100,-62,2,1,100,0,1424,872,248,224,0,-378,-337,1,1,100,0,1424,872,248,224,0,-64,-93,0,0,100,0,672,152,64,80,0,-33,-70,0,0,100,0,568,152,40,48,0,-42,-137,0,1,100,0,176,1496,176,168,0,2,-15,0,0,100,0,1008,504,40,24,0,16,-18,0,0,100,0,1048,504,24,24,0,13,-44,0,0,100,0,1064,424,32,40,0,-6,-58,0,0,100,0,144,312,40,40,0,-28,-105,0,0,100,0,0,840,64,72,0,12,-71,0,0,100,0,1160,424,64,40,0,-33,-49,0,0,100,0,456,200,56,48,0,-50,-75,0,0,100,0,320,152,136,80,0,-44,-54,0,0,100,0,632,304,48,48,0,-73,-97,0,0,100,0,632,240,72,64,0,-39,-70,0,0,100,0,568,200,40,48,0,-4,-74,0,0,100,0,1160,464,64,40,0,-29,-19,0,0,100,0,1008,528,40,24,0,-12,-23,0,0,100,0,1048,528,24,24,0,-89,-163,0,1,100,0,176,1496,176,168,0,-10,-51,0,0,100,0,1064,464,32,40,0,-190,-245,1,1,100,0,1184,824,240,240,0,-198,-249,1,0,100,0,0,1056,264,264,0,-32,-18,0,0,65,0,1360,16,80,32,0,
0,39,-173,-106,0,1,100,0,1056,1080,224,232,0,-308,-263,0,1,100,0,1056,1080,224,232,0,-163,-238,0,1,100,0,1056,1080,224,232,0,-278,-137,0,1,100,0,1056,1080,224,232,0,-181,-177,0,1,100,0,1056,1080,224,232,0,-220,-235,0,1,100,0,1056,1080,224,232,0,-170,-176,3,1,100,0,1424,688,176,176,0,-180,-119,0,1,100,0,1184,824,240,240,0,-196,-123,0,0,100,0,0,1056,264,264,0,-316,-271,0,1,100,0,1184,824,240,240,0,-332,-275,0,0,100,0,0,1056,264,264,0,-243,-251,0,0,100,0,528,1064,264,264,0,-382,-55,3,1,100,0,1672,872,248,224,0,-298,-161,0,0,100,0,264,1056,264,256,0,-203,-195,0,0,100,0,528,1064,264,264,0,-83,-360,0,1,100,0,1672,872,248,224,0,-70,-51,0,1,100,-90,1672,872,248,224,0,-398,-358,1,1,100,0,1672,872,248,224,0,-64,-93,0,0,100,0,672,152,64,80,0,-33,-70,0,0,100,0,568,152,40,48,0,-42,-137,0,1,100,0,352,1496,176,168,0,2,-15,0,0,100,0,1008,504,40,24,0,16,-18,0,0,100,0,1048,504,24,24,0,13,-44,0,0,100,0,1064,424,32,40,0,-6,-58,0,0,100,0,144,312,40,40,0,-28,-105,0,0,100,0,64,840,64,72,0,12,-71,0,0,100,0,1160,424,64,40,0,-33,-49,0,0,100,0,456,200,56,48,0,-50,-75,0,0,100,0,320,152,136,80,0,-44,-54,0,0,100,0,632,304,48,48,0,-73,-97,0,0,100,0,632,240,72,64,0,-39,-70,0,0,100,0,568,200,40,48,0,-4,-74,0,0,100,0,1160,464,64,40,0,-29,-19,0,0,100,0,1008,528,40,24,0,-12,-23,0,0,100,0,1048,528,24,24,0,-89,-163,0,1,100,0,352,1496,176,168,0,-10,-51,0,0,100,0,1064,464,32,40,0,-198,-249,1,0,100,0,264,1056,264,256,0,-32,-18,0,0,65,0,1360,16,80,32,0,
0,39,-175,-209,0,1,100,-90,0,1432,88,64,0,-173,-106,0,1,100,0,1056,1080,224,232,0,-308,-263,0,1,100,0,1056,1080,224,232,0,-163,-238,0,1,100,0,1056,1080,224,232,0,-278,-137,0,1,100,0,1056,1080,224,232,0,-181,-177,0,1,100,0,1056,1080,224,232,0,-220,-235,0,1,100,0,1056,1080,224,232,0,-202,-206,3,1,100,0,1184,824,240,240,0,-210,-226,3,0,100,0,0,1056,264,264,0,-196,-123,0,0,100,0,264,1056,264,256,0,-332,-275,0,0,100,0,264,1056,264,256,0,-243,-251,0,0,100,0,792,1080,264,264,0,-384,-53,3,1,30,0,1672,872,248,224,0,-298,-161,0,0,100,0,528,1064,264,264,0,-203,-195,0,0,50,0,792,1080,264,264,0,-81,-362,0,1,30,0,1672,872,248,224,0,-68,-49,0,1,30,-90,1672,872,248,224,0,-400,-360,1,1,30,0,1672,872,248,224,0,-64,-93,0,0,100,0,672,152,64,80,0,-33,-70,0,0,100,0,568,152,40,48,0,-42,-137,0,1,100,0,528,1496,176,168,0,2,-15,0,0,100,0,1008,504,40,24,0,16,-18,0,0,100,0,1048,504,24,24,0,13,-44,0,0,100,0,1064,424,32,40,0,-6,-58,0,0,100,0,144,312,40,40,0,-28,-105,0,0,100,0,256,624,64,72,0,12,-71,0,0,100,0,1160,424,64,40,0,-33,-49,0,0,100,0,456,200,56,48,0,-50,-75,0,0,100,0,320,152,136,80,0,-44,-54,0,0,100,0,632,304,48,48,0,-73,-97,0,0,100,0,632,240,72,64,0,-39,-70,0,0,100,0,568,200,40,48,0,-4,-74,0,0,100,0,1160,464,64,40,0,-29,-19,0,0,100,0,1008,528,40,24,0,-12,-23,0,0,100,0,1048,528,24,24,0,-89,-163,0,1,100,0,528,1496,176,168,0,-10,-51,0,0,100,0,1064,464,32,40,0,-198,-249,1,0,100,0,528,1064,264,264,0,-32,-18,0,0,65,0,1360,16,80,32,0,
0,33,-162,-269,0,1,100,-90,0,1328,144,104,0,-173,-106,0,1,80,0,1056,1080,224,232,0,-308,-263,0,1,80,0,1056,1080,224,232,0,-163,-238,0,1,80,0,1056,1080,224,232,0,-278,-137,0,1,80,0,1056,1080,224,232,0,-181,-177,0,1,80,0,1056,1080,224,232,0,-220,-235,0,1,80,0,1056,1080,224,232,0,-271,-146,0,1,100,0,1424,688,176,176,0,-210,-218,3,0,100,0,264,1056,264,256,0,-196,-123,0,0,100,0,528,1064,264,264,0,-332,-275,0,0,100,0,528,1064,264,264,0,-243,-251,0,0,50,0,792,1080,264,264,0,-298,-161,0,0,100,0,792,1080,264,264,0,-64,-93,0,0,100,0,672,152,64,80,0,-33,-70,0,0,100,0,568,152,40,48,0,-42,-137,0,1,100,0,704,1496,176,168,0,2,-15,0,0,100,0,1008,504,40,24,0,16,-18,0,0,100,0,1048,504,24,24,0,13,-44,0,0,100,0,1064,424,32,40,0,-6,-58,0,0,100,0,144,312,40,40,0,-28,-105,0,0,100,0,320,624,64,72,0,12,-71,0,0,100,0,1160,424,64,40,0,-33,-49,0,0,100,0,456,200,56,48,0,-50,-75,0,0,100,0,320,152,136,80,0,-44,-54,0,0,100,0,632,304,48,48,0,-73,-97,0,0,100,0,632,240,72,64,0,-39,-70,0,0,100,0,568,200,40,48,0,-4,-74,0,0,100,0,1160,464,64,40,0,-29,-19,0,0,100,0,1008,528,40,24,0,-12,-23,0,0,100,0,1048,528,24,24,0,-10,-51,0,0,100,0,1064,464,32,40,0,-198,-249,1,0,100,0,792,1080,264,264,0,-32,-18,0,0,65,0,1360,16,80,32,0,
0,36,-287,-93,0,1,100,90,288,1328,128,160,0,-162,-269,0,1,100,-90,144,1328,144,104,0,-173,-106,0,1,60,0,1056,1080,224,232,0,-308,-263,0,1,60,0,1056,1080,224,232,0,-163,-238,0,1,60,0,1056,1080,224,232,0,-278,-137,0,1,60,0,1056,1080,224,232,0,-181,-177,0,1,60,0,1056,1080,224,232,0,-220,-235,0,1,60,0,1056,1080,224,232,0,-222,-234,0,1,100,0,1424,688,176,176,0,-303,-180,0,1,100,0,1184,824,240,240,0,-319,-184,0,0,100,0,0,1056,264,264,0,-210,-226,3,0,100,0,528,1064,264,264,0,-196,-123,0,0,100,0,792,1080,264,264,0,-332,-275,0,0,100,0,792,1080,264,264,0,-298,-161,0,0,50,0,792,1080,264,264,0,-78,-298,0,1,100,0,1424,872,248,224,0,-64,-93,0,0,100,0,672,152,64,80,0,-33,-70,0,0,100,0,568,152,40,48,0,-42,-137,0,1,100,0,704,1496,176,168,0,2,-15,0,0,100,0,1008,504,40,24,0,16,-18,0,0,100,0,1048,504,24,24,0,13,-44,0,0,100,0,1064,424,32,40,0,-6,-58,0,0,100,0,144,312,40,40,0,-28,-105,0,0,100,0,0,840,64,72,0,12,-71,0,0,100,0,1160,424,64,40,0,-33,-49,0,0,100,0,456,200,56,48,0,-50,-75,0,0,100,0,320,152,136,80,0,-44,-54,0,0,100,0,632,304,48,48,0,-73,-97,0,0,100,0,632,240,72,64,0,-39,-70,0,0,100,0,568,200,40,48,0,-4,-74,0,0,100,0,1160,464,64,40,0,-29,-19,0,0,100,0,1008,528,40,24,0,-12,-23,0,0,100,0,1048,528,24,24,0,-10,-51,0,0,100,0,1064,464,32,40,0,-198,-249,1,0,50,0,792,1080,264,264,0,-32,-18,0,0,65,0,1360,16,80,32,0,
0,35,-282,-96,0,1,100,90,416,1328,128,160,0,-173,-106,0,1,30,0,1056,1080,224,232,0,-308,-263,0,1,30,0,1056,1080,224,232,0,-163,-238,0,1,30,0,1056,1080,224,232,0,-278,-137,0,1,30,0,1056,1080,224,232,0,-181,-177,0,1,30,0,1056,1080,224,232,0,-220,-235,0,1,30,0,1056,1080,224,232,0,-158,-91,0,1,100,-90,1424,688,176,176,0,-254,-268,0,1,100,0,1184,824,240,240,0,-270,-272,0,0,100,0,0,1056,264,264,0,-319,-184,0,0,100,0,264,1056,264,256,0,-210,-226,3,0,100,0,792,1080,264,264,0,-196,-123,0,0,50,0,792,1080,264,264,0,-332,-275,0,0,50,0,792,1080,264,264,0,-428,-73,3,1,100,0,1424,872,248,224,0,-52,-320,0,1,100,0,1672,872,248,224,0,-64,-93,0,0,100,0,672,152,64,80,0,-33,-70,0,0,100,0,568,152,40,48,0,-42,-137,0,1,100,0,880,1496,176,168,0,2,-15,0,0,100,0,1008,504,40,24,0,16,-18,0,0,100,0,1048,504,24,24,0,13,-44,0,0,100,0,1064,424,32,40,0,-6,-58,0,0,100,0,144,312,40,40,0,-28,-105,0,0,100,0,64,840,64,72,0,12,-71,0,0,100,0,1160,424,64,40,0,-33,-49,0,0,100,0,456,200,56,48,0,-50,-75,0,0,100,0,320,152,136,80,0,-44,-54,0,0,100,0,632,304,48,48,0,-73,-97,0,0,100,0,632,240,72,64,0,-39,-70,0,0,100,0,568,200,40,48,0,-4,-74,0,0,100,0,1160,464,64,40,0,-29,-19,0,0,100,0,1008,528,40,24,0,-12,-23,0,0,100,0,1048,528,24,24,0,-10,-51,0,0,100,0,1064,464,32,40,0,-32,-18,0,0,65,0,1360,16,80,32,0,
0,32,-79,-80,1,1,100,0,288,1328,128,160,0,-283,-75,0,1,100,90,544,1328,96,160,0,-181,-241,0,1,100,0,1056,1080,224,232,0,-191,-128,0,1,100,0,1056,1080,224,232,0,-148,-218,0,1,100,0,1424,688,176,176,0,-188,-123,0,1,100,-90,1184,824,240,240,0,-208,-139,0,0,100,-90,0,1056,264,264,0,-270,-272,0,0,100,0,264,1056,264,256,0,-319,-184,0,0,100,0,528,1064,264,264,0,-210,-226,3,0,50,0,792,1080,264,264,0,-52,-320,0,1,30,0,1672,872,248,224,0,-429,-57,3,1,100,0,1672,872,248,224,0,-91,-41,2,1,100,0,1424,872,248,224,0,-64,-93,0,0,100,0,672,152,64,80,0,-33,-70,0,0,100,0,568,152,40,48,0,-42,-137,0,1,100,0,880,1496,176,168,0,2,-15,0,0,100,0,1008,504,40,24,0,16,-18,0,0,100,0,1048,504,24,24,0,13,-44,0,0,100,0,1064,424,32,40,0,-6,-58,0,0,100,0,144,312,40,40,0,-28,-105,0,0,100,0,256,624,64,72,0,12,-71,0,0,100,0,1160,424,64,40,0,-33,-49,0,0,100,0,456,200,56,48,0,-50,-75,0,0,100,0,320,152,136,80,0,-44,-54,0,0,100,0,632,304,48,48,0,-73,-97,0,0,100,0,632,240,72,64,0,-39,-70,0,0,100,0,568,200,40,48,0,-4,-74,0,0,100,0,1160,464,64,40,0,-29,-19,0,0,100,0,1008,528,40,24,0,-12,-23,0,0,100,0,1048,528,24,24,0,-10,-51,0,0,100,0,1064,464,32,40,0,-32,-18,0,0,65,0,1360,16,80,32,0,
0,31,-79,-80,1,1,100,0,416,1328,128,160,0,-293,-225,0,1,100,0,1056,1080,224,232,0,-181,-241,0,1,100,0,1056,1080,224,232,0,-191,-128,0,1,100,0,1056,1080,224,232,0,-270,-200,0,1,100,0,1424,688,176,176,0,-180,-252,0,1,100,0,1184,824,240,240,0,-196,-256,0,0,100,0,0,1056,264,264,0,-200,-139,0,0,100,-90,264,1056,264,256,0,-270,-272,0,0,100,0,528,1064,264,264,0,-319,-184,0,0,100,0,792,1080,264,264,0,-429,-57,3,1,30,0,1672,872,248,224,0,-67,-21,2,1,100,0,1672,872,248,224,0,-426,-329,1,1,100,0,1424,872,248,224,0,-64,-93,0,0,100,0,672,152,64,80,0,-33,-70,0,0,100,0,568,152,40,48,0,2,-15,0,0,100,0,1008,504,40,24,0,16,-18,0,0,100,0,1048,504,24,24,0,13,-44,0,0,100,0,1064,424,32,40,0,-6,-58,0,0,100,0,144,312,40,40,0,-28,-105,0,0,100,0,320,624,64,72,0,12,-71,0,0,100,0,1160,424,64,40,0,-33,-49,0,0,100,0,456,200,56,48,0,-50,-75,0,0,100,0,320,152,136,80,0,-44,-54,0,0,100,0,632,304,48,48,0,-73,-97,0,0,100,0,632,240,72,64,0,-39,-70,0,0,100,0,568,200,40,48,0,-4,-74,0,0,100,0,1160,464,64,40,0,-29,-19,0,0,100,0,1008,528,40,24,0,-12,-23,0,0,100,0,1048,528,24,24,0,-10,-51,0,0,100,0,1064,464,32,40,0,-32,-18,0,0,65,0,1360,16,80,32,0,
0,32,-78,-214,1,1,100,-270,0,1432,88,64,0,-58,-81,1,1,100,0,544,1328,96,160,0,-293,-225,0,1,100,0,1056,1080,224,232,0,-181,-241,0,1,100,0,1056,1080,224,232,0,-191,-128,0,1,100,0,1056,1080,224,232,0,-186,-157,0,1,100,-90,1424,688,176,176,0,-302,-234,0,1,100,0,1184,824,240,240,0,-318,-238,0,0,100,0,0,1056,264,264,0,-196,-256,0,0,100,0,264,1056,264,256,0,-208,-139,0,0,100,-90,528,1064,264,264,0,-270,-272,0,0,100,0,792,1080,264,264,0,-319,-184,0,0,50,0,792,1080,264,264,0,-67,-21,2,1,30,0,1672,872,248,224,0,-435,-343,1,1,100,0,1672,872,248,224,0,-64,-93,0,0,100,0,672,152,64,80,0,-33,-70,0,0,100,0,568,152,40,48,0,2,-15,0,0,100,0,1008,504,40,24,0,16,-18,0,0,100,0,1048,504,24,24,0,13,-44,0,0,100,0,1064,424,32,40,0,-6,-58,0,0,100,0,144,312,40,40,0,-28,-105,0,0,100,0,0,840,64,72,0,12,-71,0,0,100,0,1160,424,64,40,0,-33,-49,0,0,100,0,456,200,56,48,0,-50,-75,0,0,100,0,320,152,136,80,0,-44,-54,0,0,100,0,632,304,48,48,0,-73,-97,0,0,100,0,632,240,72,64,0,-39,-70,0,0,100,0,568,200,40,48,0,-4,-74,0,0,100,0,1160,464,64,40,0,-29,-19,0,0,100,0,1008,528,40,24,0,-12,-23,0,0,100,0,1048,528,24,24,0,-10,-51,0,0,100,0,1064,464,32,40,0,-32,-18,0,0,65,0,1360,16,80,32,0,
0,29,-147,-280,1,1,100,-270,0,1328,144,104,0,-293,-225,0,1,100,0,1056,1080,224,232,0,-181,-241,0,1,100,0,1056,1080,224,232,0,-191,-128,0,1,100,0,1056,1080,224,232,0,-216,-189,0,1,100,-90,1184,824,240,240,0,-236,-205,0,0,100,-90,0,1056,264,264,0,-318,-238,0,0,100,0,264,1056,264,256,0,-196,-256,0,0,100,0,528,1064,264,264,0,-208,-139,0,0,100,-90,792,1080,264,264,0,-270,-272,0,0,50,0,792,1080,264,264,0,-435,-343,1,1,30,0,1672,872,248,224,0,-64,-93,0,0,100,0,672,152,64,80,0,-33,-70,0,0,100,0,568,152,40,48,0,2,-15,0,0,100,0,1008,504,40,24,0,16,-18,0,0,100,0,1048,504,24,24,0,13,-44,0,0,100,0,1064,424,32,40,0,-6,-58,0,0,100,0,144,312,40,40,0,-28,-105,0,0,100,0,64,840,64,72,0,12,-71,0,0,100,0,1160,424,64,40,0,-33,-49,0,0,100,0,456,200,56,48,0,-50,-75,0,0,100,0,320,152,136,80,0,-44,-54,0,0,100,0,632,304,48,48,0,-73,-97,0,0,100,0,632,240,72,64,0,-39,-70,0,0,100,0,568,200,40,48,0,-4,-74,0,0,100,0,1160,464,64,40,0,-29,-19,0,0,100,0,1008,528,40,24,0,-12,-23,0,0,100,0,1048,528,24,24,0,-10,-51,0,0,100,0,1064,464,32,40,0,-32,-18,0,0,65,0,1360,16,80,32,0,
0,26,-147,-280,1,1,100,-270,144,1328,144,104,0,-293,-225,0,1,60,0,1056,1080,224,232,0,-181,-241,0,1,60,0,1056,1080,224,232,0,-191,-128,0,1,60,0,1056,1080,224,232,0,-228,-205,0,0,100,-90,264,1056,264,256,0,-318,-238,0,0,100,0,528,1064,264,264,0,-196,-256,0,0,100,0,792,1080,264,264,0,-208,-139,0,0,50,-90,792,1080,264,264,0,-64,-93,0,0,100,0,672,152,64,80,0,-33,-70,0,0,100,0,568,152,40,48,0,2,-15,0,0,100,0,1008,504,40,24,0,16,-18,0,0,100,0,1048,504,24,24,0,13,-44,0,0,100,0,1064,424,32,40,0,-6,-58,0,0,100,0,144,312,40,40,0,-28,-105,0,0,100,0,256,624,64,72,0,12,-71,0,0,100,0,1160,424,64,40,0,-33,-49,0,0,100,0,456,200,56,48,0,-50,-75,0,0,100,0,320,152,136,80,0,-44,-54,0,0,100,0,632,304,48,48,0,-73,-97,0,0,100,0,632,240,72,64,0,-39,-70,0,0,100,0,568,200,40,48,0,-4,-74,0,0,100,0,1160,464,64,40,0,-29,-19,0,0,100,0,1008,528,40,24,0,-12,-23,0,0,100,0,1048,528,24,24,0,-10,-51,0,0,100,0,1064,464,32,40,0,-32,-18,0,0,65,0,1360,16,80,32,0,
0,25,-293,-225,0,1,30,0,1056,1080,224,232,0,-181,-241,0,1,30,0,1056,1080,224,232,0,-191,-128,0,1,30,0,1056,1080,224,232,0,-236,-205,0,0,100,-90,528,1064,264,264,0,-318,-238,0,0,100,0,792,1080,264,264,0,-196,-256,0,0,50,0,792,1080,264,264,0,-69,-97,0,1,100,0,1392,1096,72,88,0,-64,-93,0,0,100,0,672,152,64,80,0,-33,-70,0,0,100,0,568,152,40,48,0,2,-15,0,0,100,0,1008,504,40,24,0,16,-18,0,0,100,0,1048,504,24,24,0,13,-44,0,0,100,0,1064,424,32,40,0,-6,-58,0,0,100,0,144,312,40,40,0,-28,-105,0,0,100,0,320,624,64,72,0,12,-71,0,0,100,0,1160,424,64,40,0,-33,-49,0,0,100,0,456,200,56,48,0,-50,-75,0,0,100,0,320,152,136,80,0,-44,-54,0,0,100,0,632,304,48,48,0,-73,-97,0,0,100,0,632,240,72,64,0,-39,-70,0,0,100,0,568,200,40,48,0,-4,-74,0,0,100,0,1160,464,64,40,0,-29,-19,0,0,100,0,1008,528,40,24,0,-12,-23,0,0,100,0,1048,528,24,24,0,-10,-51,0,0,100,0,1064,464,32,40,0,-32,-18,0,0,65,0,1360,16,80,32,0,
0,22,-185,-114,3,1,100,0,288,1328,128,160,0,-236,-205,0,0,100,-90,792,1080,264,264,0,-318,-238,0,0,50,0,792,1080,264,264,0,-69,-97,0,1,100,0,1392,1096,72,88,0,-64,-93,0,0,100,0,672,152,64,80,0,-33,-70,0,0,100,0,568,152,40,48,0,2,-15,0,0,100,0,1008,504,40,24,0,16,-18,0,0,100,0,1048,504,24,24,0,13,-44,0,0,100,0,1064,424,32,40,0,-6,-58,0,0,100,0,144,312,40,40,0,-28,-105,0,0,100,0,0,840,64,72,0,12,-71,0,0,100,0,1160,424,64,40,0,-33,-49,0,0,100,0,456,200,56,48,0,-50,-75,0,0,100,0,320,152,136,80,0,-44,-54,0,0,100,0,632,304,48,48,0,-73,-97,0,0,100,0,632,240,72,64,0,-39,-70,0,0,100,0,568,200,40,48,0,-4,-74,0,0,100,0,1160,464,64,40,0,-29,-19,0,0,100,0,1008,528,40,24,0,-12,-23,0,0,100,0,1048,528,24,24,0,-10,-51,0,0,100,0,1064,464,32,40,0,-32,-18,0,0,65,0,1360,16,80,32,0,
0,21,-185,-114,3,1,100,0,416,1328,128,160,0,-236,-205,0,0,50,-90,792,1080,264,264,0,-69,-97,0,1,100,0,1392,1096,72,88,0,-64,-93,0,0,100,0,672,152,64,80,0,-33,-70,0,0,100,0,568,152,40,48,0,2,-15,0,0,100,0,1008,504,40,24,0,16,-18,0,0,100,0,1048,504,24,24,0,13,-44,0,0,100,0,1064,424,32,40,0,-6,-58,0,0,100,0,144,312,40,40,0,-28,-105,0,0,100,0,64,840,64,72,0,12,-71,0,0,100,0,1160,424,64,40,0,-33,-49,0,0,100,0,456,200,56,48,0,-50,-75,0,0,100,0,320,152,136,80,0,-44,-54,0,0,100,0,632,304,48,48,0,-73,-97,0,0,100,0,632,240,72,64,0,-39,-70,0,0,100,0,568,200,40,48,0,-4,-74,0,0,100,0,1160,464,64,40,0,-29,-19,0,0,100,0,1008,528,40,24,0,-12,-23,0,0,100,0,1048,528,24,24,0,-10,-51,0,0,100,0,1064,464,32,40,0,-32,-18,0,0,65,0,1360,16,80,32,0,
0,20,-168,-114,3,1,100,0,544,1328,96,160,0,-69,-97,0,1,100,0,1392,1096,72,88,0,-64,-93,0,0,100,0,672,152,64,80,0,-33,-70,0,0,100,0,568,152,40,48,0,2,-15,0,0,100,0,1008,504,40,24,0,16,-18,0,0,100,0,1048,504,24,24,0,13,-44,0,0,100,0,1064,424,32,40,0,-6,-58,0,0,100,0,144,312,40,40,0,-28,-105,0,0,100,0,256,624,64,72,0,12,-71,0,0,100,0,1160,424,64,40,0,-33,-49,0,0,100,0,456,200,56,48,0,-50,-75,0,0,100,0,320,152,136,80,0,-44,-54,0,0,100,0,632,304,48,48,0,-73,-97,0,0,100,0,632,240,72,64,0,-39,-70,0,0,100,0,568,200,40,48,0,-4,-74,0,0,100,0,1160,464,64,40,0,-29,-19,0,0,100,0,1008,528,40,24,0,-12,-23,0,0,100,0,1048,528,24,24,0,-10,-51,0,0,100,0,1064,464,32,40,0,-32,-18,0,0,65,0,1360,16,80,32,0,
0,19,-69,-97,0,1,100,0,1392,1096,72,88,0,-64,-93,0,0,100,0,672,152,64,80,0,-33,-70,0,0,100,0,568,152,40,48,0,2,-15,0,0,100,0,1008,504,40,24,0,16,-18,0,0,100,0,1048,504,24,24,0,13,-44,0,0,100,0,1064,424,32,40,0,-6,-58,0,0,100,0,144,312,40,40,0,-28,-105,0,0,100,0,320,624,64,72,0,12,-71,0,0,100,0,1160,424,64,40,0,-33,-49,0,0,100,0,456,200,56,48,0,-50,-75,0,0,100,0,320,152,136,80,0,-44,-54,0,0,100,0,632,304,48,48,0,-73,-97,0,0,100,0,632,240,72,64,0,-39,-70,0,0,100,0,568,200,40,48,0,-4,-74,0,0,100,0,1160,464,64,40,0,-29,-19,0,0,100,0,1008,528,40,24,0,-12,-23,0,0,100,0,1048,528,24,24,0,-10,-51,0,0,100,0,1064,464,32,40,0,-32,-18,0,0,65,0,1360,16,80,32,0,
0,19,-69,-97,0,1,100,0,1392,1096,72,88,0,-64,-93,0,0,100,0,672,152,64,80,0,-33,-70,0,0,100,0,568,152,40,48,0,2,-15,0,0,100,0,1008,504,40,24,0,16,-18,0,0,100,0,1048,504,24,24,0,13,-44,0,0,100,0,1064,424,32,40,0,-6,-58,0,0,100,0,144,312,40,40,0,-28,-105,0,0,100,0,0,840,64,72,0,12,-71,0,0,100,0,1160,424,64,40,0,-33,-49,0,0,100,0,456,200,56,48,0,-50,-75,0,0,100,0,320,152,136,80,0,-44,-54,0,0,100,0,632,304,48,48,0,-73,-97,0,0,100,0,632,240,72,64,0,-39,-70,0,0,100,0,568,200,40,48,0,-4,-74,0,0,100,0,1160,464,64,40,0,-29,-19,0,0,100,0,1008,528,40,24,0,-12,-23,0,0,100,0,1048,528,24,24,0,-10,-51,0,0,100,0,1064,464,32,40,0,-32,-18,0,0,65,0,1360,16,80,32,0,
0,19,-69,-97,0,1,80,0,1392,1096,72,88,0,-64,-93,0,0,100,0,672,152,64,80,0,-33,-70,0,0,100,0,568,152,40,48,0,2,-15,0,0,100,0,1008,504,40,24,0,16,-18,0,0,100,0,1048,504,24,24,0,13,-44,0,0,100,0,1064,424,32,40,0,-6,-58,0,0,100,0,144,312,40,40,0,-28,-105,0,0,100,0,64,840,64,72,0,12,-71,0,0,100,0,1160,424,64,40,0,-33,-49,0,0,100,0,456,200,56,48,0,-50,-75,0,0,100,0,320,152,136,80,0,-44,-54,0,0,100,0,632,304,48,48,0,-73,-97,0,0,100,0,632,240,72,64,0,-39,-70,0,0,100,0,568,200,40,48,0,-4,-74,0,0,100,0,1160,464,64,40,0,-29,-19,0,0,100,0,1008,528,40,24,0,-12,-23,0,0,100,0,1048,528,24,24,0,-10,-51,0,0,100,0,1064,464,32,40,0,-32,-18,0,0,65,0,1360,16,80,32,0,
0,20,-127,-119,0,1,100,-90,0,1432,88,64,0,-69,-97,0,1,60,0,1392,1096,72,88,0,-64,-93,0,0,100,0,672,152,64,80,0,-33,-70,0,0,100,0,568,152,40,48,0,2,-15,0,0,100,0,1008,504,40,24,0,16,-18,0,0,100,0,1048,504,24,24,0,13,-44,0,0,100,0,1064,424,32,40,0,-6,-58,0,0,100,0,144,312,40,40,0,-28,-105,0,0,100,0,256,624,64,72,0,12,-71,0,0,100,0,1160,424,64,40,0,-33,-49,0,0,100,0,456,200,56,48,0,-50,-75,0,0,100,0,320,152,136,80,0,-44,-54,0,0,100,0,632,304,48,48,0,-73,-97,0,0,100,0,632,240,72,64,0,-39,-70,0,0,100,0,568,200,40,48,0,-4,-74,0,0,100,0,1160,464,64,40,0,-29,-19,0,0,100,0,1008,528,40,24,0,-12,-23,0,0,100,0,1048,528,24,24,0,-10,-51,0,0,100,0,1064,464,32,40,0,-32,-18,0,0,65,0,1360,16,80,32,0,
0,20,-112,-190,0,1,100,-90,0,1328,144,104,0,-69,-97,0,1,40,0,1392,1096,72,88,0,-64,-93,0,0,100,0,672,152,64,80,0,-33,-70,0,0,100,0,568,152,40,48,0,2,-15,0,0,100,0,1008,504,40,24,0,16,-18,0,0,100,0,1048,504,24,24,0,13,-44,0,0,100,0,1064,424,32,40,0,-6,-58,0,0,100,0,144,312,40,40,0,-28,-105,0,0,100,0,320,624,64,72,0,12,-71,0,0,100,0,1160,424,64,40,0,-33,-49,0,0,100,0,456,200,56,48,0,-50,-75,0,0,100,0,320,152,136,80,0,-44,-54,0,0,100,0,632,304,48,48,0,-73,-97,0,0,100,0,632,240,72,64,0,-39,-70,0,0,100,0,568,200,40,48,0,-4,-74,0,0,100,0,1160,464,64,40,0,-29,-19,0,0,100,0,1008,528,40,24,0,-12,-23,0,0,100,0,1048,528,24,24,0,-10,-51,0,0,100,0,1064,464,32,40,0,-32,-18,0,0,65,0,1360,16,80,32,0,
0,21,-89,-96,0,1,100,90,288,1328,128,160,0,-112,-190,0,1,100,-90,144,1328,144,104,0,-69,-97,0,1,20,0,1392,1096,72,88,0,-64,-93,0,0,100,0,672,152,64,80,0,-33,-70,0,0,100,0,568,152,40,48,0,2,-15,0,0,100,0,1008,504,40,24,0,16,-18,0,0,100,0,1048,504,24,24,0,13,-44,0,0,100,0,1064,424,32,40,0,-6,-58,0,0,100,0,144,312,40,40,0,-28,-105,0,0,100,0,0,840,64,72,0,12,-71,0,0,100,0,1160,424,64,40,0,-33,-49,0,0,100,0,456,200,56,48,0,-50,-75,0,0,100,0,320,152,136,80,0,-44,-54,0,0,100,0,632,304,48,48,0,-73,-97,0,0,100,0,632,240,72,64,0,-39,-70,0,0,100,0,568,200,40,48,0,-4,-74,0,0,100,0,1160,464,64,40,0,-29,-19,0,0,100,0,1008,528,40,24,0,-12,-23,0,0,100,0,1048,528,24,24,0,-10,-51,0,0,100,0,1064,464,32,40,0,-32,-18,0,0,65,0,1360,16,80,32,0,
0,19,-89,-96,0,1,100,90,416,1328,128,160,0,-64,-93,0,0,100,0,672,152,64,80,0,-33,-70,0,0,100,0,568,152,40,48,0,2,-15,0,0,100,0,1008,504,40,24,0,16,-18,0,0,100,0,1048,504,24,24,0,13,-44,0,0,100,0,1064,424,32,40,0,-6,-58,0,0,100,0,144,312,40,40,0,-28,-105,0,0,100,0,64,840,64,72,0,12,-71,0,0,100,0,1160,424,64,40,0,-33,-49,0,0,100,0,456,200,56,48,0,-50,-75,0,0,100,0,320,152,136,80,0,-44,-54,0,0,100,0,632,304,48,48,0,-73,-97,0,0,100,0,632,240,72,64,0,-39,-70,0,0,100,0,568,200,40,48,0,-4,-74,0,0,100,0,1160,464,64,40,0,-29,-19,0,0,100,0,1008,528,40,24,0,-12,-23,0,0,100,0,1048,528,24,24,0,-10,-51,0,0,100,0,1064,464,32,40,0,-32,-18,0,0,65,0,1360,16,80,32,0,
0,19,-90,-80,0,1,100,90,544,1328,96,160,0,-64,-93,0,0,100,0,672,152,64,80,0,-33,-70,0,0,100,0,568,152,40,48,0,2,-15,0,0,100,0,1008,504,40,24,0,16,-18,0,0,100,0,1048,504,24,24,0,13,-44,0,0,100,0,1064,424,32,40,0,-6,-58,0,0,100,0,144,312,40,40,0,-28,-105,0,0,100,0,256,624,64,72,0,12,-71,0,0,100,0,1160,424,64,40,0,-33,-49,0,0,100,0,456,200,56,48,0,-50,-75,0,0,100,0,320,152,136,80,0,-44,-54,0,0,100,0,632,304,48,48,0,-73,-97,0,0,100,0,632,240,72,64,0,-39,-70,0,0,100,0,568,200,40,48,0,-4,-74,0,0,100,0,1160,464,64,40,0,-29,-19,0,0,100,0,1008,528,40,24,0,-12,-23,0,0,100,0,1048,528,24,24,0,-10,-51,0,0,100,0,1064,464,32,40,0,-32,-18,0,0,65,0,1360,16,80,32,0,
0,18,-64,-93,0,0,100,0,672,152,64,80,0,-33,-70,0,0,100,0,568,152,40,48,0,2,-15,0,0,100,0,1008,504,40,24,0,16,-18,0,0,100,0,1048,504,24,24,0,13,-44,0,0,100,0,1064,424,32,40,0,-6,-58,0,0,100,0,144,312,40,40,0,-28,-105,0,0,100,0,320,624,64,72,0,12,-71,0,0,100,0,1160,424,64,40,0,-33,-49,0,0,100,0,456,200,56,48,0,-50,-75,0,0,100,0,320,152,136,80,0,-44,-54,0,0,100,0,632,304,48,48,0,-73,-97,0,0,100,0,632,240,72,64,0,-39,-70,0,0,100,0,568,200,40,48,0,-4,-74,0,0,100,0,1160,464,64,40,0,-29,-19,0,0,100,0,1008,528,40,24,0,-12,-23,0,0,100,0,1048,528,24,24,0,-10,-51,0,0,100,0,1064,464,32,40,0,-32,-18,0,0,65,0,1360,16,80,32,0,
0,21,-80,-48,0,1,30,0,640,72,160,80,0,-65,-90,0,0,100,0,672,152,64,80,0,-34,-68,0,0,100,0,568,152,40,48,0,1,-15,0,0,100,0,1008,504,40,24,0,16,-18,0,0,100,0,1048,504,24,24,0,12,-43,0,0,100,0,1064,424,32,40,0,-7,-56,0,0,100,0,144,312,40,40,0,-23,-103,0,0,100,0,0,624,64,72,0,11,-69,0,0,100,0,1160,424,64,40,0,-34,-47,0,0,100,0,456,200,56,48,0,-51,-73,0,0,100,0,320,152,136,80,0,-45,-52,0,0,100,0,632,304,48,48,0,-74,-94,0,0,100,0,632,240,72,64,0,-40,-68,0,0,100,0,568,200,40,48,0,-5,-72,0,0,100,0,1160,464,64,40,0,-30,-19,0,0,100,0,1008,528,40,24,0,-12,-23,0,0,100,0,1048,528,24,24,0,-11,-50,0,0,100,0,1064,464,32,40,0,-80,-32,0,1,30,0,960,0,160,64,0,-80,-56,0,1,30,0,640,0,160,72,0,-32,-18,0,0,65,0,1360,16,80,32,0,
0,22,-80,-48,0,1,60,0,800,72,160,80,0,-63,-48,0,0,100,0,144,264,56,48,0,-33,-49,0,0,100,0,200,264,40,48,0,-5,-15,0,0,100,0,1008,504,40,24,0,11,-17,0,0,100,0,1040,424,24,24,0,9,-41,0,0,100,0,1008,424,32,40,0,-8,-48,0,0,100,0,144,312,40,40,0,-32,-74,0,0,100,0,0,0,48,48,0,-40,-39,0,0,100,0,456,200,56,48,0,0,-67,0,0,100,0,1096,424,64,40,0,-73,-82,0,0,100,0,0,264,144,96,0,-41,-44,0,0,100,0,632,304,48,48,0,-74,-55,0,0,100,0,184,312,56,40,0,-50,-58,0,0,100,0,240,264,40,48,0,-8,-76,0,0,100,0,1096,464,64,40,0,-33,-64,0,0,100,0,192,0,32,32,0,-34,-19,0,0,100,0,1008,528,40,24,0,-17,-25,0,0,100,0,1040,448,24,24,0,-16,-48,0,0,100,0,1008,464,32,40,0,-80,-32,0,1,60,0,960,0,160,64,0,-80,-56,0,1,60,0,800,0,160,72,0,-32,-18,0,0,65,0,1360,16,80,32,0,
0,0,
0,22,-80,-48,0,1,60,0,320,72,160,80,0,-64,-48,0,0,100,0,144,264,56,48,0,-34,-48,0,0,100,0,200,264,40,48,0,-5,-15,0,0,100,0,1008,504,40,24,0,11,-17,0,0,100,0,1040,424,24,24,0,9,-41,0,0,100,0,1008,424,32,40,0,-8,-48,0,0,100,0,144,312,40,40,0,-32,-74,0,0,100,0,0,0,48,48,0,-41,-39,0,0,100,0,456,200,56,48,0,-1,-67,0,0,100,0,1096,424,64,40,0,-73,-82,0,0,100,0,0,264,144,96,0,-42,-44,0,0,100,0,632,304,48,48,0,-70,-56,0,0,100,0,632,352,48,40,0,-50,-58,0,0,100,0,240,264,40,48,0,-9,-76,0,0,100,0,1096,464,64,40,0,-33,-64,0,0,100,0,192,0,32,32,0,-34,-19,0,0,100,0,1008,528,40,24,0,-17,-24,0,0,100,0,1040,448,24,24,0,-15,-47,0,0,100,0,1008,464,32,40,0,-80,-32,0,1,60,0,960,0,160,64,0,-80,-56,0,1,60,0,320,0,160,72,0,-32,-18,0,0,65,0,1360,16,80,32,0,
0,22,-80,-48,0,1,30,0,480,72,160,80,0,-63,-48,0,0,100,0,144,264,56,48,0,-33,-48,0,0,100,0,200,264,40,48,0,-5,-15,0,0,100,0,1008,504,40,24,0,11,-17,0,0,100,0,1040,424,24,24,0,9,-40,0,0,100,0,1008,424,32,40,0,-8,-47,0,0,100,0,144,312,40,40,0,-32,-73,0,0,100,0,0,0,48,48,0,-40,-38,0,0,100,0,456,200,56,48,0,0,-66,0,0,100,0,1096,424,64,40,0,-73,-81,0,0,100,0,0,264,144,96,0,-43,-43,0,0,100,0,632,304,48,48,0,-71,-55,0,0,100,0,632,352,48,40,0,-51,-57,0,0,100,0,240,264,40,48,0,-10,-75,0,0,100,0,1096,464,64,40,0,-33,-63,0,0,100,0,192,0,32,32,0,-34,-19,0,0,100,0,1008,528,40,24,0,-16,-24,0,0,100,0,1040,448,24,24,0,-15,-46,0,0,100,0,1008,464,32,40,0,-80,-32,0,1,30,0,960,0,160,64,0,-80,-56,0,1,30,0,480,0,160,72,0,-32,-17,0,0,65,0,1360,16,80,32,0,
0,19,-63,-48,0,0,100,0,144,264,56,48,0,-33,-48,0,0,100,0,200,264,40,48,0,-5,-15,0,0,100,0,1008,504,40,24,0,11,-17,0,0,100,0,1040,424,24,24,0,9,-40,0,0,100,0,1008,424,32,40,0,-8,-47,0,0,100,0,144,312,40,40,0,-32,-73,0,0,100,0,0,0,48,48,0,-40,-38,0,0,100,0,456,200,56,48,0,0,-66,0,0,100,0,1096,424,64,40,0,-73,-81,0,0,100,0,0,264,144,96,0,-43,-43,0,0,100,0,632,304,48,48,0,-71,-55,0,0,100,0,632,352,48,40,0,-51,-57,0,0,100,0,240,264,40,48,0,-10,-75,0,0,100,0,1096,464,64,40,0,-33,-63,0,0,100,0,192,0,32,32,0,-34,-19,0,0,100,0,1008,528,40,24,0,-16,-24,0,0,100,0,1040,448,24,24,0,-15,-46,0,0,100,0,1008,464,32,40,0,-32,-17,0,0,65,0,1360,16,80,32,0,
0,4,-25,-57,0,1,100,-90,1760,0,64,64,0,-31,-116,0,0,100,0,512,768,64,72,0,-87,-122,0,0,100,0,1536,288,160,136,0,-36,-17,0,0,65,0,1360,16,80,32,0,
0,5,-25,-57,0,1,50,-90,1760,0,64,64,0,-24,-121,0,0,100,0,512,768,64,72,0,-78,-127,0,0,100,0,1376,288,160,136,0,-11,-8,0,0,10,0,1392,0,48,16,0,-37,-17,0,0,65,0,1360,16,80,32,0,
0,5,-42,-78,1,1,100,0,1696,0,64,64,0,-21,-122,0,0,100,0,128,840,64,72,0,-78,-127,0,0,100,0,1216,288,160,136,0,-7,-8,0,0,20,0,1392,0,48,16,0,-37,-17,0,0,65,0,1360,16,80,32,0,
0,5,-39,-83,3,1,100,0,1760,0,64,64,0,-15,-120,0,0,100,0,128,840,64,72,0,-78,-127,0,0,100,0,896,288,160,136,0,-4,-8,0,0,30,0,1392,0,48,16,0,-37,-17,0,0,65,0,1360,16,80,32,0,
0,6,-15,-136,0,1,100,0,1696,64,64,64,0,-17,-101,0,1,100,0,1760,64,64,64,0,-11,-101,0,0,100,0,192,840,64,72,0,-78,-127,0,0,100,0,736,288,160,136,0,-1,-8,0,0,50,0,1392,0,48,16,0,-37,-17,0,0,65,0,1360,16,80,32,0,
0,6,-47,-126,0,1,100,0,1760,64,64,64,0,-15,-136,0,1,50,0,1696,64,64,64,0,-2,-76,0,0,100,0,192,840,64,72,0,-78,-127,0,0,100,0,1216,152,160,136,0,7,-8,0,0,65,0,1392,0,48,16,0,-37,-17,0,0,65,0,1360,16,80,32,0,
0,5,-47,-126,0,1,100,0,1760,64,64,64,0,1,-64,0,0,100,0,256,840,64,72,0,-78,-127,0,0,100,0,1056,152,160,136,0,11,-8,0,0,65,0,1392,0,48,16,0,-37,-17,0,0,65,0,1360,16,80,32,0,
0,4,1,-64,0,0,100,0,320,840,64,72,0,-78,-127,0,0,100,0,896,152,160,136,0,11,-8,0,0,65,0,1392,0,48,16,0,-37,-17,0,0,65,0,1360,16,80,32,0,
0,4,2,-64,0,0,100,0,384,840,64,72,0,-51,-113,0,0,100,0,0,504,112,120,0,11,-8,0,0,65,0,1392,0,48,16,0,-37,-17,0,0,65,0,1360,16,80,32,0,
0,4,1,-64,0,0,100,0,0,912,64,72,0,-51,-113,0,0,100,0,112,504,112,120,0,12,-8,0,0,65,0,1392,0,48,16,0,-37,-17,0,0,65,0,1360,16,80,32,0,
0,4,1,-64,0,0,100,0,64,912,64,72,0,-51,-113,0,0,100,0,224,504,112,120,0,12,-8,0,0,65,0,1392,0,48,16,0,-37,-17,0,0,65,0,1360,16,80,32,0,
0,4,1,-64,0,0,100,0,128,912,64,72,0,-51,-113,0,0,100,0,336,504,112,120,0,12,-8,0,0,65,0,1392,0,48,16,0,-37,-17,0,0,65,0,1360,16,80,32,0,
0,4,1,-64,0,0,100,0,192,912,64,72,0,-51,-113,0,0,100,0,0,504,112,120,0,12,-8,0,0,65,0,1392,0,48,16,0,-37,-17,0,0,65,0,1360,16,80,32,0,
0,3,-51,-113,0,0,100,0,112,504,112,120,0,12,-8,0,0,65,0,1392,0,48,16,0,-37,-17,0,0,65,0,1360,16,80,32,0,
0,3,-51,-113,0,0,100,0,224,504,112,120,0,12,-8,0,0,65,0,1392,0,48,16,0,-37,-17,0,0,65,0,1360,16,80,32,0,
0,3,-51,-113,0,0,100,0,336,504,112,120,0,12,-8,0,0,65,0,1392,0,48,16,0,-37,-17,0,0,65,0,1360,16,80,32,0,
0,0,
0,0,
0,4,-170,-147,0,0,100,0,672,152,64,80,0,-139,-124,0,0,100,0,568,152,40,48,0,-179,-151,0,0,100,0,632,240,72,64,0,-145,-124,0,0,100,0,568,200,40,48,0,
0,4,0,0,0,1,100,0,528,1496,176,168,0,0,0,0,1,100,0,352,1496,176,168,0,0,0,0,1,100,0,176,1496,176,168,0,0,0,0,1,100,0,0,1496,176,168,0,
0,7,0,0,0,0,50,0,792,1080,264,264,0,0,0,0,0,100,0,792,1080,264,264,0,0,0,0,0,100,0,528,1064,264,264,0,0,0,0,0,100,0,264,1056,264,256,0,16,4,0,1,100,0,1184,824,240,240,0,0,0,0,0,100,0,0,1056,264,264,0,48,38,0,1,100,0,1424,688,176,176,0,
0,6,-249,-149,0,1,100,90,1280,1184,152,152,0,-226,-126,0,1,100,90,1280,1072,112,112,0,-53,-140,0,1,100,0,1712,768,112,104,0,-64,-136,0,1,100,0,1600,768,112,104,0,-66,-135,0,1,100,0,1696,656,104,112,0,-70,-111,0,1,100,0,1600,656,96,96,0,
0,3,-38,-18,0,1,100,0,952,808,232,272,0,-30,-7,0,1,100,0,736,816,216,248,0,0,0,0,1,100,0,576,816,160,240,0,
0,8,-93,-94,0,1,100,-270,1344,784,96,96,0,-95,-90,0,1,100,-180,1440,784,96,96,0,-92,-88,0,1,100,-90,1344,784,96,96,0,-90,-91,0,1,100,0,1440,784,96,96,0,-308,-148,0,1,100,0,576,624,192,192,0,-282,-123,0,1,100,0,768,624,136,144,0,-304,-114,0,1,100,0,1400,424,144,144,0,-285,-96,0,1,100,0,1544,424,112,112,0,
0,6,-164,-114,0,1,100,0,1456,912,176,168,0,-164,-114,0,1,100,0,1280,912,176,168,0,-164,-114,0,1,100,0,1104,912,176,168,0,-164,-114,0,1,100,0,928,912,176,168,0,-164,-114,0,1,100,0,752,912,176,168,0,-164,-114,0,1,100,0,576,912,176,168,0,
0,7,23,-6,0,0,100,0,0,1288,184,272,0,0,0,0,0,60,0,1192,1080,232,328,0,0,0,0,0,80,0,960,1080,232,328,0,0,0,0,0,100,0,728,1080,232,328,0,1,158,0,1,100,0,192,1208,232,176,0,0,0,0,0,100,0,496,1080,232,328,0,31,198,0,1,100,0,328,1056,168,128,0,
