0,20,-14,-70,0,1,100,0,600,128,16,16,0,0,-58,0,1,100,0,600,128,16,16,0,26,-26,0,1,100,0,600,128,16,16,0,-4,-77,0,1,100,0,600,128,16,16,0,-39,-46,0,1,100,0,600,128,16,16,0,-20,-58,0,1,100,0,600,128,16,16,0,27,-31,0,1,100,0,568,128,16,16,0,-31,-48,0,1,100,0,568,128,16,16,0,-36,-60,0,1,100,0,568,128,16,16,0,-27,-13,0,1,100,0,568,128,16,16,0,-45,-35,0,1,100,0,568,128,16,16,0,-32,-72,0,1,100,0,568,128,16,16,0,-33,-24,0,1,100,0,584,128,16,16,0,7,-10,0,1,100,0,584,128,16,16,0,21,-31,0,1,100,0,584,128,16,16,0,12,-71,0,1,100,0,584,128,16,16,0,-40,-72,0,1,100,0,408,168,80,80,0,-16,-56,0,1,100,0,360,32,24,24,0,-32,-64,0,0,100,0,0,0,72,72,0,-24,-8,0,0,65,0,360,0,48,16,0,
0,20,-11,-71,0,1,100,0,600,128,16,16,0,2,-56,0,1,100,0,600,128,16,16,0,25,-24,0,1,100,0,600,128,16,16,0,-1,-76,0,1,100,0,600,128,16,16,0,-39,-49,0,1,100,0,600,128,16,16,0,-17,-60,0,1,100,0,600,128,16,16,0,27,-29,0,1,100,0,568,128,16,16,0,-32,-52,0,1,100,0,568,128,16,16,0,-35,-64,0,1,100,0,568,128,16,16,0,-30,-15,0,1,100,0,568,128,16,16,0,-46,-39,0,1,100,0,568,128,16,16,0,-30,-74,0,1,100,0,568,128,16,16,0,-36,-26,0,1,100,0,584,128,16,16,0,6,-8,0,1,100,0,584,128,16,16,0,20,-29,0,1,100,0,584,128,16,16,0,14,-70,0,1,100,0,584,128,16,16,0,-40,-72,0,1,100,0,488,168,80,80,0,-16,-56,0,1,100,0,360,32,24,24,0,-32,-64,0,0,100,0,72,0,72,72,0,-24,-8,0,0,65,0,360,0,48,16,0,
0,36,-17,-68,0,1,20,0,600,128,16,16,0,-2,-60,0,1,20,0,600,128,16,16,0,25,-29,0,1,20,0,600,128,16,16,0,-7,-75,0,1,20,0,600,128,16,16,0,-37,-43,0,1,20,0,600,128,16,16,0,-22,-56,0,1,20,0,600,128,16,16,0,25,-34,0,1,20,0,568,128,16,16,0,-29,-45,0,1,20,0,568,128,16,16,0,-36,-57,0,1,20,0,568,128,16,16,0,-24,-14,0,1,20,0,568,128,16,16,0,-43,-32,0,1,20,0,568,128,16,16,0,-34,-68,0,1,20,0,568,128,16,16,0,-30,-21,0,1,20,0,584,128,16,16,0,9,-12,0,1,20,0,584,128,16,16,0,21,-34,0,1,20,0,584,128,16,16,0,9,-72,0,1,20,0,584,128,16,16,0,-9,-72,0,1,100,0,600,128,16,16,0,4,-54,0,1,100,0,600,128,16,16,0,24,-22,0,1,100,0,600,128,16,16,0,1,-75,0,1,100,0,600,128,16,16,0,-38,-52,0,1,100,0,600,128,16,16,0,-13,-61,0,1,100,0,600,128,16,16,0,28,-27,0,1,100,0,568,128,16,16,0,-30,-57,0,1,100,0,568,128,16,16,0,-33,-68,0,1,100,0,568,128,16,16,0,-32,-16,0,1,100,0,568,128,16,16,0,-46,-45,0,1,100,0,568,128,16,16,0,-28,-76,0,1,100,0,568,128,16,16,0,-38,-28,0,1,100,0,584,128,16,16,0,5,-6,0,1,100,0,584,128,16,16,0,17,-24,0,1,100,0,584,128,16,16,0,16,-69,0,1,100,0,584,128,16,16,0,-40,-72,0,1,100,0,568,168,80,80,0,-16,-56,0,1,100,0,360,32,24,24,0,-32,-64,0,0,100,0,144,0,72,72,0,-24,-8,0,0,65,0,360,0,48,16,0,
0,36,-16,-69,0,1,50,0,600,128,16,16,0,-1,-59,0,1,50,0,600,128,16,16,0,26,-28,0,1,50,0,600,128,16,16,0,-6,-76,0,1,50,0,600,128,16,16,0,-38,-44,0,1,50,0,600,128,16,16,0,-22,-57,0,1,50,0,600,128,16,16,0,26,-33,0,1,50,0,568,128,16,16,0,-30,-46,0,1,50,0,568,128,16,16,0,-36,-58,0,1,50,0,568,128,16,16,0,-25,-13,0,1,50,0,568,128,16,16,0,-44,-33,0,1,50,0,568,128,16,16,0,-33,-69,0,1,50,0,568,128,16,16,0,-31,-22,0,1,50,0,584,128,16,16,0,8,-11,0,1,50,0,584,128,16,16,0,21,-33,0,1,50,0,584,128,16,16,0,10,-72,0,1,50,0,584,128,16,16,0,-7,-73,0,1,50,0,600,128,16,16,0,6,-53,0,1,50,0,600,128,16,16,0,22,-20,0,1,50,0,600,128,16,16,0,4,-74,0,1,50,0,600,128,16,16,0,-37,-55,0,1,50,0,600,128,16,16,0,-11,-62,0,1,50,0,600,128,16,16,0,29,-25,0,1,50,0,568,128,16,16,0,-29,-60,0,1,50,0,568,128,16,16,0,-32,-71,0,1,50,0,568,128,16,16,0,-35,-17,0,1,50,0,568,128,16,16,0,-45,-48,0,1,50,0,568,128,16,16,0,-26,-78,0,1,50,0,568,128,16,16,0,-42,-31,0,1,50,0,584,128,16,16,0,3,-5,0,1,50,0,584,128,16,16,0,16,-21,0,1,50,0,584,128,16,16,0,18,-68,0,1,50,0,584,128,16,16,0,-40,-72,0,1,100,0,648,168,80,80,0,-16,-56,0,1,100,0,360,32,24,24,0,-32,-64,0,0,100,0,216,0,72,72,0,-24,-8,0,0,65,0,360,0,48,16,0,
0,20,-14,-70,0,1,100,0,600,128,16,16,0,0,-58,0,1,100,0,600,128,16,16,0,26,-26,0,1,100,0,600,128,16,16,0,-4,-77,0,1,100,0,600,128,16,16,0,-39,-46,0,1,100,0,600,128,16,16,0,-20,-58,0,1,100,0,600,128,16,16,0,27,-31,0,1,100,0,568,128,16,16,0,-31,-48,0,1,100,0,568,128,16,16,0,-36,-60,0,1,100,0,568,128,16,16,0,-27,-13,0,1,100,0,568,128,16,16,0,-45,-35,0,1,100,0,568,128,16,16,0,-32,-72,0,1,100,0,568,128,16,16,0,-33,-24,0,1,100,0,584,128,16,16,0,7,-10,0,1,100,0,584,128,16,16,0,21,-31,0,1,100,0,584,128,16,16,0,12,-71,0,1,100,0,584,128,16,16,0,-40,-72,0,1,100,0,408,168,80,80,0,-16,-56,0,1,100,0,360,32,24,24,0,-32,-64,0,0,100,0,0,72,72,72,0,-24,-8,0,0,65,0,360,0,48,16,0,
0,20,-11,-71,0,1,100,0,600,128,16,16,0,2,-56,0,1,100,0,600,128,16,16,0,25,-24,0,1,100,0,600,128,16,16,0,-1,-76,0,1,100,0,600,128,16,16,0,-39,-49,0,1,100,0,600,128,16,16,0,-17,-60,0,1,100,0,600,128,16,16,0,27,-29,0,1,100,0,568,128,16,16,0,-32,-52,0,1,100,0,568,128,16,16,0,-35,-64,0,1,100,0,568,128,16,16,0,-30,-15,0,1,100,0,568,128,16,16,0,-46,-39,0,1,100,0,568,128,16,16,0,-30,-74,0,1,100,0,568,128,16,16,0,-36,-26,0,1,100,0,584,128,16,16,0,6,-8,0,1,100,0,584,128,16,16,0,20,-29,0,1,100,0,584,128,16,16,0,14,-70,0,1,100,0,584,128,16,16,0,-40,-72,0,1,100,0,488,168,80,80,0,-16,-56,0,1,100,0,360,32,24,24,0,-32,-64,0,0,100,0,72,72,72,72,0,-24,-8,0,0,65,0,360,0,48,16,0,
0,36,-17,-68,0,1,20,0,600,128,16,16,0,-2,-60,0,1,20,0,600,128,16,16,0,25,-29,0,1,20,0,600,128,16,16,0,-7,-75,0,1,20,0,600,128,16,16,0,-37,-43,0,1,20,0,600,128,16,16,0,-22,-56,0,1,20,0,600,128,16,16,0,25,-34,0,1,20,0,568,128,16,16,0,-29,-45,0,1,20,0,568,128,16,16,0,-36,-57,0,1,20,0,568,128,16,16,0,-24,-14,0,1,20,0,568,128,16,16,0,-43,-32,0,1,20,0,568,128,16,16,0,-34,-68,0,1,20,0,568,128,16,16,0,-30,-21,0,1,20,0,584,128,16,16,0,9,-12,0,1,20,0,584,128,16,16,0,21,-34,0,1,20,0,584,128,16,16,0,9,-72,0,1,20,0,584,128,16,16,0,-9,-72,0,1,100,0,600,128,16,16,0,4,-54,0,1,100,0,600,128,16,16,0,24,-22,0,1,100,0,600,128,16,16,0,1,-75,0,1,100,0,600,128,16,16,0,-38,-52,0,1,100,0,600,128,16,16,0,-13,-61,0,1,100,0,600,128,16,16,0,28,-27,0,1,100,0,568,128,16,16,0,-30,-57,0,1,100,0,568,128,16,16,0,-33,-68,0,1,100,0,568,128,16,16,0,-32,-16,0,1,100,0,568,128,16,16,0,-46,-45,0,1,100,0,568,128,16,16,0,-28,-76,0,1,100,0,568,128,16,16,0,-38,-28,0,1,100,0,584,128,16,16,0,5,-6,0,1,100,0,584,128,16,16,0,17,-24,0,1,100,0,584,128,16,16,0,16,-69,0,1,100,0,584,128,16,16,0,-40,-72,0,1,100,0,568,168,80,80,0,-16,-56,0,1,100,0,360,32,24,24,0,-32,-64,0,0,100,0,144,72,72,72,0,-24,-8,0,0,65,0,360,0,48,16,0,
0,36,-16,-69,0,1,50,0,600,128,16,16,0,-1,-59,0,1,50,0,600,128,16,16,0,26,-28,0,1,50,0,600,128,16,16,0,-6,-76,0,1,50,0,600,128,16,16,0,-38,-44,0,1,50,0,600,128,16,16,0,-22,-57,0,1,50,0,600,128,16,16,0,26,-33,0,1,50,0,568,128,16,16,0,-30,-46,0,1,50,0,568,128,16,16,0,-36,-58,0,1,50,0,568,128,16,16,0,-25,-13,0,1,50,0,568,128,16,16,0,-44,-33,0,1,50,0,568,128,16,16,0,-33,-69,0,1,50,0,568,128,16,16,0,-31,-22,0,1,50,0,584,128,16,16,0,8,-11,0,1,50,0,584,128,16,16,0,21,-33,0,1,50,0,584,128,16,16,0,10,-72,0,1,50,0,584,128,16,16,0,-7,-73,0,1,50,0,600,128,16,16,0,6,-53,0,1,50,0,600,128,16,16,0,22,-20,0,1,50,0,600,128,16,16,0,4,-74,0,1,50,0,600,128,16,16,0,-37,-55,0,1,50,0,600,128,16,16,0,-11,-62,0,1,50,0,600,128,16,16,0,29,-25,0,1,50,0,568,128,16,16,0,-29,-60,0,1,50,0,568,128,16,16,0,-32,-71,0,1,50,0,568,128,16,16,0,-35,-17,0,1,50,0,568,128,16,16,0,-45,-48,0,1,50,0,568,128,16,16,0,-26,-78,0,1,50,0,568,128,16,16,0,-42,-31,0,1,50,0,584,128,16,16,0,3,-5,0,1,50,0,584,128,16,16,0,16,-21,0,1,50,0,584,128,16,16,0,18,-68,0,1,50,0,584,128,16,16,0,-40,-72,0,1,100,0,648,168,80,80,0,-16,-56,0,1,100,0,360,32,24,24,0,-32,-64,0,0,100,0,216,72,72,72,0,-24,-8,0,0,65,0,360,0,48,16,0,
0,20,-14,-70,0,1,100,0,600,128,16,16,0,0,-58,0,1,100,0,600,128,16,16,0,26,-26,0,1,100,0,600,128,16,16,0,-4,-77,0,1,100,0,600,128,16,16,0,-39,-46,0,1,100,0,600,128,16,16,0,-20,-58,0,1,100,0,600,128,16,16,0,27,-31,0,1,100,0,568,128,16,16,0,-31,-48,0,1,100,0,568,128,16,16,0,-36,-60,0,1,100,0,568,128,16,16,0,-27,-13,0,1,100,0,568,128,16,16,0,-45,-35,0,1,100,0,568,128,16,16,0,-32,-72,0,1,100,0,568,128,16,16,0,-33,-24,0,1,100,0,584,128,16,16,0,7,-10,0,1,100,0,584,128,16,16,0,21,-31,0,1,100,0,584,128,16,16,0,12,-71,0,1,100,0,584,128,16,16,0,-40,-72,0,1,100,0,408,168,80,80,0,-15,-55,0,1,100,0,360,32,24,24,0,-40,-64,0,0,100,0,0,144,72,72,0,-24,-8,0,0,65,0,360,0,48,16,0,
0,20,-11,-71,0,1,100,0,600,128,16,16,0,2,-56,0,1,100,0,600,128,16,16,0,25,-24,0,1,100,0,600,128,16,16,0,-1,-76,0,1,100,0,600,128,16,16,0,-39,-49,0,1,100,0,600,128,16,16,0,-17,-60,0,1,100,0,600,128,16,16,0,27,-29,0,1,100,0,568,128,16,16,0,-32,-52,0,1,100,0,568,128,16,16,0,-35,-64,0,1,100,0,568,128,16,16,0,-30,-15,0,1,100,0,568,128,16,16,0,-46,-39,0,1,100,0,568,128,16,16,0,-30,-74,0,1,100,0,568,128,16,16,0,-36,-26,0,1,100,0,584,128,16,16,0,6,-8,0,1,100,0,584,128,16,16,0,20,-29,0,1,100,0,584,128,16,16,0,14,-70,0,1,100,0,584,128,16,16,0,-40,-72,0,1,100,0,488,168,80,80,0,-14,-54,0,1,100,0,384,32,24,24,0,-40,-64,0,0,100,0,72,144,72,72,0,-24,-8,0,0,65,0,360,0,48,16,0,
0,36,-17,-68,0,1,20,0,600,128,16,16,0,-2,-60,0,1,20,0,600,128,16,16,0,25,-29,0,1,20,0,600,128,16,16,0,-7,-75,0,1,20,0,600,128,16,16,0,-37,-43,0,1,20,0,600,128,16,16,0,-22,-56,0,1,20,0,600,128,16,16,0,25,-34,0,1,20,0,568,128,16,16,0,-29,-45,0,1,20,0,568,128,16,16,0,-36,-57,0,1,20,0,568,128,16,16,0,-24,-14,0,1,20,0,568,128,16,16,0,-43,-32,0,1,20,0,568,128,16,16,0,-34,-68,0,1,20,0,568,128,16,16,0,-30,-21,0,1,20,0,584,128,16,16,0,9,-12,0,1,20,0,584,128,16,16,0,21,-34,0,1,20,0,584,128,16,16,0,9,-72,0,1,20,0,584,128,16,16,0,-9,-72,0,1,100,0,600,128,16,16,0,4,-54,0,1,100,0,600,128,16,16,0,24,-22,0,1,100,0,600,128,16,16,0,1,-75,0,1,100,0,600,128,16,16,0,-38,-52,0,1,100,0,600,128,16,16,0,-13,-61,0,1,100,0,600,128,16,16,0,28,-27,0,1,100,0,568,128,16,16,0,-30,-57,0,1,100,0,568,128,16,16,0,-33,-68,0,1,100,0,568,128,16,16,0,-32,-16,0,1,100,0,568,128,16,16,0,-46,-45,0,1,100,0,568,128,16,16,0,-28,-76,0,1,100,0,568,128,16,16,0,-38,-28,0,1,100,0,584,128,16,16,0,5,-6,0,1,100,0,584,128,16,16,0,17,-24,0,1,100,0,584,128,16,16,0,16,-69,0,1,100,0,584,128,16,16,0,-40,-72,0,1,100,0,568,168,80,80,0,-15,-55,0,1,100,0,360,32,24,24,0,-40,-64,0,0,100,0,144,144,72,72,0,-24,-8,0,0,65,0,360,0,48,16,0,
0,36,-16,-69,0,1,50,0,600,128,16,16,0,-1,-59,0,1,50,0,600,128,16,16,0,26,-28,0,1,50,0,600,128,16,16,0,-6,-76,0,1,50,0,600,128,16,16,0,-38,-44,0,1,50,0,600,128,16,16,0,-22,-57,0,1,50,0,600,128,16,16,0,26,-33,0,1,50,0,568,128,16,16,0,-30,-46,0,1,50,0,568,128,16,16,0,-36,-58,0,1,50,0,568,128,16,16,0,-25,-13,0,1,50,0,568,128,16,16,0,-44,-33,0,1,50,0,568,128,16,16,0,-33,-69,0,1,50,0,568,128,16,16,0,-31,-22,0,1,50,0,584,128,16,16,0,8,-11,0,1,50,0,584,128,16,16,0,21,-33,0,1,50,0,584,128,16,16,0,10,-72,0,1,50,0,584,128,16,16,0,-7,-73,0,1,50,0,600,128,16,16,0,6,-53,0,1,50,0,600,128,16,16,0,22,-20,0,1,50,0,600,128,16,16,0,4,-74,0,1,50,0,600,128,16,16,0,-37,-55,0,1,50,0,600,128,16,16,0,-11,-62,0,1,50,0,600,128,16,16,0,29,-25,0,1,50,0,568,128,16,16,0,-29,-60,0,1,50,0,568,128,16,16,0,-32,-71,0,1,50,0,568,128,16,16,0,-35,-17,0,1,50,0,568,128,16,16,0,-45,-48,0,1,50,0,568,128,16,16,0,-26,-78,0,1,50,0,568,128,16,16,0,-42,-31,0,1,50,0,584,128,16,16,0,3,-5,0,1,50,0,584,128,16,16,0,16,-21,0,1,50,0,584,128,16,16,0,18,-68,0,1,50,0,584,128,16,16,0,-40,-72,0,1,100,0,648,168,80,80,0,-16,-54,0,1,100,0,360,56,24,24,0,-40,-64,0,0,100,0,216,144,72,72,0,-24,-8,0,0,65,0,360,0,48,16,0,
0,20,-16,-67,0,1,60,0,600,128,16,16,0,-3,-52,0,1,60,0,600,128,16,16,0,20,-20,0,1,60,0,600,128,16,16,0,-6,-72,0,1,60,0,600,128,16,16,0,-44,-45,0,1,60,0,600,128,16,16,0,-22,-56,0,1,60,0,600,128,16,16,0,22,-25,0,1,60,0,568,128,16,16,0,-37,-48,0,1,60,0,568,128,16,16,0,-40,-60,0,1,60,0,568,128,16,16,0,-35,-11,0,1,60,0,568,128,16,16,0,-51,-35,0,1,60,0,568,128,16,16,0,-35,-70,0,1,60,0,568,128,16,16,0,-41,-22,0,1,60,0,584,128,16,16,0,1,-4,0,1,60,0,584,128,16,16,0,15,-25,0,1,60,0,584,128,16,16,0,9,-66,0,1,60,0,584,128,16,16,0,-45,-68,0,1,60,0,488,168,80,80,0,-21,-52,0,1,60,0,360,32,24,24,0,-32,-64,0,0,100,0,288,0,72,72,0,-24,-8,0,0,65,0,360,0,48,16,0,
0,1,-32,-64,0,0,100,0,288,0,72,72,0,
0,2,-48,-40,0,0,100,0,288,80,80,56,0,-24,-8,0,0,65,0,360,0,48,16,0,
0,7,-17,-35,0,0,10,0,376,192,24,24,0,-28,-24,0,0,80,0,376,192,24,24,0,15,-36,0,0,10,0,352,192,24,24,0,1,-20,0,0,80,0,352,192,24,24,0,-48,-40,0,0,100,0,288,136,80,56,0,-24,-24,0,0,100,0,288,192,64,40,0,-24,-8,0,0,65,0,360,0,48,16,0,
0,5,-24,-28,0,0,60,0,376,192,24,24,0,5,-24,0,0,60,0,352,192,24,24,0,-48,-40,0,0,100,0,288,136,80,56,0,-24,-24,0,0,100,0,288,192,64,40,0,-24,-8,0,0,65,0,360,0,48,16,0,
0,7,-32,-20,0,0,20,0,376,192,24,24,0,-20,-32,0,0,40,0,376,192,24,24,0,9,-28,0,0,40,0,352,192,24,24,0,-3,-16,0,0,20,0,352,192,24,24,0,-48,-40,0,0,100,0,288,136,80,56,0,-24,-24,0,0,100,0,288,192,64,40,0,-24,-8,0,0,65,0,360,0,48,16,0,
0,7,-30,-22,0,0,50,0,376,192,24,24,0,-18,-34,0,0,20,0,376,192,24,24,0,13,-32,0,0,20,0,352,192,24,24,0,-1,-18,0,0,50,0,352,192,24,24,0,-48,-40,0,0,100,0,288,136,80,56,0,-24,-24,0,0,100,0,288,192,64,40,0,-24,-8,0,0,65,0,360,0,48,16,0,
0,20,-24,-48,0,1,100,0,408,128,40,40,0,-14,-62,0,1,100,0,600,128,16,16,0,0,-50,0,1,100,0,600,128,16,16,0,26,-18,0,1,100,0,600,128,16,16,0,-4,-69,0,1,100,0,600,128,16,16,0,-39,-38,0,1,100,0,600,128,16,16,0,-20,-50,0,1,100,0,600,128,16,16,0,27,-23,0,1,100,0,568,128,16,16,0,-31,-40,0,1,100,0,568,128,16,16,0,-36,-52,0,1,100,0,568,128,16,16,0,-27,-5,0,1,100,0,568,128,16,16,0,-45,-27,0,1,100,0,568,128,16,16,0,-32,-64,0,1,100,0,568,128,16,16,0,-33,-16,0,1,100,0,584,128,16,16,0,7,-2,0,1,100,0,584,128,16,16,0,21,-23,0,1,100,0,584,128,16,16,0,12,-63,0,1,100,0,584,128,16,16,0,-40,-64,0,1,100,0,408,168,80,80,0,-32,-64,0,0,100,0,0,216,72,72,0,-24,-8,0,0,65,0,360,0,48,16,0,
0,20,-24,-48,0,1,100,0,448,128,40,40,0,-11,-63,0,1,100,0,600,128,16,16,0,2,-48,0,1,100,0,600,128,16,16,0,25,-16,0,1,100,0,600,128,16,16,0,-1,-68,0,1,100,0,600,128,16,16,0,-39,-41,0,1,100,0,600,128,16,16,0,-17,-52,0,1,100,0,600,128,16,16,0,27,-21,0,1,100,0,568,128,16,16,0,-32,-44,0,1,100,0,568,128,16,16,0,-35,-56,0,1,100,0,568,128,16,16,0,-30,-7,0,1,100,0,568,128,16,16,0,-46,-31,0,1,100,0,568,128,16,16,0,-30,-66,0,1,100,0,568,128,16,16,0,-36,-18,0,1,100,0,584,128,16,16,0,6,0,0,1,100,0,584,128,16,16,0,20,-21,0,1,100,0,584,128,16,16,0,14,-62,0,1,100,0,584,128,16,16,0,-40,-64,0,1,100,0,488,168,80,80,0,-32,-64,0,0,100,0,72,216,72,72,0,-24,-8,0,0,65,0,360,0,48,16,0,
0,36,-24,-48,0,1,100,0,488,128,40,40,0,-17,-60,0,1,20,0,600,128,16,16,0,-2,-52,0,1,20,0,600,128,16,16,0,25,-21,0,1,20,0,600,128,16,16,0,-7,-67,0,1,20,0,600,128,16,16,0,-37,-35,0,1,20,0,600,128,16,16,0,-22,-48,0,1,20,0,600,128,16,16,0,25,-26,0,1,20,0,568,128,16,16,0,-29,-37,0,1,20,0,568,128,16,16,0,-36,-49,0,1,20,0,568,128,16,16,0,-24,-6,0,1,20,0,568,128,16,16,0,-43,-24,0,1,20,0,568,128,16,16,0,-34,-60,0,1,20,0,568,128,16,16,0,-30,-13,0,1,20,0,584,128,16,16,0,9,-4,0,1,20,0,584,128,16,16,0,21,-26,0,1,20,0,584,128,16,16,0,9,-64,0,1,20,0,584,128,16,16,0,-9,-64,0,1,100,0,600,128,16,16,0,4,-46,0,1,100,0,600,128,16,16,0,24,-14,0,1,100,0,600,128,16,16,0,1,-67,0,1,100,0,600,128,16,16,0,-38,-44,0,1,100,0,600,128,16,16,0,-13,-53,0,1,100,0,600,128,16,16,0,28,-19,0,1,100,0,568,128,16,16,0,-30,-49,0,1,100,0,568,128,16,16,0,-33,-60,0,1,100,0,568,128,16,16,0,-32,-8,0,1,100,0,568,128,16,16,0,-46,-37,0,1,100,0,568,128,16,16,0,-28,-68,0,1,100,0,568,128,16,16,0,-38,-20,0,1,100,0,584,128,16,16,0,5,2,0,1,100,0,584,128,16,16,0,17,-16,0,1,100,0,584,128,16,16,0,16,-61,0,1,100,0,584,128,16,16,0,-40,-64,0,1,100,0,568,168,80,80,0,-32,-64,0,0,100,0,144,216,72,72,0,-24,-8,0,0,65,0,360,0,48,16,0,
0,36,-24,-48,0,1,100,0,528,128,40,40,0,-16,-61,0,1,50,0,600,128,16,16,0,-1,-51,0,1,50,0,600,128,16,16,0,26,-20,0,1,50,0,600,128,16,16,0,-6,-68,0,1,50,0,600,128,16,16,0,-38,-36,0,1,50,0,600,128,16,16,0,-22,-49,0,1,50,0,600,128,16,16,0,26,-25,0,1,50,0,568,128,16,16,0,-30,-38,0,1,50,0,568,128,16,16,0,-36,-50,0,1,50,0,568,128,16,16,0,-25,-5,0,1,50,0,568,128,16,16,0,-44,-25,0,1,50,0,568,128,16,16,0,-33,-61,0,1,50,0,568,128,16,16,0,-31,-14,0,1,50,0,584,128,16,16,0,8,-3,0,1,50,0,584,128,16,16,0,21,-25,0,1,50,0,584,128,16,16,0,10,-64,0,1,50,0,584,128,16,16,0,-7,-65,0,1,50,0,600,128,16,16,0,6,-45,0,1,50,0,600,128,16,16,0,22,-12,0,1,50,0,600,128,16,16,0,4,-66,0,1,50,0,600,128,16,16,0,-37,-47,0,1,50,0,600,128,16,16,0,-11,-54,0,1,50,0,600,128,16,16,0,29,-17,0,1,50,0,568,128,16,16,0,-29,-52,0,1,50,0,568,128,16,16,0,-32,-63,0,1,50,0,568,128,16,16,0,-35,-9,0,1,50,0,568,128,16,16,0,-45,-40,0,1,50,0,568,128,16,16,0,-26,-70,0,1,50,0,568,128,16,16,0,-42,-23,0,1,50,0,584,128,16,16,0,3,3,0,1,50,0,584,128,16,16,0,16,-13,0,1,50,0,584,128,16,16,0,18,-60,0,1,50,0,584,128,16,16,0,-40,-64,0,1,100,0,648,168,80,80,0,-32,-64,0,0,100,0,216,216,72,72,0,-24,-8,0,0,65,0,360,0,48,16,0,
0,20,-14,-70,0,1,100,0,600,128,16,16,0,0,-58,0,1,100,0,600,128,16,16,0,26,-26,0,1,100,0,600,128,16,16,0,-4,-77,0,1,100,0,600,128,16,16,0,-39,-46,0,1,100,0,600,128,16,16,0,-20,-58,0,1,100,0,600,128,16,16,0,27,-31,0,1,100,0,568,128,16,16,0,-31,-48,0,1,100,0,568,128,16,16,0,-36,-60,0,1,100,0,568,128,16,16,0,-27,-13,0,1,100,0,568,128,16,16,0,-45,-35,0,1,100,0,568,128,16,16,0,-32,-72,0,1,100,0,568,128,16,16,0,-33,-24,0,1,100,0,584,128,16,16,0,7,-10,0,1,100,0,584,128,16,16,0,21,-31,0,1,100,0,584,128,16,16,0,12,-71,0,1,100,0,584,128,16,16,0,-40,-72,0,1,100,0,408,168,80,80,0,-24,-64,0,1,100,0,528,128,40,40,0,-32,-64,0,0,100,0,0,288,72,72,0,-24,-8,0,0,65,0,360,0,48,16,0,
0,20,-24,-64,0,1,100,0,488,128,40,40,0,-11,-71,0,1,100,0,600,128,16,16,0,2,-56,0,1,100,0,600,128,16,16,0,25,-24,0,1,100,0,600,128,16,16,0,-1,-76,0,1,100,0,600,128,16,16,0,-39,-49,0,1,100,0,600,128,16,16,0,-17,-60,0,1,100,0,600,128,16,16,0,27,-29,0,1,100,0,568,128,16,16,0,-32,-52,0,1,100,0,568,128,16,16,0,-35,-64,0,1,100,0,568,128,16,16,0,-30,-15,0,1,100,0,568,128,16,16,0,-46,-39,0,1,100,0,568,128,16,16,0,-30,-74,0,1,100,0,568,128,16,16,0,-36,-26,0,1,100,0,584,128,16,16,0,6,-8,0,1,100,0,584,128,16,16,0,20,-29,0,1,100,0,584,128,16,16,0,14,-70,0,1,100,0,584,128,16,16,0,-40,-72,0,1,100,0,488,168,80,80,0,-32,-64,0,0,100,0,72,288,72,72,0,-24,-8,0,0,65,0,360,0,48,16,0,
0,36,-24,-64,0,1,100,0,448,128,40,40,0,-17,-68,0,1,20,0,600,128,16,16,0,-2,-60,0,1,20,0,600,128,16,16,0,25,-29,0,1,20,0,600,128,16,16,0,-7,-75,0,1,20,0,600,128,16,16,0,-37,-43,0,1,20,0,600,128,16,16,0,-22,-56,0,1,20,0,600,128,16,16,0,25,-34,0,1,20,0,568,128,16,16,0,-29,-45,0,1,20,0,568,128,16,16,0,-36,-57,0,1,20,0,568,128,16,16,0,-24,-14,0,1,20,0,568,128,16,16,0,-43,-32,0,1,20,0,568,128,16,16,0,-34,-68,0,1,20,0,568,128,16,16,0,-30,-21,0,1,20,0,584,128,16,16,0,9,-12,0,1,20,0,584,128,16,16,0,21,-34,0,1,20,0,584,128,16,16,0,9,-72,0,1,20,0,584,128,16,16,0,-9,-72,0,1,100,0,600,128,16,16,0,4,-54,0,1,100,0,600,128,16,16,0,24,-22,0,1,100,0,600,128,16,16,0,1,-75,0,1,100,0,600,128,16,16,0,-38,-52,0,1,100,0,600,128,16,16,0,-13,-61,0,1,100,0,600,128,16,16,0,28,-27,0,1,100,0,568,128,16,16,0,-30,-57,0,1,100,0,568,128,16,16,0,-33,-68,0,1,100,0,568,128,16,16,0,-32,-16,0,1,100,0,568,128,16,16,0,-46,-45,0,1,100,0,568,128,16,16,0,-28,-76,0,1,100,0,568,128,16,16,0,-38,-28,0,1,100,0,584,128,16,16,0,5,-6,0,1,100,0,584,128,16,16,0,17,-24,0,1,100,0,584,128,16,16,0,16,-69,0,1,100,0,584,128,16,16,0,-40,-72,0,1,100,0,568,168,80,80,0,-32,-64,0,0,100,0,144,288,72,72,0,-24,-8,0,0,65,0,360,0,48,16,0,
0,36,-24,-64,0,1,100,0,408,128,40,40,0,-16,-69,0,1,50,0,600,128,16,16,0,-1,-59,0,1,50,0,600,128,16,16,0,26,-28,0,1,50,0,600,128,16,16,0,-6,-76,0,1,50,0,600,128,16,16,0,-38,-44,0,1,50,0,600,128,16,16,0,-22,-57,0,1,50,0,600,128,16,16,0,26,-33,0,1,50,0,568,128,16,16,0,-30,-46,0,1,50,0,568,128,16,16,0,-36,-58,0,1,50,0,568,128,16,16,0,-25,-13,0,1,50,0,568,128,16,16,0,-44,-33,0,1,50,0,568,128,16,16,0,-33,-69,0,1,50,0,568,128,16,16,0,-31,-22,0,1,50,0,584,128,16,16,0,8,-11,0,1,50,0,584,128,16,16,0,21,-33,0,1,50,0,584,128,16,16,0,10,-72,0,1,50,0,584,128,16,16,0,-7,-73,0,1,50,0,600,128,16,16,0,6,-53,0,1,50,0,600,128,16,16,0,22,-20,0,1,50,0,600,128,16,16,0,4,-74,0,1,50,0,600,128,16,16,0,-37,-55,0,1,50,0,600,128,16,16,0,-11,-62,0,1,50,0,600,128,16,16,0,29,-25,0,1,50,0,568,128,16,16,0,-29,-60,0,1,50,0,568,128,16,16,0,-32,-71,0,1,50,0,568,128,16,16,0,-35,-17,0,1,50,0,568,128,16,16,0,-45,-48,0,1,50,0,568,128,16,16,0,-26,-78,0,1,50,0,568,128,16,16,0,-42,-31,0,1,50,0,584,128,16,16,0,3,-5,0,1,50,0,584,128,16,16,0,16,-21,0,1,50,0,584,128,16,16,0,18,-68,0,1,50,0,584,128,16,16,0,-40,-72,0,1,100,0,648,168,80,80,0,-32,-64,0,0,100,0,216,288,72,72,0,-24,-8,0,0,65,0,360,0,48,16,0,
0,20,-11,-71,0,1,50,0,600,128,16,16,0,2,-56,0,1,50,0,600,128,16,16,0,25,-24,0,1,50,0,600,128,16,16,0,-1,-76,0,1,50,0,600,128,16,16,0,-39,-49,0,1,50,0,600,128,16,16,0,-17,-60,0,1,50,0,600,128,16,16,0,27,-29,0,1,50,0,568,128,16,16,0,-33,-54,0,1,50,0,568,128,16,16,0,-37,-65,0,1,50,0,568,128,16,16,0,-30,-12,0,1,50,0,568,128,16,16,0,-46,-39,0,1,50,0,568,128,16,16,0,-30,-74,0,1,50,0,568,128,16,16,0,-36,-23,0,1,50,0,584,128,16,16,0,6,-8,0,1,50,0,584,128,16,16,0,20,-29,0,1,50,0,584,128,16,16,0,14,-70,0,1,50,0,584,128,16,16,0,-40,-72,0,1,50,0,664,248,80,80,0,-16,-56,0,1,50,0,360,32,24,24,0,-32,-64,0,0,100,0,0,360,72,72,0,-24,-8,0,0,65,0,360,0,48,16,0,
0,36,-17,-68,0,1,5,0,600,128,16,16,0,-2,-60,0,1,5,0,600,128,16,16,0,25,-29,0,1,5,0,600,128,16,16,0,-7,-75,0,1,5,0,600,128,16,16,0,-37,-43,0,1,5,0,600,128,16,16,0,-22,-56,0,1,5,0,600,128,16,16,0,25,-34,0,1,5,0,568,128,16,16,0,-29,-45,0,1,5,0,568,128,16,16,0,-36,-57,0,1,5,0,568,128,16,16,0,-24,-14,0,1,5,0,568,128,16,16,0,-44,-32,0,1,5,0,568,128,16,16,0,-34,-68,0,1,5,0,568,128,16,16,0,-30,-21,0,1,5,0,584,128,16,16,0,9,-12,0,1,5,0,584,128,16,16,0,21,-34,0,1,5,0,584,128,16,16,0,9,-72,0,1,5,0,584,128,16,16,0,-5,-76,0,1,20,0,600,128,16,16,0,9,-54,0,1,20,0,600,128,16,16,0,26,-13,0,1,20,0,600,128,16,16,0,3,-85,0,1,20,0,600,128,16,16,0,-45,-58,0,1,20,0,600,128,16,16,0,-11,-63,0,1,20,0,600,128,16,16,0,33,-24,0,1,20,0,568,128,16,16,0,-34,-61,0,1,20,0,568,128,16,16,0,-37,-71,0,1,20,0,568,128,16,16,0,-38,-10,0,1,20,0,568,128,16,16,0,-47,-46,0,1,20,0,568,128,16,16,0,-26,-80,0,1,20,0,568,128,16,16,0,-40,-21,0,1,20,0,584,128,16,16,0,5,-2,0,1,20,0,584,128,16,16,0,21,-20,0,1,20,0,584,128,16,16,0,23,-69,0,1,20,0,584,128,16,16,0,-42,-73,0,1,20,0,744,248,80,80,0,-16,-56,0,1,20,0,360,32,24,24,0,-32,-64,0,0,100,0,72,360,72,72,0,-24,-8,0,0,65,0,360,0,48,16,0,
0,3,-14,-49,0,1,100,0,360,32,24,24,0,-32,-64,0,0,100,0,144,360,72,72,0,-24,-8,0,0,65,0,360,0,48,16,0,
0,3,-20,-56,0,1,100,0,368,80,32,40,0,-32,-64,0,0,100,0,216,360,72,72,0,-24,-8,0,0,65,0,360,0,48,16,0,
0,4,-48,-59,0,1,100,0,496,248,72,48,0,-32,-72,0,1,100,0,288,232,40,64,0,-40,-64,0,0,100,0,288,360,72,72,0,-29,-8,0,0,65,0,360,0,48,16,0,
0,4,-59,-68,0,1,100,0,496,296,88,64,0,-40,-88,0,1,100,0,328,232,56,88,0,-40,-64,0,0,100,0,360,360,72,72,0,-31,-8,0,0,65,0,360,0,48,16,0,
0,4,-62,-56,0,1,100,0,568,248,96,24,0,-40,-88,0,1,100,0,384,248,56,88,0,-40,-64,0,0,100,0,432,360,72,72,0,-31,-8,0,0,65,0,360,0,48,16,0,
0,4,-20,-52,0,1,100,0,568,272,16,16,0,-40,-88,0,1,100,0,440,248,56,88,0,-40,-64,0,0,100,0,504,360,72,72,0,-31,-8,0,0,65,0,360,0,48,16,0,
0,2,-40,-64,0,0,100,0,576,360,72,72,0,-31,-8,0,0,65,0,360,0,48,16,0,
0,2,-40,-64,0,0,100,0,648,360,72,72,0,-31,-8,0,0,65,0,360,0,48,16,0,
0,2,-38,-64,0,0,100,0,720,360,72,72,0,-30,-8,0,0,65,0,360,0,48,16,0,
0,2,-38,-64,0,0,100,0,792,360,72,72,0,-26,-8,0,0,65,0,360,0,48,16,0,
0,20,-14,-70,0,1,50,0,600,128,16,16,0,0,-58,0,1,50,0,600,128,16,16,0,26,-26,0,1,50,0,600,128,16,16,0,-4,-77,0,1,50,0,600,128,16,16,0,-39,-46,0,1,50,0,600,128,16,16,0,-20,-58,0,1,50,0,600,128,16,16,0,27,-31,0,1,50,0,568,128,16,16,0,-31,-48,0,1,50,0,568,128,16,16,0,-36,-60,0,1,50,0,568,128,16,16,0,-27,-13,0,1,50,0,568,128,16,16,0,-45,-35,0,1,50,0,568,128,16,16,0,-32,-72,0,1,50,0,568,128,16,16,0,-33,-24,0,1,50,0,584,128,16,16,0,7,-10,0,1,50,0,584,128,16,16,0,21,-31,0,1,50,0,584,128,16,16,0,12,-71,0,1,50,0,584,128,16,16,0,-40,-72,0,1,50,0,408,168,80,80,0,-16,-56,0,1,50,0,360,32,24,24,0,-30,-64,0,0,100,0,864,360,72,72,0,-24,-8,0,0,65,0,360,0,48,16,0,
0,21,-248,-336,0,1,20,0,920,0,192,192,0,-11,-71,0,1,50,0,600,128,16,16,0,2,-56,0,1,50,0,600,128,16,16,0,25,-24,0,1,50,0,600,128,16,16,0,-1,-76,0,1,50,0,600,128,16,16,0,-39,-49,0,1,50,0,600,128,16,16,0,-17,-60,0,1,50,0,600,128,16,16,0,27,-29,0,1,50,0,568,128,16,16,0,-33,-54,0,1,50,0,568,128,16,16,0,-37,-65,0,1,50,0,568,128,16,16,0,-30,-12,0,1,50,0,568,128,16,16,0,-46,-39,0,1,50,0,568,128,16,16,0,-30,-74,0,1,50,0,568,128,16,16,0,-36,-23,0,1,50,0,584,128,16,16,0,6,-8,0,1,50,0,584,128,16,16,0,20,-29,0,1,50,0,584,128,16,16,0,14,-70,0,1,50,0,584,128,16,16,0,-40,-72,0,1,50,0,664,248,80,80,0,-16,-56,0,1,50,0,360,32,24,24,0,-32,-64,0,0,100,0,0,432,72,72,0,-24,-8,0,0,65,0,360,0,48,16,0,
0,37,-248,-336,0,1,40,0,920,0,192,192,0,-17,-68,0,1,5,0,600,128,16,16,0,-2,-60,0,1,5,0,600,128,16,16,0,25,-29,0,1,5,0,600,128,16,16,0,-7,-75,0,1,5,0,600,128,16,16,0,-37,-43,0,1,5,0,600,128,16,16,0,-22,-56,0,1,5,0,600,128,16,16,0,25,-34,0,1,5,0,568,128,16,16,0,-29,-45,0,1,5,0,568,128,16,16,0,-36,-57,0,1,5,0,568,128,16,16,0,-24,-14,0,1,5,0,568,128,16,16,0,-44,-32,0,1,5,0,568,128,16,16,0,-34,-68,0,1,5,0,568,128,16,16,0,-30,-21,0,1,5,0,584,128,16,16,0,9,-12,0,1,5,0,584,128,16,16,0,21,-34,0,1,5,0,584,128,16,16,0,9,-72,0,1,5,0,584,128,16,16,0,-5,-76,0,1,20,0,600,128,16,16,0,9,-54,0,1,20,0,600,128,16,16,0,26,-13,0,1,20,0,600,128,16,16,0,3,-85,0,1,20,0,600,128,16,16,0,-45,-58,0,1,20,0,600,128,16,16,0,-11,-63,0,1,20,0,600,128,16,16,0,33,-24,0,1,20,0,568,128,16,16,0,-34,-61,0,1,20,0,568,128,16,16,0,-37,-71,0,1,20,0,568,128,16,16,0,-38,-10,0,1,20,0,568,128,16,16,0,-47,-46,0,1,20,0,568,128,16,16,0,-26,-80,0,1,20,0,568,128,16,16,0,-40,-21,0,1,20,0,584,128,16,16,0,5,-2,0,1,20,0,584,128,16,16,0,21,-20,0,1,20,0,584,128,16,16,0,23,-69,0,1,20,0,584,128,16,16,0,-42,-73,0,1,20,0,744,248,80,80,0,-16,-56,0,1,20,0,360,32,24,24,0,-32,-64,0,0,100,0,72,432,72,72,0,-24,-8,0,0,65,0,360,0,48,16,0,
0,21,-248,-336,0,1,60,0,920,0,192,192,0,-5,-76,0,1,10,0,600,128,16,16,0,9,-54,0,1,10,0,600,128,16,16,0,26,-13,0,1,10,0,600,128,16,16,0,3,-85,0,1,10,0,600,128,16,16,0,-45,-58,0,1,10,0,600,128,16,16,0,-11,-63,0,1,10,0,600,128,16,16,0,33,-24,0,1,10,0,568,128,16,16,0,-34,-61,0,1,10,0,568,128,16,16,0,-37,-71,0,1,10,0,568,128,16,16,0,-38,-10,0,1,10,0,568,128,16,16,0,-47,-46,0,1,10,0,568,128,16,16,0,-26,-80,0,1,10,0,568,128,16,16,0,-40,-21,0,1,10,0,584,128,16,16,0,5,-2,0,1,10,0,584,128,16,16,0,21,-20,0,1,10,0,584,128,16,16,0,23,-69,0,1,10,0,584,128,16,16,0,-42,-73,0,1,10,0,744,248,80,80,0,-16,-56,0,1,10,0,360,32,24,24,0,-32,-64,0,0,100,0,144,432,72,72,0,-24,-8,0,0,65,0,360,0,48,16,0,
0,3,-248,-336,0,1,80,0,920,0,192,192,0,-32,-64,0,0,100,0,216,432,72,72,0,-23,-8,0,0,65,0,360,0,48,16,0,
0,5,-120,-208,0,1,100,0,608,304,48,48,0,-136,-232,0,1,100,0,920,192,56,56,0,-248,-336,0,1,100,0,920,0,192,192,0,-32,-64,0,0,100,0,288,432,72,72,0,-22,-8,0,0,65,0,360,0,48,16,0,
0,21,-224,-208,0,1,100,0,608,304,48,48,0,-104,24,0,1,100,0,288,312,16,16,0,-136,32,0,1,100,0,288,312,16,16,0,-144,-64,0,1,100,0,288,312,16,16,0,-64,-32,0,1,100,0,288,312,16,16,0,-80,-40,0,1,100,0,304,296,16,16,0,-72,24,0,1,100,0,304,296,16,16,0,-128,-40,0,1,100,0,304,296,16,16,0,-160,16,0,1,100,0,304,296,16,16,0,-128,8,0,1,100,0,288,296,16,16,0,-96,8,0,1,100,0,288,296,16,16,0,-152,-40,0,1,100,0,288,296,16,16,0,-176,-72,0,1,100,0,936,344,144,144,0,-152,-48,0,1,100,0,920,248,96,96,0,-120,-200,0,1,100,0,1112,0,56,208,0,-136,-232,0,1,100,0,976,192,56,56,0,-232,-232,0,1,100,0,920,192,56,56,0,-248,-336,0,1,100,0,920,0,192,192,0,-248,-336,0,1,100,0,920,0,192,192,0,-24,-64,0,0,100,0,360,432,72,72,0,-19,-8,0,0,65,0,360,0,48,16,0,
0,37,-144,-184,0,1,100,0,608,304,48,48,0,-208,-192,0,1,100,0,608,304,48,48,0,-200,-216,0,1,100,0,920,192,56,56,0,-160,-208,0,1,100,0,920,192,56,56,0,-216,-192,0,1,100,0,1224,0,64,208,0,-232,-232,0,1,100,0,976,192,56,56,0,-176,32,0,1,100,0,288,312,16,16,0,-208,40,0,1,100,0,288,312,16,16,0,-216,-56,0,1,100,0,288,312,16,16,0,-136,-24,0,1,100,0,288,312,16,16,0,-152,-32,0,1,100,0,304,296,16,16,0,-144,32,0,1,100,0,304,296,16,16,0,-200,-32,0,1,100,0,304,296,16,16,0,-232,24,0,1,100,0,304,296,16,16,0,-200,16,0,1,100,0,288,296,16,16,0,-168,16,0,1,100,0,288,296,16,16,0,-224,-32,0,1,100,0,288,296,16,16,0,-248,-64,0,1,100,0,936,344,144,144,0,-224,-40,0,1,100,0,920,248,96,96,0,-96,48,0,1,100,0,288,312,16,16,0,-144,40,0,1,100,0,288,312,16,16,0,-152,-80,0,1,100,0,288,312,16,16,0,-40,-48,0,1,100,0,288,312,16,16,0,-72,-64,0,1,100,0,304,296,16,16,0,-56,40,0,1,100,0,304,296,16,16,0,-136,-56,0,1,100,0,304,296,16,16,0,-176,24,0,1,100,0,304,296,16,16,0,-144,24,0,1,100,0,288,296,16,16,0,-80,32,0,1,100,0,288,296,16,16,0,-168,-48,0,1,100,0,288,296,16,16,0,-120,-200,0,1,100,0,1168,0,56,208,0,-176,-72,0,1,100,0,1080,344,144,144,0,-152,-48,0,1,100,0,1016,248,96,96,0,-248,-336,0,1,100,0,920,0,192,192,0,-24,-64,0,1,30,0,936,488,72,72,0,-24,-64,0,0,100,0,432,432,72,72,0,-19,-8,0,0,65,0,360,0,48,16,0,
0,50,-168,-192,0,1,100,0,608,304,48,48,0,-184,-216,0,1,100,0,920,192,56,56,0,-136,-168,0,1,100,0,1224,0,64,208,0,-96,56,0,1,100,0,288,312,16,16,0,-128,64,0,1,100,0,288,312,16,16,0,-136,-32,0,1,100,0,288,312,16,16,0,-56,0,0,1,100,0,288,312,16,16,0,-72,-8,0,1,100,0,304,296,16,16,0,-64,56,0,1,100,0,304,296,16,16,0,-120,-8,0,1,100,0,304,296,16,16,0,-152,48,0,1,100,0,304,296,16,16,0,-120,40,0,1,100,0,288,296,16,16,0,-88,40,0,1,100,0,288,296,16,16,0,-144,-8,0,1,100,0,288,296,16,16,0,-168,-40,0,1,100,0,936,344,144,144,0,-144,-16,0,1,100,0,920,248,96,96,0,-240,16,0,1,100,0,288,312,16,16,0,-272,24,0,1,100,0,288,312,16,16,0,-280,-72,0,1,100,0,288,312,16,16,0,-200,-40,0,1,100,0,288,312,16,16,0,-216,-48,0,1,100,0,304,296,16,16,0,-208,16,0,1,100,0,304,296,16,16,0,-264,-48,0,1,100,0,304,296,16,16,0,-296,8,0,1,100,0,304,296,16,16,0,-264,0,0,1,100,0,288,296,16,16,0,-232,0,0,1,100,0,288,296,16,16,0,-288,-48,0,1,100,0,288,296,16,16,0,-312,-80,0,1,100,0,936,344,144,144,0,-288,-56,0,1,100,0,920,248,96,96,0,-256,-184,0,1,100,0,1352,0,80,208,0,-168,56,0,1,100,0,288,312,16,16,0,-216,48,0,1,100,0,288,312,16,16,0,-224,-72,0,1,100,0,288,312,16,16,0,-112,-40,0,1,100,0,288,312,16,16,0,-144,-56,0,1,100,0,304,296,16,16,0,-128,48,0,1,100,0,304,296,16,16,0,-208,-48,0,1,100,0,304,296,16,16,0,-248,32,0,1,100,0,304,296,16,16,0,-216,32,0,1,100,0,288,296,16,16,0,-152,40,0,1,100,0,288,296,16,16,0,-240,-40,0,1,100,0,288,296,16,16,0,-248,-64,0,1,100,0,1080,344,144,144,0,-224,-40,0,1,100,0,1016,248,96,96,0,-152,-48,0,1,100,0,1112,248,96,96,0,-176,-72,0,1,100,0,1224,344,144,144,0,-216,-192,0,1,100,0,1288,0,64,208,0,-248,-336,0,1,70,0,920,0,192,192,0,-24,-64,0,1,30,0,1008,488,72,72,0,-24,-64,0,0,100,0,504,432,72,72,0,-19,-8,0,0,65,0,360,0,48,16,0,
0,51,-120,-208,0,1,100,0,608,304,48,48,0,-136,-232,0,1,100,0,920,192,56,56,0,-152,40,0,1,100,0,288,312,16,16,0,-184,48,0,1,100,0,288,312,16,16,0,-192,-48,0,1,100,0,288,312,16,16,0,-112,-16,0,1,100,0,288,312,16,16,0,-128,-24,0,1,100,0,304,296,16,16,0,-120,40,0,1,100,0,304,296,16,16,0,-176,-24,0,1,100,0,304,296,16,16,0,-208,32,0,1,100,0,304,296,16,16,0,-176,24,0,1,100,0,288,296,16,16,0,-144,24,0,1,100,0,288,296,16,16,0,-200,-24,0,1,100,0,288,296,16,16,0,-224,-56,0,1,100,0,936,344,144,144,0,-200,-32,0,1,100,0,920,248,96,96,0,-168,-184,0,1,100,0,1112,0,56,208,0,-184,-216,0,1,100,0,976,192,56,56,0,-232,40,0,1,100,0,288,312,16,16,0,-280,32,0,1,100,0,288,312,16,16,0,-288,-88,0,1,100,0,288,312,16,16,0,-176,-56,0,1,100,0,288,312,16,16,0,-208,-72,0,1,100,0,304,296,16,16,0,-192,32,0,1,100,0,304,296,16,16,0,-272,-64,0,1,100,0,304,296,16,16,0,-312,16,0,1,100,0,304,296,16,16,0,-280,16,0,1,100,0,288,296,16,16,0,-216,24,0,1,100,0,288,296,16,16,0,-304,-56,0,1,100,0,288,296,16,16,0,-312,-80,0,1,100,0,1080,344,144,144,0,-288,-56,0,1,100,0,1016,248,96,96,0,-256,-184,0,1,100,0,1432,0,80,208,0,-88,80,0,1,100,0,288,312,16,16,0,-136,72,0,1,100,0,288,312,16,16,0,-144,-48,0,1,100,0,288,312,16,16,0,-32,-16,0,1,100,0,288,312,16,16,0,-64,-32,0,1,100,0,304,296,16,16,0,-48,72,0,1,100,0,304,296,16,16,0,-128,-24,0,1,100,0,304,296,16,16,0,-168,56,0,1,100,0,304,296,16,16,0,-136,56,0,1,100,0,288,296,16,16,0,-72,64,0,1,100,0,288,296,16,16,0,-160,-16,0,1,100,0,288,296,16,16,0,-168,-40,0,1,100,0,1080,344,144,144,0,-144,-16,0,1,100,0,1016,248,96,96,0,-224,-40,0,1,100,0,1112,248,96,96,0,-248,-64,0,1,100,0,1224,344,144,144,0,-136,-168,0,1,100,0,1288,0,64,208,0,-248,-336,0,1,100,0,920,0,192,192,0,-24,-64,0,1,30,0,1080,488,72,72,0,-24,-64,0,0,100,0,576,432,72,72,0,-19,-8,0,0,65,0,360,0,48,16,0,
0,38,-104,24,0,1,100,0,288,312,16,16,0,-136,32,0,1,100,0,288,312,16,16,0,-144,-64,0,1,100,0,288,312,16,16,0,-64,-32,0,1,100,0,288,312,16,16,0,-80,-40,0,1,100,0,304,296,16,16,0,-72,24,0,1,100,0,304,296,16,16,0,-128,-40,0,1,100,0,304,296,16,16,0,-160,16,0,1,100,0,304,296,16,16,0,-128,8,0,1,100,0,288,296,16,16,0,-96,8,0,1,100,0,288,296,16,16,0,-152,-40,0,1,100,0,288,296,16,16,0,-176,-72,0,1,100,0,936,344,144,144,0,-152,-48,0,1,100,0,920,248,96,96,0,-120,-200,0,1,100,0,1112,0,56,208,0,-136,-232,0,1,100,0,976,192,56,56,0,-144,64,0,1,100,0,288,312,16,16,0,-192,56,0,1,100,0,288,312,16,16,0,-200,-64,0,1,100,0,288,312,16,16,0,-88,-32,0,1,100,0,288,312,16,16,0,-120,-48,0,1,100,0,304,296,16,16,0,-104,56,0,1,100,0,304,296,16,16,0,-184,-40,0,1,100,0,304,296,16,16,0,-224,40,0,1,100,0,304,296,16,16,0,-192,40,0,1,100,0,288,296,16,16,0,-128,48,0,1,100,0,288,296,16,16,0,-216,-32,0,1,100,0,288,296,16,16,0,-168,-184,0,1,100,0,1168,0,56,208,0,-224,-56,0,1,100,0,1080,344,144,144,0,-200,-32,0,1,100,0,1016,248,96,96,0,-288,-56,0,1,100,0,1112,248,96,96,0,-168,-40,0,1,100,0,1224,344,144,144,0,-144,-16,0,1,100,0,1112,248,96,96,0,-312,-80,0,1,100,0,1224,344,144,144,0,-248,-336,0,1,100,0,920,0,192,192,0,-248,-336,0,1,100,0,920,0,192,192,0,-24,-64,0,1,30,0,1152,488,72,72,0,-24,-64,0,0,100,0,648,432,72,72,0,-19,-8,0,0,65,0,360,0,48,16,0,
0,41,-248,-64,0,1,100,0,920,192,56,56,0,-88,-40,0,1,100,0,920,192,56,56,0,-144,-184,0,1,100,0,608,304,48,48,0,-208,-192,0,1,100,0,608,304,48,48,0,-200,-216,0,1,100,0,920,192,56,56,0,-160,-208,0,1,100,0,920,192,56,56,0,-216,-192,0,1,100,0,1224,0,64,208,0,-200,-32,0,1,100,0,1112,248,96,96,0,-224,-56,0,1,100,0,1224,344,144,144,0,-232,-232,0,1,100,0,976,192,56,56,0,-176,32,0,1,100,0,288,312,16,16,0,-208,40,0,1,100,0,288,312,16,16,0,-216,-56,0,1,100,0,288,312,16,16,0,-136,-24,0,1,100,0,288,312,16,16,0,-152,-32,0,1,100,0,304,296,16,16,0,-144,32,0,1,100,0,304,296,16,16,0,-200,-32,0,1,100,0,304,296,16,16,0,-232,24,0,1,100,0,304,296,16,16,0,-200,16,0,1,100,0,288,296,16,16,0,-168,16,0,1,100,0,288,296,16,16,0,-224,-32,0,1,100,0,288,296,16,16,0,-248,-64,0,1,100,0,936,344,144,144,0,-224,-40,0,1,100,0,920,248,96,96,0,-96,48,0,1,100,0,288,312,16,16,0,-144,40,0,1,100,0,288,312,16,16,0,-152,-80,0,1,100,0,288,312,16,16,0,-40,-48,0,1,100,0,288,312,16,16,0,-72,-64,0,1,100,0,304,296,16,16,0,-56,40,0,1,100,0,304,296,16,16,0,-136,-56,0,1,100,0,304,296,16,16,0,-176,24,0,1,100,0,304,296,16,16,0,-144,24,0,1,100,0,288,296,16,16,0,-80,32,0,1,100,0,288,296,16,16,0,-168,-48,0,1,100,0,288,296,16,16,0,-120,-200,0,1,100,0,1168,0,56,208,0,-176,-72,0,1,100,0,1080,344,144,144,0,-152,-48,0,1,100,0,1016,248,96,96,0,-248,-336,0,1,100,0,920,0,192,192,0,-24,-64,0,1,30,0,936,488,72,72,0,-24,-64,0,0,100,0,432,432,72,72,0,-19,-8,0,0,65,0,360,0,48,16,0,
0,54,-248,8,0,1,100,0,920,192,56,56,0,-160,-32,0,1,100,0,920,192,56,56,0,-248,-64,0,1,100,0,976,192,56,56,0,-88,-40,0,1,100,0,976,192,56,56,0,-168,-192,0,1,100,0,608,304,48,48,0,-184,-216,0,1,100,0,920,192,56,56,0,-136,-168,0,1,100,0,1224,0,64,208,0,-96,56,0,1,100,0,288,312,16,16,0,-128,64,0,1,100,0,288,312,16,16,0,-136,-32,0,1,100,0,288,312,16,16,0,-56,0,0,1,100,0,288,312,16,16,0,-72,-8,0,1,100,0,304,296,16,16,0,-64,56,0,1,100,0,304,296,16,16,0,-120,-8,0,1,100,0,304,296,16,16,0,-152,48,0,1,100,0,304,296,16,16,0,-120,40,0,1,100,0,288,296,16,16,0,-88,40,0,1,100,0,288,296,16,16,0,-144,-8,0,1,100,0,288,296,16,16,0,-168,-40,0,1,100,0,936,344,144,144,0,-144,-16,0,1,100,0,920,248,96,96,0,-240,16,0,1,100,0,288,312,16,16,0,-272,24,0,1,100,0,288,312,16,16,0,-280,-72,0,1,100,0,288,312,16,16,0,-200,-40,0,1,100,0,288,312,16,16,0,-216,-48,0,1,100,0,304,296,16,16,0,-208,16,0,1,100,0,304,296,16,16,0,-264,-48,0,1,100,0,304,296,16,16,0,-296,8,0,1,100,0,304,296,16,16,0,-264,0,0,1,100,0,288,296,16,16,0,-232,0,0,1,100,0,288,296,16,16,0,-288,-48,0,1,100,0,288,296,16,16,0,-312,-80,0,1,100,0,936,344,144,144,0,-288,-56,0,1,100,0,920,248,96,96,0,-256,-184,0,1,100,0,1352,0,80,208,0,-168,56,0,1,100,0,288,312,16,16,0,-216,48,0,1,100,0,288,312,16,16,0,-224,-72,0,1,100,0,288,312,16,16,0,-112,-40,0,1,100,0,288,312,16,16,0,-144,-56,0,1,100,0,304,296,16,16,0,-128,48,0,1,100,0,304,296,16,16,0,-208,-48,0,1,100,0,304,296,16,16,0,-248,32,0,1,100,0,304,296,16,16,0,-216,32,0,1,100,0,288,296,16,16,0,-152,40,0,1,100,0,288,296,16,16,0,-240,-40,0,1,100,0,288,296,16,16,0,-248,-64,0,1,100,0,1080,344,144,144,0,-224,-40,0,1,100,0,1016,248,96,96,0,-152,-48,0,1,100,0,1112,248,96,96,0,-176,-72,0,1,100,0,1224,344,144,144,0,-216,-192,0,1,100,0,1288,0,64,208,0,-248,-336,0,1,70,0,920,0,192,192,0,-24,-64,0,1,30,0,1008,488,72,72,0,-24,-64,0,0,100,0,504,432,72,72,0,-19,-8,0,0,65,0,360,0,48,16,0,
0,55,-248,8,0,1,100,0,976,192,56,56,0,-160,-32,0,1,100,0,976,192,56,56,0,-248,-64,0,1,100,0,1032,192,56,56,0,-88,-40,0,1,100,0,1032,192,56,56,0,-120,-208,0,1,100,0,608,304,48,48,0,-136,-232,0,1,100,0,920,192,56,56,0,-152,40,0,1,100,0,288,312,16,16,0,-184,48,0,1,100,0,288,312,16,16,0,-192,-48,0,1,100,0,288,312,16,16,0,-112,-16,0,1,100,0,288,312,16,16,0,-128,-24,0,1,100,0,304,296,16,16,0,-120,40,0,1,100,0,304,296,16,16,0,-176,-24,0,1,100,0,304,296,16,16,0,-208,32,0,1,100,0,304,296,16,16,0,-176,24,0,1,100,0,288,296,16,16,0,-144,24,0,1,100,0,288,296,16,16,0,-200,-24,0,1,100,0,288,296,16,16,0,-224,-56,0,1,100,0,936,344,144,144,0,-200,-32,0,1,100,0,920,248,96,96,0,-168,-184,0,1,100,0,1112,0,56,208,0,-184,-216,0,1,100,0,976,192,56,56,0,-232,40,0,1,100,0,288,312,16,16,0,-280,32,0,1,100,0,288,312,16,16,0,-288,-88,0,1,100,0,288,312,16,16,0,-176,-56,0,1,100,0,288,312,16,16,0,-208,-72,0,1,100,0,304,296,16,16,0,-192,32,0,1,100,0,304,296,16,16,0,-272,-64,0,1,100,0,304,296,16,16,0,-312,16,0,1,100,0,304,296,16,16,0,-280,16,0,1,100,0,288,296,16,16,0,-216,24,0,1,100,0,288,296,16,16,0,-304,-56,0,1,100,0,288,296,16,16,0,-312,-80,0,1,100,0,1080,344,144,144,0,-288,-56,0,1,100,0,1016,248,96,96,0,-256,-184,0,1,100,0,1432,0,80,208,0,-88,80,0,1,100,0,288,312,16,16,0,-136,72,0,1,100,0,288,312,16,16,0,-144,-48,0,1,100,0,288,312,16,16,0,-32,-16,0,1,100,0,288,312,16,16,0,-64,-32,0,1,100,0,304,296,16,16,0,-48,72,0,1,100,0,304,296,16,16,0,-128,-24,0,1,100,0,304,296,16,16,0,-168,56,0,1,100,0,304,296,16,16,0,-136,56,0,1,100,0,288,296,16,16,0,-72,64,0,1,100,0,288,296,16,16,0,-160,-16,0,1,100,0,288,296,16,16,0,-168,-40,0,1,100,0,1080,344,144,144,0,-144,-16,0,1,100,0,1016,248,96,96,0,-224,-40,0,1,100,0,1112,248,96,96,0,-248,-64,0,1,100,0,1224,344,144,144,0,-136,-168,0,1,100,0,1288,0,64,208,0,-248,-336,0,1,100,0,920,0,192,192,0,-24,-64,0,1,30,0,1080,488,72,72,0,-24,-64,0,0,100,0,576,432,72,72,0,-19,-8,0,0,65,0,360,0,48,16,0,
0,40,-248,8,0,1,100,0,1032,192,56,56,0,-160,-32,0,1,100,0,1032,192,56,56,0,-104,24,0,1,100,0,288,312,16,16,0,-136,32,0,1,100,0,288,312,16,16,0,-144,-64,0,1,100,0,288,312,16,16,0,-64,-32,0,1,100,0,288,312,16,16,0,-80,-40,0,1,100,0,304,296,16,16,0,-72,24,0,1,100,0,304,296,16,16,0,-128,-40,0,1,100,0,304,296,16,16,0,-160,16,0,1,100,0,304,296,16,16,0,-128,8,0,1,100,0,288,296,16,16,0,-96,8,0,1,100,0,288,296,16,16,0,-152,-40,0,1,100,0,288,296,16,16,0,-176,-72,0,1,100,0,936,344,144,144,0,-152,-48,0,1,100,0,920,248,96,96,0,-120,-200,0,1,100,0,1112,0,56,208,0,-136,-232,0,1,100,0,976,192,56,56,0,-144,64,0,1,100,0,288,312,16,16,0,-192,56,0,1,100,0,288,312,16,16,0,-200,-64,0,1,100,0,288,312,16,16,0,-88,-32,0,1,100,0,288,312,16,16,0,-120,-48,0,1,100,0,304,296,16,16,0,-104,56,0,1,100,0,304,296,16,16,0,-184,-40,0,1,100,0,304,296,16,16,0,-224,40,0,1,100,0,304,296,16,16,0,-192,40,0,1,100,0,288,296,16,16,0,-128,48,0,1,100,0,288,296,16,16,0,-216,-32,0,1,100,0,288,296,16,16,0,-168,-184,0,1,100,0,1168,0,56,208,0,-224,-56,0,1,100,0,1080,344,144,144,0,-200,-32,0,1,100,0,1016,248,96,96,0,-144,-16,0,1,100,0,1112,248,96,96,0,-168,-40,0,1,100,0,1224,344,144,144,0,-288,-56,0,1,100,0,1112,248,96,96,0,-312,-80,0,1,100,0,1224,344,144,144,0,-248,-336,0,1,100,0,920,0,192,192,0,-248,-336,0,1,100,0,920,0,192,192,0,-24,-64,0,1,30,0,1152,488,72,72,0,-24,-64,0,0,100,0,648,432,72,72,0,-19,-8,0,0,65,0,360,0,48,16,0,
0,42,-160,0,0,1,100,0,920,192,56,56,0,-248,-64,0,1,100,0,920,192,56,56,0,-88,-40,0,1,100,0,920,192,56,56,0,-144,-184,0,1,100,0,608,304,48,48,0,-208,-192,0,1,100,0,608,304,48,48,0,-200,-216,0,1,100,0,920,192,56,56,0,-160,-208,0,1,100,0,920,192,56,56,0,-216,-192,0,1,100,0,1224,0,64,208,0,-200,-32,0,1,100,0,1112,248,96,96,0,-224,-56,0,1,100,0,1224,344,144,144,0,-232,-232,0,1,100,0,976,192,56,56,0,-176,32,0,1,100,0,288,312,16,16,0,-208,40,0,1,100,0,288,312,16,16,0,-216,-56,0,1,100,0,288,312,16,16,0,-136,-24,0,1,100,0,288,312,16,16,0,-152,-32,0,1,100,0,304,296,16,16,0,-144,32,0,1,100,0,304,296,16,16,0,-200,-32,0,1,100,0,304,296,16,16,0,-232,24,0,1,100,0,304,296,16,16,0,-200,16,0,1,100,0,288,296,16,16,0,-168,16,0,1,100,0,288,296,16,16,0,-224,-32,0,1,100,0,288,296,16,16,0,-248,-64,0,1,100,0,936,344,144,144,0,-224,-40,0,1,100,0,920,248,96,96,0,-96,48,0,1,100,0,288,312,16,16,0,-144,40,0,1,100,0,288,312,16,16,0,-152,-80,0,1,100,0,288,312,16,16,0,-40,-48,0,1,100,0,288,312,16,16,0,-72,-64,0,1,100,0,304,296,16,16,0,-56,40,0,1,100,0,304,296,16,16,0,-136,-56,0,1,100,0,304,296,16,16,0,-176,24,0,1,100,0,304,296,16,16,0,-144,24,0,1,100,0,288,296,16,16,0,-80,32,0,1,100,0,288,296,16,16,0,-168,-48,0,1,100,0,288,296,16,16,0,-120,-200,0,1,100,0,1168,0,56,208,0,-176,-72,0,1,100,0,1080,344,144,144,0,-152,-48,0,1,100,0,1016,248,96,96,0,-248,-336,0,1,100,0,920,0,192,192,0,-24,-64,0,1,50,0,936,488,72,72,0,-24,-64,0,0,100,0,432,432,72,72,0,-19,-8,0,0,65,0,360,0,48,16,0,
0,57,-232,-112,0,1,100,0,920,192,56,56,0,-104,-88,0,1,100,0,920,192,56,56,0,-248,8,0,1,100,0,920,192,56,56,0,-160,-32,0,1,100,0,920,192,56,56,0,-160,0,0,1,100,0,976,192,56,56,0,-248,-64,0,1,100,0,976,192,56,56,0,-88,-40,0,1,100,0,976,192,56,56,0,-168,-192,0,1,100,0,608,304,48,48,0,-184,-216,0,1,100,0,920,192,56,56,0,-136,-168,0,1,100,0,1224,0,64,208,0,-96,56,0,1,100,0,288,312,16,16,0,-128,64,0,1,100,0,288,312,16,16,0,-136,-32,0,1,100,0,288,312,16,16,0,-56,0,0,1,100,0,288,312,16,16,0,-72,-8,0,1,100,0,304,296,16,16,0,-64,56,0,1,100,0,304,296,16,16,0,-120,-8,0,1,100,0,304,296,16,16,0,-152,48,0,1,100,0,304,296,16,16,0,-120,40,0,1,100,0,288,296,16,16,0,-88,40,0,1,100,0,288,296,16,16,0,-144,-8,0,1,100,0,288,296,16,16,0,-168,-40,0,1,100,0,936,344,144,144,0,-144,-16,0,1,100,0,920,248,96,96,0,-240,16,0,1,100,0,288,312,16,16,0,-272,24,0,1,100,0,288,312,16,16,0,-280,-72,0,1,100,0,288,312,16,16,0,-200,-40,0,1,100,0,288,312,16,16,0,-216,-48,0,1,100,0,304,296,16,16,0,-208,16,0,1,100,0,304,296,16,16,0,-264,-48,0,1,100,0,304,296,16,16,0,-296,8,0,1,100,0,304,296,16,16,0,-264,0,0,1,100,0,288,296,16,16,0,-232,0,0,1,100,0,288,296,16,16,0,-288,-48,0,1,100,0,288,296,16,16,0,-312,-80,0,1,100,0,936,344,144,144,0,-288,-56,0,1,100,0,920,248,96,96,0,-256,-184,0,1,100,0,1352,0,80,208,0,-168,56,0,1,100,0,288,312,16,16,0,-216,48,0,1,100,0,288,312,16,16,0,-224,-72,0,1,100,0,288,312,16,16,0,-112,-40,0,1,100,0,288,312,16,16,0,-144,-56,0,1,100,0,304,296,16,16,0,-128,48,0,1,100,0,304,296,16,16,0,-208,-48,0,1,100,0,304,296,16,16,0,-248,32,0,1,100,0,304,296,16,16,0,-216,32,0,1,100,0,288,296,16,16,0,-152,40,0,1,100,0,288,296,16,16,0,-240,-40,0,1,100,0,288,296,16,16,0,-248,-64,0,1,100,0,1080,344,144,144,0,-224,-40,0,1,100,0,1016,248,96,96,0,-152,-48,0,1,100,0,1112,248,96,96,0,-176,-72,0,1,100,0,1224,344,144,144,0,-216,-192,0,1,100,0,1288,0,64,208,0,-248,-336,0,1,70,0,920,0,192,192,0,-24,-64,0,1,50,0,1008,488,72,72,0,-24,-64,0,0,100,0,504,432,72,72,0,-19,-8,0,0,65,0,360,0,48,16,0,
0,58,-232,-112,0,1,100,0,976,192,56,56,0,-104,-88,0,1,100,0,976,192,56,56,0,-248,8,0,1,100,0,976,192,56,56,0,-160,-32,0,1,100,0,976,192,56,56,0,-160,0,0,1,100,0,1032,192,56,56,0,-248,-64,0,1,100,0,1032,192,56,56,0,-88,-40,0,1,100,0,1032,192,56,56,0,-120,-208,0,1,100,0,608,304,48,48,0,-136,-232,0,1,100,0,920,192,56,56,0,-152,40,0,1,100,0,288,312,16,16,0,-184,48,0,1,100,0,288,312,16,16,0,-192,-48,0,1,100,0,288,312,16,16,0,-112,-16,0,1,100,0,288,312,16,16,0,-128,-24,0,1,100,0,304,296,16,16,0,-120,40,0,1,100,0,304,296,16,16,0,-176,-24,0,1,100,0,304,296,16,16,0,-208,32,0,1,100,0,304,296,16,16,0,-176,24,0,1,100,0,288,296,16,16,0,-144,24,0,1,100,0,288,296,16,16,0,-200,-24,0,1,100,0,288,296,16,16,0,-224,-56,0,1,100,0,936,344,144,144,0,-200,-32,0,1,100,0,920,248,96,96,0,-168,-184,0,1,100,0,1112,0,56,208,0,-184,-216,0,1,100,0,976,192,56,56,0,-232,40,0,1,100,0,288,312,16,16,0,-280,32,0,1,100,0,288,312,16,16,0,-288,-88,0,1,100,0,288,312,16,16,0,-176,-56,0,1,100,0,288,312,16,16,0,-208,-72,0,1,100,0,304,296,16,16,0,-192,32,0,1,100,0,304,296,16,16,0,-272,-64,0,1,100,0,304,296,16,16,0,-312,16,0,1,100,0,304,296,16,16,0,-280,16,0,1,100,0,288,296,16,16,0,-216,24,0,1,100,0,288,296,16,16,0,-304,-56,0,1,100,0,288,296,16,16,0,-312,-80,0,1,100,0,1080,344,144,144,0,-288,-56,0,1,100,0,1016,248,96,96,0,-256,-184,0,1,100,0,1432,0,80,208,0,-88,80,0,1,100,0,288,312,16,16,0,-136,72,0,1,100,0,288,312,16,16,0,-144,-48,0,1,100,0,288,312,16,16,0,-32,-16,0,1,100,0,288,312,16,16,0,-64,-32,0,1,100,0,304,296,16,16,0,-48,72,0,1,100,0,304,296,16,16,0,-128,-24,0,1,100,0,304,296,16,16,0,-168,56,0,1,100,0,304,296,16,16,0,-136,56,0,1,100,0,288,296,16,16,0,-72,64,0,1,100,0,288,296,16,16,0,-160,-16,0,1,100,0,288,296,16,16,0,-168,-40,0,1,100,0,1080,344,144,144,0,-144,-16,0,1,100,0,1016,248,96,96,0,-224,-40,0,1,100,0,1112,248,96,96,0,-248,-64,0,1,100,0,1224,344,144,144,0,-136,-168,0,1,100,0,1288,0,64,208,0,-248,-336,0,1,100,0,920,0,192,192,0,-24,-64,0,1,50,0,1080,488,72,72,0,-24,-64,0,0,100,0,576,432,72,72,0,-19,-8,0,0,65,0,360,0,48,16,0,
0,42,-232,-112,0,1,100,0,1032,192,56,56,0,-104,-88,0,1,100,0,1032,192,56,56,0,-248,8,0,1,100,0,1032,192,56,56,0,-160,-32,0,1,100,0,1032,192,56,56,0,-104,24,0,1,100,0,288,312,16,16,0,-136,32,0,1,100,0,288,312,16,16,0,-144,-64,0,1,100,0,288,312,16,16,0,-64,-32,0,1,100,0,288,312,16,16,0,-80,-40,0,1,100,0,304,296,16,16,0,-72,24,0,1,100,0,304,296,16,16,0,-128,-40,0,1,100,0,304,296,16,16,0,-160,16,0,1,100,0,304,296,16,16,0,-128,8,0,1,100,0,288,296,16,16,0,-96,8,0,1,100,0,288,296,16,16,0,-152,-40,0,1,100,0,288,296,16,16,0,-176,-72,0,1,100,0,936,344,144,144,0,-152,-48,0,1,100,0,920,248,96,96,0,-120,-200,0,1,100,0,1112,0,56,208,0,-136,-232,0,1,100,0,976,192,56,56,0,-144,64,0,1,100,0,288,312,16,16,0,-192,56,0,1,100,0,288,312,16,16,0,-200,-64,0,1,100,0,288,312,16,16,0,-88,-32,0,1,100,0,288,312,16,16,0,-120,-48,0,1,100,0,304,296,16,16,0,-104,56,0,1,100,0,304,296,16,16,0,-184,-40,0,1,100,0,304,296,16,16,0,-224,40,0,1,100,0,304,296,16,16,0,-192,40,0,1,100,0,288,296,16,16,0,-128,48,0,1,100,0,288,296,16,16,0,-216,-32,0,1,100,0,288,296,16,16,0,-168,-184,0,1,100,0,1168,0,56,208,0,-224,-56,0,1,100,0,1080,344,144,144,0,-200,-32,0,1,100,0,1016,248,96,96,0,-144,-16,0,1,100,0,1112,248,96,96,0,-168,-40,0,1,100,0,1224,344,144,144,0,-288,-56,0,1,100,0,1112,248,96,96,0,-312,-80,0,1,100,0,1224,344,144,144,0,-248,-336,0,1,100,0,920,0,192,192,0,-248,-336,0,1,100,0,920,0,192,192,0,-24,-64,0,1,60,0,1152,488,72,72,0,-24,-64,0,0,100,0,648,432,72,72,0,-19,-8,0,0,65,0,360,0,48,16,0,
0,44,-136,-104,0,1,100,0,920,192,56,56,0,-264,-8,0,1,100,0,920,192,56,56,0,-160,0,0,1,100,0,920,192,56,56,0,-248,-64,0,1,100,0,920,192,56,56,0,-88,-40,0,1,100,0,920,192,56,56,0,-144,-184,0,1,100,0,608,304,48,48,0,-208,-192,0,1,100,0,608,304,48,48,0,-200,-216,0,1,100,0,920,192,56,56,0,-160,-208,0,1,100,0,920,192,56,56,0,-216,-192,0,1,100,0,1224,0,64,208,0,-200,-32,0,1,100,0,1112,248,96,96,0,-224,-56,0,1,100,0,1224,344,144,144,0,-232,-232,0,1,100,0,976,192,56,56,0,-176,32,0,1,100,0,288,312,16,16,0,-208,40,0,1,100,0,288,312,16,16,0,-216,-56,0,1,100,0,288,312,16,16,0,-136,-24,0,1,100,0,288,312,16,16,0,-152,-32,0,1,100,0,304,296,16,16,0,-144,32,0,1,100,0,304,296,16,16,0,-200,-32,0,1,100,0,304,296,16,16,0,-232,24,0,1,100,0,304,296,16,16,0,-200,16,0,1,100,0,288,296,16,16,0,-168,16,0,1,100,0,288,296,16,16,0,-224,-32,0,1,100,0,288,296,16,16,0,-248,-64,0,1,100,0,936,344,144,144,0,-224,-40,0,1,100,0,920,248,96,96,0,-96,48,0,1,100,0,288,312,16,16,0,-144,40,0,1,100,0,288,312,16,16,0,-152,-80,0,1,100,0,288,312,16,16,0,-40,-48,0,1,100,0,288,312,16,16,0,-72,-64,0,1,100,0,304,296,16,16,0,-56,40,0,1,100,0,304,296,16,16,0,-136,-56,0,1,100,0,304,296,16,16,0,-176,24,0,1,100,0,304,296,16,16,0,-144,24,0,1,100,0,288,296,16,16,0,-80,32,0,1,100,0,288,296,16,16,0,-168,-48,0,1,100,0,288,296,16,16,0,-120,-200,0,1,100,0,1168,0,56,208,0,-176,-72,0,1,100,0,1080,344,144,144,0,-152,-48,0,1,100,0,1016,248,96,96,0,-248,-336,0,1,100,0,920,0,192,192,0,-24,-64,0,1,100,0,1224,488,72,72,0,-24,-64,0,0,100,0,720,432,72,72,0,-19,-8,0,0,65,0,360,0,48,16,0,
0,61,-64,8,0,1,100,0,920,192,56,56,0,-320,-48,0,1,100,0,920,192,56,56,0,-232,-112,0,1,100,0,920,192,56,56,0,-104,-88,0,1,100,0,920,192,56,56,0,-248,8,0,1,100,0,920,192,56,56,0,-160,-32,0,1,100,0,920,192,56,56,0,-136,-104,0,1,100,0,976,192,56,56,0,-264,-8,0,1,100,0,976,192,56,56,0,-160,0,0,1,100,0,976,192,56,56,0,-248,-64,0,1,100,0,976,192,56,56,0,-88,-40,0,1,100,0,976,192,56,56,0,-168,-192,0,1,100,0,608,304,48,48,0,-184,-216,0,1,100,0,920,192,56,56,0,-136,-168,0,1,100,0,1224,0,64,208,0,-96,56,0,1,100,0,288,312,16,16,0,-128,64,0,1,100,0,288,312,16,16,0,-136,-32,0,1,100,0,288,312,16,16,0,-56,0,0,1,100,0,288,312,16,16,0,-72,-8,0,1,100,0,304,296,16,16,0,-64,56,0,1,100,0,304,296,16,16,0,-120,-8,0,1,100,0,304,296,16,16,0,-152,48,0,1,100,0,304,296,16,16,0,-120,40,0,1,100,0,288,296,16,16,0,-88,40,0,1,100,0,288,296,16,16,0,-144,-8,0,1,100,0,288,296,16,16,0,-168,-40,0,1,100,0,936,344,144,144,0,-144,-16,0,1,100,0,920,248,96,96,0,-240,16,0,1,100,0,288,312,16,16,0,-272,24,0,1,100,0,288,312,16,16,0,-280,-72,0,1,100,0,288,312,16,16,0,-200,-40,0,1,100,0,288,312,16,16,0,-216,-48,0,1,100,0,304,296,16,16,0,-208,16,0,1,100,0,304,296,16,16,0,-264,-48,0,1,100,0,304,296,16,16,0,-296,8,0,1,100,0,304,296,16,16,0,-264,0,0,1,100,0,288,296,16,16,0,-232,0,0,1,100,0,288,296,16,16,0,-288,-48,0,1,100,0,288,296,16,16,0,-312,-80,0,1,100,0,936,344,144,144,0,-288,-56,0,1,100,0,920,248,96,96,0,-256,-184,0,1,100,0,1352,0,80,208,0,-168,56,0,1,100,0,288,312,16,16,0,-216,48,0,1,100,0,288,312,16,16,0,-224,-72,0,1,100,0,288,312,16,16,0,-112,-40,0,1,100,0,288,312,16,16,0,-144,-56,0,1,100,0,304,296,16,16,0,-128,48,0,1,100,0,304,296,16,16,0,-208,-48,0,1,100,0,304,296,16,16,0,-248,32,0,1,100,0,304,296,16,16,0,-216,32,0,1,100,0,288,296,16,16,0,-152,40,0,1,100,0,288,296,16,16,0,-240,-40,0,1,100,0,288,296,16,16,0,-248,-64,0,1,100,0,1080,344,144,144,0,-224,-40,0,1,100,0,1016,248,96,96,0,-152,-48,0,1,100,0,1112,248,96,96,0,-176,-72,0,1,100,0,1224,344,144,144,0,-216,-192,0,1,100,0,1288,0,64,208,0,-248,-336,0,1,70,0,920,0,192,192,0,-24,-64,0,1,100,0,864,432,72,72,0,-24,-64,0,0,100,0,792,432,72,72,0,-18,-8,0,0,65,0,360,0,48,16,0,
0,65,-112,-8,0,1,100,0,920,192,56,56,0,-240,-32,0,1,100,0,920,192,56,56,0,-184,-104,0,1,100,0,920,192,56,56,0,-64,8,0,1,100,0,976,192,56,56,0,-320,-48,0,1,100,0,976,192,56,56,0,-232,-112,0,1,100,0,976,192,56,56,0,-104,-88,0,1,100,0,976,192,56,56,0,-248,8,0,1,100,0,976,192,56,56,0,-160,-32,0,1,100,0,976,192,56,56,0,-136,-104,0,1,100,0,1032,192,56,56,0,-264,-8,0,1,100,0,1032,192,56,56,0,-160,0,0,1,100,0,1032,192,56,56,0,-248,-64,0,1,100,0,1032,192,56,56,0,-88,-40,0,1,100,0,1032,192,56,56,0,-120,-208,0,1,100,0,608,304,48,48,0,-136,-232,0,1,100,0,920,192,56,56,0,-152,40,0,1,100,0,288,312,16,16,0,-184,48,0,1,100,0,288,312,16,16,0,-192,-48,0,1,100,0,288,312,16,16,0,-112,-16,0,1,100,0,288,312,16,16,0,-128,-24,0,1,100,0,304,296,16,16,0,-120,40,0,1,100,0,304,296,16,16,0,-176,-24,0,1,100,0,304,296,16,16,0,-208,32,0,1,100,0,304,296,16,16,0,-176,24,0,1,100,0,288,296,16,16,0,-144,24,0,1,100,0,288,296,16,16,0,-200,-24,0,1,100,0,288,296,16,16,0,-224,-56,0,1,100,0,936,344,144,144,0,-200,-32,0,1,100,0,920,248,96,96,0,-168,-184,0,1,100,0,1112,0,56,208,0,-184,-216,0,1,100,0,976,192,56,56,0,-232,40,0,1,100,0,288,312,16,16,0,-280,32,0,1,100,0,288,312,16,16,0,-288,-88,0,1,100,0,288,312,16,16,0,-176,-56,0,1,100,0,288,312,16,16,0,-208,-72,0,1,100,0,304,296,16,16,0,-192,32,0,1,100,0,304,296,16,16,0,-272,-64,0,1,100,0,304,296,16,16,0,-312,16,0,1,100,0,304,296,16,16,0,-280,16,0,1,100,0,288,296,16,16,0,-216,24,0,1,100,0,288,296,16,16,0,-304,-56,0,1,100,0,288,296,16,16,0,-312,-80,0,1,100,0,1080,344,144,144,0,-288,-56,0,1,100,0,1016,248,96,96,0,-256,-184,0,1,100,0,1432,0,80,208,0,-88,80,0,1,100,0,288,312,16,16,0,-136,72,0,1,100,0,288,312,16,16,0,-144,-48,0,1,100,0,288,312,16,16,0,-32,-16,0,1,100,0,288,312,16,16,0,-64,-32,0,1,100,0,304,296,16,16,0,-48,72,0,1,100,0,304,296,16,16,0,-128,-24,0,1,100,0,304,296,16,16,0,-168,56,0,1,100,0,304,296,16,16,0,-136,56,0,1,100,0,288,296,16,16,0,-72,64,0,1,100,0,288,296,16,16,0,-160,-16,0,1,100,0,288,296,16,16,0,-168,-40,0,1,100,0,1080,344,144,144,0,-144,-16,0,1,100,0,1016,248,96,96,0,-224,-40,0,1,100,0,1112,248,96,96,0,-248,-64,0,1,100,0,1224,344,144,144,0,-136,-168,0,1,100,0,1288,0,64,208,0,-248,-336,0,1,100,0,920,0,192,192,0,-24,-64,0,1,100,0,1368,488,72,72,0,-24,-64,0,0,100,0,72,504,72,72,0,-18,-8,0,0,65,0,360,0,48,16,0,
0,47,-112,-8,0,1,100,0,976,192,56,56,0,-240,-32,0,1,100,0,976,192,56,56,0,-184,-104,0,1,100,0,976,192,56,56,0,-64,8,0,1,100,0,1032,192,56,56,0,-320,-48,0,1,100,0,1032,192,56,56,0,-232,-112,0,1,100,0,1032,192,56,56,0,-104,-88,0,1,100,0,1032,192,56,56,0,-248,8,0,1,100,0,1032,192,56,56,0,-160,-32,0,1,100,0,1032,192,56,56,0,-104,24,0,1,100,0,288,312,16,16,0,-136,32,0,1,100,0,288,312,16,16,0,-144,-64,0,1,100,0,288,312,16,16,0,-64,-32,0,1,100,0,288,312,16,16,0,-80,-40,0,1,100,0,304,296,16,16,0,-72,24,0,1,100,0,304,296,16,16,0,-128,-40,0,1,100,0,304,296,16,16,0,-160,16,0,1,100,0,304,296,16,16,0,-128,8,0,1,100,0,288,296,16,16,0,-96,8,0,1,100,0,288,296,16,16,0,-152,-40,0,1,100,0,288,296,16,16,0,-176,-72,0,1,100,0,936,344,144,144,0,-152,-48,0,1,100,0,920,248,96,96,0,-120,-200,0,1,100,0,1112,0,56,208,0,-136,-232,0,1,100,0,976,192,56,56,0,-144,64,0,1,100,0,288,312,16,16,0,-192,56,0,1,100,0,288,312,16,16,0,-200,-64,0,1,100,0,288,312,16,16,0,-88,-32,0,1,100,0,288,312,16,16,0,-120,-48,0,1,100,0,304,296,16,16,0,-104,56,0,1,100,0,304,296,16,16,0,-184,-40,0,1,100,0,304,296,16,16,0,-224,40,0,1,100,0,304,296,16,16,0,-192,40,0,1,100,0,288,296,16,16,0,-128,48,0,1,100,0,288,296,16,16,0,-216,-32,0,1,100,0,288,296,16,16,0,-168,-184,0,1,100,0,1168,0,56,208,0,-224,-56,0,1,100,0,1080,344,144,144,0,-200,-32,0,1,100,0,1016,248,96,96,0,-144,-16,0,1,100,0,1112,248,96,96,0,-168,-40,0,1,100,0,1224,344,144,144,0,-288,-56,0,1,100,0,1112,248,96,96,0,-312,-80,0,1,100,0,1224,344,144,144,0,-248,-336,0,1,100,0,920,0,192,192,0,-248,-336,0,1,100,0,920,0,192,192,0,-24,-64,0,1,100,0,1440,488,72,72,0,-24,-64,0,0,100,0,144,504,72,72,0,-18,-8,0,0,65,0,360,0,48,16,0,
0,47,-112,-8,0,1,100,0,1032,192,56,56,0,-240,-32,0,1,100,0,1032,192,56,56,0,-184,-104,0,1,100,0,1032,192,56,56,0,-136,-104,0,1,100,0,920,192,56,56,0,-264,-8,0,1,100,0,920,192,56,56,0,-160,0,0,1,100,0,920,192,56,56,0,-248,-64,0,1,100,0,920,192,56,56,0,-88,-40,0,1,100,0,920,192,56,56,0,-144,-184,0,1,100,0,608,304,48,48,0,-208,-192,0,1,100,0,608,304,48,48,0,-200,-216,0,1,100,0,920,192,56,56,0,-160,-208,0,1,100,0,920,192,56,56,0,-216,-192,0,1,100,0,1224,0,64,208,0,-200,-32,0,1,100,0,1112,248,96,96,0,-224,-56,0,1,100,0,1224,344,144,144,0,-232,-232,0,1,100,0,976,192,56,56,0,-176,32,0,1,100,0,288,312,16,16,0,-208,40,0,1,100,0,288,312,16,16,0,-216,-56,0,1,100,0,288,312,16,16,0,-136,-24,0,1,100,0,288,312,16,16,0,-152,-32,0,1,100,0,304,296,16,16,0,-144,32,0,1,100,0,304,296,16,16,0,-200,-32,0,1,100,0,304,296,16,16,0,-232,24,0,1,100,0,304,296,16,16,0,-200,16,0,1,100,0,288,296,16,16,0,-168,16,0,1,100,0,288,296,16,16,0,-224,-32,0,1,100,0,288,296,16,16,0,-248,-64,0,1,100,0,936,344,144,144,0,-224,-40,0,1,100,0,920,248,96,96,0,-96,48,0,1,100,0,288,312,16,16,0,-144,40,0,1,100,0,288,312,16,16,0,-152,-80,0,1,100,0,288,312,16,16,0,-40,-48,0,1,100,0,288,312,16,16,0,-72,-64,0,1,100,0,304,296,16,16,0,-56,40,0,1,100,0,304,296,16,16,0,-136,-56,0,1,100,0,304,296,16,16,0,-176,24,0,1,100,0,304,296,16,16,0,-144,24,0,1,100,0,288,296,16,16,0,-80,32,0,1,100,0,288,296,16,16,0,-168,-48,0,1,100,0,288,296,16,16,0,-120,-200,0,1,100,0,1168,0,56,208,0,-176,-72,0,1,100,0,1080,344,144,144,0,-152,-48,0,1,100,0,1016,248,96,96,0,-248,-336,0,1,100,0,920,0,192,192,0,-24,-64,0,1,100,0,1512,488,72,72,0,-24,-64,0,0,100,0,216,504,72,72,0,-18,-8,0,0,65,0,360,0,48,16,0,
0,61,-64,8,0,1,100,0,920,192,56,56,0,-320,-48,0,1,100,0,920,192,56,56,0,-232,-112,0,1,100,0,920,192,56,56,0,-104,-88,0,1,100,0,920,192,56,56,0,-248,8,0,1,100,0,920,192,56,56,0,-160,-32,0,1,100,0,920,192,56,56,0,-136,-104,0,1,100,0,976,192,56,56,0,-264,-8,0,1,100,0,976,192,56,56,0,-160,0,0,1,100,0,976,192,56,56,0,-248,-64,0,1,100,0,976,192,56,56,0,-88,-40,0,1,100,0,976,192,56,56,0,-168,-192,0,1,100,0,608,304,48,48,0,-184,-216,0,1,100,0,920,192,56,56,0,-136,-168,0,1,100,0,1224,0,64,208,0,-96,56,0,1,100,0,288,312,16,16,0,-128,64,0,1,100,0,288,312,16,16,0,-136,-32,0,1,100,0,288,312,16,16,0,-56,0,0,1,100,0,288,312,16,16,0,-72,-8,0,1,100,0,304,296,16,16,0,-64,56,0,1,100,0,304,296,16,16,0,-120,-8,0,1,100,0,304,296,16,16,0,-152,48,0,1,100,0,304,296,16,16,0,-120,40,0,1,100,0,288,296,16,16,0,-88,40,0,1,100,0,288,296,16,16,0,-144,-8,0,1,100,0,288,296,16,16,0,-168,-40,0,1,100,0,936,344,144,144,0,-144,-16,0,1,100,0,920,248,96,96,0,-240,16,0,1,100,0,288,312,16,16,0,-272,24,0,1,100,0,288,312,16,16,0,-280,-72,0,1,100,0,288,312,16,16,0,-200,-40,0,1,100,0,288,312,16,16,0,-216,-48,0,1,100,0,304,296,16,16,0,-208,16,0,1,100,0,304,296,16,16,0,-264,-48,0,1,100,0,304,296,16,16,0,-296,8,0,1,100,0,304,296,16,16,0,-264,0,0,1,100,0,288,296,16,16,0,-232,0,0,1,100,0,288,296,16,16,0,-288,-48,0,1,100,0,288,296,16,16,0,-312,-80,0,1,100,0,936,344,144,144,0,-288,-56,0,1,100,0,920,248,96,96,0,-256,-184,0,1,100,0,1352,0,80,208,0,-168,56,0,1,100,0,288,312,16,16,0,-216,48,0,1,100,0,288,312,16,16,0,-224,-72,0,1,100,0,288,312,16,16,0,-112,-40,0,1,100,0,288,312,16,16,0,-144,-56,0,1,100,0,304,296,16,16,0,-128,48,0,1,100,0,304,296,16,16,0,-208,-48,0,1,100,0,304,296,16,16,0,-248,32,0,1,100,0,304,296,16,16,0,-216,32,0,1,100,0,288,296,16,16,0,-152,40,0,1,100,0,288,296,16,16,0,-240,-40,0,1,100,0,288,296,16,16,0,-248,-64,0,1,100,0,1080,344,144,144,0,-224,-40,0,1,100,0,1016,248,96,96,0,-152,-48,0,1,100,0,1112,248,96,96,0,-176,-72,0,1,100,0,1224,344,144,144,0,-216,-192,0,1,100,0,1288,0,64,208,0,-248,-336,0,1,70,0,920,0,192,192,0,-24,-64,0,1,100,0,1296,488,72,72,0,-24,-64,0,0,100,0,0,504,72,72,0,-18,-8,0,0,65,0,360,0,48,16,0,
0,65,-112,-8,0,1,100,0,920,192,56,56,0,-240,-32,0,1,100,0,920,192,56,56,0,-184,-104,0,1,100,0,920,192,56,56,0,-64,8,0,1,100,0,976,192,56,56,0,-320,-48,0,1,100,0,976,192,56,56,0,-232,-112,0,1,100,0,976,192,56,56,0,-104,-88,0,1,100,0,976,192,56,56,0,-248,8,0,1,100,0,976,192,56,56,0,-160,-32,0,1,100,0,976,192,56,56,0,-136,-104,0,1,100,0,1032,192,56,56,0,-264,-8,0,1,100,0,1032,192,56,56,0,-160,0,0,1,100,0,1032,192,56,56,0,-248,-64,0,1,100,0,1032,192,56,56,0,-88,-40,0,1,100,0,1032,192,56,56,0,-120,-208,0,1,100,0,608,304,48,48,0,-136,-232,0,1,100,0,920,192,56,56,0,-152,40,0,1,100,0,288,312,16,16,0,-184,48,0,1,100,0,288,312,16,16,0,-192,-48,0,1,100,0,288,312,16,16,0,-112,-16,0,1,100,0,288,312,16,16,0,-128,-24,0,1,100,0,304,296,16,16,0,-120,40,0,1,100,0,304,296,16,16,0,-176,-24,0,1,100,0,304,296,16,16,0,-208,32,0,1,100,0,304,296,16,16,0,-176,24,0,1,100,0,288,296,16,16,0,-144,24,0,1,100,0,288,296,16,16,0,-200,-24,0,1,100,0,288,296,16,16,0,-224,-56,0,1,100,0,936,344,144,144,0,-200,-32,0,1,100,0,920,248,96,96,0,-168,-184,0,1,100,0,1112,0,56,208,0,-184,-216,0,1,100,0,976,192,56,56,0,-232,40,0,1,100,0,288,312,16,16,0,-280,32,0,1,100,0,288,312,16,16,0,-288,-88,0,1,100,0,288,312,16,16,0,-176,-56,0,1,100,0,288,312,16,16,0,-208,-72,0,1,100,0,304,296,16,16,0,-192,32,0,1,100,0,304,296,16,16,0,-272,-64,0,1,100,0,304,296,16,16,0,-312,16,0,1,100,0,304,296,16,16,0,-280,16,0,1,100,0,288,296,16,16,0,-216,24,0,1,100,0,288,296,16,16,0,-304,-56,0,1,100,0,288,296,16,16,0,-312,-80,0,1,100,0,1080,344,144,144,0,-288,-56,0,1,100,0,1016,248,96,96,0,-256,-184,0,1,100,0,1432,0,80,208,0,-88,80,0,1,100,0,288,312,16,16,0,-136,72,0,1,100,0,288,312,16,16,0,-144,-48,0,1,100,0,288,312,16,16,0,-32,-16,0,1,100,0,288,312,16,16,0,-64,-32,0,1,100,0,304,296,16,16,0,-48,72,0,1,100,0,304,296,16,16,0,-128,-24,0,1,100,0,304,296,16,16,0,-168,56,0,1,100,0,304,296,16,16,0,-136,56,0,1,100,0,288,296,16,16,0,-72,64,0,1,100,0,288,296,16,16,0,-160,-16,0,1,100,0,288,296,16,16,0,-168,-40,0,1,100,0,1080,344,144,144,0,-144,-16,0,1,100,0,1016,248,96,96,0,-224,-40,0,1,100,0,1112,248,96,96,0,-248,-64,0,1,100,0,1224,344,144,144,0,-136,-168,0,1,100,0,1288,0,64,208,0,-248,-336,0,1,100,0,920,0,192,192,0,-24,-64,0,1,100,0,1368,488,72,72,0,-24,-64,0,0,100,0,72,504,72,72,0,-18,-8,0,0,65,0,360,0,48,16,0,
0,47,-112,-8,0,1,100,0,976,192,56,56,0,-240,-32,0,1,100,0,976,192,56,56,0,-184,-104,0,1,100,0,976,192,56,56,0,-64,8,0,1,100,0,1032,192,56,56,0,-320,-48,0,1,100,0,1032,192,56,56,0,-232,-112,0,1,100,0,1032,192,56,56,0,-104,-88,0,1,100,0,1032,192,56,56,0,-248,8,0,1,100,0,1032,192,56,56,0,-160,-32,0,1,100,0,1032,192,56,56,0,-104,24,0,1,100,0,288,312,16,16,0,-136,32,0,1,100,0,288,312,16,16,0,-144,-64,0,1,100,0,288,312,16,16,0,-64,-32,0,1,100,0,288,312,16,16,0,-80,-40,0,1,100,0,304,296,16,16,0,-72,24,0,1,100,0,304,296,16,16,0,-128,-40,0,1,100,0,304,296,16,16,0,-160,16,0,1,100,0,304,296,16,16,0,-128,8,0,1,100,0,288,296,16,16,0,-96,8,0,1,100,0,288,296,16,16,0,-152,-40,0,1,100,0,288,296,16,16,0,-176,-72,0,1,100,0,936,344,144,144,0,-152,-48,0,1,100,0,920,248,96,96,0,-120,-200,0,1,100,0,1112,0,56,208,0,-136,-232,0,1,100,0,976,192,56,56,0,-144,64,0,1,100,0,288,312,16,16,0,-192,56,0,1,100,0,288,312,16,16,0,-200,-64,0,1,100,0,288,312,16,16,0,-88,-32,0,1,100,0,288,312,16,16,0,-120,-48,0,1,100,0,304,296,16,16,0,-104,56,0,1,100,0,304,296,16,16,0,-184,-40,0,1,100,0,304,296,16,16,0,-224,40,0,1,100,0,304,296,16,16,0,-192,40,0,1,100,0,288,296,16,16,0,-128,48,0,1,100,0,288,296,16,16,0,-216,-32,0,1,100,0,288,296,16,16,0,-168,-184,0,1,100,0,1168,0,56,208,0,-224,-56,0,1,100,0,1080,344,144,144,0,-200,-32,0,1,100,0,1016,248,96,96,0,-144,-16,0,1,100,0,1112,248,96,96,0,-168,-40,0,1,100,0,1224,344,144,144,0,-288,-56,0,1,100,0,1112,248,96,96,0,-312,-80,0,1,100,0,1224,344,144,144,0,-248,-336,0,1,100,0,920,0,192,192,0,-248,-336,0,1,100,0,920,0,192,192,0,-24,-64,0,1,100,0,1440,488,72,72,0,-24,-64,0,0,100,0,144,504,72,72,0,-18,-8,0,0,65,0,360,0,48,16,0,
0,47,-112,-8,0,1,100,0,1032,192,56,56,0,-240,-32,0,1,100,0,1032,192,56,56,0,-184,-104,0,1,100,0,1032,192,56,56,0,-136,-104,0,1,100,0,920,192,56,56,0,-264,-8,0,1,100,0,920,192,56,56,0,-160,0,0,1,100,0,920,192,56,56,0,-248,-64,0,1,100,0,920,192,56,56,0,-88,-40,0,1,100,0,920,192,56,56,0,-144,-184,0,1,100,0,608,304,48,48,0,-208,-192,0,1,100,0,608,304,48,48,0,-200,-216,0,1,100,0,920,192,56,56,0,-160,-208,0,1,100,0,920,192,56,56,0,-216,-192,0,1,100,0,1224,0,64,208,0,-200,-32,0,1,100,0,1112,248,96,96,0,-224,-56,0,1,100,0,1224,344,144,144,0,-232,-232,0,1,100,0,976,192,56,56,0,-176,32,0,1,100,0,288,312,16,16,0,-208,40,0,1,100,0,288,312,16,16,0,-216,-56,0,1,100,0,288,312,16,16,0,-136,-24,0,1,100,0,288,312,16,16,0,-152,-32,0,1,100,0,304,296,16,16,0,-144,32,0,1,100,0,304,296,16,16,0,-200,-32,0,1,100,0,304,296,16,16,0,-232,24,0,1,100,0,304,296,16,16,0,-200,16,0,1,100,0,288,296,16,16,0,-168,16,0,1,100,0,288,296,16,16,0,-224,-32,0,1,100,0,288,296,16,16,0,-248,-64,0,1,100,0,936,344,144,144,0,-224,-40,0,1,100,0,920,248,96,96,0,-96,48,0,1,100,0,288,312,16,16,0,-144,40,0,1,100,0,288,312,16,16,0,-152,-80,0,1,100,0,288,312,16,16,0,-40,-48,0,1,100,0,288,312,16,16,0,-72,-64,0,1,100,0,304,296,16,16,0,-56,40,0,1,100,0,304,296,16,16,0,-136,-56,0,1,100,0,304,296,16,16,0,-176,24,0,1,100,0,304,296,16,16,0,-144,24,0,1,100,0,288,296,16,16,0,-80,32,0,1,100,0,288,296,16,16,0,-168,-48,0,1,100,0,288,296,16,16,0,-120,-200,0,1,100,0,1168,0,56,208,0,-176,-72,0,1,100,0,1080,344,144,144,0,-152,-48,0,1,100,0,1016,248,96,96,0,-248,-336,0,1,100,0,920,0,192,192,0,-24,-64,0,1,100,0,1512,488,72,72,0,-24,-64,0,0,100,0,216,504,72,72,0,-18,-8,0,0,65,0,360,0,48,16,0,
0,61,-64,8,0,1,100,0,920,192,56,56,0,-320,-48,0,1,100,0,920,192,56,56,0,-232,-112,0,1,100,0,920,192,56,56,0,-104,-88,0,1,100,0,920,192,56,56,0,-248,8,0,1,100,0,920,192,56,56,0,-160,-32,0,1,100,0,920,192,56,56,0,-136,-104,0,1,100,0,976,192,56,56,0,-264,-8,0,1,100,0,976,192,56,56,0,-160,0,0,1,100,0,976,192,56,56,0,-248,-64,0,1,100,0,976,192,56,56,0,-88,-40,0,1,100,0,976,192,56,56,0,-168,-192,0,1,100,0,608,304,48,48,0,-184,-216,0,1,100,0,920,192,56,56,0,-136,-168,0,1,100,0,1224,0,64,208,0,-96,56,0,1,100,0,288,312,16,16,0,-128,64,0,1,100,0,288,312,16,16,0,-136,-32,0,1,100,0,288,312,16,16,0,-56,0,0,1,100,0,288,312,16,16,0,-72,-8,0,1,100,0,304,296,16,16,0,-64,56,0,1,100,0,304,296,16,16,0,-120,-8,0,1,100,0,304,296,16,16,0,-152,48,0,1,100,0,304,296,16,16,0,-120,40,0,1,100,0,288,296,16,16,0,-88,40,0,1,100,0,288,296,16,16,0,-144,-8,0,1,100,0,288,296,16,16,0,-168,-40,0,1,100,0,936,344,144,144,0,-144,-16,0,1,100,0,920,248,96,96,0,-240,16,0,1,100,0,288,312,16,16,0,-272,24,0,1,100,0,288,312,16,16,0,-280,-72,0,1,100,0,288,312,16,16,0,-200,-40,0,1,100,0,288,312,16,16,0,-216,-48,0,1,100,0,304,296,16,16,0,-208,16,0,1,100,0,304,296,16,16,0,-264,-48,0,1,100,0,304,296,16,16,0,-296,8,0,1,100,0,304,296,16,16,0,-264,0,0,1,100,0,288,296,16,16,0,-232,0,0,1,100,0,288,296,16,16,0,-288,-48,0,1,100,0,288,296,16,16,0,-312,-80,0,1,100,0,936,344,144,144,0,-288,-56,0,1,100,0,920,248,96,96,0,-256,-184,0,1,100,0,1352,0,80,208,0,-168,56,0,1,100,0,288,312,16,16,0,-216,48,0,1,100,0,288,312,16,16,0,-224,-72,0,1,100,0,288,312,16,16,0,-112,-40,0,1,100,0,288,312,16,16,0,-144,-56,0,1,100,0,304,296,16,16,0,-128,48,0,1,100,0,304,296,16,16,0,-208,-48,0,1,100,0,304,296,16,16,0,-248,32,0,1,100,0,304,296,16,16,0,-216,32,0,1,100,0,288,296,16,16,0,-152,40,0,1,100,0,288,296,16,16,0,-240,-40,0,1,100,0,288,296,16,16,0,-248,-64,0,1,100,0,1080,344,144,144,0,-224,-40,0,1,100,0,1016,248,96,96,0,-152,-48,0,1,100,0,1112,248,96,96,0,-176,-72,0,1,100,0,1224,344,144,144,0,-216,-192,0,1,100,0,1288,0,64,208,0,-248,-336,0,1,70,0,920,0,192,192,0,-24,-64,0,1,80,0,1296,488,72,72,0,-24,-64,0,0,100,0,0,504,72,72,0,-18,-8,0,0,65,0,360,0,48,16,0,
0,60,-64,8,0,1,100,0,976,192,56,56,0,-320,-48,0,1,100,0,976,192,56,56,0,-232,-112,0,1,100,0,976,192,56,56,0,-104,-88,0,1,100,0,976,192,56,56,0,-248,8,0,1,100,0,976,192,56,56,0,-160,-32,0,1,100,0,976,192,56,56,0,-136,-104,0,1,100,0,1032,192,56,56,0,-264,-8,0,1,100,0,1032,192,56,56,0,-160,0,0,1,100,0,1032,192,56,56,0,-248,-64,0,1,100,0,1032,192,56,56,0,-88,-40,0,1,100,0,1032,192,56,56,0,-152,40,0,1,100,0,288,312,16,16,0,-184,48,0,1,100,0,288,312,16,16,0,-192,-48,0,1,100,0,288,312,16,16,0,-112,-16,0,1,100,0,288,312,16,16,0,-128,-24,0,1,100,0,304,296,16,16,0,-120,40,0,1,100,0,304,296,16,16,0,-176,-24,0,1,100,0,304,296,16,16,0,-208,32,0,1,100,0,304,296,16,16,0,-176,24,0,1,100,0,288,296,16,16,0,-144,24,0,1,100,0,288,296,16,16,0,-200,-24,0,1,100,0,288,296,16,16,0,-224,-56,0,1,100,0,936,344,144,144,0,-200,-32,0,1,100,0,920,248,96,96,0,-168,-184,0,1,100,0,1112,0,56,208,0,-184,-216,0,1,100,0,976,192,56,56,0,-232,40,0,1,100,0,288,312,16,16,0,-280,32,0,1,100,0,288,312,16,16,0,-288,-88,0,1,100,0,288,312,16,16,0,-176,-56,0,1,100,0,288,312,16,16,0,-208,-72,0,1,100,0,304,296,16,16,0,-192,32,0,1,100,0,304,296,16,16,0,-272,-64,0,1,100,0,304,296,16,16,0,-312,16,0,1,100,0,304,296,16,16,0,-280,16,0,1,100,0,288,296,16,16,0,-216,24,0,1,100,0,288,296,16,16,0,-304,-56,0,1,100,0,288,296,16,16,0,-312,-80,0,1,100,0,1080,344,144,144,0,-288,-56,0,1,100,0,1016,248,96,96,0,-256,-184,0,1,100,0,1432,0,80,208,0,-88,80,0,1,100,0,288,312,16,16,0,-136,72,0,1,100,0,288,312,16,16,0,-144,-48,0,1,100,0,288,312,16,16,0,-32,-16,0,1,100,0,288,312,16,16,0,-64,-32,0,1,100,0,304,296,16,16,0,-48,72,0,1,100,0,304,296,16,16,0,-128,-24,0,1,100,0,304,296,16,16,0,-168,56,0,1,100,0,304,296,16,16,0,-136,56,0,1,100,0,288,296,16,16,0,-72,64,0,1,100,0,288,296,16,16,0,-160,-16,0,1,100,0,288,296,16,16,0,-168,-40,0,1,100,0,1080,344,144,144,0,-144,-16,0,1,100,0,1016,248,96,96,0,-224,-40,0,1,100,0,1112,248,96,96,0,-248,-64,0,1,100,0,1224,344,144,144,0,-136,-168,0,1,100,0,1288,0,64,208,0,-248,-336,0,1,100,0,920,0,192,192,0,-24,-64,0,1,60,0,1368,488,72,72,0,-24,-64,0,0,100,0,72,504,72,72,0,-18,-8,0,0,65,0,360,0,48,16,0,
0,29,-64,8,0,1,100,0,1032,192,56,56,0,-320,-48,0,1,100,0,1032,192,56,56,0,-232,-112,0,1,100,0,1032,192,56,56,0,-104,-88,0,1,100,0,1032,192,56,56,0,-248,8,0,1,100,0,1032,192,56,56,0,-160,-32,0,1,100,0,1032,192,56,56,0,-144,64,0,1,100,0,288,312,16,16,0,-192,56,0,1,100,0,288,312,16,16,0,-200,-64,0,1,100,0,288,312,16,16,0,-88,-32,0,1,100,0,288,312,16,16,0,-120,-48,0,1,100,0,304,296,16,16,0,-104,56,0,1,100,0,304,296,16,16,0,-184,-40,0,1,100,0,304,296,16,16,0,-224,40,0,1,100,0,304,296,16,16,0,-192,40,0,1,100,0,288,296,16,16,0,-128,48,0,1,100,0,288,296,16,16,0,-216,-32,0,1,100,0,288,296,16,16,0,-168,-184,0,1,100,0,1168,0,56,208,0,-224,-56,0,1,100,0,1080,344,144,144,0,-200,-32,0,1,100,0,1016,248,96,96,0,-144,-16,0,1,100,0,1112,248,96,96,0,-168,-40,0,1,100,0,1224,344,144,144,0,-288,-56,0,1,100,0,1112,248,96,96,0,-312,-80,0,1,100,0,1224,344,144,144,0,-248,-336,0,1,100,0,920,0,192,192,0,-248,-336,0,1,100,0,920,0,192,192,0,-24,-64,0,1,40,0,1440,488,72,72,0,-24,-64,0,0,100,0,144,504,72,72,0,-18,-8,0,0,65,0,360,0,48,16,0,
0,6,-200,-32,0,1,100,0,1112,248,96,96,0,-224,-56,0,1,100,0,1224,344,144,144,0,-248,-336,0,1,100,0,920,0,192,192,0,-24,-64,0,1,20,0,1224,488,72,72,0,-24,-64,0,0,100,0,288,504,72,72,0,-19,-8,0,0,65,0,360,0,48,16,0,
0,3,-248,-336,0,1,70,0,920,0,192,192,0,-32,-64,0,0,100,0,360,504,72,72,0,-22,-8,0,0,65,0,360,0,48,16,0,
0,3,-248,-336,0,1,40,0,920,0,192,192,0,-32,-64,0,0,100,0,432,504,72,72,0,-23,-8,0,0,65,0,360,0,48,16,0,
0,21,-248,-336,0,1,20,0,920,0,192,192,0,-14,-70,0,1,50,0,600,128,16,16,0,0,-58,0,1,50,0,600,128,16,16,0,26,-26,0,1,50,0,600,128,16,16,0,-4,-77,0,1,50,0,600,128,16,16,0,-39,-46,0,1,50,0,600,128,16,16,0,-20,-58,0,1,50,0,600,128,16,16,0,27,-31,0,1,50,0,568,128,16,16,0,-31,-48,0,1,50,0,568,128,16,16,0,-36,-60,0,1,50,0,568,128,16,16,0,-27,-13,0,1,50,0,568,128,16,16,0,-45,-35,0,1,50,0,568,128,16,16,0,-32,-72,0,1,50,0,568,128,16,16,0,-33,-24,0,1,50,0,584,128,16,16,0,7,-10,0,1,50,0,584,128,16,16,0,21,-31,0,1,50,0,584,128,16,16,0,12,-71,0,1,50,0,584,128,16,16,0,-40,-72,0,1,50,0,408,168,80,80,0,-16,-56,0,1,50,0,360,32,24,24,0,-32,-64,0,0,100,0,504,504,72,72,0,-24,-8,0,0,65,0,360,0,48,16,0,
0,20,-11,-71,0,1,50,0,600,128,16,16,0,2,-56,0,1,50,0,600,128,16,16,0,25,-24,0,1,50,0,600,128,16,16,0,-1,-76,0,1,50,0,600,128,16,16,0,-39,-49,0,1,50,0,600,128,16,16,0,-17,-60,0,1,50,0,600,128,16,16,0,27,-29,0,1,50,0,568,128,16,16,0,-33,-54,0,1,50,0,568,128,16,16,0,-37,-65,0,1,50,0,568,128,16,16,0,-30,-12,0,1,50,0,568,128,16,16,0,-46,-39,0,1,50,0,568,128,16,16,0,-30,-74,0,1,50,0,568,128,16,16,0,-36,-23,0,1,50,0,584,128,16,16,0,6,-8,0,1,50,0,584,128,16,16,0,20,-29,0,1,50,0,584,128,16,16,0,14,-70,0,1,50,0,584,128,16,16,0,-40,-72,0,1,50,0,664,248,80,80,0,-16,-56,0,1,50,0,360,32,24,24,0,-32,-64,0,0,100,0,0,360,72,72,0,-24,-8,0,0,65,0,360,0,48,16,0,
0,36,-17,-68,0,1,5,0,600,128,16,16,0,-2,-60,0,1,5,0,600,128,16,16,0,25,-29,0,1,5,0,600,128,16,16,0,-7,-75,0,1,5,0,600,128,16,16,0,-37,-43,0,1,5,0,600,128,16,16,0,-22,-56,0,1,5,0,600,128,16,16,0,25,-34,0,1,5,0,568,128,16,16,0,-29,-45,0,1,5,0,568,128,16,16,0,-36,-57,0,1,5,0,568,128,16,16,0,-24,-14,0,1,5,0,568,128,16,16,0,-44,-32,0,1,5,0,568,128,16,16,0,-34,-68,0,1,5,0,568,128,16,16,0,-30,-21,0,1,5,0,584,128,16,16,0,9,-12,0,1,5,0,584,128,16,16,0,21,-34,0,1,5,0,584,128,16,16,0,9,-72,0,1,5,0,584,128,16,16,0,-5,-76,0,1,20,0,600,128,16,16,0,9,-54,0,1,20,0,600,128,16,16,0,26,-13,0,1,20,0,600,128,16,16,0,3,-85,0,1,20,0,600,128,16,16,0,-45,-58,0,1,20,0,600,128,16,16,0,-11,-63,0,1,20,0,600,128,16,16,0,33,-24,0,1,20,0,568,128,16,16,0,-34,-61,0,1,20,0,568,128,16,16,0,-37,-71,0,1,20,0,568,128,16,16,0,-38,-10,0,1,20,0,568,128,16,16,0,-47,-46,0,1,20,0,568,128,16,16,0,-26,-80,0,1,20,0,568,128,16,16,0,-40,-21,0,1,20,0,584,128,16,16,0,5,-2,0,1,20,0,584,128,16,16,0,21,-20,0,1,20,0,584,128,16,16,0,23,-69,0,1,20,0,584,128,16,16,0,-42,-73,0,1,20,0,744,248,80,80,0,-16,-56,0,1,20,0,360,32,24,24,0,-32,-64,0,0,100,0,144,360,72,72,0,-24,-8,0,0,65,0,360,0,48,16,0,
0,21,-48,-112,0,1,100,0,1304,248,96,96,0,-5,-76,0,1,10,0,600,128,16,16,0,9,-54,0,1,10,0,600,128,16,16,0,26,-13,0,1,10,0,600,128,16,16,0,3,-85,0,1,10,0,600,128,16,16,0,-45,-58,0,1,10,0,600,128,16,16,0,-11,-63,0,1,10,0,600,128,16,16,0,33,-24,0,1,10,0,568,128,16,16,0,-34,-61,0,1,10,0,568,128,16,16,0,-37,-71,0,1,10,0,568,128,16,16,0,-38,-10,0,1,10,0,568,128,16,16,0,-47,-46,0,1,10,0,568,128,16,16,0,-26,-80,0,1,10,0,568,128,16,16,0,-40,-21,0,1,10,0,584,128,16,16,0,5,-2,0,1,10,0,584,128,16,16,0,21,-20,0,1,10,0,584,128,16,16,0,23,-69,0,1,10,0,584,128,16,16,0,-42,-73,0,1,10,0,744,248,80,80,0,-16,-56,0,1,10,0,360,32,24,24,0,-32,-88,0,0,100,0,0,576,72,72,0,-24,-8,0,0,46,0,360,16,48,16,0,
0,10,-96,-96,0,1,100,0,288,312,16,16,0,-176,-176,0,1,100,0,304,296,16,16,0,-144,-64,0,1,100,0,304,296,16,16,0,-112,-168,0,1,100,0,288,296,16,16,0,-200,-104,0,1,100,0,288,296,16,16,0,-48,-112,0,1,100,0,1208,248,96,96,0,-184,-160,0,1,100,0,920,248,96,96,0,-208,-184,0,1,100,0,1080,344,144,144,0,-32,-95,0,0,100,0,72,576,72,72,0,-24,-8,0,0,46,0,360,16,48,16,0,
0,10,-48,-112,0,1,100,0,1016,248,96,96,0,-184,-160,0,1,100,0,1112,248,96,96,0,-208,-184,0,1,100,0,936,344,144,144,0,-80,-88,0,1,100,0,288,312,16,16,0,-184,-200,0,1,100,0,304,296,16,16,0,-144,-40,0,1,100,0,304,296,16,16,0,-96,-192,0,1,100,0,288,296,16,16,0,-224,-96,0,1,100,0,288,296,16,16,0,-32,-94,0,0,100,0,144,576,72,72,0,-24,-8,0,0,46,0,360,16,48,16,0,
0,36,-64,-96,0,1,100,0,288,312,16,16,0,-232,-80,0,1,100,0,288,312,16,16,0,-80,-184,0,1,100,0,304,296,16,16,0,-144,-24,0,1,100,0,304,296,16,16,0,-176,-48,0,1,100,0,288,296,16,16,0,-240,-112,0,1,100,0,288,296,16,16,0,-176,-208,0,1,100,0,288,296,16,16,0,-48,-136,0,1,100,0,288,296,16,16,0,-312,-96,0,1,100,0,936,344,144,144,0,-288,-72,0,1,100,0,920,248,96,96,0,-96,-200,0,1,100,0,1032,192,56,56,0,-88,-64,0,1,100,0,920,192,56,56,0,-264,-176,0,1,100,0,976,192,56,56,0,-88,-128,0,1,100,0,808,656,160,40,0,-184,-88,0,1,100,0,1024,808,40,160,0,-320,-184,0,1,100,0,744,696,160,72,0,-232,-208,0,1,100,0,936,560,96,96,0,-176,-280,3,1,100,0,624,952,40,160,0,-128,-264,2,1,100,0,784,968,80,144,0,-280,-88,1,1,100,0,1104,864,120,120,0,-272,-224,3,1,100,0,1064,704,120,104,0,-104,-96,0,1,100,0,1104,984,128,64,0,-128,-80,0,1,100,0,1128,560,64,144,0,-232,-208,0,1,100,0,920,0,192,192,0,-48,-112,0,1,100,0,1112,248,96,96,0,-137,-112,1,1,50,0,472,992,112,112,0,-237,-224,1,1,50,0,360,992,112,112,0,-261,-135,2,1,50,0,360,880,112,112,0,-136,-217,2,1,50,0,360,768,112,112,0,-248,-112,0,1,100,0,472,992,112,112,0,-152,-224,0,1,100,0,360,992,112,112,0,-248,-224,0,1,100,0,360,880,112,112,0,-128,-120,0,1,100,0,360,768,112,112,0,-32,-96,0,1,100,0,288,576,72,72,0,-32,-96,0,0,100,0,216,576,72,72,0,-24,-8,0,0,46,0,360,16,48,16,0,
0,45,-64,-96,0,1,100,0,304,312,16,16,0,-232,-80,0,1,100,0,304,296,16,16,0,-80,-184,0,1,100,0,288,312,16,16,0,-144,-24,0,1,100,0,288,296,16,16,0,-176,-48,0,1,100,0,304,296,16,16,0,-240,-112,0,1,100,0,304,296,16,16,0,-176,-208,0,1,100,0,304,296,16,16,0,-48,-136,0,1,100,0,304,296,16,16,0,-296,-176,0,1,100,0,1224,344,144,144,0,-252,-132,0,1,100,0,1032,192,56,56,0,-184,-272,0,1,100,0,1080,344,144,144,0,-160,-248,0,1,100,0,920,248,96,96,0,-384,-24,0,1,100,0,1368,344,144,144,0,-360,0,0,1,100,0,1016,248,96,96,0,-96,-200,0,1,100,0,1032,192,56,56,0,-80,-56,0,1,100,0,920,192,56,56,0,-280,-184,0,1,100,0,976,192,56,56,0,-24,-124,0,1,100,0,968,656,160,40,0,-192,-40,0,1,100,0,1064,808,40,160,0,-368,-200,0,1,100,0,904,696,160,72,0,-296,-272,0,1,100,0,1032,560,96,96,0,-304,-192,3,1,100,0,1104,984,128,64,0,-112,-248,2,1,100,0,1104,864,120,120,0,-96,-176,2,1,100,0,1104,808,120,56,0,-288,-104,1,1,100,0,1104,808,120,56,0,-120,-96,0,1,100,0,1064,704,120,104,0,-176,-280,3,1,100,0,624,952,40,160,0,-128,-264,2,1,100,0,784,968,80,144,0,-280,-88,1,1,100,0,1104,864,120,120,0,-272,-224,3,1,100,0,1064,704,120,104,0,-104,-96,0,1,100,0,1104,984,128,64,0,-128,-80,0,1,100,0,1128,560,64,144,0,-228,-232,2,1,100,0,472,992,112,112,0,-166,-120,2,1,100,0,360,992,112,112,0,-124,-212,1,1,100,0,360,880,112,112,0,-243,-148,1,1,100,0,360,768,112,112,0,-252,-108,0,1,60,0,472,992,112,112,0,-150,-226,0,1,60,0,360,992,112,112,0,-252,-228,0,1,60,0,360,880,112,112,0,-125,-116,0,1,60,0,360,768,112,112,0,-232,-208,0,1,100,0,552,576,192,192,0,-48,-112,0,1,50,0,1112,248,96,96,0,-32,-96,0,1,100,0,736,768,72,72,0,-32,-96,0,0,100,0,0,648,72,72,0,-24,-8,0,0,46,0,360,16,48,16,0,
0,63,-64,-96,0,1,100,0,288,312,16,16,0,-232,-80,0,1,100,0,288,296,16,16,0,-80,-184,0,1,100,0,304,312,16,16,0,-144,-24,0,1,100,0,304,296,16,16,0,-176,-48,0,1,100,0,288,312,16,16,0,-240,-112,0,1,100,0,288,312,16,16,0,-176,-208,0,1,100,0,288,312,16,16,0,-48,-136,0,1,100,0,288,312,16,16,0,-240,-96,0,1,100,0,936,344,144,144,0,-216,-72,0,1,100,0,920,248,96,96,0,-168,-344,0,1,100,0,936,344,144,144,0,-144,-320,0,1,100,0,1016,248,96,96,0,-376,-176,0,1,100,0,1080,344,144,144,0,-352,-152,0,1,100,0,920,248,96,96,0,-256,-248,0,1,100,0,1224,344,144,144,0,-212,-204,0,1,100,0,1032,192,56,56,0,-128,-192,0,1,100,0,1224,344,144,144,0,-392,-16,0,1,50,0,936,344,144,144,0,-368,8,0,1,50,0,1112,248,96,96,0,-84,-148,0,1,100,0,1032,192,56,56,0,-72,-224,0,1,50,0,1032,192,56,56,0,-64,-40,0,1,100,0,976,192,56,56,0,-296,-192,0,1,100,0,1032,192,56,56,0,-240,-104,0,1,100,0,1032,192,56,56,0,-136,-192,0,1,100,0,920,192,56,56,0,-96,-112,0,1,100,0,976,192,56,56,0,-208,-80,0,1,100,0,976,192,56,56,0,-312,-116,2,1,100,0,808,656,160,40,0,-136,-280,0,1,100,0,1024,808,40,160,0,-128,-112,0,1,100,0,744,696,160,72,0,-232,-112,2,1,100,0,1032,560,96,96,0,-272,-248,3,1,100,0,1104,864,120,120,0,-120,-96,0,1,100,0,1064,704,120,104,0,-304,-192,3,1,100,0,1232,984,128,64,0,-112,-248,2,1,100,0,1224,864,120,120,0,-96,-176,2,1,100,0,1224,808,120,56,0,-288,-104,1,1,100,0,1224,808,120,56,0,24,-121,0,1,50,0,968,656,160,40,0,-203,24,0,1,50,0,1064,808,40,160,0,-424,-219,0,1,50,0,904,696,160,72,0,-320,-296,0,1,50,0,1032,560,96,96,0,-176,-280,3,1,100,0,664,952,40,160,0,-128,-264,2,1,100,0,864,968,80,144,0,-280,-88,1,1,100,0,1224,864,120,120,0,-272,-224,3,1,100,0,1184,704,120,104,0,-104,-96,0,1,100,0,1232,984,128,64,0,-128,-80,0,1,100,0,1192,560,64,144,0,-140,-232,3,1,100,0,472,992,112,112,0,-224,-120,3,1,100,0,360,992,112,112,0,-132,-148,3,1,100,0,360,880,112,112,0,-243,-220,3,1,100,0,360,768,112,112,0,-231,-235,2,1,60,0,472,992,112,112,0,-164,-117,2,1,60,0,360,992,112,112,0,-121,-209,1,1,60,0,360,880,112,112,0,-247,-150,1,1,60,0,360,768,112,112,0,-254,-106,0,1,30,0,472,992,112,112,0,-148,-228,0,1,30,0,360,992,112,112,0,-254,-230,0,1,30,0,360,880,112,112,0,-123,-114,0,1,30,0,360,768,112,112,0,-232,-208,0,1,100,0,920,0,192,192,0,-32,-96,0,1,100,0,808,768,72,72,0,-32,-96,0,0,100,0,72,648,72,72,0,-24,-8,0,0,46,0,360,16,48,16,0,
0,71,-64,-96,0,1,100,0,304,296,16,16,0,-232,-80,0,1,100,0,304,296,16,16,0,-80,-184,0,1,100,0,288,312,16,16,0,-144,-24,0,1,100,0,304,312,16,16,0,-176,-48,0,1,100,0,304,296,16,16,0,-240,-112,0,1,100,0,304,296,16,16,0,-176,-208,0,1,100,0,304,312,16,16,0,-48,-136,0,1,100,0,304,312,16,16,0,-272,-128,0,1,100,0,936,344,144,144,0,-248,-104,0,1,100,0,920,248,96,96,0,-160,-208,0,1,100,0,1080,344,144,144,0,-136,-184,0,1,100,0,920,248,96,96,0,-192,-112,0,1,100,0,1224,344,144,144,0,-148,-68,0,1,100,0,1032,192,56,56,0,-280,-200,0,1,100,0,1224,344,144,144,0,-236,-156,0,1,100,0,1032,192,56,56,0,-152,-400,0,1,100,0,1368,344,144,144,0,-128,-376,0,1,100,0,1112,248,96,96,0,-256,-32,0,1,100,0,1368,344,144,144,0,-232,-8,0,1,100,0,1016,248,96,96,0,-56,-208,0,1,100,0,1080,344,144,144,0,-32,-184,0,1,100,0,920,248,96,96,0,-280,-296,0,1,100,0,1080,344,144,144,0,-256,-272,0,1,100,0,920,248,96,96,0,-440,-176,0,1,100,0,936,344,144,144,0,-416,-152,0,1,100,0,920,248,96,96,0,-72,-224,0,1,50,0,1032,192,56,56,0,-56,-32,0,1,100,0,976,192,56,56,0,-302,-195,0,1,100,0,1032,192,56,56,0,-240,-104,0,1,100,0,1032,192,56,56,0,-132,-206,0,1,100,0,920,192,56,56,0,-82,-109,0,1,100,0,976,192,56,56,0,-216,-64,0,1,100,0,976,192,56,56,0,-176,-80,0,1,100,0,1024,808,40,160,0,-112,-80,0,1,100,0,936,560,96,96,0,-344,-148,0,1,100,0,808,656,160,40,0,-192,-304,1,1,100,0,1024,808,40,160,0,-88,-192,2,1,100,0,744,696,160,72,0,-112,-216,2,1,100,0,1032,560,96,96,0,-392,-111,2,1,100,0,968,656,160,40,0,-120,-368,0,1,100,0,1064,808,40,160,0,-56,-88,0,1,100,0,904,696,160,72,0,-280,-64,2,1,100,0,1032,560,96,96,0,-272,-248,3,1,100,0,1104,864,120,120,0,-120,-96,0,1,100,0,1064,704,120,104,0,-304,-192,3,1,100,0,1104,1048,128,64,0,-112,-248,2,1,100,0,1344,864,120,120,0,-96,-176,2,1,100,0,1344,808,120,56,0,-288,-104,1,1,100,0,1344,808,120,56,0,-176,-280,3,1,100,0,664,952,40,160,0,-128,-264,2,1,100,0,864,968,80,144,0,-280,-88,1,1,100,0,1224,864,120,120,0,-272,-224,3,1,100,0,1184,704,120,104,0,-104,-96,0,1,100,0,1232,984,128,64,0,-128,-80,0,1,100,0,1192,560,64,144,0,-140,-120,1,1,100,0,472,992,112,112,0,-232,-216,1,1,100,0,360,992,112,112,0,-256,-132,2,1,100,0,360,880,112,112,0,-145,-212,2,1,100,0,360,768,112,112,0,-135,-237,3,1,60,0,472,992,112,112,0,-230,-119,3,1,60,0,360,992,112,112,0,-127,-143,3,1,60,0,360,880,112,112,0,-247,-224,3,1,60,0,360,768,112,112,0,-236,-243,2,1,30,0,472,992,112,112,0,-158,-110,2,1,30,0,360,992,112,112,0,-115,-213,1,1,30,0,360,880,112,112,0,-253,-150,1,1,30,0,360,768,112,112,0,-232,-208,0,1,100,0,360,576,192,192,0,-32,-96,0,1,100,0,808,768,72,72,0,-32,-96,0,0,100,0,72,648,72,72,0,-24,-8,0,0,46,0,360,16,48,16,0,
0,71,-64,-96,0,1,100,0,288,312,16,16,0,-232,-80,0,1,100,0,288,312,16,16,0,-80,-184,0,1,100,0,304,296,16,16,0,-144,-24,0,1,100,0,304,296,16,16,0,-176,-48,0,1,100,0,288,296,16,16,0,-240,-112,0,1,100,0,288,296,16,16,0,-176,-208,0,1,100,0,288,296,16,16,0,-48,-136,0,1,100,0,288,296,16,16,0,-320,-80,0,1,100,0,1368,344,144,144,0,-296,-56,0,1,100,0,1016,248,96,96,0,-184,-72,0,1,100,0,1080,344,144,144,0,-160,-48,0,1,100,0,920,248,96,96,0,-328,-216,0,1,100,0,1080,344,144,144,0,-304,-192,0,1,100,0,920,248,96,96,0,-128,-240,0,1,100,0,936,344,144,144,0,-104,-216,0,1,100,0,1016,248,96,96,0,-312,-360,0,1,100,0,936,344,144,144,0,-288,-336,0,1,100,0,1016,248,96,96,0,16,-224,0,1,100,0,936,344,144,144,0,40,-200,0,1,100,0,1016,248,96,96,0,-488,-176,0,1,50,0,1368,344,144,144,0,-464,-152,0,1,50,0,1016,248,96,96,0,-264,0,0,1,50,0,936,344,144,144,0,-240,24,0,1,50,0,1112,248,96,96,0,-144,-424,0,1,50,0,936,344,144,144,0,-120,-400,0,1,50,0,1112,248,96,96,0,-280,-88,0,1,50,0,1032,192,56,56,0,-120,-240,0,1,100,0,976,192,56,56,0,-56,-104,0,1,100,0,1032,192,56,56,0,-232,-40,0,1,100,0,1032,192,56,56,0,-40,-24,0,1,100,0,1032,192,56,56,0,-320,-200,0,1,50,0,1032,192,56,56,0,-88,-176,0,1,100,0,1032,192,56,56,0,-120,-88,0,1,100,0,920,192,56,56,0,-232,-160,0,1,100,0,920,192,56,56,0,-168,-64,0,1,100,0,976,192,56,56,0,-192,-192,0,1,100,0,976,192,56,56,0,-192,8,0,1,100,0,1064,808,40,160,0,-56,-24,0,1,100,0,1032,560,96,96,0,-424,-153,0,1,100,0,968,656,160,40,0,-208,-392,1,1,100,0,1064,808,40,160,0,-16,-216,2,1,100,0,904,696,160,72,0,-64,-264,2,1,100,0,936,560,96,96,0,-456,-107,2,1,50,0,968,656,160,40,0,-112,-416,0,1,50,0,1064,808,40,160,0,-8,-72,0,1,50,0,904,696,160,72,0,-312,-32,2,1,50,0,1032,560,96,96,0,-272,-248,3,1,100,0,1224,864,120,120,0,-120,-96,0,1,100,0,1184,704,120,104,0,-304,-192,3,1,100,0,1232,1048,128,64,0,-112,-248,2,1,100,0,1464,864,120,120,0,-96,-176,2,1,100,0,1464,808,120,56,0,-288,-104,1,1,100,0,1464,808,120,56,0,-176,-280,3,1,100,0,704,952,40,160,0,-128,-264,2,1,100,0,944,968,80,144,0,-280,-88,1,1,100,0,1344,864,120,120,0,-272,-224,3,1,100,0,1304,704,120,104,0,-104,-96,0,1,100,0,1104,1048,128,64,0,-128,-80,0,1,100,0,1256,560,64,144,0,-137,-112,1,1,50,0,472,992,112,112,0,-237,-224,1,1,50,0,360,992,112,112,0,-261,-135,2,1,50,0,360,880,112,112,0,-136,-217,2,1,50,0,360,768,112,112,0,-248,-112,0,1,100,0,472,992,112,112,0,-152,-224,0,1,100,0,360,992,112,112,0,-248,-224,0,1,100,0,360,880,112,112,0,-128,-120,0,1,100,0,360,768,112,112,0,-232,-208,0,1,100,0,920,0,192,192,0,-32,-96,0,1,100,0,880,768,72,72,0,-32,-96,0,0,100,0,144,648,72,72,0,-24,-8,0,0,46,0,360,16,48,16,0,
0,65,-64,-96,0,1,100,0,304,312,16,16,0,-232,-80,0,1,100,0,304,296,16,16,0,-80,-184,0,1,100,0,288,312,16,16,0,-144,-24,0,1,100,0,288,296,16,16,0,-176,-48,0,1,100,0,304,296,16,16,0,-240,-112,0,1,100,0,304,296,16,16,0,-176,-208,0,1,100,0,304,296,16,16,0,-48,-136,0,1,100,0,304,296,16,16,0,-264,-168,0,1,100,0,936,344,144,144,0,-240,-144,0,1,100,0,920,248,96,96,0,-144,-192,0,1,100,0,1080,344,144,144,0,-120,-168,0,1,100,0,920,248,96,96,0,-264,-224,0,1,100,0,1080,344,144,144,0,-240,-200,0,1,100,0,920,248,96,96,0,-192,-256,0,1,100,0,936,344,144,144,0,-168,-232,0,1,100,0,920,248,96,96,0,-72,-296,0,1,100,0,1368,344,144,144,0,-48,-272,0,1,100,0,1016,248,96,96,0,-400,-240,0,1,100,0,936,344,144,144,0,-376,-216,0,1,100,0,1016,248,96,96,0,-168,-8,0,1,100,0,936,344,144,144,0,-144,16,0,1,100,0,1016,248,96,96,0,-368,-32,0,1,50,0,936,344,144,144,0,-344,-8,0,1,50,0,1112,248,96,96,0,56,-232,0,1,50,0,1368,344,144,144,0,80,-208,0,1,50,0,1112,248,96,96,0,-328,-392,0,1,50,0,1368,344,144,144,0,-304,-368,0,1,50,0,1112,248,96,96,0,-283,-88,0,1,50,0,1032,192,56,56,0,-110,-270,0,1,100,0,976,192,56,56,0,-54,-103,0,1,100,0,1032,192,56,56,0,-236,-36,0,1,100,0,1032,192,56,56,0,-38,-22,0,1,100,0,1032,192,56,56,0,-322,-201,0,1,50,0,1032,192,56,56,0,-88,-176,0,1,100,0,1032,192,56,56,0,-104,-72,0,1,100,0,920,192,56,56,0,-248,-164,0,1,100,0,920,192,56,56,0,-168,-48,0,1,100,0,976,192,56,56,0,-200,-208,0,1,100,0,976,192,56,56,0,-202,64,0,1,50,0,1064,808,40,160,0,-24,8,0,1,50,0,1032,560,96,96,0,-464,-155,0,1,50,0,968,656,160,40,0,-215,-432,1,1,50,0,1064,808,40,160,0,16,-227,2,1,50,0,904,696,160,72,0,-16,-312,2,1,50,0,1032,560,96,96,0,-272,-248,3,1,100,0,1224,864,120,120,0,-120,-96,0,1,100,0,1184,704,120,104,0,-176,-280,3,1,100,0,704,952,40,160,0,-128,-264,2,1,100,0,944,968,80,144,0,-280,-88,1,1,100,0,1344,864,120,120,0,-272,-224,3,1,100,0,1304,704,120,104,0,-104,-96,0,1,100,0,1104,1048,128,64,0,-128,-80,0,1,100,0,1256,560,64,144,0,-228,-232,2,1,100,0,472,992,112,112,0,-166,-120,2,1,100,0,360,992,112,112,0,-124,-212,1,1,100,0,360,880,112,112,0,-243,-148,1,1,100,0,360,768,112,112,0,-252,-108,0,1,60,0,472,992,112,112,0,-150,-226,0,1,60,0,360,992,112,112,0,-252,-228,0,1,60,0,360,880,112,112,0,-125,-116,0,1,60,0,360,768,112,112,0,-232,-208,0,1,100,0,552,576,192,192,0,-32,-96,0,1,100,0,880,768,72,72,0,-32,-96,0,0,100,0,144,648,72,72,0,-24,-8,0,0,46,0,360,16,48,16,0,
0,56,-64,-96,0,1,100,0,288,312,16,16,0,-232,-80,0,1,100,0,288,296,16,16,0,-80,-184,0,1,100,0,304,312,16,16,0,-144,-24,0,1,100,0,304,296,16,16,0,-176,-48,0,1,100,0,288,312,16,16,0,-240,-112,0,1,100,0,288,312,16,16,0,-176,-208,0,1,100,0,288,312,16,16,0,-48,-136,0,1,100,0,288,312,16,16,0,-344,-152,0,1,100,0,1080,344,144,144,0,-320,-128,0,1,100,0,1016,248,96,96,0,-64,-200,0,1,100,0,936,344,144,144,0,-40,-176,0,1,100,0,1016,248,96,96,0,-320,-280,0,1,100,0,936,344,144,144,0,-296,-256,0,1,100,0,1016,248,96,96,0,-184,-336,0,1,100,0,1080,344,144,144,0,-160,-312,0,1,100,0,1016,248,96,96,0,-40,-328,0,1,50,0,936,344,144,144,0,-16,-304,0,1,50,0,1112,248,96,96,0,-152,40,0,1,50,0,1368,344,144,144,0,-128,64,0,1,50,0,1112,248,96,96,0,-432,-248,0,1,50,0,1368,344,144,144,0,-408,-224,0,1,50,0,1112,248,96,96,0,-104,-288,0,1,100,0,1032,192,56,56,0,-8,-88,0,1,50,0,1032,192,56,56,0,-248,-16,0,1,50,0,1032,192,56,56,0,-24,-8,0,1,50,0,1032,192,56,56,0,-280,-88,0,1,50,0,1032,192,56,56,0,-88,-176,0,1,100,0,1032,192,56,56,0,-88,-56,0,1,100,0,976,192,56,56,0,-272,-168,0,1,100,0,976,192,56,56,0,-168,-24,0,1,100,0,1032,192,56,56,0,-208,-224,0,1,100,0,1032,192,56,56,0,-272,-248,3,1,100,0,1344,864,120,120,0,-120,-96,0,1,100,0,1304,704,120,104,0,-176,-280,3,1,100,0,744,952,40,160,0,-128,-264,2,1,100,0,1024,968,80,144,0,-280,-88,1,1,100,0,1464,864,120,120,0,-272,-224,3,1,100,0,1424,704,120,104,0,-104,-96,0,1,100,0,1232,1048,128,64,0,-128,-80,0,1,100,0,1320,560,64,144,0,-140,-232,3,1,100,0,472,992,112,112,0,-224,-120,3,1,100,0,360,992,112,112,0,-132,-148,3,1,100,0,360,880,112,112,0,-243,-220,3,1,100,0,360,768,112,112,0,-231,-235,2,1,60,0,472,992,112,112,0,-164,-117,2,1,60,0,360,992,112,112,0,-121,-209,1,1,60,0,360,880,112,112,0,-247,-150,1,1,60,0,360,768,112,112,0,-254,-106,0,1,30,0,472,992,112,112,0,-148,-228,0,1,30,0,360,992,112,112,0,-254,-230,0,1,30,0,360,880,112,112,0,-123,-114,0,1,30,0,360,768,112,112,0,-232,-208,0,1,100,0,920,0,192,192,0,-32,-96,0,1,100,0,952,768,72,72,0,-32,-96,0,0,100,0,216,648,72,72,0,-24,-8,0,0,46,0,360,16,48,16,0,
0,40,-64,-96,0,1,100,0,304,296,16,16,0,-232,-80,0,1,100,0,304,296,16,16,0,-80,-184,0,1,100,0,288,312,16,16,0,-144,-24,0,1,100,0,304,312,16,16,0,-176,-48,0,1,100,0,304,296,16,16,0,-240,-112,0,1,100,0,304,296,16,16,0,-176,-208,0,1,100,0,304,312,16,16,0,-48,-136,0,1,100,0,304,312,16,16,0,-400,-144,0,1,50,0,936,344,144,144,0,-376,-120,0,1,50,0,1112,248,96,96,0,-24,-208,0,1,50,0,1080,344,144,144,0,0,-184,0,1,50,0,1112,248,96,96,0,-344,-304,0,1,50,0,1368,344,144,144,0,-320,-280,0,1,50,0,1112,248,96,96,0,-176,-368,0,1,50,0,1224,344,144,144,0,-152,-344,0,1,50,0,1112,248,96,96,0,-264,-144,0,1,100,0,1080,344,144,144,0,-240,-120,0,1,100,0,920,248,96,96,0,-64,-32,0,1,100,0,1032,192,56,56,0,-296,-176,0,1,100,0,1032,192,56,56,0,-168,-8,0,1,50,0,1032,192,56,56,0,-216,-240,0,1,50,0,1032,192,56,56,0,-272,-248,3,1,100,0,1464,864,120,120,0,-120,-96,0,1,100,0,1424,704,120,104,0,-140,-120,1,1,100,0,472,992,112,112,0,-232,-216,1,1,100,0,360,992,112,112,0,-256,-132,2,1,100,0,360,880,112,112,0,-145,-212,2,1,100,0,360,768,112,112,0,-135,-237,3,1,60,0,472,992,112,112,0,-230,-119,3,1,60,0,360,992,112,112,0,-127,-143,3,1,60,0,360,880,112,112,0,-247,-224,3,1,60,0,360,768,112,112,0,-236,-243,2,1,30,0,472,992,112,112,0,-158,-110,2,1,30,0,360,992,112,112,0,-115,-213,1,1,30,0,360,880,112,112,0,-253,-150,1,1,30,0,360,768,112,112,0,-232,-208,0,1,100,0,360,576,192,192,0,-32,-96,0,1,100,0,952,768,72,72,0,-32,-96,0,0,100,0,216,648,72,72,0,-24,-8,0,0,46,0,360,16,48,16,0,
0,35,-64,-96,0,1,100,0,288,312,16,16,0,-232,-80,0,1,100,0,288,312,16,16,0,-80,-184,0,1,100,0,304,296,16,16,0,-144,-24,0,1,100,0,304,296,16,16,0,-176,-48,0,1,100,0,288,296,16,16,0,-240,-112,0,1,100,0,288,296,16,16,0,-176,-208,0,1,100,0,288,296,16,16,0,-48,-136,0,1,100,0,288,296,16,16,0,-312,-96,0,1,100,0,936,344,144,144,0,-288,-72,0,1,100,0,920,248,96,96,0,-96,-200,0,1,100,0,1032,192,56,56,0,-88,-64,0,1,100,0,920,192,56,56,0,-264,-176,0,1,100,0,976,192,56,56,0,-88,-128,0,1,100,0,808,656,160,40,0,-184,-88,0,1,100,0,1024,808,40,160,0,-320,-184,0,1,100,0,744,696,160,72,0,-232,-208,0,1,100,0,936,560,96,96,0,-176,-88,1,1,100,0,624,952,40,160,0,-128,-88,0,1,100,0,784,968,80,144,0,-280,-240,3,1,100,0,1104,864,120,120,0,-272,-88,1,1,100,0,1064,704,120,104,0,-104,-176,2,1,100,0,1104,984,128,64,0,-128,-272,2,1,100,0,1128,560,64,144,0,-137,-112,1,1,50,0,472,992,112,112,0,-237,-224,1,1,50,0,360,992,112,112,0,-261,-135,2,1,50,0,360,880,112,112,0,-136,-217,2,1,50,0,360,768,112,112,0,-248,-112,0,1,100,0,472,992,112,112,0,-152,-224,0,1,100,0,360,992,112,112,0,-248,-224,0,1,100,0,360,880,112,112,0,-128,-120,0,1,100,0,360,768,112,112,0,-232,-208,0,1,100,0,920,0,192,192,0,-32,-96,0,1,100,0,736,768,72,72,0,-32,-96,0,0,100,0,0,648,72,72,0,-24,-8,0,0,46,0,360,16,48,16,0,
0,44,-64,-96,0,1,100,0,304,312,16,16,0,-232,-80,0,1,100,0,304,296,16,16,0,-80,-184,0,1,100,0,288,312,16,16,0,-144,-24,0,1,100,0,288,296,16,16,0,-176,-48,0,1,100,0,304,296,16,16,0,-240,-112,0,1,100,0,304,296,16,16,0,-176,-208,0,1,100,0,304,296,16,16,0,-48,-136,0,1,100,0,304,296,16,16,0,-296,-176,0,1,100,0,1224,344,144,144,0,-252,-132,0,1,100,0,1032,192,56,56,0,-184,-272,0,1,100,0,1080,344,144,144,0,-160,-248,0,1,100,0,920,248,96,96,0,-384,-24,0,1,100,0,1368,344,144,144,0,-360,0,0,1,100,0,1016,248,96,96,0,-96,-200,0,1,100,0,1032,192,56,56,0,-80,-56,0,1,100,0,920,192,56,56,0,-280,-184,0,1,100,0,976,192,56,56,0,-24,-124,0,1,100,0,968,656,160,40,0,-192,-40,0,1,100,0,1064,808,40,160,0,-368,-200,0,1,100,0,904,696,160,72,0,-296,-272,0,1,100,0,1032,560,96,96,0,-304,-192,3,1,100,0,1104,984,128,64,0,-112,-248,2,1,100,0,1104,864,120,120,0,-96,-176,2,1,100,0,1104,808,120,56,0,-288,-104,1,1,100,0,1104,808,120,56,0,-120,-216,2,1,100,0,1064,704,120,104,0,-176,-88,1,1,100,0,624,952,40,160,0,-128,-88,0,1,100,0,784,968,80,144,0,-280,-240,3,1,100,0,1104,864,120,120,0,-272,-88,1,1,100,0,1064,704,120,104,0,-104,-176,2,1,100,0,1104,984,128,64,0,-128,-272,2,1,100,0,1128,560,64,144,0,-228,-232,2,1,100,0,472,992,112,112,0,-166,-120,2,1,100,0,360,992,112,112,0,-124,-212,1,1,100,0,360,880,112,112,0,-243,-148,1,1,100,0,360,768,112,112,0,-252,-108,0,1,60,0,472,992,112,112,0,-150,-226,0,1,60,0,360,992,112,112,0,-252,-228,0,1,60,0,360,880,112,112,0,-125,-116,0,1,60,0,360,768,112,112,0,-232,-208,0,1,100,0,552,576,192,192,0,-32,-96,0,1,100,0,736,768,72,72,0,-32,-96,0,0,100,0,0,648,72,72,0,-24,-8,0,0,46,0,360,16,48,16,0,
0,63,-64,-96,0,1,100,0,288,312,16,16,0,-232,-80,0,1,100,0,288,296,16,16,0,-80,-184,0,1,100,0,304,312,16,16,0,-144,-24,0,1,100,0,304,296,16,16,0,-176,-48,0,1,100,0,288,312,16,16,0,-240,-112,0,1,100,0,288,312,16,16,0,-176,-208,0,1,100,0,288,312,16,16,0,-48,-136,0,1,100,0,288,312,16,16,0,-240,-96,0,1,100,0,936,344,144,144,0,-216,-72,0,1,100,0,920,248,96,96,0,-168,-344,0,1,100,0,936,344,144,144,0,-144,-320,0,1,100,0,1016,248,96,96,0,-376,-176,0,1,100,0,1080,344,144,144,0,-352,-152,0,1,100,0,920,248,96,96,0,-256,-248,0,1,100,0,1224,344,144,144,0,-212,-204,0,1,100,0,1032,192,56,56,0,-128,-192,0,1,100,0,1224,344,144,144,0,-392,-16,0,1,50,0,936,344,144,144,0,-368,8,0,1,50,0,1112,248,96,96,0,-84,-148,0,1,100,0,1032,192,56,56,0,-72,-224,0,1,50,0,1032,192,56,56,0,-64,-40,0,1,100,0,976,192,56,56,0,-296,-192,0,1,100,0,1032,192,56,56,0,-240,-104,0,1,100,0,1032,192,56,56,0,-136,-192,0,1,100,0,920,192,56,56,0,-96,-112,0,1,100,0,976,192,56,56,0,-208,-80,0,1,100,0,976,192,56,56,0,-312,-116,2,1,100,0,808,656,160,40,0,-136,-280,0,1,100,0,1024,808,40,160,0,-128,-112,0,1,100,0,744,696,160,72,0,-232,-112,2,1,100,0,1032,560,96,96,0,-272,-248,3,1,100,0,1104,864,120,120,0,-120,-96,0,1,100,0,1064,704,120,104,0,-304,-192,3,1,100,0,1232,984,128,64,0,-112,-248,2,1,100,0,1224,864,120,120,0,-96,-176,2,1,100,0,1224,808,120,56,0,-288,-104,1,1,100,0,1224,808,120,56,0,24,-121,0,1,50,0,968,656,160,40,0,-203,24,0,1,50,0,1064,808,40,160,0,-424,-219,0,1,50,0,904,696,160,72,0,-320,-296,0,1,50,0,1032,560,96,96,0,-176,-88,1,1,100,0,664,952,40,160,0,-128,-88,0,1,100,0,864,968,80,144,0,-280,-240,3,1,100,0,1224,864,120,120,0,-272,-88,1,1,100,0,1184,704,120,104,0,-104,-176,2,1,100,0,1232,984,128,64,0,-128,-272,2,1,100,0,1192,560,64,144,0,-140,-232,3,1,100,0,472,992,112,112,0,-224,-120,3,1,100,0,360,992,112,112,0,-132,-148,3,1,100,0,360,880,112,112,0,-243,-220,3,1,100,0,360,768,112,112,0,-231,-235,2,1,60,0,472,992,112,112,0,-164,-117,2,1,60,0,360,992,112,112,0,-121,-209,1,1,60,0,360,880,112,112,0,-247,-150,1,1,60,0,360,768,112,112,0,-254,-106,0,1,30,0,472,992,112,112,0,-148,-228,0,1,30,0,360,992,112,112,0,-254,-230,0,1,30,0,360,880,112,112,0,-123,-114,0,1,30,0,360,768,112,112,0,-232,-208,0,1,100,0,920,0,192,192,0,-32,-96,0,1,100,0,808,768,72,72,0,-32,-96,0,0,100,0,72,648,72,72,0,-24,-8,0,0,46,0,360,16,48,16,0,
0,71,-64,-96,0,1,100,0,304,296,16,16,0,-232,-80,0,1,100,0,304,296,16,16,0,-80,-184,0,1,100,0,288,312,16,16,0,-144,-24,0,1,100,0,304,312,16,16,0,-176,-48,0,1,100,0,304,296,16,16,0,-240,-112,0,1,100,0,304,296,16,16,0,-176,-208,0,1,100,0,304,312,16,16,0,-48,-136,0,1,100,0,304,312,16,16,0,-272,-128,0,1,100,0,936,344,144,144,0,-248,-104,0,1,100,0,920,248,96,96,0,-160,-208,0,1,100,0,1080,344,144,144,0,-136,-184,0,1,100,0,920,248,96,96,0,-192,-112,0,1,100,0,1224,344,144,144,0,-148,-68,0,1,100,0,1032,192,56,56,0,-280,-200,0,1,100,0,1224,344,144,144,0,-236,-156,0,1,100,0,1032,192,56,56,0,-152,-400,0,1,100,0,1368,344,144,144,0,-128,-376,0,1,100,0,1112,248,96,96,0,-256,-32,0,1,100,0,1368,344,144,144,0,-232,-8,0,1,100,0,1016,248,96,96,0,-56,-208,0,1,100,0,1080,344,144,144,0,-32,-184,0,1,100,0,920,248,96,96,0,-280,-296,0,1,100,0,1080,344,144,144,0,-256,-272,0,1,100,0,920,248,96,96,0,-440,-176,0,1,100,0,936,344,144,144,0,-416,-152,0,1,100,0,920,248,96,96,0,-72,-224,0,1,50,0,1032,192,56,56,0,-56,-32,0,1,100,0,976,192,56,56,0,-302,-195,0,1,100,0,1032,192,56,56,0,-240,-104,0,1,100,0,1032,192,56,56,0,-132,-206,0,1,100,0,920,192,56,56,0,-82,-109,0,1,100,0,976,192,56,56,0,-216,-64,0,1,100,0,976,192,56,56,0,-176,-80,0,1,100,0,1024,808,40,160,0,-112,-80,0,1,100,0,936,560,96,96,0,-344,-148,0,1,100,0,808,656,160,40,0,-192,-304,1,1,100,0,1024,808,40,160,0,-88,-192,2,1,100,0,744,696,160,72,0,-112,-216,2,1,100,0,1032,560,96,96,0,-392,-111,2,1,100,0,968,656,160,40,0,-120,-368,0,1,100,0,1064,808,40,160,0,-56,-88,0,1,100,0,904,696,160,72,0,-280,-64,2,1,100,0,1032,560,96,96,0,-272,-248,3,1,100,0,1104,864,120,120,0,-120,-96,0,1,100,0,1064,704,120,104,0,-304,-192,3,1,100,0,1104,1048,128,64,0,-112,-248,2,1,100,0,1344,864,120,120,0,-96,-176,2,1,100,0,1344,808,120,56,0,-288,-104,1,1,100,0,1344,808,120,56,0,-176,-88,1,1,100,0,664,952,40,160,0,-128,-88,0,1,100,0,864,968,80,144,0,-280,-240,3,1,100,0,1224,864,120,120,0,-272,-88,1,1,100,0,1184,704,120,104,0,-104,-176,2,1,100,0,1232,984,128,64,0,-128,-272,2,1,100,0,1192,560,64,144,0,-140,-120,1,1,100,0,472,992,112,112,0,-232,-216,1,1,100,0,360,992,112,112,0,-256,-132,2,1,100,0,360,880,112,112,0,-145,-212,2,1,100,0,360,768,112,112,0,-135,-237,3,1,60,0,472,992,112,112,0,-230,-119,3,1,60,0,360,992,112,112,0,-127,-143,3,1,60,0,360,880,112,112,0,-247,-224,3,1,60,0,360,768,112,112,0,-236,-243,2,1,30,0,472,992,112,112,0,-158,-110,2,1,30,0,360,992,112,112,0,-115,-213,1,1,30,0,360,880,112,112,0,-253,-150,1,1,30,0,360,768,112,112,0,-232,-208,0,1,100,0,360,576,192,192,0,-32,-96,0,1,100,0,808,768,72,72,0,-32,-96,0,0,100,0,72,648,72,72,0,-24,-8,0,0,46,0,360,16,48,16,0,
0,71,-64,-96,0,1,100,0,288,312,16,16,0,-232,-80,0,1,100,0,288,312,16,16,0,-80,-184,0,1,100,0,304,296,16,16,0,-144,-24,0,1,100,0,304,296,16,16,0,-176,-48,0,1,100,0,288,296,16,16,0,-240,-112,0,1,100,0,288,296,16,16,0,-176,-208,0,1,100,0,288,296,16,16,0,-48,-136,0,1,100,0,288,296,16,16,0,-320,-80,0,1,100,0,1368,344,144,144,0,-296,-56,0,1,100,0,1016,248,96,96,0,-184,-72,0,1,100,0,1080,344,144,144,0,-160,-48,0,1,100,0,920,248,96,96,0,-328,-216,0,1,100,0,1080,344,144,144,0,-304,-192,0,1,100,0,920,248,96,96,0,-128,-240,0,1,100,0,936,344,144,144,0,-104,-216,0,1,100,0,1016,248,96,96,0,-312,-360,0,1,100,0,936,344,144,144,0,-288,-336,0,1,100,0,1016,248,96,96,0,16,-224,0,1,100,0,936,344,144,144,0,40,-200,0,1,100,0,1016,248,96,96,0,-488,-176,0,1,50,0,1368,344,144,144,0,-464,-152,0,1,50,0,1016,248,96,96,0,-264,0,0,1,50,0,936,344,144,144,0,-240,24,0,1,50,0,1112,248,96,96,0,-144,-424,0,1,50,0,936,344,144,144,0,-120,-400,0,1,50,0,1112,248,96,96,0,-280,-88,0,1,50,0,1032,192,56,56,0,-120,-240,0,1,100,0,976,192,56,56,0,-56,-104,0,1,100,0,1032,192,56,56,0,-232,-40,0,1,100,0,1032,192,56,56,0,-40,-24,0,1,100,0,1032,192,56,56,0,-320,-200,0,1,50,0,1032,192,56,56,0,-88,-176,0,1,100,0,1032,192,56,56,0,-120,-88,0,1,100,0,920,192,56,56,0,-232,-160,0,1,100,0,920,192,56,56,0,-168,-64,0,1,100,0,976,192,56,56,0,-192,-192,0,1,100,0,976,192,56,56,0,-192,8,0,1,100,0,1064,808,40,160,0,-56,-24,0,1,100,0,1032,560,96,96,0,-424,-153,0,1,100,0,968,656,160,40,0,-208,-392,1,1,100,0,1064,808,40,160,0,-16,-216,2,1,100,0,904,696,160,72,0,-64,-264,2,1,100,0,936,560,96,96,0,-456,-107,2,1,50,0,968,656,160,40,0,-112,-416,0,1,50,0,1064,808,40,160,0,-8,-72,0,1,50,0,904,696,160,72,0,-312,-32,2,1,50,0,1032,560,96,96,0,-272,-248,3,1,100,0,1224,864,120,120,0,-120,-96,0,1,100,0,1184,704,120,104,0,-304,-192,3,1,100,0,1232,1048,128,64,0,-112,-248,2,1,100,0,1464,864,120,120,0,-96,-176,2,1,100,0,1464,808,120,56,0,-288,-104,1,1,100,0,1464,808,120,56,0,-176,-88,1,1,100,0,704,952,40,160,0,-128,-88,0,1,100,0,944,968,80,144,0,-280,-240,3,1,100,0,1344,864,120,120,0,-272,-88,1,1,100,0,1304,704,120,104,0,-104,-176,2,1,100,0,1104,1048,128,64,0,-128,-272,2,1,100,0,1256,560,64,144,0,-137,-112,1,1,50,0,472,992,112,112,0,-237,-224,1,1,50,0,360,992,112,112,0,-261,-135,2,1,50,0,360,880,112,112,0,-136,-217,2,1,50,0,360,768,112,112,0,-248,-112,0,1,100,0,472,992,112,112,0,-152,-224,0,1,100,0,360,992,112,112,0,-248,-224,0,1,100,0,360,880,112,112,0,-128,-120,0,1,100,0,360,768,112,112,0,-232,-208,0,1,100,0,920,0,192,192,0,-32,-96,0,1,100,0,880,768,72,72,0,-32,-96,0,0,100,0,144,648,72,72,0,-24,-8,0,0,46,0,360,16,48,16,0,
0,65,-64,-96,0,1,100,0,304,312,16,16,0,-232,-80,0,1,100,0,304,296,16,16,0,-80,-184,0,1,100,0,288,312,16,16,0,-144,-24,0,1,100,0,288,296,16,16,0,-176,-48,0,1,100,0,304,296,16,16,0,-240,-112,0,1,100,0,304,296,16,16,0,-176,-208,0,1,100,0,304,296,16,16,0,-48,-136,0,1,100,0,304,296,16,16,0,-264,-168,0,1,100,0,936,344,144,144,0,-240,-144,0,1,100,0,920,248,96,96,0,-144,-192,0,1,100,0,1080,344,144,144,0,-120,-168,0,1,100,0,920,248,96,96,0,-264,-224,0,1,100,0,1080,344,144,144,0,-240,-200,0,1,100,0,920,248,96,96,0,-192,-256,0,1,100,0,936,344,144,144,0,-168,-232,0,1,100,0,920,248,96,96,0,-72,-296,0,1,100,0,1368,344,144,144,0,-48,-272,0,1,100,0,1016,248,96,96,0,-400,-240,0,1,100,0,936,344,144,144,0,-376,-216,0,1,100,0,1016,248,96,96,0,-168,-8,0,1,100,0,936,344,144,144,0,-144,16,0,1,100,0,1016,248,96,96,0,-368,-32,0,1,50,0,936,344,144,144,0,-344,-8,0,1,50,0,1112,248,96,96,0,56,-232,0,1,50,0,1368,344,144,144,0,80,-208,0,1,50,0,1112,248,96,96,0,-328,-392,0,1,50,0,1368,344,144,144,0,-304,-368,0,1,50,0,1112,248,96,96,0,-283,-88,0,1,50,0,1032,192,56,56,0,-110,-270,0,1,100,0,976,192,56,56,0,-54,-103,0,1,100,0,1032,192,56,56,0,-236,-36,0,1,100,0,1032,192,56,56,0,-38,-22,0,1,100,0,1032,192,56,56,0,-322,-201,0,1,50,0,1032,192,56,56,0,-88,-176,0,1,100,0,1032,192,56,56,0,-104,-72,0,1,100,0,920,192,56,56,0,-248,-164,0,1,100,0,920,192,56,56,0,-168,-48,0,1,100,0,976,192,56,56,0,-200,-208,0,1,100,0,976,192,56,56,0,-202,64,0,1,50,0,1064,808,40,160,0,-24,8,0,1,50,0,1032,560,96,96,0,-464,-155,0,1,50,0,968,656,160,40,0,-215,-432,1,1,50,0,1064,808,40,160,0,16,-227,2,1,50,0,904,696,160,72,0,-16,-312,2,1,50,0,1032,560,96,96,0,-272,-248,3,1,100,0,1224,864,120,120,0,-120,-96,0,1,100,0,1184,704,120,104,0,-176,-88,1,1,100,0,704,952,40,160,0,-128,-88,0,1,100,0,944,968,80,144,0,-280,-240,3,1,100,0,1344,864,120,120,0,-272,-88,1,1,100,0,1304,704,120,104,0,-104,-176,2,1,100,0,1104,1048,128,64,0,-128,-272,2,1,100,0,1256,560,64,144,0,-228,-232,2,1,100,0,472,992,112,112,0,-166,-120,2,1,100,0,360,992,112,112,0,-124,-212,1,1,100,0,360,880,112,112,0,-243,-148,1,1,100,0,360,768,112,112,0,-252,-108,0,1,60,0,472,992,112,112,0,-150,-226,0,1,60,0,360,992,112,112,0,-252,-228,0,1,60,0,360,880,112,112,0,-125,-116,0,1,60,0,360,768,112,112,0,-232,-208,0,1,100,0,552,576,192,192,0,-32,-96,0,1,100,0,880,768,72,72,0,-32,-96,0,0,100,0,144,648,72,72,0,-24,-8,0,0,46,0,360,16,48,16,0,
0,56,-64,-96,0,1,100,0,288,312,16,16,0,-232,-80,0,1,100,0,288,296,16,16,0,-80,-184,0,1,100,0,304,312,16,16,0,-144,-24,0,1,100,0,304,296,16,16,0,-176,-48,0,1,100,0,288,312,16,16,0,-240,-112,0,1,100,0,288,312,16,16,0,-176,-208,0,1,100,0,288,312,16,16,0,-48,-136,0,1,100,0,288,312,16,16,0,-344,-152,0,1,100,0,1080,344,144,144,0,-320,-128,0,1,100,0,1016,248,96,96,0,-64,-200,0,1,100,0,936,344,144,144,0,-40,-176,0,1,100,0,1016,248,96,96,0,-320,-280,0,1,100,0,936,344,144,144,0,-296,-256,0,1,100,0,1016,248,96,96,0,-184,-336,0,1,100,0,1080,344,144,144,0,-160,-312,0,1,100,0,1016,248,96,96,0,-40,-328,0,1,50,0,936,344,144,144,0,-16,-304,0,1,50,0,1112,248,96,96,0,-152,40,0,1,50,0,1368,344,144,144,0,-128,64,0,1,50,0,1112,248,96,96,0,-432,-248,0,1,50,0,1368,344,144,144,0,-408,-224,0,1,50,0,1112,248,96,96,0,-104,-288,0,1,100,0,1032,192,56,56,0,-8,-88,0,1,50,0,1032,192,56,56,0,-248,-16,0,1,50,0,1032,192,56,56,0,-24,-8,0,1,50,0,1032,192,56,56,0,-280,-88,0,1,50,0,1032,192,56,56,0,-88,-176,0,1,100,0,1032,192,56,56,0,-88,-56,0,1,100,0,976,192,56,56,0,-272,-168,0,1,100,0,976,192,56,56,0,-168,-24,0,1,100,0,1032,192,56,56,0,-208,-224,0,1,100,0,1032,192,56,56,0,-272,-248,3,1,100,0,1344,864,120,120,0,-120,-96,0,1,100,0,1304,704,120,104,0,-176,-88,1,1,100,0,744,952,40,160,0,-128,-88,0,1,100,0,1024,968,80,144,0,-280,-240,3,1,100,0,1464,864,120,120,0,-272,-88,1,1,100,0,1424,704,120,104,0,-104,-176,2,1,100,0,1232,1048,128,64,0,-128,-272,2,1,100,0,1320,560,64,144,0,-140,-232,3,1,100,0,472,992,112,112,0,-224,-120,3,1,100,0,360,992,112,112,0,-132,-148,3,1,100,0,360,880,112,112,0,-243,-220,3,1,100,0,360,768,112,112,0,-231,-235,2,1,60,0,472,992,112,112,0,-164,-117,2,1,60,0,360,992,112,112,0,-121,-209,1,1,60,0,360,880,112,112,0,-247,-150,1,1,60,0,360,768,112,112,0,-254,-106,0,1,30,0,472,992,112,112,0,-148,-228,0,1,30,0,360,992,112,112,0,-254,-230,0,1,30,0,360,880,112,112,0,-123,-114,0,1,30,0,360,768,112,112,0,-232,-208,0,1,100,0,920,0,192,192,0,-32,-96,0,1,100,0,952,768,72,72,0,-32,-96,0,0,100,0,216,648,72,72,0,-24,-8,0,0,46,0,360,16,48,16,0,
0,40,-64,-96,0,1,100,0,304,296,16,16,0,-232,-80,0,1,100,0,304,296,16,16,0,-80,-184,0,1,100,0,288,312,16,16,0,-144,-24,0,1,100,0,304,312,16,16,0,-176,-48,0,1,100,0,304,296,16,16,0,-240,-112,0,1,100,0,304,296,16,16,0,-176,-208,0,1,100,0,304,312,16,16,0,-48,-136,0,1,100,0,304,312,16,16,0,-400,-144,0,1,50,0,936,344,144,144,0,-376,-120,0,1,50,0,1112,248,96,96,0,-24,-208,0,1,50,0,1080,344,144,144,0,0,-184,0,1,50,0,1112,248,96,96,0,-344,-304,0,1,50,0,1368,344,144,144,0,-320,-280,0,1,50,0,1112,248,96,96,0,-176,-368,0,1,50,0,1224,344,144,144,0,-152,-344,0,1,50,0,1112,248,96,96,0,-264,-144,0,1,100,0,1080,344,144,144,0,-240,-120,0,1,100,0,920,248,96,96,0,-64,-32,0,1,100,0,1032,192,56,56,0,-296,-176,0,1,100,0,1032,192,56,56,0,-168,-8,0,1,50,0,1032,192,56,56,0,-216,-240,0,1,50,0,1032,192,56,56,0,-272,-248,3,1,100,0,1464,864,120,120,0,-120,-96,0,1,100,0,1424,704,120,104,0,-140,-120,1,1,100,0,472,992,112,112,0,-232,-216,1,1,100,0,360,992,112,112,0,-256,-132,2,1,100,0,360,880,112,112,0,-145,-212,2,1,100,0,360,768,112,112,0,-135,-237,3,1,60,0,472,992,112,112,0,-230,-119,3,1,60,0,360,992,112,112,0,-127,-143,3,1,60,0,360,880,112,112,0,-247,-224,3,1,60,0,360,768,112,112,0,-236,-243,2,1,30,0,472,992,112,112,0,-158,-110,2,1,30,0,360,992,112,112,0,-115,-213,1,1,30,0,360,880,112,112,0,-253,-150,1,1,30,0,360,768,112,112,0,-232,-208,0,1,100,0,360,576,192,192,0,-32,-96,0,1,100,0,952,768,72,72,0,-32,-96,0,0,100,0,216,648,72,72,0,-24,-8,0,0,46,0,360,16,48,16,0,
0,35,-64,-96,0,1,100,0,288,312,16,16,0,-232,-80,0,1,100,0,288,312,16,16,0,-80,-184,0,1,100,0,304,296,16,16,0,-144,-24,0,1,100,0,304,296,16,16,0,-176,-48,0,1,100,0,288,296,16,16,0,-240,-112,0,1,100,0,288,296,16,16,0,-176,-208,0,1,100,0,288,296,16,16,0,-48,-136,0,1,100,0,288,296,16,16,0,-312,-96,0,1,100,0,936,344,144,144,0,-288,-72,0,1,100,0,920,248,96,96,0,-96,-200,0,1,100,0,1032,192,56,56,0,-88,-64,0,1,100,0,920,192,56,56,0,-264,-176,0,1,100,0,976,192,56,56,0,-88,-128,0,1,100,0,808,656,160,40,0,-184,-88,0,1,100,0,1024,808,40,160,0,-320,-184,0,1,100,0,744,696,160,72,0,-232,-208,0,1,100,0,936,560,96,96,0,-176,-280,3,1,100,0,624,952,40,160,0,-128,-264,2,1,100,0,784,968,80,144,0,-280,-88,1,1,100,0,1104,864,120,120,0,-272,-224,3,1,100,0,1064,704,120,104,0,-104,-96,0,1,100,0,1104,984,128,64,0,-128,-80,0,1,100,0,1128,560,64,144,0,-137,-112,1,1,50,0,472,992,112,112,0,-237,-224,1,1,50,0,360,992,112,112,0,-261,-135,2,1,50,0,360,880,112,112,0,-136,-217,2,1,50,0,360,768,112,112,0,-248,-112,0,1,100,0,472,992,112,112,0,-152,-224,0,1,100,0,360,992,112,112,0,-248,-224,0,1,100,0,360,880,112,112,0,-128,-120,0,1,100,0,360,768,112,112,0,-232,-208,0,1,100,0,920,0,192,192,0,-32,-96,0,1,100,0,736,768,72,72,0,-32,-96,0,0,100,0,0,648,72,72,0,-24,-8,0,0,46,0,360,16,48,16,0,
0,44,-64,-96,0,1,100,0,304,312,16,16,0,-232,-80,0,1,100,0,304,296,16,16,0,-80,-184,0,1,100,0,288,312,16,16,0,-144,-24,0,1,100,0,288,296,16,16,0,-176,-48,0,1,100,0,304,296,16,16,0,-240,-112,0,1,100,0,304,296,16,16,0,-176,-208,0,1,100,0,304,296,16,16,0,-48,-136,0,1,100,0,304,296,16,16,0,-296,-176,0,1,100,0,1224,344,144,144,0,-252,-132,0,1,100,0,1032,192,56,56,0,-184,-272,0,1,100,0,1080,344,144,144,0,-160,-248,0,1,100,0,920,248,96,96,0,-384,-24,0,1,100,0,1368,344,144,144,0,-360,0,0,1,100,0,1016,248,96,96,0,-96,-200,0,1,100,0,1032,192,56,56,0,-80,-56,0,1,100,0,920,192,56,56,0,-280,-184,0,1,100,0,976,192,56,56,0,-24,-124,0,1,100,0,968,656,160,40,0,-192,-40,0,1,100,0,1064,808,40,160,0,-368,-200,0,1,100,0,904,696,160,72,0,-296,-272,0,1,100,0,1032,560,96,96,0,-304,-192,3,1,100,0,1104,984,128,64,0,-112,-248,2,1,100,0,1104,864,120,120,0,-96,-176,2,1,100,0,1104,808,120,56,0,-288,-104,1,1,100,0,1104,808,120,56,0,-120,-96,0,1,100,0,1064,704,120,104,0,-176,-280,3,1,100,0,624,952,40,160,0,-128,-264,2,1,100,0,784,968,80,144,0,-280,-88,1,1,100,0,1104,864,120,120,0,-272,-224,3,1,100,0,1064,704,120,104,0,-104,-96,0,1,100,0,1104,984,128,64,0,-128,-80,0,1,100,0,1128,560,64,144,0,-228,-232,2,1,100,0,472,992,112,112,0,-166,-120,2,1,100,0,360,992,112,112,0,-124,-212,1,1,100,0,360,880,112,112,0,-243,-148,1,1,100,0,360,768,112,112,0,-252,-108,0,1,60,0,472,992,112,112,0,-150,-226,0,1,60,0,360,992,112,112,0,-252,-228,0,1,60,0,360,880,112,112,0,-125,-116,0,1,60,0,360,768,112,112,0,-232,-208,0,1,100,0,552,576,192,192,0,-32,-96,0,1,100,0,736,768,72,72,0,-32,-96,0,0,100,0,0,648,72,72,0,-24,-8,0,0,46,0,360,16,48,16,0,
0,63,-64,-96,0,1,100,0,288,312,16,16,0,-232,-80,0,1,100,0,288,296,16,16,0,-80,-184,0,1,100,0,304,312,16,16,0,-144,-24,0,1,100,0,304,296,16,16,0,-176,-48,0,1,100,0,288,312,16,16,0,-240,-112,0,1,100,0,288,312,16,16,0,-176,-208,0,1,100,0,288,312,16,16,0,-48,-136,0,1,100,0,288,312,16,16,0,-240,-96,0,1,100,0,936,344,144,144,0,-216,-72,0,1,100,0,920,248,96,96,0,-168,-344,0,1,100,0,936,344,144,144,0,-144,-320,0,1,100,0,1016,248,96,96,0,-376,-176,0,1,100,0,1080,344,144,144,0,-352,-152,0,1,100,0,920,248,96,96,0,-256,-248,0,1,100,0,1224,344,144,144,0,-212,-204,0,1,100,0,1032,192,56,56,0,-128,-192,0,1,100,0,1224,344,144,144,0,-392,-16,0,1,50,0,936,344,144,144,0,-368,8,0,1,50,0,1112,248,96,96,0,-84,-148,0,1,100,0,1032,192,56,56,0,-72,-224,0,1,50,0,1032,192,56,56,0,-64,-40,0,1,100,0,976,192,56,56,0,-296,-192,0,1,100,0,1032,192,56,56,0,-240,-104,0,1,100,0,1032,192,56,56,0,-136,-192,0,1,100,0,920,192,56,56,0,-96,-112,0,1,100,0,976,192,56,56,0,-208,-80,0,1,100,0,976,192,56,56,0,-312,-116,2,1,100,0,808,656,160,40,0,-136,-280,0,1,100,0,1024,808,40,160,0,-128,-112,0,1,100,0,744,696,160,72,0,-232,-112,2,1,100,0,1032,560,96,96,0,-272,-248,3,1,100,0,1104,864,120,120,0,-120,-96,0,1,100,0,1064,704,120,104,0,-304,-192,3,1,100,0,1232,984,128,64,0,-112,-248,2,1,100,0,1224,864,120,120,0,-96,-176,2,1,100,0,1224,808,120,56,0,-288,-104,1,1,100,0,1224,808,120,56,0,24,-121,0,1,50,0,968,656,160,40,0,-203,24,0,1,50,0,1064,808,40,160,0,-424,-219,0,1,50,0,904,696,160,72,0,-320,-296,0,1,50,0,1032,560,96,96,0,-176,-280,3,1,100,0,664,952,40,160,0,-128,-264,2,1,100,0,864,968,80,144,0,-280,-88,1,1,100,0,1224,864,120,120,0,-272,-224,3,1,100,0,1184,704,120,104,0,-104,-96,0,1,100,0,1232,984,128,64,0,-128,-80,0,1,100,0,1192,560,64,144,0,-140,-232,3,1,100,0,472,992,112,112,0,-224,-120,3,1,100,0,360,992,112,112,0,-132,-148,3,1,100,0,360,880,112,112,0,-243,-220,3,1,100,0,360,768,112,112,0,-231,-235,2,1,60,0,472,992,112,112,0,-164,-117,2,1,60,0,360,992,112,112,0,-121,-209,1,1,60,0,360,880,112,112,0,-247,-150,1,1,60,0,360,768,112,112,0,-254,-106,0,1,30,0,472,992,112,112,0,-148,-228,0,1,30,0,360,992,112,112,0,-254,-230,0,1,30,0,360,880,112,112,0,-123,-114,0,1,30,0,360,768,112,112,0,-232,-208,0,1,100,0,920,0,192,192,0,-32,-96,0,1,100,0,808,768,72,72,0,-32,-96,0,0,100,0,72,648,72,72,0,-24,-8,0,0,46,0,360,16,48,16,0,
0,71,-64,-96,0,1,100,0,304,296,16,16,0,-232,-80,0,1,100,0,304,296,16,16,0,-80,-184,0,1,100,0,288,312,16,16,0,-144,-24,0,1,100,0,304,312,16,16,0,-176,-48,0,1,100,0,304,296,16,16,0,-240,-112,0,1,100,0,304,296,16,16,0,-176,-208,0,1,100,0,304,312,16,16,0,-48,-136,0,1,100,0,304,312,16,16,0,-272,-128,0,1,100,0,936,344,144,144,0,-248,-104,0,1,100,0,920,248,96,96,0,-160,-208,0,1,100,0,1080,344,144,144,0,-136,-184,0,1,100,0,920,248,96,96,0,-192,-112,0,1,100,0,1224,344,144,144,0,-148,-68,0,1,100,0,1032,192,56,56,0,-280,-200,0,1,100,0,1224,344,144,144,0,-236,-156,0,1,100,0,1032,192,56,56,0,-152,-400,0,1,100,0,1368,344,144,144,0,-128,-376,0,1,100,0,1112,248,96,96,0,-256,-32,0,1,100,0,1368,344,144,144,0,-232,-8,0,1,100,0,1016,248,96,96,0,-56,-208,0,1,100,0,1080,344,144,144,0,-32,-184,0,1,100,0,920,248,96,96,0,-280,-296,0,1,100,0,1080,344,144,144,0,-256,-272,0,1,100,0,920,248,96,96,0,-440,-176,0,1,100,0,936,344,144,144,0,-416,-152,0,1,100,0,920,248,96,96,0,-72,-224,0,1,50,0,1032,192,56,56,0,-56,-32,0,1,100,0,976,192,56,56,0,-302,-195,0,1,100,0,1032,192,56,56,0,-240,-104,0,1,100,0,1032,192,56,56,0,-132,-206,0,1,100,0,920,192,56,56,0,-82,-109,0,1,100,0,976,192,56,56,0,-216,-64,0,1,100,0,976,192,56,56,0,-176,-80,0,1,100,0,1024,808,40,160,0,-112,-80,0,1,100,0,936,560,96,96,0,-344,-148,0,1,100,0,808,656,160,40,0,-192,-304,1,1,100,0,1024,808,40,160,0,-88,-192,2,1,100,0,744,696,160,72,0,-112,-216,2,1,100,0,1032,560,96,96,0,-392,-111,2,1,100,0,968,656,160,40,0,-120,-368,0,1,100,0,1064,808,40,160,0,-56,-88,0,1,100,0,904,696,160,72,0,-280,-64,2,1,100,0,1032,560,96,96,0,-272,-248,3,1,100,0,1104,864,120,120,0,-120,-96,0,1,100,0,1064,704,120,104,0,-304,-192,3,1,100,0,1104,1048,128,64,0,-112,-248,2,1,100,0,1344,864,120,120,0,-96,-176,2,1,100,0,1344,808,120,56,0,-288,-104,1,1,100,0,1344,808,120,56,0,-176,-280,3,1,100,0,664,952,40,160,0,-128,-264,2,1,100,0,864,968,80,144,0,-280,-88,1,1,100,0,1224,864,120,120,0,-272,-224,3,1,100,0,1184,704,120,104,0,-104,-96,0,1,100,0,1232,984,128,64,0,-128,-80,0,1,100,0,1192,560,64,144,0,-140,-120,1,1,100,0,472,992,112,112,0,-232,-216,1,1,100,0,360,992,112,112,0,-256,-132,2,1,100,0,360,880,112,112,0,-145,-212,2,1,100,0,360,768,112,112,0,-135,-237,3,1,60,0,472,992,112,112,0,-230,-119,3,1,60,0,360,992,112,112,0,-127,-143,3,1,60,0,360,880,112,112,0,-247,-224,3,1,60,0,360,768,112,112,0,-236,-243,2,1,30,0,472,992,112,112,0,-158,-110,2,1,30,0,360,992,112,112,0,-115,-213,1,1,30,0,360,880,112,112,0,-253,-150,1,1,30,0,360,768,112,112,0,-232,-208,0,1,100,0,360,576,192,192,0,-32,-96,0,1,100,0,808,768,72,72,0,-32,-96,0,0,100,0,72,648,72,72,0,-24,-8,0,0,46,0,360,16,48,16,0,
0,71,-64,-96,0,1,100,0,288,312,16,16,0,-232,-80,0,1,100,0,288,312,16,16,0,-80,-184,0,1,100,0,304,296,16,16,0,-144,-24,0,1,100,0,304,296,16,16,0,-176,-48,0,1,100,0,288,296,16,16,0,-240,-112,0,1,100,0,288,296,16,16,0,-176,-208,0,1,100,0,288,296,16,16,0,-48,-136,0,1,100,0,288,296,16,16,0,-320,-80,0,1,100,0,1368,344,144,144,0,-296,-56,0,1,100,0,1016,248,96,96,0,-184,-72,0,1,100,0,1080,344,144,144,0,-160,-48,0,1,100,0,920,248,96,96,0,-328,-216,0,1,100,0,1080,344,144,144,0,-304,-192,0,1,100,0,920,248,96,96,0,-128,-240,0,1,100,0,936,344,144,144,0,-104,-216,0,1,100,0,1016,248,96,96,0,-312,-360,0,1,100,0,936,344,144,144,0,-288,-336,0,1,100,0,1016,248,96,96,0,16,-224,0,1,100,0,936,344,144,144,0,40,-200,0,1,100,0,1016,248,96,96,0,-488,-176,0,1,50,0,1368,344,144,144,0,-464,-152,0,1,50,0,1016,248,96,96,0,-264,0,0,1,50,0,936,344,144,144,0,-240,24,0,1,50,0,1112,248,96,96,0,-144,-424,0,1,50,0,936,344,144,144,0,-120,-400,0,1,50,0,1112,248,96,96,0,-280,-88,0,1,50,0,1032,192,56,56,0,-120,-240,0,1,100,0,976,192,56,56,0,-56,-104,0,1,100,0,1032,192,56,56,0,-232,-40,0,1,100,0,1032,192,56,56,0,-40,-24,0,1,100,0,1032,192,56,56,0,-320,-200,0,1,50,0,1032,192,56,56,0,-88,-176,0,1,100,0,1032,192,56,56,0,-120,-88,0,1,100,0,920,192,56,56,0,-232,-160,0,1,100,0,920,192,56,56,0,-168,-64,0,1,100,0,976,192,56,56,0,-192,-192,0,1,100,0,976,192,56,56,0,-192,8,0,1,100,0,1064,808,40,160,0,-56,-24,0,1,100,0,1032,560,96,96,0,-424,-153,0,1,100,0,968,656,160,40,0,-208,-392,1,1,100,0,1064,808,40,160,0,-16,-216,2,1,100,0,904,696,160,72,0,-64,-264,2,1,100,0,936,560,96,96,0,-456,-107,2,1,50,0,968,656,160,40,0,-112,-416,0,1,50,0,1064,808,40,160,0,-8,-72,0,1,50,0,904,696,160,72,0,-312,-32,2,1,50,0,1032,560,96,96,0,-272,-248,3,1,100,0,1224,864,120,120,0,-120,-96,0,1,100,0,1184,704,120,104,0,-304,-192,3,1,100,0,1232,1048,128,64,0,-112,-248,2,1,100,0,1464,864,120,120,0,-96,-176,2,1,100,0,1464,808,120,56,0,-288,-104,1,1,100,0,1464,808,120,56,0,-176,-280,3,1,100,0,704,952,40,160,0,-128,-264,2,1,100,0,944,968,80,144,0,-280,-88,1,1,100,0,1344,864,120,120,0,-272,-224,3,1,100,0,1304,704,120,104,0,-104,-96,0,1,100,0,1104,1048,128,64,0,-128,-80,0,1,100,0,1256,560,64,144,0,-137,-112,1,1,50,0,472,992,112,112,0,-237,-224,1,1,50,0,360,992,112,112,0,-261,-135,2,1,50,0,360,880,112,112,0,-136,-217,2,1,50,0,360,768,112,112,0,-248,-112,0,1,100,0,472,992,112,112,0,-152,-224,0,1,100,0,360,992,112,112,0,-248,-224,0,1,100,0,360,880,112,112,0,-128,-120,0,1,100,0,360,768,112,112,0,-232,-208,0,1,100,0,920,0,192,192,0,-32,-96,0,1,100,0,880,768,72,72,0,-32,-96,0,0,100,0,144,648,72,72,0,-24,-8,0,0,46,0,360,16,48,16,0,
0,65,-64,-96,0,1,100,0,304,312,16,16,0,-232,-80,0,1,100,0,304,296,16,16,0,-80,-184,0,1,100,0,288,312,16,16,0,-144,-24,0,1,100,0,288,296,16,16,0,-176,-48,0,1,100,0,304,296,16,16,0,-240,-112,0,1,100,0,304,296,16,16,0,-176,-208,0,1,100,0,304,296,16,16,0,-48,-136,0,1,100,0,304,296,16,16,0,-264,-168,0,1,100,0,936,344,144,144,0,-240,-144,0,1,100,0,920,248,96,96,0,-144,-192,0,1,100,0,1080,344,144,144,0,-120,-168,0,1,100,0,920,248,96,96,0,-264,-224,0,1,100,0,1080,344,144,144,0,-240,-200,0,1,100,0,920,248,96,96,0,-192,-256,0,1,100,0,936,344,144,144,0,-168,-232,0,1,100,0,920,248,96,96,0,-72,-296,0,1,100,0,1368,344,144,144,0,-48,-272,0,1,100,0,1016,248,96,96,0,-400,-240,0,1,100,0,936,344,144,144,0,-376,-216,0,1,100,0,1016,248,96,96,0,-168,-8,0,1,100,0,936,344,144,144,0,-144,16,0,1,100,0,1016,248,96,96,0,-368,-32,0,1,50,0,936,344,144,144,0,-344,-8,0,1,50,0,1112,248,96,96,0,56,-232,0,1,50,0,1368,344,144,144,0,80,-208,0,1,50,0,1112,248,96,96,0,-328,-392,0,1,50,0,1368,344,144,144,0,-304,-368,0,1,50,0,1112,248,96,96,0,-283,-88,0,1,50,0,1032,192,56,56,0,-110,-270,0,1,100,0,976,192,56,56,0,-54,-103,0,1,100,0,1032,192,56,56,0,-236,-36,0,1,100,0,1032,192,56,56,0,-38,-22,0,1,100,0,1032,192,56,56,0,-322,-201,0,1,50,0,1032,192,56,56,0,-88,-176,0,1,100,0,1032,192,56,56,0,-104,-72,0,1,100,0,920,192,56,56,0,-248,-164,0,1,100,0,920,192,56,56,0,-168,-48,0,1,100,0,976,192,56,56,0,-200,-208,0,1,100,0,976,192,56,56,0,-202,64,0,1,50,0,1064,808,40,160,0,-24,8,0,1,50,0,1032,560,96,96,0,-464,-155,0,1,50,0,968,656,160,40,0,-215,-432,1,1,50,0,1064,808,40,160,0,16,-227,2,1,50,0,904,696,160,72,0,-16,-312,2,1,50,0,1032,560,96,96,0,-272,-248,3,1,100,0,1224,864,120,120,0,-120,-96,0,1,100,0,1184,704,120,104,0,-176,-280,3,1,100,0,704,952,40,160,0,-128,-264,2,1,100,0,944,968,80,144,0,-280,-88,1,1,100,0,1344,864,120,120,0,-272,-224,3,1,100,0,1304,704,120,104,0,-104,-96,0,1,100,0,1104,1048,128,64,0,-128,-80,0,1,100,0,1256,560,64,144,0,-228,-232,2,1,100,0,472,992,112,112,0,-166,-120,2,1,100,0,360,992,112,112,0,-124,-212,1,1,100,0,360,880,112,112,0,-243,-148,1,1,100,0,360,768,112,112,0,-252,-108,0,1,60,0,472,992,112,112,0,-150,-226,0,1,60,0,360,992,112,112,0,-252,-228,0,1,60,0,360,880,112,112,0,-125,-116,0,1,60,0,360,768,112,112,0,-232,-208,0,1,100,0,552,576,192,192,0,-32,-96,0,1,100,0,880,768,72,72,0,-32,-96,0,0,100,0,144,648,72,72,0,-24,-8,0,0,46,0,360,16,48,16,0,
0,56,-64,-96,0,1,100,0,288,312,16,16,0,-232,-80,0,1,100,0,288,296,16,16,0,-80,-184,0,1,100,0,304,312,16,16,0,-144,-24,0,1,100,0,304,296,16,16,0,-176,-48,0,1,100,0,288,312,16,16,0,-240,-112,0,1,100,0,288,312,16,16,0,-176,-208,0,1,100,0,288,312,16,16,0,-48,-136,0,1,100,0,288,312,16,16,0,-344,-152,0,1,100,0,1080,344,144,144,0,-320,-128,0,1,100,0,1016,248,96,96,0,-64,-200,0,1,100,0,936,344,144,144,0,-40,-176,0,1,100,0,1016,248,96,96,0,-320,-280,0,1,100,0,936,344,144,144,0,-296,-256,0,1,100,0,1016,248,96,96,0,-184,-336,0,1,100,0,1080,344,144,144,0,-160,-312,0,1,100,0,1016,248,96,96,0,-40,-328,0,1,50,0,936,344,144,144,0,-16,-304,0,1,50,0,1112,248,96,96,0,-152,40,0,1,50,0,1368,344,144,144,0,-128,64,0,1,50,0,1112,248,96,96,0,-432,-248,0,1,50,0,1368,344,144,144,0,-408,-224,0,1,50,0,1112,248,96,96,0,-104,-288,0,1,100,0,1032,192,56,56,0,-8,-88,0,1,50,0,1032,192,56,56,0,-248,-16,0,1,50,0,1032,192,56,56,0,-24,-8,0,1,50,0,1032,192,56,56,0,-280,-88,0,1,50,0,1032,192,56,56,0,-88,-176,0,1,100,0,1032,192,56,56,0,-88,-56,0,1,100,0,976,192,56,56,0,-272,-168,0,1,100,0,976,192,56,56,0,-168,-24,0,1,100,0,1032,192,56,56,0,-208,-224,0,1,100,0,1032,192,56,56,0,-272,-248,3,1,100,0,1344,864,120,120,0,-120,-96,0,1,100,0,1304,704,120,104,0,-176,-280,3,1,100,0,744,952,40,160,0,-128,-264,2,1,100,0,1024,968,80,144,0,-280,-88,1,1,100,0,1464,864,120,120,0,-272,-224,3,1,100,0,1424,704,120,104,0,-104,-96,0,1,100,0,1232,1048,128,64,0,-128,-80,0,1,100,0,1320,560,64,144,0,-140,-232,3,1,100,0,472,992,112,112,0,-224,-120,3,1,100,0,360,992,112,112,0,-132,-148,3,1,100,0,360,880,112,112,0,-243,-220,3,1,100,0,360,768,112,112,0,-231,-235,2,1,60,0,472,992,112,112,0,-164,-117,2,1,60,0,360,992,112,112,0,-121,-209,1,1,60,0,360,880,112,112,0,-247,-150,1,1,60,0,360,768,112,112,0,-254,-106,0,1,30,0,472,992,112,112,0,-148,-228,0,1,30,0,360,992,112,112,0,-254,-230,0,1,30,0,360,880,112,112,0,-123,-114,0,1,30,0,360,768,112,112,0,-232,-208,0,1,100,0,920,0,192,192,0,-32,-96,0,1,100,0,952,768,72,72,0,-32,-96,0,0,100,0,216,648,72,72,0,-24,-8,0,0,46,0,360,16,48,16,0,
0,40,-64,-96,0,1,100,0,304,296,16,16,0,-232,-80,0,1,100,0,304,296,16,16,0,-80,-184,0,1,100,0,288,312,16,16,0,-144,-24,0,1,100,0,304,312,16,16,0,-176,-48,0,1,100,0,304,296,16,16,0,-240,-112,0,1,100,0,304,296,16,16,0,-176,-208,0,1,100,0,304,312,16,16,0,-48,-136,0,1,100,0,304,312,16,16,0,-400,-144,0,1,50,0,936,344,144,144,0,-376,-120,0,1,50,0,1112,248,96,96,0,-24,-208,0,1,50,0,1080,344,144,144,0,0,-184,0,1,50,0,1112,248,96,96,0,-344,-304,0,1,50,0,1368,344,144,144,0,-320,-280,0,1,50,0,1112,248,96,96,0,-176,-368,0,1,50,0,1224,344,144,144,0,-152,-344,0,1,50,0,1112,248,96,96,0,-264,-144,0,1,100,0,1080,344,144,144,0,-240,-120,0,1,100,0,920,248,96,96,0,-64,-32,0,1,100,0,1032,192,56,56,0,-296,-176,0,1,100,0,1032,192,56,56,0,-168,-8,0,1,50,0,1032,192,56,56,0,-216,-240,0,1,50,0,1032,192,56,56,0,-272,-248,3,1,100,0,1464,864,120,120,0,-120,-96,0,1,100,0,1424,704,120,104,0,-140,-120,1,1,100,0,472,992,112,112,0,-232,-216,1,1,100,0,360,992,112,112,0,-256,-132,2,1,100,0,360,880,112,112,0,-145,-212,2,1,100,0,360,768,112,112,0,-135,-237,3,1,60,0,472,992,112,112,0,-230,-119,3,1,60,0,360,992,112,112,0,-127,-143,3,1,60,0,360,880,112,112,0,-247,-224,3,1,60,0,360,768,112,112,0,-236,-243,2,1,30,0,472,992,112,112,0,-158,-110,2,1,30,0,360,992,112,112,0,-115,-213,1,1,30,0,360,880,112,112,0,-253,-150,1,1,30,0,360,768,112,112,0,-232,-208,0,1,100,0,360,576,192,192,0,-32,-96,0,1,100,0,952,768,72,72,0,-32,-96,0,0,100,0,216,648,72,72,0,-24,-8,0,0,46,0,360,16,48,16,0,
0,35,-64,-96,0,1,100,0,288,312,16,16,0,-232,-80,0,1,100,0,288,312,16,16,0,-80,-184,0,1,100,0,304,296,16,16,0,-144,-24,0,1,100,0,304,296,16,16,0,-176,-48,0,1,100,0,288,296,16,16,0,-240,-112,0,1,100,0,288,296,16,16,0,-176,-208,0,1,100,0,288,296,16,16,0,-48,-136,0,1,100,0,288,296,16,16,0,-312,-96,0,1,100,0,936,344,144,144,0,-288,-72,0,1,100,0,920,248,96,96,0,-96,-200,0,1,100,0,1032,192,56,56,0,-88,-64,0,1,100,0,920,192,56,56,0,-264,-176,0,1,100,0,976,192,56,56,0,-88,-128,0,1,100,0,808,656,160,40,0,-184,-88,0,1,100,0,1024,808,40,160,0,-320,-184,0,1,100,0,744,696,160,72,0,-232,-208,0,1,100,0,936,560,96,96,0,-136,-80,0,1,100,0,624,952,40,160,0,-120,-104,0,1,100,0,1104,808,120,56,0,-264,-240,3,1,100,0,1104,864,120,120,0,-120,-176,2,1,100,0,1104,984,128,64,0,-128,-272,2,1,100,0,1128,560,64,144,0,-288,-88,1,1,100,0,1064,704,120,104,0,-137,-112,1,1,50,0,472,992,112,112,0,-237,-224,1,1,50,0,360,992,112,112,0,-261,-135,2,1,50,0,360,880,112,112,0,-136,-217,2,1,50,0,360,768,112,112,0,-248,-112,0,1,100,0,472,992,112,112,0,-152,-224,0,1,100,0,360,992,112,112,0,-248,-224,0,1,100,0,360,880,112,112,0,-128,-120,0,1,100,0,360,768,112,112,0,-232,-208,0,1,100,0,920,0,192,192,0,-32,-96,0,1,100,0,736,768,72,72,0,-32,-96,0,0,100,0,0,648,72,72,0,-24,-8,0,0,46,0,360,16,48,16,0,
0,44,-64,-96,0,1,100,0,304,312,16,16,0,-232,-80,0,1,100,0,304,296,16,16,0,-80,-184,0,1,100,0,288,312,16,16,0,-144,-24,0,1,100,0,288,296,16,16,0,-176,-48,0,1,100,0,304,296,16,16,0,-240,-112,0,1,100,0,304,296,16,16,0,-176,-208,0,1,100,0,304,296,16,16,0,-48,-136,0,1,100,0,304,296,16,16,0,-296,-176,0,1,100,0,1224,344,144,144,0,-252,-132,0,1,100,0,1032,192,56,56,0,-184,-272,0,1,100,0,1080,344,144,144,0,-160,-248,0,1,100,0,920,248,96,96,0,-384,-24,0,1,100,0,1368,344,144,144,0,-360,0,0,1,100,0,1016,248,96,96,0,-96,-200,0,1,100,0,1032,192,56,56,0,-80,-56,0,1,100,0,920,192,56,56,0,-280,-184,0,1,100,0,976,192,56,56,0,-24,-124,0,1,100,0,968,656,160,40,0,-192,-40,0,1,100,0,1064,808,40,160,0,-368,-200,0,1,100,0,904,696,160,72,0,-296,-272,0,1,100,0,1032,560,96,96,0,-304,-192,3,1,100,0,1104,984,128,64,0,-112,-248,2,1,100,0,1104,864,120,120,0,-96,-176,2,1,100,0,1104,808,120,56,0,-288,-104,1,1,100,0,1104,808,120,56,0,-120,-96,0,1,100,0,1064,704,120,104,0,-136,-80,0,1,100,0,624,952,40,160,0,-120,-104,0,1,100,0,1104,808,120,56,0,-264,-240,3,1,100,0,1104,864,120,120,0,-120,-176,2,1,100,0,1104,984,128,64,0,-128,-272,2,1,100,0,1128,560,64,144,0,-288,-88,1,1,100,0,1064,704,120,104,0,-228,-232,2,1,100,0,472,992,112,112,0,-166,-120,2,1,100,0,360,992,112,112,0,-124,-212,1,1,100,0,360,880,112,112,0,-243,-148,1,1,100,0,360,768,112,112,0,-252,-108,0,1,60,0,472,992,112,112,0,-150,-226,0,1,60,0,360,992,112,112,0,-252,-228,0,1,60,0,360,880,112,112,0,-125,-116,0,1,60,0,360,768,112,112,0,-232,-208,0,1,100,0,552,576,192,192,0,-32,-96,0,1,100,0,736,768,72,72,0,-32,-96,0,0,100,0,0,648,72,72,0,-24,-8,0,0,46,0,360,16,48,16,0,
0,63,-64,-96,0,1,100,0,288,312,16,16,0,-232,-80,0,1,100,0,288,296,16,16,0,-80,-184,0,1,100,0,304,312,16,16,0,-144,-24,0,1,100,0,304,296,16,16,0,-176,-48,0,1,100,0,288,312,16,16,0,-240,-112,0,1,100,0,288,312,16,16,0,-176,-208,0,1,100,0,288,312,16,16,0,-48,-136,0,1,100,0,288,312,16,16,0,-240,-96,0,1,100,0,936,344,144,144,0,-216,-72,0,1,100,0,920,248,96,96,0,-168,-344,0,1,100,0,936,344,144,144,0,-144,-320,0,1,100,0,1016,248,96,96,0,-376,-176,0,1,100,0,1080,344,144,144,0,-352,-152,0,1,100,0,920,248,96,96,0,-256,-248,0,1,100,0,1224,344,144,144,0,-212,-204,0,1,100,0,1032,192,56,56,0,-128,-192,0,1,100,0,1224,344,144,144,0,-392,-16,0,1,50,0,936,344,144,144,0,-368,8,0,1,50,0,1112,248,96,96,0,-84,-148,0,1,100,0,1032,192,56,56,0,-72,-224,0,1,50,0,1032,192,56,56,0,-64,-40,0,1,100,0,976,192,56,56,0,-296,-192,0,1,100,0,1032,192,56,56,0,-240,-104,0,1,100,0,1032,192,56,56,0,-136,-192,0,1,100,0,920,192,56,56,0,-96,-112,0,1,100,0,976,192,56,56,0,-208,-80,0,1,100,0,976,192,56,56,0,-312,-116,2,1,100,0,808,656,160,40,0,-136,-280,0,1,100,0,1024,808,40,160,0,-128,-112,0,1,100,0,744,696,160,72,0,-232,-112,2,1,100,0,1032,560,96,96,0,-272,-248,3,1,100,0,1104,864,120,120,0,-120,-96,0,1,100,0,1064,704,120,104,0,-304,-192,3,1,100,0,1232,984,128,64,0,-112,-248,2,1,100,0,1224,864,120,120,0,-96,-176,2,1,100,0,1224,808,120,56,0,-288,-104,1,1,100,0,1224,808,120,56,0,24,-121,0,1,50,0,968,656,160,40,0,-203,24,0,1,50,0,1064,808,40,160,0,-424,-219,0,1,50,0,904,696,160,72,0,-320,-296,0,1,50,0,1032,560,96,96,0,-136,-80,0,1,100,0,664,952,40,160,0,-120,-104,0,1,100,0,1224,808,120,56,0,-264,-240,3,1,100,0,1224,864,120,120,0,-120,-176,2,1,100,0,1232,984,128,64,0,-128,-272,2,1,100,0,1192,560,64,144,0,-288,-88,1,1,100,0,1184,704,120,104,0,-140,-232,3,1,100,0,472,992,112,112,0,-224,-120,3,1,100,0,360,992,112,112,0,-132,-148,3,1,100,0,360,880,112,112,0,-243,-220,3,1,100,0,360,768,112,112,0,-231,-235,2,1,60,0,472,992,112,112,0,-164,-117,2,1,60,0,360,992,112,112,0,-121,-209,1,1,60,0,360,880,112,112,0,-247,-150,1,1,60,0,360,768,112,112,0,-254,-106,0,1,30,0,472,992,112,112,0,-148,-228,0,1,30,0,360,992,112,112,0,-254,-230,0,1,30,0,360,880,112,112,0,-123,-114,0,1,30,0,360,768,112,112,0,-232,-208,0,1,100,0,920,0,192,192,0,-32,-96,0,1,100,0,808,768,72,72,0,-32,-96,0,0,100,0,72,648,72,72,0,-24,-8,0,0,46,0,360,16,48,16,0,
0,71,-64,-96,0,1,100,0,304,296,16,16,0,-232,-80,0,1,100,0,304,296,16,16,0,-80,-184,0,1,100,0,288,312,16,16,0,-144,-24,0,1,100,0,304,312,16,16,0,-176,-48,0,1,100,0,304,296,16,16,0,-240,-112,0,1,100,0,304,296,16,16,0,-176,-208,0,1,100,0,304,312,16,16,0,-48,-136,0,1,100,0,304,312,16,16,0,-272,-128,0,1,100,0,936,344,144,144,0,-248,-104,0,1,100,0,920,248,96,96,0,-160,-208,0,1,100,0,1080,344,144,144,0,-136,-184,0,1,100,0,920,248,96,96,0,-192,-112,0,1,100,0,1224,344,144,144,0,-148,-68,0,1,100,0,1032,192,56,56,0,-280,-200,0,1,100,0,1224,344,144,144,0,-236,-156,0,1,100,0,1032,192,56,56,0,-152,-400,0,1,100,0,1368,344,144,144,0,-128,-376,0,1,100,0,1112,248,96,96,0,-256,-32,0,1,100,0,1368,344,144,144,0,-232,-8,0,1,100,0,1016,248,96,96,0,-56,-208,0,1,100,0,1080,344,144,144,0,-32,-184,0,1,100,0,920,248,96,96,0,-280,-296,0,1,100,0,1080,344,144,144,0,-256,-272,0,1,100,0,920,248,96,96,0,-440,-176,0,1,100,0,936,344,144,144,0,-416,-152,0,1,100,0,920,248,96,96,0,-72,-224,0,1,50,0,1032,192,56,56,0,-56,-32,0,1,100,0,976,192,56,56,0,-302,-195,0,1,100,0,1032,192,56,56,0,-240,-104,0,1,100,0,1032,192,56,56,0,-132,-206,0,1,100,0,920,192,56,56,0,-82,-109,0,1,100,0,976,192,56,56,0,-216,-64,0,1,100,0,976,192,56,56,0,-176,-80,0,1,100,0,1024,808,40,160,0,-112,-80,0,1,100,0,936,560,96,96,0,-344,-148,0,1,100,0,808,656,160,40,0,-192,-304,1,1,100,0,1024,808,40,160,0,-88,-192,2,1,100,0,744,696,160,72,0,-112,-216,2,1,100,0,1032,560,96,96,0,-392,-111,2,1,100,0,968,656,160,40,0,-120,-368,0,1,100,0,1064,808,40,160,0,-56,-88,0,1,100,0,904,696,160,72,0,-280,-64,2,1,100,0,1032,560,96,96,0,-272,-248,3,1,100,0,1104,864,120,120,0,-120,-96,0,1,100,0,1064,704,120,104,0,-304,-192,3,1,100,0,1104,1048,128,64,0,-112,-248,2,1,100,0,1344,864,120,120,0,-96,-176,2,1,100,0,1344,808,120,56,0,-288,-104,1,1,100,0,1344,808,120,56,0,-136,-80,0,1,100,0,664,952,40,160,0,-120,-104,0,1,100,0,1224,808,120,56,0,-264,-240,3,1,100,0,1224,864,120,120,0,-120,-176,2,1,100,0,1232,984,128,64,0,-128,-272,2,1,100,0,1192,560,64,144,0,-288,-88,1,1,100,0,1184,704,120,104,0,-140,-120,1,1,100,0,472,992,112,112,0,-232,-216,1,1,100,0,360,992,112,112,0,-256,-132,2,1,100,0,360,880,112,112,0,-145,-212,2,1,100,0,360,768,112,112,0,-135,-237,3,1,60,0,472,992,112,112,0,-230,-119,3,1,60,0,360,992,112,112,0,-127,-143,3,1,60,0,360,880,112,112,0,-247,-224,3,1,60,0,360,768,112,112,0,-236,-243,2,1,30,0,472,992,112,112,0,-158,-110,2,1,30,0,360,992,112,112,0,-115,-213,1,1,30,0,360,880,112,112,0,-253,-150,1,1,30,0,360,768,112,112,0,-232,-208,0,1,100,0,360,576,192,192,0,-32,-96,0,1,100,0,808,768,72,72,0,-32,-96,0,0,100,0,72,648,72,72,0,-24,-8,0,0,46,0,360,16,48,16,0,
0,71,-64,-96,0,1,100,0,288,312,16,16,0,-232,-80,0,1,100,0,288,312,16,16,0,-80,-184,0,1,100,0,304,296,16,16,0,-144,-24,0,1,100,0,304,296,16,16,0,-176,-48,0,1,100,0,288,296,16,16,0,-240,-112,0,1,100,0,288,296,16,16,0,-176,-208,0,1,100,0,288,296,16,16,0,-48,-136,0,1,100,0,288,296,16,16,0,-320,-80,0,1,100,0,1368,344,144,144,0,-296,-56,0,1,100,0,1016,248,96,96,0,-184,-72,0,1,100,0,1080,344,144,144,0,-160,-48,0,1,100,0,920,248,96,96,0,-328,-216,0,1,100,0,1080,344,144,144,0,-304,-192,0,1,100,0,920,248,96,96,0,-128,-240,0,1,100,0,936,344,144,144,0,-104,-216,0,1,100,0,1016,248,96,96,0,-312,-360,0,1,100,0,936,344,144,144,0,-288,-336,0,1,100,0,1016,248,96,96,0,16,-224,0,1,100,0,936,344,144,144,0,40,-200,0,1,100,0,1016,248,96,96,0,-488,-176,0,1,50,0,1368,344,144,144,0,-464,-152,0,1,50,0,1016,248,96,96,0,-264,0,0,1,50,0,936,344,144,144,0,-240,24,0,1,50,0,1112,248,96,96,0,-144,-424,0,1,50,0,936,344,144,144,0,-120,-400,0,1,50,0,1112,248,96,96,0,-280,-88,0,1,50,0,1032,192,56,56,0,-120,-240,0,1,100,0,976,192,56,56,0,-56,-104,0,1,100,0,1032,192,56,56,0,-232,-40,0,1,100,0,1032,192,56,56,0,-40,-24,0,1,100,0,1032,192,56,56,0,-320,-200,0,1,50,0,1032,192,56,56,0,-88,-176,0,1,100,0,1032,192,56,56,0,-120,-88,0,1,100,0,920,192,56,56,0,-232,-160,0,1,100,0,920,192,56,56,0,-168,-64,0,1,100,0,976,192,56,56,0,-192,-192,0,1,100,0,976,192,56,56,0,-192,8,0,1,100,0,1064,808,40,160,0,-56,-24,0,1,100,0,1032,560,96,96,0,-424,-153,0,1,100,0,968,656,160,40,0,-208,-392,1,1,100,0,1064,808,40,160,0,-16,-216,2,1,100,0,904,696,160,72,0,-64,-264,2,1,100,0,936,560,96,96,0,-456,-107,2,1,50,0,968,656,160,40,0,-112,-416,0,1,50,0,1064,808,40,160,0,-8,-72,0,1,50,0,904,696,160,72,0,-312,-32,2,1,50,0,1032,560,96,96,0,-272,-248,3,1,100,0,1224,864,120,120,0,-120,-96,0,1,100,0,1184,704,120,104,0,-304,-192,3,1,100,0,1232,1048,128,64,0,-112,-248,2,1,100,0,1464,864,120,120,0,-96,-176,2,1,100,0,1464,808,120,56,0,-288,-104,1,1,100,0,1464,808,120,56,0,-136,-80,0,1,100,0,704,952,40,160,0,-120,-104,0,1,100,0,1344,808,120,56,0,-264,-240,3,1,100,0,1344,864,120,120,0,-120,-176,2,1,100,0,1104,1048,128,64,0,-128,-272,2,1,100,0,1256,560,64,144,0,-288,-88,1,1,100,0,1304,704,120,104,0,-137,-112,1,1,50,0,472,992,112,112,0,-237,-224,1,1,50,0,360,992,112,112,0,-261,-135,2,1,50,0,360,880,112,112,0,-136,-217,2,1,50,0,360,768,112,112,0,-248,-112,0,1,100,0,472,992,112,112,0,-152,-224,0,1,100,0,360,992,112,112,0,-248,-224,0,1,100,0,360,880,112,112,0,-128,-120,0,1,100,0,360,768,112,112,0,-232,-208,0,1,100,0,920,0,192,192,0,-32,-96,0,1,100,0,880,768,72,72,0,-32,-96,0,0,100,0,144,648,72,72,0,-24,-8,0,0,46,0,360,16,48,16,0,
0,65,-64,-96,0,1,100,0,304,312,16,16,0,-232,-80,0,1,100,0,304,296,16,16,0,-80,-184,0,1,100,0,288,312,16,16,0,-144,-24,0,1,100,0,288,296,16,16,0,-176,-48,0,1,100,0,304,296,16,16,0,-240,-112,0,1,100,0,304,296,16,16,0,-176,-208,0,1,100,0,304,296,16,16,0,-48,-136,0,1,100,0,304,296,16,16,0,-264,-168,0,1,100,0,936,344,144,144,0,-240,-144,0,1,100,0,920,248,96,96,0,-144,-192,0,1,100,0,1080,344,144,144,0,-120,-168,0,1,100,0,920,248,96,96,0,-264,-224,0,1,100,0,1080,344,144,144,0,-240,-200,0,1,100,0,920,248,96,96,0,-192,-256,0,1,100,0,936,344,144,144,0,-168,-232,0,1,100,0,920,248,96,96,0,-72,-296,0,1,100,0,1368,344,144,144,0,-48,-272,0,1,100,0,1016,248,96,96,0,-400,-240,0,1,100,0,936,344,144,144,0,-376,-216,0,1,100,0,1016,248,96,96,0,-168,-8,0,1,100,0,936,344,144,144,0,-144,16,0,1,100,0,1016,248,96,96,0,-368,-32,0,1,50,0,936,344,144,144,0,-344,-8,0,1,50,0,1112,248,96,96,0,56,-232,0,1,50,0,1368,344,144,144,0,80,-208,0,1,50,0,1112,248,96,96,0,-328,-392,0,1,50,0,1368,344,144,144,0,-304,-368,0,1,50,0,1112,248,96,96,0,-283,-88,0,1,50,0,1032,192,56,56,0,-110,-270,0,1,100,0,976,192,56,56,0,-54,-103,0,1,100,0,1032,192,56,56,0,-236,-36,0,1,100,0,1032,192,56,56,0,-38,-22,0,1,100,0,1032,192,56,56,0,-322,-201,0,1,50,0,1032,192,56,56,0,-88,-176,0,1,100,0,1032,192,56,56,0,-104,-72,0,1,100,0,920,192,56,56,0,-248,-164,0,1,100,0,920,192,56,56,0,-168,-48,0,1,100,0,976,192,56,56,0,-200,-208,0,1,100,0,976,192,56,56,0,-202,64,0,1,50,0,1064,808,40,160,0,-24,8,0,1,50,0,1032,560,96,96,0,-464,-155,0,1,50,0,968,656,160,40,0,-215,-432,1,1,50,0,1064,808,40,160,0,16,-227,2,1,50,0,904,696,160,72,0,-16,-312,2,1,50,0,1032,560,96,96,0,-272,-248,3,1,100,0,1224,864,120,120,0,-120,-96,0,1,100,0,1184,704,120,104,0,-136,-80,0,1,100,0,704,952,40,160,0,-120,-104,0,1,100,0,1344,808,120,56,0,-264,-240,3,1,100,0,1344,864,120,120,0,-120,-176,2,1,100,0,1104,1048,128,64,0,-128,-272,2,1,100,0,1256,560,64,144,0,-288,-88,1,1,100,0,1304,704,120,104,0,-228,-232,2,1,100,0,472,992,112,112,0,-166,-120,2,1,100,0,360,992,112,112,0,-124,-212,1,1,100,0,360,880,112,112,0,-243,-148,1,1,100,0,360,768,112,112,0,-252,-108,0,1,60,0,472,992,112,112,0,-150,-226,0,1,60,0,360,992,112,112,0,-252,-228,0,1,60,0,360,880,112,112,0,-125,-116,0,1,60,0,360,768,112,112,0,-232,-208,0,1,100,0,552,576,192,192,0,-32,-96,0,1,100,0,880,768,72,72,0,-32,-96,0,0,100,0,144,648,72,72,0,-24,-8,0,0,46,0,360,16,48,16,0,
0,56,-64,-96,0,1,100,0,288,312,16,16,0,-232,-80,0,1,100,0,288,296,16,16,0,-80,-184,0,1,100,0,304,312,16,16,0,-144,-24,0,1,100,0,304,296,16,16,0,-176,-48,0,1,100,0,288,312,16,16,0,-240,-112,0,1,100,0,288,312,16,16,0,-176,-208,0,1,100,0,288,312,16,16,0,-48,-136,0,1,100,0,288,312,16,16,0,-344,-152,0,1,100,0,1080,344,144,144,0,-320,-128,0,1,100,0,1016,248,96,96,0,-64,-200,0,1,100,0,936,344,144,144,0,-40,-176,0,1,100,0,1016,248,96,96,0,-320,-280,0,1,100,0,936,344,144,144,0,-296,-256,0,1,100,0,1016,248,96,96,0,-184,-336,0,1,100,0,1080,344,144,144,0,-160,-312,0,1,100,0,1016,248,96,96,0,-40,-328,0,1,50,0,936,344,144,144,0,-16,-304,0,1,50,0,1112,248,96,96,0,-152,40,0,1,50,0,1368,344,144,144,0,-128,64,0,1,50,0,1112,248,96,96,0,-432,-248,0,1,50,0,1368,344,144,144,0,-408,-224,0,1,50,0,1112,248,96,96,0,-104,-288,0,1,100,0,1032,192,56,56,0,-8,-88,0,1,50,0,1032,192,56,56,0,-248,-16,0,1,50,0,1032,192,56,56,0,-24,-8,0,1,50,0,1032,192,56,56,0,-280,-88,0,1,50,0,1032,192,56,56,0,-88,-176,0,1,100,0,1032,192,56,56,0,-88,-56,0,1,100,0,976,192,56,56,0,-272,-168,0,1,100,0,976,192,56,56,0,-168,-24,0,1,100,0,1032,192,56,56,0,-208,-224,0,1,100,0,1032,192,56,56,0,-272,-248,3,1,100,0,1344,864,120,120,0,-120,-96,0,1,100,0,1424,704,120,104,0,-136,-80,0,1,100,0,744,952,40,160,0,-120,-104,0,1,100,0,1464,808,120,56,0,-264,-240,3,1,100,0,1464,864,120,120,0,-120,-176,2,1,100,0,1232,1048,128,64,0,-128,-272,2,1,100,0,1320,560,64,144,0,-288,-88,1,1,100,0,1424,704,120,104,0,-140,-232,3,1,100,0,472,992,112,112,0,-224,-120,3,1,100,0,360,992,112,112,0,-132,-148,3,1,100,0,360,880,112,112,0,-243,-220,3,1,100,0,360,768,112,112,0,-231,-235,2,1,60,0,472,992,112,112,0,-164,-117,2,1,60,0,360,992,112,112,0,-121,-209,1,1,60,0,360,880,112,112,0,-247,-150,1,1,60,0,360,768,112,112,0,-254,-106,0,1,30,0,472,992,112,112,0,-148,-228,0,1,30,0,360,992,112,112,0,-254,-230,0,1,30,0,360,880,112,112,0,-123,-114,0,1,30,0,360,768,112,112,0,-232,-208,0,1,100,0,920,0,192,192,0,-32,-96,0,1,100,0,952,768,72,72,0,-32,-96,0,0,100,0,216,648,72,72,0,-24,-8,0,0,46,0,360,16,48,16,0,
0,38,-64,-96,0,1,100,0,304,296,16,16,0,-232,-80,0,1,100,0,304,296,16,16,0,-80,-184,0,1,100,0,288,312,16,16,0,-144,-24,0,1,100,0,304,312,16,16,0,-176,-48,0,1,100,0,304,296,16,16,0,-240,-112,0,1,100,0,304,296,16,16,0,-176,-208,0,1,100,0,304,312,16,16,0,-48,-136,0,1,100,0,304,312,16,16,0,-400,-144,0,1,50,0,936,344,144,144,0,-376,-120,0,1,50,0,1112,248,96,96,0,-24,-208,0,1,50,0,1080,344,144,144,0,0,-184,0,1,50,0,1112,248,96,96,0,-344,-304,0,1,50,0,1368,344,144,144,0,-320,-280,0,1,50,0,1112,248,96,96,0,-176,-368,0,1,50,0,1224,344,144,144,0,-152,-344,0,1,50,0,1112,248,96,96,0,-64,-32,0,1,100,0,1032,192,56,56,0,-296,-176,0,1,100,0,1032,192,56,56,0,-168,-8,0,1,50,0,1032,192,56,56,0,-216,-240,0,1,50,0,1032,192,56,56,0,-272,-248,3,1,100,0,1464,864,120,120,0,-120,-96,0,1,100,0,1424,704,120,104,0,-140,-120,1,1,50,0,472,992,112,112,0,-232,-216,1,1,50,0,360,992,112,112,0,-256,-132,2,1,50,0,360,880,112,112,0,-145,-212,2,1,50,0,360,768,112,112,0,-135,-237,3,1,30,0,472,992,112,112,0,-230,-119,3,1,30,0,360,992,112,112,0,-127,-143,3,1,30,0,360,880,112,112,0,-247,-224,3,1,30,0,360,768,112,112,0,-236,-243,2,1,10,0,472,992,112,112,0,-158,-110,2,1,10,0,360,992,112,112,0,-115,-213,1,1,10,0,360,880,112,112,0,-253,-150,1,1,10,0,360,768,112,112,0,-232,-208,0,1,100,0,360,576,192,192,0,-32,-96,0,1,50,0,952,768,72,72,0,-32,-96,0,0,100,0,216,648,72,72,0,-24,-8,0,0,46,0,360,16,48,16,0,
0,11,-137,-112,1,1,10,0,472,992,112,112,0,-237,-224,1,1,10,0,360,992,112,112,0,-261,-135,2,1,10,0,360,880,112,112,0,-136,-217,2,1,10,0,360,768,112,112,0,-248,-112,0,1,20,0,472,992,112,112,0,-152,-224,0,1,20,0,360,992,112,112,0,-248,-224,0,1,20,0,360,880,112,112,0,-128,-120,0,1,20,0,360,768,112,112,0,-232,-208,0,1,50,0,920,0,192,192,0,-32,-88,0,0,100,0,288,648,72,72,0,-24,-8,0,0,46,0,360,16,48,16,0,
0,3,-232,-208,0,1,20,0,360,576,192,192,0,-32,-64,0,0,100,0,0,720,72,72,0,-26,-8,0,0,65,0,360,0,48,16,0,
0,2,-32,-64,0,0,100,0,72,720,72,72,0,-26,-8,0,0,65,0,360,0,48,16,0,
0,2,-32,-64,0,0,100,0,144,720,72,72,0,-24,-8,0,0,65,0,360,0,48,16,0,
0,2,-32,-64,0,0,100,0,216,720,72,72,0,-24,-8,0,0,65,0,360,0,48,16,0,
0,20,-14,-70,0,1,50,0,600,128,16,16,0,0,-58,0,1,50,0,600,128,16,16,0,26,-26,0,1,50,0,600,128,16,16,0,-4,-77,0,1,50,0,600,128,16,16,0,-39,-46,0,1,50,0,600,128,16,16,0,-20,-58,0,1,50,0,600,128,16,16,0,27,-31,0,1,50,0,568,128,16,16,0,-31,-48,0,1,50,0,568,128,16,16,0,-36,-60,0,1,50,0,568,128,16,16,0,-27,-13,0,1,50,0,568,128,16,16,0,-45,-35,0,1,50,0,568,128,16,16,0,-32,-72,0,1,50,0,568,128,16,16,0,-33,-24,0,1,50,0,584,128,16,16,0,7,-10,0,1,50,0,584,128,16,16,0,21,-31,0,1,50,0,584,128,16,16,0,12,-71,0,1,50,0,584,128,16,16,0,-40,-72,0,1,50,0,408,168,80,80,0,-16,-56,0,1,50,0,360,32,24,24,0,-32,-64,0,0,100,0,288,720,72,72,0,-24,-8,0,0,65,0,360,0,48,16,0,
0,20,-11,-71,0,1,50,0,600,128,16,16,0,2,-56,0,1,50,0,600,128,16,16,0,25,-24,0,1,50,0,600,128,16,16,0,-1,-76,0,1,50,0,600,128,16,16,0,-39,-49,0,1,50,0,600,128,16,16,0,-17,-60,0,1,50,0,600,128,16,16,0,27,-29,0,1,50,0,568,128,16,16,0,-33,-54,0,1,50,0,568,128,16,16,0,-37,-65,0,1,50,0,568,128,16,16,0,-30,-12,0,1,50,0,568,128,16,16,0,-46,-39,0,1,50,0,568,128,16,16,0,-30,-74,0,1,50,0,568,128,16,16,0,-36,-23,0,1,50,0,584,128,16,16,0,6,-8,0,1,50,0,584,128,16,16,0,20,-29,0,1,50,0,584,128,16,16,0,14,-70,0,1,50,0,584,128,16,16,0,-40,-72,0,1,50,0,664,248,80,80,0,-16,-56,0,1,50,0,360,32,24,24,0,-32,-64,0,0,100,0,0,792,72,72,0,-24,-8,0,0,65,0,360,0,48,16,0,
0,36,-17,-68,0,1,5,0,600,128,16,16,0,-2,-60,0,1,5,0,600,128,16,16,0,25,-29,0,1,5,0,600,128,16,16,0,-7,-75,0,1,5,0,600,128,16,16,0,-37,-43,0,1,5,0,600,128,16,16,0,-22,-56,0,1,5,0,600,128,16,16,0,25,-34,0,1,5,0,568,128,16,16,0,-29,-45,0,1,5,0,568,128,16,16,0,-36,-57,0,1,5,0,568,128,16,16,0,-24,-14,0,1,5,0,568,128,16,16,0,-44,-32,0,1,5,0,568,128,16,16,0,-34,-68,0,1,5,0,568,128,16,16,0,-30,-21,0,1,5,0,584,128,16,16,0,9,-12,0,1,5,0,584,128,16,16,0,21,-34,0,1,5,0,584,128,16,16,0,9,-72,0,1,5,0,584,128,16,16,0,-5,-76,0,1,20,0,600,128,16,16,0,9,-54,0,1,20,0,600,128,16,16,0,26,-13,0,1,20,0,600,128,16,16,0,3,-85,0,1,20,0,600,128,16,16,0,-45,-58,0,1,20,0,600,128,16,16,0,-11,-63,0,1,20,0,600,128,16,16,0,33,-24,0,1,20,0,568,128,16,16,0,-34,-61,0,1,20,0,568,128,16,16,0,-37,-71,0,1,20,0,568,128,16,16,0,-38,-10,0,1,20,0,568,128,16,16,0,-47,-46,0,1,20,0,568,128,16,16,0,-26,-80,0,1,20,0,568,128,16,16,0,-40,-21,0,1,20,0,584,128,16,16,0,5,-2,0,1,20,0,584,128,16,16,0,21,-20,0,1,20,0,584,128,16,16,0,23,-69,0,1,20,0,584,128,16,16,0,-42,-73,0,1,20,0,744,248,80,80,0,-16,-56,0,1,20,0,360,32,24,24,0,-32,-64,0,0,100,0,72,792,72,72,0,-24,-8,0,0,65,0,360,0,48,16,0,
0,22,-44,-72,0,1,20,0,832,128,88,88,0,-5,-76,0,1,10,0,600,128,16,16,0,9,-54,0,1,10,0,600,128,16,16,0,26,-13,0,1,10,0,600,128,16,16,0,3,-85,0,1,10,0,600,128,16,16,0,-45,-58,0,1,10,0,600,128,16,16,0,-11,-63,0,1,10,0,600,128,16,16,0,33,-24,0,1,10,0,568,128,16,16,0,-34,-61,0,1,10,0,568,128,16,16,0,-37,-71,0,1,10,0,568,128,16,16,0,-38,-10,0,1,10,0,568,128,16,16,0,-47,-46,0,1,10,0,568,128,16,16,0,-26,-80,0,1,10,0,568,128,16,16,0,-40,-21,0,1,10,0,584,128,16,16,0,5,-2,0,1,10,0,584,128,16,16,0,21,-20,0,1,10,0,584,128,16,16,0,23,-69,0,1,10,0,584,128,16,16,0,-42,-73,0,1,10,0,744,248,80,80,0,-16,-56,0,1,10,0,360,32,24,24,0,-32,-64,0,1,100,0,72,792,72,72,0,-32,-64,0,0,100,0,72,792,72,72,0,-24,-8,0,0,65,0,360,0,48,16,0,
0,5,-52,-80,0,1,50,0,832,128,88,88,0,-32,-64,0,1,100,0,736,840,72,72,0,-32,-64,0,1,100,0,144,792,72,72,0,-32,-64,0,0,100,0,144,792,72,72,0,-24,-8,0,0,65,0,360,0,48,16,0,
0,5,-60,-104,0,1,100,0,832,128,88,88,0,-32,-64,0,1,50,0,144,792,72,72,0,-40,-64,0,1,100,0,216,792,72,72,0,-40,-64,0,0,100,0,216,792,72,72,0,-24,-8,0,0,65,0,360,0,48,16,0,
0,4,-60,-128,0,1,100,0,832,128,88,88,0,-32,-64,0,1,20,0,144,792,72,72,0,-40,-64,0,0,100,0,216,792,72,72,0,-24,-8,0,0,65,0,360,0,48,16,0,
0,10,-24,-96,0,1,100,0,792,128,40,40,0,-24,-120,0,1,100,0,792,128,40,40,0,-40,-88,0,1,100,0,792,128,40,40,0,-56,-104,0,1,100,0,792,128,40,40,0,-40,-128,0,1,100,0,792,128,40,40,0,-60,-130,0,1,100,0,832,128,88,88,0,-52,-130,0,1,100,0,0,936,72,72,0,-52,-130,0,0,100,0,0,936,72,72,0,-40,-64,0,0,100,0,288,792,72,72,0,-24,-8,0,0,65,0,360,0,48,16,0,
0,9,-8,-80,0,1,100,0,792,128,40,40,0,-16,-128,0,1,100,0,792,128,40,40,0,-48,-80,0,1,100,0,792,128,40,40,0,-72,-104,0,1,100,0,792,128,40,40,0,-48,-144,0,1,100,0,792,128,40,40,0,-52,-131,0,1,100,0,0,936,72,72,0,-52,-131,0,0,100,0,0,936,72,72,0,-40,-64,0,0,100,0,0,864,72,72,0,-24,-8,0,0,65,0,360,0,48,16,0,
0,9,8,-72,0,1,50,0,792,128,40,40,0,8,-144,0,1,50,0,792,128,40,40,0,-64,-64,0,1,50,0,792,128,40,40,0,-96,-96,0,1,50,0,792,128,40,40,0,-56,-160,0,1,50,0,792,128,40,40,0,-52,-134,0,1,50,0,72,936,72,72,0,-52,-134,0,0,100,0,72,936,72,72,0,-40,-64,0,0,100,0,72,864,72,72,0,-24,-8,0,0,65,0,360,0,48,16,0,
0,3,-52,-135,0,0,100,0,72,936,72,72,0,-40,-64,0,0,100,0,72,864,72,72,0,-24,-8,0,0,65,0,360,0,48,16,0,
0,3,-52,-132,0,0,100,0,72,936,72,72,0,-40,-64,0,0,100,0,144,864,72,72,0,-24,-8,0,0,65,0,360,0,48,16,0,
0,3,-52,-116,0,0,100,0,72,936,72,72,0,-40,-64,0,0,100,0,144,864,72,72,0,-24,-8,0,0,65,0,360,0,48,16,0,
0,3,-52,-84,0,0,100,0,0,936,72,72,0,-40,-64,0,0,100,0,216,864,72,72,0,-24,-8,0,0,65,0,360,0,48,16,0,
0,2,-48,-72,0,0,100,0,0,1008,80,80,0,-24,-8,0,0,65,0,360,0,48,16,0,
0,2,-48,-72,0,0,100,0,80,1008,80,80,0,-24,-8,0,0,65,0,360,0,48,16,0,
0,2,-48,-72,0,0,100,0,160,1008,80,80,0,-24,-8,0,0,65,0,360,0,48,16,0,
0,2,-48,-72,0,0,100,0,0,1088,80,80,0,-24,-8,0,0,65,0,360,0,48,16,0,
0,2,-48,-72,0,0,100,0,80,1088,80,80,0,-24,-8,0,0,65,0,360,0,48,16,0,
0,2,-48,-72,0,0,100,0,160,1088,80,80,0,-24,-8,0,0,65,0,360,0,48,16,0,
0,2,-48,-72,0,0,100,0,240,1088,80,80,0,-24,-8,0,0,65,0,360,0,48,16,0,
0,2,-48,-72,0,0,100,0,0,1168,80,80,0,-24,-8,0,0,65,0,360,0,48,16,0,
0,2,-48,-72,0,0,100,0,80,1168,80,80,0,-24,-8,0,0,65,0,360,0,48,16,0,
0,2,-48,-72,0,0,100,0,160,1168,80,80,0,-24,-8,0,0,65,0,360,0,48,16,0,
0,2,-48,-72,0,0,100,0,240,1168,80,80,0,-24,-8,0,0,65,0,360,0,48,16,0,
0,2,-48,-72,0,0,100,0,160,1168,80,80,0,-24,-8,0,0,65,0,360,0,48,16,0,
0,2,-48,-72,0,0,100,0,80,1168,80,80,0,-24,-8,0,0,65,0,360,0,48,16,0,
0,20,-14,-70,0,1,50,0,600,128,16,16,0,0,-58,0,1,50,0,600,128,16,16,0,26,-26,0,1,50,0,600,128,16,16,0,-4,-77,0,1,50,0,600,128,16,16,0,-39,-46,0,1,50,0,600,128,16,16,0,-20,-58,0,1,50,0,600,128,16,16,0,27,-31,0,1,50,0,568,128,16,16,0,-31,-48,0,1,50,0,568,128,16,16,0,-36,-60,0,1,50,0,568,128,16,16,0,-27,-13,0,1,50,0,568,128,16,16,0,-45,-35,0,1,50,0,568,128,16,16,0,-32,-72,0,1,50,0,568,128,16,16,0,-33,-24,0,1,50,0,584,128,16,16,0,7,-10,0,1,50,0,584,128,16,16,0,21,-31,0,1,50,0,584,128,16,16,0,12,-71,0,1,50,0,584,128,16,16,0,-40,-72,0,1,50,0,408,168,80,80,0,-19,-55,0,1,100,0,360,32,24,24,0,-32,-64,0,0,100,0,0,1248,72,72,0,-24,-8,0,0,65,0,360,0,48,16,0,
0,20,-11,-71,0,1,20,0,600,128,16,16,0,2,-56,0,1,20,0,600,128,16,16,0,25,-24,0,1,20,0,600,128,16,16,0,-1,-76,0,1,20,0,600,128,16,16,0,-39,-49,0,1,20,0,600,128,16,16,0,-17,-60,0,1,20,0,600,128,16,16,0,27,-29,0,1,20,0,568,128,16,16,0,-32,-52,0,1,20,0,568,128,16,16,0,-35,-64,0,1,20,0,568,128,16,16,0,-30,-15,0,1,20,0,568,128,16,16,0,-46,-39,0,1,20,0,568,128,16,16,0,-30,-74,0,1,20,0,568,128,16,16,0,-36,-26,0,1,20,0,584,128,16,16,0,6,-8,0,1,20,0,584,128,16,16,0,20,-29,0,1,20,0,584,128,16,16,0,14,-70,0,1,20,0,584,128,16,16,0,-40,-72,0,1,20,0,488,168,80,80,0,-20,-51,0,1,100,0,360,32,24,24,0,-32,-64,0,0,100,0,72,1248,72,72,0,-24,-8,0,0,65,0,360,0,48,16,0,
0,3,-19,-50,0,1,100,0,360,56,24,24,0,-32,-64,0,0,100,0,144,1248,72,72,0,-24,-8,0,0,65,0,360,0,48,16,0,
0,3,-19,-50,0,1,100,0,384,32,24,24,0,-32,-64,0,0,100,0,216,1248,72,72,0,-24,-8,0,0,65,0,360,0,48,16,0,
0,4,-48,-88,0,1,100,0,472,768,96,96,0,-15,-56,0,1,100,0,360,32,24,24,0,-32,-64,0,0,100,0,0,1320,72,72,0,-24,-8,0,0,65,0,360,0,48,16,0,
0,3,-48,-88,0,1,100,0,568,768,96,96,0,-32,-64,0,0,100,0,72,1320,72,72,0,-24,-8,0,0,65,0,360,0,48,16,0,
0,3,-48,-88,0,1,100,0,472,864,96,96,0,-32,-64,0,0,100,0,144,1320,72,72,0,-24,-8,0,0,65,0,360,0,48,16,0,
0,3,-48,-88,0,1,100,0,568,864,96,96,0,-32,-64,0,0,100,0,216,1320,72,72,0,-24,-8,0,0,65,0,360,0,48,16,0,
0,2,-32,-64,0,0,100,0,288,1320,72,72,0,-24,-8,0,0,65,0,360,0,48,16,0,
0,2,-32,-64,0,0,100,0,360,1320,72,72,0,-24,-8,0,0,65,0,360,0,48,16,0,
0,2,-32,-64,0,0,100,0,432,1320,72,72,0,-24,-8,0,0,65,0,360,0,48,16,0,
0,2,-32,-64,0,0,100,0,504,1320,72,72,0,-24,-8,0,0,65,0,360,0,48,16,0,
0,2,-32,-64,0,0,100,0,576,1320,72,72,0,-24,-8,0,0,65,0,360,0,48,16,0,
0,3,-14,-55,0,1,30,0,360,32,24,24,0,-32,-64,0,0,100,0,648,1320,72,72,0,-24,-8,0,0,65,0,360,0,48,16,0,
0,36,-17,-68,0,1,10,0,600,128,16,16,0,-2,-60,0,1,10,0,600,128,16,16,0,25,-29,0,1,10,0,600,128,16,16,0,-7,-75,0,1,10,0,600,128,16,16,0,-37,-43,0,1,10,0,600,128,16,16,0,-22,-56,0,1,10,0,600,128,16,16,0,25,-34,0,1,10,0,568,128,16,16,0,-29,-45,0,1,10,0,568,128,16,16,0,-36,-57,0,1,10,0,568,128,16,16,0,-24,-14,0,1,10,0,568,128,16,16,0,-43,-32,0,1,10,0,568,128,16,16,0,-34,-68,0,1,10,0,568,128,16,16,0,-30,-21,0,1,10,0,584,128,16,16,0,9,-12,0,1,10,0,584,128,16,16,0,21,-34,0,1,10,0,584,128,16,16,0,9,-72,0,1,10,0,584,128,16,16,0,-9,-72,0,1,10,0,600,128,16,16,0,4,-54,0,1,10,0,600,128,16,16,0,24,-22,0,1,10,0,600,128,16,16,0,1,-75,0,1,10,0,600,128,16,16,0,-38,-52,0,1,10,0,600,128,16,16,0,-13,-61,0,1,10,0,600,128,16,16,0,28,-27,0,1,10,0,568,128,16,16,0,-30,-57,0,1,10,0,568,128,16,16,0,-33,-68,0,1,10,0,568,128,16,16,0,-32,-16,0,1,10,0,568,128,16,16,0,-46,-45,0,1,10,0,568,128,16,16,0,-28,-76,0,1,10,0,568,128,16,16,0,-38,-28,0,1,10,0,584,128,16,16,0,5,-6,0,1,10,0,584,128,16,16,0,17,-24,0,1,10,0,584,128,16,16,0,16,-69,0,1,10,0,584,128,16,16,0,-40,-72,0,1,20,0,568,168,80,80,0,-15,-55,0,1,60,0,360,32,24,24,0,-32,-64,0,0,100,0,720,1320,72,72,0,-24,-8,0,0,65,0,360,0,48,16,0,
0,36,-16,-69,0,1,20,0,600,128,16,16,0,-1,-59,0,1,20,0,600,128,16,16,0,26,-28,0,1,20,0,600,128,16,16,0,-6,-76,0,1,20,0,600,128,16,16,0,-38,-44,0,1,20,0,600,128,16,16,0,-22,-57,0,1,20,0,600,128,16,16,0,26,-33,0,1,20,0,568,128,16,16,0,-30,-46,0,1,20,0,568,128,16,16,0,-36,-58,0,1,20,0,568,128,16,16,0,-25,-13,0,1,20,0,568,128,16,16,0,-44,-33,0,1,20,0,568,128,16,16,0,-33,-69,0,1,20,0,568,128,16,16,0,-31,-22,0,1,20,0,584,128,16,16,0,8,-11,0,1,20,0,584,128,16,16,0,21,-33,0,1,20,0,584,128,16,16,0,10,-72,0,1,20,0,584,128,16,16,0,-7,-73,0,1,20,0,600,128,16,16,0,6,-53,0,1,20,0,600,128,16,16,0,22,-20,0,1,20,0,600,128,16,16,0,4,-74,0,1,20,0,600,128,16,16,0,-37,-55,0,1,20,0,600,128,16,16,0,-11,-62,0,1,20,0,600,128,16,16,0,29,-25,0,1,20,0,568,128,16,16,0,-29,-60,0,1,20,0,568,128,16,16,0,-32,-71,0,1,20,0,568,128,16,16,0,-35,-17,0,1,20,0,568,128,16,16,0,-45,-48,0,1,20,0,568,128,16,16,0,-26,-78,0,1,20,0,568,128,16,16,0,-42,-31,0,1,20,0,584,128,16,16,0,3,-5,0,1,20,0,584,128,16,16,0,16,-21,0,1,20,0,584,128,16,16,0,18,-68,0,1,20,0,584,128,16,16,0,-40,-72,0,1,50,0,648,168,80,80,0,-16,-56,0,1,80,0,360,32,24,24,0,-32,-64,0,0,100,0,792,1320,72,72,0,-24,-8,0,0,65,0,360,0,48,16,0,
0,1,-24,-8,0,0,65,0,360,0,48,16,0,
0,1,-24,-8,0,0,65,0,360,0,48,16,0,
0,1,-24,-8,0,0,65,0,360,0,48,16,0,
0,1,-24,-8,0,0,65,0,360,0,48,16,0,
0,20,-14,-70,0,1,100,0,600,128,16,16,0,0,-58,0,1,100,0,600,128,16,16,0,26,-26,0,1,100,0,600,128,16,16,0,-4,-77,0,1,100,0,600,128,16,16,0,-39,-46,0,1,100,0,600,128,16,16,0,-20,-58,0,1,100,0,600,128,16,16,0,27,-31,0,1,100,0,568,128,16,16,0,-31,-48,0,1,100,0,568,128,16,16,0,-36,-60,0,1,100,0,568,128,16,16,0,-27,-13,0,1,100,0,568,128,16,16,0,-45,-35,0,1,100,0,568,128,16,16,0,-32,-72,0,1,100,0,568,128,16,16,0,-33,-24,0,1,100,0,584,128,16,16,0,7,-10,0,1,100,0,584,128,16,16,0,21,-31,0,1,100,0,584,128,16,16,0,12,-71,0,1,100,0,584,128,16,16,0,-40,-72,0,1,100,0,408,168,80,80,0,-16,-56,0,1,100,0,360,32,24,24,0,-32,-64,0,0,100,0,0,1248,72,72,0,-24,-8,0,0,65,0,360,0,48,16,0,
0,20,-11,-71,0,1,100,0,600,128,16,16,0,2,-56,0,1,100,0,600,128,16,16,0,25,-24,0,1,100,0,600,128,16,16,0,-1,-76,0,1,100,0,600,128,16,16,0,-39,-49,0,1,100,0,600,128,16,16,0,-17,-60,0,1,100,0,600,128,16,16,0,27,-29,0,1,100,0,568,128,16,16,0,-32,-52,0,1,100,0,568,128,16,16,0,-35,-64,0,1,100,0,568,128,16,16,0,-30,-15,0,1,100,0,568,128,16,16,0,-46,-39,0,1,100,0,568,128,16,16,0,-30,-74,0,1,100,0,568,128,16,16,0,-36,-26,0,1,100,0,584,128,16,16,0,6,-8,0,1,100,0,584,128,16,16,0,20,-29,0,1,100,0,584,128,16,16,0,14,-70,0,1,100,0,584,128,16,16,0,-40,-72,0,1,100,0,488,168,80,80,0,-16,-56,0,1,100,0,360,32,24,24,0,-32,-64,0,0,100,0,72,1248,72,72,0,-24,-8,0,0,65,0,360,0,48,16,0,
0,36,-17,-68,0,1,20,0,600,128,16,16,0,-2,-60,0,1,20,0,600,128,16,16,0,25,-29,0,1,20,0,600,128,16,16,0,-7,-75,0,1,20,0,600,128,16,16,0,-37,-43,0,1,20,0,600,128,16,16,0,-22,-56,0,1,20,0,600,128,16,16,0,25,-34,0,1,20,0,568,128,16,16,0,-29,-45,0,1,20,0,568,128,16,16,0,-36,-57,0,1,20,0,568,128,16,16,0,-24,-14,0,1,20,0,568,128,16,16,0,-43,-32,0,1,20,0,568,128,16,16,0,-34,-68,0,1,20,0,568,128,16,16,0,-30,-21,0,1,20,0,584,128,16,16,0,9,-12,0,1,20,0,584,128,16,16,0,21,-34,0,1,20,0,584,128,16,16,0,9,-72,0,1,20,0,584,128,16,16,0,-9,-72,0,1,100,0,600,128,16,16,0,4,-54,0,1,100,0,600,128,16,16,0,24,-22,0,1,100,0,600,128,16,16,0,1,-75,0,1,100,0,600,128,16,16,0,-38,-52,0,1,100,0,600,128,16,16,0,-13,-61,0,1,100,0,600,128,16,16,0,28,-27,0,1,100,0,568,128,16,16,0,-30,-57,0,1,100,0,568,128,16,16,0,-33,-68,0,1,100,0,568,128,16,16,0,-32,-16,0,1,100,0,568,128,16,16,0,-46,-45,0,1,100,0,568,128,16,16,0,-28,-76,0,1,100,0,568,128,16,16,0,-38,-28,0,1,100,0,584,128,16,16,0,5,-6,0,1,100,0,584,128,16,16,0,17,-24,0,1,100,0,584,128,16,16,0,16,-69,0,1,100,0,584,128,16,16,0,-40,-72,0,1,100,0,568,168,80,80,0,-16,-56,0,1,100,0,360,32,24,24,0,-32,-64,0,0,100,0,144,1248,72,72,0,-24,-8,0,0,65,0,360,0,48,16,0,
0,36,-16,-69,0,1,50,0,600,128,16,16,0,-1,-59,0,1,50,0,600,128,16,16,0,26,-28,0,1,50,0,600,128,16,16,0,-6,-76,0,1,50,0,600,128,16,16,0,-38,-44,0,1,50,0,600,128,16,16,0,-22,-57,0,1,50,0,600,128,16,16,0,26,-33,0,1,50,0,568,128,16,16,0,-30,-46,0,1,50,0,568,128,16,16,0,-36,-58,0,1,50,0,568,128,16,16,0,-25,-13,0,1,50,0,568,128,16,16,0,-44,-33,0,1,50,0,568,128,16,16,0,-33,-69,0,1,50,0,568,128,16,16,0,-31,-22,0,1,50,0,584,128,16,16,0,8,-11,0,1,50,0,584,128,16,16,0,21,-33,0,1,50,0,584,128,16,16,0,10,-72,0,1,50,0,584,128,16,16,0,-7,-73,0,1,50,0,600,128,16,16,0,6,-53,0,1,50,0,600,128,16,16,0,22,-20,0,1,50,0,600,128,16,16,0,4,-74,0,1,50,0,600,128,16,16,0,-37,-55,0,1,50,0,600,128,16,16,0,-11,-62,0,1,50,0,600,128,16,16,0,29,-25,0,1,50,0,568,128,16,16,0,-29,-60,0,1,50,0,568,128,16,16,0,-32,-71,0,1,50,0,568,128,16,16,0,-35,-17,0,1,50,0,568,128,16,16,0,-45,-48,0,1,50,0,568,128,16,16,0,-26,-78,0,1,50,0,568,128,16,16,0,-42,-31,0,1,50,0,584,128,16,16,0,3,-5,0,1,50,0,584,128,16,16,0,16,-21,0,1,50,0,584,128,16,16,0,18,-68,0,1,50,0,584,128,16,16,0,-40,-72,0,1,100,0,648,168,80,80,0,-16,-56,0,1,100,0,360,32,24,24,0,-32,-64,0,0,100,0,216,1248,72,72,0,-24,-8,0,0,65,0,360,0,48,16,0,
0,20,-14,-70,0,1,100,0,600,128,16,16,0,0,-58,0,1,100,0,600,128,16,16,0,26,-26,0,1,100,0,600,128,16,16,0,-4,-77,0,1,100,0,600,128,16,16,0,-39,-46,0,1,100,0,600,128,16,16,0,-20,-58,0,1,100,0,600,128,16,16,0,27,-31,0,1,100,0,568,128,16,16,0,-31,-48,0,1,100,0,568,128,16,16,0,-36,-60,0,1,100,0,568,128,16,16,0,-27,-13,0,1,100,0,568,128,16,16,0,-45,-35,0,1,100,0,568,128,16,16,0,-32,-72,0,1,100,0,568,128,16,16,0,-33,-24,0,1,100,0,584,128,16,16,0,7,-10,0,1,100,0,584,128,16,16,0,21,-31,0,1,100,0,584,128,16,16,0,12,-71,0,1,100,0,584,128,16,16,0,-40,-72,0,1,100,0,408,168,80,80,0,-16,-56,0,1,100,0,360,32,24,24,0,-32,-64,0,0,100,0,0,1320,72,72,0,-24,-8,0,0,65,0,360,0,48,16,0,
0,20,-11,-71,0,1,100,0,600,128,16,16,0,2,-56,0,1,100,0,600,128,16,16,0,25,-24,0,1,100,0,600,128,16,16,0,-1,-76,0,1,100,0,600,128,16,16,0,-39,-49,0,1,100,0,600,128,16,16,0,-17,-60,0,1,100,0,600,128,16,16,0,27,-29,0,1,100,0,568,128,16,16,0,-32,-52,0,1,100,0,568,128,16,16,0,-35,-64,0,1,100,0,568,128,16,16,0,-30,-15,0,1,100,0,568,128,16,16,0,-46,-39,0,1,100,0,568,128,16,16,0,-30,-74,0,1,100,0,568,128,16,16,0,-36,-26,0,1,100,0,584,128,16,16,0,6,-8,0,1,100,0,584,128,16,16,0,20,-29,0,1,100,0,584,128,16,16,0,14,-70,0,1,100,0,584,128,16,16,0,-40,-72,0,1,100,0,488,168,80,80,0,-16,-56,0,1,100,0,360,32,24,24,0,-32,-64,0,0,100,0,72,1320,72,72,0,-24,-8,0,0,65,0,360,0,48,16,0,
0,36,-17,-68,0,1,20,0,600,128,16,16,0,-2,-60,0,1,20,0,600,128,16,16,0,25,-29,0,1,20,0,600,128,16,16,0,-7,-75,0,1,20,0,600,128,16,16,0,-37,-43,0,1,20,0,600,128,16,16,0,-22,-56,0,1,20,0,600,128,16,16,0,25,-34,0,1,20,0,568,128,16,16,0,-29,-45,0,1,20,0,568,128,16,16,0,-36,-57,0,1,20,0,568,128,16,16,0,-24,-14,0,1,20,0,568,128,16,16,0,-43,-32,0,1,20,0,568,128,16,16,0,-34,-68,0,1,20,0,568,128,16,16,0,-30,-21,0,1,20,0,584,128,16,16,0,9,-12,0,1,20,0,584,128,16,16,0,21,-34,0,1,20,0,584,128,16,16,0,9,-72,0,1,20,0,584,128,16,16,0,-9,-72,0,1,100,0,600,128,16,16,0,4,-54,0,1,100,0,600,128,16,16,0,24,-22,0,1,100,0,600,128,16,16,0,1,-75,0,1,100,0,600,128,16,16,0,-38,-52,0,1,100,0,600,128,16,16,0,-13,-61,0,1,100,0,600,128,16,16,0,28,-27,0,1,100,0,568,128,16,16,0,-30,-57,0,1,100,0,568,128,16,16,0,-33,-68,0,1,100,0,568,128,16,16,0,-32,-16,0,1,100,0,568,128,16,16,0,-46,-45,0,1,100,0,568,128,16,16,0,-28,-76,0,1,100,0,568,128,16,16,0,-38,-28,0,1,100,0,584,128,16,16,0,5,-6,0,1,100,0,584,128,16,16,0,17,-24,0,1,100,0,584,128,16,16,0,16,-69,0,1,100,0,584,128,16,16,0,-40,-72,0,1,100,0,568,168,80,80,0,-16,-56,0,1,100,0,360,32,24,24,0,-32,-64,0,0,100,0,144,1320,72,72,0,-24,-8,0,0,65,0,360,0,48,16,0,
0,36,-16,-69,0,1,50,0,600,128,16,16,0,-1,-59,0,1,50,0,600,128,16,16,0,26,-28,0,1,50,0,600,128,16,16,0,-6,-76,0,1,50,0,600,128,16,16,0,-38,-44,0,1,50,0,600,128,16,16,0,-22,-57,0,1,50,0,600,128,16,16,0,26,-33,0,1,50,0,568,128,16,16,0,-30,-46,0,1,50,0,568,128,16,16,0,-36,-58,0,1,50,0,568,128,16,16,0,-25,-13,0,1,50,0,568,128,16,16,0,-44,-33,0,1,50,0,568,128,16,16,0,-33,-69,0,1,50,0,568,128,16,16,0,-31,-22,0,1,50,0,584,128,16,16,0,8,-11,0,1,50,0,584,128,16,16,0,21,-33,0,1,50,0,584,128,16,16,0,10,-72,0,1,50,0,584,128,16,16,0,-7,-73,0,1,50,0,600,128,16,16,0,6,-53,0,1,50,0,600,128,16,16,0,22,-20,0,1,50,0,600,128,16,16,0,4,-74,0,1,50,0,600,128,16,16,0,-37,-55,0,1,50,0,600,128,16,16,0,-11,-62,0,1,50,0,600,128,16,16,0,29,-25,0,1,50,0,568,128,16,16,0,-29,-60,0,1,50,0,568,128,16,16,0,-32,-71,0,1,50,0,568,128,16,16,0,-35,-17,0,1,50,0,568,128,16,16,0,-45,-48,0,1,50,0,568,128,16,16,0,-26,-78,0,1,50,0,568,128,16,16,0,-42,-31,0,1,50,0,584,128,16,16,0,3,-5,0,1,50,0,584,128,16,16,0,16,-21,0,1,50,0,584,128,16,16,0,18,-68,0,1,50,0,584,128,16,16,0,-40,-72,0,1,100,0,648,168,80,80,0,-16,-56,0,1,100,0,360,32,24,24,0,-32,-64,0,0,100,0,216,1320,72,72,0,-24,-8,0,0,65,0,360,0,48,16,0,
0,1,-24,-8,0,0,65,0,360,0,48,16,0,
0,2,-24,-64,0,0,100,0,432,432,72,72,0,-24,-8,0,0,65,0,360,0,48,16,0,
0,2,-24,-64,0,0,100,0,504,432,72,72,0,-24,-8,0,0,65,0,360,0,48,16,0,
0,2,-24,-64,0,0,100,0,576,432,72,72,0,-24,-8,0,0,65,0,360,0,48,16,0,
0,2,-24,-64,0,0,100,0,648,432,72,72,0,-24,-8,0,0,65,0,360,0,48,16,0,
0,0,
0,0,
