0,14,0,-256,0,0,100,0,192,1024,192,256,0,131,-121,0,1,100,0,400,0,16,16,0,77,-161,0,1,80,0,400,0,16,16,0,41,-189,0,1,100,0,400,0,16,16,0,54,-141,0,1,30,0,320,0,80,48,0,100,-194,0,0,20,0,144,240,48,64,0,77,-105,0,1,70,0,320,48,48,32,0,72,-110,0,1,20,0,144,0,64,64,0,108,-100,0,0,100,0,208,48,16,16,0,86,-87,0,0,100,0,0,160,32,32,0,72,-110,0,0,100,0,144,0,64,64,0,25,-194,0,0,100,0,0,0,144,160,0,38,-221,0,0,100,0,208,0,112,48,0,0,-256,0,0,100,0,0,1024,192,256,0,
0,15,0,-256,0,0,100,0,192,1024,192,256,0,131,-121,0,1,80,0,400,0,16,16,0,77,-161,0,1,100,0,400,0,16,16,0,41,-189,0,1,80,0,400,0,16,16,0,54,-141,0,1,25,0,320,0,80,48,0,128,-165,0,0,20,0,32,192,32,48,0,98,-193,0,0,40,0,0,240,48,64,0,77,-105,0,1,60,0,320,48,48,32,0,72,-110,0,1,20,0,144,0,64,64,0,108,-100,0,0,100,0,208,48,16,16,0,85,-86,0,0,100,0,32,160,32,32,0,72,-110,0,0,100,0,144,0,64,64,0,25,-194,0,0,100,0,0,0,144,160,0,38,-221,0,0,100,0,208,0,112,48,0,0,-256,0,0,100,0,0,1024,192,256,0,
0,17,0,-256,0,0,100,0,192,1024,192,256,0,131,-121,0,1,60,0,400,0,16,16,0,77,-161,0,1,80,0,400,0,16,16,0,41,-189,0,1,50,0,400,0,16,16,0,54,-141,0,1,30,0,320,0,80,48,0,126,-164,0,0,40,0,64,192,32,48,0,123,-136,0,0,20,0,160,64,32,16,0,96,-192,0,0,60,0,48,240,48,64,0,99,-140,0,0,30,0,160,64,32,16,0,77,-105,0,1,50,0,368,48,48,32,0,72,-110,0,1,20,0,144,0,64,64,0,108,-100,0,0,100,0,208,48,16,16,0,85,-86,0,0,100,0,0,160,32,32,0,72,-110,0,0,100,0,144,0,64,64,0,25,-194,0,0,100,0,0,0,144,160,0,38,-221,0,0,100,0,208,0,112,48,0,0,-256,0,0,100,0,0,1024,192,256,0,
0,18,0,-256,0,0,100,0,192,1024,192,256,0,131,-121,0,1,80,0,400,0,16,16,0,88,-167,0,1,60,0,400,0,16,16,0,77,-161,0,1,60,0,400,0,16,16,0,41,-189,0,1,20,0,400,0,16,16,0,54,-141,0,1,35,0,320,0,80,48,0,124,-163,0,0,60,0,96,192,32,48,0,121,-135,0,0,50,0,160,64,32,16,0,94,-191,0,0,80,0,96,240,48,64,0,97,-139,0,0,70,0,160,64,32,16,0,77,-105,0,1,60,0,368,48,48,32,0,72,-110,0,1,20,0,144,0,64,64,0,108,-100,0,0,100,0,208,48,16,16,0,86,-87,0,0,100,0,64,160,32,32,0,72,-110,0,0,100,0,144,0,64,64,0,25,-194,0,0,100,0,0,0,144,160,0,38,-221,0,0,100,0,208,0,112,48,0,0,-256,0,0,100,0,0,1024,192,256,0,
0,17,0,-256,0,0,100,0,192,1024,192,256,0,131,-121,0,1,100,0,400,0,16,16,0,88,-167,0,1,100,0,400,0,16,16,0,77,-161,0,1,40,0,400,0,16,16,0,54,-141,0,1,40,0,320,0,80,48,0,122,-162,0,0,80,0,0,192,32,48,0,119,-134,0,0,70,0,160,64,32,16,0,92,-190,0,0,100,0,144,240,48,64,0,95,-138,0,0,100,0,160,64,32,16,0,77,-105,0,1,70,0,416,48,48,32,0,72,-110,0,1,20,0,144,0,64,64,0,108,-100,0,0,100,0,208,48,16,16,0,86,-87,0,0,100,0,0,160,32,32,0,72,-110,0,0,100,0,144,0,64,64,0,25,-194,0,0,100,0,0,0,144,160,0,38,-221,0,0,100,0,208,0,112,48,0,0,-256,0,0,100,0,0,1024,192,256,0,
0,17,0,-256,0,0,100,0,192,1024,192,256,0,131,-121,0,1,80,0,400,0,16,16,0,88,-167,0,1,70,0,400,0,16,16,0,77,-161,0,1,20,0,400,0,16,16,0,54,-141,0,1,45,0,320,0,80,48,0,120,-161,0,0,100,0,32,192,32,48,0,117,-133,0,0,100,0,160,64,32,16,0,90,-189,0,0,100,0,0,240,48,64,0,93,-137,0,0,100,0,160,64,32,16,0,77,-105,0,1,60,0,416,48,48,32,0,72,-110,0,1,20,0,144,0,64,64,0,108,-100,0,0,100,0,208,48,16,16,0,87,-88,0,0,100,0,32,160,32,32,0,72,-110,0,0,100,0,144,0,64,64,0,25,-194,0,0,100,0,0,0,144,160,0,38,-221,0,0,100,0,208,0,112,48,0,0,-256,0,0,100,0,0,1024,192,256,0,
0,18,0,-256,0,0,100,0,192,1024,192,256,0,131,-121,0,1,60,0,400,0,16,16,0,88,-167,0,1,40,0,400,0,16,16,0,77,-161,0,1,40,0,400,0,16,16,0,41,-189,0,1,30,0,400,0,16,16,0,54,-141,0,1,40,0,320,0,80,48,0,118,-160,0,0,100,0,64,192,32,48,0,115,-132,0,0,100,0,160,64,32,16,0,88,-188,0,0,100,0,48,240,48,64,0,91,-136,0,0,100,0,160,64,32,16,0,77,-105,0,1,50,0,464,48,48,32,0,72,-110,0,1,20,0,144,0,64,64,0,108,-100,0,0,100,0,208,48,16,16,0,87,-88,0,0,100,0,0,160,32,32,0,72,-110,0,0,100,0,144,0,64,64,0,25,-194,0,0,100,0,0,0,144,160,0,38,-221,0,0,100,0,208,0,112,48,0,0,-256,0,0,100,0,0,1024,192,256,0,
0,18,0,-256,0,0,100,0,192,1024,192,256,0,131,-121,0,1,80,0,400,0,16,16,0,88,-167,0,1,20,0,400,0,16,16,0,77,-161,0,1,60,0,400,0,16,16,0,41,-189,0,1,70,0,400,0,16,16,0,54,-141,0,1,35,0,320,0,80,48,0,116,-159,0,0,100,0,96,192,32,48,0,113,-131,0,0,100,0,160,64,32,16,0,86,-187,0,0,100,0,96,240,48,64,0,89,-135,0,0,100,0,160,64,32,16,0,77,-105,0,1,60,0,464,48,48,32,0,72,-110,0,1,20,0,144,0,64,64,0,108,-100,0,0,100,0,208,48,16,16,0,86,-87,0,0,100,0,64,160,32,32,0,72,-110,0,0,100,0,144,0,64,64,0,25,-194,0,0,100,0,0,0,144,160,0,38,-221,0,0,100,0,208,0,112,48,0,0,-256,0,0,100,0,0,1024,192,256,0,
0,17,0,-256,0,0,100,0,192,1024,192,256,0,131,-121,0,1,100,0,400,0,16,16,0,77,-161,0,1,80,0,400,0,16,16,0,41,-189,0,1,100,0,400,0,16,16,0,54,-141,0,1,30,0,320,0,80,48,0,114,-158,0,0,100,0,0,192,32,48,0,111,-130,0,0,100,0,160,64,32,16,0,84,-186,0,0,100,0,144,240,48,64,0,87,-134,0,0,100,0,160,64,32,16,0,77,-105,0,1,70,0,320,48,48,32,0,72,-110,0,1,20,0,144,0,64,64,0,108,-100,0,0,100,0,208,48,16,16,0,86,-87,0,0,100,0,0,160,32,32,0,72,-110,0,0,100,0,144,0,64,64,0,25,-194,0,0,100,0,0,0,144,160,0,38,-221,0,0,100,0,208,0,112,48,0,0,-256,0,0,100,0,0,1024,192,256,0,
0,17,0,-256,0,0,100,0,192,1024,192,256,0,131,-121,0,1,80,0,400,0,16,16,0,77,-161,0,1,100,0,400,0,16,16,0,41,-189,0,1,80,0,400,0,16,16,0,54,-141,0,1,25,0,320,0,80,48,0,112,-157,0,0,100,0,32,192,32,48,0,109,-129,0,0,100,0,160,64,32,16,0,82,-185,0,0,100,0,0,240,48,64,0,85,-133,0,0,100,0,160,64,32,16,0,77,-105,0,1,60,0,320,48,48,32,0,72,-110,0,1,20,0,144,0,64,64,0,108,-100,0,0,100,0,208,48,16,16,0,85,-86,0,0,100,0,32,160,32,32,0,72,-110,0,0,100,0,144,0,64,64,0,25,-194,0,0,100,0,0,0,144,160,0,38,-221,0,0,100,0,208,0,112,48,0,0,-256,0,0,100,0,0,1024,192,256,0,
0,17,0,-256,0,0,100,0,192,1024,192,256,0,131,-121,0,1,60,0,400,0,16,16,0,77,-161,0,1,80,0,400,0,16,16,0,41,-189,0,1,50,0,400,0,16,16,0,54,-141,0,1,30,0,320,0,80,48,0,110,-156,0,0,100,0,64,192,32,48,0,107,-128,0,0,100,0,160,64,32,16,0,80,-184,0,0,100,0,48,240,48,64,0,83,-132,0,0,100,0,160,64,32,16,0,77,-105,0,1,50,0,368,48,48,32,0,72,-110,0,1,20,0,144,0,64,64,0,108,-100,0,0,100,0,208,48,16,16,0,85,-86,0,0,100,0,0,160,32,32,0,72,-110,0,0,100,0,144,0,64,64,0,25,-194,0,0,100,0,0,0,144,160,0,38,-221,0,0,100,0,208,0,112,48,0,0,-256,0,0,100,0,0,1024,192,256,0,
0,18,0,-256,0,0,100,0,192,1024,192,256,0,131,-121,0,1,80,0,400,0,16,16,0,88,-167,0,1,60,0,400,0,16,16,0,77,-161,0,1,60,0,400,0,16,16,0,41,-189,0,1,20,0,400,0,16,16,0,54,-141,0,1,35,0,320,0,80,48,0,108,-155,0,0,100,0,96,192,32,48,0,105,-127,0,0,100,0,160,64,32,16,0,78,-183,0,0,100,0,96,240,48,64,0,81,-131,0,0,100,0,160,64,32,16,0,77,-105,0,1,60,0,368,48,48,32,0,72,-110,0,1,20,0,144,0,64,64,0,108,-100,0,0,100,0,208,48,16,16,0,86,-87,0,0,100,0,64,160,32,32,0,72,-110,0,0,100,0,144,0,64,64,0,25,-194,0,0,100,0,0,0,144,160,0,38,-221,0,0,100,0,208,0,112,48,0,0,-256,0,0,100,0,0,1024,192,256,0,
0,17,0,-256,0,0,100,0,192,1024,192,256,0,131,-121,0,1,100,0,400,0,16,16,0,88,-167,0,1,100,0,400,0,16,16,0,77,-161,0,1,40,0,400,0,16,16,0,54,-141,0,1,40,0,320,0,80,48,0,106,-154,0,0,100,0,0,192,32,48,0,103,-126,0,0,100,0,160,64,32,16,0,76,-182,0,0,100,0,144,240,48,64,0,79,-130,0,0,100,0,160,64,32,16,0,77,-105,0,1,70,0,416,48,48,32,0,72,-110,0,1,20,0,144,0,64,64,0,108,-100,0,0,100,0,208,48,16,16,0,86,-87,0,0,100,0,0,160,32,32,0,72,-110,0,0,100,0,144,0,64,64,0,25,-194,0,0,100,0,0,0,144,160,0,38,-221,0,0,100,0,208,0,112,48,0,0,-256,0,0,100,0,0,1024,192,256,0,
0,17,0,-256,0,0,100,0,192,1024,192,256,0,131,-121,0,1,80,0,400,0,16,16,0,88,-167,0,1,70,0,400,0,16,16,0,77,-161,0,1,20,0,400,0,16,16,0,54,-141,0,1,45,0,320,0,80,48,0,104,-153,0,0,100,0,32,192,32,48,0,101,-125,0,0,100,0,160,64,32,16,0,74,-181,0,0,100,0,0,240,48,64,0,77,-129,0,0,100,0,160,64,32,16,0,77,-105,0,1,60,0,416,48,48,32,0,72,-110,0,1,20,0,144,0,64,64,0,108,-100,0,0,100,0,208,48,16,16,0,87,-88,0,0,100,0,32,160,32,32,0,72,-110,0,0,100,0,144,0,64,64,0,25,-194,0,0,100,0,0,0,144,160,0,38,-221,0,0,100,0,208,0,112,48,0,0,-256,0,0,100,0,0,1024,192,256,0,
0,18,0,-256,0,0,100,0,192,1024,192,256,0,131,-121,0,1,60,0,400,0,16,16,0,88,-167,0,1,40,0,400,0,16,16,0,77,-161,0,1,40,0,400,0,16,16,0,41,-189,0,1,30,0,400,0,16,16,0,54,-141,0,1,40,0,320,0,80,48,0,102,-152,0,0,100,0,64,192,32,48,0,99,-124,0,0,100,0,160,64,32,16,0,72,-180,0,0,100,0,48,240,48,64,0,75,-128,0,0,100,0,160,64,32,16,0,77,-105,0,1,50,0,464,48,48,32,0,72,-110,0,1,20,0,144,0,64,64,0,108,-100,0,0,100,0,208,48,16,16,0,87,-88,0,0,100,0,0,160,32,32,0,72,-110,0,0,100,0,144,0,64,64,0,25,-194,0,0,100,0,0,0,144,160,0,38,-221,0,0,100,0,208,0,112,48,0,0,-256,0,0,100,0,0,1024,192,256,0,
0,18,0,-256,0,0,100,0,192,1024,192,256,0,131,-121,0,1,80,0,400,0,16,16,0,88,-167,0,1,20,0,400,0,16,16,0,77,-161,0,1,60,0,400,0,16,16,0,41,-189,0,1,70,0,400,0,16,16,0,54,-141,0,1,35,0,320,0,80,48,0,100,-151,0,0,100,0,96,192,32,48,0,97,-123,0,0,100,0,160,64,32,16,0,70,-179,0,0,100,0,96,240,48,64,0,73,-127,0,0,100,0,160,64,32,16,0,77,-105,0,1,60,0,464,48,48,32,0,72,-110,0,1,20,0,144,0,64,64,0,108,-100,0,0,100,0,208,48,16,16,0,86,-87,0,0,100,0,64,160,32,32,0,72,-110,0,0,100,0,144,0,64,64,0,25,-194,0,0,100,0,0,0,144,160,0,38,-221,0,0,100,0,208,0,112,48,0,0,-256,0,0,100,0,0,1024,192,256,0,
0,17,0,-256,0,0,100,0,192,1024,192,256,0,131,-121,0,1,100,0,400,0,16,16,0,77,-161,0,1,80,0,400,0,16,16,0,41,-189,0,1,100,0,400,0,16,16,0,54,-141,0,1,30,0,320,0,80,48,0,98,-150,0,0,100,0,0,192,32,48,0,95,-122,0,0,100,0,160,64,32,16,0,69,-179,0,0,100,0,144,240,48,64,0,71,-126,0,0,100,0,160,64,32,16,0,77,-105,0,1,70,0,320,48,48,32,0,72,-110,0,1,20,0,144,0,64,64,0,108,-100,0,0,100,0,208,48,16,16,0,86,-87,0,0,100,0,0,160,32,32,0,72,-110,0,0,100,0,144,0,64,64,0,25,-194,0,0,100,0,0,0,144,160,0,38,-221,0,0,100,0,208,0,112,48,0,0,-256,0,0,100,0,0,1024,192,256,0,
0,17,0,-256,0,0,100,0,192,1024,192,256,0,131,-121,0,1,80,0,400,0,16,16,0,77,-161,0,1,100,0,400,0,16,16,0,41,-189,0,1,80,0,400,0,16,16,0,54,-141,0,1,25,0,320,0,80,48,0,96,-149,0,0,100,0,32,192,32,48,0,93,-121,0,0,100,0,160,64,32,16,0,53,-180,1,0,100,0,192,304,48,64,0,69,-125,0,0,100,0,160,64,32,16,0,77,-105,0,1,60,0,320,48,48,32,0,72,-110,0,1,20,0,144,0,64,64,0,108,-100,0,0,100,0,208,48,16,16,0,85,-86,0,0,100,0,32,160,32,32,0,72,-110,0,0,100,0,144,0,64,64,0,25,-194,0,0,100,0,0,0,144,160,0,38,-221,0,0,100,0,208,0,112,48,0,0,-256,0,0,100,0,0,1024,192,256,0,
0,17,0,-256,0,0,100,0,192,1024,192,256,0,131,-121,0,1,60,0,400,0,16,16,0,77,-161,0,1,80,0,400,0,16,16,0,41,-189,0,1,50,0,400,0,16,16,0,54,-141,0,1,30,0,320,0,80,48,0,94,-148,0,0,100,0,64,192,32,48,0,91,-120,0,0,100,0,160,64,32,16,0,53,-180,1,0,100,0,240,304,48,64,0,69,-125,0,0,100,0,160,64,32,16,0,77,-105,0,1,50,0,368,48,48,32,0,72,-110,0,1,20,0,144,0,64,64,0,108,-100,0,0,100,0,208,48,16,16,0,85,-86,0,0,100,0,0,160,32,32,0,72,-110,0,0,100,0,144,0,64,64,0,25,-194,0,0,100,0,0,0,144,160,0,38,-221,0,0,100,0,208,0,112,48,0,0,-256,0,0,100,0,0,1024,192,256,0,
0,18,0,-256,0,0,100,0,192,1024,192,256,0,131,-121,0,1,80,0,400,0,16,16,0,88,-167,0,1,60,0,400,0,16,16,0,77,-161,0,1,60,0,400,0,16,16,0,41,-189,0,1,20,0,400,0,16,16,0,54,-141,0,1,35,0,320,0,80,48,0,92,-147,0,0,100,0,96,192,32,48,0,89,-119,0,0,100,0,160,64,32,16,0,53,-180,1,0,100,0,288,304,48,64,0,69,-125,0,0,100,0,160,64,32,16,0,77,-105,0,1,60,0,368,48,48,32,0,72,-110,0,1,20,0,144,0,64,64,0,108,-100,0,0,100,0,208,48,16,16,0,86,-87,0,0,100,0,64,160,32,32,0,72,-110,0,0,100,0,144,0,64,64,0,25,-194,0,0,100,0,0,0,144,160,0,38,-221,0,0,100,0,208,0,112,48,0,0,-256,0,0,100,0,0,1024,192,256,0,
0,17,0,-256,0,0,100,0,192,1024,192,256,0,131,-121,0,1,100,0,400,0,16,16,0,88,-167,0,1,100,0,400,0,16,16,0,77,-161,0,1,40,0,400,0,16,16,0,54,-141,0,1,40,0,320,0,80,48,0,88,-146,0,0,100,0,128,192,32,48,0,87,-118,0,0,100,0,160,64,32,16,0,53,-180,1,0,100,0,336,304,48,64,0,69,-125,0,0,100,0,160,64,32,16,0,77,-105,0,1,70,0,416,48,48,32,0,72,-110,0,1,20,0,144,0,64,64,0,108,-100,0,0,100,0,208,48,16,16,0,86,-87,0,0,100,0,0,160,32,32,0,72,-110,0,0,100,0,144,0,64,64,0,25,-194,0,0,100,0,0,0,144,160,0,38,-221,0,0,100,0,208,0,112,48,0,0,-256,0,0,100,0,0,1024,192,256,0,
0,17,0,-256,0,0,100,0,192,1024,192,256,0,131,-121,0,1,80,0,400,0,16,16,0,88,-167,0,1,70,0,400,0,16,16,0,77,-161,0,1,20,0,400,0,16,16,0,54,-141,0,1,45,0,320,0,80,48,0,88,-146,0,0,100,0,160,192,32,48,0,87,-118,0,0,100,0,160,64,32,16,0,53,-180,1,0,100,0,192,304,48,64,0,69,-125,0,0,100,0,160,64,32,16,0,77,-105,0,1,60,0,416,48,48,32,0,72,-110,0,1,20,0,144,0,64,64,0,108,-100,0,0,100,0,208,48,16,16,0,87,-88,0,0,100,0,32,160,32,32,0,72,-110,0,0,100,0,144,0,64,64,0,25,-194,0,0,100,0,0,0,144,160,0,38,-221,0,0,100,0,208,0,112,48,0,0,-256,0,0,100,0,0,1024,192,256,0,
0,18,0,-256,0,0,100,0,192,1024,192,256,0,131,-121,0,1,60,0,400,0,16,16,0,88,-167,0,1,40,0,400,0,16,16,0,77,-161,0,1,40,0,400,0,16,16,0,41,-189,0,1,30,0,400,0,16,16,0,54,-141,0,1,40,0,320,0,80,48,0,88,-146,0,0,100,0,192,192,32,48,0,87,-118,0,0,100,0,160,64,32,16,0,53,-180,1,0,100,0,240,304,48,64,0,69,-125,0,0,100,0,160,64,32,16,0,77,-105,0,1,50,0,464,48,48,32,0,72,-110,0,1,20,0,144,0,64,64,0,108,-100,0,0,100,0,208,48,16,16,0,87,-88,0,0,100,0,0,160,32,32,0,72,-110,0,0,100,0,144,0,64,64,0,25,-194,0,0,100,0,0,0,144,160,0,38,-221,0,0,100,0,208,0,112,48,0,0,-256,0,0,100,0,0,1024,192,256,0,
0,18,0,-256,0,0,100,0,192,1024,192,256,0,131,-121,0,1,80,0,400,0,16,16,0,88,-167,0,1,20,0,400,0,16,16,0,77,-161,0,1,60,0,400,0,16,16,0,41,-189,0,1,70,0,400,0,16,16,0,54,-141,0,1,35,0,320,0,80,48,0,88,-146,0,0,100,0,192,192,32,48,0,87,-118,0,0,100,0,160,64,32,16,0,53,-180,1,0,100,0,288,304,48,64,0,69,-125,0,0,100,0,160,64,32,16,0,77,-105,0,1,60,0,464,48,48,32,0,72,-110,0,1,20,0,144,0,64,64,0,108,-100,0,0,100,0,208,48,16,16,0,86,-87,0,0,100,0,64,160,32,32,0,72,-110,0,0,100,0,144,0,64,64,0,25,-194,0,0,100,0,0,0,144,160,0,38,-221,0,0,100,0,208,0,112,48,0,0,-256,0,0,100,0,0,1024,192,256,0,
0,17,0,-256,0,0,100,0,192,1024,192,256,0,131,-121,0,1,100,0,400,0,16,16,0,77,-161,0,1,80,0,400,0,16,16,0,41,-189,0,1,100,0,400,0,16,16,0,54,-141,0,1,30,0,320,0,80,48,0,88,-146,0,0,100,0,192,192,32,48,0,87,-118,0,0,100,0,160,64,32,16,0,58,-164,0,0,100,0,192,240,64,48,0,69,-126,0,0,100,0,160,64,32,16,0,77,-105,0,1,70,0,320,48,48,32,0,72,-110,0,1,20,0,144,0,64,64,0,108,-100,0,0,100,0,208,48,16,16,0,86,-87,0,0,100,0,0,160,32,32,0,72,-110,0,0,100,0,144,0,64,64,0,25,-194,0,0,100,0,0,0,144,160,0,38,-221,0,0,100,0,208,0,112,48,0,0,-256,0,0,100,0,0,1024,192,256,0,
0,19,0,-256,0,0,100,0,192,1024,192,256,0,131,-121,0,1,80,0,400,0,16,16,0,77,-161,0,1,100,0,400,0,16,16,0,41,-189,0,1,80,0,400,0,16,16,0,54,-141,0,1,25,0,320,0,80,48,0,88,-146,0,0,100,0,192,192,32,48,0,87,-118,0,0,100,0,160,64,32,16,0,62,-161,0,0,100,0,144,64,16,16,0,63,-172,0,0,100,0,256,240,48,32,0,65,-130,0,0,100,0,160,64,32,16,0,77,-105,0,1,60,0,320,48,48,32,0,72,-110,0,1,20,0,144,0,64,64,0,108,-100,0,0,100,0,208,48,16,16,0,85,-86,0,0,100,0,32,160,32,32,0,72,-110,0,0,100,0,144,0,64,64,0,25,-194,0,0,70,0,0,416,96,96,0,25,-194,0,0,100,0,0,0,144,160,0,38,-221,0,0,100,0,208,0,112,48,0,0,-256,0,0,100,0,0,1024,192,256,0,
0,19,0,-256,0,0,100,0,192,1024,192,256,0,131,-121,0,1,60,0,400,0,16,16,0,77,-161,0,1,80,0,400,0,16,16,0,41,-189,0,1,50,0,400,0,16,16,0,54,-141,0,1,30,0,320,0,80,48,0,86,-145,1,0,100,0,0,192,32,48,0,89,-117,0,0,100,0,160,64,32,16,0,70,-156,0,0,100,0,144,80,16,16,0,63,-161,0,0,100,0,144,64,16,16,0,61,-166,0,0,100,0,192,288,32,16,0,60,-132,0,0,50,0,160,64,32,16,0,77,-105,0,1,50,0,368,48,48,32,0,72,-110,0,1,20,0,144,0,64,64,0,108,-100,0,0,100,0,208,48,16,16,0,85,-86,0,0,100,0,0,160,32,32,0,72,-110,0,0,100,0,144,0,64,64,0,25,-194,0,0,100,0,0,0,144,160,0,38,-221,0,0,100,0,208,0,112,48,0,0,-256,0,0,100,0,0,1024,192,256,0,
0,21,0,-256,0,0,100,0,192,1024,192,256,0,131,-121,0,1,80,0,400,0,16,16,0,88,-167,0,1,60,0,400,0,16,16,0,77,-161,0,1,60,0,400,0,16,16,0,41,-189,0,1,20,0,400,0,16,16,0,54,-141,0,1,35,0,320,0,80,48,0,88,-144,1,0,100,0,32,192,32,48,0,91,-116,0,0,100,0,160,64,32,16,0,77,-167,0,0,100,0,144,96,16,16,0,66,-154,0,0,100,0,144,96,16,16,0,71,-154,0,0,80,0,144,80,16,16,0,62,-161,0,0,50,0,144,64,16,16,0,77,-105,0,1,60,0,368,48,48,32,0,72,-110,0,1,20,0,144,0,64,64,0,108,-100,0,0,100,0,208,48,16,16,0,86,-87,0,0,100,0,64,160,32,32,0,72,-110,0,0,100,0,144,0,64,64,0,25,-194,0,0,20,0,0,416,96,96,0,25,-194,0,0,100,0,0,0,144,160,0,38,-221,0,0,100,0,208,0,112,48,0,0,-256,0,0,100,0,0,1024,192,256,0,
0,18,0,-256,0,0,100,0,192,1024,192,256,0,131,-121,0,1,100,0,400,0,16,16,0,88,-167,0,1,100,0,400,0,16,16,0,77,-161,0,1,40,0,400,0,16,16,0,54,-141,0,1,40,0,320,0,80,48,0,90,-143,1,0,100,0,64,192,32,48,0,93,-115,0,0,100,0,160,64,32,16,0,79,-168,0,0,70,0,144,96,16,16,0,67,-152,0,0,80,0,144,96,16,16,0,73,-153,0,0,60,0,144,80,16,16,0,77,-105,0,1,70,0,416,48,48,32,0,72,-110,0,1,20,0,144,0,64,64,0,108,-100,0,0,100,0,208,48,16,16,0,86,-87,0,0,100,0,0,160,32,32,0,72,-110,0,0,100,0,144,0,64,64,0,25,-194,0,0,100,0,0,0,144,160,0,38,-221,0,0,100,0,208,0,112,48,0,0,-256,0,0,100,0,0,1024,192,256,0,
0,18,0,-256,0,0,100,0,192,1024,192,256,0,131,-121,0,1,80,0,400,0,16,16,0,88,-167,0,1,70,0,400,0,16,16,0,77,-161,0,1,20,0,400,0,16,16,0,54,-141,0,1,45,0,320,0,80,48,0,92,-142,1,0,100,0,96,192,32,48,0,95,-114,0,0,100,0,160,64,32,16,0,81,-169,0,0,30,0,144,96,16,16,0,69,-150,0,0,60,0,144,96,16,16,0,74,-152,0,0,40,0,144,80,16,16,0,77,-105,0,1,60,0,416,48,48,32,0,72,-110,0,1,20,0,144,0,64,64,0,108,-100,0,0,100,0,208,48,16,16,0,87,-88,0,0,100,0,32,160,32,32,0,72,-110,0,0,100,0,144,0,64,64,0,25,-194,0,0,100,0,0,0,144,160,0,38,-221,0,0,100,0,208,0,112,48,0,0,-256,0,0,100,0,0,1024,192,256,0,
0,17,0,-256,0,0,100,0,192,1024,192,256,0,131,-121,0,1,60,0,400,0,16,16,0,88,-167,0,1,40,0,400,0,16,16,0,77,-161,0,1,40,0,400,0,16,16,0,41,-189,0,1,30,0,400,0,16,16,0,54,-141,0,1,40,0,320,0,80,48,0,94,-141,1,0,100,0,0,192,32,48,0,97,-113,0,0,100,0,160,64,32,16,0,71,-148,0,0,40,0,144,96,16,16,0,77,-105,0,1,50,0,464,48,48,32,0,72,-110,0,1,20,0,144,0,64,64,0,108,-100,0,0,100,0,208,48,16,16,0,87,-88,0,0,100,0,0,160,32,32,0,72,-110,0,0,100,0,144,0,64,64,0,25,-194,0,0,100,0,0,0,144,160,0,38,-221,0,0,100,0,208,0,112,48,0,0,-256,0,0,100,0,0,1024,192,256,0,
0,17,0,-256,0,0,100,0,192,1024,192,256,0,131,-121,0,1,80,0,400,0,16,16,0,88,-167,0,1,20,0,400,0,16,16,0,77,-161,0,1,60,0,400,0,16,16,0,41,-189,0,1,70,0,400,0,16,16,0,54,-141,0,1,35,0,320,0,80,48,0,96,-140,1,0,100,0,32,192,32,48,0,99,-112,0,0,100,0,160,64,32,16,0,72,-147,0,0,20,0,144,96,16,16,0,77,-105,0,1,60,0,464,48,48,32,0,72,-110,0,1,20,0,144,0,64,64,0,108,-100,0,0,100,0,208,48,16,16,0,86,-87,0,0,100,0,64,160,32,32,0,72,-110,0,0,100,0,144,0,64,64,0,25,-194,0,0,100,0,0,0,144,160,0,38,-221,0,0,100,0,208,0,112,48,0,0,-256,0,0,100,0,0,1024,192,256,0,
0,15,0,-256,0,0,100,0,192,1024,192,256,0,131,-121,0,1,100,0,400,0,16,16,0,77,-161,0,1,80,0,400,0,16,16,0,41,-189,0,1,100,0,400,0,16,16,0,54,-141,0,1,30,0,320,0,80,48,0,98,-140,1,0,100,0,64,192,32,48,0,101,-112,0,0,100,0,160,64,32,16,0,77,-105,0,1,70,0,320,48,48,32,0,72,-110,0,1,20,0,144,0,64,64,0,108,-100,0,0,100,0,208,48,16,16,0,86,-87,0,0,100,0,0,160,32,32,0,72,-110,0,0,100,0,144,0,64,64,0,25,-194,0,0,100,0,0,0,144,160,0,38,-221,0,0,100,0,208,0,112,48,0,0,-256,0,0,100,0,0,1024,192,256,0,
0,15,0,-256,0,0,100,0,192,1024,192,256,0,131,-121,0,1,80,0,400,0,16,16,0,77,-161,0,1,100,0,400,0,16,16,0,41,-189,0,1,80,0,400,0,16,16,0,54,-141,0,1,25,0,320,0,80,48,0,100,-140,1,0,100,0,96,192,32,48,0,103,-112,0,0,100,0,160,64,32,16,0,77,-105,0,1,60,0,320,48,48,32,0,72,-110,0,1,20,0,144,0,64,64,0,108,-100,0,0,100,0,208,48,16,16,0,85,-86,0,0,100,0,32,160,32,32,0,72,-110,0,0,100,0,144,0,64,64,0,25,-194,0,0,100,0,0,0,144,160,0,38,-221,0,0,100,0,208,0,112,48,0,0,-256,0,0,100,0,0,1024,192,256,0,
0,16,0,-256,0,0,100,0,192,1024,192,256,0,131,-121,0,1,60,0,400,0,16,16,0,77,-161,0,1,80,0,400,0,16,16,0,41,-189,0,1,50,0,400,0,16,16,0,54,-141,0,1,30,0,320,0,80,48,0,101,-133,0,0,100,0,96,160,16,32,0,106,-140,0,0,100,0,128,192,32,48,0,105,-112,0,0,100,0,160,64,32,16,0,77,-105,0,1,50,0,368,48,48,32,0,72,-110,0,1,20,0,144,0,64,64,0,108,-100,0,0,100,0,208,48,16,16,0,85,-86,0,0,100,0,0,160,32,32,0,72,-110,0,0,100,0,144,0,64,64,0,25,-194,0,0,100,0,0,0,144,160,0,38,-221,0,0,100,0,208,0,112,48,0,0,-256,0,0,100,0,0,1024,192,256,0,
0,17,0,-256,0,0,100,0,192,1024,192,256,0,131,-121,0,1,80,0,400,0,16,16,0,88,-167,0,1,60,0,400,0,16,16,0,77,-161,0,1,60,0,400,0,16,16,0,41,-189,0,1,20,0,400,0,16,16,0,54,-141,0,1,35,0,320,0,80,48,0,101,-133,0,0,100,0,96,160,16,32,0,106,-140,0,0,100,0,160,192,32,48,0,105,-112,0,0,100,0,160,64,32,16,0,77,-105,0,1,60,0,368,48,48,32,0,72,-110,0,1,20,0,144,0,64,64,0,108,-100,0,0,100,0,208,48,16,16,0,86,-87,0,0,100,0,64,160,32,32,0,72,-110,0,0,100,0,144,0,64,64,0,25,-194,0,0,100,0,0,0,144,160,0,38,-221,0,0,100,0,208,0,112,48,0,0,-256,0,0,100,0,0,1024,192,256,0,
0,16,0,-256,0,0,100,0,192,1024,192,256,0,131,-121,0,1,100,0,400,0,16,16,0,88,-167,0,1,100,0,400,0,16,16,0,77,-161,0,1,40,0,400,0,16,16,0,54,-141,0,1,40,0,320,0,80,48,0,98,-149,0,0,100,0,112,160,32,32,0,106,-140,0,0,100,0,224,192,32,48,0,105,-112,0,0,100,0,160,64,32,16,0,77,-105,0,1,70,0,416,48,48,32,0,72,-110,0,1,20,0,144,0,64,64,0,108,-100,0,0,100,0,208,48,16,16,0,86,-87,0,0,100,0,0,160,32,32,0,72,-110,0,0,100,0,144,0,64,64,0,25,-194,0,0,100,0,0,0,144,160,0,38,-221,0,0,100,0,208,0,112,48,0,0,-256,0,0,100,0,0,1024,192,256,0,
0,16,0,-256,0,0,100,0,192,1024,192,256,0,131,-121,0,1,80,0,400,0,16,16,0,88,-167,0,1,70,0,400,0,16,16,0,77,-161,0,1,20,0,400,0,16,16,0,54,-141,0,1,45,0,320,0,80,48,0,112,-159,0,0,100,0,144,160,32,32,0,106,-140,0,0,100,0,256,192,32,48,0,105,-112,0,0,100,0,160,64,32,16,0,77,-105,0,1,60,0,416,48,48,32,0,72,-110,0,1,20,0,144,0,64,64,0,108,-100,0,0,100,0,208,48,16,16,0,87,-88,0,0,100,0,32,160,32,32,0,72,-110,0,0,100,0,144,0,64,64,0,25,-194,0,0,100,0,0,0,144,160,0,38,-221,0,0,100,0,208,0,112,48,0,0,-256,0,0,100,0,0,1024,192,256,0,
0,17,0,-256,0,0,100,0,192,1024,192,256,0,131,-121,0,1,60,0,400,0,16,16,0,88,-167,0,1,40,0,400,0,16,16,0,77,-161,0,1,40,0,400,0,16,16,0,41,-189,0,1,30,0,400,0,16,16,0,54,-141,0,1,40,0,320,0,80,48,0,98,-142,0,0,100,0,176,160,32,32,0,106,-140,0,0,100,0,128,192,32,48,0,105,-112,0,0,100,0,160,64,32,16,0,77,-105,0,1,50,0,464,48,48,32,0,72,-110,0,1,20,0,144,0,64,64,0,108,-100,0,0,100,0,208,48,16,16,0,87,-88,0,0,100,0,0,160,32,32,0,72,-110,0,0,100,0,144,0,64,64,0,25,-194,0,0,100,0,0,0,144,160,0,38,-221,0,0,100,0,208,0,112,48,0,0,-256,0,0,100,0,0,1024,192,256,0,
0,17,0,-256,0,0,100,0,192,1024,192,256,0,131,-121,0,1,80,0,400,0,16,16,0,88,-167,0,1,20,0,400,0,16,16,0,77,-161,0,1,60,0,400,0,16,16,0,41,-189,0,1,70,0,400,0,16,16,0,54,-141,0,1,35,0,320,0,80,48,0,90,-123,0,0,100,0,208,160,32,32,0,106,-140,0,0,100,0,160,192,32,48,0,105,-112,0,0,100,0,160,64,32,16,0,77,-105,0,1,60,0,464,48,48,32,0,72,-110,0,1,20,0,144,0,64,64,0,108,-100,0,0,100,0,208,48,16,16,0,86,-87,0,0,100,0,64,160,32,32,0,72,-110,0,0,100,0,144,0,64,64,0,25,-194,0,0,100,0,0,0,144,160,0,38,-221,0,0,100,0,208,0,112,48,0,0,-256,0,0,100,0,0,1024,192,256,0,
0,17,0,-256,0,0,100,0,192,1024,192,256,0,131,-121,0,1,100,0,400,0,16,16,0,77,-161,0,1,80,0,400,0,16,16,0,41,-189,0,1,100,0,400,0,16,16,0,54,-141,0,1,30,0,320,0,80,48,0,84,-104,0,1,100,0,160,80,32,16,0,89,-120,0,0,100,0,240,160,32,32,0,105,-139,0,0,100,0,288,192,32,48,0,105,-112,0,0,100,0,160,64,32,16,0,77,-105,0,1,70,0,320,48,48,32,0,72,-110,0,1,20,0,144,0,64,64,0,109,-101,0,0,100,0,208,48,16,16,0,86,-87,0,0,100,0,0,160,32,32,0,72,-110,0,0,100,0,144,0,64,64,0,25,-194,0,0,100,0,0,0,144,160,0,38,-221,0,0,100,0,208,0,112,48,0,0,-256,0,0,100,0,0,1024,192,256,0,
0,17,0,-256,0,0,100,0,192,1024,192,256,0,131,-121,0,1,80,0,400,0,16,16,0,77,-161,0,1,100,0,400,0,16,16,0,41,-189,0,1,80,0,400,0,16,16,0,54,-141,0,1,25,0,320,0,80,48,0,84,-104,0,1,100,0,160,96,32,16,0,89,-120,0,0,100,0,240,160,32,32,0,105,-139,0,0,100,0,288,192,32,48,0,105,-112,0,0,100,0,160,64,32,16,0,77,-105,0,1,60,0,320,48,48,32,0,72,-110,0,1,20,0,144,0,64,64,0,109,-100,0,0,100,0,208,48,16,16,0,80,-84,0,0,80,0,32,160,32,32,0,72,-110,0,0,100,0,144,0,64,64,0,25,-194,0,0,100,0,0,0,144,160,0,38,-221,0,0,100,0,208,0,112,48,0,0,-256,0,0,100,0,0,1024,192,256,0,
0,17,0,-256,0,0,100,0,192,1024,192,256,0,131,-121,0,1,60,0,400,0,16,16,0,77,-161,0,1,80,0,400,0,16,16,0,41,-189,0,1,50,0,400,0,16,16,0,54,-141,0,1,30,0,320,0,80,48,0,84,-104,0,1,100,0,160,112,32,16,0,89,-120,0,0,100,0,240,160,32,32,0,105,-139,0,0,100,0,288,192,32,48,0,105,-112,0,0,100,0,160,64,32,16,0,77,-105,0,1,50,0,368,48,48,32,0,72,-110,0,1,20,0,144,0,64,64,0,108,-100,0,0,100,0,208,48,16,16,0,75,-81,0,0,40,0,0,160,32,32,0,72,-110,0,0,100,0,144,0,64,64,0,25,-194,0,0,100,0,0,0,144,160,0,38,-221,0,0,100,0,208,0,112,48,0,0,-256,0,0,100,0,0,1024,192,256,0,
0,16,0,-256,0,0,100,0,192,1024,192,256,0,131,-121,0,1,80,0,400,0,16,16,0,88,-167,0,1,60,0,400,0,16,16,0,77,-161,0,1,60,0,400,0,16,16,0,41,-189,0,1,20,0,400,0,16,16,0,54,-141,0,1,35,0,320,0,80,48,0,89,-120,0,0,100,0,240,160,32,32,0,105,-139,0,0,100,0,288,192,32,48,0,105,-112,0,0,100,0,160,64,32,16,0,77,-105,0,1,60,0,368,48,48,32,0,72,-110,0,1,20,0,144,0,64,64,0,108,-100,0,0,100,0,208,48,16,16,0,72,-110,0,0,100,0,144,0,64,64,0,25,-194,0,0,100,0,0,0,144,160,0,38,-221,0,0,100,0,208,0,112,48,0,0,-256,0,0,100,0,0,1024,192,256,0,
0,15,0,-256,0,0,100,0,192,1024,192,256,0,131,-121,0,1,100,0,400,0,16,16,0,88,-167,0,1,100,0,400,0,16,16,0,77,-161,0,1,40,0,400,0,16,16,0,54,-141,0,1,40,0,320,0,80,48,0,89,-120,0,0,100,0,240,160,32,32,0,105,-139,0,0,100,0,288,192,32,48,0,105,-112,0,0,100,0,160,64,32,16,0,77,-105,0,1,70,0,416,48,48,32,0,72,-110,0,1,20,0,144,0,64,64,0,108,-100,0,0,100,0,208,48,16,16,0,72,-110,0,0,100,0,144,0,64,64,0,25,-194,0,0,100,0,0,0,144,160,0,38,-221,0,0,100,0,208,0,112,48,0,0,-256,0,0,100,0,0,1024,192,256,0,
0,15,0,-256,0,0,100,0,192,1024,192,256,0,131,-121,0,1,80,0,400,0,16,16,0,88,-167,0,1,70,0,400,0,16,16,0,77,-161,0,1,20,0,400,0,16,16,0,54,-141,0,1,45,0,320,0,80,48,0,89,-120,0,0,100,0,240,160,32,32,0,105,-139,0,0,100,0,288,192,32,48,0,105,-112,0,0,100,0,160,64,32,16,0,77,-105,0,1,60,0,416,48,48,32,0,72,-110,0,1,20,0,144,0,64,64,0,108,-100,0,0,100,0,208,48,16,16,0,72,-110,0,0,100,0,144,0,64,64,0,25,-194,0,0,100,0,0,0,144,160,0,38,-221,0,0,100,0,208,0,112,48,0,0,-256,0,0,100,0,0,1024,192,256,0,
0,16,0,-256,0,0,100,0,192,1024,192,256,0,131,-121,0,1,60,0,400,0,16,16,0,88,-167,0,1,40,0,400,0,16,16,0,77,-161,0,1,40,0,400,0,16,16,0,41,-189,0,1,30,0,400,0,16,16,0,54,-141,0,1,40,0,320,0,80,48,0,89,-120,0,0,100,0,240,160,32,32,0,105,-139,0,0,100,0,288,192,32,48,0,105,-112,0,0,100,0,160,64,32,16,0,77,-105,0,1,50,0,464,48,48,32,0,72,-110,0,1,20,0,144,0,64,64,0,108,-100,0,0,100,0,208,48,16,16,0,72,-110,0,0,100,0,144,0,64,64,0,25,-194,0,0,100,0,0,0,144,160,0,38,-221,0,0,100,0,208,0,112,48,0,0,-256,0,0,100,0,0,1024,192,256,0,
0,16,0,-256,0,0,100,0,192,1024,192,256,0,131,-121,0,1,80,0,400,0,16,16,0,88,-167,0,1,20,0,400,0,16,16,0,77,-161,0,1,60,0,400,0,16,16,0,41,-189,0,1,70,0,400,0,16,16,0,54,-141,0,1,35,0,320,0,80,48,0,77,-105,0,1,60,0,464,48,48,32,0,89,-120,0,0,100,0,240,160,32,32,0,105,-139,0,0,100,0,288,192,32,48,0,105,-112,0,0,100,0,160,64,32,16,0,72,-110,0,1,20,0,144,0,64,64,0,108,-100,0,0,100,0,208,48,16,16,0,72,-110,0,0,100,0,144,0,64,64,0,25,-194,0,0,100,0,0,0,144,160,0,38,-221,0,0,100,0,208,0,112,48,0,0,-256,0,0,100,0,0,1024,192,256,0,
0,22,0,-256,0,0,100,0,192,1024,192,256,0,131,-121,0,1,100,0,400,0,16,16,0,77,-161,0,1,80,0,400,0,16,16,0,41,-189,0,1,100,0,400,0,16,16,0,54,-141,0,1,30,0,320,0,80,48,0,89,-120,0,0,100,0,240,160,32,32,0,105,-139,0,0,100,0,288,192,32,48,0,105,-112,0,0,100,0,160,64,32,16,0,61,-156,0,0,100,0,144,64,16,16,0,45,-135,0,0,100,0,144,64,16,16,0,54,-142,0,0,100,0,144,64,16,16,0,60,-143,1,0,100,0,224,288,32,16,0,38,-177,1,0,100,0,336,304,48,64,0,77,-105,0,1,70,0,320,48,48,32,0,72,-110,0,1,20,0,144,0,64,64,0,108,-100,0,0,100,0,208,48,16,16,0,72,-90,0,0,30,0,144,128,32,32,0,72,-110,0,0,100,0,144,0,64,64,0,25,-194,0,0,70,0,0,416,96,96,0,25,-194,0,0,100,0,0,0,144,160,0,38,-221,0,0,100,0,208,0,112,48,0,0,-256,0,0,100,0,0,1024,192,256,0,
0,22,0,-256,0,0,100,0,192,1024,192,256,0,131,-121,0,1,80,0,400,0,16,16,0,77,-161,0,1,100,0,400,0,16,16,0,41,-189,0,1,80,0,400,0,16,16,0,54,-141,0,1,25,0,320,0,80,48,0,89,-120,0,0,100,0,240,160,32,32,0,105,-139,0,0,100,0,288,192,32,48,0,105,-112,0,0,100,0,160,64,32,16,0,60,-166,0,0,100,0,144,64,16,16,0,40,-160,0,0,100,0,144,64,16,16,0,43,-139,0,0,100,0,144,64,16,16,0,62,-143,1,0,100,0,224,288,32,16,0,40,-176,1,0,100,0,192,304,48,64,0,49,-128,0,0,20,0,160,64,32,16,0,77,-105,0,1,60,0,320,48,48,32,0,72,-110,0,1,20,0,144,0,64,64,0,108,-100,0,0,100,0,208,48,16,16,0,75,-93,0,0,70,0,176,128,32,32,0,72,-110,0,0,100,0,144,0,64,64,0,25,-194,0,0,100,0,0,0,144,160,0,38,-221,0,0,100,0,208,0,112,48,0,0,-256,0,0,100,0,0,1024,192,256,0,
0,22,0,-256,0,0,100,0,192,1024,192,256,0,131,-121,0,1,60,0,400,0,16,16,0,77,-161,0,1,80,0,400,0,16,16,0,41,-189,0,1,50,0,400,0,16,16,0,54,-141,0,1,30,0,320,0,80,48,0,89,-120,0,0,100,0,240,160,32,32,0,105,-139,0,0,100,0,288,192,32,48,0,105,-112,0,0,100,0,160,64,32,16,0,80,-144,0,0,100,0,144,80,16,16,0,50,-136,0,0,100,0,144,80,16,16,0,64,-141,1,0,100,0,224,288,32,16,0,42,-175,1,0,100,0,336,304,48,64,0,51,-127,0,0,50,0,160,64,32,16,0,77,-105,0,1,50,0,368,48,48,32,0,72,-110,0,1,20,0,144,0,64,64,0,108,-100,0,0,100,0,208,48,16,16,0,76,-95,0,0,100,0,144,128,32,32,0,72,-110,0,0,100,0,144,0,64,64,0,25,-194,0,0,20,0,0,416,96,96,0,25,-194,0,0,100,0,0,0,144,160,0,38,-221,0,0,100,0,208,0,112,48,0,0,-256,0,0,100,0,0,1024,192,256,0,
0,22,0,-256,0,0,100,0,192,1024,192,256,0,131,-121,0,1,80,0,400,0,16,16,0,88,-167,0,1,60,0,400,0,16,16,0,77,-161,0,1,60,0,400,0,16,16,0,41,-189,0,1,20,0,400,0,16,16,0,54,-141,0,1,35,0,320,0,80,48,0,89,-120,0,0,100,0,240,160,32,32,0,105,-139,0,0,100,0,288,192,32,48,0,105,-112,0,0,100,0,160,64,32,16,0,81,-141,0,0,100,0,144,80,16,16,0,51,-133,0,0,100,0,144,80,16,16,0,66,-141,1,0,100,0,224,288,32,16,0,44,-174,1,0,100,0,192,304,48,64,0,53,-126,0,0,80,0,160,64,32,16,0,77,-105,0,1,60,0,368,48,48,32,0,72,-110,0,1,20,0,144,0,64,64,0,108,-100,0,0,100,0,208,48,16,16,0,76,-95,0,0,100,0,208,128,32,32,0,72,-110,0,0,100,0,144,0,64,64,0,25,-194,0,0,100,0,0,0,144,160,0,38,-221,0,0,100,0,208,0,112,48,0,0,-256,0,0,100,0,0,1024,192,256,0,
0,22,0,-256,0,0,100,0,192,1024,192,256,0,131,-121,0,1,100,0,400,0,16,16,0,88,-167,0,1,100,0,400,0,16,16,0,77,-161,0,1,40,0,400,0,16,16,0,54,-141,0,1,40,0,320,0,80,48,0,82,-101,0,1,100,0,160,96,32,16,0,89,-120,0,0,100,0,272,160,32,32,0,105,-139,0,0,100,0,288,192,32,48,0,105,-112,0,0,100,0,160,64,32,16,0,84,-140,0,0,60,0,144,80,16,16,0,53,-130,0,0,80,0,144,80,16,16,0,68,-139,1,0,100,0,224,288,32,16,0,46,-173,1,0,100,0,336,304,48,64,0,55,-125,0,0,100,0,160,64,32,16,0,77,-105,0,1,70,0,416,48,48,32,0,72,-110,0,1,20,0,144,0,64,64,0,108,-100,0,0,100,0,208,48,16,16,0,76,-95,0,0,100,0,144,128,32,32,0,72,-110,0,0,100,0,144,0,64,64,0,25,-194,0,0,100,0,0,0,144,160,0,38,-221,0,0,100,0,208,0,112,48,0,0,-256,0,0,100,0,0,1024,192,256,0,
0,21,0,-256,0,0,100,0,192,1024,192,256,0,131,-121,0,1,80,0,400,0,16,16,0,88,-167,0,1,70,0,400,0,16,16,0,77,-161,0,1,20,0,400,0,16,16,0,54,-141,0,1,45,0,320,0,80,48,0,82,-101,0,1,100,0,160,112,32,16,0,89,-120,0,0,100,0,240,160,32,32,0,105,-139,0,0,100,0,288,192,32,48,0,105,-112,0,0,100,0,160,64,32,16,0,56,-128,0,0,40,0,144,80,16,16,0,70,-139,1,0,100,0,224,288,32,16,0,48,-172,1,0,100,0,192,304,48,64,0,57,-124,0,0,100,0,160,64,32,16,0,77,-105,0,1,60,0,416,48,48,32,0,72,-110,0,1,20,0,144,0,64,64,0,108,-100,0,0,100,0,208,48,16,16,0,76,-95,0,0,100,0,176,128,32,32,0,72,-110,0,0,100,0,144,0,64,64,0,25,-194,0,0,100,0,0,0,144,160,0,38,-221,0,0,100,0,208,0,112,48,0,0,-256,0,0,100,0,0,1024,192,256,0,
0,21,0,-256,0,0,100,0,192,1024,192,256,0,131,-121,0,1,60,0,400,0,16,16,0,88,-167,0,1,40,0,400,0,16,16,0,77,-161,0,1,40,0,400,0,16,16,0,41,-189,0,1,30,0,400,0,16,16,0,54,-141,0,1,40,0,320,0,80,48,0,82,-101,0,1,100,0,160,96,32,16,0,89,-120,0,0,100,0,272,160,32,32,0,105,-139,0,0,100,0,288,192,32,48,0,105,-112,0,0,100,0,160,64,32,16,0,72,-137,1,0,100,0,224,288,32,16,0,50,-171,1,0,100,0,240,304,48,64,0,59,-123,0,0,100,0,160,64,32,16,0,77,-105,0,1,50,0,464,48,48,32,0,72,-110,0,1,20,0,144,0,64,64,0,108,-100,0,0,100,0,208,48,16,16,0,76,-95,0,0,100,0,144,128,32,32,0,72,-110,0,0,100,0,144,0,64,64,0,25,-194,0,0,100,0,0,0,144,160,0,38,-221,0,0,100,0,208,0,112,48,0,0,-256,0,0,100,0,0,1024,192,256,0,
0,21,0,-256,0,0,100,0,192,1024,192,256,0,131,-121,0,1,80,0,400,0,16,16,0,88,-167,0,1,20,0,400,0,16,16,0,77,-161,0,1,60,0,400,0,16,16,0,41,-189,0,1,70,0,400,0,16,16,0,54,-141,0,1,35,0,320,0,80,48,0,79,-101,0,1,100,0,160,80,32,16,0,89,-120,0,0,100,0,304,160,32,32,0,105,-139,0,0,100,0,288,192,32,48,0,105,-112,0,0,100,0,160,64,32,16,0,74,-135,1,0,100,0,224,288,32,16,0,52,-170,1,0,100,0,288,304,48,64,0,61,-122,0,0,100,0,160,64,32,16,0,77,-105,0,1,60,0,464,48,48,32,0,72,-110,0,1,20,0,144,0,64,64,0,109,-100,0,0,100,0,208,48,16,16,0,80,-93,0,0,100,0,0,160,32,32,0,72,-110,0,0,100,0,144,0,64,64,0,25,-194,0,0,100,0,0,0,144,160,0,38,-221,0,0,100,0,208,0,112,48,0,0,-256,0,0,100,0,0,1024,192,256,0,
0,20,0,-256,0,0,100,0,192,1024,192,256,0,131,-121,0,1,100,0,400,0,16,16,0,77,-161,0,1,80,0,400,0,16,16,0,41,-189,0,1,100,0,400,0,16,16,0,54,-141,0,1,30,0,320,0,80,48,0,79,-101,0,1,100,0,160,96,32,16,0,89,-120,0,0,100,0,336,160,32,32,0,105,-139,0,0,100,0,288,192,32,48,0,105,-112,0,0,100,0,160,64,32,16,0,76,-135,1,0,100,0,224,288,32,16,0,54,-169,1,0,100,0,336,304,48,64,0,63,-121,0,0,100,0,160,64,32,16,0,77,-105,0,1,70,0,320,48,48,32,0,72,-110,0,1,20,0,144,0,64,64,0,108,-100,0,0,100,0,208,48,16,16,0,78,-92,0,0,100,0,32,160,32,32,0,72,-110,0,0,100,0,144,0,64,64,0,25,-194,0,0,100,0,0,0,144,160,0,38,-221,0,0,100,0,208,0,112,48,0,0,-256,0,0,100,0,0,1024,192,256,0,
0,20,0,-256,0,0,100,0,192,1024,192,256,0,131,-121,0,1,80,0,400,0,16,16,0,77,-161,0,1,100,0,400,0,16,16,0,41,-189,0,1,80,0,400,0,16,16,0,54,-141,0,1,25,0,320,0,80,48,0,79,-101,0,1,100,0,160,80,32,16,0,89,-120,0,0,100,0,304,160,32,32,0,105,-139,0,0,100,0,288,192,32,48,0,105,-112,0,0,100,0,160,64,32,16,0,76,-135,1,0,100,0,224,288,32,16,0,54,-168,1,0,100,0,192,304,48,64,0,63,-121,0,0,100,0,160,64,32,16,0,77,-105,0,1,60,0,320,48,48,32,0,72,-110,0,1,20,0,144,0,64,64,0,107,-100,0,0,100,0,208,48,16,16,0,81,-91,0,0,100,0,0,160,32,32,0,72,-110,0,0,100,0,144,0,64,64,0,25,-194,0,0,100,0,0,0,144,160,0,38,-221,0,0,100,0,208,0,112,48,0,0,-256,0,0,100,0,0,1024,192,256,0,
0,20,0,-256,0,0,100,0,192,1024,192,256,0,131,-121,0,1,60,0,400,0,16,16,0,77,-161,0,1,80,0,400,0,16,16,0,41,-189,0,1,50,0,400,0,16,16,0,54,-141,0,1,30,0,320,0,80,48,0,78,-132,0,1,100,0,192,80,32,48,0,74,-157,0,0,100,0,240,128,32,32,0,92,-159,0,0,100,0,368,144,48,48,0,105,-139,0,0,100,0,320,192,32,48,0,105,-112,0,0,100,0,160,64,32,16,0,76,-134,1,0,100,0,224,288,32,16,0,54,-168,1,0,100,0,240,304,48,64,0,63,-121,0,0,100,0,160,64,32,16,0,77,-105,0,1,50,0,368,48,48,32,0,72,-110,0,1,20,0,144,0,64,64,0,107,-98,0,0,100,0,208,48,16,16,0,72,-110,0,0,100,0,512,0,64,64,0,25,-194,0,0,100,0,0,0,144,160,0,38,-221,0,0,100,0,208,0,112,48,0,0,-256,0,0,100,0,0,1024,192,256,0,
0,21,0,-256,0,0,100,0,192,1024,192,256,0,131,-121,0,1,80,0,400,0,16,16,0,88,-167,0,1,60,0,400,0,16,16,0,77,-161,0,1,60,0,400,0,16,16,0,41,-189,0,1,20,0,400,0,16,16,0,54,-141,0,1,35,0,320,0,80,48,0,78,-148,0,1,100,0,224,64,32,64,0,80,-163,0,0,100,0,240,128,32,32,0,92,-159,0,0,100,0,416,144,48,48,0,105,-139,0,0,100,0,352,192,32,48,0,105,-112,0,0,100,0,160,64,32,16,0,76,-133,1,0,100,0,224,288,32,16,0,54,-168,1,0,100,0,288,304,48,64,0,63,-121,0,0,100,0,160,64,32,16,0,77,-105,0,1,60,0,368,48,48,32,0,72,-110,0,1,20,0,144,0,64,64,0,106,-100,0,0,100,0,208,48,16,16,0,72,-110,0,0,100,0,144,0,64,64,0,25,-194,0,0,100,0,0,0,144,160,0,38,-221,0,0,100,0,208,0,112,48,0,0,-256,0,0,100,0,0,1024,192,256,0,
0,20,0,-256,0,0,100,0,192,1024,192,256,0,131,-121,0,1,100,0,400,0,16,16,0,88,-167,0,1,100,0,400,0,16,16,0,77,-161,0,1,40,0,400,0,16,16,0,54,-141,0,1,40,0,320,0,80,48,0,78,-101,0,1,100,0,160,80,32,16,0,94,-155,0,0,100,0,336,128,32,32,0,109,-142,0,0,100,0,464,160,32,32,0,105,-139,0,0,100,0,384,192,32,48,0,105,-112,0,0,100,0,160,64,32,16,0,76,-134,1,0,100,0,224,288,32,16,0,54,-168,1,0,100,0,336,304,48,64,0,63,-121,0,0,100,0,160,64,32,16,0,77,-105,0,1,70,0,416,48,48,32,0,72,-110,0,1,20,0,144,0,64,64,0,105,-101,0,0,100,0,208,48,16,16,0,72,-110,0,0,100,0,576,0,64,64,0,25,-194,0,0,100,0,0,0,144,160,0,38,-221,0,0,100,0,208,0,112,48,0,0,-256,0,0,100,0,0,1024,192,256,0,
0,20,0,-256,0,0,100,0,192,1024,192,256,0,131,-121,0,1,80,0,400,0,16,16,0,88,-167,0,1,70,0,400,0,16,16,0,77,-161,0,1,20,0,400,0,16,16,0,54,-141,0,1,45,0,320,0,80,48,0,78,-101,0,1,100,0,160,96,32,16,0,93,-139,0,0,100,0,272,128,32,32,0,106,-140,0,0,100,0,416,192,32,48,0,105,-112,0,0,100,0,160,64,32,16,0,76,-135,1,0,100,0,224,288,32,16,0,54,-168,1,0,100,0,192,304,48,64,0,63,-121,0,0,100,0,160,64,32,16,0,77,-105,0,1,60,0,416,48,48,32,0,72,-110,0,1,20,0,144,0,64,64,0,106,-101,0,0,100,0,208,48,16,16,0,72,-110,0,0,50,0,576,0,64,64,0,72,-110,0,0,100,0,144,0,64,64,0,25,-194,0,0,100,0,0,0,144,160,0,38,-221,0,0,100,0,208,0,112,48,0,0,-256,0,0,100,0,0,1024,192,256,0,
0,20,0,-256,0,0,100,0,192,1024,192,256,0,131,-121,0,1,60,0,400,0,16,16,0,88,-167,0,1,40,0,400,0,16,16,0,77,-161,0,1,40,0,400,0,16,16,0,41,-189,0,1,30,0,400,0,16,16,0,54,-141,0,1,40,0,320,0,80,48,0,78,-101,0,1,100,0,160,112,32,16,0,93,-139,0,0,100,0,272,128,32,32,0,106,-140,0,0,100,0,416,192,32,48,0,105,-112,0,0,100,0,160,64,32,16,0,76,-134,1,0,100,0,224,288,32,16,0,54,-168,1,0,100,0,240,304,48,64,0,63,-121,0,0,100,0,160,64,32,16,0,77,-105,0,1,50,0,464,48,48,32,0,72,-110,0,1,20,0,144,0,64,64,0,107,-100,0,0,100,0,208,48,16,16,0,72,-110,0,0,100,0,144,0,64,64,0,25,-194,0,0,100,0,0,0,144,160,0,38,-221,0,0,100,0,208,0,112,48,0,0,-256,0,0,100,0,0,1024,192,256,0,
0,20,0,-256,0,0,100,0,192,1024,192,256,0,131,-121,0,1,80,0,400,0,16,16,0,88,-167,0,1,20,0,400,0,16,16,0,77,-161,0,1,60,0,400,0,16,16,0,41,-189,0,1,70,0,400,0,16,16,0,54,-141,0,1,35,0,320,0,80,48,0,78,-101,0,1,30,0,160,112,32,16,0,93,-139,0,0,100,0,304,128,32,32,0,106,-140,0,0,100,0,448,192,32,48,0,105,-112,0,0,100,0,160,64,32,16,0,76,-133,1,0,100,0,224,288,32,16,0,54,-168,1,0,100,0,288,304,48,64,0,63,-121,0,0,100,0,160,64,32,16,0,77,-105,0,1,60,0,464,48,48,32,0,72,-110,0,1,20,0,144,0,64,64,0,108,-100,0,0,100,0,208,48,16,16,0,72,-110,0,0,100,0,144,0,64,64,0,25,-194,0,0,100,0,0,0,144,160,0,38,-221,0,0,100,0,208,0,112,48,0,0,-256,0,0,100,0,0,1024,192,256,0,
0,18,0,-256,0,0,100,0,192,1024,192,256,0,131,-121,0,1,100,0,400,0,16,16,0,77,-161,0,1,80,0,400,0,16,16,0,41,-189,0,1,100,0,400,0,16,16,0,54,-141,0,1,30,0,320,0,80,48,0,93,-139,0,0,100,0,304,128,32,32,0,106,-140,0,0,100,0,448,192,32,48,0,105,-112,0,0,100,0,160,64,32,16,0,80,-123,1,0,100,0,224,288,32,16,0,54,-168,1,0,100,0,144,304,48,64,0,63,-121,0,0,100,0,160,64,32,16,0,77,-105,0,1,70,0,320,48,48,32,0,72,-110,0,1,20,0,144,0,64,64,0,108,-100,0,0,100,0,208,48,16,16,0,72,-110,0,0,100,0,144,0,64,64,0,25,-194,0,0,100,0,0,0,144,160,0,38,-221,0,0,100,0,208,0,112,48,0,0,-256,0,0,100,0,0,1024,192,256,0,
0,18,0,-256,0,0,100,0,192,1024,192,256,0,131,-121,0,1,80,0,400,0,16,16,0,77,-161,0,1,100,0,400,0,16,16,0,41,-189,0,1,80,0,400,0,16,16,0,54,-141,0,1,25,0,320,0,80,48,0,93,-139,0,0,100,0,304,128,32,32,0,106,-140,0,0,100,0,448,192,32,48,0,105,-112,0,0,100,0,160,64,32,16,0,91,-126,0,0,100,0,272,272,16,32,0,54,-168,1,0,100,0,0,304,48,64,0,63,-121,0,0,100,0,160,64,32,16,0,77,-105,0,1,60,0,320,48,48,32,0,72,-110,0,1,20,0,144,0,64,64,0,108,-100,0,0,100,0,208,48,16,16,0,72,-110,0,0,100,0,144,0,64,64,0,25,-194,0,0,100,0,0,0,144,160,0,38,-221,0,0,100,0,208,0,112,48,0,0,-256,0,0,100,0,0,1024,192,256,0,
0,18,0,-256,0,0,100,0,192,1024,192,256,0,131,-121,0,1,60,0,400,0,16,16,0,77,-161,0,1,80,0,400,0,16,16,0,41,-189,0,1,50,0,400,0,16,16,0,54,-141,0,1,30,0,320,0,80,48,0,93,-139,0,0,100,0,304,128,32,32,0,106,-140,0,0,100,0,448,192,32,48,0,105,-112,0,0,100,0,160,64,32,16,0,91,-116,0,0,100,0,256,288,16,16,0,54,-168,1,0,100,0,240,304,48,64,0,63,-121,0,0,100,0,160,64,32,16,0,77,-105,0,1,50,0,368,48,48,32,0,72,-110,0,1,20,0,144,0,64,64,0,108,-100,0,0,100,0,208,48,16,16,0,72,-110,0,0,100,0,144,0,64,64,0,25,-194,0,0,100,0,0,0,144,160,0,38,-221,0,0,100,0,208,0,112,48,0,0,-256,0,0,100,0,0,1024,192,256,0,
0,19,0,-256,0,0,100,0,192,1024,192,256,0,131,-121,0,1,80,0,400,0,16,16,0,88,-167,0,1,60,0,400,0,16,16,0,77,-161,0,1,60,0,400,0,16,16,0,41,-189,0,1,20,0,400,0,16,16,0,54,-141,0,1,35,0,320,0,80,48,0,93,-139,0,0,100,0,304,128,32,32,0,106,-140,0,0,100,0,448,192,32,48,0,105,-112,0,0,100,0,160,64,32,16,0,91,-116,0,0,100,0,256,288,16,16,0,54,-168,1,0,100,0,288,304,48,64,0,63,-121,0,0,100,0,160,64,32,16,0,77,-105,0,1,60,0,368,48,48,32,0,72,-110,0,1,20,0,144,0,64,64,0,108,-100,0,0,100,0,208,48,16,16,0,72,-110,0,0,100,0,144,0,64,64,0,25,-194,0,0,100,0,0,0,144,160,0,38,-221,0,0,100,0,208,0,112,48,0,0,-256,0,0,100,0,0,1024,192,256,0,
0,18,0,-256,0,0,100,0,192,1024,192,256,0,131,-121,0,1,100,0,400,0,16,16,0,88,-167,0,1,100,0,400,0,16,16,0,77,-161,0,1,40,0,400,0,16,16,0,54,-141,0,1,40,0,320,0,80,48,0,93,-139,0,0,100,0,304,128,32,32,0,106,-140,0,0,100,0,448,192,32,48,0,105,-112,0,0,100,0,160,64,32,16,0,91,-116,0,0,100,0,256,288,16,16,0,54,-168,1,0,100,0,336,304,48,64,0,63,-121,0,0,100,0,160,64,32,16,0,77,-105,0,1,70,0,416,48,48,32,0,72,-110,0,1,20,0,144,0,64,64,0,108,-100,0,0,100,0,208,48,16,16,0,72,-110,0,0,100,0,144,0,64,64,0,25,-194,0,0,100,0,0,0,144,160,0,38,-221,0,0,100,0,208,0,112,48,0,0,-256,0,0,100,0,0,1024,192,256,0,
0,19,0,-256,0,0,100,0,192,1024,192,256,0,131,-121,0,1,80,0,400,0,16,16,0,88,-167,0,1,70,0,400,0,16,16,0,77,-161,0,1,20,0,400,0,16,16,0,54,-141,0,1,45,0,320,0,80,48,0,93,-139,0,0,100,0,304,128,32,32,0,106,-140,0,0,100,0,448,192,32,48,0,105,-112,0,0,100,0,160,64,32,16,0,83,-138,0,1,100,0,256,48,16,16,0,91,-116,0,0,100,0,256,288,16,16,0,54,-168,1,0,100,0,0,304,48,64,0,63,-121,0,0,100,0,160,64,32,16,0,77,-105,0,1,60,0,416,48,48,32,0,72,-110,0,1,20,0,144,0,64,64,0,108,-100,0,0,100,0,208,48,16,16,0,72,-110,0,0,100,0,144,0,64,64,0,25,-194,0,0,100,0,0,0,144,160,0,38,-221,0,0,100,0,208,0,112,48,0,0,-256,0,0,100,0,0,1024,192,256,0,
0,20,0,-256,0,0,100,0,192,1024,192,256,0,131,-121,0,1,60,0,400,0,16,16,0,88,-167,0,1,40,0,400,0,16,16,0,77,-161,0,1,40,0,400,0,16,16,0,41,-189,0,1,30,0,400,0,16,16,0,54,-141,0,1,40,0,320,0,80,48,0,93,-139,0,0,100,0,304,128,32,32,0,106,-140,0,0,100,0,448,192,32,48,0,105,-112,0,0,100,0,160,64,32,16,0,85,-138,0,1,100,0,272,48,16,32,0,91,-116,0,0,100,0,256,288,16,16,0,53,-170,1,0,100,0,48,304,48,64,0,63,-121,0,0,100,0,160,64,32,16,0,77,-105,0,1,50,0,464,48,48,32,0,72,-110,0,1,20,0,144,0,64,64,0,108,-100,0,0,100,0,208,48,16,16,0,72,-110,0,0,100,0,144,0,64,64,0,25,-194,0,0,100,0,0,0,144,160,0,38,-221,0,0,100,0,208,0,112,48,0,0,-256,0,0,100,0,0,1024,192,256,0,
0,20,0,-256,0,0,100,0,192,1024,192,256,0,131,-121,0,1,80,0,400,0,16,16,0,88,-167,0,1,20,0,400,0,16,16,0,77,-161,0,1,60,0,400,0,16,16,0,41,-189,0,1,70,0,400,0,16,16,0,54,-141,0,1,35,0,320,0,80,48,0,93,-139,0,0,100,0,304,128,32,32,0,106,-140,0,0,100,0,448,192,32,48,0,105,-112,0,0,100,0,160,64,32,16,0,87,-135,0,1,100,0,288,48,16,32,0,91,-116,0,0,100,0,256,288,16,16,0,53,-170,1,0,100,0,48,304,48,64,0,63,-121,0,0,100,0,160,64,32,16,0,77,-105,0,1,60,0,464,48,48,32,0,72,-110,0,1,20,0,144,0,64,64,0,108,-100,0,0,100,0,208,48,16,16,0,72,-110,0,0,100,0,144,0,64,64,0,25,-194,0,0,100,0,0,0,144,160,0,38,-221,0,0,100,0,208,0,112,48,0,0,-256,0,0,100,0,0,1024,192,256,0,
0,21,0,-256,0,0,100,0,192,1024,192,256,0,131,-121,0,1,100,0,400,0,16,16,0,77,-161,0,1,80,0,400,0,16,16,0,41,-189,0,1,100,0,400,0,16,16,0,54,-141,0,1,30,0,320,0,80,48,0,87,-135,0,1,100,0,304,48,16,32,0,90,-134,0,0,100,0,304,128,32,32,0,105,-139,0,0,100,0,288,192,32,48,0,105,-112,0,0,100,0,160,64,32,16,0,84,-132,0,1,50,0,256,96,32,32,0,91,-116,0,0,100,0,256,288,16,16,0,53,-170,1,0,100,0,48,304,48,64,0,63,-121,0,0,100,0,160,64,32,16,0,65,-123,0,1,40,0,416,0,64,48,0,77,-105,0,1,70,0,320,48,48,32,0,72,-110,0,1,20,0,144,0,64,64,0,108,-100,0,0,100,0,208,48,16,16,0,72,-110,0,0,100,0,144,0,64,64,0,25,-194,0,0,100,0,0,0,144,160,0,38,-221,0,0,100,0,208,0,112,48,0,0,-256,0,0,100,0,0,1024,192,256,0,
0,21,0,-256,0,0,100,0,192,1024,192,256,0,131,-121,0,1,80,0,400,0,16,16,0,77,-161,0,1,100,0,400,0,16,16,0,41,-189,0,1,80,0,400,0,16,16,0,54,-141,0,1,25,0,320,0,80,48,0,87,-135,0,1,100,0,288,48,16,32,0,84,-132,0,1,80,0,288,96,32,32,0,90,-134,0,0,100,0,304,128,32,32,0,105,-139,0,0,100,0,288,192,32,48,0,105,-112,0,0,100,0,160,64,32,16,0,91,-116,0,0,100,0,256,288,16,16,0,53,-170,1,0,100,0,48,304,48,64,0,63,-121,0,0,100,0,160,64,32,16,0,65,-123,0,1,70,0,416,0,64,48,0,77,-105,0,1,60,0,320,48,48,32,0,72,-110,0,1,20,0,144,0,64,64,0,108,-100,0,0,100,0,208,48,16,16,0,72,-110,0,0,100,0,144,0,64,64,0,25,-194,0,0,100,0,0,0,144,160,0,38,-221,0,0,100,0,208,0,112,48,0,0,-256,0,0,100,0,0,1024,192,256,0,
0,21,0,-256,0,0,100,0,192,1024,192,256,0,131,-121,0,1,60,0,400,0,16,16,0,77,-161,0,1,80,0,400,0,16,16,0,41,-189,0,1,50,0,400,0,16,16,0,54,-141,0,1,30,0,320,0,80,48,0,86,-135,0,1,100,0,256,64,16,32,0,84,-132,0,1,100,0,320,96,32,32,0,90,-134,0,0,100,0,304,128,32,32,0,105,-139,0,0,100,0,288,192,32,48,0,105,-112,0,0,100,0,160,64,32,16,0,91,-116,0,0,100,0,256,288,16,16,0,54,-170,1,0,100,0,96,304,48,64,0,63,-121,0,0,100,0,160,64,32,16,0,65,-123,0,1,60,0,416,0,64,48,0,77,-105,0,1,50,0,368,48,48,32,0,72,-110,0,1,20,0,144,0,64,64,0,108,-100,0,0,100,0,208,48,16,16,0,72,-110,0,0,100,0,144,0,64,64,0,25,-194,0,0,100,0,0,0,144,160,0,38,-221,0,0,100,0,208,0,112,48,0,0,-256,0,0,100,0,0,1024,192,256,0,
0,22,0,-256,0,0,100,0,192,1024,192,256,0,131,-121,0,1,80,0,400,0,16,16,0,88,-167,0,1,60,0,400,0,16,16,0,77,-161,0,1,60,0,400,0,16,16,0,41,-189,0,1,20,0,400,0,16,16,0,54,-141,0,1,35,0,320,0,80,48,0,95,-173,0,1,20,0,784,0,48,64,0,84,-132,0,1,100,0,256,96,32,32,0,90,-134,0,0,100,0,304,128,32,32,0,105,-139,0,0,100,0,288,192,32,48,0,105,-112,0,0,100,0,160,64,32,16,0,91,-116,0,0,100,0,256,288,16,16,0,54,-170,1,0,100,0,144,304,48,64,0,63,-121,0,0,100,0,160,64,32,16,0,65,-123,0,1,70,0,416,0,64,48,0,77,-105,0,1,60,0,368,48,48,32,0,72,-110,0,1,20,0,144,0,64,64,0,108,-100,0,0,100,0,208,48,16,16,0,72,-110,0,0,100,0,144,0,64,64,0,25,-194,0,0,100,0,0,0,144,160,0,38,-221,0,0,100,0,208,0,112,48,0,0,-256,0,0,100,0,0,1024,192,256,0,
0,21,0,-256,0,0,100,0,192,1024,192,256,0,131,-121,0,1,100,0,400,0,16,16,0,88,-167,0,1,100,0,400,0,16,16,0,77,-161,0,1,40,0,400,0,16,16,0,54,-141,0,1,40,0,320,0,80,48,0,95,-173,0,1,40,0,640,0,48,64,0,84,-132,0,1,100,0,288,96,32,32,0,90,-134,0,0,100,0,304,128,32,32,0,105,-139,0,0,100,0,288,192,32,48,0,105,-112,0,0,100,0,160,64,32,16,0,91,-116,0,0,100,0,256,288,16,16,0,54,-170,1,0,100,0,192,304,48,64,0,63,-121,0,0,100,0,160,64,32,16,0,65,-123,0,1,60,0,416,0,64,48,0,77,-105,0,1,70,0,416,48,48,32,0,72,-110,0,1,20,0,144,0,64,64,0,108,-100,0,0,100,0,208,48,16,16,0,72,-110,0,0,100,0,144,0,64,64,0,25,-194,0,0,100,0,0,0,144,160,0,38,-221,0,0,100,0,208,0,112,48,0,0,-256,0,0,100,0,0,1024,192,256,0,
0,21,0,-256,0,0,100,0,192,1024,192,256,0,131,-121,0,1,80,0,400,0,16,16,0,88,-167,0,1,70,0,400,0,16,16,0,77,-161,0,1,20,0,400,0,16,16,0,54,-141,0,1,45,0,320,0,80,48,0,95,-173,0,1,60,0,688,0,48,64,0,84,-132,0,1,100,0,320,96,32,32,0,90,-134,0,0,100,0,304,128,32,32,0,105,-139,0,0,100,0,288,192,32,48,0,105,-112,0,0,100,0,160,64,32,16,0,91,-116,0,0,100,0,256,288,16,16,0,54,-170,1,0,100,0,240,304,48,64,0,63,-121,0,0,100,0,160,64,32,16,0,65,-123,0,1,70,0,416,0,64,48,0,77,-105,0,1,60,0,416,48,48,32,0,72,-110,0,1,20,0,144,0,64,64,0,108,-100,0,0,100,0,208,48,16,16,0,72,-110,0,0,100,0,144,0,64,64,0,25,-194,0,0,100,0,0,0,144,160,0,38,-221,0,0,100,0,208,0,112,48,0,0,-256,0,0,100,0,0,1024,192,256,0,
0,22,0,-256,0,0,100,0,192,1024,192,256,0,131,-121,0,1,60,0,400,0,16,16,0,88,-167,0,1,40,0,400,0,16,16,0,77,-161,0,1,40,0,400,0,16,16,0,41,-189,0,1,30,0,400,0,16,16,0,54,-141,0,1,40,0,320,0,80,48,0,95,-173,0,1,80,0,736,0,48,64,0,84,-132,0,1,100,0,256,96,32,32,0,90,-134,0,0,100,0,304,128,32,32,0,105,-139,0,0,100,0,288,192,32,48,0,105,-112,0,0,100,0,160,64,32,16,0,91,-116,0,0,100,0,256,288,16,16,0,54,-170,1,0,100,0,288,304,48,64,0,63,-121,0,0,100,0,160,64,32,16,0,65,-123,0,1,60,0,416,0,64,48,0,77,-105,0,1,50,0,464,48,48,32,0,72,-110,0,1,20,0,144,0,64,64,0,108,-100,0,0,100,0,208,48,16,16,0,72,-110,0,0,100,0,144,0,64,64,0,25,-194,0,0,100,0,0,0,144,160,0,38,-221,0,0,100,0,208,0,112,48,0,0,-256,0,0,100,0,0,1024,192,256,0,
0,22,0,-256,0,0,100,0,192,1024,192,256,0,131,-121,0,1,80,0,400,0,16,16,0,88,-167,0,1,20,0,400,0,16,16,0,77,-161,0,1,60,0,400,0,16,16,0,41,-189,0,1,70,0,400,0,16,16,0,54,-141,0,1,35,0,320,0,80,48,0,95,-173,0,1,100,0,784,0,48,64,0,84,-132,0,1,100,0,288,96,32,32,0,90,-134,0,0,100,0,368,112,32,32,0,105,-139,0,0,100,0,288,192,32,48,0,105,-112,0,0,100,0,160,64,32,16,0,91,-116,0,0,100,0,256,288,16,16,0,54,-170,1,0,100,0,336,304,48,64,0,63,-121,0,0,100,0,160,64,32,16,0,65,-123,0,1,70,0,416,0,64,48,0,77,-105,0,1,60,0,464,48,48,32,0,72,-110,0,1,20,0,144,0,64,64,0,108,-100,0,0,100,0,208,48,16,16,0,72,-110,0,0,100,0,144,0,64,64,0,25,-194,0,0,100,0,0,0,144,160,0,38,-221,0,0,100,0,208,0,112,48,0,0,-256,0,0,100,0,0,1024,192,256,0,
0,21,0,-256,0,0,100,0,192,1024,192,256,0,131,-121,0,1,100,0,400,0,16,16,0,77,-161,0,1,80,0,400,0,16,16,0,41,-189,0,1,100,0,400,0,16,16,0,54,-141,0,1,30,0,320,0,80,48,0,95,-173,0,1,100,0,640,0,48,64,0,84,-132,0,1,100,0,320,96,32,32,0,90,-134,0,0,100,0,400,112,32,32,0,105,-139,0,0,100,0,288,192,32,48,0,105,-112,0,0,100,0,160,64,32,16,0,91,-116,0,0,100,0,256,288,16,16,0,54,-170,1,0,100,0,192,304,48,64,0,63,-121,0,0,100,0,160,64,32,16,0,65,-123,0,1,60,0,416,0,64,48,0,77,-105,0,1,70,0,320,48,48,32,0,72,-110,0,1,20,0,144,0,64,64,0,108,-100,0,0,100,0,208,48,16,16,0,72,-110,0,0,100,0,144,0,64,64,0,25,-194,0,0,100,0,0,0,144,160,0,38,-221,0,0,100,0,208,0,112,48,0,0,-256,0,0,100,0,0,1024,192,256,0,
0,21,0,-256,0,0,100,0,192,1024,192,256,0,131,-121,0,1,80,0,400,0,16,16,0,77,-161,0,1,100,0,400,0,16,16,0,41,-189,0,1,80,0,400,0,16,16,0,54,-141,0,1,25,0,320,0,80,48,0,95,-173,0,1,100,0,688,0,48,64,0,84,-132,0,1,100,0,256,96,32,32,0,90,-134,0,0,100,0,400,112,32,32,0,105,-139,0,0,100,0,288,192,32,48,0,105,-112,0,0,100,0,160,64,32,16,0,91,-116,0,0,100,0,256,288,16,16,0,54,-170,1,0,100,0,240,304,48,64,0,63,-121,0,0,100,0,160,64,32,16,0,65,-123,0,1,70,0,416,0,64,48,0,77,-105,0,1,60,0,320,48,48,32,0,72,-110,0,1,20,0,144,0,64,64,0,108,-100,0,0,100,0,208,48,16,16,0,72,-110,0,0,100,0,144,0,64,64,0,25,-194,0,0,100,0,0,0,144,160,0,38,-221,0,0,100,0,208,0,112,48,0,0,-256,0,0,100,0,0,1024,192,256,0,
0,21,0,-256,0,0,100,0,192,1024,192,256,0,131,-121,0,1,60,0,400,0,16,16,0,77,-161,0,1,80,0,400,0,16,16,0,41,-189,0,1,50,0,400,0,16,16,0,54,-141,0,1,30,0,320,0,80,48,0,95,-173,0,1,100,0,736,0,48,64,0,84,-132,0,1,100,0,288,96,32,32,0,90,-134,0,0,100,0,400,112,32,32,0,105,-139,0,0,100,0,288,192,32,48,0,105,-112,0,0,100,0,160,64,32,16,0,91,-116,0,0,100,0,256,288,16,16,0,54,-168,1,0,100,0,240,304,48,64,0,63,-121,0,0,100,0,160,64,32,16,0,65,-123,0,1,60,0,416,0,64,48,0,77,-105,0,1,50,0,368,48,48,32,0,72,-110,0,1,20,0,144,0,64,64,0,108,-100,0,0,100,0,208,48,16,16,0,72,-110,0,0,100,0,144,0,64,64,0,25,-194,0,0,100,0,0,0,144,160,0,38,-221,0,0,100,0,208,0,112,48,0,0,-256,0,0,100,0,0,1024,192,256,0,
0,22,0,-256,0,0,100,0,192,1024,192,256,0,131,-121,0,1,80,0,400,0,16,16,0,88,-167,0,1,60,0,400,0,16,16,0,77,-161,0,1,60,0,400,0,16,16,0,41,-189,0,1,20,0,400,0,16,16,0,54,-141,0,1,35,0,320,0,80,48,0,95,-173,0,1,100,0,784,0,48,64,0,84,-132,0,1,100,0,320,96,32,32,0,90,-134,0,0,100,0,400,112,32,32,0,105,-139,0,0,100,0,288,192,32,48,0,105,-112,0,0,100,0,160,64,32,16,0,91,-116,0,0,100,0,256,288,16,16,0,52,-145,0,0,100,0,0,368,48,48,0,64,-121,0,0,100,0,160,64,32,16,0,65,-123,0,1,70,0,416,0,64,48,0,77,-105,0,1,60,0,368,48,48,32,0,72,-110,0,1,20,0,144,0,64,64,0,108,-100,0,0,100,0,208,48,16,16,0,72,-110,0,0,100,0,144,0,64,64,0,25,-194,0,0,100,0,0,0,144,160,0,38,-221,0,0,100,0,208,0,112,48,0,0,-256,0,0,100,0,0,1024,192,256,0,
0,21,0,-256,0,0,100,0,192,1024,192,256,0,131,-121,0,1,100,0,400,0,16,16,0,88,-167,0,1,100,0,400,0,16,16,0,77,-161,0,1,40,0,400,0,16,16,0,54,-141,0,1,40,0,320,0,80,48,0,95,-173,0,1,100,0,640,0,48,64,0,84,-132,0,1,100,0,256,96,32,32,0,90,-134,0,0,100,0,400,112,32,32,0,105,-139,0,0,100,0,288,192,32,48,0,105,-112,0,0,100,0,160,64,32,16,0,91,-116,0,0,100,0,256,288,16,16,0,54,-144,0,0,100,0,48,368,48,48,0,65,-121,0,0,100,0,160,64,32,16,0,65,-123,0,1,60,0,416,0,64,48,0,77,-105,0,1,70,0,416,48,48,32,0,72,-110,0,1,20,0,144,0,64,64,0,108,-100,0,0,100,0,208,48,16,16,0,72,-110,0,0,100,0,144,0,64,64,0,25,-194,0,0,100,0,0,0,144,160,0,38,-221,0,0,100,0,208,0,112,48,0,0,-256,0,0,100,0,0,1024,192,256,0,
0,21,0,-256,0,0,100,0,192,1024,192,256,0,131,-121,0,1,80,0,400,0,16,16,0,88,-167,0,1,70,0,400,0,16,16,0,77,-161,0,1,20,0,400,0,16,16,0,54,-141,0,1,45,0,320,0,80,48,0,95,-173,0,1,100,0,688,0,48,64,0,84,-132,0,1,100,0,288,96,32,32,0,90,-134,0,0,100,0,368,112,32,32,0,105,-139,0,0,100,0,288,192,32,48,0,105,-112,0,0,100,0,160,64,32,16,0,91,-116,0,0,100,0,256,288,16,16,0,54,-144,0,0,100,0,96,368,48,48,0,65,-121,0,0,100,0,160,64,32,16,0,65,-123,0,1,70,0,416,0,64,48,0,77,-105,0,1,60,0,416,48,48,32,0,72,-110,0,1,20,0,144,0,64,64,0,108,-100,0,0,100,0,208,48,16,16,0,72,-110,0,0,100,0,144,0,64,64,0,25,-194,0,0,100,0,0,0,144,160,0,38,-221,0,0,100,0,208,0,112,48,0,0,-256,0,0,100,0,0,1024,192,256,0,
0,23,0,-256,0,0,100,0,192,1024,192,256,0,131,-121,0,1,60,0,400,0,16,16,0,88,-167,0,1,40,0,400,0,16,16,0,77,-161,0,1,40,0,400,0,16,16,0,41,-189,0,1,30,0,400,0,16,16,0,54,-141,0,1,40,0,320,0,80,48,0,95,-173,0,1,100,0,736,0,48,64,0,84,-132,0,1,100,0,320,96,32,32,0,90,-134,0,0,50,0,432,112,32,32,0,90,-134,0,0,100,0,304,128,32,32,0,105,-139,0,0,100,0,288,192,32,48,0,105,-112,0,0,100,0,160,64,32,16,0,91,-116,0,0,100,0,256,288,16,16,0,54,-144,0,0,100,0,96,368,48,48,0,65,-121,0,0,100,0,160,64,32,16,0,65,-123,0,1,60,0,416,0,64,48,0,77,-105,0,1,50,0,464,48,48,32,0,72,-110,0,1,20,0,144,0,64,64,0,108,-100,0,0,100,0,208,48,16,16,0,72,-110,0,0,100,0,144,0,64,64,0,25,-194,0,0,100,0,0,0,144,160,0,38,-221,0,0,100,0,208,0,112,48,0,0,-256,0,0,100,0,0,1024,192,256,0,
0,22,0,-256,0,0,100,0,192,1024,192,256,0,131,-121,0,1,80,0,400,0,16,16,0,88,-167,0,1,20,0,400,0,16,16,0,77,-161,0,1,60,0,400,0,16,16,0,41,-189,0,1,70,0,400,0,16,16,0,54,-141,0,1,35,0,320,0,80,48,0,95,-173,0,1,100,0,784,0,48,64,0,84,-132,0,1,100,0,288,96,32,32,0,90,-134,0,0,100,0,432,112,32,32,0,105,-139,0,0,100,0,288,192,32,48,0,105,-112,0,0,100,0,160,64,32,16,0,91,-116,0,0,100,0,256,288,16,16,0,54,-144,0,0,100,0,96,368,48,48,0,65,-121,0,0,100,0,160,64,32,16,0,65,-123,0,1,70,0,416,0,64,48,0,77,-105,0,1,60,0,464,48,48,32,0,72,-110,0,1,20,0,144,0,64,64,0,108,-100,0,0,100,0,208,48,16,16,0,72,-110,0,0,100,0,144,0,64,64,0,25,-194,0,0,100,0,0,0,144,160,0,38,-221,0,0,100,0,208,0,112,48,0,0,-256,0,0,100,0,0,1024,192,256,0,
0,21,0,-256,0,0,100,0,192,1024,192,256,0,131,-121,0,1,100,0,400,0,16,16,0,77,-161,0,1,80,0,400,0,16,16,0,41,-189,0,1,100,0,400,0,16,16,0,54,-141,0,1,30,0,320,0,80,48,0,94,-179,0,1,100,0,640,0,48,64,0,105,-139,0,0,100,0,480,192,32,48,0,85,-140,0,0,100,0,432,112,32,32,0,105,-112,0,0,100,0,160,64,32,16,0,84,-132,0,1,100,0,320,96,32,32,0,91,-116,0,0,100,0,256,288,16,16,0,54,-144,0,0,100,0,96,368,48,48,0,65,-121,0,0,100,0,160,64,32,16,0,65,-123,0,1,60,0,416,0,64,48,0,77,-105,0,1,70,0,320,48,48,32,0,72,-110,0,1,20,0,144,0,64,64,0,108,-100,0,0,100,0,208,48,16,16,0,72,-110,0,0,100,0,144,0,64,64,0,25,-194,0,0,100,0,0,0,144,160,0,38,-221,0,0,100,0,208,0,112,48,0,0,-256,0,0,100,0,0,1024,192,256,0,
0,21,0,-256,0,0,100,0,192,1024,192,256,0,131,-121,0,1,80,0,400,0,16,16,0,77,-161,0,1,100,0,400,0,16,16,0,41,-189,0,1,80,0,400,0,16,16,0,54,-141,0,1,25,0,320,0,80,48,0,94,-179,0,1,100,0,688,0,48,64,0,105,-139,0,0,100,0,512,192,32,48,0,85,-140,0,0,100,0,432,112,32,32,0,105,-112,0,0,100,0,160,64,32,16,0,84,-132,0,1,100,0,256,96,32,32,0,91,-116,0,0,100,0,256,288,16,16,0,54,-144,0,0,100,0,96,368,48,48,0,65,-121,0,0,100,0,160,64,32,16,0,65,-123,0,1,70,0,416,0,64,48,0,77,-105,0,1,60,0,320,48,48,32,0,72,-110,0,1,20,0,144,0,64,64,0,108,-100,0,0,100,0,208,48,16,16,0,72,-110,0,0,100,0,144,0,64,64,0,25,-194,0,0,100,0,0,0,144,160,0,38,-221,0,0,100,0,208,0,112,48,0,0,-256,0,0,100,0,0,1024,192,256,0,
0,21,0,-256,0,0,100,0,192,1024,192,256,0,131,-121,0,1,60,0,400,0,16,16,0,77,-161,0,1,80,0,400,0,16,16,0,41,-189,0,1,50,0,400,0,16,16,0,54,-141,0,1,30,0,320,0,80,48,0,94,-179,0,1,100,0,736,0,48,64,0,105,-139,0,0,100,0,512,192,32,48,0,85,-140,0,0,100,0,432,112,32,32,0,105,-112,0,0,100,0,160,64,32,16,0,84,-132,0,1,100,0,288,96,32,32,0,91,-116,0,0,100,0,256,288,16,16,0,54,-144,0,0,100,0,144,368,48,48,0,65,-121,0,0,100,0,160,64,32,16,0,65,-123,0,1,60,0,416,0,64,48,0,77,-105,0,1,50,0,368,48,48,32,0,72,-110,0,1,20,0,144,0,64,64,0,108,-100,0,0,100,0,208,48,16,16,0,72,-110,0,0,100,0,144,0,64,64,0,25,-194,0,0,100,0,0,0,144,160,0,38,-221,0,0,100,0,208,0,112,48,0,0,-256,0,0,100,0,0,1024,192,256,0,
0,22,0,-256,0,0,100,0,192,1024,192,256,0,131,-121,0,1,80,0,400,0,16,16,0,88,-167,0,1,60,0,400,0,16,16,0,77,-161,0,1,60,0,400,0,16,16,0,41,-189,0,1,20,0,400,0,16,16,0,54,-141,0,1,35,0,320,0,80,48,0,94,-179,0,1,100,0,784,0,48,64,0,105,-139,0,0,100,0,512,192,32,48,0,85,-140,0,0,100,0,432,112,32,32,0,105,-112,0,0,100,0,160,64,32,16,0,84,-132,0,1,100,0,320,96,32,32,0,91,-116,0,0,100,0,256,288,16,16,0,54,-144,0,0,100,0,192,368,48,48,0,65,-121,0,0,100,0,160,64,32,16,0,65,-123,0,1,70,0,416,0,64,48,0,77,-105,0,1,60,0,368,48,48,32,0,72,-110,0,1,20,0,144,0,64,64,0,108,-100,0,0,100,0,208,48,16,16,0,72,-110,0,0,100,0,144,0,64,64,0,25,-194,0,0,100,0,0,0,144,160,0,38,-221,0,0,100,0,208,0,112,48,0,0,-256,0,0,100,0,0,1024,192,256,0,
0,21,0,-256,0,0,100,0,192,1024,192,256,0,131,-121,0,1,100,0,400,0,16,16,0,88,-167,0,1,100,0,400,0,16,16,0,77,-161,0,1,40,0,400,0,16,16,0,54,-141,0,1,40,0,320,0,80,48,0,94,-179,0,1,100,0,640,0,48,64,0,105,-139,0,0,100,0,512,192,32,48,0,85,-140,0,0,100,0,432,112,32,32,0,105,-112,0,0,100,0,160,64,32,16,0,84,-132,0,1,100,0,256,96,32,32,0,91,-116,0,0,100,0,256,288,16,16,0,54,-144,0,0,100,0,192,368,48,48,0,65,-121,0,0,100,0,160,64,32,16,0,65,-123,0,1,60,0,416,0,64,48,0,77,-105,0,1,70,0,416,48,48,32,0,72,-110,0,1,20,0,144,0,64,64,0,108,-100,0,0,100,0,208,48,16,16,0,72,-110,0,0,100,0,144,0,64,64,0,25,-194,0,0,100,0,0,0,144,160,0,38,-221,0,0,100,0,208,0,112,48,0,0,-256,0,0,100,0,0,1024,192,256,0,
0,21,0,-256,0,0,100,0,192,1024,192,256,0,131,-121,0,1,80,0,400,0,16,16,0,88,-167,0,1,70,0,400,0,16,16,0,77,-161,0,1,20,0,400,0,16,16,0,54,-141,0,1,45,0,320,0,80,48,0,94,-179,0,1,100,0,688,0,48,64,0,54,-144,0,0,100,0,240,368,48,48,0,105,-139,0,0,100,0,512,192,32,48,0,85,-140,0,0,100,0,432,112,32,32,0,105,-112,0,0,100,0,160,64,32,16,0,84,-132,0,1,100,0,288,96,32,32,0,91,-116,0,0,100,0,256,288,16,16,0,66,-121,0,0,100,0,160,64,32,16,0,65,-123,0,1,70,0,416,0,64,48,0,77,-105,0,1,60,0,416,48,48,32,0,72,-110,0,1,20,0,144,0,64,64,0,108,-100,0,0,100,0,208,48,16,16,0,72,-110,0,0,100,0,144,0,64,64,0,25,-194,0,0,100,0,0,0,144,160,0,38,-221,0,0,100,0,208,0,112,48,0,0,-256,0,0,100,0,0,1024,192,256,0,
0,22,0,-256,0,0,100,0,192,1024,192,256,0,131,-121,0,1,60,0,400,0,16,16,0,88,-167,0,1,40,0,400,0,16,16,0,77,-161,0,1,40,0,400,0,16,16,0,41,-189,0,1,30,0,400,0,16,16,0,54,-141,0,1,40,0,320,0,80,48,0,94,-179,0,1,80,0,736,0,48,64,0,54,-144,0,0,100,0,288,368,48,48,0,105,-139,0,0,100,0,512,192,32,48,0,85,-140,0,0,100,0,432,112,32,32,0,105,-112,0,0,100,0,160,64,32,16,0,84,-132,0,1,100,0,320,96,32,32,0,91,-116,0,0,100,0,256,288,16,16,0,67,-121,0,0,100,0,160,64,32,16,0,65,-123,0,1,60,0,416,0,64,48,0,77,-105,0,1,50,0,464,48,48,32,0,72,-110,0,1,20,0,144,0,64,64,0,108,-100,0,0,100,0,208,48,16,16,0,72,-110,0,0,100,0,144,0,64,64,0,25,-194,0,0,100,0,0,0,144,160,0,38,-221,0,0,100,0,208,0,112,48,0,0,-256,0,0,100,0,0,1024,192,256,0,
0,22,0,-256,0,0,100,0,192,1024,192,256,0,131,-121,0,1,80,0,400,0,16,16,0,88,-167,0,1,20,0,400,0,16,16,0,77,-161,0,1,60,0,400,0,16,16,0,41,-189,0,1,70,0,400,0,16,16,0,54,-141,0,1,35,0,320,0,80,48,0,94,-179,0,1,70,0,784,0,48,64,0,60,-144,0,0,100,0,336,368,48,48,0,105,-139,0,0,100,0,512,192,32,48,0,85,-140,0,0,100,0,464,112,32,32,0,105,-112,0,0,100,0,160,64,32,16,0,84,-132,0,1,100,0,256,96,32,32,0,91,-116,0,0,100,0,256,288,16,16,0,67,-121,0,0,100,0,160,64,32,16,0,65,-123,0,1,70,0,416,0,64,48,0,77,-105,0,1,60,0,464,48,48,32,0,72,-110,0,1,20,0,144,0,64,64,0,108,-100,0,0,100,0,208,48,16,16,0,72,-110,0,0,100,0,144,0,64,64,0,25,-194,0,0,100,0,0,0,144,160,0,38,-221,0,0,100,0,208,0,112,48,0,0,-256,0,0,100,0,0,1024,192,256,0,
0,21,0,-256,0,0,100,0,192,1024,192,256,0,131,-121,0,1,100,0,400,0,16,16,0,77,-161,0,1,80,0,400,0,16,16,0,41,-189,0,1,100,0,400,0,16,16,0,54,-141,0,1,30,0,320,0,80,48,0,94,-179,0,1,50,0,640,0,48,64,0,60,-144,0,0,100,0,336,368,48,48,0,105,-139,0,0,100,0,512,192,32,48,0,85,-140,0,0,100,0,496,112,32,32,0,105,-112,0,0,100,0,160,64,32,16,0,84,-132,0,1,100,0,288,96,32,32,0,91,-116,0,0,100,0,256,288,16,16,0,67,-121,0,0,100,0,160,64,32,16,0,65,-123,0,1,60,0,416,0,64,48,0,77,-105,0,1,70,0,320,48,48,32,0,72,-110,0,1,20,0,144,0,64,64,0,108,-100,0,0,100,0,208,48,16,16,0,72,-110,0,0,100,0,144,0,64,64,0,25,-194,0,0,100,0,0,0,144,160,0,38,-221,0,0,100,0,208,0,112,48,0,0,-256,0,0,100,0,0,1024,192,256,0,
0,21,0,-256,0,0,100,0,192,1024,192,256,0,131,-121,0,1,80,0,400,0,16,16,0,77,-161,0,1,100,0,400,0,16,16,0,41,-189,0,1,80,0,400,0,16,16,0,54,-141,0,1,25,0,320,0,80,48,0,94,-179,0,1,30,0,688,0,48,64,0,105,-139,0,0,100,0,288,192,32,48,0,85,-136,0,0,100,0,496,112,32,32,0,105,-112,0,0,100,0,160,64,32,16,0,84,-132,0,1,100,0,320,96,32,32,0,91,-116,0,0,100,0,256,288,16,16,0,54,-144,0,0,100,0,384,368,48,48,0,67,-121,0,0,100,0,160,64,32,16,0,65,-123,0,1,70,0,416,0,64,48,0,77,-105,0,1,60,0,320,48,48,32,0,72,-110,0,1,20,0,144,0,64,64,0,108,-100,0,0,100,0,208,48,16,16,0,72,-110,0,0,100,0,144,0,64,64,0,25,-194,0,0,100,0,0,0,144,160,0,38,-221,0,0,100,0,208,0,112,48,0,0,-256,0,0,100,0,0,1024,192,256,0,
0,20,0,-256,0,0,100,0,192,1024,192,256,0,131,-121,0,1,60,0,400,0,16,16,0,77,-161,0,1,80,0,400,0,16,16,0,41,-189,0,1,50,0,400,0,16,16,0,54,-141,0,1,30,0,320,0,80,48,0,98,-125,0,0,100,0,528,112,32,32,0,105,-139,0,0,100,0,544,192,32,48,0,105,-112,0,0,100,0,160,64,32,16,0,84,-132,0,1,100,0,256,96,32,32,0,91,-116,0,0,100,0,256,288,16,16,0,54,-144,0,0,100,0,384,368,48,48,0,67,-121,0,0,100,0,160,64,32,16,0,65,-123,0,1,60,0,416,0,64,48,0,77,-105,0,1,50,0,368,48,48,32,0,72,-110,0,1,20,0,144,0,64,64,0,108,-100,0,0,100,0,208,48,16,16,0,72,-110,0,0,100,0,144,0,64,64,0,25,-194,0,0,100,0,0,0,144,160,0,38,-221,0,0,100,0,208,0,112,48,0,0,-256,0,0,100,0,0,1024,192,256,0,
0,21,0,-256,0,0,100,0,192,1024,192,256,0,131,-121,0,1,80,0,400,0,16,16,0,88,-167,0,1,60,0,400,0,16,16,0,77,-161,0,1,60,0,400,0,16,16,0,41,-189,0,1,20,0,400,0,16,16,0,54,-141,0,1,35,0,320,0,80,48,0,98,-125,0,0,100,0,528,112,32,32,0,105,-139,0,0,100,0,576,192,32,48,0,105,-112,0,0,100,0,160,64,32,16,0,84,-132,0,1,100,0,288,96,32,32,0,91,-116,0,0,100,0,256,288,16,16,0,54,-144,0,0,100,0,432,368,48,48,0,67,-121,0,0,100,0,160,64,32,16,0,65,-123,0,1,70,0,416,0,64,48,0,77,-105,0,1,60,0,368,48,48,32,0,72,-110,0,1,20,0,144,0,64,64,0,108,-100,0,0,100,0,208,48,16,16,0,72,-110,0,0,100,0,144,0,64,64,0,25,-194,0,0,100,0,0,0,144,160,0,38,-221,0,0,100,0,208,0,112,48,0,0,-256,0,0,100,0,0,1024,192,256,0,
0,21,0,-256,0,0,100,0,192,1024,192,256,0,131,-121,0,1,100,0,400,0,16,16,0,88,-167,0,1,100,0,400,0,16,16,0,77,-161,0,1,40,0,400,0,16,16,0,54,-141,0,1,40,0,320,0,80,48,0,98,-125,0,0,100,0,528,112,32,32,0,105,-139,0,0,100,0,544,192,32,48,0,105,-112,0,0,100,0,160,64,32,16,0,84,-132,0,1,100,0,320,96,32,32,0,91,-116,0,0,100,0,256,288,16,16,0,78,-153,0,0,100,0,272,80,16,16,0,54,-144,0,0,100,0,480,368,48,48,0,63,-121,0,0,100,0,160,64,32,16,0,65,-123,0,1,60,0,416,0,64,48,0,77,-105,0,1,70,0,416,48,48,32,0,72,-110,0,1,20,0,144,0,64,64,0,108,-100,0,0,100,0,208,48,16,16,0,72,-110,0,0,100,0,144,0,64,64,0,25,-194,0,0,100,0,0,0,144,160,0,38,-221,0,0,100,0,208,0,112,48,0,0,-256,0,0,100,0,0,1024,192,256,0,
0,21,0,-256,0,0,100,0,192,1024,192,256,0,131,-121,0,1,80,0,400,0,16,16,0,88,-167,0,1,70,0,400,0,16,16,0,77,-161,0,1,20,0,400,0,16,16,0,54,-141,0,1,45,0,320,0,80,48,0,98,-125,0,0,100,0,560,112,32,32,0,105,-139,0,0,100,0,576,192,32,48,0,105,-112,0,0,100,0,160,64,32,16,0,84,-132,0,1,100,0,256,96,32,32,0,91,-116,0,0,100,0,256,288,16,16,0,77,-160,0,0,100,0,272,80,16,16,0,54,-144,0,0,100,0,528,368,48,48,0,63,-121,0,0,100,0,160,64,32,16,0,65,-123,0,1,70,0,416,0,64,48,0,77,-105,0,1,60,0,416,48,48,32,0,72,-110,0,1,20,0,144,0,64,64,0,108,-100,0,0,100,0,208,48,16,16,0,72,-110,0,0,100,0,144,0,64,64,0,25,-194,0,0,100,0,0,0,144,160,0,38,-221,0,0,100,0,208,0,112,48,0,0,-256,0,0,100,0,0,1024,192,256,0,
0,22,0,-256,0,0,100,0,192,1024,192,256,0,131,-121,0,1,60,0,400,0,16,16,0,88,-167,0,1,40,0,400,0,16,16,0,77,-161,0,1,40,0,400,0,16,16,0,41,-189,0,1,30,0,400,0,16,16,0,54,-141,0,1,40,0,320,0,80,48,0,98,-125,0,0,100,0,560,112,32,32,0,105,-139,0,0,100,0,544,192,32,48,0,105,-112,0,0,100,0,160,64,32,16,0,84,-132,0,1,100,0,288,96,32,32,0,91,-116,0,0,100,0,256,288,16,16,0,77,-161,0,0,100,0,272,80,16,16,0,54,-144,0,0,100,0,528,368,48,48,0,63,-121,0,0,100,0,160,64,32,16,0,65,-123,0,1,60,0,416,0,64,48,0,77,-105,0,1,50,0,464,48,48,32,0,72,-110,0,1,20,0,144,0,64,64,0,108,-100,0,0,100,0,208,48,16,16,0,72,-110,0,0,100,0,144,0,64,64,0,25,-194,0,0,100,0,0,0,144,160,0,38,-221,0,0,100,0,208,0,112,48,0,0,-256,0,0,100,0,0,1024,192,256,0,
0,22,0,-256,0,0,100,0,192,1024,192,256,0,131,-121,0,1,80,0,400,0,16,16,0,88,-167,0,1,20,0,400,0,16,16,0,77,-161,0,1,60,0,400,0,16,16,0,41,-189,0,1,70,0,400,0,16,16,0,54,-141,0,1,35,0,320,0,80,48,0,98,-125,0,0,100,0,592,112,32,32,0,105,-139,0,0,100,0,576,192,32,48,0,105,-112,0,0,100,0,160,64,32,16,0,84,-132,0,1,100,0,320,96,32,32,0,91,-116,0,0,100,0,256,288,16,16,0,77,-160,0,0,100,0,272,80,16,16,0,54,-144,0,0,100,0,528,368,48,48,0,63,-121,0,0,100,0,160,64,32,16,0,65,-123,0,1,70,0,416,0,64,48,0,77,-105,0,1,60,0,464,48,48,32,0,72,-110,0,1,20,0,144,0,64,64,0,108,-100,0,0,100,0,208,48,16,16,0,72,-110,0,0,100,0,144,0,64,64,0,25,-194,0,0,100,0,0,0,144,160,0,38,-221,0,0,100,0,208,0,112,48,0,0,-256,0,0,100,0,0,1024,192,256,0,
0,21,0,-256,0,0,100,0,192,1024,192,256,0,131,-121,0,1,100,0,400,0,16,16,0,77,-161,0,1,80,0,400,0,16,16,0,41,-189,0,1,100,0,400,0,16,16,0,54,-141,0,1,30,0,320,0,80,48,0,98,-125,0,0,100,0,592,112,32,32,0,105,-139,0,0,100,0,544,192,32,48,0,105,-112,0,0,100,0,160,64,32,16,0,84,-132,0,1,100,0,256,96,32,32,0,91,-116,0,0,100,0,256,288,16,16,0,77,-153,0,0,100,0,272,80,16,16,0,54,-144,0,0,100,0,528,368,48,48,0,63,-121,0,0,100,0,160,64,32,16,0,65,-123,0,1,60,0,416,0,64,48,0,77,-105,0,1,70,0,320,48,48,32,0,72,-110,0,1,20,0,144,0,64,64,0,108,-100,0,0,100,0,208,48,16,16,0,72,-110,0,0,100,0,144,0,64,64,0,25,-194,0,0,100,0,0,0,144,160,0,38,-221,0,0,100,0,208,0,112,48,0,0,-256,0,0,100,0,0,1024,192,256,0,
0,20,0,-256,0,0,100,0,192,1024,192,256,0,131,-121,0,1,80,0,400,0,16,16,0,77,-161,0,1,100,0,400,0,16,16,0,41,-189,0,1,80,0,400,0,16,16,0,54,-141,0,1,25,0,320,0,80,48,0,98,-125,0,0,100,0,592,112,32,32,0,105,-139,0,0,100,0,576,192,32,48,0,105,-112,0,0,100,0,160,64,32,16,0,84,-132,0,1,100,0,288,96,32,32,0,91,-116,0,0,100,0,256,288,16,16,0,54,-144,0,0,100,0,576,368,48,48,0,65,-121,0,0,100,0,160,64,32,16,0,65,-123,0,1,70,0,416,0,64,48,0,77,-105,0,1,60,0,320,48,48,32,0,72,-110,0,1,20,0,144,0,64,64,0,108,-100,0,0,100,0,208,48,16,16,0,72,-110,0,0,100,0,144,0,64,64,0,25,-194,0,0,100,0,0,0,144,160,0,38,-221,0,0,100,0,208,0,112,48,0,0,-256,0,0,100,0,0,1024,192,256,0,
0,20,0,-256,0,0,100,0,192,1024,192,256,0,131,-121,0,1,60,0,400,0,16,16,0,77,-161,0,1,80,0,400,0,16,16,0,41,-189,0,1,50,0,400,0,16,16,0,54,-141,0,1,30,0,320,0,80,48,0,98,-125,0,0,100,0,592,112,32,32,0,105,-139,0,0,100,0,544,192,32,48,0,105,-112,0,0,100,0,160,64,32,16,0,84,-132,0,1,100,0,320,96,32,32,0,91,-116,0,0,100,0,256,288,16,16,0,54,-144,0,0,100,0,624,368,48,48,0,65,-121,0,0,100,0,160,64,32,16,0,65,-123,0,1,60,0,416,0,64,48,0,77,-105,0,1,50,0,368,48,48,32,0,72,-110,0,1,20,0,144,0,64,64,0,108,-100,0,0,100,0,208,48,16,16,0,72,-110,0,0,100,0,144,0,64,64,0,25,-194,0,0,100,0,0,0,144,160,0,38,-221,0,0,100,0,208,0,112,48,0,0,-256,0,0,100,0,0,1024,192,256,0,
0,21,0,-256,0,0,100,0,192,1024,192,256,0,131,-121,0,1,80,0,400,0,16,16,0,88,-167,0,1,60,0,400,0,16,16,0,77,-161,0,1,60,0,400,0,16,16,0,41,-189,0,1,20,0,400,0,16,16,0,54,-141,0,1,35,0,320,0,80,48,0,101,-125,0,0,100,0,624,112,16,16,0,105,-139,0,0,100,0,608,192,32,48,0,105,-112,0,0,100,0,160,64,32,16,0,84,-132,0,1,100,0,256,96,32,32,0,91,-116,0,0,100,0,256,288,16,16,0,54,-144,0,0,100,0,576,368,48,48,0,65,-121,0,0,100,0,160,64,32,16,0,65,-123,0,1,70,0,416,0,64,48,0,77,-105,0,1,60,0,368,48,48,32,0,72,-110,0,1,20,0,144,0,64,64,0,108,-100,0,0,100,0,208,48,16,16,0,72,-110,0,0,100,0,144,0,64,64,0,25,-194,0,0,100,0,0,0,144,160,0,38,-221,0,0,100,0,208,0,112,48,0,0,-256,0,0,100,0,0,1024,192,256,0,
0,20,0,-256,0,0,100,0,192,1024,192,256,0,131,-121,0,1,100,0,400,0,16,16,0,88,-167,0,1,100,0,400,0,16,16,0,77,-161,0,1,40,0,400,0,16,16,0,54,-141,0,1,40,0,320,0,80,48,0,105,-139,0,0,100,0,480,192,32,48,0,105,-112,0,0,100,0,160,64,32,16,0,84,-132,0,1,100,0,288,96,32,32,0,97,-126,0,0,100,0,624,112,16,16,0,91,-116,0,0,100,0,256,288,16,16,0,54,-144,0,0,100,0,576,368,48,48,0,65,-121,0,0,100,0,160,64,32,16,0,65,-123,0,1,60,0,416,0,64,48,0,77,-105,0,1,70,0,416,48,48,32,0,72,-110,0,1,20,0,144,0,64,64,0,108,-100,0,0,100,0,208,48,16,16,0,72,-110,0,0,100,0,144,0,64,64,0,25,-194,0,0,100,0,0,0,144,160,0,38,-221,0,0,100,0,208,0,112,48,0,0,-256,0,0,100,0,0,1024,192,256,0,
0,20,0,-256,0,0,100,0,192,1024,192,256,0,131,-121,0,1,80,0,400,0,16,16,0,88,-167,0,1,70,0,400,0,16,16,0,77,-161,0,1,20,0,400,0,16,16,0,54,-141,0,1,45,0,320,0,80,48,0,105,-139,0,0,100,0,512,192,32,48,0,105,-112,0,0,100,0,160,64,32,16,0,84,-132,0,1,100,0,320,96,32,32,0,93,-121,0,0,100,0,624,112,16,16,0,91,-116,0,0,100,0,256,288,16,16,0,54,-144,0,0,100,0,576,368,48,48,0,65,-121,0,0,100,0,160,64,32,16,0,65,-123,0,1,70,0,416,0,64,48,0,77,-105,0,1,60,0,416,48,48,32,0,72,-110,0,1,20,0,144,0,64,64,0,108,-100,0,0,100,0,208,48,16,16,0,72,-110,0,0,100,0,144,0,64,64,0,25,-194,0,0,100,0,0,0,144,160,0,38,-221,0,0,100,0,208,0,112,48,0,0,-256,0,0,100,0,0,1024,192,256,0,
0,20,0,-256,0,0,100,0,192,1024,192,256,0,131,-121,0,1,60,0,400,0,16,16,0,88,-167,0,1,40,0,400,0,16,16,0,77,-161,0,1,40,0,400,0,16,16,0,41,-189,0,1,30,0,400,0,16,16,0,54,-141,0,1,40,0,320,0,80,48,0,105,-139,0,0,100,0,512,192,32,48,0,105,-112,0,0,100,0,160,64,32,16,0,84,-132,0,1,100,0,256,96,32,32,0,91,-116,0,0,100,0,256,288,16,16,0,54,-144,0,0,100,0,192,368,48,48,0,65,-121,0,0,100,0,160,64,32,16,0,65,-123,0,1,60,0,416,0,64,48,0,77,-105,0,1,50,0,464,48,48,32,0,72,-110,0,1,20,0,144,0,64,64,0,108,-100,0,0,100,0,208,48,16,16,0,72,-110,0,0,100,0,144,0,64,64,0,25,-194,0,0,100,0,0,0,144,160,0,38,-221,0,0,100,0,208,0,112,48,0,0,-256,0,0,100,0,0,1024,192,256,0,
0,20,0,-256,0,0,100,0,192,1024,192,256,0,131,-121,0,1,80,0,400,0,16,16,0,88,-167,0,1,20,0,400,0,16,16,0,77,-161,0,1,60,0,400,0,16,16,0,41,-189,0,1,70,0,400,0,16,16,0,54,-141,0,1,35,0,320,0,80,48,0,105,-139,0,0,100,0,288,192,32,48,0,105,-112,0,0,100,0,160,64,32,16,0,84,-132,0,1,100,0,288,96,32,32,0,91,-116,0,0,100,0,256,288,16,16,0,54,-144,0,0,100,0,48,368,48,48,0,65,-121,0,0,100,0,160,64,32,16,0,65,-123,0,1,70,0,416,0,64,48,0,77,-105,0,1,60,0,464,48,48,32,0,72,-110,0,1,20,0,144,0,64,64,0,108,-100,0,0,100,0,208,48,16,16,0,72,-110,0,0,100,0,144,0,64,64,0,25,-194,0,0,100,0,0,0,144,160,0,38,-221,0,0,100,0,208,0,112,48,0,0,-256,0,0,100,0,0,1024,192,256,0,
0,23,0,-256,0,0,100,0,192,1024,192,256,0,131,-121,0,1,100,0,400,0,16,16,0,77,-161,0,1,80,0,400,0,16,16,0,41,-189,0,1,100,0,400,0,16,16,0,54,-141,0,1,30,0,320,0,80,48,0,84,-132,0,1,100,0,320,96,32,32,0,106,-140,0,0,100,0,160,192,32,48,0,105,-112,0,0,100,0,160,64,32,16,0,91,-116,0,0,100,0,256,288,16,16,0,54,-144,0,0,100,0,672,368,48,48,0,65,-121,0,0,100,0,160,64,32,16,0,65,-123,0,1,70,0,416,0,64,48,0,77,-105,0,1,70,0,320,48,48,32,0,72,-110,0,1,20,0,144,0,64,64,0,108,-100,0,0,20,0,224,48,16,16,0,108,-100,0,0,100,0,208,48,16,16,0,72,-110,0,0,20,0,976,0,64,64,0,72,-110,0,0,100,0,144,0,64,64,0,25,-194,0,0,20,0,832,0,144,160,0,25,-194,0,0,100,0,0,0,144,160,0,38,-221,0,0,20,0,1040,0,112,48,0,38,-221,0,0,100,0,208,0,112,48,0,0,-256,0,0,100,0,0,1024,192,256,0,
0,23,0,-256,0,0,100,0,192,1024,192,256,0,131,-121,0,1,80,0,400,0,16,16,0,77,-161,0,1,100,0,400,0,16,16,0,41,-189,0,1,80,0,400,0,16,16,0,54,-141,0,1,25,0,320,0,80,48,0,84,-132,0,1,100,0,256,96,32,32,0,91,-116,0,0,100,0,256,288,16,16,0,106,-141,0,0,100,0,32,192,32,48,0,103,-113,0,0,100,0,160,64,32,16,0,54,-144,0,0,100,0,672,368,48,48,0,65,-121,0,0,100,0,160,64,32,16,0,65,-123,0,1,60,0,416,0,64,48,0,77,-105,0,1,60,0,320,48,48,32,0,72,-110,0,1,20,0,144,0,64,64,0,108,-100,0,0,40,0,224,48,16,16,0,108,-100,0,0,100,0,208,48,16,16,0,72,-110,0,0,40,0,976,0,64,64,0,72,-110,0,0,100,0,144,0,64,64,0,25,-194,0,0,40,0,832,0,144,160,0,25,-194,0,0,100,0,0,0,144,160,0,38,-221,0,0,40,0,1040,0,112,48,0,38,-221,0,0,100,0,208,0,112,48,0,0,-256,0,0,100,0,0,1024,192,256,0,
0,23,0,-256,0,0,100,0,192,1024,192,256,0,131,-121,0,1,60,0,400,0,16,16,0,77,-161,0,1,80,0,400,0,16,16,0,41,-189,0,1,50,0,400,0,16,16,0,54,-141,0,1,30,0,320,0,80,48,0,84,-132,0,1,100,0,288,96,32,32,0,91,-116,0,0,100,0,256,288,16,16,0,104,-143,0,0,100,0,64,192,32,48,0,101,-115,0,0,100,0,160,64,32,16,0,54,-144,0,0,100,0,672,368,48,48,0,65,-121,0,0,100,0,160,64,32,16,0,65,-123,0,1,70,0,416,0,64,48,0,77,-105,0,1,50,0,368,48,48,32,0,72,-110,0,1,20,0,144,0,64,64,0,108,-100,0,0,60,0,224,48,16,16,0,108,-100,0,0,100,0,208,48,16,16,0,72,-110,0,0,60,0,976,0,64,64,0,72,-110,0,0,100,0,144,0,64,64,0,25,-194,0,0,60,0,832,0,144,160,0,25,-194,0,0,100,0,0,0,144,160,0,38,-221,0,0,60,0,1040,0,112,48,0,38,-221,0,0,100,0,208,0,112,48,0,0,-256,0,0,100,0,0,1024,192,256,0,
0,24,0,-256,0,0,100,0,192,1024,192,256,0,131,-121,0,1,80,0,400,0,16,16,0,88,-167,0,1,60,0,400,0,16,16,0,77,-161,0,1,60,0,400,0,16,16,0,41,-189,0,1,20,0,400,0,16,16,0,54,-141,0,1,35,0,320,0,80,48,0,84,-132,0,1,100,0,320,96,32,32,0,91,-116,0,0,100,0,256,288,16,16,0,102,-145,0,0,100,0,96,192,32,48,0,99,-117,0,0,100,0,160,64,32,16,0,54,-144,0,0,100,0,672,368,48,48,0,65,-121,0,0,100,0,160,64,32,16,0,65,-123,0,1,60,0,416,0,64,48,0,77,-105,0,1,60,0,368,48,48,32,0,72,-110,0,1,20,0,144,0,64,64,0,108,-100,0,0,80,0,224,48,16,16,0,108,-100,0,0,100,0,208,48,16,16,0,72,-110,0,0,80,0,976,0,64,64,0,72,-110,0,0,100,0,144,0,64,64,0,25,-194,0,0,80,0,832,0,144,160,0,25,-194,0,0,100,0,0,0,144,160,0,38,-221,0,0,80,0,1040,0,112,48,0,38,-221,0,0,100,0,208,0,112,48,0,0,-256,0,0,100,0,0,1024,192,256,0,
0,19,0,-256,0,0,100,0,192,1024,192,256,0,131,-121,0,1,100,0,400,0,16,16,0,88,-167,0,1,100,0,400,0,16,16,0,77,-161,0,1,40,0,400,0,16,16,0,54,-141,0,1,40,0,320,0,80,48,0,84,-132,0,1,100,0,256,96,32,32,0,91,-116,0,0,100,0,256,288,16,16,0,100,-147,0,0,100,0,0,192,32,48,0,97,-119,0,0,100,0,160,64,32,16,0,54,-144,0,0,100,0,672,368,48,48,0,65,-121,0,0,100,0,160,64,32,16,0,65,-123,0,1,70,0,416,0,64,48,0,77,-105,0,1,70,0,416,48,48,32,0,72,-110,0,1,20,0,144,0,64,64,0,108,-100,0,0,100,0,224,48,16,16,0,72,-110,0,0,100,0,976,0,64,64,0,25,-194,0,0,100,0,832,0,144,160,0,38,-221,0,0,100,0,1040,0,112,48,0,0,-256,0,0,100,0,0,1024,192,256,0,
0,19,0,-256,0,0,100,0,192,1024,192,256,0,131,-121,0,1,80,0,400,0,16,16,0,88,-167,0,1,70,0,400,0,16,16,0,77,-161,0,1,20,0,400,0,16,16,0,54,-141,0,1,45,0,320,0,80,48,0,84,-132,0,1,100,0,288,96,32,32,0,91,-116,0,0,100,0,256,288,16,16,0,98,-149,0,0,100,0,32,192,32,48,0,95,-121,0,0,100,0,160,64,32,16,0,54,-144,0,0,100,0,672,368,48,48,0,65,-121,0,0,100,0,160,64,32,16,0,65,-123,0,1,60,0,416,0,64,48,0,77,-105,0,1,60,0,416,48,48,32,0,72,-110,0,1,20,0,144,0,64,64,0,108,-100,0,0,100,0,224,48,16,16,0,72,-110,0,0,100,0,976,0,64,64,0,25,-194,0,0,100,0,832,0,144,160,0,38,-221,0,0,100,0,1040,0,112,48,0,0,-256,0,0,100,0,0,1024,192,256,0,
0,20,0,-256,0,0,100,0,192,1024,192,256,0,131,-121,0,1,60,0,400,0,16,16,0,88,-167,0,1,40,0,400,0,16,16,0,77,-161,0,1,40,0,400,0,16,16,0,41,-189,0,1,30,0,400,0,16,16,0,54,-141,0,1,40,0,320,0,80,48,0,84,-132,0,1,100,0,320,96,32,32,0,91,-116,0,0,100,0,256,288,16,16,0,96,-150,0,0,100,0,64,192,32,48,0,93,-122,0,0,100,0,160,64,32,16,0,54,-144,0,0,100,0,672,368,48,48,0,65,-121,0,0,100,0,160,64,32,16,0,65,-123,0,1,70,0,416,0,64,48,0,77,-105,0,1,50,0,464,48,48,32,0,72,-110,0,1,20,0,144,0,64,64,0,108,-100,0,0,100,0,224,48,16,16,0,72,-110,0,0,100,0,976,0,64,64,0,25,-194,0,0,100,0,832,0,144,160,0,38,-221,0,0,100,0,1040,0,112,48,0,0,-256,0,0,100,0,0,1024,192,256,0,
0,20,0,-256,0,0,100,0,192,1024,192,256,0,131,-121,0,1,80,0,400,0,16,16,0,88,-167,0,1,20,0,400,0,16,16,0,77,-161,0,1,60,0,400,0,16,16,0,41,-189,0,1,70,0,400,0,16,16,0,54,-141,0,1,35,0,320,0,80,48,0,84,-132,0,1,100,0,256,96,32,32,0,91,-116,0,0,100,0,256,288,16,16,0,94,-151,0,0,100,0,96,192,32,48,0,91,-123,0,0,100,0,160,64,32,16,0,54,-144,0,0,100,0,672,368,48,48,0,65,-121,0,0,100,0,160,64,32,16,0,65,-123,0,1,60,0,416,0,64,48,0,77,-105,0,1,60,0,464,48,48,32,0,72,-110,0,1,20,0,144,0,64,64,0,108,-100,0,0,100,0,224,48,16,16,0,72,-110,0,0,100,0,976,0,64,64,0,25,-194,0,0,100,0,832,0,144,160,0,38,-221,0,0,100,0,1040,0,112,48,0,0,-256,0,0,100,0,0,1024,192,256,0,
0,19,0,-256,0,0,100,0,192,1024,192,256,0,131,-121,0,1,100,0,400,0,16,16,0,77,-161,0,1,80,0,400,0,16,16,0,41,-189,0,1,100,0,400,0,16,16,0,54,-141,0,1,30,0,320,0,80,48,0,84,-132,0,1,100,0,288,96,32,32,0,91,-116,0,0,100,0,256,288,16,16,0,90,-152,0,0,100,0,128,192,32,48,0,89,-124,0,0,100,0,160,64,32,16,0,54,-144,0,0,100,0,672,368,48,48,0,65,-121,0,0,100,0,160,64,32,16,0,65,-123,0,1,70,0,416,0,64,48,0,77,-105,0,1,70,0,320,48,48,32,0,72,-110,0,1,20,0,144,0,64,64,0,108,-100,0,0,100,0,224,48,16,16,0,72,-110,0,0,100,0,976,0,64,64,0,25,-194,0,0,100,0,832,0,144,160,0,38,-221,0,0,100,0,1040,0,112,48,0,0,-256,0,0,100,0,0,1024,192,256,0,
0,19,0,-256,0,0,100,0,192,1024,192,256,0,131,-121,0,1,80,0,400,0,16,16,0,77,-161,0,1,100,0,400,0,16,16,0,41,-189,0,1,80,0,400,0,16,16,0,54,-141,0,1,25,0,320,0,80,48,0,84,-132,0,1,100,0,320,96,32,32,0,91,-116,0,0,100,0,256,288,16,16,0,90,-152,0,0,100,0,160,192,32,48,0,89,-124,0,0,100,0,160,64,32,16,0,54,-144,0,0,100,0,672,368,48,48,0,65,-121,0,0,100,0,160,64,32,16,0,65,-123,0,1,60,0,416,0,64,48,0,77,-105,0,1,60,0,320,48,48,32,0,72,-110,0,1,20,0,144,0,64,64,0,108,-100,0,0,100,0,224,48,16,16,0,72,-110,0,0,100,0,976,0,64,64,0,25,-194,0,0,100,0,832,0,144,160,0,38,-221,0,0,100,0,1040,0,112,48,0,0,-256,0,0,100,0,0,1024,192,256,0,
0,19,0,-256,0,0,100,0,192,1024,192,256,0,131,-121,0,1,60,0,400,0,16,16,0,77,-161,0,1,80,0,400,0,16,16,0,41,-189,0,1,50,0,400,0,16,16,0,54,-141,0,1,30,0,320,0,80,48,0,84,-132,0,1,100,0,256,96,32,32,0,91,-116,0,0,100,0,256,288,16,16,0,88,-151,0,0,100,0,544,192,32,48,0,89,-124,0,0,100,0,160,64,32,16,0,54,-144,0,0,100,0,672,368,48,48,0,65,-121,0,0,100,0,160,64,32,16,0,65,-123,0,1,70,0,416,0,64,48,0,77,-105,0,1,50,0,368,48,48,32,0,72,-110,0,1,20,0,144,0,64,64,0,108,-100,0,0,100,0,224,48,16,16,0,72,-110,0,0,100,0,976,0,64,64,0,25,-194,0,0,100,0,832,0,144,160,0,38,-221,0,0,100,0,1040,0,112,48,0,0,-256,0,0,100,0,0,1024,192,256,0,
0,20,0,-256,0,0,100,0,192,1024,192,256,0,131,-121,0,1,80,0,400,0,16,16,0,88,-167,0,1,60,0,400,0,16,16,0,77,-161,0,1,60,0,400,0,16,16,0,41,-189,0,1,20,0,400,0,16,16,0,54,-141,0,1,35,0,320,0,80,48,0,84,-132,0,1,100,0,288,96,32,32,0,91,-116,0,0,100,0,256,288,16,16,0,88,-151,0,0,100,0,640,192,32,48,0,89,-124,0,0,100,0,160,64,32,16,0,54,-144,0,0,100,0,672,368,48,48,0,65,-121,0,0,100,0,160,64,32,16,0,65,-123,0,1,60,0,416,0,64,48,0,77,-105,0,1,60,0,368,48,48,32,0,72,-110,0,1,20,0,144,0,64,64,0,108,-100,0,0,100,0,224,48,16,16,0,72,-110,0,0,100,0,976,0,64,64,0,25,-194,0,0,100,0,832,0,144,160,0,38,-221,0,0,100,0,1040,0,112,48,0,0,-256,0,0,100,0,0,1024,192,256,0,
0,19,0,-256,0,0,100,0,192,1024,192,256,0,131,-121,0,1,100,0,400,0,16,16,0,88,-167,0,1,100,0,400,0,16,16,0,77,-161,0,1,40,0,400,0,16,16,0,54,-141,0,1,40,0,320,0,80,48,0,84,-132,0,1,100,0,320,96,32,32,0,91,-116,0,0,100,0,256,288,16,16,0,88,-151,0,0,100,0,640,192,32,48,0,89,-124,0,0,100,0,160,64,32,16,0,54,-144,0,0,100,0,720,368,48,48,0,65,-121,0,0,100,0,160,64,32,16,0,65,-123,0,1,70,0,416,0,64,48,0,77,-105,0,1,70,0,416,48,48,32,0,72,-110,0,1,20,0,144,0,64,64,0,108,-100,0,0,100,0,224,48,16,16,0,72,-110,0,0,100,0,976,0,64,64,0,25,-194,0,0,100,0,832,0,144,160,0,38,-221,0,0,100,0,1040,0,112,48,0,0,-256,0,0,100,0,0,1024,192,256,0,
0,19,0,-256,0,0,100,0,192,1024,192,256,0,131,-121,0,1,80,0,400,0,16,16,0,88,-167,0,1,70,0,400,0,16,16,0,77,-161,0,1,20,0,400,0,16,16,0,54,-141,0,1,45,0,320,0,80,48,0,84,-132,0,1,100,0,256,96,32,32,0,91,-116,0,0,100,0,256,288,16,16,0,88,-151,0,0,100,0,544,192,32,48,0,89,-124,0,0,100,0,160,64,32,16,0,54,-144,0,0,100,0,720,368,48,48,0,65,-121,0,0,100,0,160,64,32,16,0,65,-123,0,1,60,0,416,0,64,48,0,77,-105,0,1,60,0,416,48,48,32,0,72,-110,0,1,20,0,144,0,64,64,0,108,-100,0,0,100,0,224,48,16,16,0,72,-110,0,0,100,0,976,0,64,64,0,25,-194,0,0,100,0,832,0,144,160,0,38,-221,0,0,100,0,1040,0,112,48,0,0,-256,0,0,100,0,0,1024,192,256,0,
0,20,0,-256,0,0,100,0,192,1024,192,256,0,131,-121,0,1,60,0,400,0,16,16,0,88,-167,0,1,40,0,400,0,16,16,0,77,-161,0,1,40,0,400,0,16,16,0,41,-189,0,1,30,0,400,0,16,16,0,54,-141,0,1,40,0,320,0,80,48,0,84,-132,0,1,100,0,288,96,32,32,0,91,-116,0,0,100,0,256,288,16,16,0,88,-151,0,0,100,0,544,192,32,48,0,89,-124,0,0,100,0,160,64,32,16,0,54,-144,0,0,100,0,720,368,48,48,0,65,-121,0,0,100,0,160,64,32,16,0,65,-123,0,1,70,0,416,0,64,48,0,77,-105,0,1,50,0,464,48,48,32,0,72,-110,0,1,20,0,144,0,64,64,0,108,-100,0,0,100,0,224,48,16,16,0,72,-110,0,0,100,0,976,0,64,64,0,25,-194,0,0,100,0,832,0,144,160,0,38,-221,0,0,100,0,1040,0,112,48,0,0,-256,0,0,100,0,0,1024,192,256,0,
0,20,0,-256,0,0,100,0,192,1024,192,256,0,131,-121,0,1,80,0,400,0,16,16,0,88,-167,0,1,20,0,400,0,16,16,0,77,-161,0,1,60,0,400,0,16,16,0,41,-189,0,1,70,0,400,0,16,16,0,54,-141,0,1,35,0,320,0,80,48,0,84,-132,0,1,100,0,320,96,32,32,0,91,-116,0,0,100,0,256,288,16,16,0,88,-151,0,0,100,0,640,192,32,48,0,89,-124,0,0,100,0,160,64,32,16,0,54,-144,0,0,100,0,720,368,48,48,0,65,-121,0,0,100,0,160,64,32,16,0,65,-123,0,1,60,0,416,0,64,48,0,77,-105,0,1,60,0,464,48,48,32,0,72,-110,0,1,20,0,144,0,64,64,0,108,-100,0,0,100,0,224,48,16,16,0,72,-110,0,0,100,0,976,0,64,64,0,25,-194,0,0,100,0,832,0,144,160,0,38,-221,0,0,100,0,1040,0,112,48,0,0,-256,0,0,100,0,0,1024,192,256,0,
0,20,0,-256,0,0,100,0,192,1024,192,256,0,131,-121,0,1,100,0,400,0,16,16,0,77,-161,0,1,80,0,400,0,16,16,0,41,-189,0,1,100,0,400,0,16,16,0,54,-141,0,1,30,0,320,0,80,48,0,83,-171,0,0,40,0,304,240,32,48,0,84,-132,0,1,100,0,256,96,32,32,0,91,-116,0,0,100,0,256,288,16,16,0,88,-151,0,0,100,0,640,192,32,48,0,89,-124,0,0,100,0,160,64,32,16,0,54,-144,0,0,100,0,720,368,48,48,0,65,-121,0,0,100,0,160,64,32,16,0,65,-123,0,1,70,0,416,0,64,48,0,77,-105,0,1,70,0,320,48,48,32,0,72,-110,0,1,20,0,144,0,64,64,0,108,-100,0,0,100,0,224,48,16,16,0,72,-110,0,0,100,0,976,0,64,64,0,25,-194,0,0,100,0,832,0,144,160,0,38,-221,0,0,100,0,1040,0,112,48,0,0,-256,0,0,100,0,0,1024,192,256,0,
0,21,0,-256,0,0,100,0,192,1024,192,256,0,131,-121,0,1,80,0,400,0,16,16,0,77,-161,0,1,100,0,400,0,16,16,0,41,-189,0,1,80,0,400,0,16,16,0,54,-141,0,1,25,0,320,0,80,48,0,100,-168,0,0,20,0,288,272,16,16,0,83,-171,0,0,70,0,336,240,32,48,0,84,-132,0,1,100,0,288,96,32,32,0,91,-116,0,0,100,0,256,288,16,16,0,88,-151,0,0,100,0,544,192,32,48,0,89,-124,0,0,100,0,160,64,32,16,0,54,-144,0,0,100,0,720,368,48,48,0,65,-121,0,0,100,0,160,64,32,16,0,65,-123,0,1,60,0,416,0,64,48,0,77,-105,0,1,60,0,320,48,48,32,0,72,-110,0,1,20,0,144,0,64,64,0,108,-100,0,0,100,0,224,48,16,16,0,72,-110,0,0,100,0,976,0,64,64,0,25,-194,0,0,100,0,832,0,144,160,0,38,-221,0,0,100,0,1040,0,112,48,0,0,-256,0,0,100,0,0,1024,192,256,0,
0,20,0,-256,0,0,100,0,192,1024,192,256,0,131,-121,0,1,60,0,400,0,16,16,0,77,-161,0,1,80,0,400,0,16,16,0,41,-189,0,1,50,0,400,0,16,16,0,54,-141,0,1,30,0,320,0,80,48,0,83,-171,0,0,100,0,368,240,32,48,0,84,-132,0,1,100,0,320,96,32,32,0,91,-116,0,0,100,0,256,288,16,16,0,88,-151,0,0,100,0,544,192,32,48,0,89,-124,0,0,100,0,160,64,32,16,0,54,-144,0,0,100,0,720,368,48,48,0,65,-121,0,0,100,0,160,64,32,16,0,65,-123,0,1,70,0,416,0,64,48,0,77,-105,0,1,50,0,368,48,48,32,0,72,-110,0,1,20,0,144,0,64,64,0,108,-100,0,0,100,0,224,48,16,16,0,72,-110,0,0,100,0,976,0,64,64,0,25,-194,0,0,100,0,832,0,144,160,0,38,-221,0,0,100,0,1040,0,112,48,0,0,-256,0,0,100,0,0,1024,192,256,0,
0,21,0,-256,0,0,100,0,192,1024,192,256,0,131,-121,0,1,80,0,400,0,16,16,0,88,-167,0,1,60,0,400,0,16,16,0,77,-161,0,1,60,0,400,0,16,16,0,41,-189,0,1,20,0,400,0,16,16,0,54,-141,0,1,35,0,320,0,80,48,0,83,-171,0,0,100,0,400,240,32,48,0,84,-132,0,1,100,0,256,96,32,32,0,91,-116,0,0,100,0,256,288,16,16,0,88,-151,0,0,100,0,640,192,32,48,0,89,-124,0,0,100,0,160,64,32,16,0,54,-144,0,0,100,0,720,368,48,48,0,65,-121,0,0,100,0,160,64,32,16,0,65,-123,0,1,60,0,416,0,64,48,0,77,-105,0,1,60,0,368,48,48,32,0,72,-110,0,1,20,0,144,0,64,64,0,108,-100,0,0,100,0,224,48,16,16,0,72,-110,0,0,100,0,976,0,64,64,0,25,-194,0,0,100,0,832,0,144,160,0,38,-221,0,0,100,0,1040,0,112,48,0,0,-256,0,0,100,0,0,1024,192,256,0,
0,20,0,-256,0,0,100,0,192,1024,192,256,0,131,-121,0,1,100,0,400,0,16,16,0,88,-167,0,1,100,0,400,0,16,16,0,77,-161,0,1,40,0,400,0,16,16,0,54,-141,0,1,40,0,320,0,80,48,0,83,-171,0,0,100,0,304,240,32,48,0,84,-132,0,1,100,0,288,96,32,32,0,91,-116,0,0,100,0,256,288,16,16,0,88,-151,0,0,100,0,640,192,32,48,0,89,-124,0,0,100,0,160,64,32,16,0,54,-144,0,0,100,0,720,368,48,48,0,65,-121,0,0,100,0,160,64,32,16,0,65,-123,0,1,70,0,416,0,64,48,0,77,-105,0,1,70,0,416,48,48,32,0,72,-110,0,1,20,0,144,0,64,64,0,108,-100,0,0,100,0,224,48,16,16,0,72,-110,0,0,100,0,976,0,64,64,0,25,-194,0,0,100,0,832,0,144,160,0,38,-221,0,0,100,0,1040,0,112,48,0,0,-256,0,0,100,0,0,1024,192,256,0,
0,21,0,-256,0,0,100,0,192,1024,192,256,0,131,-121,0,1,80,0,400,0,16,16,0,88,-167,0,1,70,0,400,0,16,16,0,77,-161,0,1,20,0,400,0,16,16,0,54,-141,0,1,45,0,320,0,80,48,0,101,-169,0,0,70,0,288,272,16,16,0,83,-171,0,0,100,0,336,240,32,48,0,84,-132,0,1,100,0,320,96,32,32,0,91,-116,0,0,100,0,256,288,16,16,0,88,-151,0,0,100,0,544,192,32,48,0,89,-124,0,0,100,0,160,64,32,16,0,54,-144,0,0,100,0,720,368,48,48,0,65,-121,0,0,100,0,160,64,32,16,0,65,-123,0,1,60,0,416,0,64,48,0,77,-105,0,1,60,0,416,48,48,32,0,72,-110,0,1,20,0,144,0,64,64,0,108,-100,0,0,100,0,224,48,16,16,0,72,-110,0,0,100,0,976,0,64,64,0,25,-194,0,0,100,0,832,0,144,160,0,38,-221,0,0,100,0,1040,0,112,48,0,0,-256,0,0,100,0,0,1024,192,256,0,
0,22,0,-256,0,0,100,0,192,1024,192,256,0,131,-121,0,1,60,0,400,0,16,16,0,88,-167,0,1,40,0,400,0,16,16,0,77,-161,0,1,40,0,400,0,16,16,0,41,-189,0,1,30,0,400,0,16,16,0,54,-141,0,1,40,0,320,0,80,48,0,103,-172,0,0,40,0,288,272,16,16,0,83,-171,0,0,100,0,368,240,32,48,0,84,-132,0,1,100,0,256,96,32,32,0,91,-116,0,0,100,0,256,288,16,16,0,88,-151,0,0,100,0,544,192,32,48,0,89,-124,0,0,100,0,160,64,32,16,0,54,-144,0,0,100,0,720,368,48,48,0,65,-121,0,0,100,0,160,64,32,16,0,65,-123,0,1,70,0,416,0,64,48,0,77,-105,0,1,50,0,464,48,48,32,0,72,-110,0,1,20,0,144,0,64,64,0,108,-100,0,0,100,0,224,48,16,16,0,72,-110,0,0,100,0,976,0,64,64,0,25,-194,0,0,100,0,832,0,144,160,0,38,-221,0,0,100,0,1040,0,112,48,0,0,-256,0,0,100,0,0,1024,192,256,0,
0,22,0,-256,0,0,100,0,192,1024,192,256,0,131,-121,0,1,80,0,400,0,16,16,0,88,-167,0,1,20,0,400,0,16,16,0,77,-161,0,1,60,0,400,0,16,16,0,41,-189,0,1,70,0,400,0,16,16,0,54,-141,0,1,35,0,320,0,80,48,0,105,-175,0,0,20,0,288,272,16,16,0,83,-171,0,0,100,0,400,240,32,48,0,84,-132,0,1,100,0,288,96,32,32,0,91,-116,0,0,100,0,256,288,16,16,0,88,-151,0,0,100,0,640,192,32,48,0,89,-124,0,0,100,0,160,64,32,16,0,54,-144,0,0,100,0,720,368,48,48,0,65,-121,0,0,100,0,160,64,32,16,0,65,-123,0,1,60,0,416,0,64,48,0,77,-105,0,1,60,0,464,48,48,32,0,72,-110,0,1,20,0,144,0,64,64,0,108,-100,0,0,100,0,224,48,16,16,0,72,-110,0,0,100,0,976,0,64,64,0,25,-194,0,0,100,0,832,0,144,160,0,38,-221,0,0,100,0,1040,0,112,48,0,0,-256,0,0,100,0,0,1024,192,256,0,
0,20,0,-256,0,0,100,0,192,1024,192,256,0,131,-121,0,1,100,0,400,0,16,16,0,77,-161,0,1,80,0,400,0,16,16,0,41,-189,0,1,100,0,400,0,16,16,0,54,-141,0,1,30,0,320,0,80,48,0,83,-171,0,0,100,0,304,240,32,48,0,84,-132,0,1,100,0,320,96,32,32,0,91,-116,0,0,100,0,256,288,16,16,0,88,-151,0,0,100,0,672,192,32,48,0,89,-124,0,0,100,0,160,64,32,16,0,54,-144,0,0,100,0,720,368,48,48,0,65,-121,0,0,100,0,160,64,32,16,0,65,-123,0,1,70,0,416,0,64,48,0,77,-105,0,1,70,0,320,48,48,32,0,72,-110,0,1,20,0,144,0,64,64,0,108,-100,0,0,100,0,224,48,16,16,0,72,-110,0,0,100,0,976,0,64,64,0,25,-194,0,0,100,0,832,0,144,160,0,38,-221,0,0,100,0,1040,0,112,48,0,0,-256,0,0,100,0,0,1024,192,256,0,
0,21,0,-256,0,0,100,0,192,1024,192,256,0,131,-121,0,1,80,0,400,0,16,16,0,77,-161,0,1,100,0,400,0,16,16,0,41,-189,0,1,80,0,400,0,16,16,0,54,-141,0,1,25,0,320,0,80,48,0,101,-169,0,0,70,0,288,272,16,16,0,83,-171,0,0,100,0,336,240,32,48,0,84,-132,0,1,100,0,256,96,32,32,0,91,-116,0,0,100,0,256,288,16,16,0,54,-144,0,0,100,0,720,368,48,48,0,65,-121,0,0,100,0,160,64,32,16,0,80,-137,0,0,100,0,704,208,48,32,0,89,-124,0,0,100,0,160,64,32,16,0,65,-123,0,1,60,0,416,0,64,48,0,77,-105,0,1,60,0,320,48,48,32,0,72,-110,0,1,20,0,144,0,64,64,0,108,-100,0,0,100,0,224,48,16,16,0,72,-110,0,0,100,0,976,0,64,64,0,25,-194,0,0,100,0,832,0,144,160,0,38,-221,0,0,100,0,1040,0,112,48,0,0,-256,0,0,100,0,0,1024,192,256,0,
0,21,0,-256,0,0,100,0,192,1024,192,256,0,131,-121,0,1,60,0,400,0,16,16,0,77,-161,0,1,80,0,400,0,16,16,0,41,-189,0,1,50,0,400,0,16,16,0,54,-141,0,1,30,0,320,0,80,48,0,103,-172,0,0,40,0,288,272,16,16,0,83,-171,0,0,100,0,368,240,32,48,0,84,-132,0,1,100,0,288,96,32,32,0,91,-116,0,0,100,0,256,288,16,16,0,54,-144,0,0,100,0,720,368,48,48,0,65,-121,0,0,100,0,160,64,32,16,0,80,-137,0,0,100,0,704,208,48,32,0,89,-124,0,0,100,0,160,64,32,16,0,65,-123,0,1,70,0,416,0,64,48,0,77,-105,0,1,50,0,368,48,48,32,0,72,-110,0,1,20,0,144,0,64,64,0,108,-100,0,0,100,0,224,48,16,16,0,72,-110,0,0,100,0,976,0,64,64,0,25,-194,0,0,100,0,832,0,144,160,0,38,-221,0,0,100,0,1040,0,112,48,0,0,-256,0,0,100,0,0,1024,192,256,0,
0,23,0,-256,0,0,100,0,192,1024,192,256,0,131,-121,0,1,80,0,400,0,16,16,0,88,-167,0,1,60,0,400,0,16,16,0,77,-161,0,1,60,0,400,0,16,16,0,41,-189,0,1,20,0,400,0,16,16,0,54,-141,0,1,35,0,320,0,80,48,0,99,-171,0,0,40,0,304,240,32,48,0,105,-175,0,0,20,0,288,272,16,16,0,83,-171,0,0,100,0,400,240,32,48,0,84,-132,0,1,100,0,320,96,32,32,0,91,-116,0,0,100,0,256,288,16,16,0,54,-144,0,0,100,0,720,368,48,48,0,65,-121,0,0,100,0,160,64,32,16,0,80,-137,0,0,100,0,704,208,48,32,0,89,-124,0,0,100,0,160,64,32,16,0,65,-123,0,1,60,0,416,0,64,48,0,77,-105,0,1,60,0,368,48,48,32,0,72,-110,0,1,20,0,144,0,64,64,0,108,-100,0,0,100,0,224,48,16,16,0,72,-110,0,0,100,0,976,0,64,64,0,25,-194,0,0,100,0,832,0,144,160,0,38,-221,0,0,100,0,1040,0,112,48,0,0,-256,0,0,100,0,0,1024,192,256,0,
0,22,0,-256,0,0,100,0,192,1024,192,256,0,131,-121,0,1,100,0,400,0,16,16,0,88,-167,0,1,100,0,400,0,16,16,0,77,-161,0,1,40,0,400,0,16,16,0,54,-141,0,1,40,0,320,0,80,48,0,117,-169,0,0,70,0,288,272,16,16,0,99,-171,0,0,80,0,336,240,32,48,0,83,-171,0,0,100,0,304,240,32,48,0,84,-132,0,1,100,0,256,96,32,32,0,91,-116,0,0,100,0,256,288,16,16,0,54,-144,0,0,100,0,720,368,48,48,0,65,-121,0,0,100,0,160,64,32,16,0,80,-137,0,0,100,0,704,208,48,32,0,89,-124,0,0,100,0,160,64,32,16,0,65,-123,0,1,70,0,416,0,64,48,0,77,-105,0,1,70,0,416,48,48,32,0,72,-110,0,1,20,0,144,0,64,64,0,108,-100,0,0,100,0,224,48,16,16,0,72,-110,0,0,100,0,976,0,64,64,0,25,-194,0,0,100,0,832,0,144,160,0,38,-221,0,0,100,0,1040,0,112,48,0,0,-256,0,0,100,0,0,1024,192,256,0,
0,23,0,-256,0,0,100,0,192,1024,192,256,0,131,-121,0,1,80,0,400,0,16,16,0,88,-167,0,1,70,0,400,0,16,16,0,77,-161,0,1,20,0,400,0,16,16,0,54,-141,0,1,45,0,320,0,80,48,0,119,-172,0,0,40,0,288,272,16,16,0,99,-171,0,0,100,0,368,240,32,48,0,101,-169,0,0,70,0,288,272,16,16,0,83,-171,0,0,100,0,336,240,32,48,0,84,-132,0,1,100,0,288,96,32,32,0,91,-116,0,0,100,0,256,288,16,16,0,54,-144,0,0,100,0,720,368,48,48,0,65,-121,0,0,100,0,160,64,32,16,0,80,-137,0,0,100,0,704,208,48,32,0,89,-124,0,0,100,0,160,64,32,16,0,65,-123,0,1,60,0,416,0,64,48,0,77,-105,0,1,60,0,416,48,48,32,0,72,-110,0,1,20,0,144,0,64,64,0,108,-100,0,0,100,0,224,48,16,16,0,72,-110,0,0,100,0,976,0,64,64,0,25,-194,0,0,100,0,832,0,144,160,0,38,-221,0,0,100,0,1040,0,112,48,0,0,-256,0,0,100,0,0,1024,192,256,0,
0,24,0,-256,0,0,100,0,192,1024,192,256,0,131,-121,0,1,60,0,400,0,16,16,0,88,-167,0,1,40,0,400,0,16,16,0,77,-161,0,1,40,0,400,0,16,16,0,41,-189,0,1,30,0,400,0,16,16,0,54,-141,0,1,40,0,320,0,80,48,0,121,-175,0,0,20,0,288,272,16,16,0,99,-171,0,0,100,0,400,240,32,48,0,103,-172,0,0,40,0,288,272,16,16,0,83,-171,0,0,100,0,368,240,32,48,0,84,-132,0,1,100,0,320,96,32,32,0,91,-116,0,0,100,0,256,288,16,16,0,54,-144,0,0,100,0,720,368,48,48,0,65,-121,0,0,100,0,160,64,32,16,0,80,-137,0,0,100,0,704,208,48,32,0,89,-124,0,0,100,0,160,64,32,16,0,65,-123,0,1,70,0,416,0,64,48,0,77,-105,0,1,50,0,464,48,48,32,0,72,-110,0,1,20,0,144,0,64,64,0,108,-100,0,0,100,0,224,48,16,16,0,72,-110,0,0,100,0,976,0,64,64,0,25,-194,0,0,100,0,832,0,144,160,0,38,-221,0,0,100,0,1040,0,112,48,0,0,-256,0,0,100,0,0,1024,192,256,0,
0,23,0,-256,0,0,100,0,192,1024,192,256,0,131,-121,0,1,80,0,400,0,16,16,0,88,-167,0,1,20,0,400,0,16,16,0,77,-161,0,1,60,0,400,0,16,16,0,41,-189,0,1,70,0,400,0,16,16,0,54,-141,0,1,35,0,320,0,80,48,0,99,-171,0,0,100,0,304,240,32,48,0,105,-175,0,0,20,0,288,272,16,16,0,83,-171,0,0,100,0,400,240,32,48,0,84,-132,0,1,100,0,256,96,32,32,0,91,-116,0,0,100,0,256,288,16,16,0,54,-144,0,0,100,0,720,368,48,48,0,65,-121,0,0,100,0,160,64,32,16,0,80,-137,0,0,100,0,704,208,48,32,0,89,-124,0,0,100,0,160,64,32,16,0,65,-123,0,1,60,0,416,0,64,48,0,77,-105,0,1,60,0,464,48,48,32,0,72,-110,0,1,20,0,144,0,64,64,0,108,-100,0,0,100,0,224,48,16,16,0,72,-110,0,0,100,0,976,0,64,64,0,25,-194,0,0,100,0,832,0,144,160,0,38,-221,0,0,100,0,1040,0,112,48,0,0,-256,0,0,100,0,0,1024,192,256,0,
0,22,0,-256,0,0,100,0,192,1024,192,256,0,131,-121,0,1,100,0,400,0,16,16,0,77,-161,0,1,80,0,400,0,16,16,0,41,-189,0,1,100,0,400,0,16,16,0,54,-141,0,1,30,0,320,0,80,48,0,117,-169,0,0,40,0,288,272,16,16,0,99,-171,0,0,100,0,336,240,32,48,0,83,-171,0,0,100,0,304,240,32,48,0,84,-132,0,1,100,0,288,96,32,32,0,91,-116,0,0,100,0,256,288,16,16,0,54,-144,0,0,100,0,720,368,48,48,0,65,-121,0,0,100,0,160,64,32,16,0,80,-137,0,0,100,0,704,208,48,32,0,89,-124,0,0,100,0,160,64,32,16,0,65,-123,0,1,70,0,416,0,64,48,0,77,-105,0,1,70,0,320,48,48,32,0,72,-110,0,1,20,0,144,0,64,64,0,108,-100,0,0,100,0,224,48,16,16,0,72,-110,0,0,100,0,976,0,64,64,0,25,-194,0,0,100,0,832,0,144,160,0,38,-221,0,0,100,0,1040,0,112,48,0,0,-256,0,0,100,0,0,1024,192,256,0,
0,23,0,-256,0,0,100,0,192,1024,192,256,0,131,-121,0,1,80,0,400,0,16,16,0,77,-161,0,1,100,0,400,0,16,16,0,41,-189,0,1,80,0,400,0,16,16,0,54,-141,0,1,25,0,320,0,80,48,0,119,-172,0,0,20,0,288,272,16,16,0,99,-171,0,0,100,0,368,240,32,48,0,101,-169,0,0,70,0,288,272,16,16,0,83,-171,0,0,100,0,336,240,32,48,0,84,-132,0,1,100,0,320,96,32,32,0,91,-116,0,0,100,0,256,288,16,16,0,54,-144,0,0,100,0,720,368,48,48,0,65,-121,0,0,100,0,160,64,32,16,0,80,-137,0,0,100,0,704,208,48,32,0,89,-124,0,0,100,0,160,64,32,16,0,65,-123,0,1,60,0,416,0,64,48,0,77,-105,0,1,60,0,320,48,48,32,0,72,-110,0,1,20,0,144,0,64,64,0,108,-100,0,0,100,0,224,48,16,16,0,72,-110,0,0,100,0,976,0,64,64,0,25,-194,0,0,100,0,832,0,144,160,0,38,-221,0,0,100,0,1040,0,112,48,0,0,-256,0,0,100,0,0,1024,192,256,0,
0,22,0,-256,0,0,100,0,192,1024,192,256,0,131,-121,0,1,60,0,400,0,16,16,0,77,-161,0,1,80,0,400,0,16,16,0,41,-189,0,1,50,0,400,0,16,16,0,54,-141,0,1,30,0,320,0,80,48,0,99,-171,0,0,100,0,400,240,32,48,0,103,-172,0,0,40,0,288,272,16,16,0,83,-171,0,0,100,0,368,240,32,48,0,84,-132,0,1,100,0,256,96,32,32,0,91,-116,0,0,100,0,256,288,16,16,0,54,-144,0,0,100,0,720,368,48,48,0,65,-121,0,0,100,0,160,64,32,16,0,80,-137,0,0,100,0,704,208,48,32,0,89,-124,0,0,100,0,160,64,32,16,0,65,-123,0,1,70,0,416,0,64,48,0,77,-105,0,1,50,0,368,48,48,32,0,72,-110,0,1,20,0,144,0,64,64,0,108,-100,0,0,100,0,224,48,16,16,0,72,-110,0,0,100,0,976,0,64,64,0,25,-194,0,0,100,0,832,0,144,160,0,38,-221,0,0,100,0,1040,0,112,48,0,0,-256,0,0,100,0,0,1024,192,256,0,
0,24,0,-256,0,0,100,0,192,1024,192,256,0,131,-121,0,1,80,0,400,0,16,16,0,88,-167,0,1,60,0,400,0,16,16,0,77,-161,0,1,60,0,400,0,16,16,0,41,-189,0,1,20,0,400,0,16,16,0,54,-141,0,1,35,0,320,0,80,48,0,99,-171,0,0,100,0,304,240,32,48,0,105,-175,0,0,20,0,288,272,16,16,0,83,-171,0,0,100,0,400,240,32,48,0,84,-132,0,1,60,0,288,96,32,32,0,84,-125,0,1,100,0,352,80,32,32,0,91,-116,0,0,100,0,256,288,16,16,0,54,-144,0,0,100,0,720,368,48,48,0,65,-121,0,0,100,0,160,64,32,16,0,80,-137,0,0,100,0,704,208,48,32,0,89,-124,0,0,100,0,160,64,32,16,0,65,-123,0,1,60,0,416,0,64,48,0,77,-105,0,1,60,0,368,48,48,32,0,72,-110,0,1,20,0,144,0,64,64,0,108,-100,0,0,100,0,224,48,16,16,0,72,-110,0,0,100,0,976,0,64,64,0,25,-194,0,0,100,0,832,0,144,160,0,38,-221,0,0,100,0,1040,0,112,48,0,0,-256,0,0,100,0,0,1024,192,256,0,
0,24,0,-256,0,0,100,0,192,1024,192,256,0,131,-121,0,1,100,0,400,0,16,16,0,88,-167,0,1,100,0,400,0,16,16,0,77,-161,0,1,40,0,400,0,16,16,0,54,-141,0,1,40,0,320,0,80,48,0,117,-169,0,0,40,0,288,272,16,16,0,99,-171,0,0,100,0,336,240,32,48,0,83,-171,0,0,100,0,304,240,32,48,0,84,-132,0,1,20,0,320,96,32,32,0,84,-125,0,1,100,0,384,80,32,32,0,91,-116,0,0,60,0,256,288,16,16,0,84,-115,0,0,100,0,288,288,32,16,0,54,-144,0,0,100,0,720,368,48,48,0,65,-121,0,0,100,0,160,64,32,16,0,80,-137,0,0,100,0,704,208,48,32,0,89,-124,0,0,100,0,160,64,32,16,0,65,-123,0,1,40,0,416,0,64,48,0,77,-105,0,1,70,0,416,48,48,32,0,72,-110,0,1,20,0,144,0,64,64,0,108,-100,0,0,100,0,224,48,16,16,0,72,-110,0,0,100,0,976,0,64,64,0,25,-194,0,0,100,0,832,0,144,160,0,38,-221,0,0,100,0,1040,0,112,48,0,0,-256,0,0,100,0,0,1024,192,256,0,
0,23,0,-256,0,0,100,0,192,1024,192,256,0,131,-121,0,1,80,0,400,0,16,16,0,88,-167,0,1,70,0,400,0,16,16,0,77,-161,0,1,20,0,400,0,16,16,0,54,-141,0,1,45,0,320,0,80,48,0,119,-172,0,0,20,0,288,272,16,16,0,99,-171,0,0,100,0,368,240,32,48,0,101,-169,0,0,70,0,288,272,16,16,0,83,-171,0,0,100,0,336,240,32,48,0,84,-125,0,1,100,0,384,80,32,32,0,84,-115,0,0,100,0,288,288,32,16,0,54,-144,0,0,100,0,720,368,48,48,0,65,-121,0,0,100,0,160,64,32,16,0,80,-137,0,0,100,0,704,208,48,32,0,89,-124,0,0,100,0,160,64,32,16,0,65,-123,0,1,50,0,416,0,64,48,0,77,-105,0,1,60,0,416,48,48,32,0,72,-110,0,1,20,0,144,0,64,64,0,108,-100,0,0,100,0,224,48,16,16,0,72,-110,0,0,100,0,976,0,64,64,0,25,-194,0,0,100,0,832,0,144,160,0,38,-221,0,0,100,0,1040,0,112,48,0,0,-256,0,0,100,0,0,1024,192,256,0,
0,23,0,-256,0,0,100,0,192,1024,192,256,0,131,-121,0,1,60,0,400,0,16,16,0,88,-167,0,1,40,0,400,0,16,16,0,77,-161,0,1,40,0,400,0,16,16,0,41,-189,0,1,30,0,400,0,16,16,0,54,-141,0,1,40,0,320,0,80,48,0,99,-171,0,0,100,0,400,240,32,48,0,103,-172,0,0,40,0,288,272,16,16,0,83,-171,0,0,100,0,368,240,32,48,0,84,-125,0,1,100,0,352,80,32,32,0,84,-115,0,0,100,0,288,288,32,16,0,54,-144,0,0,100,0,720,368,48,48,0,65,-121,0,0,100,0,160,64,32,16,0,80,-137,0,0,100,0,704,208,48,32,0,89,-124,0,0,100,0,160,64,32,16,0,65,-123,0,1,40,0,416,0,64,48,0,77,-105,0,1,50,0,464,48,48,32,0,72,-110,0,1,20,0,144,0,64,64,0,108,-100,0,0,100,0,224,48,16,16,0,72,-110,0,0,100,0,976,0,64,64,0,25,-194,0,0,100,0,832,0,144,160,0,38,-221,0,0,100,0,1040,0,112,48,0,0,-256,0,0,100,0,0,1024,192,256,0,
0,24,0,-256,0,0,100,0,192,1024,192,256,0,131,-121,0,1,80,0,400,0,16,16,0,88,-167,0,1,20,0,400,0,16,16,0,77,-161,0,1,60,0,400,0,16,16,0,41,-189,0,1,70,0,400,0,16,16,0,54,-141,0,1,35,0,320,0,80,48,0,99,-171,0,0,100,0,304,240,32,48,0,105,-175,0,0,20,0,288,272,16,16,0,83,-171,0,0,100,0,400,240,32,48,0,84,-125,0,1,100,0,384,80,32,32,0,84,-115,0,0,100,0,288,288,32,16,0,91,-116,0,0,100,0,256,288,16,16,0,54,-144,0,0,100,0,720,368,48,48,0,65,-121,0,0,100,0,160,64,32,16,0,80,-137,0,0,100,0,704,208,48,32,0,89,-124,0,0,100,0,160,64,32,16,0,65,-123,0,1,50,0,416,0,64,48,0,77,-105,0,1,60,0,464,48,48,32,0,72,-110,0,1,20,0,144,0,64,64,0,108,-100,0,0,100,0,224,48,16,16,0,72,-110,0,0,100,0,976,0,64,64,0,25,-194,0,0,100,0,832,0,144,160,0,38,-221,0,0,100,0,1040,0,112,48,0,0,-256,0,0,100,0,0,1024,192,256,0,
0,22,0,-256,0,0,100,0,192,1024,192,256,0,131,-121,0,1,100,0,400,0,16,16,0,77,-161,0,1,80,0,400,0,16,16,0,41,-189,0,1,100,0,400,0,16,16,0,54,-141,0,1,30,0,320,0,80,48,0,117,-169,0,0,70,0,288,272,16,16,0,99,-171,0,0,100,0,336,240,32,48,0,83,-171,0,0,100,0,304,240,32,48,0,84,-125,0,1,60,0,352,80,32,32,0,84,-115,0,0,70,0,288,288,32,16,0,54,-144,0,0,100,0,720,368,48,48,0,65,-121,0,0,100,0,160,64,32,16,0,80,-137,0,0,100,0,704,208,48,32,0,89,-124,0,0,100,0,160,64,32,16,0,65,-123,0,1,40,0,416,0,64,48,0,77,-105,0,1,70,0,320,48,48,32,0,72,-110,0,1,20,0,144,0,64,64,0,108,-100,0,0,100,0,224,48,16,16,0,72,-110,0,0,100,0,976,0,64,64,0,25,-194,0,0,100,0,832,0,144,160,0,38,-221,0,0,100,0,1040,0,112,48,0,0,-256,0,0,100,0,0,1024,192,256,0,
0,23,0,-256,0,0,100,0,192,1024,192,256,0,131,-121,0,1,80,0,400,0,16,16,0,77,-161,0,1,100,0,400,0,16,16,0,41,-189,0,1,80,0,400,0,16,16,0,54,-141,0,1,25,0,320,0,80,48,0,119,-172,0,0,40,0,288,272,16,16,0,99,-171,0,0,100,0,368,240,32,48,0,101,-169,0,0,70,0,288,272,16,16,0,83,-171,0,0,100,0,336,240,32,48,0,84,-125,0,1,20,0,384,80,32,32,0,84,-115,0,0,40,0,288,288,32,16,0,54,-144,0,0,100,0,720,368,48,48,0,65,-121,0,0,100,0,160,64,32,16,0,80,-137,0,0,100,0,704,208,48,32,0,89,-124,0,0,100,0,160,64,32,16,0,65,-123,0,1,20,0,416,0,64,48,0,77,-105,0,1,60,0,320,48,48,32,0,72,-110,0,1,20,0,144,0,64,64,0,108,-100,0,0,100,0,224,48,16,16,0,72,-110,0,0,100,0,976,0,64,64,0,25,-194,0,0,100,0,832,0,144,160,0,38,-221,0,0,100,0,1040,0,112,48,0,0,-256,0,0,100,0,0,1024,192,256,0,
0,22,0,-256,0,0,100,0,192,1024,192,256,0,131,-121,0,1,60,0,400,0,16,16,0,77,-161,0,1,80,0,400,0,16,16,0,41,-189,0,1,50,0,400,0,16,16,0,54,-141,0,1,30,0,320,0,80,48,0,121,-175,0,0,20,0,288,272,16,16,0,99,-171,0,0,100,0,400,240,32,48,0,103,-172,0,0,40,0,288,272,16,16,0,83,-171,0,0,100,0,368,240,32,48,0,84,-115,0,0,20,0,288,288,32,16,0,54,-144,0,0,100,0,720,368,48,48,0,65,-121,0,0,100,0,160,64,32,16,0,80,-137,0,0,100,0,704,208,48,32,0,89,-124,0,0,100,0,160,64,32,16,0,65,-123,0,1,10,0,416,0,64,48,0,77,-105,0,1,50,0,368,48,48,32,0,72,-110,0,1,20,0,144,0,64,64,0,108,-100,0,0,100,0,224,48,16,16,0,72,-110,0,0,100,0,976,0,64,64,0,25,-194,0,0,100,0,832,0,144,160,0,38,-221,0,0,100,0,1040,0,112,48,0,0,-256,0,0,100,0,0,1024,192,256,0,
0,20,0,-256,0,0,100,0,192,1024,192,256,0,131,-121,0,1,80,0,400,0,16,16,0,88,-167,0,1,60,0,400,0,16,16,0,77,-161,0,1,60,0,400,0,16,16,0,41,-189,0,1,20,0,400,0,16,16,0,54,-141,0,1,35,0,320,0,80,48,0,99,-171,0,0,100,0,304,240,32,48,0,105,-175,0,0,20,0,288,272,16,16,0,83,-171,0,0,100,0,400,240,32,48,0,54,-144,0,0,100,0,720,368,48,48,0,65,-121,0,0,100,0,160,64,32,16,0,80,-137,0,0,100,0,704,208,48,32,0,89,-124,0,0,100,0,160,64,32,16,0,77,-105,0,1,60,0,368,48,48,32,0,72,-110,0,1,20,0,144,0,64,64,0,108,-100,0,0,100,0,224,48,16,16,0,72,-110,0,0,100,0,976,0,64,64,0,25,-194,0,0,100,0,832,0,144,160,0,38,-221,0,0,100,0,1040,0,112,48,0,0,-256,0,0,100,0,0,1024,192,256,0,
0,19,0,-256,0,0,100,0,192,1024,192,256,0,131,-121,0,1,100,0,400,0,16,16,0,88,-167,0,1,100,0,400,0,16,16,0,77,-161,0,1,40,0,400,0,16,16,0,54,-141,0,1,40,0,320,0,80,48,0,117,-169,0,0,70,0,288,272,16,16,0,99,-171,0,0,100,0,336,240,32,48,0,83,-171,0,0,100,0,304,240,32,48,0,54,-144,0,0,100,0,720,368,48,48,0,65,-121,0,0,100,0,160,64,32,16,0,80,-137,0,0,100,0,704,208,48,32,0,89,-124,0,0,100,0,160,64,32,16,0,77,-105,0,1,70,0,416,48,48,32,0,72,-110,0,1,20,0,144,0,64,64,0,108,-100,0,0,100,0,224,48,16,16,0,72,-110,0,0,100,0,976,0,64,64,0,25,-194,0,0,100,0,832,0,144,160,0,38,-221,0,0,100,0,1040,0,112,48,0,0,-256,0,0,100,0,0,1024,192,256,0,
0,20,0,-256,0,0,100,0,192,1024,192,256,0,131,-121,0,1,80,0,400,0,16,16,0,88,-167,0,1,70,0,400,0,16,16,0,77,-161,0,1,20,0,400,0,16,16,0,54,-141,0,1,45,0,320,0,80,48,0,119,-172,0,0,40,0,288,272,16,16,0,99,-171,0,0,100,0,368,240,32,48,0,101,-169,0,0,70,0,288,272,16,16,0,83,-171,0,0,80,0,336,240,32,48,0,54,-144,0,0,100,0,720,368,48,48,0,65,-121,0,0,100,0,160,64,32,16,0,80,-137,0,0,100,0,704,208,48,32,0,89,-124,0,0,100,0,160,64,32,16,0,77,-105,0,1,60,0,416,48,48,32,0,72,-110,0,1,20,0,144,0,64,64,0,108,-100,0,0,100,0,224,48,16,16,0,72,-110,0,0,100,0,976,0,64,64,0,25,-194,0,0,100,0,832,0,144,160,0,38,-221,0,0,100,0,1040,0,112,48,0,0,-256,0,0,100,0,0,1024,192,256,0,
0,21,0,-256,0,0,100,0,192,1024,192,256,0,131,-121,0,1,60,0,400,0,16,16,0,88,-167,0,1,40,0,400,0,16,16,0,77,-161,0,1,40,0,400,0,16,16,0,41,-189,0,1,30,0,400,0,16,16,0,54,-141,0,1,40,0,320,0,80,48,0,121,-175,0,0,20,0,288,272,16,16,0,99,-171,0,0,100,0,400,240,32,48,0,103,-172,0,0,40,0,288,272,16,16,0,83,-171,0,0,60,0,368,240,32,48,0,54,-144,0,0,100,0,720,368,48,48,0,65,-121,0,0,100,0,160,64,32,16,0,80,-137,0,0,100,0,704,208,48,32,0,89,-124,0,0,100,0,160,64,32,16,0,77,-105,0,1,50,0,464,48,48,32,0,72,-110,0,1,20,0,144,0,64,64,0,108,-100,0,0,100,0,224,48,16,16,0,72,-110,0,0,100,0,976,0,64,64,0,25,-194,0,0,100,0,832,0,144,160,0,38,-221,0,0,100,0,1040,0,112,48,0,0,-256,0,0,100,0,0,1024,192,256,0,
0,19,0,-256,0,0,100,0,192,1024,192,256,0,131,-121,0,1,80,0,400,0,16,16,0,88,-167,0,1,20,0,400,0,16,16,0,77,-161,0,1,60,0,400,0,16,16,0,41,-189,0,1,70,0,400,0,16,16,0,54,-141,0,1,35,0,320,0,80,48,0,99,-171,0,0,100,0,304,240,32,48,0,83,-171,0,0,30,0,400,240,32,48,0,54,-144,0,0,100,0,720,368,48,48,0,65,-121,0,0,100,0,160,64,32,16,0,80,-137,0,0,100,0,704,208,48,32,0,89,-124,0,0,100,0,160,64,32,16,0,77,-105,0,1,60,0,464,48,48,32,0,72,-110,0,1,20,0,144,0,64,64,0,108,-100,0,0,100,0,224,48,16,16,0,72,-110,0,0,100,0,976,0,64,64,0,25,-194,0,0,100,0,832,0,144,160,0,38,-221,0,0,100,0,1040,0,112,48,0,0,-256,0,0,100,0,0,1024,192,256,0,
0,22,0,-256,0,0,100,0,192,1024,192,256,0,131,-121,0,1,100,0,400,0,16,16,0,77,-161,0,1,80,0,400,0,16,16,0,41,-189,0,1,100,0,400,0,16,16,0,54,-141,0,1,30,0,320,0,80,48,0,117,-169,0,0,70,0,288,272,16,16,0,99,-171,0,0,100,0,336,240,32,48,0,54,-144,0,0,100,0,672,368,48,48,0,65,-121,0,0,100,0,160,64,32,16,0,80,-137,0,0,100,0,704,208,48,32,0,89,-124,0,0,100,0,160,64,32,16,0,77,-105,0,1,70,0,320,48,48,32,0,72,-110,0,1,20,0,144,0,64,64,0,108,-100,0,0,80,0,224,48,16,16,0,108,-100,0,0,100,0,208,48,16,16,0,72,-110,0,0,80,0,976,0,64,64,0,72,-110,0,0,100,0,144,0,64,64,0,25,-194,0,0,80,0,832,0,144,160,0,25,-194,0,0,100,0,0,0,144,160,0,38,-221,0,0,80,0,1040,0,112,48,0,38,-221,0,0,100,0,208,0,112,48,0,0,-256,0,0,100,0,0,1024,192,256,0,
0,22,0,-256,0,0,100,0,192,1024,192,256,0,131,-121,0,1,80,0,400,0,16,16,0,77,-161,0,1,100,0,400,0,16,16,0,41,-189,0,1,80,0,400,0,16,16,0,54,-141,0,1,25,0,320,0,80,48,0,119,-172,0,0,40,0,288,272,16,16,0,99,-171,0,0,100,0,368,240,32,48,0,54,-144,0,0,100,0,672,368,48,48,0,65,-121,0,0,100,0,160,64,32,16,0,80,-137,0,0,100,0,704,208,48,32,0,89,-124,0,0,100,0,160,64,32,16,0,77,-105,0,1,60,0,320,48,48,32,0,72,-110,0,1,20,0,144,0,64,64,0,108,-100,0,0,60,0,224,48,16,16,0,108,-100,0,0,100,0,208,48,16,16,0,72,-110,0,0,60,0,976,0,64,64,0,72,-110,0,0,100,0,144,0,64,64,0,25,-194,0,0,60,0,832,0,144,160,0,25,-194,0,0,100,0,0,0,144,160,0,38,-221,0,0,60,0,1040,0,112,48,0,38,-221,0,0,100,0,208,0,112,48,0,0,-256,0,0,100,0,0,1024,192,256,0,
0,22,0,-256,0,0,100,0,192,1024,192,256,0,131,-121,0,1,60,0,400,0,16,16,0,77,-161,0,1,80,0,400,0,16,16,0,41,-189,0,1,50,0,400,0,16,16,0,54,-141,0,1,30,0,320,0,80,48,0,121,-175,0,0,20,0,288,272,16,16,0,99,-171,0,0,100,0,400,240,32,48,0,54,-144,0,0,100,0,720,368,48,48,0,65,-121,0,0,100,0,160,64,32,16,0,80,-137,0,0,100,0,704,208,48,32,0,89,-124,0,0,100,0,160,64,32,16,0,77,-105,0,1,50,0,368,48,48,32,0,72,-110,0,1,20,0,144,0,64,64,0,108,-100,0,0,40,0,224,48,16,16,0,108,-100,0,0,100,0,208,48,16,16,0,72,-110,0,0,40,0,976,0,64,64,0,72,-110,0,0,100,0,144,0,64,64,0,25,-194,0,0,40,0,832,0,144,160,0,25,-194,0,0,100,0,0,0,144,160,0,38,-221,0,0,40,0,1040,0,112,48,0,38,-221,0,0,100,0,208,0,112,48,0,0,-256,0,0,100,0,0,1024,192,256,0,
0,22,0,-256,0,0,100,0,192,1024,192,256,0,131,-121,0,1,80,0,400,0,16,16,0,88,-167,0,1,60,0,400,0,16,16,0,77,-161,0,1,60,0,400,0,16,16,0,41,-189,0,1,20,0,400,0,16,16,0,54,-141,0,1,35,0,320,0,80,48,0,99,-171,0,0,100,0,304,240,32,48,0,54,-144,0,0,100,0,672,368,48,48,0,65,-121,0,0,100,0,160,64,32,16,0,80,-137,0,0,100,0,704,208,48,32,0,89,-124,0,0,100,0,160,64,32,16,0,77,-105,0,1,60,0,368,48,48,32,0,72,-110,0,1,20,0,144,0,64,64,0,108,-100,0,0,20,0,224,48,16,16,0,108,-100,0,0,100,0,208,48,16,16,0,72,-110,0,0,20,0,976,0,64,64,0,72,-110,0,0,100,0,144,0,64,64,0,25,-194,0,0,20,0,832,0,144,160,0,25,-194,0,0,100,0,0,0,144,160,0,38,-221,0,0,20,0,1040,0,112,48,0,38,-221,0,0,100,0,208,0,112,48,0,0,-256,0,0,100,0,0,1024,192,256,0,
0,18,0,-256,0,0,100,0,192,1024,192,256,0,131,-121,0,1,100,0,400,0,16,16,0,88,-167,0,1,100,0,400,0,16,16,0,77,-161,0,1,40,0,400,0,16,16,0,54,-141,0,1,40,0,320,0,80,48,0,117,-169,0,0,70,0,288,272,16,16,0,99,-171,0,0,100,0,336,240,32,48,0,54,-144,0,0,100,0,672,368,48,48,0,65,-121,0,0,100,0,160,64,32,16,0,80,-137,0,0,100,0,704,208,48,32,0,89,-124,0,0,100,0,160,64,32,16,0,77,-105,0,1,70,0,416,48,48,32,0,72,-110,0,1,20,0,144,0,64,64,0,108,-100,0,0,100,0,208,48,16,16,0,72,-110,0,0,100,0,144,0,64,64,0,25,-194,0,0,100,0,0,0,144,160,0,38,-221,0,0,100,0,208,0,112,48,0,0,-256,0,0,100,0,0,1024,192,256,0,
0,18,0,-256,0,0,100,0,192,1024,192,256,0,131,-121,0,1,80,0,400,0,16,16,0,88,-167,0,1,70,0,400,0,16,16,0,77,-161,0,1,20,0,400,0,16,16,0,54,-141,0,1,45,0,320,0,80,48,0,119,-172,0,0,40,0,288,272,16,16,0,99,-171,0,0,100,0,368,240,32,48,0,54,-144,0,0,100,0,624,368,48,48,0,65,-121,0,0,100,0,160,64,32,16,0,80,-137,0,0,100,0,704,208,48,32,0,89,-124,0,0,100,0,160,64,32,16,0,77,-105,0,1,60,0,416,48,48,32,0,72,-110,0,1,20,0,144,0,64,64,0,108,-100,0,0,100,0,208,48,16,16,0,72,-110,0,0,100,0,144,0,64,64,0,25,-194,0,0,100,0,0,0,144,160,0,38,-221,0,0,100,0,208,0,112,48,0,0,-256,0,0,100,0,0,1024,192,256,0,
0,19,0,-256,0,0,100,0,192,1024,192,256,0,131,-121,0,1,60,0,400,0,16,16,0,88,-167,0,1,40,0,400,0,16,16,0,77,-161,0,1,40,0,400,0,16,16,0,41,-189,0,1,30,0,400,0,16,16,0,54,-141,0,1,40,0,320,0,80,48,0,121,-175,0,0,20,0,288,272,16,16,0,99,-171,0,0,100,0,400,240,32,48,0,54,-144,0,0,100,0,576,368,48,48,0,65,-121,0,0,100,0,160,64,32,16,0,80,-137,0,0,100,0,704,208,48,32,0,89,-124,0,0,100,0,160,64,32,16,0,77,-105,0,1,50,0,464,48,48,32,0,72,-110,0,1,20,0,144,0,64,64,0,108,-100,0,0,100,0,208,48,16,16,0,72,-110,0,0,100,0,144,0,64,64,0,25,-194,0,0,100,0,0,0,144,160,0,38,-221,0,0,100,0,208,0,112,48,0,0,-256,0,0,100,0,0,1024,192,256,0,
0,18,0,-256,0,0,100,0,192,1024,192,256,0,131,-121,0,1,80,0,400,0,16,16,0,88,-167,0,1,20,0,400,0,16,16,0,77,-161,0,1,60,0,400,0,16,16,0,41,-189,0,1,70,0,400,0,16,16,0,54,-141,0,1,35,0,320,0,80,48,0,99,-171,0,0,100,0,304,240,32,48,0,54,-144,0,0,100,0,576,368,48,48,0,65,-121,0,0,100,0,160,64,32,16,0,80,-137,0,0,100,0,704,208,48,32,0,89,-124,0,0,100,0,160,64,32,16,0,77,-105,0,1,60,0,464,48,48,32,0,72,-110,0,1,20,0,144,0,64,64,0,108,-100,0,0,100,0,208,48,16,16,0,72,-110,0,0,100,0,144,0,64,64,0,25,-194,0,0,100,0,0,0,144,160,0,38,-221,0,0,100,0,208,0,112,48,0,0,-256,0,0,100,0,0,1024,192,256,0,
0,18,0,-256,0,0,100,0,192,1024,192,256,0,131,-121,0,1,100,0,400,0,16,16,0,77,-161,0,1,80,0,400,0,16,16,0,41,-189,0,1,100,0,400,0,16,16,0,54,-141,0,1,30,0,320,0,80,48,0,117,-169,0,0,70,0,288,272,16,16,0,99,-171,0,0,100,0,336,240,32,48,0,54,-144,0,0,100,0,576,368,48,48,0,65,-121,0,0,100,0,160,64,32,16,0,80,-137,0,0,100,0,704,208,48,32,0,89,-124,0,0,100,0,160,64,32,16,0,77,-105,0,1,70,0,320,48,48,32,0,72,-110,0,1,20,0,144,0,64,64,0,108,-100,0,0,100,0,208,48,16,16,0,72,-110,0,0,100,0,144,0,64,64,0,25,-194,0,0,100,0,0,0,144,160,0,38,-221,0,0,100,0,208,0,112,48,0,0,-256,0,0,100,0,0,1024,192,256,0,
0,21,0,-256,0,0,100,0,192,1024,192,256,0,131,-121,0,1,80,0,400,0,16,16,0,77,-161,0,1,100,0,400,0,16,16,0,41,-189,0,1,80,0,400,0,16,16,0,54,-141,0,1,25,0,320,0,80,48,0,81,-153,0,1,50,0,432,240,32,32,0,90,-145,0,0,100,0,320,288,16,16,0,81,-153,0,1,100,0,432,240,32,32,0,119,-172,0,0,40,0,288,272,16,16,0,99,-171,0,0,100,0,368,240,32,48,0,54,-144,0,0,100,0,624,368,48,48,0,65,-121,0,0,100,0,160,64,32,16,0,80,-137,0,0,100,0,704,208,48,32,0,89,-124,0,0,100,0,160,64,32,16,0,77,-105,0,1,60,0,320,48,48,32,0,72,-110,0,1,20,0,144,0,64,64,0,108,-100,0,0,100,0,208,48,16,16,0,72,-110,0,0,100,0,144,0,64,64,0,25,-194,0,0,100,0,0,0,144,160,0,38,-221,0,0,100,0,208,0,112,48,0,0,-256,0,0,100,0,0,1024,192,256,0,
0,21,0,-256,0,0,100,0,192,1024,192,256,0,131,-121,0,1,60,0,400,0,16,16,0,77,-161,0,1,80,0,400,0,16,16,0,41,-189,0,1,50,0,400,0,16,16,0,54,-141,0,1,30,0,320,0,80,48,0,81,-155,0,1,50,0,432,240,32,32,0,90,-147,0,0,100,0,320,288,16,16,0,81,-155,0,1,100,0,432,240,32,32,0,121,-175,0,0,20,0,288,272,16,16,0,99,-171,0,0,100,0,400,240,32,48,0,54,-144,0,0,100,0,576,368,48,48,0,65,-121,0,0,100,0,160,64,32,16,0,80,-137,0,0,100,0,704,208,48,32,0,89,-124,0,0,100,0,160,64,32,16,0,77,-105,0,1,50,0,368,48,48,32,0,72,-110,0,1,20,0,144,0,64,64,0,108,-100,0,0,100,0,208,48,16,16,0,72,-110,0,0,100,0,144,0,64,64,0,25,-194,0,0,100,0,0,0,144,160,0,38,-221,0,0,100,0,208,0,112,48,0,0,-256,0,0,100,0,0,1024,192,256,0,
0,24,0,-256,0,0,100,0,192,1024,192,256,0,131,-121,0,1,80,0,400,0,16,16,0,88,-167,0,1,60,0,400,0,16,16,0,77,-161,0,1,60,0,400,0,16,16,0,41,-189,0,1,20,0,400,0,16,16,0,54,-141,0,1,35,0,320,0,80,48,0,86,-147,0,1,50,0,432,240,32,32,0,95,-139,0,0,100,0,320,288,16,16,0,86,-147,0,1,100,0,432,240,32,32,0,81,-157,0,1,50,0,432,240,32,32,0,90,-149,0,0,70,0,320,288,16,16,0,81,-157,0,1,70,0,432,240,32,32,0,99,-171,0,0,100,0,304,240,32,48,0,54,-144,0,0,100,0,624,368,48,48,0,65,-121,0,0,100,0,160,64,32,16,0,80,-137,0,0,100,0,704,208,48,32,0,89,-124,0,0,100,0,160,64,32,16,0,77,-105,0,1,60,0,368,48,48,32,0,72,-110,0,1,20,0,144,0,64,64,0,108,-100,0,0,100,0,208,48,16,16,0,72,-110,0,0,100,0,144,0,64,64,0,25,-194,0,0,100,0,0,0,144,160,0,38,-221,0,0,100,0,208,0,112,48,0,0,-256,0,0,100,0,0,1024,192,256,0,
0,24,0,-256,0,0,100,0,192,1024,192,256,0,131,-121,0,1,100,0,400,0,16,16,0,88,-167,0,1,100,0,400,0,16,16,0,77,-161,0,1,40,0,400,0,16,16,0,54,-141,0,1,40,0,320,0,80,48,0,87,-149,0,1,50,0,432,240,32,32,0,96,-141,0,0,70,0,320,288,16,16,0,87,-149,0,1,70,0,432,240,32,32,0,81,-159,0,1,30,0,336,288,32,32,0,90,-151,0,0,30,0,320,288,16,16,0,81,-159,0,1,30,0,336,288,32,32,0,117,-169,0,0,70,0,288,272,16,16,0,99,-171,0,0,70,0,336,240,32,48,0,54,-144,0,0,100,0,576,368,48,48,0,65,-121,0,0,100,0,160,64,32,16,0,80,-137,0,0,100,0,704,208,48,32,0,89,-124,0,0,100,0,160,64,32,16,0,77,-105,0,1,70,0,416,48,48,32,0,72,-110,0,1,20,0,144,0,64,64,0,108,-100,0,0,100,0,208,48,16,16,0,72,-110,0,0,100,0,144,0,64,64,0,25,-194,0,0,100,0,0,0,144,160,0,38,-221,0,0,100,0,208,0,112,48,0,0,-256,0,0,100,0,0,1024,192,256,0,
0,21,0,-256,0,0,100,0,192,1024,192,256,0,131,-121,0,1,80,0,400,0,16,16,0,88,-167,0,1,70,0,400,0,16,16,0,77,-161,0,1,20,0,400,0,16,16,0,54,-141,0,1,45,0,320,0,80,48,0,88,-151,0,1,30,0,432,240,32,32,0,97,-143,0,0,30,0,320,288,16,16,0,88,-151,0,1,30,0,432,240,32,32,0,119,-172,0,0,40,0,288,272,16,16,0,99,-171,0,0,40,0,368,240,32,48,0,54,-144,0,0,100,0,576,368,48,48,0,65,-121,0,0,100,0,160,64,32,16,0,80,-137,0,0,100,0,704,208,48,32,0,89,-124,0,0,100,0,160,64,32,16,0,77,-105,0,1,60,0,416,48,48,32,0,72,-110,0,1,20,0,144,0,64,64,0,108,-100,0,0,100,0,208,48,16,16,0,72,-110,0,0,100,0,144,0,64,64,0,25,-194,0,0,100,0,0,0,144,160,0,38,-221,0,0,100,0,208,0,112,48,0,0,-256,0,0,100,0,0,1024,192,256,0,
0,19,0,-256,0,0,100,0,192,1024,192,256,0,131,-121,0,1,60,0,400,0,16,16,0,88,-167,0,1,40,0,400,0,16,16,0,77,-161,0,1,40,0,400,0,16,16,0,41,-189,0,1,30,0,400,0,16,16,0,54,-141,0,1,40,0,320,0,80,48,0,121,-175,0,0,20,0,288,272,16,16,0,99,-171,0,0,20,0,400,240,32,48,0,54,-144,0,0,100,0,576,368,48,48,0,65,-121,0,0,100,0,160,64,32,16,0,80,-137,0,0,100,0,704,208,48,32,0,89,-124,0,0,100,0,160,64,32,16,0,77,-105,0,1,50,0,464,48,48,32,0,72,-110,0,1,20,0,144,0,64,64,0,108,-100,0,0,100,0,208,48,16,16,0,72,-110,0,0,100,0,144,0,64,64,0,25,-194,0,0,100,0,0,0,144,160,0,38,-221,0,0,100,0,208,0,112,48,0,0,-256,0,0,100,0,0,1024,192,256,0,
0,17,0,-256,0,0,100,0,192,1024,192,256,0,131,-121,0,1,80,0,400,0,16,16,0,88,-167,0,1,20,0,400,0,16,16,0,77,-161,0,1,60,0,400,0,16,16,0,41,-189,0,1,70,0,400,0,16,16,0,54,-141,0,1,35,0,320,0,80,48,0,54,-144,0,0,100,0,576,368,48,48,0,65,-121,0,0,100,0,160,64,32,16,0,80,-137,0,0,100,0,704,208,48,32,0,89,-124,0,0,100,0,160,64,32,16,0,77,-105,0,1,60,0,464,48,48,32,0,72,-110,0,1,20,0,144,0,64,64,0,108,-100,0,0,100,0,208,48,16,16,0,72,-110,0,0,100,0,144,0,64,64,0,25,-194,0,0,100,0,0,0,144,160,0,38,-221,0,0,100,0,208,0,112,48,0,0,-256,0,0,100,0,0,1024,192,256,0,
0,16,0,-256,0,0,100,0,192,1024,192,256,0,131,-121,0,1,100,0,400,0,16,16,0,77,-161,0,1,80,0,400,0,16,16,0,41,-189,0,1,100,0,400,0,16,16,0,54,-141,0,1,30,0,320,0,80,48,0,54,-144,0,0,100,0,576,368,48,48,0,65,-121,0,0,100,0,160,64,32,16,0,80,-137,0,0,100,0,752,208,48,32,0,89,-124,0,0,100,0,160,64,32,16,0,77,-105,0,1,70,0,320,48,48,32,0,72,-110,0,1,20,0,144,0,64,64,0,108,-100,0,0,100,0,208,48,16,16,0,72,-110,0,0,100,0,144,0,64,64,0,25,-194,0,0,100,0,0,0,144,160,0,38,-221,0,0,100,0,208,0,112,48,0,0,-256,0,0,100,0,0,1024,192,256,0,
0,16,0,-256,0,0,100,0,192,1024,192,256,0,131,-121,0,1,80,0,400,0,16,16,0,77,-161,0,1,100,0,400,0,16,16,0,41,-189,0,1,80,0,400,0,16,16,0,54,-141,0,1,25,0,320,0,80,48,0,54,-144,0,0,100,0,576,368,48,48,0,65,-121,0,0,100,0,160,64,32,16,0,80,-137,0,0,100,0,752,208,48,32,0,89,-124,0,0,100,0,160,64,32,16,0,77,-105,0,1,60,0,320,48,48,32,0,72,-110,0,1,20,0,144,0,64,64,0,108,-100,0,0,100,0,208,48,16,16,0,72,-110,0,0,100,0,144,0,64,64,0,25,-194,0,0,100,0,0,0,144,160,0,38,-221,0,0,100,0,208,0,112,48,0,0,-256,0,0,100,0,0,1024,192,256,0,
0,16,0,-256,0,0,100,0,192,1024,192,256,0,131,-121,0,1,60,0,400,0,16,16,0,77,-161,0,1,80,0,400,0,16,16,0,41,-189,0,1,50,0,400,0,16,16,0,54,-141,0,1,30,0,320,0,80,48,0,54,-169,1,0,100,0,288,304,48,64,0,65,-121,0,0,100,0,160,64,32,16,0,91,-151,0,0,100,0,800,192,32,48,0,91,-124,0,0,100,0,160,64,32,16,0,77,-105,0,1,50,0,368,48,48,32,0,72,-110,0,1,20,0,144,0,64,64,0,108,-100,0,0,100,0,208,48,16,16,0,72,-110,0,0,100,0,144,0,64,64,0,25,-194,0,0,100,0,0,0,144,160,0,38,-221,0,0,100,0,208,0,112,48,0,0,-256,0,0,100,0,0,1024,192,256,0,
0,17,0,-256,0,0,100,0,192,1024,192,256,0,131,-121,0,1,80,0,400,0,16,16,0,88,-167,0,1,60,0,400,0,16,16,0,77,-161,0,1,60,0,400,0,16,16,0,41,-189,0,1,20,0,400,0,16,16,0,54,-141,0,1,35,0,320,0,80,48,0,54,-174,1,0,100,0,336,304,48,64,0,65,-121,0,0,100,0,160,64,32,16,0,91,-151,0,0,100,0,288,192,32,48,0,91,-124,0,0,100,0,160,64,32,16,0,77,-105,0,1,60,0,368,48,48,32,0,72,-110,0,1,20,0,144,0,64,64,0,108,-100,0,0,100,0,208,48,16,16,0,72,-110,0,0,100,0,144,0,64,64,0,25,-194,0,0,100,0,0,0,144,160,0,38,-221,0,0,100,0,208,0,112,48,0,0,-256,0,0,100,0,0,1024,192,256,0,
0,16,0,-256,0,0,100,0,192,1024,192,256,0,131,-121,0,1,100,0,400,0,16,16,0,88,-167,0,1,100,0,400,0,16,16,0,77,-161,0,1,40,0,400,0,16,16,0,54,-141,0,1,40,0,320,0,80,48,0,54,-174,1,0,100,0,192,304,48,64,0,65,-121,0,0,100,0,160,64,32,16,0,91,-151,0,0,100,0,288,192,32,48,0,91,-124,0,0,100,0,160,64,32,16,0,77,-105,0,1,70,0,416,48,48,32,0,72,-110,0,1,20,0,144,0,64,64,0,108,-100,0,0,100,0,208,48,16,16,0,72,-110,0,0,100,0,144,0,64,64,0,25,-194,0,0,100,0,0,0,144,160,0,38,-221,0,0,100,0,208,0,112,48,0,0,-256,0,0,100,0,0,1024,192,256,0,
0,16,0,-256,0,0,100,0,192,1024,192,256,0,131,-121,0,1,80,0,400,0,16,16,0,88,-167,0,1,70,0,400,0,16,16,0,77,-161,0,1,20,0,400,0,16,16,0,54,-141,0,1,45,0,320,0,80,48,0,54,-174,1,0,100,0,240,304,48,64,0,65,-121,0,0,100,0,160,64,32,16,0,91,-151,0,0,100,0,288,192,32,48,0,91,-124,0,0,100,0,160,64,32,16,0,77,-105,0,1,60,0,416,48,48,32,0,72,-110,0,1,20,0,144,0,64,64,0,108,-100,0,0,100,0,208,48,16,16,0,72,-110,0,0,100,0,144,0,64,64,0,25,-194,0,0,100,0,0,0,144,160,0,38,-221,0,0,100,0,208,0,112,48,0,0,-256,0,0,100,0,0,1024,192,256,0,
0,17,0,-256,0,0,100,0,192,1024,192,256,0,131,-121,0,1,60,0,400,0,16,16,0,88,-167,0,1,40,0,400,0,16,16,0,77,-161,0,1,40,0,400,0,16,16,0,41,-189,0,1,30,0,400,0,16,16,0,54,-141,0,1,40,0,320,0,80,48,0,54,-174,1,0,100,0,288,304,48,64,0,65,-121,0,0,100,0,160,64,32,16,0,91,-151,0,0,100,0,288,192,32,48,0,91,-124,0,0,100,0,160,64,32,16,0,77,-105,0,1,50,0,464,48,48,32,0,72,-110,0,1,20,0,144,0,64,64,0,108,-100,0,0,100,0,208,48,16,16,0,72,-110,0,0,100,0,144,0,64,64,0,25,-194,0,0,100,0,0,0,144,160,0,38,-221,0,0,100,0,208,0,112,48,0,0,-256,0,0,100,0,0,1024,192,256,0,
0,17,0,-256,0,0,100,0,192,1024,192,256,0,131,-121,0,1,80,0,400,0,16,16,0,88,-167,0,1,20,0,400,0,16,16,0,77,-161,0,1,60,0,400,0,16,16,0,41,-189,0,1,70,0,400,0,16,16,0,54,-141,0,1,35,0,320,0,80,48,0,54,-174,1,0,100,0,336,304,48,64,0,65,-121,0,0,100,0,160,64,32,16,0,91,-151,0,0,100,0,288,192,32,48,0,91,-124,0,0,100,0,160,64,32,16,0,77,-105,0,1,60,0,464,48,48,32,0,72,-110,0,1,20,0,144,0,64,64,0,108,-100,0,0,100,0,208,48,16,16,0,72,-110,0,0,100,0,144,0,64,64,0,25,-194,0,0,100,0,0,0,144,160,0,38,-221,0,0,100,0,208,0,112,48,0,0,-256,0,0,100,0,0,1024,192,256,0,
0,16,0,-256,0,0,100,0,192,1024,192,256,0,131,-121,0,1,100,0,400,0,16,16,0,77,-161,0,1,80,0,400,0,16,16,0,41,-189,0,1,100,0,400,0,16,16,0,54,-141,0,1,30,0,320,0,80,48,0,54,-174,1,0,100,0,192,304,48,64,0,65,-121,0,0,100,0,160,64,32,16,0,93,-152,0,0,100,0,160,192,32,48,0,91,-124,0,0,100,0,160,64,32,16,0,77,-105,0,1,70,0,320,48,48,32,0,72,-110,0,1,20,0,144,0,64,64,0,108,-100,0,0,100,0,208,48,16,16,0,72,-110,0,0,100,0,144,0,64,64,0,25,-194,0,0,100,0,0,0,144,160,0,38,-221,0,0,100,0,208,0,112,48,0,0,-256,0,0,100,0,0,1024,192,256,0,
0,16,0,-256,0,0,100,0,192,1024,192,256,0,131,-121,0,1,80,0,400,0,16,16,0,77,-161,0,1,100,0,400,0,16,16,0,41,-189,0,1,80,0,400,0,16,16,0,54,-141,0,1,25,0,320,0,80,48,0,54,-174,1,0,100,0,240,304,48,64,0,65,-121,0,0,100,0,160,64,32,16,0,93,-152,0,0,100,0,832,192,32,48,0,92,-124,0,0,100,0,160,64,32,16,0,77,-105,0,1,60,0,320,48,48,32,0,72,-110,0,1,20,0,144,0,64,64,0,108,-100,0,0,100,0,208,48,16,16,0,72,-110,0,0,100,0,144,0,64,64,0,25,-194,0,0,100,0,0,0,144,160,0,38,-221,0,0,100,0,208,0,112,48,0,0,-256,0,0,100,0,0,1024,192,256,0,
0,16,0,-256,0,0,100,0,192,1024,192,256,0,131,-121,0,1,60,0,400,0,16,16,0,77,-161,0,1,80,0,400,0,16,16,0,41,-189,0,1,50,0,400,0,16,16,0,54,-141,0,1,30,0,320,0,80,48,0,54,-174,1,0,100,0,288,304,48,64,0,65,-121,0,0,100,0,160,64,32,16,0,93,-152,0,0,100,0,864,192,32,48,0,92,-124,0,0,100,0,160,64,32,16,0,77,-105,0,1,50,0,368,48,48,32,0,72,-110,0,1,20,0,144,0,64,64,0,108,-100,0,0,100,0,208,48,16,16,0,72,-110,0,0,100,0,144,0,64,64,0,25,-194,0,0,100,0,0,0,144,160,0,38,-221,0,0,100,0,208,0,112,48,0,0,-256,0,0,100,0,0,1024,192,256,0,
0,17,0,-256,0,0,100,0,192,1024,192,256,0,131,-121,0,1,80,0,400,0,16,16,0,88,-167,0,1,60,0,400,0,16,16,0,77,-161,0,1,60,0,400,0,16,16,0,41,-189,0,1,20,0,400,0,16,16,0,54,-141,0,1,35,0,320,0,80,48,0,54,-174,1,0,100,0,336,304,48,64,0,65,-121,0,0,100,0,160,64,32,16,0,93,-152,0,0,100,0,864,192,32,48,0,92,-124,0,0,100,0,160,64,32,16,0,77,-105,0,1,60,0,368,48,48,32,0,72,-110,0,1,20,0,144,0,64,64,0,108,-100,0,0,100,0,208,48,16,16,0,72,-110,0,0,100,0,144,0,64,64,0,25,-194,0,0,100,0,0,0,144,160,0,38,-221,0,0,100,0,208,0,112,48,0,0,-256,0,0,100,0,0,1024,192,256,0,
0,16,0,-256,0,0,100,0,192,1024,192,256,0,131,-121,0,1,100,0,400,0,16,16,0,88,-167,0,1,100,0,400,0,16,16,0,77,-161,0,1,40,0,400,0,16,16,0,54,-141,0,1,40,0,320,0,80,48,0,54,-174,1,0,100,0,192,304,48,64,0,65,-121,0,0,100,0,160,64,32,16,0,93,-152,0,0,100,0,864,192,32,48,0,92,-124,0,0,100,0,160,64,32,16,0,77,-105,0,1,70,0,416,48,48,32,0,72,-110,0,1,20,0,144,0,64,64,0,108,-100,0,0,100,0,208,48,16,16,0,72,-110,0,0,100,0,144,0,64,64,0,25,-194,0,0,100,0,0,0,144,160,0,38,-221,0,0,100,0,208,0,112,48,0,0,-256,0,0,100,0,0,1024,192,256,0,
0,16,0,-256,0,0,100,0,192,1024,192,256,0,131,-121,0,1,80,0,400,0,16,16,0,88,-167,0,1,70,0,400,0,16,16,0,77,-161,0,1,20,0,400,0,16,16,0,54,-141,0,1,45,0,320,0,80,48,0,54,-174,1,0,100,0,240,304,48,64,0,65,-121,0,0,100,0,160,64,32,16,0,93,-152,0,0,100,0,864,192,32,48,0,92,-124,0,0,100,0,160,64,32,16,0,77,-105,0,1,60,0,416,48,48,32,0,72,-110,0,1,20,0,144,0,64,64,0,108,-100,0,0,100,0,208,48,16,16,0,72,-110,0,0,100,0,144,0,64,64,0,25,-194,0,0,100,0,0,0,144,160,0,38,-221,0,0,100,0,208,0,112,48,0,0,-256,0,0,100,0,0,1024,192,256,0,
0,17,0,-256,0,0,100,0,192,1024,192,256,0,131,-121,0,1,60,0,400,0,16,16,0,88,-167,0,1,40,0,400,0,16,16,0,77,-161,0,1,40,0,400,0,16,16,0,41,-189,0,1,30,0,400,0,16,16,0,54,-141,0,1,40,0,320,0,80,48,0,54,-174,1,0,100,0,288,304,48,64,0,65,-121,0,0,100,0,160,64,32,16,0,93,-152,0,0,100,0,832,192,32,48,0,92,-124,0,0,100,0,160,64,32,16,0,77,-105,0,1,50,0,464,48,48,32,0,72,-110,0,1,20,0,144,0,64,64,0,108,-100,0,0,100,0,208,48,16,16,0,72,-110,0,0,100,0,144,0,64,64,0,25,-194,0,0,100,0,0,0,144,160,0,38,-221,0,0,100,0,208,0,112,48,0,0,-256,0,0,100,0,0,1024,192,256,0,
0,17,0,-256,0,0,100,0,192,1024,192,256,0,131,-121,0,1,80,0,400,0,16,16,0,88,-167,0,1,20,0,400,0,16,16,0,77,-161,0,1,60,0,400,0,16,16,0,41,-189,0,1,70,0,400,0,16,16,0,54,-141,0,1,35,0,320,0,80,48,0,54,-174,1,0,100,0,336,304,48,64,0,65,-121,0,0,100,0,160,64,32,16,0,93,-152,0,0,100,0,160,192,32,48,0,91,-124,0,0,100,0,160,64,32,16,0,77,-105,0,1,60,0,464,48,48,32,0,72,-110,0,1,20,0,144,0,64,64,0,108,-100,0,0,100,0,208,48,16,16,0,72,-110,0,0,100,0,144,0,64,64,0,25,-194,0,0,100,0,0,0,144,160,0,38,-221,0,0,100,0,208,0,112,48,0,0,-256,0,0,100,0,0,1024,192,256,0,
0,16,0,-256,0,0,100,0,192,1024,192,256,0,131,-121,0,1,100,0,400,0,16,16,0,77,-161,0,1,80,0,400,0,16,16,0,41,-189,0,1,100,0,400,0,16,16,0,54,-141,0,1,30,0,320,0,80,48,0,93,-151,0,0,100,0,0,192,32,48,0,89,-123,0,0,100,0,160,64,32,16,0,54,-174,1,0,100,0,192,304,48,64,0,65,-121,0,0,100,0,160,64,32,16,0,77,-105,0,1,70,0,320,48,48,32,0,72,-110,0,1,20,0,144,0,64,64,0,108,-100,0,0,100,0,208,48,16,16,0,72,-110,0,0,100,0,144,0,64,64,0,25,-194,0,0,100,0,0,0,144,160,0,38,-221,0,0,100,0,208,0,112,48,0,0,-256,0,0,100,0,0,1024,192,256,0,
0,16,0,-256,0,0,100,0,192,1024,192,256,0,131,-121,0,1,80,0,400,0,16,16,0,77,-161,0,1,100,0,400,0,16,16,0,41,-189,0,1,80,0,400,0,16,16,0,54,-141,0,1,25,0,320,0,80,48,0,91,-150,0,0,100,0,32,192,32,48,0,87,-122,0,0,100,0,160,64,32,16,0,54,-174,1,0,100,0,240,304,48,64,0,65,-121,0,0,100,0,160,64,32,16,0,77,-105,0,1,60,0,320,48,48,32,0,72,-110,0,1,20,0,144,0,64,64,0,108,-100,0,0,100,0,208,48,16,16,0,72,-110,0,0,100,0,144,0,64,64,0,25,-194,0,0,100,0,0,0,144,160,0,38,-221,0,0,100,0,208,0,112,48,0,0,-256,0,0,100,0,0,1024,192,256,0,
0,16,0,-256,0,0,100,0,192,1024,192,256,0,131,-121,0,1,60,0,400,0,16,16,0,77,-161,0,1,80,0,400,0,16,16,0,41,-189,0,1,50,0,400,0,16,16,0,54,-141,0,1,30,0,320,0,80,48,0,89,-149,0,0,100,0,64,192,32,48,0,85,-121,0,0,100,0,160,64,32,16,0,54,-174,1,0,100,0,288,304,48,64,0,65,-121,0,0,100,0,160,64,32,16,0,77,-105,0,1,50,0,368,48,48,32,0,72,-110,0,1,20,0,144,0,64,64,0,108,-100,0,0,100,0,208,48,16,16,0,72,-110,0,0,100,0,144,0,64,64,0,25,-194,0,0,100,0,0,0,144,160,0,38,-221,0,0,100,0,208,0,112,48,0,0,-256,0,0,100,0,0,1024,192,256,0,
0,17,0,-256,0,0,100,0,192,1024,192,256,0,131,-121,0,1,80,0,400,0,16,16,0,88,-167,0,1,60,0,400,0,16,16,0,77,-161,0,1,60,0,400,0,16,16,0,41,-189,0,1,20,0,400,0,16,16,0,54,-141,0,1,35,0,320,0,80,48,0,87,-148,0,0,100,0,96,192,32,48,0,83,-120,0,0,100,0,160,64,32,16,0,54,-174,1,0,100,0,336,304,48,64,0,65,-121,0,0,100,0,160,64,32,16,0,77,-105,0,1,60,0,368,48,48,32,0,72,-110,0,1,20,0,144,0,64,64,0,108,-100,0,0,100,0,208,48,16,16,0,72,-110,0,0,100,0,144,0,64,64,0,25,-194,0,0,100,0,0,0,144,160,0,38,-221,0,0,100,0,208,0,112,48,0,0,-256,0,0,100,0,0,1024,192,256,0,
0,16,0,-256,0,0,100,0,192,1024,192,256,0,131,-121,0,1,100,0,400,0,16,16,0,88,-167,0,1,100,0,400,0,16,16,0,77,-161,0,1,40,0,400,0,16,16,0,54,-141,0,1,40,0,320,0,80,48,0,85,-147,0,0,100,0,0,192,32,48,0,81,-119,0,0,100,0,160,64,32,16,0,54,-174,1,0,100,0,192,304,48,64,0,65,-121,0,0,100,0,160,64,32,16,0,77,-105,0,1,70,0,416,48,48,32,0,72,-110,0,1,20,0,144,0,64,64,0,108,-100,0,0,100,0,208,48,16,16,0,72,-110,0,0,100,0,144,0,64,64,0,25,-194,0,0,100,0,0,0,144,160,0,38,-221,0,0,100,0,208,0,112,48,0,0,-256,0,0,100,0,0,1024,192,256,0,
0,16,0,-256,0,0,100,0,192,1024,192,256,0,131,-121,0,1,80,0,400,0,16,16,0,88,-167,0,1,70,0,400,0,16,16,0,77,-161,0,1,20,0,400,0,16,16,0,54,-141,0,1,45,0,320,0,80,48,0,83,-146,0,0,100,0,32,192,32,48,0,79,-118,0,0,100,0,160,64,32,16,0,60,-174,0,0,100,0,192,304,48,64,0,65,-121,0,0,100,0,160,64,32,16,0,77,-105,0,1,60,0,416,48,48,32,0,72,-110,0,1,20,0,144,0,64,64,0,108,-100,0,0,100,0,208,48,16,16,0,72,-110,0,0,100,0,144,0,64,64,0,25,-194,0,0,100,0,0,0,144,160,0,38,-221,0,0,100,0,208,0,112,48,0,0,-256,0,0,100,0,0,1024,192,256,0,
0,17,0,-256,0,0,100,0,192,1024,192,256,0,131,-121,0,1,60,0,400,0,16,16,0,88,-167,0,1,40,0,400,0,16,16,0,77,-161,0,1,40,0,400,0,16,16,0,41,-189,0,1,30,0,400,0,16,16,0,54,-141,0,1,40,0,320,0,80,48,0,81,-145,0,0,100,0,64,192,32,48,0,77,-117,0,0,100,0,160,64,32,16,0,58,-173,0,0,100,0,240,304,48,64,0,63,-120,0,0,100,0,160,64,32,16,0,77,-105,0,1,50,0,464,48,48,32,0,72,-110,0,1,20,0,144,0,64,64,0,108,-100,0,0,100,0,208,48,16,16,0,72,-110,0,0,100,0,144,0,64,64,0,25,-194,0,0,100,0,0,0,144,160,0,38,-221,0,0,100,0,208,0,112,48,0,0,-256,0,0,100,0,0,1024,192,256,0,
0,17,0,-256,0,0,100,0,192,1024,192,256,0,131,-121,0,1,80,0,400,0,16,16,0,88,-167,0,1,20,0,400,0,16,16,0,77,-161,0,1,60,0,400,0,16,16,0,41,-189,0,1,70,0,400,0,16,16,0,54,-141,0,1,35,0,320,0,80,48,0,79,-144,0,0,100,0,96,192,32,48,0,75,-116,0,0,100,0,160,64,32,16,0,56,-172,0,0,100,0,288,304,48,64,0,61,-119,0,0,100,0,160,64,32,16,0,77,-105,0,1,60,0,464,48,48,32,0,72,-110,0,1,20,0,144,0,64,64,0,108,-100,0,0,100,0,208,48,16,16,0,72,-110,0,0,100,0,144,0,64,64,0,25,-194,0,0,100,0,0,0,144,160,0,38,-221,0,0,100,0,208,0,112,48,0,0,-256,0,0,100,0,0,1024,192,256,0,
0,16,0,-256,0,0,100,0,192,1024,192,256,0,131,-121,0,1,100,0,400,0,16,16,0,77,-161,0,1,80,0,400,0,16,16,0,41,-189,0,1,100,0,400,0,16,16,0,54,-141,0,1,30,0,320,0,80,48,0,77,-143,0,0,100,0,0,192,32,48,0,73,-115,0,0,100,0,160,64,32,16,0,54,-171,0,0,100,0,336,304,48,64,0,59,-118,0,0,100,0,160,64,32,16,0,77,-105,0,1,70,0,320,48,48,32,0,72,-110,0,1,20,0,144,0,64,64,0,108,-100,0,0,100,0,208,48,16,16,0,72,-110,0,0,100,0,144,0,64,64,0,25,-194,0,0,100,0,0,0,144,160,0,38,-221,0,0,100,0,208,0,112,48,0,0,-256,0,0,100,0,0,1024,192,256,0,
0,16,0,-256,0,0,100,0,192,1024,192,256,0,131,-121,0,1,80,0,400,0,16,16,0,77,-161,0,1,100,0,400,0,16,16,0,41,-189,0,1,80,0,400,0,16,16,0,54,-141,0,1,25,0,320,0,80,48,0,75,-142,0,0,100,0,32,192,32,48,0,71,-114,0,0,100,0,160,64,32,16,0,52,-170,0,0,100,0,192,304,48,64,0,57,-117,0,0,100,0,160,64,32,16,0,77,-105,0,1,60,0,320,48,48,32,0,72,-110,0,1,20,0,144,0,64,64,0,108,-100,0,0,100,0,208,48,16,16,0,72,-110,0,0,100,0,144,0,64,64,0,25,-194,0,0,100,0,0,0,144,160,0,38,-221,0,0,100,0,208,0,112,48,0,0,-256,0,0,100,0,0,1024,192,256,0,
0,16,0,-256,0,0,100,0,192,1024,192,256,0,131,-121,0,1,60,0,400,0,16,16,0,77,-161,0,1,80,0,400,0,16,16,0,41,-189,0,1,50,0,400,0,16,16,0,54,-141,0,1,30,0,320,0,80,48,0,73,-141,0,0,100,0,64,192,32,48,0,69,-113,0,0,100,0,160,64,32,16,0,50,-169,0,0,100,0,240,304,48,64,0,55,-116,0,0,100,0,160,64,32,16,0,77,-105,0,1,50,0,368,48,48,32,0,72,-110,0,1,20,0,144,0,64,64,0,108,-100,0,0,100,0,208,48,16,16,0,72,-110,0,0,100,0,144,0,64,64,0,25,-194,0,0,100,0,0,0,144,160,0,38,-221,0,0,100,0,208,0,112,48,0,0,-256,0,0,100,0,0,1024,192,256,0,
0,17,0,-256,0,0,100,0,192,1024,192,256,0,131,-121,0,1,80,0,400,0,16,16,0,88,-167,0,1,60,0,400,0,16,16,0,77,-161,0,1,60,0,400,0,16,16,0,41,-189,0,1,20,0,400,0,16,16,0,54,-141,0,1,35,0,320,0,80,48,0,71,-140,0,0,100,0,96,192,32,48,0,67,-112,0,0,100,0,160,64,32,16,0,48,-168,0,0,100,0,288,304,48,64,0,53,-115,0,0,100,0,160,64,32,16,0,77,-105,0,1,60,0,368,48,48,32,0,72,-110,0,1,20,0,144,0,64,64,0,108,-100,0,0,100,0,208,48,16,16,0,72,-110,0,0,100,0,144,0,64,64,0,25,-194,0,0,100,0,0,0,144,160,0,38,-221,0,0,100,0,208,0,112,48,0,0,-256,0,0,100,0,0,1024,192,256,0,
0,16,0,-256,0,0,100,0,192,1024,192,256,0,131,-121,0,1,100,0,400,0,16,16,0,88,-167,0,1,100,0,400,0,16,16,0,77,-161,0,1,40,0,400,0,16,16,0,54,-141,0,1,40,0,320,0,80,48,0,69,-139,0,0,100,0,0,192,32,48,0,65,-111,0,0,100,0,160,64,32,16,0,46,-167,0,0,100,0,336,304,48,64,0,51,-114,0,0,100,0,160,64,32,16,0,77,-105,0,1,70,0,416,48,48,32,0,72,-110,0,1,20,0,144,0,64,64,0,108,-100,0,0,100,0,208,48,16,16,0,72,-110,0,0,100,0,144,0,64,64,0,25,-194,0,0,100,0,0,0,144,160,0,38,-221,0,0,100,0,208,0,112,48,0,0,-256,0,0,100,0,0,1024,192,256,0,
0,16,0,-256,0,0,100,0,192,1024,192,256,0,131,-121,0,1,80,0,400,0,16,16,0,88,-167,0,1,70,0,400,0,16,16,0,77,-161,0,1,20,0,400,0,16,16,0,54,-141,0,1,45,0,320,0,80,48,0,67,-138,0,0,100,0,32,192,32,48,0,63,-110,0,0,100,0,160,64,32,16,0,44,-166,0,0,100,0,192,304,48,64,0,49,-113,0,0,100,0,160,64,32,16,0,77,-105,0,1,60,0,416,48,48,32,0,72,-110,0,1,20,0,144,0,64,64,0,108,-100,0,0,100,0,208,48,16,16,0,72,-110,0,0,100,0,144,0,64,64,0,25,-194,0,0,100,0,0,0,144,160,0,38,-221,0,0,100,0,208,0,112,48,0,0,-256,0,0,100,0,0,1024,192,256,0,
0,17,0,-256,0,0,100,0,192,1024,192,256,0,131,-121,0,1,60,0,400,0,16,16,0,88,-167,0,1,40,0,400,0,16,16,0,77,-161,0,1,40,0,400,0,16,16,0,41,-189,0,1,30,0,400,0,16,16,0,54,-141,0,1,40,0,320,0,80,48,0,65,-137,0,0,100,0,64,192,32,48,0,61,-109,0,0,100,0,160,64,32,16,0,42,-165,0,0,100,0,240,304,48,64,0,47,-112,0,0,100,0,160,64,32,16,0,77,-105,0,1,50,0,464,48,48,32,0,72,-110,0,1,20,0,144,0,64,64,0,108,-100,0,0,100,0,208,48,16,16,0,72,-110,0,0,100,0,144,0,64,64,0,25,-194,0,0,100,0,0,0,144,160,0,38,-221,0,0,100,0,208,0,112,48,0,0,-256,0,0,100,0,0,1024,192,256,0,
0,17,0,-256,0,0,100,0,192,1024,192,256,0,131,-121,0,1,80,0,400,0,16,16,0,88,-167,0,1,20,0,400,0,16,16,0,77,-161,0,1,60,0,400,0,16,16,0,41,-189,0,1,70,0,400,0,16,16,0,54,-141,0,1,35,0,320,0,80,48,0,63,-136,0,0,100,0,96,192,32,48,0,59,-108,0,0,100,0,160,64,32,16,0,40,-164,0,0,100,0,288,304,48,64,0,45,-111,0,0,100,0,160,64,32,16,0,77,-105,0,1,60,0,464,48,48,32,0,72,-110,0,1,20,0,144,0,64,64,0,108,-100,0,0,100,0,208,48,16,16,0,72,-110,0,0,100,0,144,0,64,64,0,25,-194,0,0,100,0,0,0,144,160,0,38,-221,0,0,100,0,208,0,112,48,0,0,-256,0,0,100,0,0,1024,192,256,0,
0,16,0,-256,0,0,100,0,192,1024,192,256,0,131,-121,0,1,100,0,400,0,16,16,0,77,-161,0,1,80,0,400,0,16,16,0,41,-189,0,1,100,0,400,0,16,16,0,54,-141,0,1,30,0,320,0,80,48,0,61,-135,0,0,100,0,0,192,32,48,0,57,-107,0,0,100,0,160,64,32,16,0,38,-163,0,0,80,0,336,304,48,64,0,43,-110,0,0,80,0,160,64,32,16,0,77,-105,0,1,70,0,320,48,48,32,0,72,-110,0,1,20,0,144,0,64,64,0,108,-100,0,0,100,0,208,48,16,16,0,72,-110,0,0,100,0,144,0,64,64,0,25,-194,0,0,100,0,0,0,144,160,0,38,-221,0,0,100,0,208,0,112,48,0,0,-256,0,0,100,0,0,1024,192,256,0,
0,16,0,-256,0,0,100,0,192,1024,192,256,0,131,-121,0,1,80,0,400,0,16,16,0,77,-161,0,1,100,0,400,0,16,16,0,41,-189,0,1,80,0,400,0,16,16,0,54,-141,0,1,25,0,320,0,80,48,0,59,-134,0,0,100,0,32,192,32,48,0,55,-106,0,0,100,0,160,64,32,16,0,36,-162,0,0,60,0,192,304,48,64,0,41,-109,0,0,60,0,160,64,32,16,0,77,-105,0,1,60,0,320,48,48,32,0,72,-110,0,1,20,0,144,0,64,64,0,108,-100,0,0,100,0,208,48,16,16,0,72,-110,0,0,100,0,144,0,64,64,0,25,-194,0,0,100,0,0,0,144,160,0,38,-221,0,0,100,0,208,0,112,48,0,0,-256,0,0,100,0,0,1024,192,256,0,
0,16,0,-256,0,0,100,0,192,1024,192,256,0,131,-121,0,1,60,0,400,0,16,16,0,77,-161,0,1,80,0,400,0,16,16,0,41,-189,0,1,50,0,400,0,16,16,0,54,-141,0,1,30,0,320,0,80,48,0,57,-133,0,0,80,0,64,192,32,48,0,53,-105,0,0,80,0,160,64,32,16,0,34,-161,0,0,40,0,240,304,48,64,0,39,-108,0,0,40,0,160,64,32,16,0,77,-105,0,1,50,0,368,48,48,32,0,72,-110,0,1,20,0,144,0,64,64,0,108,-100,0,0,100,0,208,48,16,16,0,72,-110,0,0,100,0,144,0,64,64,0,25,-194,0,0,100,0,0,0,144,160,0,38,-221,0,0,100,0,208,0,112,48,0,0,-256,0,0,100,0,0,1024,192,256,0,
0,17,0,-256,0,0,100,0,192,1024,192,256,0,131,-121,0,1,80,0,400,0,16,16,0,88,-167,0,1,60,0,400,0,16,16,0,77,-161,0,1,60,0,400,0,16,16,0,41,-189,0,1,20,0,400,0,16,16,0,54,-141,0,1,35,0,320,0,80,48,0,55,-132,0,0,60,0,96,192,32,48,0,51,-104,0,0,60,0,160,64,32,16,0,32,-160,0,0,20,0,288,304,48,64,0,37,-107,0,0,20,0,160,64,32,16,0,77,-105,0,1,60,0,368,48,48,32,0,72,-110,0,1,20,0,144,0,64,64,0,108,-100,0,0,100,0,208,48,16,16,0,72,-110,0,0,100,0,144,0,64,64,0,25,-194,0,0,100,0,0,0,144,160,0,38,-221,0,0,100,0,208,0,112,48,0,0,-256,0,0,100,0,0,1024,192,256,0,
0,14,0,-256,0,0,100,0,192,1024,192,256,0,131,-121,0,1,100,0,400,0,16,16,0,88,-167,0,1,100,0,400,0,16,16,0,77,-161,0,1,40,0,400,0,16,16,0,54,-141,0,1,40,0,320,0,80,48,0,53,-131,0,0,40,0,0,192,32,48,0,49,-103,0,0,40,0,160,64,32,16,0,77,-105,0,1,70,0,416,48,48,32,0,72,-110,0,1,20,0,144,0,64,64,0,108,-100,0,0,100,0,208,48,16,16,0,72,-110,0,0,100,0,144,0,64,64,0,25,-194,0,0,100,0,0,0,144,160,0,38,-221,0,0,100,0,208,0,112,48,0,0,-256,0,0,100,0,0,1024,192,256,0,
0,14,0,-256,0,0,100,0,192,1024,192,256,0,131,-121,0,1,80,0,400,0,16,16,0,88,-167,0,1,70,0,400,0,16,16,0,77,-161,0,1,20,0,400,0,16,16,0,54,-141,0,1,45,0,320,0,80,48,0,51,-130,0,0,20,0,32,192,32,48,0,47,-102,0,0,20,0,160,64,32,16,0,77,-105,0,1,60,0,416,48,48,32,0,72,-110,0,1,20,0,144,0,64,64,0,108,-100,0,0,100,0,208,48,16,16,0,72,-110,0,0,100,0,144,0,64,64,0,25,-194,0,0,100,0,0,0,144,160,0,38,-221,0,0,100,0,208,0,112,48,0,0,-256,0,0,100,0,0,1024,192,256,0,
0,13,0,-256,0,0,100,0,192,1024,192,256,0,131,-121,0,1,60,0,400,0,16,16,0,88,-167,0,1,40,0,400,0,16,16,0,77,-161,0,1,40,0,400,0,16,16,0,41,-189,0,1,30,0,400,0,16,16,0,54,-141,0,1,40,0,320,0,80,48,0,77,-105,0,1,50,0,464,48,48,32,0,72,-110,0,1,20,0,144,0,64,64,0,108,-100,0,0,100,0,208,48,16,16,0,72,-110,0,0,100,0,144,0,64,64,0,25,-194,0,0,100,0,0,0,144,160,0,38,-221,0,0,100,0,208,0,112,48,0,0,-256,0,0,100,0,0,1024,192,256,0,
0,13,0,-256,0,0,100,0,192,1024,192,256,0,131,-121,0,1,80,0,400,0,16,16,0,88,-167,0,1,20,0,400,0,16,16,0,77,-161,0,1,60,0,400,0,16,16,0,41,-189,0,1,70,0,400,0,16,16,0,54,-141,0,1,35,0,320,0,80,48,0,77,-105,0,1,60,0,464,48,48,32,0,72,-110,0,1,20,0,144,0,64,64,0,108,-100,0,0,100,0,208,48,16,16,0,72,-110,0,0,100,0,144,0,64,64,0,25,-194,0,0,100,0,0,0,144,160,0,38,-221,0,0,100,0,208,0,112,48,0,0,-256,0,0,100,0,0,1024,192,256,0,
0,13,0,-256,0,0,100,0,192,1024,192,256,0,131,-121,0,1,100,0,400,0,16,16,0,77,-161,0,1,80,0,400,0,16,16,0,41,-189,0,1,100,0,400,0,16,16,0,54,-141,0,1,30,0,320,0,80,48,0,77,-105,0,1,70,0,320,48,48,32,0,72,-110,0,1,20,0,144,0,64,64,0,108,-100,0,0,100,0,208,48,16,16,0,81,-93,0,0,30,0,144,128,32,32,0,72,-110,0,0,100,0,144,0,64,64,0,25,-194,0,0,100,0,0,0,144,160,0,38,-221,0,0,100,0,208,0,112,48,0,0,-256,0,0,100,0,0,1024,192,256,0,
0,13,0,-256,0,0,100,0,192,1024,192,256,0,131,-121,0,1,80,0,400,0,16,16,0,77,-161,0,1,100,0,400,0,16,16,0,41,-189,0,1,80,0,400,0,16,16,0,54,-141,0,1,25,0,320,0,80,48,0,77,-105,0,1,60,0,320,48,48,32,0,72,-110,0,1,20,0,144,0,64,64,0,108,-100,0,0,100,0,208,48,16,16,0,83,-94,0,0,70,0,176,128,32,32,0,72,-110,0,0,100,0,144,0,64,64,0,25,-194,0,0,100,0,0,0,144,160,0,38,-221,0,0,100,0,208,0,112,48,0,0,-256,0,0,100,0,0,1024,192,256,0,
0,13,0,-256,0,0,100,0,192,1024,192,256,0,131,-121,0,1,60,0,400,0,16,16,0,77,-161,0,1,80,0,400,0,16,16,0,41,-189,0,1,50,0,400,0,16,16,0,54,-141,0,1,30,0,320,0,80,48,0,77,-105,0,1,50,0,368,48,48,32,0,72,-110,0,1,20,0,144,0,64,64,0,108,-100,0,0,100,0,208,48,16,16,0,85,-95,0,0,100,0,144,128,32,32,0,72,-110,0,0,100,0,144,0,64,64,0,25,-194,0,0,100,0,0,0,144,160,0,38,-221,0,0,100,0,208,0,112,48,0,0,-256,0,0,100,0,0,1024,192,256,0,
0,14,0,-256,0,0,100,0,192,1024,192,256,0,131,-121,0,1,80,0,400,0,16,16,0,88,-167,0,1,60,0,400,0,16,16,0,77,-161,0,1,60,0,400,0,16,16,0,41,-189,0,1,20,0,400,0,16,16,0,54,-141,0,1,35,0,320,0,80,48,0,77,-105,0,1,60,0,368,48,48,32,0,72,-110,0,1,20,0,144,0,64,64,0,108,-100,0,0,100,0,208,48,16,16,0,87,-96,0,0,100,0,208,128,32,32,0,72,-110,0,0,100,0,144,0,64,64,0,25,-194,0,0,100,0,0,0,144,160,0,38,-221,0,0,100,0,208,0,112,48,0,0,-256,0,0,100,0,0,1024,192,256,0,
0,13,0,-256,0,0,100,0,192,1024,192,256,0,131,-121,0,1,100,0,400,0,16,16,0,88,-167,0,1,100,0,400,0,16,16,0,77,-161,0,1,40,0,400,0,16,16,0,54,-141,0,1,40,0,320,0,80,48,0,77,-105,0,1,70,0,416,48,48,32,0,72,-110,0,1,20,0,144,0,64,64,0,108,-100,0,0,100,0,208,48,16,16,0,100,-86,0,0,100,0,288,80,16,16,0,72,-110,0,0,100,0,144,0,64,64,0,25,-194,0,0,100,0,0,0,144,160,0,38,-221,0,0,100,0,208,0,112,48,0,0,-256,0,0,100,0,0,1024,192,256,0,
0,13,0,-256,0,0,100,0,192,1024,192,256,0,131,-121,0,1,80,0,400,0,16,16,0,88,-167,0,1,70,0,400,0,16,16,0,77,-161,0,1,20,0,400,0,16,16,0,54,-141,0,1,45,0,320,0,80,48,0,77,-105,0,1,60,0,416,48,48,32,0,72,-110,0,1,20,0,144,0,64,64,0,108,-100,0,0,100,0,208,48,16,16,0,92,-90,0,0,100,0,64,160,32,32,0,72,-110,0,0,100,0,144,0,64,64,0,25,-194,0,0,100,0,0,0,144,160,0,38,-221,0,0,100,0,208,0,112,48,0,0,-256,0,0,100,0,0,1024,192,256,0,
0,14,0,-256,0,0,100,0,192,1024,192,256,0,131,-121,0,1,60,0,400,0,16,16,0,88,-167,0,1,40,0,400,0,16,16,0,77,-161,0,1,40,0,400,0,16,16,0,41,-189,0,1,30,0,400,0,16,16,0,54,-141,0,1,40,0,320,0,80,48,0,77,-105,0,1,50,0,464,48,48,32,0,72,-110,0,1,20,0,144,0,64,64,0,108,-100,0,0,100,0,208,48,16,16,0,90,-89,0,0,100,0,0,160,32,32,0,72,-110,0,0,100,0,144,0,64,64,0,25,-194,0,0,100,0,0,0,144,160,0,38,-221,0,0,100,0,208,0,112,48,0,0,-256,0,0,100,0,0,1024,192,256,0,
0,14,0,-256,0,0,100,0,192,1024,192,256,0,131,-121,0,1,80,0,400,0,16,16,0,88,-167,0,1,20,0,400,0,16,16,0,77,-161,0,1,60,0,400,0,16,16,0,41,-189,0,1,70,0,400,0,16,16,0,54,-141,0,1,35,0,320,0,80,48,0,77,-105,0,1,60,0,464,48,48,32,0,72,-110,0,1,20,0,144,0,64,64,0,108,-100,0,0,100,0,208,48,16,16,0,88,-88,0,0,100,0,32,160,32,32,0,72,-110,0,0,100,0,144,0,64,64,0,25,-194,0,0,100,0,0,0,144,160,0,38,-221,0,0,100,0,208,0,112,48,0,0,-256,0,0,100,0,0,1024,192,256,0,
