0,15,16,-219,0,0,100,0,0,240,64,48,0,123,-206,0,1,100,0,48,128,48,48,0,138,-200,0,1,100,0,16,96,16,32,0,71,-228,0,1,100,0,0,128,48,48,0,86,-222,0,1,100,0,0,96,16,32,0,139,-167,0,0,60,0,112,96,16,16,0,87,-189,0,0,60,0,112,96,16,16,0,40,-184,0,1,100,0,272,0,112,112,0,121,-164,0,0,100,0,112,112,16,48,0,81,-184,0,0,100,0,64,176,64,64,0,82,-155,0,0,100,0,1216,0,64,32,0,86,-192,0,1,100,0,272,112,64,64,0,30,-226,0,0,100,0,128,0,144,160,0,31,-133,0,0,100,0,0,0,128,96,0,0,-256,0,0,100,0,0,1024,192,256,0,
0,15,16,-219,0,0,100,0,64,240,64,48,0,123,-206,0,1,100,0,0,128,48,48,0,138,-200,0,1,100,0,32,96,16,32,0,71,-228,0,1,100,0,48,128,48,48,0,86,-222,0,1,100,0,16,96,16,32,0,139,-167,0,0,60,0,112,96,16,16,0,87,-189,0,0,60,0,112,96,16,16,0,40,-184,0,1,95,0,272,0,112,112,0,121,-164,0,0,100,0,112,112,16,48,0,81,-184,0,0,100,0,64,176,64,64,0,82,-155,0,0,100,0,1216,0,64,32,0,86,-192,0,1,100,0,272,112,64,64,0,30,-226,0,0,100,0,128,0,144,160,0,31,-133,0,0,100,0,0,0,128,96,0,0,-256,0,0,100,0,0,1024,192,256,0,
0,15,16,-219,0,0,100,0,128,240,64,48,0,123,-206,0,1,100,0,48,128,48,48,0,138,-200,0,1,100,0,48,96,16,32,0,71,-228,0,1,100,0,0,128,48,48,0,86,-222,0,1,100,0,32,96,16,32,0,139,-167,0,0,60,0,112,96,16,16,0,87,-189,0,0,60,0,112,96,16,16,0,40,-184,0,1,90,0,272,0,112,112,0,121,-164,0,0,100,0,112,112,16,48,0,81,-184,0,0,100,0,64,176,64,64,0,82,-155,0,0,100,0,1216,0,64,32,0,86,-192,0,1,100,0,272,112,64,64,0,30,-226,0,0,100,0,128,0,144,160,0,31,-133,0,0,100,0,0,0,128,96,0,0,-256,0,0,100,0,0,1024,192,256,0,
0,15,16,-219,0,0,100,0,192,240,64,48,0,123,-206,0,1,100,0,0,128,48,48,0,138,-200,0,1,100,0,0,96,16,32,0,71,-228,0,1,100,0,48,128,48,48,0,86,-222,0,1,100,0,48,96,16,32,0,139,-167,0,0,60,0,112,96,16,16,0,87,-189,0,0,60,0,112,96,16,16,0,40,-184,0,1,95,0,272,0,112,112,0,121,-164,0,0,100,0,112,112,16,48,0,81,-184,0,0,100,0,64,176,64,64,0,82,-155,0,0,100,0,1216,0,64,32,0,86,-192,0,1,100,0,272,112,64,64,0,30,-226,0,0,100,0,128,0,144,160,0,31,-133,0,0,100,0,0,0,128,96,0,0,-256,0,0,100,0,0,1024,192,256,0,
0,15,16,-219,0,0,100,0,0,240,64,48,0,123,-206,0,1,100,0,48,128,48,48,0,138,-200,0,1,100,0,16,96,16,32,0,71,-228,0,1,100,0,0,128,48,48,0,86,-222,0,1,100,0,0,96,16,32,0,139,-167,0,0,60,0,112,96,16,16,0,87,-189,0,0,60,0,112,96,16,16,0,40,-184,0,1,100,0,272,0,112,112,0,121,-164,0,0,100,0,112,112,16,48,0,81,-184,0,0,100,0,128,176,64,64,0,82,-155,0,0,100,0,1216,0,64,32,0,86,-192,0,1,100,0,272,112,64,64,0,30,-226,0,0,100,0,128,0,144,160,0,31,-133,0,0,100,0,0,0,128,96,0,0,-256,0,0,100,0,0,1024,192,256,0,
0,15,16,-219,0,0,100,0,64,240,64,48,0,123,-206,0,1,100,0,0,128,48,48,0,138,-200,0,1,100,0,32,96,16,32,0,71,-228,0,1,100,0,48,128,48,48,0,86,-222,0,1,100,0,16,96,16,32,0,139,-167,0,0,60,0,112,96,16,16,0,87,-189,0,0,60,0,112,96,16,16,0,40,-184,0,1,95,0,272,0,112,112,0,121,-164,0,0,100,0,112,112,16,48,0,81,-184,0,0,100,0,128,176,64,64,0,82,-155,0,0,100,0,1216,0,64,32,0,86,-192,0,1,100,0,272,112,64,64,0,30,-226,0,0,100,0,128,0,144,160,0,31,-133,0,0,100,0,0,0,128,96,0,0,-256,0,0,100,0,0,1024,192,256,0,
0,15,16,-219,0,0,100,0,128,240,64,48,0,123,-206,0,1,100,0,48,128,48,48,0,138,-200,0,1,100,0,48,96,16,32,0,71,-228,0,1,100,0,0,128,48,48,0,86,-222,0,1,100,0,32,96,16,32,0,139,-167,0,0,60,0,112,96,16,16,0,87,-189,0,0,60,0,112,96,16,16,0,40,-184,0,1,90,0,272,0,112,112,0,121,-164,0,0,100,0,112,112,16,48,0,81,-184,0,0,100,0,128,176,64,64,0,82,-155,0,0,100,0,1216,0,64,32,0,86,-192,0,1,100,0,272,112,64,64,0,30,-226,0,0,100,0,128,0,144,160,0,31,-133,0,0,100,0,0,0,128,96,0,0,-256,0,0,100,0,0,1024,192,256,0,
0,16,27,-218,1,1,100,0,80,96,16,16,0,16,-219,0,0,100,0,192,240,64,48,0,123,-206,0,1,100,0,0,128,48,48,0,138,-200,0,1,100,0,0,96,16,32,0,71,-228,0,1,100,0,48,128,48,48,0,86,-222,0,1,100,0,48,96,16,32,0,139,-167,0,0,60,0,112,96,16,16,0,87,-189,0,0,60,0,112,96,16,16,0,40,-184,0,1,95,0,272,0,112,112,0,121,-164,0,0,100,0,112,112,16,48,0,81,-184,0,0,100,0,128,176,64,64,0,82,-155,0,0,100,0,1216,0,64,32,0,86,-192,0,1,100,0,272,112,64,64,0,30,-226,0,0,100,0,128,0,144,160,0,31,-133,0,0,100,0,0,0,128,96,0,0,-256,0,0,100,0,0,1024,192,256,0,
0,16,27,-218,1,1,100,0,80,96,16,16,0,16,-219,0,0,100,0,0,240,64,48,0,123,-206,0,1,100,0,48,128,48,48,0,138,-200,0,1,100,0,16,96,16,32,0,71,-228,0,1,100,0,0,128,48,48,0,86,-222,0,1,100,0,0,96,16,32,0,139,-167,0,0,60,0,112,96,16,16,0,87,-189,0,0,60,0,112,96,16,16,0,40,-184,0,1,100,0,272,0,112,112,0,121,-164,0,0,100,0,112,112,16,48,0,81,-184,0,0,100,0,128,176,64,64,0,82,-155,0,0,100,0,1216,0,64,32,0,86,-192,0,1,100,0,272,112,64,64,0,30,-226,0,0,100,0,128,0,144,160,0,31,-133,0,0,100,0,0,0,128,96,0,0,-256,0,0,100,0,0,1024,192,256,0,
0,16,27,-218,1,1,100,0,80,96,16,16,0,16,-219,0,0,100,0,64,240,64,48,0,123,-206,0,1,100,0,0,128,48,48,0,138,-200,0,1,100,0,32,96,16,32,0,71,-228,0,1,100,0,48,128,48,48,0,86,-222,0,1,100,0,16,96,16,32,0,139,-167,0,0,60,0,112,96,16,16,0,87,-189,0,0,60,0,112,96,16,16,0,40,-184,0,1,95,0,272,0,112,112,0,121,-164,0,0,100,0,112,112,16,48,0,81,-184,0,0,100,0,128,176,64,64,0,82,-155,0,0,100,0,1216,0,64,32,0,86,-192,0,1,100,0,272,112,64,64,0,30,-226,0,0,100,0,128,0,144,160,0,31,-133,0,0,100,0,0,0,128,96,0,0,-256,0,0,100,0,0,1024,192,256,0,
0,16,27,-218,1,1,100,0,80,96,16,16,0,16,-219,0,0,100,0,128,240,64,48,0,123,-206,0,1,100,0,48,128,48,48,0,138,-200,0,1,100,0,48,96,16,32,0,71,-228,0,1,100,0,0,128,48,48,0,86,-222,0,1,100,0,32,96,16,32,0,139,-167,0,0,60,0,112,96,16,16,0,87,-189,0,0,60,0,112,96,16,16,0,40,-184,0,1,90,0,272,0,112,112,0,121,-164,0,0,100,0,112,112,16,48,0,81,-184,0,0,100,0,128,176,64,64,0,82,-155,0,0,100,0,1216,0,64,32,0,86,-192,0,1,100,0,272,112,64,64,0,30,-226,0,0,100,0,128,0,144,160,0,31,-133,0,0,100,0,0,0,128,96,0,0,-256,0,0,100,0,0,1024,192,256,0,
0,16,27,-218,1,1,100,0,80,96,16,16,0,16,-219,0,0,100,0,192,240,64,48,0,123,-206,0,1,100,0,0,128,48,48,0,138,-200,0,1,100,0,0,96,16,32,0,71,-228,0,1,100,0,48,128,48,48,0,86,-222,0,1,100,0,48,96,16,32,0,139,-167,0,0,60,0,112,96,16,16,0,87,-189,0,0,60,0,112,96,16,16,0,40,-184,0,1,95,0,272,0,112,112,0,121,-164,0,0,100,0,112,112,16,48,0,81,-184,0,0,100,0,128,176,64,64,0,82,-155,0,0,100,0,1216,0,64,32,0,86,-192,0,1,100,0,272,112,64,64,0,30,-226,0,0,100,0,128,0,144,160,0,31,-133,0,0,100,0,0,0,128,96,0,0,-256,0,0,100,0,0,1024,192,256,0,
0,16,27,-218,1,1,50,0,80,96,16,16,0,36,-208,0,0,100,0,256,240,32,32,0,123,-206,0,1,100,0,48,128,48,48,0,138,-200,0,1,100,0,16,96,16,32,0,71,-228,0,1,100,0,0,128,48,48,0,86,-222,0,1,100,0,0,96,16,32,0,139,-167,0,0,60,0,112,96,16,16,0,87,-189,0,0,60,0,112,96,16,16,0,40,-184,0,1,100,0,272,0,112,112,0,121,-164,0,0,100,0,112,112,16,48,0,81,-184,0,0,100,0,128,176,64,64,0,82,-155,0,0,100,0,1216,0,64,32,0,86,-192,0,1,100,0,272,112,64,64,0,30,-226,0,0,100,0,128,0,144,160,0,31,-133,0,0,100,0,0,0,128,96,0,0,-256,0,0,100,0,0,1024,192,256,0,
0,15,36,-208,1,0,100,0,256,240,32,32,0,123,-206,0,1,100,0,0,128,48,48,0,138,-200,0,1,100,0,32,96,16,32,0,71,-228,0,1,100,0,48,128,48,48,0,86,-222,0,1,100,0,16,96,16,32,0,139,-167,0,0,60,0,112,96,16,16,0,87,-189,0,0,60,0,112,96,16,16,0,40,-184,0,1,95,0,272,0,112,112,0,121,-164,0,0,100,0,112,112,16,48,0,81,-184,0,0,100,0,128,176,64,64,0,82,-155,0,0,100,0,1216,0,64,32,0,86,-192,0,1,100,0,272,112,64,64,0,30,-226,0,0,100,0,128,0,144,160,0,31,-133,0,0,100,0,0,0,128,96,0,0,-256,0,0,100,0,0,1024,192,256,0,
0,15,36,-208,1,0,100,0,256,240,32,32,0,123,-206,0,1,100,0,48,128,48,48,0,138,-200,0,1,100,0,48,96,16,32,0,71,-228,0,1,100,0,0,128,48,48,0,86,-222,0,1,100,0,32,96,16,32,0,139,-167,0,0,60,0,112,96,16,16,0,87,-189,0,0,60,0,112,96,16,16,0,40,-184,0,1,90,0,272,0,112,112,0,121,-164,0,0,100,0,112,112,16,48,0,81,-184,0,0,100,0,64,176,64,64,0,82,-155,0,0,100,0,1216,0,64,32,0,86,-192,0,1,100,0,272,112,64,64,0,30,-226,0,0,100,0,128,0,144,160,0,31,-133,0,0,100,0,0,0,128,96,0,0,-256,0,0,100,0,0,1024,192,256,0,
0,16,30,-199,0,1,100,0,464,352,32,32,0,28,-223,0,0,100,0,288,240,64,48,0,123,-206,0,1,100,0,0,128,48,48,0,138,-200,0,1,100,0,0,96,16,32,0,71,-228,0,1,100,0,48,128,48,48,0,86,-222,0,1,100,0,48,96,16,32,0,139,-167,0,0,60,0,112,96,16,16,0,87,-189,0,0,60,0,112,96,16,16,0,40,-184,0,1,95,0,272,0,112,112,0,121,-164,0,0,100,0,112,112,16,48,0,81,-184,0,0,100,0,64,176,64,64,0,82,-155,0,0,100,0,1216,0,64,32,0,86,-192,0,1,100,0,272,112,64,64,0,30,-226,0,0,100,0,128,0,144,160,0,31,-133,0,0,100,0,0,0,128,96,0,0,-256,0,0,100,0,0,1024,192,256,0,
0,16,27,-203,0,1,100,0,432,352,32,48,0,28,-223,0,0,100,0,288,240,64,48,0,123,-206,0,1,100,0,48,128,48,48,0,138,-200,0,1,100,0,16,96,16,32,0,71,-228,0,1,100,0,0,128,48,48,0,86,-222,0,1,100,0,0,96,16,32,0,139,-167,0,0,60,0,112,96,16,16,0,87,-189,0,0,60,0,112,96,16,16,0,40,-184,0,1,100,0,272,0,112,112,0,121,-164,0,0,100,0,112,112,16,48,0,81,-184,0,0,100,0,64,176,64,64,0,82,-155,0,0,100,0,1216,0,64,32,0,86,-192,0,1,100,0,272,112,64,64,0,30,-226,0,0,100,0,128,0,144,160,0,31,-133,0,0,100,0,0,0,128,96,0,0,-256,0,0,100,0,0,1024,192,256,0,
0,16,23,-203,0,1,100,0,400,352,32,48,0,28,-223,0,0,100,0,352,240,64,48,0,123,-206,0,1,100,0,0,128,48,48,0,138,-200,0,1,100,0,32,96,16,32,0,71,-228,0,1,100,0,48,128,48,48,0,86,-222,0,1,100,0,16,96,16,32,0,139,-167,0,0,60,0,112,96,16,16,0,87,-189,0,0,60,0,112,96,16,16,0,40,-184,0,1,95,0,272,0,112,112,0,121,-164,0,0,100,0,112,112,16,48,0,81,-184,0,0,100,0,64,176,64,64,0,82,-155,0,0,100,0,1216,0,64,32,0,86,-192,0,1,100,0,272,112,64,64,0,30,-226,0,0,100,0,128,0,144,160,0,31,-133,0,0,100,0,0,0,128,96,0,0,-256,0,0,100,0,0,1024,192,256,0,
0,16,21,-202,0,1,40,0,400,352,32,48,0,28,-223,0,0,100,0,416,240,64,48,0,123,-206,0,1,100,0,48,128,48,48,0,138,-200,0,1,100,0,48,96,16,32,0,71,-228,0,1,100,0,0,128,48,48,0,86,-222,0,1,100,0,32,96,16,32,0,139,-167,0,0,60,0,112,96,16,16,0,87,-189,0,0,60,0,112,96,16,16,0,40,-184,0,1,90,0,272,0,112,112,0,121,-164,0,0,100,0,112,112,16,48,0,81,-184,0,0,100,0,64,176,64,64,0,82,-155,0,0,100,0,1216,0,64,32,0,86,-192,0,1,100,0,272,112,64,64,0,30,-226,0,0,100,0,128,0,144,160,0,31,-133,0,0,100,0,0,0,128,96,0,0,-256,0,0,100,0,0,1024,192,256,0,
0,16,30,-199,0,1,100,0,464,352,32,32,0,28,-223,0,0,100,0,480,240,64,48,0,123,-206,0,1,100,0,0,128,48,48,0,138,-200,0,1,100,0,0,96,16,32,0,71,-228,0,1,100,0,48,128,48,48,0,86,-222,0,1,100,0,48,96,16,32,0,139,-167,0,0,60,0,112,96,16,16,0,87,-189,0,0,60,0,112,96,16,16,0,40,-184,0,1,95,0,272,0,112,112,0,121,-164,0,0,100,0,112,112,16,48,0,81,-184,0,0,100,0,64,176,64,64,0,82,-155,0,0,100,0,1216,0,64,32,0,86,-192,0,1,100,0,272,112,64,64,0,30,-226,0,0,100,0,128,0,144,160,0,31,-133,0,0,100,0,0,0,128,96,0,0,-256,0,0,100,0,0,1024,192,256,0,
0,16,27,-203,0,1,100,0,432,352,32,48,0,28,-223,0,0,100,0,288,240,64,48,0,123,-206,0,1,100,0,48,128,48,48,0,138,-200,0,1,100,0,16,96,16,32,0,71,-228,0,1,100,0,0,128,48,48,0,86,-222,0,1,100,0,0,96,16,32,0,139,-167,0,0,60,0,112,96,16,16,0,87,-189,0,0,60,0,112,96,16,16,0,40,-184,0,1,100,0,272,0,112,112,0,121,-164,0,0,100,0,112,112,16,48,0,81,-184,0,0,100,0,64,176,64,64,0,82,-155,0,0,100,0,1216,0,64,32,0,86,-192,0,1,100,0,272,112,64,64,0,30,-226,0,0,100,0,128,0,144,160,0,31,-133,0,0,100,0,0,0,128,96,0,0,-256,0,0,100,0,0,1024,192,256,0,
0,16,23,-203,0,1,100,0,400,352,32,48,0,28,-223,0,0,100,0,352,240,64,48,0,123,-206,0,1,100,0,0,128,48,48,0,138,-200,0,1,100,0,32,96,16,32,0,71,-228,0,1,100,0,48,128,48,48,0,86,-222,0,1,100,0,16,96,16,32,0,139,-167,0,0,60,0,112,96,16,16,0,87,-189,0,0,60,0,112,96,16,16,0,40,-184,0,1,95,0,272,0,112,112,0,121,-164,0,0,100,0,112,112,16,48,0,81,-184,0,0,100,0,64,176,64,64,0,82,-155,0,0,100,0,1216,0,64,32,0,86,-192,0,1,100,0,272,112,64,64,0,30,-226,0,0,100,0,128,0,144,160,0,31,-133,0,0,100,0,0,0,128,96,0,0,-256,0,0,100,0,0,1024,192,256,0,
0,16,21,-202,0,1,40,0,400,352,32,48,0,28,-223,0,0,100,0,416,240,64,48,0,123,-206,0,1,100,0,48,128,48,48,0,138,-200,0,1,100,0,48,96,16,32,0,71,-228,0,1,100,0,0,128,48,48,0,86,-222,0,1,100,0,32,96,16,32,0,139,-167,0,0,60,0,112,96,16,16,0,87,-189,0,0,60,0,112,96,16,16,0,40,-184,0,1,90,0,272,0,112,112,0,121,-164,0,0,100,0,112,112,16,48,0,81,-184,0,0,100,0,64,176,64,64,0,82,-155,0,0,100,0,1216,0,64,32,0,86,-192,0,1,100,0,272,112,64,64,0,30,-226,0,0,100,0,128,0,144,160,0,31,-133,0,0,100,0,0,0,128,96,0,0,-256,0,0,100,0,0,1024,192,256,0,
0,15,28,-223,0,0,100,0,480,240,64,48,0,123,-206,0,1,100,0,0,128,48,48,0,138,-200,0,1,100,0,0,96,16,32,0,71,-228,0,1,100,0,48,128,48,48,0,86,-222,0,1,100,0,48,96,16,32,0,139,-167,0,0,60,0,112,96,16,16,0,87,-189,0,0,60,0,112,96,16,16,0,40,-184,0,1,95,0,272,0,112,112,0,121,-164,0,0,100,0,112,112,16,48,0,81,-184,0,0,100,0,64,176,64,64,0,82,-155,0,0,100,0,1216,0,64,32,0,86,-192,0,1,100,0,272,112,64,64,0,30,-226,0,0,100,0,128,0,144,160,0,31,-133,0,0,100,0,0,0,128,96,0,0,-256,0,0,100,0,0,1024,192,256,0,
0,15,28,-223,0,0,100,0,288,240,64,48,0,123,-206,0,1,100,0,48,128,48,48,0,138,-200,0,1,100,0,16,96,16,32,0,71,-228,0,1,100,0,0,128,48,48,0,86,-222,0,1,100,0,0,96,16,32,0,139,-167,0,0,60,0,112,96,16,16,0,87,-189,0,0,60,0,112,96,16,16,0,40,-184,0,1,100,0,272,0,112,112,0,121,-164,0,0,100,0,112,112,16,48,0,81,-184,0,0,100,0,64,176,64,64,0,82,-155,0,0,100,0,1216,0,64,32,0,86,-192,0,1,100,0,272,112,64,64,0,30,-226,0,0,100,0,128,0,144,160,0,31,-133,0,0,100,0,0,0,128,96,0,0,-256,0,0,100,0,0,1024,192,256,0,
0,15,28,-223,0,0,100,0,352,240,64,48,0,123,-206,0,1,100,0,0,128,48,48,0,138,-200,0,1,100,0,32,96,16,32,0,71,-228,0,1,100,0,48,128,48,48,0,86,-222,0,1,100,0,16,96,16,32,0,139,-167,0,0,60,0,112,96,16,16,0,87,-189,0,0,60,0,112,96,16,16,0,40,-184,0,1,95,0,272,0,112,112,0,121,-164,0,0,100,0,112,112,16,48,0,81,-184,0,0,100,0,64,176,64,64,0,82,-155,0,0,100,0,1216,0,64,32,0,86,-192,0,1,100,0,272,112,64,64,0,30,-226,0,0,100,0,128,0,144,160,0,31,-133,0,0,100,0,0,0,128,96,0,0,-256,0,0,100,0,0,1024,192,256,0,
0,15,28,-223,0,0,100,0,416,240,64,48,0,123,-206,0,1,100,0,48,128,48,48,0,138,-200,0,1,100,0,48,96,16,32,0,71,-228,0,1,100,0,0,128,48,48,0,86,-222,0,1,100,0,32,96,16,32,0,139,-167,0,0,60,0,112,96,16,16,0,87,-189,0,0,60,0,112,96,16,16,0,40,-184,0,1,90,0,272,0,112,112,0,121,-164,0,0,100,0,112,112,16,48,0,81,-184,0,0,100,0,64,176,64,64,0,82,-155,0,0,100,0,1216,0,64,32,0,86,-192,0,1,100,0,272,112,64,64,0,30,-226,0,0,100,0,128,0,144,160,0,31,-133,0,0,100,0,0,0,128,96,0,0,-256,0,0,100,0,0,1024,192,256,0,
0,15,28,-223,0,0,100,0,480,240,64,48,0,123,-206,0,1,100,0,0,128,48,48,0,138,-200,0,1,100,0,0,96,16,32,0,71,-228,0,1,100,0,48,128,48,48,0,86,-222,0,1,100,0,48,96,16,32,0,139,-167,0,0,60,0,112,96,16,16,0,87,-189,0,0,60,0,112,96,16,16,0,40,-184,0,1,95,0,272,0,112,112,0,121,-164,0,0,100,0,112,112,16,48,0,81,-184,0,0,100,0,64,176,64,64,0,82,-155,0,0,100,0,1216,0,64,32,0,86,-192,0,1,100,0,272,112,64,64,0,30,-226,0,0,100,0,128,0,144,160,0,31,-133,0,0,100,0,0,0,128,96,0,0,-256,0,0,100,0,0,1024,192,256,0,
0,15,27,-222,1,0,100,0,0,240,64,48,0,123,-206,0,1,100,0,48,128,48,48,0,138,-200,0,1,100,0,16,96,16,32,0,71,-228,0,1,100,0,0,128,48,48,0,86,-222,0,1,100,0,0,96,16,32,0,139,-167,0,0,60,0,112,96,16,16,0,87,-189,0,0,60,0,112,96,16,16,0,40,-184,0,1,100,0,272,0,112,112,0,121,-164,0,0,100,0,112,112,16,48,0,81,-184,0,0,100,0,64,176,64,64,0,82,-155,0,0,100,0,1216,0,64,32,0,86,-192,0,1,100,0,272,112,64,64,0,30,-226,0,0,100,0,128,0,144,160,0,31,-133,0,0,100,0,0,0,128,96,0,0,-256,0,0,100,0,0,1024,192,256,0,
0,15,27,-222,1,0,100,0,64,240,64,48,0,123,-206,0,1,100,0,0,128,48,48,0,138,-200,0,1,100,0,32,96,16,32,0,71,-228,0,1,100,0,48,128,48,48,0,86,-222,0,1,100,0,16,96,16,32,0,139,-167,0,0,60,0,112,96,16,16,0,87,-189,0,0,60,0,112,96,16,16,0,40,-184,0,1,95,0,272,0,112,112,0,121,-164,0,0,100,0,112,112,16,48,0,81,-184,0,0,100,0,64,176,64,64,0,82,-155,0,0,100,0,1216,0,64,32,0,86,-192,0,1,100,0,272,112,64,64,0,30,-226,0,0,100,0,128,0,144,160,0,31,-133,0,0,100,0,0,0,128,96,0,0,-256,0,0,100,0,0,1024,192,256,0,
0,15,27,-222,1,0,100,0,128,240,64,48,0,123,-206,0,1,100,0,48,128,48,48,0,138,-200,0,1,100,0,48,96,16,32,0,71,-228,0,1,100,0,0,128,48,48,0,86,-222,0,1,100,0,32,96,16,32,0,139,-167,0,0,60,0,112,96,16,16,0,87,-189,0,0,60,0,112,96,16,16,0,40,-184,0,1,90,0,272,0,112,112,0,121,-164,0,0,100,0,112,112,16,48,0,81,-184,0,0,100,0,64,176,64,64,0,82,-155,0,0,100,0,1216,0,64,32,0,86,-192,0,1,100,0,272,112,64,64,0,30,-226,0,0,100,0,128,0,144,160,0,31,-133,0,0,100,0,0,0,128,96,0,0,-256,0,0,100,0,0,1024,192,256,0,
0,15,27,-222,1,0,100,0,192,240,64,48,0,123,-206,0,1,100,0,0,128,48,48,0,138,-200,0,1,100,0,0,96,16,32,0,71,-228,0,1,100,0,48,128,48,48,0,86,-222,0,1,100,0,48,96,16,32,0,139,-167,0,0,60,0,112,96,16,16,0,87,-189,0,0,60,0,112,96,16,16,0,40,-184,0,1,95,0,272,0,112,112,0,121,-164,0,0,100,0,112,112,16,48,0,81,-184,0,0,100,0,64,176,64,64,0,82,-155,0,0,100,0,1216,0,64,32,0,86,-192,0,1,100,0,272,112,64,64,0,30,-226,0,0,100,0,128,0,144,160,0,31,-133,0,0,100,0,0,0,128,96,0,0,-256,0,0,100,0,0,1024,192,256,0,
0,15,27,-222,1,0,100,0,0,240,64,48,0,123,-206,0,1,100,0,48,128,48,48,0,138,-200,0,1,100,0,16,96,16,32,0,71,-228,0,1,100,0,0,128,48,48,0,86,-222,0,1,100,0,0,96,16,32,0,139,-167,0,0,60,0,112,96,16,16,0,87,-189,0,0,60,0,112,96,16,16,0,40,-184,0,1,100,0,272,0,112,112,0,121,-164,0,0,100,0,112,112,16,48,0,81,-184,0,0,100,0,64,176,64,64,0,82,-155,0,0,100,0,1216,0,64,32,0,86,-192,0,1,100,0,272,112,64,64,0,30,-226,0,0,100,0,128,0,144,160,0,31,-133,0,0,100,0,0,0,128,96,0,0,-256,0,0,100,0,0,1024,192,256,0,
0,15,27,-222,1,0,100,0,64,240,64,48,0,123,-206,0,1,100,0,0,128,48,48,0,138,-200,0,1,100,0,32,96,16,32,0,71,-228,0,1,100,0,48,128,48,48,0,86,-222,0,1,100,0,16,96,16,32,0,139,-167,0,0,60,0,112,96,16,16,0,87,-189,0,0,60,0,112,96,16,16,0,40,-184,0,1,95,0,272,0,112,112,0,121,-164,0,0,100,0,112,112,16,48,0,81,-184,0,0,100,0,64,176,64,64,0,82,-155,0,0,100,0,1216,0,64,32,0,86,-192,0,1,100,0,272,112,64,64,0,30,-226,0,0,100,0,128,0,144,160,0,31,-133,0,0,100,0,0,0,128,96,0,0,-256,0,0,100,0,0,1024,192,256,0,
0,15,27,-222,1,0,100,0,128,240,64,48,0,123,-206,0,1,100,0,48,128,48,48,0,138,-200,0,1,100,0,48,96,16,32,0,71,-228,0,1,100,0,0,128,48,48,0,86,-222,0,1,100,0,32,96,16,32,0,139,-167,0,0,60,0,112,96,16,16,0,87,-189,0,0,60,0,112,96,16,16,0,40,-184,0,1,90,0,272,0,112,112,0,121,-164,0,0,100,0,112,112,16,48,0,81,-184,0,0,100,0,64,176,64,64,0,82,-155,0,0,100,0,1216,0,64,32,0,86,-192,0,1,100,0,272,112,64,64,0,30,-226,0,0,100,0,128,0,144,160,0,31,-133,0,0,100,0,0,0,128,96,0,0,-256,0,0,100,0,0,1024,192,256,0,
0,15,27,-222,1,0,100,0,192,240,64,48,0,123,-206,0,1,100,0,0,128,48,48,0,138,-200,0,1,100,0,0,96,16,32,0,71,-228,0,1,100,0,48,128,48,48,0,86,-222,0,1,100,0,48,96,16,32,0,139,-167,0,0,60,0,112,96,16,16,0,87,-189,0,0,60,0,112,96,16,16,0,40,-184,0,1,95,0,272,0,112,112,0,121,-164,0,0,100,0,112,112,16,48,0,81,-184,0,0,100,0,64,176,64,64,0,82,-155,0,0,100,0,1216,0,64,32,0,86,-192,0,1,100,0,272,112,64,64,0,30,-226,0,0,100,0,128,0,144,160,0,31,-133,0,0,100,0,0,0,128,96,0,0,-256,0,0,100,0,0,1024,192,256,0,
0,21,64,-104,0,0,80,0,160,464,32,32,0,64,-104,0,0,100,0,0,464,32,32,0,4,-149,0,0,80,0,400,288,80,64,0,4,-149,0,0,100,0,80,288,80,64,0,55,-89,0,0,20,0,1232,32,48,16,0,7,-113,0,0,20,0,1216,0,64,32,0,27,-222,1,0,100,0,0,240,64,48,0,123,-206,0,1,100,0,48,128,48,48,0,138,-200,0,1,100,0,16,96,16,32,0,71,-228,0,1,100,0,0,128,48,48,0,86,-222,0,1,100,0,0,96,16,32,0,139,-167,0,0,60,0,112,96,16,16,0,87,-189,0,0,60,0,112,96,16,16,0,40,-184,0,1,100,0,272,0,112,112,0,121,-164,0,0,100,0,112,112,16,48,0,81,-184,0,0,100,0,64,176,64,64,0,82,-155,0,0,100,0,1216,0,64,32,0,86,-192,0,1,100,0,272,112,64,64,0,30,-226,0,0,100,0,128,0,144,160,0,31,-133,0,0,100,0,0,0,128,96,0,0,-256,0,0,100,0,0,1024,192,256,0,
0,21,64,-104,0,0,70,0,160,464,32,32,0,64,-104,0,0,100,0,0,464,32,32,0,4,-149,0,0,70,0,400,288,80,64,0,4,-149,0,0,100,0,80,288,80,64,0,55,-89,0,0,20,0,1232,32,48,16,0,7,-113,0,0,20,0,1216,0,64,32,0,27,-222,1,0,100,0,64,240,64,48,0,123,-206,0,1,100,0,0,128,48,48,0,138,-200,0,1,100,0,32,96,16,32,0,71,-228,0,1,100,0,48,128,48,48,0,86,-222,0,1,100,0,16,96,16,32,0,139,-167,0,0,60,0,112,96,16,16,0,87,-189,0,0,60,0,112,96,16,16,0,40,-184,0,1,95,0,272,0,112,112,0,121,-164,0,0,100,0,112,112,16,48,0,81,-184,0,0,100,0,64,176,64,64,0,82,-155,0,0,100,0,1216,0,64,32,0,86,-192,0,1,100,0,272,112,64,64,0,30,-226,0,0,100,0,128,0,144,160,0,31,-133,0,0,100,0,0,0,128,96,0,0,-256,0,0,100,0,0,1024,192,256,0,
0,24,66,-105,0,0,60,0,192,464,32,32,0,66,-105,0,0,100,0,32,464,32,32,0,16,-115,0,0,80,0,512,416,64,48,0,16,-115,0,0,100,0,0,416,64,48,0,6,-150,0,0,60,0,480,288,80,64,0,6,-150,0,0,100,0,160,288,80,64,0,31,-95,0,0,20,0,1168,0,48,16,0,57,-90,0,0,40,0,1232,32,48,16,0,9,-114,0,0,40,0,1216,0,64,32,0,27,-222,1,0,100,0,128,240,64,48,0,123,-206,0,1,100,0,48,128,48,48,0,138,-200,0,1,100,0,48,96,16,32,0,71,-228,0,1,100,0,0,128,48,48,0,86,-222,0,1,100,0,32,96,16,32,0,139,-167,0,0,60,0,112,96,16,16,0,87,-189,0,0,60,0,112,96,16,16,0,40,-184,0,1,90,0,272,0,112,112,0,121,-164,0,0,100,0,112,112,16,48,0,81,-184,0,0,100,0,64,176,64,64,0,82,-155,0,0,100,0,1216,0,64,32,0,86,-192,0,1,100,0,272,112,64,64,0,30,-226,0,0,100,0,128,0,144,160,0,31,-133,0,0,100,0,0,0,128,96,0,0,-256,0,0,100,0,0,1024,192,256,0,
0,24,66,-105,0,0,50,0,192,464,32,32,0,66,-105,0,0,100,0,32,464,32,32,0,16,-115,0,0,70,0,512,416,64,48,0,16,-115,0,0,100,0,0,416,64,48,0,6,-150,0,0,50,0,480,288,80,64,0,6,-150,0,0,100,0,160,288,80,64,0,31,-95,0,0,20,0,1168,0,48,16,0,57,-90,0,0,40,0,1232,32,48,16,0,9,-114,0,0,40,0,1216,0,64,32,0,27,-222,1,0,100,0,192,240,64,48,0,123,-206,0,1,100,0,0,128,48,48,0,138,-200,0,1,100,0,0,96,16,32,0,71,-228,0,1,100,0,48,128,48,48,0,86,-222,0,1,100,0,48,96,16,32,0,139,-167,0,0,60,0,112,96,16,16,0,87,-189,0,0,60,0,112,96,16,16,0,40,-184,0,1,95,0,272,0,112,112,0,121,-164,0,0,100,0,112,112,16,48,0,81,-184,0,0,100,0,64,176,64,64,0,82,-155,0,0,100,0,1216,0,64,32,0,86,-192,0,1,100,0,272,112,64,64,0,30,-226,0,0,100,0,128,0,144,160,0,31,-133,0,0,100,0,0,0,128,96,0,0,-256,0,0,100,0,0,1024,192,256,0,
0,27,68,-106,0,0,40,0,160,464,32,32,0,68,-106,0,0,100,0,0,464,32,32,0,109,-105,0,0,80,0,128,496,32,32,0,109,-105,0,0,100,0,0,496,32,32,0,20,-117,0,0,60,0,576,416,64,48,0,20,-117,0,0,100,0,64,416,64,48,0,8,-151,0,0,40,0,560,288,80,64,0,8,-151,0,0,100,0,240,288,80,64,0,108,-85,0,0,20,0,1184,16,32,16,0,35,-97,0,0,40,0,1168,0,48,16,0,59,-91,0,0,60,0,1232,32,48,16,0,11,-115,0,0,60,0,1216,0,64,32,0,27,-222,1,0,100,0,0,240,64,48,0,123,-206,0,1,100,0,48,128,48,48,0,138,-200,0,1,100,0,16,96,16,32,0,71,-228,0,1,100,0,0,128,48,48,0,86,-222,0,1,100,0,0,96,16,32,0,139,-167,0,0,60,0,112,96,16,16,0,87,-189,0,0,60,0,112,96,16,16,0,40,-184,0,1,100,0,272,0,112,112,0,121,-164,0,0,100,0,112,112,16,48,0,81,-184,0,0,100,0,64,176,64,64,0,82,-155,0,0,100,0,1216,0,64,32,0,86,-192,0,1,100,0,272,112,64,64,0,30,-226,0,0,100,0,128,0,144,160,0,31,-133,0,0,100,0,0,0,128,96,0,0,-256,0,0,100,0,0,1024,192,256,0,
0,27,68,-106,0,0,30,0,160,464,32,32,0,68,-106,0,0,100,0,0,464,32,32,0,109,-105,0,0,70,0,128,496,32,32,0,109,-105,0,0,100,0,0,496,32,32,0,20,-117,0,0,50,0,576,416,64,48,0,20,-117,0,0,100,0,64,416,64,48,0,8,-151,0,0,30,0,560,288,80,64,0,8,-151,0,0,100,0,240,288,80,64,0,108,-85,0,0,20,0,1184,16,32,16,0,35,-97,0,0,40,0,1168,0,48,16,0,59,-91,0,0,60,0,1232,32,48,16,0,11,-115,0,0,60,0,1216,0,64,32,0,27,-222,1,0,100,0,64,240,64,48,0,123,-206,0,1,100,0,0,128,48,48,0,138,-200,0,1,100,0,32,96,16,32,0,71,-228,0,1,100,0,48,128,48,48,0,86,-222,0,1,100,0,16,96,16,32,0,139,-167,0,0,60,0,112,96,16,16,0,87,-189,0,0,60,0,112,96,16,16,0,40,-184,0,1,95,0,272,0,112,112,0,121,-164,0,0,100,0,112,112,16,48,0,81,-184,0,0,100,0,64,176,64,64,0,82,-155,0,0,100,0,1216,0,64,32,0,86,-192,0,1,100,0,272,112,64,64,0,30,-226,0,0,100,0,128,0,144,160,0,31,-133,0,0,100,0,0,0,128,96,0,0,-256,0,0,100,0,0,1024,192,256,0,
0,27,70,-107,0,0,20,0,224,464,32,32,0,70,-107,0,0,100,0,64,464,32,32,0,108,-107,0,0,60,0,160,496,32,32,0,108,-107,0,0,100,0,32,496,32,32,0,24,-119,0,0,40,0,640,416,64,48,0,24,-119,0,0,100,0,128,416,64,48,0,10,-152,0,0,20,0,640,288,80,64,0,10,-152,0,0,100,0,320,288,80,64,0,107,-87,0,0,40,0,1184,16,32,16,0,39,-99,0,0,60,0,1168,0,48,16,0,61,-92,0,0,80,0,1232,32,48,16,0,13,-116,0,0,80,0,1216,0,64,32,0,27,-222,1,0,100,0,128,240,64,48,0,123,-206,0,1,100,0,48,128,48,48,0,138,-200,0,1,100,0,48,96,16,32,0,71,-228,0,1,100,0,0,128,48,48,0,86,-222,0,1,100,0,32,96,16,32,0,139,-167,0,0,60,0,112,96,16,16,0,87,-189,0,0,60,0,112,96,16,16,0,40,-184,0,1,90,0,272,0,112,112,0,121,-164,0,0,100,0,112,112,16,48,0,81,-184,0,0,100,0,64,176,64,64,0,82,-155,0,0,100,0,1216,0,64,32,0,86,-192,0,1,100,0,272,112,64,64,0,30,-226,0,0,100,0,128,0,144,160,0,31,-133,0,0,100,0,0,0,128,96,0,0,-256,0,0,100,0,0,1024,192,256,0,
0,26,70,-107,0,0,10,0,224,464,32,32,0,70,-107,0,0,100,0,64,464,32,32,0,108,-107,0,0,50,0,160,496,32,32,0,108,-107,0,0,100,0,32,496,32,32,0,24,-119,0,0,30,0,640,416,64,48,0,24,-119,0,0,100,0,128,416,64,48,0,10,-152,0,0,100,0,320,288,80,64,0,107,-87,0,0,40,0,1184,16,32,16,0,39,-99,0,0,60,0,1168,0,48,16,0,61,-92,0,0,80,0,1232,32,48,16,0,13,-116,0,0,80,0,1216,0,64,32,0,27,-222,1,0,100,0,192,240,64,48,0,123,-206,0,1,100,0,0,128,48,48,0,138,-200,0,1,100,0,0,96,16,32,0,71,-228,0,1,100,0,48,128,48,48,0,86,-222,0,1,100,0,48,96,16,32,0,139,-167,0,0,60,0,112,96,16,16,0,87,-189,0,0,60,0,112,96,16,16,0,40,-184,0,1,95,0,272,0,112,112,0,121,-164,0,0,100,0,112,112,16,48,0,81,-184,0,0,100,0,64,176,64,64,0,82,-155,0,0,100,0,1216,0,64,32,0,86,-192,0,1,100,0,272,112,64,64,0,30,-226,0,0,100,0,128,0,144,160,0,31,-133,0,0,100,0,0,0,128,96,0,0,-256,0,0,100,0,0,1024,192,256,0,
0,25,72,-108,0,0,100,0,0,464,32,32,0,107,-109,0,0,40,0,192,496,32,32,0,107,-109,0,0,100,0,64,496,32,32,0,28,-121,0,0,20,0,704,416,64,48,0,28,-121,0,0,100,0,192,416,64,48,0,12,-153,0,0,100,0,80,288,80,64,0,106,-89,0,0,60,0,1184,16,32,16,0,43,-101,0,0,80,0,1168,0,48,16,0,63,-93,0,0,100,0,1232,32,48,16,0,15,-117,0,0,100,0,1216,0,64,32,0,27,-222,1,0,100,0,0,240,64,48,0,123,-206,0,1,100,0,48,128,48,48,0,138,-200,0,1,100,0,16,96,16,32,0,71,-228,0,1,100,0,0,128,48,48,0,86,-222,0,1,100,0,0,96,16,32,0,139,-167,0,0,60,0,112,96,16,16,0,87,-189,0,0,60,0,112,96,16,16,0,40,-184,0,1,100,0,272,0,112,112,0,121,-164,0,0,100,0,112,112,16,48,0,81,-184,0,0,100,0,64,176,64,64,0,82,-155,0,0,100,0,1216,0,64,32,0,86,-192,0,1,100,0,272,112,64,64,0,30,-226,0,0,100,0,128,0,144,160,0,31,-133,0,0,100,0,0,0,128,96,0,0,-256,0,0,100,0,0,1024,192,256,0,
0,25,72,-108,0,0,100,0,0,464,32,32,0,107,-109,0,0,30,0,192,496,32,32,0,107,-109,0,0,100,0,64,496,32,32,0,28,-121,0,0,10,0,704,416,64,48,0,28,-121,0,0,100,0,192,416,64,48,0,12,-153,0,0,100,0,80,288,80,64,0,106,-89,0,0,60,0,1184,16,32,16,0,43,-101,0,0,80,0,1168,0,48,16,0,63,-93,0,0,100,0,1232,32,48,16,0,15,-117,0,0,100,0,1216,0,64,32,0,27,-222,1,0,100,0,64,240,64,48,0,123,-206,0,1,100,0,0,128,48,48,0,138,-200,0,1,100,0,32,96,16,32,0,71,-228,0,1,100,0,48,128,48,48,0,86,-222,0,1,100,0,16,96,16,32,0,139,-167,0,0,60,0,112,96,16,16,0,87,-189,0,0,60,0,112,96,16,16,0,40,-184,0,1,95,0,272,0,112,112,0,121,-164,0,0,100,0,112,112,16,48,0,81,-184,0,0,100,0,64,176,64,64,0,82,-155,0,0,100,0,1216,0,64,32,0,86,-192,0,1,100,0,272,112,64,64,0,30,-226,0,0,100,0,128,0,144,160,0,31,-133,0,0,100,0,0,0,128,96,0,0,-256,0,0,100,0,0,1024,192,256,0,
0,24,74,-109,0,0,100,0,32,464,32,32,0,106,-111,0,0,20,0,224,496,32,32,0,106,-111,0,0,100,0,96,496,32,32,0,32,-123,0,0,100,0,0,416,64,48,0,14,-154,0,0,100,0,160,288,80,64,0,105,-91,0,0,80,0,1184,16,32,16,0,47,-103,0,0,100,0,1168,0,48,16,0,65,-94,0,0,100,0,1232,32,48,16,0,17,-118,0,0,100,0,1216,0,64,32,0,41,-211,1,0,100,0,256,208,32,32,0,123,-206,0,1,100,0,48,128,48,48,0,138,-200,0,1,100,0,48,96,16,32,0,71,-228,0,1,100,0,0,128,48,48,0,86,-222,0,1,100,0,32,96,16,32,0,139,-167,0,0,60,0,112,96,16,16,0,87,-189,0,0,60,0,112,96,16,16,0,40,-184,0,1,90,0,272,0,112,112,0,121,-164,0,0,100,0,112,112,16,48,0,81,-184,0,0,100,0,64,176,64,64,0,82,-155,0,0,100,0,1216,0,64,32,0,86,-192,0,1,100,0,272,112,64,64,0,30,-226,0,0,100,0,128,0,144,160,0,31,-133,0,0,100,0,0,0,128,96,0,0,-256,0,0,100,0,0,1024,192,256,0,
0,24,74,-109,0,0,100,0,32,464,32,32,0,106,-111,0,0,10,0,224,496,32,32,0,106,-111,0,0,100,0,96,496,32,32,0,32,-123,0,0,100,0,0,416,64,48,0,14,-154,0,0,100,0,160,288,80,64,0,105,-91,0,0,80,0,1184,16,32,16,0,47,-103,0,0,100,0,1168,0,48,16,0,65,-94,0,0,100,0,1232,32,48,16,0,17,-118,0,0,100,0,1216,0,64,32,0,43,-211,0,0,100,0,256,208,32,32,0,123,-206,0,1,100,0,0,128,48,48,0,138,-200,0,1,100,0,0,96,16,32,0,71,-228,0,1,100,0,48,128,48,48,0,86,-222,0,1,100,0,48,96,16,32,0,139,-167,0,0,60,0,112,96,16,16,0,87,-189,0,0,60,0,112,96,16,16,0,40,-184,0,1,95,0,272,0,112,112,0,121,-164,0,0,100,0,112,112,16,48,0,81,-184,0,0,100,0,64,176,64,64,0,82,-155,0,0,100,0,1216,0,64,32,0,86,-192,0,1,100,0,272,112,64,64,0,30,-226,0,0,100,0,128,0,144,160,0,31,-133,0,0,100,0,0,0,128,96,0,0,-256,0,0,100,0,0,1024,192,256,0,
0,23,76,-110,0,0,100,0,0,464,32,32,0,105,-113,0,0,100,0,0,496,32,32,0,36,-125,0,0,100,0,64,416,64,48,0,16,-155,0,0,100,0,240,288,80,64,0,104,-93,0,0,100,0,1184,16,32,16,0,51,-105,0,0,100,0,1168,0,48,16,0,67,-95,0,0,100,0,1232,32,48,16,0,19,-119,0,0,100,0,1216,0,64,32,0,27,-222,0,0,100,0,0,240,64,48,0,123,-206,0,1,100,0,48,128,48,48,0,138,-200,0,1,100,0,16,96,16,32,0,71,-228,0,1,100,0,0,128,48,48,0,86,-222,0,1,100,0,0,96,16,32,0,139,-167,0,0,60,0,112,96,16,16,0,87,-189,0,0,60,0,112,96,16,16,0,40,-184,0,1,100,0,272,0,112,112,0,121,-164,0,0,100,0,112,112,16,48,0,81,-184,0,0,100,0,64,176,64,64,0,82,-155,0,0,100,0,1216,0,64,32,0,86,-192,0,1,100,0,272,112,64,64,0,30,-226,0,0,100,0,128,0,144,160,0,31,-133,0,0,100,0,0,0,128,96,0,0,-256,0,0,100,0,0,1024,192,256,0,
0,23,76,-110,0,0,100,0,0,464,32,32,0,105,-113,0,0,100,0,0,496,32,32,0,36,-125,0,0,100,0,64,416,64,48,0,16,-155,0,0,100,0,240,288,80,64,0,104,-93,0,0,100,0,1184,16,32,16,0,51,-105,0,0,100,0,1168,0,48,16,0,67,-95,0,0,100,0,1232,32,48,16,0,19,-119,0,0,100,0,1216,0,64,32,0,27,-222,0,0,100,0,64,240,64,48,0,123,-206,0,1,100,0,0,128,48,48,0,138,-200,0,1,100,0,32,96,16,32,0,71,-228,0,1,100,0,48,128,48,48,0,86,-222,0,1,100,0,16,96,16,32,0,139,-167,0,0,60,0,112,96,16,16,0,87,-189,0,0,60,0,112,96,16,16,0,40,-184,0,1,95,0,272,0,112,112,0,121,-164,0,0,100,0,112,112,16,48,0,81,-184,0,0,100,0,64,176,64,64,0,82,-155,0,0,100,0,1216,0,64,32,0,86,-192,0,1,100,0,272,112,64,64,0,30,-226,0,0,100,0,128,0,144,160,0,31,-133,0,0,100,0,0,0,128,96,0,0,-256,0,0,100,0,0,1024,192,256,0,
0,23,78,-111,0,0,100,0,64,464,32,32,0,104,-115,0,0,100,0,32,496,32,32,0,40,-127,0,0,100,0,128,416,64,48,0,18,-156,0,0,100,0,320,288,80,64,0,103,-95,0,0,100,0,1184,16,32,16,0,55,-107,0,0,100,0,1168,0,48,16,0,69,-96,0,0,100,0,1232,32,48,16,0,21,-120,0,0,100,0,1216,0,64,32,0,27,-222,0,0,100,0,128,240,64,48,0,123,-206,0,1,100,0,48,128,48,48,0,138,-200,0,1,100,0,48,96,16,32,0,71,-228,0,1,100,0,0,128,48,48,0,86,-222,0,1,100,0,32,96,16,32,0,139,-167,0,0,60,0,112,96,16,16,0,87,-189,0,0,60,0,112,96,16,16,0,40,-184,0,1,90,0,272,0,112,112,0,121,-164,0,0,100,0,112,112,16,48,0,81,-184,0,0,100,0,64,176,64,64,0,82,-155,0,0,100,0,1216,0,64,32,0,86,-192,0,1,100,0,272,112,64,64,0,30,-226,0,0,100,0,128,0,144,160,0,31,-133,0,0,100,0,0,0,128,96,0,0,-256,0,0,100,0,0,1024,192,256,0,
0,23,78,-111,0,0,100,0,64,464,32,32,0,104,-115,0,0,100,0,32,496,32,32,0,40,-127,0,0,100,0,128,416,64,48,0,18,-156,0,0,100,0,320,288,80,64,0,103,-95,0,0,100,0,1184,16,32,16,0,55,-107,0,0,100,0,1168,0,48,16,0,69,-96,0,0,100,0,1232,32,48,16,0,21,-120,0,0,100,0,1216,0,64,32,0,27,-222,0,0,100,0,192,240,64,48,0,123,-206,0,1,100,0,0,128,48,48,0,138,-200,0,1,100,0,0,96,16,32,0,71,-228,0,1,100,0,48,128,48,48,0,86,-222,0,1,100,0,48,96,16,32,0,139,-167,0,0,60,0,112,96,16,16,0,87,-189,0,0,60,0,112,96,16,16,0,40,-184,0,1,95,0,272,0,112,112,0,121,-164,0,0,100,0,112,112,16,48,0,81,-184,0,0,100,0,64,176,64,64,0,82,-155,0,0,100,0,1216,0,64,32,0,86,-192,0,1,100,0,272,112,64,64,0,30,-226,0,0,100,0,128,0,144,160,0,31,-133,0,0,100,0,0,0,128,96,0,0,-256,0,0,100,0,0,1024,192,256,0,
0,23,80,-112,0,0,100,0,0,464,32,32,0,103,-117,0,0,100,0,64,496,32,32,0,42,-128,0,0,100,0,192,416,64,48,0,20,-157,0,0,100,0,80,288,80,64,0,102,-97,0,0,100,0,1184,16,32,16,0,59,-108,0,0,100,0,1168,0,48,16,0,71,-97,0,0,100,0,1232,32,48,16,0,23,-121,0,0,100,0,1216,0,64,32,0,27,-222,0,0,100,0,0,240,64,48,0,123,-206,0,1,100,0,48,128,48,48,0,138,-200,0,1,100,0,16,96,16,32,0,71,-228,0,1,100,0,0,128,48,48,0,86,-222,0,1,100,0,0,96,16,32,0,139,-167,0,0,60,0,112,96,16,16,0,87,-189,0,0,60,0,112,96,16,16,0,40,-184,0,1,100,0,272,0,112,112,0,121,-164,0,0,100,0,112,112,16,48,0,81,-184,0,0,100,0,64,176,64,64,0,82,-155,0,0,100,0,1216,0,64,32,0,86,-192,0,1,100,0,272,112,64,64,0,30,-226,0,0,100,0,128,0,144,160,0,31,-133,0,0,100,0,0,0,128,96,0,0,-256,0,0,100,0,0,1024,192,256,0,
0,23,80,-112,0,0,100,0,0,464,32,32,0,103,-117,0,0,100,0,64,496,32,32,0,42,-128,0,0,100,0,192,416,64,48,0,20,-157,0,0,100,0,80,288,80,64,0,102,-97,0,0,100,0,1184,16,32,16,0,59,-108,0,0,100,0,1168,0,48,16,0,71,-97,0,0,100,0,1232,32,48,16,0,23,-121,0,0,100,0,1216,0,64,32,0,27,-222,0,0,100,0,64,240,64,48,0,123,-206,0,1,100,0,0,128,48,48,0,138,-200,0,1,100,0,32,96,16,32,0,71,-228,0,1,100,0,48,128,48,48,0,86,-222,0,1,100,0,16,96,16,32,0,139,-167,0,0,60,0,112,96,16,16,0,87,-189,0,0,60,0,112,96,16,16,0,40,-184,0,1,95,0,272,0,112,112,0,121,-164,0,0,100,0,112,112,16,48,0,81,-184,0,0,100,0,64,176,64,64,0,82,-155,0,0,100,0,1216,0,64,32,0,86,-192,0,1,100,0,272,112,64,64,0,30,-226,0,0,100,0,128,0,144,160,0,31,-133,0,0,100,0,0,0,128,96,0,0,-256,0,0,100,0,0,1024,192,256,0,
0,23,82,-113,0,0,100,0,32,464,32,32,0,102,-119,0,0,100,0,96,496,32,32,0,43,-128,0,0,100,0,256,416,64,48,0,22,-158,0,0,100,0,160,288,80,64,0,100,-98,0,0,100,0,1184,16,32,16,0,60,-107,0,0,100,0,1168,0,48,16,0,73,-98,0,0,100,0,1232,32,48,16,0,25,-122,0,0,100,0,1216,0,64,32,0,27,-222,0,0,100,0,128,240,64,48,0,123,-206,0,1,100,0,48,128,48,48,0,138,-200,0,1,100,0,48,96,16,32,0,71,-228,0,1,100,0,0,128,48,48,0,86,-222,0,1,100,0,32,96,16,32,0,139,-167,0,0,60,0,112,96,16,16,0,87,-189,0,0,60,0,112,96,16,16,0,40,-184,0,1,90,0,272,0,112,112,0,121,-164,0,0,100,0,112,112,16,48,0,81,-184,0,0,100,0,64,176,64,64,0,82,-155,0,0,100,0,1216,0,64,32,0,86,-192,0,1,100,0,272,112,64,64,0,30,-226,0,0,100,0,128,0,144,160,0,31,-133,0,0,100,0,0,0,128,96,0,0,-256,0,0,100,0,0,1024,192,256,0,
0,23,82,-113,0,0,100,0,32,464,32,32,0,102,-119,0,0,100,0,96,496,32,32,0,43,-128,0,0,100,0,256,416,64,48,0,22,-158,0,0,100,0,160,288,80,64,0,100,-98,0,0,100,0,1184,16,32,16,0,60,-107,0,0,100,0,1168,0,48,16,0,73,-98,0,0,100,0,1232,32,48,16,0,25,-122,0,0,100,0,1216,0,64,32,0,27,-222,0,0,100,0,192,240,64,48,0,123,-206,0,1,100,0,0,128,48,48,0,138,-200,0,1,100,0,0,96,16,32,0,71,-228,0,1,100,0,48,128,48,48,0,86,-222,0,1,100,0,48,96,16,32,0,139,-167,0,0,60,0,112,96,16,16,0,87,-189,0,0,60,0,112,96,16,16,0,40,-184,0,1,95,0,272,0,112,112,0,121,-164,0,0,100,0,112,112,16,48,0,81,-184,0,0,100,0,64,176,64,64,0,82,-155,0,0,100,0,1216,0,64,32,0,86,-192,0,1,100,0,272,112,64,64,0,30,-226,0,0,100,0,128,0,144,160,0,31,-133,0,0,100,0,0,0,128,96,0,0,-256,0,0,100,0,0,1024,192,256,0,
0,23,84,-114,0,0,100,0,0,464,32,32,0,101,-121,0,0,100,0,0,496,32,32,0,43,-128,0,0,100,0,320,416,64,48,0,24,-159,0,0,100,0,240,288,80,64,0,99,-100,0,0,100,0,1184,16,32,16,0,60,-107,0,0,100,0,1168,0,48,16,0,75,-99,0,0,100,0,1232,32,48,16,0,27,-123,0,0,100,0,1216,0,64,32,0,27,-222,0,0,100,0,0,240,64,48,0,123,-206,0,1,100,0,48,128,48,48,0,138,-200,0,1,100,0,16,96,16,32,0,71,-228,0,1,100,0,0,128,48,48,0,86,-222,0,1,100,0,0,96,16,32,0,139,-167,0,0,60,0,112,96,16,16,0,87,-189,0,0,60,0,112,96,16,16,0,40,-184,0,1,100,0,272,0,112,112,0,121,-164,0,0,100,0,112,112,16,48,0,81,-184,0,0,100,0,64,176,64,64,0,82,-155,0,0,100,0,1216,0,64,32,0,86,-192,0,1,100,0,272,112,64,64,0,30,-226,0,0,100,0,128,0,144,160,0,31,-133,0,0,100,0,0,0,128,96,0,0,-256,0,0,100,0,0,1024,192,256,0,
0,23,84,-114,0,0,100,0,0,464,32,32,0,101,-121,0,0,100,0,0,496,32,32,0,43,-128,0,0,100,0,320,416,64,48,0,24,-159,0,0,100,0,240,288,80,64,0,99,-100,0,0,100,0,1184,16,32,16,0,60,-107,0,0,100,0,1168,0,48,16,0,75,-99,0,0,100,0,1232,32,48,16,0,27,-123,0,0,100,0,1216,0,64,32,0,27,-222,0,0,100,0,64,240,64,48,0,123,-206,0,1,100,0,0,128,48,48,0,138,-200,0,1,100,0,32,96,16,32,0,71,-228,0,1,100,0,48,128,48,48,0,86,-222,0,1,100,0,16,96,16,32,0,139,-167,0,0,60,0,112,96,16,16,0,87,-189,0,0,60,0,112,96,16,16,0,40,-184,0,1,95,0,272,0,112,112,0,121,-164,0,0,100,0,112,112,16,48,0,81,-184,0,0,100,0,64,176,64,64,0,82,-155,0,0,100,0,1216,0,64,32,0,86,-192,0,1,100,0,272,112,64,64,0,30,-226,0,0,100,0,128,0,144,160,0,31,-133,0,0,100,0,0,0,128,96,0,0,-256,0,0,100,0,0,1024,192,256,0,
0,23,84,-114,0,0,100,0,96,464,32,32,0,100,-123,0,0,100,0,32,496,32,32,0,43,-128,0,0,100,0,384,416,64,48,0,26,-159,0,0,100,0,320,288,80,64,0,98,-102,0,0,100,0,1184,16,32,16,0,60,-107,0,0,100,0,1168,0,48,16,0,75,-99,0,0,100,0,1232,32,48,16,0,29,-124,0,0,100,0,1216,0,64,32,0,27,-222,0,0,100,0,128,240,64,48,0,123,-206,0,1,100,0,48,128,48,48,0,138,-200,0,1,100,0,48,96,16,32,0,71,-228,0,1,100,0,0,128,48,48,0,86,-222,0,1,100,0,32,96,16,32,0,139,-167,0,0,60,0,112,96,16,16,0,87,-189,0,0,60,0,112,96,16,16,0,40,-184,0,1,90,0,272,0,112,112,0,121,-164,0,0,100,0,112,112,16,48,0,81,-184,0,0,100,0,64,176,64,64,0,82,-155,0,0,100,0,1216,0,64,32,0,86,-192,0,1,100,0,272,112,64,64,0,30,-226,0,0,100,0,128,0,144,160,0,31,-133,0,0,100,0,0,0,128,96,0,0,-256,0,0,100,0,0,1024,192,256,0,
0,23,84,-114,0,0,100,0,96,464,32,32,0,99,-125,0,0,100,0,64,496,32,32,0,43,-128,0,0,100,0,384,416,64,48,0,26,-159,0,0,100,0,320,288,80,64,0,97,-104,0,0,100,0,1184,16,32,16,0,60,-107,0,0,100,0,1168,0,48,16,0,75,-99,0,0,100,0,1232,32,48,16,0,29,-124,0,0,100,0,1216,0,64,32,0,27,-222,0,0,100,0,192,240,64,48,0,123,-206,0,1,100,0,0,128,48,48,0,138,-200,0,1,100,0,0,96,16,32,0,71,-228,0,1,100,0,48,128,48,48,0,86,-222,0,1,100,0,48,96,16,32,0,139,-167,0,0,60,0,112,96,16,16,0,87,-189,0,0,60,0,112,96,16,16,0,40,-184,0,1,95,0,272,0,112,112,0,121,-164,0,0,100,0,112,112,16,48,0,81,-184,0,0,100,0,64,176,64,64,0,82,-155,0,0,100,0,1216,0,64,32,0,86,-192,0,1,100,0,272,112,64,64,0,30,-226,0,0,100,0,128,0,144,160,0,31,-133,0,0,100,0,0,0,128,96,0,0,-256,0,0,100,0,0,1024,192,256,0,
0,23,84,-114,0,0,100,0,0,464,32,32,0,99,-125,0,0,100,0,64,496,32,32,0,43,-128,0,0,100,0,448,416,64,48,0,26,-159,0,0,100,0,80,352,80,64,0,97,-104,0,0,100,0,1184,16,32,16,0,60,-107,0,0,100,0,1168,0,48,16,0,75,-99,0,0,100,0,1232,32,48,16,0,29,-124,0,0,100,0,1216,0,64,32,0,27,-222,0,0,100,0,0,240,64,48,0,123,-206,0,1,100,0,48,128,48,48,0,138,-200,0,1,100,0,16,96,16,32,0,71,-228,0,1,100,0,0,128,48,48,0,86,-222,0,1,100,0,0,96,16,32,0,139,-167,0,0,60,0,112,96,16,16,0,87,-189,0,0,60,0,112,96,16,16,0,40,-184,0,1,100,0,272,0,112,112,0,121,-164,0,0,100,0,112,112,16,48,0,81,-184,0,0,100,0,64,176,64,64,0,82,-155,0,0,100,0,1216,0,64,32,0,86,-192,0,1,100,0,272,112,64,64,0,30,-226,0,0,100,0,128,0,144,160,0,31,-133,0,0,100,0,0,0,128,96,0,0,-256,0,0,100,0,0,1024,192,256,0,
0,23,84,-114,0,0,100,0,0,464,32,32,0,99,-126,0,0,100,0,96,496,32,32,0,43,-128,0,0,100,0,448,416,64,48,0,26,-159,0,0,100,0,80,352,80,64,0,97,-104,0,0,100,0,1184,16,32,16,0,60,-107,0,0,100,0,1168,0,48,16,0,75,-99,0,0,100,0,1232,32,48,16,0,29,-124,0,0,100,0,1216,0,64,32,0,27,-222,0,0,100,0,64,240,64,48,0,123,-206,0,1,100,0,0,128,48,48,0,138,-200,0,1,100,0,32,96,16,32,0,71,-228,0,1,100,0,48,128,48,48,0,86,-222,0,1,100,0,16,96,16,32,0,139,-167,0,0,60,0,112,96,16,16,0,87,-189,0,0,60,0,112,96,16,16,0,40,-184,0,1,95,0,272,0,112,112,0,121,-164,0,0,100,0,112,112,16,48,0,81,-184,0,0,100,0,64,176,64,64,0,82,-155,0,0,100,0,1216,0,64,32,0,86,-192,0,1,100,0,272,112,64,64,0,30,-226,0,0,100,0,128,0,144,160,0,31,-133,0,0,100,0,0,0,128,96,0,0,-256,0,0,100,0,0,1024,192,256,0,
0,23,84,-114,0,0,100,0,128,464,32,32,0,99,-125,0,0,100,0,0,496,32,32,0,43,-128,0,0,100,0,256,416,64,48,0,26,-159,0,0,100,0,160,352,80,64,0,97,-104,0,0,100,0,1184,16,32,16,0,60,-107,0,0,100,0,1168,0,48,16,0,75,-99,0,0,100,0,1232,32,48,16,0,29,-124,0,0,100,0,1216,0,64,32,0,27,-222,0,0,100,0,128,240,64,48,0,123,-206,0,1,100,0,48,128,48,48,0,138,-200,0,1,100,0,48,96,16,32,0,71,-228,0,1,100,0,0,128,48,48,0,86,-222,0,1,100,0,32,96,16,32,0,139,-167,0,0,60,0,112,96,16,16,0,87,-189,0,0,60,0,112,96,16,16,0,40,-184,0,1,90,0,272,0,112,112,0,121,-164,0,0,100,0,112,112,16,48,0,81,-184,0,0,100,0,64,176,64,64,0,82,-155,0,0,100,0,1216,0,64,32,0,86,-192,0,1,100,0,272,112,64,64,0,30,-226,0,0,100,0,128,0,144,160,0,31,-133,0,0,100,0,0,0,128,96,0,0,-256,0,0,100,0,0,1024,192,256,0,
0,23,84,-114,0,0,100,0,128,464,32,32,0,99,-125,0,0,100,0,0,496,32,32,0,43,-128,0,0,100,0,256,416,64,48,0,26,-159,0,0,100,0,160,352,80,64,0,97,-104,0,0,100,0,1184,16,32,16,0,60,-107,0,0,100,0,1168,0,48,16,0,75,-99,0,0,100,0,1232,32,48,16,0,29,-124,0,0,100,0,1216,0,64,32,0,27,-222,0,0,100,0,192,240,64,48,0,123,-206,0,1,100,0,0,128,48,48,0,138,-200,0,1,100,0,0,96,16,32,0,71,-228,0,1,100,0,48,128,48,48,0,86,-222,0,1,100,0,48,96,16,32,0,139,-167,0,0,60,0,112,96,16,16,0,87,-189,0,0,60,0,112,96,16,16,0,40,-184,0,1,95,0,272,0,112,112,0,121,-164,0,0,100,0,112,112,16,48,0,81,-184,0,0,100,0,64,176,64,64,0,82,-155,0,0,100,0,1216,0,64,32,0,86,-192,0,1,100,0,272,112,64,64,0,30,-226,0,0,100,0,128,0,144,160,0,31,-133,0,0,100,0,0,0,128,96,0,0,-256,0,0,100,0,0,1024,192,256,0,
0,23,84,-114,0,0,100,0,0,464,32,32,0,99,-124,0,0,100,0,32,496,32,32,0,43,-128,0,0,100,0,320,416,64,48,0,26,-159,0,0,100,0,240,352,80,64,0,97,-104,0,0,100,0,1184,16,32,16,0,60,-107,0,0,100,0,1168,0,48,16,0,75,-99,0,0,100,0,1232,32,48,16,0,29,-124,0,0,100,0,1216,0,64,32,0,27,-222,0,0,100,0,0,240,64,48,0,123,-206,0,1,100,0,48,128,48,48,0,138,-200,0,1,100,0,16,96,16,32,0,71,-228,0,1,100,0,0,128,48,48,0,86,-222,0,1,100,0,0,96,16,32,0,139,-167,0,0,60,0,112,96,16,16,0,87,-189,0,0,60,0,112,96,16,16,0,40,-184,0,1,100,0,272,0,112,112,0,121,-164,0,0,100,0,112,112,16,48,0,81,-184,0,0,100,0,64,176,64,64,0,82,-155,0,0,100,0,1216,0,64,32,0,86,-192,0,1,100,0,272,112,64,64,0,30,-226,0,0,100,0,128,0,144,160,0,31,-133,0,0,100,0,0,0,128,96,0,0,-256,0,0,100,0,0,1024,192,256,0,
0,23,84,-114,0,0,100,0,0,464,32,32,0,99,-124,0,0,100,0,32,496,32,32,0,43,-128,0,0,100,0,320,416,64,48,0,26,-159,0,0,100,0,240,352,80,64,0,97,-104,0,0,100,0,1184,16,32,16,0,60,-107,0,0,100,0,1168,0,48,16,0,75,-99,0,0,100,0,1232,32,48,16,0,29,-124,0,0,100,0,1216,0,64,32,0,27,-222,0,0,100,0,64,240,64,48,0,123,-206,0,1,100,0,0,128,48,48,0,138,-200,0,1,100,0,32,96,16,32,0,71,-228,0,1,100,0,48,128,48,48,0,86,-222,0,1,100,0,16,96,16,32,0,139,-167,0,0,60,0,112,96,16,16,0,87,-189,0,0,60,0,112,96,16,16,0,40,-184,0,1,95,0,272,0,112,112,0,121,-164,0,0,100,0,112,112,16,48,0,81,-184,0,0,100,0,64,176,64,64,0,82,-155,0,0,100,0,1216,0,64,32,0,86,-192,0,1,100,0,272,112,64,64,0,30,-226,0,0,100,0,128,0,144,160,0,31,-133,0,0,100,0,0,0,128,96,0,0,-256,0,0,100,0,0,1024,192,256,0,
0,23,84,-114,0,0,100,0,96,464,32,32,0,99,-125,0,0,100,0,64,496,32,32,0,43,-128,0,0,100,0,384,416,64,48,0,26,-159,0,0,100,0,320,352,80,64,0,97,-104,0,0,100,0,1184,16,32,16,0,60,-107,0,0,100,0,1168,0,48,16,0,75,-99,0,0,100,0,1232,32,48,16,0,29,-124,0,0,100,0,1216,0,64,32,0,27,-222,0,0,100,0,128,240,64,48,0,123,-206,0,1,100,0,48,128,48,48,0,138,-200,0,1,100,0,48,96,16,32,0,71,-228,0,1,100,0,0,128,48,48,0,86,-222,0,1,100,0,32,96,16,32,0,139,-167,0,0,60,0,112,96,16,16,0,87,-189,0,0,60,0,112,96,16,16,0,40,-184,0,1,90,0,272,0,112,112,0,121,-164,0,0,100,0,112,112,16,48,0,81,-184,0,0,100,0,64,176,64,64,0,82,-155,0,0,100,0,1216,0,64,32,0,86,-192,0,1,100,0,272,112,64,64,0,30,-226,0,0,100,0,128,0,144,160,0,31,-133,0,0,100,0,0,0,128,96,0,0,-256,0,0,100,0,0,1024,192,256,0,
0,23,84,-114,0,0,100,0,96,464,32,32,0,99,-125,0,0,100,0,64,496,32,32,0,43,-128,0,0,100,0,384,416,64,48,0,26,-159,0,0,100,0,320,352,80,64,0,97,-104,0,0,100,0,1184,16,32,16,0,60,-107,0,0,100,0,1168,0,48,16,0,75,-99,0,0,100,0,1232,32,48,16,0,29,-124,0,0,100,0,1216,0,64,32,0,27,-222,0,0,100,0,192,240,64,48,0,123,-206,0,1,100,0,0,128,48,48,0,138,-200,0,1,100,0,0,96,16,32,0,71,-228,0,1,100,0,48,128,48,48,0,86,-222,0,1,100,0,48,96,16,32,0,139,-167,0,0,60,0,112,96,16,16,0,87,-189,0,0,60,0,112,96,16,16,0,40,-184,0,1,95,0,272,0,112,112,0,121,-164,0,0,100,0,112,112,16,48,0,81,-184,0,0,100,0,64,176,64,64,0,82,-155,0,0,100,0,1216,0,64,32,0,86,-192,0,1,100,0,272,112,64,64,0,30,-226,0,0,100,0,128,0,144,160,0,31,-133,0,0,100,0,0,0,128,96,0,0,-256,0,0,100,0,0,1024,192,256,0,
0,23,84,-114,0,0,100,0,0,464,32,32,0,99,-126,0,0,100,0,96,496,32,32,0,43,-128,0,0,100,0,448,416,64,48,0,26,-159,0,0,100,0,80,352,80,64,0,97,-104,0,0,100,0,1184,16,32,16,0,60,-107,0,0,100,0,1168,0,48,16,0,75,-99,0,0,100,0,1232,32,48,16,0,29,-124,0,0,100,0,1216,0,64,32,0,27,-222,0,0,100,0,0,240,64,48,0,123,-206,0,1,100,0,48,128,48,48,0,138,-200,0,1,100,0,16,96,16,32,0,71,-228,0,1,100,0,0,128,48,48,0,86,-222,0,1,100,0,0,96,16,32,0,139,-167,0,0,60,0,112,96,16,16,0,87,-189,0,0,60,0,112,96,16,16,0,40,-184,0,1,100,0,272,0,112,112,0,121,-164,0,0,100,0,112,112,16,48,0,81,-184,0,0,100,0,64,176,64,64,0,82,-155,0,0,100,0,1216,0,64,32,0,86,-192,0,1,100,0,272,112,64,64,0,30,-226,0,0,100,0,128,0,144,160,0,31,-133,0,0,100,0,0,0,128,96,0,0,-256,0,0,100,0,0,1024,192,256,0,
0,23,84,-114,0,0,100,0,0,464,32,32,0,99,-126,0,0,100,0,96,496,32,32,0,43,-128,0,0,100,0,448,416,64,48,0,26,-159,0,0,100,0,80,352,80,64,0,97,-104,0,0,100,0,1184,16,32,16,0,60,-107,0,0,100,0,1168,0,48,16,0,75,-99,0,0,100,0,1232,32,48,16,0,29,-124,0,0,100,0,1216,0,64,32,0,27,-222,0,0,100,0,64,240,64,48,0,123,-206,0,1,100,0,0,128,48,48,0,138,-200,0,1,100,0,32,96,16,32,0,71,-228,0,1,100,0,48,128,48,48,0,86,-222,0,1,100,0,16,96,16,32,0,139,-167,0,0,60,0,112,96,16,16,0,87,-189,0,0,60,0,112,96,16,16,0,40,-184,0,1,95,0,272,0,112,112,0,121,-164,0,0,100,0,112,112,16,48,0,81,-184,0,0,100,0,64,176,64,64,0,82,-155,0,0,100,0,1216,0,64,32,0,86,-192,0,1,100,0,272,112,64,64,0,30,-226,0,0,100,0,128,0,144,160,0,31,-133,0,0,100,0,0,0,128,96,0,0,-256,0,0,100,0,0,1024,192,256,0,
0,23,84,-114,0,0,100,0,128,464,32,32,0,99,-125,0,0,100,0,0,496,32,32,0,43,-128,0,0,100,0,256,416,64,48,0,26,-159,0,0,100,0,160,352,80,64,0,97,-104,0,0,100,0,1184,16,32,16,0,60,-107,0,0,100,0,1168,0,48,16,0,75,-99,0,0,100,0,1232,32,48,16,0,29,-124,0,0,100,0,1216,0,64,32,0,27,-222,0,0,100,0,128,240,64,48,0,123,-206,0,1,100,0,48,128,48,48,0,138,-200,0,1,100,0,48,96,16,32,0,71,-228,0,1,100,0,0,128,48,48,0,86,-222,0,1,100,0,32,96,16,32,0,139,-167,0,0,60,0,112,96,16,16,0,87,-189,0,0,60,0,112,96,16,16,0,40,-184,0,1,90,0,272,0,112,112,0,121,-164,0,0,100,0,112,112,16,48,0,81,-184,0,0,100,0,64,176,64,64,0,82,-155,0,0,100,0,1216,0,64,32,0,86,-192,0,1,100,0,272,112,64,64,0,30,-226,0,0,100,0,128,0,144,160,0,31,-133,0,0,100,0,0,0,128,96,0,0,-256,0,0,100,0,0,1024,192,256,0,
0,23,84,-114,0,0,100,0,128,464,32,32,0,99,-125,0,0,100,0,0,496,32,32,0,43,-128,0,0,100,0,256,416,64,48,0,26,-159,0,0,100,0,160,352,80,64,0,97,-104,0,0,100,0,1184,16,32,16,0,60,-107,0,0,100,0,1168,0,48,16,0,75,-99,0,0,100,0,1232,32,48,16,0,29,-124,0,0,100,0,1216,0,64,32,0,27,-222,0,0,100,0,192,240,64,48,0,123,-206,0,1,100,0,0,128,48,48,0,138,-200,0,1,100,0,0,96,16,32,0,71,-228,0,1,100,0,48,128,48,48,0,86,-222,0,1,100,0,48,96,16,32,0,139,-167,0,0,60,0,112,96,16,16,0,87,-189,0,0,60,0,112,96,16,16,0,40,-184,0,1,95,0,272,0,112,112,0,121,-164,0,0,100,0,112,112,16,48,0,81,-184,0,0,100,0,64,176,64,64,0,82,-155,0,0,100,0,1216,0,64,32,0,86,-192,0,1,100,0,272,112,64,64,0,30,-226,0,0,100,0,128,0,144,160,0,31,-133,0,0,100,0,0,0,128,96,0,0,-256,0,0,100,0,0,1024,192,256,0,
0,23,84,-114,0,0,100,0,0,464,32,32,0,99,-124,0,0,100,0,32,496,32,32,0,43,-128,0,0,100,0,320,416,64,48,0,26,-159,0,0,100,0,240,352,80,64,0,97,-104,0,0,100,0,1184,16,32,16,0,60,-107,0,0,100,0,1168,0,48,16,0,75,-99,0,0,100,0,1232,32,48,16,0,29,-124,0,0,100,0,1216,0,64,32,0,27,-222,0,0,100,0,0,240,64,48,0,123,-206,0,1,100,0,48,128,48,48,0,138,-200,0,1,100,0,16,96,16,32,0,71,-228,0,1,100,0,0,128,48,48,0,86,-222,0,1,100,0,0,96,16,32,0,139,-167,0,0,60,0,112,96,16,16,0,87,-189,0,0,60,0,112,96,16,16,0,40,-184,0,1,100,0,272,0,112,112,0,121,-164,0,0,100,0,112,112,16,48,0,81,-184,0,0,100,0,64,176,64,64,0,82,-155,0,0,100,0,1216,0,64,32,0,86,-192,0,1,100,0,272,112,64,64,0,30,-226,0,0,100,0,128,0,144,160,0,31,-133,0,0,100,0,0,0,128,96,0,0,-256,0,0,100,0,0,1024,192,256,0,
0,23,84,-114,0,0,100,0,0,464,32,32,0,99,-124,0,0,100,0,32,496,32,32,0,43,-128,0,0,100,0,320,416,64,48,0,26,-159,0,0,100,0,240,352,80,64,0,97,-104,0,0,100,0,1184,16,32,16,0,60,-107,0,0,100,0,1168,0,48,16,0,75,-99,0,0,100,0,1232,32,48,16,0,29,-124,0,0,100,0,1216,0,64,32,0,27,-222,0,0,100,0,64,240,64,48,0,123,-206,0,1,100,0,0,128,48,48,0,138,-200,0,1,100,0,32,96,16,32,0,71,-228,0,1,100,0,48,128,48,48,0,86,-222,0,1,100,0,16,96,16,32,0,139,-167,0,0,60,0,112,96,16,16,0,87,-189,0,0,60,0,112,96,16,16,0,40,-184,0,1,95,0,272,0,112,112,0,121,-164,0,0,100,0,112,112,16,48,0,81,-184,0,0,100,0,64,176,64,64,0,82,-155,0,0,100,0,1216,0,64,32,0,86,-192,0,1,100,0,272,112,64,64,0,30,-226,0,0,100,0,128,0,144,160,0,31,-133,0,0,100,0,0,0,128,96,0,0,-256,0,0,100,0,0,1024,192,256,0,
0,23,84,-114,0,0,100,0,96,464,32,32,0,99,-125,0,0,100,0,64,496,32,32,0,43,-128,0,0,100,0,384,416,64,48,0,26,-159,0,0,100,0,320,352,80,64,0,97,-104,0,0,100,0,1184,16,32,16,0,60,-107,0,0,100,0,1168,0,48,16,0,75,-99,0,0,100,0,1232,32,48,16,0,29,-124,0,0,100,0,1216,0,64,32,0,27,-222,0,0,100,0,128,240,64,48,0,123,-206,0,1,100,0,48,128,48,48,0,138,-200,0,1,100,0,48,96,16,32,0,71,-228,0,1,100,0,0,128,48,48,0,86,-222,0,1,100,0,32,96,16,32,0,139,-167,0,0,60,0,112,96,16,16,0,87,-189,0,0,60,0,112,96,16,16,0,40,-184,0,1,90,0,272,0,112,112,0,121,-164,0,0,100,0,112,112,16,48,0,81,-184,0,0,100,0,64,176,64,64,0,82,-155,0,0,100,0,1216,0,64,32,0,86,-192,0,1,100,0,272,112,64,64,0,30,-226,0,0,100,0,128,0,144,160,0,31,-133,0,0,100,0,0,0,128,96,0,0,-256,0,0,100,0,0,1024,192,256,0,
0,23,84,-114,0,0,100,0,96,464,32,32,0,99,-125,0,0,100,0,64,496,32,32,0,43,-128,0,0,100,0,384,416,64,48,0,26,-159,0,0,100,0,320,352,80,64,0,97,-104,0,0,100,0,1184,16,32,16,0,60,-107,0,0,100,0,1168,0,48,16,0,75,-99,0,0,100,0,1232,32,48,16,0,29,-124,0,0,100,0,1216,0,64,32,0,27,-222,0,0,100,0,192,240,64,48,0,123,-206,0,1,100,0,0,128,48,48,0,138,-200,0,1,100,0,0,96,16,32,0,71,-228,0,1,100,0,48,128,48,48,0,86,-222,0,1,100,0,48,96,16,32,0,139,-167,0,0,60,0,112,96,16,16,0,87,-189,0,0,60,0,112,96,16,16,0,40,-184,0,1,95,0,272,0,112,112,0,121,-164,0,0,100,0,112,112,16,48,0,81,-184,0,0,100,0,64,176,64,64,0,82,-155,0,0,100,0,1216,0,64,32,0,86,-192,0,1,100,0,272,112,64,64,0,30,-226,0,0,100,0,128,0,144,160,0,31,-133,0,0,100,0,0,0,128,96,0,0,-256,0,0,100,0,0,1024,192,256,0,
0,23,84,-114,0,0,100,0,0,464,32,32,0,99,-126,0,0,100,0,96,496,32,32,0,43,-128,0,0,100,0,448,416,64,48,0,26,-159,0,0,100,0,80,352,80,64,0,97,-104,0,0,100,0,1184,16,32,16,0,60,-107,0,0,100,0,1168,0,48,16,0,75,-99,0,0,100,0,1232,32,48,16,0,29,-124,0,0,100,0,1216,0,64,32,0,27,-222,0,0,100,0,0,240,64,48,0,123,-206,0,1,100,0,48,128,48,48,0,138,-200,0,1,100,0,16,96,16,32,0,71,-228,0,1,100,0,0,128,48,48,0,86,-222,0,1,100,0,0,96,16,32,0,139,-167,0,0,60,0,112,96,16,16,0,87,-189,0,0,60,0,112,96,16,16,0,40,-184,0,1,100,0,272,0,112,112,0,121,-164,0,0,100,0,112,112,16,48,0,81,-184,0,0,100,0,64,176,64,64,0,82,-155,0,0,100,0,1216,0,64,32,0,86,-192,0,1,100,0,272,112,64,64,0,30,-226,0,0,100,0,128,0,144,160,0,31,-133,0,0,100,0,0,0,128,96,0,0,-256,0,0,100,0,0,1024,192,256,0,
0,23,84,-114,0,0,100,0,0,464,32,32,0,99,-126,0,0,100,0,96,496,32,32,0,43,-128,0,0,100,0,448,416,64,48,0,26,-159,0,0,100,0,80,352,80,64,0,97,-104,0,0,100,0,1184,16,32,16,0,60,-107,0,0,100,0,1168,0,48,16,0,75,-99,0,0,100,0,1232,32,48,16,0,29,-124,0,0,100,0,1216,0,64,32,0,27,-222,0,0,100,0,64,240,64,48,0,123,-206,0,1,100,0,0,128,48,48,0,138,-200,0,1,100,0,32,96,16,32,0,71,-228,0,1,100,0,48,128,48,48,0,86,-222,0,1,100,0,16,96,16,32,0,139,-167,0,0,60,0,112,96,16,16,0,87,-189,0,0,60,0,112,96,16,16,0,40,-184,0,1,95,0,272,0,112,112,0,121,-164,0,0,100,0,112,112,16,48,0,81,-184,0,0,100,0,64,176,64,64,0,82,-155,0,0,100,0,1216,0,64,32,0,86,-192,0,1,100,0,272,112,64,64,0,30,-226,0,0,100,0,128,0,144,160,0,31,-133,0,0,100,0,0,0,128,96,0,0,-256,0,0,100,0,0,1024,192,256,0,
0,23,84,-114,0,0,100,0,128,464,32,32,0,99,-125,0,0,100,0,0,496,32,32,0,43,-128,0,0,100,0,256,416,64,48,0,26,-159,0,0,100,0,160,352,80,64,0,97,-104,0,0,100,0,1184,16,32,16,0,60,-107,0,0,100,0,1168,0,48,16,0,75,-99,0,0,100,0,1232,32,48,16,0,29,-124,0,0,100,0,1216,0,64,32,0,27,-222,0,0,100,0,128,240,64,48,0,123,-206,0,1,100,0,48,128,48,48,0,138,-200,0,1,100,0,48,96,16,32,0,71,-228,0,1,100,0,0,128,48,48,0,86,-222,0,1,100,0,32,96,16,32,0,139,-167,0,0,60,0,112,96,16,16,0,87,-189,0,0,60,0,112,96,16,16,0,40,-184,0,1,90,0,272,0,112,112,0,121,-164,0,0,100,0,112,112,16,48,0,81,-184,0,0,100,0,64,176,64,64,0,82,-155,0,0,100,0,1216,0,64,32,0,86,-192,0,1,100,0,272,112,64,64,0,30,-226,0,0,100,0,128,0,144,160,0,31,-133,0,0,100,0,0,0,128,96,0,0,-256,0,0,100,0,0,1024,192,256,0,
0,23,84,-114,0,0,100,0,128,464,32,32,0,99,-125,0,0,100,0,0,496,32,32,0,43,-128,0,0,100,0,256,416,64,48,0,26,-159,0,0,100,0,160,352,80,64,0,97,-104,0,0,100,0,1184,16,32,16,0,60,-107,0,0,100,0,1168,0,48,16,0,75,-99,0,0,100,0,1232,32,48,16,0,29,-124,0,0,100,0,1216,0,64,32,0,27,-222,0,0,100,0,192,240,64,48,0,123,-206,0,1,100,0,0,128,48,48,0,138,-200,0,1,100,0,0,96,16,32,0,71,-228,0,1,100,0,48,128,48,48,0,86,-222,0,1,100,0,48,96,16,32,0,139,-167,0,0,60,0,112,96,16,16,0,87,-189,0,0,60,0,112,96,16,16,0,40,-184,0,1,95,0,272,0,112,112,0,121,-164,0,0,100,0,112,112,16,48,0,81,-184,0,0,100,0,64,176,64,64,0,82,-155,0,0,100,0,1216,0,64,32,0,86,-192,0,1,100,0,272,112,64,64,0,30,-226,0,0,100,0,128,0,144,160,0,31,-133,0,0,100,0,0,0,128,96,0,0,-256,0,0,100,0,0,1024,192,256,0,
0,23,84,-114,0,0,100,0,0,464,32,32,0,99,-124,0,0,100,0,32,496,32,32,0,43,-128,0,0,100,0,320,416,64,48,0,26,-159,0,0,100,0,240,352,80,64,0,97,-104,0,0,100,0,1184,16,32,16,0,60,-107,0,0,100,0,1168,0,48,16,0,75,-99,0,0,100,0,1232,32,48,16,0,29,-124,0,0,100,0,1216,0,64,32,0,27,-222,0,0,100,0,0,240,64,48,0,123,-206,0,1,100,0,48,128,48,48,0,138,-200,0,1,100,0,16,96,16,32,0,71,-228,0,1,100,0,0,128,48,48,0,86,-222,0,1,100,0,0,96,16,32,0,139,-167,0,0,60,0,112,96,16,16,0,87,-189,0,0,60,0,112,96,16,16,0,40,-184,0,1,100,0,272,0,112,112,0,121,-164,0,0,100,0,112,112,16,48,0,81,-184,0,0,100,0,64,176,64,64,0,82,-155,0,0,100,0,1216,0,64,32,0,86,-192,0,1,100,0,272,112,64,64,0,30,-226,0,0,100,0,128,0,144,160,0,31,-133,0,0,100,0,0,0,128,96,0,0,-256,0,0,100,0,0,1024,192,256,0,
0,23,84,-114,0,0,100,0,0,464,32,32,0,99,-124,0,0,100,0,32,496,32,32,0,43,-128,0,0,100,0,320,416,64,48,0,26,-159,0,0,100,0,240,352,80,64,0,97,-104,0,0,100,0,1184,16,32,16,0,60,-107,0,0,100,0,1168,0,48,16,0,75,-99,0,0,100,0,1232,32,48,16,0,29,-124,0,0,100,0,1216,0,64,32,0,27,-222,0,0,100,0,64,240,64,48,0,123,-206,0,1,100,0,0,128,48,48,0,138,-200,0,1,100,0,32,96,16,32,0,71,-228,0,1,100,0,48,128,48,48,0,86,-222,0,1,100,0,16,96,16,32,0,139,-167,0,0,60,0,112,96,16,16,0,87,-189,0,0,60,0,112,96,16,16,0,40,-184,0,1,95,0,272,0,112,112,0,121,-164,0,0,100,0,112,112,16,48,0,81,-184,0,0,100,0,64,176,64,64,0,82,-155,0,0,100,0,1216,0,64,32,0,86,-192,0,1,100,0,272,112,64,64,0,30,-226,0,0,100,0,128,0,144,160,0,31,-133,0,0,100,0,0,0,128,96,0,0,-256,0,0,100,0,0,1024,192,256,0,
0,23,84,-114,0,0,100,0,96,464,32,32,0,99,-125,0,0,100,0,64,496,32,32,0,43,-128,0,0,100,0,384,416,64,48,0,26,-159,0,0,100,0,320,352,80,64,0,97,-104,0,0,100,0,1184,16,32,16,0,60,-107,0,0,100,0,1168,0,48,16,0,75,-99,0,0,100,0,1232,32,48,16,0,29,-124,0,0,100,0,1216,0,64,32,0,27,-222,0,0,100,0,128,240,64,48,0,123,-206,0,1,100,0,48,128,48,48,0,138,-200,0,1,100,0,48,96,16,32,0,71,-228,0,1,100,0,0,128,48,48,0,86,-222,0,1,100,0,32,96,16,32,0,139,-167,0,0,60,0,112,96,16,16,0,87,-189,0,0,60,0,112,96,16,16,0,40,-184,0,1,90,0,272,0,112,112,0,121,-164,0,0,100,0,112,112,16,48,0,81,-184,0,0,100,0,64,176,64,64,0,82,-155,0,0,100,0,1216,0,64,32,0,86,-192,0,1,100,0,272,112,64,64,0,30,-226,0,0,100,0,128,0,144,160,0,31,-133,0,0,100,0,0,0,128,96,0,0,-256,0,0,100,0,0,1024,192,256,0,
0,23,84,-114,0,0,100,0,96,464,32,32,0,99,-125,0,0,100,0,64,496,32,32,0,43,-128,0,0,100,0,384,416,64,48,0,26,-159,0,0,100,0,320,352,80,64,0,97,-104,0,0,100,0,1184,16,32,16,0,60,-107,0,0,100,0,1168,0,48,16,0,75,-99,0,0,100,0,1232,32,48,16,0,29,-124,0,0,100,0,1216,0,64,32,0,27,-222,0,0,100,0,192,240,64,48,0,123,-206,0,1,100,0,0,128,48,48,0,138,-200,0,1,100,0,0,96,16,32,0,71,-228,0,1,100,0,48,128,48,48,0,86,-222,0,1,100,0,48,96,16,32,0,139,-167,0,0,60,0,112,96,16,16,0,87,-189,0,0,60,0,112,96,16,16,0,40,-184,0,1,95,0,272,0,112,112,0,121,-164,0,0,100,0,112,112,16,48,0,81,-184,0,0,100,0,64,176,64,64,0,82,-155,0,0,100,0,1216,0,64,32,0,86,-192,0,1,100,0,272,112,64,64,0,30,-226,0,0,100,0,128,0,144,160,0,31,-133,0,0,100,0,0,0,128,96,0,0,-256,0,0,100,0,0,1024,192,256,0,
0,23,84,-114,0,0,100,0,0,464,32,32,0,99,-126,0,0,100,0,96,496,32,32,0,43,-128,0,0,100,0,448,416,64,48,0,26,-159,0,0,100,0,80,352,80,64,0,97,-104,0,0,100,0,1184,16,32,16,0,60,-107,0,0,100,0,1168,0,48,16,0,75,-99,0,0,100,0,1232,32,48,16,0,29,-124,0,0,100,0,1216,0,64,32,0,27,-222,0,0,100,0,0,240,64,48,0,123,-206,0,1,100,0,48,128,48,48,0,138,-200,0,1,100,0,16,96,16,32,0,71,-228,0,1,100,0,0,128,48,48,0,86,-222,0,1,100,0,0,96,16,32,0,40,-184,0,1,100,0,272,0,112,112,0,121,-164,0,0,100,0,112,112,16,48,0,81,-187,0,0,100,0,288,176,64,64,0,82,-155,0,0,100,0,1216,0,64,32,0,86,-192,0,1,100,0,272,112,64,64,0,139,-167,0,0,60,0,112,96,16,16,0,87,-189,0,0,60,0,112,96,16,16,0,30,-226,0,0,100,0,128,0,144,160,0,31,-133,0,0,100,0,0,0,128,96,0,0,-256,0,0,100,0,0,1024,192,256,0,
0,23,84,-114,0,0,100,0,0,464,32,32,0,99,-126,0,0,100,0,96,496,32,32,0,43,-128,0,0,100,0,448,416,64,48,0,26,-159,0,0,100,0,80,352,80,64,0,97,-104,0,0,100,0,1184,16,32,16,0,60,-107,0,0,100,0,1168,0,48,16,0,75,-99,0,0,100,0,1232,32,48,16,0,29,-124,0,0,100,0,1216,0,64,32,0,27,-222,0,0,100,0,64,240,64,48,0,123,-206,0,1,100,0,0,128,48,48,0,138,-200,0,1,100,0,32,96,16,32,0,71,-228,0,1,100,0,48,128,48,48,0,86,-222,0,1,100,0,16,96,16,32,0,40,-184,0,1,95,0,272,0,112,112,0,121,-164,0,0,100,0,112,112,16,48,0,81,-187,0,0,100,0,352,176,64,64,0,82,-155,0,0,100,0,1216,0,64,32,0,86,-192,0,1,100,0,272,112,64,64,0,139,-167,0,0,60,0,112,96,16,16,0,87,-189,0,0,60,0,112,96,16,16,0,30,-226,0,0,100,0,128,0,144,160,0,31,-133,0,0,100,0,0,0,128,96,0,0,-256,0,0,100,0,0,1024,192,256,0,
0,23,84,-114,0,0,100,0,128,464,32,32,0,99,-125,0,0,100,0,0,496,32,32,0,43,-128,0,0,100,0,256,416,64,48,0,26,-159,0,0,100,0,160,352,80,64,0,97,-104,0,0,100,0,1184,16,32,16,0,60,-107,0,0,100,0,1168,0,48,16,0,75,-99,0,0,100,0,1232,32,48,16,0,29,-124,0,0,100,0,1216,0,64,32,0,27,-222,0,0,100,0,128,240,64,48,0,123,-206,0,1,100,0,48,128,48,48,0,138,-200,0,1,100,0,48,96,16,32,0,71,-228,0,1,100,0,0,128,48,48,0,86,-222,0,1,100,0,32,96,16,32,0,40,-184,0,1,90,0,272,0,112,112,0,121,-164,0,0,100,0,112,112,16,48,0,81,-187,0,0,100,0,352,176,64,64,0,82,-155,0,0,100,0,1216,0,64,32,0,86,-192,0,1,100,0,272,112,64,64,0,139,-167,0,0,60,0,112,96,16,16,0,87,-189,0,0,60,0,112,96,16,16,0,30,-226,0,0,100,0,128,0,144,160,0,31,-133,0,0,100,0,0,0,128,96,0,0,-256,0,0,100,0,0,1024,192,256,0,
0,23,84,-114,0,0,100,0,128,464,32,32,0,99,-125,0,0,100,0,0,496,32,32,0,43,-128,0,0,100,0,256,416,64,48,0,26,-159,0,0,100,0,160,352,80,64,0,97,-104,0,0,100,0,1184,16,32,16,0,60,-107,0,0,100,0,1168,0,48,16,0,75,-99,0,0,100,0,1232,32,48,16,0,29,-124,0,0,100,0,1216,0,64,32,0,27,-222,0,0,100,0,192,240,64,48,0,123,-206,0,1,100,0,0,128,48,48,0,138,-200,0,1,100,0,0,96,16,32,0,71,-228,0,1,100,0,48,128,48,48,0,86,-222,0,1,100,0,48,96,16,32,0,40,-184,0,1,95,0,272,0,112,112,0,121,-164,0,0,100,0,112,112,16,48,0,81,-184,0,0,100,0,64,176,64,64,0,82,-155,0,0,100,0,1216,0,64,32,0,86,-192,0,1,100,0,272,112,64,64,0,139,-167,0,0,60,0,112,96,16,16,0,87,-189,0,0,60,0,112,96,16,16,0,30,-226,0,0,100,0,128,0,144,160,0,31,-133,0,0,100,0,0,0,128,96,0,0,-256,0,0,100,0,0,1024,192,256,0,
0,23,84,-114,0,0,100,0,0,464,32,32,0,99,-124,0,0,100,0,32,496,32,32,0,43,-128,0,0,100,0,320,416,64,48,0,26,-159,0,0,100,0,240,352,80,64,0,97,-104,0,0,100,0,1184,16,32,16,0,60,-107,0,0,100,0,1168,0,48,16,0,75,-99,0,0,100,0,1232,32,48,16,0,29,-124,0,0,100,0,1216,0,64,32,0,27,-222,0,0,100,0,0,240,64,48,0,123,-206,0,1,100,0,48,128,48,48,0,138,-200,0,1,100,0,16,96,16,32,0,71,-228,0,1,100,0,0,128,48,48,0,86,-222,0,1,100,0,0,96,16,32,0,40,-184,0,1,100,0,272,0,112,112,0,121,-164,0,0,100,0,112,112,16,48,0,81,-187,0,0,100,0,416,176,64,64,0,81,-155,0,0,100,0,1216,0,64,32,0,86,-192,0,1,100,0,272,112,64,64,0,139,-167,0,0,60,0,112,96,16,16,0,87,-189,0,0,60,0,112,96,16,16,0,30,-226,0,0,100,0,128,0,144,160,0,31,-133,0,0,100,0,0,0,128,96,0,0,-256,0,0,100,0,0,1024,192,256,0,
0,23,84,-114,0,0,100,0,0,464,32,32,0,99,-124,0,0,100,0,32,496,32,32,0,43,-128,0,0,100,0,320,416,64,48,0,26,-159,0,0,100,0,240,352,80,64,0,97,-104,0,0,100,0,1184,16,32,16,0,60,-107,0,0,100,0,1168,0,48,16,0,75,-99,0,0,100,0,1232,32,48,16,0,29,-124,0,0,100,0,1216,0,64,32,0,27,-222,0,0,100,0,64,240,64,48,0,123,-206,0,1,100,0,0,128,48,48,0,138,-200,0,1,100,0,32,96,16,32,0,71,-228,0,1,100,0,48,128,48,48,0,86,-222,0,1,100,0,16,96,16,32,0,40,-184,0,1,95,0,272,0,112,112,0,121,-164,0,0,100,0,112,112,16,48,0,81,-187,0,0,100,0,416,176,64,64,0,81,-155,0,0,100,0,1216,0,64,32,0,86,-192,0,1,100,0,272,112,64,64,0,139,-167,0,0,60,0,112,96,16,16,0,87,-189,0,0,60,0,112,96,16,16,0,30,-226,0,0,100,0,128,0,144,160,0,31,-133,0,0,100,0,0,0,128,96,0,0,-256,0,0,100,0,0,1024,192,256,0,
0,23,84,-114,0,0,100,0,96,464,32,32,0,99,-125,0,0,100,0,64,496,32,32,0,43,-128,0,0,100,0,384,416,64,48,0,26,-159,0,0,100,0,320,352,80,64,0,97,-104,0,0,100,0,1184,16,32,16,0,60,-107,0,0,100,0,1168,0,48,16,0,75,-99,0,0,100,0,1232,32,48,16,0,29,-124,0,0,100,0,1216,0,64,32,0,27,-222,0,0,100,0,128,240,64,48,0,123,-206,0,1,100,0,48,128,48,48,0,138,-200,0,1,100,0,48,96,16,32,0,71,-228,0,1,100,0,0,128,48,48,0,86,-222,0,1,100,0,32,96,16,32,0,40,-184,0,1,90,0,272,0,112,112,0,121,-164,0,0,100,0,112,112,16,48,0,81,-187,0,0,100,0,480,176,64,64,0,81,-155,0,0,100,0,1216,0,64,32,0,86,-192,0,1,100,0,272,112,64,64,0,139,-167,0,0,60,0,112,96,16,16,0,87,-189,0,0,60,0,112,96,16,16,0,30,-226,0,0,100,0,128,0,144,160,0,31,-133,0,0,100,0,0,0,128,96,0,0,-256,0,0,100,0,0,1024,192,256,0,
0,23,84,-114,0,0,100,0,96,464,32,32,0,99,-125,0,0,100,0,64,496,32,32,0,43,-128,0,0,100,0,384,416,64,48,0,26,-159,0,0,100,0,320,352,80,64,0,97,-104,0,0,100,0,1184,16,32,16,0,60,-107,0,0,100,0,1168,0,48,16,0,75,-99,0,0,100,0,1232,32,48,16,0,29,-124,0,0,100,0,1216,0,64,32,0,27,-222,0,0,100,0,192,240,64,48,0,123,-206,0,1,100,0,0,128,48,48,0,138,-200,0,1,100,0,0,96,16,32,0,71,-228,0,1,100,0,48,128,48,48,0,86,-222,0,1,100,0,48,96,16,32,0,40,-184,0,1,95,0,272,0,112,112,0,121,-164,0,0,100,0,112,112,16,48,0,81,-187,0,0,100,0,480,176,64,64,0,81,-155,0,0,100,0,1216,0,64,32,0,86,-192,0,1,100,0,272,112,64,64,0,139,-167,0,0,60,0,112,96,16,16,0,87,-189,0,0,60,0,112,96,16,16,0,30,-226,0,0,100,0,128,0,144,160,0,31,-133,0,0,100,0,0,0,128,96,0,0,-256,0,0,100,0,0,1024,192,256,0,
0,23,84,-114,0,0,100,0,0,464,32,32,0,99,-126,0,0,100,0,96,496,32,32,0,43,-128,0,0,100,0,448,416,64,48,0,26,-159,0,0,100,0,80,352,80,64,0,97,-104,0,0,100,0,1184,16,32,16,0,60,-107,0,0,100,0,1168,0,48,16,0,75,-99,0,0,100,0,1232,32,48,16,0,29,-124,0,0,100,0,1216,0,64,32,0,27,-222,0,0,100,0,0,240,64,48,0,123,-206,0,1,100,0,48,128,48,48,0,138,-200,0,1,100,0,16,96,16,32,0,71,-228,0,1,100,0,0,128,48,48,0,86,-222,0,1,100,0,0,96,16,32,0,40,-184,0,1,100,0,272,0,112,112,0,121,-164,0,0,100,0,112,112,16,48,0,81,-187,0,0,100,0,544,176,64,64,0,81,-155,0,0,100,0,1216,0,64,32,0,86,-192,0,1,100,0,272,112,64,64,0,139,-167,0,0,60,0,112,96,16,16,0,87,-189,0,0,60,0,112,96,16,16,0,30,-226,0,0,100,0,128,0,144,160,0,31,-133,0,0,100,0,0,0,128,96,0,0,-256,0,0,100,0,0,1024,192,256,0,
0,23,84,-114,0,0,100,0,0,464,32,32,0,99,-126,0,0,100,0,96,496,32,32,0,43,-128,0,0,100,0,448,416,64,48,0,26,-159,0,0,100,0,80,352,80,64,0,97,-104,0,0,100,0,1184,16,32,16,0,60,-107,0,0,100,0,1168,0,48,16,0,75,-99,0,0,100,0,1232,32,48,16,0,29,-124,0,0,100,0,1216,0,64,32,0,27,-222,0,0,100,0,64,240,64,48,0,123,-206,0,1,100,0,0,128,48,48,0,138,-200,0,1,100,0,32,96,16,32,0,71,-228,0,1,100,0,48,128,48,48,0,86,-222,0,1,100,0,16,96,16,32,0,40,-184,0,1,95,0,272,0,112,112,0,121,-164,0,0,100,0,112,112,16,48,0,81,-187,0,0,100,0,544,176,64,64,0,81,-155,0,0,100,0,1216,0,64,32,0,86,-192,0,1,100,0,272,112,64,64,0,139,-167,0,0,60,0,112,96,16,16,0,87,-189,0,0,60,0,112,96,16,16,0,30,-226,0,0,100,0,128,0,144,160,0,31,-133,0,0,100,0,0,0,128,96,0,0,-256,0,0,100,0,0,1024,192,256,0,
0,28,84,-114,0,0,100,0,128,464,32,32,0,99,-125,0,0,100,0,0,496,32,32,0,43,-128,0,0,100,0,768,416,64,48,0,43,-131,0,1,100,0,1024,416,64,48,0,26,-159,0,0,100,0,160,352,80,64,0,97,-104,0,0,100,0,1184,16,32,16,0,60,-107,0,0,100,0,1168,0,48,16,0,75,-99,0,0,100,0,1232,32,48,16,0,29,-124,0,0,100,0,1216,0,64,32,0,26,-223,0,0,100,0,624,352,64,48,0,26,-226,0,1,100,0,880,352,64,48,0,123,-206,0,1,100,0,48,128,48,48,0,138,-200,0,1,100,0,48,96,16,32,0,71,-228,0,1,100,0,0,128,48,48,0,86,-222,0,1,100,0,32,96,16,32,0,40,-184,0,1,90,0,272,0,112,112,0,77,-167,0,1,100,0,496,352,64,48,0,121,-164,0,0,100,0,112,112,16,48,0,81,-187,0,1,100,0,336,112,64,64,0,81,-187,0,0,100,0,608,176,64,64,0,81,-155,0,0,100,0,1216,0,64,32,0,77,-197,0,1,100,0,592,96,64,80,0,86,-192,0,1,100,0,272,112,64,64,0,139,-167,0,0,60,0,112,96,16,16,0,87,-189,0,0,60,0,112,96,16,16,0,30,-226,0,0,100,0,128,0,144,160,0,31,-133,0,0,100,0,0,0,128,96,0,0,-256,0,0,100,0,0,1024,192,256,0,
0,28,84,-114,0,0,100,0,128,464,32,32,0,99,-125,0,0,100,0,0,496,32,32,0,43,-128,0,0,100,0,768,416,64,48,0,43,-131,0,1,100,0,1024,416,64,48,0,26,-159,0,0,100,0,160,352,80,64,0,97,-104,0,0,100,0,1184,16,32,16,0,60,-107,0,0,100,0,1168,0,48,16,0,75,-99,0,0,100,0,1232,32,48,16,0,29,-124,0,0,100,0,1216,0,64,32,0,26,-223,0,0,100,0,688,352,64,48,0,26,-226,0,1,100,0,944,352,64,48,0,123,-206,0,1,100,0,0,128,48,48,0,138,-200,0,1,100,0,0,96,16,32,0,71,-228,0,1,100,0,48,128,48,48,0,86,-222,0,1,100,0,48,96,16,32,0,40,-184,0,1,95,0,272,0,112,112,0,77,-167,0,1,100,0,560,352,64,48,0,121,-164,0,0,100,0,112,112,16,48,0,81,-187,0,1,80,0,336,112,64,64,0,81,-187,0,0,100,0,608,176,64,64,0,81,-155,0,0,100,0,1216,0,64,32,0,77,-197,0,1,100,0,592,96,64,80,0,86,-192,0,1,100,0,272,112,64,64,0,139,-167,0,0,60,0,112,96,16,16,0,87,-189,0,0,60,0,112,96,16,16,0,30,-226,0,0,100,0,128,0,144,160,0,31,-133,0,0,100,0,0,0,128,96,0,0,-256,0,0,100,0,0,1024,192,256,0,
0,28,84,-114,0,0,100,0,0,464,32,32,0,99,-124,0,0,100,0,32,496,32,32,0,43,-128,0,0,100,0,832,416,64,48,0,43,-131,0,1,100,0,1088,416,64,48,0,26,-159,0,0,100,0,240,352,80,64,0,97,-104,0,0,100,0,1184,16,32,16,0,60,-107,0,0,100,0,1168,0,48,16,0,75,-99,0,0,100,0,1232,32,48,16,0,29,-124,0,0,100,0,1216,0,64,32,0,26,-223,0,0,100,0,752,352,64,48,0,26,-226,0,1,100,0,1008,352,64,48,0,123,-206,0,1,100,0,48,128,48,48,0,138,-200,0,1,100,0,16,96,16,32,0,71,-228,0,1,100,0,0,128,48,48,0,86,-222,0,1,100,0,0,96,16,32,0,40,-184,0,1,100,0,272,0,112,112,0,77,-167,0,1,100,0,496,352,64,48,0,121,-164,0,0,100,0,112,112,16,48,0,81,-187,0,1,60,0,400,112,64,64,0,81,-187,0,0,100,0,672,176,64,64,0,81,-155,0,0,100,0,1216,0,64,32,0,77,-197,0,1,100,0,656,96,64,80,0,86,-192,0,1,100,0,272,112,64,64,0,139,-167,0,0,60,0,112,96,16,16,0,87,-189,0,0,60,0,112,96,16,16,0,30,-226,0,0,100,0,128,0,144,160,0,31,-133,0,0,100,0,0,0,128,96,0,0,-256,0,0,100,0,0,1024,192,256,0,
0,28,84,-114,0,0,100,0,0,464,32,32,0,99,-124,0,0,100,0,32,496,32,32,0,43,-128,0,0,100,0,832,416,64,48,0,43,-131,0,1,100,0,1088,416,64,48,0,26,-159,0,0,100,0,240,352,80,64,0,97,-104,0,0,100,0,1184,16,32,16,0,60,-107,0,0,100,0,1168,0,48,16,0,75,-99,0,0,100,0,1232,32,48,16,0,29,-124,0,0,100,0,1216,0,64,32,0,26,-223,0,0,100,0,816,352,64,48,0,26,-226,0,1,100,0,1072,352,64,48,0,123,-206,0,1,100,0,0,128,48,48,0,138,-200,0,1,100,0,32,96,16,32,0,71,-228,0,1,100,0,48,128,48,48,0,86,-222,0,1,100,0,16,96,16,32,0,40,-184,0,1,95,0,272,0,112,112,0,77,-167,0,1,100,0,560,352,64,48,0,121,-164,0,0,100,0,112,112,16,48,0,81,-187,0,1,60,0,400,112,64,64,0,81,-187,0,0,100,0,672,176,64,64,0,81,-155,0,0,100,0,1216,0,64,32,0,77,-197,0,1,100,0,656,96,64,80,0,86,-192,0,1,100,0,272,112,64,64,0,139,-167,0,0,60,0,112,96,16,16,0,87,-189,0,0,60,0,112,96,16,16,0,30,-226,0,0,100,0,128,0,144,160,0,31,-133,0,0,100,0,0,0,128,96,0,0,-256,0,0,100,0,0,1024,192,256,0,
0,29,84,-114,0,0,100,0,96,464,32,32,0,92,-136,0,0,100,0,256,464,48,48,0,92,-136,0,1,100,0,448,464,48,48,0,43,-128,0,0,100,0,896,416,64,48,0,43,-131,0,1,100,0,1152,416,64,48,0,26,-159,0,0,100,0,320,352,80,64,0,97,-104,0,0,100,0,1184,16,32,16,0,60,-107,0,0,100,0,1168,0,48,16,0,75,-99,0,0,100,0,1232,32,48,16,0,29,-124,0,0,100,0,1216,0,64,32,0,26,-223,0,0,100,0,624,352,64,48,0,26,-226,0,1,100,0,880,352,64,48,0,123,-206,0,1,100,0,48,128,48,48,0,138,-200,0,1,100,0,48,96,16,32,0,71,-228,0,1,100,0,0,128,48,48,0,86,-222,0,1,100,0,32,96,16,32,0,40,-184,0,1,90,0,272,0,112,112,0,77,-167,0,1,100,0,496,352,64,48,0,121,-164,0,0,100,0,112,112,16,48,0,81,-187,0,1,60,0,464,112,64,64,0,81,-187,0,0,100,0,736,176,64,64,0,81,-155,0,0,100,0,1216,0,64,32,0,77,-197,0,1,100,0,720,96,64,80,0,86,-192,0,1,100,0,272,112,64,64,0,139,-167,0,0,60,0,112,96,16,16,0,87,-189,0,0,60,0,112,96,16,16,0,30,-226,0,0,100,0,128,0,144,160,0,31,-133,0,0,100,0,0,0,128,96,0,0,-256,0,0,100,0,0,1024,192,256,0,
0,29,84,-114,0,0,100,0,96,464,32,32,0,92,-136,0,0,100,0,304,464,48,48,0,92,-136,0,1,100,0,496,464,48,48,0,43,-128,0,0,100,0,896,416,64,48,0,43,-131,0,1,100,0,1152,416,64,48,0,26,-159,0,0,100,0,320,352,80,64,0,97,-104,0,0,100,0,1184,16,32,16,0,60,-107,0,0,100,0,1168,0,48,16,0,75,-99,0,0,100,0,1232,32,48,16,0,29,-124,0,0,100,0,1216,0,64,32,0,26,-223,0,0,100,0,688,352,64,48,0,26,-226,0,1,100,0,944,352,64,48,0,123,-206,0,1,100,0,0,128,48,48,0,138,-200,0,1,100,0,0,96,16,32,0,71,-228,0,1,100,0,48,128,48,48,0,86,-222,0,1,100,0,48,96,16,32,0,40,-184,0,1,95,0,272,0,112,112,0,77,-167,0,1,100,0,560,352,64,48,0,121,-164,0,0,100,0,112,112,16,48,0,81,-187,0,1,60,0,464,112,64,64,0,81,-187,0,0,100,0,736,176,64,64,0,81,-155,0,0,100,0,1216,0,64,32,0,77,-197,0,1,100,0,720,96,64,80,0,86,-192,0,1,100,0,272,112,64,64,0,139,-167,0,0,60,0,112,96,16,16,0,87,-189,0,0,60,0,112,96,16,16,0,30,-226,0,0,100,0,128,0,144,160,0,31,-133,0,0,100,0,0,0,128,96,0,0,-256,0,0,100,0,0,1024,192,256,0,
0,31,84,-130,0,0,100,0,0,528,32,48,0,84,-130,0,1,100,0,128,528,32,48,0,92,-136,0,0,100,0,352,464,48,48,0,92,-136,0,1,100,0,544,464,48,48,0,43,-128,0,0,100,0,960,416,64,48,0,43,-131,0,1,100,0,1216,416,64,48,0,26,-175,0,0,100,0,720,272,80,80,0,26,-175,0,1,100,0,864,192,80,80,0,97,-104,0,0,100,0,1184,16,32,16,0,60,-107,0,0,100,0,1168,0,48,16,0,75,-99,0,0,100,0,1232,32,48,16,0,29,-124,0,0,100,0,1216,0,64,32,0,26,-223,0,0,100,0,752,352,64,48,0,26,-226,0,1,100,0,1008,352,64,48,0,123,-206,0,1,100,0,48,128,48,48,0,138,-200,0,1,100,0,16,96,16,32,0,71,-228,0,1,100,0,0,128,48,48,0,86,-222,0,1,100,0,0,96,16,32,0,40,-184,0,1,100,0,272,0,112,112,0,77,-167,0,1,100,0,496,352,64,48,0,121,-164,0,0,100,0,112,112,16,48,0,81,-187,0,1,60,0,528,112,64,64,0,81,-187,0,0,100,0,800,176,64,64,0,81,-155,0,0,100,0,1216,0,64,32,0,77,-197,0,1,100,0,784,96,64,80,0,86,-192,0,1,100,0,272,112,64,64,0,139,-167,0,0,60,0,112,96,16,16,0,87,-189,0,0,60,0,112,96,16,16,0,30,-226,0,0,100,0,128,0,144,160,0,31,-133,0,0,100,0,0,0,128,96,0,0,-256,0,0,100,0,0,1024,192,256,0,
0,31,84,-130,0,0,100,0,0,528,32,48,0,84,-130,0,1,100,0,128,528,32,48,0,92,-136,0,0,100,0,400,464,48,48,0,92,-136,0,1,100,0,592,464,48,48,0,43,-128,0,0,100,0,960,416,64,48,0,43,-131,0,1,100,0,1216,416,64,48,0,26,-175,0,0,100,0,720,272,80,80,0,26,-175,0,1,100,0,864,192,80,80,0,97,-104,0,0,100,0,1184,16,32,16,0,60,-107,0,0,100,0,1168,0,48,16,0,75,-99,0,0,100,0,1232,32,48,16,0,29,-124,0,0,100,0,1216,0,64,32,0,26,-223,0,0,100,0,816,352,64,48,0,26,-226,0,1,100,0,1072,352,64,48,0,123,-206,0,1,100,0,0,128,48,48,0,138,-200,0,1,100,0,32,96,16,32,0,71,-228,0,1,100,0,48,128,48,48,0,86,-222,0,1,100,0,16,96,16,32,0,40,-184,0,1,95,0,272,0,112,112,0,77,-167,0,1,100,0,560,352,64,48,0,121,-164,0,0,100,0,112,112,16,48,0,81,-187,0,1,60,0,528,112,64,64,0,81,-187,0,0,100,0,800,176,64,64,0,81,-155,0,0,100,0,1216,0,64,32,0,77,-197,0,1,100,0,784,96,64,80,0,86,-192,0,1,100,0,272,112,64,64,0,139,-167,0,0,60,0,112,96,16,16,0,87,-189,0,0,60,0,112,96,16,16,0,30,-226,0,0,100,0,128,0,144,160,0,31,-133,0,0,100,0,0,0,128,96,0,0,-256,0,0,100,0,0,1024,192,256,0,
0,31,84,-130,0,0,100,0,32,528,32,48,0,84,-130,0,1,100,0,160,528,32,48,0,92,-136,0,0,100,0,256,464,48,48,0,92,-136,0,1,100,0,448,464,48,48,0,43,-128,0,0,100,0,768,416,64,48,0,43,-131,0,1,100,0,1024,416,64,48,0,26,-175,0,0,100,0,800,272,80,80,0,26,-175,0,1,100,0,944,192,80,80,0,97,-104,0,0,100,0,1184,16,32,16,0,60,-107,0,0,100,0,1168,0,48,16,0,75,-99,0,0,100,0,1232,32,48,16,0,29,-124,0,0,100,0,1216,0,64,32,0,26,-223,0,0,100,0,624,352,64,48,0,26,-226,0,1,100,0,880,352,64,48,0,123,-206,0,1,100,0,48,128,48,48,0,138,-200,0,1,100,0,48,96,16,32,0,71,-228,0,1,100,0,0,128,48,48,0,86,-222,0,1,100,0,32,96,16,32,0,40,-184,0,1,90,0,272,0,112,112,0,77,-167,0,1,100,0,496,352,64,48,0,121,-164,0,0,100,0,112,112,16,48,0,81,-187,0,1,60,0,336,112,64,64,0,81,-187,0,0,100,0,608,176,64,64,0,81,-155,0,0,100,0,1216,0,64,32,0,77,-197,0,1,100,0,592,96,64,80,0,86,-192,0,1,100,0,272,112,64,64,0,139,-167,0,0,60,0,112,96,16,16,0,87,-189,0,0,60,0,112,96,16,16,0,30,-226,0,0,100,0,128,0,144,160,0,31,-133,0,0,100,0,0,0,128,96,0,0,-256,0,0,100,0,0,1024,192,256,0,
0,31,84,-130,0,0,100,0,32,528,32,48,0,84,-130,0,1,100,0,160,528,32,48,0,92,-136,0,0,100,0,304,464,48,48,0,92,-136,0,1,100,0,496,464,48,48,0,43,-128,0,0,100,0,768,416,64,48,0,43,-131,0,1,100,0,1024,416,64,48,0,26,-175,0,0,100,0,800,272,80,80,0,26,-175,0,1,100,0,944,192,80,80,0,97,-104,0,0,100,0,1184,16,32,16,0,60,-107,0,0,100,0,1168,0,48,16,0,75,-99,0,0,100,0,1232,32,48,16,0,29,-124,0,0,100,0,1216,0,64,32,0,26,-223,0,0,100,0,688,352,64,48,0,26,-226,0,1,100,0,944,352,64,48,0,123,-206,0,1,100,0,0,128,48,48,0,138,-200,0,1,100,0,0,96,16,32,0,71,-228,0,1,100,0,48,128,48,48,0,86,-222,0,1,100,0,48,96,16,32,0,40,-184,0,1,95,0,272,0,112,112,0,77,-167,0,1,100,0,560,352,64,48,0,121,-164,0,0,100,0,112,112,16,48,0,81,-187,0,1,60,0,336,112,64,64,0,81,-187,0,0,100,0,608,176,64,64,0,81,-155,0,0,100,0,1216,0,64,32,0,77,-197,0,1,100,0,592,96,64,80,0,86,-192,0,1,100,0,272,112,64,64,0,139,-167,0,0,60,0,112,96,16,16,0,87,-189,0,0,60,0,112,96,16,16,0,30,-226,0,0,100,0,128,0,144,160,0,31,-133,0,0,100,0,0,0,128,96,0,0,-256,0,0,100,0,0,1024,192,256,0,
0,31,84,-130,0,0,100,0,64,528,32,48,0,84,-130,0,1,100,0,192,528,32,48,0,92,-136,0,0,100,0,352,464,48,48,0,92,-136,0,1,100,0,544,464,48,48,0,43,-128,0,0,100,0,832,416,64,48,0,43,-131,0,1,100,0,1088,416,64,48,0,20,-175,0,0,100,0,880,272,80,80,0,20,-175,0,1,100,0,1024,192,80,80,0,97,-104,0,0,100,0,1184,16,32,16,0,60,-107,0,0,100,0,1168,0,48,16,0,75,-99,0,0,100,0,1232,32,48,16,0,29,-124,0,0,100,0,1216,0,64,32,0,26,-223,0,0,100,0,752,352,64,48,0,26,-226,0,1,100,0,1008,352,64,48,0,123,-206,0,1,100,0,48,128,48,48,0,138,-200,0,1,100,0,16,96,16,32,0,71,-228,0,1,100,0,0,128,48,48,0,86,-222,0,1,100,0,0,96,16,32,0,40,-184,0,1,100,0,272,0,112,112,0,77,-167,0,1,100,0,496,352,64,48,0,121,-164,0,0,100,0,112,112,16,48,0,81,-187,0,1,60,0,400,112,64,64,0,81,-187,0,0,100,0,672,176,64,64,0,81,-155,0,0,100,0,1216,0,64,32,0,77,-197,0,1,100,0,656,96,64,80,0,86,-192,0,1,100,0,272,112,64,64,0,139,-167,0,0,60,0,112,96,16,16,0,87,-189,0,0,60,0,112,96,16,16,0,30,-226,0,0,100,0,128,0,144,160,0,31,-133,0,0,100,0,0,0,128,96,0,0,-256,0,0,100,0,0,1024,192,256,0,
0,31,84,-130,0,0,100,0,64,528,32,48,0,84,-130,0,1,100,0,192,528,32,48,0,92,-136,0,0,100,0,400,464,48,48,0,92,-136,0,1,100,0,592,464,48,48,0,43,-128,0,0,100,0,832,416,64,48,0,43,-131,0,1,100,0,1088,416,64,48,0,20,-175,0,0,100,0,880,272,80,80,0,20,-175,0,1,100,0,1024,192,80,80,0,97,-104,0,0,100,0,1184,16,32,16,0,60,-107,0,0,100,0,1168,0,48,16,0,75,-99,0,0,100,0,1232,32,48,16,0,29,-124,0,0,100,0,1216,0,64,32,0,26,-223,0,0,100,0,816,352,64,48,0,26,-226,0,1,100,0,1072,352,64,48,0,123,-206,0,1,100,0,0,128,48,48,0,138,-200,0,1,100,0,32,96,16,32,0,71,-228,0,1,100,0,48,128,48,48,0,86,-222,0,1,100,0,16,96,16,32,0,40,-184,0,1,95,0,272,0,112,112,0,77,-167,0,1,100,0,560,352,64,48,0,121,-164,0,0,100,0,112,112,16,48,0,81,-187,0,1,60,0,400,112,64,64,0,81,-187,0,0,100,0,672,176,64,64,0,81,-155,0,0,100,0,1216,0,64,32,0,77,-197,0,1,100,0,656,96,64,80,0,86,-192,0,1,100,0,272,112,64,64,0,139,-167,0,0,60,0,112,96,16,16,0,87,-189,0,0,60,0,112,96,16,16,0,30,-226,0,0,100,0,128,0,144,160,0,31,-133,0,0,100,0,0,0,128,96,0,0,-256,0,0,100,0,0,1024,192,256,0,
0,31,84,-114,0,0,100,0,0,464,32,32,0,84,-130,0,1,100,0,96,528,32,48,0,92,-136,0,0,100,0,256,464,48,48,0,92,-136,0,1,100,0,448,464,48,48,0,43,-128,0,0,100,0,896,416,64,48,0,43,-131,0,1,100,0,1152,416,64,48,0,20,-175,0,0,100,0,960,272,80,80,0,20,-175,0,1,100,0,1104,192,80,80,0,97,-104,0,0,100,0,1184,16,32,16,0,60,-107,0,0,100,0,1168,0,48,16,0,75,-99,0,0,100,0,1232,32,48,16,0,29,-124,0,0,100,0,1216,0,64,32,0,26,-223,0,0,100,0,624,352,64,48,0,26,-226,0,1,100,0,880,352,64,48,0,123,-206,0,1,100,0,48,128,48,48,0,138,-200,0,1,100,0,48,96,16,32,0,71,-228,0,1,100,0,0,128,48,48,0,86,-222,0,1,100,0,32,96,16,32,0,40,-184,0,1,90,0,272,0,112,112,0,77,-167,0,1,100,0,496,352,64,48,0,121,-164,0,0,100,0,112,112,16,48,0,81,-187,0,1,60,0,464,112,64,64,0,81,-187,0,0,100,0,736,176,64,64,0,81,-155,0,0,100,0,1216,0,64,32,0,77,-197,0,1,100,0,720,96,64,80,0,86,-192,0,1,100,0,272,112,64,64,0,139,-167,0,0,60,0,112,96,16,16,0,87,-189,0,0,60,0,112,96,16,16,0,30,-226,0,0,100,0,128,0,144,160,0,31,-133,0,0,100,0,0,0,128,96,0,0,-256,0,0,100,0,0,1024,192,256,0,
0,31,84,-114,0,0,100,0,0,464,32,32,0,84,-130,0,1,100,0,96,528,32,48,0,92,-136,0,0,100,0,304,464,48,48,0,92,-136,0,1,100,0,496,464,48,48,0,43,-128,0,0,100,0,896,416,64,48,0,43,-131,0,1,100,0,1152,416,64,48,0,20,-175,0,0,100,0,960,272,80,80,0,20,-175,0,1,100,0,1104,192,80,80,0,97,-104,0,0,100,0,1184,16,32,16,0,60,-107,0,0,100,0,1168,0,48,16,0,75,-99,0,0,100,0,1232,32,48,16,0,29,-124,0,0,100,0,1216,0,64,32,0,26,-223,0,0,100,0,688,352,64,48,0,26,-226,0,1,100,0,944,352,64,48,0,123,-206,0,1,100,0,0,128,48,48,0,138,-200,0,1,100,0,0,96,16,32,0,71,-228,0,1,100,0,48,128,48,48,0,86,-222,0,1,100,0,48,96,16,32,0,40,-184,0,1,95,0,272,0,112,112,0,77,-167,0,1,100,0,560,352,64,48,0,121,-164,0,0,100,0,112,112,16,48,0,81,-187,0,1,60,0,464,112,64,64,0,81,-187,0,0,100,0,736,176,64,64,0,81,-155,0,0,100,0,1216,0,64,32,0,77,-197,0,1,100,0,720,96,64,80,0,86,-192,0,1,100,0,272,112,64,64,0,139,-167,0,0,60,0,112,96,16,16,0,87,-189,0,0,60,0,112,96,16,16,0,30,-226,0,0,100,0,128,0,144,160,0,31,-133,0,0,100,0,0,0,128,96,0,0,-256,0,0,100,0,0,1024,192,256,0,
0,31,84,-130,0,0,100,0,0,528,32,48,0,84,-130,0,1,100,0,128,528,32,48,0,92,-136,0,0,100,0,352,464,48,48,0,92,-136,0,1,100,0,544,464,48,48,0,43,-128,0,0,100,0,960,416,64,48,0,43,-131,0,1,100,0,1216,416,64,48,0,20,-175,0,0,100,0,880,272,80,80,0,20,-175,0,1,100,0,1024,192,80,80,0,97,-104,0,0,100,0,1184,16,32,16,0,60,-107,0,0,100,0,1168,0,48,16,0,75,-99,0,0,100,0,1232,32,48,16,0,29,-124,0,0,100,0,1216,0,64,32,0,26,-223,0,0,100,0,752,352,64,48,0,26,-226,0,1,100,0,1008,352,64,48,0,123,-206,0,1,100,0,48,128,48,48,0,138,-200,0,1,100,0,16,96,16,32,0,71,-228,0,1,100,0,0,128,48,48,0,86,-222,0,1,100,0,0,96,16,32,0,40,-184,0,1,100,0,272,0,112,112,0,77,-167,0,1,100,0,496,352,64,48,0,121,-164,0,0,100,0,112,112,16,48,0,81,-187,0,1,60,0,528,112,64,64,0,81,-187,0,0,100,0,800,176,64,64,0,81,-155,0,0,100,0,1216,0,64,32,0,77,-197,0,1,100,0,784,96,64,80,0,86,-192,0,1,100,0,272,112,64,64,0,139,-167,0,0,60,0,112,96,16,16,0,87,-189,0,0,60,0,112,96,16,16,0,30,-226,0,0,100,0,128,0,144,160,0,31,-133,0,0,100,0,0,0,128,96,0,0,-256,0,0,100,0,0,1024,192,256,0,
0,31,84,-130,0,0,100,0,0,528,32,48,0,84,-130,0,1,100,0,128,528,32,48,0,92,-136,0,0,100,0,400,464,48,48,0,92,-136,0,1,100,0,592,464,48,48,0,43,-128,0,0,100,0,960,416,64,48,0,43,-131,0,1,100,0,1216,416,64,48,0,20,-175,0,0,100,0,880,272,80,80,0,20,-175,0,1,100,0,1024,192,80,80,0,97,-104,0,0,100,0,1184,16,32,16,0,60,-107,0,0,100,0,1168,0,48,16,0,75,-99,0,0,100,0,1232,32,48,16,0,29,-124,0,0,100,0,1216,0,64,32,0,26,-223,0,0,100,0,816,352,64,48,0,26,-226,0,1,100,0,1072,352,64,48,0,123,-206,0,1,100,0,0,128,48,48,0,138,-200,0,1,100,0,32,96,16,32,0,71,-228,0,1,100,0,48,128,48,48,0,86,-222,0,1,100,0,16,96,16,32,0,40,-184,0,1,95,0,272,0,112,112,0,77,-167,0,1,100,0,560,352,64,48,0,121,-164,0,0,100,0,112,112,16,48,0,81,-187,0,1,60,0,528,112,64,64,0,81,-187,0,0,100,0,800,176,64,64,0,81,-155,0,0,100,0,1216,0,64,32,0,77,-197,0,1,100,0,784,96,64,80,0,86,-192,0,1,100,0,272,112,64,64,0,139,-167,0,0,60,0,112,96,16,16,0,87,-189,0,0,60,0,112,96,16,16,0,30,-226,0,0,100,0,128,0,144,160,0,31,-133,0,0,100,0,0,0,128,96,0,0,-256,0,0,100,0,0,1024,192,256,0,
0,31,84,-130,0,0,100,0,32,528,32,48,0,84,-130,0,1,100,0,160,528,32,48,0,92,-136,0,0,100,0,256,464,48,48,0,92,-136,0,1,100,0,448,464,48,48,0,43,-128,0,0,100,0,768,416,64,48,0,43,-131,0,1,100,0,1024,416,64,48,0,26,-175,0,0,100,0,800,272,80,80,0,26,-175,0,1,100,0,944,192,80,80,0,97,-104,0,0,100,0,1184,16,32,16,0,60,-107,0,0,100,0,1168,0,48,16,0,75,-99,0,0,100,0,1232,32,48,16,0,29,-124,0,0,100,0,1216,0,64,32,0,26,-223,0,0,100,0,624,352,64,48,0,26,-226,0,1,100,0,880,352,64,48,0,123,-206,0,1,100,0,48,128,48,48,0,138,-200,0,1,100,0,48,96,16,32,0,71,-228,0,1,100,0,0,128,48,48,0,86,-222,0,1,100,0,32,96,16,32,0,40,-184,0,1,90,0,272,0,112,112,0,77,-167,0,1,100,0,496,352,64,48,0,121,-164,0,0,100,0,112,112,16,48,0,81,-187,0,1,60,0,336,112,64,64,0,81,-187,0,0,100,0,608,176,64,64,0,81,-155,0,0,100,0,1216,0,64,32,0,77,-197,0,1,100,0,592,96,64,80,0,86,-192,0,1,100,0,272,112,64,64,0,139,-167,0,0,60,0,112,96,16,16,0,87,-189,0,0,60,0,112,96,16,16,0,30,-226,0,0,100,0,128,0,144,160,0,31,-133,0,0,100,0,0,0,128,96,0,0,-256,0,0,100,0,0,1024,192,256,0,
0,31,84,-130,0,0,100,0,32,528,32,48,0,84,-130,0,1,100,0,160,528,32,48,0,92,-136,0,0,100,0,304,464,48,48,0,92,-136,0,1,100,0,496,464,48,48,0,43,-128,0,0,100,0,768,416,64,48,0,43,-131,0,1,100,0,1024,416,64,48,0,26,-175,0,0,100,0,800,272,80,80,0,26,-175,0,1,100,0,944,192,80,80,0,97,-104,0,0,100,0,1184,16,32,16,0,60,-107,0,0,100,0,1168,0,48,16,0,75,-99,0,0,100,0,1232,32,48,16,0,29,-124,0,0,100,0,1216,0,64,32,0,26,-223,0,0,100,0,688,352,64,48,0,26,-226,0,1,100,0,944,352,64,48,0,123,-206,0,1,100,0,0,128,48,48,0,138,-200,0,1,100,0,0,96,16,32,0,71,-228,0,1,100,0,48,128,48,48,0,86,-222,0,1,100,0,48,96,16,32,0,40,-184,0,1,95,0,272,0,112,112,0,77,-167,0,1,100,0,560,352,64,48,0,121,-164,0,0,100,0,112,112,16,48,0,81,-187,0,1,60,0,336,112,64,64,0,81,-187,0,0,100,0,608,176,64,64,0,81,-155,0,0,100,0,1216,0,64,32,0,77,-197,0,1,100,0,592,96,64,80,0,86,-192,0,1,100,0,272,112,64,64,0,139,-167,0,0,60,0,112,96,16,16,0,87,-189,0,0,60,0,112,96,16,16,0,30,-226,0,0,100,0,128,0,144,160,0,31,-133,0,0,100,0,0,0,128,96,0,0,-256,0,0,100,0,0,1024,192,256,0,
0,31,84,-130,0,0,100,0,64,528,32,48,0,84,-130,0,1,100,0,192,528,32,48,0,92,-136,0,0,100,0,352,464,48,48,0,92,-136,0,1,100,0,544,464,48,48,0,43,-128,0,0,100,0,832,416,64,48,0,43,-131,0,1,100,0,1088,416,64,48,0,26,-175,0,0,100,0,720,272,80,80,0,26,-175,0,1,100,0,864,192,80,80,0,97,-104,0,0,100,0,1184,16,32,16,0,60,-107,0,0,100,0,1168,0,48,16,0,75,-99,0,0,100,0,1232,32,48,16,0,29,-124,0,0,100,0,1216,0,64,32,0,26,-223,0,0,100,0,752,352,64,48,0,26,-226,0,1,100,0,1008,352,64,48,0,123,-206,0,1,100,0,48,128,48,48,0,138,-200,0,1,100,0,16,96,16,32,0,71,-228,0,1,100,0,0,128,48,48,0,86,-222,0,1,100,0,0,96,16,32,0,40,-184,0,1,100,0,272,0,112,112,0,77,-167,0,1,100,0,496,352,64,48,0,121,-164,0,0,100,0,112,112,16,48,0,81,-187,0,1,60,0,400,112,64,64,0,81,-187,0,0,100,0,672,176,64,64,0,81,-155,0,0,100,0,1216,0,64,32,0,77,-197,0,1,100,0,656,96,64,80,0,86,-192,0,1,100,0,272,112,64,64,0,139,-167,0,0,60,0,112,96,16,16,0,87,-189,0,0,60,0,112,96,16,16,0,30,-226,0,0,100,0,128,0,144,160,0,31,-133,0,0,100,0,0,0,128,96,0,0,-256,0,0,100,0,0,1024,192,256,0,
0,31,84,-130,0,0,100,0,64,528,32,48,0,84,-130,0,1,100,0,192,528,32,48,0,92,-136,0,0,100,0,400,464,48,48,0,92,-136,0,1,100,0,592,464,48,48,0,43,-128,0,0,100,0,832,416,64,48,0,43,-131,0,1,100,0,1088,416,64,48,0,26,-175,0,0,100,0,720,272,80,80,0,26,-175,0,1,100,0,864,192,80,80,0,97,-104,0,0,100,0,1184,16,32,16,0,60,-107,0,0,100,0,1168,0,48,16,0,75,-99,0,0,100,0,1232,32,48,16,0,29,-124,0,0,100,0,1216,0,64,32,0,26,-223,0,0,100,0,816,352,64,48,0,26,-226,0,1,100,0,1072,352,64,48,0,123,-206,0,1,100,0,0,128,48,48,0,138,-200,0,1,100,0,32,96,16,32,0,71,-228,0,1,100,0,48,128,48,48,0,86,-222,0,1,100,0,16,96,16,32,0,40,-184,0,1,95,0,272,0,112,112,0,77,-167,0,1,100,0,560,352,64,48,0,121,-164,0,0,100,0,112,112,16,48,0,81,-187,0,1,60,0,400,112,64,64,0,81,-187,0,0,100,0,672,176,64,64,0,81,-155,0,0,100,0,1216,0,64,32,0,77,-197,0,1,100,0,656,96,64,80,0,86,-192,0,1,100,0,272,112,64,64,0,139,-167,0,0,60,0,112,96,16,16,0,87,-189,0,0,60,0,112,96,16,16,0,30,-226,0,0,100,0,128,0,144,160,0,31,-133,0,0,100,0,0,0,128,96,0,0,-256,0,0,100,0,0,1024,192,256,0,
0,31,84,-114,0,0,100,0,0,464,32,32,0,84,-130,0,1,100,0,96,528,32,48,0,92,-136,0,0,100,0,256,464,48,48,0,92,-136,0,1,100,0,448,464,48,48,0,43,-128,0,0,100,0,896,416,64,48,0,43,-131,0,1,100,0,1152,416,64,48,0,26,-175,0,0,100,0,800,272,80,80,0,26,-175,0,1,100,0,944,192,80,80,0,97,-104,0,0,100,0,1184,16,32,16,0,60,-107,0,0,100,0,1168,0,48,16,0,75,-99,0,0,100,0,1232,32,48,16,0,29,-124,0,0,100,0,1216,0,64,32,0,26,-223,0,0,100,0,624,352,64,48,0,26,-226,0,1,100,0,880,352,64,48,0,123,-206,0,1,100,0,48,128,48,48,0,138,-200,0,1,100,0,48,96,16,32,0,71,-228,0,1,100,0,0,128,48,48,0,86,-222,0,1,100,0,32,96,16,32,0,40,-184,0,1,90,0,272,0,112,112,0,77,-167,0,1,100,0,496,352,64,48,0,121,-164,0,0,100,0,112,112,16,48,0,81,-187,0,1,60,0,464,112,64,64,0,81,-187,0,0,100,0,736,176,64,64,0,81,-155,0,0,100,0,1216,0,64,32,0,77,-197,0,1,100,0,720,96,64,80,0,86,-192,0,1,100,0,272,112,64,64,0,139,-167,0,0,60,0,112,96,16,16,0,87,-189,0,0,60,0,112,96,16,16,0,30,-226,0,0,100,0,128,0,144,160,0,31,-133,0,0,100,0,0,0,128,96,0,0,-256,0,0,100,0,0,1024,192,256,0,
0,31,84,-114,0,0,100,0,0,464,32,32,0,84,-130,0,1,100,0,96,528,32,48,0,92,-136,0,0,100,0,304,464,48,48,0,92,-136,0,1,100,0,496,464,48,48,0,43,-128,0,0,100,0,896,416,64,48,0,43,-131,0,1,100,0,1152,416,64,48,0,26,-175,0,0,100,0,800,272,80,80,0,26,-175,0,1,100,0,944,192,80,80,0,97,-104,0,0,100,0,1184,16,32,16,0,60,-107,0,0,100,0,1168,0,48,16,0,75,-99,0,0,100,0,1232,32,48,16,0,29,-124,0,0,100,0,1216,0,64,32,0,26,-223,0,0,100,0,688,352,64,48,0,26,-226,0,1,100,0,944,352,64,48,0,123,-206,0,1,100,0,0,128,48,48,0,138,-200,0,1,100,0,0,96,16,32,0,71,-228,0,1,100,0,48,128,48,48,0,86,-222,0,1,100,0,48,96,16,32,0,40,-184,0,1,95,0,272,0,112,112,0,77,-167,0,1,100,0,560,352,64,48,0,121,-164,0,0,100,0,112,112,16,48,0,81,-187,0,1,60,0,464,112,64,64,0,81,-187,0,0,100,0,736,176,64,64,0,81,-155,0,0,100,0,1216,0,64,32,0,77,-197,0,1,100,0,720,96,64,80,0,86,-192,0,1,100,0,272,112,64,64,0,139,-167,0,0,60,0,112,96,16,16,0,87,-189,0,0,60,0,112,96,16,16,0,30,-226,0,0,100,0,128,0,144,160,0,31,-133,0,0,100,0,0,0,128,96,0,0,-256,0,0,100,0,0,1024,192,256,0,
0,31,84,-130,0,0,100,0,0,528,32,48,0,84,-130,0,1,100,0,128,528,32,48,0,92,-136,0,0,100,0,352,464,48,48,0,92,-136,0,1,100,0,544,464,48,48,0,43,-128,0,0,100,0,960,416,64,48,0,43,-131,0,1,100,0,1216,416,64,48,0,20,-175,0,0,100,0,880,272,80,80,0,20,-175,0,1,100,0,1024,192,80,80,0,97,-104,0,0,100,0,1184,16,32,16,0,60,-107,0,0,100,0,1168,0,48,16,0,75,-99,0,0,100,0,1232,32,48,16,0,29,-124,0,0,100,0,1216,0,64,32,0,26,-223,0,0,100,0,752,352,64,48,0,26,-226,0,1,100,0,1008,352,64,48,0,123,-206,0,1,100,0,48,128,48,48,0,138,-200,0,1,100,0,16,96,16,32,0,71,-228,0,1,100,0,0,128,48,48,0,86,-222,0,1,100,0,0,96,16,32,0,40,-184,0,1,100,0,272,0,112,112,0,77,-167,0,1,100,0,496,352,64,48,0,121,-164,0,0,100,0,112,112,16,48,0,81,-187,0,1,60,0,528,112,64,64,0,81,-187,0,0,100,0,800,176,64,64,0,81,-155,0,0,100,0,1216,0,64,32,0,77,-197,0,1,100,0,784,96,64,80,0,86,-192,0,1,100,0,272,112,64,64,0,139,-167,0,0,60,0,112,96,16,16,0,87,-189,0,0,60,0,112,96,16,16,0,30,-226,0,0,100,0,128,0,144,160,0,31,-133,0,0,100,0,0,0,128,96,0,0,-256,0,0,100,0,0,1024,192,256,0,
0,31,84,-130,0,0,100,0,0,528,32,48,0,84,-130,0,1,100,0,128,528,32,48,0,92,-136,0,0,100,0,400,464,48,48,0,92,-136,0,1,100,0,592,464,48,48,0,43,-128,0,0,100,0,960,416,64,48,0,43,-131,0,1,100,0,1216,416,64,48,0,20,-175,0,0,100,0,880,272,80,80,0,20,-175,0,1,100,0,1024,192,80,80,0,97,-104,0,0,100,0,1184,16,32,16,0,60,-107,0,0,100,0,1168,0,48,16,0,75,-99,0,0,100,0,1232,32,48,16,0,29,-124,0,0,100,0,1216,0,64,32,0,26,-223,0,0,100,0,816,352,64,48,0,26,-226,0,1,100,0,1072,352,64,48,0,123,-206,0,1,100,0,0,128,48,48,0,138,-200,0,1,100,0,32,96,16,32,0,71,-228,0,1,100,0,48,128,48,48,0,86,-222,0,1,100,0,16,96,16,32,0,40,-184,0,1,95,0,272,0,112,112,0,77,-167,0,1,100,0,560,352,64,48,0,121,-164,0,0,100,0,112,112,16,48,0,81,-187,0,1,60,0,528,112,64,64,0,81,-187,0,0,100,0,800,176,64,64,0,81,-155,0,0,100,0,1216,0,64,32,0,77,-197,0,1,100,0,784,96,64,80,0,86,-192,0,1,100,0,272,112,64,64,0,139,-167,0,0,60,0,112,96,16,16,0,87,-189,0,0,60,0,112,96,16,16,0,30,-226,0,0,100,0,128,0,144,160,0,31,-133,0,0,100,0,0,0,128,96,0,0,-256,0,0,100,0,0,1024,192,256,0,
0,31,84,-130,0,0,100,0,32,528,32,48,0,84,-130,0,1,100,0,160,528,32,48,0,92,-136,0,0,100,0,256,464,48,48,0,92,-136,0,1,100,0,448,464,48,48,0,43,-128,0,0,100,0,768,416,64,48,0,43,-131,0,1,100,0,1024,416,64,48,0,20,-175,0,0,100,0,960,272,80,80,0,20,-175,0,1,100,0,1104,192,80,80,0,97,-104,0,0,100,0,1184,16,32,16,0,60,-107,0,0,100,0,1168,0,48,16,0,75,-99,0,0,100,0,1232,32,48,16,0,29,-124,0,0,100,0,1216,0,64,32,0,26,-223,0,0,100,0,624,352,64,48,0,26,-226,0,1,100,0,880,352,64,48,0,123,-206,0,1,100,0,48,128,48,48,0,138,-200,0,1,100,0,48,96,16,32,0,71,-228,0,1,100,0,0,128,48,48,0,86,-222,0,1,100,0,32,96,16,32,0,40,-184,0,1,90,0,272,0,112,112,0,77,-167,0,1,100,0,496,352,64,48,0,121,-164,0,0,100,0,112,112,16,48,0,81,-187,0,1,60,0,336,112,64,64,0,81,-187,0,0,100,0,608,176,64,64,0,81,-155,0,0,100,0,1216,0,64,32,0,77,-197,0,1,100,0,592,96,64,80,0,86,-192,0,1,100,0,272,112,64,64,0,139,-167,0,0,60,0,112,96,16,16,0,87,-189,0,0,60,0,112,96,16,16,0,30,-226,0,0,100,0,128,0,144,160,0,31,-133,0,0,100,0,0,0,128,96,0,0,-256,0,0,100,0,0,1024,192,256,0,
0,31,84,-130,0,0,100,0,32,528,32,48,0,84,-130,0,1,100,0,160,528,32,48,0,92,-136,0,0,100,0,304,464,48,48,0,92,-136,0,1,100,0,496,464,48,48,0,43,-128,0,0,100,0,768,416,64,48,0,43,-131,0,1,100,0,1024,416,64,48,0,20,-175,0,0,100,0,960,272,80,80,0,20,-175,0,1,100,0,1104,192,80,80,0,97,-104,0,0,100,0,1184,16,32,16,0,60,-107,0,0,100,0,1168,0,48,16,0,75,-99,0,0,100,0,1232,32,48,16,0,29,-124,0,0,100,0,1216,0,64,32,0,26,-223,0,0,100,0,688,352,64,48,0,26,-226,0,1,100,0,944,352,64,48,0,123,-206,0,1,100,0,0,128,48,48,0,138,-200,0,1,100,0,0,96,16,32,0,71,-228,0,1,100,0,48,128,48,48,0,86,-222,0,1,100,0,48,96,16,32,0,40,-184,0,1,95,0,272,0,112,112,0,77,-167,0,1,100,0,560,352,64,48,0,121,-164,0,0,100,0,112,112,16,48,0,81,-187,0,1,60,0,336,112,64,64,0,81,-187,0,0,100,0,608,176,64,64,0,81,-155,0,0,100,0,1216,0,64,32,0,77,-197,0,1,100,0,592,96,64,80,0,86,-192,0,1,100,0,272,112,64,64,0,139,-167,0,0,60,0,112,96,16,16,0,87,-189,0,0,60,0,112,96,16,16,0,30,-226,0,0,100,0,128,0,144,160,0,31,-133,0,0,100,0,0,0,128,96,0,0,-256,0,0,100,0,0,1024,192,256,0,
0,31,84,-130,0,0,100,0,64,528,32,48,0,84,-130,0,1,100,0,192,528,32,48,0,92,-136,0,0,100,0,352,464,48,48,0,92,-136,0,1,100,0,544,464,48,48,0,43,-128,0,0,100,0,832,416,64,48,0,43,-131,0,1,100,0,1088,416,64,48,0,20,-175,0,0,100,0,880,272,80,80,0,20,-175,0,1,100,0,1024,192,80,80,0,97,-104,0,0,100,0,1184,16,32,16,0,60,-107,0,0,100,0,1168,0,48,16,0,75,-99,0,0,100,0,1232,32,48,16,0,29,-124,0,0,100,0,1216,0,64,32,0,26,-223,0,0,100,0,752,352,64,48,0,26,-226,0,1,100,0,1008,352,64,48,0,123,-206,0,1,100,0,48,128,48,48,0,138,-200,0,1,100,0,16,96,16,32,0,71,-228,0,1,100,0,0,128,48,48,0,86,-222,0,1,100,0,0,96,16,32,0,40,-184,0,1,100,0,272,0,112,112,0,77,-167,0,1,100,0,496,352,64,48,0,121,-164,0,0,100,0,112,112,16,48,0,81,-187,0,1,60,0,400,112,64,64,0,81,-187,0,0,100,0,672,176,64,64,0,81,-155,0,0,100,0,1216,0,64,32,0,77,-197,0,1,100,0,656,96,64,80,0,86,-192,0,1,100,0,272,112,64,64,0,139,-167,0,0,60,0,112,96,16,16,0,87,-189,0,0,60,0,112,96,16,16,0,30,-226,0,0,100,0,128,0,144,160,0,31,-133,0,0,100,0,0,0,128,96,0,0,-256,0,0,100,0,0,1024,192,256,0,
0,31,84,-130,0,0,100,0,64,528,32,48,0,84,-130,0,1,100,0,192,528,32,48,0,92,-136,0,0,100,0,400,464,48,48,0,92,-136,0,1,100,0,592,464,48,48,0,43,-128,0,0,100,0,832,416,64,48,0,43,-131,0,1,100,0,1088,416,64,48,0,20,-175,0,0,100,0,880,272,80,80,0,20,-175,0,1,100,0,1024,192,80,80,0,97,-104,0,0,100,0,1184,16,32,16,0,60,-107,0,0,100,0,1168,0,48,16,0,75,-99,0,0,100,0,1232,32,48,16,0,29,-124,0,0,100,0,1216,0,64,32,0,26,-223,0,0,100,0,816,352,64,48,0,26,-226,0,1,100,0,1072,352,64,48,0,123,-206,0,1,100,0,0,128,48,48,0,138,-200,0,1,100,0,32,96,16,32,0,71,-228,0,1,100,0,48,128,48,48,0,86,-222,0,1,100,0,16,96,16,32,0,40,-184,0,1,95,0,272,0,112,112,0,77,-167,0,1,100,0,560,352,64,48,0,121,-164,0,0,100,0,112,112,16,48,0,81,-187,0,1,60,0,400,112,64,64,0,81,-187,0,0,100,0,672,176,64,64,0,81,-155,0,0,100,0,1216,0,64,32,0,77,-197,0,1,100,0,656,96,64,80,0,86,-192,0,1,100,0,272,112,64,64,0,139,-167,0,0,60,0,112,96,16,16,0,87,-189,0,0,60,0,112,96,16,16,0,30,-226,0,0,100,0,128,0,144,160,0,31,-133,0,0,100,0,0,0,128,96,0,0,-256,0,0,100,0,0,1024,192,256,0,
0,31,84,-114,0,0,100,0,0,464,32,32,0,84,-130,0,1,100,0,96,528,32,48,0,92,-136,0,0,100,0,256,464,48,48,0,92,-136,0,1,100,0,448,464,48,48,0,43,-128,0,0,100,0,896,416,64,48,0,43,-131,0,1,100,0,1152,416,64,48,0,26,-175,0,0,100,0,800,272,80,80,0,26,-175,0,1,100,0,944,192,80,80,0,97,-104,0,0,100,0,1184,16,32,16,0,60,-107,0,0,100,0,1168,0,48,16,0,75,-99,0,0,100,0,1232,32,48,16,0,29,-124,0,0,100,0,1216,0,64,32,0,26,-223,0,0,100,0,624,352,64,48,0,26,-226,0,1,100,0,880,352,64,48,0,123,-206,0,1,100,0,48,128,48,48,0,138,-200,0,1,100,0,48,96,16,32,0,71,-228,0,1,100,0,0,128,48,48,0,86,-222,0,1,100,0,32,96,16,32,0,40,-184,0,1,90,0,272,0,112,112,0,77,-167,0,1,100,0,496,352,64,48,0,121,-164,0,0,100,0,112,112,16,48,0,81,-187,0,1,60,0,464,112,64,64,0,81,-187,0,0,100,0,736,176,64,64,0,81,-155,0,0,100,0,1216,0,64,32,0,77,-197,0,1,100,0,720,96,64,80,0,86,-192,0,1,100,0,272,112,64,64,0,139,-167,0,0,60,0,112,96,16,16,0,87,-189,0,0,60,0,112,96,16,16,0,30,-226,0,0,100,0,128,0,144,160,0,31,-133,0,0,100,0,0,0,128,96,0,0,-256,0,0,100,0,0,1024,192,256,0,
0,31,84,-114,0,0,100,0,0,464,32,32,0,84,-130,0,1,100,0,96,528,32,48,0,92,-136,0,0,100,0,304,464,48,48,0,92,-136,0,1,100,0,496,464,48,48,0,43,-128,0,0,100,0,896,416,64,48,0,43,-131,0,1,100,0,1152,416,64,48,0,26,-175,0,0,100,0,800,272,80,80,0,26,-175,0,1,100,0,944,192,80,80,0,97,-104,0,0,100,0,1184,16,32,16,0,60,-107,0,0,100,0,1168,0,48,16,0,75,-99,0,0,100,0,1232,32,48,16,0,29,-124,0,0,100,0,1216,0,64,32,0,26,-223,0,0,100,0,688,352,64,48,0,26,-226,0,1,100,0,944,352,64,48,0,123,-206,0,1,100,0,0,128,48,48,0,138,-200,0,1,100,0,0,96,16,32,0,71,-228,0,1,100,0,48,128,48,48,0,86,-222,0,1,100,0,48,96,16,32,0,40,-184,0,1,95,0,272,0,112,112,0,77,-167,0,1,100,0,560,352,64,48,0,121,-164,0,0,100,0,112,112,16,48,0,81,-187,0,1,60,0,464,112,64,64,0,81,-187,0,0,100,0,736,176,64,64,0,81,-155,0,0,100,0,1216,0,64,32,0,77,-197,0,1,100,0,720,96,64,80,0,86,-192,0,1,100,0,272,112,64,64,0,139,-167,0,0,60,0,112,96,16,16,0,87,-189,0,0,60,0,112,96,16,16,0,30,-226,0,0,100,0,128,0,144,160,0,31,-133,0,0,100,0,0,0,128,96,0,0,-256,0,0,100,0,0,1024,192,256,0,
0,31,84,-130,0,0,100,0,0,528,32,48,0,84,-130,0,1,100,0,128,528,32,48,0,92,-136,0,0,100,0,352,464,48,48,0,92,-136,0,1,100,0,544,464,48,48,0,43,-128,0,0,100,0,960,416,64,48,0,43,-131,0,1,100,0,1216,416,64,48,0,26,-175,0,0,100,0,720,272,80,80,0,26,-175,0,1,100,0,864,192,80,80,0,97,-104,0,0,100,0,1184,16,32,16,0,60,-107,0,0,100,0,1168,0,48,16,0,75,-99,0,0,100,0,1232,32,48,16,0,29,-124,0,0,100,0,1216,0,64,32,0,26,-223,0,0,100,0,752,352,64,48,0,26,-226,0,1,100,0,1008,352,64,48,0,123,-206,0,1,100,0,48,128,48,48,0,138,-200,0,1,100,0,16,96,16,32,0,71,-228,0,1,100,0,0,128,48,48,0,86,-222,0,1,100,0,0,96,16,32,0,40,-184,0,1,100,0,272,0,112,112,0,77,-167,0,1,100,0,496,352,64,48,0,121,-164,0,0,100,0,112,112,16,48,0,81,-187,0,1,60,0,528,112,64,64,0,81,-187,0,0,100,0,800,176,64,64,0,81,-155,0,0,100,0,1216,0,64,32,0,77,-197,0,1,100,0,784,96,64,80,0,86,-192,0,1,100,0,272,112,64,64,0,139,-167,0,0,60,0,112,96,16,16,0,87,-189,0,0,60,0,112,96,16,16,0,30,-226,0,0,100,0,128,0,144,160,0,31,-133,0,0,100,0,0,0,128,96,0,0,-256,0,0,100,0,0,1024,192,256,0,
0,31,84,-130,0,0,100,0,0,528,32,48,0,84,-130,0,1,100,0,128,528,32,48,0,92,-136,0,0,100,0,400,464,48,48,0,92,-136,0,1,100,0,592,464,48,48,0,43,-128,0,0,100,0,960,416,64,48,0,43,-131,0,1,100,0,1216,416,64,48,0,26,-175,0,0,100,0,720,272,80,80,0,26,-175,0,1,100,0,864,192,80,80,0,97,-104,0,0,100,0,1184,16,32,16,0,60,-107,0,0,100,0,1168,0,48,16,0,75,-99,0,0,100,0,1232,32,48,16,0,29,-124,0,0,100,0,1216,0,64,32,0,26,-223,0,0,100,0,816,352,64,48,0,26,-226,0,1,100,0,1072,352,64,48,0,123,-206,0,1,100,0,0,128,48,48,0,138,-200,0,1,100,0,32,96,16,32,0,71,-228,0,1,100,0,48,128,48,48,0,86,-222,0,1,100,0,16,96,16,32,0,40,-184,0,1,95,0,272,0,112,112,0,77,-167,0,1,100,0,560,352,64,48,0,121,-164,0,0,100,0,112,112,16,48,0,81,-187,0,1,60,0,528,112,64,64,0,81,-187,0,0,100,0,800,176,64,64,0,81,-155,0,0,100,0,1216,0,64,32,0,77,-197,0,1,100,0,784,96,64,80,0,86,-192,0,1,100,0,272,112,64,64,0,139,-167,0,0,60,0,112,96,16,16,0,87,-189,0,0,60,0,112,96,16,16,0,30,-226,0,0,100,0,128,0,144,160,0,31,-133,0,0,100,0,0,0,128,96,0,0,-256,0,0,100,0,0,1024,192,256,0,
0,31,84,-130,0,0,100,0,32,528,32,48,0,84,-130,0,1,100,0,160,528,32,48,0,92,-136,0,0,100,0,256,464,48,48,0,92,-136,0,1,100,0,448,464,48,48,0,43,-128,0,0,100,0,768,416,64,48,0,43,-131,0,1,100,0,1024,416,64,48,0,26,-175,0,0,100,0,800,272,80,80,0,26,-175,0,1,100,0,944,192,80,80,0,97,-104,0,0,100,0,1184,16,32,16,0,60,-107,0,0,100,0,1168,0,48,16,0,75,-99,0,0,100,0,1232,32,48,16,0,29,-124,0,0,100,0,1216,0,64,32,0,26,-223,0,0,100,0,624,352,64,48,0,26,-226,0,1,100,0,880,352,64,48,0,123,-206,0,1,100,0,48,128,48,48,0,138,-200,0,1,100,0,48,96,16,32,0,71,-228,0,1,100,0,0,128,48,48,0,86,-222,0,1,100,0,32,96,16,32,0,40,-184,0,1,90,0,272,0,112,112,0,77,-167,0,1,100,0,496,352,64,48,0,121,-164,0,0,100,0,112,112,16,48,0,81,-187,0,1,60,0,336,112,64,64,0,81,-187,0,0,100,0,608,176,64,64,0,81,-155,0,0,100,0,1216,0,64,32,0,77,-197,0,1,100,0,592,96,64,80,0,86,-192,0,1,100,0,272,112,64,64,0,139,-167,0,0,60,0,112,96,16,16,0,87,-189,0,0,60,0,112,96,16,16,0,30,-226,0,0,100,0,128,0,144,160,0,31,-133,0,0,100,0,0,0,128,96,0,0,-256,0,0,100,0,0,1024,192,256,0,
0,31,84,-130,0,0,100,0,32,528,32,48,0,84,-130,0,1,100,0,160,528,32,48,0,92,-136,0,0,100,0,304,464,48,48,0,92,-136,0,1,100,0,496,464,48,48,0,43,-128,0,0,100,0,768,416,64,48,0,43,-131,0,1,100,0,1024,416,64,48,0,26,-175,0,0,100,0,800,272,80,80,0,26,-175,0,1,100,0,944,192,80,80,0,97,-104,0,0,100,0,1184,16,32,16,0,60,-107,0,0,100,0,1168,0,48,16,0,75,-99,0,0,100,0,1232,32,48,16,0,29,-124,0,0,100,0,1216,0,64,32,0,26,-223,0,0,100,0,688,352,64,48,0,26,-226,0,1,100,0,944,352,64,48,0,123,-206,0,1,100,0,0,128,48,48,0,138,-200,0,1,100,0,0,96,16,32,0,71,-228,0,1,100,0,48,128,48,48,0,86,-222,0,1,100,0,48,96,16,32,0,40,-184,0,1,95,0,272,0,112,112,0,77,-167,0,1,100,0,560,352,64,48,0,121,-164,0,0,100,0,112,112,16,48,0,81,-187,0,1,60,0,336,112,64,64,0,81,-187,0,0,100,0,608,176,64,64,0,81,-155,0,0,100,0,1216,0,64,32,0,77,-197,0,1,100,0,592,96,64,80,0,86,-192,0,1,100,0,272,112,64,64,0,139,-167,0,0,60,0,112,96,16,16,0,87,-189,0,0,60,0,112,96,16,16,0,30,-226,0,0,100,0,128,0,144,160,0,31,-133,0,0,100,0,0,0,128,96,0,0,-256,0,0,100,0,0,1024,192,256,0,
0,31,84,-130,0,0,100,0,64,528,32,48,0,84,-130,0,1,100,0,192,528,32,48,0,92,-136,0,0,100,0,352,464,48,48,0,92,-136,0,1,100,0,544,464,48,48,0,43,-128,0,0,100,0,832,416,64,48,0,43,-131,0,1,100,0,1088,416,64,48,0,20,-175,0,0,100,0,880,272,80,80,0,20,-175,0,1,100,0,1024,192,80,80,0,97,-104,0,0,100,0,1184,16,32,16,0,60,-107,0,0,100,0,1168,0,48,16,0,75,-99,0,0,100,0,1232,32,48,16,0,29,-124,0,0,100,0,1216,0,64,32,0,26,-223,0,0,100,0,752,352,64,48,0,26,-226,0,1,100,0,1008,352,64,48,0,123,-206,0,1,100,0,48,128,48,48,0,138,-200,0,1,100,0,16,96,16,32,0,71,-228,0,1,100,0,0,128,48,48,0,86,-222,0,1,100,0,0,96,16,32,0,40,-184,0,1,100,0,272,0,112,112,0,77,-167,0,1,100,0,496,352,64,48,0,121,-164,0,0,100,0,112,112,16,48,0,81,-187,0,1,60,0,400,112,64,64,0,81,-187,0,0,100,0,672,176,64,64,0,81,-155,0,0,100,0,1216,0,64,32,0,77,-197,0,1,100,0,656,96,64,80,0,86,-192,0,1,100,0,272,112,64,64,0,139,-167,0,0,60,0,112,96,16,16,0,87,-189,0,0,60,0,112,96,16,16,0,30,-226,0,0,100,0,128,0,144,160,0,31,-133,0,0,100,0,0,0,128,96,0,0,-256,0,0,100,0,0,1024,192,256,0,
0,31,84,-130,0,0,100,0,64,528,32,48,0,84,-130,0,1,100,0,192,528,32,48,0,92,-136,0,0,100,0,400,464,48,48,0,92,-136,0,1,100,0,592,464,48,48,0,43,-128,0,0,100,0,832,416,64,48,0,43,-131,0,1,100,0,1088,416,64,48,0,20,-175,0,0,100,0,880,272,80,80,0,20,-175,0,1,100,0,1024,192,80,80,0,97,-104,0,0,100,0,1184,16,32,16,0,60,-107,0,0,100,0,1168,0,48,16,0,75,-99,0,0,100,0,1232,32,48,16,0,29,-124,0,0,100,0,1216,0,64,32,0,26,-223,0,0,100,0,816,352,64,48,0,26,-226,0,1,100,0,1072,352,64,48,0,123,-206,0,1,100,0,0,128,48,48,0,138,-200,0,1,100,0,32,96,16,32,0,71,-228,0,1,100,0,48,128,48,48,0,86,-222,0,1,100,0,16,96,16,32,0,40,-184,0,1,95,0,272,0,112,112,0,77,-167,0,1,100,0,560,352,64,48,0,121,-164,0,0,100,0,112,112,16,48,0,81,-187,0,1,60,0,400,112,64,64,0,81,-187,0,0,100,0,672,176,64,64,0,81,-155,0,0,100,0,1216,0,64,32,0,77,-197,0,1,100,0,656,96,64,80,0,86,-192,0,1,100,0,272,112,64,64,0,139,-167,0,0,60,0,112,96,16,16,0,87,-189,0,0,60,0,112,96,16,16,0,30,-226,0,0,100,0,128,0,144,160,0,31,-133,0,0,100,0,0,0,128,96,0,0,-256,0,0,100,0,0,1024,192,256,0,
0,31,84,-114,0,0,100,0,0,464,32,32,0,84,-130,0,1,100,0,96,528,32,48,0,92,-136,0,0,100,0,256,464,48,48,0,92,-136,0,1,100,0,448,464,48,48,0,43,-128,0,0,100,0,896,416,64,48,0,43,-131,0,1,100,0,1152,416,64,48,0,20,-175,0,0,100,0,960,272,80,80,0,20,-175,0,1,100,0,1104,192,80,80,0,97,-104,0,0,100,0,1184,16,32,16,0,60,-107,0,0,100,0,1168,0,48,16,0,75,-99,0,0,100,0,1232,32,48,16,0,29,-124,0,0,100,0,1216,0,64,32,0,26,-223,0,0,100,0,624,352,64,48,0,26,-226,0,1,100,0,880,352,64,48,0,123,-206,0,1,100,0,48,128,48,48,0,138,-200,0,1,100,0,48,96,16,32,0,71,-228,0,1,100,0,0,128,48,48,0,86,-222,0,1,100,0,32,96,16,32,0,40,-184,0,1,90,0,272,0,112,112,0,77,-167,0,1,100,0,496,352,64,48,0,121,-164,0,0,100,0,112,112,16,48,0,81,-187,0,1,60,0,464,112,64,64,0,81,-187,0,0,100,0,736,176,64,64,0,81,-155,0,0,100,0,1216,0,64,32,0,77,-197,0,1,100,0,720,96,64,80,0,86,-192,0,1,100,0,272,112,64,64,0,139,-167,0,0,60,0,112,96,16,16,0,87,-189,0,0,60,0,112,96,16,16,0,30,-226,0,0,100,0,128,0,144,160,0,31,-133,0,0,100,0,0,0,128,96,0,0,-256,0,0,100,0,0,1024,192,256,0,
0,31,84,-114,0,0,100,0,0,464,32,32,0,84,-130,0,1,100,0,96,528,32,48,0,92,-136,0,0,100,0,304,464,48,48,0,92,-136,0,1,100,0,496,464,48,48,0,43,-128,0,0,100,0,896,416,64,48,0,43,-131,0,1,100,0,1152,416,64,48,0,20,-175,0,0,100,0,960,272,80,80,0,20,-175,0,1,100,0,1104,192,80,80,0,97,-104,0,0,100,0,1184,16,32,16,0,60,-107,0,0,100,0,1168,0,48,16,0,75,-99,0,0,100,0,1232,32,48,16,0,29,-124,0,0,100,0,1216,0,64,32,0,26,-223,0,0,100,0,688,352,64,48,0,26,-226,0,1,100,0,944,352,64,48,0,123,-206,0,1,100,0,0,128,48,48,0,138,-200,0,1,100,0,0,96,16,32,0,71,-228,0,1,100,0,48,128,48,48,0,86,-222,0,1,100,0,48,96,16,32,0,40,-184,0,1,95,0,272,0,112,112,0,77,-167,0,1,100,0,560,352,64,48,0,121,-164,0,0,100,0,112,112,16,48,0,81,-187,0,1,60,0,464,112,64,64,0,81,-187,0,0,100,0,736,176,64,64,0,81,-155,0,0,100,0,1216,0,64,32,0,77,-197,0,1,100,0,720,96,64,80,0,86,-192,0,1,100,0,272,112,64,64,0,139,-167,0,0,60,0,112,96,16,16,0,87,-189,0,0,60,0,112,96,16,16,0,30,-226,0,0,100,0,128,0,144,160,0,31,-133,0,0,100,0,0,0,128,96,0,0,-256,0,0,100,0,0,1024,192,256,0,
0,31,84,-130,0,0,100,0,0,528,32,48,0,84,-130,0,1,100,0,128,528,32,48,0,92,-136,0,0,100,0,352,464,48,48,0,92,-136,0,1,100,0,544,464,48,48,0,43,-128,0,0,100,0,960,416,64,48,0,43,-131,0,1,100,0,1216,416,64,48,0,20,-175,0,0,100,0,880,272,80,80,0,20,-175,0,1,100,0,1024,192,80,80,0,97,-104,0,0,100,0,1184,16,32,16,0,60,-107,0,0,100,0,1168,0,48,16,0,75,-99,0,0,100,0,1232,32,48,16,0,29,-124,0,0,100,0,1216,0,64,32,0,26,-223,0,0,100,0,752,352,64,48,0,26,-226,0,1,100,0,1008,352,64,48,0,123,-206,0,1,100,0,48,128,48,48,0,138,-200,0,1,100,0,16,96,16,32,0,71,-228,0,1,100,0,0,128,48,48,0,86,-222,0,1,100,0,0,96,16,32,0,40,-184,0,1,100,0,272,0,112,112,0,77,-167,0,1,100,0,496,352,64,48,0,121,-164,0,0,100,0,112,112,16,48,0,81,-187,0,1,60,0,528,112,64,64,0,81,-187,0,0,100,0,800,176,64,64,0,81,-155,0,0,100,0,1216,0,64,32,0,77,-197,0,1,100,0,784,96,64,80,0,86,-192,0,1,100,0,272,112,64,64,0,139,-167,0,0,60,0,112,96,16,16,0,87,-189,0,0,60,0,112,96,16,16,0,30,-226,0,0,100,0,128,0,144,160,0,31,-133,0,0,100,0,0,0,128,96,0,0,-256,0,0,100,0,0,1024,192,256,0,
0,31,84,-130,0,0,100,0,0,528,32,48,0,84,-130,0,1,100,0,128,528,32,48,0,92,-136,0,0,100,0,400,464,48,48,0,92,-136,0,1,100,0,592,464,48,48,0,43,-128,0,0,100,0,960,416,64,48,0,43,-131,0,1,100,0,1216,416,64,48,0,20,-175,0,0,100,0,880,272,80,80,0,20,-175,0,1,100,0,1024,192,80,80,0,97,-104,0,0,100,0,1184,16,32,16,0,60,-107,0,0,100,0,1168,0,48,16,0,75,-99,0,0,100,0,1232,32,48,16,0,29,-124,0,0,100,0,1216,0,64,32,0,26,-223,0,0,100,0,816,352,64,48,0,26,-226,0,1,100,0,1072,352,64,48,0,123,-206,0,1,100,0,0,128,48,48,0,138,-200,0,1,100,0,32,96,16,32,0,71,-228,0,1,100,0,48,128,48,48,0,86,-222,0,1,100,0,16,96,16,32,0,40,-184,0,1,95,0,272,0,112,112,0,77,-167,0,1,100,0,560,352,64,48,0,121,-164,0,0,100,0,112,112,16,48,0,81,-187,0,1,60,0,528,112,64,64,0,81,-187,0,0,100,0,800,176,64,64,0,81,-155,0,0,100,0,1216,0,64,32,0,77,-197,0,1,100,0,784,96,64,80,0,86,-192,0,1,100,0,272,112,64,64,0,139,-167,0,0,60,0,112,96,16,16,0,87,-189,0,0,60,0,112,96,16,16,0,30,-226,0,0,100,0,128,0,144,160,0,31,-133,0,0,100,0,0,0,128,96,0,0,-256,0,0,100,0,0,1024,192,256,0,
0,31,84,-130,0,0,100,0,32,528,32,48,0,84,-130,0,1,100,0,160,528,32,48,0,92,-136,0,0,100,0,256,464,48,48,0,92,-136,0,1,100,0,448,464,48,48,0,43,-128,0,0,100,0,768,416,64,48,0,43,-131,0,1,100,0,1024,416,64,48,0,26,-175,0,0,100,0,800,272,80,80,0,26,-175,0,1,100,0,944,192,80,80,0,97,-104,0,0,100,0,1184,16,32,16,0,60,-107,0,0,100,0,1168,0,48,16,0,75,-99,0,0,100,0,1232,32,48,16,0,29,-124,0,0,100,0,1216,0,64,32,0,26,-223,0,0,100,0,624,352,64,48,0,26,-226,0,1,100,0,880,352,64,48,0,123,-206,0,1,100,0,48,128,48,48,0,138,-200,0,1,100,0,48,96,16,32,0,71,-228,0,1,100,0,0,128,48,48,0,86,-222,0,1,100,0,32,96,16,32,0,40,-184,0,1,90,0,272,0,112,112,0,77,-167,0,1,100,0,496,352,64,48,0,121,-164,0,0,100,0,112,112,16,48,0,81,-187,0,1,60,0,336,112,64,64,0,81,-187,0,0,100,0,608,176,64,64,0,81,-155,0,0,100,0,1216,0,64,32,0,77,-197,0,1,100,0,592,96,64,80,0,86,-192,0,1,100,0,272,112,64,64,0,139,-167,0,0,60,0,112,96,16,16,0,87,-189,0,0,60,0,112,96,16,16,0,30,-226,0,0,100,0,128,0,144,160,0,31,-133,0,0,100,0,0,0,128,96,0,0,-256,0,0,100,0,0,1024,192,256,0,
0,31,84,-130,0,0,100,0,32,528,32,48,0,84,-130,0,1,100,0,160,528,32,48,0,92,-136,0,0,100,0,304,464,48,48,0,92,-136,0,1,100,0,496,464,48,48,0,43,-128,0,0,100,0,768,416,64,48,0,43,-131,0,1,100,0,1024,416,64,48,0,26,-175,0,0,100,0,800,272,80,80,0,26,-175,0,1,100,0,944,192,80,80,0,97,-104,0,0,100,0,1184,16,32,16,0,60,-107,0,0,100,0,1168,0,48,16,0,75,-99,0,0,100,0,1232,32,48,16,0,29,-124,0,0,100,0,1216,0,64,32,0,26,-223,0,0,100,0,688,352,64,48,0,26,-226,0,1,100,0,944,352,64,48,0,123,-206,0,1,100,0,0,128,48,48,0,138,-200,0,1,100,0,0,96,16,32,0,71,-228,0,1,100,0,48,128,48,48,0,86,-222,0,1,100,0,48,96,16,32,0,40,-184,0,1,95,0,272,0,112,112,0,77,-167,0,1,100,0,560,352,64,48,0,121,-164,0,0,100,0,112,112,16,48,0,81,-187,0,1,60,0,336,112,64,64,0,81,-187,0,0,100,0,608,176,64,64,0,81,-155,0,0,100,0,1216,0,64,32,0,77,-197,0,1,100,0,592,96,64,80,0,86,-192,0,1,100,0,272,112,64,64,0,139,-167,0,0,60,0,112,96,16,16,0,87,-189,0,0,60,0,112,96,16,16,0,30,-226,0,0,100,0,128,0,144,160,0,31,-133,0,0,100,0,0,0,128,96,0,0,-256,0,0,100,0,0,1024,192,256,0,
0,31,84,-130,0,0,100,0,64,528,32,48,0,84,-130,0,1,100,0,192,528,32,48,0,92,-136,0,0,100,0,352,464,48,48,0,92,-136,0,1,100,0,544,464,48,48,0,43,-128,0,0,100,0,832,416,64,48,0,43,-131,0,1,100,0,1088,416,64,48,0,26,-175,0,0,100,0,720,272,80,80,0,26,-175,0,1,100,0,864,192,80,80,0,97,-104,0,0,100,0,1184,16,32,16,0,60,-107,0,0,100,0,1168,0,48,16,0,75,-99,0,0,100,0,1232,32,48,16,0,29,-124,0,0,100,0,1216,0,64,32,0,26,-223,0,0,100,0,752,352,64,48,0,26,-226,0,1,100,0,1008,352,64,48,0,123,-206,0,1,100,0,48,128,48,48,0,138,-200,0,1,100,0,16,96,16,32,0,71,-228,0,1,100,0,0,128,48,48,0,86,-222,0,1,100,0,0,96,16,32,0,40,-184,0,1,100,0,272,0,112,112,0,77,-167,0,1,100,0,496,352,64,48,0,121,-164,0,0,100,0,112,112,16,48,0,81,-187,0,1,60,0,400,112,64,64,0,81,-187,0,0,100,0,672,176,64,64,0,81,-155,0,0,100,0,1216,0,64,32,0,77,-197,0,1,100,0,656,96,64,80,0,86,-192,0,1,100,0,272,112,64,64,0,139,-167,0,0,60,0,112,96,16,16,0,87,-189,0,0,60,0,112,96,16,16,0,30,-226,0,0,100,0,128,0,144,160,0,31,-133,0,0,100,0,0,0,128,96,0,0,-256,0,0,100,0,0,1024,192,256,0,
0,31,84,-130,0,0,100,0,64,528,32,48,0,84,-130,0,1,100,0,192,528,32,48,0,92,-136,0,0,100,0,400,464,48,48,0,92,-136,0,1,100,0,592,464,48,48,0,43,-128,0,0,100,0,832,416,64,48,0,43,-131,0,1,100,0,1088,416,64,48,0,26,-175,0,0,100,0,720,272,80,80,0,26,-175,0,1,100,0,864,192,80,80,0,97,-104,0,0,100,0,1184,16,32,16,0,60,-107,0,0,100,0,1168,0,48,16,0,75,-99,0,0,100,0,1232,32,48,16,0,29,-124,0,0,100,0,1216,0,64,32,0,26,-223,0,0,100,0,816,352,64,48,0,26,-226,0,1,100,0,1072,352,64,48,0,123,-206,0,1,100,0,0,128,48,48,0,138,-200,0,1,100,0,32,96,16,32,0,71,-228,0,1,100,0,48,128,48,48,0,86,-222,0,1,100,0,16,96,16,32,0,40,-184,0,1,95,0,272,0,112,112,0,77,-167,0,1,100,0,560,352,64,48,0,121,-164,0,0,100,0,112,112,16,48,0,81,-187,0,1,60,0,400,112,64,64,0,81,-187,0,0,100,0,672,176,64,64,0,81,-155,0,0,100,0,1216,0,64,32,0,77,-197,0,1,100,0,656,96,64,80,0,86,-192,0,1,100,0,272,112,64,64,0,139,-167,0,0,60,0,112,96,16,16,0,87,-189,0,0,60,0,112,96,16,16,0,30,-226,0,0,100,0,128,0,144,160,0,31,-133,0,0,100,0,0,0,128,96,0,0,-256,0,0,100,0,0,1024,192,256,0,
0,32,0,-256,0,0,10,0,0,576,192,256,0,84,-114,0,0,100,0,0,464,32,32,0,84,-130,0,1,100,0,96,528,32,48,0,92,-136,0,0,100,0,256,464,48,48,0,92,-136,0,1,100,0,448,464,48,48,0,43,-128,0,0,100,0,896,416,64,48,0,43,-131,0,1,100,0,1152,416,64,48,0,26,-175,0,0,100,0,800,272,80,80,0,26,-175,0,1,100,0,944,192,80,80,0,97,-104,0,0,100,0,1184,16,32,16,0,60,-107,0,0,100,0,1168,0,48,16,0,75,-99,0,0,100,0,1232,32,48,16,0,29,-124,0,0,100,0,1216,0,64,32,0,26,-223,0,0,100,0,624,352,64,48,0,26,-226,0,1,100,0,880,352,64,48,0,123,-206,0,1,100,0,48,128,48,48,0,138,-200,0,1,100,0,48,96,16,32,0,71,-228,0,1,100,0,0,128,48,48,0,86,-222,0,1,100,0,32,96,16,32,0,40,-184,0,1,90,0,272,0,112,112,0,77,-167,0,1,100,0,496,352,64,48,0,121,-164,0,0,100,0,112,112,16,48,0,81,-187,0,1,60,0,464,112,64,64,0,81,-187,0,0,100,0,736,176,64,64,0,81,-155,0,0,100,0,1216,0,64,32,0,77,-197,0,1,100,0,720,96,64,80,0,86,-192,0,1,100,0,272,112,64,64,0,139,-167,0,0,60,0,112,96,16,16,0,87,-189,0,0,60,0,112,96,16,16,0,30,-226,0,0,100,0,128,0,144,160,0,31,-133,0,0,100,0,0,0,128,96,0,0,-256,0,0,100,0,0,1024,192,256,0,
0,32,0,-256,0,0,20,0,0,576,192,256,0,84,-114,0,0,100,0,0,464,32,32,0,84,-130,0,1,100,0,96,528,32,48,0,92,-136,0,0,100,0,304,464,48,48,0,92,-136,0,1,100,0,496,464,48,48,0,43,-128,0,0,100,0,896,416,64,48,0,43,-131,0,1,100,0,1152,416,64,48,0,26,-175,0,0,100,0,800,272,80,80,0,26,-175,0,1,100,0,944,192,80,80,0,97,-104,0,0,100,0,1184,16,32,16,0,60,-107,0,0,100,0,1168,0,48,16,0,75,-99,0,0,100,0,1232,32,48,16,0,29,-124,0,0,100,0,1216,0,64,32,0,26,-223,0,0,100,0,688,352,64,48,0,26,-226,0,1,100,0,944,352,64,48,0,123,-206,0,1,100,0,0,128,48,48,0,138,-200,0,1,100,0,0,96,16,32,0,71,-228,0,1,100,0,48,128,48,48,0,86,-222,0,1,100,0,48,96,16,32,0,40,-184,0,1,95,0,272,0,112,112,0,77,-167,0,1,100,0,560,352,64,48,0,121,-164,0,0,100,0,112,112,16,48,0,81,-187,0,1,60,0,464,112,64,64,0,81,-187,0,0,100,0,736,176,64,64,0,81,-155,0,0,100,0,1216,0,64,32,0,77,-197,0,1,100,0,720,96,64,80,0,86,-192,0,1,100,0,272,112,64,64,0,139,-167,0,0,60,0,112,96,16,16,0,87,-189,0,0,60,0,112,96,16,16,0,30,-226,0,0,100,0,128,0,144,160,0,31,-133,0,0,100,0,0,0,128,96,0,0,-256,0,0,100,0,0,1024,192,256,0,
0,32,0,-256,0,0,30,0,0,576,192,256,0,84,-130,0,0,100,0,0,528,32,48,0,84,-130,0,1,100,0,128,528,32,48,0,92,-136,0,0,100,0,352,464,48,48,0,92,-136,0,1,100,0,544,464,48,48,0,43,-128,0,0,100,0,960,416,64,48,0,43,-131,0,1,100,0,1216,416,64,48,0,20,-175,0,0,100,0,880,272,80,80,0,20,-175,0,1,100,0,1024,192,80,80,0,97,-104,0,0,100,0,1184,16,32,16,0,60,-107,0,0,100,0,1168,0,48,16,0,75,-99,0,0,100,0,1232,32,48,16,0,29,-124,0,0,100,0,1216,0,64,32,0,26,-223,0,0,100,0,752,352,64,48,0,26,-226,0,1,100,0,1008,352,64,48,0,123,-206,0,1,100,0,48,128,48,48,0,138,-200,0,1,100,0,16,96,16,32,0,71,-228,0,1,100,0,0,128,48,48,0,86,-222,0,1,100,0,0,96,16,32,0,40,-184,0,1,100,0,272,0,112,112,0,77,-167,0,1,100,0,496,352,64,48,0,121,-164,0,0,100,0,112,112,16,48,0,81,-187,0,1,60,0,528,112,64,64,0,81,-187,0,0,100,0,800,176,64,64,0,81,-155,0,0,100,0,1216,0,64,32,0,77,-197,0,1,100,0,784,96,64,80,0,86,-192,0,1,100,0,272,112,64,64,0,139,-167,0,0,60,0,112,96,16,16,0,87,-189,0,0,60,0,112,96,16,16,0,30,-226,0,0,100,0,128,0,144,160,0,31,-133,0,0,100,0,0,0,128,96,0,0,-256,0,0,100,0,0,1024,192,256,0,
0,32,0,-256,0,0,40,0,0,576,192,256,0,84,-130,0,0,100,0,0,528,32,48,0,84,-130,0,1,100,0,128,528,32,48,0,92,-136,0,0,100,0,400,464,48,48,0,92,-136,0,1,100,0,592,464,48,48,0,43,-128,0,0,100,0,960,416,64,48,0,43,-131,0,1,100,0,1216,416,64,48,0,20,-175,0,0,100,0,880,272,80,80,0,20,-175,0,1,100,0,1024,192,80,80,0,97,-104,0,0,100,0,1184,16,32,16,0,60,-107,0,0,100,0,1168,0,48,16,0,75,-99,0,0,100,0,1232,32,48,16,0,29,-124,0,0,100,0,1216,0,64,32,0,26,-223,0,0,100,0,816,352,64,48,0,26,-226,0,1,100,0,1072,352,64,48,0,123,-206,0,1,100,0,0,128,48,48,0,138,-200,0,1,100,0,32,96,16,32,0,71,-228,0,1,100,0,48,128,48,48,0,86,-222,0,1,100,0,16,96,16,32,0,40,-184,0,1,95,0,272,0,112,112,0,77,-167,0,1,100,0,560,352,64,48,0,121,-164,0,0,100,0,112,112,16,48,0,81,-187,0,1,60,0,528,112,64,64,0,81,-187,0,0,100,0,800,176,64,64,0,81,-155,0,0,100,0,1216,0,64,32,0,77,-197,0,1,100,0,784,96,64,80,0,86,-192,0,1,100,0,272,112,64,64,0,139,-167,0,0,60,0,112,96,16,16,0,87,-189,0,0,60,0,112,96,16,16,0,30,-226,0,0,100,0,128,0,144,160,0,31,-133,0,0,100,0,0,0,128,96,0,0,-256,0,0,100,0,0,1024,192,256,0,
0,32,0,-256,0,0,50,0,0,576,192,256,0,84,-130,0,0,100,0,32,528,32,48,0,84,-130,0,1,100,0,160,528,32,48,0,92,-136,0,0,100,0,256,464,48,48,0,92,-136,0,1,100,0,448,464,48,48,0,43,-128,0,0,100,0,768,416,64,48,0,43,-131,0,1,100,0,1024,416,64,48,0,20,-175,0,0,100,0,960,272,80,80,0,20,-175,0,1,100,0,1104,192,80,80,0,97,-104,0,0,100,0,1184,16,32,16,0,60,-107,0,0,100,0,1168,0,48,16,0,75,-99,0,0,100,0,1232,32,48,16,0,29,-124,0,0,100,0,1216,0,64,32,0,26,-223,0,0,100,0,624,352,64,48,0,26,-226,0,1,100,0,880,352,64,48,0,123,-206,0,1,100,0,48,128,48,48,0,138,-200,0,1,100,0,48,96,16,32,0,71,-228,0,1,100,0,0,128,48,48,0,86,-222,0,1,100,0,32,96,16,32,0,40,-184,0,1,90,0,272,0,112,112,0,77,-167,0,1,100,0,496,352,64,48,0,121,-164,0,0,100,0,112,112,16,48,0,81,-187,0,1,60,0,336,112,64,64,0,81,-187,0,0,100,0,608,176,64,64,0,81,-155,0,0,100,0,1216,0,64,32,0,77,-197,0,1,100,0,592,96,64,80,0,86,-192,0,1,100,0,272,112,64,64,0,139,-167,0,0,60,0,112,96,16,16,0,87,-189,0,0,60,0,112,96,16,16,0,30,-226,0,0,100,0,128,0,144,160,0,31,-133,0,0,100,0,0,0,128,96,0,0,-256,0,0,100,0,0,1024,192,256,0,
0,32,0,-256,0,0,60,0,0,576,192,256,0,84,-130,0,0,100,0,32,528,32,48,0,84,-130,0,1,100,0,160,528,32,48,0,92,-136,0,0,100,0,304,464,48,48,0,92,-136,0,1,100,0,496,464,48,48,0,43,-128,0,0,100,0,768,416,64,48,0,43,-131,0,1,100,0,1024,416,64,48,0,20,-175,0,0,100,0,960,272,80,80,0,20,-175,0,1,100,0,1104,192,80,80,0,97,-104,0,0,100,0,1184,16,32,16,0,60,-107,0,0,100,0,1168,0,48,16,0,75,-99,0,0,100,0,1232,32,48,16,0,29,-124,0,0,100,0,1216,0,64,32,0,26,-223,0,0,100,0,688,352,64,48,0,26,-226,0,1,100,0,944,352,64,48,0,123,-206,0,1,100,0,0,128,48,48,0,138,-200,0,1,100,0,0,96,16,32,0,71,-228,0,1,100,0,48,128,48,48,0,86,-222,0,1,100,0,48,96,16,32,0,40,-184,0,1,95,0,272,0,112,112,0,77,-167,0,1,100,0,560,352,64,48,0,121,-164,0,0,100,0,112,112,16,48,0,81,-187,0,1,60,0,336,112,64,64,0,81,-187,0,0,100,0,608,176,64,64,0,81,-155,0,0,100,0,1216,0,64,32,0,77,-197,0,1,100,0,592,96,64,80,0,86,-192,0,1,100,0,272,112,64,64,0,139,-167,0,0,60,0,112,96,16,16,0,87,-189,0,0,60,0,112,96,16,16,0,30,-226,0,0,100,0,128,0,144,160,0,31,-133,0,0,100,0,0,0,128,96,0,0,-256,0,0,100,0,0,1024,192,256,0,
0,32,0,-256,0,0,70,0,0,576,192,256,0,84,-130,0,0,100,0,64,528,32,48,0,84,-130,0,1,100,0,192,528,32,48,0,92,-136,0,0,100,0,352,464,48,48,0,92,-136,0,1,100,0,544,464,48,48,0,43,-128,0,0,100,0,832,416,64,48,0,43,-131,0,1,100,0,1088,416,64,48,0,20,-175,0,0,100,0,880,272,80,80,0,20,-175,0,1,100,0,1024,192,80,80,0,97,-104,0,0,100,0,1184,16,32,16,0,60,-107,0,0,100,0,1168,0,48,16,0,75,-99,0,0,100,0,1232,32,48,16,0,29,-124,0,0,100,0,1216,0,64,32,0,26,-223,0,0,100,0,752,352,64,48,0,26,-226,0,1,100,0,1008,352,64,48,0,123,-206,0,1,100,0,48,128,48,48,0,138,-200,0,1,100,0,16,96,16,32,0,71,-228,0,1,100,0,0,128,48,48,0,86,-222,0,1,100,0,0,96,16,32,0,40,-184,0,1,100,0,272,0,112,112,0,77,-167,0,1,100,0,496,352,64,48,0,121,-164,0,0,100,0,112,112,16,48,0,81,-187,0,1,60,0,400,112,64,64,0,81,-187,0,0,100,0,672,176,64,64,0,81,-155,0,0,100,0,1216,0,64,32,0,77,-197,0,1,100,0,656,96,64,80,0,86,-192,0,1,100,0,272,112,64,64,0,139,-167,0,0,60,0,112,96,16,16,0,87,-189,0,0,60,0,112,96,16,16,0,30,-226,0,0,100,0,128,0,144,160,0,31,-133,0,0,100,0,0,0,128,96,0,0,-256,0,0,100,0,0,1024,192,256,0,
0,32,0,-256,0,0,80,0,0,576,192,256,0,84,-130,0,0,100,0,64,528,32,48,0,84,-130,0,1,100,0,192,528,32,48,0,92,-136,0,0,100,0,400,464,48,48,0,92,-136,0,1,100,0,592,464,48,48,0,43,-128,0,0,100,0,832,416,64,48,0,43,-131,0,1,100,0,1088,416,64,48,0,20,-175,0,0,100,0,880,272,80,80,0,20,-175,0,1,100,0,1024,192,80,80,0,97,-104,0,0,100,0,1184,16,32,16,0,60,-107,0,0,100,0,1168,0,48,16,0,75,-99,0,0,100,0,1232,32,48,16,0,29,-124,0,0,100,0,1216,0,64,32,0,26,-223,0,0,100,0,816,352,64,48,0,26,-226,0,1,100,0,1072,352,64,48,0,123,-206,0,1,100,0,0,128,48,48,0,138,-200,0,1,100,0,32,96,16,32,0,71,-228,0,1,100,0,48,128,48,48,0,86,-222,0,1,100,0,16,96,16,32,0,40,-184,0,1,95,0,272,0,112,112,0,77,-167,0,1,100,0,560,352,64,48,0,121,-164,0,0,100,0,112,112,16,48,0,81,-187,0,1,60,0,400,112,64,64,0,81,-187,0,0,100,0,672,176,64,64,0,81,-155,0,0,100,0,1216,0,64,32,0,77,-197,0,1,100,0,656,96,64,80,0,86,-192,0,1,100,0,272,112,64,64,0,139,-167,0,0,60,0,112,96,16,16,0,87,-189,0,0,60,0,112,96,16,16,0,30,-226,0,0,100,0,128,0,144,160,0,31,-133,0,0,100,0,0,0,128,96,0,0,-256,0,0,100,0,0,1024,192,256,0,
0,32,0,-256,0,0,90,0,0,576,192,256,0,84,-114,0,0,100,0,0,464,32,32,0,84,-130,0,1,100,0,96,528,32,48,0,92,-136,0,0,100,0,256,464,48,48,0,92,-136,0,1,100,0,448,464,48,48,0,43,-128,0,0,100,0,896,416,64,48,0,43,-131,0,1,100,0,1152,416,64,48,0,26,-175,0,0,100,0,800,272,80,80,0,26,-175,0,1,100,0,944,192,80,80,0,97,-104,0,0,100,0,1184,16,32,16,0,60,-107,0,0,100,0,1168,0,48,16,0,75,-99,0,0,100,0,1232,32,48,16,0,29,-124,0,0,100,0,1216,0,64,32,0,26,-223,0,0,100,0,624,352,64,48,0,26,-226,0,1,100,0,880,352,64,48,0,123,-206,0,1,100,0,48,128,48,48,0,138,-200,0,1,100,0,48,96,16,32,0,71,-228,0,1,100,0,0,128,48,48,0,86,-222,0,1,100,0,32,96,16,32,0,40,-184,0,1,90,0,272,0,112,112,0,77,-167,0,1,100,0,496,352,64,48,0,121,-164,0,0,100,0,112,112,16,48,0,81,-187,0,1,60,0,464,112,64,64,0,81,-187,0,0,100,0,736,176,64,64,0,81,-155,0,0,100,0,1216,0,64,32,0,77,-197,0,1,100,0,720,96,64,80,0,86,-192,0,1,100,0,272,112,64,64,0,139,-167,0,0,60,0,112,96,16,16,0,87,-189,0,0,60,0,112,96,16,16,0,30,-226,0,0,100,0,128,0,144,160,0,31,-133,0,0,100,0,0,0,128,96,0,0,-256,0,0,100,0,0,1024,192,256,0,
0,32,0,-256,0,0,100,0,0,576,192,256,0,84,-114,0,0,100,0,0,464,32,32,0,84,-130,0,1,100,0,96,528,32,48,0,92,-136,0,0,100,0,304,464,48,48,0,92,-136,0,1,100,0,496,464,48,48,0,43,-128,0,0,100,0,896,416,64,48,0,43,-131,0,1,100,0,1152,416,64,48,0,26,-175,0,0,100,0,800,272,80,80,0,26,-175,0,1,100,0,944,192,80,80,0,97,-104,0,0,100,0,1184,16,32,16,0,60,-107,0,0,100,0,1168,0,48,16,0,75,-99,0,0,100,0,1232,32,48,16,0,29,-124,0,0,100,0,1216,0,64,32,0,26,-223,0,0,100,0,688,352,64,48,0,26,-226,0,1,100,0,944,352,64,48,0,123,-206,0,1,100,0,0,128,48,48,0,138,-200,0,1,100,0,0,96,16,32,0,71,-228,0,1,100,0,48,128,48,48,0,86,-222,0,1,100,0,48,96,16,32,0,40,-184,0,1,95,0,272,0,112,112,0,77,-167,0,1,100,0,560,352,64,48,0,121,-164,0,0,100,0,112,112,16,48,0,81,-187,0,1,60,0,464,112,64,64,0,81,-187,0,0,100,0,736,176,64,64,0,81,-155,0,0,100,0,1216,0,64,32,0,77,-197,0,1,100,0,720,96,64,80,0,86,-192,0,1,100,0,272,112,64,64,0,139,-167,0,0,60,0,112,96,16,16,0,87,-189,0,0,60,0,112,96,16,16,0,30,-226,0,0,100,0,128,0,144,160,0,31,-133,0,0,100,0,0,0,128,96,0,0,-256,0,0,100,0,0,1024,192,256,0,
0,16,0,-256,0,0,80,0,0,576,192,256,0,16,-219,0,0,100,0,0,240,64,48,0,123,-206,0,1,100,0,48,128,48,48,0,138,-200,0,1,100,0,16,96,16,32,0,71,-228,0,1,100,0,0,128,48,48,0,86,-222,0,1,100,0,0,96,16,32,0,139,-167,0,0,60,0,112,96,16,16,0,87,-189,0,0,60,0,112,96,16,16,0,40,-184,0,1,100,0,272,0,112,112,0,121,-164,0,0,100,0,112,112,16,48,0,81,-184,0,0,100,0,64,176,64,64,0,82,-155,0,0,100,0,1216,0,64,32,0,86,-192,0,1,100,0,272,112,64,64,0,30,-226,0,0,100,0,128,0,144,160,0,31,-133,0,0,100,0,0,0,128,96,0,0,-256,0,0,100,0,0,1024,192,256,0,
0,16,0,-256,0,0,70,0,0,576,192,256,0,16,-219,0,0,100,0,64,240,64,48,0,123,-206,0,1,100,0,0,128,48,48,0,138,-200,0,1,100,0,32,96,16,32,0,71,-228,0,1,100,0,48,128,48,48,0,86,-222,0,1,100,0,16,96,16,32,0,139,-167,0,0,60,0,112,96,16,16,0,87,-189,0,0,60,0,112,96,16,16,0,40,-184,0,1,95,0,272,0,112,112,0,121,-164,0,0,100,0,112,112,16,48,0,81,-184,0,0,100,0,64,176,64,64,0,82,-155,0,0,100,0,1216,0,64,32,0,86,-192,0,1,100,0,272,112,64,64,0,30,-226,0,0,100,0,128,0,144,160,0,31,-133,0,0,100,0,0,0,128,96,0,0,-256,0,0,100,0,0,1024,192,256,0,
0,16,0,-256,0,0,60,0,0,576,192,256,0,16,-219,0,0,100,0,128,240,64,48,0,123,-206,0,1,100,0,48,128,48,48,0,138,-200,0,1,100,0,48,96,16,32,0,71,-228,0,1,100,0,0,128,48,48,0,86,-222,0,1,100,0,32,96,16,32,0,139,-167,0,0,60,0,112,96,16,16,0,87,-189,0,0,60,0,112,96,16,16,0,40,-184,0,1,90,0,272,0,112,112,0,121,-164,0,0,100,0,112,112,16,48,0,81,-184,0,0,100,0,64,176,64,64,0,82,-155,0,0,100,0,1216,0,64,32,0,86,-192,0,1,100,0,272,112,64,64,0,30,-226,0,0,100,0,128,0,144,160,0,31,-133,0,0,100,0,0,0,128,96,0,0,-256,0,0,100,0,0,1024,192,256,0,
0,16,0,-256,0,0,50,0,0,576,192,256,0,16,-219,0,0,100,0,192,240,64,48,0,123,-206,0,1,100,0,0,128,48,48,0,138,-200,0,1,100,0,0,96,16,32,0,71,-228,0,1,100,0,48,128,48,48,0,86,-222,0,1,100,0,48,96,16,32,0,139,-167,0,0,60,0,112,96,16,16,0,87,-189,0,0,60,0,112,96,16,16,0,40,-184,0,1,95,0,272,0,112,112,0,121,-164,0,0,100,0,112,112,16,48,0,81,-184,0,0,100,0,64,176,64,64,0,82,-155,0,0,100,0,1216,0,64,32,0,86,-192,0,1,100,0,272,112,64,64,0,30,-226,0,0,100,0,128,0,144,160,0,31,-133,0,0,100,0,0,0,128,96,0,0,-256,0,0,100,0,0,1024,192,256,0,
0,16,0,-256,0,0,40,0,0,576,192,256,0,16,-219,0,0,100,0,0,240,64,48,0,123,-206,0,1,100,0,48,128,48,48,0,138,-200,0,1,100,0,16,96,16,32,0,71,-228,0,1,100,0,0,128,48,48,0,86,-222,0,1,100,0,0,96,16,32,0,139,-167,0,0,60,0,112,96,16,16,0,87,-189,0,0,60,0,112,96,16,16,0,40,-184,0,1,100,0,272,0,112,112,0,121,-164,0,0,100,0,112,112,16,48,0,81,-184,0,0,100,0,64,176,64,64,0,82,-155,0,0,100,0,1216,0,64,32,0,86,-192,0,1,100,0,272,112,64,64,0,30,-226,0,0,100,0,128,0,144,160,0,31,-133,0,0,100,0,0,0,128,96,0,0,-256,0,0,100,0,0,1024,192,256,0,
0,16,0,-256,0,0,30,0,0,576,192,256,0,16,-219,0,0,100,0,64,240,64,48,0,123,-206,0,1,100,0,0,128,48,48,0,138,-200,0,1,100,0,32,96,16,32,0,71,-228,0,1,100,0,48,128,48,48,0,86,-222,0,1,100,0,16,96,16,32,0,139,-167,0,0,60,0,112,96,16,16,0,87,-189,0,0,60,0,112,96,16,16,0,40,-184,0,1,95,0,272,0,112,112,0,121,-164,0,0,100,0,112,112,16,48,0,81,-184,0,0,100,0,64,176,64,64,0,82,-155,0,0,100,0,1216,0,64,32,0,86,-192,0,1,100,0,272,112,64,64,0,30,-226,0,0,100,0,128,0,144,160,0,31,-133,0,0,100,0,0,0,128,96,0,0,-256,0,0,100,0,0,1024,192,256,0,
0,16,0,-256,0,0,20,0,0,576,192,256,0,16,-219,0,0,100,0,128,240,64,48,0,123,-206,0,1,100,0,48,128,48,48,0,138,-200,0,1,100,0,48,96,16,32,0,71,-228,0,1,100,0,0,128,48,48,0,86,-222,0,1,100,0,32,96,16,32,0,139,-167,0,0,60,0,112,96,16,16,0,87,-189,0,0,60,0,112,96,16,16,0,40,-184,0,1,90,0,272,0,112,112,0,121,-164,0,0,100,0,112,112,16,48,0,81,-184,0,0,100,0,64,176,64,64,0,82,-155,0,0,100,0,1216,0,64,32,0,86,-192,0,1,100,0,272,112,64,64,0,30,-226,0,0,100,0,128,0,144,160,0,31,-133,0,0,100,0,0,0,128,96,0,0,-256,0,0,100,0,0,1024,192,256,0,
0,16,0,-256,0,0,10,0,0,576,192,256,0,16,-219,0,0,100,0,192,240,64,48,0,123,-206,0,1,100,0,0,128,48,48,0,138,-200,0,1,100,0,0,96,16,32,0,71,-228,0,1,100,0,48,128,48,48,0,86,-222,0,1,100,0,48,96,16,32,0,139,-167,0,0,60,0,112,96,16,16,0,87,-189,0,0,60,0,112,96,16,16,0,40,-184,0,1,95,0,272,0,112,112,0,121,-164,0,0,100,0,112,112,16,48,0,81,-184,0,0,100,0,64,176,64,64,0,82,-155,0,0,100,0,1216,0,64,32,0,86,-192,0,1,100,0,272,112,64,64,0,30,-226,0,0,100,0,128,0,144,160,0,31,-133,0,0,100,0,0,0,128,96,0,0,-256,0,0,100,0,0,1024,192,256,0,
