0,20,110,-127,0,0,100,0,336,0,32,32,0,79,-111,0,0,100,0,144,32,32,32,0,44,-134,0,0,100,0,256,112,32,32,0,36,-180,0,0,100,0,256,64,32,48,0,36,-180,0,0,100,0,224,64,32,56,0,46,-114,0,0,100,0,256,144,32,16,0,52,-133,0,0,100,0,288,112,16,32,0,42,-173,0,0,100,0,320,112,48,48,0,54,-139,0,0,100,0,288,144,32,16,0,48,-142,0,0,100,0,256,160,32,32,0,27,-138,0,0,100,0,288,160,32,32,0,27,-124,0,0,100,0,320,160,32,16,0,72,-148,0,0,100,0,256,112,32,32,0,60,-190,0,0,100,0,352,64,32,48,0,60,-190,0,0,100,0,224,64,32,56,0,74,-128,0,0,100,0,256,144,32,16,0,72,-141,0,0,100,0,304,112,16,32,0,35,-128,0,0,100,0,0,208,64,32,0,24,-245,0,0,100,0,0,0,144,208,0,0,-256,0,0,100,0,384,656,192,256,0,
0,19,110,-127,0,0,100,0,368,0,32,32,0,79,-111,0,0,100,0,144,32,32,32,0,44,-134,0,0,100,0,256,112,32,32,0,36,-179,0,0,100,0,288,64,32,48,0,36,-179,0,0,100,0,224,64,32,56,0,46,-114,0,0,100,0,256,144,32,16,0,52,-133,0,0,100,0,288,112,16,32,0,42,-173,0,0,100,0,320,112,48,48,0,54,-139,0,0,100,0,288,144,32,16,0,48,-142,0,0,100,0,256,160,32,32,0,27,-138,0,0,100,0,288,160,32,32,0,27,-124,0,0,100,0,320,160,32,16,0,72,-148,0,0,100,0,256,112,32,32,0,60,-189,0,0,100,0,320,64,32,48,0,60,-189,0,0,100,0,224,64,32,56,0,74,-128,0,0,100,0,256,144,32,16,0,72,-141,0,0,100,0,304,112,16,32,0,35,-128,0,0,100,0,0,208,64,32,0,24,-245,0,0,100,0,0,0,144,208,0,
0,19,110,-127,0,0,100,0,336,0,32,32,0,79,-111,0,0,100,0,144,32,32,32,0,44,-133,0,0,100,0,256,112,32,32,0,36,-179,0,0,100,0,320,64,32,48,0,36,-179,0,0,100,0,224,64,32,56,0,46,-114,0,0,100,0,256,144,32,16,0,52,-133,0,0,100,0,288,112,16,32,0,42,-173,0,0,100,0,320,112,48,48,0,54,-139,0,0,100,0,288,144,32,16,0,48,-142,0,0,100,0,256,160,32,32,0,27,-138,0,0,100,0,288,160,32,32,0,27,-124,0,0,100,0,320,160,32,16,0,72,-147,0,0,100,0,256,112,32,32,0,60,-189,0,0,100,0,288,64,32,48,0,60,-189,0,0,100,0,224,64,32,56,0,74,-128,0,0,100,0,256,144,32,16,0,72,-141,0,0,100,0,304,112,16,32,0,35,-128,0,0,100,0,0,208,64,32,0,24,-245,0,0,100,0,0,0,144,208,0,
0,19,110,-127,0,0,100,0,368,0,32,32,0,79,-111,0,0,100,0,144,32,32,32,0,44,-133,0,0,100,0,256,112,32,32,0,36,-179,0,0,100,0,352,64,32,48,0,36,-179,0,0,100,0,224,64,32,56,0,46,-114,0,0,100,0,256,144,32,16,0,52,-133,0,0,100,0,288,112,16,32,0,42,-172,0,0,100,0,320,112,48,48,0,54,-139,0,0,100,0,288,144,32,16,0,48,-142,0,0,100,0,256,160,32,32,0,27,-138,0,0,100,0,288,160,32,32,0,27,-124,0,0,100,0,320,160,32,16,0,72,-147,0,0,100,0,256,112,32,32,0,60,-189,0,0,100,0,256,64,32,48,0,60,-189,0,0,100,0,224,64,32,56,0,74,-128,0,0,100,0,256,144,32,16,0,72,-141,0,0,100,0,304,112,16,32,0,35,-128,0,0,100,0,0,208,64,32,0,24,-245,0,0,100,0,0,0,144,208,0,
0,29,122,-158,0,0,50,270,288,192,32,32,0,119,-150,0,0,50,0,336,192,16,32,0,113,-154,1,0,50,180,256,208,16,16,0,133,-154,0,0,50,0,272,192,16,16,0,127,-147,0,0,50,0,352,192,16,32,0,128,-143,0,0,50,0,320,208,16,16,0,116,-172,0,0,50,0,192,192,32,32,0,119,-158,0,0,50,0,224,192,32,32,0,117,-162,0,0,50,0,256,192,16,16,0,119,-147,0,0,50,0,320,192,16,16,0,110,-127,0,0,100,0,400,0,32,32,0,79,-111,0,0,100,0,144,32,32,32,0,44,-133,0,0,100,0,256,112,32,32,0,36,-179,0,0,100,0,256,64,32,48,0,36,-179,0,0,100,0,224,64,32,56,0,46,-114,0,0,100,0,256,144,32,16,0,52,-133,0,0,100,0,288,112,16,32,0,42,-172,0,0,100,0,320,112,48,48,0,54,-138,0,0,100,0,288,144,32,16,0,48,-142,0,0,100,0,256,160,32,32,0,27,-138,0,0,100,0,288,160,32,32,0,27,-124,0,0,100,0,320,160,32,16,0,72,-147,0,0,100,0,256,112,32,32,0,60,-189,0,0,100,0,352,64,32,48,0,60,-189,0,0,100,0,224,64,32,56,0,74,-128,0,0,100,0,256,144,32,16,0,72,-141,0,0,100,0,304,112,16,32,0,35,-128,0,0,100,0,0,208,64,32,0,24,-245,0,0,100,0,0,0,144,208,0,
0,29,121,-160,0,0,80,270,288,192,32,32,0,119,-152,0,0,80,0,336,192,16,32,0,114,-156,1,0,80,180,256,208,16,16,0,133,-156,0,0,80,0,272,192,16,16,0,127,-149,0,0,80,0,352,192,16,32,0,128,-145,0,0,80,0,320,208,16,16,0,116,-174,0,0,80,0,192,192,32,32,0,119,-160,0,0,80,0,224,192,32,32,0,117,-164,0,0,80,0,256,192,16,16,0,119,-149,0,0,80,0,320,192,16,16,0,110,-127,0,0,100,0,432,0,32,32,0,79,-111,0,0,100,0,144,32,32,32,0,44,-133,0,0,100,0,256,112,32,32,0,36,-179,0,0,100,0,288,64,32,48,0,36,-179,0,0,100,0,224,64,32,56,0,46,-114,0,0,100,0,256,144,32,16,0,52,-133,0,0,100,0,288,112,16,32,0,42,-171,0,0,100,0,320,112,48,48,0,54,-137,0,0,100,0,288,144,32,16,0,48,-142,0,0,100,0,256,160,32,32,0,27,-138,0,0,100,0,288,160,32,32,0,27,-124,0,0,100,0,320,160,32,16,0,72,-147,0,0,100,0,256,112,32,32,0,60,-189,0,0,100,0,320,64,32,48,0,60,-189,0,0,100,0,224,64,32,56,0,74,-128,0,0,100,0,256,144,32,16,0,72,-141,0,0,100,0,304,112,16,32,0,35,-128,0,0,100,0,0,208,64,32,0,24,-245,0,0,100,0,0,0,144,208,0,
0,29,120,-162,0,0,100,270,288,192,32,32,0,119,-155,0,0,100,0,336,192,16,32,0,115,-158,1,0,100,180,256,208,16,16,0,133,-158,0,0,100,0,272,192,16,16,0,127,-152,0,0,100,0,352,192,16,32,0,128,-148,0,0,100,0,320,208,16,16,0,116,-176,0,0,100,0,192,192,32,32,0,119,-162,0,0,100,0,224,192,32,32,0,117,-166,0,0,100,0,256,192,16,16,0,119,-151,0,0,100,0,320,192,16,16,0,110,-127,0,0,100,0,464,0,32,32,0,79,-111,0,0,100,0,144,32,32,32,0,44,-133,0,0,100,0,256,112,32,32,0,36,-180,0,0,100,0,320,64,32,48,0,36,-180,0,0,100,0,224,64,32,56,0,46,-114,0,0,100,0,256,144,32,16,0,52,-133,0,0,100,0,288,112,16,32,0,42,-173,0,0,100,0,320,112,48,48,0,54,-138,0,0,100,0,288,144,32,16,0,48,-142,0,0,100,0,256,160,32,32,0,27,-138,0,0,100,0,288,160,32,32,0,27,-124,0,0,100,0,320,160,32,16,0,72,-147,0,0,100,0,256,112,32,32,0,60,-190,0,0,100,0,288,64,32,48,0,60,-190,0,0,100,0,224,64,32,56,0,74,-128,0,0,100,0,256,144,32,16,0,72,-141,0,0,100,0,304,112,16,32,0,35,-128,0,0,100,0,0,208,64,32,0,24,-245,0,0,100,0,0,0,144,208,0,
0,29,119,-163,0,0,100,270,288,192,32,32,0,119,-156,0,0,100,0,336,192,16,32,0,114,-158,1,0,100,180,256,208,16,16,0,132,-159,0,0,100,0,272,192,16,16,0,127,-153,0,0,100,0,352,192,16,32,0,128,-149,0,0,100,0,320,208,16,16,0,115,-176,0,0,100,0,192,192,32,32,0,119,-163,0,0,100,0,224,192,32,32,0,117,-167,0,0,100,0,256,192,16,16,0,119,-152,0,0,100,0,320,192,16,16,0,110,-127,0,0,100,0,464,0,32,32,0,79,-111,0,0,100,0,144,32,32,32,0,44,-133,0,0,100,0,256,112,32,32,0,36,-181,0,0,100,0,352,64,32,48,0,36,-181,0,0,100,0,224,64,32,56,0,46,-114,0,0,100,0,256,144,32,16,0,52,-133,0,0,100,0,288,112,16,32,0,42,-174,0,0,100,0,320,112,48,48,0,54,-139,0,0,100,0,288,144,32,16,0,48,-142,0,0,100,0,256,160,32,32,0,27,-138,0,0,100,0,288,160,32,32,0,27,-124,0,0,100,0,320,160,32,16,0,72,-147,0,0,100,0,256,112,32,32,0,60,-191,0,0,100,0,256,64,32,48,0,60,-191,0,0,100,0,224,64,32,56,0,74,-128,0,0,100,0,256,144,32,16,0,72,-141,0,0,100,0,304,112,16,32,0,35,-128,0,0,100,0,0,208,64,32,0,24,-245,0,0,100,0,0,0,144,208,0,
0,29,119,-162,0,0,100,270,288,192,32,32,0,119,-155,0,0,100,0,336,192,16,32,0,114,-157,1,0,100,180,256,208,16,16,0,132,-158,0,0,100,0,272,192,16,16,0,127,-152,0,0,100,0,352,192,16,32,0,128,-148,0,0,100,0,320,208,16,16,0,115,-175,0,0,100,0,192,192,32,32,0,119,-162,0,0,100,0,224,192,32,32,0,117,-166,0,0,100,0,256,192,16,16,0,119,-151,0,0,100,0,320,192,16,16,0,110,-127,0,0,100,0,496,0,32,32,0,79,-111,0,0,100,0,144,32,32,32,0,44,-134,0,0,100,0,256,112,32,32,0,36,-180,0,0,100,0,256,64,32,48,0,36,-180,0,0,100,0,224,64,32,56,0,46,-114,0,0,100,0,256,144,32,16,0,52,-133,0,0,100,0,288,112,16,32,0,42,-173,0,0,100,0,320,112,48,48,0,54,-139,0,0,100,0,288,144,32,16,0,48,-142,0,0,100,0,256,160,32,32,0,27,-138,0,0,100,0,288,160,32,32,0,27,-124,0,0,100,0,320,160,32,16,0,72,-148,0,0,100,0,256,112,32,32,0,60,-190,0,0,100,0,352,64,32,48,0,60,-190,0,0,100,0,224,64,32,56,0,74,-128,0,0,100,0,256,144,32,16,0,72,-141,0,0,100,0,304,112,16,32,0,35,-128,0,0,100,0,0,208,64,32,0,24,-245,0,0,100,0,0,0,144,208,0,
0,29,145,-161,0,0,100,0,272,224,16,16,0,112,-170,0,0,100,0,256,224,16,16,0,137,-163,0,0,100,0,272,192,16,16,0,131,-148,0,0,100,0,352,192,16,32,0,130,-150,0,0,100,0,320,208,16,16,0,125,-185,0,0,100,0,160,224,32,32,0,119,-168,0,0,100,0,224,224,32,32,0,121,-171,0,0,100,0,256,192,16,16,0,120,-153,0,0,100,0,336,192,16,32,0,121,-153,0,0,100,0,320,192,16,16,0,110,-127,0,0,100,0,528,0,32,32,0,79,-111,0,0,100,0,144,32,32,32,0,44,-134,0,0,100,0,256,112,32,32,0,36,-179,0,0,100,0,288,64,32,48,0,36,-179,0,0,100,0,224,64,32,56,0,46,-114,0,0,100,0,256,144,32,16,0,52,-133,0,0,100,0,288,112,16,32,0,42,-173,0,0,100,0,320,112,48,48,0,54,-139,0,0,100,0,288,144,32,16,0,48,-142,0,0,100,0,256,160,32,32,0,27,-138,0,0,100,0,288,160,32,32,0,27,-124,0,0,100,0,320,160,32,16,0,72,-148,0,0,100,0,256,112,32,32,0,60,-189,0,0,100,0,320,64,32,48,0,60,-189,0,0,100,0,224,64,32,56,0,74,-128,0,0,100,0,256,144,32,16,0,72,-141,0,0,100,0,304,112,16,32,0,35,-128,0,0,100,0,0,208,64,32,0,24,-245,0,0,100,0,0,0,144,208,0,
0,32,132,-160,2,0,100,0,464,112,16,16,0,138,-183,2,0,100,0,464,128,16,16,0,146,-164,0,0,100,0,272,224,16,16,0,112,-172,0,0,100,0,256,224,16,16,0,138,-165,0,0,100,0,272,192,16,16,0,131,-149,0,0,100,0,352,192,16,32,0,130,-151,0,0,100,0,320,208,16,16,0,126,-186,0,0,100,0,160,224,32,32,0,119,-169,0,0,100,0,224,224,32,32,0,121,-172,0,0,100,0,256,192,16,16,0,120,-154,0,0,100,0,336,192,16,32,0,121,-154,0,0,100,0,320,192,16,16,0,96,-194,0,1,40,0,272,576,80,80,0,110,-127,0,0,100,0,528,0,32,32,0,79,-111,0,0,100,0,144,32,32,32,0,44,-133,0,0,100,0,256,112,32,32,0,36,-179,0,0,100,0,320,64,32,48,0,36,-179,0,0,100,0,224,64,32,56,0,46,-114,0,0,100,0,256,144,32,16,0,52,-133,0,0,100,0,288,112,16,32,0,42,-173,0,0,100,0,320,112,48,48,0,54,-139,0,0,100,0,288,144,32,16,0,48,-142,0,0,100,0,256,160,32,32,0,27,-138,0,0,100,0,288,160,32,32,0,27,-124,0,0,100,0,320,160,32,16,0,72,-147,0,0,100,0,256,112,32,32,0,60,-189,0,0,100,0,288,64,32,48,0,60,-189,0,0,100,0,224,64,32,56,0,74,-128,0,0,100,0,256,144,32,16,0,72,-141,0,0,100,0,304,112,16,32,0,35,-128,0,0,100,0,0,208,64,32,0,24,-245,0,0,100,0,0,0,144,208,0,
0,36,120,-161,1,0,100,0,464,144,16,16,0,136,-160,2,0,100,0,480,112,16,16,0,140,-188,2,0,100,0,480,128,16,16,0,111,-178,0,0,100,0,464,144,16,16,0,140,-140,0,0,100,0,464,128,16,16,0,109,-146,0,0,100,0,464,112,16,16,0,146,-165,0,0,100,0,272,224,16,16,0,112,-173,0,0,100,0,256,224,16,16,0,138,-166,0,0,100,0,272,192,16,16,0,131,-150,0,0,100,0,352,192,16,32,0,130,-152,0,0,100,0,320,208,16,16,0,126,-187,0,0,100,0,160,224,32,32,0,119,-170,0,0,100,0,224,224,32,32,0,121,-173,0,0,100,0,256,192,16,16,0,120,-155,0,0,100,0,336,192,16,32,0,121,-155,0,0,100,0,320,192,16,16,0,96,-194,0,1,100,0,272,576,80,80,0,110,-127,0,0,100,0,528,0,32,32,0,79,-111,0,0,100,0,144,32,32,32,0,44,-133,0,0,100,0,256,112,32,32,0,36,-179,0,0,100,0,352,64,32,48,0,36,-179,0,0,100,0,224,64,32,56,0,46,-114,0,0,100,0,256,144,32,16,0,52,-133,0,0,100,0,288,112,16,32,0,42,-172,0,0,100,0,320,112,48,48,0,54,-139,0,0,100,0,288,144,32,16,0,48,-142,0,0,100,0,256,160,32,32,0,27,-138,0,0,100,0,288,160,32,32,0,27,-124,0,0,100,0,320,160,32,16,0,72,-147,0,0,100,0,256,112,32,32,0,60,-189,0,0,100,0,256,64,32,48,0,60,-189,0,0,100,0,224,64,32,56,0,74,-128,0,0,100,0,256,144,32,16,0,72,-141,0,0,100,0,304,112,16,32,0,35,-128,0,0,100,0,0,208,64,32,0,24,-245,0,0,100,0,0,0,144,208,0,
0,38,115,-160,1,0,100,0,480,144,16,16,0,139,-159,2,0,100,0,496,112,16,16,0,136,-155,1,0,100,0,464,112,16,16,0,141,-192,2,0,100,0,496,128,16,16,0,147,-173,1,0,100,0,464,144,16,16,0,105,-184,0,0,100,0,480,144,16,16,0,144,-136,0,0,100,0,480,128,16,16,0,106,-141,0,0,100,0,480,112,16,16,0,146,-163,0,0,100,0,272,224,16,16,0,112,-172,0,0,100,0,256,224,16,16,0,138,-165,0,0,100,0,272,192,16,16,0,131,-149,0,0,100,0,352,192,16,32,0,130,-151,0,0,100,0,320,208,16,16,0,125,-186,0,0,100,0,160,224,32,32,0,119,-169,0,0,100,0,224,224,32,32,0,121,-173,0,0,100,0,256,192,16,16,0,120,-154,0,0,100,0,336,192,16,32,0,121,-154,0,0,100,0,320,192,16,16,0,88,-202,0,1,100,0,704,528,96,96,0,110,-127,0,0,100,0,528,0,32,32,0,79,-111,0,0,100,0,144,32,32,32,0,44,-133,0,0,100,0,256,112,32,32,0,36,-179,0,0,100,0,256,64,32,48,0,36,-179,0,0,100,0,224,64,32,56,0,46,-114,0,0,100,0,256,144,32,16,0,52,-133,0,0,100,0,288,112,16,32,0,42,-172,0,0,100,0,320,112,48,48,0,54,-138,0,0,100,0,288,144,32,16,0,48,-142,0,0,100,0,256,160,32,32,0,27,-138,0,0,100,0,288,160,32,32,0,27,-124,0,0,100,0,320,160,32,16,0,72,-147,0,0,100,0,256,112,32,32,0,60,-189,0,0,100,0,352,64,32,48,0,60,-189,0,0,100,0,224,64,32,56,0,74,-128,0,0,100,0,256,144,32,16,0,72,-141,0,0,100,0,304,112,16,32,0,35,-128,0,0,100,0,0,208,64,32,0,24,-245,0,0,100,0,0,0,144,208,0,
0,39,111,-158,1,0,100,0,496,144,16,16,0,143,-159,2,0,100,0,512,112,16,16,0,110,-163,0,0,100,0,464,144,16,16,0,137,-152,1,0,100,0,480,112,16,16,0,142,-197,2,0,100,0,512,128,16,16,0,151,-175,1,0,100,0,480,144,16,16,0,102,-186,0,0,100,0,496,144,16,16,0,146,-133,0,0,100,0,496,128,16,16,0,103,-139,0,0,100,0,496,112,16,16,0,146,-162,0,0,100,0,272,224,16,16,0,112,-171,0,0,100,0,256,224,16,16,0,138,-164,0,0,100,0,272,192,16,16,0,131,-149,0,0,100,0,352,192,16,32,0,130,-151,0,0,100,0,320,208,16,16,0,125,-186,0,0,100,0,160,224,32,32,0,119,-169,0,0,100,0,224,224,32,32,0,121,-172,0,0,100,0,256,192,16,16,0,120,-154,0,0,100,0,336,192,16,32,0,121,-154,0,0,100,0,320,192,16,16,0,79,-210,0,1,100,0,800,528,112,112,0,110,-127,0,0,100,0,528,0,32,32,0,79,-111,0,0,100,0,144,32,32,32,0,44,-133,0,0,100,0,256,112,32,32,0,36,-179,0,0,100,0,288,64,32,48,0,36,-179,0,0,100,0,224,64,32,56,0,46,-114,0,0,100,0,256,144,32,16,0,52,-133,0,0,100,0,288,112,16,32,0,42,-171,0,0,100,0,320,112,48,48,0,54,-137,0,0,100,0,288,144,32,16,0,48,-142,0,0,100,0,256,160,32,32,0,27,-138,0,0,100,0,288,160,32,32,0,27,-124,0,0,100,0,320,160,32,16,0,72,-147,0,0,100,0,256,112,32,32,0,60,-189,0,0,100,0,320,64,32,48,0,60,-189,0,0,100,0,224,64,32,56,0,74,-128,0,0,100,0,256,144,32,16,0,72,-141,0,0,100,0,304,112,16,32,0,35,-128,0,0,100,0,0,208,64,32,0,24,-245,0,0,100,0,0,0,144,208,0,
0,37,107,-157,1,0,100,0,512,144,16,16,0,104,-164,0,0,100,0,480,128,16,16,0,139,-150,1,0,100,0,496,112,16,16,0,154,-176,1,0,100,0,496,144,16,16,0,99,-189,0,0,100,0,512,144,16,16,0,148,-129,0,0,100,0,512,128,16,16,0,100,-135,0,0,100,0,512,112,16,16,0,146,-161,0,0,100,0,272,224,16,16,0,112,-170,0,0,100,0,256,224,16,16,0,138,-163,0,0,100,0,272,192,16,16,0,131,-148,0,0,100,0,352,192,16,32,0,130,-150,0,0,100,0,320,208,16,16,0,122,-187,0,0,100,0,192,160,32,32,0,120,-169,0,0,100,0,224,224,32,32,0,121,-171,0,0,100,0,256,192,16,16,0,120,-153,0,0,100,0,336,192,16,32,0,121,-153,0,0,100,0,320,192,16,16,0,79,-210,0,1,40,0,800,528,112,112,0,110,-127,0,0,100,0,528,0,32,32,0,79,-111,0,0,100,0,144,32,32,32,0,44,-133,0,0,100,0,256,112,32,32,0,36,-180,0,0,100,0,320,64,32,48,0,36,-180,0,0,100,0,224,64,32,56,0,46,-114,0,0,100,0,256,144,32,16,0,52,-133,0,0,100,0,288,112,16,32,0,42,-173,0,0,100,0,320,112,48,48,0,54,-138,0,0,100,0,288,144,32,16,0,48,-142,0,0,100,0,256,160,32,32,0,27,-138,0,0,100,0,288,160,32,32,0,27,-124,0,0,100,0,320,160,32,16,0,72,-147,0,0,100,0,256,112,32,32,0,60,-190,0,0,100,0,288,64,32,48,0,60,-190,0,0,100,0,224,64,32,56,0,74,-128,0,0,100,0,256,144,32,16,0,72,-141,0,0,100,0,304,112,16,32,0,35,-128,0,0,100,0,0,208,64,32,0,24,-245,0,0,100,0,0,0,144,208,0,
0,33,98,-166,0,0,100,0,496,128,16,16,0,141,-147,1,0,100,0,512,112,16,16,0,157,-177,1,0,100,0,512,144,16,16,0,133,-165,0,0,100,0,288,192,32,32,0,112,-161,0,0,100,0,256,208,16,16,0,138,-163,0,0,100,0,272,192,16,16,0,131,-148,0,0,100,0,352,192,16,32,0,130,-150,0,0,100,0,320,208,16,16,0,122,-186,0,0,100,0,192,160,32,32,0,120,-169,0,0,100,0,224,192,32,32,0,121,-171,0,0,100,0,256,192,16,16,0,120,-153,0,0,100,0,336,192,16,32,0,121,-153,0,0,100,0,320,192,16,16,0,79,-210,0,1,20,0,800,528,112,112,0,110,-127,0,0,100,0,528,0,32,32,0,79,-111,0,0,100,0,144,32,32,32,0,44,-133,0,0,100,0,256,112,32,32,0,36,-181,0,0,100,0,352,64,32,48,0,36,-181,0,0,100,0,224,64,32,56,0,46,-114,0,0,100,0,256,144,32,16,0,52,-133,0,0,100,0,288,112,16,32,0,42,-174,0,0,100,0,320,112,48,48,0,54,-139,0,0,100,0,288,144,32,16,0,48,-142,0,0,100,0,256,160,32,32,0,27,-138,0,0,100,0,288,160,32,32,0,27,-124,0,0,100,0,320,160,32,16,0,72,-147,0,0,100,0,256,112,32,32,0,60,-191,0,0,100,0,256,64,32,48,0,60,-191,0,0,100,0,224,64,32,56,0,74,-128,0,0,100,0,256,144,32,16,0,72,-141,0,0,100,0,304,112,16,32,0,35,-128,0,0,100,0,0,208,64,32,0,24,-245,0,0,100,0,0,0,144,208,0,
0,29,132,-163,0,0,100,0,288,192,32,32,0,138,-163,0,0,100,0,272,192,16,16,0,131,-148,0,0,100,0,352,192,16,32,0,130,-150,0,0,100,0,320,208,16,16,0,122,-185,0,0,100,0,192,160,32,32,0,120,-168,0,0,100,0,224,192,32,32,0,113,-159,0,0,100,0,256,208,16,16,0,120,-170,0,0,100,0,256,192,16,16,0,120,-153,0,0,100,0,336,192,16,32,0,121,-153,0,0,100,0,320,192,16,16,0,79,-111,0,0,100,0,144,32,32,32,0,110,-127,0,0,100,0,144,0,32,32,0,44,-134,0,0,100,0,256,112,32,32,0,36,-180,0,0,100,0,256,64,32,48,0,36,-180,0,0,100,0,224,64,32,56,0,46,-114,0,0,100,0,256,144,32,16,0,52,-133,0,0,100,0,288,112,16,32,0,42,-173,0,0,100,0,320,112,48,48,0,54,-139,0,0,100,0,288,144,32,16,0,48,-142,0,0,100,0,256,160,32,32,0,27,-138,0,0,100,0,288,160,32,32,0,27,-124,0,0,100,0,320,160,32,16,0,72,-148,0,0,100,0,256,112,32,32,0,60,-190,0,0,100,0,352,64,32,48,0,60,-190,0,0,100,0,224,64,32,56,0,74,-128,0,0,100,0,256,144,32,16,0,72,-141,0,0,100,0,304,112,16,32,0,35,-128,0,0,100,0,0,208,64,32,0,24,-245,0,0,100,0,0,0,144,208,0,
0,29,132,-161,0,0,100,0,288,192,32,32,0,138,-161,0,0,100,0,272,192,16,16,0,131,-146,0,0,100,0,352,192,16,32,0,130,-148,0,0,100,0,320,208,16,16,0,122,-183,0,0,100,0,192,160,32,32,0,120,-166,0,0,100,0,224,192,32,32,0,113,-157,0,0,100,0,256,208,16,16,0,120,-168,0,0,100,0,256,192,16,16,0,120,-152,0,0,100,0,336,192,16,32,0,121,-152,0,0,100,0,320,192,16,16,0,79,-111,0,0,100,0,144,32,32,32,0,110,-127,0,0,100,0,176,0,32,32,0,44,-134,0,0,100,0,256,112,32,32,0,36,-179,0,0,100,0,288,64,32,48,0,36,-179,0,0,100,0,224,64,32,56,0,46,-114,0,0,100,0,256,144,32,16,0,52,-133,0,0,100,0,288,112,16,32,0,42,-173,0,0,100,0,320,112,48,48,0,54,-139,0,0,100,0,288,144,32,16,0,48,-142,0,0,100,0,256,160,32,32,0,27,-138,0,0,100,0,288,160,32,32,0,27,-124,0,0,100,0,320,160,32,16,0,72,-148,0,0,100,0,256,112,32,32,0,60,-189,0,0,100,0,320,64,32,48,0,60,-189,0,0,100,0,224,64,32,56,0,74,-128,0,0,100,0,256,144,32,16,0,72,-141,0,0,100,0,304,112,16,32,0,35,-128,0,0,100,0,0,208,64,32,0,24,-245,0,0,100,0,0,0,144,208,0,
0,29,131,-160,0,0,100,0,288,192,32,32,0,138,-160,0,0,100,0,272,192,16,16,0,131,-144,0,0,100,0,352,192,16,32,0,130,-147,0,0,100,0,320,208,16,16,0,122,-182,0,0,100,0,192,160,32,32,0,120,-165,0,0,100,0,224,192,32,32,0,114,-156,0,0,100,0,256,208,16,16,0,120,-167,0,0,100,0,256,192,16,16,0,120,-151,0,0,100,0,336,192,16,32,0,121,-151,0,0,100,0,320,192,16,16,0,79,-111,0,0,100,0,144,32,32,32,0,110,-127,0,0,100,0,208,0,32,32,0,44,-133,0,0,100,0,256,112,32,32,0,36,-179,0,0,100,0,320,64,32,48,0,36,-179,0,0,100,0,224,64,32,56,0,46,-114,0,0,100,0,256,144,32,16,0,52,-133,0,0,100,0,288,112,16,32,0,42,-173,0,0,100,0,320,112,48,48,0,54,-139,0,0,100,0,288,144,32,16,0,48,-142,0,0,100,0,256,160,32,32,0,27,-138,0,0,100,0,288,160,32,32,0,27,-124,0,0,100,0,320,160,32,16,0,72,-147,0,0,100,0,256,112,32,32,0,60,-189,0,0,100,0,288,64,32,48,0,60,-189,0,0,100,0,224,64,32,56,0,74,-128,0,0,100,0,256,144,32,16,0,72,-141,0,0,100,0,304,112,16,32,0,35,-128,0,0,100,0,0,208,64,32,0,24,-245,0,0,100,0,0,0,144,208,0,
0,29,131,-159,0,0,100,0,288,192,32,32,0,138,-159,0,0,100,0,272,192,16,16,0,131,-143,0,0,100,0,352,192,16,32,0,130,-146,0,0,100,0,320,208,16,16,0,122,-181,0,0,100,0,192,160,32,32,0,120,-164,0,0,100,0,224,192,32,32,0,114,-155,0,0,100,0,256,208,16,16,0,120,-166,0,0,100,0,256,192,16,16,0,120,-150,0,0,100,0,336,192,16,32,0,121,-150,0,0,100,0,320,192,16,16,0,79,-111,0,0,100,0,144,32,32,32,0,110,-127,0,0,100,0,240,0,32,32,0,44,-133,0,0,100,0,256,112,32,32,0,36,-179,0,0,100,0,352,64,32,48,0,36,-179,0,0,100,0,224,64,32,56,0,46,-114,0,0,100,0,256,144,32,16,0,52,-133,0,0,100,0,288,112,16,32,0,42,-172,0,0,100,0,320,112,48,48,0,54,-139,0,0,100,0,288,144,32,16,0,48,-142,0,0,100,0,256,160,32,32,0,27,-138,0,0,100,0,288,160,32,32,0,27,-124,0,0,100,0,320,160,32,16,0,72,-147,0,0,100,0,256,112,32,32,0,60,-189,0,0,100,0,256,64,32,48,0,60,-189,0,0,100,0,224,64,32,56,0,74,-128,0,0,100,0,256,144,32,16,0,72,-141,0,0,100,0,304,112,16,32,0,35,-128,0,0,100,0,0,208,64,32,0,24,-245,0,0,100,0,0,0,144,208,0,
0,29,131,-160,0,0,100,0,288,192,32,32,0,138,-160,0,0,100,0,272,192,16,16,0,131,-144,0,0,100,0,352,192,16,32,0,130,-147,0,0,100,0,320,208,16,16,0,122,-182,0,0,100,0,192,160,32,32,0,120,-165,0,0,100,0,224,192,32,32,0,114,-156,0,0,100,0,256,208,16,16,0,120,-167,0,0,100,0,256,192,16,16,0,120,-150,0,0,100,0,336,192,16,32,0,121,-150,0,0,100,0,320,192,16,16,0,79,-111,0,0,100,0,144,32,32,32,0,110,-127,0,0,100,0,240,0,32,32,0,44,-133,0,0,100,0,256,112,32,32,0,36,-179,0,0,100,0,256,64,32,48,0,36,-179,0,0,100,0,224,64,32,56,0,46,-114,0,0,100,0,256,144,32,16,0,52,-133,0,0,100,0,288,112,16,32,0,42,-172,0,0,100,0,320,112,48,48,0,54,-138,0,0,100,0,288,144,32,16,0,48,-142,0,0,100,0,256,160,32,32,0,27,-138,0,0,100,0,288,160,32,32,0,27,-124,0,0,100,0,320,160,32,16,0,72,-147,0,0,100,0,256,112,32,32,0,60,-189,0,0,100,0,352,64,32,48,0,60,-189,0,0,100,0,224,64,32,56,0,74,-128,0,0,100,0,256,144,32,16,0,72,-141,0,0,100,0,304,112,16,32,0,35,-128,0,0,100,0,0,208,64,32,0,24,-245,0,0,100,0,0,0,144,208,0,
0,29,131,-161,0,0,100,0,288,192,32,32,0,138,-161,0,0,100,0,272,192,16,16,0,131,-146,0,0,100,0,352,192,16,32,0,130,-148,0,0,100,0,320,208,16,16,0,122,-183,0,0,100,0,192,160,32,32,0,120,-166,0,0,100,0,224,192,32,32,0,114,-157,0,0,100,0,256,208,16,16,0,120,-168,0,0,100,0,256,192,16,16,0,120,-151,0,0,100,0,336,192,16,32,0,121,-151,0,0,100,0,320,192,16,16,0,79,-111,0,0,100,0,144,32,32,32,0,110,-127,0,0,100,0,272,0,32,32,0,44,-133,0,0,100,0,256,112,32,32,0,36,-179,0,0,100,0,288,64,32,48,0,36,-179,0,0,100,0,224,64,32,56,0,46,-114,0,0,100,0,256,144,32,16,0,52,-133,0,0,100,0,288,112,16,32,0,42,-171,0,0,100,0,320,112,48,48,0,54,-137,0,0,100,0,288,144,32,16,0,48,-142,0,0,100,0,256,160,32,32,0,27,-138,0,0,100,0,288,160,32,32,0,27,-124,0,0,100,0,320,160,32,16,0,72,-147,0,0,100,0,256,112,32,32,0,60,-189,0,0,100,0,320,64,32,48,0,60,-189,0,0,100,0,224,64,32,56,0,74,-128,0,0,100,0,256,144,32,16,0,72,-141,0,0,100,0,304,112,16,32,0,35,-128,0,0,100,0,0,208,64,32,0,24,-245,0,0,100,0,0,0,144,208,0,
0,29,131,-163,0,0,100,0,288,192,32,32,0,138,-162,0,0,100,0,272,192,16,16,0,131,-147,0,0,100,0,352,192,16,32,0,130,-150,0,0,100,0,320,208,16,16,0,122,-184,0,0,100,0,192,160,32,32,0,120,-167,0,0,100,0,224,192,32,32,0,114,-159,0,0,100,0,256,208,16,16,0,120,-169,0,0,100,0,256,192,16,16,0,120,-152,0,0,100,0,336,192,16,32,0,121,-152,0,0,100,0,320,192,16,16,0,79,-111,0,0,100,0,144,32,32,32,0,110,-127,0,0,100,0,304,0,32,32,0,44,-133,0,0,100,0,256,112,32,32,0,36,-180,0,0,100,0,320,64,32,48,0,36,-180,0,0,100,0,224,64,32,56,0,46,-114,0,0,100,0,256,144,32,16,0,52,-133,0,0,100,0,288,112,16,32,0,42,-173,0,0,100,0,320,112,48,48,0,54,-138,0,0,100,0,288,144,32,16,0,48,-142,0,0,100,0,256,160,32,32,0,27,-138,0,0,100,0,288,160,32,32,0,27,-124,0,0,100,0,320,160,32,16,0,72,-147,0,0,100,0,256,112,32,32,0,60,-190,0,0,100,0,288,64,32,48,0,60,-190,0,0,100,0,224,64,32,56,0,74,-128,0,0,100,0,256,144,32,16,0,72,-141,0,0,100,0,304,112,16,32,0,35,-128,0,0,100,0,0,208,64,32,0,24,-245,0,0,100,0,0,0,144,208,0,
0,29,132,-164,0,0,100,0,288,192,32,32,0,138,-163,0,0,100,0,272,192,16,16,0,131,-148,0,0,100,0,352,192,16,32,0,130,-151,0,0,100,0,320,208,16,16,0,122,-185,0,0,100,0,192,160,32,32,0,120,-168,0,0,100,0,224,192,32,32,0,113,-160,0,0,100,0,256,208,16,16,0,120,-170,0,0,100,0,256,192,16,16,0,120,-153,0,0,100,0,336,192,16,32,0,121,-153,0,0,100,0,320,192,16,16,0,79,-111,0,0,100,0,144,32,32,32,0,110,-127,0,0,100,0,144,0,32,32,0,44,-133,0,0,100,0,256,112,32,32,0,36,-181,0,0,100,0,352,64,32,48,0,36,-181,0,0,100,0,224,64,32,56,0,46,-114,0,0,100,0,256,144,32,16,0,52,-133,0,0,100,0,288,112,16,32,0,42,-174,0,0,100,0,320,112,48,48,0,54,-139,0,0,100,0,288,144,32,16,0,48,-142,0,0,100,0,256,160,32,32,0,27,-138,0,0,100,0,288,160,32,32,0,27,-124,0,0,100,0,320,160,32,16,0,72,-147,0,0,100,0,256,112,32,32,0,60,-191,0,0,100,0,256,64,32,48,0,60,-191,0,0,100,0,224,64,32,56,0,74,-128,0,0,100,0,256,144,32,16,0,72,-141,0,0,100,0,304,112,16,32,0,35,-128,0,0,100,0,0,208,64,32,0,24,-245,0,0,100,0,0,0,144,208,0,
0,29,131,-164,0,0,100,0,288,192,32,32,0,137,-164,0,0,100,0,272,192,16,16,0,131,-148,0,0,100,0,352,192,16,32,0,130,-151,0,0,100,0,320,208,16,16,0,122,-186,0,0,100,0,192,160,32,32,0,120,-169,0,0,100,0,224,192,32,32,0,114,-163,0,0,100,0,256,208,16,16,0,122,-173,0,0,100,0,256,192,16,16,0,120,-155,0,0,100,0,336,192,16,32,0,121,-155,0,0,100,0,320,192,16,16,0,79,-111,0,0,100,0,144,32,32,32,0,110,-127,0,0,100,0,144,0,32,32,0,44,-134,0,0,100,0,256,112,32,32,0,36,-180,0,0,100,0,256,64,32,48,0,36,-180,0,0,100,0,224,64,32,56,0,46,-114,0,0,100,0,256,144,32,16,0,52,-133,0,0,100,0,288,112,16,32,0,42,-173,0,0,100,0,320,112,48,48,0,54,-139,0,0,100,0,288,144,32,16,0,48,-142,0,0,100,0,256,160,32,32,0,27,-138,0,0,100,0,288,160,32,32,0,27,-124,0,0,100,0,320,160,32,16,0,72,-148,0,0,100,0,256,112,32,32,0,60,-190,0,0,100,0,352,64,32,48,0,60,-190,0,0,100,0,224,64,32,56,0,74,-128,0,0,100,0,256,144,32,16,0,72,-141,0,0,100,0,304,112,16,32,0,35,-128,0,0,100,0,0,208,64,32,0,24,-245,0,0,100,0,0,0,144,208,0,
0,29,124,-163,0,0,100,0,288,192,32,32,0,111,-170,0,0,100,0,272,208,16,16,0,135,-164,0,0,100,0,288,224,16,16,0,130,-149,0,0,100,0,352,192,16,32,0,129,-152,0,0,100,0,320,208,16,16,0,123,-187,0,0,100,0,192,224,32,32,0,119,-170,0,0,100,0,224,192,32,32,0,121,-176,0,0,100,0,256,192,16,16,0,119,-157,0,0,100,0,336,192,16,32,0,120,-157,0,0,100,0,320,192,16,16,0,79,-111,0,0,100,0,144,32,32,32,0,110,-127,0,0,100,0,176,0,32,32,0,44,-134,0,0,100,0,256,112,32,32,0,36,-179,0,0,100,0,288,64,32,48,0,36,-179,0,0,100,0,224,64,32,56,0,46,-114,0,0,100,0,256,144,32,16,0,52,-133,0,0,100,0,288,112,16,32,0,42,-173,0,0,100,0,320,112,48,48,0,54,-139,0,0,100,0,288,144,32,16,0,48,-142,0,0,100,0,256,160,32,32,0,27,-138,0,0,100,0,288,160,32,32,0,27,-124,0,0,100,0,320,160,32,16,0,72,-148,0,0,100,0,256,112,32,32,0,60,-189,0,0,100,0,320,64,32,48,0,60,-189,0,0,100,0,224,64,32,56,0,74,-128,0,0,100,0,256,144,32,16,0,72,-141,0,0,100,0,304,112,16,32,0,35,-128,0,0,100,0,0,208,64,32,0,24,-245,0,0,100,0,0,0,144,208,0,
0,29,123,-163,0,0,100,0,288,192,32,32,0,113,-171,0,0,100,0,272,208,16,16,0,134,-164,0,0,100,0,288,224,16,16,0,131,-149,0,0,100,0,352,192,16,32,0,130,-152,0,0,100,0,320,208,16,16,0,124,-187,0,0,100,0,192,224,32,32,0,120,-170,0,0,100,0,224,192,32,32,0,123,-177,0,0,100,0,256,192,16,16,0,120,-158,0,0,100,0,336,192,16,32,0,121,-158,0,0,100,0,320,192,16,16,0,79,-111,0,0,100,0,144,32,32,32,0,110,-127,0,0,100,0,208,0,32,32,0,44,-133,0,0,100,0,256,112,32,32,0,36,-179,0,0,100,0,320,64,32,48,0,36,-179,0,0,100,0,224,64,32,56,0,46,-114,0,0,100,0,256,144,32,16,0,52,-133,0,0,100,0,288,112,16,32,0,42,-173,0,0,100,0,320,112,48,48,0,54,-139,0,0,100,0,288,144,32,16,0,48,-142,0,0,100,0,256,160,32,32,0,27,-138,0,0,100,0,288,160,32,32,0,27,-124,0,0,100,0,320,160,32,16,0,72,-147,0,0,100,0,256,112,32,32,0,60,-189,0,0,100,0,288,64,32,48,0,60,-189,0,0,100,0,224,64,32,56,0,74,-128,0,0,100,0,256,144,32,16,0,72,-141,0,0,100,0,304,112,16,32,0,35,-128,0,0,100,0,0,208,64,32,0,24,-245,0,0,100,0,0,0,144,208,0,
0,30,128,-155,0,1,100,0,192,256,16,16,0,119,-156,1,0,100,0,272,208,16,16,0,116,-164,1,0,100,0,272,192,16,16,0,120,-185,0,0,100,0,192,192,32,32,0,139,-160,0,0,100,0,272,208,16,16,0,138,-166,0,0,100,0,272,192,16,16,0,132,-152,0,0,100,0,352,192,16,32,0,130,-152,0,0,100,0,320,208,16,16,0,120,-168,0,0,100,0,224,192,32,32,0,121,-153,0,0,100,0,336,192,16,32,0,121,-153,0,0,100,0,320,192,16,16,0,79,-111,0,0,100,0,144,32,32,32,0,110,-127,0,0,100,0,240,0,32,32,0,44,-133,0,0,100,0,256,112,32,32,0,36,-179,0,0,100,0,352,64,32,48,0,36,-179,0,0,100,0,224,64,32,56,0,46,-114,0,0,100,0,256,144,32,16,0,52,-133,0,0,100,0,288,112,16,32,0,42,-172,0,0,100,0,320,112,48,48,0,54,-139,0,0,100,0,288,144,32,16,0,48,-142,0,0,100,0,256,160,32,32,0,27,-138,0,0,100,0,288,160,32,32,0,27,-124,0,0,100,0,320,160,32,16,0,72,-147,0,0,100,0,256,112,32,32,0,60,-189,0,0,100,0,256,64,32,48,0,60,-189,0,0,100,0,224,64,32,56,0,74,-128,0,0,100,0,256,144,32,16,0,72,-141,0,0,100,0,304,112,16,32,0,35,-128,0,0,100,0,0,208,64,32,0,24,-245,0,0,100,0,0,0,144,208,0,
0,31,128,-157,0,1,100,0,176,256,16,16,0,122,-147,0,1,100,0,192,256,16,16,0,121,-184,0,0,100,0,192,192,32,32,0,122,-154,1,0,100,0,272,208,16,16,0,118,-162,1,0,100,0,272,192,16,16,0,140,-160,0,0,100,0,272,208,16,16,0,134,-152,0,0,100,0,352,192,16,32,0,133,-152,0,0,100,0,320,208,16,16,0,125,-151,0,0,100,0,336,192,16,32,0,124,-154,0,0,100,0,320,192,16,16,0,118,-168,1,0,100,0,224,192,32,32,0,138,-167,1,0,100,0,256,192,16,16,0,79,-111,0,0,100,0,144,32,32,32,0,110,-127,0,0,100,0,240,0,32,32,0,44,-133,0,0,100,0,256,112,32,32,0,36,-179,0,0,100,0,352,64,32,48,0,36,-179,0,0,100,0,224,64,32,56,0,46,-114,0,0,100,0,256,144,32,16,0,52,-133,0,0,100,0,288,112,16,32,0,42,-172,0,0,100,0,320,112,48,48,0,54,-139,0,0,100,0,288,144,32,16,0,48,-142,0,0,100,0,256,160,32,32,0,27,-138,0,0,100,0,288,160,32,32,0,27,-124,0,0,100,0,320,160,32,16,0,72,-147,0,0,100,0,256,112,32,32,0,60,-189,0,0,100,0,256,64,32,48,0,60,-189,0,0,100,0,224,64,32,56,0,74,-128,0,0,100,0,256,144,32,16,0,72,-141,0,0,100,0,304,112,16,32,0,35,-128,0,0,100,0,0,208,64,32,0,24,-245,0,0,100,0,0,0,144,208,0,
0,32,129,-159,0,1,100,0,160,256,16,16,0,112,-154,0,1,100,0,192,256,16,16,0,122,-149,0,1,100,0,176,256,16,16,0,122,-184,0,0,100,0,192,192,32,32,0,113,-161,1,0,100,0,288,192,32,32,0,120,-161,1,0,100,0,272,192,16,16,0,141,-161,0,0,100,0,272,208,16,16,0,135,-152,0,0,100,0,352,192,16,32,0,134,-152,0,0,100,0,320,208,16,16,0,126,-150,0,0,100,0,336,192,16,32,0,125,-153,0,0,100,0,320,192,16,16,0,119,-168,1,0,100,0,224,192,32,32,0,139,-168,1,0,100,0,256,192,16,16,0,79,-111,0,0,100,0,144,32,32,32,0,110,-127,0,0,100,0,240,0,32,32,0,44,-133,0,0,100,0,256,112,32,32,0,36,-179,0,0,100,0,256,64,32,48,0,36,-179,0,0,100,0,224,64,32,56,0,46,-114,0,0,100,0,256,144,32,16,0,52,-133,0,0,100,0,288,112,16,32,0,42,-172,0,0,100,0,320,112,48,48,0,54,-138,0,0,100,0,288,144,32,16,0,48,-142,0,0,100,0,256,160,32,32,0,27,-138,0,0,100,0,288,160,32,32,0,27,-124,0,0,100,0,320,160,32,16,0,72,-147,0,0,100,0,256,112,32,32,0,60,-189,0,0,100,0,352,64,32,48,0,60,-189,0,0,100,0,224,64,32,56,0,74,-128,0,0,100,0,256,144,32,16,0,72,-141,0,0,100,0,304,112,16,32,0,35,-128,0,0,100,0,0,208,64,32,0,24,-245,0,0,100,0,0,0,144,208,0,
0,33,113,-171,0,1,100,0,192,256,16,16,0,128,-160,0,1,100,0,144,256,16,16,0,112,-156,0,1,100,0,176,256,16,16,0,123,-151,0,1,100,0,160,256,16,16,0,123,-164,0,0,100,0,288,192,32,32,0,113,-172,0,0,100,0,272,208,16,16,0,134,-165,0,0,100,0,288,224,16,16,0,131,-150,0,0,100,0,352,192,16,32,0,130,-153,0,0,100,0,320,208,16,16,0,124,-188,0,0,100,0,192,224,32,32,0,120,-171,0,0,100,0,224,192,32,32,0,123,-178,0,0,100,0,256,192,16,16,0,120,-157,0,0,100,0,336,192,16,32,0,121,-157,0,0,100,0,320,192,16,16,0,79,-111,0,0,100,0,144,32,32,32,0,110,-127,0,0,100,0,272,0,32,32,0,44,-133,0,0,100,0,256,112,32,32,0,36,-179,0,0,100,0,288,64,32,48,0,36,-179,0,0,100,0,224,64,32,56,0,46,-114,0,0,100,0,256,144,32,16,0,52,-133,0,0,100,0,288,112,16,32,0,42,-171,0,0,100,0,320,112,48,48,0,54,-137,0,0,100,0,288,144,32,16,0,48,-142,0,0,100,0,256,160,32,32,0,27,-138,0,0,100,0,288,160,32,32,0,27,-124,0,0,100,0,320,160,32,16,0,72,-147,0,0,100,0,256,112,32,32,0,60,-189,0,0,100,0,320,64,32,48,0,60,-189,0,0,100,0,224,64,32,56,0,74,-128,0,0,100,0,256,144,32,16,0,72,-141,0,0,100,0,304,112,16,32,0,35,-128,0,0,100,0,0,208,64,32,0,24,-245,0,0,100,0,0,0,144,208,0,
0,33,105,-166,0,1,100,0,192,256,16,16,0,113,-173,0,1,100,0,176,256,16,16,0,113,-158,0,1,100,0,160,256,16,16,0,122,-152,0,1,100,0,144,256,16,16,0,132,-159,0,0,100,0,272,208,16,16,0,135,-166,0,0,100,0,288,224,16,16,0,130,-152,0,0,100,0,352,192,16,32,0,129,-155,0,0,100,0,320,208,16,16,0,126,-189,0,0,100,0,160,224,32,32,0,120,-173,0,0,100,0,224,224,32,32,0,119,-197,0,0,100,0,384,192,16,32,0,122,-177,2,0,100,0,256,192,16,16,0,120,-159,0,0,100,0,336,192,16,32,0,121,-159,0,0,100,0,320,192,16,16,0,79,-111,0,0,100,0,144,32,32,32,0,110,-127,0,0,100,0,304,0,32,32,0,44,-133,0,0,100,0,256,112,32,32,0,36,-180,0,0,100,0,320,64,32,48,0,36,-180,0,0,100,0,224,64,32,56,0,46,-114,0,0,100,0,256,144,32,16,0,52,-133,0,0,100,0,288,112,16,32,0,42,-173,0,0,100,0,320,112,48,48,0,54,-138,0,0,100,0,288,144,32,16,0,48,-142,0,0,100,0,256,160,32,32,0,27,-138,0,0,100,0,288,160,32,32,0,27,-124,0,0,100,0,320,160,32,16,0,72,-147,0,0,100,0,256,112,32,32,0,60,-190,0,0,100,0,288,64,32,48,0,60,-190,0,0,100,0,224,64,32,56,0,74,-128,0,0,100,0,256,144,32,16,0,72,-141,0,0,100,0,304,112,16,32,0,35,-128,0,0,100,0,0,208,64,32,0,24,-245,0,0,100,0,0,0,144,208,0,
0,38,116,-221,1,0,100,0,0,528,32,32,0,116,-206,0,0,100,0,192,272,16,16,0,123,-203,0,0,100,0,192,272,16,16,0,110,-187,0,1,100,0,192,256,16,16,0,105,-168,0,1,100,0,176,256,16,16,0,114,-175,0,1,100,0,160,256,16,16,0,112,-159,0,1,100,0,144,256,16,16,0,122,-154,0,1,100,0,144,256,16,16,0,93,-215,0,0,20,0,400,224,64,32,0,132,-160,0,0,100,0,272,208,16,16,0,135,-167,0,0,100,0,288,224,16,16,0,130,-153,0,0,100,0,352,192,16,32,0,129,-156,0,0,100,0,320,208,16,16,0,126,-190,0,0,100,0,160,224,32,32,0,120,-174,0,0,100,0,224,224,32,32,0,120,-198,0,0,100,0,384,192,16,32,0,123,-178,2,0,100,0,256,192,16,16,0,120,-160,0,0,100,0,336,192,16,32,0,121,-160,0,0,100,0,320,192,16,16,0,79,-111,0,0,100,0,144,32,32,32,0,110,-127,0,0,100,0,144,0,32,32,0,44,-133,0,0,100,0,256,112,32,32,0,36,-181,0,0,100,0,352,64,32,48,0,36,-181,0,0,100,0,224,64,32,56,0,46,-114,0,0,100,0,256,144,32,16,0,52,-133,0,0,100,0,288,112,16,32,0,42,-174,0,0,100,0,320,112,48,48,0,54,-139,0,0,100,0,288,144,32,16,0,48,-142,0,0,100,0,256,160,32,32,0,27,-138,0,0,100,0,288,160,32,32,0,27,-124,0,0,100,0,320,160,32,16,0,72,-147,0,0,100,0,256,112,32,32,0,60,-191,0,0,100,0,256,64,32,48,0,60,-191,0,0,100,0,224,64,32,56,0,74,-128,0,0,100,0,256,144,32,16,0,72,-141,0,0,100,0,304,112,16,32,0,35,-128,0,0,100,0,0,208,64,32,0,24,-245,0,0,100,0,0,0,144,208,0,
0,37,116,-221,1,0,100,0,32,528,32,32,0,112,-208,0,0,100,0,176,272,16,16,0,128,-200,0,0,100,0,176,272,16,16,0,110,-189,0,1,100,0,176,256,16,16,0,106,-170,0,1,100,0,160,256,16,16,0,113,-176,0,1,100,0,144,256,16,16,0,112,-161,0,1,100,0,144,256,16,16,0,93,-214,0,0,50,0,400,224,64,32,0,132,-161,0,0,100,0,272,208,16,16,0,135,-168,0,0,100,0,288,224,16,16,0,130,-154,0,0,100,0,352,192,16,32,0,129,-157,0,0,100,0,320,208,16,16,0,126,-191,0,0,100,0,160,224,32,32,0,120,-175,0,0,100,0,224,224,32,32,0,121,-200,0,0,100,0,384,192,16,32,0,123,-179,2,0,100,0,256,192,16,16,0,120,-161,0,0,100,0,336,192,16,32,0,121,-161,0,0,100,0,320,192,16,16,0,79,-111,0,0,100,0,144,32,32,32,0,110,-127,0,0,100,0,144,0,32,32,0,44,-134,0,0,100,0,256,112,32,32,0,36,-180,0,0,100,0,256,64,32,48,0,36,-180,0,0,100,0,224,64,32,56,0,46,-114,0,0,100,0,256,144,32,16,0,52,-133,0,0,100,0,288,112,16,32,0,42,-173,0,0,100,0,320,112,48,48,0,54,-139,0,0,100,0,288,144,32,16,0,48,-142,0,0,100,0,256,160,32,32,0,27,-138,0,0,100,0,288,160,32,32,0,27,-124,0,0,100,0,320,160,32,16,0,72,-148,0,0,100,0,256,112,32,32,0,60,-190,0,0,100,0,352,64,32,48,0,60,-190,0,0,100,0,224,64,32,56,0,74,-128,0,0,100,0,256,144,32,16,0,72,-141,0,0,100,0,304,112,16,32,0,35,-128,0,0,100,0,0,208,64,32,0,24,-245,0,0,100,0,0,0,144,208,0,
0,34,116,-221,1,0,100,0,64,528,32,32,0,111,-191,0,1,100,0,160,256,16,16,0,105,-171,0,1,100,0,144,256,16,16,0,114,-182,0,1,100,0,144,256,16,16,0,93,-213,0,0,100,0,400,224,64,32,0,132,-162,0,0,100,0,272,208,16,16,0,135,-169,0,0,100,0,288,224,16,16,0,130,-155,0,0,100,0,352,192,16,32,0,129,-158,0,0,100,0,320,208,16,16,0,126,-192,0,0,100,0,160,224,32,32,0,120,-176,0,0,100,0,224,224,32,32,0,121,-201,0,0,100,0,384,192,16,32,0,123,-180,2,0,100,0,256,192,16,16,0,120,-162,0,0,100,0,336,192,16,32,0,121,-162,0,0,100,0,320,192,16,16,0,79,-111,0,0,100,0,144,32,32,32,0,110,-127,0,0,100,0,176,0,32,32,0,44,-134,0,0,100,0,256,112,32,32,0,36,-179,0,0,100,0,288,64,32,48,0,36,-179,0,0,100,0,224,64,32,56,0,46,-114,0,0,100,0,256,144,32,16,0,52,-133,0,0,100,0,288,112,16,32,0,42,-173,0,0,100,0,320,112,48,48,0,54,-139,0,0,100,0,288,144,32,16,0,48,-142,0,0,100,0,256,160,32,32,0,27,-138,0,0,100,0,288,160,32,32,0,27,-124,0,0,100,0,320,160,32,16,0,72,-148,0,0,100,0,256,112,32,32,0,60,-189,0,0,100,0,320,64,32,48,0,60,-189,0,0,100,0,224,64,32,56,0,74,-128,0,0,100,0,256,144,32,16,0,72,-141,0,0,100,0,304,112,16,32,0,35,-128,0,0,100,0,0,208,64,32,0,24,-245,0,0,100,0,0,0,144,208,0,
0,36,106,-209,0,0,100,90,0,560,32,32,0,107,-209,0,0,100,0,160,272,16,16,0,132,-197,0,0,100,0,160,272,16,16,0,110,-192,0,1,100,0,144,256,16,16,0,105,-175,0,1,100,0,144,256,16,16,0,132,-161,0,0,100,0,272,208,16,16,0,135,-168,0,0,100,0,288,224,16,16,0,130,-154,0,0,100,0,352,192,16,32,0,129,-157,0,0,100,0,320,208,16,16,0,126,-191,0,0,100,0,160,224,32,32,0,120,-175,0,0,100,0,224,224,32,32,0,93,-208,0,0,30,0,400,224,64,32,0,93,-208,0,0,100,0,400,192,64,32,0,121,-200,0,0,100,0,384,192,16,32,0,123,-179,2,0,100,0,256,192,16,16,0,120,-161,0,0,100,0,336,192,16,32,0,121,-161,0,0,100,0,320,192,16,16,0,79,-111,0,0,100,0,144,32,32,32,0,110,-127,0,0,100,0,208,0,32,32,0,44,-133,0,0,100,0,256,112,32,32,0,36,-179,0,0,100,0,320,64,32,48,0,36,-179,0,0,100,0,224,64,32,56,0,46,-114,0,0,100,0,256,144,32,16,0,52,-133,0,0,100,0,288,112,16,32,0,42,-173,0,0,100,0,320,112,48,48,0,54,-139,0,0,100,0,288,144,32,16,0,48,-142,0,0,100,0,256,160,32,32,0,27,-138,0,0,100,0,288,160,32,32,0,27,-124,0,0,100,0,320,160,32,16,0,72,-147,0,0,100,0,256,112,32,32,0,60,-189,0,0,100,0,288,64,32,48,0,60,-189,0,0,100,0,224,64,32,56,0,74,-128,0,0,100,0,256,144,32,16,0,72,-141,0,0,100,0,304,112,16,32,0,35,-128,0,0,100,0,0,208,64,32,0,24,-245,0,0,100,0,0,0,144,208,0,
0,34,103,-206,0,0,100,90,64,560,32,32,0,102,-207,0,0,100,0,144,272,16,16,0,134,-191,0,0,100,0,144,272,16,16,0,111,-195,0,1,100,0,144,256,16,16,0,132,-157,0,0,100,0,272,208,16,16,0,135,-164,0,0,100,0,288,224,16,16,0,130,-150,0,0,100,0,352,192,16,32,0,129,-153,0,0,100,0,320,208,16,16,0,123,-187,0,0,100,0,192,224,32,32,0,120,-171,0,0,100,0,224,224,32,32,0,118,-191,0,0,100,0,368,192,16,32,0,90,-198,0,0,100,0,400,192,64,32,0,123,-171,2,0,100,0,256,192,16,16,0,119,-159,0,0,100,0,336,192,16,32,0,120,-159,0,0,100,0,320,192,16,16,0,79,-111,0,0,100,0,144,32,32,32,0,110,-127,0,0,100,0,240,0,32,32,0,44,-133,0,0,100,0,256,112,32,32,0,36,-179,0,0,100,0,352,64,32,48,0,36,-179,0,0,100,0,224,64,32,56,0,46,-114,0,0,100,0,256,144,32,16,0,52,-133,0,0,100,0,288,112,16,32,0,42,-172,0,0,100,0,320,112,48,48,0,54,-139,0,0,100,0,288,144,32,16,0,48,-142,0,0,100,0,256,160,32,32,0,27,-138,0,0,100,0,288,160,32,32,0,27,-124,0,0,100,0,320,160,32,16,0,72,-147,0,0,100,0,256,112,32,32,0,60,-189,0,0,100,0,256,64,32,48,0,60,-189,0,0,100,0,224,64,32,56,0,74,-128,0,0,100,0,256,144,32,16,0,72,-141,0,0,100,0,304,112,16,32,0,35,-128,0,0,100,0,0,208,64,32,0,24,-245,0,0,100,0,0,0,144,208,0,
0,31,89,-205,0,0,100,90,32,560,32,32,0,132,-154,0,0,100,0,272,208,16,16,0,135,-161,0,0,100,0,288,224,16,16,0,130,-148,0,0,100,0,352,192,16,32,0,129,-151,0,0,100,0,320,208,16,16,0,123,-185,0,0,100,0,192,224,32,32,0,120,-169,0,0,100,0,224,224,32,32,0,118,-188,0,0,100,0,368,192,16,32,0,90,-195,0,0,100,0,400,192,64,32,0,123,-168,2,0,100,0,256,192,16,16,0,120,-156,0,0,100,0,336,192,16,32,0,121,-156,0,0,100,0,320,192,16,16,0,79,-111,0,0,100,0,144,32,32,32,0,110,-127,0,0,100,0,240,0,32,32,0,44,-133,0,0,100,0,256,112,32,32,0,36,-179,0,0,100,0,256,64,32,48,0,36,-179,0,0,100,0,224,64,32,56,0,46,-114,0,0,100,0,256,144,32,16,0,52,-133,0,0,100,0,288,112,16,32,0,42,-172,0,0,100,0,320,112,48,48,0,54,-138,0,0,100,0,288,144,32,16,0,48,-142,0,0,100,0,256,160,32,32,0,27,-138,0,0,100,0,288,160,32,32,0,27,-124,0,0,100,0,320,160,32,16,0,72,-147,0,0,100,0,256,112,32,32,0,60,-189,0,0,100,0,352,64,32,48,0,60,-189,0,0,100,0,224,64,32,56,0,74,-128,0,0,100,0,256,144,32,16,0,72,-141,0,0,100,0,304,112,16,32,0,35,-128,0,0,100,0,0,208,64,32,0,24,-245,0,0,100,0,0,0,144,208,0,
0,30,132,-152,0,0,100,0,272,208,16,16,0,135,-159,0,0,100,0,288,224,16,16,0,130,-146,0,0,100,0,352,192,16,32,0,129,-149,0,0,100,0,320,208,16,16,0,123,-183,0,0,100,0,192,224,32,32,0,120,-167,0,0,100,0,224,224,32,32,0,118,-186,0,0,100,0,368,192,16,32,0,90,-193,0,0,100,0,400,192,64,32,0,123,-166,2,0,100,0,256,192,16,16,0,120,-153,0,0,100,0,336,192,16,32,0,121,-153,0,0,100,0,320,192,16,16,0,79,-111,0,0,100,0,144,32,32,32,0,110,-127,0,0,100,0,272,0,32,32,0,44,-133,0,0,100,0,256,112,32,32,0,36,-179,0,0,100,0,288,64,32,48,0,36,-179,0,0,100,0,224,64,32,56,0,46,-114,0,0,100,0,256,144,32,16,0,52,-133,0,0,100,0,288,112,16,32,0,42,-171,0,0,100,0,320,112,48,48,0,54,-137,0,0,100,0,288,144,32,16,0,48,-142,0,0,100,0,256,160,32,32,0,27,-138,0,0,100,0,288,160,32,32,0,27,-124,0,0,100,0,320,160,32,16,0,72,-147,0,0,100,0,256,112,32,32,0,60,-189,0,0,100,0,320,64,32,48,0,60,-189,0,0,100,0,224,64,32,56,0,74,-128,0,0,100,0,256,144,32,16,0,72,-141,0,0,100,0,304,112,16,32,0,35,-128,0,0,100,0,0,208,64,32,0,24,-245,0,0,100,0,0,0,144,208,0,
0,30,132,-151,0,0,100,0,272,208,16,16,0,135,-158,0,0,100,0,288,224,16,16,0,130,-145,0,0,100,0,352,192,16,32,0,129,-148,0,0,100,0,320,208,16,16,0,123,-182,0,0,100,0,192,224,32,32,0,120,-166,0,0,100,0,224,224,32,32,0,118,-185,0,0,100,0,368,192,16,32,0,90,-192,0,0,100,0,400,192,64,32,0,123,-165,2,0,100,0,256,192,16,16,0,120,-152,0,0,100,0,336,192,16,32,0,121,-152,0,0,100,0,320,192,16,16,0,79,-111,0,0,100,0,144,32,32,32,0,110,-127,0,0,100,0,304,0,32,32,0,44,-133,0,0,100,0,256,112,32,32,0,36,-180,0,0,100,0,320,64,32,48,0,36,-180,0,0,100,0,224,64,32,56,0,46,-114,0,0,100,0,256,144,32,16,0,52,-133,0,0,100,0,288,112,16,32,0,42,-173,0,0,100,0,320,112,48,48,0,54,-138,0,0,100,0,288,144,32,16,0,48,-142,0,0,100,0,256,160,32,32,0,27,-138,0,0,100,0,288,160,32,32,0,27,-124,0,0,100,0,320,160,32,16,0,72,-147,0,0,100,0,256,112,32,32,0,60,-190,0,0,100,0,288,64,32,48,0,60,-190,0,0,100,0,224,64,32,56,0,74,-128,0,0,100,0,256,144,32,16,0,72,-141,0,0,100,0,304,112,16,32,0,35,-128,0,0,100,0,0,208,64,32,0,24,-245,0,0,100,0,0,0,144,208,0,
0,30,133,-154,0,0,100,0,272,208,16,16,0,136,-161,0,0,100,0,288,224,16,16,0,130,-148,0,0,100,0,352,192,16,32,0,129,-151,0,0,100,0,320,208,16,16,0,123,-185,0,0,100,0,192,224,32,32,0,120,-169,0,0,100,0,224,224,32,32,0,118,-188,0,0,100,0,368,192,16,32,0,90,-195,0,0,100,0,400,192,64,32,0,123,-168,2,0,100,0,256,192,16,16,0,120,-155,0,0,100,0,336,192,16,32,0,121,-155,0,0,100,0,320,192,16,16,0,79,-111,0,0,100,0,144,32,32,32,0,110,-127,0,0,100,0,144,0,32,32,0,44,-133,0,0,100,0,256,112,32,32,0,36,-181,0,0,100,0,352,64,32,48,0,36,-181,0,0,100,0,224,64,32,56,0,46,-114,0,0,100,0,256,144,32,16,0,52,-133,0,0,100,0,288,112,16,32,0,42,-174,0,0,100,0,320,112,48,48,0,54,-139,0,0,100,0,288,144,32,16,0,48,-142,0,0,100,0,256,160,32,32,0,27,-138,0,0,100,0,288,160,32,32,0,27,-124,0,0,100,0,320,160,32,16,0,72,-147,0,0,100,0,256,112,32,32,0,60,-191,0,0,100,0,256,64,32,48,0,60,-191,0,0,100,0,224,64,32,56,0,74,-128,0,0,100,0,256,144,32,16,0,72,-141,0,0,100,0,304,112,16,32,0,35,-128,0,0,100,0,0,208,64,32,0,24,-245,0,0,100,0,0,0,144,208,0,
0,30,134,-158,0,0,100,0,272,208,16,16,0,137,-165,0,0,100,0,288,224,16,16,0,131,-152,0,0,100,0,352,192,16,32,0,130,-155,0,0,100,0,320,208,16,16,0,124,-189,0,0,100,0,192,224,32,32,0,121,-173,0,0,100,0,224,224,32,32,0,119,-192,0,0,100,0,368,192,16,32,0,91,-199,0,0,100,0,400,192,64,32,0,124,-172,2,0,100,0,256,192,16,16,0,121,-159,0,0,100,0,336,192,16,32,0,122,-159,0,0,100,0,320,192,16,16,0,79,-111,0,0,100,0,144,32,32,32,0,110,-127,0,0,100,0,144,0,32,32,0,44,-134,0,0,100,0,256,112,32,32,0,36,-180,0,0,100,0,256,64,32,48,0,36,-180,0,0,100,0,224,64,32,56,0,46,-114,0,0,100,0,256,144,32,16,0,52,-133,0,0,100,0,288,112,16,32,0,42,-173,0,0,100,0,320,112,48,48,0,54,-139,0,0,100,0,288,144,32,16,0,48,-142,0,0,100,0,256,160,32,32,0,27,-138,0,0,100,0,288,160,32,32,0,27,-124,0,0,100,0,320,160,32,16,0,72,-148,0,0,100,0,256,112,32,32,0,60,-190,0,0,100,0,352,64,32,48,0,60,-190,0,0,100,0,224,64,32,56,0,74,-128,0,0,100,0,256,144,32,16,0,72,-141,0,0,100,0,304,112,16,32,0,35,-128,0,0,100,0,0,208,64,32,0,24,-245,0,0,100,0,0,0,144,208,0,
0,30,140,-165,0,0,100,0,272,208,16,16,0,142,-172,0,0,100,0,272,192,16,16,0,133,-157,0,0,100,0,352,192,16,32,0,132,-160,0,0,100,0,320,208,16,16,0,130,-194,0,0,100,0,160,224,32,32,0,123,-178,0,0,100,0,224,224,32,32,0,124,-199,0,0,100,0,368,192,16,32,0,96,-206,0,0,100,0,400,192,64,32,0,127,-179,2,0,100,0,256,192,16,16,0,121,-166,0,0,100,0,336,192,16,32,0,122,-163,0,0,100,0,320,224,16,16,0,79,-111,0,0,100,0,144,32,32,32,0,110,-127,0,0,100,0,176,0,32,32,0,44,-134,0,0,100,0,256,112,32,32,0,36,-179,0,0,100,0,288,64,32,48,0,36,-179,0,0,100,0,224,64,32,56,0,46,-114,0,0,100,0,256,144,32,16,0,52,-133,0,0,100,0,288,112,16,32,0,42,-173,0,0,100,0,320,112,48,48,0,54,-139,0,0,100,0,288,144,32,16,0,48,-142,0,0,100,0,256,160,32,32,0,27,-138,0,0,100,0,288,160,32,32,0,27,-124,0,0,100,0,320,160,32,16,0,72,-148,0,0,100,0,256,112,32,32,0,60,-189,0,0,100,0,320,64,32,48,0,60,-189,0,0,100,0,224,64,32,56,0,74,-128,0,0,100,0,256,144,32,16,0,72,-141,0,0,100,0,304,112,16,32,0,35,-128,0,0,100,0,0,208,64,32,0,24,-245,0,0,100,0,0,0,144,208,0,
0,30,144,-168,0,0,100,0,272,208,16,16,0,146,-175,0,0,100,0,272,192,16,16,0,136,-160,0,0,100,0,352,192,16,32,0,135,-163,0,0,100,0,320,208,16,16,0,136,-198,0,0,100,0,160,224,32,32,0,128,-181,0,0,100,0,256,240,32,32,0,111,-219,0,0,100,0,464,192,48,48,0,100,-225,0,1,40,0,512,192,64,64,0,128,-185,3,0,100,270,272,192,16,16,0,124,-170,0,0,100,0,336,192,16,32,0,125,-167,0,0,100,0,320,224,16,16,0,79,-111,0,0,100,0,144,32,32,32,0,110,-127,0,0,100,0,208,0,32,32,0,44,-133,0,0,100,0,256,112,32,32,0,36,-179,0,0,100,0,320,64,32,48,0,36,-179,0,0,100,0,224,64,32,56,0,46,-114,0,0,100,0,256,144,32,16,0,52,-133,0,0,100,0,288,112,16,32,0,42,-173,0,0,100,0,320,112,48,48,0,54,-139,0,0,100,0,288,144,32,16,0,48,-142,0,0,100,0,256,160,32,32,0,27,-138,0,0,100,0,288,160,32,32,0,27,-124,0,0,100,0,320,160,32,16,0,72,-147,0,0,100,0,256,112,32,32,0,60,-189,0,0,100,0,288,64,32,48,0,60,-189,0,0,100,0,224,64,32,56,0,74,-128,0,0,100,0,256,144,32,16,0,72,-141,0,0,100,0,304,112,16,32,0,35,-128,0,0,100,0,0,208,64,32,0,24,-245,0,0,100,0,0,0,144,208,0,
0,30,146,-172,0,0,100,0,272,208,16,16,0,149,-178,0,0,100,0,288,224,16,16,0,141,-165,0,0,100,0,304,224,16,32,0,140,-166,0,0,100,0,320,208,16,16,0,141,-201,0,0,100,0,160,224,32,32,0,133,-184,0,0,100,0,256,240,32,32,0,120,-222,0,0,100,0,464,192,48,48,0,109,-228,0,1,80,0,512,192,64,64,0,136,-188,3,0,100,270,272,192,16,16,0,129,-174,0,0,100,0,336,192,16,32,0,130,-171,0,0,100,0,320,224,16,16,0,79,-111,0,0,100,0,144,32,32,32,0,110,-127,0,0,100,0,240,0,32,32,0,44,-133,0,0,100,0,256,112,32,32,0,36,-179,0,0,100,0,352,64,32,48,0,36,-179,0,0,100,0,224,64,32,56,0,46,-114,0,0,100,0,256,144,32,16,0,52,-133,0,0,100,0,288,112,16,32,0,42,-172,0,0,100,0,320,112,48,48,0,54,-138,0,0,100,0,288,144,32,16,0,48,-142,0,0,100,0,256,160,32,32,0,27,-138,0,0,100,0,288,160,32,32,0,27,-124,0,0,100,0,320,160,32,16,0,72,-147,0,0,100,0,256,112,32,32,0,60,-189,0,0,100,0,256,64,32,48,0,60,-189,0,0,100,0,224,64,32,56,0,74,-128,0,0,100,0,256,144,32,16,0,72,-141,0,0,100,0,304,112,16,32,0,35,-128,0,0,100,0,0,208,64,32,0,24,-245,0,0,100,0,0,0,144,208,0,
0,32,152,-213,0,1,100,0,192,256,16,16,0,151,-172,0,0,100,0,272,208,16,16,0,155,-179,0,0,100,0,288,224,16,16,0,149,-168,0,0,100,0,304,224,16,32,0,148,-168,0,0,100,0,320,208,16,16,0,149,-202,0,0,100,0,160,224,32,32,0,141,-185,0,0,100,0,256,240,32,32,0,130,-223,0,0,100,0,464,192,48,48,0,119,-229,0,1,100,0,512,192,64,64,0,146,-189,3,0,100,270,272,192,16,16,0,136,-176,0,0,100,0,336,192,16,32,0,137,-173,0,0,100,0,320,224,16,16,0,79,-111,0,0,100,0,144,32,32,32,0,110,-127,0,0,100,0,240,0,32,32,0,50,-155,0,1,100,0,544,64,48,48,0,44,-133,0,0,100,0,256,112,32,32,0,36,-179,0,0,100,0,256,64,32,48,0,36,-179,0,0,100,0,224,64,32,56,0,46,-114,0,0,100,0,256,144,32,16,0,52,-133,0,0,100,0,288,112,16,32,0,42,-172,0,0,100,0,320,112,48,48,0,54,-138,0,0,100,0,288,144,32,16,0,48,-142,0,0,100,0,256,160,32,32,0,27,-138,0,0,100,0,288,160,32,32,0,27,-124,0,0,100,0,320,160,32,16,0,72,-147,0,0,100,0,256,112,32,32,0,60,-189,0,0,100,0,352,64,32,48,0,60,-189,0,0,100,0,224,64,32,56,0,74,-128,0,0,100,0,256,144,32,16,0,72,-141,0,0,100,0,304,112,16,32,0,35,-128,0,0,100,0,0,208,64,32,0,24,-245,0,0,100,0,0,0,144,208,0,
0,33,142,-202,0,1,100,0,176,256,16,16,0,152,-213,0,1,100,0,176,256,16,16,0,152,-173,0,0,100,0,272,208,16,16,0,156,-180,0,0,100,0,288,224,16,16,0,151,-169,0,0,100,0,304,224,16,32,0,150,-169,0,0,100,0,320,208,16,16,0,151,-203,0,0,100,0,160,224,32,32,0,143,-186,0,0,100,0,256,240,32,32,0,132,-224,0,0,100,0,464,192,48,48,0,121,-230,0,1,100,0,512,192,64,64,0,148,-190,3,0,100,270,272,192,16,16,0,138,-177,0,0,100,0,336,192,16,32,0,139,-174,0,0,100,0,320,224,16,16,0,79,-111,0,0,100,0,144,32,32,32,0,110,-127,0,0,100,0,272,0,32,32,0,50,-155,0,1,100,0,496,64,48,48,0,44,-133,0,0,100,0,256,112,32,32,0,36,-179,0,0,100,0,288,64,32,48,0,36,-179,0,0,100,0,224,64,32,56,0,46,-114,0,0,100,0,256,144,32,16,0,52,-133,0,0,100,0,288,112,16,32,0,42,-171,0,0,100,0,320,112,48,48,0,54,-138,0,0,100,0,288,144,32,16,0,48,-142,0,0,100,0,256,160,32,32,0,27,-138,0,0,100,0,288,160,32,32,0,27,-124,0,0,100,0,320,160,32,16,0,72,-147,0,0,100,0,256,112,32,32,0,60,-189,0,0,100,0,320,64,32,48,0,60,-189,0,0,100,0,224,64,32,56,0,74,-128,0,0,100,0,256,144,32,16,0,72,-141,0,0,100,0,304,112,16,32,0,35,-128,0,0,100,0,0,208,64,32,0,24,-245,0,0,100,0,0,0,144,208,0,
0,34,153,-214,0,1,100,0,160,256,16,16,0,142,-202,0,1,100,0,160,256,16,16,0,132,-196,0,1,100,0,192,256,16,16,0,153,-174,0,0,100,0,272,208,16,16,0,157,-181,0,0,100,0,288,224,16,16,0,152,-170,0,0,100,0,304,224,16,32,0,151,-170,0,0,100,0,320,208,16,16,0,152,-204,0,0,100,0,160,224,32,32,0,144,-187,0,0,100,0,256,240,32,32,0,133,-225,0,0,100,0,464,192,48,48,0,122,-231,0,1,100,0,512,192,64,64,0,149,-191,3,0,100,270,272,192,16,16,0,139,-178,0,0,100,0,336,192,16,32,0,140,-175,0,0,100,0,320,224,16,16,0,79,-111,0,0,100,0,144,32,32,32,0,110,-127,0,0,100,0,304,0,32,32,0,50,-155,0,1,100,0,448,64,48,48,0,44,-133,0,0,100,0,256,112,32,32,0,36,-179,0,0,100,0,320,64,32,48,0,36,-179,0,0,100,0,224,64,32,56,0,46,-114,0,0,100,0,256,144,32,16,0,52,-133,0,0,100,0,288,112,16,32,0,42,-171,0,0,100,0,320,112,48,48,0,54,-138,0,0,100,0,288,144,32,16,0,48,-142,0,0,100,0,256,160,32,32,0,27,-138,0,0,100,0,288,160,32,32,0,27,-124,0,0,100,0,320,160,32,16,0,72,-147,0,0,100,0,256,112,32,32,0,60,-189,0,0,100,0,288,64,32,48,0,60,-189,0,0,100,0,224,64,32,56,0,74,-128,0,0,100,0,256,144,32,16,0,72,-141,0,0,100,0,304,112,16,32,0,35,-128,0,0,100,0,0,208,64,32,0,24,-245,0,0,100,0,0,0,144,208,0,
0,34,142,-205,0,1,100,0,144,256,16,16,0,160,-215,0,1,100,0,192,256,16,16,0,132,-196,0,1,100,0,176,256,16,16,0,154,-175,0,0,100,0,272,208,16,16,0,158,-182,0,0,100,0,288,224,16,16,0,153,-171,0,0,100,0,304,224,16,32,0,152,-171,0,0,100,0,320,208,16,16,0,153,-205,0,0,100,0,160,224,32,32,0,145,-188,0,0,100,0,256,240,32,32,0,134,-226,0,0,100,0,464,192,48,48,0,123,-232,0,1,100,0,512,192,64,64,0,150,-192,3,0,100,270,272,192,16,16,0,140,-179,0,0,100,0,336,192,16,32,0,141,-176,0,0,100,0,320,224,16,16,0,79,-111,0,0,100,0,144,32,32,32,0,110,-127,0,0,100,0,144,0,32,32,0,50,-155,0,1,100,0,544,64,48,48,0,44,-133,0,0,100,0,256,112,32,32,0,36,-179,0,0,100,0,352,64,32,48,0,36,-179,0,0,100,0,224,64,32,56,0,46,-114,0,0,100,0,256,144,32,16,0,52,-133,0,0,100,0,288,112,16,32,0,42,-171,0,0,100,0,320,112,48,48,0,54,-138,0,0,100,0,288,144,32,16,0,48,-142,0,0,100,0,256,160,32,32,0,27,-138,0,0,100,0,288,160,32,32,0,27,-124,0,0,100,0,320,160,32,16,0,72,-147,0,0,100,0,256,112,32,32,0,60,-189,0,0,100,0,256,64,32,48,0,60,-189,0,0,100,0,224,64,32,56,0,74,-128,0,0,100,0,256,144,32,16,0,72,-141,0,0,100,0,304,112,16,32,0,35,-128,0,0,100,0,0,208,64,32,0,24,-245,0,0,100,0,0,0,144,208,0,
0,35,1,-237,0,1,100,0,96,480,176,176,0,133,-197,0,1,100,0,160,256,16,16,0,166,-191,0,1,100,0,176,256,16,16,0,160,-215,0,1,100,0,176,256,16,16,0,155,-176,0,0,100,0,272,208,16,16,0,159,-183,0,0,100,0,288,224,16,16,0,154,-171,0,0,100,0,304,224,16,32,0,153,-171,0,0,100,0,320,208,16,16,0,154,-205,0,0,100,0,160,224,32,32,0,146,-188,0,0,100,0,256,240,32,32,0,135,-226,0,0,100,0,464,192,48,48,0,124,-232,0,1,100,0,512,192,64,64,0,151,-192,3,0,100,270,272,192,16,16,0,141,-179,0,0,100,0,336,192,16,32,0,142,-176,0,0,100,0,320,224,16,16,0,79,-111,0,0,100,0,144,32,32,32,0,110,-127,0,0,100,0,144,0,32,32,0,66,-139,0,1,100,0,592,64,16,16,0,44,-133,0,0,100,0,256,112,32,32,0,36,-179,0,0,100,0,256,64,32,48,0,36,-179,0,0,100,0,224,64,32,56,0,46,-114,0,0,100,0,256,144,32,16,0,52,-133,0,0,100,0,288,112,16,32,0,42,-171,0,0,100,0,320,112,48,48,0,54,-138,0,0,100,0,288,144,32,16,0,48,-142,0,0,100,0,256,160,32,32,0,27,-138,0,0,100,0,288,160,32,32,0,27,-124,0,0,100,0,320,160,32,16,0,72,-147,0,0,100,0,256,112,32,32,0,60,-189,0,0,100,0,352,64,32,48,0,60,-189,0,0,100,0,224,64,32,56,0,74,-128,0,0,100,0,256,144,32,16,0,72,-141,0,0,100,0,304,112,16,32,0,35,-128,0,0,100,0,0,208,64,32,0,24,-245,0,0,100,0,0,0,144,208,0,
0,34,154,-222,0,1,100,0,176,256,16,16,0,166,-191,0,1,100,0,160,256,16,16,0,148,-204,0,1,100,0,192,256,16,16,0,156,-176,0,0,100,0,272,208,16,16,0,160,-183,0,0,100,0,288,224,16,16,0,155,-171,0,0,100,0,304,224,16,32,0,154,-171,0,0,100,0,320,208,16,16,0,155,-205,0,0,100,0,160,224,32,32,0,147,-188,0,0,100,0,256,240,32,32,0,136,-226,0,0,100,0,464,192,48,48,0,125,-232,0,1,100,0,512,192,64,64,0,152,-192,3,0,100,270,272,192,16,16,0,142,-179,0,0,100,0,336,192,16,32,0,143,-176,0,0,100,0,320,224,16,16,0,79,-111,0,0,100,0,144,32,32,32,0,110,-127,0,0,100,0,176,0,32,32,0,58,-147,0,1,100,0,608,64,32,32,0,44,-133,0,0,100,0,256,112,32,32,0,36,-179,0,0,100,0,288,64,32,48,0,36,-179,0,0,100,0,224,64,32,56,0,46,-114,0,0,100,0,256,144,32,16,0,52,-133,0,0,100,0,288,112,16,32,0,42,-171,0,0,100,0,320,112,48,48,0,54,-138,0,0,100,0,288,144,32,16,0,48,-142,0,0,100,0,256,160,32,32,0,27,-138,0,0,100,0,288,160,32,32,0,27,-124,0,0,100,0,320,160,32,16,0,72,-147,0,0,100,0,256,112,32,32,0,60,-189,0,0,100,0,320,64,32,48,0,60,-189,0,0,100,0,224,64,32,56,0,74,-128,0,0,100,0,256,144,32,16,0,72,-141,0,0,100,0,304,112,16,32,0,35,-128,0,0,100,0,0,208,64,32,0,24,-245,0,0,100,0,0,0,144,208,0,
0,36,89,-163,2,0,100,0,560,0,32,32,0,121,-189,0,1,100,0,176,256,16,16,0,154,-222,0,1,100,0,160,256,16,16,0,148,-204,0,1,100,0,176,256,16,16,0,136,-192,0,0,100,0,192,192,32,32,0,137,-162,1,0,100,0,272,208,16,16,0,133,-170,1,0,100,0,272,192,16,16,0,155,-168,0,0,100,0,272,208,16,16,0,149,-160,0,0,100,0,352,192,16,32,0,148,-160,0,0,100,0,320,208,16,16,0,140,-159,0,0,100,0,336,192,16,32,0,139,-162,0,0,100,0,320,192,16,16,0,133,-176,1,0,100,0,224,192,32,32,0,153,-175,1,0,100,0,256,192,16,16,0,95,-172,2,0,100,0,400,192,64,32,0,79,-111,0,0,100,0,144,32,32,32,0,110,-127,0,0,100,0,208,0,32,32,0,30,-165,0,1,100,0,96,288,96,96,0,50,-155,0,1,100,0,640,64,48,48,0,44,-133,0,0,100,0,256,112,32,32,0,36,-179,0,0,100,0,320,64,32,48,0,36,-179,0,0,100,0,224,64,32,56,0,46,-114,0,0,100,0,256,144,32,16,0,52,-133,0,0,100,0,288,112,16,32,0,41,-171,0,0,100,0,320,112,48,48,0,53,-138,0,0,100,0,288,144,32,16,0,48,-142,0,0,100,0,256,160,32,32,0,27,-138,0,0,100,0,288,160,32,32,0,27,-124,0,0,100,0,320,160,32,16,0,72,-147,0,0,100,0,256,112,32,32,0,60,-189,0,0,100,0,288,64,32,48,0,60,-189,0,0,100,0,224,64,32,56,0,74,-128,0,0,100,0,256,144,32,16,0,72,-141,0,0,100,0,304,112,16,32,0,35,-128,0,0,100,0,0,208,64,32,0,24,-245,0,0,100,0,0,0,144,208,0,
0,39,87,-255,0,0,100,0,560,256,96,128,0,85,-174,2,0,100,0,592,0,48,48,0,154,-225,0,1,100,0,144,256,16,16,0,149,-205,0,1,100,0,160,256,16,16,0,117,-160,0,1,100,0,176,256,16,16,0,121,-189,0,1,100,0,160,256,16,16,0,132,-184,0,0,100,0,192,192,32,32,0,123,-161,1,0,100,0,288,192,32,32,0,130,-161,1,0,100,0,272,192,16,16,0,151,-161,0,0,100,0,272,208,16,16,0,145,-152,0,0,100,0,352,192,16,32,0,144,-152,0,0,100,0,320,208,16,16,0,136,-150,0,0,100,0,336,192,16,32,0,135,-153,0,0,100,0,320,192,16,16,0,129,-168,1,0,100,0,224,192,32,32,0,149,-168,1,0,100,0,256,192,16,16,0,83,-166,2,0,100,0,400,192,64,32,0,79,-111,0,0,100,0,144,32,32,32,0,110,-127,0,0,100,0,240,0,32,32,0,42,-164,0,1,100,0,688,64,64,64,0,43,-133,0,0,100,0,256,112,32,32,0,63,-139,0,1,100,0,432,176,16,16,0,68,-154,0,1,100,0,400,160,32,32,0,35,-179,0,0,100,0,352,64,32,48,0,35,-179,0,0,100,0,224,64,32,56,0,46,-114,0,0,100,0,256,144,32,16,0,52,-133,0,0,100,0,288,112,16,32,0,41,-171,0,0,100,0,320,112,48,48,0,52,-138,0,0,100,0,288,144,32,16,0,48,-142,0,0,100,0,256,160,32,32,0,27,-138,0,0,100,0,288,160,32,32,0,27,-124,0,0,100,0,320,160,32,16,0,71,-147,0,0,100,0,256,112,32,32,0,59,-189,0,0,100,0,256,64,32,48,0,59,-189,0,0,100,0,224,64,32,56,0,74,-128,0,0,100,0,256,144,32,16,0,72,-141,0,0,100,0,304,112,16,32,0,35,-128,0,0,100,0,0,208,64,32,0,24,-245,0,0,100,0,0,0,144,208,0,
0,38,1,-144,0,0,100,0,512,384,96,112,0,87,-255,0,0,100,0,656,256,96,128,0,46,-176,0,1,100,0,96,288,96,96,0,121,-192,0,1,100,0,144,256,16,16,0,117,-160,0,1,100,0,160,256,16,16,0,132,-182,0,0,100,0,192,192,32,32,0,123,-159,1,0,100,0,288,192,32,32,0,130,-159,1,0,100,0,272,192,16,16,0,151,-159,0,0,100,0,272,208,16,16,0,145,-150,0,0,100,0,352,192,16,32,0,144,-150,0,0,100,0,320,208,16,16,0,136,-148,0,0,100,0,336,192,16,32,0,135,-151,0,0,100,0,320,192,16,16,0,129,-166,1,0,100,0,224,192,32,32,0,149,-166,1,0,100,0,256,192,16,16,0,92,-184,2,0,100,0,640,0,48,64,0,85,-167,2,0,100,0,400,192,64,32,0,79,-111,0,0,100,0,144,32,32,32,0,110,-127,0,0,100,0,240,0,32,32,0,63,-139,0,1,100,0,432,160,16,16,0,68,-154,0,1,100,0,400,160,32,32,0,43,-133,0,0,100,0,256,112,32,32,0,36,-179,0,0,100,0,256,64,32,48,0,36,-179,0,0,100,0,224,64,32,56,0,46,-114,0,0,100,0,256,144,32,16,0,52,-133,0,0,100,0,288,112,16,32,0,42,-171,0,0,100,0,320,112,48,48,0,54,-138,0,0,100,0,288,144,32,16,0,48,-142,0,0,100,0,256,160,32,32,0,27,-138,0,0,100,0,288,160,32,32,0,27,-124,0,0,100,0,320,160,32,16,0,71,-147,0,0,100,0,256,112,32,32,0,60,-189,0,0,100,0,352,64,32,48,0,60,-189,0,0,100,0,224,64,32,56,0,74,-128,0,0,100,0,256,144,32,16,0,72,-141,0,0,100,0,304,112,16,32,0,35,-128,0,0,100,0,0,208,64,32,0,24,-245,0,0,100,0,0,0,144,208,0,
0,36,79,-144,0,0,100,0,608,384,112,64,0,1,-144,0,0,100,0,512,496,96,112,0,75,-255,0,0,100,0,752,256,112,128,0,132,-181,0,0,100,0,192,192,32,32,0,123,-158,1,0,100,0,288,192,32,32,0,130,-158,1,0,100,0,272,192,16,16,0,151,-158,0,0,100,0,272,208,16,16,0,145,-149,0,0,100,0,352,192,16,32,0,144,-149,0,0,100,0,320,208,16,16,0,136,-147,0,0,100,0,336,192,16,32,0,135,-150,0,0,100,0,320,192,16,16,0,129,-165,1,0,100,0,224,192,32,32,0,149,-165,1,0,100,0,256,192,16,16,0,87,-194,2,0,100,0,752,0,64,80,0,83,-166,2,0,100,0,400,192,64,32,0,79,-111,0,0,100,0,144,32,32,32,0,110,-127,0,0,100,0,272,0,32,32,0,63,-139,0,1,100,0,432,176,16,16,0,68,-154,0,1,100,0,400,160,32,32,0,44,-133,0,0,100,0,256,112,32,32,0,36,-179,0,0,100,0,288,64,32,48,0,36,-179,0,0,100,0,224,64,32,56,0,46,-114,0,0,100,0,256,144,32,16,0,52,-133,0,0,100,0,288,112,16,32,0,42,-172,0,0,100,0,320,112,48,48,0,54,-138,0,0,100,0,288,144,32,16,0,48,-142,0,0,100,0,256,160,32,32,0,27,-138,0,0,100,0,288,160,32,32,0,27,-124,0,0,100,0,320,160,32,16,0,72,-147,0,0,100,0,256,112,32,32,0,60,-189,0,0,100,0,320,64,32,48,0,60,-189,0,0,100,0,224,64,32,56,0,74,-128,0,0,100,0,256,144,32,16,0,72,-141,0,0,100,0,304,112,16,32,0,35,-128,0,0,100,0,0,208,64,32,0,24,-245,0,0,100,0,0,0,144,208,0,
0,39,79,-234,0,1,100,0,864,768,112,96,0,53,-255,0,0,100,0,416,256,48,128,0,79,-144,0,0,100,0,720,384,112,80,0,1,-144,0,0,100,0,608,496,96,96,0,75,-255,0,0,50,0,752,256,112,128,0,40,-202,3,1,100,0,96,288,96,96,0,132,-182,0,0,100,0,192,192,32,32,0,123,-159,1,0,100,0,288,192,32,32,0,130,-159,1,0,100,0,272,192,16,16,0,151,-159,0,0,100,0,272,208,16,16,0,145,-150,0,0,100,0,352,192,16,32,0,144,-150,0,0,100,0,320,208,16,16,0,136,-148,0,0,100,0,336,192,16,32,0,135,-151,0,0,100,0,320,192,16,16,0,129,-166,1,0,100,0,224,192,32,32,0,149,-166,1,0,100,0,256,192,16,16,0,93,-197,2,0,50,0,752,0,64,80,0,85,-167,2,0,100,0,400,192,64,32,0,79,-111,0,0,100,0,144,32,32,32,0,110,-127,0,0,100,0,304,0,32,32,0,63,-139,0,1,100,0,432,160,16,16,0,68,-154,0,1,100,0,400,160,32,32,0,44,-133,0,0,100,0,256,112,32,32,0,36,-179,0,0,100,0,320,64,32,48,0,36,-179,0,0,100,0,224,64,32,56,0,46,-114,0,0,100,0,256,144,32,16,0,52,-133,0,0,100,0,288,112,16,32,0,42,-172,0,0,100,0,320,112,48,48,0,54,-138,0,0,100,0,288,144,32,16,0,48,-142,0,0,100,0,256,160,32,32,0,27,-138,0,0,100,0,288,160,32,32,0,27,-124,0,0,100,0,320,160,32,16,0,72,-147,0,0,100,0,256,112,32,32,0,60,-189,0,0,100,0,288,64,32,48,0,60,-189,0,0,100,0,224,64,32,56,0,74,-128,0,0,100,0,256,144,32,16,0,72,-141,0,0,100,0,304,112,16,32,0,35,-128,0,0,100,0,0,208,64,32,0,24,-245,0,0,100,0,0,0,144,208,0,
0,36,95,-223,0,1,100,0,768,784,96,80,0,53,-255,0,0,100,0,464,256,48,128,0,95,-137,0,0,100,0,736,464,96,64,0,1,-144,0,0,50,0,608,496,96,96,0,131,-183,0,0,100,0,192,192,32,32,0,122,-160,1,0,100,0,288,192,32,32,0,129,-160,1,0,100,0,272,192,16,16,0,150,-160,0,0,100,0,272,208,16,16,0,144,-151,0,0,100,0,352,192,16,32,0,143,-151,0,0,100,0,320,208,16,16,0,135,-149,0,0,100,0,336,192,16,32,0,134,-152,0,0,100,0,320,192,16,16,0,128,-167,1,0,100,0,224,192,32,32,0,148,-167,1,0,100,0,256,192,16,16,0,83,-166,2,0,100,0,400,192,64,32,0,79,-111,0,0,100,0,144,32,32,32,0,110,-127,0,0,100,0,144,0,32,32,0,63,-139,0,1,100,0,432,176,16,16,0,68,-154,0,1,100,0,400,160,32,32,0,44,-133,0,0,100,0,256,112,32,32,0,36,-179,0,0,100,0,352,64,32,48,0,36,-179,0,0,100,0,224,64,32,56,0,46,-114,0,0,100,0,256,144,32,16,0,52,-133,0,0,100,0,288,112,16,32,0,42,-172,0,0,100,0,320,112,48,48,0,54,-138,0,0,100,0,288,144,32,16,0,48,-142,0,0,100,0,256,160,32,32,0,27,-138,0,0,100,0,288,160,32,32,0,27,-124,0,0,100,0,320,160,32,16,0,72,-147,0,0,100,0,256,112,32,32,0,60,-189,0,0,100,0,256,64,32,48,0,60,-189,0,0,100,0,224,64,32,56,0,74,-128,0,0,100,0,256,144,32,16,0,72,-141,0,0,100,0,304,112,16,32,0,35,-128,0,0,100,0,0,208,64,32,0,24,-245,0,0,100,0,0,0,144,208,0,
0,35,53,-255,0,0,100,0,512,256,48,128,0,95,-137,0,0,50,0,736,464,96,64,0,55,-193,0,1,100,90,96,288,96,96,0,130,-184,0,0,100,0,192,192,32,32,0,121,-161,1,0,100,0,288,192,32,32,0,128,-161,1,0,100,0,272,192,16,16,0,149,-161,0,0,100,0,272,208,16,16,0,143,-152,0,0,100,0,352,192,16,32,0,142,-152,0,0,100,0,320,208,16,16,0,134,-150,0,0,100,0,336,192,16,32,0,133,-153,0,0,100,0,320,192,16,16,0,127,-168,1,0,100,0,224,192,32,32,0,147,-168,1,0,100,0,256,192,16,16,0,85,-167,2,0,100,0,400,192,64,32,0,63,-139,0,1,100,0,432,160,16,16,0,68,-154,0,1,100,0,400,160,32,32,0,79,-111,0,0,100,0,144,32,32,32,0,110,-127,0,0,100,0,144,0,32,32,0,44,-133,0,0,100,0,256,112,32,32,0,36,-179,0,0,100,0,256,64,32,48,0,36,-179,0,0,100,0,224,64,32,56,0,46,-114,0,0,100,0,256,144,32,16,0,52,-133,0,0,100,0,288,112,16,32,0,42,-172,0,0,100,0,320,112,48,48,0,54,-138,0,0,100,0,288,144,32,16,0,48,-142,0,0,100,0,256,160,32,32,0,27,-138,0,0,100,0,288,160,32,32,0,27,-124,0,0,100,0,320,160,32,16,0,72,-147,0,0,100,0,256,112,32,32,0,60,-189,0,0,100,0,352,64,32,48,0,60,-189,0,0,100,0,224,64,32,56,0,74,-128,0,0,100,0,256,144,32,16,0,72,-141,0,0,100,0,304,112,16,32,0,35,-128,0,0,100,0,0,208,64,32,0,24,-245,0,0,100,0,0,0,144,208,0,
0,36,86,-143,0,1,100,0,848,640,64,112,0,79,-201,2,0,100,0,608,384,112,64,0,1,-215,0,0,100,0,416,384,96,80,0,53,-255,0,0,50,0,512,256,48,128,0,129,-185,0,0,100,0,192,192,32,32,0,120,-162,1,0,100,0,288,192,32,32,0,127,-162,1,0,100,0,272,192,16,16,0,148,-162,0,0,100,0,272,208,16,16,0,142,-153,0,0,100,0,352,192,16,32,0,141,-153,0,0,100,0,320,208,16,16,0,133,-151,0,0,100,0,336,192,16,32,0,132,-154,0,0,100,0,320,192,16,16,0,126,-169,1,0,100,0,224,192,32,32,0,146,-169,1,0,100,0,256,192,16,16,0,83,-166,2,0,100,0,400,192,64,32,0,63,-139,0,1,100,0,432,176,16,16,0,68,-154,0,1,100,0,400,160,32,32,0,79,-111,0,0,100,0,144,32,32,32,0,110,-127,0,0,100,0,176,0,32,32,0,44,-133,0,0,100,0,256,112,32,32,0,36,-179,0,0,100,0,288,64,32,48,0,36,-179,0,0,100,0,224,64,32,56,0,46,-114,0,0,100,0,256,144,32,16,0,52,-133,0,0,100,0,288,112,16,32,0,42,-172,0,0,100,0,320,112,48,48,0,54,-138,0,0,100,0,288,144,32,16,0,48,-142,0,0,100,0,256,160,32,32,0,27,-138,0,0,100,0,288,160,32,32,0,27,-124,0,0,100,0,320,160,32,16,0,72,-147,0,0,100,0,256,112,32,32,0,60,-189,0,0,100,0,320,64,32,48,0,60,-189,0,0,100,0,224,64,32,56,0,74,-128,0,0,100,0,256,144,32,16,0,72,-141,0,0,100,0,304,112,16,32,0,35,-128,0,0,100,0,0,208,64,32,0,24,-245,0,0,100,0,0,0,144,208,0,
0,37,88,-145,0,1,100,0,768,640,80,144,0,47,-129,2,0,100,0,416,256,48,128,0,79,-217,2,0,100,0,720,384,112,80,0,1,-215,0,0,100,0,416,464,96,80,0,30,-184,0,1,100,270,96,288,96,96,0,128,-186,0,0,100,0,192,192,32,32,0,119,-163,1,0,100,0,288,192,32,32,0,126,-163,1,0,100,0,272,192,16,16,0,147,-163,0,0,100,0,272,208,16,16,0,141,-154,0,0,100,0,352,192,16,32,0,140,-154,0,0,100,0,320,208,16,16,0,132,-152,0,0,100,0,336,192,16,32,0,131,-155,0,0,100,0,320,192,16,16,0,125,-170,1,0,100,0,224,192,32,32,0,145,-170,1,0,100,0,256,192,16,16,0,85,-167,2,0,100,0,400,192,64,32,0,63,-139,0,1,100,0,432,160,16,16,0,68,-154,0,1,100,0,400,160,32,32,0,79,-111,0,0,100,0,144,32,32,32,0,110,-127,0,0,100,0,208,0,32,32,0,44,-133,0,0,100,0,256,112,32,32,0,36,-179,0,0,100,0,320,64,32,48,0,36,-179,0,0,100,0,224,64,32,56,0,46,-114,0,0,100,0,256,144,32,16,0,52,-133,0,0,100,0,288,112,16,32,0,42,-172,0,0,100,0,320,112,48,48,0,54,-138,0,0,100,0,288,144,32,16,0,48,-142,0,0,100,0,256,160,32,32,0,27,-138,0,0,100,0,288,160,32,32,0,27,-124,0,0,100,0,320,160,32,16,0,72,-147,0,0,100,0,256,112,32,32,0,60,-189,0,0,100,0,288,64,32,48,0,60,-189,0,0,100,0,224,64,32,56,0,74,-128,0,0,100,0,256,144,32,16,0,72,-141,0,0,100,0,304,112,16,32,0,35,-128,0,0,100,0,0,208,64,32,0,24,-245,0,0,100,0,0,0,144,208,0,
0,35,47,-129,2,0,100,0,464,256,48,128,0,95,-208,2,0,100,0,736,464,96,64,0,1,-215,0,0,100,0,416,544,96,80,0,127,-187,0,0,100,0,192,192,32,32,0,118,-164,1,0,100,0,288,192,32,32,0,125,-164,1,0,100,0,272,192,16,16,0,146,-164,0,0,100,0,272,208,16,16,0,140,-155,0,0,100,0,352,192,16,32,0,139,-155,0,0,100,0,320,208,16,16,0,131,-153,0,0,100,0,336,192,16,32,0,130,-156,0,0,100,0,320,192,16,16,0,124,-171,1,0,100,0,224,192,32,32,0,144,-171,1,0,100,0,256,192,16,16,0,83,-166,2,0,100,0,400,192,64,32,0,79,-111,0,0,100,0,144,32,32,32,0,110,-127,0,0,100,0,240,0,32,32,0,44,-133,0,0,100,0,256,112,32,32,0,63,-139,0,1,100,0,432,176,16,16,0,68,-154,0,1,100,0,400,160,32,32,0,36,-179,0,0,100,0,352,64,32,48,0,36,-179,0,0,100,0,224,64,32,56,0,46,-114,0,0,100,0,256,144,32,16,0,52,-133,0,0,100,0,288,112,16,32,0,42,-172,0,0,100,0,320,112,48,48,0,53,-138,0,0,100,0,288,144,32,16,0,48,-142,0,0,100,0,256,160,32,32,0,27,-138,0,0,100,0,288,160,32,32,0,27,-124,0,0,100,0,320,160,32,16,0,72,-147,0,0,100,0,256,112,32,32,0,60,-189,0,0,100,0,256,64,32,48,0,60,-189,0,0,100,0,224,64,32,56,0,74,-128,0,0,100,0,256,144,32,16,0,72,-141,0,0,100,0,304,112,16,32,0,35,-128,0,0,100,0,0,208,64,32,0,24,-245,0,0,100,0,0,0,144,208,0,
0,37,47,-129,2,0,100,0,512,256,48,128,0,95,-208,2,0,50,0,736,464,96,64,0,1,-215,0,0,50,0,416,544,96,80,0,39,-200,0,1,100,-180,96,288,96,96,0,89,-215,0,0,100,0,304,256,96,96,0,126,-188,0,0,100,0,192,192,32,32,0,117,-165,1,0,100,0,288,192,32,32,0,124,-165,1,0,100,0,272,192,16,16,0,145,-165,0,0,100,0,272,208,16,16,0,139,-156,0,0,100,0,352,192,16,32,0,138,-156,0,0,100,0,320,208,16,16,0,130,-154,0,0,100,0,336,192,16,32,0,129,-157,0,0,100,0,320,192,16,16,0,123,-172,1,0,100,0,224,192,32,32,0,143,-172,1,0,100,0,256,192,16,16,0,85,-167,2,0,100,0,400,192,64,32,0,79,-111,0,0,100,0,144,32,32,32,0,110,-127,0,0,100,0,240,0,32,32,0,63,-139,0,1,100,0,432,160,16,16,0,68,-154,0,1,100,0,400,160,32,32,0,44,-133,0,0,100,0,256,112,32,32,0,36,-179,0,0,100,0,256,64,32,48,0,36,-179,0,0,100,0,224,64,32,56,0,46,-114,0,0,100,0,256,144,32,16,0,52,-133,0,0,100,0,288,112,16,32,0,42,-172,0,0,100,0,320,112,48,48,0,54,-138,0,0,100,0,288,144,32,16,0,48,-142,0,0,100,0,256,160,32,32,0,27,-138,0,0,100,0,288,160,32,32,0,27,-124,0,0,100,0,320,160,32,16,0,72,-147,0,0,100,0,256,112,32,32,0,60,-189,0,0,100,0,352,64,32,48,0,60,-189,0,0,100,0,224,64,32,56,0,74,-128,0,0,100,0,256,144,32,16,0,72,-141,0,0,100,0,304,112,16,32,0,35,-128,0,0,100,0,0,208,64,32,0,24,-245,0,0,100,0,0,0,144,208,0,
0,35,1,-219,1,1,100,0,864,768,112,96,0,47,-129,2,0,50,0,512,256,48,128,0,87,-215,0,0,100,0,304,352,96,96,0,125,-188,0,0,100,0,192,192,32,32,0,116,-165,1,0,100,0,288,192,32,32,0,123,-165,1,0,100,0,272,192,16,16,0,144,-165,0,0,100,0,272,208,16,16,0,138,-156,0,0,100,0,352,192,16,32,0,137,-156,0,0,100,0,320,208,16,16,0,129,-154,0,0,100,0,336,192,16,32,0,128,-157,0,0,100,0,320,192,16,16,0,122,-172,1,0,100,0,224,192,32,32,0,142,-172,1,0,100,0,256,192,16,16,0,83,-166,2,0,100,0,400,192,64,32,0,79,-111,0,0,100,0,144,32,32,32,0,110,-127,0,0,100,0,272,0,32,32,0,63,-139,0,1,100,0,432,176,16,16,0,68,-154,0,1,100,0,400,160,32,32,0,44,-133,0,0,100,0,256,112,32,32,0,36,-179,0,0,100,0,288,64,32,48,0,36,-179,0,0,100,0,224,64,32,56,0,46,-114,0,0,100,0,256,144,32,16,0,52,-133,0,0,100,0,288,112,16,32,0,42,-172,0,0,100,0,320,112,48,48,0,54,-138,0,0,100,0,288,144,32,16,0,48,-142,0,0,100,0,256,160,32,32,0,27,-138,0,0,100,0,288,160,32,32,0,27,-124,0,0,100,0,320,160,32,16,0,72,-147,0,0,100,0,256,112,32,32,0,60,-189,0,0,100,0,320,64,32,48,0,60,-189,0,0,100,0,224,64,32,56,0,74,-128,0,0,100,0,256,144,32,16,0,72,-141,0,0,100,0,304,112,16,32,0,35,-128,0,0,100,0,0,208,64,32,0,24,-245,0,0,100,0,0,0,144,208,0,
0,34,1,-217,1,1,100,0,768,784,96,80,0,78,-206,0,0,100,0,304,448,112,80,0,124,-188,0,0,100,0,192,192,32,32,0,115,-166,1,0,100,0,288,192,32,32,0,122,-166,1,0,100,0,272,192,16,16,0,143,-164,0,0,100,0,272,208,16,16,0,137,-154,0,0,100,0,352,192,16,32,0,136,-155,0,0,100,0,320,208,16,16,0,128,-154,0,0,100,0,336,192,16,32,0,127,-157,0,0,100,0,320,192,16,16,0,121,-172,1,0,100,0,224,192,32,32,0,141,-171,1,0,100,0,256,192,16,16,0,85,-167,2,0,100,0,400,192,64,32,0,79,-111,0,0,100,0,144,32,32,32,0,110,-127,0,0,100,0,304,0,32,32,0,63,-139,0,1,100,0,432,160,16,16,0,68,-154,0,1,100,0,400,160,32,32,0,44,-133,0,0,100,0,256,112,32,32,0,36,-179,0,0,100,0,320,64,32,48,0,36,-179,0,0,100,0,224,64,32,56,0,46,-114,0,0,100,0,256,144,32,16,0,52,-133,0,0,100,0,288,112,16,32,0,42,-172,0,0,100,0,320,112,48,48,0,54,-138,0,0,100,0,288,144,32,16,0,48,-142,0,0,100,0,256,160,32,32,0,27,-138,0,0,100,0,288,160,32,32,0,27,-124,0,0,100,0,320,160,32,16,0,72,-147,0,0,100,0,256,112,32,32,0,60,-189,0,0,100,0,288,64,32,48,0,60,-189,0,0,100,0,224,64,32,56,0,74,-128,0,0,100,0,256,144,32,16,0,72,-141,0,0,100,0,304,112,16,32,0,35,-128,0,0,100,0,0,208,64,32,0,24,-245,0,0,100,0,0,0,144,208,0,
0,33,68,-177,0,0,100,0,304,528,112,48,0,135,-166,0,0,100,0,288,192,32,32,0,140,-165,0,0,100,0,272,192,16,16,0,133,-150,0,0,100,0,352,192,16,32,0,132,-152,0,0,100,0,320,208,16,16,0,124,-187,0,0,100,0,192,160,32,32,0,122,-170,0,0,100,0,224,192,32,32,0,115,-161,0,0,100,0,256,208,16,16,0,122,-171,0,0,100,0,256,192,16,16,0,122,-155,0,0,100,0,336,192,16,32,0,123,-155,0,0,100,0,320,192,16,16,0,61,-156,2,0,100,0,400,224,64,32,0,79,-111,0,0,100,0,144,32,32,32,0,110,-127,0,0,100,0,144,0,32,32,0,63,-139,0,1,100,0,432,176,16,16,0,68,-154,0,1,100,0,400,160,32,32,0,44,-133,0,0,100,0,256,112,32,32,0,36,-179,0,0,100,0,352,64,32,48,0,36,-179,0,0,100,0,224,64,32,56,0,46,-114,0,0,100,0,256,144,32,16,0,52,-133,0,0,100,0,288,112,16,32,0,42,-172,0,0,100,0,320,112,48,48,0,54,-138,0,0,100,0,288,144,32,16,0,48,-142,0,0,100,0,256,160,32,32,0,27,-138,0,0,100,0,288,160,32,32,0,27,-124,0,0,100,0,320,160,32,16,0,72,-147,0,0,100,0,256,112,32,32,0,60,-189,0,0,100,0,256,64,32,48,0,60,-189,0,0,100,0,224,64,32,56,0,74,-128,0,0,100,0,256,144,32,16,0,72,-141,0,0,100,0,304,112,16,32,0,35,-128,0,0,100,0,0,208,64,32,0,24,-245,0,0,100,0,0,0,144,208,0,
0,30,132,-164,0,0,100,0,288,192,32,32,0,138,-164,0,0,100,0,272,192,16,16,0,131,-148,0,0,100,0,352,192,16,32,0,130,-150,0,0,100,0,320,208,16,16,0,122,-185,0,0,100,0,192,160,32,32,0,120,-168,0,0,100,0,224,192,32,32,0,113,-159,0,0,100,0,256,208,16,16,0,120,-170,0,0,100,0,256,192,16,16,0,120,-153,0,0,100,0,336,192,16,32,0,121,-153,0,0,100,0,320,192,16,16,0,79,-111,0,0,100,0,144,32,32,32,0,110,-127,0,0,100,0,144,0,32,32,0,58,-163,0,1,100,0,608,64,32,32,0,14,-190,0,1,80,0,0,240,96,96,0,42,-136,0,0,100,0,256,112,32,32,0,27,-175,0,0,100,0,224,128,32,64,0,44,-116,0,0,100,0,256,144,32,16,0,51,-133,0,0,100,0,288,112,16,32,0,70,-207,0,0,100,0,688,0,64,64,0,37,-172,0,0,100,0,416,112,48,48,0,53,-139,0,0,100,0,288,144,32,16,0,47,-142,0,0,100,0,256,160,32,32,0,26,-138,0,0,100,0,288,160,32,32,0,26,-124,0,0,100,0,320,160,32,16,0,70,-150,0,0,100,0,256,112,32,32,0,55,-186,0,0,100,0,224,128,32,64,0,72,-130,0,0,100,0,256,144,32,16,0,71,-141,0,0,100,0,304,112,16,32,0,33,-128,0,0,50,0,0,208,64,32,0,24,-245,0,0,100,0,0,0,144,208,0,
0,29,132,-161,0,0,100,0,288,192,32,32,0,138,-161,0,0,100,0,272,192,16,16,0,131,-146,0,0,100,0,352,192,16,32,0,130,-148,0,0,100,0,320,208,16,16,0,122,-183,0,0,100,0,192,160,32,32,0,120,-166,0,0,100,0,224,192,32,32,0,113,-157,0,0,100,0,256,208,16,16,0,120,-168,0,0,100,0,256,192,16,16,0,120,-152,0,0,100,0,336,192,16,32,0,121,-152,0,0,100,0,320,192,16,16,0,79,-111,0,0,100,0,144,32,32,32,0,110,-127,0,0,100,0,176,0,32,32,0,50,-171,0,1,100,0,640,64,48,48,0,43,-136,0,0,100,0,256,112,32,32,0,28,-175,0,0,100,0,224,128,32,64,0,45,-116,0,0,100,0,256,144,32,16,0,52,-133,0,0,100,0,288,112,16,32,0,71,-207,0,0,100,0,688,0,64,64,0,38,-172,0,0,100,0,416,112,48,48,0,54,-139,0,0,100,0,288,144,32,16,0,48,-142,0,0,100,0,256,160,32,32,0,27,-138,0,0,100,0,288,160,32,32,0,27,-124,0,0,100,0,320,160,32,16,0,71,-150,0,0,100,0,256,112,32,32,0,56,-186,0,0,100,0,224,128,32,64,0,73,-130,0,0,100,0,256,144,32,16,0,72,-141,0,0,100,0,304,112,16,32,0,35,-128,0,0,100,0,0,208,64,32,0,24,-245,0,0,100,0,0,0,144,208,0,
0,29,131,-160,0,0,100,0,288,192,32,32,0,138,-160,0,0,100,0,272,192,16,16,0,131,-144,0,0,100,0,352,192,16,32,0,130,-147,0,0,100,0,320,208,16,16,0,122,-182,0,0,100,0,192,160,32,32,0,120,-165,0,0,100,0,224,192,32,32,0,114,-156,0,0,100,0,256,208,16,16,0,120,-167,0,0,100,0,256,192,16,16,0,120,-151,0,0,100,0,336,192,16,32,0,121,-151,0,0,100,0,320,192,16,16,0,79,-111,0,0,100,0,144,32,32,32,0,110,-127,0,0,100,0,208,0,32,32,0,42,-181,0,1,100,0,688,64,64,64,0,42,-136,0,0,100,0,256,112,32,32,0,27,-175,0,0,100,0,224,128,32,64,0,44,-116,0,0,100,0,256,144,32,16,0,51,-133,0,0,100,0,288,112,16,32,0,70,-207,0,0,100,0,688,0,64,64,0,37,-172,0,0,100,0,416,112,48,48,0,53,-139,0,0,100,0,288,144,32,16,0,47,-142,0,0,100,0,256,160,32,32,0,26,-138,0,0,100,0,288,160,32,32,0,26,-124,0,0,100,0,320,160,32,16,0,70,-150,0,0,100,0,256,112,32,32,0,55,-186,0,0,100,0,224,128,32,64,0,72,-130,0,0,100,0,256,144,32,16,0,71,-141,0,0,100,0,304,112,16,32,0,33,-128,0,0,100,0,0,208,64,32,0,24,-245,0,0,100,0,0,0,144,208,0,
0,28,131,-159,0,0,100,0,288,192,32,32,0,138,-159,0,0,100,0,272,192,16,16,0,131,-143,0,0,100,0,352,192,16,32,0,130,-146,0,0,100,0,320,208,16,16,0,122,-181,0,0,100,0,192,160,32,32,0,120,-164,0,0,100,0,224,192,32,32,0,114,-155,0,0,100,0,256,208,16,16,0,120,-166,0,0,100,0,256,192,16,16,0,120,-150,0,0,100,0,336,192,16,32,0,121,-150,0,0,100,0,320,192,16,16,0,79,-111,0,0,100,0,144,32,32,32,0,110,-127,0,0,100,0,240,0,32,32,0,43,-136,0,0,100,0,256,112,32,32,0,28,-175,0,0,100,0,224,128,32,64,0,45,-116,0,0,100,0,256,144,32,16,0,52,-133,0,0,100,0,288,112,16,32,0,71,-207,0,0,100,0,688,0,64,64,0,38,-172,0,0,100,0,416,112,48,48,0,54,-139,0,0,100,0,288,144,32,16,0,48,-142,0,0,100,0,256,160,32,32,0,27,-138,0,0,100,0,288,160,32,32,0,27,-124,0,0,100,0,320,160,32,16,0,71,-150,0,0,100,0,256,112,32,32,0,56,-186,0,0,100,0,224,128,32,64,0,73,-130,0,0,100,0,256,144,32,16,0,72,-141,0,0,100,0,304,112,16,32,0,35,-128,0,0,100,0,0,208,64,32,0,24,-245,0,0,100,0,0,0,144,208,0,
0,29,131,-160,0,0,100,0,288,192,32,32,0,138,-160,0,0,100,0,272,192,16,16,0,131,-144,0,0,100,0,352,192,16,32,0,130,-147,0,0,100,0,320,208,16,16,0,122,-182,0,0,100,0,192,160,32,32,0,120,-165,0,0,100,0,224,192,32,32,0,114,-156,0,0,100,0,256,208,16,16,0,120,-167,0,0,100,0,256,192,16,16,0,120,-150,0,0,100,0,336,192,16,32,0,121,-150,0,0,100,0,320,192,16,16,0,79,-111,0,0,100,0,144,32,32,32,0,110,-127,0,0,100,0,240,0,32,32,0,14,-190,0,1,50,0,0,240,96,96,0,42,-136,0,0,100,0,256,112,32,32,0,27,-175,0,0,100,0,224,128,32,64,0,44,-116,0,0,100,0,256,144,32,16,0,51,-133,0,0,100,0,288,112,16,32,0,70,-207,0,0,100,0,688,0,64,64,0,37,-172,0,0,100,0,416,112,48,48,0,53,-139,0,0,100,0,288,144,32,16,0,47,-142,0,0,100,0,256,160,32,32,0,26,-138,0,0,100,0,288,160,32,32,0,26,-124,0,0,100,0,320,160,32,16,0,70,-150,0,0,100,0,256,112,32,32,0,55,-186,0,0,100,0,224,128,32,64,0,72,-130,0,0,100,0,256,144,32,16,0,71,-141,0,0,100,0,304,112,16,32,0,33,-128,0,0,60,0,0,208,64,32,0,24,-245,0,0,100,0,0,0,144,208,0,
0,31,20,-107,0,1,100,0,96,272,16,16,0,44,-198,0,1,100,0,96,240,16,16,0,131,-161,0,0,100,0,288,192,32,32,0,138,-161,0,0,100,0,272,192,16,16,0,131,-146,0,0,100,0,352,192,16,32,0,130,-148,0,0,100,0,320,208,16,16,0,122,-183,0,0,100,0,192,160,32,32,0,120,-166,0,0,100,0,224,192,32,32,0,114,-157,0,0,100,0,256,208,16,16,0,120,-168,0,0,100,0,256,192,16,16,0,120,-151,0,0,100,0,336,192,16,32,0,121,-151,0,0,100,0,320,192,16,16,0,79,-111,0,0,100,0,144,32,32,32,0,110,-127,0,0,100,0,272,0,32,32,0,14,-190,0,1,100,0,0,336,96,96,0,43,-136,0,0,100,0,256,112,32,32,0,28,-175,0,0,100,0,224,128,32,64,0,45,-116,0,0,100,0,256,144,32,16,0,52,-133,0,0,100,0,288,112,16,32,0,71,-207,0,0,100,0,688,0,64,64,0,38,-172,0,0,100,0,416,112,48,48,0,54,-139,0,0,100,0,288,144,32,16,0,48,-142,0,0,100,0,256,160,32,32,0,27,-138,0,0,100,0,288,160,32,32,0,27,-124,0,0,100,0,320,160,32,16,0,71,-150,0,0,100,0,256,112,32,32,0,56,-186,0,0,100,0,224,128,32,64,0,73,-130,0,0,100,0,256,144,32,16,0,72,-141,0,0,100,0,304,112,16,32,0,35,-128,0,0,100,0,0,208,64,32,0,24,-245,0,0,100,0,0,0,144,208,0,
0,30,9,-140,0,1,100,0,96,256,16,16,0,131,-163,0,0,100,0,288,192,32,32,0,138,-162,0,0,100,0,272,192,16,16,0,131,-147,0,0,100,0,352,192,16,32,0,130,-150,0,0,100,0,320,208,16,16,0,122,-184,0,0,100,0,192,160,32,32,0,120,-167,0,0,100,0,224,192,32,32,0,114,-159,0,0,100,0,256,208,16,16,0,120,-169,0,0,100,0,256,192,16,16,0,120,-152,0,0,100,0,336,192,16,32,0,121,-152,0,0,100,0,320,192,16,16,0,79,-111,0,0,100,0,144,32,32,32,0,110,-127,0,0,100,0,304,0,32,32,0,14,-190,0,1,100,0,0,432,96,96,0,42,-136,0,0,100,0,256,112,32,32,0,27,-175,0,0,100,0,224,128,32,64,0,44,-116,0,0,100,0,256,144,32,16,0,51,-133,0,0,100,0,288,112,16,32,0,70,-207,0,0,100,0,688,0,64,64,0,37,-172,0,0,100,0,416,112,48,48,0,53,-139,0,0,100,0,288,144,32,16,0,47,-142,0,0,100,0,256,160,32,32,0,26,-138,0,0,100,0,288,160,32,32,0,26,-124,0,0,100,0,320,160,32,16,0,70,-150,0,0,100,0,256,112,32,32,0,55,-186,0,0,100,0,224,128,32,64,0,72,-130,0,0,100,0,256,144,32,16,0,71,-141,0,0,100,0,304,112,16,32,0,33,-128,0,0,100,0,0,208,64,32,0,24,-245,0,0,100,0,0,0,144,208,0,
0,32,73,-189,0,1,100,0,96,240,16,16,0,21,-145,0,1,100,0,96,272,16,16,0,97,-119,0,1,100,0,96,272,16,16,0,132,-164,0,0,100,0,288,192,32,32,0,138,-163,0,0,100,0,272,192,16,16,0,131,-148,0,0,100,0,352,192,16,32,0,130,-151,0,0,100,0,320,208,16,16,0,122,-185,0,0,100,0,192,160,32,32,0,120,-168,0,0,100,0,224,192,32,32,0,113,-160,0,0,100,0,256,208,16,16,0,120,-170,0,0,100,0,256,192,16,16,0,120,-153,0,0,100,0,336,192,16,32,0,121,-153,0,0,100,0,320,192,16,16,0,79,-111,0,0,100,0,144,32,32,32,0,110,-127,0,0,100,0,144,0,32,32,0,14,-190,0,1,80,0,0,240,96,96,0,43,-136,0,0,100,0,256,112,32,32,0,28,-175,0,0,100,0,224,128,32,64,0,45,-116,0,0,100,0,256,144,32,16,0,52,-133,0,0,100,0,288,112,16,32,0,71,-207,0,0,100,0,688,0,64,64,0,38,-172,0,0,100,0,416,112,48,48,0,54,-139,0,0,100,0,288,144,32,16,0,48,-142,0,0,100,0,256,160,32,32,0,27,-138,0,0,100,0,288,160,32,32,0,27,-124,0,0,100,0,320,160,32,16,0,71,-150,0,0,100,0,256,112,32,32,0,56,-186,0,0,100,0,224,128,32,64,0,73,-130,0,0,100,0,256,144,32,16,0,72,-141,0,0,100,0,304,112,16,32,0,35,-128,0,0,100,0,0,208,64,32,0,24,-245,0,0,100,0,0,0,144,208,0,
0,31,49,-198,0,1,100,0,96,272,16,16,0,58,-106,0,1,100,0,96,240,16,16,0,132,-163,0,0,100,0,288,192,32,32,0,138,-163,0,0,100,0,272,192,16,16,0,131,-148,0,0,100,0,352,192,16,32,0,130,-150,0,0,100,0,320,208,16,16,0,122,-185,0,0,100,0,192,160,32,32,0,120,-168,0,0,100,0,224,192,32,32,0,113,-159,0,0,100,0,256,208,16,16,0,120,-170,0,0,100,0,256,192,16,16,0,120,-153,0,0,100,0,336,192,16,32,0,121,-153,0,0,100,0,320,192,16,16,0,79,-111,0,0,100,0,144,32,32,32,0,110,-127,0,0,100,0,144,0,32,32,0,14,-190,0,1,100,270,0,336,96,96,0,42,-136,0,0,100,0,256,112,32,32,0,27,-175,0,0,100,0,224,128,32,64,0,44,-116,0,0,100,0,256,144,32,16,0,51,-133,0,0,100,0,288,112,16,32,0,70,-207,0,0,100,0,688,0,64,64,0,37,-172,0,0,100,0,416,112,48,48,0,53,-139,0,0,100,0,288,144,32,16,0,47,-142,0,0,100,0,256,160,32,32,0,26,-138,0,0,100,0,288,160,32,32,0,26,-124,0,0,100,0,320,160,32,16,0,70,-150,0,0,100,0,256,112,32,32,0,55,-186,0,0,100,0,224,128,32,64,0,72,-130,0,0,100,0,256,144,32,16,0,71,-141,0,0,100,0,304,112,16,32,0,33,-128,0,0,100,0,0,208,64,32,0,24,-245,0,0,100,0,0,0,144,208,0,
0,31,97,-156,0,1,100,0,96,272,16,16,0,41,-193,0,1,100,0,96,240,16,16,0,132,-161,0,0,100,0,288,192,32,32,0,138,-161,0,0,100,0,272,192,16,16,0,131,-146,0,0,100,0,352,192,16,32,0,130,-148,0,0,100,0,320,208,16,16,0,122,-183,0,0,100,0,192,160,32,32,0,120,-166,0,0,100,0,224,192,32,32,0,113,-157,0,0,100,0,256,208,16,16,0,120,-168,0,0,100,0,256,192,16,16,0,120,-152,0,0,100,0,336,192,16,32,0,121,-152,0,0,100,0,320,192,16,16,0,79,-111,0,0,100,0,144,32,32,32,0,110,-127,0,0,100,0,176,0,32,32,0,14,-190,3,1,100,0,0,432,96,96,0,43,-136,0,0,100,0,256,112,32,32,0,28,-175,0,0,100,0,224,128,32,64,0,45,-116,0,0,100,0,256,144,32,16,0,52,-133,0,0,100,0,288,112,16,32,0,71,-207,0,0,100,0,688,0,64,64,0,38,-172,0,0,100,0,416,112,48,48,0,54,-139,0,0,100,0,288,144,32,16,0,48,-142,0,0,100,0,256,160,32,32,0,27,-138,0,0,100,0,288,160,32,32,0,27,-124,0,0,100,0,320,160,32,16,0,71,-150,0,0,100,0,256,112,32,32,0,56,-186,0,0,100,0,224,128,32,64,0,73,-130,0,0,100,0,256,144,32,16,0,72,-141,0,0,100,0,304,112,16,32,0,35,-128,0,0,100,0,0,208,64,32,0,24,-245,0,0,100,0,0,0,144,208,0,
0,32,12,-179,0,1,100,0,96,272,16,16,0,17,-121,0,1,100,0,96,240,16,16,0,98,-164,0,1,100,0,96,240,16,16,0,131,-160,0,0,100,0,288,192,32,32,0,138,-160,0,0,100,0,272,192,16,16,0,131,-144,0,0,100,0,352,192,16,32,0,130,-147,0,0,100,0,320,208,16,16,0,122,-182,0,0,100,0,192,160,32,32,0,120,-165,0,0,100,0,224,192,32,32,0,114,-156,0,0,100,0,256,208,16,16,0,120,-167,0,0,100,0,256,192,16,16,0,120,-151,0,0,100,0,336,192,16,32,0,121,-151,0,0,100,0,320,192,16,16,0,79,-111,0,0,100,0,144,32,32,32,0,110,-127,0,0,100,0,208,0,32,32,0,14,-190,0,1,100,0,0,336,96,96,0,42,-136,0,0,100,0,256,112,32,32,0,27,-175,0,0,100,0,224,128,32,64,0,44,-116,0,0,100,0,256,144,32,16,0,51,-133,0,0,100,0,288,112,16,32,0,70,-207,0,0,100,0,688,0,64,64,0,37,-172,0,0,100,0,416,112,48,48,0,53,-139,0,0,100,0,288,144,32,16,0,47,-142,0,0,100,0,256,160,32,32,0,26,-138,0,0,100,0,288,160,32,32,0,26,-124,0,0,100,0,320,160,32,16,0,70,-150,0,0,100,0,256,112,32,32,0,55,-186,0,0,100,0,224,128,32,64,0,72,-130,0,0,100,0,256,144,32,16,0,71,-141,0,0,100,0,304,112,16,32,0,33,-128,0,0,100,0,0,208,64,32,0,24,-245,0,0,100,0,0,0,144,208,0,
0,30,14,-171,0,1,100,0,96,240,16,16,0,131,-159,0,0,100,0,288,192,32,32,0,138,-159,0,0,100,0,272,192,16,16,0,131,-143,0,0,100,0,352,192,16,32,0,130,-146,0,0,100,0,320,208,16,16,0,122,-181,0,0,100,0,192,160,32,32,0,120,-164,0,0,100,0,224,192,32,32,0,114,-155,0,0,100,0,256,208,16,16,0,120,-166,0,0,100,0,256,192,16,16,0,120,-150,0,0,100,0,336,192,16,32,0,121,-150,0,0,100,0,320,192,16,16,0,79,-111,0,0,100,0,144,32,32,32,0,110,-127,0,0,100,0,240,0,32,32,0,14,-190,1,1,100,0,0,432,96,96,0,43,-136,0,0,100,0,256,112,32,32,0,28,-175,0,0,100,0,224,128,32,64,0,45,-116,0,0,100,0,256,144,32,16,0,52,-133,0,0,100,0,288,112,16,32,0,71,-207,0,0,100,0,688,0,64,64,0,38,-172,0,0,100,0,416,112,48,48,0,54,-139,0,0,100,0,288,144,32,16,0,48,-142,0,0,100,0,256,160,32,32,0,27,-138,0,0,100,0,288,160,32,32,0,27,-124,0,0,100,0,320,160,32,16,0,71,-150,0,0,100,0,256,112,32,32,0,56,-186,0,0,100,0,224,128,32,64,0,73,-130,0,0,100,0,256,144,32,16,0,72,-141,0,0,100,0,304,112,16,32,0,35,-128,0,0,100,0,0,208,64,32,0,24,-245,0,0,100,0,0,0,144,208,0,
0,31,39,-105,0,1,100,0,96,272,16,16,0,95,-132,0,1,100,0,96,240,16,16,0,131,-160,0,0,100,0,288,192,32,32,0,138,-160,0,0,100,0,272,192,16,16,0,131,-144,0,0,100,0,352,192,16,32,0,130,-147,0,0,100,0,320,208,16,16,0,122,-182,0,0,100,0,192,160,32,32,0,120,-165,0,0,100,0,224,192,32,32,0,114,-156,0,0,100,0,256,208,16,16,0,120,-167,0,0,100,0,256,192,16,16,0,120,-150,0,0,100,0,336,192,16,32,0,121,-150,0,0,100,0,320,192,16,16,0,79,-111,0,0,100,0,144,32,32,32,0,110,-127,0,0,100,0,240,0,32,32,0,14,-190,0,1,100,180,0,336,96,96,0,42,-136,0,0,100,0,256,112,32,32,0,27,-175,0,0,100,0,224,128,32,64,0,44,-116,0,0,100,0,256,144,32,16,0,51,-133,0,0,100,0,288,112,16,32,0,70,-207,0,0,100,0,688,0,64,64,0,37,-172,0,0,100,0,416,112,48,48,0,53,-139,0,0,100,0,288,144,32,16,0,47,-142,0,0,100,0,256,160,32,32,0,26,-138,0,0,100,0,288,160,32,32,0,26,-124,0,0,100,0,320,160,32,16,0,70,-150,0,0,100,0,256,112,32,32,0,55,-186,0,0,100,0,224,128,32,64,0,72,-130,0,0,100,0,256,144,32,16,0,71,-141,0,0,100,0,304,112,16,32,0,33,-128,0,0,100,0,0,208,64,32,0,24,-245,0,0,100,0,0,0,144,208,0,
0,29,131,-161,0,0,100,0,288,192,32,32,0,138,-161,0,0,100,0,272,192,16,16,0,131,-146,0,0,100,0,352,192,16,32,0,130,-148,0,0,100,0,320,208,16,16,0,122,-183,0,0,100,0,192,160,32,32,0,120,-166,0,0,100,0,224,192,32,32,0,114,-157,0,0,100,0,256,208,16,16,0,120,-168,0,0,100,0,256,192,16,16,0,120,-151,0,0,100,0,336,192,16,32,0,121,-151,0,0,100,0,320,192,16,16,0,79,-111,0,0,100,0,144,32,32,32,0,110,-127,0,0,100,0,272,0,32,32,0,14,-190,0,1,100,0,0,240,96,96,0,44,-137,0,0,100,0,256,112,32,32,0,29,-175,0,0,100,0,224,128,32,64,0,46,-117,0,0,100,0,256,144,32,16,0,52,-133,0,0,100,0,288,112,16,32,0,71,-207,0,0,50,0,688,0,64,64,0,38,-172,0,0,100,0,416,112,48,48,0,54,-139,0,0,100,0,288,144,32,16,0,48,-142,0,0,100,0,256,160,32,32,0,27,-138,0,0,100,0,288,160,32,32,0,27,-124,0,0,100,0,320,160,32,16,0,72,-150,0,0,100,0,256,112,32,32,0,57,-186,0,0,100,0,224,128,32,64,0,74,-130,0,0,100,0,256,144,32,16,0,72,-141,0,0,100,0,304,112,16,32,0,35,-128,0,0,100,0,0,208,64,32,0,24,-245,0,0,100,0,0,0,144,208,0,
0,30,131,-163,0,0,100,0,288,192,32,32,0,138,-162,0,0,100,0,272,192,16,16,0,131,-147,0,0,100,0,352,192,16,32,0,130,-150,0,0,100,0,320,208,16,16,0,122,-184,0,0,100,0,192,160,32,32,0,120,-167,0,0,100,0,224,192,32,32,0,114,-159,0,0,100,0,256,208,16,16,0,120,-169,0,0,100,0,256,192,16,16,0,120,-152,0,0,100,0,336,192,16,32,0,121,-152,0,0,100,0,320,192,16,16,0,79,-111,0,0,100,0,144,32,32,32,0,110,-127,0,0,100,0,304,0,32,32,0,14,-190,0,1,40,0,0,240,96,96,0,44,-135,0,0,100,0,256,112,32,32,0,36,-178,0,0,100,0,352,64,32,48,0,36,-178,0,0,100,0,224,64,32,56,0,46,-116,0,0,100,0,256,144,32,16,0,52,-133,0,0,100,0,288,112,16,32,0,41,-170,0,0,100,0,320,112,48,48,0,54,-136,0,0,100,0,288,144,32,16,0,48,-141,0,0,100,0,256,160,32,32,0,27,-138,0,0,100,0,288,160,32,32,0,27,-124,0,0,100,0,320,160,32,16,0,72,-149,0,0,100,0,256,112,32,32,0,60,-186,0,0,100,0,256,64,32,48,0,60,-186,0,0,100,0,224,64,32,56,0,74,-130,0,0,100,0,256,144,32,16,0,72,-141,0,0,100,0,304,112,16,32,0,35,-128,0,0,100,0,0,208,64,32,0,24,-245,0,0,100,0,0,0,144,208,0,
0,31,132,-164,0,0,100,0,288,192,32,32,0,138,-163,0,0,100,0,272,192,16,16,0,131,-148,0,0,100,0,352,192,16,32,0,130,-151,0,0,100,0,320,208,16,16,0,122,-185,0,0,100,0,192,160,32,32,0,120,-168,0,0,100,0,224,192,32,32,0,113,-160,0,0,100,0,256,208,16,16,0,120,-170,0,0,100,0,256,192,16,16,0,120,-153,0,0,100,0,336,192,16,32,0,121,-153,0,0,100,0,320,192,16,16,0,79,-111,0,0,100,0,144,32,32,32,0,110,-127,0,0,100,0,144,0,32,32,0,51,-130,0,1,100,0,192,272,16,16,0,77,-160,0,1,100,0,192,272,16,16,0,44,-133,0,0,100,0,256,112,32,32,0,36,-172,0,0,100,0,352,64,32,48,0,36,-172,0,0,100,0,224,64,32,56,0,46,-114,0,0,100,0,256,144,32,16,0,52,-133,0,0,100,0,288,112,16,32,0,43,-169,0,0,100,0,368,112,48,48,0,56,-136,0,0,100,0,288,144,32,16,0,50,-141,0,0,100,0,256,160,32,32,0,27,-138,0,0,100,0,288,160,32,32,0,27,-124,0,0,100,0,320,160,32,16,0,72,-148,0,0,100,0,256,112,32,32,0,60,-184,0,0,100,0,256,64,32,48,0,60,-184,0,0,100,0,224,64,32,56,0,74,-128,0,0,100,0,256,144,32,16,0,72,-141,0,0,100,0,304,112,16,32,0,35,-128,0,0,100,0,0,208,64,32,0,24,-245,0,0,100,0,0,0,144,208,0,
0,32,132,-163,0,0,100,0,288,192,32,32,0,138,-163,0,0,100,0,272,192,16,16,0,131,-148,0,0,100,0,352,192,16,32,0,130,-150,0,0,100,0,320,208,16,16,0,122,-185,0,0,100,0,192,160,32,32,0,120,-168,0,0,100,0,224,192,32,32,0,113,-159,0,0,100,0,256,208,16,16,0,120,-170,0,0,100,0,256,192,16,16,0,120,-153,0,0,100,0,336,192,16,32,0,121,-153,0,0,100,0,320,192,16,16,0,79,-111,0,0,100,0,144,32,32,32,0,110,-127,0,0,100,0,144,0,32,32,0,51,-134,0,1,100,0,176,272,16,16,0,31,-147,0,1,100,0,192,272,16,16,0,77,-164,0,1,100,0,176,272,16,16,0,44,-132,0,0,100,0,256,112,32,32,0,36,-171,0,0,100,0,352,64,32,48,0,36,-171,0,0,100,0,224,64,32,56,0,46,-114,0,0,100,0,256,144,32,16,0,52,-133,0,0,100,0,288,112,16,32,0,44,-168,0,0,100,0,368,112,48,48,0,56,-135,0,0,100,0,288,144,32,16,0,50,-140,0,0,100,0,256,160,32,32,0,27,-138,0,0,100,0,288,160,32,32,0,27,-124,0,0,100,0,320,160,32,16,0,72,-147,0,0,100,0,256,112,32,32,0,60,-183,0,0,100,0,256,64,32,48,0,60,-183,0,0,100,0,224,64,32,56,0,74,-128,0,0,100,0,256,144,32,16,0,72,-141,0,0,100,0,304,112,16,32,0,35,-128,0,0,100,0,0,208,64,32,0,24,-245,0,0,100,0,0,0,144,208,0,
0,33,132,-161,0,0,100,0,288,192,32,32,0,138,-161,0,0,100,0,272,192,16,16,0,131,-146,0,0,100,0,352,192,16,32,0,130,-148,0,0,100,0,320,208,16,16,0,122,-183,0,0,100,0,192,160,32,32,0,120,-166,0,0,100,0,224,192,32,32,0,113,-157,0,0,100,0,256,208,16,16,0,120,-168,0,0,100,0,256,192,16,16,0,120,-152,0,0,100,0,336,192,16,32,0,121,-152,0,0,100,0,320,192,16,16,0,79,-111,0,0,100,0,144,32,32,32,0,110,-127,0,0,100,0,176,0,32,32,0,61,-156,0,1,100,0,192,272,16,16,0,52,-139,0,1,100,0,160,272,16,16,0,31,-151,0,1,100,0,176,272,16,16,0,78,-169,0,1,100,0,160,272,16,16,0,44,-133,0,0,100,0,256,112,32,32,0,36,-170,0,0,100,0,352,64,32,48,0,36,-170,0,0,100,0,224,64,32,56,0,46,-114,0,0,100,0,256,144,32,16,0,52,-133,0,0,100,0,288,112,16,32,0,44,-166,0,0,100,0,368,112,48,48,0,56,-133,0,0,100,0,288,144,32,16,0,50,-140,0,0,100,0,256,160,32,32,0,27,-138,0,0,100,0,288,160,32,32,0,27,-124,0,0,100,0,320,160,32,16,0,72,-148,0,0,100,0,256,112,32,32,0,60,-182,0,0,100,0,256,64,32,48,0,60,-182,0,0,100,0,224,64,32,56,0,74,-128,0,0,100,0,256,144,32,16,0,72,-141,0,0,100,0,304,112,16,32,0,35,-128,0,0,100,0,0,208,64,32,0,24,-245,0,0,100,0,0,0,144,208,0,
0,33,131,-160,0,0,100,0,288,192,32,32,0,138,-160,0,0,100,0,272,192,16,16,0,131,-144,0,0,100,0,352,192,16,32,0,130,-147,0,0,100,0,320,208,16,16,0,122,-182,0,0,100,0,192,160,32,32,0,120,-165,0,0,100,0,224,192,32,32,0,114,-156,0,0,100,0,256,208,16,16,0,120,-167,0,0,100,0,256,192,16,16,0,120,-151,0,0,100,0,336,192,16,32,0,121,-151,0,0,100,0,320,192,16,16,0,79,-111,0,0,100,0,144,32,32,32,0,110,-127,0,0,100,0,208,0,32,32,0,61,-160,0,1,100,0,176,272,16,16,0,51,-142,0,1,100,0,144,272,16,16,0,32,-156,0,1,100,0,160,272,16,16,0,77,-172,0,1,100,0,144,272,16,16,0,44,-133,0,0,100,0,256,112,32,32,0,36,-171,0,0,100,0,352,64,32,48,0,36,-171,0,0,100,0,224,64,32,56,0,46,-114,0,0,100,0,256,144,32,16,0,52,-133,0,0,100,0,288,112,16,32,0,44,-166,0,0,100,0,368,112,48,48,0,56,-133,0,0,100,0,288,144,32,16,0,50,-140,0,0,100,0,256,160,32,32,0,27,-138,0,0,100,0,288,160,32,32,0,27,-124,0,0,100,0,320,160,32,16,0,72,-147,0,0,100,0,256,112,32,32,0,60,-183,0,0,100,0,256,64,32,48,0,60,-183,0,0,100,0,224,64,32,56,0,74,-128,0,0,100,0,256,144,32,16,0,72,-141,0,0,100,0,304,112,16,32,0,35,-128,0,0,100,0,0,208,64,32,0,24,-245,0,0,100,0,0,0,144,208,0,
0,31,131,-159,0,0,100,0,288,192,32,32,0,138,-159,0,0,100,0,272,192,16,16,0,131,-143,0,0,100,0,352,192,16,32,0,130,-146,0,0,100,0,320,208,16,16,0,122,-181,0,0,100,0,192,160,32,32,0,120,-164,0,0,100,0,224,192,32,32,0,114,-155,0,0,100,0,256,208,16,16,0,120,-166,0,0,100,0,256,192,16,16,0,120,-150,0,0,100,0,336,192,16,32,0,121,-150,0,0,100,0,320,192,16,16,0,79,-111,0,0,100,0,144,32,32,32,0,110,-127,0,0,100,0,240,0,32,32,0,62,-165,0,1,100,0,160,272,16,16,0,31,-159,0,1,100,0,144,272,16,16,0,44,-133,0,0,100,0,256,112,32,32,0,36,-170,0,0,100,0,352,64,32,48,0,36,-170,0,0,100,0,224,64,32,56,0,46,-114,0,0,100,0,256,144,32,16,0,52,-133,0,0,100,0,288,112,16,32,0,44,-167,0,0,100,0,368,112,48,48,0,56,-134,0,0,100,0,288,144,32,16,0,50,-140,0,0,100,0,256,160,32,32,0,27,-138,0,0,100,0,288,160,32,32,0,27,-124,0,0,100,0,320,160,32,16,0,72,-147,0,0,100,0,256,112,32,32,0,60,-182,0,0,100,0,256,64,32,48,0,60,-182,0,0,100,0,224,64,32,56,0,74,-128,0,0,100,0,256,144,32,16,0,72,-141,0,0,100,0,304,112,16,32,0,35,-128,0,0,100,0,0,208,64,32,0,24,-245,0,0,100,0,0,0,144,208,0,
0,30,131,-160,0,0,100,0,288,192,32,32,0,138,-160,0,0,100,0,272,192,16,16,0,131,-144,0,0,100,0,352,192,16,32,0,130,-147,0,0,100,0,320,208,16,16,0,122,-182,0,0,100,0,192,160,32,32,0,120,-165,0,0,100,0,224,192,32,32,0,114,-156,0,0,100,0,256,208,16,16,0,120,-167,0,0,100,0,256,192,16,16,0,120,-150,0,0,100,0,336,192,16,32,0,121,-150,0,0,100,0,320,192,16,16,0,79,-111,0,0,100,0,144,32,32,32,0,110,-127,0,0,100,0,240,0,32,32,0,61,-168,0,1,100,0,144,272,16,16,0,44,-133,0,0,100,0,256,112,32,32,0,36,-171,0,0,100,0,352,64,32,48,0,36,-171,0,0,100,0,224,64,32,56,0,46,-114,0,0,100,0,256,144,32,16,0,52,-133,0,0,100,0,288,112,16,32,0,44,-166,0,0,100,0,368,112,48,48,0,56,-133,0,0,100,0,288,144,32,16,0,50,-140,0,0,100,0,256,160,32,32,0,27,-138,0,0,100,0,288,160,32,32,0,27,-124,0,0,100,0,320,160,32,16,0,72,-147,0,0,100,0,256,112,32,32,0,60,-183,0,0,100,0,256,64,32,48,0,60,-183,0,0,100,0,224,64,32,56,0,74,-128,0,0,100,0,256,144,32,16,0,72,-141,0,0,100,0,304,112,16,32,0,35,-128,0,0,100,0,0,208,64,32,0,24,-245,0,0,100,0,0,0,144,208,0,
0,29,131,-161,0,0,100,0,288,192,32,32,0,138,-161,0,0,100,0,272,192,16,16,0,131,-146,0,0,100,0,352,192,16,32,0,130,-148,0,0,100,0,320,208,16,16,0,122,-183,0,0,100,0,192,160,32,32,0,120,-166,0,0,100,0,224,192,32,32,0,114,-157,0,0,100,0,256,208,16,16,0,120,-168,0,0,100,0,256,192,16,16,0,120,-151,0,0,100,0,336,192,16,32,0,121,-151,0,0,100,0,320,192,16,16,0,79,-111,0,0,100,0,144,32,32,32,0,110,-127,0,0,100,0,272,0,32,32,0,44,-133,0,0,100,0,256,112,32,32,0,36,-171,0,0,100,0,352,64,32,48,0,36,-171,0,0,100,0,224,64,32,56,0,46,-114,0,0,100,0,256,144,32,16,0,52,-133,0,0,100,0,288,112,16,32,0,44,-166,0,0,100,0,368,112,48,48,0,56,-133,0,0,100,0,288,144,32,16,0,50,-140,0,0,100,0,256,160,32,32,0,27,-138,0,0,100,0,288,160,32,32,0,27,-124,0,0,100,0,320,160,32,16,0,72,-147,0,0,100,0,256,112,32,32,0,60,-183,0,0,100,0,256,64,32,48,0,60,-183,0,0,100,0,224,64,32,56,0,74,-128,0,0,100,0,256,144,32,16,0,72,-141,0,0,100,0,304,112,16,32,0,35,-128,0,0,100,0,0,208,64,32,0,24,-245,0,0,100,0,0,0,144,208,0,
0,29,131,-163,0,0,100,0,288,192,32,32,0,138,-162,0,0,100,0,272,192,16,16,0,131,-147,0,0,100,0,352,192,16,32,0,130,-150,0,0,100,0,320,208,16,16,0,122,-184,0,0,100,0,192,160,32,32,0,120,-167,0,0,100,0,224,192,32,32,0,114,-159,0,0,100,0,256,208,16,16,0,120,-169,0,0,100,0,256,192,16,16,0,120,-152,0,0,100,0,336,192,16,32,0,121,-152,0,0,100,0,320,192,16,16,0,79,-111,0,0,100,0,144,32,32,32,0,110,-127,0,0,100,0,304,0,32,32,0,44,-133,0,0,100,0,256,112,32,32,0,36,-173,0,0,100,0,352,64,32,48,0,36,-173,0,0,100,0,224,64,32,56,0,46,-114,0,0,100,0,256,144,32,16,0,52,-133,0,0,100,0,288,112,16,32,0,44,-167,0,0,100,0,368,112,48,48,0,56,-134,0,0,100,0,288,144,32,16,0,50,-140,0,0,100,0,256,160,32,32,0,27,-138,0,0,100,0,288,160,32,32,0,27,-124,0,0,100,0,320,160,32,16,0,72,-147,0,0,100,0,256,112,32,32,0,60,-185,0,0,100,0,256,64,32,48,0,60,-185,0,0,100,0,224,64,32,56,0,74,-128,0,0,100,0,256,144,32,16,0,72,-141,0,0,100,0,304,112,16,32,0,35,-128,0,0,100,0,0,208,64,32,0,24,-245,0,0,100,0,0,0,144,208,0,
0,29,132,-164,0,0,100,0,288,192,32,32,0,138,-163,0,0,100,0,272,192,16,16,0,131,-148,0,0,100,0,352,192,16,32,0,130,-151,0,0,100,0,320,208,16,16,0,122,-185,0,0,100,0,192,160,32,32,0,120,-168,0,0,100,0,224,192,32,32,0,113,-160,0,0,100,0,256,208,16,16,0,120,-170,0,0,100,0,256,192,16,16,0,120,-153,0,0,100,0,336,192,16,32,0,121,-153,0,0,100,0,320,192,16,16,0,79,-111,0,0,100,0,144,32,32,32,0,110,-127,0,0,100,0,144,0,32,32,0,44,-133,0,0,100,0,256,112,32,32,0,36,-175,0,0,100,0,352,64,32,48,0,36,-175,0,0,100,0,224,64,32,56,0,46,-114,0,0,100,0,256,144,32,16,0,52,-133,0,0,100,0,288,112,16,32,0,43,-168,0,0,100,0,368,112,48,48,0,56,-135,0,0,100,0,288,144,32,16,0,49,-140,0,0,100,0,256,160,32,32,0,27,-138,0,0,100,0,288,160,32,32,0,27,-124,0,0,100,0,320,160,32,16,0,72,-147,0,0,100,0,256,112,32,32,0,60,-187,0,0,100,0,256,64,32,48,0,60,-187,0,0,100,0,224,64,32,56,0,74,-128,0,0,100,0,256,144,32,16,0,72,-141,0,0,100,0,304,112,16,32,0,35,-128,0,0,100,0,0,208,64,32,0,24,-245,0,0,100,0,0,0,144,208,0,
0,29,132,-163,0,0,100,0,288,192,32,32,0,138,-163,0,0,100,0,272,192,16,16,0,131,-148,0,0,100,0,352,192,16,32,0,130,-150,0,0,100,0,320,208,16,16,0,122,-185,0,0,100,0,192,160,32,32,0,120,-168,0,0,100,0,224,192,32,32,0,113,-159,0,0,100,0,256,208,16,16,0,120,-170,0,0,100,0,256,192,16,16,0,120,-153,0,0,100,0,336,192,16,32,0,121,-153,0,0,100,0,320,192,16,16,0,79,-111,0,0,100,0,144,32,32,32,0,110,-127,0,0,100,0,144,0,32,32,0,44,-133,0,0,100,0,256,112,32,32,0,36,-178,0,0,100,0,256,64,32,48,0,36,-178,0,0,100,0,224,64,32,56,0,46,-114,0,0,100,0,256,144,32,16,0,52,-133,0,0,100,0,288,112,16,32,0,42,-167,0,0,100,0,368,112,48,48,0,54,-134,0,0,100,0,288,144,32,16,0,48,-140,0,0,100,0,256,160,32,32,0,27,-138,0,0,100,0,288,160,32,32,0,27,-124,0,0,100,0,320,160,32,16,0,72,-147,0,0,100,0,256,112,32,32,0,60,-188,0,0,100,0,352,64,32,48,0,60,-188,0,0,100,0,224,64,32,56,0,74,-128,0,0,100,0,256,144,32,16,0,72,-141,0,0,100,0,304,112,16,32,0,35,-128,0,0,100,0,0,208,64,32,0,24,-245,0,0,100,0,0,0,144,208,0,
0,29,132,-161,0,0,100,0,288,192,32,32,0,138,-161,0,0,100,0,272,192,16,16,0,131,-146,0,0,100,0,352,192,16,32,0,130,-148,0,0,100,0,320,208,16,16,0,122,-183,0,0,100,0,192,160,32,32,0,120,-166,0,0,100,0,224,192,32,32,0,113,-157,0,0,100,0,256,208,16,16,0,120,-168,0,0,100,0,256,192,16,16,0,120,-152,0,0,100,0,336,192,16,32,0,121,-152,0,0,100,0,320,192,16,16,0,79,-111,0,0,100,0,144,32,32,32,0,110,-127,0,0,100,0,176,0,32,32,0,44,-133,0,0,100,0,256,112,32,32,0,36,-178,0,0,100,0,288,64,32,48,0,36,-178,0,0,100,0,224,64,32,56,0,46,-114,0,0,100,0,256,144,32,16,0,52,-133,0,0,100,0,288,112,16,32,0,42,-167,0,0,100,0,368,112,48,48,0,54,-134,0,0,100,0,288,144,32,16,0,48,-140,0,0,100,0,256,160,32,32,0,27,-138,0,0,100,0,288,160,32,32,0,27,-124,0,0,100,0,320,160,32,16,0,72,-147,0,0,100,0,256,112,32,32,0,60,-188,0,0,100,0,320,64,32,48,0,60,-188,0,0,100,0,224,64,32,56,0,74,-128,0,0,100,0,256,144,32,16,0,72,-141,0,0,100,0,304,112,16,32,0,35,-128,0,0,100,0,0,208,64,32,0,24,-245,0,0,100,0,0,0,144,208,0,
0,29,131,-160,0,0,100,0,288,192,32,32,0,138,-160,0,0,100,0,272,192,16,16,0,131,-144,0,0,100,0,352,192,16,32,0,130,-147,0,0,100,0,320,208,16,16,0,122,-182,0,0,100,0,192,160,32,32,0,120,-165,0,0,100,0,224,192,32,32,0,114,-156,0,0,100,0,256,208,16,16,0,120,-167,0,0,100,0,256,192,16,16,0,120,-151,0,0,100,0,336,192,16,32,0,121,-151,0,0,100,0,320,192,16,16,0,79,-111,0,0,100,0,144,32,32,32,0,110,-127,0,0,100,0,208,0,32,32,0,44,-133,0,0,100,0,256,112,32,32,0,36,-178,0,0,100,0,320,64,32,48,0,36,-178,0,0,100,0,224,64,32,56,0,46,-114,0,0,100,0,256,144,32,16,0,52,-133,0,0,100,0,288,112,16,32,0,42,-167,0,0,100,0,368,112,48,48,0,54,-134,0,0,100,0,288,144,32,16,0,48,-140,0,0,100,0,256,160,32,32,0,27,-138,0,0,100,0,288,160,32,32,0,27,-124,0,0,100,0,320,160,32,16,0,72,-147,0,0,100,0,256,112,32,32,0,60,-188,0,0,100,0,288,64,32,48,0,60,-188,0,0,100,0,224,64,32,56,0,74,-128,0,0,100,0,256,144,32,16,0,72,-141,0,0,100,0,304,112,16,32,0,35,-128,0,0,100,0,0,208,64,32,0,24,-245,0,0,100,0,0,0,144,208,0,
0,29,131,-159,0,0,100,0,288,192,32,32,0,138,-159,0,0,100,0,272,192,16,16,0,131,-143,0,0,100,0,352,192,16,32,0,130,-146,0,0,100,0,320,208,16,16,0,122,-181,0,0,100,0,192,160,32,32,0,120,-164,0,0,100,0,224,192,32,32,0,114,-155,0,0,100,0,256,208,16,16,0,120,-166,0,0,100,0,256,192,16,16,0,120,-150,0,0,100,0,336,192,16,32,0,121,-150,0,0,100,0,320,192,16,16,0,79,-111,0,0,100,0,144,32,32,32,0,110,-127,0,0,100,0,240,0,32,32,0,44,-133,0,0,100,0,256,112,32,32,0,36,-178,0,0,100,0,352,64,32,48,0,36,-178,0,0,100,0,224,64,32,56,0,46,-114,0,0,100,0,256,144,32,16,0,52,-133,0,0,100,0,288,112,16,32,0,42,-167,0,0,100,0,368,112,48,48,0,54,-134,0,0,100,0,288,144,32,16,0,48,-140,0,0,100,0,256,160,32,32,0,27,-138,0,0,100,0,288,160,32,32,0,27,-124,0,0,100,0,320,160,32,16,0,72,-147,0,0,100,0,256,112,32,32,0,60,-188,0,0,100,0,256,64,32,48,0,60,-188,0,0,100,0,224,64,32,56,0,74,-128,0,0,100,0,256,144,32,16,0,72,-141,0,0,100,0,304,112,16,32,0,35,-128,0,0,100,0,0,208,64,32,0,24,-245,0,0,100,0,0,0,144,208,0,
0,29,131,-160,0,0,100,0,288,192,32,32,0,138,-160,0,0,100,0,272,192,16,16,0,131,-144,0,0,100,0,352,192,16,32,0,130,-147,0,0,100,0,320,208,16,16,0,122,-182,0,0,100,0,192,160,32,32,0,120,-165,0,0,100,0,224,192,32,32,0,114,-156,0,0,100,0,256,208,16,16,0,120,-167,0,0,100,0,256,192,16,16,0,120,-150,0,0,100,0,336,192,16,32,0,121,-150,0,0,100,0,320,192,16,16,0,79,-111,0,0,100,0,144,32,32,32,0,110,-127,0,0,100,0,240,0,32,32,0,44,-133,0,0,100,0,256,112,32,32,0,36,-178,0,0,100,0,256,64,32,48,0,36,-178,0,0,100,0,224,64,32,56,0,46,-114,0,0,100,0,256,144,32,16,0,52,-133,0,0,100,0,288,112,16,32,0,42,-167,0,0,100,0,368,112,48,48,0,54,-134,0,0,100,0,288,144,32,16,0,48,-140,0,0,100,0,256,160,32,32,0,27,-138,0,0,100,0,288,160,32,32,0,27,-124,0,0,100,0,320,160,32,16,0,72,-147,0,0,100,0,256,112,32,32,0,60,-188,0,0,100,0,352,64,32,48,0,60,-188,0,0,100,0,224,64,32,56,0,74,-128,0,0,100,0,256,144,32,16,0,72,-141,0,0,100,0,304,112,16,32,0,35,-128,0,0,100,0,0,208,64,32,0,24,-245,0,0,100,0,0,0,144,208,0,
0,29,131,-161,0,0,100,0,288,192,32,32,0,138,-161,0,0,100,0,272,192,16,16,0,131,-146,0,0,100,0,352,192,16,32,0,130,-148,0,0,100,0,320,208,16,16,0,122,-183,0,0,100,0,192,160,32,32,0,120,-166,0,0,100,0,224,192,32,32,0,114,-157,0,0,100,0,256,208,16,16,0,120,-168,0,0,100,0,256,192,16,16,0,120,-151,0,0,100,0,336,192,16,32,0,121,-151,0,0,100,0,320,192,16,16,0,79,-111,0,0,100,0,144,32,32,32,0,110,-127,0,0,100,0,272,0,32,32,0,44,-133,0,0,100,0,256,112,32,32,0,36,-178,0,0,100,0,288,64,32,48,0,36,-178,0,0,100,0,224,64,32,56,0,46,-114,0,0,100,0,256,144,32,16,0,52,-133,0,0,100,0,288,112,16,32,0,42,-167,0,0,100,0,368,112,48,48,0,54,-134,0,0,100,0,288,144,32,16,0,48,-140,0,0,100,0,256,160,32,32,0,27,-138,0,0,100,0,288,160,32,32,0,27,-124,0,0,100,0,320,160,32,16,0,72,-147,0,0,100,0,256,112,32,32,0,60,-188,0,0,100,0,320,64,32,48,0,60,-188,0,0,100,0,224,64,32,56,0,74,-128,0,0,100,0,256,144,32,16,0,72,-141,0,0,100,0,304,112,16,32,0,35,-128,0,0,100,0,0,208,64,32,0,24,-245,0,0,100,0,0,0,144,208,0,
0,29,131,-163,0,0,100,0,288,192,32,32,0,138,-162,0,0,100,0,272,192,16,16,0,131,-147,0,0,100,0,352,192,16,32,0,130,-150,0,0,100,0,320,208,16,16,0,122,-184,0,0,100,0,192,160,32,32,0,120,-167,0,0,100,0,224,192,32,32,0,114,-159,0,0,100,0,256,208,16,16,0,120,-169,0,0,100,0,256,192,16,16,0,120,-152,0,0,100,0,336,192,16,32,0,121,-152,0,0,100,0,320,192,16,16,0,79,-111,0,0,100,0,144,32,32,32,0,110,-127,0,0,100,0,304,0,32,32,0,44,-133,0,0,100,0,256,112,32,32,0,36,-178,0,0,100,0,320,64,32,48,0,36,-178,0,0,100,0,224,64,32,56,0,46,-114,0,0,100,0,256,144,32,16,0,52,-133,0,0,100,0,288,112,16,32,0,42,-167,0,0,100,0,368,112,48,48,0,54,-134,0,0,100,0,288,144,32,16,0,48,-140,0,0,100,0,256,160,32,32,0,27,-138,0,0,100,0,288,160,32,32,0,27,-124,0,0,100,0,320,160,32,16,0,72,-147,0,0,100,0,256,112,32,32,0,60,-188,0,0,100,0,288,64,32,48,0,60,-188,0,0,100,0,224,64,32,56,0,74,-128,0,0,100,0,256,144,32,16,0,72,-141,0,0,100,0,304,112,16,32,0,35,-128,0,0,100,0,0,208,64,32,0,24,-245,0,0,100,0,0,0,144,208,0,
0,29,132,-164,0,0,100,0,288,192,32,32,0,138,-163,0,0,100,0,272,192,16,16,0,131,-148,0,0,100,0,352,192,16,32,0,130,-151,0,0,100,0,320,208,16,16,0,122,-185,0,0,100,0,192,160,32,32,0,120,-168,0,0,100,0,224,192,32,32,0,113,-160,0,0,100,0,256,208,16,16,0,120,-170,0,0,100,0,256,192,16,16,0,120,-153,0,0,100,0,336,192,16,32,0,121,-153,0,0,100,0,320,192,16,16,0,79,-111,0,0,100,0,144,32,32,32,0,110,-127,0,0,100,0,144,0,32,32,0,44,-133,0,0,100,0,256,112,32,32,0,36,-178,0,0,100,0,352,64,32,48,0,36,-178,0,0,100,0,224,64,32,56,0,46,-114,0,0,100,0,256,144,32,16,0,52,-133,0,0,100,0,288,112,16,32,0,42,-167,0,0,100,0,368,112,48,48,0,54,-134,0,0,100,0,288,144,32,16,0,48,-140,0,0,100,0,256,160,32,32,0,27,-138,0,0,100,0,288,160,32,32,0,27,-124,0,0,100,0,320,160,32,16,0,72,-147,0,0,100,0,256,112,32,32,0,60,-188,0,0,100,0,256,64,32,48,0,60,-188,0,0,100,0,224,64,32,56,0,74,-128,0,0,100,0,256,144,32,16,0,72,-141,0,0,100,0,304,112,16,32,0,35,-128,0,0,100,0,0,208,64,32,0,24,-245,0,0,100,0,0,0,144,208,0,
0,31,132,-164,0,0,100,0,288,192,32,32,0,138,-164,0,0,100,0,272,192,16,16,0,131,-149,0,0,100,0,352,192,16,32,0,130,-151,0,0,100,0,320,208,16,16,0,121,-185,0,0,100,0,192,160,32,32,0,120,-168,0,0,100,0,224,192,32,32,0,115,-162,0,0,100,0,256,208,16,16,0,121,-172,0,0,100,0,256,192,16,16,0,120,-154,0,0,100,0,336,192,16,32,0,121,-154,0,0,100,0,320,192,16,16,0,79,-111,0,0,100,0,144,32,32,32,0,110,-127,0,0,100,0,144,0,32,32,0,44,-133,0,0,100,0,256,112,32,32,0,36,-178,0,0,100,0,256,64,32,48,0,36,-178,0,0,100,0,224,64,32,56,0,46,-114,0,0,100,0,256,144,32,16,0,52,-133,0,0,100,0,288,112,16,32,0,65,-154,0,1,50,0,400,96,16,16,0,63,-154,0,0,100,0,384,96,16,16,0,42,-169,0,0,100,0,320,112,48,48,0,54,-135,0,0,100,0,288,144,32,16,0,48,-140,0,0,100,0,256,160,32,32,0,27,-138,0,0,100,0,288,160,32,32,0,27,-124,0,0,100,0,320,160,32,16,0,72,-147,0,0,100,0,256,112,32,32,0,60,-191,0,0,100,0,352,64,32,48,0,60,-191,0,0,100,0,224,64,32,56,0,74,-128,0,0,100,0,256,144,32,16,0,72,-141,0,0,100,0,304,112,16,32,0,35,-128,0,0,100,0,0,208,64,32,0,24,-245,0,0,100,0,0,0,144,208,0,
0,30,113,-164,0,0,100,270,288,192,32,32,0,125,-157,0,0,100,0,288,224,16,16,0,132,-145,0,0,100,0,352,192,16,32,0,131,-148,0,0,100,0,320,208,16,16,0,117,-182,0,0,100,0,192,160,32,32,0,117,-170,0,0,100,0,272,208,16,16,0,119,-168,0,0,100,0,480,160,32,32,0,122,-153,0,0,100,0,336,192,16,32,0,123,-153,0,0,100,0,320,192,16,16,0,79,-111,0,0,100,0,144,32,32,32,0,110,-127,0,0,100,0,176,0,32,32,0,44,-134,0,0,100,0,256,112,32,32,0,65,-158,0,1,100,0,400,96,16,16,0,36,-178,0,0,100,0,288,64,32,48,0,36,-178,0,0,100,0,224,64,32,56,0,46,-114,0,0,100,0,256,144,32,16,0,52,-133,0,0,100,0,288,112,16,32,0,63,-157,0,0,100,0,384,96,16,16,0,42,-172,0,0,100,0,320,112,48,48,0,54,-138,0,0,100,0,288,144,32,16,0,48,-142,0,0,100,0,256,160,32,32,0,27,-138,0,0,100,0,288,160,32,32,0,27,-124,0,0,100,0,320,160,32,16,0,72,-148,0,0,100,0,256,112,32,32,0,60,-189,0,0,100,0,320,64,32,48,0,60,-189,0,0,100,0,224,64,32,56,0,74,-128,0,0,100,0,256,144,32,16,0,72,-141,0,0,100,0,304,112,16,32,0,35,-128,0,0,100,0,0,208,64,32,0,24,-245,0,0,100,0,0,0,144,208,0,
0,32,122,-157,0,0,100,0,448,160,16,16,0,132,-146,0,0,100,0,352,192,16,32,0,131,-148,0,0,100,0,320,208,16,16,0,115,-182,0,0,100,0,192,192,32,32,0,113,-166,0,0,100,0,464,160,16,32,0,120,-168,0,0,100,0,480,160,32,32,0,119,-167,0,0,100,0,512,160,16,16,0,123,-153,0,0,100,0,336,192,16,32,0,124,-153,0,0,100,0,320,192,16,16,0,79,-111,0,0,100,0,144,32,32,32,0,110,-127,0,0,100,0,208,0,32,32,0,85,-159,0,1,100,0,368,160,16,16,0,47,-159,0,1,100,0,368,160,16,16,0,44,-133,0,0,100,0,256,112,32,32,0,36,-180,0,0,100,0,320,64,32,48,0,36,-180,0,0,100,0,224,64,32,56,0,46,-114,0,0,100,0,256,144,32,16,0,52,-133,0,0,100,0,288,112,16,32,0,55,-158,0,1,100,0,416,96,32,16,0,63,-158,0,0,100,0,384,96,16,16,0,42,-173,0,0,100,0,320,112,48,48,0,54,-139,0,0,100,0,288,144,32,16,0,48,-143,0,0,100,0,256,160,32,32,0,27,-138,0,0,100,0,288,160,32,32,0,27,-124,0,0,100,0,320,160,32,16,0,72,-147,0,0,100,0,256,112,32,32,0,60,-189,0,0,100,0,288,64,32,48,0,60,-189,0,0,100,0,224,64,32,56,0,74,-128,0,0,100,0,256,144,32,16,0,72,-141,0,0,100,0,304,112,16,32,0,35,-128,0,0,100,0,0,208,64,32,0,24,-245,0,0,100,0,0,0,144,208,0,
0,33,94,-176,0,1,100,0,144,256,16,16,0,122,-158,0,0,100,0,448,160,16,16,0,133,-147,0,0,100,0,352,192,16,32,0,132,-149,0,0,100,0,320,208,16,16,0,116,-183,0,0,100,0,192,192,32,32,0,112,-167,0,0,100,0,464,160,16,32,0,121,-169,0,0,100,0,480,160,32,32,0,118,-168,0,0,100,0,512,160,16,16,0,124,-154,0,0,100,0,336,192,16,32,0,125,-154,0,0,100,0,320,192,16,16,0,79,-111,0,0,100,0,144,32,32,32,0,110,-127,0,0,100,0,240,0,32,32,0,85,-159,0,1,100,0,368,160,16,16,0,47,-159,0,1,100,0,368,160,16,16,0,44,-133,0,0,100,0,256,112,32,32,0,36,-179,0,0,100,0,352,64,32,48,0,36,-179,0,0,100,0,224,64,32,56,0,46,-114,0,0,100,0,256,144,32,16,0,52,-133,0,0,100,0,288,112,16,32,0,65,-157,0,1,100,0,400,96,16,16,0,63,-157,0,0,100,0,384,96,16,16,0,42,-172,0,0,100,0,320,112,48,48,0,54,-138,0,0,100,0,288,144,32,16,0,48,-142,0,0,100,0,256,160,32,32,0,27,-138,0,0,100,0,288,160,32,32,0,27,-124,0,0,100,0,320,160,32,16,0,72,-147,0,0,100,0,256,112,32,32,0,60,-189,0,0,100,0,256,64,32,48,0,60,-189,0,0,100,0,224,64,32,56,0,74,-128,0,0,100,0,256,144,32,16,0,72,-141,0,0,100,0,304,112,16,32,0,35,-128,0,0,100,0,0,208,64,32,0,24,-245,0,0,100,0,0,0,144,208,0,
0,33,103,-151,0,1,100,0,144,256,16,16,0,99,-173,0,1,100,0,160,256,16,16,0,122,-159,0,0,100,0,448,160,16,16,0,134,-148,0,0,100,0,352,192,16,32,0,133,-150,0,0,100,0,320,208,16,16,0,117,-184,0,0,100,0,192,192,32,32,0,112,-168,0,0,100,0,464,160,16,32,0,122,-170,0,0,100,0,480,160,32,32,0,118,-169,0,0,100,0,512,160,16,16,0,125,-155,0,0,100,0,336,192,16,32,0,126,-155,0,0,100,0,320,192,16,16,0,79,-111,0,0,100,0,144,32,32,32,0,110,-127,0,0,100,0,240,0,32,32,0,89,-159,0,1,60,0,368,160,16,16,0,43,-159,0,1,60,0,368,160,16,16,0,44,-133,0,0,100,0,256,112,32,32,0,36,-179,0,0,100,0,256,64,32,48,0,36,-179,0,0,100,0,224,64,32,56,0,46,-114,0,0,100,0,256,144,32,16,0,52,-133,0,0,100,0,288,112,16,32,0,63,-157,0,0,100,0,384,96,16,16,0,42,-172,0,0,100,0,320,112,48,48,0,54,-138,0,0,100,0,288,144,32,16,0,48,-142,0,0,100,0,256,160,32,32,0,27,-138,0,0,100,0,288,160,32,32,0,27,-124,0,0,100,0,320,160,32,16,0,72,-147,0,0,100,0,256,112,32,32,0,60,-189,0,0,100,0,352,64,32,48,0,60,-189,0,0,100,0,224,64,32,56,0,74,-128,0,0,100,0,256,144,32,16,0,72,-141,0,0,100,0,304,112,16,32,0,35,-128,0,0,100,0,0,208,64,32,0,24,-245,0,0,100,0,0,0,144,208,0,
0,33,118,-185,0,1,100,0,144,256,16,16,0,105,-154,0,1,100,0,160,256,16,16,0,103,-171,0,1,100,0,176,256,16,16,0,123,-160,0,0,100,0,448,160,16,16,0,135,-149,0,0,100,0,352,192,16,32,0,134,-151,0,0,100,0,320,208,16,16,0,118,-185,0,0,100,0,192,192,32,32,0,103,-187,0,0,100,0,0,528,32,32,0,113,-169,0,0,100,0,464,160,16,32,0,123,-171,0,0,100,0,480,160,32,32,0,119,-170,0,0,100,0,512,160,16,16,0,126,-156,0,0,100,0,336,192,16,32,0,127,-156,0,0,100,0,320,192,16,16,0,79,-111,0,0,100,0,144,32,32,32,0,110,-127,0,0,100,0,272,0,32,32,0,44,-133,0,0,100,0,256,112,32,32,0,36,-179,0,0,100,0,288,64,32,48,0,36,-179,0,0,100,0,224,64,32,56,0,46,-114,0,0,100,0,256,144,32,16,0,52,-133,0,0,100,0,288,112,16,32,0,63,-156,0,0,60,0,384,96,16,16,0,42,-171,0,0,100,0,320,112,48,48,0,54,-137,0,0,100,0,288,144,32,16,0,48,-142,0,0,100,0,256,160,32,32,0,27,-138,0,0,100,0,288,160,32,32,0,27,-124,0,0,100,0,320,160,32,16,0,72,-147,0,0,100,0,256,112,32,32,0,60,-189,0,0,100,0,320,64,32,48,0,60,-189,0,0,100,0,224,64,32,56,0,74,-128,0,0,100,0,256,144,32,16,0,72,-141,0,0,100,0,304,112,16,32,0,35,-128,0,0,100,0,0,208,64,32,0,24,-245,0,0,100,0,0,0,144,208,0,
0,36,126,-154,0,1,100,0,144,256,16,16,0,99,-179,0,1,100,0,144,256,16,16,0,117,-182,0,1,100,0,160,256,16,16,0,106,-158,0,1,100,0,176,256,16,16,0,108,-168,0,1,100,0,192,256,16,16,0,124,-161,0,0,100,0,448,160,16,16,0,136,-150,0,0,100,0,352,192,16,32,0,135,-152,0,0,100,0,320,208,16,16,0,119,-186,0,0,100,0,192,192,32,32,0,103,-187,0,0,100,0,32,528,32,32,0,113,-202,0,0,25,0,576,160,48,48,0,114,-170,0,0,100,0,464,160,16,32,0,124,-172,0,0,100,0,480,160,32,32,0,120,-171,0,0,100,0,512,160,16,16,0,127,-157,0,0,100,0,336,192,16,32,0,128,-157,0,0,100,0,320,192,16,16,0,79,-111,0,0,100,0,144,32,32,32,0,110,-127,0,0,100,0,304,0,32,32,0,44,-133,0,0,100,0,256,112,32,32,0,36,-180,0,0,100,0,320,64,32,48,0,36,-180,0,0,100,0,224,64,32,56,0,46,-114,0,0,100,0,256,144,32,16,0,52,-133,0,0,100,0,288,112,16,32,0,63,-158,0,0,40,0,384,96,16,16,0,42,-173,0,0,100,0,320,112,48,48,0,54,-138,0,0,100,0,288,144,32,16,0,48,-142,0,0,100,0,256,160,32,32,0,27,-138,0,0,100,0,288,160,32,32,0,27,-124,0,0,100,0,320,160,32,16,0,72,-147,0,0,100,0,256,112,32,32,0,60,-190,0,0,100,0,288,64,32,48,0,60,-190,0,0,100,0,224,64,32,56,0,74,-128,0,0,100,0,256,144,32,16,0,72,-141,0,0,100,0,304,112,16,32,0,35,-128,0,0,100,0,0,208,64,32,0,24,-245,0,0,100,0,0,0,144,208,0,
0,35,124,-156,0,1,100,0,160,256,16,16,0,104,-177,0,1,100,0,160,256,16,16,0,115,-180,0,1,100,0,176,256,16,16,0,108,-162,0,1,100,0,192,256,16,16,0,109,-167,0,1,50,0,192,256,16,16,0,124,-161,0,0,100,0,448,160,16,16,0,137,-150,0,0,100,0,352,192,16,32,0,136,-152,0,0,100,0,320,208,16,16,0,120,-186,0,0,100,0,192,192,32,32,0,103,-187,0,0,100,0,64,528,32,32,0,115,-171,0,0,100,0,464,160,16,32,0,115,-203,0,0,50,0,576,160,48,48,0,125,-172,0,0,100,0,480,160,32,32,0,120,-172,0,0,100,0,512,160,16,16,0,128,-157,0,0,100,0,336,192,16,32,0,129,-157,0,0,100,0,320,192,16,16,0,79,-111,0,0,100,0,144,32,32,32,0,110,-127,0,0,100,0,144,0,32,32,0,44,-133,0,0,100,0,256,112,32,32,0,36,-181,0,0,100,0,352,64,32,48,0,36,-181,0,0,100,0,224,64,32,56,0,46,-114,0,0,100,0,256,144,32,16,0,52,-133,0,0,100,0,288,112,16,32,0,42,-174,0,0,100,0,320,112,48,48,0,54,-139,0,0,100,0,288,144,32,16,0,48,-142,0,0,100,0,256,160,32,32,0,27,-138,0,0,100,0,288,160,32,32,0,27,-124,0,0,100,0,320,160,32,16,0,72,-147,0,0,100,0,256,112,32,32,0,60,-191,0,0,100,0,256,64,32,48,0,60,-191,0,0,100,0,224,64,32,56,0,74,-128,0,0,100,0,256,144,32,16,0,72,-141,0,0,100,0,304,112,16,32,0,35,-128,0,0,100,0,0,208,64,32,0,24,-245,0,0,100,0,0,0,144,208,0,
0,36,141,-204,0,1,100,0,144,256,16,16,0,139,-185,0,1,100,0,144,256,16,16,0,107,-152,0,1,100,0,144,256,16,16,0,120,-161,0,1,100,0,176,256,16,16,0,107,-176,0,1,100,0,176,256,16,16,0,114,-177,0,1,100,0,192,256,16,16,0,110,-164,0,1,50,0,192,256,16,16,0,125,-162,0,0,100,0,448,160,16,16,0,138,-151,0,0,100,0,352,192,16,32,0,137,-153,0,0,100,0,320,208,16,16,0,121,-187,0,0,100,0,192,192,32,32,0,116,-172,0,0,100,0,464,160,16,32,0,116,-204,0,0,80,0,576,160,48,48,0,126,-173,0,0,100,0,480,160,32,32,0,121,-173,0,0,100,0,512,160,16,16,0,129,-158,0,0,100,0,336,192,16,32,0,130,-158,0,0,100,0,320,192,16,16,0,79,-111,0,0,100,0,144,32,32,32,0,110,-127,0,0,100,0,144,0,32,32,0,44,-138,0,0,100,0,256,112,32,32,0,36,-184,0,0,100,0,256,64,32,48,0,36,-184,0,0,100,0,224,64,32,56,0,46,-118,0,0,100,0,256,144,32,16,0,52,-133,0,0,100,0,288,112,16,32,0,42,-173,0,0,100,0,320,112,48,48,0,54,-139,0,0,100,0,288,144,32,16,0,48,-142,0,0,100,0,256,160,32,32,0,27,-138,0,0,100,0,288,160,32,32,0,27,-124,0,0,100,0,320,160,32,16,0,72,-148,0,0,100,0,256,112,32,32,0,60,-190,0,0,100,0,352,64,32,48,0,60,-190,0,0,100,0,224,64,32,56,0,74,-128,0,0,100,0,256,144,32,16,0,72,-141,0,0,100,0,304,112,16,32,0,35,-128,0,0,100,0,0,208,64,32,0,24,-245,0,0,100,0,0,0,144,208,0,
0,36,135,-205,0,0,100,0,0,560,32,32,0,139,-200,0,1,100,0,160,256,16,16,0,136,-183,0,1,100,0,160,256,16,16,0,109,-155,0,1,100,0,160,256,16,16,0,117,-165,0,1,100,0,192,256,16,16,0,111,-174,0,1,100,0,192,256,16,16,0,113,-175,0,1,50,0,192,256,16,16,0,127,-162,0,0,100,0,448,160,16,16,0,140,-151,0,0,100,0,352,192,16,32,0,139,-153,0,0,100,0,320,208,16,16,0,123,-187,0,0,100,0,192,192,32,32,0,117,-172,0,0,100,0,464,160,16,32,0,118,-204,0,0,100,0,576,160,48,48,0,128,-173,0,0,100,0,480,160,32,32,0,123,-174,0,0,100,0,512,160,16,16,0,131,-158,0,0,100,0,336,192,16,32,0,132,-158,0,0,100,0,320,192,16,16,0,79,-111,0,0,100,0,144,32,32,32,0,110,-127,0,0,100,0,176,0,32,32,0,45,-141,0,0,100,0,256,112,32,32,0,47,-121,0,0,100,0,256,144,32,16,0,36,-185,0,0,100,0,288,64,32,48,0,36,-185,0,0,100,0,224,64,32,56,0,52,-133,0,0,100,0,288,112,16,32,0,42,-173,0,0,100,0,320,112,48,48,0,54,-139,0,0,100,0,288,144,32,16,0,48,-142,0,0,100,0,256,160,32,32,0,27,-138,0,0,100,0,288,160,32,32,0,27,-124,0,0,100,0,320,160,32,16,0,72,-148,0,0,100,0,256,112,32,32,0,60,-189,0,0,100,0,320,64,32,48,0,60,-189,0,0,100,0,224,64,32,56,0,74,-128,0,0,100,0,256,144,32,16,0,72,-141,0,0,100,0,304,112,16,32,0,35,-128,0,0,100,0,0,208,64,32,0,24,-245,0,0,100,0,0,0,144,208,0,
0,36,136,-210,0,0,100,0,32,560,32,32,0,136,-197,0,1,100,0,176,256,16,16,0,115,-193,0,1,100,0,144,256,16,16,0,130,-181,0,1,100,0,176,256,16,16,0,110,-159,0,1,100,0,176,256,16,16,0,116,-167,0,1,50,0,192,256,16,16,0,114,-173,0,1,60,0,192,256,16,16,0,129,-162,0,0,100,0,448,160,16,16,0,142,-152,0,0,100,0,352,192,16,32,0,141,-154,0,0,100,0,320,208,16,16,0,125,-187,0,0,100,0,192,192,32,32,0,119,-195,0,0,100,0,528,160,48,32,0,120,-164,0,0,100,0,448,176,16,16,0,123,-171,0,0,100,0,512,176,16,16,0,130,-173,0,0,100,0,480,160,32,32,0,133,-158,0,0,100,0,336,192,16,32,0,134,-158,0,0,100,0,320,192,16,16,0,79,-111,0,0,100,0,144,32,32,32,0,110,-127,0,0,100,0,208,0,32,32,0,45,-142,0,0,100,0,256,112,32,32,0,47,-123,0,0,100,0,256,144,32,16,0,36,-185,0,0,100,0,320,64,32,48,0,36,-185,0,0,100,0,224,64,32,56,0,52,-133,0,0,100,0,288,112,16,32,0,42,-173,0,0,100,0,320,112,48,48,0,54,-139,0,0,100,0,288,144,32,16,0,48,-142,0,0,100,0,256,160,32,32,0,27,-138,0,0,100,0,288,160,32,32,0,27,-124,0,0,100,0,320,160,32,16,0,72,-147,0,0,100,0,256,112,32,32,0,60,-189,0,0,100,0,288,64,32,48,0,60,-189,0,0,100,0,224,64,32,56,0,74,-128,0,0,100,0,256,144,32,16,0,72,-141,0,0,100,0,304,112,16,32,0,35,-128,0,0,100,0,0,208,64,32,0,24,-245,0,0,100,0,0,0,144,208,0,
0,35,140,-216,0,0,100,0,64,560,32,32,0,133,-191,0,1,100,0,192,256,16,16,0,117,-189,0,1,100,0,160,256,16,16,0,126,-178,0,1,100,0,192,256,16,16,0,114,-163,0,1,100,0,192,256,16,16,0,116,-173,0,1,40,0,192,256,16,16,0,131,-161,0,0,100,0,448,160,16,16,0,144,-153,0,0,100,0,352,192,16,32,0,143,-155,0,0,100,0,320,208,16,16,0,127,-187,0,0,100,0,192,192,32,32,0,121,-193,0,0,100,0,528,160,48,32,0,122,-162,0,0,100,0,448,176,16,16,0,125,-169,0,0,100,0,512,176,16,16,0,132,-173,0,0,100,0,480,160,32,32,0,135,-158,0,0,100,0,336,192,16,32,0,136,-158,0,0,100,0,320,192,16,16,0,79,-111,0,0,100,0,144,32,32,32,0,110,-127,0,0,100,0,240,0,32,32,0,44,-132,0,0,100,0,256,112,32,32,0,36,-179,0,0,100,0,352,64,32,48,0,36,-179,0,0,100,0,224,64,32,56,0,46,-114,0,0,100,0,256,144,32,16,0,52,-133,0,0,100,0,288,112,16,32,0,42,-172,0,0,100,0,320,112,48,48,0,54,-139,0,0,100,0,288,144,32,16,0,48,-142,0,0,100,0,256,160,32,32,0,27,-138,0,0,100,0,288,160,32,32,0,27,-124,0,0,100,0,320,160,32,16,0,72,-147,0,0,100,0,256,112,32,32,0,60,-189,0,0,100,0,256,64,32,48,0,60,-189,0,0,100,0,224,64,32,56,0,74,-128,0,0,100,0,256,144,32,16,0,72,-141,0,0,100,0,304,112,16,32,0,35,-128,0,0,100,0,0,208,64,32,0,24,-245,0,0,100,0,0,0,144,208,0,
0,33,132,-187,0,1,50,0,192,256,16,16,0,119,-185,0,1,100,0,176,256,16,16,0,126,-176,0,1,50,0,192,256,16,16,0,119,-166,0,1,50,0,192,256,16,16,0,133,-161,0,0,100,0,448,160,16,16,0,146,-153,0,0,100,0,352,192,16,32,0,145,-155,0,0,100,0,320,208,16,16,0,129,-186,0,0,100,0,192,192,32,32,0,123,-193,0,0,100,0,528,160,48,32,0,124,-162,0,0,100,0,448,176,16,16,0,127,-169,0,0,100,0,512,176,16,16,0,134,-173,0,0,100,0,480,160,32,32,0,137,-159,0,0,100,0,336,192,16,32,0,138,-159,0,0,100,0,320,192,16,16,0,79,-111,0,0,100,0,144,32,32,32,0,110,-127,0,0,100,0,240,0,32,32,0,44,-133,0,0,100,0,256,112,32,32,0,36,-178,0,0,100,0,256,64,32,48,0,36,-178,0,0,100,0,224,64,32,56,0,46,-114,0,0,100,0,256,144,32,16,0,52,-133,0,0,100,0,288,112,16,32,0,42,-172,0,0,100,0,320,112,48,48,0,54,-138,0,0,100,0,288,144,32,16,0,48,-142,0,0,100,0,256,160,32,32,0,27,-138,0,0,100,0,288,160,32,32,0,27,-124,0,0,100,0,320,160,32,16,0,72,-147,0,0,100,0,256,112,32,32,0,60,-189,0,0,100,0,352,64,32,48,0,60,-189,0,0,100,0,224,64,32,56,0,74,-128,0,0,100,0,256,144,32,16,0,72,-141,0,0,100,0,304,112,16,32,0,35,-128,0,0,100,0,0,208,64,32,0,24,-245,0,0,100,0,0,0,144,208,0,
0,31,122,-180,0,1,100,0,192,256,16,16,0,134,-162,0,0,100,0,448,160,16,16,0,147,-152,0,0,100,0,352,192,16,32,0,146,-154,0,0,100,0,320,208,16,16,0,130,-187,0,0,100,0,192,192,32,32,0,124,-195,0,0,100,0,528,160,48,32,0,125,-164,0,0,100,0,448,176,16,16,0,128,-171,0,0,100,0,512,176,16,16,0,135,-173,0,0,100,0,480,160,32,32,0,138,-158,0,0,100,0,336,192,16,32,0,139,-158,0,0,100,0,320,192,16,16,0,118,-213,0,0,30,-180,688,192,64,64,0,79,-111,0,0,100,0,144,32,32,32,0,110,-127,0,0,100,0,272,0,32,32,0,44,-132,0,0,100,0,256,112,32,32,0,36,-179,0,0,100,0,288,64,32,48,0,36,-179,0,0,100,0,224,64,32,56,0,46,-114,0,0,100,0,256,144,32,16,0,52,-133,0,0,100,0,288,112,16,32,0,42,-171,0,0,100,0,320,112,48,48,0,54,-137,0,0,100,0,288,144,32,16,0,48,-142,0,0,100,0,256,160,32,32,0,27,-138,0,0,100,0,288,160,32,32,0,27,-124,0,0,100,0,320,160,32,16,0,72,-147,0,0,100,0,256,112,32,32,0,60,-189,0,0,100,0,320,64,32,48,0,60,-189,0,0,100,0,224,64,32,56,0,74,-128,0,0,100,0,256,144,32,16,0,72,-141,0,0,100,0,304,112,16,32,0,35,-128,0,0,100,0,0,208,64,32,0,24,-245,0,0,100,0,0,0,144,208,0,
0,31,123,-178,0,1,50,0,192,256,16,16,0,134,-163,0,0,100,0,448,160,16,16,0,147,-153,0,0,100,0,352,192,16,32,0,146,-155,0,0,100,0,320,208,16,16,0,130,-188,0,0,100,0,192,192,32,32,0,124,-196,0,0,100,0,528,160,48,32,0,125,-165,0,0,100,0,448,176,16,16,0,128,-172,0,0,100,0,512,176,16,16,0,135,-174,0,0,100,0,480,160,32,32,0,138,-159,0,0,100,0,336,192,16,32,0,139,-159,0,0,100,0,320,192,16,16,0,118,-213,0,0,60,-180,752,192,64,64,0,79,-111,0,0,100,0,144,32,32,32,0,110,-127,0,0,100,0,304,0,32,32,0,44,-133,0,0,100,0,256,112,32,32,0,36,-180,0,0,100,0,320,64,32,48,0,36,-180,0,0,100,0,224,64,32,56,0,46,-114,0,0,100,0,256,144,32,16,0,52,-133,0,0,100,0,288,112,16,32,0,42,-173,0,0,100,0,320,112,48,48,0,54,-138,0,0,100,0,288,144,32,16,0,48,-142,0,0,100,0,256,160,32,32,0,27,-138,0,0,100,0,288,160,32,32,0,27,-124,0,0,100,0,320,160,32,16,0,72,-151,0,0,100,0,256,112,32,32,0,60,-194,0,0,100,0,288,64,32,48,0,60,-194,0,0,100,0,224,64,32,56,0,74,-132,0,0,100,0,256,144,32,16,0,72,-141,0,0,100,0,304,112,16,32,0,35,-128,0,0,100,0,0,208,64,32,0,24,-245,0,0,100,0,0,0,144,208,0,
0,30,134,-164,0,0,100,0,448,160,16,16,0,147,-154,0,0,100,0,352,192,16,32,0,146,-156,0,0,100,0,320,208,16,16,0,130,-189,0,0,100,0,192,192,32,32,0,124,-197,0,0,100,0,528,160,48,32,0,125,-166,0,0,100,0,448,176,16,16,0,128,-173,0,0,100,0,512,176,16,16,0,135,-175,0,0,100,0,480,160,32,32,0,138,-160,0,0,100,0,336,192,16,32,0,139,-160,0,0,100,0,320,192,16,16,0,118,-213,0,0,80,-180,816,192,64,64,0,79,-111,0,0,100,0,144,32,32,32,0,110,-127,0,0,100,0,144,0,32,32,0,44,-133,0,0,100,0,256,112,32,32,0,36,-181,0,0,100,0,352,64,32,48,0,36,-181,0,0,100,0,224,64,32,56,0,46,-114,0,0,100,0,256,144,32,16,0,52,-133,0,0,100,0,288,112,16,32,0,42,-174,0,0,100,0,320,112,48,48,0,54,-139,0,0,100,0,288,144,32,16,0,48,-142,0,0,100,0,256,160,32,32,0,27,-138,0,0,100,0,288,160,32,32,0,27,-124,0,0,100,0,320,160,32,16,0,73,-154,0,0,100,0,256,112,32,32,0,75,-135,0,0,100,0,256,144,32,16,0,60,-195,0,0,100,0,256,64,32,48,0,60,-195,0,0,100,0,224,64,32,56,0,72,-141,0,0,100,0,304,112,16,32,0,35,-128,0,0,100,0,0,208,64,32,0,24,-245,0,0,100,0,0,0,144,208,0,
0,37,161,-168,0,1,100,0,144,256,16,16,0,169,-163,0,1,100,0,144,256,16,16,0,111,-216,0,1,100,0,144,256,16,16,0,115,-189,0,1,100,0,192,256,16,16,0,144,-212,0,1,100,0,192,256,16,16,0,136,-182,0,1,100,0,160,256,16,16,0,134,-164,0,0,100,0,448,160,16,16,0,147,-154,0,0,100,0,352,192,16,32,0,146,-156,0,0,100,0,320,208,16,16,0,130,-189,0,0,100,0,192,192,32,32,0,126,-205,0,0,100,0,816,80,48,48,0,124,-196,0,0,100,0,528,160,48,32,0,125,-165,0,0,100,0,448,176,16,16,0,128,-172,0,0,100,0,512,176,16,16,0,135,-175,0,0,100,0,480,160,32,32,0,138,-160,0,0,100,0,336,192,16,32,0,139,-160,0,0,100,0,320,192,16,16,0,118,-213,0,0,100,0,624,128,64,64,0,79,-111,0,0,100,0,144,32,32,32,0,110,-127,0,0,100,0,144,0,32,32,0,44,-134,0,0,100,0,256,112,32,32,0,36,-180,0,0,100,0,256,64,32,48,0,36,-180,0,0,100,0,224,64,32,56,0,46,-114,0,0,100,0,256,144,32,16,0,52,-133,0,0,100,0,288,112,16,32,0,42,-173,0,0,100,0,320,112,48,48,0,54,-139,0,0,100,0,288,144,32,16,0,48,-142,0,0,100,0,256,160,32,32,0,27,-138,0,0,100,0,288,160,32,32,0,27,-124,0,0,100,0,320,160,32,16,0,73,-155,0,0,100,0,256,112,32,32,0,75,-136,0,0,100,0,256,144,32,16,0,60,-195,0,0,100,0,352,64,32,48,0,60,-195,0,0,100,0,224,64,32,56,0,72,-141,0,0,100,0,304,112,16,32,0,35,-128,0,0,100,0,0,208,64,32,0,24,-245,0,0,100,0,0,0,144,208,0,
0,37,164,-216,0,1,100,0,144,256,16,16,0,156,-162,0,1,100,0,160,256,16,16,0,167,-165,0,1,100,0,160,256,16,16,0,116,-212,0,1,100,0,160,256,16,16,0,120,-189,0,1,100,0,192,256,16,16,0,143,-208,0,1,100,0,176,256,16,16,0,134,-164,0,0,100,0,448,160,16,16,0,147,-154,0,0,100,0,352,192,16,32,0,146,-156,0,0,100,0,320,208,16,16,0,130,-189,0,0,100,0,192,192,32,32,0,135,-175,0,0,100,0,480,160,32,32,0,138,-160,0,0,100,0,336,192,16,32,0,139,-160,0,0,100,0,320,192,16,16,0,126,-205,0,0,100,0,864,80,48,48,0,124,-197,0,0,100,0,528,160,48,32,0,125,-166,0,0,100,0,448,176,16,16,0,128,-173,0,0,100,0,512,176,16,16,0,118,-213,0,0,100,0,688,128,64,64,0,79,-111,0,0,100,0,144,32,32,32,0,110,-127,0,0,100,0,176,0,32,32,0,44,-134,0,0,100,0,256,112,32,32,0,36,-179,0,0,100,0,288,64,32,48,0,36,-179,0,0,100,0,224,64,32,56,0,46,-114,0,0,100,0,256,144,32,16,0,52,-133,0,0,100,0,288,112,16,32,0,42,-173,0,0,100,0,320,112,48,48,0,54,-139,0,0,100,0,288,144,32,16,0,48,-142,0,0,100,0,256,160,32,32,0,27,-138,0,0,100,0,288,160,32,32,0,27,-124,0,0,100,0,320,160,32,16,0,72,-147,0,0,100,0,256,112,32,32,0,60,-189,0,0,100,0,320,64,32,48,0,60,-189,0,0,100,0,224,64,32,56,0,74,-128,0,0,100,0,256,144,32,16,0,72,-141,0,0,100,0,304,112,16,32,0,35,-128,0,0,100,0,0,208,64,32,0,24,-245,0,0,100,0,0,0,144,208,0,
0,37,162,-213,0,1,100,0,160,256,16,16,0,153,-167,0,1,100,0,176,256,16,16,0,163,-169,0,1,100,0,176,256,16,16,0,119,-209,0,1,100,0,176,256,16,16,0,126,-189,0,1,100,0,176,256,16,16,0,143,-204,0,1,100,0,160,256,16,16,0,134,-164,0,0,100,0,448,160,16,16,0,147,-154,0,0,100,0,352,192,16,32,0,146,-156,0,0,100,0,320,208,16,16,0,130,-189,0,0,100,0,192,192,32,32,0,135,-175,0,0,100,0,480,160,32,32,0,138,-160,0,0,100,0,336,192,16,32,0,139,-160,0,0,100,0,320,192,16,16,0,126,-205,0,0,100,0,816,32,48,48,0,124,-196,0,0,100,0,528,160,48,32,0,125,-165,0,0,100,0,448,176,16,16,0,128,-172,0,0,100,0,512,176,16,16,0,118,-213,0,0,100,0,752,128,64,64,0,79,-111,0,0,100,0,144,32,32,32,0,110,-127,0,0,100,0,208,0,32,32,0,44,-133,0,0,100,0,256,112,32,32,0,36,-179,0,0,100,0,320,64,32,48,0,36,-179,0,0,100,0,224,64,32,56,0,46,-114,0,0,100,0,256,144,32,16,0,52,-133,0,0,100,0,288,112,16,32,0,42,-173,0,0,100,0,320,112,48,48,0,54,-139,0,0,100,0,288,144,32,16,0,48,-142,0,0,100,0,256,160,32,32,0,27,-138,0,0,100,0,288,160,32,32,0,27,-124,0,0,100,0,320,160,32,16,0,72,-148,0,0,100,0,256,112,32,32,0,60,-189,0,0,100,0,288,64,32,48,0,60,-189,0,0,100,0,224,64,32,56,0,74,-128,0,0,100,0,256,144,32,16,0,72,-141,0,0,100,0,304,112,16,32,0,35,-128,0,0,100,0,0,208,64,32,0,24,-245,0,0,100,0,0,0,144,208,0,
0,38,120,-163,0,1,100,0,160,256,16,16,0,159,-210,0,1,100,0,176,256,16,16,0,150,-172,0,1,100,0,192,256,16,16,0,159,-173,0,1,100,0,192,256,16,16,0,124,-205,0,1,100,0,192,256,16,16,0,131,-189,0,1,100,0,160,256,16,16,0,143,-202,0,1,100,0,160,256,16,16,0,134,-164,0,0,100,0,448,160,16,16,0,147,-154,0,0,100,0,352,192,16,32,0,146,-156,0,0,100,0,320,208,16,16,0,130,-189,0,0,100,0,192,192,32,32,0,135,-175,0,0,100,0,480,160,32,32,0,138,-160,0,0,100,0,336,192,16,32,0,139,-160,0,0,100,0,320,192,16,16,0,126,-205,0,0,100,0,864,32,48,48,0,124,-197,0,0,100,0,528,160,48,32,0,125,-166,0,0,100,0,448,176,16,16,0,128,-173,0,0,100,0,512,176,16,16,0,118,-213,0,0,100,0,816,128,64,64,0,79,-111,0,0,100,0,144,32,32,32,0,110,-127,0,0,100,0,240,0,32,32,0,44,-133,0,0,100,0,256,112,32,32,0,36,-179,0,0,100,0,352,64,32,48,0,36,-179,0,0,100,0,224,64,32,56,0,46,-114,0,0,100,0,256,144,32,16,0,52,-133,0,0,100,0,288,112,16,32,0,42,-172,0,0,100,0,320,112,48,48,0,54,-139,0,0,100,0,288,144,32,16,0,48,-142,0,0,100,0,256,160,32,32,0,27,-138,0,0,100,0,288,160,32,32,0,27,-124,0,0,100,0,320,160,32,16,0,72,-147,0,0,100,0,256,112,32,32,0,60,-189,0,0,100,0,256,64,32,48,0,60,-189,0,0,100,0,224,64,32,56,0,74,-128,0,0,100,0,256,144,32,16,0,72,-141,0,0,100,0,304,112,16,32,0,35,-128,0,0,100,0,0,208,64,32,0,24,-245,0,0,100,0,0,0,144,208,0,
0,38,147,-227,0,1,100,0,144,256,16,16,0,123,-167,0,1,100,0,176,256,16,16,0,155,-206,0,1,100,0,192,256,16,16,0,147,-177,0,1,100,0,192,256,16,16,0,155,-177,0,1,100,0,192,256,16,16,0,128,-201,0,1,100,0,192,256,16,16,0,131,-198,0,1,100,0,176,256,16,16,0,134,-164,0,0,100,0,448,160,16,16,0,147,-154,0,0,100,0,352,192,16,32,0,146,-156,0,0,100,0,320,208,16,16,0,130,-189,0,0,100,0,192,192,32,32,0,135,-175,0,0,100,0,480,160,32,32,0,138,-160,0,0,100,0,336,192,16,32,0,139,-160,0,0,100,0,320,192,16,16,0,134,-197,0,0,100,0,816,0,32,32,0,124,-196,0,0,100,0,528,160,48,32,0,125,-165,0,0,100,0,448,176,16,16,0,128,-172,0,0,100,0,512,176,16,16,0,118,-213,0,0,100,0,624,192,64,64,0,79,-111,0,0,100,0,144,32,32,32,0,110,-127,0,0,100,0,240,0,32,32,0,44,-133,0,0,100,0,256,112,32,32,0,36,-179,0,0,100,0,256,64,32,48,0,36,-179,0,0,100,0,224,64,32,56,0,46,-114,0,0,100,0,256,144,32,16,0,52,-133,0,0,100,0,288,112,16,32,0,42,-172,0,0,100,0,320,112,48,48,0,54,-138,0,0,100,0,288,144,32,16,0,48,-142,0,0,100,0,256,160,32,32,0,27,-138,0,0,100,0,288,160,32,32,0,27,-124,0,0,100,0,320,160,32,16,0,72,-147,0,0,100,0,256,112,32,32,0,60,-189,0,0,100,0,352,64,32,48,0,60,-189,0,0,100,0,224,64,32,56,0,74,-128,0,0,100,0,256,144,32,16,0,72,-141,0,0,100,0,304,112,16,32,0,35,-128,0,0,100,0,0,208,64,32,0,24,-245,0,0,100,0,0,0,144,208,0,
0,38,103,-188,0,1,100,0,144,256,16,16,0,147,-224,0,1,100,0,160,256,16,16,0,126,-171,0,1,100,0,192,256,16,16,0,152,-202,0,1,100,0,192,256,16,16,0,145,-181,0,1,100,0,176,256,16,16,0,152,-180,0,1,100,0,176,256,16,16,0,131,-198,0,1,100,0,176,256,16,16,0,134,-164,0,0,100,0,448,160,16,16,0,147,-154,0,0,100,0,352,192,16,32,0,146,-156,0,0,100,0,320,208,16,16,0,130,-189,0,0,100,0,192,192,32,32,0,135,-175,0,0,100,0,480,160,32,32,0,138,-160,0,0,100,0,336,192,16,32,0,139,-160,0,0,100,0,320,192,16,16,0,134,-197,0,0,100,0,848,0,32,32,0,124,-197,0,0,100,0,528,160,48,32,0,125,-166,0,0,100,0,448,176,16,16,0,128,-173,0,0,100,0,512,176,16,16,0,118,-213,0,0,100,0,688,192,64,64,0,79,-111,0,0,100,0,144,32,32,32,0,110,-127,0,0,100,0,272,0,32,32,0,44,-133,0,0,100,0,256,112,32,32,0,36,-179,0,0,100,0,288,64,32,48,0,36,-179,0,0,100,0,224,64,32,56,0,46,-114,0,0,100,0,256,144,32,16,0,52,-133,0,0,100,0,288,112,16,32,0,42,-171,0,0,100,0,320,112,48,48,0,54,-137,0,0,100,0,288,144,32,16,0,48,-142,0,0,100,0,256,160,32,32,0,27,-138,0,0,100,0,288,160,32,32,0,27,-124,0,0,100,0,320,160,32,16,0,72,-147,0,0,100,0,256,112,32,32,0,60,-189,0,0,100,0,320,64,32,48,0,60,-189,0,0,100,0,224,64,32,56,0,74,-128,0,0,100,0,256,144,32,16,0,72,-141,0,0,100,0,304,112,16,32,0,35,-128,0,0,100,0,0,208,64,32,0,24,-245,0,0,100,0,0,0,144,208,0,
0,38,107,-188,0,1,100,0,160,256,16,16,0,146,-221,0,1,100,0,176,256,16,16,0,129,-175,0,1,100,0,192,256,16,16,0,149,-198,0,1,100,0,176,256,16,16,0,144,-185,0,1,100,0,160,256,16,16,0,149,-183,0,1,100,0,160,256,16,16,0,134,-195,0,1,100,0,160,256,16,16,0,134,-164,0,0,100,0,448,160,16,16,0,147,-154,0,0,100,0,352,192,16,32,0,146,-156,0,0,100,0,320,208,16,16,0,130,-189,0,0,100,0,192,192,32,32,0,135,-175,0,0,100,0,480,160,32,32,0,138,-160,0,0,100,0,336,192,16,32,0,139,-160,0,0,100,0,320,192,16,16,0,134,-197,0,0,100,0,880,0,32,32,0,124,-196,0,0,100,0,528,160,48,32,0,125,-165,0,0,100,0,448,176,16,16,0,128,-172,0,0,100,0,512,176,16,16,0,118,-213,0,0,100,0,752,192,64,64,0,79,-111,0,0,100,0,144,32,32,32,0,110,-127,0,0,100,0,304,0,32,32,0,44,-133,0,0,100,0,256,112,32,32,0,36,-179,0,0,100,0,288,64,32,48,0,36,-179,0,0,100,0,224,64,32,56,0,46,-114,0,0,100,0,256,144,32,16,0,52,-133,0,0,100,0,288,112,16,32,0,42,-171,0,0,100,0,320,112,48,48,0,54,-137,0,0,100,0,288,144,32,16,0,48,-142,0,0,100,0,256,160,32,32,0,27,-138,0,0,100,0,288,160,32,32,0,27,-124,0,0,100,0,320,160,32,16,0,72,-147,0,0,100,0,256,112,32,32,0,60,-189,0,0,100,0,320,64,32,48,0,60,-189,0,0,100,0,224,64,32,56,0,74,-128,0,0,100,0,256,144,32,16,0,72,-141,0,0,100,0,304,112,16,32,0,35,-128,0,0,100,0,0,208,64,32,0,24,-245,0,0,100,0,0,0,144,208,0,
0,35,110,-189,0,1,100,0,176,256,16,16,0,145,-217,0,1,100,0,192,256,16,16,0,133,-179,0,1,100,0,176,256,16,16,0,147,-194,0,1,100,0,160,256,16,16,0,134,-164,0,0,100,0,448,160,16,16,0,147,-154,0,0,100,0,352,192,16,32,0,146,-156,0,0,100,0,320,208,16,16,0,130,-189,0,0,100,0,192,192,32,32,0,135,-175,0,0,100,0,480,160,32,32,0,138,-160,0,0,100,0,336,192,16,32,0,139,-160,0,0,100,0,320,192,16,16,0,124,-197,0,0,100,0,528,160,48,32,0,125,-166,0,0,100,0,448,176,16,16,0,128,-173,0,0,100,0,512,176,16,16,0,118,-213,0,0,100,0,816,192,64,64,0,79,-111,0,0,100,0,144,32,32,32,0,110,-127,0,0,100,0,144,0,32,32,0,44,-133,0,0,100,0,256,112,32,32,0,36,-179,0,0,100,0,352,64,32,16,0,36,-179,0,0,100,0,288,64,32,48,0,36,-179,0,0,100,0,224,64,32,56,0,46,-114,0,0,100,0,256,144,32,16,0,52,-133,0,0,100,0,288,112,16,32,0,42,-171,0,0,100,0,320,112,48,48,0,54,-137,0,0,100,0,288,144,32,16,0,48,-142,0,0,100,0,256,160,32,32,0,27,-138,0,0,100,0,288,160,32,32,0,27,-124,0,0,100,0,320,160,32,16,0,72,-147,0,0,100,0,256,112,32,32,0,60,-189,0,0,100,0,320,64,32,48,0,60,-189,0,0,100,0,224,64,32,56,0,74,-128,0,0,100,0,256,144,32,16,0,72,-141,0,0,100,0,304,112,16,32,0,35,-128,0,0,100,0,0,208,64,32,0,24,-245,0,0,100,0,0,0,144,208,0,
0,40,161,-168,0,1,100,0,144,256,16,16,0,169,-163,0,1,100,0,144,256,16,16,0,111,-216,0,1,100,0,144,256,16,16,0,134,-164,0,0,100,0,448,160,16,16,0,147,-154,0,0,100,0,352,192,16,32,0,146,-156,0,0,100,0,320,208,16,16,0,130,-189,0,0,100,0,192,192,32,32,0,135,-175,0,0,100,0,480,160,32,32,0,138,-160,0,0,100,0,336,192,16,32,0,139,-160,0,0,100,0,320,192,16,16,0,126,-205,0,0,100,0,816,80,48,48,0,124,-196,0,0,100,0,528,160,48,32,0,125,-165,0,0,100,0,448,176,16,16,0,128,-172,0,0,100,0,512,176,16,16,0,118,-213,0,0,100,-180,624,128,64,64,0,79,-111,0,0,100,0,144,32,32,32,0,110,-127,0,0,100,0,144,0,32,32,0,51,-130,0,1,100,0,192,272,16,16,0,77,-160,0,1,100,0,192,272,16,16,0,44,-133,0,0,100,0,256,112,32,32,0,36,-165,0,0,100,0,352,80,32,32,0,60,-189,0,0,100,0,352,64,32,16,0,36,-179,0,0,100,0,256,64,32,16,0,36,-170,0,1,50,0,384,64,32,32,0,36,-179,0,0,100,0,224,64,32,56,0,46,-114,0,0,100,0,256,144,32,16,0,52,-133,0,0,100,0,288,112,16,32,0,42,-171,0,0,100,0,320,112,48,48,0,54,-137,0,0,100,0,288,144,32,16,0,48,-142,0,0,100,0,256,160,32,32,0,27,-138,0,0,100,0,288,160,32,32,0,27,-124,0,0,100,0,320,160,32,16,0,72,-147,0,0,100,0,256,112,32,32,0,60,-173,0,0,100,0,320,80,32,32,0,60,-180,0,1,50,0,384,64,32,32,0,60,-189,0,0,100,0,224,64,32,56,0,74,-128,0,0,100,0,256,144,32,16,0,72,-141,0,0,100,0,304,112,16,32,0,35,-128,0,0,100,0,0,208,64,32,0,24,-245,0,0,100,0,0,0,144,208,0,
0,42,164,-216,0,1,100,0,144,256,16,16,0,156,-162,0,1,100,0,160,256,16,16,0,167,-165,0,1,100,0,160,256,16,16,0,116,-212,0,1,100,0,160,256,16,16,0,134,-164,0,0,100,0,448,160,16,16,0,147,-154,0,0,100,0,352,192,16,32,0,146,-156,0,0,100,0,320,208,16,16,0,130,-189,0,0,100,0,192,192,32,32,0,135,-175,0,0,100,0,480,160,32,32,0,138,-160,0,0,100,0,336,192,16,32,0,139,-160,0,0,100,0,320,192,16,16,0,126,-205,0,0,100,0,864,80,48,48,0,124,-197,0,0,100,0,528,160,48,32,0,125,-166,0,0,100,0,448,176,16,16,0,128,-173,0,0,100,0,512,176,16,16,0,118,-213,0,0,100,-180,688,128,64,64,0,79,-111,0,0,100,0,144,32,32,32,0,110,-127,0,0,100,0,176,0,32,32,0,51,-134,0,1,100,0,176,272,16,16,0,31,-147,0,1,100,0,192,272,16,16,0,77,-164,0,1,100,0,176,272,16,16,0,44,-133,0,0,100,0,256,112,32,32,0,36,-169,0,0,100,0,256,80,32,32,0,36,-170,0,1,80,0,384,64,32,32,0,60,-189,0,0,100,0,320,64,32,16,0,36,-179,0,0,100,0,288,64,32,16,0,36,-179,0,0,100,0,224,64,32,56,0,46,-114,0,0,100,0,256,144,32,16,0,52,-133,0,0,100,0,288,112,16,32,0,42,-171,0,0,100,0,320,112,48,48,0,54,-137,0,0,100,0,288,144,32,16,0,48,-142,0,0,100,0,256,160,32,32,0,27,-138,0,0,100,0,288,160,32,32,0,27,-124,0,0,100,0,320,160,32,16,0,72,-147,0,0,100,0,256,112,32,32,0,60,-175,0,0,100,0,288,80,32,32,0,60,-180,0,1,80,0,384,64,32,32,0,60,-189,0,0,100,0,224,64,32,56,0,74,-128,0,0,100,0,256,144,32,16,0,72,-141,0,0,100,0,304,112,16,32,0,35,-128,0,0,100,0,0,208,64,32,0,24,-245,0,0,100,0,0,0,144,208,0,
0,43,162,-213,0,1,100,0,160,256,16,16,0,153,-167,0,1,100,0,176,256,16,16,0,163,-169,0,1,100,0,176,256,16,16,0,119,-209,0,1,100,0,176,256,16,16,0,134,-164,0,0,100,0,448,160,16,16,0,147,-154,0,0,100,0,352,192,16,32,0,146,-156,0,0,100,0,320,208,16,16,0,130,-189,0,0,100,0,192,192,32,32,0,135,-175,0,0,100,0,480,160,32,32,0,138,-160,0,0,100,0,336,192,16,32,0,139,-160,0,0,100,0,320,192,16,16,0,126,-205,0,0,100,0,816,32,48,48,0,124,-196,0,0,100,0,528,160,48,32,0,125,-165,0,0,100,0,448,176,16,16,0,128,-172,0,0,100,0,512,176,16,16,0,118,-213,0,0,100,-180,752,128,64,64,0,79,-111,0,0,100,0,144,32,32,32,0,110,-127,0,0,100,0,208,0,32,32,0,61,-156,0,1,100,0,192,272,16,16,0,52,-139,0,1,100,0,160,272,16,16,0,31,-151,0,1,100,0,176,272,16,16,0,78,-169,0,1,100,0,160,272,16,16,0,44,-133,0,0,100,0,256,112,32,32,0,36,-172,0,0,100,0,288,80,32,32,0,36,-170,0,1,90,0,384,64,32,32,0,60,-189,0,0,100,0,288,64,32,16,0,36,-179,0,0,100,0,320,64,32,16,0,36,-179,0,0,100,0,224,64,32,56,0,46,-114,0,0,100,0,256,144,32,16,0,52,-133,0,0,100,0,288,112,16,32,0,42,-171,0,0,100,0,320,112,48,48,0,54,-137,0,0,100,0,288,144,32,16,0,48,-142,0,0,100,0,256,160,32,32,0,27,-138,0,0,100,0,288,160,32,32,0,27,-124,0,0,100,0,320,160,32,16,0,72,-147,0,0,100,0,256,112,32,32,0,60,-179,0,0,100,0,256,80,32,32,0,60,-180,0,1,90,0,384,64,32,32,0,60,-189,0,0,100,0,224,64,32,56,0,74,-128,0,0,100,0,256,144,32,16,0,72,-141,0,0,100,0,304,112,16,32,0,35,-128,0,0,100,0,0,208,64,32,0,24,-245,0,0,100,0,0,0,144,208,0,
0,44,120,-163,0,1,100,0,160,256,16,16,0,159,-210,0,1,100,0,176,256,16,16,0,150,-172,0,1,100,0,192,256,16,16,0,159,-173,0,1,100,0,192,256,16,16,0,124,-205,0,1,100,0,192,256,16,16,0,134,-164,0,0,100,0,448,160,16,16,0,147,-154,0,0,100,0,352,192,16,32,0,146,-156,0,0,100,0,320,208,16,16,0,130,-189,0,0,100,0,192,192,32,32,0,135,-175,0,0,100,0,480,160,32,32,0,138,-160,0,0,100,0,336,192,16,32,0,139,-160,0,0,100,0,320,192,16,16,0,126,-205,0,0,100,0,864,32,48,48,0,124,-197,0,0,100,0,528,160,48,32,0,125,-166,0,0,100,0,448,176,16,16,0,128,-173,0,0,100,0,512,176,16,16,0,118,-213,0,0,100,-180,816,128,64,64,0,79,-111,0,0,100,0,144,32,32,32,0,110,-127,0,0,100,0,240,0,32,32,0,61,-160,0,1,100,0,176,272,16,16,0,51,-142,0,1,100,0,144,272,16,16,0,32,-156,0,1,100,0,160,272,16,16,0,77,-172,0,1,100,0,144,272,16,16,0,44,-133,0,0,100,0,256,112,32,32,0,36,-174,0,0,100,0,320,80,32,32,0,36,-170,0,1,100,0,384,64,32,32,0,60,-189,0,0,100,0,256,64,32,16,0,36,-179,0,0,100,0,352,64,32,16,0,36,-179,0,0,100,0,224,64,32,56,0,46,-114,0,0,100,0,256,144,32,16,0,52,-133,0,0,100,0,288,112,16,32,0,42,-171,0,0,100,0,320,112,48,48,0,54,-137,0,0,100,0,288,144,32,16,0,48,-142,0,0,100,0,256,160,32,32,0,27,-138,0,0,100,0,288,160,32,32,0,27,-124,0,0,100,0,320,160,32,16,0,72,-147,0,0,100,0,256,112,32,32,0,60,-181,0,0,100,0,352,80,32,32,0,60,-180,0,1,100,0,384,64,32,32,0,60,-189,0,0,100,0,224,64,32,56,0,74,-128,0,0,100,0,256,144,32,16,0,72,-141,0,0,100,0,304,112,16,32,0,35,-128,0,0,100,0,0,208,64,32,0,24,-245,0,0,100,0,0,0,144,208,0,
0,44,147,-227,0,1,100,0,144,256,16,16,0,123,-167,0,1,100,0,176,256,16,16,0,155,-206,0,1,100,0,192,256,16,16,0,147,-177,0,1,100,0,192,256,16,16,0,155,-177,0,1,100,0,192,256,16,16,0,128,-201,0,1,100,0,192,256,16,16,0,131,-198,0,1,100,0,176,256,16,16,0,134,-164,0,0,100,0,448,160,16,16,0,147,-154,0,0,100,0,352,192,16,32,0,146,-156,0,0,100,0,320,208,16,16,0,130,-189,0,0,100,0,192,192,32,32,0,135,-175,0,0,100,0,480,160,32,32,0,138,-160,0,0,100,0,336,192,16,32,0,139,-160,0,0,100,0,320,192,16,16,0,134,-197,0,0,100,0,816,0,32,32,0,124,-196,0,0,100,0,528,160,48,32,0,125,-165,0,0,100,0,448,176,16,16,0,128,-172,0,0,100,0,512,176,16,16,0,118,-213,0,0,100,-180,624,192,64,64,0,79,-111,0,0,100,0,144,32,32,32,0,110,-127,0,0,100,0,240,0,32,32,0,62,-165,0,1,100,0,160,272,16,16,0,31,-159,0,1,100,0,144,272,16,16,0,44,-133,0,0,100,0,256,112,32,32,0,36,-177,0,0,100,0,352,80,32,32,0,36,-170,0,1,80,0,384,64,32,32,0,60,-189,0,0,100,0,352,64,32,16,0,36,-179,0,0,100,0,256,64,32,16,0,36,-179,0,0,100,0,224,64,32,56,0,46,-114,0,0,100,0,256,144,32,16,0,52,-133,0,0,100,0,288,112,16,32,0,42,-171,0,0,100,0,320,112,48,48,0,54,-137,0,0,100,0,288,144,32,16,0,48,-142,0,0,100,0,256,160,32,32,0,27,-138,0,0,100,0,288,160,32,32,0,27,-124,0,0,100,0,320,160,32,16,0,72,-147,0,0,100,0,256,112,32,32,0,60,-185,0,0,100,0,320,80,32,32,0,60,-180,0,1,80,0,384,64,32,32,0,60,-189,0,0,100,0,224,64,32,56,0,74,-128,0,0,100,0,256,144,32,16,0,72,-141,0,0,100,0,304,112,16,32,0,35,-128,0,0,100,0,0,208,64,32,0,24,-245,0,0,100,0,0,0,144,208,0,
0,45,103,-188,0,1,100,0,144,256,16,16,0,147,-224,0,1,100,0,160,256,16,16,0,126,-171,0,1,100,0,192,256,16,16,0,152,-202,0,1,100,0,192,256,16,16,0,145,-181,0,1,100,0,176,256,16,16,0,152,-180,0,1,100,0,176,256,16,16,0,131,-198,0,1,100,0,176,256,16,16,0,134,-164,0,0,100,0,448,160,16,16,0,147,-154,0,0,100,0,352,192,16,32,0,146,-156,0,0,100,0,320,208,16,16,0,130,-189,0,0,100,0,192,192,32,32,0,135,-175,0,0,100,0,480,160,32,32,0,138,-160,0,0,100,0,336,192,16,32,0,139,-160,0,0,100,0,320,192,16,16,0,134,-197,0,0,100,0,848,0,32,32,0,124,-197,0,0,100,0,528,160,48,32,0,125,-166,0,0,100,0,448,176,16,16,0,128,-173,0,0,100,0,512,176,16,16,0,118,-213,0,0,100,-180,688,192,64,64,0,79,-111,0,0,100,0,144,32,32,32,0,110,-127,0,0,100,0,272,0,32,32,0,51,-130,0,1,100,0,192,272,16,16,0,77,-160,0,1,100,0,192,272,16,16,0,61,-168,0,1,100,0,144,272,16,16,0,44,-133,0,0,100,0,256,112,32,32,0,36,-175,0,0,100,0,256,80,32,32,0,36,-170,0,1,60,0,384,64,32,32,0,60,-189,0,0,100,0,320,64,32,16,0,36,-179,0,0,100,0,288,64,32,16,0,36,-179,0,0,100,0,224,64,32,56,0,46,-114,0,0,100,0,256,144,32,16,0,52,-133,0,0,100,0,288,112,16,32,0,42,-171,0,0,100,0,320,112,48,48,0,54,-137,0,0,100,0,288,144,32,16,0,48,-142,0,0,100,0,256,160,32,32,0,27,-138,0,0,100,0,288,160,32,32,0,27,-124,0,0,100,0,320,160,32,16,0,72,-147,0,0,100,0,256,112,32,32,0,60,-187,0,0,100,0,288,80,32,32,0,60,-180,0,1,60,0,384,64,32,32,0,60,-189,0,0,100,0,224,64,32,56,0,74,-128,0,0,100,0,256,144,32,16,0,72,-141,0,0,100,0,304,112,16,32,0,35,-128,0,0,100,0,0,208,64,32,0,24,-245,0,0,100,0,0,0,144,208,0,
0,45,107,-188,0,1,100,0,160,256,16,16,0,146,-221,0,1,100,0,176,256,16,16,0,129,-175,0,1,100,0,192,256,16,16,0,149,-198,0,1,100,0,176,256,16,16,0,144,-185,0,1,100,0,160,256,16,16,0,149,-183,0,1,100,0,160,256,16,16,0,134,-195,0,1,100,0,160,256,16,16,0,134,-164,0,0,100,0,448,160,16,16,0,147,-154,0,0,100,0,352,192,16,32,0,146,-156,0,0,100,0,320,208,16,16,0,130,-189,0,0,100,0,192,192,32,32,0,135,-175,0,0,100,0,480,160,32,32,0,138,-160,0,0,100,0,336,192,16,32,0,139,-160,0,0,100,0,320,192,16,16,0,134,-197,0,0,100,0,880,0,32,32,0,124,-196,0,0,100,0,528,160,48,32,0,125,-165,0,0,100,0,448,176,16,16,0,128,-172,0,0,100,0,512,176,16,16,0,118,-213,0,0,100,-180,752,192,64,64,0,79,-111,0,0,100,0,144,32,32,32,0,110,-127,0,0,100,0,304,0,32,32,0,51,-134,0,1,100,0,176,272,16,16,0,31,-147,0,1,100,0,192,272,16,16,0,77,-164,0,1,100,0,176,272,16,16,0,44,-133,0,0,100,0,256,112,32,32,0,36,-171,0,0,100,0,288,80,32,32,0,36,-170,0,1,80,0,384,64,32,32,0,60,-189,0,0,100,0,288,64,32,16,0,36,-179,0,0,100,0,320,64,32,16,0,36,-179,0,0,100,0,224,64,32,56,0,46,-114,0,0,100,0,256,144,32,16,0,52,-133,0,0,100,0,288,112,16,32,0,42,-171,0,0,100,0,320,112,48,48,0,54,-137,0,0,100,0,288,144,32,16,0,48,-142,0,0,100,0,256,160,32,32,0,27,-138,0,0,100,0,288,160,32,32,0,27,-124,0,0,100,0,320,160,32,16,0,72,-147,0,0,100,0,256,112,32,32,0,60,-184,0,0,100,0,256,80,32,32,0,60,-180,0,1,80,0,384,64,32,32,0,60,-189,0,0,100,0,224,64,32,56,0,74,-128,0,0,100,0,256,144,32,16,0,72,-141,0,0,100,0,304,112,16,32,0,35,-128,0,0,100,0,0,208,64,32,0,24,-245,0,0,100,0,0,0,144,208,0,
0,42,110,-189,0,1,100,0,176,256,16,16,0,145,-217,0,1,100,0,192,256,16,16,0,133,-179,0,1,100,0,176,256,16,16,0,147,-194,0,1,100,0,160,256,16,16,0,134,-164,0,0,100,0,448,160,16,16,0,147,-154,0,0,100,0,352,192,16,32,0,146,-156,0,0,100,0,320,208,16,16,0,130,-189,0,0,100,0,192,192,32,32,0,124,-197,0,0,100,0,528,160,48,32,0,125,-166,0,0,100,0,448,176,16,16,0,128,-173,0,0,100,0,512,176,16,16,0,135,-175,0,0,100,0,480,160,32,32,0,138,-160,0,0,100,0,336,192,16,32,0,139,-160,0,0,100,0,320,192,16,16,0,118,-213,0,0,100,-180,816,192,64,64,0,79,-111,0,0,100,0,144,32,32,32,0,110,-127,0,0,100,0,144,0,32,32,0,61,-156,0,1,100,0,192,272,16,16,0,52,-139,0,1,100,0,160,272,16,16,0,31,-151,0,1,100,0,176,272,16,16,0,78,-169,0,1,100,0,160,272,16,16,0,44,-133,0,0,100,0,256,112,32,32,0,36,-165,0,0,100,0,320,80,32,32,0,36,-170,0,1,90,0,384,64,32,32,0,60,-189,0,0,100,0,256,64,32,16,0,36,-179,0,0,100,0,352,64,32,16,0,36,-179,0,0,100,0,224,64,32,56,0,46,-114,0,0,100,0,256,144,32,16,0,52,-133,0,0,100,0,288,112,16,32,0,42,-171,0,0,100,0,320,112,48,48,0,54,-137,0,0,100,0,288,144,32,16,0,48,-142,0,0,100,0,256,160,32,32,0,27,-138,0,0,100,0,288,160,32,32,0,27,-124,0,0,100,0,320,160,32,16,0,72,-147,0,0,100,0,256,112,32,32,0,60,-181,0,0,100,0,352,80,32,32,0,60,-180,0,1,90,0,384,64,32,32,0,60,-189,0,0,100,0,224,64,32,56,0,74,-128,0,0,100,0,256,144,32,16,0,72,-141,0,0,100,0,304,112,16,32,0,35,-128,0,0,100,0,0,208,64,32,0,24,-245,0,0,100,0,0,0,144,208,0,
0,45,161,-168,0,1,100,0,144,256,16,16,0,169,-163,0,1,100,0,144,256,16,16,0,111,-216,0,1,100,0,144,256,16,16,0,115,-189,0,1,100,0,192,256,16,16,0,144,-212,0,1,100,0,192,256,16,16,0,136,-182,0,1,100,0,160,256,16,16,0,134,-164,0,0,100,0,448,160,16,16,0,147,-154,0,0,100,0,352,192,16,32,0,146,-156,0,0,100,0,320,208,16,16,0,130,-189,0,0,100,0,192,192,32,32,0,135,-175,0,0,100,0,480,160,32,32,0,138,-160,0,0,100,0,336,192,16,32,0,139,-160,0,0,100,0,320,192,16,16,0,126,-205,0,0,100,0,816,80,48,48,0,124,-196,0,0,100,0,528,160,48,32,0,125,-165,0,0,100,0,448,176,16,16,0,128,-172,0,0,100,0,512,176,16,16,0,118,-213,0,0,100,0,624,128,64,64,0,79,-111,0,0,100,0,144,32,32,32,0,110,-127,0,0,100,0,144,0,32,32,0,61,-160,0,1,100,0,176,272,16,16,0,51,-142,0,1,100,0,144,272,16,16,0,32,-156,0,1,100,0,160,272,16,16,0,77,-172,0,1,100,0,144,272,16,16,0,44,-133,0,0,100,0,256,112,32,32,0,36,-165,0,0,100,0,352,80,32,32,0,36,-170,0,1,100,0,384,64,32,32,0,60,-189,0,0,100,0,352,64,32,16,0,36,-179,0,0,100,0,256,64,32,16,0,36,-179,0,0,100,0,224,64,32,56,0,46,-114,0,0,100,0,256,144,32,16,0,52,-133,0,0,100,0,288,112,16,32,0,42,-171,0,0,100,0,320,112,48,48,0,54,-137,0,0,100,0,288,144,32,16,0,48,-142,0,0,100,0,256,160,32,32,0,27,-138,0,0,100,0,288,160,32,32,0,27,-124,0,0,100,0,320,160,32,16,0,72,-147,0,0,100,0,256,112,32,32,0,60,-173,0,0,100,0,320,80,32,32,0,60,-180,0,1,100,0,384,64,32,32,0,60,-189,0,0,100,0,224,64,32,56,0,74,-128,0,0,100,0,256,144,32,16,0,72,-141,0,0,100,0,304,112,16,32,0,35,-128,0,0,100,0,0,208,64,32,0,24,-245,0,0,100,0,0,0,144,208,0,
0,43,164,-216,0,1,100,0,144,256,16,16,0,156,-162,0,1,100,0,160,256,16,16,0,167,-165,0,1,100,0,160,256,16,16,0,116,-212,0,1,100,0,160,256,16,16,0,120,-189,0,1,100,0,192,256,16,16,0,143,-208,0,1,100,0,176,256,16,16,0,134,-164,0,0,100,0,448,160,16,16,0,147,-154,0,0,100,0,352,192,16,32,0,146,-156,0,0,100,0,320,208,16,16,0,130,-189,0,0,100,0,192,192,32,32,0,135,-175,0,0,100,0,480,160,32,32,0,138,-160,0,0,100,0,336,192,16,32,0,139,-160,0,0,100,0,320,192,16,16,0,126,-205,0,0,100,0,864,80,48,48,0,124,-197,0,0,100,0,528,160,48,32,0,125,-166,0,0,100,0,448,176,16,16,0,128,-173,0,0,100,0,512,176,16,16,0,118,-213,0,0,100,0,688,128,64,64,0,79,-111,0,0,100,0,144,32,32,32,0,110,-127,0,0,100,0,176,0,32,32,0,62,-165,0,1,100,0,160,272,16,16,0,31,-159,0,1,100,0,144,272,16,16,0,44,-133,0,0,100,0,256,112,32,32,0,36,-169,0,0,100,0,256,80,32,32,0,36,-170,0,1,100,0,384,64,32,32,0,60,-189,0,0,100,0,320,64,32,16,0,36,-179,0,0,100,0,288,64,32,16,0,36,-179,0,0,100,0,224,64,32,56,0,46,-114,0,0,100,0,256,144,32,16,0,52,-133,0,0,100,0,288,112,16,32,0,42,-171,0,0,100,0,320,112,48,48,0,54,-137,0,0,100,0,288,144,32,16,0,48,-142,0,0,100,0,256,160,32,32,0,27,-138,0,0,100,0,288,160,32,32,0,27,-124,0,0,100,0,320,160,32,16,0,72,-147,0,0,100,0,256,112,32,32,0,60,-175,0,0,100,0,288,80,32,32,0,60,-180,0,1,100,0,384,64,32,32,0,60,-189,0,0,100,0,224,64,32,56,0,74,-128,0,0,100,0,256,144,32,16,0,72,-141,0,0,100,0,304,112,16,32,0,35,-128,0,0,100,0,0,208,64,32,0,24,-245,0,0,100,0,0,0,144,208,0,
0,46,56,-152,0,1,100,0,240,288,48,48,0,162,-213,0,1,100,0,160,256,16,16,0,153,-167,0,1,100,0,176,256,16,16,0,163,-169,0,1,100,0,176,256,16,16,0,119,-209,0,1,100,0,176,256,16,16,0,126,-189,0,1,100,0,176,256,16,16,0,143,-204,0,1,100,0,160,256,16,16,0,134,-164,0,0,100,0,448,160,16,16,0,147,-154,0,0,100,0,352,192,16,32,0,146,-156,0,0,100,0,320,208,16,16,0,130,-189,0,0,100,0,192,192,32,32,0,135,-175,0,0,100,0,480,160,32,32,0,138,-160,0,0,100,0,336,192,16,32,0,139,-160,0,0,100,0,320,192,16,16,0,126,-205,0,0,100,0,816,32,48,48,0,124,-196,0,0,100,0,528,160,48,32,0,125,-165,0,0,100,0,448,176,16,16,0,128,-172,0,0,100,0,512,176,16,16,0,118,-213,0,0,100,0,752,128,64,64,0,79,-111,0,0,100,0,144,32,32,32,0,110,-127,0,0,100,0,208,0,32,32,0,51,-130,0,1,100,0,192,272,16,16,0,77,-160,0,1,100,0,192,272,16,16,0,31,-162,0,1,100,0,144,272,16,16,0,61,-168,0,1,100,0,144,272,16,16,0,44,-133,0,0,100,0,256,112,32,32,0,36,-172,0,0,100,0,288,80,32,32,0,36,-170,0,1,100,0,384,64,32,32,0,60,-189,0,0,100,0,288,64,32,16,0,36,-179,0,0,100,0,320,64,32,16,0,36,-179,0,0,100,0,224,64,32,56,0,46,-114,0,0,100,0,256,144,32,16,0,52,-133,0,0,100,0,288,112,16,32,0,42,-171,0,0,100,0,320,112,48,48,0,54,-137,0,0,100,0,288,144,32,16,0,48,-142,0,0,100,0,256,160,32,32,0,27,-138,0,0,100,0,288,160,32,32,0,27,-124,0,0,100,0,320,160,32,16,0,72,-147,0,0,100,0,256,112,32,32,0,60,-179,0,0,100,0,256,80,32,32,0,60,-180,0,1,100,0,384,64,32,32,0,60,-189,0,0,100,0,224,64,32,56,0,74,-128,0,0,100,0,256,144,32,16,0,72,-141,0,0,100,0,304,112,16,32,0,35,-128,0,0,100,0,0,208,64,32,0,24,-245,0,0,100,0,0,0,144,208,0,
0,47,56,-153,0,1,100,0,192,384,48,48,0,22,-176,0,1,100,0,96,384,96,96,0,120,-163,0,1,100,0,160,256,16,16,0,159,-210,0,1,100,0,176,256,16,16,0,150,-172,0,1,100,0,192,256,16,16,0,159,-173,0,1,100,0,192,256,16,16,0,124,-205,0,1,100,0,192,256,16,16,0,131,-189,0,1,100,0,160,256,16,16,0,143,-202,0,1,100,0,160,256,16,16,0,134,-164,0,0,100,0,448,160,16,16,0,147,-154,0,0,100,0,352,192,16,32,0,146,-156,0,0,100,0,320,208,16,16,0,130,-189,0,0,100,0,192,192,32,32,0,135,-175,0,0,100,0,480,160,32,32,0,138,-160,0,0,100,0,336,192,16,32,0,139,-160,0,0,100,0,320,192,16,16,0,126,-205,0,0,100,0,864,32,48,48,0,124,-197,0,0,100,0,528,160,48,32,0,125,-166,0,0,100,0,448,176,16,16,0,128,-173,0,0,100,0,512,176,16,16,0,118,-213,0,0,100,0,816,128,64,64,0,79,-111,0,0,100,0,144,32,32,32,0,110,-127,0,0,100,0,240,0,32,32,0,51,-134,0,1,100,0,176,272,16,16,0,31,-147,0,1,100,0,192,272,16,16,0,77,-164,0,1,100,0,176,272,16,16,0,44,-133,0,0,100,0,256,112,32,32,0,36,-174,0,0,100,0,320,80,32,32,0,36,-170,0,1,100,0,384,64,32,32,0,60,-189,0,0,100,0,256,64,32,16,0,36,-179,0,0,100,0,352,64,32,16,0,36,-179,0,0,100,0,224,64,32,56,0,46,-114,0,0,100,0,256,144,32,16,0,52,-133,0,0,100,0,288,112,16,32,0,42,-171,0,0,100,0,320,112,48,48,0,54,-137,0,0,100,0,288,144,32,16,0,48,-142,0,0,100,0,256,160,32,32,0,27,-138,0,0,100,0,288,160,32,32,0,27,-124,0,0,100,0,320,160,32,16,0,72,-147,0,0,100,0,256,112,32,32,0,60,-181,0,0,100,0,352,80,32,32,0,60,-180,0,1,100,0,384,64,32,32,0,60,-189,0,0,100,0,224,64,32,56,0,74,-128,0,0,100,0,256,144,32,16,0,72,-141,0,0,100,0,304,112,16,32,0,35,-128,0,0,100,0,0,208,64,32,0,24,-245,0,0,100,0,0,0,144,208,0,
0,48,56,-153,0,1,100,0,192,336,48,48,0,30,-164,0,1,100,0,96,288,96,96,0,147,-227,0,1,100,0,144,256,16,16,0,123,-167,0,1,100,0,176,256,16,16,0,155,-206,0,1,100,0,192,256,16,16,0,147,-177,0,1,100,0,192,256,16,16,0,155,-177,0,1,100,0,192,256,16,16,0,128,-201,0,1,100,0,192,256,16,16,0,131,-198,0,1,100,0,176,256,16,16,0,134,-164,0,0,100,0,448,160,16,16,0,147,-154,0,0,100,0,352,192,16,32,0,146,-156,0,0,100,0,320,208,16,16,0,130,-189,0,0,100,0,192,192,32,32,0,135,-175,0,0,100,0,480,160,32,32,0,138,-160,0,0,100,0,336,192,16,32,0,139,-160,0,0,100,0,320,192,16,16,0,134,-197,0,0,100,0,816,0,32,32,0,124,-196,0,0,100,0,528,160,48,32,0,125,-165,0,0,100,0,448,176,16,16,0,128,-172,0,0,100,0,512,176,16,16,0,118,-213,0,0,100,0,624,192,64,64,0,79,-111,0,0,100,0,144,32,32,32,0,110,-127,0,0,100,0,240,0,32,32,0,61,-156,0,1,100,0,192,272,16,16,0,52,-139,0,1,100,0,160,272,16,16,0,31,-151,0,1,100,0,176,272,16,16,0,78,-169,0,1,100,0,160,272,16,16,0,44,-133,0,0,100,0,256,112,32,32,0,36,-177,0,0,100,0,352,80,32,32,0,36,-170,0,1,100,0,384,64,32,32,0,60,-189,0,0,100,0,352,64,32,16,0,36,-179,0,0,100,0,256,64,32,16,0,36,-179,0,0,100,0,224,64,32,56,0,46,-114,0,0,100,0,256,144,32,16,0,52,-133,0,0,100,0,288,112,16,32,0,42,-171,0,0,100,0,320,112,48,48,0,54,-137,0,0,100,0,288,144,32,16,0,48,-142,0,0,100,0,256,160,32,32,0,27,-138,0,0,100,0,288,160,32,32,0,27,-124,0,0,100,0,320,160,32,16,0,72,-147,0,0,100,0,256,112,32,32,0,60,-185,0,0,100,0,320,80,32,32,0,60,-180,0,1,100,0,384,64,32,32,0,60,-189,0,0,100,0,224,64,32,56,0,74,-128,0,0,100,0,256,144,32,16,0,72,-141,0,0,100,0,304,112,16,32,0,35,-128,0,0,100,0,0,208,64,32,0,24,-245,0,0,100,0,0,0,144,208,0,
0,47,56,-153,0,1,100,0,192,288,48,48,0,103,-188,0,1,100,0,144,256,16,16,0,147,-224,0,1,100,0,160,256,16,16,0,126,-171,0,1,100,0,192,256,16,16,0,152,-202,0,1,100,0,192,256,16,16,0,145,-181,0,1,100,0,176,256,16,16,0,152,-180,0,1,100,0,176,256,16,16,0,131,-198,0,1,100,0,176,256,16,16,0,134,-164,0,0,100,0,448,160,16,16,0,147,-154,0,0,100,0,352,192,16,32,0,146,-156,0,0,100,0,320,208,16,16,0,130,-189,0,0,100,0,192,192,32,32,0,135,-175,0,0,100,0,480,160,32,32,0,138,-160,0,0,100,0,336,192,16,32,0,139,-160,0,0,100,0,320,192,16,16,0,134,-197,0,0,100,0,848,0,32,32,0,124,-197,0,0,100,0,528,160,48,32,0,125,-166,0,0,100,0,448,176,16,16,0,128,-173,0,0,100,0,512,176,16,16,0,118,-213,0,0,100,0,688,192,64,64,0,79,-111,0,0,100,0,144,32,32,32,0,110,-127,0,0,100,0,272,0,32,32,0,61,-160,0,1,100,0,176,272,16,16,0,51,-142,0,1,100,0,144,272,16,16,0,32,-156,0,1,100,0,160,272,16,16,0,77,-172,0,1,100,0,144,272,16,16,0,44,-133,0,0,100,0,256,112,32,32,0,36,-175,0,0,100,0,256,80,32,32,0,36,-170,0,1,100,0,384,64,32,32,0,60,-189,0,0,100,0,320,64,32,16,0,36,-179,0,0,100,0,288,64,32,16,0,36,-179,0,0,100,0,224,64,32,56,0,46,-114,0,0,100,0,256,144,32,16,0,52,-133,0,0,100,0,288,112,16,32,0,42,-171,0,0,100,0,320,112,48,48,0,54,-137,0,0,100,0,288,144,32,16,0,48,-142,0,0,100,0,256,160,32,32,0,27,-138,0,0,100,0,288,160,32,32,0,27,-124,0,0,100,0,320,160,32,16,0,72,-147,0,0,100,0,256,112,32,32,0,60,-187,0,0,100,0,288,80,32,32,0,60,-180,0,1,100,0,384,64,32,32,0,60,-189,0,0,100,0,224,64,32,56,0,74,-128,0,0,100,0,256,144,32,16,0,72,-141,0,0,100,0,304,112,16,32,0,35,-128,0,0,100,0,0,208,64,32,0,24,-245,0,0,100,0,0,0,144,208,0,
0,46,56,-153,0,1,100,0,192,336,48,48,0,22,-176,0,1,100,0,96,384,96,96,0,107,-188,0,1,100,0,160,256,16,16,0,146,-221,0,1,100,0,176,256,16,16,0,129,-175,0,1,100,0,192,256,16,16,0,149,-198,0,1,100,0,176,256,16,16,0,144,-185,0,1,100,0,160,256,16,16,0,149,-183,0,1,100,0,160,256,16,16,0,134,-195,0,1,100,0,160,256,16,16,0,134,-164,0,0,100,0,448,160,16,16,0,147,-154,0,0,100,0,352,192,16,32,0,146,-156,0,0,100,0,320,208,16,16,0,130,-189,0,0,100,0,192,192,32,32,0,135,-175,0,0,100,0,480,160,32,32,0,138,-160,0,0,100,0,336,192,16,32,0,139,-160,0,0,100,0,320,192,16,16,0,134,-197,0,0,100,0,880,0,32,32,0,124,-196,0,0,100,0,528,160,48,32,0,125,-165,0,0,100,0,448,176,16,16,0,128,-172,0,0,100,0,512,176,16,16,0,118,-213,0,0,100,0,752,192,64,64,0,79,-111,0,0,100,0,144,32,32,32,0,110,-127,0,0,100,0,304,0,32,32,0,62,-165,0,1,100,0,160,272,16,16,0,31,-159,0,1,100,0,144,272,16,16,0,44,-133,0,0,100,0,256,112,32,32,0,36,-171,0,0,100,0,288,80,32,32,0,36,-170,0,1,100,0,384,64,32,32,0,60,-189,0,0,100,0,288,64,32,16,0,36,-179,0,0,100,0,320,64,32,16,0,36,-179,0,0,100,0,224,64,32,56,0,46,-114,0,0,100,0,256,144,32,16,0,52,-133,0,0,100,0,288,112,16,32,0,42,-171,0,0,100,0,320,112,48,48,0,54,-137,0,0,100,0,288,144,32,16,0,48,-142,0,0,100,0,256,160,32,32,0,27,-138,0,0,100,0,288,160,32,32,0,27,-124,0,0,100,0,320,160,32,16,0,72,-147,0,0,100,0,256,112,32,32,0,60,-184,0,0,100,0,256,80,32,32,0,60,-180,0,1,100,0,384,64,32,32,0,60,-189,0,0,100,0,224,64,32,56,0,74,-128,0,0,100,0,256,144,32,16,0,72,-141,0,0,100,0,304,112,16,32,0,35,-128,0,0,100,0,0,208,64,32,0,24,-245,0,0,100,0,0,0,144,208,0,
0,42,49,-161,0,1,100,0,240,336,64,64,0,56,-153,0,1,100,0,192,288,48,48,0,30,-164,0,1,100,0,96,288,96,96,0,110,-189,0,1,100,0,176,256,16,16,0,145,-217,0,1,100,0,192,256,16,16,0,133,-179,0,1,100,0,176,256,16,16,0,147,-194,0,1,100,0,160,256,16,16,0,134,-164,0,0,100,0,448,160,16,16,0,147,-154,0,0,100,0,352,192,16,32,0,146,-156,0,0,100,0,320,208,16,16,0,130,-189,0,0,100,0,192,192,32,32,0,124,-197,0,0,100,0,528,160,48,32,0,125,-166,0,0,100,0,448,176,16,16,0,128,-173,0,0,100,0,512,176,16,16,0,135,-175,0,0,100,0,480,160,32,32,0,138,-160,0,0,100,0,336,192,16,32,0,139,-160,0,0,100,0,320,192,16,16,0,118,-213,0,0,100,0,816,192,64,64,0,79,-111,0,0,100,0,144,32,32,32,0,110,-127,0,0,100,0,144,0,32,32,0,61,-168,0,1,100,0,144,272,16,16,0,44,-133,0,0,100,0,256,112,32,32,0,36,-165,0,0,100,0,320,80,32,32,0,36,-170,0,1,100,0,384,64,32,32,0,60,-189,0,0,100,0,256,64,32,16,0,36,-179,0,0,100,0,352,64,32,16,0,36,-179,0,0,100,0,224,64,32,56,0,46,-114,0,0,100,0,256,144,32,16,0,52,-133,0,0,100,0,288,112,16,32,0,42,-171,0,0,100,0,320,112,48,48,0,54,-137,0,0,100,0,288,144,32,16,0,48,-142,0,0,100,0,256,160,32,32,0,27,-138,0,0,100,0,288,160,32,32,0,27,-124,0,0,100,0,320,160,32,16,0,72,-147,0,0,100,0,256,112,32,32,0,60,-181,0,0,100,0,352,80,32,32,0,60,-180,0,1,100,0,384,64,32,32,0,60,-189,0,0,100,0,224,64,32,56,0,74,-128,0,0,100,0,256,144,32,16,0,72,-141,0,0,100,0,304,112,16,32,0,35,-128,0,0,100,0,0,208,64,32,0,24,-245,0,0,100,0,0,0,144,208,0,
0,41,48,-161,0,1,100,0,240,400,64,64,0,56,-153,0,1,100,0,192,336,48,48,0,1,-237,0,1,100,0,96,480,176,176,0,161,-168,0,1,100,0,144,256,16,16,0,169,-163,0,1,100,0,144,256,16,16,0,111,-216,0,1,100,0,144,256,16,16,0,134,-164,0,0,100,0,448,160,16,16,0,147,-154,0,0,100,0,352,192,16,32,0,146,-156,0,0,100,0,320,208,16,16,0,130,-189,0,0,100,0,192,192,32,32,0,135,-175,0,0,100,0,480,160,32,32,0,138,-160,0,0,100,0,336,192,16,32,0,139,-160,0,0,100,0,320,192,16,16,0,126,-205,0,0,100,0,816,80,48,48,0,124,-196,0,0,100,0,528,160,48,32,0,125,-165,0,0,100,0,448,176,16,16,0,128,-172,0,0,100,0,512,176,16,16,0,118,-213,0,0,100,-180,624,128,64,64,0,79,-111,0,0,100,0,144,32,32,32,0,110,-127,0,0,100,0,144,0,32,32,0,44,-133,0,0,100,0,256,112,32,32,0,36,-165,0,0,100,0,352,80,32,32,0,60,-189,0,0,100,0,352,64,32,16,0,36,-179,0,0,100,0,256,64,32,16,0,36,-170,0,1,50,0,384,64,32,32,0,36,-179,0,0,100,0,224,64,32,56,0,46,-114,0,0,100,0,256,144,32,16,0,52,-133,0,0,100,0,288,112,16,32,0,42,-171,0,0,100,0,320,112,48,48,0,54,-137,0,0,100,0,288,144,32,16,0,48,-142,0,0,100,0,256,160,32,32,0,27,-138,0,0,100,0,288,160,32,32,0,27,-124,0,0,100,0,320,160,32,16,0,72,-147,0,0,100,0,256,112,32,32,0,60,-173,0,0,100,0,320,80,32,32,0,60,-180,0,1,50,0,384,64,32,32,0,60,-189,0,0,100,0,224,64,32,56,0,74,-128,0,0,100,0,256,144,32,16,0,72,-141,0,0,100,0,304,112,16,32,0,35,-128,0,0,100,0,0,208,64,32,0,24,-245,0,0,100,0,0,0,144,208,0,
0,41,56,-153,0,1,100,0,192,288,48,48,0,22,-176,0,1,100,0,96,384,96,96,0,164,-216,0,1,100,0,144,256,16,16,0,156,-162,0,1,100,0,160,256,16,16,0,167,-165,0,1,100,0,160,256,16,16,0,116,-212,0,1,100,0,160,256,16,16,0,134,-164,0,0,100,0,448,160,16,16,0,147,-154,0,0,100,0,352,192,16,32,0,146,-156,0,0,100,0,320,208,16,16,0,130,-189,0,0,100,0,192,192,32,32,0,135,-175,0,0,100,0,480,160,32,32,0,138,-160,0,0,100,0,336,192,16,32,0,139,-160,0,0,100,0,320,192,16,16,0,126,-205,0,0,100,0,864,80,48,48,0,124,-197,0,0,100,0,528,160,48,32,0,125,-166,0,0,100,0,448,176,16,16,0,128,-173,0,0,100,0,512,176,16,16,0,118,-213,0,0,100,-180,688,128,64,64,0,79,-111,0,0,100,0,144,32,32,32,0,110,-127,0,0,100,0,176,0,32,32,0,44,-133,0,0,100,0,256,112,32,32,0,36,-169,0,0,100,0,256,80,32,32,0,36,-170,0,1,80,0,384,64,32,32,0,60,-189,0,0,100,0,320,64,32,16,0,36,-179,0,0,100,0,288,64,32,16,0,36,-179,0,0,100,0,224,64,32,56,0,46,-114,0,0,100,0,256,144,32,16,0,52,-133,0,0,100,0,288,112,16,32,0,42,-171,0,0,100,0,320,112,48,48,0,54,-137,0,0,100,0,288,144,32,16,0,48,-142,0,0,100,0,256,160,32,32,0,27,-138,0,0,100,0,288,160,32,32,0,27,-124,0,0,100,0,320,160,32,16,0,72,-147,0,0,100,0,256,112,32,32,0,60,-175,0,0,100,0,288,80,32,32,0,60,-180,0,1,80,0,384,64,32,32,0,60,-189,0,0,100,0,224,64,32,56,0,74,-128,0,0,100,0,256,144,32,16,0,72,-141,0,0,100,0,304,112,16,32,0,35,-128,0,0,100,0,0,208,64,32,0,24,-245,0,0,100,0,0,0,144,208,0,
0,41,56,-153,0,1,100,0,192,336,48,48,0,30,-164,0,1,100,0,96,288,96,96,0,162,-213,0,1,100,0,160,256,16,16,0,153,-167,0,1,100,0,176,256,16,16,0,163,-169,0,1,100,0,176,256,16,16,0,119,-209,0,1,100,0,176,256,16,16,0,134,-164,0,0,100,0,448,160,16,16,0,147,-154,0,0,100,0,352,192,16,32,0,146,-156,0,0,100,0,320,208,16,16,0,130,-189,0,0,100,0,192,192,32,32,0,135,-175,0,0,100,0,480,160,32,32,0,138,-160,0,0,100,0,336,192,16,32,0,139,-160,0,0,100,0,320,192,16,16,0,126,-205,0,0,100,0,816,32,48,48,0,124,-196,0,0,100,0,528,160,48,32,0,125,-165,0,0,100,0,448,176,16,16,0,128,-172,0,0,100,0,512,176,16,16,0,118,-213,0,0,100,-180,752,128,64,64,0,79,-111,0,0,100,0,144,32,32,32,0,110,-127,0,0,100,0,208,0,32,32,0,44,-133,0,0,100,0,256,112,32,32,0,36,-172,0,0,100,0,288,80,32,32,0,36,-170,0,1,90,0,384,64,32,32,0,60,-189,0,0,100,0,288,64,32,16,0,36,-179,0,0,100,0,320,64,32,16,0,36,-179,0,0,100,0,224,64,32,56,0,46,-114,0,0,100,0,256,144,32,16,0,52,-133,0,0,100,0,288,112,16,32,0,42,-171,0,0,100,0,320,112,48,48,0,54,-137,0,0,100,0,288,144,32,16,0,48,-142,0,0,100,0,256,160,32,32,0,27,-138,0,0,100,0,288,160,32,32,0,27,-124,0,0,100,0,320,160,32,16,0,72,-147,0,0,100,0,256,112,32,32,0,60,-179,0,0,100,0,256,80,32,32,0,60,-180,0,1,90,0,384,64,32,32,0,60,-189,0,0,100,0,224,64,32,56,0,74,-128,0,0,100,0,256,144,32,16,0,72,-141,0,0,100,0,304,112,16,32,0,35,-128,0,0,100,0,0,208,64,32,0,24,-245,0,0,100,0,0,0,144,208,0,
0,43,49,-161,0,1,100,0,240,336,64,64,0,56,-153,0,1,100,0,192,288,48,48,0,1,-237,0,1,100,0,96,480,176,176,0,120,-163,0,1,100,0,160,256,16,16,0,159,-210,0,1,100,0,176,256,16,16,0,150,-172,0,1,100,0,192,256,16,16,0,159,-173,0,1,100,0,192,256,16,16,0,124,-205,0,1,100,0,192,256,16,16,0,134,-164,0,0,100,0,448,160,16,16,0,147,-154,0,0,100,0,352,192,16,32,0,146,-156,0,0,100,0,320,208,16,16,0,130,-189,0,0,100,0,192,192,32,32,0,135,-175,0,0,100,0,480,160,32,32,0,138,-160,0,0,100,0,336,192,16,32,0,139,-160,0,0,100,0,320,192,16,16,0,126,-205,0,0,100,0,864,32,48,48,0,124,-197,0,0,100,0,528,160,48,32,0,125,-166,0,0,100,0,448,176,16,16,0,128,-173,0,0,100,0,512,176,16,16,0,118,-213,0,0,100,-180,816,128,64,64,0,79,-111,0,0,100,0,144,32,32,32,0,110,-127,0,0,100,0,240,0,32,32,0,44,-133,0,0,100,0,256,112,32,32,0,36,-174,0,0,100,0,320,80,32,32,0,36,-170,0,1,100,0,384,64,32,32,0,60,-189,0,0,100,0,256,64,32,16,0,36,-179,0,0,100,0,352,64,32,16,0,36,-179,0,0,100,0,224,64,32,56,0,46,-114,0,0,100,0,256,144,32,16,0,52,-133,0,0,100,0,288,112,16,32,0,42,-171,0,0,100,0,320,112,48,48,0,54,-137,0,0,100,0,288,144,32,16,0,48,-142,0,0,100,0,256,160,32,32,0,27,-138,0,0,100,0,288,160,32,32,0,27,-124,0,0,100,0,320,160,32,16,0,72,-147,0,0,100,0,256,112,32,32,0,60,-181,0,0,100,0,352,80,32,32,0,60,-180,0,1,100,0,384,64,32,32,0,60,-189,0,0,100,0,224,64,32,56,0,74,-128,0,0,100,0,256,144,32,16,0,72,-141,0,0,100,0,304,112,16,32,0,35,-128,0,0,100,0,0,208,64,32,0,24,-245,0,0,100,0,0,0,144,208,0,
0,45,48,-161,0,1,100,0,240,400,64,64,0,56,-153,0,1,100,0,192,336,48,48,0,26,-178,0,1,100,270,96,384,96,96,0,147,-227,0,1,100,0,144,256,16,16,0,123,-167,0,1,100,0,176,256,16,16,0,155,-206,0,1,100,0,192,256,16,16,0,147,-177,0,1,100,0,192,256,16,16,0,155,-177,0,1,100,0,192,256,16,16,0,128,-201,0,1,100,0,192,256,16,16,0,131,-198,0,1,100,0,176,256,16,16,0,134,-164,0,0,100,0,448,160,16,16,0,147,-154,0,0,100,0,352,192,16,32,0,146,-156,0,0,100,0,320,208,16,16,0,130,-189,0,0,100,0,192,192,32,32,0,135,-175,0,0,100,0,480,160,32,32,0,138,-160,0,0,100,0,336,192,16,32,0,139,-160,0,0,100,0,320,192,16,16,0,134,-197,0,0,100,0,816,0,32,32,0,124,-196,0,0,100,0,528,160,48,32,0,125,-165,0,0,100,0,448,176,16,16,0,128,-172,0,0,100,0,512,176,16,16,0,118,-213,0,0,100,-180,624,192,64,64,0,79,-111,0,0,100,0,144,32,32,32,0,110,-127,0,0,100,0,240,0,32,32,0,44,-133,0,0,100,0,256,112,32,32,0,36,-177,0,0,100,0,352,80,32,32,0,36,-170,0,1,80,0,384,64,32,32,0,60,-189,0,0,100,0,352,64,32,16,0,36,-179,0,0,100,0,256,64,32,16,0,36,-179,0,0,100,0,224,64,32,56,0,46,-114,0,0,100,0,256,144,32,16,0,52,-133,0,0,100,0,288,112,16,32,0,42,-171,0,0,100,0,320,112,48,48,0,54,-137,0,0,100,0,288,144,32,16,0,48,-142,0,0,100,0,256,160,32,32,0,27,-138,0,0,100,0,288,160,32,32,0,27,-124,0,0,100,0,320,160,32,16,0,72,-147,0,0,100,0,256,112,32,32,0,60,-185,0,0,100,0,320,80,32,32,0,60,-180,0,1,80,0,384,64,32,32,0,60,-189,0,0,100,0,224,64,32,56,0,74,-128,0,0,100,0,256,144,32,16,0,72,-141,0,0,100,0,304,112,16,32,0,35,-128,0,0,100,0,0,208,64,32,0,24,-245,0,0,100,0,0,0,144,208,0,
0,44,48,-161,0,1,50,0,240,400,64,64,0,56,-153,0,1,100,0,192,288,48,48,0,103,-188,0,1,100,0,144,256,16,16,0,147,-224,0,1,100,0,160,256,16,16,0,126,-171,0,1,100,0,192,256,16,16,0,152,-202,0,1,100,0,192,256,16,16,0,145,-181,0,1,100,0,176,256,16,16,0,152,-180,0,1,100,0,176,256,16,16,0,131,-198,0,1,100,0,176,256,16,16,0,134,-164,0,0,100,0,448,160,16,16,0,147,-154,0,0,100,0,352,192,16,32,0,146,-156,0,0,100,0,320,208,16,16,0,130,-189,0,0,100,0,192,192,32,32,0,135,-175,0,0,100,0,480,160,32,32,0,138,-160,0,0,100,0,336,192,16,32,0,139,-160,0,0,100,0,320,192,16,16,0,134,-197,0,0,100,0,848,0,32,32,0,124,-197,0,0,100,0,528,160,48,32,0,125,-166,0,0,100,0,448,176,16,16,0,128,-173,0,0,100,0,512,176,16,16,0,118,-213,0,0,100,-180,688,192,64,64,0,79,-111,0,0,100,0,176,32,32,32,0,110,-127,0,0,100,0,272,0,32,32,0,44,-133,0,0,100,0,256,112,32,32,0,36,-175,0,0,100,0,256,80,32,32,0,36,-170,0,1,60,0,384,64,32,32,0,60,-189,0,0,100,0,320,64,32,16,0,36,-179,0,0,100,0,288,64,32,16,0,36,-179,0,0,100,0,224,64,32,56,0,46,-114,0,0,100,0,256,144,32,16,0,52,-133,0,0,100,0,288,112,16,32,0,42,-171,0,0,100,0,320,112,48,48,0,54,-137,0,0,100,0,288,144,32,16,0,48,-142,0,0,100,0,256,160,32,32,0,27,-138,0,0,100,0,288,160,32,32,0,27,-124,0,0,100,0,320,160,32,16,0,72,-147,0,0,100,0,256,112,32,32,0,60,-187,0,0,100,0,288,80,32,32,0,60,-180,0,1,60,0,384,64,32,32,0,60,-189,0,0,100,0,224,64,32,56,0,74,-128,0,0,100,0,256,144,32,16,0,72,-141,0,0,100,0,304,112,16,32,0,35,-128,0,0,100,0,0,208,64,32,0,24,-245,0,0,100,0,0,0,144,208,0,
0,44,56,-153,0,1,100,0,192,336,48,48,0,1,-237,0,1,100,0,96,480,176,176,0,107,-188,0,1,100,0,160,256,16,16,0,146,-221,0,1,100,0,176,256,16,16,0,129,-175,0,1,100,0,192,256,16,16,0,149,-198,0,1,100,0,176,256,16,16,0,144,-185,0,1,100,0,160,256,16,16,0,149,-183,0,1,100,0,160,256,16,16,0,134,-195,0,1,100,0,160,256,16,16,0,134,-164,0,0,100,0,448,160,16,16,0,147,-154,0,0,100,0,352,192,16,32,0,146,-156,0,0,100,0,320,208,16,16,0,130,-189,0,0,100,0,192,192,32,32,0,135,-175,0,0,100,0,480,160,32,32,0,138,-160,0,0,100,0,336,192,16,32,0,139,-160,0,0,100,0,320,192,16,16,0,134,-197,0,0,100,0,880,0,32,32,0,124,-196,0,0,100,0,528,160,48,32,0,125,-165,0,0,100,0,448,176,16,16,0,128,-172,0,0,100,0,512,176,16,16,0,118,-213,0,0,100,-180,752,192,64,64,0,79,-111,0,0,100,0,176,32,32,32,0,110,-127,0,0,100,0,304,0,32,32,0,44,-133,0,0,100,0,256,112,32,32,0,36,-171,0,0,100,0,288,80,32,32,0,36,-170,0,1,80,0,384,64,32,32,0,60,-189,0,0,100,0,288,64,32,16,0,36,-179,0,0,100,0,320,64,32,16,0,36,-179,0,0,100,0,224,64,32,56,0,46,-114,0,0,100,0,256,144,32,16,0,52,-133,0,0,100,0,288,112,16,32,0,42,-171,0,0,100,0,320,112,48,48,0,54,-137,0,0,100,0,288,144,32,16,0,48,-142,0,0,100,0,256,160,32,32,0,27,-138,0,0,100,0,288,160,32,32,0,27,-124,0,0,100,0,320,160,32,16,0,72,-147,0,0,100,0,256,112,32,32,0,60,-184,0,0,100,0,256,80,32,32,0,60,-180,0,1,80,0,384,64,32,32,0,60,-189,0,0,100,0,224,64,32,56,0,74,-128,0,0,100,0,256,144,32,16,0,72,-141,0,0,100,0,304,112,16,32,0,35,-128,0,0,100,0,0,208,64,32,0,24,-245,0,0,100,0,0,0,144,208,0,
0,41,49,-161,0,1,100,0,240,336,64,64,0,56,-153,0,1,100,0,192,288,48,48,0,26,-177,0,1,100,180,96,384,96,96,0,110,-189,0,1,100,0,176,256,16,16,0,145,-217,0,1,100,0,192,256,16,16,0,133,-179,0,1,100,0,176,256,16,16,0,147,-194,0,1,100,0,160,256,16,16,0,134,-164,0,0,100,0,448,160,16,16,0,147,-154,0,0,100,0,352,192,16,32,0,146,-156,0,0,100,0,320,208,16,16,0,130,-189,0,0,100,0,192,192,32,32,0,124,-197,0,0,100,0,528,160,48,32,0,125,-166,0,0,100,0,448,176,16,16,0,128,-173,0,0,100,0,512,176,16,16,0,135,-175,0,0,100,0,480,160,32,32,0,138,-160,0,0,100,0,336,192,16,32,0,139,-160,0,0,100,0,320,192,16,16,0,118,-213,0,0,100,-180,816,192,64,64,0,79,-111,0,0,100,0,144,32,32,32,0,110,-127,0,0,100,0,144,0,32,32,0,44,-133,0,0,100,0,256,112,32,32,0,36,-165,0,0,100,0,320,80,32,32,0,36,-170,0,1,90,0,384,64,32,32,0,60,-189,0,0,100,0,256,64,32,16,0,36,-179,0,0,100,0,352,64,32,16,0,36,-179,0,0,100,0,224,64,32,56,0,46,-114,0,0,100,0,256,144,32,16,0,52,-133,0,0,100,0,288,112,16,32,0,42,-171,0,0,100,0,320,112,48,48,0,54,-137,0,0,100,0,288,144,32,16,0,48,-142,0,0,100,0,256,160,32,32,0,27,-138,0,0,100,0,288,160,32,32,0,27,-124,0,0,100,0,320,160,32,16,0,72,-147,0,0,100,0,256,112,32,32,0,60,-181,0,0,100,0,352,80,32,32,0,60,-180,0,1,90,0,384,64,32,32,0,60,-189,0,0,100,0,224,64,32,56,0,74,-128,0,0,100,0,256,144,32,16,0,72,-141,0,0,100,0,304,112,16,32,0,35,-128,0,0,100,0,0,208,64,32,0,24,-245,0,0,100,0,0,0,144,208,0,
0,44,48,-161,0,1,100,0,240,400,64,64,0,56,-153,0,1,100,0,192,336,48,48,0,30,-164,0,1,100,0,96,288,96,96,0,161,-168,0,1,100,0,144,256,16,16,0,169,-163,0,1,100,0,144,256,16,16,0,111,-216,0,1,100,0,144,256,16,16,0,115,-189,0,1,100,0,192,256,16,16,0,144,-212,0,1,100,0,192,256,16,16,0,136,-182,0,1,100,0,160,256,16,16,0,134,-164,0,0,100,0,448,160,16,16,0,147,-154,0,0,100,0,352,192,16,32,0,146,-156,0,0,100,0,320,208,16,16,0,130,-189,0,0,100,0,192,192,32,32,0,135,-175,0,0,100,0,480,160,32,32,0,138,-160,0,0,100,0,336,192,16,32,0,139,-160,0,0,100,0,320,192,16,16,0,126,-205,0,0,100,0,816,80,48,48,0,124,-196,0,0,100,0,528,160,48,32,0,125,-165,0,0,100,0,448,176,16,16,0,128,-172,0,0,100,0,512,176,16,16,0,118,-213,0,0,100,0,624,128,64,64,0,79,-111,0,0,100,0,208,32,32,32,0,110,-127,0,0,100,0,144,0,32,32,0,44,-133,0,0,100,0,256,112,32,32,0,36,-165,0,0,100,0,352,80,32,32,0,36,-170,0,1,100,0,384,64,32,32,0,60,-189,0,0,100,0,352,64,32,16,0,36,-179,0,0,100,0,256,64,32,16,0,36,-179,0,0,100,0,224,64,32,56,0,46,-114,0,0,100,0,256,144,32,16,0,52,-133,0,0,100,0,288,112,16,32,0,42,-171,0,0,100,0,320,112,48,48,0,54,-137,0,0,100,0,288,144,32,16,0,48,-142,0,0,100,0,256,160,32,32,0,27,-138,0,0,100,0,288,160,32,32,0,27,-124,0,0,100,0,320,160,32,16,0,72,-147,0,0,100,0,256,112,32,32,0,60,-173,0,0,100,0,320,80,32,32,0,60,-180,0,1,100,0,384,64,32,32,0,60,-189,0,0,100,0,224,64,32,56,0,74,-128,0,0,100,0,256,144,32,16,0,72,-141,0,0,100,0,304,112,16,32,0,35,-128,0,0,100,0,0,208,64,32,0,24,-245,0,0,100,0,0,0,144,208,0,
0,43,56,-153,0,1,100,0,192,288,48,48,0,1,-237,0,1,100,0,96,480,176,176,0,164,-216,0,1,100,0,144,256,16,16,0,156,-162,0,1,100,0,160,256,16,16,0,167,-165,0,1,100,0,160,256,16,16,0,116,-212,0,1,100,0,160,256,16,16,0,120,-189,0,1,100,0,192,256,16,16,0,143,-208,0,1,100,0,176,256,16,16,0,134,-164,0,0,100,0,448,160,16,16,0,147,-154,0,0,100,0,352,192,16,32,0,146,-156,0,0,100,0,320,208,16,16,0,130,-189,0,0,100,0,192,192,32,32,0,135,-175,0,0,100,0,480,160,32,32,0,138,-160,0,0,100,0,336,192,16,32,0,139,-160,0,0,100,0,320,192,16,16,0,126,-205,0,0,100,0,864,80,48,48,0,124,-197,0,0,100,0,528,160,48,32,0,125,-166,0,0,100,0,448,176,16,16,0,128,-173,0,0,100,0,512,176,16,16,0,118,-213,0,0,100,0,688,128,64,64,0,79,-111,0,0,100,0,208,32,32,32,0,110,-127,0,0,100,0,176,0,32,32,0,44,-133,0,0,100,0,256,112,32,32,0,36,-169,0,0,100,0,256,80,32,32,0,36,-170,0,1,100,0,384,64,32,32,0,60,-189,0,0,100,0,320,64,32,16,0,36,-179,0,0,100,0,288,64,32,16,0,36,-179,0,0,100,0,224,64,32,56,0,46,-114,0,0,100,0,256,144,32,16,0,52,-133,0,0,100,0,288,112,16,32,0,42,-171,0,0,100,0,320,112,48,48,0,54,-137,0,0,100,0,288,144,32,16,0,48,-142,0,0,100,0,256,160,32,32,0,27,-138,0,0,100,0,288,160,32,32,0,27,-124,0,0,100,0,320,160,32,16,0,72,-147,0,0,100,0,256,112,32,32,0,60,-175,0,0,100,0,288,80,32,32,0,60,-180,0,1,100,0,384,64,32,32,0,60,-189,0,0,100,0,224,64,32,56,0,74,-128,0,0,100,0,256,144,32,16,0,72,-141,0,0,100,0,304,112,16,32,0,35,-128,0,0,100,0,0,208,64,32,0,24,-245,0,0,100,0,0,0,144,208,0,
0,43,56,-153,0,1,100,0,192,336,48,48,0,27,-178,1,1,100,0,96,384,96,96,0,162,-213,0,1,100,0,160,256,16,16,0,153,-167,0,1,100,0,176,256,16,16,0,163,-169,0,1,100,0,176,256,16,16,0,119,-209,0,1,100,0,176,256,16,16,0,126,-189,0,1,100,0,176,256,16,16,0,143,-204,0,1,100,0,160,256,16,16,0,134,-164,0,0,100,0,448,160,16,16,0,147,-154,0,0,100,0,352,192,16,32,0,146,-156,0,0,100,0,320,208,16,16,0,130,-189,0,0,100,0,192,192,32,32,0,135,-175,0,0,100,0,480,160,32,32,0,138,-160,0,0,100,0,336,192,16,32,0,139,-160,0,0,100,0,320,192,16,16,0,126,-205,0,0,100,0,816,32,48,48,0,124,-196,0,0,100,0,528,160,48,32,0,125,-165,0,0,100,0,448,176,16,16,0,128,-172,0,0,100,0,512,176,16,16,0,118,-213,0,0,100,0,752,128,64,64,0,79,-111,0,0,100,0,240,32,32,32,0,110,-127,0,0,100,0,208,0,32,32,0,44,-133,0,0,100,0,256,112,32,32,0,36,-172,0,0,100,0,288,80,32,32,0,36,-170,0,1,100,0,384,64,32,32,0,60,-189,0,0,100,0,288,64,32,16,0,36,-179,0,0,100,0,320,64,32,16,0,36,-179,0,0,100,0,224,64,32,56,0,46,-114,0,0,100,0,256,144,32,16,0,52,-133,0,0,100,0,288,112,16,32,0,42,-171,0,0,100,0,320,112,48,48,0,54,-137,0,0,100,0,288,144,32,16,0,48,-142,0,0,100,0,256,160,32,32,0,27,-138,0,0,100,0,288,160,32,32,0,27,-124,0,0,100,0,320,160,32,16,0,72,-147,0,0,100,0,256,112,32,32,0,60,-179,0,0,100,0,256,80,32,32,0,60,-180,0,1,100,0,384,64,32,32,0,60,-189,0,0,100,0,224,64,32,56,0,74,-128,0,0,100,0,256,144,32,16,0,72,-141,0,0,100,0,304,112,16,32,0,35,-128,0,0,100,0,0,208,64,32,0,24,-245,0,0,100,0,0,0,144,208,0,
0,46,49,-161,0,1,100,0,240,336,64,64,0,56,-153,0,1,100,0,192,288,48,48,0,30,-164,0,1,100,0,96,288,96,96,0,120,-163,0,1,100,0,160,256,16,16,0,159,-210,0,1,100,0,176,256,16,16,0,150,-172,0,1,100,0,192,256,16,16,0,159,-173,0,1,100,0,192,256,16,16,0,124,-205,0,1,100,0,192,256,16,16,0,131,-189,0,1,100,0,160,256,16,16,0,143,-202,0,1,100,0,160,256,16,16,0,134,-164,0,0,100,0,448,160,16,16,0,147,-154,0,0,100,0,352,192,16,32,0,146,-156,0,0,100,0,320,208,16,16,0,130,-189,0,0,100,0,192,192,32,32,0,135,-175,0,0,100,0,480,160,32,32,0,138,-160,0,0,100,0,336,192,16,32,0,139,-160,0,0,100,0,320,192,16,16,0,126,-205,0,0,100,0,864,32,48,48,0,124,-197,0,0,100,0,528,160,48,32,0,125,-166,0,0,100,0,448,176,16,16,0,128,-173,0,0,100,0,512,176,16,16,0,118,-213,0,0,100,0,816,128,64,64,0,79,-111,0,0,100,0,240,32,32,32,0,64,-126,0,1,15,0,912,0,64,64,0,110,-127,0,0,100,0,240,0,32,32,0,44,-133,0,0,100,0,256,112,32,32,0,36,-174,0,0,100,0,320,80,32,32,0,36,-170,0,1,100,0,384,64,32,32,0,60,-189,0,0,100,0,256,64,32,16,0,36,-179,0,0,100,0,352,64,32,16,0,36,-179,0,0,100,0,224,64,32,56,0,46,-114,0,0,100,0,256,144,32,16,0,52,-133,0,0,100,0,288,112,16,32,0,42,-171,0,0,100,0,320,112,48,48,0,54,-137,0,0,100,0,288,144,32,16,0,48,-142,0,0,100,0,256,160,32,32,0,27,-138,0,0,100,0,288,160,32,32,0,27,-124,0,0,100,0,320,160,32,16,0,72,-147,0,0,100,0,256,112,32,32,0,60,-181,0,0,100,0,352,80,32,32,0,60,-180,0,1,100,0,384,64,32,32,0,60,-189,0,0,100,0,224,64,32,56,0,74,-128,0,0,100,0,256,144,32,16,0,72,-141,0,0,100,0,304,112,16,32,0,35,-128,0,0,100,0,0,208,64,32,0,24,-245,0,0,100,0,0,0,144,208,0,
0,46,48,-161,0,1,100,0,240,400,64,64,0,56,-153,0,1,100,0,192,336,48,48,0,1,-237,0,1,100,0,96,480,176,176,0,147,-227,0,1,100,0,144,256,16,16,0,123,-167,0,1,100,0,176,256,16,16,0,155,-206,0,1,100,0,192,256,16,16,0,147,-177,0,1,100,0,192,256,16,16,0,155,-177,0,1,100,0,192,256,16,16,0,128,-201,0,1,100,0,192,256,16,16,0,131,-198,0,1,100,0,176,256,16,16,0,134,-164,0,0,100,0,448,160,16,16,0,147,-154,0,0,100,0,352,192,16,32,0,146,-156,0,0,100,0,320,208,16,16,0,130,-189,0,0,100,0,192,192,32,32,0,135,-175,0,0,100,0,480,160,32,32,0,138,-160,0,0,100,0,336,192,16,32,0,139,-160,0,0,100,0,320,192,16,16,0,134,-197,0,0,100,0,816,0,32,32,0,124,-196,0,0,100,0,528,160,48,32,0,125,-165,0,0,100,0,448,176,16,16,0,128,-172,0,0,100,0,512,176,16,16,0,118,-213,0,0,100,0,624,192,64,64,0,79,-111,0,0,100,0,240,32,32,32,0,64,-126,0,1,30,0,912,0,64,64,0,110,-127,0,0,100,0,240,0,32,32,0,44,-133,0,0,100,0,256,112,32,32,0,36,-177,0,0,100,0,352,80,32,32,0,36,-170,0,1,100,0,384,64,32,32,0,60,-189,0,0,100,0,352,64,32,16,0,36,-179,0,0,100,0,256,64,32,16,0,36,-179,0,0,100,0,224,64,32,56,0,46,-114,0,0,100,0,256,144,32,16,0,52,-133,0,0,100,0,288,112,16,32,0,42,-171,0,0,100,0,320,112,48,48,0,54,-137,0,0,100,0,288,144,32,16,0,48,-142,0,0,100,0,256,160,32,32,0,27,-138,0,0,100,0,288,160,32,32,0,27,-124,0,0,100,0,320,160,32,16,0,72,-147,0,0,100,0,256,112,32,32,0,60,-185,0,0,100,0,320,80,32,32,0,60,-180,0,1,100,0,384,64,32,32,0,60,-189,0,0,100,0,224,64,32,56,0,74,-128,0,0,100,0,256,144,32,16,0,72,-141,0,0,100,0,304,112,16,32,0,35,-128,0,0,100,0,0,208,64,32,0,24,-245,0,0,100,0,0,0,144,208,0,
0,46,56,-153,0,1,100,0,192,288,48,48,0,22,-176,0,1,100,0,96,384,96,96,0,103,-188,0,1,100,0,144,256,16,16,0,147,-224,0,1,100,0,160,256,16,16,0,126,-171,0,1,100,0,192,256,16,16,0,152,-202,0,1,100,0,192,256,16,16,0,145,-181,0,1,100,0,176,256,16,16,0,152,-180,0,1,100,0,176,256,16,16,0,131,-198,0,1,100,0,176,256,16,16,0,134,-164,0,0,100,0,448,160,16,16,0,147,-154,0,0,100,0,352,192,16,32,0,146,-156,0,0,100,0,320,208,16,16,0,130,-189,0,0,100,0,192,192,32,32,0,135,-175,0,0,100,0,480,160,32,32,0,138,-160,0,0,100,0,336,192,16,32,0,139,-160,0,0,100,0,320,192,16,16,0,134,-197,0,0,100,0,848,0,32,32,0,124,-197,0,0,100,0,528,160,48,32,0,125,-166,0,0,100,0,448,176,16,16,0,128,-173,0,0,100,0,512,176,16,16,0,118,-213,0,0,100,0,688,192,64,64,0,79,-111,0,0,100,0,272,32,32,32,0,64,-126,0,1,60,0,912,0,64,64,0,48,-143,0,1,20,0,0,240,96,96,0,110,-127,0,0,100,0,272,0,32,32,0,44,-133,0,0,100,0,256,112,32,32,0,36,-175,0,0,100,0,256,80,32,32,0,36,-170,0,1,100,0,384,64,32,32,0,60,-189,0,0,100,0,320,64,32,16,0,36,-179,0,0,100,0,288,64,32,16,0,36,-179,0,0,100,0,224,64,32,56,0,46,-114,0,0,100,0,256,144,32,16,0,52,-133,0,0,100,0,288,112,16,32,0,42,-171,0,0,100,0,320,112,48,48,0,54,-137,0,0,100,0,288,144,32,16,0,48,-142,0,0,100,0,256,160,32,32,0,27,-138,0,0,100,0,288,160,32,32,0,27,-124,0,0,100,0,320,160,32,16,0,72,-147,0,0,100,0,256,112,32,32,0,60,-187,0,0,100,0,288,80,32,32,0,60,-180,0,1,100,0,384,64,32,32,0,60,-189,0,0,100,0,224,64,32,56,0,74,-128,0,0,100,0,256,144,32,16,0,72,-141,0,0,100,0,304,112,16,32,0,35,-128,0,0,100,0,0,208,64,32,0,24,-245,0,0,100,0,0,0,144,208,0,
0,46,56,-153,0,1,100,0,192,336,48,48,0,30,-164,0,1,100,0,96,288,96,96,0,107,-188,0,1,100,0,160,256,16,16,0,146,-221,0,1,100,0,176,256,16,16,0,129,-175,0,1,100,0,192,256,16,16,0,149,-198,0,1,100,0,176,256,16,16,0,144,-185,0,1,100,0,160,256,16,16,0,149,-183,0,1,100,0,160,256,16,16,0,134,-195,0,1,100,0,160,256,16,16,0,134,-164,0,0,100,0,448,160,16,16,0,147,-154,0,0,100,0,352,192,16,32,0,146,-156,0,0,100,0,320,208,16,16,0,130,-189,0,0,100,0,192,192,32,32,0,135,-175,0,0,100,0,480,160,32,32,0,138,-160,0,0,100,0,336,192,16,32,0,139,-160,0,0,100,0,320,192,16,16,0,134,-197,0,0,100,0,880,0,32,32,0,124,-196,0,0,100,0,528,160,48,32,0,125,-165,0,0,100,0,448,176,16,16,0,128,-172,0,0,100,0,512,176,16,16,0,118,-213,0,0,100,0,752,192,64,64,0,79,-111,0,0,100,0,304,32,32,32,0,64,-126,0,1,40,0,912,0,64,64,0,48,-143,0,1,40,0,0,240,96,96,0,110,-127,0,0,100,0,304,0,32,32,0,44,-133,0,0,100,0,256,112,32,32,0,36,-171,0,0,100,0,288,80,32,32,0,36,-170,0,1,100,0,384,64,32,32,0,60,-189,0,0,100,0,288,64,32,16,0,36,-179,0,0,100,0,320,64,32,16,0,36,-179,0,0,100,0,224,64,32,56,0,46,-114,0,0,100,0,256,144,32,16,0,52,-133,0,0,100,0,288,112,16,32,0,42,-171,0,0,100,0,320,112,48,48,0,54,-137,0,0,100,0,288,144,32,16,0,48,-142,0,0,100,0,256,160,32,32,0,27,-138,0,0,100,0,288,160,32,32,0,27,-124,0,0,100,0,320,160,32,16,0,72,-147,0,0,100,0,256,112,32,32,0,60,-184,0,0,100,0,256,80,32,32,0,60,-180,0,1,100,0,384,64,32,32,0,60,-189,0,0,100,0,224,64,32,56,0,74,-128,0,0,100,0,256,144,32,16,0,72,-141,0,0,100,0,304,112,16,32,0,35,-128,0,0,100,0,0,208,64,32,0,24,-245,0,0,100,0,0,0,144,208,0,
0,43,49,-161,0,1,100,0,240,336,64,64,0,56,-153,0,1,100,0,192,288,48,48,0,1,-237,0,1,100,0,96,480,176,176,0,110,-189,0,1,100,0,176,256,16,16,0,145,-217,0,1,100,0,192,256,16,16,0,133,-179,0,1,100,0,176,256,16,16,0,147,-194,0,1,100,0,160,256,16,16,0,134,-164,0,0,100,0,448,160,16,16,0,147,-154,0,0,100,0,352,192,16,32,0,146,-156,0,0,100,0,320,208,16,16,0,130,-189,0,0,100,0,192,192,32,32,0,124,-197,0,0,100,0,528,160,48,32,0,125,-166,0,0,100,0,448,176,16,16,0,128,-173,0,0,100,0,512,176,16,16,0,135,-175,0,0,100,0,480,160,32,32,0,138,-160,0,0,100,0,336,192,16,32,0,139,-160,0,0,100,0,320,192,16,16,0,118,-213,0,0,100,0,816,192,64,64,0,79,-111,0,0,100,0,368,32,32,32,0,64,-126,0,1,20,0,912,0,64,64,0,48,-143,0,1,50,0,0,240,96,96,0,110,-127,0,0,100,0,144,0,32,32,0,44,-133,0,0,100,0,256,112,32,32,0,36,-165,0,0,100,0,320,80,32,32,0,36,-170,0,1,100,0,384,64,32,32,0,60,-189,0,0,100,0,256,64,32,16,0,36,-179,0,0,100,0,352,64,32,16,0,36,-179,0,0,100,0,224,64,32,56,0,46,-114,0,0,100,0,256,144,32,16,0,52,-133,0,0,100,0,288,112,16,32,0,42,-171,0,0,100,0,320,112,48,48,0,54,-137,0,0,100,0,288,144,32,16,0,48,-142,0,0,100,0,256,160,32,32,0,27,-138,0,0,100,0,288,160,32,32,0,27,-124,0,0,100,0,320,160,32,16,0,72,-147,0,0,100,0,256,112,32,32,0,60,-181,0,0,100,0,352,80,32,32,0,60,-180,0,1,100,0,384,64,32,32,0,60,-189,0,0,100,0,224,64,32,56,0,74,-128,0,0,100,0,256,144,32,16,0,72,-141,0,0,100,0,304,112,16,32,0,35,-128,0,0,100,0,0,208,64,32,0,24,-245,0,0,100,0,0,0,144,208,0,
0,45,48,-161,0,1,100,0,240,400,64,64,0,56,-153,0,1,100,0,192,336,48,48,0,30,-164,0,1,100,0,96,288,96,96,0,161,-168,0,1,100,0,144,256,16,16,0,169,-163,0,1,100,0,144,256,16,16,0,111,-216,0,1,100,0,144,256,16,16,0,115,-189,0,1,100,0,192,256,16,16,0,144,-212,0,1,100,0,192,256,16,16,0,136,-182,0,1,100,0,160,256,16,16,0,134,-164,0,0,100,0,448,160,16,16,0,147,-154,0,0,100,0,352,192,16,32,0,146,-156,0,0,100,0,320,208,16,16,0,130,-189,0,0,100,0,192,192,32,32,0,135,-175,0,0,100,0,480,160,32,32,0,138,-160,0,0,100,0,336,192,16,32,0,139,-160,0,0,100,0,320,192,16,16,0,126,-205,0,0,100,0,816,80,48,48,0,124,-196,0,0,100,0,528,160,48,32,0,125,-165,0,0,100,0,448,176,16,16,0,128,-172,0,0,100,0,512,176,16,16,0,118,-213,0,0,100,0,624,128,64,64,0,79,-111,0,0,100,0,336,32,32,32,0,48,-143,0,1,60,0,0,240,96,96,0,110,-127,0,0,100,0,144,0,32,32,0,44,-133,0,0,100,0,256,112,32,32,0,36,-165,0,0,100,0,352,80,32,32,0,36,-170,0,1,100,0,384,64,32,32,0,60,-189,0,0,100,0,352,64,32,16,0,36,-179,0,0,100,0,256,64,32,16,0,36,-179,0,0,100,0,224,64,32,56,0,46,-114,0,0,100,0,256,144,32,16,0,52,-133,0,0,100,0,288,112,16,32,0,42,-171,0,0,100,0,320,112,48,48,0,54,-137,0,0,100,0,288,144,32,16,0,48,-142,0,0,100,0,256,160,32,32,0,27,-138,0,0,100,0,288,160,32,32,0,27,-124,0,0,100,0,320,160,32,16,0,72,-147,0,0,100,0,256,112,32,32,0,60,-173,0,0,100,0,320,80,32,32,0,60,-180,0,1,100,0,384,64,32,32,0,60,-189,0,0,100,0,224,64,32,56,0,74,-128,0,0,100,0,256,144,32,16,0,72,-141,0,0,100,0,304,112,16,32,0,35,-128,0,0,100,0,0,208,64,32,0,24,-245,0,0,100,0,0,0,144,208,0,
0,45,0,-256,0,1,10,0,576,656,192,256,0,56,-153,0,1,100,0,192,288,48,48,0,1,-237,0,1,100,0,96,480,176,176,0,164,-216,0,1,100,0,144,256,16,16,0,156,-162,0,1,100,0,160,256,16,16,0,167,-165,0,1,100,0,160,256,16,16,0,116,-212,0,1,100,0,160,256,16,16,0,120,-189,0,1,100,0,192,256,16,16,0,143,-208,0,1,100,0,176,256,16,16,0,134,-164,0,0,100,0,448,160,16,16,0,147,-154,0,0,100,0,352,192,16,32,0,146,-156,0,0,100,0,320,208,16,16,0,130,-189,0,0,100,0,192,192,32,32,0,135,-175,0,0,100,0,480,160,32,32,0,138,-160,0,0,100,0,336,192,16,32,0,139,-160,0,0,100,0,320,192,16,16,0,126,-205,0,0,100,0,864,80,48,48,0,124,-197,0,0,100,0,528,160,48,32,0,125,-166,0,0,100,0,448,176,16,16,0,128,-173,0,0,100,0,512,176,16,16,0,118,-213,0,0,100,0,688,128,64,64,0,79,-111,0,0,100,0,368,32,32,32,0,48,-143,0,1,50,0,0,240,96,96,0,110,-127,0,0,100,0,176,0,32,32,0,44,-133,0,0,100,0,256,112,32,32,0,36,-169,0,0,100,0,256,80,32,32,0,36,-170,0,1,100,0,384,64,32,32,0,60,-189,0,0,100,0,320,64,32,16,0,36,-179,0,0,100,0,288,64,32,16,0,36,-179,0,0,100,0,224,64,32,56,0,46,-114,0,0,100,0,256,144,32,16,0,52,-133,0,0,100,0,288,112,16,32,0,42,-171,0,0,100,0,320,112,48,48,0,54,-137,0,0,100,0,288,144,32,16,0,48,-142,0,0,100,0,256,160,32,32,0,27,-138,0,0,100,0,288,160,32,32,0,27,-124,0,0,100,0,320,160,32,16,0,72,-147,0,0,100,0,256,112,32,32,0,60,-175,0,0,100,0,288,80,32,32,0,60,-180,0,1,100,0,384,64,32,32,0,60,-189,0,0,100,0,224,64,32,56,0,74,-128,0,0,100,0,256,144,32,16,0,72,-141,0,0,100,0,304,112,16,32,0,35,-128,0,0,100,0,0,208,64,32,0,24,-245,0,0,100,0,0,0,144,208,0,
0,45,0,-256,0,1,20,0,576,656,192,256,0,56,-153,0,1,100,0,192,336,48,48,0,27,-178,1,1,100,0,96,384,96,96,0,162,-213,0,1,100,0,160,256,16,16,0,153,-167,0,1,100,0,176,256,16,16,0,163,-169,0,1,100,0,176,256,16,16,0,119,-209,0,1,100,0,176,256,16,16,0,126,-189,0,1,100,0,176,256,16,16,0,143,-204,0,1,100,0,160,256,16,16,0,134,-164,0,0,100,0,448,160,16,16,0,147,-154,0,0,100,0,352,192,16,32,0,146,-156,0,0,100,0,320,208,16,16,0,130,-189,0,0,100,0,192,192,32,32,0,135,-175,0,0,100,0,480,160,32,32,0,138,-160,0,0,100,0,336,192,16,32,0,139,-160,0,0,100,0,320,192,16,16,0,126,-205,0,0,100,0,816,32,48,48,0,124,-196,0,0,100,0,528,160,48,32,0,125,-165,0,0,100,0,448,176,16,16,0,128,-172,0,0,100,0,512,176,16,16,0,118,-213,0,0,100,0,752,128,64,64,0,79,-111,0,0,100,0,368,32,32,32,0,48,-143,0,1,40,0,0,240,96,96,0,110,-127,0,0,100,0,208,0,32,32,0,44,-133,0,0,100,0,256,112,32,32,0,36,-172,0,0,100,0,288,80,32,32,0,36,-170,0,1,100,0,384,64,32,32,0,60,-189,0,0,100,0,288,64,32,16,0,36,-179,0,0,100,0,320,64,32,16,0,36,-179,0,0,100,0,224,64,32,56,0,46,-114,0,0,100,0,256,144,32,16,0,52,-133,0,0,100,0,288,112,16,32,0,42,-171,0,0,100,0,320,112,48,48,0,54,-137,0,0,100,0,288,144,32,16,0,48,-142,0,0,100,0,256,160,32,32,0,27,-138,0,0,100,0,288,160,32,32,0,27,-124,0,0,100,0,320,160,32,16,0,72,-147,0,0,100,0,256,112,32,32,0,60,-179,0,0,100,0,256,80,32,32,0,60,-180,0,1,100,0,384,64,32,32,0,60,-189,0,0,100,0,224,64,32,56,0,74,-128,0,0,100,0,256,144,32,16,0,72,-141,0,0,100,0,304,112,16,32,0,35,-128,0,0,100,0,0,208,64,32,0,24,-245,0,0,100,0,0,0,144,208,0,
0,47,0,-256,0,1,40,0,576,656,192,256,0,49,-161,0,1,100,0,240,336,64,64,0,56,-153,0,1,100,0,192,288,48,48,0,30,-164,0,1,100,0,96,288,96,96,0,120,-163,0,1,100,0,160,256,16,16,0,159,-210,0,1,100,0,176,256,16,16,0,150,-172,0,1,100,0,192,256,16,16,0,159,-173,0,1,100,0,192,256,16,16,0,124,-205,0,1,100,0,192,256,16,16,0,131,-189,0,1,100,0,160,256,16,16,0,143,-202,0,1,100,0,160,256,16,16,0,134,-164,0,0,100,0,448,160,16,16,0,147,-154,0,0,100,0,352,192,16,32,0,146,-156,0,0,100,0,320,208,16,16,0,130,-189,0,0,100,0,192,192,32,32,0,135,-175,0,0,100,0,480,160,32,32,0,138,-160,0,0,100,0,336,192,16,32,0,139,-160,0,0,100,0,320,192,16,16,0,126,-205,0,0,100,0,864,32,48,48,0,124,-197,0,0,100,0,528,160,48,32,0,125,-166,0,0,100,0,448,176,16,16,0,128,-173,0,0,100,0,512,176,16,16,0,118,-213,0,0,100,0,816,128,64,64,0,79,-111,0,0,100,0,368,32,32,32,0,48,-143,0,1,30,0,0,240,96,96,0,110,-127,0,0,100,0,240,0,32,32,0,44,-133,0,0,100,0,256,112,32,32,0,36,-174,0,0,100,0,320,80,32,32,0,36,-170,0,1,100,0,384,64,32,32,0,60,-189,0,0,100,0,256,64,32,16,0,36,-179,0,0,100,0,352,64,32,16,0,36,-179,0,0,100,0,224,64,32,56,0,46,-114,0,0,100,0,256,144,32,16,0,52,-133,0,0,100,0,288,112,16,32,0,42,-171,0,0,100,0,320,112,48,48,0,54,-137,0,0,100,0,288,144,32,16,0,48,-142,0,0,100,0,256,160,32,32,0,27,-138,0,0,100,0,288,160,32,32,0,27,-124,0,0,100,0,320,160,32,16,0,72,-147,0,0,100,0,256,112,32,32,0,60,-181,0,0,100,0,352,80,32,32,0,60,-180,0,1,100,0,384,64,32,32,0,60,-189,0,0,100,0,224,64,32,56,0,74,-128,0,0,100,0,256,144,32,16,0,72,-141,0,0,100,0,304,112,16,32,0,35,-128,0,0,100,0,0,208,64,32,0,24,-245,0,0,100,0,0,0,144,208,0,
0,47,0,-256,0,1,60,0,576,656,192,256,0,48,-161,0,1,100,0,240,400,64,64,0,56,-153,0,1,100,0,192,336,48,48,0,1,-237,0,1,100,0,96,480,176,176,0,147,-227,0,1,100,0,144,256,16,16,0,123,-167,0,1,100,0,176,256,16,16,0,155,-206,0,1,100,0,192,256,16,16,0,147,-177,0,1,100,0,192,256,16,16,0,155,-177,0,1,100,0,192,256,16,16,0,128,-201,0,1,100,0,192,256,16,16,0,131,-198,0,1,100,0,176,256,16,16,0,134,-164,0,0,100,0,448,160,16,16,0,147,-154,0,0,100,0,352,192,16,32,0,146,-156,0,0,100,0,320,208,16,16,0,130,-189,0,0,100,0,192,192,32,32,0,135,-175,0,0,100,0,480,160,32,32,0,138,-160,0,0,100,0,336,192,16,32,0,139,-160,0,0,100,0,320,192,16,16,0,134,-197,0,0,100,0,816,0,32,32,0,124,-196,0,0,100,0,528,160,48,32,0,125,-165,0,0,100,0,448,176,16,16,0,128,-172,0,0,100,0,512,176,16,16,0,118,-213,0,0,100,0,624,192,64,64,0,79,-111,0,0,100,0,368,32,32,32,0,48,-143,0,1,20,0,0,240,96,96,0,110,-127,0,0,100,0,240,0,32,32,0,44,-133,0,0,100,0,256,112,32,32,0,36,-177,0,0,100,0,352,80,32,32,0,36,-170,0,1,100,0,384,64,32,32,0,60,-189,0,0,100,0,352,64,32,16,0,36,-179,0,0,100,0,256,64,32,16,0,36,-179,0,0,100,0,224,64,32,56,0,46,-114,0,0,100,0,256,144,32,16,0,52,-133,0,0,100,0,288,112,16,32,0,42,-171,0,0,100,0,320,112,48,48,0,54,-137,0,0,100,0,288,144,32,16,0,48,-142,0,0,100,0,256,160,32,32,0,27,-138,0,0,100,0,288,160,32,32,0,27,-124,0,0,100,0,320,160,32,16,0,72,-147,0,0,100,0,256,112,32,32,0,60,-185,0,0,100,0,320,80,32,32,0,60,-180,0,1,100,0,384,64,32,32,0,60,-189,0,0,100,0,224,64,32,56,0,74,-128,0,0,100,0,256,144,32,16,0,72,-141,0,0,100,0,304,112,16,32,0,35,-128,0,0,100,0,0,208,64,32,0,24,-245,0,0,100,0,0,0,144,208,0,
0,45,0,-256,0,1,60,0,576,656,192,256,0,56,-153,0,1,100,0,192,288,48,48,0,22,-176,0,1,100,0,96,384,96,96,0,103,-188,0,1,100,0,144,256,16,16,0,147,-224,0,1,100,0,160,256,16,16,0,126,-171,0,1,100,0,192,256,16,16,0,152,-202,0,1,100,0,192,256,16,16,0,145,-181,0,1,100,0,176,256,16,16,0,152,-180,0,1,100,0,176,256,16,16,0,131,-198,0,1,100,0,176,256,16,16,0,134,-164,0,0,100,0,448,160,16,16,0,147,-154,0,0,100,0,352,192,16,32,0,146,-156,0,0,100,0,320,208,16,16,0,130,-189,0,0,100,0,192,192,32,32,0,135,-175,0,0,100,0,480,160,32,32,0,138,-160,0,0,100,0,336,192,16,32,0,139,-160,0,0,100,0,320,192,16,16,0,134,-197,0,0,100,0,848,0,32,32,0,124,-197,0,0,100,0,528,160,48,32,0,125,-166,0,0,100,0,448,176,16,16,0,128,-173,0,0,100,0,512,176,16,16,0,118,-213,0,0,100,0,688,192,64,64,0,79,-111,0,0,100,0,368,32,32,32,0,110,-127,0,0,100,0,272,0,32,32,0,44,-133,0,0,100,0,256,112,32,32,0,36,-175,0,0,100,0,256,80,32,32,0,36,-170,0,1,100,0,384,64,32,32,0,60,-189,0,0,100,0,320,64,32,16,0,36,-179,0,0,100,0,288,64,32,16,0,36,-179,0,0,100,0,224,64,32,56,0,46,-114,0,0,100,0,256,144,32,16,0,52,-133,0,0,100,0,288,112,16,32,0,42,-171,0,0,100,0,320,112,48,48,0,54,-137,0,0,100,0,288,144,32,16,0,48,-142,0,0,100,0,256,160,32,32,0,27,-138,0,0,100,0,288,160,32,32,0,27,-124,0,0,100,0,320,160,32,16,0,72,-147,0,0,100,0,256,112,32,32,0,60,-187,0,0,100,0,288,80,32,32,0,60,-180,0,1,100,0,384,64,32,32,0,60,-189,0,0,100,0,224,64,32,56,0,74,-128,0,0,100,0,256,144,32,16,0,72,-141,0,0,100,0,304,112,16,32,0,35,-128,0,0,100,0,0,208,64,32,0,24,-245,0,0,100,0,0,0,144,208,0,
0,45,0,-256,0,1,80,0,576,656,192,256,0,56,-153,0,1,100,0,192,336,48,48,0,30,-164,0,1,100,0,96,288,96,96,0,107,-188,0,1,100,0,160,256,16,16,0,146,-221,0,1,100,0,176,256,16,16,0,129,-175,0,1,100,0,192,256,16,16,0,149,-198,0,1,100,0,176,256,16,16,0,144,-185,0,1,100,0,160,256,16,16,0,149,-183,0,1,100,0,160,256,16,16,0,134,-195,0,1,100,0,160,256,16,16,0,134,-164,0,0,100,0,448,160,16,16,0,147,-154,0,0,100,0,352,192,16,32,0,146,-156,0,0,100,0,320,208,16,16,0,130,-189,0,0,100,0,192,192,32,32,0,135,-175,0,0,100,0,480,160,32,32,0,138,-160,0,0,100,0,336,192,16,32,0,139,-160,0,0,100,0,320,192,16,16,0,134,-197,0,0,100,0,880,0,32,32,0,124,-196,0,0,100,0,528,160,48,32,0,125,-165,0,0,100,0,448,176,16,16,0,128,-172,0,0,100,0,512,176,16,16,0,118,-213,0,0,100,0,752,192,64,64,0,79,-111,0,0,100,0,368,32,32,32,0,110,-127,0,0,100,0,304,0,32,32,0,44,-133,0,0,100,0,256,112,32,32,0,36,-171,0,0,100,0,288,80,32,32,0,36,-170,0,1,100,0,384,64,32,32,0,60,-189,0,0,100,0,288,64,32,16,0,36,-179,0,0,100,0,320,64,32,16,0,36,-179,0,0,100,0,224,64,32,56,0,46,-114,0,0,100,0,256,144,32,16,0,52,-133,0,0,100,0,288,112,16,32,0,42,-171,0,0,100,0,320,112,48,48,0,54,-137,0,0,100,0,288,144,32,16,0,48,-142,0,0,100,0,256,160,32,32,0,27,-138,0,0,100,0,288,160,32,32,0,27,-124,0,0,100,0,320,160,32,16,0,72,-147,0,0,100,0,256,112,32,32,0,60,-184,0,0,100,0,256,80,32,32,0,60,-180,0,1,100,0,384,64,32,32,0,60,-189,0,0,100,0,224,64,32,56,0,74,-128,0,0,100,0,256,144,32,16,0,72,-141,0,0,100,0,304,112,16,32,0,35,-128,0,0,100,0,0,208,64,32,0,24,-245,0,0,100,0,0,0,144,208,0,
0,41,0,-256,0,1,100,0,576,656,192,256,0,49,-161,0,1,100,0,240,336,64,64,0,56,-153,0,1,100,0,192,288,48,48,0,1,-237,0,1,100,0,96,480,176,176,0,110,-189,0,1,100,0,176,256,16,16,0,145,-217,0,1,100,0,192,256,16,16,0,133,-179,0,1,100,0,176,256,16,16,0,147,-194,0,1,100,0,160,256,16,16,0,134,-164,0,0,100,0,448,160,16,16,0,147,-154,0,0,100,0,352,192,16,32,0,146,-156,0,0,100,0,320,208,16,16,0,130,-189,0,0,100,0,192,192,32,32,0,124,-197,0,0,100,0,528,160,48,32,0,125,-166,0,0,100,0,448,176,16,16,0,128,-173,0,0,100,0,512,176,16,16,0,135,-175,0,0,100,0,480,160,32,32,0,138,-160,0,0,100,0,336,192,16,32,0,139,-160,0,0,100,0,320,192,16,16,0,118,-213,0,0,100,0,816,192,64,64,0,110,-127,0,0,100,0,144,0,32,32,0,44,-133,0,0,100,0,256,112,32,32,0,36,-165,0,0,100,0,320,80,32,32,0,36,-170,0,1,100,0,384,64,32,32,0,60,-189,0,0,100,0,256,64,32,16,0,36,-179,0,0,100,0,352,64,32,16,0,36,-179,0,0,100,0,224,64,32,56,0,46,-114,0,0,100,0,256,144,32,16,0,52,-133,0,0,100,0,288,112,16,32,0,42,-171,0,0,100,0,320,112,48,48,0,54,-137,0,0,100,0,288,144,32,16,0,48,-142,0,0,100,0,256,160,32,32,0,27,-138,0,0,100,0,288,160,32,32,0,27,-124,0,0,100,0,320,160,32,16,0,72,-147,0,0,100,0,256,112,32,32,0,60,-181,0,0,100,0,352,80,32,32,0,60,-180,0,1,100,0,384,64,32,32,0,60,-189,0,0,100,0,224,64,32,56,0,74,-128,0,0,100,0,256,144,32,16,0,72,-141,0,0,100,0,304,112,16,32,0,35,-128,0,0,100,0,0,208,64,32,0,24,-245,0,0,100,0,0,0,144,208,0,
0,20,0,-256,0,1,80,0,576,656,192,256,0,110,-127,0,0,100,0,336,0,32,32,0,79,-111,0,0,100,0,144,32,32,32,0,44,-134,0,0,100,0,256,112,32,32,0,36,-180,0,0,100,0,256,64,32,48,0,36,-180,0,0,100,0,224,64,32,56,0,46,-114,0,0,100,0,256,144,32,16,0,52,-133,0,0,100,0,288,112,16,32,0,42,-173,0,0,100,0,320,112,48,48,0,54,-139,0,0,100,0,288,144,32,16,0,48,-142,0,0,100,0,256,160,32,32,0,27,-138,0,0,100,0,288,160,32,32,0,27,-124,0,0,100,0,320,160,32,16,0,72,-148,0,0,100,0,256,112,32,32,0,60,-190,0,0,100,0,352,64,32,48,0,60,-190,0,0,100,0,224,64,32,56,0,74,-128,0,0,100,0,256,144,32,16,0,72,-141,0,0,100,0,304,112,16,32,0,35,-128,0,0,100,0,0,208,64,32,0,24,-245,0,0,100,0,0,0,144,208,0,
0,20,0,-256,0,1,60,0,576,656,192,256,0,110,-127,0,0,100,0,368,0,32,32,0,79,-111,0,0,100,0,144,32,32,32,0,44,-134,0,0,100,0,256,112,32,32,0,36,-179,0,0,100,0,288,64,32,48,0,36,-179,0,0,100,0,224,64,32,56,0,46,-114,0,0,100,0,256,144,32,16,0,52,-133,0,0,100,0,288,112,16,32,0,42,-173,0,0,100,0,320,112,48,48,0,54,-139,0,0,100,0,288,144,32,16,0,48,-142,0,0,100,0,256,160,32,32,0,27,-138,0,0,100,0,288,160,32,32,0,27,-124,0,0,100,0,320,160,32,16,0,72,-148,0,0,100,0,256,112,32,32,0,60,-189,0,0,100,0,320,64,32,48,0,60,-189,0,0,100,0,224,64,32,56,0,74,-128,0,0,100,0,256,144,32,16,0,72,-141,0,0,100,0,304,112,16,32,0,35,-128,0,0,100,0,0,208,64,32,0,24,-245,0,0,100,0,0,0,144,208,0,
0,20,0,-256,0,1,40,0,576,656,192,256,0,110,-127,0,0,100,0,336,0,32,32,0,79,-111,0,0,100,0,144,32,32,32,0,44,-133,0,0,100,0,256,112,32,32,0,36,-179,0,0,100,0,320,64,32,48,0,36,-179,0,0,100,0,224,64,32,56,0,46,-114,0,0,100,0,256,144,32,16,0,52,-133,0,0,100,0,288,112,16,32,0,42,-173,0,0,100,0,320,112,48,48,0,54,-139,0,0,100,0,288,144,32,16,0,48,-142,0,0,100,0,256,160,32,32,0,27,-138,0,0,100,0,288,160,32,32,0,27,-124,0,0,100,0,320,160,32,16,0,72,-147,0,0,100,0,256,112,32,32,0,60,-189,0,0,100,0,288,64,32,48,0,60,-189,0,0,100,0,224,64,32,56,0,74,-128,0,0,100,0,256,144,32,16,0,72,-141,0,0,100,0,304,112,16,32,0,35,-128,0,0,100,0,0,208,64,32,0,24,-245,0,0,100,0,0,0,144,208,0,
0,20,0,-256,0,1,20,0,576,656,192,256,0,110,-127,0,0,100,0,368,0,32,32,0,79,-111,0,0,100,0,144,32,32,32,0,44,-133,0,0,100,0,256,112,32,32,0,36,-179,0,0,100,0,352,64,32,48,0,36,-179,0,0,100,0,224,64,32,56,0,46,-114,0,0,100,0,256,144,32,16,0,52,-133,0,0,100,0,288,112,16,32,0,42,-172,0,0,100,0,320,112,48,48,0,54,-139,0,0,100,0,288,144,32,16,0,48,-142,0,0,100,0,256,160,32,32,0,27,-138,0,0,100,0,288,160,32,32,0,27,-124,0,0,100,0,320,160,32,16,0,72,-147,0,0,100,0,256,112,32,32,0,60,-189,0,0,100,0,256,64,32,48,0,60,-189,0,0,100,0,224,64,32,56,0,74,-128,0,0,100,0,256,144,32,16,0,72,-141,0,0,100,0,304,112,16,32,0,35,-128,0,0,100,0,0,208,64,32,0,24,-245,0,0,100,0,0,0,144,208,0,
0,19,110,-127,0,0,100,0,336,0,32,32,0,79,-111,0,0,100,0,144,32,32,32,0,44,-133,0,0,100,0,256,112,32,32,0,36,-179,0,0,100,0,256,64,32,48,0,36,-179,0,0,100,0,224,64,32,56,0,46,-114,0,0,100,0,256,144,32,16,0,52,-133,0,0,100,0,288,112,16,32,0,42,-172,0,0,100,0,320,112,48,48,0,54,-138,0,0,100,0,288,144,32,16,0,48,-142,0,0,100,0,256,160,32,32,0,27,-138,0,0,100,0,288,160,32,32,0,27,-124,0,0,100,0,320,160,32,16,0,72,-147,0,0,100,0,256,112,32,32,0,60,-189,0,0,100,0,352,64,32,48,0,60,-189,0,0,100,0,224,64,32,56,0,74,-128,0,0,100,0,256,144,32,16,0,72,-141,0,0,100,0,304,112,16,32,0,35,-128,0,0,100,0,0,208,64,32,0,24,-245,0,0,100,0,0,0,144,208,0,
0,19,110,-127,0,0,100,0,368,0,32,32,0,79,-111,0,0,100,0,144,32,32,32,0,44,-133,0,0,100,0,256,112,32,32,0,36,-179,0,0,100,0,288,64,32,48,0,36,-179,0,0,100,0,224,64,32,56,0,46,-114,0,0,100,0,256,144,32,16,0,52,-133,0,0,100,0,288,112,16,32,0,42,-171,0,0,100,0,320,112,48,48,0,54,-137,0,0,100,0,288,144,32,16,0,48,-142,0,0,100,0,256,160,32,32,0,27,-138,0,0,100,0,288,160,32,32,0,27,-124,0,0,100,0,320,160,32,16,0,72,-147,0,0,100,0,256,112,32,32,0,60,-189,0,0,100,0,320,64,32,48,0,60,-189,0,0,100,0,224,64,32,56,0,74,-128,0,0,100,0,256,144,32,16,0,72,-141,0,0,100,0,304,112,16,32,0,35,-128,0,0,100,0,0,208,64,32,0,24,-245,0,0,100,0,0,0,144,208,0,
0,19,110,-127,0,0,100,0,336,0,32,32,0,79,-111,0,0,100,0,144,32,32,32,0,44,-133,0,0,100,0,256,112,32,32,0,36,-180,0,0,100,0,320,64,32,48,0,36,-180,0,0,100,0,224,64,32,56,0,46,-114,0,0,100,0,256,144,32,16,0,52,-133,0,0,100,0,288,112,16,32,0,42,-173,0,0,100,0,320,112,48,48,0,54,-138,0,0,100,0,288,144,32,16,0,48,-142,0,0,100,0,256,160,32,32,0,27,-138,0,0,100,0,288,160,32,32,0,27,-124,0,0,100,0,320,160,32,16,0,72,-147,0,0,100,0,256,112,32,32,0,60,-190,0,0,100,0,288,64,32,48,0,60,-190,0,0,100,0,224,64,32,56,0,74,-128,0,0,100,0,256,144,32,16,0,72,-141,0,0,100,0,304,112,16,32,0,35,-128,0,0,100,0,0,208,64,32,0,24,-245,0,0,100,0,0,0,144,208,0,
0,19,110,-127,0,0,100,0,368,0,32,32,0,79,-111,0,0,100,0,144,32,32,32,0,44,-133,0,0,100,0,256,112,32,32,0,36,-181,0,0,100,0,352,64,32,48,0,36,-181,0,0,100,0,224,64,32,56,0,46,-114,0,0,100,0,256,144,32,16,0,52,-133,0,0,100,0,288,112,16,32,0,42,-174,0,0,100,0,320,112,48,48,0,54,-139,0,0,100,0,288,144,32,16,0,48,-142,0,0,100,0,256,160,32,32,0,27,-138,0,0,100,0,288,160,32,32,0,27,-124,0,0,100,0,320,160,32,16,0,72,-147,0,0,100,0,256,112,32,32,0,60,-191,0,0,100,0,256,64,32,48,0,60,-191,0,0,100,0,224,64,32,56,0,74,-128,0,0,100,0,256,144,32,16,0,72,-141,0,0,100,0,304,112,16,32,0,35,-128,0,0,100,0,0,208,64,32,0,24,-245,0,0,100,0,0,0,144,208,0,
0,0,
0,29,132,-163,0,0,100,0,288,192,32,32,0,138,-163,0,0,100,0,272,192,16,16,0,131,-148,0,0,100,0,352,192,16,32,0,130,-150,0,0,100,0,320,208,16,16,0,122,-185,0,0,100,0,192,160,32,32,0,120,-168,0,0,100,0,224,192,32,32,0,113,-159,0,0,100,0,256,208,16,16,0,120,-170,0,0,100,0,256,192,16,16,0,120,-153,0,0,100,0,336,192,16,32,0,121,-153,0,0,100,0,320,192,16,16,0,79,-111,0,0,100,0,144,32,32,32,0,110,-127,0,0,100,0,144,0,32,32,0,44,-134,0,0,100,0,256,112,32,32,0,36,-180,0,0,100,0,256,64,32,48,0,36,-180,0,0,100,0,224,64,32,56,0,46,-114,0,0,100,0,256,144,32,16,0,52,-133,0,0,100,0,288,112,16,32,0,42,-173,0,0,100,0,320,112,48,48,0,54,-139,0,0,100,0,288,144,32,16,0,48,-142,0,0,100,0,256,160,32,32,0,27,-138,0,0,100,0,288,160,32,32,0,27,-124,0,0,100,0,320,160,32,16,0,72,-148,0,0,100,0,256,112,32,32,0,60,-190,0,0,100,0,352,64,32,48,0,60,-190,0,0,100,0,224,64,32,56,0,74,-128,0,0,100,0,256,144,32,16,0,72,-141,0,0,100,0,304,112,16,32,0,35,-128,0,0,100,0,0,208,64,32,0,24,-245,0,0,100,0,0,0,144,208,0,
0,29,132,-161,0,0,100,0,288,192,32,32,0,138,-161,0,0,100,0,272,192,16,16,0,131,-146,0,0,100,0,352,192,16,32,0,130,-148,0,0,100,0,320,208,16,16,0,122,-183,0,0,100,0,192,160,32,32,0,120,-166,0,0,100,0,224,192,32,32,0,113,-157,0,0,100,0,256,208,16,16,0,120,-168,0,0,100,0,256,192,16,16,0,120,-152,0,0,100,0,336,192,16,32,0,121,-152,0,0,100,0,320,192,16,16,0,79,-111,0,0,100,0,144,32,32,32,0,110,-127,0,0,100,0,176,0,32,32,0,44,-134,0,0,100,0,256,112,32,32,0,36,-179,0,0,100,0,288,64,32,48,0,36,-179,0,0,100,0,224,64,32,56,0,46,-114,0,0,100,0,256,144,32,16,0,52,-133,0,0,100,0,288,112,16,32,0,42,-173,0,0,100,0,320,112,48,48,0,54,-139,0,0,100,0,288,144,32,16,0,48,-142,0,0,100,0,256,160,32,32,0,27,-138,0,0,100,0,288,160,32,32,0,27,-124,0,0,100,0,320,160,32,16,0,72,-148,0,0,100,0,256,112,32,32,0,60,-189,0,0,100,0,320,64,32,48,0,60,-189,0,0,100,0,224,64,32,56,0,74,-128,0,0,100,0,256,144,32,16,0,72,-141,0,0,100,0,304,112,16,32,0,35,-128,0,0,100,0,0,208,64,32,0,24,-245,0,0,100,0,0,0,144,208,0,
0,29,131,-160,0,0,100,0,288,192,32,32,0,138,-160,0,0,100,0,272,192,16,16,0,131,-144,0,0,100,0,352,192,16,32,0,130,-147,0,0,100,0,320,208,16,16,0,122,-182,0,0,100,0,192,160,32,32,0,120,-165,0,0,100,0,224,192,32,32,0,114,-156,0,0,100,0,256,208,16,16,0,120,-167,0,0,100,0,256,192,16,16,0,120,-151,0,0,100,0,336,192,16,32,0,121,-151,0,0,100,0,320,192,16,16,0,79,-111,0,0,100,0,144,32,32,32,0,110,-127,0,0,100,0,208,0,32,32,0,44,-133,0,0,100,0,256,112,32,32,0,36,-179,0,0,100,0,320,64,32,48,0,36,-179,0,0,100,0,224,64,32,56,0,46,-114,0,0,100,0,256,144,32,16,0,52,-133,0,0,100,0,288,112,16,32,0,42,-173,0,0,100,0,320,112,48,48,0,54,-139,0,0,100,0,288,144,32,16,0,48,-142,0,0,100,0,256,160,32,32,0,27,-138,0,0,100,0,288,160,32,32,0,27,-124,0,0,100,0,320,160,32,16,0,72,-147,0,0,100,0,256,112,32,32,0,60,-189,0,0,100,0,288,64,32,48,0,60,-189,0,0,100,0,224,64,32,56,0,74,-128,0,0,100,0,256,144,32,16,0,72,-141,0,0,100,0,304,112,16,32,0,35,-128,0,0,100,0,0,208,64,32,0,24,-245,0,0,100,0,0,0,144,208,0,
0,29,131,-159,0,0,100,0,288,192,32,32,0,138,-159,0,0,100,0,272,192,16,16,0,131,-143,0,0,100,0,352,192,16,32,0,130,-146,0,0,100,0,320,208,16,16,0,122,-181,0,0,100,0,192,160,32,32,0,120,-164,0,0,100,0,224,192,32,32,0,114,-155,0,0,100,0,256,208,16,16,0,120,-166,0,0,100,0,256,192,16,16,0,120,-150,0,0,100,0,336,192,16,32,0,121,-150,0,0,100,0,320,192,16,16,0,79,-111,0,0,100,0,144,32,32,32,0,110,-127,0,0,100,0,240,0,32,32,0,44,-133,0,0,100,0,256,112,32,32,0,36,-179,0,0,100,0,352,64,32,48,0,36,-179,0,0,100,0,224,64,32,56,0,46,-114,0,0,100,0,256,144,32,16,0,52,-133,0,0,100,0,288,112,16,32,0,42,-172,0,0,100,0,320,112,48,48,0,54,-139,0,0,100,0,288,144,32,16,0,48,-142,0,0,100,0,256,160,32,32,0,27,-138,0,0,100,0,288,160,32,32,0,27,-124,0,0,100,0,320,160,32,16,0,72,-147,0,0,100,0,256,112,32,32,0,60,-189,0,0,100,0,256,64,32,48,0,60,-189,0,0,100,0,224,64,32,56,0,74,-128,0,0,100,0,256,144,32,16,0,72,-141,0,0,100,0,304,112,16,32,0,35,-128,0,0,100,0,0,208,64,32,0,24,-245,0,0,100,0,0,0,144,208,0,
0,29,131,-160,0,0,100,0,288,192,32,32,0,138,-160,0,0,100,0,272,192,16,16,0,131,-144,0,0,100,0,352,192,16,32,0,130,-147,0,0,100,0,320,208,16,16,0,122,-182,0,0,100,0,192,160,32,32,0,120,-165,0,0,100,0,224,192,32,32,0,114,-156,0,0,100,0,256,208,16,16,0,120,-167,0,0,100,0,256,192,16,16,0,120,-150,0,0,100,0,336,192,16,32,0,121,-150,0,0,100,0,320,192,16,16,0,79,-111,0,0,100,0,144,32,32,32,0,110,-127,0,0,100,0,240,0,32,32,0,44,-133,0,0,100,0,256,112,32,32,0,36,-179,0,0,100,0,256,64,32,48,0,36,-179,0,0,100,0,224,64,32,56,0,46,-114,0,0,100,0,256,144,32,16,0,52,-133,0,0,100,0,288,112,16,32,0,42,-172,0,0,100,0,320,112,48,48,0,54,-138,0,0,100,0,288,144,32,16,0,48,-142,0,0,100,0,256,160,32,32,0,27,-138,0,0,100,0,288,160,32,32,0,27,-124,0,0,100,0,320,160,32,16,0,72,-147,0,0,100,0,256,112,32,32,0,60,-189,0,0,100,0,352,64,32,48,0,60,-189,0,0,100,0,224,64,32,56,0,74,-128,0,0,100,0,256,144,32,16,0,72,-141,0,0,100,0,304,112,16,32,0,35,-128,0,0,100,0,0,208,64,32,0,24,-245,0,0,100,0,0,0,144,208,0,
0,29,131,-161,0,0,100,0,288,192,32,32,0,138,-161,0,0,100,0,272,192,16,16,0,131,-146,0,0,100,0,352,192,16,32,0,130,-148,0,0,100,0,320,208,16,16,0,122,-183,0,0,100,0,192,160,32,32,0,120,-166,0,0,100,0,224,192,32,32,0,114,-157,0,0,100,0,256,208,16,16,0,120,-168,0,0,100,0,256,192,16,16,0,120,-151,0,0,100,0,336,192,16,32,0,121,-151,0,0,100,0,320,192,16,16,0,79,-111,0,0,100,0,144,32,32,32,0,110,-127,0,0,100,0,272,0,32,32,0,44,-133,0,0,100,0,256,112,32,32,0,36,-179,0,0,100,0,288,64,32,48,0,36,-179,0,0,100,0,224,64,32,56,0,46,-114,0,0,100,0,256,144,32,16,0,52,-133,0,0,100,0,288,112,16,32,0,42,-171,0,0,100,0,320,112,48,48,0,54,-137,0,0,100,0,288,144,32,16,0,48,-142,0,0,100,0,256,160,32,32,0,27,-138,0,0,100,0,288,160,32,32,0,27,-124,0,0,100,0,320,160,32,16,0,72,-147,0,0,100,0,256,112,32,32,0,60,-189,0,0,100,0,320,64,32,48,0,60,-189,0,0,100,0,224,64,32,56,0,74,-128,0,0,100,0,256,144,32,16,0,72,-141,0,0,100,0,304,112,16,32,0,35,-128,0,0,100,0,0,208,64,32,0,24,-245,0,0,100,0,0,0,144,208,0,
0,29,131,-163,0,0,100,0,288,192,32,32,0,138,-162,0,0,100,0,272,192,16,16,0,131,-147,0,0,100,0,352,192,16,32,0,130,-150,0,0,100,0,320,208,16,16,0,122,-184,0,0,100,0,192,160,32,32,0,120,-167,0,0,100,0,224,192,32,32,0,114,-159,0,0,100,0,256,208,16,16,0,120,-169,0,0,100,0,256,192,16,16,0,120,-152,0,0,100,0,336,192,16,32,0,121,-152,0,0,100,0,320,192,16,16,0,79,-111,0,0,100,0,144,32,32,32,0,110,-127,0,0,100,0,304,0,32,32,0,44,-133,0,0,100,0,256,112,32,32,0,36,-180,0,0,100,0,320,64,32,48,0,36,-180,0,0,100,0,224,64,32,56,0,46,-114,0,0,100,0,256,144,32,16,0,52,-133,0,0,100,0,288,112,16,32,0,42,-173,0,0,100,0,320,112,48,48,0,54,-138,0,0,100,0,288,144,32,16,0,48,-142,0,0,100,0,256,160,32,32,0,27,-138,0,0,100,0,288,160,32,32,0,27,-124,0,0,100,0,320,160,32,16,0,72,-147,0,0,100,0,256,112,32,32,0,60,-190,0,0,100,0,288,64,32,48,0,60,-190,0,0,100,0,224,64,32,56,0,74,-128,0,0,100,0,256,144,32,16,0,72,-141,0,0,100,0,304,112,16,32,0,35,-128,0,0,100,0,0,208,64,32,0,24,-245,0,0,100,0,0,0,144,208,0,
0,29,132,-164,0,0,100,0,288,192,32,32,0,138,-163,0,0,100,0,272,192,16,16,0,131,-148,0,0,100,0,352,192,16,32,0,130,-151,0,0,100,0,320,208,16,16,0,122,-185,0,0,100,0,192,160,32,32,0,120,-168,0,0,100,0,224,192,32,32,0,113,-160,0,0,100,0,256,208,16,16,0,120,-170,0,0,100,0,256,192,16,16,0,120,-153,0,0,100,0,336,192,16,32,0,121,-153,0,0,100,0,320,192,16,16,0,79,-111,0,0,100,0,144,32,32,32,0,110,-127,0,0,100,0,144,0,32,32,0,44,-133,0,0,100,0,256,112,32,32,0,36,-181,0,0,100,0,352,64,32,48,0,36,-181,0,0,100,0,224,64,32,56,0,46,-114,0,0,100,0,256,144,32,16,0,52,-133,0,0,100,0,288,112,16,32,0,42,-174,0,0,100,0,320,112,48,48,0,54,-139,0,0,100,0,288,144,32,16,0,48,-142,0,0,100,0,256,160,32,32,0,27,-138,0,0,100,0,288,160,32,32,0,27,-124,0,0,100,0,320,160,32,16,0,72,-147,0,0,100,0,256,112,32,32,0,60,-191,0,0,100,0,256,64,32,48,0,60,-191,0,0,100,0,224,64,32,56,0,74,-128,0,0,100,0,256,144,32,16,0,72,-141,0,0,100,0,304,112,16,32,0,35,-128,0,0,100,0,0,208,64,32,0,24,-245,0,0,100,0,0,0,144,208,0,
0,0,
0,16,79,-111,0,0,100,0,144,32,32,32,0,110,-127,0,0,100,0,144,0,32,32,0,131,-162,0,0,100,0,288,192,32,32,0,138,-162,0,0,100,0,272,192,16,16,0,131,-147,0,0,100,0,352,192,16,32,0,130,-149,0,0,100,0,320,208,16,16,0,122,-183,0,0,100,0,192,160,32,32,0,120,-167,0,0,100,0,224,192,32,32,0,114,-158,0,0,100,0,256,208,16,16,0,120,-169,0,0,100,0,256,192,16,16,0,120,-152,0,0,100,0,336,192,16,32,0,121,-152,0,0,100,0,320,192,16,16,0,114,-183,0,0,50,0,144,160,48,64,0,30,-192,0,0,100,0,144,64,80,96,0,24,-245,0,0,100,0,0,0,144,208,0,0,-256,0,0,100,0,384,656,192,256,0,
0,21,36,-180,0,0,100,0,352,64,32,48,0,36,-180,0,0,100,0,320,64,32,48,0,36,-180,0,0,100,0,288,64,32,48,0,36,-180,0,0,100,0,256,64,32,48,0,36,-180,0,0,100,0,224,64,32,56,0,44,-134,0,0,100,0,256,112,32,32,0,46,-114,0,0,100,0,256,144,32,16,0,52,-133,0,0,100,0,288,112,16,32,0,42,-173,0,0,100,0,320,112,48,48,0,54,-140,0,0,100,0,288,144,32,16,0,48,-142,0,0,100,0,256,160,32,32,0,27,-138,0,0,100,0,288,160,32,32,0,27,-124,0,0,100,0,320,160,32,16,0,60,-190,0,0,100,0,352,64,32,48,0,60,-190,0,0,100,0,320,64,32,48,0,60,-190,0,0,100,0,288,64,32,48,0,60,-190,0,0,100,0,256,64,32,48,0,60,-190,0,0,100,0,224,64,32,56,0,72,-148,0,0,100,0,256,112,32,32,0,74,-128,0,0,100,0,256,144,32,16,0,72,-141,0,0,100,0,304,112,16,32,0,
0,31,95,-137,0,0,100,0,736,464,96,64,0,79,-144,0,0,100,0,720,384,112,80,0,79,-144,0,0,100,0,608,384,112,64,0,75,-255,0,0,100,0,752,256,112,128,0,87,-255,0,0,100,0,656,256,96,128,0,87,-255,0,0,100,0,560,256,96,128,0,1,-144,0,0,100,0,608,496,96,96,0,1,-144,0,0,100,0,512,496,96,112,0,1,-144,0,0,100,0,512,384,96,112,0,53,-255,0,0,100,0,512,256,48,128,0,53,-255,0,0,100,0,464,256,48,128,0,53,-255,0,0,100,0,416,256,48,128,0,1,-215,0,0,100,0,416,544,96,80,0,1,-215,0,0,100,0,416,464,96,80,0,1,-215,0,0,100,0,416,384,96,80,0,110,-127,0,0,100,0,304,0,32,32,0,110,-127,0,0,100,0,272,0,32,32,0,110,-127,0,0,100,0,240,0,32,32,0,110,-127,0,0,100,0,208,0,32,32,0,110,-127,0,0,100,0,176,0,32,32,0,110,-127,0,0,100,0,144,0,32,32,0,131,-162,0,0,100,0,288,192,32,32,0,138,-162,0,0,100,0,272,192,16,16,0,131,-147,0,0,100,0,352,192,16,32,0,130,-149,0,0,100,0,320,208,16,16,0,122,-183,0,0,100,0,192,160,32,32,0,120,-167,0,0,100,0,224,192,32,32,0,114,-158,0,0,100,0,256,208,16,16,0,120,-169,0,0,100,0,256,192,16,16,0,120,-152,0,0,100,0,336,192,16,32,0,121,-152,0,0,100,0,320,192,16,16,0,
0,42,99,-189,0,0,100,0,512,144,16,16,0,102,-186,0,0,100,0,496,144,16,16,0,105,-184,0,0,100,0,480,144,16,16,0,111,-178,0,0,100,0,464,144,16,16,0,148,-129,0,0,100,0,512,128,16,16,0,146,-133,0,0,100,0,496,128,16,16,0,144,-136,0,0,100,0,480,128,16,16,0,140,-140,0,0,100,0,464,128,16,16,0,100,-135,0,0,100,0,512,112,16,16,0,103,-139,0,0,100,0,496,112,16,16,0,106,-141,0,0,100,0,480,112,16,16,0,109,-146,0,0,100,0,464,112,16,16,0,129,-189,0,1,100,0,160,256,16,16,0,124,-189,0,1,100,0,176,256,16,16,0,118,-189,0,1,100,0,192,256,16,16,0,113,-189,0,1,100,0,192,256,16,16,0,108,-189,0,1,100,0,176,256,16,16,0,105,-188,0,1,100,0,160,256,16,16,0,101,-188,0,1,100,0,144,256,16,16,0,118,-213,0,0,100,-180,816,192,64,64,0,118,-213,0,0,100,-180,752,192,64,64,0,118,-213,0,0,100,-180,688,192,64,64,0,118,-213,0,0,100,-180,624,192,64,64,0,118,-213,0,0,100,-180,816,128,64,64,0,118,-213,0,0,100,-180,752,128,64,64,0,118,-213,0,0,100,-180,688,128,64,64,0,118,-213,0,0,100,-180,624,128,64,64,0,118,-213,0,0,100,0,816,192,64,64,0,118,-213,0,0,100,0,752,192,64,64,0,118,-213,0,0,100,0,688,192,64,64,0,118,-213,0,0,100,0,624,192,64,64,0,118,-213,0,0,100,0,816,128,64,64,0,118,-213,0,0,100,0,752,128,64,64,0,118,-213,0,0,100,0,688,128,64,64,0,118,-213,0,0,100,0,624,128,64,64,0,8,-61,0,0,100,0,880,0,32,32,0,8,-61,0,0,100,0,848,0,32,32,0,8,-61,0,0,100,0,816,0,32,32,0,0,-69,0,0,100,0,864,32,48,48,0,0,-69,0,0,100,0,816,32,48,48,0,0,-69,0,0,100,0,864,80,48,48,0,0,-69,0,0,100,0,816,80,48,48,0,
