0,48,85,-115,0,0,100,0,0,528,32,48,0,113,-129,0,0,100,0,0,528,32,48,0,85,-99,0,0,30,0,64,480,32,32,0,113,-113,0,0,30,0,64,480,32,32,0,8,-250,0,1,30,0,0,672,160,128,0,8,-218,0,1,30,0,0,808,176,184,0,14,-161,0,0,100,0,32,480,32,32,0,28,-165,0,0,100,0,32,480,32,32,0,38,-182,1,0,100,0,0,480,32,48,0,52,-175,0,0,100,0,32,480,32,32,0,39,-212,0,1,90,0,80,576,32,32,0,48,-138,0,0,30,0,80,640,16,32,0,13,-202,0,0,100,0,0,576,80,96,0,66,-194,0,0,30,0,112,416,112,64,0,66,-194,0,1,20,0,144,560,112,64,0,66,-194,0,0,100,0,32,512,112,64,0,99,-230,0,0,30,0,128,336,64,80,0,99,-230,0,1,15,0,224,464,40,64,0,99,-230,0,0,100,0,64,336,64,80,0,99,-198,0,0,30,0,192,368,32,48,0,66,-194,0,0,30,0,112,480,48,32,0,99,-230,0,0,100,0,0,336,64,80,0,82,-194,0,1,30,0,144,512,80,48,0,66,-194,0,1,20,0,224,528,56,32,0,66,-194,0,0,100,0,0,416,112,64,0,136,-157,0,0,30,0,112,272,40,32,0,64,-189,0,0,100,0,352,288,112,80,0,64,-189,0,0,100,0,0,272,112,64,0,110,-154,0,0,30,0,192,176,32,32,0,116,-149,0,0,100,0,0,480,32,48,0,110,-154,0,0,30,0,192,208,64,64,0,134,-154,0,0,30,0,152,272,40,64,0,110,-154,0,0,100,0,64,208,64,64,0,69,-175,0,0,30,0,160,176,32,32,0,75,-170,0,0,100,0,0,480,32,48,0,69,-175,0,0,30,0,128,208,64,64,0,93,-175,0,0,30,0,152,272,40,64,0,69,-175,0,0,100,0,0,208,64,64,0,112,-181,0,0,100,0,112,304,40,32,0,79,-115,0,0,30,0,160,112,96,64,0,95,-139,0,0,30,0,256,112,80,64,0,15,-147,0,1,20,0,464,288,160,96,0,15,-147,0,0,100,0,224,368,160,96,0,15,-147,0,1,8,0,192,272,160,96,0,15,-147,0,0,100,0,0,112,160,96,0,24,-147,0,0,30,0,144,0,144,112,0,24,-147,0,0,100,0,0,0,144,112,0,0,-256,0,0,100,0,808,488,192,256,0,
0,48,85,-115,0,0,100,0,0,528,32,48,0,113,-129,0,0,100,0,0,528,32,48,0,85,-99,0,0,30,0,64,480,32,32,0,113,-113,0,0,30,0,64,480,32,32,0,8,-250,0,1,20,0,0,672,160,128,0,8,-218,0,1,25,0,0,808,176,184,0,14,-161,0,0,100,0,32,480,32,32,0,28,-165,0,0,100,0,32,480,32,32,0,38,-182,1,0,100,0,0,480,32,48,0,52,-175,0,0,100,0,32,480,32,32,0,39,-212,0,1,90,0,112,576,32,32,0,48,-138,0,0,30,0,80,640,16,32,0,13,-202,0,0,100,0,0,576,80,96,0,66,-194,0,0,30,0,112,416,112,64,0,66,-194,0,1,20,0,144,560,112,64,0,66,-194,0,0,100,0,32,512,112,64,0,99,-230,0,0,30,0,128,336,64,80,0,99,-230,0,1,15,0,224,464,40,64,0,99,-230,0,0,100,0,64,336,64,80,0,99,-198,0,0,30,0,192,368,32,48,0,66,-194,0,0,30,0,112,480,48,32,0,99,-230,0,0,100,0,0,336,64,80,0,82,-194,0,1,30,0,144,512,80,48,0,66,-194,0,1,20,0,224,528,56,32,0,66,-194,0,0,100,0,0,416,112,64,0,136,-157,0,0,30,0,112,272,40,32,0,64,-189,0,0,100,0,352,288,112,80,0,64,-189,0,0,100,0,0,272,112,64,0,110,-154,0,0,30,0,192,176,32,32,0,116,-149,0,0,100,0,0,480,32,48,0,110,-154,0,0,30,0,192,208,64,64,0,134,-154,0,0,30,0,152,272,40,64,0,110,-154,0,0,100,0,64,208,64,64,0,69,-175,0,0,30,0,160,176,32,32,0,75,-170,0,0,100,0,0,480,32,48,0,69,-175,0,0,30,0,128,208,64,64,0,93,-175,0,0,30,0,152,272,40,64,0,69,-175,0,0,100,0,0,208,64,64,0,112,-181,0,0,100,0,112,304,40,32,0,79,-115,0,0,30,0,160,112,96,64,0,95,-139,0,0,30,0,256,112,80,64,0,15,-147,0,1,20,0,464,288,160,96,0,15,-147,0,0,100,0,224,368,160,96,0,15,-147,0,1,8,0,192,272,160,96,0,15,-147,0,0,100,0,0,112,160,96,0,24,-147,0,0,30,0,144,0,144,112,0,24,-147,0,0,100,0,0,0,144,112,0,0,-256,0,0,100,0,808,488,192,256,0,
0,48,85,-115,0,0,100,0,0,528,32,48,0,113,-129,0,0,100,0,0,528,32,48,0,85,-99,0,0,30,0,64,480,32,32,0,113,-113,0,0,30,0,64,480,32,32,0,8,-250,0,1,10,0,0,672,160,128,0,8,-218,0,1,20,0,0,808,176,184,0,14,-161,0,0,100,0,32,480,32,32,0,28,-165,0,0,100,0,32,480,32,32,0,38,-182,1,0,100,0,0,480,32,48,0,52,-175,0,0,100,0,32,480,32,32,0,39,-212,0,1,90,0,80,608,32,32,0,48,-138,0,0,30,0,80,640,16,32,0,13,-202,0,0,100,0,0,576,80,96,0,66,-194,0,0,30,0,112,416,112,64,0,66,-194,0,1,20,0,144,560,112,64,0,66,-194,0,0,100,0,32,512,112,64,0,99,-230,0,0,30,0,128,336,64,80,0,99,-230,0,1,15,0,224,464,40,64,0,99,-230,0,0,100,0,64,336,64,80,0,99,-198,0,0,30,0,192,368,32,48,0,66,-194,0,0,30,0,112,480,48,32,0,99,-230,0,0,100,0,0,336,64,80,0,82,-194,0,1,30,0,144,512,80,48,0,66,-194,0,1,20,0,224,528,56,32,0,66,-194,0,0,100,0,0,416,112,64,0,136,-157,0,0,30,0,112,272,40,32,0,64,-189,0,0,100,0,352,288,112,80,0,64,-189,0,0,100,0,0,272,112,64,0,110,-154,0,0,30,0,192,176,32,32,0,116,-149,0,0,100,0,0,480,32,48,0,110,-154,0,0,30,0,192,208,64,64,0,134,-154,0,0,30,0,152,272,40,64,0,110,-154,0,0,100,0,64,208,64,64,0,69,-175,0,0,30,0,160,176,32,32,0,75,-170,0,0,100,0,0,480,32,48,0,69,-175,0,0,30,0,128,208,64,64,0,93,-175,0,0,30,0,152,272,40,64,0,69,-175,0,0,100,0,0,208,64,64,0,112,-181,0,0,100,0,112,304,40,32,0,79,-115,0,0,30,0,160,112,96,64,0,95,-139,0,0,30,0,256,112,80,64,0,15,-147,0,1,20,0,464,288,160,96,0,15,-147,0,0,100,0,224,368,160,96,0,15,-147,0,1,8,0,192,272,160,96,0,15,-147,0,0,100,0,0,112,160,96,0,24,-147,0,0,30,0,144,0,144,112,0,24,-147,0,0,100,0,0,0,144,112,0,0,-256,0,0,100,0,808,488,192,256,0,
0,48,85,-115,0,0,100,0,0,528,32,48,0,113,-129,0,0,100,0,0,528,32,48,0,85,-99,0,0,30,0,64,480,32,32,0,113,-113,0,0,30,0,64,480,32,32,0,8,-250,0,1,20,0,0,672,160,128,0,8,-218,0,1,25,0,0,808,176,184,0,14,-161,0,0,100,0,32,480,32,32,0,28,-165,0,0,100,0,32,480,32,32,0,38,-182,1,0,100,0,0,480,32,48,0,52,-175,0,0,100,0,32,480,32,32,0,39,-212,0,1,90,0,112,608,32,32,0,48,-138,0,0,30,0,80,640,16,32,0,13,-202,0,0,100,0,0,576,80,96,0,66,-194,0,0,30,0,112,416,112,64,0,66,-194,0,1,20,0,144,560,112,64,0,66,-194,0,0,100,0,32,512,112,64,0,99,-230,0,0,30,0,128,336,64,80,0,99,-230,0,1,15,0,224,464,40,64,0,99,-230,0,0,100,0,64,336,64,80,0,99,-198,0,0,30,0,192,368,32,48,0,66,-194,0,0,30,0,112,480,48,32,0,99,-230,0,0,100,0,0,336,64,80,0,82,-194,0,1,30,0,144,512,80,48,0,66,-194,0,1,20,0,224,528,56,32,0,66,-194,0,0,100,0,0,416,112,64,0,136,-157,0,0,30,0,112,272,40,32,0,64,-189,0,0,100,0,352,288,112,80,0,64,-189,0,0,100,0,0,272,112,64,0,110,-154,0,0,30,0,192,176,32,32,0,116,-149,0,0,100,0,0,480,32,48,0,110,-154,0,0,30,0,192,208,64,64,0,134,-154,0,0,30,0,152,272,40,64,0,110,-154,0,0,100,0,64,208,64,64,0,69,-175,0,0,30,0,160,176,32,32,0,75,-170,0,0,100,0,0,480,32,48,0,69,-175,0,0,30,0,128,208,64,64,0,93,-175,0,0,30,0,152,272,40,64,0,69,-175,0,0,100,0,0,208,64,64,0,112,-181,0,0,100,0,112,304,40,32,0,79,-115,0,0,30,0,160,112,96,64,0,95,-139,0,0,30,0,256,112,80,64,0,15,-147,0,1,20,0,464,288,160,96,0,15,-147,0,0,100,0,224,368,160,96,0,15,-147,0,1,8,0,192,272,160,96,0,15,-147,0,0,100,0,0,112,160,96,0,24,-147,0,0,30,0,144,0,144,112,0,24,-147,0,0,100,0,0,0,144,112,0,0,-256,0,0,100,0,808,488,192,256,0,
0,58,85,-115,0,0,100,0,0,528,32,48,0,113,-129,0,0,100,0,0,528,32,48,0,85,-99,0,0,30,0,64,480,32,32,0,113,-113,0,0,30,0,64,480,32,32,0,23,-143,0,0,10,0,352,144,48,48,0,27,-113,0,0,10,0,288,0,32,16,0,42,-141,0,0,10,0,352,0,48,48,0,48,-111,0,0,10,0,288,0,32,16,0,53,-156,0,0,10,0,400,192,48,48,0,57,-126,0,0,10,0,288,0,32,16,0,8,-250,0,1,30,0,0,672,160,128,0,8,-218,0,1,30,0,0,808,176,184,0,14,-161,0,0,100,0,32,480,32,32,0,28,-165,0,0,100,0,32,480,32,32,0,38,-182,1,0,100,0,0,480,32,48,0,52,-175,0,0,100,0,32,480,32,32,0,39,-212,0,1,90,0,80,576,32,32,0,48,-138,0,0,30,0,80,640,16,32,0,13,-202,0,0,100,0,0,576,80,96,0,66,-194,0,0,30,0,112,416,112,64,0,66,-194,0,1,20,0,144,560,112,64,0,66,-194,0,0,100,0,32,512,112,64,0,119,-180,0,0,10,0,352,240,48,48,0,126,-152,0,0,10,0,320,0,32,16,0,99,-230,0,0,30,0,128,336,64,80,0,99,-230,0,1,15,0,224,464,40,64,0,99,-230,0,0,100,0,64,336,64,80,0,72,-205,0,0,10,0,352,96,48,48,0,77,-173,0,0,10,0,288,0,32,16,0,99,-198,0,0,30,0,192,368,32,48,0,66,-194,0,0,30,0,112,480,48,32,0,99,-230,0,0,100,0,0,336,64,80,0,82,-194,0,1,30,0,144,512,80,48,0,66,-194,0,1,20,0,224,528,56,32,0,66,-194,0,0,100,0,0,416,112,64,0,136,-157,0,0,30,0,112,272,40,32,0,64,-189,0,0,100,0,352,288,112,80,0,64,-189,0,0,100,0,0,272,112,64,0,110,-154,0,0,30,0,192,176,32,32,0,116,-149,0,0,100,0,0,480,32,48,0,110,-154,0,0,30,0,192,208,64,64,0,134,-154,0,0,30,0,152,272,40,64,0,110,-154,0,0,100,0,64,208,64,64,0,69,-175,0,0,30,0,160,176,32,32,0,75,-170,0,0,100,0,0,480,32,48,0,69,-175,0,0,30,0,128,208,64,64,0,93,-175,0,0,30,0,152,272,40,64,0,69,-175,0,0,100,0,0,208,64,64,0,112,-181,0,0,100,0,112,304,40,32,0,79,-115,0,0,30,0,160,112,96,64,0,95,-139,0,0,30,0,256,112,80,64,0,15,-147,0,1,20,0,464,288,160,96,0,15,-147,0,0,100,0,224,368,160,96,0,15,-147,0,1,8,0,192,272,160,96,0,15,-147,0,0,100,0,0,112,160,96,0,24,-147,0,0,30,0,144,0,144,112,0,24,-147,0,0,100,0,0,0,144,112,0,0,-256,0,0,100,0,808,488,192,256,0,
0,58,85,-115,0,0,100,0,0,528,32,48,0,113,-129,0,0,100,0,0,528,32,48,0,85,-99,0,0,30,0,64,480,32,32,0,113,-113,0,0,30,0,64,480,32,32,0,23,-143,0,0,30,0,352,144,48,48,0,27,-113,0,0,30,0,288,0,32,16,0,42,-141,0,0,30,0,352,0,48,48,0,48,-111,0,0,30,0,288,0,32,16,0,53,-156,0,0,30,0,400,192,48,48,0,57,-126,0,0,30,0,288,0,32,16,0,8,-250,0,1,20,0,0,672,160,128,0,8,-218,0,1,25,0,0,808,176,184,0,14,-161,0,0,100,0,32,480,32,32,0,28,-165,0,0,100,0,32,480,32,32,0,38,-182,1,0,100,0,0,480,32,48,0,52,-175,0,0,100,0,32,480,32,32,0,39,-212,0,1,90,0,112,576,32,32,0,48,-138,0,0,30,0,80,640,16,32,0,13,-202,0,0,100,0,0,576,80,96,0,66,-194,0,0,30,0,112,416,112,64,0,66,-194,0,1,20,0,144,560,112,64,0,66,-194,0,0,100,0,32,512,112,64,0,119,-180,0,0,30,0,400,240,48,48,0,126,-152,0,0,30,0,320,0,32,16,0,99,-230,0,0,30,0,128,336,64,80,0,99,-230,0,1,15,0,224,464,40,64,0,99,-230,0,0,100,0,64,336,64,80,0,72,-205,0,0,30,0,352,96,48,48,0,77,-173,0,0,30,0,288,0,32,16,0,99,-198,0,0,30,0,192,368,32,48,0,66,-194,0,0,30,0,112,480,48,32,0,99,-230,0,0,100,0,0,336,64,80,0,82,-194,0,1,30,0,144,512,80,48,0,66,-194,0,1,20,0,224,528,56,32,0,66,-194,0,0,100,0,0,416,112,64,0,136,-157,0,0,30,0,112,272,40,32,0,64,-189,0,0,100,0,352,288,112,80,0,64,-189,0,0,100,0,0,272,112,64,0,110,-154,0,0,30,0,192,176,32,32,0,116,-149,0,0,100,0,0,480,32,48,0,110,-154,0,0,30,0,192,208,64,64,0,134,-154,0,0,30,0,152,272,40,64,0,110,-154,0,0,100,0,64,208,64,64,0,69,-175,0,0,30,0,160,176,32,32,0,75,-170,0,0,100,0,0,480,32,48,0,69,-175,0,0,30,0,128,208,64,64,0,93,-175,0,0,30,0,152,272,40,64,0,69,-175,0,0,100,0,0,208,64,64,0,112,-181,0,0,100,0,112,304,40,32,0,79,-115,0,0,30,0,160,112,96,64,0,95,-139,0,0,30,0,256,112,80,64,0,15,-147,0,1,20,0,464,288,160,96,0,15,-147,0,0,100,0,224,368,160,96,0,15,-147,0,1,8,0,192,272,160,96,0,15,-147,0,0,100,0,0,112,160,96,0,24,-147,0,0,30,0,144,0,144,112,0,24,-147,0,0,100,0,0,0,144,112,0,0,-256,0,0,100,0,808,488,192,256,0,
0,58,85,-115,0,0,100,0,0,528,32,48,0,113,-129,0,0,100,0,0,528,32,48,0,85,-99,0,0,30,0,64,480,32,32,0,113,-113,0,0,30,0,64,480,32,32,0,23,-143,0,0,70,0,352,144,48,48,0,27,-113,0,0,70,0,288,0,32,16,0,42,-141,0,0,70,0,352,0,48,48,0,48,-111,0,0,70,0,288,0,32,16,0,53,-156,0,0,70,0,400,192,48,48,0,57,-126,0,0,70,0,288,0,32,16,0,8,-250,0,1,10,0,0,672,160,128,0,8,-218,0,1,20,0,0,808,176,184,0,14,-161,0,0,100,0,32,480,32,32,0,28,-165,0,0,100,0,32,480,32,32,0,38,-182,1,0,100,0,0,480,32,48,0,52,-175,0,0,100,0,32,480,32,32,0,39,-212,0,1,90,0,80,608,32,32,0,48,-138,0,0,30,0,80,640,16,32,0,13,-202,0,0,100,0,0,576,80,96,0,66,-194,0,0,30,0,112,416,112,64,0,66,-194,0,1,20,0,144,560,112,64,0,66,-194,0,0,100,0,32,512,112,64,0,119,-180,0,0,70,0,352,240,48,48,0,126,-152,0,0,70,0,320,0,32,16,0,99,-230,0,0,30,0,128,336,64,80,0,99,-230,0,1,15,0,224,464,40,64,0,99,-230,0,0,100,0,64,336,64,80,0,72,-205,0,0,70,0,352,96,48,48,0,77,-173,0,0,70,0,288,0,32,16,0,99,-198,0,0,30,0,192,368,32,48,0,66,-194,0,0,30,0,112,480,48,32,0,99,-230,0,0,100,0,0,336,64,80,0,82,-194,0,1,30,0,144,512,80,48,0,66,-194,0,1,20,0,224,528,56,32,0,66,-194,0,0,100,0,0,416,112,64,0,136,-157,0,0,30,0,112,272,40,32,0,64,-189,0,0,100,0,352,288,112,80,0,64,-189,0,0,100,0,0,272,112,64,0,110,-154,0,0,30,0,192,176,32,32,0,116,-149,0,0,100,0,0,480,32,48,0,110,-154,0,0,30,0,192,208,64,64,0,134,-154,0,0,30,0,152,272,40,64,0,110,-154,0,0,100,0,64,208,64,64,0,69,-175,0,0,30,0,160,176,32,32,0,75,-170,0,0,100,0,0,480,32,48,0,69,-175,0,0,30,0,128,208,64,64,0,93,-175,0,0,30,0,152,272,40,64,0,69,-175,0,0,100,0,0,208,64,64,0,112,-181,0,0,100,0,112,304,40,32,0,79,-115,0,0,30,0,160,112,96,64,0,95,-139,0,0,30,0,256,112,80,64,0,15,-147,0,1,20,0,464,288,160,96,0,15,-147,0,0,100,0,224,368,160,96,0,15,-147,0,1,8,0,192,272,160,96,0,15,-147,0,0,100,0,0,112,160,96,0,24,-147,0,0,30,0,144,0,144,112,0,24,-147,0,0,100,0,0,0,144,112,0,0,-256,0,0,100,0,808,488,192,256,0,
0,58,85,-115,0,0,100,0,0,528,32,48,0,113,-129,0,0,100,0,0,528,32,48,0,85,-99,0,0,30,0,64,480,32,32,0,113,-113,0,0,30,0,64,480,32,32,0,23,-143,0,0,90,0,352,144,48,48,0,27,-113,0,0,80,0,288,0,32,16,0,42,-141,0,0,90,0,352,0,48,48,0,48,-111,0,0,80,0,288,0,32,16,0,53,-156,0,0,90,0,400,192,48,48,0,57,-126,0,0,80,0,288,0,32,16,0,8,-250,0,1,20,0,0,672,160,128,0,8,-218,0,1,25,0,0,808,176,184,0,14,-161,0,0,100,0,32,480,32,32,0,28,-165,0,0,100,0,32,480,32,32,0,38,-182,1,0,100,0,0,480,32,48,0,52,-175,0,0,100,0,32,480,32,32,0,39,-212,0,1,90,0,112,608,32,32,0,48,-138,0,0,30,0,80,640,16,32,0,13,-202,0,0,100,0,0,576,80,96,0,66,-194,0,0,30,0,112,416,112,64,0,66,-194,0,1,20,0,144,560,112,64,0,66,-194,0,0,100,0,32,512,112,64,0,119,-180,0,0,90,0,400,240,48,48,0,126,-152,0,0,80,0,320,0,32,16,0,99,-230,0,0,30,0,128,336,64,80,0,99,-230,0,1,15,0,224,464,40,64,0,99,-230,0,0,100,0,64,336,64,80,0,72,-205,0,0,90,0,352,96,48,48,0,77,-173,0,0,80,0,288,0,32,16,0,99,-198,0,0,30,0,192,368,32,48,0,66,-194,0,0,30,0,112,480,48,32,0,99,-230,0,0,100,0,0,336,64,80,0,82,-194,0,1,30,0,144,512,80,48,0,66,-194,0,1,20,0,224,528,56,32,0,66,-194,0,0,100,0,0,416,112,64,0,136,-157,0,0,30,0,112,272,40,32,0,64,-189,0,0,100,0,352,288,112,80,0,64,-189,0,0,100,0,0,272,112,64,0,110,-154,0,0,30,0,192,176,32,32,0,116,-149,0,0,100,0,0,480,32,48,0,110,-154,0,0,30,0,192,208,64,64,0,134,-154,0,0,30,0,152,272,40,64,0,110,-154,0,0,100,0,64,208,64,64,0,69,-175,0,0,30,0,160,176,32,32,0,75,-170,0,0,100,0,0,480,32,48,0,69,-175,0,0,30,0,128,208,64,64,0,93,-175,0,0,30,0,152,272,40,64,0,69,-175,0,0,100,0,0,208,64,64,0,112,-181,0,0,100,0,112,304,40,32,0,79,-115,0,0,30,0,160,112,96,64,0,95,-139,0,0,30,0,256,112,80,64,0,15,-147,0,1,20,0,464,288,160,96,0,15,-147,0,0,100,0,224,368,160,96,0,15,-147,0,1,8,0,192,272,160,96,0,15,-147,0,0,100,0,0,112,160,96,0,24,-147,0,0,30,0,144,0,144,112,0,24,-147,0,0,100,0,0,0,144,112,0,0,-256,0,0,100,0,808,488,192,256,0,
0,58,85,-115,0,0,100,0,0,528,32,48,0,113,-129,0,0,100,0,0,528,32,48,0,85,-99,0,0,30,0,64,480,32,32,0,113,-113,0,0,30,0,64,480,32,32,0,23,-143,0,0,100,0,352,144,48,48,0,27,-113,0,0,90,0,288,0,32,16,0,42,-141,0,0,100,0,352,0,48,48,0,48,-111,0,0,90,0,288,0,32,16,0,53,-156,0,0,100,0,400,192,48,48,0,57,-126,0,0,90,0,288,0,32,16,0,8,-250,0,1,30,0,0,672,160,128,0,8,-218,0,1,30,0,0,808,176,184,0,14,-161,0,0,100,0,32,480,32,32,0,28,-165,0,0,100,0,32,480,32,32,0,38,-182,1,0,100,0,0,480,32,48,0,52,-175,0,0,100,0,32,480,32,32,0,39,-212,0,1,90,0,80,576,32,32,0,48,-138,0,0,30,0,80,640,16,32,0,13,-202,0,0,100,0,0,576,80,96,0,66,-194,0,0,30,0,112,416,112,64,0,66,-194,0,1,20,0,144,560,112,64,0,66,-194,0,0,100,0,32,512,112,64,0,119,-180,0,0,100,0,352,240,48,48,0,126,-152,0,0,90,0,320,0,32,16,0,99,-230,0,0,30,0,128,336,64,80,0,99,-230,0,1,15,0,224,464,40,64,0,99,-230,0,0,100,0,64,336,64,80,0,72,-205,0,0,100,0,352,96,48,48,0,77,-173,0,0,90,0,288,0,32,16,0,99,-198,0,0,30,0,192,368,32,48,0,66,-194,0,0,30,0,112,480,48,32,0,99,-230,0,0,100,0,0,336,64,80,0,82,-194,0,1,30,0,144,512,80,48,0,66,-194,0,1,20,0,224,528,56,32,0,66,-194,0,0,100,0,0,416,112,64,0,136,-157,0,0,30,0,112,272,40,32,0,64,-189,0,0,100,0,352,288,112,80,0,64,-189,0,0,100,0,0,272,112,64,0,110,-154,0,0,30,0,192,176,32,32,0,116,-149,0,0,100,0,0,480,32,48,0,110,-154,0,0,30,0,192,208,64,64,0,134,-154,0,0,30,0,152,272,40,64,0,110,-154,0,0,100,0,64,208,64,64,0,69,-175,0,0,30,0,160,176,32,32,0,75,-170,0,0,100,0,0,480,32,48,0,69,-175,0,0,30,0,128,208,64,64,0,93,-175,0,0,30,0,152,272,40,64,0,69,-175,0,0,100,0,0,208,64,64,0,112,-181,0,0,100,0,112,304,40,32,0,79,-115,0,0,30,0,160,112,96,64,0,95,-139,0,0,30,0,256,112,80,64,0,15,-147,0,1,20,0,464,288,160,96,0,15,-147,0,0,100,0,224,368,160,96,0,15,-147,0,1,8,0,192,272,160,96,0,15,-147,0,0,100,0,0,112,160,96,0,24,-147,0,0,30,0,144,0,144,112,0,24,-147,0,0,100,0,0,0,144,112,0,0,-256,0,0,100,0,808,488,192,256,0,
0,58,85,-115,0,0,100,0,0,528,32,48,0,113,-129,0,0,100,0,0,528,32,48,0,85,-99,0,0,30,0,64,480,32,32,0,113,-113,0,0,30,0,64,480,32,32,0,23,-143,0,0,100,0,352,144,48,48,0,27,-113,0,0,90,0,288,0,32,16,0,42,-141,0,0,100,0,352,0,48,48,0,48,-111,0,0,90,0,288,0,32,16,0,53,-156,0,0,100,0,400,192,48,48,0,57,-126,0,0,90,0,288,0,32,16,0,8,-250,0,1,20,0,0,672,160,128,0,8,-218,0,1,25,0,0,808,176,184,0,14,-161,0,0,100,0,32,480,32,32,0,28,-165,0,0,100,0,32,480,32,32,0,38,-182,1,0,100,0,0,480,32,48,0,52,-175,0,0,100,0,32,480,32,32,0,39,-212,0,1,90,0,112,576,32,32,0,48,-138,0,0,30,0,80,640,16,32,0,13,-202,0,0,100,0,0,576,80,96,0,66,-194,0,0,30,0,112,416,112,64,0,66,-194,0,1,20,0,144,560,112,64,0,66,-194,0,0,100,0,32,512,112,64,0,119,-180,0,0,100,0,400,240,48,48,0,126,-152,0,0,90,0,320,0,32,16,0,99,-230,0,0,30,0,128,336,64,80,0,99,-230,0,1,15,0,224,464,40,64,0,99,-230,0,0,100,0,64,336,64,80,0,72,-205,0,0,100,0,352,96,48,48,0,77,-173,0,0,90,0,288,0,32,16,0,99,-198,0,0,30,0,192,368,32,48,0,66,-194,0,0,30,0,112,480,48,32,0,99,-230,0,0,100,0,0,336,64,80,0,82,-194,0,1,30,0,144,512,80,48,0,66,-194,0,1,20,0,224,528,56,32,0,66,-194,0,0,100,0,0,416,112,64,0,136,-157,0,0,30,0,112,272,40,32,0,64,-189,0,0,100,0,352,288,112,80,0,64,-189,0,0,100,0,0,272,112,64,0,110,-154,0,0,30,0,192,176,32,32,0,116,-149,0,0,100,0,0,480,32,48,0,110,-154,0,0,30,0,192,208,64,64,0,134,-154,0,0,30,0,152,272,40,64,0,110,-154,0,0,100,0,64,208,64,64,0,69,-175,0,0,30,0,160,176,32,32,0,75,-170,0,0,100,0,0,480,32,48,0,69,-175,0,0,30,0,128,208,64,64,0,93,-175,0,0,30,0,152,272,40,64,0,69,-175,0,0,100,0,0,208,64,64,0,112,-181,0,0,100,0,112,304,40,32,0,79,-115,0,0,30,0,160,112,96,64,0,95,-139,0,0,30,0,256,112,80,64,0,15,-147,0,1,20,0,464,288,160,96,0,15,-147,0,0,100,0,224,368,160,96,0,15,-147,0,1,8,0,192,272,160,96,0,15,-147,0,0,100,0,0,112,160,96,0,24,-147,0,0,30,0,144,0,144,112,0,24,-147,0,0,100,0,0,0,144,112,0,0,-256,0,0,100,0,808,488,192,256,0,
0,58,85,-115,0,0,100,0,0,528,32,48,0,113,-129,0,0,100,0,0,528,32,48,0,85,-99,0,0,30,0,64,480,32,32,0,113,-113,0,0,30,0,64,480,32,32,0,23,-143,0,0,100,0,352,144,48,48,0,27,-113,0,0,90,0,288,0,32,16,0,42,-141,0,0,100,0,352,0,48,48,0,48,-111,0,0,90,0,288,0,32,16,0,53,-156,0,0,100,0,400,192,48,48,0,57,-126,0,0,90,0,288,0,32,16,0,8,-250,0,1,10,0,0,672,160,128,0,8,-218,0,1,20,0,0,808,176,184,0,14,-161,0,0,100,0,32,480,32,32,0,28,-165,0,0,100,0,32,480,32,32,0,38,-182,1,0,100,0,0,480,32,48,0,52,-175,0,0,100,0,32,480,32,32,0,39,-212,0,1,90,0,80,608,32,32,0,48,-138,0,0,30,0,80,640,16,32,0,13,-202,0,0,100,0,0,576,80,96,0,66,-194,0,0,30,0,112,416,112,64,0,66,-194,0,1,20,0,144,560,112,64,0,66,-194,0,0,100,0,32,512,112,64,0,119,-180,0,0,100,0,352,240,48,48,0,126,-152,0,0,90,0,320,0,32,16,0,99,-230,0,0,30,0,128,336,64,80,0,99,-230,0,1,15,0,224,464,40,64,0,99,-230,0,0,100,0,64,336,64,80,0,72,-205,0,0,100,0,352,96,48,48,0,77,-173,0,0,90,0,288,0,32,16,0,99,-198,0,0,30,0,192,368,32,48,0,66,-194,0,0,30,0,112,480,48,32,0,99,-230,0,0,100,0,0,336,64,80,0,82,-194,0,1,30,0,144,512,80,48,0,66,-194,0,1,20,0,224,528,56,32,0,66,-194,0,0,100,0,0,416,112,64,0,136,-157,0,0,30,0,112,272,40,32,0,64,-189,0,0,100,0,352,288,112,80,0,64,-189,0,0,100,0,0,272,112,64,0,110,-154,0,0,30,0,192,176,32,32,0,116,-149,0,0,100,0,0,480,32,48,0,110,-154,0,0,30,0,192,208,64,64,0,134,-154,0,0,30,0,152,272,40,64,0,110,-154,0,0,100,0,64,208,64,64,0,69,-175,0,0,30,0,160,176,32,32,0,75,-170,0,0,100,0,0,480,32,48,0,69,-175,0,0,30,0,128,208,64,64,0,93,-175,0,0,30,0,152,272,40,64,0,69,-175,0,0,100,0,0,208,64,64,0,112,-181,0,0,100,0,112,304,40,32,0,79,-115,0,0,30,0,160,112,96,64,0,95,-139,0,0,30,0,256,112,80,64,0,15,-147,0,1,20,0,464,288,160,96,0,15,-147,0,0,100,0,224,368,160,96,0,15,-147,0,1,8,0,192,272,160,96,0,15,-147,0,0,100,0,0,112,160,96,0,24,-147,0,0,30,0,144,0,144,112,0,24,-147,0,0,100,0,0,0,144,112,0,0,-256,0,0,100,0,808,488,192,256,0,
0,58,85,-115,0,0,100,0,0,528,32,48,0,113,-129,0,0,100,0,0,528,32,48,0,85,-99,0,0,30,0,64,480,32,32,0,113,-113,0,0,30,0,64,480,32,32,0,23,-143,0,0,100,0,352,144,48,48,0,27,-113,0,0,90,0,288,0,32,16,0,42,-141,0,0,100,0,352,0,48,48,0,48,-111,0,0,90,0,288,0,32,16,0,53,-156,0,0,100,0,400,192,48,48,0,57,-126,0,0,90,0,288,0,32,16,0,8,-250,0,1,20,0,0,672,160,128,0,8,-218,0,1,25,0,0,808,176,184,0,14,-161,0,0,100,0,32,480,32,32,0,28,-165,0,0,100,0,32,480,32,32,0,38,-182,1,0,100,0,0,480,32,48,0,52,-175,0,0,100,0,32,480,32,32,0,39,-212,0,1,90,0,112,608,32,32,0,48,-138,0,0,30,0,80,640,16,32,0,13,-202,0,0,100,0,0,576,80,96,0,66,-194,0,0,30,0,112,416,112,64,0,66,-194,0,1,20,0,144,560,112,64,0,66,-194,0,0,100,0,32,512,112,64,0,119,-180,0,0,100,0,400,240,48,48,0,126,-152,0,0,90,0,320,0,32,16,0,99,-230,0,0,30,0,128,336,64,80,0,99,-230,0,1,15,0,224,464,40,64,0,99,-230,0,0,100,0,64,336,64,80,0,72,-205,0,0,100,0,352,96,48,48,0,77,-173,0,0,90,0,288,0,32,16,0,99,-198,0,0,30,0,192,368,32,48,0,66,-194,0,0,30,0,112,480,48,32,0,99,-230,0,0,100,0,0,336,64,80,0,82,-194,0,1,30,0,144,512,80,48,0,66,-194,0,1,20,0,224,528,56,32,0,66,-194,0,0,100,0,0,416,112,64,0,136,-157,0,0,30,0,112,272,40,32,0,64,-189,0,0,100,0,352,288,112,80,0,64,-189,0,0,100,0,0,272,112,64,0,110,-154,0,0,30,0,192,176,32,32,0,116,-149,0,0,100,0,0,480,32,48,0,110,-154,0,0,30,0,192,208,64,64,0,134,-154,0,0,30,0,152,272,40,64,0,110,-154,0,0,100,0,64,208,64,64,0,69,-175,0,0,30,0,160,176,32,32,0,75,-170,0,0,100,0,0,480,32,48,0,69,-175,0,0,30,0,128,208,64,64,0,93,-175,0,0,30,0,152,272,40,64,0,69,-175,0,0,100,0,0,208,64,64,0,112,-181,0,0,100,0,112,304,40,32,0,79,-115,0,0,30,0,160,112,96,64,0,95,-139,0,0,30,0,256,112,80,64,0,15,-147,0,1,20,0,464,288,160,96,0,15,-147,0,0,100,0,224,368,160,96,0,15,-147,0,1,8,0,192,272,160,96,0,15,-147,0,0,100,0,0,112,160,96,0,24,-147,0,0,30,0,144,0,144,112,0,24,-147,0,0,100,0,0,0,144,112,0,0,-256,0,0,100,0,808,488,192,256,0,
0,58,85,-115,0,0,100,0,0,528,32,48,0,113,-129,0,0,100,0,0,528,32,48,0,85,-99,0,0,30,0,64,480,32,32,0,113,-113,0,0,30,0,64,480,32,32,0,23,-143,0,0,100,0,352,144,48,48,0,27,-113,0,0,90,0,288,0,32,16,0,41,-141,0,0,100,0,400,0,48,48,0,47,-111,0,0,90,0,288,0,32,16,0,53,-156,0,0,100,0,400,192,48,48,0,57,-126,0,0,90,0,288,0,32,16,0,8,-250,0,1,30,0,0,672,160,128,0,8,-218,0,1,30,0,0,808,176,184,0,14,-161,0,0,100,0,32,480,32,32,0,28,-165,0,0,100,0,32,480,32,32,0,38,-182,1,0,100,0,0,480,32,48,0,52,-175,0,0,100,0,32,480,32,32,0,39,-212,0,1,90,0,80,576,32,32,0,48,-138,0,0,30,0,80,640,16,32,0,13,-202,0,0,100,0,0,576,80,96,0,66,-194,0,0,30,0,112,416,112,64,0,66,-194,0,1,20,0,144,560,112,64,0,66,-194,0,0,100,0,32,512,112,64,0,119,-180,0,0,100,0,352,240,48,48,0,126,-152,0,0,90,0,320,0,32,16,0,99,-230,0,0,30,0,128,336,64,80,0,99,-230,0,1,15,0,224,464,40,64,0,99,-230,0,0,100,0,64,336,64,80,0,72,-205,0,0,100,0,352,96,48,48,0,77,-173,0,0,90,0,288,0,32,16,0,99,-198,0,0,30,0,192,368,32,48,0,66,-194,0,0,30,0,112,480,48,32,0,99,-230,0,0,100,0,0,336,64,80,0,82,-194,0,1,30,0,144,512,80,48,0,66,-194,0,1,20,0,224,528,56,32,0,66,-194,0,0,100,0,0,416,112,64,0,136,-157,0,0,30,0,112,272,40,32,0,64,-189,0,0,100,0,352,288,112,80,0,64,-189,0,0,100,0,0,272,112,64,0,110,-154,0,0,30,0,192,176,32,32,0,116,-149,0,0,100,0,0,480,32,48,0,110,-154,0,0,30,0,192,208,64,64,0,134,-154,0,0,30,0,152,272,40,64,0,110,-154,0,0,100,0,64,208,64,64,0,69,-175,0,0,30,0,160,176,32,32,0,75,-170,0,0,100,0,0,480,32,48,0,69,-175,0,0,30,0,128,208,64,64,0,93,-175,0,0,30,0,152,272,40,64,0,69,-175,0,0,100,0,0,208,64,64,0,112,-181,0,0,100,0,112,304,40,32,0,79,-115,0,0,30,0,160,112,96,64,0,95,-139,0,0,30,0,256,112,80,64,0,15,-147,0,1,20,0,464,288,160,96,0,15,-147,0,0,100,0,224,368,160,96,0,15,-147,0,1,8,0,192,272,160,96,0,15,-147,0,0,100,0,0,112,160,96,0,24,-147,0,0,30,0,144,0,144,112,0,24,-147,0,0,100,0,0,0,144,112,0,0,-256,0,0,100,0,808,488,192,256,0,
0,58,85,-115,0,0,100,0,0,528,32,48,0,113,-129,0,0,100,0,0,528,32,48,0,85,-99,0,0,30,0,64,480,32,32,0,113,-113,0,0,30,0,64,480,32,32,0,23,-143,0,0,100,0,400,144,48,48,0,27,-113,0,0,90,0,288,0,32,16,0,41,-141,0,0,100,0,448,0,48,48,0,47,-111,0,0,90,0,288,0,32,16,0,53,-156,0,0,100,0,400,192,48,48,0,57,-126,0,0,90,0,288,0,32,16,0,8,-250,0,1,20,0,0,672,160,128,0,8,-218,0,1,25,0,0,808,176,184,0,14,-161,0,0,100,0,32,480,32,32,0,28,-165,0,0,100,0,32,480,32,32,0,38,-182,1,0,100,0,0,480,32,48,0,52,-175,0,0,100,0,32,480,32,32,0,39,-212,0,1,90,0,112,576,32,32,0,48,-138,0,0,30,0,80,640,16,32,0,13,-202,0,0,100,0,0,576,80,96,0,66,-194,0,0,30,0,112,416,112,64,0,66,-194,0,1,20,0,144,560,112,64,0,66,-194,0,0,100,0,32,512,112,64,0,119,-180,0,0,100,0,400,240,48,48,0,126,-152,0,0,90,0,320,0,32,16,0,99,-230,0,0,30,0,128,336,64,80,0,99,-230,0,1,15,0,224,464,40,64,0,99,-230,0,0,100,0,64,336,64,80,0,72,-205,0,0,100,0,352,96,48,48,0,77,-173,0,0,90,0,288,0,32,16,0,99,-198,0,0,30,0,192,368,32,48,0,66,-194,0,0,30,0,112,480,48,32,0,99,-230,0,0,100,0,0,336,64,80,0,82,-194,0,1,30,0,144,512,80,48,0,66,-194,0,1,20,0,224,528,56,32,0,66,-194,0,0,100,0,0,416,112,64,0,136,-157,0,0,30,0,112,272,40,32,0,64,-189,0,0,100,0,352,288,112,80,0,64,-189,0,0,100,0,0,272,112,64,0,110,-154,0,0,30,0,192,176,32,32,0,116,-149,0,0,100,0,0,480,32,48,0,110,-154,0,0,30,0,192,208,64,64,0,134,-154,0,0,30,0,152,272,40,64,0,110,-154,0,0,100,0,64,208,64,64,0,69,-175,0,0,30,0,160,176,32,32,0,75,-170,0,0,100,0,0,480,32,48,0,69,-175,0,0,30,0,128,208,64,64,0,93,-175,0,0,30,0,152,272,40,64,0,69,-175,0,0,100,0,0,208,64,64,0,112,-181,0,0,100,0,112,304,40,32,0,79,-115,0,0,30,0,160,112,96,64,0,95,-139,0,0,30,0,256,112,80,64,0,15,-147,0,1,20,0,464,288,160,96,0,15,-147,0,0,100,0,224,368,160,96,0,15,-147,0,1,8,0,192,272,160,96,0,15,-147,0,0,100,0,0,112,160,96,0,24,-147,0,0,30,0,144,0,144,112,0,24,-147,0,0,100,0,0,0,144,112,0,0,-256,0,0,100,0,808,488,192,256,0,
0,58,85,-115,0,0,100,0,0,528,32,48,0,113,-129,0,0,100,0,0,528,32,48,0,85,-99,0,0,30,0,64,480,32,32,0,113,-113,0,0,30,0,64,480,32,32,0,23,-143,0,0,100,0,400,144,48,48,0,27,-113,0,0,90,0,288,0,32,16,0,41,-141,0,0,100,0,400,0,48,48,0,47,-111,0,0,90,0,288,0,32,16,0,53,-156,0,0,100,0,400,192,48,48,0,57,-126,0,0,90,0,288,0,32,16,0,8,-250,0,1,10,0,0,672,160,128,0,8,-218,0,1,20,0,0,808,176,184,0,14,-161,0,0,100,0,32,480,32,32,0,28,-165,0,0,100,0,32,480,32,32,0,38,-182,1,0,100,0,0,480,32,48,0,52,-175,0,0,100,0,32,480,32,32,0,39,-212,0,1,90,0,80,608,32,32,0,48,-138,0,0,30,0,80,640,16,32,0,13,-202,0,0,100,0,0,576,80,96,0,66,-194,0,0,30,0,112,416,112,64,0,66,-194,0,1,20,0,144,560,112,64,0,66,-194,0,0,100,0,32,512,112,64,0,119,-180,0,0,100,0,352,240,48,48,0,126,-152,0,0,90,0,320,0,32,16,0,99,-230,0,0,30,0,128,336,64,80,0,99,-230,0,1,15,0,224,464,40,64,0,99,-230,0,0,100,0,64,336,64,80,0,72,-205,0,0,100,0,352,96,48,48,0,77,-173,0,0,90,0,288,0,32,16,0,99,-198,0,0,30,0,192,368,32,48,0,66,-194,0,0,30,0,112,480,48,32,0,99,-230,0,0,100,0,0,336,64,80,0,82,-194,0,1,30,0,144,512,80,48,0,66,-194,0,1,20,0,224,528,56,32,0,66,-194,0,0,100,0,0,416,112,64,0,136,-157,0,0,30,0,112,272,40,32,0,64,-189,0,0,100,0,352,288,112,80,0,64,-189,0,0,100,0,0,272,112,64,0,110,-154,0,0,30,0,192,176,32,32,0,116,-149,0,0,100,0,0,480,32,48,0,110,-154,0,0,30,0,192,208,64,64,0,134,-154,0,0,30,0,152,272,40,64,0,110,-154,0,0,100,0,64,208,64,64,0,69,-175,0,0,30,0,160,176,32,32,0,75,-170,0,0,100,0,0,480,32,48,0,69,-175,0,0,30,0,128,208,64,64,0,93,-175,0,0,30,0,152,272,40,64,0,69,-175,0,0,100,0,0,208,64,64,0,112,-181,0,0,100,0,112,304,40,32,0,79,-115,0,0,30,0,160,112,96,64,0,95,-139,0,0,30,0,256,112,80,64,0,15,-147,0,1,20,0,464,288,160,96,0,15,-147,0,0,100,0,224,368,160,96,0,15,-147,0,1,8,0,192,272,160,96,0,15,-147,0,0,100,0,0,112,160,96,0,24,-147,0,0,30,0,144,0,144,112,0,24,-147,0,0,100,0,0,0,144,112,0,0,-256,0,0,100,0,808,488,192,256,0,
0,58,85,-115,0,0,100,0,0,528,32,48,0,113,-129,0,0,100,0,0,528,32,48,0,85,-99,0,0,30,0,64,480,32,32,0,113,-113,0,0,30,0,64,480,32,32,0,23,-143,0,0,100,0,400,144,48,48,0,27,-113,0,0,90,0,288,0,32,16,0,42,-141,0,0,100,0,352,0,48,48,0,48,-111,0,0,90,0,288,0,32,16,0,53,-156,0,0,100,0,400,192,48,48,0,57,-126,0,0,90,0,288,0,32,16,0,8,-250,0,1,20,0,0,672,160,128,0,8,-218,0,1,25,0,0,808,176,184,0,14,-161,0,0,100,0,32,480,32,32,0,28,-165,0,0,100,0,32,480,32,32,0,38,-182,1,0,100,0,0,480,32,48,0,52,-175,0,0,100,0,32,480,32,32,0,39,-212,0,1,90,0,112,608,32,32,0,48,-138,0,0,30,0,80,640,16,32,0,13,-202,0,0,100,0,0,576,80,96,0,66,-194,0,0,30,0,112,416,112,64,0,66,-194,0,1,20,0,144,560,112,64,0,66,-194,0,0,100,0,32,512,112,64,0,119,-180,0,0,100,0,400,240,48,48,0,126,-152,0,0,90,0,320,0,32,16,0,99,-230,0,0,30,0,128,336,64,80,0,99,-230,0,1,15,0,224,464,40,64,0,99,-230,0,0,100,0,64,336,64,80,0,72,-205,0,0,100,0,352,96,48,48,0,77,-173,0,0,90,0,288,0,32,16,0,99,-198,0,0,30,0,192,368,32,48,0,66,-194,0,0,30,0,112,480,48,32,0,99,-230,0,0,100,0,0,336,64,80,0,82,-194,0,1,30,0,144,512,80,48,0,66,-194,0,1,20,0,224,528,56,32,0,66,-194,0,0,100,0,0,416,112,64,0,136,-157,0,0,30,0,112,272,40,32,0,64,-189,0,0,100,0,352,288,112,80,0,64,-189,0,0,100,0,0,272,112,64,0,110,-154,0,0,30,0,192,176,32,32,0,116,-149,0,0,100,0,0,480,32,48,0,110,-154,0,0,30,0,192,208,64,64,0,134,-154,0,0,30,0,152,272,40,64,0,110,-154,0,0,100,0,64,208,64,64,0,69,-175,0,0,30,0,160,176,32,32,0,75,-170,0,0,100,0,0,480,32,48,0,69,-175,0,0,30,0,128,208,64,64,0,93,-175,0,0,30,0,152,272,40,64,0,69,-175,0,0,100,0,0,208,64,64,0,112,-181,0,0,100,0,112,304,40,32,0,79,-115,0,0,30,0,160,112,96,64,0,95,-139,0,0,30,0,256,112,80,64,0,15,-147,0,1,20,0,464,288,160,96,0,15,-147,0,0,100,0,224,368,160,96,0,15,-147,0,1,8,0,192,272,160,96,0,15,-147,0,0,100,0,0,112,160,96,0,24,-147,0,0,30,0,144,0,144,112,0,24,-147,0,0,100,0,0,0,144,112,0,0,-256,0,0,100,0,808,488,192,256,0,
0,58,85,-115,0,0,100,0,0,528,32,48,0,113,-129,0,0,100,0,0,528,32,48,0,85,-99,0,0,30,0,64,480,32,32,0,113,-113,0,0,30,0,64,480,32,32,0,23,-143,0,0,100,0,400,144,48,48,0,27,-113,0,0,90,0,288,0,32,16,0,42,-141,0,0,100,0,640,48,48,48,0,48,-111,0,0,90,0,288,0,32,16,0,53,-156,0,0,100,0,400,192,48,48,0,57,-126,0,0,90,0,288,0,32,16,0,8,-250,0,1,30,0,0,672,160,128,0,8,-218,0,1,30,0,0,808,176,184,0,14,-161,0,0,100,0,32,480,32,32,0,28,-165,0,0,100,0,32,480,32,32,0,38,-182,1,0,100,0,0,480,32,48,0,52,-175,0,0,100,0,32,480,32,32,0,39,-212,0,1,90,0,80,576,32,32,0,48,-138,0,0,30,0,80,640,16,32,0,13,-202,0,0,100,0,0,576,80,96,0,66,-194,0,0,30,0,112,416,112,64,0,66,-194,0,1,20,0,144,560,112,64,0,66,-194,0,0,100,0,32,512,112,64,0,119,-180,0,0,100,0,352,240,48,48,0,126,-152,0,0,90,0,320,0,32,16,0,99,-230,0,0,30,0,128,336,64,80,0,99,-230,0,1,15,0,224,464,40,64,0,99,-230,0,0,100,0,64,336,64,80,0,72,-205,0,0,100,0,352,96,48,48,0,77,-173,0,0,90,0,288,0,32,16,0,99,-198,0,0,90,0,192,368,32,48,0,66,-194,0,0,30,0,112,480,48,32,0,99,-230,0,0,100,0,0,336,64,80,0,82,-194,0,1,30,0,144,512,80,48,0,66,-194,0,1,20,0,224,528,56,32,0,66,-194,0,0,100,0,0,416,112,64,0,136,-157,0,0,30,0,112,272,40,32,0,64,-189,0,0,100,0,352,288,112,80,0,64,-189,0,0,100,0,0,272,112,64,0,110,-154,0,0,30,0,192,176,32,32,0,116,-149,0,0,100,0,0,480,32,48,0,110,-154,0,0,30,0,192,208,64,64,0,134,-154,0,0,30,0,152,272,40,64,0,110,-154,0,0,100,0,64,208,64,64,0,69,-175,0,0,30,0,160,176,32,32,0,75,-170,0,0,100,0,0,480,32,48,0,69,-175,0,0,30,0,128,208,64,64,0,93,-175,0,0,30,0,152,272,40,64,0,69,-175,0,0,100,0,0,208,64,64,0,112,-181,0,0,100,0,112,304,40,32,0,79,-115,0,0,30,0,160,112,96,64,0,95,-139,0,0,30,0,256,112,80,64,0,15,-147,0,1,20,0,464,288,160,96,0,15,-147,0,0,100,0,224,368,160,96,0,15,-147,0,1,8,0,192,272,160,96,0,15,-147,0,0,100,0,0,112,160,96,0,24,-147,0,0,30,0,144,0,144,112,0,24,-147,0,0,100,0,0,0,144,112,0,0,-256,0,0,100,0,808,488,192,256,0,
0,58,85,-115,0,0,100,0,0,528,32,48,0,113,-129,0,0,100,0,0,528,32,48,0,85,-99,0,0,30,0,64,480,32,32,0,113,-113,0,0,30,0,64,480,32,32,0,23,-143,0,0,100,0,400,144,48,48,0,27,-113,0,0,90,0,288,0,32,16,0,42,-141,0,0,100,0,688,48,48,48,0,48,-111,0,0,90,0,288,0,32,16,0,53,-156,0,0,100,0,400,192,48,48,0,57,-126,0,0,90,0,288,0,32,16,0,8,-250,0,1,20,0,0,672,160,128,0,8,-218,0,1,25,0,0,808,176,184,0,14,-161,0,0,100,0,32,480,32,32,0,28,-165,0,0,100,0,32,480,32,32,0,38,-182,1,0,100,0,0,480,32,48,0,52,-175,0,0,100,0,32,480,32,32,0,39,-212,0,1,90,0,112,576,32,32,0,48,-138,0,0,30,0,80,640,16,32,0,13,-202,0,0,100,0,0,576,80,96,0,66,-194,0,0,30,0,112,416,112,64,0,66,-194,0,1,20,0,144,560,112,64,0,66,-194,0,0,100,0,32,512,112,64,0,119,-180,0,0,100,0,400,240,48,48,0,126,-152,0,0,90,0,320,0,32,16,0,99,-230,0,0,30,0,128,336,64,80,0,99,-230,0,1,15,0,224,464,40,64,0,99,-230,0,0,100,0,64,336,64,80,0,72,-205,0,0,100,0,352,96,48,48,0,77,-173,0,0,90,0,288,0,32,16,0,99,-198,0,0,30,0,192,368,32,48,0,66,-194,0,0,30,0,112,480,48,32,0,99,-230,0,0,100,0,0,336,64,80,0,82,-194,0,1,30,0,144,512,80,48,0,66,-194,0,1,20,0,224,528,56,32,0,66,-194,0,0,100,0,0,416,112,64,0,136,-157,0,0,30,0,112,272,40,32,0,64,-189,0,0,100,0,352,288,112,80,0,64,-189,0,0,100,0,0,272,112,64,0,110,-154,0,0,30,0,192,176,32,32,0,116,-149,0,0,100,0,0,480,32,48,0,110,-154,0,0,30,0,192,208,64,64,0,134,-154,0,0,30,0,152,272,40,64,0,110,-154,0,0,100,0,64,208,64,64,0,69,-175,0,0,30,0,160,176,32,32,0,75,-170,0,0,100,0,0,480,32,48,0,69,-175,0,0,30,0,128,208,64,64,0,93,-175,0,0,30,0,152,272,40,64,0,69,-175,0,0,100,0,0,208,64,64,0,112,-181,0,0,100,0,112,304,40,32,0,79,-115,0,0,30,0,160,112,96,64,0,95,-139,0,0,30,0,256,112,80,64,0,15,-147,0,1,20,0,464,288,160,96,0,15,-147,0,0,100,0,224,368,160,96,0,15,-147,0,1,8,0,192,272,160,96,0,15,-147,0,0,100,0,0,112,160,96,0,24,-147,0,0,30,0,144,0,144,112,0,24,-147,0,0,100,0,0,0,144,112,0,0,-256,0,0,100,0,808,488,192,256,0,
0,58,85,-115,0,0,100,0,0,528,32,48,0,113,-129,0,0,100,0,0,528,32,48,0,85,-99,0,0,30,0,64,480,32,32,0,113,-113,0,0,30,0,64,480,32,32,0,23,-143,0,0,100,0,400,144,48,48,0,27,-113,0,0,90,0,288,0,32,16,0,42,-141,0,0,100,0,352,0,48,48,0,48,-111,0,0,90,0,288,0,32,16,0,53,-156,0,0,100,0,400,192,48,48,0,57,-126,0,0,90,0,288,0,32,16,0,8,-250,0,1,10,0,0,672,160,128,0,8,-218,0,1,20,0,0,808,176,184,0,14,-161,0,0,100,0,32,480,32,32,0,28,-165,0,0,100,0,32,480,32,32,0,38,-182,1,0,100,0,0,480,32,48,0,52,-175,0,0,100,0,32,480,32,32,0,39,-212,0,1,90,0,80,608,32,32,0,48,-138,0,0,30,0,80,640,16,32,0,13,-202,0,0,100,0,0,576,80,96,0,66,-194,0,0,30,0,112,416,112,64,0,66,-194,0,1,20,0,144,560,112,64,0,66,-194,0,0,100,0,32,512,112,64,0,119,-180,0,0,100,0,352,240,48,48,0,126,-152,0,0,90,0,320,0,32,16,0,99,-230,0,0,30,0,128,336,64,80,0,99,-230,0,1,15,0,224,464,40,64,0,99,-230,0,0,100,0,64,336,64,80,0,72,-205,0,0,100,0,352,96,48,48,0,77,-173,0,0,90,0,288,0,32,16,0,99,-198,0,0,30,0,192,368,32,48,0,66,-194,0,0,30,0,112,480,48,32,0,99,-230,0,0,100,0,0,336,64,80,0,82,-194,0,1,30,0,144,512,80,48,0,66,-194,0,1,20,0,224,528,56,32,0,66,-194,0,0,100,0,0,416,112,64,0,136,-157,0,0,30,0,112,272,40,32,0,64,-189,0,0,100,0,352,288,112,80,0,64,-189,0,0,100,0,0,272,112,64,0,110,-154,0,0,30,0,192,176,32,32,0,116,-149,0,0,100,0,0,480,32,48,0,110,-154,0,0,30,0,192,208,64,64,0,134,-154,0,0,30,0,152,272,40,64,0,110,-154,0,0,100,0,64,208,64,64,0,69,-175,0,0,30,0,160,176,32,32,0,75,-170,0,0,100,0,0,480,32,48,0,69,-175,0,0,30,0,128,208,64,64,0,93,-175,0,0,30,0,152,272,40,64,0,69,-175,0,0,100,0,0,208,64,64,0,112,-181,0,0,100,0,112,304,40,32,0,79,-115,0,0,30,0,160,112,96,64,0,95,-139,0,0,30,0,256,112,80,64,0,15,-147,0,1,20,0,464,288,160,96,0,15,-147,0,0,100,0,224,368,160,96,0,15,-147,0,1,8,0,192,272,160,96,0,15,-147,0,0,100,0,0,112,160,96,0,24,-147,0,0,30,0,144,0,144,112,0,24,-147,0,0,100,0,0,0,144,112,0,0,-256,0,0,100,0,808,488,192,256,0,
0,58,85,-115,0,0,100,0,0,528,32,48,0,113,-129,0,0,100,0,0,528,32,48,0,85,-99,0,0,30,0,64,480,32,32,0,113,-113,0,0,30,0,64,480,32,32,0,23,-143,0,0,100,0,400,144,48,48,0,27,-113,0,0,90,0,288,0,32,16,0,45,-141,0,0,100,0,496,0,48,48,0,52,-111,0,0,90,0,288,0,32,16,0,53,-156,0,0,100,0,400,192,48,48,0,57,-126,0,0,90,0,288,0,32,16,0,8,-250,0,1,20,0,0,672,160,128,0,8,-218,0,1,25,0,0,808,176,184,0,14,-161,0,0,100,0,32,480,32,32,0,28,-165,0,0,100,0,32,480,32,32,0,38,-182,1,0,100,0,0,480,32,48,0,52,-175,0,0,100,0,32,480,32,32,0,39,-212,0,1,90,0,112,608,32,32,0,48,-138,0,0,30,0,80,640,16,32,0,13,-202,0,0,100,0,0,576,80,96,0,66,-194,0,0,30,0,112,416,112,64,0,66,-194,0,1,20,0,144,560,112,64,0,66,-194,0,0,100,0,32,512,112,64,0,119,-180,0,0,100,0,400,240,48,48,0,126,-152,0,0,90,0,320,0,32,16,0,99,-230,0,0,30,0,128,336,64,80,0,99,-230,0,1,15,0,224,464,40,64,0,99,-230,0,0,100,0,64,336,64,80,0,72,-205,0,0,100,0,352,96,48,48,0,77,-173,0,0,90,0,288,0,32,16,0,99,-198,0,0,30,0,192,368,32,48,0,66,-194,0,0,30,0,112,480,48,32,0,99,-230,0,0,100,0,0,336,64,80,0,82,-194,0,1,30,0,144,512,80,48,0,66,-194,0,1,20,0,224,528,56,32,0,66,-194,0,0,100,0,0,416,112,64,0,136,-157,0,0,30,0,112,272,40,32,0,64,-189,0,0,100,0,352,288,112,80,0,64,-189,0,0,100,0,0,272,112,64,0,110,-154,0,0,30,0,192,176,32,32,0,116,-149,0,0,100,0,0,480,32,48,0,110,-154,0,0,30,0,192,208,64,64,0,134,-154,0,0,30,0,152,272,40,64,0,110,-154,0,0,100,0,64,208,64,64,0,69,-175,0,0,30,0,160,176,32,32,0,75,-170,0,0,100,0,0,480,32,48,0,69,-175,0,0,30,0,128,208,64,64,0,93,-175,0,0,30,0,152,272,40,64,0,69,-175,0,0,100,0,0,208,64,64,0,112,-181,0,0,100,0,112,304,40,32,0,79,-115,0,0,30,0,160,112,96,64,0,95,-139,0,0,30,0,256,112,80,64,0,15,-147,0,1,20,0,464,288,160,96,0,15,-147,0,0,100,0,224,368,160,96,0,15,-147,0,1,8,0,192,272,160,96,0,15,-147,0,0,100,0,0,112,160,96,0,24,-147,0,0,30,0,144,0,144,112,0,24,-147,0,0,100,0,0,0,144,112,0,0,-256,0,0,100,0,808,488,192,256,0,
0,58,85,-115,0,0,100,0,0,528,32,48,0,113,-129,0,0,100,0,0,528,32,48,0,85,-99,0,0,30,0,64,480,32,32,0,113,-113,0,0,30,0,64,480,32,32,0,23,-143,0,0,100,0,400,144,48,48,0,27,-113,0,0,90,0,288,0,32,16,0,48,-141,0,0,100,0,544,0,48,48,0,54,-111,0,0,90,0,288,0,32,16,0,53,-156,0,0,100,0,400,192,48,48,0,57,-126,0,0,90,0,288,0,32,16,0,8,-250,0,1,30,0,0,672,160,128,0,8,-218,0,1,30,0,0,808,176,184,0,14,-161,0,0,100,0,32,480,32,32,0,28,-165,0,0,100,0,32,480,32,32,0,38,-182,1,0,100,0,0,480,32,48,0,52,-175,0,0,100,0,32,480,32,32,0,39,-212,0,1,90,0,80,576,32,32,0,48,-138,0,0,30,0,80,640,16,32,0,13,-202,0,0,100,0,0,576,80,96,0,66,-194,0,0,30,0,112,416,112,64,0,66,-194,0,1,20,0,144,560,112,64,0,66,-194,0,0,100,0,32,512,112,64,0,119,-180,0,0,100,0,352,240,48,48,0,126,-152,0,0,90,0,320,0,32,16,0,99,-230,0,0,30,0,128,336,64,80,0,99,-230,0,1,15,0,224,464,40,64,0,99,-230,0,0,100,0,64,336,64,80,0,72,-205,0,0,100,0,352,96,48,48,0,77,-173,0,0,90,0,288,0,32,16,0,99,-198,0,0,30,0,192,368,32,48,0,66,-194,0,0,30,0,112,480,48,32,0,99,-230,0,0,100,0,0,336,64,80,0,82,-194,0,1,30,0,144,512,80,48,0,66,-194,0,1,20,0,224,528,56,32,0,66,-194,0,0,100,0,0,416,112,64,0,136,-157,0,0,30,0,112,272,40,32,0,64,-189,0,0,100,0,352,288,112,80,0,64,-189,0,0,100,0,0,272,112,64,0,110,-154,0,0,30,0,192,176,32,32,0,116,-149,0,0,100,0,0,480,32,48,0,110,-154,0,0,30,0,192,208,64,64,0,134,-154,0,0,30,0,152,272,40,64,0,110,-154,0,0,100,0,64,208,64,64,0,69,-175,0,0,30,0,160,176,32,32,0,75,-170,0,0,100,0,0,480,32,48,0,69,-175,0,0,30,0,128,208,64,64,0,93,-175,0,0,30,0,152,272,40,64,0,69,-175,0,0,100,0,0,208,64,64,0,112,-181,0,0,100,0,112,304,40,32,0,79,-115,0,0,30,0,160,112,96,64,0,95,-139,0,0,30,0,256,112,80,64,0,15,-147,0,1,20,0,464,288,160,96,0,15,-147,0,0,100,0,224,368,160,96,0,15,-147,0,1,8,0,192,272,160,96,0,15,-147,0,0,100,0,0,112,160,96,0,24,-147,0,0,30,0,144,0,144,112,0,24,-147,0,0,100,0,0,0,144,112,0,0,-256,0,0,100,0,808,488,192,256,0,
0,58,85,-115,0,0,100,0,0,528,32,48,0,113,-129,0,0,100,0,0,528,32,48,0,85,-99,0,0,30,0,64,480,32,32,0,113,-113,0,0,30,0,64,480,32,32,0,23,-143,0,0,100,0,400,144,48,48,0,27,-113,0,0,90,0,288,0,32,16,0,54,-141,0,0,100,0,592,0,48,48,0,59,-111,0,0,90,0,288,0,32,16,0,53,-156,0,0,100,0,400,192,48,48,0,57,-126,0,0,90,0,288,0,32,16,0,8,-250,0,1,20,0,0,672,160,128,0,8,-218,0,1,25,0,0,808,176,184,0,14,-161,0,0,100,0,32,480,32,32,0,28,-165,0,0,100,0,32,480,32,32,0,38,-182,1,0,100,0,0,480,32,48,0,52,-175,0,0,100,0,32,480,32,32,0,39,-212,0,1,90,0,112,576,32,32,0,48,-138,0,0,30,0,80,640,16,32,0,13,-202,0,0,100,0,0,576,80,96,0,66,-194,0,0,30,0,112,416,112,64,0,66,-194,0,1,20,0,144,560,112,64,0,66,-194,0,0,100,0,32,512,112,64,0,119,-180,0,0,100,0,400,240,48,48,0,126,-152,0,0,90,0,320,0,32,16,0,99,-230,0,0,30,0,128,336,64,80,0,99,-230,0,1,15,0,224,464,40,64,0,99,-230,0,0,100,0,64,336,64,80,0,72,-205,0,0,100,0,352,96,48,48,0,77,-173,0,0,90,0,288,0,32,16,0,99,-198,0,0,30,0,192,368,32,48,0,66,-194,0,0,30,0,112,480,48,32,0,99,-230,0,0,100,0,0,336,64,80,0,82,-194,0,1,30,0,144,512,80,48,0,66,-194,0,1,20,0,224,528,56,32,0,66,-194,0,0,100,0,0,416,112,64,0,136,-157,0,0,30,0,112,272,40,32,0,64,-189,0,0,100,0,352,288,112,80,0,64,-189,0,0,100,0,0,272,112,64,0,110,-154,0,0,30,0,192,176,32,32,0,116,-149,0,0,100,0,0,480,32,48,0,110,-154,0,0,30,0,192,208,64,64,0,134,-154,0,0,30,0,152,272,40,64,0,110,-154,0,0,100,0,64,208,64,64,0,69,-175,0,0,30,0,160,176,32,32,0,75,-170,0,0,100,0,0,480,32,48,0,69,-175,0,0,30,0,128,208,64,64,0,93,-175,0,0,30,0,152,272,40,64,0,69,-175,0,0,100,0,0,208,64,64,0,112,-181,0,0,100,0,112,304,40,32,0,79,-115,0,0,30,0,160,112,96,64,0,95,-139,0,0,30,0,256,112,80,64,0,15,-147,0,1,20,0,464,288,160,96,0,15,-147,0,0,100,0,224,368,160,96,0,15,-147,0,1,8,0,192,272,160,96,0,15,-147,0,0,100,0,0,112,160,96,0,24,-147,0,0,30,0,144,0,144,112,0,24,-147,0,0,100,0,0,0,144,112,0,0,-256,0,0,100,0,808,488,192,256,0,
0,58,85,-115,0,0,100,0,0,528,32,48,0,113,-129,0,0,100,0,0,528,32,48,0,85,-99,0,0,30,0,64,480,32,32,0,113,-113,0,0,30,0,64,480,32,32,0,23,-143,0,0,100,0,400,144,48,48,0,27,-113,0,0,90,0,288,0,32,16,0,54,-141,0,0,100,0,592,0,48,48,0,59,-111,0,0,90,0,288,0,32,16,0,53,-156,0,0,100,0,400,192,48,48,0,57,-126,0,0,90,0,288,0,32,16,0,8,-250,0,1,10,0,0,672,160,128,0,8,-218,0,1,20,0,0,808,176,184,0,14,-161,0,0,100,0,32,480,32,32,0,28,-165,0,0,100,0,32,480,32,32,0,38,-182,1,0,100,0,0,480,32,48,0,52,-175,0,0,100,0,32,480,32,32,0,39,-212,0,1,90,0,80,608,32,32,0,48,-138,0,0,30,0,80,640,16,32,0,13,-202,0,0,100,0,0,576,80,96,0,66,-194,0,0,30,0,112,416,112,64,0,66,-194,0,1,20,0,144,560,112,64,0,66,-194,0,0,100,0,32,512,112,64,0,119,-180,0,0,100,0,352,240,48,48,0,126,-152,0,0,90,0,320,0,32,16,0,99,-230,0,0,30,0,128,336,64,80,0,99,-230,0,1,15,0,224,464,40,64,0,99,-230,0,0,100,0,64,336,64,80,0,72,-205,0,0,100,0,352,96,48,48,0,77,-173,0,0,90,0,288,0,32,16,0,99,-198,0,0,30,0,192,368,32,48,0,66,-194,0,0,30,0,112,480,48,32,0,99,-230,0,0,100,0,0,336,64,80,0,82,-194,0,1,30,0,144,512,80,48,0,66,-194,0,1,20,0,224,528,56,32,0,66,-194,0,0,100,0,0,416,112,64,0,136,-157,0,0,30,0,112,272,40,32,0,64,-189,0,0,100,0,352,288,112,80,0,64,-189,0,0,100,0,0,272,112,64,0,110,-154,0,0,30,0,192,176,32,32,0,116,-149,0,0,100,0,0,480,32,48,0,110,-154,0,0,30,0,192,208,64,64,0,134,-154,0,0,30,0,152,272,40,64,0,110,-154,0,0,100,0,64,208,64,64,0,69,-175,0,0,30,0,160,176,32,32,0,75,-170,0,0,100,0,0,480,32,48,0,69,-175,0,0,30,0,128,208,64,64,0,93,-175,0,0,30,0,152,272,40,64,0,69,-175,0,0,100,0,0,208,64,64,0,112,-181,0,0,100,0,112,304,40,32,0,79,-115,0,0,30,0,160,112,96,64,0,95,-139,0,0,30,0,256,112,80,64,0,15,-147,0,1,20,0,464,288,160,96,0,15,-147,0,0,100,0,224,368,160,96,0,15,-147,0,1,8,0,192,272,160,96,0,15,-147,0,0,100,0,0,112,160,96,0,24,-147,0,0,30,0,144,0,144,112,0,24,-147,0,0,100,0,0,0,144,112,0,0,-256,0,0,100,0,808,488,192,256,0,
0,58,85,-115,0,0,100,0,0,528,32,48,0,113,-129,0,0,100,0,0,528,32,48,0,85,-99,0,0,30,0,64,480,32,32,0,113,-113,0,0,30,0,64,480,32,32,0,23,-143,0,0,100,0,400,144,48,48,0,27,-113,0,0,90,0,288,0,32,16,0,54,-141,0,0,100,0,640,0,48,48,0,59,-111,0,0,90,0,288,0,32,16,0,53,-156,0,0,100,0,400,192,48,48,0,57,-126,0,0,90,0,288,0,32,16,0,8,-250,0,1,20,0,0,672,160,128,0,8,-218,0,1,25,0,0,808,176,184,0,14,-161,0,0,100,0,32,480,32,32,0,28,-165,0,0,100,0,32,480,32,32,0,38,-182,1,0,100,0,0,480,32,48,0,52,-175,0,0,100,0,32,480,32,32,0,39,-212,0,1,90,0,112,608,32,32,0,48,-138,0,0,30,0,80,640,16,32,0,13,-202,0,0,100,0,0,576,80,96,0,66,-194,0,0,30,0,112,416,112,64,0,66,-194,0,1,20,0,144,560,112,64,0,66,-194,0,0,100,0,32,512,112,64,0,119,-180,0,0,100,0,400,240,48,48,0,126,-152,0,0,90,0,320,0,32,16,0,99,-230,0,0,30,0,128,336,64,80,0,99,-230,0,1,15,0,224,464,40,64,0,99,-230,0,0,100,0,64,336,64,80,0,72,-205,0,0,100,0,352,96,48,48,0,77,-173,0,0,90,0,288,0,32,16,0,99,-198,0,0,30,0,192,368,32,48,0,66,-194,0,0,30,0,112,480,48,32,0,99,-230,0,0,100,0,0,336,64,80,0,82,-194,0,1,30,0,144,512,80,48,0,66,-194,0,1,20,0,224,528,56,32,0,66,-194,0,0,100,0,0,416,112,64,0,136,-157,0,0,30,0,112,272,40,32,0,64,-189,0,0,100,0,352,288,112,80,0,64,-189,0,0,100,0,0,272,112,64,0,110,-154,0,0,30,0,192,176,32,32,0,116,-149,0,0,100,0,0,480,32,48,0,110,-154,0,0,30,0,192,208,64,64,0,134,-154,0,0,30,0,152,272,40,64,0,110,-154,0,0,100,0,64,208,64,64,0,69,-175,0,0,30,0,160,176,32,32,0,75,-170,0,0,100,0,0,480,32,48,0,69,-175,0,0,30,0,128,208,64,64,0,93,-175,0,0,30,0,152,272,40,64,0,69,-175,0,0,100,0,0,208,64,64,0,112,-181,0,0,100,0,112,304,40,32,0,79,-115,0,0,30,0,160,112,96,64,0,95,-139,0,0,30,0,256,112,80,64,0,15,-147,0,1,20,0,464,288,160,96,0,15,-147,0,0,100,0,224,368,160,96,0,15,-147,0,1,8,0,192,272,160,96,0,15,-147,0,0,100,0,0,112,160,96,0,24,-147,0,0,30,0,144,0,144,112,0,24,-147,0,0,100,0,0,0,144,112,0,0,-256,0,0,100,0,808,488,192,256,0,
0,58,85,-115,0,0,100,0,0,528,32,48,0,113,-129,0,0,100,0,0,528,32,48,0,85,-99,0,0,30,0,64,480,32,32,0,113,-113,0,0,30,0,64,480,32,32,0,23,-143,0,0,100,0,400,144,48,48,0,27,-113,0,0,90,0,288,0,32,16,0,54,-141,0,0,100,0,640,0,48,48,0,59,-111,0,0,90,0,288,0,32,16,0,53,-156,0,0,100,0,400,192,48,48,0,57,-126,0,0,90,0,288,0,32,16,0,8,-250,0,1,30,0,0,672,160,128,0,8,-218,0,1,30,0,0,808,176,184,0,14,-161,0,0,100,0,32,480,32,32,0,28,-165,0,0,100,0,32,480,32,32,0,38,-182,1,0,100,0,0,480,32,48,0,52,-175,0,0,100,0,32,480,32,32,0,39,-212,0,1,90,0,80,576,32,32,0,48,-138,0,0,30,0,80,640,16,32,0,13,-202,0,0,100,0,0,576,80,96,0,66,-194,0,0,30,0,112,416,112,64,0,66,-194,0,1,20,0,144,560,112,64,0,66,-194,0,0,100,0,32,512,112,64,0,119,-180,0,0,100,0,352,240,48,48,0,126,-152,0,0,90,0,320,0,32,16,0,99,-230,0,0,30,0,128,336,64,80,0,99,-230,0,1,15,0,224,464,40,64,0,99,-230,0,0,100,0,64,336,64,80,0,72,-205,0,0,100,0,352,96,48,48,0,77,-173,0,0,90,0,288,0,32,16,0,99,-198,0,0,30,0,192,368,32,48,0,66,-194,0,0,30,0,112,480,48,32,0,99,-230,0,0,100,0,0,336,64,80,0,82,-194,0,1,30,0,144,512,80,48,0,66,-194,0,1,20,0,224,528,56,32,0,66,-194,0,0,100,0,0,416,112,64,0,136,-157,0,0,30,0,112,272,40,32,0,64,-189,0,0,100,0,352,288,112,80,0,64,-189,0,0,100,0,0,272,112,64,0,110,-154,0,0,30,0,192,176,32,32,0,116,-149,0,0,100,0,0,480,32,48,0,110,-154,0,0,30,0,192,208,64,64,0,134,-154,0,0,30,0,152,272,40,64,0,110,-154,0,0,100,0,64,208,64,64,0,69,-175,0,0,30,0,160,176,32,32,0,75,-170,0,0,100,0,0,480,32,48,0,69,-175,0,0,30,0,128,208,64,64,0,93,-175,0,0,30,0,152,272,40,64,0,69,-175,0,0,100,0,0,208,64,64,0,112,-181,0,0,100,0,112,304,40,32,0,79,-115,0,0,30,0,160,112,96,64,0,95,-139,0,0,30,0,256,112,80,64,0,15,-147,0,1,20,0,464,288,160,96,0,15,-147,0,0,100,0,224,368,160,96,0,15,-147,0,1,8,0,192,272,160,96,0,15,-147,0,0,100,0,0,112,160,96,0,24,-147,0,0,30,0,144,0,144,112,0,24,-147,0,0,100,0,0,0,144,112,0,0,-256,0,0,100,0,808,488,192,256,0,
0,58,85,-115,0,0,100,0,0,528,32,48,0,113,-129,0,0,100,0,0,528,32,48,0,85,-99,0,0,30,0,64,480,32,32,0,113,-113,0,0,30,0,64,480,32,32,0,23,-143,0,0,100,0,400,144,48,48,0,27,-113,0,0,90,0,288,0,32,16,0,54,-141,0,0,100,0,592,0,48,48,0,59,-111,0,0,90,0,288,0,32,16,0,53,-156,0,0,100,0,400,192,48,48,0,57,-126,0,0,90,0,288,0,32,16,0,8,-250,0,1,20,0,0,672,160,128,0,8,-218,0,1,25,0,0,808,176,184,0,14,-161,0,0,100,0,32,480,32,32,0,28,-165,0,0,100,0,32,480,32,32,0,38,-182,1,0,100,0,0,480,32,48,0,52,-175,0,0,100,0,32,480,32,32,0,39,-212,0,1,90,0,112,576,32,32,0,48,-138,0,0,30,0,80,640,16,32,0,13,-202,0,0,100,0,0,576,80,96,0,66,-194,0,0,30,0,112,416,112,64,0,66,-194,0,1,20,0,144,560,112,64,0,66,-194,0,0,100,0,32,512,112,64,0,119,-180,0,0,100,0,400,240,48,48,0,126,-152,0,0,90,0,320,0,32,16,0,99,-230,0,0,30,0,128,336,64,80,0,99,-230,0,1,15,0,224,464,40,64,0,99,-230,0,0,100,0,64,336,64,80,0,72,-205,0,0,100,0,352,96,48,48,0,77,-173,0,0,90,0,288,0,32,16,0,99,-198,0,0,30,0,192,368,32,48,0,66,-194,0,0,30,0,112,480,48,32,0,99,-230,0,0,100,0,0,336,64,80,0,82,-194,0,1,30,0,144,512,80,48,0,66,-194,0,1,20,0,224,528,56,32,0,66,-194,0,0,100,0,0,416,112,64,0,136,-157,0,0,30,0,112,272,40,32,0,64,-189,0,0,100,0,352,288,112,80,0,64,-189,0,0,100,0,0,272,112,64,0,110,-154,0,0,30,0,192,176,32,32,0,116,-149,0,0,100,0,0,480,32,48,0,110,-154,0,0,30,0,192,208,64,64,0,134,-154,0,0,30,0,152,272,40,64,0,110,-154,0,0,100,0,64,208,64,64,0,69,-175,0,0,30,0,160,176,32,32,0,75,-170,0,0,100,0,0,480,32,48,0,69,-175,0,0,30,0,128,208,64,64,0,93,-175,0,0,30,0,152,272,40,64,0,69,-175,0,0,100,0,0,208,64,64,0,112,-181,0,0,100,0,112,304,40,32,0,79,-115,0,0,30,0,160,112,96,64,0,95,-139,0,0,30,0,256,112,80,64,0,15,-147,0,1,20,0,464,288,160,96,0,15,-147,0,0,100,0,224,368,160,96,0,15,-147,0,1,8,0,192,272,160,96,0,15,-147,0,0,100,0,0,112,160,96,0,24,-147,0,0,30,0,144,0,144,112,0,24,-147,0,0,100,0,0,0,144,112,0,0,-256,0,0,100,0,808,488,192,256,0,
0,58,85,-115,0,0,100,0,0,528,32,48,0,113,-129,0,0,100,0,0,528,32,48,0,85,-99,0,0,30,0,64,480,32,32,0,113,-113,0,0,30,0,64,480,32,32,0,23,-143,0,0,100,0,400,144,48,48,0,27,-113,0,0,90,0,288,0,32,16,0,53,-141,0,0,100,0,688,0,48,48,0,62,-111,0,0,90,0,288,0,32,16,0,53,-156,0,0,100,0,400,192,48,48,0,57,-126,0,0,90,0,288,0,32,16,0,8,-250,0,1,10,0,0,672,160,128,0,8,-218,0,1,20,0,0,808,176,184,0,14,-161,0,0,100,0,32,480,32,32,0,28,-165,0,0,100,0,32,480,32,32,0,38,-182,1,0,100,0,0,480,32,48,0,52,-175,0,0,100,0,32,480,32,32,0,39,-212,0,1,90,0,80,608,32,32,0,48,-138,0,0,30,0,80,640,16,32,0,13,-202,0,0,100,0,0,576,80,96,0,66,-194,0,0,30,0,112,416,112,64,0,66,-194,0,1,20,0,144,560,112,64,0,66,-194,0,0,100,0,32,512,112,64,0,119,-180,0,0,100,0,352,240,48,48,0,126,-152,0,0,90,0,320,0,32,16,0,99,-230,0,0,30,0,128,336,64,80,0,99,-230,0,1,15,0,224,464,40,64,0,99,-230,0,0,100,0,64,336,64,80,0,72,-205,0,0,100,0,352,96,48,48,0,77,-173,0,0,90,0,288,0,32,16,0,99,-198,0,0,30,0,192,368,32,48,0,66,-194,0,0,30,0,112,480,48,32,0,99,-230,0,0,100,0,0,336,64,80,0,82,-194,0,1,30,0,144,512,80,48,0,66,-194,0,1,20,0,224,528,56,32,0,66,-194,0,0,100,0,0,416,112,64,0,136,-157,0,0,30,0,112,272,40,32,0,64,-189,0,0,100,0,352,288,112,80,0,64,-189,0,0,100,0,0,272,112,64,0,110,-154,0,0,30,0,192,176,32,32,0,116,-149,0,0,100,0,0,480,32,48,0,110,-154,0,0,30,0,192,208,64,64,0,134,-154,0,0,30,0,152,272,40,64,0,110,-154,0,0,100,0,64,208,64,64,0,69,-175,0,0,30,0,160,176,32,32,0,75,-170,0,0,100,0,0,480,32,48,0,69,-175,0,0,30,0,128,208,64,64,0,93,-175,0,0,30,0,152,272,40,64,0,69,-175,0,0,100,0,0,208,64,64,0,112,-181,0,0,100,0,112,304,40,32,0,79,-115,0,0,30,0,160,112,96,64,0,95,-139,0,0,30,0,256,112,80,64,0,15,-147,0,1,20,0,464,288,160,96,0,15,-147,0,0,100,0,224,368,160,96,0,15,-147,0,1,8,0,192,272,160,96,0,15,-147,0,0,100,0,0,112,160,96,0,24,-147,0,0,30,0,144,0,144,112,0,24,-147,0,0,100,0,0,0,144,112,0,0,-256,0,0,100,0,808,488,192,256,0,
0,58,85,-115,0,0,100,0,0,528,32,48,0,113,-129,0,0,100,0,0,528,32,48,0,85,-99,0,0,30,0,64,480,32,32,0,113,-113,0,0,30,0,64,480,32,32,0,23,-143,0,0,100,0,400,144,48,48,0,27,-113,0,0,90,0,288,0,32,16,0,55,-142,0,0,100,0,736,0,48,48,0,64,-112,0,0,90,0,288,0,32,16,0,53,-156,0,0,100,0,400,192,48,48,0,57,-126,0,0,90,0,288,0,32,16,0,8,-250,0,1,20,0,0,672,160,128,0,8,-218,0,1,25,0,0,808,176,184,0,14,-161,0,0,100,0,32,480,32,32,0,28,-165,0,0,100,0,32,480,32,32,0,38,-182,1,0,100,0,0,480,32,48,0,52,-175,0,0,100,0,32,480,32,32,0,39,-212,0,1,90,0,112,608,32,32,0,48,-138,0,0,30,0,80,640,16,32,0,13,-202,0,0,100,0,0,576,80,96,0,66,-194,0,0,30,0,112,416,112,64,0,66,-194,0,1,20,0,144,560,112,64,0,66,-194,0,0,100,0,32,512,112,64,0,119,-180,0,0,100,0,400,240,48,48,0,126,-152,0,0,90,0,320,0,32,16,0,99,-230,0,0,30,0,128,336,64,80,0,99,-230,0,1,15,0,224,464,40,64,0,99,-230,0,0,100,0,64,336,64,80,0,72,-205,0,0,100,0,352,96,48,48,0,77,-173,0,0,90,0,288,0,32,16,0,99,-198,0,0,30,0,192,368,32,48,0,66,-194,0,0,30,0,112,480,48,32,0,99,-230,0,0,100,0,0,336,64,80,0,82,-194,0,1,30,0,144,512,80,48,0,66,-194,0,1,20,0,224,528,56,32,0,66,-194,0,0,100,0,0,416,112,64,0,136,-157,0,0,30,0,112,272,40,32,0,64,-189,0,0,100,0,352,288,112,80,0,64,-189,0,0,100,0,0,272,112,64,0,110,-154,0,0,30,0,192,176,32,32,0,116,-149,0,0,100,0,0,480,32,48,0,110,-154,0,0,30,0,192,208,64,64,0,134,-154,0,0,30,0,152,272,40,64,0,110,-154,0,0,100,0,64,208,64,64,0,69,-175,0,0,30,0,160,176,32,32,0,75,-170,0,0,100,0,0,480,32,48,0,69,-175,0,0,30,0,128,208,64,64,0,93,-175,0,0,30,0,152,272,40,64,0,69,-175,0,0,100,0,0,208,64,64,0,112,-181,0,0,100,0,112,304,40,32,0,79,-115,0,0,30,0,160,112,96,64,0,95,-139,0,0,30,0,256,112,80,64,0,15,-147,0,1,20,0,464,288,160,96,0,15,-147,0,0,100,0,224,368,160,96,0,15,-147,0,1,8,0,192,272,160,96,0,15,-147,0,0,100,0,0,112,160,96,0,24,-147,0,0,30,0,144,0,144,112,0,24,-147,0,0,100,0,0,0,144,112,0,0,-256,0,0,100,0,808,488,192,256,0,
0,58,85,-115,0,0,100,0,0,528,32,48,0,113,-129,0,0,100,0,0,528,32,48,0,85,-99,0,0,30,0,64,480,32,32,0,113,-113,0,0,30,0,64,480,32,32,0,23,-143,0,0,100,0,400,144,48,48,0,27,-113,0,0,90,0,288,0,32,16,0,57,-142,0,0,100,0,688,0,48,48,0,66,-112,0,0,90,0,288,0,32,16,0,53,-156,0,0,100,0,400,192,48,48,0,57,-126,0,0,90,0,288,0,32,16,0,8,-250,0,1,30,0,0,672,160,128,0,8,-218,0,1,30,0,0,808,176,184,0,14,-161,0,0,100,0,32,480,32,32,0,28,-165,0,0,100,0,32,480,32,32,0,38,-182,1,0,100,0,0,480,32,48,0,52,-175,0,0,100,0,32,480,32,32,0,39,-212,0,1,90,0,80,576,32,32,0,48,-138,0,0,30,0,80,640,16,32,0,13,-202,0,0,100,0,0,576,80,96,0,66,-194,0,0,30,0,112,416,112,64,0,66,-194,0,1,20,0,144,560,112,64,0,66,-194,0,0,100,0,32,512,112,64,0,119,-180,0,0,100,0,352,240,48,48,0,126,-152,0,0,90,0,320,0,32,16,0,99,-230,0,0,30,0,128,336,64,80,0,99,-230,0,1,15,0,224,464,40,64,0,99,-230,0,0,100,0,64,336,64,80,0,72,-205,0,0,100,0,352,96,48,48,0,77,-173,0,0,90,0,288,0,32,16,0,99,-198,0,0,30,0,192,368,32,48,0,66,-194,0,0,30,0,112,480,48,32,0,99,-230,0,0,100,0,0,336,64,80,0,82,-194,0,1,30,0,144,512,80,48,0,66,-194,0,1,20,0,224,528,56,32,0,66,-194,0,0,100,0,0,416,112,64,0,136,-157,0,0,30,0,112,272,40,32,0,64,-189,0,0,100,0,352,288,112,80,0,64,-189,0,0,100,0,0,272,112,64,0,110,-154,0,0,30,0,192,176,32,32,0,116,-149,0,0,100,0,0,480,32,48,0,110,-154,0,0,30,0,192,208,64,64,0,134,-154,0,0,30,0,152,272,40,64,0,110,-154,0,0,100,0,64,208,64,64,0,69,-175,0,0,30,0,160,176,32,32,0,75,-170,0,0,100,0,0,480,32,48,0,69,-175,0,0,30,0,128,208,64,64,0,93,-175,0,0,30,0,152,272,40,64,0,69,-175,0,0,100,0,0,208,64,64,0,112,-181,0,0,100,0,112,304,40,32,0,79,-115,0,0,30,0,160,112,96,64,0,95,-139,0,0,30,0,256,112,80,64,0,15,-147,0,1,20,0,464,288,160,96,0,15,-147,0,0,100,0,224,368,160,96,0,15,-147,0,1,8,0,192,272,160,96,0,15,-147,0,0,100,0,0,112,160,96,0,24,-147,0,0,30,0,144,0,144,112,0,24,-147,0,0,100,0,0,0,144,112,0,0,-256,0,0,100,0,808,488,192,256,0,
0,58,85,-115,0,0,100,0,0,528,32,48,0,113,-129,0,0,100,0,0,528,32,48,0,85,-99,0,0,30,0,64,480,32,32,0,113,-113,0,0,30,0,64,480,32,32,0,23,-143,0,0,100,0,400,144,48,48,0,27,-113,0,0,90,0,288,0,32,16,0,59,-143,0,0,100,0,784,0,48,48,0,68,-113,0,0,90,0,288,0,32,16,0,53,-156,0,0,100,0,400,192,48,48,0,57,-126,0,0,90,0,288,0,32,16,0,8,-250,0,1,20,0,0,672,160,128,0,8,-218,0,1,25,0,0,808,176,184,0,14,-161,0,0,100,0,32,480,32,32,0,28,-165,0,0,100,0,32,480,32,32,0,38,-182,1,0,100,0,0,480,32,48,0,52,-175,0,0,100,0,32,480,32,32,0,39,-212,0,1,90,0,112,576,32,32,0,48,-138,0,0,30,0,80,640,16,32,0,13,-202,0,0,100,0,0,576,80,96,0,66,-194,0,0,30,0,112,416,112,64,0,66,-194,0,1,20,0,144,560,112,64,0,66,-194,0,0,100,0,32,512,112,64,0,119,-180,0,0,100,0,400,240,48,48,0,126,-152,0,0,90,0,320,0,32,16,0,99,-230,0,0,30,0,128,336,64,80,0,99,-230,0,1,15,0,224,464,40,64,0,99,-230,0,0,100,0,64,336,64,80,0,72,-205,0,0,100,0,352,96,48,48,0,77,-173,0,0,90,0,288,0,32,16,0,99,-198,0,0,30,0,192,368,32,48,0,66,-194,0,0,30,0,112,480,48,32,0,99,-230,0,0,100,0,0,336,64,80,0,82,-194,0,1,30,0,144,512,80,48,0,66,-194,0,1,20,0,224,528,56,32,0,66,-194,0,0,100,0,0,416,112,64,0,136,-157,0,0,30,0,112,272,40,32,0,64,-189,0,0,100,0,352,288,112,80,0,64,-189,0,0,100,0,0,272,112,64,0,110,-154,0,0,30,0,192,176,32,32,0,116,-149,0,0,100,0,0,480,32,48,0,110,-154,0,0,30,0,192,208,64,64,0,134,-154,0,0,30,0,152,272,40,64,0,110,-154,0,0,100,0,64,208,64,64,0,69,-175,0,0,30,0,160,176,32,32,0,75,-170,0,0,100,0,0,480,32,48,0,69,-175,0,0,30,0,128,208,64,64,0,93,-175,0,0,30,0,152,272,40,64,0,69,-175,0,0,100,0,0,208,64,64,0,112,-181,0,0,100,0,112,304,40,32,0,79,-115,0,0,30,0,160,112,96,64,0,95,-139,0,0,30,0,256,112,80,64,0,15,-147,0,1,20,0,464,288,160,96,0,15,-147,0,0,100,0,224,368,160,96,0,15,-147,0,1,8,0,192,272,160,96,0,15,-147,0,0,100,0,0,112,160,96,0,24,-147,0,0,30,0,144,0,144,112,0,24,-147,0,0,100,0,0,0,144,112,0,0,-256,0,0,100,0,808,488,192,256,0,
0,58,85,-115,0,0,100,0,0,528,32,48,0,113,-129,0,0,100,0,0,528,32,48,0,85,-99,0,0,30,0,64,480,32,32,0,113,-113,0,0,30,0,64,480,32,32,0,23,-143,0,0,100,0,400,144,48,48,0,27,-113,0,0,90,0,288,0,32,16,0,61,-143,0,0,100,0,688,0,48,48,0,70,-113,0,0,90,0,288,0,32,16,0,53,-156,0,0,100,0,400,192,48,48,0,57,-126,0,0,90,0,288,0,32,16,0,8,-250,0,1,10,0,0,672,160,128,0,8,-218,0,1,20,0,0,808,176,184,0,14,-161,0,0,100,0,32,480,32,32,0,28,-165,0,0,100,0,32,480,32,32,0,38,-182,1,0,100,0,0,480,32,48,0,52,-175,0,0,100,0,32,480,32,32,0,39,-212,0,1,90,0,80,608,32,32,0,48,-138,0,0,30,0,80,640,16,32,0,13,-202,0,0,100,0,0,576,80,96,0,66,-194,0,0,30,0,112,416,112,64,0,66,-194,0,1,20,0,144,560,112,64,0,66,-194,0,0,100,0,32,512,112,64,0,119,-180,0,0,100,0,352,240,48,48,0,126,-152,0,0,90,0,320,0,32,16,0,99,-230,0,0,30,0,128,336,64,80,0,99,-230,0,1,15,0,224,464,40,64,0,99,-230,0,0,100,0,64,336,64,80,0,72,-205,0,0,100,0,352,96,48,48,0,77,-173,0,0,90,0,288,0,32,16,0,99,-198,0,0,30,0,192,368,32,48,0,66,-194,0,0,30,0,112,480,48,32,0,99,-230,0,0,100,0,0,336,64,80,0,82,-194,0,1,30,0,144,512,80,48,0,66,-194,0,1,20,0,224,528,56,32,0,66,-194,0,0,100,0,0,416,112,64,0,136,-157,0,0,30,0,112,272,40,32,0,64,-189,0,0,100,0,352,288,112,80,0,64,-189,0,0,100,0,0,272,112,64,0,110,-154,0,0,30,0,192,176,32,32,0,116,-149,0,0,100,0,0,480,32,48,0,110,-154,0,0,30,0,192,208,64,64,0,134,-154,0,0,30,0,152,272,40,64,0,110,-154,0,0,100,0,64,208,64,64,0,69,-175,0,0,30,0,160,176,32,32,0,75,-170,0,0,100,0,0,480,32,48,0,69,-175,0,0,30,0,128,208,64,64,0,93,-175,0,0,30,0,152,272,40,64,0,69,-175,0,0,100,0,0,208,64,64,0,112,-181,0,0,100,0,112,304,40,32,0,79,-115,0,0,30,0,160,112,96,64,0,95,-139,0,0,30,0,256,112,80,64,0,15,-147,0,1,20,0,464,288,160,96,0,15,-147,0,0,100,0,224,368,160,96,0,15,-147,0,1,8,0,192,272,160,96,0,15,-147,0,0,100,0,0,112,160,96,0,24,-147,0,0,30,0,144,0,144,112,0,24,-147,0,0,100,0,0,0,144,112,0,0,-256,0,0,100,0,808,488,192,256,0,
0,58,85,-115,0,0,100,0,0,528,32,48,0,113,-129,0,0,100,0,0,528,32,48,0,85,-99,0,0,30,0,64,480,32,32,0,113,-113,0,0,30,0,64,480,32,32,0,23,-143,0,0,100,0,400,144,48,48,0,27,-113,0,0,90,0,288,0,32,16,0,63,-144,0,0,100,0,736,0,48,48,0,72,-114,0,0,90,0,288,0,32,16,0,53,-156,0,0,100,0,400,192,48,48,0,57,-126,0,0,90,0,288,0,32,16,0,8,-250,0,1,20,0,0,672,160,128,0,8,-218,0,1,25,0,0,808,176,184,0,14,-161,0,0,100,0,32,480,32,32,0,28,-165,0,0,100,0,32,480,32,32,0,38,-182,1,0,100,0,0,480,32,48,0,52,-175,0,0,100,0,32,480,32,32,0,39,-212,0,1,90,0,112,608,32,32,0,48,-138,0,0,30,0,80,640,16,32,0,13,-202,0,0,100,0,0,576,80,96,0,66,-194,0,0,30,0,112,416,112,64,0,66,-194,0,1,20,0,144,560,112,64,0,66,-194,0,0,100,0,32,512,112,64,0,119,-180,0,0,100,0,400,240,48,48,0,126,-152,0,0,90,0,320,0,32,16,0,99,-230,0,0,30,0,128,336,64,80,0,99,-230,0,1,15,0,224,464,40,64,0,99,-230,0,0,100,0,64,336,64,80,0,72,-205,0,0,100,0,352,96,48,48,0,77,-173,0,0,90,0,288,0,32,16,0,99,-198,0,0,30,0,192,368,32,48,0,66,-194,0,0,30,0,112,480,48,32,0,99,-230,0,0,100,0,0,336,64,80,0,82,-194,0,1,30,0,144,512,80,48,0,66,-194,0,1,20,0,224,528,56,32,0,66,-194,0,0,100,0,0,416,112,64,0,136,-157,0,0,30,0,112,272,40,32,0,64,-189,0,0,100,0,352,288,112,80,0,64,-189,0,0,100,0,0,272,112,64,0,110,-154,0,0,30,0,192,176,32,32,0,116,-149,0,0,100,0,0,480,32,48,0,110,-154,0,0,30,0,192,208,64,64,0,134,-154,0,0,30,0,152,272,40,64,0,110,-154,0,0,100,0,64,208,64,64,0,69,-175,0,0,30,0,160,176,32,32,0,75,-170,0,0,100,0,0,480,32,48,0,69,-175,0,0,30,0,128,208,64,64,0,93,-175,0,0,30,0,152,272,40,64,0,69,-175,0,0,100,0,0,208,64,64,0,112,-181,0,0,100,0,112,304,40,32,0,79,-115,0,0,30,0,160,112,96,64,0,95,-139,0,0,30,0,256,112,80,64,0,15,-147,0,1,20,0,464,288,160,96,0,15,-147,0,0,100,0,224,368,160,96,0,15,-147,0,1,8,0,192,272,160,96,0,15,-147,0,0,100,0,0,112,160,96,0,24,-147,0,0,30,0,144,0,144,112,0,24,-147,0,0,100,0,0,0,144,112,0,0,-256,0,0,100,0,808,488,192,256,0,
0,58,85,-115,0,0,100,0,0,528,32,48,0,113,-129,0,0,100,0,0,528,32,48,0,85,-99,0,0,30,0,64,480,32,32,0,113,-113,0,0,30,0,64,480,32,32,0,23,-143,0,0,100,0,400,144,48,48,0,27,-113,0,0,90,0,288,0,32,16,0,65,-144,0,0,100,0,688,0,48,48,0,74,-114,0,0,90,0,288,0,32,16,0,53,-156,0,0,100,0,400,192,48,48,0,57,-126,0,0,90,0,288,0,32,16,0,8,-250,0,1,30,0,0,672,160,128,0,8,-218,0,1,30,0,0,808,176,184,0,14,-161,0,0,100,0,32,480,32,32,0,28,-165,0,0,100,0,32,480,32,32,0,38,-182,1,0,100,0,0,480,32,48,0,52,-175,0,0,100,0,32,480,32,32,0,39,-212,0,1,90,0,80,576,32,32,0,48,-138,0,0,30,0,80,640,16,32,0,13,-202,0,0,100,0,0,576,80,96,0,66,-194,0,0,30,0,112,416,112,64,0,66,-194,0,1,20,0,144,560,112,64,0,66,-194,0,0,100,0,32,512,112,64,0,119,-180,0,0,100,0,352,240,48,48,0,126,-152,0,0,90,0,320,0,32,16,0,99,-230,0,0,30,0,128,336,64,80,0,99,-230,0,1,15,0,224,464,40,64,0,99,-230,0,0,100,0,64,336,64,80,0,72,-205,0,0,100,0,352,96,48,48,0,77,-173,0,0,90,0,288,0,32,16,0,99,-198,0,0,30,0,192,368,32,48,0,66,-194,0,0,30,0,112,480,48,32,0,99,-230,0,0,100,0,0,336,64,80,0,82,-194,0,1,30,0,144,512,80,48,0,66,-194,0,1,20,0,224,528,56,32,0,66,-194,0,0,100,0,0,416,112,64,0,136,-157,0,0,30,0,112,272,40,32,0,64,-189,0,0,100,0,352,288,112,80,0,64,-189,0,0,100,0,0,272,112,64,0,110,-154,0,0,30,0,192,176,32,32,0,116,-149,0,0,100,0,0,480,32,48,0,110,-154,0,0,30,0,192,208,64,64,0,134,-154,0,0,30,0,152,272,40,64,0,110,-154,0,0,100,0,64,208,64,64,0,69,-175,0,0,30,0,160,176,32,32,0,75,-170,0,0,100,0,0,480,32,48,0,69,-175,0,0,30,0,128,208,64,64,0,93,-175,0,0,30,0,152,272,40,64,0,69,-175,0,0,100,0,0,208,64,64,0,112,-181,0,0,100,0,112,304,40,32,0,79,-115,0,0,30,0,160,112,96,64,0,95,-139,0,0,30,0,256,112,80,64,0,15,-147,0,1,20,0,464,288,160,96,0,15,-147,0,0,100,0,224,368,160,96,0,15,-147,0,1,8,0,192,272,160,96,0,15,-147,0,0,100,0,0,112,160,96,0,24,-147,0,0,30,0,144,0,144,112,0,24,-147,0,0,100,0,0,0,144,112,0,0,-256,0,0,100,0,808,488,192,256,0,
0,58,85,-115,0,0,100,0,0,528,32,48,0,113,-129,0,0,100,0,0,528,32,48,0,85,-99,0,0,30,0,64,480,32,32,0,113,-113,0,0,30,0,64,480,32,32,0,23,-143,0,0,100,0,400,144,48,48,0,27,-113,0,0,90,0,288,0,32,16,0,67,-145,0,0,100,0,784,0,48,48,0,76,-115,0,0,90,0,288,0,32,16,0,53,-156,0,0,100,0,400,192,48,48,0,57,-126,0,0,90,0,288,0,32,16,0,8,-250,0,1,20,0,0,672,160,128,0,8,-218,0,1,25,0,0,808,176,184,0,14,-161,0,0,100,0,32,480,32,32,0,28,-165,0,0,100,0,32,480,32,32,0,38,-182,1,0,100,0,0,480,32,48,0,52,-175,0,0,100,0,32,480,32,32,0,39,-212,0,1,90,0,112,576,32,32,0,48,-138,0,0,30,0,80,640,16,32,0,13,-202,0,0,100,0,0,576,80,96,0,66,-194,0,0,30,0,112,416,112,64,0,66,-194,0,1,20,0,144,560,112,64,0,66,-194,0,0,100,0,32,512,112,64,0,119,-180,0,0,100,0,400,240,48,48,0,126,-152,0,0,90,0,320,0,32,16,0,99,-230,0,0,30,0,128,336,64,80,0,99,-230,0,1,15,0,224,464,40,64,0,99,-230,0,0,100,0,64,336,64,80,0,72,-205,0,0,100,0,352,96,48,48,0,77,-173,0,0,90,0,288,0,32,16,0,99,-198,0,0,30,0,192,368,32,48,0,66,-194,0,0,30,0,112,480,48,32,0,99,-230,0,0,100,0,0,336,64,80,0,82,-194,0,1,30,0,144,512,80,48,0,66,-194,0,1,20,0,224,528,56,32,0,66,-194,0,0,100,0,0,416,112,64,0,136,-157,0,0,30,0,112,272,40,32,0,64,-189,0,0,100,0,352,288,112,80,0,64,-189,0,0,100,0,0,272,112,64,0,110,-154,0,0,30,0,192,176,32,32,0,116,-149,0,0,100,0,0,480,32,48,0,110,-154,0,0,30,0,192,208,64,64,0,134,-154,0,0,30,0,152,272,40,64,0,110,-154,0,0,100,0,64,208,64,64,0,69,-175,0,0,30,0,160,176,32,32,0,75,-170,0,0,100,0,0,480,32,48,0,69,-175,0,0,30,0,128,208,64,64,0,93,-175,0,0,30,0,152,272,40,64,0,69,-175,0,0,100,0,0,208,64,64,0,112,-181,0,0,100,0,112,304,40,32,0,79,-115,0,0,30,0,160,112,96,64,0,95,-139,0,0,30,0,256,112,80,64,0,15,-147,0,1,20,0,464,288,160,96,0,15,-147,0,0,100,0,224,368,160,96,0,15,-147,0,1,8,0,192,272,160,96,0,15,-147,0,0,100,0,0,112,160,96,0,24,-147,0,0,30,0,144,0,144,112,0,24,-147,0,0,100,0,0,0,144,112,0,0,-256,0,0,100,0,808,488,192,256,0,
0,58,85,-115,0,0,100,0,0,528,32,48,0,113,-129,0,0,100,0,0,528,32,48,0,85,-99,0,0,30,0,64,480,32,32,0,113,-113,0,0,30,0,64,480,32,32,0,23,-143,0,0,100,0,400,144,48,48,0,27,-113,0,0,90,0,288,0,32,16,0,69,-144,0,0,100,0,688,0,48,48,0,78,-114,0,0,90,0,288,0,32,16,0,53,-156,0,0,100,0,400,192,48,48,0,57,-126,0,0,90,0,288,0,32,16,0,8,-250,0,1,10,0,0,672,160,128,0,8,-218,0,1,20,0,0,808,176,184,0,14,-161,0,0,100,0,32,480,32,32,0,28,-165,0,0,100,0,32,480,32,32,0,38,-182,1,0,100,0,0,480,32,48,0,52,-175,0,0,100,0,32,480,32,32,0,39,-212,0,1,90,0,80,608,32,32,0,48,-138,0,0,30,0,80,640,16,32,0,13,-202,0,0,100,0,0,576,80,96,0,66,-194,0,0,30,0,112,416,112,64,0,66,-194,0,1,20,0,144,560,112,64,0,66,-194,0,0,100,0,32,512,112,64,0,119,-180,0,0,100,0,352,240,48,48,0,126,-152,0,0,90,0,320,0,32,16,0,99,-230,0,0,30,0,128,336,64,80,0,99,-230,0,1,15,0,224,464,40,64,0,99,-230,0,0,100,0,64,336,64,80,0,72,-205,0,0,100,0,352,96,48,48,0,77,-173,0,0,90,0,288,0,32,16,0,99,-198,0,0,30,0,192,368,32,48,0,66,-194,0,0,30,0,112,480,48,32,0,99,-230,0,0,100,0,0,336,64,80,0,82,-194,0,1,30,0,144,512,80,48,0,66,-194,0,1,20,0,224,528,56,32,0,66,-194,0,0,100,0,0,416,112,64,0,136,-157,0,0,30,0,112,272,40,32,0,64,-189,0,0,100,0,352,288,112,80,0,64,-189,0,0,100,0,0,272,112,64,0,110,-154,0,0,30,0,192,176,32,32,0,116,-149,0,0,100,0,0,480,32,48,0,110,-154,0,0,30,0,192,208,64,64,0,134,-154,0,0,30,0,152,272,40,64,0,110,-154,0,0,100,0,64,208,64,64,0,69,-175,0,0,30,0,160,176,32,32,0,75,-170,0,0,100,0,0,480,32,48,0,69,-175,0,0,30,0,128,208,64,64,0,93,-175,0,0,30,0,152,272,40,64,0,69,-175,0,0,100,0,0,208,64,64,0,112,-181,0,0,100,0,112,304,40,32,0,79,-115,0,0,30,0,160,112,96,64,0,95,-139,0,0,30,0,256,112,80,64,0,15,-147,0,1,20,0,464,288,160,96,0,15,-147,0,0,100,0,224,368,160,96,0,15,-147,0,1,8,0,192,272,160,96,0,15,-147,0,0,100,0,0,112,160,96,0,24,-147,0,0,30,0,144,0,144,112,0,24,-147,0,0,100,0,0,0,144,112,0,0,-256,0,0,100,0,808,488,192,256,0,
0,58,85,-115,0,0,100,0,0,528,32,48,0,113,-129,0,0,100,0,0,528,32,48,0,85,-99,0,0,30,0,64,480,32,32,0,113,-113,0,0,30,0,64,480,32,32,0,23,-143,0,0,100,0,400,144,48,48,0,27,-113,0,0,90,0,288,0,32,16,0,71,-145,0,0,100,0,736,0,48,48,0,80,-115,0,0,90,0,288,0,32,16,0,53,-156,0,0,100,0,400,192,48,48,0,57,-126,0,0,90,0,288,0,32,16,0,8,-250,0,1,20,0,0,672,160,128,0,8,-218,0,1,25,0,0,808,176,184,0,14,-161,0,0,100,0,32,480,32,32,0,28,-165,0,0,100,0,32,480,32,32,0,38,-182,1,0,100,0,0,480,32,48,0,52,-175,0,0,100,0,32,480,32,32,0,39,-212,0,1,90,0,112,608,32,32,0,48,-138,0,0,30,0,80,640,16,32,0,13,-202,0,0,100,0,0,576,80,96,0,66,-194,0,0,30,0,112,416,112,64,0,66,-194,0,1,20,0,144,560,112,64,0,66,-194,0,0,100,0,32,512,112,64,0,119,-180,0,0,100,0,400,240,48,48,0,126,-152,0,0,90,0,320,0,32,16,0,99,-230,0,0,30,0,128,336,64,80,0,99,-230,0,1,15,0,224,464,40,64,0,99,-230,0,0,100,0,64,336,64,80,0,72,-205,0,0,100,0,352,96,48,48,0,77,-173,0,0,90,0,288,0,32,16,0,99,-198,0,0,30,0,192,368,32,48,0,66,-194,0,0,30,0,112,480,48,32,0,99,-230,0,0,100,0,0,336,64,80,0,82,-194,0,1,30,0,144,512,80,48,0,66,-194,0,1,20,0,224,528,56,32,0,66,-194,0,0,100,0,0,416,112,64,0,136,-157,0,0,30,0,112,272,40,32,0,64,-189,0,0,100,0,352,288,112,80,0,64,-189,0,0,100,0,0,272,112,64,0,110,-154,0,0,30,0,192,176,32,32,0,116,-149,0,0,100,0,0,480,32,48,0,110,-154,0,0,30,0,192,208,64,64,0,134,-154,0,0,30,0,152,272,40,64,0,110,-154,0,0,100,0,64,208,64,64,0,69,-175,0,0,30,0,160,176,32,32,0,75,-170,0,0,100,0,0,480,32,48,0,69,-175,0,0,30,0,128,208,64,64,0,93,-175,0,0,30,0,152,272,40,64,0,69,-175,0,0,100,0,0,208,64,64,0,112,-181,0,0,100,0,112,304,40,32,0,79,-115,0,0,30,0,160,112,96,64,0,95,-139,0,0,30,0,256,112,80,64,0,15,-147,0,1,20,0,464,288,160,96,0,15,-147,0,0,100,0,224,368,160,96,0,15,-147,0,1,8,0,192,272,160,96,0,15,-147,0,0,100,0,0,112,160,96,0,24,-147,0,0,30,0,144,0,144,112,0,24,-147,0,0,100,0,0,0,144,112,0,0,-256,0,0,100,0,808,488,192,256,0,
0,58,85,-115,0,0,100,0,0,528,32,48,0,113,-129,0,0,100,0,0,528,32,48,0,85,-99,0,0,30,0,64,480,32,32,0,113,-113,0,0,30,0,64,480,32,32,0,23,-143,0,0,100,0,400,144,48,48,0,27,-113,0,0,90,0,288,0,32,16,0,73,-145,0,0,100,0,688,0,48,48,0,82,-115,0,0,90,0,288,0,32,16,0,53,-156,0,0,100,0,400,192,48,48,0,57,-126,0,0,90,0,288,0,32,16,0,8,-250,0,1,30,0,0,672,160,128,0,8,-218,0,1,30,0,0,808,176,184,0,14,-161,0,0,100,0,32,480,32,32,0,28,-165,0,0,100,0,32,480,32,32,0,38,-182,1,0,100,0,0,480,32,48,0,52,-175,0,0,100,0,32,480,32,32,0,39,-212,0,1,90,0,80,576,32,32,0,48,-138,0,0,30,0,80,640,16,32,0,13,-202,0,0,100,0,0,576,80,96,0,66,-194,0,0,30,0,112,416,112,64,0,66,-194,0,1,20,0,144,560,112,64,0,66,-194,0,0,100,0,32,512,112,64,0,119,-180,0,0,100,0,352,240,48,48,0,126,-152,0,0,90,0,320,0,32,16,0,99,-230,0,0,30,0,128,336,64,80,0,99,-230,0,1,15,0,224,464,40,64,0,99,-230,0,0,100,0,64,336,64,80,0,72,-205,0,0,100,0,352,96,48,48,0,77,-173,0,0,90,0,288,0,32,16,0,99,-198,0,0,30,0,192,368,32,48,0,66,-194,0,0,30,0,112,480,48,32,0,99,-230,0,0,100,0,0,336,64,80,0,82,-194,0,1,30,0,144,512,80,48,0,66,-194,0,1,20,0,224,528,56,32,0,66,-194,0,0,100,0,0,416,112,64,0,136,-157,0,0,30,0,112,272,40,32,0,64,-189,0,0,100,0,352,288,112,80,0,64,-189,0,0,100,0,0,272,112,64,0,110,-154,0,0,30,0,192,176,32,32,0,116,-149,0,0,100,0,0,480,32,48,0,110,-154,0,0,30,0,192,208,64,64,0,134,-154,0,0,30,0,152,272,40,64,0,110,-154,0,0,100,0,64,208,64,64,0,69,-175,0,0,30,0,160,176,32,32,0,75,-170,0,0,100,0,0,480,32,48,0,69,-175,0,0,30,0,128,208,64,64,0,93,-175,0,0,30,0,152,272,40,64,0,69,-175,0,0,100,0,0,208,64,64,0,112,-181,0,0,100,0,112,304,40,32,0,79,-115,0,0,30,0,160,112,96,64,0,95,-139,0,0,30,0,256,112,80,64,0,15,-147,0,1,20,0,464,288,160,96,0,15,-147,0,0,100,0,224,368,160,96,0,15,-147,0,1,8,0,192,272,160,96,0,15,-147,0,0,100,0,0,112,160,96,0,24,-147,0,0,30,0,144,0,144,112,0,24,-147,0,0,100,0,0,0,144,112,0,0,-256,0,0,100,0,808,488,192,256,0,
0,58,85,-115,0,0,100,0,0,528,32,48,0,113,-129,0,0,100,0,0,528,32,48,0,85,-99,0,0,30,0,64,480,32,32,0,113,-113,0,0,30,0,64,480,32,32,0,23,-143,0,0,100,0,400,144,48,48,0,27,-113,0,0,90,0,288,0,32,16,0,75,-146,0,0,100,0,784,0,48,48,0,84,-116,0,0,90,0,288,0,32,16,0,53,-156,0,0,100,0,400,192,48,48,0,57,-126,0,0,90,0,288,0,32,16,0,8,-250,0,1,20,0,0,672,160,128,0,8,-218,0,1,25,0,0,808,176,184,0,14,-161,0,0,100,0,32,480,32,32,0,28,-165,0,0,100,0,32,480,32,32,0,38,-182,1,0,100,0,0,480,32,48,0,52,-175,0,0,100,0,32,480,32,32,0,39,-212,0,1,90,0,112,576,32,32,0,48,-138,0,0,30,0,80,640,16,32,0,13,-202,0,0,100,0,0,576,80,96,0,66,-194,0,0,30,0,112,416,112,64,0,66,-194,0,1,20,0,144,560,112,64,0,66,-194,0,0,100,0,32,512,112,64,0,119,-180,0,0,100,0,400,240,48,48,0,126,-152,0,0,90,0,320,0,32,16,0,99,-230,0,0,30,0,128,336,64,80,0,99,-230,0,1,15,0,224,464,40,64,0,99,-230,0,0,100,0,64,336,64,80,0,72,-205,0,0,100,0,352,96,48,48,0,77,-173,0,0,90,0,288,0,32,16,0,99,-198,0,0,30,0,192,368,32,48,0,66,-194,0,0,30,0,112,480,48,32,0,99,-230,0,0,100,0,0,336,64,80,0,82,-194,0,1,30,0,144,512,80,48,0,66,-194,0,1,20,0,224,528,56,32,0,66,-194,0,0,100,0,0,416,112,64,0,136,-157,0,0,30,0,112,272,40,32,0,64,-189,0,0,100,0,352,288,112,80,0,64,-189,0,0,100,0,0,272,112,64,0,110,-154,0,0,30,0,192,176,32,32,0,116,-149,0,0,100,0,0,480,32,48,0,110,-154,0,0,30,0,192,208,64,64,0,134,-154,0,0,30,0,152,272,40,64,0,110,-154,0,0,100,0,64,208,64,64,0,69,-175,0,0,30,0,160,176,32,32,0,75,-170,0,0,100,0,0,480,32,48,0,69,-175,0,0,30,0,128,208,64,64,0,93,-175,0,0,30,0,152,272,40,64,0,69,-175,0,0,100,0,0,208,64,64,0,112,-181,0,0,100,0,112,304,40,32,0,79,-115,0,0,30,0,160,112,96,64,0,95,-139,0,0,30,0,256,112,80,64,0,15,-147,0,1,20,0,464,288,160,96,0,15,-147,0,0,100,0,224,368,160,96,0,15,-147,0,1,8,0,192,272,160,96,0,15,-147,0,0,100,0,0,112,160,96,0,24,-147,0,0,30,0,144,0,144,112,0,24,-147,0,0,100,0,0,0,144,112,0,0,-256,0,0,100,0,808,488,192,256,0,
0,58,85,-115,0,0,100,0,0,528,32,48,0,113,-129,0,0,100,0,0,528,32,48,0,85,-99,0,0,30,0,64,480,32,32,0,113,-113,0,0,30,0,64,480,32,32,0,23,-143,0,0,100,0,400,144,48,48,0,27,-113,0,0,90,0,288,0,32,16,0,77,-147,0,0,100,0,688,0,48,48,0,86,-117,0,0,90,0,288,0,32,16,0,53,-156,0,0,100,0,400,192,48,48,0,57,-126,0,0,90,0,288,0,32,16,0,8,-250,0,1,10,0,0,672,160,128,0,8,-218,0,1,20,0,0,808,176,184,0,14,-161,0,0,100,0,32,480,32,32,0,28,-165,0,0,100,0,32,480,32,32,0,38,-182,1,0,100,0,0,480,32,48,0,52,-175,0,0,100,0,32,480,32,32,0,39,-212,0,1,90,0,80,608,32,32,0,48,-138,0,0,30,0,80,640,16,32,0,13,-202,0,0,100,0,0,576,80,96,0,66,-194,0,0,30,0,112,416,112,64,0,66,-194,0,1,20,0,144,560,112,64,0,66,-194,0,0,100,0,32,512,112,64,0,119,-180,0,0,100,0,352,240,48,48,0,126,-152,0,0,90,0,320,0,32,16,0,99,-230,0,0,30,0,128,336,64,80,0,99,-230,0,1,15,0,224,464,40,64,0,99,-230,0,0,100,0,64,336,64,80,0,72,-205,0,0,100,0,352,96,48,48,0,77,-173,0,0,90,0,288,0,32,16,0,99,-198,0,0,30,0,192,368,32,48,0,66,-194,0,0,30,0,112,480,48,32,0,99,-230,0,0,100,0,0,336,64,80,0,82,-194,0,1,30,0,144,512,80,48,0,66,-194,0,1,20,0,224,528,56,32,0,66,-194,0,0,100,0,0,416,112,64,0,136,-157,0,0,30,0,112,272,40,32,0,64,-189,0,0,100,0,352,288,112,80,0,64,-189,0,0,100,0,0,272,112,64,0,110,-154,0,0,30,0,192,176,32,32,0,116,-149,0,0,100,0,0,480,32,48,0,110,-154,0,0,30,0,192,208,64,64,0,134,-154,0,0,30,0,152,272,40,64,0,110,-154,0,0,100,0,64,208,64,64,0,69,-175,0,0,30,0,160,176,32,32,0,75,-170,0,0,100,0,0,480,32,48,0,69,-175,0,0,30,0,128,208,64,64,0,93,-175,0,0,30,0,152,272,40,64,0,69,-175,0,0,100,0,0,208,64,64,0,112,-181,0,0,100,0,112,304,40,32,0,79,-115,0,0,30,0,160,112,96,64,0,95,-139,0,0,30,0,256,112,80,64,0,15,-147,0,1,20,0,464,288,160,96,0,15,-147,0,0,100,0,224,368,160,96,0,15,-147,0,1,8,0,192,272,160,96,0,15,-147,0,0,100,0,0,112,160,96,0,24,-147,0,0,30,0,144,0,144,112,0,24,-147,0,0,100,0,0,0,144,112,0,0,-256,0,0,100,0,808,488,192,256,0,
0,58,85,-115,0,0,100,0,0,528,32,48,0,113,-129,0,0,100,0,0,528,32,48,0,85,-99,0,0,30,0,64,480,32,32,0,113,-113,0,0,30,0,64,480,32,32,0,23,-143,0,0,100,0,400,144,48,48,0,27,-113,0,0,90,0,288,0,32,16,0,79,-148,0,0,100,0,736,0,48,48,0,88,-118,0,0,90,0,288,0,32,16,0,53,-156,0,0,100,0,400,192,48,48,0,57,-126,0,0,90,0,288,0,32,16,0,8,-250,0,1,20,0,0,672,160,128,0,8,-218,0,1,25,0,0,808,176,184,0,14,-161,0,0,100,0,32,480,32,32,0,28,-165,0,0,100,0,32,480,32,32,0,38,-182,1,0,100,0,0,480,32,48,0,52,-175,0,0,100,0,32,480,32,32,0,39,-212,0,1,90,0,112,608,32,32,0,48,-138,0,0,30,0,80,640,16,32,0,13,-202,0,0,100,0,0,576,80,96,0,66,-194,0,0,30,0,112,416,112,64,0,66,-194,0,1,20,0,144,560,112,64,0,66,-194,0,0,100,0,32,512,112,64,0,119,-180,0,0,100,0,400,240,48,48,0,126,-152,0,0,90,0,320,0,32,16,0,99,-230,0,0,30,0,128,336,64,80,0,99,-230,0,1,15,0,224,464,40,64,0,99,-230,0,0,100,0,64,336,64,80,0,72,-205,0,0,100,0,352,96,48,48,0,77,-173,0,0,90,0,288,0,32,16,0,99,-198,0,0,30,0,192,368,32,48,0,66,-194,0,0,30,0,112,480,48,32,0,99,-230,0,0,100,0,0,336,64,80,0,82,-194,0,1,30,0,144,512,80,48,0,66,-194,0,1,20,0,224,528,56,32,0,66,-194,0,0,100,0,0,416,112,64,0,136,-157,0,0,30,0,112,272,40,32,0,64,-189,0,0,100,0,352,288,112,80,0,64,-189,0,0,100,0,0,272,112,64,0,110,-154,0,0,30,0,192,176,32,32,0,116,-149,0,0,100,0,0,480,32,48,0,110,-154,0,0,30,0,192,208,64,64,0,134,-154,0,0,30,0,152,272,40,64,0,110,-154,0,0,100,0,64,208,64,64,0,69,-175,0,0,30,0,160,176,32,32,0,75,-170,0,0,100,0,0,480,32,48,0,69,-175,0,0,30,0,128,208,64,64,0,93,-175,0,0,30,0,152,272,40,64,0,69,-175,0,0,100,0,0,208,64,64,0,112,-181,0,0,100,0,112,304,40,32,0,79,-115,0,0,30,0,160,112,96,64,0,95,-139,0,0,30,0,256,112,80,64,0,15,-147,0,1,20,0,464,288,160,96,0,15,-147,0,0,100,0,224,368,160,96,0,15,-147,0,1,8,0,192,272,160,96,0,15,-147,0,0,100,0,0,112,160,96,0,24,-147,0,0,30,0,144,0,144,112,0,24,-147,0,0,100,0,0,0,144,112,0,0,-256,0,0,100,0,808,488,192,256,0,
0,58,85,-115,0,0,100,0,0,528,32,48,0,113,-129,0,0,100,0,0,528,32,48,0,85,-99,0,0,30,0,64,480,32,32,0,113,-113,0,0,30,0,64,480,32,32,0,23,-143,0,0,100,0,400,144,48,48,0,27,-113,0,0,90,0,288,0,32,16,0,81,-148,0,0,100,0,688,0,48,48,0,90,-118,0,0,90,0,288,0,32,16,0,53,-156,0,0,100,0,400,192,48,48,0,57,-126,0,0,90,0,288,0,32,16,0,8,-250,0,1,30,0,0,672,160,128,0,8,-218,0,1,30,0,0,808,176,184,0,14,-161,0,0,100,0,32,480,32,32,0,28,-165,0,0,100,0,32,480,32,32,0,38,-182,1,0,100,0,0,480,32,48,0,52,-175,0,0,100,0,32,480,32,32,0,39,-212,0,1,90,0,80,576,32,32,0,48,-138,0,0,30,0,80,640,16,32,0,13,-202,0,0,100,0,0,576,80,96,0,66,-194,0,0,30,0,112,416,112,64,0,66,-194,0,1,20,0,144,560,112,64,0,66,-194,0,0,100,0,32,512,112,64,0,119,-180,0,0,100,0,352,240,48,48,0,126,-152,0,0,90,0,320,0,32,16,0,99,-230,0,0,30,0,128,336,64,80,0,99,-230,0,1,15,0,224,464,40,64,0,99,-230,0,0,100,0,64,336,64,80,0,72,-205,0,0,100,0,352,96,48,48,0,77,-173,0,0,90,0,288,0,32,16,0,99,-198,0,0,30,0,192,368,32,48,0,66,-194,0,0,30,0,112,480,48,32,0,99,-230,0,0,100,0,0,336,64,80,0,82,-194,0,1,30,0,144,512,80,48,0,66,-194,0,1,20,0,224,528,56,32,0,66,-194,0,0,100,0,0,416,112,64,0,136,-157,0,0,30,0,112,272,40,32,0,64,-189,0,0,100,0,352,288,112,80,0,64,-189,0,0,100,0,0,272,112,64,0,110,-154,0,0,30,0,192,176,32,32,0,116,-149,0,0,100,0,0,480,32,48,0,110,-154,0,0,30,0,192,208,64,64,0,134,-154,0,0,30,0,152,272,40,64,0,110,-154,0,0,100,0,64,208,64,64,0,69,-175,0,0,30,0,160,176,32,32,0,75,-170,0,0,100,0,0,480,32,48,0,69,-175,0,0,30,0,128,208,64,64,0,93,-175,0,0,30,0,152,272,40,64,0,69,-175,0,0,100,0,0,208,64,64,0,112,-181,0,0,100,0,112,304,40,32,0,79,-115,0,0,30,0,160,112,96,64,0,95,-139,0,0,30,0,256,112,80,64,0,15,-147,0,1,20,0,464,288,160,96,0,15,-147,0,0,100,0,224,368,160,96,0,15,-147,0,1,8,0,192,272,160,96,0,15,-147,0,0,100,0,0,112,160,96,0,24,-147,0,0,30,0,144,0,144,112,0,24,-147,0,0,100,0,0,0,144,112,0,0,-256,0,0,100,0,808,488,192,256,0,
0,58,85,-115,0,0,100,0,0,528,32,48,0,113,-129,0,0,100,0,0,528,32,48,0,85,-99,0,0,30,0,64,480,32,32,0,113,-113,0,0,30,0,64,480,32,32,0,23,-143,0,0,100,0,400,144,48,48,0,27,-113,0,0,90,0,288,0,32,16,0,83,-149,0,0,100,0,784,0,48,48,0,92,-119,0,0,90,0,288,0,32,16,0,53,-156,0,0,100,0,400,192,48,48,0,57,-126,0,0,90,0,288,0,32,16,0,8,-250,0,1,20,0,0,672,160,128,0,8,-218,0,1,25,0,0,808,176,184,0,14,-161,0,0,100,0,32,480,32,32,0,28,-165,0,0,100,0,32,480,32,32,0,38,-182,1,0,100,0,0,480,32,48,0,52,-175,0,0,100,0,32,480,32,32,0,39,-212,0,1,90,0,112,576,32,32,0,48,-138,0,0,30,0,80,640,16,32,0,13,-202,0,0,100,0,0,576,80,96,0,66,-194,0,0,30,0,112,416,112,64,0,66,-194,0,1,20,0,144,560,112,64,0,66,-194,0,0,100,0,32,512,112,64,0,119,-180,0,0,100,0,400,240,48,48,0,126,-152,0,0,90,0,320,0,32,16,0,99,-230,0,0,30,0,128,336,64,80,0,99,-230,0,1,15,0,224,464,40,64,0,99,-230,0,0,100,0,64,336,64,80,0,72,-205,0,0,100,0,352,96,48,48,0,77,-173,0,0,90,0,288,0,32,16,0,99,-198,0,0,30,0,192,368,32,48,0,66,-194,0,0,30,0,112,480,48,32,0,99,-230,0,0,100,0,0,336,64,80,0,82,-194,0,1,30,0,144,512,80,48,0,66,-194,0,1,20,0,224,528,56,32,0,66,-194,0,0,100,0,0,416,112,64,0,136,-157,0,0,30,0,112,272,40,32,0,64,-189,0,0,100,0,352,288,112,80,0,64,-189,0,0,100,0,0,272,112,64,0,110,-154,0,0,30,0,192,176,32,32,0,116,-149,0,0,100,0,0,480,32,48,0,110,-154,0,0,30,0,192,208,64,64,0,134,-154,0,0,30,0,152,272,40,64,0,110,-154,0,0,100,0,64,208,64,64,0,69,-175,0,0,30,0,160,176,32,32,0,75,-170,0,0,100,0,0,480,32,48,0,69,-175,0,0,30,0,128,208,64,64,0,93,-175,0,0,30,0,152,272,40,64,0,69,-175,0,0,100,0,0,208,64,64,0,112,-181,0,0,100,0,112,304,40,32,0,79,-115,0,0,30,0,160,112,96,64,0,95,-139,0,0,30,0,256,112,80,64,0,15,-147,0,1,20,0,464,288,160,96,0,15,-147,0,0,100,0,224,368,160,96,0,15,-147,0,1,8,0,192,272,160,96,0,15,-147,0,0,100,0,0,112,160,96,0,24,-147,0,0,30,0,144,0,144,112,0,24,-147,0,0,100,0,0,0,144,112,0,0,-256,0,0,100,0,808,488,192,256,0,
0,58,85,-115,0,0,100,0,0,528,32,48,0,113,-129,0,0,100,0,0,528,32,48,0,85,-99,0,0,30,0,64,480,32,32,0,113,-113,0,0,30,0,64,480,32,32,0,23,-143,0,0,100,0,400,144,48,48,0,27,-113,0,0,90,0,288,0,32,16,0,53,-156,0,0,100,0,400,192,48,48,0,57,-126,0,0,90,0,288,0,32,16,0,8,-250,0,1,10,0,0,672,160,128,0,8,-218,0,1,20,0,0,808,176,184,0,14,-161,0,0,100,0,32,480,32,32,0,28,-165,0,0,100,0,32,480,32,32,0,38,-182,1,0,100,0,0,480,32,48,0,52,-175,0,0,100,0,32,480,32,32,0,39,-212,0,1,90,0,80,608,32,32,0,48,-138,0,0,30,0,80,640,16,32,0,13,-202,0,0,100,0,0,576,80,96,0,66,-194,0,0,30,0,112,416,112,64,0,66,-194,0,1,20,0,144,560,112,64,0,66,-194,0,0,100,0,32,512,112,64,0,119,-180,0,0,100,0,352,240,48,48,0,126,-152,0,0,90,0,320,0,32,16,0,99,-230,0,0,30,0,128,336,64,80,0,99,-230,0,1,15,0,224,464,40,64,0,99,-230,0,0,100,0,64,336,64,80,0,72,-205,0,0,100,0,352,96,48,48,0,77,-173,0,0,90,0,288,0,32,16,0,99,-198,0,0,30,0,192,368,32,48,0,66,-194,0,0,30,0,112,480,48,32,0,99,-230,0,0,100,0,0,336,64,80,0,82,-194,0,1,30,0,144,512,80,48,0,66,-194,0,1,20,0,224,528,56,32,0,66,-194,0,0,100,0,0,416,112,64,0,136,-157,0,0,30,0,112,272,40,32,0,64,-189,0,0,100,0,352,288,112,80,0,64,-189,0,0,100,0,0,272,112,64,0,110,-154,0,0,30,0,192,176,32,32,0,116,-149,0,0,100,0,0,480,32,48,0,110,-154,0,0,30,0,192,208,64,64,0,134,-154,0,0,30,0,152,272,40,64,0,110,-154,0,0,100,0,64,208,64,64,0,69,-175,0,0,30,0,160,176,32,32,0,75,-170,0,0,100,0,0,480,32,48,0,69,-175,0,0,30,0,128,208,64,64,0,85,-150,0,0,100,0,688,0,48,48,0,94,-120,0,0,30,0,288,0,32,16,0,93,-175,0,0,30,0,152,272,40,64,0,69,-175,0,0,100,0,0,208,64,64,0,112,-181,0,0,100,0,112,304,40,32,0,79,-115,0,0,30,0,160,112,96,64,0,95,-139,0,0,30,0,256,112,80,64,0,15,-147,0,1,20,0,464,288,160,96,0,15,-147,0,0,100,0,224,368,160,96,0,15,-147,0,1,8,0,192,272,160,96,0,15,-147,0,0,100,0,0,112,160,96,0,24,-147,0,0,30,0,144,0,144,112,0,24,-147,0,0,100,0,0,0,144,112,0,0,-256,0,0,100,0,808,488,192,256,0,
0,58,85,-115,0,0,100,0,0,528,32,48,0,113,-129,0,0,100,0,0,528,32,48,0,85,-99,0,0,30,0,64,480,32,32,0,113,-113,0,0,30,0,64,480,32,32,0,23,-143,0,0,100,0,400,144,48,48,0,27,-113,0,0,90,0,288,0,32,16,0,53,-156,0,0,100,0,400,192,48,48,0,57,-126,0,0,90,0,288,0,32,16,0,8,-250,0,1,20,0,0,672,160,128,0,8,-218,0,1,25,0,0,808,176,184,0,14,-161,0,0,100,0,32,480,32,32,0,28,-165,0,0,100,0,32,480,32,32,0,38,-182,1,0,100,0,0,480,32,48,0,52,-175,0,0,100,0,32,480,32,32,0,39,-212,0,1,90,0,112,608,32,32,0,48,-138,0,0,30,0,80,640,16,32,0,13,-202,0,0,100,0,0,576,80,96,0,66,-194,0,0,30,0,112,416,112,64,0,66,-194,0,1,20,0,144,560,112,64,0,66,-194,0,0,100,0,32,512,112,64,0,119,-180,0,0,100,0,400,240,48,48,0,126,-152,0,0,90,0,320,0,32,16,0,99,-230,0,0,30,0,128,336,64,80,0,99,-230,0,1,15,0,224,464,40,64,0,99,-230,0,0,100,0,64,336,64,80,0,72,-205,0,0,100,0,352,96,48,48,0,77,-173,0,0,90,0,288,0,32,16,0,99,-198,0,0,30,0,192,368,32,48,0,66,-194,0,0,30,0,112,480,48,32,0,99,-230,0,0,100,0,0,336,64,80,0,82,-194,0,1,30,0,144,512,80,48,0,66,-194,0,1,20,0,224,528,56,32,0,66,-194,0,0,100,0,0,416,112,64,0,136,-157,0,0,30,0,112,272,40,32,0,64,-189,0,0,100,0,352,288,112,80,0,64,-189,0,0,100,0,0,272,112,64,0,110,-154,0,0,30,0,192,176,32,32,0,116,-149,0,0,100,0,0,480,32,48,0,110,-154,0,0,30,0,192,208,64,64,0,134,-154,0,0,30,0,152,272,40,64,0,110,-154,0,0,100,0,64,208,64,64,0,69,-175,0,0,30,0,160,176,32,32,0,75,-170,0,0,100,0,0,480,32,48,0,69,-175,0,0,30,0,128,208,64,64,0,87,-151,0,0,100,0,736,0,48,48,0,96,-121,0,0,30,0,288,0,32,16,0,93,-175,0,0,30,0,152,272,40,64,0,69,-175,0,0,100,0,0,208,64,64,0,112,-181,0,0,100,0,112,304,40,32,0,79,-115,0,0,30,0,160,112,96,64,0,95,-139,0,0,30,0,256,112,80,64,0,15,-147,0,1,20,0,464,288,160,96,0,15,-147,0,0,100,0,224,368,160,96,0,15,-147,0,1,8,0,192,272,160,96,0,15,-147,0,0,100,0,0,112,160,96,0,24,-147,0,0,30,0,144,0,144,112,0,24,-147,0,0,100,0,0,0,144,112,0,0,-256,0,0,100,0,808,488,192,256,0,
0,58,85,-115,0,0,100,0,0,528,32,48,0,113,-129,0,0,100,0,0,528,32,48,0,85,-99,0,0,30,0,64,480,32,32,0,113,-113,0,0,30,0,64,480,32,32,0,23,-143,0,0,100,0,400,144,48,48,0,27,-113,0,0,90,0,288,0,32,16,0,53,-156,0,0,100,0,400,192,48,48,0,57,-126,0,0,90,0,288,0,32,16,0,8,-250,0,1,30,0,0,672,160,128,0,8,-218,0,1,30,0,0,808,176,184,0,14,-161,0,0,100,0,32,480,32,32,0,28,-165,0,0,100,0,32,480,32,32,0,38,-182,1,0,100,0,0,480,32,48,0,52,-175,0,0,100,0,32,480,32,32,0,39,-212,0,1,90,0,80,576,32,32,0,48,-138,0,0,30,0,80,640,16,32,0,13,-202,0,0,100,0,0,576,80,96,0,66,-194,0,0,30,0,112,416,112,64,0,66,-194,0,1,20,0,144,560,112,64,0,66,-194,0,0,100,0,32,512,112,64,0,119,-180,0,0,100,0,352,240,48,48,0,126,-152,0,0,90,0,320,0,32,16,0,99,-230,0,0,30,0,128,336,64,80,0,99,-230,0,1,15,0,224,464,40,64,0,99,-230,0,0,100,0,64,336,64,80,0,72,-205,0,0,100,0,352,96,48,48,0,77,-173,0,0,90,0,288,0,32,16,0,99,-198,0,0,30,0,192,368,32,48,0,66,-194,0,0,30,0,112,480,48,32,0,99,-230,0,0,100,0,0,336,64,80,0,82,-194,0,1,30,0,144,512,80,48,0,66,-194,0,1,20,0,224,528,56,32,0,66,-194,0,0,100,0,0,416,112,64,0,136,-157,0,0,30,0,112,272,40,32,0,64,-189,0,0,100,0,352,288,112,80,0,64,-189,0,0,100,0,0,272,112,64,0,110,-154,0,0,30,0,192,176,32,32,0,116,-149,0,0,100,0,0,480,32,48,0,110,-154,0,0,30,0,192,208,64,64,0,134,-154,0,0,30,0,152,272,40,64,0,110,-154,0,0,100,0,64,208,64,64,0,69,-175,0,0,30,0,160,176,32,32,0,75,-170,0,0,100,0,0,480,32,48,0,69,-175,0,0,30,0,128,208,64,64,0,89,-152,0,0,100,0,688,0,48,48,0,98,-122,0,0,30,0,288,0,32,16,0,93,-175,0,0,30,0,152,272,40,64,0,69,-175,0,0,100,0,0,208,64,64,0,112,-181,0,0,100,0,112,304,40,32,0,79,-115,0,0,30,0,160,112,96,64,0,95,-139,0,0,30,0,256,112,80,64,0,15,-147,0,1,20,0,464,288,160,96,0,15,-147,0,0,100,0,224,368,160,96,0,15,-147,0,1,8,0,192,272,160,96,0,15,-147,0,0,100,0,0,112,160,96,0,24,-147,0,0,30,0,144,0,144,112,0,24,-147,0,0,100,0,0,0,144,112,0,0,-256,0,0,100,0,808,488,192,256,0,
0,58,85,-115,0,0,100,0,0,528,32,48,0,113,-129,0,0,100,0,0,528,32,48,0,85,-99,0,0,30,0,64,480,32,32,0,113,-113,0,0,30,0,64,480,32,32,0,23,-143,0,0,100,0,400,144,48,48,0,27,-113,0,0,90,0,288,0,32,16,0,53,-156,0,0,100,0,400,192,48,48,0,57,-126,0,0,90,0,288,0,32,16,0,8,-250,0,1,20,0,0,672,160,128,0,8,-218,0,1,25,0,0,808,176,184,0,14,-161,0,0,100,0,32,480,32,32,0,28,-165,0,0,100,0,32,480,32,32,0,38,-182,1,0,100,0,0,480,32,48,0,52,-175,0,0,100,0,32,480,32,32,0,39,-212,0,1,90,0,112,576,32,32,0,48,-138,0,0,30,0,80,640,16,32,0,13,-202,0,0,100,0,0,576,80,96,0,66,-194,0,0,30,0,112,416,112,64,0,66,-194,0,1,20,0,144,560,112,64,0,66,-194,0,0,100,0,32,512,112,64,0,119,-180,0,0,100,0,400,240,48,48,0,126,-152,0,0,90,0,320,0,32,16,0,99,-230,0,0,30,0,128,336,64,80,0,99,-230,0,1,15,0,224,464,40,64,0,99,-230,0,0,100,0,64,336,64,80,0,72,-205,0,0,100,0,352,96,48,48,0,77,-173,0,0,90,0,288,0,32,16,0,99,-198,0,0,30,0,192,368,32,48,0,66,-194,0,0,30,0,112,480,48,32,0,99,-230,0,0,100,0,0,336,64,80,0,82,-194,0,1,30,0,144,512,80,48,0,66,-194,0,1,20,0,224,528,56,32,0,66,-194,0,0,100,0,0,416,112,64,0,136,-157,0,0,30,0,112,272,40,32,0,64,-189,0,0,100,0,352,288,112,80,0,64,-189,0,0,100,0,0,272,112,64,0,110,-154,0,0,30,0,192,176,32,32,0,116,-149,0,0,100,0,0,480,32,48,0,110,-154,0,0,30,0,192,208,64,64,0,134,-154,0,0,30,0,152,272,40,64,0,110,-154,0,0,100,0,64,208,64,64,0,69,-175,0,0,30,0,160,176,32,32,0,75,-170,0,0,100,0,0,480,32,48,0,69,-175,0,0,30,0,128,208,64,64,0,91,-153,0,0,100,0,784,0,48,48,0,100,-123,0,0,30,0,288,0,32,16,0,93,-175,0,0,30,0,152,272,40,64,0,69,-175,0,0,100,0,0,208,64,64,0,112,-181,0,0,100,0,112,304,40,32,0,79,-115,0,0,30,0,160,112,96,64,0,95,-139,0,0,30,0,256,112,80,64,0,15,-147,0,1,20,0,464,288,160,96,0,15,-147,0,0,100,0,224,368,160,96,0,15,-147,0,1,8,0,192,272,160,96,0,15,-147,0,0,100,0,0,112,160,96,0,24,-147,0,0,30,0,144,0,144,112,0,24,-147,0,0,100,0,0,0,144,112,0,0,-256,0,0,100,0,808,488,192,256,0,
0,58,85,-115,0,0,100,0,0,528,32,48,0,113,-129,0,0,100,0,0,528,32,48,0,85,-99,0,0,30,0,64,480,32,32,0,113,-113,0,0,30,0,64,480,32,32,0,23,-143,0,0,100,0,400,144,48,48,0,27,-113,0,0,90,0,288,0,32,16,0,53,-156,0,0,100,0,400,192,48,48,0,57,-126,0,0,90,0,288,0,32,16,0,8,-250,0,1,10,0,0,672,160,128,0,8,-218,0,1,20,0,0,808,176,184,0,14,-161,0,0,100,0,32,480,32,32,0,28,-165,0,0,100,0,32,480,32,32,0,38,-182,1,0,100,0,0,480,32,48,0,52,-175,0,0,100,0,32,480,32,32,0,39,-212,0,1,90,0,80,608,32,32,0,48,-138,0,0,30,0,80,640,16,32,0,13,-202,0,0,100,0,0,576,80,96,0,66,-194,0,0,30,0,112,416,112,64,0,66,-194,0,1,20,0,144,560,112,64,0,66,-194,0,0,100,0,32,512,112,64,0,119,-180,0,0,100,0,352,240,48,48,0,126,-152,0,0,90,0,320,0,32,16,0,99,-230,0,0,30,0,128,336,64,80,0,99,-230,0,1,15,0,224,464,40,64,0,99,-230,0,0,100,0,64,336,64,80,0,72,-205,0,0,100,0,352,96,48,48,0,77,-173,0,0,90,0,288,0,32,16,0,99,-198,0,0,30,0,192,368,32,48,0,66,-194,0,0,30,0,112,480,48,32,0,99,-230,0,0,100,0,0,336,64,80,0,82,-194,0,1,30,0,144,512,80,48,0,66,-194,0,1,20,0,224,528,56,32,0,66,-194,0,0,100,0,0,416,112,64,0,136,-157,0,0,30,0,112,272,40,32,0,64,-189,0,0,100,0,352,288,112,80,0,64,-189,0,0,100,0,0,272,112,64,0,110,-154,0,0,30,0,192,176,32,32,0,116,-149,0,0,100,0,0,480,32,48,0,110,-154,0,0,30,0,192,208,64,64,0,134,-154,0,0,30,0,152,272,40,64,0,110,-154,0,0,100,0,64,208,64,64,0,69,-175,0,0,30,0,160,176,32,32,0,75,-170,0,0,100,0,0,480,32,48,0,69,-175,0,0,30,0,128,208,64,64,0,93,-154,0,0,100,0,688,0,48,48,0,102,-124,0,0,30,0,288,0,32,16,0,93,-175,0,0,30,0,152,272,40,64,0,69,-175,0,0,100,0,0,208,64,64,0,112,-181,0,0,100,0,112,304,40,32,0,79,-115,0,0,30,0,160,112,96,64,0,95,-139,0,0,30,0,256,112,80,64,0,15,-147,0,1,20,0,464,288,160,96,0,15,-147,0,0,100,0,224,368,160,96,0,15,-147,0,1,8,0,192,272,160,96,0,15,-147,0,0,100,0,0,112,160,96,0,24,-147,0,0,30,0,144,0,144,112,0,24,-147,0,0,100,0,0,0,144,112,0,0,-256,0,0,100,0,808,488,192,256,0,
0,58,85,-115,0,0,100,0,0,528,32,48,0,113,-129,0,0,100,0,0,528,32,48,0,85,-99,0,0,30,0,64,480,32,32,0,113,-113,0,0,30,0,64,480,32,32,0,23,-143,0,0,100,0,400,144,48,48,0,27,-113,0,0,90,0,288,0,32,16,0,53,-156,0,0,100,0,400,192,48,48,0,57,-126,0,0,90,0,288,0,32,16,0,8,-250,0,1,20,0,0,672,160,128,0,8,-218,0,1,25,0,0,808,176,184,0,14,-161,0,0,100,0,32,480,32,32,0,28,-165,0,0,100,0,32,480,32,32,0,38,-182,1,0,100,0,0,480,32,48,0,52,-175,0,0,100,0,32,480,32,32,0,39,-212,0,1,90,0,112,608,32,32,0,48,-138,0,0,30,0,80,640,16,32,0,13,-202,0,0,100,0,0,576,80,96,0,66,-194,0,0,30,0,112,416,112,64,0,66,-194,0,1,20,0,144,560,112,64,0,66,-194,0,0,100,0,32,512,112,64,0,119,-180,0,0,100,0,400,240,48,48,0,126,-152,0,0,90,0,320,0,32,16,0,99,-230,0,0,30,0,128,336,64,80,0,99,-230,0,1,15,0,224,464,40,64,0,99,-230,0,0,100,0,64,336,64,80,0,72,-205,0,0,100,0,352,96,48,48,0,77,-173,0,0,90,0,288,0,32,16,0,99,-198,0,0,30,0,192,368,32,48,0,66,-194,0,0,30,0,112,480,48,32,0,99,-230,0,0,100,0,0,336,64,80,0,82,-194,0,1,30,0,144,512,80,48,0,66,-194,0,1,20,0,224,528,56,32,0,66,-194,0,0,100,0,0,416,112,64,0,136,-157,0,0,30,0,112,272,40,32,0,64,-189,0,0,100,0,352,288,112,80,0,64,-189,0,0,100,0,0,272,112,64,0,110,-154,0,0,30,0,192,176,32,32,0,116,-149,0,0,100,0,0,480,32,48,0,110,-154,0,0,30,0,192,208,64,64,0,134,-154,0,0,30,0,152,272,40,64,0,110,-154,0,0,100,0,64,208,64,64,0,69,-175,0,0,30,0,160,176,32,32,0,75,-170,0,0,100,0,0,480,32,48,0,69,-175,0,0,30,0,128,208,64,64,0,95,-155,0,0,100,0,736,0,48,48,0,104,-125,0,0,30,0,288,0,32,16,0,93,-175,0,0,30,0,152,272,40,64,0,69,-175,0,0,100,0,0,208,64,64,0,112,-181,0,0,100,0,112,304,40,32,0,79,-115,0,0,30,0,160,112,96,64,0,95,-139,0,0,30,0,256,112,80,64,0,15,-147,0,1,20,0,464,288,160,96,0,15,-147,0,0,100,0,224,368,160,96,0,15,-147,0,1,8,0,192,272,160,96,0,15,-147,0,0,100,0,0,112,160,96,0,24,-147,0,0,30,0,144,0,144,112,0,24,-147,0,0,100,0,0,0,144,112,0,0,-256,0,0,100,0,808,488,192,256,0,
0,58,85,-115,0,0,100,0,0,528,32,48,0,113,-129,0,0,100,0,0,528,32,48,0,85,-99,0,0,30,0,64,480,32,32,0,113,-113,0,0,30,0,64,480,32,32,0,23,-143,0,0,100,0,400,144,48,48,0,27,-113,0,0,90,0,288,0,32,16,0,53,-156,0,0,100,0,400,192,48,48,0,57,-126,0,0,90,0,288,0,32,16,0,8,-250,0,1,30,0,0,672,160,128,0,8,-218,0,1,30,0,0,808,176,184,0,14,-161,0,0,100,0,32,480,32,32,0,28,-165,0,0,100,0,32,480,32,32,0,38,-182,1,0,100,0,0,480,32,48,0,52,-175,0,0,100,0,32,480,32,32,0,39,-212,0,1,90,0,80,576,32,32,0,48,-138,0,0,30,0,80,640,16,32,0,13,-202,0,0,100,0,0,576,80,96,0,66,-194,0,0,30,0,112,416,112,64,0,66,-194,0,1,20,0,144,560,112,64,0,66,-194,0,0,100,0,32,512,112,64,0,119,-180,0,0,100,0,352,240,48,48,0,126,-152,0,0,90,0,320,0,32,16,0,99,-230,0,0,30,0,128,336,64,80,0,99,-230,0,1,15,0,224,464,40,64,0,99,-230,0,0,100,0,64,336,64,80,0,72,-205,0,0,100,0,352,96,48,48,0,77,-173,0,0,90,0,288,0,32,16,0,99,-198,0,0,30,0,192,368,32,48,0,66,-194,0,0,30,0,112,480,48,32,0,99,-230,0,0,100,0,0,336,64,80,0,82,-194,0,1,30,0,144,512,80,48,0,66,-194,0,1,20,0,224,528,56,32,0,66,-194,0,0,100,0,0,416,112,64,0,136,-157,0,0,30,0,112,272,40,32,0,64,-189,0,0,100,0,352,288,112,80,0,64,-189,0,0,100,0,0,272,112,64,0,110,-154,0,0,30,0,192,176,32,32,0,116,-149,0,0,100,0,0,480,32,48,0,110,-154,0,0,30,0,192,208,64,64,0,134,-154,0,0,30,0,152,272,40,64,0,110,-154,0,0,100,0,64,208,64,64,0,69,-175,0,0,30,0,160,176,32,32,0,75,-170,0,0,100,0,0,480,32,48,0,69,-175,0,0,30,0,128,208,64,64,0,97,-156,0,0,100,0,688,0,48,48,0,106,-126,0,0,30,0,288,0,32,16,0,93,-175,0,0,30,0,152,272,40,64,0,69,-175,0,0,100,0,0,208,64,64,0,112,-181,0,0,100,0,112,304,40,32,0,79,-115,0,0,30,0,160,112,96,64,0,95,-139,0,0,30,0,256,112,80,64,0,15,-147,0,1,20,0,464,288,160,96,0,15,-147,0,0,100,0,224,368,160,96,0,15,-147,0,1,8,0,192,272,160,96,0,15,-147,0,0,100,0,0,112,160,96,0,24,-147,0,0,30,0,144,0,144,112,0,24,-147,0,0,100,0,0,0,144,112,0,0,-256,0,0,100,0,808,488,192,256,0,
0,58,85,-115,0,0,100,0,0,528,32,48,0,113,-129,0,0,100,0,0,528,32,48,0,85,-99,0,0,30,0,64,480,32,32,0,113,-113,0,0,30,0,64,480,32,32,0,23,-143,0,0,100,0,400,144,48,48,0,27,-113,0,0,90,0,288,0,32,16,0,53,-156,0,0,100,0,400,192,48,48,0,57,-126,0,0,90,0,288,0,32,16,0,8,-250,0,1,20,0,0,672,160,128,0,8,-218,0,1,25,0,0,808,176,184,0,14,-161,0,0,100,0,32,480,32,32,0,28,-165,0,0,100,0,32,480,32,32,0,38,-182,1,0,100,0,0,480,32,48,0,52,-175,0,0,100,0,32,480,32,32,0,39,-212,0,1,90,0,112,576,32,32,0,48,-138,0,0,30,0,80,640,16,32,0,13,-202,0,0,100,0,0,576,80,96,0,66,-194,0,0,30,0,112,416,112,64,0,66,-194,0,1,20,0,144,560,112,64,0,66,-194,0,0,100,0,32,512,112,64,0,119,-180,0,0,100,0,400,240,48,48,0,126,-152,0,0,90,0,320,0,32,16,0,99,-230,0,0,30,0,128,336,64,80,0,99,-230,0,1,15,0,224,464,40,64,0,99,-230,0,0,100,0,64,336,64,80,0,72,-205,0,0,100,0,352,96,48,48,0,77,-173,0,0,90,0,288,0,32,16,0,99,-198,0,0,30,0,192,368,32,48,0,66,-194,0,0,30,0,112,480,48,32,0,99,-230,0,0,100,0,0,336,64,80,0,82,-194,0,1,30,0,144,512,80,48,0,66,-194,0,1,20,0,224,528,56,32,0,66,-194,0,0,100,0,0,416,112,64,0,136,-157,0,0,30,0,112,272,40,32,0,64,-189,0,0,100,0,352,288,112,80,0,64,-189,0,0,100,0,0,272,112,64,0,110,-154,0,0,30,0,192,176,32,32,0,116,-149,0,0,100,0,0,480,32,48,0,110,-154,0,0,30,0,192,208,64,64,0,134,-154,0,0,30,0,152,272,40,64,0,110,-154,0,0,100,0,64,208,64,64,0,69,-175,0,0,30,0,160,176,32,32,0,75,-170,0,0,100,0,0,480,32,48,0,69,-175,0,0,30,0,128,208,64,64,0,99,-157,0,0,100,0,784,0,48,48,0,108,-127,0,0,30,0,288,0,32,16,0,93,-175,0,0,30,0,152,272,40,64,0,69,-175,0,0,100,0,0,208,64,64,0,112,-181,0,0,100,0,112,304,40,32,0,79,-115,0,0,30,0,160,112,96,64,0,95,-139,0,0,30,0,256,112,80,64,0,15,-147,0,1,20,0,464,288,160,96,0,15,-147,0,0,100,0,224,368,160,96,0,15,-147,0,1,8,0,192,272,160,96,0,15,-147,0,0,100,0,0,112,160,96,0,24,-147,0,0,30,0,144,0,144,112,0,24,-147,0,0,100,0,0,0,144,112,0,0,-256,0,0,100,0,808,488,192,256,0,
0,58,85,-115,0,0,100,0,0,528,32,48,0,113,-129,0,0,100,0,0,528,32,48,0,85,-99,0,0,30,0,64,480,32,32,0,113,-113,0,0,30,0,64,480,32,32,0,23,-143,0,0,100,0,400,144,48,48,0,27,-113,0,0,90,0,288,0,32,16,0,53,-156,0,0,100,0,400,192,48,48,0,57,-126,0,0,90,0,288,0,32,16,0,8,-250,0,1,10,0,0,672,160,128,0,8,-218,0,1,20,0,0,808,176,184,0,14,-161,0,0,100,0,32,480,32,32,0,28,-165,0,0,100,0,32,480,32,32,0,38,-182,1,0,100,0,0,480,32,48,0,52,-175,0,0,100,0,32,480,32,32,0,39,-212,0,1,90,0,80,608,32,32,0,48,-138,0,0,30,0,80,640,16,32,0,13,-202,0,0,100,0,0,576,80,96,0,66,-194,0,0,30,0,112,416,112,64,0,66,-194,0,1,20,0,144,560,112,64,0,66,-194,0,0,100,0,32,512,112,64,0,119,-180,0,0,100,0,352,240,48,48,0,126,-152,0,0,90,0,320,0,32,16,0,99,-230,0,0,30,0,128,336,64,80,0,99,-230,0,1,15,0,224,464,40,64,0,99,-230,0,0,100,0,64,336,64,80,0,72,-205,0,0,100,0,352,96,48,48,0,77,-173,0,0,90,0,288,0,32,16,0,99,-198,0,0,30,0,192,368,32,48,0,66,-194,0,0,30,0,112,480,48,32,0,99,-230,0,0,100,0,0,336,64,80,0,82,-194,0,1,30,0,144,512,80,48,0,66,-194,0,1,20,0,224,528,56,32,0,66,-194,0,0,100,0,0,416,112,64,0,136,-157,0,0,30,0,112,272,40,32,0,64,-189,0,0,100,0,352,288,112,80,0,64,-189,0,0,100,0,0,272,112,64,0,110,-154,0,0,30,0,192,176,32,32,0,116,-149,0,0,100,0,0,480,32,48,0,110,-154,0,0,30,0,192,208,64,64,0,134,-154,0,0,30,0,152,272,40,64,0,110,-154,0,0,100,0,64,208,64,64,0,69,-175,0,0,30,0,160,176,32,32,0,75,-170,0,0,100,0,0,480,32,48,0,69,-175,0,0,30,0,128,208,64,64,0,101,-158,0,0,100,0,688,0,48,48,0,110,-128,0,0,30,0,288,0,32,16,0,93,-175,0,0,30,0,152,272,40,64,0,69,-175,0,0,100,0,0,208,64,64,0,112,-181,0,0,100,0,112,304,40,32,0,79,-115,0,0,30,0,160,112,96,64,0,95,-139,0,0,30,0,256,112,80,64,0,15,-147,0,1,20,0,464,288,160,96,0,15,-147,0,0,100,0,224,368,160,96,0,15,-147,0,1,8,0,192,272,160,96,0,15,-147,0,0,100,0,0,112,160,96,0,24,-147,0,0,30,0,144,0,144,112,0,24,-147,0,0,100,0,0,0,144,112,0,0,-256,0,0,100,0,808,488,192,256,0,
0,58,85,-115,0,0,100,0,0,528,32,48,0,113,-129,0,0,100,0,0,528,32,48,0,85,-99,0,0,30,0,64,480,32,32,0,113,-113,0,0,30,0,64,480,32,32,0,23,-143,0,0,100,0,400,144,48,48,0,27,-113,0,0,90,0,288,0,32,16,0,53,-156,0,0,100,0,400,192,48,48,0,57,-126,0,0,90,0,288,0,32,16,0,8,-250,0,1,20,0,0,672,160,128,0,8,-218,0,1,25,0,0,808,176,184,0,14,-161,0,0,100,0,32,480,32,32,0,28,-165,0,0,100,0,32,480,32,32,0,38,-182,1,0,100,0,0,480,32,48,0,52,-175,0,0,100,0,32,480,32,32,0,39,-212,0,1,90,0,112,608,32,32,0,48,-138,0,0,30,0,80,640,16,32,0,13,-202,0,0,100,0,0,576,80,96,0,66,-194,0,0,30,0,112,416,112,64,0,66,-194,0,1,20,0,144,560,112,64,0,66,-194,0,0,100,0,32,512,112,64,0,119,-180,0,0,100,0,400,240,48,48,0,126,-152,0,0,90,0,320,0,32,16,0,99,-230,0,0,30,0,128,336,64,80,0,99,-230,0,1,15,0,224,464,40,64,0,99,-230,0,0,100,0,64,336,64,80,0,72,-205,0,0,100,0,352,96,48,48,0,77,-173,0,0,90,0,288,0,32,16,0,99,-198,0,0,30,0,192,368,32,48,0,66,-194,0,0,30,0,112,480,48,32,0,99,-230,0,0,100,0,0,336,64,80,0,82,-194,0,1,30,0,144,512,80,48,0,66,-194,0,1,20,0,224,528,56,32,0,66,-194,0,0,100,0,0,416,112,64,0,136,-157,0,0,30,0,112,272,40,32,0,64,-189,0,0,100,0,352,288,112,80,0,64,-189,0,0,100,0,0,272,112,64,0,110,-154,0,0,30,0,192,176,32,32,0,116,-149,0,0,100,0,0,480,32,48,0,110,-154,0,0,30,0,192,208,64,64,0,134,-154,0,0,30,0,152,272,40,64,0,110,-154,0,0,100,0,64,208,64,64,0,69,-175,0,0,30,0,160,176,32,32,0,75,-170,0,0,100,0,0,480,32,48,0,69,-175,0,0,30,0,128,208,64,64,0,103,-159,0,0,100,0,736,0,48,48,0,112,-129,0,0,30,0,288,0,32,16,0,93,-175,0,0,30,0,152,272,40,64,0,69,-175,0,0,100,0,0,208,64,64,0,112,-181,0,0,100,0,112,304,40,32,0,79,-115,0,0,30,0,160,112,96,64,0,95,-139,0,0,30,0,256,112,80,64,0,15,-147,0,1,20,0,464,288,160,96,0,15,-147,0,0,100,0,224,368,160,96,0,15,-147,0,1,8,0,192,272,160,96,0,15,-147,0,0,100,0,0,112,160,96,0,24,-147,0,0,30,0,144,0,144,112,0,24,-147,0,0,100,0,0,0,144,112,0,0,-256,0,0,100,0,808,488,192,256,0,
0,56,85,-115,0,0,100,0,0,528,32,48,0,113,-129,0,0,100,0,0,528,32,48,0,85,-99,0,0,30,0,64,480,32,32,0,113,-113,0,0,30,0,64,480,32,32,0,23,-143,0,0,100,0,400,144,48,48,0,27,-113,0,0,90,0,288,0,32,16,0,53,-156,0,0,100,0,400,192,48,48,0,57,-126,0,0,90,0,288,0,32,16,0,8,-250,0,1,30,0,0,672,160,128,0,8,-218,0,1,30,0,0,808,176,184,0,14,-161,0,0,100,0,32,480,32,32,0,28,-165,0,0,100,0,32,480,32,32,0,38,-182,1,0,100,0,0,480,32,48,0,52,-175,0,0,100,0,32,480,32,32,0,39,-212,0,1,90,0,80,576,32,32,0,48,-138,0,0,30,0,80,640,16,32,0,13,-202,0,0,100,0,0,576,80,96,0,66,-194,0,0,30,0,112,416,112,64,0,66,-194,0,1,20,0,144,560,112,64,0,66,-194,0,0,100,0,32,512,112,64,0,119,-180,0,0,100,0,352,240,48,48,0,126,-152,0,0,90,0,320,0,32,16,0,99,-230,0,0,30,0,128,336,64,80,0,99,-230,0,1,15,0,224,464,40,64,0,99,-230,0,0,100,0,64,336,64,80,0,72,-205,0,0,100,0,352,96,48,48,0,77,-173,0,0,90,0,288,0,32,16,0,99,-198,0,0,30,0,192,368,32,48,0,66,-194,0,0,30,0,112,480,48,32,0,99,-230,0,0,100,0,0,336,64,80,0,82,-194,0,1,30,0,144,512,80,48,0,66,-194,0,1,20,0,224,528,56,32,0,66,-194,0,0,100,0,0,416,112,64,0,136,-157,0,0,30,0,112,272,40,32,0,64,-189,0,0,100,0,352,288,112,80,0,64,-189,0,0,100,0,0,272,112,64,0,110,-154,0,0,30,0,192,176,32,32,0,116,-149,0,0,100,0,0,480,32,48,0,110,-154,0,0,30,0,192,208,64,64,0,134,-154,0,0,30,0,152,272,40,64,0,110,-154,0,0,100,0,64,208,64,64,0,69,-175,0,0,30,0,160,176,32,32,0,75,-170,0,0,100,0,0,480,32,48,0,69,-175,0,0,30,0,128,208,64,64,0,93,-175,0,0,30,0,152,272,40,64,0,69,-175,0,0,100,0,0,208,64,64,0,112,-181,0,0,100,0,112,304,40,32,0,79,-115,0,0,30,0,160,112,96,64,0,95,-139,0,0,30,0,256,112,80,64,0,15,-147,0,1,20,0,464,288,160,96,0,15,-147,0,0,100,0,224,368,160,96,0,15,-147,0,1,8,0,192,272,160,96,0,15,-147,0,0,100,0,0,112,160,96,0,24,-147,0,0,30,0,144,0,144,112,0,24,-147,0,0,100,0,0,0,144,112,0,0,-256,0,0,100,0,808,488,192,256,0,
0,56,85,-115,0,0,100,0,0,528,32,48,0,113,-129,0,0,100,0,0,528,32,48,0,85,-99,0,0,30,0,64,480,32,32,0,113,-113,0,0,30,0,64,480,32,32,0,23,-143,0,0,100,0,400,144,48,48,0,27,-113,0,0,90,0,288,0,32,16,0,53,-156,0,0,100,0,400,192,48,48,0,57,-126,0,0,90,0,288,0,32,16,0,8,-250,0,1,20,0,0,672,160,128,0,8,-218,0,1,25,0,0,808,176,184,0,14,-161,0,0,100,0,32,480,32,32,0,28,-165,0,0,100,0,32,480,32,32,0,38,-182,1,0,100,0,0,480,32,48,0,52,-175,0,0,100,0,32,480,32,32,0,39,-212,0,1,90,0,112,576,32,32,0,48,-138,0,0,30,0,80,640,16,32,0,13,-202,0,0,100,0,0,576,80,96,0,66,-194,0,0,30,0,112,416,112,64,0,66,-194,0,1,20,0,144,560,112,64,0,66,-194,0,0,100,0,32,512,112,64,0,119,-180,0,0,100,0,400,240,48,48,0,126,-152,0,0,90,0,320,0,32,16,0,99,-230,0,0,30,0,128,336,64,80,0,99,-230,0,1,15,0,224,464,40,64,0,99,-230,0,0,100,0,64,336,64,80,0,72,-205,0,0,100,0,352,96,48,48,0,77,-173,0,0,90,0,288,0,32,16,0,99,-198,0,0,30,0,192,368,32,48,0,66,-194,0,0,30,0,112,480,48,32,0,99,-230,0,0,100,0,0,336,64,80,0,82,-194,0,1,30,0,144,512,80,48,0,66,-194,0,1,20,0,224,528,56,32,0,66,-194,0,0,100,0,0,416,112,64,0,136,-157,0,0,30,0,112,272,40,32,0,64,-189,0,0,100,0,352,288,112,80,0,64,-189,0,0,100,0,0,272,112,64,0,110,-154,0,0,30,0,192,176,32,32,0,116,-149,0,0,100,0,0,480,32,48,0,110,-154,0,0,30,0,192,208,64,64,0,134,-154,0,0,30,0,152,272,40,64,0,110,-154,0,0,100,0,64,208,64,64,0,69,-175,0,0,30,0,160,176,32,32,0,75,-170,0,0,100,0,0,480,32,48,0,69,-175,0,0,30,0,128,208,64,64,0,93,-175,0,0,30,0,152,272,40,64,0,69,-175,0,0,100,0,0,208,64,64,0,112,-181,0,0,100,0,112,304,40,32,0,79,-115,0,0,30,0,160,112,96,64,0,95,-139,0,0,30,0,256,112,80,64,0,15,-147,0,1,20,0,464,288,160,96,0,15,-147,0,0,100,0,224,368,160,96,0,15,-147,0,1,8,0,192,272,160,96,0,15,-147,0,0,100,0,0,112,160,96,0,24,-147,0,0,30,0,144,0,144,112,0,24,-147,0,0,100,0,0,0,144,112,0,0,-256,0,0,100,0,808,488,192,256,0,
0,56,85,-115,0,0,100,0,0,528,32,48,0,113,-129,0,0,100,0,0,528,32,48,0,85,-99,0,0,30,0,64,480,32,32,0,113,-113,0,0,30,0,64,480,32,32,0,23,-143,0,0,100,0,400,144,48,48,0,27,-113,0,0,90,0,288,0,32,16,0,53,-156,0,0,100,0,400,192,48,48,0,57,-126,0,0,90,0,288,0,32,16,0,8,-250,0,1,10,0,0,672,160,128,0,8,-218,0,1,20,0,0,808,176,184,0,14,-161,0,0,100,0,32,480,32,32,0,28,-165,0,0,100,0,32,480,32,32,0,38,-182,1,0,100,0,0,480,32,48,0,52,-175,0,0,100,0,32,480,32,32,0,39,-212,0,1,90,0,80,608,32,32,0,48,-138,0,0,30,0,80,640,16,32,0,13,-202,0,0,100,0,0,576,80,96,0,66,-194,0,0,30,0,112,416,112,64,0,66,-194,0,1,20,0,144,560,112,64,0,66,-194,0,0,100,0,32,512,112,64,0,119,-180,0,0,100,0,352,240,48,48,0,126,-152,0,0,90,0,320,0,32,16,0,99,-230,0,0,30,0,128,336,64,80,0,99,-230,0,1,15,0,224,464,40,64,0,99,-230,0,0,100,0,64,336,64,80,0,72,-205,0,0,100,0,352,96,48,48,0,77,-173,0,0,90,0,288,0,32,16,0,99,-198,0,0,30,0,192,368,32,48,0,66,-194,0,0,30,0,112,480,48,32,0,99,-230,0,0,100,0,0,336,64,80,0,82,-194,0,1,30,0,144,512,80,48,0,66,-194,0,1,20,0,224,528,56,32,0,66,-194,0,0,100,0,0,416,112,64,0,136,-157,0,0,30,0,112,272,40,32,0,64,-189,0,0,100,0,352,288,112,80,0,64,-189,0,0,100,0,0,272,112,64,0,110,-154,0,0,30,0,192,176,32,32,0,116,-149,0,0,100,0,0,480,32,48,0,110,-154,0,0,30,0,192,208,64,64,0,134,-154,0,0,30,0,152,272,40,64,0,110,-154,0,0,100,0,64,208,64,64,0,69,-175,0,0,30,0,160,176,32,32,0,75,-170,0,0,100,0,0,480,32,48,0,69,-175,0,0,30,0,128,208,64,64,0,93,-175,0,0,30,0,152,272,40,64,0,69,-175,0,0,100,0,0,208,64,64,0,112,-181,0,0,100,0,112,304,40,32,0,79,-115,0,0,30,0,160,112,96,64,0,95,-139,0,0,30,0,256,112,80,64,0,15,-147,0,1,20,0,464,288,160,96,0,15,-147,0,0,100,0,224,368,160,96,0,15,-147,0,1,8,0,192,272,160,96,0,15,-147,0,0,100,0,0,112,160,96,0,24,-147,0,0,30,0,144,0,144,112,0,24,-147,0,0,100,0,0,0,144,112,0,0,-256,0,0,100,0,808,488,192,256,0,
0,56,85,-115,0,0,100,0,0,528,32,48,0,113,-129,0,0,100,0,0,528,32,48,0,85,-99,0,0,30,0,64,480,32,32,0,113,-113,0,0,30,0,64,480,32,32,0,23,-143,0,0,100,0,400,144,48,48,0,27,-113,0,0,90,0,288,0,32,16,0,53,-156,0,0,100,0,400,192,48,48,0,57,-126,0,0,90,0,288,0,32,16,0,8,-250,0,1,20,0,0,672,160,128,0,8,-218,0,1,25,0,0,808,176,184,0,14,-161,0,0,100,0,32,480,32,32,0,28,-165,0,0,100,0,32,480,32,32,0,38,-182,1,0,100,0,0,480,32,48,0,52,-175,0,0,100,0,32,480,32,32,0,39,-212,0,1,90,0,112,608,32,32,0,48,-138,0,0,30,0,80,640,16,32,0,13,-202,0,0,100,0,0,576,80,96,0,66,-194,0,0,30,0,112,416,112,64,0,66,-194,0,1,20,0,144,560,112,64,0,66,-194,0,0,100,0,32,512,112,64,0,119,-180,0,0,100,0,400,240,48,48,0,126,-152,0,0,90,0,320,0,32,16,0,99,-230,0,0,30,0,128,336,64,80,0,99,-230,0,1,15,0,224,464,40,64,0,99,-230,0,0,100,0,64,336,64,80,0,72,-205,0,0,100,0,352,96,48,48,0,77,-173,0,0,90,0,288,0,32,16,0,99,-198,0,0,30,0,192,368,32,48,0,66,-194,0,0,30,0,112,480,48,32,0,99,-230,0,0,100,0,0,336,64,80,0,82,-194,0,1,30,0,144,512,80,48,0,66,-194,0,1,20,0,224,528,56,32,0,66,-194,0,0,100,0,0,416,112,64,0,136,-157,0,0,30,0,112,272,40,32,0,64,-189,0,0,100,0,352,288,112,80,0,64,-189,0,0,100,0,0,272,112,64,0,110,-154,0,0,30,0,192,176,32,32,0,116,-149,0,0,100,0,0,480,32,48,0,110,-154,0,0,30,0,192,208,64,64,0,134,-154,0,0,30,0,152,272,40,64,0,110,-154,0,0,100,0,64,208,64,64,0,69,-175,0,0,30,0,160,176,32,32,0,75,-170,0,0,100,0,0,480,32,48,0,69,-175,0,0,30,0,128,208,64,64,0,93,-175,0,0,30,0,152,272,40,64,0,69,-175,0,0,100,0,0,208,64,64,0,112,-181,0,0,100,0,112,304,40,32,0,79,-115,0,0,30,0,160,112,96,64,0,95,-139,0,0,30,0,256,112,80,64,0,15,-147,0,1,20,0,464,288,160,96,0,15,-147,0,0,100,0,224,368,160,96,0,15,-147,0,1,8,0,192,272,160,96,0,15,-147,0,0,100,0,0,112,160,96,0,24,-147,0,0,30,0,144,0,144,112,0,24,-147,0,0,100,0,0,0,144,112,0,0,-256,0,0,100,0,808,488,192,256,0,
0,58,85,-115,0,0,100,0,0,528,32,48,0,113,-129,0,0,100,0,0,528,32,48,0,85,-99,0,0,30,0,64,480,32,32,0,113,-113,0,0,30,0,64,480,32,32,0,23,-143,0,0,100,0,400,144,48,48,0,27,-113,0,0,90,0,288,0,32,16,0,53,-156,0,0,100,0,400,192,48,48,0,57,-126,0,0,90,0,288,0,32,16,0,8,-250,0,1,30,0,0,672,160,128,0,8,-218,0,1,30,0,0,808,176,184,0,14,-161,0,0,100,0,32,480,32,32,0,28,-165,0,0,100,0,32,480,32,32,0,38,-182,1,0,100,0,0,480,32,48,0,52,-175,0,0,100,0,32,480,32,32,0,39,-212,0,1,90,0,80,576,32,32,0,48,-138,0,0,30,0,80,640,16,32,0,13,-202,0,0,100,0,0,576,80,96,0,66,-194,0,0,30,0,112,416,112,64,0,66,-194,0,1,20,0,144,560,112,64,0,66,-194,0,0,100,0,32,512,112,64,0,119,-180,0,0,100,0,352,240,48,48,0,126,-152,0,0,90,0,320,0,32,16,0,99,-230,0,0,30,0,128,336,64,80,0,99,-230,0,1,15,0,224,464,40,64,0,99,-230,0,0,100,0,64,336,64,80,0,72,-205,0,0,100,0,352,96,48,48,0,77,-173,0,0,90,0,288,0,32,16,0,99,-198,0,0,30,0,192,368,32,48,0,66,-194,0,0,30,0,112,480,48,32,0,99,-230,0,0,100,0,0,336,64,80,0,82,-194,0,1,30,0,144,512,80,48,0,66,-194,0,1,20,0,224,528,56,32,0,66,-194,0,0,100,0,0,416,112,64,0,136,-157,0,0,30,0,112,272,40,32,0,64,-189,0,0,100,0,352,288,112,80,0,64,-189,0,0,100,0,0,272,112,64,0,110,-154,0,0,30,0,192,176,32,32,0,116,-149,0,0,100,0,0,480,32,48,0,110,-154,0,0,30,0,192,208,64,64,0,134,-154,0,0,30,0,152,272,40,64,0,110,-154,0,0,100,0,64,208,64,64,0,69,-175,0,0,30,0,160,176,32,32,0,75,-170,0,0,100,0,0,480,32,48,0,69,-175,0,0,30,0,128,208,64,64,0,93,-175,0,0,30,0,152,272,40,64,0,69,-175,0,0,100,0,0,208,64,64,0,123,-173,0,0,100,0,352,0,48,48,0,129,-143,0,0,30,0,288,0,32,16,0,112,-181,0,0,100,0,112,304,40,32,0,79,-115,0,0,30,0,160,112,96,64,0,95,-139,0,0,30,0,256,112,80,64,0,15,-147,0,1,20,0,464,288,160,96,0,15,-147,0,0,100,0,224,368,160,96,0,15,-147,0,1,8,0,192,272,160,96,0,15,-147,0,0,100,0,0,112,160,96,0,24,-147,0,0,30,0,144,0,144,112,0,24,-147,0,0,100,0,0,0,144,112,0,0,-256,0,0,100,0,808,488,192,256,0,
0,58,85,-115,0,0,100,0,0,528,32,48,0,113,-129,0,0,100,0,0,528,32,48,0,85,-99,0,0,30,0,64,480,32,32,0,113,-113,0,0,30,0,64,480,32,32,0,23,-143,0,0,100,0,400,144,48,48,0,27,-113,0,0,90,0,288,0,32,16,0,53,-156,0,0,100,0,400,192,48,48,0,57,-126,0,0,90,0,288,0,32,16,0,8,-250,0,1,20,0,0,672,160,128,0,8,-218,0,1,25,0,0,808,176,184,0,14,-161,0,0,100,0,32,480,32,32,0,28,-165,0,0,100,0,32,480,32,32,0,38,-182,1,0,100,0,0,480,32,48,0,52,-175,0,0,100,0,32,480,32,32,0,39,-212,0,1,90,0,112,576,32,32,0,48,-138,0,0,30,0,80,640,16,32,0,13,-202,0,0,100,0,0,576,80,96,0,66,-194,0,0,30,0,112,416,112,64,0,66,-194,0,1,20,0,144,560,112,64,0,66,-194,0,0,100,0,32,512,112,64,0,119,-180,0,0,100,0,400,240,48,48,0,126,-152,0,0,90,0,320,0,32,16,0,99,-230,0,0,30,0,128,336,64,80,0,99,-230,0,1,15,0,224,464,40,64,0,99,-230,0,0,100,0,64,336,64,80,0,72,-205,0,0,100,0,352,96,48,48,0,77,-173,0,0,90,0,288,0,32,16,0,99,-198,0,0,30,0,192,368,32,48,0,66,-194,0,0,30,0,112,480,48,32,0,99,-230,0,0,100,0,0,336,64,80,0,82,-194,0,1,30,0,144,512,80,48,0,66,-194,0,1,20,0,224,528,56,32,0,66,-194,0,0,100,0,0,416,112,64,0,136,-157,0,0,30,0,112,272,40,32,0,64,-189,0,0,100,0,352,288,112,80,0,64,-189,0,0,100,0,0,272,112,64,0,110,-154,0,0,30,0,192,176,32,32,0,116,-149,0,0,100,0,0,480,32,48,0,110,-154,0,0,30,0,192,208,64,64,0,134,-154,0,0,30,0,152,272,40,64,0,110,-154,0,0,100,0,64,208,64,64,0,69,-175,0,0,30,0,160,176,32,32,0,75,-170,0,0,100,0,0,480,32,48,0,69,-175,0,0,30,0,128,208,64,64,0,93,-175,0,0,30,0,152,272,40,64,0,69,-175,0,0,100,0,0,208,64,64,0,123,-174,0,0,100,0,832,0,48,48,0,129,-144,0,0,30,0,288,0,32,16,0,112,-181,0,0,100,0,112,304,40,32,0,79,-115,0,0,30,0,160,112,96,64,0,95,-139,0,0,30,0,256,112,80,64,0,15,-147,0,1,20,0,464,288,160,96,0,15,-147,0,0,100,0,224,368,160,96,0,15,-147,0,1,8,0,192,272,160,96,0,15,-147,0,0,100,0,0,112,160,96,0,24,-147,0,0,30,0,144,0,144,112,0,24,-147,0,0,100,0,0,0,144,112,0,0,-256,0,0,100,0,808,488,192,256,0,
0,58,85,-115,0,0,100,0,0,528,32,48,0,113,-129,0,0,100,0,0,528,32,48,0,85,-99,0,0,30,0,64,480,32,32,0,113,-113,0,0,30,0,64,480,32,32,0,23,-143,0,0,100,0,400,144,48,48,0,27,-113,0,0,90,0,288,0,32,16,0,53,-156,0,0,100,0,400,192,48,48,0,57,-126,0,0,90,0,288,0,32,16,0,8,-250,0,1,10,0,0,672,160,128,0,8,-218,0,1,20,0,0,808,176,184,0,14,-161,0,0,100,0,32,480,32,32,0,28,-165,0,0,100,0,32,480,32,32,0,38,-182,1,0,100,0,0,480,32,48,0,52,-175,0,0,100,0,32,480,32,32,0,39,-212,0,1,90,0,80,608,32,32,0,48,-138,0,0,30,0,80,640,16,32,0,13,-202,0,0,100,0,0,576,80,96,0,66,-194,0,0,30,0,112,416,112,64,0,66,-194,0,1,20,0,144,560,112,64,0,66,-194,0,0,100,0,32,512,112,64,0,119,-180,0,0,100,0,352,240,48,48,0,126,-152,0,0,90,0,320,0,32,16,0,99,-230,0,0,30,0,128,336,64,80,0,99,-230,0,1,15,0,224,464,40,64,0,99,-230,0,0,100,0,64,336,64,80,0,72,-205,0,0,100,0,352,96,48,48,0,77,-173,0,0,90,0,288,0,32,16,0,99,-198,0,0,30,0,192,368,32,48,0,66,-194,0,0,30,0,112,480,48,32,0,99,-230,0,0,100,0,0,336,64,80,0,82,-194,0,1,30,0,144,512,80,48,0,66,-194,0,1,20,0,224,528,56,32,0,66,-194,0,0,100,0,0,416,112,64,0,136,-157,0,0,30,0,112,272,40,32,0,64,-189,0,0,100,0,352,288,112,80,0,64,-189,0,0,100,0,0,272,112,64,0,110,-154,0,0,30,0,192,176,32,32,0,116,-149,0,0,100,0,0,480,32,48,0,110,-154,0,0,30,0,192,208,64,64,0,134,-154,0,0,30,0,152,272,40,64,0,110,-154,0,0,100,0,64,208,64,64,0,69,-175,0,0,30,0,160,176,32,32,0,75,-170,0,0,100,0,0,480,32,48,0,69,-175,0,0,30,0,128,208,64,64,0,93,-175,0,0,30,0,152,272,40,64,0,69,-175,0,0,100,0,0,208,64,64,0,122,-175,0,0,100,0,352,0,48,48,0,128,-145,0,0,30,0,288,0,32,16,0,112,-181,0,0,100,0,112,304,40,32,0,79,-115,0,0,30,0,160,112,96,64,0,95,-139,0,0,30,0,256,112,80,64,0,15,-147,0,1,20,0,464,288,160,96,0,15,-147,0,0,100,0,224,368,160,96,0,15,-147,0,1,8,0,192,272,160,96,0,15,-147,0,0,100,0,0,112,160,96,0,24,-147,0,0,30,0,144,0,144,112,0,24,-147,0,0,100,0,0,0,144,112,0,0,-256,0,0,100,0,808,488,192,256,0,
0,58,85,-115,0,0,100,0,0,528,32,48,0,113,-129,0,0,100,0,0,528,32,48,0,85,-99,0,0,30,0,64,480,32,32,0,113,-113,0,0,30,0,64,480,32,32,0,23,-143,0,0,100,0,400,144,48,48,0,27,-113,0,0,90,0,288,0,32,16,0,53,-156,0,0,100,0,400,192,48,48,0,57,-126,0,0,90,0,288,0,32,16,0,8,-250,0,1,20,0,0,672,160,128,0,8,-218,0,1,25,0,0,808,176,184,0,14,-161,0,0,100,0,32,480,32,32,0,28,-165,0,0,100,0,32,480,32,32,0,38,-182,1,0,100,0,0,480,32,48,0,52,-175,0,0,100,0,32,480,32,32,0,39,-212,0,1,90,0,112,608,32,32,0,48,-138,0,0,30,0,80,640,16,32,0,13,-202,0,0,100,0,0,576,80,96,0,66,-194,0,0,30,0,112,416,112,64,0,66,-194,0,1,20,0,144,560,112,64,0,66,-194,0,0,100,0,32,512,112,64,0,119,-180,0,0,100,0,400,240,48,48,0,126,-152,0,0,90,0,320,0,32,16,0,99,-230,0,0,30,0,128,336,64,80,0,99,-230,0,1,15,0,224,464,40,64,0,99,-230,0,0,100,0,64,336,64,80,0,72,-205,0,0,100,0,352,96,48,48,0,77,-173,0,0,90,0,288,0,32,16,0,99,-198,0,0,30,0,192,368,32,48,0,66,-194,0,0,30,0,112,480,48,32,0,99,-230,0,0,100,0,0,336,64,80,0,82,-194,0,1,30,0,144,512,80,48,0,66,-194,0,1,20,0,224,528,56,32,0,66,-194,0,0,100,0,0,416,112,64,0,136,-157,0,0,30,0,112,272,40,32,0,64,-189,0,0,100,0,352,288,112,80,0,64,-189,0,0,100,0,0,272,112,64,0,110,-154,0,0,30,0,192,176,32,32,0,116,-149,0,0,100,0,0,480,32,48,0,110,-154,0,0,30,0,192,208,64,64,0,134,-154,0,0,30,0,152,272,40,64,0,110,-154,0,0,100,0,64,208,64,64,0,69,-175,0,0,30,0,160,176,32,32,0,75,-170,0,0,100,0,0,480,32,48,0,69,-175,0,0,30,0,128,208,64,64,0,93,-175,0,0,30,0,152,272,40,64,0,69,-175,0,0,100,0,0,208,64,64,0,120,-178,0,0,100,0,880,0,48,48,0,126,-148,0,0,30,0,288,0,32,16,0,112,-181,0,0,100,0,112,304,40,32,0,79,-115,0,0,30,0,160,112,96,64,0,95,-139,0,0,30,0,256,112,80,64,0,15,-147,0,1,20,0,464,288,160,96,0,15,-147,0,0,100,0,224,368,160,96,0,15,-147,0,1,8,0,192,272,160,96,0,15,-147,0,0,100,0,0,112,160,96,0,24,-147,0,0,30,0,144,0,144,112,0,24,-147,0,0,100,0,0,0,144,112,0,0,-256,0,0,100,0,808,488,192,256,0,
0,58,85,-115,0,0,100,0,0,528,32,48,0,113,-129,0,0,100,0,0,528,32,48,0,85,-99,0,0,30,0,64,480,32,32,0,113,-113,0,0,30,0,64,480,32,32,0,23,-143,0,0,100,0,400,144,48,48,0,27,-113,0,0,90,0,288,0,32,16,0,53,-156,0,0,100,0,400,192,48,48,0,57,-126,0,0,90,0,288,0,32,16,0,8,-250,0,1,30,0,0,672,160,128,0,8,-218,0,1,30,0,0,808,176,184,0,14,-161,0,0,100,0,32,480,32,32,0,28,-165,0,0,100,0,32,480,32,32,0,38,-182,1,0,100,0,0,480,32,48,0,52,-175,0,0,100,0,32,480,32,32,0,39,-212,0,1,90,0,80,576,32,32,0,48,-138,0,0,30,0,80,640,16,32,0,13,-202,0,0,100,0,0,576,80,96,0,66,-194,0,0,30,0,112,416,112,64,0,66,-194,0,1,20,0,144,560,112,64,0,66,-194,0,0,100,0,32,512,112,64,0,119,-180,0,0,100,0,352,240,48,48,0,126,-152,0,0,90,0,320,0,32,16,0,99,-230,0,0,30,0,128,336,64,80,0,99,-230,0,1,15,0,224,464,40,64,0,99,-230,0,0,100,0,64,336,64,80,0,72,-205,0,0,100,0,352,96,48,48,0,77,-173,0,0,90,0,288,0,32,16,0,99,-198,0,0,30,0,192,368,32,48,0,66,-194,0,0,30,0,112,480,48,32,0,99,-230,0,0,100,0,0,336,64,80,0,82,-194,0,1,30,0,144,512,80,48,0,66,-194,0,1,20,0,224,528,56,32,0,66,-194,0,0,100,0,0,416,112,64,0,136,-157,0,0,30,0,112,272,40,32,0,64,-189,0,0,100,0,352,288,112,80,0,64,-189,0,0,100,0,0,272,112,64,0,110,-154,0,0,30,0,192,176,32,32,0,116,-149,0,0,100,0,0,480,32,48,0,110,-154,0,0,30,0,192,208,64,64,0,134,-154,0,0,30,0,152,272,40,64,0,110,-154,0,0,100,0,64,208,64,64,0,69,-175,0,0,30,0,160,176,32,32,0,75,-170,0,0,100,0,0,480,32,48,0,69,-175,0,0,30,0,128,208,64,64,0,93,-175,0,0,30,0,152,272,40,64,0,69,-175,0,0,100,0,0,208,64,64,0,120,-180,0,0,100,0,352,0,48,48,0,126,-150,0,0,30,0,288,0,32,16,0,112,-181,0,0,100,0,112,304,40,32,0,79,-115,0,0,30,0,160,112,96,64,0,95,-139,0,0,30,0,256,112,80,64,0,15,-147,0,1,20,0,464,288,160,96,0,15,-147,0,0,100,0,224,368,160,96,0,15,-147,0,1,8,0,192,272,160,96,0,15,-147,0,0,100,0,0,112,160,96,0,24,-147,0,0,30,0,144,0,144,112,0,24,-147,0,0,100,0,0,0,144,112,0,0,-256,0,0,100,0,808,488,192,256,0,
0,58,85,-115,0,0,100,0,0,528,32,48,0,113,-129,0,0,100,0,0,528,32,48,0,85,-99,0,0,30,0,64,480,32,32,0,113,-113,0,0,30,0,64,480,32,32,0,23,-143,0,0,100,0,400,144,48,48,0,27,-113,0,0,90,0,288,0,32,16,0,53,-156,0,0,100,0,400,192,48,48,0,57,-126,0,0,90,0,288,0,32,16,0,8,-250,0,1,20,0,0,672,160,128,0,8,-218,0,1,25,0,0,808,176,184,0,14,-161,0,0,100,0,32,480,32,32,0,28,-165,0,0,100,0,32,480,32,32,0,38,-182,1,0,100,0,0,480,32,48,0,52,-175,0,0,100,0,32,480,32,32,0,39,-212,0,1,90,0,112,576,32,32,0,48,-138,0,0,30,0,80,640,16,32,0,13,-202,0,0,100,0,0,576,80,96,0,66,-194,0,0,30,0,112,416,112,64,0,66,-194,0,1,20,0,144,560,112,64,0,66,-194,0,0,100,0,32,512,112,64,0,119,-180,0,0,100,0,400,240,48,48,0,126,-152,0,0,90,0,320,0,32,16,0,99,-230,0,0,30,0,128,336,64,80,0,99,-230,0,1,15,0,224,464,40,64,0,99,-230,0,0,100,0,64,336,64,80,0,72,-205,0,0,100,0,352,96,48,48,0,77,-173,0,0,90,0,288,0,32,16,0,99,-198,0,0,30,0,192,368,32,48,0,66,-194,0,0,30,0,112,480,48,32,0,99,-230,0,0,100,0,0,336,64,80,0,82,-194,0,1,30,0,144,512,80,48,0,66,-194,0,1,20,0,224,528,56,32,0,66,-194,0,0,100,0,0,416,112,64,0,136,-157,0,0,30,0,112,272,40,32,0,64,-189,0,0,100,0,352,288,112,80,0,64,-189,0,0,100,0,0,272,112,64,0,110,-154,0,0,30,0,192,176,32,32,0,116,-149,0,0,100,0,0,480,32,48,0,110,-154,0,0,30,0,192,208,64,64,0,134,-154,0,0,30,0,152,272,40,64,0,110,-154,0,0,100,0,64,208,64,64,0,69,-175,0,0,30,0,160,176,32,32,0,75,-170,0,0,100,0,0,480,32,48,0,69,-175,0,0,30,0,128,208,64,64,0,93,-175,0,0,30,0,152,272,40,64,0,69,-175,0,0,100,0,0,208,64,64,0,119,-181,0,0,100,0,832,0,48,48,0,125,-151,0,0,30,0,288,0,32,16,0,112,-181,0,0,100,0,112,304,40,32,0,79,-115,0,0,30,0,160,112,96,64,0,95,-139,0,0,30,0,256,112,80,64,0,15,-147,0,1,20,0,464,288,160,96,0,15,-147,0,0,100,0,224,368,160,96,0,15,-147,0,1,8,0,192,272,160,96,0,15,-147,0,0,100,0,0,112,160,96,0,24,-147,0,0,30,0,144,0,144,112,0,24,-147,0,0,100,0,0,0,144,112,0,0,-256,0,0,100,0,808,488,192,256,0,
0,58,85,-115,0,0,100,0,0,528,32,48,0,113,-129,0,0,100,0,0,528,32,48,0,85,-99,0,0,30,0,64,480,32,32,0,113,-113,0,0,30,0,64,480,32,32,0,23,-143,0,0,100,0,400,144,48,48,0,27,-113,0,0,90,0,288,0,32,16,0,53,-156,0,0,100,0,400,192,48,48,0,57,-126,0,0,90,0,288,0,32,16,0,8,-250,0,1,10,0,0,672,160,128,0,8,-218,0,1,20,0,0,808,176,184,0,14,-161,0,0,100,0,32,480,32,32,0,28,-165,0,0,100,0,32,480,32,32,0,38,-182,1,0,100,0,0,480,32,48,0,52,-175,0,0,100,0,32,480,32,32,0,39,-212,0,1,90,0,80,608,32,32,0,48,-138,0,0,30,0,80,640,16,32,0,13,-202,0,0,100,0,0,576,80,96,0,66,-194,0,0,30,0,112,416,112,64,0,66,-194,0,1,20,0,144,560,112,64,0,66,-194,0,0,100,0,32,512,112,64,0,119,-180,0,0,100,0,352,240,48,48,0,126,-152,0,0,90,0,320,0,32,16,0,99,-230,0,0,30,0,128,336,64,80,0,99,-230,0,1,15,0,224,464,40,64,0,99,-230,0,0,100,0,64,336,64,80,0,72,-205,0,0,100,0,352,96,48,48,0,77,-173,0,0,90,0,288,0,32,16,0,99,-198,0,0,30,0,192,368,32,48,0,66,-194,0,0,30,0,112,480,48,32,0,99,-230,0,0,100,0,0,336,64,80,0,82,-194,0,1,30,0,144,512,80,48,0,66,-194,0,1,20,0,224,528,56,32,0,66,-194,0,0,100,0,0,416,112,64,0,136,-157,0,0,30,0,112,272,40,32,0,64,-189,0,0,100,0,352,288,112,80,0,64,-189,0,0,100,0,0,272,112,64,0,110,-154,0,0,30,0,192,176,32,32,0,116,-149,0,0,100,0,0,480,32,48,0,110,-154,0,0,30,0,192,208,64,64,0,134,-154,0,0,30,0,152,272,40,64,0,110,-154,0,0,100,0,64,208,64,64,0,69,-175,0,0,30,0,160,176,32,32,0,75,-170,0,0,100,0,0,480,32,48,0,69,-175,0,0,30,0,128,208,64,64,0,93,-175,0,0,30,0,152,272,40,64,0,69,-175,0,0,100,0,0,208,64,64,0,118,-185,0,0,100,0,352,0,48,48,0,124,-155,0,0,30,0,288,0,32,16,0,112,-181,0,0,100,0,112,304,40,32,0,79,-115,0,0,30,0,160,112,96,64,0,95,-139,0,0,30,0,256,112,80,64,0,15,-147,0,1,20,0,464,288,160,96,0,15,-147,0,0,100,0,224,368,160,96,0,15,-147,0,1,8,0,192,272,160,96,0,15,-147,0,0,100,0,0,112,160,96,0,24,-147,0,0,30,0,144,0,144,112,0,24,-147,0,0,100,0,0,0,144,112,0,0,-256,0,0,100,0,808,488,192,256,0,
0,58,85,-115,0,0,100,0,0,528,32,48,0,113,-129,0,0,100,0,0,528,32,48,0,85,-99,0,0,30,0,64,480,32,32,0,113,-113,0,0,30,0,64,480,32,32,0,23,-143,0,0,100,0,400,144,48,48,0,27,-113,0,0,90,0,288,0,32,16,0,53,-156,0,0,100,0,400,192,48,48,0,57,-126,0,0,90,0,288,0,32,16,0,8,-250,0,1,20,0,0,672,160,128,0,8,-218,0,1,25,0,0,808,176,184,0,14,-161,0,0,100,0,32,480,32,32,0,28,-165,0,0,100,0,32,480,32,32,0,38,-182,1,0,100,0,0,480,32,48,0,52,-175,0,0,100,0,32,480,32,32,0,39,-212,0,1,90,0,112,608,32,32,0,48,-138,0,0,30,0,80,640,16,32,0,13,-202,0,0,100,0,0,576,80,96,0,66,-194,0,0,30,0,112,416,112,64,0,66,-194,0,1,20,0,144,560,112,64,0,66,-194,0,0,100,0,32,512,112,64,0,119,-180,0,0,100,0,400,240,48,48,0,126,-152,0,0,90,0,320,0,32,16,0,99,-230,0,0,30,0,128,336,64,80,0,99,-230,0,1,15,0,224,464,40,64,0,99,-230,0,0,100,0,64,336,64,80,0,72,-205,0,0,100,0,352,96,48,48,0,77,-173,0,0,90,0,288,0,32,16,0,99,-198,0,0,30,0,192,368,32,48,0,66,-194,0,0,30,0,112,480,48,32,0,99,-230,0,0,100,0,0,336,64,80,0,82,-194,0,1,30,0,144,512,80,48,0,66,-194,0,1,20,0,224,528,56,32,0,66,-194,0,0,100,0,0,416,112,64,0,136,-157,0,0,30,0,112,272,40,32,0,64,-189,0,0,100,0,352,288,112,80,0,64,-189,0,0,100,0,0,272,112,64,0,110,-154,0,0,30,0,192,176,32,32,0,116,-149,0,0,100,0,0,480,32,48,0,110,-154,0,0,30,0,192,208,64,64,0,134,-154,0,0,30,0,152,272,40,64,0,110,-154,0,0,100,0,64,208,64,64,0,69,-175,0,0,30,0,160,176,32,32,0,75,-170,0,0,100,0,0,480,32,48,0,69,-175,0,0,30,0,128,208,64,64,0,93,-175,0,0,30,0,152,272,40,64,0,69,-175,0,0,100,0,0,208,64,64,0,117,-188,0,0,100,0,880,0,48,48,0,123,-158,0,0,30,0,288,0,32,16,0,112,-181,0,0,100,0,112,304,40,32,0,79,-115,0,0,30,0,160,112,96,64,0,95,-139,0,0,30,0,256,112,80,64,0,15,-147,0,1,20,0,464,288,160,96,0,15,-147,0,0,100,0,224,368,160,96,0,15,-147,0,1,8,0,192,272,160,96,0,15,-147,0,0,100,0,0,112,160,96,0,24,-147,0,0,30,0,144,0,144,112,0,24,-147,0,0,100,0,0,0,144,112,0,0,-256,0,0,100,0,808,488,192,256,0,
0,58,85,-115,0,0,100,0,0,528,32,48,0,113,-129,0,0,100,0,0,528,32,48,0,85,-99,0,0,30,0,64,480,32,32,0,113,-113,0,0,30,0,64,480,32,32,0,23,-143,0,0,100,0,400,144,48,48,0,27,-113,0,0,90,0,288,0,32,16,0,53,-156,0,0,100,0,400,192,48,48,0,57,-126,0,0,90,0,288,0,32,16,0,8,-250,0,1,30,0,0,672,160,128,0,8,-218,0,1,30,0,0,808,176,184,0,14,-161,0,0,100,0,32,480,32,32,0,28,-165,0,0,100,0,32,480,32,32,0,38,-182,1,0,100,0,0,480,32,48,0,52,-175,0,0,100,0,32,480,32,32,0,39,-212,0,1,90,0,80,576,32,32,0,48,-138,0,0,30,0,80,640,16,32,0,13,-202,0,0,100,0,0,576,80,96,0,66,-194,0,0,30,0,112,416,112,64,0,66,-194,0,1,20,0,144,560,112,64,0,66,-194,0,0,100,0,32,512,112,64,0,119,-180,0,0,100,0,352,240,48,48,0,126,-152,0,0,90,0,320,0,32,16,0,99,-230,0,0,30,0,128,336,64,80,0,99,-230,0,1,15,0,224,464,40,64,0,99,-230,0,0,100,0,64,336,64,80,0,72,-205,0,0,100,0,352,96,48,48,0,77,-173,0,0,90,0,288,0,32,16,0,99,-198,0,0,30,0,192,368,32,48,0,66,-194,0,0,30,0,112,480,48,32,0,99,-230,0,0,100,0,0,336,64,80,0,82,-194,0,1,30,0,144,512,80,48,0,66,-194,0,1,20,0,224,528,56,32,0,66,-194,0,0,100,0,0,416,112,64,0,136,-157,0,0,30,0,112,272,40,32,0,64,-189,0,0,100,0,352,288,112,80,0,64,-189,0,0,100,0,0,272,112,64,0,110,-154,0,0,30,0,192,176,32,32,0,116,-149,0,0,100,0,0,480,32,48,0,110,-154,0,0,30,0,192,208,64,64,0,134,-154,0,0,30,0,152,272,40,64,0,110,-154,0,0,100,0,64,208,64,64,0,69,-175,0,0,30,0,160,176,32,32,0,75,-170,0,0,100,0,0,480,32,48,0,69,-175,0,0,30,0,128,208,64,64,0,93,-175,0,0,30,0,152,272,40,64,0,69,-175,0,0,100,0,0,208,64,64,0,115,-190,0,0,100,0,352,0,48,48,0,121,-160,0,0,30,0,288,0,32,16,0,112,-181,0,0,100,0,112,304,40,32,0,79,-115,0,0,30,0,160,112,96,64,0,95,-139,0,0,30,0,256,112,80,64,0,15,-147,0,1,20,0,464,288,160,96,0,15,-147,0,0,100,0,224,368,160,96,0,15,-147,0,1,8,0,192,272,160,96,0,15,-147,0,0,100,0,0,112,160,96,0,24,-147,0,0,30,0,144,0,144,112,0,24,-147,0,0,100,0,0,0,144,112,0,0,-256,0,0,100,0,808,488,192,256,0,
0,58,85,-115,0,0,100,0,0,528,32,48,0,113,-129,0,0,100,0,0,528,32,48,0,85,-99,0,0,30,0,64,480,32,32,0,113,-113,0,0,30,0,64,480,32,32,0,23,-143,0,0,100,0,400,144,48,48,0,27,-113,0,0,90,0,288,0,32,16,0,53,-156,0,0,100,0,400,192,48,48,0,57,-126,0,0,90,0,288,0,32,16,0,8,-250,0,1,20,0,0,672,160,128,0,8,-218,0,1,25,0,0,808,176,184,0,14,-161,0,0,100,0,32,480,32,32,0,28,-165,0,0,100,0,32,480,32,32,0,38,-182,1,0,100,0,0,480,32,48,0,52,-175,0,0,100,0,32,480,32,32,0,39,-212,0,1,90,0,112,576,32,32,0,48,-138,0,0,30,0,80,640,16,32,0,13,-202,0,0,100,0,0,576,80,96,0,66,-194,0,0,30,0,112,416,112,64,0,66,-194,0,1,20,0,144,560,112,64,0,66,-194,0,0,100,0,32,512,112,64,0,119,-180,0,0,100,0,400,240,48,48,0,126,-152,0,0,90,0,320,0,32,16,0,99,-230,0,0,30,0,128,336,64,80,0,99,-230,0,1,15,0,224,464,40,64,0,99,-230,0,0,100,0,64,336,64,80,0,72,-205,0,0,100,0,352,96,48,48,0,77,-173,0,0,90,0,288,0,32,16,0,99,-198,0,0,30,0,192,368,32,48,0,66,-194,0,0,30,0,112,480,48,32,0,99,-230,0,0,100,0,0,336,64,80,0,82,-194,0,1,30,0,144,512,80,48,0,66,-194,0,1,20,0,224,528,56,32,0,66,-194,0,0,100,0,0,416,112,64,0,136,-157,0,0,30,0,112,272,40,32,0,64,-189,0,0,100,0,352,288,112,80,0,64,-189,0,0,100,0,0,272,112,64,0,110,-154,0,0,30,0,192,176,32,32,0,116,-149,0,0,100,0,0,480,32,48,0,110,-154,0,0,30,0,192,208,64,64,0,134,-154,0,0,30,0,152,272,40,64,0,110,-154,0,0,100,0,64,208,64,64,0,69,-175,0,0,30,0,160,176,32,32,0,75,-170,0,0,100,0,0,480,32,48,0,69,-175,0,0,30,0,128,208,64,64,0,93,-175,0,0,30,0,152,272,40,64,0,69,-175,0,0,100,0,0,208,64,64,0,114,-193,0,0,100,0,832,0,48,48,0,120,-163,0,0,30,0,288,0,32,16,0,112,-181,0,0,100,0,112,304,40,32,0,79,-115,0,0,30,0,160,112,96,64,0,95,-139,0,0,30,0,256,112,80,64,0,15,-147,0,1,20,0,464,288,160,96,0,15,-147,0,0,100,0,224,368,160,96,0,15,-147,0,1,8,0,192,272,160,96,0,15,-147,0,0,100,0,0,112,160,96,0,24,-147,0,0,30,0,144,0,144,112,0,24,-147,0,0,100,0,0,0,144,112,0,0,-256,0,0,100,0,808,488,192,256,0,
0,58,85,-115,0,0,100,0,0,528,32,48,0,113,-129,0,0,100,0,0,528,32,48,0,85,-99,0,0,30,0,64,480,32,32,0,113,-113,0,0,30,0,64,480,32,32,0,23,-143,0,0,100,0,400,144,48,48,0,27,-113,0,0,90,0,288,0,32,16,0,53,-156,0,0,100,0,400,192,48,48,0,57,-126,0,0,90,0,288,0,32,16,0,8,-250,0,1,10,0,0,672,160,128,0,8,-218,0,1,20,0,0,808,176,184,0,14,-161,0,0,100,0,32,480,32,32,0,28,-165,0,0,100,0,32,480,32,32,0,38,-182,1,0,100,0,0,480,32,48,0,52,-175,0,0,100,0,32,480,32,32,0,39,-212,0,1,90,0,80,608,32,32,0,48,-138,0,0,30,0,80,640,16,32,0,13,-202,0,0,100,0,0,576,80,96,0,66,-194,0,0,30,0,112,416,112,64,0,66,-194,0,1,20,0,144,560,112,64,0,66,-194,0,0,100,0,32,512,112,64,0,119,-180,0,0,100,0,352,240,48,48,0,126,-152,0,0,90,0,320,0,32,16,0,99,-230,0,0,30,0,128,336,64,80,0,99,-230,0,1,15,0,224,464,40,64,0,99,-230,0,0,100,0,64,336,64,80,0,72,-205,0,0,100,0,352,96,48,48,0,77,-173,0,0,90,0,288,0,32,16,0,99,-198,0,0,30,0,192,368,32,48,0,66,-194,0,0,30,0,112,480,48,32,0,99,-230,0,0,100,0,0,336,64,80,0,82,-194,0,1,30,0,144,512,80,48,0,66,-194,0,1,20,0,224,528,56,32,0,66,-194,0,0,100,0,0,416,112,64,0,136,-157,0,0,30,0,112,272,40,32,0,64,-189,0,0,100,0,352,288,112,80,0,64,-189,0,0,100,0,0,272,112,64,0,110,-154,0,0,30,0,192,176,32,32,0,116,-149,0,0,100,0,0,480,32,48,0,110,-154,0,0,30,0,192,208,64,64,0,134,-154,0,0,30,0,152,272,40,64,0,110,-154,0,0,100,0,64,208,64,64,0,69,-175,0,0,30,0,160,176,32,32,0,75,-170,0,0,100,0,0,480,32,48,0,69,-175,0,0,30,0,128,208,64,64,0,93,-175,0,0,30,0,152,272,40,64,0,69,-175,0,0,100,0,0,208,64,64,0,113,-194,0,0,100,0,352,0,48,48,0,119,-164,0,0,30,0,288,0,32,16,0,112,-181,0,0,100,0,112,304,40,32,0,79,-115,0,0,30,0,160,112,96,64,0,95,-139,0,0,30,0,256,112,80,64,0,15,-147,0,1,20,0,464,288,160,96,0,15,-147,0,0,100,0,224,368,160,96,0,15,-147,0,1,8,0,192,272,160,96,0,15,-147,0,0,100,0,0,112,160,96,0,24,-147,0,0,30,0,144,0,144,112,0,24,-147,0,0,100,0,0,0,144,112,0,0,-256,0,0,100,0,808,488,192,256,0,
0,58,85,-115,0,0,100,0,0,528,32,48,0,113,-129,0,0,100,0,0,528,32,48,0,85,-99,0,0,30,0,64,480,32,32,0,113,-113,0,0,30,0,64,480,32,32,0,23,-143,0,0,100,0,400,144,48,48,0,27,-113,0,0,90,0,288,0,32,16,0,53,-156,0,0,100,0,400,192,48,48,0,57,-126,0,0,90,0,288,0,32,16,0,8,-250,0,1,20,0,0,672,160,128,0,8,-218,0,1,25,0,0,808,176,184,0,14,-161,0,0,100,0,32,480,32,32,0,28,-165,0,0,100,0,32,480,32,32,0,38,-182,1,0,100,0,0,480,32,48,0,52,-175,0,0,100,0,32,480,32,32,0,39,-212,0,1,90,0,112,608,32,32,0,48,-138,0,0,30,0,80,640,16,32,0,13,-202,0,0,100,0,0,576,80,96,0,66,-194,0,0,30,0,112,416,112,64,0,66,-194,0,1,20,0,144,560,112,64,0,66,-194,0,0,100,0,32,512,112,64,0,119,-180,0,0,100,0,400,240,48,48,0,126,-152,0,0,90,0,320,0,32,16,0,99,-230,0,0,30,0,128,336,64,80,0,99,-230,0,1,15,0,224,464,40,64,0,99,-230,0,0,100,0,64,336,64,80,0,72,-205,0,0,100,0,352,96,48,48,0,77,-173,0,0,90,0,288,0,32,16,0,99,-198,0,0,30,0,192,368,32,48,0,66,-194,0,0,30,0,112,480,48,32,0,99,-230,0,0,100,0,0,336,64,80,0,82,-194,0,1,30,0,144,512,80,48,0,66,-194,0,1,20,0,224,528,56,32,0,66,-194,0,0,100,0,0,416,112,64,0,136,-157,0,0,30,0,112,272,40,32,0,64,-189,0,0,100,0,352,288,112,80,0,64,-189,0,0,100,0,0,272,112,64,0,110,-154,0,0,30,0,192,176,32,32,0,116,-149,0,0,100,0,0,480,32,48,0,110,-154,0,0,30,0,192,208,64,64,0,134,-154,0,0,30,0,152,272,40,64,0,110,-154,0,0,100,0,64,208,64,64,0,69,-175,0,0,30,0,160,176,32,32,0,75,-170,0,0,100,0,0,480,32,48,0,69,-175,0,0,30,0,128,208,64,64,0,93,-175,0,0,30,0,152,272,40,64,0,69,-175,0,0,100,0,0,208,64,64,0,113,-197,0,0,100,0,880,0,48,48,0,119,-167,0,0,30,0,288,0,32,16,0,112,-181,0,0,100,0,112,304,40,32,0,79,-115,0,0,30,0,160,112,96,64,0,95,-139,0,0,30,0,256,112,80,64,0,15,-147,0,1,20,0,464,288,160,96,0,15,-147,0,0,100,0,224,368,160,96,0,15,-147,0,1,8,0,192,272,160,96,0,15,-147,0,0,100,0,0,112,160,96,0,24,-147,0,0,30,0,144,0,144,112,0,24,-147,0,0,100,0,0,0,144,112,0,0,-256,0,0,100,0,808,488,192,256,0,
0,58,85,-115,0,0,100,0,0,528,32,48,0,113,-129,0,0,100,0,0,528,32,48,0,85,-99,0,0,30,0,64,480,32,32,0,113,-113,0,0,30,0,64,480,32,32,0,23,-143,0,0,100,0,400,144,48,48,0,27,-113,0,0,90,0,288,0,32,16,0,53,-156,0,0,100,0,400,192,48,48,0,57,-126,0,0,90,0,288,0,32,16,0,8,-250,0,1,30,0,0,672,160,128,0,8,-218,0,1,30,0,0,808,176,184,0,14,-161,0,0,100,0,32,480,32,32,0,28,-165,0,0,100,0,32,480,32,32,0,38,-182,1,0,100,0,0,480,32,48,0,52,-175,0,0,100,0,32,480,32,32,0,39,-212,0,1,90,0,80,576,32,32,0,48,-138,0,0,30,0,80,640,16,32,0,13,-202,0,0,100,0,0,576,80,96,0,66,-194,0,0,30,0,112,416,112,64,0,66,-194,0,1,20,0,144,560,112,64,0,66,-194,0,0,100,0,32,512,112,64,0,119,-180,0,0,100,0,352,240,48,48,0,126,-152,0,0,90,0,320,0,32,16,0,99,-230,0,0,30,0,128,336,64,80,0,99,-230,0,1,15,0,224,464,40,64,0,99,-230,0,0,100,0,64,336,64,80,0,72,-205,0,0,100,0,352,96,48,48,0,77,-173,0,0,90,0,288,0,32,16,0,99,-198,0,0,30,0,192,368,32,48,0,66,-194,0,0,30,0,112,480,48,32,0,99,-230,0,0,100,0,0,336,64,80,0,82,-194,0,1,30,0,144,512,80,48,0,66,-194,0,1,20,0,224,528,56,32,0,66,-194,0,0,100,0,0,416,112,64,0,136,-157,0,0,30,0,112,272,40,32,0,64,-189,0,0,100,0,352,288,112,80,0,64,-189,0,0,100,0,0,272,112,64,0,110,-154,0,0,30,0,192,176,32,32,0,116,-149,0,0,100,0,0,480,32,48,0,110,-154,0,0,30,0,192,208,64,64,0,134,-154,0,0,30,0,152,272,40,64,0,110,-154,0,0,100,0,64,208,64,64,0,69,-175,0,0,30,0,160,176,32,32,0,75,-170,0,0,100,0,0,480,32,48,0,69,-175,0,0,30,0,128,208,64,64,0,93,-175,0,0,30,0,152,272,40,64,0,69,-175,0,0,100,0,0,208,64,64,0,112,-198,0,0,100,0,352,0,48,48,0,118,-168,0,0,30,0,288,0,32,16,0,112,-181,0,0,100,0,112,304,40,32,0,79,-115,0,0,30,0,160,112,96,64,0,95,-139,0,0,30,0,256,112,80,64,0,15,-147,0,1,20,0,464,288,160,96,0,15,-147,0,0,100,0,224,368,160,96,0,15,-147,0,1,8,0,192,272,160,96,0,15,-147,0,0,100,0,0,112,160,96,0,24,-147,0,0,30,0,144,0,144,112,0,24,-147,0,0,100,0,0,0,144,112,0,0,-256,0,0,100,0,808,488,192,256,0,
0,58,85,-115,0,0,100,0,0,528,32,48,0,113,-129,0,0,100,0,0,528,32,48,0,85,-99,0,0,30,0,64,480,32,32,0,113,-113,0,0,30,0,64,480,32,32,0,23,-143,0,0,100,0,400,144,48,48,0,27,-113,0,0,90,0,288,0,32,16,0,53,-156,0,0,100,0,400,192,48,48,0,57,-126,0,0,90,0,288,0,32,16,0,8,-250,0,1,20,0,0,672,160,128,0,8,-218,0,1,25,0,0,808,176,184,0,14,-161,0,0,100,0,32,480,32,32,0,28,-165,0,0,100,0,32,480,32,32,0,38,-182,1,0,100,0,0,480,32,48,0,52,-175,0,0,100,0,32,480,32,32,0,39,-212,0,1,90,0,112,576,32,32,0,48,-138,0,0,30,0,80,640,16,32,0,13,-202,0,0,100,0,0,576,80,96,0,66,-194,0,0,30,0,112,416,112,64,0,66,-194,0,1,20,0,144,560,112,64,0,66,-194,0,0,100,0,32,512,112,64,0,119,-180,0,0,100,0,400,240,48,48,0,126,-152,0,0,90,0,320,0,32,16,0,99,-230,0,0,30,0,128,336,64,80,0,99,-230,0,1,15,0,224,464,40,64,0,99,-230,0,0,100,0,64,336,64,80,0,72,-205,0,0,100,0,352,96,48,48,0,77,-173,0,0,90,0,288,0,32,16,0,99,-198,0,0,30,0,192,368,32,48,0,66,-194,0,0,30,0,112,480,48,32,0,99,-230,0,0,100,0,0,336,64,80,0,82,-194,0,1,30,0,144,512,80,48,0,66,-194,0,1,20,0,224,528,56,32,0,66,-194,0,0,100,0,0,416,112,64,0,136,-157,0,0,30,0,112,272,40,32,0,64,-189,0,0,100,0,352,288,112,80,0,64,-189,0,0,100,0,0,272,112,64,0,110,-154,0,0,30,0,192,176,32,32,0,116,-149,0,0,100,0,0,480,32,48,0,110,-154,0,0,30,0,192,208,64,64,0,134,-154,0,0,30,0,152,272,40,64,0,110,-154,0,0,100,0,64,208,64,64,0,69,-175,0,0,30,0,160,176,32,32,0,75,-170,0,0,100,0,0,480,32,48,0,69,-175,0,0,30,0,128,208,64,64,0,93,-175,0,0,30,0,152,272,40,64,0,69,-175,0,0,100,0,0,208,64,64,0,111,-200,0,0,100,0,832,0,48,48,0,117,-170,0,0,30,0,288,0,32,16,0,112,-181,0,0,100,0,112,304,40,32,0,79,-115,0,0,30,0,160,112,96,64,0,95,-139,0,0,30,0,256,112,80,64,0,15,-147,0,1,20,0,464,288,160,96,0,15,-147,0,0,100,0,224,368,160,96,0,15,-147,0,1,8,0,192,272,160,96,0,15,-147,0,0,100,0,0,112,160,96,0,24,-147,0,0,30,0,144,0,144,112,0,24,-147,0,0,100,0,0,0,144,112,0,0,-256,0,0,100,0,808,488,192,256,0,
0,58,85,-115,0,0,100,0,0,528,32,48,0,113,-129,0,0,100,0,0,528,32,48,0,85,-99,0,0,30,0,64,480,32,32,0,113,-113,0,0,30,0,64,480,32,32,0,23,-143,0,0,100,0,400,144,48,48,0,27,-113,0,0,90,0,288,0,32,16,0,53,-156,0,0,100,0,400,192,48,48,0,57,-126,0,0,90,0,288,0,32,16,0,8,-250,0,1,10,0,0,672,160,128,0,8,-218,0,1,20,0,0,808,176,184,0,14,-161,0,0,100,0,32,480,32,32,0,28,-165,0,0,100,0,32,480,32,32,0,38,-182,1,0,100,0,0,480,32,48,0,52,-175,0,0,100,0,32,480,32,32,0,39,-212,0,1,90,0,80,608,32,32,0,48,-138,0,0,30,0,80,640,16,32,0,13,-202,0,0,100,0,0,576,80,96,0,66,-194,0,0,30,0,112,416,112,64,0,66,-194,0,1,20,0,144,560,112,64,0,66,-194,0,0,100,0,32,512,112,64,0,119,-180,0,0,100,0,352,240,48,48,0,126,-152,0,0,90,0,320,0,32,16,0,99,-230,0,0,30,0,128,336,64,80,0,99,-230,0,1,15,0,224,464,40,64,0,99,-230,0,0,100,0,64,336,64,80,0,72,-205,0,0,100,0,352,96,48,48,0,77,-173,0,0,90,0,288,0,32,16,0,99,-198,0,0,30,0,192,368,32,48,0,66,-194,0,0,30,0,112,480,48,32,0,99,-230,0,0,100,0,0,336,64,80,0,82,-194,0,1,30,0,144,512,80,48,0,66,-194,0,1,20,0,224,528,56,32,0,66,-194,0,0,100,0,0,416,112,64,0,136,-157,0,0,30,0,112,272,40,32,0,64,-189,0,0,100,0,352,288,112,80,0,64,-189,0,0,100,0,0,272,112,64,0,110,-154,0,0,30,0,192,176,32,32,0,116,-149,0,0,100,0,0,480,32,48,0,110,-154,0,0,30,0,192,208,64,64,0,134,-154,0,0,30,0,152,272,40,64,0,110,-154,0,0,100,0,64,208,64,64,0,69,-175,0,0,30,0,160,176,32,32,0,75,-170,0,0,100,0,0,480,32,48,0,69,-175,0,0,30,0,128,208,64,64,0,93,-175,0,0,30,0,152,272,40,64,0,69,-175,0,0,100,0,0,208,64,64,0,110,-200,0,0,100,0,352,0,48,48,0,116,-170,0,0,30,0,288,0,32,16,0,112,-181,0,0,100,0,112,304,40,32,0,79,-115,0,0,30,0,160,112,96,64,0,95,-139,0,0,30,0,256,112,80,64,0,15,-147,0,1,20,0,464,288,160,96,0,15,-147,0,0,100,0,224,368,160,96,0,15,-147,0,1,8,0,192,272,160,96,0,15,-147,0,0,100,0,0,112,160,96,0,24,-147,0,0,30,0,144,0,144,112,0,24,-147,0,0,100,0,0,0,144,112,0,0,-256,0,0,100,0,808,488,192,256,0,
0,58,85,-115,0,0,100,0,0,528,32,48,0,113,-129,0,0,100,0,0,528,32,48,0,85,-99,0,0,30,0,64,480,32,32,0,113,-113,0,0,30,0,64,480,32,32,0,23,-143,0,0,100,0,400,144,48,48,0,27,-113,0,0,90,0,288,0,32,16,0,53,-156,0,0,100,0,400,192,48,48,0,57,-126,0,0,90,0,288,0,32,16,0,8,-250,0,1,20,0,0,672,160,128,0,8,-218,0,1,25,0,0,808,176,184,0,14,-161,0,0,100,0,32,480,32,32,0,28,-165,0,0,100,0,32,480,32,32,0,38,-182,1,0,100,0,0,480,32,48,0,52,-175,0,0,100,0,32,480,32,32,0,39,-212,0,1,90,0,112,608,32,32,0,48,-138,0,0,30,0,80,640,16,32,0,13,-202,0,0,100,0,0,576,80,96,0,66,-194,0,0,30,0,112,416,112,64,0,66,-194,0,1,20,0,144,560,112,64,0,66,-194,0,0,100,0,32,512,112,64,0,119,-180,0,0,100,0,400,240,48,48,0,126,-152,0,0,90,0,320,0,32,16,0,99,-230,0,0,30,0,128,336,64,80,0,99,-230,0,1,15,0,224,464,40,64,0,99,-230,0,0,100,0,64,336,64,80,0,72,-205,0,0,100,0,352,96,48,48,0,77,-173,0,0,90,0,288,0,32,16,0,99,-198,0,0,30,0,192,368,32,48,0,66,-194,0,0,30,0,112,480,48,32,0,99,-230,0,0,100,0,0,336,64,80,0,82,-194,0,1,30,0,144,512,80,48,0,66,-194,0,1,20,0,224,528,56,32,0,66,-194,0,0,100,0,0,416,112,64,0,136,-157,0,0,30,0,112,272,40,32,0,64,-189,0,0,100,0,352,288,112,80,0,64,-189,0,0,100,0,0,272,112,64,0,110,-154,0,0,30,0,192,176,32,32,0,116,-149,0,0,100,0,0,480,32,48,0,110,-154,0,0,30,0,192,208,64,64,0,134,-154,0,0,30,0,152,272,40,64,0,110,-154,0,0,100,0,64,208,64,64,0,69,-175,0,0,30,0,160,176,32,32,0,75,-170,0,0,100,0,0,480,32,48,0,69,-175,0,0,30,0,128,208,64,64,0,93,-175,0,0,30,0,152,272,40,64,0,69,-175,0,0,100,0,0,208,64,64,0,110,-203,0,0,100,0,880,0,48,48,0,116,-173,0,0,30,0,288,0,32,16,0,112,-181,0,0,100,0,112,304,40,32,0,79,-115,0,0,30,0,160,112,96,64,0,95,-139,0,0,30,0,256,112,80,64,0,15,-147,0,1,20,0,464,288,160,96,0,15,-147,0,0,100,0,224,368,160,96,0,15,-147,0,1,8,0,192,272,160,96,0,15,-147,0,0,100,0,0,112,160,96,0,24,-147,0,0,30,0,144,0,144,112,0,24,-147,0,0,100,0,0,0,144,112,0,0,-256,0,0,100,0,808,488,192,256,0,
0,58,85,-115,0,0,100,0,0,528,32,48,0,113,-129,0,0,100,0,0,528,32,48,0,85,-99,0,0,30,0,64,480,32,32,0,113,-113,0,0,30,0,64,480,32,32,0,23,-143,0,0,100,0,400,144,48,48,0,27,-113,0,0,90,0,288,0,32,16,0,53,-156,0,0,100,0,400,192,48,48,0,57,-126,0,0,90,0,288,0,32,16,0,8,-250,0,1,30,0,0,672,160,128,0,8,-218,0,1,30,0,0,808,176,184,0,14,-161,0,0,100,0,32,480,32,32,0,28,-165,0,0,100,0,32,480,32,32,0,38,-182,1,0,100,0,0,480,32,48,0,52,-175,0,0,100,0,32,480,32,32,0,39,-212,0,1,90,0,80,576,32,32,0,48,-138,0,0,30,0,80,640,16,32,0,13,-202,0,0,100,0,0,576,80,96,0,66,-194,0,0,30,0,112,416,112,64,0,66,-194,0,1,20,0,144,560,112,64,0,66,-194,0,0,100,0,32,512,112,64,0,119,-180,0,0,100,0,352,240,48,48,0,126,-152,0,0,90,0,320,0,32,16,0,99,-230,0,0,30,0,128,336,64,80,0,99,-230,0,1,15,0,224,464,40,64,0,99,-230,0,0,100,0,64,336,64,80,0,108,-203,0,0,100,0,352,0,48,48,0,114,-173,0,0,90,0,288,0,32,16,0,72,-205,0,0,100,0,352,96,48,48,0,77,-173,0,0,90,0,288,0,32,16,0,99,-198,0,0,30,0,192,368,32,48,0,66,-194,0,0,30,0,112,480,48,32,0,99,-230,0,0,100,0,0,336,64,80,0,82,-194,0,1,30,0,144,512,80,48,0,66,-194,0,1,20,0,224,528,56,32,0,66,-194,0,0,100,0,0,416,112,64,0,136,-157,0,0,30,0,112,272,40,32,0,64,-189,0,0,100,0,352,288,112,80,0,64,-189,0,0,100,0,0,272,112,64,0,110,-154,0,0,30,0,192,176,32,32,0,116,-149,0,0,100,0,0,480,32,48,0,110,-154,0,0,30,0,192,208,64,64,0,134,-154,0,0,30,0,152,272,40,64,0,110,-154,0,0,100,0,64,208,64,64,0,69,-175,0,0,30,0,160,176,32,32,0,75,-170,0,0,100,0,0,480,32,48,0,69,-175,0,0,30,0,128,208,64,64,0,93,-175,0,0,30,0,152,272,40,64,0,69,-175,0,0,100,0,0,208,64,64,0,112,-181,0,0,100,0,112,304,40,32,0,79,-115,0,0,30,0,160,112,96,64,0,95,-139,0,0,30,0,256,112,80,64,0,15,-147,0,1,20,0,464,288,160,96,0,15,-147,0,0,100,0,224,368,160,96,0,15,-147,0,1,8,0,192,272,160,96,0,15,-147,0,0,100,0,0,112,160,96,0,24,-147,0,0,30,0,144,0,144,112,0,24,-147,0,0,100,0,0,0,144,112,0,0,-256,0,0,100,0,808,488,192,256,0,
0,58,85,-115,0,0,100,0,0,528,32,48,0,113,-129,0,0,100,0,0,528,32,48,0,85,-99,0,0,30,0,64,480,32,32,0,113,-113,0,0,30,0,64,480,32,32,0,23,-143,0,0,100,0,400,144,48,48,0,27,-113,0,0,90,0,288,0,32,16,0,53,-156,0,0,100,0,400,192,48,48,0,57,-126,0,0,90,0,288,0,32,16,0,8,-250,0,1,20,0,0,672,160,128,0,8,-218,0,1,25,0,0,808,176,184,0,14,-161,0,0,100,0,32,480,32,32,0,28,-165,0,0,100,0,32,480,32,32,0,38,-182,1,0,100,0,0,480,32,48,0,52,-175,0,0,100,0,32,480,32,32,0,39,-212,0,1,90,0,112,576,32,32,0,48,-138,0,0,30,0,80,640,16,32,0,13,-202,0,0,100,0,0,576,80,96,0,66,-194,0,0,30,0,112,416,112,64,0,66,-194,0,1,20,0,144,560,112,64,0,66,-194,0,0,100,0,32,512,112,64,0,119,-180,0,0,100,0,400,240,48,48,0,126,-152,0,0,90,0,320,0,32,16,0,99,-230,0,0,30,0,128,336,64,80,0,99,-230,0,1,15,0,224,464,40,64,0,99,-230,0,0,100,0,64,336,64,80,0,106,-203,0,0,100,0,832,0,48,48,0,112,-173,0,0,90,0,288,0,32,16,0,72,-205,0,0,100,0,352,96,48,48,0,77,-173,0,0,90,0,288,0,32,16,0,99,-198,0,0,30,0,192,368,32,48,0,66,-194,0,0,30,0,112,480,48,32,0,99,-230,0,0,100,0,0,336,64,80,0,82,-194,0,1,30,0,144,512,80,48,0,66,-194,0,1,20,0,224,528,56,32,0,66,-194,0,0,100,0,0,416,112,64,0,136,-157,0,0,30,0,112,272,40,32,0,64,-189,0,0,100,0,352,288,112,80,0,64,-189,0,0,100,0,0,272,112,64,0,110,-154,0,0,30,0,192,176,32,32,0,116,-149,0,0,100,0,0,480,32,48,0,110,-154,0,0,30,0,192,208,64,64,0,134,-154,0,0,30,0,152,272,40,64,0,110,-154,0,0,100,0,64,208,64,64,0,69,-175,0,0,30,0,160,176,32,32,0,75,-170,0,0,100,0,0,480,32,48,0,69,-175,0,0,30,0,128,208,64,64,0,93,-175,0,0,30,0,152,272,40,64,0,69,-175,0,0,100,0,0,208,64,64,0,112,-181,0,0,100,0,112,304,40,32,0,79,-115,0,0,30,0,160,112,96,64,0,95,-139,0,0,30,0,256,112,80,64,0,15,-147,0,1,20,0,464,288,160,96,0,15,-147,0,0,100,0,224,368,160,96,0,15,-147,0,1,8,0,192,272,160,96,0,15,-147,0,0,100,0,0,112,160,96,0,24,-147,0,0,30,0,144,0,144,112,0,24,-147,0,0,100,0,0,0,144,112,0,0,-256,0,0,100,0,808,488,192,256,0,
0,58,85,-115,0,0,100,0,0,528,32,48,0,113,-129,0,0,100,0,0,528,32,48,0,85,-99,0,0,30,0,64,480,32,32,0,113,-113,0,0,30,0,64,480,32,32,0,23,-143,0,0,100,0,400,144,48,48,0,27,-113,0,0,90,0,288,0,32,16,0,53,-156,0,0,100,0,400,192,48,48,0,57,-126,0,0,90,0,288,0,32,16,0,8,-250,0,1,10,0,0,672,160,128,0,8,-218,0,1,20,0,0,808,176,184,0,14,-161,0,0,100,0,32,480,32,32,0,28,-165,0,0,100,0,32,480,32,32,0,38,-182,1,0,100,0,0,480,32,48,0,52,-175,0,0,100,0,32,480,32,32,0,39,-212,0,1,90,0,80,608,32,32,0,48,-138,0,0,30,0,80,640,16,32,0,13,-202,0,0,100,0,0,576,80,96,0,66,-194,0,0,30,0,112,416,112,64,0,66,-194,0,1,20,0,144,560,112,64,0,66,-194,0,0,100,0,32,512,112,64,0,119,-180,0,0,100,0,448,240,48,48,0,126,-152,0,0,90,0,320,0,32,16,0,99,-230,0,0,30,0,128,336,64,80,0,104,-202,0,0,100,0,352,0,48,48,0,110,-172,0,0,90,0,288,0,32,16,0,99,-230,0,1,15,0,224,464,40,64,0,99,-230,0,0,100,0,64,336,64,80,0,72,-205,0,0,100,0,352,96,48,48,0,77,-173,0,0,90,0,288,0,32,16,0,99,-198,0,0,30,0,192,368,32,48,0,66,-194,0,0,30,0,112,480,48,32,0,99,-230,0,0,100,0,0,336,64,80,0,82,-194,0,1,30,0,144,512,80,48,0,66,-194,0,1,20,0,224,528,56,32,0,66,-194,0,0,100,0,0,416,112,64,0,136,-157,0,0,30,0,112,272,40,32,0,64,-189,0,0,100,0,352,288,112,80,0,64,-189,0,0,100,0,0,272,112,64,0,110,-154,0,0,30,0,192,176,32,32,0,116,-149,0,0,100,0,0,480,32,48,0,110,-154,0,0,30,0,192,208,64,64,0,134,-154,0,0,30,0,152,272,40,64,0,110,-154,0,0,100,0,64,208,64,64,0,69,-175,0,0,30,0,160,176,32,32,0,75,-170,0,0,100,0,0,480,32,48,0,69,-175,0,0,30,0,128,208,64,64,0,93,-175,0,0,30,0,152,272,40,64,0,69,-175,0,0,100,0,0,208,64,64,0,112,-181,0,0,100,0,112,304,40,32,0,79,-115,0,0,30,0,160,112,96,64,0,95,-139,0,0,30,0,256,112,80,64,0,15,-147,0,1,20,0,464,288,160,96,0,15,-147,0,0,100,0,224,368,160,96,0,15,-147,0,1,8,0,192,272,160,96,0,15,-147,0,0,100,0,0,112,160,96,0,24,-147,0,0,30,0,144,0,144,112,0,24,-147,0,0,100,0,0,0,144,112,0,0,-256,0,0,100,0,808,488,192,256,0,
0,58,85,-115,0,0,100,0,0,528,32,48,0,113,-129,0,0,100,0,0,528,32,48,0,85,-99,0,0,30,0,64,480,32,32,0,113,-113,0,0,30,0,64,480,32,32,0,23,-143,0,0,100,0,400,144,48,48,0,27,-113,0,0,90,0,288,0,32,16,0,53,-156,0,0,100,0,400,192,48,48,0,57,-126,0,0,90,0,288,0,32,16,0,8,-250,0,1,20,0,0,672,160,128,0,8,-218,0,1,25,0,0,808,176,184,0,14,-161,0,0,100,0,32,480,32,32,0,28,-165,0,0,100,0,32,480,32,32,0,38,-182,1,0,100,0,0,480,32,48,0,52,-175,0,0,100,0,32,480,32,32,0,39,-212,0,1,90,0,112,608,32,32,0,48,-138,0,0,30,0,80,640,16,32,0,13,-202,0,0,100,0,0,576,80,96,0,66,-194,0,0,30,0,112,416,112,64,0,66,-194,0,1,20,0,144,560,112,64,0,66,-194,0,0,100,0,32,512,112,64,0,119,-180,0,0,100,0,496,240,48,48,0,126,-152,0,0,90,0,320,0,32,16,0,99,-230,0,0,30,0,128,336,64,80,0,101,-201,0,0,100,0,880,0,48,48,0,107,-171,0,0,90,0,288,0,32,16,0,99,-230,0,1,15,0,224,464,40,64,0,99,-230,0,0,100,0,64,336,64,80,0,72,-205,0,0,100,0,400,96,48,48,0,77,-173,0,0,90,0,288,0,32,16,0,99,-198,0,0,30,0,192,368,32,48,0,66,-194,0,0,30,0,112,480,48,32,0,99,-230,0,0,100,0,0,336,64,80,0,82,-194,0,1,30,0,144,512,80,48,0,66,-194,0,1,20,0,224,528,56,32,0,66,-194,0,0,100,0,0,416,112,64,0,136,-157,0,0,30,0,112,272,40,32,0,64,-189,0,0,100,0,352,288,112,80,0,64,-189,0,0,100,0,0,272,112,64,0,110,-154,0,0,30,0,192,176,32,32,0,116,-149,0,0,100,0,0,480,32,48,0,110,-154,0,0,30,0,192,208,64,64,0,134,-154,0,0,30,0,152,272,40,64,0,110,-154,0,0,100,0,64,208,64,64,0,69,-175,0,0,30,0,160,176,32,32,0,75,-170,0,0,100,0,0,480,32,48,0,69,-175,0,0,30,0,128,208,64,64,0,93,-175,0,0,30,0,152,272,40,64,0,69,-175,0,0,100,0,0,208,64,64,0,112,-181,0,0,100,0,112,304,40,32,0,79,-115,0,0,30,0,160,112,96,64,0,95,-139,0,0,30,0,256,112,80,64,0,15,-147,0,1,20,0,464,288,160,96,0,15,-147,0,0,100,0,224,368,160,96,0,15,-147,0,1,8,0,192,272,160,96,0,15,-147,0,0,100,0,0,112,160,96,0,24,-147,0,0,30,0,144,0,144,112,0,24,-147,0,0,100,0,0,0,144,112,0,0,-256,0,0,100,0,808,488,192,256,0,
0,57,85,-115,0,0,100,0,0,528,32,48,0,113,-129,0,0,100,0,0,528,32,48,0,85,-99,0,0,30,0,64,480,32,32,0,113,-113,0,0,30,0,64,480,32,32,0,23,-143,0,0,100,0,400,144,48,48,0,27,-113,0,0,90,0,288,0,32,16,0,53,-156,0,0,100,0,400,192,48,48,0,57,-126,0,0,90,0,288,0,32,16,0,8,-250,0,1,30,0,0,672,160,128,0,8,-218,0,1,30,0,0,808,176,184,0,14,-161,0,0,100,0,32,480,32,32,0,28,-165,0,0,100,0,32,480,32,32,0,38,-182,1,0,100,0,0,480,32,48,0,52,-175,0,0,100,0,32,480,32,32,0,39,-212,0,1,90,0,80,576,32,32,0,48,-138,0,0,30,0,80,640,16,32,0,13,-202,0,0,100,0,0,576,80,96,0,66,-194,0,0,30,0,112,416,112,64,0,66,-194,0,1,20,0,144,560,112,64,0,66,-194,0,0,100,0,32,512,112,64,0,119,-180,0,0,100,0,448,240,48,48,0,126,-152,0,0,90,0,320,0,32,16,0,99,-230,0,0,30,0,128,336,64,80,0,99,-200,0,0,100,0,352,0,48,48,0,105,-170,0,0,90,0,288,0,32,16,0,99,-230,0,1,15,0,224,464,40,64,0,99,-230,0,0,100,0,64,336,64,80,0,72,-205,0,0,100,0,400,96,48,48,0,77,-173,0,0,90,0,288,0,32,16,0,99,-198,0,0,30,0,192,368,32,48,0,66,-194,0,0,30,0,112,480,48,32,0,99,-230,0,0,100,0,0,336,64,80,0,82,-194,0,1,30,0,144,512,80,48,0,66,-194,0,1,20,0,224,528,56,32,0,66,-194,0,0,100,0,0,416,112,64,0,136,-157,0,0,30,0,112,272,40,32,0,64,-189,0,0,100,0,352,288,112,80,0,64,-189,0,0,100,0,0,272,112,64,0,110,-154,0,0,30,0,192,176,32,32,0,116,-149,0,0,100,0,0,480,32,48,0,110,-154,0,0,30,0,192,208,64,64,0,134,-154,0,0,30,0,152,272,40,64,0,110,-154,0,0,100,0,64,208,64,64,0,69,-175,0,0,30,0,160,176,32,32,0,75,-170,0,0,100,0,0,480,32,48,0,69,-175,0,0,30,0,128,208,64,64,0,93,-175,0,0,30,0,152,272,40,64,0,69,-175,0,0,100,0,0,208,64,64,0,79,-115,0,0,30,0,160,112,96,64,0,95,-139,0,0,30,0,256,112,80,64,0,15,-147,0,1,20,0,464,288,160,96,0,15,-147,0,0,100,0,224,368,160,96,0,15,-147,0,1,8,0,192,272,160,96,0,15,-147,0,0,100,0,0,112,160,96,0,24,-147,0,0,30,0,144,0,144,112,0,24,-147,0,0,100,0,0,0,144,112,0,0,-256,0,0,100,0,808,488,192,256,0,
0,58,85,-115,0,0,100,0,0,528,32,48,0,113,-129,0,0,100,0,0,528,32,48,0,85,-99,0,0,30,0,64,480,32,32,0,113,-113,0,0,30,0,64,480,32,32,0,23,-143,0,0,100,0,400,144,48,48,0,27,-113,0,0,90,0,288,0,32,16,0,53,-156,0,0,100,0,400,192,48,48,0,57,-126,0,0,90,0,288,0,32,16,0,8,-250,0,1,20,0,0,672,160,128,0,8,-218,0,1,25,0,0,808,176,184,0,14,-161,0,0,100,0,32,480,32,32,0,28,-165,0,0,100,0,32,480,32,32,0,38,-182,1,0,100,0,0,480,32,48,0,52,-175,0,0,100,0,32,480,32,32,0,39,-212,0,1,90,0,112,576,32,32,0,48,-138,0,0,30,0,80,640,16,32,0,13,-202,0,0,100,0,0,576,80,96,0,66,-194,0,0,30,0,112,416,112,64,0,66,-194,0,1,20,0,144,560,112,64,0,66,-194,0,0,100,0,32,512,112,64,0,119,-180,0,0,100,0,496,240,48,48,0,126,-152,0,0,90,0,320,0,32,16,0,99,-230,0,0,30,0,128,336,64,80,0,97,-199,0,0,100,0,832,0,48,48,0,103,-169,0,0,90,0,288,0,32,16,0,99,-230,0,1,15,0,224,464,40,64,0,99,-230,0,0,100,0,64,336,64,80,0,72,-205,0,0,100,0,400,96,48,48,0,77,-173,0,0,90,0,288,0,32,16,0,99,-198,0,0,30,0,192,368,32,48,0,66,-194,0,0,30,0,112,480,48,32,0,99,-230,0,0,100,0,0,336,64,80,0,82,-194,0,1,30,0,144,512,80,48,0,66,-194,0,1,20,0,224,528,56,32,0,66,-194,0,0,100,0,0,416,112,64,0,136,-157,0,0,30,0,112,272,40,32,0,64,-189,0,0,100,0,352,288,112,80,0,64,-189,0,0,100,0,0,272,112,64,0,110,-154,0,0,30,0,192,176,32,32,0,116,-149,0,0,100,0,0,480,32,48,0,110,-154,0,0,30,0,192,208,64,64,0,134,-154,0,0,30,0,152,272,40,64,0,110,-154,0,0,100,0,64,208,64,64,0,69,-175,0,0,30,0,160,176,32,32,0,75,-170,0,0,100,0,0,480,32,48,0,69,-175,0,0,30,0,128,208,64,64,0,93,-175,0,0,30,0,152,272,40,64,0,69,-175,0,0,100,0,0,208,64,64,0,112,-181,0,0,100,0,112,304,40,32,0,79,-115,0,0,30,0,160,112,96,64,0,95,-139,0,0,30,0,256,112,80,64,0,15,-147,0,1,20,0,464,288,160,96,0,15,-147,0,0,100,0,224,368,160,96,0,15,-147,0,1,8,0,192,272,160,96,0,15,-147,0,0,100,0,0,112,160,96,0,24,-147,0,0,30,0,144,0,144,112,0,24,-147,0,0,100,0,0,0,144,112,0,0,-256,0,0,100,0,808,488,192,256,0,
0,58,85,-115,0,0,100,0,0,528,32,48,0,113,-129,0,0,100,0,0,528,32,48,0,85,-99,0,0,30,0,64,480,32,32,0,113,-113,0,0,30,0,64,480,32,32,0,23,-143,0,0,100,0,400,144,48,48,0,27,-113,0,0,90,0,288,0,32,16,0,53,-156,0,0,100,0,400,192,48,48,0,57,-126,0,0,90,0,288,0,32,16,0,8,-250,0,1,10,0,0,672,160,128,0,8,-218,0,1,20,0,0,808,176,184,0,14,-161,0,0,100,0,32,480,32,32,0,28,-165,0,0,100,0,32,480,32,32,0,38,-182,1,0,100,0,0,480,32,48,0,52,-175,0,0,100,0,32,480,32,32,0,39,-212,0,1,90,0,80,608,32,32,0,48,-138,0,0,30,0,80,640,16,32,0,13,-202,0,0,100,0,0,576,80,96,0,66,-194,0,0,30,0,112,416,112,64,0,66,-194,0,1,20,0,144,560,112,64,0,66,-194,0,0,100,0,32,512,112,64,0,119,-180,0,0,100,0,448,240,48,48,0,126,-152,0,0,90,0,320,0,32,16,0,99,-230,0,0,30,0,128,336,64,80,0,96,-198,0,0,100,0,352,0,48,48,0,102,-168,0,0,90,0,288,0,32,16,0,99,-230,0,1,15,0,224,464,40,64,0,99,-230,0,0,100,0,64,336,64,80,0,72,-205,0,0,100,0,400,96,48,48,0,77,-173,0,0,90,0,288,0,32,16,0,99,-198,0,0,30,0,192,368,32,48,0,66,-194,0,0,30,0,112,480,48,32,0,99,-230,0,0,100,0,0,336,64,80,0,82,-194,0,1,30,0,144,512,80,48,0,66,-194,0,1,20,0,224,528,56,32,0,66,-194,0,0,100,0,0,416,112,64,0,136,-157,0,0,30,0,112,272,40,32,0,64,-189,0,0,100,0,352,288,112,80,0,64,-189,0,0,100,0,0,272,112,64,0,110,-154,0,0,30,0,192,176,32,32,0,116,-149,0,0,100,0,0,480,32,48,0,110,-154,0,0,30,0,192,208,64,64,0,134,-154,0,0,30,0,152,272,40,64,0,110,-154,0,0,100,0,64,208,64,64,0,69,-175,0,0,30,0,160,176,32,32,0,75,-170,0,0,100,0,0,480,32,48,0,69,-175,0,0,30,0,128,208,64,64,0,93,-175,0,0,30,0,152,272,40,64,0,69,-175,0,0,100,0,0,208,64,64,0,112,-181,0,0,100,0,112,304,40,32,0,79,-115,0,0,30,0,160,112,96,64,0,95,-139,0,0,30,0,256,112,80,64,0,15,-147,0,1,20,0,464,288,160,96,0,15,-147,0,0,100,0,224,368,160,96,0,15,-147,0,1,8,0,192,272,160,96,0,15,-147,0,0,100,0,0,112,160,96,0,24,-147,0,0,30,0,144,0,144,112,0,24,-147,0,0,100,0,0,0,144,112,0,0,-256,0,0,100,0,808,488,192,256,0,
0,58,85,-115,0,0,100,0,0,528,32,48,0,113,-129,0,0,100,0,0,528,32,48,0,85,-99,0,0,30,0,64,480,32,32,0,113,-113,0,0,30,0,64,480,32,32,0,23,-143,0,0,100,0,400,144,48,48,0,27,-113,0,0,90,0,288,0,32,16,0,53,-156,0,0,100,0,400,192,48,48,0,57,-126,0,0,90,0,288,0,32,16,0,8,-250,0,1,20,0,0,672,160,128,0,8,-218,0,1,25,0,0,808,176,184,0,14,-161,0,0,100,0,32,480,32,32,0,28,-165,0,0,100,0,32,480,32,32,0,38,-182,1,0,100,0,0,480,32,48,0,52,-175,0,0,100,0,32,480,32,32,0,39,-212,0,1,90,0,112,608,32,32,0,48,-138,0,0,30,0,80,640,16,32,0,13,-202,0,0,100,0,0,576,80,96,0,66,-194,0,0,30,0,112,416,112,64,0,66,-194,0,1,20,0,144,560,112,64,0,66,-194,0,0,100,0,32,512,112,64,0,119,-180,0,0,100,0,496,240,48,48,0,126,-152,0,0,90,0,320,0,32,16,0,99,-230,0,0,30,0,128,336,64,80,0,95,-199,0,0,100,0,880,0,48,48,0,101,-169,0,0,90,0,288,0,32,16,0,99,-230,0,1,15,0,224,464,40,64,0,99,-230,0,0,100,0,64,336,64,80,0,72,-205,0,0,100,0,448,96,48,48,0,77,-173,0,0,90,0,288,0,32,16,0,99,-198,0,0,30,0,192,368,32,48,0,66,-194,0,0,30,0,112,480,48,32,0,99,-230,0,0,100,0,0,336,64,80,0,82,-194,0,1,30,0,144,512,80,48,0,66,-194,0,1,20,0,224,528,56,32,0,66,-194,0,0,100,0,0,416,112,64,0,136,-157,0,0,30,0,112,272,40,32,0,64,-189,0,0,100,0,352,288,112,80,0,64,-189,0,0,100,0,0,272,112,64,0,110,-154,0,0,30,0,192,176,32,32,0,116,-149,0,0,100,0,0,480,32,48,0,110,-154,0,0,30,0,192,208,64,64,0,134,-154,0,0,30,0,152,272,40,64,0,110,-154,0,0,100,0,64,208,64,64,0,69,-175,0,0,30,0,160,176,32,32,0,75,-170,0,0,100,0,0,480,32,48,0,69,-175,0,0,30,0,128,208,64,64,0,93,-175,0,0,30,0,152,272,40,64,0,69,-175,0,0,100,0,0,208,64,64,0,112,-181,0,0,100,0,112,304,40,32,0,79,-115,0,0,30,0,160,112,96,64,0,95,-139,0,0,30,0,256,112,80,64,0,15,-147,0,1,20,0,464,288,160,96,0,15,-147,0,0,100,0,224,368,160,96,0,15,-147,0,1,8,0,192,272,160,96,0,15,-147,0,0,100,0,0,112,160,96,0,24,-147,0,0,30,0,144,0,144,112,0,24,-147,0,0,100,0,0,0,144,112,0,0,-256,0,0,100,0,808,488,192,256,0,
0,58,85,-115,0,0,100,0,0,528,32,48,0,113,-129,0,0,100,0,0,528,32,48,0,85,-99,0,0,30,0,64,480,32,32,0,113,-113,0,0,30,0,64,480,32,32,0,23,-143,0,0,100,0,400,144,48,48,0,27,-113,0,0,90,0,288,0,32,16,0,53,-156,0,0,100,0,400,192,48,48,0,57,-126,0,0,90,0,288,0,32,16,0,8,-250,0,1,30,0,0,672,160,128,0,8,-218,0,1,30,0,0,808,176,184,0,14,-161,0,0,100,0,32,480,32,32,0,28,-165,0,0,100,0,32,480,32,32,0,38,-182,1,0,100,0,0,480,32,48,0,52,-175,0,0,100,0,32,480,32,32,0,39,-212,0,1,90,0,80,576,32,32,0,48,-138,0,0,30,0,80,640,16,32,0,13,-202,0,0,100,0,0,576,80,96,0,66,-194,0,0,30,0,112,416,112,64,0,66,-194,0,1,20,0,144,560,112,64,0,66,-194,0,0,100,0,32,512,112,64,0,119,-180,0,0,100,0,448,240,48,48,0,126,-152,0,0,90,0,320,0,32,16,0,99,-230,0,0,30,0,128,336,64,80,0,94,-198,0,0,100,0,352,0,48,48,0,100,-168,0,0,90,0,288,0,32,16,0,99,-230,0,1,15,0,224,464,40,64,0,99,-230,0,0,100,0,64,336,64,80,0,72,-205,0,0,100,0,448,96,48,48,0,77,-173,0,0,90,0,288,0,32,16,0,99,-198,0,0,30,0,192,368,32,48,0,66,-194,0,0,30,0,112,480,48,32,0,99,-230,0,0,100,0,0,336,64,80,0,82,-194,0,1,30,0,144,512,80,48,0,66,-194,0,1,20,0,224,528,56,32,0,66,-194,0,0,100,0,0,416,112,64,0,136,-157,0,0,30,0,112,272,40,32,0,64,-189,0,0,100,0,352,288,112,80,0,64,-189,0,0,100,0,0,272,112,64,0,110,-154,0,0,30,0,192,176,32,32,0,116,-149,0,0,100,0,0,480,32,48,0,110,-154,0,0,30,0,192,208,64,64,0,134,-154,0,0,30,0,152,272,40,64,0,110,-154,0,0,100,0,64,208,64,64,0,69,-175,0,0,30,0,160,176,32,32,0,75,-170,0,0,100,0,0,480,32,48,0,69,-175,0,0,30,0,128,208,64,64,0,93,-175,0,0,30,0,152,272,40,64,0,69,-175,0,0,100,0,0,208,64,64,0,112,-181,0,0,100,0,112,304,40,32,0,79,-115,0,0,30,0,160,112,96,64,0,95,-139,0,0,30,0,256,112,80,64,0,15,-147,0,1,20,0,464,288,160,96,0,15,-147,0,0,100,0,224,368,160,96,0,15,-147,0,1,8,0,192,272,160,96,0,15,-147,0,0,100,0,0,112,160,96,0,24,-147,0,0,30,0,144,0,144,112,0,24,-147,0,0,100,0,0,0,144,112,0,0,-256,0,0,100,0,808,488,192,256,0,
0,58,85,-115,0,0,100,0,0,528,32,48,0,113,-129,0,0,100,0,0,528,32,48,0,85,-99,0,0,30,0,64,480,32,32,0,113,-113,0,0,30,0,64,480,32,32,0,23,-143,0,0,100,0,400,144,48,48,0,27,-113,0,0,90,0,288,0,32,16,0,53,-156,0,0,100,0,400,192,48,48,0,57,-126,0,0,90,0,288,0,32,16,0,8,-250,0,1,20,0,0,672,160,128,0,8,-218,0,1,25,0,0,808,176,184,0,14,-161,0,0,100,0,32,480,32,32,0,28,-165,0,0,100,0,32,480,32,32,0,38,-182,1,0,100,0,0,480,32,48,0,52,-175,0,0,100,0,32,480,32,32,0,39,-212,0,1,90,0,112,576,32,32,0,48,-138,0,0,30,0,80,640,16,32,0,13,-202,0,0,100,0,0,576,80,96,0,66,-194,0,0,30,0,112,416,112,64,0,66,-194,0,1,20,0,144,560,112,64,0,66,-194,0,0,100,0,32,512,112,64,0,119,-180,0,0,100,0,496,240,48,48,0,126,-152,0,0,90,0,320,0,32,16,0,99,-230,0,0,30,0,128,336,64,80,0,94,-198,0,0,100,0,352,0,48,48,0,100,-168,0,0,90,0,288,0,32,16,0,99,-230,0,1,15,0,224,464,40,64,0,99,-230,0,0,100,0,64,336,64,80,0,72,-205,0,0,100,0,448,96,48,48,0,77,-173,0,0,90,0,288,0,32,16,0,99,-198,0,0,30,0,192,368,32,48,0,66,-194,0,0,30,0,112,480,48,32,0,99,-230,0,0,100,0,0,336,64,80,0,82,-194,0,1,30,0,144,512,80,48,0,66,-194,0,1,20,0,224,528,56,32,0,66,-194,0,0,100,0,0,416,112,64,0,136,-157,0,0,30,0,112,272,40,32,0,64,-189,0,0,100,0,352,288,112,80,0,64,-189,0,0,100,0,0,272,112,64,0,110,-154,0,0,30,0,192,176,32,32,0,116,-149,0,0,100,0,0,480,32,48,0,110,-154,0,0,30,0,192,208,64,64,0,134,-154,0,0,30,0,152,272,40,64,0,110,-154,0,0,100,0,64,208,64,64,0,69,-175,0,0,30,0,160,176,32,32,0,75,-170,0,0,100,0,0,480,32,48,0,69,-175,0,0,30,0,128,208,64,64,0,93,-175,0,0,30,0,152,272,40,64,0,69,-175,0,0,100,0,0,208,64,64,0,112,-181,0,0,100,0,112,304,40,32,0,79,-115,0,0,30,0,160,112,96,64,0,95,-139,0,0,30,0,256,112,80,64,0,15,-147,0,1,20,0,464,288,160,96,0,15,-147,0,0,100,0,224,368,160,96,0,15,-147,0,1,8,0,192,272,160,96,0,15,-147,0,0,100,0,0,112,160,96,0,24,-147,0,0,30,0,144,0,144,112,0,24,-147,0,0,100,0,0,0,144,112,0,0,-256,0,0,100,0,808,488,192,256,0,
0,58,85,-115,0,0,100,0,0,528,32,48,0,113,-129,0,0,100,0,0,528,32,48,0,85,-99,0,0,30,0,64,480,32,32,0,113,-113,0,0,30,0,64,480,32,32,0,23,-143,0,0,100,0,400,144,48,48,0,27,-113,0,0,90,0,288,0,32,16,0,53,-156,0,0,100,0,400,192,48,48,0,57,-126,0,0,90,0,288,0,32,16,0,8,-250,0,1,10,0,0,672,160,128,0,8,-218,0,1,20,0,0,808,176,184,0,14,-161,0,0,100,0,32,480,32,32,0,28,-165,0,0,100,0,32,480,32,32,0,38,-182,1,0,100,0,0,480,32,48,0,52,-175,0,0,100,0,32,480,32,32,0,39,-212,0,1,90,0,80,608,32,32,0,48,-138,0,0,30,0,80,640,16,32,0,13,-202,0,0,100,0,0,576,80,96,0,66,-194,0,0,30,0,112,416,112,64,0,66,-194,0,1,20,0,144,560,112,64,0,66,-194,0,0,100,0,32,512,112,64,0,119,-180,0,0,100,0,448,240,48,48,0,126,-152,0,0,90,0,320,0,32,16,0,99,-230,0,0,30,0,128,336,64,80,0,94,-198,0,0,100,0,352,0,48,48,0,100,-168,0,0,90,0,288,0,32,16,0,99,-230,0,1,15,0,224,464,40,64,0,99,-230,0,0,100,0,64,336,64,80,0,72,-205,0,0,100,0,352,96,48,48,0,77,-173,0,0,90,0,288,0,32,16,0,99,-198,0,0,30,0,192,368,32,48,0,66,-194,0,0,30,0,112,480,48,32,0,99,-230,0,0,100,0,0,336,64,80,0,82,-194,0,1,30,0,144,512,80,48,0,66,-194,0,1,20,0,224,528,56,32,0,66,-194,0,0,100,0,0,416,112,64,0,136,-157,0,0,30,0,112,272,40,32,0,64,-189,0,0,100,0,352,288,112,80,0,64,-189,0,0,100,0,0,272,112,64,0,110,-154,0,0,30,0,192,176,32,32,0,116,-149,0,0,100,0,0,480,32,48,0,110,-154,0,0,30,0,192,208,64,64,0,134,-154,0,0,30,0,152,272,40,64,0,110,-154,0,0,100,0,64,208,64,64,0,69,-175,0,0,30,0,160,176,32,32,0,75,-170,0,0,100,0,0,480,32,48,0,69,-175,0,0,30,0,128,208,64,64,0,93,-175,0,0,30,0,152,272,40,64,0,69,-175,0,0,100,0,0,208,64,64,0,112,-181,0,0,100,0,112,304,40,32,0,79,-115,0,0,30,0,160,112,96,64,0,95,-139,0,0,30,0,256,112,80,64,0,15,-147,0,1,20,0,464,288,160,96,0,15,-147,0,0,100,0,224,368,160,96,0,15,-147,0,1,8,0,192,272,160,96,0,15,-147,0,0,100,0,0,112,160,96,0,24,-147,0,0,30,0,144,0,144,112,0,24,-147,0,0,100,0,0,0,144,112,0,0,-256,0,0,100,0,808,488,192,256,0,
0,58,85,-115,0,0,100,0,0,528,32,48,0,113,-129,0,0,100,0,0,528,32,48,0,85,-99,0,0,30,0,64,480,32,32,0,113,-113,0,0,30,0,64,480,32,32,0,23,-143,0,0,100,0,400,144,48,48,0,27,-113,0,0,90,0,288,0,32,16,0,53,-156,0,0,100,0,400,192,48,48,0,57,-126,0,0,90,0,288,0,32,16,0,8,-250,0,1,20,0,0,672,160,128,0,8,-218,0,1,25,0,0,808,176,184,0,14,-161,0,0,100,0,32,480,32,32,0,28,-165,0,0,100,0,32,480,32,32,0,38,-182,1,0,100,0,0,480,32,48,0,52,-175,0,0,100,0,32,480,32,32,0,39,-212,0,1,90,0,112,608,32,32,0,48,-138,0,0,30,0,80,640,16,32,0,13,-202,0,0,100,0,0,576,80,96,0,66,-194,0,0,30,0,112,416,112,64,0,66,-194,0,1,20,0,144,560,112,64,0,66,-194,0,0,100,0,32,512,112,64,0,119,-180,0,0,100,0,496,240,48,48,0,126,-152,0,0,90,0,320,0,32,16,0,99,-230,0,0,30,0,128,336,64,80,0,94,-198,0,0,100,0,352,0,48,48,0,100,-168,0,0,90,0,288,0,32,16,0,99,-230,0,1,15,0,224,464,40,64,0,99,-230,0,0,100,0,64,336,64,80,0,72,-205,0,0,100,0,352,96,48,48,0,77,-173,0,0,90,0,288,0,32,16,0,99,-198,0,0,30,0,192,368,32,48,0,66,-194,0,0,30,0,112,480,48,32,0,99,-230,0,0,100,0,0,336,64,80,0,82,-194,0,1,30,0,144,512,80,48,0,66,-194,0,1,20,0,224,528,56,32,0,66,-194,0,0,100,0,0,416,112,64,0,136,-157,0,0,30,0,112,272,40,32,0,64,-189,0,0,100,0,352,288,112,80,0,64,-189,0,0,100,0,0,272,112,64,0,110,-154,0,0,30,0,192,176,32,32,0,116,-149,0,0,100,0,0,480,32,48,0,110,-154,0,0,30,0,192,208,64,64,0,134,-154,0,0,30,0,152,272,40,64,0,110,-154,0,0,100,0,64,208,64,64,0,69,-175,0,0,30,0,160,176,32,32,0,75,-170,0,0,100,0,0,480,32,48,0,69,-175,0,0,30,0,128,208,64,64,0,93,-175,0,0,30,0,152,272,40,64,0,69,-175,0,0,100,0,0,208,64,64,0,112,-181,0,0,100,0,112,304,40,32,0,79,-115,0,0,30,0,160,112,96,64,0,95,-139,0,0,30,0,256,112,80,64,0,15,-147,0,1,20,0,464,288,160,96,0,15,-147,0,0,100,0,224,368,160,96,0,15,-147,0,1,8,0,192,272,160,96,0,15,-147,0,0,100,0,0,112,160,96,0,24,-147,0,0,30,0,144,0,144,112,0,24,-147,0,0,100,0,0,0,144,112,0,0,-256,0,0,100,0,808,488,192,256,0,
0,58,85,-115,0,0,100,0,0,528,32,48,0,113,-129,0,0,100,0,0,528,32,48,0,85,-99,0,0,30,0,64,480,32,32,0,113,-113,0,0,30,0,64,480,32,32,0,23,-143,0,0,100,0,400,144,48,48,0,27,-113,0,0,90,0,288,0,32,16,0,53,-156,0,0,100,0,400,192,48,48,0,57,-126,0,0,90,0,288,0,32,16,0,8,-250,0,1,30,0,0,672,160,128,0,8,-218,0,1,30,0,0,808,176,184,0,14,-161,0,0,100,0,32,480,32,32,0,28,-165,0,0,100,0,32,480,32,32,0,38,-182,1,0,100,0,0,480,32,48,0,52,-175,0,0,100,0,32,480,32,32,0,39,-212,0,1,90,0,80,576,32,32,0,48,-138,0,0,30,0,80,640,16,32,0,13,-202,0,0,100,0,0,576,80,96,0,66,-194,0,0,30,0,112,416,112,64,0,66,-194,0,1,20,0,144,560,112,64,0,66,-194,0,0,100,0,32,512,112,64,0,119,-180,0,0,100,0,352,240,48,48,0,126,-152,0,0,90,0,320,0,32,16,0,99,-230,0,0,30,0,128,336,64,80,0,94,-198,0,0,100,0,352,0,48,48,0,100,-168,0,0,90,0,288,0,32,16,0,99,-230,0,1,15,0,224,464,40,64,0,99,-230,0,0,100,0,64,336,64,80,0,72,-205,0,0,100,0,352,96,48,48,0,77,-173,0,0,90,0,288,0,32,16,0,99,-198,0,0,30,0,192,368,32,48,0,66,-194,0,0,30,0,112,480,48,32,0,99,-230,0,0,100,0,0,336,64,80,0,82,-194,0,1,30,0,144,512,80,48,0,66,-194,0,1,20,0,224,528,56,32,0,66,-194,0,0,100,0,0,416,112,64,0,136,-157,0,0,30,0,112,272,40,32,0,64,-189,0,0,100,0,352,288,112,80,0,64,-189,0,0,100,0,0,272,112,64,0,110,-154,0,0,30,0,192,176,32,32,0,116,-149,0,0,100,0,0,480,32,48,0,110,-154,0,0,30,0,192,208,64,64,0,134,-154,0,0,30,0,152,272,40,64,0,110,-154,0,0,100,0,64,208,64,64,0,69,-175,0,0,30,0,160,176,32,32,0,75,-170,0,0,100,0,0,480,32,48,0,69,-175,0,0,30,0,128,208,64,64,0,93,-175,0,0,30,0,152,272,40,64,0,69,-175,0,0,100,0,0,208,64,64,0,112,-181,0,0,100,0,112,304,40,32,0,79,-115,0,0,30,0,160,112,96,64,0,95,-139,0,0,30,0,256,112,80,64,0,15,-147,0,1,20,0,464,288,160,96,0,15,-147,0,0,100,0,224,368,160,96,0,15,-147,0,1,8,0,192,272,160,96,0,15,-147,0,0,100,0,0,112,160,96,0,24,-147,0,0,30,0,144,0,144,112,0,24,-147,0,0,100,0,0,0,144,112,0,0,-256,0,0,100,0,808,488,192,256,0,
0,58,85,-115,0,0,100,0,0,528,32,48,0,113,-129,0,0,100,0,0,528,32,48,0,85,-99,0,0,30,0,64,480,32,32,0,113,-113,0,0,30,0,64,480,32,32,0,23,-143,0,0,100,0,400,144,48,48,0,27,-113,0,0,90,0,288,0,32,16,0,53,-156,0,0,100,0,400,192,48,48,0,57,-126,0,0,90,0,288,0,32,16,0,8,-250,0,1,20,0,0,672,160,128,0,8,-218,0,1,25,0,0,808,176,184,0,14,-161,0,0,100,0,32,480,32,32,0,28,-165,0,0,100,0,32,480,32,32,0,38,-182,1,0,100,0,0,480,32,48,0,52,-175,0,0,100,0,32,480,32,32,0,39,-212,0,1,90,0,112,576,32,32,0,48,-138,0,0,30,0,80,640,16,32,0,13,-202,0,0,100,0,0,576,80,96,0,66,-194,0,0,30,0,112,416,112,64,0,66,-194,0,1,20,0,144,560,112,64,0,66,-194,0,0,100,0,32,512,112,64,0,119,-180,0,0,100,0,400,240,48,48,0,126,-152,0,0,90,0,320,0,32,16,0,99,-230,0,0,30,0,128,336,64,80,0,94,-198,0,0,100,0,352,0,48,48,0,100,-168,0,0,90,0,288,0,32,16,0,99,-230,0,1,15,0,224,464,40,64,0,99,-230,0,0,100,0,64,336,64,80,0,72,-205,0,0,100,0,352,96,48,48,0,77,-173,0,0,90,0,288,0,32,16,0,99,-198,0,0,30,0,192,368,32,48,0,66,-194,0,0,30,0,112,480,48,32,0,99,-230,0,0,100,0,0,336,64,80,0,82,-194,0,1,30,0,144,512,80,48,0,66,-194,0,1,20,0,224,528,56,32,0,66,-194,0,0,100,0,0,416,112,64,0,136,-157,0,0,30,0,112,272,40,32,0,64,-189,0,0,100,0,352,288,112,80,0,64,-189,0,0,100,0,0,272,112,64,0,110,-154,0,0,30,0,192,176,32,32,0,116,-149,0,0,100,0,0,480,32,48,0,110,-154,0,0,30,0,192,208,64,64,0,134,-154,0,0,30,0,152,272,40,64,0,110,-154,0,0,100,0,64,208,64,64,0,69,-175,0,0,30,0,160,176,32,32,0,75,-170,0,0,100,0,0,480,32,48,0,69,-175,0,0,30,0,128,208,64,64,0,93,-175,0,0,30,0,152,272,40,64,0,69,-175,0,0,100,0,0,208,64,64,0,112,-181,0,0,100,0,112,304,40,32,0,79,-115,0,0,30,0,160,112,96,64,0,95,-139,0,0,30,0,256,112,80,64,0,15,-147,0,1,20,0,464,288,160,96,0,15,-147,0,0,100,0,224,368,160,96,0,15,-147,0,1,8,0,192,272,160,96,0,15,-147,0,0,100,0,0,112,160,96,0,24,-147,0,0,30,0,144,0,144,112,0,24,-147,0,0,100,0,0,0,144,112,0,0,-256,0,0,100,0,808,488,192,256,0,
0,58,85,-115,0,0,100,0,0,528,32,48,0,113,-129,0,0,100,0,0,528,32,48,0,85,-99,0,0,30,0,64,480,32,32,0,113,-113,0,0,30,0,64,480,32,32,0,23,-143,0,0,100,0,400,144,48,48,0,27,-113,0,0,90,0,288,0,32,16,0,53,-156,0,0,100,0,400,192,48,48,0,57,-126,0,0,90,0,288,0,32,16,0,8,-250,0,1,10,0,0,672,160,128,0,8,-218,0,1,20,0,0,808,176,184,0,14,-161,0,0,100,0,32,480,32,32,0,28,-165,0,0,100,0,32,480,32,32,0,38,-182,1,0,100,0,0,480,32,48,0,52,-175,0,0,100,0,32,480,32,32,0,39,-212,0,1,90,0,80,608,32,32,0,48,-138,0,0,30,0,80,640,16,32,0,13,-202,0,0,100,0,0,576,80,96,0,66,-194,0,0,30,0,112,416,112,64,0,66,-194,0,1,20,0,144,560,112,64,0,66,-194,0,0,100,0,32,512,112,64,0,119,-180,0,0,100,0,352,240,48,48,0,126,-152,0,0,90,0,320,0,32,16,0,99,-230,0,0,30,0,128,336,64,80,0,94,-198,0,0,100,0,352,0,48,48,0,100,-168,0,0,90,0,288,0,32,16,0,99,-230,0,1,15,0,224,464,40,64,0,99,-230,0,0,100,0,64,336,64,80,0,72,-205,0,0,100,0,352,96,48,48,0,77,-173,0,0,90,0,288,0,32,16,0,99,-198,0,0,30,0,192,368,32,48,0,66,-194,0,0,30,0,112,480,48,32,0,99,-230,0,0,100,0,0,336,64,80,0,82,-194,0,1,30,0,144,512,80,48,0,66,-194,0,1,20,0,224,528,56,32,0,66,-194,0,0,100,0,0,416,112,64,0,136,-157,0,0,30,0,112,272,40,32,0,64,-189,0,0,100,0,352,288,112,80,0,64,-189,0,0,100,0,0,272,112,64,0,110,-154,0,0,30,0,192,176,32,32,0,116,-149,0,0,100,0,0,480,32,48,0,110,-154,0,0,30,0,192,208,64,64,0,134,-154,0,0,30,0,152,272,40,64,0,110,-154,0,0,100,0,64,208,64,64,0,69,-175,0,0,30,0,160,176,32,32,0,75,-170,0,0,100,0,0,480,32,48,0,69,-175,0,0,30,0,128,208,64,64,0,93,-175,0,0,30,0,152,272,40,64,0,69,-175,0,0,100,0,0,208,64,64,0,112,-181,0,0,100,0,112,304,40,32,0,79,-115,0,0,30,0,160,112,96,64,0,95,-139,0,0,30,0,256,112,80,64,0,15,-147,0,1,20,0,464,288,160,96,0,15,-147,0,0,100,0,224,368,160,96,0,15,-147,0,1,8,0,192,272,160,96,0,15,-147,0,0,100,0,0,112,160,96,0,24,-147,0,0,30,0,144,0,144,112,0,24,-147,0,0,100,0,0,0,144,112,0,0,-256,0,0,100,0,808,488,192,256,0,
0,58,85,-115,0,0,100,0,0,528,32,48,0,113,-129,0,0,100,0,0,528,32,48,0,85,-99,0,0,30,0,64,480,32,32,0,113,-113,0,0,30,0,64,480,32,32,0,23,-143,0,0,100,0,400,144,48,48,0,27,-113,0,0,90,0,288,0,32,16,0,53,-156,0,0,100,0,400,192,48,48,0,57,-126,0,0,90,0,288,0,32,16,0,8,-250,0,1,20,0,0,672,160,128,0,8,-218,0,1,25,0,0,808,176,184,0,14,-161,0,0,100,0,32,480,32,32,0,28,-165,0,0,100,0,32,480,32,32,0,38,-182,1,0,100,0,0,480,32,48,0,52,-175,0,0,100,0,32,480,32,32,0,39,-212,0,1,90,0,112,608,32,32,0,48,-138,0,0,30,0,80,640,16,32,0,13,-202,0,0,100,0,0,576,80,96,0,66,-194,0,0,30,0,112,416,112,64,0,66,-194,0,1,20,0,144,560,112,64,0,66,-194,0,0,100,0,32,512,112,64,0,119,-180,0,0,100,0,400,240,48,48,0,126,-152,0,0,90,0,320,0,32,16,0,99,-230,0,0,30,0,128,336,64,80,0,94,-198,0,0,100,0,352,0,48,48,0,100,-168,0,0,90,0,288,0,32,16,0,99,-230,0,1,15,0,224,464,40,64,0,99,-230,0,0,100,0,64,336,64,80,0,72,-205,0,0,100,0,352,96,48,48,0,77,-173,0,0,90,0,288,0,32,16,0,99,-198,0,0,30,0,192,368,32,48,0,66,-194,0,0,30,0,112,480,48,32,0,99,-230,0,0,100,0,0,336,64,80,0,82,-194,0,1,30,0,144,512,80,48,0,66,-194,0,1,20,0,224,528,56,32,0,66,-194,0,0,100,0,0,416,112,64,0,136,-157,0,0,30,0,112,272,40,32,0,64,-189,0,0,100,0,352,288,112,80,0,64,-189,0,0,100,0,0,272,112,64,0,110,-154,0,0,30,0,192,176,32,32,0,116,-149,0,0,100,0,0,480,32,48,0,110,-154,0,0,30,0,192,208,64,64,0,134,-154,0,0,30,0,152,272,40,64,0,110,-154,0,0,100,0,64,208,64,64,0,69,-175,0,0,30,0,160,176,32,32,0,75,-170,0,0,100,0,0,480,32,48,0,69,-175,0,0,30,0,128,208,64,64,0,93,-175,0,0,30,0,152,272,40,64,0,69,-175,0,0,100,0,0,208,64,64,0,112,-181,0,0,100,0,112,304,40,32,0,79,-115,0,0,30,0,160,112,96,64,0,95,-139,0,0,30,0,256,112,80,64,0,15,-147,0,1,20,0,464,288,160,96,0,15,-147,0,0,100,0,224,368,160,96,0,15,-147,0,1,8,0,192,272,160,96,0,15,-147,0,0,100,0,0,112,160,96,0,24,-147,0,0,30,0,144,0,144,112,0,24,-147,0,0,100,0,0,0,144,112,0,0,-256,0,0,100,0,808,488,192,256,0,
0,58,85,-115,0,0,100,0,0,528,32,48,0,113,-129,0,0,100,0,0,528,32,48,0,85,-99,0,0,30,0,64,480,32,32,0,113,-113,0,0,30,0,64,480,32,32,0,23,-143,0,0,100,0,400,144,48,48,0,27,-113,0,0,90,0,288,0,32,16,0,53,-156,0,0,100,0,400,192,48,48,0,57,-126,0,0,90,0,288,0,32,16,0,8,-250,0,1,30,0,0,672,160,128,0,8,-218,0,1,30,0,0,808,176,184,0,14,-161,0,0,100,0,32,480,32,32,0,28,-165,0,0,100,0,32,480,32,32,0,38,-182,1,0,100,0,0,480,32,48,0,52,-175,0,0,100,0,32,480,32,32,0,39,-212,0,1,90,0,80,576,32,32,0,48,-138,0,0,30,0,80,640,16,32,0,13,-202,0,0,100,0,0,576,80,96,0,66,-194,0,0,30,0,112,416,112,64,0,66,-194,0,1,20,0,144,560,112,64,0,66,-194,0,0,100,0,32,512,112,64,0,119,-180,0,0,100,0,352,240,48,48,0,126,-152,0,0,90,0,320,0,32,16,0,99,-230,0,0,30,0,128,336,64,80,0,94,-198,0,0,100,0,400,48,48,48,0,100,-168,0,0,90,0,288,0,32,16,0,99,-230,0,1,15,0,224,464,40,64,0,99,-230,0,0,100,0,64,336,64,80,0,72,-205,0,0,100,0,352,96,48,48,0,77,-173,0,0,90,0,288,0,32,16,0,99,-198,0,0,30,0,192,368,32,48,0,66,-194,0,0,30,0,112,480,48,32,0,99,-230,0,0,100,0,0,336,64,80,0,82,-194,0,1,30,0,144,512,80,48,0,66,-194,0,1,20,0,224,528,56,32,0,66,-194,0,0,100,0,0,416,112,64,0,136,-157,0,0,30,0,112,272,40,32,0,64,-189,0,0,100,0,352,288,112,80,0,64,-189,0,0,100,0,0,272,112,64,0,110,-154,0,0,30,0,192,176,32,32,0,116,-149,0,0,100,0,0,480,32,48,0,110,-154,0,0,30,0,192,208,64,64,0,134,-154,0,0,30,0,152,272,40,64,0,110,-154,0,0,100,0,64,208,64,64,0,69,-175,0,0,30,0,160,176,32,32,0,75,-170,0,0,100,0,0,480,32,48,0,69,-175,0,0,30,0,128,208,64,64,0,93,-175,0,0,30,0,152,272,40,64,0,69,-175,0,0,100,0,0,208,64,64,0,112,-181,0,0,100,0,112,304,40,32,0,79,-115,0,0,30,0,160,112,96,64,0,95,-139,0,0,30,0,256,112,80,64,0,15,-147,0,1,20,0,464,288,160,96,0,15,-147,0,0,100,0,224,368,160,96,0,15,-147,0,1,8,0,192,272,160,96,0,15,-147,0,0,100,0,0,112,160,96,0,24,-147,0,0,30,0,144,0,144,112,0,24,-147,0,0,100,0,0,0,144,112,0,0,-256,0,0,100,0,808,488,192,256,0,
0,58,85,-115,0,0,100,0,0,528,32,48,0,113,-129,0,0,100,0,0,528,32,48,0,85,-99,0,0,30,0,64,480,32,32,0,113,-113,0,0,30,0,64,480,32,32,0,23,-143,0,0,100,0,448,144,48,48,0,26,-113,0,0,90,0,288,0,32,16,0,53,-156,0,0,100,0,448,192,48,48,0,56,-126,0,0,90,0,288,0,32,16,0,8,-250,0,1,20,0,0,672,160,128,0,8,-218,0,1,25,0,0,808,176,184,0,14,-161,0,0,100,0,32,480,32,32,0,28,-165,0,0,100,0,32,480,32,32,0,38,-182,1,0,100,0,0,480,32,48,0,52,-175,0,0,100,0,32,480,32,32,0,39,-212,0,1,90,0,112,576,32,32,0,48,-138,0,0,30,0,80,640,16,32,0,13,-202,0,0,100,0,0,576,80,96,0,66,-194,0,0,30,0,112,416,112,64,0,66,-194,0,1,20,0,144,560,112,64,0,66,-194,0,0,100,0,32,512,112,64,0,119,-180,0,0,100,0,400,240,48,48,0,126,-152,0,0,90,0,320,0,32,16,0,99,-230,0,0,30,0,128,336,64,80,0,94,-198,0,0,100,0,352,48,48,48,0,100,-168,0,0,90,0,288,0,32,16,0,99,-230,0,1,15,0,224,464,40,64,0,99,-230,0,0,100,0,64,336,64,80,0,72,-205,0,0,100,0,352,96,48,48,0,77,-173,0,0,90,0,288,0,32,16,0,99,-198,0,0,30,0,192,368,32,48,0,66,-194,0,0,30,0,112,480,48,32,0,99,-230,0,0,100,0,0,336,64,80,0,82,-194,0,1,30,0,144,512,80,48,0,66,-194,0,1,20,0,224,528,56,32,0,66,-194,0,0,100,0,0,416,112,64,0,136,-157,0,0,30,0,112,272,40,32,0,64,-189,0,0,100,0,352,288,112,80,0,64,-189,0,0,100,0,0,272,112,64,0,110,-154,0,0,30,0,192,176,32,32,0,116,-149,0,0,100,0,0,480,32,48,0,110,-154,0,0,30,0,192,208,64,64,0,134,-154,0,0,30,0,152,272,40,64,0,110,-154,0,0,100,0,64,208,64,64,0,69,-175,0,0,30,0,160,176,32,32,0,75,-170,0,0,100,0,0,480,32,48,0,69,-175,0,0,30,0,128,208,64,64,0,93,-175,0,0,30,0,152,272,40,64,0,69,-175,0,0,100,0,0,208,64,64,0,112,-181,0,0,100,0,112,304,40,32,0,79,-115,0,0,30,0,160,112,96,64,0,95,-139,0,0,30,0,256,112,80,64,0,15,-147,0,1,20,0,464,288,160,96,0,15,-147,0,0,100,0,224,368,160,96,0,15,-147,0,1,8,0,192,272,160,96,0,15,-147,0,0,100,0,0,112,160,96,0,24,-147,0,0,30,0,144,0,144,112,0,24,-147,0,0,100,0,0,0,144,112,0,0,-256,0,0,100,0,808,488,192,256,0,
0,58,85,-115,0,0,100,0,0,528,32,48,0,113,-129,0,0,100,0,0,528,32,48,0,85,-99,0,0,30,0,64,480,32,32,0,113,-113,0,0,30,0,64,480,32,32,0,23,-143,0,0,100,0,496,144,48,48,0,26,-113,0,0,90,0,288,0,32,16,0,53,-156,0,0,100,0,496,192,48,48,0,56,-126,0,0,90,0,288,0,32,16,0,8,-250,0,1,10,0,0,672,160,128,0,8,-218,0,1,20,0,0,808,176,184,0,14,-161,0,0,100,0,32,480,32,32,0,28,-165,0,0,100,0,32,480,32,32,0,38,-182,1,0,100,0,0,480,32,48,0,52,-175,0,0,100,0,32,480,32,32,0,39,-212,0,1,90,0,80,608,32,32,0,48,-138,0,0,30,0,80,640,16,32,0,13,-202,0,0,100,0,0,576,80,96,0,66,-194,0,0,30,0,112,416,112,64,0,66,-194,0,1,20,0,144,560,112,64,0,66,-194,0,0,100,0,32,512,112,64,0,119,-180,0,0,100,0,352,240,48,48,0,126,-152,0,0,90,0,320,0,32,16,0,99,-230,0,0,30,0,128,336,64,80,0,94,-198,0,0,100,0,352,48,48,48,0,100,-168,0,0,90,0,288,0,32,16,0,99,-230,0,1,15,0,224,464,40,64,0,99,-230,0,0,100,0,64,336,64,80,0,72,-205,0,0,100,0,352,96,48,48,0,77,-173,0,0,90,0,288,0,32,16,0,99,-198,0,0,30,0,192,368,32,48,0,66,-194,0,0,30,0,112,480,48,32,0,99,-230,0,0,100,0,0,336,64,80,0,82,-194,0,1,30,0,144,512,80,48,0,66,-194,0,1,20,0,224,528,56,32,0,66,-194,0,0,100,0,0,416,112,64,0,136,-157,0,0,30,0,112,272,40,32,0,64,-189,0,0,100,0,352,288,112,80,0,64,-189,0,0,100,0,0,272,112,64,0,110,-154,0,0,30,0,192,176,32,32,0,116,-149,0,0,100,0,0,480,32,48,0,110,-154,0,0,30,0,192,208,64,64,0,134,-154,0,0,30,0,152,272,40,64,0,110,-154,0,0,100,0,64,208,64,64,0,69,-175,0,0,30,0,160,176,32,32,0,75,-170,0,0,100,0,0,480,32,48,0,69,-175,0,0,30,0,128,208,64,64,0,93,-175,0,0,30,0,152,272,40,64,0,69,-175,0,0,100,0,0,208,64,64,0,112,-181,0,0,100,0,112,304,40,32,0,79,-115,0,0,30,0,160,112,96,64,0,95,-139,0,0,30,0,256,112,80,64,0,15,-147,0,1,20,0,464,288,160,96,0,15,-147,0,0,100,0,224,368,160,96,0,15,-147,0,1,8,0,192,272,160,96,0,15,-147,0,0,100,0,0,112,160,96,0,24,-147,0,0,30,0,144,0,144,112,0,24,-147,0,0,100,0,0,0,144,112,0,0,-256,0,0,100,0,808,488,192,256,0,
0,58,85,-115,0,0,100,0,0,528,32,48,0,113,-129,0,0,100,0,0,528,32,48,0,85,-99,0,0,30,0,64,480,32,32,0,113,-113,0,0,30,0,64,480,32,32,0,23,-143,0,0,100,0,496,144,48,48,0,26,-113,0,0,90,0,288,0,32,16,0,53,-156,0,0,100,0,496,192,48,48,0,56,-126,0,0,90,0,288,0,32,16,0,8,-250,0,1,20,0,0,672,160,128,0,8,-218,0,1,25,0,0,808,176,184,0,14,-161,0,0,100,0,32,480,32,32,0,28,-165,0,0,100,0,32,480,32,32,0,38,-182,1,0,100,0,0,480,32,48,0,52,-175,0,0,100,0,32,480,32,32,0,39,-212,0,1,90,0,112,608,32,32,0,48,-138,0,0,30,0,80,640,16,32,0,13,-202,0,0,100,0,0,576,80,96,0,66,-194,0,0,30,0,112,416,112,64,0,66,-194,0,1,20,0,144,560,112,64,0,66,-194,0,0,100,0,32,512,112,64,0,119,-180,0,0,100,0,400,240,48,48,0,126,-152,0,0,90,0,320,0,32,16,0,99,-230,0,0,30,0,128,336,64,80,0,94,-198,0,0,100,0,352,48,48,48,0,100,-168,0,0,90,0,288,0,32,16,0,99,-230,0,1,15,0,224,464,40,64,0,99,-230,0,0,100,0,64,336,64,80,0,72,-205,0,0,100,0,352,96,48,48,0,77,-173,0,0,90,0,288,0,32,16,0,99,-198,0,0,30,0,192,368,32,48,0,66,-194,0,0,30,0,112,480,48,32,0,99,-230,0,0,100,0,0,336,64,80,0,82,-194,0,1,30,0,144,512,80,48,0,66,-194,0,1,20,0,224,528,56,32,0,66,-194,0,0,100,0,0,416,112,64,0,136,-157,0,0,30,0,112,272,40,32,0,64,-189,0,0,100,0,352,288,112,80,0,64,-189,0,0,100,0,0,272,112,64,0,110,-154,0,0,30,0,192,176,32,32,0,116,-149,0,0,100,0,0,480,32,48,0,110,-154,0,0,30,0,192,208,64,64,0,134,-154,0,0,30,0,152,272,40,64,0,110,-154,0,0,100,0,64,208,64,64,0,69,-175,0,0,30,0,160,176,32,32,0,75,-170,0,0,100,0,0,480,32,48,0,69,-175,0,0,30,0,128,208,64,64,0,93,-175,0,0,30,0,152,272,40,64,0,69,-175,0,0,100,0,0,208,64,64,0,112,-181,0,0,100,0,112,304,40,32,0,79,-115,0,0,30,0,160,112,96,64,0,95,-139,0,0,30,0,256,112,80,64,0,15,-147,0,1,20,0,464,288,160,96,0,15,-147,0,0,100,0,224,368,160,96,0,15,-147,0,1,8,0,192,272,160,96,0,15,-147,0,0,100,0,0,112,160,96,0,24,-147,0,0,30,0,144,0,144,112,0,24,-147,0,0,100,0,0,0,144,112,0,0,-256,0,0,100,0,808,488,192,256,0,
0,58,85,-115,0,0,100,0,0,528,32,48,0,113,-129,0,0,100,0,0,528,32,48,0,85,-99,0,0,30,0,64,480,32,32,0,113,-113,0,0,30,0,64,480,32,32,0,23,-143,0,0,100,0,496,144,48,48,0,26,-113,0,0,90,0,288,0,32,16,0,53,-156,0,0,100,0,496,192,48,48,0,56,-126,0,0,90,0,288,0,32,16,0,8,-250,0,1,30,0,0,672,160,128,0,8,-218,0,1,30,0,0,808,176,184,0,14,-161,0,0,100,0,32,480,32,32,0,28,-165,0,0,100,0,32,480,32,32,0,38,-182,1,0,100,0,0,480,32,48,0,52,-175,0,0,100,0,32,480,32,32,0,39,-212,0,1,90,0,80,576,32,32,0,48,-138,0,0,30,0,80,640,16,32,0,13,-202,0,0,100,0,0,576,80,96,0,66,-194,0,0,30,0,112,416,112,64,0,66,-194,0,1,20,0,144,560,112,64,0,66,-194,0,0,100,0,32,512,112,64,0,119,-180,0,0,100,0,352,240,48,48,0,126,-152,0,0,90,0,320,0,32,16,0,99,-230,0,0,30,0,128,336,64,80,0,94,-198,0,0,100,0,352,48,48,48,0,100,-168,0,0,90,0,288,0,32,16,0,99,-230,0,1,15,0,224,464,40,64,0,99,-230,0,0,100,0,64,336,64,80,0,72,-205,0,0,100,0,352,96,48,48,0,77,-173,0,0,90,0,288,0,32,16,0,99,-198,0,0,30,0,192,368,32,48,0,66,-194,0,0,30,0,112,480,48,32,0,99,-230,0,0,100,0,0,336,64,80,0,82,-194,0,1,30,0,144,512,80,48,0,66,-194,0,1,20,0,224,528,56,32,0,66,-194,0,0,100,0,0,416,112,64,0,136,-157,0,0,30,0,112,272,40,32,0,64,-189,0,0,100,0,352,288,112,80,0,64,-189,0,0,100,0,0,272,112,64,0,110,-154,0,0,30,0,192,176,32,32,0,116,-149,0,0,100,0,0,480,32,48,0,110,-154,0,0,30,0,192,208,64,64,0,134,-154,0,0,30,0,152,272,40,64,0,110,-154,0,0,100,0,64,208,64,64,0,69,-175,0,0,30,0,160,176,32,32,0,75,-170,0,0,100,0,0,480,32,48,0,69,-175,0,0,30,0,128,208,64,64,0,93,-175,0,0,30,0,152,272,40,64,0,69,-175,0,0,100,0,0,208,64,64,0,112,-181,0,0,100,0,112,304,40,32,0,79,-115,0,0,30,0,160,112,96,64,0,95,-139,0,0,30,0,256,112,80,64,0,15,-147,0,1,20,0,464,288,160,96,0,15,-147,0,0,100,0,224,368,160,96,0,15,-147,0,1,8,0,192,272,160,96,0,15,-147,0,0,100,0,0,112,160,96,0,24,-147,0,0,30,0,144,0,144,112,0,24,-147,0,0,100,0,0,0,144,112,0,0,-256,0,0,100,0,808,488,192,256,0,
0,58,85,-115,0,0,100,0,0,528,32,48,0,113,-129,0,0,100,0,0,528,32,48,0,85,-99,0,0,30,0,64,480,32,32,0,113,-113,0,0,30,0,64,480,32,32,0,23,-143,0,0,100,0,496,144,48,48,0,26,-113,0,0,90,0,288,0,32,16,0,53,-156,0,0,100,0,496,192,48,48,0,56,-126,0,0,90,0,288,0,32,16,0,8,-250,0,1,20,0,0,672,160,128,0,8,-218,0,1,25,0,0,808,176,184,0,14,-161,0,0,100,0,32,480,32,32,0,28,-165,0,0,100,0,32,480,32,32,0,38,-182,1,0,100,0,0,480,32,48,0,52,-175,0,0,100,0,32,480,32,32,0,39,-212,0,1,90,0,112,576,32,32,0,48,-138,0,0,30,0,80,640,16,32,0,13,-202,0,0,100,0,0,576,80,96,0,66,-194,0,0,30,0,112,416,112,64,0,66,-194,0,1,20,0,144,560,112,64,0,66,-194,0,0,100,0,32,512,112,64,0,119,-180,0,0,100,0,400,240,48,48,0,126,-152,0,0,90,0,320,0,32,16,0,99,-230,0,0,30,0,128,336,64,80,0,94,-198,0,0,100,0,352,48,48,48,0,100,-168,0,0,90,0,288,0,32,16,0,99,-230,0,1,15,0,224,464,40,64,0,99,-230,0,0,100,0,64,336,64,80,0,72,-205,0,0,100,0,352,96,48,48,0,77,-173,0,0,90,0,288,0,32,16,0,99,-198,0,0,30,0,192,368,32,48,0,66,-194,0,0,30,0,112,480,48,32,0,99,-230,0,0,100,0,0,336,64,80,0,82,-194,0,1,30,0,144,512,80,48,0,66,-194,0,1,20,0,224,528,56,32,0,66,-194,0,0,100,0,0,416,112,64,0,136,-157,0,0,30,0,112,272,40,32,0,64,-189,0,0,100,0,352,288,112,80,0,64,-189,0,0,100,0,0,272,112,64,0,110,-154,0,0,30,0,192,176,32,32,0,116,-149,0,0,100,0,0,480,32,48,0,110,-154,0,0,30,0,192,208,64,64,0,134,-154,0,0,30,0,152,272,40,64,0,110,-154,0,0,100,0,64,208,64,64,0,69,-175,0,0,30,0,160,176,32,32,0,75,-170,0,0,100,0,0,480,32,48,0,69,-175,0,0,30,0,128,208,64,64,0,93,-175,0,0,30,0,152,272,40,64,0,69,-175,0,0,100,0,0,208,64,64,0,112,-181,0,0,100,0,112,304,40,32,0,79,-115,0,0,30,0,160,112,96,64,0,95,-139,0,0,30,0,256,112,80,64,0,15,-147,0,1,20,0,464,288,160,96,0,15,-147,0,0,100,0,224,368,160,96,0,15,-147,0,1,8,0,192,272,160,96,0,15,-147,0,0,100,0,0,112,160,96,0,24,-147,0,0,30,0,144,0,144,112,0,24,-147,0,0,100,0,0,0,144,112,0,0,-256,0,0,100,0,808,488,192,256,0,
0,58,85,-115,0,0,100,0,0,528,32,48,0,113,-129,0,0,100,0,0,528,32,48,0,85,-99,0,0,30,0,64,480,32,32,0,113,-113,0,0,30,0,64,480,32,32,0,23,-143,0,0,100,0,496,144,48,48,0,26,-113,0,0,90,0,288,0,32,16,0,53,-156,0,0,100,0,496,192,48,48,0,56,-126,0,0,90,0,288,0,32,16,0,8,-250,0,1,10,0,0,672,160,128,0,8,-218,0,1,20,0,0,808,176,184,0,14,-161,0,0,100,0,32,480,32,32,0,28,-165,0,0,100,0,32,480,32,32,0,38,-182,1,0,100,0,0,480,32,48,0,52,-175,0,0,100,0,32,480,32,32,0,39,-212,0,1,90,0,80,608,32,32,0,48,-138,0,0,30,0,80,640,16,32,0,13,-202,0,0,100,0,0,576,80,96,0,66,-194,0,0,30,0,112,416,112,64,0,66,-194,0,1,20,0,144,560,112,64,0,66,-194,0,0,100,0,32,512,112,64,0,119,-180,0,0,100,0,352,240,48,48,0,126,-152,0,0,90,0,320,0,32,16,0,99,-230,0,0,30,0,128,336,64,80,0,94,-198,0,0,100,0,352,48,48,48,0,100,-168,0,0,90,0,288,0,32,16,0,99,-230,0,1,15,0,224,464,40,64,0,99,-230,0,0,100,0,64,336,64,80,0,72,-205,0,0,100,0,352,96,48,48,0,77,-173,0,0,90,0,288,0,32,16,0,99,-198,0,0,30,0,192,368,32,48,0,66,-194,0,0,30,0,112,480,48,32,0,99,-230,0,0,100,0,0,336,64,80,0,82,-194,0,1,30,0,144,512,80,48,0,66,-194,0,1,20,0,224,528,56,32,0,66,-194,0,0,100,0,0,416,112,64,0,136,-157,0,0,30,0,112,272,40,32,0,64,-189,0,0,100,0,352,288,112,80,0,64,-189,0,0,100,0,0,272,112,64,0,110,-154,0,0,30,0,192,176,32,32,0,116,-149,0,0,100,0,0,480,32,48,0,110,-154,0,0,30,0,192,208,64,64,0,134,-154,0,0,30,0,152,272,40,64,0,110,-154,0,0,100,0,64,208,64,64,0,69,-175,0,0,30,0,160,176,32,32,0,75,-170,0,0,100,0,0,480,32,48,0,69,-175,0,0,30,0,128,208,64,64,0,93,-175,0,0,30,0,152,272,40,64,0,69,-175,0,0,100,0,0,208,64,64,0,112,-181,0,0,100,0,112,304,40,32,0,79,-115,0,0,30,0,160,112,96,64,0,95,-139,0,0,30,0,256,112,80,64,0,15,-147,0,1,20,0,464,288,160,96,0,15,-147,0,0,100,0,224,368,160,96,0,15,-147,0,1,8,0,192,272,160,96,0,15,-147,0,0,100,0,0,112,160,96,0,24,-147,0,0,30,0,144,0,144,112,0,24,-147,0,0,100,0,0,0,144,112,0,0,-256,0,0,100,0,808,488,192,256,0,
0,58,85,-115,0,0,100,0,0,528,32,48,0,113,-129,0,0,100,0,0,528,32,48,0,85,-99,0,0,30,0,64,480,32,32,0,113,-113,0,0,30,0,64,480,32,32,0,23,-143,0,0,100,0,496,144,48,48,0,26,-113,0,0,90,0,288,0,32,16,0,53,-156,0,0,100,0,496,192,48,48,0,56,-126,0,0,90,0,288,0,32,16,0,8,-250,0,1,20,0,0,672,160,128,0,8,-218,0,1,25,0,0,808,176,184,0,14,-161,0,0,100,0,32,480,32,32,0,28,-165,0,0,100,0,32,480,32,32,0,38,-182,1,0,100,0,0,480,32,48,0,52,-175,0,0,100,0,32,480,32,32,0,39,-212,0,1,90,0,112,608,32,32,0,48,-138,0,0,30,0,80,640,16,32,0,13,-202,0,0,100,0,0,576,80,96,0,66,-194,0,0,30,0,112,416,112,64,0,66,-194,0,1,20,0,144,560,112,64,0,66,-194,0,0,100,0,32,512,112,64,0,119,-180,0,0,100,0,400,240,48,48,0,126,-152,0,0,90,0,320,0,32,16,0,99,-230,0,0,30,0,128,336,64,80,0,94,-198,0,0,100,0,352,48,48,48,0,100,-168,0,0,90,0,288,0,32,16,0,99,-230,0,1,15,0,224,464,40,64,0,99,-230,0,0,100,0,64,336,64,80,0,72,-205,0,0,100,0,352,96,48,48,0,77,-173,0,0,90,0,288,0,32,16,0,99,-198,0,0,30,0,192,368,32,48,0,66,-194,0,0,30,0,112,480,48,32,0,99,-230,0,0,100,0,0,336,64,80,0,82,-194,0,1,30,0,144,512,80,48,0,66,-194,0,1,20,0,224,528,56,32,0,66,-194,0,0,100,0,0,416,112,64,0,136,-157,0,0,30,0,112,272,40,32,0,64,-189,0,0,100,0,352,288,112,80,0,64,-189,0,0,100,0,0,272,112,64,0,110,-154,0,0,30,0,192,176,32,32,0,116,-149,0,0,100,0,0,480,32,48,0,110,-154,0,0,30,0,192,208,64,64,0,134,-154,0,0,30,0,152,272,40,64,0,110,-154,0,0,100,0,64,208,64,64,0,69,-175,0,0,30,0,160,176,32,32,0,75,-170,0,0,100,0,0,480,32,48,0,69,-175,0,0,30,0,128,208,64,64,0,93,-175,0,0,30,0,152,272,40,64,0,69,-175,0,0,100,0,0,208,64,64,0,112,-181,0,0,100,0,112,304,40,32,0,79,-115,0,0,30,0,160,112,96,64,0,95,-139,0,0,30,0,256,112,80,64,0,15,-147,0,1,20,0,464,288,160,96,0,15,-147,0,0,100,0,224,368,160,96,0,15,-147,0,1,8,0,192,272,160,96,0,15,-147,0,0,100,0,0,112,160,96,0,24,-147,0,0,30,0,144,0,144,112,0,24,-147,0,0,100,0,0,0,144,112,0,0,-256,0,0,100,0,808,488,192,256,0,
0,69,86,-115,0,0,50,0,0,528,32,48,0,85,-115,0,0,100,0,0,528,32,48,0,114,-129,0,0,50,0,0,528,32,48,0,113,-129,0,0,100,0,0,528,32,48,0,85,-99,0,0,30,0,64,480,32,32,0,113,-113,0,0,30,0,64,480,32,32,0,67,-124,0,0,50,0,784,96,48,48,0,58,-124,0,1,50,0,880,96,48,48,0,58,-124,0,0,50,0,880,96,48,48,0,66,-124,0,0,100,0,784,96,48,48,0,23,-143,0,0,100,0,544,144,48,48,0,27,-113,0,0,90,0,288,0,32,16,0,95,-137,0,0,50,0,784,96,48,48,0,90,-136,0,1,50,0,880,96,48,48,0,90,-136,0,0,50,0,880,96,48,48,0,94,-137,0,0,100,0,784,96,48,48,0,53,-156,0,0,100,0,544,192,48,48,0,57,-126,0,0,90,0,288,0,32,16,0,8,-250,0,1,30,0,0,672,160,128,0,8,-218,0,1,30,0,0,808,176,184,0,14,-161,0,0,100,0,32,480,32,32,0,28,-165,0,0,100,0,32,480,32,32,0,38,-182,1,0,100,0,0,480,32,48,0,52,-175,0,0,100,0,32,480,32,32,0,39,-212,0,1,90,0,80,576,32,32,0,48,-138,0,0,30,0,80,640,16,32,0,13,-202,0,0,100,0,0,576,80,96,0,66,-194,0,0,30,0,112,416,112,64,0,66,-194,0,1,20,0,144,560,112,64,0,66,-194,0,0,100,0,32,512,112,64,0,119,-180,0,0,100,0,352,240,48,48,0,126,-152,0,0,90,0,320,0,32,16,0,99,-230,0,0,30,0,128,336,64,80,0,95,-197,0,0,100,0,592,48,48,48,0,94,-198,0,0,100,0,496,48,48,48,0,100,-168,0,0,90,0,288,0,32,16,0,99,-230,0,1,15,0,224,464,40,64,0,99,-230,0,0,100,0,64,336,64,80,0,72,-205,0,0,100,0,352,96,48,48,0,77,-173,0,0,90,0,288,0,32,16,0,99,-198,0,0,30,0,192,368,32,48,0,66,-194,0,0,30,0,112,480,48,32,0,99,-230,0,0,100,0,0,336,64,80,0,82,-194,0,1,30,0,144,512,80,48,0,66,-194,0,1,20,0,224,528,56,32,0,66,-194,0,0,100,0,0,416,112,64,0,136,-157,0,0,30,0,112,272,40,32,0,64,-189,0,0,100,0,352,288,112,80,0,64,-189,0,0,100,0,0,272,112,64,0,110,-154,0,0,30,0,192,176,32,32,0,116,-149,0,0,100,0,0,480,32,48,0,110,-154,0,0,30,0,192,208,64,64,0,134,-154,0,0,30,0,152,272,40,64,0,110,-154,0,0,100,0,64,208,64,64,0,69,-175,0,0,30,0,160,176,32,32,0,75,-170,0,0,100,0,0,480,32,48,0,69,-175,0,0,30,0,128,208,64,64,0,93,-175,0,0,30,0,152,272,40,64,0,69,-175,0,0,100,0,0,208,64,64,0,112,-181,0,0,100,0,112,304,40,32,0,79,-115,0,0,30,0,160,112,96,64,0,95,-139,0,0,30,0,256,112,80,64,0,15,-147,0,1,20,0,464,288,160,96,0,15,-147,0,0,100,0,224,368,160,96,0,15,-147,0,1,8,0,192,272,160,96,0,15,-147,0,0,100,0,0,112,160,96,0,24,-147,0,0,30,0,144,0,144,112,0,24,-147,0,0,100,0,0,0,144,112,0,0,-256,0,0,100,0,808,488,192,256,0,
0,64,85,-115,0,0,100,0,0,528,32,48,0,113,-129,0,0,100,0,0,528,32,48,0,85,-99,0,0,30,0,64,480,32,32,0,113,-113,0,0,30,0,64,480,32,32,0,66,-124,0,0,100,0,784,96,48,48,0,58,-124,0,1,10,0,880,96,48,48,0,58,-124,0,0,30,0,880,96,48,48,0,23,-143,0,0,100,0,592,144,48,48,0,27,-113,0,0,90,0,288,0,32,16,0,94,-137,0,0,100,0,784,96,48,48,0,90,-136,0,1,10,0,880,96,48,48,0,90,-136,0,0,30,0,880,96,48,48,0,53,-156,0,0,100,0,592,192,48,48,0,57,-126,0,0,90,0,288,0,32,16,0,8,-250,0,1,20,0,0,672,160,128,0,8,-218,0,1,25,0,0,808,176,184,0,14,-161,0,0,100,0,32,480,32,32,0,28,-165,0,0,100,0,32,480,32,32,0,38,-182,1,0,100,0,0,480,32,48,0,52,-175,0,0,100,0,32,480,32,32,0,39,-212,0,1,90,0,112,576,32,32,0,48,-138,0,0,30,0,80,640,16,32,0,13,-202,0,0,100,0,0,576,80,96,0,66,-194,0,0,30,0,112,416,112,64,0,66,-194,0,1,20,0,144,560,112,64,0,66,-194,0,0,100,0,32,512,112,64,0,119,-180,0,0,100,0,400,240,48,48,0,126,-152,0,0,90,0,320,0,32,16,0,99,-230,0,0,30,0,128,336,64,80,0,94,-198,0,0,100,0,496,48,48,48,0,100,-168,0,0,90,0,288,0,32,16,0,99,-230,0,1,15,0,224,464,40,64,0,99,-230,0,0,100,0,64,336,64,80,0,72,-205,0,0,100,0,352,96,48,48,0,77,-173,0,0,90,0,288,0,32,16,0,99,-198,0,0,30,0,192,368,32,48,0,66,-194,0,0,30,0,112,480,48,32,0,99,-230,0,0,100,0,0,336,64,80,0,82,-194,0,1,30,0,144,512,80,48,0,66,-194,0,1,20,0,224,528,56,32,0,66,-194,0,0,100,0,0,416,112,64,0,136,-157,0,0,30,0,112,272,40,32,0,64,-189,0,0,100,0,352,288,112,80,0,64,-189,0,0,100,0,0,272,112,64,0,110,-154,0,0,30,0,192,176,32,32,0,116,-149,0,0,100,0,0,480,32,48,0,110,-154,0,0,30,0,192,208,64,64,0,134,-154,0,0,30,0,152,272,40,64,0,110,-154,0,0,100,0,64,208,64,64,0,69,-175,0,0,30,0,160,176,32,32,0,75,-170,0,0,100,0,0,480,32,48,0,69,-175,0,0,30,0,128,208,64,64,0,93,-175,0,0,30,0,152,272,40,64,0,69,-175,0,0,100,0,0,208,64,64,0,112,-181,0,0,100,0,112,304,40,32,0,79,-115,0,0,30,0,160,112,96,64,0,95,-139,0,0,30,0,256,112,80,64,0,15,-147,0,1,20,0,464,288,160,96,0,15,-147,0,0,100,0,224,368,160,96,0,15,-147,0,1,8,0,192,272,160,96,0,15,-147,0,0,100,0,0,112,160,96,0,24,-147,0,0,30,0,144,0,144,112,0,24,-147,0,0,100,0,0,0,144,112,0,0,-256,0,0,100,0,808,488,192,256,0,
0,60,85,-115,0,0,100,0,0,528,32,48,0,113,-129,0,0,100,0,0,528,32,48,0,85,-99,0,0,30,0,64,480,32,32,0,113,-113,0,0,30,0,64,480,32,32,0,66,-124,0,0,100,0,784,96,48,48,0,23,-143,0,0,100,0,640,144,48,48,0,27,-113,0,0,90,0,288,0,32,16,0,94,-137,0,0,100,0,784,96,48,48,0,53,-156,0,0,100,0,640,192,48,48,0,57,-126,0,0,90,0,288,0,32,16,0,8,-250,0,1,10,0,0,672,160,128,0,8,-218,0,1,20,0,0,808,176,184,0,14,-161,0,0,100,0,32,480,32,32,0,28,-165,0,0,100,0,32,480,32,32,0,38,-182,1,0,100,0,0,480,32,48,0,52,-175,0,0,100,0,32,480,32,32,0,39,-212,0,1,90,0,80,608,32,32,0,48,-138,0,0,30,0,80,640,16,32,0,13,-202,0,0,100,0,0,576,80,96,0,66,-194,0,0,30,0,112,416,112,64,0,66,-194,0,1,20,0,144,560,112,64,0,66,-194,0,0,100,0,32,512,112,64,0,119,-180,0,0,100,0,352,240,48,48,0,126,-152,0,0,90,0,320,0,32,16,0,99,-230,0,0,30,0,128,336,64,80,0,94,-198,0,0,100,0,496,48,48,48,0,100,-168,0,0,90,0,288,0,32,16,0,99,-230,0,1,15,0,224,464,40,64,0,99,-230,0,0,100,0,64,336,64,80,0,72,-205,0,0,100,0,352,96,48,48,0,77,-173,0,0,90,0,288,0,32,16,0,99,-198,0,0,30,0,192,368,32,48,0,66,-194,0,0,30,0,112,480,48,32,0,99,-230,0,0,100,0,0,336,64,80,0,82,-194,0,1,30,0,144,512,80,48,0,66,-194,0,1,20,0,224,528,56,32,0,66,-194,0,0,100,0,0,416,112,64,0,136,-157,0,0,30,0,112,272,40,32,0,64,-189,0,0,100,0,352,288,112,80,0,64,-189,0,0,100,0,0,272,112,64,0,110,-154,0,0,30,0,192,176,32,32,0,116,-149,0,0,100,0,0,480,32,48,0,110,-154,0,0,30,0,192,208,64,64,0,134,-154,0,0,30,0,152,272,40,64,0,110,-154,0,0,100,0,64,208,64,64,0,69,-175,0,0,30,0,160,176,32,32,0,75,-170,0,0,100,0,0,480,32,48,0,69,-175,0,0,30,0,128,208,64,64,0,93,-175,0,0,30,0,152,272,40,64,0,69,-175,0,0,100,0,0,208,64,64,0,112,-181,0,0,100,0,112,304,40,32,0,79,-115,0,0,30,0,160,112,96,64,0,95,-139,0,0,30,0,256,112,80,64,0,15,-147,0,1,20,0,464,288,160,96,0,15,-147,0,0,100,0,224,368,160,96,0,15,-147,0,1,8,0,192,272,160,96,0,15,-147,0,0,100,0,0,112,160,96,0,24,-147,0,0,30,0,144,0,144,112,0,24,-147,0,0,100,0,0,0,144,112,0,0,-256,0,0,100,0,808,488,192,256,0,
0,60,85,-115,0,0,100,0,0,528,32,48,0,113,-129,0,0,100,0,0,528,32,48,0,85,-99,0,0,30,0,64,480,32,32,0,113,-113,0,0,30,0,64,480,32,32,0,66,-124,0,0,100,0,784,96,48,48,0,23,-143,0,0,100,0,640,144,48,48,0,27,-113,0,0,90,0,288,0,32,16,0,94,-137,0,0,100,0,784,96,48,48,0,53,-156,0,0,100,0,640,192,48,48,0,57,-126,0,0,90,0,288,0,32,16,0,8,-250,0,1,20,0,0,672,160,128,0,8,-218,0,1,25,0,0,808,176,184,0,14,-161,0,0,100,0,32,480,32,32,0,28,-165,0,0,100,0,32,480,32,32,0,38,-182,1,0,100,0,0,480,32,48,0,52,-175,0,0,100,0,32,480,32,32,0,39,-212,0,1,90,0,112,608,32,32,0,48,-138,0,0,30,0,80,640,16,32,0,13,-202,0,0,100,0,0,576,80,96,0,66,-194,0,0,30,0,112,416,112,64,0,66,-194,0,1,20,0,144,560,112,64,0,66,-194,0,0,100,0,32,512,112,64,0,119,-180,0,0,100,0,400,240,48,48,0,126,-152,0,0,90,0,320,0,32,16,0,99,-230,0,0,30,0,128,336,64,80,0,94,-198,0,0,100,0,352,0,48,48,0,100,-168,0,0,90,0,288,0,32,16,0,99,-230,0,1,15,0,224,464,40,64,0,99,-230,0,0,100,0,64,336,64,80,0,72,-205,0,0,100,0,352,96,48,48,0,77,-173,0,0,90,0,288,0,32,16,0,99,-198,0,0,30,0,192,368,32,48,0,66,-194,0,0,30,0,112,480,48,32,0,99,-230,0,0,100,0,0,336,64,80,0,82,-194,0,1,30,0,144,512,80,48,0,66,-194,0,1,20,0,224,528,56,32,0,66,-194,0,0,100,0,0,416,112,64,0,136,-157,0,0,30,0,112,272,40,32,0,64,-189,0,0,100,0,352,288,112,80,0,64,-189,0,0,100,0,0,272,112,64,0,110,-154,0,0,30,0,192,176,32,32,0,116,-149,0,0,100,0,0,480,32,48,0,110,-154,0,0,30,0,192,208,64,64,0,134,-154,0,0,30,0,152,272,40,64,0,110,-154,0,0,100,0,64,208,64,64,0,69,-175,0,0,30,0,160,176,32,32,0,75,-170,0,0,100,0,0,480,32,48,0,69,-175,0,0,30,0,128,208,64,64,0,93,-175,0,0,30,0,152,272,40,64,0,69,-175,0,0,100,0,0,208,64,64,0,112,-181,0,0,100,0,112,304,40,32,0,79,-115,0,0,30,0,160,112,96,64,0,95,-139,0,0,30,0,256,112,80,64,0,15,-147,0,1,20,0,464,288,160,96,0,15,-147,0,0,100,0,224,368,160,96,0,15,-147,0,1,8,0,192,272,160,96,0,15,-147,0,0,100,0,0,112,160,96,0,24,-147,0,0,30,0,144,0,144,112,0,24,-147,0,0,100,0,0,0,144,112,0,0,-256,0,0,100,0,808,488,192,256,0,
0,60,85,-115,0,0,100,0,0,528,32,48,0,113,-129,0,0,100,0,0,528,32,48,0,85,-99,0,0,30,0,64,480,32,32,0,113,-113,0,0,30,0,64,480,32,32,0,66,-124,0,0,100,0,784,96,48,48,0,23,-143,0,0,100,0,688,144,48,48,0,27,-113,0,0,90,0,288,0,32,16,0,94,-137,0,0,100,0,784,96,48,48,0,53,-156,0,0,100,0,688,192,48,48,0,57,-126,0,0,90,0,288,0,32,16,0,8,-250,0,1,30,0,0,672,160,128,0,8,-218,0,1,30,0,0,808,176,184,0,14,-161,0,0,100,0,32,480,32,32,0,28,-165,0,0,100,0,32,480,32,32,0,38,-182,1,0,100,0,0,480,32,48,0,52,-175,0,0,100,0,32,480,32,32,0,39,-212,0,1,90,0,80,576,32,32,0,48,-138,0,0,30,0,80,640,16,32,0,13,-202,0,0,100,0,0,576,80,96,0,66,-194,0,0,30,0,112,416,112,64,0,66,-194,0,1,20,0,144,560,112,64,0,66,-194,0,0,100,0,32,512,112,64,0,119,-180,0,0,100,0,352,240,48,48,0,126,-152,0,0,90,0,320,0,32,16,0,99,-230,0,0,30,0,128,336,64,80,0,94,-198,0,0,100,0,352,0,48,48,0,100,-168,0,0,90,0,288,0,32,16,0,99,-230,0,1,15,0,224,464,40,64,0,99,-230,0,0,100,0,64,336,64,80,0,72,-205,0,0,100,0,352,96,48,48,0,77,-173,0,0,90,0,288,0,32,16,0,99,-198,0,0,30,0,192,368,32,48,0,66,-194,0,0,30,0,112,480,48,32,0,99,-230,0,0,100,0,0,336,64,80,0,82,-194,0,1,30,0,144,512,80,48,0,66,-194,0,1,20,0,224,528,56,32,0,66,-194,0,0,100,0,0,416,112,64,0,136,-157,0,0,30,0,112,272,40,32,0,64,-189,0,0,100,0,352,288,112,80,0,64,-189,0,0,100,0,0,272,112,64,0,110,-154,0,0,30,0,192,176,32,32,0,116,-149,0,0,100,0,0,480,32,48,0,110,-154,0,0,30,0,192,208,64,64,0,134,-154,0,0,30,0,152,272,40,64,0,110,-154,0,0,100,0,64,208,64,64,0,69,-175,0,0,30,0,160,176,32,32,0,75,-170,0,0,100,0,0,480,32,48,0,69,-175,0,0,30,0,128,208,64,64,0,93,-175,0,0,30,0,152,272,40,64,0,69,-175,0,0,100,0,0,208,64,64,0,112,-181,0,0,100,0,112,304,40,32,0,79,-115,0,0,30,0,160,112,96,64,0,95,-139,0,0,30,0,256,112,80,64,0,15,-147,0,1,20,0,464,288,160,96,0,15,-147,0,0,100,0,224,368,160,96,0,15,-147,0,1,8,0,192,272,160,96,0,15,-147,0,0,100,0,0,112,160,96,0,24,-147,0,0,30,0,144,0,144,112,0,24,-147,0,0,100,0,0,0,144,112,0,0,-256,0,0,100,0,808,488,192,256,0,
0,60,85,-115,0,0,100,0,0,528,32,48,0,113,-129,0,0,100,0,0,528,32,48,0,85,-99,0,0,30,0,64,480,32,32,0,113,-113,0,0,30,0,64,480,32,32,0,66,-124,0,0,100,0,784,96,48,48,0,23,-143,0,0,100,0,736,144,48,48,0,27,-113,0,0,90,0,288,0,32,16,0,94,-137,0,0,100,0,784,96,48,48,0,53,-156,0,0,100,0,736,192,48,48,0,57,-126,0,0,90,0,288,0,32,16,0,8,-250,0,1,20,0,0,672,160,128,0,8,-218,0,1,25,0,0,808,176,184,0,14,-161,0,0,100,0,32,480,32,32,0,28,-165,0,0,100,0,32,480,32,32,0,38,-182,1,0,100,0,0,480,32,48,0,52,-175,0,0,100,0,32,480,32,32,0,39,-212,0,1,90,0,112,576,32,32,0,48,-138,0,0,30,0,80,640,16,32,0,13,-202,0,0,100,0,0,576,80,96,0,66,-194,0,0,30,0,112,416,112,64,0,66,-194,0,1,20,0,144,560,112,64,0,66,-194,0,0,100,0,32,512,112,64,0,119,-180,0,0,100,0,400,240,48,48,0,126,-152,0,0,90,0,320,0,32,16,0,99,-230,0,0,30,0,128,336,64,80,0,94,-198,0,0,100,0,352,0,48,48,0,100,-168,0,0,90,0,288,0,32,16,0,99,-230,0,1,15,0,224,464,40,64,0,99,-230,0,0,100,0,64,336,64,80,0,72,-205,0,0,100,0,352,96,48,48,0,77,-173,0,0,90,0,288,0,32,16,0,99,-198,0,0,30,0,192,368,32,48,0,66,-194,0,0,30,0,112,480,48,32,0,99,-230,0,0,100,0,0,336,64,80,0,82,-194,0,1,30,0,144,512,80,48,0,66,-194,0,1,20,0,224,528,56,32,0,66,-194,0,0,100,0,0,416,112,64,0,136,-157,0,0,30,0,112,272,40,32,0,64,-189,0,0,100,0,352,288,112,80,0,64,-189,0,0,100,0,0,272,112,64,0,110,-154,0,0,30,0,192,176,32,32,0,116,-149,0,0,100,0,0,480,32,48,0,110,-154,0,0,30,0,192,208,64,64,0,134,-154,0,0,30,0,152,272,40,64,0,110,-154,0,0,100,0,64,208,64,64,0,69,-175,0,0,30,0,160,176,32,32,0,75,-170,0,0,100,0,0,480,32,48,0,69,-175,0,0,30,0,128,208,64,64,0,93,-175,0,0,30,0,152,272,40,64,0,69,-175,0,0,100,0,0,208,64,64,0,112,-181,0,0,100,0,112,304,40,32,0,79,-115,0,0,30,0,160,112,96,64,0,95,-139,0,0,30,0,256,112,80,64,0,15,-147,0,1,20,0,464,288,160,96,0,15,-147,0,0,100,0,224,368,160,96,0,15,-147,0,1,8,0,192,272,160,96,0,15,-147,0,0,100,0,0,112,160,96,0,24,-147,0,0,30,0,144,0,144,112,0,24,-147,0,0,100,0,0,0,144,112,0,0,-256,0,0,100,0,808,488,192,256,0,
0,60,85,-115,0,0,100,0,0,528,32,48,0,113,-129,0,0,100,0,0,528,32,48,0,85,-99,0,0,30,0,64,480,32,32,0,113,-113,0,0,30,0,64,480,32,32,0,66,-124,0,0,100,0,784,96,48,48,0,23,-143,0,0,100,0,352,144,48,48,0,27,-113,0,0,90,0,288,0,32,16,0,94,-137,0,0,100,0,784,96,48,48,0,53,-156,0,0,100,0,352,192,48,48,0,57,-126,0,0,90,0,288,0,32,16,0,8,-250,0,1,10,0,0,672,160,128,0,8,-218,0,1,20,0,0,808,176,184,0,14,-161,0,0,100,0,32,480,32,32,0,28,-165,0,0,100,0,32,480,32,32,0,38,-182,1,0,100,0,0,480,32,48,0,52,-175,0,0,100,0,32,480,32,32,0,39,-212,0,1,90,0,80,608,32,32,0,48,-138,0,0,30,0,80,640,16,32,0,13,-202,0,0,100,0,0,576,80,96,0,66,-194,0,0,30,0,112,416,112,64,0,66,-194,0,1,20,0,144,560,112,64,0,66,-194,0,0,100,0,32,512,112,64,0,119,-180,0,0,100,0,352,240,48,48,0,126,-152,0,0,90,0,320,0,32,16,0,99,-230,0,0,30,0,128,336,64,80,0,94,-198,0,0,100,0,352,0,48,48,0,100,-168,0,0,90,0,288,0,32,16,0,99,-230,0,1,15,0,224,464,40,64,0,99,-230,0,0,100,0,64,336,64,80,0,72,-205,0,0,100,0,352,96,48,48,0,77,-173,0,0,90,0,288,0,32,16,0,99,-198,0,0,30,0,192,368,32,48,0,66,-194,0,0,30,0,112,480,48,32,0,99,-230,0,0,100,0,0,336,64,80,0,82,-194,0,1,30,0,144,512,80,48,0,66,-194,0,1,20,0,224,528,56,32,0,66,-194,0,0,100,0,0,416,112,64,0,136,-157,0,0,30,0,112,272,40,32,0,64,-189,0,0,100,0,352,288,112,80,0,64,-189,0,0,100,0,0,272,112,64,0,110,-154,0,0,30,0,192,176,32,32,0,116,-149,0,0,100,0,0,480,32,48,0,110,-154,0,0,30,0,192,208,64,64,0,134,-154,0,0,30,0,152,272,40,64,0,110,-154,0,0,100,0,64,208,64,64,0,69,-175,0,0,30,0,160,176,32,32,0,75,-170,0,0,100,0,0,480,32,48,0,69,-175,0,0,30,0,128,208,64,64,0,93,-175,0,0,30,0,152,272,40,64,0,69,-175,0,0,100,0,0,208,64,64,0,112,-181,0,0,100,0,112,304,40,32,0,79,-115,0,0,30,0,160,112,96,64,0,95,-139,0,0,30,0,256,112,80,64,0,15,-147,0,1,20,0,464,288,160,96,0,15,-147,0,0,100,0,224,368,160,96,0,15,-147,0,1,8,0,192,272,160,96,0,15,-147,0,0,100,0,0,112,160,96,0,24,-147,0,0,30,0,144,0,144,112,0,24,-147,0,0,100,0,0,0,144,112,0,0,-256,0,0,100,0,808,488,192,256,0,
0,60,85,-115,0,0,100,0,0,528,32,48,0,113,-129,0,0,100,0,0,528,32,48,0,85,-99,0,0,30,0,64,480,32,32,0,113,-113,0,0,30,0,64,480,32,32,0,66,-124,0,0,100,0,784,96,48,48,0,23,-143,0,0,100,0,400,144,48,48,0,27,-113,0,0,90,0,288,0,32,16,0,94,-137,0,0,100,0,784,96,48,48,0,53,-156,0,0,100,0,400,192,48,48,0,57,-126,0,0,90,0,288,0,32,16,0,8,-250,0,1,20,0,0,672,160,128,0,8,-218,0,1,25,0,0,808,176,184,0,14,-161,0,0,100,0,32,480,32,32,0,28,-165,0,0,100,0,32,480,32,32,0,38,-182,1,0,100,0,0,480,32,48,0,52,-175,0,0,100,0,32,480,32,32,0,39,-212,0,1,90,0,112,608,32,32,0,48,-138,0,0,30,0,80,640,16,32,0,13,-202,0,0,100,0,0,576,80,96,0,66,-194,0,0,30,0,112,416,112,64,0,66,-194,0,1,20,0,144,560,112,64,0,66,-194,0,0,100,0,32,512,112,64,0,119,-180,0,0,100,0,400,240,48,48,0,126,-152,0,0,90,0,320,0,32,16,0,99,-230,0,0,30,0,128,336,64,80,0,94,-198,0,0,100,0,400,48,48,48,0,100,-168,0,0,90,0,288,0,32,16,0,99,-230,0,1,15,0,224,464,40,64,0,99,-230,0,0,100,0,64,336,64,80,0,72,-205,0,0,100,0,352,96,48,48,0,77,-173,0,0,90,0,288,0,32,16,0,99,-198,0,0,30,0,192,368,32,48,0,66,-194,0,0,30,0,112,480,48,32,0,99,-230,0,0,100,0,0,336,64,80,0,82,-194,0,1,30,0,144,512,80,48,0,66,-194,0,1,20,0,224,528,56,32,0,66,-194,0,0,100,0,0,416,112,64,0,136,-157,0,0,30,0,112,272,40,32,0,64,-189,0,0,100,0,352,288,112,80,0,64,-189,0,0,100,0,0,272,112,64,0,110,-154,0,0,30,0,192,176,32,32,0,116,-149,0,0,100,0,0,480,32,48,0,110,-154,0,0,30,0,192,208,64,64,0,134,-154,0,0,30,0,152,272,40,64,0,110,-154,0,0,100,0,64,208,64,64,0,69,-175,0,0,30,0,160,176,32,32,0,75,-170,0,0,100,0,0,480,32,48,0,69,-175,0,0,30,0,128,208,64,64,0,93,-175,0,0,30,0,152,272,40,64,0,69,-175,0,0,100,0,0,208,64,64,0,112,-181,0,0,100,0,112,304,40,32,0,79,-115,0,0,30,0,160,112,96,64,0,95,-139,0,0,30,0,256,112,80,64,0,15,-147,0,1,20,0,464,288,160,96,0,15,-147,0,0,100,0,224,368,160,96,0,15,-147,0,1,8,0,192,272,160,96,0,15,-147,0,0,100,0,0,112,160,96,0,24,-147,0,0,30,0,144,0,144,112,0,24,-147,0,0,100,0,0,0,144,112,0,0,-256,0,0,100,0,808,488,192,256,0,
0,60,85,-115,0,0,100,0,0,528,32,48,0,113,-129,0,0,100,0,0,528,32,48,0,85,-99,0,0,30,0,64,480,32,32,0,113,-113,0,0,30,0,64,480,32,32,0,66,-124,0,0,100,0,784,96,48,48,0,23,-143,0,0,100,0,448,144,48,48,0,26,-113,0,0,90,0,288,0,32,16,0,94,-137,0,0,100,0,784,96,48,48,0,53,-156,0,0,100,0,448,192,48,48,0,56,-126,0,0,90,0,288,0,32,16,0,8,-250,0,1,30,0,0,672,160,128,0,8,-218,0,1,30,0,0,808,176,184,0,14,-161,0,0,100,0,32,480,32,32,0,28,-165,0,0,100,0,32,480,32,32,0,38,-182,1,0,100,0,0,480,32,48,0,52,-175,0,0,100,0,32,480,32,32,0,39,-212,0,1,90,0,80,576,32,32,0,48,-138,0,0,30,0,80,640,16,32,0,13,-202,0,0,100,0,0,576,80,96,0,66,-194,0,0,30,0,112,416,112,64,0,66,-194,0,1,20,0,144,560,112,64,0,66,-194,0,0,100,0,32,512,112,64,0,119,-180,0,0,100,0,352,240,48,48,0,126,-152,0,0,90,0,320,0,32,16,0,99,-230,0,0,30,0,128,336,64,80,0,94,-198,0,0,100,0,448,48,48,48,0,100,-168,0,0,90,0,288,0,32,16,0,99,-230,0,1,15,0,224,464,40,64,0,99,-230,0,0,100,0,64,336,64,80,0,72,-205,0,0,100,0,352,96,48,48,0,77,-173,0,0,90,0,288,0,32,16,0,99,-198,0,0,30,0,192,368,32,48,0,66,-194,0,0,30,0,112,480,48,32,0,99,-230,0,0,100,0,0,336,64,80,0,82,-194,0,1,30,0,144,512,80,48,0,66,-194,0,1,20,0,224,528,56,32,0,66,-194,0,0,100,0,0,416,112,64,0,136,-157,0,0,30,0,112,272,40,32,0,64,-189,0,0,100,0,352,288,112,80,0,64,-189,0,0,100,0,0,272,112,64,0,110,-154,0,0,30,0,192,176,32,32,0,116,-149,0,0,100,0,0,480,32,48,0,110,-154,0,0,30,0,192,208,64,64,0,134,-154,0,0,30,0,152,272,40,64,0,110,-154,0,0,100,0,64,208,64,64,0,69,-175,0,0,30,0,160,176,32,32,0,75,-170,0,0,100,0,0,480,32,48,0,69,-175,0,0,30,0,128,208,64,64,0,93,-175,0,0,30,0,152,272,40,64,0,69,-175,0,0,100,0,0,208,64,64,0,112,-181,0,0,100,0,112,304,40,32,0,79,-115,0,0,30,0,160,112,96,64,0,95,-139,0,0,30,0,256,112,80,64,0,15,-147,0,1,20,0,464,288,160,96,0,15,-147,0,0,100,0,224,368,160,96,0,15,-147,0,1,8,0,192,272,160,96,0,15,-147,0,0,100,0,0,112,160,96,0,24,-147,0,0,30,0,144,0,144,112,0,24,-147,0,0,100,0,0,0,144,112,0,0,-256,0,0,100,0,808,488,192,256,0,
0,60,85,-115,0,0,100,0,0,528,32,48,0,113,-129,0,0,100,0,0,528,32,48,0,85,-99,0,0,30,0,64,480,32,32,0,113,-113,0,0,30,0,64,480,32,32,0,66,-124,0,0,100,0,784,96,48,48,0,23,-143,0,0,100,0,496,144,48,48,0,26,-113,0,0,90,0,288,0,32,16,0,94,-137,0,0,100,0,784,96,48,48,0,53,-156,0,0,100,0,496,192,48,48,0,56,-126,0,0,90,0,288,0,32,16,0,8,-250,0,1,20,0,0,672,160,128,0,8,-218,0,1,25,0,0,808,176,184,0,14,-161,0,0,100,0,32,480,32,32,0,28,-165,0,0,100,0,32,480,32,32,0,38,-182,1,0,100,0,0,480,32,48,0,52,-175,0,0,100,0,32,480,32,32,0,39,-212,0,1,90,0,112,576,32,32,0,48,-138,0,0,30,0,80,640,16,32,0,13,-202,0,0,100,0,0,576,80,96,0,66,-194,0,0,30,0,112,416,112,64,0,66,-194,0,1,20,0,144,560,112,64,0,66,-194,0,0,100,0,32,512,112,64,0,119,-180,0,0,100,0,400,240,48,48,0,126,-152,0,0,90,0,320,0,32,16,0,99,-230,0,0,30,0,128,336,64,80,0,94,-198,0,0,100,0,448,48,48,48,0,100,-168,0,0,90,0,288,0,32,16,0,99,-230,0,1,15,0,224,464,40,64,0,99,-230,0,0,100,0,64,336,64,80,0,72,-205,0,0,100,0,352,96,48,48,0,77,-173,0,0,90,0,288,0,32,16,0,99,-198,0,0,30,0,192,368,32,48,0,66,-194,0,0,30,0,112,480,48,32,0,99,-230,0,0,100,0,0,336,64,80,0,82,-194,0,1,30,0,144,512,80,48,0,66,-194,0,1,20,0,224,528,56,32,0,66,-194,0,0,100,0,0,416,112,64,0,136,-157,0,0,30,0,112,272,40,32,0,64,-189,0,0,100,0,352,288,112,80,0,64,-189,0,0,100,0,0,272,112,64,0,110,-154,0,0,30,0,192,176,32,32,0,116,-149,0,0,100,0,0,480,32,48,0,110,-154,0,0,30,0,192,208,64,64,0,134,-154,0,0,30,0,152,272,40,64,0,110,-154,0,0,100,0,64,208,64,64,0,69,-175,0,0,30,0,160,176,32,32,0,75,-170,0,0,100,0,0,480,32,48,0,69,-175,0,0,30,0,128,208,64,64,0,93,-175,0,0,30,0,152,272,40,64,0,69,-175,0,0,100,0,0,208,64,64,0,112,-181,0,0,100,0,112,304,40,32,0,79,-115,0,0,30,0,160,112,96,64,0,95,-139,0,0,30,0,256,112,80,64,0,15,-147,0,1,20,0,464,288,160,96,0,15,-147,0,0,100,0,224,368,160,96,0,15,-147,0,1,8,0,192,272,160,96,0,15,-147,0,0,100,0,0,112,160,96,0,24,-147,0,0,30,0,144,0,144,112,0,24,-147,0,0,100,0,0,0,144,112,0,0,-256,0,0,100,0,808,488,192,256,0,
0,60,85,-115,0,0,100,0,0,528,32,48,0,113,-129,0,0,100,0,0,528,32,48,0,85,-99,0,0,30,0,64,480,32,32,0,113,-113,0,0,30,0,64,480,32,32,0,66,-124,0,0,100,0,784,96,48,48,0,23,-143,0,0,100,0,496,144,48,48,0,26,-113,0,0,90,0,288,0,32,16,0,94,-137,0,0,100,0,784,96,48,48,0,53,-156,0,0,100,0,496,192,48,48,0,56,-126,0,0,90,0,288,0,32,16,0,8,-250,0,1,10,0,0,672,160,128,0,8,-218,0,1,20,0,0,808,176,184,0,14,-161,0,0,100,0,32,480,32,32,0,28,-165,0,0,100,0,32,480,32,32,0,38,-182,1,0,100,0,0,480,32,48,0,52,-175,0,0,100,0,32,480,32,32,0,39,-212,0,1,90,0,80,608,32,32,0,48,-138,0,0,30,0,80,640,16,32,0,13,-202,0,0,100,0,0,576,80,96,0,66,-194,0,0,30,0,112,416,112,64,0,66,-194,0,1,20,0,144,560,112,64,0,66,-194,0,0,100,0,32,512,112,64,0,119,-180,0,0,100,0,352,240,48,48,0,126,-152,0,0,90,0,320,0,32,16,0,99,-230,0,0,30,0,128,336,64,80,0,94,-198,0,0,100,0,448,48,48,48,0,100,-168,0,0,90,0,288,0,32,16,0,99,-230,0,1,15,0,224,464,40,64,0,99,-230,0,0,100,0,64,336,64,80,0,72,-205,0,0,100,0,352,96,48,48,0,77,-173,0,0,90,0,288,0,32,16,0,99,-198,0,0,30,0,192,368,32,48,0,66,-194,0,0,30,0,112,480,48,32,0,99,-230,0,0,100,0,0,336,64,80,0,82,-194,0,1,30,0,144,512,80,48,0,66,-194,0,1,20,0,224,528,56,32,0,66,-194,0,0,100,0,0,416,112,64,0,136,-157,0,0,30,0,112,272,40,32,0,64,-189,0,0,100,0,352,288,112,80,0,64,-189,0,0,100,0,0,272,112,64,0,110,-154,0,0,30,0,192,176,32,32,0,116,-149,0,0,100,0,0,480,32,48,0,110,-154,0,0,30,0,192,208,64,64,0,134,-154,0,0,30,0,152,272,40,64,0,110,-154,0,0,100,0,64,208,64,64,0,69,-175,0,0,30,0,160,176,32,32,0,75,-170,0,0,100,0,0,480,32,48,0,69,-175,0,0,30,0,128,208,64,64,0,93,-175,0,0,30,0,152,272,40,64,0,69,-175,0,0,100,0,0,208,64,64,0,112,-181,0,0,100,0,112,304,40,32,0,79,-115,0,0,30,0,160,112,96,64,0,95,-139,0,0,30,0,256,112,80,64,0,15,-147,0,1,20,0,464,288,160,96,0,15,-147,0,0,100,0,224,368,160,96,0,15,-147,0,1,8,0,192,272,160,96,0,15,-147,0,0,100,0,0,112,160,96,0,24,-147,0,0,30,0,144,0,144,112,0,24,-147,0,0,100,0,0,0,144,112,0,0,-256,0,0,100,0,808,488,192,256,0,
0,60,85,-115,0,0,100,0,0,528,32,48,0,113,-129,0,0,100,0,0,528,32,48,0,85,-99,0,0,30,0,64,480,32,32,0,113,-113,0,0,30,0,64,480,32,32,0,66,-124,0,0,100,0,784,96,48,48,0,23,-143,0,0,100,0,496,144,48,48,0,26,-113,0,0,90,0,288,0,32,16,0,94,-137,0,0,100,0,784,96,48,48,0,53,-156,0,0,100,0,496,192,48,48,0,56,-126,0,0,90,0,288,0,32,16,0,8,-250,0,1,20,0,0,672,160,128,0,8,-218,0,1,25,0,0,808,176,184,0,14,-161,0,0,100,0,32,480,32,32,0,28,-165,0,0,100,0,32,480,32,32,0,38,-182,1,0,100,0,0,480,32,48,0,52,-175,0,0,100,0,32,480,32,32,0,39,-212,0,1,90,0,112,608,32,32,0,48,-138,0,0,30,0,80,640,16,32,0,13,-202,0,0,100,0,0,576,80,96,0,66,-194,0,0,30,0,112,416,112,64,0,66,-194,0,1,20,0,144,560,112,64,0,66,-194,0,0,100,0,32,512,112,64,0,119,-180,0,0,100,0,400,240,48,48,0,126,-152,0,0,90,0,320,0,32,16,0,99,-230,0,0,30,0,128,336,64,80,0,94,-198,0,0,100,0,448,48,48,48,0,100,-168,0,0,90,0,288,0,32,16,0,99,-230,0,1,15,0,224,464,40,64,0,99,-230,0,0,100,0,64,336,64,80,0,72,-205,0,0,100,0,352,96,48,48,0,77,-173,0,0,90,0,288,0,32,16,0,99,-198,0,0,30,0,192,368,32,48,0,66,-194,0,0,30,0,112,480,48,32,0,99,-230,0,0,100,0,0,336,64,80,0,82,-194,0,1,30,0,144,512,80,48,0,66,-194,0,1,20,0,224,528,56,32,0,66,-194,0,0,100,0,0,416,112,64,0,136,-157,0,0,30,0,112,272,40,32,0,64,-189,0,0,100,0,352,288,112,80,0,64,-189,0,0,100,0,0,272,112,64,0,110,-154,0,0,30,0,192,176,32,32,0,116,-149,0,0,100,0,0,480,32,48,0,110,-154,0,0,30,0,192,208,64,64,0,134,-154,0,0,30,0,152,272,40,64,0,110,-154,0,0,100,0,64,208,64,64,0,69,-175,0,0,30,0,160,176,32,32,0,75,-170,0,0,100,0,0,480,32,48,0,69,-175,0,0,30,0,128,208,64,64,0,93,-175,0,0,30,0,152,272,40,64,0,69,-175,0,0,100,0,0,208,64,64,0,112,-181,0,0,100,0,112,304,40,32,0,79,-115,0,0,30,0,160,112,96,64,0,95,-139,0,0,30,0,256,112,80,64,0,15,-147,0,1,20,0,464,288,160,96,0,15,-147,0,0,100,0,224,368,160,96,0,15,-147,0,1,8,0,192,272,160,96,0,15,-147,0,0,100,0,0,112,160,96,0,24,-147,0,0,30,0,144,0,144,112,0,24,-147,0,0,100,0,0,0,144,112,0,0,-256,0,0,100,0,808,488,192,256,0,
0,73,86,-115,0,0,50,0,0,528,32,48,0,85,-115,0,0,100,0,0,528,32,48,0,114,-129,0,0,50,0,0,528,32,48,0,113,-129,0,0,100,0,0,528,32,48,0,85,-99,0,0,30,0,64,480,32,32,0,113,-113,0,0,30,0,64,480,32,32,0,67,-124,0,0,50,0,784,96,48,48,0,59,-117,0,1,50,0,832,96,48,48,0,59,-117,0,0,50,0,832,96,48,48,0,66,-124,0,0,100,0,784,96,48,48,0,66,-118,0,0,50,0,736,96,48,48,0,65,-118,0,0,100,0,736,96,48,48,0,23,-143,0,0,100,0,544,144,48,48,0,27,-113,0,0,90,0,288,0,32,16,0,95,-134,0,0,50,0,784,96,48,48,0,89,-133,0,1,50,0,880,96,48,48,0,89,-133,0,0,50,0,880,96,48,48,0,94,-134,0,0,100,0,784,96,48,48,0,95,-137,0,0,50,0,784,96,48,48,0,94,-137,0,0,100,0,784,96,48,48,0,53,-156,0,0,100,0,544,192,48,48,0,57,-126,0,0,90,0,288,0,32,16,0,8,-250,0,1,30,0,0,672,160,128,0,8,-218,0,1,30,0,0,808,176,184,0,14,-161,0,0,100,0,32,480,32,32,0,28,-165,0,0,100,0,32,480,32,32,0,38,-182,1,0,100,0,0,480,32,48,0,52,-175,0,0,100,0,32,480,32,32,0,39,-212,0,1,90,0,80,576,32,32,0,48,-138,0,0,30,0,80,640,16,32,0,13,-202,0,0,100,0,0,576,80,96,0,66,-194,0,0,30,0,112,416,112,64,0,66,-194,0,1,20,0,144,560,112,64,0,66,-194,0,0,100,0,32,512,112,64,0,119,-180,0,0,100,0,352,240,48,48,0,126,-152,0,0,90,0,320,0,32,16,0,99,-230,0,0,30,0,128,336,64,80,0,94,-198,0,0,100,0,496,48,48,48,0,100,-168,0,0,90,0,288,0,32,16,0,99,-230,0,1,15,0,224,464,40,64,0,99,-230,0,0,100,0,64,336,64,80,0,95,-197,0,0,100,0,592,48,48,48,0,72,-205,0,0,100,0,352,96,48,48,0,77,-173,0,0,90,0,288,0,32,16,0,99,-198,0,0,30,0,192,368,32,48,0,66,-194,0,0,30,0,112,480,48,32,0,99,-230,0,0,100,0,0,336,64,80,0,82,-194,0,1,30,0,144,512,80,48,0,66,-194,0,1,20,0,224,528,56,32,0,66,-194,0,0,100,0,0,416,112,64,0,136,-157,0,0,30,0,112,272,40,32,0,64,-189,0,0,100,0,352,288,112,80,0,64,-189,0,0,100,0,0,272,112,64,0,110,-154,0,0,30,0,192,176,32,32,0,116,-149,0,0,100,0,0,480,32,48,0,110,-154,0,0,30,0,192,208,64,64,0,134,-154,0,0,30,0,152,272,40,64,0,110,-154,0,0,100,0,64,208,64,64,0,69,-175,0,0,30,0,160,176,32,32,0,75,-170,0,0,100,0,0,480,32,48,0,69,-175,0,0,30,0,128,208,64,64,0,93,-175,0,0,30,0,152,272,40,64,0,69,-175,0,0,100,0,0,208,64,64,0,112,-181,0,0,100,0,112,304,40,32,0,79,-115,0,0,30,0,160,112,96,64,0,95,-139,0,0,30,0,256,112,80,64,0,15,-147,0,1,20,0,464,288,160,96,0,15,-147,0,0,100,0,224,368,160,96,0,15,-147,0,1,8,0,192,272,160,96,0,15,-147,0,0,100,0,0,112,160,96,0,24,-147,0,0,30,0,144,0,144,112,0,24,-147,0,0,100,0,0,0,144,112,0,0,-256,0,0,100,0,808,488,192,256,0,
0,66,85,-115,0,0,100,0,0,528,32,48,0,113,-129,0,0,100,0,0,528,32,48,0,85,-99,0,0,30,0,64,480,32,32,0,113,-113,0,0,30,0,64,480,32,32,0,66,-124,0,0,100,0,784,96,48,48,0,59,-117,0,1,10,0,832,96,48,48,0,59,-117,0,0,30,0,832,96,48,48,0,65,-118,0,0,100,0,736,96,48,48,0,23,-143,0,0,100,0,592,144,48,48,0,27,-113,0,0,90,0,288,0,32,16,0,94,-134,0,0,100,0,784,96,48,48,0,89,-133,0,1,10,0,880,96,48,48,0,89,-133,0,0,30,0,880,96,48,48,0,94,-137,0,0,100,0,784,96,48,48,0,53,-156,0,0,100,0,592,192,48,48,0,57,-126,0,0,90,0,288,0,32,16,0,8,-250,0,1,20,0,0,672,160,128,0,8,-218,0,1,25,0,0,808,176,184,0,14,-161,0,0,100,0,32,480,32,32,0,28,-165,0,0,100,0,32,480,32,32,0,38,-182,1,0,100,0,0,480,32,48,0,52,-175,0,0,100,0,32,480,32,32,0,39,-212,0,1,90,0,112,576,32,32,0,48,-138,0,0,30,0,80,640,16,32,0,13,-202,0,0,100,0,0,576,80,96,0,66,-194,0,0,30,0,112,416,112,64,0,66,-194,0,1,20,0,144,560,112,64,0,66,-194,0,0,100,0,32,512,112,64,0,119,-180,0,0,100,0,400,240,48,48,0,126,-152,0,0,90,0,320,0,32,16,0,99,-230,0,0,30,0,128,336,64,80,0,94,-198,0,0,100,0,496,48,48,48,0,100,-168,0,0,90,0,288,0,32,16,0,99,-230,0,1,15,0,224,464,40,64,0,99,-230,0,0,100,0,64,336,64,80,0,72,-205,0,0,100,0,352,96,48,48,0,77,-173,0,0,90,0,288,0,32,16,0,99,-198,0,0,30,0,192,368,32,48,0,66,-194,0,0,30,0,112,480,48,32,0,99,-230,0,0,100,0,0,336,64,80,0,82,-194,0,1,30,0,144,512,80,48,0,66,-194,0,1,20,0,224,528,56,32,0,66,-194,0,0,100,0,0,416,112,64,0,136,-157,0,0,30,0,112,272,40,32,0,64,-189,0,0,100,0,352,288,112,80,0,64,-189,0,0,100,0,0,272,112,64,0,110,-154,0,0,30,0,192,176,32,32,0,116,-149,0,0,100,0,0,480,32,48,0,110,-154,0,0,30,0,192,208,64,64,0,134,-154,0,0,30,0,152,272,40,64,0,110,-154,0,0,100,0,64,208,64,64,0,69,-175,0,0,30,0,160,176,32,32,0,75,-170,0,0,100,0,0,480,32,48,0,69,-175,0,0,30,0,128,208,64,64,0,93,-175,0,0,30,0,152,272,40,64,0,69,-175,0,0,100,0,0,208,64,64,0,112,-181,0,0,100,0,112,304,40,32,0,79,-115,0,0,30,0,160,112,96,64,0,95,-139,0,0,30,0,256,112,80,64,0,15,-147,0,1,20,0,464,288,160,96,0,15,-147,0,0,100,0,224,368,160,96,0,15,-147,0,1,8,0,192,272,160,96,0,15,-147,0,0,100,0,0,112,160,96,0,24,-147,0,0,30,0,144,0,144,112,0,24,-147,0,0,100,0,0,0,144,112,0,0,-256,0,0,100,0,808,488,192,256,0,
0,62,85,-115,0,0,100,0,0,528,32,48,0,113,-129,0,0,100,0,0,528,32,48,0,85,-99,0,0,30,0,64,480,32,32,0,113,-113,0,0,30,0,64,480,32,32,0,66,-124,0,0,100,0,784,96,48,48,0,65,-118,0,0,100,0,736,96,48,48,0,23,-143,0,0,100,0,640,144,48,48,0,27,-113,0,0,90,0,288,0,32,16,0,94,-134,0,0,100,0,784,96,48,48,0,94,-137,0,0,100,0,784,96,48,48,0,53,-156,0,0,100,0,640,192,48,48,0,57,-126,0,0,90,0,288,0,32,16,0,8,-250,0,1,10,0,0,672,160,128,0,8,-218,0,1,20,0,0,808,176,184,0,14,-161,0,0,100,0,32,480,32,32,0,28,-165,0,0,100,0,32,480,32,32,0,38,-182,1,0,100,0,0,480,32,48,0,52,-175,0,0,100,0,32,480,32,32,0,39,-212,0,1,90,0,80,608,32,32,0,48,-138,0,0,30,0,80,640,16,32,0,13,-202,0,0,100,0,0,576,80,96,0,66,-194,0,0,30,0,112,416,112,64,0,66,-194,0,1,20,0,144,560,112,64,0,66,-194,0,0,100,0,32,512,112,64,0,119,-180,0,0,100,0,352,240,48,48,0,126,-152,0,0,90,0,320,0,32,16,0,99,-230,0,0,30,0,128,336,64,80,0,94,-198,0,0,100,0,496,48,48,48,0,100,-168,0,0,90,0,288,0,32,16,0,99,-230,0,1,15,0,224,464,40,64,0,99,-230,0,0,100,0,64,336,64,80,0,72,-205,0,0,100,0,352,96,48,48,0,77,-173,0,0,90,0,288,0,32,16,0,99,-198,0,0,30,0,192,368,32,48,0,66,-194,0,0,30,0,112,480,48,32,0,99,-230,0,0,100,0,0,336,64,80,0,82,-194,0,1,30,0,144,512,80,48,0,66,-194,0,1,20,0,224,528,56,32,0,66,-194,0,0,100,0,0,416,112,64,0,136,-157,0,0,30,0,112,272,40,32,0,64,-189,0,0,100,0,352,288,112,80,0,64,-189,0,0,100,0,0,272,112,64,0,110,-154,0,0,30,0,192,176,32,32,0,116,-149,0,0,100,0,0,480,32,48,0,110,-154,0,0,30,0,192,208,64,64,0,134,-154,0,0,30,0,152,272,40,64,0,110,-154,0,0,100,0,64,208,64,64,0,69,-175,0,0,30,0,160,176,32,32,0,75,-170,0,0,100,0,0,480,32,48,0,69,-175,0,0,30,0,128,208,64,64,0,93,-175,0,0,30,0,152,272,40,64,0,69,-175,0,0,100,0,0,208,64,64,0,112,-181,0,0,100,0,112,304,40,32,0,79,-115,0,0,30,0,160,112,96,64,0,95,-139,0,0,30,0,256,112,80,64,0,15,-147,0,1,20,0,464,288,160,96,0,15,-147,0,0,100,0,224,368,160,96,0,15,-147,0,1,8,0,192,272,160,96,0,15,-147,0,0,100,0,0,112,160,96,0,24,-147,0,0,30,0,144,0,144,112,0,24,-147,0,0,100,0,0,0,144,112,0,0,-256,0,0,100,0,808,488,192,256,0,
0,62,85,-115,0,0,100,0,0,528,32,48,0,113,-129,0,0,100,0,0,528,32,48,0,85,-99,0,0,30,0,64,480,32,32,0,113,-113,0,0,30,0,64,480,32,32,0,66,-124,0,0,100,0,784,96,48,48,0,65,-118,0,0,100,0,736,96,48,48,0,23,-143,0,0,100,0,688,144,48,48,0,27,-113,0,0,90,0,288,0,32,16,0,94,-134,0,0,100,0,784,96,48,48,0,94,-137,0,0,100,0,784,96,48,48,0,53,-156,0,0,100,0,688,192,48,48,0,57,-126,0,0,90,0,288,0,32,16,0,8,-250,0,1,20,0,0,672,160,128,0,8,-218,0,1,25,0,0,808,176,184,0,14,-161,0,0,100,0,32,480,32,32,0,28,-165,0,0,100,0,32,480,32,32,0,38,-182,1,0,100,0,0,480,32,48,0,52,-175,0,0,100,0,32,480,32,32,0,39,-212,0,1,90,0,112,608,32,32,0,48,-138,0,0,30,0,80,640,16,32,0,13,-202,0,0,100,0,0,576,80,96,0,66,-194,0,0,30,0,112,416,112,64,0,66,-194,0,1,20,0,144,560,112,64,0,66,-194,0,0,100,0,32,512,112,64,0,119,-180,0,0,100,0,400,240,48,48,0,126,-152,0,0,90,0,320,0,32,16,0,99,-230,0,0,30,0,128,336,64,80,0,94,-198,0,0,100,0,496,48,48,48,0,100,-168,0,0,90,0,288,0,32,16,0,99,-230,0,1,15,0,224,464,40,64,0,99,-230,0,0,100,0,64,336,64,80,0,72,-205,0,0,100,0,352,96,48,48,0,77,-173,0,0,90,0,288,0,32,16,0,99,-198,0,0,30,0,192,368,32,48,0,66,-194,0,0,30,0,112,480,48,32,0,99,-230,0,0,100,0,0,336,64,80,0,82,-194,0,1,30,0,144,512,80,48,0,66,-194,0,1,20,0,224,528,56,32,0,66,-194,0,0,100,0,0,416,112,64,0,136,-157,0,0,30,0,112,272,40,32,0,64,-189,0,0,100,0,352,288,112,80,0,64,-189,0,0,100,0,0,272,112,64,0,110,-154,0,0,30,0,192,176,32,32,0,116,-149,0,0,100,0,0,480,32,48,0,110,-154,0,0,30,0,192,208,64,64,0,134,-154,0,0,30,0,152,272,40,64,0,110,-154,0,0,100,0,64,208,64,64,0,69,-175,0,0,30,0,160,176,32,32,0,75,-170,0,0,100,0,0,480,32,48,0,69,-175,0,0,30,0,128,208,64,64,0,93,-175,0,0,30,0,152,272,40,64,0,69,-175,0,0,100,0,0,208,64,64,0,112,-181,0,0,100,0,112,304,40,32,0,79,-115,0,0,30,0,160,112,96,64,0,95,-139,0,0,30,0,256,112,80,64,0,15,-147,0,1,20,0,464,288,160,96,0,15,-147,0,0,100,0,224,368,160,96,0,15,-147,0,1,8,0,192,272,160,96,0,15,-147,0,0,100,0,0,112,160,96,0,24,-147,0,0,30,0,144,0,144,112,0,24,-147,0,0,100,0,0,0,144,112,0,0,-256,0,0,100,0,808,488,192,256,0,
0,62,85,-115,0,0,100,0,0,528,32,48,0,113,-129,0,0,100,0,0,528,32,48,0,85,-99,0,0,30,0,64,480,32,32,0,113,-113,0,0,30,0,64,480,32,32,0,66,-124,0,0,100,0,784,96,48,48,0,65,-118,0,0,100,0,736,96,48,48,0,23,-143,0,0,100,0,736,144,48,48,0,27,-113,0,0,90,0,288,0,32,16,0,94,-134,0,0,100,0,784,96,48,48,0,94,-137,0,0,100,0,784,96,48,48,0,53,-156,0,0,100,0,736,192,48,48,0,57,-126,0,0,90,0,288,0,32,16,0,8,-250,0,1,30,0,0,672,160,128,0,8,-218,0,1,30,0,0,808,176,184,0,14,-161,0,0,100,0,32,480,32,32,0,28,-165,0,0,100,0,32,480,32,32,0,38,-182,1,0,100,0,0,480,32,48,0,52,-175,0,0,100,0,32,480,32,32,0,39,-212,0,1,90,0,80,576,32,32,0,48,-138,0,0,30,0,80,640,16,32,0,13,-202,0,0,100,0,0,576,80,96,0,66,-194,0,0,30,0,112,416,112,64,0,66,-194,0,1,20,0,144,560,112,64,0,66,-194,0,0,100,0,32,512,112,64,0,119,-180,0,0,100,0,352,240,48,48,0,126,-152,0,0,90,0,320,0,32,16,0,99,-230,0,0,30,0,128,336,64,80,0,94,-198,0,0,100,0,496,48,48,48,0,100,-168,0,0,90,0,288,0,32,16,0,99,-230,0,1,15,0,224,464,40,64,0,99,-230,0,0,100,0,64,336,64,80,0,72,-205,0,0,100,0,352,96,48,48,0,77,-173,0,0,90,0,288,0,32,16,0,99,-198,0,0,30,0,192,368,32,48,0,66,-194,0,0,30,0,112,480,48,32,0,99,-230,0,0,100,0,0,336,64,80,0,82,-194,0,1,30,0,144,512,80,48,0,66,-194,0,1,20,0,224,528,56,32,0,66,-194,0,0,100,0,0,416,112,64,0,136,-157,0,0,30,0,112,272,40,32,0,64,-189,0,0,100,0,352,288,112,80,0,64,-189,0,0,100,0,0,272,112,64,0,110,-154,0,0,30,0,192,176,32,32,0,116,-149,0,0,100,0,0,480,32,48,0,110,-154,0,0,30,0,192,208,64,64,0,134,-154,0,0,30,0,152,272,40,64,0,110,-154,0,0,100,0,64,208,64,64,0,69,-175,0,0,30,0,160,176,32,32,0,75,-170,0,0,100,0,0,480,32,48,0,69,-175,0,0,30,0,128,208,64,64,0,93,-175,0,0,30,0,152,272,40,64,0,69,-175,0,0,100,0,0,208,64,64,0,112,-181,0,0,100,0,112,304,40,32,0,79,-115,0,0,30,0,160,112,96,64,0,95,-139,0,0,30,0,256,112,80,64,0,15,-147,0,1,20,0,464,288,160,96,0,15,-147,0,0,100,0,224,368,160,96,0,15,-147,0,1,8,0,192,272,160,96,0,15,-147,0,0,100,0,0,112,160,96,0,24,-147,0,0,30,0,144,0,144,112,0,24,-147,0,0,100,0,0,0,144,112,0,0,-256,0,0,100,0,808,488,192,256,0,
0,63,85,-115,0,0,100,0,0,528,32,48,0,113,-129,0,0,100,0,0,528,32,48,0,85,-99,0,0,30,0,64,480,32,32,0,113,-113,0,0,30,0,64,480,32,32,0,66,-124,0,0,100,0,784,96,48,48,0,65,-118,0,0,100,0,736,96,48,48,0,23,-143,0,0,100,0,400,144,48,48,0,27,-113,0,0,90,0,288,0,32,16,0,94,-134,0,0,100,0,784,96,48,48,0,94,-137,0,0,100,0,784,96,48,48,0,53,-156,0,0,100,0,400,192,48,48,0,57,-126,0,0,90,0,288,0,32,16,0,8,-250,0,1,20,0,0,672,160,128,0,8,-218,0,1,25,0,0,808,176,184,0,14,-161,0,0,100,0,32,480,32,32,0,28,-165,0,0,100,0,32,480,32,32,0,38,-182,1,0,100,0,0,480,32,48,0,52,-175,0,0,100,0,32,480,32,32,0,39,-212,0,1,90,0,112,576,32,32,0,48,-138,0,0,30,0,80,640,16,32,0,13,-202,0,0,100,0,0,576,80,96,0,66,-194,0,0,30,0,112,416,112,64,0,66,-194,0,1,20,0,144,560,112,64,0,66,-194,0,0,100,0,32,512,112,64,0,119,-180,0,0,100,0,400,240,48,48,0,126,-152,0,0,90,0,320,0,32,16,0,99,-230,0,0,30,0,128,336,64,80,0,93,-199,0,0,100,0,544,48,48,48,0,94,-198,0,0,100,0,448,48,48,48,0,100,-168,0,0,90,0,288,0,32,16,0,99,-230,0,1,15,0,224,464,40,64,0,99,-230,0,0,100,0,64,336,64,80,0,72,-205,0,0,100,0,352,96,48,48,0,77,-173,0,0,90,0,288,0,32,16,0,99,-198,0,0,30,0,192,368,32,48,0,66,-194,0,0,30,0,112,480,48,32,0,99,-230,0,0,100,0,0,336,64,80,0,82,-194,0,1,30,0,144,512,80,48,0,66,-194,0,1,20,0,224,528,56,32,0,66,-194,0,0,100,0,0,416,112,64,0,136,-157,0,0,30,0,112,272,40,32,0,64,-189,0,0,100,0,352,288,112,80,0,64,-189,0,0,100,0,0,272,112,64,0,110,-154,0,0,30,0,192,176,32,32,0,116,-149,0,0,100,0,0,480,32,48,0,110,-154,0,0,30,0,192,208,64,64,0,134,-154,0,0,30,0,152,272,40,64,0,110,-154,0,0,100,0,64,208,64,64,0,69,-175,0,0,30,0,160,176,32,32,0,75,-170,0,0,100,0,0,480,32,48,0,69,-175,0,0,30,0,128,208,64,64,0,93,-175,0,0,30,0,152,272,40,64,0,69,-175,0,0,100,0,0,208,64,64,0,112,-181,0,0,100,0,112,304,40,32,0,79,-115,0,0,30,0,160,112,96,64,0,95,-139,0,0,30,0,256,112,80,64,0,15,-147,0,1,20,0,464,288,160,96,0,15,-147,0,0,100,0,224,368,160,96,0,15,-147,0,1,8,0,192,272,160,96,0,15,-147,0,0,100,0,0,112,160,96,0,24,-147,0,0,30,0,144,0,144,112,0,24,-147,0,0,100,0,0,0,144,112,0,0,-256,0,0,100,0,808,488,192,256,0,
0,62,85,-115,0,0,100,0,0,528,32,48,0,113,-129,0,0,100,0,0,528,32,48,0,85,-99,0,0,30,0,64,480,32,32,0,113,-113,0,0,30,0,64,480,32,32,0,66,-124,0,0,100,0,784,96,48,48,0,65,-118,0,0,100,0,736,96,48,48,0,23,-143,0,0,100,0,448,144,48,48,0,26,-113,0,0,90,0,288,0,32,16,0,94,-134,0,0,100,0,784,96,48,48,0,94,-137,0,0,100,0,784,96,48,48,0,53,-156,0,0,100,0,448,192,48,48,0,56,-126,0,0,90,0,288,0,32,16,0,8,-250,0,1,10,0,0,672,160,128,0,8,-218,0,1,20,0,0,808,176,184,0,14,-161,0,0,100,0,32,480,32,32,0,28,-165,0,0,100,0,32,480,32,32,0,38,-182,1,0,100,0,0,480,32,48,0,52,-175,0,0,100,0,32,480,32,32,0,39,-212,0,1,90,0,80,608,32,32,0,48,-138,0,0,30,0,80,640,16,32,0,13,-202,0,0,100,0,0,576,80,96,0,66,-194,0,0,30,0,112,416,112,64,0,66,-194,0,1,20,0,144,560,112,64,0,66,-194,0,0,100,0,32,512,112,64,0,119,-180,0,0,100,0,352,240,48,48,0,126,-152,0,0,90,0,320,0,32,16,0,99,-230,0,0,30,0,128,336,64,80,0,94,-198,0,0,100,0,448,48,48,48,0,100,-168,0,0,90,0,288,0,32,16,0,99,-230,0,1,15,0,224,464,40,64,0,99,-230,0,0,100,0,64,336,64,80,0,72,-205,0,0,100,0,352,96,48,48,0,77,-173,0,0,90,0,288,0,32,16,0,99,-198,0,0,30,0,192,368,32,48,0,66,-194,0,0,30,0,112,480,48,32,0,99,-230,0,0,100,0,0,336,64,80,0,82,-194,0,1,30,0,144,512,80,48,0,66,-194,0,1,20,0,224,528,56,32,0,66,-194,0,0,100,0,0,416,112,64,0,136,-157,0,0,30,0,112,272,40,32,0,64,-189,0,0,100,0,352,288,112,80,0,64,-189,0,0,100,0,0,272,112,64,0,110,-154,0,0,30,0,192,176,32,32,0,116,-149,0,0,100,0,0,480,32,48,0,110,-154,0,0,30,0,192,208,64,64,0,134,-154,0,0,30,0,152,272,40,64,0,110,-154,0,0,100,0,64,208,64,64,0,69,-175,0,0,30,0,160,176,32,32,0,75,-170,0,0,100,0,0,480,32,48,0,69,-175,0,0,30,0,128,208,64,64,0,93,-175,0,0,30,0,152,272,40,64,0,69,-175,0,0,100,0,0,208,64,64,0,112,-181,0,0,100,0,112,304,40,32,0,79,-115,0,0,30,0,160,112,96,64,0,95,-139,0,0,30,0,256,112,80,64,0,15,-147,0,1,20,0,464,288,160,96,0,15,-147,0,0,100,0,224,368,160,96,0,15,-147,0,1,8,0,192,272,160,96,0,15,-147,0,0,100,0,0,112,160,96,0,24,-147,0,0,30,0,144,0,144,112,0,24,-147,0,0,100,0,0,0,144,112,0,0,-256,0,0,100,0,808,488,192,256,0,
0,62,85,-115,0,0,100,0,0,528,32,48,0,113,-129,0,0,100,0,0,528,32,48,0,85,-99,0,0,30,0,64,480,32,32,0,113,-113,0,0,30,0,64,480,32,32,0,66,-124,0,0,100,0,784,96,48,48,0,65,-118,0,0,100,0,736,96,48,48,0,23,-143,0,0,100,0,496,144,48,48,0,26,-113,0,0,90,0,288,0,32,16,0,94,-134,0,0,100,0,784,96,48,48,0,94,-137,0,0,100,0,784,96,48,48,0,53,-156,0,0,100,0,496,192,48,48,0,56,-126,0,0,90,0,288,0,32,16,0,8,-250,0,1,20,0,0,672,160,128,0,8,-218,0,1,25,0,0,808,176,184,0,14,-161,0,0,100,0,32,480,32,32,0,28,-165,0,0,100,0,32,480,32,32,0,38,-182,1,0,100,0,0,480,32,48,0,52,-175,0,0,100,0,32,480,32,32,0,39,-212,0,1,90,0,112,608,32,32,0,48,-138,0,0,30,0,80,640,16,32,0,13,-202,0,0,100,0,0,576,80,96,0,66,-194,0,0,30,0,112,416,112,64,0,66,-194,0,1,20,0,144,560,112,64,0,66,-194,0,0,100,0,32,512,112,64,0,119,-180,0,0,100,0,400,240,48,48,0,126,-152,0,0,90,0,320,0,32,16,0,99,-230,0,0,30,0,128,336,64,80,0,94,-198,0,0,100,0,448,48,48,48,0,100,-168,0,0,90,0,288,0,32,16,0,99,-230,0,1,15,0,224,464,40,64,0,99,-230,0,0,100,0,64,336,64,80,0,72,-205,0,0,100,0,352,96,48,48,0,77,-173,0,0,90,0,288,0,32,16,0,99,-198,0,0,30,0,192,368,32,48,0,66,-194,0,0,30,0,112,480,48,32,0,99,-230,0,0,100,0,0,336,64,80,0,82,-194,0,1,30,0,144,512,80,48,0,66,-194,0,1,20,0,224,528,56,32,0,66,-194,0,0,100,0,0,416,112,64,0,136,-157,0,0,30,0,112,272,40,32,0,64,-189,0,0,100,0,352,288,112,80,0,64,-189,0,0,100,0,0,272,112,64,0,110,-154,0,0,30,0,192,176,32,32,0,116,-149,0,0,100,0,0,480,32,48,0,110,-154,0,0,30,0,192,208,64,64,0,134,-154,0,0,30,0,152,272,40,64,0,110,-154,0,0,100,0,64,208,64,64,0,69,-175,0,0,30,0,160,176,32,32,0,75,-170,0,0,100,0,0,480,32,48,0,69,-175,0,0,30,0,128,208,64,64,0,93,-175,0,0,30,0,152,272,40,64,0,69,-175,0,0,100,0,0,208,64,64,0,112,-181,0,0,100,0,112,304,40,32,0,79,-115,0,0,30,0,160,112,96,64,0,95,-139,0,0,30,0,256,112,80,64,0,15,-147,0,1,20,0,464,288,160,96,0,15,-147,0,0,100,0,224,368,160,96,0,15,-147,0,1,8,0,192,272,160,96,0,15,-147,0,0,100,0,0,112,160,96,0,24,-147,0,0,30,0,144,0,144,112,0,24,-147,0,0,100,0,0,0,144,112,0,0,-256,0,0,100,0,808,488,192,256,0,
0,62,85,-115,0,0,100,0,0,528,32,48,0,113,-129,0,0,100,0,0,528,32,48,0,85,-99,0,0,30,0,64,480,32,32,0,113,-113,0,0,30,0,64,480,32,32,0,66,-124,0,0,100,0,784,96,48,48,0,65,-118,0,0,100,0,736,96,48,48,0,23,-143,0,0,100,0,496,144,48,48,0,26,-113,0,0,90,0,288,0,32,16,0,94,-134,0,0,100,0,784,96,48,48,0,94,-137,0,0,100,0,784,96,48,48,0,53,-156,0,0,100,0,496,192,48,48,0,56,-126,0,0,90,0,288,0,32,16,0,8,-250,0,1,30,0,0,672,160,128,0,8,-218,0,1,30,0,0,808,176,184,0,14,-161,0,0,100,0,32,480,32,32,0,28,-165,0,0,100,0,32,480,32,32,0,38,-182,1,0,100,0,0,480,32,48,0,52,-175,0,0,100,0,32,480,32,32,0,39,-212,0,1,90,0,80,576,32,32,0,48,-138,0,0,30,0,80,640,16,32,0,13,-202,0,0,100,0,0,576,80,96,0,66,-194,0,0,30,0,112,416,112,64,0,66,-194,0,1,20,0,144,560,112,64,0,66,-194,0,0,100,0,32,512,112,64,0,119,-180,0,0,100,0,352,240,48,48,0,126,-152,0,0,90,0,320,0,32,16,0,99,-230,0,0,30,0,128,336,64,80,0,94,-198,0,0,100,0,448,48,48,48,0,100,-168,0,0,90,0,288,0,32,16,0,99,-230,0,1,15,0,224,464,40,64,0,99,-230,0,0,100,0,64,336,64,80,0,72,-205,0,0,100,0,352,96,48,48,0,77,-173,0,0,90,0,288,0,32,16,0,99,-198,0,0,30,0,192,368,32,48,0,66,-194,0,0,30,0,112,480,48,32,0,99,-230,0,0,100,0,0,336,64,80,0,82,-194,0,1,30,0,144,512,80,48,0,66,-194,0,1,20,0,224,528,56,32,0,66,-194,0,0,100,0,0,416,112,64,0,136,-157,0,0,30,0,112,272,40,32,0,64,-189,0,0,100,0,352,288,112,80,0,64,-189,0,0,100,0,0,272,112,64,0,110,-154,0,0,30,0,192,176,32,32,0,116,-149,0,0,100,0,0,480,32,48,0,110,-154,0,0,30,0,192,208,64,64,0,134,-154,0,0,30,0,152,272,40,64,0,110,-154,0,0,100,0,64,208,64,64,0,69,-175,0,0,30,0,160,176,32,32,0,75,-170,0,0,100,0,0,480,32,48,0,69,-175,0,0,30,0,128,208,64,64,0,93,-175,0,0,30,0,152,272,40,64,0,69,-175,0,0,100,0,0,208,64,64,0,112,-181,0,0,100,0,112,304,40,32,0,79,-115,0,0,30,0,160,112,96,64,0,95,-139,0,0,30,0,256,112,80,64,0,15,-147,0,1,20,0,464,288,160,96,0,15,-147,0,0,100,0,224,368,160,96,0,15,-147,0,1,8,0,192,272,160,96,0,15,-147,0,0,100,0,0,112,160,96,0,24,-147,0,0,30,0,144,0,144,112,0,24,-147,0,0,100,0,0,0,144,112,0,0,-256,0,0,100,0,808,488,192,256,0,
0,77,86,-115,0,0,50,0,0,528,32,48,0,85,-115,0,0,100,0,0,528,32,48,0,114,-129,0,0,50,0,0,528,32,48,0,113,-129,0,0,100,0,0,528,32,48,0,85,-99,0,0,30,0,64,480,32,32,0,113,-113,0,0,30,0,64,480,32,32,0,66,-122,0,0,50,0,784,96,48,48,0,60,-121,0,1,50,0,880,96,48,48,0,60,-121,0,0,50,0,880,96,48,48,0,65,-122,0,0,100,0,784,96,48,48,0,67,-124,0,0,50,0,784,96,48,48,0,66,-124,0,0,100,0,784,96,48,48,0,66,-118,0,0,50,0,736,96,48,48,0,65,-118,0,0,100,0,736,96,48,48,0,23,-143,0,0,100,0,544,144,48,48,0,27,-113,0,0,90,0,288,0,32,16,0,96,-139,0,0,50,0,736,96,48,48,0,89,-138,0,1,50,0,832,96,48,48,0,89,-138,0,0,50,0,832,96,48,48,0,95,-139,0,0,100,0,736,96,48,48,0,95,-134,0,0,50,0,784,96,48,48,0,94,-134,0,0,100,0,784,96,48,48,0,95,-137,0,0,50,0,784,96,48,48,0,94,-137,0,0,100,0,784,96,48,48,0,53,-156,0,0,100,0,544,192,48,48,0,57,-126,0,0,90,0,288,0,32,16,0,8,-250,0,1,20,0,0,672,160,128,0,8,-218,0,1,25,0,0,808,176,184,0,14,-161,0,0,100,0,32,480,32,32,0,28,-165,0,0,100,0,32,480,32,32,0,38,-182,1,0,100,0,0,480,32,48,0,52,-175,0,0,100,0,32,480,32,32,0,39,-212,0,1,90,0,112,576,32,32,0,48,-138,0,0,30,0,80,640,16,32,0,13,-202,0,0,100,0,0,576,80,96,0,66,-194,0,0,30,0,112,416,112,64,0,66,-194,0,1,20,0,144,560,112,64,0,66,-194,0,0,100,0,32,512,112,64,0,119,-180,0,0,100,0,400,240,48,48,0,126,-152,0,0,90,0,320,0,32,16,0,99,-230,0,0,30,0,128,336,64,80,0,95,-197,0,0,100,0,592,48,48,48,0,94,-198,0,0,100,0,496,48,48,48,0,100,-168,0,0,90,0,288,0,32,16,0,99,-230,0,1,15,0,224,464,40,64,0,99,-230,0,0,100,0,64,336,64,80,0,72,-205,0,0,100,0,352,96,48,48,0,77,-173,0,0,90,0,288,0,32,16,0,99,-198,0,0,30,0,192,368,32,48,0,66,-194,0,0,30,0,112,480,48,32,0,99,-230,0,0,100,0,0,336,64,80,0,82,-194,0,1,30,0,144,512,80,48,0,66,-194,0,1,20,0,224,528,56,32,0,66,-194,0,0,100,0,0,416,112,64,0,136,-157,0,0,30,0,112,272,40,32,0,64,-189,0,0,100,0,352,288,112,80,0,64,-189,0,0,100,0,0,272,112,64,0,110,-154,0,0,30,0,192,176,32,32,0,116,-149,0,0,100,0,0,480,32,48,0,110,-154,0,0,30,0,192,208,64,64,0,134,-154,0,0,30,0,152,272,40,64,0,110,-154,0,0,100,0,64,208,64,64,0,69,-175,0,0,30,0,160,176,32,32,0,75,-170,0,0,100,0,0,480,32,48,0,69,-175,0,0,30,0,128,208,64,64,0,93,-175,0,0,30,0,152,272,40,64,0,69,-175,0,0,100,0,0,208,64,64,0,112,-181,0,0,100,0,112,304,40,32,0,79,-115,0,0,30,0,160,112,96,64,0,95,-139,0,0,30,0,256,112,80,64,0,15,-147,0,1,20,0,464,288,160,96,0,15,-147,0,0,100,0,224,368,160,96,0,15,-147,0,1,8,0,192,272,160,96,0,15,-147,0,0,100,0,0,112,160,96,0,24,-147,0,0,30,0,144,0,144,112,0,24,-147,0,0,100,0,0,0,144,112,0,0,-256,0,0,100,0,808,488,192,256,0,
0,68,85,-115,0,0,100,0,0,528,32,48,0,113,-129,0,0,100,0,0,528,32,48,0,85,-99,0,0,30,0,64,480,32,32,0,113,-113,0,0,30,0,64,480,32,32,0,65,-122,0,0,100,0,784,96,48,48,0,60,-121,0,1,10,0,880,96,48,48,0,60,-121,0,0,30,0,880,96,48,48,0,66,-124,0,0,100,0,784,96,48,48,0,65,-118,0,0,100,0,736,96,48,48,0,23,-143,0,0,100,0,592,144,48,48,0,27,-113,0,0,90,0,288,0,32,16,0,95,-139,0,0,100,0,736,96,48,48,0,89,-138,0,1,10,0,832,96,48,48,0,89,-138,0,0,30,0,832,96,48,48,0,94,-134,0,0,100,0,784,96,48,48,0,94,-137,0,0,100,0,784,96,48,48,0,53,-156,0,0,100,0,592,192,48,48,0,57,-126,0,0,90,0,288,0,32,16,0,8,-250,0,1,10,0,0,672,160,128,0,8,-218,0,1,20,0,0,808,176,184,0,14,-161,0,0,100,0,32,480,32,32,0,28,-165,0,0,100,0,32,480,32,32,0,38,-182,1,0,100,0,0,480,32,48,0,52,-175,0,0,100,0,32,480,32,32,0,39,-212,0,1,90,0,80,608,32,32,0,48,-138,0,0,30,0,80,640,16,32,0,13,-202,0,0,100,0,0,576,80,96,0,66,-194,0,0,30,0,112,416,112,64,0,66,-194,0,1,20,0,144,560,112,64,0,66,-194,0,0,100,0,32,512,112,64,0,119,-180,0,0,100,0,352,240,48,48,0,126,-152,0,0,90,0,320,0,32,16,0,99,-230,0,0,30,0,128,336,64,80,0,94,-198,0,0,100,0,496,48,48,48,0,100,-168,0,0,90,0,288,0,32,16,0,99,-230,0,1,15,0,224,464,40,64,0,99,-230,0,0,100,0,64,336,64,80,0,72,-205,0,0,100,0,352,96,48,48,0,77,-173,0,0,90,0,288,0,32,16,0,99,-198,0,0,30,0,192,368,32,48,0,66,-194,0,0,30,0,112,480,48,32,0,99,-230,0,0,100,0,0,336,64,80,0,82,-194,0,1,30,0,144,512,80,48,0,66,-194,0,1,20,0,224,528,56,32,0,66,-194,0,0,100,0,0,416,112,64,0,136,-157,0,0,30,0,112,272,40,32,0,64,-189,0,0,100,0,352,288,112,80,0,64,-189,0,0,100,0,0,272,112,64,0,110,-154,0,0,30,0,192,176,32,32,0,116,-149,0,0,100,0,0,480,32,48,0,110,-154,0,0,30,0,192,208,64,64,0,134,-154,0,0,30,0,152,272,40,64,0,110,-154,0,0,100,0,64,208,64,64,0,69,-175,0,0,30,0,160,176,32,32,0,75,-170,0,0,100,0,0,480,32,48,0,69,-175,0,0,30,0,128,208,64,64,0,93,-175,0,0,30,0,152,272,40,64,0,69,-175,0,0,100,0,0,208,64,64,0,112,-181,0,0,100,0,112,304,40,32,0,79,-115,0,0,30,0,160,112,96,64,0,95,-139,0,0,30,0,256,112,80,64,0,15,-147,0,1,20,0,464,288,160,96,0,15,-147,0,0,100,0,224,368,160,96,0,15,-147,0,1,8,0,192,272,160,96,0,15,-147,0,0,100,0,0,112,160,96,0,24,-147,0,0,30,0,144,0,144,112,0,24,-147,0,0,100,0,0,0,144,112,0,0,-256,0,0,100,0,808,488,192,256,0,
0,64,85,-115,0,0,100,0,0,528,32,48,0,113,-129,0,0,100,0,0,528,32,48,0,85,-99,0,0,30,0,64,480,32,32,0,113,-113,0,0,30,0,64,480,32,32,0,65,-122,0,0,100,0,784,96,48,48,0,66,-124,0,0,100,0,784,96,48,48,0,65,-118,0,0,100,0,736,96,48,48,0,23,-143,0,0,100,0,640,144,48,48,0,27,-113,0,0,90,0,288,0,32,16,0,95,-139,0,0,100,0,736,96,48,48,0,94,-134,0,0,100,0,784,96,48,48,0,94,-137,0,0,100,0,784,96,48,48,0,53,-156,0,0,100,0,640,192,48,48,0,57,-126,0,0,90,0,288,0,32,16,0,8,-250,0,1,20,0,0,672,160,128,0,8,-218,0,1,25,0,0,808,176,184,0,14,-161,0,0,100,0,32,480,32,32,0,28,-165,0,0,100,0,32,480,32,32,0,38,-182,1,0,100,0,0,480,32,48,0,52,-175,0,0,100,0,32,480,32,32,0,39,-212,0,1,90,0,112,608,32,32,0,48,-138,0,0,30,0,80,640,16,32,0,13,-202,0,0,100,0,0,576,80,96,0,66,-194,0,0,30,0,112,416,112,64,0,66,-194,0,1,20,0,144,560,112,64,0,66,-194,0,0,100,0,32,512,112,64,0,119,-180,0,0,100,0,400,240,48,48,0,126,-152,0,0,90,0,320,0,32,16,0,99,-230,0,0,30,0,128,336,64,80,0,94,-198,0,0,100,0,496,48,48,48,0,100,-168,0,0,90,0,288,0,32,16,0,99,-230,0,1,15,0,224,464,40,64,0,99,-230,0,0,100,0,64,336,64,80,0,72,-205,0,0,100,0,352,96,48,48,0,77,-173,0,0,90,0,288,0,32,16,0,99,-198,0,0,30,0,192,368,32,48,0,66,-194,0,0,30,0,112,480,48,32,0,99,-230,0,0,100,0,0,336,64,80,0,82,-194,0,1,30,0,144,512,80,48,0,66,-194,0,1,20,0,224,528,56,32,0,66,-194,0,0,100,0,0,416,112,64,0,136,-157,0,0,30,0,112,272,40,32,0,64,-189,0,0,100,0,352,288,112,80,0,64,-189,0,0,100,0,0,272,112,64,0,110,-154,0,0,30,0,192,176,32,32,0,116,-149,0,0,100,0,0,480,32,48,0,110,-154,0,0,30,0,192,208,64,64,0,134,-154,0,0,30,0,152,272,40,64,0,110,-154,0,0,100,0,64,208,64,64,0,69,-175,0,0,30,0,160,176,32,32,0,75,-170,0,0,100,0,0,480,32,48,0,69,-175,0,0,30,0,128,208,64,64,0,93,-175,0,0,30,0,152,272,40,64,0,69,-175,0,0,100,0,0,208,64,64,0,112,-181,0,0,100,0,112,304,40,32,0,79,-115,0,0,30,0,160,112,96,64,0,95,-139,0,0,30,0,256,112,80,64,0,15,-147,0,1,20,0,464,288,160,96,0,15,-147,0,0,100,0,224,368,160,96,0,15,-147,0,1,8,0,192,272,160,96,0,15,-147,0,0,100,0,0,112,160,96,0,24,-147,0,0,30,0,144,0,144,112,0,24,-147,0,0,100,0,0,0,144,112,0,0,-256,0,0,100,0,808,488,192,256,0,
0,65,85,-115,0,0,100,0,0,528,32,48,0,113,-129,0,0,100,0,0,528,32,48,0,85,-99,0,0,30,0,64,480,32,32,0,113,-113,0,0,30,0,64,480,32,32,0,65,-122,0,0,100,0,784,96,48,48,0,66,-124,0,0,100,0,784,96,48,48,0,65,-118,0,0,100,0,736,96,48,48,0,23,-143,0,0,100,0,640,144,48,48,0,27,-113,0,0,90,0,288,0,32,16,0,95,-139,0,0,100,0,736,96,48,48,0,94,-134,0,0,100,0,784,96,48,48,0,94,-137,0,0,100,0,784,96,48,48,0,53,-156,0,0,100,0,640,192,48,48,0,57,-126,0,0,90,0,288,0,32,16,0,8,-250,0,1,30,0,0,672,160,128,0,8,-218,0,1,30,0,0,808,176,184,0,14,-161,0,0,100,0,32,480,32,32,0,28,-165,0,0,100,0,32,480,32,32,0,38,-182,1,0,100,0,0,480,32,48,0,52,-175,0,0,100,0,32,480,32,32,0,39,-212,0,1,90,0,80,576,32,32,0,48,-138,0,0,30,0,80,640,16,32,0,13,-202,0,0,100,0,0,576,80,96,0,66,-194,0,0,30,0,112,416,112,64,0,66,-194,0,1,20,0,144,560,112,64,0,66,-194,0,0,100,0,32,512,112,64,0,119,-180,0,0,100,0,352,240,48,48,0,126,-152,0,0,90,0,320,0,32,16,0,99,-230,0,0,30,0,128,336,64,80,0,94,-198,0,0,100,0,496,48,48,48,0,100,-168,0,0,90,0,288,0,32,16,0,99,-230,0,1,15,0,224,464,40,64,0,99,-230,0,0,100,0,64,336,64,80,0,62,-219,0,1,100,0,736,240,48,48,0,72,-205,0,0,100,0,496,96,48,48,0,77,-173,0,0,90,0,288,0,32,16,0,99,-198,0,0,30,0,192,368,32,48,0,66,-194,0,0,30,0,112,480,48,32,0,99,-230,0,0,100,0,0,336,64,80,0,82,-194,0,1,30,0,144,512,80,48,0,66,-194,0,1,20,0,224,528,56,32,0,66,-194,0,0,100,0,0,416,112,64,0,136,-157,0,0,30,0,112,272,40,32,0,64,-189,0,0,100,0,352,288,112,80,0,64,-189,0,0,100,0,0,272,112,64,0,110,-154,0,0,30,0,192,176,32,32,0,116,-149,0,0,100,0,0,480,32,48,0,110,-154,0,0,30,0,192,208,64,64,0,134,-154,0,0,30,0,152,272,40,64,0,110,-154,0,0,100,0,64,208,64,64,0,69,-175,0,0,30,0,160,176,32,32,0,75,-170,0,0,100,0,0,480,32,48,0,69,-175,0,0,30,0,128,208,64,64,0,93,-175,0,0,30,0,152,272,40,64,0,69,-175,0,0,100,0,0,208,64,64,0,112,-181,0,0,100,0,112,304,40,32,0,79,-115,0,0,30,0,160,112,96,64,0,95,-139,0,0,30,0,256,112,80,64,0,15,-147,0,1,20,0,464,288,160,96,0,15,-147,0,0,100,0,224,368,160,96,0,15,-147,0,1,8,0,192,272,160,96,0,15,-147,0,0,100,0,0,112,160,96,0,24,-147,0,0,30,0,144,0,144,112,0,24,-147,0,0,100,0,0,0,144,112,0,0,-256,0,0,100,0,808,488,192,256,0,
0,65,85,-115,0,0,100,0,0,528,32,48,0,113,-129,0,0,100,0,0,528,32,48,0,85,-99,0,0,30,0,64,480,32,32,0,113,-113,0,0,30,0,64,480,32,32,0,65,-122,0,0,100,0,784,96,48,48,0,66,-124,0,0,100,0,784,96,48,48,0,65,-118,0,0,100,0,736,96,48,48,0,23,-143,0,0,100,0,640,144,48,48,0,27,-113,0,0,90,0,288,0,32,16,0,95,-139,0,0,100,0,736,96,48,48,0,94,-134,0,0,100,0,784,96,48,48,0,94,-137,0,0,100,0,784,96,48,48,0,53,-156,0,0,100,0,640,192,48,48,0,57,-126,0,0,90,0,288,0,32,16,0,8,-250,0,1,20,0,0,672,160,128,0,8,-218,0,1,25,0,0,808,176,184,0,14,-161,0,0,100,0,32,480,32,32,0,28,-165,0,0,100,0,32,480,32,32,0,38,-182,1,0,100,0,0,480,32,48,0,52,-175,0,0,100,0,32,480,32,32,0,39,-212,0,1,90,0,112,576,32,32,0,48,-138,0,0,30,0,80,640,16,32,0,13,-202,0,0,100,0,0,576,80,96,0,66,-194,0,0,30,0,112,416,112,64,0,66,-194,0,1,20,0,144,560,112,64,0,66,-194,0,0,100,0,32,512,112,64,0,119,-180,0,0,100,0,400,240,48,48,0,126,-152,0,0,90,0,320,0,32,16,0,99,-230,0,0,30,0,128,336,64,80,0,94,-198,0,0,100,0,352,0,48,48,0,100,-168,0,0,90,0,288,0,32,16,0,99,-230,0,1,15,0,224,464,40,64,0,99,-230,0,0,100,0,64,336,64,80,0,62,-219,0,1,100,0,784,240,48,48,0,72,-205,0,0,100,0,544,96,48,48,0,77,-173,0,0,90,0,288,0,32,16,0,99,-198,0,0,30,0,192,368,32,48,0,66,-194,0,0,30,0,112,480,48,32,0,99,-230,0,0,100,0,0,336,64,80,0,82,-194,0,1,30,0,144,512,80,48,0,66,-194,0,1,20,0,224,528,56,32,0,66,-194,0,0,100,0,0,416,112,64,0,136,-157,0,0,30,0,112,272,40,32,0,64,-189,0,0,100,0,352,288,112,80,0,64,-189,0,0,100,0,0,272,112,64,0,110,-154,0,0,30,0,192,176,32,32,0,116,-149,0,0,100,0,0,480,32,48,0,110,-154,0,0,30,0,192,208,64,64,0,134,-154,0,0,30,0,152,272,40,64,0,110,-154,0,0,100,0,64,208,64,64,0,69,-175,0,0,30,0,160,176,32,32,0,75,-170,0,0,100,0,0,480,32,48,0,69,-175,0,0,30,0,128,208,64,64,0,93,-175,0,0,30,0,152,272,40,64,0,69,-175,0,0,100,0,0,208,64,64,0,112,-181,0,0,100,0,112,304,40,32,0,79,-115,0,0,30,0,160,112,96,64,0,95,-139,0,0,30,0,256,112,80,64,0,15,-147,0,1,20,0,464,288,160,96,0,15,-147,0,0,100,0,224,368,160,96,0,15,-147,0,1,8,0,192,272,160,96,0,15,-147,0,0,100,0,0,112,160,96,0,24,-147,0,0,30,0,144,0,144,112,0,24,-147,0,0,100,0,0,0,144,112,0,0,-256,0,0,100,0,808,488,192,256,0,
0,67,85,-115,0,0,100,0,0,528,32,48,0,113,-129,0,0,100,0,0,528,32,48,0,85,-99,0,0,30,0,64,480,32,32,0,113,-113,0,0,30,0,64,480,32,32,0,65,-122,0,0,100,0,784,96,48,48,0,66,-124,0,0,100,0,784,96,48,48,0,65,-118,0,0,100,0,736,96,48,48,0,23,-143,0,0,100,0,640,144,48,48,0,27,-113,0,0,90,0,288,0,32,16,0,95,-139,0,0,100,0,736,96,48,48,0,94,-134,0,0,100,0,784,96,48,48,0,94,-137,0,0,100,0,784,96,48,48,0,53,-156,0,0,100,0,640,192,48,48,0,57,-126,0,0,90,0,288,0,32,16,0,8,-250,0,1,10,0,0,672,160,128,0,8,-218,0,1,20,0,0,808,176,184,0,14,-161,0,0,100,0,32,480,32,32,0,28,-165,0,0,100,0,32,480,32,32,0,38,-182,1,0,100,0,0,480,32,48,0,52,-175,0,0,100,0,32,480,32,32,0,39,-212,0,1,90,0,80,608,32,32,0,48,-138,0,0,30,0,80,640,16,32,0,13,-202,0,0,100,0,0,576,80,96,0,119,-180,0,0,100,0,640,240,48,48,0,66,-194,0,0,30,0,112,416,112,64,0,66,-194,0,1,20,0,144,560,112,64,0,66,-194,0,0,100,0,32,512,112,64,0,110,-199,0,1,100,0,784,240,48,48,0,119,-180,0,0,100,0,544,240,48,48,0,126,-152,0,0,90,0,320,0,32,16,0,99,-230,0,0,30,0,128,336,64,80,0,94,-198,0,0,100,0,352,0,48,48,0,100,-168,0,0,90,0,288,0,32,16,0,99,-230,0,1,15,0,224,464,40,64,0,99,-230,0,0,100,0,64,336,64,80,0,62,-219,0,1,100,0,736,240,48,48,0,72,-205,0,0,100,0,496,96,48,48,0,77,-173,0,0,90,0,288,0,32,16,0,99,-198,0,0,30,0,192,368,32,48,0,66,-194,0,0,30,0,112,480,48,32,0,99,-230,0,0,100,0,0,336,64,80,0,82,-194,0,1,30,0,144,512,80,48,0,66,-194,0,1,20,0,224,528,56,32,0,66,-194,0,0,100,0,0,416,112,64,0,136,-157,0,0,30,0,112,272,40,32,0,64,-189,0,0,100,0,352,288,112,80,0,64,-189,0,0,100,0,0,272,112,64,0,110,-154,0,0,30,0,192,176,32,32,0,116,-149,0,0,100,0,0,480,32,48,0,110,-154,0,0,30,0,192,208,64,64,0,134,-154,0,0,30,0,152,272,40,64,0,110,-154,0,0,100,0,64,208,64,64,0,69,-175,0,0,30,0,160,176,32,32,0,75,-170,0,0,100,0,0,480,32,48,0,69,-175,0,0,30,0,128,208,64,64,0,93,-175,0,0,30,0,152,272,40,64,0,69,-175,0,0,100,0,0,208,64,64,0,112,-181,0,0,100,0,112,304,40,32,0,79,-115,0,0,30,0,160,112,96,64,0,95,-139,0,0,30,0,256,112,80,64,0,15,-147,0,1,20,0,464,288,160,96,0,15,-147,0,0,100,0,224,368,160,96,0,15,-147,0,1,8,0,192,272,160,96,0,15,-147,0,0,100,0,0,112,160,96,0,24,-147,0,0,30,0,144,0,144,112,0,24,-147,0,0,100,0,0,0,144,112,0,0,-256,0,0,100,0,808,488,192,256,0,
0,67,85,-115,0,0,100,0,0,528,32,48,0,113,-129,0,0,100,0,0,528,32,48,0,85,-99,0,0,30,0,64,480,32,32,0,113,-113,0,0,30,0,64,480,32,32,0,65,-122,0,0,100,0,784,96,48,48,0,66,-124,0,0,100,0,784,96,48,48,0,65,-118,0,0,100,0,736,96,48,48,0,23,-143,0,0,100,0,784,144,48,48,0,27,-113,0,0,90,0,288,0,32,16,0,95,-139,0,0,100,0,736,96,48,48,0,94,-134,0,0,100,0,784,96,48,48,0,94,-137,0,0,100,0,784,96,48,48,0,53,-156,0,0,100,0,784,192,48,48,0,57,-126,0,0,90,0,288,0,32,16,0,8,-250,0,1,20,0,0,672,160,128,0,8,-218,0,1,25,0,0,808,176,184,0,14,-161,0,0,100,0,32,480,32,32,0,28,-165,0,0,100,0,32,480,32,32,0,38,-182,1,0,100,0,0,480,32,48,0,52,-175,0,0,100,0,32,480,32,32,0,39,-212,0,1,90,0,112,608,32,32,0,48,-138,0,0,30,0,80,640,16,32,0,13,-202,0,0,100,0,0,576,80,96,0,119,-180,0,0,100,0,688,240,48,48,0,66,-194,0,0,30,0,112,416,112,64,0,66,-194,0,1,20,0,144,560,112,64,0,66,-194,0,0,100,0,32,512,112,64,0,110,-199,0,1,100,0,736,240,48,48,0,119,-180,0,0,100,0,592,240,48,48,0,126,-152,0,0,90,0,320,0,32,16,0,99,-230,0,0,30,0,128,336,64,80,0,94,-198,0,0,100,0,352,0,48,48,0,100,-168,0,0,90,0,288,0,32,16,0,99,-230,0,1,15,0,224,464,40,64,0,99,-230,0,0,100,0,64,336,64,80,0,62,-219,0,1,100,0,784,240,48,48,0,72,-205,0,0,100,0,544,96,48,48,0,77,-173,0,0,90,0,288,0,32,16,0,99,-198,0,0,30,0,192,368,32,48,0,66,-194,0,0,30,0,112,480,48,32,0,99,-230,0,0,100,0,0,336,64,80,0,82,-194,0,1,30,0,144,512,80,48,0,66,-194,0,1,20,0,224,528,56,32,0,66,-194,0,0,100,0,0,416,112,64,0,136,-157,0,0,30,0,112,272,40,32,0,64,-189,0,0,100,0,352,288,112,80,0,64,-189,0,0,100,0,0,272,112,64,0,110,-154,0,0,30,0,192,176,32,32,0,116,-149,0,0,100,0,0,480,32,48,0,110,-154,0,0,30,0,192,208,64,64,0,134,-154,0,0,30,0,152,272,40,64,0,110,-154,0,0,100,0,64,208,64,64,0,69,-175,0,0,30,0,160,176,32,32,0,75,-170,0,0,100,0,0,480,32,48,0,69,-175,0,0,30,0,128,208,64,64,0,93,-175,0,0,30,0,152,272,40,64,0,69,-175,0,0,100,0,0,208,64,64,0,112,-181,0,0,100,0,112,304,40,32,0,79,-115,0,0,30,0,160,112,96,64,0,95,-139,0,0,30,0,256,112,80,64,0,15,-147,0,1,20,0,464,288,160,96,0,15,-147,0,0,100,0,224,368,160,96,0,15,-147,0,1,8,0,192,272,160,96,0,15,-147,0,0,100,0,0,112,160,96,0,24,-147,0,0,30,0,144,0,144,112,0,24,-147,0,0,100,0,0,0,144,112,0,0,-256,0,0,100,0,808,488,192,256,0,
0,67,85,-115,0,0,100,0,0,528,32,48,0,113,-129,0,0,100,0,0,528,32,48,0,85,-99,0,0,30,0,64,480,32,32,0,113,-113,0,0,30,0,64,480,32,32,0,65,-122,0,0,100,0,784,96,48,48,0,66,-124,0,0,100,0,784,96,48,48,0,65,-118,0,0,100,0,736,96,48,48,0,23,-143,0,0,100,0,784,144,48,48,0,27,-113,0,0,90,0,288,0,32,16,0,95,-139,0,0,100,0,736,96,48,48,0,94,-134,0,0,100,0,784,96,48,48,0,94,-137,0,0,100,0,784,96,48,48,0,53,-156,0,0,100,0,784,192,48,48,0,57,-126,0,0,90,0,288,0,32,16,0,8,-250,0,1,30,0,0,672,160,128,0,8,-218,0,1,30,0,0,808,176,184,0,14,-161,0,0,100,0,32,480,32,32,0,28,-165,0,0,100,0,32,480,32,32,0,38,-182,1,0,100,0,0,480,32,48,0,52,-175,0,0,100,0,32,480,32,32,0,39,-212,0,1,90,0,80,576,32,32,0,48,-138,0,0,30,0,80,640,16,32,0,13,-202,0,0,100,0,0,576,80,96,0,119,-180,0,0,100,0,640,240,48,48,0,66,-194,0,0,30,0,112,416,112,64,0,66,-194,0,1,20,0,144,560,112,64,0,66,-194,0,0,100,0,32,512,112,64,0,110,-199,0,1,100,0,784,240,48,48,0,119,-180,0,0,100,0,544,240,48,48,0,126,-152,0,0,90,0,320,0,32,16,0,99,-230,0,0,30,0,128,336,64,80,0,94,-198,0,0,100,0,640,48,48,48,0,100,-168,0,0,90,0,288,0,32,16,0,99,-230,0,1,15,0,224,464,40,64,0,99,-230,0,0,100,0,64,336,64,80,0,62,-219,0,1,100,0,736,240,48,48,0,72,-205,0,0,100,0,496,96,48,48,0,77,-173,0,0,90,0,288,0,32,16,0,99,-198,0,0,30,0,192,368,32,48,0,66,-194,0,0,30,0,112,480,48,32,0,99,-230,0,0,100,0,0,336,64,80,0,82,-194,0,1,30,0,144,512,80,48,0,66,-194,0,1,20,0,224,528,56,32,0,66,-194,0,0,100,0,0,416,112,64,0,136,-157,0,0,30,0,112,272,40,32,0,64,-189,0,0,100,0,352,288,112,80,0,64,-189,0,0,100,0,0,272,112,64,0,110,-154,0,0,30,0,192,176,32,32,0,116,-149,0,0,100,0,0,480,32,48,0,110,-154,0,0,30,0,192,208,64,64,0,134,-154,0,0,30,0,152,272,40,64,0,110,-154,0,0,100,0,64,208,64,64,0,69,-175,0,0,30,0,160,176,32,32,0,75,-170,0,0,100,0,0,480,32,48,0,69,-175,0,0,30,0,128,208,64,64,0,93,-175,0,0,30,0,152,272,40,64,0,69,-175,0,0,100,0,0,208,64,64,0,112,-181,0,0,100,0,112,304,40,32,0,79,-115,0,0,30,0,160,112,96,64,0,95,-139,0,0,30,0,256,112,80,64,0,15,-147,0,1,20,0,464,288,160,96,0,15,-147,0,0,100,0,224,368,160,96,0,15,-147,0,1,8,0,192,272,160,96,0,15,-147,0,0,100,0,0,112,160,96,0,24,-147,0,0,30,0,144,0,144,112,0,24,-147,0,0,100,0,0,0,144,112,0,0,-256,0,0,100,0,808,488,192,256,0,
0,67,85,-115,0,0,100,0,0,528,32,48,0,113,-129,0,0,100,0,0,528,32,48,0,85,-99,0,0,30,0,64,480,32,32,0,113,-113,0,0,30,0,64,480,32,32,0,65,-122,0,0,100,0,784,96,48,48,0,66,-124,0,0,100,0,784,96,48,48,0,65,-118,0,0,100,0,736,96,48,48,0,23,-143,0,0,100,0,784,144,48,48,0,27,-113,0,0,90,0,288,0,32,16,0,95,-139,0,0,100,0,736,96,48,48,0,94,-134,0,0,100,0,784,96,48,48,0,94,-137,0,0,100,0,784,96,48,48,0,53,-156,0,0,100,0,784,192,48,48,0,57,-126,0,0,90,0,288,0,32,16,0,8,-250,0,1,20,0,0,672,160,128,0,8,-218,0,1,25,0,0,808,176,184,0,14,-161,0,0,100,0,32,480,32,32,0,28,-165,0,0,100,0,32,480,32,32,0,38,-182,1,0,100,0,0,480,32,48,0,52,-175,0,0,100,0,32,480,32,32,0,39,-212,0,1,90,0,112,576,32,32,0,48,-138,0,0,30,0,80,640,16,32,0,13,-202,0,0,100,0,0,576,80,96,0,119,-180,0,0,100,0,688,240,48,48,0,66,-194,0,0,30,0,112,416,112,64,0,66,-194,0,1,20,0,144,560,112,64,0,66,-194,0,0,100,0,32,512,112,64,0,110,-199,0,1,100,0,736,240,48,48,0,119,-180,0,0,100,0,592,240,48,48,0,126,-152,0,0,90,0,320,0,32,16,0,99,-230,0,0,30,0,128,336,64,80,0,94,-198,0,0,100,0,688,48,48,48,0,100,-168,0,0,90,0,288,0,32,16,0,99,-230,0,1,15,0,224,464,40,64,0,99,-230,0,0,100,0,64,336,64,80,0,62,-219,0,1,100,0,784,240,48,48,0,72,-205,0,0,100,0,544,96,48,48,0,77,-173,0,0,90,0,288,0,32,16,0,99,-198,0,0,30,0,192,368,32,48,0,66,-194,0,0,30,0,112,480,48,32,0,99,-230,0,0,100,0,0,336,64,80,0,82,-194,0,1,30,0,144,512,80,48,0,66,-194,0,1,20,0,224,528,56,32,0,66,-194,0,0,100,0,0,416,112,64,0,136,-157,0,0,30,0,112,272,40,32,0,64,-189,0,0,100,0,352,288,112,80,0,64,-189,0,0,100,0,0,272,112,64,0,110,-154,0,0,30,0,192,176,32,32,0,116,-149,0,0,100,0,0,480,32,48,0,110,-154,0,0,30,0,192,208,64,64,0,134,-154,0,0,30,0,152,272,40,64,0,110,-154,0,0,100,0,64,208,64,64,0,69,-175,0,0,30,0,160,176,32,32,0,75,-170,0,0,100,0,0,480,32,48,0,69,-175,0,0,30,0,128,208,64,64,0,93,-175,0,0,30,0,152,272,40,64,0,69,-175,0,0,100,0,0,208,64,64,0,112,-181,0,0,100,0,112,304,40,32,0,79,-115,0,0,30,0,160,112,96,64,0,95,-139,0,0,30,0,256,112,80,64,0,15,-147,0,1,20,0,464,288,160,96,0,15,-147,0,0,100,0,224,368,160,96,0,15,-147,0,1,8,0,192,272,160,96,0,15,-147,0,0,100,0,0,112,160,96,0,24,-147,0,0,30,0,144,0,144,112,0,24,-147,0,0,100,0,0,0,144,112,0,0,-256,0,0,100,0,808,488,192,256,0,
0,67,85,-115,0,0,100,0,0,528,32,48,0,113,-129,0,0,100,0,0,528,32,48,0,85,-99,0,0,30,0,64,480,32,32,0,113,-113,0,0,30,0,64,480,32,32,0,65,-122,0,0,100,0,784,96,48,48,0,66,-124,0,0,100,0,784,96,48,48,0,65,-118,0,0,100,0,736,96,48,48,0,23,-143,0,0,100,0,784,144,48,48,0,27,-113,0,0,90,0,288,0,32,16,0,95,-139,0,0,100,0,736,96,48,48,0,94,-134,0,0,100,0,784,96,48,48,0,94,-137,0,0,100,0,784,96,48,48,0,53,-156,0,0,100,0,784,192,48,48,0,57,-126,0,0,90,0,288,0,32,16,0,8,-250,0,1,10,0,0,672,160,128,0,8,-218,0,1,20,0,0,808,176,184,0,14,-161,0,0,100,0,32,480,32,32,0,28,-165,0,0,100,0,32,480,32,32,0,38,-182,1,0,100,0,0,480,32,48,0,52,-175,0,0,100,0,32,480,32,32,0,39,-212,0,1,90,0,80,608,32,32,0,48,-138,0,0,30,0,80,640,16,32,0,13,-202,0,0,100,0,0,576,80,96,0,119,-180,0,0,100,0,640,240,48,48,0,66,-194,0,0,30,0,112,416,112,64,0,66,-194,0,1,20,0,144,560,112,64,0,66,-194,0,0,100,0,32,512,112,64,0,110,-199,0,1,100,0,784,240,48,48,0,119,-180,0,0,100,0,544,240,48,48,0,126,-152,0,0,90,0,320,0,32,16,0,99,-230,0,0,30,0,128,336,64,80,0,94,-198,0,0,100,0,352,0,48,48,0,100,-168,0,0,90,0,288,0,32,16,0,99,-230,0,1,15,0,224,464,40,64,0,99,-230,0,0,100,0,64,336,64,80,0,62,-219,0,1,100,0,736,240,48,48,0,72,-205,0,0,100,0,496,96,48,48,0,77,-173,0,0,90,0,288,0,32,16,0,99,-198,0,0,30,0,192,368,32,48,0,66,-194,0,0,30,0,112,480,48,32,0,99,-230,0,0,100,0,0,336,64,80,0,82,-194,0,1,30,0,144,512,80,48,0,66,-194,0,1,20,0,224,528,56,32,0,66,-194,0,0,100,0,0,416,112,64,0,136,-157,0,0,30,0,112,272,40,32,0,64,-189,0,0,100,0,352,288,112,80,0,64,-189,0,0,100,0,0,272,112,64,0,110,-154,0,0,30,0,192,176,32,32,0,116,-149,0,0,100,0,0,480,32,48,0,110,-154,0,0,30,0,192,208,64,64,0,134,-154,0,0,30,0,152,272,40,64,0,110,-154,0,0,100,0,64,208,64,64,0,69,-175,0,0,30,0,160,176,32,32,0,75,-170,0,0,100,0,0,480,32,48,0,69,-175,0,0,30,0,128,208,64,64,0,93,-175,0,0,30,0,152,272,40,64,0,69,-175,0,0,100,0,0,208,64,64,0,112,-181,0,0,100,0,112,304,40,32,0,79,-115,0,0,30,0,160,112,96,64,0,95,-139,0,0,30,0,256,112,80,64,0,15,-147,0,1,20,0,464,288,160,96,0,15,-147,0,0,100,0,224,368,160,96,0,15,-147,0,1,8,0,192,272,160,96,0,15,-147,0,0,100,0,0,112,160,96,0,24,-147,0,0,30,0,144,0,144,112,0,24,-147,0,0,100,0,0,0,144,112,0,0,-256,0,0,100,0,808,488,192,256,0,
0,67,85,-115,0,0,100,0,0,528,32,48,0,113,-129,0,0,100,0,0,528,32,48,0,85,-99,0,0,30,0,64,480,32,32,0,113,-113,0,0,30,0,64,480,32,32,0,65,-122,0,0,100,0,784,96,48,48,0,66,-124,0,0,100,0,784,96,48,48,0,65,-118,0,0,100,0,736,96,48,48,0,23,-143,0,0,100,0,784,144,48,48,0,27,-113,0,0,90,0,288,0,32,16,0,95,-139,0,0,100,0,736,96,48,48,0,94,-134,0,0,100,0,784,96,48,48,0,94,-137,0,0,100,0,784,96,48,48,0,53,-156,0,0,100,0,784,192,48,48,0,57,-126,0,0,90,0,288,0,32,16,0,8,-250,0,1,20,0,0,672,160,128,0,8,-218,0,1,25,0,0,808,176,184,0,14,-161,0,0,100,0,32,480,32,32,0,28,-165,0,0,100,0,32,480,32,32,0,38,-182,1,0,100,0,0,480,32,48,0,52,-175,0,0,100,0,32,480,32,32,0,39,-212,0,1,90,0,112,608,32,32,0,48,-138,0,0,30,0,80,640,16,32,0,13,-202,0,0,100,0,0,576,80,96,0,119,-180,0,0,100,0,688,240,48,48,0,66,-194,0,0,30,0,112,416,112,64,0,66,-194,0,1,20,0,144,560,112,64,0,66,-194,0,0,100,0,32,512,112,64,0,110,-199,0,1,100,0,736,240,48,48,0,119,-180,0,0,100,0,592,240,48,48,0,126,-152,0,0,90,0,320,0,32,16,0,99,-230,0,0,30,0,128,336,64,80,0,94,-198,0,0,100,0,352,0,48,48,0,100,-168,0,0,90,0,288,0,32,16,0,99,-230,0,1,15,0,224,464,40,64,0,99,-230,0,0,100,0,64,336,64,80,0,62,-219,0,1,100,0,784,240,48,48,0,72,-205,0,0,100,0,544,96,48,48,0,77,-173,0,0,90,0,288,0,32,16,0,99,-198,0,0,30,0,192,368,32,48,0,66,-194,0,0,30,0,112,480,48,32,0,99,-230,0,0,100,0,0,336,64,80,0,82,-194,0,1,30,0,144,512,80,48,0,66,-194,0,1,20,0,224,528,56,32,0,66,-194,0,0,100,0,0,416,112,64,0,136,-157,0,0,30,0,112,272,40,32,0,64,-189,0,0,100,0,352,288,112,80,0,64,-189,0,0,100,0,0,272,112,64,0,110,-154,0,0,30,0,192,176,32,32,0,116,-149,0,0,100,0,0,480,32,48,0,110,-154,0,0,30,0,192,208,64,64,0,134,-154,0,0,30,0,152,272,40,64,0,110,-154,0,0,100,0,64,208,64,64,0,69,-175,0,0,30,0,160,176,32,32,0,75,-170,0,0,100,0,0,480,32,48,0,69,-175,0,0,30,0,128,208,64,64,0,93,-175,0,0,30,0,152,272,40,64,0,69,-175,0,0,100,0,0,208,64,64,0,112,-181,0,0,100,0,112,304,40,32,0,79,-115,0,0,30,0,160,112,96,64,0,95,-139,0,0,30,0,256,112,80,64,0,15,-147,0,1,20,0,464,288,160,96,0,15,-147,0,0,100,0,224,368,160,96,0,15,-147,0,1,8,0,192,272,160,96,0,15,-147,0,0,100,0,0,112,160,96,0,24,-147,0,0,30,0,144,0,144,112,0,24,-147,0,0,100,0,0,0,144,112,0,0,-256,0,0,100,0,808,488,192,256,0,
0,67,85,-115,0,0,100,0,0,528,32,48,0,113,-129,0,0,100,0,0,528,32,48,0,85,-99,0,0,30,0,64,480,32,32,0,113,-113,0,0,30,0,64,480,32,32,0,65,-122,0,0,100,0,784,96,48,48,0,66,-124,0,0,100,0,784,96,48,48,0,65,-118,0,0,100,0,736,96,48,48,0,23,-143,0,0,100,0,784,144,48,48,0,27,-113,0,0,90,0,288,0,32,16,0,95,-139,0,0,100,0,736,96,48,48,0,94,-134,0,0,100,0,784,96,48,48,0,94,-137,0,0,100,0,784,96,48,48,0,53,-156,0,0,100,0,784,192,48,48,0,57,-126,0,0,90,0,288,0,32,16,0,8,-250,0,1,30,0,0,672,160,128,0,8,-218,0,1,30,0,0,808,176,184,0,14,-161,0,0,100,0,32,480,32,32,0,28,-165,0,0,100,0,32,480,32,32,0,38,-182,1,0,100,0,0,480,32,48,0,52,-175,0,0,100,0,32,480,32,32,0,39,-212,0,1,90,0,80,576,32,32,0,48,-138,0,0,30,0,80,640,16,32,0,13,-202,0,0,100,0,0,576,80,96,0,119,-180,0,0,100,0,640,240,48,48,0,66,-194,0,0,30,0,112,416,112,64,0,66,-194,0,1,20,0,144,560,112,64,0,66,-194,0,0,100,0,32,512,112,64,0,110,-199,0,1,100,0,784,240,48,48,0,119,-180,0,0,100,0,544,240,48,48,0,126,-152,0,0,90,0,320,0,32,16,0,99,-230,0,0,30,0,128,336,64,80,0,94,-198,0,0,100,0,352,0,48,48,0,100,-168,0,0,90,0,288,0,32,16,0,99,-230,0,1,15,0,224,464,40,64,0,99,-230,0,0,100,0,64,336,64,80,0,62,-219,0,1,100,0,736,240,48,48,0,72,-205,0,0,100,0,496,96,48,48,0,77,-173,0,0,90,0,288,0,32,16,0,99,-198,0,0,30,0,192,368,32,48,0,66,-194,0,0,30,0,112,480,48,32,0,99,-230,0,0,100,0,0,336,64,80,0,82,-194,0,1,30,0,144,512,80,48,0,66,-194,0,1,20,0,224,528,56,32,0,66,-194,0,0,100,0,0,416,112,64,0,136,-157,0,0,30,0,112,272,40,32,0,64,-189,0,0,100,0,352,288,112,80,0,64,-189,0,0,100,0,0,272,112,64,0,110,-154,0,0,30,0,192,176,32,32,0,116,-149,0,0,100,0,0,480,32,48,0,110,-154,0,0,30,0,192,208,64,64,0,134,-154,0,0,30,0,152,272,40,64,0,110,-154,0,0,100,0,64,208,64,64,0,69,-175,0,0,30,0,160,176,32,32,0,75,-170,0,0,100,0,0,480,32,48,0,69,-175,0,0,30,0,128,208,64,64,0,93,-175,0,0,30,0,152,272,40,64,0,69,-175,0,0,100,0,0,208,64,64,0,112,-181,0,0,100,0,112,304,40,32,0,79,-115,0,0,30,0,160,112,96,64,0,95,-139,0,0,30,0,256,112,80,64,0,15,-147,0,1,20,0,464,288,160,96,0,15,-147,0,0,100,0,224,368,160,96,0,15,-147,0,1,8,0,192,272,160,96,0,15,-147,0,0,100,0,0,112,160,96,0,24,-147,0,0,30,0,144,0,144,112,0,24,-147,0,0,100,0,0,0,144,112,0,0,-256,0,0,100,0,808,488,192,256,0,
0,67,85,-115,0,0,100,0,0,528,32,48,0,113,-129,0,0,100,0,0,528,32,48,0,85,-99,0,0,30,0,64,480,32,32,0,113,-113,0,0,30,0,64,480,32,32,0,65,-122,0,0,100,0,784,96,48,48,0,66,-124,0,0,100,0,784,96,48,48,0,65,-118,0,0,100,0,736,96,48,48,0,23,-143,0,0,100,0,784,144,48,48,0,27,-113,0,0,90,0,288,0,32,16,0,95,-139,0,0,100,0,736,96,48,48,0,94,-134,0,0,100,0,784,96,48,48,0,94,-137,0,0,100,0,784,96,48,48,0,53,-156,0,0,100,0,784,192,48,48,0,57,-126,0,0,90,0,288,0,32,16,0,8,-250,0,1,20,0,0,672,160,128,0,8,-218,0,1,25,0,0,808,176,184,0,14,-161,0,0,100,0,32,480,32,32,0,28,-165,0,0,100,0,32,480,32,32,0,38,-182,1,0,100,0,0,480,32,48,0,52,-175,0,0,100,0,32,480,32,32,0,39,-212,0,1,90,0,112,576,32,32,0,48,-138,0,0,30,0,80,640,16,32,0,13,-202,0,0,100,0,0,576,80,96,0,119,-180,0,0,100,0,688,240,48,48,0,66,-194,0,0,30,0,112,416,112,64,0,66,-194,0,1,20,0,144,560,112,64,0,66,-194,0,0,100,0,32,512,112,64,0,110,-199,0,1,100,0,736,240,48,48,0,119,-180,0,0,100,0,592,240,48,48,0,126,-152,0,0,90,0,320,0,32,16,0,99,-230,0,0,30,0,128,336,64,80,0,94,-198,0,0,100,0,352,0,48,48,0,100,-168,0,0,90,0,288,0,32,16,0,99,-230,0,1,15,0,224,464,40,64,0,99,-230,0,0,100,0,64,336,64,80,0,62,-219,0,1,100,0,784,240,48,48,0,72,-205,0,0,100,0,544,96,48,48,0,77,-173,0,0,90,0,288,0,32,16,0,99,-198,0,0,30,0,192,368,32,48,0,66,-194,0,0,30,0,112,480,48,32,0,99,-230,0,0,100,0,0,336,64,80,0,82,-194,0,1,30,0,144,512,80,48,0,66,-194,0,1,20,0,224,528,56,32,0,66,-194,0,0,100,0,0,416,112,64,0,136,-157,0,0,30,0,112,272,40,32,0,64,-189,0,0,100,0,352,288,112,80,0,64,-189,0,0,100,0,0,272,112,64,0,110,-154,0,0,30,0,192,176,32,32,0,116,-149,0,0,100,0,0,480,32,48,0,110,-154,0,0,30,0,192,208,64,64,0,134,-154,0,0,30,0,152,272,40,64,0,110,-154,0,0,100,0,64,208,64,64,0,69,-175,0,0,30,0,160,176,32,32,0,75,-170,0,0,100,0,0,480,32,48,0,69,-175,0,0,30,0,128,208,64,64,0,93,-175,0,0,30,0,152,272,40,64,0,69,-175,0,0,100,0,0,208,64,64,0,112,-181,0,0,100,0,112,304,40,32,0,79,-115,0,0,30,0,160,112,96,64,0,95,-139,0,0,30,0,256,112,80,64,0,15,-147,0,1,20,0,464,288,160,96,0,15,-147,0,0,100,0,224,368,160,96,0,15,-147,0,1,8,0,192,272,160,96,0,15,-147,0,0,100,0,0,112,160,96,0,24,-147,0,0,30,0,144,0,144,112,0,24,-147,0,0,100,0,0,0,144,112,0,0,-256,0,0,100,0,808,488,192,256,0,
0,67,85,-115,0,0,100,0,0,528,32,48,0,113,-129,0,0,100,0,0,528,32,48,0,85,-99,0,0,30,0,64,480,32,32,0,113,-113,0,0,30,0,64,480,32,32,0,65,-122,0,0,100,0,784,96,48,48,0,66,-124,0,0,100,0,784,96,48,48,0,65,-118,0,0,100,0,736,96,48,48,0,23,-143,0,0,100,0,784,144,48,48,0,27,-113,0,0,90,0,288,0,32,16,0,95,-139,0,0,100,0,736,96,48,48,0,94,-134,0,0,100,0,784,96,48,48,0,94,-137,0,0,100,0,784,96,48,48,0,53,-156,0,0,100,0,784,192,48,48,0,57,-126,0,0,90,0,288,0,32,16,0,8,-250,0,1,10,0,0,672,160,128,0,8,-218,0,1,20,0,0,808,176,184,0,14,-161,0,0,100,0,32,480,32,32,0,28,-165,0,0,100,0,32,480,32,32,0,38,-182,1,0,100,0,0,480,32,48,0,52,-175,0,0,100,0,32,480,32,32,0,39,-212,0,1,90,0,80,608,32,32,0,48,-138,0,0,30,0,80,640,16,32,0,13,-202,0,0,100,0,0,576,80,96,0,119,-180,0,0,100,0,640,240,48,48,0,66,-194,0,0,30,0,112,416,112,64,0,66,-194,0,1,20,0,144,560,112,64,0,66,-194,0,0,100,0,32,512,112,64,0,110,-199,0,1,100,0,784,240,48,48,0,119,-180,0,0,100,0,544,240,48,48,0,126,-152,0,0,90,0,320,0,32,16,0,99,-230,0,0,30,0,128,336,64,80,0,94,-198,0,0,100,0,352,0,48,48,0,100,-168,0,0,90,0,288,0,32,16,0,99,-230,0,1,15,0,224,464,40,64,0,99,-230,0,0,100,0,64,336,64,80,0,62,-219,0,1,100,0,736,240,48,48,0,72,-205,0,0,100,0,496,96,48,48,0,77,-173,0,0,90,0,288,0,32,16,0,99,-198,0,0,30,0,192,368,32,48,0,66,-194,0,0,30,0,112,480,48,32,0,99,-230,0,0,100,0,0,336,64,80,0,82,-194,0,1,30,0,144,512,80,48,0,66,-194,0,1,20,0,224,528,56,32,0,66,-194,0,0,100,0,0,416,112,64,0,136,-157,0,0,30,0,112,272,40,32,0,64,-189,0,0,100,0,352,288,112,80,0,64,-189,0,0,100,0,0,272,112,64,0,110,-154,0,0,30,0,192,176,32,32,0,116,-149,0,0,100,0,0,480,32,48,0,110,-154,0,0,30,0,192,208,64,64,0,134,-154,0,0,30,0,152,272,40,64,0,110,-154,0,0,100,0,64,208,64,64,0,69,-175,0,0,30,0,160,176,32,32,0,75,-170,0,0,100,0,0,480,32,48,0,69,-175,0,0,30,0,128,208,64,64,0,93,-175,0,0,30,0,152,272,40,64,0,69,-175,0,0,100,0,0,208,64,64,0,112,-181,0,0,100,0,112,304,40,32,0,79,-115,0,0,30,0,160,112,96,64,0,95,-139,0,0,30,0,256,112,80,64,0,15,-147,0,1,20,0,464,288,160,96,0,15,-147,0,0,100,0,224,368,160,96,0,15,-147,0,1,8,0,192,272,160,96,0,15,-147,0,0,100,0,0,112,160,96,0,24,-147,0,0,30,0,144,0,144,112,0,24,-147,0,0,100,0,0,0,144,112,0,0,-256,0,0,100,0,808,488,192,256,0,
0,67,85,-115,0,0,100,0,0,528,32,48,0,113,-129,0,0,100,0,0,528,32,48,0,85,-99,0,0,30,0,64,480,32,32,0,113,-113,0,0,30,0,64,480,32,32,0,65,-122,0,0,100,0,784,96,48,48,0,66,-124,0,0,100,0,784,96,48,48,0,65,-118,0,0,100,0,736,96,48,48,0,23,-143,0,0,100,0,784,144,48,48,0,27,-113,0,0,90,0,288,0,32,16,0,95,-139,0,0,100,0,736,96,48,48,0,94,-134,0,0,100,0,784,96,48,48,0,94,-137,0,0,100,0,784,96,48,48,0,53,-156,0,0,100,0,784,192,48,48,0,57,-126,0,0,90,0,288,0,32,16,0,8,-250,0,1,20,0,0,672,160,128,0,8,-218,0,1,25,0,0,808,176,184,0,14,-161,0,0,100,0,32,480,32,32,0,28,-165,0,0,100,0,32,480,32,32,0,38,-182,1,0,100,0,0,480,32,48,0,52,-175,0,0,100,0,32,480,32,32,0,39,-212,0,1,90,0,112,608,32,32,0,48,-138,0,0,30,0,80,640,16,32,0,13,-202,0,0,100,0,0,576,80,96,0,119,-180,0,0,100,0,688,240,48,48,0,66,-194,0,0,30,0,112,416,112,64,0,66,-194,0,1,20,0,144,560,112,64,0,66,-194,0,0,100,0,32,512,112,64,0,110,-199,0,1,100,0,736,240,48,48,0,119,-180,0,0,100,0,592,240,48,48,0,126,-152,0,0,90,0,320,0,32,16,0,99,-230,0,0,30,0,128,336,64,80,0,94,-198,0,0,100,0,352,0,48,48,0,100,-168,0,0,90,0,288,0,32,16,0,99,-230,0,1,15,0,224,464,40,64,0,99,-230,0,0,100,0,64,336,64,80,0,62,-219,0,1,100,0,784,240,48,48,0,72,-205,0,0,100,0,544,96,48,48,0,77,-173,0,0,90,0,288,0,32,16,0,99,-198,0,0,30,0,192,368,32,48,0,66,-194,0,0,30,0,112,480,48,32,0,99,-230,0,0,100,0,0,336,64,80,0,82,-194,0,1,30,0,144,512,80,48,0,66,-194,0,1,20,0,224,528,56,32,0,66,-194,0,0,100,0,0,416,112,64,0,136,-157,0,0,30,0,112,272,40,32,0,64,-189,0,0,100,0,352,288,112,80,0,64,-189,0,0,100,0,0,272,112,64,0,110,-154,0,0,30,0,192,176,32,32,0,116,-149,0,0,100,0,0,480,32,48,0,110,-154,0,0,30,0,192,208,64,64,0,134,-154,0,0,30,0,152,272,40,64,0,110,-154,0,0,100,0,64,208,64,64,0,69,-175,0,0,30,0,160,176,32,32,0,75,-170,0,0,100,0,0,480,32,48,0,69,-175,0,0,30,0,128,208,64,64,0,93,-175,0,0,30,0,152,272,40,64,0,69,-175,0,0,100,0,0,208,64,64,0,112,-181,0,0,100,0,112,304,40,32,0,79,-115,0,0,30,0,160,112,96,64,0,95,-139,0,0,30,0,256,112,80,64,0,15,-147,0,1,20,0,464,288,160,96,0,15,-147,0,0,100,0,224,368,160,96,0,15,-147,0,1,8,0,192,272,160,96,0,15,-147,0,0,100,0,0,112,160,96,0,24,-147,0,0,30,0,144,0,144,112,0,24,-147,0,0,100,0,0,0,144,112,0,0,-256,0,0,100,0,808,488,192,256,0,
0,67,85,-115,0,0,100,0,0,528,32,48,0,113,-129,0,0,100,0,0,528,32,48,0,85,-99,0,0,30,0,64,480,32,32,0,113,-113,0,0,30,0,64,480,32,32,0,65,-122,0,0,70,0,784,96,48,48,0,66,-124,0,0,70,0,784,96,48,48,0,65,-118,0,0,70,0,736,96,48,48,0,23,-143,0,0,70,0,784,144,48,48,0,27,-113,0,0,70,0,288,0,32,16,0,95,-139,0,0,70,0,736,96,48,48,0,94,-134,0,0,70,0,784,96,48,48,0,94,-137,0,0,70,0,784,96,48,48,0,53,-156,0,0,70,0,784,192,48,48,0,57,-126,0,0,70,0,288,0,32,16,0,8,-250,0,1,30,0,0,672,160,128,0,8,-218,0,1,30,0,0,808,176,184,0,14,-161,0,0,100,0,32,480,32,32,0,28,-165,0,0,100,0,32,480,32,32,0,38,-182,1,0,100,0,0,480,32,48,0,52,-175,0,0,100,0,32,480,32,32,0,39,-212,0,1,90,0,80,576,32,32,0,48,-138,0,0,30,0,80,640,16,32,0,13,-202,0,0,100,0,0,576,80,96,0,119,-180,0,0,70,0,640,240,48,48,0,66,-194,0,0,30,0,112,416,112,64,0,66,-194,0,1,20,0,144,560,112,64,0,66,-194,0,0,100,0,32,512,112,64,0,110,-199,0,1,70,0,784,240,48,48,0,119,-180,0,0,70,0,544,240,48,48,0,126,-152,0,0,70,0,320,0,32,16,0,99,-230,0,0,30,0,128,336,64,80,0,94,-198,0,0,70,0,352,0,48,48,0,100,-168,0,0,70,0,288,0,32,16,0,99,-230,0,1,15,0,224,464,40,64,0,99,-230,0,0,100,0,64,336,64,80,0,62,-219,0,1,70,0,736,240,48,48,0,72,-205,0,0,70,0,496,96,48,48,0,77,-173,0,0,70,0,288,0,32,16,0,99,-198,0,0,30,0,192,368,32,48,0,66,-194,0,0,30,0,112,480,48,32,0,99,-230,0,0,100,0,0,336,64,80,0,82,-194,0,1,30,0,144,512,80,48,0,66,-194,0,1,20,0,224,528,56,32,0,66,-194,0,0,100,0,0,416,112,64,0,136,-157,0,0,30,0,112,272,40,32,0,64,-189,0,0,100,0,352,288,112,80,0,64,-189,0,0,100,0,0,272,112,64,0,110,-154,0,0,30,0,192,176,32,32,0,116,-149,0,0,100,0,0,480,32,48,0,110,-154,0,0,30,0,192,208,64,64,0,134,-154,0,0,30,0,152,272,40,64,0,110,-154,0,0,100,0,64,208,64,64,0,69,-175,0,0,30,0,160,176,32,32,0,75,-170,0,0,100,0,0,480,32,48,0,69,-175,0,0,30,0,128,208,64,64,0,93,-175,0,0,30,0,152,272,40,64,0,69,-175,0,0,100,0,0,208,64,64,0,112,-181,0,0,100,0,112,304,40,32,0,79,-115,0,0,30,0,160,112,96,64,0,95,-139,0,0,30,0,256,112,80,64,0,15,-147,0,1,20,0,464,288,160,96,0,15,-147,0,0,100,0,224,368,160,96,0,15,-147,0,1,8,0,192,272,160,96,0,15,-147,0,0,100,0,0,112,160,96,0,24,-147,0,0,30,0,144,0,144,112,0,24,-147,0,0,100,0,0,0,144,112,0,0,-256,0,0,100,0,808,488,192,256,0,
0,67,85,-115,0,0,100,0,0,528,32,48,0,113,-129,0,0,100,0,0,528,32,48,0,85,-99,0,0,30,0,64,480,32,32,0,113,-113,0,0,30,0,64,480,32,32,0,65,-122,0,0,50,0,784,96,48,48,0,66,-124,0,0,50,0,784,96,48,48,0,65,-118,0,0,50,0,736,96,48,48,0,23,-143,0,0,50,0,784,144,48,48,0,27,-113,0,0,50,0,288,0,32,16,0,95,-139,0,0,50,0,736,96,48,48,0,94,-134,0,0,50,0,784,96,48,48,0,94,-137,0,0,50,0,784,96,48,48,0,53,-156,0,0,50,0,784,192,48,48,0,57,-126,0,0,50,0,288,0,32,16,0,8,-250,0,1,20,0,0,672,160,128,0,8,-218,0,1,25,0,0,808,176,184,0,14,-161,0,0,100,0,32,480,32,32,0,28,-165,0,0,100,0,32,480,32,32,0,38,-182,1,0,100,0,0,480,32,48,0,52,-175,0,0,100,0,32,480,32,32,0,39,-212,0,1,90,0,112,576,32,32,0,48,-138,0,0,30,0,80,640,16,32,0,13,-202,0,0,100,0,0,576,80,96,0,119,-180,0,0,50,0,688,240,48,48,0,66,-194,0,0,30,0,112,416,112,64,0,66,-194,0,1,20,0,144,560,112,64,0,66,-194,0,0,100,0,32,512,112,64,0,110,-199,0,1,50,0,736,240,48,48,0,119,-180,0,0,50,0,592,240,48,48,0,126,-152,0,0,50,0,320,0,32,16,0,99,-230,0,0,30,0,128,336,64,80,0,94,-198,0,0,50,0,352,0,48,48,0,100,-168,0,0,50,0,288,0,32,16,0,99,-230,0,1,15,0,224,464,40,64,0,99,-230,0,0,100,0,64,336,64,80,0,62,-219,0,1,50,0,784,240,48,48,0,72,-205,0,0,50,0,544,96,48,48,0,77,-173,0,0,50,0,288,0,32,16,0,99,-198,0,0,30,0,192,368,32,48,0,66,-194,0,0,30,0,112,480,48,32,0,99,-230,0,0,100,0,0,336,64,80,0,82,-194,0,1,30,0,144,512,80,48,0,66,-194,0,1,20,0,224,528,56,32,0,66,-194,0,0,100,0,0,416,112,64,0,136,-157,0,0,30,0,112,272,40,32,0,64,-189,0,0,100,0,352,288,112,80,0,64,-189,0,0,100,0,0,272,112,64,0,110,-154,0,0,30,0,192,176,32,32,0,116,-149,0,0,100,0,0,480,32,48,0,110,-154,0,0,30,0,192,208,64,64,0,134,-154,0,0,30,0,152,272,40,64,0,110,-154,0,0,100,0,64,208,64,64,0,69,-175,0,0,30,0,160,176,32,32,0,75,-170,0,0,100,0,0,480,32,48,0,69,-175,0,0,30,0,128,208,64,64,0,93,-175,0,0,30,0,152,272,40,64,0,69,-175,0,0,100,0,0,208,64,64,0,112,-181,0,0,100,0,112,304,40,32,0,79,-115,0,0,30,0,160,112,96,64,0,95,-139,0,0,30,0,256,112,80,64,0,15,-147,0,1,20,0,464,288,160,96,0,15,-147,0,0,100,0,224,368,160,96,0,15,-147,0,1,8,0,192,272,160,96,0,15,-147,0,0,100,0,0,112,160,96,0,24,-147,0,0,30,0,144,0,144,112,0,24,-147,0,0,100,0,0,0,144,112,0,0,-256,0,0,100,0,808,488,192,256,0,
0,67,85,-115,0,0,100,0,0,528,32,48,0,113,-129,0,0,100,0,0,528,32,48,0,85,-99,0,0,30,0,64,480,32,32,0,113,-113,0,0,30,0,64,480,32,32,0,65,-122,0,0,30,0,784,96,48,48,0,66,-124,0,0,30,0,784,96,48,48,0,65,-118,0,0,30,0,736,96,48,48,0,23,-143,0,0,30,0,784,144,48,48,0,27,-113,0,0,30,0,288,0,32,16,0,95,-139,0,0,30,0,736,96,48,48,0,94,-134,0,0,30,0,784,96,48,48,0,94,-137,0,0,30,0,784,96,48,48,0,53,-156,0,0,30,0,784,192,48,48,0,57,-126,0,0,30,0,288,0,32,16,0,8,-250,0,1,10,0,0,672,160,128,0,8,-218,0,1,20,0,0,808,176,184,0,14,-161,0,0,100,0,32,480,32,32,0,28,-165,0,0,100,0,32,480,32,32,0,38,-182,1,0,100,0,0,480,32,48,0,52,-175,0,0,100,0,32,480,32,32,0,39,-212,0,1,90,0,80,608,32,32,0,48,-138,0,0,30,0,80,640,16,32,0,13,-202,0,0,100,0,0,576,80,96,0,119,-180,0,0,30,0,640,240,48,48,0,66,-194,0,0,30,0,112,416,112,64,0,66,-194,0,1,20,0,144,560,112,64,0,66,-194,0,0,100,0,32,512,112,64,0,110,-199,0,1,30,0,784,240,48,48,0,119,-180,0,0,30,0,544,240,48,48,0,126,-152,0,0,30,0,320,0,32,16,0,99,-230,0,0,30,0,128,336,64,80,0,94,-198,0,0,30,0,352,0,48,48,0,100,-168,0,0,30,0,288,0,32,16,0,99,-230,0,1,15,0,224,464,40,64,0,99,-230,0,0,100,0,64,336,64,80,0,62,-219,0,1,30,0,736,240,48,48,0,72,-205,0,0,30,0,496,96,48,48,0,77,-173,0,0,30,0,288,0,32,16,0,99,-198,0,0,30,0,192,368,32,48,0,66,-194,0,0,30,0,112,480,48,32,0,99,-230,0,0,100,0,0,336,64,80,0,82,-194,0,1,30,0,144,512,80,48,0,66,-194,0,1,20,0,224,528,56,32,0,66,-194,0,0,100,0,0,416,112,64,0,136,-157,0,0,30,0,112,272,40,32,0,64,-189,0,0,100,0,352,288,112,80,0,64,-189,0,0,100,0,0,272,112,64,0,110,-154,0,0,30,0,192,176,32,32,0,116,-149,0,0,100,0,0,480,32,48,0,110,-154,0,0,30,0,192,208,64,64,0,134,-154,0,0,30,0,152,272,40,64,0,110,-154,0,0,100,0,64,208,64,64,0,69,-175,0,0,30,0,160,176,32,32,0,75,-170,0,0,100,0,0,480,32,48,0,69,-175,0,0,30,0,128,208,64,64,0,93,-175,0,0,30,0,152,272,40,64,0,69,-175,0,0,100,0,0,208,64,64,0,112,-181,0,0,100,0,112,304,40,32,0,79,-115,0,0,30,0,160,112,96,64,0,95,-139,0,0,30,0,256,112,80,64,0,15,-147,0,1,20,0,464,288,160,96,0,15,-147,0,0,100,0,224,368,160,96,0,15,-147,0,1,8,0,192,272,160,96,0,15,-147,0,0,100,0,0,112,160,96,0,24,-147,0,0,30,0,144,0,144,112,0,24,-147,0,0,100,0,0,0,144,112,0,0,-256,0,0,100,0,808,488,192,256,0,
0,67,85,-115,0,0,100,0,0,528,32,48,0,113,-129,0,0,100,0,0,528,32,48,0,85,-99,0,0,30,0,64,480,32,32,0,113,-113,0,0,30,0,64,480,32,32,0,65,-122,0,0,10,0,784,96,48,48,0,66,-124,0,0,10,0,784,96,48,48,0,65,-118,0,0,10,0,736,96,48,48,0,23,-143,0,0,10,0,784,144,48,48,0,27,-113,0,0,10,0,288,0,32,16,0,95,-139,0,0,10,0,736,96,48,48,0,94,-134,0,0,10,0,784,96,48,48,0,94,-137,0,0,10,0,784,96,48,48,0,53,-156,0,0,10,0,784,192,48,48,0,57,-126,0,0,10,0,288,0,32,16,0,8,-250,0,1,20,0,0,672,160,128,0,8,-218,0,1,25,0,0,808,176,184,0,14,-161,0,0,100,0,32,480,32,32,0,28,-165,0,0,100,0,32,480,32,32,0,38,-182,1,0,100,0,0,480,32,48,0,52,-175,0,0,100,0,32,480,32,32,0,39,-212,0,1,90,0,112,608,32,32,0,48,-138,0,0,30,0,80,640,16,32,0,13,-202,0,0,100,0,0,576,80,96,0,119,-180,0,0,10,0,688,240,48,48,0,66,-194,0,0,30,0,112,416,112,64,0,66,-194,0,1,20,0,144,560,112,64,0,66,-194,0,0,100,0,32,512,112,64,0,110,-199,0,1,10,0,736,240,48,48,0,119,-180,0,0,10,0,592,240,48,48,0,126,-152,0,0,10,0,320,0,32,16,0,99,-230,0,0,30,0,128,336,64,80,0,94,-198,0,0,10,0,352,0,48,48,0,100,-168,0,0,10,0,288,0,32,16,0,99,-230,0,1,15,0,224,464,40,64,0,99,-230,0,0,100,0,64,336,64,80,0,62,-219,0,1,10,0,784,240,48,48,0,72,-205,0,0,10,0,544,96,48,48,0,77,-173,0,0,10,0,288,0,32,16,0,99,-198,0,0,30,0,192,368,32,48,0,66,-194,0,0,30,0,112,480,48,32,0,99,-230,0,0,100,0,0,336,64,80,0,82,-194,0,1,30,0,144,512,80,48,0,66,-194,0,1,20,0,224,528,56,32,0,66,-194,0,0,100,0,0,416,112,64,0,136,-157,0,0,30,0,112,272,40,32,0,64,-189,0,0,100,0,352,288,112,80,0,64,-189,0,0,100,0,0,272,112,64,0,110,-154,0,0,30,0,192,176,32,32,0,116,-149,0,0,100,0,0,480,32,48,0,110,-154,0,0,30,0,192,208,64,64,0,134,-154,0,0,30,0,152,272,40,64,0,110,-154,0,0,100,0,64,208,64,64,0,69,-175,0,0,30,0,160,176,32,32,0,75,-170,0,0,100,0,0,480,32,48,0,69,-175,0,0,30,0,128,208,64,64,0,93,-175,0,0,30,0,152,272,40,64,0,69,-175,0,0,100,0,0,208,64,64,0,112,-181,0,0,100,0,112,304,40,32,0,79,-115,0,0,30,0,160,112,96,64,0,95,-139,0,0,30,0,256,112,80,64,0,15,-147,0,1,20,0,464,288,160,96,0,15,-147,0,0,100,0,224,368,160,96,0,15,-147,0,1,8,0,192,272,160,96,0,15,-147,0,0,100,0,0,112,160,96,0,24,-147,0,0,30,0,144,0,144,112,0,24,-147,0,0,100,0,0,0,144,112,0,0,-256,0,0,100,0,808,488,192,256,0,
