0,21,0,-256,0,0,100,0,192,1344,192,256,0,0,-256,0,1,100,0,960,0,192,256,0,81,-134,0,0,100,0,8,464,48,48,0,70,-159,0,0,100,0,8,272,48,48,0,34,-160,0,0,100,0,8,656,48,48,0,110,-149,0,0,100,0,8,912,48,48,0,54,-177,0,0,100,0,8,912,48,48,0,57,-253,0,1,100,0,872,1228,96,152,0,74,-159,0,1,50,0,72,1296,48,48,0,54,-177,0,0,50,0,8,1296,48,48,0,110,-149,0,0,50,0,8,1296,48,48,0,81,-134,0,0,50,0,8,1296,48,48,0,34,-160,0,0,50,0,8,1296,48,48,0,56,-144,0,1,100,0,824,108,84,84,0,52,-234,0,0,100,0,820,0,128,124,0,0,-256,0,1,100,0,1152,0,192,256,0,0,-256,0,1,100,0,1344,0,192,256,0,56,-144,0,0,20,0,824,108,84,84,0,0,-256,0,1,100,0,384,0,192,256,0,0,-256,0,0,100,0,0,0,192,256,0,0,-256,0,0,100,0,0,1344,192,256,0,
0,20,0,-256,0,0,100,0,192,1344,192,256,0,0,-256,0,1,100,0,960,0,192,256,0,84,-132,0,0,100,0,8,464,48,48,0,72,-160,0,0,100,0,8,272,48,48,0,32,-160,0,0,100,0,8,656,48,48,0,116,-152,0,0,100,0,8,912,48,48,0,60,-180,0,0,100,0,8,912,48,48,0,76,-160,0,1,50,0,72,1296,48,48,0,60,-180,0,0,50,0,8,1296,48,48,0,116,-152,0,0,50,0,8,1296,48,48,0,84,-132,0,0,50,0,8,1296,48,48,0,32,-160,0,0,50,0,8,1296,48,48,0,56,-144,0,1,100,0,824,108,84,84,0,60,-240,0,0,100,0,820,0,128,124,0,0,-256,0,1,100,0,1152,0,192,256,0,0,-256,0,1,100,0,1344,0,192,256,0,56,-144,0,0,20,0,824,108,84,84,0,0,-256,0,1,100,0,384,0,192,256,0,0,-256,0,0,100,0,0,0,192,256,0,0,-256,0,0,100,0,0,1344,192,256,0,
0,16,0,-256,0,0,100,0,192,1344,192,256,0,0,-256,0,1,100,0,960,0,192,256,0,0,-256,0,0,100,0,576,0,192,256,0,76,-160,0,1,50,0,72,1296,48,48,0,60,-176,0,0,50,0,8,1296,48,48,0,116,-152,0,0,50,0,8,1296,48,48,0,84,-132,0,0,50,0,8,1296,48,48,0,36,-152,0,0,50,0,8,1296,48,48,0,56,-144,0,1,100,0,824,108,84,84,0,60,-232,0,0,100,0,828,0,120,100,0,0,-256,0,1,100,0,1152,0,192,256,0,0,-256,0,1,100,0,1344,0,192,256,0,56,-144,0,0,20,0,824,108,84,84,0,0,-256,0,1,100,0,384,0,192,256,0,0,-256,0,0,100,0,0,0,192,256,0,0,-256,0,0,100,0,0,1344,192,256,0,
0,18,0,-256,0,0,100,0,192,1344,192,256,0,0,-256,0,1,0,0,960,0,192,256,0,48,-248,0,1,100,0,872,1228,96,152,0,70,-159,0,0,100,0,456,848,48,48,0,74,-159,0,1,50,0,72,1296,48,48,0,53,-154,0,1,100,0,480,1344,92,56,0,48,-248,0,0,30,0,872,1228,96,152,0,56,-144,0,1,100,0,824,108,84,84,0,0,-234,0,0,50,0,576,0,192,128,0,52,-234,0,0,100,0,820,0,128,124,0,0,-256,0,1,0,0,1152,0,192,256,0,0,-256,0,1,0,0,1344,0,192,256,0,56,-144,0,0,20,0,824,108,84,84,0,0,-256,0,1,50,0,384,0,192,256,0,0,-172,0,0,50,0,192,12,192,108,0,0,-160,0,0,50,0,192,128,192,124,0,0,-256,0,0,100,0,0,0,192,256,0,0,-256,0,0,100,0,0,1344,192,256,0,
0,17,81,-134,0,0,100,0,584,464,48,48,0,70,-159,0,0,100,0,136,336,48,48,0,110,-149,0,0,100,0,264,912,48,48,0,54,-177,0,0,100,0,264,912,48,48,0,35,-162,0,0,100,0,704,656,56,48,0,110,-149,0,0,50,0,8,1296,48,48,0,54,-177,0,0,50,0,8,1296,48,48,0,81,-130,0,0,50,0,8,1296,48,48,0,70,-159,0,0,50,0,8,1296,48,48,0,41,-162,0,0,50,0,8,1296,48,48,0,56,-140,0,1,100,0,192,128,80,60,0,32,-108,0,1,100,0,192,188,128,68,0,52,-234,0,0,100,0,820,0,128,124,0,0,-168,0,1,100,0,384,0,192,100,0,0,-132,0,0,100,0,0,16,192,68,0,0,-168,0,0,100,0,0,88,192,140,0,0,-256,0,0,100,0,0,1344,192,256,0,
0,33,0,-256,0,0,100,0,192,1344,192,256,0,0,-256,0,1,100,0,960,0,192,256,0,71,-140,0,0,40,0,136,400,48,48,0,87,-150,0,0,40,0,712,720,48,48,0,58,-152,0,0,40,0,840,464,48,48,0,48,-236,0,1,100,0,872,1228,96,152,0,71,-140,0,0,100,0,136,400,48,48,0,68,-236,0,1,100,0,968,1228,108,152,0,87,-150,0,0,100,0,712,720,48,48,0,16,-236,1,1,100,0,968,1228,108,152,0,58,-152,0,0,100,0,840,464,48,48,0,119,-148,0,0,50,0,136,976,48,48,0,119,-148,0,0,80,0,264,976,48,48,0,60,-184,0,0,25,0,136,976,48,48,0,60,-184,0,0,100,0,264,976,48,48,0,44,-140,0,1,100,0,520,1520,104,64,0,123,-147,0,0,50,0,8,1296,48,48,0,87,-150,0,0,50,0,8,1296,48,48,0,71,-141,0,0,50,0,8,1296,48,48,0,57,-153,0,0,50,0,8,1296,48,48,0,58,-181,0,0,50,0,8,1296,48,48,0,56,-140,0,1,100,0,192,128,80,60,0,32,-108,0,1,100,0,192,188,128,68,0,0,-234,0,0,25,0,576,0,192,128,0,56,-230,0,0,100,0,1216,640,88,96,0,52,-234,0,0,100,0,820,0,128,124,0,0,-256,0,1,100,0,1152,0,192,256,0,0,-256,0,1,100,0,1344,0,192,256,0,0,-168,0,1,100,0,384,0,192,100,0,0,-172,0,0,20,0,192,12,192,108,0,0,-132,0,0,100,0,0,16,192,68,0,0,-168,0,0,100,0,0,88,192,140,0,0,-256,0,0,100,0,0,1344,192,256,0,
0,34,0,-256,0,0,100,0,192,1344,192,256,0,71,-140,0,0,40,0,136,400,48,48,0,87,-150,0,0,40,0,712,720,48,48,0,58,-152,0,0,40,0,840,464,48,48,0,48,-236,0,1,100,0,872,1228,96,152,0,71,-140,0,0,100,0,136,400,48,48,0,68,-236,0,1,100,0,968,1228,108,152,0,87,-150,0,0,100,0,712,720,48,48,0,16,-236,1,1,100,0,968,1228,108,152,0,58,-152,0,0,100,0,840,464,48,48,0,119,-148,0,0,25,0,136,976,48,48,0,119,-148,0,0,100,0,264,976,48,48,0,60,-184,0,0,25,0,136,976,48,48,0,60,-184,0,0,100,0,264,976,48,48,0,44,-140,0,1,100,0,520,1520,104,64,0,87,-149,0,0,50,0,8,1296,48,48,0,71,-141,0,0,50,0,8,1296,48,48,0,56,-151,0,0,50,0,8,1296,48,48,0,56,-140,0,1,100,0,192,128,80,60,0,32,-108,0,1,100,0,192,188,128,68,0,0,-234,0,0,50,0,576,0,192,128,0,56,-230,0,0,50,0,1304,640,88,96,0,56,-230,0,0,100,0,1216,640,88,96,0,52,-234,0,0,100,0,820,0,128,124,0,0,-256,0,1,100,0,960,0,192,256,0,113,-148,0,0,50,0,200,1296,48,48,0,52,-183,0,0,50,0,200,1296,48,48,0,0,-256,0,1,100,0,1152,0,192,256,0,0,-256,0,1,100,0,1344,0,192,256,0,0,-168,0,1,100,0,384,0,192,100,0,0,-172,0,0,20,0,192,12,192,108,0,0,-132,0,0,100,0,0,16,192,68,0,0,-168,0,0,100,0,0,88,192,140,0,0,-256,0,0,100,0,0,1344,192,256,0,
0,0,
0,0,
0,11,0,-256,0,0,100,0,192,1344,192,256,0,0,-256,0,1,100,0,960,0,192,256,0,56,-144,0,1,100,0,824,108,84,84,0,52,-234,0,0,100,0,820,0,128,124,0,0,-256,0,1,100,0,1152,0,192,256,0,0,-256,0,1,100,0,1344,0,192,256,0,56,-144,0,0,20,0,824,108,84,84,0,0,-168,0,1,100,0,384,0,192,100,0,0,-168,0,0,50,0,384,100,192,132,0,0,-256,0,0,100,0,0,0,192,256,0,0,-256,0,0,100,0,0,1344,192,256,0,
0,20,0,-256,0,0,100,0,192,1344,192,256,0,0,-256,0,1,0,0,960,0,192,256,0,67,-258,0,1,5,0,872,1228,96,152,0,91,-170,0,0,10,0,72,848,48,48,0,82,-173,0,1,10,0,128,1280,64,64,0,67,-258,0,0,5,0,872,1228,96,152,0,56,-140,0,1,100,0,192,128,80,60,0,32,-108,0,1,100,0,192,188,128,68,0,0,-234,0,0,50,0,576,0,192,128,0,56,-230,0,0,50,0,1304,640,88,96,0,56,-230,0,0,100,0,1216,640,88,96,0,52,-234,0,0,100,0,820,0,128,124,0,0,-256,0,1,0,0,1152,0,192,256,0,0,-256,0,1,0,0,1344,0,192,256,0,0,-168,0,1,50,0,384,0,192,100,0,0,-172,0,0,50,0,192,12,192,108,0,0,-168,0,0,50,0,384,100,192,132,0,0,-132,0,0,100,0,0,16,192,68,0,0,-168,0,0,100,0,0,88,192,140,0,0,-256,0,0,100,0,0,1344,192,256,0,
0,19,0,-256,0,0,100,0,192,1344,192,256,0,0,-256,0,1,0,0,960,0,192,256,0,67,-258,0,1,20,0,872,1228,96,152,0,89,-169,0,0,25,0,136,848,48,48,0,80,-172,0,1,20,0,128,1280,64,64,0,0,-234,0,0,50,0,576,0,192,128,0,56,-230,0,0,50,0,1304,256,88,96,0,56,-230,0,0,100,0,1216,256,88,96,0,52,-234,0,0,100,0,820,0,128,124,0,56,-140,0,1,100,0,192,128,80,60,0,32,-108,0,1,100,0,192,188,128,68,0,0,-256,0,1,0,0,1152,0,192,256,0,0,-256,0,1,0,0,1344,0,192,256,0,0,-168,0,1,50,0,384,0,192,100,0,0,-172,0,0,50,0,192,12,192,108,0,0,-168,0,0,50,0,384,100,192,132,0,0,-132,0,0,100,0,0,16,192,68,0,0,-168,0,0,100,0,0,88,192,140,0,0,-256,0,0,100,0,0,1344,192,256,0,
0,19,0,-256,0,0,100,0,192,1344,192,256,0,0,-256,0,1,0,0,960,0,192,256,0,65,-257,0,1,30,0,872,1228,96,152,0,87,-168,0,0,50,0,200,848,48,48,0,80,-172,0,1,40,0,128,1280,64,64,0,56,-140,0,1,100,0,192,128,80,60,0,32,-108,0,1,100,0,192,188,128,68,0,0,-234,0,0,50,0,576,0,192,128,0,56,-230,0,0,50,0,1304,640,88,96,0,56,-230,0,0,100,0,1216,640,88,96,0,52,-234,0,0,100,0,820,0,128,124,0,0,-256,0,1,0,0,1152,0,192,256,0,0,-256,0,1,0,0,1344,0,192,256,0,0,-168,0,1,50,0,384,0,192,100,0,0,-172,0,0,50,0,192,12,192,108,0,0,-168,0,0,50,0,384,100,192,132,0,0,-132,0,0,100,0,0,16,192,68,0,0,-168,0,0,100,0,0,88,192,140,0,0,-256,0,0,100,0,0,1344,192,256,0,
0,19,0,-256,0,0,100,0,192,1344,192,256,0,0,-256,0,1,0,0,960,0,192,256,0,63,-256,0,1,40,0,872,1228,96,152,0,85,-167,0,0,75,0,8,848,48,48,0,78,-171,0,1,80,0,128,1280,64,64,0,56,-140,0,1,100,0,192,128,80,60,0,32,-108,0,1,100,0,192,188,128,68,0,0,-234,0,0,50,0,576,0,192,128,0,56,-230,0,0,50,0,1304,640,88,96,0,56,-230,0,0,100,0,1216,640,88,96,0,52,-234,0,0,100,0,820,0,128,124,0,0,-256,0,1,0,0,1152,0,192,256,0,0,-256,0,1,0,0,1344,0,192,256,0,0,-168,0,1,50,0,384,0,192,100,0,0,-172,0,0,50,0,192,12,192,108,0,0,-168,0,0,50,0,384,100,192,132,0,0,-132,0,0,100,0,0,16,192,68,0,0,-168,0,0,100,0,0,88,192,140,0,0,-256,0,0,100,0,0,1344,192,256,0,
0,19,0,-256,0,0,100,0,192,1344,192,256,0,0,-256,0,1,0,0,960,0,192,256,0,61,-255,0,1,60,0,872,1228,96,152,0,83,-166,0,0,100,0,72,848,48,48,0,76,-170,0,1,80,0,128,1280,64,64,0,56,-140,0,1,100,0,192,128,80,60,0,32,-108,0,1,100,0,192,188,128,68,0,0,-234,0,0,50,0,576,0,192,128,0,56,-230,0,0,50,0,1304,640,88,96,0,56,-230,0,0,100,0,1216,640,88,96,0,52,-234,0,0,100,0,820,0,128,124,0,0,-256,0,1,0,0,1152,0,192,256,0,0,-256,0,1,0,0,1344,0,192,256,0,0,-168,0,1,50,0,384,0,192,100,0,0,-172,0,0,50,0,192,12,192,108,0,0,-168,0,0,50,0,384,100,192,132,0,0,-132,0,0,100,0,0,16,192,68,0,0,-168,0,0,100,0,0,88,192,140,0,0,-256,0,0,100,0,0,1344,192,256,0,
0,19,0,-256,0,0,100,0,192,1344,192,256,0,0,-256,0,1,0,0,960,0,192,256,0,59,-254,0,1,60,0,872,1228,96,152,0,81,-165,0,0,100,0,136,848,48,48,0,74,-169,0,1,80,0,128,1280,64,64,0,56,-140,0,1,100,0,192,128,80,60,0,32,-108,0,1,100,0,192,188,128,68,0,0,-234,0,0,50,0,576,0,192,128,0,56,-230,0,0,50,0,1304,352,88,96,0,56,-230,0,0,100,0,1216,352,88,96,0,52,-234,0,0,100,0,820,0,128,124,0,0,-256,0,1,0,0,1152,0,192,256,0,0,-256,0,1,0,0,1344,0,192,256,0,0,-168,0,1,50,0,384,0,192,100,0,0,-172,0,0,50,0,192,12,192,108,0,0,-168,0,0,50,0,384,100,192,132,0,0,-132,0,0,100,0,0,16,192,68,0,0,-168,0,0,100,0,0,88,192,140,0,0,-256,0,0,100,0,0,1344,192,256,0,
0,19,0,-256,0,0,100,0,192,1344,192,256,0,0,-256,0,1,0,0,960,0,192,256,0,57,-253,0,1,60,0,872,1228,96,152,0,79,-164,0,0,100,0,200,848,48,48,0,72,-168,0,1,80,0,128,1280,64,64,0,56,-140,0,1,100,0,192,128,80,60,0,32,-108,0,1,100,0,192,188,128,68,0,0,-234,0,0,50,0,576,0,192,128,0,56,-230,0,0,50,0,1304,640,88,96,0,56,-230,0,0,100,0,1216,640,88,96,0,52,-234,0,0,100,0,820,0,128,124,0,0,-256,0,1,0,0,1152,0,192,256,0,0,-256,0,1,0,0,1344,0,192,256,0,0,-168,0,1,50,0,384,0,192,100,0,0,-172,0,0,50,0,192,12,192,108,0,0,-168,0,0,50,0,384,100,192,132,0,0,-132,0,0,100,0,0,16,192,68,0,0,-168,0,0,100,0,0,88,192,140,0,0,-256,0,0,100,0,0,1344,192,256,0,
0,19,0,-256,0,0,100,0,192,1344,192,256,0,0,-256,0,1,0,0,960,0,192,256,0,55,-252,0,1,60,0,872,1228,96,152,0,77,-163,0,0,100,0,8,848,48,48,0,70,-167,0,1,80,0,128,1280,64,64,0,56,-140,0,1,100,0,192,128,80,60,0,32,-108,0,1,100,0,192,188,128,68,0,0,-234,0,0,50,0,576,0,192,128,0,56,-230,0,0,50,0,1304,352,88,96,0,56,-230,0,0,100,0,1216,352,88,96,0,52,-234,0,0,100,0,820,0,128,124,0,0,-256,0,1,0,0,1152,0,192,256,0,0,-256,0,1,0,0,1344,0,192,256,0,0,-168,0,1,50,0,384,0,192,100,0,0,-172,0,0,50,0,192,12,192,108,0,0,-168,0,0,50,0,384,100,192,132,0,0,-132,0,0,100,0,0,16,192,68,0,0,-168,0,0,100,0,0,88,192,140,0,0,-256,0,0,100,0,0,1344,192,256,0,
0,19,0,-256,0,0,100,0,192,1344,192,256,0,0,-256,0,1,0,0,960,0,192,256,0,53,-251,0,1,60,0,872,1228,96,152,0,75,-162,0,0,100,0,72,848,48,48,0,68,-166,0,1,80,0,128,1280,64,64,0,56,-140,0,1,100,0,192,128,80,60,0,32,-108,0,1,100,0,192,188,128,68,0,0,-234,0,0,50,0,576,0,192,128,0,56,-230,0,0,50,0,1304,640,88,96,0,56,-230,0,0,100,0,1216,640,88,96,0,52,-234,0,0,100,0,820,0,128,124,0,0,-256,0,1,0,0,1152,0,192,256,0,0,-256,0,1,0,0,1344,0,192,256,0,0,-168,0,1,50,0,384,0,192,100,0,0,-172,0,0,50,0,192,12,192,108,0,0,-168,0,0,50,0,384,100,192,132,0,0,-132,0,0,100,0,0,16,192,68,0,0,-168,0,0,100,0,0,88,192,140,0,0,-256,0,0,100,0,0,1344,192,256,0,
0,19,0,-256,0,0,100,0,192,1344,192,256,0,0,-256,0,1,0,0,960,0,192,256,0,51,-250,0,1,60,0,872,1228,96,152,0,73,-161,0,0,100,0,136,848,48,48,0,66,-165,0,1,80,0,128,1280,64,64,0,56,-140,0,1,100,0,192,128,80,60,0,32,-108,0,1,100,0,192,188,128,68,0,0,-234,0,0,50,0,576,0,192,128,0,56,-230,0,0,50,0,1304,640,88,96,0,56,-230,0,0,100,0,1216,640,88,96,0,52,-234,0,0,100,0,820,0,128,124,0,0,-256,0,1,0,0,1152,0,192,256,0,0,-256,0,1,0,0,1344,0,192,256,0,0,-168,0,1,50,0,384,0,192,100,0,0,-172,0,0,50,0,192,12,192,108,0,0,-168,0,0,50,0,384,100,192,132,0,0,-132,0,0,100,0,0,16,192,68,0,0,-168,0,0,100,0,0,88,192,140,0,0,-256,0,0,100,0,0,1344,192,256,0,
0,19,0,-256,0,0,100,0,192,1344,192,256,0,0,-256,0,1,0,0,960,0,192,256,0,49,-249,0,1,80,0,872,1228,96,152,0,71,-160,0,0,100,0,200,848,48,48,0,64,-164,0,1,80,0,128,1280,64,64,0,56,-140,0,1,100,0,192,128,80,60,0,32,-108,0,1,100,0,192,188,128,68,0,0,-234,0,0,50,0,576,0,192,128,0,56,-230,0,0,50,0,1304,544,88,96,0,56,-230,0,0,100,0,1216,544,88,96,0,52,-234,0,0,100,0,820,0,128,124,0,0,-256,0,1,0,0,1152,0,192,256,0,0,-256,0,1,0,0,1344,0,192,256,0,0,-168,0,1,50,0,384,0,192,100,0,0,-172,0,0,50,0,192,12,192,108,0,0,-168,0,0,50,0,384,100,192,132,0,0,-132,0,0,100,0,0,16,192,68,0,0,-168,0,0,100,0,0,88,192,140,0,0,-256,0,0,100,0,0,1344,192,256,0,
0,19,0,-256,0,0,100,0,192,1344,192,256,0,0,-256,0,1,0,0,960,0,192,256,0,48,-248,0,1,100,0,872,1228,96,152,0,70,-159,0,0,100,0,8,848,48,48,0,63,-163,0,1,100,0,128,1280,64,64,0,56,-140,0,1,100,0,192,128,80,60,0,32,-108,0,1,100,0,192,188,128,68,0,0,-234,0,0,50,0,576,0,192,128,0,56,-230,0,0,50,0,1304,640,88,96,0,56,-230,0,0,100,0,1216,640,88,96,0,52,-234,0,0,100,0,820,0,128,124,0,0,-256,0,1,0,0,1152,0,192,256,0,0,-256,0,1,0,0,1344,0,192,256,0,0,-168,0,1,50,0,384,0,192,100,0,0,-172,0,0,50,0,192,12,192,108,0,0,-168,0,0,50,0,384,100,192,132,0,0,-132,0,0,100,0,0,16,192,68,0,0,-168,0,0,100,0,0,88,192,140,0,0,-256,0,0,100,0,0,1344,192,256,0,
0,19,0,-256,0,0,100,0,192,1344,192,256,0,0,-256,0,1,0,0,960,0,192,256,0,48,-248,0,1,100,0,872,1228,96,152,0,70,-159,0,0,100,0,328,848,48,48,0,63,-163,0,1,100,0,128,1280,64,64,0,56,-140,0,1,100,0,192,128,80,60,0,32,-108,0,1,100,0,192,188,128,68,0,0,-234,0,0,50,0,576,0,192,128,0,56,-230,0,0,50,0,1304,640,88,96,0,56,-230,0,0,100,0,1216,640,88,96,0,52,-234,0,0,100,0,820,0,128,124,0,0,-256,0,1,0,0,1152,0,192,256,0,0,-256,0,1,0,0,1344,0,192,256,0,0,-168,0,1,50,0,384,0,192,100,0,0,-172,0,0,50,0,192,12,192,108,0,0,-168,0,0,50,0,384,100,192,132,0,0,-132,0,0,100,0,0,16,192,68,0,0,-168,0,0,100,0,0,88,192,140,0,0,-256,0,0,100,0,0,1344,192,256,0,
0,19,0,-256,0,0,100,0,192,1344,192,256,0,0,-256,0,1,0,0,960,0,192,256,0,48,-248,0,1,100,0,872,1228,96,152,0,70,-159,0,0,100,0,392,848,48,48,0,63,-163,0,1,100,0,128,1280,64,64,0,56,-140,0,1,100,0,192,128,80,60,0,32,-108,0,1,100,0,192,188,128,68,0,0,-234,0,0,50,0,576,0,192,128,0,56,-230,0,0,50,0,1304,448,88,96,0,56,-230,0,0,100,0,1216,448,88,96,0,52,-234,0,0,100,0,820,0,128,124,0,0,-256,0,1,0,0,1152,0,192,256,0,0,-256,0,1,0,0,1344,0,192,256,0,0,-168,0,1,50,0,384,0,192,100,0,0,-172,0,0,50,0,192,12,192,108,0,0,-168,0,0,50,0,384,100,192,132,0,0,-132,0,0,100,0,0,16,192,68,0,0,-168,0,0,100,0,0,88,192,140,0,0,-256,0,0,100,0,0,1344,192,256,0,
0,19,0,-256,0,0,100,0,192,1344,192,256,0,0,-256,0,1,0,0,960,0,192,256,0,48,-248,0,1,100,0,872,1228,96,152,0,70,-159,0,0,100,0,456,848,48,48,0,63,-163,0,1,100,0,128,1280,64,64,0,56,-140,0,1,100,0,192,128,80,60,0,32,-108,0,1,100,0,192,188,128,68,0,0,-234,0,0,50,0,576,0,192,128,0,56,-230,0,0,50,0,1304,640,88,96,0,56,-230,0,0,100,0,1216,640,88,96,0,52,-234,0,0,100,0,820,0,128,124,0,0,-256,0,1,0,0,1152,0,192,256,0,0,-256,0,1,0,0,1344,0,192,256,0,0,-168,0,1,50,0,384,0,192,100,0,0,-172,0,0,50,0,192,12,192,108,0,0,-168,0,0,50,0,384,100,192,132,0,0,-132,0,0,100,0,0,16,192,68,0,0,-168,0,0,100,0,0,88,192,140,0,0,-256,0,0,100,0,0,1344,192,256,0,
0,19,0,-256,0,0,100,0,192,1344,192,256,0,0,-256,0,1,0,0,960,0,192,256,0,48,-248,0,1,100,0,872,1228,96,152,0,70,-159,0,0,100,0,520,848,48,48,0,63,-163,0,1,100,0,128,1280,64,64,0,56,-140,0,1,100,0,192,128,80,60,0,32,-108,0,1,100,0,192,188,128,68,0,0,-234,0,0,50,0,576,0,192,128,0,56,-230,0,0,50,0,1304,448,88,96,0,56,-230,0,0,100,0,1216,448,88,96,0,52,-234,0,0,100,0,820,0,128,124,0,0,-256,0,1,0,0,1152,0,192,256,0,0,-256,0,1,0,0,1344,0,192,256,0,0,-168,0,1,50,0,384,0,192,100,0,0,-172,0,0,50,0,192,12,192,108,0,0,-168,0,0,50,0,384,100,192,132,0,0,-132,0,0,100,0,0,16,192,68,0,0,-168,0,0,100,0,0,88,192,140,0,0,-256,0,0,100,0,0,1344,192,256,0,
0,19,0,-256,0,0,100,0,192,1344,192,256,0,0,-256,0,1,0,0,960,0,192,256,0,48,-248,0,1,100,0,872,1228,96,152,0,70,-159,0,0,100,0,584,848,48,48,0,63,-163,0,1,100,0,128,1280,64,64,0,56,-140,0,1,100,0,192,128,80,60,0,32,-108,0,1,100,0,192,188,128,68,0,0,-234,0,0,50,0,576,0,192,128,0,56,-230,0,0,50,0,1304,640,88,96,0,56,-230,0,0,100,0,1216,640,88,96,0,52,-234,0,0,100,0,820,0,128,124,0,0,-256,0,1,0,0,1152,0,192,256,0,0,-256,0,1,0,0,1344,0,192,256,0,0,-168,0,1,50,0,384,0,192,100,0,0,-172,0,0,50,0,192,12,192,108,0,0,-168,0,0,50,0,384,100,192,132,0,0,-132,0,0,100,0,0,16,192,68,0,0,-168,0,0,100,0,0,88,192,140,0,0,-256,0,0,100,0,0,1344,192,256,0,
0,19,0,-256,0,0,100,0,192,1344,192,256,0,0,-256,0,1,0,0,960,0,192,256,0,48,-248,0,1,100,0,872,1228,96,152,0,70,-159,1,0,100,0,520,848,48,48,0,63,-163,0,1,100,0,128,1280,64,64,0,56,-140,0,1,100,0,192,128,80,60,0,32,-108,0,1,100,0,192,188,128,68,0,0,-234,0,0,50,0,576,0,192,128,0,56,-230,0,0,50,0,1304,640,88,96,0,56,-230,0,0,100,0,1216,640,88,96,0,52,-234,0,0,100,0,820,0,128,124,0,0,-256,0,1,0,0,1152,0,192,256,0,0,-256,0,1,0,0,1344,0,192,256,0,0,-168,0,1,50,0,384,0,192,100,0,0,-172,0,0,50,0,192,12,192,108,0,0,-168,0,0,50,0,384,100,192,132,0,0,-132,0,0,100,0,0,16,192,68,0,0,-168,0,0,100,0,0,88,192,140,0,0,-256,0,0,100,0,0,1344,192,256,0,
0,19,0,-256,0,0,100,0,192,1344,192,256,0,0,-256,0,1,0,0,960,0,192,256,0,48,-248,0,1,100,0,872,1228,96,152,0,70,-159,1,0,100,0,456,848,48,48,0,63,-163,0,1,100,0,128,1280,64,64,0,56,-140,0,1,100,0,192,128,80,60,0,32,-108,0,1,100,0,192,188,128,68,0,0,-234,0,0,50,0,576,0,192,128,0,56,-230,0,0,50,0,1304,640,88,96,0,56,-230,0,0,100,0,1216,640,88,96,0,52,-234,0,0,100,0,820,0,128,124,0,0,-256,0,1,0,0,1152,0,192,256,0,0,-256,0,1,0,0,1344,0,192,256,0,0,-168,0,1,50,0,384,0,192,100,0,0,-172,0,0,50,0,192,12,192,108,0,0,-168,0,0,50,0,384,100,192,132,0,0,-132,0,0,100,0,0,16,192,68,0,0,-168,0,0,100,0,0,88,192,140,0,0,-256,0,0,100,0,0,1344,192,256,0,
0,21,0,-256,0,0,100,0,192,1344,192,256,0,0,-256,0,1,0,0,960,0,192,256,0,84,-194,0,1,100,0,384,1344,32,32,0,84,-194,0,0,30,0,384,1344,32,32,0,48,-248,0,1,100,0,872,1228,96,152,0,70,-159,1,0,100,0,392,848,48,48,0,63,-163,0,1,100,0,128,1280,64,64,0,56,-140,0,1,100,0,192,128,80,60,0,32,-108,0,1,100,0,192,188,128,68,0,0,-234,0,0,50,0,576,0,192,128,0,56,-230,0,0,50,0,1304,352,88,96,0,56,-230,0,0,100,0,1216,352,88,96,0,52,-234,0,0,100,0,820,0,128,124,0,0,-256,0,1,0,0,1152,0,192,256,0,0,-256,0,1,0,0,1344,0,192,256,0,0,-168,0,1,50,0,384,0,192,100,0,0,-172,0,0,50,0,192,12,192,108,0,0,-168,0,0,50,0,384,100,192,132,0,0,-132,0,0,100,0,0,16,192,68,0,0,-168,0,0,100,0,0,88,192,140,0,0,-256,0,0,100,0,0,1344,192,256,0,
0,22,0,-256,0,0,100,0,192,1344,192,256,0,0,-256,0,1,0,0,960,0,192,256,0,84,-191,0,1,100,0,416,1344,32,32,0,84,-191,0,0,30,0,416,1344,32,32,0,48,-248,0,1,100,0,872,1228,96,152,0,68,-172,0,1,50,0,680,1384,56,68,0,70,-159,0,0,100,0,8,848,48,48,0,63,-163,0,1,100,0,128,1280,64,64,0,56,-140,0,1,100,0,192,128,80,60,0,32,-108,0,1,100,0,192,188,128,68,0,0,-234,0,0,50,0,576,0,192,128,0,56,-230,0,0,50,0,1304,640,88,96,0,56,-230,0,0,100,0,1216,640,88,96,0,52,-234,0,0,100,0,820,0,128,124,0,0,-256,0,1,0,0,1152,0,192,256,0,0,-256,0,1,0,0,1344,0,192,256,0,0,-168,0,1,50,0,384,0,192,100,0,0,-172,0,0,50,0,192,12,192,108,0,0,-168,0,0,50,0,384,100,192,132,0,0,-132,0,0,100,0,0,16,192,68,0,0,-168,0,0,100,0,0,88,192,140,0,0,-256,0,0,100,0,0,1344,192,256,0,
0,23,0,-256,0,0,100,0,192,1344,192,256,0,0,-256,0,1,0,0,960,0,192,256,0,84,-187,0,1,100,0,448,1344,32,32,0,84,-187,0,0,30,0,448,1344,32,32,0,48,-248,0,1,100,0,872,1228,96,152,0,68,-172,0,1,100,0,736,1384,56,68,0,70,-159,0,0,50,0,8,848,48,48,0,70,-159,0,0,100,0,8,272,48,48,0,63,-163,0,1,100,0,128,1280,64,64,0,56,-140,0,1,100,0,192,128,80,60,0,32,-108,0,1,100,0,192,188,128,68,0,0,-234,0,0,50,0,576,0,192,128,0,56,-230,0,0,50,0,1304,640,88,96,0,56,-230,0,0,100,0,1216,640,88,96,0,52,-234,0,0,100,0,820,0,128,124,0,0,-256,0,1,0,0,1152,0,192,256,0,0,-256,0,1,0,0,1344,0,192,256,0,0,-168,0,1,50,0,384,0,192,100,0,0,-172,0,0,50,0,192,12,192,108,0,0,-168,0,0,50,0,384,100,192,132,0,0,-132,0,0,100,0,0,16,192,68,0,0,-168,0,0,100,0,0,88,192,140,0,0,-256,0,0,100,0,0,1344,192,256,0,
0,22,0,-256,0,0,100,0,192,1344,192,256,0,0,-256,0,1,0,0,960,0,192,256,0,84,-184,0,1,100,0,384,1344,32,32,0,84,-184,0,0,30,0,384,1344,32,32,0,48,-248,0,1,100,0,872,1228,96,152,0,68,-172,0,1,100,0,792,1384,56,68,0,70,-159,0,0,100,0,72,272,48,48,0,63,-163,0,1,100,0,128,1280,64,64,0,56,-140,0,1,100,0,192,128,80,60,0,32,-108,0,1,100,0,192,188,128,68,0,0,-234,0,0,50,0,576,0,192,128,0,56,-230,0,0,50,0,1304,640,88,96,0,56,-230,0,0,100,0,1216,640,88,96,0,52,-234,0,0,100,0,820,0,128,124,0,0,-256,0,1,0,0,1152,0,192,256,0,0,-256,0,1,0,0,1344,0,192,256,0,0,-168,0,1,50,0,384,0,192,100,0,0,-172,0,0,50,0,192,12,192,108,0,0,-168,0,0,50,0,384,100,192,132,0,0,-132,0,0,100,0,0,16,192,68,0,0,-168,0,0,100,0,0,88,192,140,0,0,-256,0,0,100,0,0,1344,192,256,0,
0,22,0,-256,0,0,100,0,192,1344,192,256,0,0,-256,0,1,0,0,960,0,192,256,0,84,-181,0,1,100,0,416,1344,32,32,0,84,-181,0,0,30,0,416,1344,32,32,0,48,-248,0,1,100,0,872,1228,96,152,0,68,-172,0,1,100,0,848,1384,56,68,0,70,-159,0,0,100,0,136,272,48,48,0,63,-163,0,1,100,0,128,1280,64,64,0,56,-140,0,1,100,0,192,128,80,60,0,32,-108,0,1,100,0,192,188,128,68,0,0,-234,0,0,50,0,576,0,192,128,0,56,-230,0,0,50,0,1304,640,88,96,0,56,-230,0,0,100,0,1216,640,88,96,0,52,-234,0,0,100,0,820,0,128,124,0,0,-256,0,1,0,0,1152,0,192,256,0,0,-256,0,1,0,0,1344,0,192,256,0,0,-168,0,1,50,0,384,0,192,100,0,0,-172,0,0,50,0,192,12,192,108,0,0,-168,0,0,50,0,384,100,192,132,0,0,-132,0,0,100,0,0,16,192,68,0,0,-168,0,0,100,0,0,88,192,140,0,0,-256,0,0,100,0,0,1344,192,256,0,
0,22,0,-256,0,0,100,0,192,1344,192,256,0,0,-256,0,1,0,0,960,0,192,256,0,84,-178,0,1,100,0,448,1344,32,32,0,84,-178,0,0,30,0,448,1344,32,32,0,48,-248,0,1,100,0,872,1228,96,152,0,68,-172,0,1,75,0,904,1384,56,68,0,70,-159,0,0,100,0,200,272,48,48,0,63,-163,0,1,100,0,128,1280,64,64,0,56,-140,0,1,100,0,192,128,80,60,0,32,-108,0,1,100,0,192,188,128,68,0,0,-234,0,0,50,0,576,0,192,128,0,56,-230,0,0,50,0,1304,352,88,96,0,56,-230,0,0,100,0,1216,352,88,96,0,52,-234,0,0,100,0,820,0,128,124,0,0,-256,0,1,0,0,1152,0,192,256,0,0,-256,0,1,0,0,1344,0,192,256,0,0,-168,0,1,50,0,384,0,192,100,0,0,-172,0,0,50,0,192,12,192,108,0,0,-168,0,0,50,0,384,100,192,132,0,0,-132,0,0,100,0,0,16,192,68,0,0,-168,0,0,100,0,0,88,192,140,0,0,-256,0,0,100,0,0,1344,192,256,0,
0,22,0,-256,0,0,100,0,192,1344,192,256,0,0,-256,0,1,0,0,960,0,192,256,0,84,-175,0,1,100,0,384,1344,32,32,0,84,-175,0,0,30,0,384,1344,32,32,0,48,-248,0,1,100,0,872,1228,96,152,0,68,-172,0,1,50,0,680,1384,56,68,0,70,-159,1,0,100,0,136,272,48,48,0,63,-163,0,1,100,0,128,1280,64,64,0,56,-140,0,1,100,0,192,128,80,60,0,32,-108,0,1,100,0,192,188,128,68,0,0,-234,0,0,50,0,576,0,192,128,0,56,-230,0,0,50,0,1304,640,88,96,0,56,-230,0,0,100,0,1216,640,88,96,0,52,-234,0,0,100,0,820,0,128,124,0,0,-256,0,1,0,0,1152,0,192,256,0,0,-256,0,1,0,0,1344,0,192,256,0,0,-168,0,1,50,0,384,0,192,100,0,0,-172,0,0,50,0,192,12,192,108,0,0,-168,0,0,50,0,384,100,192,132,0,0,-132,0,0,100,0,0,16,192,68,0,0,-168,0,0,100,0,0,88,192,140,0,0,-256,0,0,100,0,0,1344,192,256,0,
0,22,0,-256,0,0,100,0,192,1344,192,256,0,0,-256,0,1,0,0,960,0,192,256,0,84,-172,0,1,100,0,416,1344,32,32,0,84,-172,0,0,30,0,416,1344,32,32,0,48,-248,0,1,100,0,872,1228,96,152,0,68,-172,0,1,50,0,736,1384,56,68,0,70,-159,1,0,100,0,72,272,48,48,0,63,-163,0,1,100,0,128,1280,64,64,0,56,-140,0,1,100,0,192,128,80,60,0,32,-108,0,1,100,0,192,188,128,68,0,0,-234,0,0,50,0,576,0,192,128,0,56,-230,0,0,50,0,1304,640,88,96,0,56,-230,0,0,100,0,1216,640,88,96,0,52,-234,0,0,100,0,820,0,128,124,0,0,-256,0,1,0,0,1152,0,192,256,0,0,-256,0,1,0,0,1344,0,192,256,0,0,-168,0,1,50,0,384,0,192,100,0,0,-172,0,0,50,0,192,12,192,108,0,0,-168,0,0,50,0,384,100,192,132,0,0,-132,0,0,100,0,0,16,192,68,0,0,-168,0,0,100,0,0,88,192,140,0,0,-256,0,0,100,0,0,1344,192,256,0,
0,22,0,-256,0,0,100,0,192,1344,192,256,0,0,-256,0,1,0,0,960,0,192,256,0,84,-169,0,1,100,0,448,1344,32,32,0,84,-169,0,0,30,0,448,1344,32,32,0,48,-248,0,1,75,0,872,1228,96,152,0,68,-172,0,1,50,0,792,1384,56,68,0,71,-159,1,0,100,0,8,272,48,48,0,63,-163,0,1,75,0,128,1280,64,64,0,56,-140,0,1,100,0,192,128,80,60,0,32,-108,0,1,100,0,192,188,128,68,0,0,-234,0,0,50,0,576,0,192,128,0,56,-230,0,0,50,0,1304,256,88,96,0,56,-230,0,0,100,0,1216,256,88,96,0,52,-234,0,0,100,0,820,0,128,124,0,0,-256,0,1,0,0,1152,0,192,256,0,0,-256,0,1,0,0,1344,0,192,256,0,0,-168,0,1,50,0,384,0,192,100,0,0,-172,0,0,50,0,192,12,192,108,0,0,-168,0,0,50,0,384,100,192,132,0,0,-132,0,0,100,0,0,16,192,68,0,0,-168,0,0,100,0,0,88,192,140,0,0,-256,0,0,100,0,0,1344,192,256,0,
0,22,0,-256,0,0,100,0,192,1344,192,256,0,0,-256,0,1,0,0,960,0,192,256,0,84,-166,0,1,100,0,384,1344,32,32,0,84,-166,0,0,30,0,384,1344,32,32,0,48,-248,0,1,50,0,872,1228,96,152,0,68,-172,0,1,40,0,848,1384,56,68,0,70,-159,1,0,100,0,328,272,48,48,0,63,-163,0,1,50,0,128,1280,64,64,0,56,-140,0,1,100,0,192,128,80,60,0,32,-108,0,1,100,0,192,188,128,68,0,0,-234,0,0,50,0,576,0,192,128,0,56,-230,0,0,50,0,1304,640,88,96,0,56,-230,0,0,100,0,1216,640,88,96,0,52,-234,0,0,100,0,820,0,128,124,0,0,-256,0,1,0,0,1152,0,192,256,0,0,-256,0,1,0,0,1344,0,192,256,0,0,-168,0,1,50,0,384,0,192,100,0,0,-172,0,0,50,0,192,12,192,108,0,0,-168,0,0,50,0,384,100,192,132,0,0,-132,0,0,100,0,0,16,192,68,0,0,-168,0,0,100,0,0,88,192,140,0,0,-256,0,0,100,0,0,1344,192,256,0,
0,22,0,-256,0,0,100,0,192,1344,192,256,0,0,-256,0,1,0,0,960,0,192,256,0,84,-163,0,1,100,0,416,1344,32,32,0,84,-163,0,0,30,0,416,1344,32,32,0,48,-248,0,1,25,0,872,1228,96,152,0,68,-172,0,1,25,0,904,1384,56,68,0,70,-159,1,0,100,0,328,272,48,48,0,63,-163,0,1,25,0,128,1280,64,64,0,56,-140,0,1,100,0,192,128,80,60,0,32,-108,0,1,100,0,192,188,128,68,0,0,-234,0,0,50,0,576,0,192,128,0,56,-230,0,0,50,0,1304,544,88,96,0,56,-230,0,0,100,0,1216,544,88,96,0,52,-234,0,0,100,0,820,0,128,124,0,0,-256,0,1,0,0,1152,0,192,256,0,0,-256,0,1,0,0,1344,0,192,256,0,0,-168,0,1,50,0,384,0,192,100,0,0,-172,0,0,50,0,192,12,192,108,0,0,-168,0,0,50,0,384,100,192,132,0,0,-132,0,0,100,0,0,16,192,68,0,0,-168,0,0,100,0,0,88,192,140,0,0,-256,0,0,100,0,0,1344,192,256,0,
0,22,0,-256,0,0,100,0,192,1344,192,256,0,0,-256,0,1,0,0,960,0,192,256,0,84,-160,0,1,100,0,448,1344,32,32,0,84,-160,0,0,30,0,448,1344,32,32,0,48,-248,0,1,10,0,872,1228,96,152,0,68,-172,0,1,10,0,680,1384,56,68,0,70,-159,1,0,100,0,328,272,48,48,0,63,-163,0,1,10,0,128,1280,64,64,0,56,-140,0,1,100,0,192,128,80,60,0,32,-108,0,1,100,0,192,188,128,68,0,0,-234,0,0,50,0,576,0,192,128,0,56,-230,0,0,50,0,1304,640,88,96,0,56,-230,0,0,100,0,1216,640,88,96,0,52,-234,0,0,100,0,820,0,128,124,0,0,-256,0,1,0,0,1152,0,192,256,0,0,-256,0,1,0,0,1344,0,192,256,0,0,-168,0,1,50,0,384,0,192,100,0,0,-172,0,0,50,0,192,12,192,108,0,0,-168,0,0,50,0,384,100,192,132,0,0,-132,0,0,100,0,0,16,192,68,0,0,-168,0,0,100,0,0,88,192,140,0,0,-256,0,0,100,0,0,1344,192,256,0,
0,21,0,-256,0,0,100,0,192,1344,192,256,0,0,-256,0,1,0,0,960,0,192,256,0,84,-160,0,1,100,0,416,1344,32,32,0,84,-161,0,0,30,0,416,1344,32,32,0,48,-248,0,1,5,0,872,1228,96,152,0,70,-159,1,0,100,0,328,272,48,48,0,63,-163,0,1,5,0,128,1280,64,68,0,56,-140,0,1,100,0,192,128,80,60,0,32,-108,0,1,100,0,192,188,128,68,0,0,-234,0,0,50,0,576,0,192,128,0,56,-230,0,0,50,0,1304,640,88,96,0,56,-230,0,0,100,0,1216,640,88,96,0,52,-234,0,0,100,0,820,0,128,124,0,0,-256,0,1,0,0,1152,0,192,256,0,0,-256,0,1,0,0,1344,0,192,256,0,0,-168,0,1,50,0,384,0,192,100,0,0,-172,0,0,50,0,192,12,192,108,0,0,-168,0,0,50,0,384,100,192,132,0,0,-132,0,0,100,0,0,16,192,68,0,0,-168,0,0,100,0,0,88,192,140,0,0,-256,0,0,100,0,0,1344,192,256,0,
0,20,0,-256,0,0,100,0,192,1344,192,256,0,0,-256,0,1,0,0,960,0,192,256,0,84,-159,0,1,50,0,384,1344,32,32,0,84,-159,0,0,15,0,384,1344,32,32,0,48,-248,0,1,0,0,872,1228,96,152,0,70,-159,1,1,100,0,264,1296,48,48,0,70,-159,1,1,100,0,328,272,48,48,0,70,-159,1,0,100,0,328,272,48,48,0,63,-163,0,1,50,0,128,1280,64,64,0,48,-248,0,0,0,0,872,1228,96,152,0,56,-140,0,1,100,0,192,128,80,60,0,32,-108,0,1,100,0,192,188,128,68,0,56,-230,0,0,100,0,1216,256,88,96,0,52,-234,0,0,100,0,820,0,128,124,0,0,-256,0,1,100,0,1152,0,192,256,0,0,-256,0,1,0,0,1344,0,192,256,0,0,-168,0,1,100,0,384,0,192,100,0,0,-132,0,0,100,0,0,16,192,68,0,0,-168,0,0,100,0,0,88,192,140,0,0,-256,0,0,100,0,0,1344,192,256,0,
0,20,0,-256,0,0,100,0,192,1344,192,256,0,0,-256,0,1,0,0,960,0,192,256,0,84,-159,0,1,50,0,384,1344,32,32,0,84,-159,0,0,15,0,384,1344,32,32,0,48,-248,0,1,0,0,872,1228,96,152,0,70,-159,1,1,100,0,328,1296,48,48,0,70,-159,1,1,100,0,328,272,48,48,0,70,-159,1,0,100,0,328,272,48,48,0,63,-163,0,1,50,0,128,1280,64,64,0,48,-248,0,0,0,0,872,1228,96,152,0,56,-140,0,1,100,0,192,128,80,60,0,32,-108,0,1,100,0,192,188,128,68,0,56,-230,0,0,100,0,1216,640,88,96,0,52,-234,0,0,100,0,820,0,128,124,0,0,-256,0,1,100,0,1152,0,192,256,0,0,-256,0,1,0,0,1344,0,192,256,0,0,-168,0,1,100,0,384,0,192,100,0,0,-132,0,0,100,0,0,16,192,68,0,0,-168,0,0,100,0,0,88,192,140,0,0,-256,0,0,100,0,0,1344,192,256,0,
0,0,
0,0,
0,0,
0,0,
0,0,
0,15,0,-256,0,0,100,0,192,1344,192,256,0,0,-256,0,1,0,0,960,0,192,256,0,63,-163,0,1,50,0,128,1280,64,64,0,70,-159,0,0,100,0,8,336,48,48,0,71,-159,0,0,15,0,8,1296,48,48,0,56,-140,0,1,100,0,192,128,80,60,0,32,-108,0,1,100,0,192,188,128,68,0,56,-230,0,0,100,0,1216,640,88,96,0,52,-234,0,0,100,0,820,0,128,124,0,0,-256,0,1,100,0,1152,0,192,256,0,0,-256,0,1,0,0,1344,0,192,256,0,0,-168,0,1,100,0,384,0,192,100,0,0,-132,0,0,100,0,0,16,192,68,0,0,-168,0,0,100,0,0,88,192,140,0,0,-256,0,0,100,0,0,1344,192,256,0,
0,17,0,-256,0,0,100,0,192,1344,192,256,0,0,-256,0,1,0,0,960,0,192,256,0,70,-159,1,1,80,0,328,1296,48,48,0,70,-159,0,1,50,0,904,272,48,48,0,70,-159,0,0,100,0,904,272,48,48,0,34,-186,0,0,50,0,200,656,48,48,0,71,-159,0,0,15,0,8,1296,48,48,0,56,-140,0,1,100,0,192,128,80,60,0,32,-108,0,1,100,0,192,188,128,68,0,56,-230,0,0,100,0,1216,352,88,96,0,52,-234,0,0,100,0,820,0,128,124,0,0,-256,0,1,100,0,1152,0,192,256,0,0,-256,0,1,0,0,1344,0,192,256,0,0,-168,0,1,100,0,384,0,192,100,0,0,-132,0,0,100,0,0,16,192,68,0,0,-168,0,0,100,0,0,88,192,140,0,0,-256,0,0,100,0,0,1344,192,256,0,
0,18,0,-256,0,0,100,0,192,1344,192,256,0,0,-256,0,1,0,0,960,0,192,256,0,70,-159,1,1,50,0,328,1296,48,48,0,70,-159,0,1,25,0,904,272,48,48,0,70,-159,0,0,100,0,904,272,48,48,0,34,-184,0,0,75,0,200,656,48,48,0,71,-159,0,0,30,0,8,1296,48,48,0,34,-160,0,0,25,0,8,1296,48,48,0,56,-140,0,1,100,0,192,128,80,60,0,32,-108,0,1,100,0,192,188,128,68,0,56,-230,0,0,100,0,1216,640,88,96,0,52,-234,0,0,100,0,820,0,128,124,0,0,-256,0,1,100,0,1152,0,192,256,0,0,-256,0,1,0,0,1344,0,192,256,0,0,-168,0,1,100,0,384,0,192,100,0,0,-132,0,0,100,0,0,16,192,68,0,0,-168,0,0,100,0,0,88,192,140,0,0,-256,0,0,100,0,0,1344,192,256,0,
0,16,0,-256,0,0,100,0,192,1344,192,256,0,0,-256,0,1,0,0,960,0,192,256,0,70,-159,0,0,100,0,968,272,48,48,0,34,-176,0,0,100,0,200,656,48,48,0,71,-159,0,0,30,0,8,1296,48,48,0,34,-160,0,0,50,0,8,1296,48,48,0,56,-140,0,1,100,0,192,128,80,60,0,32,-108,0,1,100,0,192,188,128,68,0,56,-230,0,0,100,0,1216,640,88,96,0,52,-234,0,0,100,0,820,0,128,124,0,0,-256,0,1,100,0,1152,0,192,256,0,0,-256,0,1,0,0,1344,0,192,256,0,0,-168,0,1,100,0,384,0,192,100,0,0,-132,0,0,100,0,0,16,192,68,0,0,-168,0,0,100,0,0,88,192,140,0,0,-256,0,0,100,0,0,1344,192,256,0,
0,16,0,-256,0,0,100,0,192,1344,192,256,0,0,-256,0,1,0,0,960,0,192,256,0,70,-159,0,0,100,0,968,272,48,48,0,34,-168,0,0,100,0,200,656,48,48,0,71,-159,0,0,30,0,8,1296,48,48,0,34,-160,0,0,50,0,8,1296,48,48,0,56,-140,0,1,100,0,192,128,80,60,0,32,-108,0,1,100,0,192,188,128,68,0,56,-230,0,0,100,0,1216,640,88,96,0,52,-234,0,0,100,0,820,0,128,124,0,0,-256,0,1,100,0,1152,0,192,256,0,0,-256,0,1,0,0,1344,0,192,256,0,0,-168,0,1,100,0,384,0,192,100,0,0,-132,0,0,100,0,0,16,192,68,0,0,-168,0,0,100,0,0,88,192,140,0,0,-256,0,0,100,0,0,1344,192,256,0,
0,16,0,-256,0,0,100,0,192,1344,192,256,0,0,-256,0,1,0,0,960,0,192,256,0,70,-159,0,0,100,0,1032,272,48,48,0,34,-160,0,0,100,0,264,656,48,48,0,71,-159,0,0,30,0,8,1296,48,48,0,34,-160,0,0,50,0,8,1296,48,48,0,56,-140,0,1,100,0,192,128,80,60,0,32,-108,0,1,100,0,192,188,128,68,0,56,-230,0,0,100,0,1216,640,88,96,0,52,-234,0,0,100,0,820,0,128,124,0,0,-256,0,1,100,0,1152,0,192,256,0,0,-256,0,1,0,0,1344,0,192,256,0,0,-168,0,1,100,0,384,0,192,100,0,0,-132,0,0,100,0,0,16,192,68,0,0,-168,0,0,100,0,0,88,192,140,0,0,-256,0,0,100,0,0,1344,192,256,0,
0,16,0,-256,0,0,100,0,192,1344,192,256,0,0,-256,0,1,0,0,960,0,192,256,0,70,-159,0,0,100,0,1032,272,48,48,0,34,-160,0,0,100,0,328,656,48,48,0,71,-159,0,0,30,0,8,1296,48,48,0,34,-160,0,0,50,0,8,1296,48,48,0,56,-140,0,1,100,0,192,128,80,60,0,32,-108,0,1,100,0,192,188,128,68,0,56,-230,0,0,100,0,1216,352,88,96,0,52,-234,0,0,100,0,820,0,128,124,0,0,-256,0,1,100,0,1152,0,192,256,0,0,-256,0,1,0,0,1344,0,192,256,0,0,-168,0,1,100,0,384,0,192,100,0,0,-132,0,0,100,0,0,16,192,68,0,0,-168,0,0,100,0,0,88,192,140,0,0,-256,0,0,100,0,0,1344,192,256,0,
0,16,0,-256,0,0,100,0,192,1344,192,256,0,0,-256,0,1,0,0,960,0,192,256,0,70,-159,0,0,100,0,8,336,48,48,0,34,-160,0,0,100,0,328,656,48,48,0,71,-159,0,0,30,0,8,1296,48,48,0,34,-160,0,0,50,0,8,1296,48,48,0,56,-140,0,1,100,0,192,128,80,60,0,32,-108,0,1,100,0,192,188,128,68,0,56,-230,0,0,100,0,1216,640,88,96,0,52,-234,0,0,100,0,820,0,128,124,0,0,-256,0,1,100,0,1152,0,192,256,0,0,-256,0,1,0,0,1344,0,192,256,0,0,-168,0,1,100,0,384,0,192,100,0,0,-132,0,0,100,0,0,16,192,68,0,0,-168,0,0,100,0,0,88,192,140,0,0,-256,0,0,100,0,0,1344,192,256,0,
0,0,
0,0,
0,0,
0,0,
0,0,
0,0,
0,0,
0,16,0,-256,0,0,100,0,192,1344,192,256,0,0,-256,0,1,0,0,960,0,192,256,0,70,-159,0,0,100,0,8,336,48,48,0,34,-160,1,0,100,0,8,656,48,48,0,71,-159,0,0,30,0,8,1296,48,48,0,34,-160,0,0,50,0,8,1296,48,48,0,56,-140,0,1,100,0,192,128,80,60,0,32,-108,0,1,100,0,192,188,128,68,0,56,-230,0,0,100,0,1216,640,88,96,0,52,-234,0,0,100,0,820,0,128,124,0,0,-256,0,1,100,0,1152,0,192,256,0,0,-256,0,1,0,0,1344,0,192,256,0,0,-168,0,1,100,0,384,0,192,100,0,0,-132,0,0,100,0,0,16,192,68,0,0,-168,0,0,100,0,0,88,192,140,0,0,-256,0,0,100,0,0,1344,192,256,0,
0,18,0,-256,0,0,100,0,192,1344,192,256,0,0,-256,0,1,0,0,960,0,192,256,0,81,-154,0,0,50,0,200,464,48,48,0,70,-159,0,0,100,0,8,336,48,48,0,34,-160,1,0,100,0,8,656,48,48,0,81,-134,0,0,25,0,8,1296,48,48,0,71,-159,0,0,30,0,8,1296,48,48,0,34,-160,0,0,50,0,8,1296,48,48,0,56,-140,0,1,100,0,192,128,80,60,0,32,-108,0,1,100,0,192,188,128,68,0,56,-230,0,0,100,0,1216,544,88,96,0,52,-234,0,0,100,0,820,0,128,124,0,0,-256,0,1,100,0,1152,0,192,256,0,0,-256,0,1,0,0,1344,0,192,256,0,0,-168,0,1,100,0,384,0,192,100,0,0,-132,0,0,100,0,0,16,192,68,0,0,-168,0,0,100,0,0,88,192,140,0,0,-256,0,0,100,0,0,1344,192,256,0,
0,18,0,-256,0,0,100,0,192,1344,192,256,0,0,-256,0,1,0,0,960,0,192,256,0,81,-150,0,0,75,0,200,464,48,48,0,70,-159,0,0,100,0,72,336,48,48,0,34,-160,1,0,100,0,8,656,48,48,0,81,-134,0,0,50,0,8,1296,48,48,0,71,-159,0,0,30,0,8,1296,48,48,0,34,-160,0,0,50,0,8,1296,48,48,0,56,-140,0,1,100,0,192,128,80,60,0,32,-108,0,1,100,0,192,188,128,68,0,56,-230,0,0,100,0,1216,640,88,96,0,52,-234,0,0,100,0,820,0,128,124,0,0,-256,0,1,100,0,1152,0,192,256,0,0,-256,0,1,0,0,1344,0,192,256,0,0,-168,0,1,100,0,384,0,192,100,0,0,-132,0,0,100,0,0,16,192,68,0,0,-168,0,0,100,0,0,88,192,140,0,0,-256,0,0,100,0,0,1344,192,256,0,
0,18,0,-256,0,0,100,0,192,1344,192,256,0,0,-256,0,1,0,0,960,0,192,256,0,81,-142,0,0,100,0,200,464,48,48,0,70,-159,0,0,100,0,72,336,48,48,0,34,-160,1,0,100,0,8,656,48,48,0,81,-134,0,0,50,0,8,1296,48,48,0,71,-159,0,0,30,0,8,1296,48,48,0,34,-160,0,0,50,0,8,1296,48,48,0,56,-140,0,1,100,0,192,128,80,60,0,32,-108,0,1,100,0,192,188,128,68,0,56,-230,0,0,100,0,1216,640,88,96,0,52,-234,0,0,100,0,820,0,128,124,0,0,-256,0,1,100,0,1152,0,192,256,0,0,-256,0,1,0,0,1344,0,192,256,0,0,-168,0,1,100,0,384,0,192,100,0,0,-132,0,0,100,0,0,16,192,68,0,0,-168,0,0,100,0,0,88,192,140,0,0,-256,0,0,100,0,0,1344,192,256,0,
0,18,0,-256,0,0,100,0,192,1344,192,256,0,0,-256,0,1,0,0,960,0,192,256,0,81,-134,0,0,100,0,200,464,48,48,0,70,-159,0,0,100,0,136,336,48,48,0,34,-160,1,0,100,0,8,656,48,48,0,81,-134,0,0,50,0,8,1296,48,48,0,71,-159,0,0,30,0,8,1296,48,48,0,34,-160,0,0,50,0,8,1296,48,48,0,56,-140,0,1,100,0,192,128,80,60,0,32,-108,0,1,100,0,192,188,128,68,0,56,-230,0,0,100,0,1216,640,88,96,0,52,-234,0,0,100,0,820,0,128,124,0,0,-256,0,1,100,0,1152,0,192,256,0,0,-256,0,1,0,0,1344,0,192,256,0,0,-168,0,1,100,0,384,0,192,100,0,0,-132,0,0,100,0,0,16,192,68,0,0,-168,0,0,100,0,0,88,192,140,0,0,-256,0,0,100,0,0,1344,192,256,0,
0,18,0,-256,0,0,100,0,192,1344,192,256,0,70,-159,0,0,100,0,136,336,48,48,0,34,-160,1,0,100,0,8,656,48,48,0,81,-134,0,0,100,0,264,464,48,48,0,81,-134,0,0,50,0,8,1296,48,48,0,71,-159,0,0,30,0,8,1296,48,48,0,34,-160,0,0,50,0,8,1296,48,48,0,56,-140,0,1,100,0,192,128,80,60,0,32,-108,0,1,100,0,192,188,128,68,0,56,-230,0,0,100,0,1216,352,88,96,0,52,-234,0,0,100,0,820,0,128,124,0,0,-256,0,1,100,0,960,0,192,256,0,0,-256,0,1,100,0,1152,0,192,256,0,0,-256,0,1,0,0,1344,0,192,256,0,0,-168,0,1,100,0,384,0,192,100,0,0,-132,0,0,100,0,0,16,192,68,0,0,-168,0,0,100,0,0,88,192,140,0,0,-256,0,0,100,0,0,1344,192,256,0,
0,18,0,-256,0,0,100,0,192,1344,192,256,0,70,-159,0,0,100,0,200,336,48,48,0,34,-160,1,0,100,0,8,656,48,48,0,81,-134,0,0,100,0,328,464,48,48,0,81,-134,0,0,50,0,8,1296,48,48,0,71,-159,0,0,30,0,8,1296,48,48,0,34,-160,0,0,50,0,8,1296,48,48,0,56,-140,0,1,100,0,192,128,80,60,0,32,-108,0,1,100,0,192,188,128,68,0,56,-230,0,0,100,0,1216,640,88,96,0,52,-234,0,0,100,0,820,0,128,124,0,0,-256,0,1,100,0,960,0,192,256,0,0,-256,0,1,100,0,1152,0,192,256,0,0,-256,0,1,0,0,1344,0,192,256,0,0,-168,0,1,100,0,384,0,192,100,0,0,-132,0,0,100,0,0,16,192,68,0,0,-168,0,0,100,0,0,88,192,140,0,0,-256,0,0,100,0,0,1344,192,256,0,
0,18,0,-256,0,0,100,0,192,1344,192,256,0,70,-159,0,0,100,0,200,336,48,48,0,34,-160,1,0,100,0,8,656,48,48,0,81,-134,0,0,100,0,328,464,48,48,0,81,-134,0,0,50,0,8,1296,48,48,0,71,-159,0,0,30,0,8,1296,48,48,0,34,-160,0,0,50,0,8,1296,48,48,0,56,-140,0,1,100,0,192,128,80,60,0,32,-108,0,1,100,0,192,188,128,68,0,56,-230,0,0,100,0,1216,640,88,96,0,52,-234,0,0,100,0,820,0,128,124,0,0,-256,0,1,100,0,960,0,192,256,0,0,-256,0,1,100,0,1152,0,192,256,0,0,-256,0,1,0,0,1344,0,192,256,0,0,-168,0,1,100,0,384,0,192,100,0,0,-132,0,0,100,0,0,16,192,68,0,0,-168,0,0,100,0,0,88,192,140,0,0,-256,0,0,100,0,0,1344,192,256,0,
0,0,
0,0,
0,0,
0,0,
0,0,
0,0,
0,0,
0,22,0,-256,0,0,100,0,192,1344,192,256,0,81,-134,0,0,100,0,136,464,48,48,0,70,-159,0,0,100,0,8,336,48,48,0,110,-149,0,0,100,0,8,912,48,48,0,54,-177,0,0,100,0,8,912,48,48,0,34,-160,1,0,100,0,8,656,48,48,0,110,-149,0,0,50,0,8,1296,48,48,0,54,-177,0,0,50,0,8,1296,48,48,0,81,-134,0,0,50,0,8,1296,48,48,0,71,-159,0,0,30,0,8,1296,48,48,0,34,-160,0,0,50,0,8,1296,48,48,0,56,-140,0,1,100,0,192,128,80,60,0,32,-108,0,1,100,0,192,188,128,68,0,56,-230,0,0,100,0,1216,640,88,96,0,52,-234,0,0,100,0,820,0,128,124,0,0,-256,0,1,100,0,960,0,192,256,0,0,-256,0,1,100,0,1152,0,192,256,0,0,-256,0,1,0,0,1344,0,192,256,0,0,-168,0,1,100,0,384,0,192,100,0,0,-132,0,0,100,0,0,16,192,68,0,0,-168,0,0,100,0,0,88,192,140,0,0,-256,0,0,100,0,0,1344,192,256,0,
0,22,0,-256,0,0,100,0,192,1344,192,256,0,81,-134,0,0,100,0,136,464,48,48,0,70,-159,0,0,100,0,8,336,48,48,0,110,-149,0,0,50,0,328,912,48,48,0,54,-177,0,0,50,0,328,912,48,48,0,34,-160,1,0,100,0,8,656,48,48,0,110,-149,0,0,50,0,8,1296,48,48,0,54,-177,0,0,50,0,8,1296,48,48,0,81,-134,0,0,50,0,8,1296,48,48,0,71,-159,0,0,30,0,8,1296,48,48,0,34,-160,0,0,50,0,8,1296,48,48,0,56,-140,0,1,100,0,192,128,80,60,0,32,-108,0,1,100,0,192,188,128,68,0,56,-230,0,0,100,0,1216,448,88,96,0,52,-234,0,0,100,0,820,0,128,124,0,0,-256,0,1,100,0,960,0,192,256,0,0,-256,0,1,100,0,1152,0,192,256,0,0,-256,0,1,0,0,1344,0,192,256,0,0,-168,0,1,100,0,384,0,192,100,0,0,-132,0,0,100,0,0,16,192,68,0,0,-168,0,0,100,0,0,88,192,140,0,0,-256,0,0,100,0,0,1344,192,256,0,
0,22,0,-256,0,0,100,0,192,1344,192,256,0,81,-134,0,0,100,0,136,464,48,48,0,70,-159,0,0,100,0,8,336,48,48,0,110,-149,0,0,75,0,392,912,48,48,0,54,-177,0,0,75,0,392,912,48,48,0,34,-160,1,0,100,0,8,656,48,48,0,110,-149,0,0,50,0,8,1296,48,48,0,54,-177,0,0,50,0,8,1296,48,48,0,81,-134,0,0,50,0,8,1296,48,48,0,71,-159,0,0,30,0,8,1296,48,48,0,34,-160,0,0,50,0,8,1296,48,48,0,56,-140,0,1,100,0,192,128,80,60,0,32,-108,0,1,100,0,192,188,128,68,0,56,-230,0,0,100,0,1216,640,88,96,0,52,-234,0,0,100,0,820,0,128,124,0,0,-256,0,1,100,0,960,0,192,256,0,0,-256,0,1,100,0,1152,0,192,256,0,0,-256,0,1,0,0,1344,0,192,256,0,0,-168,0,1,100,0,384,0,192,100,0,0,-132,0,0,100,0,0,16,192,68,0,0,-168,0,0,100,0,0,88,192,140,0,0,-256,0,0,100,0,0,1344,192,256,0,
0,22,0,-256,0,0,100,0,192,1344,192,256,0,81,-134,0,0,100,0,136,464,48,48,0,70,-159,0,0,100,0,72,336,48,48,0,110,-149,0,0,100,0,456,912,48,48,0,54,-177,0,0,100,0,456,912,48,48,0,34,-160,1,0,100,0,8,656,48,48,0,110,-149,0,0,50,0,8,1296,48,48,0,54,-177,0,0,50,0,8,1296,48,48,0,81,-134,0,0,50,0,8,1296,48,48,0,71,-159,0,0,30,0,8,1296,48,48,0,34,-160,0,0,50,0,8,1296,48,48,0,56,-140,0,1,100,0,192,128,80,60,0,32,-108,0,1,100,0,192,188,128,68,0,56,-230,0,0,100,0,1216,448,88,96,0,52,-234,0,0,100,0,820,0,128,124,0,0,-256,0,1,100,0,960,0,192,256,0,0,-256,0,1,100,0,1152,0,192,256,0,0,-256,0,1,0,0,1344,0,192,256,0,0,-168,0,1,100,0,384,0,192,100,0,0,-132,0,0,100,0,0,16,192,68,0,0,-168,0,0,100,0,0,88,192,140,0,0,-256,0,0,100,0,0,1344,192,256,0,
0,22,0,-256,0,0,100,0,192,1344,192,256,0,81,-134,0,0,100,0,136,464,48,48,0,70,-159,0,0,100,0,72,336,48,48,0,110,-149,0,0,100,0,520,912,48,48,0,54,-177,0,0,100,0,520,912,48,48,0,34,-160,1,0,100,0,8,656,48,48,0,110,-149,0,0,50,0,8,1296,48,48,0,54,-177,0,0,50,0,8,1296,48,48,0,81,-134,0,0,50,0,8,1296,48,48,0,71,-159,0,0,30,0,8,1296,48,48,0,34,-160,0,0,50,0,8,1296,48,48,0,56,-140,0,1,100,0,192,128,80,60,0,32,-108,0,1,100,0,192,188,128,68,0,56,-230,0,0,100,0,1216,640,88,96,0,52,-234,0,0,100,0,820,0,128,124,0,0,-256,0,1,100,0,960,0,192,256,0,0,-256,0,1,100,0,1152,0,192,256,0,0,-256,0,1,0,0,1344,0,192,256,0,0,-168,0,1,100,0,384,0,192,100,0,0,-132,0,0,100,0,0,16,192,68,0,0,-168,0,0,100,0,0,88,192,140,0,0,-256,0,0,100,0,0,1344,192,256,0,
0,22,0,-256,0,0,100,0,192,1344,192,256,0,81,-134,0,0,100,0,136,464,48,48,0,70,-159,0,0,100,0,136,336,48,48,0,110,-153,0,0,100,0,584,912,48,48,0,54,-181,0,0,100,0,584,912,48,48,0,34,-160,1,0,100,0,8,656,48,48,0,110,-149,0,0,50,0,8,1296,48,48,0,54,-177,0,0,50,0,8,1296,48,48,0,81,-134,0,0,50,0,8,1296,48,48,0,71,-159,0,0,30,0,8,1296,48,48,0,34,-160,0,0,50,0,8,1296,48,48,0,56,-230,0,0,100,0,1216,448,88,96,0,52,-234,0,0,100,0,820,0,128,124,0,0,-256,0,1,100,0,960,0,192,256,0,0,-256,0,1,100,0,1152,0,192,256,0,0,-256,0,1,0,0,1344,0,192,256,0,56,-140,0,1,100,0,192,128,80,60,0,32,-108,0,1,100,0,192,188,128,68,0,0,-168,0,1,100,0,384,0,192,100,0,0,-132,0,0,100,0,0,16,192,68,0,0,-168,0,0,100,0,0,88,192,140,0,0,-256,0,0,100,0,0,1344,192,256,0,
0,22,0,-256,0,0,100,0,192,1344,192,256,0,81,-134,0,0,100,0,136,464,48,48,0,70,-159,0,0,100,0,136,336,48,48,0,110,-149,0,0,100,0,648,912,48,48,0,54,-177,0,0,100,0,648,912,48,48,0,34,-160,1,0,100,0,8,656,48,48,0,110,-149,0,0,50,0,8,1296,48,48,0,54,-177,0,0,50,0,8,1296,48,48,0,81,-134,0,0,50,0,8,1296,48,48,0,71,-159,0,0,30,0,8,1296,48,48,0,34,-160,0,0,50,0,8,1296,48,48,0,56,-140,0,1,100,0,192,128,80,60,0,32,-108,0,1,100,0,192,188,128,68,0,56,-230,0,0,100,0,1216,640,88,96,0,52,-234,0,0,100,0,820,0,128,124,0,0,-256,0,1,100,0,960,0,192,256,0,0,-256,0,1,100,0,1152,0,192,256,0,0,-256,0,1,0,0,1344,0,192,256,0,0,-168,0,1,100,0,384,0,192,100,0,0,-132,0,0,100,0,0,16,192,68,0,0,-168,0,0,100,0,0,88,192,140,0,0,-256,0,0,100,0,0,1344,192,256,0,
0,22,0,-256,0,0,100,0,192,1344,192,256,0,81,-134,0,0,100,0,136,464,48,48,0,70,-159,0,0,100,0,200,336,48,48,0,110,-149,0,0,100,0,456,912,48,48,0,54,-177,0,0,100,0,456,912,48,48,0,34,-160,1,0,100,0,8,656,48,48,0,110,-149,0,0,50,0,8,1296,48,48,0,54,-177,0,0,50,0,8,1296,48,48,0,81,-134,0,0,50,0,8,1296,48,48,0,71,-159,0,0,30,0,8,1296,48,48,0,34,-160,0,0,50,0,8,1296,48,48,0,56,-140,0,1,100,0,192,128,80,60,0,32,-108,0,1,100,0,192,188,128,68,0,56,-230,0,0,100,0,1216,640,88,96,0,52,-234,0,0,100,0,820,0,128,124,0,0,-256,0,1,100,0,960,0,192,256,0,0,-256,0,1,100,0,1152,0,192,256,0,0,-256,0,1,0,0,1344,0,192,256,0,0,-168,0,1,100,0,384,0,192,100,0,0,-132,0,0,100,0,0,16,192,68,0,0,-168,0,0,100,0,0,88,192,140,0,0,-256,0,0,100,0,0,1344,192,256,0,
0,22,0,-256,0,0,100,0,192,1344,192,256,0,81,-134,0,0,100,0,136,464,48,48,0,70,-159,0,0,100,0,200,336,48,48,0,110,-149,0,0,100,0,72,912,48,48,0,54,-177,0,0,100,0,72,912,48,48,0,34,-160,1,0,100,0,8,656,48,48,0,110,-149,0,0,50,0,8,1296,48,48,0,54,-177,0,0,50,0,8,1296,48,48,0,81,-134,0,0,50,0,8,1296,48,48,0,71,-159,0,0,30,0,8,1296,48,48,0,34,-160,0,0,50,0,8,1296,48,48,0,56,-140,0,1,100,0,192,128,80,60,0,32,-108,0,1,100,0,192,188,128,68,0,56,-230,0,0,100,0,1216,352,88,96,0,52,-234,0,0,100,0,820,0,128,124,0,0,-256,0,1,100,0,960,0,192,256,0,0,-256,0,1,100,0,1152,0,192,256,0,0,-256,0,1,100,0,1344,0,192,256,0,0,-168,0,1,100,0,384,0,192,100,0,0,-132,0,0,100,0,0,16,192,68,0,0,-168,0,0,100,0,0,88,192,140,0,0,-256,0,0,100,0,0,1344,192,256,0,
0,22,0,-256,0,0,100,0,192,1344,192,256,0,81,-134,0,0,100,0,136,464,48,48,0,70,-159,0,0,100,0,8,336,48,48,0,110,-149,0,0,100,0,72,912,48,48,0,54,-177,0,0,100,0,72,912,48,48,0,34,-160,1,0,100,0,8,656,48,48,0,110,-149,0,0,50,0,8,1296,48,48,0,54,-177,0,0,50,0,8,1296,48,48,0,81,-134,0,0,50,0,8,1296,48,48,0,71,-159,0,0,30,0,8,1296,48,48,0,34,-160,0,0,50,0,8,1296,48,48,0,56,-140,0,1,100,0,192,128,80,60,0,32,-108,0,1,100,0,192,188,128,68,0,56,-230,0,0,100,0,1216,640,88,96,0,52,-234,0,0,100,0,820,0,128,124,0,0,-256,0,1,100,0,960,0,192,256,0,0,-256,0,1,100,0,1152,0,192,256,0,0,-256,0,1,100,0,1344,0,192,256,0,0,-168,0,1,100,0,384,0,192,100,0,0,-132,0,0,100,0,0,16,192,68,0,0,-168,0,0,100,0,0,88,192,140,0,0,-256,0,0,100,0,0,1344,192,256,0,
0,0,
0,0,
0,0,
0,0,
0,0,
0,0,
0,22,0,-256,0,0,100,0,192,1344,192,256,0,81,-134,0,0,100,0,456,464,48,48,0,70,-159,0,0,100,0,8,336,48,48,0,110,-149,0,0,100,0,8,912,48,48,0,54,-177,0,0,100,0,8,912,48,48,0,34,-160,0,0,100,0,584,656,48,48,0,110,-149,0,0,50,0,8,1296,48,48,0,54,-177,0,0,50,0,8,1296,48,48,0,81,-134,0,0,50,0,8,1296,48,48,0,71,-159,0,0,30,0,8,1296,48,48,0,34,-160,0,0,50,0,8,1296,48,48,0,56,-140,0,1,100,0,192,128,80,60,0,32,-108,0,1,100,0,192,188,128,68,0,56,-230,0,0,100,0,1216,640,88,96,0,52,-234,0,0,100,0,820,0,128,124,0,0,-256,0,1,100,0,960,0,192,256,0,0,-256,0,1,100,0,1152,0,192,256,0,0,-256,0,1,100,0,1344,0,192,256,0,0,-168,0,1,100,0,384,0,192,100,0,0,-132,0,0,100,0,0,16,192,68,0,0,-168,0,0,100,0,0,88,192,140,0,0,-256,0,0,100,0,0,1344,192,256,0,
0,22,0,-256,0,0,100,0,192,1344,192,256,0,81,-134,0,0,100,0,520,464,48,48,0,70,-159,0,0,100,0,72,336,48,48,0,110,-149,0,0,100,0,136,912,48,48,0,54,-177,0,0,100,0,136,912,48,48,0,34,-160,0,0,100,0,648,656,48,48,0,110,-149,0,0,50,0,8,1296,48,48,0,54,-177,0,0,50,0,8,1296,48,48,0,81,-132,0,0,50,0,8,1296,48,48,0,71,-159,0,0,30,0,8,1296,48,48,0,34,-160,0,0,50,0,8,1296,48,48,0,56,-140,0,1,100,0,192,128,80,60,0,32,-108,0,1,100,0,192,188,128,68,0,56,-230,0,0,100,0,1216,640,88,96,0,52,-234,0,0,100,0,820,0,128,124,0,0,-256,0,1,100,0,960,0,192,256,0,0,-256,0,1,100,0,1152,0,192,256,0,0,-256,0,1,100,0,1344,0,192,256,0,0,-168,0,1,100,0,384,0,192,100,0,0,-132,0,0,100,0,0,16,192,68,0,0,-168,0,0,100,0,0,88,192,140,0,0,-256,0,0,100,0,0,1344,192,256,0,
0,22,0,-256,0,0,100,0,192,1344,192,256,0,81,-134,0,0,100,0,520,464,48,48,0,70,-159,0,0,100,0,72,336,48,48,0,110,-149,0,0,100,0,200,912,48,48,0,54,-177,0,0,100,0,200,912,48,48,0,34,-160,0,0,100,0,712,656,48,48,0,110,-149,0,0,50,0,8,1296,48,48,0,54,-177,0,0,50,0,8,1296,48,48,0,81,-132,0,0,50,0,8,1296,48,48,0,71,-159,0,0,30,0,8,1296,48,48,0,34,-160,0,0,50,0,8,1296,48,48,0,56,-140,0,1,100,0,192,128,80,60,0,32,-108,0,1,100,0,192,188,128,68,0,56,-230,0,0,100,0,1216,640,88,96,0,52,-234,0,0,100,0,820,0,128,124,0,0,-256,0,1,100,0,960,0,192,256,0,0,-256,0,1,100,0,1152,0,192,256,0,0,-256,0,1,100,0,1344,0,192,256,0,0,-168,0,1,100,0,384,0,192,100,0,0,-132,0,0,100,0,0,16,192,68,0,0,-168,0,0,100,0,0,88,192,140,0,0,-256,0,0,100,0,0,1344,192,256,0,
0,0,
0,0,
0,0,
0,0,
0,0,
0,0,
0,0,
0,22,0,-256,0,0,100,0,192,1344,192,256,0,81,-134,0,0,100,0,584,464,48,48,0,70,-159,0,0,100,0,136,336,48,48,0,110,-149,0,0,100,0,264,912,48,48,0,35,-162,0,0,100,0,704,656,56,48,0,54,-177,0,0,100,0,264,912,48,48,0,110,-149,0,0,50,0,8,1296,48,48,0,54,-177,0,0,50,0,8,1296,48,48,0,81,-131,0,0,50,0,8,1296,48,48,0,70,-159,0,0,30,0,8,1296,48,48,0,41,-162,0,0,50,0,8,1296,48,48,0,0,-256,0,1,100,0,960,0,192,256,0,56,-140,0,1,100,0,192,128,80,60,0,32,-108,0,1,100,0,192,188,128,68,0,56,-230,0,0,100,0,1216,544,88,96,0,52,-234,0,0,100,0,820,0,128,124,0,0,-256,0,1,100,0,1152,0,192,256,0,0,-256,0,1,100,0,1344,0,192,256,0,0,-168,0,1,100,0,384,0,192,100,0,0,-132,0,0,100,0,0,16,192,68,0,0,-168,0,0,100,0,0,88,192,140,0,0,-256,0,0,100,0,0,1344,192,256,0,
0,22,0,-256,0,0,100,0,192,1344,192,256,0,81,-134,0,0,100,0,584,464,48,48,0,70,-159,0,0,100,0,136,336,48,48,0,110,-149,0,0,100,0,72,912,48,48,0,36,-163,0,0,100,0,704,656,56,48,0,54,-177,0,0,100,0,72,912,48,48,0,110,-149,0,0,50,0,8,1296,48,48,0,54,-177,0,0,50,0,8,1296,48,48,0,81,-131,0,0,50,0,8,1296,48,48,0,70,-159,0,0,30,0,8,1296,48,48,0,41,-163,0,0,50,0,8,1296,48,48,0,0,-256,0,1,100,0,960,0,192,256,0,56,-140,0,1,100,0,192,128,80,60,0,32,-108,0,1,100,0,192,188,128,68,0,56,-230,0,0,100,0,1216,640,88,96,0,52,-234,0,0,100,0,820,0,128,124,0,0,-256,0,1,100,0,1152,0,192,256,0,0,-256,0,1,100,0,1344,0,192,256,0,0,-168,0,1,100,0,384,0,192,100,0,0,-132,0,0,100,0,0,16,192,68,0,0,-168,0,0,100,0,0,88,192,140,0,0,-256,0,0,100,0,0,1344,192,256,0,
0,23,0,-256,0,0,100,0,192,1344,192,256,0,81,-134,0,0,100,0,520,464,48,48,0,70,-159,0,0,100,0,200,336,48,48,0,110,-149,0,0,100,0,136,912,48,48,0,32,-188,0,1,100,0,392,1408,64,64,0,35,-163,0,0,100,0,776,656,56,48,0,54,-177,0,0,100,0,136,912,48,48,0,110,-149,0,0,50,0,8,1296,48,48,0,54,-177,0,0,50,0,8,1296,48,48,0,81,-131,0,0,50,0,8,1296,48,48,0,70,-159,0,0,30,0,8,1296,48,48,0,42,-164,0,0,50,0,8,1296,48,48,0,0,-256,0,1,100,0,960,0,192,256,0,56,-140,0,1,100,0,192,128,80,60,0,32,-108,0,1,100,0,192,188,128,68,0,56,-230,0,0,100,0,1216,640,88,96,0,52,-234,0,0,100,0,820,0,128,124,0,0,-256,0,1,100,0,1152,0,192,256,0,0,-256,0,1,100,0,1344,0,192,256,0,0,-168,0,1,100,0,384,0,192,100,0,0,-132,0,0,100,0,0,16,192,68,0,0,-168,0,0,100,0,0,88,192,140,0,0,-256,0,0,100,0,0,1344,192,256,0,
0,24,0,-256,0,0,100,0,192,1344,192,256,0,81,-134,0,0,100,0,520,464,48,48,0,70,-159,0,0,100,0,200,336,48,48,0,110,-149,0,0,100,0,200,912,48,48,0,32,-200,0,1,100,0,392,1472,60,52,0,32,-188,0,1,100,0,456,1408,64,64,0,35,-163,0,0,100,0,832,656,64,48,0,54,-177,0,0,100,0,776,912,48,48,0,110,-149,0,0,50,0,8,1296,48,48,0,54,-177,0,0,50,0,8,1296,48,48,0,81,-131,0,0,50,0,8,1296,48,48,0,70,-159,0,0,30,0,8,1296,48,48,0,39,-164,0,0,50,0,8,1296,48,48,0,0,-256,0,1,100,0,960,0,192,256,0,56,-140,0,1,100,0,192,128,80,60,0,32,-108,0,1,100,0,192,188,128,68,0,56,-230,0,0,100,0,1216,352,88,96,0,52,-234,0,0,100,0,820,0,128,124,0,0,-256,0,1,100,0,1152,0,192,256,0,0,-256,0,1,100,0,1344,0,192,256,0,0,-168,0,1,100,0,384,0,192,100,0,0,-132,0,0,100,0,0,16,192,68,0,0,-168,0,0,100,0,0,88,192,140,0,0,-256,0,0,100,0,0,1344,192,256,0,
0,23,0,-256,0,0,100,0,192,1344,192,256,0,81,-134,0,0,100,0,584,464,48,48,0,70,-159,0,0,100,0,8,336,48,48,0,110,-149,0,0,100,0,264,912,48,48,0,32,-200,0,1,100,0,452,1476,60,52,0,35,-163,0,0,100,0,896,656,64,48,0,55,-183,0,0,100,0,840,912,48,48,0,110,-149,0,0,50,0,8,1296,48,48,0,54,-181,0,0,50,0,8,1296,48,48,0,81,-131,0,0,50,0,8,1296,48,48,0,70,-159,0,0,30,0,8,1296,48,48,0,39,-164,0,0,50,0,8,1296,48,48,0,0,-256,0,1,100,0,960,0,192,256,0,56,-140,0,1,100,0,192,128,80,60,0,32,-108,0,1,100,0,192,188,128,68,0,56,-230,0,0,100,0,1216,640,88,96,0,52,-234,0,0,100,0,820,0,128,124,0,0,-256,0,1,100,0,1152,0,192,256,0,0,-256,0,1,100,0,1344,0,192,256,0,0,-168,0,1,100,0,384,0,192,100,0,0,-132,0,0,100,0,0,16,192,68,0,0,-168,0,0,100,0,0,88,192,140,0,0,-256,0,0,100,0,0,1344,192,256,0,
0,22,0,-256,0,0,100,0,192,1344,192,256,0,81,-134,0,0,100,0,584,464,48,48,0,70,-159,0,0,100,0,8,336,48,48,0,110,-149,0,0,100,0,72,912,48,48,0,35,-163,0,0,100,0,896,656,64,48,0,56,-188,0,0,100,0,840,912,48,48,0,110,-149,0,0,50,0,8,1296,48,48,0,56,-183,0,0,50,0,8,1296,48,48,0,81,-131,0,0,50,0,8,1296,48,48,0,70,-159,0,0,30,0,8,1296,48,48,0,39,-164,0,0,50,0,8,1296,48,48,0,56,-140,0,1,100,0,192,128,80,60,0,32,-108,0,1,100,0,192,188,128,68,0,56,-230,0,0,100,0,1216,640,88,96,0,52,-234,0,0,100,0,820,0,128,124,0,0,-256,0,1,100,0,960,0,192,256,0,0,-256,0,1,100,0,1152,0,192,256,0,0,-256,0,1,100,0,1344,0,192,256,0,0,-168,0,1,100,0,384,0,192,100,0,0,-132,0,0,100,0,0,16,192,68,0,0,-168,0,0,100,0,0,88,192,140,0,0,-256,0,0,100,0,0,1344,192,256,0,
0,22,0,-256,0,0,100,0,192,1344,192,256,0,81,-134,0,0,100,0,520,464,48,48,0,70,-159,0,0,100,0,72,336,48,48,0,110,-149,0,0,100,0,136,912,48,48,0,35,-163,0,0,100,0,896,656,64,48,0,60,-192,0,0,100,0,8,976,48,48,0,110,-149,0,0,50,0,8,1296,48,48,0,81,-131,0,0,50,0,8,1296,48,48,0,70,-159,0,0,30,0,8,1296,48,48,0,39,-164,0,0,50,0,8,1296,48,48,0,58,-189,0,0,50,0,8,1296,48,48,0,56,-140,0,1,100,0,192,128,80,60,0,32,-108,0,1,100,0,192,188,128,68,0,56,-230,0,0,100,0,1216,640,88,96,0,52,-234,0,0,100,0,820,0,128,124,0,0,-256,0,1,100,0,960,0,192,256,0,0,-256,0,1,100,0,1152,0,192,256,0,0,-256,0,1,100,0,1344,0,192,256,0,0,-168,0,1,100,0,384,0,192,100,0,0,-132,0,0,100,0,0,16,192,68,0,0,-168,0,0,100,0,0,88,192,140,0,0,-256,0,0,100,0,0,1344,192,256,0,
0,22,0,-256,0,0,100,0,192,1344,192,256,0,81,-134,0,0,100,0,520,464,48,48,0,70,-159,0,0,100,0,72,336,48,48,0,110,-149,0,0,100,0,200,912,48,48,0,35,-163,0,0,100,0,896,656,64,48,0,60,-192,0,0,100,0,72,976,48,48,0,110,-149,0,0,50,0,8,1296,48,48,0,81,-131,0,0,50,0,8,1296,48,48,0,70,-159,0,0,30,0,8,1296,48,48,0,39,-164,0,0,50,0,8,1296,48,48,0,58,-189,0,0,50,0,8,1296,48,48,0,56,-140,0,1,100,0,192,128,80,60,0,32,-108,0,1,100,0,192,188,128,68,0,56,-230,0,0,100,0,1216,640,88,96,0,52,-234,0,0,100,0,820,0,128,124,0,0,-256,0,1,100,0,960,0,192,256,0,0,-256,0,1,100,0,1152,0,192,256,0,0,-256,0,1,100,0,1344,0,192,256,0,0,-168,0,1,100,0,384,0,192,100,0,0,-132,0,0,100,0,0,16,192,68,0,0,-168,0,0,100,0,0,88,192,140,0,0,-256,0,0,100,0,0,1344,192,256,0,
0,22,0,-256,0,0,100,0,192,1344,192,256,0,81,-134,0,0,100,0,584,464,48,48,0,70,-159,0,0,100,0,136,336,48,48,0,110,-149,0,0,100,0,264,912,48,48,0,35,-163,0,0,100,0,896,656,64,48,0,60,-184,0,0,100,0,136,976,48,48,0,110,-149,0,0,50,0,8,1296,48,48,0,81,-131,0,0,50,0,8,1296,48,48,0,70,-159,0,0,30,0,8,1296,48,48,0,39,-164,0,0,50,0,8,1296,48,48,0,56,-140,0,1,100,0,192,128,80,60,0,32,-108,0,1,100,0,192,188,128,68,0,56,-230,0,0,100,0,1216,448,88,96,0,52,-234,0,0,100,0,820,0,128,124,0,52,-183,0,0,50,0,200,1296,48,48,0,0,-256,0,1,100,0,960,0,192,256,0,0,-256,0,1,100,0,1152,0,192,256,0,0,-256,0,1,100,0,1344,0,192,256,0,0,-168,0,1,100,0,384,0,192,100,0,0,-132,0,0,100,0,0,16,192,68,0,0,-168,0,0,100,0,0,88,192,140,0,0,-256,0,0,100,0,0,1344,192,256,0,
0,22,0,-256,0,0,100,0,192,1344,192,256,0,81,-134,0,0,100,0,584,464,48,48,0,70,-159,0,0,100,0,136,336,48,48,0,110,-149,0,0,100,0,72,912,48,48,0,35,-163,0,0,100,0,896,656,64,48,0,60,-184,0,0,100,0,136,976,48,48,0,110,-149,0,0,50,0,8,1296,48,48,0,81,-131,0,0,50,0,8,1296,48,48,0,70,-159,0,0,30,0,8,1296,48,48,0,39,-164,0,0,50,0,8,1296,48,48,0,56,-140,0,1,100,0,192,128,80,60,0,32,-108,0,1,100,0,192,188,128,68,0,56,-230,0,0,100,0,1216,640,88,96,0,52,-234,0,0,100,0,820,0,128,124,0,52,-183,0,0,50,0,200,1296,48,48,0,0,-256,0,1,100,0,960,0,192,256,0,0,-256,0,1,100,0,1152,0,192,256,0,0,-256,0,1,100,0,1344,0,192,256,0,0,-168,0,1,100,0,384,0,192,100,0,0,-132,0,0,100,0,0,16,192,68,0,0,-168,0,0,100,0,0,88,192,140,0,0,-256,0,0,100,0,0,1344,192,256,0,
0,0,
0,0,
0,0,
0,0,
0,26,0,-256,0,0,100,0,192,1344,192,256,0,81,-130,0,0,75,0,8,592,48,48,0,81,-130,0,0,100,0,328,528,48,48,0,70,-159,0,0,75,0,8,400,48,48,0,70,-159,0,0,100,0,8,336,48,48,0,110,-149,0,0,75,0,648,784,48,48,0,110,-149,0,0,100,0,72,912,48,48,0,35,-163,0,0,75,0,896,720,64,48,0,35,-163,0,0,100,0,896,656,64,48,0,60,-184,0,0,75,0,264,976,48,48,0,60,-184,0,0,100,0,136,976,48,48,0,56,-140,0,1,100,0,192,128,80,60,0,32,-108,0,1,100,0,192,188,128,68,0,0,-234,0,0,50,0,576,0,192,128,0,56,-230,0,0,50,0,1304,640,88,96,0,56,-230,0,0,100,0,1216,640,88,96,0,52,-234,0,0,100,0,820,0,128,124,0,0,-256,0,1,100,0,960,0,192,256,0,0,-256,0,1,100,0,1152,0,192,256,0,0,-256,0,1,100,0,1344,0,192,256,0,0,-168,0,1,50,0,384,0,192,100,0,0,-172,0,0,50,0,192,12,192,108,0,0,-168,0,0,50,0,384,100,192,132,0,0,-132,0,0,100,0,0,16,192,68,0,0,-168,0,0,100,0,0,88,192,140,0,0,-256,0,0,100,0,0,1344,192,256,0,
0,26,0,-256,0,0,100,0,192,1344,192,256,0,0,-256,0,1,0,0,960,0,192,256,0,81,-130,0,0,75,0,776,592,48,48,0,81,-134,0,0,100,0,520,464,48,48,0,68,-159,0,0,75,0,1032,400,48,48,0,68,-159,0,0,100,0,1032,336,48,48,0,110,-149,0,0,75,0,840,784,48,48,0,110,-149,0,0,100,0,264,912,48,48,0,29,-161,0,0,75,0,960,656,64,48,0,29,-161,0,0,100,0,960,592,64,48,0,60,-184,0,0,75,0,264,976,48,48,0,60,-184,0,0,100,0,136,976,48,48,0,56,-140,0,1,100,0,192,128,80,60,0,32,-108,0,1,100,0,192,188,128,68,0,0,-234,0,0,50,0,576,0,192,128,0,56,-230,0,0,50,0,1304,640,88,96,0,56,-230,0,0,100,0,1216,640,88,96,0,52,-234,0,0,100,0,820,0,128,124,0,0,-256,0,1,0,0,1152,0,192,256,0,0,-256,0,1,0,0,1344,0,192,256,0,0,-168,0,1,50,0,384,0,192,100,0,0,-172,0,0,50,0,192,12,192,108,0,0,-168,0,0,50,0,384,100,192,132,0,0,-132,0,0,100,0,0,16,192,68,0,0,-168,0,0,100,0,0,88,192,140,0,0,-256,0,0,100,0,0,1344,192,256,0,
0,26,0,-256,0,0,100,0,192,1344,192,256,0,0,-256,0,1,0,0,960,0,192,256,0,81,-130,0,0,75,0,776,592,48,48,0,81,-134,0,0,100,0,520,464,48,48,0,67,-159,0,0,75,0,1096,400,48,48,0,67,-159,0,0,100,0,1096,336,48,48,0,110,-149,0,0,75,0,648,784,48,48,0,110,-149,0,0,100,0,72,912,48,48,0,29,-159,1,0,75,0,1024,656,64,48,0,29,-159,1,0,100,0,1024,592,64,48,0,60,-184,0,0,75,0,264,976,48,48,0,60,-184,0,0,100,0,136,976,48,48,0,56,-140,0,1,100,0,192,128,80,60,0,32,-108,0,1,100,0,192,188,128,68,0,0,-234,0,0,50,0,576,0,192,128,0,56,-230,0,0,50,0,1304,256,88,96,0,56,-230,0,0,100,0,1216,256,88,96,0,52,-234,0,0,100,0,820,0,128,124,0,0,-256,0,1,0,0,1152,0,192,256,0,0,-256,0,1,0,0,1344,0,192,256,0,0,-168,0,1,50,0,384,0,192,100,0,0,-172,0,0,50,0,192,12,192,108,0,0,-168,0,0,50,0,384,100,192,132,0,0,-132,0,0,100,0,0,16,192,68,0,0,-168,0,0,100,0,0,88,192,140,0,0,-256,0,0,100,0,0,1344,192,256,0,
0,26,0,-256,0,0,100,0,192,1344,192,256,0,0,-256,0,1,0,0,960,0,192,256,0,81,-130,0,0,75,0,840,592,48,48,0,81,-134,0,0,100,0,584,464,48,48,0,66,-159,0,0,75,0,1160,400,48,48,0,66,-159,0,0,100,0,1160,336,48,48,0,110,-149,0,0,75,0,712,784,48,48,0,110,-149,0,0,100,0,136,912,48,48,0,30,-157,1,0,75,0,1088,656,64,48,0,30,-157,1,0,100,0,1088,592,64,48,0,60,-184,0,0,75,0,264,976,48,48,0,60,-184,0,0,100,0,136,976,48,48,0,56,-140,0,1,100,0,192,128,80,60,0,32,-108,0,1,100,0,192,188,128,68,0,0,-234,0,0,50,0,576,0,192,128,0,56,-230,0,0,50,0,1304,640,88,96,0,56,-230,0,0,100,0,1216,640,88,96,0,52,-234,0,0,100,0,820,0,128,124,0,0,-256,0,1,0,0,1152,0,192,256,0,0,-256,0,1,0,0,1344,0,192,256,0,0,-168,0,1,50,0,384,0,192,100,0,0,-172,0,0,50,0,192,12,192,108,0,0,-168,0,0,50,0,384,100,192,132,0,0,-132,0,0,100,0,0,16,192,68,0,0,-168,0,0,100,0,0,88,192,140,0,0,-256,0,0,100,0,0,1344,192,256,0,
0,26,0,-256,0,0,100,0,192,1344,192,256,0,0,-256,0,1,0,0,960,0,192,256,0,81,-130,0,0,75,0,840,592,48,48,0,81,-134,0,0,100,0,584,464,48,48,0,110,-149,0,0,75,0,776,784,48,48,0,110,-149,0,0,100,0,200,912,48,48,0,31,-156,1,0,75,0,1152,656,64,48,0,31,-156,1,0,100,0,1152,592,64,48,0,64,-158,0,0,75,0,968,400,48,48,0,64,-158,0,0,100,0,968,336,48,48,0,60,-184,0,0,75,0,264,976,48,48,0,60,-184,0,0,100,0,136,976,48,48,0,56,-140,0,1,100,0,192,128,80,60,0,32,-108,0,1,100,0,192,188,128,68,0,0,-234,0,0,50,0,576,0,192,128,0,56,-230,0,0,50,0,1304,640,88,96,0,56,-230,0,0,100,0,1216,640,88,96,0,52,-234,0,0,100,0,820,0,128,124,0,0,-256,0,1,0,0,1152,0,192,256,0,0,-256,0,1,0,0,1344,0,192,256,0,0,-168,0,1,50,0,384,0,192,100,0,0,-172,0,0,50,0,192,12,192,108,0,0,-168,0,0,50,0,384,100,192,132,0,0,-132,0,0,100,0,0,16,192,68,0,0,-168,0,0,100,0,0,88,192,140,0,0,-256,0,0,100,0,0,1344,192,256,0,
0,28,0,-256,0,0,100,0,192,1344,192,256,0,81,-130,0,0,75,0,776,592,48,48,0,81,-134,0,0,100,0,520,464,48,48,0,70,-159,0,0,0,0,8,400,48,48,0,29,-245,0,1,100,0,576,1228,96,152,0,110,-149,0,0,75,0,840,784,48,48,0,110,-149,0,0,100,0,264,912,48,48,0,35,-163,0,0,0,0,896,720,64,48,0,36,-156,0,0,100,0,0,784,64,48,0,63,-157,0,0,100,0,392,336,48,48,0,33,-153,0,1,100,0,480,1344,92,56,0,60,-184,0,0,75,0,264,976,48,48,0,60,-184,0,0,100,0,136,976,48,48,0,56,-140,0,1,100,0,192,128,80,60,0,32,-108,0,1,100,0,192,188,128,68,0,0,-234,0,0,50,0,576,0,192,128,0,56,-230,0,0,50,0,1304,352,88,96,0,56,-230,0,0,100,0,1216,352,88,96,0,52,-234,0,0,100,0,820,0,128,124,0,0,-256,0,1,75,0,960,0,192,256,0,0,-256,0,1,0,0,1152,0,192,256,0,0,-256,0,1,0,0,1344,0,192,256,0,0,-168,0,1,50,0,384,0,192,100,0,0,-172,0,0,50,0,192,12,192,108,0,0,-168,0,0,50,0,384,100,192,132,0,0,-132,0,0,100,0,0,16,192,68,0,0,-168,0,0,100,0,0,88,192,140,0,0,-256,0,0,100,0,0,1344,192,256,0,
0,28,0,-256,0,0,100,0,192,1344,192,256,0,81,-130,0,0,75,0,776,592,48,48,0,81,-134,0,0,100,0,520,464,48,48,0,70,-159,0,0,0,0,8,400,48,48,0,29,-245,0,1,100,0,576,1228,96,152,0,110,-149,0,0,75,0,648,784,48,48,0,110,-149,0,0,100,0,72,912,48,48,0,35,-163,0,0,0,0,896,720,64,48,0,36,-156,0,0,100,0,0,784,64,48,0,63,-157,0,0,100,0,392,336,48,48,0,33,-153,0,1,100,0,480,1344,92,56,0,60,-184,0,0,75,0,264,976,48,48,0,60,-184,0,0,100,0,136,976,48,48,0,56,-140,0,1,100,0,192,128,80,60,0,32,-108,0,1,100,0,192,188,128,68,0,0,-234,0,0,50,0,576,0,192,128,0,56,-230,0,0,50,0,1304,544,88,96,0,56,-230,0,0,100,0,1216,544,88,96,0,52,-234,0,0,100,0,820,0,128,124,0,0,-256,0,1,75,0,960,0,192,256,0,0,-256,0,1,0,0,1152,0,192,256,0,0,-256,0,1,0,0,1344,0,192,256,0,0,-168,0,1,50,0,384,0,192,100,0,0,-172,0,0,50,0,192,12,192,108,0,0,-168,0,0,50,0,384,100,192,132,0,0,-132,0,0,100,0,0,16,192,68,0,0,-168,0,0,100,0,0,88,192,140,0,0,-256,0,0,100,0,0,1344,192,256,0,
0,28,0,-256,0,0,100,0,192,1344,192,256,0,81,-130,0,0,75,0,840,592,48,48,0,81,-134,0,0,100,0,584,464,48,48,0,70,-159,0,0,0,0,8,400,48,48,0,29,-245,0,1,100,0,576,1228,96,152,0,110,-149,0,0,75,0,712,784,48,48,0,110,-149,0,0,100,0,136,912,48,48,0,35,-163,0,0,0,0,896,720,64,48,0,36,-156,0,0,100,0,0,784,64,48,0,63,-157,0,0,100,0,392,336,48,48,0,33,-153,0,1,100,0,480,1344,92,56,0,60,-184,0,0,75,0,264,976,48,48,0,60,-184,0,0,100,0,136,976,48,48,0,56,-140,0,1,100,0,192,128,80,60,0,32,-108,0,1,100,0,192,188,128,68,0,0,-234,0,0,50,0,576,0,192,128,0,56,-230,0,0,50,0,1304,640,88,96,0,56,-230,0,0,100,0,1216,640,88,96,0,52,-234,0,0,100,0,820,0,128,124,0,0,-256,0,1,75,0,960,0,192,256,0,0,-256,0,1,0,0,1152,0,192,256,0,0,-256,0,1,0,0,1344,0,192,256,0,0,-168,0,1,50,0,384,0,192,100,0,0,-172,0,0,50,0,192,12,192,108,0,0,-168,0,0,50,0,384,100,192,132,0,0,-132,0,0,100,0,0,16,192,68,0,0,-168,0,0,100,0,0,88,192,140,0,0,-256,0,0,100,0,0,1344,192,256,0,
0,0,
0,0,
0,0,
0,0,
0,0,
0,0,
0,0,
0,33,0,-256,0,0,100,0,192,1344,192,256,0,81,-130,0,0,30,0,840,592,48,48,0,81,-134,0,0,100,0,584,464,48,48,0,70,-159,0,0,0,0,8,400,48,48,0,32,-244,0,1,50,0,576,1228,96,152,0,110,-149,0,0,30,0,264,1040,48,48,0,110,-149,0,0,100,0,72,912,48,48,0,35,-163,0,0,0,0,896,720,64,48,0,36,-156,0,0,100,0,0,784,64,48,0,63,-157,0,0,100,0,392,336,48,48,0,36,-152,0,1,50,0,480,1344,92,56,0,60,-184,0,0,30,0,264,976,48,48,0,60,-184,0,0,100,0,136,976,48,48,0,45,-155,0,0,25,0,8,1296,48,48,0,110,-149,0,0,25,0,8,1296,48,48,0,81,-131,0,0,25,0,8,1296,48,48,0,64,-156,0,0,25,0,8,1296,48,48,0,56,-140,0,1,100,0,192,128,80,60,0,32,-108,0,1,100,0,192,188,128,68,0,0,-234,0,0,25,0,576,0,192,128,0,56,-230,0,0,25,0,1304,640,88,96,0,56,-230,0,0,100,0,1216,640,88,96,0,52,-234,0,0,100,0,820,0,128,124,0,0,-256,0,1,100,0,960,0,192,256,0,52,-183,0,0,25,0,200,1296,48,48,0,0,-256,0,1,0,0,1152,0,192,256,0,0,-256,0,1,0,0,1344,0,192,256,0,0,-168,0,1,75,0,384,0,192,100,0,0,-172,0,0,25,0,192,12,192,108,0,0,-168,0,0,30,0,384,100,192,132,0,0,-132,0,0,100,0,0,16,192,68,0,0,-168,0,0,100,0,0,88,192,140,0,0,-256,0,0,100,0,0,1344,192,256,0,
0,24,0,-256,0,0,100,0,192,1344,192,256,0,81,-134,0,0,100,0,584,464,48,48,0,70,-159,0,0,0,0,8,400,48,48,0,110,-149,0,0,100,0,392,976,48,48,0,35,-163,0,0,0,0,896,720,64,48,0,36,-156,0,0,100,0,0,784,64,48,0,63,-157,0,0,100,0,392,336,48,48,0,60,-184,0,0,100,0,136,976,48,48,0,45,-155,0,0,50,0,8,1296,48,48,0,110,-150,0,0,50,0,8,1296,48,48,0,81,-131,0,0,50,0,8,1296,48,48,0,64,-156,0,0,30,0,8,1296,48,48,0,56,-140,0,1,100,0,192,128,80,60,0,32,-108,0,1,100,0,192,188,128,68,0,56,-230,0,0,100,0,1216,448,88,96,0,52,-234,0,0,100,0,820,0,128,124,0,52,-183,0,0,50,0,200,1296,48,48,0,0,-256,0,1,100,0,960,0,192,256,0,0,-256,0,1,0,0,1152,0,192,256,0,0,-256,0,1,0,0,1344,0,192,256,0,0,-168,0,1,100,0,384,0,192,100,0,0,-132,0,0,100,0,0,16,192,68,0,0,-168,0,0,100,0,0,88,192,140,0,0,-256,0,0,100,0,0,1344,192,256,0,
0,24,0,-256,0,0,100,0,192,1344,192,256,0,80,-134,0,0,100,0,520,464,48,48,0,70,-159,0,0,0,0,8,400,48,48,0,110,-149,0,0,100,0,456,976,48,48,0,35,-163,0,0,0,0,896,720,64,48,0,36,-156,0,0,100,0,0,784,64,48,0,63,-157,0,0,100,0,392,336,48,48,0,60,-184,0,0,100,0,136,976,48,48,0,45,-155,0,0,50,0,8,1296,48,48,0,110,-150,0,0,50,0,8,1296,48,48,0,81,-131,0,0,50,0,8,1296,48,48,0,64,-156,0,0,30,0,8,1296,48,48,0,56,-140,0,1,100,0,192,128,80,60,0,32,-108,0,1,100,0,192,188,128,68,0,56,-230,0,0,100,0,1216,640,88,96,0,52,-234,0,0,100,0,820,0,128,124,0,52,-183,0,0,50,0,200,1296,48,48,0,0,-256,0,1,100,0,960,0,192,256,0,0,-256,0,1,0,0,1152,0,192,256,0,0,-256,0,1,0,0,1344,0,192,256,0,0,-168,0,1,100,0,384,0,192,100,0,0,-132,0,0,100,0,0,16,192,68,0,0,-168,0,0,100,0,0,88,192,140,0,0,-256,0,0,100,0,0,1344,192,256,0,
0,24,0,-256,0,0,100,0,192,1344,192,256,0,74,-133,0,0,100,0,392,528,48,48,0,70,-159,0,0,0,0,8,400,48,48,0,108,-148,0,0,100,0,520,976,48,48,0,35,-163,0,0,0,0,896,720,64,48,0,36,-156,0,0,100,0,0,784,64,48,0,63,-157,0,0,100,0,392,336,48,48,0,60,-184,0,0,100,0,136,976,48,48,0,45,-155,0,0,50,0,8,1296,48,48,0,110,-150,0,0,50,0,8,1296,48,48,0,73,-134,0,0,50,0,8,1296,48,48,0,64,-156,0,0,30,0,8,1296,48,48,0,56,-140,0,1,100,0,192,128,80,60,0,32,-108,0,1,100,0,192,188,128,68,0,56,-230,0,0,100,0,1216,352,88,96,0,52,-234,0,0,100,0,820,0,128,124,0,52,-183,0,0,50,0,200,1296,48,48,0,0,-256,0,1,100,0,960,0,192,256,0,0,-256,0,1,0,0,1152,0,192,256,0,0,-256,0,1,0,0,1344,0,192,256,0,0,-168,0,1,100,0,384,0,192,100,0,0,-132,0,0,100,0,0,16,192,68,0,0,-168,0,0,100,0,0,88,192,140,0,0,-256,0,0,100,0,0,1344,192,256,0,
0,26,0,-256,0,0,100,0,192,1344,192,256,0,88,-152,0,1,30,0,392,1524,64,64,0,88,-152,0,0,50,0,392,1524,64,64,0,106,-141,0,0,100,0,648,976,48,48,0,72,-134,0,0,100,0,392,528,48,48,0,70,-159,0,0,0,0,8,400,48,48,0,35,-163,0,0,0,0,896,720,64,48,0,36,-156,0,0,100,0,0,784,64,48,0,63,-157,0,0,100,0,392,336,48,48,0,60,-184,0,0,100,0,136,976,48,48,0,45,-155,0,0,50,0,8,1296,48,48,0,103,-140,0,0,50,0,8,1296,48,48,0,73,-134,0,0,50,0,8,1296,48,48,0,64,-156,0,0,30,0,8,1296,48,48,0,56,-140,0,1,100,0,192,128,80,60,0,32,-108,0,1,100,0,192,188,128,68,0,56,-230,0,0,100,0,1216,256,88,96,0,52,-234,0,0,100,0,820,0,128,124,0,52,-183,0,0,50,0,200,1296,48,48,0,0,-256,0,1,100,0,960,0,192,256,0,0,-256,0,1,0,0,1152,0,192,256,0,0,-256,0,1,0,0,1344,0,192,256,0,0,-168,0,1,100,0,384,0,192,100,0,0,-132,0,0,100,0,0,16,192,68,0,0,-168,0,0,100,0,0,88,192,140,0,0,-256,0,0,100,0,0,1344,192,256,0,
0,26,0,-256,0,0,100,0,192,1344,192,256,0,88,-152,0,1,30,0,456,1524,64,64,0,88,-152,0,0,50,0,456,1524,64,64,0,106,-141,0,0,100,0,712,976,48,48,0,72,-134,0,0,100,0,392,528,48,48,0,70,-159,0,0,0,0,8,400,48,48,0,35,-163,0,0,0,0,896,720,64,48,0,36,-156,0,0,100,0,0,784,64,48,0,63,-157,0,0,100,0,392,336,48,48,0,60,-184,0,0,100,0,136,976,48,48,0,45,-155,0,0,50,0,8,1296,48,48,0,103,-140,0,0,50,0,8,1296,48,48,0,73,-134,0,0,50,0,8,1296,48,48,0,64,-156,0,0,30,0,8,1296,48,48,0,56,-140,0,1,100,0,192,128,80,60,0,32,-108,0,1,100,0,192,188,128,68,0,56,-230,0,0,100,0,1216,640,88,96,0,52,-234,0,0,100,0,820,0,128,124,0,52,-183,0,0,50,0,200,1296,48,48,0,0,-256,0,1,100,0,960,0,192,256,0,0,-256,0,1,0,0,1152,0,192,256,0,0,-256,0,1,0,0,1344,0,192,256,0,0,-168,0,1,100,0,384,0,192,100,0,0,-132,0,0,100,0,0,16,192,68,0,0,-168,0,0,100,0,0,88,192,140,0,0,-256,0,0,100,0,0,1344,192,256,0,
0,24,0,-256,0,0,100,0,192,1344,192,256,0,106,-141,0,0,100,0,712,976,48,48,0,72,-134,0,0,100,0,392,528,48,48,0,70,-159,0,0,0,0,8,400,48,48,0,35,-163,0,0,0,0,896,720,64,48,0,36,-156,0,0,100,0,0,784,64,48,0,63,-157,0,0,100,0,392,336,48,48,0,60,-184,0,0,100,0,136,976,48,48,0,45,-155,0,0,50,0,8,1296,48,48,0,103,-140,0,0,50,0,8,1296,48,48,0,73,-134,0,0,50,0,8,1296,48,48,0,64,-156,0,0,30,0,8,1296,48,48,0,56,-140,0,1,100,0,192,128,80,60,0,32,-108,0,1,100,0,192,188,128,68,0,52,-234,0,0,100,0,820,0,128,124,0,52,-183,0,0,50,0,200,1296,48,48,0,56,-230,0,0,100,0,1216,640,88,96,0,0,-256,0,1,100,0,960,0,192,256,0,0,-256,0,1,0,0,1152,0,192,256,0,0,-256,0,1,0,0,1344,0,192,256,0,0,-168,0,1,100,0,384,0,192,100,0,0,-132,0,0,100,0,0,16,192,68,0,0,-168,0,0,100,0,0,88,192,140,0,0,-256,0,0,100,0,0,1344,192,256,0,
0,26,0,-256,0,0,100,0,192,1344,192,256,0,64,-184,0,1,20,0,520,1400,80,120,0,64,-184,0,0,75,0,520,1400,80,120,0,106,-141,0,0,100,0,712,976,48,48,0,76,-142,0,0,100,0,456,528,48,48,0,70,-159,0,0,0,0,8,400,48,48,0,35,-163,0,0,0,0,896,720,64,48,0,36,-156,0,0,100,0,0,784,64,48,0,63,-157,0,0,100,0,392,336,48,48,0,60,-184,0,0,100,0,136,976,48,48,0,45,-155,0,0,50,0,8,1296,48,48,0,103,-140,0,0,50,0,8,1296,48,48,0,73,-134,0,0,50,0,8,1296,48,48,0,64,-156,0,0,30,0,8,1296,48,48,0,56,-140,0,1,100,0,192,128,80,60,0,32,-108,0,1,100,0,192,188,128,68,0,56,-230,0,0,100,0,1216,640,88,96,0,52,-234,0,0,100,0,820,0,128,124,0,52,-183,0,0,50,0,200,1296,48,48,0,0,-256,0,1,100,0,960,0,192,256,0,0,-256,0,1,0,0,1152,0,192,256,0,0,-256,0,1,0,0,1344,0,192,256,0,0,-168,0,1,100,0,384,0,192,100,0,0,-132,0,0,100,0,0,16,192,68,0,0,-168,0,0,100,0,0,88,192,140,0,0,-256,0,0,100,0,0,1344,192,256,0,
0,26,0,-256,0,0,100,0,192,1344,192,256,0,64,-184,0,1,20,0,600,1400,80,120,0,64,-184,0,0,75,0,600,1400,80,120,0,102,-145,0,0,100,0,776,912,48,48,0,79,-147,1,0,100,0,456,528,48,48,0,70,-159,0,0,0,0,8,400,48,48,0,35,-163,0,0,0,0,896,720,64,48,0,36,-156,0,0,100,0,0,784,64,48,0,63,-157,0,0,100,0,392,336,48,48,0,60,-184,0,0,100,0,136,976,48,48,0,45,-155,0,0,50,0,8,1296,48,48,0,106,-145,0,0,50,0,8,1296,48,48,0,78,-139,0,0,50,0,8,1296,48,48,0,64,-156,0,0,30,0,8,1296,48,48,0,56,-140,0,1,100,0,192,128,80,60,0,32,-108,0,1,100,0,192,188,128,68,0,56,-230,0,0,100,0,1216,640,88,96,0,52,-234,0,0,100,0,820,0,128,124,0,52,-183,0,0,50,0,200,1296,48,48,0,0,-256,0,1,100,0,960,0,192,256,0,0,-256,0,1,0,0,1152,0,192,256,0,0,-256,0,1,0,0,1344,0,192,256,0,0,-168,0,1,100,0,384,0,192,100,0,0,-132,0,0,100,0,0,16,192,68,0,0,-168,0,0,100,0,0,88,192,140,0,0,-256,0,0,100,0,0,1344,192,256,0,
0,24,0,-256,0,0,100,0,192,1344,192,256,0,106,-151,0,0,100,0,840,912,48,48,0,82,-149,0,0,100,0,520,528,48,48,0,70,-159,0,0,0,0,8,400,48,48,0,35,-163,0,0,0,0,896,720,64,48,0,36,-156,0,0,100,0,0,784,64,48,0,63,-157,0,0,100,0,392,336,48,48,0,60,-184,0,0,100,0,136,976,48,48,0,45,-155,0,0,50,0,8,1296,48,48,0,79,-140,0,0,50,0,8,1296,48,48,0,64,-156,0,0,30,0,8,1296,48,48,0,106,-145,0,0,50,0,8,1296,48,48,0,56,-140,0,1,100,0,192,128,80,60,0,32,-108,0,1,100,0,192,188,128,68,0,56,-230,0,0,100,0,1216,448,88,96,0,52,-234,0,0,100,0,820,0,128,124,0,52,-183,0,0,50,0,200,1296,48,48,0,0,-256,0,1,100,0,960,0,192,256,0,0,-256,0,1,0,0,1152,0,192,256,0,0,-256,0,1,0,0,1344,0,192,256,0,0,-168,0,1,100,0,384,0,192,100,0,0,-132,0,0,100,0,0,16,192,68,0,0,-168,0,0,100,0,0,88,192,140,0,0,-256,0,0,100,0,0,1344,192,256,0,
0,24,0,-256,0,0,100,0,192,1344,192,256,0,107,-158,0,0,100,0,840,912,48,48,0,81,-147,1,0,100,0,520,528,48,48,0,70,-159,0,0,0,0,8,400,48,48,0,35,-163,0,0,0,0,896,720,64,48,0,36,-156,0,0,100,0,0,784,64,48,0,63,-157,0,0,100,0,392,336,48,48,0,60,-184,0,0,100,0,136,976,48,48,0,111,-149,0,0,50,0,8,1296,48,48,0,84,-146,0,0,50,0,8,1296,48,48,0,64,-156,0,0,30,0,8,1296,48,48,0,45,-155,0,0,50,0,8,1296,48,48,0,56,-140,0,1,100,0,192,128,80,60,0,32,-108,0,1,100,0,192,188,128,68,0,56,-230,0,0,100,0,1216,640,88,96,0,52,-234,0,0,100,0,820,0,128,124,0,52,-183,0,0,50,0,200,1296,48,48,0,0,-256,0,1,100,0,960,0,192,256,0,0,-256,0,1,0,0,1152,0,192,256,0,0,-256,0,1,0,0,1344,0,192,256,0,0,-168,0,1,100,0,384,0,192,100,0,0,-132,0,0,100,0,0,16,192,68,0,0,-168,0,0,100,0,0,88,192,140,0,0,-256,0,0,100,0,0,1344,192,256,0,
0,24,0,-256,0,0,100,0,192,1344,192,256,0,119,-156,0,0,100,0,8,976,48,48,0,78,-147,0,0,100,0,836,528,48,48,0,70,-159,0,0,0,0,8,400,48,48,0,35,-163,0,0,0,0,896,720,64,48,0,36,-156,0,0,100,0,0,784,64,48,0,63,-157,0,0,100,0,392,336,48,48,0,60,-184,0,0,100,0,136,976,48,48,0,123,-155,0,0,50,0,8,1296,48,48,0,84,-146,0,0,50,0,8,1296,48,48,0,64,-156,0,0,30,0,8,1296,48,48,0,45,-155,0,0,50,0,8,1296,48,48,0,56,-140,0,1,100,0,192,128,80,60,0,32,-108,0,1,100,0,192,188,128,68,0,56,-230,0,0,100,0,1216,640,88,96,0,52,-234,0,0,100,0,820,0,128,124,0,52,-183,0,0,50,0,200,1296,48,48,0,0,-256,0,1,100,0,960,0,192,256,0,0,-256,0,1,0,0,1152,0,192,256,0,0,-256,0,1,0,0,1344,0,192,256,0,0,-168,0,1,100,0,384,0,192,100,0,0,-132,0,0,100,0,0,16,192,68,0,0,-168,0,0,100,0,0,88,192,140,0,0,-256,0,0,100,0,0,1344,192,256,0,
0,24,0,-256,0,0,100,0,192,1344,192,256,0,119,-156,0,0,100,0,72,976,48,48,0,78,-147,0,0,100,0,900,528,48,48,0,70,-159,0,0,0,0,8,400,48,48,0,35,-163,0,0,0,0,896,720,64,48,0,36,-156,0,0,100,0,0,784,64,48,0,63,-157,0,0,100,0,392,336,48,48,0,60,-184,0,0,100,0,136,976,48,48,0,123,-155,0,0,50,0,8,1296,48,48,0,84,-146,0,0,50,0,8,1296,48,48,0,64,-156,0,0,30,0,8,1296,48,48,0,45,-155,0,0,50,0,8,1296,48,48,0,56,-140,0,1,100,0,192,128,80,60,0,32,-108,0,1,100,0,192,188,128,68,0,56,-230,0,0,100,0,1216,640,88,96,0,52,-234,0,0,100,0,820,0,128,124,0,52,-183,0,0,50,0,200,1296,48,48,0,0,-256,0,1,100,0,960,0,192,256,0,0,-256,0,1,0,0,1152,0,192,256,0,0,-256,0,1,0,0,1344,0,192,256,0,0,-168,0,1,100,0,384,0,192,100,0,0,-132,0,0,100,0,0,16,192,68,0,0,-168,0,0,100,0,0,88,192,140,0,0,-256,0,0,100,0,0,1344,192,256,0,
0,24,0,-256,0,0,100,0,192,1344,192,256,0,119,-148,0,0,100,0,136,976,48,48,0,78,-147,0,0,100,0,900,528,48,48,0,70,-159,0,0,0,0,8,400,48,48,0,35,-163,0,0,0,0,896,720,64,48,0,36,-156,0,0,100,0,0,784,64,48,0,63,-157,0,0,100,0,392,336,48,48,0,60,-184,0,0,100,0,136,976,48,48,0,84,-146,0,0,50,0,8,1296,48,48,0,64,-156,0,0,30,0,8,1296,48,48,0,45,-155,0,0,50,0,8,1296,48,48,0,56,-140,0,1,100,0,192,128,80,60,0,32,-108,0,1,100,0,192,188,128,68,0,56,-230,0,0,100,0,1216,256,88,96,0,52,-234,0,0,100,0,820,0,128,124,0,113,-148,0,0,50,0,200,1296,48,48,0,52,-183,0,0,50,0,200,1296,48,48,0,0,-256,0,1,100,0,960,0,192,256,0,0,-256,0,1,0,0,1152,0,192,256,0,0,-256,0,1,0,0,1344,0,192,256,0,0,-168,0,1,100,0,384,0,192,100,0,0,-132,0,0,100,0,0,16,192,68,0,0,-168,0,0,100,0,0,88,192,140,0,0,-256,0,0,100,0,0,1344,192,256,0,
0,0,
0,0,
0,0,
0,0,
0,0,
0,0,
0,28,0,-256,0,0,100,0,192,1344,192,256,0,119,-148,0,0,25,0,136,976,48,48,0,119,-148,0,0,100,0,264,976,48,48,0,78,-147,0,0,25,0,900,528,48,48,0,78,-147,0,0,100,0,72,592,48,48,0,70,-159,0,0,0,0,8,400,48,48,0,62,-159,0,0,25,0,328,272,48,48,0,62,-159,0,0,100,0,72,400,48,48,0,35,-163,0,0,0,0,896,720,64,48,0,43,-163,0,0,25,0,448,720,64,48,0,43,-163,0,0,100,0,128,720,64,48,0,60,-184,0,0,25,0,136,976,48,48,0,60,-184,0,0,100,0,264,976,48,48,0,56,-140,0,1,100,0,192,128,80,60,0,32,-108,0,1,100,0,192,188,128,68,0,0,-234,0,0,50,0,576,0,192,128,0,56,-230,0,0,50,0,1304,640,88,96,0,56,-230,0,0,100,0,1216,640,88,96,0,52,-234,0,0,100,0,820,0,128,124,0,0,-256,0,1,100,0,960,0,192,256,0,0,-256,0,1,100,0,1152,0,192,256,0,0,-256,0,1,100,0,1344,0,192,256,0,0,-168,0,1,50,0,384,0,192,100,0,0,-172,0,0,50,0,192,12,192,108,0,0,-168,0,0,50,0,384,100,192,132,0,0,-132,0,0,100,0,0,16,192,68,0,0,-168,0,0,100,0,0,88,192,140,0,0,-256,0,0,100,0,0,1344,192,256,0,
0,28,0,-256,0,0,100,0,192,1344,192,256,0,119,-148,0,0,25,0,136,976,48,48,0,119,-148,0,0,100,0,264,976,48,48,0,84,-142,0,0,25,0,968,464,48,48,0,84,-142,0,0,100,0,968,528,48,48,0,70,-159,0,0,0,0,8,400,48,48,0,36,-156,0,0,25,0,0,784,64,48,0,36,-156,0,0,100,0,64,784,64,48,0,35,-163,0,0,0,0,896,720,64,48,0,63,-157,1,0,25,0,968,336,48,48,0,63,-157,1,0,100,0,968,400,48,48,0,60,-184,0,0,25,0,136,976,48,48,0,60,-184,0,0,100,0,264,976,48,48,0,56,-140,0,1,100,0,192,128,80,60,0,32,-108,0,1,100,0,192,188,128,68,0,0,-234,0,0,50,0,576,0,192,128,0,56,-230,0,0,50,0,1304,448,88,96,0,56,-230,0,0,100,0,1216,448,88,96,0,52,-234,0,0,100,0,820,0,128,124,0,0,-256,0,1,50,0,960,0,192,256,0,0,-256,0,1,0,0,1152,0,192,256,0,0,-256,0,1,0,0,1344,0,192,256,0,0,-168,0,1,50,0,384,0,192,100,0,0,-172,0,0,50,0,192,12,192,108,0,0,-168,0,0,50,0,384,100,192,132,0,0,-132,0,0,100,0,0,16,192,68,0,0,-168,0,0,100,0,0,88,192,140,0,0,-256,0,0,100,0,0,1344,192,256,0,
0,28,0,-256,0,0,100,0,192,1344,192,256,0,119,-148,0,0,25,0,136,976,48,48,0,119,-148,0,0,100,0,264,976,48,48,0,83,-142,0,0,25,0,1032,464,48,48,0,83,-142,0,0,100,0,1032,528,48,48,0,70,-159,0,0,0,0,8,400,48,48,0,63,-157,1,0,25,0,1032,336,48,48,0,63,-157,1,0,100,0,1032,400,48,48,0,35,-163,0,0,0,0,896,720,64,48,0,36,-156,0,0,25,0,0,784,64,48,0,36,-156,0,0,100,0,64,784,64,48,0,60,-184,0,0,25,0,136,976,48,48,0,60,-184,0,0,100,0,264,976,48,48,0,56,-140,0,1,100,0,192,128,80,60,0,32,-108,0,1,100,0,192,188,128,68,0,0,-234,0,0,50,0,576,0,192,128,0,56,-230,0,0,50,0,1304,640,88,96,0,56,-230,0,0,100,0,1216,640,88,96,0,52,-234,0,0,100,0,820,0,128,124,0,0,-256,0,1,50,0,960,0,192,256,0,0,-256,0,1,0,0,1152,0,192,256,0,0,-256,0,1,0,0,1344,0,192,256,0,0,-168,0,1,50,0,384,0,192,100,0,0,-172,0,0,50,0,192,12,192,108,0,0,-168,0,0,50,0,384,100,192,132,0,0,-132,0,0,100,0,0,16,192,68,0,0,-168,0,0,100,0,0,88,192,140,0,0,-256,0,0,100,0,0,1344,192,256,0,
0,28,0,-256,0,0,100,0,192,1344,192,256,0,119,-148,0,0,25,0,136,976,48,48,0,119,-148,0,0,100,0,264,976,48,48,0,81,-141,0,0,25,0,1096,464,48,48,0,81,-141,0,0,100,0,1096,528,48,48,0,70,-159,0,0,0,0,8,400,48,48,0,63,-155,1,0,25,0,1096,336,48,48,0,63,-155,1,0,100,0,1096,400,48,48,0,35,-163,0,0,0,0,896,720,64,48,0,36,-156,0,0,25,0,0,784,64,48,0,36,-156,0,0,100,0,64,784,64,48,0,60,-184,0,0,25,0,136,976,48,48,0,60,-184,0,0,100,0,264,976,48,48,0,56,-140,0,1,100,0,192,128,80,60,0,32,-108,0,1,100,0,192,188,128,68,0,0,-234,0,0,50,0,576,0,192,128,0,56,-230,0,0,50,0,1304,448,88,96,0,56,-230,0,0,100,0,1216,448,88,96,0,52,-234,0,0,100,0,820,0,128,124,0,0,-256,0,1,50,0,960,0,192,256,0,0,-256,0,1,0,0,1152,0,192,256,0,0,-256,0,1,0,0,1344,0,192,256,0,0,-168,0,1,50,0,384,0,192,100,0,0,-172,0,0,50,0,192,12,192,108,0,0,-168,0,0,50,0,384,100,192,132,0,0,-132,0,0,100,0,0,16,192,68,0,0,-168,0,0,100,0,0,88,192,140,0,0,-256,0,0,100,0,0,1344,192,256,0,
0,28,0,-256,0,0,100,0,192,1344,192,256,0,119,-148,0,0,25,0,136,976,48,48,0,119,-148,0,0,100,0,264,976,48,48,0,80,-140,0,0,25,0,1160,464,48,48,0,80,-140,0,0,100,0,1160,528,48,48,0,70,-159,0,0,0,0,8,400,48,48,0,64,-154,1,0,25,0,1160,336,48,48,0,64,-154,1,0,100,0,1160,400,48,48,0,35,-163,0,0,0,0,896,720,64,48,0,36,-156,0,0,25,0,0,784,64,48,0,36,-156,0,0,100,0,64,784,64,48,0,60,-184,0,0,25,0,136,976,48,48,0,60,-184,0,0,100,0,264,976,48,48,0,56,-140,0,1,100,0,192,128,80,60,0,32,-108,0,1,100,0,192,188,128,68,0,0,-234,0,0,50,0,576,0,192,128,0,56,-230,0,0,50,0,1304,640,88,96,0,56,-230,0,0,100,0,1216,640,88,96,0,52,-234,0,0,100,0,820,0,128,124,0,0,-256,0,1,50,0,960,0,192,256,0,0,-256,0,1,0,0,1152,0,192,256,0,0,-256,0,1,0,0,1344,0,192,256,0,0,-168,0,1,50,0,384,0,192,100,0,0,-172,0,0,50,0,192,12,192,108,0,0,-168,0,0,50,0,384,100,192,132,0,0,-132,0,0,100,0,0,16,192,68,0,0,-168,0,0,100,0,0,88,192,140,0,0,-256,0,0,100,0,0,1344,192,256,0,
0,28,0,-256,0,0,100,0,192,1344,192,256,0,119,-148,0,0,25,0,136,976,48,48,0,119,-148,0,0,100,0,264,976,48,48,0,70,-157,0,0,0,0,8,400,48,48,0,82,-137,1,0,100,0,328,592,48,48,0,64,-153,1,0,100,0,456,272,48,48,0,48,-237,1,1,100,0,576,1228,96,152,0,52,-145,0,1,100,0,480,1344,92,56,0,35,-163,0,0,0,0,896,720,64,48,0,36,-156,0,0,25,0,0,784,64,48,0,36,-156,0,0,100,0,64,784,64,48,0,60,-184,0,0,25,0,136,976,48,48,0,60,-184,0,0,100,0,264,976,48,48,0,56,-140,0,1,100,0,192,128,80,60,0,32,-108,0,1,100,0,192,188,128,68,0,0,-234,0,0,50,0,576,0,192,128,0,56,-230,0,0,50,0,1304,640,88,96,0,56,-230,0,0,100,0,1216,640,88,96,0,52,-234,0,0,100,0,820,0,128,124,0,0,-256,0,1,50,0,960,0,192,256,0,0,-256,0,1,0,0,1152,0,192,256,0,0,-256,0,1,100,0,1344,0,192,256,0,0,-168,0,1,50,0,384,0,192,100,0,0,-172,0,0,50,0,192,12,192,108,0,0,-168,0,0,50,0,384,100,192,132,0,0,-132,0,0,100,0,0,16,192,68,0,0,-168,0,0,100,0,0,88,192,140,0,0,-256,0,0,100,0,0,1344,192,256,0,
0,28,0,-256,0,0,100,0,192,1344,192,256,0,119,-148,0,0,25,0,136,976,48,48,0,119,-148,0,0,100,0,264,976,48,48,0,70,-159,0,0,0,0,8,400,48,48,0,82,-137,1,0,100,0,328,592,48,48,0,64,-153,1,0,100,0,456,272,48,48,0,48,-237,1,1,100,0,576,1228,96,152,0,52,-145,0,1,100,0,480,1344,92,56,0,35,-163,0,0,0,0,896,720,64,48,0,36,-156,0,0,25,0,0,784,64,48,0,36,-156,0,0,100,0,64,784,64,48,0,60,-184,0,0,25,0,136,976,48,48,0,60,-184,0,0,100,0,264,976,48,48,0,56,-140,0,1,100,0,192,128,80,60,0,32,-108,0,1,100,0,192,188,128,68,0,0,-234,0,0,50,0,576,0,192,128,0,56,-230,0,0,50,0,1304,544,88,96,0,56,-230,0,0,100,0,1216,544,88,96,0,52,-234,0,0,100,0,820,0,128,124,0,0,-256,0,1,50,0,960,0,192,256,0,0,-256,0,1,0,0,1152,0,192,256,0,0,-256,0,1,100,0,1344,0,192,256,0,0,-168,0,1,50,0,384,0,192,100,0,0,-172,0,0,50,0,192,12,192,108,0,0,-168,0,0,50,0,384,100,192,132,0,0,-132,0,0,100,0,0,16,192,68,0,0,-168,0,0,100,0,0,88,192,140,0,0,-256,0,0,100,0,0,1344,192,256,0,
0,28,0,-256,0,0,100,0,192,1344,192,256,0,119,-148,0,0,25,0,136,976,48,48,0,119,-148,0,0,100,0,264,976,48,48,0,70,-159,0,0,0,0,8,400,48,48,0,82,-137,1,0,100,0,328,592,48,48,0,64,-153,1,0,100,0,456,272,48,48,0,48,-237,1,1,100,0,576,1228,96,152,0,52,-145,0,1,100,0,480,1344,92,56,0,35,-163,0,0,0,0,896,720,64,48,0,36,-156,0,0,25,0,0,784,64,48,0,36,-156,0,0,100,0,64,784,64,48,0,60,-184,0,0,25,0,136,976,48,48,0,60,-184,0,0,100,0,264,976,48,48,0,56,-140,0,1,100,0,192,128,80,60,0,32,-108,0,1,100,0,192,188,128,68,0,0,-234,0,0,50,0,576,0,192,128,0,56,-230,0,0,50,0,1304,640,88,96,0,56,-230,0,0,100,0,1216,640,88,96,0,52,-234,0,0,100,0,820,0,128,124,0,0,-256,0,1,50,0,960,0,192,256,0,0,-256,0,1,0,0,1152,0,192,256,0,0,-256,0,1,100,0,1344,0,192,256,0,0,-168,0,1,50,0,384,0,192,100,0,0,-172,0,0,50,0,192,12,192,108,0,0,-168,0,0,50,0,384,100,192,132,0,0,-132,0,0,100,0,0,16,192,68,0,0,-168,0,0,100,0,0,88,192,140,0,0,-256,0,0,100,0,0,1344,192,256,0,
0,0,
0,0,
0,0,
0,0,
0,0,
0,0,
0,0,
0,33,0,-256,0,0,100,0,192,1344,192,256,0,119,-148,0,0,25,0,136,976,48,48,0,119,-148,0,0,100,0,264,976,48,48,0,78,-140,1,0,25,0,136,592,48,48,0,74,-140,1,0,100,0,200,592,48,48,0,70,-159,0,0,0,0,8,400,48,48,0,65,-151,1,0,25,0,328,272,48,48,0,65,-151,1,0,100,0,72,400,48,48,0,35,-163,0,0,0,0,896,720,64,48,0,43,-163,0,0,25,0,448,720,64,48,0,43,-163,0,0,100,0,128,720,64,48,0,60,-184,0,0,25,0,136,976,48,48,0,60,-184,0,0,100,0,264,976,48,48,0,123,-147,0,0,50,0,8,1296,48,48,0,84,-146,0,0,50,0,8,1296,48,48,0,66,-159,0,1,50,0,72,1296,48,48,0,51,-163,0,0,50,0,8,1296,48,48,0,58,-181,0,0,50,0,8,1296,48,48,0,56,-140,0,1,100,0,192,128,80,60,0,32,-108,0,1,100,0,192,188,128,68,0,0,-234,0,0,50,0,576,0,192,128,0,56,-230,0,0,50,0,1304,640,88,96,0,56,-230,0,0,100,0,1216,640,88,96,0,52,-234,0,0,100,0,820,0,128,124,0,0,-256,0,1,100,0,960,0,192,256,0,0,-256,0,1,100,0,1152,0,192,256,0,0,-256,0,1,100,0,1344,0,192,256,0,0,-168,0,1,50,0,384,0,192,100,0,0,-172,0,0,50,0,192,12,192,108,0,0,-168,0,0,50,0,384,100,192,132,0,0,-132,0,0,100,0,0,16,192,68,0,0,-168,0,0,100,0,0,88,192,140,0,0,-256,0,0,100,0,0,1344,192,256,0,
0,28,0,-256,0,0,100,0,192,1344,192,256,0,0,-256,0,1,0,0,960,0,192,256,0,119,-148,0,0,25,0,136,976,48,48,0,119,-148,0,0,100,0,264,976,48,48,0,70,-159,0,0,0,0,8,400,48,48,0,74,-138,0,0,25,0,968,464,48,48,0,74,-138,0,0,100,0,968,528,48,48,0,65,-154,1,0,25,0,328,272,48,48,0,65,-154,1,0,100,0,72,400,48,48,0,35,-163,0,0,0,0,896,720,64,48,0,40,-156,1,0,25,0,960,592,64,48,0,40,-156,1,0,100,0,960,656,64,48,0,60,-184,0,0,25,0,136,976,48,48,0,60,-184,0,0,100,0,264,976,48,48,0,56,-140,0,1,100,0,192,128,80,60,0,32,-108,0,1,100,0,192,188,128,68,0,0,-234,0,0,50,0,576,0,192,128,0,56,-230,0,0,50,0,1304,256,88,96,0,56,-230,0,0,100,0,1216,256,88,96,0,52,-234,0,0,100,0,820,0,128,124,0,0,-256,0,1,0,0,1152,0,192,256,0,0,-256,0,1,0,0,1344,0,192,256,0,0,-168,0,1,50,0,384,0,192,100,0,0,-172,0,0,50,0,192,12,192,108,0,0,-168,0,0,50,0,384,100,192,132,0,0,-132,0,0,100,0,0,16,192,68,0,0,-168,0,0,100,0,0,88,192,140,0,0,-256,0,0,100,0,0,1344,192,256,0,
0,28,0,-256,0,0,100,0,192,1344,192,256,0,0,-256,0,1,0,0,960,0,192,256,0,119,-148,0,0,25,0,136,976,48,48,0,119,-148,0,0,100,0,264,976,48,48,0,70,-159,0,0,0,0,8,400,48,48,0,69,-142,0,0,25,0,1032,464,48,48,0,69,-142,0,0,100,0,1032,528,48,48,0,35,-163,0,0,0,0,896,720,64,48,0,50,-156,1,0,25,0,1024,592,64,48,0,50,-156,1,0,100,0,1024,656,64,48,0,69,-152,1,0,25,0,968,336,48,48,0,69,-152,1,0,100,0,968,400,48,48,0,60,-184,0,0,25,0,136,976,48,48,0,60,-184,0,0,100,0,264,976,48,48,0,56,-140,0,1,100,0,192,128,80,60,0,32,-108,0,1,100,0,192,188,128,68,0,0,-234,0,0,50,0,576,0,192,128,0,56,-230,0,0,50,0,1304,352,88,96,0,56,-230,0,0,100,0,1216,352,88,96,0,52,-234,0,0,100,0,820,0,128,124,0,0,-256,0,1,0,0,1152,0,192,256,0,0,-256,0,1,0,0,1344,0,192,256,0,0,-168,0,1,50,0,384,0,192,100,0,0,-172,0,0,50,0,192,12,192,108,0,0,-168,0,0,50,0,384,100,192,132,0,0,-132,0,0,100,0,0,16,192,68,0,0,-168,0,0,100,0,0,88,192,140,0,0,-256,0,0,100,0,0,1344,192,256,0,
0,28,0,-256,0,0,100,0,192,1344,192,256,0,0,-256,0,1,0,0,960,0,192,256,0,119,-148,0,0,25,0,136,976,48,48,0,119,-148,0,0,100,0,264,976,48,48,0,70,-159,0,0,0,0,8,400,48,48,0,65,-145,0,0,25,0,1096,464,48,48,0,65,-145,0,0,100,0,1096,528,48,48,0,70,-148,1,0,25,0,1032,336,48,48,0,70,-148,1,0,100,0,1032,400,48,48,0,35,-163,0,0,0,0,896,720,64,48,0,62,-152,1,0,25,0,1088,592,64,48,0,62,-152,1,0,100,0,1088,656,64,48,0,60,-184,0,0,25,0,136,976,48,48,0,60,-184,0,0,100,0,264,976,48,48,0,56,-140,0,1,100,0,192,128,80,60,0,32,-108,0,1,100,0,192,188,128,68,0,0,-234,0,0,50,0,576,0,192,128,0,56,-230,0,0,50,0,1304,448,88,96,0,56,-230,0,0,100,0,1216,448,88,96,0,52,-234,0,0,100,0,820,0,128,124,0,0,-256,0,1,0,0,1152,0,192,256,0,0,-256,0,1,0,0,1344,0,192,256,0,0,-168,0,1,50,0,384,0,192,100,0,0,-172,0,0,50,0,192,12,192,108,0,0,-168,0,0,50,0,384,100,192,132,0,0,-132,0,0,100,0,0,16,192,68,0,0,-168,0,0,100,0,0,88,192,140,0,0,-256,0,0,100,0,0,1344,192,256,0,
0,28,0,-256,0,0,100,0,192,1344,192,256,0,0,-256,0,1,0,0,960,0,192,256,0,119,-148,0,0,25,0,136,976,48,48,0,119,-148,0,0,100,0,264,976,48,48,0,70,-159,0,0,0,0,8,400,48,48,0,69,-146,1,0,25,0,1096,336,48,48,0,69,-146,1,0,100,0,1096,400,48,48,0,61,-147,0,0,25,0,1096,464,48,48,0,61,-147,0,0,100,0,1096,528,48,48,0,35,-163,0,0,0,0,896,720,64,48,0,68,-152,1,0,25,0,1088,592,64,48,0,68,-152,1,0,100,0,1088,656,64,48,0,60,-184,0,0,25,0,136,976,48,48,0,60,-184,0,0,100,0,264,976,48,48,0,56,-140,0,1,100,0,192,128,80,60,0,32,-108,0,1,100,0,192,188,128,68,0,0,-234,0,0,50,0,576,0,192,128,0,56,-230,0,0,50,0,1304,544,88,96,0,56,-230,0,0,100,0,1216,544,88,96,0,52,-234,0,0,100,0,820,0,128,124,0,0,-256,0,1,0,0,1152,0,192,256,0,0,-256,0,1,0,0,1344,0,192,256,0,0,-168,0,1,50,0,384,0,192,100,0,0,-172,0,0,50,0,192,12,192,108,0,0,-168,0,0,50,0,384,100,192,132,0,0,-132,0,0,100,0,0,16,192,68,0,0,-168,0,0,100,0,0,88,192,140,0,0,-256,0,0,100,0,0,1344,192,256,0,
0,28,0,-256,0,0,100,0,192,1344,192,256,0,0,-256,0,1,0,0,960,0,192,256,0,119,-148,0,0,25,0,136,976,48,48,0,119,-148,0,0,100,0,264,976,48,48,0,70,-159,0,0,0,0,8,400,48,48,0,72,-143,0,0,25,0,328,272,48,48,0,72,-143,0,0,100,0,72,400,48,48,0,57,-151,0,0,25,0,1160,464,48,48,0,57,-151,0,0,100,0,1160,528,48,48,0,35,-163,0,0,0,0,896,720,64,48,0,74,-152,1,0,25,0,1152,592,64,48,0,74,-152,1,0,100,0,1152,656,64,48,0,60,-184,0,0,25,0,136,976,48,48,0,60,-184,0,0,100,0,264,976,48,48,0,56,-140,0,1,100,0,192,128,80,60,0,32,-108,0,1,100,0,192,188,128,68,0,0,-234,0,0,50,0,576,0,192,128,0,56,-230,0,0,50,0,1304,640,88,96,0,56,-230,0,0,100,0,1216,640,88,96,0,52,-234,0,0,100,0,820,0,128,124,0,0,-256,0,1,0,0,1152,0,192,256,0,0,-256,0,1,0,0,1344,0,192,256,0,0,-168,0,1,50,0,384,0,192,100,0,0,-172,0,0,50,0,192,12,192,108,0,0,-168,0,0,50,0,384,100,192,132,0,0,-132,0,0,100,0,0,16,192,68,0,0,-168,0,0,100,0,0,88,192,140,0,0,-256,0,0,100,0,0,1344,192,256,0,
0,34,0,-256,0,0,100,0,192,1344,192,256,0,71,-140,0,0,40,0,136,400,48,48,0,87,-150,0,0,40,0,712,720,48,48,0,58,-152,0,0,40,0,840,464,48,48,0,48,-236,0,1,100,0,872,1228,96,152,0,71,-140,0,0,100,0,136,400,48,48,0,68,-236,0,1,100,0,968,1228,108,152,0,87,-150,0,0,100,0,712,720,48,48,0,16,-236,1,1,100,0,968,1228,108,152,0,58,-152,0,0,100,0,840,464,48,48,0,119,-148,0,0,25,0,136,976,48,48,0,119,-148,0,0,100,0,264,976,48,48,0,60,-184,0,0,25,0,136,976,48,48,0,60,-184,0,0,100,0,264,976,48,48,0,44,-140,0,1,100,0,520,1520,104,64,0,87,-149,0,0,50,0,8,1296,48,48,0,71,-141,0,0,50,0,8,1296,48,48,0,56,-151,0,0,50,0,8,1296,48,48,0,56,-140,0,1,100,0,192,128,80,60,0,32,-108,0,1,100,0,192,188,128,68,0,0,-234,0,0,50,0,576,0,192,128,0,56,-230,0,0,50,0,1304,640,88,96,0,56,-230,0,0,100,0,1216,640,88,96,0,52,-234,0,0,100,0,820,0,128,124,0,0,-256,0,1,100,0,960,0,192,256,0,113,-148,0,0,50,0,200,1296,48,48,0,52,-183,0,0,50,0,200,1296,48,48,0,0,-256,0,1,100,0,1152,0,192,256,0,0,-256,0,1,100,0,1344,0,192,256,0,0,-168,0,1,100,0,384,0,192,100,0,0,-172,0,0,20,0,192,12,192,108,0,0,-132,0,0,100,0,0,16,192,68,0,0,-168,0,0,100,0,0,88,192,140,0,0,-256,0,0,100,0,0,1344,192,256,0,
0,34,0,-256,0,0,100,0,192,1344,192,256,0,71,-140,0,0,40,0,136,400,48,48,0,87,-150,0,0,40,0,712,720,48,48,0,58,-152,0,0,40,0,840,464,48,48,0,48,-236,0,1,100,0,872,1228,96,152,0,71,-140,0,0,100,0,136,400,48,48,0,68,-236,0,1,100,0,968,1228,108,152,0,87,-150,0,0,100,0,712,720,48,48,0,16,-236,1,1,100,0,968,1228,108,152,0,58,-152,0,0,100,0,840,464,48,48,0,119,-148,0,0,25,0,136,976,48,48,0,119,-148,0,0,100,0,264,976,48,48,0,60,-184,0,0,25,0,136,976,48,48,0,60,-184,0,0,100,0,264,976,48,48,0,44,-140,0,1,100,0,520,1520,104,64,0,87,-149,0,0,50,0,8,1296,48,48,0,71,-141,0,0,50,0,8,1296,48,48,0,56,-151,0,0,50,0,8,1296,48,48,0,56,-140,0,1,100,0,192,128,80,60,0,32,-108,0,1,100,0,192,188,128,68,0,0,-234,0,0,50,0,576,0,192,128,0,56,-230,0,0,50,0,1304,640,88,96,0,56,-230,0,0,100,0,1216,640,88,96,0,52,-234,0,0,100,0,820,0,128,124,0,0,-256,0,1,100,0,960,0,192,256,0,113,-148,0,0,50,0,200,1296,48,48,0,52,-183,0,0,50,0,200,1296,48,48,0,0,-256,0,1,100,0,1152,0,192,256,0,0,-256,0,1,100,0,1344,0,192,256,0,0,-168,0,1,100,0,384,0,192,100,0,0,-172,0,0,20,0,192,12,192,108,0,0,-132,0,0,100,0,0,16,192,68,0,0,-168,0,0,100,0,0,88,192,140,0,0,-256,0,0,100,0,0,1344,192,256,0,
0,34,0,-256,0,0,100,0,192,1344,192,256,0,71,-140,0,0,40,0,136,400,48,48,0,87,-150,0,0,40,0,712,720,48,48,0,58,-152,0,0,40,0,840,464,48,48,0,48,-236,0,1,100,0,872,1228,96,152,0,71,-140,0,0,100,0,136,400,48,48,0,68,-236,0,1,100,0,968,1228,108,152,0,87,-150,0,0,100,0,712,720,48,48,0,16,-236,1,1,100,0,968,1228,108,152,0,58,-152,0,0,100,0,840,464,48,48,0,119,-148,0,0,25,0,136,976,48,48,0,119,-148,0,0,100,0,264,976,48,48,0,60,-184,0,0,25,0,136,976,48,48,0,60,-184,0,0,100,0,264,976,48,48,0,44,-140,0,1,100,0,520,1520,104,64,0,87,-149,0,0,50,0,8,1296,48,48,0,71,-141,0,0,50,0,8,1296,48,48,0,56,-151,0,0,50,0,8,1296,48,48,0,56,-140,0,1,100,0,192,128,80,60,0,32,-108,0,1,100,0,192,188,128,68,0,0,-234,0,0,50,0,576,0,192,128,0,56,-230,0,0,50,0,1304,640,88,96,0,56,-230,0,0,100,0,1216,640,88,96,0,52,-234,0,0,100,0,820,0,128,124,0,0,-256,0,1,100,0,960,0,192,256,0,113,-148,0,0,50,0,200,1296,48,48,0,52,-183,0,0,50,0,200,1296,48,48,0,0,-256,0,1,100,0,1152,0,192,256,0,0,-256,0,1,100,0,1344,0,192,256,0,0,-168,0,1,100,0,384,0,192,100,0,0,-172,0,0,20,0,192,12,192,108,0,0,-132,0,0,100,0,0,16,192,68,0,0,-168,0,0,100,0,0,88,192,140,0,0,-256,0,0,100,0,0,1344,192,256,0,
0,37,0,-256,0,0,100,0,192,1344,192,256,0,71,-140,0,0,60,0,136,400,48,48,0,87,-150,0,0,60,0,712,720,48,48,0,58,-152,0,0,60,0,840,464,48,48,0,48,-236,0,1,80,0,872,1228,96,152,0,71,-140,0,0,100,0,200,400,48,48,0,68,-236,0,1,60,0,968,1228,108,152,0,91,-150,0,0,100,0,776,720,48,48,0,16,-236,1,1,30,0,968,1228,108,152,0,58,-152,0,0,100,0,904,464,48,48,0,119,-148,0,0,25,0,136,976,48,48,0,119,-148,0,0,100,0,264,976,48,48,0,60,-184,0,0,25,0,136,976,48,48,0,60,-184,0,0,100,0,264,976,48,48,0,44,-140,0,1,40,0,520,1520,104,64,0,16,-236,1,0,15,0,968,1228,108,152,0,68,-236,0,0,30,0,968,1228,108,152,0,87,-149,0,0,25,0,8,1296,48,48,0,71,-141,0,0,25,0,8,1296,48,48,0,56,-151,0,0,25,0,8,1296,48,48,0,56,-140,0,1,100,0,192,128,80,60,0,32,-108,0,1,100,0,192,188,128,68,0,0,-234,0,0,50,0,576,0,192,128,0,56,-230,0,0,50,0,1304,640,88,96,0,56,-230,0,0,100,0,1216,640,88,96,0,52,-234,0,0,100,0,820,0,128,124,0,0,-256,0,1,100,0,960,0,192,256,0,113,-148,0,0,25,0,200,1296,48,48,0,52,-183,0,0,25,0,200,1296,48,48,0,0,-256,0,1,50,0,1152,0,192,256,0,0,-256,0,1,100,0,1344,0,192,256,0,0,-168,0,1,50,0,384,0,192,100,0,0,-172,0,0,50,0,192,12,192,108,0,0,-168,0,0,25,0,384,100,192,132,0,0,-132,0,0,100,0,0,16,192,68,0,0,-168,0,0,100,0,0,88,192,140,0,0,-256,0,0,100,0,0,1344,192,256,0,
0,38,0,-256,0,0,100,0,192,1344,192,256,0,71,-140,0,0,30,0,136,400,48,48,0,87,-150,0,0,30,0,712,720,48,48,0,58,-152,0,0,30,0,840,464,48,48,0,48,-236,0,1,80,0,872,1228,96,152,0,71,-140,0,0,100,0,200,400,48,48,0,68,-236,0,1,40,0,968,1228,108,152,0,91,-150,0,0,100,0,776,720,48,48,0,16,-236,1,1,30,0,968,1228,108,152,0,58,-152,0,0,100,0,904,464,48,48,0,119,-148,0,0,25,0,136,976,48,48,0,119,-148,0,0,100,0,264,976,48,48,0,60,-184,0,0,25,0,136,976,48,48,0,60,-184,0,0,100,0,264,976,48,48,0,44,-140,0,1,30,0,520,1520,104,64,0,16,-236,1,0,15,0,968,1228,108,152,0,68,-236,0,0,30,0,968,1228,108,152,0,48,-236,0,0,30,0,872,1228,96,152,0,87,-149,0,0,10,0,8,1296,48,48,0,71,-141,0,0,10,0,8,1296,48,48,0,56,-151,0,0,10,0,8,1296,48,48,0,56,-140,0,1,100,0,192,128,80,60,0,32,-108,0,1,100,0,192,188,128,68,0,0,-234,0,0,50,0,576,0,192,128,0,56,-230,0,0,50,0,1304,640,88,96,0,56,-230,0,0,100,0,1216,640,88,96,0,52,-234,0,0,100,0,820,0,128,124,0,0,-256,0,1,100,0,960,0,192,256,0,113,-148,0,0,10,0,200,1296,48,48,0,52,-183,0,0,10,0,200,1296,48,48,0,0,-256,0,1,0,0,1152,0,192,256,0,0,-256,0,1,100,0,1344,0,192,256,0,0,-168,0,1,50,0,384,0,192,100,0,0,-172,0,0,50,0,192,12,192,108,0,0,-168,0,0,50,0,384,100,192,132,0,0,-132,0,0,100,0,0,16,192,68,0,0,-168,0,0,100,0,0,88,192,140,0,0,-256,0,0,100,0,0,1344,192,256,0,
0,33,0,-256,0,0,100,0,192,1344,192,256,0,71,-140,0,0,30,0,136,400,48,48,0,87,-150,0,0,30,0,712,720,48,48,0,58,-152,0,0,30,0,840,464,48,48,0,48,-236,0,1,60,0,872,1228,96,152,0,71,-140,0,0,100,0,200,400,48,48,0,68,-236,0,1,40,0,968,1228,108,152,0,91,-150,0,0,100,0,776,720,48,48,0,16,-236,1,1,30,0,968,1228,108,152,0,58,-152,0,0,100,0,904,464,48,48,0,119,-148,0,0,10,0,136,976,48,48,0,119,-148,0,0,50,0,264,976,48,48,0,60,-184,0,0,10,0,136,976,48,48,0,60,-184,0,0,50,0,264,976,48,48,0,44,-140,0,1,25,0,520,1520,104,64,0,16,-236,1,0,15,0,968,1228,108,152,0,68,-236,0,0,30,0,968,1228,108,152,0,48,-236,0,0,30,0,872,1228,96,152,0,56,-140,0,1,100,0,192,128,80,60,0,32,-108,0,1,100,0,192,188,128,68,0,0,-234,0,0,50,0,576,0,192,128,0,56,-230,0,0,50,0,1304,640,88,96,0,56,-230,0,0,100,0,1216,640,88,96,0,52,-234,0,0,100,0,820,0,128,124,0,0,-256,0,1,50,0,960,0,192,256,0,0,-256,0,1,0,0,1152,0,192,256,0,0,-256,0,1,100,0,1344,0,192,256,0,0,-168,0,1,50,0,384,0,192,100,0,0,-172,0,0,50,0,192,12,192,108,0,0,-168,0,0,50,0,384,100,192,132,0,0,-132,0,0,100,0,0,16,192,68,0,0,-168,0,0,100,0,0,88,192,140,0,0,-256,0,0,100,0,0,1344,192,256,0,
0,33,0,-256,0,0,100,0,192,1344,192,256,0,71,-140,0,0,25,0,136,400,48,48,0,87,-150,0,0,25,0,712,720,48,48,0,58,-152,0,0,25,0,840,464,48,48,0,48,-236,0,1,60,0,872,1228,96,152,0,71,-140,0,0,100,0,200,400,48,48,0,68,-236,0,1,40,0,968,1228,108,152,0,91,-150,0,0,100,0,776,720,48,48,0,16,-236,1,1,10,0,968,1228,108,152,0,58,-152,0,0,100,0,904,464,48,48,0,119,-148,0,0,0,0,136,976,48,48,0,119,-148,0,0,20,0,264,976,48,48,0,60,-184,0,0,0,0,136,976,48,48,0,60,-184,0,0,20,0,264,976,48,48,0,44,-140,0,1,25,0,520,1520,104,64,0,16,-236,1,0,15,0,968,1228,108,152,0,68,-236,0,0,30,0,968,1228,108,152,0,48,-236,0,0,30,0,872,1228,96,152,0,56,-140,0,1,100,0,192,128,80,60,0,32,-108,0,1,100,0,192,188,128,68,0,0,-234,0,0,50,0,576,0,192,128,0,56,-230,0,0,50,0,1304,640,88,96,0,56,-230,0,0,100,0,1216,640,88,96,0,52,-234,0,0,100,0,820,0,128,124,0,0,-256,0,1,25,0,960,0,192,256,0,0,-256,0,1,0,0,1152,0,192,256,0,0,-256,0,1,50,0,1344,0,192,256,0,0,-168,0,1,50,0,384,0,192,100,0,0,-172,0,0,50,0,192,12,192,108,0,0,-168,0,0,50,0,384,100,192,132,0,0,-132,0,0,100,0,0,16,192,68,0,0,-168,0,0,100,0,0,88,192,140,0,0,-256,0,0,100,0,0,1344,192,256,0,
0,33,0,-256,0,0,100,0,192,1344,192,256,0,71,-140,0,0,15,0,136,400,48,48,0,87,-150,0,0,15,0,712,720,48,48,0,58,-152,0,0,15,0,840,464,48,48,0,48,-236,0,1,50,0,872,1228,96,152,0,71,-140,0,0,50,0,200,400,48,48,0,68,-236,0,1,30,0,968,1228,108,152,0,91,-150,0,0,50,0,776,720,48,48,0,16,-236,1,1,10,0,968,1228,108,152,0,58,-152,0,0,50,0,904,464,48,48,0,119,-148,0,0,0,0,136,976,48,48,0,119,-148,0,0,0,0,264,976,48,48,0,60,-184,0,0,0,0,136,976,48,48,0,60,-184,0,0,0,0,264,976,48,48,0,44,-140,0,1,25,0,520,1520,104,64,0,16,-236,1,0,10,0,968,1228,108,152,0,68,-236,0,0,20,0,968,1228,108,152,0,48,-236,0,0,20,0,872,1228,96,152,0,56,-140,0,1,100,0,192,128,80,60,0,32,-108,0,1,100,0,192,188,128,68,0,0,-234,0,0,50,0,576,0,192,128,0,56,-230,0,0,50,0,1304,640,88,96,0,56,-230,0,0,100,0,1216,640,88,96,0,52,-234,0,0,100,0,820,0,128,124,0,0,-256,0,1,10,0,960,0,192,256,0,0,-256,0,1,0,0,1152,0,192,256,0,0,-256,0,1,25,0,1344,0,192,256,0,0,-168,0,1,50,0,384,0,192,100,0,0,-172,0,0,50,0,192,12,192,108,0,0,-168,0,0,50,0,384,100,192,132,0,0,-132,0,0,100,0,0,16,192,68,0,0,-168,0,0,100,0,0,88,192,140,0,0,-256,0,0,100,0,0,1344,192,256,0,
0,34,0,-256,0,0,100,0,192,1344,192,256,0,71,-140,0,0,5,0,136,400,48,48,0,74,-145,0,0,5,0,520,336,48,48,0,87,-150,0,0,5,0,712,720,48,48,0,58,-152,0,0,5,0,840,464,48,48,0,48,-236,0,1,40,0,872,1228,96,152,0,71,-140,0,0,25,0,200,400,48,48,0,68,-236,0,1,10,0,968,1228,108,152,0,91,-150,0,0,25,0,776,720,48,48,0,16,-236,1,1,5,0,968,1228,108,152,0,58,-152,0,0,25,0,904,464,48,48,0,119,-148,0,0,0,0,136,976,48,48,0,119,-148,0,0,0,0,264,976,48,48,0,60,-184,0,0,0,0,136,976,48,48,0,60,-184,0,0,0,0,264,976,48,48,0,44,-140,0,1,25,0,520,1520,104,64,0,16,-236,1,0,0,0,968,1228,108,152,0,68,-236,0,0,5,0,968,1228,108,152,0,48,-236,0,0,15,0,872,1228,96,152,0,56,-140,0,1,100,0,192,128,80,60,0,32,-108,0,1,100,0,192,188,128,68,0,0,-234,0,0,50,0,576,0,192,128,0,56,-230,0,0,50,0,1304,640,88,96,0,56,-230,0,0,100,0,1216,640,88,96,0,52,-234,0,0,100,0,820,0,128,124,0,0,-256,0,1,0,0,960,0,192,256,0,0,-256,0,1,0,0,1152,0,192,256,0,0,-256,0,1,10,0,1344,0,192,256,0,0,-168,0,1,50,0,384,0,192,100,0,0,-172,0,0,50,0,192,12,192,108,0,0,-168,0,0,50,0,384,100,192,132,0,0,-132,0,0,100,0,0,16,192,68,0,0,-168,0,0,100,0,0,88,192,140,0,0,-256,0,0,100,0,0,1344,192,256,0,
0,33,0,-256,0,0,100,0,192,1344,192,256,0,71,-140,0,0,5,0,136,400,48,48,0,87,-150,0,0,5,0,712,720,48,48,0,58,-152,0,0,5,0,840,464,48,48,0,48,-236,0,1,30,0,872,1228,96,152,0,71,-140,0,0,10,0,200,400,48,48,0,68,-236,0,1,5,0,968,1228,108,152,0,91,-150,0,0,10,0,776,720,48,48,0,16,-236,1,1,0,0,968,1228,108,152,0,58,-152,0,0,10,0,904,464,48,48,0,119,-148,0,0,0,0,136,976,48,48,0,119,-148,0,0,0,0,264,976,48,48,0,60,-184,0,0,0,0,136,976,48,48,0,60,-184,0,0,0,0,264,976,48,48,0,44,-140,0,1,25,0,520,1520,104,64,0,16,-236,1,0,0,0,968,1228,108,152,0,68,-236,0,0,0,0,968,1228,108,152,0,48,-236,0,0,10,0,872,1228,96,152,0,56,-140,0,1,100,0,192,128,80,60,0,32,-108,0,1,100,0,192,188,128,68,0,0,-234,0,0,50,0,576,0,192,128,0,56,-230,0,0,50,0,1304,640,88,96,0,56,-230,0,0,100,0,1216,640,88,96,0,52,-234,0,0,100,0,820,0,128,124,0,0,-256,0,1,0,0,960,0,192,256,0,0,-256,0,1,0,0,1152,0,192,256,0,0,-256,0,1,0,0,1344,0,192,256,0,0,-168,0,1,50,0,384,0,192,100,0,0,-172,0,0,50,0,192,12,192,108,0,0,-168,0,0,50,0,384,100,192,132,0,0,-132,0,0,100,0,0,16,192,68,0,0,-168,0,0,100,0,0,88,192,140,0,0,-256,0,0,100,0,0,1344,192,256,0,
0,33,0,-256,0,0,100,0,192,1344,192,256,0,71,-140,0,0,0,0,136,400,48,48,0,74,-145,0,0,0,0,520,336,48,48,0,87,-150,0,0,0,0,712,720,48,48,0,58,-152,0,0,0,0,840,464,48,48,0,48,-236,0,1,15,0,872,1228,96,152,0,71,-140,0,0,5,0,200,400,48,48,0,68,-236,0,1,0,0,968,1228,108,152,0,91,-150,0,0,5,0,776,720,48,48,0,16,-236,1,1,0,0,968,1228,108,152,0,58,-152,0,0,5,0,904,464,48,48,0,119,-148,0,0,0,0,136,976,48,48,0,119,-148,0,0,0,0,264,976,48,48,0,60,-184,0,0,0,0,136,976,48,48,0,60,-184,0,0,0,0,264,976,48,48,0,44,-140,0,1,25,0,520,1520,104,64,0,16,-236,1,0,0,0,968,1228,108,152,0,68,-236,0,0,0,0,968,1228,108,152,0,48,-236,0,0,5,0,872,1228,96,152,0,56,-140,0,1,100,0,192,128,80,60,0,32,-108,0,1,100,0,192,188,128,68,0,0,-234,0,0,50,0,576,0,192,128,0,56,-230,0,0,50,0,1304,640,88,96,0,56,-230,0,0,100,0,1216,640,88,96,0,52,-234,0,0,100,0,820,0,128,124,0,0,-256,0,1,0,0,1152,0,192,256,0,0,-256,0,1,0,0,1344,0,192,256,0,0,-168,0,1,50,0,384,0,192,100,0,0,-172,0,0,50,0,192,12,192,108,0,0,-168,0,0,50,0,384,100,192,132,0,0,-132,0,0,100,0,0,16,192,68,0,0,-168,0,0,100,0,0,88,192,140,0,0,-256,0,0,100,0,0,1344,192,256,0,
0,38,0,-256,0,0,100,0,192,1344,192,256,0,0,-256,0,1,0,0,960,0,192,256,0,74,-145,0,0,0,0,520,336,48,48,0,87,-148,0,0,0,0,712,720,48,48,0,59,-152,0,0,0,0,840,464,48,48,0,48,-236,0,1,0,0,872,1228,96,152,0,74,-145,0,0,0,0,584,336,48,48,0,68,-236,0,1,0,0,968,1228,108,152,0,91,-148,0,0,0,0,776,720,48,48,0,16,-236,1,1,0,0,968,1228,108,152,0,59,-152,0,0,0,0,904,464,48,48,0,119,-148,0,0,0,0,136,976,48,48,0,119,-148,0,0,0,0,264,976,48,48,0,60,-184,0,0,0,0,136,976,48,48,0,60,-184,0,0,0,0,264,976,48,48,0,44,-140,0,1,10,0,520,1520,104,64,0,16,-236,1,0,0,0,968,1228,108,152,0,68,-236,0,0,0,0,968,1228,108,152,0,48,-236,0,0,0,0,872,1228,96,152,0,123,-147,0,0,0,0,8,1296,48,48,0,84,-146,0,0,0,0,8,1296,48,48,0,66,-159,0,1,0,0,72,1296,48,48,0,51,-163,0,0,0,0,8,1296,48,48,0,58,-181,0,0,0,0,8,1296,48,48,0,56,-140,0,1,100,0,192,128,80,60,0,32,-108,0,1,100,0,192,188,128,68,0,0,-234,0,0,50,0,576,0,192,128,0,56,-230,0,0,50,0,1304,640,88,96,0,56,-230,0,0,100,0,1216,640,88,96,0,52,-234,0,0,100,0,820,0,128,124,0,0,-256,0,1,0,0,1152,0,192,256,0,0,-256,0,1,0,0,1344,0,192,256,0,0,-168,0,1,50,0,384,0,192,100,0,0,-172,0,0,50,0,192,12,192,108,0,0,-168,0,0,50,0,384,100,192,132,0,0,-132,0,0,100,0,0,16,192,68,0,0,-168,0,0,100,0,0,88,192,140,0,0,-256,0,0,100,0,0,1344,192,256,0,
0,0,
0,36,0,-256,0,0,100,0,192,1344,192,256,0,0,-256,0,1,100,0,960,0,192,256,0,74,-145,0,0,60,0,520,336,48,48,0,89,-148,0,0,60,0,712,720,48,48,0,56,-152,0,0,60,0,840,464,48,48,0,48,-236,0,1,40,0,872,1228,96,152,0,74,-145,0,0,100,0,520,336,48,48,0,68,-236,0,1,40,0,968,1228,108,152,0,89,-148,0,0,100,0,712,720,48,48,0,16,-236,1,1,40,0,968,1228,108,152,0,56,-152,0,0,100,0,840,464,48,48,0,119,-148,0,0,25,0,136,976,48,48,0,119,-148,0,0,100,0,264,976,48,48,0,60,-184,0,0,25,0,136,976,48,48,0,60,-184,0,0,100,0,264,976,48,48,0,44,-140,0,1,50,0,520,1520,104,64,0,16,-236,1,0,30,0,968,1228,108,152,0,68,-236,0,0,30,0,968,1228,108,152,0,48,-236,0,0,30,0,872,1228,96,152,0,123,-147,0,0,50,0,8,1296,48,48,0,84,-146,0,0,50,0,8,1296,48,48,0,66,-159,0,1,50,0,72,1296,48,48,0,51,-163,0,0,50,0,8,1296,48,48,0,58,-181,0,0,50,0,8,1296,48,48,0,56,-140,0,1,100,0,192,128,80,60,0,32,-108,0,1,100,0,192,188,128,68,0,0,-234,0,0,50,0,576,0,192,128,0,52,-234,0,0,100,0,820,0,128,124,0,0,-256,0,1,100,0,1152,0,192,256,0,0,-256,0,1,100,0,1344,0,192,256,0,0,-168,0,1,50,0,384,0,192,100,0,0,-172,0,0,50,0,192,12,192,108,0,0,-168,0,0,50,0,384,100,192,132,0,0,-132,0,0,100,0,0,16,192,68,0,0,-168,0,0,100,0,0,88,192,140,0,0,-256,0,0,100,0,0,1344,192,256,0,
0,36,0,-256,0,0,100,0,192,1344,192,256,0,0,-256,0,1,100,0,960,0,192,256,0,74,-145,0,0,60,0,520,336,48,48,0,89,-148,0,0,60,0,712,720,48,48,0,56,-152,0,0,60,0,840,464,48,48,0,48,-236,0,1,40,0,872,1228,96,152,0,74,-145,0,0,100,0,520,336,48,48,0,68,-236,0,1,40,0,968,1228,108,152,0,89,-148,0,0,100,0,712,720,48,48,0,16,-236,1,1,40,0,968,1228,108,152,0,56,-152,0,0,100,0,840,464,48,48,0,119,-148,0,0,25,0,136,976,48,48,0,119,-148,0,0,100,0,264,976,48,48,0,60,-184,0,0,25,0,136,976,48,48,0,60,-184,0,0,100,0,264,976,48,48,0,44,-140,0,1,50,0,520,1520,104,64,0,16,-236,1,0,30,0,968,1228,108,152,0,68,-236,0,0,30,0,968,1228,108,152,0,48,-236,0,0,30,0,872,1228,96,152,0,123,-147,0,0,50,0,8,1296,48,48,0,84,-146,0,0,50,0,8,1296,48,48,0,66,-159,0,1,50,0,72,1296,48,48,0,51,-163,0,0,50,0,8,1296,48,48,0,58,-181,0,0,50,0,8,1296,48,48,0,56,-140,0,1,100,0,192,128,80,60,0,32,-108,0,1,100,0,192,188,128,68,0,0,-234,0,0,50,0,576,0,192,128,0,52,-234,0,0,100,0,820,0,128,124,0,0,-256,0,1,100,0,1152,0,192,256,0,0,-256,0,1,100,0,1344,0,192,256,0,0,-168,0,1,50,0,384,0,192,100,0,0,-172,0,0,50,0,192,12,192,108,0,0,-168,0,0,50,0,384,100,192,132,0,0,-132,0,0,100,0,0,16,192,68,0,0,-168,0,0,100,0,0,88,192,140,0,0,-256,0,0,100,0,0,1344,192,256,0,
0,0,
0,0,
0,0,
0,0,
0,0,
0,0,
0,0,
0,20,0,-256,0,0,100,0,192,1344,192,256,0,0,-256,0,1,100,0,960,0,192,256,0,81,-134,0,0,100,0,8,464,48,48,0,70,-159,0,0,100,0,8,272,48,48,0,110,-149,0,0,100,0,8,912,48,48,0,34,-160,1,0,100,0,8,656,48,48,0,54,-177,0,0,100,0,8,912,48,48,0,81,-134,0,0,50,0,8,1296,48,48,0,74,-159,0,1,50,0,72,1296,48,48,0,110,-149,0,0,50,0,8,1296,48,48,0,34,-160,0,0,50,0,8,1296,48,48,0,54,-177,0,0,50,0,8,1296,48,48,0,56,-144,0,1,100,0,824,108,84,84,0,52,-234,0,0,100,0,820,0,128,124,0,0,-256,0,1,100,0,1152,0,192,256,0,0,-256,0,1,100,0,1344,0,192,256,0,56,-144,0,0,20,0,824,108,84,84,0,0,-256,0,1,100,0,384,0,192,256,0,0,-256,0,0,100,0,0,0,192,256,0,0,-256,0,0,100,0,0,1344,192,256,0,
