0,20,0,-256,0,0,80,0,192,1024,192,256,0,32,-132,0,1,100,0,320,0,32,48,0,110,-204,0,1,100,0,192,0,32,48,0,101,-150,0,1,100,0,352,48,32,32,0,95,-152,0,0,100,0,144,0,48,32,0,93,-134,0,0,100,0,144,128,48,16,0,73,-214,0,1,100,0,144,32,16,16,0,90,-236,0,1,50,0,320,48,16,48,0,38,-216,0,1,50,0,288,48,16,48,0,24,-225,0,1,90,0,448,0,144,160,0,61,-199,0,0,100,0,240,96,32,80,0,55,-147,0,0,20,0,592,48,112,80,0,23,-235,0,0,100,0,0,0,144,192,0,90,-236,0,1,60,0,320,48,16,48,0,38,-216,0,1,60,0,288,48,16,48,0,103,-216,0,0,80,0,224,48,64,32,0,112,-231,0,0,100,0,144,80,32,32,0,112,-237,0,1,100,0,176,80,32,48,0,78,-230,0,0,80,0,144,48,80,32,0,0,-256,0,0,80,0,0,1024,192,256,0,
0,20,0,-256,0,0,80,0,192,1024,192,256,0,32,-132,0,1,100,0,352,0,32,48,0,110,-204,0,1,100,0,224,0,32,48,0,101,-150,0,1,90,0,352,48,32,32,0,95,-152,0,0,100,0,144,0,48,32,0,93,-134,0,0,100,0,144,128,48,16,0,73,-214,0,1,90,0,144,32,16,16,0,90,-236,0,1,50,0,336,48,16,48,0,38,-216,0,1,50,0,304,48,16,48,0,24,-225,0,1,100,0,448,0,144,160,0,61,-199,0,0,100,0,240,96,32,80,0,55,-147,0,0,20,0,592,48,112,80,0,23,-235,0,0,100,0,0,0,144,192,0,90,-236,0,1,60,0,336,48,16,48,0,38,-216,0,1,60,0,304,48,16,48,0,103,-216,0,0,80,0,224,48,64,32,0,112,-231,0,0,100,0,144,80,32,32,0,112,-237,0,1,90,0,176,80,32,48,0,78,-230,0,0,80,0,144,48,80,32,0,0,-256,0,0,80,0,0,1024,192,256,0,
0,21,0,-256,0,0,80,0,192,1024,192,256,0,154,-156,0,0,20,0,128,192,32,48,0,32,-132,0,1,100,0,384,0,32,48,0,110,-204,0,1,100,0,256,0,32,48,0,101,-150,0,1,80,0,352,48,32,32,0,95,-152,0,0,100,0,144,0,48,32,0,93,-134,0,0,100,0,144,128,48,16,0,73,-214,0,1,80,0,144,32,16,16,0,90,-236,0,1,50,0,288,48,16,48,0,38,-216,0,1,50,0,320,48,16,48,0,24,-225,0,1,90,0,448,0,144,160,0,61,-199,0,0,100,0,240,96,32,80,0,55,-147,0,0,20,0,592,48,112,80,0,23,-235,0,0,100,0,0,0,144,192,0,90,-236,0,1,60,0,288,48,16,48,0,38,-216,0,1,60,0,320,48,16,48,0,102,-216,0,0,80,0,224,48,64,32,0,112,-231,0,0,100,0,144,80,32,32,0,112,-237,0,1,80,0,176,80,32,48,0,77,-230,0,0,80,0,144,48,80,32,0,0,-256,0,0,80,0,0,1024,192,256,0,
0,21,0,-256,0,0,80,0,192,1024,192,256,0,152,-155,0,0,40,0,32,192,32,48,0,32,-132,0,1,100,0,416,0,32,48,0,110,-204,0,1,100,0,288,0,32,48,0,101,-150,0,1,90,0,352,48,32,32,0,95,-152,0,0,100,0,144,0,48,32,0,93,-134,0,0,100,0,144,128,48,16,0,73,-214,0,1,90,0,144,32,16,16,0,90,-236,0,1,50,0,304,48,16,48,0,38,-216,0,1,50,0,336,48,16,48,0,24,-225,0,1,100,0,448,0,144,160,0,61,-199,0,0,100,0,240,96,32,80,0,55,-147,0,0,20,0,592,48,112,80,0,23,-235,0,0,100,0,0,0,144,192,0,90,-236,0,1,60,0,304,48,16,48,0,38,-216,0,1,60,0,336,48,16,48,0,102,-216,0,0,80,0,224,48,64,32,0,112,-231,0,0,100,0,144,80,32,32,0,112,-237,0,1,70,0,176,80,32,48,0,77,-230,0,0,80,0,144,48,80,32,0,0,-256,0,0,80,0,0,1024,192,256,0,
0,21,0,-256,0,0,80,0,192,1024,192,256,0,150,-154,0,0,60,0,64,192,32,48,0,32,-132,0,1,100,0,320,0,32,48,0,110,-204,0,1,100,0,192,0,32,48,0,101,-150,0,1,100,0,352,48,32,32,0,95,-152,0,0,100,0,144,0,48,32,0,93,-134,0,0,100,0,144,128,48,16,0,73,-214,0,1,100,0,144,32,16,16,0,90,-236,0,1,50,0,320,48,16,48,0,38,-216,0,1,50,0,288,48,16,48,0,24,-225,0,1,90,0,448,0,144,160,0,61,-199,0,0,100,0,240,96,32,80,0,55,-147,0,0,20,0,592,48,112,80,0,23,-235,0,0,100,0,0,0,144,192,0,90,-236,0,1,60,0,320,48,16,48,0,38,-216,0,1,60,0,288,48,16,48,0,101,-216,0,0,80,0,224,48,64,32,0,112,-231,0,0,100,0,144,80,32,32,0,112,-237,0,1,60,0,176,80,32,48,0,78,-230,0,0,80,0,144,48,80,32,0,0,-256,0,0,80,0,0,1024,192,256,0,
0,21,0,-256,0,0,80,0,192,1024,192,256,0,148,-153,0,0,80,0,64,192,32,48,0,32,-132,0,1,100,0,352,0,32,48,0,110,-204,0,1,100,0,224,0,32,48,0,101,-150,0,1,90,0,352,48,32,32,0,95,-152,0,0,100,0,144,0,48,32,0,93,-134,0,0,100,0,144,128,48,16,0,73,-214,0,1,90,0,144,32,16,16,0,90,-236,0,1,50,0,336,48,16,48,0,38,-216,0,1,50,0,304,48,16,48,0,24,-225,0,1,100,0,448,0,144,160,0,61,-199,0,0,100,0,240,96,32,80,0,55,-147,0,0,20,0,592,48,112,80,0,23,-235,0,0,100,0,0,0,144,192,0,90,-236,0,1,60,0,336,48,16,48,0,38,-216,0,1,60,0,304,48,16,48,0,101,-216,0,0,80,0,224,48,64,32,0,112,-231,0,0,100,0,144,80,32,32,0,112,-237,0,1,70,0,176,80,32,48,0,78,-230,0,0,80,0,144,48,80,32,0,0,-256,0,0,80,0,0,1024,192,256,0,
0,22,0,-256,0,0,80,0,192,1024,192,256,0,146,-152,0,0,100,0,96,192,32,48,0,145,-120,0,0,20,0,144,112,32,16,0,32,-132,0,1,100,0,384,0,32,48,0,110,-204,0,1,100,0,256,0,32,48,0,101,-150,0,1,80,0,352,48,32,32,0,95,-152,0,0,100,0,144,0,48,32,0,93,-134,0,0,100,0,144,128,48,16,0,73,-214,0,1,80,0,144,32,16,16,0,90,-236,0,1,50,0,288,48,16,48,0,38,-216,0,1,50,0,320,48,16,48,0,24,-225,0,1,90,0,448,0,144,160,0,61,-199,0,0,100,0,240,96,32,80,0,55,-147,0,0,20,0,592,48,112,80,0,23,-235,0,0,100,0,0,0,144,192,0,90,-236,0,1,60,0,288,48,16,48,0,38,-216,0,1,60,0,320,48,16,48,0,102,-216,0,0,80,0,224,48,64,32,0,112,-231,0,0,100,0,144,80,32,32,0,112,-237,0,1,80,0,176,80,32,48,0,79,-230,0,0,80,0,144,48,80,32,0,0,-256,0,0,80,0,0,1024,192,256,0,
0,22,0,-256,0,0,80,0,192,1024,192,256,0,144,-151,0,0,100,0,128,192,32,48,0,143,-119,0,0,40,0,144,112,32,16,0,32,-132,0,1,100,0,416,0,32,48,0,110,-204,0,1,100,0,288,0,32,48,0,101,-150,0,1,90,0,352,48,32,32,0,95,-152,0,0,100,0,144,0,48,32,0,93,-134,0,0,100,0,144,128,48,16,0,73,-214,0,1,90,0,144,32,16,16,0,90,-236,0,1,50,0,304,48,16,48,0,38,-216,0,1,50,0,336,48,16,48,0,24,-225,0,1,100,0,448,0,144,160,0,61,-199,0,0,100,0,240,96,32,80,0,55,-147,0,0,20,0,592,48,112,80,0,23,-235,0,0,100,0,0,0,144,192,0,90,-236,0,1,60,0,304,48,16,48,0,38,-216,0,1,60,0,336,48,16,48,0,102,-216,0,0,80,0,224,48,64,32,0,112,-231,0,0,100,0,144,80,32,32,0,112,-237,0,1,90,0,176,80,32,48,0,79,-230,0,0,80,0,144,48,80,32,0,0,-256,0,0,80,0,0,1024,192,256,0,
0,22,0,-256,0,0,80,0,192,1024,192,256,0,141,-150,0,0,100,0,32,192,32,48,0,140,-118,0,0,60,0,144,112,32,16,0,32,-132,0,1,100,0,320,0,32,48,0,110,-204,0,1,100,0,192,0,32,48,0,101,-150,0,1,100,0,352,48,32,32,0,95,-152,0,0,100,0,144,0,48,32,0,93,-134,0,0,100,0,144,128,48,16,0,73,-214,0,1,100,0,144,32,16,16,0,90,-236,0,1,50,0,320,48,16,48,0,38,-216,0,1,50,0,288,48,16,48,0,24,-225,0,1,90,0,448,0,144,160,0,61,-199,0,0,100,0,240,96,32,80,0,55,-147,0,0,20,0,592,48,112,80,0,23,-235,0,0,100,0,0,0,144,192,0,90,-236,0,1,60,0,320,48,16,48,0,38,-216,0,1,60,0,288,48,16,48,0,103,-216,0,0,80,0,224,48,64,32,0,112,-231,0,0,100,0,144,80,32,32,0,112,-237,0,1,100,0,176,80,32,48,0,78,-230,0,0,80,0,144,48,80,32,0,0,-256,0,0,80,0,0,1024,192,256,0,
0,22,0,-256,0,0,80,0,192,1024,192,256,0,138,-149,0,0,100,0,64,192,32,48,0,137,-117,0,0,80,0,144,112,32,16,0,32,-132,0,1,100,0,352,0,32,48,0,110,-204,0,1,100,0,224,0,32,48,0,101,-150,0,1,90,0,352,48,32,32,0,95,-152,0,0,100,0,144,0,48,32,0,93,-134,0,0,100,0,144,128,48,16,0,73,-214,0,1,90,0,144,32,16,16,0,90,-236,0,1,50,0,336,48,16,48,0,38,-216,0,1,50,0,304,48,16,48,0,24,-225,0,1,100,0,448,0,144,160,0,61,-199,0,0,100,0,240,96,32,80,0,55,-147,0,0,20,0,592,48,112,80,0,23,-235,0,0,100,0,0,0,144,192,0,90,-236,0,1,60,0,336,48,16,48,0,38,-216,0,1,60,0,304,48,16,48,0,103,-216,0,0,80,0,224,48,64,32,0,112,-231,0,0,100,0,144,80,32,32,0,112,-237,0,1,90,0,176,80,32,48,0,78,-230,0,0,80,0,144,48,80,32,0,0,-256,0,0,80,0,0,1024,192,256,0,
0,22,0,-256,0,0,80,0,192,1024,192,256,0,135,-148,0,0,100,0,96,192,32,48,0,134,-116,0,0,100,0,144,112,32,16,0,32,-132,0,1,100,0,384,0,32,48,0,110,-204,0,1,100,0,256,0,32,48,0,101,-150,0,1,80,0,352,48,32,32,0,95,-152,0,0,100,0,144,0,48,32,0,93,-134,0,0,100,0,144,128,48,16,0,73,-214,0,1,80,0,144,32,16,16,0,90,-236,0,1,50,0,288,48,16,48,0,38,-216,0,1,50,0,320,48,16,48,0,24,-225,0,1,90,0,448,0,144,160,0,61,-199,0,0,100,0,240,96,32,80,0,55,-147,0,0,20,0,592,48,112,80,0,23,-235,0,0,100,0,0,0,144,192,0,90,-236,0,1,60,0,288,48,16,48,0,38,-216,0,1,60,0,320,48,16,48,0,102,-216,0,0,80,0,224,48,64,32,0,112,-231,0,0,100,0,144,80,32,32,0,112,-237,0,1,80,0,176,80,32,48,0,77,-230,0,0,80,0,144,48,80,32,0,0,-256,0,0,80,0,0,1024,192,256,0,
0,22,0,-256,0,0,80,0,192,1024,192,256,0,132,-147,0,0,100,0,128,192,32,48,0,131,-115,0,0,100,0,144,112,32,16,0,32,-132,0,1,100,0,416,0,32,48,0,110,-204,0,1,100,0,288,0,32,48,0,101,-150,0,1,90,0,352,48,32,32,0,95,-152,0,0,100,0,144,0,48,32,0,93,-134,0,0,100,0,144,128,48,16,0,73,-214,0,1,90,0,144,32,16,16,0,90,-236,0,1,50,0,304,48,16,48,0,38,-216,0,1,50,0,336,48,16,48,0,24,-225,0,1,100,0,448,0,144,160,0,61,-199,0,0,100,0,240,96,32,80,0,55,-147,0,0,20,0,592,48,112,80,0,23,-235,0,0,100,0,0,0,144,192,0,90,-236,0,1,60,0,304,48,16,48,0,38,-216,0,1,60,0,336,48,16,48,0,102,-216,0,0,80,0,224,48,64,32,0,112,-231,0,0,100,0,144,80,32,32,0,112,-237,0,1,70,0,176,80,32,48,0,77,-230,0,0,80,0,144,48,80,32,0,0,-256,0,0,80,0,0,1024,192,256,0,
0,22,0,-256,0,0,80,0,192,1024,192,256,0,129,-146,0,0,100,0,32,192,32,48,0,128,-114,0,0,100,0,144,112,32,16,0,32,-132,0,1,100,0,320,0,32,48,0,110,-204,0,1,100,0,192,0,32,48,0,101,-150,0,1,100,0,352,48,32,32,0,95,-152,0,0,100,0,144,0,48,32,0,93,-134,0,0,100,0,144,128,48,16,0,73,-214,0,1,100,0,144,32,16,16,0,90,-236,0,1,50,0,320,48,16,48,0,38,-216,0,1,50,0,288,48,16,48,0,24,-225,0,1,90,0,448,0,144,160,0,61,-199,0,0,100,0,240,96,32,80,0,55,-147,0,0,20,0,592,48,112,80,0,23,-235,0,0,100,0,0,0,144,192,0,90,-236,0,1,60,0,320,48,16,48,0,38,-216,0,1,60,0,288,48,16,48,0,101,-216,0,0,80,0,224,48,64,32,0,112,-231,0,0,100,0,144,80,32,32,0,112,-237,0,1,60,0,176,80,32,48,0,78,-230,0,0,80,0,144,48,80,32,0,0,-256,0,0,80,0,0,1024,192,256,0,
0,22,0,-256,0,0,80,0,192,1024,192,256,0,126,-145,0,0,100,0,64,192,32,48,0,125,-113,0,0,100,0,144,112,32,16,0,32,-132,0,1,100,0,352,0,32,48,0,110,-204,0,1,100,0,224,0,32,48,0,101,-150,0,1,90,0,352,48,32,32,0,95,-152,0,0,100,0,144,0,48,32,0,93,-134,0,0,100,0,144,128,48,16,0,73,-214,0,1,90,0,144,32,16,16,0,90,-236,0,1,50,0,336,48,16,48,0,38,-216,0,1,50,0,304,48,16,48,0,24,-225,0,1,100,0,448,0,144,160,0,61,-199,0,0,100,0,240,96,32,80,0,55,-147,0,0,20,0,592,48,112,80,0,23,-235,0,0,100,0,0,0,144,192,0,90,-236,0,1,60,0,336,48,16,48,0,38,-216,0,1,60,0,304,48,16,48,0,101,-216,0,0,80,0,224,48,64,32,0,112,-231,0,0,100,0,144,80,32,32,0,112,-237,0,1,70,0,176,80,32,48,0,78,-230,0,0,80,0,144,48,80,32,0,0,-256,0,0,80,0,0,1024,192,256,0,
0,22,0,-256,0,0,80,0,192,1024,192,256,0,123,-144,0,0,100,0,96,192,32,48,0,122,-112,0,0,100,0,144,112,32,16,0,32,-132,0,1,100,0,384,0,32,48,0,110,-204,0,1,100,0,256,0,32,48,0,101,-150,0,1,80,0,352,48,32,32,0,95,-152,0,0,100,0,144,0,48,32,0,93,-134,0,0,100,0,144,128,48,16,0,73,-214,0,1,80,0,144,32,16,16,0,90,-236,0,1,50,0,288,48,16,48,0,38,-216,0,1,50,0,320,48,16,48,0,24,-225,0,1,90,0,448,0,144,160,0,61,-199,0,0,100,0,240,96,32,80,0,55,-147,0,0,20,0,592,48,112,80,0,23,-235,0,0,100,0,0,0,144,192,0,90,-236,0,1,60,0,288,48,16,48,0,38,-216,0,1,60,0,320,48,16,48,0,102,-216,0,0,80,0,224,48,64,32,0,112,-231,0,0,100,0,144,80,32,32,0,112,-237,0,1,80,0,176,80,32,48,0,79,-230,0,0,80,0,144,48,80,32,0,0,-256,0,0,80,0,0,1024,192,256,0,
0,22,0,-256,0,0,80,0,192,1024,192,256,0,120,-143,0,0,100,0,128,192,32,48,0,119,-111,0,0,100,0,144,112,32,16,0,32,-132,0,1,100,0,416,0,32,48,0,110,-204,0,1,100,0,288,0,32,48,0,101,-150,0,1,90,0,352,48,32,32,0,95,-152,0,0,100,0,144,0,48,32,0,93,-134,0,0,100,0,144,128,48,16,0,73,-214,0,1,90,0,144,32,16,16,0,90,-236,0,1,50,0,304,48,16,48,0,38,-216,0,1,50,0,336,48,16,48,0,24,-225,0,1,100,0,448,0,144,160,0,61,-199,0,0,100,0,272,96,32,80,0,55,-147,0,0,20,0,592,48,112,80,0,23,-235,0,0,100,0,0,0,144,192,0,90,-236,0,1,60,0,304,48,16,48,0,38,-216,0,1,60,0,336,48,16,48,0,102,-216,0,0,80,0,224,48,64,32,0,112,-231,0,0,100,0,144,80,32,32,0,112,-237,0,1,90,0,176,80,32,48,0,79,-230,0,0,80,0,144,48,80,32,0,0,-256,0,0,80,0,0,1024,192,256,0,
0,22,0,-256,0,0,80,0,192,1024,192,256,0,117,-142,0,0,100,0,32,192,32,48,0,116,-110,0,0,100,0,144,112,32,16,0,32,-132,0,1,100,0,320,0,32,48,0,110,-204,0,1,100,0,192,0,32,48,0,101,-150,0,1,100,0,352,48,32,32,0,95,-152,0,0,100,0,144,0,48,32,0,93,-134,0,0,100,0,144,128,48,16,0,73,-214,0,1,100,0,144,32,16,16,0,90,-236,0,1,50,0,320,48,16,48,0,38,-216,0,1,50,0,288,48,16,48,0,24,-225,0,1,90,0,448,0,144,160,0,61,-199,0,0,100,0,304,96,32,96,0,55,-147,0,0,20,0,592,48,112,80,0,23,-235,0,0,100,0,0,0,144,192,0,90,-236,0,1,60,0,320,48,16,48,0,38,-216,0,1,60,0,288,48,16,48,0,103,-216,0,0,80,0,224,48,64,32,0,112,-231,0,0,100,0,144,80,32,32,0,112,-237,0,1,100,0,176,80,32,48,0,78,-230,0,0,80,0,144,48,80,32,0,0,-256,0,0,80,0,0,1024,192,256,0,
0,24,0,-256,0,0,80,0,192,1024,192,256,0,114,-141,0,0,100,0,64,192,32,48,0,113,-109,0,0,100,0,144,112,32,16,0,64,-174,0,0,100,0,400,48,16,64,0,32,-132,0,1,100,0,352,0,32,48,0,110,-204,0,1,100,0,224,0,32,48,0,101,-150,0,1,90,0,352,48,32,32,0,95,-152,0,0,100,0,144,0,48,32,0,93,-134,0,0,100,0,144,128,48,16,0,73,-214,0,1,90,0,144,32,16,16,0,90,-236,0,1,50,0,336,48,16,48,0,38,-216,0,1,50,0,304,48,16,48,0,24,-225,0,1,100,0,448,0,144,160,0,82,-187,0,1,100,0,416,48,16,64,0,61,-199,0,0,100,0,336,96,48,96,0,55,-147,0,0,20,0,592,48,112,80,0,23,-235,0,0,100,0,0,0,144,192,0,90,-236,0,1,60,0,336,48,16,48,0,38,-216,0,1,60,0,304,48,16,48,0,103,-216,0,0,80,0,224,48,64,32,0,112,-231,0,0,100,0,144,80,32,32,0,112,-237,0,1,90,0,176,80,32,48,0,78,-230,0,0,80,0,144,48,80,32,0,0,-256,0,0,80,0,0,1024,192,256,0,
0,24,0,-256,0,0,80,0,192,1024,192,256,0,112,-140,0,0,100,0,96,192,32,48,0,111,-108,0,0,100,0,144,112,32,16,0,64,-174,0,0,100,0,400,48,16,64,0,32,-132,0,1,100,0,384,0,32,48,0,110,-204,0,1,100,0,256,0,32,48,0,101,-150,0,1,80,0,352,48,32,32,0,95,-152,0,0,100,0,144,0,48,32,0,93,-134,0,0,100,0,144,128,48,16,0,73,-214,0,1,80,0,144,32,16,16,0,90,-236,0,1,50,0,288,48,16,48,0,38,-216,0,1,50,0,320,48,16,48,0,24,-225,0,1,90,0,448,0,144,160,0,82,-187,0,1,100,0,416,48,16,64,0,61,-199,0,0,100,0,336,96,48,96,0,55,-147,0,0,20,0,592,48,112,80,0,23,-235,0,0,100,0,0,0,144,192,0,90,-236,0,1,60,0,288,48,16,48,0,38,-216,0,1,60,0,320,48,16,48,0,102,-216,0,0,80,0,224,48,64,32,0,112,-231,0,0,100,0,144,80,32,32,0,112,-237,0,1,80,0,176,80,32,48,0,77,-230,0,0,80,0,144,48,80,32,0,0,-256,0,0,80,0,0,1024,192,256,0,
0,26,0,-256,0,0,80,0,192,1024,192,256,0,110,-139,0,0,100,0,128,192,32,48,0,109,-107,0,0,100,0,144,112,32,16,0,64,-174,0,0,100,0,400,48,16,64,0,64,-155,0,0,100,0,48,240,48,48,0,62,-126,0,0,100,0,144,128,48,16,0,32,-132,0,1,100,0,416,0,32,48,0,110,-204,0,1,100,0,288,0,32,48,0,101,-150,0,1,90,0,352,48,32,32,0,95,-152,0,0,100,0,144,0,48,32,0,93,-134,0,0,100,0,144,128,48,16,0,73,-214,0,1,90,0,144,32,16,16,0,90,-236,0,1,50,0,304,48,16,48,0,38,-216,0,1,50,0,336,48,16,48,0,24,-225,0,1,100,0,448,0,144,160,0,82,-187,0,1,100,0,416,48,16,64,0,61,-199,0,0,100,0,336,96,48,96,0,55,-147,0,0,20,0,592,48,112,80,0,23,-235,0,0,100,0,0,0,144,192,0,90,-236,0,1,60,0,304,48,16,48,0,38,-216,0,1,60,0,336,48,16,48,0,102,-216,0,0,80,0,224,48,64,32,0,112,-231,0,0,100,0,144,80,32,32,0,112,-237,0,1,70,0,176,80,32,48,0,77,-230,0,0,80,0,144,48,80,32,0,0,-256,0,0,80,0,0,1024,192,256,0,
0,26,0,-256,0,0,80,0,192,1024,192,256,0,108,-138,0,0,100,0,208,144,32,48,0,107,-106,0,0,100,0,144,112,32,16,0,64,-174,0,0,100,0,400,48,16,64,0,67,-146,0,0,100,0,96,240,48,48,0,67,-120,0,0,100,0,144,128,48,16,0,32,-132,0,1,100,0,320,0,32,48,0,110,-204,0,1,100,0,192,0,32,48,0,101,-150,0,1,100,0,352,48,32,32,0,95,-152,0,0,100,0,144,0,48,32,0,93,-134,0,0,100,0,144,128,48,16,0,73,-214,0,1,100,0,144,32,16,16,0,90,-236,0,1,50,0,320,48,16,48,0,38,-216,0,1,50,0,288,48,16,48,0,24,-225,0,1,90,0,448,0,144,160,0,82,-187,0,1,100,0,416,48,16,64,0,61,-199,0,0,100,0,336,96,48,96,0,55,-147,0,0,20,0,592,48,112,80,0,23,-235,0,0,100,0,0,0,144,192,0,90,-236,0,1,60,0,320,48,16,48,0,38,-216,0,1,60,0,288,48,16,48,0,101,-216,0,0,80,0,224,48,64,32,0,112,-231,0,0,100,0,144,80,32,32,0,112,-237,0,1,60,0,176,80,32,48,0,78,-230,0,0,80,0,144,48,80,32,0,0,-256,0,0,80,0,0,1024,192,256,0,
0,27,0,-256,0,0,80,0,192,1024,192,256,0,104,-129,0,0,100,0,144,144,16,16,0,108,-138,0,0,100,0,160,192,32,48,0,105,-105,0,0,100,0,144,112,32,16,0,64,-174,0,0,100,0,400,48,16,64,0,70,-145,0,0,100,0,144,240,48,48,0,68,-119,0,0,100,0,144,128,48,16,0,32,-132,0,1,100,0,352,0,32,48,0,110,-204,0,1,100,0,224,0,32,48,0,101,-150,0,1,90,0,352,48,32,32,0,95,-152,0,0,100,0,144,0,48,32,0,93,-134,0,0,100,0,144,128,48,16,0,73,-214,0,1,90,0,144,32,16,16,0,90,-236,0,1,50,0,336,48,16,48,0,38,-216,0,1,50,0,304,48,16,48,0,24,-225,0,1,100,0,448,0,144,160,0,82,-187,0,1,100,0,416,48,16,64,0,61,-199,0,0,100,0,336,96,48,96,0,55,-147,0,0,20,0,592,48,112,80,0,23,-235,0,0,100,0,0,0,144,192,0,90,-236,0,1,60,0,336,48,16,48,0,38,-216,0,1,60,0,304,48,16,48,0,101,-216,0,0,80,0,224,48,64,32,0,112,-231,0,0,100,0,144,80,32,32,0,112,-237,0,1,70,0,176,80,32,48,0,78,-230,0,0,80,0,144,48,80,32,0,0,-256,0,0,80,0,0,1024,192,256,0,
0,27,0,-256,0,0,80,0,192,1024,192,256,0,104,-129,0,0,100,0,144,144,16,16,0,109,-138,0,0,100,0,160,192,32,48,0,106,-105,0,0,100,0,144,112,32,16,0,64,-174,0,0,100,0,400,48,16,64,0,71,-144,0,0,100,0,192,240,48,48,0,70,-116,0,0,100,0,144,128,48,16,0,32,-132,0,1,100,0,384,0,32,48,0,110,-204,0,1,100,0,256,0,32,48,0,101,-150,0,1,80,0,352,48,32,32,0,95,-152,0,0,100,0,144,0,48,32,0,93,-134,0,0,100,0,144,128,48,16,0,73,-214,0,1,80,0,144,32,16,16,0,90,-236,0,1,50,0,288,48,16,48,0,38,-216,0,1,50,0,320,48,16,48,0,24,-225,0,1,90,0,448,0,144,160,0,82,-187,0,1,100,0,416,48,16,64,0,61,-199,0,0,100,0,336,96,48,96,0,55,-147,0,0,20,0,592,48,112,80,0,23,-235,0,0,100,0,0,0,144,192,0,90,-236,0,1,60,0,288,48,16,48,0,38,-216,0,1,60,0,320,48,16,48,0,102,-216,0,0,80,0,224,48,64,32,0,112,-231,0,0,100,0,144,80,32,32,0,112,-237,0,1,80,0,176,80,32,48,0,79,-230,0,0,80,0,144,48,80,32,0,0,-256,0,0,80,0,0,1024,192,256,0,
0,27,0,-256,0,0,80,0,192,1024,192,256,0,104,-129,0,0,100,0,144,144,16,16,0,108,-138,0,0,100,0,160,192,32,48,0,105,-105,0,0,100,0,144,112,32,16,0,64,-174,0,0,100,0,400,48,16,64,0,71,-144,0,0,100,0,240,240,48,48,0,70,-116,0,0,100,0,144,128,48,16,0,32,-132,0,1,100,0,416,0,32,48,0,110,-204,0,1,100,0,288,0,32,48,0,101,-150,0,1,90,0,352,48,32,32,0,95,-152,0,0,100,0,144,0,48,32,0,93,-134,0,0,100,0,144,128,48,16,0,73,-214,0,1,90,0,144,32,16,16,0,90,-236,0,1,50,0,304,48,16,48,0,38,-216,0,1,50,0,336,48,16,48,0,24,-225,0,1,100,0,448,0,144,160,0,82,-187,0,1,100,0,416,48,16,64,0,61,-199,0,0,100,0,336,96,48,96,0,55,-147,0,0,20,0,592,48,112,80,0,23,-235,0,0,100,0,0,0,144,192,0,90,-236,0,1,60,0,304,48,16,48,0,38,-216,0,1,60,0,336,48,16,48,0,102,-216,0,0,80,0,224,48,64,32,0,112,-231,0,0,100,0,144,80,32,32,0,112,-237,0,1,90,0,176,80,32,48,0,79,-230,0,0,80,0,144,48,80,32,0,0,-256,0,0,80,0,0,1024,192,256,0,
0,27,0,-256,0,0,80,0,192,1024,192,256,0,104,-129,0,0,60,0,144,144,16,16,0,108,-138,0,0,100,0,192,192,32,48,0,106,-105,0,0,100,0,144,112,32,16,0,64,-174,0,0,100,0,400,48,16,64,0,71,-144,0,0,100,0,288,240,48,48,0,70,-116,0,0,100,0,144,128,48,16,0,32,-132,0,1,100,0,320,0,32,48,0,110,-204,0,1,100,0,192,0,32,48,0,101,-150,0,1,100,0,352,48,32,32,0,95,-152,0,0,100,0,144,0,48,32,0,93,-134,0,0,100,0,144,128,48,16,0,73,-214,0,1,100,0,144,32,16,16,0,90,-236,0,1,50,0,320,48,16,48,0,38,-216,0,1,50,0,288,48,16,48,0,24,-225,0,1,90,0,448,0,144,160,0,82,-187,0,1,100,0,416,48,16,64,0,61,-199,0,0,100,0,336,96,48,96,0,55,-147,0,0,20,0,592,48,112,80,0,23,-235,0,0,100,0,0,0,144,192,0,90,-236,0,1,60,0,320,48,16,48,0,38,-216,0,1,60,0,288,48,16,48,0,103,-216,0,0,80,0,224,48,64,32,0,112,-231,0,0,100,0,144,80,32,32,0,112,-237,0,1,100,0,176,80,32,48,0,78,-230,0,0,80,0,144,48,80,32,0,0,-256,0,0,80,0,0,1024,192,256,0,
0,26,0,-256,0,0,80,0,192,1024,192,256,0,104,-138,0,0,100,0,224,192,32,48,0,105,-105,0,0,100,0,144,112,32,16,0,64,-174,0,0,100,0,400,48,16,64,0,71,-144,0,0,100,0,336,240,48,48,0,70,-116,0,0,100,0,144,128,48,16,0,32,-132,0,1,100,0,352,0,32,48,0,110,-204,0,1,100,0,224,0,32,48,0,101,-150,0,1,90,0,352,48,32,32,0,95,-152,0,0,100,0,144,0,48,32,0,93,-134,0,0,100,0,144,128,48,16,0,73,-214,0,1,90,0,144,32,16,16,0,90,-236,0,1,50,0,336,48,16,48,0,38,-216,0,1,50,0,304,48,16,48,0,24,-225,0,1,100,0,448,0,144,160,0,82,-187,0,1,100,0,416,48,16,64,0,61,-199,0,0,100,0,336,96,48,96,0,55,-147,0,0,20,0,592,48,112,80,0,23,-235,0,0,100,0,0,0,144,192,0,90,-236,0,1,60,0,336,48,16,48,0,38,-216,0,1,60,0,304,48,16,48,0,103,-216,0,0,80,0,224,48,64,32,0,112,-231,0,0,100,0,144,80,32,32,0,112,-237,0,1,90,0,176,80,32,48,0,78,-230,0,0,80,0,144,48,80,32,0,0,-256,0,0,80,0,0,1024,192,256,0,
0,26,0,-256,0,0,80,0,192,1024,192,256,0,104,-138,0,0,100,0,224,192,32,48,0,105,-105,0,0,100,0,144,112,32,16,0,64,-174,0,0,100,0,400,48,16,64,0,71,-144,0,0,100,0,192,240,48,48,0,70,-116,0,0,100,0,144,128,48,16,0,32,-132,0,1,100,0,384,0,32,48,0,110,-204,0,1,100,0,256,0,32,48,0,101,-150,0,1,80,0,352,48,32,32,0,95,-152,0,0,100,0,144,0,48,32,0,93,-134,0,0,100,0,144,128,48,16,0,73,-214,0,1,80,0,144,32,16,16,0,90,-236,0,1,50,0,288,48,16,48,0,38,-216,0,1,50,0,320,48,16,48,0,24,-225,0,1,90,0,448,0,144,160,0,82,-187,0,1,100,0,416,48,16,64,0,61,-199,0,0,100,0,336,96,48,96,0,55,-147,0,0,20,0,592,48,112,80,0,23,-235,0,0,100,0,0,0,144,192,0,90,-236,0,1,60,0,288,48,16,48,0,38,-216,0,1,60,0,320,48,16,48,0,102,-216,0,0,80,0,224,48,64,32,0,112,-231,0,0,100,0,144,80,32,32,0,112,-237,0,1,80,0,176,80,32,48,0,77,-230,0,0,80,0,144,48,80,32,0,0,-256,0,0,80,0,0,1024,192,256,0,
0,26,0,-256,0,0,80,0,192,1024,192,256,0,104,-138,0,0,100,0,224,192,32,48,0,105,-105,0,0,100,0,144,112,32,16,0,64,-174,0,0,100,0,400,48,16,64,0,71,-144,0,0,100,0,240,288,48,48,0,70,-116,0,0,100,0,144,128,48,16,0,32,-132,0,1,100,0,416,0,32,48,0,110,-204,0,1,100,0,288,0,32,48,0,101,-150,0,1,90,0,352,48,32,32,0,95,-152,0,0,100,0,144,0,48,32,0,93,-134,0,0,100,0,144,128,48,16,0,73,-214,0,1,90,0,144,32,16,16,0,90,-236,0,1,50,0,304,48,16,48,0,38,-216,0,1,50,0,336,48,16,48,0,24,-225,0,1,100,0,448,0,144,160,0,82,-187,0,1,100,0,416,48,16,64,0,61,-199,0,0,100,0,336,96,48,96,0,55,-147,0,0,20,0,592,48,112,80,0,23,-235,0,0,100,0,0,0,144,192,0,90,-236,0,1,60,0,304,48,16,48,0,38,-216,0,1,60,0,336,48,16,48,0,102,-216,0,0,80,0,224,48,64,32,0,112,-231,0,0,100,0,144,80,32,32,0,112,-237,0,1,70,0,176,80,32,48,0,77,-230,0,0,80,0,144,48,80,32,0,0,-256,0,0,80,0,0,1024,192,256,0,
0,26,0,-256,0,0,80,0,192,1024,192,256,0,104,-138,0,0,100,0,224,192,32,48,0,105,-105,0,0,100,0,144,112,32,16,0,64,-174,0,0,100,0,400,48,16,64,0,71,-144,0,0,100,0,288,288,48,48,0,70,-116,0,0,100,0,144,128,48,16,0,32,-132,0,1,100,0,320,0,32,48,0,110,-204,0,1,100,0,192,0,32,48,0,101,-150,0,1,100,0,352,48,32,32,0,95,-152,0,0,100,0,144,0,48,32,0,93,-134,0,0,100,0,144,128,48,16,0,73,-214,0,1,100,0,144,32,16,16,0,90,-236,0,1,50,0,320,48,16,48,0,38,-216,0,1,50,0,288,48,16,48,0,24,-225,0,1,90,0,448,0,144,160,0,82,-187,0,1,100,0,416,48,16,64,0,61,-199,0,0,100,0,336,96,48,96,0,55,-147,0,0,20,0,592,48,112,80,0,23,-235,0,0,100,0,0,0,144,192,0,90,-236,0,1,60,0,320,48,16,48,0,38,-216,0,1,60,0,288,48,16,48,0,101,-216,0,0,80,0,224,48,64,32,0,112,-231,0,0,100,0,144,80,32,32,0,112,-237,0,1,60,0,176,80,32,48,0,78,-230,0,0,80,0,144,48,80,32,0,0,-256,0,0,80,0,0,1024,192,256,0,
0,27,0,-256,0,0,80,0,192,1024,192,256,0,104,-138,0,0,100,0,224,192,32,48,0,105,-105,0,0,100,0,144,112,32,16,0,64,-174,0,0,100,0,400,48,16,64,0,71,-144,0,0,100,0,336,288,48,48,0,91,-123,0,0,100,-90,160,144,16,32,0,70,-116,0,0,100,0,144,128,48,16,0,32,-132,0,1,100,0,352,0,32,48,0,110,-204,0,1,100,0,224,0,32,48,0,101,-150,0,1,90,0,352,48,32,32,0,95,-152,0,0,100,0,144,0,48,32,0,93,-134,0,0,100,0,144,128,48,16,0,73,-214,0,1,90,0,144,32,16,16,0,90,-236,0,1,50,0,336,48,16,48,0,38,-216,0,1,50,0,304,48,16,48,0,24,-225,0,1,100,0,448,0,144,160,0,82,-187,0,1,100,0,416,48,16,64,0,61,-199,0,0,100,0,336,96,48,96,0,55,-147,0,0,20,0,592,48,112,80,0,23,-235,0,0,100,0,0,0,144,192,0,90,-236,0,1,60,0,336,48,16,48,0,38,-216,0,1,60,0,304,48,16,48,0,101,-216,0,0,80,0,224,48,64,32,0,112,-231,0,0,100,0,144,80,32,32,0,112,-237,0,1,70,0,176,80,32,48,0,78,-230,0,0,80,0,144,48,80,32,0,0,-256,0,0,80,0,0,1024,192,256,0,
0,27,0,-256,0,0,80,0,192,1024,192,256,0,104,-138,0,0,100,0,224,192,32,48,0,105,-105,0,0,100,0,144,112,32,16,0,64,-174,0,0,100,0,400,48,16,64,0,92,-117,0,0,100,90,160,144,16,32,0,71,-144,0,0,100,0,192,240,48,48,0,70,-116,0,0,100,0,144,128,48,16,0,32,-132,0,1,100,0,384,0,32,48,0,110,-204,0,1,100,0,256,0,32,48,0,101,-150,0,1,80,0,352,48,32,32,0,95,-152,0,0,100,0,144,0,48,32,0,93,-134,0,0,100,0,144,128,48,16,0,73,-214,0,1,80,0,144,32,16,16,0,90,-236,0,1,50,0,288,48,16,48,0,38,-216,0,1,50,0,320,48,16,48,0,24,-225,0,1,90,0,448,0,144,160,0,82,-187,0,1,100,0,416,48,16,64,0,61,-199,0,0,100,0,336,96,48,96,0,55,-147,0,0,20,0,592,48,112,80,0,23,-235,0,0,100,0,0,0,144,192,0,90,-236,0,1,60,0,288,48,16,48,0,38,-216,0,1,60,0,320,48,16,48,0,102,-216,0,0,80,0,224,48,64,32,0,112,-231,0,0,100,0,144,80,32,32,0,112,-237,0,1,80,0,176,80,32,48,0,79,-230,0,0,80,0,144,48,80,32,0,0,-256,0,0,80,0,0,1024,192,256,0,
0,27,0,-256,0,0,80,0,192,1024,192,256,0,104,-138,0,0,100,0,224,192,32,48,0,105,-105,0,0,100,0,144,112,32,16,0,64,-174,0,0,100,0,400,48,16,64,0,92,-117,0,0,100,90,160,144,16,32,0,71,-144,0,0,100,0,240,240,48,48,0,70,-116,0,0,100,0,144,128,48,16,0,32,-132,0,1,100,0,416,0,32,48,0,110,-204,0,1,100,0,288,0,32,48,0,101,-150,0,1,90,0,352,48,32,32,0,95,-152,0,0,100,0,144,0,48,32,0,93,-134,0,0,100,0,144,128,48,16,0,73,-214,0,1,90,0,144,32,16,16,0,90,-236,0,1,50,0,304,48,16,48,0,38,-216,0,1,50,0,336,48,16,48,0,24,-225,0,1,100,0,448,0,144,160,0,82,-187,0,1,100,0,416,48,16,64,0,61,-199,0,0,100,0,336,96,48,96,0,55,-147,0,0,20,0,592,48,112,80,0,23,-235,0,0,100,0,0,0,144,192,0,90,-236,0,1,60,0,304,48,16,48,0,38,-216,0,1,60,0,336,48,16,48,0,102,-216,0,0,80,0,224,48,64,32,0,112,-231,0,0,100,0,144,80,32,32,0,112,-237,0,1,90,0,176,80,32,48,0,79,-230,0,0,80,0,144,48,80,32,0,0,-256,0,0,80,0,0,1024,192,256,0,
0,29,0,-256,0,0,80,0,192,1024,192,256,0,117,-137,0,0,40,0,144,160,16,16,0,109,-145,0,1,40,0,208,112,32,32,0,106,-138,0,0,100,0,288,192,32,48,0,106,-105,0,0,100,0,144,112,32,16,0,64,-174,0,0,100,0,400,48,16,64,0,92,-117,0,0,100,90,160,144,16,32,0,71,-144,0,0,100,0,288,240,48,48,0,70,-116,0,0,100,0,144,128,48,16,0,32,-132,0,1,100,0,320,0,32,48,0,110,-204,0,1,100,0,192,0,32,48,0,101,-150,0,1,100,0,352,48,32,32,0,95,-152,0,0,100,0,144,0,48,32,0,93,-134,0,0,100,0,144,128,48,16,0,73,-214,0,1,100,0,144,32,16,16,0,90,-236,0,1,50,0,320,48,16,48,0,38,-216,0,1,50,0,288,48,16,48,0,24,-225,0,1,90,0,448,0,144,160,0,82,-187,0,1,100,0,416,48,16,64,0,61,-199,0,0,100,0,336,96,48,96,0,55,-147,0,0,20,0,592,48,112,80,0,23,-235,0,0,100,0,0,0,144,192,0,90,-236,0,1,60,0,320,48,16,48,0,38,-216,0,1,60,0,288,48,16,48,0,103,-216,0,0,80,0,224,48,64,32,0,112,-231,0,0,100,0,144,80,32,32,0,112,-237,0,1,100,0,176,80,32,48,0,78,-230,0,0,80,0,144,48,80,32,0,0,-256,0,0,80,0,0,1024,192,256,0,
0,29,0,-256,0,0,80,0,192,1024,192,256,0,117,-138,0,0,80,0,144,160,16,16,0,109,-146,0,1,80,0,208,112,32,32,0,106,-138,0,0,100,0,288,192,32,48,0,106,-105,0,0,100,0,144,112,32,16,0,64,-174,0,0,100,0,400,48,16,64,0,92,-117,0,0,100,90,160,144,16,32,0,71,-144,0,0,100,0,336,240,48,48,0,70,-116,0,0,100,0,144,128,48,16,0,32,-132,0,1,100,0,352,0,32,48,0,110,-204,0,1,100,0,224,0,32,48,0,101,-150,0,1,90,0,352,48,32,32,0,95,-152,0,0,100,0,144,0,48,32,0,93,-134,0,0,100,0,144,128,48,16,0,73,-214,0,1,90,0,144,32,16,16,0,90,-236,0,1,50,0,336,48,16,48,0,38,-216,0,1,50,0,304,48,16,48,0,24,-225,0,1,100,0,448,0,144,160,0,82,-187,0,1,100,0,416,48,16,64,0,61,-199,0,0,100,0,336,96,48,96,0,55,-147,0,0,20,0,592,48,112,80,0,23,-235,0,0,100,0,0,0,144,192,0,90,-236,0,1,60,0,336,48,16,48,0,38,-216,0,1,60,0,304,48,16,48,0,103,-216,0,0,80,0,224,48,64,32,0,112,-231,0,0,100,0,144,80,32,32,0,112,-237,0,1,90,0,176,80,32,48,0,78,-230,0,0,80,0,144,48,80,32,0,0,-256,0,0,80,0,0,1024,192,256,0,
0,29,0,-256,0,0,80,0,192,1024,192,256,0,117,-140,0,0,100,0,144,160,16,16,0,109,-148,0,1,100,0,208,112,32,32,0,106,-138,0,0,100,0,288,192,32,48,0,106,-105,0,0,100,0,144,112,32,16,0,64,-174,0,0,100,0,400,48,16,64,0,92,-117,0,0,100,90,160,144,16,32,0,71,-144,0,0,100,0,192,240,48,48,0,70,-116,0,0,100,0,144,128,48,16,0,32,-132,0,1,100,0,384,0,32,48,0,110,-204,0,1,100,0,256,0,32,48,0,101,-150,0,1,80,0,352,48,32,32,0,95,-152,0,0,100,0,144,0,48,32,0,93,-134,0,0,100,0,144,128,48,16,0,73,-214,0,1,80,0,144,32,16,16,0,90,-236,0,1,50,0,288,48,16,48,0,38,-216,0,1,50,0,320,48,16,48,0,24,-225,0,1,90,0,448,0,144,160,0,82,-187,0,1,100,0,416,48,16,64,0,61,-199,0,0,100,0,336,96,48,96,0,55,-147,0,0,20,0,592,48,112,80,0,23,-235,0,0,100,0,0,0,144,192,0,90,-236,0,1,60,0,288,48,16,48,0,38,-216,0,1,60,0,320,48,16,48,0,102,-216,0,0,80,0,224,48,64,32,0,112,-231,0,0,100,0,144,80,32,32,0,112,-237,0,1,80,0,176,80,32,48,0,77,-230,0,0,80,0,144,48,80,32,0,0,-256,0,0,80,0,0,1024,192,256,0,
0,29,0,-256,0,0,80,0,192,1024,192,256,0,117,-142,0,0,80,0,144,160,16,16,0,109,-150,0,1,80,0,208,112,32,32,0,106,-138,0,0,100,0,288,192,32,48,0,106,-105,0,0,100,0,144,112,32,16,0,64,-174,0,0,100,0,400,48,16,64,0,92,-117,0,0,100,90,160,144,16,32,0,71,-144,0,0,100,0,240,240,48,48,0,70,-116,0,0,100,0,144,128,48,16,0,32,-132,0,1,100,0,416,0,32,48,0,110,-204,0,1,100,0,288,0,32,48,0,101,-150,0,1,90,0,352,48,32,32,0,95,-152,0,0,100,0,144,0,48,32,0,93,-134,0,0,100,0,144,128,48,16,0,73,-214,0,1,90,0,144,32,16,16,0,90,-236,0,1,50,0,304,48,16,48,0,38,-216,0,1,50,0,336,48,16,48,0,24,-225,0,1,100,0,448,0,144,160,0,82,-187,0,1,100,0,416,48,16,64,0,61,-199,0,0,100,0,336,96,48,96,0,55,-147,0,0,20,0,592,48,112,80,0,23,-235,0,0,100,0,0,0,144,192,0,90,-236,0,1,60,0,304,48,16,48,0,38,-216,0,1,60,0,336,48,16,48,0,102,-216,0,0,80,0,224,48,64,32,0,112,-231,0,0,100,0,144,80,32,32,0,112,-237,0,1,70,0,176,80,32,48,0,77,-230,0,0,80,0,144,48,80,32,0,0,-256,0,0,80,0,0,1024,192,256,0,
0,29,0,-256,0,0,80,0,192,1024,192,256,0,117,-144,0,0,60,0,144,160,16,16,0,109,-152,0,1,60,0,208,112,32,32,0,106,-138,0,0,100,0,288,192,32,48,0,106,-105,0,0,100,0,144,112,32,16,0,64,-174,0,0,100,0,400,48,16,64,0,94,-116,0,0,100,90,160,144,16,32,0,71,-144,0,0,100,0,480,288,48,48,0,72,-115,0,0,100,0,144,128,48,16,0,32,-132,0,1,100,0,320,0,32,48,0,110,-204,0,1,100,0,192,0,32,48,0,101,-150,0,1,100,0,352,48,32,32,0,95,-152,0,0,100,0,144,0,48,32,0,93,-134,0,0,100,0,144,128,48,16,0,73,-214,0,1,100,0,144,32,16,16,0,90,-236,0,1,50,0,320,48,16,48,0,38,-216,0,1,50,0,288,48,16,48,0,24,-225,0,1,90,0,448,0,144,160,0,82,-187,0,1,100,0,416,48,16,64,0,61,-199,0,0,100,0,336,96,48,96,0,55,-147,0,0,20,0,592,48,112,80,0,23,-235,0,0,100,0,0,0,144,192,0,90,-236,0,1,60,0,320,48,16,48,0,38,-216,0,1,60,0,288,48,16,48,0,101,-216,0,0,80,0,224,48,64,32,0,112,-231,0,0,100,0,144,80,32,32,0,112,-237,0,1,60,0,176,80,32,48,0,78,-230,0,0,80,0,144,48,80,32,0,0,-256,0,0,80,0,0,1024,192,256,0,
0,29,0,-256,0,0,80,0,192,1024,192,256,0,117,-146,0,0,40,0,144,160,16,16,0,109,-154,0,1,40,0,208,112,32,32,0,106,-138,0,0,100,0,288,192,32,48,0,106,-105,0,0,100,0,144,112,32,16,0,64,-174,0,0,100,0,400,48,16,64,0,94,-116,0,0,100,90,160,144,16,32,0,71,-144,0,0,100,0,528,288,48,48,0,72,-115,0,0,100,0,144,128,48,16,0,32,-132,0,1,100,0,352,0,32,48,0,110,-204,0,1,100,0,224,0,32,48,0,101,-150,0,1,90,0,352,48,32,32,0,95,-152,0,0,100,0,144,0,48,32,0,93,-134,0,0,100,0,144,128,48,16,0,73,-214,0,1,90,0,144,32,16,16,0,90,-236,0,1,50,0,336,48,16,48,0,38,-216,0,1,50,0,304,48,16,48,0,24,-225,0,1,100,0,448,0,144,160,0,82,-187,0,1,100,0,416,48,16,64,0,61,-199,0,0,100,0,336,96,48,96,0,55,-147,0,0,20,0,592,48,112,80,0,23,-235,0,0,100,0,0,0,144,192,0,90,-236,0,1,60,0,336,48,16,48,0,38,-216,0,1,60,0,304,48,16,48,0,101,-216,0,0,80,0,224,48,64,32,0,112,-231,0,0,100,0,144,80,32,32,0,112,-237,0,1,70,0,176,80,32,48,0,78,-230,0,0,80,0,144,48,80,32,0,0,-256,0,0,80,0,0,1024,192,256,0,
0,29,0,-256,0,0,80,0,192,1024,192,256,0,117,-148,0,0,20,0,144,160,16,16,0,109,-156,0,1,20,0,208,112,32,32,0,104,-138,0,0,100,0,224,192,32,48,0,105,-105,0,0,100,0,144,112,32,16,0,64,-174,0,0,100,0,400,48,16,64,0,94,-116,0,0,100,90,160,144,16,32,0,71,-144,0,0,100,0,384,288,48,48,0,72,-115,0,0,100,0,144,128,48,16,0,32,-132,0,1,100,0,384,0,32,48,0,110,-204,0,1,100,0,256,0,32,48,0,101,-150,0,1,80,0,352,48,32,32,0,95,-152,0,0,100,0,144,0,48,32,0,93,-134,0,0,100,0,144,128,48,16,0,73,-214,0,1,80,0,144,32,16,16,0,90,-236,0,1,50,0,288,48,16,48,0,38,-216,0,1,50,0,320,48,16,48,0,24,-225,0,1,90,0,448,0,144,160,0,82,-187,0,1,100,0,416,48,16,64,0,61,-199,0,0,100,0,336,96,48,96,0,55,-147,0,0,20,0,592,48,112,80,0,23,-235,0,0,100,0,0,0,144,192,0,90,-236,0,1,60,0,288,48,16,48,0,38,-216,0,1,60,0,320,48,16,48,0,102,-216,0,0,80,0,224,48,64,32,0,112,-231,0,0,100,0,144,80,32,32,0,112,-237,0,1,80,0,176,80,32,48,0,79,-230,0,0,80,0,144,48,80,32,0,0,-256,0,0,80,0,0,1024,192,256,0,
0,27,0,-256,0,0,80,0,192,1024,192,256,0,104,-138,0,0,100,0,256,192,32,48,0,105,-105,0,0,100,0,144,112,32,16,0,64,-174,0,0,100,0,400,48,16,64,0,94,-116,0,0,100,90,160,144,16,32,0,71,-144,0,0,100,0,432,288,48,48,0,72,-115,0,0,100,0,144,128,48,16,0,32,-132,0,1,100,0,416,0,32,48,0,110,-204,0,1,100,0,288,0,32,48,0,101,-150,0,1,90,0,352,48,32,32,0,95,-152,0,0,100,0,144,0,48,32,0,93,-134,0,0,100,0,144,128,48,16,0,73,-214,0,1,90,0,144,32,16,16,0,90,-236,0,1,50,0,304,48,16,48,0,38,-216,0,1,50,0,336,48,16,48,0,24,-225,0,1,100,0,448,0,144,160,0,82,-187,0,1,100,0,416,48,16,64,0,61,-199,0,0,100,0,336,96,48,96,0,55,-147,0,0,20,0,592,48,112,80,0,23,-235,0,0,100,0,0,0,144,192,0,90,-236,0,1,60,0,304,48,16,48,0,38,-216,0,1,60,0,336,48,16,48,0,102,-216,0,0,80,0,224,48,64,32,0,112,-231,0,0,100,0,144,80,32,32,0,112,-237,0,1,90,0,176,80,32,48,0,79,-230,0,0,80,0,144,48,80,32,0,0,-256,0,0,80,0,0,1024,192,256,0,
0,27,0,-256,0,0,80,0,192,1024,192,256,0,106,-138,0,0,100,0,288,192,32,48,0,106,-105,0,0,100,0,144,112,32,16,0,106,-123,0,0,100,0,160,144,16,32,0,64,-174,0,0,100,0,400,48,16,64,0,71,-144,0,0,100,0,480,288,48,48,0,72,-115,0,0,100,0,144,128,48,16,0,32,-132,0,1,100,0,320,0,32,48,0,110,-204,0,1,100,0,192,0,32,48,0,101,-150,0,1,100,0,352,48,32,32,0,95,-152,0,0,100,0,144,0,48,32,0,93,-134,0,0,100,0,144,128,48,16,0,73,-214,0,1,100,0,144,32,16,16,0,90,-236,0,1,50,0,320,48,16,48,0,38,-216,0,1,50,0,288,48,16,48,0,24,-225,0,1,90,0,448,0,144,160,0,82,-187,0,1,100,0,416,48,16,64,0,61,-199,0,0,100,0,336,96,48,96,0,55,-147,0,0,20,0,592,48,112,80,0,23,-235,0,0,100,0,0,0,144,192,0,90,-236,0,1,60,0,320,48,16,48,0,38,-216,0,1,60,0,288,48,16,48,0,103,-216,0,0,80,0,224,48,64,32,0,112,-231,0,0,100,0,144,80,32,32,0,112,-237,0,1,100,0,176,80,32,48,0,78,-230,0,0,80,0,144,48,80,32,0,0,-256,0,0,80,0,0,1024,192,256,0,
0,27,0,-256,0,0,80,0,192,1024,192,256,0,106,-138,0,0,100,0,288,192,32,48,0,106,-105,0,0,100,0,144,112,32,16,0,106,-123,0,0,100,0,160,144,16,32,0,64,-174,0,0,100,0,400,48,16,64,0,71,-144,0,0,100,0,528,288,48,48,0,72,-115,0,0,100,0,144,128,48,16,0,32,-132,0,1,100,0,352,0,32,48,0,110,-204,0,1,100,0,224,0,32,48,0,101,-150,0,1,90,0,352,48,32,32,0,95,-152,0,0,100,0,144,0,48,32,0,93,-134,0,0,100,0,144,128,48,16,0,73,-214,0,1,90,0,144,32,16,16,0,90,-236,0,1,50,0,336,48,16,48,0,38,-216,0,1,50,0,304,48,16,48,0,24,-225,0,1,100,0,448,0,144,160,0,82,-187,0,1,100,0,416,48,16,64,0,61,-199,0,0,100,0,336,96,48,96,0,55,-147,0,0,20,0,592,48,112,80,0,23,-235,0,0,100,0,0,0,144,192,0,90,-236,0,1,60,0,336,48,16,48,0,38,-216,0,1,60,0,304,48,16,48,0,103,-216,0,0,80,0,224,48,64,32,0,112,-231,0,0,100,0,144,80,32,32,0,112,-237,0,1,90,0,176,80,32,48,0,78,-230,0,0,80,0,144,48,80,32,0,0,-256,0,0,80,0,0,1024,192,256,0,
0,27,0,-256,0,0,80,0,192,1024,192,256,0,106,-138,0,0,100,0,288,192,32,48,0,106,-105,0,0,100,0,144,112,32,16,0,106,-123,0,0,100,0,160,144,16,32,0,64,-174,0,0,100,0,400,48,16,64,0,71,-144,0,0,100,0,336,240,48,48,0,70,-116,0,0,100,0,144,128,48,16,0,32,-132,0,1,100,0,384,0,32,48,0,110,-204,0,1,100,0,256,0,32,48,0,101,-150,0,1,80,0,352,48,32,32,0,95,-152,0,0,100,0,144,0,48,32,0,93,-134,0,0,100,0,144,128,48,16,0,73,-214,0,1,80,0,144,32,16,16,0,90,-236,0,1,50,0,288,48,16,48,0,38,-216,0,1,50,0,320,48,16,48,0,24,-225,0,1,90,0,448,0,144,160,0,82,-187,0,1,100,0,416,48,16,64,0,61,-199,0,0,100,0,336,96,48,96,0,55,-147,0,0,20,0,592,48,112,80,0,23,-235,0,0,100,0,0,0,144,192,0,90,-236,0,1,60,0,288,48,16,48,0,38,-216,0,1,60,0,320,48,16,48,0,102,-216,0,0,80,0,224,48,64,32,0,112,-231,0,0,100,0,144,80,32,32,0,112,-237,0,1,80,0,176,80,32,48,0,77,-230,0,0,80,0,144,48,80,32,0,0,-256,0,0,80,0,0,1024,192,256,0,
0,26,0,-256,0,0,80,0,192,1024,192,256,0,105,-138,0,0,100,0,320,192,32,48,0,106,-105,0,0,100,0,144,112,32,16,0,64,-174,0,0,100,0,400,48,16,64,0,71,-144,0,0,100,0,192,240,48,48,0,70,-116,0,0,100,0,144,128,48,16,0,32,-132,0,1,100,0,416,0,32,48,0,110,-204,0,1,100,0,288,0,32,48,0,101,-150,0,1,90,0,352,48,32,32,0,95,-152,0,0,100,0,144,0,48,32,0,93,-134,0,0,100,0,144,128,48,16,0,73,-214,0,1,90,0,144,32,16,16,0,90,-236,0,1,50,0,304,48,16,48,0,38,-216,0,1,50,0,336,48,16,48,0,24,-225,0,1,100,0,448,0,144,160,0,82,-187,0,1,100,0,416,48,16,64,0,61,-199,0,0,100,0,336,96,48,96,0,55,-147,0,0,20,0,592,48,112,80,0,23,-235,0,0,100,0,0,0,144,192,0,90,-236,0,1,60,0,304,48,16,48,0,38,-216,0,1,60,0,336,48,16,48,0,102,-216,0,0,80,0,224,48,64,32,0,112,-231,0,0,100,0,144,80,32,32,0,112,-237,0,1,70,0,176,80,32,48,0,77,-230,0,0,80,0,144,48,80,32,0,0,-256,0,0,80,0,0,1024,192,256,0,
0,26,0,-256,0,0,80,0,192,1024,192,256,0,103,-137,0,0,100,0,352,192,32,48,0,104,-104,0,0,100,0,144,112,32,16,0,64,-174,0,0,100,0,400,48,16,64,0,71,-144,0,0,100,0,240,240,48,48,0,70,-116,0,0,100,0,144,128,48,16,0,32,-132,0,1,100,0,320,0,32,48,0,110,-204,0,1,100,0,192,0,32,48,0,101,-150,0,1,100,0,352,48,32,32,0,95,-152,0,0,100,0,144,0,48,32,0,93,-134,0,0,100,0,144,128,48,16,0,73,-214,0,1,100,0,144,32,16,16,0,90,-236,0,1,50,0,320,48,16,48,0,38,-216,0,1,50,0,288,48,16,48,0,24,-225,0,1,90,0,448,0,144,160,0,82,-187,0,1,100,0,416,48,16,64,0,61,-199,0,0,100,0,336,96,48,96,0,55,-147,0,0,20,0,592,48,112,80,0,23,-235,0,0,100,0,0,0,144,192,0,90,-236,0,1,60,0,320,48,16,48,0,38,-216,0,1,60,0,288,48,16,48,0,101,-216,0,0,80,0,224,48,64,32,0,112,-231,0,0,100,0,144,80,32,32,0,112,-237,0,1,60,0,176,80,32,48,0,78,-230,0,0,80,0,144,48,80,32,0,0,-256,0,0,80,0,0,1024,192,256,0,
0,26,0,-256,0,0,80,0,192,1024,192,256,0,101,-136,0,0,100,0,384,192,32,48,0,102,-103,0,0,100,0,144,112,32,16,0,64,-174,0,0,100,0,400,48,16,64,0,71,-144,0,0,100,0,288,240,48,48,0,70,-116,0,0,100,0,144,128,48,16,0,32,-132,0,1,100,0,352,0,32,48,0,110,-204,0,1,100,0,224,0,32,48,0,101,-150,0,1,90,0,352,48,32,32,0,95,-152,0,0,100,0,144,0,48,32,0,93,-134,0,0,100,0,144,128,48,16,0,73,-214,0,1,90,0,144,32,16,16,0,90,-236,0,1,50,0,336,48,16,48,0,38,-216,0,1,50,0,304,48,16,48,0,24,-225,0,1,100,0,448,0,144,160,0,82,-187,0,1,100,0,416,48,16,64,0,61,-199,0,0,100,0,336,96,48,96,0,55,-147,0,0,20,0,592,48,112,80,0,23,-235,0,0,100,0,0,0,144,192,0,90,-236,0,1,60,0,336,48,16,48,0,38,-216,0,1,60,0,304,48,16,48,0,101,-216,0,0,80,0,224,48,64,32,0,112,-231,0,0,100,0,144,80,32,32,0,112,-237,0,1,70,0,176,80,32,48,0,78,-230,0,0,80,0,144,48,80,32,0,0,-256,0,0,80,0,0,1024,192,256,0,
0,26,0,-256,0,0,80,0,192,1024,192,256,0,99,-135,0,0,100,0,416,192,32,48,0,100,-102,0,0,100,0,144,112,32,16,0,64,-174,0,0,100,0,400,48,16,64,0,71,-144,0,0,100,0,336,240,48,48,0,70,-116,0,0,100,0,144,128,48,16,0,32,-132,0,1,100,0,384,0,32,48,0,110,-204,0,1,100,0,256,0,32,48,0,101,-150,0,1,80,0,352,48,32,32,0,95,-152,0,0,100,0,144,0,48,32,0,93,-134,0,0,100,0,144,128,48,16,0,73,-214,0,1,80,0,144,32,16,16,0,90,-236,0,1,50,0,288,48,16,48,0,38,-216,0,1,50,0,320,48,16,48,0,24,-225,0,1,90,0,448,0,144,160,0,82,-187,0,1,100,0,416,48,16,64,0,61,-199,0,0,100,0,336,96,48,96,0,55,-147,0,0,20,0,592,48,112,80,0,23,-235,0,0,100,0,0,0,144,192,0,90,-236,0,1,60,0,288,48,16,48,0,38,-216,0,1,60,0,320,48,16,48,0,102,-216,0,0,80,0,224,48,64,32,0,112,-231,0,0,100,0,144,80,32,32,0,112,-237,0,1,80,0,176,80,32,48,0,79,-230,0,0,80,0,144,48,80,32,0,0,-256,0,0,80,0,0,1024,192,256,0,
0,26,0,-256,0,0,80,0,192,1024,192,256,0,97,-134,0,0,100,0,448,192,32,48,0,98,-101,0,0,100,0,144,112,32,16,0,64,-174,0,0,100,0,400,48,16,64,0,71,-144,0,0,100,0,192,240,48,48,0,70,-116,0,0,100,0,144,128,48,16,0,32,-132,0,1,100,0,416,0,32,48,0,110,-204,0,1,100,0,288,0,32,48,0,101,-150,0,1,90,0,352,48,32,32,0,95,-152,0,0,100,0,144,0,48,32,0,93,-134,0,0,100,0,144,128,48,16,0,73,-214,0,1,90,0,144,32,16,16,0,90,-236,0,1,50,0,304,48,16,48,0,38,-216,0,1,50,0,336,48,16,48,0,24,-225,0,1,100,0,448,0,144,160,0,82,-187,0,1,100,0,416,48,16,64,0,61,-199,0,0,100,0,336,96,48,96,0,55,-147,0,0,20,0,592,48,112,80,0,23,-235,0,0,100,0,0,0,144,192,0,90,-236,0,1,60,0,304,48,16,48,0,38,-216,0,1,60,0,336,48,16,48,0,102,-216,0,0,80,0,224,48,64,32,0,112,-231,0,0,100,0,144,80,32,32,0,112,-237,0,1,90,0,176,80,32,48,0,79,-230,0,0,80,0,144,48,80,32,0,0,-256,0,0,80,0,0,1024,192,256,0,
0,26,0,-256,0,0,80,0,192,1024,192,256,0,95,-133,0,0,100,0,352,192,32,48,0,96,-100,0,0,100,0,144,112,32,16,0,64,-174,0,0,100,0,400,48,16,64,0,71,-144,0,0,100,0,240,240,48,48,0,70,-116,0,0,100,0,144,128,48,16,0,32,-132,0,1,100,0,320,0,32,48,0,110,-204,0,1,100,0,192,0,32,48,0,101,-150,0,1,100,0,352,48,32,32,0,95,-152,0,0,100,0,144,0,48,32,0,93,-134,0,0,100,0,144,128,48,16,0,73,-214,0,1,100,0,144,32,16,16,0,90,-236,0,1,50,0,320,48,16,48,0,38,-216,0,1,50,0,288,48,16,48,0,24,-225,0,1,90,0,448,0,144,160,0,82,-187,0,1,100,0,416,48,16,64,0,61,-199,0,0,100,0,336,96,48,96,0,55,-147,0,0,20,0,592,48,112,80,0,23,-235,0,0,100,0,0,0,144,192,0,90,-236,0,1,60,0,320,48,16,48,0,38,-216,0,1,60,0,288,48,16,48,0,103,-216,0,0,80,0,224,48,64,32,0,112,-231,0,0,100,0,144,80,32,32,0,112,-237,0,1,100,0,176,80,32,48,0,78,-230,0,0,80,0,144,48,80,32,0,0,-256,0,0,80,0,0,1024,192,256,0,
0,26,0,-256,0,0,80,0,192,1024,192,256,0,93,-132,0,0,100,0,384,192,32,48,0,94,-99,0,0,100,0,144,112,32,16,0,64,-174,0,0,100,0,400,48,16,64,0,71,-144,0,0,100,0,288,240,48,48,0,70,-116,0,0,100,0,144,128,48,16,0,32,-132,0,1,100,0,352,0,32,48,0,110,-204,0,1,100,0,224,0,32,48,0,101,-150,0,1,90,0,352,48,32,32,0,95,-152,0,0,100,0,144,0,48,32,0,93,-134,0,0,100,0,144,128,48,16,0,73,-214,0,1,90,0,144,32,16,16,0,90,-236,0,1,50,0,336,48,16,48,0,38,-216,0,1,50,0,304,48,16,48,0,24,-225,0,1,100,0,448,0,144,160,0,82,-187,0,1,100,0,416,48,16,64,0,61,-199,0,0,100,0,336,96,48,96,0,55,-147,0,0,20,0,592,48,112,80,0,23,-235,0,0,100,0,0,0,144,192,0,90,-236,0,1,60,0,336,48,16,48,0,38,-216,0,1,60,0,304,48,16,48,0,103,-216,0,0,80,0,224,48,64,32,0,112,-231,0,0,100,0,144,80,32,32,0,112,-237,0,1,90,0,176,80,32,48,0,78,-230,0,0,80,0,144,48,80,32,0,0,-256,0,0,80,0,0,1024,192,256,0,
0,26,0,-256,0,0,80,0,192,1024,192,256,0,91,-131,0,0,100,0,416,192,32,48,0,92,-98,0,0,100,0,144,112,32,16,0,64,-174,0,0,100,0,400,48,16,64,0,71,-144,0,0,100,0,336,240,48,48,0,70,-116,0,0,100,0,144,128,48,16,0,32,-132,0,1,100,0,384,0,32,48,0,110,-204,0,1,100,0,256,0,32,48,0,101,-150,0,1,80,0,352,48,32,32,0,95,-152,0,0,100,0,144,0,48,32,0,93,-134,0,0,100,0,144,128,48,16,0,73,-214,0,1,80,0,144,32,16,16,0,90,-236,0,1,50,0,288,48,16,48,0,38,-216,0,1,50,0,320,48,16,48,0,24,-225,0,1,90,0,448,0,144,160,0,82,-187,0,1,100,0,416,48,16,64,0,61,-199,0,0,100,0,336,96,48,96,0,55,-147,0,0,20,0,592,48,112,80,0,23,-235,0,0,100,0,0,0,144,192,0,90,-236,0,1,60,0,288,48,16,48,0,38,-216,0,1,60,0,320,48,16,48,0,102,-216,0,0,80,0,224,48,64,32,0,112,-231,0,0,100,0,144,80,32,32,0,112,-237,0,1,80,0,176,80,32,48,0,77,-230,0,0,80,0,144,48,80,32,0,0,-256,0,0,80,0,0,1024,192,256,0,
0,26,0,-256,0,0,80,0,192,1024,192,256,0,89,-130,0,0,100,0,448,192,32,48,0,90,-97,0,0,100,0,144,112,32,16,0,64,-174,0,0,100,0,400,48,16,64,0,71,-144,0,0,100,0,576,288,48,48,0,70,-116,0,0,100,0,144,128,48,16,0,32,-132,0,1,100,0,416,0,32,48,0,110,-204,0,1,100,0,288,0,32,48,0,101,-150,0,1,90,0,352,48,32,32,0,95,-152,0,0,100,0,144,0,48,32,0,93,-134,0,0,100,0,144,128,48,16,0,73,-214,0,1,90,0,144,32,16,16,0,90,-236,0,1,50,0,304,48,16,48,0,38,-216,0,1,50,0,336,48,16,48,0,24,-225,0,1,100,0,448,0,144,160,0,82,-187,0,1,100,0,416,48,16,64,0,61,-199,0,0,100,0,336,96,48,96,0,55,-147,0,0,20,0,592,48,112,80,0,23,-235,0,0,100,0,0,0,144,192,0,90,-236,0,1,60,0,304,48,16,48,0,38,-216,0,1,60,0,336,48,16,48,0,102,-216,0,0,80,0,224,48,64,32,0,112,-231,0,0,100,0,144,80,32,32,0,112,-237,0,1,70,0,176,80,32,48,0,77,-230,0,0,80,0,144,48,80,32,0,0,-256,0,0,80,0,0,1024,192,256,0,
0,26,0,-256,0,0,80,0,192,1024,192,256,0,87,-129,0,0,100,0,352,192,32,48,0,88,-96,0,0,100,0,144,112,32,16,0,64,-174,0,0,100,0,400,48,16,64,0,71,-144,0,0,100,0,624,288,48,48,0,70,-116,0,0,100,0,144,128,48,16,0,32,-132,0,1,100,0,320,0,32,48,0,110,-204,0,1,100,0,192,0,32,48,0,101,-150,0,1,100,0,352,48,32,32,0,95,-152,0,0,100,0,144,0,48,32,0,93,-134,0,0,100,0,144,128,48,16,0,73,-214,0,1,100,0,144,32,16,16,0,90,-236,0,1,50,0,320,48,16,48,0,38,-216,0,1,50,0,288,48,16,48,0,24,-225,0,1,90,0,448,0,144,160,0,82,-187,0,1,100,0,416,48,16,64,0,61,-199,0,0,100,0,336,96,48,96,0,55,-147,0,0,20,0,592,48,112,80,0,23,-235,0,0,100,0,0,0,144,192,0,90,-236,0,1,60,0,320,48,16,48,0,38,-216,0,1,60,0,288,48,16,48,0,101,-216,0,0,80,0,224,48,64,32,0,112,-231,0,0,100,0,144,80,32,32,0,112,-237,0,1,60,0,176,80,32,48,0,78,-230,0,0,80,0,144,48,80,32,0,0,-256,0,0,80,0,0,1024,192,256,0,
0,26,0,-256,0,0,80,0,192,1024,192,256,0,85,-128,0,0,100,0,384,192,32,48,0,86,-95,0,0,100,0,144,112,32,16,0,64,-174,0,0,100,0,400,48,16,64,0,71,-144,0,0,100,0,672,288,48,48,0,70,-116,0,0,100,0,144,128,48,16,0,32,-132,0,1,100,0,352,0,32,48,0,110,-204,0,1,100,0,224,0,32,48,0,101,-150,0,1,90,0,352,48,32,32,0,95,-152,0,0,100,0,144,0,48,32,0,93,-134,0,0,100,0,144,128,48,16,0,73,-214,0,1,90,0,144,32,16,16,0,90,-236,0,1,50,0,336,48,16,48,0,38,-216,0,1,50,0,304,48,16,48,0,24,-225,0,1,100,0,448,0,144,160,0,82,-187,0,1,100,0,416,48,16,64,0,61,-199,0,0,100,0,336,96,48,96,0,55,-147,0,0,20,0,592,48,112,80,0,23,-235,0,0,100,0,0,0,144,192,0,90,-236,0,1,60,0,336,48,16,48,0,38,-216,0,1,60,0,304,48,16,48,0,101,-216,0,0,80,0,224,48,64,32,0,112,-231,0,0,100,0,144,80,32,32,0,112,-237,0,1,70,0,176,80,32,48,0,78,-230,0,0,80,0,144,48,80,32,0,0,-256,0,0,80,0,0,1024,192,256,0,
0,26,0,-256,0,0,80,0,192,1024,192,256,0,83,-127,0,0,100,0,416,192,32,48,0,84,-94,0,0,100,0,144,112,32,16,0,64,-174,0,0,100,0,400,48,16,64,0,71,-144,0,0,100,0,720,288,48,48,0,70,-116,0,0,100,0,144,128,48,16,0,32,-132,0,1,100,0,384,0,32,48,0,110,-204,0,1,100,0,256,0,32,48,0,101,-150,0,1,80,0,352,48,32,32,0,95,-152,0,0,100,0,144,0,48,32,0,93,-134,0,0,100,0,144,128,48,16,0,73,-214,0,1,80,0,144,32,16,16,0,90,-236,0,1,50,0,288,48,16,48,0,38,-216,0,1,50,0,320,48,16,48,0,24,-225,0,1,90,0,448,0,144,160,0,82,-187,0,1,100,0,416,48,16,64,0,61,-199,0,0,100,0,336,96,48,96,0,55,-147,0,0,20,0,592,48,112,80,0,23,-235,0,0,100,0,0,0,144,192,0,90,-236,0,1,60,0,288,48,16,48,0,38,-216,0,1,60,0,320,48,16,48,0,102,-216,0,0,80,0,224,48,64,32,0,112,-231,0,0,100,0,144,80,32,32,0,112,-237,0,1,80,0,176,80,32,48,0,79,-230,0,0,80,0,144,48,80,32,0,0,-256,0,0,80,0,0,1024,192,256,0,
0,26,0,-256,0,0,80,0,192,1024,192,256,0,81,-126,0,0,100,0,416,192,32,48,0,82,-93,0,0,100,0,144,112,32,16,0,64,-174,0,0,100,0,400,48,16,64,0,71,-144,0,0,100,0,1008,240,48,48,0,70,-116,0,0,100,0,144,128,48,16,0,32,-132,0,1,100,0,416,0,32,48,0,110,-204,0,1,100,0,288,0,32,48,0,101,-150,0,1,90,0,352,48,32,32,0,95,-152,0,0,100,0,144,0,48,32,0,93,-134,0,0,100,0,144,128,48,16,0,73,-214,0,1,90,0,144,32,16,16,0,90,-236,0,1,50,0,304,48,16,48,0,38,-216,0,1,50,0,336,48,16,48,0,24,-225,0,1,100,0,448,0,144,160,0,82,-187,0,1,100,0,416,48,16,64,0,61,-199,0,0,100,0,336,96,48,96,0,55,-147,0,0,20,0,592,48,112,80,0,23,-235,0,0,100,0,0,0,144,192,0,90,-236,0,1,60,0,304,48,16,48,0,38,-216,0,1,60,0,336,48,16,48,0,102,-216,0,0,80,0,224,48,64,32,0,112,-231,0,0,100,0,144,80,32,32,0,112,-237,0,1,90,0,176,80,32,48,0,79,-230,0,0,80,0,144,48,80,32,0,0,-256,0,0,80,0,0,1024,192,256,0,
0,26,0,-256,0,0,80,0,192,1024,192,256,0,79,-125,0,0,100,0,448,192,32,48,0,80,-92,0,0,100,0,144,112,32,16,0,64,-174,0,0,100,0,400,48,16,64,0,68,-149,0,0,100,0,528,240,48,48,0,69,-117,0,0,100,0,144,128,48,16,0,32,-132,0,1,100,0,320,0,32,48,0,110,-204,0,1,100,0,192,0,32,48,0,101,-150,0,1,100,0,352,48,32,32,0,95,-152,0,0,100,0,144,0,48,32,0,93,-134,0,0,100,0,144,128,48,16,0,73,-214,0,1,100,0,144,32,16,16,0,90,-236,0,1,50,0,320,48,16,48,0,38,-216,0,1,50,0,288,48,16,48,0,24,-225,0,1,90,0,448,0,144,160,0,82,-187,0,1,100,0,416,48,16,64,0,61,-199,0,0,100,0,336,96,48,96,0,55,-147,0,0,20,0,592,48,112,80,0,23,-235,0,0,100,0,0,0,144,192,0,90,-236,0,1,60,0,320,48,16,48,0,38,-216,0,1,60,0,288,48,16,48,0,103,-216,0,0,80,0,224,48,64,32,0,112,-231,0,0,100,0,144,80,32,32,0,112,-237,0,1,100,0,176,80,32,48,0,78,-230,0,0,80,0,144,48,80,32,0,0,-256,0,0,80,0,0,1024,192,256,0,
0,26,0,-256,0,0,80,0,192,1024,192,256,0,77,-124,0,0,100,0,352,192,32,48,0,78,-91,0,0,100,0,144,112,32,16,0,64,-174,0,0,100,0,400,48,16,64,0,65,-156,0,0,100,0,384,240,48,48,0,66,-124,0,0,100,0,144,128,48,16,0,32,-132,0,1,100,0,352,0,32,48,0,110,-204,0,1,100,0,224,0,32,48,0,101,-150,0,1,90,0,352,48,32,32,0,95,-152,0,0,100,0,144,0,48,32,0,93,-134,0,0,100,0,144,128,48,16,0,73,-214,0,1,90,0,144,32,16,16,0,90,-236,0,1,50,0,336,48,16,48,0,38,-216,0,1,50,0,304,48,16,48,0,24,-225,0,1,100,0,448,0,144,160,0,82,-187,0,1,100,0,416,48,16,64,0,61,-199,0,0,100,0,336,96,48,96,0,55,-147,0,0,20,0,592,48,112,80,0,23,-235,0,0,100,0,0,0,144,192,0,90,-236,0,1,60,0,336,48,16,48,0,38,-216,0,1,60,0,304,48,16,48,0,103,-216,0,0,80,0,224,48,64,32,0,112,-231,0,0,100,0,144,80,32,32,0,112,-237,0,1,90,0,176,80,32,48,0,78,-230,0,0,80,0,144,48,80,32,0,0,-256,0,0,80,0,0,1024,192,256,0,
0,26,0,-256,0,0,80,0,192,1024,192,256,0,75,-123,0,0,100,0,384,192,32,48,0,76,-90,0,0,100,0,144,112,32,16,0,64,-174,0,0,100,0,400,48,16,64,0,62,-160,0,0,100,0,432,240,48,48,0,62,-128,0,0,100,0,144,128,48,16,0,32,-132,0,1,100,0,384,0,32,48,0,110,-204,0,1,100,0,256,0,32,48,0,101,-150,0,1,80,0,352,48,32,32,0,95,-152,0,0,100,0,144,0,48,32,0,93,-134,0,0,100,0,144,128,48,16,0,73,-214,0,1,80,0,144,32,16,16,0,90,-236,0,1,50,0,288,48,16,48,0,38,-216,0,1,50,0,320,48,16,48,0,24,-225,0,1,90,0,448,0,144,160,0,82,-187,0,1,100,0,416,48,16,64,0,61,-199,0,0,100,0,336,96,48,96,0,55,-147,0,0,20,0,592,48,112,80,0,23,-235,0,0,100,0,0,0,144,192,0,90,-236,0,1,60,0,288,48,16,48,0,38,-216,0,1,60,0,320,48,16,48,0,102,-216,0,0,80,0,224,48,64,32,0,112,-231,0,0,100,0,144,80,32,32,0,112,-237,0,1,80,0,176,80,32,48,0,77,-230,0,0,80,0,144,48,80,32,0,0,-256,0,0,80,0,0,1024,192,256,0,
0,27,0,-256,0,0,80,0,192,1024,192,256,0,73,-122,0,0,100,0,416,192,32,48,0,74,-89,0,0,100,0,144,112,32,16,0,64,-174,0,0,100,0,400,48,16,64,0,32,-132,0,1,100,0,416,0,32,48,0,110,-204,0,1,100,0,288,0,32,48,0,101,-150,0,1,90,0,352,48,32,32,0,95,-152,0,0,100,0,144,0,48,32,0,93,-134,0,0,100,0,144,128,48,16,0,73,-214,0,1,90,0,144,32,16,16,0,90,-236,0,1,50,0,304,48,16,48,0,38,-216,0,1,50,0,336,48,16,48,0,24,-225,0,1,100,0,448,0,144,160,0,28,-177,0,0,100,0,384,112,48,80,0,53,-164,0,0,100,0,480,240,48,48,0,54,-132,0,0,100,0,144,128,48,16,0,82,-187,0,1,100,0,416,48,16,64,0,61,-199,0,0,100,0,336,96,48,96,0,55,-147,0,0,20,0,592,48,112,80,0,23,-235,0,0,100,0,0,0,144,192,0,90,-236,0,1,60,0,304,48,16,48,0,38,-216,0,1,60,0,336,48,16,48,0,102,-216,0,0,80,0,224,48,64,32,0,112,-231,0,0,100,0,144,80,32,32,0,112,-237,0,1,70,0,176,80,32,48,0,77,-230,0,0,80,0,144,48,80,32,0,0,-256,0,0,80,0,0,1024,192,256,0,
0,27,0,-256,0,0,80,0,192,1024,192,256,0,71,-121,0,0,100,0,416,192,32,48,0,72,-88,0,0,100,0,144,112,32,16,0,64,-174,0,0,100,0,400,48,16,64,0,32,-132,0,1,100,0,320,0,32,48,0,110,-204,0,1,100,0,192,0,32,48,0,101,-150,0,1,100,0,352,48,32,32,0,95,-152,0,0,100,0,144,0,48,32,0,93,-134,0,0,100,0,144,128,48,16,0,73,-214,0,1,100,0,144,32,16,16,0,90,-236,0,1,50,0,320,48,16,48,0,38,-216,0,1,50,0,288,48,16,48,0,24,-225,0,1,90,0,448,0,144,160,0,28,-177,0,0,100,0,384,112,48,80,0,49,-166,0,0,100,0,528,240,48,48,0,48,-134,0,0,100,0,144,128,48,16,0,82,-187,0,1,100,0,416,48,16,64,0,61,-199,0,0,100,0,336,96,48,96,0,55,-147,0,0,20,0,592,48,112,80,0,23,-235,0,0,100,0,0,0,144,192,0,90,-236,0,1,60,0,320,48,16,48,0,38,-216,0,1,60,0,288,48,16,48,0,101,-216,0,0,80,0,224,48,64,32,0,112,-231,0,0,100,0,144,80,32,32,0,112,-237,0,1,60,0,176,80,32,48,0,78,-230,0,0,80,0,144,48,80,32,0,0,-256,0,0,80,0,0,1024,192,256,0,
0,23,0,-256,0,0,80,0,192,1024,192,256,0,69,-120,0,0,100,0,448,192,32,48,0,70,-87,0,0,100,0,144,112,32,16,0,32,-132,0,1,100,0,352,0,32,48,0,110,-204,0,1,100,0,224,0,32,48,0,101,-150,0,1,90,0,352,48,32,32,0,95,-152,0,0,100,0,144,0,48,32,0,93,-134,0,0,100,0,144,128,48,16,0,73,-214,0,1,90,0,144,32,16,16,0,90,-236,0,1,50,0,336,48,16,48,0,38,-216,0,1,50,0,304,48,16,48,0,24,-225,0,1,100,0,448,0,144,160,0,82,-187,0,1,100,0,416,48,16,64,0,61,-199,0,0,100,0,336,96,48,96,0,55,-147,0,0,20,0,592,48,112,80,0,23,-235,0,0,100,0,0,0,144,192,0,90,-236,0,1,60,0,336,48,16,48,0,38,-216,0,1,60,0,304,48,16,48,0,101,-216,0,0,80,0,224,48,64,32,0,112,-231,0,0,100,0,144,80,32,32,0,112,-237,0,1,70,0,176,80,32,48,0,78,-230,0,0,80,0,144,48,80,32,0,0,-256,0,0,80,0,0,1024,192,256,0,
0,22,0,-256,0,0,80,0,192,1024,192,256,0,67,-119,0,0,80,0,352,192,32,48,0,68,-86,0,0,80,0,144,112,32,16,0,32,-132,0,1,100,0,384,0,32,48,0,110,-204,0,1,100,0,256,0,32,48,0,101,-150,0,1,80,0,352,48,32,32,0,95,-152,0,0,100,0,144,0,48,32,0,93,-134,0,0,100,0,144,128,48,16,0,73,-214,0,1,80,0,144,32,16,16,0,90,-236,0,1,50,0,288,48,16,48,0,38,-216,0,1,50,0,320,48,16,48,0,24,-225,0,1,90,0,448,0,144,160,0,61,-199,0,0,100,0,304,96,32,96,0,55,-147,0,0,20,0,592,48,112,80,0,23,-235,0,0,100,0,0,0,144,192,0,90,-236,0,1,60,0,288,48,16,48,0,38,-216,0,1,60,0,320,48,16,48,0,102,-216,0,0,80,0,224,48,64,32,0,112,-231,0,0,100,0,144,80,32,32,0,112,-237,0,1,80,0,176,80,32,48,0,79,-230,0,0,80,0,144,48,80,32,0,0,-256,0,0,80,0,0,1024,192,256,0,
0,22,0,-256,0,0,80,0,192,1024,192,256,0,65,-118,0,0,60,0,384,192,32,48,0,66,-85,0,0,60,0,144,112,32,16,0,32,-132,0,1,100,0,416,0,32,48,0,110,-204,0,1,100,0,288,0,32,48,0,101,-150,0,1,90,0,352,48,32,32,0,95,-152,0,0,100,0,144,0,48,32,0,93,-134,0,0,100,0,144,128,48,16,0,73,-214,0,1,90,0,144,32,16,16,0,90,-236,0,1,50,0,304,48,16,48,0,38,-216,0,1,50,0,336,48,16,48,0,24,-225,0,1,100,0,448,0,144,160,0,61,-199,0,0,100,0,272,96,32,80,0,55,-147,0,0,20,0,592,48,112,80,0,23,-235,0,0,100,0,0,0,144,192,0,90,-236,0,1,60,0,304,48,16,48,0,38,-216,0,1,60,0,336,48,16,48,0,102,-216,0,0,80,0,224,48,64,32,0,112,-231,0,0,100,0,144,80,32,32,0,112,-237,0,1,90,0,176,80,32,48,0,79,-230,0,0,80,0,144,48,80,32,0,0,-256,0,0,80,0,0,1024,192,256,0,
0,22,0,-256,0,0,80,0,192,1024,192,256,0,63,-117,0,0,40,0,416,192,32,48,0,64,-84,0,0,40,0,144,112,32,16,0,32,-132,0,1,100,0,320,0,32,48,0,110,-204,0,1,100,0,192,0,32,48,0,101,-150,0,1,100,0,352,48,32,32,0,95,-152,0,0,100,0,144,0,48,32,0,93,-134,0,0,100,0,144,128,48,16,0,73,-214,0,1,100,0,144,32,16,16,0,90,-236,0,1,50,0,320,48,16,48,0,38,-216,0,1,50,0,288,48,16,48,0,24,-225,0,1,90,0,448,0,144,160,0,61,-199,0,0,100,0,240,96,32,80,0,55,-147,0,0,20,0,592,48,112,80,0,23,-235,0,0,100,0,0,0,144,192,0,90,-236,0,1,60,0,320,48,16,48,0,38,-216,0,1,60,0,288,48,16,48,0,103,-216,0,0,80,0,224,48,64,32,0,112,-231,0,0,100,0,144,80,32,32,0,112,-237,0,1,100,0,176,80,32,48,0,78,-230,0,0,80,0,144,48,80,32,0,0,-256,0,0,80,0,0,1024,192,256,0,
0,22,0,-256,0,0,80,0,192,1024,192,256,0,61,-116,0,0,20,0,448,192,32,48,0,62,-83,0,0,20,0,144,112,32,16,0,32,-132,0,1,100,0,352,0,32,48,0,110,-204,0,1,100,0,224,0,32,48,0,101,-150,0,1,90,0,352,48,32,32,0,95,-152,0,0,100,0,144,0,48,32,0,93,-134,0,0,100,0,144,128,48,16,0,73,-214,0,1,90,0,144,32,16,16,0,90,-236,0,1,50,0,336,48,16,48,0,38,-216,0,1,50,0,304,48,16,48,0,24,-225,0,1,100,0,448,0,144,160,0,61,-199,0,0,100,0,240,96,32,80,0,55,-147,0,0,20,0,592,48,112,80,0,23,-235,0,0,100,0,0,0,144,192,0,90,-236,0,1,60,0,336,48,16,48,0,38,-216,0,1,60,0,304,48,16,48,0,103,-216,0,0,80,0,224,48,64,32,0,112,-231,0,0,100,0,144,80,32,32,0,112,-237,0,1,90,0,176,80,32,48,0,78,-230,0,0,80,0,144,48,80,32,0,0,-256,0,0,80,0,0,1024,192,256,0,
0,20,0,-256,0,0,80,0,192,1024,192,256,0,32,-132,0,1,100,0,384,0,32,48,0,110,-204,0,1,100,0,256,0,32,48,0,101,-150,0,1,80,0,352,48,32,32,0,95,-152,0,0,100,0,144,0,48,32,0,93,-134,0,0,100,0,144,128,48,16,0,73,-214,0,1,80,0,144,32,16,16,0,90,-236,0,1,50,0,288,48,16,48,0,38,-216,0,1,50,0,320,48,16,48,0,24,-225,0,1,90,0,448,0,144,160,0,61,-199,0,0,100,0,240,96,32,80,0,55,-147,0,0,20,0,592,48,112,80,0,23,-235,0,0,100,0,0,0,144,192,0,90,-236,0,1,60,0,288,48,16,48,0,38,-216,0,1,60,0,320,48,16,48,0,102,-216,0,0,80,0,224,48,64,32,0,112,-231,0,0,100,0,144,80,32,32,0,112,-237,0,1,80,0,176,80,32,48,0,77,-230,0,0,80,0,144,48,80,32,0,0,-256,0,0,80,0,0,1024,192,256,0,
0,20,0,-256,0,0,80,0,192,1024,192,256,0,32,-132,0,1,100,0,416,0,32,48,0,110,-204,0,1,100,0,288,0,32,48,0,101,-150,0,1,90,0,352,48,32,32,0,95,-152,0,0,100,0,144,0,48,32,0,93,-134,0,0,100,0,144,128,48,16,0,73,-214,0,1,90,0,144,32,16,16,0,90,-236,0,1,50,0,304,48,16,48,0,38,-216,0,1,50,0,336,48,16,48,0,24,-225,0,1,100,0,448,0,144,160,0,61,-199,0,0,100,0,240,96,32,80,0,55,-147,0,0,20,0,592,48,112,80,0,23,-235,0,0,100,0,0,0,144,192,0,90,-236,0,1,60,0,304,48,16,48,0,38,-216,0,1,60,0,336,48,16,48,0,102,-216,0,0,80,0,224,48,64,32,0,112,-231,0,0,100,0,144,80,32,32,0,112,-237,0,1,70,0,176,80,32,48,0,77,-230,0,0,80,0,144,48,80,32,0,0,-256,0,0,80,0,0,1024,192,256,0,
0,20,0,-256,0,0,80,0,192,1024,192,256,0,32,-132,0,1,100,0,320,0,32,48,0,110,-204,0,1,100,0,192,0,32,48,0,101,-150,0,1,100,0,352,48,32,32,0,95,-152,0,0,100,0,144,0,48,32,0,93,-134,0,0,100,0,144,128,48,16,0,73,-214,0,1,100,0,144,32,16,16,0,90,-236,0,1,50,0,320,48,16,48,0,38,-216,0,1,50,0,288,48,16,48,0,24,-225,0,1,90,0,448,0,144,160,0,61,-199,0,0,100,0,240,96,32,80,0,55,-147,0,0,20,0,592,48,112,80,0,23,-235,0,0,100,0,0,0,144,192,0,90,-236,0,1,60,0,320,48,16,48,0,38,-216,0,1,60,0,288,48,16,48,0,101,-216,0,0,80,0,224,48,64,32,0,112,-231,0,0,100,0,144,80,32,32,0,112,-237,0,1,60,0,176,80,32,48,0,78,-230,0,0,80,0,144,48,80,32,0,0,-256,0,0,80,0,0,1024,192,256,0,
0,20,0,-256,0,0,80,0,192,1024,192,256,0,32,-132,0,1,100,0,352,0,32,48,0,110,-204,0,1,100,0,224,0,32,48,0,101,-150,0,1,90,0,352,48,32,32,0,95,-152,0,0,100,0,144,0,48,32,0,93,-134,0,0,100,0,144,128,48,16,0,73,-214,0,1,90,0,144,32,16,16,0,90,-236,0,1,50,0,336,48,16,48,0,38,-216,0,1,50,0,304,48,16,48,0,24,-225,0,1,100,0,448,0,144,160,0,61,-199,0,0,100,0,240,96,32,80,0,55,-147,0,0,20,0,592,48,112,80,0,23,-235,0,0,100,0,0,0,144,192,0,90,-236,0,1,60,0,336,48,16,48,0,38,-216,0,1,60,0,304,48,16,48,0,101,-216,0,0,80,0,224,48,64,32,0,112,-231,0,0,100,0,144,80,32,32,0,112,-237,0,1,70,0,176,80,32,48,0,78,-230,0,0,80,0,144,48,80,32,0,0,-256,0,0,80,0,0,1024,192,256,0,
0,20,0,-256,0,0,80,0,192,1024,192,256,0,32,-132,0,1,100,0,384,0,32,48,0,110,-204,0,1,100,0,256,0,32,48,0,101,-150,0,1,80,0,352,48,32,32,0,95,-152,0,0,100,0,144,0,48,32,0,93,-134,0,0,100,0,144,128,48,16,0,73,-214,0,1,80,0,144,32,16,16,0,90,-236,0,1,50,0,288,48,16,48,0,38,-216,0,1,50,0,320,48,16,48,0,24,-225,0,1,90,0,448,0,144,160,0,61,-199,0,0,100,0,240,96,32,80,0,55,-147,0,0,20,0,592,48,112,80,0,23,-235,0,0,100,0,0,0,144,192,0,90,-236,0,1,60,0,288,48,16,48,0,38,-216,0,1,60,0,320,48,16,48,0,102,-216,0,0,80,0,224,48,64,32,0,112,-231,0,0,100,0,144,80,32,32,0,112,-237,0,1,80,0,176,80,32,48,0,79,-230,0,0,80,0,144,48,80,32,0,0,-256,0,0,80,0,0,1024,192,256,0,
0,20,0,-256,0,0,80,0,192,1024,192,256,0,32,-132,0,1,100,0,416,0,32,48,0,110,-204,0,1,100,0,288,0,32,48,0,101,-150,0,1,90,0,352,48,32,32,0,95,-152,0,0,100,0,144,0,48,32,0,93,-134,0,0,100,0,144,128,48,16,0,73,-214,0,1,90,0,144,32,16,16,0,90,-236,0,1,50,0,304,48,16,48,0,38,-216,0,1,50,0,336,48,16,48,0,24,-225,0,1,100,0,448,0,144,160,0,61,-199,0,0,100,0,240,96,32,80,0,55,-147,0,0,20,0,592,48,112,80,0,23,-235,0,0,100,0,0,0,144,192,0,90,-236,0,1,60,0,304,48,16,48,0,38,-216,0,1,60,0,336,48,16,48,0,102,-216,0,0,80,0,224,48,64,32,0,112,-231,0,0,100,0,144,80,32,32,0,112,-237,0,1,90,0,176,80,32,48,0,79,-230,0,0,80,0,144,48,80,32,0,0,-256,0,0,80,0,0,1024,192,256,0,
0,20,0,-256,0,0,80,0,192,1024,192,256,0,32,-132,0,1,100,0,320,0,32,48,0,110,-204,0,1,100,0,192,0,32,48,0,101,-150,0,1,100,0,352,48,32,32,0,95,-152,0,0,100,0,144,0,48,32,0,93,-134,0,0,100,0,144,128,48,16,0,73,-214,0,1,100,0,144,32,16,16,0,90,-236,0,1,50,0,320,48,16,48,0,38,-216,0,1,50,0,288,48,16,48,0,24,-225,0,1,90,0,448,0,144,160,0,61,-199,0,0,100,0,240,96,32,80,0,55,-147,0,0,20,0,592,48,112,80,0,23,-235,0,0,100,0,0,0,144,192,0,90,-236,0,1,60,0,320,48,16,48,0,38,-216,0,1,60,0,288,48,16,48,0,103,-216,0,0,80,0,224,48,64,32,0,112,-231,0,0,100,0,144,80,32,32,0,112,-237,0,1,100,0,176,80,32,48,0,78,-230,0,0,80,0,144,48,80,32,0,0,-256,0,0,80,0,0,1024,192,256,0,
0,20,0,-256,0,0,80,0,192,1024,192,256,0,32,-132,0,1,100,0,352,0,32,48,0,110,-204,0,1,100,0,224,0,32,48,0,101,-150,0,1,90,0,352,48,32,32,0,95,-152,0,0,100,0,144,0,48,32,0,93,-134,0,0,100,0,144,128,48,16,0,73,-214,0,1,90,0,144,32,16,16,0,90,-236,0,1,50,0,336,48,16,48,0,38,-216,0,1,50,0,304,48,16,48,0,24,-225,0,1,100,0,448,0,144,160,0,61,-199,0,0,100,0,240,96,32,80,0,55,-147,0,0,20,0,592,48,112,80,0,23,-235,0,0,100,0,0,0,144,192,0,90,-236,0,1,60,0,336,48,16,48,0,38,-216,0,1,60,0,304,48,16,48,0,103,-216,0,0,80,0,224,48,64,32,0,112,-231,0,0,100,0,144,80,32,32,0,112,-237,0,1,90,0,176,80,32,48,0,78,-230,0,0,80,0,144,48,80,32,0,0,-256,0,0,80,0,0,1024,192,256,0,
0,20,0,-256,0,0,80,0,192,1024,192,256,0,32,-132,0,1,100,0,384,0,32,48,0,110,-204,0,1,100,0,256,0,32,48,0,101,-150,0,1,80,0,352,48,32,32,0,95,-152,0,0,100,0,144,0,48,32,0,93,-134,0,0,100,0,144,128,48,16,0,73,-214,0,1,80,0,144,32,16,16,0,90,-236,0,1,50,0,288,48,16,48,0,38,-216,0,1,50,0,320,48,16,48,0,24,-225,0,1,90,0,448,0,144,160,0,61,-199,0,0,100,0,240,96,32,80,0,55,-147,0,0,20,0,592,48,112,80,0,23,-235,0,0,100,0,0,0,144,192,0,90,-236,0,1,60,0,288,48,16,48,0,38,-216,0,1,60,0,320,48,16,48,0,102,-216,0,0,80,0,224,48,64,32,0,112,-231,0,0,100,0,144,80,32,32,0,112,-237,0,1,80,0,176,80,32,48,0,77,-230,0,0,80,0,144,48,80,32,0,0,-256,0,0,80,0,0,1024,192,256,0,
0,20,0,-256,0,0,80,0,192,1024,192,256,0,32,-132,0,1,100,0,416,0,32,48,0,110,-204,0,1,100,0,288,0,32,48,0,101,-150,0,1,90,0,352,48,32,32,0,95,-152,0,0,100,0,144,0,48,32,0,93,-134,0,0,100,0,144,128,48,16,0,73,-214,0,1,90,0,144,32,16,16,0,90,-236,0,1,50,0,304,48,16,48,0,38,-216,0,1,50,0,336,48,16,48,0,24,-225,0,1,100,0,448,0,144,160,0,61,-199,0,0,100,0,240,96,32,80,0,55,-147,0,0,20,0,592,48,112,80,0,23,-235,0,0,100,0,0,0,144,192,0,90,-236,0,1,60,0,304,48,16,48,0,38,-216,0,1,60,0,336,48,16,48,0,102,-216,0,0,80,0,224,48,64,32,0,112,-231,0,0,100,0,144,80,32,32,0,112,-237,0,1,70,0,176,80,32,48,0,77,-230,0,0,80,0,144,48,80,32,0,0,-256,0,0,80,0,0,1024,192,256,0,
0,20,0,-256,0,0,80,0,192,1024,192,256,0,32,-132,0,1,100,0,320,0,32,48,0,110,-204,0,1,100,0,192,0,32,48,0,101,-150,0,1,100,0,352,48,32,32,0,95,-152,0,0,100,0,144,0,48,32,0,93,-134,0,0,100,0,144,128,48,16,0,73,-214,0,1,100,0,144,32,16,16,0,90,-236,0,1,50,0,320,48,16,48,0,38,-216,0,1,50,0,288,48,16,48,0,24,-225,0,1,90,0,448,0,144,160,0,61,-199,0,0,100,0,240,96,32,80,0,55,-147,0,0,20,0,592,48,112,80,0,23,-235,0,0,100,0,0,0,144,192,0,90,-236,0,1,60,0,320,48,16,48,0,38,-216,0,1,60,0,288,48,16,48,0,101,-216,0,0,80,0,224,48,64,32,0,112,-231,0,0,100,0,144,80,32,32,0,112,-237,0,1,60,0,176,80,32,48,0,78,-230,0,0,80,0,144,48,80,32,0,0,-256,0,0,80,0,0,1024,192,256,0,
0,20,0,-256,0,0,80,0,192,1024,192,256,0,32,-132,0,1,100,0,352,0,32,48,0,110,-204,0,1,100,0,224,0,32,48,0,101,-150,0,1,90,0,352,48,32,32,0,95,-152,0,0,100,0,144,0,48,32,0,93,-134,0,0,100,0,144,128,48,16,0,73,-214,0,1,90,0,144,32,16,16,0,90,-236,0,1,50,0,336,48,16,48,0,38,-216,0,1,50,0,304,48,16,48,0,24,-225,0,1,100,0,448,0,144,160,0,61,-199,0,0,100,0,240,96,32,80,0,55,-147,0,0,20,0,592,48,112,80,0,23,-235,0,0,100,0,0,0,144,192,0,90,-236,0,1,60,0,336,48,16,48,0,38,-216,0,1,60,0,304,48,16,48,0,101,-216,0,0,80,0,224,48,64,32,0,112,-231,0,0,100,0,144,80,32,32,0,112,-237,0,1,70,0,176,80,32,48,0,78,-230,0,0,80,0,144,48,80,32,0,0,-256,0,0,80,0,0,1024,192,256,0,
0,21,0,-256,0,0,80,0,192,1024,192,256,0,154,-156,0,0,20,0,576,192,32,48,0,32,-132,0,1,100,0,384,0,32,48,0,110,-204,0,1,100,0,256,0,32,48,0,101,-150,0,1,80,0,352,48,32,32,0,95,-152,0,0,100,0,144,0,48,32,0,93,-134,0,0,100,0,144,128,48,16,0,73,-214,0,1,80,0,144,32,16,16,0,90,-236,0,1,50,0,288,48,16,48,0,38,-216,0,1,50,0,320,48,16,48,0,24,-225,0,1,90,0,448,0,144,160,0,61,-199,0,0,100,0,240,96,32,80,0,55,-147,0,0,20,0,592,48,112,80,0,23,-235,0,0,100,0,0,0,144,192,0,90,-236,0,1,60,0,288,48,16,48,0,38,-216,0,1,60,0,320,48,16,48,0,102,-216,0,0,80,0,224,48,64,32,0,112,-231,0,0,100,0,144,80,32,32,0,112,-237,0,1,80,0,176,80,32,48,0,79,-230,0,0,80,0,144,48,80,32,0,0,-256,0,0,80,0,0,1024,192,256,0,
0,21,0,-256,0,0,80,0,192,1024,192,256,0,152,-155,0,0,40,0,608,192,32,48,0,32,-132,0,1,100,0,416,0,32,48,0,110,-204,0,1,100,0,288,0,32,48,0,101,-150,0,1,90,0,352,48,32,32,0,95,-152,0,0,100,0,144,0,48,32,0,93,-134,0,0,100,0,144,128,48,16,0,73,-214,0,1,90,0,144,32,16,16,0,90,-236,0,1,50,0,304,48,16,48,0,38,-216,0,1,50,0,336,48,16,48,0,24,-225,0,1,100,0,448,0,144,160,0,61,-199,0,0,100,0,240,96,32,80,0,55,-147,0,0,20,0,592,48,112,80,0,23,-235,0,0,100,0,0,0,144,192,0,90,-236,0,1,60,0,304,48,16,48,0,38,-216,0,1,60,0,336,48,16,48,0,102,-216,0,0,80,0,224,48,64,32,0,112,-231,0,0,100,0,144,80,32,32,0,112,-237,0,1,90,0,176,80,32,48,0,79,-230,0,0,80,0,144,48,80,32,0,0,-256,0,0,80,0,0,1024,192,256,0,
0,21,0,-256,0,0,80,0,192,1024,192,256,0,150,-154,0,0,60,0,512,192,32,48,0,32,-132,0,1,100,0,320,0,32,48,0,110,-204,0,1,100,0,192,0,32,48,0,101,-150,0,1,100,0,352,48,32,32,0,95,-152,0,0,100,0,144,0,48,32,0,93,-134,0,0,100,0,144,128,48,16,0,73,-214,0,1,100,0,144,32,16,16,0,90,-236,0,1,50,0,320,48,16,48,0,38,-216,0,1,50,0,288,48,16,48,0,24,-225,0,1,90,0,448,0,144,160,0,61,-199,0,0,100,0,240,96,32,80,0,55,-147,0,0,20,0,592,48,112,80,0,23,-235,0,0,100,0,0,0,144,192,0,90,-236,0,1,60,0,320,48,16,48,0,38,-216,0,1,60,0,288,48,16,48,0,103,-216,0,0,80,0,224,48,64,32,0,112,-231,0,0,100,0,144,80,32,32,0,112,-237,0,1,100,0,176,80,32,48,0,78,-230,0,0,80,0,144,48,80,32,0,0,-256,0,0,80,0,0,1024,192,256,0,
0,21,0,-256,0,0,80,0,192,1024,192,256,0,148,-153,0,0,80,0,544,192,32,48,0,32,-132,0,1,100,0,352,0,32,48,0,110,-204,0,1,100,0,224,0,32,48,0,101,-150,0,1,90,0,352,48,32,32,0,95,-152,0,0,100,0,144,0,48,32,0,93,-134,0,0,100,0,144,128,48,16,0,73,-214,0,1,90,0,144,32,16,16,0,90,-236,0,1,50,0,336,48,16,48,0,38,-216,0,1,50,0,304,48,16,48,0,24,-225,0,1,100,0,448,0,144,160,0,61,-199,0,0,100,0,240,96,32,80,0,55,-147,0,0,20,0,592,48,112,80,0,23,-235,0,0,100,0,0,0,144,192,0,90,-236,0,1,60,0,336,48,16,48,0,38,-216,0,1,60,0,304,48,16,48,0,103,-216,0,0,80,0,224,48,64,32,0,112,-231,0,0,100,0,144,80,32,32,0,112,-237,0,1,90,0,176,80,32,48,0,78,-230,0,0,80,0,144,48,80,32,0,0,-256,0,0,80,0,0,1024,192,256,0,
0,22,0,-256,0,0,80,0,192,1024,192,256,0,146,-152,0,0,100,0,576,192,32,48,0,145,-120,0,0,20,0,144,112,32,16,0,32,-132,0,1,100,0,384,0,32,48,0,110,-204,0,1,100,0,256,0,32,48,0,101,-150,0,1,80,0,352,48,32,32,0,95,-152,0,0,100,0,144,0,48,32,0,93,-134,0,0,100,0,144,128,48,16,0,73,-214,0,1,80,0,144,32,16,16,0,90,-236,0,1,50,0,288,48,16,48,0,38,-216,0,1,50,0,320,48,16,48,0,24,-225,0,1,90,0,448,0,144,160,0,61,-199,0,0,100,0,240,96,32,80,0,55,-147,0,0,20,0,592,48,112,80,0,23,-235,0,0,100,0,0,0,144,192,0,90,-236,0,1,60,0,288,48,16,48,0,38,-216,0,1,60,0,320,48,16,48,0,102,-216,0,0,80,0,224,48,64,32,0,112,-231,0,0,100,0,144,80,32,32,0,112,-237,0,1,80,0,176,80,32,48,0,77,-230,0,0,80,0,144,48,80,32,0,0,-256,0,0,80,0,0,1024,192,256,0,
0,22,0,-256,0,0,80,0,192,1024,192,256,0,144,-151,0,0,100,0,608,192,32,48,0,143,-119,0,0,40,0,144,112,32,16,0,32,-132,0,1,100,0,416,0,32,48,0,110,-204,0,1,100,0,288,0,32,48,0,101,-150,0,1,90,0,352,48,32,32,0,95,-152,0,0,100,0,144,0,48,32,0,93,-134,0,0,100,0,144,128,48,16,0,73,-214,0,1,90,0,144,32,16,16,0,90,-236,0,1,50,0,304,48,16,48,0,38,-216,0,1,50,0,336,48,16,48,0,24,-225,0,1,100,0,448,0,144,160,0,61,-199,0,0,100,0,240,96,32,80,0,55,-147,0,0,20,0,592,48,112,80,0,23,-235,0,0,100,0,0,0,144,192,0,90,-236,0,1,60,0,304,48,16,48,0,38,-216,0,1,60,0,336,48,16,48,0,102,-216,0,0,80,0,224,48,64,32,0,112,-231,0,0,100,0,144,80,32,32,0,112,-237,0,1,70,0,176,80,32,48,0,77,-230,0,0,80,0,144,48,80,32,0,0,-256,0,0,80,0,0,1024,192,256,0,
0,22,0,-256,0,0,80,0,192,1024,192,256,0,141,-150,0,0,100,0,512,192,32,48,0,140,-118,0,0,60,0,144,112,32,16,0,32,-132,0,1,100,0,320,0,32,48,0,110,-204,0,1,100,0,192,0,32,48,0,101,-150,0,1,100,0,352,48,32,32,0,95,-152,0,0,100,0,144,0,48,32,0,93,-134,0,0,100,0,144,128,48,16,0,73,-214,0,1,100,0,144,32,16,16,0,90,-236,0,1,50,0,320,48,16,48,0,38,-216,0,1,50,0,288,48,16,48,0,24,-225,0,1,90,0,448,0,144,160,0,61,-199,0,0,100,0,240,96,32,80,0,55,-147,0,0,20,0,592,48,112,80,0,23,-235,0,0,100,0,0,0,144,192,0,90,-236,0,1,60,0,320,48,16,48,0,38,-216,0,1,60,0,288,48,16,48,0,101,-216,0,0,80,0,224,48,64,32,0,112,-231,0,0,100,0,144,80,32,32,0,112,-237,0,1,60,0,176,80,32,48,0,78,-230,0,0,80,0,144,48,80,32,0,0,-256,0,0,80,0,0,1024,192,256,0,
0,22,0,-256,0,0,80,0,192,1024,192,256,0,138,-149,0,0,100,0,544,192,32,48,0,137,-117,0,0,80,0,144,112,32,16,0,32,-132,0,1,100,0,352,0,32,48,0,110,-204,0,1,100,0,224,0,32,48,0,101,-150,0,1,90,0,352,48,32,32,0,95,-152,0,0,100,0,144,0,48,32,0,93,-134,0,0,100,0,144,128,48,16,0,73,-214,0,1,90,0,144,32,16,16,0,90,-236,0,1,50,0,336,48,16,48,0,38,-216,0,1,50,0,304,48,16,48,0,24,-225,0,1,100,0,448,0,144,160,0,61,-199,0,0,100,0,240,96,32,80,0,55,-147,0,0,20,0,592,48,112,80,0,23,-235,0,0,100,0,0,0,144,192,0,90,-236,0,1,60,0,336,48,16,48,0,38,-216,0,1,60,0,304,48,16,48,0,101,-216,0,0,80,0,224,48,64,32,0,112,-231,0,0,100,0,144,80,32,32,0,112,-237,0,1,70,0,176,80,32,48,0,78,-230,0,0,80,0,144,48,80,32,0,0,-256,0,0,80,0,0,1024,192,256,0,
0,22,0,-256,0,0,80,0,192,1024,192,256,0,135,-148,0,0,100,0,576,192,32,48,0,134,-116,0,0,100,0,144,112,32,16,0,32,-132,0,1,100,0,384,0,32,48,0,110,-204,0,1,100,0,256,0,32,48,0,101,-150,0,1,80,0,352,48,32,32,0,95,-152,0,0,100,0,144,0,48,32,0,93,-134,0,0,100,0,144,128,48,16,0,73,-214,0,1,80,0,144,32,16,16,0,90,-236,0,1,50,0,288,48,16,48,0,38,-216,0,1,50,0,320,48,16,48,0,24,-225,0,1,90,0,448,0,144,160,0,61,-199,0,0,100,0,240,96,32,80,0,55,-147,0,0,20,0,592,48,112,80,0,23,-235,0,0,100,0,0,0,144,192,0,90,-236,0,1,60,0,288,48,16,48,0,38,-216,0,1,60,0,320,48,16,48,0,102,-216,0,0,80,0,224,48,64,32,0,112,-231,0,0,100,0,144,80,32,32,0,112,-237,0,1,80,0,176,80,32,48,0,79,-230,0,0,80,0,144,48,80,32,0,0,-256,0,0,80,0,0,1024,192,256,0,
0,22,0,-256,0,0,80,0,192,1024,192,256,0,132,-147,0,0,100,0,608,192,32,48,0,131,-115,0,0,100,0,144,112,32,16,0,32,-132,0,1,100,0,416,0,32,48,0,110,-204,0,1,100,0,288,0,32,48,0,101,-150,0,1,90,0,352,48,32,32,0,95,-152,0,0,100,0,144,0,48,32,0,93,-134,0,0,100,0,144,128,48,16,0,73,-214,0,1,90,0,144,32,16,16,0,90,-236,0,1,50,0,304,48,16,48,0,38,-216,0,1,50,0,336,48,16,48,0,24,-225,0,1,100,0,448,0,144,160,0,61,-199,0,0,100,0,240,96,32,80,0,55,-147,0,0,20,0,592,48,112,80,0,23,-235,0,0,100,0,0,0,144,192,0,90,-236,0,1,60,0,304,48,16,48,0,38,-216,0,1,60,0,336,48,16,48,0,102,-216,0,0,80,0,224,48,64,32,0,112,-231,0,0,100,0,144,80,32,32,0,112,-237,0,1,90,0,176,80,32,48,0,79,-230,0,0,80,0,144,48,80,32,0,0,-256,0,0,80,0,0,1024,192,256,0,
0,22,0,-256,0,0,80,0,192,1024,192,256,0,129,-146,0,0,100,0,512,192,32,48,0,128,-114,0,0,100,0,144,112,32,16,0,32,-132,0,1,100,0,320,0,32,48,0,110,-204,0,1,100,0,192,0,32,48,0,101,-150,0,1,100,0,352,48,32,32,0,95,-152,0,0,100,0,144,0,48,32,0,93,-134,0,0,100,0,144,128,48,16,0,73,-214,0,1,100,0,144,32,16,16,0,90,-236,0,1,50,0,320,48,16,48,0,38,-216,0,1,50,0,288,48,16,48,0,24,-225,0,1,90,0,448,0,144,160,0,61,-199,0,0,100,0,240,96,32,80,0,55,-147,0,0,20,0,592,48,112,80,0,23,-235,0,0,100,0,0,0,144,192,0,90,-236,0,1,60,0,320,48,16,48,0,38,-216,0,1,60,0,288,48,16,48,0,103,-216,0,0,80,0,224,48,64,32,0,112,-231,0,0,100,0,144,80,32,32,0,112,-237,0,1,100,0,176,80,32,48,0,78,-230,0,0,80,0,144,48,80,32,0,0,-256,0,0,80,0,0,1024,192,256,0,
0,22,0,-256,0,0,80,0,192,1024,192,256,0,126,-145,0,0,100,0,544,192,32,48,0,125,-113,0,0,100,0,144,112,32,16,0,32,-132,0,1,100,0,352,0,32,48,0,110,-204,0,1,100,0,224,0,32,48,0,101,-150,0,1,90,0,352,48,32,32,0,95,-152,0,0,100,0,144,0,48,32,0,93,-134,0,0,100,0,144,128,48,16,0,73,-214,0,1,90,0,144,32,16,16,0,90,-236,0,1,50,0,336,48,16,48,0,38,-216,0,1,50,0,304,48,16,48,0,24,-225,0,1,100,0,448,0,144,160,0,61,-199,0,0,100,0,240,96,32,80,0,55,-147,0,0,20,0,592,48,112,80,0,23,-235,0,0,100,0,0,0,144,192,0,90,-236,0,1,60,0,336,48,16,48,0,38,-216,0,1,60,0,304,48,16,48,0,103,-216,0,0,80,0,224,48,64,32,0,112,-231,0,0,100,0,144,80,32,32,0,112,-237,0,1,90,0,176,80,32,48,0,78,-230,0,0,80,0,144,48,80,32,0,0,-256,0,0,80,0,0,1024,192,256,0,
0,22,0,-256,0,0,80,0,192,1024,192,256,0,123,-144,0,0,100,0,576,192,32,48,0,122,-112,0,0,100,0,144,112,32,16,0,32,-132,0,1,100,0,384,0,32,48,0,110,-204,0,1,100,0,256,0,32,48,0,101,-150,0,1,80,0,352,48,32,32,0,95,-152,0,0,100,0,144,0,48,32,0,93,-134,0,0,100,0,144,128,48,16,0,73,-214,0,1,80,0,144,32,16,16,0,90,-236,0,1,50,0,288,48,16,48,0,38,-216,0,1,50,0,320,48,16,48,0,24,-225,0,1,90,0,448,0,144,160,0,61,-199,0,0,100,0,240,96,32,80,0,55,-147,0,0,20,0,592,48,112,80,0,23,-235,0,0,100,0,0,0,144,192,0,90,-236,0,1,60,0,288,48,16,48,0,38,-216,0,1,60,0,320,48,16,48,0,102,-216,0,0,80,0,224,48,64,32,0,112,-231,0,0,100,0,144,80,32,32,0,112,-237,0,1,80,0,176,80,32,48,0,77,-230,0,0,80,0,144,48,80,32,0,0,-256,0,0,80,0,0,1024,192,256,0,
0,22,0,-256,0,0,80,0,192,1024,192,256,0,120,-143,0,0,100,0,608,192,32,48,0,119,-111,0,0,100,0,144,112,32,16,0,32,-132,0,1,100,0,416,0,32,48,0,110,-204,0,1,100,0,288,0,32,48,0,101,-150,0,1,90,0,352,48,32,32,0,95,-152,0,0,100,0,144,0,48,32,0,93,-134,0,0,100,0,144,128,48,16,0,73,-214,0,1,90,0,144,32,16,16,0,90,-236,0,1,50,0,304,48,16,48,0,38,-216,0,1,50,0,336,48,16,48,0,24,-225,0,1,100,0,448,0,144,160,0,61,-199,0,0,100,0,272,96,32,80,0,55,-147,0,0,20,0,592,48,112,80,0,23,-235,0,0,100,0,0,0,144,192,0,90,-236,0,1,60,0,304,48,16,48,0,38,-216,0,1,60,0,336,48,16,48,0,102,-216,0,0,80,0,224,48,64,32,0,112,-231,0,0,100,0,144,80,32,32,0,112,-237,0,1,70,0,176,80,32,48,0,77,-230,0,0,80,0,144,48,80,32,0,0,-256,0,0,80,0,0,1024,192,256,0,
0,22,0,-256,0,0,80,0,192,1024,192,256,0,117,-142,0,0,100,0,512,192,32,48,0,116,-110,0,0,100,0,144,112,32,16,0,32,-132,0,1,100,0,320,0,32,48,0,110,-204,0,1,100,0,192,0,32,48,0,101,-150,0,1,100,0,352,48,32,32,0,95,-152,0,0,100,0,144,0,48,32,0,93,-134,0,0,100,0,144,128,48,16,0,73,-214,0,1,100,0,144,32,16,16,0,90,-236,0,1,50,0,320,48,16,48,0,38,-216,0,1,50,0,288,48,16,48,0,24,-225,0,1,90,0,448,0,144,160,0,61,-199,0,0,100,0,304,96,32,96,0,55,-147,0,0,20,0,592,48,112,80,0,23,-235,0,0,100,0,0,0,144,192,0,90,-236,0,1,60,0,320,48,16,48,0,38,-216,0,1,60,0,288,48,16,48,0,101,-216,0,0,80,0,224,48,64,32,0,112,-231,0,0,100,0,144,80,32,32,0,112,-237,0,1,60,0,176,80,32,48,0,78,-230,0,0,80,0,144,48,80,32,0,0,-256,0,0,80,0,0,1024,192,256,0,
0,24,0,-256,0,0,80,0,192,1024,192,256,0,114,-141,0,0,100,0,544,192,32,48,0,113,-109,0,0,100,0,144,112,32,16,0,64,-174,0,0,100,0,400,48,16,64,0,32,-132,0,1,100,0,352,0,32,48,0,110,-204,0,1,100,0,224,0,32,48,0,101,-150,0,1,90,0,352,48,32,32,0,95,-152,0,0,100,0,144,0,48,32,0,93,-134,0,0,100,0,144,128,48,16,0,73,-214,0,1,90,0,144,32,16,16,0,90,-236,0,1,50,0,336,48,16,48,0,38,-216,0,1,50,0,304,48,16,48,0,24,-225,0,1,100,0,448,0,144,160,0,82,-187,0,1,100,0,416,48,16,64,0,61,-199,0,0,100,0,336,96,48,96,0,55,-147,0,0,20,0,592,48,112,80,0,23,-235,0,0,100,0,0,0,144,192,0,90,-236,0,1,60,0,336,48,16,48,0,38,-216,0,1,60,0,304,48,16,48,0,101,-216,0,0,80,0,224,48,64,32,0,112,-231,0,0,100,0,144,80,32,32,0,112,-237,0,1,70,0,176,80,32,48,0,78,-230,0,0,80,0,144,48,80,32,0,0,-256,0,0,80,0,0,1024,192,256,0,
0,24,0,-256,0,0,80,0,192,1024,192,256,0,112,-140,0,0,100,0,576,192,32,48,0,111,-108,0,0,100,0,144,112,32,16,0,64,-174,0,0,100,0,400,48,16,64,0,32,-132,0,1,100,0,384,0,32,48,0,110,-204,0,1,100,0,256,0,32,48,0,101,-150,0,1,80,0,352,48,32,32,0,95,-152,0,0,100,0,144,0,48,32,0,93,-134,0,0,100,0,144,128,48,16,0,73,-214,0,1,80,0,144,32,16,16,0,90,-236,0,1,50,0,288,48,16,48,0,38,-216,0,1,50,0,320,48,16,48,0,24,-225,0,1,90,0,448,0,144,160,0,82,-187,0,1,100,0,416,48,16,64,0,61,-199,0,0,100,0,336,96,48,96,0,55,-147,0,0,20,0,592,48,112,80,0,23,-235,0,0,100,0,0,0,144,192,0,90,-236,0,1,60,0,288,48,16,48,0,38,-216,0,1,60,0,320,48,16,48,0,102,-216,0,0,80,0,224,48,64,32,0,112,-231,0,0,100,0,144,80,32,32,0,112,-237,0,1,80,0,176,80,32,48,0,79,-230,0,0,80,0,144,48,80,32,0,0,-256,0,0,80,0,0,1024,192,256,0,
0,26,0,-256,0,0,80,0,192,1024,192,256,0,110,-139,0,0,100,0,608,192,32,48,0,109,-107,0,0,100,0,144,112,32,16,0,64,-174,0,0,100,0,400,48,16,64,0,64,-155,0,0,100,0,48,240,48,48,0,62,-126,0,0,100,0,144,128,48,16,0,32,-132,0,1,100,0,416,0,32,48,0,110,-204,0,1,100,0,288,0,32,48,0,101,-150,0,1,90,0,352,48,32,32,0,95,-152,0,0,100,0,144,0,48,32,0,93,-134,0,0,100,0,144,128,48,16,0,73,-214,0,1,90,0,144,32,16,16,0,90,-236,0,1,50,0,304,48,16,48,0,38,-216,0,1,50,0,336,48,16,48,0,24,-225,0,1,100,0,448,0,144,160,0,82,-187,0,1,100,0,416,48,16,64,0,61,-199,0,0,100,0,336,96,48,96,0,55,-147,0,0,20,0,592,48,112,80,0,23,-235,0,0,100,0,0,0,144,192,0,90,-236,0,1,60,0,304,48,16,48,0,38,-216,0,1,60,0,336,48,16,48,0,102,-216,0,0,80,0,224,48,64,32,0,112,-231,0,0,100,0,144,80,32,32,0,112,-237,0,1,90,0,176,80,32,48,0,79,-230,0,0,80,0,144,48,80,32,0,0,-256,0,0,80,0,0,1024,192,256,0,
0,27,0,-256,0,0,80,0,192,1024,192,256,0,121,-140,1,0,100,0,144,176,16,16,0,108,-138,0,0,100,0,592,144,32,48,0,107,-106,0,0,100,0,144,112,32,16,0,64,-174,0,0,100,0,400,48,16,64,0,67,-146,0,0,100,0,96,240,48,48,0,67,-120,0,0,100,0,144,128,48,16,0,32,-132,0,1,100,0,320,0,32,48,0,110,-204,0,1,100,0,192,0,32,48,0,101,-150,0,1,100,0,352,48,32,32,0,95,-152,0,0,100,0,144,0,48,32,0,93,-134,0,0,100,0,144,128,48,16,0,73,-214,0,1,100,0,144,32,16,16,0,90,-236,0,1,50,0,320,48,16,48,0,38,-216,0,1,50,0,288,48,16,48,0,24,-225,0,1,90,0,448,0,144,160,0,82,-187,0,1,100,0,416,48,16,64,0,61,-199,0,0,100,0,336,96,48,96,0,55,-147,0,0,20,0,592,48,112,80,0,23,-235,0,0,100,0,0,0,144,192,0,90,-236,0,1,60,0,320,48,16,48,0,38,-216,0,1,60,0,288,48,16,48,0,103,-216,0,0,80,0,224,48,64,32,0,112,-231,0,0,100,0,144,80,32,32,0,112,-237,0,1,100,0,176,80,32,48,0,78,-230,0,0,80,0,144,48,80,32,0,0,-256,0,0,80,0,0,1024,192,256,0,
0,27,0,-256,0,0,80,0,192,1024,192,256,0,121,-142,1,0,100,0,144,176,16,16,0,111,-138,0,0,100,0,640,192,32,48,0,108,-106,0,0,100,0,144,112,32,16,0,64,-174,0,0,100,0,400,48,16,64,0,70,-145,0,0,100,0,144,240,48,48,0,68,-119,0,0,100,0,144,128,48,16,0,32,-132,0,1,100,0,352,0,32,48,0,110,-204,0,1,100,0,224,0,32,48,0,101,-150,0,1,90,0,352,48,32,32,0,95,-152,0,0,100,0,144,0,48,32,0,93,-134,0,0,100,0,144,128,48,16,0,73,-214,0,1,90,0,144,32,16,16,0,90,-236,0,1,50,0,336,48,16,48,0,38,-216,0,1,50,0,304,48,16,48,0,24,-225,0,1,100,0,448,0,144,160,0,82,-187,0,1,100,0,416,48,16,64,0,61,-199,0,0,100,0,336,96,48,96,0,55,-147,0,0,20,0,592,48,112,80,0,23,-235,0,0,100,0,0,0,144,192,0,90,-236,0,1,60,0,336,48,16,48,0,38,-216,0,1,60,0,304,48,16,48,0,103,-216,0,0,80,0,224,48,64,32,0,112,-231,0,0,100,0,144,80,32,32,0,112,-237,0,1,90,0,176,80,32,48,0,78,-230,0,0,80,0,144,48,80,32,0,0,-256,0,0,80,0,0,1024,192,256,0,
0,27,0,-256,0,0,80,0,192,1024,192,256,0,121,-140,1,0,100,0,144,176,16,16,0,110,-138,0,0,100,0,640,192,32,48,0,107,-106,0,0,100,0,144,112,32,16,0,64,-174,0,0,100,0,400,48,16,64,0,71,-144,0,0,100,0,192,240,48,48,0,70,-116,0,0,100,0,144,128,48,16,0,32,-132,0,1,100,0,384,0,32,48,0,110,-204,0,1,100,0,256,0,32,48,0,101,-150,0,1,80,0,352,48,32,32,0,95,-152,0,0,100,0,144,0,48,32,0,93,-134,0,0,100,0,144,128,48,16,0,73,-214,0,1,80,0,144,32,16,16,0,90,-236,0,1,50,0,288,48,16,48,0,38,-216,0,1,50,0,320,48,16,48,0,24,-225,0,1,90,0,448,0,144,160,0,82,-187,0,1,100,0,416,48,16,64,0,61,-199,0,0,100,0,336,96,48,96,0,55,-147,0,0,20,0,592,48,112,80,0,23,-235,0,0,100,0,0,0,144,192,0,90,-236,0,1,60,0,288,48,16,48,0,38,-216,0,1,60,0,320,48,16,48,0,102,-216,0,0,80,0,224,48,64,32,0,112,-231,0,0,100,0,144,80,32,32,0,112,-237,0,1,80,0,176,80,32,48,0,77,-230,0,0,80,0,144,48,80,32,0,0,-256,0,0,80,0,0,1024,192,256,0,
0,27,0,-256,0,0,80,0,192,1024,192,256,0,121,-140,1,0,100,0,144,176,16,16,0,111,-138,0,0,100,0,640,192,32,48,0,108,-106,0,0,100,0,144,112,32,16,0,64,-174,0,0,100,0,400,48,16,64,0,71,-144,0,0,100,0,240,240,48,48,0,70,-116,0,0,100,0,144,128,48,16,0,32,-132,0,1,100,0,416,0,32,48,0,110,-204,0,1,100,0,288,0,32,48,0,101,-150,0,1,90,0,352,48,32,32,0,95,-152,0,0,100,0,144,0,48,32,0,93,-134,0,0,100,0,144,128,48,16,0,73,-214,0,1,90,0,144,32,16,16,0,90,-236,0,1,50,0,304,48,16,48,0,38,-216,0,1,50,0,336,48,16,48,0,24,-225,0,1,100,0,448,0,144,160,0,82,-187,0,1,100,0,416,48,16,64,0,61,-199,0,0,100,0,336,96,48,96,0,55,-147,0,0,20,0,592,48,112,80,0,23,-235,0,0,100,0,0,0,144,192,0,90,-236,0,1,60,0,304,48,16,48,0,38,-216,0,1,60,0,336,48,16,48,0,102,-216,0,0,80,0,224,48,64,32,0,112,-231,0,0,100,0,144,80,32,32,0,112,-237,0,1,70,0,176,80,32,48,0,77,-230,0,0,80,0,144,48,80,32,0,0,-256,0,0,80,0,0,1024,192,256,0,
0,27,0,-256,0,0,80,0,192,1024,192,256,0,121,-140,1,0,70,0,144,176,16,16,0,111,-138,0,0,100,0,672,192,32,48,0,109,-106,0,0,100,0,144,112,32,16,0,64,-174,0,0,100,0,400,48,16,64,0,71,-144,0,0,100,0,288,240,48,48,0,70,-116,0,0,100,0,144,128,48,16,0,32,-132,0,1,100,0,320,0,32,48,0,110,-204,0,1,100,0,192,0,32,48,0,101,-150,0,1,100,0,352,48,32,32,0,95,-152,0,0,100,0,144,0,48,32,0,93,-134,0,0,100,0,144,128,48,16,0,73,-214,0,1,100,0,144,32,16,16,0,90,-236,0,1,50,0,320,48,16,48,0,38,-216,0,1,50,0,288,48,16,48,0,24,-225,0,1,90,0,448,0,144,160,0,82,-187,0,1,100,0,416,48,16,64,0,61,-199,0,0,100,0,336,96,48,96,0,55,-147,0,0,20,0,592,48,112,80,0,23,-235,0,0,100,0,0,0,144,192,0,90,-236,0,1,60,0,320,48,16,48,0,38,-216,0,1,60,0,288,48,16,48,0,101,-216,0,0,80,0,224,48,64,32,0,112,-231,0,0,100,0,144,80,32,32,0,112,-237,0,1,60,0,176,80,32,48,0,78,-230,0,0,80,0,144,48,80,32,0,0,-256,0,0,80,0,0,1024,192,256,0,
0,27,0,-256,0,0,80,0,192,1024,192,256,0,121,-140,1,0,30,0,144,176,16,16,0,112,-137,0,0,100,0,704,192,32,48,0,110,-106,0,0,100,0,144,112,32,16,0,64,-174,0,0,100,0,400,48,16,64,0,71,-144,0,0,100,0,336,240,48,48,0,70,-116,0,0,100,0,144,128,48,16,0,32,-132,0,1,100,0,352,0,32,48,0,110,-204,0,1,100,0,224,0,32,48,0,101,-150,0,1,90,0,352,48,32,32,0,95,-152,0,0,100,0,144,0,48,32,0,93,-134,0,0,100,0,144,128,48,16,0,73,-214,0,1,90,0,144,32,16,16,0,90,-236,0,1,50,0,336,48,16,48,0,38,-216,0,1,50,0,304,48,16,48,0,24,-225,0,1,100,0,448,0,144,160,0,82,-187,0,1,100,0,416,48,16,64,0,61,-199,0,0,100,0,336,96,48,96,0,55,-147,0,0,20,0,592,48,112,80,0,23,-235,0,0,100,0,0,0,144,192,0,90,-236,0,1,60,0,336,48,16,48,0,38,-216,0,1,60,0,304,48,16,48,0,101,-216,0,0,80,0,224,48,64,32,0,112,-231,0,0,100,0,144,80,32,32,0,112,-237,0,1,70,0,176,80,32,48,0,78,-230,0,0,80,0,144,48,80,32,0,0,-256,0,0,80,0,0,1024,192,256,0,
0,26,0,-256,0,0,80,0,192,1024,192,256,0,112,-137,0,0,100,0,736,192,32,48,0,110,-106,0,0,100,0,144,112,32,16,0,64,-174,0,0,100,0,400,48,16,64,0,71,-144,0,0,100,0,192,240,48,48,0,70,-116,0,0,100,0,144,128,48,16,0,32,-132,0,1,100,0,384,0,32,48,0,110,-204,0,1,100,0,256,0,32,48,0,101,-150,0,1,80,0,352,48,32,32,0,95,-152,0,0,100,0,144,0,48,32,0,93,-134,0,0,100,0,144,128,48,16,0,73,-214,0,1,80,0,144,32,16,16,0,90,-236,0,1,50,0,288,48,16,48,0,38,-216,0,1,50,0,320,48,16,48,0,24,-225,0,1,90,0,448,0,144,160,0,82,-187,0,1,100,0,416,48,16,64,0,61,-199,0,0,100,0,336,96,48,96,0,55,-147,0,0,20,0,592,48,112,80,0,23,-235,0,0,100,0,0,0,144,192,0,90,-236,0,1,60,0,288,48,16,48,0,38,-216,0,1,60,0,320,48,16,48,0,102,-216,0,0,80,0,224,48,64,32,0,112,-231,0,0,100,0,144,80,32,32,0,112,-237,0,1,80,0,176,80,32,48,0,79,-230,0,0,80,0,144,48,80,32,0,0,-256,0,0,80,0,0,1024,192,256,0,
0,26,0,-256,0,0,80,0,192,1024,192,256,0,112,-137,0,0,100,0,736,192,32,48,0,110,-106,0,0,100,0,144,112,32,16,0,64,-174,0,0,100,0,400,48,16,64,0,71,-144,0,0,100,0,240,240,48,48,0,70,-116,0,0,100,0,144,128,48,16,0,32,-132,0,1,100,0,416,0,32,48,0,110,-204,0,1,100,0,288,0,32,48,0,101,-150,0,1,90,0,352,48,32,32,0,95,-152,0,0,100,0,144,0,48,32,0,93,-134,0,0,100,0,144,128,48,16,0,73,-214,0,1,90,0,144,32,16,16,0,90,-236,0,1,50,0,304,48,16,48,0,38,-216,0,1,50,0,336,48,16,48,0,24,-225,0,1,100,0,448,0,144,160,0,82,-187,0,1,100,0,416,48,16,64,0,61,-199,0,0,100,0,336,96,48,96,0,55,-147,0,0,20,0,592,48,112,80,0,23,-235,0,0,100,0,0,0,144,192,0,90,-236,0,1,60,0,304,48,16,48,0,38,-216,0,1,60,0,336,48,16,48,0,102,-216,0,0,80,0,224,48,64,32,0,112,-231,0,0,100,0,144,80,32,32,0,112,-237,0,1,90,0,176,80,32,48,0,79,-230,0,0,80,0,144,48,80,32,0,0,-256,0,0,80,0,0,1024,192,256,0,
0,28,0,-256,0,0,80,0,192,1024,192,256,0,106,-112,0,0,100,0,832,208,16,16,0,122,-108,0,0,100,0,800,208,32,16,0,112,-137,0,0,100,0,768,192,32,48,0,110,-106,0,0,100,0,144,112,32,16,0,64,-174,0,0,100,0,400,48,16,64,0,71,-144,0,0,100,0,288,240,48,48,0,70,-116,0,0,100,0,144,128,48,16,0,32,-132,0,1,100,0,320,0,32,48,0,110,-204,0,1,100,0,192,0,32,48,0,101,-150,0,1,100,0,352,48,32,32,0,95,-152,0,0,100,0,144,0,48,32,0,93,-134,0,0,100,0,144,128,48,16,0,73,-214,0,1,100,0,144,32,16,16,0,90,-236,0,1,50,0,320,48,16,48,0,38,-216,0,1,50,0,288,48,16,48,0,24,-225,0,1,90,0,448,0,144,160,0,82,-187,0,1,100,0,416,48,16,64,0,61,-199,0,0,100,0,336,96,48,96,0,55,-147,0,0,20,0,592,48,112,80,0,23,-235,0,0,100,0,0,0,144,192,0,90,-236,0,1,60,0,320,48,16,48,0,38,-216,0,1,60,0,288,48,16,48,0,103,-216,0,0,80,0,224,48,64,32,0,112,-231,0,0,100,0,144,80,32,32,0,112,-237,0,1,100,0,176,80,32,48,0,78,-230,0,0,80,0,144,48,80,32,0,0,-256,0,0,80,0,0,1024,192,256,0,
0,28,0,-256,0,0,80,0,192,1024,192,256,0,106,-112,0,0,100,0,832,224,16,16,0,122,-108,0,0,100,0,800,224,32,16,0,112,-137,0,0,100,0,768,192,32,48,0,110,-106,0,0,100,0,144,112,32,16,0,64,-174,0,0,100,0,400,48,16,64,0,71,-144,0,0,100,0,336,240,48,48,0,70,-116,0,0,100,0,144,128,48,16,0,32,-132,0,1,100,0,352,0,32,48,0,110,-204,0,1,100,0,224,0,32,48,0,101,-150,0,1,90,0,352,48,32,32,0,95,-152,0,0,100,0,144,0,48,32,0,93,-134,0,0,100,0,144,128,48,16,0,73,-214,0,1,90,0,144,32,16,16,0,90,-236,0,1,50,0,336,48,16,48,0,38,-216,0,1,50,0,304,48,16,48,0,24,-225,0,1,100,0,448,0,144,160,0,82,-187,0,1,100,0,416,48,16,64,0,61,-199,0,0,100,0,336,96,48,96,0,55,-147,0,0,20,0,592,48,112,80,0,23,-235,0,0,100,0,0,0,144,192,0,90,-236,0,1,60,0,336,48,16,48,0,38,-216,0,1,60,0,304,48,16,48,0,103,-216,0,0,80,0,224,48,64,32,0,112,-231,0,0,100,0,144,80,32,32,0,112,-237,0,1,90,0,176,80,32,48,0,78,-230,0,0,80,0,144,48,80,32,0,0,-256,0,0,80,0,0,1024,192,256,0,
0,28,0,-256,0,0,80,0,192,1024,192,256,0,106,-112,0,0,100,0,832,208,16,16,0,122,-108,0,0,100,0,800,208,32,16,0,112,-137,0,0,100,0,768,192,32,48,0,110,-106,0,0,100,0,144,112,32,16,0,64,-174,0,0,100,0,400,48,16,64,0,71,-144,0,0,100,0,192,288,48,48,0,70,-116,0,0,100,0,144,128,48,16,0,32,-132,0,1,100,0,384,0,32,48,0,110,-204,0,1,100,0,256,0,32,48,0,101,-150,0,1,80,0,352,48,32,32,0,95,-152,0,0,100,0,144,0,48,32,0,93,-134,0,0,100,0,144,128,48,16,0,73,-214,0,1,80,0,144,32,16,16,0,90,-236,0,1,50,0,288,48,16,48,0,38,-216,0,1,50,0,320,48,16,48,0,24,-225,0,1,90,0,448,0,144,160,0,82,-187,0,1,100,0,416,48,16,64,0,61,-199,0,0,100,0,336,96,48,96,0,55,-147,0,0,20,0,592,48,112,80,0,23,-235,0,0,100,0,0,0,144,192,0,90,-236,0,1,60,0,288,48,16,48,0,38,-216,0,1,60,0,320,48,16,48,0,102,-216,0,0,80,0,224,48,64,32,0,112,-231,0,0,100,0,144,80,32,32,0,112,-237,0,1,80,0,176,80,32,48,0,77,-230,0,0,80,0,144,48,80,32,0,0,-256,0,0,80,0,0,1024,192,256,0,
0,28,0,-256,0,0,80,0,192,1024,192,256,0,106,-112,0,0,100,0,832,224,16,16,0,122,-108,0,0,100,0,800,224,32,16,0,112,-137,0,0,100,0,768,192,32,48,0,110,-106,0,0,100,0,144,112,32,16,0,64,-174,0,0,100,0,400,48,16,64,0,71,-144,0,0,100,0,240,288,48,48,0,70,-116,0,0,100,0,144,128,48,16,0,32,-132,0,1,100,0,416,0,32,48,0,110,-204,0,1,100,0,288,0,32,48,0,101,-150,0,1,90,0,352,48,32,32,0,95,-152,0,0,100,0,144,0,48,32,0,93,-134,0,0,100,0,144,128,48,16,0,73,-214,0,1,90,0,144,32,16,16,0,90,-236,0,1,50,0,304,48,16,48,0,38,-216,0,1,50,0,336,48,16,48,0,24,-225,0,1,100,0,448,0,144,160,0,82,-187,0,1,100,0,416,48,16,64,0,61,-199,0,0,100,0,336,96,48,96,0,55,-147,0,0,20,0,592,48,112,80,0,23,-235,0,0,100,0,0,0,144,192,0,90,-236,0,1,60,0,304,48,16,48,0,38,-216,0,1,60,0,336,48,16,48,0,102,-216,0,0,80,0,224,48,64,32,0,112,-231,0,0,100,0,144,80,32,32,0,112,-237,0,1,70,0,176,80,32,48,0,77,-230,0,0,80,0,144,48,80,32,0,0,-256,0,0,80,0,0,1024,192,256,0,
0,28,0,-256,0,0,80,0,192,1024,192,256,0,106,-112,0,0,100,0,832,208,16,16,0,122,-108,0,0,100,0,800,208,32,16,0,112,-137,0,0,100,0,768,192,32,48,0,110,-106,0,0,100,0,144,112,32,16,0,64,-174,0,0,100,0,400,48,16,64,0,71,-144,0,0,100,0,288,288,48,48,0,70,-116,0,0,100,0,144,128,48,16,0,32,-132,0,1,100,0,320,0,32,48,0,110,-204,0,1,100,0,192,0,32,48,0,101,-150,0,1,100,0,352,48,32,32,0,95,-152,0,0,100,0,144,0,48,32,0,93,-134,0,0,100,0,144,128,48,16,0,73,-214,0,1,100,0,144,32,16,16,0,90,-236,0,1,50,0,320,48,16,48,0,38,-216,0,1,50,0,288,48,16,48,0,24,-225,0,1,90,0,448,0,144,160,0,82,-187,0,1,100,0,416,48,16,64,0,61,-199,0,0,100,0,336,96,48,96,0,55,-147,0,0,20,0,592,48,112,80,0,23,-235,0,0,100,0,0,0,144,192,0,90,-236,0,1,60,0,320,48,16,48,0,38,-216,0,1,60,0,288,48,16,48,0,101,-216,0,0,80,0,224,48,64,32,0,112,-231,0,0,100,0,144,80,32,32,0,112,-237,0,1,60,0,176,80,32,48,0,78,-230,0,0,80,0,144,48,80,32,0,0,-256,0,0,80,0,0,1024,192,256,0,
0,28,0,-256,0,0,80,0,192,1024,192,256,0,106,-112,0,0,100,0,832,224,16,16,0,122,-108,0,0,100,0,800,224,32,16,0,112,-137,0,0,100,0,768,192,32,48,0,110,-106,0,0,100,0,144,112,32,16,0,64,-174,0,0,100,0,400,48,16,64,0,71,-144,0,0,100,0,336,288,48,48,0,70,-116,0,0,100,0,144,128,48,16,0,32,-132,0,1,100,0,352,0,32,48,0,110,-204,0,1,100,0,224,0,32,48,0,101,-150,0,1,90,0,352,48,32,32,0,95,-152,0,0,100,0,144,0,48,32,0,93,-134,0,0,100,0,144,128,48,16,0,73,-214,0,1,90,0,144,32,16,16,0,90,-236,0,1,50,0,336,48,16,48,0,38,-216,0,1,50,0,304,48,16,48,0,24,-225,0,1,100,0,448,0,144,160,0,82,-187,0,1,100,0,416,48,16,64,0,61,-199,0,0,100,0,336,96,48,96,0,55,-147,0,0,20,0,592,48,112,80,0,23,-235,0,0,100,0,0,0,144,192,0,90,-236,0,1,60,0,336,48,16,48,0,38,-216,0,1,60,0,304,48,16,48,0,101,-216,0,0,80,0,224,48,64,32,0,112,-231,0,0,100,0,144,80,32,32,0,112,-237,0,1,70,0,176,80,32,48,0,78,-230,0,0,80,0,144,48,80,32,0,0,-256,0,0,80,0,0,1024,192,256,0,
0,28,0,-256,0,0,80,0,192,1024,192,256,0,106,-112,0,0,100,0,832,208,16,16,0,122,-108,0,0,100,0,800,208,32,16,0,112,-137,0,0,100,0,768,192,32,48,0,110,-106,0,0,100,0,144,112,32,16,0,64,-174,0,0,100,0,400,48,16,64,0,71,-144,0,0,100,0,192,240,48,48,0,70,-116,0,0,100,0,144,128,48,16,0,32,-132,0,1,100,0,384,0,32,48,0,110,-204,0,1,100,0,256,0,32,48,0,101,-150,0,1,80,0,352,48,32,32,0,95,-152,0,0,100,0,144,0,48,32,0,93,-134,0,0,100,0,144,128,48,16,0,73,-214,0,1,80,0,144,32,16,16,0,90,-236,0,1,50,0,288,48,16,48,0,38,-216,0,1,50,0,320,48,16,48,0,24,-225,0,1,90,0,448,0,144,160,0,82,-187,0,1,100,0,416,48,16,64,0,61,-199,0,0,100,0,336,96,48,96,0,55,-147,0,0,20,0,592,48,112,80,0,23,-235,0,0,100,0,0,0,144,192,0,90,-236,0,1,60,0,288,48,16,48,0,38,-216,0,1,60,0,320,48,16,48,0,102,-216,0,0,80,0,224,48,64,32,0,112,-231,0,0,100,0,144,80,32,32,0,112,-237,0,1,80,0,176,80,32,48,0,79,-230,0,0,80,0,144,48,80,32,0,0,-256,0,0,80,0,0,1024,192,256,0,
0,28,0,-256,0,0,80,0,192,1024,192,256,0,106,-112,0,0,100,0,832,224,16,16,0,122,-108,0,0,100,0,800,224,32,16,0,112,-137,0,0,100,0,768,192,32,48,0,110,-106,0,0,100,0,144,112,32,16,0,64,-174,0,0,100,0,400,48,16,64,0,71,-144,0,0,100,0,624,288,48,48,0,70,-116,0,0,100,0,144,128,48,16,0,32,-132,0,1,100,0,416,0,32,48,0,110,-204,0,1,100,0,288,0,32,48,0,101,-150,0,1,90,0,352,48,32,32,0,95,-152,0,0,100,0,144,0,48,32,0,93,-134,0,0,100,0,144,128,48,16,0,73,-214,0,1,90,0,144,32,16,16,0,90,-236,0,1,50,0,304,48,16,48,0,38,-216,0,1,50,0,336,48,16,48,0,24,-225,0,1,100,0,448,0,144,160,0,82,-187,0,1,100,0,416,48,16,64,0,61,-199,0,0,100,0,336,96,48,96,0,55,-147,0,0,20,0,592,48,112,80,0,23,-235,0,0,100,0,0,0,144,192,0,90,-236,0,1,60,0,304,48,16,48,0,38,-216,0,1,60,0,336,48,16,48,0,102,-216,0,0,80,0,224,48,64,32,0,112,-231,0,0,100,0,144,80,32,32,0,112,-237,0,1,90,0,176,80,32,48,0,79,-230,0,0,80,0,144,48,80,32,0,0,-256,0,0,80,0,0,1024,192,256,0,
0,28,0,-256,0,0,80,0,192,1024,192,256,0,106,-112,0,0,100,0,832,208,16,16,0,122,-108,0,0,100,0,800,208,32,16,0,112,-137,0,0,100,0,768,192,32,48,0,110,-106,0,0,100,0,144,112,32,16,0,64,-174,0,0,100,0,400,48,16,64,0,71,-144,0,0,100,0,672,288,48,48,0,70,-116,0,0,100,0,144,128,48,16,0,32,-132,0,1,100,0,320,0,32,48,0,110,-204,0,1,100,0,192,0,32,48,0,101,-150,0,1,100,0,352,48,32,32,0,95,-152,0,0,100,0,144,0,48,32,0,93,-134,0,0,100,0,144,128,48,16,0,73,-214,0,1,100,0,144,32,16,16,0,90,-236,0,1,50,0,320,48,16,48,0,38,-216,0,1,50,0,288,48,16,48,0,24,-225,0,1,90,0,448,0,144,160,0,82,-187,0,1,100,0,416,48,16,64,0,61,-199,0,0,100,0,336,96,48,96,0,55,-147,0,0,20,0,592,48,112,80,0,23,-235,0,0,100,0,0,0,144,192,0,90,-236,0,1,60,0,320,48,16,48,0,38,-216,0,1,60,0,288,48,16,48,0,103,-216,0,0,80,0,224,48,64,32,0,112,-231,0,0,100,0,144,80,32,32,0,112,-237,0,1,100,0,176,80,32,48,0,78,-230,0,0,80,0,144,48,80,32,0,0,-256,0,0,80,0,0,1024,192,256,0,
0,28,0,-256,0,0,80,0,192,1024,192,256,0,106,-112,0,0,100,0,832,224,16,16,0,122,-108,0,0,100,0,800,224,32,16,0,112,-137,0,0,100,0,768,192,32,48,0,110,-106,0,0,100,0,144,112,32,16,0,64,-174,0,0,100,0,400,48,16,64,0,71,-144,0,0,100,0,720,288,48,48,0,70,-116,0,0,100,0,144,128,48,16,0,32,-132,0,1,100,0,352,0,32,48,0,110,-204,0,1,100,0,224,0,32,48,0,101,-150,0,1,90,0,352,48,32,32,0,95,-152,0,0,100,0,144,0,48,32,0,93,-134,0,0,100,0,144,128,48,16,0,73,-214,0,1,90,0,144,32,16,16,0,90,-236,0,1,50,0,336,48,16,48,0,38,-216,0,1,50,0,304,48,16,48,0,24,-225,0,1,100,0,448,0,144,160,0,82,-187,0,1,100,0,416,48,16,64,0,61,-199,0,0,100,0,336,96,48,96,0,55,-147,0,0,20,0,592,48,112,80,0,23,-235,0,0,100,0,0,0,144,192,0,90,-236,0,1,60,0,336,48,16,48,0,38,-216,0,1,60,0,304,48,16,48,0,103,-216,0,0,80,0,224,48,64,32,0,112,-231,0,0,100,0,144,80,32,32,0,112,-237,0,1,90,0,176,80,32,48,0,78,-230,0,0,80,0,144,48,80,32,0,0,-256,0,0,80,0,0,1024,192,256,0,
0,28,0,-256,0,0,80,0,192,1024,192,256,0,106,-112,0,0,100,0,832,208,16,16,0,122,-108,0,0,100,0,800,208,32,16,0,112,-137,0,0,100,0,768,192,32,48,0,110,-106,0,0,100,0,144,112,32,16,0,64,-174,0,0,100,0,400,48,16,64,0,71,-144,0,0,100,0,576,288,48,48,0,70,-116,0,0,100,0,144,128,48,16,0,32,-132,0,1,100,0,384,0,32,48,0,110,-204,0,1,100,0,256,0,32,48,0,101,-150,0,1,80,0,352,48,32,32,0,95,-152,0,0,100,0,144,0,48,32,0,93,-134,0,0,100,0,144,128,48,16,0,73,-214,0,1,80,0,144,32,16,16,0,90,-236,0,1,50,0,288,48,16,48,0,38,-216,0,1,50,0,320,48,16,48,0,24,-225,0,1,90,0,448,0,144,160,0,82,-187,0,1,100,0,416,48,16,64,0,61,-199,0,0,100,0,336,96,48,96,0,55,-147,0,0,20,0,592,48,112,80,0,23,-235,0,0,100,0,0,0,144,192,0,90,-236,0,1,60,0,288,48,16,48,0,38,-216,0,1,60,0,320,48,16,48,0,102,-216,0,0,80,0,224,48,64,32,0,112,-231,0,0,100,0,144,80,32,32,0,112,-237,0,1,80,0,176,80,32,48,0,77,-230,0,0,80,0,144,48,80,32,0,0,-256,0,0,80,0,0,1024,192,256,0,
0,28,0,-256,0,0,80,0,192,1024,192,256,0,106,-112,0,0,100,0,832,224,16,16,0,122,-108,0,0,100,0,800,224,32,16,0,112,-137,0,0,100,0,768,192,32,48,0,110,-106,0,0,100,0,144,112,32,16,0,64,-174,0,0,100,0,400,48,16,64,0,71,-144,0,0,100,0,240,240,48,48,0,70,-116,0,0,100,0,144,128,48,16,0,32,-132,0,1,100,0,416,0,32,48,0,110,-204,0,1,100,0,288,0,32,48,0,101,-150,0,1,90,0,352,48,32,32,0,95,-152,0,0,100,0,144,0,48,32,0,93,-134,0,0,100,0,144,128,48,16,0,73,-214,0,1,90,0,144,32,16,16,0,90,-236,0,1,50,0,304,48,16,48,0,38,-216,0,1,50,0,336,48,16,48,0,24,-225,0,1,100,0,448,0,144,160,0,82,-187,0,1,100,0,416,48,16,64,0,61,-199,0,0,100,0,336,96,48,96,0,55,-147,0,0,20,0,592,48,112,80,0,23,-235,0,0,100,0,0,0,144,192,0,90,-236,0,1,60,0,304,48,16,48,0,38,-216,0,1,60,0,336,48,16,48,0,102,-216,0,0,80,0,224,48,64,32,0,112,-231,0,0,100,0,144,80,32,32,0,112,-237,0,1,70,0,176,80,32,48,0,77,-230,0,0,80,0,144,48,80,32,0,0,-256,0,0,80,0,0,1024,192,256,0,
0,28,0,-256,0,0,80,0,192,1024,192,256,0,106,-112,0,0,100,0,832,208,16,16,0,122,-108,0,0,100,0,800,208,32,16,0,112,-137,0,0,100,0,768,192,32,48,0,110,-106,0,0,100,0,144,112,32,16,0,64,-174,0,0,100,0,400,48,16,64,0,71,-132,0,0,100,0,576,256,48,32,0,70,-116,0,0,100,0,144,128,48,16,0,32,-132,0,1,100,0,320,0,32,48,0,110,-204,0,1,100,0,192,0,32,48,0,101,-150,0,1,100,0,352,48,32,32,0,95,-152,0,0,100,0,144,0,48,32,0,93,-134,0,0,100,0,144,128,48,16,0,73,-214,0,1,100,0,144,32,16,16,0,90,-236,0,1,50,0,320,48,16,48,0,38,-216,0,1,50,0,288,48,16,48,0,24,-225,0,1,90,0,448,0,144,160,0,82,-187,0,1,100,0,416,48,16,64,0,61,-199,0,0,100,0,336,96,48,96,0,55,-147,0,0,20,0,592,48,112,80,0,23,-235,0,0,100,0,0,0,144,192,0,90,-236,0,1,60,0,320,48,16,48,0,38,-216,0,1,60,0,288,48,16,48,0,101,-216,0,0,80,0,224,48,64,32,0,112,-231,0,0,100,0,144,80,32,32,0,112,-237,0,1,60,0,176,80,32,48,0,78,-230,0,0,80,0,144,48,80,32,0,0,-256,0,0,80,0,0,1024,192,256,0,
0,28,0,-256,0,0,80,0,192,1024,192,256,0,106,-112,0,0,100,0,832,224,16,16,0,122,-108,0,0,100,0,800,224,32,16,0,112,-137,0,0,100,0,768,192,32,48,0,110,-106,0,0,100,0,144,112,32,16,0,64,-174,0,0,100,0,400,48,16,64,0,71,-132,0,0,100,0,624,256,48,32,0,70,-116,0,0,100,0,144,128,48,16,0,32,-132,0,1,100,0,352,0,32,48,0,110,-204,0,1,100,0,224,0,32,48,0,101,-150,0,1,90,0,352,48,32,32,0,95,-152,0,0,100,0,144,0,48,32,0,93,-134,0,0,100,0,144,128,48,16,0,73,-214,0,1,90,0,144,32,16,16,0,90,-236,0,1,50,0,336,48,16,48,0,38,-216,0,1,50,0,304,48,16,48,0,24,-225,0,1,100,0,448,0,144,160,0,82,-187,0,1,100,0,416,48,16,64,0,61,-199,0,0,100,0,336,96,48,96,0,55,-147,0,0,20,0,592,48,112,80,0,23,-235,0,0,100,0,0,0,144,192,0,90,-236,0,1,60,0,336,48,16,48,0,38,-216,0,1,60,0,304,48,16,48,0,101,-216,0,0,80,0,224,48,64,32,0,112,-231,0,0,100,0,144,80,32,32,0,112,-237,0,1,70,0,176,80,32,48,0,78,-230,0,0,80,0,144,48,80,32,0,0,-256,0,0,80,0,0,1024,192,256,0,
0,28,0,-256,0,0,80,0,192,1024,192,256,0,106,-112,0,0,100,0,832,208,16,16,0,122,-108,0,0,100,0,800,208,32,16,0,112,-137,0,0,100,0,768,192,32,48,0,110,-106,0,0,100,0,144,112,32,16,0,64,-174,0,0,100,0,400,48,16,64,0,71,-132,0,0,100,0,672,256,48,32,0,70,-116,0,0,100,0,144,128,48,16,0,32,-132,0,1,100,0,384,0,32,48,0,110,-204,0,1,100,0,256,0,32,48,0,101,-150,0,1,80,0,352,48,32,32,0,95,-152,0,0,100,0,144,0,48,32,0,93,-134,0,0,100,0,144,128,48,16,0,73,-214,0,1,80,0,144,32,16,16,0,90,-236,0,1,50,0,288,48,16,48,0,38,-216,0,1,50,0,320,48,16,48,0,24,-225,0,1,90,0,448,0,144,160,0,82,-187,0,1,100,0,416,48,16,64,0,61,-199,0,0,100,0,336,96,48,96,0,55,-147,0,0,20,0,592,48,112,80,0,23,-235,0,0,100,0,0,0,144,192,0,90,-236,0,1,60,0,288,48,16,48,0,38,-216,0,1,60,0,320,48,16,48,0,102,-216,0,0,80,0,224,48,64,32,0,112,-231,0,0,100,0,144,80,32,32,0,112,-237,0,1,80,0,176,80,32,48,0,79,-230,0,0,80,0,144,48,80,32,0,0,-256,0,0,80,0,0,1024,192,256,0,
0,29,0,-256,0,0,80,0,192,1024,192,256,0,106,-112,0,0,100,0,832,224,16,16,0,122,-108,0,0,100,0,800,224,32,16,0,112,-137,0,0,100,0,768,192,32,48,0,110,-106,0,0,100,0,144,112,32,16,0,64,-174,0,0,100,0,400,48,16,64,0,87,-135,0,0,50,0,576,240,16,16,0,71,-132,0,0,100,0,720,256,48,32,0,70,-116,0,0,100,0,144,128,48,16,0,32,-132,0,1,100,0,416,0,32,48,0,110,-204,0,1,100,0,288,0,32,48,0,101,-150,0,1,90,0,352,48,32,32,0,95,-152,0,0,100,0,144,0,48,32,0,93,-134,0,0,100,0,144,128,48,16,0,73,-214,0,1,90,0,144,32,16,16,0,90,-236,0,1,50,0,304,48,16,48,0,38,-216,0,1,50,0,336,48,16,48,0,24,-225,0,1,100,0,448,0,144,160,0,82,-187,0,1,100,0,416,48,16,64,0,61,-199,0,0,100,0,336,96,48,96,0,55,-147,0,0,20,0,592,48,112,80,0,23,-235,0,0,100,0,0,0,144,192,0,90,-236,0,1,60,0,304,48,16,48,0,38,-216,0,1,60,0,336,48,16,48,0,102,-216,0,0,80,0,224,48,64,32,0,112,-231,0,0,100,0,144,80,32,32,0,112,-237,0,1,90,0,176,80,32,48,0,79,-230,0,0,80,0,144,48,80,32,0,0,-256,0,0,80,0,0,1024,192,256,0,
0,29,0,-256,0,0,80,0,192,1024,192,256,0,106,-112,0,0,100,0,832,208,16,16,0,122,-108,0,0,100,0,800,208,32,16,0,112,-137,0,0,100,0,768,192,32,48,0,110,-106,0,0,100,0,144,112,32,16,0,64,-174,0,0,100,0,400,48,16,64,0,87,-134,0,0,100,0,576,240,16,16,0,71,-132,0,0,100,0,576,256,48,32,0,70,-116,0,0,100,0,144,128,48,16,0,32,-132,0,1,100,0,320,0,32,48,0,110,-204,0,1,100,0,192,0,32,48,0,101,-150,0,1,100,0,352,48,32,32,0,95,-152,0,0,100,0,144,0,48,32,0,93,-134,0,0,100,0,144,128,48,16,0,73,-214,0,1,100,0,144,32,16,16,0,90,-236,0,1,50,0,320,48,16,48,0,38,-216,0,1,50,0,288,48,16,48,0,24,-225,0,1,90,0,448,0,144,160,0,82,-187,0,1,100,0,416,48,16,64,0,61,-199,0,0,100,0,336,96,48,96,0,55,-147,0,0,20,0,592,48,112,80,0,23,-235,0,0,100,0,0,0,144,192,0,90,-236,0,1,60,0,320,48,16,48,0,38,-216,0,1,60,0,288,48,16,48,0,103,-216,0,0,80,0,224,48,64,32,0,112,-231,0,0,100,0,144,80,32,32,0,112,-237,0,1,100,0,176,80,32,48,0,78,-230,0,0,80,0,144,48,80,32,0,0,-256,0,0,80,0,0,1024,192,256,0,
0,29,0,-256,0,0,80,0,192,1024,192,256,0,106,-112,0,0,100,0,832,224,16,16,0,122,-108,0,0,100,0,800,224,32,16,0,112,-137,0,0,100,0,768,192,32,48,0,110,-106,0,0,100,0,144,112,32,16,0,64,-174,0,0,100,0,400,48,16,64,0,87,-133,0,0,100,0,576,240,16,16,0,71,-132,0,0,100,0,624,256,48,32,0,70,-116,0,0,100,0,144,128,48,16,0,32,-132,0,1,100,0,352,0,32,48,0,110,-204,0,1,100,0,224,0,32,48,0,101,-150,0,1,90,0,352,48,32,32,0,95,-152,0,0,100,0,144,0,48,32,0,93,-134,0,0,100,0,144,128,48,16,0,73,-214,0,1,90,0,144,32,16,16,0,90,-236,0,1,50,0,336,48,16,48,0,38,-216,0,1,50,0,304,48,16,48,0,24,-225,0,1,100,0,448,0,144,160,0,82,-187,0,1,100,0,416,48,16,64,0,61,-199,0,0,100,0,336,96,48,96,0,55,-147,0,0,20,0,592,48,112,80,0,23,-235,0,0,100,0,0,0,144,192,0,90,-236,0,1,60,0,336,48,16,48,0,38,-216,0,1,60,0,304,48,16,48,0,103,-216,0,0,80,0,224,48,64,32,0,112,-231,0,0,100,0,144,80,32,32,0,112,-237,0,1,90,0,176,80,32,48,0,78,-230,0,0,80,0,144,48,80,32,0,0,-256,0,0,80,0,0,1024,192,256,0,
0,29,0,-256,0,0,80,0,192,1024,192,256,0,106,-112,0,0,100,0,832,208,16,16,0,122,-108,0,0,100,0,800,208,32,16,0,112,-137,0,0,100,0,768,192,32,48,0,110,-106,0,0,100,0,144,112,32,16,0,64,-174,0,0,100,0,400,48,16,64,0,87,-132,0,0,100,0,576,240,16,16,0,71,-132,0,0,100,0,672,256,48,32,0,70,-116,0,0,100,0,144,128,48,16,0,32,-132,0,1,100,0,384,0,32,48,0,110,-204,0,1,100,0,256,0,32,48,0,101,-150,0,1,80,0,352,48,32,32,0,95,-152,0,0,100,0,144,0,48,32,0,93,-134,0,0,100,0,144,128,48,16,0,73,-214,0,1,80,0,144,32,16,16,0,90,-236,0,1,50,0,288,48,16,48,0,38,-216,0,1,50,0,320,48,16,48,0,24,-225,0,1,90,0,448,0,144,160,0,82,-187,0,1,100,0,416,48,16,64,0,61,-199,0,0,100,0,336,96,48,96,0,55,-147,0,0,20,0,592,48,112,80,0,23,-235,0,0,100,0,0,0,144,192,0,90,-236,0,1,60,0,288,48,16,48,0,38,-216,0,1,60,0,320,48,16,48,0,102,-216,0,0,80,0,224,48,64,32,0,112,-231,0,0,100,0,144,80,32,32,0,112,-237,0,1,80,0,176,80,32,48,0,77,-230,0,0,80,0,144,48,80,32,0,0,-256,0,0,80,0,0,1024,192,256,0,
0,29,0,-256,0,0,80,0,192,1024,192,256,0,106,-112,0,0,100,0,832,224,16,16,0,122,-108,0,0,100,0,800,224,32,16,0,112,-137,0,0,100,0,768,192,32,48,0,110,-106,0,0,100,0,144,112,32,16,0,64,-174,0,0,100,0,400,48,16,64,0,87,-132,0,0,100,0,576,240,16,16,0,71,-132,0,0,100,0,720,256,48,32,0,70,-116,0,0,100,0,144,128,48,16,0,32,-132,0,1,100,0,416,0,32,48,0,110,-204,0,1,100,0,288,0,32,48,0,101,-150,0,1,90,0,352,48,32,32,0,95,-152,0,0,100,0,144,0,48,32,0,93,-134,0,0,100,0,144,128,48,16,0,73,-214,0,1,90,0,144,32,16,16,0,90,-236,0,1,50,0,304,48,16,48,0,38,-216,0,1,50,0,336,48,16,48,0,24,-225,0,1,100,0,448,0,144,160,0,82,-187,0,1,100,0,416,48,16,64,0,61,-199,0,0,100,0,336,96,48,96,0,55,-147,0,0,20,0,592,48,112,80,0,23,-235,0,0,100,0,0,0,144,192,0,90,-236,0,1,60,0,304,48,16,48,0,38,-216,0,1,60,0,336,48,16,48,0,102,-216,0,0,80,0,224,48,64,32,0,112,-231,0,0,100,0,144,80,32,32,0,112,-237,0,1,70,0,176,80,32,48,0,77,-230,0,0,80,0,144,48,80,32,0,0,-256,0,0,80,0,0,1024,192,256,0,
0,29,0,-256,0,0,80,0,192,1024,192,256,0,106,-112,0,0,100,0,832,208,16,16,0,122,-108,0,0,100,0,800,208,32,16,0,112,-137,0,0,100,0,768,192,32,48,0,110,-106,0,0,100,0,144,112,32,16,0,64,-174,0,0,100,0,400,48,16,64,0,87,-132,0,0,50,0,576,240,16,16,0,68,-141,0,0,100,0,1056,240,48,48,0,70,-116,0,0,100,0,144,128,48,16,0,32,-132,0,1,100,0,320,0,32,48,0,110,-204,0,1,100,0,192,0,32,48,0,101,-150,0,1,100,0,352,48,32,32,0,95,-152,0,0,100,0,144,0,48,32,0,93,-134,0,0,100,0,144,128,48,16,0,73,-214,0,1,100,0,144,32,16,16,0,90,-236,0,1,50,0,320,48,16,48,0,38,-216,0,1,50,0,288,48,16,48,0,24,-225,0,1,90,0,448,0,144,160,0,82,-187,0,1,100,0,416,48,16,64,0,61,-199,0,0,100,0,336,96,48,96,0,55,-147,0,0,20,0,592,48,112,80,0,23,-235,0,0,100,0,0,0,144,192,0,90,-236,0,1,60,0,320,48,16,48,0,38,-216,0,1,60,0,288,48,16,48,0,101,-216,0,0,80,0,224,48,64,32,0,112,-231,0,0,100,0,144,80,32,32,0,112,-237,0,1,60,0,176,80,32,48,0,78,-230,0,0,80,0,144,48,80,32,0,0,-256,0,0,80,0,0,1024,192,256,0,
0,28,0,-256,0,0,80,0,192,1024,192,256,0,106,-112,0,0,100,0,832,224,16,16,0,122,-108,0,0,100,0,800,224,32,16,0,112,-137,0,0,100,0,768,192,32,48,0,110,-106,0,0,100,0,144,112,32,16,0,64,-174,0,0,100,0,400,48,16,64,0,72,-148,1,0,100,0,528,240,48,48,0,72,-117,0,0,100,0,144,128,48,16,0,32,-132,0,1,100,0,352,0,32,48,0,110,-204,0,1,100,0,224,0,32,48,0,101,-150,0,1,90,0,352,48,32,32,0,95,-152,0,0,100,0,144,0,48,32,0,93,-134,0,0,100,0,144,128,48,16,0,73,-214,0,1,90,0,144,32,16,16,0,90,-236,0,1,50,0,336,48,16,48,0,38,-216,0,1,50,0,304,48,16,48,0,24,-225,0,1,100,0,448,0,144,160,0,82,-187,0,1,100,0,416,48,16,64,0,61,-199,0,0,100,0,336,96,48,96,0,55,-147,0,0,20,0,592,48,112,80,0,23,-235,0,0,100,0,0,0,144,192,0,90,-236,0,1,60,0,336,48,16,48,0,38,-216,0,1,60,0,304,48,16,48,0,101,-216,0,0,80,0,224,48,64,32,0,112,-231,0,0,100,0,144,80,32,32,0,112,-237,0,1,70,0,176,80,32,48,0,78,-230,0,0,80,0,144,48,80,32,0,0,-256,0,0,80,0,0,1024,192,256,0,
0,28,0,-256,0,0,80,0,192,1024,192,256,0,106,-112,0,0,100,0,832,208,16,16,0,122,-108,0,0,100,0,800,208,32,16,0,112,-137,0,0,100,0,768,192,32,48,0,110,-106,0,0,100,0,144,112,32,16,0,64,-174,0,0,100,0,400,48,16,64,0,75,-152,1,0,100,0,384,240,48,48,0,75,-121,0,0,100,0,144,128,48,16,0,32,-132,0,1,100,0,384,0,32,48,0,110,-204,0,1,100,0,256,0,32,48,0,101,-150,0,1,80,0,352,48,32,32,0,95,-152,0,0,100,0,144,0,48,32,0,93,-134,0,0,100,0,144,128,48,16,0,73,-214,0,1,80,0,144,32,16,16,0,90,-236,0,1,50,0,288,48,16,48,0,38,-216,0,1,50,0,320,48,16,48,0,24,-225,0,1,90,0,448,0,144,160,0,82,-187,0,1,100,0,416,48,16,64,0,61,-199,0,0,100,0,336,96,48,96,0,55,-147,0,0,20,0,592,48,112,80,0,23,-235,0,0,100,0,0,0,144,192,0,90,-236,0,1,60,0,288,48,16,48,0,38,-216,0,1,60,0,320,48,16,48,0,102,-216,0,0,80,0,224,48,64,32,0,112,-231,0,0,100,0,144,80,32,32,0,112,-237,0,1,80,0,176,80,32,48,0,79,-230,0,0,80,0,144,48,80,32,0,0,-256,0,0,80,0,0,1024,192,256,0,
0,28,0,-256,0,0,80,0,192,1024,192,256,0,106,-112,0,0,100,0,832,224,16,16,0,122,-108,0,0,100,0,800,224,32,16,0,112,-137,0,0,100,0,768,192,32,48,0,110,-106,0,0,100,0,144,112,32,16,0,64,-174,0,0,100,0,400,48,16,64,0,78,-155,1,0,100,0,432,240,48,48,0,78,-124,0,0,100,0,144,128,48,16,0,32,-132,0,1,100,0,416,0,32,48,0,110,-204,0,1,100,0,288,0,32,48,0,101,-150,0,1,90,0,352,48,32,32,0,95,-152,0,0,100,0,144,0,48,32,0,93,-134,0,0,100,0,144,128,48,16,0,73,-214,0,1,90,0,144,32,16,16,0,90,-236,0,1,50,0,304,48,16,48,0,38,-216,0,1,50,0,336,48,16,48,0,24,-225,0,1,100,0,448,0,144,160,0,82,-187,0,1,100,0,416,48,16,64,0,61,-199,0,0,100,0,336,96,48,96,0,55,-147,0,0,20,0,592,48,112,80,0,23,-235,0,0,100,0,0,0,144,192,0,90,-236,0,1,60,0,304,48,16,48,0,38,-216,0,1,60,0,336,48,16,48,0,102,-216,0,0,80,0,224,48,64,32,0,112,-231,0,0,100,0,144,80,32,32,0,112,-237,0,1,90,0,176,80,32,48,0,79,-230,0,0,80,0,144,48,80,32,0,0,-256,0,0,80,0,0,1024,192,256,0,
0,28,0,-256,0,0,80,0,192,1024,192,256,0,106,-112,0,0,100,0,832,208,16,16,0,122,-108,0,0,100,0,800,208,32,16,0,112,-137,0,0,100,0,768,192,32,48,0,110,-106,0,0,100,0,144,112,32,16,0,64,-174,0,0,100,0,400,48,16,64,0,80,-158,1,0,100,0,480,240,48,48,0,32,-132,0,1,100,0,320,0,32,48,0,110,-204,0,1,100,0,192,0,32,48,0,101,-150,0,1,100,0,352,48,32,32,0,95,-152,0,0,100,0,144,0,48,32,0,80,-127,0,0,100,0,144,128,48,16,0,93,-134,0,0,100,0,144,128,48,16,0,73,-214,0,1,100,0,144,32,16,16,0,90,-236,0,1,50,0,320,48,16,48,0,38,-216,0,1,50,0,288,48,16,48,0,24,-225,0,1,90,0,448,0,144,160,0,82,-187,0,1,100,0,416,48,16,64,0,61,-199,0,0,100,0,336,96,48,96,0,55,-147,0,0,20,0,592,48,112,80,0,23,-235,0,0,100,0,0,0,144,192,0,90,-236,0,1,60,0,320,48,16,48,0,38,-216,0,1,60,0,288,48,16,48,0,103,-216,0,0,80,0,224,48,64,32,0,112,-231,0,0,100,0,144,80,32,32,0,112,-237,0,1,100,0,176,80,32,48,0,78,-230,0,0,80,0,144,48,80,32,0,0,-256,0,0,80,0,0,1024,192,256,0,
0,28,0,-256,0,0,80,0,192,1024,192,256,0,106,-112,0,0,100,0,832,224,16,16,0,122,-108,0,0,100,0,800,224,32,16,0,112,-137,0,0,100,0,768,192,32,48,0,110,-106,0,0,100,0,144,112,32,16,0,64,-174,0,0,100,0,400,48,16,64,0,84,-157,1,0,100,0,384,240,48,48,0,32,-132,0,1,100,0,352,0,32,48,0,110,-204,0,1,100,0,224,0,32,48,0,101,-150,0,1,90,0,352,48,32,32,0,95,-156,0,0,100,0,144,0,48,32,0,82,-128,0,0,100,0,144,128,48,16,0,93,-134,0,0,100,0,144,128,48,16,0,73,-214,0,1,90,0,144,32,16,16,0,90,-236,0,1,50,0,336,48,16,48,0,38,-216,0,1,50,0,304,48,16,48,0,24,-225,0,1,100,0,448,0,144,160,0,82,-187,0,1,100,0,416,48,16,64,0,61,-199,0,0,100,0,336,96,48,96,0,55,-147,0,0,20,0,592,48,112,80,0,23,-235,0,0,100,0,0,0,144,192,0,90,-236,0,1,60,0,336,48,16,48,0,38,-216,0,1,60,0,304,48,16,48,0,103,-216,0,0,80,0,224,48,64,32,0,112,-231,0,0,100,0,144,80,32,32,0,112,-237,0,1,90,0,176,80,32,48,0,78,-230,0,0,80,0,144,48,80,32,0,0,-256,0,0,80,0,0,1024,192,256,0,
0,27,0,-256,0,0,80,0,192,1024,192,256,0,106,-112,0,0,100,0,832,208,16,16,0,122,-108,0,0,100,0,800,208,32,16,0,112,-137,0,0,100,0,768,192,32,48,0,110,-106,0,0,100,0,144,112,32,16,0,64,-174,0,0,100,0,400,48,16,64,0,86,-162,0,0,100,0,592,0,32,48,0,81,-143,0,0,100,0,768,240,48,48,0,32,-132,0,1,100,0,384,0,32,48,0,110,-204,0,1,100,0,256,0,32,48,0,101,-150,0,1,80,0,352,48,32,32,0,76,-116,0,0,100,0,144,128,48,16,0,73,-214,0,1,80,0,144,32,16,16,0,90,-236,0,1,50,0,288,48,16,48,0,38,-216,0,1,50,0,320,48,16,48,0,24,-225,0,1,90,0,448,0,144,160,0,82,-187,0,1,100,0,416,48,16,64,0,61,-199,0,0,100,0,336,96,48,96,0,55,-147,0,0,20,0,592,48,112,80,0,23,-235,0,0,100,0,0,0,144,192,0,90,-236,0,1,60,0,288,48,16,48,0,38,-216,0,1,60,0,320,48,16,48,0,102,-216,0,0,80,0,224,48,64,32,0,112,-231,0,0,100,0,144,80,32,32,0,112,-237,0,1,80,0,176,80,32,48,0,77,-230,0,0,80,0,144,48,80,32,0,0,-256,0,0,80,0,0,1024,192,256,0,
0,27,0,-256,0,0,80,0,192,1024,192,256,0,106,-112,0,0,100,0,832,224,16,16,0,122,-108,0,0,100,0,800,224,32,16,0,112,-137,0,0,100,0,768,192,32,48,0,110,-106,0,0,100,0,144,112,32,16,0,64,-174,0,0,100,0,400,48,16,64,0,86,-166,0,0,100,0,624,0,32,48,0,81,-143,0,0,100,0,816,240,48,48,0,32,-132,0,1,100,0,416,0,32,48,0,110,-204,0,1,100,0,288,0,32,48,0,101,-150,0,1,90,0,352,48,32,32,0,76,-116,0,0,100,0,144,128,48,16,0,73,-214,0,1,90,0,144,32,16,16,0,90,-236,0,1,50,0,304,48,16,48,0,38,-216,0,1,50,0,336,48,16,48,0,24,-225,0,1,100,0,448,0,144,160,0,82,-187,0,1,100,0,416,48,16,64,0,61,-199,0,0,100,0,336,96,48,96,0,55,-147,0,0,20,0,592,48,112,80,0,23,-235,0,0,100,0,0,0,144,192,0,90,-236,0,1,60,0,304,48,16,48,0,38,-216,0,1,60,0,336,48,16,48,0,102,-216,0,0,80,0,224,48,64,32,0,112,-231,0,0,100,0,144,80,32,32,0,112,-237,0,1,70,0,176,80,32,48,0,77,-230,0,0,80,0,144,48,80,32,0,0,-256,0,0,80,0,0,1024,192,256,0,
0,27,0,-256,0,0,80,0,192,1024,192,256,0,106,-112,0,0,100,0,832,208,16,16,0,122,-108,0,0,100,0,800,208,32,16,0,112,-137,0,0,100,0,768,192,32,48,0,110,-106,0,0,100,0,144,112,32,16,0,64,-174,0,0,100,0,400,48,16,64,0,86,-162,0,0,100,0,656,0,32,48,0,81,-143,0,0,100,0,864,240,48,48,0,32,-132,0,1,100,0,320,0,32,48,0,110,-204,0,1,100,0,192,0,32,48,0,101,-150,0,1,100,0,352,48,32,32,0,76,-116,0,0,100,0,144,128,48,16,0,73,-214,0,1,100,0,144,32,16,16,0,90,-236,0,1,50,0,320,48,16,48,0,38,-216,0,1,50,0,288,48,16,48,0,24,-225,0,1,90,0,448,0,144,160,0,82,-187,0,1,100,0,416,48,16,64,0,61,-199,0,0,100,0,336,96,48,96,0,55,-147,0,0,20,0,592,48,112,80,0,23,-235,0,0,100,0,0,0,144,192,0,90,-236,0,1,60,0,320,48,16,48,0,38,-216,0,1,60,0,288,48,16,48,0,101,-216,0,0,80,0,224,48,64,32,0,112,-231,0,0,100,0,144,80,32,32,0,112,-237,0,1,60,0,176,80,32,48,0,78,-230,0,0,80,0,144,48,80,32,0,0,-256,0,0,80,0,0,1024,192,256,0,
0,27,0,-256,0,0,80,0,192,1024,192,256,0,106,-112,0,0,100,0,832,224,16,16,0,122,-108,0,0,100,0,800,224,32,16,0,112,-137,0,0,100,0,768,192,32,48,0,110,-106,0,0,100,0,144,112,32,16,0,64,-174,0,0,100,0,400,48,16,64,0,86,-166,0,0,100,0,688,0,32,48,0,81,-143,0,0,100,0,912,240,48,48,0,32,-132,0,1,100,0,352,0,32,48,0,110,-204,0,1,100,0,224,0,32,48,0,101,-150,0,1,90,0,352,48,32,32,0,76,-116,0,0,100,0,144,128,48,16,0,73,-214,0,1,90,0,144,32,16,16,0,90,-236,0,1,50,0,336,48,16,48,0,38,-216,0,1,50,0,304,48,16,48,0,24,-225,0,1,100,0,448,0,144,160,0,82,-187,0,1,100,0,416,48,16,64,0,61,-199,0,0,100,0,336,96,48,96,0,55,-147,0,0,20,0,592,48,112,80,0,23,-235,0,0,100,0,0,0,144,192,0,90,-236,0,1,60,0,336,48,16,48,0,38,-216,0,1,60,0,304,48,16,48,0,101,-216,0,0,80,0,224,48,64,32,0,112,-231,0,0,100,0,144,80,32,32,0,112,-237,0,1,70,0,176,80,32,48,0,78,-230,0,0,80,0,144,48,80,32,0,0,-256,0,0,80,0,0,1024,192,256,0,
0,27,0,-256,0,0,80,0,192,1024,192,256,0,106,-112,0,0,100,0,832,208,16,16,0,122,-108,0,0,100,0,800,208,32,16,0,112,-137,0,0,100,0,768,192,32,48,0,110,-106,0,0,100,0,144,112,32,16,0,64,-174,0,0,100,0,400,48,16,64,0,86,-162,0,0,100,0,592,0,32,48,0,81,-143,0,0,100,0,768,240,48,48,0,32,-132,0,1,100,0,384,0,32,48,0,110,-204,0,1,100,0,256,0,32,48,0,101,-150,0,1,80,0,352,48,32,32,0,76,-116,0,0,100,0,144,128,48,16,0,73,-214,0,1,80,0,144,32,16,16,0,90,-236,0,1,50,0,288,48,16,48,0,38,-216,0,1,50,0,320,48,16,48,0,24,-225,0,1,90,0,448,0,144,160,0,82,-187,0,1,100,0,416,48,16,64,0,61,-199,0,0,100,0,336,96,48,96,0,55,-147,0,0,20,0,592,48,112,80,0,23,-235,0,0,100,0,0,0,144,192,0,90,-236,0,1,60,0,288,48,16,48,0,38,-216,0,1,60,0,320,48,16,48,0,102,-216,0,0,80,0,224,48,64,32,0,112,-231,0,0,100,0,144,80,32,32,0,112,-237,0,1,80,0,176,80,32,48,0,79,-230,0,0,80,0,144,48,80,32,0,0,-256,0,0,80,0,0,1024,192,256,0,
0,27,0,-256,0,0,80,0,192,1024,192,256,0,106,-112,0,0,100,0,832,224,16,16,0,122,-108,0,0,100,0,800,224,32,16,0,112,-137,0,0,100,0,768,192,32,48,0,110,-106,0,0,100,0,144,112,32,16,0,64,-174,0,0,100,0,400,48,16,64,0,86,-166,0,0,100,0,624,0,32,48,0,81,-143,0,0,100,0,816,240,48,48,0,32,-132,0,1,100,0,416,0,32,48,0,110,-204,0,1,100,0,288,0,32,48,0,101,-150,0,1,90,0,352,48,32,32,0,76,-116,0,0,100,0,144,128,48,16,0,73,-214,0,1,90,0,144,32,16,16,0,90,-236,0,1,50,0,304,48,16,48,0,38,-216,0,1,50,0,336,48,16,48,0,24,-225,0,1,100,0,448,0,144,160,0,82,-187,0,1,100,0,416,48,16,64,0,61,-199,0,0,100,0,336,96,48,96,0,55,-147,0,0,20,0,592,48,112,80,0,23,-235,0,0,100,0,0,0,144,192,0,90,-236,0,1,60,0,304,48,16,48,0,38,-216,0,1,60,0,336,48,16,48,0,102,-216,0,0,80,0,224,48,64,32,0,112,-231,0,0,100,0,144,80,32,32,0,112,-237,0,1,90,0,176,80,32,48,0,79,-230,0,0,80,0,144,48,80,32,0,0,-256,0,0,80,0,0,1024,192,256,0,
0,27,0,-256,0,0,80,0,192,1024,192,256,0,106,-112,0,0,100,0,832,208,16,16,0,122,-108,0,0,100,0,800,208,32,16,0,112,-137,0,0,100,0,768,192,32,48,0,110,-106,0,0,100,0,144,112,32,16,0,64,-174,0,0,100,0,400,48,16,64,0,86,-162,0,0,100,0,656,0,32,48,0,81,-143,0,0,100,0,864,240,48,48,0,32,-132,0,1,100,0,320,0,32,48,0,110,-204,0,1,100,0,192,0,32,48,0,101,-150,0,1,100,0,352,48,32,32,0,76,-116,0,0,100,0,144,128,48,16,0,73,-214,0,1,100,0,144,32,16,16,0,90,-236,0,1,50,0,320,48,16,48,0,38,-216,0,1,50,0,288,48,16,48,0,24,-225,0,1,90,0,448,0,144,160,0,82,-187,0,1,100,0,416,48,16,64,0,61,-199,0,0,100,0,336,96,48,96,0,55,-147,0,0,20,0,592,48,112,80,0,23,-235,0,0,100,0,0,0,144,192,0,90,-236,0,1,60,0,320,48,16,48,0,38,-216,0,1,60,0,288,48,16,48,0,103,-216,0,0,80,0,224,48,64,32,0,112,-231,0,0,100,0,144,80,32,32,0,112,-237,0,1,100,0,176,80,32,48,0,78,-230,0,0,80,0,144,48,80,32,0,0,-256,0,0,80,0,0,1024,192,256,0,
0,27,0,-256,0,0,80,0,192,1024,192,256,0,106,-112,0,0,100,0,832,224,16,16,0,122,-108,0,0,100,0,800,224,32,16,0,112,-137,0,0,100,0,768,192,32,48,0,110,-106,0,0,100,0,144,112,32,16,0,64,-174,0,0,100,0,400,48,16,64,0,86,-166,0,0,100,0,688,0,32,48,0,81,-143,0,0,100,0,912,240,48,48,0,32,-132,0,1,100,0,352,0,32,48,0,110,-204,0,1,100,0,224,0,32,48,0,101,-150,0,1,90,0,352,48,32,32,0,76,-116,0,0,100,0,144,128,48,16,0,73,-214,0,1,90,0,144,32,16,16,0,90,-236,0,1,50,0,336,48,16,48,0,38,-216,0,1,50,0,304,48,16,48,0,24,-225,0,1,100,0,448,0,144,160,0,82,-187,0,1,100,0,416,48,16,64,0,61,-199,0,0,100,0,336,96,48,96,0,55,-147,0,0,20,0,592,48,112,80,0,23,-235,0,0,100,0,0,0,144,192,0,90,-236,0,1,60,0,336,48,16,48,0,38,-216,0,1,60,0,304,48,16,48,0,103,-216,0,0,80,0,224,48,64,32,0,112,-231,0,0,100,0,144,80,32,32,0,112,-237,0,1,90,0,176,80,32,48,0,78,-230,0,0,80,0,144,48,80,32,0,0,-256,0,0,80,0,0,1024,192,256,0,
0,27,0,-256,0,0,80,0,192,1024,192,256,0,106,-112,0,0,100,0,832,208,16,16,0,122,-108,0,0,100,0,800,208,32,16,0,112,-137,0,0,100,0,768,192,32,48,0,110,-106,0,0,100,0,144,112,32,16,0,64,-174,0,0,100,0,400,48,16,64,0,86,-162,0,0,100,0,592,0,32,48,0,81,-143,0,0,100,0,768,240,48,48,0,32,-132,0,1,100,0,384,0,32,48,0,110,-204,0,1,100,0,256,0,32,48,0,101,-150,0,1,80,0,352,48,32,32,0,76,-116,0,0,100,0,144,128,48,16,0,73,-214,0,1,80,0,144,32,16,16,0,90,-236,0,1,50,0,288,48,16,48,0,38,-216,0,1,50,0,320,48,16,48,0,24,-225,0,1,90,0,448,0,144,160,0,82,-187,0,1,100,0,416,48,16,64,0,61,-199,0,0,100,0,336,96,48,96,0,55,-147,0,0,20,0,592,48,112,80,0,23,-235,0,0,100,0,0,0,144,192,0,90,-236,0,1,60,0,288,48,16,48,0,38,-216,0,1,60,0,320,48,16,48,0,102,-216,0,0,80,0,224,48,64,32,0,112,-231,0,0,100,0,144,80,32,32,0,112,-237,0,1,80,0,176,80,32,48,0,77,-230,0,0,80,0,144,48,80,32,0,0,-256,0,0,80,0,0,1024,192,256,0,
0,27,0,-256,0,0,80,0,192,1024,192,256,0,106,-112,0,0,100,0,832,224,16,16,0,122,-108,0,0,100,0,800,224,32,16,0,112,-137,0,0,100,0,768,192,32,48,0,110,-106,0,0,100,0,144,112,32,16,0,64,-174,0,0,100,0,400,48,16,64,0,86,-166,0,0,100,0,624,0,32,48,0,81,-143,0,0,100,0,816,240,48,48,0,32,-132,0,1,100,0,416,0,32,48,0,110,-204,0,1,100,0,288,0,32,48,0,101,-150,0,1,90,0,352,48,32,32,0,76,-116,0,0,100,0,144,128,48,16,0,73,-214,0,1,90,0,144,32,16,16,0,90,-236,0,1,50,0,304,48,16,48,0,38,-216,0,1,50,0,336,48,16,48,0,24,-225,0,1,100,0,448,0,144,160,0,82,-187,0,1,100,0,416,48,16,64,0,61,-199,0,0,100,0,336,96,48,96,0,55,-147,0,0,20,0,592,48,112,80,0,23,-235,0,0,100,0,0,0,144,192,0,90,-236,0,1,60,0,304,48,16,48,0,38,-216,0,1,60,0,336,48,16,48,0,102,-216,0,0,80,0,224,48,64,32,0,112,-231,0,0,100,0,144,80,32,32,0,112,-237,0,1,70,0,176,80,32,48,0,77,-230,0,0,80,0,144,48,80,32,0,0,-256,0,0,80,0,0,1024,192,256,0,
0,27,0,-256,0,0,80,0,192,1024,192,256,0,106,-112,0,0,100,0,832,208,16,16,0,122,-108,0,0,100,0,800,208,32,16,0,112,-137,0,0,100,0,768,192,32,48,0,110,-106,0,0,100,0,144,112,32,16,0,64,-174,0,0,100,0,400,48,16,64,0,86,-162,0,0,100,0,656,0,32,48,0,81,-143,0,0,100,0,864,240,48,48,0,32,-132,0,1,100,0,320,0,32,48,0,110,-204,0,1,100,0,192,0,32,48,0,101,-150,0,1,100,0,352,48,32,32,0,76,-116,0,0,100,0,144,128,48,16,0,73,-214,0,1,100,0,144,32,16,16,0,90,-236,0,1,50,0,320,48,16,48,0,38,-216,0,1,50,0,288,48,16,48,0,24,-225,0,1,90,0,448,0,144,160,0,82,-187,0,1,100,0,416,48,16,64,0,61,-199,0,0,100,0,336,96,48,96,0,55,-147,0,0,20,0,592,48,112,80,0,23,-235,0,0,100,0,0,0,144,192,0,90,-236,0,1,60,0,320,48,16,48,0,38,-216,0,1,60,0,288,48,16,48,0,101,-216,0,0,80,0,224,48,64,32,0,112,-231,0,0,100,0,144,80,32,32,0,112,-237,0,1,60,0,176,80,32,48,0,78,-230,0,0,80,0,144,48,80,32,0,0,-256,0,0,80,0,0,1024,192,256,0,
0,27,0,-256,0,0,80,0,192,1024,192,256,0,106,-112,0,0,100,0,832,224,16,16,0,122,-108,0,0,100,0,800,224,32,16,0,112,-137,0,0,100,0,768,192,32,48,0,110,-106,0,0,100,0,144,112,32,16,0,64,-174,0,0,100,0,400,48,16,64,0,86,-166,0,0,100,0,688,0,32,48,0,81,-143,0,0,100,0,912,240,48,48,0,32,-132,0,1,100,0,352,0,32,48,0,110,-204,0,1,100,0,224,0,32,48,0,101,-150,0,1,90,0,352,48,32,32,0,76,-116,0,0,100,0,144,128,48,16,0,73,-214,0,1,90,0,144,32,16,16,0,90,-236,0,1,50,0,336,48,16,48,0,38,-216,0,1,50,0,304,48,16,48,0,24,-225,0,1,100,0,448,0,144,160,0,82,-187,0,1,100,0,416,48,16,64,0,61,-199,0,0,100,0,336,96,48,96,0,55,-147,0,0,20,0,592,48,112,80,0,23,-235,0,0,100,0,0,0,144,192,0,90,-236,0,1,60,0,336,48,16,48,0,38,-216,0,1,60,0,304,48,16,48,0,101,-216,0,0,80,0,224,48,64,32,0,112,-231,0,0,100,0,144,80,32,32,0,112,-237,0,1,70,0,176,80,32,48,0,78,-230,0,0,80,0,144,48,80,32,0,0,-256,0,0,80,0,0,1024,192,256,0,
0,27,0,-256,0,0,80,0,192,1024,192,256,0,106,-112,0,0,70,0,832,208,16,16,0,122,-108,0,0,70,0,800,208,32,16,0,112,-137,0,0,100,0,768,192,32,48,0,110,-106,0,0,100,0,144,112,32,16,0,64,-174,0,0,100,0,400,48,16,64,0,86,-162,0,0,100,0,592,0,32,48,0,81,-143,0,0,100,0,768,240,48,48,0,32,-132,0,1,100,0,384,0,32,48,0,110,-204,0,1,100,0,256,0,32,48,0,101,-150,0,1,80,0,352,48,32,32,0,76,-116,0,0,100,0,144,128,48,16,0,73,-214,0,1,80,0,144,32,16,16,0,90,-236,0,1,50,0,288,48,16,48,0,38,-216,0,1,50,0,320,48,16,48,0,24,-225,0,1,90,0,448,0,144,160,0,82,-187,0,1,100,0,416,48,16,64,0,61,-199,0,0,100,0,336,96,48,96,0,55,-147,0,0,20,0,592,48,112,80,0,23,-235,0,0,100,0,0,0,144,192,0,90,-236,0,1,60,0,288,48,16,48,0,38,-216,0,1,60,0,320,48,16,48,0,102,-216,0,0,80,0,224,48,64,32,0,112,-231,0,0,100,0,144,80,32,32,0,112,-237,0,1,80,0,176,80,32,48,0,79,-230,0,0,80,0,144,48,80,32,0,0,-256,0,0,80,0,0,1024,192,256,0,
0,27,0,-256,0,0,80,0,192,1024,192,256,0,106,-112,0,0,30,0,832,224,16,16,0,122,-108,0,0,30,0,800,224,32,16,0,112,-137,0,0,100,0,768,192,32,48,0,110,-106,0,0,100,0,144,112,32,16,0,64,-174,0,0,100,0,400,48,16,64,0,86,-166,0,0,100,0,624,0,32,48,0,81,-143,0,0,100,0,816,240,48,48,0,32,-132,0,1,100,0,416,0,32,48,0,110,-204,0,1,100,0,288,0,32,48,0,101,-150,0,1,90,0,352,48,32,32,0,76,-116,0,0,100,0,144,128,48,16,0,73,-214,0,1,90,0,144,32,16,16,0,90,-236,0,1,50,0,304,48,16,48,0,38,-216,0,1,50,0,336,48,16,48,0,24,-225,0,1,100,0,448,0,144,160,0,82,-187,0,1,100,0,416,48,16,64,0,61,-199,0,0,100,0,336,96,48,96,0,55,-147,0,0,20,0,592,48,112,80,0,23,-235,0,0,100,0,0,0,144,192,0,90,-236,0,1,60,0,304,48,16,48,0,38,-216,0,1,60,0,336,48,16,48,0,102,-216,0,0,80,0,224,48,64,32,0,112,-231,0,0,100,0,144,80,32,32,0,112,-237,0,1,90,0,176,80,32,48,0,79,-230,0,0,80,0,144,48,80,32,0,0,-256,0,0,80,0,0,1024,192,256,0,
0,25,0,-256,0,0,80,0,192,1024,192,256,0,112,-137,0,0,100,0,768,192,32,48,0,110,-106,0,0,100,0,144,112,32,16,0,64,-174,0,0,100,0,400,48,16,64,0,86,-162,0,0,100,0,656,0,32,48,0,81,-143,0,0,100,0,864,240,48,48,0,32,-132,0,1,100,0,320,0,32,48,0,110,-204,0,1,100,0,192,0,32,48,0,101,-150,0,1,100,0,352,48,32,32,0,76,-116,0,0,100,0,144,128,48,16,0,73,-214,0,1,100,0,144,32,16,16,0,90,-236,0,1,50,0,320,48,16,48,0,38,-216,0,1,50,0,288,48,16,48,0,24,-225,0,1,90,0,448,0,144,160,0,82,-187,0,1,100,0,416,48,16,64,0,61,-199,0,0,100,0,336,96,48,96,0,55,-147,0,0,20,0,592,48,112,80,0,23,-235,0,0,100,0,0,0,144,192,0,90,-236,0,1,60,0,320,48,16,48,0,38,-216,0,1,60,0,288,48,16,48,0,103,-216,0,0,80,0,224,48,64,32,0,112,-231,0,0,100,0,144,80,32,32,0,112,-237,0,1,100,0,176,80,32,48,0,78,-230,0,0,80,0,144,48,80,32,0,0,-256,0,0,80,0,0,1024,192,256,0,
0,25,0,-256,0,0,80,0,192,1024,192,256,0,112,-137,0,0,100,0,848,192,32,48,0,110,-106,0,0,100,0,144,112,32,16,0,64,-174,0,0,100,0,400,48,16,64,0,86,-166,0,0,100,0,688,0,32,48,0,81,-143,0,0,100,0,912,240,48,48,0,32,-132,0,1,100,0,352,0,32,48,0,110,-204,0,1,100,0,224,0,32,48,0,101,-150,0,1,90,0,352,48,32,32,0,76,-116,0,0,100,0,144,128,48,16,0,73,-214,0,1,90,0,144,32,16,16,0,90,-236,0,1,50,0,336,48,16,48,0,38,-216,0,1,50,0,304,48,16,48,0,24,-225,0,1,100,0,448,0,144,160,0,82,-187,0,1,100,0,416,48,16,64,0,61,-199,0,0,100,0,336,96,48,96,0,55,-147,0,0,20,0,592,48,112,80,0,23,-235,0,0,100,0,0,0,144,192,0,90,-236,0,1,60,0,336,48,16,48,0,38,-216,0,1,60,0,304,48,16,48,0,103,-216,0,0,80,0,224,48,64,32,0,112,-231,0,0,100,0,144,80,32,32,0,112,-237,0,1,90,0,176,80,32,48,0,78,-230,0,0,80,0,144,48,80,32,0,0,-256,0,0,80,0,0,1024,192,256,0,
0,25,0,-256,0,0,80,0,192,1024,192,256,0,112,-137,0,0,100,0,848,192,32,48,0,110,-106,0,0,100,0,144,112,32,16,0,64,-174,0,0,100,0,400,48,16,64,0,86,-162,0,0,100,0,592,0,32,48,0,81,-143,0,0,100,0,768,240,48,48,0,32,-132,0,1,100,0,384,0,32,48,0,110,-204,0,1,100,0,256,0,32,48,0,101,-150,0,1,80,0,352,48,32,32,0,76,-116,0,0,100,0,144,128,48,16,0,73,-214,0,1,80,0,144,32,16,16,0,90,-236,0,1,50,0,288,48,16,48,0,38,-216,0,1,50,0,320,48,16,48,0,24,-225,0,1,90,0,448,0,144,160,0,82,-187,0,1,100,0,416,48,16,64,0,61,-199,0,0,100,0,336,96,48,96,0,55,-147,0,0,20,0,592,48,112,80,0,23,-235,0,0,100,0,0,0,144,192,0,90,-236,0,1,60,0,288,48,16,48,0,38,-216,0,1,60,0,320,48,16,48,0,102,-216,0,0,80,0,224,48,64,32,0,112,-231,0,0,100,0,144,80,32,32,0,112,-237,0,1,80,0,176,80,32,48,0,77,-230,0,0,80,0,144,48,80,32,0,0,-256,0,0,80,0,0,1024,192,256,0,
0,25,0,-256,0,0,80,0,192,1024,192,256,0,112,-137,0,0,100,0,848,144,32,48,0,110,-106,0,0,100,0,144,112,32,16,0,64,-174,0,0,100,0,400,48,16,64,0,86,-166,0,0,100,0,624,0,32,48,0,81,-143,0,0,100,0,816,240,48,48,0,32,-132,0,1,100,0,416,0,32,48,0,110,-204,0,1,100,0,288,0,32,48,0,101,-150,0,1,90,0,352,48,32,32,0,76,-116,0,0,100,0,144,128,48,16,0,73,-214,0,1,90,0,144,32,16,16,0,90,-236,0,1,50,0,304,48,16,48,0,38,-216,0,1,50,0,336,48,16,48,0,24,-225,0,1,100,0,448,0,144,160,0,82,-187,0,1,100,0,416,48,16,64,0,61,-199,0,0,100,0,336,96,48,96,0,55,-147,0,0,20,0,592,48,112,80,0,23,-235,0,0,100,0,0,0,144,192,0,90,-236,0,1,60,0,304,48,16,48,0,38,-216,0,1,60,0,336,48,16,48,0,102,-216,0,0,80,0,224,48,64,32,0,112,-231,0,0,100,0,144,80,32,32,0,112,-237,0,1,70,0,176,80,32,48,0,77,-230,0,0,80,0,144,48,80,32,0,0,-256,0,0,80,0,0,1024,192,256,0,
0,25,0,-256,0,0,80,0,192,1024,192,256,0,112,-137,0,0,100,0,848,192,32,48,0,110,-106,0,0,100,0,144,112,32,16,0,64,-174,0,0,100,0,400,48,16,64,0,86,-162,0,0,100,0,656,0,32,48,0,81,-143,0,0,100,0,864,240,48,48,0,32,-132,0,1,100,0,320,0,32,48,0,110,-204,0,1,100,0,192,0,32,48,0,101,-150,0,1,100,0,352,48,32,32,0,76,-116,0,0,100,0,144,128,48,16,0,73,-214,0,1,100,0,144,32,16,16,0,90,-236,0,1,50,0,320,48,16,48,0,38,-216,0,1,50,0,288,48,16,48,0,24,-225,0,1,90,0,448,0,144,160,0,82,-187,0,1,100,0,416,48,16,64,0,61,-199,0,0,100,0,336,96,48,96,0,55,-147,0,0,20,0,592,48,112,80,0,23,-235,0,0,100,0,0,0,144,192,0,90,-236,0,1,60,0,320,48,16,48,0,38,-216,0,1,60,0,288,48,16,48,0,101,-216,0,0,80,0,224,48,64,32,0,112,-231,0,0,100,0,144,80,32,32,0,112,-237,0,1,60,0,176,80,32,48,0,78,-230,0,0,80,0,144,48,80,32,0,0,-256,0,0,80,0,0,1024,192,256,0,
0,25,0,-256,0,0,80,0,192,1024,192,256,0,112,-137,0,0,100,0,848,192,32,48,0,110,-106,0,0,100,0,144,112,32,16,0,64,-174,0,0,100,0,400,48,16,64,0,86,-166,0,0,100,0,688,0,32,48,0,81,-143,0,0,100,0,912,240,48,48,0,32,-132,0,1,100,0,352,0,32,48,0,110,-204,0,1,100,0,224,0,32,48,0,101,-150,0,1,90,0,352,48,32,32,0,76,-116,0,0,100,0,144,128,48,16,0,73,-214,0,1,90,0,144,32,16,16,0,90,-236,0,1,50,0,336,48,16,48,0,38,-216,0,1,50,0,304,48,16,48,0,24,-225,0,1,100,0,448,0,144,160,0,82,-187,0,1,100,0,416,48,16,64,0,61,-199,0,0,100,0,336,96,48,96,0,55,-147,0,0,20,0,592,48,112,80,0,23,-235,0,0,100,0,0,0,144,192,0,90,-236,0,1,60,0,336,48,16,48,0,38,-216,0,1,60,0,304,48,16,48,0,101,-216,0,0,80,0,224,48,64,32,0,112,-231,0,0,100,0,144,80,32,32,0,112,-237,0,1,70,0,176,80,32,48,0,78,-230,0,0,80,0,144,48,80,32,0,0,-256,0,0,80,0,0,1024,192,256,0,
0,26,0,-256,0,0,80,0,192,1024,192,256,0,115,-133,0,0,100,0,880,176,32,16,0,112,-137,0,0,100,0,880,192,32,48,0,110,-106,0,0,100,0,144,112,32,16,0,64,-174,0,0,100,0,400,48,16,64,0,86,-162,0,0,100,0,592,0,32,48,0,81,-143,0,0,100,0,768,240,48,48,0,32,-132,0,1,100,0,384,0,32,48,0,110,-204,0,1,100,0,256,0,32,48,0,101,-150,0,1,80,0,352,48,32,32,0,76,-116,0,0,100,0,144,128,48,16,0,73,-214,0,1,80,0,144,32,16,16,0,90,-236,0,1,50,0,288,48,16,48,0,38,-216,0,1,50,0,320,48,16,48,0,24,-225,0,1,90,0,448,0,144,160,0,82,-187,0,1,100,0,416,48,16,64,0,61,-199,0,0,100,0,336,96,48,96,0,55,-147,0,0,20,0,592,48,112,80,0,23,-235,0,0,100,0,0,0,144,192,0,90,-236,0,1,60,0,288,48,16,48,0,38,-216,0,1,60,0,320,48,16,48,0,102,-216,0,0,80,0,224,48,64,32,0,112,-231,0,0,100,0,144,80,32,32,0,112,-237,0,1,80,0,176,80,32,48,0,79,-230,0,0,80,0,144,48,80,32,0,0,-256,0,0,80,0,0,1024,192,256,0,
0,25,0,-256,0,0,80,0,192,1024,192,256,0,112,-137,0,0,100,0,912,192,32,48,0,110,-106,0,0,100,0,144,112,32,16,0,64,-174,0,0,100,0,400,48,16,64,0,86,-166,0,0,100,0,624,0,32,48,0,81,-143,0,0,100,0,816,240,48,48,0,32,-132,0,1,100,0,416,0,32,48,0,110,-204,0,1,100,0,288,0,32,48,0,101,-150,0,1,90,0,352,48,32,32,0,76,-116,0,0,100,0,144,128,48,16,0,73,-214,0,1,90,0,144,32,16,16,0,90,-236,0,1,50,0,304,48,16,48,0,38,-216,0,1,50,0,336,48,16,48,0,24,-225,0,1,100,0,448,0,144,160,0,82,-187,0,1,100,0,416,48,16,64,0,61,-199,0,0,100,0,336,96,48,96,0,55,-147,0,0,20,0,592,48,112,80,0,23,-235,0,0,100,0,0,0,144,192,0,90,-236,0,1,60,0,304,48,16,48,0,38,-216,0,1,60,0,336,48,16,48,0,102,-216,0,0,80,0,224,48,64,32,0,112,-231,0,0,100,0,144,80,32,32,0,112,-237,0,1,90,0,176,80,32,48,0,79,-230,0,0,80,0,144,48,80,32,0,0,-256,0,0,80,0,0,1024,192,256,0,
0,26,0,-256,0,0,80,0,192,1024,192,256,0,115,-133,0,0,100,0,880,176,32,16,0,112,-137,0,0,100,0,880,192,32,48,0,110,-106,0,0,100,0,144,112,32,16,0,64,-174,0,0,100,0,400,48,16,64,0,86,-162,0,0,100,0,656,0,32,48,0,81,-143,0,0,100,0,864,240,48,48,0,32,-132,0,1,100,0,320,0,32,48,0,110,-204,0,1,100,0,192,0,32,48,0,101,-150,0,1,100,0,352,48,32,32,0,76,-116,0,0,100,0,144,128,48,16,0,73,-214,0,1,100,0,144,32,16,16,0,90,-236,0,1,50,0,320,48,16,48,0,38,-216,0,1,50,0,288,48,16,48,0,24,-225,0,1,90,0,448,0,144,160,0,82,-187,0,1,100,0,416,48,16,64,0,61,-199,0,0,100,0,336,96,48,96,0,55,-147,0,0,20,0,592,48,112,80,0,23,-235,0,0,100,0,0,0,144,192,0,90,-236,0,1,60,0,320,48,16,48,0,38,-216,0,1,60,0,288,48,16,48,0,103,-216,0,0,80,0,224,48,64,32,0,112,-231,0,0,100,0,144,80,32,32,0,112,-237,0,1,100,0,176,80,32,48,0,78,-230,0,0,80,0,144,48,80,32,0,0,-256,0,0,80,0,0,1024,192,256,0,
0,25,0,-256,0,0,80,0,192,1024,192,256,0,112,-137,0,0,100,0,912,192,32,48,0,110,-106,0,0,100,0,144,112,32,16,0,64,-174,0,0,100,0,400,48,16,64,0,86,-166,0,0,100,0,688,0,32,48,0,81,-143,0,0,100,0,912,288,48,48,0,32,-132,0,1,100,0,352,0,32,48,0,110,-204,0,1,100,0,224,0,32,48,0,101,-150,0,1,90,0,352,48,32,32,0,76,-116,0,0,100,0,144,128,48,16,0,73,-214,0,1,90,0,144,32,16,16,0,90,-236,0,1,50,0,336,48,16,48,0,38,-216,0,1,50,0,304,48,16,48,0,24,-225,0,1,100,0,448,0,144,160,0,82,-187,0,1,100,0,416,48,16,64,0,61,-199,0,0,100,0,336,96,48,96,0,55,-147,0,0,20,0,592,48,112,80,0,23,-235,0,0,100,0,0,0,144,192,0,90,-236,0,1,60,0,336,48,16,48,0,38,-216,0,1,60,0,304,48,16,48,0,103,-216,0,0,80,0,224,48,64,32,0,112,-231,0,0,100,0,144,80,32,32,0,112,-237,0,1,90,0,176,80,32,48,0,78,-230,0,0,80,0,144,48,80,32,0,0,-256,0,0,80,0,0,1024,192,256,0,
0,26,0,-256,0,0,80,0,192,1024,192,256,0,115,-133,0,0,100,0,880,176,32,16,0,112,-137,0,0,100,0,880,192,32,48,0,110,-106,0,0,100,0,144,112,32,16,0,64,-174,0,0,100,0,400,48,16,64,0,86,-162,0,0,100,0,592,0,32,48,0,81,-143,0,0,100,0,768,288,48,48,0,32,-132,0,1,100,0,384,0,32,48,0,110,-204,0,1,100,0,256,0,32,48,0,101,-150,0,1,80,0,352,48,32,32,0,76,-116,0,0,100,0,144,128,48,16,0,73,-214,0,1,80,0,144,32,16,16,0,90,-236,0,1,50,0,288,48,16,48,0,38,-216,0,1,50,0,320,48,16,48,0,24,-225,0,1,90,0,448,0,144,160,0,82,-187,0,1,100,0,416,48,16,64,0,61,-199,0,0,100,0,336,96,48,96,0,55,-147,0,0,20,0,592,48,112,80,0,23,-235,0,0,100,0,0,0,144,192,0,90,-236,0,1,60,0,288,48,16,48,0,38,-216,0,1,60,0,320,48,16,48,0,102,-216,0,0,80,0,224,48,64,32,0,112,-231,0,0,100,0,144,80,32,32,0,112,-237,0,1,80,0,176,80,32,48,0,77,-230,0,0,80,0,144,48,80,32,0,0,-256,0,0,80,0,0,1024,192,256,0,
0,25,0,-256,0,0,80,0,192,1024,192,256,0,112,-137,0,0,100,0,912,192,32,48,0,110,-106,0,0,100,0,144,112,32,16,0,64,-174,0,0,100,0,400,48,16,64,0,86,-166,0,0,100,0,624,0,32,48,0,81,-143,0,0,100,0,816,288,48,48,0,32,-132,0,1,100,0,416,0,32,48,0,110,-204,0,1,100,0,288,0,32,48,0,101,-150,0,1,90,0,352,48,32,32,0,76,-116,0,0,100,0,144,128,48,16,0,73,-214,0,1,90,0,144,32,16,16,0,90,-236,0,1,50,0,304,48,16,48,0,38,-216,0,1,50,0,336,48,16,48,0,24,-225,0,1,100,0,448,0,144,160,0,82,-187,0,1,100,0,416,48,16,64,0,61,-199,0,0,100,0,336,96,48,96,0,55,-147,0,0,20,0,592,48,112,80,0,23,-235,0,0,100,0,0,0,144,192,0,90,-236,0,1,60,0,304,48,16,48,0,38,-216,0,1,60,0,336,48,16,48,0,102,-216,0,0,80,0,224,48,64,32,0,112,-231,0,0,100,0,144,80,32,32,0,112,-237,0,1,70,0,176,80,32,48,0,77,-230,0,0,80,0,144,48,80,32,0,0,-256,0,0,80,0,0,1024,192,256,0,
0,26,0,-256,0,0,80,0,192,1024,192,256,0,115,-133,0,0,100,0,880,176,32,16,0,112,-137,0,0,100,0,880,192,32,48,0,110,-106,0,0,100,0,144,112,32,16,0,64,-174,0,0,100,0,400,48,16,64,0,91,-172,0,0,100,0,656,0,32,48,0,81,-143,0,0,100,0,864,288,48,48,0,32,-132,0,1,100,0,320,0,32,48,0,110,-204,0,1,100,0,192,0,32,48,0,101,-150,0,1,100,0,352,48,32,32,0,76,-116,0,0,100,0,144,128,48,16,0,73,-214,0,1,100,0,144,32,16,16,0,90,-236,0,1,50,0,320,48,16,48,0,38,-216,0,1,50,0,288,48,16,48,0,24,-225,0,1,90,0,448,0,144,160,0,82,-187,0,1,100,0,416,48,16,64,0,61,-199,0,0,100,0,336,96,48,96,0,55,-147,0,0,20,0,592,48,112,80,0,23,-235,0,0,100,0,0,0,144,192,0,90,-236,0,1,60,0,320,48,16,48,0,38,-216,0,1,60,0,288,48,16,48,0,101,-216,0,0,80,0,224,48,64,32,0,112,-231,0,0,100,0,144,80,32,32,0,112,-237,0,1,60,0,176,80,32,48,0,78,-230,0,0,80,0,144,48,80,32,0,0,-256,0,0,80,0,0,1024,192,256,0,
0,26,0,-256,0,0,80,0,192,1024,192,256,0,112,-137,0,0,100,0,912,192,32,48,0,110,-106,0,0,100,0,144,112,32,16,0,64,-174,0,0,100,0,400,48,16,64,0,97,-180,0,0,100,0,688,0,32,48,0,81,-143,0,0,100,0,912,288,48,48,0,32,-132,0,1,100,0,352,0,32,48,0,110,-204,0,1,100,0,224,0,32,48,0,101,-150,0,1,90,0,352,48,32,32,0,76,-116,0,0,100,0,144,128,48,16,0,87,-129,0,0,30,0,144,128,48,16,0,73,-214,0,1,90,0,144,32,16,16,0,90,-236,0,1,50,0,336,48,16,48,0,38,-216,0,1,50,0,304,48,16,48,0,24,-225,0,1,100,0,448,0,144,160,0,82,-187,0,1,100,0,416,48,16,64,0,61,-199,0,0,100,0,336,96,48,96,0,55,-147,0,0,20,0,592,48,112,80,0,23,-235,0,0,100,0,0,0,144,192,0,90,-236,0,1,60,0,336,48,16,48,0,38,-216,0,1,60,0,304,48,16,48,0,101,-216,0,0,80,0,224,48,64,32,0,112,-231,0,0,100,0,144,80,32,32,0,112,-237,0,1,70,0,176,80,32,48,0,78,-230,0,0,80,0,144,48,80,32,0,0,-256,0,0,80,0,0,1024,192,256,0,
0,27,0,-256,0,0,80,0,192,1024,192,256,0,115,-133,0,0,100,0,880,176,32,16,0,112,-137,0,0,100,0,880,192,32,48,0,110,-106,0,0,100,0,144,112,32,16,0,64,-174,0,0,100,0,400,48,16,64,0,101,-179,0,0,100,0,592,0,32,48,0,81,-143,0,0,100,0,912,288,48,48,0,32,-132,0,1,100,0,384,0,32,48,0,110,-204,0,1,100,0,256,0,32,48,0,101,-150,0,1,80,0,352,48,32,32,0,76,-116,0,0,100,0,144,128,48,16,0,90,-132,0,0,70,0,144,128,48,16,0,73,-214,0,1,80,0,144,32,16,16,0,90,-236,0,1,50,0,288,48,16,48,0,38,-216,0,1,50,0,320,48,16,48,0,24,-225,0,1,90,0,448,0,144,160,0,82,-187,0,1,100,0,416,48,16,64,0,61,-199,0,0,100,0,336,96,48,96,0,55,-147,0,0,20,0,592,48,112,80,0,23,-235,0,0,100,0,0,0,144,192,0,90,-236,0,1,60,0,288,48,16,48,0,38,-216,0,1,60,0,320,48,16,48,0,102,-216,0,0,80,0,224,48,64,32,0,112,-231,0,0,100,0,144,80,32,32,0,112,-237,0,1,80,0,176,80,32,48,0,79,-230,0,0,80,0,144,48,80,32,0,0,-256,0,0,80,0,0,1024,192,256,0,
0,27,0,-256,0,0,80,0,192,1024,192,256,0,115,-133,0,0,50,0,880,176,32,16,0,112,-137,0,0,100,0,912,192,32,48,0,110,-106,0,0,100,0,144,112,32,16,0,64,-174,0,0,100,0,400,48,16,64,0,105,-172,0,0,100,0,624,0,32,48,0,81,-143,0,0,100,0,912,288,48,48,0,32,-132,0,1,100,0,416,0,32,48,0,110,-204,0,1,100,0,288,0,32,48,0,101,-150,0,1,90,0,352,48,32,32,0,76,-116,0,0,100,0,144,128,48,16,0,93,-134,0,0,100,0,144,128,48,16,0,73,-214,0,1,90,0,144,32,16,16,0,90,-236,0,1,50,0,304,48,16,48,0,38,-216,0,1,50,0,336,48,16,48,0,24,-225,0,1,100,0,448,0,144,160,0,82,-187,0,1,100,0,416,48,16,64,0,61,-199,0,0,100,0,336,96,48,96,0,55,-147,0,0,20,0,592,48,112,80,0,23,-235,0,0,100,0,0,0,144,192,0,90,-236,0,1,60,0,304,48,16,48,0,38,-216,0,1,60,0,336,48,16,48,0,102,-216,0,0,80,0,224,48,64,32,0,112,-231,0,0,100,0,144,80,32,32,0,112,-237,0,1,90,0,176,80,32,48,0,79,-230,0,0,80,0,144,48,80,32,0,0,-256,0,0,80,0,0,1024,192,256,0,
0,27,0,-256,0,0,80,0,192,1024,192,256,0,110,-138,0,0,100,0,656,144,32,48,0,109,-106,0,0,100,0,144,112,32,16,0,64,-174,0,0,100,0,400,48,16,64,0,79,-128,1,0,100,90,432,160,16,32,0,76,-143,0,0,100,0,1008,240,48,48,0,76,-116,0,0,100,0,144,128,48,16,0,32,-132,0,1,100,0,320,0,32,48,0,110,-204,0,1,100,0,192,0,32,48,0,101,-150,0,1,100,0,352,48,32,32,0,93,-155,1,0,100,-90,624,0,32,48,0,93,-134,0,0,100,0,144,128,48,16,0,73,-214,0,1,100,0,144,32,16,16,0,90,-236,0,1,50,0,320,48,16,48,0,38,-216,0,1,50,0,288,48,16,48,0,24,-225,0,1,90,0,448,0,144,160,0,82,-187,0,1,100,0,416,48,16,64,0,61,-199,0,0,100,0,336,96,48,96,0,55,-147,0,0,20,0,592,48,112,80,0,23,-235,0,0,100,0,0,0,144,192,0,90,-236,0,1,60,0,320,48,16,48,0,38,-216,0,1,60,0,288,48,16,48,0,103,-216,0,0,80,0,224,48,64,32,0,112,-231,0,0,100,0,144,80,32,32,0,112,-237,0,1,100,0,176,80,32,48,0,78,-230,0,0,80,0,144,48,80,32,0,0,-256,0,0,80,0,0,1024,192,256,0,
0,27,0,-256,0,0,80,0,192,1024,192,256,0,109,-139,0,0,100,0,624,144,32,48,0,108,-106,0,0,100,0,144,112,32,16,0,64,-174,0,0,100,0,400,48,16,64,0,95,-125,0,0,100,90,432,160,16,32,0,71,-142,0,0,100,0,1056,240,48,48,0,76,-116,0,0,100,0,144,128,48,16,0,32,-132,0,1,100,0,352,0,32,48,0,110,-204,0,1,100,0,224,0,32,48,0,101,-150,0,1,90,0,352,48,32,32,0,95,-151,0,0,100,0,144,0,48,32,0,93,-134,0,0,100,0,144,128,48,16,0,73,-214,0,1,90,0,144,32,16,16,0,90,-236,0,1,50,0,336,48,16,48,0,38,-216,0,1,50,0,304,48,16,48,0,24,-225,0,1,100,0,448,0,144,160,0,82,-187,0,1,100,0,416,48,16,64,0,61,-199,0,0,100,0,336,96,48,96,0,55,-147,0,0,20,0,592,48,112,80,0,23,-235,0,0,100,0,0,0,144,192,0,90,-236,0,1,60,0,336,48,16,48,0,38,-216,0,1,60,0,304,48,16,48,0,103,-216,0,0,80,0,224,48,64,32,0,112,-231,0,0,100,0,144,80,32,32,0,112,-237,0,1,90,0,176,80,32,48,0,78,-230,0,0,80,0,144,48,80,32,0,0,-256,0,0,80,0,0,1024,192,256,0,
0,27,0,-256,0,0,80,0,192,1024,192,256,0,109,-139,0,0,100,0,624,144,32,48,0,108,-106,0,0,100,0,144,112,32,16,0,64,-174,0,0,100,0,400,48,16,64,0,95,-125,0,0,100,90,432,160,16,32,0,71,-142,0,0,100,0,1104,240,48,48,0,76,-116,0,0,100,0,144,128,48,16,0,32,-132,0,1,100,0,384,0,32,48,0,110,-204,0,1,100,0,256,0,32,48,0,101,-150,0,1,80,0,352,48,32,32,0,95,-152,0,0,100,0,144,0,48,32,0,93,-134,0,0,100,0,144,128,48,16,0,73,-214,0,1,80,0,144,32,16,16,0,90,-236,0,1,50,0,288,48,16,48,0,38,-216,0,1,50,0,320,48,16,48,0,24,-225,0,1,90,0,448,0,144,160,0,82,-187,0,1,100,0,416,48,16,64,0,61,-199,0,0,100,0,336,96,48,96,0,55,-147,0,0,20,0,592,48,112,80,0,23,-235,0,0,100,0,0,0,144,192,0,90,-236,0,1,60,0,288,48,16,48,0,38,-216,0,1,60,0,320,48,16,48,0,102,-216,0,0,80,0,224,48,64,32,0,112,-231,0,0,100,0,144,80,32,32,0,112,-237,0,1,80,0,176,80,32,48,0,77,-230,0,0,80,0,144,48,80,32,0,0,-256,0,0,80,0,0,1024,192,256,0,
0,27,0,-256,0,0,80,0,192,1024,192,256,0,109,-139,0,0,100,0,624,144,32,48,0,108,-106,0,0,100,0,144,112,32,16,0,64,-174,0,0,100,0,400,48,16,64,0,96,-125,0,0,100,90,432,160,16,32,0,71,-142,0,0,100,0,1152,288,48,48,0,76,-116,0,0,100,0,144,128,48,16,0,32,-132,0,1,100,0,416,0,32,48,0,110,-204,0,1,100,0,288,0,32,48,0,101,-150,0,1,90,0,352,48,32,32,0,95,-152,0,0,100,0,144,0,48,32,0,93,-134,0,0,100,0,144,128,48,16,0,73,-214,0,1,90,0,144,32,16,16,0,90,-236,0,1,50,0,304,48,16,48,0,38,-216,0,1,50,0,336,48,16,48,0,24,-225,0,1,100,0,448,0,144,160,0,82,-187,0,1,100,0,416,48,16,64,0,61,-199,0,0,100,0,336,96,48,96,0,55,-147,0,0,20,0,592,48,112,80,0,23,-235,0,0,100,0,0,0,144,192,0,90,-236,0,1,60,0,304,48,16,48,0,38,-216,0,1,60,0,336,48,16,48,0,102,-216,0,0,80,0,224,48,64,32,0,112,-231,0,0,100,0,144,80,32,32,0,112,-237,0,1,70,0,176,80,32,48,0,77,-230,0,0,80,0,144,48,80,32,0,0,-256,0,0,80,0,0,1024,192,256,0,
0,27,0,-256,0,0,80,0,192,1024,192,256,0,109,-139,0,0,100,0,624,144,32,48,0,108,-106,0,0,100,0,144,112,32,16,0,64,-174,0,0,100,0,400,48,16,64,0,96,-125,0,0,100,90,432,160,16,32,0,71,-142,0,0,100,0,1200,288,48,48,0,76,-116,0,0,100,0,144,128,48,16,0,32,-132,0,1,100,0,320,0,32,48,0,110,-204,0,1,100,0,192,0,32,48,0,101,-150,0,1,100,0,352,48,32,32,0,95,-152,0,0,100,0,144,0,48,32,0,93,-134,0,0,100,0,144,128,48,16,0,73,-214,0,1,100,0,144,32,16,16,0,90,-236,0,1,50,0,320,48,16,48,0,38,-216,0,1,50,0,288,48,16,48,0,24,-225,0,1,90,0,448,0,144,160,0,82,-187,0,1,100,0,416,48,16,64,0,61,-199,0,0,100,0,336,96,48,96,0,55,-147,0,0,20,0,592,48,112,80,0,23,-235,0,0,100,0,0,0,144,192,0,90,-236,0,1,60,0,320,48,16,48,0,38,-216,0,1,60,0,288,48,16,48,0,101,-216,0,0,80,0,224,48,64,32,0,112,-231,0,0,100,0,144,80,32,32,0,112,-237,0,1,60,0,176,80,32,48,0,78,-230,0,0,80,0,144,48,80,32,0,0,-256,0,0,80,0,0,1024,192,256,0,
0,27,0,-256,0,0,80,0,192,1024,192,256,0,106,-139,0,0,100,0,688,144,32,48,0,106,-106,0,0,100,0,144,112,32,16,0,64,-174,0,0,100,0,400,48,16,64,0,96,-125,0,0,100,90,432,160,16,32,0,71,-142,0,0,100,0,1056,288,48,48,0,76,-116,0,0,100,0,144,128,48,16,0,32,-132,0,1,100,0,352,0,32,48,0,110,-204,0,1,100,0,224,0,32,48,0,101,-150,0,1,90,0,352,48,32,32,0,95,-152,0,0,100,0,144,0,48,32,0,93,-134,0,0,100,0,144,128,48,16,0,73,-214,0,1,90,0,144,32,16,16,0,90,-236,0,1,50,0,336,48,16,48,0,38,-216,0,1,50,0,304,48,16,48,0,24,-225,0,1,100,0,448,0,144,160,0,82,-187,0,1,100,0,416,48,16,64,0,61,-199,0,0,100,0,336,96,48,96,0,55,-147,0,0,20,0,592,48,112,80,0,23,-235,0,0,100,0,0,0,144,192,0,90,-236,0,1,60,0,336,48,16,48,0,38,-216,0,1,60,0,304,48,16,48,0,101,-216,0,0,80,0,224,48,64,32,0,112,-231,0,0,100,0,144,80,32,32,0,112,-237,0,1,70,0,176,80,32,48,0,78,-230,0,0,80,0,144,48,80,32,0,0,-256,0,0,80,0,0,1024,192,256,0,
0,27,0,-256,0,0,80,0,192,1024,192,256,0,106,-139,0,0,100,0,688,144,32,48,0,102,-126,0,0,100,0,432,160,16,32,0,106,-106,0,0,100,0,144,112,32,16,0,64,-174,0,0,100,0,400,48,16,64,0,71,-142,0,0,100,0,1104,240,48,48,0,76,-116,0,0,100,0,144,128,48,16,0,32,-132,0,1,100,0,384,0,32,48,0,110,-204,0,1,100,0,256,0,32,48,0,101,-150,0,1,80,0,352,48,32,32,0,95,-152,0,0,100,0,144,0,48,32,0,93,-134,0,0,100,0,144,128,48,16,0,73,-214,0,1,80,0,144,32,16,16,0,90,-236,0,1,50,0,288,48,16,48,0,38,-216,0,1,50,0,320,48,16,48,0,24,-225,0,1,90,0,448,0,144,160,0,82,-187,0,1,100,0,416,48,16,64,0,61,-199,0,0,100,0,336,96,48,96,0,55,-147,0,0,20,0,592,48,112,80,0,23,-235,0,0,100,0,0,0,144,192,0,90,-236,0,1,60,0,288,48,16,48,0,38,-216,0,1,60,0,320,48,16,48,0,102,-216,0,0,80,0,224,48,64,32,0,112,-231,0,0,100,0,144,80,32,32,0,112,-237,0,1,80,0,176,80,32,48,0,79,-230,0,0,80,0,144,48,80,32,0,0,-256,0,0,80,0,0,1024,192,256,0,
0,27,0,-256,0,0,80,0,192,1024,192,256,0,109,-139,0,0,100,0,624,144,32,48,0,112,-121,0,0,100,0,432,160,16,32,0,110,-106,0,0,100,0,144,112,32,16,0,64,-174,0,0,100,0,400,48,16,64,0,71,-142,0,0,100,0,1152,240,48,48,0,76,-116,0,0,100,0,144,128,48,16,0,32,-132,0,1,100,0,416,0,32,48,0,110,-204,0,1,100,0,288,0,32,48,0,101,-150,0,1,90,0,352,48,32,32,0,95,-152,0,0,100,0,144,0,48,32,0,93,-134,0,0,100,0,144,128,48,16,0,73,-214,0,1,90,0,144,32,16,16,0,90,-236,0,1,50,0,304,48,16,48,0,38,-216,0,1,50,0,336,48,16,48,0,24,-225,0,1,100,0,448,0,144,160,0,82,-187,0,1,100,0,416,48,16,64,0,61,-199,0,0,100,0,336,96,48,96,0,55,-147,0,0,20,0,592,48,112,80,0,23,-235,0,0,100,0,0,0,144,192,0,90,-236,0,1,60,0,304,48,16,48,0,38,-216,0,1,60,0,336,48,16,48,0,102,-216,0,0,80,0,224,48,64,32,0,112,-231,0,0,100,0,144,80,32,32,0,112,-237,0,1,90,0,176,80,32,48,0,79,-230,0,0,80,0,144,48,80,32,0,0,-256,0,0,80,0,0,1024,192,256,0,
0,26,0,-256,0,0,80,0,192,1024,192,256,0,109,-139,0,0,100,0,944,192,32,48,0,110,-106,0,0,100,0,144,112,32,16,0,64,-174,0,0,100,0,400,48,16,64,0,71,-142,0,0,100,0,1200,240,48,48,0,76,-116,0,0,100,0,144,128,48,16,0,32,-132,0,1,100,0,320,0,32,48,0,110,-204,0,1,100,0,192,0,32,48,0,101,-150,0,1,100,0,352,48,32,32,0,95,-152,0,0,100,0,144,0,48,32,0,93,-134,0,0,100,0,144,128,48,16,0,73,-214,0,1,100,0,144,32,16,16,0,90,-236,0,1,50,0,320,48,16,48,0,38,-216,0,1,50,0,288,48,16,48,0,24,-225,0,1,90,0,448,0,144,160,0,82,-187,0,1,100,0,416,48,16,64,0,61,-199,0,0,100,0,336,96,48,96,0,55,-147,0,0,20,0,592,48,112,80,0,23,-235,0,0,100,0,0,0,144,192,0,90,-236,0,1,60,0,320,48,16,48,0,38,-216,0,1,60,0,288,48,16,48,0,103,-216,0,0,80,0,224,48,64,32,0,112,-231,0,0,100,0,144,80,32,32,0,112,-237,0,1,100,0,176,80,32,48,0,78,-230,0,0,80,0,144,48,80,32,0,0,-256,0,0,80,0,0,1024,192,256,0,
0,26,0,-256,0,0,80,0,192,1024,192,256,0,107,-138,0,0,100,0,976,192,32,48,0,108,-105,0,0,100,0,144,112,32,16,0,64,-174,0,0,100,0,400,48,16,64,0,71,-142,0,0,100,0,1056,240,48,48,0,76,-116,0,0,100,0,144,128,48,16,0,32,-132,0,1,100,0,352,0,32,48,0,110,-204,0,1,100,0,224,0,32,48,0,101,-150,0,1,90,0,352,48,32,32,0,95,-152,0,0,100,0,144,0,48,32,0,93,-134,0,0,100,0,144,128,48,16,0,73,-214,0,1,90,0,144,32,16,16,0,90,-236,0,1,50,0,336,48,16,48,0,38,-216,0,1,50,0,304,48,16,48,0,24,-225,0,1,100,0,448,0,144,160,0,82,-187,0,1,100,0,416,48,16,64,0,61,-199,0,0,100,0,336,96,48,96,0,55,-147,0,0,20,0,592,48,112,80,0,23,-235,0,0,100,0,0,0,144,192,0,90,-236,0,1,60,0,336,48,16,48,0,38,-216,0,1,60,0,304,48,16,48,0,103,-216,0,0,80,0,224,48,64,32,0,112,-231,0,0,100,0,144,80,32,32,0,112,-237,0,1,90,0,176,80,32,48,0,78,-230,0,0,80,0,144,48,80,32,0,0,-256,0,0,80,0,0,1024,192,256,0,
0,26,0,-256,0,0,80,0,192,1024,192,256,0,105,-137,0,0,100,0,1008,192,32,48,0,106,-104,0,0,100,0,144,112,32,16,0,64,-174,0,0,100,0,400,48,16,64,0,71,-142,0,0,100,0,1104,240,48,48,0,76,-116,0,0,100,0,144,128,48,16,0,32,-132,0,1,100,0,384,0,32,48,0,110,-204,0,1,100,0,256,0,32,48,0,101,-150,0,1,80,0,352,48,32,32,0,95,-152,0,0,100,0,144,0,48,32,0,93,-134,0,0,100,0,144,128,48,16,0,73,-214,0,1,80,0,144,32,16,16,0,90,-236,0,1,50,0,288,48,16,48,0,38,-216,0,1,50,0,320,48,16,48,0,24,-225,0,1,90,0,448,0,144,160,0,82,-187,0,1,100,0,416,48,16,64,0,61,-199,0,0,100,0,336,96,48,96,0,55,-147,0,0,20,0,592,48,112,80,0,23,-235,0,0,100,0,0,0,144,192,0,90,-236,0,1,60,0,288,48,16,48,0,38,-216,0,1,60,0,320,48,16,48,0,102,-216,0,0,80,0,224,48,64,32,0,112,-231,0,0,100,0,144,80,32,32,0,112,-237,0,1,80,0,176,80,32,48,0,77,-230,0,0,80,0,144,48,80,32,0,0,-256,0,0,80,0,0,1024,192,256,0,
0,26,0,-256,0,0,80,0,192,1024,192,256,0,103,-136,0,0,100,0,1040,192,32,48,0,104,-103,0,0,100,0,144,112,32,16,0,64,-174,0,0,100,0,400,48,16,64,0,71,-142,0,0,100,0,1152,240,48,48,0,76,-116,0,0,100,0,144,128,48,16,0,32,-132,0,1,100,0,416,0,32,48,0,110,-204,0,1,100,0,288,0,32,48,0,101,-150,0,1,90,0,352,48,32,32,0,95,-152,0,0,100,0,144,0,48,32,0,93,-134,0,0,100,0,144,128,48,16,0,73,-214,0,1,90,0,144,32,16,16,0,90,-236,0,1,50,0,304,48,16,48,0,38,-216,0,1,50,0,336,48,16,48,0,24,-225,0,1,100,0,448,0,144,160,0,82,-187,0,1,100,0,416,48,16,64,0,61,-199,0,0,100,0,336,96,48,96,0,55,-147,0,0,20,0,592,48,112,80,0,23,-235,0,0,100,0,0,0,144,192,0,90,-236,0,1,60,0,304,48,16,48,0,38,-216,0,1,60,0,336,48,16,48,0,102,-216,0,0,80,0,224,48,64,32,0,112,-231,0,0,100,0,144,80,32,32,0,112,-237,0,1,70,0,176,80,32,48,0,77,-230,0,0,80,0,144,48,80,32,0,0,-256,0,0,80,0,0,1024,192,256,0,
0,26,0,-256,0,0,80,0,192,1024,192,256,0,101,-135,0,0,100,0,944,192,32,48,0,102,-102,0,0,100,0,144,112,32,16,0,64,-174,0,0,100,0,400,48,16,64,0,71,-142,0,0,100,0,1200,240,48,48,0,76,-116,0,0,100,0,144,128,48,16,0,32,-132,0,1,100,0,320,0,32,48,0,110,-204,0,1,100,0,192,0,32,48,0,101,-150,0,1,100,0,352,48,32,32,0,95,-152,0,0,100,0,144,0,48,32,0,93,-134,0,0,100,0,144,128,48,16,0,73,-214,0,1,100,0,144,32,16,16,0,90,-236,0,1,50,0,320,48,16,48,0,38,-216,0,1,50,0,288,48,16,48,0,24,-225,0,1,90,0,448,0,144,160,0,82,-187,0,1,100,0,416,48,16,64,0,61,-199,0,0,100,0,336,96,48,96,0,55,-147,0,0,20,0,592,48,112,80,0,23,-235,0,0,100,0,0,0,144,192,0,90,-236,0,1,60,0,320,48,16,48,0,38,-216,0,1,60,0,288,48,16,48,0,101,-216,0,0,80,0,224,48,64,32,0,112,-231,0,0,100,0,144,80,32,32,0,112,-237,0,1,60,0,176,80,32,48,0,78,-230,0,0,80,0,144,48,80,32,0,0,-256,0,0,80,0,0,1024,192,256,0,
0,26,0,-256,0,0,80,0,192,1024,192,256,0,99,-134,0,0,100,0,976,192,32,48,0,100,-101,0,0,100,0,144,112,32,16,0,64,-174,0,0,100,0,400,48,16,64,0,71,-142,0,0,100,0,1056,240,48,48,0,76,-116,0,0,100,0,144,128,48,16,0,32,-132,0,1,100,0,352,0,32,48,0,110,-204,0,1,100,0,224,0,32,48,0,101,-150,0,1,90,0,352,48,32,32,0,95,-152,0,0,100,0,144,0,48,32,0,93,-134,0,0,100,0,144,128,48,16,0,73,-214,0,1,90,0,144,32,16,16,0,90,-236,0,1,50,0,336,48,16,48,0,38,-216,0,1,50,0,304,48,16,48,0,24,-225,0,1,100,0,448,0,144,160,0,82,-187,0,1,100,0,416,48,16,64,0,61,-199,0,0,100,0,336,96,48,96,0,55,-147,0,0,20,0,592,48,112,80,0,23,-235,0,0,100,0,0,0,144,192,0,90,-236,0,1,60,0,336,48,16,48,0,38,-216,0,1,60,0,304,48,16,48,0,101,-216,0,0,80,0,224,48,64,32,0,112,-231,0,0,100,0,144,80,32,32,0,112,-237,0,1,70,0,176,80,32,48,0,78,-230,0,0,80,0,144,48,80,32,0,0,-256,0,0,80,0,0,1024,192,256,0,
0,26,0,-256,0,0,80,0,192,1024,192,256,0,97,-133,0,0,100,0,1008,192,32,48,0,98,-100,0,0,100,0,144,112,32,16,0,64,-174,0,0,100,0,400,48,16,64,0,71,-142,0,0,100,0,1104,240,48,48,0,76,-116,0,0,100,0,144,128,48,16,0,32,-132,0,1,100,0,384,0,32,48,0,110,-204,0,1,100,0,256,0,32,48,0,101,-150,0,1,80,0,352,48,32,32,0,95,-152,0,0,100,0,144,0,48,32,0,93,-134,0,0,100,0,144,128,48,16,0,73,-214,0,1,80,0,144,32,16,16,0,90,-236,0,1,50,0,288,48,16,48,0,38,-216,0,1,50,0,320,48,16,48,0,24,-225,0,1,90,0,448,0,144,160,0,82,-187,0,1,100,0,416,48,16,64,0,61,-199,0,0,100,0,336,96,48,96,0,55,-147,0,0,20,0,592,48,112,80,0,23,-235,0,0,100,0,0,0,144,192,0,90,-236,0,1,60,0,288,48,16,48,0,38,-216,0,1,60,0,320,48,16,48,0,102,-216,0,0,80,0,224,48,64,32,0,112,-231,0,0,100,0,144,80,32,32,0,112,-237,0,1,80,0,176,80,32,48,0,79,-230,0,0,80,0,144,48,80,32,0,0,-256,0,0,80,0,0,1024,192,256,0,
0,26,0,-256,0,0,80,0,192,1024,192,256,0,95,-132,0,0,100,0,1040,192,32,48,0,96,-99,0,0,100,0,144,112,32,16,0,64,-174,0,0,100,0,400,48,16,64,0,71,-142,0,0,100,0,1152,240,48,48,0,76,-116,0,0,100,0,144,128,48,16,0,32,-132,0,1,100,0,416,0,32,48,0,110,-204,0,1,100,0,288,0,32,48,0,101,-150,0,1,90,0,352,48,32,32,0,95,-152,0,0,100,0,144,0,48,32,0,93,-134,0,0,100,0,144,128,48,16,0,73,-214,0,1,90,0,144,32,16,16,0,90,-236,0,1,50,0,304,48,16,48,0,38,-216,0,1,50,0,336,48,16,48,0,24,-225,0,1,100,0,448,0,144,160,0,82,-187,0,1,100,0,416,48,16,64,0,61,-199,0,0,100,0,336,96,48,96,0,55,-147,0,0,20,0,592,48,112,80,0,23,-235,0,0,100,0,0,0,144,192,0,90,-236,0,1,60,0,304,48,16,48,0,38,-216,0,1,60,0,336,48,16,48,0,102,-216,0,0,80,0,224,48,64,32,0,112,-231,0,0,100,0,144,80,32,32,0,112,-237,0,1,90,0,176,80,32,48,0,79,-230,0,0,80,0,144,48,80,32,0,0,-256,0,0,80,0,0,1024,192,256,0,
0,26,0,-256,0,0,80,0,192,1024,192,256,0,93,-131,0,0,100,0,944,192,32,48,0,94,-98,0,0,100,0,144,112,32,16,0,64,-174,0,0,100,0,400,48,16,64,0,71,-142,0,0,100,0,1200,336,48,48,0,76,-116,0,0,100,0,144,128,48,16,0,32,-132,0,1,100,0,320,0,32,48,0,110,-204,0,1,100,0,192,0,32,48,0,101,-150,0,1,100,0,352,48,32,32,0,95,-152,0,0,100,0,144,0,48,32,0,93,-134,0,0,100,0,144,128,48,16,0,73,-214,0,1,100,0,144,32,16,16,0,90,-236,0,1,50,0,320,48,16,48,0,38,-216,0,1,50,0,288,48,16,48,0,24,-225,0,1,90,0,448,0,144,160,0,82,-187,0,1,100,0,416,48,16,64,0,61,-199,0,0,100,0,336,96,48,96,0,55,-147,0,0,20,0,592,48,112,80,0,23,-235,0,0,100,0,0,0,144,192,0,90,-236,0,1,60,0,320,48,16,48,0,38,-216,0,1,60,0,288,48,16,48,0,103,-216,0,0,80,0,224,48,64,32,0,112,-231,0,0,100,0,144,80,32,32,0,112,-237,0,1,100,0,176,80,32,48,0,78,-230,0,0,80,0,144,48,80,32,0,0,-256,0,0,80,0,0,1024,192,256,0,
0,26,0,-256,0,0,80,0,192,1024,192,256,0,91,-130,0,0,100,0,976,192,32,48,0,92,-97,0,0,100,0,144,112,32,16,0,64,-174,0,0,100,0,400,48,16,64,0,71,-142,0,0,100,0,1056,336,48,48,0,76,-116,0,0,100,0,144,128,48,16,0,32,-132,0,1,100,0,352,0,32,48,0,110,-204,0,1,100,0,224,0,32,48,0,101,-150,0,1,90,0,352,48,32,32,0,95,-152,0,0,100,0,144,0,48,32,0,93,-134,0,0,100,0,144,128,48,16,0,73,-214,0,1,90,0,144,32,16,16,0,90,-236,0,1,50,0,336,48,16,48,0,38,-216,0,1,50,0,304,48,16,48,0,24,-225,0,1,100,0,448,0,144,160,0,82,-187,0,1,100,0,416,48,16,64,0,61,-199,0,0,100,0,336,96,48,96,0,55,-147,0,0,20,0,592,48,112,80,0,23,-235,0,0,100,0,0,0,144,192,0,90,-236,0,1,60,0,336,48,16,48,0,38,-216,0,1,60,0,304,48,16,48,0,103,-216,0,0,80,0,224,48,64,32,0,112,-231,0,0,100,0,144,80,32,32,0,112,-237,0,1,90,0,176,80,32,48,0,78,-230,0,0,80,0,144,48,80,32,0,0,-256,0,0,80,0,0,1024,192,256,0,
0,26,0,-256,0,0,80,0,192,1024,192,256,0,89,-129,0,0,100,0,1008,192,32,48,0,90,-96,0,0,100,0,144,112,32,16,0,64,-174,0,0,100,0,400,48,16,64,0,71,-142,0,0,100,0,1104,336,48,48,0,76,-116,0,0,100,0,144,128,48,16,0,32,-132,0,1,100,0,384,0,32,48,0,110,-204,0,1,100,0,256,0,32,48,0,101,-150,0,1,80,0,352,48,32,32,0,95,-152,0,0,100,0,144,0,48,32,0,93,-134,0,0,100,0,144,128,48,16,0,73,-214,0,1,80,0,144,32,16,16,0,90,-236,0,1,50,0,288,48,16,48,0,38,-216,0,1,50,0,320,48,16,48,0,24,-225,0,1,90,0,448,0,144,160,0,82,-187,0,1,100,0,416,48,16,64,0,61,-199,0,0,100,0,336,96,48,96,0,55,-147,0,0,20,0,592,48,112,80,0,23,-235,0,0,100,0,0,0,144,192,0,90,-236,0,1,60,0,288,48,16,48,0,38,-216,0,1,60,0,320,48,16,48,0,102,-216,0,0,80,0,224,48,64,32,0,112,-231,0,0,100,0,144,80,32,32,0,112,-237,0,1,80,0,176,80,32,48,0,77,-230,0,0,80,0,144,48,80,32,0,0,-256,0,0,80,0,0,1024,192,256,0,
0,26,0,-256,0,0,80,0,192,1024,192,256,0,87,-128,0,0,100,0,1040,192,32,48,0,88,-95,0,0,100,0,144,112,32,16,0,64,-174,0,0,100,0,400,48,16,64,0,71,-142,0,0,100,0,1152,336,48,48,0,76,-116,0,0,100,0,144,128,48,16,0,32,-132,0,1,100,0,416,0,32,48,0,110,-204,0,1,100,0,288,0,32,48,0,101,-150,0,1,90,0,352,48,32,32,0,95,-152,0,0,100,0,144,0,48,32,0,93,-134,0,0,100,0,144,128,48,16,0,73,-214,0,1,90,0,144,32,16,16,0,90,-236,0,1,50,0,304,48,16,48,0,38,-216,0,1,50,0,336,48,16,48,0,24,-225,0,1,100,0,448,0,144,160,0,82,-187,0,1,100,0,416,48,16,64,0,61,-199,0,0,100,0,336,96,48,96,0,55,-147,0,0,20,0,592,48,112,80,0,23,-235,0,0,100,0,0,0,144,192,0,90,-236,0,1,60,0,304,48,16,48,0,38,-216,0,1,60,0,336,48,16,48,0,102,-216,0,0,80,0,224,48,64,32,0,112,-231,0,0,100,0,144,80,32,32,0,112,-237,0,1,70,0,176,80,32,48,0,77,-230,0,0,80,0,144,48,80,32,0,0,-256,0,0,80,0,0,1024,192,256,0,
0,26,0,-256,0,0,80,0,192,1024,192,256,0,85,-127,0,0,100,0,944,192,32,48,0,86,-94,0,0,100,0,144,112,32,16,0,64,-174,0,0,100,0,400,48,16,64,0,71,-142,0,0,100,0,1200,336,48,48,0,76,-116,0,0,100,0,144,128,48,16,0,32,-132,0,1,100,0,320,0,32,48,0,110,-204,0,1,100,0,192,0,32,48,0,101,-150,0,1,100,0,352,48,32,32,0,95,-152,0,0,100,0,144,0,48,32,0,93,-134,0,0,100,0,144,128,48,16,0,73,-214,0,1,100,0,144,32,16,16,0,90,-236,0,1,50,0,320,48,16,48,0,38,-216,0,1,50,0,288,48,16,48,0,24,-225,0,1,90,0,448,0,144,160,0,82,-187,0,1,100,0,416,48,16,64,0,61,-199,0,0,100,0,336,96,48,96,0,55,-147,0,0,20,0,592,48,112,80,0,23,-235,0,0,100,0,0,0,144,192,0,90,-236,0,1,60,0,320,48,16,48,0,38,-216,0,1,60,0,288,48,16,48,0,101,-216,0,0,80,0,224,48,64,32,0,112,-231,0,0,100,0,144,80,32,32,0,112,-237,0,1,60,0,176,80,32,48,0,78,-230,0,0,80,0,144,48,80,32,0,0,-256,0,0,80,0,0,1024,192,256,0,
0,26,0,-256,0,0,80,0,192,1024,192,256,0,83,-126,0,0,100,0,976,192,32,48,0,84,-93,0,0,100,0,144,112,32,16,0,64,-174,0,0,100,0,400,48,16,64,0,71,-142,0,0,100,0,1056,336,48,48,0,76,-116,0,0,100,0,144,128,48,16,0,32,-132,0,1,100,0,352,0,32,48,0,110,-204,0,1,100,0,224,0,32,48,0,101,-150,0,1,90,0,352,48,32,32,0,95,-152,0,0,100,0,144,0,48,32,0,93,-134,0,0,100,0,144,128,48,16,0,73,-214,0,1,90,0,144,32,16,16,0,90,-236,0,1,50,0,336,48,16,48,0,38,-216,0,1,50,0,304,48,16,48,0,24,-225,0,1,100,0,448,0,144,160,0,82,-187,0,1,100,0,416,48,16,64,0,61,-199,0,0,100,0,336,96,48,96,0,55,-147,0,0,20,0,592,48,112,80,0,23,-235,0,0,100,0,0,0,144,192,0,90,-236,0,1,60,0,336,48,16,48,0,38,-216,0,1,60,0,304,48,16,48,0,101,-216,0,0,80,0,224,48,64,32,0,112,-231,0,0,100,0,144,80,32,32,0,112,-237,0,1,70,0,176,80,32,48,0,78,-230,0,0,80,0,144,48,80,32,0,0,-256,0,0,80,0,0,1024,192,256,0,
0,26,0,-256,0,0,80,0,192,1024,192,256,0,81,-125,0,0,100,0,1008,192,32,48,0,82,-92,0,0,100,0,144,112,32,16,0,64,-174,0,0,100,0,400,48,16,64,0,71,-142,0,0,100,0,1104,336,48,48,0,76,-116,0,0,100,0,144,128,48,16,0,32,-132,0,1,100,0,384,0,32,48,0,110,-204,0,1,100,0,256,0,32,48,0,101,-150,0,1,80,0,352,48,32,32,0,95,-152,0,0,100,0,144,0,48,32,0,93,-134,0,0,100,0,144,128,48,16,0,73,-214,0,1,80,0,144,32,16,16,0,90,-236,0,1,50,0,288,48,16,48,0,38,-216,0,1,50,0,320,48,16,48,0,24,-225,0,1,90,0,448,0,144,160,0,82,-187,0,1,100,0,416,48,16,64,0,61,-199,0,0,100,0,336,96,48,96,0,55,-147,0,0,20,0,592,48,112,80,0,23,-235,0,0,100,0,0,0,144,192,0,90,-236,0,1,60,0,288,48,16,48,0,38,-216,0,1,60,0,320,48,16,48,0,102,-216,0,0,80,0,224,48,64,32,0,112,-231,0,0,100,0,144,80,32,32,0,112,-237,0,1,80,0,176,80,32,48,0,79,-230,0,0,80,0,144,48,80,32,0,0,-256,0,0,80,0,0,1024,192,256,0,
0,26,0,-256,0,0,80,0,192,1024,192,256,0,79,-124,0,0,100,0,1040,192,32,48,0,80,-91,0,0,100,0,144,112,32,16,0,64,-174,0,0,100,0,400,48,16,64,0,71,-144,0,0,100,0,1008,240,48,48,0,70,-116,0,0,100,0,144,128,48,16,0,32,-132,0,1,100,0,416,0,32,48,0,110,-204,0,1,100,0,288,0,32,48,0,101,-150,0,1,90,0,352,48,32,32,0,95,-152,0,0,100,0,144,0,48,32,0,93,-134,0,0,100,0,144,128,48,16,0,73,-214,0,1,90,0,144,32,16,16,0,90,-236,0,1,50,0,304,48,16,48,0,38,-216,0,1,50,0,336,48,16,48,0,24,-225,0,1,100,0,448,0,144,160,0,82,-187,0,1,100,0,416,48,16,64,0,61,-199,0,0,100,0,336,96,48,96,0,55,-147,0,0,20,0,592,48,112,80,0,23,-235,0,0,100,0,0,0,144,192,0,90,-236,0,1,60,0,304,48,16,48,0,38,-216,0,1,60,0,336,48,16,48,0,102,-216,0,0,80,0,224,48,64,32,0,112,-231,0,0,100,0,144,80,32,32,0,112,-237,0,1,90,0,176,80,32,48,0,79,-230,0,0,80,0,144,48,80,32,0,0,-256,0,0,80,0,0,1024,192,256,0,
0,26,0,-256,0,0,80,0,192,1024,192,256,0,77,-123,0,0,100,0,944,192,32,48,0,78,-90,0,0,100,0,144,112,32,16,0,64,-174,0,0,100,0,400,48,16,64,0,68,-149,0,0,100,0,528,240,48,48,0,69,-117,0,0,100,0,144,128,48,16,0,32,-132,0,1,100,0,320,0,32,48,0,110,-204,0,1,100,0,192,0,32,48,0,101,-150,0,1,100,0,352,48,32,32,0,95,-152,0,0,100,0,144,0,48,32,0,93,-134,0,0,100,0,144,128,48,16,0,73,-214,0,1,100,0,144,32,16,16,0,90,-236,0,1,50,0,320,48,16,48,0,38,-216,0,1,50,0,288,48,16,48,0,24,-225,0,1,90,0,448,0,144,160,0,82,-187,0,1,100,0,416,48,16,64,0,61,-199,0,0,100,0,336,96,48,96,0,55,-147,0,0,20,0,592,48,112,80,0,23,-235,0,0,100,0,0,0,144,192,0,90,-236,0,1,60,0,320,48,16,48,0,38,-216,0,1,60,0,288,48,16,48,0,103,-216,0,0,80,0,224,48,64,32,0,112,-231,0,0,100,0,144,80,32,32,0,112,-237,0,1,100,0,176,80,32,48,0,78,-230,0,0,80,0,144,48,80,32,0,0,-256,0,0,80,0,0,1024,192,256,0,
0,26,0,-256,0,0,80,0,192,1024,192,256,0,75,-122,0,0,100,0,976,192,32,48,0,76,-89,0,0,100,0,144,112,32,16,0,64,-174,0,0,100,0,400,48,16,64,0,65,-156,0,0,100,0,384,240,48,48,0,66,-124,0,0,100,0,144,128,48,16,0,32,-132,0,1,100,0,352,0,32,48,0,110,-204,0,1,100,0,224,0,32,48,0,101,-150,0,1,90,0,352,48,32,32,0,95,-152,0,0,100,0,144,0,48,32,0,93,-134,0,0,100,0,144,128,48,16,0,73,-214,0,1,90,0,144,32,16,16,0,90,-236,0,1,50,0,336,48,16,48,0,38,-216,0,1,50,0,304,48,16,48,0,24,-225,0,1,100,0,448,0,144,160,0,82,-187,0,1,100,0,416,48,16,64,0,61,-199,0,0,100,0,336,96,48,96,0,55,-147,0,0,20,0,592,48,112,80,0,23,-235,0,0,100,0,0,0,144,192,0,90,-236,0,1,60,0,336,48,16,48,0,38,-216,0,1,60,0,304,48,16,48,0,103,-216,0,0,80,0,224,48,64,32,0,112,-231,0,0,100,0,144,80,32,32,0,112,-237,0,1,90,0,176,80,32,48,0,78,-230,0,0,80,0,144,48,80,32,0,0,-256,0,0,80,0,0,1024,192,256,0,
0,26,0,-256,0,0,80,0,192,1024,192,256,0,73,-121,0,0,100,0,1008,192,32,48,0,74,-88,0,0,100,0,144,112,32,16,0,64,-174,0,0,100,0,400,48,16,64,0,62,-160,0,0,100,0,432,240,48,48,0,62,-128,0,0,100,0,144,128,48,16,0,32,-132,0,1,100,0,384,0,32,48,0,110,-204,0,1,100,0,256,0,32,48,0,101,-150,0,1,80,0,352,48,32,32,0,95,-152,0,0,100,0,144,0,48,32,0,93,-134,0,0,100,0,144,128,48,16,0,73,-214,0,1,80,0,144,32,16,16,0,90,-236,0,1,50,0,288,48,16,48,0,38,-216,0,1,50,0,320,48,16,48,0,24,-225,0,1,90,0,448,0,144,160,0,82,-187,0,1,100,0,416,48,16,64,0,61,-199,0,0,100,0,336,96,48,96,0,55,-147,0,0,20,0,592,48,112,80,0,23,-235,0,0,100,0,0,0,144,192,0,90,-236,0,1,60,0,288,48,16,48,0,38,-216,0,1,60,0,320,48,16,48,0,102,-216,0,0,80,0,224,48,64,32,0,112,-231,0,0,100,0,144,80,32,32,0,112,-237,0,1,80,0,176,80,32,48,0,77,-230,0,0,80,0,144,48,80,32,0,0,-256,0,0,80,0,0,1024,192,256,0,
0,27,0,-256,0,0,80,0,192,1024,192,256,0,71,-120,0,0,100,0,1040,192,32,48,0,72,-87,0,0,100,0,144,112,32,16,0,64,-174,0,0,100,0,400,48,16,64,0,32,-132,0,1,100,0,416,0,32,48,0,110,-204,0,1,100,0,288,0,32,48,0,101,-150,0,1,90,0,352,48,32,32,0,95,-152,0,0,100,0,144,0,48,32,0,93,-134,0,0,100,0,144,128,48,16,0,73,-214,0,1,90,0,144,32,16,16,0,90,-236,0,1,50,0,304,48,16,48,0,38,-216,0,1,50,0,336,48,16,48,0,24,-225,0,1,100,0,448,0,144,160,0,28,-177,0,0,100,0,384,112,48,80,0,53,-164,0,0,100,0,480,240,48,48,0,54,-132,0,0,100,0,144,128,48,16,0,82,-187,0,1,100,0,416,48,16,64,0,61,-199,0,0,100,0,336,96,48,96,0,55,-147,0,0,20,0,592,48,112,80,0,23,-235,0,0,100,0,0,0,144,192,0,90,-236,0,1,60,0,304,48,16,48,0,38,-216,0,1,60,0,336,48,16,48,0,102,-216,0,0,80,0,224,48,64,32,0,112,-231,0,0,100,0,144,80,32,32,0,112,-237,0,1,70,0,176,80,32,48,0,77,-230,0,0,80,0,144,48,80,32,0,0,-256,0,0,80,0,0,1024,192,256,0,
0,27,0,-256,0,0,80,0,192,1024,192,256,0,69,-119,0,0,80,0,944,192,32,48,0,70,-86,0,0,80,0,144,112,32,16,0,64,-174,0,0,100,0,400,48,16,64,0,32,-132,0,1,100,0,320,0,32,48,0,110,-204,0,1,100,0,192,0,32,48,0,101,-150,0,1,100,0,352,48,32,32,0,95,-152,0,0,100,0,144,0,48,32,0,93,-134,0,0,100,0,144,128,48,16,0,73,-214,0,1,100,0,144,32,16,16,0,90,-236,0,1,50,0,320,48,16,48,0,38,-216,0,1,50,0,288,48,16,48,0,24,-225,0,1,90,0,448,0,144,160,0,28,-177,0,0,100,0,384,112,48,80,0,49,-166,0,0,100,0,528,240,48,48,0,48,-134,0,0,100,0,144,128,48,16,0,82,-187,0,1,100,0,416,48,16,64,0,61,-199,0,0,100,0,336,96,48,96,0,55,-147,0,0,20,0,592,48,112,80,0,23,-235,0,0,100,0,0,0,144,192,0,90,-236,0,1,60,0,320,48,16,48,0,38,-216,0,1,60,0,288,48,16,48,0,101,-216,0,0,80,0,224,48,64,32,0,112,-231,0,0,100,0,144,80,32,32,0,112,-237,0,1,60,0,176,80,32,48,0,78,-230,0,0,80,0,144,48,80,32,0,0,-256,0,0,80,0,0,1024,192,256,0,
0,22,0,-256,0,0,80,0,192,1024,192,256,0,67,-118,0,0,60,0,976,192,32,48,0,68,-85,0,0,60,0,144,112,32,16,0,32,-132,0,1,100,0,352,0,32,48,0,110,-204,0,1,100,0,224,0,32,48,0,101,-150,0,1,90,0,352,48,32,32,0,95,-152,0,0,100,0,144,0,48,32,0,93,-134,0,0,100,0,144,128,48,16,0,73,-214,0,1,90,0,144,32,16,16,0,90,-236,0,1,50,0,336,48,16,48,0,38,-216,0,1,50,0,304,48,16,48,0,24,-225,0,1,100,0,448,0,144,160,0,61,-199,0,0,100,0,304,96,32,96,0,55,-147,0,0,20,0,592,48,112,80,0,23,-235,0,0,100,0,0,0,144,192,0,90,-236,0,1,60,0,336,48,16,48,0,38,-216,0,1,60,0,304,48,16,48,0,101,-216,0,0,80,0,224,48,64,32,0,112,-231,0,0,100,0,144,80,32,32,0,112,-237,0,1,70,0,176,80,32,48,0,78,-230,0,0,80,0,144,48,80,32,0,0,-256,0,0,80,0,0,1024,192,256,0,
0,22,0,-256,0,0,80,0,192,1024,192,256,0,65,-117,0,0,40,0,1008,192,32,48,0,66,-84,0,0,40,0,144,112,32,16,0,32,-132,0,1,100,0,384,0,32,48,0,110,-204,0,1,100,0,256,0,32,48,0,101,-150,0,1,80,0,352,48,32,32,0,95,-152,0,0,100,0,144,0,48,32,0,93,-134,0,0,100,0,144,128,48,16,0,73,-214,0,1,80,0,144,32,16,16,0,90,-236,0,1,50,0,288,48,16,48,0,38,-216,0,1,50,0,320,48,16,48,0,24,-225,0,1,90,0,448,0,144,160,0,61,-199,0,0,100,0,272,96,32,80,0,55,-147,0,0,20,0,592,48,112,80,0,23,-235,0,0,100,0,0,0,144,192,0,90,-236,0,1,60,0,288,48,16,48,0,38,-216,0,1,60,0,320,48,16,48,0,102,-216,0,0,80,0,224,48,64,32,0,112,-231,0,0,100,0,144,80,32,32,0,112,-237,0,1,80,0,176,80,32,48,0,79,-230,0,0,80,0,144,48,80,32,0,0,-256,0,0,80,0,0,1024,192,256,0,
0,22,0,-256,0,0,80,0,192,1024,192,256,0,63,-116,0,0,20,0,1040,192,32,48,0,64,-83,0,0,20,0,144,112,32,16,0,32,-132,0,1,100,0,416,0,32,48,0,110,-204,0,1,100,0,288,0,32,48,0,101,-150,0,1,90,0,352,48,32,32,0,95,-152,0,0,100,0,144,0,48,32,0,93,-134,0,0,100,0,144,128,48,16,0,73,-214,0,1,90,0,144,32,16,16,0,90,-236,0,1,50,0,304,48,16,48,0,38,-216,0,1,50,0,336,48,16,48,0,24,-225,0,1,100,0,448,0,144,160,0,61,-199,0,0,100,0,240,96,32,80,0,55,-147,0,0,20,0,592,48,112,80,0,23,-235,0,0,100,0,0,0,144,192,0,90,-236,0,1,60,0,304,48,16,48,0,38,-216,0,1,60,0,336,48,16,48,0,102,-216,0,0,80,0,224,48,64,32,0,112,-231,0,0,100,0,144,80,32,32,0,112,-237,0,1,90,0,176,80,32,48,0,79,-230,0,0,80,0,144,48,80,32,0,0,-256,0,0,80,0,0,1024,192,256,0,
0,20,0,-256,0,0,80,0,192,1024,192,256,0,32,-132,0,1,100,0,320,0,32,48,0,110,-204,0,1,100,0,192,0,32,48,0,101,-150,0,1,100,0,352,48,32,32,0,95,-152,0,0,100,0,144,0,48,32,0,93,-134,0,0,100,0,144,128,48,16,0,73,-214,0,1,100,0,144,32,16,16,0,90,-236,0,1,50,0,320,48,16,48,0,38,-216,0,1,50,0,288,48,16,48,0,24,-225,0,1,90,0,448,0,144,160,0,61,-199,0,0,100,0,240,96,32,80,0,55,-147,0,0,20,0,592,48,112,80,0,23,-235,0,0,100,0,0,0,144,192,0,90,-236,0,1,60,0,320,48,16,48,0,38,-216,0,1,60,0,288,48,16,48,0,103,-216,0,0,80,0,224,48,64,32,0,112,-231,0,0,100,0,144,80,32,32,0,112,-237,0,1,100,0,176,80,32,48,0,78,-230,0,0,80,0,144,48,80,32,0,0,-256,0,0,80,0,0,1024,192,256,0,
0,20,0,-256,0,0,80,0,192,1024,192,256,0,32,-132,0,1,100,0,352,0,32,48,0,110,-204,0,1,100,0,224,0,32,48,0,101,-150,0,1,90,0,352,48,32,32,0,95,-152,0,0,100,0,144,0,48,32,0,93,-134,0,0,100,0,144,128,48,16,0,73,-214,0,1,90,0,144,32,16,16,0,90,-236,0,1,50,0,336,48,16,48,0,38,-216,0,1,50,0,304,48,16,48,0,24,-225,0,1,100,0,448,0,144,160,0,61,-199,0,0,100,0,240,96,32,80,0,55,-147,0,0,20,0,592,48,112,80,0,23,-235,0,0,100,0,0,0,144,192,0,90,-236,0,1,60,0,336,48,16,48,0,38,-216,0,1,60,0,304,48,16,48,0,103,-216,0,0,80,0,224,48,64,32,0,112,-231,0,0,100,0,144,80,32,32,0,112,-237,0,1,90,0,176,80,32,48,0,78,-230,0,0,80,0,144,48,80,32,0,0,-256,0,0,80,0,0,1024,192,256,0,
0,20,0,-256,0,0,80,0,192,1024,192,256,0,32,-132,0,1,100,0,384,0,32,48,0,110,-204,0,1,100,0,256,0,32,48,0,101,-150,0,1,80,0,352,48,32,32,0,95,-152,0,0,100,0,144,0,48,32,0,93,-134,0,0,100,0,144,128,48,16,0,73,-214,0,1,80,0,144,32,16,16,0,90,-236,0,1,50,0,288,48,16,48,0,38,-216,0,1,50,0,320,48,16,48,0,24,-225,0,1,90,0,448,0,144,160,0,61,-199,0,0,100,0,240,96,32,80,0,55,-147,0,0,20,0,592,48,112,80,0,23,-235,0,0,100,0,0,0,144,192,0,90,-236,0,1,60,0,288,48,16,48,0,38,-216,0,1,60,0,320,48,16,48,0,102,-216,0,0,80,0,224,48,64,32,0,112,-231,0,0,100,0,144,80,32,32,0,112,-237,0,1,80,0,176,80,32,48,0,77,-230,0,0,80,0,144,48,80,32,0,0,-256,0,0,80,0,0,1024,192,256,0,
0,20,0,-256,0,0,80,0,192,1024,192,256,0,32,-132,0,1,100,0,416,0,32,48,0,110,-204,0,1,100,0,288,0,32,48,0,101,-150,0,1,90,0,352,48,32,32,0,95,-152,0,0,100,0,144,0,48,32,0,93,-134,0,0,100,0,144,128,48,16,0,73,-214,0,1,90,0,144,32,16,16,0,90,-236,0,1,50,0,304,48,16,48,0,38,-216,0,1,50,0,336,48,16,48,0,24,-225,0,1,100,0,448,0,144,160,0,61,-199,0,0,100,0,240,96,32,80,0,55,-147,0,0,20,0,592,48,112,80,0,23,-235,0,0,100,0,0,0,144,192,0,90,-236,0,1,60,0,304,48,16,48,0,38,-216,0,1,60,0,336,48,16,48,0,102,-216,0,0,80,0,224,48,64,32,0,112,-231,0,0,100,0,144,80,32,32,0,112,-237,0,1,70,0,176,80,32,48,0,77,-230,0,0,80,0,144,48,80,32,0,0,-256,0,0,80,0,0,1024,192,256,0,
0,20,0,-256,0,0,80,0,192,1024,192,256,0,32,-132,0,1,100,0,320,0,32,48,0,110,-204,0,1,100,0,192,0,32,48,0,101,-150,0,1,100,0,352,48,32,32,0,95,-152,0,0,100,0,144,0,48,32,0,93,-134,0,0,100,0,144,128,48,16,0,73,-214,0,1,100,0,144,32,16,16,0,90,-236,0,1,50,0,320,48,16,48,0,38,-216,0,1,50,0,288,48,16,48,0,24,-225,0,1,90,0,448,0,144,160,0,61,-199,0,0,100,0,240,96,32,80,0,55,-147,0,0,20,0,592,48,112,80,0,23,-235,0,0,100,0,0,0,144,192,0,90,-236,0,1,60,0,320,48,16,48,0,38,-216,0,1,60,0,288,48,16,48,0,101,-216,0,0,80,0,224,48,64,32,0,112,-231,0,0,100,0,144,80,32,32,0,112,-237,0,1,60,0,176,80,32,48,0,78,-230,0,0,80,0,144,48,80,32,0,0,-256,0,0,80,0,0,1024,192,256,0,
0,20,0,-256,0,0,80,0,192,1024,192,256,0,32,-132,0,1,100,0,352,0,32,48,0,110,-204,0,1,100,0,224,0,32,48,0,101,-150,0,1,90,0,352,48,32,32,0,95,-152,0,0,100,0,144,0,48,32,0,93,-134,0,0,100,0,144,128,48,16,0,73,-214,0,1,90,0,144,32,16,16,0,90,-236,0,1,50,0,336,48,16,48,0,38,-216,0,1,50,0,304,48,16,48,0,24,-225,0,1,100,0,448,0,144,160,0,61,-199,0,0,100,0,240,96,32,80,0,55,-147,0,0,20,0,592,48,112,80,0,23,-235,0,0,100,0,0,0,144,192,0,90,-236,0,1,60,0,336,48,16,48,0,38,-216,0,1,60,0,304,48,16,48,0,101,-216,0,0,80,0,224,48,64,32,0,112,-231,0,0,100,0,144,80,32,32,0,112,-237,0,1,70,0,176,80,32,48,0,78,-230,0,0,80,0,144,48,80,32,0,0,-256,0,0,80,0,0,1024,192,256,0,
0,20,0,-256,0,0,80,0,192,1024,192,256,0,32,-132,0,1,100,0,384,0,32,48,0,110,-204,0,1,100,0,256,0,32,48,0,101,-150,0,1,80,0,352,48,32,32,0,95,-152,0,0,100,0,144,0,48,32,0,93,-134,0,0,100,0,144,128,48,16,0,73,-214,0,1,80,0,144,32,16,16,0,90,-236,0,1,50,0,288,48,16,48,0,38,-216,0,1,50,0,320,48,16,48,0,24,-225,0,1,90,0,448,0,144,160,0,61,-199,0,0,100,0,240,96,32,80,0,55,-147,0,0,20,0,592,48,112,80,0,23,-235,0,0,100,0,0,0,144,192,0,90,-236,0,1,60,0,288,48,16,48,0,38,-216,0,1,60,0,320,48,16,48,0,102,-216,0,0,80,0,224,48,64,32,0,112,-231,0,0,100,0,144,80,32,32,0,112,-237,0,1,80,0,176,80,32,48,0,79,-230,0,0,80,0,144,48,80,32,0,0,-256,0,0,80,0,0,1024,192,256,0,
0,20,0,-256,0,0,80,0,192,1024,192,256,0,32,-132,0,1,100,0,416,0,32,48,0,110,-204,0,1,100,0,288,0,32,48,0,101,-150,0,1,90,0,352,48,32,32,0,95,-152,0,0,100,0,144,0,48,32,0,93,-134,0,0,100,0,144,128,48,16,0,73,-214,0,1,90,0,144,32,16,16,0,90,-236,0,1,50,0,304,48,16,48,0,38,-216,0,1,50,0,336,48,16,48,0,24,-225,0,1,100,0,448,0,144,160,0,61,-199,0,0,100,0,240,96,32,80,0,55,-147,0,0,20,0,592,48,112,80,0,23,-235,0,0,100,0,0,0,144,192,0,90,-236,0,1,60,0,304,48,16,48,0,38,-216,0,1,60,0,336,48,16,48,0,102,-216,0,0,80,0,224,48,64,32,0,112,-231,0,0,100,0,144,80,32,32,0,112,-237,0,1,90,0,176,80,32,48,0,79,-230,0,0,80,0,144,48,80,32,0,0,-256,0,0,80,0,0,1024,192,256,0,
