0,31,77,-184,0,1,20,0,448,40,56,64,0,32,-216,0,1,20,0,128,632,128,152,0,93,-114,0,0,100,0,0,376,48,32,0,93,-114,0,0,90,0,0,408,48,32,0,78,-102,0,0,100,0,0,248,32,32,0,78,-102,0,0,90,0,0,280,32,32,0,70,-134,0,0,100,0,560,0,48,48,0,78,-105,0,0,90,0,440,176,32,16,0,57,-131,0,0,100,0,256,248,32,32,0,57,-131,0,0,90,0,256,280,32,32,0,108,-100,0,0,100,0,536,88,16,16,0,105,-115,0,0,100,0,536,72,16,16,0,87,-95,0,0,100,0,520,72,16,16,0,64,-113,0,0,100,0,504,88,32,32,0,56,-109,0,0,100,0,504,72,16,16,0,51,-192,0,0,100,0,536,40,16,32,0,79,-196,0,0,100,0,504,40,32,32,0,32,-216,0,0,30,0,256,0,128,152,0,126,-134,0,0,100,0,472,104,32,32,0,112,-147,0,0,100,0,440,136,32,40,0,32,-184,0,0,100,0,384,104,56,88,0,80,-184,0,0,100,0,440,104,32,32,0,72,-168,0,0,100,0,384,40,64,64,0,32,-216,0,0,30,0,128,0,128,152,0,32,-216,0,1,20,0,0,632,128,152,0,32,-216,0,1,60,0,384,480,128,152,0,32,-216,0,0,30,0,384,480,128,152,0,32,-216,0,0,100,0,0,0,128,152,0,120,-176,0,0,100,0,384,0,40,40,0,32,-138,0,0,100,0,0,152,128,96,0,0,-256,0,0,100,0,617,484,192,256,0,
0,31,77,-184,0,1,20,0,448,40,56,64,0,32,-216,0,1,20,0,128,632,128,152,0,93,-114,0,0,100,0,0,376,48,32,0,93,-114,0,0,90,0,0,408,48,32,0,78,-102,0,0,100,0,0,248,32,32,0,78,-102,0,0,90,0,0,280,32,32,0,70,-134,0,0,100,0,608,0,48,48,0,78,-105,0,0,90,0,440,176,32,16,0,57,-131,0,0,100,0,256,248,32,32,0,57,-131,0,0,90,0,256,280,32,32,0,108,-100,0,0,100,0,536,88,16,16,0,105,-115,0,0,100,0,536,72,16,16,0,87,-95,0,0,100,0,520,72,16,16,0,64,-113,0,0,100,0,504,88,32,32,0,56,-109,0,0,100,0,504,72,16,16,0,51,-192,0,0,100,0,536,40,16,32,0,79,-196,0,0,100,0,504,40,32,32,0,32,-216,0,0,30,0,256,0,128,152,0,126,-134,0,0,100,0,472,104,32,32,0,112,-147,0,0,100,0,440,136,32,40,0,32,-184,0,0,100,0,384,104,56,88,0,80,-184,0,0,100,0,440,104,32,32,0,72,-168,0,0,100,0,384,40,64,64,0,32,-216,0,0,30,0,128,0,128,152,0,32,-216,0,1,20,0,0,632,128,152,0,32,-216,0,1,60,0,384,480,128,152,0,32,-216,0,0,30,0,384,480,128,152,0,32,-216,0,0,100,0,0,0,128,152,0,120,-176,0,0,100,0,424,0,40,40,0,32,-138,0,0,100,0,0,152,128,96,0,0,-256,0,0,100,0,617,484,192,256,0,
0,31,77,-184,0,1,15,0,448,40,56,64,0,32,-216,0,1,15,0,128,632,128,152,0,93,-114,0,0,100,0,0,376,48,32,0,93,-114,0,0,90,0,0,408,48,32,0,78,-102,0,0,100,0,0,248,32,32,0,78,-102,0,0,90,0,0,280,32,32,0,70,-134,0,0,100,0,656,0,48,48,0,78,-105,0,0,90,0,440,176,32,16,0,57,-131,0,0,100,0,256,248,32,32,0,57,-131,0,0,90,0,256,280,32,32,0,108,-100,0,0,100,0,536,88,16,16,0,105,-115,0,0,100,0,536,72,16,16,0,87,-95,0,0,100,0,520,72,16,16,0,64,-113,0,0,100,0,504,88,32,32,0,56,-109,0,0,100,0,504,72,16,16,0,51,-192,0,0,100,0,536,40,16,32,0,79,-196,0,0,100,0,504,40,32,32,0,32,-216,0,0,27,0,256,632,128,152,0,126,-134,0,0,100,0,472,104,32,32,0,112,-147,0,0,100,0,440,136,32,40,0,32,-184,0,0,100,0,384,104,56,88,0,80,-184,0,0,100,0,440,104,32,32,0,72,-168,0,0,100,0,384,40,64,64,0,32,-216,0,0,30,0,128,0,128,152,0,32,-216,0,1,15,0,0,632,128,152,0,32,-216,0,1,60,0,384,480,128,152,0,32,-216,0,0,30,0,384,480,128,152,0,32,-216,0,0,100,0,0,0,128,152,0,120,-176,0,0,100,0,464,0,40,40,0,32,-138,0,0,100,0,0,152,128,96,0,0,-256,0,0,100,0,617,484,192,256,0,
0,31,77,-184,0,1,15,0,448,40,56,64,0,32,-216,0,1,15,0,128,632,128,152,0,93,-114,0,0,100,0,0,376,48,32,0,93,-114,0,0,90,0,0,408,48,32,0,78,-102,0,0,100,0,0,248,32,32,0,78,-102,0,0,100,0,0,280,32,32,0,70,-134,0,0,100,0,704,0,48,48,0,78,-105,0,0,90,0,440,176,32,16,0,57,-131,0,0,100,0,256,248,32,32,0,57,-131,0,0,90,0,256,280,32,32,0,108,-100,0,0,100,0,536,88,16,16,0,105,-115,0,0,100,0,536,72,16,16,0,87,-95,0,0,100,0,520,72,16,16,0,64,-113,0,0,100,0,504,88,32,32,0,56,-109,0,0,100,0,504,72,16,16,0,51,-192,0,0,100,0,536,40,16,32,0,79,-196,0,0,100,0,504,40,32,32,0,32,-216,0,0,27,0,256,632,128,152,0,126,-134,0,0,100,0,472,104,32,32,0,112,-147,0,0,100,0,440,136,32,40,0,32,-184,0,0,100,0,384,104,56,88,0,80,-184,0,0,100,0,440,104,32,32,0,72,-168,0,0,100,0,384,40,64,64,0,32,-216,0,0,30,0,128,0,128,152,0,32,-216,0,1,15,0,0,632,128,152,0,32,-216,0,1,60,0,384,480,128,152,0,32,-216,0,0,30,0,384,480,128,152,0,32,-216,0,0,100,0,0,0,128,152,0,120,-176,0,0,100,0,504,0,40,40,0,32,-138,0,0,100,0,0,152,128,96,0,0,-256,0,0,100,0,617,484,192,256,0,
0,31,77,-184,0,1,10,0,448,40,56,64,0,32,-216,0,1,10,0,128,632,128,152,0,93,-114,0,0,100,0,0,376,48,32,0,93,-114,0,0,90,0,0,408,48,32,0,78,-102,0,0,100,0,0,248,32,32,0,78,-102,0,0,100,0,0,280,32,32,0,69,-134,0,0,100,0,560,48,48,48,0,78,-104,0,0,90,0,440,176,32,16,0,57,-131,0,0,100,0,256,248,32,32,0,57,-131,0,0,90,0,256,280,32,32,0,108,-100,0,0,100,0,536,88,16,16,0,105,-115,0,0,100,0,536,72,16,16,0,87,-95,0,0,100,0,520,72,16,16,0,64,-113,0,0,100,0,504,88,32,32,0,56,-109,0,0,100,0,504,72,16,16,0,51,-192,0,0,100,0,536,40,16,32,0,79,-196,0,0,100,0,504,40,32,32,0,32,-216,0,0,25,0,384,632,128,152,0,126,-134,0,0,100,0,472,104,32,32,0,112,-147,0,0,100,0,440,136,32,40,0,32,-184,0,0,100,0,384,104,56,88,0,80,-184,0,0,100,0,440,104,32,32,0,72,-168,0,0,100,0,384,40,64,64,0,32,-216,0,0,30,0,128,0,128,152,0,32,-216,0,1,10,0,0,632,128,152,0,32,-216,0,1,60,0,384,480,128,152,0,32,-216,0,0,30,0,384,480,128,152,0,32,-216,0,0,100,0,0,0,128,152,0,120,-176,0,0,100,0,384,0,40,40,0,32,-138,0,0,100,0,0,152,128,96,0,0,-256,0,0,100,0,617,484,192,256,0,
0,31,77,-184,0,1,10,0,448,40,56,64,0,32,-216,0,1,10,0,128,632,128,152,0,82,-104,0,0,100,0,32,248,32,32,0,82,-104,0,0,100,0,32,280,32,32,0,93,-114,0,0,100,0,0,376,48,32,0,93,-114,0,0,90,0,0,408,48,32,0,66,-131,0,0,100,0,608,48,48,48,0,77,-100,0,0,90,0,440,176,32,16,0,57,-131,0,0,100,0,256,248,32,32,0,57,-131,0,0,90,0,256,280,32,32,0,108,-100,0,0,100,0,536,88,16,16,0,105,-115,0,0,100,0,536,72,16,16,0,87,-95,0,0,100,0,520,72,16,16,0,64,-113,0,0,100,0,504,88,32,32,0,56,-109,0,0,100,0,504,72,16,16,0,51,-192,0,0,100,0,536,40,16,32,0,79,-196,0,0,100,0,504,40,32,32,0,32,-216,0,0,25,0,384,632,128,152,0,126,-134,0,0,100,0,472,104,32,32,0,112,-147,0,0,100,0,440,136,32,40,0,32,-184,0,0,100,0,384,104,56,88,0,80,-184,0,0,100,0,440,104,32,32,0,72,-168,0,0,100,0,384,40,64,64,0,32,-216,0,0,30,0,128,0,128,152,0,32,-216,0,1,10,0,0,632,128,152,0,32,-216,0,1,60,0,384,480,128,152,0,32,-216,0,0,30,0,384,480,128,152,0,32,-216,0,0,100,0,0,0,128,152,0,120,-176,0,0,100,0,424,0,40,40,0,32,-138,0,0,100,0,0,152,128,96,0,0,-256,0,0,100,0,617,484,192,256,0,
0,31,77,-184,0,1,15,0,448,40,56,64,0,32,-216,0,1,15,0,128,632,128,152,0,85,-113,0,0,100,0,64,248,32,32,0,85,-113,0,0,90,0,64,280,32,32,0,93,-114,0,0,100,0,0,376,48,32,0,93,-114,0,0,90,0,0,408,48,32,0,71,-134,0,0,100,0,656,48,48,48,0,78,-105,0,0,90,0,440,176,32,16,0,57,-131,0,0,100,0,256,248,32,32,0,57,-131,0,0,90,0,256,280,32,32,0,108,-100,0,0,100,0,536,88,16,16,0,105,-115,0,0,100,0,536,72,16,16,0,87,-95,0,0,100,0,520,72,16,16,0,64,-113,0,0,100,0,504,88,32,32,0,56,-109,0,0,100,0,504,72,16,16,0,51,-192,0,0,100,0,536,40,16,32,0,79,-196,0,0,100,0,504,40,32,32,0,32,-216,0,0,27,0,256,632,128,152,0,126,-134,0,0,100,0,472,104,32,32,0,112,-147,0,0,100,0,440,136,32,40,0,32,-184,0,0,100,0,384,104,56,88,0,80,-184,0,0,100,0,440,104,32,32,0,72,-168,0,0,100,0,384,40,64,64,0,32,-216,0,0,30,0,128,0,128,152,0,32,-216,0,1,15,0,0,632,128,152,0,32,-216,0,1,60,0,384,480,128,152,0,32,-216,0,0,30,0,384,480,128,152,0,32,-216,0,0,100,0,0,0,128,152,0,120,-176,0,0,100,0,464,0,40,40,0,32,-138,0,0,100,0,0,152,128,96,0,0,-256,0,0,100,0,617,484,192,256,0,
0,32,77,-184,0,1,15,0,448,40,56,64,0,32,-216,0,1,15,0,128,632,128,152,0,78,-120,0,0,100,0,208,200,16,16,0,80,-116,0,0,100,0,96,248,32,32,0,80,-116,0,0,90,0,96,280,32,32,0,93,-114,0,0,100,0,0,376,48,32,0,93,-114,0,0,90,0,0,408,48,32,0,70,-134,0,0,100,0,704,48,48,48,0,78,-105,0,0,90,0,440,176,32,16,0,57,-131,0,0,100,0,256,248,32,32,0,57,-131,0,0,90,0,256,280,32,32,0,108,-100,0,0,100,0,536,88,16,16,0,105,-115,0,0,100,0,536,72,16,16,0,87,-95,0,0,100,0,520,72,16,16,0,64,-113,0,0,100,0,504,88,32,32,0,56,-109,0,0,100,0,504,72,16,16,0,51,-192,0,0,100,0,536,40,16,32,0,79,-196,0,0,100,0,504,40,32,32,0,32,-216,0,0,27,0,256,632,128,152,0,126,-134,0,0,100,0,472,104,32,32,0,112,-147,0,0,100,0,440,136,32,40,0,32,-184,0,0,100,0,384,104,56,88,0,80,-184,0,0,100,0,440,104,32,32,0,72,-168,0,0,100,0,384,40,64,64,0,32,-216,0,0,30,0,128,0,128,152,0,32,-216,0,1,15,0,0,632,128,152,0,32,-216,0,1,60,0,384,480,128,152,0,32,-216,0,0,30,0,384,480,128,152,0,32,-216,0,0,100,0,0,0,128,152,0,120,-176,0,0,100,0,504,0,40,40,0,32,-138,0,0,100,0,0,152,128,96,0,0,-256,0,0,100,0,617,484,192,256,0,
0,32,77,-184,0,1,20,0,448,40,56,64,0,32,-216,0,1,20,0,128,632,128,152,0,79,-122,0,0,100,0,224,200,16,16,0,80,-117,0,0,100,0,128,248,32,32,0,80,-117,0,0,100,0,128,280,32,32,0,93,-114,0,0,100,0,0,376,48,32,0,93,-114,0,0,90,0,0,408,48,32,0,70,-134,0,0,100,0,752,48,48,48,0,79,-105,0,0,90,0,440,176,32,16,0,57,-131,0,0,100,0,256,248,32,32,0,57,-131,0,0,90,0,256,280,32,32,0,108,-100,0,0,100,0,536,88,16,16,0,105,-115,0,0,100,0,536,72,16,16,0,87,-95,0,0,100,0,520,72,16,16,0,64,-113,0,0,100,0,504,88,32,32,0,56,-109,0,0,100,0,504,72,16,16,0,51,-192,0,0,100,0,536,40,16,32,0,79,-196,0,0,100,0,504,40,32,32,0,32,-216,0,0,30,0,256,0,128,152,0,126,-134,0,0,100,0,472,104,32,32,0,112,-147,0,0,100,0,440,136,32,40,0,32,-184,0,0,100,0,384,104,56,88,0,80,-184,0,0,100,0,440,104,32,32,0,72,-168,0,0,100,0,384,40,64,64,0,32,-216,0,0,30,0,128,0,128,152,0,32,-216,0,1,20,0,0,632,128,152,0,32,-216,0,1,60,0,384,480,128,152,0,32,-216,0,0,30,0,384,480,128,152,0,32,-216,0,0,100,0,0,0,128,152,0,120,-176,0,0,100,0,384,0,40,40,0,32,-138,0,0,100,0,0,152,128,96,0,0,-256,0,0,100,0,617,484,192,256,0,
0,32,77,-184,0,1,20,0,448,40,56,64,0,32,-216,0,1,20,0,128,632,128,152,0,79,-122,0,0,100,0,240,200,16,16,0,80,-117,0,0,100,0,128,248,32,32,0,80,-117,0,0,100,0,128,280,32,32,0,93,-114,0,0,100,0,0,376,48,32,0,93,-114,0,0,90,0,0,408,48,32,0,70,-134,0,0,100,0,752,48,48,48,0,79,-105,0,0,90,0,440,176,32,16,0,57,-131,0,0,100,0,256,248,32,32,0,57,-131,0,0,90,0,256,280,32,32,0,108,-100,0,0,100,0,536,88,16,16,0,105,-115,0,0,100,0,536,72,16,16,0,87,-95,0,0,100,0,520,72,16,16,0,64,-113,0,0,100,0,504,88,32,32,0,56,-109,0,0,100,0,504,72,16,16,0,51,-192,0,0,100,0,536,40,16,32,0,79,-196,0,0,100,0,504,40,32,32,0,32,-216,0,0,30,0,256,0,128,152,0,126,-134,0,0,100,0,472,104,32,32,0,112,-147,0,0,100,0,440,136,32,40,0,32,-184,0,0,100,0,384,104,56,88,0,80,-184,0,0,100,0,440,104,32,32,0,72,-168,0,0,100,0,384,40,64,64,0,32,-216,0,0,30,0,128,0,128,152,0,32,-216,0,1,20,0,0,632,128,152,0,32,-216,0,1,60,0,384,480,128,152,0,32,-216,0,0,30,0,384,480,128,152,0,32,-216,0,0,100,0,0,0,128,152,0,120,-176,0,0,100,0,424,0,40,40,0,32,-138,0,0,100,0,0,152,128,96,0,0,-256,0,0,100,0,617,484,192,256,0,
0,31,77,-184,0,1,15,0,448,40,56,64,0,32,-216,0,1,15,0,128,632,128,152,0,80,-117,0,0,100,0,128,248,32,32,0,80,-117,0,0,100,0,128,280,32,32,0,93,-114,0,0,100,0,0,376,48,32,0,93,-114,0,0,90,0,0,408,48,32,0,70,-134,0,0,100,0,752,48,48,48,0,79,-105,0,0,90,0,440,176,32,16,0,57,-131,0,0,100,0,256,248,32,32,0,57,-131,0,0,90,0,256,280,32,32,0,108,-100,0,0,100,0,536,88,16,16,0,105,-115,0,0,100,0,536,72,16,16,0,87,-95,0,0,100,0,520,72,16,16,0,64,-113,0,0,100,0,504,88,32,32,0,56,-109,0,0,100,0,504,72,16,16,0,51,-192,0,0,100,0,536,40,16,32,0,79,-196,0,0,100,0,504,40,32,32,0,32,-216,0,0,27,0,256,632,128,152,0,126,-134,0,0,100,0,472,104,32,32,0,112,-147,0,0,100,0,440,136,32,40,0,32,-184,0,0,100,0,384,104,56,88,0,80,-184,0,0,100,0,440,104,32,32,0,72,-168,0,0,100,0,384,40,64,64,0,32,-216,0,0,30,0,128,0,128,152,0,32,-216,0,1,15,0,0,632,128,152,0,32,-216,0,1,60,0,384,480,128,152,0,32,-216,0,0,30,0,384,480,128,152,0,32,-216,0,0,100,0,0,0,128,152,0,120,-176,0,0,100,0,464,0,40,40,0,32,-138,0,0,100,0,0,152,128,96,0,0,-256,0,0,100,0,617,484,192,256,0,
0,31,77,-184,0,1,15,0,448,40,56,64,0,32,-216,0,1,15,0,128,632,128,152,0,79,-114,0,0,100,0,160,248,32,32,0,79,-114,0,0,90,0,160,280,32,32,0,93,-114,0,0,100,0,0,376,48,32,0,93,-114,0,0,90,0,0,408,48,32,0,71,-134,0,0,100,0,800,48,48,48,0,78,-105,0,0,90,0,440,176,32,16,0,57,-131,0,0,100,0,256,248,32,32,0,57,-131,0,0,90,0,256,280,32,32,0,108,-100,0,0,100,0,536,88,16,16,0,105,-115,0,0,100,0,536,72,16,16,0,87,-95,0,0,100,0,520,72,16,16,0,64,-113,0,0,100,0,504,88,32,32,0,56,-109,0,0,100,0,504,72,16,16,0,51,-192,0,0,100,0,536,40,16,32,0,79,-196,0,0,100,0,504,40,32,32,0,32,-216,0,0,27,0,256,632,128,152,0,126,-134,0,0,100,0,472,104,32,32,0,112,-147,0,0,100,0,440,136,32,40,0,32,-184,0,0,100,0,384,104,56,88,0,80,-184,0,0,100,0,440,104,32,32,0,72,-168,0,0,100,0,384,40,64,64,0,32,-216,0,0,30,0,128,0,128,152,0,32,-216,0,1,15,0,0,632,128,152,0,32,-216,0,1,60,0,384,480,128,152,0,32,-216,0,0,30,0,384,480,128,152,0,32,-216,0,0,100,0,0,0,128,152,0,120,-176,0,0,100,0,504,0,40,40,0,32,-138,0,0,100,0,0,152,128,96,0,0,-256,0,0,100,0,617,484,192,256,0,
0,31,77,-184,0,1,10,0,448,40,56,64,0,32,-216,0,1,10,0,128,632,128,152,0,79,-114,0,0,100,0,192,248,32,32,0,79,-114,0,0,90,0,192,280,32,32,0,93,-114,0,0,100,0,0,376,48,32,0,93,-114,0,0,90,0,0,408,48,32,0,71,-134,0,0,100,0,848,48,48,48,0,78,-105,0,0,90,0,440,176,32,16,0,57,-131,0,0,100,0,256,248,32,32,0,57,-131,0,0,90,0,256,280,32,32,0,108,-100,0,0,100,0,536,88,16,16,0,105,-115,0,0,100,0,536,72,16,16,0,87,-95,0,0,100,0,520,72,16,16,0,64,-113,0,0,100,0,504,88,32,32,0,56,-109,0,0,100,0,504,72,16,16,0,51,-192,0,0,100,0,536,40,16,32,0,79,-196,0,0,100,0,504,40,32,32,0,32,-216,0,0,25,0,384,632,128,152,0,126,-134,0,0,100,0,472,104,32,32,0,112,-147,0,0,100,0,440,136,32,40,0,32,-184,0,0,100,0,384,104,56,88,0,80,-184,0,0,100,0,440,104,32,32,0,72,-168,0,0,100,0,384,40,64,64,0,32,-216,0,0,30,0,128,0,128,152,0,32,-216,0,1,10,0,0,632,128,152,0,32,-216,0,1,60,0,384,480,128,152,0,32,-216,0,0,30,0,384,480,128,152,0,32,-216,0,0,100,0,0,0,128,152,0,120,-176,0,0,100,0,384,0,40,40,0,32,-138,0,0,100,0,0,152,128,96,0,0,-256,0,0,100,0,617,484,192,256,0,
0,31,77,-184,0,1,20,0,448,40,56,64,0,32,-216,0,1,20,0,128,632,128,152,0,79,-114,0,0,100,0,224,248,32,32,0,79,-114,0,0,90,0,224,280,32,32,0,93,-114,0,0,100,0,0,376,48,32,0,93,-114,0,0,90,0,0,408,48,32,0,71,-134,0,0,100,0,896,48,48,48,0,78,-105,0,0,90,0,440,176,32,16,0,57,-131,0,0,100,0,256,248,32,32,0,57,-131,0,0,90,0,256,280,32,32,0,108,-100,0,0,100,0,536,88,16,16,0,105,-115,0,0,100,0,536,72,16,16,0,87,-95,0,0,100,0,520,72,16,16,0,64,-113,0,0,100,0,504,88,32,32,0,56,-109,0,0,100,0,504,72,16,16,0,51,-192,0,0,100,0,536,40,16,32,0,79,-196,0,0,100,0,504,40,32,32,0,32,-216,0,0,30,0,256,0,128,152,0,126,-134,0,0,100,0,472,104,32,32,0,112,-147,0,0,100,0,440,136,32,40,0,32,-184,0,0,100,0,384,104,56,88,0,80,-184,0,0,100,0,440,104,32,32,0,72,-168,0,0,100,0,384,40,64,64,0,32,-216,0,0,30,0,128,0,128,152,0,32,-216,0,1,20,0,0,632,128,152,0,32,-216,0,1,60,0,384,480,128,152,0,32,-216,0,0,30,0,384,480,128,152,0,32,-216,0,0,100,0,0,0,128,152,0,120,-176,0,0,100,0,424,0,40,40,0,32,-138,0,0,100,0,0,152,128,96,0,0,-256,0,0,100,0,617,484,192,256,0,
0,31,77,-184,0,1,15,0,448,40,56,64,0,32,-216,0,1,15,0,128,632,128,152,0,80,-117,0,0,100,0,128,248,32,32,0,80,-117,0,0,100,0,128,280,32,32,0,93,-114,0,0,100,0,0,376,48,32,0,93,-114,0,0,90,0,0,408,48,32,0,71,-134,0,0,100,0,944,48,48,48,0,79,-105,0,0,90,0,440,176,32,16,0,57,-131,0,0,100,0,256,248,32,32,0,57,-131,0,0,90,0,256,280,32,32,0,108,-100,0,0,100,0,536,88,16,16,0,105,-115,0,0,100,0,536,72,16,16,0,87,-95,0,0,100,0,520,72,16,16,0,64,-113,0,0,100,0,504,88,32,32,0,56,-109,0,0,100,0,504,72,16,16,0,51,-192,0,0,100,0,536,40,16,32,0,79,-196,0,0,100,0,504,40,32,32,0,32,-216,0,0,27,0,256,632,128,152,0,126,-134,0,0,100,0,472,104,32,32,0,112,-147,0,0,100,0,440,136,32,40,0,32,-184,0,0,100,0,384,104,56,88,0,80,-184,0,0,100,0,440,104,32,32,0,72,-168,0,0,100,0,384,40,64,64,0,32,-216,0,0,30,0,128,0,128,152,0,32,-216,0,1,15,0,0,632,128,152,0,32,-216,0,1,60,0,384,480,128,152,0,32,-216,0,0,30,0,384,480,128,152,0,32,-216,0,0,100,0,0,0,128,152,0,120,-176,0,0,100,0,464,0,40,40,0,32,-138,0,0,100,0,0,152,128,96,0,0,-256,0,0,100,0,617,484,192,256,0,
0,31,77,-184,0,1,15,0,448,40,56,64,0,32,-216,0,1,15,0,128,632,128,152,0,72,-118,0,0,100,0,32,312,32,32,0,93,-114,0,0,100,0,0,376,48,32,0,93,-114,0,0,90,0,0,408,48,32,0,90,-139,0,0,100,0,384,192,32,32,0,70,-134,0,0,100,0,560,96,48,48,0,78,-105,0,0,90,0,440,176,32,16,0,57,-131,0,0,100,0,256,248,32,32,0,57,-131,0,0,90,0,256,280,32,32,0,108,-100,0,0,100,0,536,88,16,16,0,105,-115,0,0,100,0,536,72,16,16,0,87,-95,0,0,100,0,520,72,16,16,0,64,-113,0,0,100,0,504,88,32,32,0,56,-109,0,0,100,0,504,72,16,16,0,51,-192,0,0,100,0,536,40,16,32,0,79,-196,0,0,100,0,504,40,32,32,0,32,-216,0,0,27,0,256,632,128,152,0,126,-134,0,0,100,0,472,104,32,32,0,112,-147,0,0,100,0,440,136,32,40,0,32,-184,0,0,100,0,384,104,56,88,0,80,-184,0,0,100,0,440,104,32,32,0,72,-168,0,0,100,0,384,40,64,64,0,32,-216,0,0,30,0,128,0,128,152,0,32,-216,0,1,15,0,0,632,128,152,0,32,-216,0,1,60,0,384,480,128,152,0,32,-216,0,0,30,0,384,480,128,152,0,32,-216,0,0,100,0,0,0,128,152,0,120,-176,0,0,100,0,504,0,40,40,0,32,-138,0,0,100,0,0,152,128,96,0,0,-256,0,0,100,0,617,484,192,256,0,
0,31,77,-184,0,1,20,0,448,40,56,64,0,32,-216,0,1,20,0,128,632,128,152,0,75,-119,0,0,100,0,64,312,32,32,0,93,-114,0,0,100,0,0,376,48,32,0,93,-114,0,0,90,0,0,408,48,32,0,90,-139,0,0,100,0,384,192,32,32,0,70,-134,0,0,100,0,608,96,48,48,0,79,-105,0,0,90,0,440,176,32,16,0,57,-131,0,0,100,0,256,248,32,32,0,57,-131,0,0,90,0,256,280,32,32,0,108,-100,0,0,100,0,536,88,16,16,0,105,-115,0,0,100,0,536,72,16,16,0,87,-95,0,0,100,0,520,72,16,16,0,64,-113,0,0,100,0,504,88,32,32,0,56,-109,0,0,100,0,504,72,16,16,0,51,-192,0,0,100,0,536,40,16,32,0,79,-196,0,0,100,0,504,40,32,32,0,32,-216,0,0,30,0,256,0,128,152,0,126,-134,0,0,100,0,472,104,32,32,0,112,-147,0,0,100,0,440,136,32,40,0,32,-184,0,0,100,0,384,104,56,88,0,80,-184,0,0,100,0,440,104,32,32,0,72,-168,0,0,100,0,384,40,64,64,0,32,-216,0,0,30,0,128,0,128,152,0,32,-216,0,1,20,0,0,632,128,152,0,32,-216,0,1,60,0,384,480,128,152,0,32,-216,0,0,30,0,384,480,128,152,0,32,-216,0,0,100,0,0,0,128,152,0,120,-176,0,0,100,0,384,0,40,40,0,32,-138,0,0,100,0,0,152,128,96,0,0,-256,0,0,100,0,617,484,192,256,0,
0,31,77,-184,0,1,20,0,448,40,56,64,0,32,-216,0,1,20,0,128,632,128,152,0,75,-119,0,0,100,0,96,312,32,32,0,93,-114,0,0,100,0,0,376,48,32,0,93,-114,0,0,90,0,0,408,48,32,0,99,-127,0,0,100,0,384,224,16,16,0,70,-134,0,0,100,0,656,96,48,48,0,79,-105,0,0,90,0,440,176,32,16,0,57,-131,0,0,100,0,256,248,32,32,0,57,-131,0,0,90,0,256,280,32,32,0,108,-100,0,0,100,0,536,88,16,16,0,105,-115,0,0,100,0,536,72,16,16,0,87,-95,0,0,100,0,520,72,16,16,0,64,-113,0,0,100,0,504,88,32,32,0,56,-109,0,0,100,0,504,72,16,16,0,51,-192,0,0,100,0,536,40,16,32,0,79,-196,0,0,100,0,504,40,32,32,0,32,-216,0,0,30,0,256,0,128,152,0,126,-134,0,0,100,0,472,104,32,32,0,112,-147,0,0,100,0,440,136,32,40,0,32,-184,0,0,100,0,384,104,56,88,0,80,-184,0,0,100,0,440,104,32,32,0,72,-168,0,0,100,0,384,40,64,64,0,32,-216,0,0,30,0,128,0,128,152,0,32,-216,0,1,20,0,0,632,128,152,0,32,-216,0,1,60,0,384,480,128,152,0,32,-216,0,0,30,0,384,480,128,152,0,32,-216,0,0,100,0,0,0,128,152,0,120,-176,0,0,100,0,424,0,40,40,0,32,-138,0,0,100,0,0,152,128,96,0,0,-256,0,0,100,0,617,484,192,256,0,
0,32,77,-184,0,1,15,0,448,40,56,64,0,32,-216,0,1,15,0,128,632,128,152,0,75,-115,0,0,100,0,128,312,32,32,0,75,-115,0,0,90,0,128,344,32,32,0,93,-114,0,0,100,0,0,376,48,32,0,93,-114,0,0,90,0,0,408,48,32,0,90,-139,0,0,100,0,480,192,32,32,0,70,-134,0,0,100,0,704,96,48,48,0,78,-105,0,0,90,0,440,176,32,16,0,57,-131,0,0,100,0,256,248,32,32,0,57,-131,0,0,90,0,256,280,32,32,0,108,-100,0,0,100,0,536,88,16,16,0,105,-115,0,0,100,0,536,72,16,16,0,87,-95,0,0,100,0,520,72,16,16,0,64,-113,0,0,100,0,504,88,32,32,0,56,-109,0,0,100,0,504,72,16,16,0,51,-192,0,0,100,0,536,40,16,32,0,79,-196,0,0,100,0,504,40,32,32,0,32,-216,0,0,27,0,256,632,128,152,0,126,-134,0,0,100,0,472,104,32,32,0,112,-147,0,0,100,0,440,136,32,40,0,32,-184,0,0,100,0,384,104,56,88,0,80,-184,0,0,100,0,440,104,32,32,0,72,-168,0,0,100,0,384,40,64,64,0,32,-216,0,0,30,0,128,0,128,152,0,32,-216,0,1,15,0,0,632,128,152,0,32,-216,0,1,60,0,384,480,128,152,0,32,-216,0,0,30,0,384,480,128,152,0,32,-216,0,0,100,0,0,0,128,152,0,120,-176,0,0,100,0,464,0,40,40,0,32,-138,0,0,100,0,0,152,128,96,0,0,-256,0,0,100,0,617,484,192,256,0,
0,32,77,-184,0,1,15,0,448,40,56,64,0,32,-216,0,1,15,0,128,632,128,152,0,75,-115,0,0,100,0,128,312,32,32,0,75,-115,0,0,90,0,128,344,32,32,0,93,-114,0,0,100,0,0,376,48,32,0,93,-114,0,0,90,0,0,408,48,32,0,90,-139,0,0,100,0,512,192,32,32,0,70,-134,0,0,100,0,704,96,48,48,0,78,-105,0,0,90,0,440,176,32,16,0,57,-131,0,0,100,0,256,248,32,32,0,57,-131,0,0,90,0,256,280,32,32,0,108,-100,0,0,100,0,536,88,16,16,0,105,-115,0,0,100,0,536,72,16,16,0,87,-95,0,0,100,0,520,72,16,16,0,64,-113,0,0,100,0,504,88,32,32,0,56,-109,0,0,100,0,504,72,16,16,0,51,-192,0,0,100,0,536,40,16,32,0,79,-196,0,0,100,0,504,40,32,32,0,32,-216,0,0,27,0,256,632,128,152,0,126,-134,0,0,100,0,472,104,32,32,0,112,-147,0,0,100,0,440,136,32,40,0,32,-184,0,0,100,0,384,104,56,88,0,80,-184,0,0,100,0,440,104,32,32,0,72,-168,0,0,100,0,384,40,64,64,0,32,-216,0,0,30,0,128,0,128,152,0,32,-216,0,1,15,0,0,632,128,152,0,32,-216,0,1,60,0,384,480,128,152,0,32,-216,0,0,30,0,384,480,128,152,0,32,-216,0,0,100,0,0,0,128,152,0,120,-176,0,0,100,0,504,0,40,40,0,32,-138,0,0,100,0,0,152,128,96,0,0,-256,0,0,100,0,617,484,192,256,0,
0,31,77,-184,0,1,20,0,448,40,56,64,0,32,-216,0,1,20,0,128,632,128,152,0,83,-105,0,0,100,0,160,312,32,32,0,83,-105,0,0,90,0,160,344,32,32,0,93,-114,0,0,100,0,0,376,48,32,0,93,-114,0,0,90,0,0,408,48,32,0,69,-134,0,0,100,0,752,96,48,48,0,78,-104,0,0,90,0,440,176,32,16,0,57,-131,0,0,100,0,256,248,32,32,0,57,-131,0,0,90,0,256,280,32,32,0,108,-100,0,0,100,0,536,88,16,16,0,105,-115,0,0,100,0,536,72,16,16,0,87,-95,0,0,100,0,520,72,16,16,0,64,-113,0,0,100,0,504,88,32,32,0,56,-109,0,0,100,0,504,72,16,16,0,51,-192,0,0,100,0,536,40,16,32,0,79,-196,0,0,100,0,504,40,32,32,0,32,-216,0,0,30,0,256,0,128,152,0,126,-134,0,0,100,0,472,104,32,32,0,112,-147,0,0,100,0,440,136,32,40,0,32,-184,0,0,100,0,384,104,56,88,0,80,-184,0,0,100,0,440,104,32,32,0,72,-168,0,0,100,0,384,40,64,64,0,32,-216,0,0,30,0,128,0,128,152,0,32,-216,0,1,20,0,0,632,128,152,0,32,-216,0,1,60,0,384,480,128,152,0,32,-216,0,0,30,0,384,480,128,152,0,32,-216,0,0,100,0,0,0,128,152,0,120,-176,0,0,100,0,384,0,40,40,0,32,-138,0,0,100,0,0,152,128,96,0,0,-256,0,0,100,0,617,484,192,256,0,
0,31,77,-184,0,1,20,0,448,40,56,64,0,32,-216,0,1,20,0,128,632,128,152,0,78,-103,0,0,100,0,192,312,32,32,0,78,-103,0,0,90,0,192,344,32,32,0,93,-114,0,0,100,0,0,376,48,32,0,93,-114,0,0,90,0,0,408,48,32,0,67,-135,0,0,100,0,800,96,48,48,0,77,-104,0,0,90,0,440,176,32,16,0,57,-131,0,0,100,0,256,248,32,32,0,57,-131,0,0,90,0,256,280,32,32,0,108,-100,0,0,100,0,536,88,16,16,0,105,-115,0,0,100,0,536,72,16,16,0,87,-95,0,0,100,0,520,72,16,16,0,64,-113,0,0,100,0,504,88,32,32,0,56,-109,0,0,100,0,504,72,16,16,0,51,-192,0,0,100,0,536,40,16,32,0,79,-196,0,0,100,0,504,40,32,32,0,32,-216,0,0,30,0,256,0,128,152,0,126,-134,0,0,100,0,472,104,32,32,0,112,-147,0,0,100,0,440,136,32,40,0,32,-184,0,0,100,0,384,104,56,88,0,80,-184,0,0,100,0,440,104,32,32,0,72,-168,0,0,100,0,384,40,64,64,0,32,-216,0,0,30,0,128,0,128,152,0,32,-216,0,1,20,0,0,632,128,152,0,32,-216,0,1,60,0,384,480,128,152,0,32,-216,0,0,30,0,384,480,128,152,0,32,-216,0,0,100,0,0,0,128,152,0,120,-176,0,0,100,0,424,0,40,40,0,32,-138,0,0,100,0,0,152,128,96,0,0,-256,0,0,100,0,617,484,192,256,0,
0,31,77,-184,0,1,15,0,448,40,56,64,0,32,-216,0,1,15,0,128,632,128,152,0,93,-114,0,0,100,0,0,376,48,32,0,93,-114,0,0,90,0,0,408,48,32,0,78,-102,0,0,100,0,0,248,32,32,0,78,-102,0,0,100,0,0,280,32,32,0,69,-132,0,0,100,0,848,96,48,48,0,78,-104,0,0,90,0,440,176,32,16,0,57,-131,0,0,100,0,256,248,32,32,0,57,-131,0,0,90,0,256,280,32,32,0,108,-100,0,0,100,0,536,88,16,16,0,105,-115,0,0,100,0,536,72,16,16,0,87,-95,0,0,100,0,520,72,16,16,0,64,-113,0,0,100,0,504,88,32,32,0,56,-109,0,0,100,0,504,72,16,16,0,51,-192,0,0,100,0,536,40,16,32,0,79,-196,0,0,100,0,504,40,32,32,0,32,-216,0,0,27,0,256,632,128,152,0,126,-134,0,0,100,0,472,104,32,32,0,112,-147,0,0,100,0,440,136,32,40,0,32,-184,0,0,100,0,384,104,56,88,0,80,-184,0,0,100,0,440,104,32,32,0,72,-168,0,0,100,0,384,40,64,64,0,32,-216,0,0,30,0,128,0,128,152,0,32,-216,0,1,15,0,0,632,128,152,0,32,-216,0,1,60,0,384,480,128,152,0,32,-216,0,0,30,0,384,480,128,152,0,32,-216,0,0,100,0,0,0,128,152,0,120,-176,0,0,100,0,464,0,40,40,0,32,-138,0,0,100,0,0,152,128,96,0,0,-256,0,0,100,0,617,484,192,256,0,
0,31,77,-184,0,1,15,0,448,40,56,64,0,32,-216,0,1,15,0,128,632,128,152,0,93,-114,0,0,100,0,0,376,48,32,0,93,-114,0,0,90,0,0,408,48,32,0,78,-102,0,0,100,0,0,248,32,32,0,78,-102,0,0,100,0,0,280,32,32,0,69,-132,0,0,100,0,896,96,48,48,0,78,-104,0,0,90,0,440,176,32,16,0,57,-131,0,0,100,0,256,248,32,32,0,57,-131,0,0,90,0,256,280,32,32,0,108,-100,0,0,100,0,536,88,16,16,0,105,-115,0,0,100,0,536,72,16,16,0,87,-95,0,0,100,0,520,72,16,16,0,64,-113,0,0,100,0,504,88,32,32,0,56,-109,0,0,100,0,504,72,16,16,0,51,-192,0,0,100,0,536,40,16,32,0,79,-196,0,0,100,0,504,40,32,32,0,32,-216,0,0,27,0,256,632,128,152,0,126,-134,0,0,100,0,472,104,32,32,0,112,-147,0,0,100,0,440,136,32,40,0,32,-184,0,0,100,0,384,104,56,88,0,80,-184,0,0,100,0,440,104,32,32,0,72,-168,0,0,100,0,384,40,64,64,0,32,-216,0,0,30,0,128,0,128,152,0,32,-216,0,1,15,0,0,632,128,152,0,32,-216,0,1,60,0,384,480,128,152,0,32,-216,0,0,30,0,384,480,128,152,0,32,-216,0,0,100,0,0,0,128,152,0,120,-176,0,0,100,0,504,0,40,40,0,32,-138,0,0,100,0,0,152,128,96,0,0,-256,0,0,100,0,617,484,192,256,0,
0,31,77,-184,0,1,20,0,448,40,56,64,0,32,-216,0,1,20,0,128,632,128,152,0,93,-114,0,0,100,0,0,376,48,32,0,93,-114,0,0,90,0,0,408,48,32,0,78,-102,0,0,100,0,0,248,32,32,0,78,-102,0,0,90,0,0,280,32,32,0,70,-134,0,0,100,0,560,144,48,48,0,78,-105,0,0,90,0,440,176,32,16,0,57,-131,0,0,100,0,256,248,32,32,0,57,-131,0,0,90,0,256,280,32,32,0,108,-100,0,0,100,0,536,88,16,16,0,105,-115,0,0,100,0,536,72,16,16,0,87,-95,0,0,100,0,520,72,16,16,0,64,-113,0,0,100,0,504,88,32,32,0,56,-109,0,0,100,0,504,72,16,16,0,51,-192,0,0,100,0,536,40,16,32,0,79,-196,0,0,100,0,504,40,32,32,0,32,-216,0,0,30,0,256,0,128,152,0,126,-134,0,0,100,0,472,104,32,32,0,112,-147,0,0,100,0,440,136,32,40,0,32,-184,0,0,100,0,384,104,56,88,0,80,-184,0,0,100,0,440,104,32,32,0,72,-168,0,0,100,0,384,40,64,64,0,32,-216,0,0,30,0,128,0,128,152,0,32,-216,0,1,20,0,0,632,128,152,0,32,-216,0,1,60,0,384,480,128,152,0,32,-216,0,0,30,0,384,480,128,152,0,32,-216,0,0,100,0,0,0,128,152,0,120,-176,0,0,100,0,384,0,40,40,0,32,-138,0,0,100,0,0,152,128,96,0,0,-256,0,0,100,0,617,484,192,256,0,
0,31,77,-184,0,1,20,0,448,40,56,64,0,32,-216,0,1,20,0,128,632,128,152,0,93,-114,0,0,100,0,0,376,48,32,0,93,-114,0,0,90,0,0,408,48,32,0,78,-102,0,0,100,0,0,248,32,32,0,78,-102,0,0,90,0,0,280,32,32,0,70,-134,0,0,100,0,608,144,48,48,0,80,-104,0,0,90,0,440,176,32,16,0,57,-131,0,0,100,0,256,248,32,32,0,57,-131,0,0,90,0,256,280,32,32,0,108,-100,0,0,100,0,536,88,16,16,0,105,-115,0,0,100,0,536,72,16,16,0,87,-95,0,0,100,0,520,72,16,16,0,64,-113,0,0,100,0,504,88,32,32,0,56,-109,0,0,100,0,504,72,16,16,0,51,-192,0,0,100,0,536,40,16,32,0,79,-196,0,0,100,0,504,40,32,32,0,32,-216,0,0,30,0,256,0,128,152,0,126,-134,0,0,100,0,472,104,32,32,0,112,-147,0,0,100,0,440,136,32,40,0,32,-184,0,0,100,0,384,104,56,88,0,80,-184,0,0,100,0,440,104,32,32,0,72,-168,0,0,100,0,384,40,64,64,0,32,-216,0,0,30,0,128,0,128,152,0,32,-216,0,1,20,0,0,632,128,152,0,32,-216,0,1,60,0,384,480,128,152,0,32,-216,0,0,30,0,384,480,128,152,0,32,-216,0,0,100,0,0,0,128,152,0,120,-176,0,0,100,0,424,0,40,40,0,32,-138,0,0,100,0,0,152,128,96,0,0,-256,0,0,100,0,617,484,192,256,0,
0,31,77,-184,0,1,15,0,448,40,56,64,0,32,-216,0,1,15,0,128,632,128,152,0,93,-114,0,0,100,0,0,376,48,32,0,93,-114,0,0,90,0,0,408,48,32,0,78,-102,0,0,100,0,0,248,32,32,0,78,-102,0,0,90,0,0,280,32,32,0,70,-134,0,0,100,0,656,144,48,48,0,82,-103,0,0,90,0,440,176,32,16,0,57,-131,0,0,100,0,256,248,32,32,0,57,-131,0,0,90,0,256,280,32,32,0,108,-100,0,0,100,0,536,88,16,16,0,105,-115,0,0,100,0,536,72,16,16,0,87,-95,0,0,100,0,520,72,16,16,0,64,-113,0,0,100,0,504,88,32,32,0,56,-109,0,0,100,0,504,72,16,16,0,51,-192,0,0,100,0,536,40,16,32,0,79,-196,0,0,100,0,504,40,32,32,0,32,-216,0,0,27,0,256,632,128,152,0,126,-134,0,0,100,0,472,104,32,32,0,112,-147,0,0,100,0,440,136,32,40,0,32,-184,0,0,100,0,384,104,56,88,0,80,-184,0,0,100,0,440,104,32,32,0,72,-168,0,0,100,0,384,40,64,64,0,32,-216,0,0,30,0,128,0,128,152,0,32,-216,0,1,15,0,0,632,128,152,0,32,-216,0,1,60,0,384,480,128,152,0,32,-216,0,0,30,0,384,480,128,152,0,32,-216,0,0,100,0,0,0,128,152,0,120,-176,0,0,100,0,464,0,40,40,0,32,-138,0,0,100,0,0,152,128,96,0,0,-256,0,0,100,0,617,484,192,256,0,
0,30,77,-184,0,1,15,0,448,40,56,64,0,32,-216,0,1,15,0,128,632,128,152,0,68,-123,0,0,100,0,48,376,48,32,0,78,-102,0,0,100,0,0,248,32,32,0,78,-102,0,0,100,0,0,280,32,32,0,70,-134,0,0,100,0,704,144,48,48,0,78,-105,0,0,90,0,440,176,32,16,0,57,-131,0,0,100,0,256,248,32,32,0,57,-131,0,0,90,0,256,280,32,32,0,108,-100,0,0,100,0,536,88,16,16,0,105,-115,0,0,100,0,536,72,16,16,0,87,-95,0,0,100,0,520,72,16,16,0,64,-113,0,0,100,0,504,88,32,32,0,56,-109,0,0,100,0,504,72,16,16,0,51,-192,0,0,100,0,536,40,16,32,0,79,-196,0,0,100,0,504,40,32,32,0,32,-216,0,0,27,0,256,632,128,152,0,126,-134,0,0,100,0,472,104,32,32,0,112,-147,0,0,100,0,440,136,32,40,0,32,-184,0,0,100,0,384,104,56,88,0,80,-184,0,0,100,0,440,104,32,32,0,72,-168,0,0,100,0,384,40,64,64,0,32,-216,0,0,30,0,128,0,128,152,0,32,-216,0,1,15,0,0,632,128,152,0,32,-216,0,1,60,0,384,480,128,152,0,32,-216,0,0,30,0,384,480,128,152,0,32,-216,0,0,100,0,0,0,128,152,0,120,-176,0,0,100,0,504,0,40,40,0,32,-138,0,0,100,0,0,152,128,96,0,0,-256,0,0,100,0,617,484,192,256,0,
0,30,77,-184,0,1,10,0,448,40,56,64,0,32,-216,0,1,10,0,128,632,128,152,0,67,-122,0,0,100,0,96,376,48,32,0,78,-102,0,0,100,0,0,248,32,32,0,78,-102,0,0,90,0,0,280,32,32,0,70,-134,0,0,100,0,752,144,48,48,0,78,-105,0,0,90,0,440,176,32,16,0,57,-131,0,0,100,0,256,248,32,32,0,57,-131,0,0,90,0,256,280,32,32,0,108,-100,0,0,100,0,536,88,16,16,0,105,-115,0,0,100,0,536,72,16,16,0,87,-95,0,0,100,0,520,72,16,16,0,64,-113,0,0,100,0,504,88,32,32,0,56,-109,0,0,100,0,504,72,16,16,0,51,-192,0,0,100,0,536,40,16,32,0,79,-196,0,0,100,0,504,40,32,32,0,32,-216,0,0,25,0,384,632,128,152,0,126,-134,0,0,100,0,472,104,32,32,0,112,-147,0,0,100,0,440,136,32,40,0,32,-184,0,0,100,0,384,104,56,88,0,80,-184,0,0,100,0,440,104,32,32,0,72,-168,0,0,100,0,384,40,64,64,0,32,-216,0,0,30,0,128,0,128,152,0,32,-216,0,1,10,0,0,632,128,152,0,32,-216,0,1,60,0,384,480,128,152,0,32,-216,0,0,30,0,384,480,128,152,0,32,-216,0,0,100,0,0,0,128,152,0,120,-176,0,0,100,0,384,0,40,40,0,32,-138,0,0,100,0,0,152,128,96,0,0,-256,0,0,100,0,617,484,192,256,0,
0,30,77,-184,0,1,10,0,448,40,56,64,0,32,-216,0,1,10,0,128,632,128,152,0,68,-122,0,0,100,0,144,376,48,32,0,78,-102,0,0,100,0,0,248,32,32,0,78,-102,0,0,90,0,0,280,32,32,0,70,-134,0,0,100,0,800,144,48,48,0,78,-105,0,0,90,0,440,176,32,16,0,57,-131,0,0,100,0,256,248,32,32,0,57,-131,0,0,90,0,256,280,32,32,0,108,-100,0,0,100,0,536,88,16,16,0,105,-115,0,0,100,0,536,72,16,16,0,87,-95,0,0,100,0,520,72,16,16,0,64,-113,0,0,100,0,504,88,32,32,0,56,-109,0,0,100,0,504,72,16,16,0,51,-192,0,0,100,0,536,40,16,32,0,79,-196,0,0,100,0,504,40,32,32,0,32,-216,0,0,25,0,384,632,128,152,0,126,-134,0,0,100,0,472,104,32,32,0,112,-147,0,0,100,0,440,136,32,40,0,32,-184,0,0,100,0,384,104,56,88,0,80,-184,0,0,100,0,440,104,32,32,0,72,-168,0,0,100,0,384,40,64,64,0,32,-216,0,0,30,0,128,0,128,152,0,32,-216,0,1,10,0,0,632,128,152,0,32,-216,0,1,60,0,384,480,128,152,0,32,-216,0,0,30,0,384,480,128,152,0,32,-216,0,0,100,0,0,0,128,152,0,120,-176,0,0,100,0,424,0,40,40,0,32,-138,0,0,100,0,0,152,128,96,0,0,-256,0,0,100,0,617,484,192,256,0,
0,30,77,-184,0,1,20,0,448,40,56,64,0,32,-216,0,1,20,0,128,632,128,152,0,61,-124,0,0,100,0,192,376,48,32,0,78,-102,0,0,100,0,0,248,32,32,0,78,-102,0,0,90,0,0,280,32,32,0,70,-134,0,0,100,0,848,144,48,48,0,78,-105,0,0,90,0,440,176,32,16,0,57,-131,0,0,100,0,256,248,32,32,0,57,-131,0,0,90,0,256,280,32,32,0,108,-100,0,0,100,0,536,88,16,16,0,105,-115,0,0,100,0,536,72,16,16,0,87,-95,0,0,100,0,520,72,16,16,0,64,-113,0,0,100,0,504,88,32,32,0,56,-109,0,0,100,0,504,72,16,16,0,51,-192,0,0,100,0,536,40,16,32,0,79,-196,0,0,100,0,504,40,32,32,0,32,-216,0,0,30,0,256,0,128,152,0,126,-134,0,0,100,0,472,104,32,32,0,112,-147,0,0,100,0,440,136,32,40,0,32,-184,0,0,100,0,384,104,56,88,0,80,-184,0,0,100,0,440,104,32,32,0,72,-168,0,0,100,0,384,40,64,64,0,32,-216,0,0,30,0,128,0,128,152,0,32,-216,0,1,20,0,0,632,128,152,0,32,-216,0,1,60,0,384,480,128,152,0,32,-216,0,0,30,0,384,480,128,152,0,32,-216,0,0,100,0,0,0,128,152,0,120,-176,0,0,100,0,464,0,40,40,0,32,-138,0,0,100,0,0,152,128,96,0,0,-256,0,0,100,0,617,484,192,256,0,
0,30,77,-184,0,1,15,0,448,40,56,64,0,32,-216,0,1,15,0,128,632,128,152,0,62,-123,0,0,100,0,240,376,48,32,0,78,-102,0,0,100,0,0,248,32,32,0,78,-102,0,0,100,0,0,280,32,32,0,70,-134,0,0,100,0,896,144,48,48,0,78,-105,0,0,90,0,440,176,32,16,0,57,-131,0,0,100,0,256,248,32,32,0,57,-131,0,0,90,0,256,280,32,32,0,108,-100,0,0,100,0,536,88,16,16,0,105,-115,0,0,100,0,536,72,16,16,0,87,-95,0,0,100,0,520,72,16,16,0,64,-113,0,0,100,0,504,88,32,32,0,56,-109,0,0,100,0,504,72,16,16,0,51,-192,0,0,100,0,536,40,16,32,0,79,-196,0,0,100,0,504,40,32,32,0,32,-216,0,0,27,0,256,632,128,152,0,126,-134,0,0,100,0,472,104,32,32,0,112,-147,0,0,100,0,440,136,32,40,0,32,-184,0,0,100,0,384,104,56,88,0,80,-184,0,0,100,0,440,104,32,32,0,72,-168,0,0,100,0,384,40,64,64,0,32,-216,0,0,30,0,128,0,128,152,0,32,-216,0,1,15,0,0,632,128,152,0,32,-216,0,1,60,0,384,480,128,152,0,32,-216,0,0,30,0,384,480,128,152,0,32,-216,0,0,100,0,0,0,128,152,0,120,-176,0,0,100,0,504,0,40,40,0,32,-138,0,0,100,0,0,152,128,96,0,0,-256,0,0,100,0,617,484,192,256,0,
0,30,77,-184,0,1,10,0,448,40,56,64,0,32,-216,0,1,10,0,128,632,128,152,0,68,-139,0,0,100,0,288,376,32,48,0,78,-102,0,0,100,0,0,248,32,32,0,78,-102,0,0,90,0,0,280,32,32,0,70,-134,0,0,100,0,944,144,48,48,0,78,-105,0,0,90,0,440,176,32,16,0,57,-131,0,0,100,0,256,248,32,32,0,57,-131,0,0,90,0,256,280,32,32,0,108,-100,0,0,100,0,536,88,16,16,0,105,-115,0,0,100,0,536,72,16,16,0,87,-95,0,0,100,0,520,72,16,16,0,64,-113,0,0,100,0,504,88,32,32,0,56,-109,0,0,100,0,504,72,16,16,0,51,-192,0,0,100,0,536,40,16,32,0,79,-196,0,0,100,0,504,40,32,32,0,32,-216,0,0,25,0,384,632,128,152,0,126,-134,0,0,100,0,472,104,32,32,0,112,-147,0,0,100,0,440,136,32,40,0,32,-184,0,0,100,0,384,104,56,88,0,80,-184,0,0,100,0,440,104,32,32,0,72,-168,0,0,100,0,384,40,64,64,0,32,-216,0,0,30,0,128,0,128,152,0,32,-216,0,1,10,0,0,632,128,152,0,32,-216,0,1,60,0,384,480,128,152,0,32,-216,0,0,30,0,384,480,128,152,0,32,-216,0,0,100,0,0,0,128,152,0,120,-176,0,0,100,0,384,0,40,40,0,32,-138,0,0,100,0,0,152,128,96,0,0,-256,0,0,100,0,617,484,192,256,0,
0,30,77,-184,0,1,10,0,448,40,56,64,0,32,-216,0,1,10,0,128,632,128,152,0,69,-144,0,0,100,0,320,376,32,48,0,78,-102,0,0,100,0,0,248,32,32,0,78,-102,0,0,90,0,0,280,32,32,0,70,-134,0,0,100,0,560,192,48,48,0,78,-105,0,0,90,0,440,176,32,16,0,57,-131,0,0,100,0,256,248,32,32,0,57,-131,0,0,90,0,256,280,32,32,0,108,-100,0,0,100,0,536,88,16,16,0,105,-115,0,0,100,0,536,72,16,16,0,87,-95,0,0,100,0,520,72,16,16,0,64,-113,0,0,100,0,504,88,32,32,0,56,-109,0,0,100,0,504,72,16,16,0,51,-192,0,0,100,0,536,40,16,32,0,79,-196,0,0,100,0,504,40,32,32,0,32,-216,0,0,25,0,384,632,128,152,0,126,-134,0,0,100,0,472,104,32,32,0,112,-147,0,0,100,0,440,136,32,40,0,32,-184,0,0,100,0,384,104,56,88,0,80,-184,0,0,100,0,440,104,32,32,0,72,-168,0,0,100,0,384,40,64,64,0,32,-216,0,0,30,0,128,0,128,152,0,32,-216,0,1,10,0,0,632,128,152,0,32,-216,0,1,60,0,384,480,128,152,0,32,-216,0,0,30,0,384,480,128,152,0,32,-216,0,0,100,0,0,0,128,152,0,120,-176,0,0,100,0,424,0,40,40,0,32,-138,0,0,100,0,0,152,128,96,0,0,-256,0,0,100,0,617,484,192,256,0,
0,30,77,-184,0,1,15,0,448,40,56,64,0,32,-216,0,1,15,0,128,632,128,152,0,71,-145,0,0,100,0,352,376,32,48,0,78,-102,0,0,100,0,0,248,32,32,0,78,-102,0,0,90,0,0,280,32,32,0,70,-134,0,0,100,0,608,192,48,48,0,78,-105,0,0,90,0,440,176,32,16,0,57,-131,0,0,100,0,256,248,32,32,0,57,-131,0,0,90,0,256,280,32,32,0,108,-100,0,0,100,0,536,88,16,16,0,105,-115,0,0,100,0,536,72,16,16,0,87,-95,0,0,100,0,520,72,16,16,0,64,-113,0,0,100,0,504,88,32,32,0,56,-109,0,0,100,0,504,72,16,16,0,51,-192,0,0,100,0,536,40,16,32,0,79,-196,0,0,100,0,504,40,32,32,0,32,-216,0,0,27,0,256,632,128,152,0,126,-134,0,0,100,0,472,104,32,32,0,112,-147,0,0,100,0,440,136,32,40,0,32,-184,0,0,100,0,384,104,56,88,0,80,-184,0,0,100,0,440,104,32,32,0,72,-168,0,0,100,0,384,40,64,64,0,32,-216,0,0,30,0,128,0,128,152,0,32,-216,0,1,15,0,0,632,128,152,0,32,-216,0,1,60,0,384,480,128,152,0,32,-216,0,0,30,0,384,480,128,152,0,32,-216,0,0,100,0,0,0,128,152,0,120,-176,0,0,100,0,464,0,40,40,0,32,-138,0,0,100,0,0,152,128,96,0,0,-256,0,0,100,0,617,484,192,256,0,
0,30,77,-184,0,1,15,0,448,40,56,64,0,32,-216,0,1,15,0,128,632,128,152,0,70,-145,0,0,100,0,320,376,32,48,0,78,-102,0,0,100,0,0,248,32,32,0,78,-102,0,0,100,0,0,280,32,32,0,70,-134,0,0,100,0,656,192,48,48,0,78,-105,0,0,90,0,440,176,32,16,0,57,-131,0,0,100,0,256,248,32,32,0,57,-131,0,0,90,0,256,280,32,32,0,108,-100,0,0,100,0,536,88,16,16,0,105,-115,0,0,100,0,536,72,16,16,0,87,-95,0,0,100,0,520,72,16,16,0,64,-113,0,0,100,0,504,88,32,32,0,56,-109,0,0,100,0,504,72,16,16,0,51,-192,0,0,100,0,536,40,16,32,0,79,-196,0,0,100,0,504,40,32,32,0,32,-216,0,0,27,0,256,632,128,152,0,126,-134,0,0,100,0,472,104,32,32,0,112,-147,0,0,100,0,440,136,32,40,0,32,-184,0,0,100,0,384,104,56,88,0,80,-184,0,0,100,0,440,104,32,32,0,72,-168,0,0,100,0,384,40,64,64,0,32,-216,0,0,30,0,128,0,128,152,0,32,-216,0,1,15,0,0,632,128,152,0,32,-216,0,1,60,0,384,480,128,152,0,32,-216,0,0,30,0,384,480,128,152,0,32,-216,0,0,100,0,0,0,128,152,0,120,-176,0,0,100,0,504,0,40,40,0,32,-138,0,0,100,0,0,152,128,96,0,0,-256,0,0,100,0,617,484,192,256,0,
0,30,77,-184,0,1,20,0,448,40,56,64,0,32,-216,0,1,20,0,128,632,128,152,0,78,-124,0,0,100,0,384,376,48,32,0,78,-102,0,0,100,0,0,248,32,32,0,78,-102,0,0,90,0,0,280,32,32,0,70,-134,0,0,100,0,704,192,48,48,0,78,-105,0,0,90,0,440,176,32,16,0,57,-131,0,0,100,0,256,248,32,32,0,57,-131,0,0,90,0,256,280,32,32,0,108,-100,0,0,100,0,536,88,16,16,0,105,-115,0,0,100,0,536,72,16,16,0,87,-95,0,0,100,0,520,72,16,16,0,64,-113,0,0,100,0,504,88,32,32,0,56,-109,0,0,100,0,504,72,16,16,0,51,-192,0,0,100,0,536,40,16,32,0,79,-196,0,0,100,0,504,40,32,32,0,32,-216,0,0,30,0,256,0,128,152,0,126,-134,0,0,100,0,472,104,32,32,0,112,-147,0,0,100,0,440,136,32,40,0,32,-184,0,0,100,0,384,104,56,88,0,80,-184,0,0,100,0,440,104,32,32,0,72,-168,0,0,100,0,384,40,64,64,0,32,-216,0,0,30,0,128,0,128,152,0,32,-216,0,1,20,0,0,632,128,152,0,32,-216,0,1,60,0,384,480,128,152,0,32,-216,0,0,30,0,384,480,128,152,0,32,-216,0,0,100,0,0,0,128,152,0,120,-176,0,0,100,0,384,0,40,40,0,32,-138,0,0,100,0,0,152,128,96,0,0,-256,0,0,100,0,617,484,192,256,0,
0,30,77,-184,0,1,15,0,448,40,56,64,0,32,-216,0,1,15,0,128,632,128,152,0,86,-125,0,0,100,0,384,376,48,32,0,78,-102,0,0,100,0,0,248,32,32,0,78,-102,0,0,90,0,0,280,32,32,0,70,-134,0,0,100,0,752,192,48,48,0,78,-105,0,0,90,0,440,176,32,16,0,57,-131,0,0,100,0,256,248,32,32,0,57,-131,0,0,90,0,256,280,32,32,0,108,-100,0,0,100,0,536,88,16,16,0,105,-115,0,0,100,0,536,72,16,16,0,87,-95,0,0,100,0,520,72,16,16,0,64,-113,0,0,100,0,504,88,32,32,0,56,-109,0,0,100,0,504,72,16,16,0,51,-192,0,0,100,0,536,40,16,32,0,79,-196,0,0,100,0,504,40,32,32,0,32,-216,0,0,27,0,256,632,128,152,0,126,-134,0,0,100,0,472,104,32,32,0,112,-147,0,0,100,0,440,136,32,40,0,32,-184,0,0,100,0,384,104,56,88,0,80,-184,0,0,100,0,440,104,32,32,0,72,-168,0,0,100,0,384,40,64,64,0,32,-216,0,0,30,0,128,0,128,152,0,32,-216,0,1,15,0,0,632,128,152,0,32,-216,0,1,60,0,384,480,128,152,0,32,-216,0,0,30,0,384,480,128,152,0,32,-216,0,0,100,0,0,0,128,152,0,120,-176,0,0,100,0,424,0,40,40,0,32,-138,0,0,100,0,0,152,128,96,0,0,-256,0,0,100,0,617,484,192,256,0,
0,30,77,-184,0,1,15,0,448,40,56,64,0,32,-216,0,1,15,0,128,632,128,152,0,85,-126,0,0,100,0,384,376,48,32,0,78,-102,0,0,100,0,0,248,32,32,0,78,-102,0,0,90,0,0,280,32,32,0,70,-134,0,0,100,0,800,192,48,48,0,78,-105,0,0,90,0,440,176,32,16,0,57,-131,0,0,100,0,256,248,32,32,0,57,-131,0,0,90,0,256,280,32,32,0,108,-100,0,0,100,0,536,88,16,16,0,105,-115,0,0,100,0,536,72,16,16,0,87,-95,0,0,100,0,520,72,16,16,0,64,-113,0,0,100,0,504,88,32,32,0,56,-109,0,0,100,0,504,72,16,16,0,51,-192,0,0,100,0,536,40,16,32,0,79,-196,0,0,100,0,504,40,32,32,0,32,-216,0,0,27,0,256,632,128,152,0,126,-134,0,0,100,0,472,104,32,32,0,112,-147,0,0,100,0,440,136,32,40,0,32,-184,0,0,100,0,384,104,56,88,0,80,-184,0,0,100,0,440,104,32,32,0,72,-168,0,0,100,0,384,40,64,64,0,32,-216,0,0,30,0,128,0,128,152,0,32,-216,0,1,15,0,0,632,128,152,0,32,-216,0,1,60,0,384,480,128,152,0,32,-216,0,0,30,0,384,480,128,152,0,32,-216,0,0,100,0,0,0,128,152,0,120,-176,0,0,100,0,464,0,40,40,0,32,-138,0,0,100,0,0,152,128,96,0,0,-256,0,0,100,0,617,484,192,256,0,
0,31,77,-184,0,1,10,0,448,40,56,64,0,32,-216,0,1,10,0,128,632,128,152,0,78,-114,0,0,100,0,0,440,48,32,0,78,-114,0,0,90,0,0,472,48,32,0,78,-102,0,0,100,0,0,248,32,32,0,78,-102,0,0,100,0,0,280,32,32,0,70,-134,0,0,100,0,848,192,48,48,0,78,-105,0,0,90,0,440,176,32,16,0,57,-131,0,0,100,0,256,248,32,32,0,57,-131,0,0,90,0,256,280,32,32,0,108,-100,0,0,100,0,536,88,16,16,0,105,-115,0,0,100,0,536,72,16,16,0,87,-95,0,0,100,0,520,72,16,16,0,64,-113,0,0,100,0,504,88,32,32,0,56,-109,0,0,100,0,504,72,16,16,0,51,-192,0,0,100,0,536,40,16,32,0,79,-196,0,0,100,0,504,40,32,32,0,32,-216,0,0,25,0,384,632,128,152,0,126,-134,0,0,100,0,472,104,32,32,0,112,-147,0,0,100,0,440,136,32,40,0,32,-184,0,0,100,0,384,104,56,88,0,80,-184,0,0,100,0,440,104,32,32,0,72,-168,0,0,100,0,384,40,64,64,0,32,-216,0,0,30,0,128,0,128,152,0,32,-216,0,1,10,0,0,632,128,152,0,32,-216,0,1,60,0,384,480,128,152,0,32,-216,0,0,30,0,384,480,128,152,0,32,-216,0,0,100,0,0,0,128,152,0,120,-176,0,0,100,0,504,0,40,40,0,32,-138,0,0,100,0,0,152,128,96,0,0,-256,0,0,100,0,617,484,192,256,0,
0,31,77,-184,0,1,20,0,448,40,56,64,0,32,-216,0,1,20,0,128,632,128,152,0,70,-115,0,0,100,0,48,440,48,32,0,70,-115,0,0,90,0,48,472,48,32,0,78,-102,0,0,100,0,0,248,32,32,0,78,-102,0,0,90,0,0,280,32,32,0,70,-134,0,0,100,0,896,192,48,48,0,78,-104,0,0,90,0,440,176,32,16,0,57,-131,0,0,100,0,256,248,32,32,0,57,-131,0,0,90,0,256,280,32,32,0,108,-100,0,0,100,0,536,88,16,16,0,105,-115,0,0,100,0,536,72,16,16,0,87,-95,0,0,100,0,520,72,16,16,0,64,-113,0,0,100,0,504,88,32,32,0,56,-109,0,0,100,0,504,72,16,16,0,51,-192,0,0,100,0,536,40,16,32,0,79,-196,0,0,100,0,504,40,32,32,0,32,-216,0,0,30,0,256,0,128,152,0,126,-134,0,0,100,0,472,104,32,32,0,112,-147,0,0,100,0,440,136,32,40,0,32,-184,0,0,100,0,384,104,56,88,0,80,-184,0,0,100,0,440,104,32,32,0,72,-168,0,0,100,0,384,40,64,64,0,32,-216,0,0,30,0,128,0,128,152,0,32,-216,0,1,20,0,0,632,128,152,0,32,-216,0,1,60,0,384,480,128,152,0,32,-216,0,0,30,0,384,480,128,152,0,32,-216,0,0,100,0,0,0,128,152,0,120,-176,0,0,100,0,384,0,40,40,0,32,-138,0,0,100,0,0,152,128,96,0,0,-256,0,0,100,0,617,484,192,256,0,
0,31,77,-184,0,1,15,0,448,40,56,64,0,32,-216,0,1,15,0,128,632,128,152,0,67,-114,0,0,100,0,96,440,48,32,0,67,-114,0,0,90,0,96,472,48,32,0,78,-102,0,0,100,0,0,248,32,32,0,78,-102,0,0,90,0,0,280,32,32,0,72,-137,0,0,100,0,944,192,48,48,0,78,-105,0,0,90,0,440,176,32,16,0,57,-131,0,0,100,0,256,248,32,32,0,57,-131,0,0,90,0,256,280,32,32,0,108,-100,0,0,100,0,536,88,16,16,0,105,-115,0,0,100,0,536,72,16,16,0,87,-95,0,0,100,0,520,72,16,16,0,64,-113,0,0,100,0,504,88,32,32,0,56,-109,0,0,100,0,504,72,16,16,0,51,-192,0,0,100,0,536,40,16,32,0,79,-196,0,0,100,0,504,40,32,32,0,32,-216,0,0,27,0,256,632,128,152,0,126,-134,0,0,100,0,472,104,32,32,0,112,-147,0,0,100,0,440,136,32,40,0,32,-184,0,0,100,0,384,104,56,88,0,80,-184,0,0,100,0,440,104,32,32,0,72,-168,0,0,100,0,384,40,64,64,0,32,-216,0,0,30,0,128,0,128,152,0,32,-216,0,1,15,0,0,632,128,152,0,32,-216,0,1,60,0,384,480,128,152,0,32,-216,0,0,30,0,384,480,128,152,0,32,-216,0,0,100,0,0,0,128,152,0,120,-176,0,0,100,0,424,0,40,40,0,32,-138,0,0,100,0,0,152,128,96,0,0,-256,0,0,100,0,617,484,192,256,0,
0,31,77,-184,0,1,15,0,448,40,56,64,0,32,-216,0,1,15,0,128,632,128,152,0,80,-119,0,0,100,0,144,440,48,32,0,80,-119,0,0,90,0,144,472,48,32,0,78,-102,0,0,100,0,0,248,32,32,0,78,-102,0,0,90,0,0,280,32,32,0,80,-141,0,0,100,0,560,240,48,48,0,86,-109,0,0,90,0,440,176,32,16,0,57,-131,0,0,100,0,256,248,32,32,0,57,-131,0,0,90,0,256,280,32,32,0,108,-100,0,0,100,0,536,88,16,16,0,105,-115,0,0,100,0,536,72,16,16,0,87,-95,0,0,100,0,520,72,16,16,0,64,-113,0,0,100,0,504,88,32,32,0,56,-109,0,0,100,0,504,72,16,16,0,51,-192,0,0,100,0,536,40,16,32,0,79,-196,0,0,100,0,504,40,32,32,0,32,-216,0,0,27,0,256,632,128,152,0,126,-134,0,0,100,0,472,104,32,32,0,112,-147,0,0,100,0,440,136,32,40,0,32,-184,0,0,100,0,384,104,56,88,0,80,-184,0,0,100,0,440,104,32,32,0,72,-168,0,0,100,0,384,40,64,64,0,32,-216,0,0,30,0,128,0,128,152,0,32,-216,0,1,15,0,0,632,128,152,0,32,-216,0,1,60,0,384,480,128,152,0,32,-216,0,0,30,0,384,480,128,152,0,32,-216,0,0,100,0,0,0,128,152,0,120,-176,0,0,100,0,464,0,40,40,0,32,-138,0,0,100,0,0,152,128,96,0,0,-256,0,0,100,0,617,484,192,256,0,
0,30,77,-184,0,1,10,0,448,40,56,64,0,32,-216,0,1,10,0,128,632,128,152,0,85,-129,0,0,100,0,384,376,48,32,0,78,-102,0,0,100,0,0,248,32,32,0,78,-102,0,0,100,0,0,280,32,32,0,83,-142,0,0,100,0,608,240,48,48,0,88,-110,0,0,90,0,440,176,32,16,0,57,-131,0,0,100,0,256,248,32,32,0,57,-131,0,0,90,0,256,280,32,32,0,108,-100,0,0,100,0,536,88,16,16,0,105,-115,0,0,100,0,536,72,16,16,0,87,-95,0,0,100,0,520,72,16,16,0,64,-113,0,0,100,0,504,88,32,32,0,56,-109,0,0,100,0,504,72,16,16,0,51,-192,0,0,100,0,536,40,16,32,0,79,-196,0,0,100,0,504,40,32,32,0,32,-216,0,0,25,0,384,632,128,152,0,126,-134,0,0,100,0,472,104,32,32,0,112,-147,0,0,100,0,440,136,32,40,0,32,-184,0,0,100,0,384,104,56,88,0,80,-184,0,0,100,0,440,104,32,32,0,72,-168,0,0,100,0,384,40,64,64,0,32,-216,0,0,30,0,128,0,128,152,0,32,-216,0,1,10,0,0,632,128,152,0,32,-216,0,1,60,0,384,480,128,152,0,32,-216,0,0,30,0,384,480,128,152,0,32,-216,0,0,100,0,0,0,128,152,0,120,-176,0,0,100,0,504,0,40,40,0,32,-138,0,0,100,0,0,152,128,96,0,0,-256,0,0,100,0,617,484,192,256,0,
0,31,77,-184,0,1,10,0,448,40,56,64,0,32,-216,0,1,10,0,128,632,128,152,0,71,-165,0,1,90,0,128,152,48,48,0,78,-148,0,0,100,0,192,440,32,48,0,78,-102,0,0,100,0,0,248,32,32,0,78,-102,0,0,90,0,0,280,32,32,0,77,-142,0,0,100,0,656,240,48,48,0,89,-110,0,0,90,0,440,176,32,16,0,57,-131,0,0,100,0,256,248,32,32,0,57,-131,0,0,90,0,256,280,32,32,0,108,-100,0,0,100,0,536,88,16,16,0,105,-115,0,0,100,0,536,72,16,16,0,87,-95,0,0,100,0,520,72,16,16,0,64,-113,0,0,100,0,504,88,32,32,0,56,-109,0,0,100,0,504,72,16,16,0,51,-192,0,0,100,0,536,40,16,32,0,79,-196,0,0,100,0,504,40,32,32,0,32,-216,0,0,25,0,384,632,128,152,0,126,-134,0,0,100,0,472,104,32,32,0,112,-147,0,0,100,0,440,136,32,40,0,32,-184,0,0,100,0,384,104,56,88,0,80,-184,0,0,100,0,440,104,32,32,0,72,-168,0,0,100,0,384,40,64,64,0,32,-216,0,0,30,0,128,0,128,152,0,32,-216,0,1,10,0,0,632,128,152,0,32,-216,0,1,60,0,384,480,128,152,0,32,-216,0,0,30,0,384,480,128,152,0,32,-216,0,0,100,0,0,0,128,152,0,120,-176,0,0,100,0,384,0,40,40,0,32,-138,0,0,100,0,0,152,128,96,0,0,-256,0,0,100,0,617,484,192,256,0,
0,31,77,-184,0,1,15,0,448,40,56,64,0,32,-216,0,1,15,0,128,632,128,152,0,65,-168,0,1,90,0,176,152,48,48,0,76,-151,0,0,100,0,288,376,32,48,0,78,-102,0,0,100,0,0,248,32,32,0,78,-102,0,0,90,0,0,280,32,32,0,78,-142,0,0,100,0,704,240,48,48,0,89,-110,0,0,90,0,440,176,32,16,0,57,-131,0,0,100,0,256,248,32,32,0,57,-131,0,0,90,0,256,280,32,32,0,108,-100,0,0,100,0,536,88,16,16,0,105,-115,0,0,100,0,536,72,16,16,0,87,-95,0,0,100,0,520,72,16,16,0,64,-113,0,0,100,0,504,88,32,32,0,56,-109,0,0,100,0,504,72,16,16,0,51,-192,0,0,100,0,536,40,16,32,0,79,-196,0,0,100,0,504,40,32,32,0,32,-216,0,0,27,0,256,632,128,152,0,126,-134,0,0,100,0,472,104,32,32,0,112,-147,0,0,100,0,440,136,32,40,0,32,-184,0,0,100,0,384,104,56,88,0,80,-184,0,0,100,0,440,104,32,32,0,72,-168,0,0,100,0,384,40,64,64,0,32,-216,0,0,30,0,128,0,128,152,0,32,-216,0,1,15,0,0,632,128,152,0,32,-216,0,1,60,0,384,480,128,152,0,32,-216,0,0,30,0,384,480,128,152,0,32,-216,0,0,100,0,0,0,128,152,0,120,-176,0,0,100,0,424,0,40,40,0,32,-138,0,0,100,0,0,152,128,96,0,0,-256,0,0,100,0,617,484,192,256,0,
0,31,77,-184,0,1,15,0,448,40,56,64,0,32,-216,0,1,15,0,128,632,128,152,0,66,-169,0,1,90,0,224,152,48,48,0,76,-151,0,0,100,0,288,376,32,48,0,78,-102,0,0,100,0,0,248,32,32,0,78,-102,0,0,90,0,0,280,32,32,0,78,-142,0,0,100,0,704,240,48,48,0,89,-110,0,0,90,0,440,176,32,16,0,57,-131,0,0,100,0,256,248,32,32,0,57,-131,0,0,90,0,256,280,32,32,0,108,-100,0,0,100,0,536,88,16,16,0,105,-115,0,0,100,0,536,72,16,16,0,87,-95,0,0,100,0,520,72,16,16,0,64,-113,0,0,100,0,504,88,32,32,0,56,-109,0,0,100,0,504,72,16,16,0,51,-192,0,0,100,0,536,40,16,32,0,79,-196,0,0,100,0,504,40,32,32,0,32,-216,0,0,27,0,256,632,128,152,0,126,-134,0,0,100,0,472,104,32,32,0,112,-147,0,0,100,0,440,136,32,40,0,32,-184,0,0,100,0,384,104,56,88,0,80,-184,0,0,100,0,440,104,32,32,0,72,-168,0,0,100,0,384,40,64,64,0,32,-216,0,0,30,0,128,0,128,152,0,32,-216,0,1,15,0,0,632,128,152,0,32,-216,0,1,60,0,384,480,128,152,0,32,-216,0,0,30,0,384,480,128,152,0,32,-216,0,0,100,0,0,0,128,152,0,120,-176,0,0,100,0,464,0,40,40,0,32,-138,0,0,100,0,0,152,128,96,0,0,-256,0,0,100,0,617,484,192,256,0,
0,31,77,-184,0,1,20,0,448,40,56,64,0,32,-216,0,1,20,0,128,632,128,152,0,54,-180,0,1,80,0,272,152,72,72,0,76,-151,0,0,100,0,288,376,32,48,0,78,-102,0,0,100,0,0,248,32,32,0,78,-102,0,0,100,0,0,280,32,32,0,78,-142,0,0,100,0,704,240,48,48,0,89,-110,0,0,90,0,440,176,32,16,0,57,-131,0,0,100,0,256,248,32,32,0,57,-131,0,0,90,0,256,280,32,32,0,108,-100,0,0,100,0,536,88,16,16,0,105,-115,0,0,100,0,536,72,16,16,0,87,-95,0,0,100,0,520,72,16,16,0,64,-113,0,0,100,0,504,88,32,32,0,56,-109,0,0,100,0,504,72,16,16,0,51,-192,0,0,100,0,536,40,16,32,0,79,-196,0,0,100,0,504,40,32,32,0,32,-216,0,0,30,0,256,0,128,152,0,126,-134,0,0,100,0,472,104,32,32,0,112,-147,0,0,100,0,440,136,32,40,0,32,-184,0,0,100,0,384,104,56,88,0,80,-184,0,0,100,0,440,104,32,32,0,72,-168,0,0,100,0,384,40,64,64,0,32,-216,0,0,30,0,128,0,128,152,0,32,-216,0,1,20,0,0,632,128,152,0,32,-216,0,1,60,0,384,480,128,152,0,32,-216,0,0,30,0,384,480,128,152,0,32,-216,0,0,100,0,0,0,128,152,0,120,-176,0,0,100,0,504,0,40,40,0,32,-138,0,0,100,0,0,152,128,96,0,0,-256,0,0,100,0,617,484,192,256,0,
0,30,77,-184,0,1,20,0,448,40,56,64,0,32,-216,0,1,20,0,128,632,128,152,0,76,-151,0,0,100,0,288,376,32,48,0,78,-102,0,0,100,0,0,248,32,32,0,78,-102,0,0,90,0,0,280,32,32,0,78,-142,0,0,100,0,704,240,48,48,0,89,-110,0,0,90,0,440,176,32,16,0,57,-131,0,0,100,0,256,248,32,32,0,57,-131,0,0,90,0,256,280,32,32,0,108,-100,0,0,100,0,536,88,16,16,0,105,-115,0,0,100,0,536,72,16,16,0,87,-95,0,0,100,0,520,72,16,16,0,64,-113,0,0,100,0,504,88,32,32,0,56,-109,0,0,100,0,504,72,16,16,0,51,-192,0,0,100,0,536,40,16,32,0,79,-196,0,0,100,0,504,40,32,32,0,32,-216,0,0,30,0,256,0,128,152,0,126,-134,0,0,100,0,472,104,32,32,0,112,-147,0,0,100,0,440,136,32,40,0,32,-184,0,0,100,0,384,104,56,88,0,80,-184,0,0,100,0,440,104,32,32,0,72,-168,0,0,100,0,384,40,64,64,0,32,-216,0,0,30,0,128,0,128,152,0,32,-216,0,1,20,0,0,632,128,152,0,32,-216,0,1,60,0,384,480,128,152,0,32,-216,0,0,30,0,384,480,128,152,0,32,-216,0,0,100,0,0,0,128,152,0,120,-176,0,0,100,0,384,0,40,40,0,32,-138,0,0,100,0,0,152,128,96,0,0,-256,0,0,100,0,617,484,192,256,0,
0,30,77,-184,0,1,15,0,448,40,56,64,0,32,-216,0,1,15,0,128,632,128,152,0,88,-155,0,0,100,0,224,440,32,48,0,78,-102,0,0,100,0,0,248,32,32,0,78,-102,0,0,90,0,0,280,32,32,0,80,-143,0,0,100,0,752,240,48,48,0,91,-111,0,0,90,0,440,176,32,16,0,57,-131,0,0,100,0,256,248,32,32,0,57,-131,0,0,90,0,256,280,32,32,0,108,-100,0,0,100,0,536,88,16,16,0,105,-115,0,0,100,0,536,72,16,16,0,87,-95,0,0,100,0,520,72,16,16,0,64,-113,0,0,100,0,504,88,32,32,0,56,-109,0,0,100,0,504,72,16,16,0,51,-192,0,0,100,0,536,40,16,32,0,79,-196,0,0,100,0,504,40,32,32,0,32,-216,0,0,27,0,256,632,128,152,0,126,-134,0,0,100,0,472,104,32,32,0,112,-147,0,0,100,0,440,136,32,40,0,32,-184,0,0,100,0,384,104,56,88,0,80,-184,0,0,100,0,440,104,32,32,0,72,-168,0,0,100,0,384,40,64,64,0,32,-216,0,0,30,0,128,0,128,152,0,32,-216,0,1,15,0,0,632,128,152,0,32,-216,0,1,60,0,384,480,128,152,0,32,-216,0,0,30,0,384,480,128,152,0,32,-216,0,0,100,0,0,0,128,152,0,120,-176,0,0,100,0,424,0,40,40,0,32,-138,0,0,100,0,0,152,128,96,0,0,-256,0,0,100,0,617,484,192,256,0,
0,31,77,-184,0,1,15,0,448,40,56,64,0,32,-216,0,1,15,0,128,632,128,152,0,69,-150,0,1,90,0,128,200,48,40,0,64,-129,0,0,100,0,256,440,48,32,0,78,-102,0,0,100,0,0,248,32,32,0,78,-102,0,0,90,0,0,280,32,32,0,81,-143,0,0,100,0,800,240,48,48,0,90,-110,0,0,90,0,440,176,32,16,0,57,-131,0,0,100,0,256,248,32,32,0,57,-131,0,0,90,0,256,280,32,32,0,108,-100,0,0,100,0,536,88,16,16,0,105,-115,0,0,100,0,536,72,16,16,0,87,-95,0,0,100,0,520,72,16,16,0,64,-113,0,0,100,0,504,88,32,32,0,56,-109,0,0,100,0,504,72,16,16,0,51,-192,0,0,100,0,536,40,16,32,0,79,-196,0,0,100,0,504,40,32,32,0,32,-216,0,0,27,0,256,632,128,152,0,126,-134,0,0,100,0,472,104,32,32,0,112,-147,0,0,100,0,440,136,32,40,0,32,-184,0,0,100,0,384,104,56,88,0,80,-184,0,0,100,0,440,104,32,32,0,72,-168,0,0,100,0,384,40,64,64,0,32,-216,0,0,30,0,128,0,128,152,0,32,-216,0,1,15,0,0,632,128,152,0,32,-216,0,1,60,0,384,480,128,152,0,32,-216,0,0,30,0,384,480,128,152,0,32,-216,0,0,100,0,0,0,128,152,0,120,-176,0,0,100,0,464,0,40,40,0,32,-138,0,0,100,0,0,152,128,96,0,0,-256,0,0,100,0,617,484,192,256,0,
0,31,77,-184,0,1,10,0,448,40,56,64,0,32,-216,0,1,10,0,128,632,128,152,0,69,-140,0,1,80,0,176,200,32,24,0,65,-130,0,0,100,0,256,440,48,32,0,78,-102,0,0,100,0,0,248,32,32,0,78,-102,0,0,100,0,0,280,32,32,0,81,-143,0,0,100,0,848,240,48,48,0,90,-110,0,0,90,0,440,176,32,16,0,57,-131,0,0,100,0,256,248,32,32,0,57,-131,0,0,90,0,256,280,32,32,0,108,-100,0,0,100,0,536,88,16,16,0,105,-115,0,0,100,0,536,72,16,16,0,87,-95,0,0,100,0,520,72,16,16,0,64,-113,0,0,100,0,504,88,32,32,0,56,-109,0,0,100,0,504,72,16,16,0,51,-192,0,0,100,0,536,40,16,32,0,79,-196,0,0,100,0,504,40,32,32,0,32,-216,0,0,25,0,384,632,128,152,0,126,-134,0,0,100,0,472,104,32,32,0,112,-147,0,0,100,0,440,136,32,40,0,32,-184,0,0,100,0,384,104,56,88,0,80,-184,0,0,100,0,440,104,32,32,0,72,-168,0,0,100,0,384,40,64,64,0,32,-216,0,0,30,0,128,0,128,152,0,32,-216,0,1,10,0,0,632,128,152,0,32,-216,0,1,60,0,384,480,128,152,0,32,-216,0,0,30,0,384,480,128,152,0,32,-216,0,0,100,0,0,0,128,152,0,120,-176,0,0,100,0,504,0,40,40,0,32,-138,0,0,100,0,0,152,128,96,0,0,-256,0,0,100,0,617,484,192,256,0,
0,30,77,-184,0,1,10,0,448,40,56,64,0,32,-216,0,1,10,0,128,632,128,152,0,65,-130,0,0,100,0,256,440,48,32,0,78,-102,0,0,100,0,0,248,32,32,0,78,-102,0,0,90,0,0,280,32,32,0,81,-143,0,0,100,0,848,240,48,48,0,90,-110,0,0,90,0,440,176,32,16,0,57,-131,0,0,100,0,256,248,32,32,0,57,-131,0,0,90,0,256,280,32,32,0,108,-100,0,0,100,0,536,88,16,16,0,105,-115,0,0,100,0,536,72,16,16,0,87,-95,0,0,100,0,520,72,16,16,0,64,-113,0,0,100,0,504,88,32,32,0,56,-109,0,0,100,0,504,72,16,16,0,51,-192,0,0,100,0,536,40,16,32,0,79,-196,0,0,100,0,504,40,32,32,0,32,-216,0,0,25,0,384,632,128,152,0,126,-134,0,0,100,0,472,104,32,32,0,112,-147,0,0,100,0,440,136,32,40,0,32,-184,0,0,100,0,384,104,56,88,0,80,-184,0,0,100,0,440,104,32,32,0,72,-168,0,0,100,0,384,40,64,64,0,32,-216,0,0,30,0,128,0,128,152,0,32,-216,0,1,10,0,0,632,128,152,0,32,-216,0,1,60,0,384,480,128,152,0,32,-216,0,0,30,0,384,480,128,152,0,32,-216,0,0,100,0,0,0,128,152,0,120,-176,0,0,100,0,384,0,40,40,0,32,-138,0,0,100,0,0,152,128,96,0,0,-256,0,0,100,0,617,484,192,256,0,
0,30,77,-184,0,1,15,0,448,40,56,64,0,32,-216,0,1,15,0,128,632,128,152,0,65,-131,0,0,100,0,304,440,48,32,0,78,-102,0,0,100,0,0,248,32,32,0,78,-102,0,0,90,0,0,280,32,32,0,81,-143,0,0,100,0,896,240,48,48,0,90,-110,0,0,90,0,440,176,32,16,0,57,-131,0,0,100,0,256,248,32,32,0,57,-131,0,0,90,0,256,280,32,32,0,108,-100,0,0,100,0,536,88,16,16,0,105,-115,0,0,100,0,536,72,16,16,0,87,-95,0,0,100,0,520,72,16,16,0,64,-113,0,0,100,0,504,88,32,32,0,56,-109,0,0,100,0,504,72,16,16,0,51,-192,0,0,100,0,536,40,16,32,0,79,-196,0,0,100,0,504,40,32,32,0,32,-216,0,0,27,0,256,632,128,152,0,126,-134,0,0,100,0,472,104,32,32,0,112,-147,0,0,100,0,440,136,32,40,0,32,-184,0,0,100,0,384,104,56,88,0,80,-184,0,0,100,0,440,104,32,32,0,72,-168,0,0,100,0,384,40,64,64,0,32,-216,0,0,30,0,128,0,128,152,0,32,-216,0,1,15,0,0,632,128,152,0,32,-216,0,1,60,0,384,480,128,152,0,32,-216,0,0,30,0,384,480,128,152,0,32,-216,0,0,100,0,0,0,128,152,0,120,-176,0,0,100,0,424,0,40,40,0,32,-138,0,0,100,0,0,152,128,96,0,0,-256,0,0,100,0,617,484,192,256,0,
0,32,77,-184,0,1,15,0,448,40,56,64,0,32,-216,0,1,15,0,128,632,128,152,0,64,-115,0,0,100,0,352,440,32,32,0,64,-114,0,0,90,0,352,472,32,32,0,79,-129,0,0,100,0,0,504,32,32,0,78,-102,0,0,100,0,0,248,32,32,0,78,-102,0,0,90,0,0,280,32,32,0,81,-143,0,0,100,0,896,240,48,48,0,90,-110,0,0,90,0,440,176,32,16,0,57,-131,0,0,100,0,256,248,32,32,0,57,-131,0,0,90,0,256,280,32,32,0,108,-100,0,0,100,0,536,88,16,16,0,105,-115,0,0,100,0,536,72,16,16,0,87,-95,0,0,100,0,520,72,16,16,0,64,-113,0,0,100,0,504,88,32,32,0,56,-109,0,0,100,0,504,72,16,16,0,51,-192,0,0,100,0,536,40,16,32,0,79,-196,0,0,100,0,504,40,32,32,0,32,-216,0,0,27,0,256,632,128,152,0,126,-134,0,0,100,0,472,104,32,32,0,112,-147,0,0,100,0,440,136,32,40,0,32,-184,0,0,100,0,384,104,56,88,0,80,-184,0,0,100,0,440,104,32,32,0,72,-168,0,0,100,0,384,40,64,64,0,32,-216,0,0,30,0,128,0,128,152,0,32,-216,0,1,15,0,0,632,128,152,0,32,-216,0,1,60,0,384,480,128,152,0,32,-216,0,0,30,0,384,480,128,152,0,32,-216,0,0,100,0,0,0,128,152,0,120,-176,0,0,100,0,464,0,40,40,0,32,-138,0,0,100,0,0,152,128,96,0,0,-256,0,0,100,0,617,484,192,256,0,
0,32,77,-184,0,1,20,0,448,40,56,64,0,32,-216,0,1,20,0,128,632,128,152,0,64,-109,0,0,100,0,0,536,32,32,0,64,-108,0,0,90,0,0,568,32,32,0,79,-129,0,0,100,0,0,504,32,32,0,78,-102,0,0,100,0,0,248,32,32,0,78,-102,0,0,100,0,0,280,32,32,0,81,-143,0,0,100,0,896,240,48,48,0,90,-110,0,0,90,0,440,176,32,16,0,57,-131,0,0,100,0,256,248,32,32,0,57,-131,0,0,90,0,256,280,32,32,0,108,-100,0,0,100,0,536,88,16,16,0,105,-115,0,0,100,0,536,72,16,16,0,87,-95,0,0,100,0,520,72,16,16,0,64,-113,0,0,100,0,504,88,32,32,0,56,-109,0,0,100,0,504,72,16,16,0,51,-192,0,0,100,0,536,40,16,32,0,79,-196,0,0,100,0,504,40,32,32,0,32,-216,0,0,30,0,256,0,128,152,0,126,-134,0,0,100,0,472,104,32,32,0,112,-147,0,0,100,0,440,136,32,40,0,32,-184,0,0,100,0,384,104,56,88,0,80,-184,0,0,100,0,440,104,32,32,0,72,-168,0,0,100,0,384,40,64,64,0,32,-216,0,0,30,0,128,0,128,152,0,32,-216,0,1,20,0,0,632,128,152,0,32,-216,0,1,60,0,384,480,128,152,0,32,-216,0,0,30,0,384,480,128,152,0,32,-216,0,0,100,0,0,0,128,152,0,120,-176,0,0,100,0,504,0,40,40,0,32,-138,0,0,100,0,0,152,128,96,0,0,-256,0,0,100,0,617,484,192,256,0,
0,32,77,-184,0,1,20,0,448,40,56,64,0,32,-216,0,1,20,0,128,632,128,152,0,64,-107,0,0,100,0,32,536,32,32,0,64,-107,0,0,90,0,32,568,32,32,0,79,-129,0,0,100,0,0,504,32,32,0,78,-102,0,0,100,0,0,248,32,32,0,78,-102,0,0,90,0,0,280,32,32,0,81,-143,0,0,100,0,896,240,48,48,0,90,-110,0,0,90,0,440,176,32,16,0,57,-131,0,0,100,0,256,248,32,32,0,57,-131,0,0,90,0,256,280,32,32,0,108,-100,0,0,100,0,536,88,16,16,0,105,-115,0,0,100,0,536,72,16,16,0,87,-95,0,0,100,0,520,72,16,16,0,64,-113,0,0,100,0,504,88,32,32,0,56,-109,0,0,100,0,504,72,16,16,0,51,-192,0,0,100,0,536,40,16,32,0,79,-196,0,0,100,0,504,40,32,32,0,32,-216,0,0,30,0,256,0,128,152,0,126,-134,0,0,100,0,472,104,32,32,0,112,-147,0,0,100,0,440,136,32,40,0,32,-184,0,0,100,0,384,104,56,88,0,80,-184,0,0,100,0,440,104,32,32,0,72,-168,0,0,100,0,384,40,64,64,0,32,-216,0,0,30,0,128,0,128,152,0,32,-216,0,1,20,0,0,632,128,152,0,32,-216,0,1,60,0,384,480,128,152,0,32,-216,0,0,30,0,384,480,128,152,0,32,-216,0,0,100,0,0,0,128,152,0,120,-176,0,0,100,0,384,0,40,40,0,32,-138,0,0,100,0,0,152,128,96,0,0,-256,0,0,100,0,617,484,192,256,0,
0,32,77,-184,0,1,15,0,448,40,56,64,0,32,-216,0,1,15,0,128,632,128,152,0,64,-107,0,0,100,0,32,536,32,32,0,64,-107,0,0,90,0,32,568,32,32,0,79,-124,0,0,100,0,32,504,32,32,0,78,-102,0,0,100,0,0,248,32,32,0,78,-102,0,0,90,0,0,280,32,32,0,81,-143,0,0,100,0,944,240,48,48,0,90,-110,0,0,90,0,440,176,32,16,0,57,-131,0,0,100,0,256,248,32,32,0,57,-131,0,0,90,0,256,280,32,32,0,108,-100,0,0,100,0,536,88,16,16,0,105,-115,0,0,100,0,536,72,16,16,0,87,-95,0,0,100,0,520,72,16,16,0,64,-113,0,0,100,0,504,88,32,32,0,56,-109,0,0,100,0,504,72,16,16,0,51,-192,0,0,100,0,536,40,16,32,0,79,-196,0,0,100,0,504,40,32,32,0,32,-216,0,0,27,0,256,632,128,152,0,126,-134,0,0,100,0,472,104,32,32,0,112,-147,0,0,100,0,440,136,32,40,0,32,-184,0,0,100,0,384,104,56,88,0,80,-184,0,0,100,0,440,104,32,32,0,72,-168,0,0,100,0,384,40,64,64,0,32,-216,0,0,30,0,128,0,128,152,0,32,-216,0,1,15,0,0,632,128,152,0,32,-216,0,1,60,0,384,480,128,152,0,32,-216,0,0,30,0,384,480,128,152,0,32,-216,0,0,100,0,0,0,128,152,0,120,-176,0,0,100,0,424,0,40,40,0,32,-138,0,0,100,0,0,152,128,96,0,0,-256,0,0,100,0,617,484,192,256,0,
0,32,77,-184,0,1,15,0,448,40,56,64,0,32,-216,0,1,15,0,128,632,128,152,0,64,-107,0,0,100,0,32,536,32,32,0,64,-107,0,0,90,0,32,568,32,32,0,84,-119,0,0,100,0,64,504,32,32,0,78,-102,0,0,100,0,0,248,32,32,0,78,-102,0,0,90,0,0,280,32,32,0,81,-143,0,0,100,0,560,288,48,48,0,89,-110,0,0,90,0,440,176,32,16,0,57,-131,0,0,100,0,256,248,32,32,0,57,-131,0,0,90,0,256,280,32,32,0,108,-100,0,0,100,0,536,88,16,16,0,105,-115,0,0,100,0,536,72,16,16,0,87,-95,0,0,100,0,520,72,16,16,0,64,-113,0,0,100,0,504,88,32,32,0,56,-109,0,0,100,0,504,72,16,16,0,51,-192,0,0,100,0,536,40,16,32,0,79,-196,0,0,100,0,504,40,32,32,0,32,-216,0,0,27,0,256,632,128,152,0,126,-134,0,0,100,0,472,104,32,32,0,112,-147,0,0,100,0,440,136,32,40,0,32,-184,0,0,100,0,384,104,56,88,0,80,-184,0,0,100,0,440,104,32,32,0,72,-168,0,0,100,0,384,40,64,64,0,32,-216,0,0,30,0,128,0,128,152,0,32,-216,0,1,15,0,0,632,128,152,0,32,-216,0,1,60,0,384,480,128,152,0,32,-216,0,0,30,0,384,480,128,152,0,32,-216,0,0,100,0,0,0,128,152,0,120,-176,0,0,100,0,464,0,40,40,0,32,-138,0,0,100,0,0,152,128,96,0,0,-256,0,0,100,0,617,484,192,256,0,
0,32,77,-184,0,1,10,0,448,40,56,64,0,32,-216,0,1,10,0,128,632,128,152,0,64,-107,0,0,100,0,32,536,32,32,0,64,-107,0,0,90,0,32,568,32,32,0,94,-109,0,0,100,0,96,504,32,32,0,78,-102,0,0,100,0,0,248,32,32,0,78,-102,0,0,100,0,0,280,32,32,0,73,-132,0,0,100,0,608,288,48,48,0,85,-106,0,0,90,0,440,176,32,16,0,57,-131,0,0,100,0,256,248,32,32,0,57,-131,0,0,90,0,256,280,32,32,0,108,-100,0,0,100,0,536,88,16,16,0,105,-115,0,0,100,0,536,72,16,16,0,87,-95,0,0,100,0,520,72,16,16,0,64,-113,0,0,100,0,504,88,32,32,0,56,-109,0,0,100,0,504,72,16,16,0,51,-192,0,0,100,0,536,40,16,32,0,79,-196,0,0,100,0,504,40,32,32,0,32,-216,0,0,25,0,384,632,128,152,0,126,-134,0,0,100,0,472,104,32,32,0,112,-147,0,0,100,0,440,136,32,40,0,32,-184,0,0,100,0,384,104,56,88,0,80,-184,0,0,100,0,440,104,32,32,0,72,-168,0,0,100,0,384,40,64,64,0,32,-216,0,0,30,0,128,0,128,152,0,32,-216,0,1,10,0,0,632,128,152,0,32,-216,0,1,60,0,384,480,128,152,0,32,-216,0,0,30,0,384,480,128,152,0,32,-216,0,0,100,0,0,0,128,152,0,120,-176,0,0,100,0,504,0,40,40,0,32,-138,0,0,100,0,0,152,128,96,0,0,-256,0,0,100,0,617,484,192,256,0,
0,32,77,-184,0,1,10,0,448,40,56,64,0,32,-216,0,1,10,0,128,632,128,152,0,64,-107,0,0,100,0,32,536,32,32,0,64,-107,0,0,90,0,32,568,32,32,0,94,-109,0,0,100,0,96,504,32,32,0,78,-102,0,0,100,0,0,248,32,32,0,78,-102,0,0,90,0,0,280,32,32,0,73,-132,0,0,100,0,656,288,48,48,0,83,-105,0,0,90,0,440,176,32,16,0,57,-131,0,0,100,0,256,248,32,32,0,57,-131,0,0,90,0,256,280,32,32,0,108,-100,0,0,100,0,536,88,16,16,0,105,-115,0,0,100,0,536,72,16,16,0,87,-95,0,0,100,0,520,72,16,16,0,64,-113,0,0,100,0,504,88,32,32,0,56,-109,0,0,100,0,504,72,16,16,0,51,-192,0,0,100,0,536,40,16,32,0,79,-196,0,0,100,0,504,40,32,32,0,32,-216,0,0,25,0,384,632,128,152,0,126,-134,0,0,100,0,472,104,32,32,0,112,-147,0,0,100,0,440,136,32,40,0,32,-184,0,0,100,0,384,104,56,88,0,80,-184,0,0,100,0,440,104,32,32,0,72,-168,0,0,100,0,384,40,64,64,0,32,-216,0,0,30,0,128,0,128,152,0,32,-216,0,1,10,0,0,632,128,152,0,32,-216,0,1,60,0,384,480,128,152,0,32,-216,0,0,30,0,384,480,128,152,0,32,-216,0,0,100,0,0,0,128,152,0,120,-176,0,0,100,0,384,0,40,40,0,32,-138,0,0,100,0,0,152,128,96,0,0,-256,0,0,100,0,617,484,192,256,0,
0,31,32,-216,0,1,15,0,128,632,128,152,0,70,-112,0,0,100,0,64,536,32,32,0,70,-112,0,0,90,0,64,568,32,32,0,94,-109,0,0,100,0,96,504,32,32,0,78,-102,0,0,100,0,0,248,32,32,0,78,-102,0,0,90,0,0,280,32,32,0,72,-139,0,0,100,0,704,288,48,48,0,84,-106,0,0,90,0,440,176,32,16,0,57,-131,0,0,100,0,256,248,32,32,0,57,-131,0,0,90,0,256,280,32,32,0,108,-100,0,0,100,0,536,88,16,16,0,105,-115,0,0,100,0,536,72,16,16,0,87,-95,0,0,100,0,520,72,16,16,0,64,-113,0,0,100,0,504,88,32,32,0,56,-109,0,0,100,0,504,72,16,16,0,51,-192,0,0,100,0,536,40,16,32,0,79,-196,0,0,100,0,504,40,32,32,0,32,-216,0,0,27,0,256,632,128,152,0,126,-134,0,0,100,0,472,104,32,32,0,112,-147,0,0,100,0,440,136,32,40,0,32,-184,0,0,100,0,384,104,56,88,0,80,-184,0,0,100,0,440,104,32,32,0,72,-168,0,0,100,0,384,40,64,64,0,32,-216,0,0,30,0,128,0,128,152,0,32,-216,0,1,15,0,0,632,128,152,0,32,-216,0,1,60,0,384,480,128,152,0,32,-216,0,0,30,0,384,480,128,152,0,32,-216,0,0,100,0,0,0,128,152,0,120,-176,0,0,100,0,424,0,40,40,0,32,-138,0,0,100,0,0,152,128,96,0,0,-256,0,0,100,0,617,484,192,256,0,
0,33,77,-184,0,1,15,0,448,40,56,64,0,32,-216,0,1,15,0,128,632,128,152,0,85,-112,0,0,100,0,64,536,32,32,0,85,-112,0,0,90,0,64,568,32,32,0,101,-121,0,0,100,0,128,504,32,32,0,101,-121,0,0,90,0,128,536,32,32,0,78,-102,0,0,100,0,0,248,32,32,0,78,-102,0,0,90,0,0,280,32,32,0,76,-136,0,0,100,0,608,144,48,48,0,86,-106,0,0,90,0,440,176,32,16,0,57,-131,0,0,100,0,256,248,32,32,0,57,-131,0,0,90,0,256,280,32,32,0,108,-100,0,0,100,0,536,88,16,16,0,105,-115,0,0,100,0,536,72,16,16,0,87,-95,0,0,100,0,520,72,16,16,0,64,-113,0,0,100,0,504,88,32,32,0,56,-109,0,0,100,0,504,72,16,16,0,51,-192,0,0,100,0,536,40,16,32,0,79,-196,0,0,100,0,504,40,32,32,0,32,-216,0,0,27,0,256,632,128,152,0,126,-134,0,0,100,0,472,104,32,32,0,112,-147,0,0,100,0,440,136,32,40,0,32,-184,0,0,100,0,384,104,56,88,0,80,-184,0,0,100,0,440,104,32,32,0,72,-168,0,0,100,0,384,40,64,64,0,32,-216,0,0,30,0,128,0,128,152,0,32,-216,0,1,15,0,0,632,128,152,0,32,-216,0,1,60,0,384,480,128,152,0,32,-216,0,0,30,0,384,480,128,152,0,32,-216,0,0,100,0,0,0,128,152,0,120,-176,0,0,100,0,464,0,40,40,0,32,-138,0,0,100,0,0,152,128,96,0,0,-256,0,0,100,0,617,484,192,256,0,
0,31,77,-184,0,1,20,0,448,40,56,64,0,32,-216,0,1,20,0,128,632,128,152,0,93,-114,0,0,100,0,0,376,48,32,0,93,-114,0,0,90,0,0,408,48,32,0,78,-102,0,0,100,0,0,248,32,32,0,78,-102,0,0,100,0,0,280,32,32,0,76,-137,0,0,100,0,656,144,48,48,0,88,-106,0,0,90,0,440,176,32,16,0,57,-131,0,0,100,0,256,248,32,32,0,57,-131,0,0,90,0,256,280,32,32,0,108,-100,0,0,100,0,536,88,16,16,0,105,-115,0,0,100,0,536,72,16,16,0,87,-95,0,0,100,0,520,72,16,16,0,64,-113,0,0,100,0,504,88,32,32,0,56,-109,0,0,100,0,504,72,16,16,0,51,-192,0,0,100,0,536,40,16,32,0,79,-196,0,0,100,0,504,40,32,32,0,32,-216,0,0,30,0,256,0,128,152,0,126,-134,0,0,100,0,472,104,32,32,0,112,-147,0,0,100,0,440,136,32,40,0,32,-184,0,0,100,0,384,104,56,88,0,80,-184,0,0,100,0,440,104,32,32,0,72,-168,0,0,100,0,384,40,64,64,0,32,-216,0,0,30,0,128,0,128,152,0,32,-216,0,1,20,0,0,632,128,152,0,32,-216,0,1,60,0,384,480,128,152,0,32,-216,0,0,30,0,384,480,128,152,0,32,-216,0,0,100,0,0,0,128,152,0,120,-176,0,0,100,0,504,0,40,40,0,32,-138,0,0,100,0,0,152,128,96,0,0,-256,0,0,100,0,617,484,192,256,0,
0,31,77,-184,0,1,10,0,448,40,56,64,0,32,-216,0,1,10,0,128,632,128,152,0,71,-114,0,0,100,0,160,504,48,32,0,71,-114,0,0,90,0,160,536,48,32,0,78,-102,0,0,100,0,0,248,32,32,0,78,-102,0,0,90,0,0,280,32,32,0,70,-134,0,0,100,0,560,0,48,48,0,78,-105,0,0,90,0,440,176,32,16,0,57,-131,0,0,100,0,256,248,32,32,0,57,-131,0,0,90,0,256,280,32,32,0,108,-100,0,0,100,0,536,88,16,16,0,105,-115,0,0,100,0,536,72,16,16,0,87,-95,0,0,100,0,520,72,16,16,0,64,-113,0,0,100,0,504,88,32,32,0,56,-109,0,0,100,0,504,72,16,16,0,51,-192,0,0,100,0,536,40,16,32,0,79,-196,0,0,100,0,504,40,32,32,0,32,-216,0,0,25,0,384,632,128,152,0,126,-134,0,0,100,0,472,104,32,32,0,112,-147,0,0,100,0,440,136,32,40,0,32,-184,0,0,100,0,384,104,56,88,0,80,-184,0,0,100,0,440,104,32,32,0,72,-168,0,0,100,0,384,40,64,64,0,32,-216,0,0,30,0,128,0,128,152,0,32,-216,0,1,10,0,0,632,128,152,0,32,-216,0,1,60,0,384,480,128,152,0,32,-216,0,0,30,0,384,480,128,152,0,32,-216,0,0,100,0,0,0,128,152,0,120,-176,0,0,100,0,384,0,40,40,0,32,-138,0,0,100,0,0,152,128,96,0,0,-256,0,0,100,0,617,484,192,256,0,
0,31,77,-184,0,1,15,0,448,40,56,64,0,32,-216,0,1,15,0,128,632,128,152,0,87,-113,0,0,100,0,208,504,48,32,0,87,-113,0,0,90,0,208,536,48,32,0,78,-102,0,0,100,0,0,248,32,32,0,78,-102,0,0,90,0,0,280,32,32,0,70,-134,0,0,100,0,560,336,48,48,0,78,-105,0,0,90,0,440,176,32,16,0,57,-131,0,0,100,0,256,248,32,32,0,57,-131,0,0,90,0,256,280,32,32,0,108,-100,0,0,100,0,536,88,16,16,0,105,-115,0,0,100,0,536,72,16,16,0,87,-95,0,0,100,0,520,72,16,16,0,64,-113,0,0,100,0,504,88,32,32,0,56,-109,0,0,100,0,504,72,16,16,0,51,-192,0,0,100,0,536,40,16,32,0,79,-196,0,0,100,0,504,40,32,32,0,32,-216,0,0,27,0,256,632,128,152,0,126,-134,0,0,100,0,472,104,32,32,0,112,-147,0,0,100,0,440,136,32,40,0,32,-184,0,0,100,0,384,104,56,88,0,80,-184,0,0,100,0,440,104,32,32,0,72,-168,0,0,100,0,384,40,64,64,0,32,-216,0,0,30,0,128,0,128,152,0,32,-216,0,1,15,0,0,632,128,152,0,32,-216,0,1,60,0,384,480,128,152,0,32,-216,0,0,30,0,384,480,128,152,0,32,-216,0,0,100,0,0,0,128,152,0,120,-176,0,0,100,0,424,0,40,40,0,32,-138,0,0,100,0,0,152,128,96,0,0,-256,0,0,100,0,617,484,192,256,0,
0,31,77,-184,0,1,15,0,448,40,56,64,0,32,-216,0,1,15,0,128,632,128,152,0,87,-113,0,0,100,0,208,504,48,32,0,87,-113,0,0,90,0,208,536,48,32,0,78,-102,0,0,100,0,0,248,32,32,0,78,-102,0,0,90,0,0,280,32,32,0,71,-134,0,0,100,0,608,336,48,48,0,73,-106,0,0,90,0,440,176,32,16,0,57,-131,0,0,100,0,256,248,32,32,0,57,-131,0,0,90,0,256,280,32,32,0,108,-100,0,0,100,0,536,88,16,16,0,105,-115,0,0,100,0,536,72,16,16,0,87,-95,0,0,100,0,520,72,16,16,0,64,-113,0,0,100,0,504,88,32,32,0,56,-109,0,0,100,0,504,72,16,16,0,51,-192,0,0,100,0,536,40,16,32,0,79,-196,0,0,100,0,504,40,32,32,0,32,-216,0,0,27,0,256,632,128,152,0,126,-134,0,0,100,0,472,104,32,32,0,112,-147,0,0,100,0,440,136,32,40,0,32,-184,0,0,100,0,384,104,56,88,0,80,-184,0,0,100,0,440,104,32,32,0,72,-168,0,0,100,0,384,40,64,64,0,32,-216,0,0,30,0,128,0,128,152,0,32,-216,0,1,15,0,0,632,128,152,0,32,-216,0,1,60,0,384,480,128,152,0,32,-216,0,0,30,0,384,480,128,152,0,32,-216,0,0,100,0,0,0,128,152,0,120,-176,0,0,100,0,464,0,40,40,0,32,-138,0,0,100,0,0,152,128,96,0,0,-256,0,0,100,0,617,484,192,256,0,
0,31,77,-184,0,1,20,0,448,40,56,64,0,32,-216,0,1,20,0,128,632,128,152,0,87,-113,0,0,100,0,208,504,48,32,0,87,-113,0,0,90,0,208,536,48,32,0,78,-102,0,0,100,0,0,248,32,32,0,78,-102,0,0,100,0,0,280,32,32,0,70,-135,0,0,100,0,656,336,48,48,0,72,-107,0,0,90,0,440,176,32,16,0,57,-131,0,0,100,0,256,248,32,32,0,57,-131,0,0,90,0,256,280,32,32,0,108,-100,0,0,100,0,536,88,16,16,0,105,-115,0,0,100,0,536,72,16,16,0,87,-95,0,0,100,0,520,72,16,16,0,64,-113,0,0,100,0,504,88,32,32,0,56,-109,0,0,100,0,504,72,16,16,0,51,-192,0,0,100,0,536,40,16,32,0,79,-196,0,0,100,0,504,40,32,32,0,32,-216,0,0,30,0,256,0,128,152,0,126,-134,0,0,100,0,472,104,32,32,0,112,-147,0,0,100,0,440,136,32,40,0,32,-184,0,0,100,0,384,104,56,88,0,80,-184,0,0,100,0,440,104,32,32,0,72,-168,0,0,100,0,384,40,64,64,0,32,-216,0,0,30,0,128,0,128,152,0,32,-216,0,1,20,0,0,632,128,152,0,32,-216,0,1,60,0,384,480,128,152,0,32,-216,0,0,30,0,384,480,128,152,0,32,-216,0,0,100,0,0,0,128,152,0,120,-176,0,0,100,0,504,0,40,40,0,32,-138,0,0,100,0,0,152,128,96,0,0,-256,0,0,100,0,617,484,192,256,0,
0,30,77,-184,0,1,20,0,448,40,56,64,0,32,-216,0,1,20,0,128,632,128,152,0,87,-113,0,0,100,0,208,504,48,32,0,87,-113,0,0,90,0,208,536,48,32,0,78,-102,0,0,100,0,0,248,32,32,0,78,-102,0,0,90,0,0,280,32,32,0,65,-122,0,0,100,0,288,248,32,32,0,67,-135,0,0,100,0,704,336,48,48,0,75,-106,0,0,90,0,440,176,32,16,0,108,-100,0,0,100,0,536,88,16,16,0,105,-115,0,0,100,0,536,72,16,16,0,87,-95,0,0,100,0,520,72,16,16,0,64,-113,0,0,100,0,504,88,32,32,0,56,-109,0,0,100,0,504,72,16,16,0,51,-192,0,0,100,0,536,40,16,32,0,79,-196,0,0,100,0,504,40,32,32,0,32,-216,0,0,30,0,256,0,128,152,0,126,-134,0,0,100,0,472,104,32,32,0,112,-147,0,0,100,0,440,136,32,40,0,32,-184,0,0,100,0,384,104,56,88,0,80,-184,0,0,100,0,440,104,32,32,0,72,-168,0,0,100,0,384,40,64,64,0,32,-216,0,0,30,0,128,0,128,152,0,32,-216,0,1,20,0,0,632,128,152,0,32,-216,0,1,60,0,384,480,128,152,0,32,-216,0,0,30,0,384,480,128,152,0,32,-216,0,0,100,0,0,0,128,152,0,120,-176,0,0,100,0,384,0,40,40,0,32,-138,0,0,100,0,0,152,128,96,0,0,-256,0,0,100,0,617,484,192,256,0,
0,30,77,-184,0,1,15,0,448,40,56,64,0,32,-216,0,1,15,0,128,632,128,152,0,87,-113,0,0,100,0,208,504,48,32,0,87,-113,0,0,90,0,208,536,48,32,0,78,-102,0,0,100,0,0,248,32,32,0,78,-102,0,0,90,0,0,280,32,32,0,71,-120,0,0,100,0,320,248,32,32,0,69,-135,0,0,100,0,752,336,48,48,0,77,-106,0,0,90,0,440,176,32,16,0,108,-100,0,0,100,0,536,88,16,16,0,105,-115,0,0,100,0,536,72,16,16,0,87,-95,0,0,100,0,520,72,16,16,0,64,-113,0,0,100,0,504,88,32,32,0,56,-109,0,0,100,0,504,72,16,16,0,51,-192,0,0,100,0,536,40,16,32,0,79,-196,0,0,100,0,504,40,32,32,0,32,-216,0,0,27,0,256,632,128,152,0,126,-134,0,0,100,0,472,104,32,32,0,112,-147,0,0,100,0,440,136,32,40,0,32,-184,0,0,100,0,384,104,56,88,0,80,-184,0,0,100,0,440,104,32,32,0,72,-168,0,0,100,0,384,40,64,64,0,32,-216,0,0,30,0,128,0,128,152,0,32,-216,0,1,15,0,0,632,128,152,0,32,-216,0,1,60,0,384,480,128,152,0,32,-216,0,0,30,0,384,480,128,152,0,32,-216,0,0,100,0,0,0,128,152,0,120,-176,0,0,100,0,424,0,40,40,0,32,-138,0,0,100,0,0,152,128,96,0,0,-256,0,0,100,0,617,484,192,256,0,
0,31,77,-184,0,1,15,0,448,40,56,64,0,32,-216,0,1,15,0,128,632,128,152,0,87,-113,0,0,100,0,208,504,48,32,0,87,-113,0,0,90,0,208,536,48,32,0,78,-102,0,0,100,0,0,248,32,32,0,78,-102,0,0,90,0,0,280,32,32,0,73,-109,0,0,100,0,352,248,32,32,0,73,-109,0,0,90,0,288,280,32,32,0,74,-134,0,0,100,0,800,336,48,48,0,82,-105,0,0,90,0,440,176,32,16,0,108,-100,0,0,100,0,536,88,16,16,0,105,-115,0,0,100,0,536,72,16,16,0,87,-95,0,0,100,0,520,72,16,16,0,63,-112,0,0,100,0,504,88,32,32,0,56,-109,0,0,100,0,504,72,16,16,0,51,-192,0,0,100,0,536,40,16,32,0,79,-196,0,0,100,0,504,40,32,32,0,32,-216,0,0,27,0,256,632,128,152,0,126,-134,0,0,100,0,472,104,32,32,0,112,-147,0,0,100,0,440,136,32,40,0,32,-184,0,0,100,0,384,104,56,88,0,80,-184,0,0,100,0,440,104,32,32,0,72,-168,0,0,100,0,384,40,64,64,0,32,-216,0,0,30,0,128,0,128,152,0,32,-216,0,1,15,0,0,632,128,152,0,32,-216,0,1,60,0,384,480,128,152,0,32,-216,0,0,30,0,384,480,128,152,0,32,-216,0,0,100,0,0,0,128,152,0,120,-176,0,0,100,0,464,0,40,40,0,32,-138,0,0,100,0,0,152,128,96,0,0,-256,0,0,100,0,617,484,192,256,0,
0,31,77,-184,0,1,10,0,448,40,56,64,0,32,-216,0,1,10,0,128,632,128,152,0,87,-113,0,0,100,0,208,504,48,32,0,87,-113,0,0,90,0,208,536,48,32,0,78,-102,0,0,100,0,0,248,32,32,0,78,-102,0,0,100,0,0,280,32,32,0,73,-109,0,0,100,0,352,248,32,32,0,73,-109,0,0,90,0,288,280,32,32,0,74,-134,0,0,100,0,848,336,48,48,0,82,-105,0,0,90,0,440,176,32,16,0,108,-100,0,0,100,0,536,88,16,16,0,105,-115,0,0,100,0,536,72,16,16,0,87,-95,0,0,100,0,520,72,16,16,0,63,-112,0,0,100,0,504,88,32,32,0,56,-109,0,0,100,0,504,72,16,16,0,51,-192,0,0,100,0,536,40,16,32,0,79,-196,0,0,100,0,504,40,32,32,0,32,-216,0,0,25,0,384,632,128,152,0,126,-134,0,0,100,0,472,104,32,32,0,112,-147,0,0,100,0,440,136,32,40,0,32,-184,0,0,100,0,384,104,56,88,0,80,-184,0,0,100,0,440,104,32,32,0,72,-168,0,0,100,0,384,40,64,64,0,32,-216,0,0,30,0,128,0,128,152,0,32,-216,0,1,10,0,0,632,128,152,0,32,-216,0,1,60,0,384,480,128,152,0,32,-216,0,0,30,0,384,480,128,152,0,32,-216,0,0,100,0,0,0,128,152,0,120,-176,0,0,100,0,504,0,40,40,0,32,-138,0,0,100,0,0,152,128,96,0,0,-256,0,0,100,0,617,484,192,256,0,
0,31,77,-184,0,1,10,0,448,40,56,64,0,32,-216,0,1,10,0,128,632,128,152,0,87,-113,0,0,100,0,208,504,48,32,0,87,-113,0,0,90,0,208,536,48,32,0,78,-102,0,0,100,0,0,248,32,32,0,78,-102,0,0,90,0,0,280,32,32,0,73,-109,0,0,100,0,352,248,32,32,0,73,-109,0,0,90,0,288,280,32,32,0,74,-134,0,0,100,0,896,336,48,48,0,82,-105,0,0,90,0,440,176,32,16,0,108,-100,0,0,100,0,536,88,16,16,0,105,-115,0,0,100,0,536,72,16,16,0,87,-95,0,0,100,0,520,72,16,16,0,63,-112,0,0,100,0,504,88,32,32,0,56,-109,0,0,100,0,504,72,16,16,0,51,-192,0,0,100,0,536,40,16,32,0,79,-196,0,0,100,0,504,40,32,32,0,32,-216,0,0,25,0,384,632,128,152,0,126,-134,0,0,100,0,472,104,32,32,0,112,-147,0,0,100,0,440,136,32,40,0,32,-184,0,0,100,0,384,104,56,88,0,80,-184,0,0,100,0,440,104,32,32,0,72,-168,0,0,100,0,384,40,64,64,0,32,-216,0,0,30,0,128,0,128,152,0,32,-216,0,1,10,0,0,632,128,152,0,32,-216,0,1,60,0,384,480,128,152,0,32,-216,0,0,30,0,384,480,128,152,0,32,-216,0,0,100,0,0,0,128,152,0,120,-176,0,0,100,0,384,0,40,40,0,32,-138,0,0,100,0,0,152,128,96,0,0,-256,0,0,100,0,617,484,192,256,0,
0,31,77,-184,0,1,15,0,448,40,56,64,0,32,-216,0,1,15,0,128,632,128,152,0,87,-113,0,0,100,0,208,504,48,32,0,87,-113,0,0,90,0,208,536,48,32,0,78,-102,0,0,100,0,0,248,32,32,0,78,-102,0,0,90,0,0,280,32,32,0,73,-109,0,0,100,0,384,248,32,32,0,73,-109,0,0,90,0,288,280,32,32,0,74,-134,0,0,100,0,944,336,48,48,0,82,-105,0,0,90,0,440,176,32,16,0,108,-100,0,0,100,0,536,88,16,16,0,105,-115,0,0,100,0,536,72,16,16,0,87,-95,0,0,100,0,520,72,16,16,0,63,-112,0,0,100,0,504,88,32,32,0,56,-109,0,0,100,0,504,72,16,16,0,51,-192,0,0,100,0,536,40,16,32,0,79,-196,0,0,100,0,504,40,32,32,0,32,-216,0,0,27,0,256,632,128,152,0,126,-134,0,0,100,0,472,104,32,32,0,112,-147,0,0,100,0,440,136,32,40,0,32,-184,0,0,100,0,384,104,56,88,0,80,-184,0,0,100,0,440,104,32,32,0,72,-168,0,0,100,0,384,40,64,64,0,32,-216,0,0,30,0,128,0,128,152,0,32,-216,0,1,15,0,0,632,128,152,0,32,-216,0,1,60,0,384,480,128,152,0,32,-216,0,0,30,0,384,480,128,152,0,32,-216,0,0,100,0,0,0,128,152,0,120,-176,0,0,100,0,424,0,40,40,0,32,-138,0,0,100,0,0,152,128,96,0,0,-256,0,0,100,0,617,484,192,256,0,
0,31,77,-184,0,1,15,0,448,40,56,64,0,32,-216,0,1,15,0,128,632,128,152,0,87,-113,0,0,100,0,208,504,48,32,0,87,-113,0,0,90,0,208,536,48,32,0,78,-102,0,0,100,0,0,248,32,32,0,78,-102,0,0,90,0,0,280,32,32,0,73,-109,0,0,100,0,416,248,32,32,0,73,-109,0,0,90,0,288,280,32,32,0,74,-134,0,0,100,0,560,384,48,48,0,82,-105,0,0,90,0,440,176,32,16,0,108,-100,0,0,100,0,536,88,16,16,0,105,-115,0,0,100,0,536,72,16,16,0,87,-95,0,0,100,0,520,72,16,16,0,63,-112,0,0,100,0,504,88,32,32,0,56,-109,0,0,100,0,504,72,16,16,0,51,-192,0,0,100,0,536,40,16,32,0,79,-196,0,0,100,0,504,40,32,32,0,32,-216,0,0,27,0,256,632,128,152,0,126,-134,0,0,100,0,472,104,32,32,0,112,-147,0,0,100,0,440,136,32,40,0,32,-184,0,0,100,0,384,104,56,88,0,80,-184,0,0,100,0,440,104,32,32,0,72,-168,0,0,100,0,384,40,64,64,0,32,-216,0,0,30,0,128,0,128,152,0,32,-216,0,1,15,0,0,632,128,152,0,32,-216,0,1,60,0,384,480,128,152,0,32,-216,0,0,30,0,384,480,128,152,0,32,-216,0,0,100,0,0,0,128,152,0,120,-176,0,0,100,0,464,0,40,40,0,32,-138,0,0,100,0,0,152,128,96,0,0,-256,0,0,100,0,617,484,192,256,0,
0,31,77,-184,0,1,15,0,448,40,56,64,0,32,-216,0,1,15,0,128,632,128,152,0,87,-113,0,0,100,0,208,504,48,32,0,87,-113,0,0,90,0,208,536,48,32,0,78,-102,0,0,100,0,0,248,32,32,0,78,-102,0,0,100,0,0,280,32,32,0,73,-109,0,0,100,0,448,248,32,32,0,73,-109,0,0,90,0,288,280,32,32,0,74,-134,0,0,100,0,608,384,48,48,0,82,-105,0,0,90,0,440,176,32,16,0,108,-100,0,0,100,0,536,88,16,16,0,105,-115,0,0,100,0,536,72,16,16,0,87,-95,0,0,100,0,520,72,16,16,0,63,-112,0,0,100,0,504,88,32,32,0,56,-109,0,0,100,0,504,72,16,16,0,51,-192,0,0,100,0,536,40,16,32,0,79,-196,0,0,100,0,504,40,32,32,0,32,-216,0,0,27,0,256,632,128,152,0,126,-134,0,0,100,0,472,104,32,32,0,112,-147,0,0,100,0,440,136,32,40,0,32,-184,0,0,100,0,384,104,56,88,0,80,-184,0,0,100,0,440,104,32,32,0,72,-168,0,0,100,0,384,40,64,64,0,32,-216,0,0,30,0,128,0,128,152,0,32,-216,0,1,15,0,0,632,128,152,0,32,-216,0,1,60,0,384,480,128,152,0,32,-216,0,0,30,0,384,480,128,152,0,32,-216,0,0,100,0,0,0,128,152,0,120,-176,0,0,100,0,504,0,40,40,0,32,-138,0,0,100,0,0,152,128,96,0,0,-256,0,0,100,0,617,484,192,256,0,
0,30,77,-184,0,1,10,0,448,40,56,64,0,32,-216,0,1,10,0,128,632,128,152,0,87,-113,0,0,100,0,208,504,48,32,0,87,-113,0,0,90,0,208,536,48,32,0,78,-102,0,0,100,0,0,248,32,32,0,78,-102,0,0,90,0,0,280,32,32,0,74,-113,0,0,100,0,320,280,32,32,0,74,-134,0,0,100,0,656,384,48,48,0,82,-105,0,0,90,0,440,176,32,16,0,108,-100,0,0,100,0,536,88,16,16,0,105,-115,0,0,100,0,536,72,16,16,0,87,-95,0,0,100,0,520,72,16,16,0,64,-113,0,0,100,0,504,88,32,32,0,56,-109,0,0,100,0,504,72,16,16,0,51,-192,0,0,100,0,536,40,16,32,0,79,-196,0,0,100,0,504,40,32,32,0,32,-216,0,0,25,0,384,632,128,152,0,126,-134,0,0,100,0,472,104,32,32,0,112,-147,0,0,100,0,440,136,32,40,0,32,-184,0,0,100,0,384,104,56,88,0,80,-184,0,0,100,0,440,104,32,32,0,72,-168,0,0,100,0,384,40,64,64,0,32,-216,0,0,30,0,128,0,128,152,0,32,-216,0,1,10,0,0,632,128,152,0,32,-216,0,1,60,0,384,480,128,152,0,32,-216,0,0,30,0,384,480,128,152,0,32,-216,0,0,100,0,0,0,128,152,0,120,-176,0,0,100,0,384,0,40,40,0,32,-138,0,0,100,0,0,152,128,96,0,0,-256,0,0,100,0,617,484,192,256,0,
0,30,77,-184,0,1,10,0,448,40,56,64,0,32,-216,0,1,10,0,128,632,128,152,0,87,-113,0,0,100,0,208,504,48,32,0,87,-113,0,0,90,0,208,536,48,32,0,78,-102,0,0,100,0,0,248,32,32,0,78,-102,0,0,90,0,0,280,32,32,0,75,-114,0,0,100,0,352,280,32,32,0,72,-134,0,0,100,0,704,384,48,48,0,80,-105,0,0,90,0,440,176,32,16,0,108,-100,0,0,100,0,536,88,16,16,0,105,-115,0,0,100,0,536,72,16,16,0,87,-95,0,0,100,0,520,72,16,16,0,64,-113,0,0,100,0,504,88,32,32,0,56,-109,0,0,100,0,504,72,16,16,0,51,-192,0,0,100,0,536,40,16,32,0,79,-196,0,0,100,0,504,40,32,32,0,32,-216,0,0,25,0,384,632,128,152,0,126,-134,0,0,100,0,472,104,32,32,0,112,-147,0,0,100,0,440,136,32,40,0,32,-184,0,0,100,0,384,104,56,88,0,80,-184,0,0,100,0,440,104,32,32,0,72,-168,0,0,100,0,384,40,64,64,0,32,-216,0,0,30,0,128,0,128,152,0,32,-216,0,1,10,0,0,632,128,152,0,32,-216,0,1,60,0,384,480,128,152,0,32,-216,0,0,30,0,384,480,128,152,0,32,-216,0,0,100,0,0,0,128,152,0,120,-176,0,0,100,0,424,0,40,40,0,32,-138,0,0,100,0,0,152,128,96,0,0,-256,0,0,100,0,617,484,192,256,0,
0,31,77,-184,0,1,10,0,448,40,56,64,0,32,-216,0,1,10,0,128,632,128,152,0,93,-114,0,0,100,0,0,376,48,32,0,93,-114,0,0,90,0,0,408,48,32,0,78,-102,0,0,100,0,0,248,32,32,0,78,-102,0,0,90,0,0,280,32,32,0,70,-134,0,0,100,0,560,0,48,48,0,78,-105,0,0,90,0,440,176,32,16,0,57,-131,0,0,100,0,256,248,32,32,0,57,-131,0,0,90,0,256,280,32,32,0,108,-100,0,0,100,0,536,88,16,16,0,105,-115,0,0,100,0,536,72,16,16,0,87,-95,0,0,100,0,520,72,16,16,0,64,-113,0,0,100,0,504,88,32,32,0,56,-109,0,0,100,0,504,72,16,16,0,51,-192,0,0,100,0,536,40,16,32,0,79,-196,0,0,100,0,504,40,32,32,0,32,-216,0,0,25,0,384,632,128,152,0,126,-134,0,0,100,0,472,104,32,32,0,112,-147,0,0,100,0,440,136,32,40,0,32,-184,0,0,100,0,384,104,56,88,0,80,-184,0,0,100,0,440,104,32,32,0,72,-168,0,0,100,0,384,40,64,64,0,32,-216,0,0,30,0,128,0,128,152,0,32,-216,0,1,10,0,0,632,128,152,0,32,-216,0,1,60,0,384,480,128,152,0,32,-216,0,0,30,0,384,480,128,152,0,32,-216,0,0,100,0,0,0,128,152,0,120,-176,0,0,100,0,464,0,40,40,0,32,-138,0,0,100,0,0,152,128,96,0,0,-256,0,0,100,0,617,484,192,256,0,
0,31,77,-184,0,1,15,0,448,40,56,64,0,32,-216,0,1,15,0,128,632,128,152,0,93,-114,0,0,100,0,0,376,48,32,0,93,-114,0,0,90,0,0,408,48,32,0,78,-102,0,0,100,0,0,248,32,32,0,78,-102,0,0,100,0,0,280,32,32,0,70,-134,0,0,100,0,560,0,48,48,0,78,-105,0,0,90,0,440,176,32,16,0,57,-131,0,0,100,0,256,248,32,32,0,57,-131,0,0,90,0,256,280,32,32,0,108,-100,0,0,100,0,536,88,16,16,0,105,-115,0,0,100,0,536,72,16,16,0,87,-95,0,0,100,0,520,72,16,16,0,64,-113,0,0,100,0,504,88,32,32,0,56,-109,0,0,100,0,504,72,16,16,0,51,-192,0,0,100,0,536,40,16,32,0,79,-196,0,0,100,0,504,40,32,32,0,32,-216,0,0,27,0,256,632,128,152,0,126,-134,0,0,100,0,472,104,32,32,0,112,-147,0,0,100,0,440,136,32,40,0,32,-184,0,0,100,0,384,104,56,88,0,80,-184,0,0,100,0,440,104,32,32,0,72,-168,0,0,100,0,384,40,64,64,0,32,-216,0,0,30,0,128,0,128,152,0,32,-216,0,1,15,0,0,632,128,152,0,32,-216,0,1,60,0,384,480,128,152,0,32,-216,0,0,30,0,384,480,128,152,0,32,-216,0,0,100,0,0,0,128,152,0,120,-176,0,0,100,0,384,0,40,40,0,32,-138,0,0,100,0,0,152,128,96,0,0,-256,0,0,100,0,617,484,192,256,0,
0,31,77,-184,0,1,10,0,448,40,56,64,0,32,-216,0,1,10,0,128,632,128,152,0,79,-114,0,0,100,0,160,248,32,32,0,79,-114,0,0,90,0,160,280,32,32,0,93,-114,0,0,100,0,0,376,48,32,0,93,-114,0,0,90,0,0,408,48,32,0,71,-134,0,0,100,0,800,48,48,48,0,78,-105,0,0,90,0,440,176,32,16,0,57,-131,0,0,100,0,256,248,32,32,0,57,-131,0,0,90,0,256,280,32,32,0,108,-100,0,0,100,0,536,88,16,16,0,105,-115,0,0,100,0,536,72,16,16,0,87,-95,0,0,100,0,520,72,16,16,0,64,-113,0,0,100,0,504,88,32,32,0,56,-109,0,0,100,0,504,72,16,16,0,51,-192,0,0,100,0,536,40,16,32,0,79,-196,0,0,100,0,504,40,32,32,0,32,-216,0,0,25,0,384,632,128,152,0,126,-134,0,0,100,0,472,104,32,32,0,112,-147,0,0,100,0,440,136,32,40,0,32,-184,0,0,100,0,384,104,56,88,0,80,-184,0,0,100,0,440,104,32,32,0,72,-168,0,0,100,0,384,40,64,64,0,32,-216,0,0,30,0,128,0,128,152,0,32,-216,0,1,10,0,0,632,128,152,0,32,-216,0,1,60,0,384,480,128,152,0,32,-216,0,0,30,0,384,480,128,152,0,32,-216,0,0,100,0,0,0,128,152,0,120,-176,0,0,100,0,424,0,40,40,0,32,-138,0,0,100,0,0,152,128,96,0,0,-256,0,0,100,0,617,484,192,256,0,
0,31,77,-184,0,1,15,0,448,40,56,64,0,32,-216,0,1,15,0,128,632,128,152,0,79,-114,0,0,100,0,192,248,32,32,0,79,-114,0,0,90,0,192,280,32,32,0,93,-114,0,0,100,0,0,376,48,32,0,93,-114,0,0,90,0,0,408,48,32,0,71,-134,0,0,100,0,848,48,48,48,0,78,-105,0,0,90,0,440,176,32,16,0,57,-131,0,0,100,0,256,248,32,32,0,57,-131,0,0,90,0,256,280,32,32,0,108,-100,0,0,100,0,536,88,16,16,0,105,-115,0,0,100,0,536,72,16,16,0,87,-95,0,0,100,0,520,72,16,16,0,64,-113,0,0,100,0,504,88,32,32,0,56,-109,0,0,100,0,504,72,16,16,0,51,-192,0,0,100,0,536,40,16,32,0,79,-196,0,0,100,0,504,40,32,32,0,32,-216,0,0,27,0,256,632,128,152,0,126,-134,0,0,100,0,472,104,32,32,0,112,-147,0,0,100,0,440,136,32,40,0,32,-184,0,0,100,0,384,104,56,88,0,80,-184,0,0,100,0,440,104,32,32,0,72,-168,0,0,100,0,384,40,64,64,0,32,-216,0,0,30,0,128,0,128,152,0,32,-216,0,1,10,0,0,632,128,152,0,32,-216,0,1,60,0,384,480,128,152,0,32,-216,0,0,30,0,384,480,128,152,0,32,-216,0,0,100,0,0,0,128,152,0,120,-176,0,0,100,0,464,0,40,40,0,32,-138,0,0,100,0,0,152,128,96,0,0,-256,0,0,100,0,617,484,192,256,0,
0,31,77,-184,0,1,15,0,448,40,56,64,0,32,-216,0,1,15,0,128,632,128,152,0,79,-114,0,0,100,0,224,248,32,32,0,79,-114,0,0,90,0,224,280,32,32,0,93,-114,0,0,100,0,0,376,48,32,0,93,-114,0,0,90,0,0,408,48,32,0,71,-134,0,0,100,0,896,48,48,48,0,78,-105,0,0,90,0,440,176,32,16,0,57,-131,0,0,100,0,256,248,32,32,0,57,-131,0,0,90,0,256,280,32,32,0,108,-100,0,0,100,0,536,88,16,16,0,105,-115,0,0,100,0,536,72,16,16,0,87,-95,0,0,100,0,520,72,16,16,0,64,-113,0,0,100,0,504,88,32,32,0,56,-109,0,0,100,0,504,72,16,16,0,51,-192,0,0,100,0,536,40,16,32,0,79,-196,0,0,100,0,504,40,32,32,0,32,-216,0,0,27,0,256,632,128,152,0,126,-134,0,0,100,0,472,104,32,32,0,112,-147,0,0,100,0,440,136,32,40,0,32,-184,0,0,100,0,384,104,56,88,0,80,-184,0,0,100,0,440,104,32,32,0,72,-168,0,0,100,0,384,40,64,64,0,32,-216,0,0,30,0,128,0,128,152,0,32,-216,0,1,15,0,0,632,128,152,0,32,-216,0,1,60,0,384,480,128,152,0,32,-216,0,0,30,0,384,480,128,152,0,32,-216,0,0,100,0,0,0,128,152,0,120,-176,0,0,100,0,504,0,40,40,0,32,-138,0,0,100,0,0,152,128,96,0,0,-256,0,0,100,0,617,484,192,256,0,
0,31,77,-184,0,1,10,0,448,40,56,64,0,32,-216,0,1,10,0,128,632,128,152,0,80,-117,0,0,100,0,128,248,32,32,0,80,-117,0,0,100,0,128,280,32,32,0,93,-114,0,0,100,0,0,376,48,32,0,93,-114,0,0,90,0,0,408,48,32,0,71,-134,0,0,100,0,944,48,48,48,0,79,-105,0,0,90,0,440,176,32,16,0,57,-131,0,0,100,0,256,248,32,32,0,57,-131,0,0,90,0,256,280,32,32,0,108,-100,0,0,100,0,536,88,16,16,0,105,-115,0,0,100,0,536,72,16,16,0,87,-95,0,0,100,0,520,72,16,16,0,64,-113,0,0,100,0,504,88,32,32,0,56,-109,0,0,100,0,504,72,16,16,0,51,-192,0,0,100,0,536,40,16,32,0,79,-196,0,0,100,0,504,40,32,32,0,32,-216,0,0,25,0,384,632,128,152,0,126,-134,0,0,100,0,472,104,32,32,0,112,-147,0,0,100,0,440,136,32,40,0,32,-184,0,0,100,0,384,104,56,88,0,80,-184,0,0,100,0,440,104,32,32,0,72,-168,0,0,100,0,384,40,64,64,0,32,-216,0,0,30,0,128,0,128,152,0,32,-216,0,1,20,0,0,632,128,152,0,32,-216,0,1,60,0,384,480,128,152,0,32,-216,0,0,30,0,384,480,128,152,0,32,-216,0,0,100,0,0,0,128,152,0,120,-176,0,0,100,0,384,0,40,40,0,32,-138,0,0,100,0,0,152,128,96,0,0,-256,0,0,100,0,617,484,192,256,0,
0,31,77,-184,0,1,15,0,448,40,56,64,0,32,-216,0,1,15,0,128,632,128,152,0,72,-118,0,0,100,0,32,312,32,32,0,93,-114,0,0,100,0,0,376,48,32,0,93,-114,0,0,90,0,0,408,48,32,0,90,-139,0,0,100,0,384,192,32,32,0,70,-134,0,0,100,0,560,96,48,48,0,78,-105,0,0,90,0,440,176,32,16,0,57,-131,0,0,100,0,256,248,32,32,0,57,-131,0,0,90,0,256,280,32,32,0,108,-100,0,0,100,0,536,88,16,16,0,105,-115,0,0,100,0,536,72,16,16,0,87,-95,0,0,100,0,520,72,16,16,0,64,-113,0,0,100,0,504,88,32,32,0,56,-109,0,0,100,0,504,72,16,16,0,51,-192,0,0,100,0,536,40,16,32,0,79,-196,0,0,100,0,504,40,32,32,0,32,-216,0,0,27,0,256,632,128,152,0,126,-134,0,0,100,0,472,104,32,32,0,112,-147,0,0,100,0,440,136,32,40,0,32,-184,0,0,100,0,384,104,56,88,0,80,-184,0,0,100,0,440,104,32,32,0,72,-168,0,0,100,0,384,40,64,64,0,32,-216,0,0,30,0,128,0,128,152,0,32,-216,0,1,10,0,0,632,128,152,0,32,-216,0,1,60,0,384,480,128,152,0,32,-216,0,0,30,0,384,480,128,152,0,32,-216,0,0,100,0,0,0,128,152,0,120,-176,0,0,100,0,464,0,40,40,0,32,-138,0,0,100,0,0,152,128,96,0,0,-256,0,0,100,0,617,484,192,256,0,
0,31,77,-184,0,1,15,0,448,40,56,64,0,32,-216,0,1,15,0,128,632,128,152,0,75,-119,0,0,100,0,64,312,32,32,0,93,-114,0,0,100,0,0,376,48,32,0,93,-114,0,0,90,0,0,408,48,32,0,90,-139,0,0,100,0,384,192,32,32,0,70,-134,0,0,100,0,608,96,48,48,0,79,-105,0,0,90,0,440,176,32,16,0,57,-131,0,0,100,0,256,248,32,32,0,57,-131,0,0,90,0,256,280,32,32,0,108,-100,0,0,100,0,536,88,16,16,0,105,-115,0,0,100,0,536,72,16,16,0,87,-95,0,0,100,0,520,72,16,16,0,64,-113,0,0,100,0,504,88,32,32,0,56,-109,0,0,100,0,504,72,16,16,0,51,-192,0,0,100,0,536,40,16,32,0,79,-196,0,0,100,0,504,40,32,32,0,32,-216,0,0,27,0,256,632,128,152,0,126,-134,0,0,100,0,472,104,32,32,0,112,-147,0,0,100,0,440,136,32,40,0,32,-184,0,0,100,0,384,104,56,88,0,80,-184,0,0,100,0,440,104,32,32,0,72,-168,0,0,100,0,384,40,64,64,0,32,-216,0,0,30,0,128,0,128,152,0,32,-216,0,1,15,0,0,632,128,152,0,32,-216,0,1,60,0,384,480,128,152,0,32,-216,0,0,30,0,384,480,128,152,0,32,-216,0,0,100,0,0,0,128,152,0,120,-176,0,0,100,0,504,0,40,40,0,32,-138,0,0,100,0,0,152,128,96,0,0,-256,0,0,100,0,617,484,192,256,0,
0,32,77,-184,0,1,10,0,448,40,56,64,0,32,-216,0,1,10,0,128,632,128,152,0,75,-115,0,0,100,0,128,312,32,32,0,75,-115,0,0,90,0,128,344,32,32,0,93,-114,0,0,100,0,0,376,48,32,0,93,-114,0,0,90,0,0,408,48,32,0,90,-139,0,0,100,0,480,192,32,32,0,70,-134,0,0,100,0,704,96,48,48,0,78,-105,0,0,90,0,440,176,32,16,0,57,-131,0,0,100,0,256,248,32,32,0,57,-131,0,0,90,0,256,280,32,32,0,108,-100,0,0,100,0,536,88,16,16,0,105,-115,0,0,100,0,536,72,16,16,0,87,-95,0,0,100,0,520,72,16,16,0,64,-113,0,0,100,0,504,88,32,32,0,56,-109,0,0,100,0,504,72,16,16,0,51,-192,0,0,100,0,536,40,16,32,0,79,-196,0,0,100,0,504,40,32,32,0,32,-216,0,0,25,0,384,632,128,152,0,126,-134,0,0,100,0,472,104,32,32,0,112,-147,0,0,100,0,440,136,32,40,0,32,-184,0,0,100,0,384,104,56,88,0,80,-184,0,0,100,0,440,104,32,32,0,72,-168,0,0,100,0,384,40,64,64,0,32,-216,0,0,30,0,128,0,128,152,0,32,-216,0,1,10,0,0,632,128,152,0,32,-216,0,1,60,0,384,480,128,152,0,32,-216,0,0,30,0,384,480,128,152,0,32,-216,0,0,100,0,0,0,128,152,0,120,-176,0,0,100,0,384,0,40,40,0,32,-138,0,0,100,0,0,152,128,96,0,0,-256,0,0,100,0,617,484,192,256,0,
0,32,77,-184,0,1,10,0,448,40,56,64,0,32,-216,0,1,10,0,128,632,128,152,0,75,-115,0,0,100,0,128,312,32,32,0,75,-115,0,0,90,0,128,344,32,32,0,93,-114,0,0,100,0,0,376,48,32,0,93,-114,0,0,90,0,0,408,48,32,0,90,-139,0,0,100,0,512,192,32,32,0,70,-134,0,0,100,0,704,96,48,48,0,78,-105,0,0,90,0,440,176,32,16,0,57,-131,0,0,100,0,256,248,32,32,0,57,-131,0,0,90,0,256,280,32,32,0,108,-100,0,0,100,0,536,88,16,16,0,105,-115,0,0,100,0,536,72,16,16,0,87,-95,0,0,100,0,520,72,16,16,0,64,-113,0,0,100,0,504,88,32,32,0,56,-109,0,0,100,0,504,72,16,16,0,51,-192,0,0,100,0,536,40,16,32,0,79,-196,0,0,100,0,504,40,32,32,0,32,-216,0,0,25,0,384,632,128,152,0,126,-134,0,0,100,0,472,104,32,32,0,112,-147,0,0,100,0,440,136,32,40,0,32,-184,0,0,100,0,384,104,56,88,0,80,-184,0,0,100,0,440,104,32,32,0,72,-168,0,0,100,0,384,40,64,64,0,32,-216,0,0,30,0,128,0,128,152,0,32,-216,0,1,10,0,0,632,128,152,0,32,-216,0,1,60,0,384,480,128,152,0,32,-216,0,0,30,0,384,480,128,152,0,32,-216,0,0,100,0,0,0,128,152,0,120,-176,0,0,100,0,424,0,40,40,0,32,-138,0,0,100,0,0,152,128,96,0,0,-256,0,0,100,0,617,484,192,256,0,
0,30,77,-184,0,1,15,0,448,40,56,64,0,32,-216,0,1,15,0,128,632,128,152,0,67,-122,0,0,100,0,96,376,48,32,0,78,-102,0,0,100,0,0,248,32,32,0,78,-102,0,0,90,0,0,280,32,32,0,70,-134,0,0,100,0,752,144,48,48,0,78,-105,0,0,90,0,440,176,32,16,0,57,-131,0,0,100,0,256,248,32,32,0,57,-131,0,0,90,0,256,280,32,32,0,108,-100,0,0,100,0,536,88,16,16,0,105,-115,0,0,100,0,536,72,16,16,0,87,-95,0,0,100,0,520,72,16,16,0,64,-113,0,0,100,0,504,88,32,32,0,56,-109,0,0,100,0,504,72,16,16,0,51,-192,0,0,100,0,536,40,16,32,0,79,-196,0,0,100,0,504,40,32,32,0,32,-216,0,0,27,0,256,632,128,152,0,126,-134,0,0,100,0,472,104,32,32,0,112,-147,0,0,100,0,440,136,32,40,0,32,-184,0,0,100,0,384,104,56,88,0,80,-184,0,0,100,0,440,104,32,32,0,72,-168,0,0,100,0,384,40,64,64,0,32,-216,0,0,30,0,128,0,128,152,0,32,-216,0,1,15,0,0,632,128,152,0,32,-216,0,1,60,0,384,480,128,152,0,32,-216,0,0,30,0,384,480,128,152,0,32,-216,0,0,100,0,0,0,128,152,0,120,-176,0,0,100,0,464,0,40,40,0,32,-138,0,0,100,0,0,152,128,96,0,0,-256,0,0,100,0,617,484,192,256,0,
0,30,77,-184,0,1,15,0,448,40,56,64,0,32,-216,0,1,15,0,128,632,128,152,0,68,-122,0,0,100,0,144,376,48,32,0,78,-102,0,0,100,0,0,248,32,32,0,78,-102,0,0,90,0,0,280,32,32,0,70,-134,0,0,100,0,800,144,48,48,0,78,-105,0,0,90,0,440,176,32,16,0,57,-131,0,0,100,0,256,248,32,32,0,57,-131,0,0,90,0,256,280,32,32,0,108,-100,0,0,100,0,536,88,16,16,0,105,-115,0,0,100,0,536,72,16,16,0,87,-95,0,0,100,0,520,72,16,16,0,64,-113,0,0,100,0,504,88,32,32,0,56,-109,0,0,100,0,504,72,16,16,0,51,-192,0,0,100,0,536,40,16,32,0,79,-196,0,0,100,0,504,40,32,32,0,32,-216,0,0,27,0,256,632,128,152,0,126,-134,0,0,100,0,472,104,32,32,0,112,-147,0,0,100,0,440,136,32,40,0,32,-184,0,0,100,0,384,104,56,88,0,80,-184,0,0,100,0,440,104,32,32,0,72,-168,0,0,100,0,384,40,64,64,0,32,-216,0,0,30,0,128,0,128,152,0,32,-216,0,1,15,0,0,632,128,152,0,32,-216,0,1,60,0,384,480,128,152,0,32,-216,0,0,30,0,384,480,128,152,0,32,-216,0,0,100,0,0,0,128,152,0,120,-176,0,0,100,0,504,0,40,40,0,32,-138,0,0,100,0,0,152,128,96,0,0,-256,0,0,100,0,617,484,192,256,0,
0,30,77,-184,0,1,20,0,448,40,56,64,0,32,-216,0,1,20,0,128,632,128,152,0,68,-123,0,0,100,0,48,376,48,32,0,78,-102,0,0,100,0,0,248,32,32,0,78,-102,0,0,100,0,0,280,32,32,0,70,-134,0,0,100,0,704,144,48,48,0,78,-105,0,0,90,0,440,176,32,16,0,57,-131,0,0,100,0,256,248,32,32,0,57,-131,0,0,90,0,256,280,32,32,0,108,-100,0,0,100,0,536,88,16,16,0,105,-115,0,0,100,0,536,72,16,16,0,87,-95,0,0,100,0,520,72,16,16,0,64,-113,0,0,100,0,504,88,32,32,0,56,-109,0,0,100,0,504,72,16,16,0,51,-192,0,0,100,0,536,40,16,32,0,79,-196,0,0,100,0,504,40,32,32,0,32,-216,0,0,30,0,256,0,128,152,0,126,-134,0,0,100,0,472,104,32,32,0,112,-147,0,0,100,0,440,136,32,40,0,32,-184,0,0,100,0,384,104,56,88,0,80,-184,0,0,100,0,440,104,32,32,0,72,-168,0,0,100,0,384,40,64,64,0,32,-216,0,0,30,0,128,0,128,152,0,32,-216,0,1,20,0,0,632,128,152,0,32,-216,0,1,60,0,384,480,128,152,0,32,-216,0,0,30,0,384,480,128,152,0,32,-216,0,0,100,0,0,0,128,152,0,120,-176,0,0,100,0,384,0,40,40,0,32,-138,0,0,100,0,0,152,128,96,0,0,-256,0,0,100,0,617,484,192,256,0,
0,30,77,-184,0,1,20,0,448,40,56,64,0,32,-216,0,1,20,0,128,632,128,152,0,61,-124,0,0,100,0,192,376,48,32,0,78,-102,0,0,100,0,0,248,32,32,0,78,-102,0,0,90,0,0,280,32,32,0,70,-134,0,0,100,0,848,144,48,48,0,78,-105,0,0,90,0,440,176,32,16,0,57,-131,0,0,100,0,256,248,32,32,0,57,-131,0,0,90,0,256,280,32,32,0,108,-100,0,0,100,0,536,88,16,16,0,105,-115,0,0,100,0,536,72,16,16,0,87,-95,0,0,100,0,520,72,16,16,0,64,-113,0,0,100,0,504,88,32,32,0,56,-109,0,0,100,0,504,72,16,16,0,51,-192,0,0,100,0,536,40,16,32,0,79,-196,0,0,100,0,504,40,32,32,0,32,-216,0,0,30,0,256,0,128,152,0,126,-134,0,0,100,0,472,104,32,32,0,112,-147,0,0,100,0,440,136,32,40,0,32,-184,0,0,100,0,384,104,56,88,0,80,-184,0,0,100,0,440,104,32,32,0,72,-168,0,0,100,0,384,40,64,64,0,32,-216,0,0,30,0,128,0,128,152,0,32,-216,0,1,20,0,0,632,128,152,0,32,-216,0,1,60,0,384,480,128,152,0,32,-216,0,0,30,0,384,480,128,152,0,32,-216,0,0,100,0,0,0,128,152,0,120,-176,0,0,100,0,424,0,40,40,0,32,-138,0,0,100,0,0,152,128,96,0,0,-256,0,0,100,0,617,484,192,256,0,
0,30,77,-184,0,1,15,0,448,40,56,64,0,32,-216,0,1,15,0,128,632,128,152,0,62,-123,0,0,100,0,240,376,48,32,0,78,-102,0,0,100,0,0,248,32,32,0,78,-102,0,0,100,0,0,280,32,32,0,70,-134,0,0,100,0,896,144,48,48,0,78,-105,0,0,90,0,440,176,32,16,0,57,-131,0,0,100,0,256,248,32,32,0,57,-131,0,0,90,0,256,280,32,32,0,108,-100,0,0,100,0,536,88,16,16,0,105,-115,0,0,100,0,536,72,16,16,0,87,-95,0,0,100,0,520,72,16,16,0,64,-113,0,0,100,0,504,88,32,32,0,56,-109,0,0,100,0,504,72,16,16,0,51,-192,0,0,100,0,536,40,16,32,0,79,-196,0,0,100,0,504,40,32,32,0,32,-216,0,0,27,0,256,632,128,152,0,126,-134,0,0,100,0,472,104,32,32,0,112,-147,0,0,100,0,440,136,32,40,0,32,-184,0,0,100,0,384,104,56,88,0,80,-184,0,0,100,0,440,104,32,32,0,72,-168,0,0,100,0,384,40,64,64,0,32,-216,0,0,30,0,128,0,128,152,0,32,-216,0,1,15,0,0,632,128,152,0,32,-216,0,1,60,0,384,480,128,152,0,32,-216,0,0,30,0,384,480,128,152,0,32,-216,0,0,100,0,0,0,128,152,0,120,-176,0,0,100,0,464,0,40,40,0,32,-138,0,0,100,0,0,152,128,96,0,0,-256,0,0,100,0,617,484,192,256,0,
0,30,77,-184,0,1,15,0,448,40,56,64,0,32,-216,0,1,15,0,128,632,128,152,0,62,-123,0,0,100,0,240,376,48,32,0,78,-102,0,0,100,0,0,248,32,32,0,78,-102,0,0,100,0,0,280,32,32,0,70,-134,0,0,100,0,896,144,48,48,0,78,-105,0,0,90,0,440,176,32,16,0,57,-131,0,0,100,0,256,248,32,32,0,57,-131,0,0,90,0,256,280,32,32,0,108,-100,0,0,100,0,536,88,16,16,0,105,-115,0,0,100,0,536,72,16,16,0,87,-95,0,0,100,0,520,72,16,16,0,64,-113,0,0,100,0,504,88,32,32,0,56,-109,0,0,100,0,504,72,16,16,0,51,-192,0,0,100,0,536,40,16,32,0,79,-196,0,0,100,0,504,40,32,32,0,32,-216,0,0,27,0,256,632,128,152,0,126,-134,0,0,100,0,472,104,32,32,0,112,-147,0,0,100,0,440,136,32,40,0,32,-184,0,0,100,0,384,104,56,88,0,80,-184,0,0,100,0,440,104,32,32,0,72,-168,0,0,100,0,384,40,64,64,0,32,-216,0,0,30,0,128,0,128,152,0,32,-216,0,1,15,0,0,632,128,152,0,32,-216,0,1,60,0,384,480,128,152,0,32,-216,0,0,30,0,384,480,128,152,0,32,-216,0,0,100,0,0,0,128,152,0,120,-176,0,0,100,0,504,0,40,40,0,32,-138,0,0,100,0,0,152,128,96,0,0,-256,0,0,100,0,617,484,192,256,0,
0,30,77,-184,0,1,20,0,448,40,56,64,0,32,-216,0,1,20,0,128,632,128,152,0,69,-144,0,0,100,0,320,376,32,48,0,78,-102,0,0,100,0,0,248,32,32,0,78,-102,0,0,90,0,0,280,32,32,0,70,-134,0,0,100,0,560,192,48,48,0,78,-105,0,0,90,0,440,176,32,16,0,57,-131,0,0,100,0,256,248,32,32,0,57,-131,0,0,90,0,256,280,32,32,0,108,-100,0,0,100,0,536,88,16,16,0,105,-115,0,0,100,0,536,72,16,16,0,87,-95,0,0,100,0,520,72,16,16,0,64,-113,0,0,100,0,504,88,32,32,0,56,-109,0,0,100,0,504,72,16,16,0,51,-192,0,0,100,0,536,40,16,32,0,79,-196,0,0,100,0,504,40,32,32,0,32,-216,0,0,30,0,256,0,128,152,0,126,-134,0,0,100,0,472,104,32,32,0,112,-147,0,0,100,0,440,136,32,40,0,32,-184,0,0,100,0,384,104,56,88,0,80,-184,0,0,100,0,440,104,32,32,0,72,-168,0,0,100,0,384,40,64,64,0,32,-216,0,0,30,0,128,0,128,152,0,32,-216,0,1,20,0,0,632,128,152,0,32,-216,0,1,60,0,384,480,128,152,0,32,-216,0,0,30,0,384,480,128,152,0,32,-216,0,0,100,0,0,0,128,152,0,120,-176,0,0,100,0,384,0,40,40,0,32,-138,0,0,100,0,0,152,128,96,0,0,-256,0,0,100,0,617,484,192,256,0,
0,31,77,-184,0,1,15,0,448,40,56,64,0,32,-216,0,1,15,0,128,632,128,152,0,79,-114,0,0,100,0,160,248,32,32,0,79,-114,0,0,90,0,160,280,32,32,0,93,-114,0,0,100,0,0,376,48,32,0,93,-114,0,0,90,0,0,408,48,32,0,71,-134,0,0,100,0,800,48,48,48,0,78,-105,0,0,90,0,440,176,32,16,0,57,-131,0,0,100,0,256,248,32,32,0,57,-131,0,0,90,0,256,280,32,32,0,108,-100,0,0,100,0,536,88,16,16,0,105,-115,0,0,100,0,536,72,16,16,0,87,-95,0,0,100,0,520,72,16,16,0,64,-113,0,0,100,0,504,88,32,32,0,56,-109,0,0,100,0,504,72,16,16,0,51,-192,0,0,100,0,536,40,16,32,0,79,-196,0,0,100,0,504,40,32,32,0,32,-216,0,0,27,0,256,632,128,152,0,126,-134,0,0,100,0,472,104,32,32,0,112,-147,0,0,100,0,440,136,32,40,0,32,-184,0,0,100,0,384,104,56,88,0,80,-184,0,0,100,0,440,104,32,32,0,72,-168,0,0,100,0,384,40,64,64,0,32,-216,0,0,30,0,128,0,128,152,0,32,-216,0,1,15,0,0,632,128,152,0,32,-216,0,1,60,0,384,480,128,152,0,32,-216,0,0,30,0,384,480,128,152,0,32,-216,0,0,100,0,0,0,128,152,0,120,-176,0,0,100,0,504,0,40,40,0,32,-138,0,0,100,0,0,152,128,96,0,0,-256,0,0,100,0,617,484,192,256,0,
0,31,77,-184,0,1,20,0,448,40,56,64,0,32,-216,0,1,20,0,128,632,128,152,0,79,-114,0,0,100,0,192,248,32,32,0,79,-114,0,0,90,0,192,280,32,32,0,93,-114,0,0,100,0,0,376,48,32,0,93,-114,0,0,90,0,0,408,48,32,0,71,-134,0,0,100,0,848,48,48,48,0,78,-105,0,0,90,0,440,176,32,16,0,57,-131,0,0,100,0,256,248,32,32,0,57,-131,0,0,90,0,256,280,32,32,0,108,-100,0,0,100,0,536,88,16,16,0,105,-115,0,0,100,0,536,72,16,16,0,87,-95,0,0,100,0,520,72,16,16,0,64,-113,0,0,100,0,504,88,32,32,0,56,-109,0,0,100,0,504,72,16,16,0,51,-192,0,0,100,0,536,40,16,32,0,79,-196,0,0,100,0,504,40,32,32,0,32,-216,0,0,30,0,256,0,128,152,0,126,-134,0,0,100,0,472,104,32,32,0,112,-147,0,0,100,0,440,136,32,40,0,32,-184,0,0,100,0,384,104,56,88,0,80,-184,0,0,100,0,440,104,32,32,0,72,-168,0,0,100,0,384,40,64,64,0,32,-216,0,0,30,0,128,0,128,152,0,32,-216,0,1,20,0,0,632,128,152,0,32,-216,0,1,60,0,384,480,128,152,0,32,-216,0,0,30,0,384,480,128,152,0,32,-216,0,0,100,0,0,0,128,152,0,120,-176,0,0,100,0,384,0,40,40,0,32,-138,0,0,100,0,0,152,128,96,0,0,-256,0,0,100,0,617,484,192,256,0,
0,31,77,-184,0,1,20,0,448,40,56,64,0,32,-216,0,1,20,0,128,632,128,152,0,79,-114,0,0,100,0,160,248,32,32,0,79,-114,0,0,90,0,160,280,32,32,0,93,-114,0,0,100,0,0,376,48,32,0,93,-114,0,0,90,0,0,408,48,32,0,71,-134,0,0,100,0,800,48,48,48,0,78,-105,0,0,90,0,440,176,32,16,0,57,-131,0,0,100,0,256,248,32,32,0,57,-131,0,0,90,0,256,280,32,32,0,108,-100,0,0,100,0,536,88,16,16,0,105,-115,0,0,100,0,536,72,16,16,0,87,-95,0,0,100,0,520,72,16,16,0,64,-113,0,0,100,0,504,88,32,32,0,56,-109,0,0,100,0,504,72,16,16,0,51,-192,0,0,100,0,536,40,16,32,0,79,-196,0,0,100,0,504,40,32,32,0,32,-216,0,0,30,0,256,0,128,152,0,126,-134,0,0,100,0,472,104,32,32,0,112,-147,0,0,100,0,440,136,32,40,0,32,-184,0,0,100,0,384,104,56,88,0,80,-184,0,0,100,0,440,104,32,32,0,72,-168,0,0,100,0,384,40,64,64,0,32,-216,0,0,30,0,128,0,128,152,0,32,-216,0,1,20,0,0,632,128,152,0,32,-216,0,1,60,0,384,480,128,152,0,32,-216,0,0,30,0,384,480,128,152,0,32,-216,0,0,100,0,0,0,128,152,0,120,-176,0,0,100,0,424,0,40,40,0,32,-138,0,0,100,0,0,152,128,96,0,0,-256,0,0,100,0,617,484,192,256,0,
0,31,77,-184,0,1,10,0,448,40,56,64,0,32,-216,0,1,10,0,128,632,128,152,0,79,-114,0,0,100,0,192,248,32,32,0,79,-114,0,0,90,0,192,280,32,32,0,93,-114,0,0,100,0,0,376,48,32,0,93,-114,0,0,90,0,0,408,48,32,0,71,-134,0,0,100,0,848,48,48,48,0,78,-105,0,0,90,0,440,176,32,16,0,57,-131,0,0,100,0,256,248,32,32,0,57,-131,0,0,90,0,256,280,32,32,0,108,-100,0,0,100,0,536,88,16,16,0,105,-115,0,0,100,0,536,72,16,16,0,87,-95,0,0,100,0,520,72,16,16,0,64,-113,0,0,100,0,504,88,32,32,0,56,-109,0,0,100,0,504,72,16,16,0,51,-192,0,0,100,0,536,40,16,32,0,79,-196,0,0,100,0,504,40,32,32,0,32,-216,0,0,25,0,384,632,128,152,0,126,-134,0,0,100,0,472,104,32,32,0,112,-147,0,0,100,0,440,136,32,40,0,32,-184,0,0,100,0,384,104,56,88,0,80,-184,0,0,100,0,440,104,32,32,0,72,-168,0,0,100,0,384,40,64,64,0,32,-216,0,0,30,0,128,0,128,152,0,32,-216,0,1,10,0,0,632,128,152,0,32,-216,0,1,60,0,384,480,128,152,0,32,-216,0,0,30,0,384,480,128,152,0,32,-216,0,0,100,0,0,0,128,152,0,120,-176,0,0,100,0,464,0,40,40,0,32,-138,0,0,100,0,0,152,128,96,0,0,-256,0,0,100,0,617,484,192,256,0,
0,31,77,-184,0,1,15,0,448,40,56,64,0,32,-216,0,1,15,0,128,632,128,152,0,79,-114,0,0,100,0,224,248,32,32,0,79,-114,0,0,90,0,224,280,32,32,0,93,-114,0,0,100,0,0,376,48,32,0,93,-114,0,0,90,0,0,408,48,32,0,71,-134,0,0,100,0,896,48,48,48,0,78,-105,0,0,90,0,440,176,32,16,0,57,-131,0,0,100,0,256,248,32,32,0,57,-131,0,0,90,0,256,280,32,32,0,108,-100,0,0,100,0,536,88,16,16,0,105,-115,0,0,100,0,536,72,16,16,0,87,-95,0,0,100,0,520,72,16,16,0,64,-113,0,0,100,0,504,88,32,32,0,56,-109,0,0,100,0,504,72,16,16,0,51,-192,0,0,100,0,536,40,16,32,0,79,-196,0,0,100,0,504,40,32,32,0,32,-216,0,0,27,0,256,632,128,152,0,126,-134,0,0,100,0,472,104,32,32,0,112,-147,0,0,100,0,440,136,32,40,0,32,-184,0,0,100,0,384,104,56,88,0,80,-184,0,0,100,0,440,104,32,32,0,72,-168,0,0,100,0,384,40,64,64,0,32,-216,0,0,30,0,128,0,128,152,0,32,-216,0,1,15,0,0,632,128,152,0,32,-216,0,1,60,0,384,480,128,152,0,32,-216,0,0,30,0,384,480,128,152,0,32,-216,0,0,100,0,0,0,128,152,0,120,-176,0,0,100,0,504,0,40,40,0,32,-138,0,0,100,0,0,152,128,96,0,0,-256,0,0,100,0,617,484,192,256,0,
0,31,77,-184,0,1,15,0,448,40,56,64,0,32,-216,0,1,15,0,128,632,128,152,0,79,-114,0,0,100,0,192,248,32,32,0,79,-114,0,0,90,0,192,280,32,32,0,93,-114,0,0,100,0,0,376,48,32,0,93,-114,0,0,90,0,0,408,48,32,0,71,-134,0,0,100,0,848,48,48,48,0,78,-105,0,0,90,0,440,176,32,16,0,57,-131,0,0,100,0,256,248,32,32,0,57,-131,0,0,90,0,256,280,32,32,0,108,-100,0,0,100,0,536,88,16,16,0,105,-115,0,0,100,0,536,72,16,16,0,87,-95,0,0,100,0,520,72,16,16,0,64,-113,0,0,100,0,504,88,32,32,0,56,-109,0,0,100,0,504,72,16,16,0,51,-192,0,0,100,0,536,40,16,32,0,79,-196,0,0,100,0,504,40,32,32,0,32,-216,0,0,27,0,256,632,128,152,0,126,-134,0,0,100,0,472,104,32,32,0,112,-147,0,0,100,0,440,136,32,40,0,32,-184,0,0,100,0,384,104,56,88,0,80,-184,0,0,100,0,440,104,32,32,0,72,-168,0,0,100,0,384,40,64,64,0,32,-216,0,0,30,0,128,0,128,152,0,32,-216,0,1,15,0,0,632,128,152,0,32,-216,0,1,60,0,384,480,128,152,0,32,-216,0,0,30,0,384,480,128,152,0,32,-216,0,0,100,0,0,0,128,152,0,120,-176,0,0,100,0,464,0,40,40,0,32,-138,0,0,100,0,0,152,128,96,0,0,-256,0,0,100,0,617,484,192,256,0,
0,31,77,-184,0,1,15,0,448,40,56,64,0,32,-216,0,1,15,0,128,632,128,152,0,79,-114,0,0,100,0,224,248,32,32,0,79,-114,0,0,90,0,224,280,32,32,0,93,-114,0,0,100,0,0,376,48,32,0,93,-114,0,0,90,0,0,408,48,32,0,71,-134,0,0,100,0,896,48,48,48,0,78,-105,0,0,90,0,440,176,32,16,0,57,-131,0,0,100,0,256,248,32,32,0,57,-131,0,0,90,0,256,280,32,32,0,108,-100,0,0,100,0,536,88,16,16,0,105,-115,0,0,100,0,536,72,16,16,0,87,-95,0,0,100,0,520,72,16,16,0,64,-113,0,0,100,0,504,88,32,32,0,56,-109,0,0,100,0,504,72,16,16,0,51,-192,0,0,100,0,536,40,16,32,0,79,-196,0,0,100,0,504,40,32,32,0,32,-216,0,0,27,0,256,632,128,152,0,126,-134,0,0,100,0,472,104,32,32,0,112,-147,0,0,100,0,440,136,32,40,0,32,-184,0,0,100,0,384,104,56,88,0,80,-184,0,0,100,0,440,104,32,32,0,72,-168,0,0,100,0,384,40,64,64,0,32,-216,0,0,30,0,128,0,128,152,0,32,-216,0,1,15,0,0,632,128,152,0,32,-216,0,1,60,0,384,480,128,152,0,32,-216,0,0,30,0,384,480,128,152,0,32,-216,0,0,100,0,0,0,128,152,0,120,-176,0,0,100,0,504,0,40,40,0,32,-138,0,0,100,0,0,152,128,96,0,0,-256,0,0,100,0,617,484,192,256,0,
0,32,77,-184,0,1,15,0,448,40,56,64,0,32,-216,0,1,15,0,128,632,128,152,0,75,-115,0,0,100,0,128,312,32,32,0,75,-115,0,0,90,0,128,344,32,32,0,93,-114,0,0,100,0,0,376,48,32,0,93,-114,0,0,90,0,0,408,48,32,0,90,-139,0,0,100,0,480,192,32,32,0,70,-134,0,0,100,0,704,96,48,48,0,78,-105,0,0,90,0,440,176,32,16,0,57,-131,0,0,100,0,256,248,32,32,0,57,-131,0,0,90,0,256,280,32,32,0,108,-100,0,0,100,0,536,88,16,16,0,105,-115,0,0,100,0,536,72,16,16,0,87,-95,0,0,100,0,520,72,16,16,0,64,-113,0,0,100,0,504,88,32,32,0,56,-109,0,0,100,0,504,72,16,16,0,51,-192,0,0,100,0,536,40,16,32,0,79,-196,0,0,100,0,504,40,32,32,0,32,-216,0,0,27,0,256,632,128,152,0,126,-134,0,0,100,0,472,104,32,32,0,112,-147,0,0,100,0,440,136,32,40,0,32,-184,0,0,100,0,384,104,56,88,0,80,-184,0,0,100,0,440,104,32,32,0,72,-168,0,0,100,0,384,40,64,64,0,32,-216,0,0,30,0,128,0,128,152,0,32,-216,0,1,15,0,0,632,128,152,0,32,-216,0,1,60,0,384,480,128,152,0,32,-216,0,0,30,0,384,480,128,152,0,32,-216,0,0,100,0,0,0,128,152,0,120,-176,0,0,100,0,464,0,40,40,0,32,-138,0,0,100,0,0,152,128,96,0,0,-256,0,0,100,0,617,484,192,256,0,
0,32,77,-184,0,1,15,0,448,40,56,64,0,32,-216,0,1,15,0,128,632,128,152,0,75,-115,0,0,100,0,128,312,32,32,0,75,-115,0,0,90,0,128,344,32,32,0,93,-114,0,0,100,0,0,376,48,32,0,93,-114,0,0,90,0,0,408,48,32,0,90,-139,0,0,100,0,512,192,32,32,0,70,-134,0,0,100,0,704,96,48,48,0,78,-105,0,0,90,0,440,176,32,16,0,57,-131,0,0,100,0,256,248,32,32,0,57,-131,0,0,90,0,256,280,32,32,0,108,-100,0,0,100,0,536,88,16,16,0,105,-115,0,0,100,0,536,72,16,16,0,87,-95,0,0,100,0,520,72,16,16,0,64,-113,0,0,100,0,504,88,32,32,0,56,-109,0,0,100,0,504,72,16,16,0,51,-192,0,0,100,0,536,40,16,32,0,79,-196,0,0,100,0,504,40,32,32,0,32,-216,0,0,27,0,256,632,128,152,0,126,-134,0,0,100,0,472,104,32,32,0,112,-147,0,0,100,0,440,136,32,40,0,32,-184,0,0,100,0,384,104,56,88,0,80,-184,0,0,100,0,440,104,32,32,0,72,-168,0,0,100,0,384,40,64,64,0,32,-216,0,0,30,0,128,0,128,152,0,32,-216,0,1,15,0,0,632,128,152,0,32,-216,0,1,60,0,384,480,128,152,0,32,-216,0,0,30,0,384,480,128,152,0,32,-216,0,0,100,0,0,0,128,152,0,120,-176,0,0,100,0,504,0,40,40,0,32,-138,0,0,100,0,0,152,128,96,0,0,-256,0,0,100,0,617,484,192,256,0,
0,31,77,-184,0,1,10,0,448,40,56,64,0,32,-216,0,1,10,0,128,632,128,152,0,93,-114,0,0,100,0,0,376,48,32,0,93,-114,0,0,90,0,0,408,48,32,0,78,-102,0,0,100,0,0,248,32,32,0,78,-102,0,0,90,0,0,280,32,32,0,70,-134,0,0,100,0,560,0,48,48,0,78,-105,0,0,90,0,440,176,32,16,0,57,-131,0,0,100,0,256,248,32,32,0,57,-131,0,0,90,0,256,280,32,32,0,108,-100,0,0,100,0,536,88,16,16,0,105,-115,0,0,100,0,536,72,16,16,0,87,-95,0,0,100,0,520,72,16,16,0,64,-113,0,0,100,0,504,88,32,32,0,56,-109,0,0,100,0,504,72,16,16,0,51,-192,0,0,100,0,536,40,16,32,0,79,-196,0,0,100,0,504,40,32,32,0,32,-216,0,0,25,0,384,632,128,152,0,126,-134,0,0,100,0,472,104,32,32,0,112,-147,0,0,100,0,440,136,32,40,0,32,-184,0,0,100,0,384,104,56,88,0,80,-184,0,0,100,0,440,104,32,32,0,72,-168,0,0,100,0,384,40,64,64,0,32,-216,0,0,30,0,128,0,128,152,0,32,-216,0,1,10,0,0,632,128,152,0,32,-216,0,1,60,0,384,480,128,152,0,32,-216,0,0,30,0,384,480,128,152,0,32,-216,0,0,100,0,0,0,128,152,0,120,-176,0,0,100,0,384,0,40,40,0,32,-138,0,0,100,0,0,152,128,96,0,0,-256,0,0,100,0,617,484,192,256,0,
0,31,77,-184,0,1,10,0,448,40,56,64,0,32,-216,0,1,10,0,128,632,128,152,0,93,-114,0,0,100,0,0,376,48,32,0,93,-114,0,0,90,0,0,408,48,32,0,78,-102,0,0,100,0,0,248,32,32,0,78,-102,0,0,90,0,0,280,32,32,0,70,-134,0,0,100,0,608,0,48,48,0,78,-105,0,0,90,0,440,176,32,16,0,57,-131,0,0,100,0,256,248,32,32,0,57,-131,0,0,90,0,256,280,32,32,0,108,-100,0,0,100,0,536,88,16,16,0,105,-115,0,0,100,0,536,72,16,16,0,87,-95,0,0,100,0,520,72,16,16,0,64,-113,0,0,100,0,504,88,32,32,0,56,-109,0,0,100,0,504,72,16,16,0,51,-192,0,0,100,0,536,40,16,32,0,79,-196,0,0,100,0,504,40,32,32,0,32,-216,0,0,25,0,384,632,128,152,0,126,-134,0,0,100,0,472,104,32,32,0,112,-147,0,0,100,0,440,136,32,40,0,32,-184,0,0,100,0,384,104,56,88,0,80,-184,0,0,100,0,440,104,32,32,0,72,-168,0,0,100,0,384,40,64,64,0,32,-216,0,0,30,0,128,0,128,152,0,32,-216,0,1,10,0,0,632,128,152,0,32,-216,0,1,60,0,384,480,128,152,0,32,-216,0,0,30,0,384,480,128,152,0,32,-216,0,0,100,0,0,0,128,152,0,120,-176,0,0,100,0,424,0,40,40,0,32,-138,0,0,100,0,0,152,128,96,0,0,-256,0,0,100,0,617,484,192,256,0,
0,31,77,-184,0,1,15,0,448,40,56,64,0,32,-216,0,1,15,0,128,632,128,152,0,93,-114,0,0,100,0,0,376,48,32,0,93,-114,0,0,90,0,0,408,48,32,0,78,-102,0,0,100,0,0,248,32,32,0,78,-102,0,0,90,0,0,280,32,32,0,70,-134,0,0,100,0,656,0,48,48,0,78,-105,0,0,90,0,440,176,32,16,0,57,-131,0,0,100,0,256,248,32,32,0,57,-131,0,0,90,0,256,280,32,32,0,108,-100,0,0,100,0,536,88,16,16,0,105,-115,0,0,100,0,536,72,16,16,0,87,-95,0,0,100,0,520,72,16,16,0,64,-113,0,0,100,0,504,88,32,32,0,56,-109,0,0,100,0,504,72,16,16,0,51,-192,0,0,100,0,536,40,16,32,0,79,-196,0,0,100,0,504,40,32,32,0,32,-216,0,0,27,0,256,632,128,152,0,126,-134,0,0,100,0,472,104,32,32,0,112,-147,0,0,100,0,440,136,32,40,0,32,-184,0,0,100,0,384,104,56,88,0,80,-184,0,0,100,0,440,104,32,32,0,72,-168,0,0,100,0,384,40,64,64,0,32,-216,0,0,30,0,128,0,128,152,0,32,-216,0,1,15,0,0,632,128,152,0,32,-216,0,1,60,0,384,480,128,152,0,32,-216,0,0,30,0,384,480,128,152,0,32,-216,0,0,100,0,0,0,128,152,0,120,-176,0,0,100,0,464,0,40,40,0,32,-138,0,0,100,0,0,152,128,96,0,0,-256,0,0,100,0,617,484,192,256,0,
0,31,77,-184,0,1,15,0,448,40,56,64,0,32,-216,0,1,15,0,128,632,128,152,0,93,-114,0,0,100,0,0,376,48,32,0,93,-114,0,0,90,0,0,408,48,32,0,78,-102,0,0,100,0,0,248,32,32,0,78,-102,0,0,100,0,0,280,32,32,0,70,-134,0,0,100,0,704,0,48,48,0,78,-105,0,0,90,0,440,176,32,16,0,57,-131,0,0,100,0,256,248,32,32,0,57,-131,0,0,90,0,256,280,32,32,0,108,-100,0,0,100,0,536,88,16,16,0,105,-115,0,0,100,0,536,72,16,16,0,87,-95,0,0,100,0,520,72,16,16,0,64,-113,0,0,100,0,504,88,32,32,0,56,-109,0,0,100,0,504,72,16,16,0,51,-192,0,0,100,0,536,40,16,32,0,79,-196,0,0,100,0,504,40,32,32,0,32,-216,0,0,27,0,256,632,128,152,0,126,-134,0,0,100,0,472,104,32,32,0,112,-147,0,0,100,0,440,136,32,40,0,32,-184,0,0,100,0,384,104,56,88,0,80,-184,0,0,100,0,440,104,32,32,0,72,-168,0,0,100,0,384,40,64,64,0,32,-216,0,0,30,0,128,0,128,152,0,32,-216,0,1,15,0,0,632,128,152,0,32,-216,0,1,60,0,384,480,128,152,0,32,-216,0,0,30,0,384,480,128,152,0,32,-216,0,0,100,0,0,0,128,152,0,120,-176,0,0,100,0,504,0,40,40,0,32,-138,0,0,100,0,0,152,128,96,0,0,-256,0,0,100,0,617,484,192,256,0,
0,31,77,-184,0,1,20,0,448,40,56,64,0,32,-216,0,1,20,0,128,632,128,152,0,78,-114,0,0,100,0,0,440,48,32,0,78,-114,0,0,90,0,0,472,48,32,0,78,-102,0,0,100,0,0,248,32,32,0,78,-102,0,0,100,0,0,280,32,32,0,70,-134,0,0,100,0,848,192,48,48,0,78,-105,0,0,90,0,440,176,32,16,0,57,-131,0,0,100,0,256,248,32,32,0,57,-131,0,0,90,0,256,280,32,32,0,108,-100,0,0,100,0,536,88,16,16,0,105,-115,0,0,100,0,536,72,16,16,0,87,-95,0,0,100,0,520,72,16,16,0,64,-113,0,0,100,0,504,88,32,32,0,56,-109,0,0,100,0,504,72,16,16,0,51,-192,0,0,100,0,536,40,16,32,0,79,-196,0,0,100,0,504,40,32,32,0,32,-216,0,0,30,0,256,0,128,152,0,126,-134,0,0,100,0,472,104,32,32,0,112,-147,0,0,100,0,440,136,32,40,0,32,-184,0,0,100,0,384,104,56,88,0,80,-184,0,0,100,0,440,104,32,32,0,72,-168,0,0,100,0,384,40,64,64,0,32,-216,0,0,30,0,128,0,128,152,0,32,-216,0,1,20,0,0,632,128,152,0,32,-216,0,1,60,0,384,480,128,152,0,32,-216,0,0,30,0,384,480,128,152,0,32,-216,0,0,100,0,0,0,128,152,0,120,-176,0,0,100,0,504,0,40,40,0,32,-138,0,0,100,0,0,152,128,96,0,0,-256,0,0,100,0,617,484,192,256,0,
0,31,77,-184,0,1,20,0,448,40,56,64,0,32,-216,0,1,20,0,128,632,128,152,0,87,-113,0,0,100,0,208,504,48,32,0,87,-113,0,0,90,0,208,536,48,32,0,78,-102,0,0,100,0,0,248,32,32,0,78,-102,0,0,90,0,0,280,32,32,0,73,-109,0,0,100,0,352,248,32,32,0,73,-109,0,0,90,0,288,280,32,32,0,74,-134,0,0,100,0,800,336,48,48,0,82,-105,0,0,90,0,440,176,32,16,0,108,-100,0,0,100,0,536,88,16,16,0,105,-115,0,0,100,0,536,72,16,16,0,87,-95,0,0,100,0,520,72,16,16,0,63,-112,0,0,100,0,504,88,32,32,0,56,-109,0,0,100,0,504,72,16,16,0,51,-192,0,0,100,0,536,40,16,32,0,79,-196,0,0,100,0,504,40,32,32,0,32,-216,0,0,30,0,256,0,128,152,0,126,-134,0,0,100,0,472,104,32,32,0,112,-147,0,0,100,0,440,136,32,40,0,32,-184,0,0,100,0,384,104,56,88,0,80,-184,0,0,100,0,440,104,32,32,0,72,-168,0,0,100,0,384,40,64,64,0,32,-216,0,0,30,0,128,0,128,152,0,32,-216,0,1,20,0,0,632,128,152,0,32,-216,0,1,60,0,384,480,128,152,0,32,-216,0,0,30,0,384,480,128,152,0,32,-216,0,0,100,0,0,0,128,152,0,120,-176,0,0,100,0,464,0,40,40,0,32,-138,0,0,100,0,0,152,128,96,0,0,-256,0,0,100,0,617,484,192,256,0,
0,31,77,-184,0,1,15,0,448,40,56,64,0,32,-216,0,1,15,0,128,632,128,152,0,87,-113,0,0,100,0,208,504,48,32,0,87,-113,0,0,90,0,208,536,48,32,0,78,-102,0,0,100,0,0,248,32,32,0,78,-102,0,0,100,0,0,280,32,32,0,73,-109,0,0,100,0,352,248,32,32,0,73,-109,0,0,90,0,288,280,32,32,0,74,-134,0,0,100,0,848,336,48,48,0,82,-105,0,0,90,0,440,176,32,16,0,108,-100,0,0,100,0,536,88,16,16,0,105,-115,0,0,100,0,536,72,16,16,0,87,-95,0,0,100,0,520,72,16,16,0,63,-112,0,0,100,0,504,88,32,32,0,56,-109,0,0,100,0,504,72,16,16,0,51,-192,0,0,100,0,536,40,16,32,0,79,-196,0,0,100,0,504,40,32,32,0,32,-216,0,0,27,0,256,632,128,152,0,126,-134,0,0,100,0,472,104,32,32,0,112,-147,0,0,100,0,440,136,32,40,0,32,-184,0,0,100,0,384,104,56,88,0,80,-184,0,0,100,0,440,104,32,32,0,72,-168,0,0,100,0,384,40,64,64,0,32,-216,0,0,30,0,128,0,128,152,0,32,-216,0,1,15,0,0,632,128,152,0,32,-216,0,1,60,0,384,480,128,152,0,32,-216,0,0,30,0,384,480,128,152,0,32,-216,0,0,100,0,0,0,128,152,0,120,-176,0,0,100,0,504,0,40,40,0,32,-138,0,0,100,0,0,152,128,96,0,0,-256,0,0,100,0,617,484,192,256,0,
0,31,77,-184,0,1,10,0,448,40,56,64,0,32,-216,0,1,10,0,128,632,128,152,0,87,-113,0,0,100,0,208,504,48,32,0,87,-113,0,0,90,0,208,536,48,32,0,78,-102,0,0,100,0,0,248,32,32,0,78,-102,0,0,90,0,0,280,32,32,0,73,-109,0,0,100,0,384,248,32,32,0,73,-109,0,0,90,0,288,280,32,32,0,74,-134,0,0,100,0,944,336,48,48,0,82,-105,0,0,90,0,440,176,32,16,0,108,-100,0,0,100,0,536,88,16,16,0,105,-115,0,0,100,0,536,72,16,16,0,87,-95,0,0,100,0,520,72,16,16,0,63,-112,0,0,100,0,504,88,32,32,0,56,-109,0,0,100,0,504,72,16,16,0,51,-192,0,0,100,0,536,40,16,32,0,79,-196,0,0,100,0,504,40,32,32,0,32,-216,0,0,25,0,384,632,128,152,0,126,-134,0,0,100,0,472,104,32,32,0,112,-147,0,0,100,0,440,136,32,40,0,32,-184,0,0,100,0,384,104,56,88,0,80,-184,0,0,100,0,440,104,32,32,0,72,-168,0,0,100,0,384,40,64,64,0,32,-216,0,0,30,0,128,0,128,152,0,32,-216,0,1,10,0,0,632,128,152,0,32,-216,0,1,60,0,384,480,128,152,0,32,-216,0,0,30,0,384,480,128,152,0,32,-216,0,0,100,0,0,0,128,152,0,120,-176,0,0,100,0,424,0,40,40,0,32,-138,0,0,100,0,0,152,128,96,0,0,-256,0,0,100,0,617,484,192,256,0,
0,31,77,-184,0,1,20,0,448,40,56,64,0,32,-216,0,1,20,0,128,632,128,152,0,87,-113,0,0,100,0,208,504,48,32,0,87,-113,0,0,90,0,208,536,48,32,0,78,-102,0,0,100,0,0,248,32,32,0,78,-102,0,0,100,0,0,280,32,32,0,73,-109,0,0,100,0,352,248,32,32,0,73,-109,0,0,90,0,288,280,32,32,0,74,-134,0,0,100,0,848,336,48,48,0,82,-105,0,0,90,0,440,176,32,16,0,108,-100,0,0,100,0,536,88,16,16,0,105,-115,0,0,100,0,536,72,16,16,0,87,-95,0,0,100,0,520,72,16,16,0,63,-112,0,0,100,0,504,88,32,32,0,56,-109,0,0,100,0,504,72,16,16,0,51,-192,0,0,100,0,536,40,16,32,0,79,-196,0,0,100,0,504,40,32,32,0,32,-216,0,0,30,0,256,0,128,152,0,126,-134,0,0,100,0,472,104,32,32,0,112,-147,0,0,100,0,440,136,32,40,0,32,-184,0,0,100,0,384,104,56,88,0,80,-184,0,0,100,0,440,104,32,32,0,72,-168,0,0,100,0,384,40,64,64,0,32,-216,0,0,30,0,128,0,128,152,0,32,-216,0,1,20,0,0,632,128,152,0,32,-216,0,1,60,0,384,480,128,152,0,32,-216,0,0,30,0,384,480,128,152,0,32,-216,0,0,100,0,0,0,128,152,0,120,-176,0,0,100,0,504,0,40,40,0,32,-138,0,0,100,0,0,152,128,96,0,0,-256,0,0,100,0,617,484,192,256,0,
0,31,77,-184,0,1,15,0,448,40,56,64,0,32,-216,0,1,15,0,128,632,128,152,0,87,-113,0,0,100,0,208,504,48,32,0,87,-113,0,0,90,0,208,536,48,32,0,78,-102,0,0,100,0,0,248,32,32,0,78,-102,0,0,90,0,0,280,32,32,0,73,-109,0,0,100,0,352,248,32,32,0,73,-109,0,0,90,0,288,280,32,32,0,74,-134,0,0,100,0,896,336,48,48,0,82,-105,0,0,90,0,440,176,32,16,0,108,-100,0,0,100,0,536,88,16,16,0,105,-115,0,0,100,0,536,72,16,16,0,87,-95,0,0,100,0,520,72,16,16,0,63,-112,0,0,100,0,504,88,32,32,0,56,-109,0,0,100,0,504,72,16,16,0,51,-192,0,0,100,0,536,40,16,32,0,79,-196,0,0,100,0,504,40,32,32,0,32,-216,0,0,27,0,256,632,128,152,0,126,-134,0,0,100,0,472,104,32,32,0,112,-147,0,0,100,0,440,136,32,40,0,32,-184,0,0,100,0,384,104,56,88,0,80,-184,0,0,100,0,440,104,32,32,0,72,-168,0,0,100,0,384,40,64,64,0,32,-216,0,0,30,0,128,0,128,152,0,32,-216,0,1,10,0,0,632,128,152,0,32,-216,0,1,60,0,384,480,128,152,0,32,-216,0,0,30,0,384,480,128,152,0,32,-216,0,0,100,0,0,0,128,152,0,120,-176,0,0,100,0,384,0,40,40,0,32,-138,0,0,100,0,0,152,128,96,0,0,-256,0,0,100,0,617,484,192,256,0,
0,30,77,-184,0,1,15,0,448,40,56,64,0,32,-216,0,1,15,0,128,632,128,152,0,87,-113,0,0,100,0,208,504,48,32,0,87,-113,0,0,90,0,208,536,48,32,0,78,-102,0,0,100,0,0,248,32,32,0,78,-102,0,0,90,0,0,280,32,32,0,65,-122,0,0,100,0,288,248,32,32,0,67,-135,0,0,100,0,704,336,48,48,0,75,-106,0,0,90,0,440,176,32,16,0,108,-100,0,0,100,0,536,88,16,16,0,105,-115,0,0,100,0,536,72,16,16,0,87,-95,0,0,100,0,520,72,16,16,0,64,-113,0,0,100,0,504,88,32,32,0,56,-109,0,0,100,0,504,72,16,16,0,51,-192,0,0,100,0,536,40,16,32,0,79,-196,0,0,100,0,504,40,32,32,0,32,-216,0,0,27,0,256,632,128,152,0,126,-134,0,0,100,0,472,104,32,32,0,112,-147,0,0,100,0,440,136,32,40,0,32,-184,0,0,100,0,384,104,56,88,0,80,-184,0,0,100,0,440,104,32,32,0,72,-168,0,0,100,0,384,40,64,64,0,32,-216,0,0,30,0,128,0,128,152,0,32,-216,0,1,15,0,0,632,128,152,0,32,-216,0,1,60,0,384,480,128,152,0,32,-216,0,0,30,0,384,480,128,152,0,32,-216,0,0,100,0,0,0,128,152,0,120,-176,0,0,100,0,384,0,40,40,0,32,-138,0,0,100,0,0,152,128,96,0,0,-256,0,0,100,0,617,484,192,256,0,
0,31,77,-184,0,1,15,0,448,40,56,64,0,32,-216,0,1,15,0,128,632,128,152,0,87,-113,0,0,100,0,208,504,48,32,0,87,-113,0,0,90,0,208,536,48,32,0,78,-102,0,0,100,0,0,248,32,32,0,78,-102,0,0,100,0,0,280,32,32,0,70,-135,0,0,100,0,656,336,48,48,0,72,-107,0,0,90,0,440,176,32,16,0,57,-131,0,0,100,0,256,248,32,32,0,57,-131,0,0,90,0,256,280,32,32,0,108,-100,0,0,100,0,536,88,16,16,0,105,-115,0,0,100,0,536,72,16,16,0,87,-95,0,0,100,0,520,72,16,16,0,64,-113,0,0,100,0,504,88,32,32,0,56,-109,0,0,100,0,504,72,16,16,0,51,-192,0,0,100,0,536,40,16,32,0,79,-196,0,0,100,0,504,40,32,32,0,32,-216,0,0,27,0,256,632,128,152,0,126,-134,0,0,100,0,472,104,32,32,0,112,-147,0,0,100,0,440,136,32,40,0,32,-184,0,0,100,0,384,104,56,88,0,80,-184,0,0,100,0,440,104,32,32,0,72,-168,0,0,100,0,384,40,64,64,0,32,-216,0,0,30,0,128,0,128,152,0,32,-216,0,1,15,0,0,632,128,152,0,32,-216,0,1,60,0,384,480,128,152,0,32,-216,0,0,30,0,384,480,128,152,0,32,-216,0,0,100,0,0,0,128,152,0,120,-176,0,0,100,0,504,0,40,40,0,32,-138,0,0,100,0,0,152,128,96,0,0,-256,0,0,100,0,617,484,192,256,0,
