0,54,0,-256,0,0,100,0,192,624,192,256,0,52,-200,0,0,100,0,368,385,16,27,0,36,-174,0,0,100,0,192,448,48,48,0,27,-142,0,0,100,0,384,0,64,48,0,33,-157,0,0,100,0,240,384,64,64,0,27,-142,0,0,100,0,448,0,64,48,0,36,-151,0,0,100,0,192,384,48,64,0,27,-142,0,0,100,0,512,0,64,48,0,124,-208,0,0,100,0,368,385,16,30,0,124,-178,0,0,100,0,368,401,16,14,0,124,-164,0,0,100,0,368,401,16,13,0,124,-155,0,0,100,0,240,448,16,16,0,115,-155,0,0,100,0,336,384,32,64,0,114,-123,0,0,100,0,576,0,32,32,0,117,-115,0,0,100,0,144,368,32,16,0,115,-143,0,0,100,0,304,384,32,48,0,88,-201,0,0,100,0,288,128,48,48,0,83,-120,0,0,100,0,192,96,32,32,0,81,-139,0,0,100,0,576,64,48,48,0,103,-166,0,0,100,0,256,224,32,32,0,103,-166,0,0,60,0,256,288,32,32,0,103,-166,0,0,30,0,256,320,32,32,0,103,-166,0,0,50,0,256,256,32,32,0,103,-166,0,0,50,0,256,352,32,32,0,78,-204,0,0,60,0,336,160,48,32,0,78,-204,0,0,30,0,336,192,48,32,0,78,-204,0,0,50,0,336,128,48,32,0,68,-214,0,0,30,0,64,336,48,48,0,57,-224,0,0,100,0,192,128,96,96,0,24,-188,0,1,60,0,64,416,48,48,0,47,-206,0,0,100,0,368,385,16,26,0,31,-198,0,0,100,0,368,385,16,26,0,31,-182,0,0,100,0,192,64,32,32,0,131,-166,0,0,100,0,256,32,32,32,0,81,-180,0,1,50,0,0,416,32,32,0,80,-180,0,0,100,0,192,0,32,32,0,69,-142,0,0,30,0,112,336,32,32,0,110,-148,0,0,20,0,48,336,16,16,0,100,-153,0,0,40,0,48,336,16,16,0,56,-167,0,0,50,0,0,336,48,48,0,81,-141,0,0,100,0,176,352,16,16,0,77,-139,0,0,100,0,176,352,16,16,0,73,-137,0,0,100,0,176,352,16,16,0,80,-135,0,0,100,0,176,368,16,16,0,52,-177,0,0,100,0,144,256,112,96,0,28,-121,0,0,100,0,48,384,64,32,0,90,-110,0,0,100,0,112,368,32,16,0,107,-120,0,0,100,0,112,384,48,32,0,96,-138,0,0,100,0,0,384,48,32,0,55,-130,0,0,100,0,160,400,32,16,0,80,-146,0,0,100,0,112,416,80,48,0,26,-152,0,0,50,0,0,256,144,80,0,0,-256,0,0,100,0,0,0,192,256,0,0,-256,0,0,100,0,0,624,192,256,0,
0,54,0,-256,0,0,100,0,192,624,192,256,0,52,-200,0,0,100,0,368,385,16,27,0,36,-174,0,0,100,0,192,448,48,48,0,27,-142,0,0,100,0,384,0,64,48,0,33,-157,0,0,100,0,240,384,64,64,0,27,-142,0,0,100,0,448,0,64,48,0,36,-151,0,0,100,0,192,384,48,64,0,27,-142,0,0,100,0,512,0,64,48,0,124,-208,0,0,100,0,368,385,16,30,0,124,-178,0,0,100,0,368,401,16,14,0,124,-164,0,0,100,0,368,401,16,13,0,124,-155,0,0,100,0,240,448,16,16,0,115,-155,0,0,100,0,336,384,32,64,0,114,-123,0,0,100,0,576,0,32,32,0,117,-115,0,0,100,0,144,368,32,16,0,115,-143,0,0,100,0,304,384,32,48,0,88,-201,0,0,100,0,288,128,48,48,0,83,-120,0,0,100,0,192,96,32,32,0,81,-139,0,0,100,0,624,160,48,48,0,103,-166,0,0,100,0,256,224,32,32,0,103,-166,0,0,60,0,256,288,32,32,0,103,-166,0,0,30,0,256,320,32,32,0,103,-166,0,0,50,0,256,256,32,32,0,103,-166,0,0,50,0,256,352,32,32,0,78,-204,0,0,60,0,336,160,48,32,0,78,-204,0,0,30,0,336,192,48,32,0,78,-204,0,0,50,0,336,128,48,32,0,68,-214,0,0,30,0,64,336,48,48,0,57,-224,0,0,100,0,192,128,96,96,0,24,-188,0,1,70,0,64,416,48,48,0,47,-206,0,0,100,0,368,385,16,26,0,31,-198,0,0,100,0,368,385,16,26,0,31,-182,0,0,100,0,224,64,32,32,0,131,-166,0,0,100,0,256,32,32,32,0,81,-180,0,1,50,0,0,416,32,32,0,80,-180,0,0,100,0,192,0,32,32,0,69,-142,0,0,30,0,112,336,32,32,0,110,-148,0,0,20,0,48,336,16,16,0,100,-153,0,0,40,0,48,336,16,16,0,56,-167,0,0,50,0,0,336,48,48,0,81,-141,0,0,100,0,176,352,16,16,0,77,-139,0,0,100,0,176,352,16,16,0,73,-137,0,0,100,0,176,352,16,16,0,80,-135,0,0,100,0,176,368,16,16,0,52,-177,0,0,100,0,144,256,112,96,0,28,-121,0,0,100,0,48,384,64,32,0,90,-110,0,0,100,0,112,368,32,16,0,107,-120,0,0,100,0,112,384,48,32,0,96,-138,0,0,100,0,0,384,48,32,0,55,-130,0,0,100,0,160,400,32,16,0,80,-146,0,0,100,0,112,416,80,48,0,26,-152,0,0,50,0,0,256,144,80,0,0,-256,0,0,100,0,0,0,192,256,0,0,-256,0,0,100,0,0,624,192,256,0,
0,54,0,-256,0,0,100,0,192,624,192,256,0,52,-200,0,0,100,0,368,385,16,27,0,36,-174,0,0,100,0,192,448,48,48,0,27,-142,0,0,100,0,384,0,64,48,0,33,-157,0,0,100,0,240,384,64,64,0,27,-142,0,0,100,0,448,0,64,48,0,36,-151,0,0,100,0,192,384,48,64,0,27,-142,0,0,100,0,512,0,64,48,0,124,-208,0,0,100,0,368,385,16,30,0,124,-178,0,0,100,0,368,401,16,14,0,124,-164,0,0,100,0,368,401,16,13,0,124,-155,0,0,100,0,240,448,16,16,0,115,-155,0,0,100,0,336,384,32,64,0,114,-123,0,0,100,0,576,0,32,32,0,117,-115,0,0,100,0,144,368,32,16,0,115,-143,0,0,100,0,304,384,32,48,0,88,-201,0,0,100,0,288,128,48,48,0,83,-120,0,0,100,0,192,96,32,32,0,78,-142,0,0,100,0,576,160,48,48,0,103,-166,0,0,100,0,256,224,32,32,0,103,-166,0,0,60,0,256,288,32,32,0,103,-166,0,0,30,0,256,320,32,32,0,103,-166,0,0,50,0,256,256,32,32,0,103,-166,0,0,50,0,256,352,32,32,0,78,-204,0,0,60,0,336,160,48,32,0,78,-204,0,0,30,0,336,192,48,32,0,78,-204,0,0,50,0,336,128,48,32,0,68,-214,0,0,30,0,64,336,48,48,0,57,-224,0,0,100,0,192,128,96,96,0,24,-188,0,1,100,0,64,416,48,48,0,47,-206,0,0,100,0,368,385,16,26,0,31,-198,0,0,100,0,368,385,16,26,0,31,-182,0,0,100,0,256,64,32,32,0,131,-166,0,0,100,0,256,32,32,32,0,81,-180,0,1,50,0,0,416,32,32,0,80,-180,0,0,100,0,192,0,32,32,0,69,-142,0,0,30,0,112,336,32,32,0,110,-148,0,0,20,0,48,336,16,16,0,100,-153,0,0,40,0,48,336,16,16,0,56,-167,0,0,50,0,0,336,48,48,0,81,-141,0,0,100,0,176,352,16,16,0,77,-139,0,0,100,0,176,352,16,16,0,73,-137,0,0,100,0,176,352,16,16,0,80,-135,0,0,100,0,176,368,16,16,0,52,-177,0,0,100,0,144,256,112,96,0,28,-121,0,0,100,0,48,384,64,32,0,87,-113,0,0,100,0,112,368,32,16,0,107,-120,0,0,100,0,112,384,48,32,0,96,-138,0,0,100,0,0,384,48,32,0,55,-130,0,0,100,0,160,400,32,16,0,80,-146,0,0,100,0,112,416,80,48,0,26,-152,0,0,50,0,0,256,144,80,0,0,-256,0,0,100,0,0,0,192,256,0,0,-256,0,0,100,0,0,624,192,256,0,
0,54,0,-256,0,0,100,0,192,624,192,256,0,52,-200,0,0,100,0,368,385,16,27,0,36,-174,0,0,100,0,192,448,48,48,0,27,-142,0,0,100,0,384,0,64,48,0,33,-157,0,0,100,0,240,384,64,64,0,27,-142,0,0,100,0,448,0,64,48,0,36,-151,0,0,100,0,192,384,48,64,0,27,-142,0,0,100,0,512,0,64,48,0,124,-208,0,0,100,0,368,385,16,30,0,124,-178,0,0,100,0,368,401,16,14,0,124,-164,0,0,100,0,368,401,16,13,0,124,-155,0,0,100,0,240,448,16,16,0,115,-155,0,0,100,0,336,384,32,64,0,114,-123,0,0,100,0,576,0,32,32,0,117,-115,0,0,100,0,144,368,32,16,0,115,-143,0,0,100,0,304,384,32,48,0,88,-201,0,0,100,0,288,128,48,48,0,83,-120,0,0,100,0,192,96,32,32,0,76,-145,0,0,100,0,624,160,48,48,0,103,-166,0,0,100,0,256,224,32,32,0,103,-166,0,0,60,0,256,288,32,32,0,103,-166,0,0,30,0,256,320,32,32,0,103,-166,0,0,50,0,256,256,32,32,0,103,-166,0,0,50,0,256,352,32,32,0,78,-204,0,0,60,0,336,160,48,32,0,78,-204,0,0,30,0,336,192,48,32,0,78,-204,0,0,50,0,336,128,48,32,0,68,-214,0,0,30,0,64,336,48,48,0,57,-224,0,0,100,0,192,128,96,96,0,24,-188,0,1,80,0,64,416,48,48,0,47,-206,0,0,100,0,368,385,16,26,0,31,-198,0,0,100,0,368,385,16,26,0,31,-182,0,0,100,0,288,64,32,32,0,131,-166,0,0,100,0,256,32,32,32,0,81,-180,0,1,50,0,0,416,32,32,0,80,-180,0,0,100,0,192,0,32,32,0,69,-142,0,0,30,0,112,336,32,32,0,110,-148,0,0,20,0,48,336,16,16,0,100,-153,0,0,40,0,48,336,16,16,0,56,-167,0,0,50,0,0,336,48,48,0,81,-141,0,0,100,0,176,352,16,16,0,77,-139,0,0,100,0,176,352,16,16,0,73,-137,0,0,100,0,176,352,16,16,0,80,-135,0,0,100,0,176,368,16,16,0,52,-177,0,0,100,0,144,256,112,96,0,28,-121,0,0,100,0,48,384,64,32,0,85,-116,0,0,100,0,112,368,32,16,0,107,-120,0,0,100,0,112,384,48,32,0,96,-138,0,0,100,0,0,384,48,32,0,55,-130,0,0,100,0,160,400,32,16,0,80,-146,0,0,100,0,112,416,80,48,0,26,-152,0,0,50,0,0,256,144,80,0,0,-256,0,0,100,0,0,0,192,256,0,0,-256,0,0,100,0,0,624,192,256,0,
0,54,0,-256,0,0,100,0,192,624,192,256,0,53,-200,0,0,100,0,368,385,16,28,0,37,-173,0,0,100,0,192,448,48,48,0,28,-141,0,0,100,0,384,48,64,48,0,34,-156,0,0,100,0,240,384,64,64,0,28,-141,0,0,100,0,448,48,64,48,0,37,-150,0,0,100,0,192,384,48,64,0,28,-141,0,0,100,0,512,48,64,48,0,124,-208,0,0,100,0,368,385,16,30,0,124,-178,0,0,100,0,368,401,16,14,0,124,-164,0,0,100,0,368,401,16,13,0,124,-155,0,0,100,0,240,448,16,16,0,115,-155,0,0,100,0,336,384,32,64,0,114,-123,0,0,100,0,576,0,32,32,0,117,-115,0,0,100,0,144,368,32,16,0,115,-143,0,0,100,0,304,384,32,48,0,88,-201,0,0,100,0,288,128,48,48,0,83,-120,0,0,100,0,192,96,32,32,0,75,-148,0,0,100,0,672,160,48,48,0,103,-166,0,0,100,0,256,224,32,32,0,103,-166,0,0,60,0,256,288,32,32,0,103,-166,0,0,30,0,256,320,32,32,0,103,-166,0,0,50,0,256,256,32,32,0,103,-166,0,0,50,0,256,352,32,32,0,78,-204,0,0,60,0,336,160,48,32,0,78,-204,0,0,30,0,336,192,48,32,0,78,-204,0,0,50,0,336,128,48,32,0,68,-214,0,0,30,0,64,336,48,48,0,57,-224,0,0,100,0,192,128,96,96,0,24,-188,0,1,60,0,64,416,48,48,0,47,-206,0,0,100,0,368,385,16,26,0,31,-198,0,0,100,0,368,385,16,26,0,31,-182,0,0,100,0,192,64,32,32,0,131,-166,0,0,100,0,256,32,32,32,0,81,-180,0,1,50,0,0,416,32,32,0,80,-180,0,0,100,0,192,0,32,32,0,69,-142,0,0,30,0,112,336,32,32,0,110,-148,0,0,20,0,48,336,16,16,0,100,-153,0,0,40,0,48,336,16,16,0,56,-167,0,0,50,0,0,336,48,48,0,81,-141,0,0,100,0,176,352,16,16,0,77,-139,0,0,100,0,176,352,16,16,0,73,-137,0,0,100,0,176,352,16,16,0,80,-135,0,0,100,0,176,368,16,16,0,52,-177,0,0,100,0,144,256,112,96,0,28,-121,0,0,100,0,48,384,64,32,0,84,-119,0,0,100,0,112,368,32,16,0,107,-120,0,0,100,0,112,384,48,32,0,96,-138,0,0,100,0,0,384,48,32,0,55,-130,0,0,100,0,160,400,32,16,0,80,-146,0,0,100,0,112,416,80,48,0,26,-152,0,0,50,0,0,256,144,80,0,0,-256,0,0,100,0,0,0,192,256,0,0,-256,0,0,100,0,0,624,192,256,0,
0,54,0,-256,0,0,100,0,192,624,192,256,0,52,-200,0,0,100,0,368,385,16,27,0,36,-174,0,0,100,0,192,448,48,48,0,27,-142,0,0,100,0,384,96,64,48,0,33,-157,0,0,100,0,240,384,64,64,0,27,-142,0,0,100,0,448,96,64,48,0,36,-151,0,0,100,0,192,384,48,64,0,27,-142,0,0,100,0,512,96,64,48,0,124,-208,0,0,100,0,368,385,16,30,0,124,-178,0,0,100,0,368,401,16,14,0,124,-164,0,0,100,0,368,401,16,13,0,124,-155,0,0,100,0,240,448,16,16,0,115,-155,0,0,100,0,336,384,32,64,0,114,-123,0,0,100,0,576,0,32,32,0,117,-115,0,0,100,0,144,368,32,16,0,115,-143,0,0,100,0,304,384,32,48,0,88,-201,0,0,100,0,288,128,48,48,0,83,-120,0,0,100,0,192,96,32,32,0,73,-152,0,0,100,0,624,160,48,48,0,103,-166,0,0,100,0,256,224,32,32,0,103,-166,0,0,60,0,256,288,32,32,0,103,-166,0,0,30,0,256,320,32,32,0,103,-166,0,0,50,0,256,256,32,32,0,103,-166,0,0,50,0,256,352,32,32,0,78,-204,0,0,60,0,336,160,48,32,0,78,-204,0,0,30,0,336,192,48,32,0,78,-204,0,0,50,0,336,128,48,32,0,68,-214,0,0,30,0,64,336,48,48,0,57,-224,0,0,100,0,192,128,96,96,0,24,-188,0,1,70,0,64,416,48,48,0,47,-206,0,0,100,0,368,385,16,26,0,31,-198,0,0,100,0,368,385,16,26,0,31,-182,0,0,100,0,224,64,32,32,0,131,-166,0,0,100,0,256,32,32,32,0,81,-180,0,1,50,0,0,416,32,32,0,80,-180,0,0,100,0,192,0,32,32,0,69,-142,0,0,30,0,112,336,32,32,0,110,-148,0,0,20,0,48,336,16,16,0,100,-153,0,0,40,0,48,336,16,16,0,56,-167,0,0,50,0,0,336,48,48,0,81,-141,0,0,100,0,176,352,16,16,0,77,-139,0,0,100,0,176,352,16,16,0,73,-137,0,0,100,0,176,352,16,16,0,80,-135,0,0,100,0,176,368,16,16,0,52,-177,0,0,100,0,144,256,112,96,0,28,-121,0,0,100,0,48,384,64,32,0,82,-123,0,0,100,0,112,368,32,16,0,107,-120,0,0,100,0,112,384,48,32,0,96,-138,0,0,100,0,0,384,48,32,0,55,-130,0,0,100,0,160,400,32,16,0,80,-146,0,0,100,0,112,416,80,48,0,26,-152,0,0,50,0,0,256,144,80,0,0,-256,0,0,100,0,0,0,192,256,0,0,-256,0,0,100,0,0,624,192,256,0,
0,54,0,-256,0,0,100,0,192,624,192,256,0,53,-200,0,0,100,0,368,385,16,28,0,37,-173,0,0,100,0,192,448,48,48,0,28,-141,0,0,100,0,384,48,64,48,0,34,-156,0,0,100,0,240,384,64,64,0,28,-141,0,0,100,0,448,48,64,48,0,37,-150,0,0,100,0,192,384,48,64,0,28,-141,0,0,100,0,512,48,64,48,0,124,-208,0,0,100,0,368,385,16,30,0,124,-178,0,0,100,0,368,401,16,14,0,124,-164,0,0,100,0,368,401,16,13,0,124,-155,0,0,100,0,240,448,16,16,0,115,-155,0,0,100,0,336,384,32,64,0,114,-123,0,0,100,0,576,0,32,32,0,117,-115,0,0,100,0,144,368,32,16,0,115,-143,0,0,100,0,304,384,32,48,0,88,-201,0,0,100,0,288,128,48,48,0,83,-120,0,0,100,0,192,96,32,32,0,72,-154,0,0,100,0,576,160,48,48,0,103,-166,0,0,100,0,256,224,32,32,0,103,-166,0,0,60,0,256,288,32,32,0,103,-166,0,0,30,0,256,320,32,32,0,103,-166,0,0,50,0,256,256,32,32,0,103,-166,0,0,50,0,256,352,32,32,0,78,-204,0,0,60,0,336,160,48,32,0,78,-204,0,0,30,0,336,192,48,32,0,78,-204,0,0,50,0,336,128,48,32,0,68,-214,0,0,30,0,64,336,48,48,0,57,-224,0,0,100,0,192,128,96,96,0,24,-188,0,1,100,0,64,416,48,48,0,47,-206,0,0,100,0,368,385,16,26,0,31,-198,0,0,100,0,368,385,16,26,0,31,-182,0,0,100,0,256,64,32,32,0,131,-166,0,0,100,0,256,32,32,32,0,81,-180,0,1,50,0,0,416,32,32,0,80,-180,0,0,100,0,192,0,32,32,0,69,-142,0,0,30,0,112,336,32,32,0,110,-148,0,0,20,0,48,336,16,16,0,100,-153,0,0,40,0,48,336,16,16,0,56,-167,0,0,50,0,0,336,48,48,0,81,-141,0,0,100,0,176,352,16,16,0,77,-139,0,0,100,0,176,352,16,16,0,73,-137,0,0,100,0,176,352,16,16,0,80,-135,0,0,100,0,176,368,16,16,0,52,-177,0,0,100,0,144,256,112,96,0,29,-120,0,0,100,0,48,384,64,32,0,81,-125,0,0,100,0,112,368,32,16,0,107,-120,0,0,100,0,112,384,48,32,0,96,-138,0,0,100,0,0,384,48,32,0,55,-130,0,0,100,0,160,400,32,16,0,80,-146,0,0,100,0,112,416,80,48,0,26,-152,0,0,50,0,0,256,144,80,0,0,-256,0,0,100,0,0,0,192,256,0,0,-256,0,0,100,0,0,624,192,256,0,
0,54,0,-256,0,0,100,0,192,624,192,256,0,52,-200,0,0,100,0,368,385,16,27,0,36,-174,0,0,100,0,192,448,48,48,0,27,-142,0,0,100,0,384,96,64,48,0,33,-157,0,0,100,0,240,384,64,64,0,27,-142,0,0,100,0,448,96,64,48,0,36,-151,0,0,100,0,192,384,48,64,0,27,-142,0,0,100,0,512,96,64,48,0,124,-208,0,0,100,0,368,385,16,30,0,124,-178,0,0,100,0,368,401,16,14,0,124,-164,0,0,100,0,368,401,16,13,0,124,-155,0,0,100,0,240,448,16,16,0,115,-155,0,0,100,0,336,384,32,64,0,114,-123,0,0,100,0,576,0,32,32,0,117,-115,0,0,100,0,144,368,32,16,0,115,-143,0,0,100,0,304,384,32,48,0,88,-201,0,0,100,0,288,128,48,48,0,83,-120,0,0,100,0,192,96,32,32,0,72,-154,0,0,100,0,624,160,48,48,0,103,-166,0,0,100,0,256,224,32,32,0,103,-166,0,0,60,0,256,288,32,32,0,103,-166,0,0,30,0,256,320,32,32,0,103,-166,0,0,50,0,256,256,32,32,0,103,-166,0,0,50,0,256,352,32,32,0,78,-204,0,0,60,0,336,160,48,32,0,78,-204,0,0,30,0,336,192,48,32,0,78,-204,0,0,50,0,336,128,48,32,0,68,-214,0,0,30,0,64,336,48,48,0,57,-224,0,0,100,0,192,128,96,96,0,24,-188,0,1,80,0,64,416,48,48,0,47,-206,0,0,100,0,368,385,16,26,0,31,-198,0,0,100,0,368,385,16,26,0,31,-182,0,0,100,0,288,64,32,32,0,131,-166,0,0,100,0,256,32,32,32,0,81,-180,0,1,50,0,0,416,32,32,0,80,-180,0,0,100,0,192,0,32,32,0,69,-142,0,0,30,0,112,336,32,32,0,110,-148,0,0,20,0,48,336,16,16,0,100,-153,0,0,40,0,48,336,16,16,0,56,-167,0,0,50,0,0,336,48,48,0,81,-141,0,0,100,0,176,352,16,16,0,77,-139,0,0,100,0,176,352,16,16,0,73,-137,0,0,100,0,176,352,16,16,0,80,-135,0,0,100,0,176,368,16,16,0,52,-177,0,0,100,0,144,256,112,96,0,28,-121,0,0,100,0,48,384,64,32,0,81,-125,0,0,100,0,112,368,32,16,0,107,-120,0,0,100,0,112,384,48,32,0,96,-138,0,0,100,0,0,384,48,32,0,55,-130,0,0,100,0,160,400,32,16,0,80,-146,0,0,100,0,112,416,80,48,0,26,-152,0,0,50,0,0,256,144,80,0,0,-256,0,0,100,0,0,0,192,256,0,0,-256,0,0,100,0,0,624,192,256,0,
0,54,0,-256,0,0,100,0,192,624,192,256,0,52,-200,0,0,100,0,368,385,16,27,0,36,-174,0,0,100,0,192,448,48,48,0,27,-142,0,0,100,0,384,0,64,48,0,33,-157,0,0,100,0,240,384,64,64,0,27,-142,0,0,100,0,448,0,64,48,0,36,-151,0,0,100,0,192,384,48,64,0,27,-142,0,0,100,0,512,0,64,48,0,124,-208,0,0,100,0,368,385,16,30,0,124,-178,0,0,100,0,368,401,16,14,0,124,-164,0,0,100,0,368,401,16,13,0,124,-155,0,0,100,0,240,448,16,16,0,115,-155,0,0,100,0,336,384,32,64,0,114,-123,0,0,100,0,576,0,32,32,0,117,-115,0,0,100,0,144,368,32,16,0,115,-143,0,0,100,0,304,384,32,48,0,88,-201,0,0,100,0,288,128,48,48,0,83,-120,0,0,100,0,192,96,32,32,0,72,-154,0,0,100,0,624,160,48,48,0,103,-166,0,0,100,0,256,224,32,32,0,103,-166,0,0,60,0,256,288,32,32,0,103,-166,0,0,30,0,256,320,32,32,0,103,-166,0,0,50,0,256,256,32,32,0,103,-166,0,0,50,0,256,352,32,32,0,78,-204,0,0,60,0,336,160,48,32,0,78,-204,0,0,30,0,336,192,48,32,0,78,-204,0,0,50,0,336,128,48,32,0,68,-214,0,0,30,0,64,336,48,48,0,57,-224,0,0,100,0,192,128,96,96,0,24,-188,0,1,60,0,64,416,48,48,0,47,-206,0,0,100,0,368,385,16,26,0,31,-198,0,0,100,0,368,385,16,26,0,31,-182,0,0,100,0,192,64,32,32,0,131,-166,0,0,100,0,256,32,32,32,0,81,-180,0,1,50,0,0,416,32,32,0,80,-180,0,0,100,0,192,0,32,32,0,69,-142,0,0,30,0,112,336,32,32,0,110,-148,0,0,20,0,48,336,16,16,0,100,-153,0,0,40,0,48,336,16,16,0,56,-167,0,0,50,0,0,336,48,48,0,81,-141,0,0,100,0,176,352,16,16,0,77,-139,0,0,100,0,176,352,16,16,0,73,-137,0,0,100,0,176,352,16,16,0,80,-135,0,0,100,0,176,368,16,16,0,52,-177,0,0,100,0,144,256,112,96,0,28,-121,0,0,100,0,48,384,64,32,0,81,-125,0,0,100,0,112,368,32,16,0,107,-120,0,0,100,0,112,384,48,32,0,96,-138,0,0,100,0,0,384,48,32,0,55,-130,0,0,100,0,160,400,32,16,0,80,-146,0,0,100,0,112,416,80,48,0,26,-152,0,0,50,0,0,256,144,80,0,0,-256,0,0,100,0,0,0,192,256,0,0,-256,0,0,100,0,0,624,192,256,0,
0,54,0,-256,0,0,100,0,192,624,192,256,0,52,-200,0,0,100,0,368,385,16,27,0,36,-174,0,0,100,0,192,448,48,48,0,27,-142,0,0,100,0,384,0,64,48,0,33,-157,0,0,100,0,240,384,64,64,0,27,-142,0,0,100,0,448,0,64,48,0,36,-151,0,0,100,0,192,384,48,64,0,27,-142,0,0,100,0,512,0,64,48,0,124,-208,0,0,100,0,368,385,16,30,0,124,-178,0,0,100,0,368,401,16,14,0,124,-164,0,0,100,0,368,401,16,13,0,124,-155,0,0,100,0,240,448,16,16,0,115,-155,0,0,100,0,336,384,32,64,0,114,-123,0,0,100,0,576,0,32,32,0,117,-115,0,0,100,0,144,368,32,16,0,115,-143,0,0,100,0,304,384,32,48,0,88,-201,0,0,100,0,288,128,48,48,0,83,-120,0,0,100,0,192,96,32,32,0,72,-154,0,0,100,0,624,160,48,48,0,103,-166,0,0,100,0,256,224,32,32,0,103,-166,0,0,60,0,256,288,32,32,0,103,-166,0,0,30,0,256,320,32,32,0,103,-166,0,0,50,0,256,256,32,32,0,103,-166,0,0,50,0,256,352,32,32,0,78,-204,0,0,60,0,336,160,48,32,0,78,-204,0,0,30,0,336,192,48,32,0,78,-204,0,0,50,0,336,128,48,32,0,68,-214,0,0,30,0,64,336,48,48,0,57,-224,0,0,100,0,192,128,96,96,0,24,-188,0,1,70,0,64,416,48,48,0,47,-206,0,0,100,0,368,385,16,26,0,31,-198,0,0,100,0,368,385,16,26,0,31,-182,0,0,100,0,224,64,32,32,0,131,-166,0,0,100,0,256,32,32,32,0,81,-180,0,1,50,0,0,416,32,32,0,80,-180,0,0,100,0,192,0,32,32,0,69,-142,0,0,30,0,112,336,32,32,0,110,-148,0,0,20,0,48,336,16,16,0,100,-153,0,0,40,0,48,336,16,16,0,56,-167,0,0,50,0,0,336,48,48,0,81,-141,0,0,100,0,176,352,16,16,0,77,-139,0,0,100,0,176,352,16,16,0,73,-137,0,0,100,0,176,352,16,16,0,80,-135,0,0,100,0,176,368,16,16,0,52,-177,0,0,100,0,144,256,112,96,0,28,-121,0,0,100,0,48,384,64,32,0,81,-125,0,0,100,0,112,368,32,16,0,107,-120,0,0,100,0,112,384,48,32,0,96,-138,0,0,100,0,0,384,48,32,0,55,-130,0,0,100,0,160,400,32,16,0,80,-146,0,0,100,0,112,416,80,48,0,26,-152,0,0,50,0,0,256,144,80,0,0,-256,0,0,100,0,0,0,192,256,0,0,-256,0,0,100,0,0,624,192,256,0,
0,53,0,-256,0,0,100,0,192,624,192,256,0,53,-200,0,0,100,0,368,385,16,28,0,37,-173,0,0,100,0,192,448,48,48,0,28,-141,0,0,100,0,384,48,64,48,0,34,-156,0,0,100,0,240,384,64,64,0,28,-141,0,0,100,0,448,48,64,48,0,37,-150,0,0,100,0,192,384,48,64,0,28,-141,0,0,100,0,512,48,64,48,0,124,-208,0,0,100,0,368,385,16,30,0,124,-178,0,0,100,0,368,401,16,14,0,124,-164,0,0,100,0,368,401,16,13,0,124,-155,0,0,100,0,240,448,16,16,0,115,-155,0,0,100,0,336,384,32,64,0,114,-123,0,0,100,0,576,0,32,32,0,117,-115,0,0,100,0,144,368,32,16,0,115,-143,0,0,100,0,304,384,32,48,0,88,-201,0,0,100,0,288,128,48,48,0,83,-120,0,0,100,0,192,96,32,32,0,72,-154,0,0,100,0,720,160,48,48,0,103,-166,0,0,100,0,256,224,32,32,0,103,-166,0,0,60,0,256,288,32,32,0,103,-166,0,0,30,0,256,320,32,32,0,103,-166,0,0,50,0,256,256,32,32,0,103,-166,0,0,50,0,256,352,32,32,0,78,-204,0,0,60,0,336,160,48,32,0,78,-204,0,0,30,0,336,192,48,32,0,78,-204,0,0,50,0,336,128,48,32,0,68,-214,0,0,30,0,64,336,48,48,0,57,-224,0,0,100,0,192,128,96,96,0,24,-188,0,1,100,0,64,416,48,48,0,47,-206,0,0,100,0,368,385,16,26,0,31,-198,0,0,100,0,368,385,16,26,0,31,-182,0,0,100,0,256,64,32,32,0,131,-166,0,0,100,0,256,32,32,32,0,81,-180,0,1,50,0,0,416,32,32,0,80,-180,0,0,100,0,192,0,32,32,0,69,-142,0,0,30,0,112,336,32,32,0,110,-148,0,0,20,0,48,336,16,16,0,100,-153,0,0,40,0,48,336,16,16,0,56,-167,0,0,50,0,0,336,48,48,0,81,-141,0,0,100,0,176,352,16,16,0,77,-139,0,0,100,0,176,352,16,16,0,80,-135,0,0,100,0,192,368,16,16,0,52,-177,0,0,100,0,144,256,112,96,0,29,-120,0,0,100,0,48,384,64,32,0,81,-125,0,0,100,0,112,368,32,16,0,107,-120,0,0,100,0,112,384,48,32,0,96,-138,0,0,100,0,0,384,48,32,0,55,-130,0,0,100,0,160,400,32,16,0,80,-146,0,0,100,0,112,416,80,48,0,26,-152,0,0,50,0,0,256,144,80,0,0,-256,0,0,100,0,0,0,192,256,0,0,-256,0,0,100,0,0,624,192,256,0,
0,53,0,-256,0,0,100,0,192,624,192,256,0,52,-200,0,0,100,0,368,385,16,27,0,36,-174,0,0,100,0,192,448,48,48,0,27,-142,0,0,100,0,384,96,64,48,0,33,-157,0,0,100,0,240,384,64,64,0,27,-142,0,0,100,0,448,96,64,48,0,36,-151,0,0,100,0,192,384,48,64,0,27,-142,0,0,100,0,512,96,64,48,0,124,-208,0,0,100,0,368,385,16,30,0,124,-178,0,0,100,0,368,401,16,14,0,124,-164,0,0,100,0,368,401,16,13,0,124,-155,0,0,100,0,240,448,16,16,0,115,-155,0,0,100,0,336,384,32,64,0,114,-123,0,0,100,0,576,0,32,32,0,117,-115,0,0,100,0,144,368,32,16,0,115,-143,0,0,100,0,304,384,32,48,0,88,-201,0,0,100,0,288,128,48,48,0,83,-120,0,0,100,0,192,96,32,32,0,72,-154,0,0,100,0,768,160,48,48,0,103,-166,0,0,100,0,256,224,32,32,0,103,-166,0,0,60,0,256,288,32,32,0,103,-166,0,0,30,0,256,320,32,32,0,103,-166,0,0,50,0,256,256,32,32,0,103,-166,0,0,50,0,256,352,32,32,0,78,-204,0,0,60,0,336,160,48,32,0,78,-204,0,0,30,0,336,192,48,32,0,78,-204,0,0,50,0,336,128,48,32,0,68,-214,0,0,30,0,64,336,48,48,0,57,-224,0,0,100,0,192,128,96,96,0,24,-188,0,1,80,0,64,416,48,48,0,47,-206,0,0,100,0,368,385,16,26,0,31,-198,0,0,100,0,368,385,16,26,0,31,-182,0,0,100,0,288,64,32,32,0,131,-166,0,0,100,0,256,32,32,32,0,81,-180,0,1,50,0,0,416,32,32,0,80,-180,0,0,100,0,192,0,32,32,0,69,-142,0,0,30,0,112,336,32,32,0,110,-148,0,0,20,0,48,336,16,16,0,100,-153,0,0,40,0,48,336,16,16,0,56,-167,0,0,50,0,0,336,48,48,0,81,-141,0,0,100,0,176,352,16,16,0,77,-139,0,0,100,0,176,352,16,16,0,80,-135,0,0,100,0,192,368,16,16,0,52,-177,0,0,100,0,144,256,112,96,0,28,-121,0,0,100,0,48,384,64,32,0,81,-125,0,0,100,0,112,368,32,16,0,107,-120,0,0,100,0,112,384,48,32,0,96,-138,0,0,100,0,0,384,48,32,0,55,-130,0,0,100,0,160,400,32,16,0,80,-146,0,0,100,0,112,416,80,48,0,26,-152,0,0,50,0,0,256,144,80,0,0,-256,0,0,100,0,0,0,192,256,0,0,-256,0,0,100,0,0,624,192,256,0,
0,52,0,-256,0,0,100,0,192,624,192,256,0,52,-200,0,0,100,0,368,385,16,27,0,36,-174,0,0,100,0,192,448,48,48,0,27,-142,0,0,100,0,384,0,64,48,0,33,-157,0,0,100,0,240,384,64,64,0,27,-142,0,0,100,0,448,0,64,48,0,36,-151,0,0,100,0,192,384,48,64,0,27,-142,0,0,100,0,512,0,64,48,0,124,-208,0,0,100,0,368,385,16,30,0,124,-178,0,0,100,0,368,401,16,14,0,124,-164,0,0,100,0,368,401,16,13,0,124,-155,0,0,100,0,240,448,16,16,0,115,-155,0,0,100,0,336,384,32,64,0,114,-123,0,0,100,0,576,0,32,32,0,117,-115,0,0,100,0,144,368,32,16,0,115,-143,0,0,100,0,304,384,32,48,0,88,-201,0,0,100,0,288,128,48,48,0,83,-120,0,0,100,0,192,96,32,32,0,72,-154,0,0,100,0,720,160,48,48,0,103,-166,0,0,100,0,256,224,32,32,0,103,-166,0,0,60,0,256,288,32,32,0,103,-166,0,0,30,0,256,320,32,32,0,103,-166,0,0,50,0,256,256,32,32,0,103,-166,0,0,50,0,256,352,32,32,0,78,-204,0,0,60,0,336,160,48,32,0,78,-204,0,0,30,0,336,192,48,32,0,78,-204,0,0,50,0,336,128,48,32,0,68,-214,0,0,30,0,64,336,48,48,0,57,-224,0,0,100,0,192,128,96,96,0,24,-188,0,1,60,0,64,416,48,48,0,47,-206,0,0,100,0,368,385,16,26,0,31,-198,0,0,100,0,368,385,16,26,0,31,-182,0,0,100,0,192,64,32,32,0,131,-166,0,0,100,0,256,32,32,32,0,81,-180,0,1,50,0,0,416,32,32,0,80,-180,0,0,100,0,192,0,32,32,0,69,-142,0,0,30,0,112,336,32,32,0,110,-148,0,0,20,0,48,336,16,16,0,100,-153,0,0,40,0,48,336,16,16,0,56,-167,0,0,50,0,0,336,48,48,0,81,-141,0,0,100,0,176,352,16,16,0,80,-135,0,0,100,0,208,368,16,16,0,52,-177,0,0,100,0,144,256,112,96,0,28,-121,0,0,100,0,48,384,64,32,0,81,-125,0,0,100,0,112,368,32,16,0,107,-120,0,0,100,0,112,384,48,32,0,96,-138,0,0,100,0,0,384,48,32,0,55,-130,0,0,100,0,160,400,32,16,0,80,-146,0,0,100,0,112,416,80,48,0,26,-152,0,0,50,0,0,256,144,80,0,0,-256,0,0,100,0,0,0,192,256,0,0,-256,0,0,100,0,0,624,192,256,0,
0,53,0,-256,0,0,100,0,192,624,192,256,0,20,-158,0,1,100,0,352,304,80,64,0,52,-200,0,0,100,0,368,385,16,27,0,36,-174,0,0,100,0,192,448,48,48,0,27,-142,0,0,100,0,384,144,64,48,0,33,-157,0,0,100,0,240,384,64,64,0,27,-142,0,0,100,0,448,144,64,48,0,36,-151,0,0,100,0,192,384,48,64,0,27,-142,0,0,100,0,512,144,64,48,0,124,-208,0,0,100,0,368,385,16,30,0,124,-178,0,0,100,0,368,401,16,14,0,124,-164,0,0,100,0,368,401,16,13,0,124,-155,0,0,100,0,240,448,16,16,0,115,-155,0,0,100,0,336,384,32,64,0,114,-123,0,0,100,0,576,0,32,32,0,117,-115,0,0,100,0,144,368,32,16,0,115,-143,0,0,100,0,304,384,32,48,0,88,-201,0,0,100,0,288,128,48,48,0,83,-120,0,0,100,0,192,96,32,32,0,72,-154,0,0,100,0,768,160,48,48,0,103,-166,0,0,100,0,256,224,32,32,0,103,-166,0,0,60,0,256,288,32,32,0,103,-166,0,0,30,0,256,320,32,32,0,103,-166,0,0,50,0,256,256,32,32,0,103,-166,0,0,50,0,256,352,32,32,0,78,-204,0,0,60,0,336,160,48,32,0,78,-204,0,0,30,0,336,192,48,32,0,78,-204,0,0,50,0,336,128,48,32,0,68,-214,0,0,30,0,64,336,48,48,0,57,-224,0,0,100,0,192,128,96,96,0,24,-188,0,1,70,0,64,416,48,48,0,47,-206,0,0,100,0,368,385,16,26,0,31,-198,0,0,100,0,368,385,16,26,0,31,-182,0,0,100,0,224,64,32,32,0,131,-166,0,0,100,0,256,32,32,32,0,81,-180,0,1,60,0,0,416,32,32,0,80,-180,0,0,100,0,224,0,32,32,0,69,-142,0,0,30,0,112,336,32,32,0,110,-148,0,0,20,0,48,336,16,16,0,100,-153,0,0,40,0,48,336,16,16,0,56,-167,0,0,50,0,0,336,48,48,0,81,-141,0,0,100,0,176,352,16,16,0,80,-135,0,0,100,0,208,368,16,16,0,52,-177,0,0,100,0,144,256,112,96,0,28,-121,0,0,100,0,48,384,64,32,0,81,-125,0,0,100,0,112,368,32,16,0,107,-120,0,0,100,0,112,384,48,32,0,96,-138,0,0,100,0,0,384,48,32,0,55,-130,0,0,100,0,160,400,32,16,0,80,-146,0,0,100,0,112,416,80,48,0,26,-152,0,0,50,0,0,256,144,80,0,0,-256,0,0,100,0,0,0,192,256,0,0,-256,0,0,100,0,0,624,192,256,0,
0,55,0,-256,0,0,100,0,192,624,192,256,0,22,-164,0,1,100,0,432,304,80,64,0,52,-200,0,0,100,0,368,385,16,27,0,36,-174,0,0,100,0,192,448,48,48,0,26,-142,0,0,100,0,384,144,64,48,0,33,-157,0,0,100,0,240,384,64,64,0,26,-142,0,0,100,0,448,144,64,48,0,36,-151,0,0,100,0,192,384,48,64,0,26,-142,0,0,100,0,512,144,64,48,0,124,-208,0,0,100,0,368,385,16,30,0,124,-178,0,0,100,0,368,401,16,14,0,124,-164,0,0,100,0,368,401,16,13,0,124,-155,0,0,100,0,240,448,16,16,0,115,-155,0,0,100,0,336,384,32,64,0,114,-123,0,0,100,0,576,0,32,32,0,117,-115,0,0,100,0,144,368,32,16,0,115,-143,0,0,100,0,304,384,32,48,0,88,-201,0,0,100,0,288,128,48,48,0,83,-120,0,0,100,0,192,96,32,32,0,72,-154,0,0,100,0,720,160,48,48,0,103,-166,0,0,100,0,256,224,32,32,0,103,-166,0,0,60,0,256,288,32,32,0,103,-166,0,0,30,0,256,320,32,32,0,103,-166,0,0,50,0,256,256,32,32,0,103,-166,0,0,50,0,256,352,32,32,0,71,-203,0,1,50,0,576,432,32,32,0,78,-204,0,0,60,0,96,496,48,32,0,78,-204,0,0,30,0,96,528,48,32,0,78,-204,0,0,50,0,96,464,48,32,0,68,-214,0,0,30,0,64,336,48,48,0,71,-203,0,0,100,0,384,400,64,32,0,57,-224,0,0,100,0,0,464,96,96,0,24,-188,0,1,100,0,64,416,48,48,0,47,-206,0,0,100,0,368,385,16,26,0,31,-198,0,0,100,0,368,385,16,26,0,31,-182,0,0,100,0,256,64,32,32,0,130,-166,0,1,70,0,32,416,32,32,0,131,-166,0,0,50,0,256,32,32,32,0,131,-166,0,0,100,0,192,32,32,32,0,81,-180,0,1,60,0,0,416,32,32,0,80,-180,0,0,100,0,224,0,32,32,0,69,-142,0,0,30,0,112,336,32,32,0,110,-148,0,0,20,0,48,336,16,16,0,100,-153,0,0,40,0,48,336,16,16,0,56,-167,0,0,50,0,0,336,48,48,0,52,-177,0,0,100,0,144,256,112,96,0,28,-121,0,0,100,0,48,384,64,32,0,81,-125,0,0,100,0,112,368,32,16,0,107,-120,0,0,100,0,112,384,48,32,0,96,-138,0,0,100,0,0,384,48,32,0,55,-130,0,0,100,0,160,400,32,16,0,80,-146,0,0,100,0,112,416,80,48,0,26,-152,0,0,50,0,0,256,144,80,0,0,-256,0,0,100,0,0,0,192,256,0,0,-256,0,0,100,0,0,624,192,256,0,
0,58,0,-256,0,0,100,0,192,624,192,256,0,16,-188,0,1,100,0,512,304,96,96,0,52,-200,0,0,100,0,368,385,16,27,0,36,-174,0,0,100,0,192,448,48,48,0,27,-142,0,0,100,0,384,144,64,48,0,33,-157,0,0,100,0,240,384,64,64,0,27,-142,0,0,100,0,448,144,64,48,0,36,-151,0,0,100,0,192,384,48,64,0,27,-142,0,0,100,0,512,144,64,48,0,124,-208,0,0,100,0,368,385,16,30,0,124,-178,0,0,100,0,368,401,16,14,0,124,-164,0,0,100,0,368,401,16,13,0,124,-155,0,0,100,0,240,448,16,16,0,115,-155,0,0,100,0,336,384,32,64,0,114,-123,0,0,100,0,576,0,32,32,0,117,-115,0,0,100,0,144,368,32,16,0,115,-143,0,0,100,0,304,384,32,48,0,88,-201,0,0,100,0,288,128,48,48,0,83,-120,0,0,100,0,192,96,32,32,0,72,-154,0,0,100,0,768,160,48,48,0,103,-166,0,0,100,0,256,224,32,32,0,103,-166,0,0,60,0,256,288,32,32,0,103,-166,0,0,30,0,256,320,32,32,0,103,-166,0,0,50,0,256,256,32,32,0,95,-166,0,1,30,0,480,496,48,32,0,95,-166,0,0,50,0,384,464,48,12,0,95,-154,0,0,50,0,384,478,48,18,0,103,-166,0,0,50,0,256,352,32,32,0,102,-204,0,1,50,0,608,432,32,32,0,72,-204,0,1,80,0,576,432,32,32,0,78,-204,0,0,60,0,336,160,48,32,0,78,-204,0,0,30,0,336,192,48,32,0,78,-204,0,0,50,0,336,128,48,32,0,68,-214,0,0,30,0,64,336,48,48,0,72,-204,0,0,100,0,448,400,64,32,0,57,-224,0,0,80,0,192,128,96,96,0,24,-188,0,1,100,0,64,416,48,48,0,47,-206,0,0,100,0,368,385,16,26,0,31,-198,0,0,100,0,368,385,16,26,0,31,-182,0,0,100,0,288,64,32,32,0,130,-166,0,1,100,0,32,416,32,32,0,131,-166,0,0,100,0,192,32,32,32,0,81,-180,0,1,60,0,0,416,32,32,0,80,-180,0,0,100,0,224,0,32,32,0,69,-142,0,0,30,0,112,336,32,32,0,110,-148,0,0,20,0,48,336,16,16,0,100,-153,0,0,40,0,48,336,16,16,0,56,-167,0,0,50,0,0,336,48,48,0,52,-177,0,0,100,0,144,256,112,96,0,28,-121,0,0,100,0,48,384,64,32,0,81,-125,0,0,100,0,112,368,32,16,0,107,-120,0,0,100,0,112,384,48,32,0,96,-138,0,0,100,0,0,384,48,32,0,55,-130,0,0,100,0,160,400,32,16,0,80,-146,0,0,100,0,112,416,80,48,0,26,-152,0,0,50,0,0,256,144,80,0,0,-256,0,0,100,0,0,0,192,256,0,0,-256,0,0,100,0,0,624,192,256,0,
0,58,0,-256,0,0,100,0,192,624,192,256,0,21,-185,0,1,100,0,608,304,80,96,0,52,-200,0,0,100,0,368,385,16,27,0,36,-174,0,0,100,0,192,448,48,48,0,26,-142,0,0,100,0,384,144,64,48,0,33,-157,0,0,100,0,240,384,64,64,0,26,-142,0,0,100,0,448,144,64,48,0,36,-151,0,0,100,0,192,384,48,64,0,26,-142,0,0,100,0,512,144,64,48,0,124,-208,0,0,100,0,368,385,16,30,0,124,-178,0,0,100,0,368,401,16,14,0,124,-164,0,0,100,0,368,401,16,13,0,124,-155,0,0,100,0,240,448,16,16,0,115,-155,0,0,100,0,336,384,32,64,0,114,-123,0,0,100,0,576,0,32,32,0,117,-115,0,0,100,0,144,368,32,16,0,115,-143,0,0,100,0,304,384,32,48,0,88,-201,0,0,100,0,288,128,48,48,0,83,-120,0,0,100,0,192,96,32,32,0,72,-154,0,0,100,0,624,160,48,48,0,95,-166,0,1,50,0,480,496,48,32,0,103,-166,0,0,100,0,256,224,32,32,0,103,-166,0,0,60,0,256,288,32,32,0,103,-166,0,0,30,0,256,320,32,32,0,103,-166,0,0,50,0,256,256,32,32,0,95,-166,0,0,100,0,384,464,48,32,0,103,-166,0,0,50,0,256,352,32,32,0,102,-204,0,1,100,0,608,432,32,32,0,72,-204,0,1,100,0,576,432,32,32,0,78,-204,0,0,60,0,336,160,48,32,0,78,-204,0,0,30,0,336,192,48,32,0,78,-204,0,0,50,0,336,128,48,32,0,68,-214,0,0,30,0,64,336,48,48,0,72,-204,0,0,100,0,512,400,64,32,0,57,-224,0,0,100,0,192,128,96,96,0,24,-188,0,1,60,0,64,416,48,48,0,47,-206,0,0,100,0,368,385,16,26,0,31,-198,0,0,100,0,368,385,16,26,0,31,-182,0,0,100,0,192,64,32,32,0,130,-166,0,1,70,0,32,416,32,32,0,131,-166,0,0,50,0,256,32,32,32,0,131,-166,0,0,100,0,192,32,32,32,0,81,-180,0,1,80,0,0,416,32,32,0,80,-180,0,0,100,0,256,0,32,32,0,69,-142,0,0,30,0,112,336,32,32,0,110,-148,0,0,20,0,48,336,16,16,0,100,-153,0,0,40,0,48,336,16,16,0,56,-167,0,0,50,0,0,336,48,48,0,52,-177,0,0,100,0,144,256,112,96,0,28,-121,0,0,100,0,48,384,64,32,0,81,-125,0,0,100,0,112,368,32,16,0,107,-120,0,0,100,0,112,384,48,32,0,96,-138,0,0,100,0,0,384,48,32,0,55,-130,0,0,100,0,160,400,32,16,0,80,-146,0,0,100,0,112,416,80,48,0,26,-152,0,0,50,0,0,256,144,80,0,0,-256,0,0,100,0,0,0,192,256,0,0,-256,0,0,100,0,0,624,192,256,0,
0,57,0,-256,0,0,100,0,192,624,192,256,0,16,-188,0,1,100,0,512,304,96,96,0,52,-200,0,0,100,0,368,385,16,27,0,36,-174,0,0,100,0,192,448,48,48,0,27,-142,0,0,100,0,384,144,64,48,0,33,-157,0,0,100,0,240,384,64,64,0,27,-142,0,0,100,0,448,144,64,48,0,36,-151,0,0,100,0,192,384,48,64,0,27,-142,0,0,100,0,512,144,64,48,0,124,-208,0,0,100,0,368,385,16,30,0,124,-178,0,0,100,0,368,401,16,14,0,124,-164,0,0,100,0,368,401,16,13,0,124,-155,0,0,100,0,240,448,16,16,0,115,-155,0,0,100,0,336,384,32,64,0,114,-123,0,0,100,0,576,0,32,32,0,117,-115,0,0,100,0,144,368,32,16,0,115,-143,0,0,100,0,304,384,32,48,0,88,-201,0,0,100,0,288,128,48,48,0,83,-120,0,0,100,0,192,96,32,32,0,72,-154,0,0,100,0,624,160,48,48,0,95,-166,0,1,70,0,480,496,48,32,0,103,-166,0,0,100,0,256,224,32,32,0,103,-166,0,0,60,0,256,288,32,32,0,103,-166,0,0,30,0,256,320,32,32,0,103,-166,0,0,50,0,256,256,32,32,0,95,-166,0,0,100,0,432,464,48,32,0,103,-166,0,0,50,0,256,352,32,32,0,102,-204,0,1,100,0,608,432,32,32,0,72,-204,0,1,100,0,576,432,32,32,0,78,-204,0,0,60,0,336,160,48,32,0,78,-204,0,0,30,0,336,192,48,32,0,78,-204,0,0,50,0,336,128,48,32,0,68,-214,0,0,30,0,64,336,48,48,0,72,-204,0,0,100,0,576,400,64,32,0,57,-224,0,0,100,0,192,128,96,96,0,24,-188,0,1,70,0,64,416,48,48,0,47,-206,0,0,100,0,368,385,16,26,0,31,-198,0,0,100,0,368,385,16,26,0,31,-182,0,0,100,0,224,64,32,32,0,130,-166,0,1,100,0,32,416,32,32,0,131,-166,0,0,100,0,192,32,32,32,0,81,-180,0,1,80,0,0,416,32,32,0,80,-180,0,0,100,0,256,0,32,32,0,69,-142,0,0,30,0,112,336,32,32,0,110,-148,0,0,20,0,48,336,16,16,0,100,-153,0,0,40,0,48,336,16,16,0,56,-167,0,0,50,0,0,336,48,48,0,52,-177,0,0,100,0,144,256,112,96,0,28,-121,0,0,100,0,48,384,64,32,0,81,-125,0,0,100,0,112,368,32,16,0,107,-120,0,0,100,0,112,384,48,32,0,96,-138,0,0,100,0,0,384,48,32,0,55,-130,0,0,100,0,160,400,32,16,0,80,-146,0,0,100,0,112,416,80,48,0,26,-152,0,0,50,0,0,256,144,80,0,0,-256,0,0,100,0,0,0,192,256,0,0,-256,0,0,100,0,0,624,192,256,0,
0,58,0,-256,0,0,100,0,192,624,192,256,0,21,-185,0,1,100,0,608,304,80,96,0,52,-200,0,0,100,0,368,385,16,27,0,36,-174,0,0,100,0,192,448,48,48,0,26,-142,0,0,100,0,384,144,64,48,0,33,-157,0,0,100,0,240,384,64,64,0,26,-142,0,0,100,0,448,144,64,48,0,36,-151,0,0,100,0,192,384,48,64,0,26,-142,0,0,100,0,512,144,64,48,0,124,-208,0,0,100,0,368,385,16,30,0,124,-178,0,0,100,0,368,401,16,14,0,124,-164,0,0,100,0,368,401,16,13,0,124,-155,0,0,100,0,240,448,16,16,0,115,-155,0,0,100,0,336,384,32,64,0,114,-123,0,0,100,0,576,0,32,32,0,117,-115,0,0,100,0,144,368,32,16,0,115,-143,0,0,100,0,304,384,32,48,0,88,-201,0,0,100,0,288,128,48,48,0,83,-120,0,0,100,0,192,96,32,32,0,72,-154,0,0,100,0,624,160,48,48,0,95,-166,0,1,100,0,480,496,48,32,0,103,-166,0,0,100,0,256,224,32,32,0,103,-166,0,0,60,0,256,288,32,32,0,103,-166,0,0,30,0,256,320,32,32,0,103,-166,0,0,50,0,256,256,32,32,0,95,-166,0,0,100,0,480,464,48,32,0,103,-166,0,0,50,0,256,352,32,32,0,102,-204,0,1,100,0,608,432,32,32,0,72,-204,0,1,100,0,576,432,32,32,0,78,-204,0,0,60,0,336,160,48,32,0,78,-204,0,0,30,0,336,192,48,32,0,78,-204,0,0,50,0,336,128,48,32,0,68,-214,0,0,30,0,64,336,48,48,0,72,-204,0,0,100,0,512,400,64,32,0,57,-224,0,0,100,0,192,128,96,96,0,24,-188,0,1,100,0,64,416,48,48,0,47,-206,0,0,100,0,368,385,16,26,0,31,-198,0,0,100,0,368,385,16,26,0,31,-182,0,0,100,0,256,64,32,32,0,130,-166,0,1,70,0,32,416,32,32,0,131,-166,0,0,50,0,256,32,32,32,0,131,-166,0,0,100,0,192,32,32,32,0,81,-180,0,1,80,0,0,416,32,32,0,80,-180,0,0,100,0,256,0,32,32,0,69,-142,0,0,30,0,112,336,32,32,0,110,-148,0,0,20,0,48,336,16,16,0,100,-153,0,0,40,0,48,336,16,16,0,56,-167,0,0,50,0,0,336,48,48,0,52,-177,0,0,100,0,144,256,112,96,0,28,-121,0,0,100,0,48,384,64,32,0,81,-125,0,0,100,0,112,368,32,16,0,107,-120,0,0,100,0,112,384,48,32,0,96,-138,0,0,100,0,0,384,48,32,0,55,-130,0,0,100,0,160,400,32,16,0,80,-146,0,0,100,0,112,416,80,48,0,26,-152,0,0,50,0,0,256,144,80,0,0,-256,0,0,100,0,0,0,192,256,0,0,-256,0,0,100,0,0,624,192,256,0,
0,57,0,-256,0,0,100,0,192,624,192,256,0,16,-188,0,1,100,0,512,304,96,96,0,52,-200,0,0,100,0,368,385,16,27,0,36,-174,0,0,100,0,192,448,48,48,0,27,-142,0,0,100,0,384,144,64,48,0,33,-157,0,0,100,0,240,384,64,64,0,27,-142,0,0,100,0,448,144,64,48,0,36,-151,0,0,100,0,192,384,48,64,0,27,-142,0,0,100,0,512,144,64,48,0,124,-208,0,0,100,0,368,385,16,30,0,124,-178,0,0,100,0,368,401,16,14,0,124,-164,0,0,100,0,368,401,16,13,0,124,-155,0,0,100,0,240,448,16,16,0,115,-155,0,0,100,0,336,384,32,64,0,114,-123,0,0,100,0,576,0,32,32,0,117,-115,0,0,100,0,144,368,32,16,0,115,-143,0,0,100,0,304,384,32,48,0,88,-201,0,0,100,0,288,128,48,48,0,83,-120,0,0,100,0,192,96,32,32,0,72,-154,0,0,100,0,576,64,48,48,0,95,-166,0,1,100,0,480,496,48,32,0,103,-166,0,0,100,0,256,224,32,32,0,103,-166,0,0,60,0,256,288,32,32,0,103,-166,0,0,30,0,256,320,32,32,0,103,-166,0,0,50,0,256,256,32,32,0,95,-166,0,0,100,0,528,464,48,32,0,103,-166,0,0,50,0,256,352,32,32,0,102,-204,0,1,100,0,608,432,32,32,0,72,-204,0,1,100,0,576,432,32,32,0,78,-204,0,0,60,0,336,160,48,32,0,78,-204,0,0,30,0,336,192,48,32,0,78,-204,0,0,50,0,336,128,48,32,0,68,-214,0,0,30,0,64,336,48,48,0,72,-204,0,0,100,0,576,400,64,32,0,57,-224,0,0,100,0,192,128,96,96,0,24,-188,0,1,80,0,64,416,48,48,0,47,-206,0,0,100,0,368,385,16,26,0,31,-198,0,0,100,0,368,385,16,26,0,31,-182,0,0,100,0,288,64,32,32,0,130,-166,0,1,100,0,32,416,32,32,0,131,-166,0,0,100,0,192,32,32,32,0,81,-180,0,1,100,0,0,416,32,32,0,80,-180,0,0,100,0,288,0,32,32,0,69,-142,0,0,30,0,112,336,32,32,0,110,-148,0,0,20,0,48,336,16,16,0,100,-153,0,0,40,0,48,336,16,16,0,56,-167,0,0,50,0,0,336,48,48,0,52,-177,0,0,100,0,144,256,112,96,0,28,-121,0,0,100,0,48,384,64,32,0,81,-125,0,0,100,0,112,368,32,16,0,107,-120,0,0,100,0,112,384,48,32,0,96,-138,0,0,100,0,0,384,48,32,0,55,-130,0,0,100,0,160,400,32,16,0,80,-146,0,0,100,0,112,416,80,48,0,26,-152,0,0,50,0,0,256,144,80,0,0,-256,0,0,100,0,0,0,192,256,0,0,-256,0,0,100,0,0,624,192,256,0,
0,58,0,-256,0,0,100,0,192,624,192,256,0,21,-185,0,1,100,0,608,304,80,96,0,52,-200,0,0,100,0,368,385,16,27,0,36,-174,0,0,100,0,192,448,48,48,0,26,-142,0,0,100,0,384,144,64,48,0,33,-157,0,0,100,0,240,384,64,64,0,26,-142,0,0,100,0,448,144,64,48,0,36,-151,0,0,100,0,192,384,48,64,0,26,-142,0,0,100,0,512,144,64,48,0,124,-208,0,0,100,0,368,385,16,30,0,124,-178,0,0,100,0,368,401,16,14,0,124,-164,0,0,100,0,368,401,16,13,0,124,-155,0,0,100,0,240,448,16,16,0,115,-155,0,0,100,0,336,384,32,64,0,114,-123,0,0,100,0,576,0,32,32,0,117,-115,0,0,100,0,144,368,32,16,0,115,-143,0,0,100,0,304,384,32,48,0,88,-201,0,0,100,0,288,128,48,48,0,83,-120,0,0,100,0,192,96,32,32,0,72,-154,0,0,100,0,576,64,48,48,0,95,-166,0,1,100,0,480,496,48,32,0,103,-166,0,0,100,0,256,224,32,32,0,103,-166,0,0,60,0,256,288,32,32,0,103,-166,0,0,30,0,256,320,32,32,0,103,-166,0,0,50,0,256,256,32,32,0,95,-166,0,0,100,0,480,464,48,32,0,103,-166,0,0,50,0,256,352,32,32,0,102,-204,0,1,100,0,608,432,32,32,0,72,-204,0,1,100,0,576,432,32,32,0,78,-204,0,0,60,0,336,160,48,32,0,78,-204,0,0,30,0,336,192,48,32,0,78,-204,0,0,50,0,336,128,48,32,0,68,-214,0,0,30,0,64,336,48,48,0,72,-204,0,0,100,0,512,400,64,32,0,57,-224,0,0,100,0,192,128,96,96,0,24,-188,0,1,60,0,64,416,48,48,0,47,-206,0,0,100,0,368,385,16,26,0,31,-198,0,0,100,0,368,385,16,26,0,31,-182,0,0,100,0,192,64,32,32,0,130,-166,0,1,70,0,32,416,32,32,0,131,-166,0,0,50,0,256,32,32,32,0,131,-166,0,0,100,0,192,32,32,32,0,81,-180,0,1,100,0,0,416,32,32,0,80,-180,0,0,100,0,288,0,32,32,0,69,-142,0,0,30,0,112,336,32,32,0,110,-148,0,0,20,0,48,336,16,16,0,100,-153,0,0,40,0,48,336,16,16,0,56,-167,0,0,50,0,0,336,48,48,0,52,-177,0,0,100,0,144,256,112,96,0,28,-121,0,0,100,0,48,384,64,32,0,81,-125,0,0,100,0,112,368,32,16,0,107,-120,0,0,100,0,112,384,48,32,0,96,-138,0,0,100,0,0,384,48,32,0,55,-130,0,0,100,0,160,400,32,16,0,80,-146,0,0,100,0,112,416,80,48,0,26,-152,0,0,50,0,0,256,144,80,0,0,-256,0,0,100,0,0,0,192,256,0,0,-256,0,0,100,0,0,624,192,256,0,
0,57,0,-256,0,0,100,0,192,624,192,256,0,16,-188,0,1,100,0,512,304,96,96,0,52,-200,0,0,100,0,368,385,16,27,0,36,-174,0,0,100,0,192,448,48,48,0,27,-142,0,0,100,0,384,144,64,48,0,33,-157,0,0,100,0,240,384,64,64,0,27,-142,0,0,100,0,448,144,64,48,0,36,-151,0,0,100,0,192,384,48,64,0,27,-142,0,0,100,0,512,144,64,48,0,124,-208,0,0,100,0,368,385,16,30,0,124,-178,0,0,100,0,368,401,16,14,0,124,-164,0,0,100,0,368,401,16,13,0,124,-155,0,0,100,0,240,448,16,16,0,115,-155,0,0,100,0,336,384,32,64,0,114,-123,0,0,100,0,576,0,32,32,0,117,-115,0,0,100,0,144,368,32,16,0,115,-143,0,0,100,0,304,384,32,48,0,88,-201,0,0,100,0,288,128,48,48,0,83,-120,0,0,100,0,192,96,32,32,0,72,-154,0,0,100,0,576,64,48,48,0,95,-166,0,1,100,0,480,496,48,32,0,103,-166,0,0,100,0,256,224,32,32,0,103,-166,0,0,60,0,256,288,32,32,0,103,-166,0,0,30,0,256,320,32,32,0,103,-166,0,0,50,0,256,256,32,32,0,95,-166,0,0,100,0,528,464,48,32,0,103,-166,0,0,50,0,256,352,32,32,0,102,-204,0,1,100,0,608,432,32,32,0,72,-204,0,1,100,0,576,432,32,32,0,78,-204,0,0,60,0,336,160,48,32,0,78,-204,0,0,30,0,336,192,48,32,0,78,-204,0,0,50,0,336,128,48,32,0,68,-214,0,0,30,0,64,336,48,48,0,72,-204,0,0,100,0,576,400,64,32,0,57,-224,0,0,100,0,192,128,96,96,0,24,-188,0,1,100,0,64,416,48,48,0,47,-206,0,0,100,0,368,385,16,26,0,31,-198,0,0,100,0,368,385,16,26,0,31,-182,0,0,100,0,224,64,32,32,0,130,-166,0,1,100,0,32,416,32,32,0,131,-166,0,0,100,0,192,32,32,32,0,81,-180,0,1,100,0,0,416,32,32,0,80,-180,0,0,100,0,288,0,32,32,0,69,-142,0,0,30,0,112,336,32,32,0,110,-148,0,0,20,0,48,336,16,16,0,100,-153,0,0,40,0,48,336,16,16,0,56,-167,0,0,50,0,0,336,48,48,0,52,-177,0,0,100,0,144,256,112,96,0,28,-121,0,0,100,0,48,384,64,32,0,81,-125,0,0,100,0,112,368,32,16,0,107,-120,0,0,100,0,112,384,48,32,0,96,-138,0,0,100,0,0,384,48,32,0,55,-130,0,0,100,0,160,400,32,16,0,80,-146,0,0,100,0,112,416,80,48,0,26,-152,0,0,50,0,0,256,144,80,0,0,-256,0,0,100,0,0,0,192,256,0,0,-256,0,0,100,0,0,624,192,256,0,
0,57,0,-256,0,0,100,0,192,624,192,256,0,21,-185,0,1,100,0,608,304,80,96,0,52,-200,0,0,100,0,368,385,16,27,0,36,-174,0,0,100,0,192,448,48,48,0,26,-142,0,0,100,0,384,144,64,48,0,33,-157,0,0,100,0,240,384,64,64,0,26,-142,0,0,100,0,448,144,64,48,0,36,-151,0,0,100,0,192,384,48,64,0,26,-142,0,0,100,0,512,144,64,48,0,124,-208,0,0,100,0,368,385,16,30,0,124,-178,0,0,100,0,368,401,16,14,0,124,-164,0,0,100,0,368,401,16,13,0,124,-155,0,0,100,0,240,448,16,16,0,115,-155,0,0,100,0,336,384,32,64,0,114,-123,0,0,100,0,576,0,32,32,0,117,-115,0,0,100,0,144,368,32,16,0,115,-143,0,0,100,0,304,384,32,48,0,88,-201,0,0,100,0,288,128,48,48,0,83,-120,0,0,100,0,192,96,32,32,0,72,-154,0,0,100,0,576,64,48,48,0,95,-166,0,1,100,0,480,496,48,32,0,103,-166,0,0,100,0,256,224,32,32,0,103,-166,0,0,60,0,256,288,32,32,0,103,-166,0,0,30,0,256,320,32,32,0,103,-166,0,0,50,0,256,256,32,32,0,95,-166,0,0,100,0,480,464,48,32,0,103,-166,0,0,50,0,256,352,32,32,0,102,-204,0,1,100,0,608,432,32,32,0,72,-204,0,1,100,0,576,432,32,32,0,78,-204,0,0,60,0,336,160,48,32,0,78,-204,0,0,30,0,336,192,48,32,0,78,-204,0,0,50,0,336,128,48,32,0,68,-214,0,0,30,0,64,336,48,48,0,72,-204,0,0,100,0,512,400,64,32,0,57,-224,0,0,100,0,192,128,96,96,0,24,-188,0,1,70,0,64,416,48,48,0,47,-206,0,0,100,0,368,385,16,26,0,31,-198,0,0,100,0,368,385,16,26,0,31,-182,0,0,100,0,256,64,32,32,0,130,-166,0,1,100,0,32,416,32,32,0,131,-166,0,0,100,0,192,32,32,32,0,81,-180,0,1,100,0,0,416,32,32,0,80,-180,0,0,100,0,288,0,32,32,0,69,-142,0,0,30,0,112,336,32,32,0,110,-148,0,0,20,0,48,336,16,16,0,100,-153,0,0,40,0,48,336,16,16,0,56,-167,0,0,50,0,0,336,48,48,0,52,-177,0,0,100,0,144,256,112,96,0,28,-121,0,0,100,0,48,384,64,32,0,81,-125,0,0,100,0,112,368,32,16,0,107,-120,0,0,100,0,112,384,48,32,0,96,-138,0,0,100,0,0,384,48,32,0,55,-130,0,0,100,0,160,400,32,16,0,80,-146,0,0,100,0,112,416,80,48,0,26,-152,0,0,50,0,0,256,144,80,0,0,-256,0,0,100,0,0,0,192,256,0,0,-256,0,0,100,0,0,624,192,256,0,
0,57,0,-256,0,0,100,0,192,624,192,256,0,16,-188,0,1,100,0,512,304,96,96,0,52,-200,0,0,100,0,368,385,16,27,0,36,-174,0,0,100,0,192,448,48,48,0,27,-142,0,0,100,0,384,144,64,48,0,33,-157,0,0,100,0,240,384,64,64,0,27,-142,0,0,100,0,448,144,64,48,0,36,-151,0,0,100,0,192,384,48,64,0,27,-142,0,0,100,0,512,144,64,48,0,124,-208,0,0,100,0,368,385,16,30,0,124,-178,0,0,100,0,368,401,16,14,0,124,-164,0,0,100,0,368,401,16,13,0,124,-155,0,0,100,0,240,448,16,16,0,115,-155,0,0,100,0,336,384,32,64,0,114,-123,0,0,100,0,576,0,32,32,0,117,-115,0,0,100,0,144,368,32,16,0,115,-143,0,0,100,0,304,384,32,48,0,88,-201,0,0,100,0,288,128,48,48,0,83,-120,0,0,100,0,192,96,32,32,0,72,-154,0,0,100,0,576,64,48,48,0,95,-166,0,1,100,0,480,496,48,32,0,103,-166,0,0,100,0,256,224,32,32,0,103,-166,0,0,60,0,256,288,32,32,0,103,-166,0,0,30,0,256,320,32,32,0,103,-166,0,0,50,0,256,256,32,32,0,95,-166,0,0,100,0,528,464,48,32,0,103,-166,0,0,50,0,256,352,32,32,0,102,-204,0,1,100,0,608,432,32,32,0,72,-204,0,1,100,0,576,432,32,32,0,78,-204,0,0,60,0,336,160,48,32,0,78,-204,0,0,30,0,336,192,48,32,0,78,-204,0,0,50,0,336,128,48,32,0,68,-214,0,0,30,0,64,336,48,48,0,72,-204,0,0,100,0,576,400,64,32,0,57,-224,0,0,100,0,192,128,96,96,0,24,-188,0,1,80,0,64,416,48,48,0,47,-206,0,0,100,0,368,385,16,26,0,31,-198,0,0,100,0,368,385,16,26,0,31,-182,0,0,100,0,288,64,32,32,0,130,-166,0,1,100,0,32,416,32,32,0,131,-166,0,0,100,0,192,32,32,32,0,81,-180,0,1,100,0,0,416,32,32,0,80,-180,0,0,100,0,288,0,32,32,0,69,-142,0,0,30,0,112,336,32,32,0,110,-148,0,0,20,0,48,336,16,16,0,100,-153,0,0,40,0,48,336,16,16,0,56,-167,0,0,50,0,0,336,48,48,0,52,-177,0,0,100,0,144,256,112,96,0,28,-121,0,0,100,0,48,384,64,32,0,81,-125,0,0,100,0,112,368,32,16,0,107,-120,0,0,100,0,112,384,48,32,0,96,-138,0,0,100,0,0,384,48,32,0,55,-130,0,0,100,0,160,400,32,16,0,80,-146,0,0,100,0,112,416,80,48,0,26,-152,0,0,50,0,0,256,144,80,0,0,-256,0,0,100,0,0,0,192,256,0,0,-256,0,0,100,0,0,624,192,256,0,
0,57,0,-256,0,0,100,0,192,624,192,256,0,21,-185,0,1,100,0,608,304,80,96,0,52,-200,0,0,100,0,368,385,16,27,0,36,-174,0,0,100,0,192,448,48,48,0,26,-142,0,0,100,0,384,144,64,48,0,33,-157,0,0,100,0,240,384,64,64,0,26,-142,0,0,100,0,448,144,64,48,0,36,-151,0,0,100,0,192,384,48,64,0,26,-142,0,0,100,0,512,144,64,48,0,124,-208,0,0,100,0,368,385,16,30,0,124,-178,0,0,100,0,368,401,16,14,0,124,-164,0,0,100,0,368,401,16,13,0,124,-155,0,0,100,0,240,448,16,16,0,115,-155,0,0,100,0,336,384,32,64,0,114,-123,0,0,100,0,576,0,32,32,0,117,-115,0,0,100,0,144,368,32,16,0,115,-143,0,0,100,0,304,384,32,48,0,88,-201,0,0,100,0,288,128,48,48,0,83,-120,0,0,100,0,192,96,32,32,0,72,-154,0,0,100,0,576,64,48,48,0,95,-166,0,1,100,0,480,496,48,32,0,103,-166,0,0,100,0,256,224,32,32,0,103,-166,0,0,60,0,256,288,32,32,0,103,-166,0,0,30,0,256,320,32,32,0,103,-166,0,0,50,0,256,256,32,32,0,95,-166,0,0,100,0,480,464,48,32,0,103,-166,0,0,50,0,256,352,32,32,0,102,-204,0,1,100,0,608,432,32,32,0,72,-204,0,1,100,0,576,432,32,32,0,78,-204,0,0,60,0,336,160,48,32,0,78,-204,0,0,30,0,336,192,48,32,0,78,-204,0,0,50,0,336,128,48,32,0,68,-214,0,0,30,0,64,336,48,48,0,72,-204,0,0,100,0,512,400,64,32,0,57,-224,0,0,100,0,192,128,96,96,0,24,-188,0,1,60,0,64,416,48,48,0,47,-206,0,0,100,0,368,385,16,26,0,31,-198,0,0,100,0,368,385,16,26,0,31,-182,0,0,100,0,192,64,32,32,0,130,-166,0,1,100,0,32,416,32,32,0,131,-166,0,0,100,0,192,32,32,32,0,81,-180,0,1,100,0,0,416,32,32,0,80,-180,0,0,100,0,288,0,32,32,0,69,-142,0,0,30,0,112,336,32,32,0,110,-148,0,0,20,0,48,336,16,16,0,100,-153,0,0,40,0,48,336,16,16,0,56,-167,0,0,50,0,0,336,48,48,0,52,-177,0,0,100,0,144,256,112,96,0,28,-121,0,0,100,0,48,384,64,32,0,81,-125,0,0,100,0,112,368,32,16,0,107,-120,0,0,100,0,112,384,48,32,0,96,-138,0,0,100,0,0,384,48,32,0,55,-130,0,0,100,0,160,400,32,16,0,80,-146,0,0,100,0,112,416,80,48,0,26,-152,0,0,50,0,0,256,144,80,0,0,-256,0,0,100,0,0,0,192,256,0,0,-256,0,0,100,0,0,624,192,256,0,
0,57,0,-256,0,0,100,0,192,624,192,256,0,16,-188,0,1,100,0,512,304,96,96,0,52,-200,0,0,100,0,368,385,16,27,0,36,-174,0,0,100,0,192,448,48,48,0,27,-142,0,0,100,0,384,144,64,48,0,33,-157,0,0,100,0,240,384,64,64,0,27,-142,0,0,100,0,448,144,64,48,0,36,-151,0,0,100,0,192,384,48,64,0,27,-142,0,0,100,0,512,144,64,48,0,124,-208,0,0,100,0,368,385,16,30,0,124,-178,0,0,100,0,368,401,16,14,0,124,-164,0,0,100,0,368,401,16,13,0,124,-155,0,0,100,0,240,448,16,16,0,115,-155,0,0,100,0,336,384,32,64,0,114,-123,0,0,100,0,576,0,32,32,0,117,-115,0,0,100,0,144,368,32,16,0,115,-143,0,0,100,0,304,384,32,48,0,88,-201,0,0,100,0,288,128,48,48,0,83,-120,0,0,100,0,192,96,32,32,0,72,-154,0,0,100,0,576,64,48,48,0,95,-166,0,1,100,0,480,496,48,32,0,103,-166,0,0,100,0,256,224,32,32,0,103,-166,0,0,60,0,256,288,32,32,0,103,-166,0,0,30,0,256,320,32,32,0,103,-166,0,0,50,0,256,256,32,32,0,95,-166,0,0,100,0,528,464,48,32,0,103,-166,0,0,50,0,256,352,32,32,0,102,-204,0,1,100,0,608,432,32,32,0,72,-204,0,1,100,0,576,432,32,32,0,78,-204,0,0,60,0,336,160,48,32,0,78,-204,0,0,30,0,336,192,48,32,0,78,-204,0,0,50,0,336,128,48,32,0,68,-214,0,0,30,0,64,336,48,48,0,72,-204,0,0,100,0,576,400,64,32,0,57,-224,0,0,100,0,192,128,96,96,0,24,-188,0,1,70,0,64,416,48,48,0,47,-206,0,0,100,0,368,385,16,26,0,31,-198,0,0,100,0,368,385,16,26,0,31,-182,0,0,100,0,224,64,32,32,0,130,-166,0,1,100,0,32,416,32,32,0,131,-166,0,0,100,0,192,32,32,32,0,81,-180,0,1,100,0,0,416,32,32,0,80,-180,0,0,100,0,288,0,32,32,0,69,-142,0,0,30,0,112,336,32,32,0,110,-148,0,0,20,0,48,336,16,16,0,100,-153,0,0,40,0,48,336,16,16,0,56,-167,0,0,50,0,0,336,48,48,0,52,-177,0,0,100,0,144,256,112,96,0,28,-121,0,0,100,0,48,384,64,32,0,81,-125,0,0,100,0,112,368,32,16,0,107,-120,0,0,100,0,112,384,48,32,0,96,-138,0,0,100,0,0,384,48,32,0,55,-130,0,0,100,0,160,400,32,16,0,80,-146,0,0,100,0,112,416,80,48,0,26,-152,0,0,50,0,0,256,144,80,0,0,-256,0,0,100,0,0,0,192,256,0,0,-256,0,0,100,0,0,624,192,256,0,
0,57,0,-256,0,0,100,0,192,624,192,256,0,21,-185,0,1,100,0,608,304,80,96,0,52,-200,0,0,100,0,368,385,16,27,0,36,-174,0,0,100,0,192,448,48,48,0,26,-142,0,0,100,0,384,144,64,48,0,33,-157,0,0,100,0,240,384,64,64,0,26,-142,0,0,100,0,448,144,64,48,0,36,-151,0,0,100,0,192,384,48,64,0,26,-142,0,0,100,0,512,144,64,48,0,124,-208,0,0,100,0,368,385,16,30,0,124,-178,0,0,100,0,368,401,16,14,0,124,-164,0,0,100,0,368,401,16,13,0,124,-155,0,0,100,0,240,448,16,16,0,115,-155,0,0,100,0,336,384,32,64,0,114,-123,0,0,100,0,576,0,32,32,0,117,-115,0,0,100,0,144,368,32,16,0,115,-143,0,0,100,0,304,384,32,48,0,88,-201,0,0,100,0,288,128,48,48,0,83,-120,0,0,100,0,192,96,32,32,0,72,-154,0,0,100,0,576,64,48,48,0,95,-166,0,1,100,0,480,496,48,32,0,103,-166,0,0,100,0,256,224,32,32,0,103,-166,0,0,60,0,256,288,32,32,0,103,-166,0,0,30,0,256,320,32,32,0,103,-166,0,0,50,0,256,256,32,32,0,95,-166,0,0,100,0,480,464,48,32,0,103,-166,0,0,50,0,256,352,32,32,0,102,-204,0,1,100,0,608,432,32,32,0,72,-204,0,1,100,0,576,432,32,32,0,78,-204,0,0,60,0,336,160,48,32,0,78,-204,0,0,30,0,336,192,48,32,0,78,-204,0,0,50,0,336,128,48,32,0,68,-214,0,0,30,0,64,336,48,48,0,72,-204,0,0,100,0,512,400,64,32,0,57,-224,0,0,100,0,192,128,96,96,0,24,-188,0,1,100,0,64,416,48,48,0,47,-206,0,0,100,0,368,385,16,26,0,31,-198,0,0,100,0,368,385,16,26,0,31,-182,0,0,100,0,256,64,32,32,0,130,-166,0,1,100,0,32,416,32,32,0,131,-166,0,0,100,0,192,32,32,32,0,81,-180,0,1,100,0,0,416,32,32,0,80,-180,0,0,100,0,288,0,32,32,0,69,-142,0,0,30,0,112,336,32,32,0,110,-148,0,0,20,0,48,336,16,16,0,100,-153,0,0,40,0,48,336,16,16,0,56,-167,0,0,50,0,0,336,48,48,0,52,-177,0,0,100,0,144,256,112,96,0,28,-121,0,0,100,0,48,384,64,32,0,81,-125,0,0,100,0,112,368,32,16,0,107,-120,0,0,100,0,112,384,48,32,0,96,-138,0,0,100,0,0,384,48,32,0,55,-130,0,0,100,0,160,400,32,16,0,80,-146,0,0,100,0,112,416,80,48,0,26,-152,0,0,50,0,0,256,144,80,0,0,-256,0,0,100,0,0,0,192,256,0,0,-256,0,0,100,0,0,624,192,256,0,
0,57,0,-256,0,0,100,0,192,624,192,256,0,16,-188,0,1,100,0,512,304,96,96,0,52,-200,0,0,100,0,368,385,16,27,0,36,-174,0,0,100,0,192,448,48,48,0,27,-142,0,0,100,0,384,144,64,48,0,33,-157,0,0,100,0,240,384,64,64,0,27,-142,0,0,100,0,448,144,64,48,0,36,-151,0,0,100,0,192,384,48,64,0,27,-142,0,0,100,0,512,144,64,48,0,124,-208,0,0,100,0,368,385,16,30,0,124,-178,0,0,100,0,368,401,16,14,0,124,-164,0,0,100,0,368,401,16,13,0,124,-155,0,0,100,0,240,448,16,16,0,115,-155,0,0,100,0,336,384,32,64,0,114,-123,0,0,100,0,576,0,32,32,0,117,-115,0,0,100,0,144,368,32,16,0,115,-143,0,0,100,0,304,384,32,48,0,88,-201,0,0,100,0,288,128,48,48,0,83,-120,0,0,100,0,192,96,32,32,0,72,-154,0,0,100,0,576,64,48,48,0,95,-166,0,1,100,0,480,496,48,32,0,103,-166,0,0,100,0,256,224,32,32,0,103,-166,0,0,60,0,256,288,32,32,0,103,-166,0,0,30,0,256,320,32,32,0,103,-166,0,0,50,0,256,256,32,32,0,95,-166,0,0,100,0,528,464,48,32,0,103,-166,0,0,50,0,256,352,32,32,0,102,-204,0,1,100,0,608,432,32,32,0,72,-204,0,1,100,0,576,432,32,32,0,78,-204,0,0,60,0,336,160,48,32,0,78,-204,0,0,30,0,336,192,48,32,0,78,-204,0,0,50,0,336,128,48,32,0,68,-214,0,0,30,0,64,336,48,48,0,72,-204,0,0,100,0,576,400,64,32,0,57,-224,0,0,100,0,192,128,96,96,0,24,-188,0,1,80,0,64,416,48,48,0,47,-206,0,0,100,0,368,385,16,26,0,31,-198,0,0,100,0,368,385,16,26,0,31,-182,0,0,100,0,288,64,32,32,0,130,-166,0,1,100,0,32,416,32,32,0,131,-166,0,0,100,0,192,32,32,32,0,81,-180,0,1,100,0,0,416,32,32,0,80,-180,0,0,100,0,288,0,32,32,0,69,-142,0,0,30,0,112,336,32,32,0,110,-148,0,0,20,0,48,336,16,16,0,100,-153,0,0,40,0,48,336,16,16,0,56,-167,0,0,50,0,0,336,48,48,0,52,-177,0,0,100,0,144,256,112,96,0,28,-121,0,0,100,0,48,384,64,32,0,81,-125,0,0,100,0,112,368,32,16,0,107,-120,0,0,100,0,112,384,48,32,0,96,-138,0,0,100,0,0,384,48,32,0,55,-130,0,0,100,0,160,400,32,16,0,80,-146,0,0,100,0,112,416,80,48,0,26,-152,0,0,50,0,0,256,144,80,0,0,-256,0,0,100,0,0,0,192,256,0,0,-256,0,0,100,0,0,624,192,256,0,
0,57,0,-256,0,0,100,0,192,624,192,256,0,21,-185,0,1,100,0,608,304,80,96,0,52,-200,0,0,100,0,368,385,16,27,0,36,-174,0,0,100,0,192,448,48,48,0,26,-142,0,0,100,0,384,144,64,48,0,33,-157,0,0,100,0,240,384,64,64,0,26,-142,0,0,100,0,448,144,64,48,0,36,-151,0,0,100,0,192,384,48,64,0,26,-142,0,0,100,0,512,144,64,48,0,124,-208,0,0,100,0,368,385,16,30,0,124,-178,0,0,100,0,368,401,16,14,0,124,-164,0,0,100,0,368,401,16,13,0,124,-155,0,0,100,0,240,448,16,16,0,115,-155,0,0,100,0,336,384,32,64,0,114,-123,0,0,100,0,576,0,32,32,0,117,-115,0,0,100,0,144,368,32,16,0,115,-143,0,0,100,0,304,384,32,48,0,88,-201,0,0,100,0,288,128,48,48,0,83,-120,0,0,100,0,192,96,32,32,0,72,-154,0,0,100,0,576,64,48,48,0,95,-166,0,1,100,0,480,496,48,32,0,103,-166,0,0,100,0,256,224,32,32,0,103,-166,0,0,60,0,256,288,32,32,0,103,-166,0,0,30,0,256,320,32,32,0,103,-166,0,0,50,0,256,256,32,32,0,95,-166,0,0,100,0,480,464,48,32,0,103,-166,0,0,50,0,256,352,32,32,0,102,-204,0,1,100,0,608,432,32,32,0,72,-204,0,1,100,0,576,432,32,32,0,78,-204,0,0,60,0,336,160,48,32,0,78,-204,0,0,30,0,336,192,48,32,0,78,-204,0,0,50,0,336,128,48,32,0,68,-214,0,0,30,0,64,336,48,48,0,72,-204,0,0,100,0,512,400,64,32,0,57,-224,0,0,100,0,192,128,96,96,0,24,-188,0,1,60,0,64,416,48,48,0,47,-206,0,0,100,0,368,385,16,26,0,31,-198,0,0,100,0,368,385,16,26,0,31,-182,0,0,100,0,192,64,32,32,0,130,-166,0,1,100,0,32,416,32,32,0,131,-166,0,0,100,0,192,32,32,32,0,81,-180,0,1,100,0,0,416,32,32,0,80,-180,0,0,100,0,288,0,32,32,0,69,-142,0,0,30,0,112,336,32,32,0,110,-148,0,0,20,0,48,336,16,16,0,100,-153,0,0,40,0,48,336,16,16,0,56,-167,0,0,50,0,0,336,48,48,0,52,-177,0,0,100,0,144,256,112,96,0,28,-121,0,0,100,0,48,384,64,32,0,81,-125,0,0,100,0,112,368,32,16,0,107,-120,0,0,100,0,112,384,48,32,0,96,-138,0,0,100,0,0,384,48,32,0,55,-130,0,0,100,0,160,400,32,16,0,80,-146,0,0,100,0,112,416,80,48,0,26,-152,0,0,50,0,0,256,144,80,0,0,-256,0,0,100,0,0,0,192,256,0,0,-256,0,0,100,0,0,624,192,256,0,
0,57,0,-256,0,0,100,0,192,624,192,256,0,16,-188,0,1,100,0,512,304,96,96,0,52,-200,0,0,100,0,368,385,16,27,0,36,-174,0,0,100,0,192,448,48,48,0,27,-142,0,0,100,0,384,144,64,48,0,33,-157,0,0,100,0,240,384,64,64,0,27,-142,0,0,100,0,448,144,64,48,0,36,-151,0,0,100,0,192,384,48,64,0,27,-142,0,0,100,0,512,144,64,48,0,124,-208,0,0,100,0,368,385,16,30,0,124,-178,0,0,100,0,368,401,16,14,0,124,-164,0,0,100,0,368,401,16,13,0,124,-155,0,0,100,0,240,448,16,16,0,115,-155,0,0,100,0,336,384,32,64,0,114,-123,0,0,100,0,576,0,32,32,0,117,-115,0,0,100,0,144,368,32,16,0,115,-143,0,0,100,0,304,384,32,48,0,88,-201,0,0,100,0,288,128,48,48,0,83,-120,0,0,100,0,192,96,32,32,0,72,-154,0,0,100,0,576,64,48,48,0,95,-166,0,1,100,0,480,496,48,32,0,103,-166,0,0,100,0,256,224,32,32,0,103,-166,0,0,60,0,256,288,32,32,0,103,-166,0,0,30,0,256,320,32,32,0,103,-166,0,0,50,0,256,256,32,32,0,95,-166,0,0,100,0,528,464,48,32,0,103,-166,0,0,50,0,256,352,32,32,0,102,-204,0,1,100,0,608,432,32,32,0,72,-204,0,1,100,0,576,432,32,32,0,78,-204,0,0,60,0,336,160,48,32,0,78,-204,0,0,30,0,336,192,48,32,0,78,-204,0,0,50,0,336,128,48,32,0,68,-214,0,0,30,0,64,336,48,48,0,72,-204,0,0,100,0,576,400,64,32,0,57,-224,0,0,100,0,192,128,96,96,0,24,-188,0,1,70,0,64,416,48,48,0,47,-206,0,0,100,0,368,385,16,26,0,31,-198,0,0,100,0,368,385,16,26,0,31,-182,0,0,100,0,224,64,32,32,0,130,-166,0,1,100,0,32,416,32,32,0,131,-166,0,0,100,0,192,32,32,32,0,81,-180,0,1,100,0,0,416,32,32,0,80,-180,0,0,100,0,288,0,32,32,0,69,-142,0,0,30,0,112,336,32,32,0,110,-148,0,0,20,0,48,336,16,16,0,100,-153,0,0,40,0,48,336,16,16,0,56,-167,0,0,50,0,0,336,48,48,0,52,-177,0,0,100,0,144,256,112,96,0,28,-121,0,0,100,0,48,384,64,32,0,81,-125,0,0,100,0,112,368,32,16,0,107,-120,0,0,100,0,112,384,48,32,0,96,-138,0,0,100,0,0,384,48,32,0,55,-130,0,0,100,0,160,400,32,16,0,80,-146,0,0,100,0,112,416,80,48,0,26,-152,0,0,50,0,0,256,144,80,0,0,-256,0,0,100,0,0,0,192,256,0,0,-256,0,0,100,0,0,624,192,256,0,
0,57,0,-256,0,0,100,0,192,624,192,256,0,21,-185,0,1,100,0,608,304,80,96,0,52,-200,0,0,100,0,368,385,16,27,0,36,-174,0,0,100,0,192,448,48,48,0,26,-142,0,0,100,0,384,144,64,48,0,33,-157,0,0,100,0,240,384,64,64,0,26,-142,0,0,100,0,448,144,64,48,0,36,-151,0,0,100,0,192,384,48,64,0,26,-142,0,0,100,0,512,144,64,48,0,124,-208,0,0,100,0,368,385,16,30,0,124,-178,0,0,100,0,368,401,16,14,0,124,-164,0,0,100,0,368,401,16,13,0,124,-155,0,0,100,0,240,448,16,16,0,115,-155,0,0,100,0,336,384,32,64,0,114,-123,0,0,100,0,576,0,32,32,0,117,-115,0,0,100,0,144,368,32,16,0,115,-143,0,0,100,0,304,384,32,48,0,88,-201,0,0,100,0,288,128,48,48,0,83,-120,0,0,100,0,192,96,32,32,0,72,-154,0,0,100,0,576,64,48,48,0,95,-166,0,1,100,0,480,496,48,32,0,103,-166,0,0,100,0,256,224,32,32,0,103,-166,0,0,60,0,256,288,32,32,0,103,-166,0,0,30,0,256,320,32,32,0,103,-166,0,0,50,0,256,256,32,32,0,95,-166,0,0,100,0,480,464,48,32,0,103,-166,0,0,50,0,256,352,32,32,0,102,-204,0,1,100,0,608,432,32,32,0,72,-204,0,1,100,0,576,432,32,32,0,78,-204,0,0,60,0,336,160,48,32,0,78,-204,0,0,30,0,336,192,48,32,0,78,-204,0,0,50,0,336,128,48,32,0,68,-214,0,0,30,0,64,336,48,48,0,72,-204,0,0,100,0,512,400,64,32,0,57,-224,0,0,100,0,192,128,96,96,0,24,-188,0,1,100,0,64,416,48,48,0,47,-206,0,0,100,0,368,385,16,26,0,31,-198,0,0,100,0,368,385,16,26,0,31,-182,0,0,100,0,256,64,32,32,0,130,-166,0,1,100,0,32,416,32,32,0,131,-166,0,0,100,0,192,32,32,32,0,81,-180,0,1,100,0,0,416,32,32,0,80,-180,0,0,100,0,288,0,32,32,0,69,-142,0,0,30,0,112,336,32,32,0,110,-148,0,0,20,0,48,336,16,16,0,100,-153,0,0,40,0,48,336,16,16,0,56,-167,0,0,50,0,0,336,48,48,0,52,-177,0,0,100,0,144,256,112,96,0,28,-121,0,0,100,0,48,384,64,32,0,81,-125,0,0,100,0,112,368,32,16,0,107,-120,0,0,100,0,112,384,48,32,0,96,-138,0,0,100,0,0,384,48,32,0,55,-130,0,0,100,0,160,400,32,16,0,80,-146,0,0,100,0,112,416,80,48,0,26,-152,0,0,50,0,0,256,144,80,0,0,-256,0,0,100,0,0,0,192,256,0,0,-256,0,0,100,0,0,624,192,256,0,
0,57,0,-256,0,0,100,0,192,624,192,256,0,16,-188,0,1,100,0,512,304,96,96,0,52,-200,0,0,100,0,368,385,16,27,0,36,-174,0,0,100,0,192,448,48,48,0,27,-142,0,0,100,0,384,144,64,48,0,33,-157,0,0,100,0,240,384,64,64,0,27,-142,0,0,100,0,448,144,64,48,0,36,-151,0,0,100,0,192,384,48,64,0,27,-142,0,0,100,0,512,144,64,48,0,124,-208,0,0,100,0,368,385,16,30,0,124,-178,0,0,100,0,368,401,16,14,0,124,-164,0,0,100,0,368,401,16,13,0,124,-155,0,0,100,0,240,448,16,16,0,115,-155,0,0,100,0,336,384,32,64,0,114,-123,0,0,100,0,576,0,32,32,0,117,-115,0,0,100,0,144,368,32,16,0,115,-143,0,0,100,0,304,384,32,48,0,88,-201,0,0,100,0,288,128,48,48,0,83,-120,0,0,100,0,192,96,32,32,0,72,-154,0,0,100,0,576,64,48,48,0,95,-166,0,1,100,0,480,496,48,32,0,103,-166,0,0,100,0,256,224,32,32,0,103,-166,0,0,60,0,256,288,32,32,0,103,-166,0,0,30,0,256,320,32,32,0,103,-166,0,0,50,0,256,256,32,32,0,95,-166,0,0,100,0,528,464,48,32,0,103,-166,0,0,50,0,256,352,32,32,0,102,-204,0,1,100,0,608,432,32,32,0,72,-204,0,1,100,0,576,432,32,32,0,78,-204,0,0,60,0,336,160,48,32,0,78,-204,0,0,30,0,336,192,48,32,0,78,-204,0,0,50,0,336,128,48,32,0,68,-214,0,0,30,0,64,336,48,48,0,72,-204,0,0,100,0,576,400,64,32,0,57,-224,0,0,100,0,192,128,96,96,0,24,-188,0,1,80,0,64,416,48,48,0,47,-206,0,0,100,0,368,385,16,26,0,31,-198,0,0,100,0,368,385,16,26,0,31,-182,0,0,100,0,288,64,32,32,0,130,-166,0,1,100,0,32,416,32,32,0,131,-166,0,0,100,0,192,32,32,32,0,81,-180,0,1,100,0,0,416,32,32,0,80,-180,0,0,100,0,288,0,32,32,0,69,-142,0,0,30,0,112,336,32,32,0,110,-148,0,0,20,0,48,336,16,16,0,100,-153,0,0,40,0,48,336,16,16,0,56,-167,0,0,50,0,0,336,48,48,0,52,-177,0,0,100,0,144,256,112,96,0,28,-121,0,0,100,0,48,384,64,32,0,81,-125,0,0,100,0,112,368,32,16,0,107,-120,0,0,100,0,112,384,48,32,0,96,-138,0,0,100,0,0,384,48,32,0,55,-130,0,0,100,0,160,400,32,16,0,80,-146,0,0,100,0,112,416,80,48,0,26,-152,0,0,50,0,0,256,144,80,0,0,-256,0,0,100,0,0,0,192,256,0,0,-256,0,0,100,0,0,624,192,256,0,
0,57,0,-256,0,0,100,0,192,624,192,256,0,21,-185,0,1,100,0,608,304,80,96,0,52,-200,0,0,100,0,368,385,16,27,0,36,-174,0,0,100,0,192,448,48,48,0,26,-142,0,0,100,0,384,144,64,48,0,33,-157,0,0,100,0,240,384,64,64,0,26,-142,0,0,100,0,448,144,64,48,0,36,-151,0,0,100,0,192,384,48,64,0,26,-142,0,0,100,0,512,144,64,48,0,124,-208,0,0,100,0,368,385,16,30,0,124,-178,0,0,100,0,368,401,16,14,0,124,-164,0,0,100,0,368,401,16,13,0,124,-155,0,0,100,0,240,448,16,16,0,115,-155,0,0,100,0,336,384,32,64,0,114,-123,0,0,100,0,576,0,32,32,0,117,-115,0,0,100,0,144,368,32,16,0,115,-143,0,0,100,0,304,384,32,48,0,88,-201,0,0,100,0,288,128,48,48,0,83,-120,0,0,100,0,192,96,32,32,0,72,-154,0,0,100,0,576,64,48,48,0,95,-166,0,1,100,0,480,496,48,32,0,103,-166,0,0,100,0,256,224,32,32,0,103,-166,0,0,60,0,256,288,32,32,0,103,-166,0,0,30,0,256,320,32,32,0,103,-166,0,0,50,0,256,256,32,32,0,95,-166,0,0,100,0,480,464,48,32,0,103,-166,0,0,50,0,256,352,32,32,0,102,-204,0,1,100,0,608,432,32,32,0,72,-204,0,1,100,0,576,432,32,32,0,78,-204,0,0,60,0,336,160,48,32,0,78,-204,0,0,30,0,336,192,48,32,0,78,-204,0,0,50,0,336,128,48,32,0,68,-214,0,0,30,0,64,336,48,48,0,72,-204,0,0,100,0,512,400,64,32,0,57,-224,0,0,100,0,192,128,96,96,0,24,-188,0,1,60,0,64,416,48,48,0,47,-206,0,0,100,0,368,385,16,26,0,31,-198,0,0,100,0,368,385,16,26,0,31,-182,0,0,100,0,192,64,32,32,0,130,-166,0,1,100,0,32,416,32,32,0,131,-166,0,0,100,0,192,32,32,32,0,81,-180,0,1,100,0,0,416,32,32,0,80,-180,0,0,100,0,288,0,32,32,0,69,-142,0,0,30,0,112,336,32,32,0,110,-148,0,0,20,0,48,336,16,16,0,100,-153,0,0,40,0,48,336,16,16,0,56,-167,0,0,50,0,0,336,48,48,0,52,-177,0,0,100,0,144,256,112,96,0,28,-121,0,0,100,0,48,384,64,32,0,81,-125,0,0,100,0,112,368,32,16,0,107,-120,0,0,100,0,112,384,48,32,0,96,-138,0,0,100,0,0,384,48,32,0,55,-130,0,0,100,0,160,400,32,16,0,80,-146,0,0,100,0,112,416,80,48,0,26,-152,0,0,50,0,0,256,144,80,0,0,-256,0,0,100,0,0,0,192,256,0,0,-256,0,0,100,0,0,624,192,256,0,
0,57,0,-256,0,0,100,0,192,624,192,256,0,19,-184,0,1,100,0,688,304,80,80,0,52,-200,0,0,100,0,368,385,16,27,0,36,-174,0,0,100,0,192,448,48,48,0,26,-142,0,0,100,0,144,512,64,48,0,33,-157,0,0,100,0,240,384,64,64,0,26,-142,0,0,100,0,208,512,64,48,0,36,-151,0,0,100,0,192,384,48,64,0,26,-142,0,0,100,0,272,512,64,48,0,124,-208,0,0,100,0,368,385,16,30,0,124,-178,0,0,100,0,368,401,16,14,0,124,-164,0,0,100,0,368,401,16,13,0,124,-155,0,0,100,0,240,448,16,16,0,115,-155,0,0,100,0,336,384,32,64,0,114,-123,0,0,100,0,576,0,32,32,0,117,-115,0,0,100,0,144,368,32,16,0,115,-143,0,0,100,0,304,384,32,48,0,88,-201,0,0,100,0,288,128,48,48,0,83,-120,0,0,100,0,192,96,32,32,0,72,-154,0,0,100,0,576,64,48,48,0,95,-166,0,1,100,0,480,496,48,32,0,103,-166,0,0,100,0,256,224,32,32,0,103,-166,0,0,60,0,256,288,32,32,0,103,-166,0,0,30,0,256,320,32,32,0,103,-166,0,0,50,0,256,256,32,32,0,95,-166,0,0,100,0,528,464,48,32,0,103,-166,0,0,50,0,256,352,32,32,0,102,-204,0,1,100,0,608,432,32,32,0,72,-204,0,1,100,0,576,432,32,32,0,78,-204,0,0,60,0,336,160,48,32,0,78,-204,0,0,30,0,336,192,48,32,0,78,-204,0,0,50,0,336,128,48,32,0,68,-214,0,0,30,0,64,336,48,48,0,72,-204,0,0,100,0,576,400,64,32,0,57,-224,0,0,100,0,192,128,96,96,0,24,-188,0,1,70,0,64,416,48,48,0,47,-206,0,0,100,0,368,385,16,26,0,31,-198,0,0,100,0,368,385,16,26,0,31,-182,0,0,100,0,224,64,32,32,0,130,-166,0,1,100,0,32,416,32,32,0,131,-166,0,0,100,0,192,32,32,32,0,81,-180,0,1,100,0,0,416,32,32,0,80,-180,0,0,100,0,288,0,32,32,0,69,-142,0,0,30,0,112,336,32,32,0,110,-148,0,0,20,0,48,336,16,16,0,100,-153,0,0,40,0,48,336,16,16,0,56,-167,0,0,50,0,0,336,48,48,0,52,-177,0,0,100,0,144,256,112,96,0,28,-121,0,0,100,0,48,384,64,32,0,81,-125,0,0,100,0,112,368,32,16,0,107,-120,0,0,100,0,112,384,48,32,0,96,-138,0,0,100,0,0,384,48,32,0,55,-130,0,0,100,0,160,400,32,16,0,80,-146,0,0,100,0,112,416,80,48,0,26,-152,0,0,50,0,0,256,144,80,0,0,-256,0,0,100,0,0,0,192,256,0,0,-256,0,0,100,0,0,624,192,256,0,
0,57,0,-256,0,0,100,0,192,624,192,256,0,29,-196,0,1,100,0,768,272,64,64,0,52,-200,0,0,100,0,368,385,16,27,0,36,-174,0,0,100,0,192,448,48,48,0,26,-142,0,0,100,0,384,240,64,48,0,33,-157,0,0,100,0,240,384,64,64,0,26,-142,0,0,100,0,448,240,64,48,0,36,-151,0,0,100,0,192,384,48,64,0,26,-142,0,0,100,0,512,240,64,48,0,124,-208,0,0,100,0,368,385,16,30,0,124,-178,0,0,100,0,368,401,16,14,0,124,-164,0,0,100,0,368,401,16,13,0,124,-155,0,0,100,0,240,448,16,16,0,115,-155,0,0,100,0,336,384,32,64,0,114,-123,0,0,100,0,576,0,32,32,0,117,-115,0,0,100,0,144,368,32,16,0,115,-143,0,0,100,0,304,384,32,48,0,88,-201,0,0,100,0,288,128,48,48,0,83,-120,0,0,100,0,192,96,32,32,0,72,-154,0,0,100,0,576,64,48,48,0,95,-166,0,1,100,0,480,496,48,32,0,103,-166,0,0,100,0,256,224,32,32,0,103,-166,0,0,60,0,256,288,32,32,0,103,-166,0,0,30,0,256,320,32,32,0,103,-166,0,0,50,0,256,256,32,32,0,95,-166,0,0,100,0,480,464,48,32,0,103,-166,0,0,50,0,256,352,32,32,0,102,-204,0,1,100,0,608,432,32,32,0,72,-204,0,1,100,0,576,432,32,32,0,78,-204,0,0,60,0,336,160,48,32,0,78,-204,0,0,30,0,336,192,48,32,0,78,-204,0,0,50,0,336,128,48,32,0,68,-214,0,0,30,0,64,336,48,48,0,72,-204,0,0,100,0,512,400,64,32,0,57,-224,0,0,100,0,192,128,96,96,0,24,-188,0,1,100,0,64,416,48,48,0,47,-206,0,0,100,0,368,385,16,26,0,31,-198,0,0,100,0,368,385,16,26,0,31,-182,0,0,100,0,256,64,32,32,0,130,-166,0,1,100,0,32,416,32,32,0,131,-166,0,0,100,0,192,32,32,32,0,81,-180,0,1,100,0,0,416,32,32,0,80,-180,0,0,100,0,288,0,32,32,0,69,-142,0,0,30,0,112,336,32,32,0,110,-148,0,0,20,0,48,336,16,16,0,100,-153,0,0,40,0,48,336,16,16,0,56,-167,0,0,50,0,0,336,48,48,0,52,-177,0,0,100,0,144,256,112,96,0,28,-121,0,0,100,0,48,384,64,32,0,81,-125,0,0,100,0,112,368,32,16,0,107,-120,0,0,100,0,112,384,48,32,0,96,-138,0,0,100,0,0,384,48,32,0,55,-130,0,0,100,0,160,400,32,16,0,80,-146,0,0,100,0,112,416,80,48,0,26,-152,0,0,50,0,0,256,144,80,0,0,-256,0,0,100,0,0,0,192,256,0,0,-256,0,0,100,0,0,624,192,256,0,
0,57,0,-256,0,0,100,0,192,624,192,256,0,21,-194,0,1,100,0,768,336,64,64,0,52,-200,0,0,100,0,368,385,16,27,0,36,-174,0,0,100,0,192,448,48,48,0,26,-142,0,0,100,0,384,240,64,48,0,33,-157,0,0,100,0,240,384,64,64,0,26,-142,0,0,100,0,448,192,64,48,0,36,-151,0,0,100,0,192,384,48,64,0,26,-142,0,0,100,0,512,240,64,48,0,124,-208,0,0,100,0,368,385,16,30,0,124,-178,0,0,100,0,368,401,16,14,0,124,-164,0,0,100,0,368,401,16,13,0,124,-155,0,0,100,0,240,448,16,16,0,115,-155,0,0,100,0,336,384,32,64,0,114,-123,0,0,100,0,576,0,32,32,0,117,-115,0,0,100,0,144,368,32,16,0,115,-143,0,0,100,0,304,384,32,48,0,88,-201,0,0,100,0,288,128,48,48,0,83,-120,0,0,100,0,192,96,32,32,0,72,-154,0,0,100,0,624,160,48,48,0,95,-166,0,1,100,0,480,496,48,32,0,103,-166,0,0,100,0,256,224,32,32,0,103,-166,0,0,60,0,256,288,32,32,0,103,-166,0,0,30,0,256,320,32,32,0,103,-166,0,0,50,0,256,256,32,32,0,95,-166,0,0,100,0,528,464,48,32,0,103,-166,0,0,50,0,256,352,32,32,0,102,-204,0,1,100,0,608,432,32,32,0,72,-204,0,1,100,0,576,432,32,32,0,78,-204,0,0,60,0,336,160,48,32,0,78,-204,0,0,30,0,336,192,48,32,0,78,-204,0,0,50,0,336,128,48,32,0,68,-214,0,0,30,0,64,336,48,48,0,72,-204,0,0,100,0,576,400,64,32,0,57,-224,0,0,100,0,192,128,96,96,0,24,-188,0,1,80,0,64,416,48,48,0,47,-206,0,0,100,0,368,385,16,26,0,31,-198,0,0,100,0,368,385,16,26,0,31,-182,0,0,100,0,288,64,32,32,0,130,-166,0,1,100,0,32,416,32,32,0,131,-166,0,0,100,0,192,32,32,32,0,81,-180,0,1,100,0,0,416,32,32,0,80,-180,0,0,100,0,288,0,32,32,0,69,-142,0,0,30,0,112,336,32,32,0,110,-148,0,0,20,0,48,336,16,16,0,100,-153,0,0,40,0,48,336,16,16,0,56,-167,0,0,50,0,0,336,48,48,0,52,-177,0,0,100,0,144,256,112,96,0,28,-121,0,0,100,0,48,384,64,32,0,81,-125,0,0,100,0,112,368,32,16,0,107,-120,0,0,100,0,112,384,48,32,0,96,-138,0,0,100,0,0,384,48,32,0,55,-130,0,0,100,0,160,400,32,16,0,80,-146,0,0,100,0,112,416,80,48,0,26,-152,0,0,50,0,0,256,144,80,0,0,-256,0,0,100,0,0,0,192,256,0,0,-256,0,0,100,0,0,624,192,256,0,
0,56,0,-256,0,0,100,0,192,624,192,256,0,52,-200,0,0,100,0,368,385,16,27,0,36,-174,0,0,100,0,192,448,48,48,0,26,-142,0,0,100,0,384,240,64,48,0,33,-157,0,0,100,0,240,384,64,64,0,26,-142,0,0,100,0,448,240,64,48,0,36,-151,0,0,100,0,192,384,48,64,0,26,-142,0,0,100,0,512,240,64,48,0,124,-208,0,0,100,0,368,385,16,30,0,124,-178,0,0,100,0,368,401,16,14,0,124,-164,0,0,100,0,368,401,16,13,0,124,-155,0,0,100,0,240,448,16,16,0,115,-155,0,0,100,0,336,384,32,64,0,114,-123,0,0,100,0,576,0,32,32,0,117,-115,0,0,100,0,144,368,32,16,0,115,-143,0,0,100,0,304,384,32,48,0,88,-201,0,0,100,0,288,128,48,48,0,83,-120,0,0,100,0,192,96,32,32,0,72,-154,0,0,100,0,624,208,48,48,0,95,-166,0,1,100,0,480,496,48,32,0,103,-166,0,0,100,0,256,224,32,32,0,103,-166,0,0,60,0,256,288,32,32,0,103,-166,0,0,30,0,256,320,32,32,0,103,-166,0,0,50,0,256,256,32,32,0,95,-166,0,0,100,0,480,464,48,32,0,103,-166,0,0,50,0,256,352,32,32,0,102,-204,0,1,100,0,608,432,32,32,0,72,-204,0,1,70,0,576,432,32,32,0,78,-204,0,0,60,0,336,160,48,32,0,78,-204,0,0,30,0,336,192,48,32,0,78,-204,0,0,50,0,336,128,48,32,0,68,-214,0,0,30,0,64,336,48,48,0,72,-204,0,0,100,0,640,400,64,32,0,57,-224,0,0,100,0,192,128,96,96,0,24,-188,0,1,60,0,64,416,48,48,0,47,-206,0,0,100,0,368,385,16,26,0,31,-198,0,0,100,0,368,385,16,26,0,31,-182,0,0,100,0,192,64,32,32,0,130,-166,0,1,100,0,32,416,32,32,0,131,-166,0,0,100,0,192,32,32,32,0,81,-180,0,1,100,0,0,416,32,32,0,80,-180,0,0,100,0,288,0,32,32,0,69,-142,0,0,30,0,112,336,32,32,0,110,-148,0,0,20,0,48,336,16,16,0,100,-153,0,0,40,0,48,336,16,16,0,56,-167,0,0,50,0,0,336,48,48,0,52,-177,0,0,100,0,144,256,112,96,0,28,-121,0,0,100,0,48,384,64,32,0,81,-125,0,0,100,0,112,368,32,16,0,107,-120,0,0,100,0,112,384,48,32,0,96,-138,0,0,100,0,0,384,48,32,0,55,-130,0,0,100,0,160,400,32,16,0,80,-146,0,0,100,0,112,416,80,48,0,26,-152,0,0,50,0,0,256,144,80,0,0,-256,0,0,100,0,0,0,192,256,0,0,-256,0,0,100,0,0,624,192,256,0,
0,56,0,-256,0,0,100,0,192,624,192,256,0,52,-200,0,0,100,0,368,385,16,27,0,36,-174,0,0,100,0,192,448,48,48,0,26,-142,0,0,100,0,384,240,64,48,0,33,-157,0,0,100,0,240,384,64,64,0,26,-142,0,0,100,0,448,192,64,48,0,36,-151,0,0,100,0,192,384,48,64,0,26,-142,0,0,100,0,512,240,64,48,0,124,-208,0,0,100,0,368,385,16,30,0,124,-178,0,0,100,0,368,401,16,14,0,124,-164,0,0,100,0,368,401,16,13,0,124,-155,0,0,100,0,240,448,16,16,0,115,-155,0,0,100,0,336,384,32,64,0,114,-123,0,0,100,0,576,0,32,32,0,117,-115,0,0,100,0,144,368,32,16,0,115,-143,0,0,100,0,304,384,32,48,0,88,-201,0,0,100,0,288,128,48,48,0,83,-120,0,0,100,0,192,96,32,32,0,72,-154,0,0,100,0,624,208,48,48,0,95,-166,0,1,100,0,480,496,48,32,0,103,-166,0,0,100,0,256,224,32,32,0,103,-166,0,0,60,0,256,288,32,32,0,103,-166,0,0,30,0,256,320,32,32,0,103,-166,0,0,50,0,256,256,32,32,0,95,-166,0,0,100,0,528,464,48,32,0,103,-166,0,0,50,0,256,352,32,32,0,102,-204,0,1,100,0,608,432,32,32,0,72,-204,0,1,50,0,576,432,32,32,0,78,-204,0,0,60,0,336,160,48,32,0,78,-204,0,0,30,0,336,192,48,32,0,78,-204,0,0,50,0,336,128,48,32,0,68,-214,0,0,30,0,64,336,48,48,0,72,-204,0,0,100,0,704,400,64,32,0,57,-224,0,0,100,0,192,128,96,96,0,24,-188,0,1,70,0,64,416,48,48,0,47,-206,0,0,100,0,368,385,16,26,0,31,-198,0,0,100,0,368,385,16,26,0,31,-182,0,0,100,0,224,64,32,32,0,130,-166,0,1,100,0,32,416,32,32,0,131,-166,0,0,100,0,192,32,32,32,0,81,-180,0,1,100,0,0,416,32,32,0,80,-180,0,0,100,0,288,0,32,32,0,69,-142,0,0,30,0,112,336,32,32,0,110,-148,0,0,20,0,48,336,16,16,0,100,-153,0,0,40,0,48,336,16,16,0,56,-167,0,0,50,0,0,336,48,48,0,52,-177,0,0,100,0,144,256,112,96,0,28,-121,0,0,100,0,48,384,64,32,0,81,-125,0,0,100,0,112,368,32,16,0,107,-120,0,0,100,0,112,384,48,32,0,96,-138,0,0,100,0,0,384,48,32,0,55,-130,0,0,100,0,160,400,32,16,0,80,-146,0,0,100,0,112,416,80,48,0,26,-152,0,0,50,0,0,256,144,80,0,0,-256,0,0,100,0,0,0,192,256,0,0,-256,0,0,100,0,0,624,192,256,0,
0,55,0,-256,0,0,100,0,192,624,192,256,0,52,-200,0,0,100,0,368,385,16,27,0,36,-174,0,0,100,0,192,448,48,48,0,26,-142,0,0,100,0,384,240,64,48,0,33,-157,0,0,100,0,240,384,64,64,0,26,-142,0,0,100,0,448,240,64,48,0,36,-151,0,0,100,0,192,384,48,64,0,26,-142,0,0,100,0,512,240,64,48,0,124,-208,0,0,100,0,368,385,16,30,0,124,-178,0,0,100,0,368,401,16,14,0,124,-164,0,0,100,0,368,401,16,13,0,124,-155,0,0,100,0,240,448,16,16,0,115,-155,0,0,100,0,336,384,32,64,0,114,-123,0,0,100,0,576,0,32,32,0,117,-115,0,0,100,0,144,368,32,16,0,115,-143,0,0,100,0,304,384,32,48,0,88,-201,0,0,100,0,288,128,48,48,0,83,-120,0,0,100,0,192,96,32,32,0,72,-154,0,0,100,0,624,208,48,48,0,95,-166,0,1,100,0,480,496,48,32,0,103,-166,0,0,100,0,256,224,32,32,0,103,-166,0,0,60,0,256,288,32,32,0,103,-166,0,0,30,0,256,320,32,32,0,103,-166,0,0,50,0,256,256,32,32,0,95,-166,0,0,100,0,480,464,48,32,0,103,-166,0,0,50,0,256,352,32,32,0,102,-204,0,1,100,0,608,432,32,32,0,78,-204,0,0,60,0,336,160,48,32,0,78,-204,0,0,30,0,336,192,48,32,0,78,-204,0,0,50,0,336,128,48,32,0,68,-214,0,0,30,0,64,336,48,48,0,72,-204,0,0,100,0,768,400,64,32,0,57,-224,0,0,100,0,192,128,96,96,0,24,-188,0,1,100,0,64,416,48,48,0,47,-206,0,0,100,0,368,385,16,26,0,31,-198,0,0,100,0,368,385,16,26,0,31,-182,0,0,100,0,256,64,32,32,0,130,-166,0,1,100,0,32,416,32,32,0,131,-166,0,0,100,0,192,32,32,32,0,81,-180,0,1,100,0,0,416,32,32,0,80,-180,0,0,100,0,288,0,32,32,0,69,-142,0,0,30,0,112,336,32,32,0,110,-148,0,0,20,0,48,336,16,16,0,100,-153,0,0,40,0,48,336,16,16,0,56,-167,0,0,50,0,0,336,48,48,0,52,-177,0,0,100,0,144,256,112,96,0,28,-121,0,0,100,0,48,384,64,32,0,81,-125,0,0,100,0,112,368,32,16,0,107,-120,0,0,100,0,112,384,48,32,0,96,-138,0,0,100,0,0,384,48,32,0,55,-130,0,0,100,0,160,400,32,16,0,80,-146,0,0,100,0,112,416,80,48,0,26,-152,0,0,50,0,0,256,144,80,0,0,-256,0,0,100,0,0,0,192,256,0,0,-256,0,0,100,0,0,624,192,256,0,
0,55,0,-256,0,0,100,0,192,624,192,256,0,52,-200,0,0,100,0,368,385,16,27,0,36,-174,0,0,100,0,192,448,48,48,0,26,-142,0,0,100,0,384,240,64,48,0,33,-157,0,0,100,0,240,384,64,64,0,26,-142,0,0,100,0,448,192,64,48,0,36,-151,0,0,100,0,192,384,48,64,0,26,-142,0,0,100,0,512,240,64,48,0,124,-208,0,0,100,0,368,385,16,30,0,124,-178,0,0,100,0,368,401,16,14,0,124,-164,0,0,100,0,368,401,16,13,0,124,-155,0,0,100,0,240,448,16,16,0,115,-155,0,0,100,0,336,384,32,64,0,114,-123,0,0,100,0,576,0,32,32,0,117,-115,0,0,100,0,144,368,32,16,0,115,-143,0,0,100,0,304,384,32,48,0,88,-201,0,0,100,0,288,128,48,48,0,83,-120,0,0,100,0,192,96,32,32,0,72,-154,0,0,100,0,624,208,48,48,0,95,-166,0,1,100,0,480,496,48,32,0,103,-166,0,0,100,0,256,224,32,32,0,103,-166,0,0,60,0,256,288,32,32,0,103,-166,0,0,30,0,256,320,32,32,0,103,-166,0,0,50,0,256,256,32,32,0,95,-166,0,0,100,0,528,464,48,32,0,103,-166,0,0,50,0,256,352,32,32,0,102,-204,0,1,100,0,608,432,32,32,0,78,-204,0,0,60,0,336,160,48,32,0,78,-204,0,0,30,0,336,192,48,32,0,78,-204,0,0,50,0,336,128,48,32,0,68,-214,0,0,30,0,64,336,48,48,0,72,-204,0,0,100,0,384,432,64,32,0,57,-224,0,0,100,0,192,128,96,96,0,24,-188,0,1,80,0,64,416,48,48,0,47,-206,0,0,100,0,368,385,16,26,0,31,-198,0,0,100,0,368,385,16,26,0,31,-182,0,0,100,0,288,64,32,32,0,130,-166,0,1,100,0,32,416,32,32,0,131,-166,0,0,100,0,192,32,32,32,0,81,-180,0,1,100,0,0,416,32,32,0,80,-180,0,0,100,0,288,0,32,32,0,69,-142,0,0,30,0,112,336,32,32,0,110,-148,0,0,20,0,48,336,16,16,0,100,-153,0,0,40,0,48,336,16,16,0,56,-167,0,0,50,0,0,336,48,48,0,52,-177,0,0,100,0,144,256,112,96,0,28,-121,0,0,100,0,48,384,64,32,0,81,-125,0,0,100,0,112,368,32,16,0,107,-120,0,0,100,0,112,384,48,32,0,96,-138,0,0,100,0,0,384,48,32,0,55,-130,0,0,100,0,160,400,32,16,0,80,-146,0,0,100,0,112,416,80,48,0,26,-152,0,0,50,0,0,256,144,80,0,0,-256,0,0,100,0,0,0,192,256,0,0,-256,0,0,100,0,0,624,192,256,0,
0,55,0,-256,0,0,100,0,192,624,192,256,0,52,-200,0,0,100,0,368,385,16,27,0,36,-174,0,0,100,0,192,448,48,48,0,26,-142,0,0,100,0,384,240,64,48,0,33,-157,0,0,100,0,240,384,64,64,0,26,-142,0,0,100,0,448,240,64,48,0,36,-151,0,0,100,0,192,384,48,64,0,26,-142,0,0,100,0,512,240,64,48,0,124,-208,0,0,100,0,368,385,16,30,0,124,-178,0,0,100,0,368,401,16,14,0,124,-164,0,0,100,0,368,401,16,13,0,124,-155,0,0,100,0,240,448,16,16,0,115,-155,0,0,100,0,336,384,32,64,0,114,-123,0,0,100,0,576,0,32,32,0,117,-115,0,0,100,0,144,368,32,16,0,115,-143,0,0,100,0,304,384,32,48,0,88,-201,0,0,100,0,288,128,48,48,0,83,-120,0,0,100,0,192,96,32,32,0,72,-154,0,0,100,0,624,208,48,48,0,95,-166,0,1,100,0,480,496,48,32,0,103,-166,0,0,100,0,256,224,32,32,0,103,-166,0,0,60,0,256,288,32,32,0,103,-166,0,0,30,0,256,320,32,32,0,103,-166,0,0,50,0,256,256,32,32,0,95,-166,0,0,100,0,480,464,48,32,0,103,-166,0,0,50,0,256,352,32,32,0,102,-204,0,1,70,0,608,432,32,32,0,78,-204,0,0,60,0,336,160,48,32,0,78,-204,0,0,30,0,336,192,48,32,0,78,-204,0,0,50,0,336,128,48,32,0,68,-214,0,0,30,0,64,336,48,48,0,72,-204,0,0,100,0,448,432,64,32,0,57,-224,0,0,100,0,192,128,96,96,0,24,-188,0,1,60,0,64,416,48,48,0,47,-206,0,0,100,0,368,385,16,26,0,31,-198,0,0,100,0,368,385,16,26,0,31,-182,0,0,100,0,192,64,32,32,0,130,-166,0,1,100,0,32,416,32,32,0,131,-166,0,0,100,0,192,32,32,32,0,81,-180,0,1,100,0,0,416,32,32,0,80,-180,0,0,100,0,288,0,32,32,0,69,-142,0,0,30,0,112,336,32,32,0,110,-148,0,0,20,0,48,336,16,16,0,100,-153,0,0,40,0,48,336,16,16,0,56,-167,0,0,50,0,0,336,48,48,0,52,-177,0,0,100,0,144,256,112,96,0,28,-121,0,0,100,0,48,384,64,32,0,81,-125,0,0,100,0,112,368,32,16,0,107,-120,0,0,100,0,112,384,48,32,0,96,-138,0,0,100,0,0,384,48,32,0,55,-130,0,0,100,0,160,400,32,16,0,80,-146,0,0,100,0,112,416,80,48,0,26,-152,0,0,50,0,0,256,144,80,0,0,-256,0,0,100,0,0,0,192,256,0,0,-256,0,0,100,0,0,624,192,256,0,
0,55,0,-256,0,0,100,0,192,624,192,256,0,52,-200,0,0,100,0,368,385,16,27,0,36,-174,0,0,100,0,192,448,48,48,0,26,-142,0,0,100,0,384,240,64,48,0,33,-157,0,0,100,0,240,384,64,64,0,26,-142,0,0,100,0,448,192,64,48,0,36,-151,0,0,100,0,192,384,48,64,0,26,-142,0,0,100,0,512,240,64,48,0,124,-208,0,0,100,0,368,385,16,30,0,124,-178,0,0,100,0,368,401,16,14,0,124,-164,0,0,100,0,368,401,16,13,0,124,-155,0,0,100,0,240,448,16,16,0,115,-155,0,0,100,0,336,384,32,64,0,114,-123,0,0,100,0,576,0,32,32,0,117,-115,0,0,100,0,144,368,32,16,0,115,-143,0,0,100,0,304,384,32,48,0,88,-201,0,0,100,0,288,128,48,48,0,83,-120,0,0,100,0,192,96,32,32,0,72,-154,0,0,100,0,624,208,48,48,0,95,-166,0,1,100,0,480,496,48,32,0,103,-166,0,0,100,0,256,224,32,32,0,103,-166,0,0,60,0,256,288,32,32,0,103,-166,0,0,30,0,256,320,32,32,0,103,-166,0,0,50,0,256,256,32,32,0,95,-166,0,0,100,0,528,464,48,32,0,103,-166,0,0,50,0,256,352,32,32,0,102,-204,0,1,40,0,608,432,32,32,0,78,-204,0,0,60,0,336,160,48,32,0,78,-204,0,0,30,0,336,192,48,32,0,78,-204,0,0,50,0,336,128,48,32,0,68,-214,0,0,30,0,64,336,48,48,0,72,-204,0,0,100,0,512,432,64,32,0,57,-224,0,0,100,0,192,128,96,96,0,24,-188,0,1,70,0,64,416,48,48,0,47,-206,0,0,100,0,368,385,16,26,0,31,-198,0,0,100,0,368,385,16,26,0,31,-182,0,0,100,0,224,64,32,32,0,130,-166,0,1,100,0,32,416,32,32,0,131,-166,0,0,100,0,192,32,32,32,0,81,-180,0,1,100,0,0,416,32,32,0,80,-180,0,0,100,0,288,0,32,32,0,69,-142,0,0,30,0,112,336,32,32,0,110,-148,0,0,20,0,48,336,16,16,0,100,-153,0,0,40,0,48,336,16,16,0,56,-167,0,0,50,0,0,336,48,48,0,52,-177,0,0,100,0,144,256,112,96,0,28,-121,0,0,100,0,48,384,64,32,0,81,-125,0,0,100,0,112,368,32,16,0,107,-120,0,0,100,0,112,384,48,32,0,96,-138,0,0,100,0,0,384,48,32,0,55,-130,0,0,100,0,160,400,32,16,0,80,-146,0,0,100,0,112,416,80,48,0,26,-152,0,0,50,0,0,256,144,80,0,0,-256,0,0,100,0,0,0,192,256,0,0,-256,0,0,100,0,0,624,192,256,0,
0,53,0,-256,0,0,100,0,192,624,192,256,0,52,-200,0,0,100,0,368,385,16,27,0,36,-174,0,0,100,0,192,448,48,48,0,26,-142,0,0,100,0,384,240,64,48,0,33,-157,0,0,100,0,240,384,64,64,0,26,-142,0,0,100,0,448,240,64,48,0,36,-151,0,0,100,0,192,384,48,64,0,26,-142,0,0,100,0,512,240,64,48,0,124,-208,0,0,100,0,368,385,16,30,0,124,-178,0,0,100,0,368,401,16,14,0,124,-164,0,0,100,0,368,401,16,13,0,124,-155,0,0,100,0,240,448,16,16,0,115,-155,0,0,100,0,336,384,32,64,0,114,-123,0,0,100,0,576,0,32,32,0,117,-115,0,0,100,0,144,368,32,16,0,115,-143,0,0,100,0,304,384,32,48,0,88,-201,0,0,100,0,288,128,48,48,0,83,-120,0,0,100,0,192,96,32,32,0,72,-154,0,0,100,0,624,208,48,48,0,95,-166,0,1,100,0,480,496,48,32,0,103,-166,0,0,100,0,256,224,32,32,0,103,-166,0,0,60,0,256,288,32,32,0,103,-166,0,0,30,0,256,320,32,32,0,103,-166,0,0,50,0,256,256,32,32,0,95,-166,0,0,100,0,480,464,48,32,0,103,-166,0,0,50,0,256,352,32,32,0,78,-204,0,0,60,0,336,160,48,32,0,78,-204,0,0,30,0,336,192,48,32,0,78,-204,0,0,50,0,336,128,48,32,0,68,-214,0,0,30,0,64,336,48,48,0,57,-224,0,0,100,0,192,128,96,96,0,24,-188,0,1,100,0,64,416,48,48,0,47,-206,0,0,100,0,368,385,16,26,0,31,-198,0,0,100,0,368,385,16,26,0,31,-182,0,0,100,0,256,64,32,32,0,130,-166,0,1,100,0,32,416,32,32,0,131,-166,0,0,100,0,192,32,32,32,0,81,-180,0,1,100,0,0,416,32,32,0,80,-180,0,0,100,0,288,0,32,32,0,69,-142,0,0,30,0,112,336,32,32,0,110,-148,0,0,20,0,48,336,16,16,0,100,-153,0,0,40,0,48,336,16,16,0,56,-167,0,0,50,0,0,336,48,48,0,52,-177,0,0,100,0,144,256,112,96,0,28,-121,0,0,100,0,48,384,64,32,0,81,-125,0,0,100,0,112,368,32,16,0,107,-120,0,0,100,0,112,384,48,32,0,96,-138,0,0,100,0,0,384,48,32,0,55,-130,0,0,100,0,160,400,32,16,0,80,-146,0,0,100,0,112,416,80,48,0,26,-152,0,0,50,0,0,256,144,80,0,0,-256,0,0,100,0,0,0,192,256,0,0,-256,0,0,100,0,0,624,192,256,0,
0,53,0,-256,0,0,100,0,192,624,192,256,0,52,-200,0,0,100,0,368,385,16,27,0,36,-174,0,0,100,0,192,448,48,48,0,26,-142,0,0,100,0,384,240,64,48,0,33,-157,0,0,100,0,240,384,64,64,0,26,-142,0,0,100,0,448,192,64,48,0,36,-151,0,0,100,0,192,384,48,64,0,26,-142,0,0,100,0,512,240,64,48,0,124,-208,0,0,100,0,368,385,16,30,0,124,-178,0,0,100,0,368,401,16,14,0,124,-164,0,0,100,0,368,401,16,13,0,124,-155,0,0,100,0,240,448,16,16,0,115,-155,0,0,100,0,336,384,32,64,0,114,-123,0,0,100,0,576,0,32,32,0,117,-115,0,0,100,0,144,368,32,16,0,115,-143,0,0,100,0,304,384,32,48,0,88,-201,0,0,100,0,288,128,48,48,0,83,-120,0,0,100,0,192,96,32,32,0,72,-154,0,0,100,0,624,208,48,48,0,95,-166,0,1,100,0,480,496,48,32,0,103,-166,0,0,100,0,256,224,32,32,0,103,-166,0,0,60,0,256,288,32,32,0,103,-166,0,0,30,0,256,320,32,32,0,103,-166,0,0,50,0,256,256,32,32,0,95,-166,0,0,100,0,528,464,48,32,0,103,-166,0,0,50,0,256,352,32,32,0,78,-204,0,0,60,0,336,160,48,32,0,78,-204,0,0,30,0,336,192,48,32,0,78,-204,0,0,50,0,336,128,48,32,0,68,-214,0,0,30,0,64,336,48,48,0,57,-224,0,0,100,0,192,128,96,96,0,24,-188,0,1,80,0,64,416,48,48,0,47,-206,0,0,100,0,368,385,16,26,0,31,-198,0,0,100,0,368,385,16,26,0,31,-182,0,0,100,0,288,64,32,32,0,130,-166,0,1,100,0,32,416,32,32,0,131,-166,0,0,100,0,192,32,32,32,0,81,-180,0,1,100,0,0,416,32,32,0,80,-180,0,0,100,0,288,0,32,32,0,69,-142,0,0,30,0,112,336,32,32,0,110,-148,0,0,20,0,48,336,16,16,0,100,-153,0,0,40,0,48,336,16,16,0,56,-167,0,0,50,0,0,336,48,48,0,52,-177,0,0,100,0,144,256,112,96,0,28,-121,0,0,100,0,48,384,64,32,0,81,-125,0,0,100,0,112,368,32,16,0,107,-120,0,0,100,0,112,384,48,32,0,96,-138,0,0,100,0,0,384,48,32,0,55,-130,0,0,100,0,160,400,32,16,0,80,-146,0,0,100,0,112,416,80,48,0,26,-152,0,0,50,0,0,256,144,80,0,0,-256,0,0,100,0,0,0,192,256,0,0,-256,0,0,100,0,0,624,192,256,0,
0,53,0,-256,0,0,100,0,192,624,192,256,0,52,-200,0,0,100,0,368,385,16,27,0,36,-174,0,0,100,0,192,448,48,48,0,26,-142,0,0,100,0,384,240,64,48,0,33,-157,0,0,100,0,240,384,64,64,0,26,-142,0,0,100,0,448,240,64,48,0,36,-151,0,0,100,0,192,384,48,64,0,26,-142,0,0,100,0,512,240,64,48,0,124,-208,0,0,100,0,368,385,16,30,0,124,-178,0,0,100,0,368,401,16,14,0,124,-164,0,0,100,0,368,401,16,13,0,124,-155,0,0,100,0,240,448,16,16,0,115,-155,0,0,100,0,336,384,32,64,0,114,-123,0,0,100,0,576,0,32,32,0,117,-115,0,0,100,0,144,368,32,16,0,115,-143,0,0,100,0,304,384,32,48,0,88,-201,0,0,100,0,288,128,48,48,0,83,-120,0,0,100,0,192,96,32,32,0,72,-154,0,0,100,0,624,208,48,48,0,95,-166,0,1,100,0,480,496,48,32,0,103,-166,0,0,100,0,256,224,32,32,0,103,-166,0,0,60,0,256,288,32,32,0,103,-166,0,0,30,0,256,320,32,32,0,103,-166,0,0,50,0,256,256,32,32,0,95,-166,0,0,100,0,480,464,48,32,0,103,-166,0,0,50,0,256,352,32,32,0,78,-204,0,0,60,0,336,160,48,32,0,78,-204,0,0,30,0,336,192,48,32,0,78,-204,0,0,50,0,336,128,48,32,0,68,-214,0,0,30,0,64,336,48,48,0,57,-224,0,0,100,0,192,128,96,96,0,24,-188,0,1,60,0,64,416,48,48,0,47,-206,0,0,100,0,368,385,16,26,0,31,-198,0,0,100,0,368,385,16,26,0,31,-182,0,0,100,0,192,64,32,32,0,130,-166,0,1,100,0,32,416,32,32,0,131,-166,0,0,100,0,192,32,32,32,0,81,-180,0,1,100,0,0,416,32,32,0,80,-180,0,0,100,0,288,0,32,32,0,69,-142,0,0,30,0,112,336,32,32,0,110,-148,0,0,20,0,48,336,16,16,0,100,-153,0,0,40,0,48,336,16,16,0,56,-167,0,0,50,0,0,336,48,48,0,52,-177,0,0,100,0,144,256,112,96,0,28,-121,0,0,100,0,48,384,64,32,0,81,-125,0,0,100,0,112,368,32,16,0,107,-120,0,0,100,0,112,384,48,32,0,96,-138,0,0,100,0,0,384,48,32,0,55,-130,0,0,100,0,160,400,32,16,0,80,-146,0,0,100,0,112,416,80,48,0,26,-152,0,0,50,0,0,256,144,80,0,0,-256,0,0,100,0,0,0,192,256,0,0,-256,0,0,100,0,0,624,192,256,0,
0,53,0,-256,0,0,100,0,192,624,192,256,0,52,-200,0,0,100,0,368,385,16,27,0,36,-174,0,0,100,0,192,448,48,48,0,26,-142,0,0,100,0,384,240,64,48,0,33,-157,0,0,100,0,240,384,64,64,0,26,-142,0,0,100,0,448,192,64,48,0,36,-151,0,0,100,0,192,384,48,64,0,26,-142,0,0,100,0,512,240,64,48,0,124,-208,0,0,100,0,368,385,16,30,0,124,-178,0,0,100,0,368,401,16,14,0,124,-164,0,0,100,0,368,401,16,13,0,124,-155,0,0,100,0,240,448,16,16,0,115,-155,0,0,100,0,336,384,32,64,0,114,-123,0,0,100,0,576,0,32,32,0,117,-115,0,0,100,0,144,368,32,16,0,115,-143,0,0,100,0,304,384,32,48,0,88,-201,0,0,100,0,288,128,48,48,0,83,-120,0,0,100,0,192,96,32,32,0,72,-154,0,0,100,0,624,208,48,48,0,95,-166,0,1,100,0,480,496,48,32,0,103,-166,0,0,100,0,256,224,32,32,0,103,-166,0,0,60,0,256,288,32,32,0,103,-166,0,0,30,0,256,320,32,32,0,103,-166,0,0,50,0,256,256,32,32,0,95,-166,0,0,100,0,528,464,48,32,0,103,-166,0,0,50,0,256,352,32,32,0,78,-204,0,0,60,0,336,160,48,32,0,78,-204,0,0,30,0,336,192,48,32,0,78,-204,0,0,50,0,336,128,48,32,0,68,-214,0,0,30,0,64,336,48,48,0,57,-224,0,0,100,0,192,128,96,96,0,24,-188,0,1,70,0,64,416,48,48,0,47,-206,0,0,100,0,368,385,16,26,0,31,-198,0,0,100,0,368,385,16,26,0,31,-182,0,0,100,0,224,64,32,32,0,130,-166,0,1,100,0,32,416,32,32,0,131,-166,0,0,100,0,192,32,32,32,0,81,-180,0,1,100,0,0,416,32,32,0,80,-180,0,0,100,0,288,0,32,32,0,69,-142,0,0,30,0,112,336,32,32,0,110,-148,0,0,20,0,48,336,16,16,0,100,-153,0,0,40,0,48,336,16,16,0,56,-167,0,0,50,0,0,336,48,48,0,52,-177,0,0,100,0,144,256,112,96,0,28,-121,0,0,100,0,48,384,64,32,0,81,-125,0,0,100,0,112,368,32,16,0,107,-120,0,0,100,0,112,384,48,32,0,96,-138,0,0,100,0,0,384,48,32,0,55,-130,0,0,100,0,160,400,32,16,0,80,-146,0,0,100,0,112,416,80,48,0,26,-152,0,0,50,0,0,256,144,80,0,0,-256,0,0,100,0,0,0,192,256,0,0,-256,0,0,100,0,0,624,192,256,0,
0,53,0,-256,0,0,100,0,192,624,192,256,0,52,-200,0,0,100,0,368,385,16,27,0,36,-174,0,0,100,0,192,448,48,48,0,26,-142,0,0,100,0,384,240,64,48,0,33,-157,0,0,100,0,240,384,64,64,0,26,-142,0,0,100,0,448,240,64,48,0,36,-151,0,0,100,0,192,384,48,64,0,26,-142,0,0,100,0,512,240,64,48,0,124,-208,0,0,100,0,368,385,16,30,0,124,-178,0,0,100,0,368,401,16,14,0,124,-164,0,0,100,0,368,401,16,13,0,124,-155,0,0,100,0,240,448,16,16,0,115,-155,0,0,100,0,336,384,32,64,0,114,-123,0,0,100,0,576,0,32,32,0,117,-115,0,0,100,0,144,368,32,16,0,115,-143,0,0,100,0,304,384,32,48,0,88,-201,0,0,100,0,288,128,48,48,0,83,-120,0,0,100,0,192,96,32,32,0,72,-154,0,0,100,0,624,208,48,48,0,95,-166,0,1,100,0,480,496,48,32,0,103,-166,0,0,100,0,256,224,32,32,0,103,-166,0,0,60,0,256,288,32,32,0,103,-166,0,0,30,0,256,320,32,32,0,103,-166,0,0,50,0,256,256,32,32,0,95,-166,0,0,100,0,480,464,48,32,0,103,-166,0,0,50,0,256,352,32,32,0,78,-204,0,0,60,0,336,160,48,32,0,78,-204,0,0,30,0,336,192,48,32,0,78,-204,0,0,50,0,336,128,48,32,0,68,-214,0,0,30,0,64,336,48,48,0,57,-224,0,0,100,0,192,128,96,96,0,24,-188,0,1,100,0,64,416,48,48,0,47,-206,0,0,100,0,368,385,16,26,0,31,-198,0,0,100,0,368,385,16,26,0,31,-182,0,0,100,0,256,64,32,32,0,130,-166,0,1,100,0,32,416,32,32,0,131,-166,0,0,100,0,192,32,32,32,0,81,-180,0,1,100,0,0,416,32,32,0,80,-180,0,0,100,0,288,0,32,32,0,69,-142,0,0,30,0,112,336,32,32,0,110,-148,0,0,20,0,48,336,16,16,0,100,-153,0,0,40,0,48,336,16,16,0,56,-167,0,0,50,0,0,336,48,48,0,52,-177,0,0,100,0,144,256,112,96,0,28,-121,0,0,100,0,48,384,64,32,0,81,-125,0,0,100,0,112,368,32,16,0,107,-120,0,0,100,0,112,384,48,32,0,96,-138,0,0,100,0,0,384,48,32,0,55,-130,0,0,100,0,160,400,32,16,0,80,-146,0,0,100,0,112,416,80,48,0,26,-152,0,0,50,0,0,256,144,80,0,0,-256,0,0,100,0,0,0,192,256,0,0,-256,0,0,100,0,0,624,192,256,0,
0,53,0,-256,0,0,100,0,192,624,192,256,0,52,-200,0,0,100,0,368,385,16,27,0,36,-174,0,0,100,0,192,448,48,48,0,26,-142,0,0,100,0,384,240,64,48,0,33,-157,0,0,100,0,240,384,64,64,0,26,-142,0,0,100,0,448,192,64,48,0,36,-151,0,0,100,0,192,384,48,64,0,26,-142,0,0,100,0,512,240,64,48,0,124,-208,0,0,100,0,368,385,16,30,0,124,-178,0,0,100,0,368,401,16,14,0,124,-164,0,0,100,0,368,401,16,13,0,124,-155,0,0,100,0,240,448,16,16,0,115,-155,0,0,100,0,336,384,32,64,0,114,-123,0,0,100,0,576,0,32,32,0,117,-115,0,0,100,0,144,368,32,16,0,115,-143,0,0,100,0,304,384,32,48,0,88,-201,0,0,100,0,288,128,48,48,0,83,-120,0,0,100,0,192,96,32,32,0,72,-154,0,0,100,0,624,208,48,48,0,95,-166,0,1,100,0,480,496,48,32,0,103,-166,0,0,100,0,256,224,32,32,0,103,-166,0,0,60,0,256,288,32,32,0,103,-166,0,0,30,0,256,320,32,32,0,103,-166,0,0,50,0,256,256,32,32,0,95,-166,0,0,100,0,528,464,48,32,0,103,-166,0,0,50,0,256,352,32,32,0,78,-204,0,0,60,0,336,160,48,32,0,78,-204,0,0,30,0,336,192,48,32,0,78,-204,0,0,50,0,336,128,48,32,0,68,-214,0,0,30,0,64,336,48,48,0,57,-224,0,0,100,0,192,128,96,96,0,24,-188,0,1,80,0,64,416,48,48,0,47,-206,0,0,100,0,368,385,16,26,0,31,-198,0,0,100,0,368,385,16,26,0,31,-182,0,0,100,0,288,64,32,32,0,130,-166,0,1,100,0,32,416,32,32,0,131,-166,0,0,100,0,192,32,32,32,0,81,-180,0,1,100,0,0,416,32,32,0,80,-180,0,0,100,0,288,0,32,32,0,69,-142,0,0,30,0,112,336,32,32,0,110,-148,0,0,20,0,48,336,16,16,0,100,-153,0,0,40,0,48,336,16,16,0,56,-167,0,0,50,0,0,336,48,48,0,52,-177,0,0,100,0,144,256,112,96,0,28,-121,0,0,100,0,48,384,64,32,0,81,-125,0,0,100,0,112,368,32,16,0,107,-120,0,0,100,0,112,384,48,32,0,96,-138,0,0,100,0,0,384,48,32,0,55,-130,0,0,100,0,160,400,32,16,0,80,-146,0,0,100,0,112,416,80,48,0,26,-152,0,0,50,0,0,256,144,80,0,0,-256,0,0,100,0,0,0,192,256,0,0,-256,0,0,100,0,0,624,192,256,0,
0,53,0,-256,0,0,100,0,192,624,192,256,0,52,-200,0,0,100,0,368,385,16,27,0,36,-174,0,0,100,0,192,448,48,48,0,26,-142,0,0,100,0,384,240,64,48,0,33,-157,0,0,100,0,240,384,64,64,0,26,-142,0,0,100,0,448,240,64,48,0,36,-151,0,0,100,0,192,384,48,64,0,26,-142,0,0,100,0,512,240,64,48,0,124,-208,0,0,100,0,368,385,16,30,0,124,-178,0,0,100,0,368,401,16,14,0,124,-164,0,0,100,0,368,401,16,13,0,124,-155,0,0,100,0,240,448,16,16,0,115,-155,0,0,100,0,336,384,32,64,0,114,-123,0,0,100,0,576,0,32,32,0,117,-115,0,0,100,0,144,368,32,16,0,115,-143,0,0,100,0,304,384,32,48,0,88,-201,0,0,100,0,288,128,48,48,0,83,-120,0,0,100,0,192,96,32,32,0,72,-154,0,0,100,0,624,208,48,48,0,95,-166,0,1,100,0,480,496,48,32,0,103,-166,0,0,100,0,256,224,32,32,0,103,-166,0,0,60,0,256,288,32,32,0,103,-166,0,0,30,0,256,320,32,32,0,103,-166,0,0,50,0,256,256,32,32,0,95,-166,0,0,100,0,480,464,48,32,0,103,-166,0,0,50,0,256,352,32,32,0,78,-204,0,0,60,0,336,160,48,32,0,78,-204,0,0,30,0,336,192,48,32,0,78,-204,0,0,50,0,336,128,48,32,0,68,-214,0,0,30,0,64,336,48,48,0,57,-224,0,0,100,0,192,128,96,96,0,24,-188,0,1,60,0,64,416,48,48,0,47,-206,0,0,100,0,368,385,16,26,0,31,-198,0,0,100,0,368,385,16,26,0,31,-182,0,0,100,0,192,64,32,32,0,130,-166,0,1,100,0,32,416,32,32,0,131,-166,0,0,100,0,192,32,32,32,0,81,-180,0,1,100,0,0,416,32,32,0,80,-180,0,0,100,0,288,0,32,32,0,69,-142,0,0,30,0,112,336,32,32,0,110,-148,0,0,20,0,48,336,16,16,0,100,-153,0,0,40,0,48,336,16,16,0,56,-167,0,0,50,0,0,336,48,48,0,52,-177,0,0,100,0,144,256,112,96,0,28,-121,0,0,100,0,48,384,64,32,0,81,-125,0,0,100,0,112,368,32,16,0,107,-120,0,0,100,0,112,384,48,32,0,96,-138,0,0,100,0,0,384,48,32,0,55,-130,0,0,100,0,160,400,32,16,0,80,-146,0,0,100,0,112,416,80,48,0,26,-152,0,0,50,0,0,256,144,80,0,0,-256,0,0,100,0,0,0,192,256,0,0,-256,0,0,100,0,0,624,192,256,0,
0,53,0,-256,0,0,100,0,192,624,192,256,0,52,-200,0,0,100,0,368,385,16,27,0,36,-174,0,0,100,0,192,448,48,48,0,26,-142,0,0,100,0,384,240,64,48,0,33,-157,0,0,100,0,240,384,64,64,0,26,-142,0,0,100,0,448,192,64,48,0,36,-151,0,0,100,0,192,384,48,64,0,26,-142,0,0,100,0,512,240,64,48,0,124,-208,0,0,100,0,368,385,16,30,0,124,-178,0,0,100,0,368,401,16,14,0,124,-164,0,0,100,0,368,401,16,13,0,124,-155,0,0,100,0,240,448,16,16,0,115,-155,0,0,100,0,336,384,32,64,0,114,-123,0,0,100,0,576,0,32,32,0,117,-115,0,0,100,0,144,368,32,16,0,115,-143,0,0,100,0,304,384,32,48,0,88,-201,0,0,100,0,288,128,48,48,0,83,-120,0,0,100,0,192,96,32,32,0,72,-154,0,0,100,0,624,208,48,48,0,95,-166,0,1,100,0,480,496,48,32,0,103,-166,0,0,100,0,256,224,32,32,0,103,-166,0,0,60,0,256,288,32,32,0,103,-166,0,0,30,0,256,320,32,32,0,103,-166,0,0,50,0,256,256,32,32,0,95,-166,0,0,100,0,528,464,48,32,0,103,-166,0,0,50,0,256,352,32,32,0,78,-204,0,0,60,0,336,160,48,32,0,78,-204,0,0,30,0,336,192,48,32,0,78,-204,0,0,50,0,336,128,48,32,0,68,-214,0,0,30,0,64,336,48,48,0,57,-224,0,0,100,0,192,128,96,96,0,24,-188,0,1,70,0,64,416,48,48,0,47,-206,0,0,100,0,368,385,16,26,0,31,-198,0,0,100,0,368,385,16,26,0,31,-182,0,0,100,0,224,64,32,32,0,130,-166,0,1,100,0,32,416,32,32,0,131,-166,0,0,100,0,192,32,32,32,0,81,-180,0,1,100,0,0,416,32,32,0,80,-180,0,0,100,0,288,0,32,32,0,69,-142,0,0,30,0,112,336,32,32,0,110,-148,0,0,20,0,48,336,16,16,0,100,-153,0,0,40,0,48,336,16,16,0,56,-167,0,0,50,0,0,336,48,48,0,52,-177,0,0,100,0,144,256,112,96,0,28,-121,0,0,100,0,48,384,64,32,0,81,-125,0,0,100,0,112,368,32,16,0,107,-120,0,0,100,0,112,384,48,32,0,96,-138,0,0,100,0,0,384,48,32,0,55,-130,0,0,100,0,160,400,32,16,0,80,-146,0,0,100,0,112,416,80,48,0,26,-152,0,0,50,0,0,256,144,80,0,0,-256,0,0,100,0,0,0,192,256,0,0,-256,0,0,100,0,0,624,192,256,0,
0,54,0,-256,0,0,100,0,192,624,192,256,0,52,-200,0,0,100,0,368,385,16,27,0,36,-174,0,0,100,0,192,448,48,48,0,26,-142,0,0,100,0,384,240,64,48,0,33,-157,0,0,100,0,240,384,64,64,0,26,-142,0,0,100,0,448,240,64,48,0,36,-151,0,0,100,0,192,384,48,64,0,26,-142,0,0,100,0,512,240,64,48,0,124,-208,0,0,100,0,368,385,16,30,0,124,-178,0,0,100,0,368,401,16,14,0,124,-164,0,0,100,0,368,401,16,13,0,124,-155,0,0,100,0,240,448,16,16,0,115,-155,0,0,100,0,336,384,32,64,0,114,-123,0,0,100,0,576,0,32,32,0,117,-115,0,0,100,0,144,368,32,16,0,115,-143,0,0,100,0,304,384,32,48,0,88,-201,0,0,100,0,288,128,48,48,0,83,-120,0,0,100,0,192,96,32,32,0,72,-154,0,0,100,0,624,112,48,48,0,95,-166,0,1,80,0,480,496,48,32,0,95,-166,0,1,20,0,528,496,48,32,0,103,-166,0,0,100,0,256,224,32,32,0,103,-166,0,0,60,0,256,288,32,32,0,103,-166,0,0,30,0,256,320,32,32,0,103,-166,0,0,50,0,256,256,32,32,0,95,-166,0,0,100,0,576,464,48,32,0,103,-166,0,0,50,0,256,352,32,32,0,78,-204,0,0,60,0,336,160,48,32,0,78,-204,0,0,30,0,336,192,48,32,0,78,-204,0,0,50,0,336,128,48,32,0,68,-214,0,0,30,0,64,336,48,48,0,57,-224,0,0,100,0,192,128,96,96,0,24,-188,0,1,100,0,64,416,48,48,0,47,-206,0,0,100,0,368,385,16,26,0,31,-198,0,0,100,0,368,385,16,26,0,31,-182,0,0,100,0,256,64,32,32,0,130,-166,0,1,100,0,32,416,32,32,0,131,-166,0,0,100,0,192,32,32,32,0,81,-180,0,1,100,0,0,416,32,32,0,80,-180,0,0,100,0,320,0,32,32,0,69,-142,0,0,30,0,112,336,32,32,0,110,-148,0,0,20,0,48,336,16,16,0,100,-153,0,0,40,0,48,336,16,16,0,56,-167,0,0,50,0,0,336,48,48,0,52,-177,0,0,100,0,144,256,112,96,0,28,-121,0,0,100,0,48,384,64,32,0,81,-125,0,0,100,0,112,368,32,16,0,107,-120,0,0,100,0,112,384,48,32,0,96,-138,0,0,100,0,0,384,48,32,0,55,-130,0,0,100,0,160,400,32,16,0,80,-146,0,0,100,0,112,416,80,48,0,26,-152,0,0,50,0,0,256,144,80,0,0,-256,0,0,100,0,0,0,192,256,0,0,-256,0,0,100,0,0,624,192,256,0,
0,56,0,-256,0,0,100,0,192,624,192,256,0,52,-200,0,0,100,0,368,385,16,27,0,36,-174,0,0,100,0,192,448,48,48,0,26,-142,0,0,100,0,384,240,64,48,0,33,-157,0,0,100,0,240,384,64,64,0,26,-142,0,0,100,0,448,192,64,48,0,36,-151,0,0,100,0,192,384,48,64,0,26,-142,0,0,100,0,512,240,64,48,0,124,-208,0,0,100,0,368,385,16,30,0,124,-178,0,0,100,0,368,401,16,14,0,124,-164,0,0,100,0,368,401,16,13,0,124,-155,0,0,100,0,240,448,16,16,0,115,-155,0,0,100,0,336,384,32,64,0,114,-123,0,0,100,0,576,0,32,32,0,117,-115,0,0,100,0,144,368,32,16,0,115,-143,0,0,100,0,304,384,32,48,0,88,-201,0,0,100,0,288,128,48,48,0,83,-120,0,0,100,0,192,96,32,32,0,75,-149,0,0,100,0,576,112,48,48,0,95,-166,0,1,70,0,480,496,48,32,0,95,-166,0,1,30,0,528,496,48,32,0,103,-166,0,0,100,0,256,224,32,32,0,103,-166,0,0,60,0,256,288,32,32,0,103,-166,0,0,30,0,256,320,32,32,0,103,-166,0,0,50,0,256,256,32,32,0,95,-166,0,0,100,0,624,464,48,32,0,103,-166,0,0,50,0,256,352,32,32,0,78,-204,0,0,60,0,336,160,48,32,0,78,-204,0,0,30,0,336,192,48,32,0,78,-204,0,0,50,0,336,128,48,32,0,68,-214,0,0,30,0,64,336,48,48,0,57,-224,0,0,100,0,192,128,96,96,0,24,-188,0,1,80,0,64,416,48,48,0,47,-206,0,0,100,0,368,385,16,26,0,31,-198,0,0,100,0,368,385,16,26,0,31,-182,0,0,100,0,288,64,32,32,0,130,-166,0,1,70,0,32,416,32,32,0,131,-166,0,0,20,0,224,32,32,32,0,131,-166,0,0,40,0,192,32,32,32,0,131,-166,0,0,100,0,256,32,32,32,0,81,-180,0,1,100,0,0,416,32,32,0,80,-180,0,0,100,0,320,0,32,32,0,69,-142,0,0,30,0,112,336,32,32,0,110,-148,0,0,20,0,48,336,16,16,0,100,-153,0,0,40,0,48,336,16,16,0,56,-167,0,0,50,0,0,336,48,48,0,52,-177,0,0,100,0,144,256,112,96,0,28,-121,0,0,100,0,48,384,64,32,0,84,-121,0,0,100,0,112,368,32,16,0,107,-120,0,0,100,0,112,384,48,32,0,96,-138,0,0,100,0,0,384,48,32,0,55,-130,0,0,100,0,160,400,32,16,0,80,-146,0,0,100,0,112,416,80,48,0,26,-152,0,0,50,0,0,256,144,80,0,0,-256,0,0,100,0,0,0,192,256,0,0,-256,0,0,100,0,0,624,192,256,0,
0,54,0,-256,0,0,100,0,192,624,192,256,0,52,-200,0,0,100,0,368,385,16,27,0,36,-174,0,0,100,0,192,448,48,48,0,26,-142,0,0,100,0,384,240,64,48,0,33,-157,0,0,100,0,240,384,64,64,0,26,-142,0,0,100,0,448,240,64,48,0,36,-151,0,0,100,0,192,384,48,64,0,26,-142,0,0,100,0,512,240,64,48,0,124,-208,0,0,100,0,368,385,16,30,0,124,-178,0,0,100,0,368,401,16,14,0,124,-164,0,0,100,0,368,401,16,13,0,124,-155,0,0,100,0,240,448,16,16,0,115,-155,0,0,100,0,336,384,32,64,0,114,-123,0,0,100,0,576,0,32,32,0,117,-115,0,0,100,0,144,368,32,16,0,115,-143,0,0,100,0,304,384,32,48,0,88,-201,0,0,100,0,288,128,48,48,0,83,-120,0,0,100,0,192,96,32,32,0,79,-146,0,0,100,0,624,112,48,48,0,95,-166,0,1,50,0,480,496,48,32,0,95,-166,0,1,50,0,528,496,48,32,0,103,-166,0,0,100,0,256,224,32,32,0,103,-166,0,0,60,0,256,288,32,32,0,103,-166,0,0,30,0,256,320,32,32,0,103,-166,0,0,50,0,256,256,32,32,0,95,-166,0,0,100,0,672,464,48,32,0,103,-166,0,0,50,0,256,352,32,32,0,78,-204,0,0,60,0,336,160,48,32,0,78,-204,0,0,30,0,336,192,48,32,0,78,-204,0,0,50,0,336,128,48,32,0,68,-214,0,0,30,0,64,336,48,48,0,57,-224,0,0,100,0,192,128,96,96,0,24,-188,0,1,60,0,64,416,48,48,0,47,-206,0,0,100,0,368,385,16,26,0,31,-198,0,0,100,0,368,385,16,26,0,31,-182,0,0,100,0,192,64,32,32,0,130,-166,0,1,100,0,32,416,32,32,0,131,-166,0,0,100,0,224,32,32,32,0,81,-180,0,1,100,0,0,416,32,32,0,80,-180,0,0,100,0,352,0,32,32,0,69,-142,0,0,30,0,112,336,32,32,0,110,-148,0,0,20,0,48,336,16,16,0,100,-153,0,0,40,0,48,336,16,16,0,56,-167,0,0,50,0,0,336,48,48,0,52,-177,0,0,100,0,144,256,112,96,0,28,-121,0,0,100,0,48,384,64,32,0,88,-117,0,0,100,0,112,368,32,16,0,107,-120,0,0,100,0,112,384,48,32,0,96,-138,0,0,100,0,0,384,48,32,0,55,-130,0,0,100,0,160,400,32,16,0,80,-146,0,0,100,0,112,416,80,48,0,26,-152,0,0,50,0,0,256,144,80,0,0,-256,0,0,100,0,0,0,192,256,0,0,-256,0,0,100,0,0,624,192,256,0,
0,56,0,-256,0,0,100,0,192,624,192,256,0,52,-200,0,0,100,0,368,385,16,27,0,36,-174,0,0,100,0,192,448,48,48,0,26,-142,0,0,100,0,384,240,64,48,0,33,-157,0,0,100,0,240,384,64,64,0,26,-142,0,0,100,0,448,192,64,48,0,36,-151,0,0,100,0,192,384,48,64,0,26,-142,0,0,100,0,512,240,64,48,0,124,-208,0,0,100,0,368,385,16,30,0,124,-178,0,0,100,0,368,401,16,14,0,124,-164,0,0,100,0,368,401,16,13,0,124,-155,0,0,100,0,240,448,16,16,0,115,-155,0,0,100,0,336,384,32,64,0,114,-123,0,0,100,0,576,0,32,32,0,117,-115,0,0,100,0,144,368,32,16,0,115,-143,0,0,100,0,304,384,32,48,0,88,-201,0,0,100,0,288,128,48,48,0,83,-120,0,0,100,0,192,96,32,32,0,83,-141,0,0,100,0,672,112,48,48,0,95,-166,0,1,30,0,480,496,48,32,0,95,-166,0,1,70,0,528,496,48,32,0,103,-166,0,0,100,0,256,224,32,32,0,103,-166,0,0,60,0,256,288,32,32,0,103,-166,0,0,30,0,256,320,32,32,0,103,-166,0,0,50,0,256,256,32,32,0,95,-166,0,0,100,0,720,464,48,32,0,103,-166,0,0,50,0,256,352,32,32,0,78,-204,0,0,60,0,336,160,48,32,0,78,-204,0,0,30,0,336,192,48,32,0,78,-204,0,0,50,0,336,128,48,32,0,68,-214,0,0,30,0,64,336,48,48,0,57,-224,0,0,100,0,192,128,96,96,0,24,-188,0,1,70,0,64,416,48,48,0,47,-206,0,0,100,0,368,385,16,26,0,31,-198,0,0,100,0,368,385,16,26,0,31,-182,0,0,100,0,224,64,32,32,0,130,-166,0,1,70,0,32,416,32,32,0,131,-166,0,0,20,0,224,32,32,32,0,131,-166,0,0,40,0,192,32,32,32,0,131,-166,0,0,100,0,256,32,32,32,0,81,-180,0,1,100,0,0,416,32,32,0,80,-180,0,0,100,0,352,0,32,32,0,69,-142,0,0,30,0,112,336,32,32,0,110,-148,0,0,20,0,48,336,16,16,0,100,-153,0,0,40,0,48,336,16,16,0,56,-167,0,0,50,0,0,336,48,48,0,92,-112,0,0,100,0,112,368,32,16,0,52,-177,0,0,100,0,144,256,112,96,0,28,-121,0,0,100,0,48,384,64,32,0,107,-120,0,0,100,0,112,384,48,32,0,96,-138,0,0,100,0,0,384,48,32,0,55,-130,0,0,100,0,160,400,32,16,0,80,-146,0,0,100,0,112,416,80,48,0,26,-152,0,0,50,0,0,256,144,80,0,0,-256,0,0,100,0,0,0,192,256,0,0,-256,0,0,100,0,0,624,192,256,0,
0,54,0,-256,0,0,100,0,192,624,192,256,0,52,-200,0,0,100,0,368,385,16,27,0,36,-174,0,0,100,0,192,448,48,48,0,26,-142,0,0,100,0,384,240,64,48,0,33,-157,0,0,100,0,240,384,64,64,0,26,-142,0,0,100,0,448,240,64,48,0,36,-151,0,0,100,0,192,384,48,64,0,26,-142,0,0,100,0,512,240,64,48,0,124,-208,0,0,100,0,368,385,16,30,0,124,-178,0,0,100,0,368,401,16,14,0,124,-164,0,0,100,0,368,401,16,13,0,124,-155,0,0,100,0,240,448,16,16,0,83,-120,0,0,100,0,192,96,32,32,0,87,-136,0,0,100,0,624,112,48,48,0,115,-155,0,0,100,0,336,384,32,64,0,114,-123,0,0,100,0,576,0,32,32,0,117,-115,0,0,100,0,144,368,32,16,0,115,-143,0,0,100,0,304,384,32,48,0,88,-201,0,0,100,0,288,128,48,48,0,95,-166,0,1,20,0,480,496,48,32,0,95,-166,0,1,80,0,528,496,48,32,0,103,-166,0,0,100,0,256,224,32,32,0,103,-166,0,0,60,0,256,288,32,32,0,103,-166,0,0,30,0,256,320,32,32,0,103,-166,0,0,50,0,256,256,32,32,0,95,-166,0,0,100,0,768,464,48,32,0,103,-166,0,0,50,0,256,352,32,32,0,78,-204,0,0,60,0,336,160,48,32,0,78,-204,0,0,30,0,336,192,48,32,0,78,-204,0,0,50,0,336,128,48,32,0,68,-214,0,0,30,0,64,336,48,48,0,57,-224,0,0,100,0,192,128,96,96,0,24,-188,0,1,100,0,64,416,48,48,0,47,-206,0,0,100,0,368,385,16,26,0,31,-198,0,0,100,0,368,385,16,26,0,31,-182,0,0,100,0,256,64,32,32,0,130,-166,0,1,100,0,32,416,32,32,0,131,-166,0,0,100,0,224,32,32,32,0,81,-180,0,1,100,0,0,416,32,32,0,80,-180,0,0,100,0,352,0,32,32,0,69,-142,0,0,30,0,112,336,32,32,0,110,-148,0,0,20,0,48,336,16,16,0,100,-153,0,0,40,0,48,336,16,16,0,56,-167,0,0,50,0,0,336,48,48,0,96,-107,0,0,100,0,112,368,32,16,0,52,-177,0,0,100,0,144,256,112,96,0,28,-121,0,0,100,0,48,384,64,32,0,107,-120,0,0,100,0,112,384,48,32,0,96,-138,0,0,100,0,0,384,48,32,0,55,-130,0,0,100,0,160,400,32,16,0,80,-146,0,0,100,0,112,416,80,48,0,26,-152,0,0,50,0,0,256,144,80,0,0,-256,0,0,100,0,0,0,192,256,0,0,-256,0,0,100,0,0,624,192,256,0,
0,53,0,-256,0,0,100,0,192,624,192,256,0,52,-200,0,0,100,0,368,385,16,27,0,36,-174,0,0,100,0,192,448,48,48,0,26,-142,0,0,100,0,384,240,64,48,0,33,-157,0,0,100,0,240,384,64,64,0,26,-142,0,0,100,0,448,192,64,48,0,36,-151,0,0,100,0,192,384,48,64,0,26,-142,0,0,100,0,512,240,64,48,0,124,-208,0,0,100,0,368,385,16,30,0,124,-178,0,0,100,0,368,401,16,14,0,124,-164,0,0,100,0,368,401,16,13,0,124,-155,0,0,100,0,240,448,16,16,0,91,-135,0,0,100,0,576,208,48,48,0,115,-155,0,0,100,0,336,384,32,64,0,114,-123,0,0,100,0,576,0,32,32,0,117,-115,0,0,100,0,144,368,32,16,0,115,-143,0,0,100,0,304,384,32,48,0,88,-201,0,0,100,0,288,128,48,48,0,83,-120,0,0,100,0,192,96,32,32,0,95,-166,0,1,100,0,528,496,48,32,0,103,-166,0,0,100,0,256,224,32,32,0,103,-166,0,0,60,0,256,288,32,32,0,103,-166,0,0,30,0,256,320,32,32,0,103,-166,0,0,50,0,256,256,32,32,0,95,-166,0,0,100,0,384,496,48,32,0,103,-166,0,0,50,0,256,352,32,32,0,78,-204,0,0,60,0,336,160,48,32,0,78,-204,0,0,30,0,336,192,48,32,0,78,-204,0,0,50,0,336,128,48,32,0,68,-214,0,0,30,0,64,336,48,48,0,57,-224,0,0,100,0,192,128,96,96,0,24,-188,0,1,80,0,64,416,48,48,0,47,-206,0,0,100,0,368,385,16,26,0,31,-198,0,0,100,0,368,385,16,26,0,31,-182,0,0,100,0,288,64,32,32,0,130,-166,0,1,100,0,32,416,32,32,0,131,-166,0,0,100,0,224,32,32,32,0,81,-180,0,1,100,0,0,416,32,32,0,80,-180,0,0,100,0,288,32,32,32,0,69,-142,0,0,30,0,112,336,32,32,0,110,-148,0,0,20,0,48,336,16,16,0,100,-153,0,0,40,0,48,336,16,16,0,56,-167,0,0,50,0,0,336,48,48,0,28,-121,0,0,100,0,48,384,64,32,0,100,-106,0,0,100,0,112,368,32,16,0,52,-177,0,0,100,0,144,256,112,96,0,107,-120,0,0,100,0,112,384,48,32,0,96,-138,0,0,100,0,0,384,48,32,0,55,-130,0,0,100,0,160,400,32,16,0,80,-146,0,0,100,0,112,416,80,48,0,26,-152,0,0,50,0,0,256,144,80,0,0,-256,0,0,100,0,0,0,192,256,0,0,-256,0,0,100,0,0,624,192,256,0,
0,53,0,-256,0,0,100,0,192,624,192,256,0,52,-200,0,0,100,0,368,385,16,27,0,36,-174,0,0,100,0,192,448,48,48,0,26,-142,0,0,100,0,384,240,64,48,0,33,-157,0,0,100,0,240,384,64,64,0,26,-142,0,0,100,0,448,240,64,48,0,36,-151,0,0,100,0,192,384,48,64,0,26,-142,0,0,100,0,512,240,64,48,0,124,-208,0,0,100,0,368,385,16,30,0,124,-178,0,0,100,0,368,401,16,14,0,124,-164,0,0,100,0,368,401,16,13,0,124,-155,0,0,100,0,240,448,16,16,0,91,-135,0,0,100,0,720,208,48,48,0,115,-155,0,0,100,0,336,384,32,64,0,114,-123,0,0,100,0,576,0,32,32,0,117,-115,0,0,100,0,144,368,32,16,0,115,-143,0,0,100,0,304,384,32,48,0,88,-201,0,0,100,0,288,128,48,48,0,83,-120,0,0,100,0,192,96,32,32,0,95,-166,0,1,100,0,528,496,48,32,0,103,-166,0,0,100,0,256,224,32,32,0,103,-166,0,0,60,0,256,288,32,32,0,103,-166,0,0,30,0,256,320,32,32,0,103,-166,0,0,50,0,256,256,32,32,0,95,-166,0,0,100,0,432,496,48,32,0,103,-166,0,0,50,0,256,352,32,32,0,78,-204,0,0,60,0,336,160,48,32,0,78,-204,0,0,30,0,336,192,48,32,0,78,-204,0,0,50,0,336,128,48,32,0,68,-214,0,0,30,0,64,336,48,48,0,57,-224,0,0,100,0,192,128,96,96,0,24,-188,0,1,60,0,64,416,48,48,0,47,-206,0,0,100,0,368,385,16,26,0,31,-198,0,0,100,0,368,385,16,26,0,31,-182,0,0,100,0,192,64,32,32,0,130,-166,0,1,100,0,32,416,32,32,0,131,-166,0,0,100,0,224,32,32,32,0,81,-180,0,1,100,0,0,416,32,32,0,80,-180,0,0,100,0,288,32,32,32,0,69,-142,0,0,30,0,112,336,32,32,0,110,-148,0,0,20,0,48,336,16,16,0,100,-153,0,0,40,0,48,336,16,16,0,56,-167,0,0,50,0,0,336,48,48,0,100,-106,0,0,100,0,112,368,32,16,0,52,-177,0,0,100,0,144,256,112,96,0,28,-121,0,0,100,0,48,384,64,32,0,107,-120,0,0,100,0,112,384,48,32,0,96,-138,0,0,100,0,0,384,48,32,0,55,-130,0,0,100,0,160,400,32,16,0,80,-146,0,0,100,0,112,416,80,48,0,26,-152,0,0,50,0,0,256,144,80,0,0,-256,0,0,100,0,0,0,192,256,0,0,-256,0,0,100,0,0,624,192,256,0,
0,53,0,-256,0,0,100,0,192,624,192,256,0,52,-200,0,0,100,0,368,385,16,27,0,36,-174,0,0,100,0,192,448,48,48,0,26,-142,0,0,100,0,384,240,64,48,0,33,-157,0,0,100,0,240,384,64,64,0,26,-142,0,0,100,0,448,192,64,48,0,36,-151,0,0,100,0,192,384,48,64,0,26,-142,0,0,100,0,512,240,64,48,0,124,-208,0,0,100,0,368,385,16,30,0,124,-178,0,0,100,0,368,401,16,14,0,124,-164,0,0,100,0,368,401,16,13,0,124,-155,0,0,100,0,240,448,16,16,0,91,-135,0,0,100,0,672,208,48,48,0,115,-155,0,0,100,0,272,448,32,64,0,114,-123,0,0,100,0,576,0,32,32,0,117,-115,0,0,100,0,144,368,32,16,0,115,-143,0,0,100,0,304,384,32,48,0,88,-201,0,0,100,0,288,128,48,48,0,83,-120,0,0,100,0,192,96,32,32,0,95,-166,0,1,100,0,528,496,48,32,0,103,-166,0,0,100,0,256,224,32,32,0,103,-166,0,0,60,0,256,288,32,32,0,103,-166,0,0,30,0,256,320,32,32,0,103,-166,0,0,50,0,256,256,32,32,0,95,-166,0,0,100,0,384,496,48,32,0,103,-166,0,0,50,0,256,352,32,32,0,78,-204,0,0,60,0,336,160,48,32,0,78,-204,0,0,30,0,336,192,48,32,0,78,-204,0,0,50,0,336,128,48,32,0,68,-214,0,0,30,0,64,336,48,48,0,57,-224,0,0,100,0,192,128,96,96,0,24,-188,0,1,70,0,64,416,48,48,0,47,-206,0,0,100,0,368,385,16,26,0,31,-198,0,0,100,0,368,385,16,26,0,31,-182,0,0,100,0,224,64,32,32,0,130,-166,0,1,100,0,32,416,32,32,0,131,-166,0,0,100,0,224,32,32,32,0,81,-180,0,1,100,0,0,416,32,32,0,80,-180,0,0,100,0,288,32,32,32,0,69,-142,0,0,30,0,112,336,32,32,0,110,-148,0,0,20,0,48,336,16,16,0,100,-153,0,0,40,0,48,336,16,16,0,56,-167,0,0,50,0,0,336,48,48,0,100,-106,0,0,100,0,112,368,32,16,0,52,-177,0,0,100,0,144,256,112,96,0,28,-121,0,0,100,0,48,384,64,32,0,107,-120,0,0,100,0,112,384,48,32,0,96,-138,0,0,100,0,0,384,48,32,0,55,-130,0,0,100,0,160,400,32,16,0,80,-146,0,0,100,0,112,416,80,48,0,26,-152,0,0,50,0,0,256,144,80,0,0,-256,0,0,100,0,0,0,192,256,0,0,-256,0,0,100,0,0,624,192,256,0,
0,53,0,-256,0,0,100,0,192,624,192,256,0,52,-200,0,0,100,0,368,385,16,27,0,36,-174,0,0,100,0,192,448,48,48,0,26,-142,0,0,100,0,384,240,64,48,0,33,-157,0,0,100,0,240,384,64,64,0,26,-142,0,0,100,0,448,240,64,48,0,36,-151,0,0,100,0,192,384,48,64,0,26,-142,0,0,100,0,512,240,64,48,0,124,-208,0,0,100,0,368,385,16,30,0,124,-178,0,0,100,0,368,401,16,14,0,124,-164,0,0,100,0,368,401,16,13,0,124,-155,0,0,100,0,240,448,16,16,0,91,-135,0,0,100,0,720,208,48,48,0,115,-155,0,0,100,0,336,448,32,64,0,114,-123,0,0,100,0,576,0,32,32,0,117,-115,0,0,100,0,144,368,32,16,0,115,-143,0,0,100,0,304,384,32,48,0,88,-201,0,0,100,0,288,128,48,48,0,83,-120,0,0,100,0,192,96,32,32,0,95,-166,0,1,100,0,528,496,48,32,0,103,-166,0,0,100,0,256,224,32,32,0,103,-166,0,0,60,0,256,288,32,32,0,103,-166,0,0,30,0,256,320,32,32,0,103,-166,0,0,50,0,256,256,32,32,0,95,-166,0,0,100,0,432,496,48,32,0,103,-166,0,0,50,0,256,352,32,32,0,78,-204,0,0,60,0,336,160,48,32,0,78,-204,0,0,30,0,336,192,48,32,0,78,-204,0,0,50,0,336,128,48,32,0,68,-214,0,0,30,0,64,336,48,48,0,57,-224,0,0,100,0,192,128,96,96,0,24,-188,0,1,100,0,64,416,48,48,0,47,-206,0,0,100,0,368,385,16,26,0,31,-198,0,0,100,0,368,385,16,26,0,31,-182,0,0,100,0,256,64,32,32,0,130,-166,0,1,100,0,32,416,32,32,0,131,-166,0,0,100,0,224,32,32,32,0,81,-180,0,1,100,0,0,416,32,32,0,80,-180,0,0,100,0,288,32,32,32,0,69,-142,0,0,30,0,112,336,32,32,0,110,-148,0,0,20,0,48,336,16,16,0,100,-153,0,0,40,0,48,336,16,16,0,56,-167,0,0,50,0,0,336,48,48,0,100,-106,0,0,100,0,112,368,32,16,0,52,-177,0,0,100,0,144,256,112,96,0,28,-121,0,0,100,0,48,384,64,32,0,107,-120,0,0,100,0,112,384,48,32,0,96,-138,0,0,100,0,0,384,48,32,0,55,-130,0,0,100,0,160,400,32,16,0,80,-146,0,0,100,0,112,416,80,48,0,26,-152,0,0,50,0,0,256,144,80,0,0,-256,0,0,100,0,0,0,192,256,0,0,-256,0,0,100,0,0,624,192,256,0,
0,53,0,-256,0,0,100,0,192,624,192,256,0,52,-200,0,0,100,0,368,385,16,27,0,36,-174,0,0,100,0,192,448,48,48,0,26,-142,0,0,100,0,384,240,64,48,0,33,-157,0,0,100,0,240,384,64,64,0,26,-142,0,0,100,0,448,192,64,48,0,36,-151,0,0,100,0,192,384,48,64,0,26,-142,0,0,100,0,512,240,64,48,0,124,-208,0,0,100,0,368,385,16,30,0,124,-178,0,0,100,0,368,401,16,14,0,124,-164,0,0,100,0,368,401,16,13,0,124,-155,0,0,100,0,240,448,16,9,0,91,-135,0,0,100,0,576,208,48,48,0,115,-155,0,0,100,0,304,448,32,64,0,114,-123,0,0,100,0,576,0,32,32,0,117,-115,0,0,100,0,144,368,32,16,0,115,-143,0,0,100,0,304,384,32,48,0,88,-201,0,0,100,0,288,128,48,48,0,83,-120,0,0,100,0,192,96,32,32,0,95,-166,0,1,100,0,528,496,48,32,0,103,-166,0,0,100,0,256,224,32,32,0,103,-166,0,0,60,0,256,288,32,32,0,103,-166,0,0,30,0,256,320,32,32,0,103,-166,0,0,50,0,256,256,32,32,0,95,-166,0,0,100,0,384,496,48,32,0,103,-166,0,0,50,0,256,352,32,32,0,78,-204,0,0,60,0,336,160,48,32,0,78,-204,0,0,30,0,336,192,48,32,0,78,-204,0,0,50,0,336,128,48,32,0,68,-214,0,0,30,0,64,336,48,48,0,57,-224,0,0,100,0,192,128,96,96,0,24,-188,0,1,80,0,64,416,48,48,0,47,-206,0,0,100,0,368,385,16,26,0,31,-198,0,0,100,0,368,385,16,26,0,31,-182,0,0,100,0,288,64,32,32,0,130,-166,0,1,100,0,32,416,32,32,0,131,-166,0,0,100,0,224,32,32,32,0,81,-180,0,1,100,0,0,416,32,32,0,80,-180,0,0,100,0,288,32,32,32,0,69,-142,0,0,30,0,112,336,32,32,0,110,-148,0,0,20,0,48,336,16,16,0,100,-153,0,0,40,0,48,336,16,16,0,56,-167,0,0,50,0,0,336,48,48,0,100,-106,0,0,100,0,112,368,32,16,0,52,-177,0,0,100,0,144,256,112,96,0,28,-121,0,0,100,0,48,384,64,32,0,107,-120,0,0,100,0,112,384,48,32,0,96,-138,0,0,100,0,0,384,48,32,0,55,-130,0,0,100,0,160,400,32,16,0,80,-146,0,0,100,0,112,416,80,48,0,26,-152,0,0,50,0,0,256,144,80,0,0,-256,0,0,100,0,0,0,192,256,0,0,-256,0,0,100,0,0,624,192,256,0,
0,53,0,-256,0,0,100,0,192,624,192,256,0,52,-200,0,0,100,0,368,385,16,27,0,36,-174,0,0,100,0,192,448,48,48,0,26,-142,0,0,100,0,384,240,64,48,0,33,-157,0,0,100,0,240,384,64,64,0,26,-142,0,0,100,0,448,240,64,48,0,36,-151,0,0,100,0,192,384,48,64,0,26,-142,0,0,100,0,512,240,64,48,0,124,-208,0,0,100,0,368,385,16,30,0,124,-178,0,0,100,0,368,401,16,14,0,124,-164,0,0,100,0,368,401,16,13,0,124,-155,0,0,100,0,240,448,16,9,0,83,-120,0,0,100,0,192,96,32,32,0,86,-136,0,0,100,0,624,112,48,48,0,115,-155,0,0,100,0,304,448,32,64,0,114,-123,0,0,100,0,576,0,32,32,0,117,-115,0,0,100,0,144,368,32,16,0,115,-143,0,0,100,0,304,384,32,48,0,88,-201,0,0,100,0,288,128,48,48,0,95,-166,0,1,100,0,528,496,48,32,0,103,-166,0,0,100,0,256,224,32,32,0,103,-166,0,0,60,0,256,288,32,32,0,103,-166,0,0,30,0,256,320,32,32,0,103,-166,0,0,50,0,256,256,32,32,0,95,-166,0,0,100,0,432,496,48,32,0,103,-166,0,0,50,0,256,352,32,32,0,78,-204,0,0,60,0,336,160,48,32,0,78,-204,0,0,30,0,336,192,48,32,0,78,-204,0,0,50,0,336,128,48,32,0,68,-214,0,0,30,0,64,336,48,48,0,57,-224,0,0,100,0,192,128,96,96,0,24,-188,0,1,60,0,64,416,48,48,0,47,-206,0,0,100,0,368,385,16,26,0,31,-198,0,0,100,0,368,385,16,26,0,31,-182,0,0,100,0,192,64,32,32,0,130,-166,0,1,100,0,32,416,32,32,0,131,-166,0,0,100,0,224,32,32,32,0,81,-180,0,1,100,0,0,416,32,32,0,80,-180,0,0,100,0,288,32,32,32,0,69,-142,0,0,30,0,112,336,32,32,0,110,-148,0,0,20,0,48,336,16,16,0,100,-153,0,0,40,0,48,336,16,16,0,56,-167,0,0,50,0,0,336,48,48,0,95,-108,0,0,100,0,112,368,32,16,0,52,-177,0,0,100,0,144,256,112,96,0,28,-121,0,0,100,0,48,384,64,32,0,107,-120,0,0,100,0,112,384,48,32,0,96,-138,0,0,100,0,0,384,48,32,0,55,-130,0,0,100,0,160,400,32,16,0,80,-146,0,0,100,0,112,416,80,48,0,26,-152,0,0,50,0,0,256,144,80,0,0,-256,0,0,100,0,0,0,192,256,0,0,-256,0,0,100,0,0,624,192,256,0,
0,53,0,-256,0,0,100,0,192,624,192,256,0,52,-200,0,0,100,0,368,385,16,27,0,36,-174,0,0,100,0,192,448,48,48,0,26,-142,0,0,100,0,384,240,64,48,0,33,-157,0,0,100,0,240,384,64,64,0,26,-142,0,0,100,0,448,192,64,48,0,36,-151,0,0,100,0,192,384,48,64,0,26,-142,0,0,100,0,512,240,64,48,0,124,-208,0,0,100,0,368,385,16,30,0,124,-178,0,0,100,0,368,401,16,14,0,124,-164,0,0,100,0,368,401,16,13,0,124,-155,0,0,100,0,240,448,16,9,0,83,-120,0,0,100,0,192,96,32,32,0,81,-139,0,0,100,0,576,112,48,48,0,115,-155,0,0,100,0,304,448,32,64,0,114,-123,0,0,100,0,576,0,32,32,0,117,-115,0,0,100,0,144,368,32,16,0,115,-143,0,0,100,0,304,384,32,48,0,88,-201,0,0,100,0,288,128,48,48,0,95,-166,0,1,100,0,528,496,48,32,0,103,-166,0,0,100,0,256,224,32,32,0,103,-166,0,0,60,0,256,288,32,32,0,103,-166,0,0,30,0,256,320,32,32,0,103,-166,0,0,50,0,256,256,32,32,0,95,-166,0,0,100,0,384,496,48,32,0,103,-166,0,0,50,0,256,352,32,32,0,78,-204,0,0,60,0,336,160,48,32,0,78,-204,0,0,30,0,336,192,48,32,0,78,-204,0,0,50,0,336,128,48,32,0,68,-214,0,0,30,0,64,336,48,48,0,57,-224,0,0,100,0,192,128,96,96,0,24,-188,0,1,70,0,64,416,48,48,0,47,-206,0,0,100,0,368,385,16,26,0,31,-198,0,0,100,0,368,385,16,26,0,31,-182,0,0,100,0,224,64,32,32,0,130,-166,0,1,100,0,32,416,32,32,0,131,-166,0,0,100,0,224,32,32,32,0,81,-180,0,1,100,0,0,416,32,32,0,80,-180,0,0,100,0,288,32,32,32,0,69,-142,0,0,30,0,112,336,32,32,0,110,-148,0,0,20,0,48,336,16,16,0,100,-153,0,0,40,0,48,336,16,16,0,56,-167,0,0,50,0,0,336,48,48,0,52,-177,0,0,100,0,144,256,112,96,0,28,-121,0,0,100,0,48,384,64,32,0,90,-110,0,0,100,0,112,368,32,16,0,107,-120,0,0,100,0,112,384,48,32,0,96,-138,0,0,100,0,0,384,48,32,0,55,-130,0,0,100,0,160,400,32,16,0,80,-146,0,0,100,0,112,416,80,48,0,26,-152,0,0,50,0,0,256,144,80,0,0,-256,0,0,100,0,0,0,192,256,0,0,-256,0,0,100,0,0,624,192,256,0,
0,57,0,-256,0,0,100,0,192,624,192,256,0,52,-200,0,0,100,0,368,385,16,27,0,36,-174,0,0,100,0,192,448,48,48,0,26,-142,0,0,100,0,384,240,64,48,0,33,-157,0,0,100,0,240,384,64,64,0,26,-142,0,0,100,0,448,240,64,48,0,36,-151,0,0,100,0,192,384,48,64,0,26,-142,0,0,100,0,512,240,64,48,0,124,-208,0,0,100,0,368,385,16,30,0,124,-178,0,0,100,0,368,401,16,14,0,124,-164,0,0,100,0,368,401,16,13,0,124,-155,0,0,100,0,240,448,16,9,0,115,-155,0,0,100,0,304,448,32,64,0,114,-123,0,0,100,0,576,0,32,32,0,117,-115,0,0,100,0,144,368,32,16,0,115,-143,0,0,100,0,304,384,32,48,0,88,-201,0,0,100,0,288,128,48,48,0,83,-120,0,0,100,0,192,96,32,32,0,81,-139,0,0,100,0,624,112,48,48,0,95,-166,0,1,100,0,528,496,48,32,0,103,-166,0,0,100,0,256,224,32,32,0,103,-166,0,0,60,0,256,288,32,32,0,103,-166,0,0,30,0,256,320,32,32,0,103,-166,0,0,50,0,256,256,32,32,0,95,-166,0,0,100,0,432,496,48,32,0,103,-166,0,0,50,0,256,352,32,32,0,78,-204,0,0,60,0,336,160,48,32,0,78,-204,0,0,30,0,336,192,48,32,0,78,-204,0,0,50,0,336,128,48,32,0,68,-214,0,0,30,0,64,336,48,48,0,57,-224,0,0,100,0,192,128,96,96,0,24,-188,0,1,100,0,64,416,48,48,0,47,-206,0,0,100,0,368,385,16,26,0,31,-198,0,0,100,0,368,385,16,26,0,31,-182,0,0,100,0,256,64,32,32,0,130,-166,0,1,100,0,32,416,32,32,0,131,-166,0,0,100,0,224,32,32,32,0,81,-180,0,1,100,0,0,416,32,32,0,80,-180,0,0,100,0,288,32,32,32,0,69,-142,0,0,30,0,112,336,32,32,0,110,-148,0,0,20,0,48,336,16,16,0,100,-153,0,0,40,0,48,336,16,16,0,56,-167,0,0,50,0,0,336,48,48,0,81,-141,0,0,100,0,176,352,16,16,0,77,-139,0,0,100,0,176,352,16,16,0,73,-137,0,0,100,0,176,352,16,16,0,80,-135,0,0,100,0,176,368,16,16,0,52,-177,0,0,100,0,144,256,112,96,0,28,-121,0,0,100,0,48,384,64,32,0,90,-110,0,0,100,0,112,368,32,16,0,107,-120,0,0,100,0,112,384,48,32,0,96,-138,0,0,100,0,0,384,48,32,0,55,-130,0,0,100,0,160,400,32,16,0,80,-146,0,0,100,0,112,416,80,48,0,26,-152,0,0,50,0,0,256,144,80,0,0,-256,0,0,100,0,0,0,192,256,0,0,-256,0,0,100,0,0,624,192,256,0,
0,53,0,-256,0,0,100,0,192,624,192,256,0,52,-200,0,0,100,0,368,385,16,27,0,36,-174,0,0,100,0,192,448,48,48,0,26,-142,0,0,100,0,384,240,64,48,0,33,-157,0,0,100,0,240,384,64,64,0,26,-142,0,0,100,0,448,192,64,48,0,36,-151,0,0,100,0,192,384,48,64,0,26,-142,0,0,100,0,512,240,64,48,0,124,-208,0,0,100,0,368,385,16,30,0,124,-178,0,0,100,0,368,401,16,14,0,124,-164,0,0,100,0,368,401,16,13,0,124,-155,0,0,100,0,240,448,16,9,0,115,-155,0,0,100,0,304,448,32,64,0,114,-123,0,0,100,0,576,0,32,32,0,117,-115,0,0,100,0,144,368,32,16,0,115,-143,0,0,100,0,304,384,32,48,0,88,-201,0,0,100,0,288,128,48,48,0,83,-120,0,0,100,0,192,96,32,32,0,81,-139,0,0,100,0,624,112,48,48,0,95,-166,0,1,100,0,528,496,48,32,0,103,-166,0,0,100,0,256,224,32,32,0,103,-166,0,0,60,0,256,288,32,32,0,103,-166,0,0,30,0,256,320,32,32,0,103,-166,0,0,50,0,256,256,32,32,0,95,-166,0,0,100,0,384,496,48,32,0,103,-166,0,0,50,0,256,352,32,32,0,78,-204,0,0,60,0,336,160,48,32,0,78,-204,0,0,30,0,336,192,48,32,0,78,-204,0,0,50,0,336,128,48,32,0,68,-214,0,0,30,0,64,336,48,48,0,57,-224,0,0,100,0,192,128,96,96,0,24,-188,0,1,80,0,64,416,48,48,0,47,-206,0,0,100,0,368,385,16,26,0,31,-198,0,0,100,0,368,385,16,26,0,31,-182,0,0,100,0,288,64,32,32,0,130,-166,0,1,100,0,32,416,32,32,0,131,-166,0,0,100,0,224,32,32,32,0,81,-180,0,1,100,0,0,416,32,32,0,80,-180,0,0,100,0,288,32,32,32,0,69,-142,0,0,30,0,112,336,32,32,0,110,-148,0,0,20,0,48,336,16,16,0,100,-153,0,0,40,0,48,336,16,16,0,56,-167,0,0,50,0,0,336,48,48,0,52,-177,0,0,100,0,144,256,112,96,0,28,-121,0,0,100,0,48,384,64,32,0,90,-110,0,0,100,0,112,368,32,16,0,107,-120,0,0,100,0,112,384,48,32,0,96,-138,0,0,100,0,0,384,48,32,0,55,-130,0,0,100,0,160,400,32,16,0,80,-146,0,0,100,0,112,416,80,48,0,26,-152,0,0,50,0,0,256,144,80,0,0,-256,0,0,100,0,0,0,192,256,0,0,-256,0,0,100,0,0,624,192,256,0,
0,57,0,-256,0,0,100,0,192,624,192,256,0,52,-200,0,0,100,0,368,385,16,27,0,36,-174,0,0,100,0,192,448,48,48,0,26,-142,0,0,100,0,384,240,64,48,0,33,-157,0,0,100,0,240,384,64,64,0,26,-142,0,0,100,0,448,240,64,48,0,36,-151,0,0,100,0,192,384,48,64,0,26,-142,0,0,100,0,512,240,64,48,0,124,-208,0,0,100,0,368,385,16,30,0,124,-178,0,0,100,0,368,401,16,14,0,124,-164,0,0,100,0,368,401,16,13,0,124,-155,0,0,100,0,240,448,16,9,0,115,-155,0,0,100,0,304,448,32,64,0,114,-123,0,0,100,0,576,0,32,32,0,117,-115,0,0,100,0,144,368,32,16,0,115,-143,0,0,100,0,304,384,32,48,0,88,-201,0,0,100,0,288,128,48,48,0,83,-120,0,0,100,0,192,96,32,32,0,81,-139,0,0,100,0,624,112,48,48,0,95,-166,0,1,100,0,528,496,48,32,0,103,-166,0,0,100,0,256,224,32,32,0,103,-166,0,0,60,0,256,288,32,32,0,103,-166,0,0,30,0,256,320,32,32,0,103,-166,0,0,50,0,256,256,32,32,0,95,-166,0,0,100,0,432,496,48,32,0,103,-166,0,0,50,0,256,352,32,32,0,78,-204,0,0,60,0,336,160,48,32,0,78,-204,0,0,30,0,336,192,48,32,0,78,-204,0,0,50,0,336,128,48,32,0,68,-214,0,0,30,0,64,336,48,48,0,57,-224,0,0,100,0,192,128,96,96,0,24,-188,0,1,60,0,64,416,48,48,0,47,-206,0,0,100,0,368,385,16,26,0,31,-198,0,0,100,0,368,385,16,26,0,31,-182,0,0,100,0,192,64,32,32,0,130,-166,0,1,100,0,32,416,32,32,0,131,-166,0,0,100,0,224,32,32,32,0,81,-180,0,1,100,0,0,416,32,32,0,80,-180,0,0,100,0,288,32,32,32,0,69,-142,0,0,30,0,112,336,32,32,0,110,-148,0,0,20,0,48,336,16,16,0,100,-153,0,0,40,0,48,336,16,16,0,56,-167,0,0,50,0,0,336,48,48,0,81,-141,0,0,100,0,176,352,16,16,0,77,-139,0,0,100,0,176,352,16,16,0,73,-137,0,0,100,0,176,352,16,16,0,80,-135,0,0,100,0,176,368,16,16,0,52,-177,0,0,100,0,144,256,112,96,0,28,-121,0,0,100,0,48,384,64,32,0,90,-110,0,0,100,0,112,368,32,16,0,107,-120,0,0,100,0,112,384,48,32,0,96,-138,0,0,100,0,0,384,48,32,0,55,-130,0,0,100,0,160,400,32,16,0,80,-146,0,0,100,0,112,416,80,48,0,26,-152,0,0,50,0,0,256,144,80,0,0,-256,0,0,100,0,0,0,192,256,0,0,-256,0,0,100,0,0,624,192,256,0,
0,53,0,-256,0,0,100,0,192,624,192,256,0,52,-200,0,0,100,0,368,385,16,27,0,36,-174,0,0,100,0,192,448,48,48,0,26,-142,0,0,100,0,384,240,64,48,0,33,-157,0,0,100,0,240,384,64,64,0,26,-142,0,0,100,0,448,192,64,48,0,36,-151,0,0,100,0,192,384,48,64,0,26,-142,0,0,100,0,512,240,64,48,0,124,-208,0,0,100,0,368,385,16,30,0,124,-178,0,0,100,0,368,401,16,14,0,124,-164,0,0,100,0,368,401,16,13,0,124,-155,0,0,100,0,240,448,16,9,0,115,-155,0,0,100,0,304,448,32,64,0,114,-123,0,0,100,0,576,0,32,32,0,117,-115,0,0,100,0,144,368,32,16,0,115,-143,0,0,100,0,304,384,32,48,0,88,-201,0,0,100,0,288,128,48,48,0,83,-120,0,0,100,0,192,96,32,32,0,81,-139,0,0,100,0,624,112,48,48,0,95,-166,0,1,100,0,528,496,48,32,0,103,-166,0,0,100,0,256,224,32,32,0,103,-166,0,0,60,0,256,288,32,32,0,103,-166,0,0,30,0,256,320,32,32,0,103,-166,0,0,50,0,256,256,32,32,0,95,-166,0,0,100,0,384,496,48,32,0,103,-166,0,0,50,0,256,352,32,32,0,78,-204,0,0,60,0,336,160,48,32,0,78,-204,0,0,30,0,336,192,48,32,0,78,-204,0,0,50,0,336,128,48,32,0,68,-214,0,0,30,0,64,336,48,48,0,57,-224,0,0,100,0,192,128,96,96,0,24,-188,0,1,70,0,64,416,48,48,0,47,-206,0,0,100,0,368,385,16,26,0,31,-198,0,0,100,0,368,385,16,26,0,31,-182,0,0,100,0,224,64,32,32,0,130,-166,0,1,100,0,32,416,32,32,0,131,-166,0,0,100,0,224,32,32,32,0,81,-180,0,1,100,0,0,416,32,32,0,80,-180,0,0,100,0,288,32,32,32,0,69,-142,0,0,30,0,112,336,32,32,0,110,-148,0,0,20,0,48,336,16,16,0,100,-153,0,0,40,0,48,336,16,16,0,56,-167,0,0,50,0,0,336,48,48,0,52,-177,0,0,100,0,144,256,112,96,0,28,-121,0,0,100,0,48,384,64,32,0,90,-110,0,0,100,0,112,368,32,16,0,107,-120,0,0,100,0,112,384,48,32,0,96,-138,0,0,100,0,0,384,48,32,0,55,-130,0,0,100,0,160,400,32,16,0,80,-146,0,0,100,0,112,416,80,48,0,26,-152,0,0,50,0,0,256,144,80,0,0,-256,0,0,100,0,0,0,192,256,0,0,-256,0,0,100,0,0,624,192,256,0,
0,57,0,-256,0,0,100,0,192,624,192,256,0,52,-200,0,0,100,0,368,385,16,27,0,36,-174,0,0,100,0,192,448,48,48,0,26,-142,0,0,100,0,384,240,64,48,0,33,-157,0,0,100,0,240,384,64,64,0,26,-142,0,0,100,0,448,240,64,48,0,36,-151,0,0,100,0,192,384,48,64,0,26,-142,0,0,100,0,512,240,64,48,0,124,-208,0,0,100,0,368,385,16,30,0,124,-178,0,0,100,0,368,401,16,14,0,124,-164,0,0,100,0,368,401,16,13,0,124,-155,0,0,100,0,240,448,16,9,0,115,-155,0,0,100,0,304,448,32,64,0,114,-123,0,0,100,0,576,0,32,32,0,117,-115,0,0,100,0,144,368,32,16,0,115,-143,0,0,100,0,304,384,32,48,0,88,-201,0,0,100,0,288,128,48,48,0,83,-120,0,0,100,0,192,96,32,32,0,81,-139,0,0,100,0,624,112,48,48,0,95,-166,0,1,100,0,528,496,48,32,0,103,-166,0,0,100,0,256,224,32,32,0,103,-166,0,0,60,0,256,288,32,32,0,103,-166,0,0,30,0,256,320,32,32,0,103,-166,0,0,50,0,256,256,32,32,0,95,-166,0,0,100,0,432,496,48,32,0,103,-166,0,0,50,0,256,352,32,32,0,78,-204,0,0,60,0,336,160,48,32,0,78,-204,0,0,30,0,336,192,48,32,0,78,-204,0,0,50,0,336,128,48,32,0,68,-214,0,0,30,0,64,336,48,48,0,57,-224,0,0,100,0,192,128,96,96,0,24,-188,0,1,100,0,64,416,48,48,0,47,-206,0,0,100,0,368,385,16,26,0,31,-198,0,0,100,0,368,385,16,26,0,31,-182,0,0,100,0,256,64,32,32,0,130,-166,0,1,100,0,32,416,32,32,0,131,-166,0,0,100,0,224,32,32,32,0,81,-180,0,1,100,0,0,416,32,32,0,80,-180,0,0,100,0,288,32,32,32,0,69,-142,0,0,30,0,112,336,32,32,0,110,-148,0,0,20,0,48,336,16,16,0,100,-153,0,0,40,0,48,336,16,16,0,56,-167,0,0,50,0,0,336,48,48,0,81,-141,0,0,100,0,176,352,16,16,0,77,-139,0,0,100,0,176,352,16,16,0,73,-137,0,0,100,0,176,352,16,16,0,80,-135,0,0,100,0,176,368,16,16,0,52,-177,0,0,100,0,144,256,112,96,0,28,-121,0,0,100,0,48,384,64,32,0,90,-110,0,0,100,0,112,368,32,16,0,107,-120,0,0,100,0,112,384,48,32,0,96,-138,0,0,100,0,0,384,48,32,0,55,-130,0,0,100,0,160,400,32,16,0,80,-146,0,0,100,0,112,416,80,48,0,26,-152,0,0,50,0,0,256,144,80,0,0,-256,0,0,100,0,0,0,192,256,0,0,-256,0,0,100,0,0,624,192,256,0,
0,53,0,-256,0,0,100,0,192,624,192,256,0,52,-200,0,0,100,0,368,385,16,27,0,36,-174,0,0,100,0,192,448,48,48,0,26,-142,0,0,100,0,384,240,64,48,0,33,-157,0,0,100,0,240,384,64,64,0,26,-142,0,0,100,0,448,192,64,48,0,36,-151,0,0,100,0,192,384,48,64,0,26,-142,0,0,100,0,512,240,64,48,0,124,-208,0,0,100,0,368,385,16,30,0,124,-178,0,0,100,0,368,401,16,14,0,124,-164,0,0,100,0,368,401,16,13,0,124,-155,0,0,100,0,240,448,16,9,0,115,-155,0,0,100,0,304,448,32,64,0,114,-123,0,0,100,0,576,0,32,32,0,117,-115,0,0,100,0,144,368,32,16,0,115,-143,0,0,100,0,304,384,32,48,0,88,-201,0,0,100,0,288,128,48,48,0,83,-120,0,0,100,0,192,96,32,32,0,81,-139,0,0,100,0,624,112,48,48,0,95,-166,0,1,100,0,528,496,48,32,0,103,-166,0,0,100,0,256,224,32,32,0,103,-166,0,0,60,0,256,288,32,32,0,103,-166,0,0,30,0,256,320,32,32,0,103,-166,0,0,50,0,256,256,32,32,0,95,-166,0,0,100,0,384,496,48,32,0,103,-166,0,0,50,0,256,352,32,32,0,78,-204,0,0,60,0,336,160,48,32,0,78,-204,0,0,30,0,336,192,48,32,0,78,-204,0,0,50,0,336,128,48,32,0,68,-214,0,0,30,0,64,336,48,48,0,57,-224,0,0,100,0,192,128,96,96,0,24,-188,0,1,80,0,64,416,48,48,0,47,-206,0,0,100,0,368,385,16,26,0,31,-198,0,0,100,0,368,385,16,26,0,31,-182,0,0,100,0,288,64,32,32,0,130,-166,0,1,100,0,32,416,32,32,0,131,-166,0,0,100,0,224,32,32,32,0,81,-180,0,1,100,0,0,416,32,32,0,80,-180,0,0,100,0,288,32,32,32,0,69,-142,0,0,30,0,112,336,32,32,0,110,-148,0,0,20,0,48,336,16,16,0,100,-153,0,0,40,0,48,336,16,16,0,56,-167,0,0,50,0,0,336,48,48,0,52,-177,0,0,100,0,144,256,112,96,0,28,-121,0,0,100,0,48,384,64,32,0,90,-110,0,0,100,0,112,368,32,16,0,107,-120,0,0,100,0,112,384,48,32,0,96,-138,0,0,100,0,0,384,48,32,0,55,-130,0,0,100,0,160,400,32,16,0,80,-146,0,0,100,0,112,416,80,48,0,26,-152,0,0,50,0,0,256,144,80,0,0,-256,0,0,100,0,0,0,192,256,0,0,-256,0,0,100,0,0,624,192,256,0,
0,57,0,-256,0,0,100,0,192,624,192,256,0,52,-200,0,0,100,0,368,385,16,27,0,36,-174,0,0,100,0,192,448,48,48,0,26,-142,0,0,100,0,384,240,64,48,0,33,-157,0,0,100,0,240,384,64,64,0,26,-142,0,0,100,0,448,240,64,48,0,36,-151,0,0,100,0,192,384,48,64,0,26,-142,0,0,100,0,512,240,64,48,0,124,-208,0,0,100,0,368,385,16,30,0,124,-178,0,0,100,0,368,401,16,14,0,124,-164,0,0,100,0,368,401,16,13,0,124,-155,0,0,100,0,240,448,16,9,0,115,-155,0,0,100,0,304,448,32,64,0,114,-123,0,0,100,0,576,0,32,32,0,117,-115,0,0,100,0,144,368,32,16,0,115,-143,0,0,100,0,304,384,32,48,0,88,-201,0,0,100,0,288,128,48,48,0,83,-120,0,0,100,0,192,96,32,32,0,81,-139,0,0,100,0,624,112,48,48,0,95,-166,0,1,100,0,528,496,48,32,0,103,-166,0,0,100,0,256,224,32,32,0,103,-166,0,0,60,0,256,288,32,32,0,103,-166,0,0,30,0,256,320,32,32,0,103,-166,0,0,50,0,256,256,32,32,0,95,-166,0,0,100,0,432,496,48,32,0,103,-166,0,0,50,0,256,352,32,32,0,78,-204,0,0,60,0,336,160,48,32,0,78,-204,0,0,30,0,336,192,48,32,0,78,-204,0,0,50,0,336,128,48,32,0,68,-214,0,0,30,0,64,336,48,48,0,57,-224,0,0,100,0,192,128,96,96,0,24,-188,0,1,60,0,64,416,48,48,0,47,-206,0,0,100,0,368,385,16,26,0,31,-198,0,0,100,0,368,385,16,26,0,31,-182,0,0,100,0,192,64,32,32,0,130,-166,0,1,100,0,32,416,32,32,0,131,-166,0,0,100,0,224,32,32,32,0,81,-180,0,1,100,0,0,416,32,32,0,80,-180,0,0,100,0,288,32,32,32,0,69,-142,0,0,30,0,112,336,32,32,0,110,-148,0,0,20,0,48,336,16,16,0,100,-153,0,0,40,0,48,336,16,16,0,56,-167,0,0,50,0,0,336,48,48,0,81,-141,0,0,100,0,176,352,16,16,0,77,-139,0,0,100,0,176,352,16,16,0,73,-137,0,0,100,0,176,352,16,16,0,80,-135,0,0,100,0,176,368,16,16,0,52,-177,0,0,100,0,144,256,112,96,0,28,-121,0,0,100,0,48,384,64,32,0,90,-110,0,0,100,0,112,368,32,16,0,107,-120,0,0,100,0,112,384,48,32,0,96,-138,0,0,100,0,0,384,48,32,0,55,-130,0,0,100,0,160,400,32,16,0,80,-146,0,0,100,0,112,416,80,48,0,26,-152,0,0,50,0,0,256,144,80,0,0,-256,0,0,100,0,0,0,192,256,0,0,-256,0,0,100,0,0,624,192,256,0,
0,53,0,-256,0,0,100,0,192,624,192,256,0,52,-200,0,0,100,0,368,385,16,27,0,36,-174,0,0,100,0,192,448,48,48,0,26,-142,0,0,100,0,384,240,64,48,0,33,-157,0,0,100,0,240,384,64,64,0,26,-142,0,0,100,0,448,192,64,48,0,36,-151,0,0,100,0,192,384,48,64,0,26,-142,0,0,100,0,512,240,64,48,0,124,-208,0,0,100,0,368,385,16,30,0,124,-178,0,0,100,0,368,401,16,14,0,124,-164,0,0,100,0,368,401,16,13,0,124,-155,0,0,100,0,240,448,16,9,0,115,-155,0,0,100,0,304,448,32,64,0,114,-123,0,0,100,0,576,0,32,32,0,117,-115,0,0,100,0,144,368,32,16,0,115,-143,0,0,100,0,304,384,32,48,0,88,-201,0,0,100,0,288,128,48,48,0,83,-120,0,0,100,0,192,96,32,32,0,81,-139,0,0,100,0,624,112,48,48,0,95,-166,0,1,100,0,528,496,48,32,0,103,-166,0,0,100,0,256,224,32,32,0,103,-166,0,0,60,0,256,288,32,32,0,103,-166,0,0,30,0,256,320,32,32,0,103,-166,0,0,50,0,256,256,32,32,0,95,-166,0,0,100,0,384,496,48,32,0,103,-166,0,0,50,0,256,352,32,32,0,78,-204,0,0,60,0,336,160,48,32,0,78,-204,0,0,30,0,336,192,48,32,0,78,-204,0,0,50,0,336,128,48,32,0,68,-214,0,0,30,0,64,336,48,48,0,57,-224,0,0,100,0,192,128,96,96,0,24,-188,0,1,70,0,64,416,48,48,0,47,-206,0,0,100,0,368,385,16,26,0,31,-198,0,0,100,0,368,385,16,26,0,31,-182,0,0,100,0,224,64,32,32,0,130,-166,0,1,100,0,32,416,32,32,0,131,-166,0,0,100,0,224,32,32,32,0,81,-180,0,1,100,0,0,416,32,32,0,80,-180,0,0,100,0,288,32,32,32,0,69,-142,0,0,30,0,112,336,32,32,0,110,-148,0,0,20,0,48,336,16,16,0,100,-153,0,0,40,0,48,336,16,16,0,56,-167,0,0,50,0,0,336,48,48,0,52,-177,0,0,100,0,144,256,112,96,0,28,-121,0,0,100,0,48,384,64,32,0,90,-110,0,0,100,0,112,368,32,16,0,107,-120,0,0,100,0,112,384,48,32,0,96,-138,0,0,100,0,0,384,48,32,0,55,-130,0,0,100,0,160,400,32,16,0,80,-146,0,0,100,0,112,416,80,48,0,26,-152,0,0,50,0,0,256,144,80,0,0,-256,0,0,100,0,0,0,192,256,0,0,-256,0,0,100,0,0,624,192,256,0,
0,57,0,-256,0,0,100,0,192,624,192,256,0,52,-200,0,0,100,0,368,385,16,27,0,36,-174,0,0,100,0,192,448,48,48,0,26,-142,0,0,100,0,384,240,64,48,0,33,-157,0,0,100,0,240,384,64,64,0,26,-142,0,0,100,0,448,240,64,48,0,36,-151,0,0,100,0,192,384,48,64,0,26,-142,0,0,100,0,512,240,64,48,0,124,-208,0,0,100,0,368,385,16,30,0,124,-178,0,0,100,0,368,401,16,14,0,124,-164,0,0,100,0,368,401,16,13,0,124,-155,0,0,100,0,240,448,16,9,0,115,-155,0,0,100,0,304,448,32,64,0,114,-123,0,0,100,0,576,0,32,32,0,117,-115,0,0,100,0,144,368,32,16,0,115,-143,0,0,100,0,304,384,32,48,0,88,-201,0,0,100,0,288,128,48,48,0,83,-120,0,0,100,0,192,96,32,32,0,81,-139,0,0,100,0,624,112,48,48,0,95,-166,0,1,100,0,528,496,48,32,0,103,-166,0,0,100,0,256,224,32,32,0,103,-166,0,0,60,0,256,288,32,32,0,103,-166,0,0,30,0,256,320,32,32,0,103,-166,0,0,50,0,256,256,32,32,0,95,-166,0,0,100,0,432,496,48,32,0,103,-166,0,0,50,0,256,352,32,32,0,78,-204,0,0,60,0,336,160,48,32,0,78,-204,0,0,30,0,336,192,48,32,0,78,-204,0,0,50,0,336,128,48,32,0,68,-214,0,0,30,0,64,336,48,48,0,57,-224,0,0,100,0,192,128,96,96,0,24,-188,0,1,100,0,64,416,48,48,0,47,-206,0,0,100,0,368,385,16,26,0,31,-198,0,0,100,0,368,385,16,26,0,31,-182,0,0,100,0,256,64,32,32,0,130,-166,0,1,100,0,32,416,32,32,0,131,-166,0,0,100,0,224,32,32,32,0,81,-180,0,1,100,0,0,416,32,32,0,80,-180,0,0,100,0,288,32,32,32,0,69,-142,0,0,30,0,112,336,32,32,0,110,-148,0,0,20,0,48,336,16,16,0,100,-153,0,0,40,0,48,336,16,16,0,56,-167,0,0,50,0,0,336,48,48,0,81,-141,0,0,100,0,176,352,16,16,0,77,-139,0,0,100,0,176,352,16,16,0,73,-137,0,0,100,0,176,352,16,16,0,80,-135,0,0,100,0,176,368,16,16,0,52,-177,0,0,100,0,144,256,112,96,0,28,-121,0,0,100,0,48,384,64,32,0,90,-110,0,0,100,0,112,368,32,16,0,107,-120,0,0,100,0,112,384,48,32,0,96,-138,0,0,100,0,0,384,48,32,0,55,-130,0,0,100,0,160,400,32,16,0,80,-146,0,0,100,0,112,416,80,48,0,26,-152,0,0,50,0,0,256,144,80,0,0,-256,0,0,100,0,0,0,192,256,0,0,-256,0,0,100,0,0,624,192,256,0,
0,53,0,-256,0,0,100,0,192,624,192,256,0,52,-200,0,0,100,0,368,385,16,27,0,36,-174,0,0,100,0,192,448,48,48,0,26,-142,0,0,100,0,384,240,64,48,0,33,-157,0,0,100,0,240,384,64,64,0,26,-142,0,0,100,0,448,192,64,48,0,36,-151,0,0,100,0,192,384,48,64,0,26,-142,0,0,100,0,512,240,64,48,0,124,-208,0,0,100,0,368,385,16,30,0,124,-178,0,0,100,0,368,401,16,14,0,124,-164,0,0,100,0,368,401,16,13,0,124,-155,0,0,100,0,240,448,16,9,0,115,-155,0,0,100,0,304,448,32,64,0,114,-123,0,0,100,0,576,0,32,32,0,117,-115,0,0,100,0,144,368,32,16,0,115,-143,0,0,100,0,304,384,32,48,0,88,-201,0,0,100,0,288,128,48,48,0,83,-120,0,0,100,0,192,96,32,32,0,81,-139,0,0,100,0,624,112,48,48,0,95,-166,0,1,100,0,528,496,48,32,0,103,-166,0,0,100,0,256,224,32,32,0,103,-166,0,0,60,0,256,288,32,32,0,103,-166,0,0,30,0,256,320,32,32,0,103,-166,0,0,50,0,256,256,32,32,0,95,-166,0,0,100,0,384,496,48,32,0,103,-166,0,0,50,0,256,352,32,32,0,78,-204,0,0,60,0,336,160,48,32,0,78,-204,0,0,30,0,336,192,48,32,0,78,-204,0,0,50,0,336,128,48,32,0,68,-214,0,0,30,0,64,336,48,48,0,57,-224,0,0,100,0,192,128,96,96,0,24,-188,0,1,80,0,64,416,48,48,0,47,-206,0,0,100,0,368,385,16,26,0,31,-198,0,0,100,0,368,385,16,26,0,31,-182,0,0,100,0,288,64,32,32,0,130,-166,0,1,100,0,32,416,32,32,0,131,-166,0,0,100,0,224,32,32,32,0,81,-180,0,1,100,0,0,416,32,32,0,80,-180,0,0,100,0,288,32,32,32,0,69,-142,0,0,30,0,112,336,32,32,0,110,-148,0,0,20,0,48,336,16,16,0,100,-153,0,0,40,0,48,336,16,16,0,56,-167,0,0,50,0,0,336,48,48,0,52,-177,0,0,100,0,144,256,112,96,0,28,-121,0,0,100,0,48,384,64,32,0,90,-110,0,0,100,0,112,368,32,16,0,107,-120,0,0,100,0,112,384,48,32,0,96,-138,0,0,100,0,0,384,48,32,0,55,-130,0,0,100,0,160,400,32,16,0,80,-146,0,0,100,0,112,416,80,48,0,26,-152,0,0,50,0,0,256,144,80,0,0,-256,0,0,100,0,0,0,192,256,0,0,-256,0,0,100,0,0,624,192,256,0,
0,57,0,-256,0,0,100,0,192,624,192,256,0,52,-200,0,0,100,0,368,385,16,27,0,36,-174,0,0,100,0,192,448,48,48,0,26,-142,0,0,100,0,384,240,64,48,0,33,-157,0,0,100,0,240,384,64,64,0,26,-142,0,0,100,0,448,240,64,48,0,36,-151,0,0,100,0,192,384,48,64,0,26,-142,0,0,100,0,512,240,64,48,0,124,-208,0,0,100,0,368,385,16,30,0,124,-178,0,0,100,0,368,401,16,14,0,124,-164,0,0,100,0,368,401,16,13,0,124,-155,0,0,100,0,240,448,16,9,0,115,-155,0,0,100,0,304,448,32,64,0,114,-123,0,0,100,0,576,0,32,32,0,117,-115,0,0,100,0,144,368,32,16,0,115,-143,0,0,100,0,304,384,32,48,0,88,-201,0,0,100,0,288,128,48,48,0,83,-120,0,0,100,0,192,96,32,32,0,81,-139,0,0,100,0,720,112,48,48,0,95,-166,0,1,100,0,528,496,48,32,0,103,-166,0,0,100,0,288,224,32,32,0,103,-166,0,0,60,0,288,288,32,32,0,103,-166,0,0,30,0,288,320,32,32,0,103,-166,0,0,50,0,288,256,32,32,0,95,-166,0,0,80,0,432,496,48,32,0,103,-166,0,0,50,0,288,352,32,32,0,78,-204,0,0,60,0,336,160,48,32,0,78,-204,0,0,30,0,336,192,48,32,0,78,-204,0,0,50,0,336,128,48,32,0,68,-214,0,0,30,0,64,336,48,48,0,57,-224,0,0,100,0,192,128,96,96,0,24,-188,0,1,60,0,64,416,48,48,0,47,-206,0,0,100,0,368,385,16,26,0,31,-198,0,0,100,0,368,385,16,26,0,31,-182,0,0,100,0,192,64,32,32,0,130,-166,0,1,100,0,32,416,32,32,0,131,-166,0,0,100,0,224,32,32,32,0,81,-180,0,1,100,0,0,416,32,32,0,80,-180,0,0,100,0,288,32,32,32,0,69,-142,0,0,30,0,112,336,32,32,0,110,-148,0,0,20,0,48,336,16,16,0,100,-153,0,0,40,0,48,336,16,16,0,56,-167,0,0,50,0,0,336,48,48,0,81,-141,0,0,100,0,176,352,16,16,0,77,-139,0,0,100,0,176,352,16,16,0,73,-137,0,0,100,0,176,352,16,16,0,80,-135,0,0,100,0,176,368,16,16,0,52,-177,0,0,100,0,144,256,112,96,0,28,-121,0,0,100,0,48,384,64,32,0,90,-110,0,0,100,0,112,368,32,16,0,107,-120,0,0,100,0,112,384,48,32,0,96,-138,0,0,100,0,0,384,48,32,0,55,-130,0,0,100,0,160,400,32,16,0,80,-146,0,0,100,0,112,416,80,48,0,26,-152,0,0,50,0,0,256,144,80,0,0,-256,0,0,100,0,0,0,192,256,0,0,-256,0,0,100,0,0,624,192,256,0,
0,55,0,-256,0,0,100,0,192,624,192,256,0,92,-167,0,1,100,0,384,528,48,48,0,52,-200,0,0,100,0,368,385,16,27,0,36,-174,0,0,100,0,192,448,48,48,0,26,-142,0,0,100,0,384,240,64,48,0,33,-157,0,0,100,0,240,384,64,64,0,26,-142,0,0,100,0,448,192,64,48,0,36,-151,0,0,100,0,192,384,48,64,0,26,-142,0,0,100,0,512,240,64,48,0,124,-208,0,0,100,0,368,385,16,30,0,124,-178,0,0,100,0,368,401,16,14,0,124,-164,0,0,100,0,368,401,16,13,0,124,-155,0,0,100,0,240,448,16,9,0,115,-155,0,0,100,0,304,448,32,64,0,114,-123,0,0,100,0,576,0,32,32,0,117,-115,0,0,100,0,144,368,32,16,0,115,-143,0,0,100,0,304,384,32,48,0,88,-201,0,0,100,0,288,128,48,48,0,83,-120,0,0,100,0,192,96,32,32,0,81,-139,0,0,100,0,768,112,48,48,0,95,-166,0,1,80,0,528,496,48,32,0,103,-166,0,0,100,0,320,224,32,32,0,103,-166,0,0,60,0,320,288,32,32,0,103,-166,0,0,30,0,320,320,32,32,0,103,-166,0,0,50,0,320,256,32,32,0,95,-166,0,0,50,0,432,496,48,32,0,103,-166,0,0,50,0,320,352,32,32,0,78,-204,0,0,60,0,336,160,48,32,0,78,-204,0,0,30,0,336,192,48,32,0,78,-204,0,0,50,0,336,128,48,32,0,68,-214,0,0,30,0,64,336,48,48,0,57,-224,0,0,100,0,192,128,96,96,0,24,-188,0,1,70,0,64,416,48,48,0,47,-206,0,0,100,0,368,385,16,26,0,31,-198,0,0,100,0,368,385,16,26,0,31,-182,0,0,100,0,224,64,32,32,0,130,-166,0,1,100,0,32,416,32,32,0,131,-166,0,0,80,0,224,32,32,32,0,131,-166,0,0,100,0,256,32,32,32,0,81,-180,0,1,80,0,0,416,32,32,0,80,-180,0,0,100,0,320,32,32,32,0,69,-142,0,0,30,0,112,336,32,32,0,110,-148,0,0,20,0,48,336,16,16,0,100,-153,0,0,40,0,48,336,16,16,0,56,-167,0,0,50,0,0,336,48,48,0,52,-177,0,0,100,0,144,256,112,96,0,28,-121,0,0,100,0,48,384,64,32,0,90,-110,0,0,100,0,112,368,32,16,0,107,-120,0,0,100,0,112,384,48,32,0,96,-138,0,0,100,0,0,384,48,32,0,55,-130,0,0,100,0,160,400,32,16,0,80,-146,0,0,100,0,112,416,80,48,0,26,-152,0,0,50,0,0,256,144,80,0,0,-256,0,0,100,0,0,0,192,256,0,0,-256,0,0,100,0,0,624,192,256,0,
0,56,0,-256,0,0,100,0,192,624,192,256,0,90,-161,0,1,50,0,432,528,48,64,0,91,-163,0,1,100,0,384,528,48,48,0,52,-200,0,0,100,0,368,385,16,27,0,36,-174,0,0,100,0,192,448,48,48,0,26,-142,0,0,100,0,384,240,64,48,0,33,-157,0,0,100,0,240,384,64,64,0,26,-142,0,0,100,0,448,240,64,48,0,36,-151,0,0,100,0,192,384,48,64,0,26,-142,0,0,100,0,512,240,64,48,0,124,-208,0,0,100,0,368,385,16,30,0,124,-178,0,0,100,0,368,401,16,14,0,124,-164,0,0,100,0,368,401,16,13,0,124,-155,0,0,100,0,240,448,16,9,0,115,-155,0,0,100,0,304,448,32,64,0,114,-123,0,0,100,0,576,0,32,32,0,117,-115,0,0,100,0,144,368,32,16,0,115,-143,0,0,100,0,304,384,32,48,0,88,-201,0,0,100,0,288,128,48,48,0,83,-120,0,0,100,0,192,96,32,32,0,81,-139,0,0,100,0,576,256,48,48,0,95,-166,0,1,50,0,528,496,48,32,0,103,-166,0,0,100,0,320,224,32,32,0,103,-166,0,0,60,0,320,288,32,32,0,103,-166,0,0,30,0,320,320,32,32,0,103,-166,0,0,50,0,320,256,32,32,0,95,-166,0,0,30,0,432,496,48,32,0,103,-166,0,0,50,0,320,352,32,32,0,78,-204,0,0,60,0,336,160,48,32,0,78,-204,0,0,30,0,336,192,48,32,0,78,-204,0,0,50,0,336,128,48,32,0,68,-214,0,0,30,0,64,336,48,48,0,57,-224,0,0,100,0,192,128,96,96,0,24,-188,0,1,100,0,64,416,48,48,0,47,-206,0,0,100,0,368,385,16,26,0,31,-198,0,0,100,0,368,385,16,26,0,31,-182,0,0,100,0,256,64,32,32,0,130,-166,0,1,80,0,32,416,32,32,0,131,-166,0,0,60,0,224,32,32,32,0,131,-166,0,0,100,0,256,32,32,32,0,81,-180,0,1,80,0,0,416,32,32,0,80,-180,0,0,100,0,320,32,32,32,0,69,-142,0,0,30,0,112,336,32,32,0,110,-148,0,0,20,0,48,336,16,16,0,100,-153,0,0,40,0,48,336,16,16,0,56,-167,0,0,50,0,0,336,48,48,0,52,-177,0,0,100,0,144,256,112,96,0,28,-121,0,0,100,0,48,384,64,32,0,90,-110,0,0,100,0,112,368,32,16,0,107,-120,0,0,100,0,112,384,48,32,0,96,-138,0,0,100,0,0,384,48,32,0,55,-130,0,0,100,0,160,400,32,16,0,80,-146,0,0,100,0,112,416,80,48,0,26,-152,0,0,50,0,0,256,144,80,0,0,-256,0,0,100,0,0,0,192,256,0,0,-256,0,0,100,0,0,624,192,256,0,
0,55,0,-256,0,0,100,0,192,624,192,256,0,90,-154,0,1,100,0,432,528,48,64,0,52,-200,0,0,100,0,368,385,16,27,0,36,-174,0,0,100,0,192,448,48,48,0,26,-142,0,0,100,0,384,240,64,48,0,33,-157,0,0,100,0,240,384,64,64,0,26,-142,0,0,100,0,448,192,64,48,0,36,-151,0,0,100,0,192,384,48,64,0,26,-142,0,0,100,0,512,240,64,48,0,124,-208,0,0,100,0,368,385,16,30,0,124,-178,0,0,100,0,368,401,16,14,0,124,-164,0,0,100,0,368,401,16,13,0,124,-155,0,0,100,0,240,448,16,9,0,115,-155,0,0,100,0,304,448,32,64,0,114,-123,0,1,50,0,672,32,32,32,0,114,-123,0,0,100,0,576,0,32,32,0,117,-115,0,0,100,0,144,368,32,16,0,115,-143,0,0,100,0,304,384,32,48,0,88,-201,0,0,100,0,288,128,48,48,0,83,-120,0,0,100,0,192,96,32,32,0,81,-139,0,0,100,0,624,256,48,48,0,95,-166,0,1,30,0,528,496,48,32,0,103,-166,0,0,100,0,320,224,32,32,0,103,-166,0,0,60,0,320,288,32,32,0,103,-166,0,0,30,0,320,320,32,32,0,103,-166,0,0,50,0,320,256,32,32,0,103,-166,0,0,50,0,320,352,32,32,0,78,-204,0,0,60,0,336,160,48,32,0,78,-204,0,0,30,0,336,192,48,32,0,78,-204,0,0,50,0,336,128,48,32,0,68,-214,0,0,30,0,64,336,48,48,0,57,-224,0,0,100,0,192,128,96,96,0,24,-188,0,1,80,0,64,416,48,48,0,47,-206,0,0,100,0,368,385,16,26,0,31,-198,0,0,100,0,368,385,16,26,0,31,-182,0,0,100,0,288,64,32,32,0,130,-166,0,1,50,0,32,416,32,32,0,131,-166,0,0,30,0,224,32,32,32,0,131,-166,0,0,100,0,256,32,32,32,0,81,-180,0,1,70,0,0,416,32,32,0,80,-180,0,0,100,0,352,32,32,32,0,69,-142,0,0,30,0,112,336,32,32,0,110,-148,0,0,20,0,48,336,16,16,0,100,-153,0,0,40,0,48,336,16,16,0,56,-167,0,0,50,0,0,336,48,48,0,52,-177,0,0,100,0,144,256,112,96,0,28,-121,0,0,100,0,48,384,64,32,0,90,-110,0,0,100,0,112,368,32,16,0,107,-120,0,0,100,0,112,384,48,32,0,96,-138,0,0,100,0,0,384,48,32,0,55,-130,0,0,100,0,160,400,32,16,0,80,-146,0,0,100,0,112,416,80,48,0,26,-152,0,0,50,0,0,256,144,80,0,0,-256,0,0,100,0,0,0,192,256,0,0,-256,0,0,100,0,0,624,192,256,0,
0,55,0,-256,0,0,100,0,192,624,192,256,0,83,-158,0,1,50,0,480,528,80,80,0,92,-149,0,1,80,0,432,528,48,64,0,52,-200,0,0,100,0,368,385,16,27,0,36,-174,0,0,100,0,192,448,48,48,0,26,-142,0,0,100,0,384,240,64,48,0,33,-157,0,0,100,0,240,384,64,64,0,26,-142,0,0,100,0,448,240,64,48,0,36,-151,0,0,100,0,192,384,48,64,0,26,-142,0,0,100,0,512,240,64,48,0,124,-208,0,0,100,0,368,385,16,30,0,124,-178,0,0,100,0,368,401,16,14,0,124,-164,0,0,100,0,368,401,16,13,0,124,-155,0,0,100,0,240,448,16,9,0,115,-155,0,0,100,0,304,448,32,64,0,114,-123,0,1,60,0,672,32,32,32,0,114,-123,0,0,100,0,576,0,32,32,0,117,-115,0,0,100,0,144,368,32,16,0,115,-143,0,0,100,0,304,384,32,48,0,88,-201,0,0,100,0,288,128,48,48,0,83,-120,0,0,100,0,192,96,32,32,0,81,-139,0,0,100,0,768,112,48,48,0,103,-166,0,0,100,0,320,224,32,32,0,103,-166,0,0,60,0,320,288,32,32,0,103,-166,0,0,30,0,320,320,32,32,0,103,-166,0,0,50,0,320,256,32,32,0,103,-166,0,0,50,0,320,352,32,32,0,78,-204,0,0,60,0,336,160,48,32,0,78,-204,0,0,30,0,336,192,48,32,0,78,-204,0,0,50,0,336,128,48,32,0,68,-214,0,0,30,0,64,336,48,48,0,57,-224,0,0,100,0,192,128,96,96,0,24,-188,0,1,60,0,64,416,48,48,0,47,-206,0,0,100,0,368,385,16,26,0,31,-198,0,0,100,0,368,385,16,26,0,31,-182,0,0,100,0,192,64,32,32,0,130,-166,0,1,30,0,32,416,32,32,0,131,-166,0,0,10,0,224,32,32,32,0,131,-166,0,0,100,0,256,32,32,32,0,81,-180,0,1,70,0,0,416,32,32,0,80,-180,0,0,100,0,352,32,32,32,0,69,-142,0,0,30,0,112,336,32,32,0,110,-148,0,0,20,0,48,336,16,16,0,100,-153,0,0,40,0,48,336,16,16,0,56,-167,0,0,50,0,0,336,48,48,0,52,-177,0,0,100,0,144,256,112,96,0,28,-121,0,0,100,0,48,384,64,32,0,90,-110,0,0,100,0,112,368,32,16,0,107,-120,0,0,100,0,112,384,48,32,0,96,-138,0,0,100,0,0,384,48,32,0,55,-130,0,0,100,0,160,400,32,16,0,80,-146,0,0,100,0,112,416,80,48,0,26,-152,0,0,50,0,0,256,144,80,0,0,-256,0,0,100,0,0,0,192,256,0,0,-256,0,0,100,0,0,624,192,256,0,
0,54,0,-256,0,0,100,0,192,624,192,256,0,92,-149,0,1,50,0,432,528,48,64,0,87,-155,0,1,100,0,480,528,80,80,0,52,-200,0,0,100,0,368,385,16,27,0,36,-174,0,0,100,0,192,448,48,48,0,26,-142,0,0,100,0,384,240,64,48,0,33,-157,0,0,100,0,240,384,64,64,0,26,-142,0,0,100,0,448,192,64,48,0,36,-151,0,0,100,0,192,384,48,64,0,26,-142,0,0,100,0,512,240,64,48,0,124,-208,0,0,100,0,368,385,16,30,0,124,-178,0,0,100,0,368,401,16,14,0,124,-164,0,0,100,0,368,401,16,13,0,124,-155,0,0,100,0,240,448,16,9,0,115,-155,0,0,100,0,304,448,32,64,0,114,-123,0,1,60,0,672,32,32,32,0,114,-123,0,0,100,0,576,0,32,32,0,117,-115,0,0,100,0,144,368,32,16,0,115,-143,0,0,100,0,304,384,32,48,0,88,-201,0,0,100,0,288,128,48,48,0,83,-120,0,0,100,0,192,96,32,32,0,81,-139,0,0,100,0,576,256,48,48,0,103,-166,0,0,100,0,320,224,32,32,0,103,-166,0,0,60,0,320,288,32,32,0,103,-166,0,0,30,0,320,320,32,32,0,103,-166,0,0,50,0,320,256,32,32,0,103,-166,0,0,50,0,320,352,32,32,0,78,-204,0,0,60,0,336,160,48,32,0,78,-204,0,0,30,0,336,192,48,32,0,78,-204,0,0,50,0,336,128,48,32,0,68,-214,0,0,30,0,64,336,48,48,0,57,-224,0,0,100,0,192,128,96,96,0,24,-188,0,1,70,0,64,416,48,48,0,47,-206,0,0,100,0,368,385,16,26,0,31,-198,0,0,100,0,368,385,16,26,0,31,-182,0,0,100,0,224,64,32,32,0,130,-166,0,1,20,0,32,416,32,32,0,131,-166,0,0,100,0,256,32,32,32,0,81,-180,0,1,50,0,0,416,32,32,0,80,-180,0,0,100,0,192,0,32,32,0,69,-142,0,0,30,0,112,336,32,32,0,110,-148,0,0,20,0,48,336,16,16,0,100,-153,0,0,40,0,48,336,16,16,0,56,-167,0,0,50,0,0,336,48,48,0,52,-177,0,0,100,0,144,256,112,96,0,28,-121,0,0,100,0,48,384,64,32,0,90,-110,0,0,100,0,112,368,32,16,0,107,-120,0,0,100,0,112,384,48,32,0,96,-138,0,0,100,0,0,384,48,32,0,55,-130,0,0,100,0,160,400,32,16,0,80,-146,0,0,100,0,112,416,80,48,0,26,-152,0,0,50,0,0,256,144,80,0,0,-256,0,0,100,0,0,0,192,256,0,0,-256,0,0,100,0,0,624,192,256,0,
0,54,0,-256,0,0,100,0,192,624,192,256,0,99,-164,0,1,50,0,560,528,64,80,0,90,-153,0,1,100,0,480,528,80,80,0,52,-200,0,0,100,0,368,385,16,27,0,36,-174,0,0,100,0,192,448,48,48,0,26,-142,0,0,100,0,384,240,64,48,0,33,-157,0,0,100,0,240,384,64,64,0,26,-142,0,0,100,0,448,240,64,48,0,36,-151,0,0,100,0,192,384,48,64,0,26,-142,0,0,100,0,512,240,64,48,0,124,-208,0,0,100,0,368,385,16,30,0,124,-178,0,0,100,0,368,401,16,14,0,124,-164,0,0,100,0,368,401,16,13,0,124,-155,0,0,100,0,240,448,16,9,0,115,-155,0,0,100,0,304,448,32,64,0,114,-123,0,1,60,0,672,32,32,32,0,114,-123,0,0,100,0,576,0,32,32,0,117,-115,0,0,100,0,144,368,32,16,0,115,-143,0,0,100,0,304,384,32,48,0,88,-201,0,0,100,0,288,128,48,48,0,83,-120,0,0,100,0,192,96,32,32,0,81,-139,0,0,100,0,624,256,48,48,0,103,-166,0,0,100,0,320,224,32,32,0,103,-166,0,0,60,0,320,288,32,32,0,103,-166,0,0,30,0,320,320,32,32,0,103,-166,0,0,50,0,320,256,32,32,0,103,-166,0,0,50,0,320,352,32,32,0,78,-204,0,0,60,0,336,160,48,32,0,78,-204,0,0,30,0,336,192,48,32,0,78,-204,0,0,50,0,336,128,48,32,0,68,-214,0,0,30,0,64,336,48,48,0,57,-224,0,0,100,0,192,128,96,96,0,24,-188,0,1,100,0,64,416,48,48,0,47,-206,0,0,100,0,368,385,16,26,0,31,-198,0,0,100,0,368,385,16,26,0,31,-182,0,0,100,0,256,64,32,32,0,131,-166,0,0,100,0,256,32,32,32,0,81,-180,0,1,50,0,0,416,32,32,0,80,-180,0,0,100,0,192,0,32,32,0,69,-142,0,0,30,0,112,336,32,32,0,110,-148,0,0,20,0,48,336,16,16,0,100,-153,0,0,40,0,48,336,16,16,0,56,-167,0,0,50,0,0,336,48,48,0,81,-141,0,0,30,0,176,352,16,16,0,52,-177,0,0,100,0,144,256,112,96,0,28,-121,0,0,100,0,48,384,64,32,0,90,-110,0,0,100,0,112,368,32,16,0,107,-120,0,0,100,0,112,384,48,32,0,96,-138,0,0,100,0,0,384,48,32,0,55,-130,0,0,100,0,160,400,32,16,0,80,-146,0,0,100,0,112,416,80,48,0,26,-152,0,0,50,0,0,256,144,80,0,0,-256,0,0,100,0,0,0,192,256,0,0,-256,0,0,100,0,0,624,192,256,0,
0,56,0,-256,0,0,100,0,192,624,192,256,0,91,-156,0,1,100,0,480,528,80,80,0,99,-164,0,1,80,0,560,528,64,80,0,52,-200,0,0,100,0,368,385,16,27,0,36,-174,0,0,100,0,192,448,48,48,0,26,-142,0,0,100,0,384,240,64,48,0,33,-157,0,0,100,0,240,384,64,64,0,26,-142,0,0,100,0,448,192,64,48,0,36,-151,0,0,100,0,192,384,48,64,0,26,-142,0,0,100,0,512,240,64,48,0,124,-208,0,0,100,0,368,385,16,30,0,124,-178,0,0,100,0,368,401,16,14,0,124,-164,0,0,100,0,368,401,16,13,0,124,-155,0,0,100,0,240,448,16,9,0,115,-155,0,0,100,0,304,448,32,64,0,114,-123,0,1,40,0,672,32,32,32,0,114,-123,0,0,100,0,576,0,32,32,0,117,-115,0,0,100,0,144,368,32,16,0,115,-143,0,0,100,0,304,384,32,48,0,88,-201,0,0,100,0,288,128,48,48,0,83,-120,0,0,100,0,192,96,32,32,0,81,-139,0,0,100,0,768,112,48,48,0,103,-166,0,0,100,0,320,224,32,32,0,103,-166,0,0,60,0,320,288,32,32,0,103,-166,0,0,30,0,320,320,32,32,0,103,-166,0,0,50,0,320,256,32,32,0,103,-166,0,0,50,0,320,352,32,32,0,78,-204,0,0,60,0,336,160,48,32,0,78,-204,0,0,30,0,336,192,48,32,0,78,-204,0,0,50,0,336,128,48,32,0,68,-214,0,0,30,0,64,336,48,48,0,57,-224,0,0,100,0,192,128,96,96,0,24,-188,0,1,80,0,64,416,48,48,0,47,-206,0,0,100,0,368,385,16,26,0,31,-198,0,0,100,0,368,385,16,26,0,31,-182,0,0,100,0,288,64,32,32,0,131,-166,0,0,100,0,256,32,32,32,0,81,-180,0,1,50,0,0,416,32,32,0,80,-180,0,0,100,0,192,0,32,32,0,69,-142,0,0,30,0,112,336,32,32,0,110,-148,0,0,20,0,48,336,16,16,0,100,-153,0,0,40,0,48,336,16,16,0,56,-167,0,0,50,0,0,336,48,48,0,81,-141,0,0,50,0,176,352,16,16,0,77,-139,0,0,30,0,176,352,16,16,0,80,-135,0,0,10,0,176,368,16,16,0,52,-177,0,0,100,0,144,256,112,96,0,28,-121,0,0,100,0,48,384,64,32,0,90,-110,0,0,100,0,112,368,32,16,0,107,-120,0,0,100,0,112,384,48,32,0,96,-138,0,0,100,0,0,384,48,32,0,55,-130,0,0,100,0,160,400,32,16,0,80,-146,0,0,100,0,112,416,80,48,0,26,-152,0,0,50,0,0,256,144,80,0,0,-256,0,0,100,0,0,0,192,256,0,0,-256,0,0,100,0,0,624,192,256,0,
0,57,0,-256,0,0,100,0,192,624,192,256,0,93,-165,0,1,50,0,624,528,80,80,0,99,-166,0,1,100,0,560,528,64,80,0,52,-200,0,0,100,0,368,385,16,27,0,36,-174,0,0,100,0,192,448,48,48,0,26,-142,0,0,100,0,384,240,64,48,0,33,-157,0,0,100,0,240,384,64,64,0,26,-142,0,0,100,0,448,240,64,48,0,36,-151,0,0,100,0,192,384,48,64,0,26,-142,0,0,100,0,512,240,64,48,0,124,-208,0,0,100,0,368,385,16,30,0,124,-178,0,0,100,0,368,401,16,14,0,124,-164,0,0,100,0,368,401,16,13,0,124,-155,0,0,100,0,240,448,16,9,0,115,-155,0,0,100,0,304,448,32,64,0,114,-123,0,1,30,0,672,32,32,32,0,114,-123,0,0,100,0,576,0,32,32,0,117,-115,0,0,100,0,144,368,32,16,0,115,-143,0,0,100,0,304,384,32,48,0,88,-201,0,0,100,0,288,128,48,48,0,83,-120,0,0,100,0,192,96,32,32,0,81,-139,0,0,100,0,576,256,48,48,0,103,-166,0,0,100,0,320,224,32,32,0,103,-166,0,0,60,0,320,288,32,32,0,103,-166,0,0,30,0,320,320,32,32,0,103,-166,0,0,50,0,320,256,32,32,0,103,-166,0,0,50,0,320,352,32,32,0,78,-204,0,0,60,0,336,160,48,32,0,78,-204,0,0,30,0,336,192,48,32,0,78,-204,0,0,50,0,336,128,48,32,0,68,-214,0,0,30,0,64,336,48,48,0,57,-224,0,0,100,0,192,128,96,96,0,24,-188,0,1,60,0,64,416,48,48,0,47,-206,0,0,100,0,368,385,16,26,0,31,-198,0,0,100,0,368,385,16,26,0,31,-182,0,0,100,0,192,64,32,32,0,131,-166,0,0,100,0,256,32,32,32,0,81,-180,0,1,50,0,0,416,32,32,0,80,-180,0,0,100,0,192,0,32,32,0,69,-142,0,0,30,0,112,336,32,32,0,110,-148,0,0,20,0,48,336,16,16,0,100,-153,0,0,40,0,48,336,16,16,0,56,-167,0,0,50,0,0,336,48,48,0,81,-141,0,0,100,0,176,352,16,16,0,77,-139,0,0,70,0,176,352,16,16,0,73,-137,0,0,30,0,176,352,16,16,0,80,-135,0,0,30,0,176,368,16,16,0,52,-177,0,0,100,0,144,256,112,96,0,28,-121,0,0,100,0,48,384,64,32,0,90,-110,0,0,100,0,112,368,32,16,0,107,-120,0,0,100,0,112,384,48,32,0,96,-138,0,0,100,0,0,384,48,32,0,55,-130,0,0,100,0,160,400,32,16,0,80,-146,0,0,100,0,112,416,80,48,0,26,-152,0,0,50,0,0,256,144,80,0,0,-256,0,0,100,0,0,0,192,256,0,0,-256,0,0,100,0,0,624,192,256,0,
0,56,0,-256,0,0,100,0,192,624,192,256,0,93,-165,0,1,100,0,624,528,80,80,0,52,-200,0,0,100,0,368,385,16,27,0,36,-174,0,0,100,0,192,448,48,48,0,26,-142,0,0,100,0,384,240,64,48,0,33,-157,0,0,100,0,240,384,64,64,0,26,-142,0,0,100,0,448,192,64,48,0,36,-151,0,0,100,0,192,384,48,64,0,26,-142,0,0,100,0,512,240,64,48,0,124,-208,0,0,100,0,368,385,16,30,0,124,-178,0,0,100,0,368,401,16,14,0,124,-164,0,0,100,0,368,401,16,13,0,124,-155,0,0,100,0,240,448,16,9,0,115,-155,0,0,100,0,304,448,32,64,0,114,-123,0,1,30,0,672,32,32,32,0,114,-123,0,0,100,0,576,0,32,32,0,117,-115,0,0,100,0,144,368,32,16,0,115,-143,0,0,100,0,304,384,32,48,0,88,-201,0,0,100,0,288,128,48,48,0,83,-120,0,0,100,0,192,96,32,32,0,81,-139,0,0,100,0,624,256,48,48,0,103,-166,0,0,100,0,320,224,32,32,0,103,-166,0,0,60,0,320,288,32,32,0,103,-166,0,0,30,0,320,320,32,32,0,103,-166,0,0,50,0,320,256,32,32,0,103,-166,0,0,50,0,320,352,32,32,0,78,-204,0,0,60,0,336,160,48,32,0,78,-204,0,0,30,0,336,192,48,32,0,78,-204,0,0,50,0,336,128,48,32,0,68,-214,0,0,30,0,64,336,48,48,0,57,-224,0,0,100,0,192,128,96,96,0,24,-188,0,1,70,0,64,416,48,48,0,47,-206,0,0,100,0,368,385,16,26,0,31,-198,0,0,100,0,368,385,16,26,0,31,-182,0,0,100,0,224,64,32,32,0,131,-166,0,0,100,0,256,32,32,32,0,81,-180,0,1,50,0,0,416,32,32,0,80,-180,0,0,100,0,192,0,32,32,0,69,-142,0,0,30,0,112,336,32,32,0,110,-148,0,0,20,0,48,336,16,16,0,100,-153,0,0,40,0,48,336,16,16,0,56,-167,0,0,50,0,0,336,48,48,0,81,-141,0,0,100,0,176,352,16,16,0,77,-139,0,0,100,0,176,352,16,16,0,73,-137,0,0,50,0,176,352,16,16,0,80,-135,0,0,50,0,176,368,16,16,0,52,-177,0,0,100,0,144,256,112,96,0,28,-121,0,0,100,0,48,384,64,32,0,90,-110,0,0,100,0,112,368,32,16,0,107,-120,0,0,100,0,112,384,48,32,0,96,-138,0,0,100,0,0,384,48,32,0,55,-130,0,0,100,0,160,400,32,16,0,80,-146,0,0,100,0,112,416,80,48,0,26,-152,0,0,50,0,0,256,144,80,0,0,-256,0,0,100,0,0,0,192,256,0,0,-256,0,0,100,0,0,624,192,256,0,
0,56,0,-256,0,0,100,0,192,624,192,256,0,85,-172,0,1,50,0,704,528,96,96,0,52,-200,0,0,100,0,368,385,16,27,0,36,-174,0,0,100,0,192,448,48,48,0,26,-142,0,0,100,0,384,240,64,48,0,33,-157,0,0,100,0,240,384,64,64,0,26,-142,0,0,100,0,448,240,64,48,0,36,-151,0,0,100,0,192,384,48,64,0,26,-142,0,0,100,0,512,240,64,48,0,124,-208,0,0,100,0,368,385,16,30,0,124,-178,0,0,100,0,368,401,16,14,0,124,-164,0,0,100,0,368,401,16,13,0,124,-155,0,0,100,0,240,448,16,9,0,115,-155,0,0,100,0,304,448,32,64,0,114,-123,0,1,30,0,672,32,32,32,0,114,-123,0,0,100,0,576,0,32,32,0,117,-115,0,0,100,0,144,368,32,16,0,115,-143,0,0,100,0,304,384,32,48,0,88,-201,0,0,100,0,288,128,48,48,0,83,-120,0,0,100,0,192,96,32,32,0,81,-139,0,0,100,0,768,112,48,48,0,103,-166,0,0,100,0,320,224,32,32,0,103,-166,0,0,60,0,320,288,32,32,0,103,-166,0,0,30,0,320,320,32,32,0,103,-166,0,0,50,0,320,256,32,32,0,103,-166,0,0,50,0,320,352,32,32,0,78,-204,0,0,60,0,336,160,48,32,0,78,-204,0,0,30,0,336,192,48,32,0,78,-204,0,0,50,0,336,128,48,32,0,68,-214,0,0,30,0,64,336,48,48,0,57,-224,0,0,100,0,192,128,96,96,0,24,-188,0,1,100,0,64,416,48,48,0,47,-206,0,0,100,0,368,385,16,26,0,31,-198,0,0,100,0,368,385,16,26,0,31,-182,0,0,100,0,256,64,32,32,0,131,-166,0,0,100,0,256,32,32,32,0,81,-180,0,1,50,0,0,416,32,32,0,80,-180,0,0,100,0,192,0,32,32,0,69,-142,0,0,30,0,112,336,32,32,0,110,-148,0,0,20,0,48,336,16,16,0,100,-153,0,0,40,0,48,336,16,16,0,56,-167,0,0,50,0,0,336,48,48,0,81,-141,0,0,100,0,176,352,16,16,0,77,-139,0,0,100,0,176,352,16,16,0,73,-137,0,0,100,0,176,352,16,16,0,80,-135,0,0,70,0,176,368,16,16,0,52,-177,0,0,100,0,144,256,112,96,0,28,-121,0,0,100,0,48,384,64,32,0,90,-110,0,0,100,0,112,368,32,16,0,107,-120,0,0,100,0,112,384,48,32,0,96,-138,0,0,100,0,0,384,48,32,0,55,-130,0,0,100,0,160,400,32,16,0,80,-146,0,0,100,0,112,416,80,48,0,26,-152,0,0,50,0,0,256,144,80,0,0,-256,0,0,100,0,0,0,192,256,0,0,-256,0,0,100,0,0,624,192,256,0,
0,56,0,-256,0,0,100,0,192,624,192,256,0,85,-172,0,1,20,0,704,528,96,96,0,52,-200,0,0,100,0,368,385,16,27,0,36,-174,0,0,100,0,192,448,48,48,0,26,-142,0,0,100,0,384,240,64,48,0,33,-157,0,0,100,0,240,384,64,64,0,26,-142,0,0,100,0,448,192,64,48,0,36,-151,0,0,100,0,192,384,48,64,0,26,-142,0,0,100,0,512,240,64,48,0,124,-208,0,0,100,0,368,385,16,30,0,124,-178,0,0,100,0,368,401,16,14,0,124,-164,0,0,100,0,368,401,16,13,0,124,-155,0,0,100,0,240,448,16,9,0,115,-155,0,0,100,0,304,448,32,64,0,114,-123,0,1,20,0,672,32,32,32,0,114,-123,0,0,100,0,576,0,32,32,0,117,-115,0,0,100,0,144,368,32,16,0,115,-143,0,0,100,0,304,384,32,48,0,88,-201,0,0,100,0,288,128,48,48,0,83,-120,0,0,100,0,192,96,32,32,0,81,-139,0,0,100,0,720,112,48,48,0,103,-166,0,0,100,0,320,224,32,32,0,103,-166,0,0,60,0,320,288,32,32,0,103,-166,0,0,30,0,320,320,32,32,0,103,-166,0,0,50,0,320,256,32,32,0,103,-166,0,0,50,0,320,352,32,32,0,78,-204,0,0,60,0,336,160,48,32,0,78,-204,0,0,30,0,336,192,48,32,0,78,-204,0,0,50,0,336,128,48,32,0,68,-214,0,0,30,0,64,336,48,48,0,57,-224,0,0,100,0,192,128,96,96,0,24,-188,0,1,80,0,64,416,48,48,0,47,-206,0,0,100,0,368,385,16,26,0,31,-198,0,0,100,0,368,385,16,26,0,31,-182,0,0,100,0,288,64,32,32,0,131,-166,0,0,100,0,256,32,32,32,0,81,-180,0,1,50,0,0,416,32,32,0,80,-180,0,0,100,0,192,0,32,32,0,69,-142,0,0,30,0,112,336,32,32,0,110,-148,0,0,20,0,48,336,16,16,0,100,-153,0,0,40,0,48,336,16,16,0,56,-167,0,0,50,0,0,336,48,48,0,81,-141,0,0,100,0,176,352,16,16,0,77,-139,0,0,100,0,176,352,16,16,0,73,-137,0,0,100,0,176,352,16,16,0,80,-135,0,0,80,0,176,368,16,16,0,52,-177,0,0,100,0,144,256,112,96,0,28,-121,0,0,100,0,48,384,64,32,0,90,-110,0,0,100,0,112,368,32,16,0,107,-120,0,0,100,0,112,384,48,32,0,96,-138,0,0,100,0,0,384,48,32,0,55,-130,0,0,100,0,160,400,32,16,0,80,-146,0,0,100,0,112,416,80,48,0,26,-152,0,0,50,0,0,256,144,80,0,0,-256,0,0,100,0,0,0,192,256,0,0,-256,0,0,100,0,0,624,192,256,0,
0,54,0,-256,0,0,100,0,192,624,192,256,0,52,-200,0,0,100,0,368,385,16,27,0,36,-174,0,0,100,0,192,448,48,48,0,26,-142,0,0,100,0,384,240,64,48,0,33,-157,0,0,100,0,240,384,64,64,0,26,-142,0,0,100,0,448,240,64,48,0,36,-151,0,0,100,0,192,384,48,64,0,26,-142,0,0,100,0,512,240,64,48,0,124,-208,0,0,100,0,368,385,16,30,0,124,-178,0,0,100,0,368,401,16,14,0,124,-164,0,0,100,0,368,401,16,13,0,124,-155,0,0,100,0,240,448,16,9,0,115,-155,0,0,100,0,304,448,32,64,0,114,-123,0,0,100,0,576,0,32,32,0,117,-115,0,0,100,0,144,368,32,16,0,115,-143,0,0,100,0,304,384,32,48,0,88,-201,0,0,100,0,288,128,48,48,0,83,-120,0,0,100,0,192,96,32,32,0,81,-139,0,0,100,0,624,112,48,48,0,103,-166,0,0,100,0,320,224,32,32,0,103,-166,0,0,60,0,320,288,32,32,0,103,-166,0,0,30,0,320,320,32,32,0,103,-166,0,0,50,0,320,256,32,32,0,103,-166,0,0,50,0,320,352,32,32,0,78,-204,0,0,60,0,336,160,48,32,0,78,-204,0,0,30,0,336,192,48,32,0,78,-204,0,0,50,0,336,128,48,32,0,68,-214,0,0,30,0,64,336,48,48,0,57,-224,0,0,100,0,192,128,96,96,0,24,-188,0,1,60,0,64,416,48,48,0,47,-206,0,0,100,0,368,385,16,26,0,31,-198,0,0,100,0,368,385,16,26,0,31,-182,0,0,100,0,192,64,32,32,0,131,-166,0,0,100,0,256,32,32,32,0,81,-180,0,1,50,0,0,416,32,32,0,80,-180,0,0,100,0,192,0,32,32,0,69,-142,0,0,30,0,112,336,32,32,0,110,-148,0,0,20,0,48,336,16,16,0,100,-153,0,0,40,0,48,336,16,16,0,56,-167,0,0,50,0,0,336,48,48,0,81,-141,0,0,100,0,176,352,16,16,0,77,-139,0,0,100,0,176,352,16,16,0,73,-137,0,0,100,0,176,352,16,16,0,80,-135,0,0,100,0,176,368,16,16,0,52,-177,0,0,100,0,144,256,112,96,0,28,-121,0,0,100,0,48,384,64,32,0,90,-110,0,0,100,0,112,368,32,16,0,107,-120,0,0,100,0,112,384,48,32,0,96,-138,0,0,100,0,0,384,48,32,0,55,-130,0,0,100,0,160,400,32,16,0,80,-146,0,0,100,0,112,416,80,48,0,26,-152,0,0,50,0,0,256,144,80,0,0,-256,0,0,100,0,0,0,192,256,0,0,-256,0,0,100,0,0,624,192,256,0,
0,54,0,-256,0,0,100,0,192,624,192,256,0,52,-200,0,0,100,0,368,385,16,27,0,36,-174,0,0,100,0,192,448,48,48,0,26,-142,0,0,100,0,384,240,64,48,0,33,-157,0,0,100,0,240,384,64,64,0,26,-142,0,0,100,0,448,192,64,48,0,36,-151,0,0,100,0,192,384,48,64,0,26,-142,0,0,100,0,512,240,64,48,0,124,-208,0,0,100,0,368,385,16,30,0,124,-178,0,0,100,0,368,401,16,14,0,124,-164,0,0,100,0,368,401,16,13,0,124,-155,0,0,100,0,240,448,16,9,0,115,-155,0,0,100,0,304,448,32,64,0,114,-123,0,0,100,0,576,0,32,32,0,117,-115,0,0,100,0,144,368,32,16,0,115,-143,0,0,100,0,304,384,32,48,0,88,-201,0,0,100,0,288,128,48,48,0,83,-120,0,0,100,0,192,96,32,32,0,81,-139,0,0,100,0,672,256,48,48,0,103,-166,0,0,100,0,320,224,32,32,0,103,-166,0,0,60,0,320,288,32,32,0,103,-166,0,0,30,0,320,320,32,32,0,103,-166,0,0,50,0,320,256,32,32,0,103,-166,0,0,50,0,320,352,32,32,0,78,-204,0,0,60,0,336,160,48,32,0,78,-204,0,0,30,0,336,192,48,32,0,78,-204,0,0,50,0,336,128,48,32,0,68,-214,0,0,30,0,64,336,48,48,0,57,-224,0,0,100,0,192,128,96,96,0,24,-188,0,1,70,0,64,416,48,48,0,47,-206,0,0,100,0,368,385,16,26,0,31,-198,0,0,100,0,368,385,16,26,0,31,-182,0,0,100,0,224,64,32,32,0,131,-166,0,0,100,0,256,32,32,32,0,81,-180,0,1,50,0,0,416,32,32,0,80,-180,0,0,100,0,192,0,32,32,0,69,-142,0,0,30,0,112,336,32,32,0,110,-148,0,0,20,0,48,336,16,16,0,100,-153,0,0,40,0,48,336,16,16,0,56,-167,0,0,50,0,0,336,48,48,0,81,-141,0,0,100,0,176,352,16,16,0,77,-139,0,0,100,0,176,352,16,16,0,73,-137,0,0,100,0,176,352,16,16,0,80,-135,0,0,100,0,176,368,16,16,0,52,-177,0,0,100,0,144,256,112,96,0,28,-121,0,0,100,0,48,384,64,32,0,90,-110,0,0,100,0,112,368,32,16,0,107,-120,0,0,100,0,112,384,48,32,0,96,-138,0,0,100,0,0,384,48,32,0,55,-130,0,0,100,0,160,400,32,16,0,80,-146,0,0,100,0,112,416,80,48,0,26,-152,0,0,50,0,0,256,144,80,0,0,-256,0,0,100,0,0,0,192,256,0,0,-256,0,0,100,0,0,624,192,256,0,
0,54,0,-256,0,0,100,0,192,624,192,256,0,52,-200,0,0,100,0,368,385,16,27,0,36,-174,0,0,100,0,192,448,48,48,0,26,-142,0,0,100,0,384,240,64,48,0,33,-157,0,0,100,0,240,384,64,64,0,26,-142,0,0,100,0,448,240,64,48,0,36,-151,0,0,100,0,192,384,48,64,0,26,-142,0,0,100,0,512,240,64,48,0,124,-208,0,0,100,0,368,385,16,30,0,124,-178,0,0,100,0,368,401,16,14,0,124,-164,0,0,100,0,368,401,16,13,0,124,-155,0,0,100,0,240,448,16,9,0,115,-155,0,0,100,0,304,448,32,64,0,114,-123,0,0,100,0,608,0,32,32,0,117,-115,0,0,100,0,144,368,32,16,0,115,-143,0,0,100,0,304,384,32,48,0,88,-201,0,0,100,0,288,128,48,48,0,83,-120,0,0,100,0,192,96,32,32,0,81,-139,0,0,100,0,672,256,48,48,0,103,-166,0,0,100,0,320,224,32,32,0,103,-166,0,0,60,0,320,288,32,32,0,103,-166,0,0,30,0,320,320,32,32,0,103,-166,0,0,50,0,320,256,32,32,0,103,-166,0,0,50,0,320,352,32,32,0,78,-204,0,0,60,0,336,160,48,32,0,78,-204,0,0,30,0,336,192,48,32,0,78,-204,0,0,50,0,336,128,48,32,0,68,-214,0,0,30,0,64,336,48,48,0,57,-224,0,0,100,0,192,128,96,96,0,24,-188,0,1,100,0,64,416,48,48,0,47,-206,0,0,100,0,368,385,16,26,0,31,-198,0,0,100,0,368,385,16,26,0,31,-182,0,0,100,0,256,64,32,32,0,131,-166,0,0,100,0,256,32,32,32,0,81,-180,0,1,50,0,0,416,32,32,0,80,-180,0,0,100,0,192,0,32,32,0,69,-142,0,0,30,0,112,336,32,32,0,110,-148,0,0,20,0,48,336,16,16,0,100,-153,0,0,40,0,48,336,16,16,0,56,-167,0,0,50,0,0,336,48,48,0,81,-141,0,0,100,0,176,352,16,16,0,77,-139,0,0,100,0,176,352,16,16,0,73,-137,0,0,100,0,176,352,16,16,0,80,-135,0,0,100,0,176,368,16,16,0,52,-177,0,0,100,0,144,256,112,96,0,28,-121,0,0,100,0,48,384,64,32,0,90,-110,0,0,100,0,112,368,32,16,0,107,-120,0,0,100,0,112,384,48,32,0,96,-138,0,0,100,0,0,384,48,32,0,55,-130,0,0,100,0,160,400,32,16,0,80,-146,0,0,100,0,112,416,80,48,0,26,-152,0,0,50,0,0,256,144,80,0,0,-256,0,0,100,0,0,0,192,256,0,0,-256,0,0,100,0,0,624,192,256,0,
0,54,0,-256,0,0,100,0,192,624,192,256,0,52,-200,0,0,100,0,368,385,16,27,0,36,-174,0,0,100,0,192,448,48,48,0,26,-142,0,0,100,0,384,240,64,48,0,33,-157,0,0,100,0,240,384,64,64,0,26,-142,0,0,100,0,448,192,64,48,0,36,-151,0,0,100,0,192,384,48,64,0,26,-142,0,0,100,0,512,240,64,48,0,124,-208,0,0,100,0,368,385,16,30,0,124,-178,0,0,100,0,368,401,16,14,0,124,-164,0,0,100,0,368,401,16,13,0,124,-155,0,0,100,0,240,448,16,9,0,115,-155,0,0,100,0,304,448,32,64,0,114,-123,0,0,100,0,608,0,32,32,0,117,-115,0,0,100,0,144,368,32,16,0,115,-143,0,0,100,0,304,384,32,48,0,88,-201,0,0,100,0,288,128,48,48,0,83,-120,0,0,100,0,192,96,32,32,0,81,-139,0,0,100,0,672,256,48,48,0,103,-166,0,0,100,0,320,224,32,32,0,103,-166,0,0,60,0,320,288,32,32,0,103,-166,0,0,30,0,320,320,32,32,0,103,-166,0,0,50,0,320,256,32,32,0,103,-166,0,0,50,0,320,352,32,32,0,78,-204,0,0,60,0,336,160,48,32,0,78,-204,0,0,30,0,336,192,48,32,0,78,-204,0,0,50,0,336,128,48,32,0,68,-214,0,0,30,0,64,336,48,48,0,57,-224,0,0,100,0,192,128,96,96,0,24,-188,0,1,80,0,64,416,48,48,0,47,-206,0,0,100,0,368,385,16,26,0,31,-198,0,0,100,0,368,385,16,26,0,31,-182,0,0,100,0,288,64,32,32,0,131,-166,0,0,100,0,256,32,32,32,0,81,-180,0,1,50,0,0,416,32,32,0,80,-180,0,0,100,0,192,0,32,32,0,69,-142,0,0,30,0,112,336,32,32,0,110,-148,0,0,20,0,48,336,16,16,0,100,-153,0,0,40,0,48,336,16,16,0,56,-167,0,0,50,0,0,336,48,48,0,81,-141,0,0,100,0,176,352,16,16,0,77,-139,0,0,100,0,176,352,16,16,0,73,-137,0,0,100,0,176,352,16,16,0,80,-135,0,0,100,0,176,368,16,16,0,52,-177,0,0,100,0,144,256,112,96,0,28,-121,0,0,100,0,48,384,64,32,0,90,-110,0,0,100,0,112,368,32,16,0,107,-120,0,0,100,0,112,384,48,32,0,96,-138,0,0,100,0,0,384,48,32,0,55,-130,0,0,100,0,160,400,32,16,0,80,-146,0,0,100,0,112,416,80,48,0,26,-152,0,0,50,0,0,256,144,80,0,0,-256,0,0,100,0,0,0,192,256,0,0,-256,0,0,100,0,0,624,192,256,0,
0,54,0,-256,0,0,100,0,192,624,192,256,0,52,-200,0,0,100,0,368,385,16,27,0,36,-174,0,0,100,0,192,448,48,48,0,26,-142,0,0,100,0,384,240,64,48,0,33,-157,0,0,100,0,240,384,64,64,0,26,-142,0,0,100,0,448,240,64,48,0,36,-151,0,0,100,0,192,384,48,64,0,26,-142,0,0,100,0,512,240,64,48,0,124,-208,0,0,100,0,368,385,16,30,0,124,-178,0,0,100,0,368,401,16,14,0,124,-164,0,0,100,0,368,401,16,13,0,124,-155,0,0,100,0,240,448,16,9,0,115,-155,0,0,100,0,304,448,32,64,0,114,-123,0,0,100,0,608,0,32,32,0,117,-115,0,0,100,0,144,368,32,16,0,115,-143,0,0,100,0,304,384,32,48,0,88,-201,0,0,100,0,288,128,48,48,0,83,-120,0,0,100,0,192,96,32,32,0,81,-139,0,0,100,0,672,256,48,48,0,103,-166,0,0,100,0,320,224,32,32,0,103,-166,0,0,60,0,320,288,32,32,0,103,-166,0,0,30,0,320,320,32,32,0,103,-166,0,0,50,0,320,256,32,32,0,103,-166,0,0,50,0,320,352,32,32,0,78,-204,0,0,60,0,336,160,48,32,0,78,-204,0,0,30,0,336,192,48,32,0,78,-204,0,0,50,0,336,128,48,32,0,68,-214,0,0,30,0,64,336,48,48,0,57,-224,0,0,100,0,192,128,96,96,0,24,-188,0,1,60,0,64,416,48,48,0,47,-206,0,0,100,0,368,385,16,26,0,31,-198,0,0,100,0,368,385,16,26,0,31,-182,0,0,100,0,192,64,32,32,0,131,-166,0,0,100,0,256,32,32,32,0,81,-180,0,1,50,0,0,416,32,32,0,80,-180,0,0,100,0,192,0,32,32,0,69,-142,0,0,30,0,112,336,32,32,0,110,-148,0,0,20,0,48,336,16,16,0,100,-153,0,0,40,0,48,336,16,16,0,56,-167,0,0,50,0,0,336,48,48,0,81,-141,0,0,100,0,176,352,16,16,0,77,-139,0,0,100,0,176,352,16,16,0,73,-137,0,0,100,0,176,352,16,16,0,80,-135,0,0,100,0,176,368,16,16,0,52,-177,0,0,100,0,144,256,112,96,0,28,-121,0,0,100,0,48,384,64,32,0,90,-110,0,0,100,0,112,368,32,16,0,107,-120,0,0,100,0,112,384,48,32,0,96,-138,0,0,100,0,0,384,48,32,0,55,-130,0,0,100,0,160,400,32,16,0,80,-146,0,0,100,0,112,416,80,48,0,26,-152,0,0,50,0,0,256,144,80,0,0,-256,0,0,100,0,0,0,192,256,0,0,-256,0,0,100,0,0,624,192,256,0,
0,54,0,-256,0,0,100,0,192,624,192,256,0,52,-200,0,0,100,0,368,385,16,27,0,36,-174,0,0,100,0,192,448,48,48,0,26,-142,0,0,100,0,384,240,64,48,0,33,-157,0,0,100,0,240,384,64,64,0,26,-142,0,0,100,0,448,192,64,48,0,36,-151,0,0,100,0,192,384,48,64,0,26,-142,0,0,100,0,512,240,64,48,0,124,-208,0,0,100,0,368,385,16,30,0,124,-178,0,0,100,0,368,401,16,14,0,124,-164,0,0,100,0,368,401,16,13,0,124,-155,0,0,100,0,240,448,16,9,0,115,-155,0,0,100,0,304,448,32,64,0,114,-123,0,0,100,0,576,0,32,32,0,117,-115,0,0,100,0,144,368,32,16,0,115,-143,0,0,100,0,304,384,32,48,0,88,-201,0,0,100,0,288,128,48,48,0,83,-120,0,0,100,0,192,96,32,32,0,81,-139,0,0,100,0,672,256,48,48,0,103,-166,0,0,100,0,320,224,32,32,0,103,-166,0,0,60,0,320,288,32,32,0,103,-166,0,0,30,0,320,320,32,32,0,103,-166,0,0,50,0,320,256,32,32,0,103,-166,0,0,50,0,320,352,32,32,0,78,-204,0,0,60,0,336,160,48,32,0,78,-204,0,0,30,0,336,192,48,32,0,78,-204,0,0,50,0,336,128,48,32,0,68,-214,0,0,30,0,64,336,48,48,0,57,-224,0,0,100,0,192,128,96,96,0,24,-188,0,1,70,0,64,416,48,48,0,47,-206,0,0,100,0,368,385,16,26,0,31,-198,0,0,100,0,368,385,16,26,0,31,-182,0,0,100,0,224,64,32,32,0,131,-166,0,0,100,0,256,32,32,32,0,81,-180,0,1,50,0,0,416,32,32,0,80,-180,0,0,100,0,192,0,32,32,0,69,-142,0,0,30,0,112,336,32,32,0,110,-148,0,0,20,0,48,336,16,16,0,100,-153,0,0,40,0,48,336,16,16,0,56,-167,0,0,50,0,0,336,48,48,0,81,-141,0,0,100,0,176,352,16,16,0,77,-139,0,0,100,0,176,352,16,16,0,73,-137,0,0,100,0,176,352,16,16,0,80,-135,0,0,100,0,176,368,16,16,0,52,-177,0,0,100,0,144,256,112,96,0,28,-121,0,0,100,0,48,384,64,32,0,90,-110,0,0,100,0,112,368,32,16,0,107,-120,0,0,100,0,112,384,48,32,0,96,-138,0,0,100,0,0,384,48,32,0,55,-130,0,0,100,0,160,400,32,16,0,80,-146,0,0,100,0,112,416,80,48,0,26,-152,0,0,50,0,0,256,144,80,0,0,-256,0,0,100,0,0,0,192,256,0,0,-256,0,0,100,0,0,624,192,256,0,
0,54,0,-256,0,0,100,0,192,624,192,256,0,52,-200,0,0,100,0,368,385,16,27,0,36,-174,0,0,100,0,192,448,48,48,0,26,-142,0,0,100,0,384,240,64,48,0,33,-157,0,0,100,0,240,384,64,64,0,26,-142,0,0,100,0,448,240,64,48,0,36,-151,0,0,100,0,192,384,48,64,0,26,-142,0,0,100,0,512,240,64,48,0,124,-208,0,0,100,0,368,385,16,30,0,124,-178,0,0,100,0,368,401,16,14,0,124,-164,0,0,100,0,368,401,16,13,0,124,-155,0,0,100,0,240,448,16,9,0,115,-155,0,0,100,0,304,448,32,64,0,114,-123,0,0,100,0,608,0,32,32,0,117,-115,0,0,100,0,144,368,32,16,0,115,-143,0,0,100,0,304,384,32,48,0,88,-201,0,0,100,0,288,128,48,48,0,83,-120,0,0,100,0,192,96,32,32,0,81,-139,0,0,100,0,672,256,48,48,0,103,-166,0,0,100,0,320,224,32,32,0,103,-166,0,0,60,0,320,288,32,32,0,103,-166,0,0,30,0,320,320,32,32,0,103,-166,0,0,50,0,320,256,32,32,0,103,-166,0,0,50,0,320,352,32,32,0,78,-204,0,0,60,0,336,160,48,32,0,78,-204,0,0,30,0,336,192,48,32,0,78,-204,0,0,50,0,336,128,48,32,0,68,-214,0,0,30,0,64,336,48,48,0,57,-224,0,0,100,0,192,128,96,96,0,24,-188,0,1,100,0,64,416,48,48,0,47,-206,0,0,100,0,368,385,16,26,0,31,-198,0,0,100,0,368,385,16,26,0,31,-182,0,0,100,0,256,64,32,32,0,131,-166,0,0,100,0,256,32,32,32,0,81,-180,0,1,50,0,0,416,32,32,0,80,-180,0,0,100,0,192,0,32,32,0,69,-142,0,0,30,0,112,336,32,32,0,110,-148,0,0,20,0,48,336,16,16,0,100,-153,0,0,40,0,48,336,16,16,0,56,-167,0,0,50,0,0,336,48,48,0,81,-141,0,0,100,0,176,352,16,16,0,77,-139,0,0,100,0,176,352,16,16,0,73,-137,0,0,100,0,176,352,16,16,0,80,-135,0,0,100,0,176,368,16,16,0,52,-177,0,0,100,0,144,256,112,96,0,28,-121,0,0,100,0,48,384,64,32,0,90,-110,0,0,100,0,112,368,32,16,0,107,-120,0,0,100,0,112,384,48,32,0,96,-138,0,0,100,0,0,384,48,32,0,55,-130,0,0,100,0,160,400,32,16,0,80,-146,0,0,100,0,112,416,80,48,0,26,-152,0,0,50,0,0,256,144,80,0,0,-256,0,0,100,0,0,0,192,256,0,0,-256,0,0,100,0,0,624,192,256,0,
0,54,0,-256,0,0,100,0,192,624,192,256,0,52,-200,0,0,100,0,368,385,16,27,0,36,-174,0,0,100,0,192,448,48,48,0,26,-142,0,0,100,0,384,240,64,48,0,33,-157,0,0,100,0,240,384,64,64,0,26,-142,0,0,100,0,448,192,64,48,0,36,-151,0,0,100,0,192,384,48,64,0,26,-142,0,0,100,0,512,240,64,48,0,124,-208,0,0,100,0,368,385,16,30,0,124,-178,0,0,100,0,368,401,16,14,0,124,-164,0,0,100,0,368,401,16,13,0,124,-155,0,0,100,0,240,448,16,9,0,115,-155,0,0,100,0,304,448,32,64,0,114,-123,0,0,100,0,576,0,32,32,0,117,-115,0,0,100,0,144,368,32,16,0,115,-143,0,0,100,0,304,384,32,48,0,88,-201,0,0,100,0,288,128,48,48,0,83,-120,0,0,100,0,192,96,32,32,0,81,-139,0,0,100,0,672,256,48,48,0,103,-166,0,0,100,0,320,224,32,32,0,103,-166,0,0,60,0,320,288,32,32,0,103,-166,0,0,30,0,320,320,32,32,0,103,-166,0,0,50,0,320,256,32,32,0,103,-166,0,0,50,0,320,352,32,32,0,78,-204,0,0,60,0,336,160,48,32,0,78,-204,0,0,30,0,336,192,48,32,0,78,-204,0,0,50,0,336,128,48,32,0,68,-214,0,0,30,0,64,336,48,48,0,57,-224,0,0,100,0,192,128,96,96,0,24,-188,0,1,80,0,64,416,48,48,0,47,-206,0,0,100,0,368,385,16,26,0,31,-198,0,0,100,0,368,385,16,26,0,31,-182,0,0,100,0,288,64,32,32,0,131,-166,0,0,100,0,256,32,32,32,0,81,-180,0,1,50,0,0,416,32,32,0,80,-180,0,0,100,0,192,0,32,32,0,69,-142,0,0,30,0,112,336,32,32,0,110,-148,0,0,20,0,48,336,16,16,0,100,-153,0,0,40,0,48,336,16,16,0,56,-167,0,0,50,0,0,336,48,48,0,81,-141,0,0,100,0,176,352,16,16,0,77,-139,0,0,100,0,176,352,16,16,0,73,-137,0,0,100,0,176,352,16,16,0,80,-135,0,0,100,0,176,368,16,16,0,52,-177,0,0,100,0,144,256,112,96,0,28,-121,0,0,100,0,48,384,64,32,0,90,-110,0,0,100,0,112,368,32,16,0,107,-120,0,0,100,0,112,384,48,32,0,96,-138,0,0,100,0,0,384,48,32,0,55,-130,0,0,100,0,160,400,32,16,0,80,-146,0,0,100,0,112,416,80,48,0,26,-152,0,0,50,0,0,256,144,80,0,0,-256,0,0,100,0,0,0,192,256,0,0,-256,0,0,100,0,0,624,192,256,0,
0,54,0,-256,0,0,100,0,192,624,192,256,0,52,-200,0,0,100,0,368,385,16,27,0,36,-174,0,0,100,0,192,448,48,48,0,26,-142,0,0,100,0,384,240,64,48,0,33,-157,0,0,100,0,240,384,64,64,0,26,-142,0,0,100,0,448,240,64,48,0,36,-151,0,0,100,0,192,384,48,64,0,26,-142,0,0,100,0,512,240,64,48,0,124,-208,0,0,100,0,368,385,16,30,0,124,-178,0,0,100,0,368,401,16,14,0,124,-164,0,0,100,0,368,401,16,13,0,124,-155,0,0,100,0,240,448,16,9,0,115,-155,0,0,100,0,304,448,32,64,0,114,-123,0,0,100,0,608,0,32,32,0,117,-115,0,0,100,0,144,368,32,16,0,115,-143,0,0,100,0,304,384,32,48,0,88,-201,0,0,100,0,288,128,48,48,0,83,-120,0,0,100,0,192,96,32,32,0,81,-139,0,0,100,0,672,256,48,48,0,103,-166,0,0,100,0,320,224,32,32,0,103,-166,0,0,60,0,320,288,32,32,0,103,-166,0,0,30,0,320,320,32,32,0,103,-166,0,0,50,0,320,256,32,32,0,103,-166,0,0,50,0,320,352,32,32,0,78,-204,0,0,60,0,336,160,48,32,0,78,-204,0,0,30,0,336,192,48,32,0,78,-204,0,0,50,0,336,128,48,32,0,68,-214,0,0,30,0,64,336,48,48,0,57,-224,0,0,100,0,192,128,96,96,0,24,-188,0,1,60,0,64,416,48,48,0,47,-206,0,0,100,0,368,385,16,26,0,31,-198,0,0,100,0,368,385,16,26,0,31,-182,0,0,100,0,192,64,32,32,0,131,-166,0,0,100,0,256,32,32,32,0,81,-180,0,1,50,0,0,416,32,32,0,80,-180,0,0,100,0,192,0,32,32,0,69,-142,0,0,30,0,112,336,32,32,0,110,-148,0,0,20,0,48,336,16,16,0,100,-153,0,0,40,0,48,336,16,16,0,56,-167,0,0,50,0,0,336,48,48,0,81,-141,0,0,100,0,176,352,16,16,0,77,-139,0,0,100,0,176,352,16,16,0,73,-137,0,0,100,0,176,352,16,16,0,80,-135,0,0,100,0,176,368,16,16,0,52,-177,0,0,100,0,144,256,112,96,0,28,-121,0,0,100,0,48,384,64,32,0,90,-110,0,0,100,0,112,368,32,16,0,107,-120,0,0,100,0,112,384,48,32,0,96,-138,0,0,100,0,0,384,48,32,0,55,-130,0,0,100,0,160,400,32,16,0,80,-146,0,0,100,0,112,416,80,48,0,26,-152,0,0,50,0,0,256,144,80,0,0,-256,0,0,100,0,0,0,192,256,0,0,-256,0,0,100,0,0,624,192,256,0,
0,54,0,-256,0,0,100,0,192,624,192,256,0,52,-200,0,0,100,0,368,385,16,27,0,36,-174,0,0,100,0,192,448,48,48,0,26,-142,0,0,100,0,384,240,64,48,0,33,-157,0,0,100,0,240,384,64,64,0,26,-142,0,0,100,0,448,192,64,48,0,36,-151,0,0,100,0,192,384,48,64,0,26,-142,0,0,100,0,512,240,64,48,0,124,-208,0,0,100,0,368,385,16,30,0,124,-178,0,0,100,0,368,401,16,14,0,124,-164,0,0,100,0,368,401,16,13,0,124,-155,0,0,100,0,240,448,16,9,0,115,-155,0,0,100,0,304,448,32,64,0,114,-123,0,0,100,0,608,0,32,32,0,117,-115,0,0,100,0,144,368,32,16,0,115,-143,0,0,100,0,304,384,32,48,0,88,-201,0,0,100,0,288,128,48,48,0,83,-120,0,0,100,0,192,96,32,32,0,81,-139,0,0,100,0,672,256,48,48,0,103,-166,0,0,100,0,320,224,32,32,0,103,-166,0,0,60,0,320,288,32,32,0,103,-166,0,0,30,0,320,320,32,32,0,103,-166,0,0,50,0,320,256,32,32,0,103,-166,0,0,50,0,320,352,32,32,0,78,-204,0,0,60,0,336,160,48,32,0,78,-204,0,0,30,0,336,192,48,32,0,78,-204,0,0,50,0,336,128,48,32,0,68,-214,0,0,30,0,64,336,48,48,0,57,-224,0,0,100,0,192,128,96,96,0,24,-188,0,1,70,0,64,416,48,48,0,47,-206,0,0,100,0,368,385,16,26,0,31,-198,0,0,100,0,368,385,16,26,0,31,-182,0,0,100,0,224,64,32,32,0,131,-166,0,0,100,0,256,32,32,32,0,81,-180,0,1,50,0,0,416,32,32,0,80,-180,0,0,100,0,192,0,32,32,0,69,-142,0,0,30,0,112,336,32,32,0,110,-148,0,0,20,0,48,336,16,16,0,100,-153,0,0,40,0,48,336,16,16,0,56,-167,0,0,50,0,0,336,48,48,0,81,-141,0,0,100,0,176,352,16,16,0,77,-139,0,0,100,0,176,352,16,16,0,73,-137,0,0,100,0,176,352,16,16,0,80,-135,0,0,100,0,176,368,16,16,0,52,-177,0,0,100,0,144,256,112,96,0,28,-121,0,0,100,0,48,384,64,32,0,90,-110,0,0,100,0,112,368,32,16,0,107,-120,0,0,100,0,112,384,48,32,0,96,-138,0,0,100,0,0,384,48,32,0,55,-130,0,0,100,0,160,400,32,16,0,80,-146,0,0,100,0,112,416,80,48,0,26,-152,0,0,50,0,0,256,144,80,0,0,-256,0,0,100,0,0,0,192,256,0,0,-256,0,0,100,0,0,624,192,256,0,
0,54,0,-256,0,0,100,0,192,624,192,256,0,52,-200,0,0,100,0,368,385,16,27,0,36,-174,0,0,100,0,192,448,48,48,0,26,-142,0,0,100,0,384,240,64,48,0,33,-157,0,0,100,0,240,384,64,64,0,26,-142,0,0,100,0,448,240,64,48,0,36,-151,0,0,100,0,192,384,48,64,0,26,-142,0,0,100,0,512,240,64,48,0,124,-208,0,0,100,0,368,385,16,30,0,124,-178,0,0,100,0,368,401,16,14,0,124,-164,0,0,100,0,368,401,16,13,0,124,-155,0,0,100,0,240,448,16,9,0,115,-155,0,0,100,0,304,448,32,64,0,114,-123,0,0,100,0,608,0,32,32,0,117,-115,0,0,100,0,144,368,32,16,0,115,-143,0,0,100,0,304,384,32,48,0,88,-201,0,0,100,0,288,128,48,48,0,83,-120,0,0,100,0,192,96,32,32,0,81,-139,0,0,100,0,672,256,48,48,0,103,-166,0,0,100,0,320,224,32,32,0,103,-166,0,0,60,0,320,288,32,32,0,103,-166,0,0,30,0,320,320,32,32,0,103,-166,0,0,50,0,320,256,32,32,0,103,-166,0,0,50,0,320,352,32,32,0,78,-204,0,0,60,0,336,160,48,32,0,78,-204,0,0,30,0,336,192,48,32,0,78,-204,0,0,50,0,336,128,48,32,0,68,-214,0,0,30,0,64,336,48,48,0,57,-224,0,0,100,0,192,128,96,96,0,24,-188,0,1,100,0,64,416,48,48,0,47,-206,0,0,100,0,368,385,16,26,0,31,-198,0,0,100,0,368,385,16,26,0,31,-182,0,0,100,0,256,64,32,32,0,131,-166,0,0,100,0,256,32,32,32,0,81,-180,0,1,50,0,0,416,32,32,0,80,-180,0,0,100,0,192,0,32,32,0,69,-142,0,0,30,0,112,336,32,32,0,110,-148,0,0,20,0,48,336,16,16,0,100,-153,0,0,40,0,48,336,16,16,0,56,-167,0,0,50,0,0,336,48,48,0,81,-141,0,0,100,0,176,352,16,16,0,77,-139,0,0,100,0,176,352,16,16,0,73,-137,0,0,100,0,176,352,16,16,0,80,-135,0,0,100,0,176,368,16,16,0,52,-177,0,0,100,0,144,256,112,96,0,28,-121,0,0,100,0,48,384,64,32,0,90,-110,0,0,100,0,112,368,32,16,0,107,-120,0,0,100,0,112,384,48,32,0,96,-138,0,0,100,0,0,384,48,32,0,55,-130,0,0,100,0,160,400,32,16,0,80,-146,0,0,100,0,112,416,80,48,0,26,-152,0,0,50,0,0,256,144,80,0,0,-256,0,0,100,0,0,0,192,256,0,0,-256,0,0,100,0,0,624,192,256,0,
0,54,0,-256,0,0,100,0,192,624,192,256,0,52,-200,0,0,100,0,368,385,16,27,0,36,-174,0,0,100,0,192,448,48,48,0,26,-142,0,0,100,0,384,240,64,48,0,33,-157,0,0,100,0,240,384,64,64,0,26,-142,0,0,100,0,448,192,64,48,0,36,-151,0,0,100,0,192,384,48,64,0,26,-142,0,0,100,0,512,240,64,48,0,124,-208,0,0,100,0,368,385,16,30,0,124,-178,0,0,100,0,368,401,16,14,0,124,-164,0,0,100,0,368,401,16,13,0,124,-155,0,0,100,0,240,448,16,9,0,115,-155,0,0,100,0,304,448,32,64,0,114,-123,0,0,100,0,640,0,32,32,0,117,-115,0,0,100,0,144,368,32,16,0,115,-143,0,0,100,0,304,384,32,48,0,88,-201,0,0,100,0,288,128,48,48,0,83,-120,0,0,100,0,192,96,32,32,0,81,-139,0,0,100,0,672,256,48,48,0,103,-166,0,0,100,0,320,224,32,32,0,103,-166,0,0,60,0,320,288,32,32,0,103,-166,0,0,30,0,320,320,32,32,0,103,-166,0,0,50,0,320,256,32,32,0,103,-166,0,0,50,0,320,352,32,32,0,78,-204,0,0,60,0,336,160,48,32,0,78,-204,0,0,30,0,336,192,48,32,0,78,-204,0,0,50,0,336,128,48,32,0,68,-214,0,0,30,0,64,336,48,48,0,57,-224,0,0,100,0,192,128,96,96,0,24,-188,0,1,80,0,64,416,48,48,0,47,-206,0,0,100,0,368,385,16,26,0,31,-198,0,0,100,0,368,385,16,26,0,31,-182,0,0,100,0,288,64,32,32,0,131,-166,0,0,100,0,256,32,32,32,0,81,-180,0,1,50,0,0,416,32,32,0,80,-180,0,0,100,0,192,0,32,32,0,69,-142,0,0,30,0,112,336,32,32,0,110,-148,0,0,20,0,48,336,16,16,0,100,-153,0,0,40,0,48,336,16,16,0,56,-167,0,0,50,0,0,336,48,48,0,81,-141,0,0,100,0,176,352,16,16,0,77,-139,0,0,100,0,176,352,16,16,0,73,-137,0,0,100,0,176,352,16,16,0,80,-135,0,0,100,0,176,368,16,16,0,52,-177,0,0,100,0,144,256,112,96,0,28,-121,0,0,100,0,48,384,64,32,0,90,-110,0,0,100,0,112,368,32,16,0,107,-120,0,0,100,0,112,384,48,32,0,96,-138,0,0,100,0,0,384,48,32,0,55,-130,0,0,100,0,160,400,32,16,0,80,-146,0,0,100,0,112,416,80,48,0,26,-152,0,0,50,0,0,256,144,80,0,0,-256,0,0,100,0,0,0,192,256,0,0,-256,0,0,100,0,0,624,192,256,0,
0,54,0,-256,0,0,100,0,192,624,192,256,0,52,-200,0,0,100,0,368,385,16,27,0,36,-174,0,0,100,0,192,448,48,48,0,26,-142,0,0,100,0,384,240,64,48,0,33,-157,0,0,100,0,240,384,64,64,0,26,-142,0,0,100,0,448,240,64,48,0,36,-151,0,0,100,0,192,384,48,64,0,26,-142,0,0,100,0,512,240,64,48,0,124,-208,0,0,100,0,368,385,16,30,0,124,-178,0,0,100,0,368,401,16,14,0,124,-164,0,0,100,0,368,401,16,13,0,124,-155,0,0,100,0,240,448,16,9,0,115,-155,0,0,100,0,304,448,32,64,0,114,-123,0,0,100,0,640,0,32,32,0,117,-115,0,0,100,0,144,368,32,16,0,115,-143,0,0,100,0,304,384,32,48,0,88,-201,0,0,100,0,288,128,48,48,0,83,-120,0,0,100,0,192,96,32,32,0,81,-139,0,0,100,0,672,256,48,48,0,103,-166,0,0,100,0,320,224,32,32,0,103,-166,0,0,60,0,320,288,32,32,0,103,-166,0,0,30,0,320,320,32,32,0,103,-166,0,0,50,0,320,256,32,32,0,103,-166,0,0,50,0,320,352,32,32,0,78,-204,0,0,60,0,336,160,48,32,0,78,-204,0,0,30,0,336,192,48,32,0,78,-204,0,0,50,0,336,128,48,32,0,68,-214,0,0,30,0,64,336,48,48,0,57,-224,0,0,100,0,192,128,96,96,0,24,-188,0,1,60,0,64,416,48,48,0,47,-206,0,0,100,0,368,385,16,26,0,31,-198,0,0,100,0,368,385,16,26,0,31,-182,0,0,100,0,192,64,32,32,0,131,-166,0,0,100,0,256,32,32,32,0,81,-180,0,1,50,0,0,416,32,32,0,80,-180,0,0,100,0,192,0,32,32,0,69,-142,0,0,30,0,112,336,32,32,0,110,-148,0,0,20,0,48,336,16,16,0,100,-153,0,0,40,0,48,336,16,16,0,56,-167,0,0,50,0,0,336,48,48,0,81,-141,0,0,100,0,176,352,16,16,0,77,-139,0,0,100,0,176,352,16,16,0,73,-137,0,0,100,0,176,352,16,16,0,80,-135,0,0,100,0,176,368,16,16,0,52,-177,0,0,100,0,144,256,112,96,0,28,-121,0,0,100,0,48,384,64,32,0,90,-110,0,0,100,0,112,368,32,16,0,107,-120,0,0,100,0,112,384,48,32,0,96,-138,0,0,100,0,0,384,48,32,0,55,-130,0,0,100,0,160,400,32,16,0,80,-146,0,0,100,0,112,416,80,48,0,26,-152,0,0,50,0,0,256,144,80,0,0,-256,0,0,100,0,0,0,192,256,0,0,-256,0,0,100,0,0,624,192,256,0,
0,54,0,-256,0,0,100,0,192,624,192,256,0,52,-200,0,0,100,0,368,385,16,27,0,36,-174,0,0,100,0,192,448,48,48,0,26,-142,0,0,100,0,384,240,64,48,0,33,-157,0,0,100,0,240,384,64,64,0,26,-142,0,0,100,0,448,192,64,48,0,36,-151,0,0,100,0,192,384,48,64,0,26,-142,0,0,100,0,512,240,64,48,0,124,-208,0,0,100,0,368,385,16,30,0,124,-178,0,0,100,0,368,401,16,14,0,124,-164,0,0,100,0,368,401,16,13,0,124,-155,0,0,100,0,240,448,16,9,0,115,-155,0,0,100,0,304,448,32,64,0,114,-123,0,0,100,0,672,0,32,32,0,117,-115,0,0,100,0,144,368,32,16,0,115,-143,0,0,100,0,304,384,32,48,0,88,-201,0,0,100,0,288,128,48,48,0,83,-120,0,0,100,0,192,96,32,32,0,81,-139,0,0,100,0,672,256,48,48,0,103,-166,0,0,100,0,320,224,32,32,0,103,-166,0,0,60,0,320,288,32,32,0,103,-166,0,0,30,0,320,320,32,32,0,103,-166,0,0,50,0,320,256,32,32,0,103,-166,0,0,50,0,320,352,32,32,0,78,-204,0,0,60,0,336,160,48,32,0,78,-204,0,0,30,0,336,192,48,32,0,78,-204,0,0,50,0,336,128,48,32,0,68,-214,0,0,30,0,64,336,48,48,0,57,-224,0,0,100,0,192,128,96,96,0,24,-188,0,1,70,0,64,416,48,48,0,47,-206,0,0,100,0,368,385,16,26,0,31,-198,0,0,100,0,368,385,16,26,0,31,-182,0,0,100,0,224,64,32,32,0,131,-166,0,0,100,0,256,32,32,32,0,81,-180,0,1,50,0,0,416,32,32,0,80,-180,0,0,100,0,192,0,32,32,0,69,-142,0,0,30,0,112,336,32,32,0,110,-148,0,0,20,0,48,336,16,16,0,100,-153,0,0,40,0,48,336,16,16,0,56,-167,0,0,50,0,0,336,48,48,0,81,-141,0,0,100,0,176,352,16,16,0,77,-139,0,0,100,0,176,352,16,16,0,73,-137,0,0,100,0,176,352,16,16,0,80,-135,0,0,100,0,176,368,16,16,0,52,-177,0,0,100,0,144,256,112,96,0,28,-121,0,0,100,0,48,384,64,32,0,90,-110,0,0,100,0,112,368,32,16,0,107,-120,0,0,100,0,112,384,48,32,0,96,-138,0,0,100,0,0,384,48,32,0,55,-130,0,0,100,0,160,400,32,16,0,80,-146,0,0,100,0,112,416,80,48,0,26,-152,0,0,50,0,0,256,144,80,0,0,-256,0,0,100,0,0,0,192,256,0,0,-256,0,0,100,0,0,624,192,256,0,
0,54,0,-256,0,0,100,0,192,624,192,256,0,52,-200,0,0,100,0,368,385,16,27,0,36,-174,0,0,100,0,192,448,48,48,0,26,-142,0,0,100,0,384,240,64,48,0,33,-157,0,0,100,0,240,384,64,64,0,26,-142,0,0,100,0,448,240,64,48,0,36,-151,0,0,100,0,192,384,48,64,0,26,-142,0,0,100,0,512,240,64,48,0,124,-208,0,0,100,0,368,385,16,30,0,124,-178,0,0,100,0,368,401,16,14,0,124,-164,0,0,100,0,368,401,16,13,0,124,-155,0,0,100,0,240,448,16,9,0,115,-155,0,0,100,0,304,448,32,64,0,114,-123,0,0,100,0,672,0,32,32,0,117,-115,0,0,100,0,144,368,32,16,0,115,-143,0,0,100,0,304,384,32,48,0,88,-201,0,0,100,0,288,128,48,48,0,83,-120,0,0,100,0,192,96,32,32,0,81,-139,0,0,100,0,672,256,48,48,0,103,-166,0,0,100,0,320,224,32,32,0,103,-166,0,0,60,0,320,288,32,32,0,103,-166,0,0,30,0,320,320,32,32,0,103,-166,0,0,50,0,320,256,32,32,0,103,-166,0,0,50,0,320,352,32,32,0,78,-204,0,0,60,0,336,160,48,32,0,78,-204,0,0,30,0,336,192,48,32,0,78,-204,0,0,50,0,336,128,48,32,0,68,-214,0,0,30,0,64,336,48,48,0,57,-224,0,0,100,0,192,128,96,96,0,24,-188,0,1,100,0,64,416,48,48,0,47,-206,0,0,100,0,368,385,16,26,0,31,-198,0,0,100,0,368,385,16,26,0,31,-182,0,0,100,0,256,64,32,32,0,131,-166,0,0,100,0,256,32,32,32,0,81,-180,0,1,50,0,0,416,32,32,0,80,-180,0,0,100,0,192,0,32,32,0,69,-142,0,0,30,0,112,336,32,32,0,110,-148,0,0,20,0,48,336,16,16,0,100,-153,0,0,40,0,48,336,16,16,0,56,-167,0,0,50,0,0,336,48,48,0,81,-141,0,0,100,0,176,352,16,16,0,77,-139,0,0,100,0,176,352,16,16,0,73,-137,0,0,100,0,176,352,16,16,0,80,-135,0,0,100,0,176,368,16,16,0,52,-177,0,0,100,0,144,256,112,96,0,28,-121,0,0,100,0,48,384,64,32,0,90,-110,0,0,100,0,112,368,32,16,0,107,-120,0,0,100,0,112,384,48,32,0,96,-138,0,0,100,0,0,384,48,32,0,55,-130,0,0,100,0,160,400,32,16,0,80,-146,0,0,100,0,112,416,80,48,0,26,-152,0,0,50,0,0,256,144,80,0,0,-256,0,0,100,0,0,0,192,256,0,0,-256,0,0,100,0,0,624,192,256,0,
0,54,0,-256,0,0,100,0,192,624,192,256,0,52,-200,0,0,100,0,368,385,16,27,0,36,-174,0,0,100,0,192,448,48,48,0,26,-142,0,0,100,0,384,240,64,48,0,33,-157,0,0,100,0,240,384,64,64,0,26,-142,0,0,100,0,448,192,64,48,0,36,-151,0,0,100,0,192,384,48,64,0,26,-142,0,0,100,0,512,240,64,48,0,124,-208,0,0,100,0,368,385,16,30,0,124,-178,0,0,100,0,368,401,16,14,0,124,-164,0,0,100,0,368,401,16,13,0,124,-155,0,0,100,0,240,448,16,9,0,115,-155,0,0,100,0,304,448,32,64,0,114,-123,0,0,100,0,640,0,32,32,0,117,-115,0,0,100,0,144,368,32,16,0,115,-143,0,0,100,0,304,384,32,48,0,88,-201,0,0,100,0,288,128,48,48,0,83,-120,0,0,100,0,192,96,32,32,0,81,-139,0,0,100,0,672,256,48,48,0,103,-166,0,0,100,0,320,224,32,32,0,103,-166,0,0,60,0,320,288,32,32,0,103,-166,0,0,30,0,320,320,32,32,0,103,-166,0,0,50,0,320,256,32,32,0,103,-166,0,0,50,0,320,352,32,32,0,78,-204,0,0,60,0,336,160,48,32,0,78,-204,0,0,30,0,336,192,48,32,0,78,-204,0,0,50,0,336,128,48,32,0,68,-214,0,0,30,0,64,336,48,48,0,57,-224,0,0,100,0,192,128,96,96,0,24,-188,0,1,80,0,64,416,48,48,0,47,-206,0,0,100,0,368,385,16,26,0,31,-198,0,0,100,0,368,385,16,26,0,31,-182,0,0,100,0,288,64,32,32,0,131,-166,0,0,100,0,256,32,32,32,0,81,-180,0,1,50,0,0,416,32,32,0,80,-180,0,0,100,0,192,0,32,32,0,69,-142,0,0,30,0,112,336,32,32,0,110,-148,0,0,20,0,48,336,16,16,0,100,-153,0,0,40,0,48,336,16,16,0,56,-167,0,0,50,0,0,336,48,48,0,81,-141,0,0,100,0,176,352,16,16,0,77,-139,0,0,100,0,176,352,16,16,0,73,-137,0,0,100,0,176,352,16,16,0,80,-135,0,0,100,0,176,368,16,16,0,52,-177,0,0,100,0,144,256,112,96,0,28,-121,0,0,100,0,48,384,64,32,0,90,-110,0,0,100,0,112,368,32,16,0,107,-120,0,0,100,0,112,384,48,32,0,96,-138,0,0,100,0,0,384,48,32,0,55,-130,0,0,100,0,160,400,32,16,0,80,-146,0,0,100,0,112,416,80,48,0,26,-152,0,0,50,0,0,256,144,80,0,0,-256,0,0,100,0,0,0,192,256,0,0,-256,0,0,100,0,0,624,192,256,0,
0,54,0,-256,0,0,100,0,192,624,192,256,0,52,-200,0,0,100,0,368,385,16,27,0,36,-174,0,0,100,0,192,448,48,48,0,26,-142,0,0,100,0,384,240,64,48,0,33,-157,0,0,100,0,240,384,64,64,0,26,-142,0,0,100,0,448,240,64,48,0,36,-151,0,0,100,0,192,384,48,64,0,26,-142,0,0,100,0,512,240,64,48,0,124,-208,0,0,100,0,368,385,16,30,0,124,-178,0,0,100,0,368,401,16,14,0,124,-164,0,0,100,0,368,401,16,13,0,124,-155,0,0,100,0,240,448,16,9,0,115,-155,0,0,100,0,304,448,32,64,0,114,-123,0,0,100,0,640,0,32,32,0,117,-115,0,0,100,0,144,368,32,16,0,115,-143,0,0,100,0,304,384,32,48,0,88,-201,0,0,100,0,288,128,48,48,0,83,-120,0,0,100,0,192,96,32,32,0,81,-139,0,0,100,0,672,256,48,48,0,103,-166,0,0,100,0,320,224,32,32,0,103,-166,0,0,60,0,320,288,32,32,0,103,-166,0,0,30,0,320,320,32,32,0,103,-166,0,0,50,0,320,256,32,32,0,103,-166,0,0,50,0,320,352,32,32,0,78,-204,0,0,60,0,336,160,48,32,0,78,-204,0,0,30,0,336,192,48,32,0,78,-204,0,0,50,0,336,128,48,32,0,68,-214,0,0,30,0,64,336,48,48,0,57,-224,0,0,100,0,192,128,96,96,0,24,-188,0,1,60,0,64,416,48,48,0,47,-206,0,0,100,0,368,385,16,26,0,31,-198,0,0,100,0,368,385,16,26,0,31,-182,0,0,100,0,192,64,32,32,0,131,-166,0,0,100,0,256,32,32,32,0,81,-180,0,1,50,0,0,416,32,32,0,80,-180,0,0,100,0,192,0,32,32,0,69,-142,0,0,30,0,112,336,32,32,0,110,-148,0,0,20,0,48,336,16,16,0,100,-153,0,0,40,0,48,336,16,16,0,56,-167,0,0,50,0,0,336,48,48,0,81,-141,0,0,100,0,176,352,16,16,0,77,-139,0,0,100,0,176,352,16,16,0,73,-137,0,0,100,0,176,352,16,16,0,80,-135,0,0,100,0,176,368,16,16,0,52,-177,0,0,100,0,144,256,112,96,0,28,-121,0,0,100,0,48,384,64,32,0,90,-110,0,0,100,0,112,368,32,16,0,107,-120,0,0,100,0,112,384,48,32,0,96,-138,0,0,100,0,0,384,48,32,0,55,-130,0,0,100,0,160,400,32,16,0,80,-146,0,0,100,0,112,416,80,48,0,26,-152,0,0,50,0,0,256,144,80,0,0,-256,0,0,100,0,0,0,192,256,0,0,-256,0,0,100,0,0,624,192,256,0,
0,54,0,-256,0,0,100,0,192,624,192,256,0,52,-200,0,0,100,0,368,385,16,27,0,36,-174,0,0,100,0,192,448,48,48,0,26,-142,0,0,100,0,384,240,64,48,0,33,-157,0,0,100,0,240,384,64,64,0,26,-142,0,0,100,0,448,192,64,48,0,36,-151,0,0,100,0,192,384,48,64,0,26,-142,0,0,100,0,512,240,64,48,0,124,-208,0,0,100,0,368,385,16,30,0,124,-178,0,0,100,0,368,401,16,14,0,124,-164,0,0,100,0,368,401,16,13,0,124,-155,0,0,100,0,240,448,16,9,0,115,-155,0,0,100,0,304,448,32,64,0,114,-123,0,0,100,0,640,0,32,32,0,117,-115,0,0,100,0,144,368,32,16,0,115,-143,0,0,100,0,304,384,32,48,0,88,-201,0,0,100,0,288,128,48,48,0,83,-120,0,0,100,0,192,96,32,32,0,81,-139,0,0,100,0,672,256,48,48,0,103,-166,0,0,100,0,320,224,32,32,0,103,-166,0,0,60,0,320,288,32,32,0,103,-166,0,0,30,0,320,320,32,32,0,103,-166,0,0,50,0,320,256,32,32,0,103,-166,0,0,50,0,320,352,32,32,0,78,-204,0,0,60,0,336,160,48,32,0,78,-204,0,0,30,0,336,192,48,32,0,78,-204,0,0,50,0,336,128,48,32,0,68,-214,0,0,30,0,64,336,48,48,0,57,-224,0,0,100,0,192,128,96,96,0,24,-188,0,1,70,0,64,416,48,48,0,47,-206,0,0,100,0,368,385,16,26,0,31,-198,0,0,100,0,368,385,16,26,0,31,-182,0,0,100,0,224,64,32,32,0,131,-166,0,0,100,0,256,32,32,32,0,81,-180,0,1,50,0,0,416,32,32,0,80,-180,0,0,100,0,192,0,32,32,0,69,-142,0,0,30,0,112,336,32,32,0,110,-148,0,0,20,0,48,336,16,16,0,100,-153,0,0,40,0,48,336,16,16,0,56,-167,0,0,50,0,0,336,48,48,0,81,-141,0,0,100,0,176,352,16,16,0,77,-139,0,0,100,0,176,352,16,16,0,73,-137,0,0,100,0,176,352,16,16,0,80,-135,0,0,100,0,176,368,16,16,0,52,-177,0,0,100,0,144,256,112,96,0,28,-121,0,0,100,0,48,384,64,32,0,90,-110,0,0,100,0,112,368,32,16,0,107,-120,0,0,100,0,112,384,48,32,0,96,-138,0,0,100,0,0,384,48,32,0,55,-130,0,0,100,0,160,400,32,16,0,80,-146,0,0,100,0,112,416,80,48,0,26,-152,0,0,50,0,0,256,144,80,0,0,-256,0,0,100,0,0,0,192,256,0,0,-256,0,0,100,0,0,624,192,256,0,
0,54,0,-256,0,0,100,0,192,624,192,256,0,52,-200,0,0,100,0,368,385,16,27,0,36,-174,0,0,100,0,192,448,48,48,0,26,-142,0,0,100,0,384,240,64,48,0,33,-157,0,0,100,0,240,384,64,64,0,26,-142,0,0,100,0,448,240,64,48,0,36,-151,0,0,100,0,192,384,48,64,0,26,-142,0,0,100,0,512,240,64,48,0,124,-208,0,0,100,0,368,385,16,30,0,124,-178,0,0,100,0,368,401,16,14,0,124,-164,0,0,100,0,368,401,16,13,0,124,-155,0,0,100,0,240,448,16,9,0,115,-155,0,0,100,0,304,448,32,64,0,114,-123,0,0,100,0,640,0,32,32,0,117,-115,0,0,100,0,144,368,32,16,0,115,-143,0,0,100,0,304,384,32,48,0,88,-201,0,0,100,0,288,128,48,48,0,83,-120,0,0,100,0,192,96,32,32,0,81,-139,0,0,100,0,672,256,48,48,0,103,-166,0,0,100,0,320,224,32,32,0,103,-166,0,0,60,0,320,288,32,32,0,103,-166,0,0,30,0,320,320,32,32,0,103,-166,0,0,50,0,320,256,32,32,0,103,-166,0,0,50,0,320,352,32,32,0,78,-204,0,0,60,0,336,160,48,32,0,78,-204,0,0,30,0,336,192,48,32,0,78,-204,0,0,50,0,336,128,48,32,0,68,-214,0,0,30,0,64,336,48,48,0,57,-224,0,0,100,0,192,128,96,96,0,24,-188,0,1,100,0,64,416,48,48,0,47,-206,0,0,100,0,368,385,16,26,0,31,-198,0,0,100,0,368,385,16,26,0,31,-182,0,0,100,0,256,64,32,32,0,131,-166,0,0,100,0,256,32,32,32,0,81,-180,0,1,50,0,0,416,32,32,0,80,-180,0,0,100,0,192,0,32,32,0,69,-142,0,0,30,0,112,336,32,32,0,110,-148,0,0,20,0,48,336,16,16,0,100,-153,0,0,40,0,48,336,16,16,0,56,-167,0,0,50,0,0,336,48,48,0,81,-141,0,0,100,0,176,352,16,16,0,77,-139,0,0,100,0,176,352,16,16,0,73,-137,0,0,100,0,176,352,16,16,0,80,-135,0,0,100,0,176,368,16,16,0,52,-177,0,0,100,0,144,256,112,96,0,28,-121,0,0,100,0,48,384,64,32,0,90,-110,0,0,100,0,112,368,32,16,0,107,-120,0,0,100,0,112,384,48,32,0,96,-138,0,0,100,0,0,384,48,32,0,55,-130,0,0,100,0,160,400,32,16,0,80,-146,0,0,100,0,112,416,80,48,0,26,-152,0,0,50,0,0,256,144,80,0,0,-256,0,0,100,0,0,0,192,256,0,0,-256,0,0,100,0,0,624,192,256,0,
0,54,0,-256,0,0,100,0,192,624,192,256,0,52,-200,0,0,100,0,368,385,16,27,0,36,-174,0,0,100,0,192,448,48,48,0,26,-142,0,0,100,0,384,240,64,48,0,33,-157,0,0,100,0,240,384,64,64,0,26,-142,0,0,100,0,448,192,64,48,0,36,-151,0,0,100,0,192,384,48,64,0,26,-142,0,0,100,0,512,240,64,48,0,124,-208,0,0,100,0,368,385,16,30,0,124,-178,0,0,100,0,368,401,16,14,0,124,-164,0,0,100,0,368,401,16,13,0,124,-155,0,0,100,0,240,448,16,9,0,115,-155,0,0,100,0,304,448,32,64,0,114,-123,0,0,100,0,640,0,32,32,0,117,-115,0,0,100,0,144,368,32,16,0,115,-143,0,0,100,0,304,384,32,48,0,88,-201,0,0,100,0,288,128,48,48,0,83,-120,0,0,100,0,192,96,32,32,0,81,-139,0,0,100,0,672,256,48,48,0,103,-166,0,0,100,0,320,224,32,32,0,103,-166,0,0,60,0,320,288,32,32,0,103,-166,0,0,30,0,320,320,32,32,0,103,-166,0,0,50,0,320,256,32,32,0,103,-166,0,0,50,0,320,352,32,32,0,78,-204,0,0,60,0,336,160,48,32,0,78,-204,0,0,30,0,336,192,48,32,0,78,-204,0,0,50,0,336,128,48,32,0,68,-214,0,0,30,0,64,336,48,48,0,57,-224,0,0,100,0,192,128,96,96,0,24,-188,0,1,80,0,64,416,48,48,0,47,-206,0,0,100,0,368,385,16,26,0,31,-198,0,0,100,0,368,385,16,26,0,31,-182,0,0,100,0,288,64,32,32,0,131,-166,0,0,100,0,256,32,32,32,0,81,-180,0,1,50,0,0,416,32,32,0,80,-180,0,0,100,0,192,0,32,32,0,69,-142,0,0,30,0,112,336,32,32,0,110,-148,0,0,20,0,48,336,16,16,0,100,-153,0,0,40,0,48,336,16,16,0,56,-167,0,0,50,0,0,336,48,48,0,81,-141,0,0,100,0,176,352,16,16,0,77,-139,0,0,100,0,176,352,16,16,0,73,-137,0,0,100,0,176,352,16,16,0,80,-135,0,0,100,0,176,368,16,16,0,52,-177,0,0,100,0,144,256,112,96,0,28,-121,0,0,100,0,48,384,64,32,0,90,-110,0,0,100,0,112,368,32,16,0,107,-120,0,0,100,0,112,384,48,32,0,96,-138,0,0,100,0,0,384,48,32,0,55,-130,0,0,100,0,160,400,32,16,0,80,-146,0,0,100,0,112,416,80,48,0,26,-152,0,0,50,0,0,256,144,80,0,0,-256,0,0,100,0,0,0,192,256,0,0,-256,0,0,100,0,0,624,192,256,0,
0,54,0,-256,0,0,100,0,192,624,192,256,0,52,-200,0,0,100,0,368,385,16,27,0,36,-174,0,0,100,0,192,448,48,48,0,26,-142,0,0,100,0,384,240,64,48,0,33,-157,0,0,100,0,240,384,64,64,0,26,-142,0,0,100,0,448,240,64,48,0,36,-151,0,0,100,0,192,384,48,64,0,26,-142,0,0,100,0,512,240,64,48,0,124,-208,0,0,100,0,368,385,16,30,0,124,-178,0,0,100,0,368,401,16,14,0,124,-164,0,0,100,0,368,401,16,13,0,124,-155,0,0,100,0,240,448,16,9,0,115,-155,0,0,100,0,304,448,32,64,0,114,-125,0,0,100,0,704,0,32,32,0,116,-114,0,0,100,0,160,384,32,16,0,115,-143,0,0,100,0,304,384,32,48,0,88,-201,0,0,100,0,288,128,48,48,0,83,-120,0,0,100,0,192,96,32,32,0,81,-139,0,0,100,0,672,256,48,48,0,103,-166,0,0,100,0,320,224,32,32,0,103,-166,0,0,60,0,320,288,32,32,0,103,-166,0,0,30,0,320,320,32,32,0,103,-166,0,0,50,0,320,256,32,32,0,103,-166,0,0,50,0,320,352,32,32,0,78,-204,0,0,60,0,336,160,48,32,0,78,-204,0,0,30,0,336,192,48,32,0,78,-204,0,0,50,0,336,128,48,32,0,68,-214,0,0,30,0,64,336,48,48,0,57,-224,0,0,100,0,192,128,96,96,0,24,-188,0,1,60,0,64,416,48,48,0,47,-206,0,0,100,0,368,385,16,26,0,31,-198,0,0,100,0,368,385,16,26,0,31,-182,0,0,100,0,192,64,32,32,0,131,-166,0,0,100,0,256,32,32,32,0,81,-180,0,1,50,0,0,416,32,32,0,80,-180,0,0,100,0,192,0,32,32,0,69,-142,0,0,30,0,112,336,32,32,0,110,-148,0,0,20,0,48,336,16,16,0,100,-153,0,0,40,0,48,336,16,16,0,56,-167,0,0,50,0,0,336,48,48,0,81,-141,0,0,100,0,176,352,16,16,0,77,-139,0,0,100,0,176,352,16,16,0,73,-137,0,0,100,0,176,352,16,16,0,80,-135,0,0,100,0,176,368,16,16,0,52,-177,0,0,100,0,144,256,112,96,0,28,-121,0,0,100,0,48,384,64,32,0,90,-110,0,0,100,0,112,368,32,16,0,107,-120,0,0,100,0,112,384,48,32,0,96,-138,0,0,100,0,0,384,48,32,0,55,-130,0,0,100,0,160,400,32,16,0,80,-146,0,0,100,0,112,416,80,48,0,26,-152,0,0,50,0,0,256,144,80,0,0,-256,0,0,100,0,0,0,192,256,0,0,-256,0,0,100,0,0,624,192,256,0,
0,54,0,-256,0,0,100,0,192,624,192,256,0,52,-200,0,0,100,0,368,385,16,27,0,36,-174,0,0,100,0,192,448,48,48,0,26,-142,0,0,100,0,384,240,64,48,0,33,-157,0,0,100,0,240,384,64,64,0,26,-142,0,0,100,0,448,192,64,48,0,36,-151,0,0,100,0,192,384,48,64,0,26,-142,0,0,100,0,512,240,64,48,0,124,-208,0,0,100,0,368,385,16,30,0,124,-178,0,0,100,0,368,401,16,14,0,124,-164,0,0,100,0,368,401,16,13,0,124,-155,0,0,100,0,240,448,16,9,0,115,-155,0,0,100,0,304,448,32,64,0,112,-127,0,0,100,0,704,0,32,32,0,114,-112,0,0,100,0,160,384,32,16,0,115,-143,0,0,100,0,304,384,32,48,0,88,-201,0,0,100,0,288,128,48,48,0,83,-120,0,0,100,0,192,96,32,32,0,81,-139,0,0,100,0,672,256,48,48,0,103,-166,0,0,100,0,320,224,32,32,0,103,-166,0,0,60,0,320,288,32,32,0,103,-166,0,0,30,0,320,320,32,32,0,103,-166,0,0,50,0,320,256,32,32,0,103,-166,0,0,50,0,320,352,32,32,0,78,-204,0,0,60,0,336,160,48,32,0,78,-204,0,0,30,0,336,192,48,32,0,78,-204,0,0,50,0,336,128,48,32,0,68,-214,0,0,30,0,64,336,48,48,0,57,-224,0,0,100,0,192,128,96,96,0,24,-188,0,1,70,0,64,416,48,48,0,47,-206,0,0,100,0,368,385,16,26,0,31,-198,0,0,100,0,368,385,16,26,0,31,-182,0,0,100,0,224,64,32,32,0,131,-166,0,0,100,0,256,32,32,32,0,81,-180,0,1,50,0,0,416,32,32,0,80,-180,0,0,100,0,192,0,32,32,0,69,-142,0,0,30,0,112,336,32,32,0,110,-148,0,0,20,0,48,336,16,16,0,100,-153,0,0,40,0,48,336,16,16,0,56,-167,0,0,50,0,0,336,48,48,0,81,-141,0,0,100,0,176,352,16,16,0,77,-139,0,0,100,0,176,352,16,16,0,73,-137,0,0,100,0,176,352,16,16,0,80,-135,0,0,100,0,176,368,16,16,0,52,-177,0,0,100,0,144,256,112,96,0,28,-121,0,0,100,0,48,384,64,32,0,90,-110,0,0,100,0,112,368,32,16,0,107,-120,0,0,100,0,112,384,48,32,0,96,-138,0,0,100,0,0,384,48,32,0,55,-130,0,0,100,0,160,400,32,16,0,80,-146,0,0,100,0,112,416,80,48,0,26,-152,0,0,50,0,0,256,144,80,0,0,-256,0,0,100,0,0,0,192,256,0,0,-256,0,0,100,0,0,624,192,256,0,
0,54,0,-256,0,0,100,0,192,624,192,256,0,52,-200,0,0,100,0,368,385,16,27,0,36,-174,0,0,100,0,192,448,48,48,0,26,-142,0,0,100,0,384,240,64,48,0,33,-157,0,0,100,0,240,384,64,64,0,26,-142,0,0,100,0,448,240,64,48,0,36,-151,0,0,100,0,192,384,48,64,0,26,-142,0,0,100,0,512,240,64,48,0,124,-208,0,0,100,0,368,385,16,30,0,124,-178,0,0,100,0,368,401,16,14,0,124,-164,0,0,100,0,368,401,16,13,0,124,-155,0,0,100,0,240,448,16,9,0,111,-123,0,0,100,0,704,0,32,32,0,115,-155,0,0,100,0,304,448,32,64,0,112,-111,0,0,100,0,160,384,32,16,0,115,-143,0,0,100,0,304,384,32,48,0,88,-201,0,0,100,0,288,128,48,48,0,83,-120,0,0,100,0,192,96,32,32,0,81,-139,0,0,100,0,672,256,48,48,0,103,-166,0,0,100,0,320,224,32,32,0,103,-166,0,0,60,0,320,288,32,32,0,103,-166,0,0,30,0,320,320,32,32,0,103,-166,0,0,50,0,320,256,32,32,0,103,-166,0,0,50,0,320,352,32,32,0,78,-204,0,0,60,0,336,160,48,32,0,78,-204,0,0,30,0,336,192,48,32,0,78,-204,0,0,50,0,336,128,48,32,0,68,-214,0,0,30,0,64,336,48,48,0,57,-224,0,0,100,0,192,128,96,96,0,24,-188,0,1,100,0,64,416,48,48,0,47,-206,0,0,100,0,368,385,16,26,0,31,-198,0,0,100,0,368,385,16,26,0,31,-182,0,0,100,0,256,64,32,32,0,131,-166,0,0,100,0,256,32,32,32,0,81,-180,0,1,50,0,0,416,32,32,0,80,-180,0,0,100,0,192,0,32,32,0,69,-142,0,0,30,0,112,336,32,32,0,110,-148,0,0,20,0,48,336,16,16,0,100,-153,0,0,40,0,48,336,16,16,0,56,-167,0,0,50,0,0,336,48,48,0,81,-141,0,0,100,0,176,352,16,16,0,77,-139,0,0,100,0,176,352,16,16,0,73,-137,0,0,100,0,176,352,16,16,0,80,-135,0,0,100,0,176,368,16,16,0,52,-177,0,0,100,0,144,256,112,96,0,28,-121,0,0,100,0,48,384,64,32,0,90,-110,0,0,100,0,112,368,32,16,0,107,-120,0,0,100,0,112,384,48,32,0,96,-138,0,0,100,0,0,384,48,32,0,55,-130,0,0,100,0,160,400,32,16,0,80,-146,0,0,100,0,112,416,80,48,0,26,-152,0,0,50,0,0,256,144,80,0,0,-256,0,0,100,0,0,0,192,256,0,0,-256,0,0,100,0,0,624,192,256,0,
0,54,0,-256,0,0,100,0,192,624,192,256,0,52,-200,0,0,100,0,368,385,16,27,0,36,-174,0,0,100,0,192,448,48,48,0,26,-142,0,0,100,0,384,240,64,48,0,33,-157,0,0,100,0,240,384,64,64,0,26,-142,0,0,100,0,448,192,64,48,0,36,-151,0,0,100,0,192,384,48,64,0,26,-142,0,0,100,0,512,240,64,48,0,124,-208,0,0,100,0,368,385,16,30,0,124,-178,0,0,100,0,368,401,16,14,0,124,-164,0,0,100,0,368,401,16,13,0,124,-155,0,0,100,0,240,448,16,9,0,111,-123,0,0,100,0,704,0,32,32,0,115,-155,0,0,100,0,304,448,32,64,0,112,-111,0,0,100,0,160,384,32,16,0,115,-143,0,0,100,0,304,384,32,48,0,88,-201,0,0,100,0,288,128,48,48,0,83,-120,0,0,100,0,192,96,32,32,0,81,-139,0,0,100,0,672,256,48,48,0,103,-166,0,0,100,0,320,224,32,32,0,103,-166,0,0,60,0,320,288,32,32,0,103,-166,0,0,30,0,320,320,32,32,0,103,-166,0,0,50,0,320,256,32,32,0,103,-166,0,0,50,0,320,352,32,32,0,78,-204,0,0,60,0,336,160,48,32,0,78,-204,0,0,30,0,336,192,48,32,0,78,-204,0,0,50,0,336,128,48,32,0,68,-214,0,0,30,0,64,336,48,48,0,57,-224,0,0,100,0,192,128,96,96,0,24,-188,0,1,80,0,64,416,48,48,0,47,-206,0,0,100,0,368,385,16,26,0,31,-198,0,0,100,0,368,385,16,26,0,31,-182,0,0,100,0,288,64,32,32,0,131,-166,0,0,100,0,256,32,32,32,0,81,-180,0,1,50,0,0,416,32,32,0,80,-180,0,0,100,0,192,0,32,32,0,69,-142,0,0,30,0,112,336,32,32,0,110,-148,0,0,20,0,48,336,16,16,0,100,-153,0,0,40,0,48,336,16,16,0,56,-167,0,0,50,0,0,336,48,48,0,81,-141,0,0,100,0,176,352,16,16,0,77,-139,0,0,100,0,176,352,16,16,0,73,-137,0,0,100,0,176,352,16,16,0,80,-135,0,0,100,0,176,368,16,16,0,52,-177,0,0,100,0,144,256,112,96,0,28,-121,0,0,100,0,48,384,64,32,0,90,-110,0,0,100,0,112,368,32,16,0,107,-120,0,0,100,0,112,384,48,32,0,96,-138,0,0,100,0,0,384,48,32,0,55,-130,0,0,100,0,160,400,32,16,0,80,-146,0,0,100,0,112,416,80,48,0,26,-152,0,0,50,0,0,256,144,80,0,0,-256,0,0,100,0,0,0,192,256,0,0,-256,0,0,100,0,0,624,192,256,0,
0,54,0,-256,0,0,100,0,192,624,192,256,0,52,-200,0,0,100,0,368,385,16,27,0,36,-174,0,0,100,0,192,448,48,48,0,26,-142,0,0,100,0,384,240,64,48,0,33,-157,0,0,100,0,240,384,64,64,0,26,-142,0,0,100,0,448,240,64,48,0,36,-151,0,0,100,0,192,384,48,64,0,26,-142,0,0,100,0,512,240,64,48,0,124,-208,0,0,100,0,368,385,16,30,0,124,-178,0,0,100,0,368,401,16,14,0,124,-164,0,0,100,0,368,401,16,13,0,124,-155,0,0,100,0,240,448,16,9,0,111,-123,0,0,100,0,704,0,32,32,0,115,-155,0,0,100,0,304,448,32,64,0,112,-111,0,0,100,0,160,384,32,16,0,115,-143,0,0,100,0,304,384,32,48,0,88,-201,0,0,100,0,288,128,48,48,0,83,-120,0,0,100,0,192,96,32,32,0,81,-139,0,0,100,0,672,256,48,48,0,103,-166,0,0,100,0,320,224,32,32,0,103,-166,0,0,60,0,320,288,32,32,0,103,-166,0,0,30,0,320,320,32,32,0,103,-166,0,0,50,0,320,256,32,32,0,103,-166,0,0,50,0,320,352,32,32,0,78,-204,0,0,60,0,336,160,48,32,0,78,-204,0,0,30,0,336,192,48,32,0,78,-204,0,0,50,0,336,128,48,32,0,68,-214,0,0,30,0,64,336,48,48,0,57,-224,0,0,100,0,192,128,96,96,0,24,-188,0,1,60,0,64,416,48,48,0,47,-206,0,0,100,0,368,385,16,26,0,31,-198,0,0,100,0,368,385,16,26,0,31,-182,0,0,100,0,192,64,32,32,0,131,-166,0,0,100,0,256,32,32,32,0,81,-180,0,1,50,0,0,416,32,32,0,80,-180,0,0,100,0,192,0,32,32,0,69,-142,0,0,30,0,112,336,32,32,0,110,-148,0,0,20,0,48,336,16,16,0,100,-153,0,0,40,0,48,336,16,16,0,56,-167,0,0,50,0,0,336,48,48,0,81,-141,0,0,100,0,176,352,16,16,0,77,-139,0,0,100,0,176,352,16,16,0,73,-137,0,0,100,0,176,352,16,16,0,80,-135,0,0,100,0,176,368,16,16,0,52,-177,0,0,100,0,144,256,112,96,0,28,-121,0,0,100,0,48,384,64,32,0,90,-110,0,0,100,0,112,368,32,16,0,107,-120,0,0,100,0,112,384,48,32,0,96,-138,0,0,100,0,0,384,48,32,0,55,-130,0,0,100,0,160,400,32,16,0,80,-146,0,0,100,0,112,416,80,48,0,26,-152,0,0,50,0,0,256,144,80,0,0,-256,0,0,100,0,0,0,192,256,0,0,-256,0,0,100,0,0,624,192,256,0,
0,54,0,-256,0,0,100,0,192,624,192,256,0,52,-200,0,0,100,0,368,385,16,27,0,36,-174,0,0,100,0,192,448,48,48,0,26,-142,0,0,100,0,384,240,64,48,0,33,-157,0,0,100,0,240,384,64,64,0,26,-142,0,0,100,0,448,192,64,48,0,36,-151,0,0,100,0,192,384,48,64,0,26,-142,0,0,100,0,512,240,64,48,0,124,-208,0,0,100,0,368,385,16,30,0,124,-178,0,0,100,0,368,401,16,14,0,124,-164,0,0,100,0,368,401,16,13,0,124,-155,0,0,100,0,240,448,16,9,0,111,-123,0,0,100,0,704,0,32,32,0,115,-155,0,0,100,0,304,448,32,64,0,112,-111,0,0,100,0,160,384,32,16,0,115,-143,0,0,100,0,304,384,32,48,0,88,-201,0,0,100,0,288,128,48,48,0,83,-120,0,0,100,0,192,96,32,32,0,81,-139,0,0,100,0,672,256,48,48,0,103,-166,0,0,100,0,320,224,32,32,0,103,-166,0,0,60,0,320,288,32,32,0,103,-166,0,0,30,0,320,320,32,32,0,103,-166,0,0,50,0,320,256,32,32,0,103,-166,0,0,50,0,320,352,32,32,0,78,-204,0,0,60,0,336,160,48,32,0,78,-204,0,0,30,0,336,192,48,32,0,78,-204,0,0,50,0,336,128,48,32,0,68,-214,0,0,30,0,64,336,48,48,0,57,-224,0,0,100,0,192,128,96,96,0,24,-188,0,1,70,0,64,416,48,48,0,47,-206,0,0,100,0,368,385,16,26,0,31,-198,0,0,100,0,368,385,16,26,0,31,-182,0,0,100,0,224,64,32,32,0,131,-166,0,0,100,0,256,32,32,32,0,81,-180,0,1,50,0,0,416,32,32,0,80,-180,0,0,100,0,192,0,32,32,0,69,-142,0,0,30,0,112,336,32,32,0,110,-148,0,0,20,0,48,336,16,16,0,100,-153,0,0,40,0,48,336,16,16,0,56,-167,0,0,50,0,0,336,48,48,0,81,-141,0,0,100,0,176,352,16,16,0,77,-139,0,0,100,0,176,352,16,16,0,73,-137,0,0,100,0,176,352,16,16,0,80,-135,0,0,100,0,176,368,16,16,0,52,-177,0,0,100,0,144,256,112,96,0,28,-121,0,0,100,0,48,384,64,32,0,90,-110,0,0,100,0,112,368,32,16,0,107,-120,0,0,100,0,112,384,48,32,0,96,-138,0,0,100,0,0,384,48,32,0,55,-130,0,0,100,0,160,400,32,16,0,80,-146,0,0,100,0,112,416,80,48,0,26,-152,0,0,50,0,0,256,144,80,0,0,-256,0,0,100,0,0,0,192,256,0,0,-256,0,0,100,0,0,624,192,256,0,
0,54,0,-256,0,0,100,0,192,624,192,256,0,52,-200,0,0,100,0,368,385,16,27,0,36,-174,0,0,100,0,192,448,48,48,0,26,-142,0,0,100,0,384,240,64,48,0,33,-157,0,0,100,0,240,384,64,64,0,26,-142,0,0,100,0,448,240,64,48,0,36,-151,0,0,100,0,192,384,48,64,0,26,-142,0,0,100,0,512,240,64,48,0,124,-208,0,0,100,0,368,385,16,30,0,124,-178,0,0,100,0,368,401,16,14,0,124,-164,0,0,100,0,368,401,16,13,0,124,-155,0,0,100,0,240,448,16,9,0,103,-120,0,0,100,0,736,0,32,32,0,115,-155,0,0,100,0,304,448,32,64,0,106,-106,0,0,70,0,160,384,32,16,0,115,-143,0,0,100,0,304,384,32,48,0,88,-201,0,0,100,0,288,128,48,48,0,83,-120,0,0,100,0,192,96,32,32,0,81,-139,0,0,100,0,624,112,48,48,0,103,-166,0,0,100,0,320,224,32,32,0,103,-166,0,0,60,0,320,288,32,32,0,103,-166,0,0,30,0,320,320,32,32,0,103,-166,0,0,50,0,320,256,32,32,0,103,-166,0,0,50,0,320,352,32,32,0,78,-204,0,0,60,0,336,160,48,32,0,78,-204,0,0,30,0,336,192,48,32,0,78,-204,0,0,50,0,336,128,48,32,0,68,-214,0,0,30,0,64,336,48,48,0,57,-224,0,0,100,0,192,128,96,96,0,24,-188,0,1,100,0,64,416,48,48,0,47,-206,0,0,100,0,368,385,16,26,0,31,-198,0,0,100,0,368,385,16,26,0,31,-182,0,0,100,0,256,64,32,32,0,131,-166,0,0,100,0,256,32,32,32,0,81,-180,0,1,50,0,0,416,32,32,0,80,-180,0,0,100,0,192,0,32,32,0,69,-142,0,0,30,0,112,336,32,32,0,110,-148,0,0,20,0,48,336,16,16,0,100,-153,0,0,40,0,48,336,16,16,0,56,-167,0,0,50,0,0,336,48,48,0,81,-141,0,0,100,0,176,352,16,16,0,77,-139,0,0,100,0,176,352,16,16,0,73,-137,0,0,100,0,176,352,16,16,0,80,-135,0,0,100,0,176,368,16,16,0,52,-177,0,0,100,0,144,256,112,96,0,28,-121,0,0,100,0,48,384,64,32,0,90,-110,0,0,100,0,112,368,32,16,0,107,-120,0,0,100,0,112,384,48,32,0,96,-138,0,0,100,0,0,384,48,32,0,55,-130,0,0,100,0,160,400,32,16,0,80,-146,0,0,100,0,112,416,80,48,0,26,-152,0,0,50,0,0,256,144,80,0,0,-256,0,0,100,0,0,0,192,256,0,0,-256,0,0,100,0,0,624,192,256,0,
0,54,0,-256,0,0,100,0,192,624,192,256,0,94,-121,0,0,100,0,736,32,32,32,0,52,-200,0,0,100,0,368,385,16,27,0,36,-174,0,0,100,0,192,448,48,48,0,26,-142,0,0,100,0,384,240,64,48,0,33,-157,0,0,100,0,240,384,64,64,0,26,-142,0,0,100,0,448,192,64,48,0,36,-151,0,0,100,0,192,384,48,64,0,26,-142,0,0,100,0,512,240,64,48,0,124,-208,0,0,100,0,368,385,16,30,0,124,-178,0,0,100,0,368,401,16,14,0,124,-164,0,0,100,0,368,401,16,13,0,124,-155,0,0,100,0,240,448,16,9,0,115,-155,0,0,100,0,304,448,32,64,0,96,-102,0,0,50,0,160,384,32,16,0,115,-143,0,0,100,0,304,384,32,48,0,88,-201,0,0,100,0,288,128,48,48,0,83,-120,0,0,100,0,192,96,32,32,0,81,-139,0,0,100,0,624,112,48,48,0,103,-166,0,0,100,0,320,224,32,32,0,103,-166,0,0,60,0,320,288,32,32,0,103,-166,0,0,30,0,320,320,32,32,0,103,-166,0,0,50,0,320,256,32,32,0,103,-166,0,0,50,0,320,352,32,32,0,78,-204,0,0,60,0,336,160,48,32,0,78,-204,0,0,30,0,336,192,48,32,0,78,-204,0,0,50,0,336,128,48,32,0,68,-214,0,0,30,0,64,336,48,48,0,57,-224,0,0,100,0,192,128,96,96,0,24,-188,0,1,80,0,64,416,48,48,0,47,-206,0,0,100,0,368,385,16,26,0,31,-198,0,0,100,0,368,385,16,26,0,31,-182,0,0,100,0,288,64,32,32,0,131,-166,0,0,100,0,256,32,32,32,0,81,-180,0,1,50,0,0,416,32,32,0,80,-180,0,0,100,0,192,0,32,32,0,69,-142,0,0,30,0,112,336,32,32,0,110,-148,0,0,20,0,48,336,16,16,0,100,-153,0,0,40,0,48,336,16,16,0,56,-167,0,0,50,0,0,336,48,48,0,81,-141,0,0,100,0,176,352,16,16,0,77,-139,0,0,100,0,176,352,16,16,0,73,-137,0,0,100,0,176,352,16,16,0,80,-135,0,0,100,0,176,368,16,16,0,52,-177,0,0,100,0,144,256,112,96,0,28,-121,0,0,100,0,48,384,64,32,0,90,-110,0,0,100,0,112,368,32,16,0,107,-120,0,0,100,0,112,384,48,32,0,96,-138,0,0,100,0,0,384,48,32,0,55,-130,0,0,100,0,160,400,32,16,0,80,-146,0,0,100,0,112,416,80,48,0,26,-152,0,0,50,0,0,256,144,80,0,0,-256,0,0,100,0,0,0,192,256,0,0,-256,0,0,100,0,0,624,192,256,0,
0,54,0,-256,0,0,100,0,192,624,192,256,0,84,-125,0,0,100,0,736,0,32,32,0,52,-200,0,0,100,0,368,385,16,27,0,36,-174,0,0,100,0,192,448,48,48,0,26,-142,0,0,100,0,384,240,64,48,0,33,-157,0,0,100,0,240,384,64,64,0,26,-142,0,0,100,0,448,240,64,48,0,36,-151,0,0,100,0,192,384,48,64,0,26,-142,0,0,100,0,512,240,64,48,0,124,-208,0,0,100,0,368,385,16,30,0,124,-178,0,0,100,0,368,401,16,14,0,124,-164,0,0,100,0,368,401,16,13,0,124,-155,0,0,100,0,240,448,16,9,0,115,-155,0,0,100,0,304,448,32,64,0,86,-99,0,0,20,0,160,384,32,16,0,115,-143,0,0,100,0,304,384,32,48,0,88,-201,0,0,100,0,288,128,48,48,0,83,-120,0,0,100,0,192,96,32,32,0,81,-139,0,0,100,0,576,64,48,48,0,103,-166,0,0,100,0,320,224,32,32,0,103,-166,0,0,60,0,320,288,32,32,0,103,-166,0,0,30,0,320,320,32,32,0,103,-166,0,0,50,0,320,256,32,32,0,103,-166,0,0,50,0,320,352,32,32,0,78,-204,0,0,60,0,336,160,48,32,0,78,-204,0,0,30,0,336,192,48,32,0,78,-204,0,0,50,0,336,128,48,32,0,68,-214,0,0,30,0,64,336,48,48,0,57,-224,0,0,100,0,192,128,96,96,0,24,-188,0,1,60,0,64,416,48,48,0,47,-206,0,0,100,0,368,385,16,26,0,31,-198,0,0,100,0,368,385,16,26,0,31,-182,0,0,100,0,192,64,32,32,0,131,-166,0,0,100,0,256,32,32,32,0,81,-180,0,1,50,0,0,416,32,32,0,80,-180,0,0,100,0,192,0,32,32,0,69,-142,0,0,30,0,112,336,32,32,0,110,-148,0,0,20,0,48,336,16,16,0,100,-153,0,0,40,0,48,336,16,16,0,56,-167,0,0,50,0,0,336,48,48,0,81,-141,0,0,100,0,176,352,16,16,0,77,-139,0,0,100,0,176,352,16,16,0,73,-137,0,0,100,0,176,352,16,16,0,80,-135,0,0,100,0,176,368,16,16,0,52,-177,0,0,100,0,144,256,112,96,0,28,-121,0,0,100,0,48,384,64,32,0,90,-110,0,0,100,0,112,368,32,16,0,107,-120,0,0,100,0,112,384,48,32,0,96,-138,0,0,100,0,0,384,48,32,0,55,-130,0,0,100,0,160,400,32,16,0,80,-146,0,0,100,0,112,416,80,48,0,26,-152,0,0,50,0,0,256,144,80,0,0,-256,0,0,100,0,0,0,192,256,0,0,-256,0,0,100,0,0,624,192,256,0,
0,54,0,-256,0,0,100,0,192,624,192,256,0,75,-132,0,0,100,0,768,32,32,32,0,52,-200,0,0,100,0,368,385,16,27,0,36,-174,0,0,100,0,192,448,48,48,0,26,-142,0,0,100,0,384,240,64,48,0,33,-157,0,0,100,0,240,384,64,64,0,26,-142,0,0,100,0,448,192,64,48,0,36,-151,0,0,100,0,192,384,48,64,0,26,-142,0,0,100,0,512,240,64,48,0,124,-208,0,0,100,0,368,385,16,30,0,124,-178,0,0,100,0,368,401,16,14,0,124,-164,0,0,100,0,368,401,16,13,0,124,-155,0,0,100,0,240,448,16,9,0,115,-155,0,0,100,0,304,448,32,64,0,77,-103,0,0,20,0,160,384,32,16,0,115,-143,0,0,100,0,304,384,32,48,0,88,-201,0,0,100,0,288,128,48,48,0,83,-120,0,0,100,0,192,96,32,32,0,81,-139,0,0,100,0,576,64,48,48,0,103,-166,0,0,100,0,320,224,32,32,0,103,-166,0,0,60,0,320,288,32,32,0,103,-166,0,0,30,0,320,320,32,32,0,103,-166,0,0,50,0,320,256,32,32,0,103,-166,0,0,50,0,320,352,32,32,0,78,-204,0,0,60,0,336,160,48,32,0,78,-204,0,0,30,0,336,192,48,32,0,78,-204,0,0,50,0,336,128,48,32,0,68,-214,0,0,30,0,64,336,48,48,0,57,-224,0,0,100,0,192,128,96,96,0,24,-188,0,1,70,0,64,416,48,48,0,47,-206,0,0,100,0,368,385,16,26,0,31,-198,0,0,100,0,368,385,16,26,0,31,-182,0,0,100,0,224,64,32,32,0,131,-166,0,0,100,0,256,32,32,32,0,81,-180,0,1,50,0,0,416,32,32,0,80,-180,0,0,100,0,192,0,32,32,0,69,-142,0,0,30,0,112,336,32,32,0,110,-148,0,0,20,0,48,336,16,16,0,100,-153,0,0,40,0,48,336,16,16,0,56,-167,0,0,50,0,0,336,48,48,0,81,-141,0,0,100,0,176,352,16,16,0,77,-139,0,0,100,0,176,352,16,16,0,73,-137,0,0,100,0,176,352,16,16,0,80,-135,0,0,100,0,176,368,16,16,0,52,-177,0,0,100,0,144,256,112,96,0,28,-121,0,0,100,0,48,384,64,32,0,90,-110,0,0,100,0,112,368,32,16,0,107,-120,0,0,100,0,112,384,48,32,0,96,-138,0,0,100,0,0,384,48,32,0,55,-130,0,0,100,0,160,400,32,16,0,80,-146,0,0,100,0,112,416,80,48,0,26,-152,0,0,50,0,0,256,144,80,0,0,-256,0,0,100,0,0,0,192,256,0,0,-256,0,0,100,0,0,624,192,256,0,
0,54,0,-256,0,0,100,0,192,624,192,256,0,74,-135,0,0,100,0,768,0,32,32,0,52,-200,0,0,100,0,368,385,16,27,0,36,-174,0,0,100,0,192,448,48,48,0,26,-142,0,0,100,0,384,240,64,48,0,33,-157,0,0,100,0,240,384,64,64,0,26,-142,0,0,100,0,448,240,64,48,0,36,-151,0,0,100,0,192,384,48,64,0,26,-142,0,0,100,0,512,240,64,48,0,124,-208,0,0,100,0,368,385,16,30,0,124,-178,0,0,100,0,368,401,16,14,0,124,-164,0,0,100,0,368,401,16,13,0,124,-155,0,0,100,0,240,448,16,9,0,115,-155,0,0,100,0,304,448,32,64,0,73,-108,0,0,20,0,160,384,32,16,0,115,-143,0,0,100,0,304,384,32,48,0,88,-201,0,0,100,0,288,128,48,48,0,83,-120,0,0,100,0,192,96,32,32,0,81,-139,0,0,100,0,768,64,48,48,0,103,-166,0,0,100,0,320,224,32,32,0,103,-166,0,0,60,0,320,288,32,32,0,103,-166,0,0,30,0,320,320,32,32,0,103,-166,0,0,50,0,320,256,32,32,0,103,-166,0,0,50,0,320,352,32,32,0,78,-204,0,0,60,0,336,160,48,32,0,78,-204,0,0,30,0,336,192,48,32,0,78,-204,0,0,50,0,336,128,48,32,0,68,-214,0,0,30,0,64,336,48,48,0,57,-224,0,0,100,0,192,128,96,96,0,24,-188,0,1,100,0,64,416,48,48,0,47,-206,0,0,100,0,368,385,16,26,0,31,-198,0,0,100,0,368,385,16,26,0,31,-182,0,0,100,0,256,64,32,32,0,131,-166,0,0,100,0,256,32,32,32,0,81,-180,0,1,50,0,0,416,32,32,0,80,-180,0,0,100,0,192,0,32,32,0,69,-142,0,0,30,0,112,336,32,32,0,110,-148,0,0,20,0,48,336,16,16,0,100,-153,0,0,40,0,48,336,16,16,0,56,-167,0,0,50,0,0,336,48,48,0,81,-141,0,0,100,0,176,352,16,16,0,77,-139,0,0,100,0,176,352,16,16,0,73,-137,0,0,100,0,176,352,16,16,0,80,-135,0,0,100,0,176,368,16,16,0,52,-177,0,0,100,0,144,256,112,96,0,28,-121,0,0,100,0,48,384,64,32,0,90,-110,0,0,100,0,112,368,32,16,0,107,-120,0,0,100,0,112,384,48,32,0,96,-138,0,0,100,0,0,384,48,32,0,55,-130,0,0,100,0,160,400,32,16,0,80,-146,0,0,100,0,112,416,80,48,0,26,-152,0,0,50,0,0,256,144,80,0,0,-256,0,0,100,0,0,0,192,256,0,0,-256,0,0,100,0,0,624,192,256,0,
0,54,0,-256,0,0,100,0,192,624,192,256,0,74,-135,0,0,100,0,768,32,32,32,0,52,-200,0,0,100,0,368,385,16,27,0,36,-174,0,0,100,0,192,448,48,48,0,26,-142,0,0,100,0,384,240,64,48,0,33,-157,0,0,100,0,240,384,64,64,0,26,-142,0,0,100,0,448,192,64,48,0,36,-151,0,0,100,0,192,384,48,64,0,26,-142,0,0,100,0,512,240,64,48,0,124,-208,0,0,100,0,368,385,16,30,0,124,-178,0,0,100,0,368,401,16,14,0,124,-164,0,0,100,0,368,401,16,13,0,124,-155,0,0,100,0,240,448,16,9,0,115,-155,0,0,100,0,304,448,32,64,0,73,-108,0,0,20,0,160,384,32,16,0,115,-143,0,0,100,0,304,384,32,48,0,88,-201,0,0,100,0,288,128,48,48,0,83,-120,0,0,100,0,192,96,32,32,0,81,-139,0,0,100,0,720,64,48,48,0,103,-166,0,0,100,0,320,224,32,32,0,103,-166,0,0,60,0,320,288,32,32,0,103,-166,0,0,30,0,320,320,32,32,0,103,-166,0,0,50,0,320,256,32,32,0,103,-166,0,0,50,0,320,352,32,32,0,78,-204,0,0,60,0,336,160,48,32,0,78,-204,0,0,30,0,336,192,48,32,0,78,-204,0,0,50,0,336,128,48,32,0,68,-214,0,0,30,0,64,336,48,48,0,57,-224,0,0,100,0,192,128,96,96,0,24,-188,0,1,80,0,64,416,48,48,0,47,-206,0,0,100,0,368,385,16,26,0,31,-198,0,0,100,0,368,385,16,26,0,31,-182,0,0,100,0,288,64,32,32,0,131,-166,0,0,100,0,256,32,32,32,0,81,-180,0,1,50,0,0,416,32,32,0,80,-180,0,0,100,0,192,0,32,32,0,69,-142,0,0,30,0,112,336,32,32,0,110,-148,0,0,20,0,48,336,16,16,0,100,-153,0,0,40,0,48,336,16,16,0,56,-167,0,0,50,0,0,336,48,48,0,81,-141,0,0,100,0,176,352,16,16,0,77,-139,0,0,100,0,176,352,16,16,0,73,-137,0,0,100,0,176,352,16,16,0,80,-135,0,0,100,0,176,368,16,16,0,52,-177,0,0,100,0,144,256,112,96,0,28,-121,0,0,100,0,48,384,64,32,0,90,-110,0,0,100,0,112,368,32,16,0,107,-120,0,0,100,0,112,384,48,32,0,96,-138,0,0,100,0,0,384,48,32,0,55,-130,0,0,100,0,160,400,32,16,0,80,-146,0,0,100,0,112,416,80,48,0,26,-152,0,0,50,0,0,256,144,80,0,0,-256,0,0,100,0,0,0,192,256,0,0,-256,0,0,100,0,0,624,192,256,0,
0,54,0,-256,0,0,100,0,192,624,192,256,0,74,-135,0,0,100,0,768,0,32,32,0,52,-200,0,0,100,0,368,385,16,27,0,36,-174,0,0,100,0,192,448,48,48,0,26,-142,0,0,100,0,384,240,64,48,0,33,-157,0,0,100,0,240,384,64,64,0,26,-142,0,0,100,0,448,240,64,48,0,36,-151,0,0,100,0,192,384,48,64,0,26,-142,0,0,100,0,512,240,64,48,0,124,-208,0,0,100,0,368,385,16,30,0,124,-178,0,0,100,0,368,401,16,14,0,124,-164,0,0,100,0,368,401,16,13,0,124,-155,0,0,100,0,240,448,16,9,0,115,-155,0,0,100,0,304,448,32,64,0,73,-108,0,0,20,0,160,384,32,16,0,115,-143,0,0,100,0,304,384,32,48,0,88,-201,0,0,100,0,288,128,48,48,0,83,-120,0,0,100,0,192,96,32,32,0,81,-139,0,0,100,0,720,64,48,48,0,103,-166,0,0,100,0,320,224,32,32,0,103,-166,0,0,60,0,320,288,32,32,0,103,-166,0,0,30,0,320,320,32,32,0,103,-166,0,0,50,0,320,256,32,32,0,103,-166,0,0,50,0,320,352,32,32,0,78,-204,0,0,60,0,336,160,48,32,0,78,-204,0,0,30,0,336,192,48,32,0,78,-204,0,0,50,0,336,128,48,32,0,68,-214,0,0,30,0,64,336,48,48,0,57,-224,0,0,100,0,192,128,96,96,0,24,-188,0,1,60,0,64,416,48,48,0,47,-206,0,0,100,0,368,385,16,26,0,31,-198,0,0,100,0,368,385,16,26,0,31,-182,0,0,100,0,192,64,32,32,0,131,-166,0,0,100,0,256,32,32,32,0,81,-180,0,1,50,0,0,416,32,32,0,80,-180,0,0,100,0,192,0,32,32,0,69,-142,0,0,30,0,112,336,32,32,0,110,-148,0,0,20,0,48,336,16,16,0,100,-153,0,0,40,0,48,336,16,16,0,56,-167,0,0,50,0,0,336,48,48,0,81,-141,0,0,100,0,176,352,16,16,0,77,-139,0,0,100,0,176,352,16,16,0,73,-137,0,0,100,0,176,352,16,16,0,80,-135,0,0,100,0,176,368,16,16,0,52,-177,0,0,100,0,144,256,112,96,0,28,-121,0,0,100,0,48,384,64,32,0,90,-110,0,0,100,0,112,368,32,16,0,107,-120,0,0,100,0,112,384,48,32,0,96,-138,0,0,100,0,0,384,48,32,0,55,-130,0,0,100,0,160,400,32,16,0,80,-146,0,0,100,0,112,416,80,48,0,26,-152,0,0,50,0,0,256,144,80,0,0,-256,0,0,100,0,0,0,192,256,0,0,-256,0,0,100,0,0,624,192,256,0,
0,56,0,-256,0,0,100,0,192,624,192,256,0,92,-135,0,0,100,0,704,32,16,16,0,92,-135,0,1,100,0,704,48,16,16,0,77,-135,0,0,100,0,768,32,32,32,0,52,-200,0,0,100,0,368,385,16,27,0,36,-174,0,0,100,0,192,448,48,48,0,26,-142,0,0,100,0,384,240,64,48,0,33,-157,0,0,100,0,240,384,64,64,0,26,-142,0,0,100,0,448,192,64,48,0,36,-151,0,0,100,0,192,384,48,64,0,26,-142,0,0,100,0,512,240,64,48,0,124,-208,0,0,100,0,368,385,16,30,0,124,-178,0,0,100,0,368,401,16,14,0,124,-164,0,0,100,0,368,401,16,13,0,124,-155,0,0,100,0,240,448,16,9,0,115,-155,0,0,100,0,304,448,32,64,0,115,-143,0,0,100,0,304,384,32,48,0,88,-201,0,0,100,0,288,128,48,48,0,83,-120,0,0,100,0,192,96,32,32,0,76,-109,0,0,20,0,160,384,32,16,0,81,-139,0,0,100,0,720,64,48,48,0,103,-166,0,0,100,0,320,224,32,32,0,103,-166,0,0,60,0,320,288,32,32,0,103,-166,0,0,30,0,320,320,32,32,0,103,-166,0,0,50,0,320,256,32,32,0,103,-166,0,0,50,0,320,352,32,32,0,78,-204,0,0,60,0,336,160,48,32,0,78,-204,0,0,30,0,336,192,48,32,0,78,-204,0,0,50,0,336,128,48,32,0,68,-214,0,0,30,0,64,336,48,48,0,57,-224,0,0,100,0,192,128,96,96,0,24,-188,0,1,70,0,64,416,48,48,0,47,-206,0,0,100,0,368,385,16,26,0,31,-198,0,0,100,0,368,385,16,26,0,31,-182,0,0,100,0,224,64,32,32,0,131,-166,0,0,100,0,256,32,32,32,0,81,-180,0,1,50,0,0,416,32,32,0,80,-180,0,0,100,0,192,0,32,32,0,69,-142,0,0,30,0,112,336,32,32,0,110,-148,0,0,20,0,48,336,16,16,0,100,-153,0,0,40,0,48,336,16,16,0,56,-167,0,0,50,0,0,336,48,48,0,81,-141,0,0,100,0,176,352,16,16,0,77,-139,0,0,100,0,176,352,16,16,0,73,-137,0,0,100,0,176,352,16,16,0,80,-135,0,0,100,0,176,368,16,16,0,52,-177,0,0,100,0,144,256,112,96,0,28,-121,0,0,100,0,48,384,64,32,0,90,-110,0,0,100,0,112,368,32,16,0,107,-120,0,0,100,0,112,384,48,32,0,96,-138,0,0,100,0,0,384,48,32,0,55,-130,0,0,100,0,160,400,32,16,0,80,-146,0,0,100,0,112,416,80,48,0,26,-152,0,0,50,0,0,256,144,80,0,0,-256,0,0,100,0,0,0,192,256,0,0,-256,0,0,100,0,0,624,192,256,0,
0,56,0,-256,0,0,100,0,192,624,192,256,0,93,-139,0,0,100,0,720,32,16,16,0,93,-138,0,1,100,0,720,48,16,16,0,78,-135,0,0,100,0,768,0,32,32,0,52,-200,0,0,100,0,368,385,16,27,0,36,-174,0,0,100,0,192,448,48,48,0,26,-142,0,0,100,0,384,240,64,48,0,33,-157,0,0,100,0,240,384,64,64,0,26,-142,0,0,100,0,448,240,64,48,0,36,-151,0,0,100,0,192,384,48,64,0,26,-142,0,0,100,0,512,240,64,48,0,124,-208,0,0,100,0,368,385,16,30,0,124,-178,0,0,100,0,368,401,16,14,0,124,-164,0,0,100,0,368,401,16,13,0,124,-155,0,0,100,0,240,448,16,9,0,115,-155,0,0,100,0,304,448,32,64,0,115,-143,0,0,100,0,304,384,32,48,0,88,-201,0,0,100,0,288,128,48,48,0,83,-120,0,0,100,0,192,96,32,32,0,77,-109,0,0,20,0,160,384,32,16,0,81,-139,0,0,100,0,720,64,48,48,0,103,-166,0,0,100,0,320,224,32,32,0,103,-166,0,0,60,0,320,288,32,32,0,103,-166,0,0,30,0,320,320,32,32,0,103,-166,0,0,50,0,320,256,32,32,0,103,-166,0,0,50,0,320,352,32,32,0,78,-204,0,0,60,0,336,160,48,32,0,78,-204,0,0,30,0,336,192,48,32,0,78,-204,0,0,50,0,336,128,48,32,0,68,-214,0,0,30,0,64,336,48,48,0,57,-224,0,0,100,0,192,128,96,96,0,24,-188,0,1,100,0,64,416,48,48,0,47,-206,0,0,100,0,368,385,16,26,0,31,-198,0,0,100,0,368,385,16,26,0,31,-182,0,0,100,0,256,64,32,32,0,131,-166,0,0,100,0,256,32,32,32,0,81,-180,0,1,50,0,0,416,32,32,0,80,-180,0,0,100,0,192,0,32,32,0,69,-142,0,0,30,0,112,336,32,32,0,110,-148,0,0,20,0,48,336,16,16,0,100,-153,0,0,40,0,48,336,16,16,0,56,-167,0,0,50,0,0,336,48,48,0,81,-141,0,0,100,0,176,352,16,16,0,77,-139,0,0,100,0,176,352,16,16,0,73,-137,0,0,100,0,176,352,16,16,0,80,-135,0,0,100,0,176,368,16,16,0,52,-177,0,0,100,0,144,256,112,96,0,28,-121,0,0,100,0,48,384,64,32,0,90,-110,0,0,100,0,112,368,32,16,0,107,-120,0,0,100,0,112,384,48,32,0,96,-138,0,0,100,0,0,384,48,32,0,55,-130,0,0,100,0,160,400,32,16,0,80,-146,0,0,100,0,112,416,80,48,0,26,-152,0,0,50,0,0,256,144,80,0,0,-256,0,0,100,0,0,0,192,256,0,0,-256,0,0,100,0,0,624,192,256,0,
0,56,0,-256,0,0,100,0,192,624,192,256,0,93,-140,0,0,100,0,720,32,16,16,0,93,-139,0,1,100,0,720,48,16,16,0,78,-135,0,0,100,0,768,32,32,32,0,52,-200,0,0,100,0,368,385,16,27,0,36,-174,0,0,100,0,192,448,48,48,0,26,-142,0,0,100,0,384,240,64,48,0,33,-157,0,0,100,0,240,384,64,64,0,26,-142,0,0,100,0,448,192,64,48,0,36,-151,0,0,100,0,192,384,48,64,0,26,-142,0,0,100,0,512,240,64,48,0,124,-208,0,0,100,0,368,385,16,30,0,124,-178,0,0,100,0,368,401,16,14,0,124,-164,0,0,100,0,368,401,16,13,0,124,-155,0,0,100,0,240,448,16,9,0,115,-155,0,0,100,0,304,448,32,64,0,115,-143,0,0,100,0,304,384,32,48,0,88,-201,0,0,100,0,288,128,48,48,0,83,-120,0,0,100,0,192,96,32,32,0,77,-109,0,0,20,0,160,384,32,16,0,81,-139,0,0,100,0,720,64,48,48,0,103,-166,0,0,100,0,320,224,32,32,0,103,-166,0,0,60,0,320,288,32,32,0,103,-166,0,0,30,0,320,320,32,32,0,103,-166,0,0,50,0,320,256,32,32,0,103,-166,0,0,50,0,320,352,32,32,0,78,-204,0,0,60,0,336,160,48,32,0,78,-204,0,0,30,0,336,192,48,32,0,78,-204,0,0,50,0,336,128,48,32,0,68,-214,0,0,30,0,64,336,48,48,0,57,-224,0,0,100,0,192,128,96,96,0,24,-188,0,1,80,0,64,416,48,48,0,47,-206,0,0,100,0,368,385,16,26,0,31,-198,0,0,100,0,368,385,16,26,0,31,-182,0,0,100,0,288,64,32,32,0,131,-166,0,0,100,0,256,32,32,32,0,81,-180,0,1,50,0,0,416,32,32,0,80,-180,0,0,100,0,192,0,32,32,0,69,-142,0,0,30,0,112,336,32,32,0,110,-148,0,0,20,0,48,336,16,16,0,100,-153,0,0,40,0,48,336,16,16,0,56,-167,0,0,50,0,0,336,48,48,0,81,-141,0,0,100,0,176,352,16,16,0,77,-139,0,0,100,0,176,352,16,16,0,73,-137,0,0,100,0,176,352,16,16,0,80,-135,0,0,100,0,176,368,16,16,0,52,-177,0,0,100,0,144,256,112,96,0,28,-121,0,0,100,0,48,384,64,32,0,90,-110,0,0,100,0,112,368,32,16,0,107,-120,0,0,100,0,112,384,48,32,0,96,-138,0,0,100,0,0,384,48,32,0,55,-130,0,0,100,0,160,400,32,16,0,80,-146,0,0,100,0,112,416,80,48,0,26,-152,0,0,50,0,0,256,144,80,0,0,-256,0,0,100,0,0,0,192,256,0,0,-256,0,0,100,0,0,624,192,256,0,
0,56,0,-256,0,0,100,0,192,624,192,256,0,93,-141,0,0,100,0,720,32,16,16,0,93,-140,0,1,100,0,720,48,16,16,0,76,-135,0,0,100,0,768,0,32,32,0,52,-200,0,0,100,0,368,385,16,27,0,36,-174,0,0,100,0,192,448,48,48,0,26,-142,0,0,100,0,384,240,64,48,0,33,-157,0,0,100,0,240,384,64,64,0,26,-142,0,0,100,0,448,240,64,48,0,36,-151,0,0,100,0,192,384,48,64,0,26,-142,0,0,100,0,512,240,64,48,0,124,-208,0,0,100,0,368,385,16,30,0,124,-178,0,0,100,0,368,401,16,14,0,124,-164,0,0,100,0,368,401,16,13,0,124,-155,0,0,100,0,240,448,16,9,0,115,-155,0,0,100,0,304,448,32,64,0,115,-143,0,0,100,0,304,384,32,48,0,88,-201,0,0,100,0,288,128,48,48,0,83,-120,0,0,100,0,192,96,32,32,0,76,-109,0,0,20,0,160,384,32,16,0,81,-139,0,0,100,0,720,64,48,48,0,103,-166,0,0,100,0,320,224,32,32,0,103,-166,0,0,60,0,320,288,32,32,0,103,-166,0,0,30,0,320,320,32,32,0,103,-166,0,0,50,0,320,256,32,32,0,103,-166,0,0,50,0,320,352,32,32,0,78,-204,0,0,60,0,336,160,48,32,0,78,-204,0,0,30,0,336,192,48,32,0,78,-204,0,0,50,0,336,128,48,32,0,68,-214,0,0,30,0,64,336,48,48,0,57,-224,0,0,100,0,192,128,96,96,0,24,-188,0,1,60,0,64,416,48,48,0,47,-206,0,0,100,0,368,385,16,26,0,31,-198,0,0,100,0,368,385,16,26,0,31,-182,0,0,100,0,192,64,32,32,0,131,-166,0,0,100,0,256,32,32,32,0,81,-180,0,1,50,0,0,416,32,32,0,80,-180,0,0,100,0,192,0,32,32,0,69,-142,0,0,30,0,112,336,32,32,0,110,-148,0,0,20,0,48,336,16,16,0,100,-153,0,0,40,0,48,336,16,16,0,56,-167,0,0,50,0,0,336,48,48,0,81,-141,0,0,100,0,176,352,16,16,0,77,-139,0,0,100,0,176,352,16,16,0,73,-137,0,0,100,0,176,352,16,16,0,80,-135,0,0,100,0,176,368,16,16,0,52,-177,0,0,100,0,144,256,112,96,0,28,-121,0,0,100,0,48,384,64,32,0,90,-110,0,0,100,0,112,368,32,16,0,107,-120,0,0,100,0,112,384,48,32,0,96,-138,0,0,100,0,0,384,48,32,0,55,-130,0,0,100,0,160,400,32,16,0,80,-146,0,0,100,0,112,416,80,48,0,26,-152,0,0,50,0,0,256,144,80,0,0,-256,0,0,100,0,0,0,192,256,0,0,-256,0,0,100,0,0,624,192,256,0,
0,55,0,-256,0,0,100,0,192,624,192,256,0,93,-143,0,0,70,0,720,32,16,16,0,93,-142,0,1,70,0,720,48,16,16,0,72,-143,0,0,100,0,768,32,32,32,0,52,-200,0,0,100,0,368,385,16,27,0,36,-174,0,0,100,0,192,448,48,48,0,26,-142,0,0,100,0,384,240,64,48,0,33,-157,0,0,100,0,240,384,64,64,0,26,-142,0,0,100,0,448,192,64,48,0,36,-151,0,0,100,0,192,384,48,64,0,26,-142,0,0,100,0,512,240,64,48,0,124,-208,0,0,100,0,368,385,16,30,0,124,-178,0,0,100,0,368,401,16,14,0,124,-164,0,0,100,0,368,401,16,13,0,124,-155,0,0,100,0,240,448,16,9,0,115,-155,0,0,100,0,304,448,32,64,0,115,-143,0,0,100,0,304,384,32,48,0,88,-201,0,0,100,0,288,128,48,48,0,83,-120,0,0,100,0,192,96,32,32,0,81,-139,0,0,100,0,768,64,48,48,0,103,-166,0,0,100,0,320,224,32,32,0,103,-166,0,0,60,0,320,288,32,32,0,103,-166,0,0,30,0,320,320,32,32,0,103,-166,0,0,50,0,320,256,32,32,0,103,-166,0,0,50,0,320,352,32,32,0,78,-204,0,0,60,0,336,160,48,32,0,78,-204,0,0,30,0,336,192,48,32,0,78,-204,0,0,50,0,336,128,48,32,0,68,-214,0,0,30,0,64,336,48,48,0,57,-224,0,0,100,0,192,128,96,96,0,24,-188,0,1,70,0,64,416,48,48,0,47,-206,0,0,100,0,368,385,16,26,0,31,-198,0,0,100,0,368,385,16,26,0,31,-182,0,0,100,0,224,64,32,32,0,131,-166,0,0,100,0,256,32,32,32,0,81,-180,0,1,50,0,0,416,32,32,0,80,-180,0,0,100,0,192,0,32,32,0,69,-142,0,0,30,0,112,336,32,32,0,110,-148,0,0,20,0,48,336,16,16,0,100,-153,0,0,40,0,48,336,16,16,0,56,-167,0,0,50,0,0,336,48,48,0,81,-141,0,0,100,0,176,352,16,16,0,77,-139,0,0,100,0,176,352,16,16,0,73,-137,0,0,100,0,176,352,16,16,0,80,-135,0,0,100,0,176,368,16,16,0,52,-177,0,0,100,0,144,256,112,96,0,28,-121,0,0,100,0,48,384,64,32,0,90,-110,0,0,100,0,112,368,32,16,0,107,-120,0,0,100,0,112,384,48,32,0,96,-138,0,0,100,0,0,384,48,32,0,55,-130,0,0,100,0,160,400,32,16,0,80,-146,0,0,100,0,112,416,80,48,0,26,-152,0,0,50,0,0,256,144,80,0,0,-256,0,0,100,0,0,0,192,256,0,0,-256,0,0,100,0,0,624,192,256,0,
0,55,0,-256,0,0,100,0,192,624,192,256,0,93,-144,0,0,40,0,720,32,16,16,0,93,-143,0,1,40,0,720,48,16,16,0,79,-156,0,0,100,0,768,0,32,32,0,52,-200,0,0,100,0,368,385,16,27,0,36,-174,0,0,100,0,192,448,48,48,0,26,-142,0,0,100,0,384,240,64,48,0,33,-157,0,0,100,0,240,384,64,64,0,26,-142,0,0,100,0,448,240,64,48,0,36,-151,0,0,100,0,192,384,48,64,0,26,-142,0,0,100,0,512,240,64,48,0,124,-208,0,0,100,0,368,385,16,30,0,124,-178,0,0,100,0,368,401,16,14,0,124,-164,0,0,100,0,368,401,16,13,0,124,-155,0,0,100,0,240,448,16,9,0,115,-155,0,0,100,0,304,448,32,64,0,115,-143,0,0,100,0,304,384,32,48,0,88,-201,0,0,100,0,288,128,48,48,0,83,-120,0,0,100,0,192,96,32,32,0,81,-139,0,0,100,0,576,64,48,48,0,103,-166,0,0,100,0,320,224,32,32,0,103,-166,0,0,60,0,320,288,32,32,0,103,-166,0,0,30,0,320,320,32,32,0,103,-166,0,0,50,0,320,256,32,32,0,103,-166,0,0,50,0,320,352,32,32,0,78,-204,0,0,60,0,336,160,48,32,0,78,-204,0,0,30,0,336,192,48,32,0,78,-204,0,0,50,0,336,128,48,32,0,68,-214,0,0,30,0,64,336,48,48,0,57,-224,0,0,100,0,192,128,96,96,0,24,-188,0,1,100,0,64,416,48,48,0,47,-206,0,0,100,0,368,385,16,26,0,31,-198,0,0,100,0,368,385,16,26,0,31,-182,0,0,100,0,256,64,32,32,0,131,-166,0,0,100,0,256,32,32,32,0,81,-180,0,1,50,0,0,416,32,32,0,80,-180,0,0,100,0,192,0,32,32,0,69,-142,0,0,30,0,112,336,32,32,0,110,-148,0,0,20,0,48,336,16,16,0,100,-153,0,0,40,0,48,336,16,16,0,56,-167,0,0,50,0,0,336,48,48,0,81,-141,0,0,100,0,176,352,16,16,0,77,-139,0,0,100,0,176,352,16,16,0,73,-137,0,0,100,0,176,352,16,16,0,80,-135,0,0,100,0,176,368,16,16,0,52,-177,0,0,100,0,144,256,112,96,0,28,-121,0,0,100,0,48,384,64,32,0,90,-110,0,0,100,0,112,368,32,16,0,107,-120,0,0,100,0,112,384,48,32,0,96,-138,0,0,100,0,0,384,48,32,0,55,-130,0,0,100,0,160,400,32,16,0,80,-146,0,0,100,0,112,416,80,48,0,26,-152,0,0,50,0,0,256,144,80,0,0,-256,0,0,100,0,0,0,192,256,0,0,-256,0,0,100,0,0,624,192,256,0,
0,53,0,-256,0,0,100,0,192,624,192,256,0,92,-174,0,0,100,0,768,32,32,32,0,52,-200,0,0,100,0,368,385,16,27,0,36,-174,0,0,100,0,192,448,48,48,0,26,-142,0,0,100,0,384,240,64,48,0,33,-157,0,0,100,0,240,384,64,64,0,26,-142,0,0,100,0,448,192,64,48,0,36,-151,0,0,100,0,192,384,48,64,0,26,-142,0,0,100,0,512,240,64,48,0,124,-208,0,0,100,0,368,385,16,30,0,124,-178,0,0,100,0,368,401,16,14,0,124,-164,0,0,100,0,368,401,16,13,0,124,-155,0,0,100,0,240,448,16,9,0,115,-155,0,0,100,0,304,448,32,64,0,115,-143,0,0,100,0,304,384,32,48,0,88,-201,0,0,100,0,288,128,48,48,0,83,-120,0,0,100,0,192,96,32,32,0,81,-139,0,0,100,0,576,64,48,48,0,103,-166,0,0,100,0,320,224,32,32,0,103,-166,0,0,60,0,320,288,32,32,0,103,-166,0,0,30,0,320,320,32,32,0,103,-166,0,0,50,0,320,256,32,32,0,103,-166,0,0,50,0,320,352,32,32,0,78,-204,0,0,60,0,336,160,48,32,0,78,-204,0,0,30,0,336,192,48,32,0,78,-204,0,0,50,0,336,128,48,32,0,68,-214,0,0,30,0,64,336,48,48,0,57,-224,0,0,100,0,192,128,96,96,0,24,-188,0,1,80,0,64,416,48,48,0,47,-206,0,0,100,0,368,385,16,26,0,31,-198,0,0,100,0,368,385,16,26,0,31,-182,0,0,100,0,288,64,32,32,0,131,-166,0,0,100,0,256,32,32,32,0,81,-180,0,1,50,0,0,416,32,32,0,80,-180,0,0,100,0,192,0,32,32,0,69,-142,0,0,30,0,112,336,32,32,0,110,-148,0,0,20,0,48,336,16,16,0,100,-153,0,0,40,0,48,336,16,16,0,56,-167,0,0,50,0,0,336,48,48,0,81,-141,0,0,100,0,176,352,16,16,0,77,-139,0,0,100,0,176,352,16,16,0,73,-137,0,0,100,0,176,352,16,16,0,80,-135,0,0,100,0,176,368,16,16,0,52,-177,0,0,100,0,144,256,112,96,0,28,-121,0,0,100,0,48,384,64,32,0,90,-110,0,0,100,0,112,368,32,16,0,107,-120,0,0,100,0,112,384,48,32,0,96,-138,0,0,100,0,0,384,48,32,0,55,-130,0,0,100,0,160,400,32,16,0,80,-146,0,0,100,0,112,416,80,48,0,26,-152,0,0,50,0,0,256,144,80,0,0,-256,0,0,100,0,0,0,192,256,0,0,-256,0,0,100,0,0,624,192,256,0,
0,53,0,-256,0,0,100,0,192,624,192,256,0,108,-193,0,0,50,0,768,0,32,32,0,52,-200,0,0,100,0,368,385,16,27,0,36,-174,0,0,100,0,192,448,48,48,0,26,-142,0,0,100,0,384,240,64,48,0,33,-157,0,0,100,0,240,384,64,64,0,26,-142,0,0,100,0,448,240,64,48,0,36,-151,0,0,100,0,192,384,48,64,0,26,-142,0,0,100,0,512,240,64,48,0,124,-208,0,0,100,0,368,385,16,30,0,124,-178,0,0,100,0,368,401,16,14,0,124,-164,0,0,100,0,368,401,16,13,0,124,-155,0,0,100,0,240,448,16,9,0,115,-155,0,0,100,0,304,448,32,64,0,115,-143,0,0,100,0,304,384,32,48,0,88,-201,0,0,100,0,288,128,48,48,0,83,-120,0,0,100,0,192,96,32,32,0,81,-139,0,0,100,0,576,64,48,48,0,103,-166,0,0,100,0,320,224,32,32,0,103,-166,0,0,60,0,320,288,32,32,0,103,-166,0,0,30,0,320,320,32,32,0,103,-166,0,0,50,0,320,256,32,32,0,103,-166,0,0,50,0,320,352,32,32,0,78,-204,0,0,60,0,336,160,48,32,0,78,-204,0,0,30,0,336,192,48,32,0,78,-204,0,0,50,0,336,128,48,32,0,68,-214,0,0,30,0,64,336,48,48,0,57,-224,0,0,100,0,192,128,96,96,0,24,-188,0,1,60,0,64,416,48,48,0,47,-206,0,0,100,0,368,385,16,26,0,31,-198,0,0,100,0,368,385,16,26,0,31,-182,0,0,100,0,192,64,32,32,0,131,-166,0,0,100,0,256,32,32,32,0,81,-180,0,1,50,0,0,416,32,32,0,80,-180,0,0,100,0,192,0,32,32,0,69,-142,0,0,30,0,112,336,32,32,0,110,-148,0,0,20,0,48,336,16,16,0,100,-153,0,0,40,0,48,336,16,16,0,56,-167,0,0,50,0,0,336,48,48,0,81,-141,0,0,100,0,176,352,16,16,0,77,-139,0,0,100,0,176,352,16,16,0,73,-137,0,0,100,0,176,352,16,16,0,80,-135,0,0,100,0,176,368,16,16,0,52,-177,0,0,100,0,144,256,112,96,0,28,-121,0,0,100,0,48,384,64,32,0,90,-110,0,0,100,0,112,368,32,16,0,107,-120,0,0,100,0,112,384,48,32,0,96,-138,0,0,100,0,0,384,48,32,0,55,-130,0,0,100,0,160,400,32,16,0,80,-146,0,0,100,0,112,416,80,48,0,26,-152,0,0,50,0,0,256,144,80,0,0,-256,0,0,100,0,0,0,192,256,0,0,-256,0,0,100,0,0,624,192,256,0,
0,53,0,-256,0,0,100,0,192,624,192,256,0,129,-211,0,0,20,0,768,32,32,32,0,52,-200,0,0,100,0,368,385,16,27,0,36,-174,0,0,100,0,192,448,48,48,0,26,-142,0,0,100,0,384,240,64,48,0,33,-157,0,0,100,0,240,384,64,64,0,26,-142,0,0,100,0,448,192,64,48,0,36,-151,0,0,100,0,192,384,48,64,0,26,-142,0,0,100,0,512,240,64,48,0,124,-208,0,0,100,0,368,385,16,30,0,124,-178,0,0,100,0,368,401,16,14,0,124,-164,0,0,100,0,368,401,16,13,0,124,-155,0,0,100,0,240,448,16,9,0,115,-155,0,0,100,0,304,448,32,64,0,115,-143,0,0,100,0,304,384,32,48,0,88,-201,0,0,100,0,288,128,48,48,0,83,-120,0,0,100,0,192,96,32,32,0,81,-139,0,0,100,0,576,64,48,48,0,103,-166,0,0,100,0,320,224,32,32,0,103,-166,0,0,60,0,320,288,32,32,0,103,-166,0,0,30,0,320,320,32,32,0,103,-166,0,0,50,0,320,256,32,32,0,103,-166,0,0,50,0,320,352,32,32,0,78,-204,0,0,60,0,336,160,48,32,0,78,-204,0,0,30,0,336,192,48,32,0,78,-204,0,0,50,0,336,128,48,32,0,68,-214,0,0,30,0,64,336,48,48,0,57,-224,0,0,100,0,192,128,96,96,0,24,-188,0,1,70,0,64,416,48,48,0,47,-206,0,0,100,0,368,385,16,26,0,31,-198,0,0,100,0,368,385,16,26,0,31,-182,0,0,100,0,224,64,32,32,0,131,-166,0,0,100,0,256,32,32,32,0,81,-180,0,1,50,0,0,416,32,32,0,80,-180,0,0,100,0,192,0,32,32,0,69,-142,0,0,30,0,112,336,32,32,0,110,-148,0,0,20,0,48,336,16,16,0,100,-153,0,0,40,0,48,336,16,16,0,56,-167,0,0,50,0,0,336,48,48,0,81,-141,0,0,100,0,176,352,16,16,0,77,-139,0,0,100,0,176,352,16,16,0,73,-137,0,0,100,0,176,352,16,16,0,80,-135,0,0,100,0,176,368,16,16,0,52,-177,0,0,100,0,144,256,112,96,0,28,-121,0,0,100,0,48,384,64,32,0,90,-110,0,0,100,0,112,368,32,16,0,107,-120,0,0,100,0,112,384,48,32,0,96,-138,0,0,100,0,0,384,48,32,0,55,-130,0,0,100,0,160,400,32,16,0,80,-146,0,0,100,0,112,416,80,48,0,26,-152,0,0,50,0,0,256,144,80,0,0,-256,0,0,100,0,0,0,192,256,0,0,-256,0,0,100,0,0,624,192,256,0,
0,53,0,-256,0,0,100,0,192,624,192,256,0,153,-229,0,0,10,0,768,0,32,32,0,52,-200,0,0,100,0,368,385,16,27,0,36,-174,0,0,100,0,192,448,48,48,0,26,-142,0,0,100,0,384,240,64,48,0,33,-157,0,0,100,0,240,384,64,64,0,26,-142,0,0,100,0,448,240,64,48,0,36,-151,0,0,100,0,192,384,48,64,0,26,-142,0,0,100,0,512,240,64,48,0,124,-208,0,0,100,0,368,385,16,30,0,124,-178,0,0,100,0,368,401,16,14,0,124,-164,0,0,100,0,368,401,16,13,0,124,-155,0,0,100,0,240,448,16,9,0,115,-155,0,0,100,0,304,448,32,64,0,115,-143,0,0,100,0,304,384,32,48,0,88,-201,0,0,100,0,288,128,48,48,0,83,-120,0,0,100,0,192,96,32,32,0,81,-139,0,0,100,0,576,64,48,48,0,103,-166,0,0,100,0,320,224,32,32,0,103,-166,0,0,60,0,320,288,32,32,0,103,-166,0,0,30,0,320,320,32,32,0,103,-166,0,0,50,0,320,256,32,32,0,103,-166,0,0,50,0,320,352,32,32,0,78,-204,0,0,60,0,336,160,48,32,0,78,-204,0,0,30,0,336,192,48,32,0,78,-204,0,0,50,0,336,128,48,32,0,68,-214,0,0,30,0,64,336,48,48,0,57,-224,0,0,100,0,192,128,96,96,0,24,-188,0,1,100,0,64,416,48,48,0,47,-206,0,0,100,0,368,385,16,26,0,31,-198,0,0,100,0,368,385,16,26,0,31,-182,0,0,100,0,256,64,32,32,0,131,-166,0,0,100,0,256,32,32,32,0,81,-180,0,1,50,0,0,416,32,32,0,80,-180,0,0,100,0,192,0,32,32,0,69,-142,0,0,30,0,112,336,32,32,0,110,-148,0,0,20,0,48,336,16,16,0,100,-153,0,0,40,0,48,336,16,16,0,56,-167,0,0,50,0,0,336,48,48,0,81,-141,0,0,100,0,176,352,16,16,0,77,-139,0,0,100,0,176,352,16,16,0,73,-137,0,0,100,0,176,352,16,16,0,80,-135,0,0,100,0,176,368,16,16,0,52,-177,0,0,100,0,144,256,112,96,0,28,-121,0,0,100,0,48,384,64,32,0,90,-110,0,0,100,0,112,368,32,16,0,107,-120,0,0,100,0,112,384,48,32,0,96,-138,0,0,100,0,0,384,48,32,0,55,-130,0,0,100,0,160,400,32,16,0,80,-146,0,0,100,0,112,416,80,48,0,26,-152,0,0,50,0,0,256,144,80,0,0,-256,0,0,100,0,0,0,192,256,0,0,-256,0,0,100,0,0,624,192,256,0,
0,52,0,-256,0,0,100,0,192,624,192,256,0,52,-200,0,0,100,0,368,385,16,27,0,36,-174,0,0,100,0,192,448,48,48,0,26,-142,0,0,100,0,384,240,64,48,0,33,-157,0,0,100,0,240,384,64,64,0,26,-142,0,0,100,0,448,192,64,48,0,36,-151,0,0,100,0,192,384,48,64,0,26,-142,0,0,100,0,512,240,64,48,0,124,-208,0,0,100,0,368,385,16,30,0,124,-178,0,0,100,0,368,401,16,14,0,124,-164,0,0,100,0,368,401,16,13,0,124,-155,0,0,100,0,240,448,16,9,0,115,-155,0,0,100,0,304,448,32,64,0,115,-143,0,0,100,0,304,384,32,48,0,88,-201,0,0,100,0,288,128,48,48,0,83,-120,0,0,100,0,192,96,32,32,0,81,-139,0,0,100,0,576,64,48,48,0,103,-166,0,0,100,0,320,224,32,32,0,103,-166,0,0,60,0,320,288,32,32,0,103,-166,0,0,30,0,320,320,32,32,0,103,-166,0,0,50,0,320,256,32,32,0,103,-166,0,0,50,0,320,352,32,32,0,78,-204,0,0,60,0,336,160,48,32,0,78,-204,0,0,30,0,336,192,48,32,0,78,-204,0,0,50,0,336,128,48,32,0,68,-214,0,0,30,0,64,336,48,48,0,57,-224,0,0,100,0,192,128,96,96,0,24,-188,0,1,80,0,64,416,48,48,0,47,-206,0,0,100,0,368,385,16,26,0,31,-198,0,0,100,0,368,385,16,26,0,31,-182,0,0,100,0,288,64,32,32,0,131,-166,0,0,100,0,256,32,32,32,0,81,-180,0,1,50,0,0,416,32,32,0,80,-180,0,0,100,0,192,0,32,32,0,69,-142,0,0,30,0,112,336,32,32,0,110,-148,0,0,20,0,48,336,16,16,0,100,-153,0,0,40,0,48,336,16,16,0,56,-167,0,0,50,0,0,336,48,48,0,81,-141,0,0,100,0,176,352,16,16,0,77,-139,0,0,100,0,176,352,16,16,0,73,-137,0,0,100,0,176,352,16,16,0,80,-135,0,0,100,0,176,368,16,16,0,52,-177,0,0,100,0,144,256,112,96,0,28,-121,0,0,100,0,48,384,64,32,0,90,-110,0,0,100,0,112,368,32,16,0,107,-120,0,0,100,0,112,384,48,32,0,96,-138,0,0,100,0,0,384,48,32,0,55,-130,0,0,100,0,160,400,32,16,0,80,-146,0,0,100,0,112,416,80,48,0,26,-152,0,0,50,0,0,256,144,80,0,0,-256,0,0,100,0,0,0,192,256,0,0,-256,0,0,100,0,0,624,192,256,0,
0,52,0,-256,0,0,100,0,192,624,192,256,0,52,-200,0,0,100,0,368,385,16,27,0,36,-174,0,0,100,0,192,448,48,48,0,26,-142,0,0,100,0,384,240,64,48,0,33,-157,0,0,100,0,240,384,64,64,0,26,-142,0,0,100,0,448,240,64,48,0,36,-151,0,0,100,0,192,384,48,64,0,26,-142,0,0,100,0,512,240,64,48,0,124,-208,0,0,100,0,368,385,16,30,0,124,-178,0,0,100,0,368,401,16,14,0,124,-164,0,0,100,0,368,401,16,13,0,124,-155,0,0,100,0,240,448,16,9,0,115,-155,0,0,100,0,304,448,32,64,0,115,-143,0,0,100,0,304,384,32,48,0,88,-201,0,0,100,0,288,128,48,48,0,83,-120,0,0,100,0,192,96,32,32,0,81,-139,0,0,100,0,624,64,48,48,0,103,-166,0,0,100,0,320,224,32,32,0,103,-166,0,0,60,0,320,288,32,32,0,103,-166,0,0,30,0,320,320,32,32,0,103,-166,0,0,50,0,320,256,32,32,0,103,-166,0,0,50,0,320,352,32,32,0,78,-204,0,0,60,0,336,160,48,32,0,78,-204,0,0,30,0,336,192,48,32,0,78,-204,0,0,50,0,336,128,48,32,0,68,-214,0,0,30,0,64,336,48,48,0,57,-224,0,0,100,0,192,128,96,96,0,24,-188,0,1,60,0,64,416,48,48,0,47,-206,0,0,100,0,368,385,16,26,0,31,-198,0,0,100,0,368,385,16,26,0,31,-182,0,0,100,0,192,64,32,32,0,131,-166,0,0,100,0,256,32,32,32,0,81,-180,0,1,50,0,0,416,32,32,0,80,-180,0,0,100,0,192,0,32,32,0,69,-142,0,0,30,0,112,336,32,32,0,110,-148,0,0,20,0,48,336,16,16,0,100,-153,0,0,40,0,48,336,16,16,0,56,-167,0,0,50,0,0,336,48,48,0,81,-141,0,0,100,0,176,352,16,16,0,77,-139,0,0,100,0,176,352,16,16,0,73,-137,0,0,100,0,176,352,16,16,0,80,-135,0,0,100,0,176,368,16,16,0,52,-177,0,0,100,0,144,256,112,96,0,28,-121,0,0,100,0,48,384,64,32,0,90,-110,0,0,100,0,112,368,32,16,0,107,-120,0,0,100,0,112,384,48,32,0,96,-138,0,0,100,0,0,384,48,32,0,55,-130,0,0,100,0,160,400,32,16,0,80,-146,0,0,100,0,112,416,80,48,0,26,-152,0,0,50,0,0,256,144,80,0,0,-256,0,0,100,0,0,0,192,256,0,0,-256,0,0,100,0,0,624,192,256,0,
0,52,0,-256,0,0,100,0,192,624,192,256,0,52,-200,0,0,100,0,368,385,16,27,0,36,-174,0,0,100,0,192,448,48,48,0,26,-142,0,0,100,0,384,240,64,48,0,33,-157,0,0,100,0,240,384,64,64,0,26,-142,0,0,100,0,448,192,64,48,0,36,-151,0,0,100,0,192,384,48,64,0,26,-142,0,0,100,0,512,240,64,48,0,124,-208,0,0,100,0,368,385,16,30,0,124,-178,0,0,100,0,368,401,16,14,0,124,-164,0,0,100,0,368,401,16,13,0,124,-155,0,0,100,0,240,448,16,9,0,115,-155,0,0,100,0,304,448,32,64,0,115,-143,0,0,100,0,304,384,32,48,0,88,-201,0,0,100,0,288,128,48,48,0,83,-120,0,0,100,0,224,96,32,32,0,79,-140,0,0,100,0,672,64,48,48,0,103,-166,0,0,100,0,320,224,32,32,0,103,-166,0,0,60,0,320,288,32,32,0,103,-166,0,0,30,0,320,320,32,32,0,103,-166,0,0,50,0,320,256,32,32,0,103,-166,0,0,50,0,320,352,32,32,0,78,-204,0,0,60,0,336,160,48,32,0,78,-204,0,0,30,0,336,192,48,32,0,78,-204,0,0,50,0,336,128,48,32,0,68,-214,0,0,30,0,64,336,48,48,0,57,-224,0,0,100,0,192,128,96,96,0,24,-188,0,1,70,0,64,416,48,48,0,47,-206,0,0,100,0,368,385,16,26,0,31,-198,0,0,100,0,368,385,16,26,0,31,-182,0,0,100,0,224,64,32,32,0,131,-166,0,0,100,0,256,32,32,32,0,81,-180,0,1,50,0,0,416,32,32,0,80,-180,0,0,100,0,192,0,32,32,0,69,-142,0,0,30,0,112,336,32,32,0,110,-148,0,0,20,0,48,336,16,16,0,100,-153,0,0,40,0,48,336,16,16,0,56,-167,0,0,50,0,0,336,48,48,0,81,-141,0,0,100,0,176,352,16,16,0,77,-139,0,0,100,0,176,352,16,16,0,73,-137,0,0,100,0,176,352,16,16,0,80,-135,0,0,100,0,176,368,16,16,0,52,-177,0,0,100,0,144,256,112,96,0,28,-121,0,0,100,0,48,384,64,32,0,88,-111,0,0,100,0,112,368,32,16,0,107,-120,0,0,100,0,112,384,48,32,0,96,-138,0,0,100,0,0,384,48,32,0,55,-130,0,0,100,0,160,400,32,16,0,80,-146,0,0,100,0,112,416,80,48,0,26,-152,0,0,50,0,0,256,144,80,0,0,-256,0,0,100,0,0,0,192,256,0,0,-256,0,0,100,0,0,624,192,256,0,
0,52,0,-256,0,0,100,0,192,624,192,256,0,52,-200,0,0,100,0,368,385,16,27,0,36,-174,0,0,100,0,192,448,48,48,0,26,-142,0,0,100,0,384,240,64,48,0,33,-157,0,0,100,0,240,384,64,64,0,26,-142,0,0,100,0,448,240,64,48,0,36,-151,0,0,100,0,192,384,48,64,0,26,-142,0,0,100,0,512,240,64,48,0,124,-208,0,0,100,0,368,385,16,30,0,124,-178,0,0,100,0,368,401,16,14,0,124,-164,0,0,100,0,368,401,16,10,0,124,-159,0,0,100,0,240,448,16,9,0,115,-159,0,0,100,0,304,448,32,64,0,115,-147,0,0,100,0,304,384,32,48,0,88,-201,0,0,100,0,288,128,48,48,0,83,-120,0,0,100,0,256,96,32,32,0,78,-140,0,0,100,0,672,64,48,48,0,103,-166,0,0,100,0,288,224,32,32,0,103,-166,0,0,60,0,288,288,32,32,0,103,-166,0,0,30,0,288,320,32,32,0,103,-166,0,0,50,0,288,256,32,32,0,103,-166,0,0,50,0,288,352,32,32,0,78,-204,0,0,60,0,336,160,48,32,0,78,-204,0,0,30,0,336,192,48,32,0,78,-204,0,0,50,0,336,128,48,32,0,68,-214,0,0,30,0,64,336,48,48,0,57,-224,0,0,100,0,192,128,96,96,0,24,-188,0,1,100,0,64,416,48,48,0,47,-206,0,0,100,0,368,385,16,26,0,31,-198,0,0,100,0,368,385,16,26,0,31,-182,0,0,100,0,256,64,32,32,0,131,-166,0,0,100,0,256,32,32,32,0,81,-180,0,1,50,0,0,416,32,32,0,80,-180,0,0,100,0,192,0,32,32,0,69,-142,0,0,30,0,112,336,32,32,0,110,-148,0,0,20,0,48,336,16,16,0,100,-153,0,0,40,0,48,336,16,16,0,56,-167,0,0,50,0,0,336,48,48,0,107,-120,0,0,70,0,112,384,48,32,0,81,-141,0,0,100,0,176,352,16,16,0,77,-139,0,0,100,0,176,352,16,16,0,73,-137,0,0,100,0,176,352,16,16,0,80,-135,0,0,100,0,176,368,16,16,0,52,-177,0,0,100,0,144,256,112,96,0,28,-121,0,0,100,0,48,384,64,32,0,87,-111,0,0,100,0,112,368,32,16,0,96,-138,0,0,100,0,0,384,48,32,0,55,-130,0,0,100,0,160,400,32,16,0,80,-146,0,0,100,0,112,416,80,48,0,26,-152,0,0,50,0,0,256,144,80,0,0,-256,0,0,100,0,0,0,192,256,0,0,-256,0,0,100,0,0,624,192,256,0,
0,51,0,-256,0,0,100,0,192,624,192,256,0,52,-200,0,0,100,0,368,385,16,24,0,36,-177,0,0,100,0,192,448,48,48,0,26,-145,0,0,100,0,384,240,64,48,0,33,-160,0,0,100,0,240,384,64,64,0,26,-145,0,0,100,0,448,192,64,48,0,36,-154,0,0,100,0,192,384,48,64,0,26,-145,0,0,100,0,512,240,64,48,0,124,-208,0,0,100,0,368,385,16,30,0,124,-178,0,0,100,0,368,401,16,9,0,124,-173,0,0,100,0,240,448,16,9,0,115,-173,0,0,100,0,304,448,32,64,0,115,-161,0,0,100,0,304,384,32,48,0,88,-201,0,0,100,0,288,128,48,48,0,83,-120,0,0,100,0,256,96,32,32,0,78,-140,0,0,100,0,672,64,48,48,0,103,-166,0,0,100,0,256,224,32,32,0,103,-166,0,0,60,0,256,288,32,32,0,103,-166,0,0,30,0,256,320,32,32,0,103,-166,0,0,50,0,256,256,32,32,0,103,-166,0,0,50,0,256,352,32,32,0,78,-204,0,0,60,0,336,160,48,32,0,78,-204,0,0,30,0,336,192,48,32,0,78,-204,0,0,50,0,336,128,48,32,0,68,-214,0,0,30,0,64,336,48,48,0,57,-224,0,0,100,0,192,128,96,96,0,24,-188,0,1,80,0,64,416,48,48,0,47,-206,0,0,100,0,368,385,16,26,0,31,-198,0,0,100,0,368,385,16,26,0,31,-182,0,0,100,0,288,64,32,32,0,131,-166,0,0,100,0,256,32,32,32,0,81,-180,0,1,50,0,0,416,32,32,0,80,-180,0,0,100,0,192,0,32,32,0,69,-142,0,0,30,0,112,336,32,32,0,110,-148,0,0,20,0,48,336,16,16,0,100,-153,0,0,40,0,48,336,16,16,0,56,-167,0,0,50,0,0,336,48,48,0,28,-121,0,0,70,0,48,384,64,32,0,107,-120,0,0,40,0,112,384,48,32,0,81,-141,0,0,100,0,176,352,16,16,0,77,-139,0,0,100,0,176,352,16,16,0,73,-137,0,0,100,0,176,352,16,16,0,80,-135,0,0,100,0,176,368,16,16,0,52,-177,0,0,100,0,144,256,112,96,0,87,-111,0,0,100,0,112,368,32,16,0,96,-138,0,0,100,0,0,384,48,32,0,55,-130,0,0,100,0,160,400,32,16,0,80,-146,0,0,100,0,112,416,80,48,0,26,-152,0,0,50,0,0,256,144,80,0,0,-256,0,0,100,0,0,0,192,256,0,0,-256,0,0,100,0,0,624,192,256,0,
0,50,0,-256,0,0,100,0,192,624,192,256,0,52,-200,0,0,100,0,368,385,16,12,0,36,-189,0,0,100,0,192,448,48,48,0,26,-157,0,0,100,0,384,240,64,48,0,33,-172,0,0,100,0,240,384,64,64,0,26,-157,0,0,100,0,448,240,64,48,0,36,-166,0,0,100,0,192,384,48,64,0,26,-157,0,0,100,0,512,240,64,48,0,124,-208,0,0,50,0,368,385,16,13,0,124,-199,0,0,50,0,240,448,16,9,0,115,-199,0,0,50,0,304,448,32,64,0,115,-187,0,0,50,0,304,384,32,48,0,88,-201,0,0,100,0,288,128,48,48,0,83,-120,0,0,100,0,256,96,32,32,0,78,-140,0,0,100,0,672,64,48,48,0,103,-166,0,0,100,0,256,224,32,32,0,103,-166,0,0,60,0,256,288,32,32,0,103,-166,0,0,30,0,256,320,32,32,0,103,-166,0,0,50,0,256,256,32,32,0,103,-166,0,0,50,0,256,352,32,32,0,78,-204,0,0,60,0,336,160,48,32,0,78,-204,0,0,30,0,336,192,48,32,0,78,-204,0,0,50,0,336,128,48,32,0,68,-214,0,0,30,0,64,336,48,48,0,57,-224,0,0,100,0,192,128,96,96,0,24,-188,0,1,60,0,64,416,48,48,0,47,-206,0,0,100,0,368,385,16,26,0,31,-198,0,0,100,0,368,385,16,26,0,31,-182,0,0,100,0,192,64,32,32,0,131,-166,0,0,100,0,256,32,32,32,0,81,-180,0,1,50,0,0,416,32,32,0,80,-180,0,0,100,0,192,0,32,32,0,69,-142,0,0,30,0,112,336,32,32,0,110,-148,0,0,20,0,48,336,16,16,0,100,-153,0,0,40,0,48,336,16,16,0,56,-167,0,0,50,0,0,336,48,48,0,28,-121,0,0,50,0,48,384,64,32,0,107,-120,0,0,20,0,112,384,48,32,0,81,-141,0,0,100,0,176,352,16,16,0,77,-139,0,0,100,0,176,352,16,16,0,73,-137,0,0,100,0,176,352,16,16,0,80,-135,0,0,100,0,176,368,16,16,0,52,-177,0,0,100,0,144,256,112,96,0,87,-111,0,0,100,0,112,368,32,16,0,96,-138,0,0,100,0,0,384,48,32,0,55,-130,0,0,100,0,160,400,32,16,0,80,-146,0,0,100,0,112,416,80,48,0,26,-152,0,0,50,0,0,256,144,80,0,0,-256,0,0,100,0,0,0,192,256,0,0,-256,0,0,100,0,0,624,192,256,0,
0,47,0,-256,0,0,100,0,192,624,192,256,0,36,-207,0,0,20,0,192,448,48,48,0,26,-175,0,0,50,0,384,240,64,48,0,33,-190,0,0,50,0,240,384,64,64,0,26,-175,0,0,50,0,448,192,64,48,0,36,-184,0,0,50,0,192,384,48,64,0,26,-175,0,0,50,0,512,240,64,48,0,124,-228,0,0,20,0,240,448,16,9,0,115,-228,0,0,20,0,304,448,32,64,0,115,-216,0,0,20,0,304,384,32,48,0,88,-201,0,0,100,0,288,128,48,48,0,83,-120,0,0,100,0,256,96,32,32,0,78,-140,0,0,100,0,672,64,48,48,0,103,-166,0,0,100,0,256,224,32,32,0,103,-166,0,0,60,0,256,288,32,32,0,103,-166,0,0,30,0,256,320,32,32,0,103,-166,0,0,50,0,256,256,32,32,0,103,-166,0,0,50,0,256,352,32,32,0,78,-204,0,0,60,0,336,160,48,32,0,78,-204,0,0,30,0,336,192,48,32,0,78,-204,0,0,50,0,336,128,48,32,0,68,-214,0,0,30,0,64,336,48,48,0,57,-224,0,0,100,0,192,128,96,96,0,24,-188,0,1,70,0,64,416,48,48,0,47,-206,0,0,100,0,368,385,16,26,0,31,-198,0,0,100,0,368,385,16,26,0,31,-182,0,0,100,0,224,64,32,32,0,131,-166,0,0,100,0,256,32,32,32,0,81,-180,0,1,50,0,0,416,32,32,0,80,-180,0,0,100,0,192,0,32,32,0,69,-142,0,0,30,0,112,336,32,32,0,110,-148,0,0,20,0,48,336,16,16,0,100,-153,0,0,40,0,48,336,16,16,0,56,-167,0,0,50,0,0,336,48,48,0,28,-121,0,0,20,0,48,384,64,32,0,81,-141,0,0,100,0,176,352,16,16,0,77,-139,0,0,100,0,176,352,16,16,0,73,-137,0,0,100,0,176,352,16,16,0,80,-135,0,0,100,0,176,368,16,16,0,52,-177,0,0,100,0,144,256,112,96,0,87,-111,0,0,100,0,112,368,32,16,0,96,-138,0,0,100,0,0,384,48,32,0,55,-130,0,0,100,0,160,400,32,16,0,80,-146,0,0,100,0,112,416,80,48,0,26,-152,0,0,50,0,0,256,144,80,0,0,-256,0,0,100,0,0,0,192,256,0,0,-256,0,0,100,0,0,624,192,256,0,
0,42,0,-256,0,0,100,0,192,624,192,256,0,26,-209,0,0,20,0,384,240,64,48,0,33,-224,0,0,20,0,240,384,64,64,0,26,-209,0,0,20,0,448,240,64,48,0,36,-218,0,0,20,0,192,384,48,64,0,26,-209,0,0,20,0,512,240,64,48,0,88,-201,0,0,100,0,288,128,48,48,0,83,-120,0,0,100,0,256,96,32,32,0,78,-140,0,0,100,0,672,64,48,48,0,103,-166,0,0,100,0,256,224,32,32,0,103,-166,0,0,60,0,256,288,32,32,0,103,-166,0,0,30,0,256,320,32,32,0,103,-166,0,0,50,0,256,256,32,32,0,103,-166,0,0,50,0,256,352,32,32,0,78,-204,0,0,60,0,336,160,48,32,0,78,-204,0,0,30,0,336,192,48,32,0,78,-204,0,0,50,0,336,128,48,32,0,68,-214,0,0,30,0,64,336,48,48,0,57,-224,0,0,100,0,192,128,96,96,0,24,-188,0,1,100,0,64,416,48,48,0,47,-206,0,0,100,0,368,385,16,26,0,31,-198,0,0,100,0,368,385,16,26,0,31,-182,0,0,100,0,256,64,32,32,0,131,-166,0,0,100,0,256,32,32,32,0,81,-180,0,1,50,0,0,416,32,32,0,80,-180,0,0,100,0,192,0,32,32,0,69,-142,0,0,30,0,112,336,32,32,0,110,-148,0,0,20,0,48,336,16,16,0,100,-153,0,0,40,0,48,336,16,16,0,56,-167,0,0,50,0,0,336,48,48,0,81,-141,0,0,100,0,176,352,16,16,0,77,-139,0,0,100,0,176,352,16,16,0,73,-137,0,0,100,0,176,352,16,16,0,80,-135,0,0,100,0,176,368,16,16,0,52,-177,0,0,100,0,144,256,112,96,0,87,-111,0,0,100,0,112,368,32,16,0,96,-138,0,0,100,0,0,384,48,32,0,55,-130,0,0,100,0,160,400,32,16,0,80,-146,0,0,100,0,112,416,80,48,0,26,-152,0,0,50,0,0,256,144,80,0,0,-256,0,0,100,0,0,0,192,256,0,0,-256,0,0,100,0,0,624,192,256,0,
0,37,0,-256,0,0,100,0,192,624,192,256,0,88,-201,0,0,100,0,288,128,48,48,0,83,-120,0,0,100,0,256,96,32,32,0,78,-140,0,0,100,0,672,64,48,48,0,103,-166,0,0,100,0,256,224,32,32,0,103,-166,0,0,60,0,256,288,32,32,0,103,-166,0,0,30,0,256,320,32,32,0,103,-166,0,0,50,0,256,256,32,32,0,103,-166,0,0,50,0,256,352,32,32,0,78,-204,0,0,60,0,336,160,48,32,0,78,-204,0,0,30,0,336,192,48,32,0,78,-204,0,0,50,0,336,128,48,32,0,68,-214,0,0,30,0,64,336,48,48,0,57,-224,0,0,100,0,192,128,96,96,0,24,-188,0,1,80,0,64,416,48,48,0,47,-206,0,0,100,0,368,385,16,26,0,31,-198,0,0,100,0,368,385,16,26,0,31,-182,0,0,100,0,288,64,32,32,0,131,-166,0,0,100,0,256,32,32,32,0,81,-180,0,1,50,0,0,416,32,32,0,80,-180,0,0,100,0,192,0,32,32,0,69,-142,0,0,30,0,112,336,32,32,0,110,-148,0,0,20,0,48,336,16,16,0,100,-153,0,0,40,0,48,336,16,16,0,56,-167,0,0,50,0,0,336,48,48,0,81,-141,0,0,100,0,176,352,16,16,0,77,-139,0,0,100,0,176,352,16,16,0,73,-137,0,0,100,0,176,352,16,16,0,80,-135,0,0,100,0,176,368,16,16,0,52,-177,0,0,100,0,144,256,112,96,0,87,-111,0,0,100,0,112,368,32,16,0,96,-138,0,0,100,0,0,384,48,32,0,55,-130,0,0,100,0,160,400,32,16,0,80,-146,0,0,100,0,112,416,80,48,0,26,-152,0,0,50,0,0,256,144,80,0,0,-256,0,0,100,0,0,0,192,256,0,0,-256,0,0,100,0,0,624,192,256,0,
0,37,0,-256,0,0,100,0,192,624,192,256,0,88,-201,0,0,100,0,288,128,48,48,0,83,-120,0,0,100,0,256,96,32,32,0,78,-140,0,0,100,0,672,64,48,48,0,103,-166,0,0,100,0,256,224,32,32,0,103,-166,0,0,60,0,256,288,32,32,0,103,-166,0,0,30,0,256,320,32,32,0,103,-166,0,0,50,0,256,256,32,32,0,103,-166,0,0,50,0,256,352,32,32,0,78,-204,0,0,60,0,336,160,48,32,0,78,-204,0,0,30,0,336,192,48,32,0,78,-204,0,0,50,0,336,128,48,32,0,68,-214,0,0,30,0,64,336,48,48,0,57,-224,0,0,100,0,192,128,96,96,0,24,-188,0,1,60,0,64,416,48,48,0,47,-206,0,0,100,0,368,385,16,26,0,31,-198,0,0,100,0,368,385,16,26,0,31,-182,0,0,100,0,192,64,32,32,0,131,-166,0,0,100,0,256,32,32,32,0,81,-180,0,1,50,0,0,416,32,32,0,80,-180,0,0,100,0,192,0,32,32,0,69,-142,0,0,30,0,112,336,32,32,0,110,-148,0,0,20,0,48,336,16,16,0,100,-153,0,0,40,0,48,336,16,16,0,56,-167,0,0,50,0,0,336,48,48,0,81,-141,0,0,100,0,176,352,16,16,0,77,-139,0,0,100,0,176,352,16,16,0,73,-137,0,0,100,0,176,352,16,16,0,80,-135,0,0,100,0,176,368,16,16,0,52,-177,0,0,100,0,144,256,112,96,0,87,-111,0,0,100,0,112,368,32,16,0,96,-138,0,0,100,0,0,384,48,32,0,55,-130,0,0,100,0,160,400,32,16,0,80,-146,0,0,100,0,112,416,80,48,0,26,-152,0,0,50,0,0,256,144,80,0,0,-256,0,0,100,0,0,0,192,256,0,0,-256,0,0,100,0,0,624,192,256,0,
0,37,0,-256,0,0,100,0,192,624,192,256,0,88,-201,0,0,100,0,288,128,48,48,0,83,-120,0,0,100,0,256,96,32,32,0,78,-140,0,0,100,0,672,64,48,48,0,103,-166,0,0,100,0,256,224,32,32,0,103,-166,0,0,60,0,256,288,32,32,0,103,-166,0,0,30,0,256,320,32,32,0,103,-166,0,0,50,0,256,256,32,32,0,103,-166,0,0,50,0,256,352,32,32,0,78,-204,0,0,60,0,336,160,48,32,0,78,-204,0,0,30,0,336,192,48,32,0,78,-204,0,0,50,0,336,128,48,32,0,68,-214,0,0,30,0,64,336,48,48,0,57,-224,0,0,100,0,192,128,96,96,0,24,-188,0,1,70,0,64,416,48,48,0,47,-206,0,0,100,0,368,385,16,26,0,31,-198,0,0,100,0,368,385,16,26,0,31,-182,0,0,100,0,224,64,32,32,0,131,-166,0,0,100,0,256,32,32,32,0,81,-180,0,1,50,0,0,416,32,32,0,80,-180,0,0,100,0,192,0,32,32,0,69,-142,0,0,30,0,112,336,32,32,0,110,-148,0,0,20,0,48,336,16,16,0,100,-153,0,0,40,0,48,336,16,16,0,56,-167,0,0,50,0,0,336,48,48,0,81,-141,0,0,100,0,176,352,16,16,0,77,-139,0,0,100,0,176,352,16,16,0,73,-137,0,0,100,0,176,352,16,16,0,80,-135,0,0,100,0,176,368,16,16,0,52,-177,0,0,100,0,144,256,112,96,0,87,-111,0,0,100,0,112,368,32,16,0,96,-138,0,0,100,0,0,384,48,32,0,55,-130,0,0,100,0,160,400,32,16,0,80,-146,0,0,100,0,112,416,80,48,0,26,-152,0,0,50,0,0,256,144,80,0,0,-256,0,0,100,0,0,0,192,256,0,0,-256,0,0,100,0,0,624,192,256,0,
0,37,0,-256,0,0,100,0,192,624,192,256,0,88,-201,0,0,100,0,288,128,48,48,0,83,-120,0,0,100,0,256,96,32,32,0,78,-140,0,0,100,0,672,64,48,48,0,103,-166,0,0,100,0,256,224,32,32,0,103,-166,0,0,60,0,256,288,32,32,0,103,-166,0,0,30,0,256,320,32,32,0,103,-166,0,0,50,0,256,256,32,32,0,103,-166,0,0,50,0,256,352,32,32,0,78,-204,0,0,60,0,336,160,48,32,0,78,-204,0,0,30,0,336,192,48,32,0,78,-204,0,0,50,0,336,128,48,32,0,68,-214,0,0,30,0,64,336,48,48,0,57,-224,0,0,100,0,192,128,96,96,0,24,-188,0,1,100,0,64,416,48,48,0,47,-206,0,0,100,0,368,385,16,26,0,31,-198,0,0,100,0,368,385,16,26,0,31,-182,0,0,100,0,256,64,32,32,0,131,-166,0,0,100,0,256,32,32,32,0,81,-180,0,1,50,0,0,416,32,32,0,80,-180,0,0,100,0,192,0,32,32,0,69,-142,0,0,30,0,112,336,32,32,0,110,-148,0,0,20,0,48,336,16,16,0,100,-153,0,0,40,0,48,336,16,16,0,56,-167,0,0,50,0,0,336,48,48,0,81,-141,0,0,100,0,176,352,16,16,0,77,-139,0,0,100,0,176,352,16,16,0,73,-137,0,0,100,0,176,352,16,16,0,80,-135,0,0,100,0,176,368,16,16,0,52,-177,0,0,100,0,144,256,112,96,0,87,-111,0,0,100,0,112,368,32,16,0,96,-138,0,0,100,0,0,384,48,32,0,55,-130,0,0,100,0,160,400,32,16,0,80,-146,0,0,100,0,112,416,80,48,0,26,-152,0,0,50,0,0,256,144,80,0,0,-256,0,0,100,0,0,0,192,256,0,0,-256,0,0,100,0,0,624,192,256,0,
0,37,0,-256,0,0,100,0,192,624,192,256,0,88,-201,0,0,100,0,288,128,48,48,0,83,-120,0,0,100,0,256,96,32,32,0,78,-140,0,0,100,0,672,64,48,48,0,103,-166,0,0,100,0,256,224,32,32,0,103,-166,0,0,60,0,256,288,32,32,0,103,-166,0,0,30,0,256,320,32,32,0,103,-166,0,0,50,0,256,256,32,32,0,103,-166,0,0,50,0,256,352,32,32,0,78,-204,0,0,60,0,336,160,48,32,0,78,-204,0,0,30,0,336,192,48,32,0,78,-204,0,0,50,0,336,128,48,32,0,68,-214,0,0,30,0,64,336,48,48,0,57,-224,0,0,100,0,192,128,96,96,0,24,-188,0,1,80,0,64,416,48,48,0,47,-206,0,0,100,0,368,385,16,26,0,31,-198,0,0,100,0,368,385,16,26,0,31,-182,0,0,100,0,288,64,32,32,0,131,-166,0,0,100,0,256,32,32,32,0,81,-180,0,1,50,0,0,416,32,32,0,80,-180,0,0,100,0,192,0,32,32,0,69,-142,0,0,30,0,112,336,32,32,0,110,-148,0,0,20,0,48,336,16,16,0,100,-153,0,0,40,0,48,336,16,16,0,56,-167,0,0,50,0,0,336,48,48,0,81,-141,0,0,100,0,176,352,16,16,0,77,-139,0,0,100,0,176,352,16,16,0,73,-137,0,0,100,0,176,352,16,16,0,80,-135,0,0,100,0,176,368,16,16,0,52,-177,0,0,100,0,144,256,112,96,0,87,-111,0,0,100,0,112,368,32,16,0,96,-138,0,0,100,0,0,384,48,32,0,55,-130,0,0,100,0,160,400,32,16,0,80,-146,0,0,100,0,112,416,80,48,0,26,-152,0,0,50,0,0,256,144,80,0,0,-256,0,0,100,0,0,0,192,256,0,0,-256,0,0,100,0,0,624,192,256,0,
0,37,0,-256,0,0,100,0,192,624,192,256,0,88,-201,0,0,100,0,288,128,48,48,0,83,-120,0,0,100,0,256,96,32,32,0,78,-140,0,0,100,0,672,64,48,48,0,103,-166,0,0,100,0,256,224,32,32,0,103,-166,0,0,60,0,256,288,32,32,0,103,-166,0,0,30,0,256,320,32,32,0,103,-166,0,0,50,0,256,256,32,32,0,103,-166,0,0,50,0,256,352,32,32,0,78,-204,0,0,60,0,336,160,48,32,0,78,-204,0,0,30,0,336,192,48,32,0,78,-204,0,0,50,0,336,128,48,32,0,68,-214,0,0,30,0,64,336,48,48,0,57,-224,0,0,100,0,192,128,96,96,0,24,-188,0,1,60,0,64,416,48,48,0,47,-206,0,0,100,0,368,385,16,26,0,31,-198,0,0,100,0,368,385,16,26,0,31,-182,0,0,100,0,192,64,32,32,0,131,-166,0,0,100,0,256,32,32,32,0,81,-180,0,1,50,0,0,416,32,32,0,80,-180,0,0,100,0,192,0,32,32,0,69,-142,0,0,30,0,112,336,32,32,0,110,-148,0,0,20,0,48,336,16,16,0,100,-153,0,0,40,0,48,336,16,16,0,56,-167,0,0,50,0,0,336,48,48,0,81,-141,0,0,100,0,176,352,16,16,0,77,-139,0,0,100,0,176,352,16,16,0,73,-137,0,0,100,0,176,352,16,16,0,80,-135,0,0,100,0,176,368,16,16,0,52,-177,0,0,100,0,144,256,112,96,0,87,-111,0,0,100,0,112,368,32,16,0,96,-138,0,0,100,0,0,384,48,32,0,55,-130,0,0,100,0,160,400,32,16,0,80,-146,0,0,100,0,112,416,80,48,0,26,-152,0,0,50,0,0,256,144,80,0,0,-256,0,0,100,0,0,0,192,256,0,0,-256,0,0,100,0,0,624,192,256,0,
0,37,0,-256,0,0,100,0,192,624,192,256,0,88,-201,0,0,100,0,288,128,48,48,0,83,-120,0,0,100,0,256,96,32,32,0,78,-140,0,0,100,0,672,64,48,48,0,103,-166,0,0,100,0,256,224,32,32,0,103,-166,0,0,60,0,256,288,32,32,0,103,-166,0,0,30,0,256,320,32,32,0,103,-166,0,0,50,0,256,256,32,32,0,103,-166,0,0,50,0,256,352,32,32,0,78,-204,0,0,60,0,336,160,48,32,0,78,-204,0,0,30,0,336,192,48,32,0,78,-204,0,0,50,0,336,128,48,32,0,68,-214,0,0,30,0,64,336,48,48,0,57,-224,0,0,100,0,192,128,96,96,0,24,-188,0,1,70,0,64,416,48,48,0,47,-206,0,0,100,0,368,385,16,26,0,31,-198,0,0,100,0,368,385,16,26,0,31,-182,0,0,100,0,224,64,32,32,0,131,-166,0,0,100,0,256,32,32,32,0,81,-180,0,1,50,0,0,416,32,32,0,80,-180,0,0,100,0,192,0,32,32,0,69,-142,0,0,30,0,112,336,32,32,0,110,-148,0,0,20,0,48,336,16,16,0,100,-153,0,0,40,0,48,336,16,16,0,56,-167,0,0,50,0,0,336,48,48,0,81,-141,0,0,100,0,176,352,16,16,0,77,-139,0,0,100,0,176,352,16,16,0,73,-137,0,0,100,0,176,352,16,16,0,80,-135,0,0,100,0,176,368,16,16,0,52,-177,0,0,100,0,144,256,112,96,0,87,-111,0,0,100,0,112,368,32,16,0,96,-138,0,0,100,0,0,384,48,32,0,55,-130,0,0,100,0,160,400,32,16,0,80,-146,0,0,100,0,112,416,80,48,0,26,-152,0,0,50,0,0,256,144,80,0,0,-256,0,0,100,0,0,0,192,256,0,0,-256,0,0,100,0,0,624,192,256,0,
0,42,0,-256,0,0,100,0,192,624,192,256,0,124,-228,0,0,20,0,240,448,16,16,0,115,-228,0,0,20,0,336,384,32,64,0,114,-196,0,0,20,0,576,0,32,32,0,117,-188,0,0,20,0,144,368,32,16,0,115,-216,0,0,20,0,304,384,32,48,0,88,-201,0,0,100,0,288,128,48,48,0,83,-120,0,0,100,0,256,96,32,32,0,78,-140,0,0,100,0,672,64,48,48,0,103,-166,0,0,100,0,256,224,32,32,0,103,-166,0,0,60,0,256,288,32,32,0,103,-166,0,0,30,0,256,320,32,32,0,103,-166,0,0,50,0,256,256,32,32,0,103,-166,0,0,50,0,256,352,32,32,0,78,-204,0,0,60,0,336,160,48,32,0,78,-204,0,0,30,0,336,192,48,32,0,78,-204,0,0,50,0,336,128,48,32,0,68,-214,0,0,30,0,64,336,48,48,0,57,-224,0,0,100,0,192,128,96,96,0,24,-188,0,1,100,0,64,416,48,48,0,47,-206,0,0,100,0,368,385,16,26,0,31,-198,0,0,100,0,368,385,16,26,0,31,-182,0,0,100,0,256,64,32,32,0,131,-166,0,0,100,0,256,32,32,32,0,81,-180,0,1,50,0,0,416,32,32,0,80,-180,0,0,100,0,192,0,32,32,0,69,-142,0,0,30,0,112,336,32,32,0,110,-148,0,0,20,0,48,336,16,16,0,100,-153,0,0,40,0,48,336,16,16,0,56,-167,0,0,50,0,0,336,48,48,0,81,-141,0,0,100,0,176,352,16,16,0,77,-139,0,0,100,0,176,352,16,16,0,73,-137,0,0,100,0,176,352,16,16,0,80,-135,0,0,100,0,176,368,16,16,0,52,-177,0,0,100,0,144,256,112,96,0,87,-111,0,0,100,0,112,368,32,16,0,96,-138,0,0,100,0,0,384,48,32,0,55,-130,0,0,100,0,160,400,32,16,0,80,-146,0,0,100,0,112,416,80,48,0,26,-152,0,0,50,0,0,256,144,80,0,0,-256,0,0,100,0,0,0,192,256,0,0,-256,0,0,100,0,0,624,192,256,0,
0,48,0,-256,0,0,100,0,192,624,192,256,0,27,-209,0,0,20,0,384,0,64,48,0,33,-224,0,0,20,0,240,384,64,64,0,27,-209,0,0,20,0,448,0,64,48,0,36,-218,0,0,20,0,192,384,48,64,0,27,-209,0,0,20,0,512,0,64,48,0,124,-208,0,0,50,0,368,385,16,13,0,124,-199,0,0,50,0,240,448,16,16,0,115,-199,0,0,50,0,336,384,32,64,0,114,-167,0,0,50,0,576,0,32,32,0,117,-159,0,0,50,0,144,368,32,16,0,115,-187,0,0,50,0,304,384,32,48,0,88,-201,0,0,100,0,288,128,48,48,0,83,-120,0,0,100,0,256,96,32,32,0,78,-140,0,0,100,0,672,64,48,48,0,103,-166,0,0,100,0,256,224,32,32,0,103,-166,0,0,60,0,256,288,32,32,0,103,-166,0,0,30,0,256,320,32,32,0,103,-166,0,0,50,0,256,256,32,32,0,103,-166,0,0,50,0,256,352,32,32,0,78,-204,0,0,60,0,336,160,48,32,0,78,-204,0,0,30,0,336,192,48,32,0,78,-204,0,0,50,0,336,128,48,32,0,68,-214,0,0,30,0,64,336,48,48,0,57,-224,0,0,100,0,192,128,96,96,0,24,-188,0,1,80,0,64,416,48,48,0,47,-206,0,0,100,0,368,385,16,26,0,31,-198,0,0,100,0,368,385,16,26,0,31,-182,0,0,100,0,288,64,32,32,0,131,-166,0,0,100,0,256,32,32,32,0,81,-180,0,1,50,0,0,416,32,32,0,80,-180,0,0,100,0,192,0,32,32,0,69,-142,0,0,30,0,112,336,32,32,0,110,-148,0,0,20,0,48,336,16,16,0,100,-153,0,0,40,0,48,336,16,16,0,56,-167,0,0,50,0,0,336,48,48,0,81,-141,0,0,100,0,176,352,16,16,0,77,-139,0,0,100,0,176,352,16,16,0,73,-137,0,0,100,0,176,352,16,16,0,80,-135,0,0,100,0,176,368,16,16,0,52,-177,0,0,100,0,144,256,112,96,0,87,-111,0,0,100,0,112,368,32,16,0,96,-138,0,0,100,0,0,384,48,32,0,55,-130,0,0,100,0,160,400,32,16,0,80,-146,0,0,100,0,112,416,80,48,0,26,-152,0,0,50,0,0,256,144,80,0,0,-256,0,0,100,0,0,0,192,256,0,0,-256,0,0,100,0,0,624,192,256,0,
0,52,0,-256,0,0,100,0,192,624,192,256,0,36,-207,0,0,20,0,192,448,48,48,0,27,-175,0,0,50,0,384,48,64,48,0,33,-190,0,0,50,0,240,384,64,64,0,27,-175,0,0,50,0,448,48,64,48,0,36,-184,0,0,50,0,192,384,48,64,0,27,-175,0,0,50,0,512,48,64,48,0,124,-208,0,0,100,0,368,385,16,30,0,124,-178,0,0,100,0,368,401,16,9,0,124,-173,0,0,100,0,240,448,16,16,0,115,-173,0,0,100,0,336,384,32,64,0,114,-141,0,0,100,0,576,0,32,32,0,117,-133,0,0,100,0,144,368,32,16,0,115,-161,0,0,100,0,304,384,32,48,0,88,-201,0,0,100,0,288,128,48,48,0,83,-120,0,0,100,0,256,96,32,32,0,78,-140,0,0,100,0,672,64,48,48,0,103,-166,0,0,100,0,256,224,32,32,0,103,-166,0,0,60,0,256,288,32,32,0,103,-166,0,0,30,0,256,320,32,32,0,103,-166,0,0,50,0,256,256,32,32,0,103,-166,0,0,50,0,256,352,32,32,0,78,-204,0,0,60,0,336,160,48,32,0,78,-204,0,0,30,0,336,192,48,32,0,78,-204,0,0,50,0,336,128,48,32,0,68,-214,0,0,30,0,64,336,48,48,0,57,-224,0,0,100,0,192,128,96,96,0,24,-188,0,1,60,0,64,416,48,48,0,47,-206,0,0,100,0,368,385,16,26,0,31,-198,0,0,100,0,368,385,16,26,0,31,-182,0,0,100,0,192,64,32,32,0,131,-166,0,0,100,0,256,32,32,32,0,81,-180,0,1,50,0,0,416,32,32,0,80,-180,0,0,100,0,192,0,32,32,0,69,-142,0,0,30,0,112,336,32,32,0,110,-148,0,0,20,0,48,336,16,16,0,100,-153,0,0,40,0,48,336,16,16,0,56,-167,0,0,50,0,0,336,48,48,0,28,-121,0,0,20,0,48,384,64,32,0,107,-120,0,0,50,0,112,384,48,32,0,81,-141,0,0,100,0,176,352,16,16,0,77,-139,0,0,100,0,176,352,16,16,0,73,-137,0,0,100,0,176,352,16,16,0,80,-135,0,0,100,0,176,368,16,16,0,52,-177,0,0,100,0,144,256,112,96,0,87,-111,0,0,100,0,112,368,32,16,0,96,-138,0,0,100,0,0,384,48,32,0,55,-130,0,0,100,0,160,400,32,16,0,80,-146,0,0,100,0,112,416,80,48,0,26,-152,0,0,50,0,0,256,144,80,0,0,-256,0,0,100,0,0,0,192,256,0,0,-256,0,0,100,0,0,624,192,256,0,
0,54,0,-256,0,0,100,0,192,624,192,256,0,52,-200,0,0,100,0,368,385,16,14,0,36,-187,0,0,100,0,192,448,48,48,0,27,-155,0,0,100,0,384,96,64,48,0,33,-170,0,0,100,0,240,384,64,64,0,27,-155,0,0,100,0,448,96,64,48,0,36,-164,0,0,100,0,192,384,48,64,0,27,-155,0,0,100,0,512,96,64,48,0,124,-208,0,0,100,0,368,385,16,30,0,124,-178,0,0,100,0,368,401,16,14,0,124,-164,0,0,100,0,368,401,16,13,0,124,-159,0,0,100,0,240,448,16,16,0,115,-159,0,0,100,0,336,384,32,64,0,114,-127,0,0,100,0,576,0,32,32,0,117,-119,0,0,100,0,144,368,32,16,0,115,-147,0,0,100,0,304,384,32,48,0,88,-201,0,0,100,0,288,128,48,48,0,83,-120,0,0,100,0,256,96,32,32,0,78,-140,0,0,100,0,672,64,48,48,0,103,-166,0,0,100,0,256,224,32,32,0,103,-166,0,0,60,0,256,288,32,32,0,103,-166,0,0,30,0,256,320,32,32,0,103,-166,0,0,50,0,256,256,32,32,0,103,-166,0,0,50,0,256,352,32,32,0,78,-204,0,0,60,0,336,160,48,32,0,78,-204,0,0,30,0,336,192,48,32,0,78,-204,0,0,50,0,336,128,48,32,0,68,-214,0,0,30,0,64,336,48,48,0,57,-224,0,0,100,0,192,128,96,96,0,24,-188,0,1,70,0,64,416,48,48,0,47,-206,0,0,100,0,368,385,16,26,0,31,-198,0,0,100,0,368,385,16,26,0,31,-182,0,0,100,0,224,64,32,32,0,131,-166,0,0,100,0,256,32,32,32,0,81,-180,0,1,50,0,0,416,32,32,0,80,-180,0,0,100,0,192,0,32,32,0,69,-142,0,0,30,0,112,336,32,32,0,110,-148,0,0,20,0,48,336,16,16,0,100,-153,0,0,40,0,48,336,16,16,0,56,-167,0,0,50,0,0,336,48,48,0,28,-121,0,0,50,0,48,384,64,32,0,107,-120,0,0,70,0,112,384,48,32,0,81,-141,0,0,100,0,176,352,16,16,0,77,-139,0,0,100,0,176,352,16,16,0,73,-137,0,0,100,0,176,352,16,16,0,80,-135,0,0,100,0,176,368,16,16,0,52,-177,0,0,100,0,144,256,112,96,0,87,-111,0,0,100,0,112,368,32,16,0,96,-138,0,0,100,0,0,384,48,32,0,55,-130,0,0,100,0,160,400,32,16,0,80,-146,0,0,100,0,112,416,80,48,0,26,-152,0,0,50,0,0,256,144,80,0,0,-256,0,0,100,0,0,0,192,256,0,0,-256,0,0,100,0,0,624,192,256,0,
0,54,0,-256,0,0,100,0,192,624,192,256,0,52,-200,0,0,100,0,368,385,16,22,0,36,-179,0,0,100,0,192,448,48,48,0,27,-147,0,0,100,0,384,0,64,48,0,33,-162,0,0,100,0,240,384,64,64,0,27,-147,0,0,100,0,448,0,64,48,0,36,-156,0,0,100,0,192,384,48,64,0,27,-147,0,0,100,0,512,0,64,48,0,124,-208,0,0,100,0,368,385,16,30,0,124,-178,0,0,100,0,368,401,16,14,0,124,-164,0,0,100,0,368,401,16,13,0,124,-155,0,0,100,0,240,448,16,16,0,115,-155,0,0,100,0,336,384,32,64,0,114,-123,0,0,100,0,576,0,32,32,0,117,-115,0,0,100,0,144,368,32,16,0,115,-143,0,0,100,0,304,384,32,48,0,88,-201,0,0,100,0,288,128,48,48,0,83,-120,0,0,100,0,288,96,32,32,0,103,-166,0,0,100,0,256,224,32,32,0,79,-140,0,0,100,0,624,64,48,48,0,103,-166,0,0,60,0,256,288,32,32,0,103,-166,0,0,30,0,256,320,32,32,0,103,-166,0,0,50,0,256,256,32,32,0,103,-166,0,0,50,0,256,352,32,32,0,78,-204,0,0,60,0,336,160,48,32,0,78,-204,0,0,30,0,336,192,48,32,0,78,-204,0,0,50,0,336,128,48,32,0,68,-214,0,0,30,0,64,336,48,48,0,57,-224,0,0,100,0,192,128,96,96,0,24,-188,0,1,100,0,64,416,48,48,0,47,-206,0,0,100,0,368,385,16,26,0,31,-198,0,0,100,0,368,385,16,26,0,31,-182,0,0,100,0,256,64,32,32,0,131,-166,0,0,100,0,256,32,32,32,0,81,-180,0,1,50,0,0,416,32,32,0,80,-180,0,0,100,0,192,0,32,32,0,69,-142,0,0,30,0,112,336,32,32,0,110,-148,0,0,20,0,48,336,16,16,0,100,-153,0,0,40,0,48,336,16,16,0,56,-167,0,0,50,0,0,336,48,48,0,28,-121,0,0,70,0,48,384,64,32,0,81,-141,0,0,100,0,176,352,16,16,0,77,-139,0,0,100,0,176,352,16,16,0,73,-137,0,0,100,0,176,352,16,16,0,80,-135,0,0,100,0,176,368,16,16,0,52,-177,0,0,100,0,144,256,112,96,0,88,-111,0,0,100,0,112,368,32,16,0,107,-120,0,0,100,0,112,384,48,32,0,96,-138,0,0,100,0,0,384,48,32,0,55,-130,0,0,100,0,160,400,32,16,0,80,-146,0,0,100,0,112,416,80,48,0,26,-152,0,0,50,0,0,256,144,80,0,0,-256,0,0,100,0,0,0,192,256,0,0,-256,0,0,100,0,0,624,192,256,0,
0,54,0,-256,0,0,100,0,192,624,192,256,0,52,-200,0,0,100,0,368,385,16,27,0,36,-174,0,0,100,0,192,448,48,48,0,27,-142,0,0,100,0,384,0,64,48,0,33,-157,0,0,100,0,240,384,64,64,0,27,-142,0,0,100,0,448,0,64,48,0,36,-151,0,0,100,0,192,384,48,64,0,27,-142,0,0,100,0,512,0,64,48,0,124,-208,0,0,100,0,368,385,16,30,0,124,-178,0,0,100,0,368,401,16,14,0,124,-164,0,0,100,0,368,401,16,12,0,124,-156,0,0,100,0,240,448,16,16,0,115,-156,0,0,100,0,336,384,32,64,0,114,-124,0,0,100,0,576,0,32,32,0,117,-115,0,0,100,0,144,368,32,16,0,115,-144,0,0,100,0,304,384,32,48,0,88,-201,0,0,100,0,288,128,48,48,0,83,-120,0,0,100,0,192,96,32,32,0,81,-139,0,0,100,0,624,64,48,48,0,103,-166,0,0,100,0,256,224,32,32,0,103,-166,0,0,60,0,256,288,32,32,0,103,-166,0,0,30,0,256,320,32,32,0,103,-166,0,0,50,0,256,256,32,32,0,103,-166,0,0,50,0,256,352,32,32,0,78,-204,0,0,60,0,336,160,48,32,0,78,-204,0,0,30,0,336,192,48,32,0,78,-204,0,0,50,0,336,128,48,32,0,68,-214,0,0,30,0,64,336,48,48,0,57,-224,0,0,100,0,192,128,96,96,0,24,-188,0,1,80,0,64,416,48,48,0,47,-206,0,0,100,0,368,385,16,26,0,31,-198,0,0,100,0,368,385,16,26,0,31,-182,0,0,100,0,288,64,32,32,0,131,-166,0,0,100,0,256,32,32,32,0,81,-180,0,1,50,0,0,416,32,32,0,80,-180,0,0,100,0,192,0,32,32,0,69,-142,0,0,30,0,112,336,32,32,0,110,-148,0,0,20,0,48,336,16,16,0,100,-153,0,0,40,0,48,336,16,16,0,56,-167,0,0,50,0,0,336,48,48,0,81,-141,0,0,100,0,176,352,16,16,0,77,-139,0,0,100,0,176,352,16,16,0,73,-137,0,0,100,0,176,352,16,16,0,80,-135,0,0,100,0,176,368,16,16,0,52,-177,0,0,100,0,144,256,112,96,0,28,-121,0,0,100,0,48,384,64,32,0,90,-110,0,0,100,0,112,368,32,16,0,107,-120,0,0,100,0,112,384,48,32,0,96,-138,0,0,100,0,0,384,48,32,0,55,-130,0,0,100,0,160,400,32,16,0,80,-146,0,0,100,0,112,416,80,48,0,26,-152,0,0,50,0,0,256,144,80,0,0,-256,0,0,100,0,0,0,192,256,0,0,-256,0,0,100,0,0,624,192,256,0,
0,54,0,-256,0,0,100,0,192,624,192,256,0,52,-200,0,0,100,0,368,385,16,26,0,36,-175,0,0,100,0,192,448,48,48,0,27,-143,0,0,100,0,384,0,64,48,0,33,-158,0,0,100,0,240,384,64,64,0,27,-143,0,0,100,0,448,0,64,48,0,36,-152,0,0,100,0,192,384,48,64,0,27,-143,0,0,100,0,512,0,64,48,0,124,-208,0,0,100,0,368,385,16,30,0,124,-178,0,0,100,0,368,401,16,14,0,124,-164,0,0,100,0,368,401,16,13,0,124,-155,0,0,100,0,240,448,16,16,0,115,-155,0,0,100,0,336,384,32,64,0,114,-123,0,0,100,0,576,0,32,32,0,117,-115,0,0,100,0,144,368,32,16,0,115,-143,0,0,100,0,304,384,32,48,0,88,-201,0,0,100,0,288,128,48,48,0,83,-120,0,0,100,0,192,96,32,32,0,81,-139,0,0,100,0,576,64,48,48,0,103,-166,0,0,100,0,256,224,32,32,0,103,-166,0,0,60,0,256,288,32,32,0,103,-166,0,0,30,0,256,320,32,32,0,103,-166,0,0,50,0,256,256,32,32,0,103,-166,0,0,50,0,256,352,32,32,0,78,-204,0,0,60,0,336,160,48,32,0,78,-204,0,0,30,0,336,192,48,32,0,78,-204,0,0,50,0,336,128,48,32,0,68,-214,0,0,30,0,64,336,48,48,0,57,-224,0,0,100,0,192,128,96,96,0,24,-188,0,1,60,0,64,416,48,48,0,47,-206,0,0,100,0,368,385,16,26,0,31,-198,0,0,100,0,368,385,16,26,0,31,-182,0,0,100,0,192,64,32,32,0,131,-166,0,0,100,0,256,32,32,32,0,81,-180,0,1,50,0,0,416,32,32,0,80,-180,0,0,100,0,192,0,32,32,0,69,-142,0,0,30,0,112,336,32,32,0,110,-148,0,0,20,0,48,336,16,16,0,100,-153,0,0,40,0,48,336,16,16,0,56,-167,0,0,50,0,0,336,48,48,0,81,-141,0,0,100,0,176,352,16,16,0,77,-139,0,0,100,0,176,352,16,16,0,73,-137,0,0,100,0,176,352,16,16,0,80,-135,0,0,100,0,176,368,16,16,0,52,-177,0,0,100,0,144,256,112,96,0,28,-121,0,0,100,0,48,384,64,32,0,90,-110,0,0,100,0,112,368,32,16,0,107,-120,0,0,100,0,112,384,48,32,0,96,-138,0,0,100,0,0,384,48,32,0,55,-130,0,0,100,0,160,400,32,16,0,80,-146,0,0,100,0,112,416,80,48,0,26,-152,0,0,50,0,0,256,144,80,0,0,-256,0,0,100,0,0,0,192,256,0,0,-256,0,0,100,0,0,624,192,256,0,
0,54,0,-256,0,0,100,0,192,624,192,256,0,52,-200,0,0,100,0,368,385,16,27,0,36,-174,0,0,100,0,192,448,48,48,0,27,-142,0,0,100,0,384,0,64,48,0,33,-157,0,0,100,0,240,384,64,64,0,27,-142,0,0,100,0,448,0,64,48,0,36,-151,0,0,100,0,192,384,48,64,0,27,-142,0,0,100,0,512,0,64,48,0,124,-208,0,0,100,0,368,385,16,30,0,124,-178,0,0,100,0,368,401,16,14,0,124,-164,0,0,100,0,368,401,16,13,0,124,-155,0,0,100,0,240,448,16,16,0,115,-155,0,0,100,0,336,384,32,64,0,114,-123,0,0,100,0,576,0,32,32,0,117,-115,0,0,100,0,144,368,32,16,0,115,-143,0,0,100,0,304,384,32,48,0,88,-201,0,0,100,0,288,128,48,48,0,83,-120,0,0,100,0,192,96,32,32,0,81,-139,0,0,100,0,576,64,48,48,0,103,-166,0,0,100,0,256,224,32,32,0,103,-166,0,0,60,0,256,288,32,32,0,103,-166,0,0,30,0,256,320,32,32,0,103,-166,0,0,50,0,256,256,32,32,0,103,-166,0,0,50,0,256,352,32,32,0,78,-204,0,0,60,0,336,160,48,32,0,78,-204,0,0,30,0,336,192,48,32,0,78,-204,0,0,50,0,336,128,48,32,0,68,-214,0,0,30,0,64,336,48,48,0,57,-224,0,0,100,0,192,128,96,96,0,24,-188,0,1,70,0,64,416,48,48,0,47,-206,0,0,100,0,368,385,16,26,0,31,-198,0,0,100,0,368,385,16,26,0,31,-182,0,0,100,0,224,64,32,32,0,131,-166,0,0,100,0,256,32,32,32,0,81,-180,0,1,50,0,0,416,32,32,0,80,-180,0,0,100,0,192,0,32,32,0,69,-142,0,0,30,0,112,336,32,32,0,110,-148,0,0,20,0,48,336,16,16,0,100,-153,0,0,40,0,48,336,16,16,0,56,-167,0,0,50,0,0,336,48,48,0,81,-141,0,0,100,0,176,352,16,16,0,77,-139,0,0,100,0,176,352,16,16,0,73,-137,0,0,100,0,176,352,16,16,0,80,-135,0,0,100,0,176,368,16,16,0,52,-177,0,0,100,0,144,256,112,96,0,28,-121,0,0,100,0,48,384,64,32,0,90,-110,0,0,100,0,112,368,32,16,0,107,-120,0,0,100,0,112,384,48,32,0,96,-138,0,0,100,0,0,384,48,32,0,55,-130,0,0,100,0,160,400,32,16,0,80,-146,0,0,100,0,112,416,80,48,0,26,-152,0,0,50,0,0,256,144,80,0,0,-256,0,0,100,0,0,0,192,256,0,0,-256,0,0,100,0,0,624,192,256,0,
0,54,0,-256,0,0,100,0,192,624,192,256,0,52,-200,0,0,100,0,368,385,16,27,0,36,-174,0,0,100,0,192,448,48,48,0,27,-142,0,0,100,0,384,0,64,48,0,33,-157,0,0,100,0,240,384,64,64,0,27,-142,0,0,100,0,448,0,64,48,0,36,-151,0,0,100,0,192,384,48,64,0,27,-142,0,0,100,0,512,0,64,48,0,124,-208,0,0,100,0,368,385,16,30,0,124,-178,0,0,100,0,368,401,16,14,0,124,-164,0,0,100,0,368,401,16,13,0,124,-155,0,0,100,0,240,448,16,16,0,115,-155,0,0,100,0,336,384,32,64,0,114,-123,0,0,100,0,576,0,32,32,0,117,-115,0,0,100,0,144,368,32,16,0,115,-143,0,0,100,0,304,384,32,48,0,88,-201,0,0,100,0,288,128,48,48,0,83,-120,0,0,100,0,192,96,32,32,0,81,-139,0,0,100,0,576,64,48,48,0,103,-166,0,0,100,0,256,224,32,32,0,103,-166,0,0,60,0,256,288,32,32,0,103,-166,0,0,30,0,256,320,32,32,0,103,-166,0,0,50,0,256,256,32,32,0,103,-166,0,0,50,0,256,352,32,32,0,78,-204,0,0,60,0,336,160,48,32,0,78,-204,0,0,30,0,336,192,48,32,0,78,-204,0,0,50,0,336,128,48,32,0,68,-214,0,0,30,0,64,336,48,48,0,57,-224,0,0,100,0,192,128,96,96,0,24,-188,0,1,100,0,64,416,48,48,0,47,-206,0,0,100,0,368,385,16,26,0,31,-198,0,0,100,0,368,385,16,26,0,31,-182,0,0,100,0,256,64,32,32,0,131,-166,0,0,100,0,256,32,32,32,0,81,-180,0,1,50,0,0,416,32,32,0,80,-180,0,0,100,0,192,0,32,32,0,69,-142,0,0,30,0,112,336,32,32,0,110,-148,0,0,20,0,48,336,16,16,0,100,-153,0,0,40,0,48,336,16,16,0,56,-167,0,0,50,0,0,336,48,48,0,81,-141,0,0,100,0,176,352,16,16,0,77,-139,0,0,100,0,176,352,16,16,0,73,-137,0,0,100,0,176,352,16,16,0,80,-135,0,0,100,0,176,368,16,16,0,52,-177,0,0,100,0,144,256,112,96,0,28,-121,0,0,100,0,48,384,64,32,0,90,-110,0,0,100,0,112,368,32,16,0,107,-120,0,0,100,0,112,384,48,32,0,96,-138,0,0,100,0,0,384,48,32,0,55,-130,0,0,100,0,160,400,32,16,0,80,-146,0,0,100,0,112,416,80,48,0,26,-152,0,0,50,0,0,256,144,80,0,0,-256,0,0,100,0,0,0,192,256,0,0,-256,0,0,100,0,0,624,192,256,0,
0,54,0,-256,0,0,100,0,192,624,192,256,0,52,-200,0,0,100,0,368,385,16,27,0,36,-174,0,0,100,0,192,448,48,48,0,27,-142,0,0,100,0,384,0,64,48,0,33,-157,0,0,100,0,240,384,64,64,0,27,-142,0,0,100,0,448,0,64,48,0,36,-151,0,0,100,0,192,384,48,64,0,27,-142,0,0,100,0,512,0,64,48,0,124,-208,0,0,100,0,368,385,16,30,0,124,-178,0,0,100,0,368,401,16,14,0,124,-164,0,0,100,0,368,401,16,13,0,124,-155,0,0,100,0,240,448,16,16,0,115,-155,0,0,100,0,336,384,32,64,0,114,-123,0,0,100,0,576,0,32,32,0,117,-115,0,0,100,0,144,368,32,16,0,115,-143,0,0,100,0,304,384,32,48,0,88,-201,0,0,100,0,288,128,48,48,0,83,-120,0,0,100,0,192,96,32,32,0,81,-139,0,0,100,0,576,64,48,48,0,103,-166,0,0,100,0,256,224,32,32,0,103,-166,0,0,60,0,256,288,32,32,0,103,-166,0,0,30,0,256,320,32,32,0,103,-166,0,0,50,0,256,256,32,32,0,103,-166,0,0,50,0,256,352,32,32,0,78,-204,0,0,60,0,336,160,48,32,0,78,-204,0,0,30,0,336,192,48,32,0,78,-204,0,0,50,0,336,128,48,32,0,68,-214,0,0,30,0,64,336,48,48,0,57,-224,0,0,100,0,192,128,96,96,0,24,-188,0,1,80,0,64,416,48,48,0,47,-206,0,0,100,0,368,385,16,26,0,31,-198,0,0,100,0,368,385,16,26,0,31,-182,0,0,100,0,288,64,32,32,0,131,-166,0,0,100,0,256,32,32,32,0,81,-180,0,1,50,0,0,416,32,32,0,80,-180,0,0,100,0,192,0,32,32,0,69,-142,0,0,30,0,112,336,32,32,0,110,-148,0,0,20,0,48,336,16,16,0,100,-153,0,0,40,0,48,336,16,16,0,56,-167,0,0,50,0,0,336,48,48,0,81,-141,0,0,100,0,176,352,16,16,0,77,-139,0,0,100,0,176,352,16,16,0,73,-137,0,0,100,0,176,352,16,16,0,80,-135,0,0,100,0,176,368,16,16,0,52,-177,0,0,100,0,144,256,112,96,0,28,-121,0,0,100,0,48,384,64,32,0,90,-110,0,0,100,0,112,368,32,16,0,107,-120,0,0,100,0,112,384,48,32,0,96,-138,0,0,100,0,0,384,48,32,0,55,-130,0,0,100,0,160,400,32,16,0,80,-146,0,0,100,0,112,416,80,48,0,26,-152,0,0,50,0,0,256,144,80,0,0,-256,0,0,100,0,0,0,192,256,0,0,-256,0,0,100,0,0,624,192,256,0,
0,54,0,-256,0,0,100,0,192,624,192,256,0,52,-200,0,0,100,0,368,385,16,27,0,36,-174,0,0,100,0,192,448,48,48,0,27,-142,0,0,100,0,384,0,64,48,0,33,-157,0,0,100,0,240,384,64,64,0,27,-142,0,0,100,0,448,0,64,48,0,36,-151,0,0,100,0,192,384,48,64,0,27,-142,0,0,100,0,512,0,64,48,0,124,-208,0,0,100,0,368,385,16,30,0,124,-178,0,0,100,0,368,401,16,14,0,124,-164,0,0,100,0,368,401,16,13,0,124,-155,0,0,100,0,240,448,16,16,0,115,-155,0,0,100,0,336,384,32,64,0,114,-123,0,0,100,0,576,0,32,32,0,117,-115,0,0,100,0,144,368,32,16,0,115,-143,0,0,100,0,304,384,32,48,0,88,-201,0,0,100,0,288,128,48,48,0,83,-120,0,0,100,0,192,96,32,32,0,81,-139,0,0,100,0,576,64,48,48,0,103,-166,0,0,100,0,256,224,32,32,0,103,-166,0,0,60,0,256,288,32,32,0,103,-166,0,0,30,0,256,320,32,32,0,103,-166,0,0,50,0,256,256,32,32,0,103,-166,0,0,50,0,256,352,32,32,0,78,-204,0,0,60,0,336,160,48,32,0,78,-204,0,0,30,0,336,192,48,32,0,78,-204,0,0,50,0,336,128,48,32,0,68,-214,0,0,30,0,64,336,48,48,0,57,-224,0,0,100,0,192,128,96,96,0,24,-188,0,1,60,0,64,416,48,48,0,47,-206,0,0,100,0,368,385,16,26,0,31,-198,0,0,100,0,368,385,16,26,0,31,-182,0,0,100,0,192,64,32,32,0,131,-166,0,0,100,0,256,32,32,32,0,81,-180,0,1,50,0,0,416,32,32,0,80,-180,0,0,100,0,192,0,32,32,0,69,-142,0,0,30,0,112,336,32,32,0,110,-148,0,0,20,0,48,336,16,16,0,100,-153,0,0,40,0,48,336,16,16,0,56,-167,0,0,50,0,0,336,48,48,0,81,-141,0,0,100,0,176,352,16,16,0,77,-139,0,0,100,0,176,352,16,16,0,73,-137,0,0,100,0,176,352,16,16,0,80,-135,0,0,100,0,176,368,16,16,0,52,-177,0,0,100,0,144,256,112,96,0,28,-121,0,0,100,0,48,384,64,32,0,90,-110,0,0,100,0,112,368,32,16,0,107,-120,0,0,100,0,112,384,48,32,0,96,-138,0,0,100,0,0,384,48,32,0,55,-130,0,0,100,0,160,400,32,16,0,80,-146,0,0,100,0,112,416,80,48,0,26,-152,0,0,50,0,0,256,144,80,0,0,-256,0,0,100,0,0,0,192,256,0,0,-256,0,0,100,0,0,624,192,256,0,
0,54,0,-256,0,0,100,0,192,624,192,256,0,53,-200,0,0,100,0,368,385,16,28,0,37,-173,0,0,100,0,192,448,48,48,0,28,-141,0,0,100,0,384,48,64,48,0,34,-156,0,0,100,0,240,384,64,64,0,28,-141,0,0,100,0,448,48,64,48,0,37,-150,0,0,100,0,192,384,48,64,0,28,-141,0,0,100,0,512,48,64,48,0,124,-208,0,0,100,0,368,385,16,30,0,124,-178,0,0,100,0,368,401,16,14,0,124,-164,0,0,100,0,368,401,16,13,0,124,-155,0,0,100,0,240,448,16,16,0,115,-155,0,0,100,0,336,384,32,64,0,114,-123,0,0,100,0,576,0,32,32,0,117,-115,0,0,100,0,144,368,32,16,0,115,-143,0,0,100,0,304,384,32,48,0,88,-201,0,0,100,0,288,128,48,48,0,83,-120,0,0,100,0,192,96,32,32,0,81,-139,0,0,100,0,576,64,48,48,0,103,-166,0,0,100,0,256,224,32,32,0,103,-166,0,0,60,0,256,288,32,32,0,103,-166,0,0,30,0,256,320,32,32,0,103,-166,0,0,50,0,256,256,32,32,0,103,-166,0,0,50,0,256,352,32,32,0,78,-204,0,0,60,0,336,160,48,32,0,78,-204,0,0,30,0,336,192,48,32,0,78,-204,0,0,50,0,336,128,48,32,0,68,-214,0,0,30,0,64,336,48,48,0,57,-224,0,0,100,0,192,128,96,96,0,24,-188,0,1,70,0,64,416,48,48,0,47,-206,0,0,100,0,368,385,16,26,0,31,-198,0,0,100,0,368,385,16,26,0,31,-182,0,0,100,0,224,64,32,32,0,131,-166,0,0,100,0,256,32,32,32,0,81,-180,0,1,50,0,0,416,32,32,0,80,-180,0,0,100,0,192,0,32,32,0,69,-142,0,0,30,0,112,336,32,32,0,110,-148,0,0,20,0,48,336,16,16,0,100,-153,0,0,40,0,48,336,16,16,0,56,-167,0,0,50,0,0,336,48,48,0,81,-141,0,0,100,0,176,352,16,16,0,77,-139,0,0,100,0,176,352,16,16,0,73,-137,0,0,100,0,176,352,16,16,0,80,-135,0,0,100,0,176,368,16,16,0,52,-177,0,0,100,0,144,256,112,96,0,29,-120,0,0,100,0,48,384,64,32,0,90,-110,0,0,100,0,112,368,32,16,0,107,-120,0,0,100,0,112,384,48,32,0,96,-138,0,0,100,0,0,384,48,32,0,55,-130,0,0,100,0,160,400,32,16,0,80,-146,0,0,100,0,112,416,80,48,0,26,-152,0,0,50,0,0,256,144,80,0,0,-256,0,0,100,0,0,0,192,256,0,0,-256,0,0,100,0,0,624,192,256,0,
0,54,0,-256,0,0,100,0,192,624,192,256,0,52,-200,0,0,100,0,368,385,16,27,0,36,-174,0,0,100,0,192,448,48,48,0,27,-142,0,0,100,0,384,96,64,48,0,33,-157,0,0,100,0,240,384,64,64,0,27,-142,0,0,100,0,448,96,64,48,0,36,-151,0,0,100,0,192,384,48,64,0,27,-142,0,0,100,0,512,96,64,48,0,124,-208,0,0,100,0,368,385,16,30,0,124,-178,0,0,100,0,368,401,16,14,0,124,-164,0,0,100,0,368,401,16,13,0,124,-155,0,0,100,0,240,448,16,16,0,115,-155,0,0,100,0,336,384,32,64,0,114,-123,0,0,100,0,576,0,32,32,0,117,-115,0,0,100,0,144,368,32,16,0,115,-143,0,0,100,0,304,384,32,48,0,88,-201,0,0,100,0,288,128,48,48,0,83,-120,0,0,100,0,192,96,32,32,0,81,-139,0,0,100,0,576,64,48,48,0,103,-166,0,0,100,0,256,224,32,32,0,103,-166,0,0,60,0,256,288,32,32,0,103,-166,0,0,30,0,256,320,32,32,0,103,-166,0,0,50,0,256,256,32,32,0,103,-166,0,0,50,0,256,352,32,32,0,78,-204,0,0,60,0,336,160,48,32,0,78,-204,0,0,30,0,336,192,48,32,0,78,-204,0,0,50,0,336,128,48,32,0,68,-214,0,0,30,0,64,336,48,48,0,57,-224,0,0,100,0,192,128,96,96,0,24,-188,0,1,100,0,64,416,48,48,0,47,-206,0,0,100,0,368,385,16,26,0,31,-198,0,0,100,0,368,385,16,26,0,31,-182,0,0,100,0,256,64,32,32,0,131,-166,0,0,100,0,256,32,32,32,0,81,-180,0,1,50,0,0,416,32,32,0,80,-180,0,0,100,0,192,0,32,32,0,69,-142,0,0,30,0,112,336,32,32,0,110,-148,0,0,20,0,48,336,16,16,0,100,-153,0,0,40,0,48,336,16,16,0,56,-167,0,0,50,0,0,336,48,48,0,81,-141,0,0,100,0,176,352,16,16,0,77,-139,0,0,100,0,176,352,16,16,0,73,-137,0,0,100,0,176,352,16,16,0,80,-135,0,0,100,0,176,368,16,16,0,52,-177,0,0,100,0,144,256,112,96,0,28,-121,0,0,100,0,48,384,64,32,0,90,-110,0,0,100,0,112,368,32,16,0,107,-120,0,0,100,0,112,384,48,32,0,96,-138,0,0,100,0,0,384,48,32,0,55,-130,0,0,100,0,160,400,32,16,0,80,-146,0,0,100,0,112,416,80,48,0,26,-152,0,0,50,0,0,256,144,80,0,0,-256,0,0,100,0,0,0,192,256,0,0,-256,0,0,100,0,0,624,192,256,0,
0,54,0,-256,0,0,100,0,192,624,192,256,0,53,-200,0,0,100,0,368,385,16,28,0,37,-173,0,0,100,0,192,448,48,48,0,28,-141,0,0,100,0,384,48,64,48,0,34,-156,0,0,100,0,240,384,64,64,0,28,-141,0,0,100,0,448,48,64,48,0,37,-150,0,0,100,0,192,384,48,64,0,28,-141,0,0,100,0,512,48,64,48,0,124,-208,0,0,100,0,368,385,16,30,0,124,-178,0,0,100,0,368,401,16,14,0,124,-164,0,0,100,0,368,401,16,13,0,124,-155,0,0,100,0,240,448,16,16,0,115,-155,0,0,100,0,336,384,32,64,0,114,-123,0,0,100,0,576,0,32,32,0,117,-115,0,0,100,0,144,368,32,16,0,115,-143,0,0,100,0,304,384,32,48,0,88,-201,0,0,100,0,288,128,48,48,0,83,-120,0,0,100,0,192,96,32,32,0,81,-139,0,0,100,0,576,64,48,48,0,103,-166,0,0,100,0,256,224,32,32,0,103,-166,0,0,60,0,256,288,32,32,0,103,-166,0,0,30,0,256,320,32,32,0,103,-166,0,0,50,0,256,256,32,32,0,103,-166,0,0,50,0,256,352,32,32,0,78,-204,0,0,60,0,336,160,48,32,0,78,-204,0,0,30,0,336,192,48,32,0,78,-204,0,0,50,0,336,128,48,32,0,68,-214,0,0,30,0,64,336,48,48,0,57,-224,0,0,100,0,192,128,96,96,0,24,-188,0,1,80,0,64,416,48,48,0,47,-206,0,0,100,0,368,385,16,26,0,31,-198,0,0,100,0,368,385,16,26,0,31,-182,0,0,100,0,288,64,32,32,0,131,-166,0,0,100,0,256,32,32,32,0,81,-180,0,1,50,0,0,416,32,32,0,80,-180,0,0,100,0,192,0,32,32,0,69,-142,0,0,30,0,112,336,32,32,0,110,-148,0,0,20,0,48,336,16,16,0,100,-153,0,0,40,0,48,336,16,16,0,56,-167,0,0,50,0,0,336,48,48,0,81,-141,0,0,100,0,176,352,16,16,0,77,-139,0,0,100,0,176,352,16,16,0,73,-137,0,0,100,0,176,352,16,16,0,80,-135,0,0,100,0,176,368,16,16,0,52,-177,0,0,100,0,144,256,112,96,0,29,-120,0,0,100,0,48,384,64,32,0,90,-110,0,0,100,0,112,368,32,16,0,107,-120,0,0,100,0,112,384,48,32,0,96,-138,0,0,100,0,0,384,48,32,0,55,-130,0,0,100,0,160,400,32,16,0,80,-146,0,0,100,0,112,416,80,48,0,26,-152,0,0,50,0,0,256,144,80,0,0,-256,0,0,100,0,0,0,192,256,0,0,-256,0,0,100,0,0,624,192,256,0,
0,54,0,-256,0,0,100,0,192,624,192,256,0,52,-200,0,0,100,0,368,385,16,27,0,36,-174,0,0,100,0,192,448,48,48,0,27,-142,0,0,100,0,384,96,64,48,0,33,-157,0,0,100,0,240,384,64,64,0,27,-142,0,0,100,0,448,96,64,48,0,36,-151,0,0,100,0,192,384,48,64,0,27,-142,0,0,100,0,512,96,64,48,0,124,-208,0,0,100,0,368,385,16,30,0,124,-178,0,0,100,0,368,401,16,14,0,124,-164,0,0,100,0,368,401,16,13,0,124,-155,0,0,100,0,240,448,16,16,0,115,-155,0,0,100,0,336,384,32,64,0,114,-123,0,0,100,0,576,0,32,32,0,117,-115,0,0,100,0,144,368,32,16,0,115,-143,0,0,100,0,304,384,32,48,0,88,-201,0,0,100,0,288,128,48,48,0,83,-120,0,0,100,0,192,96,32,32,0,81,-139,0,0,100,0,576,64,48,48,0,103,-166,0,0,100,0,256,224,32,32,0,103,-166,0,0,60,0,256,288,32,32,0,103,-166,0,0,30,0,256,320,32,32,0,103,-166,0,0,50,0,256,256,32,32,0,103,-166,0,0,50,0,256,352,32,32,0,78,-204,0,0,60,0,336,160,48,32,0,78,-204,0,0,30,0,336,192,48,32,0,78,-204,0,0,50,0,336,128,48,32,0,68,-214,0,0,30,0,64,336,48,48,0,57,-224,0,0,100,0,192,128,96,96,0,24,-188,0,1,60,0,64,416,48,48,0,47,-206,0,0,100,0,368,385,16,26,0,31,-198,0,0,100,0,368,385,16,26,0,31,-182,0,0,100,0,192,64,32,32,0,131,-166,0,0,100,0,256,32,32,32,0,81,-180,0,1,50,0,0,416,32,32,0,80,-180,0,0,100,0,192,0,32,32,0,69,-142,0,0,30,0,112,336,32,32,0,110,-148,0,0,20,0,48,336,16,16,0,100,-153,0,0,40,0,48,336,16,16,0,56,-167,0,0,50,0,0,336,48,48,0,81,-141,0,0,100,0,176,352,16,16,0,77,-139,0,0,100,0,176,352,16,16,0,73,-137,0,0,100,0,176,352,16,16,0,80,-135,0,0,100,0,176,368,16,16,0,52,-177,0,0,100,0,144,256,112,96,0,28,-121,0,0,100,0,48,384,64,32,0,90,-110,0,0,100,0,112,368,32,16,0,107,-120,0,0,100,0,112,384,48,32,0,96,-138,0,0,100,0,0,384,48,32,0,55,-130,0,0,100,0,160,400,32,16,0,80,-146,0,0,100,0,112,416,80,48,0,26,-152,0,0,50,0,0,256,144,80,0,0,-256,0,0,100,0,0,0,192,256,0,0,-256,0,0,100,0,0,624,192,256,0,
0,54,0,-256,0,0,100,0,192,624,192,256,0,52,-200,0,0,100,0,368,385,16,27,0,36,-174,0,0,100,0,192,448,48,48,0,27,-142,0,0,100,0,384,0,64,48,0,33,-157,0,0,100,0,240,384,64,64,0,27,-142,0,0,100,0,448,0,64,48,0,36,-151,0,0,100,0,192,384,48,64,0,27,-142,0,0,100,0,512,0,64,48,0,124,-208,0,0,100,0,368,385,16,30,0,124,-178,0,0,100,0,368,401,16,14,0,124,-164,0,0,100,0,368,401,16,13,0,124,-155,0,0,100,0,240,448,16,16,0,115,-155,0,0,100,0,336,384,32,64,0,114,-123,0,0,100,0,576,0,32,32,0,117,-115,0,0,100,0,144,368,32,16,0,115,-143,0,0,100,0,304,384,32,48,0,88,-201,0,0,100,0,288,128,48,48,0,83,-120,0,0,100,0,192,96,32,32,0,81,-139,0,0,100,0,576,64,48,48,0,103,-166,0,0,100,0,256,224,32,32,0,103,-166,0,0,60,0,256,288,32,32,0,103,-166,0,0,30,0,256,320,32,32,0,103,-166,0,0,50,0,256,256,32,32,0,103,-166,0,0,50,0,256,352,32,32,0,78,-204,0,0,60,0,336,160,48,32,0,78,-204,0,0,30,0,336,192,48,32,0,78,-204,0,0,50,0,336,128,48,32,0,68,-214,0,0,30,0,64,336,48,48,0,57,-224,0,0,100,0,192,128,96,96,0,24,-188,0,1,70,0,64,416,48,48,0,47,-206,0,0,100,0,368,385,16,26,0,31,-198,0,0,100,0,368,385,16,26,0,31,-182,0,0,100,0,224,64,32,32,0,131,-166,0,0,100,0,256,32,32,32,0,81,-180,0,1,50,0,0,416,32,32,0,80,-180,0,0,100,0,192,0,32,32,0,69,-142,0,0,30,0,112,336,32,32,0,110,-148,0,0,20,0,48,336,16,16,0,100,-153,0,0,40,0,48,336,16,16,0,56,-167,0,0,50,0,0,336,48,48,0,81,-141,0,0,100,0,176,352,16,16,0,77,-139,0,0,100,0,176,352,16,16,0,73,-137,0,0,100,0,176,352,16,16,0,80,-135,0,0,100,0,176,368,16,16,0,52,-177,0,0,100,0,144,256,112,96,0,28,-121,0,0,100,0,48,384,64,32,0,90,-110,0,0,100,0,112,368,32,16,0,107,-120,0,0,100,0,112,384,48,32,0,96,-138,0,0,100,0,0,384,48,32,0,55,-130,0,0,100,0,160,400,32,16,0,80,-146,0,0,100,0,112,416,80,48,0,26,-152,0,0,50,0,0,256,144,80,0,0,-256,0,0,100,0,0,0,192,256,0,0,-256,0,0,100,0,0,624,192,256,0,
0,54,0,-256,0,0,100,0,192,624,192,256,0,52,-200,0,0,100,0,368,385,16,27,0,36,-174,0,0,100,0,192,448,48,48,0,27,-142,0,0,100,0,384,0,64,48,0,33,-157,0,0,100,0,240,384,64,64,0,27,-142,0,0,100,0,448,0,64,48,0,36,-151,0,0,100,0,192,384,48,64,0,27,-142,0,0,100,0,512,0,64,48,0,124,-208,0,0,100,0,368,385,16,30,0,124,-178,0,0,100,0,368,401,16,14,0,124,-164,0,0,100,0,368,401,16,13,0,124,-155,0,0,100,0,240,448,16,16,0,115,-155,0,0,100,0,336,384,32,64,0,114,-123,0,0,100,0,576,0,32,32,0,117,-115,0,0,100,0,144,368,32,16,0,115,-143,0,0,100,0,304,384,32,48,0,88,-201,0,0,100,0,288,128,48,48,0,83,-120,0,0,100,0,192,96,32,32,0,81,-139,0,0,100,0,576,64,48,48,0,103,-166,0,0,100,0,256,224,32,32,0,103,-166,0,0,60,0,256,288,32,32,0,103,-166,0,0,30,0,256,320,32,32,0,103,-166,0,0,50,0,256,256,32,32,0,103,-166,0,0,50,0,256,352,32,32,0,78,-204,0,0,60,0,336,160,48,32,0,78,-204,0,0,30,0,336,192,48,32,0,78,-204,0,0,50,0,336,128,48,32,0,68,-214,0,0,30,0,64,336,48,48,0,57,-224,0,0,100,0,192,128,96,96,0,24,-188,0,1,100,0,64,416,48,48,0,47,-206,0,0,100,0,368,385,16,26,0,31,-198,0,0,100,0,368,385,16,26,0,31,-182,0,0,100,0,256,64,32,32,0,131,-166,0,0,100,0,256,32,32,32,0,81,-180,0,1,50,0,0,416,32,32,0,80,-180,0,0,100,0,192,0,32,32,0,69,-142,0,0,30,0,112,336,32,32,0,110,-148,0,0,20,0,48,336,16,16,0,100,-153,0,0,40,0,48,336,16,16,0,56,-167,0,0,50,0,0,336,48,48,0,81,-141,0,0,100,0,176,352,16,16,0,77,-139,0,0,100,0,176,352,16,16,0,73,-137,0,0,100,0,176,352,16,16,0,80,-135,0,0,100,0,176,368,16,16,0,52,-177,0,0,100,0,144,256,112,96,0,28,-121,0,0,100,0,48,384,64,32,0,90,-110,0,0,100,0,112,368,32,16,0,107,-120,0,0,100,0,112,384,48,32,0,96,-138,0,0,100,0,0,384,48,32,0,55,-130,0,0,100,0,160,400,32,16,0,80,-146,0,0,100,0,112,416,80,48,0,26,-152,0,0,50,0,0,256,144,80,0,0,-256,0,0,100,0,0,0,192,256,0,0,-256,0,0,100,0,0,624,192,256,0,
0,54,0,-256,0,0,100,0,192,624,192,256,0,52,-200,0,0,100,0,368,385,16,27,0,36,-174,0,0,100,0,192,448,48,48,0,27,-142,0,0,100,0,384,0,64,48,0,33,-157,0,0,100,0,240,384,64,64,0,27,-142,0,0,100,0,448,0,64,48,0,36,-151,0,0,100,0,192,384,48,64,0,27,-142,0,0,100,0,512,0,64,48,0,124,-208,0,0,100,0,368,385,16,30,0,124,-178,0,0,100,0,368,401,16,14,0,124,-164,0,0,100,0,368,401,16,13,0,124,-155,0,0,100,0,240,448,16,16,0,115,-155,0,0,100,0,336,384,32,64,0,114,-123,0,0,100,0,576,0,32,32,0,117,-115,0,0,100,0,144,368,32,16,0,115,-143,0,0,100,0,304,384,32,48,0,88,-201,0,0,100,0,288,128,48,48,0,83,-120,0,0,100,0,192,96,32,32,0,81,-139,0,0,100,0,576,64,48,48,0,103,-166,0,0,100,0,256,224,32,32,0,103,-166,0,0,60,0,256,288,32,32,0,103,-166,0,0,30,0,256,320,32,32,0,103,-166,0,0,50,0,256,256,32,32,0,103,-166,0,0,50,0,256,352,32,32,0,78,-204,0,0,60,0,336,160,48,32,0,78,-204,0,0,30,0,336,192,48,32,0,78,-204,0,0,50,0,336,128,48,32,0,68,-214,0,0,30,0,64,336,48,48,0,57,-224,0,0,100,0,192,128,96,96,0,24,-188,0,1,80,0,64,416,48,48,0,47,-206,0,0,100,0,368,385,16,26,0,31,-198,0,0,100,0,368,385,16,26,0,31,-182,0,0,100,0,288,64,32,32,0,131,-166,0,0,100,0,256,32,32,32,0,81,-180,0,1,50,0,0,416,32,32,0,80,-180,0,0,100,0,192,0,32,32,0,69,-142,0,0,30,0,112,336,32,32,0,110,-148,0,0,20,0,48,336,16,16,0,100,-153,0,0,40,0,48,336,16,16,0,56,-167,0,0,50,0,0,336,48,48,0,81,-141,0,0,100,0,176,352,16,16,0,77,-139,0,0,100,0,176,352,16,16,0,73,-137,0,0,100,0,176,352,16,16,0,80,-135,0,0,100,0,176,368,16,16,0,52,-177,0,0,100,0,144,256,112,96,0,28,-121,0,0,100,0,48,384,64,32,0,90,-110,0,0,100,0,112,368,32,16,0,107,-120,0,0,100,0,112,384,48,32,0,96,-138,0,0,100,0,0,384,48,32,0,55,-130,0,0,100,0,160,400,32,16,0,80,-146,0,0,100,0,112,416,80,48,0,26,-152,0,0,50,0,0,256,144,80,0,0,-256,0,0,100,0,0,0,192,256,0,0,-256,0,0,100,0,0,624,192,256,0,
