0,19,112,-129,0,0,100,0,64,256,40,40,0,78,-112,0,0,100,0,64,256,40,40,0,120,-184,0,0,100,0,224,272,64,88,0,84,-144,0,0,100,0,176,296,48,64,0,68,-144,0,0,100,0,0,360,48,48,0,64,-144,0,0,100,0,120,296,56,64,0,81,-151,0,0,100,0,0,408,48,48,0,56,-144,0,0,100,0,64,296,56,64,0,73,-154,0,0,100,0,64,256,40,40,0,32,-138,0,0,100,0,64,256,40,40,0,16,-200,0,0,100,0,0,256,64,104,0,56,-155,0,0,15,0,104,256,40,40,0,56,-155,0,0,100,0,64,256,40,40,0,38,-146,0,0,15,0,104,256,40,40,0,38,-146,0,0,100,0,64,256,40,40,0,40,-157,0,0,30,0,104,256,40,40,0,40,-157,0,0,100,0,64,256,40,40,0,0,-256,0,0,100,0,0,0,192,256,0,0,-256,0,0,100,0,0,720,192,256,0,
0,0,
0,0,
0,0,
0,0,
0,0,
0,0,
0,0,
0,0,
0,0,
0,0,
0,0,
0,0,
0,0,
0,0,
0,0,
0,0,
0,0,
0,0,
0,0,
0,0,
0,19,112,-129,0,0,100,0,64,256,40,40,0,78,-112,0,0,100,0,64,256,40,40,0,120,-184,0,0,100,0,224,272,64,88,0,84,-144,0,0,100,0,176,296,48,64,0,68,-144,0,0,100,0,0,360,48,48,0,64,-144,0,0,100,0,120,296,56,64,0,81,-151,0,0,100,0,0,408,48,48,0,56,-144,0,0,100,0,64,296,56,64,0,73,-154,0,0,100,0,64,256,40,40,0,32,-138,0,0,100,0,64,256,40,40,0,16,-200,0,0,100,0,0,256,64,104,0,56,-155,0,0,15,0,104,256,40,40,0,56,-155,0,0,100,0,64,256,40,40,0,38,-146,0,0,15,0,104,256,40,40,0,38,-146,0,0,100,0,64,256,40,40,0,40,-157,0,0,30,0,104,256,40,40,0,40,-157,0,0,100,0,64,256,40,40,0,0,-256,0,0,100,0,0,0,192,256,0,0,-256,0,0,100,0,0,720,192,256,0,
0,21,112,-129,0,0,100,0,64,256,40,40,0,78,-112,0,0,100,0,64,256,40,40,0,120,-184,0,0,100,0,224,272,64,88,0,81,-151,0,0,100,0,48,456,48,48,0,82,-143,0,0,100,0,152,256,32,32,0,84,-144,0,0,100,0,176,296,48,64,0,68,-144,0,0,100,0,0,360,48,48,0,64,-144,0,0,100,0,120,296,56,64,0,81,-151,0,0,100,0,48,408,48,48,0,56,-144,0,0,100,0,64,296,56,64,0,73,-154,0,0,100,0,64,256,40,40,0,32,-138,0,0,100,0,64,256,40,40,0,16,-200,0,0,100,0,0,256,64,104,0,56,-155,0,0,15,0,104,256,40,40,0,56,-155,0,0,100,0,64,256,40,40,0,38,-146,0,0,15,0,104,256,40,40,0,38,-146,0,0,100,0,64,256,40,40,0,40,-157,0,0,30,0,104,256,40,40,0,40,-157,0,0,100,0,64,256,40,40,0,0,-256,0,0,100,0,0,0,192,256,0,0,-256,0,0,100,0,0,720,192,256,0,
0,20,112,-129,0,0,100,0,64,256,40,40,0,78,-112,0,0,100,0,64,256,40,40,0,120,-184,0,0,100,0,224,272,64,88,0,80,-139,0,0,100,0,152,256,32,32,0,84,-144,0,0,100,0,176,296,48,64,0,68,-144,0,0,100,0,0,360,48,48,0,64,-144,0,0,100,0,120,296,56,64,0,81,-151,0,0,100,0,96,408,48,48,0,56,-144,0,0,100,0,64,296,56,64,0,73,-154,0,0,100,0,64,256,40,40,0,32,-138,0,0,100,0,64,256,40,40,0,16,-200,0,0,100,0,0,256,64,104,0,56,-155,0,0,15,0,104,256,40,40,0,56,-155,0,0,100,0,64,256,40,40,0,38,-146,0,0,15,0,104,256,40,40,0,38,-146,0,0,100,0,64,256,40,40,0,40,-157,0,0,30,0,104,256,40,40,0,40,-157,0,0,100,0,64,256,40,40,0,0,-256,0,0,100,0,0,0,192,256,0,0,-256,0,0,100,0,0,720,192,256,0,
0,20,112,-129,0,0,100,0,64,256,40,40,0,78,-112,0,0,100,0,64,256,40,40,0,120,-184,0,0,100,0,224,272,64,88,0,80,-139,0,0,100,0,152,256,32,32,0,84,-144,0,0,100,0,176,296,48,64,0,68,-144,0,0,100,0,0,360,48,48,0,64,-144,0,0,100,0,120,296,56,64,0,81,-151,0,0,100,0,0,408,48,48,0,56,-144,0,0,100,0,64,296,56,64,0,73,-154,0,0,100,0,64,256,40,40,0,32,-138,0,0,100,0,64,256,40,40,0,16,-200,0,0,100,0,0,256,64,104,0,56,-155,0,0,15,0,104,256,40,40,0,56,-155,0,0,100,0,64,256,40,40,0,38,-146,0,0,15,0,104,256,40,40,0,38,-146,0,0,100,0,64,256,40,40,0,40,-157,0,0,30,0,104,256,40,40,0,40,-157,0,0,100,0,64,256,40,40,0,0,-256,0,0,100,0,0,0,192,256,0,0,-256,0,0,100,0,0,720,192,256,0,
0,20,112,-129,0,0,100,0,64,256,40,40,0,78,-112,0,0,100,0,64,256,40,40,0,120,-184,0,0,100,0,224,272,64,88,0,80,-139,0,0,100,0,152,256,32,32,0,84,-144,0,0,100,0,176,296,48,64,0,68,-144,0,0,100,0,0,360,48,48,0,64,-144,0,0,100,0,120,296,56,64,0,81,-151,0,0,100,0,144,408,48,48,0,56,-144,0,0,100,0,64,296,56,64,0,73,-154,0,0,100,0,64,256,40,40,0,32,-138,0,0,100,0,64,256,40,40,0,16,-200,0,0,100,0,0,256,64,104,0,56,-155,0,0,15,0,104,256,40,40,0,56,-155,0,0,100,0,64,256,40,40,0,38,-146,0,0,15,0,104,256,40,40,0,38,-146,0,0,100,0,64,256,40,40,0,40,-157,0,0,30,0,104,256,40,40,0,40,-157,0,0,100,0,64,256,40,40,0,0,-256,0,0,100,0,0,0,192,256,0,0,-256,0,0,100,0,0,720,192,256,0,
0,20,112,-129,0,0,100,0,64,256,40,40,0,78,-112,0,0,100,0,64,256,40,40,0,120,-184,0,0,100,0,224,272,64,88,0,80,-139,0,0,100,0,152,256,32,32,0,84,-144,0,0,100,0,176,296,48,64,0,68,-144,0,0,100,0,0,360,48,48,0,64,-144,0,0,100,0,120,296,56,64,0,81,-151,0,0,100,0,192,408,48,48,0,56,-144,0,0,100,0,64,296,56,64,0,73,-154,0,0,100,0,64,256,40,40,0,32,-138,0,0,100,0,64,256,40,40,0,16,-200,0,0,100,0,0,256,64,104,0,56,-155,0,0,15,0,104,256,40,40,0,56,-155,0,0,100,0,64,256,40,40,0,38,-146,0,0,15,0,104,256,40,40,0,38,-146,0,0,100,0,64,256,40,40,0,40,-157,0,0,30,0,104,256,40,40,0,40,-157,0,0,100,0,64,256,40,40,0,0,-256,0,0,100,0,0,0,192,256,0,0,-256,0,0,100,0,0,720,192,256,0,
0,21,112,-129,0,0,100,0,64,256,40,40,0,78,-112,0,0,100,0,64,256,40,40,0,120,-184,0,0,100,0,224,272,64,88,0,80,-139,0,0,100,0,152,256,32,32,0,81,-151,0,0,100,0,240,456,48,48,0,84,-144,0,0,100,0,176,296,48,64,0,68,-144,0,0,100,0,0,360,48,48,0,64,-144,0,0,100,0,120,296,56,64,0,81,-151,0,0,100,0,240,408,48,48,0,56,-144,0,0,100,0,64,296,56,64,0,73,-154,0,0,100,0,64,256,40,40,0,32,-138,0,0,100,0,64,256,40,40,0,16,-200,0,0,100,0,0,256,64,104,0,56,-155,0,0,15,0,104,256,40,40,0,56,-155,0,0,100,0,64,256,40,40,0,38,-146,0,0,15,0,104,256,40,40,0,38,-146,0,0,100,0,64,256,40,40,0,40,-157,0,0,30,0,104,256,40,40,0,40,-157,0,0,100,0,64,256,40,40,0,0,-256,0,0,100,0,0,0,192,256,0,0,-256,0,0,100,0,0,720,192,256,0,
0,23,112,-129,0,0,100,0,64,256,40,40,0,78,-112,0,0,100,0,64,256,40,40,0,120,-184,0,0,100,0,224,272,64,88,0,80,-139,0,1,25,0,184,256,32,32,0,80,-139,0,0,10,0,184,256,32,32,0,80,-139,0,0,100,0,152,256,32,32,0,84,-144,0,0,100,0,176,296,48,64,0,81,-151,0,0,100,0,240,456,48,48,0,68,-144,0,0,100,0,0,360,48,48,0,64,-144,0,0,100,0,120,296,56,64,0,81,-151,0,0,100,0,240,408,48,48,0,56,-144,0,0,100,0,64,296,56,64,0,73,-154,0,0,100,0,64,256,40,40,0,32,-138,0,0,100,0,64,256,40,40,0,16,-200,0,0,100,0,0,256,64,104,0,56,-155,0,0,15,0,104,256,40,40,0,56,-155,0,0,100,0,64,256,40,40,0,38,-146,0,0,15,0,104,256,40,40,0,38,-146,0,0,100,0,64,256,40,40,0,40,-157,0,0,30,0,104,256,40,40,0,40,-157,0,0,100,0,64,256,40,40,0,0,-256,0,0,100,0,0,0,192,256,0,0,-256,0,0,100,0,0,720,192,256,0,
0,23,112,-129,0,0,100,0,64,256,40,40,0,78,-112,0,0,100,0,64,256,40,40,0,120,-184,0,0,100,0,224,272,64,88,0,80,-139,0,1,50,0,184,256,32,32,0,80,-139,0,0,20,0,184,256,32,32,0,80,-139,0,0,100,0,152,256,32,32,0,84,-144,0,0,100,0,176,296,48,64,0,81,-151,0,0,100,0,240,456,48,48,0,68,-144,0,0,100,0,0,360,48,48,0,64,-144,0,0,100,0,120,296,56,64,0,81,-151,0,0,100,0,240,408,48,48,0,56,-144,0,0,100,0,64,296,56,64,0,73,-154,0,0,100,0,64,256,40,40,0,32,-138,0,0,100,0,64,256,40,40,0,16,-200,0,0,100,0,0,256,64,104,0,56,-155,0,0,15,0,104,256,40,40,0,56,-155,0,0,100,0,64,256,40,40,0,38,-146,0,0,15,0,104,256,40,40,0,38,-146,0,0,100,0,64,256,40,40,0,40,-157,0,0,30,0,104,256,40,40,0,40,-157,0,0,100,0,64,256,40,40,0,0,-256,0,0,100,0,0,0,192,256,0,0,-256,0,0,100,0,0,720,192,256,0,
0,23,112,-129,0,0,100,0,64,256,40,40,0,78,-112,0,0,100,0,64,256,40,40,0,120,-184,0,0,100,0,224,272,64,88,0,80,-139,0,1,75,0,184,256,32,32,0,80,-139,0,0,30,0,184,256,32,32,0,80,-139,0,0,100,0,152,256,32,32,0,84,-144,0,0,100,0,176,296,48,64,0,81,-151,0,0,100,0,240,456,48,48,0,68,-144,0,0,100,0,0,360,48,48,0,64,-144,0,0,100,0,120,296,56,64,0,81,-151,0,0,100,0,240,408,48,48,0,56,-144,0,0,100,0,64,296,56,64,0,73,-154,0,0,100,0,64,256,40,40,0,32,-138,0,0,100,0,64,256,40,40,0,16,-200,0,0,100,0,0,256,64,104,0,56,-155,0,0,15,0,104,256,40,40,0,56,-155,0,0,100,0,64,256,40,40,0,38,-146,0,0,15,0,104,256,40,40,0,38,-146,0,0,100,0,64,256,40,40,0,40,-157,0,0,30,0,104,256,40,40,0,40,-157,0,0,100,0,64,256,40,40,0,0,-256,0,0,100,0,0,0,192,256,0,0,-256,0,0,100,0,0,720,192,256,0,
0,23,112,-129,0,0,100,0,64,256,40,40,0,78,-112,0,0,100,0,64,256,40,40,0,120,-184,0,0,100,0,224,272,64,88,0,80,-139,0,1,100,0,184,256,32,32,0,80,-139,0,0,75,0,184,256,32,32,0,80,-139,0,0,100,0,152,256,32,32,0,84,-144,0,0,100,0,176,296,48,64,0,81,-151,0,0,100,0,240,456,48,48,0,68,-144,0,0,100,0,0,360,48,48,0,64,-144,0,0,100,0,120,296,56,64,0,81,-151,0,0,100,0,240,408,48,48,0,56,-144,0,0,100,0,64,296,56,64,0,73,-154,0,0,100,0,64,256,40,40,0,32,-138,0,0,100,0,64,256,40,40,0,16,-200,0,0,100,0,0,256,64,104,0,56,-155,0,0,15,0,104,256,40,40,0,56,-155,0,0,100,0,64,256,40,40,0,38,-146,0,0,15,0,104,256,40,40,0,38,-146,0,0,100,0,64,256,40,40,0,40,-157,0,0,30,0,104,256,40,40,0,40,-157,0,0,100,0,64,256,40,40,0,0,-256,0,0,100,0,0,0,192,256,0,0,-256,0,0,100,0,0,720,192,256,0,
0,22,112,-129,0,0,100,0,64,256,40,40,0,78,-112,0,0,100,0,64,256,40,40,0,120,-184,0,0,100,0,224,272,64,88,0,80,-139,0,1,25,0,184,256,32,32,0,80,-139,0,0,10,0,184,256,32,32,0,80,-139,0,0,100,0,152,256,32,32,0,84,-144,0,0,100,0,176,296,48,64,0,68,-144,0,0,100,0,0,360,48,48,0,64,-144,0,0,100,0,120,296,56,64,0,81,-151,0,0,100,0,0,408,48,48,0,56,-144,0,0,100,0,64,296,56,64,0,73,-154,0,0,100,0,64,256,40,40,0,32,-138,0,0,100,0,64,256,40,40,0,16,-200,0,0,100,0,0,256,64,104,0,56,-155,0,0,15,0,104,256,40,40,0,56,-155,0,0,100,0,64,256,40,40,0,38,-146,0,0,15,0,104,256,40,40,0,38,-146,0,0,100,0,64,256,40,40,0,40,-157,0,0,30,0,104,256,40,40,0,40,-157,0,0,100,0,64,256,40,40,0,0,-256,0,0,100,0,0,0,192,256,0,0,-256,0,0,100,0,0,720,192,256,0,
0,22,112,-129,0,0,100,0,64,256,40,40,0,78,-112,0,0,100,0,64,256,40,40,0,120,-184,0,0,100,0,224,272,64,88,0,80,-139,0,1,50,0,184,256,32,32,0,80,-139,0,0,20,0,184,256,32,32,0,80,-139,0,0,100,0,152,256,32,32,0,84,-144,0,0,100,0,176,296,48,64,0,68,-144,0,0,100,0,0,360,48,48,0,64,-144,0,0,100,0,120,296,56,64,0,81,-151,0,0,100,0,0,408,48,48,0,56,-144,0,0,100,0,64,296,56,64,0,73,-154,0,0,100,0,64,256,40,40,0,32,-138,0,0,100,0,64,256,40,40,0,16,-200,0,0,100,0,0,256,64,104,0,56,-155,0,0,15,0,104,256,40,40,0,56,-155,0,0,100,0,64,256,40,40,0,38,-146,0,0,15,0,104,256,40,40,0,38,-146,0,0,100,0,64,256,40,40,0,40,-157,0,0,30,0,104,256,40,40,0,40,-157,0,0,100,0,64,256,40,40,0,0,-256,0,0,100,0,0,0,192,256,0,0,-256,0,0,100,0,0,720,192,256,0,
0,22,112,-129,0,0,100,0,64,256,40,40,0,78,-112,0,0,100,0,64,256,40,40,0,120,-184,0,0,100,0,224,272,64,88,0,80,-139,0,1,75,0,184,256,32,32,0,80,-139,0,0,30,0,184,256,32,32,0,80,-139,0,0,100,0,152,256,32,32,0,84,-144,0,0,100,0,176,296,48,64,0,68,-144,0,0,100,0,0,360,48,48,0,64,-144,0,0,100,0,120,296,56,64,0,81,-151,0,0,100,0,0,408,48,48,0,56,-144,0,0,100,0,64,296,56,64,0,73,-154,0,0,100,0,64,256,40,40,0,32,-138,0,0,100,0,64,256,40,40,0,16,-200,0,0,100,0,0,256,64,104,0,56,-155,0,0,15,0,104,256,40,40,0,56,-155,0,0,100,0,64,256,40,40,0,38,-146,0,0,15,0,104,256,40,40,0,38,-146,0,0,100,0,64,256,40,40,0,40,-157,0,0,30,0,104,256,40,40,0,40,-157,0,0,100,0,64,256,40,40,0,0,-256,0,0,100,0,0,0,192,256,0,0,-256,0,0,100,0,0,720,192,256,0,
0,22,112,-129,0,0,100,0,64,256,40,40,0,78,-112,0,0,100,0,64,256,40,40,0,120,-184,0,0,100,0,224,272,64,88,0,80,-139,0,1,100,0,184,256,32,32,0,80,-139,0,0,75,0,184,256,32,32,0,80,-139,0,0,100,0,152,256,32,32,0,84,-144,0,0,100,0,176,296,48,64,0,68,-144,0,0,100,0,0,360,48,48,0,64,-144,0,0,100,0,120,296,56,64,0,81,-151,0,0,100,0,0,408,48,48,0,56,-144,0,0,100,0,64,296,56,64,0,73,-154,0,0,100,0,64,256,40,40,0,32,-138,0,0,100,0,64,256,40,40,0,16,-200,0,0,100,0,0,256,64,104,0,56,-155,0,0,15,0,104,256,40,40,0,56,-155,0,0,100,0,64,256,40,40,0,38,-146,0,0,15,0,104,256,40,40,0,38,-146,0,0,100,0,64,256,40,40,0,40,-157,0,0,30,0,104,256,40,40,0,40,-157,0,0,100,0,64,256,40,40,0,0,-256,0,0,100,0,0,0,192,256,0,0,-256,0,0,100,0,0,720,192,256,0,
0,20,112,-129,0,0,100,0,64,256,40,40,0,78,-112,0,0,100,0,64,256,40,40,0,120,-184,0,0,100,0,224,272,64,88,0,80,-147,0,0,100,0,152,256,32,32,0,84,-144,0,0,100,0,176,296,48,64,0,68,-144,0,0,100,0,0,360,48,48,0,64,-144,0,0,100,0,120,296,56,64,0,81,-151,0,0,100,0,0,408,48,48,0,56,-144,0,0,100,0,64,296,56,64,0,73,-154,0,0,100,0,64,256,40,40,0,32,-138,0,0,100,0,64,256,40,40,0,16,-200,0,0,100,0,0,256,64,104,0,56,-155,0,0,15,0,104,256,40,40,0,56,-155,0,0,100,0,64,256,40,40,0,38,-146,0,0,15,0,104,256,40,40,0,38,-146,0,0,100,0,64,256,40,40,0,40,-157,0,0,30,0,104,256,40,40,0,40,-157,0,0,100,0,64,256,40,40,0,0,-256,0,0,100,0,0,0,192,256,0,0,-256,0,0,100,0,0,720,192,256,0,
0,20,112,-129,0,0,100,0,64,256,40,40,0,78,-112,0,0,100,0,64,256,40,40,0,120,-184,0,0,100,0,224,272,64,88,0,80,-163,0,0,100,0,152,256,32,32,0,84,-144,0,0,100,0,176,296,48,64,0,68,-144,0,0,100,0,0,360,48,48,0,64,-144,0,0,100,0,120,296,56,64,0,81,-151,0,0,100,0,0,408,48,48,0,56,-144,0,0,100,0,64,296,56,64,0,73,-154,0,0,100,0,64,256,40,40,0,32,-138,0,0,100,0,64,256,40,40,0,16,-200,0,0,100,0,0,256,64,104,0,56,-155,0,0,15,0,104,256,40,40,0,56,-155,0,0,100,0,64,256,40,40,0,38,-146,0,0,15,0,104,256,40,40,0,38,-146,0,0,100,0,64,256,40,40,0,40,-157,0,0,30,0,104,256,40,40,0,40,-157,0,0,100,0,64,256,40,40,0,0,-256,0,0,100,0,0,0,192,256,0,0,-256,0,0,100,0,0,720,192,256,0,
0,20,112,-129,0,0,100,0,64,256,40,40,0,78,-112,0,0,100,0,64,256,40,40,0,120,-184,0,0,100,0,224,272,64,88,0,80,-177,0,0,100,0,152,256,32,32,0,84,-144,0,0,100,0,176,296,48,64,0,68,-144,0,0,100,0,0,360,48,48,0,64,-144,0,0,100,0,120,296,56,64,0,81,-151,0,0,100,0,288,408,48,48,0,56,-144,0,0,100,0,64,296,56,64,0,73,-154,0,0,100,0,64,256,40,40,0,32,-138,0,0,100,0,64,256,40,40,0,16,-200,0,0,100,0,0,256,64,104,0,56,-155,0,0,15,0,104,256,40,40,0,56,-155,0,0,100,0,64,256,40,40,0,38,-146,0,0,15,0,104,256,40,40,0,38,-146,0,0,100,0,64,256,40,40,0,40,-157,0,0,30,0,104,256,40,40,0,40,-157,0,0,100,0,64,256,40,40,0,0,-256,0,0,100,0,0,0,192,256,0,0,-256,0,0,100,0,0,720,192,256,0,
0,20,112,-129,0,0,100,0,64,256,40,40,0,78,-112,0,0,100,0,64,256,40,40,0,120,-184,0,0,100,0,224,272,64,88,0,80,-193,0,0,100,0,152,256,32,32,0,84,-144,0,0,100,0,176,296,48,64,0,68,-144,0,0,100,0,0,360,48,48,0,64,-144,0,0,100,0,120,296,56,64,0,81,-151,0,0,100,0,288,408,48,48,0,56,-144,0,0,100,0,64,296,56,64,0,73,-154,0,0,100,0,64,256,40,40,0,32,-138,0,0,100,0,64,256,40,40,0,16,-200,0,0,100,0,0,256,64,104,0,56,-155,0,0,15,0,104,256,40,40,0,56,-155,0,0,100,0,64,256,40,40,0,38,-146,0,0,15,0,104,256,40,40,0,38,-146,0,0,100,0,64,256,40,40,0,40,-157,0,0,30,0,104,256,40,40,0,40,-157,0,0,100,0,64,256,40,40,0,0,-256,0,0,100,0,0,0,192,256,0,0,-256,0,0,100,0,0,720,192,256,0,
0,20,112,-129,0,0,100,0,64,256,40,40,0,78,-112,0,0,100,0,64,256,40,40,0,120,-184,0,0,100,0,224,272,64,88,0,80,-201,0,0,100,0,152,256,32,32,0,84,-144,0,0,100,0,176,296,48,64,0,68,-144,0,0,100,0,0,360,48,48,0,64,-144,0,0,100,0,120,296,56,64,0,81,-151,0,0,100,0,336,408,48,48,0,56,-144,0,0,100,0,64,296,56,64,0,73,-154,0,0,100,0,64,256,40,40,0,32,-138,0,0,100,0,64,256,40,40,0,16,-200,0,0,100,0,0,256,64,104,0,56,-155,0,0,15,0,104,256,40,40,0,56,-155,0,0,100,0,64,256,40,40,0,38,-146,0,0,15,0,104,256,40,40,0,38,-146,0,0,100,0,64,256,40,40,0,40,-157,0,0,30,0,104,256,40,40,0,40,-157,0,0,100,0,64,256,40,40,0,0,-256,0,0,100,0,0,0,192,256,0,0,-256,0,0,100,0,0,720,192,256,0,
0,20,112,-129,0,0,100,0,64,256,40,40,0,78,-112,0,0,100,0,64,256,40,40,0,120,-184,0,0,100,0,224,272,64,88,0,80,-211,0,0,100,0,152,256,32,32,0,84,-144,0,0,100,0,176,296,48,64,0,68,-144,0,0,100,0,0,360,48,48,0,64,-144,0,0,100,0,120,296,56,64,0,81,-151,0,0,100,0,336,408,48,48,0,56,-144,0,0,100,0,64,296,56,64,0,73,-154,0,0,100,0,64,256,40,40,0,32,-138,0,0,100,0,64,256,40,40,0,16,-200,0,0,100,0,0,256,64,104,0,56,-155,0,0,15,0,104,256,40,40,0,56,-155,0,0,100,0,64,256,40,40,0,38,-146,0,0,15,0,104,256,40,40,0,38,-146,0,0,100,0,64,256,40,40,0,40,-157,0,0,30,0,104,256,40,40,0,40,-157,0,0,100,0,64,256,40,40,0,0,-256,0,0,100,0,0,0,192,256,0,0,-256,0,0,100,0,0,720,192,256,0,
0,21,0,-253,0,1,25,0,0,976,192,252,0,112,-129,0,0,100,0,64,256,40,40,0,78,-112,0,0,100,0,64,256,40,40,0,120,-184,0,0,100,0,224,272,64,88,0,80,-212,0,0,100,0,152,256,32,32,0,84,-144,0,0,100,0,176,296,48,64,0,68,-144,0,0,100,0,0,360,48,48,0,64,-144,0,0,100,0,120,296,56,64,0,81,-151,0,0,100,0,336,408,48,48,0,56,-144,0,0,100,0,64,296,56,64,0,73,-154,0,0,100,0,64,256,40,40,0,32,-138,0,0,100,0,64,256,40,40,0,16,-200,0,0,100,0,0,256,64,104,0,56,-155,0,0,15,0,104,256,40,40,0,56,-155,0,0,100,0,64,256,40,40,0,38,-146,0,0,15,0,104,256,40,40,0,38,-146,0,0,100,0,64,256,40,40,0,40,-157,0,0,30,0,104,256,40,40,0,40,-157,0,0,100,0,64,256,40,40,0,0,-256,0,0,100,0,0,0,192,256,0,0,-256,0,0,100,0,0,720,192,256,0,
0,21,0,-253,0,1,50,0,0,976,192,252,0,112,-129,0,0,100,0,64,256,40,40,0,78,-112,0,0,100,0,64,256,40,40,0,120,-184,0,0,100,0,224,272,64,88,0,80,-212,0,0,100,0,152,256,32,32,0,84,-144,0,0,100,0,176,296,48,64,0,68,-144,0,0,100,0,0,360,48,48,0,64,-144,0,0,100,0,120,296,56,64,0,81,-151,0,0,100,0,336,408,48,48,0,56,-144,0,0,100,0,64,296,56,64,0,73,-154,0,0,100,0,64,256,40,40,0,32,-138,0,0,100,0,64,256,40,40,0,16,-200,0,0,100,0,0,256,64,104,0,56,-155,0,0,15,0,104,256,40,40,0,56,-155,0,0,100,0,64,256,40,40,0,38,-146,0,0,15,0,104,256,40,40,0,38,-146,0,0,100,0,64,256,40,40,0,40,-157,0,0,30,0,104,256,40,40,0,40,-157,0,0,100,0,64,256,40,40,0,0,-256,0,0,100,0,0,0,192,256,0,0,-256,0,0,100,0,0,720,192,256,0,
0,21,0,-253,0,1,75,0,0,976,192,252,0,112,-129,0,0,100,0,64,256,40,40,0,78,-112,0,0,100,0,64,256,40,40,0,120,-184,0,0,100,0,224,272,64,88,0,80,-212,0,0,100,0,152,256,32,32,0,84,-144,0,0,100,0,176,296,48,64,0,68,-144,0,0,100,0,0,360,48,48,0,64,-144,0,0,100,0,120,296,56,64,0,81,-151,0,0,100,0,336,408,48,48,0,56,-144,0,0,100,0,64,296,56,64,0,73,-154,0,0,100,0,64,256,40,40,0,32,-138,0,0,100,0,64,256,40,40,0,16,-200,0,0,100,0,0,256,64,104,0,56,-155,0,0,15,0,104,256,40,40,0,56,-155,0,0,100,0,64,256,40,40,0,38,-146,0,0,15,0,104,256,40,40,0,38,-146,0,0,100,0,64,256,40,40,0,40,-157,0,0,30,0,104,256,40,40,0,40,-157,0,0,100,0,64,256,40,40,0,0,-256,0,0,100,0,0,0,192,256,0,0,-256,0,0,100,0,0,720,192,256,0,
0,21,112,-129,0,0,100,0,64,256,40,40,0,78,-112,0,0,100,0,64,256,40,40,0,120,-184,0,0,100,0,224,272,64,88,0,83,-210,0,1,100,0,0,504,32,32,0,80,-211,0,0,75,0,152,256,32,32,0,84,-144,0,0,100,0,176,296,48,64,0,68,-144,0,0,100,0,0,360,48,48,0,64,-144,0,0,100,0,120,296,56,64,0,81,-151,0,0,100,0,336,408,48,48,0,56,-144,0,0,100,0,64,296,56,64,0,73,-154,0,0,100,0,64,256,40,40,0,32,-138,0,0,100,0,64,256,40,40,0,16,-200,0,0,100,0,0,256,64,104,0,56,-155,0,0,15,0,104,256,40,40,0,56,-155,0,0,100,0,64,256,40,40,0,38,-146,0,0,15,0,104,256,40,40,0,38,-146,0,0,100,0,64,256,40,40,0,40,-157,0,0,30,0,104,256,40,40,0,40,-157,0,0,100,0,64,256,40,40,0,0,-256,0,0,100,0,0,0,192,256,0,0,-256,0,0,100,0,0,720,192,256,0,
0,21,112,-129,0,0,100,0,64,256,40,40,0,78,-112,0,0,100,0,64,256,40,40,0,120,-184,0,0,100,0,224,272,64,88,0,83,-210,0,1,100,0,32,504,32,32,0,80,-211,0,0,50,0,152,256,32,32,0,84,-144,0,0,100,0,176,296,48,64,0,68,-144,0,0,100,0,0,360,48,48,0,64,-144,0,0,100,0,120,296,56,64,0,81,-151,0,0,100,0,336,408,48,48,0,56,-144,0,0,100,0,64,296,56,64,0,73,-154,0,0,100,0,64,256,40,40,0,32,-138,0,0,100,0,64,256,40,40,0,16,-200,0,0,100,0,0,256,64,104,0,56,-155,0,0,15,0,104,256,40,40,0,56,-155,0,0,100,0,64,256,40,40,0,38,-146,0,0,15,0,104,256,40,40,0,38,-146,0,0,100,0,64,256,40,40,0,40,-157,0,0,30,0,104,256,40,40,0,40,-157,0,0,100,0,64,256,40,40,0,0,-256,0,0,100,0,0,0,192,256,0,0,-256,0,0,100,0,0,720,192,256,0,
0,21,112,-129,0,0,100,0,64,256,40,40,0,78,-112,0,0,100,0,64,256,40,40,0,120,-184,0,0,100,0,224,272,64,88,0,83,-210,0,1,100,0,0,504,32,32,0,80,-211,0,0,25,0,152,256,32,32,0,84,-144,0,0,100,0,176,296,48,64,0,68,-144,0,0,100,0,0,360,48,48,0,64,-144,0,0,100,0,120,296,56,64,0,81,-151,0,0,100,0,336,408,48,48,0,56,-144,0,0,100,0,64,296,56,64,0,73,-154,0,0,100,0,64,256,40,40,0,32,-138,0,0,100,0,64,256,40,40,0,16,-200,0,0,100,0,0,256,64,104,0,56,-155,0,0,15,0,104,256,40,40,0,56,-155,0,0,100,0,64,256,40,40,0,38,-146,0,0,15,0,104,256,40,40,0,38,-146,0,0,100,0,64,256,40,40,0,40,-157,0,0,30,0,104,256,40,40,0,40,-157,0,0,100,0,64,256,40,40,0,0,-256,0,0,100,0,0,0,192,256,0,0,-256,0,0,100,0,0,720,192,256,0,
0,21,112,-129,0,0,100,0,64,256,40,40,0,78,-112,0,0,100,0,64,256,40,40,0,120,-184,0,0,100,0,224,272,64,88,0,83,-210,0,1,100,0,32,504,32,32,0,80,-211,0,0,0,0,152,256,32,32,0,84,-144,0,0,100,0,176,296,48,64,0,68,-144,0,0,100,0,0,360,48,48,0,64,-144,0,0,100,0,120,296,56,64,0,81,-151,0,0,100,0,336,408,48,48,0,56,-144,0,0,100,0,64,296,56,64,0,73,-154,0,0,100,0,64,256,40,40,0,32,-138,0,0,100,0,64,256,40,40,0,16,-200,0,0,100,0,0,256,64,104,0,56,-155,0,0,15,0,104,256,40,40,0,56,-155,0,0,100,0,64,256,40,40,0,38,-146,0,0,15,0,104,256,40,40,0,38,-146,0,0,100,0,64,256,40,40,0,40,-157,0,0,30,0,104,256,40,40,0,40,-157,0,0,100,0,64,256,40,40,0,0,-256,0,0,100,0,0,0,192,256,0,0,-256,0,0,100,0,0,720,192,256,0,
0,21,112,-129,0,0,100,0,64,256,40,40,0,78,-112,0,0,100,0,64,256,40,40,0,120,-184,0,0,100,0,224,272,64,88,0,83,-210,0,1,100,0,0,504,32,32,0,80,-211,0,0,0,0,152,256,32,32,0,84,-144,0,0,100,0,176,296,48,64,0,68,-144,0,0,100,0,0,360,48,48,0,64,-144,0,0,100,0,120,296,56,64,0,81,-151,0,0,100,0,336,408,48,48,0,56,-144,0,0,100,0,64,296,56,64,0,73,-154,0,0,100,0,64,256,40,40,0,32,-138,0,0,100,0,64,256,40,40,0,16,-200,0,0,100,0,0,256,64,104,0,56,-155,0,0,15,0,104,256,40,40,0,56,-155,0,0,100,0,64,256,40,40,0,38,-146,0,0,15,0,104,256,40,40,0,38,-146,0,0,100,0,64,256,40,40,0,40,-157,0,0,30,0,104,256,40,40,0,40,-157,0,0,100,0,64,256,40,40,0,0,-256,0,0,100,0,0,0,192,256,0,0,-256,0,0,100,0,0,720,192,256,0,
0,23,112,-129,0,0,100,0,64,256,40,40,0,78,-112,0,0,100,0,64,256,40,40,0,120,-184,0,0,100,0,224,272,64,88,0,95,-222,0,1,100,0,0,504,32,32,0,83,-206,0,1,100,0,0,504,32,32,0,71,-222,0,1,100,0,0,504,32,32,0,80,-211,0,0,0,0,152,256,32,32,0,84,-144,0,0,100,0,176,296,48,64,0,68,-144,0,0,100,0,0,360,48,48,0,64,-144,0,0,100,0,120,296,56,64,0,81,-151,0,0,100,0,336,408,48,48,0,56,-144,0,0,100,0,64,296,56,64,0,73,-154,0,0,100,0,64,256,40,40,0,32,-138,0,0,100,0,64,256,40,40,0,16,-200,0,0,100,0,0,256,64,104,0,56,-155,0,0,15,0,104,256,40,40,0,56,-155,0,0,100,0,64,256,40,40,0,38,-146,0,0,15,0,104,256,40,40,0,38,-146,0,0,100,0,64,256,40,40,0,40,-157,0,0,30,0,104,256,40,40,0,40,-157,0,0,100,0,64,256,40,40,0,0,-256,0,0,100,0,0,0,192,256,0,0,-256,0,0,100,0,0,720,192,256,0,
0,22,112,-129,0,0,100,0,64,256,40,40,0,78,-112,0,0,100,0,64,256,40,40,0,120,-184,0,0,100,0,224,272,64,88,0,99,-226,0,1,100,0,0,504,32,32,0,83,-202,0,1,100,0,0,504,32,32,0,63,-226,0,1,100,0,0,504,32,32,0,84,-144,0,0,100,0,176,296,48,64,0,68,-144,0,0,100,0,0,360,48,48,0,64,-144,0,0,100,0,120,296,56,64,0,81,-151,0,0,100,0,336,408,48,48,0,56,-144,0,0,100,0,64,296,56,64,0,73,-154,0,0,100,0,64,256,40,40,0,32,-138,0,0,100,0,64,256,40,40,0,16,-200,0,0,100,0,0,256,64,104,0,56,-155,0,0,15,0,104,256,40,40,0,56,-155,0,0,100,0,64,256,40,40,0,38,-146,0,0,15,0,104,256,40,40,0,38,-146,0,0,100,0,64,256,40,40,0,40,-157,0,0,30,0,104,256,40,40,0,40,-157,0,0,100,0,64,256,40,40,0,0,-256,0,0,100,0,0,0,192,256,0,0,-256,0,0,100,0,0,720,192,256,0,
0,32,112,-129,0,0,100,0,64,256,40,40,0,78,-112,0,0,100,0,64,256,40,40,0,120,-184,0,0,100,0,224,272,64,88,0,100,-227,0,1,100,0,0,504,32,32,0,109,-209,0,1,100,0,16,536,16,16,0,101,-209,0,1,100,0,16,536,16,16,0,105,-213,0,1,100,0,16,536,16,16,0,83,-193,0,1,100,0,0,504,32,32,0,92,-179,0,1,100,0,16,536,16,16,0,84,-179,0,1,100,0,16,536,16,16,0,88,-183,0,1,100,0,16,536,16,16,0,62,-227,0,1,100,0,0,504,32,32,0,71,-209,0,1,100,0,16,536,16,16,0,63,-209,0,1,100,0,16,536,16,16,0,67,-213,0,1,100,0,16,536,16,16,0,80,-211,0,0,0,0,152,256,32,32,0,84,-144,0,0,100,0,176,296,48,64,0,68,-144,0,0,100,0,0,360,48,48,0,64,-144,0,0,100,0,120,296,56,64,0,81,-151,0,0,100,0,336,408,48,48,0,56,-144,0,0,100,0,64,296,56,64,0,73,-154,0,0,100,0,64,256,40,40,0,32,-138,0,0,100,0,64,256,40,40,0,16,-200,0,0,100,0,0,256,64,104,0,56,-155,0,0,15,0,104,256,40,40,0,56,-155,0,0,100,0,64,256,40,40,0,38,-146,0,0,15,0,104,256,40,40,0,38,-146,0,0,100,0,64,256,40,40,0,40,-157,0,0,30,0,104,256,40,40,0,40,-157,0,0,100,0,64,256,40,40,0,0,-256,0,0,100,0,0,0,192,256,0,0,-256,0,0,100,0,0,720,192,256,0,
0,31,112,-129,0,0,100,0,64,256,40,40,0,78,-112,0,0,100,0,64,256,40,40,0,120,-184,0,0,100,0,224,272,64,88,0,100,-225,0,1,100,0,0,504,32,32,0,105,-209,0,1,100,0,32,536,16,16,0,109,-203,0,1,100,0,32,536,16,16,0,101,-203,0,1,100,0,32,536,16,16,0,83,-191,0,1,100,0,0,504,32,32,0,88,-174,0,1,100,0,32,536,16,16,0,92,-168,0,1,100,0,32,536,16,16,0,84,-168,0,1,100,0,32,536,16,16,0,62,-225,0,1,100,0,0,504,32,32,0,67,-209,0,1,100,0,32,536,16,16,0,71,-203,0,1,100,0,32,536,16,16,0,63,-203,0,1,100,0,32,536,16,16,0,84,-144,0,0,100,0,176,296,48,64,0,68,-144,0,0,100,0,0,360,48,48,0,64,-144,0,0,100,0,120,296,56,64,0,81,-151,0,0,100,0,336,408,48,48,0,56,-144,0,0,100,0,64,296,56,64,0,73,-154,0,0,100,0,64,256,40,40,0,32,-138,0,0,100,0,64,256,40,40,0,16,-200,0,0,100,0,0,256,64,104,0,56,-155,0,0,15,0,104,256,40,40,0,56,-155,0,0,100,0,64,256,40,40,0,38,-146,0,0,15,0,104,256,40,40,0,38,-146,0,0,100,0,64,256,40,40,0,40,-157,0,0,30,0,104,256,40,40,0,40,-157,0,0,100,0,64,256,40,40,0,0,-256,0,0,100,0,0,0,192,256,0,0,-256,0,0,100,0,0,720,192,256,0,
0,31,112,-129,0,0,100,0,64,256,40,40,0,78,-112,0,0,100,0,64,256,40,40,0,120,-184,0,0,100,0,224,272,64,88,0,100,-223,0,1,100,0,0,504,32,32,0,105,-205,0,1,100,0,16,536,16,16,0,109,-197,0,1,100,0,16,536,16,16,0,101,-197,0,1,100,0,16,536,16,16,0,83,-189,0,1,100,0,0,504,32,32,0,89,-169,0,1,100,0,16,536,16,16,0,93,-161,0,1,100,0,16,536,16,16,0,85,-161,0,1,100,0,16,536,16,16,0,62,-223,0,1,100,0,0,504,32,32,0,67,-205,0,1,100,0,16,536,16,16,0,71,-197,0,1,100,0,16,536,16,16,0,63,-197,0,1,100,0,16,536,16,16,0,84,-144,0,0,100,0,176,296,48,64,0,68,-144,0,0,100,0,0,360,48,48,0,64,-144,0,0,100,0,120,296,56,64,0,81,-151,0,0,100,0,336,408,48,48,0,56,-144,0,0,100,0,64,296,56,64,0,73,-154,0,0,100,0,64,256,40,40,0,32,-138,0,0,100,0,64,256,40,40,0,16,-200,0,0,100,0,0,256,64,104,0,56,-155,0,0,15,0,104,256,40,40,0,56,-155,0,0,100,0,64,256,40,40,0,38,-146,0,0,15,0,104,256,40,40,0,38,-146,0,0,100,0,64,256,40,40,0,40,-157,0,0,30,0,104,256,40,40,0,40,-157,0,0,100,0,64,256,40,40,0,0,-256,0,0,100,0,0,0,192,256,0,0,-256,0,0,100,0,0,720,192,256,0,
0,31,112,-129,0,0,100,0,64,256,40,40,0,78,-112,0,0,100,0,64,256,40,40,0,120,-184,0,0,100,0,224,272,64,88,0,100,-221,0,1,50,0,0,504,32,32,0,105,-201,0,1,100,0,32,536,16,16,0,109,-191,0,1,100,0,32,536,16,16,0,101,-191,0,1,100,0,32,536,16,16,0,83,-187,0,1,50,0,0,504,32,32,0,89,-167,0,1,100,0,32,536,16,16,0,93,-157,0,1,100,0,32,536,16,16,0,85,-157,0,1,100,0,32,536,16,16,0,62,-221,0,1,50,0,0,504,32,32,0,67,-201,0,1,100,0,32,536,16,16,0,71,-191,0,1,100,0,32,536,16,16,0,63,-191,0,1,100,0,32,536,16,16,0,84,-144,0,0,100,0,176,296,48,64,0,68,-144,0,0,100,0,0,360,48,48,0,64,-144,0,0,100,0,120,296,56,64,0,81,-151,0,0,100,0,336,408,48,48,0,56,-144,0,0,100,0,64,296,56,64,0,73,-154,0,0,100,0,64,256,40,40,0,32,-138,0,0,100,0,64,256,40,40,0,16,-200,0,0,100,0,0,256,64,104,0,56,-155,0,0,15,0,104,256,40,40,0,56,-155,0,0,100,0,64,256,40,40,0,38,-146,0,0,15,0,104,256,40,40,0,38,-146,0,0,100,0,64,256,40,40,0,40,-157,0,0,30,0,104,256,40,40,0,40,-157,0,0,100,0,64,256,40,40,0,0,-256,0,0,100,0,0,0,192,256,0,0,-256,0,0,100,0,0,720,192,256,0,
0,31,112,-129,0,0,100,0,64,256,40,40,0,78,-112,0,0,100,0,64,256,40,40,0,120,-184,0,0,100,0,224,272,64,88,0,100,-219,0,1,25,0,0,504,32,32,0,105,-197,0,1,75,0,16,536,16,16,0,109,-185,0,1,75,0,16,536,16,16,0,101,-185,0,1,75,0,16,536,16,16,0,83,-185,0,1,25,0,0,504,32,32,0,89,-164,0,1,75,0,16,536,16,16,0,93,-152,0,1,75,0,16,536,16,16,0,85,-152,0,1,75,0,16,536,16,16,0,62,-219,0,1,25,0,0,504,32,32,0,69,-197,0,1,75,0,16,536,16,16,0,73,-185,0,1,75,0,16,536,16,16,0,65,-185,0,1,75,0,16,536,16,16,0,84,-144,0,0,100,0,176,296,48,64,0,68,-144,0,0,100,0,0,360,48,48,0,64,-144,0,0,100,0,120,296,56,64,0,81,-151,0,0,100,0,288,408,48,48,0,56,-144,0,0,100,0,64,296,56,64,0,73,-154,0,0,100,0,64,256,40,40,0,32,-138,0,0,100,0,64,256,40,40,0,16,-200,0,0,100,0,0,256,64,104,0,56,-155,0,0,15,0,104,256,40,40,0,56,-155,0,0,100,0,64,256,40,40,0,38,-146,0,0,15,0,104,256,40,40,0,38,-146,0,0,100,0,64,256,40,40,0,40,-157,0,0,30,0,104,256,40,40,0,40,-157,0,0,100,0,64,256,40,40,0,0,-256,0,0,100,0,0,0,192,256,0,0,-256,0,0,100,0,0,720,192,256,0,
0,31,112,-129,0,0,100,0,64,256,40,40,0,78,-112,0,0,100,0,64,256,40,40,0,120,-184,0,0,100,0,224,272,64,88,0,100,-217,0,1,0,0,0,504,32,32,0,105,-191,0,1,50,0,32,536,16,16,0,109,-179,0,1,50,0,32,536,16,16,0,101,-179,0,1,50,0,32,536,16,16,0,83,-183,0,1,0,0,0,504,32,32,0,89,-158,0,1,50,0,32,536,16,16,0,93,-146,0,1,50,0,32,536,16,16,0,85,-146,0,1,50,0,32,536,16,16,0,62,-217,0,1,0,0,0,504,32,32,0,69,-191,0,1,50,0,32,536,16,16,0,73,-179,0,1,50,0,32,536,16,16,0,65,-179,0,1,50,0,32,540,16,16,0,84,-144,0,0,100,0,176,296,48,64,0,68,-144,0,0,100,0,0,360,48,48,0,64,-144,0,0,100,0,120,296,56,64,0,81,-151,0,0,100,0,288,408,48,48,0,56,-144,0,0,100,0,64,296,56,64,0,73,-154,0,0,100,0,64,256,40,40,0,32,-138,0,0,100,0,64,256,40,40,0,16,-200,0,0,100,0,0,256,64,104,0,56,-155,0,0,15,0,104,256,40,40,0,56,-155,0,0,100,0,64,256,40,40,0,38,-146,0,0,15,0,104,256,40,40,0,38,-146,0,0,100,0,64,256,40,40,0,40,-157,0,0,30,0,104,256,40,40,0,40,-157,0,0,100,0,64,256,40,40,0,0,-256,0,0,100,0,0,0,192,256,0,0,-256,0,0,100,0,0,720,192,256,0,
0,19,112,-129,0,0,100,0,64,256,40,40,0,78,-112,0,0,100,0,64,256,40,40,0,120,-184,0,0,100,0,224,272,64,88,0,84,-144,0,0,100,0,176,296,48,64,0,68,-144,0,0,100,0,0,360,48,48,0,64,-144,0,0,100,0,120,296,56,64,0,81,-151,0,0,100,0,0,408,48,48,0,56,-144,0,0,100,0,64,296,56,64,0,73,-154,0,0,100,0,64,256,40,40,0,32,-138,0,0,100,0,64,256,40,40,0,16,-200,0,0,100,0,0,256,64,104,0,56,-155,0,0,15,0,104,256,40,40,0,56,-155,0,0,100,0,64,256,40,40,0,38,-146,0,0,15,0,104,256,40,40,0,38,-146,0,0,100,0,64,256,40,40,0,40,-157,0,0,30,0,104,256,40,40,0,40,-157,0,0,100,0,64,256,40,40,0,0,-256,0,0,100,0,0,0,192,256,0,0,-256,0,0,100,0,0,720,192,256,0,
0,19,112,-129,0,0,100,0,64,256,40,40,0,78,-112,0,0,100,0,64,256,40,40,0,120,-184,0,0,100,0,224,272,64,88,0,84,-144,0,0,100,0,176,296,48,64,0,68,-144,0,0,100,0,0,360,48,48,0,64,-144,0,0,100,0,120,296,56,64,0,81,-151,0,0,100,0,144,408,48,48,0,56,-144,0,0,100,0,64,296,56,64,0,73,-154,0,0,100,0,64,256,40,40,0,32,-138,0,0,100,0,64,256,40,40,0,16,-200,0,0,100,0,0,256,64,104,0,56,-155,0,0,15,0,104,256,40,40,0,56,-155,0,0,100,0,64,256,40,40,0,38,-146,0,0,15,0,104,256,40,40,0,38,-146,0,0,100,0,64,256,40,40,0,40,-157,0,0,30,0,104,256,40,40,0,40,-157,0,0,100,0,64,256,40,40,0,0,-256,0,0,100,0,0,0,192,256,0,0,-256,0,0,100,0,0,720,192,256,0,
0,19,112,-129,0,0,100,0,64,256,40,40,0,78,-112,0,0,100,0,64,256,40,40,0,120,-184,0,0,100,0,224,272,64,88,0,84,-144,0,0,100,0,176,296,48,64,0,68,-144,0,0,100,0,0,360,48,48,0,64,-144,0,0,100,0,120,296,56,64,0,81,-151,0,0,100,0,192,408,48,48,0,56,-144,0,0,100,0,64,296,56,64,0,73,-154,0,0,100,0,64,256,40,40,0,32,-138,0,0,100,0,64,256,40,40,0,16,-200,0,0,100,0,0,256,64,104,0,56,-155,0,0,15,0,104,256,40,40,0,56,-155,0,0,100,0,64,256,40,40,0,38,-146,0,0,15,0,104,256,40,40,0,38,-146,0,0,100,0,64,256,40,40,0,40,-157,0,0,30,0,104,256,40,40,0,40,-157,0,0,100,0,64,256,40,40,0,0,-256,0,0,100,0,0,0,192,256,0,0,-256,0,0,100,0,0,720,192,256,0,
0,19,112,-129,0,0,100,0,64,256,40,40,0,78,-112,0,0,100,0,64,256,40,40,0,120,-184,0,0,100,0,224,272,64,88,0,84,-144,0,0,100,0,176,296,48,64,0,68,-144,0,0,100,0,0,360,48,48,0,64,-144,0,0,100,0,120,296,56,64,0,81,-151,0,0,100,0,240,408,48,48,0,56,-144,0,0,100,0,64,296,56,64,0,73,-154,0,0,100,0,64,256,40,40,0,32,-138,0,0,100,0,64,256,40,40,0,16,-200,0,0,100,0,0,256,64,104,0,56,-155,0,0,15,0,104,256,40,40,0,56,-155,0,0,100,0,64,256,40,40,0,38,-146,0,0,15,0,104,256,40,40,0,38,-146,0,0,100,0,64,256,40,40,0,40,-157,0,0,30,0,104,256,40,40,0,40,-157,0,0,100,0,64,256,40,40,0,0,-256,0,0,100,0,0,0,192,256,0,0,-256,0,0,100,0,0,720,192,256,0,
0,19,112,-129,0,0,100,0,64,256,40,40,0,78,-112,0,0,100,0,64,256,40,40,0,120,-184,0,0,100,0,224,272,64,88,0,84,-144,0,0,100,0,176,296,48,64,0,68,-144,0,0,100,0,96,360,48,48,0,64,-144,0,0,100,0,120,296,56,64,0,81,-151,0,0,100,0,240,408,48,48,0,56,-144,0,0,100,0,64,296,56,64,0,73,-154,0,0,100,0,64,256,40,40,0,32,-138,0,0,100,0,64,256,40,40,0,16,-200,0,0,100,0,0,256,64,104,0,56,-155,0,0,15,0,104,256,40,40,0,56,-155,0,0,100,0,64,256,40,40,0,38,-146,0,0,15,0,104,256,40,40,0,38,-146,0,0,100,0,64,256,40,40,0,40,-157,0,0,30,0,104,256,40,40,0,40,-157,0,0,100,0,64,256,40,40,0,0,-256,0,0,100,0,0,0,192,256,0,0,-256,0,0,100,0,0,720,192,256,0,
0,19,112,-129,0,0,100,0,64,256,40,40,0,78,-112,0,0,100,0,64,256,40,40,0,120,-184,0,0,100,0,224,272,64,88,0,84,-144,0,0,100,0,176,296,48,64,0,68,-144,0,0,100,0,96,360,48,48,0,64,-144,0,0,100,0,120,296,56,64,0,81,-151,0,0,100,0,192,408,48,48,0,56,-144,0,0,100,0,64,296,56,64,0,73,-154,0,0,100,0,64,256,40,40,0,32,-138,0,0,100,0,64,256,40,40,0,16,-200,0,0,100,0,0,256,64,104,0,56,-155,0,0,15,0,104,256,40,40,0,56,-155,0,0,100,0,64,256,40,40,0,38,-146,0,0,15,0,104,256,40,40,0,38,-146,0,0,100,0,64,256,40,40,0,40,-157,0,0,30,0,104,256,40,40,0,40,-157,0,0,100,0,64,256,40,40,0,0,-256,0,0,100,0,0,0,192,256,0,0,-256,0,0,100,0,0,720,192,256,0,
0,19,112,-129,0,0,100,0,64,256,40,40,0,78,-112,0,0,100,0,64,256,40,40,0,120,-184,0,0,100,0,224,272,64,88,0,84,-144,0,0,100,0,176,296,48,64,0,68,-144,0,0,100,0,96,360,48,48,0,64,-144,0,0,100,0,120,296,56,64,0,81,-151,0,0,100,0,96,408,48,48,0,56,-144,0,0,100,0,64,296,56,64,0,73,-154,0,0,100,0,64,256,40,40,0,32,-138,0,0,100,0,64,256,40,40,0,16,-200,0,0,100,0,0,256,64,104,0,56,-155,0,0,15,0,104,256,40,40,0,56,-155,0,0,100,0,64,256,40,40,0,38,-146,0,0,15,0,104,256,40,40,0,38,-146,0,0,100,0,64,256,40,40,0,40,-157,0,0,30,0,104,256,40,40,0,40,-157,0,0,100,0,64,256,40,40,0,0,-256,0,0,100,0,0,0,192,256,0,0,-256,0,0,100,0,0,720,192,256,0,
0,20,112,-129,0,0,100,0,64,256,40,40,0,78,-112,0,0,100,0,64,256,40,40,0,120,-184,0,0,100,0,224,272,64,88,0,84,-144,0,0,100,0,176,296,48,64,0,82,-147,0,0,100,0,96,456,48,48,0,68,-144,0,0,100,0,96,360,48,48,0,64,-144,0,0,100,0,120,296,56,64,0,82,-147,0,0,100,0,0,456,48,48,0,56,-144,0,0,100,0,64,296,56,64,0,73,-154,0,0,100,0,64,256,40,40,0,32,-138,0,0,100,0,64,256,40,40,0,16,-200,0,0,100,0,0,256,64,104,0,56,-155,0,0,15,0,104,256,40,40,0,56,-155,0,0,100,0,64,256,40,40,0,38,-146,0,0,15,0,104,256,40,40,0,38,-146,0,0,100,0,64,256,40,40,0,40,-157,0,0,30,0,104,256,40,40,0,40,-157,0,0,100,0,64,256,40,40,0,0,-256,0,0,100,0,0,0,192,256,0,0,-256,0,0,100,0,0,720,192,256,0,
0,21,0,-253,0,1,25,0,0,976,192,252,0,112,-129,0,0,100,0,64,256,40,40,0,78,-112,0,0,100,0,64,256,40,40,0,120,-184,0,0,100,0,224,272,64,88,0,84,-144,0,0,100,0,176,296,48,64,0,82,-147,0,0,100,0,96,456,48,48,0,68,-144,0,0,100,0,96,360,48,48,0,64,-144,0,0,100,0,120,296,56,64,0,82,-147,0,0,100,0,0,456,48,48,0,56,-144,0,0,100,0,64,296,56,64,0,73,-154,0,0,100,0,64,256,40,40,0,32,-138,0,0,100,0,64,256,40,40,0,16,-200,0,0,100,0,0,256,64,104,0,56,-155,0,0,15,0,104,256,40,40,0,56,-155,0,0,100,0,64,256,40,40,0,38,-146,0,0,15,0,104,256,40,40,0,38,-146,0,0,100,0,64,256,40,40,0,40,-157,0,0,30,0,104,256,40,40,0,40,-157,0,0,100,0,64,256,40,40,0,0,-256,0,0,100,0,0,0,192,256,0,0,-256,0,0,100,0,0,720,192,256,0,
0,21,0,-253,0,1,50,0,0,976,192,252,0,112,-129,0,0,100,0,64,256,40,40,0,78,-112,0,0,100,0,64,256,40,40,0,120,-184,0,0,100,0,224,272,64,88,0,84,-144,0,0,100,0,176,296,48,64,0,82,-147,0,0,100,0,96,456,48,48,0,68,-144,0,0,100,0,96,360,48,48,0,64,-144,0,0,100,0,120,296,56,64,0,82,-147,0,0,100,0,0,456,48,48,0,56,-144,0,0,100,0,64,296,56,64,0,73,-154,0,0,100,0,64,256,40,40,0,32,-138,0,0,100,0,64,256,40,40,0,16,-200,0,0,100,0,0,256,64,104,0,56,-155,0,0,15,0,104,256,40,40,0,56,-155,0,0,100,0,64,256,40,40,0,38,-146,0,0,15,0,104,256,40,40,0,38,-146,0,0,100,0,64,256,40,40,0,40,-157,0,0,30,0,104,256,40,40,0,40,-157,0,0,100,0,64,256,40,40,0,0,-256,0,0,100,0,0,0,192,256,0,0,-256,0,0,100,0,0,720,192,256,0,
0,21,0,-253,0,1,75,0,0,976,192,252,0,112,-129,0,0,100,0,64,256,40,40,0,78,-112,0,0,100,0,64,256,40,40,0,120,-184,0,0,100,0,224,272,64,88,0,84,-144,0,0,100,0,176,296,48,64,0,82,-147,0,0,100,0,96,456,48,48,0,68,-144,0,0,100,0,96,360,48,48,0,64,-144,0,0,100,0,120,296,56,64,0,82,-147,0,0,100,0,0,456,48,48,0,56,-144,0,0,100,0,64,296,56,64,0,73,-154,0,0,100,0,64,256,40,40,0,32,-138,0,0,100,0,64,256,40,40,0,16,-200,0,0,100,0,0,256,64,104,0,56,-155,0,0,15,0,104,256,40,40,0,56,-155,0,0,100,0,64,256,40,40,0,38,-146,0,0,15,0,104,256,40,40,0,38,-146,0,0,100,0,64,256,40,40,0,40,-157,0,0,30,0,104,256,40,40,0,40,-157,0,0,100,0,64,256,40,40,0,0,-256,0,0,100,0,0,0,192,256,0,0,-256,0,0,100,0,0,720,192,256,0,
0,20,112,-129,0,0,100,0,64,256,40,40,0,78,-112,0,0,100,0,64,256,40,40,0,120,-184,0,0,100,0,224,272,64,88,0,84,-144,0,0,100,0,176,296,48,64,0,82,-147,0,0,100,0,96,456,48,48,0,68,-144,0,0,100,0,336,360,48,48,0,64,-144,0,0,100,0,120,296,56,64,0,82,-147,0,0,100,0,0,456,48,48,0,56,-144,0,0,100,0,64,296,56,64,0,73,-154,0,0,100,0,64,256,40,40,0,32,-138,0,0,100,0,64,256,40,40,0,16,-200,0,0,100,0,0,256,64,104,0,56,-155,0,0,15,0,104,256,40,40,0,56,-155,0,0,100,0,64,256,40,40,0,38,-146,0,0,15,0,104,256,40,40,0,38,-146,0,0,100,0,64,256,40,40,0,40,-157,0,0,30,0,104,256,40,40,0,40,-157,0,0,100,0,64,256,40,40,0,0,-256,0,0,100,0,0,0,192,256,0,0,-256,0,0,100,0,0,720,192,256,0,
0,20,112,-129,0,0,100,0,64,256,40,40,0,78,-112,0,0,100,0,64,256,40,40,0,120,-184,0,0,100,0,224,272,64,88,0,84,-144,0,0,100,0,176,296,48,64,0,82,-147,0,0,100,0,96,456,48,48,0,68,-144,0,0,100,0,192,360,48,48,0,64,-144,0,0,100,0,120,296,56,64,0,82,-147,0,0,100,0,0,456,48,48,0,56,-144,0,0,100,0,64,296,56,64,0,73,-154,0,0,100,0,64,256,40,40,0,32,-138,0,0,100,0,64,256,40,40,0,16,-200,0,0,100,0,0,256,64,104,0,56,-155,0,0,15,0,104,256,40,40,0,56,-155,0,0,100,0,64,256,40,40,0,38,-146,0,0,15,0,104,256,40,40,0,38,-146,0,0,100,0,64,256,40,40,0,40,-157,0,0,30,0,104,256,40,40,0,40,-157,0,0,100,0,64,256,40,40,0,0,-256,0,0,100,0,0,0,192,256,0,0,-256,0,0,100,0,0,720,192,256,0,
0,20,112,-129,0,0,100,0,64,256,40,40,0,78,-112,0,0,100,0,64,256,40,40,0,120,-184,0,0,100,0,224,272,64,88,0,84,-144,0,0,100,0,176,296,48,64,0,82,-147,0,0,100,0,144,456,48,48,0,68,-144,0,0,100,0,336,360,48,48,0,64,-144,0,0,100,0,120,296,56,64,0,82,-147,0,0,100,0,0,456,48,48,0,56,-144,0,0,100,0,64,296,56,64,0,73,-154,0,0,100,0,64,256,40,40,0,32,-138,0,0,100,0,64,256,40,40,0,16,-200,0,0,100,0,0,256,64,104,0,56,-155,0,0,15,0,104,256,40,40,0,56,-155,0,0,100,0,64,256,40,40,0,38,-146,0,0,15,0,104,256,40,40,0,38,-146,0,0,100,0,64,256,40,40,0,40,-157,0,0,30,0,104,256,40,40,0,40,-157,0,0,100,0,64,256,40,40,0,0,-256,0,0,100,0,0,0,192,256,0,0,-256,0,0,100,0,0,720,192,256,0,
0,20,112,-129,0,0,100,0,64,256,40,40,0,78,-112,0,0,100,0,64,256,40,40,0,120,-184,0,0,100,0,224,272,64,88,0,84,-144,0,0,100,0,176,296,48,64,0,82,-147,0,0,100,0,96,456,48,48,0,68,-144,0,0,100,0,240,360,48,48,0,64,-144,0,0,100,0,120,296,56,64,0,82,-147,0,0,100,0,0,456,48,48,0,56,-144,0,0,100,0,64,296,56,64,0,73,-154,0,0,100,0,64,256,40,40,0,32,-138,0,0,100,0,64,256,40,40,0,16,-200,0,0,100,0,0,256,64,104,0,56,-155,0,0,15,0,104,256,40,40,0,56,-155,0,0,100,0,64,256,40,40,0,38,-146,0,0,15,0,104,256,40,40,0,38,-146,0,0,100,0,64,256,40,40,0,40,-157,0,0,30,0,104,256,40,40,0,40,-157,0,0,100,0,64,256,40,40,0,0,-256,0,0,100,0,0,0,192,256,0,0,-256,0,0,100,0,0,720,192,256,0,
0,20,112,-129,0,0,100,0,64,256,40,40,0,78,-112,0,0,100,0,64,256,40,40,0,120,-184,0,0,100,0,224,272,64,88,0,84,-144,0,0,100,0,176,296,48,64,0,82,-147,0,0,100,0,96,456,48,48,0,68,-144,0,0,100,0,288,360,48,48,0,64,-144,0,0,100,0,120,296,56,64,0,82,-147,0,0,100,0,0,456,48,48,0,56,-144,0,0,100,0,64,296,56,64,0,73,-154,0,0,100,0,64,256,40,40,0,32,-138,0,0,100,0,64,256,40,40,0,16,-200,0,0,100,0,0,256,64,104,0,56,-155,0,0,15,0,104,256,40,40,0,56,-155,0,0,100,0,64,256,40,40,0,38,-146,0,0,15,0,104,256,40,40,0,38,-146,0,0,100,0,64,256,40,40,0,40,-157,0,0,30,0,104,256,40,40,0,40,-157,0,0,100,0,64,256,40,40,0,0,-256,0,0,100,0,0,0,192,256,0,0,-256,0,0,100,0,0,720,192,256,0,
0,20,112,-129,0,0,100,0,64,256,40,40,0,78,-112,0,0,100,0,64,256,40,40,0,120,-184,0,0,100,0,224,272,64,88,0,84,-144,0,0,100,0,176,296,48,64,0,82,-147,0,0,100,0,96,456,48,48,0,68,-144,0,0,100,0,192,360,48,48,0,64,-144,0,0,100,0,120,296,56,64,0,82,-147,0,0,100,0,0,456,48,48,0,56,-144,0,0,100,0,64,296,56,64,0,73,-154,0,0,100,0,64,256,40,40,0,32,-138,0,0,100,0,64,256,40,40,0,16,-200,0,0,100,0,0,256,64,104,0,56,-155,0,0,15,0,104,256,40,40,0,56,-155,0,0,100,0,64,256,40,40,0,38,-146,0,0,15,0,104,256,40,40,0,38,-146,0,0,100,0,64,256,40,40,0,40,-157,0,0,30,0,104,256,40,40,0,40,-157,0,0,100,0,64,256,40,40,0,0,-256,0,0,100,0,0,0,192,256,0,0,-256,0,0,100,0,0,720,192,256,0,
0,0,
0,0,
0,0,
0,0,
0,0,
0,0,
0,0,
0,0,
0,0,
0,0,
0,0,
0,0,
0,0,
0,0,
0,20,112,-129,0,0,100,0,64,256,40,40,0,78,-112,0,0,100,0,64,256,40,40,0,120,-184,0,0,100,0,224,272,64,88,0,84,-144,0,0,100,0,176,296,48,64,0,82,-147,0,0,100,0,96,456,48,48,0,68,-144,0,0,100,0,0,360,48,48,0,64,-144,0,0,100,0,120,296,56,64,0,82,-147,0,0,100,0,0,456,48,48,0,56,-144,0,0,100,0,64,296,56,64,0,73,-154,0,0,100,0,64,256,40,40,0,32,-138,0,0,100,0,64,256,40,40,0,16,-200,0,0,100,0,0,256,64,104,0,56,-155,0,0,15,0,104,256,40,40,0,56,-155,0,0,100,0,64,256,40,40,0,38,-146,0,0,15,0,104,256,40,40,0,38,-146,0,0,100,0,64,256,40,40,0,40,-157,0,0,30,0,104,256,40,40,0,40,-157,0,0,100,0,64,256,40,40,0,0,-256,0,0,100,0,0,0,192,256,0,0,-256,0,0,100,0,0,720,192,256,0,
0,19,112,-129,0,0,100,0,64,256,40,40,0,78,-112,0,0,100,0,64,256,40,40,0,120,-184,0,0,100,0,224,272,64,88,0,84,-144,0,0,100,0,176,296,48,64,0,68,-144,0,0,100,0,0,360,48,48,0,64,-144,0,0,100,0,120,296,56,64,0,81,-151,0,0,100,0,192,408,48,48,0,56,-144,0,0,100,0,64,296,56,64,0,73,-154,0,0,100,0,64,256,40,40,0,32,-138,0,0,100,0,64,256,40,40,0,16,-200,0,0,100,0,0,256,64,104,0,56,-155,0,0,15,0,104,256,40,40,0,56,-155,0,0,100,0,64,256,40,40,0,38,-146,0,0,15,0,104,256,40,40,0,38,-146,0,0,100,0,64,256,40,40,0,40,-157,0,0,30,0,104,256,40,40,0,40,-157,0,0,100,0,64,256,40,40,0,0,-256,0,0,100,0,0,0,192,256,0,0,-256,0,0,100,0,0,720,192,256,0,
0,19,112,-129,0,0,100,0,64,256,40,40,0,78,-112,0,0,100,0,64,256,40,40,0,120,-184,0,0,100,0,224,272,64,88,0,84,-144,0,0,100,0,176,296,48,64,0,68,-144,0,0,100,0,0,360,48,48,0,64,-144,0,0,100,0,120,296,56,64,0,81,-151,0,0,100,0,192,408,48,48,0,56,-144,0,0,100,0,64,296,56,64,0,73,-154,0,0,100,0,64,256,40,40,0,32,-138,0,0,100,0,64,256,40,40,0,16,-200,0,0,100,0,0,256,64,104,0,56,-155,0,0,15,0,104,256,40,40,0,56,-155,0,0,100,0,64,256,40,40,0,38,-146,0,0,15,0,104,256,40,40,0,38,-146,0,0,100,0,64,256,40,40,0,40,-157,0,0,30,0,104,256,40,40,0,40,-157,0,0,100,0,64,256,40,40,0,0,-256,0,0,100,0,0,0,192,256,0,0,-256,0,0,100,0,0,720,192,256,0,
0,19,112,-129,0,0,100,0,64,256,40,40,0,78,-112,0,0,100,0,64,256,40,40,0,120,-184,0,0,100,0,224,272,64,88,0,84,-144,0,0,100,0,176,296,48,64,0,68,-146,0,0,100,0,0,360,48,48,0,64,-144,0,0,100,0,120,296,56,64,0,81,-151,0,0,100,0,192,408,48,48,0,56,-144,0,0,100,0,64,296,56,64,0,73,-154,0,0,100,0,64,256,40,40,0,32,-138,0,0,100,0,64,256,40,40,0,16,-200,0,0,100,0,0,256,64,104,0,56,-155,0,0,15,0,104,256,40,40,0,56,-155,0,0,100,0,64,256,40,40,0,38,-146,0,0,15,0,104,256,40,40,0,38,-146,0,0,100,0,64,256,40,40,0,40,-157,0,0,30,0,104,256,40,40,0,40,-157,0,0,100,0,64,256,40,40,0,0,-256,0,0,100,0,0,0,192,256,0,0,-256,0,0,100,0,0,720,192,256,0,
0,19,112,-129,0,0,100,0,64,256,40,40,0,78,-112,0,0,100,0,64,256,40,40,0,120,-184,0,0,100,0,224,272,64,88,0,84,-144,0,0,100,0,176,296,48,64,0,68,-149,0,0,100,0,0,360,48,48,0,64,-144,0,0,100,0,120,296,56,64,0,81,-151,0,0,100,0,0,408,48,48,0,56,-144,0,0,100,0,64,296,56,64,0,73,-154,0,0,100,0,64,256,40,40,0,32,-138,0,0,100,0,64,256,40,40,0,16,-200,0,0,100,0,0,256,64,104,0,56,-155,0,0,15,0,104,256,40,40,0,56,-155,0,0,100,0,64,256,40,40,0,38,-146,0,0,15,0,104,256,40,40,0,38,-146,0,0,100,0,64,256,40,40,0,40,-157,0,0,30,0,104,256,40,40,0,40,-157,0,0,100,0,64,256,40,40,0,0,-256,0,0,100,0,0,0,192,256,0,0,-256,0,0,100,0,0,720,192,256,0,
0,19,112,-129,0,0,100,0,64,256,40,40,0,78,-112,0,0,100,0,64,256,40,40,0,120,-184,0,0,100,0,224,272,64,88,0,84,-144,0,0,100,0,176,296,48,64,0,68,-153,0,0,100,0,0,360,48,48,0,64,-144,0,0,100,0,120,296,56,64,0,81,-151,0,0,100,0,0,408,48,48,0,56,-144,0,0,100,0,64,296,56,64,0,73,-154,0,0,100,0,64,256,40,40,0,32,-138,0,0,100,0,64,256,40,40,0,16,-200,0,0,100,0,0,256,64,104,0,56,-155,0,0,15,0,104,256,40,40,0,56,-155,0,0,100,0,64,256,40,40,0,38,-146,0,0,15,0,104,256,40,40,0,38,-146,0,0,100,0,64,256,40,40,0,40,-157,0,0,30,0,104,256,40,40,0,40,-157,0,0,100,0,64,256,40,40,0,0,-256,0,0,100,0,0,0,192,256,0,0,-256,0,0,100,0,0,720,192,256,0,
0,19,112,-129,0,0,100,0,64,256,40,40,0,78,-112,0,0,100,0,64,256,40,40,0,120,-184,0,0,100,0,224,272,64,88,0,84,-144,0,0,100,0,176,296,48,64,0,68,-161,0,0,100,0,0,360,48,48,0,64,-144,0,0,100,0,120,296,56,64,0,81,-151,0,0,100,0,288,408,48,48,0,56,-144,0,0,100,0,64,296,56,64,0,73,-154,0,0,100,0,64,256,40,40,0,32,-138,0,0,100,0,64,256,40,40,0,16,-200,0,0,100,0,0,256,64,104,0,56,-155,0,0,15,0,104,256,40,40,0,56,-155,0,0,100,0,64,256,40,40,0,38,-146,0,0,15,0,104,256,40,40,0,38,-146,0,0,100,0,64,256,40,40,0,40,-157,0,0,30,0,104,256,40,40,0,40,-157,0,0,100,0,64,256,40,40,0,0,-256,0,0,100,0,0,0,192,256,0,0,-256,0,0,100,0,0,720,192,256,0,
0,19,112,-129,0,0,100,0,64,256,40,40,0,78,-112,0,0,100,0,64,256,40,40,0,120,-184,0,0,100,0,224,272,64,88,0,84,-144,0,0,100,0,176,296,48,64,0,68,-169,0,0,100,0,0,360,48,48,0,64,-144,0,0,100,0,120,296,56,64,0,81,-151,0,0,100,0,288,408,48,48,0,56,-144,0,0,100,0,64,296,56,64,0,73,-154,0,0,100,0,64,256,40,40,0,32,-138,0,0,100,0,64,256,40,40,0,16,-200,0,0,100,0,0,256,64,104,0,56,-155,0,0,15,0,104,256,40,40,0,56,-155,0,0,100,0,64,256,40,40,0,38,-146,0,0,15,0,104,256,40,40,0,38,-146,0,0,100,0,64,256,40,40,0,40,-157,0,0,30,0,104,256,40,40,0,40,-157,0,0,100,0,64,256,40,40,0,0,-256,0,0,100,0,0,0,192,256,0,0,-256,0,0,100,0,0,720,192,256,0,
0,19,112,-129,0,0,100,0,64,256,40,40,0,78,-112,0,0,100,0,64,256,40,40,0,120,-184,0,0,100,0,224,272,64,88,0,84,-144,0,0,100,0,176,296,48,64,0,68,-177,0,0,100,0,0,360,48,48,0,64,-144,0,0,100,0,120,296,56,64,0,81,-151,0,0,100,0,336,408,48,48,0,56,-144,0,0,100,0,64,296,56,64,0,73,-154,0,0,100,0,64,256,40,40,0,32,-138,0,0,100,0,64,256,40,40,0,16,-200,0,0,100,0,0,256,64,104,0,56,-155,0,0,15,0,104,256,40,40,0,56,-155,0,0,100,0,64,256,40,40,0,38,-146,0,0,15,0,104,256,40,40,0,38,-146,0,0,100,0,64,256,40,40,0,40,-157,0,0,30,0,104,256,40,40,0,40,-157,0,0,100,0,64,256,40,40,0,0,-256,0,0,100,0,0,0,192,256,0,0,-256,0,0,100,0,0,720,192,256,0,
0,19,112,-129,0,0,100,0,64,256,40,40,0,78,-112,0,0,100,0,64,256,40,40,0,120,-184,0,0,100,0,224,272,64,88,0,84,-144,0,0,100,0,176,296,48,64,0,68,-179,0,0,75,0,0,360,48,48,0,64,-144,0,0,100,0,120,296,56,64,0,81,-151,0,0,100,0,336,408,48,48,0,56,-144,0,0,100,0,64,296,56,64,0,73,-154,0,0,100,0,64,256,40,40,0,32,-138,0,0,100,0,64,256,40,40,0,16,-200,0,0,100,0,0,256,64,104,0,56,-155,0,0,15,0,104,256,40,40,0,56,-155,0,0,100,0,64,256,40,40,0,38,-146,0,0,15,0,104,256,40,40,0,38,-146,0,0,100,0,64,256,40,40,0,40,-157,0,0,30,0,104,256,40,40,0,40,-157,0,0,100,0,64,256,40,40,0,0,-256,0,0,100,0,0,0,192,256,0,0,-256,0,0,100,0,0,720,192,256,0,
0,19,112,-129,0,0,100,0,64,256,40,40,0,78,-112,0,0,100,0,64,256,40,40,0,120,-184,0,0,100,0,224,272,64,88,0,84,-144,0,0,100,0,176,296,48,64,0,68,-181,0,0,50,0,0,360,48,48,0,64,-144,0,0,100,0,120,296,56,64,0,81,-151,0,0,100,0,336,408,48,48,0,56,-144,0,0,100,0,64,296,56,64,0,73,-154,0,0,100,0,64,256,40,40,0,32,-138,0,0,100,0,64,256,40,40,0,16,-200,0,0,100,0,0,256,64,104,0,56,-155,0,0,15,0,104,256,40,40,0,56,-155,0,0,100,0,64,256,40,40,0,38,-146,0,0,15,0,104,256,40,40,0,38,-146,0,0,100,0,64,256,40,40,0,40,-157,0,0,30,0,104,256,40,40,0,40,-157,0,0,100,0,64,256,40,40,0,0,-256,0,0,100,0,0,0,192,256,0,0,-256,0,0,100,0,0,720,192,256,0,
0,19,112,-129,0,0,100,0,64,256,40,40,0,78,-112,0,0,100,0,64,256,40,40,0,120,-184,0,0,100,0,224,272,64,88,0,84,-144,0,0,100,0,176,296,48,64,0,68,-182,0,0,25,0,0,360,48,48,0,64,-144,0,0,100,0,120,296,56,64,0,81,-151,0,0,100,0,336,408,48,48,0,56,-144,0,0,100,0,64,296,56,64,0,73,-154,0,0,100,0,64,256,40,40,0,32,-138,0,0,100,0,64,256,40,40,0,16,-200,0,0,100,0,0,256,64,104,0,56,-155,0,0,15,0,104,256,40,40,0,56,-155,0,0,100,0,64,256,40,40,0,38,-146,0,0,15,0,104,256,40,40,0,38,-146,0,0,100,0,64,256,40,40,0,40,-157,0,0,30,0,104,256,40,40,0,40,-157,0,0,100,0,64,256,40,40,0,0,-256,0,0,100,0,0,0,192,256,0,0,-256,0,0,100,0,0,720,192,256,0,
0,19,112,-129,0,0,100,0,64,256,40,40,0,78,-112,0,0,100,0,64,256,40,40,0,120,-184,0,0,100,0,224,272,64,88,0,84,-144,0,0,100,0,176,296,48,64,0,68,-182,0,0,10,0,0,360,48,48,0,64,-144,0,0,100,0,120,296,56,64,0,81,-151,0,0,100,0,336,408,48,48,0,56,-144,0,0,100,0,64,296,56,64,0,73,-154,0,0,100,0,64,256,40,40,0,32,-138,0,0,100,0,64,256,40,40,0,16,-200,0,0,100,0,0,256,64,104,0,56,-155,0,0,15,0,104,256,40,40,0,56,-155,0,0,100,0,64,256,40,40,0,38,-146,0,0,15,0,104,256,40,40,0,38,-146,0,0,100,0,64,256,40,40,0,40,-157,0,0,30,0,104,256,40,40,0,40,-157,0,0,100,0,64,256,40,40,0,0,-256,0,0,100,0,0,0,192,256,0,0,-256,0,0,100,0,0,720,192,256,0,
0,0,
0,0,
0,0,
0,0,
0,0,
0,0,
0,0,
0,0,
0,19,112,-129,0,0,100,0,64,256,40,40,0,78,-112,0,0,100,0,64,256,40,40,0,120,-184,0,0,100,0,224,272,64,88,0,84,-144,0,0,100,0,176,296,48,64,0,88,-154,0,1,25,0,16,536,16,16,0,64,-144,0,0,100,0,120,296,56,64,0,81,-151,0,0,100,0,336,408,48,48,0,56,-144,0,0,100,0,64,296,56,64,0,73,-154,0,0,100,0,64,256,40,40,0,32,-138,0,0,100,0,64,256,40,40,0,16,-200,0,0,100,0,0,256,64,104,0,56,-155,0,0,15,0,104,256,40,40,0,56,-155,0,0,100,0,64,256,40,40,0,38,-146,0,0,15,0,104,256,40,40,0,38,-146,0,0,100,0,64,256,40,40,0,40,-157,0,0,30,0,104,256,40,40,0,40,-157,0,0,100,0,64,256,40,40,0,0,-256,0,0,100,0,0,0,192,256,0,0,-256,0,0,100,0,0,720,192,256,0,
0,19,112,-129,0,0,100,0,64,256,40,40,0,78,-112,0,0,100,0,64,256,40,40,0,120,-184,0,0,100,0,224,272,64,88,0,84,-144,0,0,100,0,176,296,48,64,0,88,-156,0,1,50,0,0,536,16,16,0,64,-144,0,0,100,0,120,296,56,64,0,81,-151,0,0,100,0,336,408,48,48,0,56,-144,0,0,100,0,64,296,56,64,0,73,-154,0,0,100,0,64,256,40,40,0,32,-138,0,0,100,0,64,256,40,40,0,16,-200,0,0,100,0,0,256,64,104,0,56,-155,0,0,15,0,104,256,40,40,0,56,-155,0,0,100,0,64,256,40,40,0,38,-146,0,0,15,0,104,256,40,40,0,38,-146,0,0,100,0,64,256,40,40,0,40,-157,0,0,30,0,104,256,40,40,0,40,-157,0,0,100,0,64,256,40,40,0,0,-256,0,0,100,0,0,0,192,256,0,0,-256,0,0,100,0,0,720,192,256,0,
0,19,112,-129,0,0,100,0,64,256,40,40,0,78,-112,0,0,100,0,64,256,40,40,0,120,-184,0,0,100,0,224,272,64,88,0,84,-144,0,0,100,0,176,296,48,64,0,88,-158,0,1,75,0,16,536,16,16,0,64,-144,0,0,100,0,120,296,56,64,0,81,-151,0,0,100,0,336,408,48,48,0,56,-144,0,0,100,0,64,296,56,64,0,73,-154,0,0,100,0,64,256,40,40,0,32,-138,0,0,100,0,64,256,40,40,0,16,-200,0,0,100,0,0,256,64,104,0,56,-155,0,0,15,0,104,256,40,40,0,56,-155,0,0,100,0,64,256,40,40,0,38,-146,0,0,15,0,104,256,40,40,0,38,-146,0,0,100,0,64,256,40,40,0,40,-157,0,0,30,0,104,256,40,40,0,40,-157,0,0,100,0,64,256,40,40,0,0,-256,0,0,100,0,0,0,192,256,0,0,-256,0,0,100,0,0,720,192,256,0,
0,19,112,-129,0,0,100,0,64,256,40,40,0,78,-112,0,0,100,0,64,256,40,40,0,120,-184,0,0,100,0,224,272,64,88,0,84,-144,0,0,100,0,176,296,48,64,0,88,-160,0,1,100,0,0,536,16,16,0,64,-144,0,0,100,0,120,296,56,64,0,81,-151,0,0,100,0,336,408,48,48,0,56,-144,0,0,100,0,64,296,56,64,0,73,-154,0,0,100,0,64,256,40,40,0,32,-138,0,0,100,0,64,256,40,40,0,16,-200,0,0,100,0,0,256,64,104,0,56,-155,0,0,15,0,104,256,40,40,0,56,-155,0,0,100,0,64,256,40,40,0,38,-146,0,0,15,0,104,256,40,40,0,38,-146,0,0,100,0,64,256,40,40,0,40,-157,0,0,30,0,104,256,40,40,0,40,-157,0,0,100,0,64,256,40,40,0,0,-256,0,0,100,0,0,0,192,256,0,0,-256,0,0,100,0,0,720,192,256,0,
0,19,112,-129,0,0,100,0,64,256,40,40,0,78,-112,0,0,100,0,64,256,40,40,0,120,-184,0,0,100,0,224,272,64,88,0,84,-144,0,0,100,0,176,296,48,64,0,88,-162,0,1,100,0,16,536,16,16,0,64,-144,0,0,100,0,120,296,56,64,0,81,-151,0,0,100,0,336,408,48,48,0,56,-144,0,0,100,0,64,296,56,64,0,73,-154,0,0,100,0,64,256,40,40,0,32,-138,0,0,100,0,64,256,40,40,0,16,-200,0,0,100,0,0,256,64,104,0,56,-155,0,0,15,0,104,256,40,40,0,56,-155,0,0,100,0,64,256,40,40,0,38,-146,0,0,15,0,104,256,40,40,0,38,-146,0,0,100,0,64,256,40,40,0,40,-157,0,0,30,0,104,256,40,40,0,40,-157,0,0,100,0,64,256,40,40,0,0,-256,0,0,100,0,0,0,192,256,0,0,-256,0,0,100,0,0,720,192,256,0,
0,19,112,-129,0,0,100,0,64,256,40,40,0,78,-112,0,0,100,0,64,256,40,40,0,120,-184,0,0,100,0,224,272,64,88,0,84,-144,0,0,100,0,176,296,48,64,0,88,-164,0,1,100,0,0,536,16,16,0,64,-144,0,0,100,0,120,296,56,64,0,81,-151,0,0,100,0,336,408,48,48,0,56,-144,0,0,100,0,64,296,56,64,0,73,-154,0,0,100,0,64,256,40,40,0,32,-138,0,0,100,0,64,256,40,40,0,16,-200,0,0,100,0,0,256,64,104,0,56,-155,0,0,15,0,104,256,40,40,0,56,-155,0,0,100,0,64,256,40,40,0,38,-146,0,0,15,0,104,256,40,40,0,38,-146,0,0,100,0,64,256,40,40,0,40,-157,0,0,30,0,104,256,40,40,0,40,-157,0,0,100,0,64,256,40,40,0,0,-256,0,0,100,0,0,0,192,256,0,0,-256,0,0,100,0,0,720,192,256,0,
0,19,112,-129,0,0,100,0,64,256,40,40,0,78,-112,0,0,100,0,64,256,40,40,0,120,-184,0,0,100,0,224,272,64,88,0,84,-144,0,0,100,0,176,296,48,64,0,88,-166,0,1,100,0,16,536,16,16,0,64,-144,0,0,100,0,120,296,56,64,0,81,-151,0,0,100,0,336,408,48,48,0,56,-144,0,0,100,0,64,296,56,64,0,73,-154,0,0,100,0,64,256,40,40,0,32,-138,0,0,100,0,64,256,40,40,0,16,-200,0,0,100,0,0,256,64,104,0,56,-155,0,0,15,0,104,256,40,40,0,56,-155,0,0,100,0,64,256,40,40,0,38,-146,0,0,15,0,104,256,40,40,0,38,-146,0,0,100,0,64,256,40,40,0,40,-157,0,0,30,0,104,256,40,40,0,40,-157,0,0,100,0,64,256,40,40,0,0,-256,0,0,100,0,0,0,192,256,0,0,-256,0,0,100,0,0,720,192,256,0,
0,19,112,-129,0,0,100,0,64,256,40,40,0,78,-112,0,0,100,0,64,256,40,40,0,120,-184,0,0,100,0,224,272,64,88,0,84,-144,0,0,100,0,176,296,48,64,0,88,-168,0,1,100,0,0,536,16,16,0,64,-144,0,0,100,0,120,296,56,64,0,81,-151,0,0,100,0,336,408,48,48,0,56,-144,0,0,100,0,64,296,56,64,0,73,-154,0,0,100,0,64,256,40,40,0,32,-138,0,0,100,0,64,256,40,40,0,16,-200,0,0,100,0,0,256,64,104,0,56,-155,0,0,15,0,104,256,40,40,0,56,-155,0,0,100,0,64,256,40,40,0,38,-146,0,0,15,0,104,256,40,40,0,38,-146,0,0,100,0,64,256,40,40,0,40,-157,0,0,30,0,104,256,40,40,0,40,-157,0,0,100,0,64,256,40,40,0,0,-256,0,0,100,0,0,0,192,256,0,0,-256,0,0,100,0,0,720,192,256,0,
0,19,112,-129,0,0,100,0,64,256,40,40,0,78,-112,0,0,100,0,64,256,40,40,0,120,-184,0,0,100,0,224,272,64,88,0,84,-144,0,0,100,0,176,296,48,64,0,88,-168,0,1,100,0,16,536,16,16,0,64,-144,0,0,100,0,120,296,56,64,0,81,-151,0,0,100,0,336,408,48,48,0,56,-144,0,0,100,0,64,296,56,64,0,73,-154,0,0,100,0,64,256,40,40,0,32,-138,0,0,100,0,64,256,40,40,0,16,-200,0,0,100,0,0,256,64,104,0,56,-155,0,0,15,0,104,256,40,40,0,56,-155,0,0,100,0,64,256,40,40,0,38,-146,0,0,15,0,104,256,40,40,0,38,-146,0,0,100,0,64,256,40,40,0,40,-157,0,0,30,0,104,256,40,40,0,40,-157,0,0,100,0,64,256,40,40,0,0,-256,0,0,100,0,0,0,192,256,0,0,-256,0,0,100,0,0,720,192,256,0,
0,21,112,-129,0,0,100,0,64,256,40,40,0,78,-112,0,0,100,0,64,256,40,40,0,120,-184,0,0,100,0,224,272,64,88,0,84,-144,0,0,100,0,176,296,48,64,0,88,-167,0,1,100,0,16,536,16,16,0,88,-167,0,1,100,0,16,536,16,16,0,88,-167,0,1,100,0,16,536,16,16,0,64,-144,0,0,100,0,120,296,56,64,0,81,-151,0,0,100,0,336,408,48,48,0,56,-144,0,0,100,0,64,296,56,64,0,73,-154,0,0,100,0,64,256,40,40,0,32,-138,0,0,100,0,64,256,40,40,0,16,-200,0,0,100,0,0,256,64,104,0,56,-155,0,0,15,0,104,256,40,40,0,56,-155,0,0,100,0,64,256,40,40,0,38,-146,0,0,15,0,104,256,40,40,0,38,-146,0,0,100,0,64,256,40,40,0,40,-157,0,0,30,0,104,256,40,40,0,40,-157,0,0,100,0,64,256,40,40,0,0,-256,0,0,100,0,0,0,192,256,0,0,-256,0,0,100,0,0,720,192,256,0,
0,21,112,-129,0,0,100,0,64,256,40,40,0,78,-112,0,0,100,0,64,256,40,40,0,120,-184,0,0,100,0,224,272,64,88,0,84,-144,0,0,100,0,176,296,48,64,0,84,-168,0,1,100,0,16,536,16,16,0,92,-168,0,1,100,0,16,536,16,16,0,88,-168,0,1,100,0,16,536,16,16,0,64,-144,0,0,100,0,120,296,56,64,0,81,-151,0,0,100,0,336,408,48,48,0,56,-144,0,0,100,0,64,296,56,64,0,73,-154,0,0,100,0,64,256,40,40,0,32,-138,0,0,100,0,64,256,40,40,0,16,-200,0,0,100,0,0,256,64,104,0,56,-155,0,0,15,0,104,256,40,40,0,56,-155,0,0,100,0,64,256,40,40,0,38,-146,0,0,15,0,104,256,40,40,0,38,-146,0,0,100,0,64,256,40,40,0,40,-157,0,0,30,0,104,256,40,40,0,40,-157,0,0,100,0,64,256,40,40,0,0,-256,0,0,100,0,0,0,192,256,0,0,-256,0,0,100,0,0,720,192,256,0,
0,21,112,-129,0,0,100,0,64,256,40,40,0,78,-112,0,0,100,0,64,256,40,40,0,120,-184,0,0,100,0,224,272,64,88,0,84,-144,0,0,100,0,176,296,48,64,0,80,-170,0,1,100,0,0,536,16,16,0,96,-170,0,1,100,0,0,536,16,16,0,88,-170,0,1,100,0,0,536,16,16,0,64,-144,0,0,100,0,120,296,56,64,0,81,-151,0,0,100,0,336,408,48,48,0,56,-144,0,0,100,0,64,296,56,64,0,73,-154,0,0,100,0,64,256,40,40,0,32,-138,0,0,100,0,64,256,40,40,0,16,-200,0,0,100,0,0,256,64,104,0,56,-155,0,0,15,0,104,256,40,40,0,56,-155,0,0,100,0,64,256,40,40,0,38,-146,0,0,15,0,104,256,40,40,0,38,-146,0,0,100,0,64,256,40,40,0,40,-157,0,0,30,0,104,256,40,40,0,40,-157,0,0,100,0,64,256,40,40,0,0,-256,0,0,100,0,0,0,192,256,0,0,-256,0,0,100,0,0,720,192,256,0,
0,21,112,-129,0,0,100,0,64,256,40,40,0,78,-112,0,0,100,0,64,256,40,40,0,120,-184,0,0,100,0,224,272,64,88,0,84,-144,0,0,100,0,176,296,48,64,0,76,-172,0,1,100,0,16,536,16,16,0,100,-172,0,1,100,0,16,536,16,16,0,88,-172,0,1,100,0,16,536,16,16,0,64,-144,0,0,100,0,120,296,56,64,0,81,-151,0,0,100,0,336,408,48,48,0,56,-144,0,0,100,0,64,296,56,64,0,73,-154,0,0,100,0,64,256,40,40,0,32,-138,0,0,100,0,64,256,40,40,0,16,-200,0,0,100,0,0,256,64,104,0,56,-155,0,0,15,0,104,256,40,40,0,56,-155,0,0,100,0,64,256,40,40,0,38,-146,0,0,15,0,104,256,40,40,0,38,-146,0,0,100,0,64,256,40,40,0,40,-157,0,0,30,0,104,256,40,40,0,40,-157,0,0,100,0,64,256,40,40,0,0,-256,0,0,100,0,0,0,192,256,0,0,-256,0,0,100,0,0,720,192,256,0,
0,21,112,-129,0,0,100,0,64,256,40,40,0,78,-112,0,0,100,0,64,256,40,40,0,120,-184,0,0,100,0,224,272,64,88,0,84,-144,0,0,100,0,176,296,48,64,0,72,-174,0,1,100,0,0,536,16,16,0,104,-174,0,1,100,0,0,536,16,16,0,88,-174,0,1,100,0,0,536,16,16,0,64,-144,0,0,100,0,120,296,56,64,0,81,-151,0,0,100,0,336,408,48,48,0,56,-144,0,0,100,0,64,296,56,64,0,73,-154,0,0,100,0,64,256,40,40,0,32,-138,0,0,100,0,64,256,40,40,0,16,-200,0,0,100,0,0,256,64,104,0,56,-155,0,0,15,0,104,256,40,40,0,56,-155,0,0,100,0,64,256,40,40,0,38,-146,0,0,15,0,104,256,40,40,0,38,-146,0,0,100,0,64,256,40,40,0,40,-157,0,0,30,0,104,256,40,40,0,40,-157,0,0,100,0,64,256,40,40,0,0,-256,0,0,100,0,0,0,192,256,0,0,-256,0,0,100,0,0,720,192,256,0,
0,21,112,-129,0,0,100,0,64,256,40,40,0,78,-112,0,0,100,0,64,256,40,40,0,120,-184,0,0,100,0,224,272,64,88,0,84,-144,0,0,100,0,176,296,48,64,0,68,-176,0,1,100,0,16,536,16,16,0,108,-176,0,1,100,0,16,536,16,16,0,88,-176,0,1,100,0,16,536,16,16,0,64,-144,0,0,100,0,120,296,56,64,0,81,-151,0,0,100,0,336,408,48,48,0,56,-144,0,0,100,0,64,296,56,64,0,73,-154,0,0,100,0,64,256,40,40,0,32,-138,0,0,100,0,64,256,40,40,0,16,-200,0,0,100,0,0,256,64,104,0,56,-155,0,0,15,0,104,256,40,40,0,56,-155,0,0,100,0,64,256,40,40,0,38,-146,0,0,15,0,104,256,40,40,0,38,-146,0,0,100,0,64,256,40,40,0,40,-157,0,0,30,0,104,256,40,40,0,40,-157,0,0,100,0,64,256,40,40,0,0,-256,0,0,100,0,0,0,192,256,0,0,-256,0,0,100,0,0,720,192,256,0,
0,21,112,-129,0,0,100,0,64,256,40,40,0,78,-112,0,0,100,0,64,256,40,40,0,120,-184,0,0,100,0,224,272,64,88,0,84,-144,0,0,100,0,176,296,48,64,0,64,-178,0,1,100,0,0,536,16,16,0,112,-178,0,1,100,0,0,536,16,16,0,88,-178,0,1,100,0,0,536,16,16,0,64,-144,0,0,100,0,120,296,56,64,0,81,-151,0,0,100,0,336,408,48,48,0,56,-144,0,0,100,0,64,296,56,64,0,73,-154,0,0,100,0,64,256,40,40,0,32,-138,0,0,100,0,64,256,40,40,0,16,-200,0,0,100,0,0,256,64,104,0,56,-155,0,0,15,0,104,256,40,40,0,56,-155,0,0,100,0,64,256,40,40,0,38,-146,0,0,15,0,104,256,40,40,0,38,-146,0,0,100,0,64,256,40,40,0,40,-157,0,0,30,0,104,256,40,40,0,40,-157,0,0,100,0,64,256,40,40,0,0,-256,0,0,100,0,0,0,192,256,0,0,-256,0,0,100,0,0,720,192,256,0,
0,21,112,-129,0,0,100,0,64,256,40,40,0,78,-112,0,0,100,0,64,256,40,40,0,120,-184,0,0,100,0,224,272,64,88,0,84,-144,0,0,100,0,176,296,48,64,0,60,-180,0,1,100,0,16,536,16,16,0,116,-180,0,1,100,0,16,536,16,16,0,88,-180,0,1,100,0,16,536,16,16,0,64,-144,0,0,100,0,120,296,56,64,0,81,-151,0,0,100,0,336,408,48,48,0,56,-144,0,0,100,0,64,296,56,64,0,73,-154,0,0,100,0,64,256,40,40,0,32,-138,0,0,100,0,64,256,40,40,0,16,-200,0,0,100,0,0,256,64,104,0,56,-155,0,0,15,0,104,256,40,40,0,56,-155,0,0,100,0,64,256,40,40,0,38,-146,0,0,15,0,104,256,40,40,0,38,-146,0,0,100,0,64,256,40,40,0,40,-157,0,0,30,0,104,256,40,40,0,40,-157,0,0,100,0,64,256,40,40,0,0,-256,0,0,100,0,0,0,192,256,0,0,-256,0,0,100,0,0,720,192,256,0,
0,21,112,-129,0,0,100,0,64,256,40,40,0,78,-112,0,0,100,0,64,256,40,40,0,120,-184,0,0,100,0,224,272,64,88,0,84,-144,0,0,100,0,176,296,48,64,0,56,-182,0,1,100,0,0,536,16,16,0,120,-182,0,1,100,0,0,536,16,16,0,88,-181,0,1,100,0,0,536,16,16,0,64,-144,0,0,100,0,120,296,56,64,0,81,-151,0,0,100,0,336,408,48,48,0,56,-144,0,0,100,0,64,296,56,64,0,73,-154,0,0,100,0,64,256,40,40,0,32,-138,0,0,100,0,64,256,40,40,0,16,-200,0,0,100,0,0,256,64,104,0,56,-155,0,0,15,0,104,256,40,40,0,56,-155,0,0,100,0,64,256,40,40,0,38,-146,0,0,15,0,104,256,40,40,0,38,-146,0,0,100,0,64,256,40,40,0,40,-157,0,0,30,0,104,256,40,40,0,40,-157,0,0,100,0,64,256,40,40,0,0,-256,0,0,100,0,0,0,192,256,0,0,-256,0,0,100,0,0,720,192,256,0,
0,21,112,-129,0,0,100,0,64,256,40,40,0,78,-112,0,0,100,0,64,256,40,40,0,120,-184,0,0,100,0,224,272,64,88,0,84,-144,0,0,100,0,176,296,48,64,0,52,-184,0,1,100,0,16,536,16,16,0,124,-184,0,1,100,0,16,536,16,16,0,88,-182,0,1,100,0,16,536,16,16,0,64,-144,0,0,100,0,120,296,56,64,0,81,-151,0,0,100,0,336,408,48,48,0,56,-144,0,0,100,0,64,296,56,64,0,73,-154,0,0,100,0,64,256,40,40,0,32,-138,0,0,100,0,64,256,40,40,0,16,-200,0,0,100,0,0,256,64,104,0,56,-155,0,0,15,0,104,256,40,40,0,56,-155,0,0,100,0,64,256,40,40,0,38,-146,0,0,15,0,104,256,40,40,0,38,-146,0,0,100,0,64,256,40,40,0,40,-157,0,0,30,0,104,256,40,40,0,40,-157,0,0,100,0,64,256,40,40,0,0,-256,0,0,100,0,0,0,192,256,0,0,-256,0,0,100,0,0,720,192,256,0,
0,21,112,-129,0,0,100,0,64,256,40,40,0,78,-112,0,0,100,0,64,256,40,40,0,120,-184,0,0,100,0,224,272,64,88,0,84,-144,0,0,100,0,176,296,48,64,0,48,-186,0,1,100,0,0,536,16,16,0,128,-186,0,1,100,0,0,536,16,16,0,88,-183,0,1,100,0,0,536,16,16,0,64,-144,0,0,100,0,120,296,56,64,0,81,-151,0,0,100,0,336,408,48,48,0,56,-144,0,0,100,0,64,296,56,64,0,73,-154,0,0,100,0,64,256,40,40,0,32,-138,0,0,100,0,64,256,40,40,0,16,-200,0,0,100,0,0,256,64,104,0,56,-155,0,0,15,0,104,256,40,40,0,56,-155,0,0,100,0,64,256,40,40,0,38,-146,0,0,15,0,104,256,40,40,0,38,-146,0,0,100,0,64,256,40,40,0,40,-157,0,0,30,0,104,256,40,40,0,40,-157,0,0,100,0,64,256,40,40,0,0,-256,0,0,100,0,0,0,192,256,0,0,-256,0,0,100,0,0,720,192,256,0,
0,21,112,-129,0,0,100,0,64,256,40,40,0,78,-112,0,0,100,0,64,256,40,40,0,120,-184,0,0,100,0,224,272,64,88,0,84,-144,0,0,100,0,176,296,48,64,0,44,-188,0,1,100,0,16,536,16,16,0,132,-188,0,1,100,0,16,536,16,16,0,88,-184,0,1,100,0,16,536,16,16,0,64,-144,0,0,100,0,120,296,56,64,0,81,-151,0,0,100,0,336,408,48,48,0,56,-144,0,0,100,0,64,296,56,64,0,73,-154,0,0,100,0,64,256,40,40,0,32,-138,0,0,100,0,64,256,40,40,0,16,-200,0,0,100,0,0,256,64,104,0,56,-155,0,0,15,0,104,256,40,40,0,56,-155,0,0,100,0,64,256,40,40,0,38,-146,0,0,15,0,104,256,40,40,0,38,-146,0,0,100,0,64,256,40,40,0,40,-157,0,0,30,0,104,256,40,40,0,40,-157,0,0,100,0,64,256,40,40,0,0,-256,0,0,100,0,0,0,192,256,0,0,-256,0,0,100,0,0,720,192,256,0,
0,21,112,-129,0,0,100,0,64,256,40,40,0,78,-112,0,0,100,0,64,256,40,40,0,120,-184,0,0,100,0,224,272,64,88,0,84,-144,0,0,100,0,176,296,48,64,0,40,-190,0,1,100,0,0,536,16,16,0,136,-190,0,1,100,0,0,536,16,16,0,88,-185,0,1,100,0,0,536,16,16,0,64,-144,0,0,100,0,120,296,56,64,0,81,-151,0,0,100,0,336,408,48,48,0,56,-144,0,0,100,0,64,296,56,64,0,73,-154,0,0,100,0,64,256,40,40,0,32,-138,0,0,100,0,64,256,40,40,0,16,-200,0,0,100,0,0,256,64,104,0,56,-155,0,0,15,0,104,256,40,40,0,56,-155,0,0,100,0,64,256,40,40,0,38,-146,0,0,15,0,104,256,40,40,0,38,-146,0,0,100,0,64,256,40,40,0,40,-157,0,0,30,0,104,256,40,40,0,40,-157,0,0,100,0,64,256,40,40,0,0,-256,0,0,100,0,0,0,192,256,0,0,-256,0,0,100,0,0,720,192,256,0,
0,21,112,-129,0,0,100,0,64,256,40,40,0,78,-112,0,0,100,0,64,256,40,40,0,120,-184,0,0,100,0,224,272,64,88,0,84,-144,0,0,100,0,176,296,48,64,0,36,-192,0,1,100,0,16,536,16,16,0,140,-192,0,1,100,0,16,536,16,16,0,88,-186,0,1,100,0,16,536,16,16,0,64,-144,0,0,100,0,120,296,56,64,0,81,-151,0,0,100,0,336,408,48,48,0,56,-144,0,0,100,0,64,296,56,64,0,73,-154,0,0,100,0,64,256,40,40,0,32,-138,0,0,100,0,64,256,40,40,0,16,-200,0,0,100,0,0,256,64,104,0,56,-155,0,0,15,0,104,256,40,40,0,56,-155,0,0,100,0,64,256,40,40,0,38,-146,0,0,15,0,104,256,40,40,0,38,-146,0,0,100,0,64,256,40,40,0,40,-157,0,0,30,0,104,256,40,40,0,40,-157,0,0,100,0,64,256,40,40,0,0,-256,0,0,100,0,0,0,192,256,0,0,-256,0,0,100,0,0,720,192,256,0,
0,21,112,-129,0,0,100,0,64,256,40,40,0,78,-112,0,0,100,0,64,256,40,40,0,120,-184,0,0,100,0,224,272,64,88,0,84,-144,0,0,100,0,176,296,48,64,0,32,-194,0,1,100,0,0,536,16,16,0,144,-194,0,1,100,0,0,536,16,16,0,88,-187,0,1,100,0,0,536,16,16,0,64,-144,0,0,100,0,120,296,56,64,0,81,-151,0,0,100,0,336,408,48,48,0,56,-144,0,0,100,0,64,296,56,64,0,73,-154,0,0,100,0,64,256,40,40,0,32,-138,0,0,100,0,64,256,40,40,0,16,-200,0,0,100,0,0,256,64,104,0,56,-155,0,0,15,0,104,256,40,40,0,56,-155,0,0,100,0,64,256,40,40,0,38,-146,0,0,15,0,104,256,40,40,0,38,-146,0,0,100,0,64,256,40,40,0,40,-157,0,0,30,0,104,256,40,40,0,40,-157,0,0,100,0,64,256,40,40,0,0,-256,0,0,100,0,0,0,192,256,0,0,-256,0,0,100,0,0,720,192,256,0,
0,21,112,-129,0,0,100,0,64,256,40,40,0,78,-112,0,0,100,0,64,256,40,40,0,120,-184,0,0,100,0,224,272,64,88,0,84,-144,0,0,100,0,176,296,48,64,0,28,-196,0,1,100,0,16,536,16,16,0,148,-196,0,1,100,0,16,536,16,16,0,88,-188,0,1,100,0,16,536,16,16,0,64,-144,0,0,100,0,120,296,56,64,0,81,-151,0,0,100,0,336,408,48,48,0,56,-144,0,0,100,0,64,296,56,64,0,73,-154,0,0,100,0,64,256,40,40,0,32,-138,0,0,100,0,64,256,40,40,0,16,-200,0,0,100,0,0,256,64,104,0,56,-155,0,0,15,0,104,256,40,40,0,56,-155,0,0,100,0,64,256,40,40,0,38,-146,0,0,15,0,104,256,40,40,0,38,-146,0,0,100,0,64,256,40,40,0,40,-157,0,0,30,0,104,256,40,40,0,40,-157,0,0,100,0,64,256,40,40,0,0,-256,0,0,100,0,0,0,192,256,0,0,-256,0,0,100,0,0,720,192,256,0,
0,21,112,-129,0,0,100,0,64,256,40,40,0,78,-112,0,0,100,0,64,256,40,40,0,120,-184,0,0,100,0,224,272,64,88,0,84,-144,0,0,100,0,176,296,48,64,0,24,-198,0,1,100,0,0,536,16,16,0,152,-198,0,1,100,0,0,536,16,16,0,88,-189,0,1,100,0,0,536,16,16,0,64,-144,0,0,100,0,120,296,56,64,0,81,-151,0,0,100,0,336,408,48,48,0,56,-144,0,0,100,0,64,296,56,64,0,73,-154,0,0,100,0,64,256,40,40,0,32,-138,0,0,100,0,64,256,40,40,0,16,-200,0,0,100,0,0,256,64,104,0,56,-155,0,0,15,0,104,256,40,40,0,56,-155,0,0,100,0,64,256,40,40,0,38,-146,0,0,15,0,104,256,40,40,0,38,-146,0,0,100,0,64,256,40,40,0,40,-157,0,0,30,0,104,256,40,40,0,40,-157,0,0,100,0,64,256,40,40,0,0,-256,0,0,100,0,0,0,192,256,0,0,-256,0,0,100,0,0,720,192,256,0,
0,21,112,-129,0,0,100,0,64,256,40,40,0,78,-112,0,0,100,0,64,256,40,40,0,120,-184,0,0,100,0,224,272,64,88,0,84,-144,0,0,100,0,176,296,48,64,0,20,-200,0,1,100,0,16,536,16,16,0,156,-200,0,1,100,0,16,536,16,16,0,88,-190,0,1,100,0,16,536,16,16,0,64,-144,0,0,100,0,120,296,56,64,0,81,-151,0,0,100,0,336,408,48,48,0,56,-144,0,0,100,0,64,296,56,64,0,73,-154,0,0,100,0,64,256,40,40,0,32,-138,0,0,100,0,64,256,40,40,0,16,-200,0,0,100,0,0,256,64,104,0,56,-155,0,0,15,0,104,256,40,40,0,56,-155,0,0,100,0,64,256,40,40,0,38,-146,0,0,15,0,104,256,40,40,0,38,-146,0,0,100,0,64,256,40,40,0,40,-157,0,0,30,0,104,256,40,40,0,40,-157,0,0,100,0,64,256,40,40,0,0,-256,0,0,100,0,0,0,192,256,0,0,-256,0,0,100,0,0,720,192,256,0,
0,21,112,-129,0,0,100,0,64,256,40,40,0,78,-112,0,0,100,0,64,256,40,40,0,120,-184,0,0,100,0,224,272,64,88,0,84,-144,0,0,100,0,176,296,48,64,0,16,-202,0,1,100,0,0,536,16,16,0,160,-202,0,1,100,0,0,536,16,16,0,88,-191,0,1,100,0,0,536,16,16,0,64,-144,0,0,100,0,120,296,56,64,0,81,-151,0,0,100,0,336,408,48,48,0,56,-144,0,0,100,0,64,296,56,64,0,73,-154,0,0,100,0,64,256,40,40,0,32,-138,0,0,100,0,64,256,40,40,0,16,-200,0,0,100,0,0,256,64,104,0,56,-155,0,0,15,0,104,256,40,40,0,56,-155,0,0,100,0,64,256,40,40,0,38,-146,0,0,15,0,104,256,40,40,0,38,-146,0,0,100,0,64,256,40,40,0,40,-157,0,0,30,0,104,256,40,40,0,40,-157,0,0,100,0,64,256,40,40,0,0,-256,0,0,100,0,0,0,192,256,0,0,-256,0,0,100,0,0,720,192,256,0,
0,21,112,-129,0,0,100,0,64,256,40,40,0,78,-112,0,0,100,0,64,256,40,40,0,120,-184,0,0,100,0,224,272,64,88,0,84,-144,0,0,100,0,176,296,48,64,0,12,-204,0,1,100,0,16,536,16,16,0,164,-204,0,1,100,0,16,536,16,16,0,88,-192,0,1,100,0,16,536,16,16,0,64,-144,0,0,100,0,120,296,56,64,0,81,-151,0,0,100,0,336,408,48,48,0,56,-144,0,0,100,0,64,296,56,64,0,73,-154,0,0,100,0,64,256,40,40,0,32,-138,0,0,100,0,64,256,40,40,0,16,-200,0,0,100,0,0,256,64,104,0,56,-155,0,0,15,0,104,256,40,40,0,56,-155,0,0,100,0,64,256,40,40,0,38,-146,0,0,15,0,104,256,40,40,0,38,-146,0,0,100,0,64,256,40,40,0,40,-157,0,0,30,0,104,256,40,40,0,40,-157,0,0,100,0,64,256,40,40,0,0,-256,0,0,100,0,0,0,192,256,0,0,-256,0,0,100,0,0,720,192,256,0,
0,21,112,-129,0,0,100,0,64,256,40,40,0,78,-112,0,0,100,0,64,256,40,40,0,120,-184,0,0,100,0,224,272,64,88,0,84,-144,0,0,100,0,176,296,48,64,0,12,-204,0,1,100,0,0,536,16,16,0,164,-204,0,1,100,0,0,536,16,16,0,88,-192,0,1,100,0,0,536,16,16,0,64,-144,0,0,100,0,120,296,56,64,0,81,-151,0,0,100,0,336,408,48,48,0,56,-144,0,0,100,0,64,296,56,64,0,73,-154,0,0,100,0,64,256,40,40,0,32,-138,0,0,100,0,64,256,40,40,0,16,-200,0,0,100,0,0,256,64,104,0,56,-155,0,0,15,0,104,256,40,40,0,56,-155,0,0,100,0,64,256,40,40,0,38,-146,0,0,15,0,104,256,40,40,0,38,-146,0,0,100,0,64,256,40,40,0,40,-157,0,0,30,0,104,256,40,40,0,40,-157,0,0,100,0,64,256,40,40,0,0,-256,0,0,100,0,0,0,192,256,0,0,-256,0,0,100,0,0,720,192,256,0,
0,22,0,-245,0,1,10,0,0,976,192,245,0,112,-129,0,0,100,0,64,256,40,40,0,78,-112,0,0,100,0,64,256,40,40,0,120,-184,0,0,100,0,224,272,64,88,0,84,-144,0,0,100,0,176,296,48,64,0,12,-204,0,1,100,0,16,536,16,16,0,164,-204,0,1,100,0,16,536,16,16,0,88,-192,0,1,100,0,16,536,16,16,0,64,-144,0,0,100,0,120,296,56,64,0,81,-151,0,0,100,0,336,408,48,48,0,56,-144,0,0,100,0,64,296,56,64,0,73,-154,0,0,100,0,64,256,40,40,0,32,-138,0,0,100,0,64,256,40,40,0,16,-200,0,0,100,0,0,256,64,104,0,56,-155,0,0,15,0,104,256,40,40,0,56,-155,0,0,100,0,64,256,40,40,0,38,-146,0,0,15,0,104,256,40,40,0,38,-146,0,0,100,0,64,256,40,40,0,40,-157,0,0,30,0,104,256,40,40,0,40,-157,0,0,100,0,64,256,40,40,0,0,-256,0,0,100,0,0,0,192,256,0,0,-256,0,0,100,0,0,720,192,256,0,
0,22,0,-245,0,1,25,0,0,976,192,245,0,112,-129,0,0,100,0,64,256,40,40,0,78,-112,0,0,100,0,64,256,40,40,0,120,-184,0,0,100,0,224,272,64,88,0,84,-144,0,0,100,0,176,296,48,64,0,12,-204,0,1,100,0,0,536,16,16,0,164,-204,0,1,100,0,0,536,16,16,0,88,-192,0,1,100,0,0,536,16,16,0,64,-144,0,0,100,0,120,296,56,64,0,81,-151,0,0,100,0,336,408,48,48,0,56,-144,0,0,100,0,64,296,56,64,0,73,-154,0,0,100,0,64,256,40,40,0,32,-138,0,0,100,0,64,256,40,40,0,16,-200,0,0,100,0,0,256,64,104,0,56,-155,0,0,15,0,104,256,40,40,0,56,-155,0,0,100,0,64,256,40,40,0,38,-146,0,0,15,0,104,256,40,40,0,38,-146,0,0,100,0,64,256,40,40,0,40,-157,0,0,30,0,104,256,40,40,0,40,-157,0,0,100,0,64,256,40,40,0,0,-256,0,0,100,0,0,0,192,256,0,0,-256,0,0,100,0,0,720,192,256,0,
0,22,0,-245,0,1,50,0,0,976,192,245,0,112,-129,0,0,100,0,64,256,40,40,0,78,-112,0,0,100,0,64,256,40,40,0,120,-184,0,0,100,0,224,272,64,88,0,84,-144,0,0,100,0,176,296,48,64,0,12,-204,0,1,100,0,16,536,16,16,0,164,-204,0,1,100,0,16,536,16,16,0,88,-192,0,1,100,0,16,536,16,16,0,64,-144,0,0,100,0,120,296,56,64,0,81,-151,0,0,100,0,336,408,48,48,0,56,-144,0,0,100,0,64,296,56,64,0,73,-154,0,0,100,0,64,256,40,40,0,32,-138,0,0,100,0,64,256,40,40,0,16,-200,0,0,100,0,0,256,64,104,0,56,-155,0,0,15,0,104,256,40,40,0,56,-155,0,0,100,0,64,256,40,40,0,38,-146,0,0,15,0,104,256,40,40,0,38,-146,0,0,100,0,64,256,40,40,0,40,-157,0,0,30,0,104,256,40,40,0,40,-157,0,0,100,0,64,256,40,40,0,0,-256,0,0,100,0,0,0,192,256,0,0,-256,0,0,100,0,0,720,192,256,0,
0,22,0,-245,0,1,75,0,0,976,192,245,0,112,-129,0,0,100,0,64,256,40,40,0,78,-112,0,0,100,0,64,256,40,40,0,120,-184,0,0,100,0,224,272,64,88,0,84,-144,0,0,100,0,176,296,48,64,0,12,-204,0,1,100,0,0,536,16,16,0,164,-204,0,1,100,0,0,536,16,16,0,88,-192,0,1,100,0,0,536,16,16,0,64,-144,0,0,100,0,120,296,56,64,0,81,-151,0,0,100,0,336,408,48,48,0,56,-144,0,0,100,0,64,296,56,64,0,73,-154,0,0,100,0,64,256,40,40,0,32,-138,0,0,100,0,64,256,40,40,0,16,-200,0,0,100,0,0,256,64,104,0,56,-155,0,0,15,0,104,256,40,40,0,56,-155,0,0,100,0,64,256,40,40,0,38,-146,0,0,15,0,104,256,40,40,0,38,-146,0,0,100,0,64,256,40,40,0,40,-157,0,0,30,0,104,256,40,40,0,40,-157,0,0,100,0,64,256,40,40,0,0,-256,0,0,100,0,0,0,192,256,0,0,-256,0,0,100,0,0,720,192,256,0,
0,34,0,-245,0,1,75,0,0,976,192,245,0,112,-129,0,0,100,0,64,256,40,40,0,78,-112,0,0,100,0,64,256,40,40,0,120,-184,0,0,100,0,224,272,64,88,0,84,-144,0,0,100,0,176,296,48,64,0,12,-204,0,1,100,0,16,536,16,16,0,158,-211,0,1,100,0,0,504,32,32,0,167,-193,0,1,100,0,16,536,16,16,0,159,-193,0,1,100,0,16,536,16,16,0,163,-197,0,1,100,0,16,536,16,16,0,164,-204,0,1,100,0,16,536,16,16,0,6,-212,0,1,100,0,0,504,32,32,0,15,-194,0,1,100,0,16,536,16,16,0,7,-194,0,1,100,0,16,536,16,16,0,11,-198,0,1,100,0,16,536,16,16,0,82,-199,0,1,100,0,0,504,32,32,0,91,-181,0,1,100,0,16,536,16,16,0,83,-181,0,1,100,0,16,536,16,16,0,87,-185,0,1,100,0,16,536,16,16,0,88,-192,0,1,100,0,16,536,16,16,0,64,-144,0,0,100,0,120,296,56,64,0,81,-151,0,0,100,0,336,408,48,48,0,56,-144,0,0,100,0,64,296,56,64,0,73,-154,0,0,100,0,64,256,40,40,0,32,-138,0,0,100,0,64,256,40,40,0,16,-200,0,0,100,0,0,256,64,104,0,56,-155,0,0,15,0,104,256,40,40,0,56,-155,0,0,100,0,64,256,40,40,0,38,-146,0,0,15,0,104,256,40,40,0,38,-146,0,0,100,0,64,256,40,40,0,40,-157,0,0,30,0,104,256,40,40,0,40,-157,0,0,100,0,64,256,40,40,0,0,-256,0,0,100,0,0,0,192,256,0,0,-256,0,0,100,0,0,720,192,256,0,
0,31,0,-245,0,1,75,0,0,976,192,245,0,112,-129,0,0,100,0,64,256,40,40,0,78,-112,0,0,100,0,64,256,40,40,0,120,-184,0,0,100,0,224,272,64,88,0,84,-144,0,0,100,0,176,296,48,64,0,6,-210,0,1,100,0,32,504,32,32,0,11,-194,0,1,100,0,32,536,16,16,0,15,-188,0,1,100,0,32,536,16,16,0,7,-188,0,1,100,0,32,536,16,16,0,158,-209,0,1,100,0,32,504,32,32,0,163,-193,0,1,100,0,32,536,16,16,0,167,-187,0,1,100,0,32,536,16,16,0,159,-187,0,1,100,0,32,536,16,16,0,82,-197,0,1,100,0,32,504,32,32,0,87,-181,0,1,100,0,32,536,16,16,0,91,-175,0,1,100,0,32,536,16,16,0,83,-175,0,1,100,0,32,536,16,16,0,64,-144,0,0,100,0,120,296,56,64,0,81,-151,0,0,100,0,336,408,48,48,0,56,-144,0,0,100,0,64,296,56,64,0,73,-154,0,0,100,0,64,256,40,40,0,32,-138,0,0,100,0,64,256,40,40,0,16,-200,0,0,100,0,0,256,64,104,0,56,-155,0,0,15,0,104,256,40,40,0,56,-155,0,0,100,0,64,256,40,40,0,38,-146,0,0,15,0,104,256,40,40,0,38,-146,0,0,100,0,64,256,40,40,0,40,-157,0,0,30,0,104,256,40,40,0,40,-157,0,0,100,0,64,256,40,40,0,0,-256,0,0,100,0,0,0,192,256,0,0,-256,0,0,100,0,0,720,192,256,0,
0,31,0,-245,0,1,75,0,0,976,192,245,0,112,-129,0,0,100,0,64,256,40,40,0,78,-112,0,0,100,0,64,256,40,40,0,120,-184,0,0,100,0,224,272,64,88,0,84,-144,0,0,100,0,176,296,48,64,0,6,-208,0,1,100,0,0,504,32,32,0,11,-190,0,1,100,0,16,536,16,16,0,15,-182,0,1,100,0,16,536,16,16,0,7,-182,0,1,100,0,16,536,16,16,0,158,-207,0,1,100,0,0,504,32,32,0,163,-189,0,1,100,0,16,536,16,16,0,167,-181,0,1,100,0,16,536,16,16,0,159,-181,0,1,100,0,16,536,16,16,0,82,-195,0,1,100,0,0,504,32,32,0,87,-177,0,1,100,0,16,536,16,16,0,91,-169,0,1,100,0,16,536,16,16,0,83,-169,0,1,100,0,16,536,16,16,0,64,-144,0,0,100,0,120,296,56,64,0,81,-151,0,0,100,0,336,408,48,48,0,56,-144,0,0,100,0,64,296,56,64,0,73,-154,0,0,100,0,64,256,40,40,0,32,-138,0,0,100,0,64,256,40,40,0,16,-200,0,0,100,0,0,256,64,104,0,56,-155,0,0,15,0,104,256,40,40,0,56,-155,0,0,100,0,64,256,40,40,0,38,-146,0,0,15,0,104,256,40,40,0,38,-146,0,0,100,0,64,256,40,40,0,40,-157,0,0,30,0,104,256,40,40,0,40,-157,0,0,100,0,64,256,40,40,0,0,-256,0,0,100,0,0,0,192,256,0,0,-256,0,0,100,0,0,720,192,256,0,
0,31,0,-245,0,1,75,0,0,976,192,245,0,112,-129,0,0,100,0,64,256,40,40,0,78,-112,0,0,100,0,64,256,40,40,0,120,-184,0,0,100,0,224,272,64,88,0,84,-144,0,0,100,0,176,296,48,64,0,6,-206,0,1,50,0,32,504,32,32,0,11,-186,0,1,100,0,32,536,16,16,0,15,-176,0,1,100,0,32,536,16,16,0,7,-176,0,1,100,0,32,536,16,16,0,158,-205,0,1,50,0,32,504,32,32,0,163,-185,0,1,100,0,32,536,16,16,0,167,-175,0,1,100,0,32,536,16,16,0,159,-175,0,1,100,0,32,536,16,16,0,82,-193,0,1,50,0,32,504,32,32,0,87,-173,0,1,100,0,32,536,16,16,0,91,-163,0,1,100,0,32,536,16,16,0,83,-163,0,1,100,0,32,536,16,16,0,64,-144,0,0,100,0,120,296,56,64,0,81,-151,0,0,100,0,336,408,48,48,0,56,-144,0,0,100,0,64,296,56,64,0,73,-154,0,0,100,0,64,256,40,40,0,32,-138,0,0,100,0,64,256,40,40,0,16,-200,0,0,100,0,0,256,64,104,0,56,-155,0,0,15,0,104,256,40,40,0,56,-155,0,0,100,0,64,256,40,40,0,38,-146,0,0,15,0,104,256,40,40,0,38,-146,0,0,100,0,64,256,40,40,0,40,-157,0,0,30,0,104,256,40,40,0,40,-157,0,0,100,0,64,256,40,40,0,0,-256,0,0,100,0,0,0,192,256,0,0,-256,0,0,100,0,0,720,192,256,0,
0,31,0,-245,0,1,75,0,0,976,192,245,0,112,-129,0,0,100,0,64,256,40,40,0,78,-112,0,0,100,0,64,256,40,40,0,120,-184,0,0,100,0,224,272,64,88,0,84,-144,0,0,100,0,176,296,48,64,0,6,-204,0,1,25,0,0,504,32,32,0,11,-182,0,1,75,0,16,536,16,16,0,15,-170,0,1,75,0,16,536,16,16,0,7,-170,0,1,75,0,16,536,16,16,0,158,-203,0,1,25,0,0,504,32,32,0,163,-181,0,1,75,0,16,536,16,16,0,167,-169,0,1,75,0,16,536,16,16,0,159,-169,0,1,75,0,16,536,16,16,0,82,-191,0,1,25,0,0,504,32,32,0,87,-169,0,1,75,0,16,536,16,16,0,91,-157,0,1,75,0,16,536,16,16,0,83,-157,0,1,75,0,16,536,16,16,0,64,-144,0,0,100,0,120,296,56,64,0,81,-151,0,0,100,0,336,408,48,48,0,56,-144,0,0,100,0,64,296,56,64,0,73,-154,0,0,100,0,64,256,40,40,0,32,-138,0,0,100,0,64,256,40,40,0,16,-200,0,0,100,0,0,256,64,104,0,56,-155,0,0,15,0,104,256,40,40,0,56,-155,0,0,100,0,64,256,40,40,0,38,-146,0,0,15,0,104,256,40,40,0,38,-146,0,0,100,0,64,256,40,40,0,40,-157,0,0,30,0,104,256,40,40,0,40,-157,0,0,100,0,64,256,40,40,0,0,-256,0,0,100,0,0,0,192,256,0,0,-256,0,0,100,0,0,720,192,256,0,
0,31,0,-245,0,1,75,0,0,976,192,245,0,112,-129,0,0,100,0,64,256,40,40,0,78,-112,0,0,100,0,64,256,40,40,0,120,-184,0,0,100,0,224,272,64,88,0,84,-144,0,0,100,0,176,296,48,64,0,158,-201,0,1,0,0,0,504,32,32,0,163,-175,0,1,50,0,32,536,16,16,0,167,-163,0,1,50,0,32,536,16,16,0,159,-163,0,1,50,0,32,536,16,16,0,6,-202,0,1,0,0,0,504,32,32,0,11,-176,0,1,50,0,32,536,16,16,0,15,-164,0,1,50,0,32,536,16,16,0,7,-164,0,1,50,0,32,536,16,16,0,82,-189,0,1,0,0,0,504,32,32,0,87,-163,0,1,50,0,32,536,16,16,0,91,-151,0,1,50,0,32,536,16,16,0,83,-151,0,1,50,0,32,536,16,16,0,64,-144,0,0,100,0,120,296,56,64,0,81,-151,0,0,100,0,336,408,48,48,0,56,-144,0,0,100,0,64,296,56,64,0,73,-154,0,0,100,0,64,256,40,40,0,32,-138,0,0,100,0,64,256,40,40,0,16,-200,0,0,100,0,0,256,64,104,0,56,-155,0,0,15,0,104,256,40,40,0,56,-155,0,0,100,0,64,256,40,40,0,38,-146,0,0,15,0,104,256,40,40,0,38,-146,0,0,100,0,64,256,40,40,0,40,-157,0,0,30,0,104,256,40,40,0,40,-157,0,0,100,0,64,256,40,40,0,0,-256,0,0,100,0,0,0,192,256,0,0,-256,0,0,100,0,0,720,192,256,0,
0,0,
0,0,
0,0,
0,0,
0,0,
0,19,0,-245,0,1,85,0,0,976,192,245,0,112,-129,0,0,100,0,64,256,40,40,0,78,-112,0,0,100,0,64,256,40,40,0,120,-184,0,0,100,0,224,272,64,88,0,84,-144,0,0,100,0,176,296,48,64,0,64,-144,0,0,100,0,120,296,56,64,0,81,-151,0,0,100,0,336,408,48,48,0,56,-144,0,0,100,0,64,296,56,64,0,73,-154,0,0,100,0,64,256,40,40,0,32,-138,0,0,100,0,64,256,40,40,0,16,-200,0,0,100,0,0,256,64,104,0,56,-155,0,0,15,0,104,256,40,40,0,56,-155,0,0,100,0,64,256,40,40,0,38,-146,0,0,15,0,104,256,40,40,0,38,-146,0,0,100,0,64,256,40,40,0,40,-157,0,0,30,0,104,256,40,40,0,40,-157,0,0,100,0,64,256,40,40,0,0,-256,0,0,100,0,0,0,192,256,0,0,-256,0,0,100,0,0,720,192,256,0,
0,19,0,-245,0,1,95,0,0,976,192,245,0,112,-129,0,0,100,0,64,256,40,40,0,78,-112,0,0,100,0,64,256,40,40,0,120,-184,0,0,100,0,224,272,64,88,0,84,-144,0,0,100,0,176,296,48,64,0,64,-144,0,0,100,0,120,296,56,64,0,81,-151,0,0,100,0,336,408,48,48,0,56,-144,0,0,100,0,64,296,56,64,0,73,-154,0,0,100,0,64,256,40,40,0,32,-138,0,0,100,0,64,256,40,40,0,16,-200,0,0,100,0,0,256,64,104,0,56,-155,0,0,15,0,104,256,40,40,0,56,-155,0,0,100,0,64,256,40,40,0,38,-146,0,0,15,0,104,256,40,40,0,38,-146,0,0,100,0,64,256,40,40,0,40,-157,0,0,30,0,104,256,40,40,0,40,-157,0,0,100,0,64,256,40,40,0,0,-256,0,0,100,0,0,0,192,256,0,0,-256,0,0,100,0,0,720,192,256,0,
0,19,0,-245,0,1,100,0,0,976,192,245,0,112,-129,0,0,100,0,64,256,40,40,0,78,-112,0,0,100,0,64,256,40,40,0,120,-184,0,0,100,0,224,272,64,88,0,84,-144,0,0,100,0,176,296,48,64,0,64,-144,0,0,100,0,120,296,56,64,0,81,-151,0,0,100,0,336,408,48,48,0,56,-144,0,0,100,0,64,296,56,64,0,73,-154,0,0,100,0,64,256,40,40,0,32,-138,0,0,100,0,64,256,40,40,0,16,-200,0,0,100,0,0,256,64,104,0,56,-155,0,0,15,0,104,256,40,40,0,56,-155,0,0,100,0,64,256,40,40,0,38,-146,0,0,15,0,104,256,40,40,0,38,-146,0,0,100,0,64,256,40,40,0,40,-157,0,0,30,0,104,256,40,40,0,40,-157,0,0,100,0,64,256,40,40,0,0,-256,0,0,100,0,0,0,192,256,0,0,-256,0,0,100,0,0,720,192,256,0,
0,19,0,-252,0,1,100,0,0,976,192,252,0,112,-129,0,0,100,0,64,256,40,40,0,78,-112,0,0,100,0,64,256,40,40,0,120,-184,0,0,100,0,224,272,64,88,0,84,-144,0,0,100,0,176,296,48,64,0,64,-144,0,0,100,0,120,296,56,64,0,81,-151,0,0,100,0,336,408,48,48,0,56,-144,0,0,100,0,64,296,56,64,0,73,-154,0,0,100,0,64,256,40,40,0,32,-138,0,0,100,0,64,256,40,40,0,16,-200,0,0,100,0,0,256,64,104,0,56,-155,0,0,15,0,104,256,40,40,0,56,-155,0,0,100,0,64,256,40,40,0,38,-146,0,0,15,0,104,256,40,40,0,38,-146,0,0,100,0,64,256,40,40,0,40,-157,0,0,30,0,104,256,40,40,0,40,-157,0,0,100,0,64,256,40,40,0,0,-256,0,0,100,0,0,0,192,256,0,0,-256,0,0,100,0,0,720,192,256,0,
0,19,0,-256,0,1,100,0,0,980,192,256,0,112,-129,0,0,100,0,64,256,40,40,0,78,-112,0,0,100,0,64,256,40,40,0,120,-184,0,0,100,0,224,272,64,88,0,84,-144,0,0,100,0,176,296,48,64,0,64,-144,0,0,100,0,120,296,56,64,0,81,-151,0,0,100,0,336,408,48,48,0,56,-144,0,0,100,0,64,296,56,64,0,73,-154,0,0,100,0,64,256,40,40,0,32,-138,0,0,100,0,64,256,40,40,0,16,-200,0,0,100,0,0,256,64,104,0,56,-155,0,0,15,0,104,256,40,40,0,56,-155,0,0,100,0,64,256,40,40,0,38,-146,0,0,15,0,104,256,40,40,0,38,-146,0,0,100,0,64,256,40,40,0,40,-157,0,0,30,0,104,256,40,40,0,40,-157,0,0,100,0,64,256,40,40,0,0,-256,0,0,100,0,0,0,192,256,0,0,-256,0,0,100,0,0,720,192,256,0,
0,19,0,-256,0,1,100,0,0,988,192,256,0,112,-129,0,0,100,0,64,256,40,40,0,78,-112,0,0,100,0,64,256,40,40,0,120,-184,0,0,100,0,224,272,64,88,0,84,-144,0,0,100,0,176,296,48,64,0,64,-144,0,0,100,0,120,296,56,64,0,81,-151,0,0,100,0,336,408,48,48,0,56,-144,0,0,100,0,64,296,56,64,0,73,-154,0,0,100,0,64,256,40,40,0,32,-138,0,0,100,0,64,256,40,40,0,16,-200,0,0,100,0,0,256,64,104,0,56,-155,0,0,15,0,104,256,40,40,0,56,-155,0,0,100,0,64,256,40,40,0,38,-146,0,0,15,0,104,256,40,40,0,38,-146,0,0,100,0,64,256,40,40,0,40,-157,0,0,30,0,104,256,40,40,0,40,-157,0,0,100,0,64,256,40,40,0,0,-256,0,0,100,0,0,0,192,256,0,0,-256,0,0,100,0,0,720,192,256,0,
0,19,0,-256,0,1,90,0,0,996,192,256,0,112,-129,0,0,100,0,64,256,40,40,0,78,-112,0,0,100,0,64,256,40,40,0,120,-184,0,0,100,0,224,272,64,88,0,84,-144,0,0,100,0,176,296,48,64,0,64,-144,0,0,100,0,120,296,56,64,0,81,-151,0,0,100,0,336,408,48,48,0,56,-144,0,0,100,0,64,296,56,64,0,73,-154,0,0,100,0,64,256,40,40,0,32,-138,0,0,100,0,64,256,40,40,0,16,-200,0,0,100,0,0,256,64,104,0,56,-155,0,0,15,0,104,256,40,40,0,56,-155,0,0,100,0,64,256,40,40,0,38,-146,0,0,15,0,104,256,40,40,0,38,-146,0,0,100,0,64,256,40,40,0,40,-157,0,0,30,0,104,256,40,40,0,40,-157,0,0,100,0,64,256,40,40,0,0,-256,0,0,100,0,0,0,192,256,0,0,-256,0,0,100,0,0,720,192,256,0,
0,19,0,-256,0,1,80,0,0,1004,192,256,0,112,-129,0,0,100,0,64,256,40,40,0,78,-112,0,0,100,0,64,256,40,40,0,120,-184,0,0,100,0,224,272,64,88,0,84,-144,0,0,100,0,176,296,48,64,0,64,-144,0,0,100,0,120,296,56,64,0,81,-151,0,0,100,0,336,408,48,48,0,56,-144,0,0,100,0,64,296,56,64,0,73,-154,0,0,100,0,64,256,40,40,0,32,-138,0,0,100,0,64,256,40,40,0,16,-200,0,0,100,0,0,256,64,104,0,56,-155,0,0,15,0,104,256,40,40,0,56,-155,0,0,100,0,64,256,40,40,0,38,-146,0,0,15,0,104,256,40,40,0,38,-146,0,0,100,0,64,256,40,40,0,40,-157,0,0,30,0,104,256,40,40,0,40,-157,0,0,100,0,64,256,40,40,0,0,-256,0,0,100,0,0,0,192,256,0,0,-256,0,0,100,0,0,720,192,256,0,
0,19,0,-256,0,1,70,0,0,1012,192,256,0,112,-129,0,0,100,0,64,256,40,40,0,78,-112,0,0,100,0,64,256,40,40,0,120,-184,0,0,100,0,224,272,64,88,0,84,-144,0,0,100,0,176,296,48,64,0,64,-144,0,0,100,0,120,296,56,64,0,81,-151,0,0,100,0,336,408,48,48,0,56,-144,0,0,100,0,64,296,56,64,0,73,-154,0,0,100,0,64,256,40,40,0,32,-138,0,0,100,0,64,256,40,40,0,16,-200,0,0,100,0,0,256,64,104,0,56,-155,0,0,15,0,104,256,40,40,0,56,-155,0,0,100,0,64,256,40,40,0,38,-146,0,0,15,0,104,256,40,40,0,38,-146,0,0,100,0,64,256,40,40,0,40,-157,0,0,30,0,104,256,40,40,0,40,-157,0,0,100,0,64,256,40,40,0,0,-256,0,0,100,0,0,0,192,256,0,0,-256,0,0,100,0,0,720,192,256,0,
0,19,0,-256,0,1,60,0,0,1020,192,256,0,112,-129,0,0,100,0,64,256,40,40,0,78,-112,0,0,100,0,64,256,40,40,0,120,-184,0,0,100,0,224,272,64,88,0,84,-144,0,0,100,0,176,296,48,64,0,64,-144,0,0,100,0,120,296,56,64,0,81,-151,0,0,100,0,336,408,48,48,0,56,-144,0,0,100,0,64,296,56,64,0,73,-154,0,0,100,0,64,256,40,40,0,32,-138,0,0,100,0,64,256,40,40,0,16,-200,0,0,100,0,0,256,64,104,0,56,-155,0,0,15,0,104,256,40,40,0,56,-155,0,0,100,0,64,256,40,40,0,38,-146,0,0,15,0,104,256,40,40,0,38,-146,0,0,100,0,64,256,40,40,0,40,-157,0,0,30,0,104,256,40,40,0,40,-157,0,0,100,0,64,256,40,40,0,0,-256,0,0,100,0,0,0,192,256,0,0,-256,0,0,100,0,0,720,192,256,0,
0,19,0,-256,0,1,50,0,0,1028,192,256,0,112,-129,0,0,100,0,64,256,40,40,0,78,-112,0,0,100,0,64,256,40,40,0,120,-184,0,0,100,0,224,272,64,88,0,84,-144,0,0,100,0,176,296,48,64,0,64,-144,0,0,100,0,120,296,56,64,0,81,-151,0,0,100,0,336,408,48,48,0,56,-144,0,0,100,0,64,296,56,64,0,73,-154,0,0,100,0,64,256,40,40,0,32,-138,0,0,100,0,64,256,40,40,0,16,-200,0,0,100,0,0,256,64,104,0,56,-155,0,0,15,0,104,256,40,40,0,56,-155,0,0,100,0,64,256,40,40,0,38,-146,0,0,15,0,104,256,40,40,0,38,-146,0,0,100,0,64,256,40,40,0,40,-157,0,0,30,0,104,256,40,40,0,40,-157,0,0,100,0,64,256,40,40,0,0,-256,0,0,100,0,0,0,192,256,0,0,-256,0,0,100,0,0,720,192,256,0,
0,19,0,-256,0,1,40,0,0,1036,192,248,0,112,-129,0,0,100,0,64,256,40,40,0,78,-112,0,0,100,0,64,256,40,40,0,120,-184,0,0,100,0,224,272,64,88,0,84,-144,0,0,100,0,176,296,48,64,0,64,-144,0,0,100,0,120,296,56,64,0,81,-151,0,0,100,0,336,408,48,48,0,56,-144,0,0,100,0,64,296,56,64,0,73,-154,0,0,100,0,64,256,40,40,0,32,-138,0,0,100,0,64,256,40,40,0,16,-200,0,0,100,0,0,256,64,104,0,56,-155,0,0,15,0,104,256,40,40,0,56,-155,0,0,100,0,64,256,40,40,0,38,-146,0,0,15,0,104,256,40,40,0,38,-146,0,0,100,0,64,256,40,40,0,40,-157,0,0,30,0,104,256,40,40,0,40,-157,0,0,100,0,64,256,40,40,0,0,-256,0,0,100,0,0,0,192,256,0,0,-256,0,0,100,0,0,720,192,256,0,
0,19,0,-256,0,1,30,0,0,1044,192,240,0,112,-129,0,0,100,0,64,256,40,40,0,78,-112,0,0,100,0,64,256,40,40,0,120,-184,0,0,100,0,224,272,64,88,0,84,-144,0,0,100,0,176,296,48,64,0,64,-144,0,0,100,0,120,296,56,64,0,81,-151,0,0,100,0,336,408,48,48,0,56,-144,0,0,100,0,64,296,56,64,0,73,-154,0,0,100,0,64,256,40,40,0,32,-138,0,0,100,0,64,256,40,40,0,16,-200,0,0,100,0,0,256,64,104,0,56,-155,0,0,15,0,104,256,40,40,0,56,-155,0,0,100,0,64,256,40,40,0,38,-146,0,0,15,0,104,256,40,40,0,38,-146,0,0,100,0,64,256,40,40,0,40,-157,0,0,30,0,104,256,40,40,0,40,-157,0,0,100,0,64,256,40,40,0,0,-256,0,0,100,0,0,0,192,256,0,0,-256,0,0,100,0,0,720,192,256,0,
0,19,0,-256,0,1,20,0,0,1052,192,232,0,112,-129,0,0,100,0,64,256,40,40,0,78,-112,0,0,100,0,64,256,40,40,0,120,-184,0,0,100,0,224,272,64,88,0,84,-144,0,0,100,0,176,296,48,64,0,64,-144,0,0,100,0,120,296,56,64,0,81,-151,0,0,100,0,336,408,48,48,0,56,-144,0,0,100,0,64,296,56,64,0,73,-154,0,0,100,0,64,256,40,40,0,32,-138,0,0,100,0,64,256,40,40,0,16,-200,0,0,100,0,0,256,64,104,0,56,-155,0,0,15,0,104,256,40,40,0,56,-155,0,0,100,0,64,256,40,40,0,38,-146,0,0,15,0,104,256,40,40,0,38,-146,0,0,100,0,64,256,40,40,0,40,-157,0,0,30,0,104,256,40,40,0,40,-157,0,0,100,0,64,256,40,40,0,0,-256,0,0,100,0,0,0,192,256,0,0,-256,0,0,100,0,0,720,192,256,0,
0,19,0,-256,0,1,0,0,0,1060,192,224,0,112,-129,0,0,100,0,64,256,40,40,0,78,-112,0,0,100,0,64,256,40,40,0,120,-184,0,0,100,0,224,272,64,88,0,84,-144,0,0,100,0,176,296,48,64,0,64,-144,0,0,100,0,120,296,56,64,0,81,-151,0,0,100,0,336,408,48,48,0,56,-144,0,0,100,0,64,296,56,64,0,73,-154,0,0,100,0,64,256,40,40,0,32,-138,0,0,100,0,64,256,40,40,0,16,-200,0,0,100,0,0,256,64,104,0,56,-155,0,0,15,0,104,256,40,40,0,56,-155,0,0,100,0,64,256,40,40,0,38,-146,0,0,15,0,104,256,40,40,0,38,-146,0,0,100,0,64,256,40,40,0,40,-157,0,0,30,0,104,256,40,40,0,40,-157,0,0,100,0,64,256,40,40,0,0,-256,0,0,100,0,0,0,192,256,0,0,-256,0,0,100,0,0,720,192,256,0,
0,0,
0,0,
0,0,
0,0,
0,0,
0,0,
0,0,
0,0,
0,0,
0,0,
0,20,8,-240,0,0,0,0,200,976,184,216,0,0,-256,0,1,0,0,0,1060,192,224,0,112,-129,0,0,100,0,64,256,40,40,0,78,-112,0,0,100,0,64,256,40,40,0,120,-184,0,0,100,0,224,272,64,88,0,84,-144,0,0,100,0,176,296,48,64,0,64,-144,0,0,100,0,120,296,56,64,0,81,-151,0,0,100,0,336,408,48,48,0,56,-144,0,0,100,0,64,296,56,64,0,73,-154,0,0,100,0,64,256,40,40,0,32,-138,0,0,100,0,64,256,40,40,0,16,-200,0,0,100,0,0,256,64,104,0,56,-155,0,0,15,0,104,256,40,40,0,56,-155,0,0,100,0,64,256,40,40,0,38,-146,0,0,15,0,104,256,40,40,0,38,-146,0,0,100,0,64,256,40,40,0,40,-157,0,0,30,0,104,256,40,40,0,40,-157,0,0,100,0,64,256,40,40,0,0,-256,0,0,100,0,0,0,192,256,0,0,-256,0,0,100,0,0,720,192,256,0,
0,20,8,-240,0,0,10,0,200,976,184,216,0,0,-256,0,1,0,0,0,1060,192,224,0,112,-129,0,0,100,0,64,256,40,40,0,78,-112,0,0,100,0,64,256,40,40,0,120,-184,0,0,100,0,224,272,64,88,0,84,-144,0,0,100,0,176,296,48,64,0,64,-144,0,0,100,0,120,296,56,64,0,81,-151,0,0,100,0,336,408,48,48,0,56,-144,0,0,100,0,64,296,56,64,0,73,-154,0,0,100,0,64,256,40,40,0,32,-138,0,0,100,0,64,256,40,40,0,16,-200,0,0,100,0,0,256,64,104,0,56,-155,0,0,15,0,104,256,40,40,0,56,-155,0,0,100,0,64,256,40,40,0,38,-146,0,0,15,0,104,256,40,40,0,38,-146,0,0,100,0,64,256,40,40,0,40,-157,0,0,30,0,104,256,40,40,0,40,-157,0,0,100,0,64,256,40,40,0,0,-256,0,0,100,0,0,0,192,256,0,0,-256,0,0,100,0,0,720,192,256,0,
0,20,8,-240,0,0,20,0,200,976,184,216,0,0,-256,0,1,0,0,0,1060,192,224,0,112,-129,0,0,100,0,64,256,40,40,0,78,-112,0,0,100,0,64,256,40,40,0,120,-184,0,0,100,0,224,272,64,88,0,84,-144,0,0,100,0,176,296,48,64,0,64,-144,0,0,100,0,120,296,56,64,0,81,-151,0,0,100,0,336,408,48,48,0,56,-144,0,0,100,0,64,296,56,64,0,73,-154,0,0,100,0,64,256,40,40,0,32,-138,0,0,100,0,64,256,40,40,0,16,-200,0,0,100,0,0,256,64,104,0,56,-155,0,0,15,0,104,256,40,40,0,56,-155,0,0,100,0,64,256,40,40,0,38,-146,0,0,15,0,104,256,40,40,0,38,-146,0,0,100,0,64,256,40,40,0,40,-157,0,0,30,0,104,256,40,40,0,40,-157,0,0,100,0,64,256,40,40,0,0,-256,0,0,100,0,0,0,192,256,0,0,-256,0,0,100,0,0,720,192,256,0,
0,20,8,-240,0,0,30,0,200,976,184,216,0,0,-256,0,1,0,0,0,1060,192,224,0,112,-129,0,0,100,0,64,256,40,40,0,78,-112,0,0,100,0,64,256,40,40,0,120,-184,0,0,100,0,224,272,64,88,0,84,-144,0,0,100,0,176,296,48,64,0,64,-144,0,0,100,0,120,296,56,64,0,81,-151,0,0,100,0,336,408,48,48,0,56,-144,0,0,100,0,64,296,56,64,0,73,-154,0,0,100,0,64,256,40,40,0,32,-138,0,0,100,0,64,256,40,40,0,16,-200,0,0,100,0,0,256,64,104,0,56,-155,0,0,15,0,104,256,40,40,0,56,-155,0,0,100,0,64,256,40,40,0,38,-146,0,0,15,0,104,256,40,40,0,38,-146,0,0,100,0,64,256,40,40,0,40,-157,0,0,30,0,104,256,40,40,0,40,-157,0,0,100,0,64,256,40,40,0,0,-256,0,0,100,0,0,0,192,256,0,0,-256,0,0,100,0,0,720,192,256,0,
0,20,8,-240,0,0,40,0,200,976,184,216,0,0,-256,0,1,0,0,0,1060,192,224,0,112,-129,0,0,100,0,64,256,40,40,0,78,-112,0,0,100,0,64,256,40,40,0,120,-184,0,0,100,0,224,272,64,88,0,84,-144,0,0,100,0,176,296,48,64,0,64,-144,0,0,100,0,120,296,56,64,0,81,-151,0,0,100,0,336,408,48,48,0,56,-144,0,0,100,0,64,296,56,64,0,73,-154,0,0,100,0,64,256,40,40,0,32,-138,0,0,100,0,64,256,40,40,0,16,-200,0,0,100,0,0,256,64,104,0,56,-155,0,0,15,0,104,256,40,40,0,56,-155,0,0,100,0,64,256,40,40,0,38,-146,0,0,15,0,104,256,40,40,0,38,-146,0,0,100,0,64,256,40,40,0,40,-157,0,0,30,0,104,256,40,40,0,40,-157,0,0,100,0,64,256,40,40,0,0,-256,0,0,100,0,0,0,192,256,0,0,-256,0,0,100,0,0,720,192,256,0,
0,20,8,-240,0,0,50,0,200,976,184,216,0,0,-256,0,1,0,0,0,1060,192,224,0,112,-129,0,0,100,0,64,256,40,40,0,78,-112,0,0,100,0,64,256,40,40,0,120,-184,0,0,100,0,224,272,64,88,0,84,-144,0,0,100,0,176,296,48,64,0,64,-144,0,0,100,0,120,296,56,64,0,81,-151,0,0,100,0,336,408,48,48,0,56,-144,0,0,100,0,64,296,56,64,0,73,-154,0,0,100,0,64,256,40,40,0,32,-138,0,0,100,0,64,256,40,40,0,16,-200,0,0,100,0,0,256,64,104,0,56,-155,0,0,15,0,104,256,40,40,0,56,-155,0,0,100,0,64,256,40,40,0,38,-146,0,0,15,0,104,256,40,40,0,38,-146,0,0,100,0,64,256,40,40,0,40,-157,0,0,30,0,104,256,40,40,0,40,-157,0,0,100,0,64,256,40,40,0,0,-256,0,0,100,0,0,0,192,256,0,0,-256,0,0,100,0,0,720,192,256,0,
0,20,8,-240,0,0,60,0,200,976,184,216,0,0,-256,0,1,0,0,0,1060,192,224,0,112,-129,0,0,100,0,64,256,40,40,0,78,-112,0,0,100,0,64,256,40,40,0,120,-184,0,0,100,0,224,272,64,88,0,84,-144,0,0,100,0,176,296,48,64,0,64,-144,0,0,100,0,120,296,56,64,0,81,-151,0,0,100,0,336,408,48,48,0,56,-144,0,0,100,0,64,296,56,64,0,73,-154,0,0,100,0,64,256,40,40,0,32,-138,0,0,100,0,64,256,40,40,0,16,-200,0,0,100,0,0,256,64,104,0,56,-155,0,0,15,0,104,256,40,40,0,56,-155,0,0,100,0,64,256,40,40,0,38,-146,0,0,15,0,104,256,40,40,0,38,-146,0,0,100,0,64,256,40,40,0,40,-157,0,0,30,0,104,256,40,40,0,40,-157,0,0,100,0,64,256,40,40,0,0,-256,0,0,100,0,0,0,192,256,0,0,-256,0,0,100,0,0,720,192,256,0,
0,20,8,-240,0,0,70,0,200,976,184,216,0,0,-256,0,1,0,0,0,1060,192,224,0,112,-129,0,0,100,0,64,256,40,40,0,78,-112,0,0,100,0,64,256,40,40,0,120,-184,0,0,100,0,224,272,64,88,0,84,-144,0,0,100,0,176,296,48,64,0,64,-144,0,0,100,0,120,296,56,64,0,81,-151,0,0,100,0,336,408,48,48,0,56,-144,0,0,100,0,64,296,56,64,0,73,-154,0,0,100,0,64,256,40,40,0,32,-138,0,0,100,0,64,256,40,40,0,16,-200,0,0,100,0,0,256,64,104,0,56,-155,0,0,15,0,104,256,40,40,0,56,-155,0,0,100,0,64,256,40,40,0,38,-146,0,0,15,0,104,256,40,40,0,38,-146,0,0,100,0,64,256,40,40,0,40,-157,0,0,30,0,104,256,40,40,0,40,-157,0,0,100,0,64,256,40,40,0,0,-256,0,0,100,0,0,0,192,256,0,0,-256,0,0,100,0,0,720,192,256,0,
0,20,8,-240,0,0,80,0,200,976,184,216,0,0,-256,0,1,0,0,0,1060,192,224,0,112,-129,0,0,100,0,64,256,40,40,0,78,-112,0,0,100,0,64,256,40,40,0,120,-184,0,0,100,0,224,272,64,88,0,84,-144,0,0,100,0,176,296,48,64,0,64,-144,0,0,100,0,120,296,56,64,0,81,-151,0,0,100,0,336,408,48,48,0,56,-144,0,0,100,0,64,296,56,64,0,73,-154,0,0,100,0,64,256,40,40,0,32,-138,0,0,100,0,64,256,40,40,0,16,-200,0,0,100,0,0,256,64,104,0,56,-155,0,0,15,0,104,256,40,40,0,56,-155,0,0,100,0,64,256,40,40,0,38,-146,0,0,15,0,104,256,40,40,0,38,-146,0,0,100,0,64,256,40,40,0,40,-157,0,0,30,0,104,256,40,40,0,40,-157,0,0,100,0,64,256,40,40,0,0,-256,0,0,100,0,0,0,192,256,0,0,-256,0,0,100,0,0,720,192,256,0,
0,20,8,-240,0,0,90,0,200,976,184,216,0,0,-256,0,1,0,0,0,1060,192,224,0,112,-129,0,0,100,0,64,256,40,40,0,78,-112,0,0,100,0,64,256,40,40,0,120,-184,0,0,100,0,224,272,64,88,0,84,-144,0,0,100,0,176,296,48,64,0,64,-144,0,0,100,0,120,296,56,64,0,81,-151,0,0,100,0,336,408,48,48,0,56,-144,0,0,100,0,64,296,56,64,0,73,-154,0,0,100,0,64,256,40,40,0,32,-138,0,0,100,0,64,256,40,40,0,16,-200,0,0,100,0,0,256,64,104,0,56,-155,0,0,15,0,104,256,40,40,0,56,-155,0,0,100,0,64,256,40,40,0,38,-146,0,0,15,0,104,256,40,40,0,38,-146,0,0,100,0,64,256,40,40,0,40,-157,0,0,30,0,104,256,40,40,0,40,-157,0,0,100,0,64,256,40,40,0,0,-256,0,0,100,0,0,0,192,256,0,0,-256,0,0,100,0,0,720,192,256,0,
0,20,8,-240,0,0,100,0,200,976,184,216,0,0,-256,0,1,0,0,0,1060,192,224,0,112,-129,0,0,100,0,64,256,40,40,0,78,-112,0,0,100,0,64,256,40,40,0,120,-184,0,0,100,0,224,272,64,88,0,84,-144,0,0,100,0,176,296,48,64,0,64,-144,0,0,100,0,120,296,56,64,0,81,-151,0,0,100,0,336,408,48,48,0,56,-144,0,0,100,0,64,296,56,64,0,73,-154,0,0,100,0,64,256,40,40,0,32,-138,0,0,100,0,64,256,40,40,0,16,-200,0,0,100,0,0,256,64,104,0,56,-155,0,0,15,0,104,256,40,40,0,56,-155,0,0,100,0,64,256,40,40,0,38,-146,0,0,15,0,104,256,40,40,0,38,-146,0,0,100,0,64,256,40,40,0,40,-157,0,0,30,0,104,256,40,40,0,40,-157,0,0,100,0,64,256,40,40,0,0,-256,0,0,100,0,0,0,192,256,0,0,-256,0,0,100,0,0,720,192,256,0,
0,21,8,-240,0,0,90,0,200,976,184,216,0,112,-129,0,0,100,0,64,256,40,40,0,78,-112,0,0,100,0,64,256,40,40,0,120,-184,0,0,100,0,224,272,64,88,0,84,-144,0,0,100,0,176,296,48,64,0,147,-201,0,0,100,0,192,552,40,48,0,147,-201,0,0,100,0,192,504,40,48,0,68,-144,0,0,100,0,0,360,48,48,0,64,-144,0,0,100,0,120,296,56,64,0,56,-144,0,0,100,0,64,296,56,64,0,73,-154,0,0,100,0,64,256,40,40,0,32,-138,0,0,100,0,64,256,40,40,0,16,-200,0,0,100,0,0,256,64,104,0,56,-155,0,0,15,0,104,256,40,40,0,56,-155,0,0,100,0,64,256,40,40,0,38,-146,0,0,15,0,104,256,40,40,0,38,-146,0,0,100,0,64,256,40,40,0,40,-157,0,0,30,0,104,256,40,40,0,40,-157,0,0,100,0,64,256,40,40,0,0,-256,0,0,100,0,0,0,192,256,0,0,-256,0,0,100,0,0,720,192,256,0,
0,21,143,-197,0,0,80,0,240,552,48,48,0,143,-197,0,0,100,0,240,504,48,48,0,8,-240,0,0,80,0,200,976,184,216,0,112,-129,0,0,100,0,64,256,40,40,0,78,-112,0,0,100,0,64,256,40,40,0,120,-184,0,0,100,0,224,272,64,88,0,84,-144,0,0,100,0,176,296,48,64,0,68,-144,0,0,100,0,0,360,48,48,0,64,-144,0,0,100,0,120,296,56,64,0,56,-144,0,0,100,0,64,296,56,64,0,73,-154,0,0,100,0,64,256,40,40,0,32,-138,0,0,100,0,64,256,40,40,0,16,-200,0,0,100,0,0,256,64,104,0,56,-155,0,0,15,0,104,256,40,40,0,56,-155,0,0,100,0,64,256,40,40,0,38,-146,0,0,15,0,104,256,40,40,0,38,-146,0,0,100,0,64,256,40,40,0,40,-157,0,0,30,0,104,256,40,40,0,40,-157,0,0,100,0,64,256,40,40,0,0,-256,0,0,100,0,0,0,192,256,0,0,-256,0,0,100,0,0,720,192,256,0,
0,21,139,-193,0,0,70,0,96,552,48,48,0,139,-193,0,0,100,0,96,504,48,48,0,8,-240,0,0,70,0,200,976,184,216,0,112,-129,0,0,100,0,64,256,40,40,0,78,-112,0,0,100,0,64,256,40,40,0,120,-184,0,0,100,0,224,272,64,88,0,84,-144,0,0,100,0,176,296,48,64,0,68,-144,0,0,100,0,0,360,48,48,0,64,-144,0,0,100,0,120,296,56,64,0,56,-144,0,0,100,0,64,296,56,64,0,73,-154,0,0,100,0,64,256,40,40,0,32,-138,0,0,100,0,64,256,40,40,0,16,-200,0,0,100,0,0,256,64,104,0,56,-155,0,0,15,0,104,256,40,40,0,56,-155,0,0,100,0,64,256,40,40,0,38,-146,0,0,15,0,104,256,40,40,0,38,-146,0,0,100,0,64,256,40,40,0,40,-157,0,0,30,0,104,256,40,40,0,40,-157,0,0,100,0,64,256,40,40,0,0,-256,0,0,100,0,0,0,192,256,0,0,-256,0,0,100,0,0,720,192,256,0,
0,21,135,-189,0,0,50,0,240,552,48,48,0,135,-189,0,0,100,0,240,504,48,48,0,8,-240,0,0,60,0,200,976,184,216,0,112,-129,0,0,100,0,64,256,40,40,0,78,-112,0,0,100,0,64,256,40,40,0,120,-184,0,0,100,0,224,272,64,88,0,84,-144,0,0,100,0,176,296,48,64,0,68,-144,0,0,100,0,0,360,48,48,0,64,-144,0,0,100,0,120,296,56,64,0,56,-144,0,0,100,0,64,296,56,64,0,73,-154,0,0,100,0,64,256,40,40,0,32,-138,0,0,100,0,64,256,40,40,0,16,-200,0,0,100,0,0,256,64,104,0,56,-155,0,0,15,0,104,256,40,40,0,56,-155,0,0,100,0,64,256,40,40,0,38,-146,0,0,15,0,104,256,40,40,0,38,-146,0,0,100,0,64,256,40,40,0,40,-157,0,0,30,0,104,256,40,40,0,40,-157,0,0,100,0,64,256,40,40,0,0,-256,0,0,100,0,0,0,192,256,0,0,-256,0,0,100,0,0,720,192,256,0,
0,21,131,-185,0,0,50,0,192,552,48,48,0,131,-185,0,0,100,0,192,504,48,48,0,8,-240,0,0,50,0,200,976,184,216,0,112,-129,0,0,100,0,64,256,40,40,0,78,-112,0,0,100,0,64,256,40,40,0,120,-184,0,0,100,0,224,272,64,88,0,84,-144,0,0,100,0,176,296,48,64,0,68,-144,0,0,100,0,0,360,48,48,0,64,-144,0,0,100,0,120,296,56,64,0,56,-144,0,0,100,0,64,296,56,64,0,73,-154,0,0,100,0,64,256,40,40,0,32,-138,0,0,100,0,64,256,40,40,0,16,-200,0,0,100,0,0,256,64,104,0,56,-155,0,0,15,0,104,256,40,40,0,56,-155,0,0,100,0,64,256,40,40,0,38,-146,0,0,15,0,104,256,40,40,0,38,-146,0,0,100,0,64,256,40,40,0,40,-157,0,0,30,0,104,256,40,40,0,40,-157,0,0,100,0,64,256,40,40,0,0,-256,0,0,100,0,0,0,192,256,0,0,-256,0,0,100,0,0,720,192,256,0,
0,21,127,-181,0,0,40,0,144,552,48,48,0,127,-181,0,0,100,0,144,504,48,48,0,8,-240,0,0,40,0,200,976,184,216,0,112,-129,0,0,100,0,64,256,40,40,0,78,-112,0,0,100,0,64,256,40,40,0,120,-184,0,0,100,0,224,272,64,88,0,84,-144,0,0,100,0,176,296,48,64,0,68,-144,0,0,100,0,0,360,48,48,0,64,-144,0,0,100,0,120,296,56,64,0,56,-144,0,0,100,0,64,296,56,64,0,73,-154,0,0,100,0,64,256,40,40,0,32,-138,0,0,100,0,64,256,40,40,0,16,-200,0,0,100,0,0,256,64,104,0,56,-155,0,0,15,0,104,256,40,40,0,56,-155,0,0,100,0,64,256,40,40,0,38,-146,0,0,15,0,104,256,40,40,0,38,-146,0,0,100,0,64,256,40,40,0,40,-157,0,0,30,0,104,256,40,40,0,40,-157,0,0,100,0,64,256,40,40,0,0,-256,0,0,100,0,0,0,192,256,0,0,-256,0,0,100,0,0,720,192,256,0,
0,21,124,-178,0,0,30,0,96,552,48,48,0,124,-178,0,0,100,0,96,504,48,48,0,8,-240,0,0,30,0,200,976,184,216,0,112,-129,0,0,100,0,64,256,40,40,0,78,-112,0,0,100,0,64,256,40,40,0,120,-184,0,0,100,0,224,272,64,88,0,84,-144,0,0,100,0,176,296,48,64,0,68,-144,0,0,100,0,0,360,48,48,0,64,-144,0,0,100,0,120,296,56,64,0,56,-144,0,0,100,0,64,296,56,64,0,73,-154,0,0,100,0,64,256,40,40,0,32,-138,0,0,100,0,64,256,40,40,0,16,-200,0,0,100,0,0,256,64,104,0,56,-155,0,0,15,0,104,256,40,40,0,56,-155,0,0,100,0,64,256,40,40,0,38,-146,0,0,15,0,104,256,40,40,0,38,-146,0,0,100,0,64,256,40,40,0,40,-157,0,0,30,0,104,256,40,40,0,40,-157,0,0,100,0,64,256,40,40,0,0,-256,0,0,100,0,0,0,192,256,0,0,-256,0,0,100,0,0,720,192,256,0,
0,21,119,-175,0,0,10,0,240,552,48,48,0,119,-175,0,0,100,0,240,504,48,48,0,8,-240,0,0,20,0,200,976,184,216,0,112,-129,0,0,100,0,64,256,40,40,0,78,-112,0,0,100,0,64,256,40,40,0,120,-184,0,0,100,0,224,272,64,88,0,84,-144,0,0,100,0,176,296,48,64,0,68,-144,0,0,100,0,0,360,48,48,0,64,-144,0,0,100,0,120,296,56,64,0,56,-144,0,0,100,0,64,296,56,64,0,73,-154,0,0,100,0,64,256,40,40,0,32,-138,0,0,100,0,64,256,40,40,0,16,-200,0,0,100,0,0,256,64,104,0,56,-155,0,0,15,0,104,256,40,40,0,56,-155,0,0,100,0,64,256,40,40,0,38,-146,0,0,15,0,104,256,40,40,0,38,-146,0,0,100,0,64,256,40,40,0,40,-157,0,0,30,0,104,256,40,40,0,40,-157,0,0,100,0,64,256,40,40,0,0,-256,0,0,100,0,0,0,192,256,0,0,-256,0,0,100,0,0,720,192,256,0,
0,20,8,-240,0,0,10,0,200,976,184,216,0,112,-129,0,0,100,0,64,256,40,40,0,78,-112,0,0,100,0,64,256,40,40,0,120,-184,0,0,100,0,224,272,64,88,0,84,-144,0,0,100,0,176,296,48,64,0,68,-144,0,0,100,0,0,360,48,48,0,64,-144,0,0,100,0,120,296,56,64,0,117,-171,0,0,100,0,192,504,48,48,0,56,-144,0,0,100,0,64,296,56,64,0,73,-154,0,0,100,0,64,256,40,40,0,32,-138,0,0,100,0,64,256,40,40,0,16,-200,0,0,100,0,0,256,64,104,0,56,-155,0,0,15,0,104,256,40,40,0,56,-155,0,0,100,0,64,256,40,40,0,38,-146,0,0,15,0,104,256,40,40,0,38,-146,0,0,100,0,64,256,40,40,0,40,-157,0,0,30,0,104,256,40,40,0,40,-157,0,0,100,0,64,256,40,40,0,0,-256,0,0,100,0,0,0,192,256,0,0,-256,0,0,100,0,0,720,192,256,0,
0,19,112,-129,0,0,100,0,64,256,40,40,0,78,-112,0,0,100,0,64,256,40,40,0,120,-184,0,0,100,0,224,272,64,88,0,84,-144,0,0,100,0,176,296,48,64,0,68,-144,0,0,100,0,0,360,48,48,0,64,-144,0,0,100,0,120,296,56,64,0,113,-167,0,0,100,0,144,504,48,48,0,56,-144,0,0,100,0,64,296,56,64,0,73,-154,0,0,100,0,64,256,40,40,0,32,-138,0,0,100,0,64,256,40,40,0,16,-200,0,0,100,0,0,256,64,104,0,56,-155,0,0,15,0,104,256,40,40,0,56,-155,0,0,100,0,64,256,40,40,0,38,-146,0,0,15,0,104,256,40,40,0,38,-146,0,0,100,0,64,256,40,40,0,40,-157,0,0,30,0,104,256,40,40,0,40,-157,0,0,100,0,64,256,40,40,0,0,-256,0,0,100,0,0,0,192,256,0,0,-256,0,0,100,0,0,720,192,256,0,
0,19,112,-129,0,0,100,0,64,256,40,40,0,78,-112,0,0,100,0,64,256,40,40,0,120,-184,0,0,100,0,224,272,64,88,0,84,-144,0,0,100,0,176,296,48,64,0,68,-144,0,0,100,0,0,360,48,48,0,64,-144,0,0,100,0,120,296,56,64,0,109,-163,0,0,100,0,96,504,48,48,0,56,-144,0,0,100,0,64,296,56,64,0,73,-154,0,0,100,0,64,256,40,40,0,32,-138,0,0,100,0,64,256,40,40,0,16,-200,0,0,100,0,0,256,64,104,0,56,-155,0,0,15,0,104,256,40,40,0,56,-155,0,0,100,0,64,256,40,40,0,38,-146,0,0,15,0,104,256,40,40,0,38,-146,0,0,100,0,64,256,40,40,0,40,-157,0,0,30,0,104,256,40,40,0,40,-157,0,0,100,0,64,256,40,40,0,0,-256,0,0,100,0,0,0,192,256,0,0,-256,0,0,100,0,0,720,192,256,0,
0,19,112,-129,0,0,100,0,64,256,40,40,0,78,-112,0,0,100,0,64,256,40,40,0,120,-184,0,0,100,0,224,272,64,88,0,84,-144,0,0,100,0,176,296,48,64,0,68,-144,0,0,100,0,0,360,48,48,0,64,-144,0,0,100,0,120,296,56,64,0,101,-159,0,0,100,0,240,504,48,48,0,56,-144,0,0,100,0,64,296,56,64,0,73,-154,0,0,100,0,64,256,40,40,0,32,-138,0,0,100,0,64,256,40,40,0,16,-200,0,0,100,0,0,256,64,104,0,56,-155,0,0,15,0,104,256,40,40,0,56,-155,0,0,100,0,64,256,40,40,0,38,-146,0,0,15,0,104,256,40,40,0,38,-146,0,0,100,0,64,256,40,40,0,40,-157,0,0,30,0,104,256,40,40,0,40,-157,0,0,100,0,64,256,40,40,0,0,-256,0,0,100,0,0,0,192,256,0,0,-256,0,0,100,0,0,720,192,256,0,
0,19,112,-129,0,0,100,0,64,256,40,40,0,78,-112,0,0,100,0,64,256,40,40,0,120,-184,0,0,100,0,224,272,64,88,0,84,-144,0,0,100,0,176,296,48,64,0,68,-144,0,0,100,0,0,360,48,48,0,64,-144,0,0,100,0,120,296,56,64,0,93,-155,0,0,100,0,192,504,48,48,0,56,-144,0,0,100,0,64,296,56,64,0,73,-154,0,0,100,0,64,256,40,40,0,32,-138,0,0,100,0,64,256,40,40,0,16,-200,0,0,100,0,0,256,64,104,0,56,-155,0,0,15,0,104,256,40,40,0,56,-155,0,0,100,0,64,256,40,40,0,38,-146,0,0,15,0,104,256,40,40,0,38,-146,0,0,100,0,64,256,40,40,0,40,-157,0,0,30,0,104,256,40,40,0,40,-157,0,0,100,0,64,256,40,40,0,0,-256,0,0,100,0,0,0,192,256,0,0,-256,0,0,100,0,0,720,192,256,0,
0,19,112,-129,0,0,100,0,64,256,40,40,0,78,-112,0,0,100,0,64,256,40,40,0,120,-184,0,0,100,0,224,272,64,88,0,84,-144,0,0,100,0,176,296,48,64,0,68,-144,0,0,100,0,0,360,48,48,0,64,-144,0,0,100,0,120,296,56,64,0,85,-151,0,0,100,0,144,504,48,48,0,56,-144,0,0,100,0,64,296,56,64,0,73,-154,0,0,100,0,64,256,40,40,0,32,-138,0,0,100,0,64,256,40,40,0,16,-200,0,0,100,0,0,256,64,104,0,56,-155,0,0,15,0,104,256,40,40,0,56,-155,0,0,100,0,64,256,40,40,0,38,-146,0,0,15,0,104,256,40,40,0,38,-146,0,0,100,0,64,256,40,40,0,40,-157,0,0,30,0,104,256,40,40,0,40,-157,0,0,100,0,64,256,40,40,0,0,-256,0,0,100,0,0,0,192,256,0,0,-256,0,0,100,0,0,720,192,256,0,
0,19,112,-129,0,0,100,0,64,256,40,40,0,78,-112,0,0,100,0,64,256,40,40,0,120,-184,0,0,100,0,224,272,64,88,0,84,-144,0,0,100,0,176,296,48,64,0,68,-144,0,0,100,0,0,360,48,48,0,64,-144,0,0,100,0,120,296,56,64,0,81,-151,0,0,100,0,0,408,48,48,0,56,-144,0,0,100,0,64,296,56,64,0,73,-154,0,0,100,0,64,256,40,40,0,32,-138,0,0,100,0,64,256,40,40,0,16,-200,0,0,100,0,0,256,64,104,0,56,-155,0,0,15,0,104,256,40,40,0,56,-155,0,0,100,0,64,256,40,40,0,38,-146,0,0,15,0,104,256,40,40,0,38,-146,0,0,100,0,64,256,40,40,0,40,-157,0,0,30,0,104,256,40,40,0,40,-157,0,0,100,0,64,256,40,40,0,0,-256,0,0,100,0,0,0,192,256,0,0,-256,0,0,100,0,0,720,192,256,0,
0,0,
