0,30,0,-256,0,0,100,0,0,768,192,256,0,44,-148,0,0,100,0,0,48,64,64,0,65,-114,0,0,50,0,704,0,32,32,0,109,-136,0,0,100,0,656,160,32,32,0,92,-152,0,0,100,0,0,0,48,48,0,99,-128,0,0,50,0,704,0,32,32,0,75,-106,1,0,100,0,800,0,32,32,0,87,-110,0,0,100,0,832,0,32,32,0,99,-112,0,0,100,0,768,0,32,32,0,112,-120,0,0,100,0,800,0,32,32,0,53,-122,0,0,100,0,768,0,32,32,0,39,-121,0,0,100,0,832,0,32,32,0,56,-128,0,0,100,0,832,0,32,32,0,66,-134,0,0,100,0,800,0,32,32,0,70,-139,0,0,100,0,832,0,32,32,0,35,-129,0,0,100,0,768,32,32,32,0,47,-129,0,0,100,0,832,32,32,32,0,54,-134,0,0,100,0,736,32,32,32,0,63,-140,0,0,100,0,832,32,32,32,0,72,-143,0,0,100,0,768,32,32,32,0,109,-129,1,0,100,0,768,0,32,32,0,124,-125,0,0,100,0,832,0,32,32,0,87,-144,0,0,100,0,800,0,32,32,0,78,-150,0,0,100,0,800,32,32,32,0,16,-115,0,0,50,0,864,688,160,64,0,16,-115,0,0,100,0,864,624,160,64,0,16,-147,0,1,40,0,864,752,160,80,0,32,-147,0,0,100,0,1792,160,128,80,0,16,-227,0,0,100,0,864,832,160,192,0,0,-256,0,0,100,0,192,768,192,256,0,
0,30,0,-256,0,0,100,0,0,768,192,256,0,44,-148,0,0,100,0,0,48,64,64,0,65,-114,0,0,50,0,704,0,32,32,0,109,-136,0,0,100,0,688,160,32,32,0,92,-152,0,0,100,0,592,144,48,48,0,99,-128,0,0,50,0,704,0,32,32,0,75,-106,1,0,100,0,800,0,32,32,0,87,-110,0,0,100,0,832,0,32,32,0,99,-112,0,0,100,0,768,0,32,32,0,112,-120,0,0,100,0,800,0,32,32,0,53,-122,0,0,100,0,768,0,32,32,0,39,-121,0,0,100,0,832,0,32,32,0,56,-128,0,0,100,0,832,0,32,32,0,66,-134,0,0,100,0,800,0,32,32,0,70,-139,0,0,100,0,832,0,32,32,0,35,-129,0,0,100,0,768,32,32,32,0,47,-129,0,0,100,0,832,32,32,32,0,54,-134,0,0,100,0,736,32,32,32,0,63,-140,0,0,100,0,832,32,32,32,0,72,-143,0,0,100,0,768,32,32,32,0,109,-129,1,0,100,0,768,0,32,32,0,124,-125,0,0,100,0,832,0,32,32,0,87,-144,0,0,100,0,800,0,32,32,0,78,-150,0,0,100,0,800,32,32,32,0,16,-115,0,0,50,0,864,688,160,64,0,16,-115,0,0,100,0,864,624,160,64,0,16,-147,0,1,40,0,864,752,160,80,0,32,-147,0,0,100,0,1792,160,128,80,0,16,-227,0,0,100,0,864,832,160,192,0,0,-256,0,0,100,0,192,768,192,256,0,
0,30,0,-256,0,0,100,0,0,768,192,256,0,44,-148,0,0,100,0,576,208,64,64,0,65,-114,0,0,50,0,704,0,32,32,0,110,-142,0,0,100,0,656,160,32,32,0,89,-155,0,0,100,0,0,0,48,48,0,96,-131,0,0,50,0,704,0,32,32,0,75,-106,1,0,100,0,800,0,32,32,0,87,-110,0,0,100,0,832,0,32,32,0,99,-112,0,0,100,0,768,0,32,32,0,112,-120,0,0,100,0,800,0,32,32,0,53,-122,0,0,100,0,768,0,32,32,0,39,-121,0,0,100,0,832,0,32,32,0,56,-128,0,0,100,0,832,0,32,32,0,66,-134,0,0,100,0,800,0,32,32,0,70,-139,0,0,100,0,832,0,32,32,0,35,-129,0,0,100,0,768,32,32,32,0,47,-129,0,0,100,0,832,32,32,32,0,54,-134,0,0,100,0,736,32,32,32,0,63,-140,0,0,100,0,832,32,32,32,0,72,-143,0,0,100,0,768,32,32,32,0,109,-129,1,0,100,0,768,0,32,32,0,124,-125,0,0,100,0,832,0,32,32,0,87,-144,0,0,100,0,800,0,32,32,0,78,-150,0,0,100,0,800,32,32,32,0,16,-115,0,0,50,0,864,688,160,64,0,16,-115,0,0,100,0,864,624,160,64,0,16,-147,0,1,40,0,864,752,160,80,0,32,-147,0,0,100,0,1792,160,128,80,0,16,-227,0,0,100,0,864,832,160,192,0,0,-256,0,0,100,0,192,768,192,256,0,
0,30,0,-256,0,0,100,0,0,768,192,256,0,44,-148,0,0,100,0,576,208,64,64,0,65,-114,0,0,50,0,704,0,32,32,0,110,-142,0,0,100,0,688,160,32,32,0,89,-155,0,0,100,0,592,144,48,48,0,96,-131,0,0,50,0,704,0,32,32,0,75,-106,1,0,100,0,800,0,32,32,0,87,-110,0,0,100,0,832,0,32,32,0,99,-112,0,0,100,0,768,0,32,32,0,112,-120,0,0,100,0,800,0,32,32,0,53,-122,0,0,100,0,768,0,32,32,0,39,-121,0,0,100,0,832,0,32,32,0,56,-128,0,0,100,0,832,0,32,32,0,66,-134,0,0,100,0,800,0,32,32,0,70,-139,0,0,100,0,832,0,32,32,0,35,-129,0,0,100,0,768,32,32,32,0,47,-129,0,0,100,0,832,32,32,32,0,54,-134,0,0,100,0,736,32,32,32,0,63,-140,0,0,100,0,832,32,32,32,0,72,-143,0,0,100,0,768,32,32,32,0,109,-129,1,0,100,0,768,0,32,32,0,124,-125,0,0,100,0,832,0,32,32,0,87,-144,0,0,100,0,800,0,32,32,0,78,-150,0,0,100,0,800,32,32,32,0,16,-115,0,0,50,0,864,688,160,64,0,16,-115,0,0,100,0,864,624,160,64,0,16,-147,0,1,40,0,864,752,160,80,0,32,-147,0,0,100,0,1792,160,128,80,0,16,-227,0,0,100,0,864,832,160,192,0,0,-256,0,0,100,0,192,768,192,256,0,
0,30,0,-256,0,0,100,0,0,768,192,256,0,44,-148,0,0,100,0,640,208,64,64,0,65,-114,0,0,50,0,704,0,32,32,0,110,-135,0,0,100,0,656,160,32,32,0,95,-151,0,0,100,0,0,0,48,48,0,102,-127,0,0,50,0,704,0,32,32,0,75,-106,1,0,100,0,800,0,32,32,0,87,-110,0,0,100,0,832,0,32,32,0,99,-112,0,0,100,0,768,0,32,32,0,112,-120,0,0,100,0,800,0,32,32,0,53,-122,0,0,100,0,768,0,32,32,0,39,-121,0,0,100,0,832,0,32,32,0,56,-128,0,0,100,0,832,0,32,32,0,66,-134,0,0,100,0,800,0,32,32,0,70,-139,0,0,100,0,832,0,32,32,0,35,-129,0,0,100,0,768,32,32,32,0,47,-129,0,0,100,0,832,32,32,32,0,54,-134,0,0,100,0,736,32,32,32,0,63,-140,0,0,100,0,832,32,32,32,0,72,-143,0,0,100,0,768,32,32,32,0,109,-129,1,0,100,0,768,0,32,32,0,124,-125,0,0,100,0,832,0,32,32,0,87,-144,0,0,100,0,800,0,32,32,0,78,-150,0,0,100,0,800,32,32,32,0,16,-115,0,0,50,0,864,688,160,64,0,16,-115,0,0,100,0,864,624,160,64,0,16,-147,0,1,40,0,864,752,160,80,0,32,-147,0,0,100,0,1792,160,128,80,0,16,-227,0,0,100,0,864,832,160,192,0,0,-256,0,0,100,0,192,768,192,256,0,
0,30,0,-256,0,0,100,0,0,768,192,256,0,44,-148,0,0,100,0,640,208,64,64,0,65,-114,0,0,50,0,704,0,32,32,0,110,-135,0,0,100,0,688,160,32,32,0,95,-151,0,0,100,0,592,144,48,48,0,102,-127,0,0,50,0,704,0,32,32,0,75,-106,1,0,100,0,800,0,32,32,0,87,-110,0,0,100,0,832,0,32,32,0,99,-112,0,0,100,0,768,0,32,32,0,112,-120,0,0,100,0,800,0,32,32,0,53,-122,0,0,100,0,768,0,32,32,0,39,-121,0,0,100,0,832,0,32,32,0,56,-128,0,0,100,0,832,0,32,32,0,66,-134,0,0,100,0,800,0,32,32,0,70,-139,0,0,100,0,832,0,32,32,0,35,-129,0,0,100,0,768,32,32,32,0,47,-129,0,0,100,0,832,32,32,32,0,54,-134,0,0,100,0,736,32,32,32,0,63,-140,0,0,100,0,832,32,32,32,0,72,-143,0,0,100,0,768,32,32,32,0,109,-129,1,0,100,0,768,0,32,32,0,124,-125,0,0,100,0,832,0,32,32,0,87,-144,0,0,100,0,800,0,32,32,0,78,-150,0,0,100,0,800,32,32,32,0,16,-115,0,0,50,0,864,688,160,64,0,16,-115,0,0,100,0,864,624,160,64,0,16,-147,0,1,40,0,864,752,160,80,0,32,-147,0,0,100,0,1792,160,128,80,0,16,-227,0,0,100,0,864,832,160,192,0,0,-256,0,0,100,0,192,768,192,256,0,
0,30,0,-256,0,0,100,0,0,768,192,256,0,42,-147,0,0,100,0,704,208,64,64,0,63,-113,0,0,50,0,704,0,32,32,0,109,-136,0,0,100,0,656,160,32,32,0,92,-152,0,0,100,0,0,0,48,48,0,99,-128,0,0,50,0,704,0,32,32,0,75,-106,1,0,100,0,800,0,32,32,0,87,-110,0,0,100,0,832,0,32,32,0,99,-112,0,0,100,0,768,0,32,32,0,112,-120,0,0,100,0,800,0,32,32,0,53,-122,0,0,100,0,768,0,32,32,0,39,-121,0,0,100,0,832,0,32,32,0,56,-128,0,0,100,0,832,0,32,32,0,66,-134,0,0,100,0,800,0,32,32,0,70,-139,0,0,100,0,832,0,32,32,0,35,-129,0,0,100,0,768,32,32,32,0,47,-129,0,0,100,0,832,32,32,32,0,54,-134,0,0,100,0,736,32,32,32,0,63,-140,0,0,100,0,832,32,32,32,0,72,-143,0,0,100,0,768,32,32,32,0,109,-129,1,0,100,0,768,0,32,32,0,124,-125,0,0,100,0,832,0,32,32,0,87,-144,0,0,100,0,800,0,32,32,0,78,-150,0,0,100,0,800,32,32,32,0,16,-115,0,0,50,0,864,688,160,64,0,16,-115,0,0,100,0,864,624,160,64,0,16,-147,0,1,40,0,864,752,160,80,0,32,-147,0,0,100,0,1792,160,128,80,0,16,-227,0,0,100,0,864,832,160,192,0,0,-256,0,0,100,0,192,768,192,256,0,
0,30,0,-256,0,0,100,0,0,768,192,256,0,42,-147,0,0,100,0,704,208,64,64,0,63,-113,0,0,50,0,704,0,32,32,0,109,-136,0,0,100,0,688,160,32,32,0,92,-152,0,0,100,0,592,144,48,48,0,99,-128,0,0,50,0,704,0,32,32,0,75,-106,1,0,100,0,800,0,32,32,0,87,-110,0,0,100,0,832,0,32,32,0,99,-112,0,0,100,0,768,0,32,32,0,112,-120,0,0,100,0,800,0,32,32,0,53,-122,0,0,100,0,768,0,32,32,0,39,-121,0,0,100,0,832,0,32,32,0,56,-128,0,0,100,0,832,0,32,32,0,66,-134,0,0,100,0,800,0,32,32,0,70,-139,0,0,100,0,832,0,32,32,0,35,-129,0,0,100,0,768,32,32,32,0,47,-129,0,0,100,0,832,32,32,32,0,54,-134,0,0,100,0,736,32,32,32,0,63,-140,0,0,100,0,832,32,32,32,0,72,-143,0,0,100,0,768,32,32,32,0,109,-129,1,0,100,0,768,0,32,32,0,124,-125,0,0,100,0,832,0,32,32,0,87,-144,0,0,100,0,800,0,32,32,0,78,-150,0,0,100,0,800,32,32,32,0,16,-115,0,0,50,0,864,688,160,64,0,16,-115,0,0,100,0,864,624,160,64,0,16,-147,0,1,40,0,864,752,160,80,0,32,-147,0,0,100,0,1792,160,128,80,0,16,-227,0,0,100,0,864,832,160,192,0,0,-256,0,0,100,0,192,768,192,256,0,
0,31,0,-256,0,0,100,0,0,768,192,256,0,79,-145,0,1,70,0,768,128,48,48,0,63,-145,0,0,100,0,576,272,64,48,0,71,-117,0,0,50,0,704,0,32,32,0,96,-147,0,0,100,0,656,160,32,32,0,75,-160,0,0,100,0,0,0,48,48,0,82,-136,0,0,50,0,704,0,32,32,0,75,-106,1,0,100,0,800,0,32,32,0,87,-110,0,0,100,0,832,0,32,32,0,99,-112,0,0,100,0,768,0,32,32,0,112,-120,0,0,100,0,800,0,32,32,0,53,-122,0,0,100,0,768,0,32,32,0,39,-121,0,0,100,0,832,0,32,32,0,56,-128,0,0,100,0,832,0,32,32,0,66,-134,0,0,100,0,800,0,32,32,0,70,-139,0,0,100,0,832,0,32,32,0,35,-129,0,0,100,0,768,32,32,32,0,47,-129,0,0,100,0,832,32,32,32,0,54,-134,0,0,100,0,736,32,32,32,0,63,-140,0,0,100,0,832,32,32,32,0,72,-143,0,0,100,0,768,32,32,32,0,109,-129,1,0,100,0,768,0,32,32,0,124,-125,0,0,100,0,832,0,32,32,0,87,-144,0,0,100,0,800,0,32,32,0,78,-150,0,0,100,0,800,32,32,32,0,16,-115,0,0,50,0,864,688,160,64,0,16,-115,0,0,100,0,864,624,160,64,0,16,-147,0,1,40,0,864,752,160,80,0,32,-147,0,0,100,0,1792,160,128,80,0,16,-227,0,0,100,0,864,832,160,192,0,0,-256,0,0,100,0,192,768,192,256,0,
0,31,0,-256,0,0,100,0,0,768,192,256,0,79,-145,0,1,40,0,816,128,48,48,0,63,-145,0,0,100,0,640,272,64,48,0,71,-117,0,0,50,0,704,0,32,32,0,99,-146,0,0,100,0,688,160,32,32,0,78,-159,0,0,100,0,592,144,48,48,0,85,-135,0,0,50,0,704,0,32,32,0,75,-106,1,0,100,0,800,0,32,32,0,87,-110,0,0,100,0,832,0,32,32,0,99,-112,0,0,100,0,768,0,32,32,0,112,-120,0,0,100,0,800,0,32,32,0,53,-122,0,0,100,0,768,0,32,32,0,39,-121,0,0,100,0,832,0,32,32,0,56,-128,0,0,100,0,832,0,32,32,0,66,-134,0,0,100,0,800,0,32,32,0,70,-139,0,0,100,0,832,0,32,32,0,35,-129,0,0,100,0,768,32,32,32,0,47,-129,0,0,100,0,832,32,32,32,0,54,-134,0,0,100,0,736,32,32,32,0,63,-140,0,0,100,0,832,32,32,32,0,72,-143,0,0,100,0,768,32,32,32,0,109,-129,1,0,100,0,768,0,32,32,0,124,-125,0,0,100,0,832,0,32,32,0,87,-144,0,0,100,0,800,0,32,32,0,78,-150,0,0,100,0,800,32,32,32,0,16,-115,0,0,50,0,864,688,160,64,0,16,-115,0,0,100,0,864,624,160,64,0,16,-147,0,1,40,0,864,752,160,80,0,32,-147,0,0,100,0,1792,160,128,80,0,16,-227,0,0,100,0,864,832,160,192,0,0,-256,0,0,100,0,192,768,192,256,0,
0,30,0,-256,0,0,100,0,0,768,192,256,0,63,-145,0,0,100,0,640,272,64,48,0,71,-117,0,0,50,0,704,0,32,32,0,97,-143,0,0,100,0,656,160,32,32,0,82,-159,0,0,100,0,0,0,48,48,0,89,-135,0,0,50,0,704,0,32,32,0,75,-106,1,0,100,0,800,0,32,32,0,87,-110,0,0,100,0,832,0,32,32,0,99,-112,0,0,100,0,768,0,32,32,0,112,-120,0,0,100,0,800,0,32,32,0,53,-122,0,0,100,0,768,0,32,32,0,39,-121,0,0,100,0,832,0,32,32,0,56,-128,0,0,100,0,832,0,32,32,0,66,-134,0,0,100,0,800,0,32,32,0,70,-139,0,0,100,0,832,0,32,32,0,35,-129,0,0,100,0,768,32,32,32,0,47,-129,0,0,100,0,832,32,32,32,0,54,-134,0,0,100,0,736,32,32,32,0,63,-140,0,0,100,0,832,32,32,32,0,72,-143,0,0,100,0,768,32,32,32,0,109,-129,1,0,100,0,768,0,32,32,0,124,-125,0,0,100,0,832,0,32,32,0,87,-144,0,0,100,0,800,0,32,32,0,78,-150,0,0,100,0,800,32,32,32,0,16,-115,0,0,50,0,864,688,160,64,0,16,-115,0,0,100,0,864,624,160,64,0,16,-147,0,1,40,0,864,752,160,80,0,32,-147,0,0,100,0,1792,160,128,80,0,16,-227,0,0,100,0,864,832,160,192,0,0,-256,0,0,100,0,192,768,192,256,0,
0,30,0,-256,0,0,100,0,0,768,192,256,0,44,-148,0,0,100,0,640,208,64,64,0,65,-114,0,0,50,0,704,0,32,32,0,115,-134,0,0,100,0,688,160,32,32,0,96,-151,0,0,100,0,288,0,48,48,0,107,-126,0,0,50,0,704,0,32,32,0,75,-106,1,0,100,0,800,0,32,32,0,87,-110,0,0,100,0,832,0,32,32,0,99,-112,0,0,100,0,768,0,32,32,0,112,-120,0,0,100,0,800,0,32,32,0,53,-122,0,0,100,0,768,0,32,32,0,39,-121,0,0,100,0,832,0,32,32,0,56,-128,0,0,100,0,832,0,32,32,0,66,-134,0,0,100,0,800,0,32,32,0,70,-139,0,0,100,0,832,0,32,32,0,35,-129,0,0,100,0,768,32,32,32,0,47,-129,0,0,100,0,832,32,32,32,0,54,-134,0,0,100,0,736,32,32,32,0,63,-140,0,0,100,0,832,32,32,32,0,72,-143,0,0,100,0,768,32,32,32,0,109,-129,1,0,100,0,768,0,32,32,0,124,-125,0,0,100,0,832,0,32,32,0,87,-144,0,0,100,0,800,0,32,32,0,78,-150,0,0,100,0,800,32,32,32,0,16,-115,0,0,50,0,864,688,160,64,0,16,-115,0,0,100,0,864,624,160,64,0,16,-147,0,1,40,0,864,752,160,80,0,32,-147,0,0,100,0,1792,160,128,80,0,16,-227,0,0,100,0,864,832,160,192,0,0,-256,0,0,100,0,192,768,192,256,0,
0,30,0,-256,0,0,100,0,0,768,192,256,0,44,-148,0,0,100,0,640,208,64,64,0,65,-114,0,0,50,0,704,0,32,32,0,116,-135,0,0,100,0,656,160,32,32,0,98,-151,0,0,100,0,288,0,48,48,0,106,-127,0,0,50,0,704,0,32,32,0,75,-106,1,0,100,0,800,0,32,32,0,87,-110,0,0,100,0,832,0,32,32,0,99,-112,0,0,100,0,768,0,32,32,0,112,-120,0,0,100,0,800,0,32,32,0,53,-122,0,0,100,0,768,0,32,32,0,39,-121,0,0,100,0,832,0,32,32,0,56,-128,0,0,100,0,832,0,32,32,0,66,-134,0,0,100,0,800,0,32,32,0,70,-139,0,0,100,0,832,0,32,32,0,35,-129,0,0,100,0,768,32,32,32,0,47,-129,0,0,100,0,832,32,32,32,0,54,-134,0,0,100,0,736,32,32,32,0,63,-140,0,0,100,0,832,32,32,32,0,72,-143,0,0,100,0,768,32,32,32,0,109,-129,1,0,100,0,768,0,32,32,0,124,-125,0,0,100,0,832,0,32,32,0,87,-144,0,0,100,0,800,0,32,32,0,78,-150,0,0,100,0,800,32,32,32,0,16,-115,0,0,50,0,864,688,160,64,0,16,-115,0,0,100,0,864,624,160,64,0,16,-147,0,1,40,0,864,752,160,80,0,32,-147,0,0,100,0,1792,160,128,80,0,16,-227,0,0,100,0,864,832,160,192,0,0,-256,0,0,100,0,192,768,192,256,0,
0,30,0,-256,0,0,100,0,0,768,192,256,0,44,-148,0,0,100,0,0,48,64,64,0,65,-114,0,0,50,0,704,0,32,32,0,115,-135,0,0,100,0,688,160,32,32,0,98,-151,0,0,100,0,240,0,48,48,0,107,-127,0,0,50,0,704,0,32,32,0,75,-106,1,0,100,0,800,0,32,32,0,87,-110,0,0,100,0,832,0,32,32,0,99,-112,0,0,100,0,768,0,32,32,0,112,-120,0,0,100,0,800,0,32,32,0,53,-122,0,0,100,0,768,0,32,32,0,39,-121,0,0,100,0,832,0,32,32,0,56,-128,0,0,100,0,832,0,32,32,0,66,-134,0,0,100,0,800,0,32,32,0,70,-139,0,0,100,0,832,0,32,32,0,35,-129,0,0,100,0,768,32,32,32,0,47,-129,0,0,100,0,832,32,32,32,0,54,-134,0,0,100,0,736,32,32,32,0,63,-140,0,0,100,0,832,32,32,32,0,72,-143,0,0,100,0,768,32,32,32,0,109,-129,1,0,100,0,768,0,32,32,0,124,-125,0,0,100,0,832,0,32,32,0,87,-144,0,0,100,0,800,0,32,32,0,78,-150,0,0,100,0,800,32,32,32,0,16,-115,0,0,50,0,864,688,160,64,0,16,-115,0,0,100,0,864,624,160,64,0,16,-147,0,1,40,0,864,752,160,80,0,32,-147,0,0,100,0,1792,160,128,80,0,16,-227,0,0,100,0,864,832,160,192,0,0,-256,0,0,100,0,192,768,192,256,0,
0,30,0,-256,0,0,100,0,0,768,192,256,0,36,-144,0,0,100,0,704,272,64,64,0,57,-110,0,0,50,0,704,0,32,32,0,96,-135,0,0,100,0,656,160,32,32,0,75,-148,0,0,100,0,0,0,48,48,0,82,-124,0,0,50,0,704,0,32,32,0,75,-106,1,0,100,0,800,0,32,32,0,87,-110,0,0,100,0,832,0,32,32,0,99,-112,0,0,100,0,768,0,32,32,0,112,-120,0,0,100,0,800,0,32,32,0,53,-122,0,0,100,0,768,0,32,32,0,39,-121,0,0,100,0,832,0,32,32,0,56,-128,0,0,100,0,832,0,32,32,0,66,-134,0,0,100,0,800,0,32,32,0,70,-139,0,0,100,0,832,0,32,32,0,35,-129,0,0,100,0,768,32,32,32,0,47,-129,0,0,100,0,832,32,32,32,0,54,-134,0,0,100,0,736,32,32,32,0,63,-140,0,0,100,0,832,32,32,32,0,72,-143,0,0,100,0,768,32,32,32,0,109,-129,1,0,100,0,768,0,32,32,0,124,-125,0,0,100,0,832,0,32,32,0,87,-144,0,0,100,0,800,0,32,32,0,78,-150,0,0,100,0,800,32,32,32,0,16,-115,0,0,50,0,864,688,160,64,0,16,-115,0,0,100,0,864,624,160,64,0,16,-147,0,1,40,0,864,752,160,80,0,32,-147,0,0,100,0,1792,160,128,80,0,16,-227,0,0,100,0,864,832,160,192,0,0,-256,0,0,100,0,192,768,192,256,0,
0,30,0,-256,0,0,100,0,0,768,192,256,0,36,-144,0,0,100,0,704,272,64,64,0,57,-110,0,0,50,0,704,0,32,32,0,94,-134,0,0,100,0,688,160,32,32,0,73,-147,0,0,100,0,592,144,48,48,0,80,-123,0,0,50,0,704,0,32,32,0,75,-106,1,0,100,0,800,0,32,32,0,87,-110,0,0,100,0,832,0,32,32,0,99,-112,0,0,100,0,768,0,32,32,0,112,-120,0,0,100,0,800,0,32,32,0,53,-122,0,0,100,0,768,0,32,32,0,39,-121,0,0,100,0,832,0,32,32,0,56,-128,0,0,100,0,832,0,32,32,0,66,-134,0,0,100,0,800,0,32,32,0,70,-139,0,0,100,0,832,0,32,32,0,35,-129,0,0,100,0,768,32,32,32,0,47,-129,0,0,100,0,832,32,32,32,0,54,-134,0,0,100,0,736,32,32,32,0,63,-140,0,0,100,0,832,32,32,32,0,72,-143,0,0,100,0,768,32,32,32,0,109,-129,1,0,100,0,768,0,32,32,0,124,-125,0,0,100,0,832,0,32,32,0,87,-144,0,0,100,0,800,0,32,32,0,78,-150,0,0,100,0,800,32,32,32,0,16,-115,0,0,50,0,864,688,160,64,0,16,-115,0,0,100,0,864,624,160,64,0,16,-147,0,1,40,0,864,752,160,80,0,32,-147,0,0,100,0,1792,160,128,80,0,16,-227,0,0,100,0,864,832,160,192,0,0,-256,0,0,100,0,192,768,192,256,0,
0,30,0,-256,0,0,100,0,0,768,192,256,0,36,-144,0,0,100,0,704,272,64,64,0,57,-110,0,0,50,0,704,0,32,32,0,110,-135,0,0,100,0,656,160,32,32,0,95,-151,0,0,100,0,0,0,48,48,0,102,-127,0,0,50,0,704,0,32,32,0,75,-106,1,0,100,0,800,0,32,32,0,87,-110,0,0,100,0,832,0,32,32,0,99,-112,0,0,100,0,768,0,32,32,0,112,-120,0,0,100,0,800,0,32,32,0,53,-122,0,0,100,0,768,0,32,32,0,39,-121,0,0,100,0,832,0,32,32,0,56,-128,0,0,100,0,832,0,32,32,0,66,-134,0,0,100,0,800,0,32,32,0,70,-139,0,0,100,0,832,0,32,32,0,35,-129,0,0,100,0,768,32,32,32,0,47,-129,0,0,100,0,832,32,32,32,0,54,-134,0,0,100,0,736,32,32,32,0,63,-140,0,0,100,0,832,32,32,32,0,72,-143,0,0,100,0,768,32,32,32,0,109,-129,1,0,100,0,768,0,32,32,0,124,-125,0,0,100,0,832,0,32,32,0,87,-144,0,0,100,0,800,0,32,32,0,78,-150,0,0,100,0,800,32,32,32,0,16,-115,0,0,50,0,864,688,160,64,0,16,-115,0,0,100,0,864,624,160,64,0,16,-147,0,1,40,0,864,752,160,80,0,32,-147,0,0,100,0,1792,160,128,80,0,16,-227,0,0,100,0,864,832,160,192,0,0,-256,0,0,100,0,192,768,192,256,0,
0,30,0,-256,0,0,100,0,0,768,192,256,0,44,-148,0,0,100,0,640,208,64,64,0,65,-114,0,0,50,0,704,0,32,32,0,110,-135,0,0,100,0,688,160,32,32,0,95,-151,0,0,100,0,592,144,48,48,0,102,-127,0,0,50,0,704,0,32,32,0,75,-106,1,0,100,0,800,0,32,32,0,87,-110,0,0,100,0,832,0,32,32,0,99,-112,0,0,100,0,768,0,32,32,0,112,-120,0,0,100,0,800,0,32,32,0,53,-122,0,0,100,0,768,0,32,32,0,39,-121,0,0,100,0,832,0,32,32,0,56,-128,0,0,100,0,832,0,32,32,0,66,-134,0,0,100,0,800,0,32,32,0,70,-139,0,0,100,0,832,0,32,32,0,35,-129,0,0,100,0,768,32,32,32,0,47,-129,0,0,100,0,832,32,32,32,0,54,-134,0,0,100,0,736,32,32,32,0,63,-140,0,0,100,0,832,32,32,32,0,72,-143,0,0,100,0,768,32,32,32,0,109,-129,1,0,100,0,768,0,32,32,0,124,-125,0,0,100,0,832,0,32,32,0,87,-144,0,0,100,0,800,0,32,32,0,78,-150,0,0,100,0,800,32,32,32,0,16,-115,0,0,50,0,864,688,160,64,0,16,-115,0,0,100,0,864,624,160,64,0,16,-147,0,1,40,0,864,752,160,80,0,32,-147,0,0,100,0,1792,160,128,80,0,16,-227,0,0,100,0,864,832,160,192,0,0,-256,0,0,100,0,192,768,192,256,0,
0,29,0,-256,0,0,100,0,0,768,192,256,0,44,-148,0,0,100,0,0,48,64,64,0,65,-114,0,0,50,0,704,0,32,32,0,92,-152,0,0,100,0,0,0,48,48,0,99,-128,0,0,50,0,704,0,32,32,0,75,-106,1,0,100,0,800,0,32,32,0,87,-110,0,0,100,0,832,0,32,32,0,99,-112,0,0,100,0,768,0,32,32,0,112,-120,0,0,100,0,800,0,32,32,0,53,-122,0,0,100,0,768,0,32,32,0,39,-121,0,0,100,0,832,0,32,32,0,56,-128,0,0,100,0,832,0,32,32,0,66,-134,0,0,100,0,800,0,32,32,0,70,-139,0,0,100,0,832,0,32,32,0,35,-129,0,0,100,0,768,32,32,32,0,47,-129,0,0,100,0,832,32,32,32,0,54,-134,0,0,100,0,736,32,32,32,0,63,-140,0,0,100,0,832,32,32,32,0,72,-143,0,0,100,0,768,32,32,32,0,109,-129,1,0,100,0,768,0,32,32,0,124,-125,0,0,100,0,832,0,32,32,0,87,-144,0,0,100,0,800,0,32,32,0,78,-150,0,0,100,0,800,32,32,32,0,16,-115,0,0,50,0,864,688,160,64,0,16,-115,0,0,100,0,864,624,160,64,0,16,-147,0,1,40,0,864,752,160,80,0,32,-147,0,0,100,0,1792,160,128,80,0,16,-227,0,0,100,0,864,832,160,192,0,0,-256,0,0,100,0,192,768,192,256,0,
0,29,0,-256,0,0,100,0,0,768,192,256,0,44,-148,0,0,100,0,64,48,64,64,0,65,-114,0,0,50,0,704,0,32,32,0,92,-152,0,0,100,0,48,0,48,48,0,99,-128,0,0,50,0,704,0,32,32,0,75,-106,1,0,100,0,800,0,32,32,0,87,-110,0,0,100,0,832,0,32,32,0,99,-112,0,0,100,0,768,0,32,32,0,112,-120,0,0,100,0,800,0,32,32,0,53,-122,0,0,100,0,768,0,32,32,0,39,-121,0,0,100,0,832,0,32,32,0,56,-128,0,0,100,0,832,0,32,32,0,66,-134,0,0,100,0,800,0,32,32,0,70,-139,0,0,100,0,832,0,32,32,0,35,-129,0,0,100,0,768,32,32,32,0,47,-129,0,0,100,0,832,32,32,32,0,54,-134,0,0,100,0,736,32,32,32,0,63,-140,0,0,100,0,832,32,32,32,0,72,-143,0,0,100,0,768,32,32,32,0,109,-129,1,0,100,0,768,0,32,32,0,124,-125,0,0,100,0,832,0,32,32,0,87,-144,0,0,100,0,800,0,32,32,0,78,-150,0,0,100,0,800,32,32,32,0,16,-115,0,0,50,0,864,688,160,64,0,16,-115,0,0,100,0,864,624,160,64,0,16,-147,0,1,40,0,864,752,160,80,0,32,-147,0,0,100,0,1792,160,128,80,0,16,-227,0,0,100,0,864,832,160,192,0,0,-256,0,0,100,0,192,768,192,256,0,
0,29,0,-256,0,0,100,0,0,768,192,256,0,44,-148,0,0,100,0,128,48,64,64,0,65,-114,0,0,50,0,704,0,32,32,0,92,-152,0,0,100,0,96,0,48,48,0,99,-128,0,0,50,0,704,0,32,32,0,75,-106,1,0,100,0,800,0,32,32,0,87,-110,0,0,100,0,832,0,32,32,0,99,-112,0,0,100,0,768,0,32,32,0,112,-120,0,0,100,0,800,0,32,32,0,53,-122,0,0,100,0,768,0,32,32,0,39,-121,0,0,100,0,832,0,32,32,0,56,-128,0,0,100,0,832,0,32,32,0,66,-134,0,0,100,0,800,0,32,32,0,70,-139,0,0,100,0,832,0,32,32,0,35,-129,0,0,100,0,768,32,32,32,0,47,-129,0,0,100,0,832,32,32,32,0,54,-134,0,0,100,0,736,32,32,32,0,63,-140,0,0,100,0,832,32,32,32,0,72,-143,0,0,100,0,768,32,32,32,0,109,-129,1,0,100,0,768,0,32,32,0,124,-125,0,0,100,0,832,0,32,32,0,87,-144,0,0,100,0,800,0,32,32,0,78,-150,0,0,100,0,800,32,32,32,0,16,-115,0,0,50,0,864,688,160,64,0,16,-115,0,0,100,0,864,624,160,64,0,16,-147,0,1,40,0,864,752,160,80,0,32,-147,0,0,100,0,1792,160,128,80,0,16,-227,0,0,100,0,864,832,160,192,0,0,-256,0,0,100,0,192,768,192,256,0,
0,29,0,-256,0,0,100,0,0,768,192,256,0,44,-148,0,0,100,0,192,48,64,64,0,65,-114,0,0,50,0,704,0,32,32,0,92,-152,0,0,100,0,144,0,48,48,0,99,-128,0,0,50,0,704,0,32,32,0,75,-106,1,0,100,0,800,0,32,32,0,87,-110,0,0,100,0,832,0,32,32,0,99,-112,0,0,100,0,768,0,32,32,0,112,-120,0,0,100,0,800,0,32,32,0,53,-122,0,0,100,0,768,0,32,32,0,39,-121,0,0,100,0,832,0,32,32,0,56,-128,0,0,100,0,832,0,32,32,0,66,-134,0,0,100,0,800,0,32,32,0,70,-139,0,0,100,0,832,0,32,32,0,35,-129,0,0,100,0,768,32,32,32,0,47,-129,0,0,100,0,832,32,32,32,0,54,-134,0,0,100,0,736,32,32,32,0,63,-140,0,0,100,0,832,32,32,32,0,72,-143,0,0,100,0,768,32,32,32,0,109,-129,1,0,100,0,768,0,32,32,0,124,-125,0,0,100,0,832,0,32,32,0,87,-144,0,0,100,0,800,0,32,32,0,78,-150,0,0,100,0,800,32,32,32,0,16,-115,0,0,50,0,864,688,160,64,0,16,-115,0,0,100,0,864,624,160,64,0,16,-147,0,1,40,0,864,752,160,80,0,32,-147,0,0,100,0,1792,160,128,80,0,16,-227,0,0,100,0,864,832,160,192,0,0,-256,0,0,100,0,192,768,192,256,0,
0,29,0,-256,0,0,100,0,0,768,192,256,0,44,-148,0,0,100,0,256,48,64,64,0,65,-114,0,0,50,0,704,0,32,32,0,92,-152,0,0,100,0,0,0,48,48,0,99,-128,0,0,50,0,704,0,32,32,0,75,-106,1,0,100,0,800,0,32,32,0,87,-110,0,0,100,0,832,0,32,32,0,99,-112,0,0,100,0,768,0,32,32,0,112,-120,0,0,100,0,800,0,32,32,0,53,-122,0,0,100,0,768,0,32,32,0,39,-121,0,0,100,0,832,0,32,32,0,56,-128,0,0,100,0,832,0,32,32,0,66,-134,0,0,100,0,800,0,32,32,0,70,-139,0,0,100,0,832,0,32,32,0,35,-129,0,0,100,0,768,32,32,32,0,47,-129,0,0,100,0,832,32,32,32,0,54,-134,0,0,100,0,736,32,32,32,0,63,-140,0,0,100,0,832,32,32,32,0,72,-143,0,0,100,0,768,32,32,32,0,109,-129,1,0,100,0,768,0,32,32,0,124,-125,0,0,100,0,832,0,32,32,0,87,-144,0,0,100,0,800,0,32,32,0,78,-150,0,0,100,0,800,32,32,32,0,16,-115,0,0,50,0,864,688,160,64,0,16,-115,0,0,100,0,864,624,160,64,0,16,-147,0,1,40,0,864,752,160,80,0,32,-147,0,0,100,0,1792,160,128,80,0,16,-227,0,0,100,0,864,832,160,192,0,0,-256,0,0,100,0,192,768,192,256,0,
0,29,0,-256,0,0,100,0,0,768,192,256,0,49,-184,0,0,100,0,320,48,64,64,0,69,-116,0,0,50,0,704,0,32,32,0,92,-152,0,0,100,0,48,0,48,48,0,99,-128,0,0,50,0,704,0,32,32,0,75,-106,1,0,100,0,800,0,32,32,0,87,-110,0,0,100,0,832,0,32,32,0,99,-112,0,0,100,0,768,0,32,32,0,112,-120,0,0,100,0,800,0,32,32,0,53,-122,0,0,100,0,768,0,32,32,0,39,-121,0,0,100,0,832,0,32,32,0,56,-128,0,0,100,0,832,0,32,32,0,66,-134,0,0,100,0,800,0,32,32,0,70,-139,0,0,100,0,832,0,32,32,0,35,-129,0,0,100,0,768,32,32,32,0,47,-129,0,0,100,0,832,32,32,32,0,54,-134,0,0,100,0,736,32,32,32,0,63,-140,0,0,100,0,832,32,32,32,0,72,-143,0,0,100,0,768,32,32,32,0,109,-129,1,0,100,0,768,0,32,32,0,124,-125,0,0,100,0,832,0,32,32,0,87,-144,0,0,100,0,800,0,32,32,0,78,-150,0,0,100,0,800,32,32,32,0,16,-115,0,0,50,0,864,688,160,64,0,16,-115,0,0,100,0,864,624,160,64,0,16,-147,0,1,40,0,864,752,160,80,0,32,-147,0,0,100,0,1792,160,128,80,0,16,-227,0,0,100,0,864,832,160,192,0,0,-256,0,0,100,0,192,768,192,256,0,
0,29,0,-256,0,0,100,0,0,768,192,256,0,51,-185,0,0,100,0,320,48,64,64,0,71,-117,0,0,50,0,704,0,32,32,0,92,-152,0,0,100,0,192,0,48,48,0,99,-128,0,0,50,0,704,0,32,32,0,75,-106,1,0,100,0,800,0,32,32,0,87,-110,0,0,100,0,832,0,32,32,0,99,-112,0,0,100,0,768,0,32,32,0,112,-120,0,0,100,0,800,0,32,32,0,53,-122,0,0,100,0,768,0,32,32,0,39,-121,0,0,100,0,832,0,32,32,0,56,-128,0,0,100,0,832,0,32,32,0,66,-134,0,0,100,0,800,0,32,32,0,70,-139,0,0,100,0,832,0,32,32,0,35,-129,0,0,100,0,768,32,32,32,0,47,-129,0,0,100,0,832,32,32,32,0,54,-134,0,0,100,0,736,32,32,32,0,63,-140,0,0,100,0,832,32,32,32,0,72,-143,0,0,100,0,768,32,32,32,0,109,-129,1,0,100,0,768,0,32,32,0,124,-125,0,0,100,0,832,0,32,32,0,87,-144,0,0,100,0,800,0,32,32,0,78,-150,0,0,100,0,800,32,32,32,0,16,-115,0,0,50,0,864,688,160,64,0,16,-115,0,0,100,0,864,624,160,64,0,16,-147,0,1,40,0,864,752,160,80,0,32,-147,0,0,100,0,1792,160,128,80,0,16,-227,0,0,100,0,864,832,160,192,0,0,-256,0,0,100,0,192,768,192,256,0,
0,29,0,-256,0,0,100,0,0,768,192,256,0,53,-186,0,0,100,0,320,48,64,64,0,73,-118,0,0,50,0,704,0,32,32,0,92,-152,0,0,100,0,192,0,48,48,0,99,-128,0,0,50,0,704,0,32,32,0,75,-106,1,0,100,0,800,0,32,32,0,87,-110,0,0,100,0,832,0,32,32,0,99,-112,0,0,100,0,768,0,32,32,0,112,-120,0,0,100,0,800,0,32,32,0,53,-122,0,0,100,0,768,0,32,32,0,39,-121,0,0,100,0,832,0,32,32,0,56,-128,0,0,100,0,832,0,32,32,0,66,-134,0,0,100,0,800,0,32,32,0,70,-139,0,0,100,0,832,0,32,32,0,35,-129,0,0,100,0,768,32,32,32,0,47,-129,0,0,100,0,832,32,32,32,0,54,-134,0,0,100,0,736,32,32,32,0,63,-140,0,0,100,0,832,32,32,32,0,72,-143,0,0,100,0,768,32,32,32,0,109,-129,1,0,100,0,768,0,32,32,0,124,-125,0,0,100,0,832,0,32,32,0,87,-144,0,0,100,0,800,0,32,32,0,78,-150,0,0,100,0,800,32,32,32,0,16,-115,0,0,50,0,864,688,160,64,0,16,-115,0,0,100,0,864,624,160,64,0,16,-147,0,1,40,0,864,752,160,80,0,32,-147,0,0,100,0,1792,160,128,80,0,16,-227,0,0,100,0,864,832,160,192,0,0,-256,0,0,100,0,192,768,192,256,0,
0,29,0,-256,0,0,100,0,0,768,192,256,0,54,-185,0,0,100,0,384,48,64,64,0,75,-119,0,0,50,0,704,0,32,32,0,92,-152,0,0,100,0,192,0,48,48,0,99,-128,0,0,50,0,704,0,32,32,0,75,-106,1,0,100,0,800,0,32,32,0,87,-110,0,0,100,0,832,0,32,32,0,99,-112,0,0,100,0,768,0,32,32,0,112,-120,0,0,100,0,800,0,32,32,0,53,-122,0,0,100,0,768,0,32,32,0,39,-121,0,0,100,0,832,0,32,32,0,56,-128,0,0,100,0,832,0,32,32,0,66,-134,0,0,100,0,800,0,32,32,0,70,-139,0,0,100,0,832,0,32,32,0,35,-129,0,0,100,0,768,32,32,32,0,47,-129,0,0,100,0,832,32,32,32,0,54,-134,0,0,100,0,736,32,32,32,0,63,-140,0,0,100,0,832,32,32,32,0,72,-143,0,0,100,0,768,32,32,32,0,109,-129,1,0,100,0,768,0,32,32,0,124,-125,0,0,100,0,832,0,32,32,0,87,-144,0,0,100,0,800,0,32,32,0,78,-150,0,0,100,0,800,32,32,32,0,16,-115,0,0,50,0,864,688,160,64,0,16,-115,0,0,100,0,864,624,160,64,0,16,-147,0,1,40,0,864,752,160,80,0,32,-147,0,0,100,0,1792,160,128,80,0,16,-227,0,0,100,0,864,832,160,192,0,0,-256,0,0,100,0,192,768,192,256,0,
0,29,0,-256,0,0,100,0,0,768,192,256,0,58,-181,0,0,100,0,384,48,64,64,0,79,-121,0,0,50,0,704,0,32,32,0,92,-152,0,0,100,0,192,0,48,48,0,99,-128,0,0,50,0,704,0,32,32,0,75,-106,1,0,100,0,800,0,32,32,0,87,-110,0,0,100,0,832,0,32,32,0,99,-112,0,0,100,0,768,0,32,32,0,112,-120,0,0,100,0,800,0,32,32,0,53,-122,0,0,100,0,768,0,32,32,0,39,-121,0,0,100,0,832,0,32,32,0,56,-128,0,0,100,0,832,0,32,32,0,66,-134,0,0,100,0,800,0,32,32,0,70,-139,0,0,100,0,832,0,32,32,0,35,-129,0,0,100,0,768,32,32,32,0,47,-129,0,0,100,0,832,32,32,32,0,54,-134,0,0,100,0,736,32,32,32,0,63,-140,0,0,100,0,832,32,32,32,0,72,-143,0,0,100,0,768,32,32,32,0,109,-129,1,0,100,0,768,0,32,32,0,124,-125,0,0,100,0,832,0,32,32,0,87,-144,0,0,100,0,800,0,32,32,0,78,-150,0,0,100,0,800,32,32,32,0,16,-115,0,0,50,0,864,688,160,64,0,16,-115,0,0,100,0,864,624,160,64,0,16,-147,0,1,40,0,864,752,160,80,0,32,-147,0,0,100,0,1792,160,128,80,0,16,-227,0,0,100,0,864,832,160,192,0,0,-256,0,0,100,0,192,768,192,256,0,
0,32,0,-256,0,0,100,0,0,768,192,256,0,110,-143,0,0,100,0,656,0,16,16,0,118,-135,0,0,100,0,656,16,16,16,0,79,-175,0,1,70,0,768,176,48,64,0,60,-164,0,0,100,0,448,48,64,64,0,81,-122,0,0,50,0,704,0,32,32,0,92,-152,0,0,100,0,240,0,48,48,0,99,-128,0,0,50,0,704,0,32,32,0,75,-106,1,0,100,0,800,0,32,32,0,87,-110,0,0,100,0,832,0,32,32,0,99,-112,0,0,100,0,768,0,32,32,0,112,-120,0,0,100,0,800,0,32,32,0,53,-122,0,0,100,0,768,0,32,32,0,39,-121,0,0,100,0,832,0,32,32,0,56,-128,0,0,100,0,832,0,32,32,0,66,-134,0,0,100,0,800,0,32,32,0,70,-139,0,0,100,0,832,0,32,32,0,35,-129,0,0,100,0,768,32,32,32,0,47,-129,0,0,100,0,832,32,32,32,0,54,-134,0,0,100,0,736,32,32,32,0,63,-140,0,0,100,0,832,32,32,32,0,72,-143,0,0,100,0,768,32,32,32,0,109,-129,1,0,100,0,768,0,32,32,0,124,-125,0,0,100,0,832,0,32,32,0,87,-144,0,0,100,0,800,0,32,32,0,78,-150,0,0,100,0,800,32,32,32,0,16,-115,0,0,50,0,864,688,160,64,0,16,-115,0,0,100,0,864,624,160,64,0,16,-147,0,1,40,0,864,752,160,80,0,32,-147,0,0,100,0,1792,160,128,80,0,16,-227,0,0,100,0,864,832,160,192,0,0,-256,0,0,100,0,192,768,192,256,0,
0,32,0,-256,0,0,100,0,0,768,192,256,0,111,-146,0,0,100,0,656,0,16,16,0,121,-137,0,0,100,0,656,16,16,16,0,78,-160,0,1,40,0,816,192,48,48,0,59,-167,0,0,100,0,560,48,64,64,0,79,-121,0,0,50,0,704,0,32,32,0,92,-152,0,0,100,0,288,0,48,48,0,99,-128,0,0,50,0,704,0,32,32,0,75,-106,1,0,100,0,800,0,32,32,0,87,-110,0,0,100,0,832,0,32,32,0,99,-112,0,0,100,0,768,0,32,32,0,112,-120,0,0,100,0,800,0,32,32,0,53,-122,0,0,100,0,768,0,32,32,0,39,-121,0,0,100,0,832,0,32,32,0,56,-128,0,0,100,0,832,0,32,32,0,66,-134,0,0,100,0,800,0,32,32,0,70,-139,0,0,100,0,832,0,32,32,0,35,-129,0,0,100,0,768,32,32,32,0,47,-129,0,0,100,0,832,32,32,32,0,54,-134,0,0,100,0,736,32,32,32,0,63,-140,0,0,100,0,832,32,32,32,0,72,-143,0,0,100,0,768,32,32,32,0,109,-129,1,0,100,0,768,0,32,32,0,124,-125,0,0,100,0,832,0,32,32,0,87,-144,0,0,100,0,800,0,32,32,0,78,-150,0,0,100,0,800,32,32,32,0,16,-115,0,0,50,0,864,688,160,64,0,16,-115,0,0,100,0,864,624,160,64,0,16,-147,0,1,40,0,864,752,160,80,0,32,-147,0,0,100,0,1792,160,128,80,0,16,-227,0,0,100,0,864,832,160,192,0,0,-256,0,0,100,0,192,768,192,256,0,
0,31,0,-256,0,0,100,0,0,768,192,256,0,114,-146,0,0,80,0,656,16,16,16,0,124,-135,0,0,80,0,672,16,16,16,0,56,-165,0,0,100,0,560,48,64,64,0,77,-120,0,0,50,0,704,0,32,32,0,92,-152,0,0,100,0,288,0,48,48,0,99,-128,0,0,50,0,704,0,32,32,0,75,-106,1,0,100,0,800,0,32,32,0,87,-110,0,0,100,0,832,0,32,32,0,99,-112,0,0,100,0,768,0,32,32,0,112,-120,0,0,100,0,800,0,32,32,0,53,-122,0,0,100,0,768,0,32,32,0,39,-121,0,0,100,0,832,0,32,32,0,56,-128,0,0,100,0,832,0,32,32,0,66,-134,0,0,100,0,800,0,32,32,0,70,-139,0,0,100,0,832,0,32,32,0,35,-129,0,0,100,0,768,32,32,32,0,47,-129,0,0,100,0,832,32,32,32,0,54,-134,0,0,100,0,736,32,32,32,0,63,-140,0,0,100,0,832,32,32,32,0,72,-143,0,0,100,0,768,32,32,32,0,109,-129,1,0,100,0,768,0,32,32,0,124,-125,0,0,100,0,832,0,32,32,0,87,-144,0,0,100,0,800,0,32,32,0,78,-150,0,0,100,0,800,32,32,32,0,16,-115,0,0,50,0,864,688,160,64,0,16,-115,0,0,100,0,864,624,160,64,0,16,-147,0,1,40,0,864,752,160,80,0,32,-147,0,0,100,0,1792,160,128,80,0,16,-227,0,0,100,0,864,832,160,192,0,0,-256,0,0,100,0,192,768,192,256,0,
0,31,0,-256,0,0,100,0,0,768,192,256,0,116,-145,0,0,30,0,656,16,16,16,0,126,-133,0,0,30,0,672,16,16,16,0,55,-156,0,0,100,0,624,48,64,64,0,75,-119,0,0,50,0,704,0,32,32,0,92,-152,0,0,100,0,288,0,48,48,0,99,-128,0,0,50,0,704,0,32,32,0,75,-106,1,0,100,0,800,0,32,32,0,87,-110,0,0,100,0,832,0,32,32,0,99,-112,0,0,100,0,768,0,32,32,0,112,-120,0,0,100,0,800,0,32,32,0,53,-122,0,0,100,0,768,0,32,32,0,39,-121,0,0,100,0,832,0,32,32,0,56,-128,0,0,100,0,832,0,32,32,0,66,-134,0,0,100,0,800,0,32,32,0,70,-139,0,0,100,0,832,0,32,32,0,35,-129,0,0,100,0,768,32,32,32,0,47,-129,0,0,100,0,832,32,32,32,0,54,-134,0,0,100,0,736,32,32,32,0,63,-140,0,0,100,0,832,32,32,32,0,72,-143,0,0,100,0,768,32,32,32,0,109,-129,1,0,100,0,768,0,32,32,0,124,-125,0,0,100,0,832,0,32,32,0,87,-144,0,0,100,0,800,0,32,32,0,78,-150,0,0,100,0,800,32,32,32,0,16,-115,0,0,50,0,864,688,160,64,0,16,-115,0,0,100,0,864,624,160,64,0,16,-147,0,1,40,0,864,752,160,80,0,32,-147,0,0,100,0,1792,160,128,80,0,16,-227,0,0,100,0,864,832,160,192,0,0,-256,0,0,100,0,192,768,192,256,0,
0,29,0,-256,0,0,100,0,0,768,192,256,0,55,-153,0,0,100,0,448,48,64,64,0,73,-118,0,0,50,0,704,0,32,32,0,92,-152,0,0,100,0,288,0,48,48,0,99,-128,0,0,50,0,704,0,32,32,0,75,-106,1,0,100,0,800,0,32,32,0,87,-110,0,0,100,0,832,0,32,32,0,99,-112,0,0,100,0,768,0,32,32,0,112,-120,0,0,100,0,800,0,32,32,0,53,-122,0,0,100,0,768,0,32,32,0,39,-121,0,0,100,0,832,0,32,32,0,56,-128,0,0,100,0,832,0,32,32,0,66,-134,0,0,100,0,800,0,32,32,0,70,-139,0,0,100,0,832,0,32,32,0,35,-129,0,0,100,0,768,32,32,32,0,47,-129,0,0,100,0,832,32,32,32,0,54,-134,0,0,100,0,736,32,32,32,0,63,-140,0,0,100,0,832,32,32,32,0,72,-143,0,0,100,0,768,32,32,32,0,109,-129,1,0,100,0,768,0,32,32,0,124,-125,0,0,100,0,832,0,32,32,0,87,-144,0,0,100,0,800,0,32,32,0,78,-150,0,0,100,0,800,32,32,32,0,16,-115,0,0,50,0,864,688,160,64,0,16,-115,0,0,100,0,864,624,160,64,0,16,-147,0,1,40,0,864,752,160,80,0,32,-147,0,0,100,0,1792,160,128,80,0,16,-227,0,0,100,0,864,832,160,192,0,0,-256,0,0,100,0,192,768,192,256,0,
0,29,0,-256,0,0,100,0,0,768,192,256,0,55,-153,0,0,100,0,448,112,64,64,0,73,-118,0,0,50,0,704,0,32,32,0,92,-152,0,0,100,0,288,0,48,48,0,99,-128,0,0,50,0,704,0,32,32,0,75,-106,1,0,100,0,800,0,32,32,0,87,-110,0,0,100,0,832,0,32,32,0,99,-112,0,0,100,0,768,0,32,32,0,112,-120,0,0,100,0,800,0,32,32,0,53,-122,0,0,100,0,768,0,32,32,0,39,-121,0,0,100,0,832,0,32,32,0,56,-128,0,0,100,0,832,0,32,32,0,66,-134,0,0,100,0,800,0,32,32,0,70,-139,0,0,100,0,832,0,32,32,0,35,-129,0,0,100,0,768,32,32,32,0,47,-129,0,0,100,0,832,32,32,32,0,54,-134,0,0,100,0,736,32,32,32,0,63,-140,0,0,100,0,832,32,32,32,0,72,-143,0,0,100,0,768,32,32,32,0,109,-129,1,0,100,0,768,0,32,32,0,124,-125,0,0,100,0,832,0,32,32,0,87,-144,0,0,100,0,800,0,32,32,0,78,-150,0,0,100,0,800,32,32,32,0,16,-115,0,0,50,0,864,688,160,64,0,16,-115,0,0,100,0,864,624,160,64,0,16,-147,0,1,40,0,864,752,160,80,0,32,-147,0,0,100,0,1792,160,128,80,0,16,-227,0,0,100,0,864,832,160,192,0,0,-256,0,0,100,0,192,768,192,256,0,
0,29,0,-256,0,0,100,0,0,768,192,256,0,55,-153,0,0,100,0,448,112,64,64,0,73,-118,0,0,50,0,704,0,32,32,0,92,-152,0,0,100,0,288,0,48,48,0,99,-128,0,0,50,0,704,0,32,32,0,75,-106,1,0,100,0,800,0,32,32,0,87,-110,0,0,100,0,832,0,32,32,0,99,-112,0,0,100,0,768,0,32,32,0,112,-120,0,0,100,0,800,0,32,32,0,53,-122,0,0,100,0,768,0,32,32,0,39,-121,0,0,100,0,832,0,32,32,0,56,-128,0,0,100,0,832,0,32,32,0,66,-134,0,0,100,0,800,0,32,32,0,70,-139,0,0,100,0,832,0,32,32,0,35,-129,0,0,100,0,768,32,32,32,0,47,-129,0,0,100,0,832,32,32,32,0,54,-134,0,0,100,0,736,32,32,32,0,63,-140,0,0,100,0,832,32,32,32,0,72,-143,0,0,100,0,768,32,32,32,0,109,-129,1,0,100,0,768,0,32,32,0,124,-125,0,0,100,0,832,0,32,32,0,87,-144,0,0,100,0,800,0,32,32,0,78,-150,0,0,100,0,800,32,32,32,0,16,-115,0,0,50,0,864,688,160,64,0,16,-115,0,0,100,0,864,624,160,64,0,16,-147,0,1,40,0,864,752,160,80,0,32,-147,0,0,100,0,1792,160,128,80,0,16,-227,0,0,100,0,864,832,160,192,0,0,-256,0,0,100,0,192,768,192,256,0,
0,30,0,-256,0,0,100,0,0,768,192,256,0,97,-132,0,0,100,0,512,144,48,32,0,55,-153,0,0,100,0,448,112,64,64,0,73,-118,0,0,50,0,704,0,32,32,0,93,-149,0,0,100,0,336,0,48,48,0,100,-128,0,0,50,0,704,0,32,32,0,75,-106,1,0,100,0,800,0,32,32,0,87,-110,0,0,100,0,832,0,32,32,0,99,-112,0,0,100,0,768,0,32,32,0,112,-120,0,0,100,0,800,0,32,32,0,53,-122,0,0,100,0,768,0,32,32,0,39,-121,0,0,100,0,832,0,32,32,0,56,-128,0,0,100,0,832,0,32,32,0,66,-134,0,0,100,0,800,0,32,32,0,70,-139,0,0,100,0,832,0,32,32,0,35,-129,0,0,100,0,768,32,32,32,0,47,-129,0,0,100,0,832,32,32,32,0,54,-134,0,0,100,0,736,32,32,32,0,63,-140,0,0,100,0,832,32,32,32,0,72,-143,0,0,100,0,768,32,32,32,0,109,-129,1,0,100,0,768,0,32,32,0,124,-125,0,0,100,0,832,0,32,32,0,87,-144,0,0,100,0,800,0,32,32,0,78,-150,0,0,100,0,800,32,32,32,0,16,-115,0,0,50,0,864,688,160,64,0,16,-115,0,0,100,0,864,624,160,64,0,16,-147,0,1,40,0,864,752,160,80,0,32,-147,0,0,100,0,1792,160,128,80,0,16,-227,0,0,100,0,864,832,160,192,0,0,-256,0,0,100,0,192,768,192,256,0,
0,30,0,-256,0,0,100,0,0,768,192,256,0,97,-132,0,0,100,0,512,112,48,32,0,55,-153,0,0,100,0,448,112,64,64,0,73,-118,0,0,50,0,704,0,32,32,0,92,-149,0,0,100,0,336,0,48,48,0,99,-128,0,0,50,0,704,0,32,32,0,75,-106,1,0,100,0,800,0,32,32,0,87,-110,0,0,100,0,832,0,32,32,0,99,-112,0,0,100,0,768,0,32,32,0,112,-120,0,0,100,0,800,0,32,32,0,53,-122,0,0,100,0,768,0,32,32,0,39,-121,0,0,100,0,832,0,32,32,0,56,-128,0,0,100,0,832,0,32,32,0,66,-134,0,0,100,0,800,0,32,32,0,70,-139,0,0,100,0,832,0,32,32,0,35,-129,0,0,100,0,768,32,32,32,0,47,-129,0,0,100,0,832,32,32,32,0,54,-134,0,0,100,0,736,32,32,32,0,63,-140,0,0,100,0,832,32,32,32,0,72,-143,0,0,100,0,768,32,32,32,0,109,-129,1,0,100,0,768,0,32,32,0,124,-125,0,0,100,0,832,0,32,32,0,87,-144,0,0,100,0,800,0,32,32,0,78,-150,0,0,100,0,800,32,32,32,0,16,-115,0,0,50,0,864,688,160,64,0,16,-115,0,0,100,0,864,624,160,64,0,16,-147,0,1,40,0,864,752,160,80,0,32,-147,0,0,100,0,1792,160,128,80,0,16,-227,0,0,100,0,864,832,160,192,0,0,-256,0,0,100,0,192,768,192,256,0,
0,30,0,-256,0,0,100,0,0,768,192,256,0,97,-132,0,0,100,0,512,80,48,32,0,55,-153,0,0,100,0,448,112,64,64,0,73,-118,0,0,50,0,704,0,32,32,0,92,-149,0,0,100,0,336,0,48,48,0,99,-128,0,0,50,0,704,0,32,32,0,75,-106,1,0,100,0,800,0,32,32,0,87,-110,0,0,100,0,832,0,32,32,0,99,-112,0,0,100,0,768,0,32,32,0,112,-120,0,0,100,0,800,0,32,32,0,53,-122,0,0,100,0,768,0,32,32,0,39,-121,0,0,100,0,832,0,32,32,0,56,-128,0,0,100,0,832,0,32,32,0,66,-134,0,0,100,0,800,0,32,32,0,70,-139,0,0,100,0,832,0,32,32,0,35,-129,0,0,100,0,768,32,32,32,0,47,-129,0,0,100,0,832,32,32,32,0,54,-134,0,0,100,0,736,32,32,32,0,63,-140,0,0,100,0,832,32,32,32,0,72,-143,0,0,100,0,768,32,32,32,0,109,-129,1,0,100,0,768,0,32,32,0,124,-125,0,0,100,0,832,0,32,32,0,87,-144,0,0,100,0,800,0,32,32,0,78,-150,0,0,100,0,800,32,32,32,0,16,-115,0,0,50,0,864,688,160,64,0,16,-115,0,0,100,0,864,624,160,64,0,16,-147,0,1,40,0,864,752,160,80,0,32,-147,0,0,100,0,1792,160,128,80,0,16,-227,0,0,100,0,864,832,160,192,0,0,-256,0,0,100,0,192,768,192,256,0,
0,29,0,-256,0,0,100,0,0,768,192,256,0,55,-153,0,0,100,0,448,112,64,64,0,73,-118,0,0,50,0,704,0,32,32,0,92,-149,0,0,100,0,336,0,48,48,0,99,-128,0,0,50,0,704,0,32,32,0,75,-106,1,0,100,0,800,0,32,32,0,87,-110,0,0,100,0,832,0,32,32,0,99,-112,0,0,100,0,768,0,32,32,0,112,-120,0,0,100,0,800,0,32,32,0,53,-122,0,0,100,0,768,0,32,32,0,39,-121,0,0,100,0,832,0,32,32,0,56,-128,0,0,100,0,832,0,32,32,0,66,-134,0,0,100,0,800,0,32,32,0,70,-139,0,0,100,0,832,0,32,32,0,35,-129,0,0,100,0,768,32,32,32,0,47,-129,0,0,100,0,832,32,32,32,0,54,-134,0,0,100,0,736,32,32,32,0,63,-140,0,0,100,0,832,32,32,32,0,72,-143,0,0,100,0,768,32,32,32,0,109,-129,1,0,100,0,768,0,32,32,0,124,-125,0,0,100,0,832,0,32,32,0,87,-144,0,0,100,0,800,0,32,32,0,78,-150,0,0,100,0,800,32,32,32,0,16,-115,0,0,50,0,864,688,160,64,0,16,-115,0,0,100,0,864,624,160,64,0,16,-147,0,1,40,0,864,752,160,80,0,32,-147,0,0,100,0,1792,160,128,80,0,16,-227,0,0,100,0,864,832,160,192,0,0,-256,0,0,100,0,192,768,192,256,0,
0,29,0,-256,0,0,100,0,0,768,192,256,0,70,-153,0,0,100,0,128,112,64,64,0,75,-119,0,0,50,0,704,0,32,32,0,92,-149,0,0,100,0,336,0,48,48,0,99,-128,0,0,50,0,704,0,32,32,0,75,-106,1,0,100,0,800,0,32,32,0,87,-110,0,0,100,0,832,0,32,32,0,99,-112,0,0,100,0,768,0,32,32,0,112,-120,0,0,100,0,800,0,32,32,0,53,-122,0,0,100,0,768,0,32,32,0,39,-121,0,0,100,0,832,0,32,32,0,56,-128,0,0,100,0,832,0,32,32,0,66,-134,0,0,100,0,800,0,32,32,0,70,-139,0,0,100,0,832,0,32,32,0,35,-129,0,0,100,0,768,32,32,32,0,47,-129,0,0,100,0,832,32,32,32,0,54,-134,0,0,100,0,736,32,32,32,0,63,-140,0,0,100,0,832,32,32,32,0,72,-143,0,0,100,0,768,32,32,32,0,109,-129,1,0,100,0,768,0,32,32,0,124,-125,0,0,100,0,832,0,32,32,0,87,-144,0,0,100,0,800,0,32,32,0,78,-150,0,0,100,0,800,32,32,32,0,16,-115,0,0,50,0,864,688,160,64,0,16,-115,0,0,100,0,864,624,160,64,0,16,-147,0,1,40,0,864,752,160,80,0,32,-147,0,0,100,0,1792,160,128,80,0,16,-227,0,0,100,0,864,832,160,192,0,0,-256,0,0,100,0,192,768,192,256,0,
0,29,0,-256,0,0,100,0,0,768,192,256,0,70,-153,0,0,100,0,128,112,64,64,0,75,-119,0,0,50,0,704,0,32,32,0,92,-149,0,0,100,0,336,0,48,48,0,99,-128,0,0,50,0,704,0,32,32,0,75,-106,1,0,100,0,800,0,32,32,0,87,-110,0,0,100,0,832,0,32,32,0,99,-112,0,0,100,0,768,0,32,32,0,112,-120,0,0,100,0,800,0,32,32,0,53,-122,0,0,100,0,768,0,32,32,0,39,-121,0,0,100,0,832,0,32,32,0,56,-128,0,0,100,0,832,0,32,32,0,66,-134,0,0,100,0,800,0,32,32,0,70,-139,0,0,100,0,832,0,32,32,0,35,-129,0,0,100,0,768,32,32,32,0,47,-129,0,0,100,0,832,32,32,32,0,54,-134,0,0,100,0,736,32,32,32,0,63,-140,0,0,100,0,832,32,32,32,0,72,-143,0,0,100,0,768,32,32,32,0,109,-129,1,0,100,0,768,0,32,32,0,124,-125,0,0,100,0,832,0,32,32,0,87,-144,0,0,100,0,800,0,32,32,0,78,-150,0,0,100,0,800,32,32,32,0,16,-115,0,0,50,0,864,688,160,64,0,16,-115,0,0,100,0,864,624,160,64,0,16,-147,0,1,40,0,864,752,160,80,0,32,-147,0,0,100,0,1792,160,128,80,0,16,-227,0,0,100,0,864,832,160,192,0,0,-256,0,0,100,0,192,768,192,256,0,
0,31,0,-256,0,0,100,0,0,768,192,256,0,112,-132,0,0,100,0,720,160,32,32,0,70,-152,0,0,100,0,64,112,64,64,0,75,-117,0,0,50,0,704,0,32,32,0,91,-148,0,0,100,0,432,0,48,48,0,101,-127,0,0,50,0,704,0,32,32,0,30,-155,0,0,30,0,1232,944,64,80,0,67,-108,1,0,100,0,768,0,32,32,0,82,-104,0,0,100,0,832,0,32,32,0,89,-113,1,0,100,0,800,0,32,32,0,101,-117,0,0,100,0,832,0,32,32,0,113,-119,0,0,100,0,768,0,32,32,0,126,-127,0,0,100,0,800,0,32,32,0,45,-123,0,0,100,0,800,0,32,32,0,67,-129,0,0,100,0,768,0,32,32,0,53,-128,0,0,100,0,832,0,32,32,0,70,-135,0,0,100,0,832,0,32,32,0,80,-141,0,0,100,0,800,0,32,32,0,84,-146,0,0,100,0,832,0,32,32,0,36,-129,0,0,100,0,800,32,32,32,0,49,-136,0,0,100,0,768,32,32,32,0,61,-136,0,0,100,0,832,32,32,32,0,68,-141,0,0,100,0,736,32,32,32,0,77,-147,0,0,100,0,832,32,32,32,0,86,-150,0,0,100,0,768,32,32,32,0,16,-115,0,0,50,0,864,688,160,64,0,16,-115,0,0,100,0,864,624,160,64,0,16,-147,0,1,40,0,864,752,160,80,0,32,-147,0,0,100,0,1664,240,128,80,0,16,-227,0,0,100,0,864,832,160,192,0,0,-256,0,0,100,0,192,768,192,256,0,
0,31,0,-256,0,0,100,0,0,768,192,256,0,112,-132,0,0,100,0,720,128,32,32,0,70,-152,0,0,100,0,64,112,64,64,0,75,-117,0,0,50,0,704,0,32,32,0,91,-148,0,0,100,0,432,0,48,48,0,101,-127,0,0,50,0,704,0,32,32,0,30,-155,0,0,60,0,1232,944,64,80,0,67,-108,1,0,100,0,768,0,32,32,0,82,-104,0,0,100,0,832,0,32,32,0,89,-113,1,0,100,0,800,0,32,32,0,101,-117,0,0,100,0,832,0,32,32,0,113,-119,0,0,100,0,768,0,32,32,0,126,-127,0,0,100,0,800,0,32,32,0,45,-123,0,0,100,0,800,0,32,32,0,67,-129,0,0,100,0,768,0,32,32,0,53,-128,0,0,100,0,832,0,32,32,0,70,-135,0,0,100,0,832,0,32,32,0,80,-141,0,0,100,0,800,0,32,32,0,84,-146,0,0,100,0,832,0,32,32,0,36,-129,0,0,100,0,800,32,32,32,0,49,-136,0,0,100,0,768,32,32,32,0,61,-136,0,0,100,0,832,32,32,32,0,68,-141,0,0,100,0,736,32,32,32,0,77,-147,0,0,100,0,832,32,32,32,0,86,-150,0,0,100,0,768,32,32,32,0,16,-115,0,0,50,0,864,688,160,64,0,16,-115,0,0,100,0,864,624,160,64,0,16,-147,0,1,40,0,864,752,160,80,0,32,-147,0,0,100,0,1664,240,128,80,0,16,-227,0,0,100,0,864,832,160,192,0,0,-256,0,0,100,0,192,768,192,256,0,
0,30,0,-256,0,0,100,0,0,768,192,256,0,71,-152,0,0,100,0,128,112,64,64,0,76,-117,0,0,50,0,704,0,32,32,0,92,-148,0,0,100,0,384,0,48,48,0,102,-127,0,0,50,0,704,0,32,32,0,32,-156,0,0,100,0,1296,944,64,80,0,69,-109,1,0,100,0,768,0,32,32,0,84,-105,0,0,100,0,832,0,32,32,0,91,-114,1,0,100,0,800,0,32,32,0,103,-118,0,0,100,0,832,0,32,32,0,115,-120,0,0,100,0,768,0,32,32,0,128,-128,0,0,100,0,800,0,32,32,0,47,-124,0,0,100,0,800,0,32,32,0,69,-130,0,0,100,0,768,0,32,32,0,55,-129,0,0,100,0,832,0,32,32,0,72,-136,0,0,100,0,832,0,32,32,0,82,-142,0,0,100,0,800,0,32,32,0,86,-147,0,0,100,0,832,0,32,32,0,38,-130,0,0,100,0,800,32,32,32,0,51,-137,0,0,100,0,768,32,32,32,0,63,-137,0,0,100,0,832,32,32,32,0,70,-142,0,0,100,0,736,32,32,32,0,79,-148,0,0,100,0,832,32,32,32,0,88,-151,0,0,60,0,768,32,32,32,0,16,-115,0,0,50,0,864,688,160,64,0,16,-115,0,0,100,0,864,624,160,64,0,16,-147,0,1,40,0,864,752,160,80,0,32,-147,0,0,100,0,1792,240,128,80,0,16,-227,0,0,100,0,864,832,160,192,0,0,-256,0,0,100,0,192,768,192,256,0,
0,30,0,-256,0,0,100,0,0,768,192,256,0,71,-152,0,0,100,0,128,112,64,64,0,76,-117,0,0,50,0,704,0,32,32,0,92,-148,0,0,100,0,384,0,48,48,0,102,-127,0,0,50,0,704,0,32,32,0,32,-156,0,0,100,0,1296,944,64,80,0,69,-109,1,0,100,0,768,0,32,32,0,84,-105,0,0,100,0,832,0,32,32,0,91,-114,1,0,100,0,800,0,32,32,0,103,-118,0,0,100,0,832,0,32,32,0,115,-120,0,0,100,0,768,0,32,32,0,128,-128,0,0,100,0,800,0,32,32,0,47,-124,0,0,100,0,800,0,32,32,0,69,-130,0,0,100,0,768,0,32,32,0,55,-129,0,0,100,0,832,0,32,32,0,72,-136,0,0,100,0,832,0,32,32,0,82,-142,0,0,100,0,800,0,32,32,0,86,-147,0,0,100,0,832,0,32,32,0,38,-130,0,0,100,0,800,32,32,32,0,51,-137,0,0,100,0,768,32,32,32,0,63,-137,0,0,100,0,832,32,32,32,0,70,-142,0,0,100,0,736,32,32,32,0,79,-148,0,0,100,0,832,32,32,32,0,88,-151,0,0,30,0,768,32,32,32,0,16,-115,0,0,50,0,864,688,160,64,0,16,-115,0,0,100,0,864,624,160,64,0,16,-147,0,1,40,0,864,752,160,80,0,32,-147,0,0,100,0,1792,240,128,80,0,16,-227,0,0,100,0,864,832,160,192,0,0,-256,0,0,100,0,192,768,192,256,0,
0,29,0,-256,0,0,100,0,0,768,192,256,0,72,-153,0,0,100,0,0,112,64,64,0,77,-118,0,0,50,0,704,0,32,32,0,93,-149,0,0,100,0,432,0,48,48,0,103,-128,0,0,50,0,704,0,32,32,0,32,-156,0,0,100,0,1296,944,64,80,0,69,-109,1,0,100,0,768,0,32,32,0,84,-105,0,0,100,0,832,0,32,32,0,91,-114,1,0,100,0,800,0,32,32,0,103,-118,0,0,100,0,832,0,32,32,0,115,-120,0,0,100,0,768,0,32,32,0,128,-128,0,0,60,0,800,0,32,32,0,47,-124,0,0,100,0,800,0,32,32,0,69,-130,0,0,100,0,768,0,32,32,0,55,-129,0,0,100,0,832,0,32,32,0,72,-136,0,0,100,0,832,0,32,32,0,82,-142,0,0,100,0,800,0,32,32,0,86,-147,0,0,100,0,832,0,32,32,0,38,-130,0,0,100,0,800,32,32,32,0,51,-137,0,0,100,0,768,32,32,32,0,63,-137,0,0,100,0,832,32,32,32,0,70,-142,0,0,100,0,736,32,32,32,0,79,-148,0,0,100,0,832,32,32,32,0,16,-115,0,0,50,0,864,688,160,64,0,16,-115,0,0,100,0,864,624,160,64,0,16,-147,0,1,40,0,864,752,160,80,0,32,-147,0,0,100,0,1792,240,128,80,0,16,-227,0,0,100,0,864,832,160,192,0,0,-256,0,0,100,0,192,768,192,256,0,
0,29,0,-256,0,0,100,0,0,768,192,256,0,72,-153,0,0,100,0,0,112,64,64,0,77,-118,0,0,50,0,704,0,32,32,0,93,-149,0,0,100,0,432,0,48,48,0,32,-156,0,0,100,0,1296,944,64,80,0,103,-128,0,0,50,0,704,0,32,32,0,69,-109,1,0,100,0,768,0,32,32,0,84,-105,0,0,100,0,832,0,32,32,0,91,-114,1,0,100,0,800,0,32,32,0,103,-118,0,0,100,0,832,0,32,32,0,115,-120,0,0,100,0,768,0,32,32,0,128,-128,0,0,30,0,800,0,32,32,0,47,-124,0,0,100,0,800,0,32,32,0,69,-130,0,0,100,0,768,0,32,32,0,55,-129,0,0,100,0,832,0,32,32,0,72,-136,0,0,100,0,832,0,32,32,0,82,-142,0,0,100,0,800,0,32,32,0,86,-147,0,0,100,0,832,0,32,32,0,38,-130,0,0,100,0,800,32,32,32,0,51,-137,0,0,100,0,768,32,32,32,0,63,-137,0,0,100,0,832,32,32,32,0,70,-142,0,0,100,0,736,32,32,32,0,79,-148,0,0,100,0,832,32,32,32,0,16,-115,0,0,50,0,864,688,160,64,0,16,-115,0,0,100,0,864,624,160,64,0,16,-147,0,1,40,0,864,752,160,80,0,32,-147,0,0,100,0,1792,240,128,80,0,16,-227,0,0,100,0,864,832,160,192,0,0,-256,0,0,100,0,192,768,192,256,0,
0,30,0,-256,0,0,100,0,0,768,192,256,0,113,-132,0,0,100,0,720,160,32,32,0,71,-152,0,0,100,0,64,112,64,64,0,76,-117,0,0,50,0,704,0,32,32,0,92,-148,0,0,100,0,384,0,48,48,0,71,-101,1,0,30,0,832,0,32,32,0,34,-157,0,0,100,0,1360,944,64,80,0,102,-127,0,0,50,0,704,0,32,32,0,71,-110,1,0,100,0,768,0,32,32,0,86,-106,0,0,100,0,832,0,32,32,0,93,-115,1,0,100,0,800,0,32,32,0,105,-119,0,0,100,0,832,0,32,32,0,117,-121,0,0,100,0,768,0,32,32,0,49,-125,0,0,100,0,800,0,32,32,0,71,-131,0,0,100,0,768,0,32,32,0,57,-130,0,0,100,0,832,0,32,32,0,74,-137,0,0,100,0,832,0,32,32,0,84,-143,0,0,100,0,800,0,32,32,0,88,-148,0,0,100,0,832,0,32,32,0,40,-131,0,0,100,0,800,32,32,32,0,53,-138,0,0,100,0,768,32,32,32,0,65,-138,0,0,100,0,832,32,32,32,0,72,-143,0,0,100,0,736,32,32,32,0,81,-149,0,0,100,0,832,32,32,32,0,16,-115,0,0,50,0,864,688,160,64,0,16,-115,0,0,100,0,864,624,160,64,0,16,-147,0,1,40,0,864,752,160,80,0,32,-147,0,0,100,0,1920,240,128,80,0,16,-227,0,0,100,0,864,832,160,192,0,0,-256,0,0,100,0,192,768,192,256,0,
0,30,0,-256,0,0,100,0,0,768,192,256,0,113,-132,0,0,100,0,720,128,32,32,0,71,-152,0,0,100,0,64,112,64,64,0,76,-117,0,0,50,0,704,0,32,32,0,92,-148,0,0,100,0,384,0,48,48,0,71,-101,1,0,60,0,832,0,32,32,0,34,-157,0,0,100,0,1360,944,64,80,0,102,-127,0,0,50,0,704,0,32,32,0,71,-110,1,0,100,0,768,0,32,32,0,86,-106,0,0,100,0,832,0,32,32,0,93,-115,1,0,100,0,800,0,32,32,0,105,-119,0,0,100,0,832,0,32,32,0,117,-121,0,0,100,0,768,0,32,32,0,49,-125,0,0,100,0,800,0,32,32,0,71,-131,0,0,100,0,768,0,32,32,0,57,-130,0,0,100,0,832,0,32,32,0,74,-137,0,0,100,0,832,0,32,32,0,84,-143,0,0,100,0,800,0,32,32,0,88,-148,0,0,100,0,832,0,32,32,0,40,-131,0,0,100,0,800,32,32,32,0,53,-138,0,0,100,0,768,32,32,32,0,65,-138,0,0,100,0,832,32,32,32,0,72,-143,0,0,100,0,736,32,32,32,0,81,-149,0,0,100,0,832,32,32,32,0,16,-115,0,0,50,0,864,688,160,64,0,16,-115,0,0,100,0,864,624,160,64,0,16,-147,0,1,40,0,864,752,160,80,0,32,-147,0,0,100,0,1920,240,128,80,0,16,-227,0,0,100,0,864,832,160,192,0,0,-256,0,0,100,0,192,768,192,256,0,
0,29,0,-256,0,0,100,0,0,768,192,256,0,71,-152,0,0,100,0,128,112,64,64,0,76,-117,0,0,50,0,704,0,32,32,0,92,-148,0,0,100,0,432,0,48,48,0,73,-102,1,0,100,0,832,0,32,32,0,36,-174,0,0,100,0,1424,928,64,96,0,102,-127,0,0,50,0,704,0,32,32,0,73,-111,1,0,100,0,768,0,32,32,0,88,-107,0,0,100,0,832,0,32,32,0,95,-116,1,0,100,0,800,0,32,32,0,107,-120,0,0,100,0,832,0,32,32,0,119,-122,0,0,100,0,768,0,32,32,0,51,-126,0,0,100,0,800,0,32,32,0,73,-132,0,0,100,0,768,0,32,32,0,59,-131,0,0,100,0,832,0,32,32,0,76,-138,0,0,100,0,832,0,32,32,0,86,-144,0,0,100,0,800,0,32,32,0,90,-149,0,0,100,0,832,0,32,32,0,42,-132,0,0,100,0,800,32,32,32,0,55,-139,0,0,100,0,768,32,32,32,0,67,-139,0,0,100,0,832,32,32,32,0,74,-144,0,0,100,0,736,32,32,32,0,83,-150,0,0,100,0,832,32,32,32,0,16,-115,0,0,50,0,864,688,160,64,0,16,-115,0,0,100,0,864,624,160,64,0,16,-147,0,1,40,0,864,752,160,80,0,32,-147,0,0,100,0,1024,320,128,80,0,16,-227,0,0,100,0,864,832,160,192,0,0,-256,0,0,100,0,192,768,192,256,0,
0,29,0,-256,0,0,100,0,0,768,192,256,0,71,-152,0,0,100,0,128,112,64,64,0,76,-117,0,0,50,0,704,0,32,32,0,92,-148,0,0,100,0,432,0,48,48,0,73,-102,1,0,100,0,832,0,32,32,0,36,-174,0,0,100,0,1424,928,64,96,0,102,-127,0,0,50,0,704,0,32,32,0,73,-111,1,0,100,0,768,0,32,32,0,88,-107,0,0,100,0,832,0,32,32,0,95,-116,1,0,100,0,800,0,32,32,0,107,-120,0,0,100,0,832,0,32,32,0,119,-122,0,0,100,0,768,0,32,32,0,51,-126,0,0,100,0,800,0,32,32,0,73,-132,0,0,100,0,768,0,32,32,0,59,-131,0,0,100,0,832,0,32,32,0,76,-138,0,0,100,0,832,0,32,32,0,86,-144,0,0,100,0,800,0,32,32,0,90,-149,0,0,100,0,832,0,32,32,0,42,-132,0,0,100,0,800,32,32,32,0,55,-139,0,0,100,0,768,32,32,32,0,67,-139,0,0,100,0,832,32,32,32,0,74,-144,0,0,100,0,736,32,32,32,0,83,-150,0,0,100,0,832,32,32,32,0,16,-115,0,0,50,0,864,688,160,64,0,16,-115,0,0,100,0,864,624,160,64,0,16,-147,0,1,40,0,864,752,160,80,0,32,-147,0,0,100,0,1024,320,128,80,0,16,-227,0,0,100,0,864,832,160,192,0,0,-256,0,0,100,0,192,768,192,256,0,
0,29,0,-256,0,0,100,0,0,768,192,256,0,72,-153,0,0,100,0,0,112,64,64,0,77,-118,0,0,50,0,704,0,32,32,0,93,-149,0,0,100,0,384,0,48,48,0,73,-102,1,0,100,0,832,0,32,32,0,36,-174,0,0,100,0,1424,928,64,96,0,103,-128,0,0,50,0,704,0,32,32,0,73,-111,1,0,100,0,768,0,32,32,0,88,-107,0,0,100,0,832,0,32,32,0,95,-116,1,0,100,0,800,0,32,32,0,107,-120,0,0,100,0,832,0,32,32,0,119,-122,0,0,100,0,768,0,32,32,0,51,-126,0,0,100,0,800,0,32,32,0,73,-132,0,0,100,0,768,0,32,32,0,59,-131,0,0,100,0,832,0,32,32,0,76,-138,0,0,100,0,832,0,32,32,0,86,-144,0,0,100,0,800,0,32,32,0,90,-149,0,0,60,0,832,0,32,32,0,42,-132,0,0,100,0,800,32,32,32,0,55,-139,0,0,100,0,768,32,32,32,0,67,-139,0,0,100,0,832,32,32,32,0,74,-144,0,0,100,0,736,32,32,32,0,83,-150,0,0,100,0,832,32,32,32,0,16,-115,0,0,50,0,864,688,160,64,0,16,-115,0,0,100,0,864,624,160,64,0,16,-147,0,1,40,0,864,752,160,80,0,32,-147,0,0,100,0,1024,320,128,80,0,16,-227,0,0,100,0,864,832,160,192,0,0,-256,0,0,100,0,192,768,192,256,0,
0,29,0,-256,0,0,100,0,0,768,192,256,0,72,-153,0,0,100,0,0,112,64,64,0,77,-118,0,0,50,0,704,0,32,32,0,93,-149,0,0,100,0,384,0,48,48,0,103,-128,0,0,50,0,704,0,32,32,0,73,-102,1,0,100,0,832,0,32,32,0,36,-174,0,0,100,0,1424,928,64,96,0,73,-111,1,0,100,0,768,0,32,32,0,88,-107,0,0,100,0,832,0,32,32,0,95,-116,1,0,100,0,800,0,32,32,0,107,-120,0,0,100,0,832,0,32,32,0,119,-122,0,0,100,0,768,0,32,32,0,51,-126,0,0,100,0,800,0,32,32,0,73,-132,0,0,100,0,768,0,32,32,0,59,-131,0,0,100,0,832,0,32,32,0,76,-138,0,0,100,0,832,0,32,32,0,86,-144,0,0,100,0,800,0,32,32,0,90,-149,0,0,30,0,832,0,32,32,0,42,-132,0,0,100,0,800,32,32,32,0,55,-139,0,0,100,0,768,32,32,32,0,67,-139,0,0,100,0,832,32,32,32,0,74,-144,0,0,100,0,736,32,32,32,0,83,-150,0,0,100,0,832,32,32,32,0,16,-115,0,0,50,0,864,688,160,64,0,16,-115,0,0,100,0,864,624,160,64,0,16,-147,0,1,40,0,864,752,160,80,0,32,-147,0,0,100,0,1024,320,128,80,0,16,-227,0,0,100,0,864,832,160,192,0,0,-256,0,0,100,0,192,768,192,256,0,
0,29,0,-256,0,0,100,0,0,768,192,256,0,113,-132,0,0,100,0,720,160,32,32,0,71,-152,0,0,100,0,64,112,64,64,0,76,-117,0,0,50,0,704,0,32,32,0,92,-148,0,0,100,0,432,0,48,48,0,102,-127,0,0,50,0,704,0,32,32,0,75,-103,1,0,100,0,832,0,32,32,0,75,-112,1,0,100,0,768,0,32,32,0,38,-175,0,0,100,0,1504,928,64,96,0,90,-108,0,0,100,0,832,0,32,32,0,97,-117,1,0,100,0,800,0,32,32,0,109,-121,0,0,100,0,832,0,32,32,0,121,-123,0,0,100,0,768,0,32,32,0,53,-127,0,0,100,0,800,0,32,32,0,75,-133,0,0,100,0,768,0,32,32,0,61,-132,0,0,100,0,832,0,32,32,0,78,-139,0,0,100,0,832,0,32,32,0,88,-145,0,0,100,0,800,0,32,32,0,44,-133,0,0,100,0,800,32,32,32,0,57,-140,0,0,100,0,768,32,32,32,0,69,-140,0,0,100,0,832,32,32,32,0,76,-145,0,0,100,0,736,32,32,32,0,85,-151,0,0,60,0,832,32,32,32,0,16,-115,0,0,50,0,864,688,160,64,0,16,-115,0,0,100,0,864,624,160,64,0,16,-147,0,1,40,0,864,752,160,80,0,32,-147,0,0,100,0,1152,320,128,80,0,16,-227,0,0,100,0,864,832,160,192,0,0,-256,0,0,100,0,192,768,192,256,0,
0,29,0,-256,0,0,100,0,0,768,192,256,0,113,-132,0,0,100,0,720,128,32,32,0,71,-152,0,0,100,0,64,112,64,64,0,76,-117,0,0,50,0,704,0,32,32,0,92,-148,0,0,100,0,432,0,48,48,0,102,-127,0,0,50,0,704,0,32,32,0,75,-103,1,0,100,0,832,0,32,32,0,75,-112,1,0,100,0,768,0,32,32,0,38,-175,0,0,100,0,1504,928,64,96,0,90,-108,0,0,100,0,832,0,32,32,0,97,-117,1,0,100,0,800,0,32,32,0,109,-121,0,0,100,0,832,0,32,32,0,121,-123,0,0,100,0,768,0,32,32,0,53,-127,0,0,100,0,800,0,32,32,0,75,-133,0,0,100,0,768,0,32,32,0,61,-132,0,0,100,0,832,0,32,32,0,78,-139,0,0,100,0,832,0,32,32,0,88,-145,0,0,100,0,800,0,32,32,0,44,-133,0,0,100,0,800,32,32,32,0,57,-140,0,0,100,0,768,32,32,32,0,69,-140,0,0,100,0,832,32,32,32,0,76,-145,0,0,100,0,736,32,32,32,0,85,-151,0,0,30,0,832,32,32,32,0,16,-115,0,0,50,0,864,688,160,64,0,16,-115,0,0,100,0,864,624,160,64,0,16,-147,0,1,40,0,864,752,160,80,0,32,-147,0,0,100,0,1152,320,128,80,0,16,-227,0,0,100,0,864,832,160,192,0,0,-256,0,0,100,0,192,768,192,256,0,
0,27,0,-256,0,0,100,0,0,768,192,256,0,72,-152,0,0,100,0,128,112,64,64,0,77,-117,0,0,50,0,704,0,32,32,0,93,-148,0,0,100,0,384,0,48,48,0,103,-127,0,0,50,0,704,0,32,32,0,77,-104,1,0,100,0,832,0,32,32,0,77,-113,1,0,100,0,768,0,32,32,0,24,-176,0,0,100,0,1568,928,80,96,0,92,-109,0,0,100,0,832,0,32,32,0,99,-118,1,0,100,0,800,0,32,32,0,111,-122,0,0,100,0,832,0,32,32,0,123,-124,0,0,100,0,768,0,32,32,0,55,-128,0,0,100,0,800,0,32,32,0,77,-134,0,0,100,0,768,0,32,32,0,63,-133,0,0,100,0,832,0,32,32,0,80,-140,0,0,100,0,832,0,32,32,0,90,-146,0,0,100,0,800,0,32,32,0,46,-134,0,0,100,0,800,32,32,32,0,59,-141,0,0,100,0,768,32,32,32,0,71,-141,0,0,100,0,832,32,32,32,0,78,-146,0,0,100,0,736,32,32,32,0,16,-115,0,0,50,0,864,688,160,64,0,16,-115,0,0,100,0,864,624,160,64,0,16,-147,0,1,40,0,864,752,160,80,0,32,-147,0,0,100,0,1280,320,128,80,0,16,-227,0,0,100,0,864,832,160,192,0,0,-256,0,0,100,0,192,768,192,256,0,
0,27,0,-256,0,0,100,0,0,768,192,256,0,72,-152,0,0,100,0,128,112,64,64,0,77,-117,0,0,50,0,704,0,32,32,0,93,-148,0,0,100,0,384,0,48,48,0,103,-127,0,0,50,0,704,0,32,32,0,77,-104,1,0,100,0,832,0,32,32,0,77,-113,1,0,100,0,768,0,32,32,0,24,-176,0,0,100,0,1568,928,80,96,0,92,-109,0,0,100,0,832,0,32,32,0,99,-118,1,0,100,0,800,0,32,32,0,111,-122,0,0,100,0,832,0,32,32,0,123,-124,0,0,100,0,768,0,32,32,0,55,-128,0,0,100,0,800,0,32,32,0,77,-134,0,0,100,0,768,0,32,32,0,63,-133,0,0,100,0,832,0,32,32,0,80,-140,0,0,100,0,832,0,32,32,0,90,-146,0,0,100,0,800,0,32,32,0,46,-134,0,0,100,0,800,32,32,32,0,59,-141,0,0,100,0,768,32,32,32,0,71,-141,0,0,100,0,832,32,32,32,0,78,-146,0,0,100,0,736,32,32,32,0,16,-115,0,0,50,0,864,688,160,64,0,16,-115,0,0,100,0,864,624,160,64,0,16,-147,0,1,40,0,864,752,160,80,0,32,-147,0,0,100,0,1280,320,128,80,0,16,-227,0,0,100,0,864,832,160,192,0,0,-256,0,0,100,0,192,768,192,256,0,
0,27,0,-256,0,0,100,0,0,768,192,256,0,73,-153,0,0,100,0,0,112,64,64,0,78,-118,0,0,50,0,704,0,32,32,0,94,-149,0,0,100,0,432,0,48,48,0,104,-128,0,0,50,0,704,0,32,32,0,77,-104,1,0,100,0,832,0,32,32,0,77,-113,1,0,100,0,768,0,32,32,0,24,-176,0,0,100,0,1568,928,80,96,0,92,-109,0,0,100,0,832,0,32,32,0,99,-118,1,0,100,0,800,0,32,32,0,111,-122,0,0,100,0,832,0,32,32,0,123,-124,0,0,100,0,768,0,32,32,0,55,-128,0,0,100,0,800,0,32,32,0,77,-134,0,0,100,0,768,0,32,32,0,63,-133,0,0,100,0,832,0,32,32,0,80,-140,0,0,100,0,832,0,32,32,0,90,-146,0,0,100,0,800,0,32,32,0,46,-134,0,0,100,0,800,32,32,32,0,59,-141,0,0,100,0,768,32,32,32,0,71,-141,0,0,100,0,832,32,32,32,0,78,-146,0,0,100,0,736,32,32,32,0,16,-115,0,0,50,0,864,688,160,64,0,16,-115,0,0,100,0,864,624,160,64,0,16,-147,0,1,40,0,864,752,160,80,0,32,-147,0,0,100,0,1280,320,128,80,0,16,-227,0,0,100,0,864,832,160,192,0,0,-256,0,0,100,0,192,768,192,256,0,
0,26,0,-256,0,0,100,0,0,768,192,256,0,73,-153,0,0,100,0,0,112,64,64,0,78,-118,0,0,50,0,704,0,32,32,0,94,-149,0,0,100,0,432,0,48,48,0,104,-128,0,0,50,0,704,0,32,32,0,77,-104,1,0,100,0,832,0,32,32,0,77,-113,1,0,100,0,768,0,32,32,0,24,-176,0,0,100,0,1568,928,80,96,0,92,-109,0,0,100,0,832,0,32,32,0,99,-118,1,0,100,0,800,0,32,32,0,111,-122,0,0,100,0,832,0,32,32,0,123,-124,0,0,100,0,768,0,32,32,0,77,-134,0,0,100,0,768,0,32,32,0,63,-133,0,0,100,0,832,0,32,32,0,80,-140,0,0,100,0,832,0,32,32,0,90,-146,0,0,100,0,800,0,32,32,0,46,-134,0,0,100,0,800,32,32,32,0,59,-141,0,0,100,0,768,32,32,32,0,71,-141,0,0,100,0,832,32,32,32,0,78,-146,0,0,100,0,736,32,32,32,0,16,-115,0,0,50,0,864,688,160,64,0,16,-115,0,0,100,0,864,624,160,64,0,16,-147,0,1,40,0,864,752,160,80,0,32,-147,0,0,100,0,1280,320,128,80,0,16,-227,0,0,100,0,864,832,160,192,0,0,-256,0,0,100,0,192,768,192,256,0,
0,28,0,-256,0,0,100,0,0,768,192,256,0,114,-132,0,0,100,0,720,160,32,32,0,72,-152,0,0,100,0,64,112,64,64,0,77,-117,0,0,50,0,704,0,32,32,0,93,-148,0,0,100,0,384,0,48,48,0,103,-127,0,0,50,0,704,0,32,32,0,79,-105,1,0,100,0,832,0,32,32,0,79,-114,1,0,100,0,768,0,32,32,0,26,-177,0,0,100,0,1648,928,80,96,0,94,-110,0,0,100,0,832,0,32,32,0,101,-119,1,0,100,0,800,0,32,32,0,113,-123,0,0,100,0,832,0,32,32,0,125,-125,0,0,100,0,768,0,32,32,0,57,-129,0,0,100,0,800,0,32,32,0,79,-135,0,0,100,0,768,0,32,32,0,65,-134,0,0,100,0,832,0,32,32,0,82,-141,0,0,100,0,832,0,32,32,0,92,-147,0,0,60,0,800,0,32,32,0,48,-135,0,0,100,0,800,32,32,32,0,61,-142,0,0,100,0,768,32,32,32,0,73,-142,0,0,100,0,832,32,32,32,0,80,-147,0,0,100,0,736,32,32,32,0,16,-115,0,0,50,0,864,688,160,64,0,16,-115,0,0,100,0,864,624,160,64,0,16,-147,0,1,40,0,864,752,160,80,0,32,-147,0,0,100,0,1408,320,128,80,0,16,-227,0,0,100,0,864,832,160,192,0,0,-256,0,0,100,0,192,768,192,256,0,
0,28,0,-256,0,0,100,0,0,768,192,256,0,114,-132,0,0,100,0,720,128,32,32,0,72,-152,0,0,100,0,64,112,64,64,0,77,-117,0,0,50,0,704,0,32,32,0,93,-148,0,0,100,0,384,0,48,48,0,103,-127,0,0,50,0,704,0,32,32,0,79,-105,1,0,100,0,832,0,32,32,0,79,-114,1,0,100,0,768,0,32,32,0,26,-177,0,0,100,0,1648,928,80,96,0,94,-110,0,0,100,0,832,0,32,32,0,101,-119,1,0,100,0,800,0,32,32,0,113,-123,0,0,100,0,832,0,32,32,0,125,-125,0,0,100,0,768,0,32,32,0,57,-129,0,0,100,0,800,0,32,32,0,79,-135,0,0,100,0,768,0,32,32,0,65,-134,0,0,100,0,832,0,32,32,0,82,-141,0,0,100,0,832,0,32,32,0,92,-147,0,0,30,0,800,0,32,32,0,48,-135,0,0,100,0,800,32,32,32,0,61,-142,0,0,100,0,768,32,32,32,0,73,-142,0,0,100,0,832,32,32,32,0,80,-147,0,0,100,0,736,32,32,32,0,16,-115,0,0,50,0,864,688,160,64,0,16,-115,0,0,100,0,864,624,160,64,0,16,-147,0,1,40,0,864,752,160,80,0,32,-147,0,0,100,0,1408,320,128,80,0,16,-227,0,0,100,0,864,832,160,192,0,0,-256,0,0,100,0,192,768,192,256,0,
0,26,0,-256,0,0,100,0,0,768,192,256,0,72,-152,0,0,100,0,128,112,64,64,0,77,-117,0,0,50,0,704,0,32,32,0,93,-148,0,0,100,0,432,0,48,48,0,103,-127,0,0,50,0,704,0,32,32,0,81,-106,1,0,100,0,832,0,32,32,0,81,-115,1,0,100,0,768,0,32,32,0,28,-178,0,0,100,0,1728,928,80,96,0,96,-111,0,0,100,0,832,0,32,32,0,103,-120,1,0,100,0,800,0,32,32,0,115,-124,0,0,100,0,832,0,32,32,0,127,-126,0,0,100,0,768,0,32,32,0,59,-130,0,0,100,0,800,0,32,32,0,81,-136,0,0,100,0,768,0,32,32,0,67,-135,0,0,100,0,832,0,32,32,0,84,-142,0,0,100,0,832,0,32,32,0,50,-136,0,0,100,0,800,32,32,32,0,63,-143,0,0,100,0,768,32,32,32,0,75,-143,0,0,100,0,832,32,32,32,0,82,-148,0,0,100,0,736,32,32,32,0,16,-115,0,0,50,0,864,688,160,64,0,16,-115,0,0,100,0,864,624,160,64,0,16,-147,0,1,40,0,864,752,160,80,0,32,-147,0,0,100,0,1536,320,128,80,0,16,-227,0,0,100,0,864,832,160,192,0,0,-256,0,0,100,0,192,768,192,256,0,
0,26,0,-256,0,0,100,0,0,768,192,256,0,72,-152,0,0,100,0,128,112,64,64,0,77,-117,0,0,50,0,704,0,32,32,0,93,-148,0,0,100,0,432,0,48,48,0,103,-127,0,0,50,0,704,0,32,32,0,81,-106,1,0,100,0,832,0,32,32,0,81,-115,1,0,100,0,768,0,32,32,0,28,-178,0,0,100,0,1728,928,80,96,0,96,-111,0,0,100,0,832,0,32,32,0,103,-120,1,0,100,0,800,0,32,32,0,115,-124,0,0,100,0,832,0,32,32,0,127,-126,0,0,100,0,768,0,32,32,0,59,-130,0,0,100,0,800,0,32,32,0,81,-136,0,0,100,0,768,0,32,32,0,67,-135,0,0,100,0,832,0,32,32,0,84,-142,0,0,100,0,832,0,32,32,0,50,-136,0,0,100,0,800,32,32,32,0,63,-143,0,0,100,0,768,32,32,32,0,75,-143,0,0,100,0,832,32,32,32,0,82,-148,0,0,100,0,736,32,32,32,0,16,-115,0,0,50,0,864,688,160,64,0,16,-115,0,0,100,0,864,624,160,64,0,16,-147,0,1,40,0,864,752,160,80,0,32,-147,0,0,100,0,1536,320,128,80,0,16,-227,0,0,100,0,864,832,160,192,0,0,-256,0,0,100,0,192,768,192,256,0,
0,26,0,-256,0,0,100,0,0,768,192,256,0,73,-153,0,0,100,0,0,112,64,64,0,78,-118,0,0,50,0,704,0,32,32,0,94,-149,0,0,100,0,384,0,48,48,0,104,-128,0,0,50,0,704,0,32,32,0,81,-106,1,0,100,0,832,0,32,32,0,81,-115,1,0,100,0,768,0,32,32,0,28,-178,0,0,100,0,1728,928,80,96,0,96,-111,0,0,100,0,832,0,32,32,0,103,-120,1,0,100,0,800,0,32,32,0,115,-124,0,0,100,0,832,0,32,32,0,127,-126,0,0,100,0,768,0,32,32,0,59,-130,0,0,100,0,800,0,32,32,0,81,-136,0,0,100,0,768,0,32,32,0,67,-135,0,0,100,0,832,0,32,32,0,84,-142,0,0,100,0,832,0,32,32,0,50,-136,0,0,100,0,800,32,32,32,0,63,-143,0,0,100,0,768,32,32,32,0,75,-143,0,0,100,0,832,32,32,32,0,82,-148,0,0,100,0,736,32,32,32,0,16,-115,0,0,50,0,864,688,160,64,0,16,-115,0,0,100,0,864,624,160,64,0,16,-147,0,1,40,0,864,752,160,80,0,32,-147,0,0,100,0,1536,320,128,80,0,16,-227,0,0,100,0,864,832,160,192,0,0,-256,0,0,100,0,192,768,192,256,0,
0,26,0,-256,0,0,100,0,0,768,192,256,0,73,-153,0,0,100,0,0,112,64,64,0,78,-118,0,0,50,0,704,0,32,32,0,94,-149,0,0,100,0,384,0,48,48,0,104,-128,0,0,50,0,704,0,32,32,0,81,-106,1,0,100,0,832,0,32,32,0,81,-115,1,0,100,0,768,0,32,32,0,28,-178,0,0,100,0,1728,928,80,96,0,96,-111,0,0,100,0,832,0,32,32,0,103,-120,1,0,100,0,800,0,32,32,0,115,-124,0,0,100,0,832,0,32,32,0,127,-126,0,0,100,0,768,0,32,32,0,59,-130,0,0,100,0,800,0,32,32,0,81,-136,0,0,100,0,768,0,32,32,0,67,-135,0,0,100,0,832,0,32,32,0,84,-142,0,0,100,0,832,0,32,32,0,50,-136,0,0,100,0,800,32,32,32,0,63,-143,0,0,100,0,768,32,32,32,0,75,-143,0,0,100,0,832,32,32,32,0,82,-148,0,0,100,0,736,32,32,32,0,16,-115,0,0,50,0,864,688,160,64,0,16,-115,0,0,100,0,864,624,160,64,0,16,-147,0,1,40,0,864,752,160,80,0,32,-147,0,0,100,0,1536,320,128,80,0,16,-227,0,0,100,0,864,832,160,192,0,0,-256,0,0,100,0,192,768,192,256,0,
0,27,0,-256,0,0,100,0,0,768,192,256,0,114,-132,0,0,100,0,720,160,32,32,0,72,-152,0,0,100,0,64,112,64,64,0,77,-117,0,0,50,0,704,0,32,32,0,93,-148,0,0,100,0,432,0,48,48,0,103,-127,0,0,50,0,704,0,32,32,0,83,-107,1,0,100,0,832,0,32,32,0,83,-116,1,0,100,0,768,0,32,32,0,30,-195,0,0,100,0,1232,1040,80,112,0,98,-112,0,0,100,0,832,0,32,32,0,105,-121,1,0,100,0,800,0,32,32,0,117,-125,0,0,100,0,832,0,32,32,0,129,-127,0,0,100,0,768,0,32,32,0,61,-131,0,0,100,0,800,0,32,32,0,83,-137,0,0,100,0,768,0,32,32,0,69,-136,0,0,100,0,832,0,32,32,0,86,-143,0,0,100,0,832,0,32,32,0,52,-137,0,0,100,0,800,32,32,32,0,65,-144,0,0,100,0,768,32,32,32,0,77,-144,0,0,100,0,832,32,32,32,0,84,-149,0,0,60,0,736,32,32,32,0,16,-115,0,0,50,0,864,688,160,64,0,16,-115,0,0,100,0,864,624,160,64,0,16,-147,0,1,40,0,864,752,160,80,0,32,-147,0,0,100,0,1664,320,128,80,0,16,-227,0,0,100,0,864,832,160,192,0,0,-256,0,0,100,0,192,768,192,256,0,
0,27,0,-256,0,0,100,0,0,768,192,256,0,114,-132,0,0,100,0,720,128,32,32,0,72,-152,0,0,100,0,64,112,64,64,0,77,-117,0,0,50,0,704,0,32,32,0,93,-148,0,0,100,0,432,0,48,48,0,103,-127,0,0,50,0,704,0,32,32,0,83,-107,1,0,100,0,832,0,32,32,0,83,-116,1,0,100,0,768,0,32,32,0,30,-195,0,0,100,0,1232,1040,80,112,0,98,-112,0,0,100,0,832,0,32,32,0,105,-121,1,0,100,0,800,0,32,32,0,117,-125,0,0,100,0,832,0,32,32,0,129,-127,0,0,100,0,768,0,32,32,0,61,-131,0,0,100,0,800,0,32,32,0,83,-137,0,0,100,0,768,0,32,32,0,69,-136,0,0,100,0,832,0,32,32,0,86,-143,0,0,100,0,832,0,32,32,0,52,-137,0,0,100,0,800,32,32,32,0,65,-144,0,0,100,0,768,32,32,32,0,77,-144,0,0,100,0,832,32,32,32,0,84,-149,0,0,30,0,736,32,32,32,0,16,-115,0,0,50,0,864,688,160,64,0,16,-115,0,0,100,0,864,624,160,64,0,16,-147,0,1,40,0,864,752,160,80,0,32,-147,0,0,100,0,1664,320,128,80,0,16,-227,0,0,100,0,864,832,160,192,0,0,-256,0,0,100,0,192,768,192,256,0,
0,25,0,-256,0,0,100,0,0,768,192,256,0,73,-152,0,0,100,0,128,112,64,64,0,78,-117,0,0,50,0,704,0,32,32,0,94,-148,0,0,100,0,384,0,48,48,0,104,-127,0,0,50,0,704,0,32,32,0,85,-108,1,0,100,0,832,0,32,32,0,85,-117,1,0,100,0,768,0,32,32,0,32,-196,0,0,100,0,1312,1040,80,112,0,100,-113,0,0,100,0,832,0,32,32,0,107,-122,1,0,100,0,800,0,32,32,0,119,-126,0,0,100,0,832,0,32,32,0,131,-128,0,0,100,0,768,0,32,32,0,63,-132,0,0,100,0,800,0,32,32,0,85,-138,0,0,100,0,768,0,32,32,0,71,-137,0,0,100,0,832,0,32,32,0,88,-144,0,0,100,0,832,0,32,32,0,54,-138,0,0,100,0,800,32,32,32,0,67,-145,0,0,100,0,768,32,32,32,0,79,-145,0,0,100,0,832,32,32,32,0,16,-115,0,0,50,0,864,688,160,64,0,16,-115,0,0,100,0,864,624,160,64,0,16,-147,0,1,40,0,864,752,160,80,0,32,-147,0,0,100,0,1792,320,128,80,0,16,-227,0,0,100,0,864,832,160,192,0,0,-256,0,0,100,0,192,768,192,256,0,
0,25,0,-256,0,0,100,0,0,768,192,256,0,73,-152,0,0,100,0,128,112,64,64,0,78,-117,0,0,50,0,704,0,32,32,0,94,-148,0,0,100,0,384,0,48,48,0,104,-127,0,0,50,0,704,0,32,32,0,85,-108,1,0,100,0,832,0,32,32,0,85,-117,1,0,100,0,768,0,32,32,0,32,-196,0,0,100,0,1312,1040,80,112,0,100,-113,0,0,100,0,832,0,32,32,0,107,-122,1,0,100,0,800,0,32,32,0,119,-126,0,0,100,0,832,0,32,32,0,131,-128,0,0,100,0,768,0,32,32,0,63,-132,0,0,100,0,800,0,32,32,0,85,-138,0,0,100,0,768,0,32,32,0,71,-137,0,0,100,0,832,0,32,32,0,88,-144,0,0,100,0,832,0,32,32,0,54,-138,0,0,100,0,800,32,32,32,0,67,-145,0,0,100,0,768,32,32,32,0,79,-145,0,0,100,0,832,32,32,32,0,16,-115,0,0,50,0,864,688,160,64,0,16,-115,0,0,100,0,864,624,160,64,0,16,-147,0,1,40,0,864,752,160,80,0,32,-147,0,0,100,0,1792,320,128,80,0,16,-227,0,0,100,0,864,832,160,192,0,0,-256,0,0,100,0,192,768,192,256,0,
0,25,0,-256,0,0,100,0,0,768,192,256,0,74,-153,0,0,100,0,0,112,64,64,0,79,-118,0,0,50,0,704,0,32,32,0,95,-149,0,0,100,0,432,0,48,48,0,105,-128,0,0,50,0,704,0,32,32,0,85,-108,1,0,100,0,832,0,32,32,0,85,-117,1,0,100,0,768,0,32,32,0,32,-196,0,0,100,0,1312,1040,80,112,0,100,-113,0,0,100,0,832,0,32,32,0,107,-122,1,0,100,0,800,0,32,32,0,119,-126,0,0,100,0,832,0,32,32,0,131,-128,0,0,100,0,768,0,32,32,0,63,-132,0,0,100,0,800,0,32,32,0,85,-138,0,0,100,0,768,0,32,32,0,71,-137,0,0,100,0,832,0,32,32,0,88,-144,0,0,100,0,832,0,32,32,0,54,-138,0,0,100,0,800,32,32,32,0,67,-145,0,0,100,0,768,32,32,32,0,79,-145,0,0,100,0,832,32,32,32,0,16,-115,0,0,50,0,864,688,160,64,0,16,-115,0,0,100,0,864,624,160,64,0,16,-147,0,1,40,0,864,752,160,80,0,32,-147,0,0,100,0,1792,320,128,80,0,16,-227,0,0,100,0,864,832,160,192,0,0,-256,0,0,100,0,192,768,192,256,0,
0,25,0,-256,0,0,100,0,0,768,192,256,0,74,-153,0,0,100,0,0,112,64,64,0,79,-118,0,0,50,0,704,0,32,32,0,95,-149,0,0,100,0,432,0,48,48,0,105,-128,0,0,50,0,704,0,32,32,0,85,-108,1,0,100,0,832,0,32,32,0,85,-117,1,0,100,0,768,0,32,32,0,32,-196,0,0,100,0,1312,1040,80,112,0,100,-113,0,0,100,0,832,0,32,32,0,107,-122,1,0,100,0,800,0,32,32,0,119,-126,0,0,100,0,832,0,32,32,0,131,-128,0,0,100,0,768,0,32,32,0,63,-132,0,0,100,0,800,0,32,32,0,85,-138,0,0,100,0,768,0,32,32,0,71,-137,0,0,100,0,832,0,32,32,0,88,-144,0,0,100,0,832,0,32,32,0,54,-138,0,0,100,0,800,32,32,32,0,67,-145,0,0,100,0,768,32,32,32,0,79,-145,0,0,100,0,832,32,32,32,0,16,-115,0,0,50,0,864,688,160,64,0,16,-115,0,0,100,0,864,624,160,64,0,16,-147,0,1,40,0,864,752,160,80,0,32,-147,0,0,100,0,1792,320,128,80,0,16,-227,0,0,100,0,864,832,160,192,0,0,-256,0,0,100,0,192,768,192,256,0,
0,27,0,-256,0,0,100,0,0,768,192,256,0,115,-132,0,0,100,0,720,160,32,32,0,73,-152,0,0,100,0,64,112,64,64,0,78,-117,0,0,50,0,704,0,32,32,0,94,-148,0,0,100,0,384,0,48,48,0,104,-127,0,0,50,0,704,0,32,32,0,75,-102,0,0,30,0,800,0,32,32,0,87,-109,1,0,100,0,832,0,32,32,0,87,-118,1,0,100,0,768,0,32,32,0,34,-197,0,0,100,0,1392,1040,80,112,0,102,-114,0,0,100,0,832,0,32,32,0,109,-123,1,0,100,0,800,0,32,32,0,121,-127,0,0,100,0,832,0,32,32,0,133,-129,0,0,60,0,768,0,32,32,0,65,-133,0,0,100,0,800,0,32,32,0,87,-139,0,0,100,0,768,0,32,32,0,73,-138,0,0,100,0,832,0,32,32,0,90,-145,0,0,100,0,832,0,32,32,0,56,-139,0,0,100,0,800,32,32,32,0,69,-146,0,0,100,0,768,32,32,32,0,81,-146,0,0,100,0,832,32,32,32,0,16,-115,0,0,50,0,864,688,160,64,0,16,-115,0,0,100,0,864,624,160,64,0,16,-147,0,1,40,0,864,752,160,80,0,32,-147,0,0,100,0,1920,320,128,80,0,16,-227,0,0,100,0,864,832,160,192,0,0,-256,0,0,100,0,192,768,192,256,0,
0,27,0,-256,0,0,100,0,0,768,192,256,0,115,-132,0,0,100,0,720,128,32,32,0,73,-152,0,0,100,0,64,112,64,64,0,78,-117,0,0,50,0,704,0,32,32,0,94,-148,0,0,100,0,384,0,48,48,0,104,-127,0,0,50,0,704,0,32,32,0,75,-102,0,0,60,0,800,0,32,32,0,87,-109,1,0,100,0,832,0,32,32,0,87,-118,1,0,100,0,768,0,32,32,0,34,-197,0,0,100,0,1392,1040,80,112,0,102,-114,0,0,100,0,832,0,32,32,0,109,-123,1,0,100,0,800,0,32,32,0,121,-127,0,0,100,0,832,0,32,32,0,133,-129,0,0,30,0,768,0,32,32,0,65,-133,0,0,100,0,800,0,32,32,0,87,-139,0,0,100,0,768,0,32,32,0,73,-138,0,0,100,0,832,0,32,32,0,90,-145,0,0,100,0,832,0,32,32,0,56,-139,0,0,100,0,800,32,32,32,0,69,-146,0,0,100,0,768,32,32,32,0,81,-146,0,0,100,0,832,32,32,32,0,16,-115,0,0,50,0,864,688,160,64,0,16,-115,0,0,100,0,864,624,160,64,0,16,-147,0,1,40,0,864,752,160,80,0,32,-147,0,0,100,0,1920,320,128,80,0,16,-227,0,0,100,0,864,832,160,192,0,0,-256,0,0,100,0,192,768,192,256,0,
0,25,0,-256,0,0,100,0,0,768,192,256,0,73,-152,0,0,100,0,128,112,64,64,0,78,-117,0,0,50,0,704,0,32,32,0,94,-148,0,0,100,0,432,0,48,48,0,104,-127,0,0,50,0,704,0,32,32,0,77,-103,0,0,100,0,800,0,32,32,0,89,-110,1,0,100,0,832,0,32,32,0,89,-119,1,0,100,0,768,0,32,32,0,20,-198,0,0,100,0,1472,1040,96,112,0,104,-115,0,0,100,0,832,0,32,32,0,111,-124,1,0,100,0,800,0,32,32,0,123,-128,0,0,100,0,832,0,32,32,0,67,-134,0,0,100,0,800,0,32,32,0,89,-140,0,0,100,0,768,0,32,32,0,75,-139,0,0,100,0,832,0,32,32,0,92,-146,0,0,100,0,832,0,32,32,0,58,-140,0,0,100,0,800,32,32,32,0,71,-147,0,0,100,0,768,32,32,32,0,83,-147,0,0,100,0,832,32,32,32,0,16,-115,0,0,50,0,864,688,160,64,0,16,-115,0,0,100,0,864,624,160,64,0,16,-147,0,1,40,0,864,752,160,80,0,32,-147,0,0,100,0,1024,400,128,80,0,16,-227,0,0,100,0,864,832,160,192,0,0,-256,0,0,100,0,192,768,192,256,0,
0,25,0,-256,0,0,100,0,0,768,192,256,0,73,-152,0,0,100,0,128,112,64,64,0,78,-117,0,0,50,0,704,0,32,32,0,94,-148,0,0,100,0,432,0,48,48,0,104,-127,0,0,50,0,704,0,32,32,0,77,-103,0,0,100,0,800,0,32,32,0,89,-110,1,0,100,0,832,0,32,32,0,89,-119,1,0,100,0,768,0,32,32,0,20,-198,0,0,100,0,1472,1040,96,112,0,104,-115,0,0,100,0,832,0,32,32,0,111,-124,1,0,100,0,800,0,32,32,0,123,-128,0,0,100,0,832,0,32,32,0,67,-134,0,0,100,0,800,0,32,32,0,89,-140,0,0,100,0,768,0,32,32,0,75,-139,0,0,100,0,832,0,32,32,0,92,-146,0,0,100,0,832,0,32,32,0,58,-140,0,0,100,0,800,32,32,32,0,71,-147,0,0,100,0,768,32,32,32,0,83,-147,0,0,100,0,832,32,32,32,0,16,-115,0,0,50,0,864,688,160,64,0,16,-115,0,0,100,0,864,624,160,64,0,16,-147,0,1,40,0,864,752,160,80,0,32,-147,0,0,100,0,1024,400,128,80,0,16,-227,0,0,100,0,864,832,160,192,0,0,-256,0,0,100,0,192,768,192,256,0,
0,25,0,-256,0,0,100,0,0,768,192,256,0,74,-153,0,0,100,0,0,112,64,64,0,79,-118,0,0,50,0,704,0,32,32,0,95,-149,0,0,100,0,384,0,48,48,0,105,-128,0,0,50,0,704,0,32,32,0,77,-103,0,0,100,0,800,0,32,32,0,89,-110,1,0,100,0,832,0,32,32,0,89,-119,1,0,100,0,768,0,32,32,0,20,-198,0,0,100,0,1472,1040,96,112,0,104,-115,0,0,100,0,832,0,32,32,0,111,-124,1,0,100,0,800,0,32,32,0,123,-128,0,0,100,0,832,0,32,32,0,67,-134,0,0,100,0,800,0,32,32,0,89,-140,0,0,100,0,768,0,32,32,0,75,-139,0,0,100,0,832,0,32,32,0,92,-146,0,0,100,0,832,0,32,32,0,58,-140,0,0,100,0,800,32,32,32,0,71,-147,0,0,100,0,768,32,32,32,0,83,-147,0,0,100,0,832,32,32,32,0,16,-115,0,0,50,0,864,688,160,64,0,16,-115,0,0,100,0,864,624,160,64,0,16,-147,0,1,40,0,864,752,160,80,0,32,-147,0,0,100,0,1024,400,128,80,0,16,-227,0,0,100,0,864,832,160,192,0,0,-256,0,0,100,0,192,768,192,256,0,
0,25,0,-256,0,0,100,0,0,768,192,256,0,74,-153,0,0,100,0,0,112,64,64,0,79,-118,0,0,50,0,704,0,32,32,0,95,-149,0,0,100,0,384,0,48,48,0,105,-128,0,0,50,0,704,0,32,32,0,77,-103,0,0,100,0,800,0,32,32,0,89,-110,1,0,100,0,832,0,32,32,0,89,-119,1,0,100,0,768,0,32,32,0,20,-198,0,0,100,0,1472,1040,96,112,0,104,-115,0,0,100,0,832,0,32,32,0,111,-124,1,0,100,0,800,0,32,32,0,123,-128,0,0,100,0,832,0,32,32,0,67,-134,0,0,100,0,800,0,32,32,0,89,-140,0,0,100,0,768,0,32,32,0,75,-139,0,0,100,0,832,0,32,32,0,92,-146,0,0,100,0,832,0,32,32,0,58,-140,0,0,100,0,800,32,32,32,0,71,-147,0,0,100,0,768,32,32,32,0,83,-147,0,0,100,0,832,32,32,32,0,16,-115,0,0,50,0,864,688,160,64,0,16,-115,0,0,100,0,864,624,160,64,0,16,-147,0,1,40,0,864,752,160,80,0,32,-147,0,0,100,0,1024,400,128,80,0,16,-227,0,0,100,0,864,832,160,192,0,0,-256,0,0,100,0,192,768,192,256,0,
0,26,0,-256,0,0,100,0,0,768,192,256,0,115,-132,0,0,100,0,720,160,32,32,0,73,-152,0,0,100,0,64,112,64,64,0,78,-117,0,0,50,0,704,0,32,32,0,94,-148,0,0,100,0,432,0,48,48,0,104,-127,0,0,50,0,704,0,32,32,0,79,-104,0,0,100,0,800,0,32,32,0,91,-111,1,0,100,0,832,0,32,32,0,91,-120,1,0,100,0,768,0,32,32,0,22,-199,0,0,100,0,1568,1040,96,112,0,106,-116,0,0,100,0,832,0,32,32,0,113,-125,1,0,100,0,800,0,32,32,0,125,-129,0,0,100,0,832,0,32,32,0,69,-135,0,0,100,0,800,0,32,32,0,91,-141,0,0,100,0,768,0,32,32,0,77,-140,0,0,100,0,832,0,32,32,0,94,-147,0,0,60,0,832,0,32,32,0,60,-141,0,0,100,0,800,32,32,32,0,73,-148,0,0,100,0,768,32,32,32,0,85,-148,0,0,60,0,832,32,32,32,0,16,-115,0,0,50,0,864,688,160,64,0,16,-115,0,0,100,0,864,624,160,64,0,16,-147,0,1,40,0,864,752,160,80,0,32,-147,0,0,100,0,1152,400,128,80,0,16,-227,0,0,100,0,864,832,160,192,0,0,-256,0,0,100,0,192,768,192,256,0,
0,26,0,-256,0,0,100,0,0,768,192,256,0,115,-132,0,0,100,0,720,128,32,32,0,73,-152,0,0,100,0,64,112,64,64,0,78,-117,0,0,50,0,704,0,32,32,0,94,-148,0,0,100,0,432,0,48,48,0,104,-127,0,0,50,0,704,0,32,32,0,79,-104,0,0,100,0,800,0,32,32,0,91,-111,1,0,100,0,832,0,32,32,0,91,-120,1,0,100,0,768,0,32,32,0,22,-199,0,0,100,0,1568,1040,96,112,0,106,-116,0,0,100,0,832,0,32,32,0,113,-125,1,0,100,0,800,0,32,32,0,125,-129,0,0,100,0,832,0,32,32,0,69,-135,0,0,100,0,800,0,32,32,0,91,-141,0,0,100,0,768,0,32,32,0,77,-140,0,0,100,0,832,0,32,32,0,94,-147,0,0,30,0,832,0,32,32,0,60,-141,0,0,100,0,800,32,32,32,0,73,-148,0,0,100,0,768,32,32,32,0,85,-148,0,0,30,0,832,32,32,32,0,16,-115,0,0,50,0,864,688,160,64,0,16,-115,0,0,100,0,864,624,160,64,0,16,-147,0,1,40,0,864,752,160,80,0,32,-147,0,0,100,0,1152,400,128,80,0,16,-227,0,0,100,0,864,832,160,192,0,0,-256,0,0,100,0,192,768,192,256,0,
0,23,0,-256,0,0,100,0,0,768,192,256,0,74,-152,0,0,100,0,128,112,64,64,0,79,-117,0,0,50,0,704,0,32,32,0,95,-148,0,0,100,0,384,0,48,48,0,105,-127,0,0,50,0,704,0,32,32,0,81,-105,0,0,100,0,800,0,32,32,0,93,-112,1,0,100,0,832,0,32,32,0,93,-121,1,0,100,0,768,0,32,32,0,24,-200,0,0,100,0,1680,1040,96,112,0,108,-117,0,0,100,0,832,0,32,32,0,115,-126,1,0,100,0,800,0,32,32,0,127,-130,0,0,100,0,832,0,32,32,0,71,-136,0,0,100,0,800,0,32,32,0,93,-142,0,0,100,0,768,0,32,32,0,79,-141,0,0,100,0,832,0,32,32,0,62,-142,0,0,100,0,800,32,32,32,0,75,-149,0,0,100,0,768,32,32,32,0,16,-115,0,0,50,0,864,688,160,64,0,16,-115,0,0,100,0,864,624,160,64,0,16,-147,0,1,40,0,864,752,160,80,0,32,-147,0,0,100,0,1280,400,128,80,0,16,-227,0,0,100,0,864,832,160,192,0,0,-256,0,0,100,0,192,768,192,256,0,
0,23,0,-256,0,0,100,0,0,768,192,256,0,74,-152,0,0,100,0,128,112,64,64,0,79,-117,0,0,50,0,704,0,32,32,0,95,-148,0,0,100,0,384,0,48,48,0,105,-127,0,0,50,0,704,0,32,32,0,81,-105,0,0,100,0,800,0,32,32,0,93,-112,1,0,100,0,832,0,32,32,0,93,-121,1,0,100,0,768,0,32,32,0,24,-200,0,0,100,0,1680,1040,96,112,0,108,-117,0,0,100,0,832,0,32,32,0,115,-126,1,0,100,0,800,0,32,32,0,127,-130,0,0,100,0,832,0,32,32,0,71,-136,0,0,100,0,800,0,32,32,0,93,-142,0,0,100,0,768,0,32,32,0,79,-141,0,0,100,0,832,0,32,32,0,62,-142,0,0,100,0,800,32,32,32,0,75,-149,0,0,100,0,768,32,32,32,0,16,-115,0,0,50,0,864,688,160,64,0,16,-115,0,0,100,0,864,624,160,64,0,16,-147,0,1,40,0,864,752,160,80,0,32,-147,0,0,100,0,1280,400,128,80,0,16,-227,0,0,100,0,864,832,160,192,0,0,-256,0,0,100,0,192,768,192,256,0,
0,23,0,-256,0,0,100,0,0,768,192,256,0,75,-153,0,0,100,0,0,112,64,64,0,80,-118,0,0,50,0,704,0,32,32,0,96,-149,0,0,100,0,432,0,48,48,0,106,-128,0,0,50,0,704,0,32,32,0,81,-105,0,0,100,0,800,0,32,32,0,93,-112,1,0,100,0,832,0,32,32,0,93,-121,1,0,100,0,768,0,32,32,0,24,-200,0,0,100,0,1680,1040,96,112,0,108,-117,0,0,100,0,832,0,32,32,0,115,-126,1,0,100,0,800,0,32,32,0,127,-130,0,0,60,0,832,0,32,32,0,71,-136,0,0,100,0,800,0,32,32,0,93,-142,0,0,100,0,768,0,32,32,0,79,-141,0,0,100,0,832,0,32,32,0,62,-142,0,0,100,0,800,32,32,32,0,75,-149,0,0,100,0,768,32,32,32,0,16,-115,0,0,50,0,864,688,160,64,0,16,-115,0,0,100,0,864,624,160,64,0,16,-147,0,1,40,0,864,752,160,80,0,32,-147,0,0,100,0,1280,400,128,80,0,16,-227,0,0,100,0,864,832,160,192,0,0,-256,0,0,100,0,192,768,192,256,0,
0,23,0,-256,0,0,100,0,0,768,192,256,0,75,-153,0,0,100,0,0,112,64,64,0,80,-118,0,0,50,0,704,0,32,32,0,96,-149,0,0,100,0,432,0,48,48,0,106,-128,0,0,50,0,704,0,32,32,0,81,-105,0,0,100,0,800,0,32,32,0,93,-112,1,0,100,0,832,0,32,32,0,93,-121,1,0,100,0,768,0,32,32,0,24,-200,0,0,100,0,1680,1040,96,112,0,108,-117,0,0,100,0,832,0,32,32,0,115,-126,1,0,100,0,800,0,32,32,0,127,-130,0,0,30,0,832,0,32,32,0,71,-136,0,0,100,0,800,0,32,32,0,93,-142,0,0,100,0,768,0,32,32,0,79,-141,0,0,100,0,832,0,32,32,0,62,-142,0,0,100,0,800,32,32,32,0,75,-149,0,0,100,0,768,32,32,32,0,16,-115,0,0,50,0,864,688,160,64,0,16,-115,0,0,100,0,864,624,160,64,0,16,-147,0,1,40,0,864,752,160,80,0,32,-147,0,0,100,0,1280,400,128,80,0,16,-227,0,0,100,0,864,832,160,192,0,0,-256,0,0,100,0,192,768,192,256,0,
0,23,0,-256,0,0,100,0,0,768,192,256,0,116,-132,0,0,100,0,720,160,32,32,0,74,-152,0,0,100,0,64,112,64,64,0,79,-117,0,0,50,0,704,0,32,32,0,95,-148,0,0,100,0,384,0,48,48,0,105,-127,0,0,50,0,704,0,32,32,0,83,-106,0,0,100,0,800,0,32,32,0,95,-113,1,0,100,0,832,0,32,32,0,95,-122,1,0,100,0,768,0,32,32,0,26,-201,0,0,100,0,1792,1040,96,112,0,110,-118,0,0,100,0,832,0,32,32,0,117,-127,1,0,100,0,800,0,32,32,0,73,-137,0,0,100,0,800,0,32,32,0,95,-143,0,0,100,0,768,0,32,32,0,81,-142,0,0,100,0,832,0,32,32,0,64,-143,0,0,100,0,800,32,32,32,0,77,-150,0,0,100,0,768,32,32,32,0,16,-115,0,0,50,0,864,688,160,64,0,16,-115,0,0,100,0,864,624,160,64,0,16,-147,0,1,40,0,864,752,160,80,0,32,-147,0,0,100,0,1408,400,128,80,0,16,-227,0,0,100,0,864,832,160,192,0,0,-256,0,0,100,0,192,768,192,256,0,
0,23,0,-256,0,0,100,0,0,768,192,256,0,116,-132,0,0,100,0,720,128,32,32,0,74,-152,0,0,100,0,64,112,64,64,0,79,-117,0,0,50,0,704,0,32,32,0,95,-148,0,0,100,0,384,0,48,48,0,105,-127,0,0,50,0,704,0,32,32,0,83,-106,0,0,100,0,800,0,32,32,0,95,-113,1,0,100,0,832,0,32,32,0,95,-122,1,0,100,0,768,0,32,32,0,26,-201,0,0,100,0,1792,1040,96,112,0,110,-118,0,0,100,0,832,0,32,32,0,117,-127,1,0,100,0,800,0,32,32,0,73,-137,0,0,100,0,800,0,32,32,0,95,-143,0,0,100,0,768,0,32,32,0,81,-142,0,0,100,0,832,0,32,32,0,64,-143,0,0,100,0,800,32,32,32,0,77,-150,0,0,100,0,768,32,32,32,0,16,-115,0,0,50,0,864,688,160,64,0,16,-115,0,0,100,0,864,624,160,64,0,16,-147,0,1,40,0,864,752,160,80,0,32,-147,0,0,100,0,1408,400,128,80,0,16,-227,0,0,100,0,864,832,160,192,0,0,-256,0,0,100,0,192,768,192,256,0,
0,23,0,-256,0,0,100,0,0,768,192,256,0,74,-152,0,0,100,0,128,112,64,64,0,79,-117,0,0,50,0,704,0,32,32,0,95,-148,0,0,100,0,432,0,48,48,0,105,-127,0,0,50,0,704,0,32,32,0,76,-102,0,0,100,0,768,0,32,32,0,85,-107,0,0,100,0,800,0,32,32,0,97,-114,1,0,100,0,832,0,32,32,0,97,-123,1,0,100,0,768,0,32,32,0,12,-202,0,0,100,0,1888,1040,112,112,0,112,-119,0,0,100,0,832,0,32,32,0,119,-128,1,0,100,0,800,0,32,32,0,75,-138,0,0,100,0,800,0,32,32,0,97,-144,0,0,100,0,768,0,32,32,0,83,-143,0,0,100,0,832,0,32,32,0,66,-144,0,0,100,0,800,32,32,32,0,79,-151,0,0,100,0,768,32,32,32,0,16,-115,0,0,50,0,864,688,160,64,0,16,-115,0,0,100,0,864,624,160,64,0,16,-147,0,1,40,0,864,752,160,80,0,32,-147,0,0,100,0,1536,400,128,80,0,16,-227,0,0,100,0,864,832,160,192,0,0,-256,0,0,100,0,192,768,192,256,0,
0,23,0,-256,0,0,100,0,0,768,192,256,0,74,-152,0,0,100,0,128,112,64,64,0,79,-117,0,0,50,0,704,0,32,32,0,95,-148,0,0,100,0,432,0,48,48,0,105,-127,0,0,50,0,704,0,32,32,0,76,-102,0,0,100,0,768,0,32,32,0,85,-107,0,0,100,0,800,0,32,32,0,97,-114,1,0,100,0,832,0,32,32,0,97,-123,1,0,100,0,768,0,32,32,0,12,-202,0,0,100,0,1888,1040,112,112,0,112,-119,0,0,100,0,832,0,32,32,0,119,-128,1,0,100,0,800,0,32,32,0,75,-138,0,0,100,0,800,0,32,32,0,97,-144,0,0,100,0,768,0,32,32,0,83,-143,0,0,100,0,832,0,32,32,0,66,-144,0,0,100,0,800,32,32,32,0,79,-151,0,0,100,0,768,32,32,32,0,16,-115,0,0,50,0,864,688,160,64,0,16,-115,0,0,100,0,864,624,160,64,0,16,-147,0,1,40,0,864,752,160,80,0,32,-147,0,0,100,0,1536,400,128,80,0,16,-227,0,0,100,0,864,832,160,192,0,0,-256,0,0,100,0,192,768,192,256,0,
0,23,0,-256,0,0,100,0,0,768,192,256,0,76,-153,0,0,100,0,0,112,64,64,0,81,-118,0,0,50,0,704,0,32,32,0,97,-149,0,0,100,0,384,0,48,48,0,107,-128,0,0,50,0,704,0,32,32,0,76,-102,0,0,100,0,768,0,32,32,0,85,-107,0,0,100,0,800,0,32,32,0,97,-114,1,0,100,0,832,0,32,32,0,97,-123,1,0,100,0,768,0,32,32,0,12,-202,0,0,100,0,1888,1040,112,112,0,112,-119,0,0,100,0,832,0,32,32,0,119,-128,1,0,100,0,800,0,32,32,0,75,-138,0,0,100,0,800,0,32,32,0,97,-144,0,0,100,0,768,0,32,32,0,83,-143,0,0,100,0,832,0,32,32,0,66,-144,0,0,100,0,800,32,32,32,0,79,-151,0,0,100,0,768,32,32,32,0,16,-115,0,0,50,0,864,688,160,64,0,16,-115,0,0,100,0,864,624,160,64,0,16,-147,0,1,40,0,864,752,160,80,0,32,-147,0,0,100,0,1536,400,128,80,0,16,-227,0,0,100,0,864,832,160,192,0,0,-256,0,0,100,0,192,768,192,256,0,
0,23,0,-256,0,0,100,0,0,768,192,256,0,76,-153,0,0,100,0,0,112,64,64,0,81,-118,0,0,50,0,704,0,32,32,0,97,-149,0,0,100,0,384,0,48,48,0,107,-128,0,0,50,0,704,0,32,32,0,76,-102,0,0,100,0,768,0,32,32,0,85,-107,0,0,100,0,800,0,32,32,0,97,-114,1,0,100,0,832,0,32,32,0,97,-123,1,0,100,0,768,0,32,32,0,12,-202,0,0,100,0,1888,1040,112,112,0,112,-119,0,0,100,0,832,0,32,32,0,119,-128,1,0,100,0,800,0,32,32,0,75,-138,0,0,100,0,800,0,32,32,0,97,-144,0,0,100,0,768,0,32,32,0,83,-143,0,0,100,0,832,0,32,32,0,66,-144,0,0,100,0,800,32,32,32,0,79,-151,0,0,100,0,768,32,32,32,0,16,-115,0,0,50,0,864,688,160,64,0,16,-115,0,0,100,0,864,624,160,64,0,16,-147,0,1,40,0,864,752,160,80,0,32,-147,0,0,100,0,1536,400,128,80,0,16,-227,0,0,100,0,864,832,160,192,0,0,-256,0,0,100,0,192,768,192,256,0,
0,24,0,-256,0,0,100,0,0,768,192,256,0,117,-132,0,0,100,0,720,160,32,32,0,75,-152,0,0,100,0,64,112,64,64,0,80,-117,0,0,50,0,704,0,32,32,0,96,-148,0,0,100,0,432,0,48,48,0,106,-127,0,0,50,0,704,0,32,32,0,78,-103,0,0,100,0,768,0,32,32,0,87,-108,0,0,100,0,800,0,32,32,0,99,-115,1,0,100,0,832,0,32,32,0,99,-124,1,0,100,0,768,0,32,32,0,14,-203,0,0,100,0,1232,1168,112,112,0,114,-120,0,0,100,0,832,0,32,32,0,121,-129,1,0,100,0,800,0,32,32,0,77,-139,0,0,100,0,800,0,32,32,0,99,-145,0,0,60,0,768,0,32,32,0,85,-144,0,0,100,0,832,0,32,32,0,68,-145,0,0,100,0,800,32,32,32,0,81,-152,0,0,100,0,768,32,32,32,0,16,-115,0,0,50,0,864,688,160,64,0,16,-115,0,0,100,0,864,624,160,64,0,16,-147,0,1,40,0,864,752,160,80,0,32,-147,0,0,100,0,1664,400,128,80,0,16,-227,0,0,100,0,864,832,160,192,0,0,-256,0,0,100,0,192,768,192,256,0,
0,24,0,-256,0,0,100,0,0,768,192,256,0,117,-132,0,0,100,0,720,128,32,32,0,76,-152,0,0,100,0,64,112,64,64,0,81,-117,0,0,50,0,704,0,32,32,0,97,-148,0,0,100,0,432,0,48,48,0,107,-127,0,0,50,0,704,0,32,32,0,78,-103,0,0,100,0,768,0,32,32,0,87,-108,0,0,100,0,800,0,32,32,0,99,-115,1,0,100,0,832,0,32,32,0,99,-124,1,0,100,0,768,0,32,32,0,14,-203,0,0,100,0,1232,1168,112,112,0,114,-120,0,0,100,0,832,0,32,32,0,121,-129,1,0,100,0,800,0,32,32,0,77,-139,0,0,100,0,800,0,32,32,0,99,-145,0,0,30,0,768,0,32,32,0,85,-144,0,0,100,0,832,0,32,32,0,68,-145,0,0,100,0,800,32,32,32,0,81,-152,0,0,100,0,768,32,32,32,0,16,-115,0,0,50,0,864,688,160,64,0,16,-115,0,0,100,0,864,624,160,64,0,16,-147,0,1,40,0,864,752,160,80,0,32,-147,0,0,100,0,1664,400,128,80,0,16,-227,0,0,100,0,864,832,160,192,0,0,-256,0,0,100,0,192,768,192,256,0,
0,22,0,-256,0,0,100,0,0,768,192,256,0,76,-152,0,0,100,0,128,112,64,64,0,81,-117,0,0,50,0,704,0,32,32,0,97,-148,0,0,100,0,384,0,48,48,0,107,-127,0,0,50,0,704,0,32,32,0,80,-104,0,0,100,0,768,0,32,32,0,89,-109,0,0,100,0,800,0,32,32,0,101,-116,1,0,100,0,832,0,32,32,0,101,-125,1,0,100,0,768,0,32,32,0,16,-204,0,0,100,0,1344,1168,112,128,0,116,-121,0,0,100,0,832,0,32,32,0,123,-130,1,0,100,0,800,0,32,32,0,79,-140,0,0,100,0,800,0,32,32,0,87,-145,0,0,100,0,832,0,32,32,0,70,-146,0,0,100,0,800,32,32,32,0,83,-153,0,0,100,0,768,32,32,32,0,16,-115,0,0,50,0,864,688,160,64,0,16,-115,0,0,100,0,864,624,160,64,0,16,-147,0,1,40,0,864,752,160,80,0,32,-147,0,0,100,0,1792,400,128,80,0,16,-227,0,0,100,0,864,832,160,192,0,0,-256,0,0,100,0,192,768,192,256,0,
0,22,0,-256,0,0,100,0,0,768,192,256,0,76,-152,0,0,100,0,128,112,64,64,0,81,-117,0,0,50,0,704,0,32,32,0,97,-148,0,0,100,0,384,0,48,48,0,107,-127,0,0,50,0,704,0,32,32,0,80,-104,0,0,100,0,768,0,32,32,0,89,-109,0,0,100,0,800,0,32,32,0,101,-116,1,0,100,0,832,0,32,32,0,101,-125,1,0,100,0,768,0,32,32,0,16,-204,0,0,100,0,1344,1168,112,128,0,116,-121,0,0,100,0,832,0,32,32,0,123,-130,1,0,100,0,800,0,32,32,0,79,-140,0,0,100,0,800,0,32,32,0,87,-145,0,0,100,0,832,0,32,32,0,70,-146,0,0,100,0,800,32,32,32,0,83,-153,0,0,100,0,768,32,32,32,0,16,-115,0,0,50,0,864,688,160,64,0,16,-115,0,0,100,0,864,624,160,64,0,16,-147,0,1,40,0,864,752,160,80,0,32,-147,0,0,100,0,1792,400,128,80,0,16,-227,0,0,100,0,864,832,160,192,0,0,-256,0,0,100,0,192,768,192,256,0,
0,22,0,-256,0,0,100,0,0,768,192,256,0,77,-153,0,0,100,0,0,112,64,64,0,82,-118,0,0,50,0,704,0,32,32,0,98,-149,0,0,100,0,432,0,48,48,0,108,-128,0,0,50,0,704,0,32,32,0,80,-104,0,0,100,0,768,0,32,32,0,89,-109,0,0,100,0,800,0,32,32,0,101,-116,1,0,100,0,832,0,32,32,0,101,-125,1,0,100,0,768,0,32,32,0,16,-204,0,0,100,0,1344,1168,112,128,0,116,-121,0,0,100,0,832,0,32,32,0,123,-130,1,0,100,0,800,0,32,32,0,79,-140,0,0,100,0,800,0,32,32,0,87,-145,0,0,100,0,832,0,32,32,0,70,-146,0,0,100,0,800,32,32,32,0,83,-153,0,0,100,0,768,32,32,32,0,16,-115,0,0,50,0,864,688,160,64,0,16,-115,0,0,100,0,864,624,160,64,0,16,-147,0,1,40,0,864,752,160,80,0,32,-147,0,0,100,0,1792,400,128,80,0,16,-227,0,0,100,0,864,832,160,192,0,0,-256,0,0,100,0,192,768,192,256,0,
0,22,0,-256,0,0,100,0,0,768,192,256,0,77,-153,0,0,100,0,0,112,64,64,0,82,-118,0,0,50,0,704,0,32,32,0,98,-149,0,0,100,0,432,0,48,48,0,108,-128,0,0,50,0,704,0,32,32,0,80,-104,0,0,100,0,768,0,32,32,0,89,-109,0,0,100,0,800,0,32,32,0,101,-116,1,0,100,0,832,0,32,32,0,101,-125,1,0,100,0,768,0,32,32,0,16,-204,0,0,100,0,1344,1168,112,128,0,116,-121,0,0,100,0,832,0,32,32,0,123,-130,1,0,100,0,800,0,32,32,0,79,-140,0,0,100,0,800,0,32,32,0,87,-145,0,0,100,0,832,0,32,32,0,70,-146,0,0,100,0,800,32,32,32,0,83,-153,0,0,100,0,768,32,32,32,0,16,-115,0,0,50,0,864,688,160,64,0,16,-115,0,0,100,0,864,624,160,64,0,16,-147,0,1,40,0,864,752,160,80,0,32,-147,0,0,100,0,1792,400,128,80,0,16,-227,0,0,100,0,864,832,160,192,0,0,-256,0,0,100,0,192,768,192,256,0,
0,23,0,-256,0,0,100,0,0,768,192,256,0,118,-132,0,0,100,0,720,160,32,32,0,76,-152,0,0,100,0,64,112,64,64,0,81,-117,0,0,50,0,704,0,32,32,0,97,-148,0,0,100,0,384,0,48,48,0,107,-127,0,0,50,0,704,0,32,32,0,82,-105,0,0,100,0,768,0,32,32,0,91,-110,0,0,100,0,800,0,32,32,0,103,-117,1,0,100,0,832,0,32,32,0,103,-126,1,0,100,0,768,0,32,32,0,18,-205,0,0,100,0,1456,1168,112,128,0,118,-122,0,0,100,0,832,0,32,32,0,125,-131,1,0,60,0,800,0,32,32,0,81,-141,0,0,100,0,800,0,32,32,0,89,-146,0,0,100,0,832,0,32,32,0,72,-147,0,0,100,0,800,32,32,32,0,85,-154,0,0,60,0,768,32,32,32,0,16,-115,0,0,50,0,864,688,160,64,0,16,-115,0,0,100,0,864,624,160,64,0,16,-147,0,1,40,0,864,752,160,80,0,32,-147,0,0,100,0,1920,400,128,80,0,16,-227,0,0,100,0,864,832,160,192,0,0,-256,0,0,100,0,192,768,192,256,0,
0,23,0,-256,0,0,100,0,0,768,192,256,0,118,-132,0,0,100,0,720,128,32,32,0,76,-152,0,0,100,0,64,112,64,64,0,81,-117,0,0,50,0,704,0,32,32,0,97,-148,0,0,100,0,384,0,48,48,0,107,-127,0,0,50,0,704,0,32,32,0,82,-105,0,0,100,0,768,0,32,32,0,91,-110,0,0,100,0,800,0,32,32,0,103,-117,1,0,100,0,832,0,32,32,0,103,-126,1,0,100,0,768,0,32,32,0,18,-205,0,0,100,0,1456,1168,112,128,0,118,-122,0,0,100,0,832,0,32,32,0,125,-131,1,0,30,0,800,0,32,32,0,81,-141,0,0,100,0,800,0,32,32,0,89,-146,0,0,100,0,832,0,32,32,0,72,-147,0,0,100,0,800,32,32,32,0,85,-154,0,0,30,0,768,32,32,32,0,16,-115,0,0,50,0,864,688,160,64,0,16,-115,0,0,100,0,864,624,160,64,0,16,-147,0,1,40,0,864,752,160,80,0,32,-147,0,0,100,0,1920,400,128,80,0,16,-227,0,0,100,0,864,832,160,192,0,0,-256,0,0,100,0,192,768,192,256,0,
0,20,0,-256,0,0,100,0,0,768,192,256,0,77,-152,0,0,100,0,128,112,64,64,0,82,-117,0,0,50,0,704,0,32,32,0,98,-148,0,0,100,0,432,0,48,48,0,108,-127,0,0,50,0,704,0,32,32,0,84,-106,0,0,100,0,768,0,32,32,0,93,-111,0,0,100,0,800,0,32,32,0,105,-118,1,0,100,0,832,0,32,32,0,105,-127,1,0,100,0,768,0,32,32,0,20,-206,0,0,100,0,1568,1168,112,128,0,120,-123,0,0,100,0,832,0,32,32,0,83,-142,0,0,100,0,800,0,32,32,0,91,-147,0,0,100,0,832,0,32,32,0,74,-148,0,0,100,0,800,32,32,32,0,16,-115,0,0,50,0,864,688,160,64,0,16,-115,0,0,100,0,864,624,160,64,0,16,-147,0,1,40,0,864,752,160,80,0,32,-147,0,0,100,0,1024,480,128,80,0,16,-227,0,0,100,0,864,832,160,192,0,0,-256,0,0,100,0,192,768,192,256,0,
0,19,0,-256,0,0,100,0,0,768,192,256,0,77,-152,0,0,100,0,128,112,64,64,0,82,-117,0,0,50,0,704,0,32,32,0,98,-148,0,0,100,0,432,0,48,48,0,108,-127,0,0,50,0,704,0,32,32,0,84,-106,0,0,100,0,768,0,32,32,0,93,-111,0,0,100,0,800,0,32,32,0,105,-118,1,0,100,0,832,0,32,32,0,105,-127,1,0,100,0,768,0,32,32,0,20,-206,0,0,100,0,1568,1168,112,128,0,120,-123,0,0,100,0,832,0,32,32,0,91,-147,0,0,100,0,832,0,32,32,0,74,-148,0,0,100,0,800,32,32,32,0,16,-115,0,0,50,0,864,688,160,64,0,16,-115,0,0,100,0,864,624,160,64,0,16,-147,0,1,40,0,864,752,160,80,0,32,-147,0,0,100,0,1024,480,128,80,0,16,-227,0,0,100,0,864,832,160,192,0,0,-256,0,0,100,0,192,768,192,256,0,
0,20,0,-256,0,0,100,0,0,768,192,256,0,78,-153,0,0,100,0,0,112,64,64,0,83,-118,0,0,50,0,704,0,32,32,0,99,-149,0,0,100,0,384,0,48,48,0,109,-128,0,0,50,0,704,0,32,32,0,84,-106,0,0,100,0,768,0,32,32,0,93,-111,0,0,100,0,800,0,32,32,0,105,-118,1,0,100,0,832,0,32,32,0,105,-127,1,0,100,0,768,0,32,32,0,20,-206,0,0,100,0,1568,1168,112,128,0,120,-123,0,0,100,0,832,0,32,32,0,83,-142,0,0,100,0,800,0,32,32,0,91,-147,0,0,100,0,832,0,32,32,0,74,-148,0,0,100,0,800,32,32,32,0,16,-115,0,0,50,0,864,688,160,64,0,16,-115,0,0,100,0,864,624,160,64,0,16,-147,0,1,40,0,864,752,160,80,0,32,-147,0,0,100,0,1024,480,128,80,0,16,-227,0,0,100,0,864,832,160,192,0,0,-256,0,0,100,0,192,768,192,256,0,
0,20,0,-256,0,0,100,0,0,768,192,256,0,78,-153,0,0,100,0,0,112,64,64,0,83,-118,0,0,50,0,704,0,32,32,0,99,-149,0,0,100,0,384,0,48,48,0,109,-128,0,0,50,0,704,0,32,32,0,84,-106,0,0,100,0,768,0,32,32,0,93,-111,0,0,100,0,800,0,32,32,0,105,-118,1,0,100,0,832,0,32,32,0,105,-127,1,0,100,0,768,0,32,32,0,20,-206,0,0,100,0,1568,1168,112,128,0,120,-123,0,0,100,0,832,0,32,32,0,83,-142,0,0,100,0,800,0,32,32,0,91,-147,0,0,100,0,832,0,32,32,0,74,-148,0,0,100,0,800,32,32,32,0,16,-115,0,0,50,0,864,688,160,64,0,16,-115,0,0,100,0,864,624,160,64,0,16,-147,0,1,40,0,864,752,160,80,0,32,-147,0,0,100,0,1024,480,128,80,0,16,-227,0,0,100,0,864,832,160,192,0,0,-256,0,0,100,0,192,768,192,256,0,
0,20,0,-256,0,0,100,0,0,768,192,256,0,118,-132,0,0,100,0,720,160,32,32,0,78,-152,0,0,100,0,64,112,64,64,0,83,-117,0,0,50,0,704,0,32,32,0,99,-148,0,0,100,0,432,0,48,48,0,86,-107,0,0,100,0,768,0,32,32,0,95,-112,0,0,100,0,800,0,32,32,0,107,-119,1,0,100,0,832,0,32,32,0,107,-128,1,0,100,0,768,0,32,32,0,109,-127,0,0,50,0,704,0,32,32,0,22,-207,0,0,100,0,1248,1296,112,128,0,122,-124,0,0,100,0,832,0,32,32,0,93,-148,0,0,60,0,832,0,32,32,0,76,-149,0,0,100,0,800,32,32,32,0,16,-115,0,0,50,0,864,688,160,64,0,16,-115,0,0,100,0,864,624,160,64,0,16,-147,0,1,40,0,864,752,160,80,0,32,-147,0,0,100,0,1152,480,128,80,0,16,-227,0,0,100,0,864,832,160,192,0,0,-256,0,0,100,0,192,768,192,256,0,
0,20,0,-256,0,0,100,0,0,768,192,256,0,118,-132,0,0,100,0,720,128,32,32,0,77,-152,0,0,100,0,64,112,64,64,0,82,-117,0,0,50,0,704,0,32,32,0,98,-148,0,0,100,0,432,0,48,48,0,86,-107,0,0,100,0,768,0,32,32,0,95,-112,0,0,100,0,800,0,32,32,0,107,-119,1,0,100,0,832,0,32,32,0,107,-128,1,0,100,0,768,0,32,32,0,108,-127,0,0,50,0,704,0,32,32,0,22,-207,0,0,100,0,1248,1296,112,128,0,122,-124,0,0,100,0,832,0,32,32,0,93,-148,0,0,30,0,832,0,32,32,0,76,-149,0,0,100,0,800,32,32,32,0,16,-115,0,0,50,0,864,688,160,64,0,16,-115,0,0,100,0,864,624,160,64,0,16,-147,0,1,40,0,864,752,160,80,0,32,-147,0,0,100,0,1152,480,128,80,0,16,-227,0,0,100,0,864,832,160,192,0,0,-256,0,0,100,0,192,768,192,256,0,
0,19,0,-256,0,0,100,0,0,768,192,256,0,77,-152,0,0,100,0,128,112,64,64,0,82,-117,0,0,50,0,704,0,32,32,0,98,-148,0,0,100,0,384,0,48,48,0,73,-103,1,0,60,0,800,0,32,32,0,88,-108,0,0,100,0,768,0,32,32,0,97,-113,0,0,100,0,800,0,32,32,0,109,-120,1,0,100,0,832,0,32,32,0,109,-129,1,0,100,0,768,0,32,32,0,108,-127,0,0,50,0,704,0,32,32,0,8,-208,0,0,100,0,1360,1296,128,128,0,124,-125,0,0,100,0,832,0,32,32,0,78,-150,0,0,100,0,800,32,32,32,0,16,-115,0,0,50,0,864,688,160,64,0,16,-115,0,0,100,0,864,624,160,64,0,16,-147,0,1,40,0,864,752,160,80,0,32,-147,0,0,100,0,1280,480,128,80,0,16,-227,0,0,100,0,864,832,160,192,0,0,-256,0,0,100,0,192,768,192,256,0,
0,19,0,-256,0,0,100,0,0,768,192,256,0,77,-152,0,0,100,0,128,112,64,64,0,82,-117,0,0,50,0,704,0,32,32,0,98,-148,0,0,100,0,384,0,48,48,0,73,-103,1,0,100,0,800,0,32,32,0,88,-108,0,0,100,0,768,0,32,32,0,97,-113,0,0,100,0,800,0,32,32,0,109,-120,1,0,100,0,832,0,32,32,0,109,-129,1,0,100,0,768,0,32,32,0,108,-127,0,0,50,0,704,0,32,32,0,8,-208,0,0,100,0,1360,1296,128,128,0,124,-125,0,0,100,0,832,0,32,32,0,78,-150,0,0,100,0,800,32,32,32,0,16,-115,0,0,50,0,864,688,160,64,0,16,-115,0,0,100,0,864,624,160,64,0,16,-147,0,1,40,0,864,752,160,80,0,32,-147,0,0,100,0,1280,480,128,80,0,16,-227,0,0,100,0,864,832,160,192,0,0,-256,0,0,100,0,192,768,192,256,0,
0,19,0,-256,0,0,100,0,0,768,192,256,0,77,-152,0,0,100,0,0,112,64,64,0,82,-117,0,0,50,0,704,0,32,32,0,98,-148,0,0,100,0,432,0,48,48,0,73,-103,1,0,100,0,800,0,32,32,0,88,-108,0,0,100,0,768,0,32,32,0,97,-113,0,0,100,0,800,0,32,32,0,109,-120,1,0,100,0,832,0,32,32,0,109,-129,1,0,100,0,768,0,32,32,0,108,-127,0,0,50,0,704,0,32,32,0,8,-208,0,0,100,0,1360,1296,128,128,0,124,-125,0,0,100,0,832,0,32,32,0,78,-150,0,0,100,0,800,32,32,32,0,16,-115,0,0,50,0,864,688,160,64,0,16,-115,0,0,100,0,864,624,160,64,0,16,-147,0,1,40,0,864,752,160,80,0,32,-147,0,0,100,0,1280,480,128,80,0,16,-227,0,0,100,0,864,832,160,192,0,0,-256,0,0,100,0,192,768,192,256,0,
0,19,0,-256,0,0,100,0,0,768,192,256,0,77,-152,0,0,100,0,0,112,64,64,0,82,-117,0,0,50,0,704,0,32,32,0,98,-148,0,0,100,0,432,0,48,48,0,73,-103,1,0,100,0,800,0,32,32,0,88,-108,0,0,100,0,768,0,32,32,0,97,-113,0,0,100,0,800,0,32,32,0,109,-120,1,0,100,0,832,0,32,32,0,109,-129,1,0,100,0,768,0,32,32,0,108,-127,0,0,50,0,704,0,32,32,0,8,-208,0,0,100,0,1360,1296,128,128,0,124,-125,0,0,100,0,832,0,32,32,0,78,-150,0,0,100,0,800,32,32,32,0,16,-115,0,0,50,0,864,688,160,64,0,16,-115,0,0,100,0,864,624,160,64,0,16,-147,0,1,40,0,864,752,160,80,0,32,-147,0,0,100,0,1280,480,128,80,0,16,-227,0,0,100,0,864,832,160,192,0,0,-256,0,0,100,0,192,768,192,256,0,
0,22,0,-256,0,0,100,0,0,768,192,256,0,78,-152,0,0,100,0,64,112,64,64,0,83,-117,0,0,50,0,704,0,32,32,0,99,-148,0,0,100,0,384,0,48,48,0,75,-104,1,0,100,0,800,0,32,32,0,90,-109,0,0,100,0,768,0,32,32,0,53,-110,1,0,30,0,832,0,32,32,0,74,-101,0,0,30,0,768,0,32,32,0,63,-105,0,0,30,0,832,0,32,32,0,99,-114,0,0,100,0,800,0,32,32,0,111,-121,1,0,100,0,832,0,32,32,0,111,-130,1,0,100,0,768,0,32,32,0,109,-127,0,0,50,0,704,0,32,32,0,10,-209,0,0,100,0,1488,1296,128,128,0,126,-126,0,0,100,0,832,0,32,32,0,80,-151,0,0,60,0,800,32,32,32,0,16,-115,0,0,50,0,864,688,160,64,0,16,-115,0,0,100,0,864,624,160,64,0,16,-147,0,1,40,0,864,752,160,80,0,32,-147,0,0,100,0,1408,480,128,80,0,16,-227,0,0,100,0,864,832,160,192,0,0,-256,0,0,100,0,192,768,192,256,0,
0,22,0,-256,0,0,100,0,0,768,192,256,0,78,-152,0,0,100,0,64,112,64,64,0,83,-117,0,0,50,0,704,0,32,32,0,99,-148,0,0,100,0,384,0,48,48,0,75,-104,1,0,100,0,800,0,32,32,0,90,-109,0,0,100,0,768,0,32,32,0,53,-110,1,0,60,0,832,0,32,32,0,74,-101,0,0,60,0,768,0,32,32,0,63,-105,0,0,60,0,832,0,32,32,0,99,-114,0,0,100,0,800,0,32,32,0,111,-121,1,0,100,0,832,0,32,32,0,111,-130,1,0,100,0,768,0,32,32,0,109,-127,0,0,50,0,704,0,32,32,0,10,-209,0,0,100,0,1488,1296,128,128,0,126,-126,0,0,100,0,832,0,32,32,0,80,-151,0,0,30,0,800,32,32,32,0,16,-115,0,0,50,0,864,688,160,64,0,16,-115,0,0,100,0,864,624,160,64,0,16,-147,0,1,40,0,864,752,160,80,0,32,-147,0,0,100,0,1408,480,128,80,0,16,-227,0,0,100,0,864,832,160,192,0,0,-256,0,0,100,0,192,768,192,256,0,
0,21,0,-256,0,0,100,0,0,768,192,256,0,78,-152,0,0,100,0,128,112,64,64,0,83,-117,0,0,50,0,704,0,32,32,0,99,-148,0,0,100,0,432,0,48,48,0,77,-105,1,0,100,0,800,0,32,32,0,92,-110,0,0,100,0,768,0,32,32,0,55,-111,1,0,100,0,832,0,32,32,0,76,-102,0,0,100,0,768,0,32,32,0,65,-106,0,0,100,0,832,0,32,32,0,101,-115,0,0,100,0,800,0,32,32,0,113,-122,1,0,100,0,832,0,32,32,0,113,-131,1,0,100,0,768,0,32,32,0,109,-127,0,0,50,0,704,0,32,32,0,12,-210,0,0,100,0,1616,1296,128,128,0,128,-127,0,0,100,0,832,0,32,32,0,16,-115,0,0,50,0,864,688,160,64,0,16,-115,0,0,100,0,864,624,160,64,0,16,-147,0,1,40,0,864,752,160,80,0,32,-147,0,0,100,0,1536,480,128,80,0,16,-227,0,0,100,0,864,832,160,192,0,0,-256,0,0,100,0,192,768,192,256,0,
0,21,0,-256,0,0,100,0,0,768,192,256,0,78,-152,0,0,100,0,128,112,64,64,0,83,-117,0,0,50,0,704,0,32,32,0,99,-148,0,0,100,0,432,0,48,48,0,77,-105,1,0,100,0,800,0,32,32,0,92,-110,0,0,100,0,768,0,32,32,0,55,-111,1,0,100,0,832,0,32,32,0,76,-102,0,0,100,0,768,0,32,32,0,65,-106,0,0,100,0,832,0,32,32,0,101,-115,0,0,100,0,800,0,32,32,0,113,-122,1,0,100,0,832,0,32,32,0,113,-131,1,0,100,0,768,0,32,32,0,109,-127,0,0,50,0,704,0,32,32,0,12,-210,0,0,100,0,1616,1296,128,128,0,128,-127,0,0,100,0,832,0,32,32,0,16,-115,0,0,50,0,864,688,160,64,0,16,-115,0,0,100,0,864,624,160,64,0,16,-147,0,1,40,0,864,752,160,80,0,32,-147,0,0,100,0,1536,480,128,80,0,16,-227,0,0,100,0,864,832,160,192,0,0,-256,0,0,100,0,192,768,192,256,0,
0,21,0,-256,0,0,100,0,0,768,192,256,0,80,-153,0,0,100,0,0,112,64,64,0,85,-118,0,0,50,0,704,0,32,32,0,101,-149,0,0,100,0,384,0,48,48,0,77,-105,1,0,100,0,800,0,32,32,0,92,-110,0,0,100,0,768,0,32,32,0,55,-111,1,0,100,0,832,0,32,32,0,76,-102,0,0,100,0,768,0,32,32,0,65,-106,0,0,100,0,832,0,32,32,0,101,-115,0,0,100,0,800,0,32,32,0,113,-122,1,0,100,0,832,0,32,32,0,113,-131,1,0,100,0,768,0,32,32,0,111,-128,0,0,50,0,704,0,32,32,0,12,-210,0,0,100,0,1616,1296,128,128,0,128,-127,0,0,100,0,832,0,32,32,0,16,-115,0,0,50,0,864,688,160,64,0,16,-115,0,0,100,0,864,624,160,64,0,16,-147,0,1,40,0,864,752,160,80,0,32,-147,0,0,100,0,1536,480,128,80,0,16,-227,0,0,100,0,864,832,160,192,0,0,-256,0,0,100,0,192,768,192,256,0,
0,22,0,-256,0,0,100,0,0,768,192,256,0,119,-132,0,0,100,0,720,160,32,32,0,80,-153,0,0,100,0,0,112,64,64,0,85,-118,0,0,50,0,704,0,32,32,0,101,-149,0,0,100,0,384,0,48,48,0,77,-105,1,0,100,0,800,0,32,32,0,92,-110,0,0,100,0,768,0,32,32,0,55,-111,1,0,100,0,832,0,32,32,0,76,-102,0,0,100,0,768,0,32,32,0,65,-106,0,0,100,0,832,0,32,32,0,101,-115,0,0,100,0,800,0,32,32,0,113,-122,1,0,100,0,832,0,32,32,0,113,-131,1,0,100,0,768,0,32,32,0,111,-128,0,0,50,0,704,0,32,32,0,12,-210,0,0,100,0,1616,1296,128,128,0,128,-127,0,0,100,0,832,0,32,32,0,16,-115,0,0,50,0,864,688,160,64,0,16,-115,0,0,100,0,864,624,160,64,0,16,-147,0,1,40,0,864,752,160,80,0,32,-147,0,0,100,0,1536,480,128,80,0,16,-227,0,0,100,0,864,832,160,192,0,0,-256,0,0,100,0,192,768,192,256,0,
0,22,0,-256,0,0,100,0,0,768,192,256,0,119,-132,0,0,100,0,720,128,32,32,0,79,-152,0,0,100,0,64,112,64,64,0,84,-117,0,0,50,0,704,0,32,32,0,100,-148,0,0,100,0,432,0,48,48,0,79,-106,1,0,100,0,800,0,32,32,0,94,-111,0,0,100,0,768,0,32,32,0,57,-112,1,0,100,0,832,0,32,32,0,78,-103,0,0,100,0,768,0,32,32,0,67,-107,0,0,100,0,832,0,32,32,0,103,-116,0,0,100,0,800,0,32,32,0,115,-123,1,0,100,0,832,0,32,32,0,115,-132,1,0,100,0,768,0,32,32,0,110,-127,0,0,50,0,704,0,32,32,0,14,-211,0,0,100,0,1232,1440,128,128,0,130,-128,0,0,60,0,832,0,32,32,0,16,-115,0,0,50,0,864,688,160,64,0,16,-115,0,0,100,0,864,624,160,64,0,16,-147,0,1,40,0,864,752,160,80,0,32,-147,0,0,100,0,1664,480,128,80,0,16,-227,0,0,100,0,864,832,160,192,0,0,-256,0,0,100,0,192,768,192,256,0,
0,21,0,-256,0,0,100,0,0,768,192,256,0,79,-152,0,0,100,0,64,112,64,64,0,84,-117,0,0,50,0,704,0,32,32,0,100,-148,0,0,100,0,432,0,48,48,0,79,-106,1,0,100,0,800,0,32,32,0,94,-111,0,0,100,0,768,0,32,32,0,57,-112,1,0,100,0,832,0,32,32,0,78,-103,0,0,100,0,768,0,32,32,0,67,-107,0,0,100,0,832,0,32,32,0,103,-116,0,0,100,0,800,0,32,32,0,115,-123,1,0,100,0,832,0,32,32,0,115,-132,1,0,100,0,768,0,32,32,0,110,-127,0,0,50,0,704,0,32,32,0,14,-211,0,0,100,0,1232,1440,128,128,0,130,-128,0,0,30,0,832,0,32,32,0,16,-115,0,0,50,0,864,688,160,64,0,16,-115,0,0,100,0,864,624,160,64,0,16,-147,0,1,40,0,864,752,160,80,0,32,-147,0,0,100,0,1664,480,128,80,0,16,-227,0,0,100,0,864,832,160,192,0,0,-256,0,0,100,0,192,768,192,256,0,
0,20,0,-256,0,0,100,0,0,768,192,256,0,79,-152,0,0,100,0,128,112,64,64,0,84,-117,0,0,50,0,704,0,32,32,0,100,-148,0,0,100,0,384,0,48,48,0,81,-107,1,0,100,0,800,0,32,32,0,96,-112,0,0,100,0,768,0,32,32,0,59,-113,1,0,100,0,832,0,32,32,0,80,-104,0,0,100,0,768,0,32,32,0,69,-108,0,0,100,0,832,0,32,32,0,105,-117,0,0,100,0,800,0,32,32,0,117,-124,1,0,100,0,832,0,32,32,0,117,-133,1,0,100,0,768,0,32,32,0,110,-127,0,0,50,0,704,0,32,32,0,16,-212,0,0,100,0,1376,1440,128,128,0,16,-115,0,0,50,0,864,688,160,64,0,16,-115,0,0,100,0,864,624,160,64,0,16,-147,0,1,40,0,864,752,160,80,0,32,-147,0,0,100,0,1792,480,128,80,0,16,-227,0,0,100,0,864,832,160,192,0,0,-256,0,0,100,0,192,768,192,256,0,
0,20,0,-256,0,0,100,0,0,768,192,256,0,79,-152,0,0,100,0,128,112,64,64,0,84,-117,0,0,50,0,704,0,32,32,0,100,-148,0,0,100,0,384,0,48,48,0,81,-107,1,0,100,0,800,0,32,32,0,96,-112,0,0,100,0,768,0,32,32,0,59,-113,1,0,100,0,832,0,32,32,0,80,-104,0,0,100,0,768,0,32,32,0,69,-108,0,0,100,0,832,0,32,32,0,105,-117,0,0,100,0,800,0,32,32,0,117,-124,1,0,100,0,832,0,32,32,0,110,-127,0,0,50,0,704,0,32,32,0,117,-133,1,0,100,0,768,0,32,32,0,16,-212,0,0,100,0,1376,1440,128,128,0,16,-115,0,0,50,0,864,688,160,64,0,16,-115,0,0,100,0,864,624,160,64,0,16,-147,0,1,40,0,864,752,160,80,0,32,-147,0,0,100,0,1792,480,128,80,0,16,-227,0,0,100,0,864,832,160,192,0,0,-256,0,0,100,0,192,768,192,256,0,
0,19,0,-256,0,0,100,0,0,768,192,256,0,68,-152,0,0,100,0,0,176,80,64,0,83,-119,0,0,50,0,704,0,32,32,0,81,-107,1,0,100,0,800,0,32,32,0,96,-112,0,0,100,0,768,0,32,32,0,59,-113,1,0,100,0,832,0,32,32,0,80,-104,0,0,100,0,768,0,32,32,0,69,-108,0,0,100,0,832,0,32,32,0,105,-117,0,0,100,0,800,0,32,32,0,117,-124,1,0,100,0,832,0,32,32,0,105,-123,0,0,50,0,704,0,32,32,0,117,-133,1,0,100,0,768,0,32,32,0,0,-228,0,0,100,0,144,1600,144,144,0,16,-115,0,0,50,0,864,688,160,64,0,16,-115,0,0,100,0,864,624,160,64,0,16,-147,0,1,40,0,864,752,160,80,0,32,-147,0,0,100,0,1792,480,128,80,0,16,-227,0,0,100,0,864,832,160,192,0,0,-256,0,0,100,0,192,768,192,256,0,
0,19,0,-256,0,0,100,0,0,768,192,256,0,66,-152,0,0,100,0,0,240,80,64,0,82,-119,0,0,50,0,704,0,32,32,0,81,-107,1,0,100,0,800,0,32,32,0,96,-112,0,0,100,0,768,0,32,32,0,59,-113,1,0,100,0,832,0,32,32,0,80,-104,0,0,100,0,768,0,32,32,0,69,-108,0,0,100,0,832,0,32,32,0,105,-117,0,0,100,0,800,0,32,32,0,117,-124,1,0,100,0,832,0,32,32,0,104,-120,0,0,50,0,704,0,32,32,0,117,-133,1,0,100,0,768,0,32,32,0,0,-228,0,0,100,0,144,1600,144,144,0,16,-115,0,0,50,0,864,688,160,64,0,16,-115,0,0,100,0,864,624,160,64,0,16,-147,0,1,40,0,864,752,160,80,0,32,-147,0,0,100,0,1792,480,128,80,0,16,-227,0,0,100,0,864,832,160,192,0,0,-256,0,0,100,0,192,768,192,256,0,
0,19,0,-256,0,0,100,0,0,768,192,256,0,62,-139,0,0,100,0,112,192,80,48,0,82,-122,0,0,50,0,704,0,32,32,0,81,-107,1,0,100,0,800,0,32,32,0,96,-112,0,0,100,0,768,0,32,32,0,59,-113,1,0,100,0,832,0,32,32,0,80,-104,0,0,100,0,768,0,32,32,0,69,-108,0,0,100,0,832,0,32,32,0,105,-117,0,0,100,0,800,0,32,32,0,117,-124,1,0,100,0,832,0,32,32,0,98,-117,0,0,50,0,704,0,32,32,0,117,-133,1,0,100,0,768,0,32,32,0,0,-228,0,0,100,0,432,1600,144,144,0,16,-115,0,0,50,0,864,688,160,64,0,16,-115,0,0,100,0,864,624,160,64,0,16,-147,0,1,40,0,864,752,160,80,0,32,-147,0,0,100,0,1792,480,128,80,0,16,-227,0,0,100,0,864,832,160,192,0,0,-256,0,0,100,0,192,768,192,256,0,
0,19,0,-256,0,0,100,0,0,768,192,256,0,58,-140,0,0,100,0,336,192,80,48,0,81,-107,1,0,100,0,800,0,32,32,0,96,-112,0,0,100,0,768,0,32,32,0,59,-113,1,0,100,0,832,0,32,32,0,80,-104,0,0,100,0,768,0,32,32,0,69,-108,0,0,100,0,832,0,32,32,0,105,-117,0,0,100,0,800,0,32,32,0,117,-124,1,0,100,0,832,0,32,32,0,117,-133,1,0,100,0,768,0,32,32,0,0,-228,0,0,100,0,576,1600,144,144,0,78,-124,0,0,50,0,704,0,32,32,0,94,-119,0,0,50,0,704,0,32,32,0,16,-115,0,0,50,0,864,688,160,64,0,16,-115,0,0,100,0,864,624,160,64,0,16,-147,0,1,40,0,864,752,160,80,0,32,-147,0,0,100,0,1792,480,128,80,0,16,-227,0,0,100,0,864,832,160,192,0,0,-256,0,0,100,0,192,768,192,256,0,
0,19,0,-256,0,0,100,0,0,768,192,256,0,54,-142,0,0,100,0,448,192,80,48,0,81,-107,1,0,100,0,800,0,32,32,0,96,-112,0,0,100,0,768,0,32,32,0,59,-113,1,0,100,0,832,0,32,32,0,80,-104,0,0,100,0,768,0,32,32,0,69,-108,0,0,100,0,832,0,32,32,0,105,-117,0,0,100,0,800,0,32,32,0,117,-124,1,0,100,0,832,0,32,32,0,117,-133,1,0,100,0,768,0,32,32,0,0,-228,0,0,100,0,720,1600,144,144,0,74,-126,0,0,50,0,704,0,32,32,0,90,-121,0,0,50,0,704,0,32,32,0,16,-115,0,0,50,0,864,688,160,64,0,16,-115,0,0,100,0,864,624,160,64,0,16,-147,0,1,40,0,864,752,160,80,0,32,-147,0,0,100,0,1792,480,128,80,0,16,-227,0,0,100,0,864,832,160,192,0,0,-256,0,0,100,0,192,768,192,256,0,
0,18,0,-256,0,0,100,0,0,768,192,256,0,50,-144,0,0,100,0,112,256,80,48,0,81,-107,1,0,100,0,800,0,32,32,0,96,-112,0,0,100,0,768,0,32,32,0,59,-113,1,0,100,0,832,0,32,32,0,80,-104,0,0,100,0,768,0,32,32,0,69,-108,0,0,100,0,832,0,32,32,0,105,-117,0,0,100,0,800,0,32,32,0,117,-124,1,0,100,0,832,0,32,32,0,117,-133,1,0,100,0,768,0,32,32,0,0,-228,0,0,100,0,864,1600,144,144,0,86,-123,0,0,50,0,704,0,32,32,0,16,-115,0,0,50,0,864,688,160,64,0,16,-115,0,0,100,0,864,624,160,64,0,16,-147,0,1,40,0,864,752,160,80,0,32,-147,0,0,100,0,1792,480,128,80,0,16,-227,0,0,100,0,864,832,160,192,0,0,-256,0,0,100,0,192,768,192,256,0,
0,18,0,-256,0,0,100,0,0,768,192,256,0,46,-146,0,0,100,0,224,256,80,48,0,81,-107,1,0,100,0,800,0,32,32,0,96,-112,0,0,100,0,768,0,32,32,0,59,-113,1,0,100,0,832,0,32,32,0,80,-104,0,0,100,0,768,0,32,32,0,69,-108,0,0,100,0,832,0,32,32,0,105,-117,0,0,100,0,800,0,32,32,0,117,-124,1,0,100,0,832,0,32,32,0,117,-133,1,0,100,0,768,0,32,32,0,0,-228,0,0,100,0,1008,1600,144,144,0,82,-125,0,0,50,0,704,0,32,32,0,16,-115,0,0,50,0,864,688,160,64,0,16,-115,0,0,100,0,864,624,160,64,0,16,-147,0,1,40,0,864,752,160,80,0,32,-147,0,0,100,0,1792,480,128,80,0,16,-227,0,0,100,0,864,832,160,192,0,0,-256,0,0,100,0,192,768,192,256,0,
0,18,0,-256,0,0,100,0,0,768,192,256,0,42,-148,0,0,100,0,336,256,80,48,0,81,-107,1,0,100,0,800,0,32,32,0,96,-112,0,0,100,0,768,0,32,32,0,59,-113,1,0,100,0,832,0,32,32,0,80,-104,0,0,100,0,768,0,32,32,0,69,-108,0,0,100,0,832,0,32,32,0,105,-117,0,0,100,0,800,0,32,32,0,117,-124,1,0,100,0,832,0,32,32,0,117,-133,1,0,100,0,768,0,32,32,0,0,-228,0,0,100,0,0,1744,144,144,0,78,-127,0,0,50,0,704,0,32,32,0,16,-115,0,0,50,0,864,688,160,64,0,16,-115,0,0,100,0,864,624,160,64,0,16,-147,0,1,40,0,864,752,160,80,0,32,-147,0,0,100,0,1792,480,128,80,0,16,-227,0,0,100,0,864,832,160,192,0,0,-256,0,0,100,0,192,768,192,256,0,
0,17,0,-256,0,0,100,0,0,768,192,256,0,38,-150,0,0,100,0,448,256,80,48,0,81,-107,1,0,100,0,800,0,32,32,0,96,-112,0,0,100,0,768,0,32,32,0,59,-113,1,0,100,0,832,0,32,32,0,80,-104,0,0,100,0,768,0,32,32,0,69,-108,0,0,100,0,832,0,32,32,0,105,-117,0,0,100,0,800,0,32,32,0,117,-124,1,0,100,0,832,0,32,32,0,117,-133,1,0,100,0,768,0,32,32,0,0,-228,0,0,100,0,144,1744,144,144,0,16,-115,0,0,50,0,864,688,160,64,0,16,-115,0,0,100,0,864,624,160,64,0,16,-147,0,1,40,0,864,752,160,80,0,32,-147,0,0,100,0,1792,480,128,80,0,16,-227,0,0,100,0,864,832,160,192,0,0,-256,0,0,100,0,192,768,192,256,0,
0,17,0,-256,0,0,100,0,0,768,192,256,0,34,-152,0,0,100,0,0,320,80,48,0,81,-107,1,0,100,0,800,0,32,32,0,96,-112,0,0,100,0,768,0,32,32,0,59,-113,1,0,100,0,832,0,32,32,0,80,-104,0,0,100,0,768,0,32,32,0,69,-108,0,0,100,0,832,0,32,32,0,105,-117,0,0,100,0,800,0,32,32,0,117,-124,1,0,100,0,832,0,32,32,0,117,-133,1,0,100,0,768,0,32,32,0,0,-228,0,0,100,0,288,1744,144,144,0,16,-115,0,0,50,0,864,688,160,64,0,16,-115,0,0,100,0,864,624,160,64,0,16,-147,0,1,40,0,864,752,160,80,0,32,-147,0,0,100,0,1792,480,128,80,0,16,-227,0,0,100,0,864,832,160,192,0,0,-256,0,0,100,0,192,768,192,256,0,
0,16,0,-256,0,0,100,0,0,768,192,256,0,81,-107,1,0,100,0,800,0,32,32,0,96,-112,0,0,100,0,768,0,32,32,0,59,-113,1,0,100,0,832,0,32,32,0,80,-104,0,0,100,0,768,0,32,32,0,69,-108,0,0,100,0,832,0,32,32,0,105,-117,0,0,100,0,800,0,32,32,0,117,-124,1,0,100,0,832,0,32,32,0,117,-133,1,0,100,0,768,0,32,32,0,0,-228,0,0,100,0,432,1744,144,144,0,16,-115,0,0,50,0,864,688,160,64,0,16,-115,0,0,100,0,864,624,160,64,0,16,-147,0,1,40,0,864,752,160,80,0,32,-147,0,0,100,0,1792,480,128,80,0,16,-227,0,0,100,0,864,832,160,192,0,0,-256,0,0,100,0,192,768,192,256,0,
0,16,0,-256,0,0,100,0,0,768,192,256,0,81,-107,1,0,100,0,800,0,32,32,0,96,-112,0,0,100,0,768,0,32,32,0,59,-113,1,0,100,0,832,0,32,32,0,80,-104,0,0,100,0,768,0,32,32,0,69,-108,0,0,100,0,832,0,32,32,0,105,-117,0,0,100,0,800,0,32,32,0,117,-124,1,0,100,0,832,0,32,32,0,117,-133,1,0,100,0,768,0,32,32,0,0,-228,0,0,100,0,576,1744,144,144,0,16,-115,0,0,50,0,864,688,160,64,0,16,-115,0,0,100,0,864,624,160,64,0,16,-147,0,1,40,0,864,752,160,80,0,32,-147,0,0,100,0,1792,480,128,80,0,16,-227,0,0,100,0,864,832,160,192,0,0,-256,0,0,100,0,192,768,192,256,0,
0,16,0,-256,0,0,100,0,0,768,192,256,0,81,-107,1,0,100,0,800,0,32,32,0,96,-112,0,0,100,0,768,0,32,32,0,59,-113,1,0,100,0,832,0,32,32,0,80,-104,0,0,100,0,768,0,32,32,0,69,-108,0,0,100,0,832,0,32,32,0,105,-117,0,0,100,0,800,0,32,32,0,117,-124,1,0,100,0,832,0,32,32,0,117,-133,1,0,100,0,768,0,32,32,0,0,-228,0,0,100,0,720,1744,144,144,0,16,-115,0,0,50,0,864,688,160,64,0,16,-115,0,0,100,0,864,624,160,64,0,16,-147,0,1,40,0,864,752,160,80,0,32,-147,0,0,100,0,1792,480,128,80,0,16,-227,0,0,100,0,864,832,160,192,0,0,-256,0,0,100,0,192,768,192,256,0,
0,17,0,-256,0,0,100,0,0,768,192,256,0,81,-107,1,0,100,0,800,0,32,32,0,96,-112,0,0,100,0,768,0,32,32,0,59,-113,1,0,100,0,832,0,32,32,0,80,-104,0,0,100,0,768,0,32,32,0,69,-108,0,0,100,0,832,0,32,32,0,105,-117,0,0,100,0,800,0,32,32,0,117,-124,1,0,100,0,832,0,32,32,0,117,-133,1,0,100,0,768,0,32,32,0,79,-222,0,0,100,0,144,672,64,48,0,0,-228,0,0,100,0,864,1744,144,144,0,16,-115,0,0,50,0,864,688,160,64,0,16,-115,0,0,100,0,864,624,160,64,0,16,-147,0,1,40,0,864,752,160,80,0,32,-147,0,0,100,0,1792,480,128,80,0,16,-227,0,0,100,0,864,832,160,192,0,0,-256,0,0,100,0,192,768,192,256,0,
0,17,0,-256,0,0,100,0,0,768,192,256,0,81,-107,1,0,100,0,800,0,32,32,0,96,-112,0,0,100,0,768,0,32,32,0,59,-113,1,0,100,0,832,0,32,32,0,80,-104,0,0,100,0,768,0,32,32,0,69,-108,0,0,100,0,832,0,32,32,0,105,-117,0,0,100,0,800,0,32,32,0,117,-124,1,0,100,0,832,0,32,32,0,117,-133,1,0,100,0,768,0,32,32,0,79,-222,0,0,80,0,208,672,64,48,0,0,-228,0,0,100,0,1008,1744,144,144,0,16,-115,0,0,50,0,864,688,160,64,0,16,-115,0,0,100,0,864,624,160,64,0,16,-147,0,1,40,0,864,752,160,80,0,32,-147,0,0,100,0,1792,480,128,80,0,16,-227,0,0,100,0,864,832,160,192,0,0,-256,0,0,100,0,192,768,192,256,0,
0,18,0,-256,0,0,100,0,0,768,192,256,0,81,-107,1,0,100,0,800,0,32,32,0,96,-112,0,0,100,0,768,0,32,32,0,59,-113,1,0,100,0,832,0,32,32,0,80,-104,0,0,100,0,768,0,32,32,0,69,-108,0,0,100,0,832,0,32,32,0,105,-117,0,0,100,0,800,0,32,32,0,117,-124,1,0,100,0,832,0,32,32,0,117,-133,1,0,100,0,768,0,32,32,0,1,-202,1,0,100,0,144,672,64,48,0,79,-222,0,0,60,0,272,672,64,48,0,0,-228,0,0,100,0,0,1888,144,144,0,16,-115,0,0,50,0,864,688,160,64,0,16,-115,0,0,100,0,864,624,160,64,0,16,-147,0,1,40,0,864,752,160,80,0,32,-147,0,0,100,0,1792,480,128,80,0,16,-227,0,0,100,0,864,832,160,192,0,0,-256,0,0,100,0,192,768,192,256,0,
0,17,0,-256,0,0,100,0,0,768,192,256,0,81,-107,1,0,100,0,800,0,32,32,0,96,-112,0,0,100,0,768,0,32,32,0,59,-113,1,0,100,0,832,0,32,32,0,80,-104,0,0,100,0,768,0,32,32,0,69,-108,0,0,100,0,832,0,32,32,0,105,-117,0,0,100,0,800,0,32,32,0,117,-124,1,0,100,0,832,0,32,32,0,117,-133,1,0,100,0,768,0,32,32,0,1,-202,1,0,80,0,208,672,64,48,0,0,-228,0,0,100,0,144,1888,144,144,0,16,-115,0,0,50,0,864,688,160,64,0,16,-115,0,0,100,0,864,624,160,64,0,16,-147,0,1,40,0,864,752,160,80,0,32,-147,0,0,100,0,1792,480,128,80,0,16,-227,0,0,100,0,864,832,160,192,0,0,-256,0,0,100,0,192,768,192,256,0,
0,17,0,-256,0,0,100,0,0,768,192,256,0,81,-107,1,0,100,0,800,0,32,32,0,96,-112,0,0,100,0,768,0,32,32,0,59,-113,1,0,100,0,832,0,32,32,0,80,-104,0,0,100,0,768,0,32,32,0,69,-108,0,0,100,0,832,0,32,32,0,105,-117,0,0,100,0,800,0,32,32,0,117,-124,1,0,100,0,832,0,32,32,0,117,-133,1,0,100,0,768,0,32,32,0,1,-202,1,0,80,0,272,672,64,48,0,0,-228,0,0,100,0,864,1744,144,144,0,16,-115,0,0,50,0,864,688,160,64,0,16,-115,0,0,100,0,864,624,160,64,0,16,-147,0,1,40,0,864,752,160,80,0,32,-147,0,0,100,0,1792,480,128,80,0,16,-227,0,0,100,0,864,832,160,192,0,0,-256,0,0,100,0,192,768,192,256,0,
0,17,0,-256,0,0,100,0,0,768,192,256,0,81,-107,1,0,100,0,800,0,32,32,0,96,-112,0,0,100,0,768,0,32,32,0,59,-113,1,0,100,0,832,0,32,32,0,80,-104,0,0,100,0,768,0,32,32,0,69,-108,0,0,100,0,832,0,32,32,0,105,-117,0,0,100,0,800,0,32,32,0,117,-124,1,0,100,0,832,0,32,32,0,117,-133,1,0,100,0,768,0,32,32,0,87,-216,0,0,100,0,144,672,64,48,0,0,-228,0,0,100,0,1008,1744,144,144,0,16,-115,0,0,50,0,864,688,160,64,0,16,-115,0,0,100,0,864,624,160,64,0,16,-147,0,1,40,0,864,752,160,80,0,32,-147,0,0,100,0,1792,480,128,80,0,16,-227,0,0,100,0,864,832,160,192,0,0,-256,0,0,100,0,192,768,192,256,0,
0,17,0,-256,0,0,100,0,0,768,192,256,0,81,-107,1,0,100,0,800,0,32,32,0,96,-112,0,0,100,0,768,0,32,32,0,59,-113,1,0,100,0,832,0,32,32,0,80,-104,0,0,100,0,768,0,32,32,0,69,-108,0,0,100,0,832,0,32,32,0,105,-117,0,0,100,0,800,0,32,32,0,117,-124,1,0,100,0,832,0,32,32,0,117,-133,1,0,100,0,768,0,32,32,0,87,-216,0,0,80,0,208,672,64,48,0,0,-228,0,0,100,0,0,1888,144,144,0,16,-115,0,0,50,0,864,688,160,64,0,16,-115,0,0,100,0,864,624,160,64,0,16,-147,0,1,40,0,864,752,160,80,0,32,-147,0,0,100,0,1792,480,128,80,0,16,-227,0,0,100,0,864,832,160,192,0,0,-256,0,0,100,0,192,768,192,256,0,
0,18,0,-256,0,0,100,0,0,768,192,256,0,81,-107,1,0,100,0,800,0,32,32,0,96,-112,0,0,100,0,768,0,32,32,0,59,-113,1,0,100,0,832,0,32,32,0,80,-104,0,0,100,0,768,0,32,32,0,69,-108,0,0,100,0,832,0,32,32,0,105,-117,0,0,100,0,800,0,32,32,0,117,-124,1,0,100,0,832,0,32,32,0,117,-133,1,0,100,0,768,0,32,32,0,44,-245,0,0,100,0,144,624,64,48,0,87,-216,0,0,60,0,272,672,64,48,0,0,-228,0,0,100,0,144,1888,144,144,0,16,-115,0,0,50,0,864,688,160,64,0,16,-115,0,0,100,0,864,624,160,64,0,16,-147,0,1,40,0,864,752,160,80,0,32,-147,0,0,100,0,1792,480,128,80,0,16,-227,0,0,100,0,864,832,160,192,0,0,-256,0,0,100,0,192,768,192,256,0,
0,17,0,-256,0,0,100,0,0,768,192,256,0,81,-107,1,0,100,0,800,0,32,32,0,96,-112,0,0,100,0,768,0,32,32,0,59,-113,1,0,100,0,832,0,32,32,0,80,-104,0,0,100,0,768,0,32,32,0,69,-108,0,0,100,0,832,0,32,32,0,105,-117,0,0,100,0,800,0,32,32,0,117,-124,1,0,100,0,832,0,32,32,0,117,-133,1,0,100,0,768,0,32,32,0,44,-245,0,0,80,0,208,624,64,48,0,0,-228,0,0,100,0,864,1744,144,144,0,16,-115,0,0,50,0,864,688,160,64,0,16,-115,0,0,100,0,864,624,160,64,0,16,-147,0,1,40,0,864,752,160,80,0,32,-147,0,0,100,0,1792,480,128,80,0,16,-227,0,0,100,0,864,832,160,192,0,0,-256,0,0,100,0,192,768,192,256,0,
0,18,0,-256,0,0,100,0,0,768,192,256,0,81,-107,1,0,100,0,800,0,32,32,0,96,-112,0,0,100,0,768,0,32,32,0,59,-113,1,0,100,0,832,0,32,32,0,80,-104,0,0,100,0,768,0,32,32,0,69,-108,0,0,100,0,832,0,32,32,0,105,-117,0,0,100,0,800,0,32,32,0,117,-124,1,0,100,0,832,0,32,32,0,117,-133,1,0,100,0,768,0,32,32,0,44,-245,0,0,60,0,272,624,64,48,0,6,-215,1,0,100,0,144,672,64,48,0,0,-228,0,0,100,0,1008,1744,144,144,0,16,-115,0,0,50,0,864,688,160,64,0,16,-115,0,0,100,0,864,624,160,64,0,16,-147,0,1,40,0,864,752,160,80,0,32,-147,0,0,100,0,1792,480,128,80,0,16,-227,0,0,100,0,864,832,160,192,0,0,-256,0,0,100,0,192,768,192,256,0,
0,17,0,-256,0,0,100,0,0,768,192,256,0,81,-107,1,0,100,0,800,0,32,32,0,96,-112,0,0,100,0,768,0,32,32,0,59,-113,1,0,100,0,832,0,32,32,0,80,-104,0,0,100,0,768,0,32,32,0,69,-108,0,0,100,0,832,0,32,32,0,105,-117,0,0,100,0,800,0,32,32,0,117,-124,1,0,100,0,832,0,32,32,0,117,-133,1,0,100,0,768,0,32,32,0,6,-215,1,0,80,0,208,672,64,48,0,0,-228,0,0,100,0,0,1888,144,144,0,16,-115,0,0,50,0,864,688,160,64,0,16,-115,0,0,100,0,864,624,160,64,0,16,-147,0,1,40,0,864,752,160,80,0,32,-147,0,0,100,0,1792,480,128,80,0,16,-227,0,0,100,0,864,832,160,192,0,0,-256,0,0,100,0,192,768,192,256,0,
0,17,0,-256,0,0,100,0,0,768,192,256,0,81,-107,1,0,100,0,800,0,32,32,0,96,-112,0,0,100,0,768,0,32,32,0,59,-113,1,0,100,0,832,0,32,32,0,80,-104,0,0,100,0,768,0,32,32,0,69,-108,0,0,100,0,832,0,32,32,0,105,-117,0,0,100,0,800,0,32,32,0,117,-124,1,0,100,0,832,0,32,32,0,117,-133,1,0,100,0,768,0,32,32,0,6,-215,1,0,60,0,272,672,64,48,0,0,-228,0,0,100,0,144,1888,144,144,0,16,-115,0,0,50,0,864,688,160,64,0,16,-115,0,0,100,0,864,624,160,64,0,16,-147,0,1,40,0,864,752,160,80,0,32,-147,0,0,100,0,1792,480,128,80,0,16,-227,0,0,100,0,864,832,160,192,0,0,-256,0,0,100,0,192,768,192,256,0,
0,16,0,-256,0,0,100,0,0,768,192,256,0,81,-107,1,0,100,0,800,0,32,32,0,96,-112,0,0,100,0,768,0,32,32,0,59,-113,1,0,100,0,832,0,32,32,0,80,-104,0,0,100,0,768,0,32,32,0,69,-108,0,0,100,0,832,0,32,32,0,105,-117,0,0,100,0,800,0,32,32,0,117,-124,1,0,100,0,832,0,32,32,0,117,-133,1,0,100,0,768,0,32,32,0,0,-228,0,0,100,0,720,1744,144,144,0,16,-115,0,0,50,0,864,688,160,64,0,16,-115,0,0,100,0,864,624,160,64,0,16,-147,0,1,40,0,864,752,160,80,0,32,-147,0,0,100,0,1792,480,128,80,0,16,-227,0,0,100,0,864,832,160,192,0,0,-256,0,0,100,0,192,768,192,256,0,
0,18,0,-256,0,0,100,0,0,768,192,256,0,81,-107,1,0,100,0,800,0,32,32,0,96,-112,0,0,100,0,768,0,32,32,0,59,-113,1,0,100,0,832,0,32,32,0,80,-104,0,0,100,0,768,0,32,32,0,69,-108,0,0,100,0,832,0,32,32,0,105,-117,0,0,100,0,800,0,32,32,0,117,-124,1,0,100,0,832,0,32,32,0,117,-133,1,0,100,0,768,0,32,32,0,72,-165,0,0,100,0,208,560,48,64,0,15,-158,0,0,100,0,224,368,112,64,0,0,-228,0,0,100,0,720,1888,144,144,0,16,-115,0,0,50,0,864,688,160,64,0,16,-115,0,0,100,0,864,624,160,64,0,16,-147,0,1,40,0,864,752,160,80,0,32,-147,0,0,100,0,1792,480,128,80,0,16,-227,0,0,100,0,864,832,160,192,0,0,-256,0,0,100,0,192,768,192,256,0,
0,19,0,-256,0,0,100,0,0,768,192,256,0,81,-107,1,0,100,0,800,0,32,32,0,96,-112,0,0,100,0,768,0,32,32,0,59,-113,1,0,100,0,832,0,32,32,0,80,-104,0,0,100,0,768,0,32,32,0,69,-108,0,0,100,0,832,0,32,32,0,105,-117,0,0,100,0,800,0,32,32,0,117,-124,1,0,100,0,832,0,32,32,0,117,-133,1,0,100,0,768,0,32,32,0,80,-164,0,0,100,0,144,576,64,48,0,37,-152,0,0,100,0,0,368,112,64,0,85,-120,0,0,50,0,704,0,32,32,0,0,-228,0,0,100,0,288,1888,144,144,0,16,-115,0,0,50,0,864,688,160,64,0,16,-115,0,0,100,0,864,624,160,64,0,16,-147,0,1,40,0,864,752,160,80,0,32,-147,0,0,100,0,1792,480,128,80,0,16,-227,0,0,100,0,864,832,160,192,0,0,-256,0,0,100,0,192,768,192,256,0,
0,18,0,-256,0,0,100,0,0,768,192,256,0,41,-150,0,0,100,0,336,368,112,64,0,81,-107,1,0,100,0,800,0,32,32,0,96,-112,0,0,100,0,768,0,32,32,0,59,-113,1,0,100,0,832,0,32,32,0,80,-104,0,0,100,0,768,0,32,32,0,69,-108,0,0,100,0,832,0,32,32,0,105,-117,0,0,100,0,800,0,32,32,0,117,-124,1,0,100,0,832,0,32,32,0,117,-133,1,0,100,0,768,0,32,32,0,89,-118,0,0,50,0,704,0,32,32,0,0,-228,0,0,100,0,432,1888,144,144,0,16,-115,0,0,50,0,864,688,160,64,0,16,-115,0,0,100,0,864,624,160,64,0,16,-147,0,1,40,0,864,752,160,80,0,32,-147,0,0,100,0,1792,480,128,80,0,16,-227,0,0,100,0,864,832,160,192,0,0,-256,0,0,100,0,192,768,192,256,0,
0,18,0,-256,0,0,100,0,0,768,192,256,0,45,-148,0,0,100,0,0,368,112,64,0,81,-107,1,0,100,0,800,0,32,32,0,96,-112,0,0,100,0,768,0,32,32,0,59,-113,1,0,100,0,832,0,32,32,0,80,-104,0,0,100,0,768,0,32,32,0,69,-108,0,0,100,0,832,0,32,32,0,105,-117,0,0,100,0,800,0,32,32,0,117,-124,1,0,100,0,832,0,32,32,0,117,-133,1,0,100,0,768,0,32,32,0,93,-116,0,0,50,0,704,0,32,32,0,0,-228,0,0,100,0,576,1888,144,144,0,16,-115,0,0,50,0,864,688,160,64,0,16,-115,0,0,100,0,864,624,160,64,0,16,-147,0,1,40,0,864,752,160,80,0,32,-147,0,0,100,0,1792,480,128,80,0,16,-227,0,0,100,0,864,832,160,192,0,0,-256,0,0,100,0,192,768,192,256,0,
0,18,0,-256,0,0,100,0,0,768,192,256,0,47,-147,0,0,100,0,448,368,112,64,0,81,-107,1,0,100,0,800,0,32,32,0,96,-112,0,0,100,0,768,0,32,32,0,59,-113,1,0,100,0,832,0,32,32,0,80,-104,0,0,100,0,768,0,32,32,0,69,-108,0,0,100,0,832,0,32,32,0,105,-117,0,0,100,0,800,0,32,32,0,117,-124,1,0,100,0,832,0,32,32,0,117,-133,1,0,100,0,768,0,32,32,0,95,-115,0,0,50,0,704,0,32,32,0,0,-228,0,0,100,0,720,1888,144,144,0,16,-115,0,0,50,0,864,688,160,64,0,16,-115,0,0,100,0,864,624,160,64,0,16,-147,0,1,40,0,864,752,160,80,0,32,-147,0,0,100,0,1792,480,128,80,0,16,-227,0,0,100,0,864,832,160,192,0,0,-256,0,0,100,0,192,768,192,256,0,
0,18,0,-256,0,0,100,0,0,768,192,256,0,47,-147,0,0,100,0,448,432,112,64,0,81,-107,1,0,100,0,800,0,32,32,0,96,-112,0,0,100,0,768,0,32,32,0,59,-113,1,0,100,0,832,0,32,32,0,80,-104,0,0,100,0,768,0,32,32,0,69,-108,0,0,100,0,832,0,32,32,0,105,-117,0,0,100,0,800,0,32,32,0,117,-124,1,0,100,0,832,0,32,32,0,117,-133,1,0,100,0,768,0,32,32,0,95,-115,0,0,50,0,704,0,32,32,0,0,-228,0,0,100,0,864,1888,144,144,0,16,-115,0,0,50,0,864,688,160,64,0,16,-115,0,0,100,0,864,624,160,64,0,16,-147,0,1,40,0,864,752,160,80,0,32,-147,0,0,100,0,1792,480,128,80,0,16,-227,0,0,100,0,864,832,160,192,0,0,-256,0,0,100,0,192,768,192,256,0,
0,18,0,-256,0,0,100,0,0,768,192,256,0,47,-147,0,0,100,0,560,432,112,64,0,81,-107,1,0,100,0,800,0,32,32,0,96,-112,0,0,100,0,768,0,32,32,0,59,-113,1,0,100,0,832,0,32,32,0,80,-104,0,0,100,0,768,0,32,32,0,69,-108,0,0,100,0,832,0,32,32,0,105,-117,0,0,100,0,800,0,32,32,0,117,-124,1,0,100,0,832,0,32,32,0,117,-133,1,0,100,0,768,0,32,32,0,95,-115,0,0,50,0,704,0,32,32,0,0,-228,0,0,100,0,1008,1888,144,144,0,16,-115,0,0,50,0,864,688,160,64,0,16,-115,0,0,100,0,864,624,160,64,0,16,-147,0,1,40,0,864,752,160,80,0,32,-147,0,0,100,0,1792,480,128,80,0,16,-227,0,0,100,0,864,832,160,192,0,0,-256,0,0,100,0,192,768,192,256,0,
0,18,0,-256,0,0,100,0,0,768,192,256,0,47,-147,0,0,100,0,672,432,112,64,0,81,-107,1,0,100,0,800,0,32,32,0,96,-112,0,0,100,0,768,0,32,32,0,59,-113,1,0,100,0,832,0,32,32,0,80,-104,0,0,100,0,768,0,32,32,0,69,-108,0,0,100,0,832,0,32,32,0,105,-117,0,0,100,0,800,0,32,32,0,117,-124,1,0,100,0,832,0,32,32,0,117,-133,1,0,100,0,768,0,32,32,0,95,-115,0,0,50,0,704,0,32,32,0,0,-228,0,0,100,0,1008,1888,144,144,0,16,-115,0,0,50,0,864,688,160,64,0,16,-115,0,0,100,0,864,624,160,64,0,16,-147,0,1,40,0,864,752,160,80,0,32,-147,0,0,100,0,1792,480,128,80,0,16,-227,0,0,100,0,864,832,160,192,0,0,-256,0,0,100,0,192,768,192,256,0,
0,19,0,-256,0,0,100,0,0,768,192,256,0,45,-147,0,0,100,0,0,432,112,64,0,45,-147,0,0,100,0,112,304,112,64,0,81,-107,1,0,100,0,800,0,32,32,0,96,-112,0,0,100,0,768,0,32,32,0,59,-113,1,0,100,0,832,0,32,32,0,80,-104,0,0,100,0,768,0,32,32,0,69,-108,0,0,100,0,832,0,32,32,0,105,-117,0,0,100,0,800,0,32,32,0,117,-124,1,0,100,0,832,0,32,32,0,117,-133,1,0,100,0,768,0,32,32,0,94,-114,0,0,50,0,704,0,32,32,0,0,-228,0,0,100,0,1008,1888,144,144,0,16,-115,0,0,50,0,864,688,160,64,0,16,-115,0,0,100,0,864,624,160,64,0,16,-147,0,1,40,0,864,752,160,80,0,32,-147,0,0,100,0,1792,480,128,80,0,16,-227,0,0,100,0,864,832,160,192,0,0,-256,0,0,100,0,192,768,192,256,0,
0,19,0,-256,0,0,100,0,0,768,192,256,0,45,-147,0,0,100,0,112,432,112,64,0,45,-147,0,0,100,0,112,368,112,64,0,81,-107,1,0,100,0,800,0,32,32,0,96,-112,0,0,100,0,768,0,32,32,0,59,-113,1,0,100,0,832,0,32,32,0,80,-104,0,0,100,0,768,0,32,32,0,69,-108,0,0,100,0,832,0,32,32,0,105,-117,0,0,100,0,800,0,32,32,0,117,-124,1,0,100,0,832,0,32,32,0,117,-133,1,0,100,0,768,0,32,32,0,94,-114,0,0,50,0,704,0,32,32,0,0,-228,0,0,100,0,1008,1888,144,144,0,16,-115,0,0,50,0,864,688,160,64,0,16,-115,0,0,100,0,864,624,160,64,0,16,-147,0,1,40,0,864,752,160,80,0,32,-147,0,0,100,0,1792,480,128,80,0,16,-227,0,0,100,0,864,832,160,192,0,0,-256,0,0,100,0,192,768,192,256,0,
0,19,0,-256,0,0,100,0,0,768,192,256,0,45,-147,0,0,100,0,224,432,112,64,0,45,-147,0,0,100,0,224,304,112,64,0,81,-107,1,0,100,0,800,0,32,32,0,96,-112,0,0,100,0,768,0,32,32,0,59,-113,1,0,100,0,832,0,32,32,0,80,-104,0,0,100,0,768,0,32,32,0,69,-108,0,0,100,0,832,0,32,32,0,105,-117,0,0,100,0,800,0,32,32,0,117,-124,1,0,100,0,832,0,32,32,0,117,-133,1,0,100,0,768,0,32,32,0,94,-114,0,0,50,0,704,0,32,32,0,0,-228,0,0,100,0,1008,1888,144,144,0,16,-115,0,0,50,0,864,688,160,64,0,16,-115,0,0,100,0,864,624,160,64,0,16,-147,0,1,40,0,864,752,160,80,0,32,-147,0,0,100,0,1792,480,128,80,0,16,-227,0,0,100,0,864,832,160,192,0,0,-256,0,0,100,0,192,768,192,256,0,
0,19,0,-256,0,0,100,0,0,768,192,256,0,45,-147,0,0,100,0,336,432,112,64,0,45,-147,0,0,100,0,336,304,112,64,0,81,-107,1,0,100,0,800,0,32,32,0,96,-112,0,0,100,0,768,0,32,32,0,59,-113,1,0,100,0,832,0,32,32,0,80,-104,0,0,100,0,768,0,32,32,0,69,-108,0,0,100,0,832,0,32,32,0,105,-117,0,0,100,0,800,0,32,32,0,117,-124,1,0,100,0,832,0,32,32,0,117,-133,1,0,100,0,768,0,32,32,0,94,-114,0,0,50,0,704,0,32,32,0,0,-228,0,0,100,0,1008,1888,144,144,0,16,-115,0,0,50,0,864,688,160,64,0,16,-115,0,0,100,0,864,624,160,64,0,16,-147,0,1,40,0,864,752,160,80,0,32,-147,0,0,100,0,1792,480,128,80,0,16,-227,0,0,100,0,864,832,160,192,0,0,-256,0,0,100,0,192,768,192,256,0,
0,20,0,-256,0,0,100,0,0,768,192,256,0,45,-147,0,0,90,0,0,432,112,64,0,45,-147,0,0,90,0,112,304,112,64,0,81,-107,1,0,90,0,800,0,32,32,0,96,-112,0,0,90,0,768,0,32,32,0,59,-113,1,0,90,0,832,0,32,32,0,80,-104,0,0,90,0,768,0,32,32,0,69,-108,0,0,90,0,832,0,32,32,0,105,-117,0,0,90,0,800,0,32,32,0,117,-124,1,0,90,0,832,0,32,32,0,117,-133,1,0,90,0,768,0,32,32,0,94,-114,0,0,40,0,704,0,32,32,0,0,-228,0,0,90,0,1008,1888,144,144,0,16,-115,0,0,50,0,864,688,160,64,0,16,-115,0,0,100,0,864,624,160,64,0,32,-147,0,0,10,0,1792,160,128,80,0,16,-147,0,1,40,0,864,752,160,80,0,32,-147,0,0,100,0,1792,480,128,80,0,16,-227,0,0,100,0,864,832,160,192,0,0,-256,0,0,100,0,192,768,192,256,0,
0,20,0,-256,0,0,100,0,0,768,192,256,0,45,-147,0,0,80,0,112,432,112,64,0,45,-147,0,0,80,0,112,368,112,64,0,81,-107,1,0,80,0,800,0,32,32,0,96,-112,0,0,80,0,768,0,32,32,0,59,-113,1,0,80,0,832,0,32,32,0,80,-104,0,0,80,0,768,0,32,32,0,69,-108,0,0,80,0,832,0,32,32,0,105,-117,0,0,80,0,800,0,32,32,0,117,-124,1,0,80,0,832,0,32,32,0,117,-133,1,0,80,0,768,0,32,32,0,94,-114,0,0,30,0,704,0,32,32,0,0,-228,0,0,80,0,1008,1888,144,144,0,16,-115,0,0,50,0,864,688,160,64,0,16,-115,0,0,100,0,864,624,160,64,0,32,-147,0,0,20,0,1792,160,128,80,0,16,-147,0,1,40,0,864,752,160,80,0,32,-147,0,0,100,0,1792,480,128,80,0,16,-227,0,0,100,0,864,832,160,192,0,0,-256,0,0,100,0,192,768,192,256,0,
0,20,0,-256,0,0,100,0,0,768,192,256,0,45,-147,0,0,70,0,224,432,112,64,0,45,-147,0,0,70,0,224,304,112,64,0,81,-107,1,0,70,0,800,0,32,32,0,96,-112,0,0,70,0,768,0,32,32,0,59,-113,1,0,70,0,832,0,32,32,0,80,-104,0,0,70,0,768,0,32,32,0,69,-108,0,0,70,0,832,0,32,32,0,105,-117,0,0,70,0,800,0,32,32,0,117,-124,1,0,70,0,832,0,32,32,0,117,-133,1,0,70,0,768,0,32,32,0,94,-114,0,0,20,0,704,0,32,32,0,0,-228,0,0,70,0,1008,1888,144,144,0,16,-115,0,0,50,0,864,688,160,64,0,16,-115,0,0,100,0,864,624,160,64,0,32,-147,0,0,30,0,1792,160,128,80,0,16,-147,0,1,40,0,864,752,160,80,0,32,-147,0,0,100,0,1792,480,128,80,0,16,-227,0,0,100,0,864,832,160,192,0,0,-256,0,0,100,0,192,768,192,256,0,
0,20,0,-256,0,0,100,0,0,768,192,256,0,45,-147,0,0,60,0,336,432,112,64,0,45,-147,0,0,60,0,336,304,112,64,0,81,-107,1,0,60,0,800,0,32,32,0,96,-112,0,0,60,0,768,0,32,32,0,59,-113,1,0,60,0,832,0,32,32,0,80,-104,0,0,60,0,768,0,32,32,0,69,-108,0,0,60,0,832,0,32,32,0,105,-117,0,0,60,0,800,0,32,32,0,117,-124,1,0,60,0,832,0,32,32,0,117,-133,1,0,60,0,768,0,32,32,0,94,-114,0,0,10,0,704,0,32,32,0,0,-228,0,0,60,0,1008,1888,144,144,0,16,-115,0,0,50,0,864,688,160,64,0,16,-115,0,0,100,0,864,624,160,64,0,32,-147,0,0,40,0,1792,160,128,80,0,16,-147,0,1,40,0,864,752,160,80,0,32,-147,0,0,100,0,1792,480,128,80,0,16,-227,0,0,100,0,864,832,160,192,0,0,-256,0,0,100,0,192,768,192,256,0,
0,19,0,-256,0,0,100,0,0,768,192,256,0,45,-147,0,0,50,0,0,432,112,64,0,45,-147,0,0,50,0,112,304,112,64,0,81,-107,1,0,50,0,800,0,32,32,0,96,-112,0,0,50,0,768,0,32,32,0,59,-113,1,0,50,0,832,0,32,32,0,80,-104,0,0,50,0,768,0,32,32,0,69,-108,0,0,50,0,832,0,32,32,0,105,-117,0,0,50,0,800,0,32,32,0,117,-124,1,0,50,0,832,0,32,32,0,117,-133,1,0,50,0,768,0,32,32,0,0,-228,0,0,50,0,1008,1888,144,144,0,16,-115,0,0,50,0,864,688,160,64,0,16,-115,0,0,100,0,864,624,160,64,0,32,-147,0,0,50,0,1792,160,128,80,0,16,-147,0,1,40,0,864,752,160,80,0,32,-147,0,0,100,0,1792,480,128,80,0,16,-227,0,0,100,0,864,832,160,192,0,0,-256,0,0,100,0,192,768,192,256,0,
0,19,0,-256,0,0,100,0,0,768,192,256,0,45,-147,0,0,40,0,112,432,112,64,0,45,-147,0,0,40,0,112,368,112,64,0,81,-107,1,0,40,0,800,0,32,32,0,96,-112,0,0,40,0,768,0,32,32,0,59,-113,1,0,40,0,832,0,32,32,0,80,-104,0,0,40,0,768,0,32,32,0,69,-108,0,0,40,0,832,0,32,32,0,105,-117,0,0,40,0,800,0,32,32,0,117,-124,1,0,40,0,832,0,32,32,0,117,-133,1,0,40,0,768,0,32,32,0,0,-228,0,0,40,0,1008,1888,144,144,0,16,-115,0,0,50,0,864,688,160,64,0,16,-115,0,0,100,0,864,624,160,64,0,32,-147,0,0,60,0,1792,160,128,80,0,16,-147,0,1,40,0,864,752,160,80,0,32,-147,0,0,100,0,1792,480,128,80,0,16,-227,0,0,100,0,864,832,160,192,0,0,-256,0,0,100,0,192,768,192,256,0,
0,19,0,-256,0,0,100,0,0,768,192,256,0,45,-147,0,0,30,0,224,432,112,64,0,45,-147,0,0,30,0,224,304,112,64,0,81,-107,1,0,30,0,800,0,32,32,0,96,-112,0,0,30,0,768,0,32,32,0,59,-113,1,0,30,0,832,0,32,32,0,80,-104,0,0,30,0,768,0,32,32,0,69,-108,0,0,30,0,832,0,32,32,0,105,-117,0,0,30,0,800,0,32,32,0,117,-124,1,0,30,0,832,0,32,32,0,117,-133,1,0,30,0,768,0,32,32,0,0,-228,0,0,30,0,1008,1888,144,144,0,16,-115,0,0,50,0,864,688,160,64,0,16,-115,0,0,100,0,864,624,160,64,0,32,-147,0,0,70,0,1792,160,128,80,0,16,-147,0,1,40,0,864,752,160,80,0,32,-147,0,0,100,0,1792,480,128,80,0,16,-227,0,0,100,0,864,832,160,192,0,0,-256,0,0,100,0,192,768,192,256,0,
0,19,0,-256,0,0,100,0,0,768,192,256,0,45,-147,0,0,20,0,336,432,112,64,0,45,-147,0,0,20,0,336,304,112,64,0,81,-107,1,0,20,0,800,0,32,32,0,96,-112,0,0,20,0,768,0,32,32,0,59,-113,1,0,20,0,832,0,32,32,0,80,-104,0,0,20,0,768,0,32,32,0,69,-108,0,0,20,0,832,0,32,32,0,105,-117,0,0,20,0,800,0,32,32,0,117,-124,1,0,20,0,832,0,32,32,0,117,-133,1,0,20,0,768,0,32,32,0,0,-228,0,0,20,0,1008,1888,144,144,0,16,-115,0,0,50,0,864,688,160,64,0,16,-115,0,0,100,0,864,624,160,64,0,32,-147,0,0,80,0,1792,160,128,80,0,16,-147,0,1,40,0,864,752,160,80,0,32,-147,0,0,100,0,1792,480,128,80,0,16,-227,0,0,100,0,864,832,160,192,0,0,-256,0,0,100,0,192,768,192,256,0,
0,19,0,-256,0,0,100,0,0,768,192,256,0,45,-147,0,0,10,0,0,432,112,64,0,45,-147,0,0,10,0,112,304,112,64,0,81,-107,1,0,10,0,800,0,32,32,0,96,-112,0,0,10,0,768,0,32,32,0,59,-113,1,0,10,0,832,0,32,32,0,80,-104,0,0,10,0,768,0,32,32,0,69,-108,0,0,10,0,832,0,32,32,0,105,-117,0,0,10,0,800,0,32,32,0,117,-124,1,0,10,0,832,0,32,32,0,117,-133,1,0,10,0,768,0,32,32,0,0,-228,0,0,10,0,1008,1888,144,144,0,16,-115,0,0,50,0,864,688,160,64,0,16,-115,0,0,100,0,864,624,160,64,0,32,-147,0,0,90,0,1792,160,128,80,0,16,-147,0,1,40,0,864,752,160,80,0,32,-147,0,0,100,0,1792,480,128,80,0,16,-227,0,0,100,0,864,832,160,192,0,0,-256,0,0,100,0,192,768,192,256,0,
0,8,0,-256,0,0,100,0,0,768,192,256,0,16,-115,0,0,50,0,864,688,160,64,0,16,-115,0,0,100,0,864,624,160,64,0,32,-147,0,0,100,0,1792,160,128,80,0,16,-147,0,1,40,0,864,752,160,80,0,32,-147,0,0,100,0,1792,480,128,80,0,16,-227,0,0,100,0,864,832,160,192,0,0,-256,0,0,100,0,192,768,192,256,0,
0,8,0,-256,0,0,100,0,0,768,192,256,0,16,-115,0,0,50,0,864,688,160,64,0,16,-115,0,0,100,0,864,624,160,64,0,32,-147,0,0,100,0,1792,160,128,80,0,16,-147,0,1,40,0,864,752,160,80,0,32,-147,0,0,100,0,1792,480,128,80,0,16,-227,0,0,100,0,864,832,160,192,0,0,-256,0,0,100,0,192,768,192,256,0,
0,8,0,-256,0,0,100,0,0,768,192,256,0,16,-115,0,0,50,0,864,688,160,64,0,16,-115,0,0,100,0,864,624,160,64,0,32,-147,0,0,100,0,1792,160,128,80,0,16,-147,0,1,40,0,864,752,160,80,0,32,-147,0,0,100,0,1792,480,128,80,0,16,-227,0,0,100,0,864,832,160,192,0,0,-256,0,0,100,0,192,768,192,256,0,
0,7,0,-256,0,0,100,0,0,768,192,256,0,16,-115,0,0,50,0,864,688,160,64,0,16,-115,0,0,100,0,864,624,160,64,0,32,-147,0,0,100,0,1792,160,128,80,0,16,-147,0,1,40,0,864,752,160,80,0,16,-227,0,0,100,0,864,832,160,192,0,0,-256,0,0,100,0,192,768,192,256,0,
0,8,0,-256,0,0,100,0,0,768,192,256,0,16,-115,0,0,50,0,864,688,160,64,0,16,-115,0,0,100,0,864,624,160,64,0,32,-147,0,0,100,0,1792,160,128,80,0,16,-147,0,1,40,0,864,752,160,80,0,32,-147,0,0,100,0,1792,160,128,80,0,16,-227,0,0,100,0,864,832,160,192,0,0,-256,0,0,100,0,192,768,192,256,0,
0,8,0,-256,0,0,100,0,0,768,192,256,0,16,-115,0,0,50,0,864,688,160,64,0,16,-115,0,0,100,0,864,624,160,64,0,32,-147,0,0,100,0,1792,160,128,80,0,16,-147,0,1,40,0,864,752,160,80,0,32,-147,0,0,100,0,1792,160,128,80,0,16,-227,0,0,100,0,864,832,160,192,0,0,-256,0,0,100,0,192,768,192,256,0,
0,30,0,-256,0,0,100,0,0,768,192,256,0,44,-148,0,0,10,0,576,208,64,64,0,110,-142,0,0,10,0,688,160,32,32,0,89,-155,0,0,10,0,592,144,48,48,0,65,-107,1,0,10,0,768,0,32,32,0,75,-106,1,0,10,0,800,0,32,32,0,87,-110,0,0,10,0,832,0,32,32,0,99,-112,0,0,10,0,768,0,32,32,0,112,-120,0,0,10,0,800,0,32,32,0,53,-122,0,0,10,0,768,0,32,32,0,39,-121,0,0,10,0,832,0,32,32,0,56,-128,0,0,10,0,832,0,32,32,0,66,-134,0,0,10,0,800,0,32,32,0,70,-139,0,0,10,0,832,0,32,32,0,35,-129,0,0,10,0,768,32,32,32,0,47,-129,0,0,10,0,832,32,32,32,0,54,-134,0,0,10,0,736,32,32,32,0,63,-140,0,0,10,0,832,32,32,32,0,72,-143,0,0,10,0,768,32,32,32,0,109,-129,1,0,10,0,768,0,32,32,0,124,-125,0,0,10,0,832,0,32,32,0,87,-144,0,0,10,0,800,0,32,32,0,78,-150,0,0,10,0,800,32,32,32,0,16,-115,0,0,50,0,864,688,160,64,0,16,-115,0,0,100,0,864,624,160,64,0,32,-147,0,0,90,0,1792,160,128,80,0,16,-147,0,1,40,0,864,752,160,80,0,32,-147,0,0,100,0,1792,160,128,80,0,16,-227,0,0,100,0,864,832,160,192,0,0,-256,0,0,100,0,192,768,192,256,0,
0,30,0,-256,0,0,100,0,0,768,192,256,0,44,-148,0,0,20,0,640,208,64,64,0,110,-135,0,0,20,0,656,160,32,32,0,95,-151,0,0,20,0,0,0,48,48,0,65,-107,1,0,20,0,768,0,32,32,0,75,-106,1,0,20,0,800,0,32,32,0,87,-110,0,0,20,0,832,0,32,32,0,99,-112,0,0,20,0,768,0,32,32,0,112,-120,0,0,20,0,800,0,32,32,0,53,-122,0,0,20,0,768,0,32,32,0,39,-121,0,0,20,0,832,0,32,32,0,56,-128,0,0,20,0,832,0,32,32,0,66,-134,0,0,20,0,800,0,32,32,0,70,-139,0,0,20,0,832,0,32,32,0,35,-129,0,0,20,0,768,32,32,32,0,47,-129,0,0,20,0,832,32,32,32,0,54,-134,0,0,20,0,736,32,32,32,0,63,-140,0,0,20,0,832,32,32,32,0,72,-143,0,0,20,0,768,32,32,32,0,109,-129,1,0,20,0,768,0,32,32,0,124,-125,0,0,20,0,832,0,32,32,0,87,-144,0,0,20,0,800,0,32,32,0,78,-150,0,0,20,0,800,32,32,32,0,16,-115,0,0,50,0,864,688,160,64,0,16,-115,0,0,100,0,864,624,160,64,0,32,-147,0,0,80,0,1792,160,128,80,0,16,-147,0,1,40,0,864,752,160,80,0,32,-147,0,0,100,0,1792,160,128,80,0,16,-227,0,0,100,0,864,832,160,192,0,0,-256,0,0,100,0,192,768,192,256,0,
0,29,0,-256,0,0,100,0,0,768,192,256,0,44,-148,0,0,30,0,640,208,64,64,0,110,-135,0,0,30,0,688,160,32,32,0,95,-151,0,0,30,0,592,144,48,48,0,75,-106,1,0,30,0,800,0,32,32,0,87,-110,0,0,30,0,832,0,32,32,0,99,-112,0,0,30,0,768,0,32,32,0,112,-120,0,0,30,0,800,0,32,32,0,53,-122,0,0,30,0,768,0,32,32,0,39,-121,0,0,30,0,832,0,32,32,0,56,-128,0,0,30,0,832,0,32,32,0,66,-134,0,0,30,0,800,0,32,32,0,70,-139,0,0,30,0,832,0,32,32,0,35,-129,0,0,30,0,768,32,32,32,0,47,-129,0,0,30,0,832,32,32,32,0,54,-134,0,0,30,0,736,32,32,32,0,63,-140,0,0,30,0,832,32,32,32,0,72,-143,0,0,30,0,768,32,32,32,0,109,-129,1,0,30,0,768,0,32,32,0,124,-125,0,0,30,0,832,0,32,32,0,87,-144,0,0,30,0,800,0,32,32,0,78,-150,0,0,30,0,800,32,32,32,0,16,-115,0,0,50,0,864,688,160,64,0,16,-115,0,0,100,0,864,624,160,64,0,32,-147,0,0,70,0,1792,160,128,80,0,16,-147,0,1,40,0,864,752,160,80,0,32,-147,0,0,100,0,1792,160,128,80,0,16,-227,0,0,100,0,864,832,160,192,0,0,-256,0,0,100,0,192,768,192,256,0,
0,29,0,-256,0,0,100,0,0,768,192,256,0,44,-148,0,0,40,0,0,48,64,64,0,109,-136,0,0,40,0,656,160,32,32,0,92,-152,0,0,40,0,0,0,48,48,0,75,-106,1,0,40,0,800,0,32,32,0,87,-110,0,0,40,0,832,0,32,32,0,99,-112,0,0,40,0,768,0,32,32,0,112,-120,0,0,40,0,800,0,32,32,0,53,-122,0,0,40,0,768,0,32,32,0,39,-121,0,0,40,0,832,0,32,32,0,56,-128,0,0,40,0,832,0,32,32,0,66,-134,0,0,40,0,800,0,32,32,0,70,-139,0,0,40,0,832,0,32,32,0,35,-129,0,0,40,0,768,32,32,32,0,47,-129,0,0,40,0,832,32,32,32,0,54,-134,0,0,40,0,736,32,32,32,0,63,-140,0,0,40,0,832,32,32,32,0,72,-143,0,0,40,0,768,32,32,32,0,109,-129,1,0,40,0,768,0,32,32,0,124,-125,0,0,40,0,832,0,32,32,0,87,-144,0,0,40,0,800,0,32,32,0,78,-150,0,0,40,0,800,32,32,32,0,16,-115,0,0,50,0,864,688,160,64,0,16,-115,0,0,100,0,864,624,160,64,0,32,-147,0,0,60,0,1792,160,128,80,0,16,-147,0,1,40,0,864,752,160,80,0,32,-147,0,0,100,0,1792,160,128,80,0,16,-227,0,0,100,0,864,832,160,192,0,0,-256,0,0,100,0,192,768,192,256,0,
0,29,0,-256,0,0,100,0,0,768,192,256,0,44,-148,0,0,50,0,0,48,64,64,0,109,-136,0,0,50,0,688,160,32,32,0,92,-152,0,0,50,0,592,144,48,48,0,75,-106,1,0,50,0,800,0,32,32,0,87,-110,0,0,50,0,832,0,32,32,0,99,-112,0,0,50,0,768,0,32,32,0,112,-120,0,0,50,0,800,0,32,32,0,53,-122,0,0,50,0,768,0,32,32,0,39,-121,0,0,50,0,832,0,32,32,0,56,-128,0,0,50,0,832,0,32,32,0,66,-134,0,0,50,0,800,0,32,32,0,70,-139,0,0,50,0,832,0,32,32,0,35,-129,0,0,50,0,768,32,32,32,0,47,-129,0,0,50,0,832,32,32,32,0,54,-134,0,0,50,0,736,32,32,32,0,63,-140,0,0,50,0,832,32,32,32,0,72,-143,0,0,50,0,768,32,32,32,0,109,-129,1,0,50,0,768,0,32,32,0,124,-125,0,0,50,0,832,0,32,32,0,87,-144,0,0,50,0,800,0,32,32,0,78,-150,0,0,50,0,800,32,32,32,0,16,-115,0,0,50,0,864,688,160,64,0,16,-115,0,0,100,0,864,624,160,64,0,32,-147,0,0,50,0,1792,160,128,80,0,16,-147,0,1,40,0,864,752,160,80,0,32,-147,0,0,100,0,1792,160,128,80,0,16,-227,0,0,100,0,864,832,160,192,0,0,-256,0,0,100,0,192,768,192,256,0,
0,31,0,-256,0,0,100,0,0,768,192,256,0,44,-148,0,0,60,0,576,208,64,64,0,65,-114,0,0,10,0,704,0,32,32,0,110,-142,0,0,60,0,656,160,32,32,0,89,-155,0,0,60,0,0,0,48,48,0,96,-131,0,0,10,0,704,0,32,32,0,75,-106,1,0,60,0,800,0,32,32,0,87,-110,0,0,60,0,832,0,32,32,0,99,-112,0,0,60,0,768,0,32,32,0,112,-120,0,0,60,0,800,0,32,32,0,53,-122,0,0,60,0,768,0,32,32,0,39,-121,0,0,60,0,832,0,32,32,0,56,-128,0,0,60,0,832,0,32,32,0,66,-134,0,0,60,0,800,0,32,32,0,70,-139,0,0,60,0,832,0,32,32,0,35,-129,0,0,60,0,768,32,32,32,0,47,-129,0,0,60,0,832,32,32,32,0,54,-134,0,0,60,0,736,32,32,32,0,63,-140,0,0,60,0,832,32,32,32,0,72,-143,0,0,60,0,768,32,32,32,0,109,-129,1,0,60,0,768,0,32,32,0,124,-125,0,0,60,0,832,0,32,32,0,87,-144,0,0,60,0,800,0,32,32,0,78,-150,0,0,60,0,800,32,32,32,0,16,-115,0,0,50,0,864,688,160,64,0,16,-115,0,0,100,0,864,624,160,64,0,32,-147,0,0,40,0,1792,160,128,80,0,16,-147,0,1,40,0,864,752,160,80,0,32,-147,0,0,100,0,1792,160,128,80,0,16,-227,0,0,100,0,864,832,160,192,0,0,-256,0,0,100,0,192,768,192,256,0,
0,31,0,-256,0,0,100,0,0,768,192,256,0,44,-148,0,0,70,0,576,208,64,64,0,65,-114,0,0,20,0,704,0,32,32,0,110,-142,0,0,70,0,688,160,32,32,0,89,-155,0,0,70,0,592,144,48,48,0,96,-131,0,0,20,0,704,0,32,32,0,75,-106,1,0,70,0,800,0,32,32,0,87,-110,0,0,70,0,832,0,32,32,0,99,-112,0,0,70,0,768,0,32,32,0,112,-120,0,0,70,0,800,0,32,32,0,53,-122,0,0,70,0,768,0,32,32,0,39,-121,0,0,70,0,832,0,32,32,0,56,-128,0,0,70,0,832,0,32,32,0,66,-134,0,0,70,0,800,0,32,32,0,70,-139,0,0,70,0,832,0,32,32,0,35,-129,0,0,70,0,768,32,32,32,0,47,-129,0,0,70,0,832,32,32,32,0,54,-134,0,0,70,0,736,32,32,32,0,63,-140,0,0,70,0,832,32,32,32,0,72,-143,0,0,70,0,768,32,32,32,0,109,-129,1,0,70,0,768,0,32,32,0,124,-125,0,0,70,0,832,0,32,32,0,87,-144,0,0,70,0,800,0,32,32,0,78,-150,0,0,70,0,800,32,32,32,0,16,-115,0,0,50,0,864,688,160,64,0,16,-115,0,0,100,0,864,624,160,64,0,32,-147,0,0,30,0,1792,160,128,80,0,16,-147,0,1,40,0,864,752,160,80,0,32,-147,0,0,100,0,1792,160,128,80,0,16,-227,0,0,100,0,864,832,160,192,0,0,-256,0,0,100,0,192,768,192,256,0,
0,31,0,-256,0,0,100,0,0,768,192,256,0,44,-148,0,0,80,0,640,208,64,64,0,65,-114,0,0,30,0,704,0,32,32,0,110,-135,0,0,80,0,656,160,32,32,0,95,-151,0,0,80,0,0,0,48,48,0,102,-127,0,0,30,0,704,0,32,32,0,75,-106,1,0,80,0,800,0,32,32,0,87,-110,0,0,80,0,832,0,32,32,0,99,-112,0,0,80,0,768,0,32,32,0,112,-120,0,0,80,0,800,0,32,32,0,53,-122,0,0,80,0,768,0,32,32,0,39,-121,0,0,80,0,832,0,32,32,0,56,-128,0,0,80,0,832,0,32,32,0,66,-134,0,0,80,0,800,0,32,32,0,70,-139,0,0,80,0,832,0,32,32,0,35,-129,0,0,80,0,768,32,32,32,0,47,-129,0,0,80,0,832,32,32,32,0,54,-134,0,0,80,0,736,32,32,32,0,63,-140,0,0,80,0,832,32,32,32,0,72,-143,0,0,80,0,768,32,32,32,0,109,-129,1,0,80,0,768,0,32,32,0,124,-125,0,0,80,0,832,0,32,32,0,87,-144,0,0,80,0,800,0,32,32,0,78,-150,0,0,80,0,800,32,32,32,0,16,-115,0,0,50,0,864,688,160,64,0,16,-115,0,0,100,0,864,624,160,64,0,32,-147,0,0,20,0,1792,160,128,80,0,16,-147,0,1,40,0,864,752,160,80,0,32,-147,0,0,100,0,1792,160,128,80,0,16,-227,0,0,100,0,864,832,160,192,0,0,-256,0,0,100,0,192,768,192,256,0,
0,31,0,-256,0,0,100,0,0,768,192,256,0,44,-148,0,0,90,0,640,208,64,64,0,65,-114,0,0,40,0,704,0,32,32,0,110,-135,0,0,90,0,688,160,32,32,0,95,-151,0,0,90,0,592,144,48,48,0,102,-127,0,0,40,0,704,0,32,32,0,75,-106,1,0,90,0,800,0,32,32,0,87,-110,0,0,90,0,832,0,32,32,0,99,-112,0,0,90,0,768,0,32,32,0,112,-120,0,0,90,0,800,0,32,32,0,53,-122,0,0,90,0,768,0,32,32,0,39,-121,0,0,90,0,832,0,32,32,0,56,-128,0,0,90,0,832,0,32,32,0,66,-134,0,0,90,0,800,0,32,32,0,70,-139,0,0,90,0,832,0,32,32,0,35,-129,0,0,90,0,768,32,32,32,0,47,-129,0,0,90,0,832,32,32,32,0,54,-134,0,0,90,0,736,32,32,32,0,63,-140,0,0,90,0,832,32,32,32,0,72,-143,0,0,90,0,768,32,32,32,0,109,-129,1,0,90,0,768,0,32,32,0,124,-125,0,0,90,0,832,0,32,32,0,87,-144,0,0,90,0,800,0,32,32,0,78,-150,0,0,90,0,800,32,32,32,0,16,-115,0,0,50,0,864,688,160,64,0,16,-115,0,0,100,0,864,624,160,64,0,32,-147,0,0,10,0,1792,160,128,80,0,16,-147,0,1,40,0,864,752,160,80,0,32,-147,0,0,100,0,1792,160,128,80,0,16,-227,0,0,100,0,864,832,160,192,0,0,-256,0,0,100,0,192,768,192,256,0,
0,30,0,-256,0,0,100,0,0,768,192,256,0,112,-132,0,0,100,0,720,160,32,32,0,70,-152,0,0,100,0,64,112,64,64,0,75,-117,0,0,50,0,704,0,32,32,0,91,-148,0,0,100,0,432,0,48,48,0,101,-127,0,0,50,0,704,0,32,32,0,74,-100,0,0,30,0,832,0,32,32,0,81,-109,1,0,100,0,800,0,32,32,0,93,-113,0,0,100,0,832,0,32,32,0,105,-115,0,0,100,0,768,0,32,32,0,118,-123,0,0,100,0,800,0,32,32,0,59,-125,0,0,100,0,768,0,32,32,0,45,-124,0,0,100,0,832,0,32,32,0,62,-131,0,0,100,0,832,0,32,32,0,72,-137,0,0,100,0,800,0,32,32,0,76,-142,0,0,100,0,832,0,32,32,0,41,-132,0,0,100,0,768,32,32,32,0,53,-132,0,0,100,0,832,32,32,32,0,60,-137,0,0,100,0,736,32,32,32,0,69,-143,0,0,100,0,832,32,32,32,0,78,-146,0,0,100,0,768,32,32,32,0,115,-132,1,0,100,0,768,0,32,32,0,130,-128,0,0,60,0,832,0,32,32,0,93,-147,0,0,60,0,800,0,32,32,0,16,-115,0,0,50,0,864,688,160,64,0,16,-115,0,0,100,0,864,624,160,64,0,16,-147,0,1,40,0,864,752,160,80,0,32,-147,0,0,100,0,1152,240,128,80,0,16,-227,0,0,100,0,864,832,160,192,0,0,-256,0,0,100,0,192,768,192,256,0,
0,30,0,-256,0,0,100,0,0,768,192,256,0,112,-132,0,0,100,0,720,128,32,32,0,70,-152,0,0,100,0,64,112,64,64,0,75,-117,0,0,50,0,704,0,32,32,0,91,-148,0,0,100,0,432,0,48,48,0,101,-127,0,0,50,0,704,0,32,32,0,74,-100,0,0,60,0,832,0,32,32,0,81,-109,1,0,100,0,800,0,32,32,0,93,-113,0,0,100,0,832,0,32,32,0,105,-115,0,0,100,0,768,0,32,32,0,118,-123,0,0,100,0,800,0,32,32,0,59,-125,0,0,100,0,768,0,32,32,0,45,-124,0,0,100,0,832,0,32,32,0,62,-131,0,0,100,0,832,0,32,32,0,72,-137,0,0,100,0,800,0,32,32,0,76,-142,0,0,100,0,832,0,32,32,0,41,-132,0,0,100,0,768,32,32,32,0,53,-132,0,0,100,0,832,32,32,32,0,60,-137,0,0,100,0,736,32,32,32,0,69,-143,0,0,100,0,832,32,32,32,0,78,-146,0,0,100,0,768,32,32,32,0,115,-132,1,0,100,0,768,0,32,32,0,130,-128,0,0,30,0,832,0,32,32,0,93,-147,0,0,30,0,800,0,32,32,0,16,-115,0,0,50,0,864,688,160,64,0,16,-115,0,0,100,0,864,624,160,64,0,16,-147,0,1,40,0,864,752,160,80,0,32,-147,0,0,100,0,1152,240,128,80,0,16,-227,0,0,100,0,864,832,160,192,0,0,-256,0,0,100,0,192,768,192,256,0,
0,28,0,-256,0,0,100,0,0,768,192,256,0,71,-152,0,0,100,0,128,112,64,64,0,76,-117,0,0,50,0,704,0,32,32,0,92,-148,0,0,100,0,384,0,48,48,0,102,-127,0,0,50,0,704,0,32,32,0,76,-101,0,0,100,0,832,0,32,32,0,83,-110,1,0,100,0,800,0,32,32,0,95,-114,0,0,100,0,832,0,32,32,0,107,-116,0,0,100,0,768,0,32,32,0,120,-124,0,0,100,0,800,0,32,32,0,61,-126,0,0,100,0,768,0,32,32,0,47,-125,0,0,100,0,832,0,32,32,0,64,-132,0,0,100,0,832,0,32,32,0,74,-138,0,0,100,0,800,0,32,32,0,78,-143,0,0,100,0,832,0,32,32,0,30,-126,0,0,30,0,800,32,32,32,0,43,-133,0,0,100,0,768,32,32,32,0,55,-133,0,0,100,0,832,32,32,32,0,62,-138,0,0,100,0,736,32,32,32,0,71,-144,0,0,100,0,832,32,32,32,0,80,-147,0,0,100,0,768,32,32,32,0,117,-133,1,0,100,0,768,0,32,32,0,16,-115,0,0,50,0,864,688,160,64,0,16,-115,0,0,100,0,864,624,160,64,0,16,-147,0,1,40,0,864,752,160,80,0,32,-147,0,0,100,0,1280,240,128,80,0,16,-227,0,0,100,0,864,832,160,192,0,0,-256,0,0,100,0,192,768,192,256,0,
0,28,0,-256,0,0,100,0,0,768,192,256,0,71,-152,0,0,100,0,128,112,64,64,0,76,-117,0,0,50,0,704,0,32,32,0,92,-148,0,0,100,0,384,0,48,48,0,102,-127,0,0,50,0,704,0,32,32,0,76,-101,0,0,100,0,832,0,32,32,0,83,-110,1,0,100,0,800,0,32,32,0,95,-114,0,0,100,0,832,0,32,32,0,107,-116,0,0,100,0,768,0,32,32,0,120,-124,0,0,100,0,800,0,32,32,0,61,-126,0,0,100,0,768,0,32,32,0,47,-125,0,0,100,0,832,0,32,32,0,64,-132,0,0,100,0,832,0,32,32,0,74,-138,0,0,100,0,800,0,32,32,0,78,-143,0,0,100,0,832,0,32,32,0,30,-126,0,0,60,0,800,32,32,32,0,43,-133,0,0,100,0,768,32,32,32,0,55,-133,0,0,100,0,832,32,32,32,0,62,-138,0,0,100,0,736,32,32,32,0,71,-144,0,0,100,0,832,32,32,32,0,80,-147,0,0,100,0,768,32,32,32,0,117,-133,1,0,100,0,768,0,32,32,0,16,-115,0,0,50,0,864,688,160,64,0,16,-115,0,0,100,0,864,624,160,64,0,16,-147,0,1,40,0,864,752,160,80,0,32,-147,0,0,100,0,1280,240,128,80,0,16,-227,0,0,100,0,864,832,160,192,0,0,-256,0,0,100,0,192,768,192,256,0,
0,28,0,-256,0,0,100,0,0,768,192,256,0,72,-153,0,0,100,0,0,112,64,64,0,77,-118,0,0,50,0,704,0,32,32,0,93,-149,0,0,100,0,432,0,48,48,0,103,-128,0,0,50,0,704,0,32,32,0,76,-101,0,0,100,0,832,0,32,32,0,83,-110,1,0,100,0,800,0,32,32,0,95,-114,0,0,100,0,832,0,32,32,0,107,-116,0,0,100,0,768,0,32,32,0,120,-124,0,0,100,0,800,0,32,32,0,61,-126,0,0,100,0,768,0,32,32,0,47,-125,0,0,100,0,832,0,32,32,0,64,-132,0,0,100,0,832,0,32,32,0,74,-138,0,0,100,0,800,0,32,32,0,78,-143,0,0,100,0,832,0,32,32,0,30,-126,0,0,100,0,800,32,32,32,0,43,-133,0,0,100,0,768,32,32,32,0,55,-133,0,0,100,0,832,32,32,32,0,62,-138,0,0,100,0,736,32,32,32,0,71,-144,0,0,100,0,832,32,32,32,0,80,-147,0,0,100,0,768,32,32,32,0,117,-133,1,0,100,0,768,0,32,32,0,16,-115,0,0,50,0,864,688,160,64,0,16,-115,0,0,100,0,864,624,160,64,0,16,-147,0,1,40,0,864,752,160,80,0,32,-147,0,0,100,0,1280,240,128,80,0,16,-227,0,0,100,0,864,832,160,192,0,0,-256,0,0,100,0,192,768,192,256,0,
0,28,0,-256,0,0,100,0,0,768,192,256,0,72,-153,0,0,100,0,0,112,64,64,0,77,-118,0,0,50,0,704,0,32,32,0,93,-149,0,0,100,0,432,0,48,48,0,103,-128,0,0,50,0,704,0,32,32,0,76,-101,0,0,100,0,832,0,32,32,0,83,-110,1,0,100,0,800,0,32,32,0,95,-114,0,0,100,0,832,0,32,32,0,107,-116,0,0,100,0,768,0,32,32,0,120,-124,0,0,100,0,800,0,32,32,0,61,-126,0,0,100,0,768,0,32,32,0,47,-125,0,0,100,0,832,0,32,32,0,64,-132,0,0,100,0,832,0,32,32,0,74,-138,0,0,100,0,800,0,32,32,0,78,-143,0,0,100,0,832,0,32,32,0,30,-126,0,0,100,0,800,32,32,32,0,43,-133,0,0,100,0,768,32,32,32,0,55,-133,0,0,100,0,832,32,32,32,0,62,-138,0,0,100,0,736,32,32,32,0,71,-144,0,0,100,0,832,32,32,32,0,80,-147,0,0,100,0,768,32,32,32,0,117,-133,1,0,100,0,768,0,32,32,0,16,-115,0,0,50,0,864,688,160,64,0,16,-115,0,0,100,0,864,624,160,64,0,16,-147,0,1,40,0,864,752,160,80,0,32,-147,0,0,100,0,1280,240,128,80,0,16,-227,0,0,100,0,864,832,160,192,0,0,-256,0,0,100,0,192,768,192,256,0,
0,30,0,-256,0,0,100,0,0,768,192,256,0,112,-132,0,0,100,0,720,160,32,32,0,70,-152,0,0,100,0,64,112,64,64,0,75,-117,0,0,50,0,704,0,32,32,0,91,-148,0,0,100,0,432,0,48,48,0,101,-127,0,0,50,0,704,0,32,32,0,63,-106,1,0,60,0,768,0,32,32,0,78,-102,0,0,100,0,832,0,32,32,0,85,-111,1,0,100,0,800,0,32,32,0,97,-115,0,0,100,0,832,0,32,32,0,109,-117,0,0,100,0,768,0,32,32,0,122,-125,0,0,100,0,800,0,32,32,0,41,-121,0,0,30,0,800,0,32,32,0,63,-127,0,0,100,0,768,0,32,32,0,49,-126,0,0,100,0,832,0,32,32,0,66,-133,0,0,100,0,832,0,32,32,0,76,-139,0,0,100,0,800,0,32,32,0,80,-144,0,0,100,0,832,0,32,32,0,32,-127,0,0,100,0,800,32,32,32,0,45,-134,0,0,100,0,768,32,32,32,0,57,-134,0,0,100,0,832,32,32,32,0,64,-139,0,0,100,0,736,32,32,32,0,73,-145,0,0,100,0,832,32,32,32,0,82,-148,0,0,100,0,768,32,32,32,0,16,-115,0,0,50,0,864,688,160,64,0,16,-115,0,0,100,0,864,624,160,64,0,16,-147,0,1,40,0,864,752,160,80,0,32,-147,0,0,100,0,1408,240,128,80,0,16,-227,0,0,100,0,864,832,160,192,0,0,-256,0,0,100,0,192,768,192,256,0,
0,30,0,-256,0,0,100,0,0,768,192,256,0,112,-132,0,0,100,0,720,128,32,32,0,70,-152,0,0,100,0,64,112,64,64,0,75,-117,0,0,50,0,704,0,32,32,0,91,-148,0,0,100,0,432,0,48,48,0,101,-127,0,0,50,0,704,0,32,32,0,63,-106,1,0,60,0,768,0,32,32,0,78,-102,0,0,100,0,832,0,32,32,0,85,-111,1,0,100,0,800,0,32,32,0,97,-115,0,0,100,0,832,0,32,32,0,109,-117,0,0,100,0,768,0,32,32,0,122,-125,0,0,100,0,800,0,32,32,0,41,-121,0,0,60,0,800,0,32,32,0,63,-127,0,0,100,0,768,0,32,32,0,49,-126,0,0,100,0,832,0,32,32,0,66,-133,0,0,100,0,832,0,32,32,0,76,-139,0,0,100,0,800,0,32,32,0,80,-144,0,0,100,0,832,0,32,32,0,32,-127,0,0,100,0,800,32,32,32,0,45,-134,0,0,100,0,768,32,32,32,0,57,-134,0,0,100,0,832,32,32,32,0,64,-139,0,0,100,0,736,32,32,32,0,73,-145,0,0,100,0,832,32,32,32,0,82,-148,0,0,100,0,768,32,32,32,0,16,-115,0,0,50,0,864,688,160,64,0,16,-115,0,0,100,0,864,624,160,64,0,16,-147,0,1,40,0,864,752,160,80,0,32,-147,0,0,100,0,1408,240,128,80,0,16,-227,0,0,100,0,864,832,160,192,0,0,-256,0,0,100,0,192,768,192,256,0,
0,29,0,-256,0,0,100,0,0,768,192,256,0,71,-152,0,0,100,0,128,112,64,64,0,76,-117,0,0,50,0,704,0,32,32,0,92,-148,0,0,100,0,384,0,48,48,0,102,-127,0,0,50,0,704,0,32,32,0,65,-107,1,0,100,0,768,0,32,32,0,80,-103,0,0,100,0,832,0,32,32,0,87,-112,1,0,100,0,800,0,32,32,0,99,-116,0,0,100,0,832,0,32,32,0,111,-118,0,0,100,0,768,0,32,32,0,124,-126,0,0,100,0,800,0,32,32,0,43,-122,0,0,100,0,800,0,32,32,0,65,-128,0,0,100,0,768,0,32,32,0,51,-127,0,0,100,0,832,0,32,32,0,68,-134,0,0,100,0,832,0,32,32,0,78,-140,0,0,100,0,800,0,32,32,0,82,-145,0,0,100,0,832,0,32,32,0,34,-128,0,0,100,0,800,32,32,32,0,47,-135,0,0,100,0,768,32,32,32,0,59,-135,0,0,100,0,832,32,32,32,0,66,-140,0,0,100,0,736,32,32,32,0,75,-146,0,0,100,0,832,32,32,32,0,84,-149,0,0,100,0,768,32,32,32,0,16,-115,0,0,50,0,864,688,160,64,0,16,-115,0,0,100,0,864,624,160,64,0,16,-147,0,1,40,0,864,752,160,80,0,32,-147,0,0,100,0,1536,240,128,80,0,16,-227,0,0,100,0,864,832,160,192,0,0,-256,0,0,100,0,192,768,192,256,0,
0,29,0,-256,0,0,100,0,0,768,192,256,0,71,-152,0,0,100,0,128,112,64,64,0,76,-117,0,0,50,0,704,0,32,32,0,92,-148,0,0,100,0,384,0,48,48,0,102,-127,0,0,50,0,704,0,32,32,0,65,-107,1,0,100,0,768,0,32,32,0,80,-103,0,0,100,0,832,0,32,32,0,87,-112,1,0,100,0,800,0,32,32,0,99,-116,0,0,100,0,832,0,32,32,0,111,-118,0,0,100,0,768,0,32,32,0,124,-126,0,0,100,0,800,0,32,32,0,43,-122,0,0,100,0,800,0,32,32,0,65,-128,0,0,100,0,768,0,32,32,0,51,-127,0,0,100,0,832,0,32,32,0,68,-134,0,0,100,0,832,0,32,32,0,78,-140,0,0,100,0,800,0,32,32,0,82,-145,0,0,100,0,832,0,32,32,0,34,-128,0,0,100,0,800,32,32,32,0,47,-135,0,0,100,0,768,32,32,32,0,59,-135,0,0,100,0,832,32,32,32,0,66,-140,0,0,100,0,736,32,32,32,0,75,-146,0,0,100,0,832,32,32,32,0,84,-149,0,0,100,0,768,32,32,32,0,16,-115,0,0,50,0,864,688,160,64,0,16,-115,0,0,100,0,864,624,160,64,0,16,-147,0,1,40,0,864,752,160,80,0,32,-147,0,0,100,0,1536,240,128,80,0,16,-227,0,0,100,0,864,832,160,192,0,0,-256,0,0,100,0,192,768,192,256,0,
0,29,0,-256,0,0,100,0,0,768,192,256,0,72,-153,0,0,100,0,0,112,64,64,0,77,-118,0,0,50,0,704,0,32,32,0,93,-149,0,0,100,0,432,0,48,48,0,103,-128,0,0,50,0,704,0,32,32,0,65,-107,1,0,100,0,768,0,32,32,0,80,-103,0,0,100,0,832,0,32,32,0,87,-112,1,0,100,0,800,0,32,32,0,99,-116,0,0,100,0,832,0,32,32,0,111,-118,0,0,100,0,768,0,32,32,0,124,-126,0,0,100,0,800,0,32,32,0,43,-122,0,0,100,0,800,0,32,32,0,65,-128,0,0,100,0,768,0,32,32,0,51,-127,0,0,100,0,832,0,32,32,0,68,-134,0,0,100,0,832,0,32,32,0,78,-140,0,0,100,0,800,0,32,32,0,82,-145,0,0,100,0,832,0,32,32,0,34,-128,0,0,100,0,800,32,32,32,0,47,-135,0,0,100,0,768,32,32,32,0,59,-135,0,0,100,0,832,32,32,32,0,66,-140,0,0,100,0,736,32,32,32,0,75,-146,0,0,100,0,832,32,32,32,0,84,-149,0,0,100,0,768,32,32,32,0,16,-115,0,0,50,0,864,688,160,64,0,16,-115,0,0,100,0,864,624,160,64,0,16,-147,0,1,40,0,864,752,160,80,0,32,-147,0,0,100,0,1536,240,128,80,0,16,-227,0,0,100,0,864,832,160,192,0,0,-256,0,0,100,0,192,768,192,256,0,
0,29,0,-256,0,0,100,0,0,768,192,256,0,72,-153,0,0,100,0,0,112,64,64,0,77,-118,0,0,50,0,704,0,32,32,0,93,-149,0,0,100,0,432,0,48,48,0,103,-128,0,0,50,0,704,0,32,32,0,65,-107,1,0,100,0,768,0,32,32,0,80,-103,0,0,100,0,832,0,32,32,0,87,-112,1,0,100,0,800,0,32,32,0,99,-116,0,0,100,0,832,0,32,32,0,111,-118,0,0,100,0,768,0,32,32,0,124,-126,0,0,100,0,800,0,32,32,0,43,-122,0,0,100,0,800,0,32,32,0,65,-128,0,0,100,0,768,0,32,32,0,51,-127,0,0,100,0,832,0,32,32,0,68,-134,0,0,100,0,832,0,32,32,0,78,-140,0,0,100,0,800,0,32,32,0,82,-145,0,0,100,0,832,0,32,32,0,34,-128,0,0,100,0,800,32,32,32,0,47,-135,0,0,100,0,768,32,32,32,0,59,-135,0,0,100,0,832,32,32,32,0,66,-140,0,0,100,0,736,32,32,32,0,75,-146,0,0,100,0,832,32,32,32,0,84,-149,0,0,100,0,768,32,32,32,0,16,-115,0,0,50,0,864,688,160,64,0,16,-115,0,0,100,0,864,624,160,64,0,16,-147,0,1,40,0,864,752,160,80,0,32,-147,0,0,100,0,1536,240,128,80,0,16,-227,0,0,100,0,864,832,160,192,0,0,-256,0,0,100,0,192,768,192,256,0,
0,30,0,-256,0,0,100,0,0,768,192,256,0,112,-132,0,0,100,0,720,160,32,32,0,70,-152,0,0,100,0,64,112,64,64,0,75,-117,0,0,50,0,704,0,32,32,0,91,-148,0,0,100,0,432,0,48,48,0,101,-127,0,0,50,0,704,0,32,32,0,77,-107,1,0,100,0,800,0,32,32,0,89,-111,0,0,100,0,832,0,32,32,0,101,-113,0,0,100,0,768,0,32,32,0,114,-121,0,0,100,0,800,0,32,32,0,55,-123,0,0,100,0,768,0,32,32,0,41,-122,0,0,100,0,832,0,32,32,0,58,-129,0,0,100,0,832,0,32,32,0,68,-135,0,0,100,0,800,0,32,32,0,72,-140,0,0,100,0,832,0,32,32,0,37,-130,0,0,100,0,768,32,32,32,0,49,-130,0,0,100,0,832,32,32,32,0,56,-135,0,0,100,0,736,32,32,32,0,65,-141,0,0,100,0,832,32,32,32,0,74,-144,0,0,100,0,768,32,32,32,0,111,-130,1,0,100,0,768,0,32,32,0,126,-126,0,0,100,0,832,0,32,32,0,89,-145,0,0,100,0,800,0,32,32,0,80,-151,0,0,100,0,800,32,32,32,0,16,-115,0,0,50,0,864,688,160,64,0,16,-115,0,0,100,0,864,624,160,64,0,16,-147,0,1,40,0,864,752,160,80,0,32,-147,0,0,100,0,1920,160,128,80,0,16,-227,0,0,100,0,864,832,160,192,0,0,-256,0,0,100,0,192,768,192,256,0,
0,30,0,-256,0,0,100,0,0,768,192,256,0,112,-132,0,0,100,0,720,128,32,32,0,70,-152,0,0,100,0,64,112,64,64,0,75,-117,0,0,50,0,704,0,32,32,0,91,-148,0,0,100,0,432,0,48,48,0,101,-127,0,0,50,0,704,0,32,32,0,77,-107,1,0,100,0,800,0,32,32,0,89,-111,0,0,100,0,832,0,32,32,0,101,-113,0,0,100,0,768,0,32,32,0,114,-121,0,0,100,0,800,0,32,32,0,55,-123,0,0,100,0,768,0,32,32,0,41,-122,0,0,100,0,832,0,32,32,0,58,-129,0,0,100,0,832,0,32,32,0,68,-135,0,0,100,0,800,0,32,32,0,72,-140,0,0,100,0,832,0,32,32,0,37,-130,0,0,100,0,768,32,32,32,0,49,-130,0,0,100,0,832,32,32,32,0,56,-135,0,0,100,0,736,32,32,32,0,65,-141,0,0,100,0,832,32,32,32,0,74,-144,0,0,100,0,768,32,32,32,0,111,-130,1,0,100,0,768,0,32,32,0,126,-126,0,0,100,0,832,0,32,32,0,89,-145,0,0,100,0,800,0,32,32,0,80,-151,0,0,100,0,800,32,32,32,0,16,-115,0,0,50,0,864,688,160,64,0,16,-115,0,0,100,0,864,624,160,64,0,16,-147,0,1,40,0,864,752,160,80,0,32,-147,0,0,100,0,1920,160,128,80,0,16,-227,0,0,100,0,864,832,160,192,0,0,-256,0,0,100,0,192,768,192,256,0,
0,29,0,-256,0,0,100,0,0,768,192,256,0,71,-152,0,0,100,0,128,112,64,64,0,76,-117,0,0,50,0,704,0,32,32,0,92,-148,0,0,100,0,384,0,48,48,0,102,-127,0,0,50,0,704,0,32,32,0,79,-108,1,0,100,0,800,0,32,32,0,91,-112,0,0,100,0,832,0,32,32,0,103,-114,0,0,100,0,768,0,32,32,0,116,-122,0,0,100,0,800,0,32,32,0,57,-124,0,0,100,0,768,0,32,32,0,43,-123,0,0,100,0,832,0,32,32,0,60,-130,0,0,100,0,832,0,32,32,0,70,-136,0,0,100,0,800,0,32,32,0,74,-141,0,0,100,0,832,0,32,32,0,39,-131,0,0,100,0,768,32,32,32,0,51,-131,0,0,100,0,832,32,32,32,0,58,-136,0,0,100,0,736,32,32,32,0,67,-142,0,0,100,0,832,32,32,32,0,76,-145,0,0,100,0,768,32,32,32,0,113,-131,1,0,100,0,768,0,32,32,0,128,-127,0,0,100,0,832,0,32,32,0,91,-146,0,0,100,0,800,0,32,32,0,82,-152,0,0,60,0,800,32,32,32,0,16,-115,0,0,50,0,864,688,160,64,0,16,-115,0,0,100,0,864,624,160,64,0,16,-147,0,1,40,0,864,752,160,80,0,32,-147,0,0,100,0,1024,240,128,80,0,16,-227,0,0,100,0,864,832,160,192,0,0,-256,0,0,100,0,192,768,192,256,0,
0,29,0,-256,0,0,100,0,0,768,192,256,0,71,-152,0,0,100,0,128,112,64,64,0,76,-117,0,0,50,0,704,0,32,32,0,92,-148,0,0,100,0,384,0,48,48,0,102,-127,0,0,50,0,704,0,32,32,0,79,-108,1,0,100,0,800,0,32,32,0,91,-112,0,0,100,0,832,0,32,32,0,103,-114,0,0,100,0,768,0,32,32,0,116,-122,0,0,100,0,800,0,32,32,0,57,-124,0,0,100,0,768,0,32,32,0,43,-123,0,0,100,0,832,0,32,32,0,60,-130,0,0,100,0,832,0,32,32,0,70,-136,0,0,100,0,800,0,32,32,0,74,-141,0,0,100,0,832,0,32,32,0,39,-131,0,0,100,0,768,32,32,32,0,51,-131,0,0,100,0,832,32,32,32,0,58,-136,0,0,100,0,736,32,32,32,0,67,-142,0,0,100,0,832,32,32,32,0,76,-145,0,0,100,0,768,32,32,32,0,113,-131,1,0,100,0,768,0,32,32,0,128,-127,0,0,100,0,832,0,32,32,0,91,-146,0,0,100,0,800,0,32,32,0,82,-152,0,0,30,0,800,32,32,32,0,16,-115,0,0,50,0,864,688,160,64,0,16,-115,0,0,100,0,864,624,160,64,0,16,-147,0,1,40,0,864,752,160,80,0,32,-147,0,0,100,0,1024,240,128,80,0,16,-227,0,0,100,0,864,832,160,192,0,0,-256,0,0,100,0,192,768,192,256,0,
0,28,0,-256,0,0,100,0,0,768,192,256,0,72,-153,0,0,100,0,0,112,64,64,0,77,-118,0,0,50,0,704,0,32,32,0,93,-149,0,0,100,0,432,0,48,48,0,103,-128,0,0,50,0,704,0,32,32,0,79,-108,1,0,100,0,800,0,32,32,0,91,-112,0,0,100,0,832,0,32,32,0,103,-114,0,0,100,0,768,0,32,32,0,116,-122,0,0,100,0,800,0,32,32,0,57,-124,0,0,100,0,768,0,32,32,0,43,-123,0,0,100,0,832,0,32,32,0,60,-130,0,0,100,0,832,0,32,32,0,70,-136,0,0,100,0,800,0,32,32,0,74,-141,0,0,100,0,832,0,32,32,0,39,-131,0,0,100,0,768,32,32,32,0,51,-131,0,0,100,0,832,32,32,32,0,58,-136,0,0,100,0,736,32,32,32,0,67,-142,0,0,100,0,832,32,32,32,0,76,-145,0,0,100,0,768,32,32,32,0,113,-131,1,0,100,0,768,0,32,32,0,128,-127,0,0,100,0,832,0,32,32,0,91,-146,0,0,100,0,800,0,32,32,0,16,-115,0,0,50,0,864,688,160,64,0,16,-115,0,0,100,0,864,624,160,64,0,16,-147,0,1,40,0,864,752,160,80,0,32,-147,0,0,100,0,1024,240,128,80,0,16,-227,0,0,100,0,864,832,160,192,0,0,-256,0,0,100,0,192,768,192,256,0,
0,28,0,-256,0,0,100,0,0,768,192,256,0,72,-153,0,0,100,0,0,112,64,64,0,77,-118,0,0,50,0,704,0,32,32,0,93,-149,0,0,100,0,432,0,48,48,0,103,-128,0,0,50,0,704,0,32,32,0,79,-108,1,0,100,0,800,0,32,32,0,91,-112,0,0,100,0,832,0,32,32,0,103,-114,0,0,100,0,768,0,32,32,0,116,-122,0,0,100,0,800,0,32,32,0,57,-124,0,0,100,0,768,0,32,32,0,43,-123,0,0,100,0,832,0,32,32,0,60,-130,0,0,100,0,832,0,32,32,0,70,-136,0,0,100,0,800,0,32,32,0,74,-141,0,0,100,0,832,0,32,32,0,39,-131,0,0,100,0,768,32,32,32,0,51,-131,0,0,100,0,832,32,32,32,0,58,-136,0,0,100,0,736,32,32,32,0,67,-142,0,0,100,0,832,32,32,32,0,76,-145,0,0,100,0,768,32,32,32,0,113,-131,1,0,100,0,768,0,32,32,0,128,-127,0,0,100,0,832,0,32,32,0,91,-146,0,0,100,0,800,0,32,32,0,16,-115,0,0,50,0,864,688,160,64,0,16,-115,0,0,100,0,864,624,160,64,0,16,-147,0,1,40,0,864,752,160,80,0,32,-147,0,0,100,0,1024,240,128,80,0,16,-227,0,0,100,0,864,832,160,192,0,0,-256,0,0,100,0,192,768,192,256,0,
