0,29,0,-256,0,0,100,0,352,344,192,256,0,60,-210,0,1,100,0,112,256,48,48,0,28,-207,0,1,80,0,112,304,32,32,0,69,-242,0,0,100,0,256,64,32,80,0,37,-231,0,0,100,0,240,64,16,48,0,20,-217,0,0,30,0,0,336,160,144,0,26,-197,0,0,100,0,192,0,64,48,0,135,-175,0,1,100,0,144,304,32,32,0,114,-171,0,0,100,0,192,208,64,80,0,82,-105,0,0,100,0,192,192,16,16,0,66,-108,0,0,100,0,192,176,16,16,0,86,-131,0,0,100,0,256,32,16,32,0,73,-120,0,0,100,0,192,128,48,32,0,66,-155,0,0,100,0,384,0,32,48,0,69,-117,0,0,100,0,192,96,32,16,0,94,-134,0,0,100,0,256,0,32,32,0,93,-119,0,0,100,0,192,112,32,16,0,47,-121,0,0,100,0,192,160,32,16,0,93,-193,0,0,100,0,0,256,64,32,0,127,-122,0,0,100,0,64,256,48,32,0,72,-117,0,0,100,0,48,304,48,32,0,93,-117,0,0,100,0,80,288,32,16,0,67,-116,0,0,100,0,48,288,32,16,0,29,-186,0,0,100,0,0,288,48,48,0,32,-159,0,0,100,0,192,48,48,48,0,102,-173,0,0,100,0,288,64,16,48,0,125,-163,0,0,100,0,224,192,16,16,0,0,-256,0,0,100,0,0,0,192,256,0,0,-256,0,0,100,0,544,344,192,256,0,
0,29,0,-256,0,0,100,0,352,344,192,256,0,60,-210,0,1,100,0,112,256,48,48,0,28,-207,0,1,70,0,112,304,32,32,0,69,-242,0,0,100,0,256,64,32,80,0,37,-231,0,0,100,0,240,64,16,48,0,20,-217,0,0,30,0,0,336,160,144,0,26,-197,0,0,100,0,192,0,64,48,0,135,-175,0,1,100,0,144,304,32,32,0,114,-171,0,0,100,0,192,208,64,80,0,82,-105,0,0,100,0,192,192,16,16,0,66,-108,0,0,100,0,192,176,16,16,0,86,-131,0,0,100,0,256,32,16,32,0,73,-120,0,0,100,0,192,128,48,32,0,66,-155,0,0,100,0,416,0,32,48,0,69,-117,0,0,100,0,192,96,32,16,0,94,-134,0,0,100,0,256,0,32,32,0,93,-119,0,0,100,0,192,112,32,16,0,47,-121,0,0,100,0,192,160,32,16,0,93,-193,0,0,100,0,0,256,64,32,0,127,-122,0,0,100,0,64,256,48,32,0,72,-117,0,0,100,0,48,304,48,32,0,93,-117,0,0,100,0,80,288,32,16,0,67,-116,0,0,100,0,48,288,32,16,0,29,-186,0,0,100,0,0,288,48,48,0,32,-159,0,0,100,0,192,48,48,48,0,102,-173,0,0,100,0,288,64,16,48,0,125,-163,0,0,100,0,208,192,16,16,0,0,-256,0,0,100,0,0,0,192,256,0,0,-256,0,0,100,0,544,344,192,256,0,
0,29,0,-256,0,0,100,0,352,344,192,256,0,60,-210,0,1,80,0,112,256,48,48,0,28,-207,0,1,70,0,112,304,32,32,0,69,-242,0,0,100,0,256,64,32,80,0,37,-231,0,0,100,0,240,64,16,48,0,20,-217,0,0,30,0,0,336,160,144,0,26,-197,0,0,100,0,192,0,64,48,0,135,-175,0,1,80,0,144,304,32,32,0,114,-171,0,0,100,0,192,208,64,80,0,82,-105,0,0,100,0,192,192,16,16,0,66,-108,0,0,100,0,192,176,16,16,0,86,-131,0,0,100,0,256,32,16,32,0,73,-120,0,0,100,0,192,128,48,32,0,66,-155,0,0,100,0,384,144,32,48,0,69,-117,0,0,100,0,192,96,32,16,0,94,-134,0,0,100,0,256,0,32,32,0,93,-119,0,0,100,0,192,112,32,16,0,47,-121,0,0,100,0,192,160,32,16,0,93,-193,0,0,100,0,0,256,64,32,0,127,-122,0,0,100,0,64,256,48,32,0,72,-117,0,0,100,0,48,304,48,32,0,93,-117,0,0,100,0,80,288,32,16,0,67,-116,0,0,100,0,48,288,32,16,0,29,-186,0,0,100,0,0,288,48,48,0,32,-159,0,0,100,0,192,48,48,48,0,102,-173,0,0,100,0,288,64,16,48,0,125,-163,0,0,100,0,224,192,16,16,0,0,-256,0,0,100,0,0,0,192,256,0,0,-256,0,0,100,0,544,344,192,256,0,
0,29,0,-256,0,0,100,0,352,344,192,256,0,60,-210,0,1,70,0,112,256,48,48,0,28,-207,0,1,70,0,112,304,32,32,0,69,-242,0,0,100,0,256,64,32,80,0,37,-231,0,0,100,0,240,64,16,48,0,20,-217,0,0,30,0,0,336,160,144,0,26,-197,0,0,100,0,192,0,64,48,0,135,-175,0,1,70,0,144,304,32,32,0,114,-171,0,0,100,0,192,208,64,80,0,82,-105,0,0,100,0,192,192,16,16,0,66,-108,0,0,100,0,192,176,16,16,0,86,-131,0,0,100,0,256,32,16,32,0,73,-120,0,0,100,0,192,128,48,32,0,63,-155,0,0,100,0,416,144,32,48,0,69,-117,0,0,100,0,192,96,32,16,0,94,-134,0,0,100,0,256,0,32,32,0,93,-119,0,0,100,0,192,112,32,16,0,47,-121,0,0,100,0,192,160,32,16,0,93,-193,0,0,100,0,0,256,64,32,0,127,-122,0,0,100,0,64,256,48,32,0,72,-117,0,0,100,0,48,304,48,32,0,93,-117,0,0,100,0,80,288,32,16,0,67,-116,0,0,100,0,48,288,32,16,0,29,-186,0,0,100,0,0,288,48,48,0,32,-159,0,0,100,0,192,48,48,48,0,102,-173,0,0,100,0,288,64,16,48,0,125,-163,0,0,100,0,240,192,16,16,0,0,-256,0,0,100,0,0,0,192,256,0,0,-256,0,0,100,0,544,344,192,256,0,
0,29,0,-256,0,0,100,0,352,344,192,256,0,60,-210,0,1,70,0,112,256,48,48,0,28,-207,0,1,80,0,112,304,32,32,0,69,-242,0,0,100,0,256,64,32,80,0,37,-231,0,0,100,0,240,64,16,48,0,20,-217,0,0,30,0,0,336,160,144,0,26,-197,0,0,100,0,192,0,64,48,0,135,-175,0,1,80,0,144,304,32,32,0,114,-171,0,0,100,0,192,208,64,80,0,82,-105,0,0,100,0,192,192,16,16,0,66,-108,0,0,100,0,192,176,16,16,0,86,-131,0,0,100,0,256,32,16,32,0,73,-120,0,0,100,0,192,128,48,32,0,60,-153,0,0,100,0,384,144,32,48,0,69,-117,0,0,100,0,192,96,32,16,0,94,-134,0,0,100,0,256,0,32,32,0,93,-119,0,0,100,0,192,112,32,16,0,47,-121,0,0,100,0,192,160,32,16,0,93,-193,0,0,100,0,0,256,64,32,0,127,-122,0,0,100,0,64,256,48,32,0,72,-117,0,0,100,0,48,304,48,32,0,93,-117,0,0,100,0,80,288,32,16,0,67,-116,0,0,100,0,48,288,32,16,0,29,-186,0,0,100,0,0,288,48,48,0,32,-159,0,0,100,0,192,48,48,48,0,102,-173,0,0,100,0,288,64,16,48,0,125,-163,0,0,100,0,224,192,16,16,0,0,-256,0,0,100,0,0,0,192,256,0,0,-256,0,0,100,0,544,344,192,256,0,
0,29,0,-256,0,0,100,0,352,344,192,256,0,60,-210,0,1,80,0,112,256,48,48,0,28,-207,0,1,100,0,112,304,32,32,0,69,-242,0,0,100,0,256,64,32,80,0,37,-231,0,0,100,0,240,64,16,48,0,20,-217,0,0,30,0,0,336,160,144,0,26,-197,0,0,100,0,192,0,64,48,0,135,-175,0,1,100,0,144,304,32,32,0,114,-171,0,0,100,0,192,208,64,80,0,82,-105,0,0,100,0,192,192,16,16,0,66,-108,0,0,100,0,192,176,16,16,0,86,-131,0,0,100,0,256,32,16,32,0,73,-120,0,0,100,0,192,128,48,32,0,59,-153,0,0,100,0,480,0,32,48,0,69,-117,0,0,100,0,192,96,32,16,0,94,-134,0,0,100,0,256,0,32,32,0,93,-119,0,0,100,0,192,112,32,16,0,47,-121,0,0,100,0,192,160,32,16,0,93,-193,0,0,100,0,0,256,64,32,0,127,-122,0,0,100,0,64,256,48,32,0,72,-117,0,0,100,0,48,304,48,32,0,93,-117,0,0,100,0,80,288,32,16,0,67,-116,0,0,100,0,48,288,32,16,0,29,-186,0,0,100,0,0,288,48,48,0,32,-159,0,0,100,0,192,48,48,48,0,102,-173,0,0,100,0,288,64,16,48,0,125,-163,0,0,100,0,208,192,16,16,0,0,-256,0,0,100,0,0,0,192,256,0,0,-256,0,0,100,0,544,344,192,256,0,
0,29,0,-256,0,0,100,0,352,344,192,256,0,60,-210,0,1,100,0,112,256,48,48,0,28,-207,0,1,100,0,112,304,32,32,0,69,-242,0,0,100,0,256,64,32,80,0,37,-231,0,0,100,0,240,64,16,48,0,20,-217,0,0,30,0,0,336,160,144,0,26,-197,0,0,100,0,192,0,64,48,0,135,-175,0,1,100,0,144,304,32,32,0,114,-171,0,0,100,0,192,208,64,80,0,82,-105,0,0,100,0,192,192,16,16,0,66,-108,0,0,100,0,192,176,16,16,0,86,-131,0,0,100,0,256,32,16,32,0,73,-120,0,0,100,0,192,128,48,32,0,59,-153,0,0,100,0,512,0,32,48,0,69,-117,0,0,100,0,192,96,32,16,0,94,-134,0,0,100,0,256,0,32,32,0,93,-119,0,0,100,0,192,112,32,16,0,47,-121,0,0,100,0,192,160,32,16,0,93,-193,0,0,100,0,0,256,64,32,0,127,-122,0,0,100,0,64,256,48,32,0,72,-117,0,0,100,0,48,304,48,32,0,93,-117,0,0,100,0,80,288,32,16,0,67,-116,0,0,100,0,48,288,32,16,0,29,-186,0,0,100,0,0,288,48,48,0,32,-159,0,0,100,0,192,48,48,48,0,102,-173,0,0,100,0,288,64,16,48,0,125,-163,0,0,100,0,224,192,16,16,0,0,-256,0,0,100,0,0,0,192,256,0,0,-256,0,0,100,0,544,344,192,256,0,
0,30,0,-256,0,0,100,0,352,344,192,256,0,60,-210,0,1,100,0,112,256,48,48,0,28,-207,0,1,100,0,112,304,32,32,0,69,-242,0,0,100,0,256,64,32,80,0,37,-231,0,0,100,0,240,64,16,48,0,20,-217,0,0,30,0,0,336,160,144,0,26,-197,0,0,100,0,192,0,64,48,0,135,-175,0,1,100,0,144,304,32,32,0,114,-171,0,0,100,0,192,208,64,80,0,82,-105,0,0,100,0,192,192,16,16,0,66,-108,0,0,100,0,192,176,16,16,0,86,-131,0,0,100,0,256,32,16,32,0,73,-120,0,0,100,0,192,128,48,32,0,59,-125,0,0,100,0,368,32,16,16,0,59,-153,0,0,100,0,512,0,32,48,0,69,-117,0,0,100,0,192,96,32,16,0,94,-134,0,0,100,0,256,0,32,32,0,93,-119,0,0,100,0,192,112,32,16,0,47,-121,0,0,100,0,224,160,32,16,0,93,-193,0,0,100,0,0,256,64,32,0,127,-122,0,0,100,0,64,256,48,32,0,72,-117,0,0,100,0,48,304,48,32,0,93,-117,0,0,100,0,80,288,32,16,0,67,-116,0,0,100,0,48,288,32,16,0,29,-186,0,0,100,0,0,288,48,48,0,32,-159,0,0,100,0,192,48,48,48,0,102,-173,0,0,100,0,288,64,16,48,0,125,-163,0,0,100,0,240,192,16,16,0,0,-256,0,0,100,0,0,0,192,256,0,0,-256,0,0,100,0,544,344,192,256,0,
0,30,0,-256,0,0,100,0,352,344,192,256,0,60,-210,0,1,100,0,112,256,48,48,0,28,-207,0,1,100,0,112,304,32,32,0,69,-242,0,0,100,0,256,64,32,80,0,37,-231,0,0,100,0,240,64,16,48,0,20,-217,0,0,30,0,0,336,160,144,0,26,-197,0,0,100,0,192,0,64,48,0,135,-175,0,1,80,0,144,304,32,32,0,114,-171,0,0,100,0,192,208,64,80,0,82,-105,0,0,100,0,192,192,16,16,0,66,-108,0,0,100,0,192,176,16,16,0,86,-131,0,0,100,0,256,32,16,32,0,73,-120,0,0,100,0,192,128,48,32,0,62,-129,0,0,100,0,368,32,16,16,0,59,-153,0,0,100,0,480,0,32,48,0,69,-117,0,0,100,0,192,96,32,16,0,94,-134,0,0,100,0,256,0,32,32,0,93,-119,0,0,100,0,192,112,32,16,0,47,-121,0,0,100,0,224,160,32,16,0,93,-193,0,0,100,0,0,256,64,32,0,127,-122,0,0,100,0,64,256,48,32,0,72,-117,0,0,100,0,48,304,48,32,0,93,-117,0,0,100,0,80,288,32,16,0,67,-116,0,0,100,0,48,288,32,16,0,29,-186,0,0,100,0,0,288,48,48,0,32,-159,0,0,100,0,192,48,48,48,0,102,-173,0,0,100,0,288,64,16,48,0,125,-163,0,0,100,0,224,192,16,16,0,0,-256,0,0,100,0,0,0,192,256,0,0,-256,0,0,100,0,544,344,192,256,0,
0,30,0,-256,0,0,100,0,352,344,192,256,0,60,-210,0,1,100,0,112,256,48,48,0,28,-207,0,1,100,0,112,304,32,32,0,69,-242,0,0,100,0,256,64,32,80,0,37,-231,0,0,100,0,240,64,16,48,0,20,-217,0,0,30,0,0,336,160,144,0,26,-197,0,0,100,0,192,0,64,48,0,135,-175,0,1,70,0,144,304,32,32,0,114,-171,0,0,100,0,192,208,64,80,0,82,-105,0,0,100,0,192,192,16,16,0,66,-108,0,0,100,0,192,176,16,16,0,86,-131,0,0,100,0,256,32,16,32,0,73,-120,0,0,100,0,192,128,48,32,0,62,-129,0,0,100,0,368,32,16,16,0,59,-153,0,0,100,0,480,0,32,48,0,69,-117,0,0,100,0,192,96,32,16,0,94,-134,0,0,100,0,256,0,32,32,0,93,-119,0,0,100,0,192,112,32,16,0,47,-121,0,0,100,0,224,160,32,16,0,93,-193,0,0,100,0,0,256,64,32,0,127,-122,0,0,100,0,64,256,48,32,0,72,-117,0,0,100,0,48,304,48,32,0,93,-117,0,0,100,0,80,288,32,16,0,67,-116,0,0,100,0,48,288,32,16,0,29,-186,0,0,100,0,0,288,48,48,0,32,-159,0,0,100,0,192,48,48,48,0,102,-173,0,0,100,0,288,64,16,48,0,125,-163,0,0,100,0,208,192,16,16,0,0,-256,0,0,100,0,0,0,192,256,0,0,-256,0,0,100,0,544,344,192,256,0,
0,30,0,-256,0,0,100,0,352,344,192,256,0,60,-210,0,1,100,0,112,256,48,48,0,28,-207,0,1,80,0,112,304,32,32,0,69,-242,0,0,100,0,256,64,32,80,0,37,-231,0,0,100,0,240,64,16,48,0,20,-217,0,0,30,0,0,336,160,144,0,26,-197,0,0,100,0,192,0,64,48,0,135,-175,0,1,80,0,144,304,32,32,0,114,-171,0,0,100,0,192,208,64,80,0,82,-105,0,0,100,0,192,192,16,16,0,66,-108,0,0,100,0,192,176,16,16,0,86,-131,0,0,100,0,256,32,16,32,0,73,-120,0,0,100,0,192,128,48,32,0,62,-129,0,0,100,0,368,32,16,16,0,59,-153,0,0,100,0,480,0,32,48,0,69,-117,0,0,100,0,192,96,32,16,0,94,-134,0,0,100,0,256,0,32,32,0,93,-119,0,0,100,0,192,112,32,16,0,47,-121,0,0,100,0,224,160,32,16,0,93,-193,0,0,100,0,0,256,64,32,0,127,-122,0,0,100,0,64,256,48,32,0,72,-117,0,0,100,0,48,304,48,32,0,93,-117,0,0,100,0,80,288,32,16,0,67,-116,0,0,100,0,48,288,32,16,0,29,-186,0,0,100,0,0,288,48,48,0,32,-159,0,0,100,0,192,48,48,48,0,102,-173,0,0,100,0,288,64,16,48,0,125,-163,0,0,100,0,224,192,16,16,0,0,-256,0,0,100,0,0,0,192,256,0,0,-256,0,0,100,0,544,344,192,256,0,
0,30,0,-256,0,0,100,0,352,344,192,256,0,60,-210,0,1,80,0,112,256,48,48,0,28,-207,0,1,70,0,112,304,32,32,0,69,-242,0,0,100,0,256,64,32,80,0,37,-231,0,0,100,0,240,64,16,48,0,20,-217,0,0,30,0,0,336,160,144,0,26,-197,0,0,100,0,192,0,64,48,0,135,-175,0,1,100,0,144,304,32,32,0,114,-171,0,0,100,0,192,208,64,80,0,82,-105,0,0,100,0,192,192,16,16,0,66,-108,0,0,100,0,192,176,16,16,0,86,-131,0,0,100,0,256,32,16,32,0,73,-120,0,0,100,0,192,128,48,32,0,73,-132,0,0,100,0,368,32,16,16,0,59,-153,0,0,100,0,416,0,32,48,0,69,-117,0,0,100,0,192,96,32,16,0,94,-134,0,0,100,0,256,0,32,32,0,93,-119,0,0,100,0,192,112,32,16,0,47,-121,0,0,100,0,224,160,32,16,0,93,-193,0,0,100,0,0,256,64,32,0,127,-122,0,0,100,0,64,256,48,32,0,72,-117,0,0,100,0,48,304,48,32,0,93,-117,0,0,100,0,80,288,32,16,0,67,-116,0,0,100,0,48,288,32,16,0,29,-186,0,0,100,0,0,288,48,48,0,32,-159,0,0,100,0,192,48,48,48,0,102,-173,0,0,100,0,288,64,16,48,0,125,-163,0,0,100,0,240,192,16,16,0,0,-256,0,0,100,0,0,0,192,256,0,0,-256,0,0,100,0,544,344,192,256,0,
0,30,0,-256,0,0,100,0,352,344,192,256,0,60,-210,0,1,70,0,112,256,48,48,0,28,-207,0,1,70,0,112,304,32,32,0,69,-242,0,0,100,0,256,64,32,80,0,37,-231,0,0,100,0,240,64,16,48,0,20,-217,0,0,30,0,0,336,160,144,0,26,-197,0,0,100,0,192,0,64,48,0,135,-175,0,1,100,0,144,304,32,32,0,114,-171,0,0,100,0,192,208,64,80,0,82,-105,0,0,100,0,192,192,16,16,0,66,-108,0,0,100,0,192,176,16,16,0,86,-131,0,0,100,0,256,32,16,32,0,73,-120,0,0,100,0,192,128,48,32,0,75,-133,0,0,100,0,368,32,16,16,0,59,-153,0,0,100,0,384,0,32,48,0,69,-117,0,0,100,0,192,96,32,16,0,94,-134,0,0,100,0,256,0,32,32,0,93,-119,0,0,100,0,192,112,32,16,0,47,-121,0,0,100,0,224,160,32,16,0,93,-193,0,0,100,0,0,256,64,32,0,127,-122,0,0,100,0,64,256,48,32,0,72,-117,0,0,100,0,48,304,48,32,0,93,-117,0,0,100,0,80,288,32,16,0,67,-116,0,0,100,0,48,288,32,16,0,29,-186,0,0,100,0,0,288,48,48,0,32,-159,0,0,100,0,192,48,48,48,0,102,-173,0,0,100,0,288,64,16,48,0,125,-163,0,0,100,0,224,192,16,16,0,0,-256,0,0,100,0,0,0,192,256,0,0,-256,0,0,100,0,544,344,192,256,0,
0,30,0,-256,0,0,100,0,352,344,192,256,0,60,-210,0,1,70,0,112,256,48,48,0,28,-207,0,1,70,0,112,304,32,32,0,69,-242,0,0,100,0,256,64,32,80,0,37,-231,0,0,100,0,240,64,16,48,0,20,-217,0,0,30,0,0,336,160,144,0,26,-197,0,0,100,0,192,0,64,48,0,135,-175,0,1,100,0,144,304,32,32,0,114,-171,0,0,100,0,192,208,64,80,0,82,-105,0,0,100,0,192,192,16,16,0,66,-108,0,0,100,0,192,176,16,16,0,86,-131,0,0,100,0,256,32,16,32,0,73,-120,0,0,100,0,192,128,48,32,0,77,-131,0,0,100,0,368,32,16,16,0,61,-151,0,0,100,0,576,144,32,48,0,69,-117,0,0,100,0,192,96,32,16,0,94,-134,0,0,100,0,256,0,32,32,0,93,-119,0,0,100,0,192,112,32,16,0,47,-121,0,0,100,0,224,160,32,16,0,93,-193,0,0,100,0,0,256,64,32,0,127,-122,0,0,100,0,64,256,48,32,0,72,-117,0,0,100,0,48,304,48,32,0,93,-117,0,0,100,0,80,288,32,16,0,67,-116,0,0,100,0,48,288,32,16,0,29,-186,0,0,100,0,0,288,48,48,0,32,-159,0,0,100,0,192,48,48,48,0,102,-173,0,0,100,0,288,64,16,48,0,125,-163,0,0,100,0,208,192,16,16,0,0,-256,0,0,100,0,0,0,192,256,0,0,-256,0,0,100,0,544,344,192,256,0,
0,30,0,-256,0,0,100,0,352,344,192,256,0,60,-210,0,1,70,0,112,256,48,48,0,28,-207,0,1,80,0,112,304,32,32,0,69,-242,0,0,100,0,256,64,32,80,0,37,-231,0,0,100,0,240,64,16,48,0,20,-217,0,0,30,0,0,336,160,144,0,26,-197,0,0,100,0,192,0,64,48,0,135,-175,0,1,80,0,144,304,32,32,0,114,-171,0,0,100,0,192,208,64,80,0,82,-105,0,0,100,0,192,192,16,16,0,66,-108,0,0,100,0,192,176,16,16,0,86,-131,0,0,100,0,256,32,16,32,0,73,-120,0,0,100,0,192,128,48,32,0,69,-117,0,0,100,0,192,96,32,16,0,79,-127,0,0,100,0,368,32,16,16,0,63,-147,0,0,100,0,512,144,32,48,0,94,-134,0,0,100,0,256,0,32,32,0,93,-119,0,0,100,0,192,112,32,16,0,47,-121,0,0,100,0,224,160,32,16,0,93,-193,0,0,100,0,0,256,64,32,0,127,-122,0,0,100,0,64,256,48,32,0,72,-117,0,0,100,0,48,304,48,32,0,93,-117,0,0,100,0,80,288,32,16,0,67,-116,0,0,100,0,48,288,32,16,0,29,-186,0,0,100,0,0,288,48,48,0,32,-159,0,0,100,0,192,48,48,48,0,102,-173,0,0,100,0,288,64,16,48,0,125,-163,0,0,100,0,224,192,16,16,0,0,-256,0,0,100,0,0,0,192,256,0,0,-256,0,0,100,0,544,344,192,256,0,
0,30,0,-256,0,0,100,0,352,344,192,256,0,60,-210,0,1,80,0,112,256,48,48,0,28,-207,0,1,100,0,112,304,32,32,0,69,-242,0,0,100,0,256,64,32,80,0,37,-231,0,0,100,0,240,64,16,48,0,20,-217,0,0,30,0,0,336,160,144,0,26,-197,0,0,100,0,192,0,64,48,0,135,-175,0,1,70,0,144,304,32,32,0,114,-171,0,0,100,0,192,208,64,80,0,82,-105,0,0,100,0,192,192,16,16,0,66,-108,0,0,100,0,192,176,16,16,0,86,-131,0,0,100,0,256,32,16,32,0,73,-120,0,0,100,0,192,128,48,32,0,85,-129,0,0,100,0,368,32,16,16,0,69,-149,0,0,100,0,576,144,32,48,0,69,-117,0,0,100,0,192,96,32,16,0,94,-134,0,0,100,0,256,0,32,32,0,93,-119,0,0,100,0,192,112,32,16,0,47,-121,0,0,100,0,224,160,32,16,0,93,-193,0,0,100,0,0,256,64,32,0,127,-122,0,0,100,0,64,256,48,32,0,72,-117,0,0,100,0,48,304,48,32,0,93,-117,0,0,100,0,80,288,32,16,0,67,-116,0,0,100,0,48,288,32,16,0,29,-186,0,0,100,0,0,288,48,48,0,32,-159,0,0,100,0,192,48,48,48,0,102,-173,0,0,100,0,288,64,16,48,0,125,-163,0,0,100,0,240,192,16,16,0,0,-256,0,0,100,0,0,0,192,256,0,0,-256,0,0,100,0,544,344,192,256,0,
0,30,0,-256,0,0,100,0,352,344,192,256,0,60,-210,0,1,100,0,112,256,48,48,0,28,-207,0,1,100,0,112,304,32,32,0,69,-242,0,0,100,0,256,64,32,80,0,37,-231,0,0,100,0,240,64,16,48,0,20,-217,0,0,30,0,0,336,160,144,0,26,-197,0,0,100,0,192,0,64,48,0,135,-175,0,1,80,0,144,304,32,32,0,114,-171,0,0,100,0,192,208,64,80,0,82,-105,0,0,100,0,192,192,16,16,0,66,-108,0,0,100,0,192,176,16,16,0,86,-131,0,0,100,0,256,32,16,32,0,73,-120,0,0,100,0,192,128,48,32,0,87,-129,0,0,100,0,368,32,16,16,0,70,-148,0,0,100,0,384,0,32,48,0,69,-117,0,0,100,0,192,96,32,16,0,94,-134,0,0,100,0,256,0,32,32,0,93,-119,0,0,100,0,192,112,32,16,0,47,-121,0,0,100,0,224,160,32,16,0,93,-193,0,0,100,0,0,256,64,32,0,127,-122,0,0,100,0,64,256,48,32,0,72,-117,0,0,100,0,48,304,48,32,0,93,-117,0,0,100,0,80,288,32,16,0,67,-116,0,0,100,0,48,288,32,16,0,29,-186,0,0,100,0,0,288,48,48,0,32,-159,0,0,100,0,192,48,48,48,0,102,-173,0,0,100,0,288,64,16,48,0,125,-163,0,0,100,0,224,192,16,16,0,0,-256,0,0,100,0,0,0,192,256,0,0,-256,0,0,100,0,544,344,192,256,0,
0,30,0,-256,0,0,100,0,352,344,192,256,0,60,-210,0,1,100,0,112,256,48,48,0,28,-207,0,1,100,0,112,304,32,32,0,69,-242,0,0,100,0,256,64,32,80,0,37,-231,0,0,100,0,240,64,16,48,0,20,-217,0,0,30,0,0,336,160,144,0,26,-197,0,0,100,0,192,0,64,48,0,135,-175,0,1,100,0,144,304,32,32,0,114,-171,0,0,100,0,192,208,64,80,0,82,-105,0,0,100,0,192,192,16,16,0,66,-108,0,0,100,0,192,176,16,16,0,86,-131,0,0,100,0,256,32,16,32,0,73,-120,0,0,100,0,192,128,48,32,0,87,-129,0,0,100,0,368,32,16,16,0,70,-148,0,0,100,0,384,0,32,48,0,69,-117,0,0,100,0,192,96,32,16,0,94,-134,0,0,100,0,256,0,32,32,0,93,-119,0,0,100,0,192,112,32,16,0,47,-121,0,0,100,0,224,160,32,16,0,93,-193,0,0,100,0,0,256,64,32,0,127,-122,0,0,100,0,64,256,48,32,0,72,-117,0,0,100,0,48,304,48,32,0,93,-117,0,0,100,0,80,288,32,16,0,67,-116,0,0,100,0,48,288,32,16,0,29,-186,0,0,100,0,0,288,48,48,0,32,-159,0,0,100,0,192,48,48,48,0,102,-173,0,0,100,0,288,64,16,48,0,125,-163,0,0,100,0,208,192,16,16,0,0,-256,0,0,100,0,0,0,192,256,0,0,-256,0,0,100,0,544,344,192,256,0,
0,30,0,-256,0,0,100,0,352,344,192,256,0,60,-210,0,1,100,0,112,256,48,48,0,28,-207,0,1,100,0,112,304,32,32,0,69,-242,0,0,100,0,256,64,32,80,0,37,-231,0,0,100,0,240,64,16,48,0,20,-217,0,0,30,0,0,336,160,144,0,26,-197,0,0,100,0,192,0,64,48,0,135,-175,0,1,100,0,144,304,32,32,0,114,-171,0,0,100,0,192,208,64,80,0,82,-105,0,0,100,0,192,192,16,16,0,66,-108,0,0,100,0,192,176,16,16,0,86,-131,0,0,100,0,256,32,16,32,0,73,-120,0,0,100,0,192,128,48,32,0,87,-129,0,0,100,0,368,32,16,16,0,70,-148,0,0,100,0,384,0,32,48,0,69,-117,0,0,100,0,192,96,32,16,0,94,-134,0,0,100,0,256,0,32,32,0,93,-119,0,0,100,0,192,112,32,16,0,47,-121,0,0,100,0,224,160,32,16,0,93,-193,0,0,100,0,0,256,64,32,0,127,-122,0,0,100,0,64,256,48,32,0,72,-117,0,0,100,0,48,304,48,32,0,93,-117,0,0,100,0,80,288,32,16,0,67,-116,0,0,100,0,48,288,32,16,0,29,-186,0,0,100,0,0,288,48,48,0,32,-159,0,0,100,0,192,48,48,48,0,102,-173,0,0,100,0,288,64,16,48,0,125,-163,0,0,100,0,224,192,16,16,0,0,-256,0,0,100,0,0,0,192,256,0,0,-256,0,0,100,0,544,344,192,256,0,
0,30,0,-256,0,0,100,0,352,344,192,256,0,60,-210,0,1,100,0,112,256,48,48,0,28,-207,0,1,100,0,112,304,32,32,0,69,-242,0,0,100,0,256,64,32,80,0,37,-231,0,0,100,0,240,64,16,48,0,20,-217,0,0,30,0,0,336,160,144,0,26,-197,0,0,100,0,192,0,64,48,0,135,-175,0,1,100,0,144,304,32,32,0,114,-171,0,0,100,0,192,208,64,80,0,82,-105,0,0,100,0,192,192,16,16,0,66,-108,0,0,100,0,192,176,16,16,0,86,-131,0,0,100,0,256,32,16,32,0,73,-120,0,0,100,0,192,128,48,32,0,87,-133,0,0,100,0,368,32,16,16,0,70,-148,0,0,100,0,544,0,32,48,0,69,-117,0,0,100,0,192,96,32,16,0,94,-134,0,0,100,0,256,0,32,32,0,93,-119,0,0,100,0,192,112,32,16,0,47,-121,0,0,100,0,224,160,32,16,0,93,-193,0,0,100,0,0,256,64,32,0,127,-122,0,0,100,0,64,256,48,32,0,72,-117,0,0,100,0,48,304,48,32,0,93,-117,0,0,100,0,80,288,32,16,0,67,-116,0,0,100,0,48,288,32,16,0,29,-186,0,0,100,0,0,288,48,48,0,32,-159,0,0,100,0,192,48,48,48,0,102,-173,0,0,100,0,288,64,16,48,0,125,-163,0,0,100,0,240,192,16,16,0,0,-256,0,0,100,0,0,0,192,256,0,0,-256,0,0,100,0,544,344,192,256,0,
0,30,0,-256,0,0,100,0,352,344,192,256,0,60,-210,0,1,100,0,112,256,48,48,0,28,-207,0,1,80,0,112,304,32,32,0,69,-242,0,0,100,0,256,64,32,80,0,37,-231,0,0,100,0,240,64,16,48,0,20,-217,0,0,30,0,0,336,160,144,0,26,-197,0,0,100,0,192,0,64,48,0,135,-175,0,1,80,0,144,304,32,32,0,114,-171,0,0,100,0,192,208,64,80,0,82,-105,0,0,100,0,192,192,16,16,0,66,-108,0,0,100,0,192,176,16,16,0,86,-131,0,0,100,0,256,32,16,32,0,73,-120,0,0,100,0,192,128,48,32,0,87,-133,0,0,100,0,368,32,16,16,0,70,-148,0,0,100,0,544,0,32,48,0,69,-117,0,0,100,0,192,96,32,16,0,94,-134,0,0,100,0,256,0,32,32,0,93,-119,0,0,100,0,192,112,32,16,0,47,-121,0,0,100,0,224,160,32,16,0,93,-193,0,0,100,0,0,256,64,32,0,127,-122,0,0,100,0,64,256,48,32,0,72,-117,0,0,100,0,48,304,48,32,0,93,-117,0,0,100,0,80,288,32,16,0,67,-116,0,0,100,0,48,288,32,16,0,29,-186,0,0,100,0,0,288,48,48,0,32,-159,0,0,100,0,192,48,48,48,0,102,-173,0,0,100,0,288,64,16,48,0,125,-163,0,0,100,0,224,192,16,16,0,0,-256,0,0,100,0,0,0,192,256,0,0,-256,0,0,100,0,544,344,192,256,0,
0,30,0,-256,0,0,100,0,352,344,192,256,0,60,-210,0,1,80,0,112,256,48,48,0,28,-207,0,1,70,0,112,304,32,32,0,69,-242,0,0,100,0,256,64,32,80,0,37,-231,0,0,100,0,240,64,16,48,0,20,-217,0,0,30,0,0,336,160,144,0,26,-197,0,0,100,0,192,0,64,48,0,135,-175,0,1,70,0,144,304,32,32,0,114,-171,0,0,100,0,192,208,64,80,0,82,-105,0,0,100,0,192,192,16,16,0,66,-108,0,0,100,0,192,176,16,16,0,88,-132,0,0,100,0,368,48,16,16,0,86,-131,0,0,100,0,256,32,16,32,0,73,-120,0,0,100,0,192,128,48,32,0,70,-148,0,0,100,0,544,0,32,48,0,69,-117,0,0,100,0,192,96,32,16,0,94,-134,0,0,100,0,256,0,32,32,0,93,-119,0,0,100,0,192,112,32,16,0,47,-121,0,0,100,0,224,160,32,16,0,93,-193,0,0,100,0,0,256,64,32,0,127,-122,0,0,100,0,64,256,48,32,0,72,-117,0,0,100,0,48,304,48,32,0,93,-117,0,0,100,0,80,288,32,16,0,67,-116,0,0,100,0,48,288,32,16,0,29,-186,0,0,100,0,0,288,48,48,0,32,-159,0,0,100,0,192,48,48,48,0,102,-173,0,0,100,0,288,64,16,48,0,125,-163,0,0,100,0,208,192,16,16,0,0,-256,0,0,100,0,0,0,192,256,0,0,-256,0,0,100,0,544,344,192,256,0,
0,31,0,-256,0,0,100,0,352,344,192,256,0,60,-210,0,1,70,0,112,256,48,48,0,28,-207,0,1,70,0,112,304,32,32,0,69,-242,0,0,100,0,256,64,32,80,0,37,-231,0,0,100,0,240,64,16,48,0,20,-217,0,0,30,0,0,336,160,144,0,26,-197,0,0,100,0,192,0,64,48,0,135,-175,0,1,80,0,144,304,32,32,0,114,-171,0,0,100,0,192,208,64,80,0,82,-105,0,0,100,0,192,192,16,16,0,66,-108,0,0,100,0,192,176,16,16,0,88,-132,0,0,100,0,368,48,16,16,0,86,-131,0,0,50,0,272,32,16,32,0,86,-131,0,0,100,0,256,32,16,32,0,73,-120,0,0,100,0,192,128,48,32,0,70,-148,0,0,100,0,544,0,32,48,0,69,-117,0,0,100,0,192,96,32,16,0,94,-134,0,0,100,0,256,0,32,32,0,93,-119,0,0,100,0,192,112,32,16,0,47,-121,0,0,100,0,224,160,32,16,0,93,-193,0,0,100,0,0,256,64,32,0,127,-122,0,0,100,0,64,256,48,32,0,72,-117,0,0,100,0,48,304,48,32,0,93,-117,0,0,100,0,80,288,32,16,0,67,-116,0,0,100,0,48,288,32,16,0,29,-186,0,0,100,0,0,288,48,48,0,32,-159,0,0,100,0,192,48,48,48,0,102,-173,0,0,100,0,288,64,16,48,0,125,-163,0,0,100,0,224,192,16,16,0,0,-256,0,0,100,0,0,0,192,256,0,0,-256,0,0,100,0,544,344,192,256,0,
0,31,0,-256,0,0,100,0,352,344,192,256,0,60,-210,0,1,70,0,112,256,48,48,0,28,-207,0,1,70,0,112,304,32,32,0,69,-242,0,0,100,0,256,64,32,80,0,37,-231,0,0,100,0,240,64,16,48,0,20,-217,0,0,30,0,0,336,160,144,0,26,-197,0,0,100,0,192,0,64,48,0,135,-175,0,1,100,0,144,304,32,32,0,114,-171,0,0,100,0,192,208,64,80,0,82,-105,0,0,100,0,192,192,16,16,0,66,-108,0,0,100,0,192,176,16,16,0,88,-132,0,0,100,0,368,48,16,16,0,86,-131,0,0,50,0,288,32,16,32,0,86,-131,0,0,100,0,256,32,16,32,0,73,-120,0,0,100,0,192,128,48,32,0,70,-148,0,0,100,0,544,0,32,48,0,69,-117,0,0,100,0,192,96,32,16,0,94,-134,0,0,100,0,256,0,32,32,0,93,-119,0,0,100,0,192,112,32,16,0,47,-121,0,0,100,0,224,160,32,16,0,93,-193,0,0,100,0,0,256,64,32,0,127,-122,0,0,100,0,64,256,48,32,0,72,-117,0,0,100,0,48,304,48,32,0,93,-117,0,0,100,0,80,288,32,16,0,67,-116,0,0,100,0,48,288,32,16,0,29,-186,0,0,100,0,0,288,48,48,0,32,-159,0,0,100,0,192,48,48,48,0,102,-173,0,0,100,0,288,64,16,48,0,125,-163,0,0,100,0,240,192,16,16,0,0,-256,0,0,100,0,0,0,192,256,0,0,-256,0,0,100,0,544,344,192,256,0,
0,31,0,-256,0,0,100,0,352,344,192,256,0,60,-210,0,1,70,0,112,256,48,48,0,28,-207,0,1,80,0,112,304,32,32,0,69,-242,0,0,100,0,256,64,32,80,0,37,-231,0,0,100,0,240,64,16,48,0,20,-217,0,0,30,0,0,336,160,144,0,26,-197,0,0,100,0,192,0,64,48,0,135,-175,0,1,100,0,144,304,32,32,0,114,-171,0,0,100,0,192,208,64,80,0,82,-105,0,0,100,0,192,192,16,16,0,66,-108,0,0,100,0,192,176,16,16,0,88,-132,0,0,100,0,368,48,16,16,0,86,-131,0,0,80,0,272,32,16,32,0,86,-131,0,0,100,0,256,32,16,32,0,73,-120,0,0,100,0,192,128,48,32,0,70,-148,0,0,100,0,544,0,32,48,0,69,-117,0,0,100,0,192,96,32,16,0,94,-134,0,0,100,0,256,0,32,32,0,93,-119,0,0,100,0,192,112,32,16,0,47,-121,0,0,100,0,224,160,32,16,0,93,-193,0,0,100,0,0,256,64,32,0,127,-122,0,0,100,0,64,256,48,32,0,72,-117,0,0,100,0,48,304,48,32,0,93,-117,0,0,100,0,80,288,32,16,0,67,-116,0,0,100,0,48,288,32,16,0,29,-186,0,0,100,0,0,288,48,48,0,32,-159,0,0,100,0,192,48,48,48,0,102,-173,0,0,100,0,288,64,16,48,0,125,-163,0,0,100,0,224,192,16,16,0,0,-256,0,0,100,0,0,0,192,256,0,0,-256,0,0,100,0,544,344,192,256,0,
0,31,0,-256,0,0,100,0,352,344,192,256,0,60,-210,0,1,80,0,112,256,48,48,0,28,-207,0,1,100,0,112,304,32,32,0,69,-242,0,0,100,0,256,64,32,80,0,37,-231,0,0,100,0,240,64,16,48,0,20,-217,0,0,30,0,0,336,160,144,0,26,-197,0,0,100,0,192,0,64,48,0,135,-175,0,1,100,0,144,304,32,32,0,114,-171,0,0,100,0,192,208,64,80,0,82,-105,0,0,100,0,192,192,16,16,0,66,-108,0,0,100,0,192,176,16,16,0,88,-132,0,0,100,0,368,48,16,16,0,86,-131,0,0,80,0,288,32,16,32,0,86,-131,0,0,100,0,256,32,16,32,0,73,-120,0,0,100,0,192,128,48,32,0,70,-148,0,0,100,0,544,0,32,48,0,69,-117,0,0,100,0,192,96,32,16,0,94,-134,0,0,100,0,256,0,32,32,0,93,-119,0,0,100,0,192,112,32,16,0,47,-121,0,0,100,0,224,160,32,16,0,93,-193,0,0,100,0,0,256,64,32,0,127,-122,0,0,100,0,64,256,48,32,0,72,-117,0,0,100,0,48,304,48,32,0,93,-117,0,0,100,0,80,288,32,16,0,67,-116,0,0,100,0,48,288,32,16,0,29,-186,0,0,100,0,0,288,48,48,0,32,-159,0,0,100,0,192,48,48,48,0,102,-173,0,0,100,0,288,64,16,48,0,125,-163,0,0,100,0,208,192,16,16,0,0,-256,0,0,100,0,0,0,192,256,0,0,-256,0,0,100,0,544,344,192,256,0,
0,31,0,-256,0,0,100,0,352,344,192,256,0,60,-210,0,1,100,0,112,256,48,48,0,28,-207,0,1,100,0,112,304,32,32,0,69,-242,0,0,100,0,256,64,32,80,0,37,-231,0,0,100,0,240,64,16,48,0,20,-217,0,0,30,0,0,336,160,144,0,26,-197,0,0,100,0,192,0,64,48,0,135,-175,0,1,80,0,144,304,32,32,0,114,-171,0,0,100,0,192,208,64,80,0,82,-105,0,0,100,0,192,192,16,16,0,66,-108,0,0,100,0,192,176,16,16,0,88,-132,0,0,100,0,368,48,16,16,0,86,-131,0,0,100,0,272,32,16,32,0,86,-131,0,0,100,0,256,32,16,32,0,73,-120,0,0,100,0,192,128,48,32,0,70,-148,0,0,100,0,544,0,32,48,0,69,-117,0,0,100,0,192,96,32,16,0,94,-134,0,0,100,0,256,0,32,32,0,93,-119,0,0,100,0,192,112,32,16,0,47,-121,0,0,100,0,224,160,32,16,0,93,-193,0,0,100,0,0,256,64,32,0,127,-122,0,0,100,0,64,256,48,32,0,72,-117,0,0,100,0,48,304,48,32,0,93,-117,0,0,100,0,80,288,32,16,0,67,-116,0,0,100,0,48,288,32,16,0,29,-186,0,0,100,0,0,288,48,48,0,32,-159,0,0,100,0,192,48,48,48,0,102,-173,0,0,100,0,288,64,16,48,0,125,-163,0,0,100,0,224,192,16,16,0,0,-256,0,0,100,0,0,0,192,256,0,0,-256,0,0,100,0,544,344,192,256,0,
0,31,0,-256,0,0,100,0,352,344,192,256,0,60,-210,0,1,100,0,112,256,48,48,0,28,-207,0,1,100,0,112,304,32,32,0,69,-242,0,0,100,0,256,64,32,80,0,37,-231,0,0,100,0,240,64,16,48,0,20,-217,0,0,30,0,0,336,160,144,0,26,-197,0,0,100,0,192,0,64,48,0,135,-175,0,1,70,0,144,304,32,32,0,114,-171,0,0,100,0,192,208,64,80,0,82,-105,0,0,100,0,192,192,16,16,0,66,-108,0,0,100,0,192,176,16,16,0,88,-132,0,0,100,0,368,48,16,16,0,86,-131,0,0,100,0,288,32,16,32,0,86,-131,0,0,100,0,256,32,16,32,0,73,-120,0,0,100,0,192,128,48,32,0,70,-148,0,0,100,0,544,0,32,48,0,69,-117,0,0,100,0,192,96,32,16,0,94,-134,0,0,100,0,256,0,32,32,0,93,-119,0,0,100,0,192,112,32,16,0,47,-121,0,0,100,0,224,160,32,16,0,93,-193,0,0,100,0,0,256,64,32,0,127,-122,0,0,100,0,64,256,48,32,0,72,-117,0,0,100,0,48,304,48,32,0,93,-117,0,0,100,0,80,288,32,16,0,67,-116,0,0,100,0,48,288,32,16,0,29,-186,0,0,100,0,0,288,48,48,0,32,-159,0,0,100,0,192,48,48,48,0,102,-173,0,0,100,0,288,64,16,48,0,125,-163,0,0,100,0,240,192,16,16,0,0,-256,0,0,100,0,0,0,192,256,0,0,-256,0,0,100,0,544,344,192,256,0,
0,31,0,-256,0,0,100,0,352,344,192,256,0,60,-210,0,1,100,0,112,256,48,48,0,28,-207,0,1,100,0,112,304,32,32,0,69,-242,0,0,100,0,256,64,32,80,0,37,-231,0,0,100,0,240,64,16,48,0,20,-217,0,0,30,0,0,336,160,144,0,26,-197,0,0,100,0,192,0,64,48,0,135,-175,0,1,80,0,144,304,32,32,0,114,-171,0,0,100,0,192,208,64,80,0,82,-105,0,0,100,0,192,192,16,16,0,66,-108,0,0,100,0,192,176,16,16,0,88,-132,0,0,100,0,368,48,16,16,0,86,-131,0,0,50,0,304,32,16,32,0,86,-131,0,0,100,0,272,32,16,32,0,73,-120,0,0,100,0,192,128,48,32,0,70,-148,0,0,100,0,544,0,32,48,0,69,-117,0,0,100,0,192,96,32,16,0,94,-134,0,0,100,0,256,0,32,32,0,93,-119,0,0,100,0,192,112,32,16,0,47,-121,0,0,100,0,224,160,32,16,0,93,-193,0,0,100,0,0,256,64,32,0,127,-122,0,0,100,0,64,256,48,32,0,72,-117,0,0,100,0,48,304,48,32,0,93,-117,0,0,100,0,80,288,32,16,0,67,-116,0,0,100,0,48,288,32,16,0,29,-186,0,0,100,0,0,288,48,48,0,32,-159,0,0,100,0,192,48,48,48,0,102,-173,0,0,100,0,288,64,16,48,0,125,-163,0,0,100,0,224,192,16,16,0,0,-256,0,0,100,0,0,0,192,256,0,0,-256,0,0,100,0,544,344,192,256,0,
0,30,0,-256,0,0,100,0,352,344,192,256,0,60,-210,0,1,100,0,112,256,48,48,0,28,-207,0,1,100,0,112,304,32,32,0,69,-242,0,0,100,0,256,64,32,80,0,37,-231,0,0,100,0,240,64,16,48,0,20,-217,0,0,30,0,0,336,160,144,0,26,-197,0,0,100,0,192,0,64,48,0,135,-175,0,1,100,0,144,304,32,32,0,114,-171,0,0,100,0,192,208,64,80,0,82,-105,0,0,100,0,192,192,16,16,0,66,-108,0,0,100,0,192,176,16,16,0,88,-132,0,0,100,0,368,48,16,16,0,86,-131,0,0,100,0,304,32,16,32,0,73,-120,0,0,100,0,192,128,48,32,0,70,-148,0,0,100,0,544,0,32,48,0,69,-117,0,0,100,0,192,96,32,16,0,94,-134,0,0,100,0,256,0,32,32,0,93,-119,0,0,100,0,192,112,32,16,0,47,-121,0,0,100,0,224,160,32,16,0,93,-193,0,0,100,0,0,256,64,32,0,127,-122,0,0,100,0,64,256,48,32,0,72,-117,0,0,100,0,48,304,48,32,0,93,-117,0,0,100,0,80,288,32,16,0,67,-116,0,0,100,0,48,288,32,16,0,29,-186,0,0,100,0,0,288,48,48,0,32,-159,0,0,100,0,192,48,48,48,0,102,-173,0,0,100,0,288,64,16,48,0,125,-163,0,0,100,0,208,192,16,16,0,0,-256,0,0,100,0,0,0,192,256,0,0,-256,0,0,100,0,544,344,192,256,0,
0,30,0,-256,0,0,100,0,352,344,192,256,0,60,-210,0,1,100,0,112,256,48,48,0,28,-207,0,1,80,0,112,304,32,32,0,69,-242,0,0,100,0,256,64,32,80,0,37,-231,0,0,100,0,240,64,16,48,0,20,-217,0,0,30,0,0,336,160,144,0,26,-197,0,0,100,0,192,0,64,48,0,135,-175,0,1,100,0,144,304,32,32,0,114,-171,0,0,100,0,192,208,64,80,0,82,-105,0,0,100,0,192,192,16,16,0,66,-108,0,0,100,0,192,176,16,16,0,87,-133,0,0,100,0,368,32,16,16,0,86,-131,0,0,100,0,304,32,16,32,0,73,-120,0,0,100,0,192,128,48,32,0,70,-148,0,0,100,0,544,0,32,48,0,69,-117,0,0,100,0,192,96,32,16,0,94,-134,0,0,100,0,256,0,32,32,0,93,-119,0,0,100,0,192,112,32,16,0,47,-121,0,0,100,0,224,160,32,16,0,93,-193,0,0,100,0,0,256,64,32,0,127,-122,0,0,100,0,64,256,48,32,0,72,-117,0,0,100,0,48,304,48,32,0,93,-117,0,0,100,0,80,288,32,16,0,67,-116,0,0,100,0,48,288,32,16,0,29,-186,0,0,100,0,0,288,48,48,0,32,-159,0,0,100,0,192,48,48,48,0,102,-173,0,0,100,0,288,64,16,48,0,125,-163,0,0,100,0,224,192,16,16,0,0,-256,0,0,100,0,0,0,192,256,0,0,-256,0,0,100,0,544,344,192,256,0,
0,32,0,-256,0,0,100,0,352,344,192,256,0,60,-210,0,1,80,0,112,256,48,48,0,28,-207,0,1,70,0,112,304,32,32,0,69,-242,0,0,100,0,256,64,32,80,0,37,-231,0,0,100,0,240,64,16,48,0,20,-217,0,0,30,0,0,336,160,144,0,26,-197,0,0,100,0,192,0,64,48,0,135,-175,0,1,100,0,144,304,32,32,0,114,-171,0,0,100,0,192,208,64,80,0,78,-140,0,0,100,0,304,192,32,32,0,82,-105,0,0,100,0,192,192,16,16,0,66,-108,0,0,100,0,192,176,16,16,0,86,-131,0,0,100,0,304,32,16,32,0,73,-120,0,0,100,0,192,128,48,32,0,87,-128,0,0,100,0,368,32,16,16,0,70,-147,0,0,100,0,640,48,32,16,0,70,-148,0,0,100,0,608,48,32,48,0,69,-117,0,0,100,0,192,96,32,16,0,94,-134,0,0,100,0,256,0,32,32,0,93,-119,0,0,100,0,192,112,32,16,0,47,-121,0,0,100,0,224,160,32,16,0,93,-193,0,0,100,0,0,256,64,32,0,127,-122,0,0,100,0,64,256,48,32,0,72,-117,0,0,100,0,48,304,48,32,0,93,-117,0,0,100,0,80,288,32,16,0,67,-116,0,0,100,0,48,288,32,16,0,29,-186,0,0,100,0,0,288,48,48,0,32,-159,0,0,100,0,192,48,48,48,0,102,-173,0,0,100,0,288,64,16,48,0,125,-163,0,0,100,0,240,192,16,16,0,0,-256,0,0,100,0,0,0,192,256,0,0,-256,0,0,100,0,544,344,192,256,0,
0,32,0,-256,0,0,100,0,352,344,192,256,0,60,-210,0,1,80,0,112,256,48,48,0,28,-207,0,1,70,0,112,304,32,32,0,69,-242,0,0,100,0,256,64,32,80,0,37,-231,0,0,100,0,240,64,16,48,0,20,-217,0,0,30,0,0,336,160,144,0,26,-197,0,0,100,0,192,0,64,48,0,135,-175,0,1,100,0,144,304,32,32,0,114,-171,0,0,100,0,192,208,64,80,0,78,-140,0,0,100,0,304,192,32,32,0,82,-105,0,0,100,0,192,192,16,16,0,66,-108,0,0,100,0,192,176,16,16,0,86,-131,0,0,100,0,304,32,16,32,0,73,-120,0,0,100,0,192,128,48,32,0,87,-128,0,0,100,0,368,32,16,16,0,70,-147,0,0,100,0,640,64,32,16,0,70,-148,0,0,100,0,608,48,32,48,0,69,-117,0,0,100,0,192,96,32,16,0,94,-134,0,0,100,0,256,0,32,32,0,93,-119,0,0,100,0,192,112,32,16,0,47,-121,0,0,100,0,224,160,32,16,0,93,-193,0,0,100,0,0,256,64,32,0,127,-122,0,0,100,0,64,256,48,32,0,72,-117,0,0,100,0,48,304,48,32,0,93,-117,0,0,100,0,80,288,32,16,0,67,-116,0,0,100,0,48,288,32,16,0,29,-186,0,0,100,0,0,288,48,48,0,32,-159,0,0,100,0,192,48,48,48,0,102,-173,0,0,100,0,288,64,16,48,0,125,-163,0,0,100,0,240,192,16,16,0,0,-256,0,0,100,0,0,0,192,256,0,0,-256,0,0,100,0,544,344,192,256,0,
0,32,0,-256,0,0,100,0,352,344,192,256,0,60,-210,0,1,70,0,112,256,48,48,0,28,-207,0,1,70,0,112,304,32,32,0,69,-242,0,0,100,0,256,64,32,80,0,37,-231,0,0,100,0,240,64,16,48,0,20,-217,0,0,30,0,0,336,160,144,0,26,-197,0,0,100,0,192,0,64,48,0,135,-175,0,1,80,0,144,304,32,32,0,114,-171,0,0,100,0,192,208,64,80,0,81,-145,0,0,100,0,336,192,32,32,0,82,-105,0,0,100,0,192,192,16,16,0,66,-108,0,0,100,0,192,176,16,16,0,86,-131,0,0,100,0,304,32,16,32,0,73,-120,0,0,100,0,192,128,48,32,0,87,-128,0,0,100,0,368,32,16,16,0,70,-147,0,0,100,0,640,48,32,16,0,70,-148,0,0,100,0,608,48,32,48,0,69,-117,0,0,100,0,192,96,32,16,0,94,-134,0,0,100,0,256,0,32,32,0,93,-119,0,0,100,0,192,112,32,16,0,47,-121,0,0,100,0,224,160,32,16,0,93,-193,0,0,100,0,0,256,64,32,0,127,-122,0,0,100,0,64,256,48,32,0,72,-117,0,0,100,0,48,304,48,32,0,93,-117,0,0,100,0,80,288,32,16,0,67,-116,0,0,100,0,48,288,32,16,0,29,-186,0,0,100,0,0,288,48,48,0,32,-159,0,0,100,0,192,48,48,48,0,102,-173,0,0,100,0,288,64,16,48,0,125,-163,0,0,100,0,224,192,16,16,0,0,-256,0,0,100,0,0,0,192,256,0,0,-256,0,0,100,0,544,344,192,256,0,
0,32,0,-256,0,0,100,0,352,344,192,256,0,60,-210,0,1,70,0,112,256,48,48,0,28,-207,0,1,70,0,112,304,32,32,0,69,-242,0,0,100,0,256,64,32,80,0,37,-231,0,0,100,0,240,64,16,48,0,20,-217,0,0,30,0,0,336,160,144,0,26,-197,0,0,100,0,192,0,64,48,0,135,-175,0,1,80,0,144,304,32,32,0,114,-171,0,0,100,0,192,208,64,80,0,81,-145,0,0,100,0,336,192,32,32,0,82,-105,0,0,100,0,192,192,16,16,0,66,-108,0,0,100,0,192,176,16,16,0,86,-131,0,0,100,0,304,32,16,32,0,73,-120,0,0,100,0,192,128,48,32,0,87,-128,0,0,100,0,368,32,16,16,0,70,-147,0,0,100,0,640,64,32,16,0,70,-148,0,0,100,0,608,48,32,48,0,69,-117,0,0,100,0,192,96,32,16,0,94,-134,0,0,100,0,256,0,32,32,0,93,-119,0,0,100,0,192,112,32,16,0,47,-121,0,0,100,0,224,160,32,16,0,93,-193,0,0,100,0,0,256,64,32,0,127,-122,0,0,100,0,64,256,48,32,0,72,-117,0,0,100,0,48,304,48,32,0,93,-117,0,0,100,0,80,288,32,16,0,67,-116,0,0,100,0,48,288,32,16,0,29,-186,0,0,100,0,0,288,48,48,0,32,-159,0,0,100,0,192,48,48,48,0,102,-173,0,0,100,0,288,64,16,48,0,125,-163,0,0,100,0,224,192,16,16,0,0,-256,0,0,100,0,0,0,192,256,0,0,-256,0,0,100,0,544,344,192,256,0,
0,32,0,-256,0,0,100,0,352,344,192,256,0,60,-210,0,1,70,0,112,256,48,48,0,28,-207,0,1,80,0,112,304,32,32,0,69,-242,0,0,100,0,256,64,32,80,0,37,-231,0,0,100,0,240,64,16,48,0,20,-217,0,0,30,0,0,336,160,144,0,26,-197,0,0,100,0,192,0,64,48,0,135,-175,0,1,70,0,144,304,32,32,0,114,-171,0,0,100,0,192,208,64,80,0,73,-159,0,0,100,0,368,192,48,48,0,82,-105,0,0,100,0,192,192,16,16,0,66,-108,0,0,100,0,192,176,16,16,0,86,-131,0,0,100,0,304,32,16,32,0,73,-120,0,0,100,0,192,128,48,32,0,87,-128,0,0,100,0,368,32,16,16,0,70,-147,0,0,100,0,640,48,32,16,0,70,-148,0,0,100,0,608,48,32,48,0,69,-117,0,0,100,0,192,96,32,16,0,94,-134,0,0,100,0,256,0,32,32,0,93,-119,0,0,100,0,192,112,32,16,0,47,-121,0,0,100,0,224,160,32,16,0,93,-193,0,0,100,0,0,256,64,32,0,127,-122,0,0,100,0,64,256,48,32,0,72,-117,0,0,100,0,48,304,48,32,0,93,-117,0,0,100,0,80,288,32,16,0,67,-116,0,0,100,0,48,288,32,16,0,29,-186,0,0,100,0,0,288,48,48,0,32,-159,0,0,100,0,192,48,48,48,0,102,-173,0,0,100,0,288,64,16,48,0,125,-163,0,0,100,0,208,192,16,16,0,0,-256,0,0,100,0,0,0,192,256,0,0,-256,0,0,100,0,544,344,192,256,0,
0,32,0,-256,0,0,100,0,352,344,192,256,0,60,-210,0,1,70,0,112,256,48,48,0,28,-207,0,1,80,0,112,304,32,32,0,69,-242,0,0,100,0,256,64,32,80,0,37,-231,0,0,100,0,240,64,16,48,0,20,-217,0,0,30,0,0,336,160,144,0,26,-197,0,0,100,0,192,0,64,48,0,135,-175,0,1,70,0,144,304,32,32,0,114,-171,0,0,100,0,192,208,64,80,0,73,-159,0,0,100,0,368,192,48,48,0,82,-105,0,0,100,0,192,192,16,16,0,66,-108,0,0,100,0,192,176,16,16,0,86,-131,0,0,100,0,304,32,16,32,0,73,-120,0,0,100,0,192,128,48,32,0,87,-128,0,0,100,0,368,32,16,16,0,70,-147,0,0,100,0,640,64,32,16,0,70,-148,0,0,100,0,608,48,32,48,0,69,-117,0,0,100,0,192,96,32,16,0,94,-134,0,0,100,0,256,0,32,32,0,93,-119,0,0,100,0,192,112,32,16,0,47,-121,0,0,100,0,224,160,32,16,0,93,-193,0,0,100,0,0,256,64,32,0,127,-122,0,0,100,0,64,256,48,32,0,72,-117,0,0,100,0,48,304,48,32,0,93,-117,0,0,100,0,80,288,32,16,0,67,-116,0,0,100,0,48,288,32,16,0,29,-186,0,0,100,0,0,288,48,48,0,32,-159,0,0,100,0,192,48,48,48,0,102,-173,0,0,100,0,288,64,16,48,0,125,-163,0,0,100,0,208,192,16,16,0,0,-256,0,0,100,0,0,0,192,256,0,0,-256,0,0,100,0,544,344,192,256,0,
0,34,0,-256,0,0,100,0,352,344,192,256,0,60,-210,0,1,70,0,112,256,48,48,0,28,-207,0,1,100,0,112,304,32,32,0,69,-242,0,0,100,0,256,64,32,80,0,37,-231,0,0,100,0,240,64,16,48,0,20,-217,0,0,30,0,0,336,160,144,0,26,-197,0,0,100,0,192,0,64,48,0,135,-175,0,1,80,0,144,304,32,32,0,114,-171,0,0,100,0,192,208,64,80,0,73,-159,0,0,100,0,416,192,48,32,0,80,-152,0,0,100,0,464,192,32,32,0,71,-173,0,0,100,0,496,192,48,64,0,82,-105,0,0,100,0,192,192,16,16,0,66,-108,0,0,100,0,192,176,16,16,0,86,-131,0,0,100,0,304,32,16,32,0,73,-120,0,0,100,0,192,128,48,32,0,87,-128,0,0,100,0,368,32,16,16,0,70,-147,0,0,100,0,640,48,32,16,0,70,-148,0,0,100,0,608,48,32,48,0,69,-117,0,0,100,0,192,96,32,16,0,94,-134,0,0,100,0,256,0,32,32,0,93,-119,0,0,100,0,192,112,32,16,0,47,-121,0,0,100,0,224,160,32,16,0,93,-193,0,0,100,0,0,256,64,32,0,127,-122,0,0,100,0,64,256,48,32,0,72,-117,0,0,100,0,48,304,48,32,0,93,-117,0,0,100,0,80,288,32,16,0,67,-116,0,0,100,0,48,288,32,16,0,29,-186,0,0,100,0,0,288,48,48,0,32,-159,0,0,100,0,192,48,48,48,0,102,-173,0,0,100,0,288,64,16,48,0,125,-163,0,0,100,0,224,192,16,16,0,0,-256,0,0,100,0,0,0,192,256,0,0,-256,0,0,100,0,544,344,192,256,0,
0,34,0,-256,0,0,100,0,352,344,192,256,0,60,-210,0,1,70,0,112,256,48,48,0,28,-207,0,1,100,0,112,304,32,32,0,69,-242,0,0,100,0,256,64,32,80,0,37,-231,0,0,100,0,240,64,16,48,0,20,-217,0,0,30,0,0,336,160,144,0,26,-197,0,0,100,0,192,0,64,48,0,135,-175,0,1,80,0,144,304,32,32,0,114,-171,0,0,100,0,192,208,64,80,0,73,-159,0,0,100,0,416,192,48,32,0,80,-152,0,0,100,0,464,192,32,32,0,71,-173,0,0,100,0,496,192,48,64,0,82,-105,0,0,100,0,192,192,16,16,0,66,-108,0,0,100,0,192,176,16,16,0,86,-131,0,0,100,0,304,32,16,32,0,73,-120,0,0,100,0,192,128,48,32,0,87,-128,0,0,100,0,368,32,16,16,0,70,-147,0,0,100,0,640,64,32,16,0,70,-148,0,0,100,0,608,48,32,48,0,69,-117,0,0,100,0,192,96,32,16,0,94,-134,0,0,100,0,256,0,32,32,0,93,-119,0,0,100,0,192,112,32,16,0,47,-121,0,0,100,0,224,160,32,16,0,93,-193,0,0,100,0,0,256,64,32,0,127,-122,0,0,100,0,64,256,48,32,0,72,-117,0,0,100,0,48,304,48,32,0,93,-117,0,0,100,0,80,288,32,16,0,67,-116,0,0,100,0,48,288,32,16,0,29,-186,0,0,100,0,0,288,48,48,0,32,-159,0,0,100,0,192,48,48,48,0,102,-173,0,0,100,0,288,64,16,48,0,125,-163,0,0,100,0,224,192,16,16,0,0,-256,0,0,100,0,0,0,192,256,0,0,-256,0,0,100,0,544,344,192,256,0,
0,35,0,-256,0,0,100,0,352,344,192,256,0,60,-210,0,1,80,0,112,256,48,48,0,28,-207,0,1,100,0,112,304,32,32,0,69,-242,0,0,100,0,256,64,32,80,0,37,-231,0,0,100,0,240,64,16,48,0,20,-217,0,0,30,0,0,336,160,144,0,26,-197,0,0,100,0,192,0,64,48,0,135,-175,0,1,100,0,144,304,32,32,0,114,-171,0,0,100,0,192,208,64,80,0,73,-163,0,0,50,0,416,192,48,32,0,80,-155,0,0,50,0,464,192,32,32,0,69,-172,0,0,50,0,544,192,48,64,0,71,-173,0,0,50,0,496,192,48,64,0,82,-105,0,0,100,0,192,192,16,16,0,66,-108,0,0,100,0,192,176,16,16,0,86,-131,0,0,100,0,304,32,16,32,0,73,-120,0,0,100,0,192,128,48,32,0,87,-128,0,0,100,0,368,32,16,16,0,70,-147,0,0,100,0,640,48,32,16,0,70,-148,0,0,100,0,608,48,32,48,0,69,-117,0,0,100,0,192,96,32,16,0,94,-134,0,0,100,0,256,0,32,32,0,93,-119,0,0,100,0,192,112,32,16,0,47,-121,0,0,100,0,224,160,32,16,0,93,-193,0,0,100,0,0,256,64,32,0,127,-122,0,0,100,0,64,256,48,32,0,72,-117,0,0,100,0,48,304,48,32,0,93,-117,0,0,100,0,80,288,32,16,0,67,-116,0,0,100,0,48,288,32,16,0,29,-186,0,0,100,0,0,288,48,48,0,32,-159,0,0,100,0,192,48,48,48,0,102,-173,0,0,100,0,288,64,16,48,0,125,-163,0,0,100,0,240,192,16,16,0,0,-256,0,0,100,0,0,0,192,256,0,0,-256,0,0,100,0,544,344,192,256,0,
0,35,0,-256,0,0,100,0,352,344,192,256,0,60,-210,0,1,80,0,112,256,48,48,0,28,-207,0,1,100,0,112,304,32,32,0,69,-242,0,0,100,0,256,64,32,80,0,37,-231,0,0,100,0,240,64,16,48,0,20,-217,0,0,30,0,0,336,160,144,0,26,-197,0,0,100,0,192,0,64,48,0,135,-175,0,1,100,0,144,304,32,32,0,114,-171,0,0,100,0,192,208,64,80,0,73,-163,0,0,50,0,416,192,48,32,0,80,-155,0,0,50,0,464,192,32,32,0,69,-172,0,0,50,0,544,192,48,64,0,71,-173,0,0,50,0,496,192,48,64,0,82,-105,0,0,100,0,192,192,16,16,0,66,-108,0,0,100,0,192,176,16,16,0,86,-131,0,0,100,0,304,32,16,32,0,73,-120,0,0,100,0,192,128,48,32,0,87,-128,0,0,100,0,368,32,16,16,0,70,-147,0,0,100,0,640,64,32,16,0,70,-148,0,0,100,0,608,48,32,48,0,69,-117,0,0,100,0,192,96,32,16,0,94,-134,0,0,100,0,256,0,32,32,0,93,-119,0,0,100,0,192,112,32,16,0,47,-121,0,0,100,0,224,160,32,16,0,93,-193,0,0,100,0,0,256,64,32,0,127,-122,0,0,100,0,64,256,48,32,0,72,-117,0,0,100,0,48,304,48,32,0,93,-117,0,0,100,0,80,288,32,16,0,67,-116,0,0,100,0,48,288,32,16,0,29,-186,0,0,100,0,0,288,48,48,0,32,-159,0,0,100,0,192,48,48,48,0,102,-173,0,0,100,0,288,64,16,48,0,125,-163,0,0,100,0,240,192,16,16,0,0,-256,0,0,100,0,0,0,192,256,0,0,-256,0,0,100,0,544,344,192,256,0,
0,34,0,-256,0,0,100,0,352,344,192,256,0,60,-210,0,1,100,0,112,256,48,48,0,28,-207,0,1,100,0,112,304,32,32,0,69,-242,0,0,100,0,256,64,32,80,0,37,-231,0,0,100,0,240,64,16,48,0,20,-217,0,0,30,0,0,336,160,144,0,26,-197,0,0,100,0,192,0,64,48,0,135,-175,0,1,100,0,144,304,32,32,0,114,-171,0,0,100,0,192,208,64,80,0,73,-168,0,0,20,0,416,192,48,32,0,80,-158,0,0,20,0,464,192,32,32,0,69,-172,0,0,100,0,544,192,48,64,0,82,-105,0,0,100,0,192,192,16,16,0,66,-108,0,0,100,0,192,176,16,16,0,86,-131,0,0,100,0,304,32,16,32,0,73,-120,0,0,100,0,192,128,48,32,0,87,-128,0,0,100,0,368,32,16,16,0,70,-147,0,0,100,0,640,48,32,16,0,70,-148,0,0,100,0,608,48,32,48,0,69,-117,0,0,100,0,192,96,32,16,0,94,-134,0,0,100,0,256,0,32,32,0,93,-119,0,0,100,0,192,112,32,16,0,47,-121,0,0,100,0,224,160,32,16,0,93,-193,0,0,100,0,0,256,64,32,0,127,-122,0,0,100,0,64,256,48,32,0,72,-117,0,0,100,0,48,304,48,32,0,93,-117,0,0,100,0,80,288,32,16,0,67,-116,0,0,100,0,48,288,32,16,0,29,-186,0,0,100,0,0,288,48,48,0,32,-159,0,0,100,0,192,48,48,48,0,102,-173,0,0,100,0,288,64,16,48,0,125,-163,0,0,100,0,224,192,16,16,0,0,-256,0,0,100,0,0,0,192,256,0,0,-256,0,0,100,0,544,344,192,256,0,
0,34,0,-256,0,0,100,0,352,344,192,256,0,60,-210,0,1,100,0,112,256,48,48,0,28,-207,0,1,100,0,112,304,32,32,0,69,-242,0,0,100,0,256,64,32,80,0,37,-231,0,0,100,0,240,64,16,48,0,20,-217,0,0,30,0,0,336,160,144,0,26,-197,0,0,100,0,192,0,64,48,0,135,-175,0,1,100,0,144,304,32,32,0,114,-171,0,0,100,0,192,208,64,80,0,73,-168,0,0,20,0,416,192,48,32,0,80,-158,0,0,20,0,464,192,32,32,0,69,-172,0,0,100,0,544,192,48,64,0,82,-105,0,0,100,0,192,192,16,16,0,66,-108,0,0,100,0,192,176,16,16,0,86,-131,0,0,100,0,304,32,16,32,0,73,-120,0,0,100,0,192,128,48,32,0,87,-128,0,0,100,0,368,32,16,16,0,70,-147,0,0,100,0,640,64,32,16,0,70,-148,0,0,100,0,608,48,32,48,0,69,-117,0,0,100,0,192,96,32,16,0,94,-134,0,0,100,0,256,0,32,32,0,93,-119,0,0,100,0,192,112,32,16,0,47,-121,0,0,100,0,224,160,32,16,0,93,-193,0,0,100,0,0,256,64,32,0,127,-122,0,0,100,0,64,256,48,32,0,72,-117,0,0,100,0,48,304,48,32,0,93,-117,0,0,100,0,80,288,32,16,0,67,-116,0,0,100,0,48,288,32,16,0,29,-186,0,0,100,0,0,288,48,48,0,32,-159,0,0,100,0,192,48,48,48,0,102,-173,0,0,100,0,288,64,16,48,0,125,-163,0,0,100,0,224,192,16,16,0,0,-256,0,0,100,0,0,0,192,256,0,0,-256,0,0,100,0,544,344,192,256,0,
0,33,0,-256,0,0,100,0,352,344,192,256,0,60,-210,0,1,100,0,112,256,48,48,0,28,-207,0,1,100,0,112,304,32,32,0,69,-242,0,0,100,0,256,64,32,80,0,37,-231,0,0,100,0,240,64,16,48,0,20,-217,0,0,30,0,0,336,160,144,0,26,-197,0,0,100,0,192,0,64,48,0,135,-175,0,1,100,0,144,304,32,32,0,114,-171,0,0,100,0,192,208,64,80,0,82,-105,0,0,100,0,192,192,16,16,0,66,-108,0,0,100,0,192,176,16,16,0,67,-174,0,0,50,0,592,192,48,64,0,69,-172,0,0,50,0,544,192,48,64,0,86,-131,0,0,100,0,304,32,16,32,0,73,-120,0,0,100,0,192,128,48,32,0,87,-128,0,0,100,0,368,32,16,16,0,70,-147,0,0,100,0,640,48,32,16,0,70,-148,0,0,100,0,608,48,32,48,0,69,-117,0,0,100,0,192,96,32,16,0,94,-134,0,0,100,0,256,0,32,32,0,93,-119,0,0,100,0,192,112,32,16,0,47,-121,0,0,100,0,224,160,32,16,0,93,-193,0,0,100,0,0,256,64,32,0,127,-122,0,0,100,0,64,256,48,32,0,72,-117,0,0,100,0,48,304,48,32,0,93,-117,0,0,100,0,80,288,32,16,0,67,-116,0,0,100,0,48,288,32,16,0,29,-186,0,0,100,0,0,288,48,48,0,32,-159,0,0,100,0,192,48,48,48,0,102,-173,0,0,100,0,288,64,16,48,0,125,-163,0,0,100,0,208,192,16,16,0,0,-256,0,0,100,0,0,0,192,256,0,0,-256,0,0,100,0,544,344,192,256,0,
0,33,0,-256,0,0,100,0,352,344,192,256,0,60,-210,0,1,100,0,112,256,48,48,0,28,-207,0,1,100,0,112,304,32,32,0,69,-242,0,0,100,0,256,64,32,80,0,37,-231,0,0,100,0,240,64,16,48,0,20,-217,0,0,30,0,0,336,160,144,0,26,-197,0,0,100,0,192,0,64,48,0,135,-175,0,1,100,0,144,304,32,32,0,114,-171,0,0,100,0,192,208,64,80,0,82,-105,0,0,100,0,192,192,16,16,0,66,-108,0,0,100,0,192,176,16,16,0,67,-174,0,0,50,0,592,192,48,64,0,69,-172,0,0,50,0,544,192,48,64,0,86,-131,0,0,100,0,304,32,16,32,0,73,-120,0,0,100,0,192,128,48,32,0,87,-128,0,0,100,0,368,32,16,16,0,70,-147,0,0,100,0,640,64,32,16,0,70,-148,0,0,100,0,608,48,32,48,0,69,-117,0,0,100,0,192,96,32,16,0,94,-134,0,0,100,0,256,0,32,32,0,93,-119,0,0,100,0,192,112,32,16,0,47,-121,0,0,100,0,224,160,32,16,0,93,-193,0,0,100,0,0,256,64,32,0,127,-122,0,0,100,0,64,256,48,32,0,72,-117,0,0,100,0,48,304,48,32,0,93,-117,0,0,100,0,80,288,32,16,0,67,-116,0,0,100,0,48,288,32,16,0,29,-186,0,0,100,0,0,288,48,48,0,32,-159,0,0,100,0,192,48,48,48,0,102,-173,0,0,100,0,288,64,16,48,0,125,-163,0,0,100,0,208,192,16,16,0,0,-256,0,0,100,0,0,0,192,256,0,0,-256,0,0,100,0,544,344,192,256,0,
0,30,0,-256,0,0,100,0,352,344,192,256,0,60,-210,0,1,100,0,112,256,48,48,0,28,-207,0,1,100,0,112,304,32,32,0,69,-242,0,0,100,0,256,64,32,80,0,37,-231,0,0,100,0,240,64,16,48,0,20,-217,0,0,30,0,0,336,160,144,0,26,-197,0,0,100,0,192,0,64,48,0,135,-175,0,1,80,0,144,304,32,32,0,114,-171,0,0,100,0,192,208,64,80,0,82,-105,0,0,100,0,192,192,16,16,0,66,-108,0,0,100,0,192,176,16,16,0,67,-174,0,0,100,0,592,192,48,64,0,86,-131,0,0,100,0,304,32,16,32,0,73,-120,0,0,100,0,192,128,48,32,0,70,-148,0,0,100,0,576,0,32,48,0,69,-117,0,0,100,0,192,96,32,16,0,94,-134,0,0,100,0,256,0,32,32,0,93,-119,0,0,100,0,192,112,32,16,0,47,-121,0,0,100,0,224,160,32,16,0,93,-193,0,0,100,0,0,256,64,32,0,127,-122,0,0,100,0,64,256,48,32,0,72,-117,0,0,100,0,48,304,48,32,0,93,-117,0,0,100,0,80,288,32,16,0,67,-116,0,0,100,0,48,288,32,16,0,29,-186,0,0,100,0,0,288,48,48,0,32,-159,0,0,100,0,192,48,48,48,0,102,-173,0,0,100,0,288,64,16,48,0,125,-163,0,0,100,0,224,192,16,16,0,0,-256,0,0,100,0,0,0,192,256,0,0,-256,0,0,100,0,544,344,192,256,0,
0,31,0,-256,0,0,100,0,352,344,192,256,0,60,-210,0,1,100,0,112,256,48,48,0,28,-207,0,1,80,0,112,304,32,32,0,69,-242,0,0,100,0,256,64,32,80,0,37,-231,0,0,100,0,240,64,16,48,0,20,-217,0,0,30,0,0,336,160,144,0,26,-197,0,0,100,0,192,0,64,48,0,135,-175,0,1,70,0,144,304,32,32,0,114,-171,0,0,100,0,192,208,64,80,0,82,-105,0,0,100,0,192,192,16,16,0,66,-108,0,0,100,0,192,176,16,16,0,71,-173,0,0,50,0,496,192,48,64,0,67,-174,0,0,50,0,592,192,48,64,0,86,-131,0,0,100,0,304,32,16,32,0,73,-120,0,0,100,0,192,128,48,32,0,70,-148,0,0,100,0,608,0,32,48,0,69,-117,0,0,100,0,192,96,32,16,0,94,-134,0,0,100,0,256,0,32,32,0,93,-119,0,0,100,0,192,112,32,16,0,47,-121,0,0,100,0,224,160,32,16,0,93,-193,0,0,100,0,0,256,64,32,0,127,-122,0,0,100,0,64,256,48,32,0,72,-117,0,0,100,0,48,304,48,32,0,93,-117,0,0,100,0,80,288,32,16,0,67,-116,0,0,100,0,48,288,32,16,0,29,-186,0,0,100,0,0,288,48,48,0,32,-159,0,0,100,0,192,48,48,48,0,102,-173,0,0,100,0,288,64,16,48,0,125,-163,0,0,100,0,240,192,16,16,0,0,-256,0,0,100,0,0,0,192,256,0,0,-256,0,0,100,0,544,344,192,256,0,
0,30,0,-256,0,0,100,0,352,344,192,256,0,60,-210,0,1,100,0,112,256,48,48,0,28,-207,0,1,70,0,112,304,32,32,0,69,-242,0,0,100,0,256,64,32,80,0,37,-231,0,0,100,0,240,64,16,48,0,20,-217,0,0,30,0,0,336,160,144,0,26,-197,0,0,100,0,192,0,64,48,0,135,-175,0,1,80,0,144,304,32,32,0,114,-171,0,0,100,0,192,208,64,80,0,82,-105,0,0,100,0,192,192,16,16,0,66,-108,0,0,100,0,192,176,16,16,0,71,-173,0,0,100,0,496,192,48,64,0,86,-131,0,0,100,0,304,32,16,32,0,73,-120,0,0,100,0,192,128,48,32,0,70,-148,0,0,100,0,576,0,32,48,0,69,-117,0,0,100,0,192,96,32,16,0,94,-134,0,0,100,0,256,0,32,32,0,93,-119,0,0,100,0,192,112,32,16,0,47,-121,0,0,100,0,224,160,32,16,0,93,-193,0,0,100,0,0,256,64,32,0,127,-122,0,0,100,0,64,256,48,32,0,72,-117,0,0,100,0,48,304,48,32,0,93,-117,0,0,100,0,80,288,32,16,0,67,-116,0,0,100,0,48,288,32,16,0,29,-186,0,0,100,0,0,288,48,48,0,32,-159,0,0,100,0,192,48,48,48,0,102,-173,0,0,100,0,288,64,16,48,0,125,-163,0,0,100,0,224,192,16,16,0,0,-256,0,0,100,0,0,0,192,256,0,0,-256,0,0,100,0,544,344,192,256,0,
0,31,0,-256,0,0,100,0,352,344,192,256,0,60,-210,0,1,80,0,112,256,48,48,0,28,-207,0,1,70,0,112,304,32,32,0,69,-242,0,0,100,0,256,64,32,80,0,37,-231,0,0,100,0,240,64,16,48,0,20,-217,0,0,30,0,0,336,160,144,0,26,-197,0,0,100,0,192,0,64,48,0,135,-175,0,1,100,0,144,304,32,32,0,114,-171,0,0,100,0,192,208,64,80,0,82,-105,0,0,100,0,192,192,16,16,0,66,-108,0,0,100,0,192,176,16,16,0,69,-172,0,0,50,0,544,192,48,64,0,71,-173,0,0,50,0,496,192,48,64,0,86,-131,0,0,100,0,304,32,16,32,0,73,-120,0,0,100,0,192,128,48,32,0,70,-148,0,0,100,0,608,0,32,48,0,69,-117,0,0,100,0,192,96,32,16,0,94,-134,0,0,100,0,256,0,32,32,0,93,-119,0,0,100,0,192,112,32,16,0,47,-121,0,0,100,0,224,160,32,16,0,93,-193,0,0,100,0,0,256,64,32,0,127,-122,0,0,100,0,64,256,48,32,0,72,-117,0,0,100,0,48,304,48,32,0,93,-117,0,0,100,0,80,288,32,16,0,67,-116,0,0,100,0,48,288,32,16,0,29,-186,0,0,100,0,0,288,48,48,0,32,-159,0,0,100,0,192,48,48,48,0,102,-173,0,0,100,0,288,64,16,48,0,125,-163,0,0,100,0,208,192,16,16,0,0,-256,0,0,100,0,0,0,192,256,0,0,-256,0,0,100,0,544,344,192,256,0,
0,30,0,-256,0,0,100,0,352,344,192,256,0,60,-210,0,1,70,0,112,256,48,48,0,28,-207,0,1,70,0,112,304,32,32,0,69,-242,0,0,100,0,256,64,32,80,0,37,-231,0,0,100,0,240,64,16,48,0,20,-217,0,0,30,0,0,336,160,144,0,26,-197,0,0,100,0,192,0,64,48,0,135,-175,0,1,100,0,144,304,32,32,0,114,-171,0,0,100,0,192,208,64,80,0,82,-105,0,0,100,0,192,192,16,16,0,66,-108,0,0,100,0,192,176,16,16,0,69,-172,0,0,100,0,544,192,48,64,0,86,-131,0,0,100,0,304,32,16,32,0,73,-120,0,0,100,0,192,128,48,32,0,70,-148,0,0,100,0,576,0,32,48,0,69,-117,0,0,100,0,192,96,32,16,0,94,-134,0,0,100,0,256,0,32,32,0,93,-119,0,0,100,0,192,112,32,16,0,47,-121,0,0,100,0,224,160,32,16,0,93,-193,0,0,100,0,0,256,64,32,0,127,-122,0,0,100,0,64,256,48,32,0,72,-117,0,0,100,0,48,304,48,32,0,93,-117,0,0,100,0,80,288,32,16,0,67,-116,0,0,100,0,48,288,32,16,0,29,-186,0,0,100,0,0,288,48,48,0,32,-159,0,0,100,0,192,48,48,48,0,102,-173,0,0,100,0,288,64,16,48,0,125,-163,0,0,100,0,224,192,16,16,0,0,-256,0,0,100,0,0,0,192,256,0,0,-256,0,0,100,0,544,344,192,256,0,
0,31,0,-256,0,0,100,0,352,344,192,256,0,60,-210,0,1,70,0,112,256,48,48,0,28,-207,0,1,80,0,112,304,32,32,0,69,-242,0,0,100,0,256,64,32,80,0,37,-231,0,0,100,0,240,64,16,48,0,20,-217,0,0,30,0,0,336,160,144,0,26,-197,0,0,100,0,192,0,64,48,0,135,-175,0,1,100,0,144,304,32,32,0,114,-171,0,0,100,0,192,208,64,80,0,82,-105,0,0,100,0,192,192,16,16,0,66,-108,0,0,100,0,192,176,16,16,0,67,-174,0,0,50,0,592,192,48,64,0,69,-172,0,0,50,0,544,192,48,64,0,86,-131,0,0,100,0,304,32,16,32,0,73,-120,0,0,100,0,192,128,48,32,0,70,-148,0,0,100,0,576,0,32,48,0,69,-117,0,0,100,0,192,96,32,16,0,94,-134,0,0,100,0,256,0,32,32,0,93,-119,0,0,100,0,192,112,32,16,0,47,-121,0,0,100,0,224,160,32,16,0,93,-193,0,0,100,0,0,256,64,32,0,127,-122,0,0,100,0,64,256,48,32,0,72,-117,0,0,100,0,48,304,48,32,0,93,-117,0,0,100,0,80,288,32,16,0,67,-116,0,0,100,0,48,288,32,16,0,29,-186,0,0,100,0,0,288,48,48,0,32,-159,0,0,100,0,192,48,48,48,0,102,-173,0,0,100,0,288,64,16,48,0,125,-163,0,0,100,0,240,192,16,16,0,0,-256,0,0,100,0,0,0,192,256,0,0,-256,0,0,100,0,544,344,192,256,0,
0,30,0,-256,0,0,100,0,352,344,192,256,0,60,-210,0,1,70,0,112,256,48,48,0,28,-207,0,1,100,0,112,304,32,32,0,69,-242,0,0,100,0,256,64,32,80,0,37,-231,0,0,100,0,240,64,16,48,0,20,-217,0,0,30,0,0,336,160,144,0,26,-197,0,0,100,0,192,0,64,48,0,135,-175,0,1,80,0,144,304,32,32,0,114,-171,0,0,100,0,192,208,64,80,0,82,-105,0,0,100,0,192,192,16,16,0,66,-108,0,0,100,0,192,176,16,16,0,67,-174,0,0,80,0,592,192,48,64,0,86,-131,0,0,100,0,304,32,16,32,0,73,-120,0,0,100,0,192,128,48,32,0,70,-148,0,0,100,0,608,0,32,48,0,69,-117,0,0,100,0,192,96,32,16,0,94,-134,0,0,100,0,256,0,32,32,0,93,-119,0,0,100,0,192,112,32,16,0,47,-121,0,0,100,0,224,160,32,16,0,93,-193,0,0,100,0,0,256,64,32,0,127,-122,0,0,100,0,64,256,48,32,0,72,-117,0,0,100,0,48,304,48,32,0,93,-117,0,0,100,0,80,288,32,16,0,67,-116,0,0,100,0,48,288,32,16,0,29,-186,0,0,100,0,0,288,48,48,0,32,-159,0,0,100,0,192,48,48,48,0,102,-173,0,0,100,0,288,64,16,48,0,125,-163,0,0,100,0,224,192,16,16,0,0,-256,0,0,100,0,0,0,192,256,0,0,-256,0,0,100,0,544,344,192,256,0,
0,31,0,-256,0,0,100,0,352,344,192,256,0,60,-210,0,1,70,0,112,256,48,48,0,28,-207,0,1,100,0,112,304,32,32,0,69,-242,0,0,100,0,256,64,32,80,0,37,-231,0,0,100,0,240,64,16,48,0,20,-217,0,0,30,0,0,336,160,144,0,26,-197,0,0,100,0,192,0,64,48,0,135,-175,0,1,70,0,144,304,32,32,0,114,-171,0,0,100,0,192,208,64,80,0,82,-105,0,0,100,0,192,192,16,16,0,66,-108,0,0,100,0,192,176,16,16,0,71,-173,0,0,25,0,496,192,48,64,0,67,-174,0,0,25,0,592,192,48,64,0,86,-131,0,0,100,0,304,32,16,32,0,73,-120,0,0,100,0,192,128,48,32,0,70,-148,0,0,100,0,576,0,32,48,0,69,-117,0,0,100,0,192,96,32,16,0,94,-134,0,0,100,0,256,0,32,32,0,93,-119,0,0,100,0,192,112,32,16,0,47,-121,0,0,100,0,224,160,32,16,0,93,-193,0,0,100,0,0,256,64,32,0,127,-122,0,0,100,0,64,256,48,32,0,72,-117,0,0,100,0,48,304,48,32,0,93,-117,0,0,100,0,80,288,32,16,0,67,-116,0,0,100,0,48,288,32,16,0,29,-186,0,0,100,0,0,288,48,48,0,32,-159,0,0,100,0,192,48,48,48,0,102,-173,0,0,100,0,288,64,16,48,0,125,-163,0,0,100,0,208,192,16,16,0,0,-256,0,0,100,0,0,0,192,256,0,0,-256,0,0,100,0,544,344,192,256,0,
0,30,0,-256,0,0,100,0,352,344,192,256,0,60,-210,0,1,80,0,112,256,48,48,0,28,-207,0,1,100,0,112,304,32,32,0,69,-242,0,0,100,0,256,64,32,80,0,37,-231,0,0,100,0,240,64,16,48,0,20,-217,0,0,30,0,0,336,160,144,0,26,-197,0,0,100,0,192,0,64,48,0,135,-175,0,1,80,0,144,304,32,32,0,114,-171,0,0,100,0,192,208,64,80,0,82,-105,0,0,100,0,192,192,16,16,0,66,-108,0,0,100,0,192,176,16,16,0,71,-173,0,0,50,0,496,192,48,64,0,86,-131,0,0,100,0,304,32,16,32,0,73,-120,0,0,100,0,192,128,48,32,0,70,-148,0,0,100,0,608,0,32,48,0,69,-117,0,0,100,0,192,96,32,16,0,94,-134,0,0,100,0,256,0,32,32,0,93,-119,0,0,100,0,192,112,32,16,0,47,-121,0,0,100,0,224,160,32,16,0,93,-193,0,0,100,0,0,256,64,32,0,127,-122,0,0,100,0,64,256,48,32,0,72,-117,0,0,100,0,48,304,48,32,0,93,-117,0,0,100,0,80,288,32,16,0,67,-116,0,0,100,0,48,288,32,16,0,29,-186,0,0,100,0,0,288,48,48,0,32,-159,0,0,100,0,192,48,48,48,0,102,-173,0,0,100,0,288,64,16,48,0,125,-163,0,0,100,0,224,192,16,16,0,0,-256,0,0,100,0,0,0,192,256,0,0,-256,0,0,100,0,544,344,192,256,0,
0,31,0,-256,0,0,100,0,352,344,192,256,0,60,-210,0,1,100,0,112,256,48,48,0,28,-207,0,1,100,0,112,304,32,32,0,69,-242,0,0,100,0,256,64,32,80,0,37,-231,0,0,100,0,240,64,16,48,0,20,-217,0,0,30,0,0,336,160,144,0,26,-197,0,0,100,0,192,0,64,48,0,135,-175,0,1,100,0,144,304,32,32,0,114,-171,0,0,100,0,192,208,64,80,0,82,-105,0,0,100,0,192,192,16,16,0,66,-108,0,0,100,0,192,176,16,16,0,69,-172,0,0,20,0,544,192,48,64,0,71,-173,0,0,20,0,496,192,48,64,0,86,-131,0,0,100,0,304,32,16,32,0,73,-120,0,0,100,0,192,128,48,32,0,70,-148,0,0,100,0,576,0,32,48,0,69,-117,0,0,100,0,192,96,32,16,0,94,-134,0,0,100,0,256,0,32,32,0,93,-119,0,0,100,0,192,112,32,16,0,47,-121,0,0,100,0,224,160,32,16,0,93,-193,0,0,100,0,0,256,64,32,0,127,-122,0,0,100,0,64,256,48,32,0,72,-117,0,0,100,0,48,304,48,32,0,93,-117,0,0,100,0,80,288,32,16,0,67,-116,0,0,100,0,48,288,32,16,0,29,-186,0,0,100,0,0,288,48,48,0,32,-159,0,0,100,0,192,48,48,48,0,102,-173,0,0,100,0,288,64,16,48,0,125,-163,0,0,100,0,240,192,16,16,0,0,-256,0,0,100,0,0,0,192,256,0,0,-256,0,0,100,0,544,344,192,256,0,
0,30,0,-256,0,0,100,0,352,344,192,256,0,60,-210,0,1,100,0,112,256,48,48,0,28,-207,0,1,100,0,112,304,32,32,0,69,-242,0,0,100,0,256,64,32,80,0,37,-231,0,0,100,0,240,64,16,48,0,20,-217,0,0,30,0,0,336,160,144,0,26,-197,0,0,100,0,192,0,64,48,0,135,-175,0,1,100,0,144,304,32,32,0,114,-171,0,0,100,0,192,208,64,80,0,82,-105,0,0,100,0,192,192,16,16,0,66,-108,0,0,100,0,192,176,16,16,0,69,-172,0,0,20,0,544,192,48,64,0,86,-131,0,0,100,0,304,32,16,32,0,73,-120,0,0,100,0,192,128,48,32,0,70,-148,0,0,100,0,576,0,32,48,0,69,-117,0,0,100,0,192,96,32,16,0,94,-134,0,0,100,0,256,0,32,32,0,93,-119,0,0,100,0,192,112,32,16,0,47,-121,0,0,100,0,224,160,32,16,0,93,-193,0,0,100,0,0,256,64,32,0,127,-122,0,0,100,0,64,256,48,32,0,72,-117,0,0,100,0,48,304,48,32,0,93,-117,0,0,100,0,80,288,32,16,0,67,-116,0,0,100,0,48,288,32,16,0,29,-186,0,0,100,0,0,288,48,48,0,32,-159,0,0,100,0,192,48,48,48,0,102,-173,0,0,100,0,288,64,16,48,0,125,-163,0,0,100,0,224,192,16,16,0,0,-256,0,0,100,0,0,0,192,256,0,0,-256,0,0,100,0,544,344,192,256,0,
0,31,0,-256,0,0,100,0,352,344,192,256,0,60,-210,0,1,100,0,112,256,48,48,0,28,-207,0,1,80,0,112,304,32,32,0,69,-242,0,0,100,0,256,64,32,80,0,37,-231,0,0,100,0,240,64,16,48,0,20,-217,0,0,30,0,0,336,160,144,0,26,-197,0,0,100,0,192,0,64,48,0,135,-175,0,1,100,0,144,304,32,32,0,114,-171,0,0,100,0,192,208,64,80,0,82,-105,0,0,100,0,192,192,16,16,0,66,-108,0,0,100,0,192,176,16,16,0,86,-131,0,0,100,0,304,32,16,32,0,86,-131,0,0,100,0,272,32,16,32,0,73,-120,0,0,100,0,192,128,48,32,0,86,-128,0,0,100,0,368,32,16,16,0,70,-148,0,0,100,0,384,0,32,48,0,69,-117,0,0,100,0,192,96,32,16,0,94,-134,0,0,100,0,256,0,32,32,0,93,-119,0,0,100,0,192,112,32,16,0,47,-121,0,0,100,0,224,160,32,16,0,93,-193,0,0,100,0,0,256,64,32,0,127,-122,0,0,100,0,64,256,48,32,0,72,-117,0,0,100,0,48,304,48,32,0,93,-117,0,0,100,0,80,288,32,16,0,67,-116,0,0,100,0,48,288,32,16,0,29,-186,0,0,100,0,0,288,48,48,0,32,-159,0,0,100,0,192,48,48,48,0,102,-173,0,0,100,0,288,64,16,48,0,125,-163,0,0,100,0,208,192,16,16,0,0,-256,0,0,100,0,0,0,192,256,0,0,-256,0,0,100,0,544,344,192,256,0,
0,31,0,-256,0,0,100,0,352,344,192,256,0,60,-210,0,1,100,0,112,256,48,48,0,28,-207,0,1,70,0,112,304,32,32,0,69,-242,0,0,100,0,256,64,32,80,0,37,-231,0,0,100,0,240,64,16,48,0,20,-217,0,0,30,0,0,336,160,144,0,26,-197,0,0,100,0,192,0,64,48,0,135,-175,0,1,80,0,144,304,32,32,0,114,-171,0,0,100,0,192,208,64,80,0,82,-105,0,0,100,0,192,192,16,16,0,66,-108,0,0,100,0,192,176,16,16,0,86,-131,0,0,100,0,304,32,16,32,0,86,-131,0,0,100,0,272,32,16,32,0,73,-120,0,0,100,0,192,128,48,32,0,86,-128,0,0,100,0,368,32,16,16,0,70,-148,0,0,100,0,384,0,32,48,0,69,-117,0,0,100,0,192,96,32,16,0,94,-134,0,0,100,0,256,0,32,32,0,93,-119,0,0,100,0,192,112,32,16,0,47,-121,0,0,100,0,224,160,32,16,0,93,-193,0,0,100,0,0,256,64,32,0,127,-122,0,0,100,0,64,256,48,32,0,72,-117,0,0,100,0,48,304,48,32,0,93,-117,0,0,100,0,80,288,32,16,0,67,-116,0,0,100,0,48,288,32,16,0,29,-186,0,0,100,0,0,288,48,48,0,32,-159,0,0,100,0,192,48,48,48,0,102,-173,0,0,100,0,288,64,16,48,0,125,-163,0,0,100,0,224,192,16,16,0,0,-256,0,0,100,0,0,0,192,256,0,0,-256,0,0,100,0,544,344,192,256,0,
0,31,0,-256,0,0,100,0,352,344,192,256,0,60,-210,0,1,100,0,112,256,48,48,0,28,-207,0,1,70,0,112,304,32,32,0,69,-242,0,0,100,0,256,64,32,80,0,37,-231,0,0,100,0,240,64,16,48,0,20,-217,0,0,30,0,0,336,160,144,0,26,-197,0,0,100,0,192,0,64,48,0,135,-175,0,1,70,0,144,304,32,32,0,114,-171,0,0,100,0,192,208,64,80,0,82,-105,0,0,100,0,192,192,16,16,0,66,-108,0,0,100,0,192,176,16,16,0,86,-131,0,0,100,0,304,32,16,32,0,86,-131,0,0,100,0,272,32,16,32,0,73,-120,0,0,100,0,192,128,48,32,0,86,-128,0,0,100,0,368,32,16,16,0,70,-148,0,0,100,0,384,0,32,48,0,69,-117,0,0,100,0,192,96,32,16,0,94,-134,0,0,100,0,256,0,32,32,0,93,-119,0,0,100,0,192,112,32,16,0,47,-121,0,0,100,0,224,160,32,16,0,93,-193,0,0,100,0,0,256,64,32,0,127,-122,0,0,100,0,64,256,48,32,0,72,-117,0,0,100,0,48,304,48,32,0,93,-117,0,0,100,0,80,288,32,16,0,67,-116,0,0,100,0,48,288,32,16,0,29,-186,0,0,100,0,0,288,48,48,0,32,-159,0,0,100,0,192,48,48,48,0,102,-173,0,0,100,0,288,64,16,48,0,125,-163,0,0,100,0,240,192,16,16,0,0,-256,0,0,100,0,0,0,192,256,0,0,-256,0,0,100,0,544,344,192,256,0,
0,31,0,-256,0,0,100,0,352,344,192,256,0,60,-210,0,1,80,0,112,256,48,48,0,28,-207,0,1,70,0,112,304,32,32,0,69,-242,0,0,100,0,256,64,32,80,0,37,-231,0,0,100,0,240,64,16,48,0,20,-217,0,0,30,0,0,336,160,144,0,26,-197,0,0,100,0,192,0,64,48,0,135,-175,0,1,80,0,144,304,32,32,0,114,-171,0,0,100,0,192,208,64,80,0,82,-105,0,0,100,0,192,192,16,16,0,66,-108,0,0,100,0,192,176,16,16,0,86,-131,0,0,100,0,304,32,16,32,0,86,-131,0,0,100,0,272,32,16,32,0,73,-120,0,0,100,0,192,128,48,32,0,86,-128,0,0,100,0,368,32,16,16,0,70,-148,0,0,100,0,672,48,32,48,0,69,-117,0,0,100,0,192,96,32,16,0,94,-134,0,0,100,0,256,0,32,32,0,93,-119,0,0,100,0,192,112,32,16,0,47,-121,0,0,100,0,224,160,32,16,0,93,-193,0,0,100,0,0,256,64,32,0,127,-122,0,0,100,0,64,256,48,32,0,72,-117,0,0,100,0,48,304,48,32,0,93,-117,0,0,100,0,80,288,32,16,0,67,-116,0,0,100,0,48,288,32,16,0,29,-186,0,0,100,0,0,288,48,48,0,32,-159,0,0,100,0,192,48,48,48,0,102,-173,0,0,100,0,288,64,16,48,0,125,-163,0,0,100,0,224,192,16,16,0,0,-256,0,0,100,0,0,0,192,256,0,0,-256,0,0,100,0,544,344,192,256,0,
0,31,0,-256,0,0,100,0,352,344,192,256,0,60,-210,0,1,70,0,112,256,48,48,0,28,-207,0,1,80,0,112,304,32,32,0,69,-242,0,0,100,0,256,64,32,80,0,37,-231,0,0,100,0,240,64,16,48,0,20,-217,0,0,30,0,0,336,160,144,0,26,-197,0,0,100,0,192,0,64,48,0,135,-175,0,1,100,0,144,304,32,32,0,114,-171,0,0,100,0,192,208,64,80,0,82,-105,0,0,100,0,192,192,16,16,0,66,-108,0,0,100,0,192,176,16,16,0,86,-131,0,0,100,0,304,32,16,32,0,86,-131,0,0,100,0,272,32,16,32,0,73,-120,0,0,100,0,192,128,48,32,0,86,-128,0,0,100,0,368,32,16,16,0,70,-148,0,0,100,0,672,0,32,48,0,69,-117,0,0,100,0,192,96,32,16,0,94,-134,0,0,100,0,256,0,32,32,0,93,-119,0,0,100,0,192,112,32,16,0,47,-121,0,0,100,0,224,160,32,16,0,93,-193,0,0,100,0,0,256,64,32,0,127,-122,0,0,100,0,64,256,48,32,0,72,-117,0,0,100,0,48,304,48,32,0,93,-117,0,0,100,0,80,288,32,16,0,67,-116,0,0,100,0,48,288,32,16,0,29,-186,0,0,100,0,0,288,48,48,0,32,-159,0,0,100,0,192,48,48,48,0,102,-173,0,0,100,0,288,64,16,48,0,125,-163,0,0,100,0,208,192,16,16,0,0,-256,0,0,100,0,0,0,192,256,0,0,-256,0,0,100,0,544,344,192,256,0,
0,31,0,-256,0,0,100,0,352,344,192,256,0,60,-210,0,1,70,0,112,256,48,48,0,28,-207,0,1,100,0,112,304,32,32,0,69,-242,0,0,100,0,256,64,32,80,0,37,-231,0,0,100,0,240,64,16,48,0,20,-217,0,0,30,0,0,336,160,144,0,26,-197,0,0,100,0,192,0,64,48,0,135,-175,0,1,100,0,144,304,32,32,0,114,-171,0,0,100,0,192,208,64,80,0,82,-105,0,0,100,0,192,192,16,16,0,66,-108,0,0,100,0,192,176,16,16,0,86,-131,0,0,100,0,304,32,16,32,0,86,-131,0,0,100,0,272,32,16,32,0,73,-120,0,0,100,0,192,128,48,32,0,86,-128,0,0,100,0,368,32,16,16,0,70,-148,0,0,100,0,672,0,32,48,0,69,-117,0,0,100,0,192,96,32,16,0,94,-134,0,0,100,0,256,0,32,32,0,93,-119,0,0,100,0,192,112,32,16,0,47,-121,0,0,100,0,224,160,32,16,0,93,-193,0,0,100,0,0,256,64,32,0,127,-122,0,0,100,0,64,256,48,32,0,72,-117,0,0,100,0,48,304,48,32,0,93,-117,0,0,100,0,80,288,32,16,0,67,-116,0,0,100,0,48,288,32,16,0,29,-186,0,0,100,0,0,288,48,48,0,32,-159,0,0,100,0,192,48,48,48,0,102,-173,0,0,100,0,288,64,16,48,0,125,-163,0,0,100,0,224,192,16,16,0,0,-256,0,0,100,0,0,0,192,256,0,0,-256,0,0,100,0,544,344,192,256,0,
0,31,0,-256,0,0,100,0,352,344,192,256,0,60,-210,0,1,70,0,112,256,48,48,0,28,-207,0,1,100,0,112,304,32,32,0,69,-242,0,0,100,0,256,64,32,80,0,37,-231,0,0,100,0,240,64,16,48,0,20,-217,0,0,30,0,0,336,160,144,0,26,-197,0,0,100,0,192,0,64,48,0,135,-175,0,1,100,0,144,304,32,32,0,114,-171,0,0,100,0,192,208,64,80,0,82,-105,0,0,100,0,192,192,16,16,0,66,-108,0,0,100,0,192,176,16,16,0,86,-131,0,0,100,0,304,32,16,32,0,86,-131,0,0,100,0,272,32,16,32,0,73,-120,0,0,100,0,192,128,48,32,0,86,-128,0,0,100,0,368,32,16,16,0,70,-148,0,0,100,0,672,0,32,48,0,69,-117,0,0,100,0,192,96,32,16,0,94,-134,0,0,100,0,256,0,32,32,0,93,-119,0,0,100,0,192,112,32,16,0,47,-121,0,0,100,0,224,160,32,16,0,93,-193,0,0,100,0,0,256,64,32,0,127,-122,0,0,100,0,64,256,48,32,0,72,-117,0,0,100,0,48,304,48,32,0,93,-117,0,0,100,0,80,288,32,16,0,67,-116,0,0,100,0,48,288,32,16,0,29,-186,0,0,100,0,0,288,48,48,0,32,-159,0,0,100,0,192,48,48,48,0,102,-173,0,0,100,0,288,64,16,48,0,125,-163,0,0,100,0,240,192,16,16,0,0,-256,0,0,100,0,0,0,192,256,0,0,-256,0,0,100,0,544,344,192,256,0,
0,31,0,-256,0,0,100,0,352,344,192,256,0,60,-210,0,1,80,0,112,256,48,48,0,28,-207,0,1,100,0,112,304,32,32,0,69,-242,0,0,100,0,256,64,32,80,0,37,-231,0,0,100,0,240,64,16,48,0,20,-217,0,0,30,0,0,336,160,144,0,26,-197,0,0,100,0,192,0,64,48,0,135,-175,0,1,80,0,144,304,32,32,0,114,-171,0,0,100,0,192,208,64,80,0,82,-105,0,0,100,0,192,192,16,16,0,66,-108,0,0,100,0,192,176,16,16,0,86,-131,0,0,100,0,304,32,16,32,0,86,-131,0,0,100,0,272,32,16,32,0,73,-120,0,0,100,0,192,128,48,32,0,86,-128,0,0,100,0,368,32,16,16,0,70,-148,0,0,100,0,672,0,32,48,0,69,-117,0,0,100,0,192,96,32,16,0,94,-134,0,0,100,0,256,0,32,32,0,93,-119,0,0,100,0,192,112,32,16,0,47,-121,0,0,100,0,224,160,32,16,0,93,-193,0,0,100,0,0,256,64,32,0,127,-122,0,0,100,0,64,256,48,32,0,72,-117,0,0,100,0,48,304,48,32,0,93,-117,0,0,100,0,80,288,32,16,0,67,-116,0,0,100,0,48,288,32,16,0,29,-186,0,0,100,0,0,288,48,48,0,32,-159,0,0,100,0,192,48,48,48,0,102,-173,0,0,100,0,288,64,16,48,0,125,-163,0,0,100,0,224,192,16,16,0,0,-256,0,0,100,0,0,0,192,256,0,0,-256,0,0,100,0,544,344,192,256,0,
0,31,0,-256,0,0,100,0,352,344,192,256,0,60,-210,0,1,100,0,112,256,48,48,0,28,-207,0,1,100,0,112,304,32,32,0,69,-242,0,0,100,0,256,64,32,80,0,37,-231,0,0,100,0,240,64,16,48,0,20,-217,0,0,30,0,0,336,160,144,0,26,-197,0,0,100,0,192,0,64,48,0,135,-175,0,1,70,0,144,304,32,32,0,114,-171,0,0,100,0,192,208,64,80,0,82,-105,0,0,100,0,192,192,16,16,0,66,-108,0,0,100,0,192,176,16,16,0,86,-131,0,0,100,0,304,32,16,32,0,86,-131,0,0,100,0,272,32,16,32,0,73,-120,0,0,100,0,192,128,48,32,0,86,-128,0,0,100,0,368,32,16,16,0,70,-148,0,0,100,0,672,0,32,48,0,69,-117,0,0,100,0,192,96,32,16,0,94,-134,0,0,100,0,256,0,32,32,0,93,-119,0,0,100,0,192,112,32,16,0,47,-121,0,0,100,0,224,160,32,16,0,93,-193,0,0,100,0,0,256,64,32,0,127,-122,0,0,100,0,64,256,48,32,0,72,-117,0,0,100,0,48,304,48,32,0,93,-117,0,0,100,0,80,288,32,16,0,67,-116,0,0,100,0,48,288,32,16,0,29,-186,0,0,100,0,0,288,48,48,0,32,-159,0,0,100,0,192,48,48,48,0,102,-173,0,0,100,0,288,64,16,48,0,125,-163,0,0,100,0,208,192,16,16,0,0,-256,0,0,100,0,0,0,192,256,0,0,-256,0,0,100,0,544,344,192,256,0,
0,31,0,-256,0,0,100,0,352,344,192,256,0,60,-210,0,1,100,0,112,256,48,48,0,28,-207,0,1,100,0,112,304,32,32,0,69,-242,0,0,100,0,256,64,32,80,0,37,-231,0,0,100,0,240,64,16,48,0,20,-217,0,0,30,0,0,336,160,144,0,26,-197,0,0,100,0,192,0,64,48,0,135,-175,0,1,80,0,144,304,32,32,0,114,-171,0,0,100,0,192,208,64,80,0,82,-105,0,0,100,0,192,192,16,16,0,66,-108,0,0,100,0,192,176,16,16,0,86,-131,0,0,100,0,304,32,16,32,0,86,-131,0,0,100,0,272,32,16,32,0,73,-120,0,0,100,0,192,128,48,32,0,86,-128,0,0,100,0,368,32,16,16,0,70,-148,0,0,100,0,672,0,32,48,0,69,-117,0,0,100,0,192,96,32,16,0,94,-134,0,0,100,0,256,0,32,32,0,93,-119,0,0,100,0,192,112,32,16,0,47,-121,0,0,100,0,224,160,32,16,0,93,-193,0,0,100,0,0,256,64,32,0,127,-122,0,0,100,0,64,256,48,32,0,72,-117,0,0,100,0,48,304,48,32,0,93,-117,0,0,100,0,80,288,32,16,0,67,-116,0,0,100,0,48,288,32,16,0,29,-186,0,0,100,0,0,288,48,48,0,32,-159,0,0,100,0,192,48,48,48,0,102,-173,0,0,100,0,288,64,16,48,0,125,-163,0,0,100,0,224,192,16,16,0,0,-256,0,0,100,0,0,0,192,256,0,0,-256,0,0,100,0,544,344,192,256,0,
0,31,0,-256,0,0,100,0,352,344,192,256,0,60,-210,0,1,100,0,112,256,48,48,0,28,-207,0,1,80,0,112,304,32,32,0,69,-242,0,0,100,0,256,64,32,80,0,37,-231,0,0,100,0,240,64,16,48,0,20,-217,0,0,30,0,0,336,160,144,0,26,-197,0,0,100,0,192,0,64,48,0,135,-175,0,1,100,0,144,304,32,32,0,114,-171,0,0,100,0,192,208,64,80,0,82,-105,0,0,100,0,192,192,16,16,0,66,-108,0,0,100,0,192,176,16,16,0,86,-131,0,0,100,0,304,32,16,32,0,86,-131,0,0,100,0,272,32,16,32,0,73,-120,0,0,100,0,192,128,48,32,0,86,-128,0,0,100,0,368,32,16,16,0,70,-148,0,0,100,0,384,0,32,48,0,69,-117,0,0,100,0,192,96,32,16,0,94,-134,0,0,100,0,256,0,32,32,0,93,-119,0,0,100,0,192,112,32,16,0,47,-121,0,0,100,0,224,160,32,16,0,93,-193,0,0,100,0,0,256,64,32,0,127,-122,0,0,100,0,64,256,48,32,0,72,-117,0,0,100,0,48,304,48,32,0,93,-117,0,0,100,0,80,288,32,16,0,67,-116,0,0,100,0,48,288,32,16,0,29,-186,0,0,100,0,0,288,48,48,0,32,-159,0,0,100,0,192,48,48,48,0,102,-173,0,0,100,0,288,64,16,48,0,125,-163,0,0,100,0,240,192,16,16,0,0,-256,0,0,100,0,0,0,192,256,0,0,-256,0,0,100,0,544,344,192,256,0,
0,31,0,-256,0,0,100,0,352,344,192,256,0,60,-210,0,1,100,0,112,256,48,48,0,28,-207,0,1,70,0,112,304,32,32,0,69,-242,0,0,100,0,256,64,32,80,0,37,-231,0,0,100,0,240,64,16,48,0,20,-217,0,0,30,0,0,336,160,144,0,26,-197,0,0,100,0,192,0,64,48,0,135,-175,0,1,100,0,144,304,32,32,0,114,-171,0,0,100,0,192,208,64,80,0,82,-105,0,0,100,0,192,192,16,16,0,66,-108,0,0,100,0,192,176,16,16,0,86,-131,0,0,100,0,304,32,16,32,0,86,-131,0,0,100,0,272,32,16,32,0,73,-120,0,0,100,0,192,128,48,32,0,86,-128,0,0,100,0,368,32,16,16,0,70,-148,0,0,100,0,704,48,32,48,0,69,-117,0,0,100,0,192,96,32,16,0,94,-134,0,0,100,0,256,0,32,32,0,93,-119,0,0,100,0,192,112,32,16,0,47,-121,0,0,100,0,224,160,32,16,0,93,-193,0,0,100,0,0,256,64,32,0,127,-122,0,0,100,0,64,256,48,32,0,72,-117,0,0,100,0,48,304,48,32,0,93,-117,0,0,100,0,80,288,32,16,0,67,-116,0,0,100,0,48,288,32,16,0,29,-186,0,0,100,0,0,288,48,48,0,32,-159,0,0,100,0,192,48,48,48,0,102,-173,0,0,100,0,288,64,16,48,0,125,-163,0,0,100,0,224,192,16,16,0,0,-256,0,0,100,0,0,0,192,256,0,0,-256,0,0,100,0,544,344,192,256,0,
0,31,0,-256,0,0,100,0,352,344,192,256,0,60,-210,0,1,100,0,112,256,48,48,0,28,-207,0,1,70,0,112,304,32,32,0,69,-242,0,0,100,0,256,64,32,80,0,37,-231,0,0,100,0,240,64,16,48,0,20,-217,0,0,30,0,0,336,160,144,0,26,-197,0,0,100,0,192,0,64,48,0,135,-175,0,1,100,0,144,304,32,32,0,114,-171,0,0,100,0,192,208,64,80,0,82,-105,0,0,100,0,192,192,16,16,0,66,-108,0,0,100,0,192,176,16,16,0,80,-124,0,0,100,0,640,80,16,16,0,86,-131,0,0,100,0,304,32,16,32,0,73,-120,0,0,100,0,192,128,48,32,0,86,-128,0,0,100,0,368,32,16,16,0,72,-146,0,0,100,0,576,48,32,48,0,69,-117,0,0,100,0,192,96,32,16,0,94,-134,0,0,100,0,256,0,32,32,0,93,-119,0,0,100,0,192,112,32,16,0,47,-121,0,0,100,0,224,160,32,16,0,93,-193,0,0,100,0,0,256,64,32,0,127,-122,0,0,100,0,64,256,48,32,0,72,-117,0,0,100,0,48,304,48,32,0,93,-117,0,0,100,0,80,288,32,16,0,67,-116,0,0,100,0,48,288,32,16,0,29,-186,0,0,100,0,0,288,48,48,0,32,-159,0,0,100,0,192,48,48,48,0,102,-173,0,0,100,0,288,64,16,48,0,125,-163,0,0,100,0,208,192,16,16,0,0,-256,0,0,100,0,0,0,192,256,0,0,-256,0,0,100,0,544,344,192,256,0,
0,31,0,-256,0,0,100,0,352,344,192,256,0,60,-210,0,1,80,0,112,256,48,48,0,28,-207,0,1,70,0,112,304,32,32,0,69,-242,0,0,100,0,256,64,32,80,0,37,-231,0,0,100,0,240,64,16,48,0,20,-217,0,0,30,0,0,336,160,144,0,26,-197,0,0,100,0,192,0,64,48,0,135,-175,0,1,80,0,144,304,32,32,0,114,-171,0,0,100,0,192,208,64,80,0,82,-105,0,0,100,0,192,192,16,16,0,66,-108,0,0,100,0,192,176,16,16,0,79,-125,0,0,100,0,640,80,16,16,0,85,-133,0,0,100,0,304,32,16,32,0,73,-120,0,0,100,0,192,128,48,32,0,86,-128,0,0,100,0,368,32,16,16,0,71,-147,0,0,100,0,576,48,32,48,0,69,-117,0,0,100,0,192,96,32,16,0,94,-134,0,0,100,0,256,0,32,32,0,93,-119,0,0,100,0,192,112,32,16,0,47,-121,0,0,100,0,224,160,32,16,0,93,-193,0,0,100,0,0,256,64,32,0,127,-122,0,0,100,0,64,256,48,32,0,72,-117,0,0,100,0,48,304,48,32,0,93,-117,0,0,100,0,80,288,32,16,0,67,-116,0,0,100,0,48,288,32,16,0,29,-186,0,0,100,0,0,288,48,48,0,32,-159,0,0,100,0,192,48,48,48,0,102,-173,0,0,100,0,288,64,16,48,0,125,-163,0,0,100,0,224,192,16,16,0,0,-256,0,0,100,0,0,0,192,256,0,0,-256,0,0,100,0,544,344,192,256,0,
0,29,0,-256,0,0,100,0,352,344,192,256,0,60,-210,0,1,70,0,112,256,48,48,0,28,-207,0,1,80,0,112,304,32,32,0,69,-242,0,0,100,0,256,64,32,80,0,37,-231,0,0,100,0,240,64,16,48,0,20,-217,0,0,30,0,0,336,160,144,0,26,-197,0,0,100,0,192,0,64,48,0,135,-175,0,1,70,0,144,304,32,32,0,114,-171,0,0,100,0,192,208,64,80,0,82,-105,0,0,100,0,192,192,16,16,0,66,-108,0,0,100,0,192,176,16,16,0,73,-120,0,0,100,0,192,128,48,32,0,70,-148,0,0,100,0,384,48,32,48,0,86,-147,0,0,100,0,304,32,16,32,0,69,-117,0,0,100,0,192,96,32,16,0,94,-134,0,0,100,0,256,0,32,32,0,93,-119,0,0,100,0,192,112,32,16,0,47,-121,0,0,100,0,224,160,32,16,0,93,-193,0,0,100,0,0,256,64,32,0,127,-122,0,0,100,0,64,256,48,32,0,72,-117,0,0,100,0,48,304,48,32,0,93,-117,0,0,100,0,80,288,32,16,0,67,-116,0,0,100,0,48,288,32,16,0,29,-186,0,0,100,0,0,288,48,48,0,32,-159,0,0,100,0,192,48,48,48,0,102,-173,0,0,100,0,288,64,16,48,0,125,-163,0,0,100,0,240,192,16,16,0,0,-256,0,0,100,0,0,0,192,256,0,0,-256,0,0,100,0,544,344,192,256,0,
0,29,0,-256,0,0,100,0,352,344,192,256,0,60,-210,0,1,70,0,112,256,48,48,0,28,-207,0,1,100,0,112,304,32,32,0,69,-242,0,0,100,0,256,64,32,80,0,37,-231,0,0,100,0,240,64,16,48,0,20,-217,0,0,30,0,0,336,160,144,0,26,-197,0,0,100,0,192,0,64,48,0,135,-175,0,1,80,0,144,304,32,32,0,114,-171,0,0,100,0,192,208,64,80,0,82,-105,0,0,100,0,192,192,16,16,0,66,-108,0,0,100,0,192,176,16,16,0,73,-120,0,0,100,0,192,128,48,32,0,73,-151,0,0,100,0,416,48,32,48,0,89,-149,0,0,100,0,304,32,16,32,0,69,-117,0,0,100,0,192,96,32,16,0,94,-134,0,0,100,0,256,0,32,32,0,93,-119,0,0,100,0,192,112,32,16,0,47,-121,0,0,100,0,224,160,32,16,0,93,-193,0,0,100,0,0,256,64,32,0,127,-122,0,0,100,0,64,256,48,32,0,72,-117,0,0,100,0,48,304,48,32,0,93,-117,0,0,100,0,80,288,32,16,0,67,-116,0,0,100,0,48,288,32,16,0,29,-186,0,0,100,0,0,288,48,48,0,32,-159,0,0,100,0,192,48,48,48,0,102,-173,0,0,100,0,288,64,16,48,0,125,-163,0,0,100,0,224,192,16,16,0,0,-256,0,0,100,0,0,0,192,256,0,0,-256,0,0,100,0,544,344,192,256,0,
0,29,0,-256,0,0,100,0,352,344,192,256,0,60,-210,0,1,70,0,112,256,48,48,0,28,-207,0,1,100,0,112,304,32,32,0,69,-242,0,0,100,0,256,64,32,80,0,37,-231,0,0,100,0,240,64,16,48,0,20,-217,0,0,30,0,0,336,160,144,0,26,-197,0,0,100,0,192,0,64,48,0,135,-175,0,1,100,0,144,304,32,32,0,114,-171,0,0,100,0,192,208,64,80,0,82,-105,0,0,100,0,192,192,16,16,0,66,-108,0,0,100,0,192,176,16,16,0,73,-120,0,0,100,0,192,128,48,32,0,69,-117,0,0,100,0,192,96,32,16,0,76,-150,0,0,100,0,448,48,32,48,0,92,-149,0,0,100,0,304,32,16,32,0,94,-134,0,0,100,0,256,0,32,32,0,93,-119,0,0,100,0,192,112,32,16,0,47,-121,0,0,100,0,224,160,32,16,0,93,-193,0,0,100,0,0,256,64,32,0,127,-122,0,0,100,0,64,256,48,32,0,72,-117,0,0,100,0,48,304,48,32,0,93,-117,0,0,100,0,80,288,32,16,0,67,-116,0,0,100,0,48,288,32,16,0,29,-186,0,0,100,0,0,288,48,48,0,32,-159,0,0,100,0,192,48,48,48,0,102,-173,0,0,100,0,288,64,16,48,0,125,-163,0,0,100,0,208,192,16,16,0,0,-256,0,0,100,0,0,0,192,256,0,0,-256,0,0,100,0,544,344,192,256,0,
0,29,0,-256,0,0,100,0,352,344,192,256,0,60,-210,0,1,80,0,112,256,48,48,0,28,-207,0,1,100,0,112,304,32,32,0,69,-242,0,0,100,0,256,64,32,80,0,37,-231,0,0,100,0,240,64,16,48,0,20,-217,0,0,30,0,0,336,160,144,0,26,-197,0,0,100,0,192,0,64,48,0,135,-175,0,1,100,0,144,304,32,32,0,114,-171,0,0,100,0,192,208,64,80,0,82,-105,0,0,100,0,192,192,16,16,0,66,-108,0,0,100,0,192,176,16,16,0,73,-120,0,0,100,0,192,128,48,32,0,69,-117,0,0,100,0,192,96,32,16,0,94,-134,0,0,100,0,256,0,32,32,0,79,-154,0,0,100,0,416,48,32,48,0,95,-152,0,0,100,0,304,32,16,32,0,93,-119,0,0,100,0,192,112,32,16,0,47,-121,0,0,100,0,224,160,32,16,0,93,-193,0,0,100,0,0,256,64,32,0,127,-122,0,0,100,0,64,256,48,32,0,72,-117,0,0,100,0,48,304,48,32,0,93,-117,0,0,100,0,80,288,32,16,0,67,-116,0,0,100,0,48,288,32,16,0,29,-186,0,0,100,0,0,288,48,48,0,32,-159,0,0,100,0,192,48,48,48,0,102,-173,0,0,100,0,288,64,16,48,0,125,-163,0,0,100,0,224,192,16,16,0,0,-256,0,0,100,0,0,0,192,256,0,0,-256,0,0,100,0,544,344,192,256,0,
0,29,0,-256,0,0,100,0,352,344,192,256,0,60,-210,0,1,100,0,112,256,48,48,0,28,-207,0,1,100,0,112,304,32,32,0,69,-242,0,0,100,0,256,64,32,80,0,37,-231,0,0,100,0,240,64,16,48,0,20,-217,0,0,30,0,0,336,160,144,0,26,-197,0,0,100,0,192,0,64,48,0,135,-175,0,1,100,0,144,304,32,32,0,114,-171,0,0,100,0,192,208,64,80,0,82,-105,0,0,100,0,192,192,16,16,0,66,-108,0,0,100,0,192,176,16,16,0,73,-120,0,0,100,0,192,128,48,32,0,69,-117,0,0,100,0,192,96,32,16,0,94,-134,0,0,100,0,256,0,32,32,0,82,-157,0,0,100,0,384,48,32,48,0,98,-156,0,0,100,0,304,32,16,32,0,93,-119,0,0,100,0,192,112,32,16,0,47,-121,0,0,100,0,224,160,32,16,0,93,-193,0,0,100,0,0,256,64,32,0,127,-122,0,0,100,0,64,256,48,32,0,72,-117,0,0,100,0,48,304,48,32,0,93,-117,0,0,100,0,80,288,32,16,0,67,-116,0,0,100,0,48,288,32,16,0,29,-186,0,0,100,0,0,288,48,48,0,32,-159,0,0,100,0,192,48,48,48,0,102,-173,0,0,100,0,288,64,16,48,0,125,-163,0,0,100,0,240,192,16,16,0,0,-256,0,0,100,0,0,0,192,256,0,0,-256,0,0,100,0,544,344,192,256,0,
0,29,0,-256,0,0,100,0,352,344,192,256,0,60,-210,0,1,100,0,112,256,48,48,0,28,-207,0,1,100,0,112,304,32,32,0,69,-242,0,0,100,0,256,64,32,80,0,37,-231,0,0,100,0,240,64,16,48,0,20,-217,0,0,30,0,0,336,160,144,0,26,-197,0,0,100,0,192,0,64,48,0,135,-175,0,1,80,0,144,304,32,32,0,114,-171,0,0,100,0,192,208,64,80,0,82,-105,0,0,100,0,192,192,16,16,0,66,-108,0,0,100,0,192,176,16,16,0,73,-120,0,0,100,0,192,128,48,32,0,69,-117,0,0,100,0,192,96,32,16,0,94,-134,0,0,100,0,256,0,32,32,0,84,-160,0,0,100,0,416,48,32,48,0,100,-158,0,0,100,0,304,32,16,32,0,93,-119,0,0,100,0,192,112,32,16,0,47,-121,0,0,100,0,224,160,32,16,0,93,-193,0,0,100,0,0,256,64,32,0,127,-122,0,0,100,0,64,256,48,32,0,72,-117,0,0,100,0,48,304,48,32,0,93,-117,0,0,100,0,80,288,32,16,0,67,-116,0,0,100,0,48,288,32,16,0,29,-186,0,0,100,0,0,288,48,48,0,32,-159,0,0,100,0,192,48,48,48,0,102,-173,0,0,100,0,288,64,16,48,0,125,-163,0,0,100,0,224,192,16,16,0,0,-256,0,0,100,0,0,0,192,256,0,0,-256,0,0,100,0,544,344,192,256,0,
0,29,0,-256,0,0,100,0,352,344,192,256,0,60,-210,0,1,100,0,112,256,48,48,0,28,-207,0,1,80,0,112,304,32,32,0,69,-242,0,0,100,0,256,64,32,80,0,37,-231,0,0,100,0,240,64,16,48,0,20,-217,0,0,30,0,0,336,160,144,0,26,-197,0,0,100,0,192,0,64,48,0,135,-175,0,1,70,0,144,304,32,32,0,114,-171,0,0,100,0,192,208,64,80,0,82,-105,0,0,100,0,192,192,16,16,0,66,-108,0,0,100,0,192,176,16,16,0,73,-120,0,0,100,0,192,128,48,32,0,69,-117,0,0,100,0,192,96,32,16,0,94,-134,0,0,100,0,256,0,32,32,0,87,-165,0,0,100,0,448,48,32,48,0,103,-164,0,0,100,0,304,32,16,32,0,93,-119,0,0,100,0,192,112,32,16,0,47,-121,0,0,100,0,224,160,32,16,0,93,-193,0,0,100,0,0,256,64,32,0,127,-122,0,0,100,0,64,256,48,32,0,72,-117,0,0,100,0,48,304,48,32,0,93,-117,0,0,100,0,80,288,32,16,0,67,-116,0,0,100,0,48,288,32,16,0,29,-186,0,0,100,0,0,288,48,48,0,32,-159,0,0,100,0,192,48,48,48,0,102,-173,0,0,100,0,288,64,16,48,0,125,-163,0,0,100,0,208,192,16,16,0,0,-256,0,0,100,0,0,0,192,256,0,0,-256,0,0,100,0,544,344,192,256,0,
0,29,0,-256,0,0,100,0,352,344,192,256,0,60,-210,0,1,100,0,112,256,48,48,0,28,-207,0,1,70,0,112,304,32,32,0,69,-242,0,0,100,0,256,64,32,80,0,37,-231,0,0,100,0,240,64,16,48,0,20,-217,0,0,30,0,0,336,160,144,0,26,-197,0,0,100,0,192,0,64,48,0,135,-175,0,1,80,0,144,304,32,32,0,114,-171,0,0,100,0,192,208,64,80,0,82,-105,0,0,100,0,192,192,16,16,0,66,-108,0,0,100,0,192,176,16,16,0,73,-120,0,0,100,0,192,128,48,32,0,89,-167,0,0,100,0,416,48,27,48,0,105,-165,0,0,100,0,304,32,11,32,0,69,-117,0,0,100,0,192,96,32,16,0,94,-134,0,0,100,0,256,0,32,32,0,93,-119,0,0,100,0,192,112,32,16,0,47,-121,0,0,100,0,224,160,32,16,0,93,-193,0,0,100,0,0,256,64,32,0,127,-122,0,0,100,0,64,256,48,32,0,72,-117,0,0,100,0,48,304,48,32,0,93,-117,0,0,100,0,80,288,32,16,0,67,-116,0,0,100,0,48,288,32,16,0,29,-186,0,0,100,0,0,288,48,48,0,32,-159,0,0,100,0,192,48,48,48,0,102,-173,0,0,100,0,288,64,16,48,0,125,-163,0,0,100,0,224,192,16,16,0,0,-256,0,0,100,0,0,0,192,256,0,0,-256,0,0,100,0,544,344,192,256,0,
0,29,0,-256,0,0,100,0,352,344,192,256,0,60,-210,0,1,100,0,112,256,48,48,0,28,-207,0,1,70,0,112,304,32,32,0,69,-242,0,0,100,0,256,64,32,80,0,37,-231,0,0,100,0,240,64,16,48,0,20,-217,0,0,30,0,0,336,160,144,0,26,-197,0,0,100,0,192,0,64,48,0,135,-175,0,1,100,0,144,304,32,32,0,114,-171,0,0,100,0,192,208,64,80,0,82,-105,0,0,100,0,192,192,16,16,0,66,-108,0,0,100,0,192,176,16,16,0,73,-120,0,0,100,0,192,128,48,32,0,69,-117,0,0,100,0,192,96,32,16,0,94,-134,0,0,100,0,256,0,32,32,0,91,-170,0,0,100,0,384,48,26,48,0,107,-169,0,0,100,0,304,32,10,32,0,93,-119,0,0,100,0,192,112,32,16,0,47,-121,0,0,100,0,224,160,32,16,0,93,-193,0,0,100,0,0,256,64,32,0,127,-122,0,0,100,0,64,256,48,32,0,72,-117,0,0,100,0,48,304,48,32,0,93,-117,0,0,100,0,80,288,32,16,0,67,-116,0,0,100,0,48,288,32,16,0,29,-186,0,0,100,0,0,288,48,48,0,32,-159,0,0,100,0,192,48,48,48,0,102,-173,0,0,100,0,288,64,16,48,0,125,-163,0,0,100,0,240,192,16,16,0,0,-256,0,0,100,0,0,0,192,256,0,0,-256,0,0,100,0,544,344,192,256,0,
0,30,0,-256,0,0,100,0,352,344,192,256,0,60,-210,0,1,80,0,112,256,48,48,0,28,-207,0,1,70,0,112,304,32,32,0,69,-242,0,0,100,0,256,64,32,80,0,37,-231,0,0,100,0,240,64,16,48,0,20,-217,0,0,30,0,0,336,160,144,0,26,-197,0,0,100,0,192,0,64,48,0,135,-175,0,1,100,0,144,304,32,32,0,114,-171,0,0,100,0,192,208,64,80,0,82,-105,0,0,100,0,192,192,16,16,0,66,-108,0,0,100,0,192,176,16,16,0,73,-120,0,0,100,0,192,128,48,32,0,69,-117,0,0,100,0,192,96,32,16,0,94,-134,0,0,100,0,256,0,32,32,0,93,-119,0,0,100,0,192,112,32,16,0,47,-121,0,0,100,0,224,160,32,16,0,93,-193,0,0,100,0,0,256,64,32,0,127,-122,0,0,100,0,64,256,48,32,0,72,-117,0,0,100,0,48,304,48,32,0,93,-117,0,0,100,0,80,288,32,16,0,67,-116,0,0,100,0,48,288,32,16,0,29,-186,0,0,100,0,0,288,48,48,0,32,-159,0,0,100,0,192,48,48,48,0,93,-174,0,0,100,0,416,48,23,48,0,109,-173,0,0,100,0,304,32,6,32,0,94,-178,0,0,100,0,256,176,32,48,0,102,-170,0,0,70,0,304,73,16,39,0,125,-163,0,0,100,0,224,192,16,16,0,0,-256,0,0,100,0,0,0,192,256,0,0,-256,0,0,100,0,544,344,192,256,0,
0,29,0,-256,0,0,100,0,352,344,192,256,0,60,-210,0,1,70,0,112,256,48,48,0,28,-207,0,1,80,0,112,304,32,32,0,69,-242,0,0,100,0,256,64,32,80,0,37,-231,0,0,100,0,240,64,16,48,0,20,-217,0,0,30,0,0,336,160,144,0,26,-197,0,0,100,0,192,0,64,48,0,135,-175,0,1,100,0,144,304,32,32,0,114,-171,0,0,100,0,192,208,64,80,0,82,-105,0,0,100,0,192,192,16,16,0,66,-108,0,0,100,0,192,176,16,16,0,73,-120,0,0,100,0,192,128,48,32,0,69,-117,0,0,100,0,192,96,32,16,0,94,-134,0,0,100,0,256,0,32,32,0,93,-119,0,0,100,0,192,112,32,16,0,47,-121,0,0,100,0,224,160,32,16,0,93,-193,0,0,100,0,0,256,64,32,0,127,-122,0,0,100,0,64,256,48,32,0,72,-117,0,0,100,0,48,304,48,32,0,93,-117,0,0,100,0,80,288,32,16,0,67,-116,0,0,100,0,48,288,32,16,0,29,-186,0,0,100,0,0,288,48,48,0,32,-159,0,0,100,0,192,48,48,48,0,94,-178,0,0,100,0,256,176,32,48,0,101,-178,0,0,50,0,448,48,14,48,0,102,-170,0,0,70,0,304,73,16,39,0,125,-163,0,0,100,0,208,192,16,16,0,0,-256,0,0,100,0,0,0,192,256,0,0,-256,0,0,100,0,544,344,192,256,0,
0,28,0,-256,0,0,100,0,352,344,192,256,0,60,-210,0,1,70,0,112,256,48,48,0,28,-207,0,1,100,0,112,304,32,32,0,69,-242,0,0,100,0,256,64,32,80,0,37,-231,0,0,100,0,240,64,16,48,0,20,-217,0,0,30,0,0,336,160,144,0,26,-197,0,0,100,0,192,0,64,48,0,135,-175,0,1,80,0,144,304,32,32,0,114,-171,0,0,100,0,192,208,64,80,0,82,-105,0,0,100,0,192,192,16,16,0,66,-108,0,0,100,0,192,176,16,16,0,73,-120,0,0,100,0,192,128,48,32,0,69,-117,0,0,100,0,192,96,32,16,0,94,-134,0,0,100,0,256,0,32,32,0,93,-119,0,0,100,0,192,112,32,16,0,47,-121,0,0,100,0,224,160,32,16,0,93,-193,0,0,100,0,0,256,64,32,0,127,-122,0,0,100,0,64,256,48,32,0,72,-117,0,0,100,0,48,304,48,32,0,93,-117,0,0,100,0,80,288,32,16,0,67,-116,0,0,100,0,48,288,32,16,0,29,-186,0,0,100,0,0,288,48,48,0,32,-159,0,0,100,0,192,48,48,48,0,94,-178,0,0,100,0,256,176,32,48,0,102,-170,0,0,70,0,304,73,16,39,0,125,-163,0,0,100,0,224,192,16,16,0,0,-256,0,0,100,0,0,0,192,256,0,0,-256,0,0,100,0,544,344,192,256,0,
0,28,0,-256,0,0,100,0,352,344,192,256,0,60,-210,0,1,70,0,112,256,48,48,0,28,-207,0,1,100,0,112,304,32,32,0,69,-242,0,0,100,0,256,64,32,80,0,37,-231,0,0,100,0,240,64,16,48,0,20,-217,0,0,30,0,0,336,160,144,0,26,-197,0,0,100,0,192,0,64,48,0,135,-175,0,1,70,0,144,304,32,32,0,114,-171,0,0,100,0,192,208,64,80,0,82,-105,0,0,100,0,192,192,16,16,0,66,-108,0,0,100,0,192,176,16,16,0,73,-120,0,0,100,0,192,128,48,32,0,69,-117,0,0,100,0,192,96,32,16,0,94,-134,0,0,100,0,256,0,32,32,0,93,-119,0,0,100,0,192,112,32,16,0,47,-121,0,0,100,0,224,160,32,16,0,93,-193,0,0,100,0,0,256,64,32,0,127,-122,0,0,100,0,64,256,48,32,0,72,-117,0,0,100,0,48,304,48,32,0,93,-117,0,0,100,0,80,288,32,16,0,67,-116,0,0,100,0,48,288,32,16,0,29,-186,0,0,100,0,0,288,48,48,0,32,-159,0,0,100,0,192,48,48,48,0,94,-178,0,0,100,0,256,176,32,48,0,102,-170,0,0,70,0,304,73,16,39,0,125,-163,0,0,100,0,240,192,16,16,0,0,-256,0,0,100,0,0,0,192,256,0,0,-256,0,0,100,0,544,344,192,256,0,
0,28,0,-256,0,0,100,0,352,344,192,256,0,60,-210,0,1,80,0,112,256,48,48,0,28,-207,0,1,100,0,112,304,32,32,0,69,-242,0,0,100,0,256,64,32,80,0,37,-231,0,0,100,0,240,64,16,48,0,20,-217,0,0,30,0,0,336,160,144,0,26,-197,0,0,100,0,192,0,64,48,0,135,-175,0,1,80,0,144,304,32,32,0,114,-171,0,0,100,0,192,208,64,80,0,82,-105,0,0,100,0,192,192,16,16,0,66,-108,0,0,100,0,192,176,16,16,0,73,-120,0,0,100,0,192,128,48,32,0,69,-117,0,0,100,0,192,96,32,16,0,94,-134,0,0,100,0,256,0,32,32,0,93,-119,0,0,100,0,192,112,32,16,0,47,-121,0,0,100,0,224,160,32,16,0,93,-193,0,0,100,0,0,256,64,32,0,127,-122,0,0,100,0,64,256,48,32,0,72,-117,0,0,100,0,48,304,48,32,0,93,-117,0,0,100,0,80,288,32,16,0,67,-116,0,0,100,0,48,288,32,16,0,29,-186,0,0,100,0,0,288,48,48,0,32,-159,0,0,100,0,192,48,48,48,0,94,-178,0,0,100,0,256,176,32,48,0,102,-170,0,0,70,0,304,73,16,39,0,125,-163,0,0,100,0,224,192,16,16,0,0,-256,0,0,100,0,0,0,192,256,0,0,-256,0,0,100,0,544,344,192,256,0,
0,28,0,-256,0,0,100,0,352,344,192,256,0,60,-210,0,1,100,0,112,256,48,48,0,28,-207,0,1,100,0,112,304,32,32,0,69,-242,0,0,100,0,256,64,32,80,0,37,-231,0,0,100,0,240,64,16,48,0,20,-217,0,0,30,0,0,336,160,144,0,26,-197,0,0,100,0,192,0,64,48,0,135,-175,0,1,100,0,144,304,32,32,0,114,-171,0,0,100,0,192,208,64,80,0,82,-105,0,0,100,0,192,192,16,16,0,66,-108,0,0,100,0,192,176,16,16,0,73,-120,0,0,100,0,192,128,48,32,0,69,-117,0,0,100,0,192,96,32,16,0,94,-134,0,0,100,0,256,0,32,32,0,93,-119,0,0,100,0,192,112,32,16,0,47,-121,0,0,100,0,224,160,32,16,0,93,-193,0,0,100,0,0,256,64,32,0,127,-122,0,0,100,0,64,256,48,32,0,72,-117,0,0,100,0,48,304,48,32,0,93,-117,0,0,100,0,80,288,32,16,0,67,-116,0,0,100,0,48,288,32,16,0,29,-186,0,0,100,0,0,288,48,48,0,32,-159,0,0,100,0,192,48,48,48,0,94,-178,0,0,100,0,256,176,32,48,0,102,-170,0,0,70,0,304,73,16,39,0,125,-163,0,0,100,0,208,192,16,16,0,0,-256,0,0,100,0,0,0,192,256,0,0,-256,0,0,100,0,544,344,192,256,0,
0,28,0,-256,0,0,100,0,352,344,192,256,0,60,-210,0,1,100,0,112,256,48,48,0,28,-207,0,1,100,0,112,304,32,32,0,69,-242,0,0,100,0,256,64,32,80,0,37,-231,0,0,100,0,240,64,16,48,0,20,-217,0,0,30,0,0,336,160,144,0,26,-197,0,0,100,0,192,0,64,48,0,135,-175,0,1,100,0,144,304,32,32,0,114,-171,0,0,100,0,192,208,64,80,0,82,-105,0,0,100,0,192,192,16,16,0,66,-108,0,0,100,0,192,176,16,16,0,73,-120,0,0,100,0,192,128,48,32,0,69,-117,0,0,100,0,192,96,32,16,0,94,-134,0,0,100,0,256,0,32,32,0,93,-119,0,0,100,0,192,112,32,16,0,47,-121,0,0,100,0,224,160,32,16,0,93,-193,0,0,100,0,0,256,64,32,0,127,-122,0,0,100,0,64,256,48,32,0,72,-117,0,0,100,0,48,304,48,32,0,93,-117,0,0,100,0,80,288,32,16,0,67,-116,0,0,100,0,48,288,32,16,0,29,-186,0,0,100,0,0,288,48,48,0,32,-159,0,0,100,0,192,48,48,48,0,94,-178,0,0,100,0,256,176,32,48,0,102,-170,0,0,70,0,304,73,16,39,0,125,-163,0,0,100,0,224,192,16,16,0,0,-256,0,0,100,0,0,0,192,256,0,0,-256,0,0,100,0,544,344,192,256,0,
0,28,0,-256,0,0,100,0,352,344,192,256,0,60,-210,0,1,100,0,112,256,48,48,0,28,-207,0,1,80,0,112,304,32,32,0,69,-242,0,0,100,0,256,64,32,80,0,37,-231,0,0,100,0,240,64,16,48,0,20,-217,0,0,30,0,0,336,160,144,0,26,-197,0,0,100,0,192,0,64,48,0,135,-175,0,1,100,0,144,304,32,32,0,114,-171,0,0,100,0,192,208,64,80,0,82,-105,0,0,100,0,192,192,16,16,0,66,-108,0,0,100,0,192,176,16,16,0,73,-120,0,0,100,0,192,128,48,32,0,69,-117,0,0,100,0,192,96,32,16,0,94,-134,0,0,100,0,256,0,32,32,0,93,-119,0,0,100,0,192,112,32,16,0,47,-121,0,0,100,0,224,160,32,16,0,93,-193,0,0,100,0,0,256,64,32,0,127,-122,0,0,100,0,64,256,48,32,0,72,-117,0,0,100,0,48,304,48,32,0,93,-117,0,0,100,0,80,288,32,16,0,67,-116,0,0,100,0,48,288,32,16,0,29,-186,0,0,100,0,0,288,48,48,0,32,-159,0,0,100,0,192,48,48,48,0,94,-178,0,0,100,0,256,176,32,48,0,102,-170,0,0,70,0,304,73,16,39,0,125,-163,0,0,100,0,240,192,16,16,0,0,-256,0,0,100,0,0,0,192,256,0,0,-256,0,0,100,0,544,344,192,256,0,
0,28,0,-256,0,0,100,0,352,344,192,256,0,60,-210,0,1,100,0,112,256,48,48,0,28,-207,0,1,70,0,112,304,32,32,0,69,-242,0,0,100,0,256,64,32,80,0,37,-231,0,0,100,0,240,64,16,48,0,20,-217,0,0,30,0,0,336,160,144,0,26,-197,0,0,100,0,192,0,64,48,0,135,-175,0,1,80,0,144,304,32,32,0,114,-171,0,0,100,0,192,208,64,80,0,82,-105,0,0,100,0,192,192,16,16,0,66,-108,0,0,100,0,192,176,16,16,0,73,-120,0,0,100,0,192,128,48,32,0,69,-117,0,0,100,0,192,96,32,16,0,94,-134,0,0,100,0,256,0,32,32,0,93,-119,0,0,100,0,192,112,32,16,0,47,-121,0,0,100,0,224,160,32,16,0,93,-193,0,0,100,0,0,256,64,32,0,127,-122,0,0,100,0,64,256,48,32,0,72,-117,0,0,100,0,48,304,48,32,0,93,-117,0,0,100,0,80,288,32,16,0,67,-116,0,0,100,0,48,288,32,16,0,29,-186,0,0,100,0,0,288,48,48,0,32,-159,0,0,100,0,192,48,48,48,0,94,-178,0,0,100,0,256,176,32,48,0,102,-170,0,0,70,0,304,73,16,39,0,125,-163,0,0,100,0,224,192,16,16,0,0,-256,0,0,100,0,0,0,192,256,0,0,-256,0,0,100,0,544,344,192,256,0,
0,30,0,-256,0,0,100,0,352,344,192,256,0,60,-210,0,1,100,0,112,256,48,48,0,28,-207,0,1,70,0,112,304,32,32,0,69,-242,0,0,100,0,256,64,32,80,0,37,-231,0,0,100,0,240,64,16,48,0,20,-217,0,0,30,0,0,336,160,144,0,26,-197,0,0,100,0,192,0,64,48,0,135,-175,0,1,70,0,144,304,32,32,0,114,-171,0,0,100,0,192,208,64,80,0,82,-105,0,0,100,0,192,192,16,16,0,66,-108,0,0,100,0,192,176,16,16,0,73,-120,0,0,100,0,192,128,48,32,0,69,-117,0,0,100,0,192,96,32,16,0,94,-134,0,0,100,0,256,0,32,32,0,93,-119,0,0,100,0,192,112,32,16,0,47,-121,0,0,100,0,224,160,32,16,0,93,-193,0,0,100,0,0,256,64,32,0,127,-122,0,0,100,0,64,256,48,32,0,72,-117,0,0,100,0,48,304,48,32,0,93,-117,0,0,100,0,80,288,32,16,0,67,-116,0,0,100,0,48,288,32,16,0,29,-186,0,0,100,0,0,288,48,48,0,32,-159,0,0,100,0,192,48,48,48,0,103,-166,0,0,70,0,256,32,13,32,0,94,-178,0,0,100,0,256,176,32,48,0,101,-174,0,0,70,0,512,48,15,48,0,102,-170,0,0,70,0,304,73,16,39,0,125,-163,0,0,100,0,208,192,16,16,0,0,-256,0,0,100,0,0,0,192,256,0,0,-256,0,0,100,0,544,344,192,256,0,
0,30,0,-256,0,0,100,0,352,344,192,256,0,60,-210,0,1,80,0,112,256,48,48,0,28,-207,0,1,70,0,112,304,32,32,0,69,-242,0,0,100,0,256,64,32,80,0,37,-231,0,0,100,0,240,64,16,48,0,20,-217,0,0,30,0,0,336,160,144,0,26,-197,0,0,100,0,192,0,64,48,0,135,-175,0,1,80,0,144,304,32,32,0,114,-171,0,0,100,0,192,208,64,80,0,82,-105,0,0,100,0,192,192,16,16,0,66,-108,0,0,100,0,192,176,16,16,0,73,-120,0,0,100,0,192,128,48,32,0,69,-117,0,0,100,0,192,96,32,16,0,94,-134,0,0,100,0,256,0,32,32,0,93,-119,0,0,100,0,192,112,32,16,0,47,-121,0,0,100,0,224,160,32,16,0,93,-193,0,0,100,0,0,256,64,32,0,127,-122,0,0,100,0,64,256,48,32,0,72,-117,0,0,100,0,48,304,48,32,0,93,-117,0,0,100,0,80,288,32,16,0,67,-116,0,0,100,0,48,288,32,16,0,29,-186,0,0,100,0,0,288,48,48,0,32,-159,0,0,100,0,192,48,48,48,0,100,-164,0,0,90,0,256,32,16,32,0,94,-178,0,0,100,0,256,176,32,48,0,98,-171,0,0,90,0,480,48,18,48,0,102,-170,0,0,70,0,304,73,16,39,0,125,-163,0,0,100,0,224,192,16,16,0,0,-256,0,0,100,0,0,0,192,256,0,0,-256,0,0,100,0,544,344,192,256,0,
0,30,0,-256,0,0,100,0,352,344,192,256,0,60,-210,0,1,70,0,112,256,48,48,0,28,-207,0,1,80,0,112,304,32,32,0,69,-242,0,0,100,0,256,64,32,80,0,37,-231,0,0,100,0,240,64,16,48,0,20,-217,0,0,30,0,0,336,160,144,0,26,-197,0,0,100,0,192,0,64,48,0,135,-175,0,1,100,0,144,304,32,32,0,114,-171,0,0,100,0,192,208,64,80,0,82,-105,0,0,100,0,192,192,16,16,0,66,-108,0,0,100,0,192,176,16,16,0,73,-120,0,0,100,0,192,128,48,32,0,69,-117,0,0,100,0,192,96,32,16,0,94,-134,0,0,100,0,256,0,32,32,0,93,-119,0,0,100,0,192,112,32,16,0,47,-121,0,0,100,0,224,160,32,16,0,93,-193,0,0,100,0,0,256,64,32,0,127,-122,0,0,100,0,64,256,48,32,0,72,-117,0,0,100,0,48,304,48,32,0,93,-117,0,0,100,0,80,288,32,16,0,67,-116,0,0,100,0,48,288,32,16,0,29,-186,0,0,100,0,0,288,48,48,0,32,-159,0,0,100,0,192,48,48,48,0,95,-162,0,0,100,0,256,32,16,32,0,93,-170,0,0,100,0,512,48,22,48,0,94,-178,0,0,100,0,256,176,32,48,0,102,-170,0,0,70,0,304,73,16,39,0,125,-163,0,0,100,0,240,192,16,16,0,0,-256,0,0,100,0,0,0,192,256,0,0,-256,0,0,100,0,544,344,192,256,0,
0,30,0,-256,0,0,100,0,352,344,192,256,0,60,-210,0,1,70,0,112,256,48,48,0,28,-207,0,1,100,0,112,304,32,32,0,69,-242,0,0,100,0,256,64,32,80,0,37,-231,0,0,100,0,240,64,16,48,0,20,-217,0,0,30,0,0,336,160,144,0,26,-197,0,0,100,0,192,0,64,48,0,135,-175,0,1,100,0,144,304,32,32,0,114,-171,0,0,100,0,192,208,64,80,0,82,-105,0,0,100,0,192,192,16,16,0,66,-108,0,0,100,0,192,176,16,16,0,73,-120,0,0,100,0,192,128,48,32,0,69,-117,0,0,100,0,192,96,32,16,0,94,-134,0,0,100,0,256,0,32,32,0,93,-119,0,0,100,0,192,112,32,16,0,47,-121,0,0,100,0,224,160,32,16,0,93,-193,0,0,100,0,0,256,64,32,0,127,-122,0,0,100,0,64,256,48,32,0,72,-117,0,0,100,0,48,304,48,32,0,93,-117,0,0,100,0,80,288,32,16,0,67,-116,0,0,100,0,48,288,32,16,0,29,-186,0,0,100,0,0,288,48,48,0,32,-159,0,0,100,0,192,48,48,48,0,93,-159,0,0,100,0,256,32,16,32,0,91,-166,0,0,100,0,544,48,24,48,0,94,-178,0,0,100,0,256,176,32,48,0,102,-170,0,0,70,0,304,73,16,39,0,125,-163,0,0,100,0,224,192,16,16,0,0,-256,0,0,100,0,0,0,192,256,0,0,-256,0,0,100,0,544,344,192,256,0,
0,29,0,-256,0,0,100,0,352,344,192,256,0,60,-210,0,1,70,0,112,256,48,48,0,28,-207,0,1,100,0,112,304,32,32,0,69,-242,0,0,100,0,256,64,32,80,0,37,-231,0,0,100,0,240,64,16,48,0,20,-217,0,0,30,0,0,336,160,144,0,26,-197,0,0,100,0,192,0,64,48,0,135,-175,0,1,100,0,144,304,32,32,0,114,-171,0,0,100,0,192,208,64,80,0,82,-105,0,0,100,0,192,192,16,16,0,66,-108,0,0,100,0,192,176,16,16,0,73,-120,0,0,100,0,192,128,48,32,0,69,-117,0,0,100,0,192,96,32,16,0,94,-134,0,0,100,0,256,0,32,32,0,93,-119,0,0,100,0,192,112,32,16,0,47,-121,0,0,100,0,224,160,32,16,0,93,-193,0,0,100,0,0,256,64,32,0,127,-122,0,0,100,0,64,256,48,32,0,72,-117,0,0,100,0,48,304,48,32,0,93,-117,0,0,100,0,80,288,32,16,0,67,-116,0,0,100,0,48,288,32,16,0,29,-186,0,0,100,0,0,288,48,48,0,32,-159,0,0,100,0,192,48,48,48,0,90,-152,0,0,100,0,256,32,16,32,0,88,-160,0,0,100,0,512,48,32,48,0,102,-173,0,0,100,0,288,64,16,48,0,125,-163,0,0,100,0,208,192,16,16,0,0,-256,0,0,100,0,0,0,192,256,0,0,-256,0,0,100,0,544,344,192,256,0,
0,29,0,-256,0,0,100,0,352,344,192,256,0,60,-210,0,1,80,0,112,256,48,48,0,28,-207,0,1,100,0,112,304,32,32,0,69,-242,0,0,100,0,256,64,32,80,0,37,-231,0,0,100,0,240,64,16,48,0,20,-217,0,0,30,0,0,336,160,144,0,26,-197,0,0,100,0,192,0,64,48,0,135,-175,0,1,80,0,144,304,32,32,0,114,-171,0,0,100,0,192,208,64,80,0,82,-105,0,0,100,0,192,192,16,16,0,66,-108,0,0,100,0,192,176,16,16,0,73,-120,0,0,100,0,192,128,48,32,0,69,-117,0,0,100,0,192,96,32,16,0,94,-134,0,0,100,0,256,0,32,32,0,93,-119,0,0,100,0,192,112,32,16,0,47,-121,0,0,100,0,224,160,32,16,0,93,-193,0,0,100,0,0,256,64,32,0,127,-122,0,0,100,0,64,256,48,32,0,72,-117,0,0,100,0,48,304,48,32,0,93,-117,0,0,100,0,80,288,32,16,0,67,-116,0,0,100,0,48,288,32,16,0,29,-186,0,0,100,0,0,288,48,48,0,32,-159,0,0,100,0,192,48,48,48,0,88,-149,0,0,100,0,256,32,16,32,0,86,-157,0,0,100,0,480,48,32,48,0,102,-173,0,0,100,0,288,64,16,48,0,125,-163,0,0,100,0,224,192,16,16,0,0,-256,0,0,100,0,0,0,192,256,0,0,-256,0,0,100,0,544,344,192,256,0,
0,29,0,-256,0,0,100,0,352,344,192,256,0,60,-210,0,1,100,0,112,256,48,48,0,28,-207,0,1,100,0,112,304,32,32,0,69,-242,0,0,100,0,256,64,32,80,0,37,-231,0,0,100,0,240,64,16,48,0,20,-217,0,0,30,0,0,336,160,144,0,26,-197,0,0,100,0,192,0,64,48,0,135,-175,0,1,70,0,144,304,32,32,0,114,-171,0,0,100,0,192,208,64,80,0,82,-105,0,0,100,0,192,192,16,16,0,66,-108,0,0,100,0,192,176,16,16,0,73,-120,0,0,100,0,192,128,48,32,0,69,-117,0,0,100,0,192,96,32,16,0,94,-134,0,0,100,0,256,0,32,32,0,93,-119,0,0,100,0,192,112,32,16,0,47,-121,0,0,100,0,224,160,32,16,0,93,-193,0,0,100,0,0,256,64,32,0,127,-122,0,0,100,0,64,256,48,32,0,72,-117,0,0,100,0,48,304,48,32,0,93,-117,0,0,100,0,80,288,32,16,0,67,-116,0,0,100,0,48,288,32,16,0,29,-186,0,0,100,0,0,288,48,48,0,32,-159,0,0,100,0,192,48,48,48,0,86,-144,0,0,100,0,256,32,16,32,0,84,-152,0,0,100,0,512,48,32,48,0,102,-173,0,0,100,0,288,64,16,48,0,125,-163,0,0,100,0,240,192,16,16,0,0,-256,0,0,100,0,0,0,192,256,0,0,-256,0,0,100,0,544,344,192,256,0,
0,29,0,-256,0,0,100,0,352,344,192,256,0,60,-210,0,1,100,0,112,256,48,48,0,28,-207,0,1,100,0,112,304,32,32,0,69,-242,0,0,100,0,256,64,32,80,0,37,-231,0,0,100,0,240,64,16,48,0,20,-217,0,0,30,0,0,336,160,144,0,26,-197,0,0,100,0,192,0,64,48,0,135,-175,0,1,80,0,144,304,32,32,0,114,-171,0,0,100,0,192,208,64,80,0,82,-105,0,0,100,0,192,192,16,16,0,66,-108,0,0,100,0,192,176,16,16,0,73,-120,0,0,100,0,192,128,48,32,0,69,-117,0,0,100,0,192,96,32,16,0,94,-134,0,0,100,0,256,0,32,32,0,93,-119,0,0,100,0,192,112,32,16,0,47,-121,0,0,100,0,224,160,32,16,0,93,-193,0,0,100,0,0,256,64,32,0,127,-122,0,0,100,0,64,256,48,32,0,72,-117,0,0,100,0,48,304,48,32,0,93,-117,0,0,100,0,80,288,32,16,0,67,-116,0,0,100,0,48,288,32,16,0,29,-186,0,0,100,0,0,288,48,48,0,32,-159,0,0,100,0,192,48,48,48,0,85,-141,0,0,100,0,256,32,16,32,0,83,-148,0,0,100,0,544,48,32,48,0,102,-173,0,0,100,0,288,64,16,48,0,125,-163,0,0,100,0,224,192,16,16,0,0,-256,0,0,100,0,0,0,192,256,0,0,-256,0,0,100,0,544,344,192,256,0,
0,30,0,-256,0,0,100,0,352,344,192,256,0,60,-210,0,1,100,0,112,256,48,48,0,28,-207,0,1,80,0,112,304,32,32,0,69,-242,0,0,100,0,256,64,32,80,0,37,-231,0,0,100,0,240,64,16,48,0,20,-217,0,0,30,0,0,336,160,144,0,26,-197,0,0,100,0,192,0,64,48,0,135,-175,0,1,100,0,144,304,32,32,0,114,-171,0,0,100,0,192,208,64,80,0,82,-105,0,0,100,0,192,192,16,16,0,66,-108,0,0,100,0,192,176,16,16,0,73,-120,0,0,100,0,192,128,48,32,0,69,-117,0,0,100,0,192,96,32,16,0,87,-140,0,0,100,0,256,32,16,32,0,94,-117,0,0,100,0,256,17,32,15,0,93,-119,0,0,100,0,192,112,32,16,0,78,-148,0,0,100,0,608,144,32,48,0,94,-134,0,0,100,0,256,0,32,32,0,47,-121,0,0,100,0,224,160,32,16,0,93,-193,0,0,100,0,0,256,64,32,0,127,-122,0,0,100,0,64,256,48,32,0,72,-117,0,0,100,0,48,304,48,32,0,93,-117,0,0,100,0,80,288,32,16,0,67,-116,0,0,100,0,48,288,32,16,0,29,-186,0,0,100,0,0,288,48,48,0,32,-159,0,0,100,0,192,48,48,48,0,102,-173,0,0,100,0,288,64,16,48,0,125,-163,0,0,100,0,208,192,16,16,0,0,-256,0,0,100,0,0,0,192,256,0,0,-256,0,0,100,0,544,344,192,256,0,
0,29,0,-256,0,0,100,0,352,344,192,256,0,60,-210,0,1,100,0,112,256,48,48,0,28,-207,0,1,70,0,112,304,32,32,0,69,-242,0,0,100,0,256,64,32,80,0,37,-231,0,0,100,0,240,64,16,48,0,20,-217,0,0,30,0,0,336,160,144,0,26,-197,0,0,100,0,192,0,64,48,0,135,-175,0,1,100,0,144,304,32,32,0,114,-171,0,0,100,0,192,208,64,80,0,82,-105,0,0,100,0,192,192,16,16,0,66,-108,0,0,100,0,192,176,16,16,0,86,-131,0,0,100,0,256,32,16,32,0,78,-148,0,0,100,0,640,144,32,48,0,73,-120,0,0,100,0,192,128,48,32,0,69,-117,0,0,100,0,192,96,32,16,0,94,-134,0,0,100,0,256,0,32,32,0,93,-119,0,0,100,0,192,112,32,16,0,47,-121,0,0,100,0,224,160,32,16,0,93,-193,0,0,100,0,0,256,64,32,0,127,-122,0,0,100,0,64,256,48,32,0,72,-117,0,0,100,0,48,304,48,32,0,93,-117,0,0,100,0,80,288,32,16,0,67,-116,0,0,100,0,48,288,32,16,0,29,-186,0,0,100,0,0,288,48,48,0,32,-159,0,0,100,0,192,48,48,48,0,102,-173,0,0,100,0,288,64,16,48,0,125,-163,0,0,100,0,224,192,16,16,0,0,-256,0,0,100,0,0,0,192,256,0,0,-256,0,0,100,0,544,344,192,256,0,
0,29,0,-256,0,0,100,0,352,344,192,256,0,60,-210,0,1,100,0,112,256,48,48,0,28,-207,0,1,70,0,112,304,32,32,0,69,-242,0,0,100,0,256,64,32,80,0,37,-231,0,0,100,0,240,64,16,48,0,20,-217,0,0,30,0,0,336,160,144,0,26,-197,0,0,100,0,192,0,64,48,0,135,-175,0,1,100,0,144,304,32,32,0,114,-171,0,0,100,0,192,208,64,80,0,82,-105,0,0,100,0,192,192,16,16,0,66,-108,0,0,100,0,192,176,16,16,0,86,-131,0,0,100,0,256,32,16,32,0,78,-148,0,0,100,0,640,144,32,48,0,73,-120,0,0,100,0,192,128,48,32,0,69,-117,0,0,100,0,192,96,32,16,0,94,-134,0,0,100,0,256,0,32,32,0,93,-119,0,0,100,0,192,112,32,16,0,47,-121,0,0,100,0,224,160,32,16,0,93,-193,0,0,100,0,0,256,64,32,0,127,-122,0,0,100,0,64,256,48,32,0,72,-117,0,0,100,0,48,304,48,32,0,93,-117,0,0,100,0,80,288,32,16,0,67,-116,0,0,100,0,48,288,32,16,0,29,-186,0,0,100,0,0,288,48,48,0,32,-159,0,0,100,0,192,48,48,48,0,102,-173,0,0,100,0,288,64,16,48,0,125,-163,0,0,100,0,240,192,16,16,0,0,-256,0,0,100,0,0,0,192,256,0,0,-256,0,0,100,0,544,344,192,256,0,
0,29,0,-256,0,0,100,0,352,344,192,256,0,60,-210,0,1,80,0,112,256,48,48,0,28,-207,0,1,70,0,112,304,32,32,0,69,-242,0,0,100,0,256,64,32,80,0,37,-231,0,0,100,0,240,64,16,48,0,20,-217,0,0,30,0,0,336,160,144,0,26,-197,0,0,100,0,192,0,64,48,0,135,-175,0,1,80,0,144,304,32,32,0,114,-171,0,0,100,0,192,208,64,80,0,82,-105,0,0,100,0,192,192,16,16,0,66,-108,0,0,100,0,192,176,16,16,0,86,-131,0,0,100,0,256,32,16,32,0,73,-120,0,0,100,0,192,128,48,32,0,78,-148,0,0,100,0,480,144,32,48,0,69,-117,0,0,100,0,192,96,32,16,0,94,-134,0,0,100,0,256,0,32,32,0,93,-119,0,0,100,0,192,112,32,16,0,47,-121,0,0,100,0,224,160,32,16,0,93,-193,0,0,100,0,0,256,64,32,0,127,-122,0,0,100,0,64,256,48,32,0,72,-117,0,0,100,0,48,304,48,32,0,93,-117,0,0,100,0,80,288,32,16,0,67,-116,0,0,100,0,48,288,32,16,0,29,-186,0,0,100,0,0,288,48,48,0,32,-159,0,0,100,0,192,48,48,48,0,102,-173,0,0,100,0,288,64,16,48,0,125,-163,0,0,100,0,224,192,16,16,0,0,-256,0,0,100,0,0,0,192,256,0,0,-256,0,0,100,0,544,344,192,256,0,
0,29,0,-256,0,0,100,0,352,344,192,256,0,60,-210,0,1,70,0,112,256,48,48,0,28,-207,0,1,80,0,112,304,32,32,0,69,-242,0,0,100,0,256,64,32,80,0,37,-231,0,0,100,0,240,64,16,48,0,20,-217,0,0,30,0,0,336,160,144,0,26,-197,0,0,100,0,192,0,64,48,0,135,-175,0,1,70,0,144,304,32,32,0,114,-171,0,0,100,0,192,208,64,80,0,82,-105,0,0,100,0,192,192,16,16,0,66,-108,0,0,100,0,192,176,16,16,0,86,-131,0,0,100,0,256,32,16,32,0,73,-120,0,0,100,0,192,128,48,32,0,78,-148,0,0,100,0,480,144,32,48,0,69,-117,0,0,100,0,192,96,32,16,0,94,-134,0,0,100,0,256,0,32,32,0,93,-119,0,0,100,0,192,112,32,16,0,47,-121,0,0,100,0,224,160,32,16,0,93,-193,0,0,100,0,0,256,64,32,0,127,-122,0,0,100,0,64,256,48,32,0,72,-117,0,0,100,0,48,304,48,32,0,93,-117,0,0,100,0,80,288,32,16,0,67,-116,0,0,100,0,48,288,32,16,0,29,-186,0,0,100,0,0,288,48,48,0,32,-159,0,0,100,0,192,48,48,48,0,102,-173,0,0,100,0,288,64,16,48,0,125,-163,0,0,100,0,208,192,16,16,0,0,-256,0,0,100,0,0,0,192,256,0,0,-256,0,0,100,0,544,344,192,256,0,
0,29,0,-256,0,0,100,0,352,344,192,256,0,60,-210,0,1,70,0,112,256,48,48,0,28,-207,0,1,100,0,112,304,32,32,0,69,-242,0,0,100,0,256,64,32,80,0,37,-231,0,0,100,0,240,64,16,48,0,20,-217,0,0,30,0,0,336,160,144,0,26,-197,0,0,100,0,192,0,64,48,0,135,-175,0,1,80,0,144,304,32,32,0,114,-171,0,0,100,0,192,208,64,80,0,82,-105,0,0,100,0,192,192,16,16,0,66,-108,0,0,100,0,192,176,16,16,0,86,-131,0,0,100,0,256,32,16,32,0,73,-120,0,0,100,0,192,128,48,32,0,69,-117,0,0,100,0,192,96,32,16,0,94,-134,0,0,100,0,256,0,32,32,0,93,-119,0,0,100,0,192,112,32,16,0,79,-148,0,0,100,0,384,144,32,48,0,47,-121,0,0,100,0,224,160,32,16,0,93,-193,0,0,100,0,0,256,64,32,0,127,-122,0,0,100,0,64,256,48,32,0,72,-117,0,0,100,0,48,304,48,32,0,93,-117,0,0,100,0,80,288,32,16,0,67,-116,0,0,100,0,48,288,32,16,0,29,-186,0,0,100,0,0,288,48,48,0,32,-159,0,0,100,0,192,48,48,48,0,102,-173,0,0,100,0,288,64,16,48,0,125,-163,0,0,100,0,224,192,16,16,0,0,-256,0,0,100,0,0,0,192,256,0,0,-256,0,0,100,0,544,344,192,256,0,
0,29,0,-256,0,0,100,0,352,344,192,256,0,60,-210,0,1,70,0,112,256,48,48,0,28,-207,0,1,100,0,112,304,32,32,0,69,-242,0,0,100,0,256,64,32,80,0,37,-231,0,0,100,0,240,64,16,48,0,20,-217,0,0,30,0,0,336,160,144,0,26,-197,0,0,100,0,192,0,64,48,0,135,-175,0,1,100,0,144,304,32,32,0,114,-171,0,0,100,0,192,208,64,80,0,82,-105,0,0,100,0,192,192,16,16,0,66,-108,0,0,100,0,192,176,16,16,0,86,-131,0,0,100,0,256,32,16,32,0,73,-120,0,0,100,0,192,128,48,32,0,69,-117,0,0,100,0,192,96,32,16,0,75,-149,0,0,100,0,384,144,32,48,0,94,-134,0,0,100,0,256,0,32,32,0,93,-119,0,0,100,0,192,112,32,16,0,47,-121,0,0,100,0,224,160,32,16,0,93,-193,0,0,100,0,0,256,64,32,0,127,-122,0,0,100,0,64,256,48,32,0,72,-117,0,0,100,0,48,304,48,32,0,93,-117,0,0,100,0,80,288,32,16,0,67,-116,0,0,100,0,48,288,32,16,0,29,-186,0,0,100,0,0,288,48,48,0,32,-159,0,0,100,0,192,48,48,48,0,102,-173,0,0,100,0,288,64,16,48,0,125,-163,0,0,100,0,240,192,16,16,0,0,-256,0,0,100,0,0,0,192,256,0,0,-256,0,0,100,0,544,344,192,256,0,
0,29,0,-256,0,0,100,0,352,344,192,256,0,60,-210,0,1,80,0,112,256,48,48,0,28,-207,0,1,100,0,112,304,32,32,0,69,-242,0,0,100,0,256,64,32,80,0,37,-231,0,0,100,0,240,64,16,48,0,20,-217,0,0,30,0,0,336,160,144,0,26,-197,0,0,100,0,192,0,64,48,0,135,-175,0,1,100,0,144,304,32,32,0,114,-171,0,0,100,0,192,208,64,80,0,82,-105,0,0,100,0,192,192,16,16,0,66,-108,0,0,100,0,192,176,16,16,0,86,-131,0,0,100,0,256,32,16,32,0,73,-120,0,0,100,0,192,128,48,32,0,69,-117,0,0,100,0,192,96,32,16,0,71,-150,0,0,100,0,416,144,32,48,0,94,-134,0,0,100,0,256,0,32,32,0,93,-119,0,0,100,0,192,112,32,16,0,47,-121,0,0,100,0,224,160,32,16,0,93,-193,0,0,100,0,0,256,64,32,0,127,-122,0,0,100,0,64,256,48,32,0,72,-117,0,0,100,0,48,304,48,32,0,93,-117,0,0,100,0,80,288,32,16,0,67,-116,0,0,100,0,48,288,32,16,0,29,-186,0,0,100,0,0,288,48,48,0,32,-159,0,0,100,0,192,48,48,48,0,102,-173,0,0,100,0,288,64,16,48,0,125,-163,0,0,100,0,224,192,16,16,0,0,-256,0,0,100,0,0,0,192,256,0,0,-256,0,0,100,0,544,344,192,256,0,
0,29,0,-256,0,0,100,0,352,344,192,256,0,60,-210,0,1,100,0,112,256,48,48,0,28,-207,0,1,100,0,112,304,32,32,0,69,-242,0,0,100,0,256,64,32,80,0,37,-231,0,0,100,0,240,64,16,48,0,20,-217,0,0,30,0,0,336,160,144,0,26,-197,0,0,100,0,192,0,64,48,0,135,-175,0,1,100,0,144,304,32,32,0,114,-171,0,0,100,0,192,208,64,80,0,82,-105,0,0,100,0,192,192,16,16,0,66,-108,0,0,100,0,192,176,16,16,0,86,-131,0,0,100,0,256,32,16,32,0,73,-120,0,0,100,0,192,128,48,32,0,69,-117,0,0,100,0,192,96,32,16,0,68,-150,0,0,100,0,384,144,32,48,0,94,-134,0,0,100,0,256,0,32,32,0,93,-119,0,0,100,0,192,112,32,16,0,47,-121,0,0,100,0,224,160,32,16,0,93,-193,0,0,100,0,0,256,64,32,0,127,-122,0,0,100,0,64,256,48,32,0,72,-117,0,0,100,0,48,304,48,32,0,93,-117,0,0,100,0,80,288,32,16,0,67,-116,0,0,100,0,48,288,32,16,0,29,-186,0,0,100,0,0,288,48,48,0,32,-159,0,0,100,0,192,48,48,48,0,102,-173,0,0,100,0,288,64,16,48,0,125,-163,0,0,100,0,208,192,16,16,0,0,-256,0,0,100,0,0,0,192,256,0,0,-256,0,0,100,0,544,344,192,256,0,
0,29,0,-256,0,0,100,0,352,344,192,256,0,60,-210,0,1,100,0,112,256,48,48,0,28,-207,0,1,100,0,112,304,32,32,0,69,-242,0,0,100,0,256,64,32,80,0,37,-231,0,0,100,0,240,64,16,48,0,20,-217,0,0,30,0,0,336,160,144,0,26,-197,0,0,100,0,192,0,64,48,0,135,-175,0,1,80,0,144,304,32,32,0,114,-171,0,0,100,0,192,208,64,80,0,82,-105,0,0,100,0,192,192,16,16,0,66,-108,0,0,100,0,192,176,16,16,0,86,-131,0,0,100,0,256,32,16,32,0,73,-120,0,0,100,0,192,128,48,32,0,69,-117,0,0,100,0,192,96,32,16,0,64,-152,0,0,100,0,448,144,32,48,0,94,-134,0,0,100,0,256,0,32,32,0,93,-119,0,0,100,0,192,112,32,16,0,47,-121,0,0,100,0,224,160,32,16,0,93,-193,0,0,100,0,0,256,64,32,0,127,-122,0,0,100,0,64,256,48,32,0,72,-117,0,0,100,0,48,304,48,32,0,93,-117,0,0,100,0,80,288,32,16,0,67,-116,0,0,100,0,48,288,32,16,0,29,-186,0,0,100,0,0,288,48,48,0,32,-159,0,0,100,0,192,48,48,48,0,102,-173,0,0,100,0,288,64,16,48,0,125,-163,0,0,100,0,224,192,16,16,0,0,-256,0,0,100,0,0,0,192,256,0,0,-256,0,0,100,0,544,344,192,256,0,
0,29,0,-256,0,0,100,0,352,344,192,256,0,60,-210,0,1,100,0,112,256,48,48,0,28,-207,0,1,80,0,112,304,32,32,0,69,-242,0,0,100,0,256,64,32,80,0,37,-231,0,0,100,0,240,64,16,48,0,20,-217,0,0,30,0,0,336,160,144,0,26,-197,0,0,100,0,192,0,64,48,0,135,-175,0,1,70,0,144,304,32,32,0,114,-171,0,0,100,0,192,208,64,80,0,82,-105,0,0,100,0,192,192,16,16,0,66,-108,0,0,100,0,192,176,16,16,0,86,-131,0,0,100,0,256,32,16,32,0,73,-120,0,0,100,0,192,128,48,32,0,69,-117,0,0,100,0,192,96,32,16,0,59,-153,0,0,100,0,384,144,32,48,0,94,-134,0,0,100,0,256,0,32,32,0,93,-119,0,0,100,0,192,112,32,16,0,47,-121,0,0,100,0,224,160,32,16,0,93,-193,0,0,100,0,0,256,64,32,0,127,-122,0,0,100,0,64,256,48,32,0,72,-117,0,0,100,0,48,304,48,32,0,93,-117,0,0,100,0,80,288,32,16,0,67,-116,0,0,100,0,48,288,32,16,0,29,-186,0,0,100,0,0,288,48,48,0,32,-159,0,0,100,0,192,48,48,48,0,102,-173,0,0,100,0,288,64,16,48,0,125,-163,0,0,100,0,240,192,16,16,0,0,-256,0,0,100,0,0,0,192,256,0,0,-256,0,0,100,0,544,344,192,256,0,
0,29,0,-256,0,0,100,0,352,344,192,256,0,60,-210,0,1,100,0,112,256,48,48,0,28,-207,0,1,70,0,112,304,32,32,0,69,-242,0,0,100,0,256,64,32,80,0,37,-231,0,0,100,0,240,64,16,48,0,20,-217,0,0,30,0,0,336,160,144,0,26,-197,0,0,100,0,192,0,64,48,0,135,-175,0,1,80,0,144,304,32,32,0,114,-171,0,0,100,0,192,208,64,80,0,82,-105,0,0,100,0,192,192,16,16,0,66,-108,0,0,100,0,192,176,16,16,0,86,-131,0,0,100,0,256,32,16,32,0,73,-120,0,0,100,0,192,128,48,32,0,69,-117,0,0,100,0,192,96,32,16,0,59,-153,0,0,100,0,480,0,32,48,0,94,-134,0,0,100,0,256,0,32,32,0,93,-119,0,0,100,0,192,112,32,16,0,47,-121,0,0,100,0,224,160,32,16,0,93,-193,0,0,100,0,0,256,64,32,0,127,-122,0,0,100,0,64,256,48,32,0,72,-117,0,0,100,0,48,304,48,32,0,93,-117,0,0,100,0,80,288,32,16,0,67,-116,0,0,100,0,48,288,32,16,0,29,-186,0,0,100,0,0,288,48,48,0,32,-159,0,0,100,0,192,48,48,48,0,102,-173,0,0,100,0,288,64,16,48,0,125,-163,0,0,100,0,224,192,16,16,0,0,-256,0,0,100,0,0,0,192,256,0,0,-256,0,0,100,0,544,344,192,256,0,
0,29,0,-256,0,0,100,0,352,344,192,256,0,60,-210,0,1,100,0,112,256,48,48,0,28,-207,0,1,70,0,112,304,32,32,0,69,-242,0,0,100,0,256,64,32,80,0,37,-231,0,0,100,0,240,64,16,48,0,20,-217,0,0,30,0,0,336,160,144,0,26,-197,0,0,100,0,192,0,64,48,0,135,-175,0,1,100,0,144,304,32,32,0,114,-171,0,0,100,0,192,208,64,80,0,82,-105,0,0,100,0,192,192,16,16,0,66,-108,0,0,100,0,192,176,16,16,0,86,-131,0,0,100,0,256,32,16,32,0,73,-120,0,0,100,0,192,128,48,32,0,69,-117,0,0,100,0,192,96,32,16,0,59,-153,0,0,100,0,480,0,32,48,0,94,-134,0,0,100,0,256,0,32,32,0,93,-119,0,0,100,0,192,112,32,16,0,47,-121,0,0,100,0,224,160,32,16,0,93,-193,0,0,100,0,0,256,64,32,0,127,-122,0,0,100,0,64,256,48,32,0,72,-117,0,0,100,0,48,304,48,32,0,93,-117,0,0,100,0,80,288,32,16,0,67,-116,0,0,100,0,48,288,32,16,0,29,-186,0,0,100,0,0,288,48,48,0,32,-159,0,0,100,0,192,48,48,48,0,102,-173,0,0,100,0,288,64,16,48,0,125,-163,0,0,100,0,208,192,16,16,0,0,-256,0,0,100,0,0,0,192,256,0,0,-256,0,0,100,0,544,344,192,256,0,
0,29,0,-256,0,0,100,0,352,344,192,256,0,60,-210,0,1,80,0,112,256,48,48,0,28,-207,0,1,70,0,112,304,32,32,0,69,-242,0,0,100,0,256,64,32,80,0,37,-231,0,0,100,0,240,64,16,48,0,20,-217,0,0,30,0,0,336,160,144,0,26,-197,0,0,100,0,192,0,64,48,0,135,-175,0,1,100,0,144,304,32,32,0,114,-171,0,0,100,0,192,208,64,80,0,82,-105,0,0,100,0,192,192,16,16,0,66,-108,0,0,100,0,192,176,16,16,0,86,-131,0,0,100,0,256,32,16,32,0,73,-120,0,0,100,0,192,128,48,32,0,69,-117,0,0,100,0,192,96,32,16,0,59,-153,0,0,100,0,480,0,32,48,0,94,-134,0,0,100,0,256,0,32,32,0,93,-119,0,0,100,0,192,112,32,16,0,47,-121,0,0,100,0,224,160,32,16,0,93,-193,0,0,100,0,0,256,64,32,0,127,-122,0,0,100,0,64,256,48,32,0,72,-117,0,0,100,0,48,304,48,32,0,93,-117,0,0,100,0,80,288,32,16,0,67,-116,0,0,100,0,48,288,32,16,0,29,-186,0,0,100,0,0,288,48,48,0,32,-159,0,0,100,0,192,48,48,48,0,102,-173,0,0,100,0,288,64,16,48,0,125,-163,0,0,100,0,224,192,16,16,0,0,-256,0,0,100,0,0,0,192,256,0,0,-256,0,0,100,0,544,344,192,256,0,
0,29,0,-256,0,0,100,0,352,344,192,256,0,60,-210,0,1,70,0,112,256,48,48,0,28,-207,0,1,80,0,112,304,32,32,0,69,-242,0,0,100,0,256,64,32,80,0,37,-231,0,0,100,0,240,64,16,48,0,20,-217,0,0,30,0,0,336,160,144,0,26,-197,0,0,100,0,192,0,64,48,0,135,-175,0,1,100,0,144,304,32,32,0,114,-171,0,0,100,0,192,208,64,80,0,82,-105,0,0,100,0,192,192,16,16,0,66,-108,0,0,100,0,192,176,16,16,0,86,-131,0,0,100,0,256,32,16,32,0,73,-120,0,0,100,0,192,128,48,32,0,69,-117,0,0,100,0,192,96,32,16,0,59,-153,0,0,100,0,512,0,32,48,0,94,-134,0,0,100,0,256,0,32,32,0,93,-119,0,0,100,0,192,112,32,16,0,47,-121,0,0,100,0,224,160,32,16,0,93,-193,0,0,100,0,0,256,64,32,0,127,-122,0,0,100,0,64,256,48,32,0,72,-117,0,0,100,0,48,304,48,32,0,93,-117,0,0,100,0,80,288,32,16,0,67,-116,0,0,100,0,48,288,32,16,0,29,-186,0,0,100,0,0,288,48,48,0,32,-159,0,0,100,0,192,48,48,48,0,102,-173,0,0,100,0,288,64,16,48,0,125,-163,0,0,100,0,240,192,16,16,0,0,-256,0,0,100,0,0,0,192,256,0,0,-256,0,0,100,0,544,344,192,256,0,
0,30,0,-256,0,0,100,0,352,344,192,256,0,60,-210,0,1,70,0,112,256,48,48,0,28,-207,0,1,100,0,112,304,32,32,0,69,-242,0,0,100,0,256,64,32,80,0,37,-231,0,0,100,0,240,64,16,48,0,20,-217,0,0,30,0,0,336,160,144,0,26,-197,0,0,100,0,192,0,64,48,0,135,-175,0,1,80,0,144,304,32,32,0,114,-171,0,0,100,0,192,208,64,80,0,82,-105,0,0,100,0,192,192,16,16,0,66,-108,0,0,100,0,192,176,16,16,0,86,-131,0,0,100,0,256,32,16,32,0,73,-120,0,0,100,0,192,128,48,32,0,69,-117,0,0,100,0,192,96,32,16,0,60,-125,0,0,100,0,368,64,16,16,0,59,-153,0,0,100,0,512,0,32,48,0,94,-134,0,0,100,0,256,0,32,32,0,93,-119,0,0,100,0,192,112,32,16,0,47,-121,0,0,100,0,256,160,32,16,0,93,-193,0,0,100,0,0,256,64,32,0,127,-122,0,0,100,0,64,256,48,32,0,72,-117,0,0,100,0,48,304,48,32,0,93,-117,0,0,100,0,80,288,32,16,0,67,-116,0,0,100,0,48,288,32,16,0,29,-186,0,0,100,0,0,288,48,48,0,32,-159,0,0,100,0,192,48,48,48,0,102,-173,0,0,100,0,288,64,16,48,0,125,-163,0,0,100,0,224,192,16,16,0,0,-256,0,0,100,0,0,0,192,256,0,0,-256,0,0,100,0,544,344,192,256,0,
0,30,0,-256,0,0,100,0,352,344,192,256,0,60,-210,0,1,80,0,112,256,48,48,0,28,-207,0,1,100,0,112,304,32,32,0,69,-242,0,0,100,0,256,64,32,80,0,37,-231,0,0,100,0,240,64,16,48,0,20,-217,0,0,30,0,0,336,160,144,0,26,-197,0,0,100,0,192,0,64,48,0,135,-175,0,1,70,0,144,304,32,32,0,114,-171,0,0,100,0,192,208,64,80,0,82,-105,0,0,100,0,192,192,16,16,0,66,-108,0,0,100,0,192,176,16,16,0,86,-131,0,0,100,0,256,32,16,32,0,73,-120,0,0,100,0,192,128,48,32,0,69,-117,0,0,100,0,192,96,32,16,0,63,-128,0,0,100,0,368,64,16,16,0,59,-153,0,0,100,0,480,0,32,48,0,94,-134,0,0,100,0,256,0,32,32,0,93,-119,0,0,100,0,192,112,32,16,0,47,-121,0,0,100,0,256,160,32,16,0,93,-193,0,0,100,0,0,256,64,32,0,127,-122,0,0,100,0,64,256,48,32,0,72,-117,0,0,100,0,48,304,48,32,0,93,-117,0,0,100,0,80,288,32,16,0,67,-116,0,0,100,0,48,288,32,16,0,29,-186,0,0,100,0,0,288,48,48,0,32,-159,0,0,100,0,192,48,48,48,0,102,-173,0,0,100,0,288,64,16,48,0,125,-163,0,0,100,0,208,192,16,16,0,0,-256,0,0,100,0,0,0,192,256,0,0,-256,0,0,100,0,544,344,192,256,0,
0,30,0,-256,0,0,100,0,352,344,192,256,0,60,-210,0,1,100,0,112,256,48,48,0,28,-207,0,1,100,0,112,304,32,32,0,69,-242,0,0,100,0,256,64,32,80,0,37,-231,0,0,100,0,240,64,16,48,0,20,-217,0,0,30,0,0,336,160,144,0,26,-197,0,0,100,0,192,0,64,48,0,135,-175,0,1,80,0,144,304,32,32,0,114,-171,0,0,100,0,192,208,64,80,0,82,-105,0,0,100,0,192,192,16,16,0,66,-108,0,0,100,0,192,176,16,16,0,86,-131,0,0,100,0,256,32,16,32,0,73,-120,0,0,100,0,192,128,48,32,0,69,-117,0,0,100,0,192,96,32,16,0,72,-130,0,0,100,0,368,64,16,16,0,59,-153,0,0,100,0,448,0,32,48,0,94,-134,0,0,100,0,256,0,32,32,0,93,-119,0,0,100,0,192,112,32,16,0,47,-121,0,0,100,0,256,160,32,16,0,93,-193,0,0,100,0,0,256,64,32,0,127,-122,0,0,100,0,64,256,48,32,0,72,-117,0,0,100,0,48,304,48,32,0,93,-117,0,0,100,0,80,288,32,16,0,67,-116,0,0,100,0,48,288,32,16,0,29,-186,0,0,100,0,0,288,48,48,0,32,-159,0,0,100,0,192,48,48,48,0,102,-173,0,0,100,0,288,64,16,48,0,125,-163,0,0,100,0,224,192,16,16,0,0,-256,0,0,100,0,0,0,192,256,0,0,-256,0,0,100,0,544,344,192,256,0,
0,30,0,-256,0,0,100,0,352,344,192,256,0,60,-210,0,1,100,0,112,256,48,48,0,28,-207,0,1,100,0,112,304,32,32,0,69,-242,0,0,100,0,256,64,32,80,0,37,-231,0,0,100,0,240,64,16,48,0,20,-217,0,0,30,0,0,336,160,144,0,26,-197,0,0,100,0,192,0,64,48,0,135,-175,0,1,100,0,144,304,32,32,0,114,-171,0,0,100,0,192,208,64,80,0,82,-105,0,0,100,0,192,192,16,16,0,66,-108,0,0,100,0,192,176,16,16,0,86,-131,0,0,100,0,256,32,16,32,0,73,-120,0,0,100,0,192,128,48,32,0,69,-117,0,0,100,0,192,96,32,16,0,72,-130,0,0,100,0,368,64,16,16,0,59,-153,0,0,100,0,448,0,32,48,0,94,-134,0,0,100,0,256,0,32,32,0,93,-119,0,0,100,0,192,112,32,16,0,47,-121,0,0,100,0,256,160,32,16,0,93,-193,0,0,100,0,0,256,64,32,0,127,-122,0,0,100,0,64,256,48,32,0,72,-117,0,0,100,0,48,304,48,32,0,93,-117,0,0,100,0,80,288,32,16,0,67,-116,0,0,100,0,48,288,32,16,0,29,-186,0,0,100,0,0,288,48,48,0,32,-159,0,0,100,0,192,48,48,48,0,102,-173,0,0,100,0,288,64,16,48,0,125,-163,0,0,100,0,240,192,16,16,0,0,-256,0,0,100,0,0,0,192,256,0,0,-256,0,0,100,0,544,344,192,256,0,
0,30,0,-256,0,0,100,0,352,344,192,256,0,60,-210,0,1,100,0,112,256,48,48,0,28,-207,0,1,100,0,112,304,32,32,0,69,-242,0,0,100,0,256,64,32,80,0,37,-231,0,0,100,0,240,64,16,48,0,20,-217,0,0,30,0,0,336,160,144,0,26,-197,0,0,100,0,192,0,64,48,0,135,-175,0,1,100,0,144,304,32,32,0,114,-171,0,0,100,0,192,208,64,80,0,82,-105,0,0,100,0,192,192,16,16,0,66,-108,0,0,100,0,192,176,16,16,0,86,-131,0,0,100,0,256,32,16,32,0,73,-120,0,0,100,0,192,128,48,32,0,69,-117,0,0,100,0,192,96,32,16,0,73,-131,0,0,100,0,368,64,16,16,0,59,-153,0,0,100,0,480,144,32,48,0,94,-134,0,0,100,0,256,0,32,32,0,93,-119,0,0,100,0,192,112,32,16,0,47,-121,0,0,100,0,256,160,32,16,0,93,-193,0,0,100,0,0,256,64,32,0,127,-122,0,0,100,0,64,256,48,32,0,72,-117,0,0,100,0,48,304,48,32,0,93,-117,0,0,100,0,80,288,32,16,0,67,-116,0,0,100,0,48,288,32,16,0,29,-186,0,0,100,0,0,288,48,48,0,32,-159,0,0,100,0,192,48,48,48,0,102,-173,0,0,100,0,288,64,16,48,0,125,-163,0,0,100,0,224,192,16,16,0,0,-256,0,0,100,0,0,0,192,256,0,0,-256,0,0,100,0,544,344,192,256,0,
0,30,0,-256,0,0,100,0,352,344,192,256,0,60,-210,0,1,100,0,112,256,48,48,0,28,-207,0,1,80,0,112,304,32,32,0,69,-242,0,0,100,0,256,64,32,80,0,37,-231,0,0,100,0,240,64,16,48,0,20,-217,0,0,30,0,0,336,160,144,0,26,-197,0,0,100,0,192,0,64,48,0,135,-175,0,1,100,0,144,304,32,32,0,114,-171,0,0,100,0,192,208,64,80,0,82,-105,0,0,100,0,192,192,16,16,0,66,-108,0,0,100,0,192,176,16,16,0,86,-131,0,0,100,0,256,32,16,32,0,73,-120,0,0,100,0,192,128,48,32,0,69,-117,0,0,100,0,192,96,32,16,0,75,-133,0,0,100,0,368,64,16,16,0,59,-153,0,0,100,0,384,0,32,48,0,94,-134,0,0,100,0,256,0,32,32,0,93,-119,0,0,100,0,192,112,32,16,0,47,-121,0,0,100,0,256,160,32,16,0,93,-193,0,0,100,0,0,256,64,32,0,127,-122,0,0,100,0,64,256,48,32,0,72,-117,0,0,100,0,48,304,48,32,0,93,-117,0,0,100,0,80,288,32,16,0,67,-116,0,0,100,0,48,288,32,16,0,29,-186,0,0,100,0,0,288,48,48,0,32,-159,0,0,100,0,192,48,48,48,0,102,-173,0,0,100,0,288,64,16,48,0,125,-163,0,0,100,0,208,192,16,16,0,0,-256,0,0,100,0,0,0,192,256,0,0,-256,0,0,100,0,544,344,192,256,0,
0,30,0,-256,0,0,100,0,352,344,192,256,0,60,-210,0,1,100,0,112,256,48,48,0,28,-207,0,1,70,0,112,304,32,32,0,69,-242,0,0,100,0,256,64,32,80,0,37,-231,0,0,100,0,240,64,16,48,0,20,-217,0,0,30,0,0,336,160,144,0,26,-197,0,0,100,0,192,0,64,48,0,135,-175,0,1,80,0,144,304,32,32,0,114,-171,0,0,100,0,192,208,64,80,0,82,-105,0,0,100,0,192,192,16,16,0,66,-108,0,0,100,0,192,176,16,16,0,86,-131,0,0,100,0,256,32,16,32,0,73,-120,0,0,100,0,192,128,48,32,0,69,-117,0,0,100,0,192,96,32,16,0,78,-131,0,0,100,0,368,64,16,16,0,61,-152,0,0,100,0,576,144,32,48,0,94,-134,0,0,100,0,256,0,32,32,0,93,-119,0,0,100,0,192,112,32,16,0,47,-121,0,0,100,0,256,160,32,16,0,93,-193,0,0,100,0,0,256,64,32,0,127,-122,0,0,100,0,64,256,48,32,0,72,-117,0,0,100,0,48,304,48,32,0,93,-117,0,0,100,0,80,288,32,16,0,67,-116,0,0,100,0,48,288,32,16,0,29,-186,0,0,100,0,0,288,48,48,0,32,-159,0,0,100,0,192,48,48,48,0,102,-173,0,0,100,0,288,64,16,48,0,125,-163,0,0,100,0,224,192,16,16,0,0,-256,0,0,100,0,0,0,192,256,0,0,-256,0,0,100,0,544,344,192,256,0,
0,30,0,-256,0,0,100,0,352,344,192,256,0,60,-210,0,1,80,0,112,256,48,48,0,28,-207,0,1,70,0,112,304,32,32,0,69,-242,0,0,100,0,256,64,32,80,0,37,-231,0,0,100,0,240,64,16,48,0,20,-217,0,0,30,0,0,336,160,144,0,26,-197,0,0,100,0,192,0,64,48,0,135,-175,0,1,70,0,144,304,32,32,0,114,-171,0,0,100,0,192,208,64,80,0,82,-105,0,0,100,0,192,192,16,16,0,66,-108,0,0,100,0,192,176,16,16,0,86,-131,0,0,100,0,256,32,16,32,0,73,-120,0,0,100,0,192,128,48,32,0,69,-117,0,0,100,0,192,96,32,16,0,80,-127,0,0,100,0,368,64,16,16,0,64,-147,0,0,100,0,512,144,32,48,0,94,-134,0,0,100,0,256,0,32,32,0,93,-119,0,0,100,0,192,112,32,16,0,47,-121,0,0,100,0,256,160,32,16,0,93,-193,0,0,100,0,0,256,64,32,0,127,-122,0,0,100,0,64,256,48,32,0,72,-117,0,0,100,0,48,304,48,32,0,93,-117,0,0,100,0,80,288,32,16,0,67,-116,0,0,100,0,48,288,32,16,0,29,-186,0,0,100,0,0,288,48,48,0,32,-159,0,0,100,0,192,48,48,48,0,102,-173,0,0,100,0,288,64,16,48,0,125,-163,0,0,100,0,240,192,16,16,0,0,-256,0,0,100,0,0,0,192,256,0,0,-256,0,0,100,0,544,344,192,256,0,
0,30,0,-256,0,0,100,0,352,344,192,256,0,60,-210,0,1,70,0,112,256,48,48,0,28,-207,0,1,70,0,112,304,32,32,0,69,-242,0,0,100,0,256,64,32,80,0,37,-231,0,0,100,0,240,64,16,48,0,20,-217,0,0,30,0,0,336,160,144,0,26,-197,0,0,100,0,192,0,64,48,0,135,-175,0,1,80,0,144,304,32,32,0,114,-171,0,0,100,0,192,208,64,80,0,82,-105,0,0,100,0,192,192,16,16,0,66,-108,0,0,100,0,192,176,16,16,0,86,-131,0,0,100,0,256,32,16,32,0,73,-120,0,0,100,0,192,128,48,32,0,84,-127,0,0,100,0,368,64,16,16,0,68,-147,0,0,100,0,544,144,32,48,0,69,-117,0,0,100,0,192,96,32,16,0,94,-134,0,0,100,0,256,0,32,32,0,93,-119,0,0,100,0,192,112,32,16,0,47,-121,0,0,100,0,256,160,32,16,0,93,-193,0,0,100,0,0,256,64,32,0,127,-122,0,0,100,0,64,256,48,32,0,72,-117,0,0,100,0,48,304,48,32,0,93,-117,0,0,100,0,80,288,32,16,0,67,-116,0,0,100,0,48,288,32,16,0,29,-186,0,0,100,0,0,288,48,48,0,32,-159,0,0,100,0,192,48,48,48,0,102,-173,0,0,100,0,288,64,16,48,0,125,-163,0,0,100,0,224,192,16,16,0,0,-256,0,0,100,0,0,0,192,256,0,0,-256,0,0,100,0,544,344,192,256,0,
0,30,0,-256,0,0,100,0,352,344,192,256,0,60,-210,0,1,70,0,112,256,48,48,0,28,-207,0,1,80,0,112,304,32,32,0,69,-242,0,0,100,0,256,64,32,80,0,37,-231,0,0,100,0,240,64,16,48,0,20,-217,0,0,30,0,0,336,160,144,0,26,-197,0,0,100,0,192,0,64,48,0,135,-175,0,1,100,0,144,304,32,32,0,114,-171,0,0,100,0,192,208,64,80,0,82,-105,0,0,100,0,192,192,16,16,0,66,-108,0,0,100,0,192,176,16,16,0,86,-131,0,0,100,0,256,32,16,32,0,73,-120,0,0,100,0,192,128,48,32,0,85,-126,0,0,100,0,368,64,16,16,0,69,-146,0,0,100,0,512,144,32,48,0,69,-117,0,0,100,0,192,96,32,16,0,94,-134,0,0,100,0,256,0,32,32,0,93,-119,0,0,100,0,192,112,32,16,0,47,-121,0,0,100,0,256,160,32,16,0,93,-193,0,0,100,0,0,256,64,32,0,127,-122,0,0,100,0,64,256,48,32,0,72,-117,0,0,100,0,48,304,48,32,0,93,-117,0,0,100,0,80,288,32,16,0,67,-116,0,0,100,0,48,288,32,16,0,29,-186,0,0,100,0,0,288,48,48,0,32,-159,0,0,100,0,192,48,48,48,0,102,-173,0,0,100,0,288,64,16,48,0,125,-163,0,0,100,0,208,192,16,16,0,0,-256,0,0,100,0,0,0,192,256,0,0,-256,0,0,100,0,544,344,192,256,0,
0,30,0,-256,0,0,100,0,352,344,192,256,0,60,-210,0,1,70,0,112,256,48,48,0,28,-207,0,1,100,0,112,304,32,32,0,69,-242,0,0,100,0,256,64,32,80,0,37,-231,0,0,100,0,240,64,16,48,0,20,-217,0,0,30,0,0,336,160,144,0,26,-197,0,0,100,0,192,0,64,48,0,135,-175,0,1,100,0,144,304,32,32,0,114,-171,0,0,100,0,192,208,64,80,0,82,-105,0,0,100,0,192,192,16,16,0,66,-108,0,0,100,0,192,176,16,16,0,86,-131,0,0,100,0,256,32,16,32,0,73,-120,0,0,100,0,192,128,48,32,0,85,-126,0,0,100,0,368,64,16,16,0,69,-146,0,0,100,0,512,144,32,48,0,69,-117,0,0,100,0,192,96,32,16,0,94,-134,0,0,100,0,256,0,32,32,0,93,-119,0,0,100,0,192,112,32,16,0,47,-121,0,0,100,0,256,160,32,16,0,93,-193,0,0,100,0,0,256,64,32,0,127,-122,0,0,100,0,64,256,48,32,0,72,-117,0,0,100,0,48,304,48,32,0,93,-117,0,0,100,0,80,288,32,16,0,67,-116,0,0,100,0,48,288,32,16,0,29,-186,0,0,100,0,0,288,48,48,0,32,-159,0,0,100,0,192,48,48,48,0,102,-173,0,0,100,0,288,64,16,48,0,125,-163,0,0,100,0,224,192,16,16,0,0,-256,0,0,100,0,0,0,192,256,0,0,-256,0,0,100,0,544,344,192,256,0,
0,30,0,-256,0,0,100,0,352,344,192,256,0,60,-210,0,1,80,0,112,256,48,48,0,28,-207,0,1,100,0,112,304,32,32,0,69,-242,0,0,100,0,256,64,32,80,0,37,-231,0,0,100,0,240,64,16,48,0,20,-217,0,0,30,0,0,336,160,144,0,26,-197,0,0,100,0,192,0,64,48,0,135,-175,0,1,100,0,144,304,32,32,0,114,-171,0,0,100,0,192,208,64,80,0,82,-105,0,0,100,0,192,192,16,16,0,66,-108,0,0,100,0,192,176,16,16,0,86,-131,0,0,100,0,256,32,16,32,0,73,-120,0,0,100,0,192,128,48,32,0,88,-131,0,0,100,0,368,64,16,16,0,69,-146,0,0,100,0,544,0,32,48,0,69,-117,0,0,100,0,192,96,32,16,0,94,-134,0,0,100,0,256,0,32,32,0,93,-119,0,0,100,0,192,112,32,16,0,47,-121,0,0,100,0,256,160,32,16,0,93,-193,0,0,100,0,0,256,64,32,0,127,-122,0,0,100,0,64,256,48,32,0,72,-117,0,0,100,0,48,304,48,32,0,93,-117,0,0,100,0,80,288,32,16,0,67,-116,0,0,100,0,48,288,32,16,0,29,-186,0,0,100,0,0,288,48,48,0,32,-159,0,0,100,0,192,48,48,48,0,102,-173,0,0,100,0,288,64,16,48,0,125,-163,0,0,100,0,240,192,16,16,0,0,-256,0,0,100,0,0,0,192,256,0,0,-256,0,0,100,0,544,344,192,256,0,
0,30,0,-256,0,0,100,0,352,344,192,256,0,60,-210,0,1,100,0,112,256,48,48,0,28,-207,0,1,100,0,112,304,32,32,0,69,-242,0,0,100,0,256,64,32,80,0,37,-231,0,0,100,0,240,64,16,48,0,20,-217,0,0,30,0,0,336,160,144,0,26,-197,0,0,100,0,192,0,64,48,0,135,-175,0,1,80,0,144,304,32,32,0,114,-171,0,0,100,0,192,208,64,80,0,82,-105,0,0,100,0,192,192,16,16,0,66,-108,0,0,100,0,192,176,16,16,0,88,-132,0,0,100,0,368,80,16,16,0,86,-131,0,0,100,0,256,32,16,32,0,73,-120,0,0,100,0,192,128,48,32,0,69,-146,0,0,100,0,544,0,32,48,0,69,-117,0,0,100,0,192,96,32,16,0,94,-134,0,0,100,0,256,0,32,32,0,93,-119,0,0,100,0,192,112,32,16,0,47,-121,0,0,100,0,256,160,32,16,0,93,-193,0,0,100,0,0,256,64,32,0,127,-122,0,0,100,0,64,256,48,32,0,72,-117,0,0,100,0,48,304,48,32,0,93,-117,0,0,100,0,80,288,32,16,0,67,-116,0,0,100,0,48,288,32,16,0,29,-186,0,0,100,0,0,288,48,48,0,32,-159,0,0,100,0,192,48,48,48,0,102,-173,0,0,100,0,288,64,16,48,0,125,-163,0,0,100,0,224,192,16,16,0,0,-256,0,0,100,0,0,0,192,256,0,0,-256,0,0,100,0,544,344,192,256,0,
0,31,0,-256,0,0,100,0,352,344,192,256,0,60,-210,0,1,100,0,112,256,48,48,0,28,-207,0,1,100,0,112,304,32,32,0,69,-242,0,0,100,0,256,64,32,80,0,37,-231,0,0,100,0,240,64,16,48,0,20,-217,0,0,30,0,0,336,160,144,0,26,-197,0,0,100,0,192,0,64,48,0,135,-175,0,1,70,0,144,304,32,32,0,114,-171,0,0,100,0,192,208,64,80,0,82,-105,0,0,100,0,192,192,16,16,0,66,-108,0,0,100,0,192,176,16,16,0,88,-132,0,0,100,0,368,80,16,16,0,86,-131,0,0,50,0,320,32,16,32,0,86,-131,0,0,100,0,256,32,16,32,0,73,-120,0,0,100,0,192,128,48,32,0,69,-146,0,0,100,0,544,0,32,48,0,69,-117,0,0,100,0,192,96,32,16,0,94,-134,0,0,100,0,256,0,32,32,0,93,-119,0,0,100,0,192,112,32,16,0,47,-121,0,0,100,0,256,160,32,16,0,93,-193,0,0,100,0,0,256,64,32,0,127,-122,0,0,100,0,64,256,48,32,0,72,-117,0,0,100,0,48,304,48,32,0,93,-117,0,0,100,0,80,288,32,16,0,67,-116,0,0,100,0,48,288,32,16,0,29,-186,0,0,100,0,0,288,48,48,0,32,-159,0,0,100,0,192,48,48,48,0,102,-173,0,0,100,0,288,64,16,48,0,125,-163,0,0,100,0,208,192,16,16,0,0,-256,0,0,100,0,0,0,192,256,0,0,-256,0,0,100,0,544,344,192,256,0,
0,31,0,-256,0,0,100,0,352,344,192,256,0,60,-210,0,1,100,0,112,256,48,48,0,28,-207,0,1,100,0,112,304,32,32,0,69,-242,0,0,100,0,256,64,32,80,0,37,-231,0,0,100,0,240,64,16,48,0,20,-217,0,0,30,0,0,336,160,144,0,26,-197,0,0,100,0,192,0,64,48,0,135,-175,0,1,80,0,144,304,32,32,0,114,-171,0,0,100,0,192,208,64,80,0,82,-105,0,0,100,0,192,192,16,16,0,66,-108,0,0,100,0,192,176,16,16,0,88,-132,0,0,100,0,368,80,16,16,0,86,-131,0,0,50,0,336,32,16,32,0,86,-131,0,0,100,0,256,32,16,32,0,73,-120,0,0,100,0,192,128,48,32,0,69,-146,0,0,100,0,544,0,32,48,0,69,-117,0,0,100,0,192,96,32,16,0,94,-134,0,0,100,0,256,0,32,32,0,93,-119,0,0,100,0,192,112,32,16,0,47,-121,0,0,100,0,256,160,32,16,0,93,-193,0,0,100,0,0,256,64,32,0,127,-122,0,0,100,0,64,256,48,32,0,72,-117,0,0,100,0,48,304,48,32,0,93,-117,0,0,100,0,80,288,32,16,0,67,-116,0,0,100,0,48,288,32,16,0,29,-186,0,0,100,0,0,288,48,48,0,32,-159,0,0,100,0,192,48,48,48,0,102,-173,0,0,100,0,288,64,16,48,0,125,-163,0,0,100,0,224,192,16,16,0,0,-256,0,0,100,0,0,0,192,256,0,0,-256,0,0,100,0,544,344,192,256,0,
0,31,0,-256,0,0,100,0,352,344,192,256,0,60,-210,0,1,100,0,112,256,48,48,0,28,-207,0,1,80,0,112,304,32,32,0,69,-242,0,0,100,0,256,64,32,80,0,37,-231,0,0,100,0,240,64,16,48,0,20,-217,0,0,30,0,0,336,160,144,0,26,-197,0,0,100,0,192,0,64,48,0,135,-175,0,1,100,0,144,304,32,32,0,114,-171,0,0,100,0,192,208,64,80,0,82,-105,0,0,100,0,192,192,16,16,0,66,-108,0,0,100,0,192,176,16,16,0,88,-132,0,0,100,0,368,80,16,16,0,86,-131,0,0,50,0,352,32,16,32,0,86,-131,0,0,100,0,256,32,16,32,0,73,-120,0,0,100,0,192,128,48,32,0,69,-146,0,0,100,0,544,0,32,48,0,69,-117,0,0,100,0,192,96,32,16,0,94,-134,0,0,100,0,256,0,32,32,0,93,-119,0,0,100,0,192,112,32,16,0,47,-121,0,0,100,0,256,160,32,16,0,93,-193,0,0,100,0,0,256,64,32,0,127,-122,0,0,100,0,64,256,48,32,0,72,-117,0,0,100,0,48,304,48,32,0,93,-117,0,0,100,0,80,288,32,16,0,67,-116,0,0,100,0,48,288,32,16,0,29,-186,0,0,100,0,0,288,48,48,0,32,-159,0,0,100,0,192,48,48,48,0,102,-173,0,0,100,0,288,64,16,48,0,125,-163,0,0,100,0,240,192,16,16,0,0,-256,0,0,100,0,0,0,192,256,0,0,-256,0,0,100,0,544,344,192,256,0,
0,31,0,-256,0,0,100,0,352,344,192,256,0,60,-210,0,1,100,0,112,256,48,48,0,28,-207,0,1,70,0,112,304,32,32,0,69,-242,0,0,100,0,256,64,32,80,0,37,-231,0,0,100,0,240,64,16,48,0,20,-217,0,0,30,0,0,336,160,144,0,26,-197,0,0,100,0,192,0,64,48,0,135,-175,0,1,100,0,144,304,32,32,0,114,-171,0,0,100,0,192,208,64,80,0,82,-105,0,0,100,0,192,192,16,16,0,66,-108,0,0,100,0,192,176,16,16,0,88,-132,0,0,100,0,368,80,16,16,0,86,-131,0,0,70,0,352,32,16,32,0,86,-131,0,0,100,0,256,32,16,32,0,73,-120,0,0,100,0,192,128,48,32,0,69,-146,0,0,100,0,544,0,32,48,0,69,-117,0,0,100,0,192,96,32,16,0,94,-134,0,0,100,0,256,0,32,32,0,93,-119,0,0,100,0,192,112,32,16,0,47,-121,0,0,100,0,256,160,32,16,0,93,-193,0,0,100,0,0,256,64,32,0,127,-122,0,0,100,0,64,256,48,32,0,72,-117,0,0,100,0,48,304,48,32,0,93,-117,0,0,100,0,80,288,32,16,0,67,-116,0,0,100,0,48,288,32,16,0,29,-186,0,0,100,0,0,288,48,48,0,32,-159,0,0,100,0,192,48,48,48,0,102,-173,0,0,100,0,288,64,16,48,0,125,-163,0,0,100,0,224,192,16,16,0,0,-256,0,0,100,0,0,0,192,256,0,0,-256,0,0,100,0,544,344,192,256,0,
0,30,0,-256,0,0,100,0,352,344,192,256,0,60,-210,0,1,80,0,112,256,48,48,0,28,-207,0,1,70,0,112,304,32,32,0,69,-242,0,0,100,0,256,64,32,80,0,37,-231,0,0,100,0,240,64,16,48,0,20,-217,0,0,30,0,0,336,160,144,0,26,-197,0,0,100,0,192,0,64,48,0,135,-175,0,1,100,0,144,304,32,32,0,114,-171,0,0,100,0,192,208,64,80,0,82,-105,0,0,100,0,192,192,16,16,0,66,-108,0,0,100,0,192,176,16,16,0,88,-132,0,0,100,0,368,80,16,16,0,86,-131,0,0,100,0,352,32,16,32,0,73,-120,0,0,100,0,192,128,48,32,0,69,-146,0,0,100,0,544,0,32,48,0,69,-117,0,0,100,0,192,96,32,16,0,94,-134,0,0,100,0,256,0,32,32,0,93,-119,0,0,100,0,192,112,32,16,0,47,-121,0,0,100,0,256,160,32,16,0,93,-193,0,0,100,0,0,256,64,32,0,127,-122,0,0,100,0,64,256,48,32,0,72,-117,0,0,100,0,48,304,48,32,0,93,-117,0,0,100,0,80,288,32,16,0,67,-116,0,0,100,0,48,288,32,16,0,29,-186,0,0,100,0,0,288,48,48,0,32,-159,0,0,100,0,192,48,48,48,0,102,-173,0,0,100,0,288,64,16,48,0,125,-163,0,0,100,0,208,192,16,16,0,0,-256,0,0,100,0,0,0,192,256,0,0,-256,0,0,100,0,544,344,192,256,0,
0,31,0,-256,0,0,100,0,352,344,192,256,0,60,-210,0,1,70,0,112,256,48,48,0,28,-207,0,1,70,0,112,304,32,32,0,69,-242,0,0,100,0,256,64,32,80,0,37,-231,0,0,100,0,240,64,16,48,0,20,-217,0,0,30,0,0,336,160,144,0,26,-197,0,0,100,0,192,0,64,48,0,135,-175,0,1,80,0,144,304,32,32,0,114,-171,0,0,100,0,192,208,64,80,0,82,-105,0,0,100,0,192,192,16,16,0,66,-108,0,0,100,0,192,176,16,16,0,76,-142,0,0,100,0,304,224,32,32,0,86,-131,0,0,100,0,352,32,16,32,0,73,-120,0,0,100,0,192,128,48,32,0,88,-131,0,0,100,0,368,64,16,16,0,69,-146,0,0,100,0,544,0,32,48,0,69,-117,0,0,100,0,192,96,32,16,0,94,-134,0,0,100,0,256,0,32,32,0,93,-119,0,0,100,0,192,112,32,16,0,47,-121,0,0,100,0,256,160,32,16,0,93,-193,0,0,100,0,0,256,64,32,0,127,-122,0,0,100,0,64,256,48,32,0,72,-117,0,0,100,0,48,304,48,32,0,93,-117,0,0,100,0,80,288,32,16,0,67,-116,0,0,100,0,48,288,32,16,0,29,-186,0,0,100,0,0,288,48,48,0,32,-159,0,0,100,0,192,48,48,48,0,102,-173,0,0,100,0,288,64,16,48,0,125,-163,0,0,100,0,224,192,16,16,0,0,-256,0,0,100,0,0,0,192,256,0,0,-256,0,0,100,0,544,344,192,256,0,
0,33,0,-256,0,0,100,0,352,344,192,256,0,60,-210,0,1,70,0,112,256,48,48,0,28,-207,0,1,80,0,112,304,32,32,0,69,-242,0,0,100,0,256,64,32,80,0,37,-231,0,0,100,0,240,64,16,48,0,20,-217,0,0,30,0,0,336,160,144,0,26,-197,0,0,100,0,192,0,64,48,0,135,-175,0,1,70,0,144,304,32,32,0,114,-171,0,0,100,0,192,208,64,80,0,82,-105,0,0,100,0,192,192,16,16,0,66,-108,0,0,100,0,192,176,16,16,0,80,-143,0,1,100,0,224,304,16,16,0,93,-137,0,1,100,0,272,288,16,16,0,78,-147,0,0,100,0,336,224,32,32,0,86,-131,0,0,100,0,352,32,16,32,0,73,-120,0,0,100,0,192,128,48,32,0,86,-126,0,0,100,0,368,64,16,16,0,69,-146,0,0,100,0,384,0,32,48,0,69,-117,0,0,100,0,192,96,32,16,0,94,-134,0,0,100,0,256,0,32,32,0,93,-119,0,0,100,0,192,112,32,16,0,47,-121,0,0,100,0,256,160,32,16,0,93,-193,0,0,100,0,0,256,64,32,0,127,-122,0,0,100,0,64,256,48,32,0,72,-117,0,0,100,0,48,304,48,32,0,93,-117,0,0,100,0,80,288,32,16,0,67,-116,0,0,100,0,48,288,32,16,0,29,-186,0,0,100,0,0,288,48,48,0,32,-159,0,0,100,0,192,48,48,48,0,102,-173,0,0,100,0,288,64,16,48,0,125,-163,0,0,100,0,240,192,16,16,0,0,-256,0,0,100,0,0,0,192,256,0,0,-256,0,0,100,0,544,344,192,256,0,
0,35,0,-256,0,0,100,0,352,344,192,256,0,60,-210,0,1,70,0,112,256,48,48,0,28,-207,0,1,100,0,112,304,32,32,0,69,-242,0,0,100,0,256,64,32,80,0,37,-231,0,0,100,0,240,64,16,48,0,20,-217,0,0,30,0,0,336,160,144,0,26,-197,0,0,100,0,192,0,64,48,0,135,-175,0,1,80,0,144,304,32,32,0,114,-171,0,0,100,0,192,208,64,80,0,82,-105,0,0,100,0,192,192,16,16,0,66,-108,0,0,100,0,192,176,16,16,0,83,-142,0,1,100,0,272,288,16,16,0,103,-157,0,1,100,0,256,288,16,16,0,93,-137,0,1,100,0,224,304,16,16,0,84,-160,0,1,100,0,224,304,16,16,0,77,-164,0,0,100,0,304,256,48,48,0,86,-131,0,0,100,0,352,32,16,32,0,73,-120,0,0,100,0,192,128,48,32,0,86,-126,0,0,100,0,368,64,16,16,0,69,-146,0,0,100,0,416,96,32,48,0,69,-117,0,0,100,0,192,96,32,16,0,94,-134,0,0,100,0,256,0,32,32,0,93,-119,0,0,100,0,192,112,32,16,0,47,-121,0,0,100,0,256,160,32,16,0,93,-193,0,0,100,0,0,256,64,32,0,127,-122,0,0,100,0,64,256,48,32,0,72,-117,0,0,100,0,48,304,48,32,0,93,-117,0,0,100,0,80,288,32,16,0,67,-116,0,0,100,0,48,288,32,16,0,29,-186,0,0,100,0,0,288,48,48,0,32,-159,0,0,100,0,192,48,48,48,0,102,-173,0,0,100,0,288,64,16,48,0,125,-163,0,0,100,0,224,192,16,16,0,0,-256,0,0,100,0,0,0,192,256,0,0,-256,0,0,100,0,544,344,192,256,0,
0,35,0,-256,0,0,100,0,352,344,192,256,0,60,-210,0,1,80,0,112,256,48,48,0,28,-207,0,1,100,0,112,304,32,32,0,69,-242,0,0,100,0,256,64,32,80,0,37,-231,0,0,100,0,240,64,16,48,0,20,-217,0,0,30,0,0,336,160,144,0,26,-197,0,0,100,0,192,0,64,48,0,135,-175,0,1,100,0,144,304,32,32,0,114,-171,0,0,100,0,192,208,64,80,0,82,-105,0,0,100,0,192,192,16,16,0,66,-108,0,0,100,0,192,176,16,16,0,82,-148,0,1,100,0,256,288,16,16,0,97,-173,0,1,100,0,240,288,16,16,0,105,-148,0,1,100,0,224,304,16,16,0,58,-166,0,1,100,0,192,288,32,32,0,62,-178,0,0,100,0,368,240,64,64,0,86,-131,0,0,100,0,352,32,16,32,0,73,-120,0,0,100,0,192,128,48,32,0,86,-126,0,0,100,0,368,64,16,16,0,69,-146,0,0,100,0,416,96,32,48,0,69,-117,0,0,100,0,192,96,32,16,0,94,-134,0,0,100,0,256,0,32,32,0,93,-119,0,0,100,0,192,112,32,16,0,47,-121,0,0,100,0,256,160,32,16,0,93,-193,0,0,100,0,0,256,64,32,0,127,-122,0,0,100,0,64,256,48,32,0,72,-117,0,0,100,0,48,304,48,32,0,93,-117,0,0,100,0,80,288,32,16,0,67,-116,0,0,100,0,48,288,32,16,0,29,-186,0,0,100,0,0,288,48,48,0,32,-159,0,0,100,0,192,48,48,48,0,102,-173,0,0,100,0,288,64,16,48,0,125,-163,0,0,100,0,208,192,16,16,0,0,-256,0,0,100,0,0,0,192,256,0,0,-256,0,0,100,0,544,344,192,256,0,
0,35,0,-256,0,0,100,0,352,344,192,256,0,60,-210,0,1,100,0,112,256,48,48,0,28,-207,0,1,100,0,112,304,32,32,0,69,-242,0,0,100,0,256,64,32,80,0,37,-231,0,0,100,0,240,64,16,48,0,20,-217,0,0,30,0,0,336,160,144,0,26,-197,0,0,100,0,192,0,64,48,0,135,-175,0,1,100,0,144,304,32,32,0,114,-171,0,0,100,0,192,208,64,80,0,82,-105,0,0,100,0,192,192,16,16,0,66,-108,0,0,100,0,192,176,16,16,0,82,-148,0,1,100,0,240,288,16,16,0,97,-173,0,1,100,0,256,288,16,16,0,68,-159,0,1,100,0,224,288,16,16,0,62,-178,0,0,50,0,368,240,64,64,0,59,-180,0,0,50,0,432,256,80,64,0,86,-131,0,0,100,0,352,32,16,32,0,73,-120,0,0,100,0,192,128,48,32,0,86,-126,0,0,100,0,368,64,16,16,0,69,-146,0,0,100,0,416,96,32,48,0,69,-117,0,0,100,0,192,96,32,16,0,94,-134,0,0,100,0,256,0,32,32,0,93,-119,0,0,100,0,192,112,32,16,0,47,-121,0,0,100,0,256,160,32,16,0,93,-193,0,0,100,0,0,256,64,32,0,127,-122,0,0,100,0,64,256,48,32,0,72,-117,0,0,100,0,48,304,48,32,0,93,-117,0,0,100,0,80,288,32,16,0,67,-116,0,0,100,0,48,288,32,16,0,29,-186,0,0,100,0,0,288,48,48,0,32,-159,0,0,100,0,192,48,48,48,0,102,-173,0,0,100,0,288,64,16,48,0,125,-163,0,0,100,0,224,192,16,16,0,0,-256,0,0,100,0,0,0,192,256,0,0,-256,0,0,100,0,544,344,192,256,0,
0,35,0,-256,0,0,100,0,352,344,192,256,0,60,-210,0,1,100,0,112,256,48,48,0,28,-207,0,1,100,0,112,304,32,32,0,69,-242,0,0,100,0,256,64,32,80,0,37,-231,0,0,100,0,240,64,16,48,0,20,-217,0,0,30,0,0,336,160,144,0,26,-197,0,0,100,0,192,0,64,48,0,135,-175,0,1,100,0,144,304,32,32,0,114,-171,0,0,100,0,192,208,64,80,0,82,-105,0,0,100,0,192,192,16,16,0,66,-108,0,0,100,0,192,176,16,16,0,82,-148,0,1,100,0,256,288,16,16,0,97,-173,0,1,100,0,272,288,16,16,0,105,-148,0,1,100,0,224,304,16,16,0,67,-158,0,1,100,0,224,304,16,16,0,59,-180,0,0,100,0,432,256,80,64,0,86,-131,0,0,100,0,352,32,16,32,0,73,-120,0,0,100,0,192,128,48,32,0,86,-126,0,0,100,0,368,64,16,16,0,69,-146,0,0,100,0,416,96,32,48,0,69,-117,0,0,100,0,192,96,32,16,0,94,-134,0,0,100,0,256,0,32,32,0,93,-119,0,0,100,0,192,112,32,16,0,47,-121,0,0,100,0,256,160,32,16,0,93,-193,0,0,100,0,0,256,64,32,0,127,-122,0,0,100,0,64,256,48,32,0,72,-117,0,0,100,0,48,304,48,32,0,93,-117,0,0,100,0,80,288,32,16,0,67,-116,0,0,100,0,48,288,32,16,0,29,-186,0,0,100,0,0,288,48,48,0,32,-159,0,0,100,0,192,48,48,48,0,102,-173,0,0,100,0,288,64,16,48,0,125,-163,0,0,100,0,240,192,16,16,0,0,-256,0,0,100,0,0,0,192,256,0,0,-256,0,0,100,0,544,344,192,256,0,
0,35,0,-256,0,0,100,0,352,344,192,256,0,60,-210,0,1,100,0,112,256,48,48,0,28,-207,0,1,100,0,112,304,32,32,0,69,-242,0,0,100,0,256,64,32,80,0,37,-231,0,0,100,0,240,64,16,48,0,20,-217,0,0,30,0,0,336,160,144,0,26,-197,0,0,100,0,192,0,64,48,0,135,-175,0,1,80,0,144,304,32,32,0,114,-171,0,0,100,0,192,208,64,80,0,82,-105,0,0,100,0,192,192,16,16,0,66,-108,0,0,100,0,192,176,16,16,0,82,-148,0,1,100,0,272,288,16,16,0,97,-173,0,1,100,0,256,288,16,16,0,106,-149,0,1,100,0,224,288,16,16,0,59,-180,0,0,50,0,432,256,80,64,0,58,-187,0,0,70,0,512,256,80,80,0,86,-131,0,0,100,0,352,32,16,32,0,73,-120,0,0,100,0,192,128,48,32,0,86,-126,0,0,100,0,368,64,16,16,0,69,-146,0,0,100,0,448,96,32,48,0,69,-117,0,0,100,0,192,96,32,16,0,94,-134,0,0,100,0,256,0,32,32,0,93,-119,0,0,100,0,192,112,32,16,0,47,-121,0,0,100,0,256,160,32,16,0,93,-193,0,0,100,0,0,256,64,32,0,127,-122,0,0,100,0,64,256,48,32,0,72,-117,0,0,100,0,48,304,48,32,0,93,-117,0,0,100,0,80,288,32,16,0,67,-116,0,0,100,0,48,288,32,16,0,29,-186,0,0,100,0,0,288,48,48,0,32,-159,0,0,100,0,192,48,48,48,0,102,-173,0,0,100,0,288,64,16,48,0,125,-163,0,0,100,0,224,192,16,16,0,0,-256,0,0,100,0,0,0,192,256,0,0,-256,0,0,100,0,544,344,192,256,0,
0,35,0,-256,0,0,100,0,352,344,192,256,0,60,-210,0,1,100,0,112,256,48,48,0,28,-207,0,1,80,0,112,304,32,32,0,69,-242,0,0,100,0,256,64,32,80,0,37,-231,0,0,100,0,240,64,16,48,0,20,-217,0,0,30,0,0,336,160,144,0,26,-197,0,0,100,0,192,0,64,48,0,135,-175,0,1,70,0,144,304,32,32,0,114,-171,0,0,100,0,192,208,64,80,0,82,-105,0,0,100,0,192,192,16,16,0,66,-108,0,0,100,0,192,176,16,16,0,82,-148,0,1,100,0,256,288,16,16,0,97,-173,0,1,100,0,240,288,16,16,0,96,-157,0,1,100,0,192,288,32,32,0,67,-158,0,1,100,0,224,304,16,16,0,58,-187,0,0,100,0,512,256,80,80,0,86,-131,0,0,100,0,352,32,16,32,0,73,-120,0,0,100,0,192,128,48,32,0,86,-126,0,0,100,0,368,64,16,16,0,69,-146,0,0,100,0,480,96,32,48,0,69,-117,0,0,100,0,192,96,32,16,0,94,-134,0,0,100,0,256,0,32,32,0,93,-119,0,0,100,0,192,112,32,16,0,47,-121,0,0,100,0,256,160,32,16,0,93,-193,0,0,100,0,0,256,64,32,0,127,-122,0,0,100,0,64,256,48,32,0,72,-117,0,0,100,0,48,304,48,32,0,93,-117,0,0,100,0,80,288,32,16,0,67,-116,0,0,100,0,48,288,32,16,0,29,-186,0,0,100,0,0,288,48,48,0,32,-159,0,0,100,0,192,48,48,48,0,102,-173,0,0,100,0,288,64,16,48,0,125,-163,0,0,100,0,208,192,16,16,0,0,-256,0,0,100,0,0,0,192,256,0,0,-256,0,0,100,0,544,344,192,256,0,
0,36,0,-256,0,0,100,0,352,344,192,256,0,60,-210,0,1,100,0,112,256,48,48,0,28,-207,0,1,70,0,112,304,32,32,0,69,-242,0,0,100,0,256,64,32,80,0,37,-231,0,0,100,0,240,64,16,48,0,20,-217,0,0,30,0,0,336,160,144,0,26,-197,0,0,100,0,192,0,64,48,0,135,-175,0,1,80,0,144,304,32,32,0,114,-171,0,0,100,0,192,208,64,80,0,82,-105,0,0,100,0,192,192,16,16,0,66,-108,0,0,100,0,192,176,16,16,0,82,-148,0,1,100,0,240,288,16,16,0,97,-173,0,1,100,0,256,288,16,16,0,106,-149,0,1,100,0,224,288,16,16,0,68,-159,0,1,100,0,224,288,16,16,0,58,-187,0,0,50,0,512,256,80,80,0,57,-180,0,0,70,0,592,256,80,64,0,86,-131,0,0,100,0,352,32,16,32,0,73,-120,0,0,100,0,192,128,48,32,0,86,-126,0,0,100,0,368,64,16,16,0,69,-146,0,0,100,0,448,96,32,48,0,69,-117,0,0,100,0,192,96,32,16,0,94,-134,0,0,100,0,256,0,32,32,0,93,-119,0,0,100,0,192,112,32,16,0,47,-121,0,0,100,0,256,160,32,16,0,93,-193,0,0,100,0,0,256,64,32,0,127,-122,0,0,100,0,64,256,48,32,0,72,-117,0,0,100,0,48,304,48,32,0,93,-117,0,0,100,0,80,288,32,16,0,67,-116,0,0,100,0,48,288,32,16,0,29,-186,0,0,100,0,0,288,48,48,0,32,-159,0,0,100,0,192,48,48,48,0,102,-173,0,0,100,0,288,64,16,48,0,125,-163,0,0,100,0,224,192,16,16,0,0,-256,0,0,100,0,0,0,192,256,0,0,-256,0,0,100,0,544,344,192,256,0,
0,35,0,-256,0,0,100,0,352,344,192,256,0,60,-210,0,1,100,0,112,256,48,48,0,28,-207,0,1,70,0,112,304,32,32,0,69,-242,0,0,100,0,256,64,32,80,0,37,-231,0,0,100,0,240,64,16,48,0,20,-217,0,0,30,0,0,336,160,144,0,26,-197,0,0,100,0,192,0,64,48,0,135,-175,0,1,100,0,144,304,32,32,0,114,-171,0,0,100,0,192,208,64,80,0,82,-105,0,0,100,0,192,192,16,16,0,66,-108,0,0,100,0,192,176,16,16,0,82,-148,0,1,100,0,256,288,16,16,0,97,-173,0,1,100,0,272,288,16,16,0,105,-148,0,1,100,0,224,304,16,16,0,58,-166,0,1,100,0,192,288,32,32,0,57,-180,0,0,100,0,592,256,80,64,0,86,-131,0,0,100,0,352,32,16,32,0,73,-120,0,0,100,0,192,128,48,32,0,86,-126,0,0,100,0,368,64,16,16,0,69,-146,0,0,100,0,480,96,32,48,0,69,-117,0,0,100,0,192,96,32,16,0,94,-134,0,0,100,0,256,0,32,32,0,93,-119,0,0,100,0,192,112,32,16,0,47,-121,0,0,100,0,256,160,32,16,0,93,-193,0,0,100,0,0,256,64,32,0,127,-122,0,0,100,0,64,256,48,32,0,72,-117,0,0,100,0,48,304,48,32,0,93,-117,0,0,100,0,80,288,32,16,0,67,-116,0,0,100,0,48,288,32,16,0,29,-186,0,0,100,0,0,288,48,48,0,32,-159,0,0,100,0,192,48,48,48,0,102,-173,0,0,100,0,288,64,16,48,0,125,-163,0,0,100,0,240,192,16,16,0,0,-256,0,0,100,0,0,0,192,256,0,0,-256,0,0,100,0,544,344,192,256,0,
0,35,0,-256,0,0,100,0,352,344,192,256,0,60,-210,0,1,100,0,112,256,48,48,0,28,-207,0,1,80,0,112,304,32,32,0,69,-242,0,0,100,0,256,64,32,80,0,37,-231,0,0,100,0,240,64,16,48,0,20,-217,0,0,30,0,0,336,160,144,0,26,-197,0,0,100,0,192,0,64,48,0,135,-175,0,1,100,0,144,304,32,32,0,114,-171,0,0,100,0,192,208,64,80,0,82,-105,0,0,100,0,192,192,16,16,0,66,-108,0,0,100,0,192,176,16,16,0,82,-148,0,1,100,0,272,288,16,16,0,97,-173,0,1,100,0,256,288,16,16,0,68,-159,0,1,100,0,224,288,16,16,0,57,-180,0,0,50,0,592,256,80,64,0,62,-178,0,0,70,0,368,240,64,64,0,86,-131,0,0,100,0,352,32,16,32,0,73,-120,0,0,100,0,192,128,48,32,0,86,-126,0,0,100,0,368,64,16,16,0,69,-146,0,0,100,0,448,96,32,48,0,69,-117,0,0,100,0,192,96,32,16,0,94,-134,0,0,100,0,256,0,32,32,0,93,-119,0,0,100,0,192,112,32,16,0,47,-121,0,0,100,0,256,160,32,16,0,93,-193,0,0,100,0,0,256,64,32,0,127,-122,0,0,100,0,64,256,48,32,0,72,-117,0,0,100,0,48,304,48,32,0,93,-117,0,0,100,0,80,288,32,16,0,67,-116,0,0,100,0,48,288,32,16,0,29,-186,0,0,100,0,0,288,48,48,0,32,-159,0,0,100,0,192,48,48,48,0,102,-173,0,0,100,0,288,64,16,48,0,125,-163,0,0,100,0,224,192,16,16,0,0,-256,0,0,100,0,0,0,192,256,0,0,-256,0,0,100,0,544,344,192,256,0,
0,34,0,-256,0,0,100,0,352,344,192,256,0,60,-210,0,1,80,0,112,256,48,48,0,28,-207,0,1,100,0,112,304,32,32,0,69,-242,0,0,100,0,256,64,32,80,0,37,-231,0,0,100,0,240,64,16,48,0,20,-217,0,0,30,0,0,336,160,144,0,26,-197,0,0,100,0,192,0,64,48,0,135,-175,0,1,100,0,144,304,32,32,0,114,-171,0,0,100,0,192,208,64,80,0,82,-105,0,0,100,0,192,192,16,16,0,66,-108,0,0,100,0,192,176,16,16,0,82,-148,0,1,100,0,256,288,16,16,0,97,-173,0,1,100,0,240,288,16,16,0,105,-148,0,1,100,0,224,304,16,16,0,67,-158,0,1,100,0,224,304,16,16,0,62,-178,0,0,100,0,368,240,64,64,0,86,-131,0,0,100,0,352,32,16,32,0,73,-120,0,0,100,0,192,128,48,32,0,69,-146,0,0,100,0,448,96,32,48,0,69,-117,0,0,100,0,192,96,32,16,0,94,-134,0,0,100,0,256,0,32,32,0,93,-119,0,0,100,0,192,112,32,16,0,47,-121,0,0,100,0,256,160,32,16,0,93,-193,0,0,100,0,0,256,64,32,0,127,-122,0,0,100,0,64,256,48,32,0,72,-117,0,0,100,0,48,304,48,32,0,93,-117,0,0,100,0,80,288,32,16,0,67,-116,0,0,100,0,48,288,32,16,0,29,-186,0,0,100,0,0,288,48,48,0,32,-159,0,0,100,0,192,48,48,48,0,102,-173,0,0,100,0,288,64,16,48,0,125,-163,0,0,100,0,208,192,16,16,0,0,-256,0,0,100,0,0,0,192,256,0,0,-256,0,0,100,0,544,344,192,256,0,
0,34,0,-256,0,0,100,0,352,344,192,256,0,60,-210,0,1,70,0,112,256,48,48,0,28,-207,0,1,100,0,112,304,32,32,0,69,-242,0,0,100,0,256,64,32,80,0,37,-231,0,0,100,0,240,64,16,48,0,20,-217,0,0,30,0,0,336,160,144,0,26,-197,0,0,100,0,192,0,64,48,0,135,-175,0,1,80,0,144,304,32,32,0,114,-171,0,0,100,0,192,208,64,80,0,82,-105,0,0,100,0,192,192,16,16,0,66,-108,0,0,100,0,192,176,16,16,0,82,-148,0,1,100,0,240,288,16,16,0,97,-173,0,1,100,0,256,288,16,16,0,106,-149,0,1,100,0,224,288,16,16,0,62,-178,0,0,50,0,368,240,64,64,0,59,-180,0,0,70,0,432,256,80,64,0,86,-131,0,0,100,0,352,32,16,32,0,73,-120,0,0,100,0,192,128,48,32,0,69,-146,0,0,100,0,480,96,32,48,0,69,-117,0,0,100,0,192,96,32,16,0,94,-134,0,0,100,0,256,0,32,32,0,93,-119,0,0,100,0,192,112,32,16,0,47,-121,0,0,100,0,256,160,32,16,0,93,-193,0,0,100,0,0,256,64,32,0,127,-122,0,0,100,0,64,256,48,32,0,72,-117,0,0,100,0,48,304,48,32,0,93,-117,0,0,100,0,80,288,32,16,0,67,-116,0,0,100,0,48,288,32,16,0,29,-186,0,0,100,0,0,288,48,48,0,32,-159,0,0,100,0,192,48,48,48,0,102,-173,0,0,100,0,288,64,16,48,0,125,-163,0,0,100,0,224,192,16,16,0,0,-256,0,0,100,0,0,0,192,256,0,0,-256,0,0,100,0,544,344,192,256,0,
0,34,0,-256,0,0,100,0,352,344,192,256,0,60,-210,0,1,70,0,112,256,48,48,0,28,-207,0,1,100,0,112,304,32,32,0,69,-242,0,0,100,0,256,64,32,80,0,37,-231,0,0,100,0,240,64,16,48,0,20,-217,0,0,30,0,0,336,160,144,0,26,-197,0,0,100,0,192,0,64,48,0,135,-175,0,1,70,0,144,304,32,32,0,114,-171,0,0,100,0,192,208,64,80,0,82,-105,0,0,100,0,192,192,16,16,0,66,-108,0,0,100,0,192,176,16,16,0,82,-148,0,1,100,0,256,288,16,16,0,97,-173,0,1,100,0,272,288,16,16,0,96,-157,0,1,100,0,192,288,32,32,0,67,-158,0,1,100,0,224,304,16,16,0,59,-180,0,0,100,0,432,256,80,64,0,86,-131,0,0,100,0,352,32,16,32,0,73,-120,0,0,100,0,192,128,48,32,0,69,-146,0,0,100,0,448,96,32,48,0,69,-117,0,0,100,0,192,96,32,16,0,94,-134,0,0,100,0,256,0,32,32,0,93,-119,0,0,100,0,192,112,32,16,0,47,-121,0,0,100,0,256,160,32,16,0,93,-193,0,0,100,0,0,256,64,32,0,127,-122,0,0,100,0,64,256,48,32,0,72,-117,0,0,100,0,48,304,48,32,0,93,-117,0,0,100,0,80,288,32,16,0,67,-116,0,0,100,0,48,288,32,16,0,29,-186,0,0,100,0,0,288,48,48,0,32,-159,0,0,100,0,192,48,48,48,0,102,-173,0,0,100,0,288,64,16,48,0,125,-163,0,0,100,0,240,192,16,16,0,0,-256,0,0,100,0,0,0,192,256,0,0,-256,0,0,100,0,544,344,192,256,0,
0,35,0,-256,0,0,100,0,352,344,192,256,0,60,-210,0,1,70,0,112,256,48,48,0,28,-207,0,1,80,0,112,304,32,32,0,69,-242,0,0,100,0,256,64,32,80,0,37,-231,0,0,100,0,240,64,16,48,0,20,-217,0,0,30,0,0,336,160,144,0,26,-197,0,0,100,0,192,0,64,48,0,135,-175,0,1,80,0,144,304,32,32,0,114,-171,0,0,100,0,192,208,64,80,0,82,-105,0,0,100,0,192,192,16,16,0,66,-108,0,0,100,0,192,176,16,16,0,82,-148,0,1,100,0,272,288,16,16,0,97,-173,0,1,100,0,256,288,16,16,0,106,-149,0,1,100,0,224,288,16,16,0,68,-159,0,1,100,0,224,288,16,16,0,59,-180,0,0,50,0,432,256,80,64,0,58,-187,0,0,70,0,512,256,80,80,0,86,-131,0,0,100,0,352,32,16,32,0,73,-120,0,0,100,0,192,128,48,32,0,69,-146,0,0,100,0,480,96,32,48,0,69,-117,0,0,100,0,192,96,32,16,0,94,-134,0,0,100,0,256,0,32,32,0,93,-119,0,0,100,0,192,112,32,16,0,47,-121,0,0,100,0,256,160,32,16,0,93,-193,0,0,100,0,0,256,64,32,0,127,-122,0,0,100,0,64,256,48,32,0,72,-117,0,0,100,0,48,304,48,32,0,93,-117,0,0,100,0,80,288,32,16,0,67,-116,0,0,100,0,48,288,32,16,0,29,-186,0,0,100,0,0,288,48,48,0,32,-159,0,0,100,0,192,48,48,48,0,102,-173,0,0,100,0,288,64,16,48,0,125,-163,0,0,100,0,224,192,16,16,0,0,-256,0,0,100,0,0,0,192,256,0,0,-256,0,0,100,0,544,344,192,256,0,
0,34,0,-256,0,0,100,0,352,344,192,256,0,60,-210,0,1,80,0,112,256,48,48,0,28,-207,0,1,70,0,112,304,32,32,0,69,-242,0,0,100,0,256,64,32,80,0,37,-231,0,0,100,0,240,64,16,48,0,20,-217,0,0,30,0,0,336,160,144,0,26,-197,0,0,100,0,192,0,64,48,0,135,-175,0,1,100,0,144,304,32,32,0,114,-171,0,0,100,0,192,208,64,80,0,82,-105,0,0,100,0,192,192,16,16,0,66,-108,0,0,100,0,192,176,16,16,0,82,-148,0,1,100,0,256,288,16,16,0,97,-173,0,1,100,0,240,288,16,16,0,105,-148,0,1,100,0,224,304,16,16,0,58,-166,0,1,100,0,192,288,32,32,0,58,-187,0,0,100,0,512,256,80,80,0,86,-131,0,0,100,0,352,32,16,32,0,73,-120,0,0,100,0,192,128,48,32,0,69,-146,0,0,100,0,448,96,32,48,0,69,-117,0,0,100,0,192,96,32,16,0,94,-134,0,0,100,0,256,0,32,32,0,93,-119,0,0,100,0,192,112,32,16,0,47,-121,0,0,100,0,256,160,32,16,0,93,-193,0,0,100,0,0,256,64,32,0,127,-122,0,0,100,0,64,256,48,32,0,72,-117,0,0,100,0,48,304,48,32,0,93,-117,0,0,100,0,80,288,32,16,0,67,-116,0,0,100,0,48,288,32,16,0,29,-186,0,0,100,0,0,288,48,48,0,32,-159,0,0,100,0,192,48,48,48,0,102,-173,0,0,100,0,288,64,16,48,0,125,-163,0,0,100,0,208,192,16,16,0,0,-256,0,0,100,0,0,0,192,256,0,0,-256,0,0,100,0,544,344,192,256,0,
0,34,0,-256,0,0,100,0,352,344,192,256,0,60,-210,0,1,100,0,112,256,48,48,0,28,-207,0,1,70,0,112,304,32,32,0,69,-242,0,0,100,0,256,64,32,80,0,37,-231,0,0,100,0,240,64,16,48,0,20,-217,0,0,30,0,0,336,160,144,0,26,-197,0,0,100,0,192,0,64,48,0,135,-175,0,1,100,0,144,304,32,32,0,114,-171,0,0,100,0,192,208,64,80,0,82,-105,0,0,100,0,192,192,16,16,0,66,-108,0,0,100,0,192,176,16,16,0,82,-148,0,1,100,0,240,288,16,16,0,97,-173,0,1,100,0,256,288,16,16,0,68,-159,0,1,100,0,224,288,16,16,0,58,-187,0,0,50,0,512,256,80,80,0,57,-180,0,0,70,0,592,256,80,64,0,86,-131,0,0,100,0,352,32,16,32,0,73,-120,0,0,100,0,192,128,48,32,0,69,-146,0,0,100,0,448,96,32,48,0,69,-117,0,0,100,0,192,96,32,16,0,94,-134,0,0,100,0,256,0,32,32,0,93,-119,0,0,100,0,192,112,32,16,0,47,-121,0,0,100,0,256,160,32,16,0,93,-193,0,0,100,0,0,256,64,32,0,127,-122,0,0,100,0,64,256,48,32,0,72,-117,0,0,100,0,48,304,48,32,0,93,-117,0,0,100,0,80,288,32,16,0,67,-116,0,0,100,0,48,288,32,16,0,29,-186,0,0,100,0,0,288,48,48,0,32,-159,0,0,100,0,192,48,48,48,0,102,-173,0,0,100,0,288,64,16,48,0,125,-163,0,0,100,0,224,192,16,16,0,0,-256,0,0,100,0,0,0,192,256,0,0,-256,0,0,100,0,544,344,192,256,0,
0,34,0,-256,0,0,100,0,352,344,192,256,0,60,-210,0,1,100,0,112,256,48,48,0,28,-207,0,1,70,0,112,304,32,32,0,69,-242,0,0,100,0,256,64,32,80,0,37,-231,0,0,100,0,240,64,16,48,0,20,-217,0,0,30,0,0,336,160,144,0,26,-197,0,0,100,0,192,0,64,48,0,135,-175,0,1,100,0,144,304,32,32,0,114,-171,0,0,100,0,192,208,64,80,0,82,-105,0,0,100,0,192,192,16,16,0,66,-108,0,0,100,0,192,176,16,16,0,82,-148,0,1,100,0,256,288,16,16,0,97,-173,0,1,100,0,272,288,16,16,0,105,-148,0,1,100,0,224,304,16,16,0,67,-158,0,1,100,0,224,304,16,16,0,57,-180,0,0,100,0,592,256,80,64,0,86,-131,0,0,100,0,352,32,16,32,0,73,-120,0,0,100,0,192,128,48,32,0,69,-146,0,0,100,0,480,96,32,48,0,69,-117,0,0,100,0,192,96,32,16,0,94,-134,0,0,100,0,256,0,32,32,0,93,-119,0,0,100,0,192,112,32,16,0,47,-121,0,0,100,0,256,160,32,16,0,93,-193,0,0,100,0,0,256,64,32,0,127,-122,0,0,100,0,64,256,48,32,0,72,-117,0,0,100,0,48,304,48,32,0,93,-117,0,0,100,0,80,288,32,16,0,67,-116,0,0,100,0,48,288,32,16,0,29,-186,0,0,100,0,0,288,48,48,0,32,-159,0,0,100,0,192,48,48,48,0,102,-173,0,0,100,0,288,64,16,48,0,125,-163,0,0,100,0,240,192,16,16,0,0,-256,0,0,100,0,0,0,192,256,0,0,-256,0,0,100,0,544,344,192,256,0,
0,34,0,-256,0,0,100,0,352,344,192,256,0,60,-210,0,1,100,0,112,256,48,48,0,28,-207,0,1,80,0,112,304,32,32,0,69,-242,0,0,100,0,256,64,32,80,0,37,-231,0,0,100,0,240,64,16,48,0,20,-217,0,0,30,0,0,336,160,144,0,26,-197,0,0,100,0,192,0,64,48,0,135,-175,0,1,80,0,144,304,32,32,0,114,-171,0,0,100,0,192,208,64,80,0,82,-105,0,0,100,0,192,192,16,16,0,66,-108,0,0,100,0,192,176,16,16,0,82,-148,0,1,100,0,272,288,16,16,0,97,-173,0,1,100,0,256,288,16,16,0,106,-149,0,1,100,0,224,288,16,16,0,57,-180,0,0,50,0,592,256,80,64,0,62,-178,0,0,70,0,368,240,64,64,0,86,-131,0,0,100,0,352,32,16,32,0,73,-120,0,0,100,0,192,128,48,32,0,69,-146,0,0,100,0,448,96,32,48,0,69,-117,0,0,100,0,192,96,32,16,0,94,-134,0,0,100,0,256,0,32,32,0,93,-119,0,0,100,0,192,112,32,16,0,47,-121,0,0,100,0,256,160,32,16,0,93,-193,0,0,100,0,0,256,64,32,0,127,-122,0,0,100,0,64,256,48,32,0,72,-117,0,0,100,0,48,304,48,32,0,93,-117,0,0,100,0,80,288,32,16,0,67,-116,0,0,100,0,48,288,32,16,0,29,-186,0,0,100,0,0,288,48,48,0,32,-159,0,0,100,0,192,48,48,48,0,102,-173,0,0,100,0,288,64,16,48,0,125,-163,0,0,100,0,224,192,16,16,0,0,-256,0,0,100,0,0,0,192,256,0,0,-256,0,0,100,0,544,344,192,256,0,
0,34,0,-256,0,0,100,0,352,344,192,256,0,60,-210,0,1,100,0,112,256,48,48,0,28,-207,0,1,100,0,112,304,32,32,0,69,-242,0,0,100,0,256,64,32,80,0,37,-231,0,0,100,0,240,64,16,48,0,20,-217,0,0,30,0,0,336,160,144,0,26,-197,0,0,100,0,192,0,64,48,0,135,-175,0,1,70,0,144,304,32,32,0,114,-171,0,0,100,0,192,208,64,80,0,82,-105,0,0,100,0,192,192,16,16,0,66,-108,0,0,100,0,192,176,16,16,0,82,-148,0,1,100,0,256,288,16,16,0,97,-173,0,1,100,0,240,288,16,16,0,96,-157,0,1,100,0,192,288,32,32,0,67,-158,0,1,100,0,224,304,16,16,0,62,-178,0,0,100,0,368,240,64,64,0,86,-131,0,0,100,0,352,32,16,32,0,73,-120,0,0,100,0,192,128,48,32,0,69,-146,0,0,100,0,480,96,32,48,0,69,-117,0,0,100,0,192,96,32,16,0,94,-134,0,0,100,0,256,0,32,32,0,93,-119,0,0,100,0,192,112,32,16,0,47,-121,0,0,100,0,256,160,32,16,0,93,-193,0,0,100,0,0,256,64,32,0,127,-122,0,0,100,0,64,256,48,32,0,72,-117,0,0,100,0,48,304,48,32,0,93,-117,0,0,100,0,80,288,32,16,0,67,-116,0,0,100,0,48,288,32,16,0,29,-186,0,0,100,0,0,288,48,48,0,32,-159,0,0,100,0,192,48,48,48,0,102,-173,0,0,100,0,288,64,16,48,0,125,-163,0,0,100,0,208,192,16,16,0,0,-256,0,0,100,0,0,0,192,256,0,0,-256,0,0,100,0,544,344,192,256,0,
0,35,0,-256,0,0,100,0,352,344,192,256,0,60,-210,0,1,100,0,112,256,48,48,0,28,-207,0,1,100,0,112,304,32,32,0,69,-242,0,0,100,0,256,64,32,80,0,37,-231,0,0,100,0,240,64,16,48,0,20,-217,0,0,30,0,0,336,160,144,0,26,-197,0,0,100,0,192,0,64,48,0,135,-175,0,1,80,0,144,304,32,32,0,114,-171,0,0,100,0,192,208,64,80,0,82,-105,0,0,100,0,192,192,16,16,0,66,-108,0,0,100,0,192,176,16,16,0,82,-148,0,1,100,0,240,288,16,16,0,97,-173,0,1,100,0,256,288,16,16,0,106,-149,0,1,100,0,224,288,16,16,0,68,-159,0,1,100,0,224,288,16,16,0,62,-178,0,0,50,0,368,240,64,64,0,59,-180,0,0,70,0,432,256,80,64,0,86,-131,0,0,100,0,352,32,16,32,0,73,-120,0,0,100,0,192,128,48,32,0,69,-146,0,0,100,0,448,96,32,48,0,69,-117,0,0,100,0,192,96,32,16,0,94,-134,0,0,100,0,256,0,32,32,0,93,-119,0,0,100,0,192,112,32,16,0,47,-121,0,0,100,0,256,160,32,16,0,93,-193,0,0,100,0,0,256,64,32,0,127,-122,0,0,100,0,64,256,48,32,0,72,-117,0,0,100,0,48,304,48,32,0,93,-117,0,0,100,0,80,288,32,16,0,67,-116,0,0,100,0,48,288,32,16,0,29,-186,0,0,100,0,0,288,48,48,0,32,-159,0,0,100,0,192,48,48,48,0,102,-173,0,0,100,0,288,64,16,48,0,125,-163,0,0,100,0,224,192,16,16,0,0,-256,0,0,100,0,0,0,192,256,0,0,-256,0,0,100,0,544,344,192,256,0,
0,34,0,-256,0,0,100,0,352,344,192,256,0,60,-210,0,1,100,0,112,256,48,48,0,28,-207,0,1,100,0,112,304,32,32,0,69,-242,0,0,100,0,256,64,32,80,0,37,-231,0,0,100,0,240,64,16,48,0,20,-217,0,0,30,0,0,336,160,144,0,26,-197,0,0,100,0,192,0,64,48,0,135,-175,0,1,100,0,144,304,32,32,0,114,-171,0,0,100,0,192,208,64,80,0,82,-105,0,0,100,0,192,192,16,16,0,66,-108,0,0,100,0,192,176,16,16,0,82,-148,0,1,100,0,256,288,16,16,0,97,-173,0,1,100,0,272,288,16,16,0,105,-148,0,1,100,0,224,304,16,16,0,58,-166,0,1,100,0,192,288,32,32,0,59,-180,0,0,100,0,432,256,80,64,0,86,-131,0,0,100,0,352,32,16,32,0,73,-120,0,0,100,0,192,128,48,32,0,69,-146,0,0,100,0,448,96,32,48,0,69,-117,0,0,100,0,192,96,32,16,0,94,-134,0,0,100,0,256,0,32,32,0,93,-119,0,0,100,0,192,112,32,16,0,47,-121,0,0,100,0,256,160,32,16,0,93,-193,0,0,100,0,0,256,64,32,0,127,-122,0,0,100,0,64,256,48,32,0,72,-117,0,0,100,0,48,304,48,32,0,93,-117,0,0,100,0,80,288,32,16,0,67,-116,0,0,100,0,48,288,32,16,0,29,-186,0,0,100,0,0,288,48,48,0,32,-159,0,0,100,0,192,48,48,48,0,102,-173,0,0,100,0,288,64,16,48,0,125,-163,0,0,100,0,240,192,16,16,0,0,-256,0,0,100,0,0,0,192,256,0,0,-256,0,0,100,0,544,344,192,256,0,
0,34,0,-256,0,0,100,0,352,344,192,256,0,60,-210,0,1,80,0,112,256,48,48,0,28,-207,0,1,100,0,112,304,32,32,0,69,-242,0,0,100,0,256,64,32,80,0,37,-231,0,0,100,0,240,64,16,48,0,20,-217,0,0,30,0,0,336,160,144,0,26,-197,0,0,100,0,192,0,64,48,0,135,-175,0,1,100,0,144,304,32,32,0,114,-171,0,0,100,0,192,208,64,80,0,82,-105,0,0,100,0,192,192,16,16,0,66,-108,0,0,100,0,192,176,16,16,0,82,-148,0,1,100,0,272,288,16,16,0,97,-173,0,1,100,0,256,288,16,16,0,68,-159,0,1,100,0,224,288,16,16,0,59,-180,0,0,50,0,432,256,80,64,0,58,-187,0,0,70,0,512,256,80,80,0,86,-131,0,0,100,0,352,32,16,32,0,73,-120,0,0,100,0,192,128,48,32,0,69,-146,0,0,100,0,480,96,32,48,0,69,-117,0,0,100,0,192,96,32,16,0,94,-134,0,0,100,0,256,0,32,32,0,93,-119,0,0,100,0,192,112,32,16,0,47,-121,0,0,100,0,256,160,32,16,0,93,-193,0,0,100,0,0,256,64,32,0,127,-122,0,0,100,0,64,256,48,32,0,72,-117,0,0,100,0,48,304,48,32,0,93,-117,0,0,100,0,80,288,32,16,0,67,-116,0,0,100,0,48,288,32,16,0,29,-186,0,0,100,0,0,288,48,48,0,32,-159,0,0,100,0,192,48,48,48,0,102,-173,0,0,100,0,288,64,16,48,0,125,-163,0,0,100,0,224,192,16,16,0,0,-256,0,0,100,0,0,0,192,256,0,0,-256,0,0,100,0,544,344,192,256,0,
0,34,0,-256,0,0,100,0,352,344,192,256,0,60,-210,0,1,70,0,112,256,48,48,0,28,-207,0,1,100,0,112,304,32,32,0,69,-242,0,0,100,0,256,64,32,80,0,37,-231,0,0,100,0,240,64,16,48,0,20,-217,0,0,30,0,0,336,160,144,0,26,-197,0,0,100,0,192,0,64,48,0,135,-175,0,1,100,0,144,304,32,32,0,114,-171,0,0,100,0,192,208,64,80,0,82,-105,0,0,100,0,192,192,16,16,0,66,-108,0,0,100,0,192,176,16,16,0,82,-148,0,1,100,0,256,288,16,16,0,97,-173,0,1,100,0,240,288,16,16,0,105,-148,0,1,100,0,224,304,16,16,0,67,-158,0,1,100,0,224,304,16,16,0,58,-187,0,0,100,0,512,256,80,80,0,86,-131,0,0,100,0,352,32,16,32,0,73,-120,0,0,100,0,192,128,48,32,0,69,-146,0,0,100,0,448,96,32,48,0,69,-117,0,0,100,0,192,96,32,16,0,94,-134,0,0,100,0,256,0,32,32,0,93,-119,0,0,100,0,192,112,32,16,0,47,-121,0,0,100,0,256,160,32,16,0,93,-193,0,0,100,0,0,256,64,32,0,127,-122,0,0,100,0,64,256,48,32,0,72,-117,0,0,100,0,48,304,48,32,0,93,-117,0,0,100,0,80,288,32,16,0,67,-116,0,0,100,0,48,288,32,16,0,29,-186,0,0,100,0,0,288,48,48,0,32,-159,0,0,100,0,192,48,48,48,0,102,-173,0,0,100,0,288,64,16,48,0,125,-163,0,0,100,0,208,192,16,16,0,0,-256,0,0,100,0,0,0,192,256,0,0,-256,0,0,100,0,544,344,192,256,0,
0,34,0,-256,0,0,100,0,352,344,192,256,0,60,-210,0,1,70,0,112,256,48,48,0,28,-207,0,1,80,0,112,304,32,32,0,69,-242,0,0,100,0,256,64,32,80,0,37,-231,0,0,100,0,240,64,16,48,0,20,-217,0,0,30,0,0,336,160,144,0,26,-197,0,0,100,0,192,0,64,48,0,135,-175,0,1,80,0,144,304,32,32,0,114,-171,0,0,100,0,192,208,64,80,0,82,-105,0,0,100,0,192,192,16,16,0,66,-108,0,0,100,0,192,176,16,16,0,82,-148,0,1,100,0,240,288,16,16,0,97,-173,0,1,100,0,256,288,16,16,0,106,-149,0,1,100,0,224,288,16,16,0,58,-187,0,0,50,0,512,256,80,80,0,57,-180,0,0,70,0,592,256,80,64,0,86,-131,0,0,100,0,352,32,16,32,0,73,-120,0,0,100,0,192,128,48,32,0,69,-146,0,0,100,0,480,96,32,48,0,69,-117,0,0,100,0,192,96,32,16,0,94,-134,0,0,100,0,256,0,32,32,0,93,-119,0,0,100,0,192,112,32,16,0,47,-121,0,0,100,0,256,160,32,16,0,93,-193,0,0,100,0,0,256,64,32,0,127,-122,0,0,100,0,64,256,48,32,0,72,-117,0,0,100,0,48,304,48,32,0,93,-117,0,0,100,0,80,288,32,16,0,67,-116,0,0,100,0,48,288,32,16,0,29,-186,0,0,100,0,0,288,48,48,0,32,-159,0,0,100,0,192,48,48,48,0,102,-173,0,0,100,0,288,64,16,48,0,125,-163,0,0,100,0,224,192,16,16,0,0,-256,0,0,100,0,0,0,192,256,0,0,-256,0,0,100,0,544,344,192,256,0,
0,34,0,-256,0,0,100,0,352,344,192,256,0,60,-210,0,1,70,0,112,256,48,48,0,28,-207,0,1,70,0,112,304,32,32,0,69,-242,0,0,100,0,256,64,32,80,0,37,-231,0,0,100,0,240,64,16,48,0,20,-217,0,0,30,0,0,336,160,144,0,26,-197,0,0,100,0,192,0,64,48,0,135,-175,0,1,70,0,144,304,32,32,0,114,-171,0,0,100,0,192,208,64,80,0,82,-105,0,0,100,0,192,192,16,16,0,66,-108,0,0,100,0,192,176,16,16,0,82,-148,0,1,100,0,256,288,16,16,0,97,-173,0,1,100,0,272,288,16,16,0,96,-157,0,1,100,0,192,288,32,32,0,67,-158,0,1,100,0,224,304,16,16,0,57,-180,0,0,100,0,592,256,80,64,0,86,-131,0,0,100,0,352,32,16,32,0,73,-120,0,0,100,0,192,128,48,32,0,69,-146,0,0,100,0,448,96,32,48,0,69,-117,0,0,100,0,192,96,32,16,0,94,-134,0,0,100,0,256,0,32,32,0,93,-119,0,0,100,0,192,112,32,16,0,47,-121,0,0,100,0,256,160,32,16,0,93,-193,0,0,100,0,0,256,64,32,0,127,-122,0,0,100,0,64,256,48,32,0,72,-117,0,0,100,0,48,304,48,32,0,93,-117,0,0,100,0,80,288,32,16,0,67,-116,0,0,100,0,48,288,32,16,0,29,-186,0,0,100,0,0,288,48,48,0,32,-159,0,0,100,0,192,48,48,48,0,102,-173,0,0,100,0,288,64,16,48,0,125,-163,0,0,100,0,240,192,16,16,0,0,-256,0,0,100,0,0,0,192,256,0,0,-256,0,0,100,0,544,344,192,256,0,
0,35,0,-256,0,0,100,0,352,344,192,256,0,60,-210,0,1,80,0,112,256,48,48,0,28,-207,0,1,70,0,112,304,32,32,0,69,-242,0,0,100,0,256,64,32,80,0,37,-231,0,0,100,0,240,64,16,48,0,20,-217,0,0,30,0,0,336,160,144,0,26,-197,0,0,100,0,192,0,64,48,0,135,-175,0,1,80,0,144,304,32,32,0,114,-171,0,0,100,0,192,208,64,80,0,82,-105,0,0,100,0,192,192,16,16,0,66,-108,0,0,100,0,192,176,16,16,0,82,-148,0,1,100,0,272,288,16,16,0,97,-173,0,1,100,0,256,288,16,16,0,106,-149,0,1,100,0,224,288,16,16,0,68,-159,0,1,100,0,224,288,16,16,0,57,-180,0,0,50,0,592,256,80,64,0,62,-178,0,0,70,0,368,240,64,64,0,86,-131,0,0,100,0,352,32,16,32,0,73,-120,0,0,100,0,192,128,48,32,0,69,-146,0,0,100,0,448,96,32,48,0,69,-117,0,0,100,0,192,96,32,16,0,94,-134,0,0,100,0,256,0,32,32,0,93,-119,0,0,100,0,192,112,32,16,0,47,-121,0,0,100,0,256,160,32,16,0,93,-193,0,0,100,0,0,256,64,32,0,127,-122,0,0,100,0,64,256,48,32,0,72,-117,0,0,100,0,48,304,48,32,0,93,-117,0,0,100,0,80,288,32,16,0,67,-116,0,0,100,0,48,288,32,16,0,29,-186,0,0,100,0,0,288,48,48,0,32,-159,0,0,100,0,192,48,48,48,0,102,-173,0,0,100,0,288,64,16,48,0,125,-163,0,0,100,0,224,192,16,16,0,0,-256,0,0,100,0,0,0,192,256,0,0,-256,0,0,100,0,544,344,192,256,0,
0,34,0,-256,0,0,100,0,352,344,192,256,0,60,-210,0,1,100,0,112,256,48,48,0,28,-207,0,1,80,0,112,304,32,32,0,69,-242,0,0,100,0,256,64,32,80,0,37,-231,0,0,100,0,240,64,16,48,0,20,-217,0,0,30,0,0,336,160,144,0,26,-197,0,0,100,0,192,0,64,48,0,135,-175,0,1,100,0,144,304,32,32,0,114,-171,0,0,100,0,192,208,64,80,0,82,-105,0,0,100,0,192,192,16,16,0,66,-108,0,0,100,0,192,176,16,16,0,82,-148,0,1,100,0,256,288,16,16,0,97,-173,0,1,100,0,240,288,16,16,0,105,-148,0,1,100,0,224,304,16,16,0,58,-166,0,1,100,0,192,288,32,32,0,62,-178,0,0,100,0,368,240,64,64,0,86,-131,0,0,100,0,352,32,16,32,0,73,-120,0,0,100,0,192,128,48,32,0,69,-146,0,0,100,0,480,96,32,48,0,69,-117,0,0,100,0,192,96,32,16,0,94,-134,0,0,100,0,256,0,32,32,0,93,-119,0,0,100,0,192,112,32,16,0,47,-121,0,0,100,0,256,160,32,16,0,93,-193,0,0,100,0,0,256,64,32,0,127,-122,0,0,100,0,64,256,48,32,0,72,-117,0,0,100,0,48,304,48,32,0,93,-117,0,0,100,0,80,288,32,16,0,67,-116,0,0,100,0,48,288,32,16,0,29,-186,0,0,100,0,0,288,48,48,0,32,-159,0,0,100,0,192,48,48,48,0,102,-173,0,0,100,0,288,64,16,48,0,125,-163,0,0,100,0,208,192,16,16,0,0,-256,0,0,100,0,0,0,192,256,0,0,-256,0,0,100,0,544,344,192,256,0,
0,34,0,-256,0,0,100,0,352,344,192,256,0,60,-210,0,1,100,0,112,256,48,48,0,28,-207,0,1,100,0,112,304,32,32,0,69,-242,0,0,100,0,256,64,32,80,0,37,-231,0,0,100,0,240,64,16,48,0,20,-217,0,0,30,0,0,336,160,144,0,26,-197,0,0,100,0,192,0,64,48,0,135,-175,0,1,100,0,144,304,32,32,0,114,-171,0,0,100,0,192,208,64,80,0,82,-105,0,0,100,0,192,192,16,16,0,66,-108,0,0,100,0,192,176,16,16,0,82,-148,0,1,100,0,240,288,16,16,0,97,-173,0,1,100,0,256,288,16,16,0,68,-159,0,1,100,0,224,288,16,16,0,62,-178,0,0,50,0,368,240,64,64,0,59,-180,0,0,70,0,432,256,80,64,0,86,-131,0,0,100,0,352,32,16,32,0,73,-120,0,0,100,0,192,128,48,32,0,69,-146,0,0,100,0,448,96,32,48,0,69,-117,0,0,100,0,192,96,32,16,0,94,-134,0,0,100,0,256,0,32,32,0,93,-119,0,0,100,0,192,112,32,16,0,47,-121,0,0,100,0,256,160,32,16,0,93,-193,0,0,100,0,0,256,64,32,0,127,-122,0,0,100,0,64,256,48,32,0,72,-117,0,0,100,0,48,304,48,32,0,93,-117,0,0,100,0,80,288,32,16,0,67,-116,0,0,100,0,48,288,32,16,0,29,-186,0,0,100,0,0,288,48,48,0,32,-159,0,0,100,0,192,48,48,48,0,102,-173,0,0,100,0,288,64,16,48,0,125,-163,0,0,100,0,224,192,16,16,0,0,-256,0,0,100,0,0,0,192,256,0,0,-256,0,0,100,0,544,344,192,256,0,
0,34,0,-256,0,0,100,0,352,344,192,256,0,60,-210,0,1,100,0,112,256,48,48,0,28,-207,0,1,100,0,112,304,32,32,0,69,-242,0,0,100,0,256,64,32,80,0,37,-231,0,0,100,0,240,64,16,48,0,20,-217,0,0,30,0,0,336,160,144,0,26,-197,0,0,100,0,192,0,64,48,0,135,-175,0,1,100,0,144,304,32,32,0,114,-171,0,0,100,0,192,208,64,80,0,82,-105,0,0,100,0,192,192,16,16,0,66,-108,0,0,100,0,192,176,16,16,0,82,-148,0,1,100,0,256,288,16,16,0,97,-173,0,1,100,0,272,288,16,16,0,105,-148,0,1,100,0,224,304,16,16,0,67,-158,0,1,100,0,224,304,16,16,0,59,-180,0,0,100,0,432,256,80,64,0,86,-131,0,0,100,0,352,32,16,32,0,73,-120,0,0,100,0,192,128,48,32,0,69,-148,0,0,100,0,480,96,32,48,0,69,-117,0,0,100,0,192,96,32,16,0,94,-134,0,0,100,0,256,0,32,32,0,93,-119,0,0,100,0,192,112,32,16,0,47,-121,0,0,100,0,256,160,32,16,0,93,-193,0,0,100,0,0,256,64,32,0,127,-122,0,0,100,0,64,256,48,32,0,72,-117,0,0,100,0,48,304,48,32,0,93,-117,0,0,100,0,80,288,32,16,0,67,-116,0,0,100,0,48,288,32,16,0,29,-186,0,0,100,0,0,288,48,48,0,32,-159,0,0,100,0,192,48,48,48,0,102,-173,0,0,100,0,288,64,16,48,0,125,-163,0,0,100,0,240,192,16,16,0,0,-256,0,0,100,0,0,0,192,256,0,0,-256,0,0,100,0,544,344,192,256,0,
0,35,0,-256,0,0,100,0,352,344,192,256,0,60,-210,0,1,100,0,112,256,48,48,0,28,-207,0,1,100,0,112,304,32,32,0,69,-242,0,0,100,0,256,64,32,80,0,37,-231,0,0,100,0,240,64,16,48,0,20,-217,0,0,30,0,0,336,160,144,0,26,-197,0,0,100,0,192,0,64,48,0,135,-175,0,1,100,0,144,304,32,32,0,114,-171,0,0,100,0,192,208,64,80,0,82,-105,0,0,100,0,192,192,16,16,0,66,-108,0,0,100,0,192,176,16,16,0,82,-148,0,1,100,0,256,288,16,16,0,97,-173,0,1,100,0,272,288,16,16,0,105,-148,0,1,100,0,224,304,16,16,0,67,-158,0,1,100,0,224,304,16,16,0,59,-180,0,0,100,0,432,256,80,64,0,86,-131,0,0,100,0,352,32,16,32,0,73,-120,0,0,100,0,192,128,48,32,0,65,-153,0,0,100,0,512,96,32,48,0,69,-117,0,0,100,0,192,96,32,16,0,64,-119,0,0,100,0,640,96,32,16,0,94,-134,0,0,100,0,256,0,32,32,0,93,-119,0,0,100,0,192,112,32,16,0,47,-121,0,0,100,0,256,160,32,16,0,93,-193,0,0,100,0,0,256,64,32,0,127,-122,0,0,100,0,64,256,48,32,0,72,-117,0,0,100,0,48,304,48,32,0,93,-117,0,0,100,0,80,288,32,16,0,67,-116,0,0,100,0,48,288,32,16,0,29,-186,0,0,100,0,0,288,48,48,0,32,-159,0,0,100,0,192,48,48,48,0,102,-173,0,0,100,0,288,64,16,48,0,125,-163,0,0,100,0,240,192,16,16,0,0,-256,0,0,100,0,0,0,192,256,0,0,-256,0,0,100,0,544,344,192,256,0,
0,35,0,-256,0,0,100,0,352,344,192,256,0,60,-210,0,1,100,0,112,256,48,48,0,28,-207,0,1,100,0,112,304,32,32,0,69,-242,0,0,100,0,256,64,32,80,0,37,-231,0,0,100,0,240,64,16,48,0,20,-217,0,0,30,0,0,336,160,144,0,26,-197,0,0,100,0,192,0,64,48,0,135,-175,0,1,80,0,144,304,32,32,0,114,-171,0,0,100,0,192,208,64,80,0,82,-105,0,0,100,0,192,192,16,16,0,66,-108,0,0,100,0,192,176,16,16,0,82,-148,0,1,100,0,272,288,16,16,0,97,-173,0,1,100,0,256,288,16,16,0,106,-149,0,1,100,0,224,288,16,16,0,59,-180,0,0,50,0,432,256,80,64,0,58,-187,0,0,70,0,512,256,80,80,0,86,-131,0,0,100,0,352,32,16,32,0,73,-120,0,0,100,0,192,128,48,32,0,63,-152,0,0,100,0,544,96,32,48,0,69,-117,0,0,100,0,192,96,32,16,0,63,-120,0,0,100,0,640,96,32,16,0,94,-134,0,0,100,0,256,0,32,32,0,93,-119,0,0,100,0,192,112,32,16,0,47,-121,0,0,100,0,256,160,32,16,0,93,-193,0,0,100,0,0,256,64,32,0,127,-122,0,0,100,0,64,256,48,32,0,72,-117,0,0,100,0,48,304,48,32,0,93,-117,0,0,100,0,80,288,32,16,0,67,-116,0,0,100,0,48,288,32,16,0,29,-186,0,0,100,0,0,288,48,48,0,32,-159,0,0,100,0,192,48,48,48,0,102,-173,0,0,100,0,288,64,16,48,0,125,-163,0,0,100,0,224,192,16,16,0,0,-256,0,0,100,0,0,0,192,256,0,0,-256,0,0,100,0,544,344,192,256,0,
0,34,0,-256,0,0,100,0,352,344,192,256,0,60,-210,0,1,100,0,112,256,48,48,0,28,-207,0,1,100,0,112,304,32,32,0,69,-242,0,0,100,0,256,64,32,80,0,37,-231,0,0,100,0,240,64,16,48,0,20,-217,0,0,30,0,0,336,160,144,0,26,-197,0,0,100,0,192,0,64,48,0,135,-175,0,1,80,0,144,304,32,32,0,114,-171,0,0,100,0,192,208,64,80,0,82,-106,0,0,100,0,192,192,16,16,0,66,-109,0,0,100,0,192,176,16,16,0,82,-148,0,1,100,0,272,288,16,16,0,97,-173,0,1,100,0,256,288,16,16,0,106,-149,0,1,100,0,224,288,16,16,0,59,-180,0,0,50,0,432,256,80,64,0,58,-187,0,0,70,0,512,256,80,80,0,86,-132,0,0,100,0,352,32,16,32,0,73,-120,0,0,100,0,192,128,48,32,0,69,-117,0,0,100,0,192,96,32,16,0,59,-147,0,0,100,0,576,96,32,48,0,94,-135,0,0,100,0,256,0,32,32,0,93,-119,0,0,100,0,192,112,32,16,0,47,-121,0,0,100,0,288,160,32,16,0,93,-193,0,0,100,0,0,256,64,32,0,127,-122,0,0,100,0,64,256,48,32,0,72,-117,0,0,100,0,48,304,48,32,0,93,-117,0,0,100,0,80,288,32,16,0,67,-116,0,0,100,0,48,288,32,16,0,29,-186,0,0,100,0,0,288,48,48,0,32,-159,0,0,100,0,256,224,48,48,0,102,-173,0,0,100,0,288,64,16,48,0,125,-163,0,0,100,0,224,192,16,16,0,0,-256,0,0,100,0,0,0,192,256,0,0,-256,0,0,100,0,544,344,192,256,0,
0,36,0,-256,0,0,100,0,352,344,192,256,0,60,-210,0,1,100,0,112,256,48,48,0,28,-207,0,1,80,0,112,304,32,32,0,69,-242,0,0,100,0,256,64,32,80,0,37,-231,0,0,100,0,240,64,16,48,0,20,-217,0,0,30,0,0,336,160,144,0,26,-197,0,0,100,0,192,0,64,48,0,135,-175,0,1,70,0,144,304,32,32,0,114,-171,0,0,100,0,192,208,64,80,0,82,-105,0,0,100,0,192,192,16,16,0,66,-108,0,0,100,0,192,176,16,16,0,82,-148,0,1,100,0,256,288,16,16,0,97,-173,0,1,100,0,240,288,16,16,0,96,-157,0,1,100,0,192,288,32,32,0,67,-158,0,1,100,0,224,304,16,16,0,58,-187,0,0,100,0,512,256,80,80,0,86,-131,0,0,100,0,320,64,16,32,0,73,-120,0,0,100,0,192,128,48,32,0,69,-117,0,0,100,0,192,96,32,16,0,59,-147,0,0,100,0,608,96,32,48,0,94,-134,0,0,100,0,256,0,32,32,0,93,-119,0,0,100,0,192,112,32,16,0,47,-121,0,0,100,0,256,160,32,16,0,93,-193,0,0,100,0,0,256,64,32,0,127,-122,0,0,100,0,64,256,48,32,0,72,-117,0,0,100,0,48,304,48,32,0,93,-117,0,0,100,0,80,288,32,16,0,67,-116,0,0,100,0,48,288,32,16,0,29,-186,0,0,100,0,0,288,48,48,0,56,-159,0,0,100,0,224,112,16,16,0,55,-160,0,0,100,0,224,96,16,16,0,32,-159,0,0,100,0,192,48,48,48,0,102,-173,0,0,100,0,288,64,16,48,0,125,-163,0,0,100,0,208,192,16,16,0,0,-256,0,0,100,0,0,0,192,256,0,0,-256,0,0,100,0,544,344,192,256,0,
0,37,0,-256,0,0,100,0,352,344,192,256,0,60,-210,0,1,80,0,112,256,48,48,0,28,-207,0,1,70,0,112,304,32,32,0,69,-242,0,0,100,0,256,64,32,80,0,37,-231,0,0,100,0,240,64,16,48,0,20,-217,0,0,30,0,0,336,160,144,0,26,-197,0,0,100,0,192,0,64,48,0,135,-175,0,1,80,0,144,304,32,32,0,114,-171,0,0,100,0,192,208,64,80,0,83,-105,0,0,100,0,288,176,16,16,0,66,-108,0,0,100,0,192,176,16,16,0,82,-148,0,1,100,0,240,288,16,16,0,97,-173,0,1,100,0,256,288,16,16,0,106,-149,0,1,100,0,224,288,16,16,0,68,-159,0,1,100,0,224,288,16,16,0,58,-187,0,0,50,0,512,256,80,80,0,57,-180,0,0,70,0,592,256,80,64,0,86,-131,0,0,100,0,352,32,16,32,0,73,-120,0,0,100,0,192,128,48,32,0,69,-117,0,0,100,0,192,96,32,16,0,59,-147,0,0,100,0,608,96,32,48,0,95,-134,0,0,100,0,288,0,32,32,0,93,-119,0,0,100,0,192,112,32,16,0,47,-121,0,0,100,0,320,160,32,16,0,93,-193,0,0,100,0,0,256,64,32,0,127,-122,0,0,100,0,64,256,48,32,0,72,-117,0,0,100,0,48,304,48,32,0,93,-117,0,0,100,0,80,288,32,16,0,67,-116,0,0,100,0,48,288,32,16,0,29,-186,0,0,100,0,0,288,48,48,0,57,-139,0,0,100,0,224,112,16,16,0,55,-160,0,0,100,0,224,96,16,16,0,32,-159,0,0,100,0,192,48,48,48,0,102,-173,0,0,100,0,288,64,16,48,0,125,-163,0,0,100,0,224,192,16,16,0,0,-256,0,0,100,0,0,0,192,256,0,0,-256,0,0,100,0,544,344,192,256,0,
0,36,0,-256,0,0,100,0,352,344,192,256,0,60,-210,0,1,70,0,112,256,48,48,0,28,-207,0,1,70,0,112,304,32,32,0,69,-242,0,0,100,0,256,64,32,80,0,37,-231,0,0,100,0,240,64,16,48,0,20,-217,0,0,30,0,0,336,160,144,0,26,-197,0,0,100,0,192,0,64,48,0,135,-175,0,1,100,0,144,304,32,32,0,82,-103,0,0,100,0,304,176,16,16,0,66,-108,0,0,100,0,192,176,16,16,0,82,-148,0,1,100,0,256,288,16,16,0,97,-173,0,1,100,0,272,288,16,16,0,105,-148,0,1,100,0,224,304,16,16,0,58,-166,0,1,100,0,192,288,32,32,0,57,-180,0,0,100,0,592,256,80,64,0,86,-131,0,0,100,0,336,64,16,32,0,73,-120,0,0,100,0,192,128,48,32,0,69,-117,0,0,100,0,192,96,32,16,0,59,-147,0,0,100,0,608,96,32,48,0,96,-134,0,0,100,0,288,0,32,32,0,93,-119,0,0,100,0,192,112,32,16,0,114,-171,0,0,100,0,192,208,64,80,0,47,-121,0,0,100,0,352,160,32,16,0,93,-193,0,0,100,0,0,256,64,32,0,127,-122,0,0,100,0,64,256,48,32,0,72,-117,0,0,100,0,48,304,48,32,0,93,-117,0,0,100,0,80,288,32,16,0,67,-116,0,0,100,0,48,288,32,16,0,29,-186,0,0,100,0,0,288,48,48,0,57,-129,0,0,100,0,224,112,16,16,0,55,-160,0,0,100,0,224,96,16,16,0,32,-159,0,0,100,0,192,48,48,48,0,102,-173,0,0,100,0,288,64,16,48,0,125,-163,0,0,100,0,240,192,16,16,0,0,-256,0,0,100,0,0,0,192,256,0,0,-256,0,0,100,0,544,344,192,256,0,
0,36,0,-256,0,0,100,0,352,344,192,256,0,60,-210,0,1,70,0,112,256,48,48,0,28,-207,0,1,70,0,112,304,32,32,0,69,-242,0,0,100,0,256,64,32,80,0,37,-231,0,0,100,0,240,64,16,48,0,20,-217,0,0,30,0,0,336,160,144,0,26,-197,0,0,100,0,192,0,64,48,0,135,-175,0,1,100,0,144,304,32,32,0,84,-100,0,0,100,0,320,176,16,16,0,66,-108,0,0,100,0,192,176,16,16,0,82,-148,0,1,100,0,272,288,16,16,0,97,-173,0,1,100,0,256,288,16,16,0,68,-159,0,1,100,0,224,288,16,16,0,57,-180,0,0,50,0,592,256,80,64,0,62,-178,0,0,70,0,368,240,64,64,0,86,-131,0,0,100,0,352,32,16,32,0,73,-120,0,0,100,0,192,128,48,32,0,69,-117,0,0,100,0,192,96,32,16,0,59,-147,0,0,100,0,608,96,32,48,0,101,-133,0,0,100,0,320,0,32,32,0,93,-119,0,0,100,0,192,112,32,16,0,114,-171,0,0,100,0,192,208,64,80,0,47,-121,0,0,100,0,352,160,32,16,0,93,-193,0,0,100,0,0,256,64,32,0,127,-122,0,0,100,0,64,256,48,32,0,72,-117,0,0,100,0,48,304,48,32,0,93,-117,0,0,100,0,80,288,32,16,0,67,-116,0,0,100,0,48,288,32,16,0,29,-186,0,0,100,0,0,288,48,48,0,59,-130,0,0,100,0,224,112,16,16,0,55,-160,0,0,100,0,224,96,16,16,0,32,-159,0,0,100,0,192,48,48,48,0,102,-173,0,0,100,0,288,64,16,48,0,125,-163,0,0,100,0,224,192,16,16,0,0,-256,0,0,100,0,0,0,192,256,0,0,-256,0,0,100,0,544,344,192,256,0,
0,36,0,-256,0,0,100,0,352,344,192,256,0,60,-210,0,1,70,0,112,256,48,48,0,28,-207,0,1,70,0,112,304,32,32,0,69,-242,0,0,100,0,256,64,32,80,0,37,-231,0,0,100,0,240,64,16,48,0,20,-217,0,0,30,0,0,336,160,144,0,26,-197,0,0,100,0,192,0,64,48,0,135,-175,0,1,100,0,144,304,32,32,0,84,-100,0,0,100,0,320,176,16,16,0,66,-108,0,0,100,0,192,176,16,16,0,82,-148,0,1,100,0,272,288,16,16,0,97,-173,0,1,100,0,256,288,16,16,0,68,-159,0,1,100,0,224,288,16,16,0,57,-180,0,0,50,0,592,256,80,64,0,62,-178,0,0,70,0,368,240,64,64,0,86,-131,0,0,100,0,320,64,16,32,0,73,-120,0,0,100,0,192,128,48,32,0,69,-117,0,0,100,0,192,96,32,16,0,59,-147,0,0,100,0,608,96,32,48,0,105,-128,0,0,100,0,320,0,32,32,0,93,-119,0,0,100,0,192,112,32,16,0,114,-171,0,0,100,0,192,208,64,80,0,47,-121,0,0,100,0,352,160,32,16,0,93,-193,0,0,100,0,0,256,64,32,0,127,-122,0,0,100,0,64,256,48,32,0,72,-117,0,0,100,0,48,304,48,32,0,93,-117,0,0,100,0,80,288,32,16,0,67,-116,0,0,100,0,48,288,32,16,0,29,-186,0,0,100,0,0,288,48,48,0,61,-128,0,0,100,0,224,112,16,16,0,55,-160,0,0,100,0,224,96,16,16,0,32,-159,0,0,100,0,192,48,48,48,0,102,-173,0,0,100,0,288,64,16,48,0,125,-163,0,0,100,0,224,192,16,16,0,0,-256,0,0,100,0,0,0,192,256,0,0,-256,0,0,100,0,544,344,192,256,0,
0,35,0,-256,0,0,100,0,352,344,192,256,0,60,-210,0,1,70,0,112,256,48,48,0,28,-207,0,1,80,0,112,304,32,32,0,69,-242,0,0,100,0,256,64,32,80,0,37,-231,0,0,100,0,240,64,16,48,0,20,-217,0,0,30,0,0,336,160,144,0,26,-197,0,0,100,0,192,0,64,48,0,135,-175,0,1,100,0,144,304,32,32,0,84,-100,0,0,100,0,320,176,16,16,0,66,-108,0,0,100,0,192,176,16,16,0,97,-173,0,1,100,0,240,288,16,16,0,105,-148,0,1,100,0,224,304,16,16,0,67,-158,0,1,100,0,224,304,16,16,0,62,-178,0,0,100,0,368,240,64,64,0,86,-131,0,0,100,0,320,64,16,32,0,73,-120,0,0,100,0,192,128,48,32,0,69,-117,0,0,100,0,192,96,32,16,0,59,-147,0,0,100,0,608,96,32,48,0,106,-125,0,0,100,0,352,0,32,32,0,93,-119,0,0,100,0,192,112,32,16,0,114,-171,0,0,100,0,192,208,64,80,0,47,-121,0,0,100,0,352,160,32,16,0,93,-193,0,0,100,0,0,256,64,32,0,127,-122,0,0,100,0,64,256,48,32,0,72,-117,0,0,100,0,48,304,48,32,0,93,-117,0,0,100,0,80,288,32,16,0,67,-116,0,0,100,0,48,288,32,16,0,29,-186,0,0,100,0,0,288,48,48,0,63,-128,0,0,100,0,224,112,16,16,0,55,-160,0,0,100,0,224,96,16,16,0,32,-159,0,0,100,0,192,48,48,48,0,102,-173,0,0,100,0,288,64,16,48,0,125,-163,0,0,100,0,208,192,16,16,0,0,-256,0,0,100,0,0,0,192,256,0,0,-256,0,0,100,0,544,344,192,256,0,
0,36,0,-256,0,0,100,0,352,344,192,256,0,60,-210,0,1,70,0,112,256,48,48,0,28,-207,0,1,100,0,112,304,32,32,0,69,-242,0,0,100,0,256,64,32,80,0,37,-231,0,0,100,0,240,64,16,48,0,20,-217,0,0,30,0,0,336,160,144,0,26,-197,0,0,100,0,192,0,64,48,0,135,-175,0,1,100,0,144,304,32,32,0,84,-100,0,0,100,0,320,176,16,16,0,66,-108,0,0,100,0,192,176,16,16,0,82,-148,0,1,100,0,256,288,16,16,0,97,-173,0,1,100,0,240,288,16,16,0,105,-148,0,1,100,0,224,304,16,16,0,67,-158,0,1,100,0,224,304,16,16,0,62,-178,0,0,100,0,368,240,64,64,0,86,-131,0,0,100,0,352,32,16,32,0,73,-120,0,0,100,0,192,128,48,32,0,69,-117,0,0,100,0,192,96,32,16,0,59,-147,0,0,100,0,608,96,32,48,0,106,-124,0,0,100,0,352,0,32,32,0,114,-171,0,0,100,0,192,208,64,80,0,93,-119,0,0,100,0,192,112,32,16,0,47,-121,0,0,100,0,352,160,32,16,0,93,-193,0,0,100,0,0,256,64,32,0,127,-122,0,0,100,0,64,256,48,32,0,72,-117,0,0,100,0,48,304,48,32,0,93,-117,0,0,100,0,80,288,32,16,0,67,-116,0,0,100,0,48,288,32,16,0,29,-186,0,0,100,0,0,288,48,48,0,65,-128,0,0,100,0,224,112,16,16,0,55,-160,0,0,100,0,224,96,16,16,0,32,-159,0,0,100,0,192,48,48,48,0,102,-173,0,0,100,0,288,64,16,48,0,125,-163,0,0,100,0,208,192,16,16,0,0,-256,0,0,100,0,0,0,192,256,0,0,-256,0,0,100,0,544,344,192,256,0,
0,37,0,-256,0,0,100,0,352,344,192,256,0,60,-210,0,1,80,0,112,256,48,48,0,28,-207,0,1,100,0,112,304,32,32,0,69,-242,0,0,100,0,256,64,32,80,0,37,-231,0,0,100,0,240,64,16,48,0,20,-217,0,0,30,0,0,336,160,144,0,26,-197,0,0,100,0,192,0,64,48,0,135,-175,0,1,80,0,144,304,32,32,0,84,-100,0,0,100,0,320,176,16,16,0,66,-108,0,0,100,0,192,176,16,16,0,82,-148,0,1,100,0,240,288,16,16,0,97,-173,0,1,100,0,256,288,16,16,0,106,-149,0,1,100,0,224,288,16,16,0,62,-178,0,0,50,0,368,240,64,64,0,59,-180,0,0,70,0,432,256,80,64,0,86,-131,0,0,50,0,336,64,16,32,0,86,-131,0,0,100,0,352,32,16,32,0,73,-120,0,0,100,0,192,128,48,32,0,69,-117,0,0,100,0,192,96,32,16,0,59,-147,0,0,100,0,608,96,32,48,0,106,-124,0,0,100,0,352,0,32,32,0,114,-171,0,0,100,0,192,208,64,80,0,93,-119,0,0,100,0,192,112,32,16,0,47,-121,0,0,100,0,352,160,32,16,0,93,-193,0,0,100,0,0,256,64,32,0,127,-122,0,0,100,0,64,256,48,32,0,72,-117,0,0,100,0,48,304,48,32,0,93,-117,0,0,100,0,80,288,32,16,0,67,-116,0,0,100,0,48,288,32,16,0,29,-186,0,0,100,0,0,288,48,48,0,65,-128,0,0,100,0,224,112,16,16,0,55,-160,0,0,100,0,224,96,16,16,0,32,-159,0,0,100,0,192,48,48,48,0,102,-173,0,0,100,0,288,64,16,48,0,125,-163,0,0,100,0,224,192,16,16,0,0,-256,0,0,100,0,0,0,192,256,0,0,-256,0,0,100,0,544,344,192,256,0,
0,36,0,-256,0,0,100,0,352,344,192,256,0,60,-210,0,1,100,0,112,256,48,48,0,28,-207,0,1,100,0,112,304,32,32,0,69,-242,0,0,100,0,256,64,32,80,0,37,-231,0,0,100,0,240,64,16,48,0,20,-217,0,0,30,0,0,336,160,144,0,26,-197,0,0,100,0,192,0,64,48,0,135,-175,0,1,70,0,144,304,32,32,0,84,-100,0,0,100,0,320,176,16,16,0,66,-108,0,0,100,0,192,176,16,16,0,82,-148,0,1,100,0,256,288,16,16,0,97,-173,0,1,100,0,272,288,16,16,0,96,-157,0,1,100,0,192,288,32,32,0,67,-158,0,1,100,0,224,304,16,16,0,59,-180,0,0,80,0,432,256,80,64,0,86,-131,0,0,100,0,352,32,16,32,0,73,-120,0,0,100,0,192,128,48,32,0,69,-117,0,0,100,0,192,96,32,16,0,59,-147,0,0,100,0,608,96,32,48,0,106,-124,0,0,100,0,352,0,32,32,0,114,-171,0,0,100,0,192,208,64,80,0,93,-119,0,0,100,0,192,112,32,16,0,47,-121,0,0,100,0,352,160,32,16,0,93,-193,0,0,100,0,0,256,64,32,0,127,-122,0,0,100,0,64,256,48,32,0,72,-117,0,0,100,0,48,304,48,32,0,93,-117,0,0,100,0,80,288,32,16,0,67,-116,0,0,100,0,48,288,32,16,0,29,-186,0,0,100,0,0,288,48,48,0,65,-128,0,0,100,0,224,112,16,16,0,55,-160,0,0,100,0,224,96,16,16,0,32,-159,0,0,100,0,192,48,48,48,0,102,-173,0,0,100,0,288,64,16,48,0,125,-163,0,0,100,0,240,192,16,16,0,0,-256,0,0,100,0,0,0,192,256,0,0,-256,0,0,100,0,544,344,192,256,0,
0,37,0,-256,0,0,100,0,352,344,192,256,0,60,-210,0,1,100,0,112,256,48,48,0,28,-207,0,1,100,0,112,304,32,32,0,69,-242,0,0,100,0,256,64,32,80,0,37,-231,0,0,100,0,240,64,16,48,0,20,-217,0,0,30,0,0,336,160,144,0,26,-197,0,0,100,0,192,0,64,48,0,135,-175,0,1,80,0,144,304,32,32,0,84,-100,0,0,100,0,320,176,16,16,0,66,-108,0,0,100,0,192,176,16,16,0,82,-148,0,1,100,0,272,288,16,16,0,97,-173,0,1,100,0,256,288,16,16,0,106,-149,0,1,100,0,224,288,16,16,0,68,-159,0,1,100,0,224,288,16,16,0,59,-180,0,0,40,0,432,256,80,64,0,58,-187,0,0,60,0,512,256,80,80,0,86,-131,0,0,100,0,352,32,16,32,0,73,-120,0,0,100,0,192,128,48,32,0,69,-117,0,0,100,0,192,96,32,16,0,59,-147,0,0,100,0,608,96,32,48,0,106,-124,0,0,100,0,352,0,32,32,0,114,-171,0,0,100,0,192,208,64,80,0,93,-119,0,0,100,0,192,112,32,16,0,47,-121,0,0,100,0,352,160,32,16,0,93,-193,0,0,100,0,0,256,64,32,0,127,-122,0,0,100,0,64,256,48,32,0,72,-117,0,0,100,0,48,304,48,32,0,93,-117,0,0,100,0,80,288,32,16,0,67,-116,0,0,100,0,48,288,32,16,0,29,-186,0,0,100,0,0,288,48,48,0,65,-128,0,0,100,0,224,112,16,16,0,55,-160,0,0,100,0,224,96,16,16,0,32,-159,0,0,100,0,192,48,48,48,0,102,-173,0,0,100,0,288,64,16,48,0,125,-163,0,0,100,0,224,192,16,16,0,0,-256,0,0,100,0,0,0,192,256,0,0,-256,0,0,100,0,544,344,192,256,0,
0,36,0,-256,0,0,100,0,352,344,192,256,0,60,-210,0,1,100,0,112,256,48,48,0,28,-207,0,1,100,0,112,304,32,32,0,69,-242,0,0,100,0,256,64,32,80,0,37,-231,0,0,100,0,240,64,16,48,0,20,-217,0,0,30,0,0,336,160,144,0,26,-197,0,0,100,0,192,0,64,48,0,135,-175,0,1,100,0,144,304,32,32,0,84,-100,0,0,100,0,320,176,16,16,0,66,-108,0,0,100,0,192,176,16,16,0,82,-148,0,1,70,0,256,288,16,16,0,97,-173,0,1,70,0,240,288,16,16,0,105,-148,0,1,70,0,224,304,16,16,0,58,-166,0,1,70,0,192,288,32,32,0,58,-187,0,0,70,0,512,256,80,80,0,86,-131,0,0,100,0,352,32,16,32,0,73,-120,0,0,100,0,192,128,48,32,0,69,-117,0,0,100,0,192,96,32,16,0,59,-147,0,0,100,0,608,96,32,48,0,106,-124,0,0,100,0,352,0,32,32,0,114,-171,0,0,100,0,192,208,64,80,0,93,-119,0,0,100,0,192,112,32,16,0,47,-121,0,0,100,0,352,160,32,16,0,93,-193,0,0,100,0,0,256,64,32,0,127,-122,0,0,100,0,64,256,48,32,0,72,-117,0,0,100,0,48,304,48,32,0,93,-117,0,0,100,0,80,288,32,16,0,67,-116,0,0,100,0,48,288,32,16,0,29,-186,0,0,100,0,0,288,48,48,0,65,-128,0,0,100,0,224,112,16,16,0,55,-160,0,0,100,0,224,96,16,16,0,32,-159,0,0,100,0,192,48,48,48,0,102,-173,0,0,100,0,288,64,16,48,0,125,-163,0,0,100,0,208,192,16,16,0,0,-256,0,0,100,0,0,0,192,256,0,0,-256,0,0,100,0,544,344,192,256,0,
0,36,0,-256,0,0,100,0,352,344,192,256,0,60,-210,0,1,100,0,112,256,48,48,0,28,-207,0,1,80,0,112,304,32,32,0,69,-242,0,0,100,0,256,64,32,80,0,37,-231,0,0,100,0,240,64,16,48,0,20,-217,0,0,30,0,0,336,160,144,0,26,-197,0,0,100,0,192,0,64,48,0,135,-175,0,1,100,0,144,304,32,32,0,84,-100,0,0,100,0,320,176,16,16,0,66,-108,0,0,100,0,192,176,16,16,0,82,-148,0,1,30,0,240,288,16,16,0,97,-173,0,1,30,0,256,288,16,16,0,68,-159,0,1,30,0,224,288,16,16,0,58,-187,0,0,30,0,512,256,80,80,0,57,-180,0,0,30,0,592,256,80,64,0,86,-131,0,0,100,0,352,32,16,32,0,73,-120,0,0,100,0,192,128,48,32,0,69,-117,0,0,100,0,192,96,32,16,0,59,-147,0,0,100,0,608,96,32,48,0,106,-124,0,0,100,0,352,0,32,32,0,114,-171,0,0,100,0,192,208,64,80,0,93,-119,0,0,100,0,192,112,32,16,0,47,-121,0,0,100,0,352,160,32,16,0,93,-193,0,0,100,0,0,256,64,32,0,127,-122,0,0,100,0,64,256,48,32,0,72,-117,0,0,100,0,48,304,48,32,0,93,-117,0,0,100,0,80,288,32,16,0,67,-116,0,0,100,0,48,288,32,16,0,29,-186,0,0,100,0,0,288,48,48,0,74,-131,0,0,100,0,224,112,16,16,0,55,-160,0,0,100,0,224,96,16,16,0,32,-159,0,0,100,0,192,48,48,48,0,102,-173,0,0,100,0,288,64,16,48,0,125,-163,0,0,100,0,224,192,16,16,0,0,-256,0,0,100,0,0,0,192,256,0,0,-256,0,0,100,0,544,344,192,256,0,
0,34,0,-256,0,0,100,0,352,344,192,256,0,60,-210,0,1,100,0,112,256,48,48,0,28,-207,0,1,70,0,112,304,32,32,0,69,-242,0,0,100,0,256,64,32,80,0,37,-231,0,0,100,0,240,64,16,48,0,20,-217,0,0,30,0,0,336,160,144,0,26,-197,0,0,100,0,192,0,64,48,0,135,-175,0,1,100,0,144,304,32,32,0,84,-100,0,0,100,0,320,176,16,16,0,66,-108,0,0,100,0,192,176,16,16,0,82,-148,0,1,30,0,256,288,16,16,0,67,-158,0,1,30,0,224,304,16,16,0,57,-180,0,0,30,0,592,256,80,64,0,86,-131,0,0,100,0,352,32,16,32,0,73,-120,0,0,100,0,192,128,48,32,0,69,-117,0,0,100,0,192,96,32,16,0,59,-147,0,0,100,0,608,96,32,48,0,106,-124,0,0,100,0,352,0,32,32,0,114,-171,0,0,100,0,192,208,64,80,0,93,-119,0,0,100,0,192,112,32,16,0,47,-121,0,0,100,0,352,160,32,16,0,93,-193,0,0,100,0,0,256,64,32,0,127,-122,0,0,100,0,64,256,48,32,0,72,-117,0,0,100,0,48,304,48,32,0,93,-117,0,0,100,0,80,288,32,16,0,67,-116,0,0,100,0,48,288,32,16,0,29,-186,0,0,100,0,0,288,48,48,0,75,-132,0,0,100,0,224,112,16,16,0,55,-160,0,0,100,0,224,96,16,16,0,32,-159,0,0,100,0,192,48,48,48,0,102,-173,0,0,100,0,288,64,16,48,0,125,-163,0,0,100,0,240,192,16,16,0,0,-256,0,0,100,0,0,0,192,256,0,0,-256,0,0,100,0,544,344,192,256,0,
0,34,0,-256,0,0,100,0,352,344,192,256,0,60,-210,0,1,80,0,112,256,48,48,0,28,-207,0,1,70,0,112,304,32,32,0,69,-242,0,0,100,0,256,64,32,80,0,37,-231,0,0,100,0,240,64,16,48,0,20,-217,0,0,30,0,0,336,160,144,0,26,-197,0,0,100,0,192,0,64,48,0,135,-175,0,1,80,0,144,304,32,32,0,84,-100,0,0,100,0,320,176,16,16,0,66,-108,0,0,100,0,192,176,16,16,0,82,-148,0,1,15,0,272,288,16,16,0,57,-180,0,0,15,0,592,256,80,64,0,62,-178,0,0,15,0,368,240,64,64,0,86,-131,0,0,100,0,352,32,16,32,0,73,-120,0,0,100,0,192,128,48,32,0,69,-117,0,0,100,0,192,96,32,16,0,59,-147,0,0,100,0,608,96,32,48,0,106,-124,0,0,100,0,352,0,32,32,0,114,-171,0,0,100,0,192,208,64,80,0,93,-119,0,0,100,0,192,112,32,16,0,47,-121,0,0,100,0,352,160,32,16,0,93,-193,0,0,100,0,0,256,64,32,0,127,-122,0,0,100,0,64,256,48,32,0,72,-117,0,0,100,0,48,304,48,32,0,93,-117,0,0,100,0,80,288,32,16,0,67,-116,0,0,100,0,48,288,32,16,0,29,-186,0,0,100,0,0,288,48,48,0,75,-132,0,0,100,0,224,112,16,16,0,55,-160,0,0,100,0,224,96,16,16,0,32,-159,0,0,100,0,192,48,48,48,0,102,-173,0,0,100,0,288,64,16,48,0,125,-163,0,0,100,0,224,192,16,16,0,0,-256,0,0,100,0,0,0,192,256,0,0,-256,0,0,100,0,544,344,192,256,0,
0,32,0,-256,0,0,100,0,352,344,192,256,0,60,-210,0,1,70,0,112,256,48,48,0,28,-207,0,1,70,0,112,304,32,32,0,69,-242,0,0,100,0,256,64,32,80,0,37,-231,0,0,100,0,240,64,16,48,0,20,-217,0,0,30,0,0,336,160,144,0,26,-197,0,0,100,0,192,0,64,48,0,135,-175,0,1,70,0,144,304,32,32,0,84,-100,0,0,100,0,320,176,16,16,0,66,-108,0,0,100,0,192,176,16,16,0,62,-178,0,0,20,0,368,240,64,64,0,86,-131,0,0,100,0,352,32,16,32,0,73,-120,0,0,100,0,192,128,48,32,0,69,-117,0,0,100,0,192,96,32,16,0,59,-147,0,0,100,0,608,96,32,48,0,106,-124,0,0,100,0,352,0,32,32,0,114,-171,0,0,100,0,192,208,64,80,0,93,-119,0,0,100,0,192,112,32,16,0,47,-121,0,0,100,0,352,160,32,16,0,93,-193,0,0,100,0,0,256,64,32,0,127,-122,0,0,100,0,64,256,48,32,0,72,-117,0,0,100,0,48,304,48,32,0,93,-117,0,0,100,0,80,288,32,16,0,67,-116,0,0,100,0,48,288,32,16,0,29,-186,0,0,100,0,0,288,48,48,0,75,-132,0,0,100,0,224,112,16,16,0,55,-160,0,0,100,0,224,96,16,16,0,32,-159,0,0,100,0,192,48,48,48,0,102,-173,0,0,100,0,288,64,16,48,0,125,-163,0,0,100,0,208,192,16,16,0,0,-256,0,0,100,0,0,0,192,256,0,0,-256,0,0,100,0,544,344,192,256,0,
0,33,0,-256,0,0,100,0,352,344,192,256,0,60,-210,0,1,70,0,112,256,48,48,0,28,-207,0,1,80,0,112,304,32,32,0,69,-242,0,0,100,0,256,64,32,80,0,37,-231,0,0,100,0,240,64,16,48,0,20,-217,0,0,30,0,0,336,160,144,0,26,-197,0,0,100,0,192,0,64,48,0,135,-175,0,1,80,0,144,304,32,32,0,84,-100,0,0,100,0,320,176,16,16,0,66,-108,0,0,100,0,192,176,16,16,0,62,-178,0,0,5,0,368,240,64,64,0,59,-180,0,0,5,0,432,256,80,64,0,86,-131,0,0,100,0,352,32,16,32,0,73,-120,0,0,100,0,192,128,48,32,0,69,-117,0,0,100,0,192,96,32,16,0,59,-147,0,0,100,0,608,96,32,48,0,106,-124,0,0,100,0,352,0,32,32,0,114,-171,0,0,100,0,192,208,64,80,0,93,-119,0,0,100,0,192,112,32,16,0,47,-121,0,0,100,0,352,160,32,16,0,93,-193,0,0,100,0,0,256,64,32,0,127,-122,0,0,100,0,64,256,48,32,0,72,-117,0,0,100,0,48,304,48,32,0,93,-117,0,0,100,0,80,288,32,16,0,67,-116,0,0,100,0,48,288,32,16,0,29,-186,0,0,100,0,0,288,48,48,0,75,-132,0,0,100,0,224,112,16,16,0,55,-160,0,0,100,0,224,96,16,16,0,32,-159,0,0,100,0,192,48,48,48,0,102,-173,0,0,100,0,288,64,16,48,0,125,-163,0,0,100,0,224,192,16,16,0,0,-256,0,0,100,0,0,0,192,256,0,0,-256,0,0,100,0,544,344,192,256,0,
0,31,0,-256,0,0,100,0,352,344,192,256,0,60,-210,0,1,70,0,112,256,48,48,0,28,-207,0,1,100,0,112,304,32,32,0,69,-242,0,0,100,0,256,64,32,80,0,37,-231,0,0,100,0,240,64,16,48,0,20,-217,0,0,30,0,0,336,160,144,0,26,-197,0,0,100,0,192,0,64,48,0,135,-175,0,1,100,0,144,304,32,32,0,84,-100,0,0,100,0,320,176,16,16,0,66,-108,0,0,100,0,192,176,16,16,0,86,-131,0,0,100,0,352,32,16,32,0,73,-120,0,0,100,0,192,128,48,32,0,69,-117,0,0,100,0,192,96,32,16,0,59,-147,0,0,100,0,608,96,32,48,0,106,-124,0,0,100,0,352,0,32,32,0,114,-171,0,0,100,0,192,208,64,80,0,93,-119,0,0,100,0,192,112,32,16,0,47,-121,0,0,100,0,352,160,32,16,0,93,-193,0,0,100,0,0,256,64,32,0,127,-122,0,0,100,0,64,256,48,32,0,72,-117,0,0,100,0,48,304,48,32,0,93,-117,0,0,100,0,80,288,32,16,0,67,-116,0,0,100,0,48,288,32,16,0,29,-186,0,0,100,0,0,288,48,48,0,75,-132,0,0,100,0,224,112,16,16,0,55,-160,0,0,100,0,224,96,16,16,0,32,-159,0,0,100,0,192,48,48,48,0,102,-173,0,0,100,0,288,64,16,48,0,125,-163,0,0,100,0,240,192,16,16,0,0,-256,0,0,100,0,0,0,192,256,0,0,-256,0,0,100,0,544,344,192,256,0,
0,36,0,-256,0,0,100,0,352,344,192,256,0,60,-210,0,1,80,0,112,256,48,48,0,28,-207,0,1,100,0,112,304,32,32,0,69,-242,0,0,100,0,256,64,32,80,0,37,-231,0,0,100,0,240,64,16,48,0,20,-217,0,0,30,0,0,336,160,144,0,26,-197,0,0,100,0,192,0,64,48,0,135,-175,0,1,100,0,144,304,32,32,0,82,-105,0,0,20,0,192,192,16,16,0,84,-100,0,0,80,0,320,176,16,16,0,66,-108,0,0,100,0,192,176,16,16,0,86,-131,0,0,20,0,256,32,16,32,0,86,-131,0,0,80,0,352,32,16,32,0,73,-120,0,0,100,0,192,128,48,32,0,66,-155,0,0,20,0,384,0,32,48,0,69,-117,0,0,100,0,192,96,32,16,0,59,-147,0,0,80,0,608,96,32,48,0,94,-134,0,0,20,0,256,0,32,32,0,106,-124,0,0,80,0,352,0,32,32,0,114,-171,0,0,100,0,192,208,64,80,0,93,-119,0,0,100,0,192,112,32,16,0,47,-121,0,0,20,0,192,160,32,16,0,47,-121,0,0,80,0,352,160,32,16,0,93,-193,0,0,100,0,0,256,64,32,0,127,-122,0,0,100,0,64,256,48,32,0,72,-117,0,0,100,0,48,304,48,32,0,93,-117,0,0,100,0,80,288,32,16,0,67,-116,0,0,100,0,48,288,32,16,0,29,-186,0,0,100,0,0,288,48,48,0,75,-132,0,0,80,0,224,112,16,16,0,55,-160,0,0,80,0,224,96,16,16,0,32,-159,0,0,100,0,192,48,48,48,0,102,-173,0,0,100,0,288,64,16,48,0,125,-163,0,0,100,0,224,192,16,16,0,0,-256,0,0,100,0,0,0,192,256,0,0,-256,0,0,100,0,544,344,192,256,0,
0,36,0,-256,0,0,100,0,352,344,192,256,0,60,-210,0,1,100,0,112,256,48,48,0,28,-207,0,1,100,0,112,304,32,32,0,69,-242,0,0,100,0,256,64,32,80,0,37,-231,0,0,100,0,240,64,16,48,0,20,-217,0,0,30,0,0,336,160,144,0,26,-197,0,0,100,0,192,0,64,48,0,135,-175,0,1,80,0,144,304,32,32,0,82,-105,0,0,40,0,192,192,16,16,0,84,-100,0,0,60,0,320,176,16,16,0,66,-108,0,0,100,0,192,176,16,16,0,86,-131,0,0,40,0,256,32,16,32,0,86,-131,0,0,60,0,352,32,16,32,0,73,-120,0,0,100,0,192,128,48,32,0,66,-155,0,0,40,0,384,0,32,48,0,69,-117,0,0,100,0,192,96,32,16,0,59,-147,0,0,60,0,608,96,32,48,0,94,-134,0,0,40,0,256,0,32,32,0,106,-124,0,0,60,0,352,0,32,32,0,114,-171,0,0,100,0,192,208,64,80,0,93,-119,0,0,100,0,192,112,32,16,0,47,-121,0,0,40,0,192,160,32,16,0,47,-121,0,0,60,0,352,160,32,16,0,93,-193,0,0,100,0,0,256,64,32,0,127,-122,0,0,100,0,64,256,48,32,0,72,-117,0,0,100,0,48,304,48,32,0,93,-117,0,0,100,0,80,288,32,16,0,67,-116,0,0,100,0,48,288,32,16,0,29,-186,0,0,100,0,0,288,48,48,0,75,-132,0,0,60,0,224,112,16,16,0,55,-160,0,0,60,0,224,96,16,16,0,32,-159,0,0,100,0,192,48,48,48,0,102,-173,0,0,100,0,288,64,16,48,0,125,-163,0,0,100,0,208,192,16,16,0,0,-256,0,0,100,0,0,0,192,256,0,0,-256,0,0,100,0,544,344,192,256,0,
0,36,0,-256,0,0,100,0,352,344,192,256,0,60,-210,0,1,100,0,112,256,48,48,0,28,-207,0,1,100,0,112,304,32,32,0,69,-242,0,0,100,0,256,64,32,80,0,37,-231,0,0,100,0,240,64,16,48,0,20,-217,0,0,30,0,0,336,160,144,0,26,-197,0,0,100,0,192,0,64,48,0,135,-175,0,1,70,0,144,304,32,32,0,82,-105,0,0,60,0,192,192,16,16,0,84,-100,0,0,40,0,320,176,16,16,0,66,-108,0,0,100,0,192,176,16,16,0,86,-131,0,0,60,0,256,32,16,32,0,86,-131,0,0,40,0,352,32,16,32,0,73,-120,0,0,100,0,192,128,48,32,0,66,-155,0,0,60,0,384,0,32,48,0,69,-117,0,0,100,0,192,96,32,16,0,59,-147,0,0,40,0,608,96,32,48,0,94,-134,0,0,60,0,256,0,32,32,0,106,-124,0,0,40,0,352,0,32,32,0,114,-171,0,0,100,0,192,208,64,80,0,93,-119,0,0,100,0,192,112,32,16,0,47,-121,0,0,60,0,192,160,32,16,0,47,-121,0,0,40,0,352,160,32,16,0,93,-193,0,0,100,0,0,256,64,32,0,127,-122,0,0,100,0,64,256,48,32,0,72,-117,0,0,100,0,48,304,48,32,0,93,-117,0,0,100,0,80,288,32,16,0,67,-116,0,0,100,0,48,288,32,16,0,29,-186,0,0,100,0,0,288,48,48,0,75,-132,0,0,40,0,224,112,16,16,0,55,-160,0,0,40,0,224,96,16,16,0,32,-159,0,0,100,0,192,48,48,48,0,102,-173,0,0,100,0,288,64,16,48,0,125,-163,0,0,100,0,224,192,16,16,0,0,-256,0,0,100,0,0,0,192,256,0,0,-256,0,0,100,0,544,344,192,256,0,
0,36,0,-256,0,0,100,0,352,344,192,256,0,60,-210,0,1,100,0,112,256,48,48,0,28,-207,0,1,100,0,112,304,32,32,0,69,-242,0,0,100,0,256,64,32,80,0,37,-231,0,0,100,0,240,64,16,48,0,20,-217,0,0,30,0,0,336,160,144,0,26,-197,0,0,100,0,192,0,64,48,0,135,-175,0,1,80,0,144,304,32,32,0,82,-105,0,0,80,0,192,192,16,16,0,84,-100,0,0,20,0,320,176,16,16,0,66,-108,0,0,100,0,192,176,16,16,0,86,-131,0,0,80,0,256,32,16,32,0,86,-131,0,0,20,0,352,32,16,32,0,73,-120,0,0,100,0,192,128,48,32,0,66,-155,0,0,80,0,384,0,32,48,0,69,-117,0,0,100,0,192,96,32,16,0,59,-147,0,0,20,0,608,96,32,48,0,94,-134,0,0,80,0,256,0,32,32,0,106,-124,0,0,20,0,352,0,32,32,0,114,-171,0,0,100,0,192,208,64,80,0,93,-119,0,0,100,0,192,112,32,16,0,47,-121,0,0,80,0,192,160,32,16,0,47,-121,0,0,20,0,352,160,32,16,0,93,-193,0,0,100,0,0,256,64,32,0,127,-122,0,0,100,0,64,256,48,32,0,72,-117,0,0,100,0,48,304,48,32,0,93,-117,0,0,100,0,80,288,32,16,0,67,-116,0,0,100,0,48,288,32,16,0,29,-186,0,0,100,0,0,288,48,48,0,75,-132,0,0,20,0,224,112,16,16,0,55,-160,0,0,20,0,224,96,16,16,0,32,-159,0,0,100,0,192,48,48,48,0,102,-173,0,0,100,0,288,64,16,48,0,125,-163,0,0,100,0,240,192,16,16,0,0,-256,0,0,100,0,0,0,192,256,0,0,-256,0,0,100,0,544,344,192,256,0,
