0,13,0,-256,0,0,100,0,388,800,192,256,0,66,-149,0,1,100,0,240,112,16,16,0,74,-185,0,1,100,0,224,112,16,16,0,41,-151,0,1,100,0,208,112,16,16,0,75,-172,0,1,100,0,192,112,16,16,0,58,-139,0,0,100,0,448,144,48,48,0,79,-149,0,0,100,0,400,48,48,48,0,50,-151,0,0,100,0,272,0,32,48,0,33,-193,0,1,100,0,192,128,96,112,0,73,-176,0,0,100,0,192,0,80,80,0,50,-129,0,1,100,0,288,128,96,48,0,0,-256,0,0,100,0,0,0,192,256,0,0,-256,0,0,100,0,580,800,192,256,0,
0,13,0,-256,0,0,100,0,388,800,192,256,0,58,-139,0,0,100,0,448,144,48,48,0,79,-149,0,0,100,0,400,48,48,48,0,50,-151,0,0,100,0,272,0,32,48,0,67,-148,0,1,100,0,240,112,16,16,0,75,-186,0,1,100,0,224,112,16,16,0,40,-149,0,1,50,0,208,112,16,16,0,77,-171,0,1,100,0,192,112,16,16,0,33,-193,0,1,100,0,192,128,96,112,0,73,-176,0,0,100,0,192,0,80,80,0,50,-129,0,1,100,0,288,128,96,48,0,0,-256,0,0,100,0,0,0,192,256,0,0,-256,0,0,100,0,580,800,192,256,0,
0,12,0,-256,0,0,100,0,388,800,192,256,0,58,-139,0,0,100,0,448,96,48,48,0,79,-149,0,0,100,0,400,0,48,48,0,50,-151,0,0,100,0,272,0,32,48,0,68,-148,0,1,100,0,240,112,16,16,0,76,-187,0,1,100,0,224,112,16,16,0,79,-170,0,1,50,0,192,112,16,16,0,33,-193,0,1,100,0,192,128,96,112,0,73,-176,0,0,100,0,192,0,80,80,0,50,-129,0,1,100,0,288,128,96,48,0,0,-256,0,0,100,0,0,0,192,256,0,0,-256,0,0,100,0,580,800,192,256,0,
0,11,0,-256,0,0,100,0,388,800,192,256,0,58,-139,0,0,100,0,448,96,48,48,0,79,-149,0,0,100,0,400,0,48,48,0,50,-151,0,0,100,0,272,0,32,48,0,69,-149,0,1,100,0,240,112,16,16,0,77,-188,0,1,100,0,224,112,16,16,0,33,-193,0,1,100,0,192,128,96,112,0,73,-176,0,0,100,0,192,0,80,80,0,50,-129,0,1,100,0,288,128,96,48,0,0,-256,0,0,100,0,0,0,192,256,0,0,-256,0,0,100,0,580,800,192,256,0,
0,12,0,-256,0,0,100,0,388,800,192,256,0,58,-139,0,0,100,0,448,96,48,48,0,79,-149,0,0,100,0,400,0,48,48,0,50,-151,0,0,100,0,272,0,32,48,0,41,-154,0,1,50,0,240,112,16,16,0,70,-149,0,1,100,0,240,112,16,16,0,78,-189,0,1,50,0,224,112,16,16,0,33,-193,0,1,100,0,192,128,96,112,0,73,-176,0,0,100,0,192,0,80,80,0,50,-129,0,1,100,0,288,128,96,48,0,0,-256,0,0,100,0,0,0,192,256,0,0,-256,0,0,100,0,580,800,192,256,0,
0,11,0,-256,0,0,100,0,388,800,192,256,0,58,-139,0,0,100,0,448,96,48,48,0,79,-149,0,0,100,0,400,0,48,48,0,50,-151,0,0,100,0,272,0,32,48,0,42,-153,0,1,100,0,240,112,16,16,0,71,-149,0,1,50,0,240,112,16,16,0,33,-193,0,1,100,0,192,128,96,112,0,73,-176,0,0,100,0,192,0,80,80,0,50,-129,0,1,100,0,288,128,96,48,0,0,-256,0,0,100,0,0,0,192,256,0,0,-256,0,0,100,0,580,800,192,256,0,
0,10,0,-256,0,0,100,0,388,800,192,256,0,58,-139,0,0,100,0,448,96,48,48,0,79,-149,0,0,100,0,400,0,48,48,0,50,-151,0,0,100,0,272,0,32,48,0,43,-152,0,1,100,0,240,112,16,16,0,33,-193,0,1,100,0,192,128,96,112,0,73,-176,0,0,100,0,192,0,80,80,0,50,-129,0,1,100,0,288,128,96,48,0,0,-256,0,0,100,0,0,0,192,256,0,0,-256,0,0,100,0,580,800,192,256,0,
0,11,0,-256,0,0,100,0,388,800,192,256,0,58,-139,0,0,100,0,448,96,48,48,0,79,-149,0,0,100,0,400,0,48,48,0,50,-151,0,0,100,0,272,0,32,48,0,46,-178,0,1,50,0,224,112,16,16,0,44,-151,0,1,100,0,240,112,16,16,0,33,-193,0,1,100,0,192,128,96,112,0,73,-176,0,0,100,0,192,0,80,80,0,50,-129,0,1,100,0,288,128,96,48,0,0,-256,0,0,100,0,0,0,192,256,0,0,-256,0,0,100,0,580,800,192,256,0,
0,12,0,-256,0,0,100,0,388,800,192,256,0,58,-139,0,0,100,0,448,96,48,48,0,79,-149,0,0,100,0,400,0,48,48,0,50,-151,0,0,100,0,272,0,32,48,0,49,-177,0,1,100,0,224,112,16,16,0,45,-150,0,1,100,0,240,112,16,16,0,58,-163,0,1,100,0,240,112,16,16,0,33,-193,0,1,100,0,192,128,96,112,0,73,-176,0,0,100,0,192,0,80,80,0,50,-129,0,1,100,0,288,128,96,48,0,0,-256,0,0,100,0,0,0,192,256,0,0,-256,0,0,100,0,580,800,192,256,0,
0,11,0,-256,0,0,100,0,388,800,192,256,0,58,-139,0,0,100,0,448,96,48,48,0,79,-149,0,0,100,0,400,0,48,48,0,50,-151,0,0,100,0,272,0,32,48,0,50,-176,0,1,100,0,224,112,16,16,0,46,-149,0,1,50,0,240,112,16,16,0,33,-193,0,1,100,0,192,128,96,112,0,73,-176,0,0,100,0,192,0,80,80,0,50,-129,0,1,100,0,288,128,96,48,0,0,-256,0,0,100,0,0,0,192,256,0,0,-256,0,0,100,0,580,800,192,256,0,
0,10,0,-256,0,0,100,0,388,800,192,256,0,58,-139,0,0,100,0,448,96,48,48,0,79,-149,0,0,100,0,400,0,48,48,0,50,-151,0,0,100,0,272,0,32,48,0,51,-175,0,1,100,0,224,112,16,16,0,33,-193,0,1,100,0,192,128,96,112,0,73,-176,0,0,100,0,192,0,80,80,0,50,-129,0,1,100,0,288,128,96,48,0,0,-256,0,0,100,0,0,0,192,256,0,0,-256,0,0,100,0,580,800,192,256,0,
0,10,0,-256,0,0,100,0,388,800,192,256,0,58,-139,0,0,100,0,496,144,48,48,0,79,-149,0,0,100,0,400,0,48,48,0,50,-151,0,0,100,0,272,0,32,48,0,52,-174,0,1,100,0,224,112,16,16,0,33,-193,0,1,100,0,192,128,96,112,0,73,-176,0,0,100,0,192,0,80,80,0,50,-129,0,1,100,0,288,128,96,48,0,0,-256,0,0,100,0,0,0,192,256,0,0,-256,0,0,100,0,580,800,192,256,0,
0,10,0,-256,0,0,100,0,388,800,192,256,0,58,-139,0,0,100,0,496,144,48,48,0,79,-149,0,0,100,0,400,0,48,48,0,50,-151,0,0,100,0,272,0,32,48,0,54,-174,0,1,100,0,224,112,16,16,0,33,-193,0,1,100,0,192,128,96,112,0,73,-176,0,0,100,0,192,0,80,80,0,50,-129,0,1,100,0,288,128,96,48,0,0,-256,0,0,100,0,0,0,192,256,0,0,-256,0,0,100,0,580,800,192,256,0,
0,12,0,-256,0,0,100,0,388,800,192,256,0,106,-138,0,0,20,0,832,256,32,32,0,101,-161,0,1,20,0,768,368,64,48,0,58,-139,0,0,100,0,400,96,48,48,0,79,-149,0,0,100,0,400,0,48,48,0,50,-151,0,0,100,0,272,0,32,48,0,56,-174,0,1,100,0,224,112,16,16,0,33,-193,0,1,100,0,192,128,96,112,0,73,-176,0,0,100,0,192,0,80,80,0,50,-129,0,1,100,0,288,128,96,48,0,0,-256,0,0,100,0,0,0,192,256,0,0,-256,0,0,100,0,580,800,192,256,0,
0,13,0,-256,0,0,100,0,388,800,192,256,0,99,-147,0,0,50,0,832,256,32,32,0,97,-161,0,1,50,0,768,368,64,48,0,58,-139,0,0,100,0,400,96,48,48,0,79,-149,0,0,100,0,400,0,48,48,0,50,-151,0,0,100,0,272,0,32,48,0,37,-147,0,1,50,0,224,112,16,16,0,58,-174,0,1,100,0,224,112,16,16,0,33,-193,0,1,100,0,192,128,96,112,0,73,-176,0,0,100,0,192,0,80,80,0,50,-129,0,1,100,0,288,128,96,48,0,0,-256,0,0,100,0,0,0,192,256,0,0,-256,0,0,100,0,580,800,192,256,0,
0,13,0,-256,0,0,100,0,388,800,192,256,0,97,-153,0,0,100,0,832,256,32,32,0,93,-162,0,1,100,0,768,368,64,48,0,58,-139,0,0,100,0,448,96,48,48,0,79,-149,0,0,100,0,448,0,48,48,0,50,-151,0,0,100,0,272,0,32,48,0,39,-145,0,1,100,0,224,112,16,16,0,60,-173,0,1,100,0,224,112,16,16,0,33,-193,0,1,100,0,192,128,96,112,0,73,-176,0,0,100,0,192,0,80,80,0,50,-129,0,1,100,0,288,128,96,48,0,0,-256,0,0,100,0,0,0,192,256,0,0,-256,0,0,100,0,580,800,192,256,0,
0,13,0,-256,0,0,100,0,388,800,192,256,0,83,-159,0,0,100,0,832,256,32,32,0,88,-163,0,1,100,0,768,368,64,48,0,58,-139,0,0,100,0,448,96,48,48,0,79,-149,0,0,100,0,448,0,48,48,0,50,-151,0,0,100,0,272,0,32,48,0,41,-145,0,1,100,0,224,112,16,16,0,61,-172,0,1,100,0,224,112,16,16,0,33,-193,0,1,100,0,192,128,96,112,0,73,-176,0,0,100,0,192,0,80,80,0,50,-129,0,1,100,0,288,128,96,48,0,0,-256,0,0,100,0,0,0,192,256,0,0,-256,0,0,100,0,580,800,192,256,0,
0,14,0,-256,0,0,100,0,388,800,192,256,0,73,-157,0,0,100,0,832,256,32,32,0,84,-164,0,1,100,0,768,368,64,48,0,58,-139,0,0,100,0,592,96,48,48,0,79,-149,0,0,100,0,496,0,48,48,0,50,-151,0,0,100,0,272,0,32,48,0,43,-144,0,1,100,0,224,112,16,16,0,40,-143,0,1,50,0,240,112,16,16,0,62,-171,0,1,50,0,224,112,16,16,0,33,-193,0,1,100,0,192,128,96,112,0,73,-176,0,0,100,0,192,0,80,80,0,50,-129,0,1,100,0,288,128,96,48,0,0,-256,0,0,100,0,0,0,192,256,0,0,-256,0,0,100,0,580,800,192,256,0,
0,15,0,-256,0,0,100,0,388,800,192,256,0,144,-124,0,0,20,0,896,288,32,32,0,65,-155,0,0,100,0,832,256,32,32,0,79,-165,0,1,100,0,768,368,64,48,0,58,-139,0,0,100,0,592,96,48,48,0,79,-149,0,0,100,0,496,0,48,48,0,50,-151,0,0,100,0,272,0,32,48,0,46,-144,0,1,100,0,224,112,16,16,0,61,-161,0,1,50,0,240,112,16,16,0,41,-141,0,1,100,0,240,112,16,16,0,33,-193,0,1,100,0,192,128,96,112,0,73,-176,0,0,100,0,192,0,80,80,0,50,-129,0,1,100,0,288,128,96,48,0,0,-256,0,0,100,0,0,0,192,256,0,0,-256,0,0,100,0,580,800,192,256,0,
0,17,0,-256,0,0,100,0,388,800,192,256,0,136,-131,0,0,50,0,896,288,32,32,0,53,-155,0,0,100,0,832,256,32,32,0,127,-171,0,1,50,0,768,640,64,48,0,75,-166,0,1,100,0,768,368,64,48,0,58,-139,0,0,100,0,640,96,48,48,0,79,-149,0,0,100,0,544,0,48,48,0,50,-151,0,0,100,0,272,0,32,48,0,47,-179,0,1,50,0,224,112,16,16,0,48,-143,0,1,100,0,224,112,16,16,0,60,-159,0,1,100,0,240,112,16,16,0,43,-140,0,1,100,0,240,112,16,16,0,33,-193,0,1,100,0,192,128,96,112,0,73,-176,0,0,100,0,192,0,80,80,0,50,-129,0,1,100,0,288,128,96,48,0,0,-256,0,0,100,0,0,0,192,256,0,0,-256,0,0,100,0,580,800,192,256,0,
0,17,0,-256,0,0,100,0,388,800,192,256,0,130,-140,0,0,100,0,896,288,32,32,0,42,-156,0,0,100,0,832,256,32,32,0,120,-171,0,1,100,0,768,640,64,48,0,70,-167,0,1,100,0,768,368,64,48,0,58,-139,0,0,100,0,640,96,48,48,0,79,-149,0,0,100,0,544,0,48,48,0,50,-151,0,0,100,0,272,0,32,48,0,49,-179,0,1,100,0,224,112,16,16,0,51,-140,0,1,100,0,224,112,16,16,0,59,-156,0,1,100,0,240,112,16,16,0,46,-138,0,1,100,0,240,112,16,16,0,33,-193,0,1,100,0,192,128,96,112,0,73,-176,0,0,100,0,192,0,80,80,0,50,-129,0,1,100,0,288,128,96,48,0,0,-256,0,0,100,0,0,0,192,256,0,0,-256,0,0,100,0,580,800,192,256,0,
0,18,0,-256,0,0,100,0,388,800,192,256,0,60,-174,0,1,100,0,864,384,32,32,0,123,-150,0,0,100,0,896,288,32,32,0,32,-160,0,0,100,0,832,256,32,32,0,113,-171,0,1,100,0,768,640,64,48,0,61,-170,0,1,100,0,768,256,64,48,0,58,-139,0,0,100,0,688,96,48,48,0,79,-149,0,0,100,0,592,0,48,48,0,50,-151,0,0,100,0,272,0,32,48,0,50,-179,0,1,100,0,224,112,16,16,0,53,-140,0,1,100,0,224,112,16,16,0,58,-153,0,1,100,0,240,112,16,16,0,49,-136,0,1,50,0,240,112,16,16,0,33,-193,0,1,100,0,192,128,96,112,0,73,-176,0,0,100,0,192,0,80,80,0,50,-129,0,1,100,0,288,128,96,48,0,0,-256,0,0,100,0,0,0,192,256,0,0,-256,0,0,100,0,580,800,192,256,0,
0,18,0,-256,0,0,100,0,388,800,192,256,0,60,-174,0,1,100,0,864,416,32,32,0,152,-126,0,0,20,0,896,256,32,32,0,116,-156,0,0,100,0,896,288,32,32,0,22,-165,0,0,50,0,832,256,32,32,0,106,-171,0,1,100,0,768,640,64,48,0,56,-172,0,1,100,0,768,256,64,48,0,58,-139,0,0,100,0,688,96,48,48,0,79,-149,0,0,100,0,592,0,48,48,0,50,-151,0,0,100,0,272,0,32,48,0,51,-178,0,1,100,0,224,112,16,16,0,55,-140,0,1,50,0,224,112,16,16,0,56,-151,0,1,100,0,240,112,16,16,0,33,-193,0,1,100,0,192,128,96,112,0,73,-176,0,0,100,0,192,0,80,80,0,50,-129,0,1,100,0,288,128,96,48,0,0,-256,0,0,100,0,0,0,192,256,0,0,-256,0,0,100,0,580,800,192,256,0,
0,17,0,-256,0,0,100,0,388,800,192,256,0,60,-174,0,1,100,0,864,448,32,32,0,144,-123,0,0,50,0,896,256,32,32,0,108,-161,0,0,100,0,896,288,32,32,0,16,-175,0,0,20,0,832,256,32,32,0,99,-171,0,1,100,0,768,640,64,48,0,49,-175,0,1,100,0,768,256,64,48,0,58,-139,0,0,100,0,736,96,48,48,0,79,-149,0,0,100,0,640,0,48,48,0,50,-151,0,0,100,0,272,0,32,48,0,53,-178,0,1,100,0,224,112,16,16,0,55,-148,0,1,50,0,240,112,16,16,0,33,-193,0,1,100,0,192,128,96,112,0,73,-176,0,0,100,0,192,0,80,80,0,50,-129,0,1,100,0,288,128,96,48,0,0,-256,0,0,100,0,0,0,192,256,0,0,-256,0,0,100,0,580,800,192,256,0,
0,14,0,-256,0,0,100,0,388,800,192,256,0,137,-122,0,0,100,0,896,256,32,32,0,98,-162,0,0,100,0,896,288,32,32,0,91,-171,0,1,100,0,768,640,64,48,0,43,-177,0,1,100,0,768,256,64,48,0,58,-139,0,0,100,0,736,96,48,48,0,79,-149,0,0,100,0,640,0,48,48,0,50,-151,0,0,100,0,272,0,32,48,0,54,-178,0,1,100,0,224,112,16,16,0,33,-193,0,1,100,0,192,128,96,112,0,73,-176,0,0,100,0,192,0,80,80,0,50,-129,0,1,100,0,288,128,96,48,0,0,-256,0,0,100,0,0,0,192,256,0,0,-256,0,0,100,0,580,800,192,256,0,
0,17,0,-256,0,0,100,0,388,800,192,256,0,90,-174,0,1,100,0,864,384,32,32,0,151,-131,0,0,20,0,864,288,32,32,0,129,-122,0,0,100,0,896,256,32,32,0,87,-159,0,0,100,0,896,288,32,32,0,83,-171,0,1,100,0,768,640,64,48,0,33,-181,0,1,100,0,768,256,64,48,0,58,-139,0,0,100,0,400,96,48,48,0,79,-149,0,0,100,0,688,0,48,48,0,50,-151,0,0,100,0,272,0,32,48,0,59,-151,0,1,50,0,224,112,16,16,0,55,-178,0,1,50,0,224,112,16,16,0,33,-193,0,1,100,0,192,128,96,112,0,73,-176,0,0,100,0,192,0,80,80,0,50,-129,0,1,100,0,288,128,96,48,0,0,-256,0,0,100,0,0,0,192,256,0,0,-256,0,0,100,0,580,800,192,256,0,
0,18,0,-256,0,0,100,0,388,800,192,256,0,119,-136,0,1,100,0,864,384,32,32,0,90,-174,0,1,100,0,864,416,32,32,0,145,-129,0,0,50,0,864,288,32,32,0,121,-126,0,0,100,0,896,256,32,32,0,79,-153,0,0,100,0,896,288,32,32,0,120,-147,0,1,50,0,768,528,71,64,0,75,-171,0,1,100,0,768,640,64,48,0,27,-183,0,1,100,0,768,256,64,48,0,58,-139,0,0,100,0,400,96,48,48,0,79,-149,0,0,100,0,688,0,48,48,0,50,-151,0,0,100,0,272,0,32,48,0,61,-150,0,1,100,0,224,112,16,16,0,33,-193,0,1,100,0,192,128,96,112,0,73,-176,0,0,100,0,192,0,80,80,0,50,-129,0,1,100,0,288,128,96,48,0,0,-256,0,0,100,0,0,0,192,256,0,0,-256,0,0,100,0,580,800,192,256,0,
0,18,0,-256,0,0,100,0,388,800,192,256,0,119,-136,0,1,100,0,864,416,32,32,0,90,-174,0,1,100,0,864,448,32,32,0,135,-130,0,0,100,0,864,288,32,32,0,112,-127,0,0,100,0,896,256,32,32,0,65,-151,0,0,100,0,896,288,32,32,0,113,-151,0,1,100,0,768,528,73,64,0,58,-174,0,1,100,0,768,592,80,48,0,20,-198,0,1,100,0,768,304,64,64,0,58,-139,0,0,100,0,448,96,48,48,0,79,-149,0,0,100,0,736,0,48,48,0,50,-151,0,0,100,0,272,0,32,48,0,63,-150,0,1,100,0,224,112,16,16,0,33,-193,0,1,100,0,192,128,96,112,0,73,-176,0,0,100,0,192,0,80,80,0,50,-129,0,1,100,0,288,128,96,48,0,0,-256,0,0,100,0,0,0,192,256,0,0,-256,0,0,100,0,580,800,192,256,0,
0,19,0,-256,0,0,100,0,388,800,192,256,0,106,-180,0,1,100,0,864,384,32,32,0,119,-136,0,1,100,0,864,448,32,32,0,128,-136,0,0,100,0,864,288,32,32,0,104,-124,0,0,100,0,896,256,32,32,0,54,-152,0,0,100,0,896,288,32,32,0,106,-154,0,1,100,0,768,528,80,64,0,51,-176,0,1,100,0,768,592,80,48,0,13,-203,0,1,50,0,768,304,64,64,0,58,-139,0,0,100,0,448,96,48,48,0,79,-149,0,0,100,0,736,0,48,48,0,50,-151,0,0,100,0,272,0,32,48,0,65,-150,0,1,100,0,224,112,16,16,0,58,-187,0,1,50,0,240,112,16,16,0,33,-193,0,1,100,0,192,128,96,112,0,73,-176,0,0,100,0,192,0,80,80,0,50,-129,0,1,100,0,288,128,96,48,0,0,-256,0,0,100,0,0,0,192,256,0,0,-256,0,0,100,0,580,800,192,256,0,
0,19,0,-256,0,0,100,0,388,800,192,256,0,106,-180,0,1,100,0,864,416,32,32,0,120,-143,0,0,100,0,864,288,32,32,0,95,-121,0,0,100,0,896,256,32,32,0,45,-155,0,0,100,0,896,288,32,32,0,98,-157,0,1,100,0,768,528,80,64,0,43,-179,0,1,100,0,768,592,80,48,0,55,-138,0,0,100,0,832,96,32,32,0,58,-139,0,0,100,0,400,96,48,48,0,89,-142,0,0,100,0,800,0,32,32,0,79,-149,0,0,100,0,400,0,48,48,0,50,-151,0,0,100,0,272,0,32,48,0,66,-149,0,1,100,0,224,112,16,16,0,60,-186,0,1,100,0,240,112,16,16,0,33,-193,0,1,100,0,192,128,96,112,0,73,-176,0,0,100,0,192,0,80,80,0,50,-129,0,1,100,0,288,128,96,48,0,0,-256,0,0,100,0,0,0,192,256,0,0,-256,0,0,100,0,580,800,192,256,0,
0,19,0,-256,0,0,100,0,388,800,192,256,0,106,-180,0,1,100,0,864,448,32,32,0,115,-151,0,0,100,0,864,288,32,32,0,86,-121,0,0,100,0,896,256,32,32,0,35,-160,0,0,100,0,896,288,32,32,0,91,-160,0,1,100,0,768,528,80,64,0,34,-182,0,1,100,0,768,592,80,48,0,55,-138,0,0,100,0,832,96,32,32,0,58,-139,0,0,100,0,400,96,48,48,0,89,-142,0,0,100,0,800,0,32,32,0,79,-149,0,0,100,0,400,0,48,48,0,50,-151,0,0,100,0,272,0,32,48,0,67,-147,0,1,100,0,224,112,16,16,0,61,-185,0,1,100,0,240,112,16,16,0,33,-193,0,1,100,0,192,128,96,112,0,73,-176,0,0,100,0,192,0,80,80,0,50,-129,0,1,100,0,288,128,96,48,0,0,-256,0,0,100,0,0,0,192,256,0,0,-256,0,0,100,0,580,800,192,256,0,
0,18,0,-256,0,0,100,0,388,800,192,256,0,109,-158,0,0,100,0,864,288,32,32,0,77,-124,0,0,100,0,896,256,32,32,0,22,-166,0,0,50,0,896,288,32,32,0,84,-163,0,1,100,0,768,528,80,64,0,25,-185,0,1,100,0,768,592,80,48,0,51,-138,0,0,100,0,800,96,32,32,0,58,-139,0,0,100,0,448,96,48,48,0,89,-142,0,0,100,0,800,0,32,32,0,79,-149,0,0,100,0,448,0,48,48,0,50,-151,0,0,100,0,272,0,32,48,0,69,-147,0,1,100,0,224,112,16,16,0,63,-185,0,1,100,0,240,112,16,16,0,33,-193,0,1,100,0,192,128,96,112,0,73,-176,0,0,100,0,192,0,80,80,0,50,-129,0,1,100,0,288,128,96,48,0,0,-256,0,0,100,0,0,0,192,256,0,0,-256,0,0,100,0,580,800,192,256,0,
0,20,0,-256,0,0,100,0,388,800,192,256,0,44,-148,0,1,100,0,864,384,32,32,0,106,-165,0,0,100,0,864,288,32,32,0,68,-132,0,0,100,0,896,256,32,32,0,151,-159,0,0,20,0,864,256,32,32,0,14,-175,0,0,20,0,896,288,32,32,0,77,-166,0,1,100,0,768,528,80,64,0,17,-187,0,1,100,0,768,592,80,48,0,51,-138,0,0,100,0,800,96,32,32,0,58,-139,0,0,100,0,448,96,48,48,0,89,-142,0,0,100,0,800,0,32,32,0,79,-149,0,0,100,0,448,0,48,48,0,50,-151,0,0,100,0,272,0,32,48,0,70,-146,0,1,100,0,224,112,16,16,0,64,-184,0,1,100,0,240,112,16,16,0,33,-193,0,1,100,0,192,128,96,112,0,73,-176,0,0,100,0,192,0,80,80,0,50,-129,0,1,100,0,288,128,96,48,0,0,-256,0,0,100,0,0,0,192,256,0,0,-256,0,0,100,0,580,800,192,256,0,
0,20,0,-256,0,0,100,0,388,800,192,256,0,44,-148,0,1,100,0,864,416,32,32,0,77,-190,0,1,100,0,864,384,32,32,0,101,-172,0,0,100,0,864,288,32,32,0,62,-142,0,0,100,0,896,256,32,32,0,145,-156,0,0,50,0,864,256,32,32,0,70,-169,0,1,100,0,768,528,80,64,0,11,-190,0,1,100,0,768,592,80,48,0,55,-138,0,0,100,0,832,96,32,32,0,58,-139,0,0,100,0,592,96,48,48,0,88,-142,0,0,100,0,800,0,32,32,0,79,-149,0,0,100,0,496,0,48,48,0,50,-151,0,0,100,0,272,0,32,48,0,71,-145,0,1,100,0,224,112,16,16,0,66,-183,0,1,50,0,240,112,16,16,0,33,-193,0,1,100,0,192,128,96,112,0,73,-176,0,0,100,0,192,0,80,80,0,50,-129,0,1,100,0,288,128,96,48,0,0,-256,0,0,100,0,0,0,192,256,0,0,-256,0,0,100,0,580,800,192,256,0,
0,19,0,-256,0,0,100,0,388,800,192,256,0,44,-148,0,1,100,0,864,448,32,32,0,77,-190,0,1,100,0,864,416,32,32,0,96,-179,0,0,100,0,864,288,32,32,0,56,-151,0,0,100,0,896,256,32,32,0,135,-154,0,0,100,0,864,256,32,32,0,62,-172,0,1,100,0,768,528,80,64,0,3,-193,0,1,50,0,768,592,80,48,0,55,-138,0,0,100,0,832,96,32,32,0,58,-139,0,0,100,0,592,96,48,48,0,88,-142,0,0,100,0,800,0,32,32,0,79,-149,0,0,100,0,496,0,48,48,0,50,-151,0,0,100,0,272,0,32,48,0,72,-144,0,1,100,0,224,112,16,16,0,33,-193,0,1,100,0,192,128,96,112,0,73,-176,0,0,100,0,192,0,80,80,0,50,-129,0,1,100,0,288,128,96,48,0,0,-256,0,0,100,0,0,0,192,256,0,0,-256,0,0,100,0,580,800,192,256,0,
0,18,0,-256,0,0,100,0,388,800,192,256,0,77,-190,0,1,100,0,864,448,32,32,0,91,-181,0,0,100,0,864,288,32,32,0,48,-160,0,0,100,0,896,256,32,32,0,126,-156,0,0,100,0,864,256,32,32,0,114,-173,0,1,20,0,768,464,75,64,0,55,-175,0,1,100,0,768,528,80,64,0,51,-138,0,0,100,0,800,96,32,32,0,58,-139,0,0,100,0,640,96,48,48,0,88,-142,0,0,100,0,800,0,32,32,0,79,-149,0,0,100,0,544,0,48,48,0,50,-151,0,0,100,0,272,0,32,48,0,74,-143,0,1,50,0,224,112,16,16,0,33,-193,0,1,100,0,192,128,96,112,0,73,-176,0,0,100,0,192,0,80,80,0,50,-129,0,1,100,0,288,128,96,48,0,0,-256,0,0,100,0,0,0,192,256,0,0,-256,0,0,100,0,580,800,192,256,0,
0,16,0,-256,0,0,100,0,388,800,192,256,0,84,-182,0,0,100,0,864,288,32,32,0,42,-168,0,0,100,0,896,256,32,32,0,117,-160,0,0,100,0,864,256,32,32,0,108,-175,0,1,100,0,768,464,80,64,0,48,-177,0,1,100,0,768,528,80,64,0,51,-138,0,0,100,0,800,96,32,32,0,58,-139,0,0,100,0,640,96,48,48,0,88,-142,0,0,100,0,800,0,32,32,0,79,-149,0,0,100,0,544,0,48,48,0,50,-151,0,0,100,0,272,0,32,48,0,33,-193,0,1,100,0,192,128,96,112,0,73,-176,0,0,100,0,192,0,80,80,0,50,-129,0,1,100,0,288,128,96,48,0,0,-256,0,0,100,0,0,0,192,256,0,0,-256,0,0,100,0,580,800,192,256,0,
0,17,0,-256,0,0,100,0,388,800,192,256,0,77,-182,0,0,100,0,864,288,32,32,0,36,-176,0,0,100,0,896,256,32,32,0,109,-165,0,0,100,0,864,256,32,32,0,102,-176,0,1,100,0,768,464,80,64,0,41,-180,0,1,100,0,768,528,80,64,0,55,-138,0,0,100,0,832,96,32,32,0,58,-139,0,0,100,0,688,96,48,48,0,88,-142,0,0,100,0,800,0,32,32,0,79,-149,0,0,100,0,592,0,48,48,0,50,-151,0,0,100,0,272,0,32,48,0,57,-181,0,1,50,0,240,112,16,16,0,33,-193,0,1,100,0,192,128,96,112,0,73,-176,0,0,100,0,192,0,80,80,0,50,-129,0,1,100,0,288,128,96,48,0,0,-256,0,0,100,0,0,0,192,256,0,0,-256,0,0,100,0,580,800,192,256,0,
0,18,0,-256,0,0,100,0,388,800,192,256,0,150,-102,0,0,20,0,832,288,32,32,0,70,-181,0,0,100,0,864,288,32,32,0,27,-179,0,0,100,0,896,256,32,32,0,99,-170,0,0,100,0,864,256,32,32,0,95,-177,0,1,100,0,768,464,80,64,0,33,-183,0,1,100,0,768,528,80,64,0,55,-138,0,0,100,0,832,96,32,32,0,58,-139,0,0,100,0,688,96,48,48,0,88,-142,0,0,100,0,800,0,32,32,0,79,-149,0,0,100,0,592,0,48,48,0,50,-151,0,0,100,0,272,0,32,48,0,59,-181,0,1,100,0,240,112,16,16,0,33,-193,0,1,100,0,192,128,96,112,0,73,-176,0,0,100,0,192,0,80,80,0,50,-129,0,1,100,0,288,128,96,48,0,0,-256,0,0,100,0,0,0,192,256,0,0,-256,0,0,100,0,580,800,192,256,0,
0,19,0,-256,0,0,100,0,388,800,192,256,0,84,-152,0,1,100,0,864,384,32,32,0,142,-103,0,0,50,0,832,288,32,32,0,63,-179,0,0,100,0,864,288,32,32,0,17,-180,0,0,50,0,896,256,32,32,0,92,-173,0,0,100,0,864,256,32,32,0,89,-178,0,1,100,0,768,464,80,64,0,25,-186,0,1,100,0,768,528,80,64,0,51,-138,0,0,100,0,800,96,32,32,0,58,-139,0,0,100,0,736,96,48,48,0,88,-142,0,0,100,0,800,0,32,32,0,79,-149,0,0,100,0,640,0,48,48,0,50,-151,0,0,100,0,272,0,32,48,0,61,-181,0,1,100,0,240,112,16,16,0,33,-193,0,1,100,0,192,128,96,112,0,73,-176,0,0,100,0,192,0,80,80,0,50,-129,0,1,100,0,288,128,96,48,0,0,-256,0,0,100,0,0,0,192,256,0,0,-256,0,0,100,0,580,800,192,256,0,
0,19,0,-256,0,0,100,0,388,800,192,256,0,84,-152,0,1,100,0,864,416,32,32,0,135,-102,0,0,100,0,832,288,32,32,0,55,-178,0,0,100,0,864,288,32,32,0,8,-179,0,0,20,0,896,256,32,32,0,84,-175,0,0,100,0,864,256,32,32,0,83,-179,0,1,100,0,768,464,80,64,0,17,-189,0,1,100,0,768,528,80,64,0,51,-138,0,0,100,0,800,96,32,32,0,58,-139,0,0,100,0,736,96,48,48,0,88,-142,0,0,100,0,800,0,32,32,0,79,-149,0,0,100,0,640,0,48,48,0,50,-151,0,0,100,0,272,0,32,48,0,62,-180,0,1,100,0,240,112,16,16,0,33,-193,0,1,100,0,192,128,96,112,0,73,-176,0,0,100,0,192,0,80,80,0,50,-129,0,1,100,0,288,128,96,48,0,0,-256,0,0,100,0,0,0,192,256,0,0,-256,0,0,100,0,580,800,192,256,0,
0,18,0,-256,0,0,100,0,388,800,192,256,0,84,-152,0,1,100,0,864,448,32,32,0,128,-100,0,0,100,0,832,288,32,32,0,47,-178,0,0,100,0,864,288,32,32,0,75,-175,0,0,100,0,864,256,32,32,0,77,-180,0,1,100,0,768,464,80,64,0,8,-192,0,1,50,0,768,528,80,64,0,55,-138,0,0,100,0,832,96,32,32,0,58,-139,0,0,100,0,400,96,48,48,0,89,-142,0,0,100,0,800,0,32,32,0,79,-149,0,0,100,0,688,0,48,48,0,50,-151,0,0,100,0,272,0,32,48,0,63,-178,0,1,100,0,240,112,16,16,0,33,-193,0,1,100,0,192,128,96,112,0,73,-176,0,0,100,0,192,0,80,80,0,50,-129,0,1,100,0,288,128,96,48,0,0,-256,0,0,100,0,0,0,192,256,0,0,-256,0,0,100,0,580,800,192,256,0,
0,16,0,-256,0,0,100,0,388,800,192,256,0,120,-98,0,0,100,0,832,288,32,32,0,39,-180,0,0,100,0,864,288,32,32,0,65,-175,0,0,100,0,864,256,32,32,0,70,-181,0,1,100,0,768,464,80,64,0,55,-138,0,0,100,0,832,96,32,32,0,58,-139,0,0,100,0,400,96,48,48,0,89,-142,0,0,100,0,800,0,32,32,0,79,-149,0,0,100,0,688,0,48,48,0,50,-151,0,0,100,0,272,0,32,48,0,65,-178,0,1,50,0,240,112,16,16,0,33,-193,0,1,100,0,192,128,96,112,0,73,-176,0,0,100,0,192,0,80,80,0,50,-129,0,1,100,0,288,128,96,48,0,0,-256,0,0,100,0,0,0,192,256,0,0,-256,0,0,100,0,580,800,192,256,0,
0,17,0,-256,0,0,100,0,388,800,192,256,0,153,-133,0,0,20,0,864,256,32,32,0,113,-98,0,0,100,0,832,288,32,32,0,32,-182,0,0,100,0,864,288,32,32,0,58,-177,0,0,100,0,864,256,32,32,0,121,-156,0,1,20,0,768,368,64,48,0,61,-180,0,1,100,0,768,416,80,48,0,51,-138,0,0,100,0,800,96,32,32,0,58,-139,0,0,100,0,448,96,48,48,0,89,-142,0,0,100,0,800,0,32,32,0,79,-149,0,0,100,0,736,0,48,48,0,50,-151,0,0,100,0,272,0,32,48,0,33,-193,0,1,100,0,192,128,96,112,0,73,-176,0,0,100,0,192,0,80,80,0,50,-129,0,1,100,0,288,128,96,48,0,0,-256,0,0,100,0,0,0,192,256,0,0,-256,0,0,100,0,580,800,192,256,0,
0,17,0,-256,0,0,100,0,388,800,192,256,0,145,-131,0,0,50,0,864,256,32,32,0,105,-100,0,0,100,0,832,288,32,32,0,25,-185,0,0,100,0,864,288,32,32,0,49,-183,0,0,100,0,864,256,32,32,0,114,-157,0,1,100,0,768,368,64,48,0,54,-180,0,1,100,0,768,416,80,48,0,51,-138,0,0,100,0,800,96,32,32,0,58,-139,0,0,100,0,448,96,48,48,0,89,-142,0,0,100,0,800,0,32,32,0,79,-149,0,0,100,0,736,0,48,48,0,50,-151,0,0,100,0,272,0,32,48,0,33,-193,0,1,100,0,192,128,96,112,0,73,-176,0,0,100,0,192,0,80,80,0,50,-129,0,1,100,0,288,128,96,48,0,0,-256,0,0,100,0,0,0,192,256,0,0,-256,0,0,100,0,580,800,192,256,0,
0,19,0,-256,0,0,100,0,388,800,192,256,0,64,-191,0,1,100,0,864,384,32,32,0,152,-154,0,0,20,0,896,288,32,32,0,135,-129,0,0,100,0,864,256,32,32,0,98,-102,0,0,100,0,832,288,32,32,0,18,-190,0,0,50,0,864,288,32,32,0,41,-189,0,0,100,0,864,256,32,32,0,107,-158,0,1,100,0,768,368,64,48,0,48,-180,0,1,100,0,768,416,80,48,0,55,-138,0,0,100,0,832,96,32,32,0,58,-139,0,0,100,0,400,96,48,48,0,89,-142,0,0,100,0,800,0,32,32,0,79,-149,0,0,100,0,400,0,48,48,0,50,-151,0,0,100,0,272,0,32,48,0,33,-193,0,1,100,0,192,128,96,112,0,73,-176,0,0,100,0,192,0,80,80,0,50,-129,0,1,100,0,288,128,96,48,0,0,-256,0,0,100,0,0,0,192,256,0,0,-256,0,0,100,0,580,800,192,256,0,
0,20,0,-256,0,0,100,0,388,800,192,256,0,64,-191,0,1,100,0,864,416,32,32,0,84,-152,0,1,100,0,864,384,32,32,0,143,-152,0,0,50,0,896,288,32,32,0,126,-129,0,0,100,0,864,256,32,32,0,91,-106,0,0,100,0,832,288,32,32,0,11,-194,0,0,20,0,864,288,32,32,0,33,-192,0,0,100,0,864,256,32,32,0,100,-159,0,1,100,0,768,368,64,48,0,41,-180,0,1,100,0,768,416,80,48,0,55,-138,0,0,100,0,832,96,32,32,0,58,-139,0,0,100,0,400,96,48,48,0,89,-142,0,0,100,0,800,0,32,32,0,79,-149,0,0,100,0,400,0,48,48,0,50,-151,0,0,100,0,272,0,32,48,0,33,-193,0,1,100,0,192,128,96,112,0,73,-176,0,0,100,0,192,0,80,80,0,50,-129,0,1,100,0,288,128,96,48,0,0,-256,0,0,100,0,0,0,192,256,0,0,-256,0,0,100,0,580,800,192,256,0,
0,20,0,-256,0,0,100,0,388,800,192,256,0,64,-191,0,1,100,0,864,448,32,32,0,84,-152,0,1,100,0,864,416,32,32,0,127,-167,0,1,100,0,864,384,32,32,0,133,-150,0,0,100,0,896,288,32,32,0,117,-129,0,0,100,0,864,256,32,32,0,85,-110,0,0,100,0,832,288,32,32,0,25,-194,0,0,50,0,864,256,32,32,0,93,-160,0,1,100,0,768,368,64,48,0,34,-181,0,1,100,0,768,416,80,48,0,51,-138,0,0,100,0,800,96,32,32,0,58,-139,0,0,100,0,448,96,48,48,0,89,-142,0,0,100,0,800,0,32,32,0,79,-149,0,0,100,0,448,0,48,48,0,50,-151,0,0,100,0,272,0,32,48,0,33,-193,0,1,100,0,192,128,96,112,0,73,-176,0,0,100,0,192,0,80,80,0,50,-129,0,1,100,0,288,128,96,48,0,0,-256,0,0,100,0,0,0,192,256,0,0,-256,0,0,100,0,580,800,192,256,0,
0,20,0,-256,0,0,100,0,388,800,192,256,0,84,-152,0,1,100,0,864,448,32,32,0,127,-167,0,1,100,0,864,416,32,32,0,124,-150,0,0,100,0,896,288,32,32,0,107,-130,0,0,100,0,864,256,32,32,0,78,-113,0,0,100,0,832,288,32,32,0,16,-193,0,0,20,0,864,256,32,32,0,86,-161,0,1,100,0,768,368,64,48,0,26,-183,0,1,100,0,768,368,64,48,0,51,-138,0,0,100,0,800,96,32,32,0,58,-139,0,0,100,0,448,96,48,48,0,89,-142,0,0,100,0,800,0,32,32,0,79,-149,0,0,100,0,448,0,48,48,0,50,-151,0,0,100,0,272,0,32,48,0,42,-152,0,1,50,0,224,112,16,16,0,33,-193,0,1,100,0,192,128,96,112,0,73,-176,0,0,100,0,192,0,80,80,0,50,-129,0,1,100,0,288,128,96,48,0,0,-256,0,0,100,0,0,0,192,256,0,0,-256,0,0,100,0,580,800,192,256,0,
0,18,0,-256,0,0,100,0,388,800,192,256,0,127,-167,0,1,100,0,864,448,32,32,0,116,-150,0,0,100,0,896,288,32,32,0,99,-131,0,0,100,0,864,256,32,32,0,70,-114,0,0,100,0,832,288,32,32,0,79,-162,0,1,100,0,768,368,64,48,0,19,-186,0,1,100,0,768,368,64,48,0,55,-138,0,0,100,0,832,96,32,32,0,58,-139,0,0,100,0,592,96,48,48,0,88,-142,0,0,100,0,800,0,32,32,0,79,-149,0,0,100,0,496,0,48,48,0,50,-151,0,0,100,0,272,0,32,48,0,47,-150,0,1,50,0,224,112,16,16,0,33,-193,0,1,100,0,192,128,96,112,0,73,-176,0,0,100,0,192,0,80,80,0,50,-129,0,1,100,0,288,128,96,48,0,0,-256,0,0,100,0,0,0,192,256,0,0,-256,0,0,100,0,580,800,192,256,0,
0,18,0,-256,0,0,100,0,388,800,192,256,0,108,-151,0,0,100,0,896,288,32,32,0,92,-130,0,0,100,0,864,256,32,32,0,63,-114,0,0,100,0,832,288,32,32,0,127,-169,0,1,50,0,768,256,64,48,0,69,-174,0,1,100,0,768,304,64,64,0,11,-190,0,1,50,0,768,368,64,48,0,55,-138,0,0,100,0,832,96,32,32,0,58,-139,0,0,100,0,592,96,48,48,0,88,-142,0,0,100,0,800,0,32,32,0,79,-149,0,0,100,0,496,0,48,48,0,50,-151,0,0,100,0,272,0,32,48,0,49,-149,0,1,100,0,224,112,16,16,0,33,-193,0,1,100,0,192,128,96,112,0,73,-176,0,0,100,0,192,0,80,80,0,50,-129,0,1,100,0,288,128,96,48,0,0,-256,0,0,100,0,0,0,192,256,0,0,-256,0,0,100,0,580,800,192,256,0,
0,17,0,-256,0,0,100,0,388,800,192,256,0,100,-152,0,0,100,0,896,288,32,32,0,84,-129,0,0,100,0,864,256,32,32,0,55,-117,0,0,100,0,832,288,32,32,0,119,-169,0,1,100,0,768,256,64,48,0,63,-179,0,1,100,0,768,304,64,64,0,51,-138,0,0,100,0,800,96,32,32,0,58,-139,0,0,100,0,640,96,48,48,0,88,-142,0,0,100,0,800,0,32,32,0,79,-149,0,0,100,0,544,0,48,48,0,50,-151,0,0,100,0,272,0,32,48,0,53,-148,0,1,100,0,224,112,16,16,0,33,-193,0,1,100,0,192,128,96,112,0,73,-176,0,0,100,0,192,0,80,80,0,50,-129,0,1,100,0,288,128,96,48,0,0,-256,0,0,100,0,0,0,192,256,0,0,-256,0,0,100,0,580,800,192,256,0,
0,17,0,-256,0,0,100,0,388,800,192,256,0,90,-155,0,0,100,0,896,288,32,32,0,76,-130,0,0,100,0,864,256,32,32,0,48,-121,0,0,100,0,832,288,32,32,0,111,-169,0,1,100,0,768,256,64,48,0,59,-182,0,1,100,0,768,304,64,64,0,51,-138,0,0,100,0,800,96,32,32,0,58,-139,0,0,100,0,640,96,48,48,0,88,-142,0,0,100,0,800,0,32,32,0,79,-149,0,0,100,0,544,0,48,48,0,50,-151,0,0,100,0,272,0,32,48,0,57,-149,0,1,100,0,224,112,16,16,0,33,-193,0,1,100,0,192,128,96,112,0,73,-176,0,0,100,0,192,0,80,80,0,50,-129,0,1,100,0,288,128,96,48,0,0,-256,0,0,100,0,0,0,192,256,0,0,-256,0,0,100,0,580,800,192,256,0,
0,19,0,-256,0,0,100,0,388,800,192,256,0,95,-190,0,1,100,0,864,384,32,32,0,149,-139,0,0,20,0,832,288,32,32,0,81,-157,0,0,100,0,896,288,32,32,0,68,-135,0,0,100,0,864,256,32,32,0,42,-127,0,0,100,0,832,288,32,32,0,103,-174,0,1,100,0,768,640,64,48,0,55,-187,0,1,100,0,768,304,64,64,0,55,-138,0,0,100,0,832,96,32,32,0,58,-139,0,0,100,0,688,96,48,48,0,88,-142,0,0,100,0,800,0,32,32,0,79,-149,0,0,100,0,592,0,48,48,0,50,-151,0,0,100,0,272,0,32,48,0,60,-149,0,1,100,0,224,112,16,16,0,33,-193,0,1,100,0,192,128,96,112,0,73,-176,0,0,100,0,192,0,80,80,0,50,-129,0,1,100,0,288,128,96,48,0,0,-256,0,0,100,0,0,0,192,256,0,0,-256,0,0,100,0,580,800,192,256,0,
0,19,0,-256,0,0,100,0,388,800,192,256,0,95,-190,0,1,100,0,864,416,32,32,0,141,-137,0,0,50,0,832,288,32,32,0,73,-163,0,0,100,0,896,288,32,32,0,59,-142,0,0,100,0,864,256,32,32,0,36,-133,0,0,100,0,832,288,32,32,0,96,-174,0,1,100,0,768,640,64,48,0,46,-186,0,1,100,0,768,256,64,48,0,55,-138,0,0,100,0,832,96,32,32,0,58,-139,0,0,100,0,688,96,48,48,0,88,-142,0,0,100,0,800,0,32,32,0,79,-149,0,0,100,0,592,0,48,48,0,50,-151,0,0,100,0,272,0,32,48,0,63,-149,0,1,100,0,224,112,16,16,0,33,-193,0,1,100,0,192,128,96,112,0,73,-176,0,0,100,0,192,0,80,80,0,50,-129,0,1,100,0,288,128,96,48,0,0,-256,0,0,100,0,0,0,192,256,0,0,-256,0,0,100,0,580,800,192,256,0,
0,20,0,-256,0,0,100,0,388,800,192,256,0,95,-190,0,1,100,0,864,448,32,32,0,35,-197,0,1,100,0,864,384,32,32,0,134,-136,0,0,100,0,832,288,32,32,0,64,-170,0,0,100,0,896,288,32,32,0,49,-148,0,0,100,0,864,256,32,32,0,26,-136,0,0,100,0,832,288,32,32,0,88,-174,0,1,100,0,768,640,64,48,0,39,-188,0,1,100,0,768,256,64,48,0,51,-138,0,0,100,0,800,96,32,32,0,58,-139,0,0,100,0,736,96,48,48,0,88,-142,0,0,100,0,800,0,32,32,0,79,-149,0,0,100,0,640,0,48,48,0,50,-151,0,0,100,0,272,0,32,48,0,65,-148,0,1,100,0,224,112,16,16,0,33,-193,0,1,100,0,192,128,96,112,0,73,-176,0,0,100,0,192,0,80,80,0,50,-129,0,1,100,0,288,128,96,48,0,0,-256,0,0,100,0,0,0,192,256,0,0,-256,0,0,100,0,580,800,192,256,0,
0,19,0,-256,0,0,100,0,388,800,192,256,0,35,-197,0,1,100,0,864,416,32,32,0,125,-137,0,0,100,0,832,288,32,32,0,54,-173,0,0,100,0,896,288,32,32,0,40,-150,0,0,100,0,864,256,32,32,0,19,-135,0,0,50,0,832,288,32,32,0,80,-174,0,1,100,0,768,640,64,48,0,33,-190,0,1,100,0,768,256,64,48,0,51,-138,0,0,100,0,800,96,32,32,0,58,-139,0,0,100,0,736,96,48,48,0,88,-142,0,0,100,0,800,0,32,32,0,79,-149,0,0,100,0,640,0,48,48,0,50,-151,0,0,100,0,272,0,32,48,0,69,-147,0,1,100,0,224,112,16,16,0,33,-193,0,1,100,0,192,128,96,112,0,73,-176,0,0,100,0,192,0,80,80,0,50,-129,0,1,100,0,288,128,96,48,0,0,-256,0,0,100,0,0,0,192,256,0,0,-256,0,0,100,0,580,800,192,256,0,
0,20,0,-256,0,0,100,0,388,800,192,256,0,35,-197,0,1,100,0,864,448,32,32,0,147,-115,0,0,20,0,864,256,32,32,0,116,-142,0,0,100,0,832,288,32,32,0,46,-172,0,0,100,0,896,288,32,32,0,31,-150,0,0,100,0,864,256,32,32,0,10,-134,0,0,20,0,832,288,32,32,0,72,-174,0,1,100,0,768,640,64,48,0,26,-192,0,1,100,0,768,256,64,48,0,55,-138,0,0,100,0,832,96,32,32,0,58,-139,0,0,100,0,400,96,48,48,0,89,-142,0,0,100,0,800,0,32,32,0,79,-149,0,0,100,0,688,0,48,48,0,50,-151,0,0,100,0,272,0,32,48,0,71,-147,0,1,100,0,224,112,16,16,0,33,-193,0,1,100,0,192,128,96,112,0,73,-176,0,0,100,0,192,0,80,80,0,50,-129,0,1,100,0,288,128,96,48,0,0,-256,0,0,100,0,0,0,192,256,0,0,-256,0,0,100,0,580,800,192,256,0,
0,19,0,-256,0,0,100,0,388,800,192,256,0,138,-113,0,0,50,0,864,256,32,32,0,109,-147,0,0,100,0,832,288,32,32,0,35,-170,0,0,100,0,896,288,32,32,0,23,-148,0,0,100,0,864,256,32,32,0,116,-168,0,1,50,0,768,416,73,48,0,65,-174,0,1,100,0,768,640,64,48,0,19,-193,0,1,50,0,768,256,64,48,0,55,-138,0,0,100,0,832,96,32,32,0,58,-139,0,0,100,0,400,96,48,48,0,89,-142,0,0,100,0,800,0,32,32,0,79,-149,0,0,100,0,688,0,48,48,0,50,-151,0,0,100,0,272,0,32,48,0,74,-147,0,1,100,0,224,112,16,16,0,33,-193,0,1,100,0,192,128,96,112,0,73,-176,0,0,100,0,192,0,80,80,0,50,-129,0,1,100,0,288,128,96,48,0,0,-256,0,0,100,0,0,0,192,256,0,0,-256,0,0,100,0,580,800,192,256,0,
0,18,0,-256,0,0,100,0,388,800,192,256,0,128,-111,0,0,100,0,864,256,32,32,0,101,-150,0,0,100,0,832,288,32,32,0,25,-163,0,0,50,0,896,288,32,32,0,16,-145,0,0,50,0,864,256,32,32,0,108,-167,0,1,100,0,768,416,80,48,0,57,-174,0,1,100,0,768,640,64,48,0,51,-138,0,0,100,0,800,96,32,32,0,58,-139,0,0,100,0,448,96,48,48,0,89,-142,0,0,100,0,800,0,32,32,0,79,-149,0,0,100,0,736,0,48,48,0,50,-151,0,0,100,0,272,0,32,48,0,77,-146,0,1,100,0,224,112,16,16,0,33,-193,0,1,100,0,192,128,96,112,0,73,-176,0,0,100,0,192,0,80,80,0,50,-129,0,1,100,0,288,128,96,48,0,0,-256,0,0,100,0,0,0,192,256,0,0,-256,0,0,100,0,580,800,192,256,0,
0,18,0,-256,0,0,100,0,388,800,192,256,0,119,-110,0,0,100,0,864,256,32,32,0,93,-155,0,0,100,0,832,288,32,32,0,17,-157,0,0,20,0,896,288,32,32,0,9,-144,0,0,20,0,864,256,32,32,0,100,-166,0,1,100,0,768,416,80,48,0,48,-174,0,1,100,0,768,640,64,48,0,51,-138,0,0,100,0,800,96,32,32,0,58,-139,0,0,100,0,448,96,48,48,0,89,-142,0,0,100,0,800,0,32,32,0,79,-149,0,0,100,0,736,0,48,48,0,50,-151,0,0,100,0,272,0,32,48,0,80,-145,0,1,100,0,224,112,16,16,0,33,-193,0,1,100,0,192,128,96,112,0,73,-176,0,0,100,0,192,0,80,80,0,50,-129,0,1,100,0,288,128,96,48,0,0,-256,0,0,100,0,0,0,192,256,0,0,-256,0,0,100,0,580,800,192,256,0,
0,16,0,-256,0,0,100,0,388,800,192,256,0,109,-111,0,0,50,0,864,256,32,32,0,83,-157,0,0,50,0,832,288,32,32,0,92,-165,0,1,50,0,768,416,80,48,0,41,-174,0,1,50,0,768,640,64,48,0,55,-138,0,0,100,0,832,96,32,32,0,58,-139,0,0,100,0,448,144,48,48,0,88,-142,0,0,100,0,800,0,32,32,0,79,-149,0,0,100,0,448,48,48,48,0,50,-151,0,0,100,0,272,0,32,48,0,82,-144,0,1,50,0,224,112,16,16,0,33,-193,0,1,100,0,192,128,96,112,0,73,-176,0,0,100,0,192,0,80,80,0,50,-129,0,1,100,0,288,128,96,48,0,0,-256,0,0,100,0,0,0,192,256,0,0,-256,0,0,100,0,580,800,192,256,0,
0,18,0,-256,0,0,100,0,388,800,192,256,0,99,-114,0,0,20,0,864,256,32,32,0,74,-156,0,0,20,0,832,288,32,32,0,80,-164,0,1,20,0,768,368,64,48,0,34,-175,0,1,20,0,768,640,64,48,0,55,-138,0,0,100,0,832,96,32,32,0,66,-131,0,0,100,0,800,160,32,32,0,58,-139,0,0,100,0,544,144,48,48,0,88,-142,0,0,100,0,800,0,32,32,0,79,-149,0,0,100,0,448,48,48,48,0,50,-151,0,0,100,0,272,0,32,48,0,50,-145,0,1,50,0,240,112,16,16,0,59,-182,0,1,50,0,240,112,16,16,0,33,-193,0,1,100,0,192,128,96,112,0,73,-176,0,0,100,0,192,0,80,80,0,50,-129,0,1,100,0,288,128,96,48,0,0,-256,0,0,100,0,0,0,192,256,0,0,-256,0,0,100,0,580,800,192,256,0,
0,13,0,-256,0,0,100,0,388,800,192,256,0,67,-131,0,0,100,0,832,160,32,32,0,58,-139,0,0,100,0,544,144,48,48,0,88,-142,0,0,100,0,800,0,32,32,0,79,-149,0,0,100,0,448,48,48,48,0,50,-151,0,0,100,0,272,0,32,48,0,49,-143,0,1,100,0,240,112,16,16,0,60,-181,0,1,100,0,240,112,16,16,0,33,-193,0,1,100,0,192,128,96,112,0,73,-176,0,0,100,0,192,0,80,80,0,50,-129,0,1,100,0,288,128,96,48,0,0,-256,0,0,100,0,0,0,192,256,0,0,-256,0,0,100,0,580,800,192,256,0,
0,14,0,-256,0,0,100,0,388,800,192,256,0,67,-131,0,0,100,0,832,160,32,32,0,58,-139,0,0,100,0,544,144,48,48,0,88,-142,0,0,100,0,800,0,32,32,0,79,-149,0,0,100,0,448,48,48,48,0,50,-151,0,0,100,0,272,0,32,48,0,57,-153,0,1,50,0,240,112,16,16,0,48,-141,0,1,100,0,240,112,16,16,0,62,-181,0,1,100,0,240,112,16,16,0,33,-193,0,1,100,0,192,128,96,112,0,73,-176,0,0,100,0,192,0,80,80,0,50,-129,0,1,100,0,288,128,96,48,0,0,-256,0,0,100,0,0,0,192,256,0,0,-256,0,0,100,0,580,800,192,256,0,
0,14,0,-256,0,0,100,0,388,800,192,256,0,67,-131,0,0,100,0,832,160,32,32,0,58,-139,0,0,100,0,544,144,48,48,0,88,-142,0,0,100,0,800,0,32,32,0,79,-149,0,0,100,0,448,48,48,48,0,50,-151,0,0,100,0,272,0,32,48,0,59,-153,0,1,100,0,240,112,16,16,0,47,-139,0,1,100,0,240,112,16,16,0,63,-180,0,1,100,0,240,112,16,16,0,33,-193,0,1,100,0,192,128,96,112,0,73,-176,0,0,100,0,192,0,80,80,0,50,-129,0,1,100,0,288,128,96,48,0,0,-256,0,0,100,0,0,0,192,256,0,0,-256,0,0,100,0,580,800,192,256,0,
0,14,0,-256,0,0,100,0,388,800,192,256,0,67,-131,0,0,100,0,832,160,32,32,0,58,-139,0,0,100,0,544,144,48,48,0,88,-142,0,0,100,0,800,0,32,32,0,79,-149,0,0,100,0,448,48,48,48,0,50,-151,0,0,100,0,272,0,32,48,0,60,-152,0,1,100,0,240,112,16,16,0,47,-137,0,1,100,0,240,112,16,16,0,65,-180,0,1,50,0,240,112,16,16,0,33,-193,0,1,100,0,192,128,96,112,0,73,-176,0,0,100,0,192,0,80,80,0,50,-129,0,1,100,0,288,128,96,48,0,0,-256,0,0,100,0,0,0,192,256,0,0,-256,0,0,100,0,580,800,192,256,0,
0,13,0,-256,0,0,100,0,388,800,192,256,0,67,-131,0,0,100,0,832,160,32,32,0,58,-139,0,0,100,0,544,144,48,48,0,88,-142,0,0,100,0,800,0,32,32,0,79,-149,0,0,100,0,448,48,48,48,0,50,-151,0,0,100,0,272,0,32,48,0,61,-151,0,1,100,0,240,112,16,16,0,46,-135,0,1,100,0,240,112,16,16,0,33,-193,0,1,100,0,192,128,96,112,0,73,-176,0,0,100,0,192,0,80,80,0,50,-129,0,1,100,0,288,128,96,48,0,0,-256,0,0,100,0,0,0,192,256,0,0,-256,0,0,100,0,580,800,192,256,0,
0,12,0,-256,0,0,100,0,388,800,192,256,0,67,-131,0,0,100,0,832,160,32,32,0,58,-139,0,0,100,0,640,144,48,48,0,79,-149,0,0,100,0,448,48,48,48,0,50,-151,0,0,100,0,272,0,32,48,0,62,-150,0,1,100,0,240,112,16,16,0,45,-133,0,1,100,0,240,112,16,16,0,33,-193,0,1,100,0,192,128,96,112,0,73,-176,0,0,100,0,192,0,80,80,0,50,-129,0,1,100,0,288,128,96,48,0,0,-256,0,0,100,0,0,0,192,256,0,0,-256,0,0,100,0,580,800,192,256,0,
0,12,0,-256,0,0,100,0,388,800,192,256,0,67,-131,0,0,100,0,832,160,32,32,0,58,-139,0,0,100,0,688,144,48,48,0,79,-149,0,0,100,0,448,48,48,48,0,50,-151,0,0,100,0,272,0,32,48,0,63,-149,0,1,100,0,240,112,16,16,0,45,-131,0,1,50,0,240,112,16,16,0,33,-193,0,1,100,0,192,128,96,112,0,73,-176,0,0,100,0,192,0,80,80,0,50,-129,0,1,100,0,288,128,96,48,0,0,-256,0,0,100,0,0,0,192,256,0,0,-256,0,0,100,0,580,800,192,256,0,
0,11,0,-256,0,0,100,0,388,800,192,256,0,67,-131,0,0,100,0,832,160,32,32,0,58,-139,0,0,100,0,688,144,48,48,0,79,-149,0,0,100,0,448,48,48,48,0,50,-151,0,0,100,0,272,0,32,48,0,65,-149,0,1,100,0,240,112,16,16,0,33,-193,0,1,100,0,192,128,96,112,0,73,-176,0,0,100,0,192,0,80,80,0,50,-129,0,1,100,0,288,128,96,48,0,0,-256,0,0,100,0,0,0,192,256,0,0,-256,0,0,100,0,580,800,192,256,0,
0,11,0,-256,0,0,100,0,388,800,192,256,0,67,-131,0,0,100,0,832,160,32,32,0,58,-139,0,0,100,0,688,144,48,48,0,79,-149,0,0,100,0,448,48,48,48,0,50,-151,0,0,100,0,272,0,32,48,0,66,-148,0,1,100,0,240,112,16,16,0,33,-193,0,1,100,0,192,128,96,112,0,73,-176,0,0,100,0,192,0,80,80,0,50,-129,0,1,100,0,288,128,96,48,0,0,-256,0,0,100,0,0,0,192,256,0,0,-256,0,0,100,0,580,800,192,256,0,
0,12,0,-256,0,0,100,0,388,800,192,256,0,67,-131,0,0,100,0,832,160,32,32,0,58,-139,0,0,100,0,688,144,48,48,0,59,-124,0,0,100,0,800,128,48,32,0,79,-149,0,0,100,0,448,48,48,48,0,50,-151,0,0,100,0,272,0,32,48,0,67,-147,0,1,100,0,240,112,16,16,0,33,-193,0,1,100,0,192,128,96,112,0,73,-176,0,0,100,0,192,0,80,80,0,50,-129,0,1,100,0,288,128,96,48,0,0,-256,0,0,100,0,0,0,192,256,0,0,-256,0,0,100,0,580,800,192,256,0,
0,12,0,-256,0,0,100,0,388,800,192,256,0,67,-131,0,0,100,0,832,160,32,32,0,58,-139,0,0,100,0,688,144,48,48,0,59,-124,0,0,100,0,848,128,48,32,0,79,-149,0,0,100,0,448,48,48,48,0,50,-151,0,0,100,0,272,0,32,48,0,68,-146,0,1,50,0,240,112,16,16,0,33,-193,0,1,100,0,192,128,96,112,0,73,-176,0,0,100,0,192,0,80,80,0,50,-129,0,1,100,0,288,128,96,48,0,0,-256,0,0,100,0,0,0,192,256,0,0,-256,0,0,100,0,580,800,192,256,0,
0,12,0,-256,0,0,100,0,388,800,192,256,0,67,-131,0,0,100,0,832,160,32,32,0,58,-139,0,0,100,0,688,144,48,48,0,59,-124,0,0,100,0,800,128,48,32,0,79,-149,0,0,100,0,592,48,48,48,0,50,-151,0,0,100,0,272,0,32,48,0,62,-157,0,1,100,0,240,112,16,16,0,33,-193,0,1,100,0,192,128,96,112,0,73,-176,0,0,100,0,192,0,80,80,0,50,-129,0,1,100,0,288,128,96,48,0,0,-256,0,0,100,0,0,0,192,256,0,0,-256,0,0,100,0,580,800,192,256,0,
0,12,0,-256,0,0,100,0,388,800,192,256,0,67,-131,0,0,100,0,832,160,32,32,0,58,-139,0,0,100,0,688,144,48,48,0,59,-124,0,0,100,0,848,128,48,32,0,79,-149,0,0,100,0,448,48,48,48,0,50,-151,0,0,100,0,272,0,32,48,0,60,-153,0,1,100,0,240,112,16,16,0,33,-193,0,1,100,0,192,128,96,112,0,73,-176,0,0,100,0,192,0,80,80,0,50,-129,0,1,100,0,288,128,96,48,0,0,-256,0,0,100,0,0,0,192,256,0,0,-256,0,0,100,0,580,800,192,256,0,
0,14,0,-256,0,0,100,0,388,800,192,256,0,67,-131,0,0,100,0,832,160,32,32,0,58,-139,0,0,100,0,688,144,48,48,0,59,-124,0,0,100,0,800,128,48,32,0,76,-150,0,0,100,0,832,96,32,32,0,79,-149,0,0,100,0,448,48,48,48,0,50,-151,0,0,100,0,272,0,32,48,0,58,-149,0,1,100,0,240,112,16,16,0,72,-148,0,1,50,0,240,112,16,16,0,33,-193,0,1,100,0,192,128,96,112,0,73,-176,0,0,100,0,192,0,80,80,0,50,-129,0,1,100,0,288,128,96,48,0,0,-256,0,0,100,0,0,0,192,256,0,0,-256,0,0,100,0,580,800,192,256,0,
0,14,0,-256,0,0,100,0,388,800,192,256,0,67,-131,0,0,100,0,832,160,32,32,0,58,-139,0,0,100,0,688,144,48,48,0,59,-124,0,0,100,0,848,128,48,32,0,76,-150,0,0,100,0,832,96,32,32,0,79,-149,0,0,100,0,448,48,48,48,0,50,-151,0,0,100,0,272,0,32,48,0,57,-145,0,1,100,0,240,112,16,16,0,74,-146,0,1,100,0,240,112,16,16,0,33,-193,0,1,100,0,192,128,96,112,0,73,-176,0,0,100,0,192,0,80,80,0,50,-129,0,1,100,0,288,128,96,48,0,0,-256,0,0,100,0,0,0,192,256,0,0,-256,0,0,100,0,580,800,192,256,0,
0,14,0,-256,0,0,100,0,388,800,192,256,0,67,-131,0,0,100,0,832,160,32,32,0,58,-139,0,0,100,0,688,144,48,48,0,59,-124,0,0,100,0,800,128,48,32,0,76,-150,0,0,100,0,800,96,32,32,0,79,-149,0,0,100,0,448,48,48,48,0,50,-151,0,0,100,0,272,0,32,48,0,55,-138,0,1,100,0,240,112,16,16,0,76,-146,0,1,100,0,240,112,16,16,0,33,-193,0,1,100,0,192,128,96,112,0,73,-176,0,0,100,0,192,0,80,80,0,50,-129,0,1,100,0,288,128,96,48,0,0,-256,0,0,100,0,0,0,192,256,0,0,-256,0,0,100,0,580,800,192,256,0,
0,13,0,-256,0,0,100,0,388,800,192,256,0,67,-131,0,0,100,0,832,160,32,32,0,58,-139,0,0,100,0,688,144,48,48,0,59,-124,0,0,100,0,848,128,48,32,0,76,-150,0,0,100,0,800,96,32,32,0,79,-149,0,0,100,0,448,48,48,48,0,50,-151,0,0,100,0,272,0,32,48,0,78,-145,0,1,100,0,240,112,16,16,0,33,-193,0,1,100,0,192,128,96,112,0,73,-176,0,0,100,0,192,0,80,80,0,50,-129,0,1,100,0,288,128,96,48,0,0,-256,0,0,100,0,0,0,192,256,0,0,-256,0,0,100,0,580,800,192,256,0,
0,15,0,-256,0,0,100,0,388,800,192,256,0,67,-131,0,0,100,0,832,160,32,32,0,58,-139,0,0,100,0,688,144,48,48,0,59,-124,0,0,100,0,800,128,48,32,0,71,-148,0,0,100,0,832,96,32,32,0,74,-147,0,0,100,0,688,48,48,48,0,50,-151,0,0,100,0,272,0,32,48,0,62,-183,0,1,100,0,240,112,16,16,0,38,-161,0,1,100,0,240,112,16,16,0,80,-145,0,1,100,0,240,112,16,16,0,33,-193,0,1,100,0,192,128,96,112,0,73,-176,0,0,100,0,192,0,80,80,0,50,-129,0,1,100,0,288,128,96,48,0,0,-256,0,0,100,0,0,0,192,256,0,0,-256,0,0,100,0,580,800,192,256,0,
0,15,0,-256,0,0,100,0,388,800,192,256,0,67,-131,0,0,100,0,832,160,32,32,0,58,-139,0,0,100,0,688,144,48,48,0,59,-124,0,0,100,0,848,128,48,32,0,67,-146,0,0,100,0,832,96,32,32,0,70,-145,0,0,100,0,688,48,48,48,0,50,-151,0,0,100,0,272,0,32,48,0,61,-179,0,1,100,0,240,112,16,16,0,42,-159,0,1,100,0,240,112,16,16,0,82,-146,0,1,50,0,240,112,16,16,0,33,-193,0,1,100,0,192,128,96,112,0,73,-176,0,0,100,0,192,0,80,80,0,50,-129,0,1,100,0,288,128,96,48,0,0,-256,0,0,100,0,0,0,192,256,0,0,-256,0,0,100,0,580,800,192,256,0,
0,14,0,-256,0,0,100,0,388,800,192,256,0,67,-131,0,0,100,0,832,160,32,32,0,58,-139,0,0,100,0,688,144,48,48,0,59,-124,0,0,100,0,800,128,48,32,0,66,-145,0,0,100,0,800,96,32,32,0,69,-144,0,0,100,0,640,48,48,48,0,50,-151,0,0,100,0,272,0,32,48,0,61,-176,0,1,100,0,240,112,16,16,0,45,-159,0,1,100,0,240,112,16,16,0,33,-193,0,1,100,0,192,128,96,112,0,73,-176,0,0,100,0,192,0,80,80,0,50,-129,0,1,100,0,288,128,96,48,0,0,-256,0,0,100,0,0,0,192,256,0,0,-256,0,0,100,0,580,800,192,256,0,
0,14,0,-256,0,0,100,0,388,800,192,256,0,67,-131,0,0,100,0,832,160,32,32,0,58,-139,0,0,100,0,688,144,48,48,0,59,-124,0,0,100,0,848,128,48,32,0,66,-145,0,0,100,0,800,96,32,32,0,69,-144,0,0,100,0,640,48,48,48,0,50,-151,0,0,100,0,272,0,32,48,0,60,-173,0,1,100,0,240,112,16,16,0,49,-157,0,1,100,0,240,112,16,16,0,33,-193,0,1,100,0,192,128,96,112,0,73,-176,0,0,100,0,192,0,80,80,0,50,-129,0,1,100,0,288,128,96,48,0,0,-256,0,0,100,0,0,0,192,256,0,0,-256,0,0,100,0,580,800,192,256,0,
0,14,0,-256,0,0,100,0,388,800,192,256,0,67,-131,0,0,100,0,832,160,32,32,0,58,-139,0,0,100,0,688,144,48,48,0,59,-124,0,0,100,0,800,128,48,32,0,71,-148,0,0,100,0,832,96,32,32,0,69,-144,0,0,100,0,640,48,48,48,0,50,-151,0,0,100,0,272,0,32,48,0,57,-171,0,1,100,0,240,112,16,16,0,53,-156,0,1,100,0,240,112,16,16,0,33,-193,0,1,100,0,192,128,96,112,0,73,-176,0,0,100,0,192,0,80,80,0,50,-129,0,1,100,0,288,128,96,48,0,0,-256,0,0,100,0,0,0,192,256,0,0,-256,0,0,100,0,580,800,192,256,0,
0,15,0,-256,0,0,100,0,388,800,192,256,0,67,-131,0,0,100,0,832,160,32,32,0,58,-139,0,0,100,0,688,144,48,48,0,59,-124,0,0,100,0,848,128,48,32,0,71,-148,0,0,100,0,832,96,32,32,0,69,-144,0,0,100,0,640,48,48,48,0,50,-151,0,0,100,0,272,0,32,48,0,55,-167,0,1,50,0,240,112,16,16,0,56,-156,0,1,100,0,240,112,16,16,0,79,-189,0,1,50,0,240,112,16,16,0,33,-193,0,1,100,0,192,128,96,112,0,73,-176,0,0,100,0,192,0,80,80,0,50,-129,0,1,100,0,288,128,96,48,0,0,-256,0,0,100,0,0,0,192,256,0,0,-256,0,0,100,0,580,800,192,256,0,
0,14,0,-256,0,0,100,0,388,800,192,256,0,67,-131,0,0,100,0,832,160,32,32,0,58,-139,0,0,100,0,688,144,48,48,0,59,-124,0,0,100,0,800,128,48,32,0,66,-145,0,0,100,0,800,96,32,32,0,69,-144,0,0,100,0,640,48,48,48,0,50,-151,0,0,100,0,272,0,32,48,0,59,-156,0,1,100,0,240,112,16,16,0,82,-190,0,1,100,0,240,112,16,16,0,33,-193,0,1,100,0,192,128,96,112,0,73,-176,0,0,100,0,192,0,80,80,0,50,-129,0,1,100,0,288,128,96,48,0,0,-256,0,0,100,0,0,0,192,256,0,0,-256,0,0,100,0,580,800,192,256,0,
0,14,0,-256,0,0,100,0,388,800,192,256,0,67,-131,0,0,100,0,832,160,32,32,0,58,-139,0,0,100,0,688,144,48,48,0,59,-124,0,0,100,0,848,128,48,32,0,66,-145,0,0,100,0,800,96,32,32,0,69,-144,0,0,100,0,640,48,48,48,0,50,-151,0,0,100,0,272,0,32,48,0,62,-154,0,1,100,0,240,112,16,16,0,83,-189,0,1,100,0,240,112,16,16,0,33,-193,0,1,100,0,192,128,96,112,0,73,-176,0,0,100,0,192,0,80,80,0,50,-129,0,1,100,0,288,128,96,48,0,0,-256,0,0,100,0,0,0,192,256,0,0,-256,0,0,100,0,580,800,192,256,0,
0,14,0,-256,0,0,100,0,388,800,192,256,0,67,-131,0,0,100,0,832,160,32,32,0,58,-139,0,0,100,0,688,144,48,48,0,59,-124,0,0,100,0,800,128,48,32,0,71,-148,0,0,100,0,832,96,32,32,0,69,-144,0,0,100,0,496,48,48,48,0,50,-151,0,0,100,0,272,0,32,48,0,68,-152,0,1,100,0,240,112,16,16,0,85,-188,0,1,100,0,240,112,16,16,0,33,-193,0,1,100,0,192,128,96,112,0,73,-176,0,0,100,0,192,0,80,80,0,50,-129,0,1,100,0,288,128,96,48,0,0,-256,0,0,100,0,0,0,192,256,0,0,-256,0,0,100,0,580,800,192,256,0,
0,14,0,-256,0,0,100,0,388,800,192,256,0,67,-131,0,0,100,0,832,160,32,32,0,58,-139,0,0,100,0,688,144,48,48,0,59,-124,0,0,100,0,848,128,48,32,0,71,-148,0,0,100,0,832,96,32,32,0,69,-144,0,0,100,0,544,48,48,48,0,50,-151,0,0,100,0,272,0,32,48,0,71,-151,0,1,100,0,240,112,16,16,0,87,-187,0,1,100,0,240,112,16,16,0,33,-193,0,1,100,0,192,128,96,112,0,73,-176,0,0,100,0,192,0,80,80,0,50,-129,0,1,100,0,288,128,96,48,0,0,-256,0,0,100,0,0,0,192,256,0,0,-256,0,0,100,0,580,800,192,256,0,
0,14,0,-256,0,0,100,0,388,800,192,256,0,67,-131,0,0,100,0,832,160,32,32,0,58,-139,0,0,100,0,688,144,48,48,0,59,-124,0,0,100,0,800,128,48,32,0,66,-145,0,0,100,0,800,96,32,32,0,69,-144,0,0,100,0,496,48,48,48,0,50,-151,0,0,100,0,272,0,32,48,0,75,-149,0,1,100,0,240,112,16,16,0,89,-187,0,1,100,0,240,112,16,16,0,33,-193,0,1,100,0,192,128,96,112,0,73,-176,0,0,100,0,192,0,80,80,0,50,-129,0,1,100,0,288,128,96,48,0,0,-256,0,0,100,0,0,0,192,256,0,0,-256,0,0,100,0,580,800,192,256,0,
0,14,0,-256,0,0,100,0,388,800,192,256,0,67,-131,0,0,100,0,832,160,32,32,0,58,-139,0,0,100,0,688,144,48,48,0,59,-124,0,0,100,0,848,128,48,32,0,66,-145,0,0,100,0,800,96,32,32,0,69,-144,0,0,100,0,640,48,48,48,0,50,-151,0,0,100,0,272,0,32,48,0,80,-146,0,1,100,0,240,112,16,16,0,90,-185,0,1,100,0,240,112,16,16,0,33,-193,0,1,100,0,192,128,96,112,0,73,-176,0,0,100,0,192,0,80,80,0,50,-129,0,1,100,0,288,128,96,48,0,0,-256,0,0,100,0,0,0,192,256,0,0,-256,0,0,100,0,580,800,192,256,0,
0,13,0,-256,0,0,100,0,388,800,192,256,0,67,-131,0,0,100,0,832,160,32,32,0,58,-139,0,0,100,0,688,144,48,48,0,59,-124,0,0,100,0,800,128,48,32,0,69,-144,0,0,100,0,496,48,48,48,0,50,-151,0,0,100,0,272,0,32,48,0,85,-146,0,1,100,0,240,112,16,16,0,91,-184,0,1,100,0,240,112,16,16,0,33,-193,0,1,100,0,192,128,96,112,0,73,-176,0,0,100,0,192,0,80,80,0,50,-129,0,1,100,0,288,128,96,48,0,0,-256,0,0,100,0,0,0,192,256,0,0,-256,0,0,100,0,580,800,192,256,0,
0,13,0,-256,0,0,100,0,388,800,192,256,0,67,-131,0,0,100,0,832,160,32,32,0,58,-139,0,0,100,0,688,144,48,48,0,59,-124,0,0,100,0,848,128,48,32,0,69,-144,0,0,100,0,544,48,48,48,0,50,-151,0,0,100,0,272,0,32,48,0,89,-146,0,1,100,0,240,112,16,16,0,92,-182,0,1,50,0,240,112,16,16,0,33,-193,0,1,100,0,192,128,96,112,0,73,-176,0,0,100,0,192,0,80,80,0,50,-129,0,1,100,0,288,128,96,48,0,0,-256,0,0,100,0,0,0,192,256,0,0,-256,0,0,100,0,580,800,192,256,0,
0,12,0,-256,0,0,100,0,388,800,192,256,0,67,-131,0,0,100,0,832,160,32,32,0,58,-139,0,0,100,0,688,144,48,48,0,59,-124,0,0,50,0,800,128,48,32,0,69,-144,0,0,100,0,496,48,48,48,0,50,-151,0,0,100,0,272,0,32,48,0,93,-146,0,1,50,0,240,112,16,16,0,33,-193,0,1,100,0,192,128,96,112,0,73,-176,0,0,100,0,192,0,80,80,0,50,-129,0,1,100,0,288,128,96,48,0,0,-256,0,0,100,0,0,0,192,256,0,0,-256,0,0,100,0,580,800,192,256,0,
0,11,0,-256,0,0,100,0,388,800,192,256,0,67,-131,0,0,100,0,832,160,32,32,0,58,-139,0,0,100,0,688,144,48,48,0,69,-144,0,0,100,0,640,48,48,48,0,50,-151,0,0,100,0,272,0,32,48,0,51,-182,0,1,50,0,240,112,16,16,0,33,-193,0,1,100,0,192,128,96,112,0,73,-176,0,0,100,0,192,0,80,80,0,50,-129,0,1,100,0,288,128,96,48,0,0,-256,0,0,100,0,0,0,192,256,0,0,-256,0,0,100,0,580,800,192,256,0,
0,11,0,-256,0,0,100,0,388,800,192,256,0,67,-131,0,0,100,0,832,160,32,32,0,58,-139,0,0,100,0,688,144,48,48,0,69,-144,0,0,100,0,640,48,48,48,0,50,-151,0,0,100,0,272,0,32,48,0,50,-181,0,1,100,0,240,112,16,16,0,33,-193,0,1,100,0,192,128,96,112,0,73,-176,0,0,100,0,192,0,80,80,0,50,-129,0,1,100,0,288,128,96,48,0,0,-256,0,0,100,0,0,0,192,256,0,0,-256,0,0,100,0,580,800,192,256,0,
0,11,0,-256,0,0,100,0,388,800,192,256,0,67,-131,0,0,100,0,832,160,32,32,0,58,-139,0,0,100,0,688,144,48,48,0,69,-144,0,0,100,0,640,48,48,48,0,50,-151,0,0,100,0,272,0,32,48,0,49,-179,0,1,100,0,240,112,16,16,0,33,-193,0,1,100,0,192,128,96,112,0,73,-176,0,0,100,0,192,0,80,80,0,50,-129,0,1,100,0,288,128,96,48,0,0,-256,0,0,100,0,0,0,192,256,0,0,-256,0,0,100,0,580,800,192,256,0,
0,11,0,-256,0,0,100,0,388,800,192,256,0,66,-131,0,0,100,0,800,160,32,32,0,58,-139,0,0,100,0,640,144,48,48,0,69,-144,0,0,100,0,640,48,48,48,0,50,-151,0,0,100,0,272,0,32,48,0,48,-177,0,1,100,0,240,112,16,16,0,33,-193,0,1,100,0,192,128,96,112,0,73,-176,0,0,100,0,192,0,80,80,0,50,-129,0,1,100,0,288,128,96,48,0,0,-256,0,0,100,0,0,0,192,256,0,0,-256,0,0,100,0,580,800,192,256,0,
0,11,0,-256,0,0,100,0,388,800,192,256,0,66,-131,0,0,100,0,800,160,32,32,0,58,-139,0,0,100,0,544,144,48,48,0,69,-144,0,0,100,0,640,48,48,48,0,50,-151,0,0,100,0,272,0,32,48,0,47,-176,0,1,100,0,240,112,16,16,0,33,-193,0,1,100,0,192,128,96,112,0,73,-176,0,0,100,0,192,0,80,80,0,50,-129,0,1,100,0,288,128,96,48,0,0,-256,0,0,100,0,0,0,192,256,0,0,-256,0,0,100,0,580,800,192,256,0,
0,11,0,-256,0,0,100,0,388,800,192,256,0,66,-131,0,0,100,0,800,160,32,32,0,58,-139,0,0,100,0,544,144,48,48,0,69,-144,0,0,100,0,640,48,48,48,0,50,-151,0,0,100,0,272,0,32,48,0,46,-173,0,1,100,0,240,112,16,16,0,33,-193,0,1,100,0,192,128,96,112,0,73,-176,0,0,100,0,192,0,80,80,0,50,-129,0,1,100,0,288,128,96,48,0,0,-256,0,0,100,0,0,0,192,256,0,0,-256,0,0,100,0,580,800,192,256,0,
0,12,0,-256,0,0,100,0,388,800,192,256,0,66,-131,0,0,100,0,800,160,32,32,0,58,-139,0,0,100,0,544,144,48,48,0,69,-144,0,0,100,0,640,48,48,48,0,50,-151,0,0,100,0,272,0,32,48,0,35,-152,0,1,50,0,240,112,16,16,0,44,-170,0,1,50,0,240,112,16,16,0,33,-193,0,1,100,0,192,128,96,112,0,73,-176,0,0,100,0,192,0,80,80,0,50,-129,0,1,100,0,288,128,96,48,0,0,-256,0,0,100,0,0,0,192,256,0,0,-256,0,0,100,0,580,800,192,256,0,
0,11,0,-256,0,0,100,0,388,800,192,256,0,66,-131,0,0,100,0,800,160,32,32,0,58,-139,0,0,100,0,544,144,48,48,0,69,-144,0,0,100,0,640,48,48,48,0,50,-151,0,0,100,0,272,0,32,48,0,34,-150,0,1,100,0,240,112,16,16,0,33,-193,0,1,100,0,192,128,96,112,0,73,-176,0,0,100,0,192,0,80,80,0,50,-129,0,1,100,0,288,128,96,48,0,0,-256,0,0,100,0,0,0,192,256,0,0,-256,0,0,100,0,580,800,192,256,0,
0,11,0,-256,0,0,100,0,388,800,192,256,0,66,-131,0,0,100,0,800,160,32,32,0,58,-139,0,0,100,0,544,144,48,48,0,69,-144,0,0,100,0,640,48,48,48,0,50,-151,0,0,100,0,272,0,32,48,0,34,-148,0,1,100,0,240,112,16,16,0,33,-193,0,1,100,0,192,128,96,112,0,73,-176,0,0,100,0,192,0,80,80,0,50,-129,0,1,100,0,288,128,96,48,0,0,-256,0,0,100,0,0,0,192,256,0,0,-256,0,0,100,0,580,800,192,256,0,
0,11,0,-256,0,0,100,0,388,800,192,256,0,66,-131,0,0,100,0,800,160,32,32,0,58,-139,0,0,100,0,544,144,48,48,0,69,-144,0,0,100,0,640,48,48,48,0,50,-151,0,0,100,0,272,0,32,48,0,35,-146,0,1,100,0,240,112,16,16,0,33,-193,0,1,100,0,192,128,96,112,0,73,-176,0,0,100,0,192,0,80,80,0,50,-129,0,1,100,0,288,128,96,48,0,0,-256,0,0,100,0,0,0,192,256,0,0,-256,0,0,100,0,580,800,192,256,0,
0,12,0,-256,0,0,100,0,388,800,192,256,0,66,-131,0,0,100,0,800,160,32,32,0,58,-139,0,0,100,0,544,144,48,48,0,78,-137,0,0,100,0,864,0,32,32,0,69,-144,0,0,100,0,640,48,48,48,0,50,-151,0,0,100,0,272,0,32,48,0,36,-144,0,1,100,0,240,112,16,16,0,33,-193,0,1,100,0,192,128,96,112,0,73,-176,0,0,100,0,192,0,80,80,0,50,-129,0,1,100,0,288,128,96,48,0,0,-256,0,0,100,0,0,0,192,256,0,0,-256,0,0,100,0,580,800,192,256,0,
0,11,0,-256,0,0,100,0,388,800,192,256,0,66,-131,0,0,100,0,800,160,32,32,0,58,-139,0,0,100,0,544,144,48,48,0,69,-144,0,0,100,0,640,48,48,48,0,50,-151,0,0,100,0,272,0,32,48,0,37,-143,0,1,100,0,240,112,16,16,0,33,-193,0,1,100,0,192,128,96,112,0,73,-176,0,0,100,0,192,0,80,80,0,50,-129,0,1,100,0,288,128,96,48,0,0,-256,0,0,100,0,0,0,192,256,0,0,-256,0,0,100,0,580,800,192,256,0,
0,12,0,-256,0,0,100,0,388,800,192,256,0,66,-131,0,0,100,0,800,160,32,32,0,58,-139,0,0,100,0,544,144,48,48,0,69,-144,0,0,100,0,640,48,48,48,0,50,-151,0,0,100,0,272,0,32,48,0,83,-186,0,1,100,0,240,112,16,16,0,38,-142,0,1,100,0,240,112,16,16,0,33,-193,0,1,100,0,192,128,96,112,0,73,-176,0,0,100,0,192,0,80,80,0,50,-129,0,1,100,0,288,128,96,48,0,0,-256,0,0,100,0,0,0,192,256,0,0,-256,0,0,100,0,580,800,192,256,0,
0,12,0,-256,0,0,100,0,388,800,192,256,0,66,-131,0,0,100,0,800,160,32,32,0,58,-139,0,0,100,0,544,144,48,48,0,69,-144,0,0,100,0,640,48,48,48,0,50,-151,0,0,100,0,272,0,32,48,0,86,-185,0,1,100,0,240,112,16,16,0,39,-141,0,1,100,0,240,112,16,16,0,33,-193,0,1,100,0,192,128,96,112,0,73,-176,0,0,100,0,192,0,80,80,0,50,-129,0,1,100,0,288,128,96,48,0,0,-256,0,0,100,0,0,0,192,256,0,0,-256,0,0,100,0,580,800,192,256,0,
0,12,0,-256,0,0,100,0,388,800,192,256,0,66,-131,0,0,100,0,800,160,32,32,0,58,-139,0,0,100,0,544,144,48,48,0,69,-144,0,0,100,0,640,48,48,48,0,50,-151,0,0,100,0,272,0,32,48,0,91,-181,0,1,100,0,240,112,16,16,0,40,-140,0,1,100,0,240,112,16,16,0,33,-193,0,1,100,0,192,128,96,112,0,73,-176,0,0,100,0,192,0,80,80,0,50,-129,0,1,100,0,288,128,96,48,0,0,-256,0,0,100,0,0,0,192,256,0,0,-256,0,0,100,0,580,800,192,256,0,
0,12,0,-256,0,0,100,0,388,800,192,256,0,66,-131,0,0,100,0,800,160,32,32,0,58,-139,0,0,100,0,544,144,48,48,0,69,-144,0,0,100,0,640,48,48,48,0,50,-151,0,0,100,0,272,0,32,48,0,93,-178,0,1,100,0,240,112,16,16,0,42,-139,0,1,100,0,240,112,16,16,0,33,-193,0,1,100,0,192,128,96,112,0,73,-176,0,0,100,0,192,0,80,80,0,50,-129,0,1,100,0,288,128,96,48,0,0,-256,0,0,100,0,0,0,192,256,0,0,-256,0,0,100,0,580,800,192,256,0,
0,12,0,-256,0,0,100,0,388,800,192,256,0,66,-131,0,0,100,0,832,160,32,32,0,58,-139,0,0,100,0,544,144,48,48,0,69,-144,0,0,100,0,640,48,48,48,0,50,-151,0,0,100,0,272,0,32,48,0,96,-178,0,1,50,0,240,112,16,16,0,43,-138,0,1,100,0,240,112,16,16,0,33,-193,0,1,100,0,192,128,96,112,0,73,-176,0,0,100,0,192,0,80,80,0,50,-129,0,1,100,0,288,128,96,48,0,0,-256,0,0,100,0,0,0,192,256,0,0,-256,0,0,100,0,580,800,192,256,0,
0,12,0,-256,0,0,100,0,388,800,192,256,0,66,-131,0,0,100,0,832,160,32,32,0,58,-139,0,0,100,0,544,144,48,48,0,69,-144,0,0,100,0,640,48,48,48,0,50,-151,0,0,100,0,272,0,32,48,0,99,-176,0,1,20,0,240,112,16,16,0,45,-137,0,1,50,0,240,112,16,16,0,33,-193,0,1,100,0,192,128,96,112,0,73,-176,0,0,100,0,192,0,80,80,0,50,-129,0,1,100,0,288,128,96,48,0,0,-256,0,0,100,0,0,0,192,256,0,0,-256,0,0,100,0,580,800,192,256,0,
0,10,0,-256,0,0,100,0,388,800,192,256,0,66,-131,0,0,100,0,800,160,32,32,0,58,-139,0,0,100,0,544,144,48,48,0,69,-144,0,0,100,0,640,48,48,48,0,50,-151,0,0,100,0,272,0,32,48,0,33,-193,0,1,100,0,192,128,96,112,0,73,-176,0,0,100,0,192,0,80,80,0,50,-129,0,1,100,0,288,128,96,48,0,0,-256,0,0,100,0,0,0,192,256,0,0,-256,0,0,100,0,580,800,192,256,0,
0,10,0,-256,0,0,100,0,388,800,192,256,0,66,-131,0,0,100,0,800,160,32,32,0,58,-139,0,0,100,0,544,144,48,48,0,69,-144,0,0,100,0,640,48,48,48,0,50,-151,0,0,100,0,272,0,32,48,0,33,-193,0,1,100,0,192,128,96,112,0,73,-176,0,0,100,0,192,0,80,80,0,50,-129,0,1,100,0,288,128,96,48,0,0,-256,0,0,100,0,0,0,192,256,0,0,-256,0,0,100,0,580,800,192,256,0,
0,11,0,-256,0,0,100,0,388,800,192,256,0,66,-131,0,0,100,0,800,160,32,32,0,58,-139,0,0,100,0,544,144,48,48,0,78,-137,0,0,100,0,832,0,32,32,0,69,-144,0,0,100,0,640,48,48,48,0,50,-151,0,0,100,0,272,0,32,48,0,33,-193,0,1,100,0,192,128,96,112,0,73,-176,0,0,100,0,192,0,80,80,0,50,-129,0,1,100,0,288,128,96,48,0,0,-256,0,0,100,0,0,0,192,256,0,0,-256,0,0,100,0,580,800,192,256,0,
0,11,0,-256,0,0,100,0,388,800,192,256,0,66,-131,0,0,100,0,800,160,32,32,0,58,-139,0,0,100,0,544,144,48,48,0,78,-137,0,0,100,0,832,0,32,32,0,69,-144,0,0,100,0,640,48,48,48,0,50,-151,0,0,100,0,272,0,32,48,0,33,-193,0,1,100,0,192,128,96,112,0,73,-176,0,0,100,0,192,0,80,80,0,50,-129,0,1,100,0,288,128,96,48,0,0,-256,0,0,100,0,0,0,192,256,0,0,-256,0,0,100,0,580,800,192,256,0,
0,12,0,-256,0,0,100,0,388,800,192,256,0,66,-131,0,0,100,0,800,160,32,32,0,58,-139,0,0,100,0,544,144,48,48,0,78,-137,0,0,100,0,832,0,32,32,0,69,-144,0,0,100,0,640,48,48,48,0,50,-151,0,0,100,0,272,0,32,48,0,58,-167,0,1,100,0,240,112,16,16,0,33,-193,0,1,100,0,192,128,96,112,0,73,-176,0,0,100,0,192,0,80,80,0,50,-129,0,1,100,0,288,128,96,48,0,0,-256,0,0,100,0,0,0,192,256,0,0,-256,0,0,100,0,580,800,192,256,0,
0,12,0,-256,0,0,100,0,388,800,192,256,0,66,-131,0,0,100,0,800,160,32,32,0,58,-139,0,0,100,0,544,144,48,48,0,78,-137,0,0,100,0,832,0,32,32,0,69,-144,0,0,100,0,640,48,48,48,0,50,-151,0,0,100,0,272,0,32,48,0,60,-165,0,1,100,0,240,112,16,16,0,33,-193,0,1,100,0,192,128,96,112,0,73,-176,0,0,100,0,192,0,80,80,0,50,-129,0,1,100,0,288,128,96,48,0,0,-256,0,0,100,0,0,0,192,256,0,0,-256,0,0,100,0,580,800,192,256,0,
0,12,0,-256,0,0,100,0,388,800,192,256,0,66,-131,0,0,100,0,800,160,32,32,0,58,-139,0,0,100,0,544,144,48,48,0,78,-137,0,0,100,0,832,0,32,32,0,69,-144,0,0,100,0,640,48,48,48,0,50,-151,0,0,100,0,272,0,32,48,0,62,-164,0,1,100,0,240,112,16,16,0,33,-193,0,1,100,0,192,128,96,112,0,73,-176,0,0,100,0,192,0,80,80,0,50,-129,0,1,100,0,288,128,96,48,0,0,-256,0,0,100,0,0,0,192,256,0,0,-256,0,0,100,0,580,800,192,256,0,
0,12,0,-256,0,0,100,0,388,800,192,256,0,66,-131,0,0,100,0,800,160,32,32,0,58,-139,0,0,100,0,544,144,48,48,0,78,-137,0,0,100,0,832,0,32,32,0,69,-144,0,0,100,0,640,48,48,48,0,50,-151,0,0,100,0,272,0,32,48,0,64,-163,0,1,100,0,240,112,16,16,0,33,-193,0,1,100,0,192,128,96,112,0,73,-176,0,0,100,0,192,0,80,80,0,50,-129,0,1,100,0,288,128,96,48,0,0,-256,0,0,100,0,0,0,192,256,0,0,-256,0,0,100,0,580,800,192,256,0,
0,12,0,-256,0,0,100,0,388,800,192,256,0,66,-131,0,0,100,0,800,160,32,32,0,58,-139,0,0,100,0,544,144,48,48,0,69,-144,0,0,100,0,640,48,48,48,0,50,-151,0,0,100,0,272,0,32,48,0,67,-178,0,1,50,0,224,112,16,16,0,66,-161,0,1,100,0,240,112,16,16,0,33,-193,0,1,100,0,192,128,96,112,0,73,-176,0,0,100,0,192,0,80,80,0,50,-129,0,1,100,0,288,128,96,48,0,0,-256,0,0,100,0,0,0,192,256,0,0,-256,0,0,100,0,580,800,192,256,0,
0,12,0,-256,0,0,100,0,388,800,192,256,0,66,-131,0,0,100,0,800,160,32,32,0,58,-139,0,0,100,0,544,144,48,48,0,69,-144,0,0,100,0,640,48,48,48,0,50,-151,0,0,100,0,272,0,32,48,0,65,-176,0,1,100,0,224,112,16,16,0,68,-161,0,1,100,0,240,112,16,16,0,33,-193,0,1,100,0,192,128,96,112,0,73,-176,0,0,100,0,192,0,80,80,0,50,-129,0,1,100,0,288,128,96,48,0,0,-256,0,0,100,0,0,0,192,256,0,0,-256,0,0,100,0,580,800,192,256,0,
0,12,0,-256,0,0,100,0,388,800,192,256,0,66,-131,0,0,100,0,800,160,32,32,0,58,-139,0,0,100,0,544,144,48,48,0,72,-145,0,0,100,0,688,48,48,48,0,50,-151,0,0,100,0,272,0,32,48,0,63,-176,0,1,100,0,224,112,16,16,0,71,-160,0,1,100,0,240,112,16,16,0,33,-193,0,1,100,0,192,128,96,112,0,73,-176,0,0,100,0,192,0,80,80,0,50,-129,0,1,100,0,288,128,96,48,0,0,-256,0,0,100,0,0,0,192,256,0,0,-256,0,0,100,0,580,800,192,256,0,
0,12,0,-256,0,0,100,0,388,800,192,256,0,66,-131,0,0,100,0,800,160,32,32,0,58,-139,0,0,100,0,544,144,48,48,0,75,-146,0,0,100,0,688,48,48,48,0,50,-151,0,0,100,0,272,0,32,48,0,61,-175,0,1,100,0,224,112,16,16,0,72,-158,0,1,100,0,240,112,16,16,0,33,-193,0,1,100,0,192,128,96,112,0,73,-176,0,0,100,0,192,0,80,80,0,50,-129,0,1,100,0,288,128,96,48,0,0,-256,0,0,100,0,0,0,192,256,0,0,-256,0,0,100,0,580,800,192,256,0,
0,12,0,-256,0,0,100,0,388,800,192,256,0,66,-131,0,0,100,0,800,160,32,32,0,58,-139,0,0,100,0,544,144,48,48,0,78,-148,0,0,100,0,640,48,48,48,0,50,-151,0,0,100,0,272,0,32,48,0,59,-173,0,1,100,0,224,112,16,16,0,75,-157,0,1,100,0,240,112,16,16,0,33,-193,0,1,100,0,192,128,96,112,0,73,-176,0,0,100,0,192,0,80,80,0,50,-129,0,1,100,0,288,128,96,48,0,0,-256,0,0,100,0,0,0,192,256,0,0,-256,0,0,100,0,580,800,192,256,0,
0,13,0,-256,0,0,100,0,388,800,192,256,0,66,-131,0,0,100,0,800,160,32,32,0,58,-139,0,0,100,0,544,144,48,48,0,79,-149,0,0,100,0,448,48,48,48,0,50,-151,0,0,100,0,272,0,32,48,0,44,-163,0,1,100,0,224,112,16,16,0,58,-171,0,1,100,0,224,112,16,16,0,77,-157,0,1,50,0,240,112,16,16,0,33,-193,0,1,100,0,192,128,96,112,0,73,-176,0,0,100,0,192,0,80,80,0,50,-129,0,1,100,0,288,128,96,48,0,0,-256,0,0,100,0,0,0,192,256,0,0,-256,0,0,100,0,580,800,192,256,0,
0,11,0,-256,0,0,100,0,388,800,192,256,0,58,-139,0,0,100,0,448,144,48,48,0,79,-149,0,0,100,0,400,48,48,48,0,50,-151,0,0,100,0,272,0,32,48,0,42,-159,0,1,100,0,224,112,16,16,0,55,-169,0,1,100,0,224,112,16,16,0,33,-193,0,1,100,0,192,128,96,112,0,73,-176,0,0,100,0,192,0,80,80,0,50,-129,0,1,100,0,288,128,96,48,0,0,-256,0,0,100,0,0,0,192,256,0,0,-256,0,0,100,0,580,800,192,256,0,
0,11,0,-256,0,0,100,0,388,800,192,256,0,58,-139,0,0,100,0,448,144,48,48,0,79,-149,0,0,100,0,400,48,48,48,0,50,-151,0,0,100,0,272,0,32,48,0,41,-155,0,1,100,0,224,112,16,16,0,52,-166,0,1,100,0,224,112,16,16,0,33,-193,0,1,100,0,192,128,96,112,0,73,-176,0,0,100,0,192,0,80,80,0,50,-129,0,1,100,0,288,128,96,48,0,0,-256,0,0,100,0,0,0,192,256,0,0,-256,0,0,100,0,580,800,192,256,0,
0,11,0,-256,0,0,100,0,388,800,192,256,0,58,-139,0,0,100,0,448,96,48,48,0,79,-149,0,0,100,0,400,0,48,48,0,50,-151,0,0,100,0,272,0,32,48,0,41,-152,0,1,100,0,224,112,16,16,0,52,-163,0,1,100,0,224,112,16,16,0,33,-193,0,1,100,0,192,128,96,112,0,73,-176,0,0,100,0,192,0,80,80,0,50,-129,0,1,100,0,288,128,96,48,0,0,-256,0,0,100,0,0,0,192,256,0,0,-256,0,0,100,0,580,800,192,256,0,
0,11,0,-256,0,0,100,0,388,800,192,256,0,58,-139,0,0,100,0,448,96,48,48,0,79,-149,0,0,100,0,400,0,48,48,0,50,-151,0,0,100,0,272,0,32,48,0,42,-147,0,1,100,0,224,112,16,16,0,50,-162,0,1,100,0,224,112,16,16,0,33,-193,0,1,100,0,192,128,96,112,0,73,-176,0,0,100,0,192,0,80,80,0,50,-129,0,1,100,0,288,128,96,48,0,0,-256,0,0,100,0,0,0,192,256,0,0,-256,0,0,100,0,580,800,192,256,0,
0,11,0,-256,0,0,100,0,388,800,192,256,0,58,-139,0,0,100,0,448,96,48,48,0,79,-149,0,0,100,0,400,0,48,48,0,50,-151,0,0,100,0,272,0,32,48,0,44,-146,0,1,100,0,224,112,16,16,0,47,-160,0,1,100,0,224,112,16,16,0,33,-193,0,1,100,0,192,128,96,112,0,73,-176,0,0,100,0,192,0,80,80,0,50,-129,0,1,100,0,288,128,96,48,0,0,-256,0,0,100,0,0,0,192,256,0,0,-256,0,0,100,0,580,800,192,256,0,
0,11,0,-256,0,0,100,0,388,800,192,256,0,58,-139,0,0,100,0,448,96,48,48,0,79,-149,0,0,100,0,400,0,48,48,0,50,-151,0,0,100,0,272,0,32,48,0,46,-145,0,1,100,0,224,112,16,16,0,45,-157,0,1,100,0,224,112,16,16,0,33,-193,0,1,100,0,192,128,96,112,0,73,-176,0,0,100,0,192,0,80,80,0,50,-129,0,1,100,0,288,128,96,48,0,0,-256,0,0,100,0,0,0,192,256,0,0,-256,0,0,100,0,580,800,192,256,0,
0,11,0,-256,0,0,100,0,388,800,192,256,0,58,-139,0,0,100,0,448,96,48,48,0,79,-149,0,0,100,0,400,0,48,48,0,50,-151,0,0,100,0,272,0,32,48,0,49,-141,0,1,100,0,224,112,16,16,0,43,-154,0,1,100,0,224,112,16,16,0,33,-193,0,1,100,0,192,128,96,112,0,73,-176,0,0,100,0,192,0,80,80,0,50,-129,0,1,100,0,288,128,96,48,0,0,-256,0,0,100,0,0,0,192,256,0,0,-256,0,0,100,0,580,800,192,256,0,
0,11,0,-256,0,0,100,0,388,800,192,256,0,58,-139,0,0,100,0,448,96,48,48,0,79,-149,0,0,100,0,400,0,48,48,0,50,-151,0,0,100,0,272,0,32,48,0,53,-138,0,1,50,0,224,112,16,16,0,41,-150,0,1,100,0,224,112,16,16,0,33,-193,0,1,100,0,192,128,96,112,0,73,-176,0,0,100,0,192,0,80,80,0,50,-129,0,1,100,0,288,128,96,48,0,0,-256,0,0,100,0,0,0,192,256,0,0,-256,0,0,100,0,580,800,192,256,0,
0,10,0,-256,0,0,100,0,388,800,192,256,0,58,-139,0,0,100,0,448,96,48,48,0,79,-149,0,0,100,0,400,0,48,48,0,50,-151,0,0,100,0,272,0,32,48,0,40,-147,0,1,100,0,224,112,16,16,0,33,-193,0,1,100,0,192,128,96,112,0,73,-176,0,0,100,0,192,0,80,80,0,50,-129,0,1,100,0,288,128,96,48,0,0,-256,0,0,100,0,0,0,192,256,0,0,-256,0,0,100,0,580,800,192,256,0,
0,10,0,-256,0,0,100,0,388,800,192,256,0,58,-139,0,0,100,0,448,96,48,48,0,79,-149,0,0,100,0,400,0,48,48,0,50,-151,0,0,100,0,272,0,32,48,0,38,-145,0,1,100,0,224,112,16,16,0,33,-193,0,1,100,0,192,128,96,112,0,73,-176,0,0,100,0,192,0,80,80,0,50,-129,0,1,100,0,288,128,96,48,0,0,-256,0,0,100,0,0,0,192,256,0,0,-256,0,0,100,0,580,800,192,256,0,
0,10,0,-256,0,0,100,0,388,800,192,256,0,58,-139,0,0,100,0,448,96,48,48,0,79,-149,0,0,100,0,400,0,48,48,0,50,-151,0,0,100,0,272,0,32,48,0,37,-141,0,1,50,0,224,112,16,16,0,33,-193,0,1,100,0,192,128,96,112,0,73,-176,0,0,100,0,192,0,80,80,0,50,-129,0,1,100,0,288,128,96,48,0,0,-256,0,0,100,0,0,0,192,256,0,0,-256,0,0,100,0,580,800,192,256,0,
0,9,0,-256,0,0,100,0,388,800,192,256,0,58,-139,0,0,100,0,496,144,48,48,0,79,-149,0,0,100,0,400,0,48,48,0,50,-151,0,0,100,0,272,0,32,48,0,33,-193,0,1,100,0,192,128,96,112,0,73,-176,0,0,100,0,192,0,80,80,0,50,-129,0,1,100,0,288,128,96,48,0,0,-256,0,0,100,0,0,0,192,256,0,0,-256,0,0,100,0,580,800,192,256,0,
0,10,0,-256,0,0,100,0,388,800,192,256,0,58,-139,0,0,100,0,496,144,48,48,0,79,-149,0,0,100,0,400,0,48,48,0,50,-151,0,0,100,0,272,0,32,48,0,55,-181,0,1,100,0,224,112,16,16,0,33,-193,0,1,100,0,192,128,96,112,0,73,-176,0,0,100,0,192,0,80,80,0,50,-129,0,1,100,0,288,128,96,48,0,0,-256,0,0,100,0,0,0,192,256,0,0,-256,0,0,100,0,580,800,192,256,0,
0,11,0,-256,0,0,100,0,388,800,192,256,0,0,-256,0,1,20,0,0,256,192,256,0,58,-139,0,0,100,0,400,96,48,48,0,79,-149,0,0,100,0,400,0,48,48,0,50,-151,0,0,100,0,272,0,32,48,0,58,-180,0,1,100,0,224,112,16,16,0,33,-193,0,1,100,0,192,128,96,112,0,73,-176,0,0,100,0,192,0,80,80,0,50,-129,0,1,100,0,288,128,96,48,0,0,-256,0,0,100,0,0,0,192,256,0,0,-256,0,0,100,0,580,800,192,256,0,
0,13,0,-256,0,0,100,0,388,800,192,256,0,151,-113,0,0,20,0,832,320,32,32,0,0,-256,0,1,50,0,192,256,192,256,0,58,-139,0,0,100,0,400,96,48,48,0,79,-149,0,0,100,0,400,0,48,48,0,50,-151,0,0,100,0,272,0,32,48,0,54,-165,0,1,100,0,224,112,16,16,0,62,-180,0,1,100,0,224,112,16,16,0,33,-193,0,1,100,0,192,128,96,112,0,73,-176,0,0,100,0,192,0,80,80,0,50,-129,0,1,100,0,288,128,96,48,0,0,-256,0,0,100,0,0,0,192,256,0,0,-256,0,0,100,0,580,800,192,256,0,
0,13,0,-256,0,0,100,0,388,800,192,256,0,143,-121,0,0,50,0,832,320,32,32,0,0,-256,0,1,100,0,384,256,192,256,0,58,-139,0,0,100,0,448,96,48,48,0,79,-149,0,0,100,0,448,0,48,48,0,50,-151,0,0,100,0,272,0,32,48,0,54,-162,0,1,100,0,224,112,16,16,0,64,-177,0,1,100,0,224,112,16,16,0,33,-193,0,1,100,0,192,128,96,112,0,73,-176,0,0,100,0,192,0,80,80,0,50,-129,0,1,100,0,288,128,96,48,0,0,-256,0,0,100,0,0,0,192,256,0,0,-256,0,0,100,0,580,800,192,256,0,
0,13,0,-256,0,0,100,0,388,800,192,256,0,136,-130,0,0,100,0,832,320,32,32,0,0,-256,0,1,100,0,576,256,192,256,0,58,-139,0,0,100,0,448,96,48,48,0,79,-149,0,0,100,0,448,0,48,48,0,50,-151,0,0,100,0,272,0,32,48,0,54,-158,0,1,50,0,224,112,16,16,0,69,-174,0,1,100,0,224,112,16,16,0,33,-193,0,1,100,0,192,128,96,112,0,73,-176,0,0,100,0,192,0,80,80,0,50,-129,0,1,100,0,288,128,96,48,0,0,-256,0,0,100,0,0,0,192,256,0,0,-256,0,0,100,0,580,800,192,256,0,
0,12,0,-256,0,0,100,0,388,800,192,256,0,129,-136,0,0,100,0,832,320,32,32,0,0,-256,0,1,100,0,0,528,192,256,0,58,-139,0,0,100,0,592,96,48,48,0,79,-149,0,0,100,0,496,0,48,48,0,50,-151,0,0,100,0,272,0,32,48,0,71,-174,0,1,100,0,224,112,16,16,0,33,-193,0,1,100,0,192,128,96,112,0,73,-176,0,0,100,0,192,0,80,80,0,50,-129,0,1,100,0,288,128,96,48,0,0,-256,0,0,100,0,0,0,192,256,0,0,-256,0,0,100,0,580,800,192,256,0,
0,13,0,-256,0,0,100,0,388,800,192,256,0,122,-145,0,0,100,0,832,320,32,32,0,151,-113,0,0,20,0,832,352,32,32,0,0,-256,0,1,100,0,192,528,192,256,0,58,-139,0,0,100,0,592,96,48,48,0,79,-149,0,0,100,0,496,0,48,48,0,50,-151,0,0,100,0,272,0,32,48,0,74,-173,0,1,100,0,224,112,16,16,0,33,-193,0,1,100,0,192,128,96,112,0,73,-176,0,0,100,0,192,0,80,80,0,50,-129,0,1,100,0,288,128,96,48,0,0,-256,0,0,100,0,0,0,192,256,0,0,-256,0,0,100,0,580,800,192,256,0,
0,13,0,-256,0,0,100,0,388,800,192,256,0,115,-153,0,0,100,0,832,320,32,32,0,143,-121,0,0,50,0,832,352,32,32,0,0,-256,0,1,100,0,384,528,192,256,0,58,-139,0,0,100,0,640,96,48,48,0,79,-149,0,0,100,0,544,0,48,48,0,50,-151,0,0,100,0,272,0,32,48,0,77,-173,0,1,100,0,224,112,16,16,0,33,-193,0,1,100,0,192,128,96,112,0,73,-176,0,0,100,0,192,0,80,80,0,50,-129,0,1,100,0,288,128,96,48,0,0,-256,0,0,100,0,0,0,192,256,0,0,-256,0,0,100,0,580,800,192,256,0,
0,13,0,-256,0,0,100,0,388,800,192,256,0,106,-157,0,0,100,0,832,320,32,32,0,136,-130,0,0,100,0,832,352,32,32,0,0,-256,0,1,100,0,576,528,192,256,0,58,-139,0,0,100,0,640,96,48,48,0,79,-149,0,0,100,0,544,0,48,48,0,50,-151,0,0,100,0,272,0,32,48,0,80,-173,0,1,100,0,224,112,16,16,0,33,-193,0,1,100,0,192,128,96,112,0,73,-176,0,0,100,0,192,0,80,80,0,50,-129,0,1,100,0,288,128,96,48,0,0,-256,0,0,100,0,0,0,192,256,0,0,-256,0,0,100,0,580,800,192,256,0,
0,14,0,-256,0,0,100,0,388,800,192,256,0,98,-162,0,0,100,0,832,320,32,32,0,129,-136,0,0,100,0,832,352,32,32,0,0,-256,0,1,100,0,0,256,192,256,0,58,-139,0,0,100,0,688,96,48,48,0,79,-149,0,0,100,0,592,0,48,48,0,50,-151,0,0,100,0,272,0,32,48,0,37,-159,0,1,50,0,224,112,16,16,0,84,-171,0,1,100,0,224,112,16,16,0,33,-193,0,1,100,0,192,128,96,112,0,73,-176,0,0,100,0,192,0,80,80,0,50,-129,0,1,100,0,288,128,96,48,0,0,-256,0,0,100,0,0,0,192,256,0,0,-256,0,0,100,0,580,800,192,256,0,
0,15,0,-256,0,0,100,0,388,800,192,256,0,89,-167,0,0,100,0,832,320,32,32,0,122,-145,0,0,100,0,832,352,32,32,0,151,-113,0,0,20,0,896,352,32,32,0,0,-256,0,1,100,0,192,256,192,256,0,58,-139,0,0,100,0,688,96,48,48,0,79,-149,0,0,100,0,592,0,48,48,0,50,-151,0,0,100,0,272,0,32,48,0,40,-156,0,1,100,0,224,112,16,16,0,88,-168,0,1,50,0,224,112,16,16,0,33,-193,0,1,100,0,192,128,96,112,0,73,-176,0,0,100,0,192,0,80,80,0,50,-129,0,1,100,0,288,128,96,48,0,0,-256,0,0,100,0,0,0,192,256,0,0,-256,0,0,100,0,580,800,192,256,0,
0,14,0,-256,0,0,100,0,388,800,192,256,0,80,-169,0,0,100,0,832,320,32,32,0,115,-153,0,0,100,0,832,352,32,32,0,143,-121,0,0,50,0,896,352,32,32,0,0,-256,0,1,100,0,384,256,192,256,0,58,-139,0,0,100,0,736,96,48,48,0,79,-149,0,0,100,0,640,0,48,48,0,50,-151,0,0,100,0,272,0,32,48,0,43,-156,0,1,100,0,224,112,16,16,0,33,-193,0,1,100,0,192,128,96,112,0,73,-176,0,0,100,0,192,0,80,80,0,50,-129,0,1,100,0,288,128,96,48,0,0,-256,0,0,100,0,0,0,192,256,0,0,-256,0,0,100,0,580,800,192,256,0,
0,14,0,-256,0,0,100,0,388,800,192,256,0,72,-169,0,0,100,0,832,320,32,32,0,106,-157,0,0,100,0,832,352,32,32,0,136,-130,0,0,100,0,896,352,32,32,0,0,-256,0,1,100,0,576,256,192,256,0,58,-139,0,0,100,0,736,96,48,48,0,79,-149,0,0,100,0,640,0,48,48,0,50,-151,0,0,100,0,272,0,32,48,0,46,-154,0,1,100,0,224,112,16,16,0,33,-193,0,1,100,0,192,128,96,112,0,73,-176,0,0,100,0,192,0,80,80,0,50,-129,0,1,100,0,288,128,96,48,0,0,-256,0,0,100,0,0,0,192,256,0,0,-256,0,0,100,0,580,800,192,256,0,
0,14,0,-256,0,0,100,0,388,800,192,256,0,65,-169,0,0,100,0,832,320,32,32,0,98,-162,0,0,100,0,832,352,32,32,0,129,-136,0,0,100,0,896,352,32,32,0,0,-256,0,1,100,0,0,528,192,256,0,58,-139,0,0,100,0,400,96,48,48,0,79,-149,0,0,100,0,688,0,48,48,0,50,-151,0,0,100,0,272,0,32,48,0,48,-153,0,1,100,0,224,112,16,16,0,33,-193,0,1,100,0,192,128,96,112,0,73,-176,0,0,100,0,192,0,80,80,0,50,-129,0,1,100,0,288,128,96,48,0,0,-256,0,0,100,0,0,0,192,256,0,0,-256,0,0,100,0,580,800,192,256,0,
0,15,0,-256,0,0,100,0,388,800,192,256,0,57,-170,0,0,100,0,832,320,32,32,0,89,-167,0,0,100,0,832,352,32,32,0,122,-145,0,0,100,0,896,352,32,32,0,151,-113,0,0,20,0,864,320,32,32,0,0,-256,0,1,100,0,192,528,192,256,0,58,-139,0,0,100,0,400,96,48,48,0,79,-149,0,0,100,0,688,0,48,48,0,50,-151,0,0,100,0,272,0,32,48,0,51,-152,0,1,100,0,224,112,16,16,0,33,-193,0,1,100,0,192,128,96,112,0,73,-176,0,0,100,0,192,0,80,80,0,50,-129,0,1,100,0,288,128,96,48,0,0,-256,0,0,100,0,0,0,192,256,0,0,-256,0,0,100,0,580,800,192,256,0,
0,15,0,-256,0,0,100,0,388,800,192,256,0,49,-171,0,0,100,0,832,320,32,32,0,80,-169,0,0,100,0,832,352,32,32,0,115,-153,0,0,100,0,896,352,32,32,0,143,-121,0,0,50,0,864,320,32,32,0,0,-256,0,1,100,0,384,528,192,256,0,58,-139,0,0,100,0,448,96,48,48,0,79,-149,0,0,100,0,736,0,48,48,0,50,-151,0,0,100,0,272,0,32,48,0,56,-149,0,1,100,0,224,112,16,16,0,33,-193,0,1,100,0,192,128,96,112,0,73,-176,0,0,100,0,192,0,80,80,0,50,-129,0,1,100,0,288,128,96,48,0,0,-256,0,0,100,0,0,0,192,256,0,0,-256,0,0,100,0,580,800,192,256,0,
0,15,0,-256,0,0,100,0,388,800,192,256,0,41,-176,0,0,100,0,832,320,32,32,0,72,-169,0,0,100,0,832,352,32,32,0,106,-157,0,0,100,0,896,352,32,32,0,136,-130,0,0,100,0,864,320,32,32,0,0,-256,0,1,100,0,576,528,192,256,0,58,-139,0,0,100,0,448,96,48,48,0,79,-149,0,0,100,0,736,0,48,48,0,50,-151,0,0,100,0,272,0,32,48,0,59,-147,0,1,100,0,224,112,16,16,0,33,-193,0,1,100,0,192,128,96,112,0,73,-176,0,0,100,0,192,0,80,80,0,50,-129,0,1,100,0,288,128,96,48,0,0,-256,0,0,100,0,0,0,192,256,0,0,-256,0,0,100,0,580,800,192,256,0,
0,16,0,-256,0,0,100,0,388,800,192,256,0,36,-181,0,0,100,0,832,320,32,32,0,65,-169,0,0,100,0,832,352,32,32,0,98,-162,0,0,100,0,896,352,32,32,0,129,-136,0,0,100,0,864,320,32,32,0,0,-256,0,1,100,0,0,256,192,256,0,58,-139,0,0,100,0,400,96,48,48,0,89,-142,0,0,100,0,832,0,32,32,0,79,-149,0,0,100,0,400,0,48,48,0,50,-151,0,0,100,0,272,0,32,48,0,62,-146,0,1,100,0,224,112,16,16,0,33,-193,0,1,100,0,192,128,96,112,0,73,-176,0,0,100,0,192,0,80,80,0,50,-129,0,1,100,0,288,128,96,48,0,0,-256,0,0,100,0,0,0,192,256,0,0,-256,0,0,100,0,580,800,192,256,0,
0,17,0,-256,0,0,100,0,388,800,192,256,0,33,-187,0,0,100,0,832,320,32,32,0,57,-170,0,0,100,0,832,352,32,32,0,89,-167,0,0,100,0,896,352,32,32,0,122,-145,0,0,100,0,864,320,32,32,0,151,-113,0,0,20,0,864,352,32,32,0,0,-256,0,1,100,0,192,256,192,256,0,58,-139,0,0,100,0,400,96,48,48,0,89,-142,0,0,100,0,832,0,32,32,0,79,-149,0,0,100,0,400,0,48,48,0,50,-151,0,0,100,0,272,0,32,48,0,65,-146,0,1,100,0,224,112,16,16,0,33,-193,0,1,100,0,192,128,96,112,0,73,-176,0,0,100,0,192,0,80,80,0,50,-129,0,1,100,0,288,128,96,48,0,0,-256,0,0,100,0,0,0,192,256,0,0,-256,0,0,100,0,580,800,192,256,0,
0,17,0,-256,0,0,100,0,388,800,192,256,0,28,-194,0,0,100,0,832,320,32,32,0,49,-171,0,0,100,0,832,352,32,32,0,80,-169,0,0,100,0,896,352,32,32,0,115,-153,0,0,100,0,864,320,32,32,0,143,-121,0,0,50,0,864,352,32,32,0,0,-256,0,1,100,0,384,256,192,256,0,58,-139,0,0,100,0,448,96,48,48,0,89,-142,0,0,100,0,832,0,32,32,0,79,-149,0,0,100,0,448,0,48,48,0,50,-151,0,0,100,0,272,0,32,48,0,68,-143,0,1,50,0,224,112,16,16,0,33,-193,0,1,100,0,192,128,96,112,0,73,-176,0,0,100,0,192,0,80,80,0,50,-129,0,1,100,0,288,128,96,48,0,0,-256,0,0,100,0,0,0,192,256,0,0,-256,0,0,100,0,580,800,192,256,0,
0,16,0,-256,0,0,100,0,388,800,192,256,0,23,-201,0,0,100,0,832,320,32,32,0,41,-176,0,0,100,0,832,352,32,32,0,72,-169,0,0,100,0,896,352,32,32,0,106,-157,0,0,100,0,864,320,32,32,0,136,-130,0,0,100,0,864,352,32,32,0,0,-256,0,1,100,0,576,256,192,256,0,58,-139,0,0,100,0,448,96,48,48,0,89,-142,0,0,100,0,832,0,32,32,0,79,-149,0,0,100,0,448,0,48,48,0,50,-151,0,0,100,0,272,0,32,48,0,33,-193,0,1,100,0,192,128,96,112,0,73,-176,0,0,100,0,192,0,80,80,0,50,-129,0,1,100,0,288,128,96,48,0,0,-256,0,0,100,0,0,0,192,256,0,0,-256,0,0,100,0,580,800,192,256,0,
0,16,0,-256,0,0,100,0,388,800,192,256,0,19,-211,0,0,50,0,832,320,32,32,0,36,-181,0,0,100,0,832,352,32,32,0,65,-169,0,0,100,0,896,352,32,32,0,98,-162,0,0,100,0,864,320,32,32,0,129,-136,0,0,100,0,864,352,32,32,0,0,-256,0,1,100,0,0,528,192,256,0,58,-139,0,0,100,0,592,96,48,48,0,88,-142,0,0,100,0,832,0,32,32,0,79,-149,0,0,100,0,496,0,48,48,0,50,-151,0,0,100,0,272,0,32,48,0,33,-193,0,1,100,0,192,128,96,112,0,73,-176,0,0,100,0,192,0,80,80,0,50,-129,0,1,100,0,288,128,96,48,0,0,-256,0,0,100,0,0,0,192,256,0,0,-256,0,0,100,0,580,800,192,256,0,
0,17,0,-256,0,0,100,0,388,800,192,256,0,18,-218,0,0,20,0,832,320,32,32,0,33,-187,0,0,100,0,832,352,32,32,0,57,-170,0,0,100,0,896,352,32,32,0,89,-167,0,0,100,0,864,320,32,32,0,122,-145,0,0,100,0,864,352,32,32,0,151,-113,0,0,20,0,832,352,32,32,0,0,-256,0,1,100,0,192,528,192,256,0,58,-139,0,0,100,0,592,96,48,48,0,88,-142,0,0,100,0,832,0,32,32,0,79,-149,0,0,100,0,496,0,48,48,0,50,-151,0,0,100,0,272,0,32,48,0,33,-193,0,1,100,0,192,128,96,112,0,73,-176,0,0,100,0,192,0,80,80,0,50,-129,0,1,100,0,288,128,96,48,0,0,-256,0,0,100,0,0,0,192,256,0,0,-256,0,0,100,0,580,800,192,256,0,
0,16,0,-256,0,0,100,0,388,800,192,256,0,28,-194,0,0,100,0,832,352,32,32,0,49,-171,0,0,100,0,896,352,32,32,0,80,-169,0,0,100,0,864,320,32,32,0,115,-153,0,0,100,0,864,352,32,32,0,143,-121,0,0,50,0,832,352,32,32,0,0,-256,0,1,100,0,384,528,192,256,0,58,-139,0,0,100,0,640,96,48,48,0,88,-142,0,0,100,0,832,0,32,32,0,79,-149,0,0,100,0,544,0,48,48,0,50,-151,0,0,100,0,272,0,32,48,0,33,-193,0,1,100,0,192,128,96,112,0,73,-176,0,0,100,0,192,0,80,80,0,50,-129,0,1,100,0,288,128,96,48,0,0,-256,0,0,100,0,0,0,192,256,0,0,-256,0,0,100,0,580,800,192,256,0,
0,16,0,-256,0,0,100,0,388,800,192,256,0,23,-201,0,0,100,0,832,352,32,32,0,41,-176,0,0,100,0,896,352,32,32,0,72,-169,0,0,100,0,864,320,32,32,0,106,-157,0,0,100,0,864,352,32,32,0,136,-130,0,0,100,0,832,352,32,32,0,0,-256,0,1,100,0,576,528,192,256,0,58,-139,0,0,100,0,640,96,48,48,0,88,-142,0,0,100,0,832,0,32,32,0,79,-149,0,0,100,0,544,0,48,48,0,50,-151,0,0,100,0,272,0,32,48,0,33,-193,0,1,100,0,192,128,96,112,0,73,-176,0,0,100,0,192,0,80,80,0,50,-129,0,1,100,0,288,128,96,48,0,0,-256,0,0,100,0,0,0,192,256,0,0,-256,0,0,100,0,580,800,192,256,0,
0,16,0,-256,0,0,100,0,388,800,192,256,0,19,-211,0,0,50,0,832,352,32,32,0,36,-181,0,0,100,0,896,352,32,32,0,65,-169,0,0,100,0,864,320,32,32,0,98,-162,0,0,100,0,864,352,32,32,0,129,-136,0,0,100,0,832,352,32,32,0,0,-256,0,1,100,0,0,256,192,256,0,58,-139,0,0,100,0,688,96,48,48,0,88,-142,0,0,100,0,832,0,32,32,0,79,-149,0,0,100,0,592,0,48,48,0,50,-151,0,0,100,0,272,0,32,48,0,33,-193,0,1,100,0,192,128,96,112,0,73,-176,0,0,100,0,192,0,80,80,0,50,-129,0,1,100,0,288,128,96,48,0,0,-256,0,0,100,0,0,0,192,256,0,0,-256,0,0,100,0,580,800,192,256,0,
0,17,0,-256,0,0,100,0,388,800,192,256,0,18,-218,0,0,20,0,832,352,32,32,0,33,-187,0,0,100,0,896,352,32,32,0,57,-170,0,0,100,0,864,320,32,32,0,89,-167,0,0,100,0,864,352,32,32,0,122,-145,0,0,100,0,832,352,32,32,0,151,-113,0,0,20,0,896,320,32,32,0,0,-256,0,1,100,0,192,256,192,256,0,58,-139,0,0,100,0,688,96,48,48,0,88,-142,0,0,100,0,832,0,32,32,0,79,-149,0,0,100,0,592,0,48,48,0,50,-151,0,0,100,0,272,0,32,48,0,33,-193,0,1,100,0,192,128,96,112,0,73,-176,0,0,100,0,192,0,80,80,0,50,-129,0,1,100,0,288,128,96,48,0,0,-256,0,0,100,0,0,0,192,256,0,0,-256,0,0,100,0,580,800,192,256,0,
0,17,0,-256,0,0,100,0,388,800,192,256,0,28,-194,0,0,100,0,896,352,32,32,0,49,-171,0,0,100,0,864,320,32,32,0,80,-169,0,0,100,0,864,352,32,32,0,115,-153,0,0,100,0,832,352,32,32,0,143,-121,0,0,50,0,896,320,32,32,0,0,-256,0,1,100,0,384,256,192,256,0,58,-139,0,0,100,0,736,96,48,48,0,88,-142,0,0,100,0,832,0,32,32,0,79,-149,0,0,100,0,640,0,48,48,0,50,-151,0,0,100,0,272,0,32,48,0,86,-185,0,1,50,0,240,112,16,16,0,33,-193,0,1,100,0,192,128,96,112,0,73,-176,0,0,100,0,192,0,80,80,0,50,-129,0,1,100,0,288,128,96,48,0,0,-256,0,0,100,0,0,0,192,256,0,0,-256,0,0,100,0,580,800,192,256,0,
0,18,0,-256,0,0,100,0,388,800,192,256,0,23,-201,0,0,100,0,896,352,32,32,0,41,-176,0,0,100,0,864,320,32,32,0,72,-169,0,0,100,0,864,352,32,32,0,106,-157,0,0,100,0,832,352,32,32,0,136,-130,0,0,100,0,896,320,32,32,0,0,-256,0,1,100,0,576,256,192,256,0,58,-139,0,0,100,0,736,96,48,48,0,88,-142,0,0,100,0,832,0,32,32,0,79,-149,0,0,100,0,640,0,48,48,0,50,-151,0,0,100,0,272,0,32,48,0,39,-158,0,1,50,0,240,112,16,16,0,90,-183,0,1,50,0,240,112,16,16,0,33,-193,0,1,100,0,192,128,96,112,0,73,-176,0,0,100,0,192,0,80,80,0,50,-129,0,1,100,0,288,128,96,48,0,0,-256,0,0,100,0,0,0,192,256,0,0,-256,0,0,100,0,580,800,192,256,0,
0,18,0,-256,0,0,100,0,388,800,192,256,0,19,-211,0,0,50,0,896,352,32,32,0,36,-181,0,0,100,0,864,320,32,32,0,65,-169,0,0,100,0,864,352,32,32,0,98,-162,0,0,100,0,832,352,32,32,0,129,-136,0,0,100,0,896,320,32,32,0,0,-256,0,1,100,0,0,528,192,256,0,58,-139,0,0,100,0,400,96,48,48,0,89,-142,0,0,100,0,832,0,32,32,0,79,-149,0,0,100,0,688,0,48,48,0,50,-151,0,0,100,0,272,0,32,48,0,37,-154,0,1,100,0,240,112,16,16,0,93,-179,0,1,50,0,240,112,16,16,0,33,-193,0,1,100,0,192,128,96,112,0,73,-176,0,0,100,0,192,0,80,80,0,50,-129,0,1,100,0,288,128,96,48,0,0,-256,0,0,100,0,0,0,192,256,0,0,-256,0,0,100,0,580,800,192,256,0,
0,20,0,-256,0,0,100,0,388,800,192,256,0,18,-218,0,0,20,0,896,352,32,32,0,33,-187,0,0,100,0,864,320,32,32,0,57,-170,0,0,100,0,864,352,32,32,0,89,-167,0,0,100,0,832,352,32,32,0,122,-145,0,0,100,0,896,320,32,32,0,151,-113,0,0,20,0,896,352,32,32,0,0,-256,0,1,100,0,192,528,192,256,0,58,-139,0,0,100,0,400,96,48,48,0,89,-142,0,0,100,0,832,0,32,32,0,79,-149,0,0,100,0,688,0,48,48,0,50,-151,0,0,100,0,272,0,32,48,0,41,-146,0,1,50,0,240,112,16,16,0,35,-149,0,1,100,0,240,112,16,16,0,96,-176,0,1,20,0,240,112,16,16,0,33,-193,0,1,100,0,192,128,96,112,0,73,-176,0,0,100,0,192,0,80,80,0,50,-129,0,1,100,0,288,128,96,48,0,0,-256,0,0,100,0,0,0,192,256,0,0,-256,0,0,100,0,580,800,192,256,0,
0,18,0,-256,0,0,100,0,388,800,192,256,0,28,-194,0,0,100,0,864,320,32,32,0,49,-171,0,0,100,0,864,352,32,32,0,80,-169,0,0,100,0,832,352,32,32,0,115,-153,0,0,100,0,896,320,32,32,0,143,-121,0,0,50,0,896,352,32,32,0,0,-256,0,1,100,0,384,528,192,256,0,58,-139,0,0,100,0,448,96,48,48,0,89,-142,0,0,100,0,832,0,32,32,0,79,-149,0,0,100,0,736,0,48,48,0,50,-151,0,0,100,0,272,0,32,48,0,41,-141,0,1,100,0,240,112,16,16,0,34,-145,0,1,100,0,240,112,16,16,0,33,-193,0,1,100,0,192,128,96,112,0,73,-176,0,0,100,0,192,0,80,80,0,50,-129,0,1,100,0,288,128,96,48,0,0,-256,0,0,100,0,0,0,192,256,0,0,-256,0,0,100,0,580,800,192,256,0,
0,18,0,-256,0,0,100,0,388,800,192,256,0,23,-201,0,0,100,0,864,320,32,32,0,41,-176,0,0,100,0,864,352,32,32,0,72,-169,0,0,100,0,832,352,32,32,0,106,-157,0,0,100,0,896,320,32,32,0,136,-130,0,0,100,0,896,352,32,32,0,0,-256,0,1,100,0,576,528,192,256,0,58,-139,0,0,100,0,448,96,48,48,0,89,-142,0,0,100,0,832,0,32,32,0,79,-149,0,0,100,0,736,0,48,48,0,50,-151,0,0,100,0,272,0,32,48,0,42,-137,0,1,100,0,240,112,16,16,0,32,-141,0,1,50,0,240,112,16,16,0,33,-193,0,1,100,0,192,128,96,112,0,73,-176,0,0,100,0,192,0,80,80,0,50,-129,0,1,100,0,288,128,96,48,0,0,-256,0,0,100,0,0,0,192,256,0,0,-256,0,0,100,0,580,800,192,256,0,
0,18,0,-256,0,0,100,0,388,800,192,256,0,19,-211,0,0,50,0,864,320,32,32,0,36,-181,0,0,100,0,864,352,32,32,0,65,-169,0,0,100,0,832,352,32,32,0,98,-162,0,0,100,0,896,320,32,32,0,129,-136,0,0,100,0,896,352,32,32,0,0,-256,0,1,100,0,0,256,192,256,0,58,-139,0,0,100,0,400,96,48,48,0,89,-142,0,0,100,0,832,0,32,32,0,79,-149,0,0,100,0,400,0,48,48,0,50,-151,0,0,100,0,272,0,32,48,0,61,-168,0,1,50,0,240,112,16,16,0,45,-134,0,1,100,0,240,112,16,16,0,33,-193,0,1,100,0,192,128,96,112,0,73,-176,0,0,100,0,192,0,80,80,0,50,-129,0,1,100,0,288,128,96,48,0,0,-256,0,0,100,0,0,0,192,256,0,0,-256,0,0,100,0,580,800,192,256,0,
0,19,0,-256,0,0,100,0,388,800,192,256,0,18,-218,0,0,20,0,864,320,32,32,0,33,-187,0,0,100,0,864,352,32,32,0,57,-170,0,0,100,0,832,352,32,32,0,89,-167,0,0,100,0,896,320,32,32,0,122,-145,0,0,100,0,896,352,32,32,0,151,-113,0,0,20,0,864,352,32,32,0,0,-256,0,1,100,0,192,256,192,256,0,58,-139,0,0,100,0,400,96,48,48,0,89,-142,0,0,100,0,832,0,32,32,0,79,-149,0,0,100,0,400,0,48,48,0,50,-151,0,0,100,0,272,0,32,48,0,59,-165,0,1,100,0,240,112,16,16,0,48,-131,0,1,100,0,240,112,16,16,0,33,-193,0,1,100,0,192,128,96,112,0,73,-176,0,0,100,0,192,0,80,80,0,50,-129,0,1,100,0,288,128,96,48,0,0,-256,0,0,100,0,0,0,192,256,0,0,-256,0,0,100,0,580,800,192,256,0,
0,18,0,-256,0,0,100,0,388,800,192,256,0,28,-194,0,0,100,0,864,352,32,32,0,49,-171,0,0,100,0,832,352,32,32,0,80,-169,0,0,100,0,896,320,32,32,0,115,-153,0,0,100,0,896,352,32,32,0,143,-121,0,0,50,0,864,352,32,32,0,0,-256,0,1,100,0,384,256,192,256,0,58,-139,0,0,100,0,448,96,48,48,0,89,-142,0,0,100,0,832,0,32,32,0,79,-149,0,0,100,0,448,0,48,48,0,50,-151,0,0,100,0,272,0,32,48,0,57,-159,0,1,100,0,240,112,16,16,0,52,-130,0,1,50,0,240,112,16,16,0,33,-193,0,1,100,0,192,128,96,112,0,73,-176,0,0,100,0,192,0,80,80,0,50,-129,0,1,100,0,288,128,96,48,0,0,-256,0,0,100,0,0,0,192,256,0,0,-256,0,0,100,0,580,800,192,256,0,
0,16,0,-256,0,0,100,0,388,800,192,256,0,23,-201,0,0,100,0,864,352,32,32,0,41,-176,0,0,100,0,832,352,32,32,0,72,-169,0,0,100,0,896,320,32,32,0,106,-157,0,0,100,0,896,352,32,32,0,136,-130,0,0,100,0,864,352,32,32,0,0,-256,0,1,100,0,576,256,192,256,0,58,-139,0,0,100,0,448,96,48,48,0,89,-142,0,0,100,0,832,0,32,32,0,79,-149,0,0,100,0,448,0,48,48,0,50,-151,0,0,100,0,272,0,32,48,0,33,-193,0,1,100,0,192,128,96,112,0,73,-176,0,0,100,0,192,0,80,80,0,50,-129,0,1,100,0,288,128,96,48,0,0,-256,0,0,100,0,0,0,192,256,0,0,-256,0,0,100,0,580,800,192,256,0,
0,16,0,-256,0,0,100,0,388,800,192,256,0,19,-211,0,0,50,0,864,352,32,32,0,36,-181,0,0,100,0,832,352,32,32,0,65,-169,0,0,100,0,896,320,32,32,0,98,-162,0,0,100,0,896,352,32,32,0,129,-136,0,0,100,0,864,352,32,32,0,0,-256,0,1,100,0,0,528,192,256,0,58,-139,0,0,100,0,592,96,48,48,0,88,-142,0,0,100,0,832,0,32,32,0,79,-149,0,0,100,0,496,0,48,48,0,50,-151,0,0,100,0,272,0,32,48,0,33,-193,0,1,100,0,192,128,96,112,0,73,-176,0,0,100,0,192,0,80,80,0,50,-129,0,1,100,0,288,128,96,48,0,0,-256,0,0,100,0,0,0,192,256,0,0,-256,0,0,100,0,580,800,192,256,0,
0,18,0,-256,0,0,100,0,388,800,192,256,0,18,-218,0,0,20,0,864,352,32,32,0,33,-187,0,0,100,0,832,352,32,32,0,57,-170,0,0,100,0,896,320,32,32,0,89,-167,0,0,100,0,896,352,32,32,0,122,-145,0,0,100,0,864,352,32,32,0,151,-113,0,0,20,0,864,320,32,32,0,0,-256,0,1,100,0,192,528,192,256,0,58,-139,0,0,100,0,592,96,48,48,0,88,-142,0,0,100,0,832,0,32,32,0,79,-149,0,0,100,0,496,0,48,48,0,50,-151,0,0,100,0,272,0,32,48,0,48,-161,0,1,100,0,240,112,16,16,0,33,-193,0,1,100,0,192,128,96,112,0,73,-176,0,0,100,0,192,0,80,80,0,50,-129,0,1,100,0,288,128,96,48,0,0,-256,0,0,100,0,0,0,192,256,0,0,-256,0,0,100,0,580,800,192,256,0,
0,17,0,-256,0,0,100,0,388,800,192,256,0,28,-194,0,0,100,0,832,352,32,32,0,49,-171,0,0,100,0,896,320,32,32,0,80,-169,0,0,100,0,896,352,32,32,0,115,-153,0,0,100,0,864,352,32,32,0,143,-121,0,0,50,0,864,320,32,32,0,0,-256,0,1,100,0,384,528,192,256,0,58,-139,0,0,100,0,640,96,48,48,0,88,-142,0,0,100,0,832,0,32,32,0,79,-149,0,0,100,0,544,0,48,48,0,50,-151,0,0,100,0,272,0,32,48,0,50,-159,0,1,100,0,240,112,16,16,0,33,-193,0,1,100,0,192,128,96,112,0,73,-176,0,0,100,0,192,0,80,80,0,50,-129,0,1,100,0,288,128,96,48,0,0,-256,0,0,100,0,0,0,192,256,0,0,-256,0,0,100,0,580,800,192,256,0,
0,17,0,-256,0,0,100,0,388,800,192,256,0,23,-201,0,0,100,0,832,352,32,32,0,41,-176,0,0,100,0,896,320,32,32,0,72,-169,0,0,100,0,896,352,32,32,0,106,-157,0,0,100,0,864,352,32,32,0,136,-130,0,0,100,0,864,320,32,32,0,0,-256,0,1,100,0,576,528,192,256,0,58,-139,0,0,100,0,640,96,48,48,0,88,-142,0,0,100,0,832,0,32,32,0,79,-149,0,0,100,0,544,0,48,48,0,50,-151,0,0,100,0,272,0,32,48,0,54,-158,0,1,100,0,240,112,16,16,0,33,-193,0,1,100,0,192,128,96,112,0,73,-176,0,0,100,0,192,0,80,80,0,50,-129,0,1,100,0,288,128,96,48,0,0,-256,0,0,100,0,0,0,192,256,0,0,-256,0,0,100,0,580,800,192,256,0,
0,17,0,-256,0,0,100,0,388,800,192,256,0,19,-211,0,0,50,0,832,352,32,32,0,36,-181,0,0,100,0,896,320,32,32,0,65,-169,0,0,100,0,896,352,32,32,0,98,-162,0,0,100,0,864,352,32,32,0,129,-136,0,0,100,0,864,320,32,32,0,0,-256,0,1,100,0,0,256,192,256,0,58,-139,0,0,100,0,688,96,48,48,0,88,-142,0,0,100,0,832,0,32,32,0,79,-149,0,0,100,0,592,0,48,48,0,50,-151,0,0,100,0,272,0,32,48,0,57,-158,0,1,100,0,240,112,16,16,0,33,-193,0,1,100,0,192,128,96,112,0,73,-176,0,0,100,0,192,0,80,80,0,50,-129,0,1,100,0,288,128,96,48,0,0,-256,0,0,100,0,0,0,192,256,0,0,-256,0,0,100,0,580,800,192,256,0,
0,18,0,-256,0,0,100,0,388,800,192,256,0,18,-218,0,0,20,0,832,352,32,32,0,33,-187,0,0,100,0,896,320,32,32,0,57,-170,0,0,100,0,896,352,32,32,0,89,-167,0,0,100,0,864,352,32,32,0,122,-145,0,0,100,0,864,320,32,32,0,151,-113,0,0,20,0,832,352,32,32,0,0,-256,0,1,100,0,192,256,192,256,0,58,-139,0,0,100,0,688,96,48,48,0,88,-142,0,0,100,0,832,0,32,32,0,79,-149,0,0,100,0,592,0,48,48,0,50,-151,0,0,100,0,272,0,32,48,0,60,-155,0,1,100,0,240,112,16,16,0,33,-193,0,1,100,0,192,128,96,112,0,73,-176,0,0,100,0,192,0,80,80,0,50,-129,0,1,100,0,288,128,96,48,0,0,-256,0,0,100,0,0,0,192,256,0,0,-256,0,0,100,0,580,800,192,256,0,
0,17,0,-256,0,0,100,0,388,800,192,256,0,28,-194,0,0,100,0,896,320,32,32,0,49,-171,0,0,100,0,896,352,32,32,0,80,-169,0,0,100,0,864,352,32,32,0,115,-153,0,0,100,0,864,320,32,32,0,143,-121,0,0,50,0,832,352,32,32,0,0,-256,0,1,100,0,384,256,192,256,0,58,-139,0,0,100,0,736,96,48,48,0,88,-142,0,0,100,0,832,0,32,32,0,79,-149,0,0,100,0,640,0,48,48,0,50,-151,0,0,100,0,272,0,32,48,0,62,-152,0,1,100,0,240,112,16,16,0,33,-193,0,1,100,0,192,128,96,112,0,73,-176,0,0,100,0,192,0,80,80,0,50,-129,0,1,100,0,288,128,96,48,0,0,-256,0,0,100,0,0,0,192,256,0,0,-256,0,0,100,0,580,800,192,256,0,
0,17,0,-256,0,0,100,0,388,800,192,256,0,23,-201,0,0,100,0,896,320,32,32,0,41,-176,0,0,100,0,896,352,32,32,0,72,-169,0,0,100,0,864,352,32,32,0,106,-157,0,0,100,0,864,320,32,32,0,136,-130,0,0,100,0,832,352,32,32,0,0,-256,0,1,100,0,576,256,192,256,0,58,-139,0,0,100,0,736,96,48,48,0,88,-142,0,0,100,0,832,0,32,32,0,79,-149,0,0,100,0,640,0,48,48,0,50,-151,0,0,100,0,272,0,32,48,0,65,-150,0,1,100,0,240,112,16,16,0,33,-193,0,1,100,0,192,128,96,112,0,73,-176,0,0,100,0,192,0,80,80,0,50,-129,0,1,100,0,288,128,96,48,0,0,-256,0,0,100,0,0,0,192,256,0,0,-256,0,0,100,0,580,800,192,256,0,
0,17,0,-256,0,0,100,0,388,800,192,256,0,19,-211,0,0,50,0,896,320,32,32,0,36,-181,0,0,100,0,896,352,32,32,0,65,-169,0,0,100,0,864,352,32,32,0,98,-162,0,0,100,0,864,320,32,32,0,129,-136,0,0,100,0,832,352,32,32,0,0,-256,0,1,100,0,0,528,192,256,0,58,-139,0,0,100,0,400,96,48,48,0,89,-142,0,0,100,0,832,0,32,32,0,79,-149,0,0,100,0,688,0,48,48,0,50,-151,0,0,100,0,272,0,32,48,0,69,-147,0,1,100,0,240,112,16,16,0,33,-193,0,1,100,0,192,128,96,112,0,73,-176,0,0,100,0,192,0,80,80,0,50,-129,0,1,100,0,288,128,96,48,0,0,-256,0,0,100,0,0,0,192,256,0,0,-256,0,0,100,0,580,800,192,256,0,
0,18,0,-256,0,0,100,0,388,800,192,256,0,18,-218,0,0,20,0,896,320,32,32,0,33,-187,0,0,100,0,896,352,32,32,0,57,-170,0,0,100,0,864,352,32,32,0,89,-167,0,0,100,0,864,320,32,32,0,122,-145,0,0,100,0,832,352,32,32,0,151,-113,0,0,20,0,864,352,32,32,0,0,-256,0,1,100,0,192,528,192,256,0,58,-139,0,0,100,0,400,96,48,48,0,89,-142,0,0,100,0,832,0,32,32,0,79,-149,0,0,100,0,688,0,48,48,0,50,-151,0,0,100,0,272,0,32,48,0,72,-143,0,1,50,0,240,112,16,16,0,33,-193,0,1,100,0,192,128,96,112,0,73,-176,0,0,100,0,192,0,80,80,0,50,-129,0,1,100,0,288,128,96,48,0,0,-256,0,0,100,0,0,0,192,256,0,0,-256,0,0,100,0,580,800,192,256,0,
0,16,0,-256,0,0,100,0,388,800,192,256,0,28,-194,0,0,100,0,896,352,32,32,0,49,-171,0,0,100,0,864,352,32,32,0,80,-169,0,0,100,0,864,320,32,32,0,115,-153,0,0,100,0,832,352,32,32,0,143,-121,0,0,50,0,864,352,32,32,0,0,-256,0,1,100,0,384,528,192,256,0,58,-139,0,0,100,0,448,96,48,48,0,89,-142,0,0,100,0,832,0,32,32,0,79,-149,0,0,100,0,736,0,48,48,0,50,-151,0,0,100,0,272,0,32,48,0,33,-193,0,1,100,0,192,128,96,112,0,73,-176,0,0,100,0,192,0,80,80,0,50,-129,0,1,100,0,288,128,96,48,0,0,-256,0,0,100,0,0,0,192,256,0,0,-256,0,0,100,0,580,800,192,256,0,
0,16,0,-256,0,0,100,0,388,800,192,256,0,23,-201,0,0,100,0,896,352,32,32,0,41,-176,0,0,100,0,864,352,32,32,0,72,-169,0,0,100,0,864,320,32,32,0,106,-157,0,0,100,0,832,352,32,32,0,136,-130,0,0,100,0,864,352,32,32,0,0,-256,0,1,100,0,576,528,192,256,0,58,-139,0,0,100,0,448,96,48,48,0,89,-142,0,0,100,0,832,0,32,32,0,79,-149,0,0,100,0,736,0,48,48,0,50,-151,0,0,100,0,272,0,32,48,0,33,-193,0,1,100,0,192,128,96,112,0,73,-176,0,0,100,0,192,0,80,80,0,50,-129,0,1,100,0,288,128,96,48,0,0,-256,0,0,100,0,0,0,192,256,0,0,-256,0,0,100,0,580,800,192,256,0,
0,15,0,-256,0,0,100,0,388,800,192,256,0,19,-211,0,0,50,0,896,352,32,32,0,36,-181,0,0,100,0,864,352,32,32,0,65,-169,0,0,100,0,864,320,32,32,0,98,-162,0,0,100,0,832,352,32,32,0,129,-136,0,0,100,0,864,352,32,32,0,0,-256,0,1,100,0,0,256,192,256,0,58,-139,0,0,100,0,400,96,48,48,0,79,-149,0,0,100,0,400,0,48,48,0,50,-151,0,0,100,0,272,0,32,48,0,33,-193,0,1,100,0,192,128,96,112,0,73,-176,0,0,100,0,192,0,80,80,0,50,-129,0,1,100,0,288,128,96,48,0,0,-256,0,0,100,0,0,0,192,256,0,0,-256,0,0,100,0,580,800,192,256,0,
0,16,0,-256,0,0,100,0,388,800,192,256,0,18,-218,0,0,20,0,896,352,32,32,0,33,-187,0,0,100,0,864,352,32,32,0,57,-170,0,0,100,0,864,320,32,32,0,89,-167,0,0,100,0,832,352,32,32,0,122,-145,0,0,100,0,864,352,32,32,0,151,-113,0,0,20,0,896,320,32,32,0,0,-256,0,1,100,0,192,256,192,256,0,58,-139,0,0,100,0,400,96,48,48,0,79,-149,0,0,100,0,400,0,48,48,0,50,-151,0,0,100,0,272,0,32,48,0,33,-193,0,1,100,0,192,128,96,112,0,73,-176,0,0,100,0,192,0,80,80,0,50,-129,0,1,100,0,288,128,96,48,0,0,-256,0,0,100,0,0,0,192,256,0,0,-256,0,0,100,0,580,800,192,256,0,
0,15,0,-256,0,0,100,0,388,800,192,256,0,28,-194,0,0,100,0,864,352,32,32,0,49,-171,0,0,100,0,864,320,32,32,0,80,-169,0,0,100,0,832,352,32,32,0,115,-153,0,0,100,0,864,352,32,32,0,143,-121,0,0,50,0,896,320,32,32,0,0,-256,0,1,100,0,384,256,192,256,0,58,-139,0,0,100,0,448,96,48,48,0,79,-149,0,0,100,0,448,0,48,48,0,50,-151,0,0,100,0,272,0,32,48,0,33,-193,0,1,100,0,192,128,96,112,0,73,-176,0,0,100,0,192,0,80,80,0,50,-129,0,1,100,0,288,128,96,48,0,0,-256,0,0,100,0,0,0,192,256,0,0,-256,0,0,100,0,580,800,192,256,0,
0,15,0,-256,0,0,100,0,388,800,192,256,0,23,-201,0,0,100,0,864,352,32,32,0,41,-176,0,0,100,0,864,320,32,32,0,72,-169,0,0,100,0,832,352,32,32,0,106,-157,0,0,100,0,864,352,32,32,0,136,-130,0,0,100,0,896,320,32,32,0,0,-256,0,1,100,0,576,256,192,256,0,58,-139,0,0,100,0,448,96,48,48,0,79,-149,0,0,100,0,448,0,48,48,0,50,-151,0,0,100,0,272,0,32,48,0,33,-193,0,1,100,0,192,128,96,112,0,73,-176,0,0,100,0,192,0,80,80,0,50,-129,0,1,100,0,288,128,96,48,0,0,-256,0,0,100,0,0,0,192,256,0,0,-256,0,0,100,0,580,800,192,256,0,
0,15,0,-256,0,0,100,0,388,800,192,256,0,19,-211,0,0,50,0,864,352,32,32,0,36,-181,0,0,100,0,864,320,32,32,0,65,-169,0,0,100,0,832,352,32,32,0,98,-162,0,0,100,0,864,352,32,32,0,129,-136,0,0,100,0,896,320,32,32,0,0,-256,0,1,100,0,0,528,192,256,0,58,-139,0,0,100,0,592,96,48,48,0,79,-149,0,0,100,0,496,0,48,48,0,50,-151,0,0,100,0,272,0,32,48,0,33,-193,0,1,100,0,192,128,96,112,0,73,-176,0,0,100,0,192,0,80,80,0,50,-129,0,1,100,0,288,128,96,48,0,0,-256,0,0,100,0,0,0,192,256,0,0,-256,0,0,100,0,580,800,192,256,0,
0,16,0,-256,0,0,100,0,388,800,192,256,0,18,-218,0,0,20,0,864,352,32,32,0,33,-187,0,0,100,0,864,320,32,32,0,57,-170,0,0,100,0,832,352,32,32,0,89,-167,0,0,100,0,864,352,32,32,0,122,-145,0,0,100,0,896,320,32,32,0,151,-113,0,0,20,0,896,352,32,32,0,0,-256,0,1,100,0,192,528,192,256,0,58,-139,0,0,100,0,592,96,48,48,0,79,-149,0,0,100,0,496,0,48,48,0,50,-151,0,0,100,0,272,0,32,48,0,33,-193,0,1,100,0,192,128,96,112,0,73,-176,0,0,100,0,192,0,80,80,0,50,-129,0,1,100,0,288,128,96,48,0,0,-256,0,0,100,0,0,0,192,256,0,0,-256,0,0,100,0,580,800,192,256,0,
0,15,0,-256,0,0,100,0,388,800,192,256,0,28,-194,0,0,100,0,864,320,32,32,0,49,-171,0,0,100,0,832,352,32,32,0,80,-169,0,0,100,0,864,352,32,32,0,115,-153,0,0,100,0,896,320,32,32,0,143,-121,0,0,50,0,896,352,32,32,0,0,-256,0,1,100,0,384,528,192,256,0,58,-139,0,0,100,0,640,96,48,48,0,79,-149,0,0,100,0,544,0,48,48,0,50,-151,0,0,100,0,272,0,32,48,0,33,-193,0,1,100,0,192,128,96,112,0,73,-176,0,0,100,0,192,0,80,80,0,50,-129,0,1,100,0,288,128,96,48,0,0,-256,0,0,100,0,0,0,192,256,0,0,-256,0,0,100,0,580,800,192,256,0,
0,15,0,-256,0,0,100,0,388,800,192,256,0,23,-201,0,0,100,0,864,320,32,32,0,41,-176,0,0,100,0,832,352,32,32,0,72,-169,0,0,100,0,864,352,32,32,0,106,-157,0,0,100,0,896,320,32,32,0,136,-130,0,0,100,0,896,352,32,32,0,0,-256,0,1,100,0,576,528,192,256,0,58,-139,0,0,100,0,640,96,48,48,0,79,-149,0,0,100,0,544,0,48,48,0,50,-151,0,0,100,0,272,0,32,48,0,33,-193,0,1,100,0,192,128,96,112,0,73,-176,0,0,100,0,192,0,80,80,0,50,-129,0,1,100,0,288,128,96,48,0,0,-256,0,0,100,0,0,0,192,256,0,0,-256,0,0,100,0,580,800,192,256,0,
0,15,0,-256,0,0,100,0,388,800,192,256,0,19,-211,0,0,50,0,864,320,32,32,0,36,-181,0,0,100,0,832,352,32,32,0,65,-169,0,0,100,0,864,352,32,32,0,98,-162,0,0,100,0,896,320,32,32,0,129,-136,0,0,100,0,896,352,32,32,0,0,-256,0,1,100,0,0,256,192,256,0,58,-139,0,0,100,0,688,96,48,48,0,79,-149,0,0,100,0,592,0,48,48,0,50,-151,0,0,100,0,272,0,32,48,0,33,-193,0,1,100,0,192,128,96,112,0,73,-176,0,0,100,0,192,0,80,80,0,50,-129,0,1,100,0,288,128,96,48,0,0,-256,0,0,100,0,0,0,192,256,0,0,-256,0,0,100,0,580,800,192,256,0,
0,16,0,-256,0,0,100,0,388,800,192,256,0,18,-218,0,0,20,0,864,320,32,32,0,33,-187,0,0,100,0,832,352,32,32,0,57,-170,0,0,100,0,864,352,32,32,0,89,-167,0,0,100,0,896,320,32,32,0,122,-145,0,0,100,0,896,352,32,32,0,151,-113,0,0,20,0,864,320,32,32,0,0,-256,0,1,100,0,192,256,192,256,0,58,-139,0,0,100,0,688,96,48,48,0,79,-149,0,0,100,0,592,0,48,48,0,50,-151,0,0,100,0,272,0,32,48,0,33,-193,0,1,100,0,192,128,96,112,0,73,-176,0,0,100,0,192,0,80,80,0,50,-129,0,1,100,0,288,128,96,48,0,0,-256,0,0,100,0,0,0,192,256,0,0,-256,0,0,100,0,580,800,192,256,0,
0,16,0,-256,0,0,100,0,388,800,192,256,0,28,-194,0,0,100,0,832,352,32,32,0,49,-171,0,0,100,0,864,352,32,32,0,80,-169,0,0,100,0,896,320,32,32,0,115,-153,0,0,100,0,896,352,32,32,0,143,-121,0,0,50,0,864,320,32,32,0,0,-256,0,1,100,0,384,256,192,256,0,58,-139,0,0,100,0,736,96,48,48,0,79,-149,0,0,100,0,640,0,48,48,0,50,-151,0,0,100,0,272,0,32,48,0,57,-159,0,1,50,0,240,112,16,16,0,33,-193,0,1,100,0,192,128,96,112,0,73,-176,0,0,100,0,192,0,80,80,0,50,-129,0,1,100,0,288,128,96,48,0,0,-256,0,0,100,0,0,0,192,256,0,0,-256,0,0,100,0,580,800,192,256,0,
0,16,0,-256,0,0,100,0,388,800,192,256,0,23,-201,0,0,100,0,832,352,32,32,0,41,-176,0,0,100,0,864,352,32,32,0,72,-169,0,0,100,0,896,320,32,32,0,106,-157,0,0,100,0,896,352,32,32,0,136,-130,0,0,100,0,864,320,32,32,0,0,-256,0,1,100,0,576,256,192,256,0,58,-139,0,0,100,0,736,96,48,48,0,79,-149,0,0,100,0,640,0,48,48,0,50,-151,0,0,100,0,272,0,32,48,0,58,-156,0,1,100,0,240,112,16,16,0,33,-193,0,1,100,0,192,128,96,112,0,73,-176,0,0,100,0,192,0,80,80,0,50,-129,0,1,100,0,288,128,96,48,0,0,-256,0,0,100,0,0,0,192,256,0,0,-256,0,0,100,0,580,800,192,256,0,
0,16,0,-256,0,0,100,0,388,800,192,256,0,19,-211,0,0,50,0,832,352,32,32,0,36,-181,0,0,100,0,864,352,32,32,0,65,-169,0,0,100,0,896,320,32,32,0,98,-162,0,0,100,0,896,352,32,32,0,129,-136,0,0,100,0,864,320,32,32,0,0,-256,0,1,100,0,0,528,192,256,0,58,-139,0,0,100,0,400,96,48,48,0,79,-149,0,0,100,0,688,0,48,48,0,50,-151,0,0,100,0,272,0,32,48,0,60,-154,0,1,100,0,240,112,16,16,0,33,-193,0,1,100,0,192,128,96,112,0,73,-176,0,0,100,0,192,0,80,80,0,50,-129,0,1,100,0,288,128,96,48,0,0,-256,0,0,100,0,0,0,192,256,0,0,-256,0,0,100,0,580,800,192,256,0,
0,18,0,-256,0,0,100,0,388,800,192,256,0,18,-218,0,0,20,0,832,352,32,32,0,33,-187,0,0,100,0,864,352,32,32,0,57,-170,0,0,100,0,896,320,32,32,0,89,-167,0,0,100,0,896,352,32,32,0,122,-145,0,0,100,0,864,320,32,32,0,151,-113,0,0,20,0,864,352,32,32,0,0,-256,0,1,100,0,192,528,192,256,0,58,-139,0,0,100,0,400,96,48,48,0,79,-149,0,0,100,0,688,0,48,48,0,50,-151,0,0,100,0,272,0,32,48,0,62,-152,0,1,100,0,240,112,16,16,0,75,-188,0,1,50,0,224,112,16,16,0,33,-193,0,1,100,0,192,128,96,112,0,73,-176,0,0,100,0,192,0,80,80,0,50,-129,0,1,100,0,288,128,96,48,0,0,-256,0,0,100,0,0,0,192,256,0,0,-256,0,0,100,0,580,800,192,256,0,
0,20,0,-256,0,0,100,0,388,800,192,256,0,28,-194,0,0,50,0,864,352,32,32,0,49,-171,0,0,50,0,896,320,32,32,0,80,-169,0,0,50,0,896,352,32,32,0,115,-153,0,0,50,0,864,320,32,32,0,143,-121,0,0,50,0,864,352,32,32,0,0,-256,0,1,50,0,384,528,192,256,0,58,-139,0,0,100,0,448,96,48,48,0,79,-149,0,0,100,0,736,0,48,48,0,50,-151,0,0,100,0,272,0,32,48,0,43,-164,0,1,50,0,240,112,16,16,0,41,-159,0,1,100,0,240,112,16,16,0,39,-154,0,1,100,0,240,112,16,16,0,65,-150,0,1,100,0,240,112,16,16,0,78,-186,0,1,100,0,224,112,16,16,0,33,-193,0,1,100,0,192,128,96,112,0,73,-176,0,0,100,0,192,0,80,80,0,50,-129,0,1,100,0,288,128,96,48,0,0,-256,0,0,100,0,0,0,192,256,0,0,-256,0,0,100,0,580,800,192,256,0,
0,19,0,-256,0,0,100,0,388,800,192,256,0,23,-201,0,0,20,0,864,352,32,32,0,41,-176,0,0,20,0,896,320,32,32,0,72,-169,0,0,20,0,896,352,32,32,0,106,-157,0,0,20,0,864,320,32,32,0,136,-130,0,0,20,0,864,352,32,32,0,0,-256,0,1,20,0,576,528,192,256,0,58,-139,0,0,100,0,448,96,48,48,0,79,-149,0,0,100,0,736,0,48,48,0,50,-151,0,0,100,0,272,0,32,48,0,49,-150,0,1,50,0,224,112,16,16,0,81,-186,0,1,100,0,224,112,16,16,0,39,-150,0,1,100,0,240,112,16,16,0,68,-149,0,1,100,0,240,112,16,16,0,33,-193,0,1,100,0,192,128,96,112,0,73,-176,0,0,100,0,192,0,80,80,0,50,-129,0,1,100,0,288,128,96,48,0,0,-256,0,0,100,0,0,0,192,256,0,0,-256,0,0,100,0,580,800,192,256,0,
0,14,0,-256,0,0,100,0,388,800,192,256,0,58,-139,0,0,100,0,448,144,48,48,0,88,-142,0,0,100,0,832,0,32,32,0,79,-149,0,0,100,0,448,48,48,48,0,50,-151,0,0,100,0,272,0,32,48,0,48,-146,0,1,100,0,224,112,16,16,0,85,-185,0,1,100,0,224,112,16,16,0,39,-148,0,1,100,0,240,112,16,16,0,69,-147,0,1,100,0,240,112,16,16,0,33,-193,0,1,100,0,192,128,96,112,0,73,-176,0,0,100,0,192,0,80,80,0,50,-129,0,1,100,0,288,128,96,48,0,0,-256,0,0,100,0,0,0,192,256,0,0,-256,0,0,100,0,580,800,192,256,0,
0,14,0,-256,0,0,100,0,388,800,192,256,0,66,-131,0,0,100,0,800,160,32,32,0,58,-139,0,0,100,0,544,144,48,48,0,88,-142,0,0,100,0,832,0,32,32,0,79,-149,0,0,100,0,448,48,48,48,0,50,-151,0,0,100,0,272,0,32,48,0,88,-185,0,1,100,0,224,112,16,16,0,38,-144,0,1,100,0,240,112,16,16,0,71,-144,0,1,100,0,240,112,16,16,0,33,-193,0,1,100,0,192,128,96,112,0,73,-176,0,0,100,0,192,0,80,80,0,50,-129,0,1,100,0,288,128,96,48,0,0,-256,0,0,100,0,0,0,192,256,0,0,-256,0,0,100,0,580,800,192,256,0,
0,14,0,-256,0,0,100,0,388,800,192,256,0,66,-131,0,0,100,0,800,160,32,32,0,58,-139,0,0,100,0,544,144,48,48,0,88,-142,0,0,100,0,832,0,32,32,0,79,-149,0,0,100,0,448,48,48,48,0,50,-151,0,0,100,0,272,0,32,48,0,91,-182,0,1,100,0,224,112,16,16,0,37,-139,0,1,100,0,240,112,16,16,0,75,-143,0,1,50,0,240,112,16,16,0,33,-193,0,1,100,0,192,128,96,112,0,73,-176,0,0,100,0,192,0,80,80,0,50,-129,0,1,100,0,288,128,96,48,0,0,-256,0,0,100,0,0,0,192,256,0,0,-256,0,0,100,0,580,800,192,256,0,
0,13,0,-256,0,0,100,0,388,800,192,256,0,66,-131,0,0,100,0,800,160,32,32,0,58,-139,0,0,100,0,544,144,48,48,0,88,-142,0,0,100,0,832,0,32,32,0,79,-149,0,0,100,0,448,48,48,48,0,50,-151,0,0,100,0,272,0,32,48,0,94,-179,0,1,100,0,224,112,16,16,0,36,-135,0,1,100,0,240,112,16,16,0,33,-193,0,1,100,0,192,128,96,112,0,73,-176,0,0,100,0,192,0,80,80,0,50,-129,0,1,100,0,288,128,96,48,0,0,-256,0,0,100,0,0,0,192,256,0,0,-256,0,0,100,0,580,800,192,256,0,
0,13,0,-256,0,0,100,0,388,800,192,256,0,66,-131,0,0,100,0,800,160,32,32,0,58,-139,0,0,100,0,544,144,48,48,0,88,-142,0,0,100,0,832,0,32,32,0,79,-149,0,0,100,0,448,48,48,48,0,50,-151,0,0,100,0,272,0,32,48,0,97,-177,0,1,50,0,224,112,16,16,0,35,-131,0,1,100,0,240,112,16,16,0,33,-193,0,1,100,0,192,128,96,112,0,73,-176,0,0,100,0,192,0,80,80,0,50,-129,0,1,100,0,288,128,96,48,0,0,-256,0,0,100,0,0,0,192,256,0,0,-256,0,0,100,0,580,800,192,256,0,
0,12,0,-256,0,0,100,0,388,800,192,256,0,66,-131,0,0,100,0,800,160,32,32,0,58,-139,0,0,100,0,544,144,48,48,0,88,-142,0,0,100,0,832,0,32,32,0,79,-149,0,0,100,0,448,48,48,48,0,50,-151,0,0,100,0,272,0,32,48,0,35,-127,0,1,50,0,240,112,16,16,0,33,-193,0,1,100,0,192,128,96,112,0,73,-176,0,0,100,0,192,0,80,80,0,50,-129,0,1,100,0,288,128,96,48,0,0,-256,0,0,100,0,0,0,192,256,0,0,-256,0,0,100,0,580,800,192,256,0,
0,11,0,-256,0,0,100,0,388,800,192,256,0,66,-131,0,0,100,0,800,160,32,32,0,58,-139,0,0,100,0,544,144,48,48,0,88,-142,0,0,100,0,832,0,32,32,0,79,-149,0,0,100,0,448,48,48,48,0,50,-151,0,0,100,0,272,0,32,48,0,33,-193,0,1,100,0,192,128,96,112,0,73,-176,0,0,100,0,192,0,80,80,0,50,-129,0,1,100,0,288,128,96,48,0,0,-256,0,0,100,0,0,0,192,256,0,0,-256,0,0,100,0,580,800,192,256,0,
0,11,0,-256,0,0,100,0,388,800,192,256,0,66,-131,0,0,100,0,800,160,32,32,0,58,-139,0,0,100,0,544,144,48,48,0,88,-142,0,0,100,0,832,0,32,32,0,79,-149,0,0,100,0,448,48,48,48,0,50,-151,0,0,100,0,272,0,32,48,0,33,-193,0,1,100,0,192,128,96,112,0,73,-176,0,0,100,0,192,0,80,80,0,50,-129,0,1,100,0,288,128,96,48,0,0,-256,0,0,100,0,0,0,192,256,0,0,-256,0,0,100,0,580,800,192,256,0,
0,12,0,-256,0,0,100,0,388,800,192,256,0,67,-131,0,0,100,0,832,160,32,32,0,58,-139,0,0,100,0,544,144,48,48,0,88,-142,0,0,100,0,832,0,32,32,0,79,-149,0,0,100,0,448,48,48,48,0,50,-151,0,0,100,0,272,0,32,48,0,46,-180,0,1,50,0,224,112,16,16,0,33,-193,0,1,100,0,192,128,96,112,0,73,-176,0,0,100,0,192,0,80,80,0,50,-129,0,1,100,0,288,128,96,48,0,0,-256,0,0,100,0,0,0,192,256,0,0,-256,0,0,100,0,580,800,192,256,0,
0,12,0,-256,0,0,100,0,388,800,192,256,0,67,-131,0,0,100,0,832,160,32,32,0,58,-139,0,0,100,0,544,144,48,48,0,88,-142,0,0,100,0,832,0,32,32,0,79,-149,0,0,100,0,448,48,48,48,0,50,-151,0,0,100,0,272,0,32,48,0,49,-179,0,1,100,0,224,112,16,16,0,33,-193,0,1,100,0,192,128,96,112,0,73,-176,0,0,100,0,192,0,80,80,0,50,-129,0,1,100,0,288,128,96,48,0,0,-256,0,0,100,0,0,0,192,256,0,0,-256,0,0,100,0,580,800,192,256,0,
0,12,0,-256,0,0,100,0,388,800,192,256,0,66,-131,0,0,100,0,800,160,32,32,0,58,-139,0,0,100,0,544,144,48,48,0,88,-142,0,0,100,0,832,0,32,32,0,79,-149,0,0,100,0,448,48,48,48,0,50,-151,0,0,100,0,272,0,32,48,0,53,-179,0,1,100,0,224,112,16,16,0,33,-193,0,1,100,0,192,128,96,112,0,73,-176,0,0,100,0,192,0,80,80,0,50,-129,0,1,100,0,288,128,96,48,0,0,-256,0,0,100,0,0,0,192,256,0,0,-256,0,0,100,0,580,800,192,256,0,
0,13,0,-256,0,0,100,0,388,800,192,256,0,66,-131,0,0,100,0,800,160,32,32,0,58,-139,0,0,100,0,544,144,48,48,0,88,-142,0,0,100,0,832,0,32,32,0,79,-149,0,0,100,0,448,48,48,48,0,50,-151,0,0,100,0,272,0,32,48,0,42,-162,0,1,50,0,224,112,16,16,0,57,-176,0,1,100,0,224,112,16,16,0,33,-193,0,1,100,0,192,128,96,112,0,73,-176,0,0,100,0,192,0,80,80,0,50,-129,0,1,100,0,288,128,96,48,0,0,-256,0,0,100,0,0,0,192,256,0,0,-256,0,0,100,0,580,800,192,256,0,
0,13,0,-256,0,0,100,0,388,800,192,256,0,67,-131,0,0,100,0,832,160,32,32,0,58,-139,0,0,100,0,544,144,48,48,0,88,-142,0,0,100,0,832,0,32,32,0,79,-149,0,0,100,0,448,48,48,48,0,50,-151,0,0,100,0,272,0,32,48,0,41,-159,0,1,100,0,224,112,16,16,0,60,-174,0,1,100,0,224,112,16,16,0,33,-193,0,1,100,0,192,128,96,112,0,73,-176,0,0,100,0,192,0,80,80,0,50,-129,0,1,100,0,288,128,96,48,0,0,-256,0,0,100,0,0,0,192,256,0,0,-256,0,0,100,0,580,800,192,256,0,
0,14,0,-256,0,0,100,0,388,800,192,256,0,67,-131,0,0,100,0,832,160,32,32,0,58,-139,0,0,100,0,544,144,48,48,0,88,-142,0,0,100,0,832,0,32,32,0,79,-149,0,0,100,0,448,48,48,48,0,50,-151,0,0,100,0,272,0,32,48,0,58,-153,0,1,100,0,240,112,16,16,0,41,-154,0,1,100,0,224,112,16,16,0,64,-172,0,1,100,0,224,112,16,16,0,33,-193,0,1,100,0,192,128,96,112,0,73,-176,0,0,100,0,192,0,80,80,0,50,-129,0,1,100,0,288,128,96,48,0,0,-256,0,0,100,0,0,0,192,256,0,0,-256,0,0,100,0,580,800,192,256,0,
0,14,0,-256,0,0,100,0,388,800,192,256,0,66,-131,0,0,100,0,800,160,32,32,0,58,-139,0,0,100,0,544,144,48,48,0,88,-142,0,0,100,0,832,0,32,32,0,79,-149,0,0,100,0,448,48,48,48,0,50,-151,0,0,100,0,272,0,32,48,0,62,-150,0,1,100,0,240,112,16,16,0,38,-150,0,1,100,0,224,112,16,16,0,67,-171,0,1,50,0,224,112,16,16,0,33,-193,0,1,100,0,192,128,96,112,0,73,-176,0,0,100,0,192,0,80,80,0,50,-129,0,1,100,0,288,128,96,48,0,0,-256,0,0,100,0,0,0,192,256,0,0,-256,0,0,100,0,580,800,192,256,0,
0,13,0,-256,0,0,100,0,388,800,192,256,0,66,-131,0,0,100,0,800,160,32,32,0,58,-139,0,0,100,0,544,144,48,48,0,88,-142,0,0,100,0,832,0,32,32,0,79,-149,0,0,100,0,448,48,48,48,0,50,-151,0,0,100,0,272,0,32,48,0,64,-146,0,1,100,0,240,112,16,16,0,37,-146,0,1,50,0,224,112,16,16,0,33,-193,0,1,100,0,192,128,96,112,0,73,-176,0,0,100,0,192,0,80,80,0,50,-129,0,1,100,0,288,128,96,48,0,0,-256,0,0,100,0,0,0,192,256,0,0,-256,0,0,100,0,580,800,192,256,0,
0,12,0,-256,0,0,100,0,388,800,192,256,0,66,-131,0,0,100,0,800,160,32,32,0,58,-139,0,0,100,0,544,144,48,48,0,88,-142,0,0,100,0,832,0,32,32,0,79,-149,0,0,100,0,448,48,48,48,0,50,-151,0,0,100,0,272,0,32,48,0,67,-142,0,1,50,0,240,112,16,16,0,33,-193,0,1,100,0,192,128,96,112,0,73,-176,0,0,100,0,192,0,80,80,0,50,-129,0,1,100,0,288,128,96,48,0,0,-256,0,0,100,0,0,0,192,256,0,0,-256,0,0,100,0,580,800,192,256,0,
0,11,0,-256,0,0,100,0,388,800,192,256,0,66,-131,0,0,100,0,800,160,32,32,0,58,-139,0,0,100,0,544,144,48,48,0,88,-142,0,0,100,0,832,0,32,32,0,79,-149,0,0,100,0,448,48,48,48,0,50,-151,0,0,100,0,272,0,32,48,0,33,-193,0,1,100,0,192,128,96,112,0,73,-176,0,0,100,0,192,0,80,80,0,50,-129,0,1,100,0,288,128,96,48,0,0,-256,0,0,100,0,0,0,192,256,0,0,-256,0,0,100,0,580,800,192,256,0,
0,11,0,-256,0,0,100,0,388,800,192,256,0,66,-131,0,0,100,0,800,160,32,32,0,58,-139,0,0,100,0,544,144,48,48,0,88,-142,0,0,100,0,832,0,32,32,0,79,-149,0,0,100,0,448,48,48,48,0,50,-151,0,0,100,0,272,0,32,48,0,33,-193,0,1,100,0,192,128,96,112,0,73,-176,0,0,100,0,192,0,80,80,0,50,-129,0,1,100,0,288,128,96,48,0,0,-256,0,0,100,0,0,0,192,256,0,0,-256,0,0,100,0,580,800,192,256,0,
0,11,0,-256,0,0,100,0,388,800,192,256,0,66,-131,0,0,100,0,800,160,32,32,0,58,-139,0,0,100,0,544,144,48,48,0,88,-142,0,0,100,0,832,0,32,32,0,79,-149,0,0,100,0,448,48,48,48,0,50,-151,0,0,100,0,272,0,32,48,0,33,-193,0,1,100,0,192,128,96,112,0,73,-176,0,0,100,0,192,0,80,80,0,50,-129,0,1,100,0,288,128,96,48,0,0,-256,0,0,100,0,0,0,192,256,0,0,-256,0,0,100,0,580,800,192,256,0,
0,10,0,-256,0,0,100,0,388,800,192,256,0,58,-139,0,0,100,0,400,192,48,48,0,79,-149,0,0,100,0,448,48,48,48,0,50,-151,0,0,100,0,272,0,32,48,0,53,-186,0,1,50,0,240,112,16,16,0,33,-193,0,1,100,0,192,128,96,112,0,73,-176,0,0,100,0,192,0,80,80,0,50,-129,0,1,100,0,288,128,96,48,0,0,-256,0,0,100,0,0,0,192,256,0,0,-256,0,0,100,0,580,800,192,256,0,
0,11,0,-256,0,0,100,0,388,800,192,256,0,58,-139,0,0,100,0,400,192,48,48,0,79,-149,0,0,100,0,448,48,48,48,0,50,-151,0,0,100,0,272,0,32,48,0,57,-185,0,1,100,0,240,112,16,16,0,47,-165,0,1,100,0,240,112,16,16,0,33,-193,0,1,100,0,192,128,96,112,0,73,-176,0,0,100,0,192,0,80,80,0,50,-129,0,1,100,0,288,128,96,48,0,0,-256,0,0,100,0,0,0,192,256,0,0,-256,0,0,100,0,580,800,192,256,0,
0,11,0,-256,0,0,100,0,388,800,192,256,0,56,-143,0,0,100,0,448,192,48,48,0,79,-149,0,0,100,0,448,48,48,48,0,50,-151,0,0,100,0,272,0,32,48,0,60,-185,0,1,100,0,240,112,16,16,0,48,-161,0,1,100,0,240,112,16,16,0,33,-193,0,1,100,0,192,128,96,112,0,73,-176,0,0,100,0,192,0,80,80,0,50,-129,0,1,100,0,288,128,96,48,0,0,-256,0,0,100,0,0,0,192,256,0,0,-256,0,0,100,0,580,800,192,256,0,
0,12,0,-256,0,0,100,0,388,800,192,256,0,54,-146,0,0,100,0,448,192,48,48,0,88,-142,0,0,100,0,928,0,32,32,0,79,-149,0,0,100,0,448,48,48,48,0,50,-151,0,0,100,0,272,0,32,48,0,49,-157,0,1,100,0,240,112,16,16,0,64,-183,0,1,100,0,240,112,16,16,0,33,-193,0,1,100,0,192,128,96,112,0,73,-176,0,0,100,0,192,0,80,80,0,50,-129,0,1,100,0,288,128,96,48,0,0,-256,0,0,100,0,0,0,192,256,0,0,-256,0,0,100,0,580,800,192,256,0,
0,12,0,-256,0,0,100,0,388,800,192,256,0,53,-149,0,0,100,0,400,192,48,48,0,88,-142,0,0,100,0,928,0,32,32,0,79,-149,0,0,100,0,448,48,48,48,0,50,-151,0,0,100,0,272,0,32,48,0,50,-154,0,1,100,0,240,112,16,16,0,68,-183,0,1,100,0,240,112,16,16,0,33,-193,0,1,100,0,192,128,96,112,0,73,-176,0,0,100,0,192,0,80,80,0,50,-129,0,1,100,0,288,128,96,48,0,0,-256,0,0,100,0,0,0,192,256,0,0,-256,0,0,100,0,580,800,192,256,0,
0,12,0,-256,0,0,100,0,388,800,192,256,0,51,-152,0,0,100,0,400,192,48,48,0,88,-142,0,0,100,0,928,0,32,32,0,79,-149,0,0,100,0,448,48,48,48,0,50,-151,0,0,100,0,272,0,32,48,0,54,-152,0,1,100,0,240,112,16,16,0,71,-182,0,1,100,0,240,112,16,16,0,33,-193,0,1,100,0,192,128,96,112,0,73,-176,0,0,100,0,192,0,80,80,0,50,-129,0,1,100,0,288,128,96,48,0,0,-256,0,0,100,0,0,0,192,256,0,0,-256,0,0,100,0,580,800,192,256,0,
0,12,0,-256,0,0,100,0,388,800,192,256,0,51,-152,0,0,100,0,400,192,48,48,0,88,-142,0,0,100,0,928,0,32,32,0,79,-149,0,0,100,0,448,48,48,48,0,50,-151,0,0,100,0,272,0,32,48,0,57,-151,0,1,100,0,240,112,16,16,0,76,-180,0,1,50,0,240,112,16,16,0,33,-193,0,1,100,0,192,128,96,112,0,73,-176,0,0,100,0,192,0,80,80,0,50,-129,0,1,100,0,288,128,96,48,0,0,-256,0,0,100,0,0,0,192,256,0,0,-256,0,0,100,0,580,800,192,256,0,
0,11,0,-256,0,0,100,0,388,800,192,256,0,51,-152,0,0,100,0,400,192,48,48,0,88,-142,0,0,100,0,928,0,32,32,0,79,-149,0,0,100,0,448,48,48,48,0,50,-151,0,0,100,0,272,0,32,48,0,60,-149,0,1,100,0,240,112,16,16,0,33,-193,0,1,100,0,192,128,96,112,0,73,-176,0,0,100,0,192,0,80,80,0,50,-129,0,1,100,0,288,128,96,48,0,0,-256,0,0,100,0,0,0,192,256,0,0,-256,0,0,100,0,580,800,192,256,0,
0,12,0,-256,0,0,100,0,388,800,192,256,0,51,-152,0,0,100,0,496,192,48,48,0,88,-142,0,0,100,0,928,0,32,32,0,79,-149,0,0,100,0,448,48,48,48,0,50,-151,0,0,100,0,272,0,32,48,0,39,-160,0,1,100,0,240,112,16,16,0,67,-149,0,1,100,0,240,112,16,16,0,33,-193,0,1,100,0,192,128,96,112,0,73,-176,0,0,100,0,192,0,80,80,0,50,-129,0,1,100,0,288,128,96,48,0,0,-256,0,0,100,0,0,0,192,256,0,0,-256,0,0,100,0,580,800,192,256,0,
0,13,0,-256,0,0,100,0,388,800,192,256,0,51,-152,0,0,100,0,496,192,48,48,0,88,-142,0,0,100,0,928,0,32,32,0,79,-149,0,0,100,0,448,48,48,48,0,50,-151,0,0,100,0,304,0,32,48,0,58,-182,0,1,100,0,240,112,16,16,0,38,-155,0,1,100,0,240,112,16,16,0,70,-151,0,1,100,0,240,112,16,16,0,33,-193,0,1,100,0,192,128,96,112,0,73,-176,0,0,100,0,192,0,80,80,0,50,-129,0,1,100,0,288,128,96,48,0,0,-256,0,0,100,0,0,0,192,256,0,0,-256,0,0,100,0,580,800,192,256,0,
0,13,0,-256,0,0,100,0,388,800,192,256,0,51,-152,0,0,100,0,544,192,48,48,0,88,-142,0,0,100,0,928,0,32,32,0,79,-149,0,0,100,0,448,48,48,48,0,50,-151,0,0,100,0,304,0,32,48,0,60,-181,0,1,100,0,240,112,16,16,0,39,-149,0,1,100,0,240,112,16,16,0,76,-149,0,1,100,0,240,112,16,16,0,33,-193,0,1,100,0,192,128,96,112,0,73,-176,0,0,100,0,192,0,80,80,0,50,-129,0,1,100,0,288,128,96,48,0,0,-256,0,0,100,0,0,0,192,256,0,0,-256,0,0,100,0,580,800,192,256,0,
0,13,0,-256,0,0,100,0,388,800,192,256,0,51,-152,0,0,100,0,544,192,48,48,0,88,-142,0,0,100,0,928,0,32,32,0,79,-149,0,0,100,0,448,48,48,48,0,50,-151,0,0,100,0,336,0,32,48,0,62,-180,0,1,100,0,240,112,16,16,0,42,-146,0,1,100,0,240,112,16,16,0,82,-149,0,1,50,0,240,112,16,16,0,33,-193,0,1,100,0,192,128,96,112,0,73,-176,0,0,100,0,192,0,80,80,0,50,-129,0,1,100,0,288,128,96,48,0,0,-256,0,0,100,0,0,0,192,256,0,0,-256,0,0,100,0,580,800,192,256,0,
0,13,0,-256,0,0,100,0,388,800,192,256,0,51,-152,0,0,100,0,496,192,48,48,0,88,-142,0,0,100,0,928,0,32,32,0,79,-149,0,0,100,0,448,48,48,48,0,50,-151,0,0,100,0,336,0,32,48,0,79,-190,0,1,50,0,208,112,16,16,0,65,-179,0,1,50,0,240,112,16,16,0,47,-147,0,1,50,0,240,112,16,16,0,33,-193,0,1,100,0,192,128,96,112,0,73,-176,0,0,100,0,192,0,80,80,0,50,-129,0,1,100,0,288,128,96,48,0,0,-256,0,0,100,0,0,0,192,256,0,0,-256,0,0,100,0,580,800,192,256,0,
0,11,0,-256,0,0,100,0,388,800,192,256,0,51,-152,0,0,100,0,496,192,48,48,0,88,-142,0,0,100,0,928,0,32,32,0,79,-149,0,0,100,0,448,48,48,48,0,50,-151,0,0,100,0,272,0,32,48,0,80,-189,0,1,100,0,208,112,16,16,0,33,-193,0,1,100,0,192,128,96,112,0,73,-176,0,0,100,0,192,0,80,80,0,50,-129,0,1,100,0,288,128,96,48,0,0,-256,0,0,100,0,0,0,192,256,0,0,-256,0,0,100,0,580,800,192,256,0,
0,11,0,-256,0,0,100,0,388,800,192,256,0,51,-152,0,0,100,0,400,192,48,48,0,88,-142,0,0,100,0,928,0,32,32,0,79,-149,0,0,100,0,448,48,48,48,0,50,-151,0,0,100,0,272,0,32,48,0,82,-189,0,1,100,0,208,112,16,16,0,33,-193,0,1,100,0,192,128,96,112,0,73,-176,0,0,100,0,192,0,80,80,0,50,-129,0,1,100,0,288,128,96,48,0,0,-256,0,0,100,0,0,0,192,256,0,0,-256,0,0,100,0,580,800,192,256,0,
0,11,0,-256,0,0,100,0,388,800,192,256,0,51,-152,0,0,100,0,400,192,48,48,0,88,-142,0,0,100,0,928,0,32,32,0,79,-149,0,0,100,0,448,48,48,48,0,50,-151,0,0,100,0,272,0,32,48,0,84,-188,0,1,100,0,208,112,16,16,0,33,-193,0,1,100,0,192,128,96,112,0,73,-176,0,0,100,0,192,0,80,80,0,50,-129,0,1,100,0,288,128,96,48,0,0,-256,0,0,100,0,0,0,192,256,0,0,-256,0,0,100,0,580,800,192,256,0,
0,11,0,-256,0,0,100,0,388,800,192,256,0,51,-152,0,0,100,0,400,192,48,48,0,88,-142,0,0,100,0,928,0,32,32,0,79,-149,0,0,100,0,448,48,48,48,0,50,-151,0,0,100,0,272,0,32,48,0,86,-186,0,1,100,0,208,112,16,16,0,33,-193,0,1,100,0,192,128,96,112,0,73,-176,0,0,100,0,192,0,80,80,0,50,-129,0,1,100,0,288,128,96,48,0,0,-256,0,0,100,0,0,0,192,256,0,0,-256,0,0,100,0,580,800,192,256,0,
0,11,0,-256,0,0,100,0,388,800,192,256,0,51,-152,0,0,100,0,400,192,48,48,0,88,-142,0,0,100,0,928,0,32,32,0,79,-149,0,0,100,0,448,48,48,48,0,50,-151,0,0,100,0,272,0,32,48,0,88,-185,0,1,100,0,224,112,16,16,0,33,-193,0,1,100,0,192,128,96,112,0,73,-176,0,0,100,0,192,0,80,80,0,50,-129,0,1,100,0,288,128,96,48,0,0,-256,0,0,100,0,0,0,192,256,0,0,-256,0,0,100,0,580,800,192,256,0,
0,11,0,-256,0,0,100,0,388,800,192,256,0,51,-152,0,0,100,0,592,192,48,48,0,88,-142,0,0,100,0,928,0,32,32,0,79,-149,0,0,100,0,448,48,48,48,0,50,-151,0,0,100,0,272,0,32,48,0,90,-185,0,1,100,0,224,112,16,16,0,33,-193,0,1,100,0,192,128,96,112,0,73,-176,0,0,100,0,192,0,80,80,0,50,-129,0,1,100,0,288,128,96,48,0,0,-256,0,0,100,0,0,0,192,256,0,0,-256,0,0,100,0,580,800,192,256,0,
0,11,0,-256,0,0,100,0,388,800,192,256,0,51,-152,0,0,100,0,400,144,48,48,0,88,-142,0,0,100,0,928,0,32,32,0,79,-149,0,0,100,0,448,48,48,48,0,50,-151,0,0,100,0,272,0,32,48,0,93,-183,0,1,100,0,224,112,16,16,0,33,-193,0,1,100,0,192,128,96,112,0,73,-176,0,0,100,0,192,0,80,80,0,50,-129,0,1,100,0,288,128,96,48,0,0,-256,0,0,100,0,0,0,192,256,0,0,-256,0,0,100,0,580,800,192,256,0,
0,11,0,-256,0,0,100,0,388,800,192,256,0,51,-152,0,0,100,0,400,144,48,48,0,88,-142,0,0,100,0,928,0,32,32,0,79,-149,0,0,100,0,448,48,48,48,0,50,-151,0,0,100,0,272,0,32,48,0,96,-181,0,1,50,0,224,112,16,16,0,33,-193,0,1,100,0,192,128,96,112,0,73,-176,0,0,100,0,192,0,80,80,0,50,-129,0,1,100,0,288,128,96,48,0,0,-256,0,0,100,0,0,0,192,256,0,0,-256,0,0,100,0,580,800,192,256,0,
0,11,0,-256,0,0,100,0,388,800,192,256,0,53,-147,0,0,100,0,640,192,48,48,0,88,-142,0,0,100,0,928,0,32,32,0,79,-149,0,0,100,0,448,48,48,48,0,50,-151,0,0,100,0,272,0,32,48,0,43,-178,0,1,50,0,224,112,16,16,0,33,-193,0,1,100,0,192,128,96,112,0,73,-176,0,0,100,0,192,0,80,80,0,50,-129,0,1,100,0,288,128,96,48,0,0,-256,0,0,100,0,0,0,192,256,0,0,-256,0,0,100,0,580,800,192,256,0,
0,11,0,-256,0,0,100,0,388,800,192,256,0,54,-145,0,0,100,0,640,192,48,48,0,88,-142,0,0,100,0,928,0,32,32,0,79,-149,0,0,100,0,448,48,48,48,0,50,-151,0,0,100,0,272,0,32,48,0,46,-178,0,1,100,0,224,112,16,16,0,33,-193,0,1,100,0,192,128,96,112,0,73,-176,0,0,100,0,192,0,80,80,0,50,-129,0,1,100,0,288,128,96,48,0,0,-256,0,0,100,0,0,0,192,256,0,0,-256,0,0,100,0,580,800,192,256,0,
0,10,0,-256,0,0,100,0,388,800,192,256,0,55,-143,0,0,100,0,400,144,48,48,0,79,-149,0,0,100,0,448,48,48,48,0,50,-151,0,0,100,0,272,0,32,48,0,48,-178,0,1,100,0,224,112,16,16,0,33,-193,0,1,100,0,192,128,96,112,0,73,-176,0,0,100,0,192,0,80,80,0,50,-129,0,1,100,0,288,128,96,48,0,0,-256,0,0,100,0,0,0,192,256,0,0,-256,0,0,100,0,580,800,192,256,0,
0,10,0,-256,0,0,100,0,388,800,192,256,0,58,-139,0,0,100,0,400,144,48,48,0,79,-149,0,0,100,0,448,48,48,48,0,50,-151,0,0,100,0,272,0,32,48,0,51,-177,0,1,100,0,224,112,16,16,0,33,-193,0,1,100,0,192,128,96,112,0,73,-176,0,0,100,0,192,0,80,80,0,50,-129,0,1,100,0,288,128,96,48,0,0,-256,0,0,100,0,0,0,192,256,0,0,-256,0,0,100,0,580,800,192,256,0,
0,10,0,-256,0,0,100,0,388,800,192,256,0,58,-139,0,0,100,0,400,144,48,48,0,79,-149,0,0,100,0,448,48,48,48,0,50,-151,0,0,100,0,272,0,32,48,0,54,-175,0,1,100,0,224,112,16,16,0,33,-193,0,1,100,0,192,128,96,112,0,73,-176,0,0,100,0,192,0,80,80,0,50,-129,0,1,100,0,288,128,96,48,0,0,-256,0,0,100,0,0,0,192,256,0,0,-256,0,0,100,0,580,800,192,256,0,
0,11,0,-256,0,0,100,0,388,800,192,256,0,58,-139,0,0,100,0,448,144,48,48,0,79,-149,0,0,100,0,448,48,48,48,0,50,-151,0,0,100,0,272,0,32,48,0,57,-175,0,1,100,0,224,112,16,16,0,71,-172,0,1,50,0,192,112,16,16,0,33,-193,0,1,100,0,192,128,96,112,0,73,-176,0,0,100,0,192,0,80,80,0,50,-129,0,1,100,0,288,128,96,48,0,0,-256,0,0,100,0,0,0,192,256,0,0,-256,0,0,100,0,580,800,192,256,0,
0,12,0,-256,0,0,100,0,388,800,192,256,0,58,-139,0,0,100,0,448,144,48,48,0,79,-149,0,0,100,0,448,48,48,48,0,50,-151,0,0,100,0,272,0,32,48,0,59,-174,0,1,100,0,224,112,16,16,0,72,-172,0,1,100,0,192,112,16,16,0,71,-185,0,1,50,0,224,112,16,16,0,33,-193,0,1,100,0,192,128,96,112,0,73,-176,0,0,100,0,192,0,80,80,0,50,-129,0,1,100,0,288,128,96,48,0,0,-256,0,0,100,0,0,0,192,256,0,0,-256,0,0,100,0,580,800,192,256,0,
0,14,0,-256,0,0,100,0,388,800,192,256,0,58,-139,0,0,100,0,448,144,48,48,0,79,-149,0,0,100,0,448,48,48,48,0,50,-151,0,0,100,0,272,0,32,48,0,61,-173,0,1,100,0,224,112,16,16,0,73,-172,0,1,100,0,192,112,16,16,0,39,-153,0,1,50,0,208,112,16,16,0,72,-185,0,1,100,0,224,112,16,16,0,64,-149,0,1,50,0,240,112,16,16,0,33,-193,0,1,100,0,192,128,96,112,0,73,-176,0,0,100,0,192,0,80,80,0,50,-129,0,1,100,0,288,128,96,48,0,0,-256,0,0,100,0,0,0,192,256,0,0,-256,0,0,100,0,580,800,192,256,0,
0,14,0,-256,0,0,100,0,388,800,192,256,0,58,-139,0,0,100,0,448,144,48,48,0,79,-149,0,0,100,0,448,48,48,48,0,50,-151,0,0,100,0,272,0,32,48,0,63,-172,0,1,50,0,224,112,16,16,0,65,-149,0,1,100,0,240,112,16,16,0,73,-185,0,1,100,0,224,112,16,16,0,40,-152,0,1,100,0,208,112,16,16,0,74,-172,0,1,100,0,192,112,16,16,0,33,-193,0,1,100,0,192,128,96,112,0,73,-176,0,0,100,0,192,0,80,80,0,50,-129,0,1,100,0,288,128,96,48,0,0,-256,0,0,100,0,0,0,192,256,0,0,-256,0,0,100,0,580,800,192,256,0,
