0,26,113,-229,0,0,100,0,720,136,32,32,0,107,-220,0,0,100,0,720,168,40,32,0,32,-238,0,0,100,0,192,0,128,72,0,30,-202,0,1,100,0,0,384,128,96,0,41,-204,0,0,10,0,585,386,110,134,0,96,-142,0,0,30,0,513,376,56,72,0,41,-205,0,1,60,0,384,384,72,72,0,100,-153,0,0,100,0,752,136,32,32,0,100,-153,0,0,100,0,192,192,32,32,0,58,-161,0,0,100,0,192,144,48,48,0,32,-157,0,1,100,0,512,256,128,128,0,94,-104,0,0,100,0,624,168,24,24,0,100,-108,0,0,100,0,624,144,24,24,0,93,-111,0,0,100,0,624,144,24,24,0,50,-163,0,0,100,0,880,48,16,16,0,55,-177,0,0,100,0,880,48,16,16,0,43,-169,0,0,100,0,864,48,16,16,0,69,-172,0,0,100,0,912,48,16,16,0,117,-174,0,0,100,0,912,48,16,16,0,124,-167,0,0,100,0,928,48,16,16,0,138,-170,0,0,100,0,896,48,16,16,0,72,-104,0,0,100,0,720,200,16,16,0,48,-117,0,0,100,0,768,384,32,32,0,32,-157,0,0,100,0,720,0,128,128,0,32,-206,0,0,100,0,0,256,128,128,0,0,-255,0,0,100,0,0,0,192,256,0,
0,26,113,-229,0,0,100,0,720,136,32,32,0,107,-220,0,0,100,0,720,168,40,32,0,32,-238,0,0,100,0,192,0,128,72,0,30,-202,0,1,100,0,0,384,128,96,0,41,-204,0,0,10,0,585,386,110,134,0,96,-142,0,0,30,0,513,376,56,72,0,41,-205,0,1,60,0,384,384,72,72,0,100,-153,0,0,100,0,752,136,32,32,0,100,-153,0,0,100,0,192,192,32,32,0,58,-161,0,0,100,0,192,144,48,48,0,32,-157,0,1,100,0,512,256,128,128,0,94,-104,0,0,100,0,624,168,24,24,0,100,-108,0,0,100,0,624,144,24,24,0,93,-111,0,0,100,0,624,144,24,24,0,50,-163,0,0,100,0,880,48,16,16,0,55,-177,0,0,100,0,880,48,16,16,0,43,-169,0,0,100,0,864,48,16,16,0,69,-172,0,0,100,0,912,48,16,16,0,117,-174,0,0,100,0,912,48,16,16,0,124,-167,0,0,100,0,928,48,16,16,0,138,-170,0,0,100,0,896,48,16,16,0,72,-104,0,0,100,0,720,200,16,16,0,48,-117,0,0,100,0,768,384,32,32,0,32,-157,0,0,100,0,720,0,128,128,0,32,-206,0,0,100,0,0,256,128,128,0,0,-255,0,0,100,0,0,0,192,256,0,
0,27,113,-229,0,0,100,0,720,136,32,32,0,107,-220,0,0,100,0,720,168,40,32,0,32,-238,0,0,100,0,192,0,128,72,0,30,-202,0,1,100,0,0,384,128,96,0,41,-204,0,0,10,0,585,386,110,134,0,96,-142,0,0,30,0,513,376,56,72,0,41,-205,0,1,60,0,384,384,72,72,0,91,-158,0,0,30,0,744,384,24,24,0,100,-153,0,0,100,0,752,136,32,32,0,100,-153,0,0,100,0,192,192,32,32,0,58,-161,0,0,100,0,192,144,48,48,0,32,-157,0,1,100,0,512,256,128,128,0,94,-104,0,0,100,0,624,168,24,24,0,100,-108,0,0,100,0,624,144,24,24,0,93,-111,0,0,100,0,624,144,24,24,0,50,-163,0,0,100,0,880,48,16,16,0,55,-177,0,0,100,0,880,48,16,16,0,43,-169,0,0,100,0,864,48,16,16,0,69,-172,0,0,100,0,912,48,16,16,0,117,-174,0,0,100,0,912,48,16,16,0,124,-167,0,0,100,0,928,48,16,16,0,138,-170,0,0,100,0,896,48,16,16,0,72,-104,0,0,100,0,720,200,16,16,0,48,-117,0,0,100,0,768,384,32,32,0,32,-157,0,0,100,0,720,0,128,128,0,32,-206,0,0,100,0,0,256,128,128,0,0,-255,0,0,100,0,0,0,192,256,0,
0,27,113,-229,0,0,100,0,720,136,32,32,0,107,-220,0,0,100,0,760,168,40,32,0,32,-238,0,0,100,0,320,0,128,72,0,30,-202,0,1,100,0,0,384,128,96,0,41,-204,0,0,10,0,585,386,110,134,0,96,-142,0,0,30,0,513,376,56,72,0,41,-205,0,1,60,0,384,384,72,72,0,91,-158,0,0,30,0,744,384,24,24,0,100,-152,0,0,100,0,752,136,32,32,0,100,-152,0,0,100,0,224,192,32,32,0,58,-162,0,0,100,0,192,144,48,48,0,32,-157,0,1,100,0,512,256,128,128,0,94,-104,0,0,100,0,624,168,24,24,0,100,-108,0,0,100,0,624,144,24,24,0,93,-111,0,0,100,0,624,144,24,24,0,45,-163,0,0,100,0,880,48,16,16,0,50,-177,0,0,100,0,880,48,16,16,0,38,-169,0,0,100,0,864,48,16,16,0,64,-172,0,0,100,0,912,48,16,16,0,112,-174,0,0,100,0,912,48,16,16,0,119,-167,0,0,100,0,928,48,16,16,0,133,-170,0,0,100,0,896,48,16,16,0,72,-104,0,0,100,0,720,200,16,16,0,48,-117,0,0,100,0,768,384,32,32,0,32,-157,0,0,100,0,720,0,128,128,0,32,-206,0,0,100,0,128,256,128,128,0,0,-255,0,0,100,0,0,0,192,256,0,
0,27,113,-229,0,0,100,0,720,136,32,32,0,107,-220,0,0,100,0,760,168,40,32,0,32,-238,0,0,100,0,320,0,128,72,0,30,-202,0,1,100,0,0,384,128,96,0,41,-204,0,0,10,0,585,386,110,134,0,96,-142,0,0,30,0,513,376,56,72,0,41,-205,0,1,60,0,384,384,72,72,0,91,-158,0,0,30,0,744,384,24,24,0,100,-152,0,0,100,0,752,136,32,32,0,100,-152,0,0,100,0,224,192,32,32,0,58,-162,0,0,100,0,192,144,48,48,0,32,-157,0,1,100,0,512,256,128,128,0,94,-104,0,0,100,0,624,168,24,24,0,100,-108,0,0,100,0,624,144,24,24,0,93,-111,0,0,100,0,624,144,24,24,0,45,-163,0,0,100,0,880,48,16,16,0,50,-177,0,0,100,0,880,48,16,16,0,38,-169,0,0,100,0,864,48,16,16,0,64,-172,0,0,100,0,912,48,16,16,0,112,-174,0,0,100,0,912,48,16,16,0,119,-167,0,0,100,0,928,48,16,16,0,133,-170,0,0,100,0,896,48,16,16,0,72,-104,0,0,100,0,736,200,16,16,0,48,-117,0,0,100,0,768,384,32,32,0,32,-157,0,0,100,0,720,0,128,128,0,32,-206,0,0,100,0,128,256,128,128,0,0,-255,0,0,100,0,0,0,192,256,0,
0,30,113,-229,0,0,100,0,720,136,32,32,0,107,-220,0,0,100,0,760,168,40,32,0,32,-238,0,0,100,0,320,0,128,72,0,30,-202,0,1,60,0,128,384,128,96,0,30,-202,0,1,60,0,0,384,128,96,0,41,-204,0,0,10,0,585,386,110,134,0,96,-142,0,0,30,0,513,376,56,72,0,41,-205,0,1,60,0,384,384,72,72,0,91,-158,0,0,30,0,744,384,24,24,0,100,-152,0,0,80,0,752,136,32,32,0,100,-152,0,0,60,0,784,136,32,32,0,100,-152,0,0,100,0,224,192,32,32,0,58,-162,0,0,100,0,192,144,48,48,0,32,-157,0,1,60,0,640,256,128,128,0,32,-157,0,1,60,0,512,256,128,128,0,45,-163,0,0,100,0,880,48,16,16,0,50,-177,0,0,100,0,880,48,16,16,0,38,-169,0,0,100,0,864,48,16,16,0,64,-172,0,0,100,0,912,48,16,16,0,112,-174,0,0,100,0,912,48,16,16,0,119,-167,0,0,100,0,928,48,16,16,0,133,-170,0,0,100,0,896,48,16,16,0,94,-104,0,0,100,0,624,168,24,24,0,100,-108,0,0,100,0,624,168,24,24,0,93,-111,0,0,100,0,624,168,24,24,0,72,-104,0,0,100,0,736,200,16,16,0,48,-117,0,0,100,0,768,384,32,32,0,32,-157,0,0,100,0,720,0,128,128,0,32,-206,0,0,100,0,128,256,128,128,0,0,-255,0,0,100,0,0,0,192,256,0,
0,29,113,-228,0,0,100,0,720,136,32,32,0,107,-219,0,0,100,0,800,168,40,32,0,32,-238,0,0,100,0,448,0,128,72,0,30,-202,0,1,100,0,128,384,128,96,0,30,-202,0,1,20,0,0,384,128,96,0,41,-204,0,0,10,0,585,386,110,134,0,96,-142,0,0,30,0,513,376,56,72,0,41,-205,0,1,60,0,384,384,72,72,0,91,-161,0,0,70,0,744,384,24,24,0,100,-151,0,0,60,0,752,136,32,32,0,100,-151,0,0,60,0,784,136,32,32,0,100,-151,0,0,100,0,256,192,32,32,0,58,-163,0,0,100,0,192,144,48,48,0,32,-157,0,1,90,0,640,256,128,128,0,32,-157,0,1,30,0,512,256,128,128,0,37,-163,0,0,100,0,880,48,16,16,0,42,-177,0,0,100,0,880,48,16,16,0,56,-172,0,0,100,0,912,48,16,16,0,104,-174,0,0,100,0,912,48,16,16,0,111,-167,0,0,100,0,928,48,16,16,0,125,-170,0,0,100,0,896,48,16,16,0,94,-104,0,0,100,0,624,168,24,24,0,100,-108,0,0,100,0,624,168,24,24,0,93,-111,0,0,100,0,624,168,24,24,0,72,-104,0,0,100,0,736,200,16,16,0,48,-117,0,0,100,0,800,384,32,32,0,32,-157,0,0,100,0,720,0,128,128,0,32,-206,0,0,100,0,256,256,128,128,0,0,-255,0,0,100,0,0,0,192,256,0,
0,27,113,-228,0,0,100,0,720,136,32,32,0,107,-219,0,0,100,0,800,168,40,32,0,32,-238,0,0,100,0,448,0,128,72,0,30,-202,0,1,100,0,128,384,128,96,0,41,-204,0,0,10,0,585,386,110,134,0,96,-142,0,0,30,0,513,376,56,72,0,41,-205,0,1,60,0,384,384,72,72,0,91,-161,0,0,70,0,744,384,24,24,0,100,-151,0,0,30,0,752,136,32,32,0,100,-151,0,0,80,0,784,136,32,32,0,100,-151,0,0,100,0,256,192,32,32,0,58,-163,0,0,100,0,192,144,48,48,0,32,-157,0,1,100,0,640,256,128,128,0,37,-163,0,0,100,0,880,48,16,16,0,42,-177,0,0,100,0,880,48,16,16,0,56,-172,0,0,100,0,912,48,16,16,0,104,-174,0,0,100,0,912,48,16,16,0,111,-167,0,0,100,0,928,48,16,16,0,125,-170,0,0,100,0,896,48,16,16,0,72,-104,0,0,100,0,736,200,16,16,0,94,-104,0,0,100,0,624,168,24,24,0,100,-108,0,0,100,0,624,168,24,24,0,93,-111,0,0,100,0,624,168,24,24,0,48,-117,0,0,100,0,800,384,32,32,0,32,-157,0,0,100,0,720,0,128,128,0,32,-206,0,0,100,0,256,256,128,128,0,0,-255,0,0,100,0,0,0,192,256,0,
0,27,113,-228,0,0,100,0,720,136,32,32,0,107,-219,0,0,100,0,800,168,40,32,0,32,-238,0,0,100,0,448,0,128,72,0,30,-202,0,1,100,0,128,384,128,96,0,41,-204,0,0,10,0,585,386,110,134,0,96,-142,0,0,30,0,513,376,56,72,0,41,-205,0,1,60,0,384,384,72,72,0,91,-161,0,0,70,0,744,384,24,24,0,100,-152,0,0,20,0,752,136,32,32,0,100,-151,0,0,90,0,784,136,32,32,0,100,-151,0,0,100,0,256,192,32,32,0,58,-163,0,0,100,0,192,144,48,48,0,32,-157,0,1,100,0,640,256,128,128,0,37,-163,0,0,100,0,880,48,16,16,0,42,-177,0,0,100,0,880,48,16,16,0,56,-172,0,0,100,0,912,48,16,16,0,104,-174,0,0,100,0,912,48,16,16,0,111,-167,0,0,100,0,928,48,16,16,0,125,-170,0,0,100,0,896,48,16,16,0,72,-104,0,0,100,0,720,200,16,16,0,94,-104,0,0,100,0,624,168,24,24,0,100,-108,0,0,100,0,624,168,24,24,0,93,-111,0,0,100,0,624,168,24,24,0,48,-117,0,0,100,0,800,384,32,32,0,32,-157,0,0,100,0,720,0,128,128,0,32,-206,0,0,100,0,256,256,128,128,0,0,-255,0,0,100,0,0,0,192,256,0,
0,26,113,-228,0,0,100,0,720,136,32,32,0,107,-219,0,0,100,0,720,168,40,32,0,32,-238,0,0,100,0,576,0,128,72,0,30,-202,0,1,100,0,128,384,128,96,0,41,-204,0,0,10,0,585,386,110,134,0,96,-142,0,0,30,0,513,376,56,72,0,41,-205,0,1,60,0,384,384,72,72,0,91,-161,0,0,70,0,744,384,24,24,0,100,-151,0,0,100,0,784,136,32,32,0,100,-151,0,0,100,0,224,192,32,32,0,58,-163,0,0,100,0,192,144,48,48,0,32,-157,0,1,100,0,640,256,128,128,0,41,-163,0,0,100,0,886,48,10,16,0,39,-177,0,0,100,0,880,48,16,16,0,53,-172,0,0,100,0,912,48,16,16,0,101,-174,0,0,100,0,912,48,16,16,0,108,-167,0,0,100,0,928,48,16,16,0,122,-170,0,0,100,0,896,48,16,16,0,72,-104,0,0,100,0,720,200,16,16,0,94,-104,0,0,100,0,624,168,24,24,0,100,-108,0,0,100,0,624,168,24,24,0,93,-111,0,0,100,0,624,168,24,24,0,48,-117,0,0,100,0,800,384,32,32,0,32,-157,0,0,100,0,720,0,128,128,0,32,-206,0,0,100,0,384,256,128,128,0,0,-255,0,0,100,0,0,0,192,256,0,
0,26,113,-228,0,0,100,0,720,136,32,32,0,107,-219,0,0,100,0,720,168,40,32,0,32,-238,0,0,100,0,576,0,128,72,0,30,-202,0,1,100,0,128,384,128,96,0,41,-204,0,0,10,0,585,386,110,134,0,96,-142,0,0,30,0,513,376,56,72,0,41,-205,0,1,60,0,384,384,72,72,0,91,-165,0,0,100,0,744,384,24,24,0,100,-151,0,0,100,0,784,136,32,32,0,100,-151,0,0,100,0,224,192,32,32,0,58,-163,0,0,100,0,192,144,48,48,0,32,-157,0,1,100,0,640,256,128,128,0,41,-163,0,0,100,0,886,48,10,16,0,39,-177,0,0,100,0,880,48,16,16,0,53,-172,0,0,100,0,912,48,16,16,0,101,-174,0,0,100,0,912,48,16,16,0,108,-167,0,0,100,0,928,48,16,16,0,122,-170,0,0,100,0,896,48,16,16,0,72,-104,0,0,100,0,720,200,16,16,0,94,-104,0,0,100,0,624,168,24,24,0,100,-108,0,0,100,0,624,168,24,24,0,93,-111,0,0,100,0,624,168,24,24,0,48,-117,0,0,100,0,800,384,32,32,0,32,-157,0,0,100,0,720,0,128,128,0,32,-206,0,0,100,0,384,256,128,128,0,0,-255,0,0,100,0,0,0,192,256,0,
0,28,113,-228,0,0,100,0,720,136,32,32,0,107,-219,0,0,100,0,720,168,40,32,0,32,-238,0,0,100,0,576,0,128,72,0,30,-202,0,1,60,0,256,384,128,96,0,30,-202,0,1,60,0,128,384,128,96,0,41,-204,0,0,10,0,585,386,110,134,0,96,-142,0,0,30,0,513,376,56,72,0,41,-205,0,1,60,0,384,384,72,72,0,91,-165,0,0,100,0,744,384,24,24,0,100,-151,0,0,100,0,784,136,32,32,0,100,-151,0,0,100,0,224,192,32,32,0,58,-163,0,0,100,0,192,144,48,48,0,32,-157,0,1,60,0,768,256,128,128,0,32,-157,0,1,60,0,640,256,128,128,0,41,-163,0,0,100,0,886,48,10,16,0,39,-177,0,0,100,0,880,48,16,16,0,53,-172,0,0,100,0,912,48,16,16,0,101,-174,0,0,100,0,912,48,16,16,0,108,-167,0,0,100,0,928,48,16,16,0,122,-170,0,0,100,0,896,48,16,16,0,72,-104,0,0,100,0,720,200,16,16,0,94,-104,0,0,100,0,624,144,24,24,0,100,-108,0,0,100,0,624,144,24,24,0,93,-111,0,0,100,0,624,144,24,24,0,48,-117,0,0,100,0,800,384,32,32,0,32,-157,0,0,100,0,720,0,128,128,0,32,-206,0,0,100,0,384,256,128,128,0,0,-255,0,0,100,0,0,0,192,256,0,
0,26,112,-228,0,0,100,0,720,136,32,32,0,106,-219,0,0,100,0,760,168,40,32,0,32,-238,0,0,100,0,192,72,128,72,0,30,-202,0,1,100,0,256,384,128,96,0,30,-202,0,1,20,0,128,384,128,96,0,41,-204,0,0,10,0,585,386,110,134,0,96,-142,0,0,30,0,513,376,56,72,0,41,-205,0,1,60,0,384,384,72,72,0,91,-165,0,0,100,0,744,384,24,24,0,100,-151,0,0,100,0,784,136,32,32,0,100,-151,0,0,100,0,192,192,32,32,0,58,-162,0,0,100,0,192,144,48,48,0,32,-157,0,1,90,0,768,256,128,128,0,32,-157,0,1,30,0,640,256,128,128,0,45,-172,0,0,100,0,912,48,16,16,0,93,-174,0,0,100,0,912,48,16,16,0,100,-167,0,0,100,0,928,48,16,16,0,114,-170,0,0,100,0,896,48,16,16,0,72,-104,0,0,100,0,720,200,16,16,0,94,-104,0,0,100,0,624,144,24,24,0,100,-108,0,0,100,0,624,144,24,24,0,93,-111,0,0,100,0,624,144,24,24,0,48,-117,0,0,100,0,832,384,32,32,0,32,-157,0,0,100,0,720,0,128,128,0,32,-206,0,0,100,0,0,256,128,128,0,0,-255,0,0,100,0,0,0,192,256,0,
0,24,112,-228,0,0,100,0,720,136,32,32,0,106,-219,0,0,100,0,760,168,40,32,0,32,-238,0,0,100,0,192,72,128,72,0,30,-202,0,1,100,0,256,384,128,96,0,41,-204,0,0,10,0,585,386,110,134,0,96,-142,0,0,30,0,513,376,56,72,0,41,-205,0,1,60,0,384,384,72,72,0,91,-165,0,0,100,0,744,384,24,24,0,100,-151,0,0,100,0,784,136,32,32,0,100,-151,0,0,100,0,192,192,32,32,0,58,-162,0,0,100,0,192,144,48,48,0,32,-157,0,1,100,0,768,256,128,128,0,45,-172,0,0,100,0,912,48,16,16,0,93,-174,0,0,100,0,912,48,16,16,0,100,-167,0,0,100,0,928,48,16,16,0,114,-170,0,0,100,0,896,48,16,16,0,72,-104,0,0,100,0,736,200,16,16,0,94,-104,0,0,100,0,624,144,24,24,0,100,-108,0,0,100,0,624,144,24,24,0,93,-111,0,0,100,0,624,144,24,24,0,48,-117,0,0,100,0,832,384,32,32,0,32,-157,0,0,100,0,720,0,128,128,0,32,-206,0,0,100,0,0,256,128,128,0,0,-255,0,0,100,0,0,0,192,256,0,
0,24,112,-228,0,0,100,0,720,136,32,32,0,106,-219,0,0,100,0,760,168,40,32,0,32,-238,0,0,100,0,192,72,128,72,0,30,-202,0,1,100,0,256,384,128,96,0,41,-204,0,0,10,0,585,386,110,134,0,96,-142,0,0,30,0,513,376,56,72,0,41,-205,0,1,60,0,384,384,72,72,0,91,-170,0,0,60,0,744,384,24,24,0,100,-151,0,0,100,0,784,136,32,32,0,100,-151,0,0,100,0,192,192,32,32,0,58,-162,0,0,100,0,192,144,48,48,0,32,-157,0,1,100,0,768,256,128,128,0,45,-172,0,0,100,0,912,48,16,16,0,93,-174,0,0,100,0,912,48,16,16,0,100,-167,0,0,100,0,928,48,16,16,0,114,-170,0,0,100,0,896,48,16,16,0,72,-104,0,0,100,0,736,200,16,16,0,94,-104,0,0,100,0,648,168,24,24,0,100,-108,0,0,100,0,648,168,24,24,0,93,-111,0,0,100,0,648,168,24,24,0,48,-117,0,0,100,0,832,384,32,32,0,32,-157,0,0,100,0,720,0,128,128,0,32,-206,0,0,100,0,0,256,128,128,0,0,-255,0,0,100,0,0,0,192,256,0,
0,26,112,-228,0,0,100,0,720,136,32,32,0,106,-219,0,0,100,0,800,168,40,32,0,32,-238,0,0,100,0,320,72,128,72,0,30,-202,0,1,100,0,256,384,128,96,0,41,-204,0,0,10,0,585,386,110,134,0,96,-142,0,0,30,0,513,376,56,72,0,41,-205,0,1,60,0,384,384,72,72,0,91,-170,0,0,60,0,744,384,24,24,0,100,-152,0,0,100,0,784,136,32,32,0,100,-152,0,0,100,0,288,192,32,32,0,58,-161,0,0,100,0,192,144,48,48,0,32,-157,0,1,100,0,768,256,128,128,0,41,-172,0,0,100,0,917,48,11,16,0,84,-174,0,0,100,0,912,48,16,16,0,91,-167,0,0,100,0,928,48,16,16,0,105,-170,0,0,100,0,896,48,16,16,0,142,-163,0,0,100,0,880,48,9,16,0,136,-169,0,0,100,0,864,48,16,16,0,72,-104,0,0,100,0,736,200,16,16,0,94,-104,0,0,100,0,648,168,24,24,0,100,-108,0,0,100,0,648,168,24,24,0,93,-111,0,0,100,0,648,168,24,24,0,48,-117,0,0,100,0,832,384,32,32,0,32,-157,0,0,100,0,720,0,128,128,0,32,-206,0,0,100,0,128,256,128,128,0,0,-255,0,0,100,0,0,0,192,256,0,
0,26,112,-228,0,0,100,0,720,136,32,32,0,106,-219,0,0,100,0,800,168,40,32,0,32,-238,0,0,100,0,320,72,128,72,0,30,-202,0,1,100,0,256,384,128,96,0,41,-204,0,0,10,0,585,386,110,134,0,96,-142,0,0,30,0,513,376,56,72,0,41,-205,0,1,60,0,384,384,72,72,0,91,-170,0,0,60,0,744,384,24,24,0,100,-152,0,0,100,0,784,136,32,32,0,100,-152,0,0,100,0,288,192,32,32,0,58,-161,0,0,100,0,192,144,48,48,0,32,-157,0,1,100,0,768,256,128,128,0,41,-172,0,0,100,0,917,48,11,16,0,84,-174,0,0,100,0,912,48,16,16,0,91,-167,0,0,100,0,928,48,16,16,0,105,-170,0,0,100,0,896,48,16,16,0,142,-163,0,0,100,0,880,48,9,16,0,136,-169,0,0,100,0,864,48,16,16,0,72,-104,0,0,100,0,736,200,16,16,0,94,-104,0,0,100,0,648,168,24,24,0,100,-108,0,0,100,0,648,168,24,24,0,93,-111,0,0,100,0,648,168,24,24,0,48,-117,0,0,100,0,832,384,32,32,0,32,-157,0,0,100,0,720,0,128,128,0,32,-206,0,0,100,0,128,256,128,128,0,0,-255,0,0,100,0,0,0,192,256,0,
0,28,112,-228,0,0,100,0,720,136,32,32,0,106,-219,0,0,100,0,800,168,40,32,0,32,-238,0,0,100,0,320,72,128,72,0,30,-202,0,1,60,0,0,384,128,96,0,30,-202,0,1,60,0,256,384,128,96,0,41,-204,0,0,10,0,585,386,110,134,0,96,-142,0,0,30,0,513,376,56,72,0,41,-205,0,1,60,0,384,384,72,72,0,91,-170,0,0,60,0,744,384,24,24,0,100,-152,0,0,100,0,784,136,32,32,0,100,-152,0,0,100,0,288,192,32,32,0,58,-161,0,0,100,0,192,144,48,48,0,32,-157,0,1,60,0,512,256,128,128,0,32,-157,0,1,60,0,768,256,128,128,0,41,-172,0,0,100,0,917,48,11,16,0,84,-174,0,0,100,0,912,48,16,16,0,91,-167,0,0,100,0,928,48,16,16,0,105,-170,0,0,100,0,896,48,16,16,0,142,-163,0,0,100,0,880,48,9,16,0,136,-169,0,0,100,0,864,48,16,16,0,72,-104,0,0,100,0,720,200,16,16,0,94,-104,0,0,100,0,648,168,24,24,0,100,-108,0,0,100,0,648,168,24,24,0,93,-111,0,0,100,0,648,168,24,24,0,48,-117,0,0,100,0,832,384,32,32,0,32,-157,0,0,100,0,720,0,128,128,0,32,-206,0,0,100,0,128,256,128,128,0,0,-255,0,0,100,0,0,0,192,256,0,
0,28,111,-229,0,0,100,0,720,136,32,32,0,105,-220,0,0,100,0,720,168,40,32,0,32,-238,0,0,100,0,448,72,128,72,0,30,-202,0,1,100,0,0,384,128,96,0,30,-202,0,1,60,0,256,384,128,96,0,41,-204,0,0,10,0,585,386,110,134,0,96,-142,0,0,30,0,513,376,56,72,0,41,-205,0,1,60,0,384,384,72,72,0,91,-173,0,0,30,0,744,384,24,24,0,100,-153,0,0,100,0,784,136,32,32,0,100,-153,0,0,100,0,320,192,32,32,0,58,-160,0,0,100,0,192,144,48,48,0,32,-157,0,1,90,0,512,256,128,128,0,32,-157,0,1,30,0,768,256,128,128,0,75,-174,0,0,100,0,912,48,16,16,0,82,-167,0,0,100,0,928,48,16,16,0,96,-170,0,0,100,0,896,48,16,16,0,135,-163,0,0,100,0,880,48,16,16,0,141,-177,0,0,100,0,880,48,10,16,0,128,-169,0,0,100,0,864,48,16,16,0,72,-104,0,0,100,0,720,200,16,16,0,94,-104,0,0,100,0,624,144,24,24,0,100,-108,0,0,100,0,624,144,24,24,0,93,-111,0,0,100,0,624,144,24,24,0,48,-117,0,0,100,0,864,384,32,32,0,32,-157,0,0,100,0,720,0,128,128,0,32,-206,0,0,100,0,256,256,128,128,0,0,-255,0,0,100,0,0,0,192,256,0,
0,27,111,-229,0,0,100,0,720,136,32,32,0,105,-220,0,0,100,0,720,168,40,32,0,32,-238,0,0,100,0,448,72,128,72,0,30,-202,0,1,100,0,0,384,128,96,0,41,-204,0,0,10,0,585,386,110,134,0,96,-142,0,0,30,0,513,376,56,72,0,41,-205,0,1,60,0,384,384,72,72,0,91,-173,0,0,30,0,744,384,24,24,0,51,-163,0,0,30,0,744,384,24,24,0,100,-153,0,0,100,0,784,136,32,32,0,100,-153,0,0,100,0,320,192,32,32,0,58,-160,0,0,100,0,192,144,48,48,0,32,-157,0,1,100,0,512,256,128,128,0,75,-174,0,0,100,0,912,48,16,16,0,82,-167,0,0,100,0,928,48,16,16,0,96,-170,0,0,100,0,896,48,16,16,0,135,-163,0,0,100,0,880,48,16,16,0,140,-177,0,0,100,0,880,48,11,16,0,128,-169,0,0,100,0,864,48,16,16,0,72,-104,0,0,100,0,720,200,16,16,0,94,-104,0,0,100,0,624,144,24,24,0,100,-108,0,0,100,0,624,144,24,24,0,93,-111,0,0,100,0,624,144,24,24,0,48,-117,0,0,100,0,864,384,32,32,0,32,-157,0,0,100,0,720,0,128,128,0,32,-206,0,0,100,0,256,256,128,128,0,0,-255,0,0,100,0,0,0,192,256,0,
0,27,111,-229,0,0,100,0,720,136,32,32,0,105,-220,0,0,100,0,720,168,40,32,0,32,-238,0,0,100,0,448,72,128,72,0,30,-202,0,1,100,0,0,384,128,96,0,41,-204,0,0,10,0,585,386,110,134,0,96,-142,0,0,30,0,513,376,56,72,0,41,-205,0,1,60,0,384,384,72,72,0,91,-173,0,0,30,0,744,384,24,24,0,51,-163,0,0,30,0,744,384,24,24,0,100,-153,0,0,100,0,784,136,32,32,0,100,-153,0,0,100,0,320,192,32,32,0,58,-160,0,0,100,0,192,144,48,48,0,32,-157,0,1,100,0,512,256,128,128,0,74,-174,0,0,100,0,912,48,16,16,0,81,-167,0,0,100,0,928,48,16,16,0,95,-170,0,0,100,0,896,48,16,16,0,134,-163,0,0,100,0,880,48,16,16,0,139,-177,0,0,100,0,880,48,16,16,0,127,-169,0,0,100,0,864,48,16,16,0,72,-104,0,0,100,0,720,200,16,16,0,94,-104,0,0,100,0,624,144,24,24,0,100,-108,0,0,100,0,624,144,24,24,0,93,-111,0,0,100,0,624,144,24,24,0,48,-117,0,0,100,0,864,384,32,32,0,32,-157,0,0,100,0,720,0,128,128,0,32,-206,0,0,100,0,256,256,128,128,0,0,-255,0,0,100,0,0,0,192,256,0,
0,27,111,-229,0,0,100,0,720,136,32,32,0,105,-220,0,0,100,0,760,168,40,32,0,32,-238,0,0,100,0,576,72,128,72,0,30,-202,0,1,100,0,0,384,128,96,0,41,-204,0,0,10,0,585,386,110,134,0,96,-142,0,0,30,0,513,376,56,72,0,41,-205,0,1,60,0,384,384,72,72,0,91,-173,0,0,30,0,744,384,24,24,0,51,-163,0,0,30,0,744,384,24,24,0,100,-153,0,0,100,0,784,136,32,32,0,100,-153,0,0,100,0,288,192,32,32,0,58,-160,0,0,100,0,192,144,48,48,0,32,-157,0,1,100,0,512,256,128,128,0,69,-174,0,0,100,0,912,48,16,16,0,76,-167,0,0,100,0,928,48,16,16,0,90,-170,0,0,100,0,896,48,16,16,0,129,-163,0,0,100,0,880,48,16,16,0,134,-177,0,0,100,0,880,48,16,16,0,122,-169,0,0,100,0,864,48,16,16,0,72,-104,0,0,100,0,720,200,16,16,0,94,-104,0,0,100,0,624,144,24,24,0,100,-108,0,0,100,0,624,144,24,24,0,93,-111,0,0,100,0,624,144,24,24,0,48,-117,0,0,100,0,864,384,32,32,0,32,-157,0,0,100,0,720,0,128,128,0,32,-206,0,0,100,0,384,256,128,128,0,0,-255,0,0,100,0,0,0,192,256,0,
0,26,111,-229,0,0,100,0,720,136,32,32,0,105,-220,0,0,100,0,760,168,40,32,0,32,-238,0,0,100,0,576,72,128,72,0,30,-202,0,1,100,0,0,384,128,96,0,41,-204,0,0,10,0,585,386,110,134,0,96,-142,0,0,30,0,513,376,56,72,0,41,-205,0,1,60,0,384,384,72,72,0,51,-163,0,0,30,0,744,384,24,24,0,100,-153,0,0,100,0,784,136,32,32,0,100,-153,0,0,100,0,288,192,32,32,0,58,-160,0,0,100,0,192,144,48,48,0,32,-157,0,1,100,0,512,256,128,128,0,68,-174,0,0,100,0,912,48,16,16,0,75,-167,0,0,100,0,928,48,16,16,0,89,-170,0,0,100,0,896,48,16,16,0,128,-163,0,0,100,0,880,48,16,16,0,133,-177,0,0,100,0,880,48,16,16,0,121,-169,0,0,100,0,864,48,16,16,0,72,-104,0,0,100,0,736,200,16,16,0,94,-104,0,0,100,0,624,144,24,24,0,100,-108,0,0,100,0,624,144,24,24,0,93,-111,0,0,100,0,624,144,24,24,0,48,-117,0,0,100,0,864,384,32,32,0,32,-157,0,0,100,0,720,0,128,128,0,32,-206,0,0,100,0,384,256,128,128,0,0,-255,0,0,100,0,0,0,192,256,0,
0,26,111,-229,0,0,100,0,720,136,32,32,0,105,-220,0,0,100,0,760,168,40,32,0,32,-238,0,0,100,0,576,72,128,72,0,30,-202,0,1,100,0,0,384,128,96,0,41,-204,0,0,10,0,585,386,110,134,0,96,-142,0,0,30,0,513,376,56,72,0,41,-205,0,1,60,0,384,384,72,72,0,51,-167,0,0,70,0,744,384,24,24,0,100,-153,0,0,100,0,784,136,32,32,0,100,-153,0,0,100,0,288,192,32,32,0,58,-160,0,0,100,0,192,144,48,48,0,32,-157,0,1,100,0,512,256,128,128,0,67,-174,0,0,100,0,912,48,16,16,0,74,-167,0,0,100,0,928,48,16,16,0,88,-170,0,0,100,0,896,48,16,16,0,127,-163,0,0,100,0,880,48,16,16,0,132,-177,0,0,100,0,880,48,16,16,0,120,-169,0,0,100,0,864,48,16,16,0,72,-104,0,0,100,0,736,200,16,16,0,94,-104,0,0,100,0,624,168,24,24,0,100,-108,0,0,100,0,624,144,24,24,0,93,-111,0,0,100,0,624,144,24,24,0,48,-117,0,0,100,0,864,384,32,32,0,32,-157,0,0,100,0,720,0,128,128,0,32,-206,0,0,100,0,384,256,128,128,0,0,-255,0,0,100,0,0,0,192,256,0,
0,29,111,-228,0,0,100,0,720,136,32,32,0,105,-219,0,0,100,0,800,168,40,32,0,32,-238,0,0,100,0,192,0,128,72,0,30,-202,0,1,100,0,0,384,128,96,0,41,-204,0,0,10,0,585,386,110,134,0,96,-142,0,0,30,0,513,376,56,72,0,41,-205,0,1,60,0,384,384,72,72,0,51,-167,0,0,70,0,744,384,24,24,0,140,-167,0,0,100,0,352,192,12,16,0,144,-179,0,0,100,0,368,192,7,16,0,143,-187,0,0,100,0,416,192,8,16,0,100,-153,0,0,100,0,784,136,32,32,0,100,-153,0,0,100,0,192,192,32,32,0,58,-161,0,0,100,0,192,144,48,48,0,32,-157,0,1,100,0,512,256,128,128,0,63,-174,0,0,100,0,912,48,16,16,0,70,-167,0,0,100,0,928,48,16,16,0,84,-170,0,0,100,0,896,48,16,16,0,123,-163,0,0,100,0,880,48,16,16,0,128,-177,0,0,100,0,880,48,16,16,0,116,-169,0,0,100,0,864,48,16,16,0,72,-104,0,0,100,0,736,200,16,16,0,94,-104,0,0,100,0,624,168,24,24,0,100,-108,0,0,100,0,624,144,24,24,0,93,-111,0,0,100,0,624,144,24,24,0,48,-117,0,0,100,0,768,384,32,32,0,32,-157,0,0,100,0,720,0,128,128,0,32,-206,0,0,100,0,0,256,128,128,0,0,-255,0,0,100,0,0,0,192,256,0,
0,29,111,-228,0,0,100,0,720,136,32,32,0,105,-219,0,0,100,0,800,168,40,32,0,32,-238,0,0,100,0,192,0,128,72,0,30,-202,0,1,100,0,0,384,128,96,0,41,-204,0,0,10,0,585,386,110,134,0,96,-142,0,0,30,0,513,376,56,72,0,41,-205,0,1,60,0,384,384,72,72,0,51,-167,0,0,70,0,744,384,24,24,0,140,-167,0,0,100,0,352,192,12,16,0,144,-179,0,0,100,0,368,192,7,16,0,143,-187,0,0,100,0,416,192,8,16,0,100,-153,0,0,100,0,784,136,32,32,0,100,-153,0,0,100,0,192,192,32,32,0,58,-161,0,0,100,0,192,144,48,48,0,32,-157,0,1,100,0,512,256,128,128,0,63,-174,0,0,100,0,912,48,16,16,0,70,-167,0,0,100,0,928,48,16,16,0,84,-170,0,0,100,0,896,48,16,16,0,123,-163,0,0,100,0,880,48,16,16,0,128,-177,0,0,100,0,880,48,16,16,0,116,-169,0,0,100,0,864,48,16,16,0,72,-104,0,0,100,0,736,200,16,16,0,94,-104,0,0,100,0,624,168,24,24,0,100,-108,0,0,100,0,624,144,24,24,0,93,-111,0,0,100,0,624,144,24,24,0,48,-117,0,0,100,0,768,384,32,32,0,32,-157,0,0,100,0,720,0,128,128,0,32,-206,0,0,100,0,0,256,128,128,0,0,-255,0,0,100,0,0,0,192,256,0,
0,29,111,-228,0,0,100,0,720,136,32,32,0,105,-219,0,0,100,0,800,168,40,32,0,32,-238,0,0,100,0,192,0,128,72,0,30,-202,0,1,100,0,0,384,128,96,0,41,-204,0,0,10,0,585,386,110,134,0,96,-142,0,0,30,0,513,376,56,72,0,41,-205,0,1,60,0,384,384,72,72,0,51,-167,0,0,70,0,744,384,24,24,0,140,-167,0,0,100,0,352,192,12,16,0,144,-179,0,0,100,0,368,192,7,16,0,143,-187,0,0,100,0,416,192,8,16,0,100,-153,0,0,100,0,784,136,32,32,0,100,-153,0,0,100,0,192,192,32,32,0,58,-161,0,0,100,0,192,144,48,48,0,32,-157,0,1,100,0,512,256,128,128,0,62,-174,0,0,100,0,912,48,16,16,0,69,-167,0,0,100,0,928,48,16,16,0,83,-170,0,0,100,0,896,48,16,16,0,122,-163,0,0,100,0,880,48,16,16,0,127,-177,0,0,100,0,880,48,16,16,0,115,-169,0,0,100,0,864,48,16,16,0,72,-104,0,0,100,0,720,200,16,16,0,94,-104,0,0,100,0,624,168,24,24,0,100,-108,0,0,100,0,624,144,24,24,0,93,-111,0,0,100,0,624,144,24,24,0,48,-117,0,0,100,0,768,384,32,32,0,32,-157,0,0,100,0,720,0,128,128,0,32,-206,0,0,100,0,0,256,128,128,0,0,-255,0,0,100,0,0,0,192,256,0,
0,35,111,-228,0,0,100,0,720,136,32,32,0,105,-219,0,0,100,0,720,168,40,32,0,32,-238,0,0,100,0,320,0,128,72,0,30,-202,0,1,60,0,128,384,128,96,0,30,-202,0,1,60,0,0,384,128,96,0,41,-204,0,0,10,0,585,386,110,134,0,96,-142,0,0,30,0,513,376,56,72,0,41,-205,0,1,60,0,384,384,72,72,0,51,-171,0,0,100,0,744,384,24,24,0,40,-138,1,0,30,0,744,384,24,24,0,143,-177,0,0,100,0,384,192,8,16,0,132,-163,0,0,100,0,352,192,16,16,0,135,-175,0,0,100,0,416,192,16,16,0,139,-166,0,0,100,0,368,192,16,16,0,100,-152,0,0,70,0,784,136,32,32,0,100,-152,0,0,30,0,752,136,32,32,0,100,-152,0,0,100,0,224,192,32,32,0,58,-162,0,0,100,0,192,144,48,48,0,32,-157,0,1,60,0,640,256,128,128,0,32,-157,0,1,60,0,512,256,128,128,0,142,-170,0,0,100,0,912,48,9,16,0,60,-174,0,0,100,0,912,48,16,16,0,67,-167,0,0,100,0,928,48,16,16,0,81,-170,0,0,100,0,896,48,16,16,0,120,-163,0,0,100,0,880,48,16,16,0,125,-177,0,0,100,0,880,48,16,16,0,113,-169,0,0,100,0,864,48,16,16,0,72,-104,0,0,100,0,720,200,16,16,0,94,-104,0,0,100,0,624,168,24,24,0,100,-108,0,0,100,0,624,144,24,24,0,93,-111,0,0,100,0,624,144,24,24,0,48,-117,0,0,100,0,768,384,32,32,0,32,-157,0,0,100,0,720,0,128,128,0,32,-206,0,0,100,0,128,256,128,128,0,0,-255,0,0,100,0,0,0,192,256,0,
0,35,111,-228,0,0,100,0,720,136,32,32,0,105,-219,0,0,100,0,720,168,40,32,0,32,-238,0,0,100,0,320,0,128,72,0,30,-202,0,1,100,0,128,384,128,96,0,30,-202,0,1,20,0,0,384,128,96,0,41,-204,0,0,10,0,585,386,110,134,0,96,-142,0,0,30,0,513,376,56,72,0,41,-205,0,1,60,0,384,384,72,72,0,51,-171,0,0,100,0,744,384,24,24,0,40,-138,1,0,30,0,744,384,24,24,0,143,-177,0,0,100,0,384,192,8,16,0,132,-163,0,0,100,0,352,192,16,16,0,135,-175,0,0,100,0,416,192,16,16,0,139,-166,0,0,100,0,368,192,16,16,0,100,-152,0,0,50,0,784,136,32,32,0,100,-152,0,0,50,0,752,136,32,32,0,100,-152,0,0,100,0,224,192,32,32,0,58,-162,0,0,100,0,192,144,48,48,0,32,-157,0,1,90,0,640,256,128,128,0,32,-157,0,1,30,0,512,256,128,128,0,142,-170,0,0,100,0,912,48,9,16,0,59,-174,0,0,100,0,912,48,16,16,0,66,-167,0,0,100,0,928,48,16,16,0,80,-170,0,0,100,0,896,48,16,16,0,119,-163,0,0,100,0,880,48,16,16,0,124,-177,0,0,100,0,880,48,16,16,0,112,-169,0,0,100,0,864,48,16,16,0,72,-104,0,0,100,0,720,200,16,16,0,94,-104,0,0,100,0,624,168,24,24,0,100,-108,0,0,100,0,624,144,24,24,0,93,-111,0,0,100,0,624,144,24,24,0,48,-117,0,0,100,0,768,384,32,32,0,32,-157,0,0,100,0,720,0,128,128,0,32,-206,0,0,100,0,128,256,128,128,0,0,-255,0,0,100,0,0,0,192,256,0,
0,33,111,-228,0,0,100,0,720,136,32,32,0,105,-219,0,0,100,0,720,168,40,32,0,32,-238,0,0,100,0,320,0,128,72,0,30,-202,0,1,100,0,128,384,128,96,0,41,-204,0,0,10,0,585,386,110,134,0,96,-142,0,0,30,0,513,376,56,72,0,41,-205,0,1,60,0,384,384,72,72,0,51,-171,0,0,100,0,744,384,24,24,0,40,-138,1,0,30,0,744,384,24,24,0,143,-177,0,0,100,0,384,192,8,16,0,132,-163,0,0,100,0,352,192,16,16,0,135,-175,0,0,100,0,416,192,16,16,0,139,-166,0,0,100,0,368,192,16,16,0,100,-152,0,0,20,0,784,136,32,32,0,100,-152,0,0,80,0,752,136,32,32,0,100,-152,0,0,100,0,224,192,32,32,0,58,-162,0,0,100,0,192,144,48,48,0,32,-157,0,1,100,0,640,256,128,128,0,142,-170,0,0,100,0,912,48,9,16,0,57,-174,0,0,100,0,912,48,16,16,0,64,-167,0,0,100,0,928,48,16,16,0,78,-170,0,0,100,0,896,48,16,16,0,117,-163,0,0,100,0,880,48,16,16,0,122,-177,0,0,100,0,880,48,16,16,0,110,-169,0,0,100,0,864,48,16,16,0,72,-104,0,0,100,0,720,200,16,16,0,94,-104,0,0,100,0,624,168,24,24,0,100,-108,0,0,100,0,624,168,24,24,0,93,-111,0,0,100,0,624,168,24,24,0,48,-117,0,0,100,0,768,384,32,32,0,32,-157,0,0,100,0,720,0,128,128,0,32,-206,0,0,100,0,128,256,128,128,0,0,-255,0,0,100,0,0,0,192,256,0,
0,33,111,-229,0,0,100,0,720,136,32,32,0,105,-220,0,0,100,0,760,168,40,32,0,32,-238,0,0,100,0,448,0,128,72,0,30,-202,0,1,100,0,128,384,128,96,0,41,-204,0,0,10,0,585,386,110,134,0,96,-142,0,0,30,0,513,376,56,72,0,41,-205,0,1,60,0,384,384,72,72,0,51,-171,0,0,100,0,744,384,24,24,0,40,-142,1,0,60,0,744,384,24,24,0,128,-159,0,0,100,0,352,192,16,16,0,136,-161,0,0,100,0,368,192,16,16,0,138,-171,0,0,100,0,384,192,16,16,0,131,-170,0,0,100,0,416,192,16,16,0,143,-180,0,0,100,0,400,192,8,16,0,100,-151,0,0,100,0,752,136,32,32,0,100,-151,0,0,100,0,256,192,32,32,0,58,-163,0,0,100,0,192,144,48,48,0,32,-157,0,1,100,0,640,256,128,128,0,138,-170,0,0,100,0,912,48,16,16,0,55,-174,0,0,100,0,912,48,16,16,0,62,-167,0,0,100,0,928,48,16,16,0,76,-170,0,0,100,0,896,48,16,16,0,115,-163,0,0,100,0,880,48,16,16,0,120,-177,0,0,100,0,880,48,16,16,0,108,-169,0,0,100,0,864,48,16,16,0,72,-104,0,0,100,0,736,200,16,16,0,94,-104,0,0,100,0,624,168,24,24,0,100,-108,0,0,100,0,624,168,24,24,0,93,-111,0,0,100,0,624,168,24,24,0,48,-117,0,0,100,0,800,384,32,32,0,32,-157,0,0,100,0,720,0,128,128,0,32,-206,0,0,100,0,256,256,128,128,0,0,-255,0,0,100,0,0,0,192,256,0,
0,33,111,-229,0,0,100,0,720,136,32,32,0,105,-220,0,0,100,0,760,168,40,32,0,32,-238,0,0,100,0,448,0,128,72,0,30,-202,0,1,100,0,128,384,128,96,0,41,-204,0,0,10,0,585,386,110,134,0,96,-142,0,0,30,0,513,376,56,72,0,41,-205,0,1,60,0,384,384,72,72,0,51,-175,0,0,60,0,744,384,24,24,0,40,-142,1,0,60,0,744,384,24,24,0,128,-159,0,0,100,0,352,192,16,16,0,136,-161,0,0,100,0,368,192,16,16,0,138,-171,0,0,100,0,384,192,16,16,0,131,-170,0,0,100,0,416,192,16,16,0,143,-180,0,0,100,0,400,192,8,16,0,100,-151,0,0,100,0,752,136,32,32,0,100,-151,0,0,100,0,256,192,32,32,0,58,-163,0,0,100,0,192,144,48,48,0,32,-157,0,1,100,0,640,256,128,128,0,138,-170,0,0,100,0,912,48,16,16,0,55,-174,0,0,100,0,912,48,16,16,0,62,-167,0,0,100,0,928,48,16,16,0,76,-170,0,0,100,0,896,48,16,16,0,115,-163,0,0,100,0,880,48,16,16,0,120,-177,0,0,100,0,880,48,16,16,0,108,-169,0,0,100,0,864,48,16,16,0,72,-104,0,0,100,0,736,200,16,16,0,94,-104,0,0,100,0,624,168,24,24,0,100,-108,0,0,100,0,624,168,24,24,0,93,-111,0,0,100,0,624,168,24,24,0,48,-117,0,0,100,0,800,384,32,32,0,32,-157,0,0,100,0,720,0,128,128,0,32,-206,0,0,100,0,256,256,128,128,0,0,-255,0,0,100,0,0,0,192,256,0,
0,33,111,-229,0,0,100,0,720,136,32,32,0,105,-220,0,0,100,0,760,168,40,32,0,32,-238,0,0,100,0,448,0,128,72,0,30,-202,0,1,100,0,128,384,128,96,0,41,-204,0,0,10,0,585,386,110,134,0,96,-142,0,0,30,0,513,376,56,72,0,41,-205,0,1,60,0,384,384,72,72,0,51,-175,0,0,60,0,744,384,24,24,0,40,-142,1,0,60,0,744,384,24,24,0,128,-159,0,0,100,0,352,192,16,16,0,136,-161,0,0,100,0,368,192,16,16,0,138,-171,0,0,100,0,384,192,16,16,0,131,-170,0,0,100,0,416,192,16,16,0,143,-180,0,0,100,0,400,192,8,16,0,100,-151,0,0,100,0,752,136,32,32,0,100,-151,0,0,100,0,256,192,32,32,0,58,-163,0,0,100,0,192,144,48,48,0,32,-157,0,1,100,0,640,256,128,128,0,138,-170,0,0,100,0,912,48,16,16,0,55,-174,0,0,100,0,912,48,16,16,0,62,-167,0,0,100,0,928,48,16,16,0,76,-170,0,0,100,0,896,48,16,16,0,115,-163,0,0,100,0,880,48,16,16,0,120,-177,0,0,100,0,880,48,16,16,0,108,-169,0,0,100,0,864,48,16,16,0,72,-104,0,0,100,0,736,200,16,16,0,94,-104,0,0,100,0,624,168,24,24,0,100,-108,0,0,100,0,624,168,24,24,0,93,-111,0,0,100,0,624,168,24,24,0,48,-117,0,0,100,0,800,384,32,32,0,32,-157,0,0,100,0,720,0,128,128,0,32,-206,0,0,100,0,256,256,128,128,0,0,-255,0,0,100,0,0,0,192,256,0,
0,34,111,-229,0,0,100,0,720,136,32,32,0,105,-220,0,0,100,0,720,168,40,32,0,32,-238,0,0,100,0,576,0,128,72,0,30,-202,0,1,100,0,128,384,128,96,0,41,-204,0,0,10,0,585,386,110,134,0,96,-142,0,0,30,0,513,376,56,72,0,41,-205,0,1,60,0,384,384,72,72,0,51,-175,0,0,60,0,744,384,24,24,0,40,-146,1,0,90,0,744,384,24,24,0,122,-152,0,0,100,0,352,192,16,16,0,130,-154,0,0,100,0,368,192,16,16,0,132,-164,0,0,100,0,384,192,16,16,0,126,-165,0,0,100,0,416,192,16,16,0,137,-173,0,0,100,0,400,192,16,16,0,143,-182,0,0,100,0,368,192,8,16,0,100,-151,0,0,100,0,752,136,32,32,0,100,-151,0,0,100,0,224,192,32,32,0,58,-163,0,0,100,0,192,144,48,48,0,32,-157,0,1,100,0,640,256,128,128,0,131,-170,0,0,100,0,912,48,16,16,0,49,-174,0,0,100,0,912,48,16,16,0,56,-167,0,0,100,0,928,48,16,16,0,70,-170,0,0,100,0,896,48,16,16,0,109,-163,0,0,100,0,880,48,16,16,0,114,-177,0,0,100,0,880,48,16,16,0,102,-169,0,0,100,0,864,48,16,16,0,72,-104,0,0,100,0,736,200,16,16,0,94,-104,0,0,100,0,624,168,24,24,0,100,-108,0,0,100,0,624,168,24,24,0,93,-111,0,0,100,0,624,168,24,24,0,48,-117,0,0,100,0,800,384,32,32,0,32,-157,0,0,100,0,720,0,128,128,0,32,-206,0,0,100,0,384,256,128,128,0,0,-255,0,0,100,0,0,0,192,256,0,
0,36,111,-229,0,0,100,0,720,136,32,32,0,105,-220,0,0,100,0,720,168,40,32,0,32,-238,0,0,100,0,576,0,128,72,0,30,-202,0,1,60,0,256,384,128,96,0,30,-202,0,1,60,0,128,384,128,96,0,41,-204,0,0,10,0,585,386,110,134,0,96,-142,0,0,30,0,513,376,56,72,0,41,-205,0,1,60,0,384,384,72,72,0,51,-175,0,0,60,0,744,384,24,24,0,40,-146,1,0,90,0,744,384,24,24,0,122,-152,0,0,100,0,352,192,16,16,0,130,-154,0,0,100,0,368,192,16,16,0,132,-164,0,0,100,0,384,192,16,16,0,126,-165,0,0,100,0,416,192,16,16,0,137,-173,0,0,100,0,400,192,16,16,0,143,-182,0,0,100,0,368,192,8,16,0,100,-151,0,0,100,0,752,136,32,32,0,100,-151,0,0,100,0,224,192,32,32,0,58,-163,0,0,100,0,192,144,48,48,0,32,-157,0,1,60,0,768,256,128,128,0,32,-157,0,1,60,0,640,256,128,128,0,131,-170,0,0,100,0,912,48,16,16,0,49,-174,0,0,100,0,912,48,16,16,0,56,-167,0,0,100,0,928,48,16,16,0,70,-170,0,0,100,0,896,48,16,16,0,109,-163,0,0,100,0,880,48,16,16,0,114,-177,0,0,100,0,880,48,16,16,0,102,-169,0,0,100,0,864,48,16,16,0,72,-104,0,0,100,0,720,200,16,16,0,94,-104,0,0,100,0,624,168,24,24,0,100,-108,0,0,100,0,624,168,24,24,0,93,-111,0,0,100,0,624,168,24,24,0,48,-117,0,0,100,0,800,384,32,32,0,32,-157,0,0,100,0,720,0,128,128,0,32,-206,0,0,100,0,384,256,128,128,0,0,-255,0,0,100,0,0,0,192,256,0,
0,36,111,-229,0,0,100,0,720,136,32,32,0,105,-220,0,0,100,0,720,168,40,32,0,32,-238,0,0,100,0,576,0,128,72,0,30,-202,0,1,100,0,256,384,128,96,0,30,-202,0,1,20,0,128,384,128,96,0,41,-204,0,0,10,0,585,386,110,134,0,96,-142,0,0,30,0,513,376,56,72,0,41,-205,0,1,60,0,384,384,72,72,0,51,-175,0,0,60,0,744,384,24,24,0,40,-146,1,0,90,0,744,384,24,24,0,122,-152,0,0,100,0,352,192,16,16,0,130,-154,0,0,100,0,368,192,16,16,0,132,-164,0,0,100,0,384,192,16,16,0,126,-165,0,0,100,0,416,192,16,16,0,137,-173,0,0,100,0,400,192,16,16,0,143,-182,0,0,100,0,368,192,8,16,0,100,-151,0,0,100,0,752,136,32,32,0,100,-151,0,0,100,0,224,192,32,32,0,58,-163,0,0,100,0,192,144,48,48,0,32,-157,0,1,90,0,768,256,128,128,0,32,-157,0,1,30,0,640,256,128,128,0,131,-170,0,0,100,0,912,48,16,16,0,49,-174,0,0,100,0,912,48,16,16,0,56,-167,0,0,100,0,928,48,16,16,0,70,-170,0,0,100,0,896,48,16,16,0,109,-163,0,0,100,0,880,48,16,16,0,114,-177,0,0,100,0,880,48,16,16,0,102,-169,0,0,100,0,864,48,16,16,0,72,-104,0,0,100,0,720,200,16,16,0,94,-104,0,0,100,0,624,144,24,24,0,100,-108,0,0,100,0,624,144,24,24,0,93,-111,0,0,100,0,624,144,24,24,0,48,-117,0,0,100,0,800,384,32,32,0,32,-157,0,0,100,0,720,0,128,128,0,32,-206,0,0,100,0,384,256,128,128,0,0,-255,0,0,100,0,0,0,192,256,0,
0,34,112,-230,0,0,100,0,720,136,32,32,0,106,-221,0,0,100,0,760,168,40,32,0,32,-238,0,0,100,0,192,72,128,72,0,30,-202,0,1,100,0,256,384,128,96,0,41,-204,0,0,10,0,585,386,110,134,0,96,-142,0,0,30,0,513,376,56,72,0,41,-205,0,1,60,0,384,384,72,72,0,51,-179,0,0,30,0,744,384,24,24,0,40,-150,1,0,60,0,744,384,24,24,0,117,-142,0,0,100,0,352,192,16,16,0,125,-144,0,0,100,0,368,192,16,16,0,127,-154,0,0,100,0,384,192,16,16,0,121,-155,0,0,100,0,416,192,16,16,0,132,-163,0,0,100,0,400,192,16,16,0,138,-172,0,0,100,0,368,192,16,16,0,100,-151,0,0,100,0,752,136,32,32,0,100,-151,0,0,100,0,864,0,32,32,0,58,-162,0,0,100,0,192,144,48,48,0,32,-157,0,1,100,0,768,256,128,128,0,124,-170,0,0,100,0,912,48,16,16,0,41,-174,0,0,100,0,912,48,16,16,0,48,-167,0,0,100,0,928,48,16,16,0,62,-170,0,0,100,0,896,48,16,16,0,101,-163,0,0,100,0,880,48,16,16,0,106,-177,0,0,100,0,880,48,16,16,0,94,-169,0,0,100,0,864,48,16,16,0,72,-104,0,0,100,0,720,200,16,16,0,94,-104,0,0,100,0,624,144,24,24,0,100,-108,0,0,100,0,624,144,24,24,0,93,-111,0,0,100,0,624,144,24,24,0,48,-117,0,0,100,0,832,384,32,32,0,32,-157,0,0,100,0,720,0,128,128,0,32,-206,0,0,100,0,0,256,128,128,0,0,-255,0,0,100,0,0,0,192,256,0,
0,34,112,-230,0,0,100,0,720,136,32,32,0,106,-221,0,0,100,0,760,168,40,32,0,32,-238,0,0,100,0,192,72,128,72,0,30,-202,0,1,100,0,256,384,128,96,0,41,-204,0,0,10,0,585,386,110,134,0,96,-142,0,0,30,0,513,376,56,72,0,41,-205,0,1,60,0,384,384,72,72,0,51,-179,0,0,30,0,744,384,24,24,0,40,-150,1,0,60,0,744,384,24,24,0,117,-142,0,0,100,0,352,192,16,16,0,125,-144,0,0,100,0,368,192,16,16,0,127,-154,0,0,100,0,384,192,16,16,0,121,-155,0,0,100,0,416,192,16,16,0,132,-163,0,0,100,0,400,192,16,16,0,138,-172,0,0,100,0,368,192,16,16,0,100,-151,0,0,70,0,752,136,32,32,0,100,-151,0,0,100,0,864,0,32,32,0,58,-162,0,0,100,0,192,144,48,48,0,32,-157,0,1,100,0,768,256,128,128,0,124,-170,0,0,100,0,912,48,16,16,0,41,-174,0,0,100,0,912,48,16,16,0,48,-167,0,0,100,0,928,48,16,16,0,62,-170,0,0,100,0,896,48,16,16,0,101,-163,0,0,100,0,880,48,16,16,0,106,-177,0,0,100,0,880,48,16,16,0,94,-169,0,0,100,0,864,48,16,16,0,72,-104,0,0,100,0,720,200,16,16,0,94,-104,0,0,100,0,624,144,24,24,0,100,-108,0,0,100,0,624,144,24,24,0,93,-111,0,0,100,0,624,144,24,24,0,48,-117,0,0,100,0,832,384,32,32,0,32,-157,0,0,100,0,720,0,128,128,0,32,-206,0,0,100,0,0,256,128,128,0,0,-255,0,0,100,0,0,0,192,256,0,
0,34,112,-230,0,0,100,0,720,136,32,32,0,106,-221,0,0,100,0,760,168,40,32,0,32,-238,0,0,100,0,192,72,128,72,0,30,-202,0,1,100,0,256,384,128,96,0,41,-204,0,0,10,0,585,386,110,134,0,96,-142,0,0,30,0,513,376,56,72,0,41,-205,0,1,60,0,384,384,72,72,0,51,-179,0,0,30,0,744,384,24,24,0,40,-150,1,0,60,0,744,384,24,24,0,125,-144,0,0,100,0,368,192,16,16,0,117,-142,0,0,100,0,352,192,16,16,0,127,-154,0,0,100,0,384,192,16,16,0,121,-155,0,0,100,0,416,192,16,16,0,132,-163,0,0,100,0,400,192,16,16,0,138,-172,0,0,100,0,368,192,16,16,0,100,-151,0,0,50,0,752,136,32,32,0,100,-151,0,0,100,0,864,0,32,32,0,58,-162,0,0,100,0,192,144,48,48,0,32,-157,0,1,100,0,768,256,128,128,0,124,-170,0,0,100,0,912,48,16,16,0,41,-174,0,0,100,0,912,48,16,16,0,48,-167,0,0,100,0,928,48,16,16,0,62,-170,0,0,100,0,896,48,16,16,0,101,-163,0,0,100,0,880,48,16,16,0,106,-177,0,0,100,0,880,48,16,16,0,94,-169,0,0,100,0,864,48,16,16,0,72,-104,0,0,100,0,736,200,16,16,0,94,-104,0,0,100,0,648,168,24,24,0,100,-108,0,0,100,0,648,168,24,24,0,93,-111,0,0,100,0,648,168,24,24,0,48,-117,0,0,100,0,832,384,32,32,0,32,-157,0,0,100,0,720,0,128,128,0,32,-206,0,0,100,0,0,256,128,128,0,0,-255,0,0,100,0,0,0,192,256,0,
0,34,112,-230,0,0,100,0,720,136,32,32,0,106,-221,0,0,100,0,800,168,40,32,0,32,-238,0,0,100,0,320,72,128,72,0,30,-202,0,1,100,0,256,384,128,96,0,41,-204,0,0,10,0,585,386,110,134,0,96,-142,0,0,30,0,513,376,56,72,0,41,-205,0,1,60,0,384,384,72,72,0,51,-179,0,0,30,0,744,384,24,24,0,40,-154,1,0,30,0,744,384,24,24,0,120,-137,0,0,100,0,368,192,16,16,0,112,-135,0,0,100,0,352,192,16,16,0,122,-147,0,0,100,0,384,192,16,16,0,116,-148,0,0,100,0,416,192,16,16,0,127,-156,0,0,100,0,400,192,16,16,0,133,-165,0,0,100,0,368,192,16,16,0,100,-151,0,0,20,0,752,136,32,32,0,100,-152,0,0,100,0,960,0,32,32,0,58,-161,0,0,100,0,192,144,48,48,0,32,-157,0,1,100,0,768,256,128,128,0,114,-170,0,0,100,0,912,48,16,16,0,41,-175,0,0,100,0,921,48,7,16,0,39,-167,0,0,100,0,928,48,16,16,0,53,-170,0,0,100,0,896,48,16,16,0,92,-163,0,0,100,0,880,48,16,16,0,97,-177,0,0,100,0,880,48,16,16,0,85,-169,0,0,100,0,864,48,16,16,0,72,-104,0,0,100,0,736,200,16,16,0,94,-104,0,0,100,0,648,168,24,24,0,100,-108,0,0,100,0,648,168,24,24,0,93,-111,0,0,100,0,648,168,24,24,0,48,-117,0,0,100,0,832,384,32,32,0,32,-157,0,0,100,0,720,0,128,128,0,32,-206,0,0,100,0,128,256,128,128,0,0,-255,0,0,100,0,0,0,192,256,0,
0,32,112,-230,0,0,100,0,720,136,32,32,0,106,-221,0,0,100,0,800,168,40,32,0,32,-238,0,0,100,0,320,72,128,72,0,30,-202,0,1,100,0,256,384,128,96,0,41,-204,0,0,10,0,585,386,110,134,0,96,-142,0,0,30,0,513,376,56,72,0,41,-205,0,1,60,0,384,384,72,72,0,40,-154,1,0,30,0,744,384,24,24,0,120,-137,0,0,100,0,368,192,16,16,0,112,-135,0,0,100,0,352,192,16,16,0,122,-147,0,0,100,0,384,192,16,16,0,116,-148,0,0,100,0,416,192,16,16,0,127,-156,0,0,100,0,400,192,16,16,0,133,-165,0,0,100,0,368,192,16,16,0,100,-152,0,0,100,0,960,0,32,32,0,58,-161,0,0,100,0,192,144,48,48,0,32,-157,0,1,100,0,768,256,128,128,0,114,-170,0,0,100,0,912,48,16,16,0,41,-175,0,0,100,0,921,48,7,16,0,39,-167,0,0,100,0,928,48,16,16,0,53,-170,0,0,100,0,896,48,16,16,0,92,-163,0,0,100,0,880,48,16,16,0,97,-177,0,0,100,0,880,48,16,16,0,85,-169,0,0,100,0,864,48,16,16,0,72,-104,0,0,100,0,736,200,16,16,0,94,-104,0,0,100,0,648,168,24,24,0,100,-108,0,0,100,0,648,168,24,24,0,93,-111,0,0,100,0,648,168,24,24,0,48,-117,0,0,100,0,832,384,32,32,0,32,-157,0,0,100,0,720,0,128,128,0,32,-206,0,0,100,0,128,256,128,128,0,0,-255,0,0,100,0,0,0,192,256,0,
0,32,112,-230,0,0,100,0,720,136,32,32,0,106,-221,0,0,100,0,800,168,40,32,0,32,-238,0,0,100,0,320,72,128,72,0,30,-202,0,1,100,0,256,384,128,96,0,41,-204,0,0,10,0,585,386,110,134,0,96,-142,0,0,30,0,513,376,56,72,0,41,-205,0,1,60,0,384,384,72,72,0,40,-154,1,0,30,0,744,384,24,24,0,120,-137,0,0,100,0,368,192,16,16,0,112,-135,0,0,100,0,352,192,16,16,0,122,-147,0,0,100,0,384,192,16,16,0,116,-148,0,0,100,0,416,192,16,16,0,127,-156,0,0,100,0,400,192,16,16,0,133,-165,0,0,100,0,368,192,16,16,0,100,-152,0,0,100,0,960,0,32,32,0,58,-161,0,0,100,0,192,144,48,48,0,32,-157,0,1,100,0,768,256,128,128,0,114,-170,0,0,100,0,912,48,16,16,0,41,-175,0,0,100,0,921,48,7,16,0,39,-167,0,0,100,0,928,48,16,16,0,53,-170,0,0,100,0,896,48,16,16,0,92,-163,0,0,100,0,880,48,16,16,0,97,-177,0,0,100,0,880,48,16,16,0,85,-169,0,0,100,0,864,48,16,16,0,72,-104,0,0,100,0,736,200,16,16,0,94,-104,0,0,100,0,648,168,24,24,0,100,-108,0,0,100,0,648,168,24,24,0,93,-111,0,0,100,0,648,168,24,24,0,48,-117,0,0,100,0,832,384,32,32,0,32,-157,0,0,100,0,720,0,128,128,0,32,-206,0,0,100,0,128,256,128,128,0,0,-255,0,0,100,0,0,0,192,256,0,
0,30,112,-229,0,0,100,0,720,136,32,32,0,106,-220,0,0,100,0,720,168,40,32,0,32,-238,0,0,100,0,448,72,128,72,0,30,-202,0,1,100,0,256,384,128,96,0,41,-204,0,0,10,0,585,386,110,134,0,96,-142,0,0,30,0,513,376,56,72,0,41,-205,0,1,60,0,384,384,72,72,0,102,-127,0,0,100,0,368,208,16,16,0,94,-129,0,0,100,0,352,208,16,16,0,107,-133,0,0,100,0,384,208,16,16,0,111,-142,0,0,100,0,416,192,16,16,0,122,-150,0,0,100,0,400,192,16,16,0,128,-159,0,0,100,0,368,192,16,16,0,100,-153,0,0,100,0,992,0,32,32,0,58,-160,0,0,100,0,192,144,48,48,0,32,-157,0,1,100,0,768,256,128,128,0,108,-170,0,0,100,0,912,48,16,16,0,41,-167,0,0,100,0,936,48,8,16,0,47,-170,0,0,100,0,896,48,16,16,0,86,-163,0,0,100,0,880,48,16,16,0,91,-177,0,0,100,0,880,48,16,16,0,79,-169,0,0,100,0,864,48,16,16,0,72,-104,0,0,100,0,736,200,16,16,0,94,-104,0,0,100,0,624,144,24,24,0,100,-108,0,0,100,0,624,144,24,24,0,93,-111,0,0,100,0,624,144,24,24,0,48,-117,0,0,100,0,864,384,32,32,0,32,-157,0,0,100,0,720,0,128,128,0,32,-206,0,0,100,0,256,256,128,128,0,0,-255,0,0,100,0,0,0,192,256,0,
0,30,112,-229,0,0,100,0,720,136,32,32,0,106,-220,0,0,100,0,720,168,40,32,0,32,-238,0,0,100,0,448,72,128,72,0,30,-202,0,1,100,0,256,384,128,96,0,41,-204,0,0,10,0,585,386,110,134,0,96,-142,0,0,30,0,513,376,56,72,0,41,-205,0,1,60,0,384,384,72,72,0,102,-127,0,0,100,0,368,208,16,16,0,94,-129,0,0,100,0,352,208,16,16,0,107,-133,0,0,100,0,384,208,16,16,0,111,-142,0,0,100,0,416,192,16,16,0,122,-150,0,0,100,0,400,192,16,16,0,128,-159,0,0,100,0,368,192,16,16,0,100,-153,0,0,100,0,992,0,32,32,0,58,-160,0,0,100,0,192,144,48,48,0,32,-157,0,1,100,0,768,256,128,128,0,108,-170,0,0,100,0,912,48,16,16,0,41,-167,0,0,100,0,936,48,8,16,0,47,-170,0,0,100,0,896,48,16,16,0,86,-163,0,0,100,0,880,48,16,16,0,91,-177,0,0,100,0,880,48,16,16,0,79,-169,0,0,100,0,864,48,16,16,0,72,-104,0,0,100,0,720,200,16,16,0,94,-104,0,0,100,0,624,144,24,24,0,100,-108,0,0,100,0,624,144,24,24,0,93,-111,0,0,100,0,624,144,24,24,0,48,-117,0,0,100,0,864,384,32,32,0,32,-157,0,0,100,0,720,0,128,128,0,32,-206,0,0,100,0,256,256,128,128,0,0,-255,0,0,100,0,0,0,192,256,0,
0,30,112,-229,0,0,100,0,720,136,32,32,0,106,-220,0,0,100,0,720,168,40,32,0,32,-238,0,0,100,0,448,72,128,72,0,30,-202,0,1,100,0,256,384,128,96,0,41,-204,0,0,10,0,585,386,110,134,0,96,-142,0,0,30,0,513,376,56,72,0,41,-205,0,1,60,0,384,384,72,72,0,102,-127,0,0,100,0,368,208,16,16,0,94,-129,0,0,100,0,352,208,16,16,0,107,-133,0,0,100,0,384,208,16,16,0,111,-142,0,0,100,0,416,192,16,16,0,122,-150,0,0,100,0,400,192,16,16,0,128,-159,0,0,100,0,368,192,16,16,0,100,-153,0,0,100,0,992,168,32,32,0,58,-160,0,0,100,0,192,144,48,48,0,32,-157,0,1,100,0,768,256,128,128,0,108,-170,0,0,100,0,912,48,16,16,0,41,-167,0,0,100,0,936,48,8,16,0,47,-170,0,0,100,0,896,48,16,16,0,86,-163,0,0,100,0,880,48,16,16,0,91,-177,0,0,100,0,880,48,16,16,0,79,-169,0,0,100,0,864,48,16,16,0,72,-104,0,0,100,0,720,200,16,16,0,94,-104,0,0,100,0,624,144,24,24,0,100,-108,0,0,100,0,624,144,24,24,0,93,-111,0,0,100,0,624,144,24,24,0,48,-117,0,0,100,0,864,384,32,32,0,32,-157,0,0,100,0,720,0,128,128,0,32,-206,0,0,100,0,256,256,128,128,0,0,-255,0,0,100,0,0,0,192,256,0,
0,30,112,-229,0,0,100,0,720,136,32,32,0,106,-220,0,0,100,0,760,168,40,32,0,32,-238,0,0,100,0,576,72,128,72,0,30,-202,0,1,100,0,256,384,128,96,0,41,-204,0,0,10,0,585,386,110,134,0,96,-142,0,0,30,0,513,376,56,72,0,41,-205,0,1,60,0,384,384,72,72,0,90,-125,0,0,100,0,368,208,16,16,0,82,-127,0,0,100,0,352,208,16,16,0,95,-131,0,0,100,0,384,208,16,16,0,99,-137,0,0,100,0,416,208,16,16,0,110,-141,0,0,100,0,400,192,16,16,0,118,-150,0,0,100,0,368,192,16,16,0,100,-153,0,0,100,0,960,168,32,32,0,58,-160,0,0,100,0,192,144,48,48,0,32,-157,0,1,100,0,768,256,128,128,0,100,-170,0,0,100,0,912,48,16,16,0,39,-170,0,0,100,0,896,48,16,16,0,78,-163,0,0,100,0,880,48,16,16,0,83,-177,0,0,100,0,880,48,16,16,0,71,-169,0,0,100,0,864,48,16,16,0,143,-174,0,0,100,0,912,48,8,16,0,72,-104,0,0,100,0,720,200,16,16,0,94,-104,0,0,100,0,624,144,24,24,0,100,-108,0,0,100,0,648,144,24,24,0,93,-111,0,0,100,0,624,144,24,24,0,48,-117,0,0,100,0,864,384,32,32,0,32,-157,0,0,100,0,720,0,128,128,0,32,-206,0,0,100,0,384,256,128,128,0,0,-255,0,0,100,0,0,0,192,256,0,
0,33,112,-229,0,0,100,0,720,136,32,32,0,106,-220,0,0,100,0,760,168,40,32,0,32,-238,0,0,100,0,576,72,128,72,0,30,-202,0,1,60,0,0,384,128,96,0,30,-202,0,1,60,0,256,384,128,96,0,41,-204,0,0,10,0,585,386,110,134,0,96,-142,0,0,30,0,513,376,56,72,0,41,-205,0,1,60,0,384,384,72,72,0,131,-148,1,0,30,0,744,384,24,24,0,90,-125,0,0,100,0,368,208,16,16,0,82,-127,0,0,100,0,352,208,16,16,0,95,-131,0,0,100,0,384,208,16,16,0,99,-137,0,0,100,0,416,208,16,16,0,110,-141,0,0,100,0,400,192,16,16,0,118,-150,0,0,100,0,368,192,16,16,0,100,-153,0,0,100,0,960,168,32,32,0,58,-160,0,0,100,0,192,144,48,48,0,32,-157,0,1,60,0,512,256,128,128,0,32,-157,0,1,60,0,768,256,128,128,0,100,-170,0,0,100,0,912,48,16,16,0,39,-170,0,0,100,0,896,48,16,16,0,78,-163,0,0,100,0,880,48,16,16,0,83,-177,0,0,100,0,880,48,16,16,0,71,-169,0,0,100,0,864,48,16,16,0,143,-174,0,0,100,0,912,48,8,16,0,72,-104,0,0,100,0,720,200,16,16,0,94,-104,0,0,100,0,648,144,24,24,0,100,-108,0,0,100,0,672,144,24,24,0,93,-111,0,0,100,0,624,144,24,24,0,48,-117,0,0,100,0,864,384,32,32,0,32,-157,0,0,100,0,720,0,128,128,0,32,-206,0,0,100,0,384,256,128,128,0,0,-255,0,0,100,0,0,0,192,256,0,
0,33,112,-229,0,0,100,0,720,136,32,32,0,106,-220,0,0,100,0,760,168,40,32,0,32,-238,0,0,100,0,576,72,128,72,0,30,-202,0,1,100,0,0,384,128,96,0,30,-202,0,1,20,0,256,384,128,96,0,41,-204,0,0,10,0,585,386,110,134,0,96,-142,0,0,30,0,513,376,56,72,0,41,-205,0,1,60,0,384,384,72,72,0,131,-148,1,0,30,0,744,384,24,24,0,90,-125,0,0,100,0,368,208,16,16,0,82,-127,0,0,100,0,352,208,16,16,0,95,-131,0,0,100,0,384,208,16,16,0,99,-137,0,0,100,0,416,208,16,16,0,110,-141,0,0,100,0,400,192,16,16,0,118,-150,0,0,100,0,368,192,16,16,0,100,-153,0,0,100,0,960,168,32,32,0,58,-160,0,0,100,0,192,144,48,48,0,32,-157,0,1,90,0,512,256,128,128,0,32,-157,0,1,30,0,768,256,128,128,0,100,-170,0,0,100,0,912,48,16,16,0,39,-170,0,0,100,0,896,48,16,16,0,78,-163,0,0,100,0,880,48,16,16,0,83,-177,0,0,100,0,880,48,16,16,0,71,-169,0,0,100,0,864,48,16,16,0,143,-174,0,0,100,0,912,48,8,16,0,72,-104,0,0,100,0,736,200,16,16,0,94,-104,0,0,100,0,672,144,24,24,0,100,-108,0,0,100,0,696,144,24,24,0,93,-111,0,0,100,0,648,144,24,24,0,48,-117,0,0,100,0,864,384,32,32,0,32,-157,0,0,100,0,720,0,128,128,0,32,-206,0,0,100,0,384,256,128,128,0,0,-255,0,0,100,0,0,0,192,256,0,
0,31,112,-228,0,0,100,0,720,136,32,32,0,106,-219,0,0,100,0,800,168,40,32,0,32,-238,0,0,100,0,192,0,128,72,0,30,-202,0,1,100,0,0,384,128,96,0,41,-204,0,0,10,0,585,386,110,134,0,96,-142,0,0,30,0,513,376,56,72,0,41,-205,0,1,60,0,384,384,72,72,0,131,-148,1,0,30,0,744,384,24,24,0,76,-126,0,0,100,0,368,208,16,16,0,69,-131,0,0,100,0,352,224,16,16,0,83,-130,0,0,100,0,384,208,16,16,0,90,-134,0,0,100,0,416,208,16,16,0,103,-134,0,0,100,0,400,192,16,16,0,111,-141,0,0,100,0,368,192,16,16,0,100,-153,0,0,100,0,864,168,32,32,0,58,-161,0,0,100,0,192,144,48,48,0,32,-157,0,1,100,0,512,256,128,128,0,92,-170,0,0,100,0,912,48,16,16,0,41,-170,0,0,100,0,904,48,8,16,0,70,-163,0,0,100,0,880,48,16,16,0,75,-177,0,0,100,0,880,48,16,16,0,63,-169,0,0,100,0,864,48,16,16,0,135,-174,0,0,100,0,912,48,16,16,0,72,-104,0,0,100,0,736,200,16,16,0,94,-104,0,0,100,0,696,144,24,24,0,100,-108,0,0,100,0,696,144,24,24,0,93,-111,0,0,100,0,672,144,24,24,0,48,-117,0,0,100,0,768,384,32,32,0,32,-157,0,0,100,0,720,0,128,128,0,32,-206,0,0,100,0,0,256,128,128,0,0,-255,0,0,100,0,0,0,192,256,0,
0,31,112,-228,0,0,100,0,720,136,32,32,0,106,-219,0,0,100,0,800,168,40,32,0,32,-238,0,0,100,0,192,0,128,72,0,30,-202,0,1,100,0,0,384,128,96,0,41,-204,0,0,10,0,585,386,110,134,0,96,-142,0,0,30,0,513,376,56,72,0,41,-205,0,1,60,0,384,384,72,72,0,131,-148,1,0,30,0,744,384,24,24,0,76,-126,0,0,100,0,368,208,16,16,0,69,-131,0,0,100,0,352,224,16,16,0,83,-130,0,0,100,0,384,208,16,16,0,90,-134,0,0,100,0,416,208,16,16,0,103,-134,0,0,100,0,400,192,16,16,0,107,-142,0,0,100,0,368,192,16,16,0,100,-153,0,0,100,0,864,168,32,32,0,58,-161,0,0,100,0,192,144,48,48,0,32,-157,0,1,100,0,512,256,128,128,0,92,-170,0,0,100,0,912,48,16,16,0,41,-170,0,0,100,0,904,48,8,16,0,70,-163,0,0,100,0,880,48,16,16,0,75,-177,0,0,100,0,880,48,16,16,0,63,-169,0,0,100,0,864,48,16,16,0,135,-174,0,0,100,0,912,48,16,16,0,72,-104,0,0,100,0,736,200,16,16,0,94,-104,0,0,100,0,696,144,24,24,0,100,-108,0,0,100,0,696,144,24,24,0,93,-111,0,0,100,0,696,144,24,24,0,48,-117,0,0,100,0,768,384,32,32,0,32,-157,0,0,100,0,720,0,128,128,0,32,-206,0,0,100,0,0,256,128,128,0,0,-255,0,0,100,0,0,0,192,256,0,
0,32,112,-228,0,0,100,0,720,136,32,32,0,106,-219,0,0,100,0,800,168,40,32,0,32,-238,0,0,100,0,192,0,128,72,0,30,-202,0,1,100,0,0,384,128,96,0,41,-204,0,0,10,0,585,386,110,134,0,96,-142,0,0,30,0,513,376,56,72,0,41,-205,0,1,60,0,384,384,72,72,0,131,-152,1,0,70,0,744,384,24,24,0,66,-129,0,0,100,0,368,224,16,16,0,58,-140,0,0,100,0,352,224,16,16,0,69,-135,0,0,100,0,384,224,16,16,0,90,-126,0,0,100,0,400,208,16,16,0,80,-131,0,0,100,0,416,208,16,16,0,96,-136,0,0,100,0,368,208,16,16,0,100,-153,0,0,100,0,864,168,32,32,0,58,-161,0,0,100,0,576,192,48,48,0,32,-157,0,1,100,0,512,256,128,128,0,92,-170,0,0,100,0,912,48,16,16,0,41,-170,0,0,100,0,904,48,8,16,0,70,-163,0,0,100,0,880,48,16,16,0,75,-177,0,0,100,0,880,48,16,16,0,63,-169,0,0,100,0,864,48,16,16,0,135,-174,0,0,100,0,912,48,16,16,0,41,-196,0,0,100,0,888,80,16,40,0,72,-104,0,0,100,0,736,200,16,16,0,94,-104,0,0,100,0,696,144,24,24,0,100,-108,0,0,100,0,696,144,24,24,0,93,-111,0,0,100,0,696,144,24,24,0,48,-117,0,0,100,0,768,384,32,32,0,32,-157,0,0,100,0,720,0,128,128,0,32,-206,0,0,100,0,0,256,128,128,0,0,-255,0,0,100,0,0,0,192,256,0,
0,32,112,-228,0,0,100,0,720,136,32,32,0,106,-219,0,0,100,0,720,168,40,32,0,32,-238,0,0,100,0,320,0,128,72,0,30,-202,0,1,100,0,0,384,128,96,0,41,-204,0,0,10,0,585,386,110,134,0,96,-142,0,0,30,0,513,376,56,72,0,41,-205,0,1,60,0,384,384,72,72,0,131,-152,1,0,70,0,744,384,24,24,0,66,-129,0,0,100,0,368,224,16,16,0,58,-140,0,0,100,0,352,224,16,16,0,69,-135,0,0,100,0,384,224,16,16,0,90,-126,0,0,100,0,400,208,16,16,0,80,-131,0,0,100,0,416,208,16,16,0,96,-136,0,0,100,0,368,208,16,16,0,100,-152,0,0,100,0,896,168,32,32,0,58,-162,0,0,100,0,576,192,48,48,0,32,-157,0,1,100,0,512,256,128,128,0,86,-170,0,0,100,0,912,48,16,16,0,139,-167,0,0,100,0,928,48,16,16,0,64,-163,0,0,100,0,880,48,16,16,0,69,-177,0,0,100,0,880,48,16,16,0,57,-169,0,0,100,0,864,48,16,16,0,129,-174,0,0,100,0,912,48,16,16,0,41,-196,0,0,100,0,888,80,16,40,0,72,-104,0,0,100,0,720,200,16,16,0,94,-104,0,0,100,0,696,144,24,24,0,100,-108,0,0,100,0,696,144,24,24,0,93,-111,0,0,100,0,696,144,24,24,0,48,-117,0,0,100,0,768,384,32,32,0,32,-157,0,0,100,0,720,0,128,128,0,32,-206,0,0,100,0,128,256,128,128,0,0,-255,0,0,100,0,0,0,192,256,0,
0,32,112,-228,0,0,100,0,720,136,32,32,0,106,-219,0,0,100,0,720,168,40,32,0,32,-238,0,0,100,0,320,0,128,72,0,30,-202,0,1,100,0,0,384,128,96,0,41,-204,0,0,10,0,585,386,110,134,0,96,-142,0,0,30,0,513,376,56,72,0,41,-205,0,1,60,0,384,384,72,72,0,131,-152,1,0,70,0,744,384,24,24,0,60,-133,0,0,100,0,368,224,16,16,0,52,-145,0,0,100,0,352,224,16,16,0,65,-140,0,0,100,0,384,224,16,16,0,82,-126,0,0,100,0,400,208,16,16,0,73,-131,0,0,100,0,416,224,16,16,0,88,-133,0,0,100,0,368,208,16,16,0,100,-152,0,0,100,0,896,168,32,32,0,58,-162,0,0,100,0,576,192,48,48,0,32,-157,0,1,100,0,512,256,128,128,0,86,-170,0,0,100,0,912,48,16,16,0,139,-167,0,0,100,0,928,48,16,16,0,64,-163,0,0,100,0,880,48,16,16,0,69,-177,0,0,100,0,880,48,16,16,0,57,-169,0,0,100,0,864,48,16,16,0,129,-174,0,0,100,0,912,48,16,16,0,41,-196,0,0,100,0,888,80,16,40,0,72,-104,0,0,100,0,720,200,16,16,0,94,-104,0,0,100,0,696,144,24,24,0,100,-108,0,0,100,0,696,144,24,24,0,93,-111,0,0,100,0,696,144,24,24,0,48,-117,0,0,100,0,768,384,32,32,0,32,-157,0,0,100,0,720,0,128,128,0,32,-206,0,0,100,0,128,256,128,128,0,0,-255,0,0,100,0,0,0,192,256,0,
0,32,112,-228,0,0,100,0,720,136,32,32,0,106,-219,0,0,100,0,720,168,40,32,0,32,-238,0,0,100,0,320,0,128,72,0,30,-202,0,1,100,0,0,384,128,96,0,41,-204,0,0,10,0,585,386,110,134,0,96,-142,0,0,30,0,513,376,56,72,0,41,-205,0,1,60,0,384,384,72,72,0,131,-152,1,0,70,0,744,384,24,24,0,60,-133,0,0,100,0,368,224,16,16,0,52,-145,0,0,100,0,352,224,16,16,0,65,-140,0,0,100,0,384,224,16,16,0,82,-126,0,0,100,0,400,208,16,16,0,73,-131,0,0,100,0,416,224,16,16,0,88,-133,0,0,100,0,368,208,16,16,0,100,-152,0,0,100,0,896,168,32,32,0,58,-162,0,0,100,0,576,192,48,48,0,32,-157,0,1,100,0,512,256,128,128,0,86,-170,0,0,100,0,912,48,16,16,0,139,-167,0,0,100,0,928,48,16,16,0,64,-163,0,0,100,0,880,48,16,16,0,69,-177,0,0,100,0,880,48,16,16,0,57,-169,0,0,100,0,864,48,16,16,0,129,-174,0,0,100,0,912,48,16,16,0,41,-195,0,0,100,0,936,80,24,40,0,72,-104,0,0,100,0,720,200,16,16,0,94,-104,0,0,100,0,696,144,24,24,0,100,-108,0,0,100,0,696,144,24,24,0,93,-111,0,0,100,0,696,144,24,24,0,48,-117,0,0,100,0,768,384,32,32,0,32,-157,0,0,100,0,720,0,128,128,0,32,-206,0,0,100,0,128,256,128,128,0,0,-255,0,0,100,0,0,0,192,256,0,
0,33,112,-229,0,0,100,0,720,136,32,32,0,106,-220,0,0,100,0,760,168,40,32,0,32,-238,0,0,100,0,448,0,128,72,0,30,-202,0,1,100,0,0,384,128,96,0,41,-204,0,0,10,0,585,386,110,134,0,96,-142,0,0,30,0,513,376,56,72,0,41,-205,0,1,60,0,384,384,72,72,0,131,-156,1,0,100,0,744,384,24,24,0,48,-142,0,0,100,0,448,192,16,16,0,54,-144,0,0,100,0,464,192,16,16,0,51,-152,0,0,100,0,432,192,16,16,0,66,-129,0,0,100,0,400,224,16,16,0,58,-135,0,0,100,0,416,224,16,16,0,75,-134,0,0,100,0,368,208,16,16,0,100,-151,0,0,100,0,928,168,32,32,0,58,-163,0,0,100,0,576,192,48,48,0,32,-157,0,1,100,0,512,256,128,128,0,50,-163,0,0,100,0,880,48,16,16,0,55,-177,0,0,100,0,880,48,16,16,0,43,-169,0,0,100,0,864,48,16,16,0,69,-172,0,0,100,0,912,48,16,16,0,117,-174,0,0,100,0,912,48,16,16,0,124,-167,0,0,100,0,928,48,16,16,0,138,-170,0,0,100,0,896,48,16,16,0,41,-195,0,0,100,0,936,80,24,40,0,72,-104,0,0,100,0,720,200,16,16,0,94,-104,0,0,100,0,696,144,24,24,0,100,-108,0,0,100,0,696,144,24,24,0,93,-111,0,0,100,0,696,144,24,24,0,48,-117,0,0,100,0,800,384,32,32,0,32,-157,0,0,100,0,720,0,128,128,0,32,-206,0,0,100,0,256,256,128,128,0,0,-255,0,0,100,0,0,0,192,256,0,
0,33,112,-229,0,0,100,0,720,136,32,32,0,106,-220,0,0,100,0,760,168,40,32,0,32,-238,0,0,100,0,448,0,128,72,0,30,-202,0,1,100,0,0,384,128,96,0,41,-204,0,0,10,0,585,386,110,134,0,96,-142,0,0,30,0,513,376,56,72,0,41,-205,0,1,60,0,384,384,72,72,0,131,-156,1,0,100,0,744,384,24,24,0,48,-142,0,0,100,0,448,192,16,16,0,54,-144,0,0,100,0,464,192,16,16,0,51,-152,0,0,100,0,432,192,16,16,0,66,-129,0,0,100,0,400,224,16,16,0,58,-135,0,0,100,0,416,224,16,16,0,75,-134,0,0,100,0,368,208,16,16,0,100,-151,0,0,100,0,928,168,32,32,0,58,-163,0,0,100,0,576,192,48,48,0,32,-157,0,1,100,0,512,256,128,128,0,50,-163,0,0,100,0,880,48,16,16,0,55,-177,0,0,100,0,880,48,16,16,0,43,-169,0,0,100,0,864,48,16,16,0,69,-172,0,0,100,0,912,48,16,16,0,117,-174,0,0,100,0,912,48,16,16,0,124,-167,0,0,100,0,928,48,16,16,0,138,-170,0,0,100,0,896,48,16,16,0,41,-195,0,0,100,0,936,80,24,40,0,72,-104,0,0,100,0,736,200,16,16,0,94,-104,0,0,100,0,696,144,24,24,0,100,-108,0,0,100,0,696,144,24,24,0,93,-111,0,0,100,0,696,144,24,24,0,48,-117,0,0,100,0,800,384,32,32,0,32,-157,0,0,100,0,720,0,128,128,0,32,-206,0,0,100,0,256,256,128,128,0,0,-255,0,0,100,0,0,0,192,256,0,
0,33,112,-229,0,0,100,0,720,136,32,32,0,106,-220,0,0,100,0,760,168,40,32,0,32,-238,0,0,100,0,448,0,128,72,0,30,-202,0,1,100,0,0,384,128,96,0,41,-204,0,0,10,0,585,386,110,134,0,96,-142,0,0,30,0,513,376,56,72,0,41,-205,0,1,60,0,384,384,72,72,0,131,-156,1,0,100,0,744,384,24,24,0,58,-132,0,0,100,0,480,192,16,16,0,65,-135,0,0,100,0,368,224,16,16,0,49,-151,0,0,100,0,448,208,16,16,0,53,-138,0,0,100,0,496,192,16,16,0,54,-147,0,0,100,0,464,208,16,16,0,52,-159,0,0,100,0,432,208,16,16,0,100,-151,0,0,100,0,928,168,32,32,0,58,-163,0,0,100,0,624,192,48,48,0,32,-157,0,1,100,0,512,256,128,128,0,50,-163,0,0,100,0,880,48,16,16,0,55,-177,0,0,100,0,880,48,16,16,0,43,-169,0,0,100,0,864,48,16,16,0,69,-172,0,0,100,0,912,48,16,16,0,117,-174,0,0,100,0,912,48,16,16,0,124,-167,0,0,100,0,928,48,16,16,0,138,-170,0,0,100,0,896,48,16,16,0,41,-195,0,0,100,0,936,80,24,40,0,72,-104,0,0,100,0,736,200,16,16,0,94,-104,0,0,100,0,696,144,24,24,0,100,-108,0,0,100,0,696,144,24,24,0,93,-111,0,0,100,0,696,144,24,24,0,48,-117,0,0,100,0,800,384,32,32,0,32,-157,0,0,100,0,720,0,128,128,0,32,-206,0,0,100,0,256,256,128,128,0,0,-255,0,0,100,0,0,0,192,256,0,
0,34,112,-229,0,0,100,0,720,136,32,32,0,106,-220,0,0,100,0,800,168,40,32,0,32,-238,0,0,100,0,576,0,128,72,0,30,-202,0,1,100,0,0,384,128,96,0,41,-204,0,0,10,0,585,386,110,134,0,96,-142,0,0,30,0,513,376,56,72,0,41,-205,0,1,60,0,384,384,72,72,0,131,-156,1,0,100,0,744,384,24,24,0,58,-132,0,0,100,0,480,192,16,16,0,65,-135,0,0,100,0,368,224,16,16,0,49,-151,0,0,100,0,448,208,16,16,0,53,-138,0,0,100,0,496,192,16,16,0,54,-147,0,0,100,0,464,208,16,16,0,52,-159,0,0,100,0,432,208,16,16,0,100,-151,0,0,30,0,752,136,32,32,0,100,-151,0,0,100,0,896,168,32,32,0,58,-163,0,0,100,0,624,192,48,48,0,32,-157,0,1,100,0,512,256,128,128,0,45,-163,0,0,100,0,880,48,16,16,0,50,-177,0,0,100,0,880,48,16,16,0,38,-169,0,0,100,0,864,48,16,16,0,64,-172,0,0,100,0,912,48,16,16,0,112,-174,0,0,100,0,912,48,16,16,0,119,-167,0,0,100,0,928,48,16,16,0,133,-170,0,0,100,0,896,48,16,16,0,41,-194,0,0,100,0,984,80,32,40,0,72,-104,0,0,100,0,736,200,16,16,0,94,-104,0,0,100,0,696,144,24,24,0,100,-108,0,0,100,0,696,144,24,24,0,93,-111,0,0,100,0,696,144,24,24,0,48,-117,0,0,100,0,800,384,32,32,0,32,-157,0,0,100,0,720,0,128,128,0,32,-206,0,0,100,0,384,256,128,128,0,0,-255,0,0,100,0,0,0,192,256,0,
0,35,112,-229,0,0,100,0,720,136,32,32,0,106,-220,0,0,100,0,800,168,40,32,0,32,-238,0,0,100,0,576,0,128,72,0,30,-202,0,1,100,0,0,384,128,96,0,41,-204,0,0,10,0,585,386,110,134,0,96,-142,0,0,30,0,513,376,56,72,0,41,-205,0,1,60,0,384,384,72,72,0,131,-160,1,0,70,0,744,384,24,24,0,49,-137,0,0,100,0,480,208,16,16,0,56,-153,0,0,100,0,464,208,16,16,0,56,-140,0,0,100,0,448,192,16,16,0,55,-160,0,0,100,0,448,224,16,16,0,49,-148,0,0,100,0,496,208,16,16,0,90,-155,0,0,30,0,744,384,24,24,0,100,-151,0,0,30,0,752,136,32,32,0,100,-151,0,0,100,0,896,168,32,32,0,58,-163,0,0,100,0,624,192,48,48,0,61,-165,0,0,100,0,432,224,16,16,0,32,-157,0,1,100,0,512,256,128,128,0,45,-163,0,0,100,0,880,48,16,16,0,50,-177,0,0,100,0,880,48,16,16,0,38,-169,0,0,100,0,864,48,16,16,0,64,-172,0,0,100,0,912,48,16,16,0,112,-174,0,0,100,0,912,48,16,16,0,119,-167,0,0,100,0,928,48,16,16,0,133,-170,0,0,100,0,896,48,16,16,0,41,-194,0,0,100,0,984,80,32,40,0,72,-104,0,0,100,0,736,200,16,16,0,94,-104,0,0,100,0,696,144,24,24,0,100,-108,0,0,100,0,696,144,24,24,0,93,-111,0,0,100,0,696,144,24,24,0,48,-117,0,0,100,0,800,384,32,32,0,32,-157,0,0,100,0,720,0,128,128,0,32,-206,0,0,100,0,384,256,128,128,0,0,-255,0,0,100,0,0,0,192,256,0,
0,35,112,-229,0,0,100,0,720,136,32,32,0,106,-220,0,0,100,0,800,168,40,32,0,32,-238,0,0,100,0,576,0,128,72,0,30,-202,0,1,100,0,0,384,128,96,0,41,-204,0,0,10,0,585,386,110,134,0,96,-142,0,0,30,0,513,376,56,72,0,41,-205,0,1,60,0,384,384,72,72,0,131,-160,1,0,70,0,744,384,24,24,0,49,-137,0,0,100,0,480,208,16,16,0,56,-153,0,0,100,0,464,208,16,16,0,56,-140,0,0,100,0,448,192,16,16,0,55,-160,0,0,100,0,448,224,16,16,0,49,-148,0,0,100,0,496,208,16,16,0,90,-155,0,0,30,0,744,384,24,24,0,100,-151,0,0,60,0,752,136,32,32,0,100,-151,0,0,100,0,896,168,32,32,0,58,-163,0,0,100,0,624,192,48,48,0,61,-165,0,0,100,0,432,224,16,16,0,32,-157,0,1,100,0,512,256,128,128,0,45,-163,0,0,100,0,880,48,16,16,0,50,-177,0,0,100,0,880,48,16,16,0,38,-169,0,0,100,0,864,48,16,16,0,64,-172,0,0,100,0,912,48,16,16,0,112,-174,0,0,100,0,912,48,16,16,0,119,-167,0,0,100,0,928,48,16,16,0,133,-170,0,0,100,0,896,48,16,16,0,41,-194,0,0,100,0,984,80,32,40,0,72,-104,0,0,100,0,720,200,16,16,0,94,-104,0,0,100,0,696,144,24,24,0,100,-108,0,0,100,0,696,144,24,24,0,93,-111,0,0,100,0,696,144,24,24,0,48,-117,0,0,100,0,800,384,32,32,0,32,-157,0,0,100,0,720,0,128,128,0,32,-206,0,0,100,0,384,256,128,128,0,0,-255,0,0,100,0,0,0,192,256,0,
0,36,112,-230,0,0,100,0,720,136,32,32,0,106,-221,0,0,100,0,720,168,40,32,0,32,-238,0,0,100,0,192,72,128,72,0,30,-202,0,1,60,0,128,384,128,96,0,30,-202,0,1,60,0,0,384,128,96,0,41,-204,0,0,10,0,585,386,110,134,0,96,-142,0,0,30,0,513,376,56,72,0,41,-205,0,1,60,0,384,384,72,72,0,131,-160,1,0,70,0,744,384,24,24,0,49,-155,0,0,100,0,480,224,16,16,0,54,-146,0,0,100,0,448,208,16,16,0,90,-155,0,0,30,0,744,384,24,24,0,100,-151,0,0,80,0,752,136,32,32,0,100,-151,0,0,100,0,864,168,32,32,0,58,-162,0,0,100,0,672,192,48,48,0,58,-158,0,0,100,0,464,224,16,16,0,54,-163,0,0,100,0,496,224,16,16,0,66,-167,1,0,100,0,368,208,16,16,0,78,-161,1,0,100,0,352,208,16,16,0,32,-157,0,1,60,0,640,256,128,128,0,32,-157,0,1,60,0,512,256,128,128,0,37,-163,0,0,100,0,880,48,16,16,0,42,-177,0,0,100,0,880,48,16,16,0,56,-172,0,0,100,0,912,48,16,16,0,104,-174,0,0,100,0,912,48,16,16,0,111,-167,0,0,100,0,928,48,16,16,0,125,-170,0,0,100,0,896,48,16,16,0,41,-194,0,0,100,0,984,80,32,40,0,72,-104,0,0,100,0,720,200,16,16,0,94,-104,0,0,100,0,696,144,24,24,0,100,-108,0,0,100,0,696,144,24,24,0,93,-111,0,0,100,0,696,144,24,24,0,48,-117,0,0,100,0,832,384,32,32,0,32,-157,0,0,100,0,720,0,128,128,0,32,-206,0,0,100,0,0,256,128,128,0,0,-255,0,0,100,0,0,0,192,256,0,
0,36,112,-230,0,0,100,0,720,136,32,32,0,106,-221,0,0,100,0,720,168,40,32,0,32,-238,0,0,100,0,192,72,128,72,0,30,-202,0,1,100,0,128,384,128,96,0,30,-202,0,1,20,0,0,384,128,96,0,41,-204,0,0,10,0,585,386,110,134,0,96,-142,0,0,30,0,513,376,56,72,0,41,-205,0,1,60,0,384,384,72,72,0,131,-160,1,0,70,0,744,384,24,24,0,49,-155,0,0,100,0,480,224,16,16,0,54,-146,0,0,100,0,448,208,16,16,0,90,-155,0,0,30,0,744,384,24,24,0,100,-151,0,0,100,0,752,136,32,32,0,100,-151,0,0,100,0,864,168,32,32,0,58,-162,0,0,100,0,672,192,48,48,0,58,-158,0,0,100,0,464,224,16,16,0,54,-163,0,0,100,0,496,224,16,16,0,66,-167,1,0,100,0,368,208,16,16,0,78,-161,1,0,100,0,352,208,16,16,0,32,-157,0,1,90,0,640,256,128,128,0,32,-157,0,1,30,0,512,256,128,128,0,37,-163,0,0,100,0,880,48,16,16,0,42,-177,0,0,100,0,880,48,16,16,0,56,-172,0,0,100,0,912,48,16,16,0,104,-174,0,0,100,0,912,48,16,16,0,111,-167,0,0,100,0,928,48,16,16,0,125,-170,0,0,100,0,896,48,16,16,0,41,-194,0,0,100,0,864,120,40,40,0,72,-104,0,0,100,0,720,200,16,16,0,94,-104,0,0,100,0,696,144,24,24,0,100,-108,0,0,100,0,696,144,24,24,0,93,-111,0,0,100,0,696,144,24,24,0,48,-117,0,0,100,0,832,384,32,32,0,32,-157,0,0,100,0,720,0,128,128,0,32,-206,0,0,100,0,0,256,128,128,0,0,-255,0,0,100,0,0,0,192,256,0,
0,34,112,-230,0,0,100,0,720,136,32,32,0,106,-221,0,0,100,0,720,168,40,32,0,32,-238,0,0,100,0,192,72,128,72,0,30,-202,0,1,100,0,128,384,128,96,0,41,-204,0,0,10,0,585,386,110,134,0,96,-142,0,0,30,0,513,376,56,72,0,41,-205,0,1,60,0,384,384,72,72,0,131,-164,1,0,30,0,744,384,24,24,0,90,-158,0,0,60,0,744,384,24,24,0,100,-151,0,0,100,0,752,136,32,32,0,100,-151,0,0,100,0,864,168,32,32,0,58,-162,0,0,100,0,672,192,48,48,0,55,-154,0,0,100,0,448,224,16,16,0,57,-164,1,0,100,0,400,208,16,16,0,64,-168,1,0,100,0,384,208,16,16,0,76,-166,0,0,100,0,496,224,16,16,0,82,-160,1,0,100,0,368,192,16,16,0,87,-152,1,0,100,0,352,192,16,16,0,32,-157,0,1,100,0,640,256,128,128,0,37,-163,0,0,100,0,880,48,16,16,0,42,-177,0,0,100,0,880,48,16,16,0,56,-172,0,0,100,0,912,48,16,16,0,104,-174,0,0,100,0,912,48,16,16,0,111,-167,0,0,100,0,928,48,16,16,0,125,-170,0,0,100,0,896,48,16,16,0,41,-194,0,0,100,0,864,120,40,40,0,72,-104,0,0,100,0,720,200,16,16,0,94,-104,0,0,100,0,696,144,24,24,0,100,-108,0,0,100,0,696,144,24,24,0,93,-111,0,0,100,0,696,144,24,24,0,48,-117,0,0,100,0,832,384,32,32,0,32,-157,0,0,100,0,720,0,128,128,0,32,-206,0,0,100,0,0,256,128,128,0,0,-255,0,0,100,0,0,0,192,256,0,
0,32,112,-230,0,0,100,0,720,136,32,32,0,106,-221,0,0,100,0,760,168,40,32,0,32,-238,0,0,100,0,320,72,128,72,0,30,-202,0,1,100,0,128,384,128,96,0,41,-204,0,0,10,0,585,386,110,134,0,96,-142,0,0,30,0,513,376,56,72,0,41,-205,0,1,60,0,384,384,72,72,0,131,-164,1,0,30,0,744,384,24,24,0,90,-158,0,0,60,0,744,384,24,24,0,100,-152,0,0,100,0,752,136,32,32,0,100,-152,0,0,100,0,960,168,32,32,0,58,-161,0,0,100,0,672,192,48,48,0,55,-154,0,0,100,0,448,224,16,16,0,57,-164,1,0,100,0,400,208,16,16,0,64,-168,1,0,100,0,384,208,16,16,0,76,-166,0,0,100,0,496,224,16,16,0,82,-160,1,0,100,0,368,192,16,16,0,87,-152,1,0,100,0,352,192,16,16,0,32,-157,0,1,100,0,640,256,128,128,0,45,-172,0,0,100,0,912,48,16,16,0,93,-174,0,0,100,0,912,48,16,16,0,100,-167,0,0,100,0,928,48,16,16,0,114,-170,0,0,100,0,896,48,16,16,0,41,-194,0,0,100,0,864,120,40,40,0,72,-104,0,0,100,0,720,200,16,16,0,94,-104,0,0,100,0,696,144,24,24,0,100,-108,0,0,100,0,696,144,24,24,0,93,-111,0,0,100,0,696,144,24,24,0,48,-117,0,0,100,0,832,384,32,32,0,32,-157,0,0,100,0,720,0,128,128,0,32,-206,0,0,100,0,128,256,128,128,0,0,-255,0,0,100,0,0,0,192,256,0,
0,32,112,-230,0,0,100,0,720,136,32,32,0,106,-221,0,0,100,0,760,168,40,32,0,32,-238,0,0,100,0,320,72,128,72,0,30,-202,0,1,100,0,128,384,128,96,0,41,-204,0,0,10,0,585,386,110,134,0,96,-142,0,0,30,0,513,376,56,72,0,41,-205,0,1,60,0,384,384,72,72,0,131,-164,1,0,30,0,744,384,24,24,0,90,-158,0,0,60,0,744,384,24,24,0,100,-152,0,0,100,0,752,136,32,32,0,100,-152,0,0,100,0,960,168,32,32,0,58,-161,0,0,100,0,192,144,48,48,0,66,-168,1,0,100,0,368,208,16,16,0,80,-166,1,0,100,0,400,208,16,16,0,82,-155,1,0,100,0,384,192,16,16,0,88,-157,1,0,100,0,416,192,16,16,0,94,-138,1,0,100,0,352,192,16,16,0,91,-147,1,0,100,0,368,192,16,16,0,32,-157,0,1,100,0,640,256,128,128,0,45,-172,0,0,100,0,912,48,16,16,0,93,-174,0,0,100,0,912,48,16,16,0,100,-167,0,0,100,0,928,48,16,16,0,114,-170,0,0,100,0,896,48,16,16,0,41,-194,0,0,100,0,864,120,40,40,0,72,-104,0,0,100,0,720,200,16,16,0,94,-104,0,0,100,0,696,144,24,24,0,100,-108,0,0,100,0,696,144,24,24,0,93,-111,0,0,100,0,696,144,24,24,0,48,-117,0,0,100,0,832,384,32,32,0,32,-157,0,0,100,0,720,0,128,128,0,32,-206,0,0,100,0,128,256,128,128,0,0,-255,0,0,100,0,0,0,192,256,0,
0,32,112,-230,0,0,100,0,720,136,32,32,0,106,-221,0,0,100,0,760,168,40,32,0,32,-238,0,0,100,0,320,72,128,72,0,30,-202,0,1,100,0,128,384,128,96,0,41,-204,0,0,10,0,585,386,110,134,0,96,-142,0,0,30,0,513,376,56,72,0,41,-205,0,1,60,0,384,384,72,72,0,131,-164,1,0,30,0,744,384,24,24,0,90,-158,0,0,60,0,744,384,24,24,0,100,-152,0,0,100,0,752,136,32,32,0,100,-152,0,0,100,0,960,168,32,32,0,58,-161,0,0,100,0,192,144,48,48,0,66,-168,1,0,100,0,368,208,16,16,0,80,-166,1,0,100,0,400,208,16,16,0,82,-155,1,0,100,0,384,192,16,16,0,88,-157,1,0,100,0,416,192,16,16,0,94,-138,1,0,100,0,352,192,16,16,0,91,-147,1,0,100,0,368,192,16,16,0,32,-157,0,1,100,0,640,256,128,128,0,45,-172,0,0,100,0,912,48,16,16,0,93,-174,0,0,100,0,912,48,16,16,0,100,-167,0,0,100,0,928,48,16,16,0,114,-170,0,0,100,0,896,48,16,16,0,41,-193,0,0,100,0,912,120,48,40,0,72,-104,0,0,100,0,720,200,16,16,0,94,-104,0,0,100,0,696,144,24,24,0,100,-108,0,0,100,0,696,144,24,24,0,93,-111,0,0,100,0,696,144,24,24,0,48,-117,0,0,100,0,832,384,32,32,0,32,-157,0,0,100,0,720,0,128,128,0,32,-206,0,0,100,0,128,256,128,128,0,0,-255,0,0,100,0,0,0,192,256,0,
0,34,113,-229,0,0,100,0,720,136,32,32,0,107,-220,0,0,100,0,800,168,40,32,0,32,-238,0,0,100,0,448,72,128,72,0,30,-202,0,1,100,0,128,384,128,96,0,41,-204,0,0,10,0,585,386,110,134,0,96,-142,0,0,30,0,513,376,56,72,0,41,-205,0,1,60,0,384,384,72,72,0,131,-164,1,0,30,0,744,384,24,24,0,90,-161,0,0,100,0,744,384,24,24,0,100,-153,0,0,100,0,752,136,32,32,0,100,-153,0,0,100,0,320,192,32,32,0,90,-127,0,0,100,0,352,192,16,16,0,58,-160,0,0,100,0,192,144,48,48,0,92,-133,2,0,100,0,448,208,16,16,0,96,-137,3,0,100,0,496,208,16,16,0,92,-144,3,0,100,0,464,192,16,16,0,87,-151,1,0,100,0,400,192,16,16,0,81,-158,1,0,100,0,368,192,16,16,0,32,-157,0,1,100,0,640,256,128,128,0,41,-172,0,0,100,0,917,48,11,16,0,84,-174,0,0,100,0,912,48,16,16,0,91,-167,0,0,100,0,928,48,16,16,0,105,-170,0,0,100,0,896,48,16,16,0,142,-163,0,0,100,0,880,48,9,16,0,136,-169,0,0,100,0,864,48,16,16,0,41,-193,0,0,100,0,912,120,48,40,0,72,-104,0,0,100,0,720,200,16,16,0,94,-104,0,0,100,0,696,144,24,24,0,100,-108,0,0,100,0,696,144,24,24,0,93,-111,0,0,100,0,696,144,24,24,0,48,-117,0,0,100,0,864,384,32,32,0,32,-157,0,0,100,0,720,0,128,128,0,32,-206,0,0,100,0,256,256,128,128,0,0,-255,0,0,100,0,0,0,192,256,0,
0,34,113,-229,0,0,100,0,720,136,32,32,0,107,-220,0,0,100,0,800,168,40,32,0,32,-238,0,0,100,0,448,72,128,72,0,30,-202,0,1,100,0,128,384,128,96,0,41,-204,0,0,10,0,585,386,110,134,0,96,-142,0,0,30,0,513,376,56,72,0,41,-205,0,1,60,0,384,384,72,72,0,131,-164,1,0,30,0,744,384,24,24,0,90,-161,0,0,100,0,744,384,24,24,0,100,-153,0,0,90,0,752,136,32,32,0,100,-153,0,0,100,0,320,192,32,32,0,90,-127,0,0,100,0,352,192,16,16,0,58,-160,0,0,100,0,192,144,48,48,0,92,-133,2,0,100,0,448,208,16,16,0,96,-137,3,0,100,0,496,208,16,16,0,92,-144,3,0,100,0,464,192,16,16,0,87,-151,1,0,100,0,400,192,16,16,0,81,-158,1,0,100,0,368,192,16,16,0,32,-157,0,1,100,0,640,256,128,128,0,41,-172,0,0,100,0,917,48,11,16,0,84,-174,0,0,100,0,912,48,16,16,0,91,-167,0,0,100,0,928,48,16,16,0,105,-170,0,0,100,0,896,48,16,16,0,142,-163,0,0,100,0,880,48,9,16,0,136,-169,0,0,100,0,864,48,16,16,0,41,-193,0,0,100,0,912,120,48,40,0,72,-104,0,0,100,0,720,200,16,16,0,94,-104,0,0,100,0,696,144,24,24,0,100,-108,0,0,100,0,696,144,24,24,0,93,-111,0,0,100,0,696,144,24,24,0,48,-117,0,0,100,0,864,384,32,32,0,32,-157,0,0,100,0,720,0,128,128,0,32,-206,0,0,100,0,256,256,128,128,0,0,-255,0,0,100,0,0,0,192,256,0,
0,33,113,-229,0,0,100,0,720,136,32,32,0,107,-220,0,0,100,0,800,168,40,32,0,32,-238,0,0,100,0,448,72,128,72,0,30,-202,0,1,100,0,128,384,128,96,0,41,-204,0,0,10,0,585,386,110,134,0,96,-142,0,0,30,0,513,376,56,72,0,41,-205,0,1,60,0,384,384,72,72,0,90,-161,0,0,100,0,744,384,24,24,0,100,-153,0,0,80,0,752,136,32,32,0,100,-153,0,0,100,0,320,192,32,32,0,73,-124,2,0,100,0,368,208,16,16,0,66,-130,0,0,100,0,352,224,16,16,0,83,-123,1,0,100,0,496,224,16,16,0,91,-129,0,0,100,0,384,192,16,16,0,58,-160,0,0,100,0,240,144,48,48,0,97,-133,1,0,100,0,480,208,16,16,0,92,-142,1,0,100,0,368,192,16,16,0,32,-157,0,1,100,0,640,256,128,128,0,41,-172,0,0,100,0,917,48,11,16,0,84,-174,0,0,100,0,912,48,16,16,0,91,-167,0,0,100,0,928,48,16,16,0,105,-170,0,0,100,0,896,48,16,16,0,142,-163,0,0,100,0,880,48,9,16,0,136,-169,0,0,100,0,864,48,16,16,0,41,-193,0,0,100,0,912,120,48,40,0,72,-104,0,0,100,0,720,200,16,16,0,94,-104,0,0,100,0,696,144,24,24,0,100,-108,0,0,100,0,696,144,24,24,0,93,-111,0,0,100,0,696,144,24,24,0,48,-117,0,0,100,0,864,384,32,32,0,32,-157,0,0,100,0,720,0,128,128,0,32,-206,0,0,100,0,256,256,128,128,0,0,-255,0,0,100,0,0,0,192,256,0,
0,33,113,-229,0,0,100,0,720,136,32,32,0,107,-220,0,0,100,0,720,168,40,32,0,32,-238,0,0,100,0,576,72,128,72,0,30,-202,0,1,100,0,128,384,128,96,0,41,-204,0,0,10,0,585,386,110,134,0,96,-142,0,0,30,0,513,376,56,72,0,41,-205,0,1,60,0,384,384,72,72,0,90,-161,0,0,100,0,744,384,24,24,0,100,-153,0,0,60,0,752,136,32,32,0,100,-153,0,0,100,0,288,192,32,32,0,73,-124,2,0,100,0,368,208,16,16,0,66,-130,0,0,100,0,352,224,16,16,0,83,-123,1,0,100,0,496,224,16,16,0,91,-129,0,0,100,0,384,192,16,16,0,97,-133,1,0,100,0,480,208,16,16,0,92,-142,1,0,100,0,368,192,16,16,0,58,-160,0,0,100,0,240,144,48,48,0,32,-157,0,1,100,0,640,256,128,128,0,75,-174,0,0,100,0,912,48,16,16,0,82,-167,0,0,100,0,928,48,16,16,0,96,-170,0,0,100,0,896,48,16,16,0,135,-163,0,0,100,0,880,48,16,16,0,140,-177,0,0,100,0,880,48,11,16,0,128,-169,0,0,100,0,864,48,16,16,0,43,-192,0,0,100,0,848,80,56,40,0,72,-104,0,0,100,0,720,200,16,16,0,94,-104,0,0,100,0,696,144,24,24,0,100,-108,0,0,100,0,696,144,24,24,0,93,-111,0,0,100,0,696,144,24,24,0,48,-117,0,0,100,0,864,384,32,32,0,32,-157,0,0,100,0,720,0,128,128,0,32,-206,0,0,100,0,384,256,128,128,0,0,-255,0,0,100,0,0,0,192,256,0,
0,37,113,-229,0,0,100,0,720,136,32,32,0,107,-220,0,0,100,0,720,168,40,32,0,32,-238,0,0,100,0,576,72,128,72,0,30,-202,0,1,60,0,256,384,128,96,0,30,-202,0,1,60,0,128,384,128,96,0,41,-204,0,0,10,0,585,386,110,134,0,96,-142,0,0,30,0,513,376,56,72,0,41,-205,0,1,60,0,384,384,72,72,0,90,-164,0,0,60,0,744,384,24,24,0,100,-153,0,0,60,0,752,136,32,32,0,100,-153,0,0,40,0,816,136,32,32,0,100,-153,0,0,100,0,288,192,32,32,0,77,-125,0,0,100,0,384,208,16,16,0,65,-130,0,0,100,0,368,224,16,16,0,58,-135,0,0,100,0,416,224,16,16,0,55,-144,0,0,100,0,352,224,16,16,0,86,-128,0,0,100,0,400,208,16,16,0,95,-131,2,0,100,0,448,208,16,16,0,53,-165,0,0,40,0,896,200,56,56,0,58,-160,0,0,100,0,288,144,48,48,0,32,-157,0,1,60,0,768,256,128,128,0,32,-157,0,1,60,0,640,256,128,128,0,75,-174,0,0,100,0,912,48,16,16,0,82,-167,0,0,100,0,928,48,16,16,0,96,-170,0,0,100,0,896,48,16,16,0,135,-163,0,0,100,0,880,48,16,16,0,140,-177,0,0,100,0,880,48,11,16,0,128,-169,0,0,100,0,864,48,16,16,0,43,-192,0,0,100,0,848,80,56,40,0,72,-104,0,0,100,0,720,200,16,16,0,94,-104,0,0,100,0,696,144,24,24,0,100,-108,0,0,100,0,696,144,24,24,0,93,-111,0,0,100,0,696,144,24,24,0,48,-117,0,0,100,0,864,384,32,32,0,32,-157,0,0,100,0,720,0,128,128,0,32,-206,0,0,100,0,384,256,128,128,0,0,-255,0,0,100,0,0,0,192,256,0,
0,37,113,-229,0,0,100,0,720,136,32,32,0,107,-220,0,0,100,0,720,168,40,32,0,32,-238,0,0,100,0,576,72,128,72,0,30,-202,0,1,100,0,256,384,128,96,0,30,-202,0,1,20,0,128,384,128,96,0,41,-204,0,0,10,0,585,386,110,134,0,96,-142,0,0,30,0,513,376,56,72,0,41,-205,0,1,60,0,384,384,72,72,0,90,-164,0,0,60,0,744,384,24,24,0,100,-153,0,0,40,0,752,136,32,32,0,100,-153,0,0,60,0,816,136,32,32,0,100,-153,0,0,100,0,288,192,32,32,0,58,-132,0,0,100,0,480,192,16,16,0,65,-135,0,0,100,0,368,224,16,16,0,49,-151,0,0,100,0,448,208,16,16,0,53,-138,0,0,100,0,496,192,16,16,0,54,-147,0,0,100,0,464,208,16,16,0,52,-159,0,0,100,0,432,208,16,16,0,53,-165,0,0,40,0,896,312,56,56,0,58,-160,0,0,100,0,336,144,48,48,0,32,-157,0,1,90,0,768,256,128,128,0,32,-157,0,1,30,0,640,256,128,128,0,75,-174,0,0,100,0,912,48,16,16,0,82,-167,0,0,100,0,928,48,16,16,0,96,-170,0,0,100,0,896,48,16,16,0,135,-163,0,0,100,0,880,48,16,16,0,140,-177,0,0,100,0,880,48,11,16,0,128,-169,0,0,100,0,864,48,16,16,0,43,-192,0,0,100,0,848,80,56,40,0,72,-104,0,0,100,0,720,200,16,16,0,94,-104,0,0,100,0,696,144,24,24,0,100,-108,0,0,100,0,696,144,24,24,0,93,-111,0,0,100,0,696,144,24,24,0,48,-117,0,0,100,0,864,384,32,32,0,32,-157,0,0,100,0,720,0,128,128,0,32,-206,0,0,100,0,384,256,128,128,0,0,-255,0,0,100,0,0,0,192,256,0,
0,35,112,-229,0,0,100,0,720,136,32,32,0,106,-220,0,0,100,0,760,168,40,32,0,32,-238,0,0,100,0,192,0,128,72,0,30,-202,0,1,100,0,256,384,128,96,0,41,-204,0,0,10,0,585,386,110,134,0,96,-142,0,0,30,0,513,376,56,72,0,41,-205,0,1,60,0,384,384,72,72,0,90,-164,0,0,60,0,744,384,24,24,0,100,-151,0,0,30,0,752,136,32,32,0,100,-153,0,0,70,0,816,136,32,32,0,100,-153,0,0,100,0,192,192,32,32,0,49,-137,0,0,100,0,480,208,16,16,0,56,-153,0,0,100,0,464,208,16,16,0,56,-140,0,0,100,0,448,192,16,16,0,55,-160,0,0,100,0,448,224,16,16,0,49,-148,0,0,100,0,496,208,16,16,0,61,-165,0,0,100,0,432,224,16,16,0,53,-165,0,0,60,0,952,312,56,56,0,58,-161,0,0,100,0,384,144,48,48,0,32,-157,0,1,100,0,768,256,128,128,0,69,-174,0,0,100,0,912,48,16,16,0,76,-167,0,0,100,0,928,48,16,16,0,90,-170,0,0,100,0,896,48,16,16,0,129,-163,0,0,100,0,880,48,16,16,0,134,-177,0,0,100,0,880,48,16,16,0,122,-169,0,0,100,0,864,48,16,16,0,43,-192,0,0,100,0,848,80,56,40,0,72,-104,0,0,100,0,720,200,16,16,0,94,-104,0,0,100,0,696,144,24,24,0,100,-108,0,0,100,0,696,144,24,24,0,93,-111,0,0,100,0,696,144,24,24,0,48,-117,0,0,100,0,768,384,32,32,0,32,-157,0,0,100,0,720,0,128,128,0,32,-206,0,0,100,0,0,256,128,128,0,0,-255,0,0,100,0,0,0,192,256,0,
0,34,112,-229,0,0,100,0,720,136,32,32,0,106,-220,0,0,100,0,760,168,40,32,0,32,-238,0,0,100,0,192,0,128,72,0,30,-202,0,1,100,0,256,384,128,96,0,41,-204,0,0,10,0,585,386,110,134,0,96,-142,0,0,30,0,513,376,56,72,0,41,-205,0,1,60,0,384,384,72,72,0,90,-164,0,0,60,0,744,384,24,24,0,100,-153,0,0,80,0,816,136,32,32,0,100,-153,0,0,100,0,192,192,32,32,0,53,-165,0,0,60,0,896,200,56,56,0,58,-161,0,0,100,0,432,144,48,48,0,49,-155,0,0,100,0,480,224,16,16,0,54,-146,0,0,100,0,448,208,16,16,0,58,-158,0,0,100,0,464,224,16,16,0,54,-163,0,0,100,0,496,224,16,16,0,66,-167,1,0,100,0,368,208,16,16,0,78,-161,1,0,100,0,352,208,16,16,0,32,-157,0,1,100,0,768,256,128,128,0,69,-174,0,0,100,0,912,48,16,16,0,76,-167,0,0,100,0,928,48,16,16,0,90,-170,0,0,100,0,896,48,16,16,0,129,-163,0,0,100,0,880,48,16,16,0,134,-177,0,0,100,0,880,48,16,16,0,122,-169,0,0,100,0,864,48,16,16,0,55,-192,0,0,100,0,904,80,56,40,0,72,-104,0,0,100,0,720,200,16,16,0,94,-104,0,0,100,0,696,144,24,24,0,100,-108,0,0,100,0,696,144,24,24,0,93,-111,0,0,100,0,696,144,24,24,0,48,-117,0,0,100,0,768,384,32,32,0,32,-157,0,0,100,0,720,0,128,128,0,32,-206,0,0,100,0,0,256,128,128,0,0,-255,0,0,100,0,0,0,192,256,0,
0,35,112,-229,0,0,100,0,720,136,32,32,0,106,-220,0,0,100,0,760,168,40,32,0,32,-238,0,0,100,0,192,0,128,72,0,30,-202,0,1,100,0,256,384,128,96,0,41,-204,0,0,10,0,585,386,110,134,0,96,-142,0,0,30,0,513,376,56,72,0,41,-205,0,1,60,0,384,384,72,72,0,90,-167,0,0,30,0,744,384,24,24,0,40,-125,1,0,30,0,744,384,24,24,0,100,-153,0,0,100,0,816,136,32,32,0,100,-153,0,0,100,0,192,192,32,32,0,53,-165,0,0,80,0,896,312,56,56,0,58,-161,0,0,100,0,480,144,48,48,0,55,-154,0,0,100,0,448,224,16,16,0,57,-164,1,0,100,0,400,208,16,16,0,64,-168,1,0,100,0,384,208,16,16,0,76,-166,0,0,100,0,496,224,16,16,0,82,-160,1,0,100,0,368,192,16,16,0,87,-152,1,0,100,0,352,192,16,16,0,32,-157,0,1,100,0,768,256,128,128,0,69,-174,0,0,100,0,912,48,16,16,0,76,-167,0,0,100,0,928,48,16,16,0,90,-170,0,0,100,0,896,48,16,16,0,129,-163,0,0,100,0,880,48,16,16,0,134,-177,0,0,100,0,880,48,16,16,0,122,-169,0,0,100,0,864,48,16,16,0,55,-192,0,0,100,0,904,80,56,40,0,72,-104,0,0,100,0,720,200,16,16,0,94,-104,0,0,100,0,696,144,24,24,0,100,-108,0,0,100,0,696,144,24,24,0,93,-111,0,0,100,0,696,144,24,24,0,48,-117,0,0,100,0,768,384,32,32,0,32,-157,0,0,100,0,720,0,128,128,0,32,-206,0,0,100,0,0,256,128,128,0,0,-255,0,0,100,0,0,0,192,256,0,
0,36,112,-229,0,0,100,0,720,136,32,32,0,106,-220,0,0,100,0,800,168,40,32,0,32,-238,0,0,100,0,320,0,128,72,0,30,-202,0,1,100,0,256,384,128,96,0,41,-204,0,0,10,0,585,386,110,134,0,96,-142,0,0,30,0,513,376,56,72,0,41,-205,0,1,60,0,384,384,72,72,0,90,-167,0,0,30,0,744,384,24,24,0,40,-132,1,0,60,0,744,384,24,24,0,100,-152,0,0,100,0,816,136,32,32,0,100,-152,0,0,100,0,224,192,32,32,0,90,-127,0,0,100,0,352,192,16,16,0,53,-165,0,0,90,0,896,200,56,56,0,58,-162,0,0,100,0,576,144,48,48,0,53,-165,0,0,90,0,896,368,56,56,0,92,-133,2,0,100,0,448,208,16,16,0,96,-137,3,0,100,0,496,208,16,16,0,92,-144,3,0,100,0,464,192,16,16,0,87,-151,1,0,100,0,400,192,16,16,0,81,-158,1,0,100,0,368,192,16,16,0,32,-157,0,1,100,0,768,256,128,128,0,62,-174,0,0,100,0,912,48,16,16,0,69,-167,0,0,100,0,928,48,16,16,0,83,-170,0,0,100,0,896,48,16,16,0,122,-163,0,0,100,0,880,48,16,16,0,127,-177,0,0,100,0,880,48,16,16,0,115,-169,0,0,100,0,864,48,16,16,0,55,-192,0,0,100,0,904,80,56,40,0,72,-104,0,0,100,0,720,200,16,16,0,94,-104,0,0,100,0,696,144,24,24,0,100,-108,0,0,100,0,696,144,24,24,0,93,-111,0,0,100,0,696,144,24,24,0,48,-117,0,0,100,0,768,384,32,32,0,32,-157,0,0,100,0,720,0,128,128,0,32,-206,0,0,100,0,128,256,128,128,0,0,-255,0,0,100,0,0,0,192,256,0,
0,36,112,-229,0,0,100,0,720,136,32,32,0,106,-220,0,0,100,0,800,168,40,32,0,32,-238,0,0,100,0,320,0,128,72,0,30,-202,0,1,100,0,256,384,128,96,0,41,-204,0,0,10,0,585,386,110,134,0,96,-142,0,0,30,0,513,376,56,72,0,41,-205,0,1,60,0,384,384,72,72,0,90,-167,0,0,30,0,744,384,24,24,0,131,-150,1,0,30,0,744,384,24,24,0,40,-125,1,0,30,0,744,384,24,24,0,100,-152,0,0,100,0,816,136,32,32,0,100,-152,0,0,100,0,224,192,32,32,0,53,-165,0,0,80,0,952,312,56,56,0,58,-162,0,0,100,0,528,144,48,48,0,66,-168,1,0,100,0,368,208,16,16,0,80,-166,1,0,100,0,400,208,16,16,0,82,-155,1,0,100,0,384,192,16,16,0,88,-157,1,0,100,0,416,192,16,16,0,94,-138,1,0,100,0,352,192,16,16,0,91,-147,1,0,100,0,368,192,16,16,0,32,-157,0,1,100,0,768,256,128,128,0,62,-174,0,0,100,0,912,48,16,16,0,69,-167,0,0,100,0,928,48,16,16,0,83,-170,0,0,100,0,896,48,16,16,0,122,-163,0,0,100,0,880,48,16,16,0,127,-177,0,0,100,0,880,48,16,16,0,115,-169,0,0,100,0,864,48,16,16,0,55,-192,0,0,100,0,904,80,56,40,0,72,-104,0,0,100,0,720,200,16,16,0,94,-104,0,0,100,0,696,144,24,24,0,100,-108,0,0,100,0,696,144,24,24,0,93,-111,0,0,100,0,696,144,24,24,0,48,-117,0,0,100,0,768,384,32,32,0,32,-157,0,0,100,0,720,0,128,128,0,32,-206,0,0,100,0,128,256,128,128,0,0,-255,0,0,100,0,0,0,192,256,0,
0,36,112,-229,0,0,100,0,720,136,32,32,0,106,-220,0,0,100,0,800,168,40,32,0,32,-238,0,0,100,0,320,0,128,72,0,30,-202,0,1,100,0,256,384,128,96,0,41,-204,0,0,10,0,585,386,110,134,0,96,-142,0,0,30,0,513,376,56,72,0,41,-205,0,1,60,0,384,384,72,72,0,90,-167,0,0,30,0,744,384,24,24,0,40,-132,1,0,60,0,744,384,24,24,0,100,-152,0,0,100,0,816,136,32,32,0,100,-152,0,0,100,0,224,192,32,32,0,73,-124,2,0,100,0,368,208,16,16,0,66,-130,0,0,100,0,352,224,16,16,0,83,-123,1,0,100,0,496,224,16,16,0,91,-129,0,0,100,0,384,192,16,16,0,97,-133,1,0,100,0,480,208,16,16,0,92,-142,1,0,100,0,368,192,16,16,0,53,-165,0,0,90,0,952,200,56,56,0,58,-162,0,0,100,0,240,144,48,48,0,53,-165,0,0,90,0,952,368,56,56,0,32,-157,0,1,100,0,768,256,128,128,0,62,-174,0,0,100,0,912,48,16,16,0,69,-167,0,0,100,0,928,48,16,16,0,83,-170,0,0,100,0,896,48,16,16,0,122,-163,0,0,100,0,880,48,16,16,0,127,-177,0,0,100,0,880,48,16,16,0,115,-169,0,0,100,0,864,48,16,16,0,65,-192,0,0,100,0,960,80,56,40,0,72,-104,0,0,100,0,720,200,16,16,0,94,-104,0,0,100,0,696,144,24,24,0,100,-108,0,0,100,0,696,144,24,24,0,93,-111,0,0,100,0,696,144,24,24,0,48,-117,0,0,100,0,768,384,32,32,0,32,-157,0,0,100,0,720,0,128,128,0,32,-206,0,0,100,0,128,256,128,128,0,0,-255,0,0,100,0,0,0,192,256,0,
0,36,112,-230,0,0,100,0,720,136,32,32,0,106,-221,0,0,100,0,720,168,40,32,0,32,-238,0,0,100,0,448,0,128,72,0,30,-202,0,1,100,0,256,384,128,96,0,41,-204,0,0,10,0,585,386,110,134,0,96,-142,0,0,30,0,513,376,56,72,0,41,-205,0,1,60,0,384,384,72,72,0,40,-132,1,0,60,0,744,384,24,24,0,100,-151,0,0,100,0,816,136,32,32,0,100,-151,0,0,100,0,256,192,32,32,0,58,-132,0,0,100,0,480,192,16,16,0,65,-135,0,0,100,0,368,224,16,16,0,49,-151,0,0,100,0,448,208,16,16,0,53,-138,0,0,100,0,496,192,16,16,0,54,-147,0,0,100,0,464,208,16,16,0,52,-159,0,0,100,0,432,208,16,16,0,53,-165,0,0,100,0,896,256,56,56,0,58,-163,0,0,100,0,288,144,48,48,0,53,-165,0,0,100,0,896,424,56,56,0,32,-157,0,1,100,0,768,256,128,128,0,142,-170,0,0,100,0,912,48,9,16,0,57,-174,0,0,100,0,912,48,16,16,0,64,-167,0,0,100,0,928,48,16,16,0,78,-170,0,0,100,0,896,48,16,16,0,117,-163,0,0,100,0,880,48,16,16,0,122,-177,0,0,100,0,880,48,16,16,0,110,-169,0,0,100,0,864,48,16,16,0,65,-192,0,0,100,0,960,80,56,40,0,72,-104,0,0,100,0,720,200,16,16,0,94,-104,0,0,100,0,696,144,24,24,0,100,-108,0,0,100,0,696,144,24,24,0,93,-111,0,0,100,0,696,144,24,24,0,48,-117,0,0,100,0,800,384,32,32,0,32,-157,0,0,100,0,720,0,128,128,0,32,-206,0,0,100,0,256,256,128,128,0,0,-255,0,0,100,0,0,0,192,256,0,
0,36,112,-230,0,0,100,0,720,136,32,32,0,106,-221,0,0,100,0,720,168,40,32,0,32,-238,0,0,100,0,448,0,128,72,0,30,-202,0,1,100,0,256,384,128,96,0,41,-204,0,0,10,0,585,386,110,134,0,96,-142,0,0,30,0,513,376,56,72,0,41,-205,0,1,60,0,384,384,72,72,0,40,-140,1,0,100,0,744,384,24,24,0,100,-151,0,0,100,0,816,136,32,32,0,100,-151,0,0,100,0,256,192,32,32,0,53,-165,0,0,100,0,952,256,56,56,0,58,-163,0,0,100,0,336,144,48,48,0,53,-165,0,0,100,0,952,424,56,56,0,49,-155,0,0,100,0,480,224,16,16,0,54,-146,0,0,100,0,448,208,16,16,0,58,-158,0,0,100,0,464,224,16,16,0,54,-163,0,0,100,0,496,224,16,16,0,66,-167,1,0,100,0,368,208,16,16,0,78,-161,1,0,100,0,352,208,16,16,0,32,-157,0,1,100,0,768,256,128,128,0,142,-170,0,0,100,0,912,48,9,16,0,57,-174,0,0,100,0,912,48,16,16,0,64,-167,0,0,100,0,928,48,16,16,0,78,-170,0,0,100,0,896,48,16,16,0,117,-163,0,0,100,0,880,48,16,16,0,122,-177,0,0,100,0,880,48,16,16,0,110,-169,0,0,100,0,864,48,16,16,0,65,-192,0,0,100,0,960,80,56,40,0,72,-104,0,0,100,0,720,200,16,16,0,94,-104,0,0,100,0,696,144,24,24,0,100,-108,0,0,100,0,696,144,24,24,0,93,-111,0,0,100,0,696,144,24,24,0,48,-117,0,0,100,0,800,384,32,32,0,32,-157,0,0,100,0,720,0,128,128,0,32,-206,0,0,100,0,256,256,128,128,0,0,-255,0,0,100,0,0,0,192,256,0,
0,36,112,-230,0,0,100,0,720,136,32,32,0,106,-221,0,0,100,0,720,168,40,32,0,32,-238,0,0,100,0,448,0,128,72,0,30,-202,0,1,100,0,256,384,128,96,0,41,-204,0,0,10,0,585,386,110,134,0,96,-142,0,0,30,0,513,376,56,72,0,41,-205,0,1,60,0,384,384,72,72,0,40,-140,1,0,100,0,744,384,24,24,0,100,-151,0,0,100,0,816,136,32,32,0,100,-151,0,0,100,0,256,192,32,32,0,53,-165,0,0,100,0,952,200,56,56,0,58,-163,0,0,100,0,384,144,48,48,0,53,-165,0,0,100,0,952,368,56,56,0,66,-168,1,0,100,0,368,208,16,16,0,80,-166,1,0,100,0,400,208,16,16,0,82,-155,1,0,100,0,384,192,16,16,0,88,-157,1,0,100,0,416,192,16,16,0,94,-138,1,0,100,0,352,192,16,16,0,91,-147,1,0,100,0,368,192,16,16,0,32,-157,0,1,100,0,768,256,128,128,0,142,-170,0,0,100,0,912,48,9,16,0,57,-174,0,0,100,0,912,48,16,16,0,64,-167,0,0,100,0,928,48,16,16,0,78,-170,0,0,100,0,896,48,16,16,0,117,-163,0,0,100,0,880,48,16,16,0,122,-177,0,0,100,0,880,48,16,16,0,110,-169,0,0,100,0,864,48,16,16,0,65,-192,0,0,100,0,960,80,56,40,0,72,-104,0,0,100,0,720,200,16,16,0,94,-104,0,0,100,0,696,144,24,24,0,100,-108,0,0,100,0,696,144,24,24,0,93,-111,0,0,100,0,696,144,24,24,0,48,-117,0,0,100,0,800,384,32,32,0,32,-157,0,0,100,0,720,0,128,128,0,32,-206,0,0,100,0,256,256,128,128,0,0,-255,0,0,100,0,0,0,192,256,0,
0,36,112,-230,0,0,100,0,720,136,32,32,0,106,-221,0,0,100,0,760,168,40,32,0,32,-238,0,0,100,0,576,0,128,72,0,30,-202,0,1,100,0,256,384,128,96,0,41,-204,0,0,10,0,585,386,110,134,0,96,-142,0,0,30,0,513,376,56,72,0,41,-205,0,1,60,0,384,384,72,72,0,40,-140,1,0,100,0,744,384,24,24,0,100,-151,0,0,100,0,816,136,32,32,0,100,-151,0,0,100,0,224,192,32,32,0,73,-124,2,0,100,0,368,208,16,16,0,66,-130,0,0,100,0,352,224,16,16,0,83,-123,1,0,100,0,496,224,16,16,0,91,-129,0,0,100,0,384,192,16,16,0,97,-133,1,0,100,0,480,208,16,16,0,92,-142,1,0,100,0,368,192,16,16,0,53,-165,0,0,100,0,896,256,56,56,0,58,-163,0,0,100,0,432,144,48,48,0,53,-165,0,0,100,0,896,424,56,56,0,32,-157,0,1,100,0,768,256,128,128,0,131,-170,0,0,100,0,912,48,16,16,0,49,-174,0,0,100,0,912,48,16,16,0,56,-167,0,0,100,0,928,48,16,16,0,70,-170,0,0,100,0,896,48,16,16,0,109,-163,0,0,100,0,880,48,16,16,0,114,-177,0,0,100,0,880,48,16,16,0,102,-169,0,0,100,0,864,48,16,16,0,76,-191,0,0,100,0,848,120,56,40,0,72,-104,0,0,100,0,720,200,16,16,0,94,-104,0,0,100,0,696,144,24,24,0,100,-108,0,0,100,0,696,144,24,24,0,93,-111,0,0,100,0,696,144,24,24,0,48,-117,0,0,100,0,800,384,32,32,0,32,-157,0,0,100,0,720,0,128,128,0,32,-206,0,0,100,0,384,256,128,128,0,0,-255,0,0,100,0,0,0,192,256,0,
0,37,112,-230,0,0,100,0,720,136,32,32,0,112,-222,0,0,100,0,720,144,32,24,0,106,-221,0,0,100,0,760,168,40,32,0,32,-238,0,0,100,0,576,0,128,72,0,30,-202,0,1,100,0,256,384,128,96,0,41,-204,0,0,10,0,585,386,110,134,0,96,-142,0,0,30,0,513,376,56,72,0,41,-205,0,1,60,0,384,384,72,72,0,40,-140,1,0,100,0,744,384,24,24,0,100,-151,0,0,100,0,816,136,32,32,0,100,-151,0,0,100,0,224,192,32,32,0,58,-132,0,0,100,0,480,192,16,16,0,65,-135,0,0,100,0,368,224,16,16,0,49,-151,0,0,100,0,448,208,16,16,0,53,-138,0,0,100,0,496,192,16,16,0,54,-147,0,0,100,0,464,208,16,16,0,52,-159,0,0,100,0,432,208,16,16,0,53,-165,0,0,100,0,952,256,56,56,0,58,-163,0,0,100,0,480,144,48,48,0,53,-165,0,0,100,0,952,424,56,56,0,32,-157,0,1,100,0,768,256,128,128,0,131,-170,0,0,100,0,912,48,16,16,0,49,-174,0,0,100,0,912,48,16,16,0,56,-167,0,0,100,0,928,48,16,16,0,70,-170,0,0,100,0,896,48,16,16,0,109,-163,0,0,100,0,880,48,16,16,0,114,-177,0,0,100,0,880,48,16,16,0,102,-169,0,0,100,0,864,48,16,16,0,76,-191,0,0,100,0,848,120,56,40,0,72,-104,0,0,100,0,720,200,16,16,0,94,-104,0,0,100,0,696,144,24,24,0,100,-108,0,0,100,0,696,144,24,24,0,93,-111,0,0,100,0,696,144,24,24,0,48,-117,0,0,100,0,800,384,32,32,0,32,-157,0,0,100,0,720,0,128,128,0,32,-206,0,0,100,0,384,256,128,128,0,0,-255,0,0,100,0,0,0,192,256,0,
0,37,112,-230,0,0,100,0,720,136,32,32,0,112,-222,0,0,100,0,720,144,32,24,0,106,-221,0,0,100,0,760,168,40,32,0,32,-238,0,0,100,0,576,0,128,72,0,30,-202,0,1,100,0,256,384,128,96,0,41,-204,0,0,10,0,585,386,110,134,0,96,-142,0,0,30,0,513,376,56,72,0,41,-205,0,1,60,0,384,384,72,72,0,40,-146,1,0,70,0,744,384,24,24,0,100,-151,0,0,80,0,816,136,32,32,0,100,-151,0,0,100,0,224,192,32,32,0,53,-165,0,0,100,0,952,200,56,56,0,58,-163,0,0,100,0,528,144,48,48,0,53,-165,0,0,100,0,952,368,56,56,0,49,-155,0,0,100,0,480,224,16,16,0,54,-146,0,0,100,0,448,208,16,16,0,58,-158,0,0,100,0,464,224,16,16,0,54,-163,0,0,100,0,496,224,16,16,0,66,-167,1,0,100,0,368,208,16,16,0,78,-161,1,0,100,0,352,208,16,16,0,32,-157,0,1,100,0,768,256,128,128,0,131,-170,0,0,100,0,912,48,16,16,0,49,-174,0,0,100,0,912,48,16,16,0,56,-167,0,0,100,0,928,48,16,16,0,70,-170,0,0,100,0,896,48,16,16,0,109,-163,0,0,100,0,880,48,16,16,0,114,-177,0,0,100,0,880,48,16,16,0,102,-169,0,0,100,0,864,48,16,16,0,76,-191,0,0,100,0,848,120,56,40,0,72,-104,0,0,100,0,720,200,16,16,0,94,-104,0,0,100,0,696,144,24,24,0,100,-108,0,0,100,0,696,144,24,24,0,93,-111,0,0,100,0,696,144,24,24,0,48,-117,0,0,100,0,800,384,32,32,0,32,-157,0,0,100,0,720,0,128,128,0,32,-206,0,0,100,0,384,256,128,128,0,0,-255,0,0,100,0,0,0,192,256,0,
0,38,113,-230,0,0,100,0,720,136,32,32,0,107,-221,0,0,100,0,800,168,40,32,0,32,-238,0,0,100,0,192,72,128,72,0,30,-202,0,1,60,0,0,384,128,96,0,30,-202,0,1,60,0,256,384,128,96,0,41,-204,0,0,10,0,585,386,110,134,0,96,-142,0,0,30,0,513,376,56,72,0,41,-205,0,1,60,0,384,384,72,72,0,40,-146,1,0,70,0,744,384,24,24,0,100,-151,0,0,70,0,816,136,32,32,0,100,-151,0,0,100,0,192,192,32,32,0,53,-165,0,0,100,0,896,256,56,56,0,58,-162,0,0,100,0,576,144,48,48,0,53,-165,0,0,100,0,896,424,56,56,0,66,-168,1,0,100,0,368,208,16,16,0,80,-166,1,0,100,0,400,208,16,16,0,82,-155,1,0,100,0,384,192,16,16,0,88,-157,1,0,100,0,416,192,16,16,0,94,-138,1,0,100,0,352,192,16,16,0,91,-147,1,0,100,0,368,192,16,16,0,32,-157,0,1,60,0,512,256,128,128,0,32,-157,0,1,60,0,768,256,128,128,0,124,-170,0,0,100,0,912,48,16,16,0,41,-174,0,0,100,0,912,48,16,16,0,48,-167,0,0,100,0,928,48,16,16,0,62,-170,0,0,100,0,896,48,16,16,0,101,-163,0,0,100,0,880,48,16,16,0,106,-177,0,0,100,0,880,48,16,16,0,94,-169,0,0,100,0,864,48,16,16,0,76,-191,0,0,100,0,848,120,56,40,0,72,-104,0,0,100,0,720,200,16,16,0,94,-104,0,0,100,0,696,144,24,24,0,100,-108,0,0,100,0,696,144,24,24,0,93,-111,0,0,100,0,696,144,24,24,0,48,-117,0,0,100,0,832,384,32,32,0,32,-157,0,0,100,0,720,0,128,128,0,32,-206,0,0,100,0,0,256,128,128,0,0,-255,0,0,100,0,0,0,192,256,0,
0,38,113,-230,0,0,100,0,720,136,32,32,0,107,-221,0,0,100,0,800,168,40,32,0,32,-238,0,0,100,0,192,72,128,72,0,30,-202,0,1,100,0,0,384,128,96,0,30,-202,0,1,20,0,256,384,128,96,0,41,-204,0,0,10,0,585,386,110,134,0,96,-142,0,0,30,0,513,376,56,72,0,41,-205,0,1,60,0,384,384,72,72,0,40,-146,1,0,70,0,744,384,24,24,0,100,-151,0,0,60,0,816,136,32,32,0,100,-151,0,0,100,0,192,192,32,32,0,73,-124,2,0,100,0,368,208,16,16,0,66,-130,0,0,100,0,352,224,16,16,0,83,-123,1,0,100,0,496,224,16,16,0,91,-129,0,0,100,0,384,192,16,16,0,97,-133,1,0,100,0,480,208,16,16,0,92,-142,1,0,100,0,368,192,16,16,0,53,-165,0,0,100,0,952,256,56,56,0,58,-162,0,0,100,0,240,144,48,48,0,53,-165,0,0,100,0,952,424,56,56,0,32,-157,0,1,90,0,512,256,128,128,0,32,-157,0,1,30,0,768,256,128,128,0,124,-170,0,0,100,0,912,48,16,16,0,41,-174,0,0,100,0,912,48,16,16,0,48,-167,0,0,100,0,928,48,16,16,0,62,-170,0,0,100,0,896,48,16,16,0,101,-163,0,0,100,0,880,48,16,16,0,106,-177,0,0,100,0,880,48,16,16,0,94,-169,0,0,100,0,864,48,16,16,0,83,-191,0,0,100,0,904,120,56,40,0,72,-104,0,0,100,0,720,200,16,16,0,94,-104,0,0,100,0,696,144,24,24,0,100,-108,0,0,100,0,696,144,24,24,0,93,-111,0,0,100,0,696,144,24,24,0,48,-117,0,0,100,0,832,384,32,32,0,32,-157,0,0,100,0,720,0,128,128,0,32,-206,0,0,100,0,0,256,128,128,0,0,-255,0,0,100,0,0,0,192,256,0,
0,36,113,-230,0,0,100,0,720,136,32,32,0,107,-221,0,0,100,0,800,168,40,32,0,32,-238,0,0,100,0,192,72,128,72,0,30,-202,0,1,100,0,0,384,128,96,0,41,-204,0,0,10,0,585,386,110,134,0,96,-142,0,0,30,0,513,376,56,72,0,41,-205,0,1,60,0,384,384,72,72,0,40,-149,1,0,30,0,744,384,24,24,0,100,-151,0,0,30,0,816,136,32,32,0,100,-151,0,0,100,0,192,192,32,32,0,53,-165,0,0,100,0,952,200,56,56,0,58,-132,0,0,100,0,480,192,16,16,0,65,-135,0,0,100,0,368,224,16,16,0,49,-151,0,0,100,0,448,208,16,16,0,53,-138,0,0,100,0,496,192,16,16,0,54,-147,0,0,100,0,464,208,16,16,0,52,-159,0,0,100,0,432,208,16,16,0,58,-162,0,0,100,0,336,144,48,48,0,53,-165,0,0,100,0,952,368,56,56,0,32,-157,0,1,100,0,512,256,128,128,0,124,-170,0,0,100,0,912,48,16,16,0,41,-174,0,0,100,0,912,48,16,16,0,48,-167,0,0,100,0,928,48,16,16,0,62,-170,0,0,100,0,896,48,16,16,0,101,-163,0,0,100,0,880,48,16,16,0,106,-177,0,0,100,0,880,48,16,16,0,94,-169,0,0,100,0,864,48,16,16,0,83,-191,0,0,100,0,904,120,56,40,0,72,-104,0,0,100,0,720,200,16,16,0,94,-104,0,0,100,0,696,144,24,24,0,100,-108,0,0,100,0,696,144,24,24,0,93,-111,0,0,100,0,696,144,24,24,0,48,-117,0,0,100,0,832,384,32,32,0,32,-157,0,0,100,0,720,0,128,128,0,32,-206,0,0,100,0,0,256,128,128,0,0,-255,0,0,100,0,0,0,192,256,0,
0,36,113,-230,0,0,100,0,720,136,32,32,0,107,-221,0,0,100,0,720,168,40,32,0,32,-238,0,0,100,0,320,72,128,72,0,30,-202,0,1,100,0,0,384,128,96,0,41,-204,0,0,10,0,585,386,110,134,0,96,-142,0,0,30,0,513,376,56,72,0,41,-205,0,1,60,0,384,384,72,72,0,40,-149,1,0,30,0,744,384,24,24,0,100,-151,0,0,20,0,816,136,32,32,0,100,-152,0,0,100,0,288,192,32,32,0,53,-165,0,0,100,0,896,256,56,56,0,58,-161,0,0,100,0,432,144,48,48,0,53,-165,0,0,100,0,896,424,56,56,0,49,-155,0,0,100,0,480,224,16,16,0,54,-146,0,0,100,0,448,208,16,16,0,58,-158,0,0,100,0,464,224,16,16,0,54,-163,0,0,100,0,496,224,16,16,0,66,-167,1,0,100,0,368,208,16,16,0,78,-161,1,0,100,0,352,208,16,16,0,32,-157,0,1,100,0,512,256,128,128,0,114,-170,0,0,100,0,912,48,16,16,0,41,-175,0,0,100,0,921,48,7,16,0,39,-167,0,0,100,0,928,48,16,16,0,53,-170,0,0,100,0,896,48,16,16,0,92,-163,0,0,100,0,880,48,16,16,0,97,-177,0,0,100,0,880,48,16,16,0,85,-169,0,0,100,0,864,48,16,16,0,83,-191,0,0,100,0,904,120,56,40,0,72,-104,0,0,100,0,720,200,16,16,0,94,-104,0,0,100,0,696,144,24,24,0,100,-108,0,0,100,0,696,144,24,24,0,93,-111,0,0,100,0,696,144,24,24,0,48,-117,0,0,100,0,832,384,32,32,0,32,-157,0,0,100,0,720,0,128,128,0,32,-206,0,0,100,0,128,256,128,128,0,0,-255,0,0,100,0,0,0,192,256,0,
0,35,113,-230,0,0,100,0,720,136,32,32,0,107,-221,0,0,100,0,720,168,40,32,0,32,-238,0,0,100,0,320,72,128,72,0,30,-202,0,1,100,0,0,384,128,96,0,41,-204,0,0,10,0,585,386,110,134,0,96,-142,0,0,30,0,513,376,56,72,0,41,-205,0,1,60,0,384,384,72,72,0,40,-149,1,0,30,0,744,384,24,24,0,100,-152,0,0,100,0,288,192,32,32,0,53,-165,0,0,100,0,952,256,56,56,0,58,-161,0,0,100,0,528,144,48,48,0,53,-165,0,0,100,0,952,424,56,56,0,66,-168,1,0,100,0,368,208,16,16,0,80,-166,1,0,100,0,400,208,16,16,0,82,-155,1,0,100,0,384,192,16,16,0,88,-157,1,0,100,0,416,192,16,16,0,94,-138,1,0,100,0,352,192,16,16,0,91,-147,1,0,100,0,368,192,16,16,0,32,-157,0,1,100,0,512,256,128,128,0,114,-170,0,0,100,0,912,48,16,16,0,41,-175,0,0,100,0,921,48,7,16,0,39,-167,0,0,100,0,928,48,16,16,0,53,-170,0,0,100,0,896,48,16,16,0,92,-163,0,0,100,0,880,48,16,16,0,97,-177,0,0,100,0,880,48,16,16,0,85,-169,0,0,100,0,864,48,16,16,0,83,-191,0,0,100,0,904,120,56,40,0,72,-104,0,0,100,0,720,200,16,16,0,94,-104,0,0,100,0,696,144,24,24,0,100,-108,0,0,100,0,696,144,24,24,0,93,-111,0,0,100,0,696,144,24,24,0,48,-117,0,0,100,0,832,384,32,32,0,32,-157,0,0,100,0,720,0,128,128,0,32,-206,0,0,100,0,128,256,128,128,0,0,-255,0,0,100,0,0,0,192,256,0,
0,34,113,-230,0,0,100,0,720,136,32,32,0,107,-221,0,0,100,0,720,168,40,32,0,32,-238,0,0,100,0,320,72,128,72,0,30,-202,0,1,100,0,0,384,128,96,0,41,-204,0,0,10,0,585,386,110,134,0,96,-142,0,0,30,0,513,376,56,72,0,41,-205,0,1,60,0,384,384,72,72,0,100,-152,0,0,100,0,288,192,32,32,0,73,-124,2,0,100,0,368,208,16,16,0,66,-130,0,0,100,0,352,224,16,16,0,83,-123,1,0,100,0,496,224,16,16,0,91,-129,0,0,100,0,384,192,16,16,0,97,-133,1,0,100,0,480,208,16,16,0,92,-142,1,0,100,0,368,192,16,16,0,53,-165,0,0,100,0,952,200,56,56,0,58,-161,0,0,100,0,240,144,48,48,0,53,-165,0,0,100,0,952,368,56,56,0,32,-157,0,1,100,0,512,256,128,128,0,114,-170,0,0,100,0,912,48,16,16,0,41,-175,0,0,100,0,921,48,7,16,0,39,-167,0,0,100,0,928,48,16,16,0,53,-170,0,0,100,0,896,48,16,16,0,92,-163,0,0,100,0,880,48,16,16,0,97,-177,0,0,100,0,880,48,16,16,0,85,-169,0,0,100,0,864,48,16,16,0,91,-191,0,0,100,0,848,80,56,40,0,72,-104,0,0,100,0,720,200,16,16,0,94,-104,0,0,100,0,696,144,24,24,0,100,-108,0,0,100,0,696,144,24,24,0,93,-111,0,0,100,0,696,144,24,24,0,48,-117,0,0,100,0,832,384,32,32,0,32,-157,0,0,100,0,720,0,128,128,0,32,-206,0,0,100,0,128,256,128,128,0,0,-255,0,0,100,0,0,0,192,256,0,
0,33,112,-229,0,0,100,0,720,136,32,32,0,106,-220,0,0,100,0,760,168,40,32,0,32,-238,0,0,100,0,448,72,128,72,0,30,-202,0,1,100,0,0,384,128,96,0,41,-204,0,0,10,0,585,386,110,134,0,96,-142,0,0,30,0,513,376,56,72,0,41,-205,0,1,60,0,384,384,72,72,0,100,-153,0,0,100,0,320,192,32,32,0,77,-125,0,0,100,0,384,208,16,16,0,65,-130,0,0,100,0,368,224,16,16,0,58,-135,0,0,100,0,416,224,16,16,0,55,-144,0,0,100,0,352,224,16,16,0,86,-128,0,0,100,0,400,208,16,16,0,95,-131,2,0,100,0,448,208,16,16,0,53,-165,0,0,100,0,896,256,56,56,0,58,-160,0,0,100,0,336,144,48,48,0,53,-165,0,0,100,0,896,424,56,56,0,32,-157,0,1,100,0,512,256,128,128,0,108,-170,0,0,100,0,912,48,16,16,0,41,-167,0,0,100,0,936,48,8,16,0,47,-170,0,0,100,0,896,48,16,16,0,86,-163,0,0,100,0,880,48,16,16,0,91,-177,0,0,100,0,880,48,16,16,0,79,-169,0,0,100,0,864,48,16,16,0,91,-191,0,0,100,0,848,80,56,40,0,72,-104,0,0,100,0,720,200,16,16,0,94,-104,0,0,100,0,696,144,24,24,0,100,-108,0,0,100,0,696,144,24,24,0,93,-111,0,0,100,0,672,144,24,24,0,48,-117,0,0,100,0,864,384,32,32,0,32,-157,0,0,100,0,720,0,128,128,0,32,-206,0,0,100,0,256,256,128,128,0,0,-255,0,0,100,0,0,0,192,256,0,
0,35,112,-229,0,0,100,0,720,136,32,32,0,106,-220,0,0,100,0,760,168,40,32,0,32,-238,0,0,100,0,448,72,128,72,0,30,-202,0,1,60,0,128,384,128,96,0,30,-202,0,1,60,0,0,384,128,96,0,41,-204,0,0,10,0,585,386,110,134,0,96,-142,0,0,30,0,513,376,56,72,0,41,-205,0,1,60,0,384,384,72,72,0,100,-153,0,0,100,0,320,192,32,32,0,52,-135,0,0,100,0,368,224,16,16,0,63,-135,0,0,100,0,384,224,16,16,0,47,-145,0,0,100,0,416,224,16,16,0,43,-155,0,0,100,0,352,224,16,16,0,69,-125,0,0,100,0,400,224,16,16,0,82,-124,0,0,100,0,368,208,16,16,0,53,-165,0,0,100,0,952,256,56,56,0,58,-160,0,0,100,0,432,144,48,48,0,53,-165,0,0,100,0,952,424,56,56,0,32,-157,0,1,60,0,640,256,128,128,0,32,-157,0,1,60,0,512,256,128,128,0,108,-170,0,0,100,0,912,48,16,16,0,41,-167,0,0,100,0,936,48,8,16,0,47,-170,0,0,100,0,896,48,16,16,0,86,-163,0,0,100,0,880,48,16,16,0,91,-177,0,0,100,0,880,48,16,16,0,79,-169,0,0,100,0,864,48,16,16,0,91,-191,0,0,100,0,848,80,56,40,0,72,-104,0,0,100,0,720,200,16,16,0,94,-104,0,0,100,0,696,144,24,24,0,100,-108,0,0,100,0,696,144,24,24,0,93,-111,0,0,100,0,672,144,24,24,0,48,-117,0,0,100,0,864,384,32,32,0,32,-157,0,0,100,0,720,0,128,128,0,32,-206,0,0,100,0,256,256,128,128,0,0,-255,0,0,100,0,0,0,192,256,0,
0,35,112,-229,0,0,100,0,720,136,32,32,0,106,-220,0,0,100,0,760,168,40,32,0,32,-238,0,0,100,0,448,72,128,72,0,30,-202,0,1,100,0,128,384,128,96,0,30,-202,0,1,20,0,0,384,128,96,0,41,-204,0,0,10,0,585,386,110,134,0,96,-142,0,0,30,0,513,376,56,72,0,41,-205,0,1,60,0,384,384,72,72,0,100,-153,0,0,100,0,320,192,32,32,0,40,-147,0,0,100,0,368,224,16,16,0,49,-152,0,0,100,0,384,224,16,16,0,41,-158,0,0,100,0,420,224,12,16,0,41,-167,0,0,100,0,360,224,8,16,0,51,-139,0,0,100,0,400,224,16,16,0,65,-135,0,0,100,0,368,224,16,16,0,53,-165,0,0,100,0,952,200,56,56,0,58,-160,0,0,100,0,528,144,48,48,0,53,-165,0,0,100,0,952,368,56,56,0,32,-157,0,1,90,0,640,256,128,128,0,32,-157,0,1,30,0,512,256,128,128,0,108,-170,0,0,100,0,912,48,16,16,0,41,-167,0,0,100,0,936,48,8,16,0,47,-170,0,0,100,0,896,48,16,16,0,86,-163,0,0,100,0,880,48,16,16,0,91,-177,0,0,100,0,880,48,16,16,0,79,-169,0,0,100,0,864,48,16,16,0,91,-191,0,0,100,0,848,80,56,40,0,72,-104,0,0,100,0,720,200,16,16,0,94,-104,0,0,100,0,696,144,24,24,0,100,-108,0,0,100,0,696,144,24,24,0,93,-111,0,0,100,0,648,144,24,24,0,48,-117,0,0,100,0,864,384,32,32,0,32,-157,0,0,100,0,720,0,128,128,0,32,-206,0,0,100,0,256,256,128,128,0,0,-255,0,0,100,0,0,0,192,256,0,
0,31,112,-229,0,0,100,0,720,136,32,32,0,106,-220,0,0,100,0,800,168,40,32,0,32,-238,0,0,100,0,576,72,128,72,0,30,-202,0,1,100,0,128,384,128,96,0,41,-204,0,0,10,0,585,386,110,134,0,96,-142,0,0,30,0,513,376,56,72,0,41,-205,0,1,60,0,384,384,72,72,0,100,-153,0,0,100,0,288,192,32,32,0,41,-154,0,0,100,0,377,224,7,16,0,38,-161,0,0,100,0,384,224,16,16,0,41,-147,0,0,100,0,400,224,16,16,0,52,-147,0,0,100,0,368,224,16,16,0,53,-165,0,0,100,0,896,256,56,56,0,58,-160,0,0,100,0,240,144,48,48,0,53,-165,0,0,100,0,896,424,56,56,0,32,-157,0,1,100,0,640,256,128,128,0,100,-170,0,0,100,0,912,48,16,16,0,39,-170,0,0,100,0,896,48,16,16,0,78,-163,0,0,100,0,880,48,16,16,0,83,-177,0,0,100,0,880,48,16,16,0,71,-169,0,0,100,0,864,48,16,16,0,143,-174,0,0,100,0,912,48,8,16,0,98,-191,0,0,100,0,904,80,56,40,0,72,-104,0,0,100,0,720,200,16,16,0,94,-104,0,0,100,0,696,144,24,24,0,100,-108,0,0,100,0,696,144,24,24,0,93,-111,0,0,100,0,648,144,24,24,0,48,-117,0,0,100,0,864,384,32,32,0,32,-157,0,0,100,0,720,0,128,128,0,32,-206,0,0,100,0,384,256,128,128,0,0,-255,0,0,100,0,0,0,192,256,0,
0,29,112,-229,0,0,100,0,720,136,32,32,0,106,-220,0,0,100,0,800,168,40,32,0,32,-238,0,0,100,0,576,72,128,72,0,30,-202,0,1,100,0,128,384,128,96,0,41,-204,0,0,10,0,585,386,110,134,0,96,-142,0,0,30,0,513,376,56,72,0,41,-205,0,1,60,0,384,384,72,72,0,100,-153,0,0,100,0,288,192,32,32,0,41,-157,0,0,100,0,408,224,8,16,0,45,-155,0,0,100,0,368,224,16,16,0,53,-165,0,0,100,0,952,256,56,56,0,58,-160,0,0,100,0,336,144,48,48,0,53,-165,0,0,100,0,952,424,56,56,0,32,-157,0,1,100,0,640,256,128,128,0,100,-170,0,0,100,0,912,48,16,16,0,39,-170,0,0,100,0,896,48,16,16,0,78,-163,0,0,100,0,880,48,16,16,0,83,-177,0,0,100,0,880,48,16,16,0,71,-169,0,0,100,0,864,48,16,16,0,143,-174,0,0,100,0,912,48,8,16,0,98,-191,0,0,100,0,904,80,56,40,0,72,-104,0,0,100,0,720,200,16,16,0,94,-104,0,0,100,0,672,144,24,24,0,100,-108,0,0,100,0,696,144,24,24,0,93,-111,0,0,100,0,648,168,24,24,0,48,-117,0,0,100,0,864,384,32,32,0,32,-157,0,0,100,0,720,0,128,128,0,32,-206,0,0,100,0,384,256,128,128,0,0,-255,0,0,100,0,0,0,192,256,0,
0,28,112,-229,0,0,100,0,720,136,32,32,0,106,-220,0,0,100,0,800,168,40,32,0,32,-238,0,0,100,0,576,72,128,72,0,30,-202,0,1,100,0,128,384,128,96,0,41,-204,0,0,10,0,585,386,110,134,0,96,-142,0,0,30,0,513,376,56,72,0,41,-205,0,1,60,0,384,384,72,72,0,100,-153,0,0,100,0,288,192,32,32,0,41,-164,0,0,100,0,376,224,8,16,0,53,-165,0,0,100,0,952,200,56,56,0,58,-160,0,0,100,0,384,144,48,48,0,53,-165,0,0,100,0,952,368,56,56,0,32,-157,0,1,100,0,640,256,128,128,0,100,-170,0,0,100,0,912,48,16,16,0,39,-170,0,0,100,0,896,48,16,16,0,78,-163,0,0,100,0,880,48,16,16,0,83,-177,0,0,100,0,880,48,16,16,0,71,-169,0,0,100,0,864,48,16,16,0,143,-174,0,0,100,0,912,48,8,16,0,98,-191,0,0,100,0,904,80,56,40,0,72,-104,0,0,100,0,720,200,16,16,0,94,-104,0,0,100,0,672,144,24,24,0,100,-108,0,0,100,0,696,144,24,24,0,93,-111,0,0,100,0,648,168,24,24,0,48,-117,0,0,100,0,864,384,32,32,0,32,-157,0,0,100,0,720,0,128,128,0,32,-206,0,0,100,0,384,256,128,128,0,0,-255,0,0,100,0,0,0,192,256,0,
0,27,113,-229,0,0,100,0,720,136,32,32,0,107,-220,0,0,100,0,720,168,40,32,0,32,-238,0,0,100,0,192,0,128,72,0,30,-202,0,1,100,0,128,384,128,96,0,41,-204,0,0,10,0,585,386,110,134,0,96,-142,0,0,30,0,513,376,56,72,0,41,-205,0,1,60,0,384,384,72,72,0,100,-153,0,0,100,0,192,192,32,32,0,53,-165,0,0,100,0,896,256,56,56,0,58,-161,0,0,100,0,432,144,48,48,0,53,-165,0,0,100,0,896,424,56,56,0,32,-157,0,1,100,0,640,256,128,128,0,92,-170,0,0,100,0,912,48,16,16,0,41,-170,0,0,100,0,904,48,8,16,0,70,-163,0,0,100,0,880,48,16,16,0,75,-177,0,0,100,0,880,48,16,16,0,63,-169,0,0,100,0,864,48,16,16,0,135,-174,0,0,100,0,912,48,16,16,0,98,-191,0,0,100,0,904,80,56,40,0,72,-104,0,0,100,0,720,200,16,16,0,94,-104,0,0,100,0,648,144,24,24,0,100,-108,0,0,100,0,696,144,24,24,0,93,-111,0,0,100,0,624,168,24,24,0,48,-117,0,0,100,0,768,384,32,32,0,32,-157,0,0,100,0,720,0,128,128,0,32,-206,0,0,100,0,0,256,128,128,0,0,-255,0,0,100,0,0,0,192,256,0,
0,27,113,-229,0,0,100,0,720,136,32,32,0,107,-220,0,0,100,0,720,168,40,32,0,32,-238,0,0,100,0,192,0,128,72,0,30,-202,0,1,100,0,128,384,128,96,0,41,-204,0,0,10,0,585,386,110,134,0,96,-142,0,0,30,0,513,376,56,72,0,41,-205,0,1,60,0,384,384,72,72,0,100,-153,0,0,100,0,192,192,32,32,0,53,-165,0,0,100,0,952,256,56,56,0,58,-161,0,0,100,0,480,144,48,48,0,53,-165,0,0,100,0,952,424,56,56,0,32,-157,0,1,100,0,640,256,128,128,0,92,-170,0,0,100,0,912,48,16,16,0,41,-170,0,0,100,0,904,48,8,16,0,70,-163,0,0,100,0,880,48,16,16,0,75,-177,0,0,100,0,880,48,16,16,0,63,-169,0,0,100,0,864,48,16,16,0,135,-174,0,0,100,0,912,48,16,16,0,106,-191,0,0,100,0,960,80,45,40,0,72,-104,0,0,100,0,720,200,16,16,0,94,-104,0,0,100,0,648,144,24,24,0,100,-108,0,0,100,0,696,144,24,24,0,93,-111,0,0,100,0,624,168,24,24,0,48,-117,0,0,100,0,768,384,32,32,0,32,-157,0,0,100,0,720,0,128,128,0,32,-206,0,0,100,0,0,256,128,128,0,0,-255,0,0,100,0,0,0,192,256,0,
0,27,113,-229,0,0,100,0,720,136,32,32,0,107,-220,0,0,100,0,720,168,40,32,0,32,-238,0,0,100,0,192,0,128,72,0,30,-202,0,1,100,0,128,384,128,96,0,41,-204,0,0,10,0,585,386,110,134,0,96,-142,0,0,30,0,513,376,56,72,0,41,-205,0,1,60,0,384,384,72,72,0,100,-153,0,0,100,0,192,192,32,32,0,53,-165,0,0,100,0,952,200,56,56,0,58,-161,0,0,100,0,528,144,48,48,0,53,-165,0,0,100,0,952,368,56,56,0,32,-157,0,1,100,0,640,256,128,128,0,92,-170,0,0,100,0,912,48,16,16,0,41,-170,0,0,100,0,904,48,8,16,0,70,-163,0,0,100,0,880,48,16,16,0,75,-177,0,0,100,0,880,48,16,16,0,63,-169,0,0,100,0,864,48,16,16,0,135,-174,0,0,100,0,912,48,16,16,0,106,-191,0,0,100,0,960,80,45,40,0,72,-104,0,0,100,0,720,200,16,16,0,94,-104,0,0,100,0,648,168,24,24,0,100,-108,0,0,100,0,696,144,24,24,0,93,-111,0,0,100,0,624,144,24,24,0,48,-117,0,0,100,0,768,384,32,32,0,32,-157,0,0,100,0,720,0,128,128,0,32,-206,0,0,100,0,0,256,128,128,0,0,-255,0,0,100,0,0,0,192,256,0,
0,27,113,-229,0,0,100,0,720,136,32,32,0,107,-220,0,0,100,0,760,168,40,32,0,32,-238,0,0,100,0,320,0,128,72,0,30,-202,0,1,100,0,128,384,128,96,0,41,-204,0,0,10,0,585,386,110,134,0,96,-142,0,0,30,0,513,376,56,72,0,41,-205,0,1,60,0,384,384,72,72,0,100,-152,0,0,100,0,224,192,32,32,0,53,-165,0,0,100,0,952,256,56,56,0,58,-162,0,0,100,0,576,144,48,48,0,53,-165,0,0,100,0,952,424,56,56,0,32,-157,0,1,100,0,640,256,128,128,0,84,-170,0,0,100,0,912,48,16,16,0,137,-167,0,0,100,0,928,48,16,16,0,62,-163,0,0,100,0,880,48,16,16,0,67,-177,0,0,100,0,880,48,16,16,0,55,-169,0,0,100,0,864,48,16,16,0,127,-174,0,0,100,0,912,48,16,16,0,106,-191,0,0,100,0,960,80,45,40,0,72,-104,0,0,100,0,720,200,16,16,0,94,-104,0,0,100,0,648,168,24,24,0,100,-108,0,0,100,0,672,144,24,24,0,93,-111,0,0,100,0,624,144,24,24,0,48,-117,0,0,100,0,768,384,32,32,0,32,-157,0,0,100,0,720,0,128,128,0,32,-206,0,0,100,0,128,256,128,128,0,0,-255,0,0,100,0,0,0,192,256,0,
0,28,113,-229,0,0,100,0,720,136,32,32,0,107,-220,0,0,100,0,760,168,40,32,0,32,-238,0,0,100,0,320,0,128,72,0,30,-202,0,1,100,0,128,384,128,96,0,41,-204,0,0,10,0,585,386,110,134,0,96,-142,0,0,30,0,513,376,56,72,0,41,-205,0,1,60,0,384,384,72,72,0,116,-127,0,0,30,0,744,384,24,24,0,100,-152,0,0,100,0,224,192,32,32,0,53,-165,0,0,100,0,952,200,56,56,0,58,-162,0,0,100,0,240,144,48,48,0,53,-165,0,0,100,0,952,368,56,56,0,32,-157,0,1,100,0,640,256,128,128,0,84,-170,0,0,100,0,912,48,16,16,0,137,-167,0,0,100,0,928,48,16,16,0,62,-163,0,0,100,0,880,48,16,16,0,67,-177,0,0,100,0,880,48,16,16,0,55,-169,0,0,100,0,864,48,16,16,0,127,-174,0,0,100,0,912,48,16,16,0,106,-191,0,0,100,0,960,80,45,40,0,72,-104,0,0,100,0,720,200,16,16,0,94,-104,0,0,100,0,624,168,24,24,0,100,-108,0,0,100,0,648,144,24,24,0,93,-111,0,0,100,0,624,144,24,24,0,48,-117,0,0,100,0,768,384,32,32,0,32,-157,0,0,100,0,720,0,128,128,0,32,-206,0,0,100,0,128,256,128,128,0,0,-255,0,0,100,0,0,0,192,256,0,
0,28,113,-229,0,0,100,0,720,136,32,32,0,107,-220,0,0,100,0,760,168,40,32,0,32,-238,0,0,100,0,320,0,128,72,0,30,-202,0,1,100,0,128,384,128,96,0,41,-204,0,0,10,0,585,386,110,134,0,96,-142,0,0,30,0,513,376,56,72,0,41,-205,0,1,60,0,384,384,72,72,0,116,-127,0,0,30,0,744,384,24,24,0,100,-152,0,0,100,0,224,192,32,32,0,53,-165,0,0,100,0,896,256,56,56,0,58,-162,0,0,100,0,288,144,48,48,0,53,-165,0,0,100,0,896,424,56,56,0,32,-157,0,1,100,0,640,256,128,128,0,84,-170,0,0,100,0,912,48,16,16,0,137,-167,0,0,100,0,928,48,16,16,0,62,-163,0,0,100,0,880,48,16,16,0,67,-177,0,0,100,0,880,48,16,16,0,55,-169,0,0,100,0,864,48,16,16,0,127,-174,0,0,100,0,912,48,16,16,0,114,-191,0,0,100,0,848,120,37,40,0,72,-104,0,0,100,0,720,200,16,16,0,94,-104,0,0,100,0,624,168,24,24,0,100,-108,0,0,100,0,648,168,24,24,0,93,-111,0,0,100,0,624,144,24,24,0,48,-117,0,0,100,0,768,384,32,32,0,32,-157,0,0,100,0,720,0,128,128,0,32,-206,0,0,100,0,128,256,128,128,0,0,-255,0,0,100,0,0,0,192,256,0,
0,30,112,-229,0,0,100,0,720,136,32,32,0,106,-220,0,0,100,0,800,168,40,32,0,32,-238,0,0,100,0,448,0,128,72,0,30,-202,0,1,60,0,256,384,128,96,0,30,-202,0,1,60,0,128,384,128,96,0,41,-204,0,0,10,0,585,386,110,134,0,96,-142,0,0,30,0,513,376,56,72,0,41,-205,0,1,60,0,384,384,72,72,0,116,-127,0,0,30,0,744,384,24,24,0,100,-151,0,0,100,0,256,192,32,32,0,53,-165,0,0,100,0,896,200,56,56,0,58,-163,0,0,100,0,336,144,48,48,0,53,-165,0,0,100,0,896,368,56,56,0,32,-157,0,1,60,0,768,256,128,128,0,32,-157,0,1,60,0,640,256,128,128,0,84,-170,0,0,100,0,912,48,16,16,0,137,-167,0,0,100,0,928,48,16,16,0,62,-163,0,0,100,0,880,48,16,16,0,67,-177,0,0,100,0,880,48,16,16,0,55,-169,0,0,100,0,864,48,16,16,0,127,-174,0,0,100,0,912,48,16,16,0,114,-191,0,0,100,0,848,120,37,40,0,72,-104,0,0,100,0,720,200,16,16,0,94,-104,0,0,100,0,624,168,24,24,0,100,-108,0,0,100,0,624,168,24,24,0,93,-111,0,0,100,0,624,168,24,24,0,48,-117,0,0,100,0,800,384,32,32,0,32,-157,0,0,100,0,720,0,128,128,0,32,-206,0,0,100,0,256,256,128,128,0,0,-255,0,0,100,0,0,0,192,256,0,
0,30,112,-229,0,0,100,0,720,136,32,32,0,106,-220,0,0,100,0,800,168,40,32,0,32,-238,0,0,100,0,448,0,128,72,0,30,-202,0,1,100,0,256,384,128,96,0,30,-202,0,1,20,0,128,384,128,96,0,41,-204,0,0,10,0,585,386,110,134,0,96,-142,0,0,30,0,513,376,56,72,0,41,-205,0,1,60,0,384,384,72,72,0,116,-133,0,0,70,0,744,384,24,24,0,100,-151,0,0,100,0,256,192,32,32,0,53,-165,0,0,100,0,896,312,56,56,0,58,-163,0,0,100,0,384,144,48,48,0,53,-165,0,0,100,0,784,424,56,56,0,32,-157,0,1,90,0,768,256,128,128,0,32,-157,0,1,30,0,640,256,128,128,0,84,-170,0,0,100,0,912,48,16,16,0,137,-167,0,0,100,0,928,48,16,16,0,62,-163,0,0,100,0,880,48,16,16,0,67,-177,0,0,100,0,880,48,16,16,0,55,-169,0,0,100,0,864,48,16,16,0,127,-174,0,0,100,0,912,48,16,16,0,114,-191,0,0,100,0,848,120,37,40,0,72,-104,0,0,100,0,720,200,16,16,0,94,-104,0,0,100,0,624,168,24,24,0,100,-108,0,0,100,0,624,168,24,24,0,93,-111,0,0,100,0,624,168,24,24,0,48,-117,0,0,100,0,800,384,32,32,0,32,-157,0,0,100,0,720,0,128,128,0,32,-206,0,0,100,0,256,256,128,128,0,0,-255,0,0,100,0,0,0,192,256,0,
0,29,112,-229,0,0,100,0,720,136,32,32,0,106,-220,0,0,100,0,800,168,40,32,0,32,-238,0,0,100,0,448,0,128,72,0,30,-202,0,1,100,0,256,384,128,96,0,41,-204,0,0,10,0,585,386,110,134,0,96,-142,0,0,30,0,513,376,56,72,0,41,-205,0,1,60,0,384,384,72,72,0,116,-133,0,0,70,0,744,384,24,24,0,100,-151,0,0,100,0,256,192,32,32,0,53,-165,0,0,100,0,952,312,56,56,0,58,-163,0,0,100,0,432,144,48,48,0,53,-165,0,0,100,0,840,424,56,56,0,32,-157,0,1,100,0,768,256,128,128,0,55,-163,0,0,100,0,880,48,16,16,0,60,-177,0,0,100,0,880,48,16,16,0,48,-169,0,0,100,0,864,48,16,16,0,74,-172,0,0,100,0,912,48,16,16,0,122,-174,0,0,100,0,912,48,16,16,0,129,-167,0,0,100,0,928,48,16,16,0,142,-170,0,0,100,0,896,48,9,16,0,114,-191,0,0,100,0,848,120,37,40,0,72,-104,0,0,100,0,720,200,16,16,0,94,-104,0,0,100,0,624,168,24,24,0,100,-108,0,0,100,0,624,168,24,24,0,93,-111,0,0,100,0,624,168,24,24,0,48,-117,0,0,100,0,800,384,32,32,0,32,-157,0,0,100,0,720,0,128,128,0,32,-206,0,0,100,0,256,256,128,128,0,0,-255,0,0,100,0,0,0,192,256,0,
0,29,112,-229,0,0,100,0,720,136,32,32,0,106,-220,0,0,100,0,720,168,40,32,0,32,-238,0,0,100,0,576,0,128,72,0,30,-202,0,1,100,0,256,384,128,96,0,41,-204,0,0,10,0,585,386,110,134,0,96,-142,0,0,30,0,513,376,56,72,0,41,-205,0,1,60,0,384,384,72,72,0,116,-133,0,0,70,0,744,384,24,24,0,100,-151,0,0,100,0,224,192,32,32,0,53,-165,0,0,100,0,896,200,56,56,0,58,-163,0,0,100,0,480,144,48,48,0,50,-161,0,0,100,0,784,424,56,56,0,32,-157,0,1,100,0,768,256,128,128,0,55,-163,0,0,100,0,880,48,16,16,0,60,-177,0,0,100,0,880,48,16,16,0,48,-169,0,0,100,0,864,48,16,16,0,74,-172,0,0,100,0,912,48,16,16,0,122,-174,0,0,100,0,912,48,16,16,0,129,-167,0,0,100,0,928,48,16,16,0,142,-170,0,0,100,0,896,48,9,16,0,123,-191,0,0,100,0,904,120,28,40,0,72,-104,0,0,100,0,720,200,16,16,0,94,-104,0,0,100,0,624,168,24,24,0,100,-108,0,0,100,0,624,168,24,24,0,93,-111,0,0,100,0,624,168,24,24,0,48,-117,0,0,100,0,800,384,32,32,0,32,-157,0,0,100,0,720,0,128,128,0,32,-206,0,0,100,0,384,256,128,128,0,0,-255,0,0,100,0,0,0,192,256,0,
0,29,112,-229,0,0,100,0,720,136,32,32,0,106,-220,0,0,100,0,720,168,40,32,0,32,-238,0,0,100,0,576,0,128,72,0,30,-202,0,1,100,0,256,384,128,96,0,41,-204,0,0,10,0,585,386,110,134,0,96,-142,0,0,30,0,513,376,56,72,0,41,-205,0,1,60,0,384,384,72,72,0,116,-136,0,0,100,0,744,384,24,24,0,100,-151,0,0,100,0,224,192,32,32,0,53,-165,0,0,100,0,896,312,56,56,0,58,-163,0,0,100,0,528,144,48,48,0,53,-165,0,0,100,0,784,424,56,56,0,32,-157,0,1,100,0,768,256,128,128,0,55,-163,0,0,100,0,880,48,16,16,0,60,-177,0,0,100,0,880,48,16,16,0,48,-169,0,0,100,0,864,48,16,16,0,74,-172,0,0,100,0,912,48,16,16,0,122,-174,0,0,100,0,912,48,16,16,0,129,-167,0,0,100,0,928,48,16,16,0,142,-170,0,0,100,0,896,48,9,16,0,123,-191,0,0,100,0,904,120,28,40,0,72,-104,0,0,100,0,720,200,16,16,0,94,-104,0,0,100,0,624,168,24,24,0,100,-108,0,0,100,0,624,168,24,24,0,93,-111,0,0,100,0,624,168,24,24,0,48,-117,0,0,100,0,800,384,32,32,0,32,-157,0,0,100,0,720,0,128,128,0,32,-206,0,0,100,0,384,256,128,128,0,0,-255,0,0,100,0,0,0,192,256,0,
0,29,112,-229,0,0,100,0,720,136,32,32,0,106,-220,0,0,100,0,720,168,40,32,0,32,-238,0,0,100,0,576,0,128,72,0,30,-202,0,1,100,0,256,384,128,96,0,41,-204,0,0,10,0,585,386,110,134,0,96,-142,0,0,30,0,513,376,56,72,0,41,-205,0,1,60,0,384,384,72,72,0,116,-136,0,0,100,0,744,384,24,24,0,100,-151,0,0,100,0,224,192,32,32,0,53,-165,0,0,100,0,952,312,56,56,0,58,-162,0,0,100,0,576,144,48,48,0,53,-165,0,0,100,0,840,424,56,56,0,32,-157,0,1,100,0,768,256,128,128,0,55,-163,0,0,100,0,880,48,16,16,0,60,-177,0,0,100,0,880,48,16,16,0,48,-169,0,0,100,0,864,48,16,16,0,74,-172,0,0,100,0,912,48,16,16,0,122,-174,0,0,100,0,912,48,16,16,0,129,-167,0,0,100,0,928,48,16,16,0,142,-170,0,0,100,0,896,48,9,16,0,123,-191,0,0,100,0,904,120,28,40,0,72,-104,0,0,100,0,720,200,16,16,0,94,-104,0,0,100,0,624,168,24,24,0,100,-108,0,0,100,0,624,168,24,24,0,93,-111,0,0,100,0,624,168,24,24,0,48,-117,0,0,100,0,800,384,32,32,0,32,-157,0,0,100,0,720,0,128,128,0,32,-206,0,0,100,0,384,256,128,128,0,0,-255,0,0,100,0,0,0,192,256,0,
0,29,113,-230,0,0,100,0,720,136,32,32,0,107,-221,0,0,100,0,760,168,40,32,0,32,-238,0,0,100,0,192,72,128,72,0,30,-202,0,1,100,0,256,384,128,96,0,41,-204,0,0,10,0,585,386,110,134,0,96,-142,0,0,30,0,513,376,56,72,0,41,-205,0,1,60,0,384,384,72,72,0,116,-136,0,0,100,0,744,384,24,24,0,100,-151,0,0,100,0,192,192,32,32,0,53,-165,0,0,100,0,952,312,56,56,0,58,-162,0,0,100,0,576,144,48,48,0,53,-165,0,0,100,0,840,424,56,56,0,32,-157,0,1,100,0,768,256,128,128,0,45,-163,0,0,100,0,880,48,16,16,0,50,-177,0,0,100,0,880,48,16,16,0,38,-169,0,0,100,0,864,48,16,16,0,64,-172,0,0,100,0,912,48,16,16,0,112,-174,0,0,100,0,912,48,16,16,0,119,-167,0,0,100,0,928,48,16,16,0,133,-170,0,0,100,0,896,48,16,16,0,123,-191,0,0,100,0,904,120,28,40,0,72,-104,0,0,100,0,720,200,16,16,0,94,-104,0,0,100,0,624,168,24,24,0,100,-108,0,0,100,0,624,168,24,24,0,93,-111,0,0,100,0,624,168,24,24,0,48,-117,0,0,100,0,832,384,32,32,0,32,-157,0,0,100,0,720,0,128,128,0,32,-206,0,0,100,0,0,256,128,128,0,0,-255,0,0,100,0,0,0,192,256,0,
0,29,113,-230,0,0,100,0,720,136,32,32,0,107,-221,0,0,100,0,760,168,40,32,0,32,-238,0,0,100,0,192,72,128,72,0,30,-202,0,1,100,0,256,384,128,96,0,41,-204,0,0,10,0,585,386,110,134,0,96,-142,0,0,30,0,513,376,56,72,0,41,-205,0,1,60,0,384,384,72,72,0,116,-140,0,0,70,0,744,384,24,24,0,100,-151,0,0,100,0,192,192,32,32,0,53,-165,0,0,100,0,896,200,56,56,0,58,-162,0,0,100,0,240,144,48,48,0,52,-163,0,0,100,0,840,424,56,56,0,32,-157,0,1,100,0,768,256,128,128,0,45,-163,0,0,100,0,880,48,16,16,0,50,-177,0,0,100,0,880,48,16,16,0,38,-169,0,0,100,0,864,48,16,16,0,64,-172,0,0,100,0,912,48,16,16,0,112,-174,0,0,100,0,912,48,16,16,0,119,-167,0,0,100,0,928,48,16,16,0,133,-170,0,0,100,0,896,48,16,16,0,132,-191,0,0,100,0,848,80,19,40,0,72,-104,0,0,100,0,720,200,16,16,0,94,-104,0,0,100,0,624,168,24,24,0,100,-108,0,0,100,0,624,168,24,24,0,93,-111,0,0,100,0,624,168,24,24,0,48,-117,0,0,100,0,832,384,32,32,0,32,-157,0,0,100,0,720,0,128,128,0,32,-206,0,0,100,0,0,256,128,128,0,0,-255,0,0,100,0,0,0,192,256,0,
0,29,113,-230,0,0,100,0,720,136,32,32,0,107,-221,0,0,100,0,760,168,40,32,0,32,-238,0,0,100,0,192,72,128,72,0,30,-202,0,1,100,0,256,384,128,96,0,41,-204,0,0,10,0,585,386,110,134,0,96,-142,0,0,30,0,513,376,56,72,0,41,-205,0,1,60,0,384,384,72,72,0,116,-140,0,0,70,0,744,384,24,24,0,100,-151,0,0,100,0,192,192,32,32,0,53,-165,0,0,100,0,896,200,56,56,0,58,-162,0,0,100,0,240,144,48,48,0,52,-163,0,0,100,0,840,424,56,56,0,32,-157,0,1,100,0,768,256,128,128,0,45,-163,0,0,100,0,880,48,16,16,0,50,-177,0,0,100,0,880,48,16,16,0,38,-169,0,0,100,0,864,48,16,16,0,64,-172,0,0,100,0,912,48,16,16,0,112,-174,0,0,100,0,912,48,16,16,0,119,-167,0,0,100,0,928,48,16,16,0,133,-170,0,0,100,0,896,48,16,16,0,132,-191,0,0,100,0,848,80,19,40,0,72,-104,0,0,100,0,720,200,16,16,0,94,-104,0,0,100,0,624,168,24,24,0,100,-108,0,0,100,0,624,168,24,24,0,93,-111,0,0,100,0,624,168,24,24,0,48,-117,0,0,100,0,832,384,32,32,0,32,-157,0,0,100,0,720,0,128,128,0,32,-206,0,0,100,0,0,256,128,128,0,0,-255,0,0,100,0,0,0,192,256,0,
0,30,113,-230,0,0,100,0,720,136,32,32,0,107,-221,0,0,100,0,800,168,40,32,0,32,-238,0,0,100,0,320,72,128,72,0,30,-202,0,1,100,0,256,384,128,96,0,41,-204,0,0,10,0,585,386,110,134,0,96,-142,0,0,30,0,513,376,56,72,0,41,-205,0,1,60,0,384,384,72,72,0,116,-140,0,0,70,0,744,384,24,24,0,90,-157,0,0,30,0,744,384,24,24,0,100,-152,0,0,100,0,288,192,32,32,0,53,-165,0,0,100,0,896,312,56,56,0,58,-161,0,0,100,0,288,144,48,48,0,53,-165,0,0,100,0,784,424,56,56,0,32,-157,0,1,100,0,768,256,128,128,0,45,-163,0,0,100,0,880,48,16,16,0,50,-177,0,0,100,0,880,48,16,16,0,38,-169,0,0,100,0,864,48,16,16,0,64,-172,0,0,100,0,912,48,16,16,0,112,-174,0,0,100,0,912,48,16,16,0,119,-167,0,0,100,0,928,48,16,16,0,133,-170,0,0,100,0,896,48,16,16,0,132,-191,0,0,100,0,848,80,19,40,0,72,-104,0,0,100,0,720,200,16,16,0,94,-104,0,0,100,0,624,168,24,24,0,100,-108,0,0,100,0,624,168,24,24,0,93,-111,0,0,100,0,624,168,24,24,0,48,-117,0,0,100,0,832,384,32,32,0,32,-157,0,0,100,0,720,0,128,128,0,32,-206,0,0,100,0,128,256,128,128,0,0,-255,0,0,100,0,0,0,192,256,0,
0,30,113,-230,0,0,100,0,720,136,32,32,0,107,-221,0,0,100,0,800,168,40,32,0,32,-238,0,0,100,0,320,72,128,72,0,30,-202,0,1,100,0,256,384,128,96,0,41,-204,0,0,10,0,585,386,110,134,0,96,-142,0,0,30,0,513,376,56,72,0,41,-205,0,1,60,0,384,384,72,72,0,116,-144,0,0,30,0,744,384,24,24,0,90,-157,0,0,30,0,744,384,24,24,0,100,-152,0,0,20,0,752,136,32,32,0,100,-152,0,0,100,0,288,192,32,32,0,53,-165,0,0,100,0,896,312,56,56,0,58,-161,0,0,100,0,288,144,48,48,0,53,-165,0,0,100,0,784,424,56,56,0,32,-157,0,1,100,0,768,256,128,128,0,37,-163,0,0,100,0,880,48,16,16,0,42,-177,0,0,100,0,880,48,16,16,0,56,-172,0,0,100,0,912,48,16,16,0,104,-174,0,0,100,0,912,48,16,16,0,111,-167,0,0,100,0,928,48,16,16,0,125,-170,0,0,100,0,896,48,16,16,0,132,-191,0,0,100,0,848,80,19,40,0,72,-104,0,0,100,0,720,200,16,16,0,94,-104,0,0,100,0,624,168,24,24,0,100,-108,0,0,100,0,624,168,24,24,0,93,-111,0,0,100,0,624,168,24,24,0,48,-117,0,0,100,0,832,384,32,32,0,32,-157,0,0,100,0,720,0,128,128,0,32,-206,0,0,100,0,128,256,128,128,0,0,-255,0,0,100,0,0,0,192,256,0,
0,29,113,-230,0,0,100,0,720,136,32,32,0,107,-221,0,0,100,0,800,168,40,32,0,32,-238,0,0,100,0,320,72,128,72,0,30,-202,0,1,100,0,256,384,128,96,0,41,-204,0,0,10,0,585,386,110,134,0,96,-142,0,0,30,0,513,376,56,72,0,41,-205,0,1,60,0,384,384,72,72,0,116,-144,0,0,30,0,744,384,24,24,0,90,-157,0,0,30,0,744,384,24,24,0,100,-152,0,0,30,0,752,136,32,32,0,100,-152,0,0,100,0,288,192,32,32,0,53,-165,0,0,90,0,952,312,56,56,0,58,-161,0,0,100,0,336,144,48,48,0,53,-165,0,0,90,0,840,424,56,56,0,32,-157,0,1,100,0,768,256,128,128,0,37,-163,0,0,100,0,880,48,16,16,0,42,-177,0,0,100,0,880,48,16,16,0,56,-172,0,0,100,0,912,48,16,16,0,104,-174,0,0,100,0,912,48,16,16,0,111,-167,0,0,100,0,928,48,16,16,0,125,-170,0,0,100,0,896,48,16,16,0,72,-104,0,0,100,0,720,200,16,16,0,94,-104,0,0,100,0,624,168,24,24,0,100,-108,0,0,100,0,624,168,24,24,0,93,-111,0,0,100,0,624,168,24,24,0,48,-117,0,0,100,0,832,384,32,32,0,32,-157,0,0,100,0,720,0,128,128,0,32,-206,0,0,100,0,128,256,128,128,0,0,-255,0,0,100,0,0,0,192,256,0,
0,29,113,-229,0,0,100,0,720,136,32,32,0,107,-220,0,0,100,0,720,168,40,32,0,32,-238,0,0,100,0,448,72,128,72,0,30,-202,0,1,100,0,256,384,128,96,0,41,-204,0,0,10,0,585,386,110,134,0,96,-142,0,0,30,0,513,376,56,72,0,41,-205,0,1,60,0,384,384,72,72,0,116,-144,0,0,30,0,744,384,24,24,0,90,-157,0,0,30,0,744,384,24,24,0,100,-153,0,0,40,0,752,136,32,32,0,100,-153,0,0,100,0,320,192,32,32,0,53,-165,0,0,90,0,952,312,56,56,0,58,-161,0,0,100,0,336,144,48,48,0,53,-165,0,0,90,0,840,424,56,56,0,32,-157,0,1,100,0,768,256,128,128,0,37,-163,0,0,100,0,880,48,16,16,0,42,-177,0,0,100,0,880,48,16,16,0,56,-172,0,0,100,0,912,48,16,16,0,104,-174,0,0,100,0,912,48,16,16,0,111,-167,0,0,100,0,928,48,16,16,0,125,-170,0,0,100,0,896,48,16,16,0,72,-104,0,0,100,0,720,200,16,16,0,94,-104,0,0,100,0,624,144,24,24,0,100,-108,0,0,100,0,624,144,24,24,0,93,-111,0,0,100,0,624,144,24,24,0,48,-117,0,0,100,0,864,384,32,32,0,32,-157,0,0,100,0,720,0,128,128,0,32,-206,0,0,100,0,256,256,128,128,0,0,-255,0,0,100,0,0,0,192,256,0,
0,31,113,-229,0,0,100,0,720,136,32,32,0,107,-220,0,0,100,0,720,168,40,32,0,32,-238,0,0,100,0,448,72,128,72,0,30,-202,0,1,60,0,128,384,128,96,0,30,-202,0,1,60,0,256,384,128,96,0,41,-204,0,0,10,0,585,386,110,134,0,96,-142,0,0,30,0,513,376,56,72,0,41,-205,0,1,60,0,384,384,72,72,0,116,-144,0,0,30,0,744,384,24,24,0,90,-160,0,0,60,0,744,384,24,24,0,100,-153,0,0,80,0,752,136,32,32,0,100,-153,0,0,100,0,320,192,32,32,0,53,-165,0,0,90,0,896,200,56,56,0,58,-161,0,0,100,0,384,144,48,48,0,51,-163,0,0,90,0,840,424,56,56,0,32,-157,0,1,60,0,512,256,128,128,0,32,-157,0,1,60,0,768,256,128,128,0,37,-163,0,0,100,0,880,48,16,16,0,42,-177,0,0,100,0,880,48,16,16,0,56,-172,0,0,100,0,912,48,16,16,0,104,-174,0,0,100,0,912,48,16,16,0,111,-167,0,0,100,0,928,48,16,16,0,125,-170,0,0,100,0,896,48,16,16,0,72,-104,0,0,100,0,720,200,16,16,0,94,-104,0,0,100,0,624,144,24,24,0,100,-108,0,0,100,0,624,144,24,24,0,93,-111,0,0,100,0,624,144,24,24,0,48,-117,0,0,100,0,864,384,32,32,0,32,-157,0,0,100,0,720,0,128,128,0,32,-206,0,0,100,0,256,256,128,128,0,0,-255,0,0,100,0,0,0,192,256,0,
0,28,113,-229,0,0,100,0,720,136,32,32,0,107,-220,0,0,100,0,720,168,40,32,0,32,-238,0,0,100,0,448,72,128,72,0,30,-202,0,1,100,0,128,384,128,96,0,30,-202,0,1,20,0,256,384,128,96,0,41,-204,0,0,10,0,585,386,110,134,0,96,-142,0,0,30,0,513,376,56,72,0,41,-205,0,1,60,0,384,384,72,72,0,90,-160,0,0,60,0,744,384,24,24,0,100,-153,0,0,100,0,752,136,32,32,0,100,-153,0,0,100,0,320,192,32,32,0,53,-165,0,0,80,0,896,200,56,56,0,58,-161,0,0,100,0,384,144,48,48,0,51,-163,0,0,80,0,840,424,56,56,0,32,-157,0,1,90,0,512,256,128,128,0,32,-157,0,1,30,0,768,256,128,128,0,45,-172,0,0,100,0,912,48,16,16,0,93,-174,0,0,100,0,912,48,16,16,0,100,-167,0,0,100,0,928,48,16,16,0,114,-170,0,0,100,0,896,48,16,16,0,72,-104,0,0,100,0,720,200,16,16,0,94,-104,0,0,100,0,624,144,24,24,0,100,-108,0,0,100,0,624,144,24,24,0,93,-111,0,0,100,0,624,144,24,24,0,48,-117,0,0,100,0,864,384,32,32,0,32,-157,0,0,100,0,720,0,128,128,0,32,-206,0,0,100,0,256,256,128,128,0,0,-255,0,0,100,0,0,0,192,256,0,
0,26,113,-229,0,0,100,0,720,136,32,32,0,107,-220,0,0,100,0,760,168,40,32,0,32,-238,0,0,100,0,576,72,128,72,0,30,-202,0,1,100,0,128,384,128,96,0,41,-204,0,0,10,0,585,386,110,134,0,96,-142,0,0,30,0,513,376,56,72,0,41,-205,0,1,60,0,384,384,72,72,0,90,-160,0,0,60,0,744,384,24,24,0,100,-153,0,0,100,0,752,136,32,32,0,100,-153,0,0,100,0,288,192,32,32,0,53,-165,0,0,80,0,896,312,56,56,0,58,-162,0,0,100,0,432,144,48,48,0,58,-165,1,0,80,0,784,424,56,56,0,32,-157,0,1,100,0,512,256,128,128,0,45,-172,0,0,100,0,912,48,16,16,0,93,-174,0,0,100,0,912,48,16,16,0,100,-167,0,0,100,0,928,48,16,16,0,114,-170,0,0,100,0,896,48,16,16,0,72,-104,0,0,100,0,720,200,16,16,0,94,-104,0,0,100,0,624,144,24,24,0,100,-108,0,0,100,0,624,144,24,24,0,93,-111,0,0,100,0,624,144,24,24,0,48,-117,0,0,100,0,864,384,32,32,0,32,-157,0,0,100,0,720,0,128,128,0,32,-206,0,0,100,0,384,256,128,128,0,0,-255,0,0,100,0,0,0,192,256,0,
0,26,113,-229,0,0,100,0,720,136,32,32,0,107,-220,0,0,100,0,760,168,40,32,0,32,-238,0,0,100,0,576,72,128,72,0,30,-202,0,1,100,0,128,384,128,96,0,41,-204,0,0,10,0,585,386,110,134,0,96,-142,0,0,30,0,513,376,56,72,0,41,-205,0,1,60,0,384,384,72,72,0,90,-160,0,0,60,0,744,384,24,24,0,100,-153,0,0,100,0,752,136,32,32,0,100,-153,0,0,100,0,288,192,32,32,0,53,-165,0,0,80,0,896,312,56,56,0,58,-162,0,0,100,0,432,144,48,48,0,58,-165,1,0,80,0,784,424,56,56,0,32,-157,0,1,100,0,512,256,128,128,0,45,-172,0,0,100,0,912,48,16,16,0,93,-174,0,0,100,0,912,48,16,16,0,100,-167,0,0,100,0,928,48,16,16,0,114,-170,0,0,100,0,896,48,16,16,0,72,-104,0,0,100,0,720,200,16,16,0,94,-104,0,0,100,0,624,144,24,24,0,100,-108,0,0,100,0,624,144,24,24,0,93,-111,0,0,100,0,624,144,24,24,0,48,-117,0,0,100,0,864,384,32,32,0,32,-157,0,0,100,0,720,0,128,128,0,32,-206,0,0,100,0,384,256,128,128,0,0,-255,0,0,100,0,0,0,192,256,0,
0,26,113,-229,0,0,100,0,720,136,32,32,0,107,-220,0,0,100,0,760,168,40,32,0,32,-238,0,0,100,0,576,72,128,72,0,30,-202,0,1,100,0,128,384,128,96,0,41,-204,0,0,10,0,585,386,110,134,0,96,-142,0,0,30,0,513,376,56,72,0,41,-205,0,1,60,0,384,384,72,72,0,90,-163,0,0,100,0,744,384,24,24,0,100,-153,0,0,100,0,752,136,32,32,0,100,-153,0,0,100,0,288,192,32,32,0,53,-165,0,0,70,0,952,312,56,56,0,58,-162,0,0,100,0,480,144,48,48,0,53,-165,0,0,70,0,840,424,56,56,0,32,-157,0,1,100,0,512,256,128,128,0,45,-172,0,0,100,0,912,48,16,16,0,93,-174,0,0,100,0,912,48,16,16,0,100,-167,0,0,100,0,928,48,16,16,0,114,-170,0,0,100,0,896,48,16,16,0,72,-104,0,0,100,0,720,200,16,16,0,94,-104,0,0,100,0,624,168,24,24,0,100,-108,0,0,100,0,624,144,24,24,0,93,-111,0,0,100,0,624,144,24,24,0,48,-117,0,0,100,0,864,384,32,32,0,32,-157,0,0,100,0,720,0,128,128,0,32,-206,0,0,100,0,384,256,128,128,0,0,-255,0,0,100,0,0,0,192,256,0,
0,28,112,-229,0,0,100,0,720,136,32,32,0,106,-220,0,0,100,0,800,168,40,32,0,32,-238,0,0,100,0,192,0,128,72,0,30,-202,0,1,100,0,128,384,128,96,0,41,-204,0,0,10,0,585,386,110,134,0,96,-142,0,0,30,0,513,376,56,72,0,41,-205,0,1,60,0,384,384,72,72,0,90,-163,0,0,100,0,744,384,24,24,0,100,-153,0,0,100,0,752,136,32,32,0,100,-153,0,0,100,0,192,192,32,32,0,53,-165,0,0,70,0,952,312,56,56,0,58,-162,0,0,100,0,480,144,48,48,0,53,-165,0,0,70,0,840,424,56,56,0,32,-157,0,1,100,0,512,256,128,128,0,41,-172,0,0,100,0,917,48,11,16,0,84,-174,0,0,100,0,912,48,16,16,0,91,-167,0,0,100,0,928,48,16,16,0,105,-170,0,0,100,0,896,48,16,16,0,142,-163,0,0,100,0,880,48,9,16,0,136,-169,0,0,100,0,864,48,16,16,0,72,-104,0,0,100,0,720,200,16,16,0,94,-104,0,0,100,0,624,168,24,24,0,100,-108,0,0,100,0,624,144,24,24,0,93,-111,0,0,100,0,624,144,24,24,0,48,-117,0,0,100,0,768,384,32,32,0,32,-157,0,0,100,0,720,0,128,128,0,32,-206,0,0,100,0,0,256,128,128,0,0,-255,0,0,100,0,0,0,192,256,0,
0,31,112,-229,0,0,100,0,720,136,32,32,0,106,-220,0,0,100,0,800,168,40,32,0,32,-238,0,0,100,0,192,0,128,72,0,30,-202,0,1,60,0,256,384,128,96,0,30,-202,0,1,60,0,128,384,128,96,0,41,-204,0,0,10,0,585,386,110,134,0,96,-142,0,0,30,0,513,376,56,72,0,41,-205,0,1,60,0,384,384,72,72,0,90,-163,0,0,100,0,744,384,24,24,0,100,-153,0,0,80,0,752,136,32,32,0,100,-153,0,0,20,0,784,136,32,32,0,100,-153,0,0,100,0,192,192,32,32,0,53,-165,0,0,60,0,896,200,56,56,0,58,-162,0,0,100,0,528,144,48,48,0,50,-162,0,0,60,0,784,424,56,56,0,32,-157,0,1,60,0,640,256,128,128,0,32,-157,0,1,60,0,512,256,128,128,0,41,-172,0,0,100,0,917,48,11,16,0,84,-174,0,0,100,0,912,48,16,16,0,91,-167,0,0,100,0,928,48,16,16,0,105,-170,0,0,100,0,896,48,16,16,0,142,-163,0,0,100,0,880,48,9,16,0,136,-169,0,0,100,0,864,48,16,16,0,72,-104,0,0,100,0,720,200,16,16,0,94,-104,0,0,100,0,624,168,24,24,0,100,-108,0,0,100,0,624,144,24,24,0,93,-111,0,0,100,0,624,144,24,24,0,48,-117,0,0,100,0,768,384,32,32,0,32,-157,0,0,100,0,720,0,128,128,0,32,-206,0,0,100,0,0,256,128,128,0,0,-255,0,0,100,0,0,0,192,256,0,
0,31,112,-229,0,0,100,0,720,136,32,32,0,106,-220,0,0,100,0,800,168,40,32,0,32,-238,0,0,100,0,192,0,128,72,0,30,-202,0,1,100,0,256,384,128,96,0,30,-202,0,1,20,0,128,384,128,96,0,41,-204,0,0,10,0,585,386,110,134,0,96,-142,0,0,30,0,513,376,56,72,0,41,-205,0,1,60,0,384,384,72,72,0,90,-163,0,0,100,0,744,384,24,24,0,100,-153,0,0,60,0,752,136,32,32,0,100,-153,0,0,40,0,784,136,32,32,0,100,-153,0,0,100,0,192,192,32,32,0,53,-165,0,0,60,0,896,200,56,56,0,58,-162,0,0,100,0,528,144,48,48,0,50,-162,0,0,60,0,784,424,56,56,0,32,-157,0,1,90,0,640,256,128,128,0,32,-157,0,1,30,0,512,256,128,128,0,41,-172,0,0,100,0,917,48,11,16,0,84,-174,0,0,100,0,912,48,16,16,0,91,-167,0,0,100,0,928,48,16,16,0,105,-170,0,0,100,0,896,48,16,16,0,142,-163,0,0,100,0,880,48,9,16,0,136,-169,0,0,100,0,864,48,16,16,0,72,-104,0,0,100,0,720,200,16,16,0,94,-104,0,0,100,0,624,168,24,24,0,100,-108,0,0,100,0,624,144,24,24,0,93,-111,0,0,100,0,624,144,24,24,0,48,-117,0,0,100,0,768,384,32,32,0,32,-157,0,0,100,0,720,0,128,128,0,32,-206,0,0,100,0,0,256,128,128,0,0,-255,0,0,100,0,0,0,192,256,0,
0,29,112,-229,0,0,100,0,720,136,32,32,0,106,-220,0,0,100,0,720,168,40,32,0,32,-238,0,0,100,0,192,0,128,72,0,30,-202,0,1,100,0,256,384,128,96,0,41,-204,0,0,10,0,585,386,110,134,0,96,-142,0,0,30,0,513,376,56,72,0,41,-205,0,1,60,0,384,384,72,72,0,90,-166,0,0,60,0,744,384,24,24,0,100,-153,0,0,40,0,752,136,32,32,0,100,-153,0,0,60,0,784,136,32,32,0,100,-153,0,0,100,0,192,192,32,32,0,53,-165,0,0,60,0,896,200,56,56,0,58,-162,0,0,100,0,528,144,48,48,0,50,-162,0,0,60,0,784,424,56,56,0,32,-157,0,1,100,0,640,256,128,128,0,41,-172,0,0,100,0,917,48,11,16,0,84,-174,0,0,100,0,912,48,16,16,0,91,-167,0,0,100,0,928,48,16,16,0,105,-170,0,0,100,0,896,48,16,16,0,142,-163,0,0,100,0,880,48,9,16,0,136,-169,0,0,100,0,864,48,16,16,0,72,-104,0,0,100,0,720,200,16,16,0,94,-104,0,0,100,0,624,168,24,24,0,100,-108,0,0,100,0,624,144,24,24,0,93,-111,0,0,100,0,624,144,24,24,0,48,-117,0,0,100,0,768,384,32,32,0,32,-157,0,0,100,0,720,0,128,128,0,32,-206,0,0,100,0,0,256,128,128,0,0,-255,0,0,100,0,0,0,192,256,0,
0,29,112,-229,0,0,100,0,720,136,32,32,0,106,-220,0,0,100,0,720,168,40,32,0,32,-238,0,0,100,0,320,0,128,72,0,30,-202,0,1,100,0,256,384,128,96,0,41,-204,0,0,10,0,585,386,110,134,0,96,-142,0,0,30,0,513,376,56,72,0,41,-205,0,1,60,0,384,384,72,72,0,90,-166,0,0,60,0,744,384,24,24,0,100,-152,0,0,20,0,752,136,32,32,0,100,-152,0,0,80,0,784,136,32,32,0,100,-152,0,0,100,0,224,192,32,32,0,53,-165,0,0,50,0,896,312,56,56,0,58,-162,0,0,100,0,576,144,48,48,0,58,-165,1,0,50,0,784,424,56,56,0,32,-157,0,1,100,0,640,256,128,128,0,75,-174,0,0,100,0,912,48,16,16,0,82,-167,0,0,100,0,928,48,16,16,0,96,-170,0,0,100,0,896,48,16,16,0,135,-163,0,0,100,0,880,48,16,16,0,140,-177,0,0,100,0,880,48,11,16,0,128,-169,0,0,100,0,864,48,16,16,0,72,-104,0,0,100,0,720,200,16,16,0,94,-104,0,0,100,0,624,168,24,24,0,100,-108,0,0,100,0,624,144,24,24,0,93,-111,0,0,100,0,624,144,24,24,0,48,-117,0,0,100,0,768,384,32,32,0,32,-157,0,0,100,0,720,0,128,128,0,32,-206,0,0,100,0,128,256,128,128,0,0,-255,0,0,100,0,0,0,192,256,0,
0,28,112,-229,0,0,100,0,720,136,32,32,0,106,-220,0,0,100,0,720,168,40,32,0,32,-238,0,0,100,0,320,0,128,72,0,30,-202,0,1,100,0,256,384,128,96,0,41,-204,0,0,10,0,585,386,110,134,0,96,-142,0,0,30,0,513,376,56,72,0,41,-205,0,1,60,0,384,384,72,72,0,90,-166,0,0,60,0,744,384,24,24,0,100,-152,0,0,100,0,784,136,32,32,0,100,-152,0,0,100,0,224,192,32,32,0,53,-165,0,0,50,0,896,312,56,56,0,58,-162,0,0,100,0,576,144,48,48,0,58,-165,1,0,50,0,784,424,56,56,0,32,-157,0,1,100,0,640,256,128,128,0,75,-174,0,0,100,0,912,48,16,16,0,82,-167,0,0,100,0,928,48,16,16,0,96,-170,0,0,100,0,896,48,16,16,0,135,-163,0,0,100,0,880,48,16,16,0,140,-177,0,0,100,0,880,48,11,16,0,128,-169,0,0,100,0,864,48,16,16,0,72,-104,0,0,100,0,720,200,16,16,0,94,-104,0,0,100,0,624,168,24,24,0,100,-108,0,0,100,0,624,144,24,24,0,93,-111,0,0,100,0,624,144,24,24,0,48,-117,0,0,100,0,768,384,32,32,0,32,-157,0,0,100,0,720,0,128,128,0,32,-206,0,0,100,0,128,256,128,128,0,0,-255,0,0,100,0,0,0,192,256,0,
0,28,112,-229,0,0,100,0,720,136,32,32,0,106,-220,0,0,100,0,720,168,40,32,0,32,-238,0,0,100,0,320,0,128,72,0,30,-202,0,1,100,0,256,384,128,96,0,41,-204,0,0,10,0,585,386,110,134,0,96,-142,0,0,30,0,513,376,56,72,0,41,-205,0,1,60,0,384,384,72,72,0,90,-166,0,0,60,0,744,384,24,24,0,100,-152,0,0,100,0,784,136,32,32,0,100,-152,0,0,100,0,224,192,32,32,0,53,-165,0,0,50,0,896,312,56,56,0,58,-162,0,0,100,0,576,144,48,48,0,58,-165,1,0,50,0,784,424,56,56,0,32,-157,0,1,100,0,640,256,128,128,0,75,-174,0,0,100,0,912,48,16,16,0,82,-167,0,0,100,0,928,48,16,16,0,96,-170,0,0,100,0,896,48,16,16,0,135,-163,0,0,100,0,880,48,16,16,0,140,-177,0,0,100,0,880,48,11,16,0,128,-169,0,0,100,0,864,48,16,16,0,72,-104,0,0,100,0,720,200,16,16,0,94,-104,0,0,100,0,624,168,24,24,0,100,-108,0,0,100,0,624,168,24,24,0,93,-111,0,0,100,0,624,168,24,24,0,48,-117,0,0,100,0,800,384,32,32,0,32,-157,0,0,100,0,720,0,128,128,0,32,-206,0,0,100,0,128,256,128,128,0,0,-255,0,0,100,0,0,0,192,256,0,
0,28,113,-230,0,0,100,0,720,136,32,32,0,107,-221,0,0,100,0,760,168,40,32,0,32,-238,0,0,100,0,448,0,128,72,0,30,-202,0,1,100,0,256,384,128,96,0,41,-204,0,0,10,0,585,386,110,134,0,96,-142,0,0,30,0,513,376,56,72,0,41,-205,0,1,60,0,384,384,72,72,0,90,-169,0,0,30,0,744,384,24,24,0,100,-151,0,0,100,0,784,136,32,32,0,100,-151,0,0,100,0,256,192,32,32,0,53,-165,0,0,40,0,952,312,56,56,0,58,-162,0,0,100,0,240,144,48,48,0,53,-165,0,0,40,0,840,424,56,56,0,32,-157,0,1,100,0,640,256,128,128,0,75,-174,0,0,100,0,912,48,16,16,0,82,-167,0,0,100,0,928,48,16,16,0,96,-170,0,0,100,0,896,48,16,16,0,135,-163,0,0,100,0,880,48,16,16,0,140,-177,0,0,100,0,880,48,11,16,0,128,-169,0,0,100,0,864,48,16,16,0,72,-104,0,0,100,0,720,200,16,16,0,94,-104,0,0,100,0,624,168,24,24,0,100,-108,0,0,100,0,624,168,24,24,0,93,-111,0,0,100,0,624,168,24,24,0,48,-117,0,0,100,0,800,384,32,32,0,32,-157,0,0,100,0,720,0,128,128,0,32,-206,0,0,100,0,256,256,128,128,0,0,-255,0,0,100,0,0,0,192,256,0,
0,28,113,-230,0,0,100,0,720,136,32,32,0,107,-221,0,0,100,0,760,168,40,32,0,32,-238,0,0,100,0,448,0,128,72,0,30,-202,0,1,100,0,256,384,128,96,0,41,-204,0,0,10,0,585,386,110,134,0,96,-142,0,0,30,0,513,376,56,72,0,41,-205,0,1,60,0,384,384,72,72,0,90,-169,0,0,30,0,744,384,24,24,0,100,-151,0,0,100,0,784,136,32,32,0,100,-151,0,0,100,0,256,192,32,32,0,53,-165,0,0,40,0,952,312,56,56,0,58,-162,0,0,100,0,240,144,48,48,0,53,-165,0,0,40,0,840,424,56,56,0,32,-157,0,1,100,0,640,256,128,128,0,66,-174,0,0,100,0,912,48,16,16,0,73,-167,0,0,100,0,928,48,16,16,0,87,-170,0,0,100,0,896,48,16,16,0,126,-163,0,0,100,0,880,48,16,16,0,131,-177,0,0,100,0,880,48,16,16,0,119,-169,0,0,100,0,864,48,16,16,0,72,-104,0,0,100,0,720,200,16,16,0,94,-104,0,0,100,0,624,168,24,24,0,100,-108,0,0,100,0,624,168,24,24,0,93,-111,0,0,100,0,624,168,24,24,0,48,-117,0,0,100,0,800,384,32,32,0,32,-157,0,0,100,0,720,0,128,128,0,32,-206,0,0,100,0,256,256,128,128,0,0,-255,0,0,100,0,0,0,192,256,0,
0,28,113,-230,0,0,100,0,720,136,32,32,0,107,-221,0,0,100,0,760,168,40,32,0,32,-238,0,0,100,0,448,0,128,72,0,30,-202,0,1,100,0,256,384,128,96,0,41,-204,0,0,10,0,585,386,110,134,0,96,-142,0,0,30,0,513,376,56,72,0,41,-205,0,1,60,0,384,384,72,72,0,90,-169,0,0,30,0,744,384,24,24,0,100,-151,0,0,100,0,784,136,32,32,0,100,-151,0,0,100,0,256,192,32,32,0,53,-165,0,0,40,0,952,312,56,56,0,58,-162,0,0,100,0,240,144,48,48,0,53,-165,0,0,40,0,840,424,56,56,0,32,-157,0,1,100,0,640,256,128,128,0,66,-174,0,0,100,0,912,48,16,16,0,73,-167,0,0,100,0,928,48,16,16,0,87,-170,0,0,100,0,896,48,16,16,0,126,-163,0,0,100,0,880,48,16,16,0,131,-177,0,0,100,0,880,48,16,16,0,119,-169,0,0,100,0,864,48,16,16,0,72,-104,0,0,100,0,720,200,16,16,0,94,-104,0,0,100,0,624,168,24,24,0,100,-108,0,0,100,0,624,168,24,24,0,93,-111,0,0,100,0,624,168,24,24,0,48,-117,0,0,100,0,800,384,32,32,0,32,-157,0,0,100,0,720,0,128,128,0,32,-206,0,0,100,0,256,256,128,128,0,0,-255,0,0,100,0,0,0,192,256,0,
0,28,113,-230,0,0,100,0,720,136,32,32,0,107,-221,0,0,100,0,800,168,40,32,0,32,-238,0,0,100,0,576,0,128,72,0,30,-202,0,1,100,0,256,384,128,96,0,41,-204,0,0,10,0,585,386,110,134,0,96,-142,0,0,30,0,513,376,56,72,0,41,-205,0,1,60,0,384,384,72,72,0,90,-169,0,0,30,0,744,384,24,24,0,100,-151,0,0,100,0,784,136,32,32,0,100,-151,0,0,100,0,224,192,32,32,0,53,-165,0,0,30,0,896,312,56,56,0,58,-162,0,0,100,0,288,144,48,48,0,58,-165,1,0,30,0,784,424,56,56,0,32,-157,0,1,100,0,640,256,128,128,0,66,-174,0,0,100,0,912,48,16,16,0,73,-167,0,0,100,0,928,48,16,16,0,87,-170,0,0,100,0,896,48,16,16,0,126,-163,0,0,100,0,880,48,16,16,0,131,-177,0,0,100,0,880,48,16,16,0,119,-169,0,0,100,0,864,48,16,16,0,72,-104,0,0,100,0,720,200,16,16,0,94,-104,0,0,100,0,624,168,24,24,0,100,-108,0,0,100,0,624,168,24,24,0,93,-111,0,0,100,0,624,168,24,24,0,48,-117,0,0,100,0,800,384,32,32,0,32,-157,0,0,100,0,720,0,128,128,0,32,-206,0,0,100,0,384,256,128,128,0,0,-255,0,0,100,0,0,0,192,256,0,
0,27,113,-230,0,0,100,0,720,136,32,32,0,107,-221,0,0,100,0,800,168,40,32,0,32,-238,0,0,100,0,576,0,128,72,0,30,-202,0,1,100,0,256,384,128,96,0,41,-204,0,0,10,0,585,386,110,134,0,96,-142,0,0,30,0,513,376,56,72,0,41,-205,0,1,60,0,384,384,72,72,0,100,-151,0,0,100,0,784,136,32,32,0,100,-151,0,0,100,0,224,192,32,32,0,53,-165,0,0,30,0,896,312,56,56,0,58,-162,0,0,100,0,288,144,48,48,0,58,-165,1,0,30,0,784,424,56,56,0,32,-157,0,1,100,0,640,256,128,128,0,66,-174,0,0,100,0,912,48,16,16,0,73,-167,0,0,100,0,928,48,16,16,0,87,-170,0,0,100,0,896,48,16,16,0,126,-163,0,0,100,0,880,48,16,16,0,131,-177,0,0,100,0,880,48,16,16,0,119,-169,0,0,100,0,864,48,16,16,0,72,-104,0,0,100,0,720,200,16,16,0,94,-104,0,0,100,0,624,168,24,24,0,100,-108,0,0,100,0,624,168,24,24,0,93,-111,0,0,100,0,624,168,24,24,0,48,-117,0,0,100,0,800,384,32,32,0,32,-157,0,0,100,0,720,0,128,128,0,32,-206,0,0,100,0,384,256,128,128,0,0,-255,0,0,100,0,0,0,192,256,0,
0,28,113,-230,0,0,100,0,720,136,32,32,0,107,-221,0,0,100,0,800,168,40,32,0,32,-238,0,0,100,0,576,0,128,72,0,30,-202,0,1,100,0,256,384,128,96,0,41,-204,0,0,10,0,585,386,110,134,0,96,-142,0,0,30,0,513,376,56,72,0,41,-205,0,1,60,0,384,384,72,72,0,100,-151,0,0,100,0,784,136,32,32,0,100,-151,0,0,100,0,224,192,32,32,0,53,-165,0,0,30,0,896,312,56,56,0,58,-162,0,0,100,0,288,144,48,48,0,58,-165,1,0,30,0,784,424,56,56,0,32,-157,0,1,100,0,640,256,128,128,0,142,-170,0,0,100,0,912,48,9,16,0,57,-174,0,0,100,0,912,48,16,16,0,64,-167,0,0,100,0,928,48,16,16,0,78,-170,0,0,100,0,896,48,16,16,0,117,-163,0,0,100,0,880,48,16,16,0,122,-177,0,0,100,0,880,48,16,16,0,110,-169,0,0,100,0,864,48,16,16,0,72,-104,0,0,100,0,720,200,16,16,0,94,-104,0,0,100,0,624,144,24,24,0,100,-108,0,0,100,0,624,144,24,24,0,93,-111,0,0,100,0,624,144,24,24,0,48,-117,0,0,100,0,832,384,32,32,0,32,-157,0,0,100,0,720,0,128,128,0,32,-206,0,0,100,0,384,256,128,128,0,0,-255,0,0,100,0,0,0,192,256,0,
0,28,114,-231,0,0,100,0,720,136,32,32,0,108,-222,0,0,100,0,720,168,40,32,0,32,-238,0,0,100,0,192,72,128,72,0,30,-202,0,1,100,0,256,384,128,96,0,41,-204,0,0,10,0,585,386,110,134,0,96,-142,0,0,30,0,513,376,56,72,0,41,-205,0,1,60,0,384,384,72,72,0,100,-151,0,0,100,0,784,136,32,32,0,100,-151,0,0,100,0,192,192,32,32,0,53,-165,0,0,20,0,952,312,56,56,0,58,-162,0,0,100,0,336,144,48,48,0,53,-165,0,0,20,0,840,424,56,56,0,32,-157,0,1,100,0,640,256,128,128,0,142,-170,0,0,100,0,912,48,9,16,0,57,-174,0,0,100,0,912,48,16,16,0,64,-167,0,0,100,0,928,48,16,16,0,78,-170,0,0,100,0,896,48,16,16,0,117,-163,0,0,100,0,880,48,16,16,0,122,-177,0,0,100,0,880,48,16,16,0,110,-169,0,0,100,0,864,48,16,16,0,72,-104,0,0,100,0,720,200,16,16,0,94,-104,0,0,100,0,624,144,24,24,0,100,-108,0,0,100,0,624,144,24,24,0,93,-111,0,0,100,0,624,144,24,24,0,48,-117,0,0,100,0,832,384,32,32,0,32,-157,0,0,100,0,720,0,128,128,0,32,-206,0,0,100,0,0,256,128,128,0,0,-255,0,0,100,0,0,0,192,256,0,
0,28,114,-231,0,0,100,0,720,136,32,32,0,108,-222,0,0,100,0,720,168,40,32,0,32,-238,0,0,100,0,192,72,128,72,0,30,-202,0,1,100,0,256,384,128,96,0,41,-204,0,0,10,0,585,386,110,134,0,96,-142,0,0,30,0,513,376,56,72,0,41,-205,0,1,60,0,384,384,72,72,0,100,-151,0,0,100,0,784,136,32,32,0,100,-151,0,0,100,0,192,192,32,32,0,53,-165,0,0,20,0,952,312,56,56,0,58,-162,0,0,100,0,336,144,48,48,0,53,-165,0,0,20,0,840,424,56,56,0,32,-157,0,1,100,0,640,256,128,128,0,142,-170,0,0,100,0,912,48,9,16,0,57,-174,0,0,100,0,912,48,16,16,0,64,-167,0,0,100,0,928,48,16,16,0,78,-170,0,0,100,0,896,48,16,16,0,117,-163,0,0,100,0,880,48,16,16,0,122,-177,0,0,100,0,880,48,16,16,0,110,-169,0,0,100,0,864,48,16,16,0,72,-104,0,0,100,0,720,200,16,16,0,94,-104,0,0,100,0,624,144,24,24,0,100,-108,0,0,100,0,624,144,24,24,0,93,-111,0,0,100,0,624,144,24,24,0,48,-117,0,0,100,0,832,384,32,32,0,32,-157,0,0,100,0,720,0,128,128,0,32,-206,0,0,100,0,0,256,128,128,0,0,-255,0,0,100,0,0,0,192,256,0,
0,28,114,-231,0,0,100,0,720,136,32,32,0,108,-222,0,0,100,0,720,168,40,32,0,32,-238,0,0,100,0,192,72,128,72,0,30,-202,0,1,100,0,256,384,128,96,0,41,-204,0,0,10,0,585,386,110,134,0,96,-142,0,0,30,0,513,376,56,72,0,41,-205,0,1,60,0,384,384,72,72,0,100,-151,0,0,100,0,784,136,32,32,0,100,-151,0,0,100,0,192,192,32,32,0,53,-165,0,0,10,0,952,312,56,56,0,58,-162,0,0,100,0,336,144,48,48,0,53,-165,0,0,10,0,840,424,56,56,0,32,-157,0,1,100,0,640,256,128,128,0,142,-170,0,0,100,0,912,48,9,16,0,57,-174,0,0,100,0,912,48,16,16,0,64,-167,0,0,100,0,928,48,16,16,0,78,-170,0,0,100,0,896,48,16,16,0,117,-163,0,0,100,0,880,48,16,16,0,122,-177,0,0,100,0,880,48,16,16,0,110,-169,0,0,100,0,864,48,16,16,0,72,-104,0,0,100,0,720,200,16,16,0,94,-104,0,0,100,0,648,168,24,24,0,100,-108,0,0,100,0,648,168,24,24,0,93,-111,0,0,100,0,648,168,24,24,0,48,-117,0,0,100,0,832,384,32,32,0,32,-157,0,0,100,0,720,0,128,128,0,32,-206,0,0,100,0,0,256,128,128,0,0,-255,0,0,100,0,0,0,192,256,0,
0,26,114,-231,0,0,100,0,720,136,32,32,0,108,-222,0,0,100,0,760,168,40,32,0,32,-238,0,0,100,0,320,72,128,72,0,30,-202,0,1,100,0,256,384,128,96,0,41,-204,0,0,10,0,585,386,110,134,0,96,-142,0,0,30,0,513,376,56,72,0,41,-205,0,1,60,0,384,384,72,72,0,100,-152,0,0,100,0,784,136,32,32,0,100,-152,0,0,100,0,288,192,32,32,0,58,-162,0,0,100,0,384,144,48,48,0,32,-157,0,1,100,0,640,256,128,128,0,131,-170,0,0,100,0,912,48,16,16,0,49,-174,0,0,100,0,912,48,16,16,0,56,-167,0,0,100,0,928,48,16,16,0,70,-170,0,0,100,0,896,48,16,16,0,109,-163,0,0,100,0,880,48,16,16,0,114,-177,0,0,100,0,880,48,16,16,0,102,-169,0,0,100,0,864,48,16,16,0,72,-104,0,0,100,0,720,200,16,16,0,94,-104,0,0,100,0,648,168,24,24,0,100,-108,0,0,100,0,648,168,24,24,0,93,-111,0,0,100,0,648,168,24,24,0,48,-117,0,0,100,0,832,384,32,32,0,32,-157,0,0,100,0,720,0,128,128,0,32,-206,0,0,100,0,128,256,128,128,0,0,-255,0,0,100,0,0,0,192,256,0,
0,27,114,-231,0,0,100,0,720,136,32,32,0,108,-222,0,0,100,0,760,168,40,32,0,32,-238,0,0,100,0,320,72,128,72,0,30,-202,0,1,100,0,256,384,128,96,0,41,-204,0,0,10,0,585,386,110,134,0,96,-142,0,0,30,0,513,376,56,72,0,41,-205,0,1,60,0,384,384,72,72,0,100,-152,0,0,30,0,816,136,32,32,0,100,-152,0,0,70,0,784,136,32,32,0,100,-152,0,0,100,0,288,192,32,32,0,58,-162,0,0,100,0,384,144,48,48,0,32,-157,0,1,100,0,640,256,128,128,0,131,-170,0,0,100,0,912,48,16,16,0,49,-174,0,0,100,0,912,48,16,16,0,56,-167,0,0,100,0,928,48,16,16,0,70,-170,0,0,100,0,896,48,16,16,0,109,-163,0,0,100,0,880,48,16,16,0,114,-177,0,0,100,0,880,48,16,16,0,102,-169,0,0,100,0,864,48,16,16,0,72,-104,0,0,100,0,720,200,16,16,0,94,-104,0,0,100,0,648,168,24,24,0,100,-108,0,0,100,0,648,168,24,24,0,93,-111,0,0,100,0,648,168,24,24,0,48,-117,0,0,100,0,832,384,32,32,0,32,-157,0,0,100,0,720,0,128,128,0,32,-206,0,0,100,0,128,256,128,128,0,0,-255,0,0,100,0,0,0,192,256,0,
0,27,114,-231,0,0,100,0,720,136,32,32,0,108,-222,0,0,100,0,760,168,40,32,0,32,-238,0,0,100,0,320,72,128,72,0,30,-202,0,1,100,0,256,384,128,96,0,41,-204,0,0,10,0,585,386,110,134,0,96,-142,0,0,30,0,513,376,56,72,0,41,-205,0,1,60,0,384,384,72,72,0,100,-152,0,0,50,0,816,136,32,32,0,100,-152,0,0,50,0,784,136,32,32,0,100,-152,0,0,100,0,288,192,32,32,0,58,-162,0,0,100,0,384,144,48,48,0,32,-157,0,1,100,0,640,256,128,128,0,131,-170,0,0,100,0,912,48,16,16,0,49,-174,0,0,100,0,912,48,16,16,0,56,-167,0,0,100,0,928,48,16,16,0,70,-170,0,0,100,0,896,48,16,16,0,109,-163,0,0,100,0,880,48,16,16,0,114,-177,0,0,100,0,880,48,16,16,0,102,-169,0,0,100,0,864,48,16,16,0,72,-104,0,0,100,0,720,200,16,16,0,94,-104,0,0,100,0,648,168,24,24,0,100,-108,0,0,100,0,648,168,24,24,0,93,-111,0,0,100,0,648,168,24,24,0,48,-117,0,0,100,0,864,384,32,32,0,32,-157,0,0,100,0,720,0,128,128,0,32,-206,0,0,100,0,128,256,128,128,0,0,-255,0,0,100,0,0,0,192,256,0,
0,27,114,-230,0,0,100,0,720,136,32,32,0,108,-221,0,0,100,0,800,168,40,32,0,32,-238,0,0,100,0,448,72,128,72,0,30,-202,0,1,100,0,256,384,128,96,0,41,-204,0,0,10,0,585,386,110,134,0,96,-142,0,0,30,0,513,376,56,72,0,41,-205,0,1,60,0,384,384,72,72,0,100,-153,0,0,70,0,816,136,32,32,0,100,-153,0,0,30,0,784,136,32,32,0,100,-153,0,0,100,0,320,192,32,32,0,58,-161,0,0,100,0,432,144,48,48,0,32,-157,0,1,100,0,640,256,128,128,0,131,-170,0,0,100,0,912,48,16,16,0,49,-174,0,0,100,0,912,48,16,16,0,56,-167,0,0,100,0,928,48,16,16,0,70,-170,0,0,100,0,896,48,16,16,0,109,-163,0,0,100,0,880,48,16,16,0,114,-177,0,0,100,0,880,48,16,16,0,102,-169,0,0,100,0,864,48,16,16,0,72,-104,0,0,100,0,720,200,16,16,0,94,-104,0,0,100,0,624,144,24,24,0,100,-108,0,0,100,0,624,144,24,24,0,93,-111,0,0,100,0,624,144,24,24,0,48,-117,0,0,100,0,864,384,32,32,0,32,-157,0,0,100,0,720,0,128,128,0,32,-206,0,0,100,0,256,256,128,128,0,0,-255,0,0,100,0,0,0,192,256,0,
0,29,114,-230,0,0,100,0,720,136,32,32,0,108,-221,0,0,100,0,800,168,40,32,0,32,-238,0,0,100,0,448,72,128,72,0,30,-202,0,1,60,0,0,384,128,96,0,30,-202,0,1,60,0,256,384,128,96,0,41,-204,0,0,10,0,585,386,110,134,0,96,-142,0,0,30,0,513,376,56,72,0,41,-205,0,1,60,0,384,384,72,72,0,100,-153,0,0,90,0,816,136,32,32,0,100,-153,0,0,10,0,784,136,32,32,0,100,-153,0,0,100,0,320,192,32,32,0,58,-161,0,0,100,0,432,144,48,48,0,32,-157,0,1,60,0,768,256,128,128,0,32,-157,0,1,60,0,640,256,128,128,0,127,-170,0,0,100,0,912,48,16,16,0,44,-174,0,0,100,0,912,48,16,16,0,51,-167,0,0,100,0,928,48,16,16,0,65,-170,0,0,100,0,896,48,16,16,0,104,-163,0,0,100,0,880,48,16,16,0,109,-177,0,0,100,0,880,48,16,16,0,97,-169,0,0,100,0,864,48,16,16,0,72,-104,0,0,100,0,720,200,16,16,0,94,-104,0,0,100,0,624,144,24,24,0,100,-108,0,0,100,0,624,144,24,24,0,93,-111,0,0,100,0,624,144,24,24,0,48,-117,0,0,100,0,864,384,32,32,0,32,-157,0,0,100,0,720,0,128,128,0,32,-206,0,0,100,0,256,256,128,128,0,0,-255,0,0,100,0,0,0,192,256,0,
0,28,114,-230,0,0,100,0,720,136,32,32,0,108,-221,0,0,100,0,800,168,40,32,0,32,-238,0,0,100,0,448,72,128,72,0,30,-202,0,1,100,0,0,384,128,96,0,30,-202,0,1,20,0,256,384,128,96,0,41,-204,0,0,10,0,585,386,110,134,0,96,-142,0,0,30,0,513,376,56,72,0,41,-205,0,1,60,0,384,384,72,72,0,100,-153,0,0,100,0,816,136,32,32,0,100,-153,0,0,100,0,320,192,32,32,0,58,-161,0,0,100,0,432,144,48,48,0,32,-157,0,1,90,0,768,256,128,128,0,32,-157,0,1,30,0,640,256,128,128,0,127,-170,0,0,100,0,912,48,16,16,0,44,-174,0,0,100,0,912,48,16,16,0,51,-167,0,0,100,0,928,48,16,16,0,65,-170,0,0,100,0,896,48,16,16,0,104,-163,0,0,100,0,880,48,16,16,0,109,-177,0,0,100,0,880,48,16,16,0,97,-169,0,0,100,0,864,48,16,16,0,72,-104,0,0,100,0,720,200,16,16,0,94,-104,0,0,100,0,624,144,24,24,0,100,-108,0,0,100,0,624,144,24,24,0,93,-111,0,0,100,0,624,144,24,24,0,48,-117,0,0,100,0,864,384,32,32,0,32,-157,0,0,100,0,720,0,128,128,0,32,-206,0,0,100,0,256,256,128,128,0,0,-255,0,0,100,0,0,0,192,256,0,
0,26,114,-230,0,0,100,0,720,136,32,32,0,108,-221,0,0,100,0,720,168,40,32,0,32,-238,0,0,100,0,576,72,128,72,0,30,-202,0,1,100,0,0,384,128,96,0,41,-204,0,0,10,0,585,386,110,134,0,96,-142,0,0,30,0,513,376,56,72,0,41,-205,0,1,60,0,384,384,72,72,0,100,-153,0,0,100,0,816,136,32,32,0,100,-153,0,0,100,0,288,192,32,32,0,58,-161,0,0,100,0,480,144,48,48,0,32,-157,0,1,100,0,768,256,128,128,0,127,-170,0,0,100,0,912,48,16,16,0,44,-174,0,0,100,0,912,48,16,16,0,51,-167,0,0,100,0,928,48,16,16,0,65,-170,0,0,100,0,896,48,16,16,0,104,-163,0,0,100,0,880,48,16,16,0,109,-177,0,0,100,0,880,48,16,16,0,97,-169,0,0,100,0,864,48,16,16,0,72,-104,0,0,100,0,720,200,16,16,0,94,-104,0,0,100,0,624,144,24,24,0,100,-108,0,0,100,0,624,144,24,24,0,93,-111,0,0,100,0,624,144,24,24,0,48,-117,0,0,100,0,864,384,32,32,0,32,-157,0,0,100,0,720,0,128,128,0,32,-206,0,0,100,0,384,256,128,128,0,0,-255,0,0,100,0,0,0,192,256,0,
0,26,114,-230,0,0,100,0,720,136,32,32,0,108,-221,0,0,100,0,720,168,40,32,0,32,-238,0,0,100,0,576,72,128,72,0,30,-202,0,1,100,0,0,384,128,96,0,41,-204,0,0,10,0,585,386,110,134,0,96,-142,0,0,30,0,513,376,56,72,0,41,-205,0,1,60,0,384,384,72,72,0,100,-153,0,0,100,0,816,136,32,32,0,100,-153,0,0,100,0,288,192,32,32,0,58,-161,0,0,100,0,480,144,48,48,0,32,-157,0,1,100,0,768,256,128,128,0,127,-170,0,0,100,0,912,48,16,16,0,44,-174,0,0,100,0,912,48,16,16,0,51,-167,0,0,100,0,928,48,16,16,0,65,-170,0,0,100,0,896,48,16,16,0,104,-163,0,0,100,0,880,48,16,16,0,109,-177,0,0,100,0,880,48,16,16,0,97,-169,0,0,100,0,864,48,16,16,0,72,-104,0,0,100,0,720,200,16,16,0,94,-104,0,0,100,0,624,144,24,24,0,100,-108,0,0,100,0,624,144,24,24,0,93,-111,0,0,100,0,624,144,24,24,0,48,-117,0,0,100,0,864,384,32,32,0,32,-157,0,0,100,0,720,0,128,128,0,32,-206,0,0,100,0,384,256,128,128,0,0,-255,0,0,100,0,0,0,192,256,0,
0,26,114,-230,0,0,100,0,720,136,32,32,0,108,-221,0,0,100,0,720,168,40,32,0,32,-238,0,0,100,0,576,72,128,72,0,30,-202,0,1,100,0,0,384,128,96,0,41,-204,0,0,10,0,585,386,110,134,0,96,-142,0,0,30,0,513,376,56,72,0,41,-205,0,1,60,0,384,384,72,72,0,100,-153,0,0,100,0,816,136,32,32,0,100,-153,0,0,100,0,288,192,32,32,0,58,-161,0,0,100,0,480,144,48,48,0,32,-157,0,1,100,0,768,256,128,128,0,121,-170,0,0,100,0,912,48,16,16,0,38,-174,0,0,100,0,912,48,16,16,0,45,-167,0,0,100,0,928,48,16,16,0,59,-170,0,0,100,0,896,48,16,16,0,98,-163,0,0,100,0,880,48,16,16,0,103,-177,0,0,100,0,880,48,16,16,0,91,-169,0,0,100,0,864,48,16,16,0,72,-104,0,0,100,0,720,200,16,16,0,94,-104,0,0,100,0,624,168,24,24,0,100,-108,0,0,100,0,624,144,24,24,0,93,-111,0,0,100,0,624,144,24,24,0,48,-117,0,0,100,0,768,384,32,32,0,32,-157,0,0,100,0,720,0,128,128,0,32,-206,0,0,100,0,384,256,128,128,0,0,-255,0,0,100,0,0,0,192,256,0,
0,26,112,-230,0,0,100,0,720,136,32,32,0,106,-221,0,0,100,0,760,168,40,32,0,32,-238,0,0,100,0,192,0,128,72,0,30,-202,0,1,100,0,0,384,128,96,0,41,-204,0,0,10,0,585,386,110,134,0,96,-142,0,0,30,0,513,376,56,72,0,41,-205,0,1,60,0,384,384,72,72,0,100,-153,0,0,100,0,816,136,32,32,0,100,-153,0,0,100,0,192,192,32,32,0,58,-161,0,0,100,0,528,144,48,48,0,32,-157,0,1,100,0,768,256,128,128,0,121,-170,0,0,100,0,912,48,16,16,0,38,-174,0,0,100,0,912,48,16,16,0,45,-167,0,0,100,0,928,48,16,16,0,59,-170,0,0,100,0,896,48,16,16,0,98,-163,0,0,100,0,880,48,16,16,0,103,-177,0,0,100,0,880,48,16,16,0,91,-169,0,0,100,0,864,48,16,16,0,72,-104,0,0,100,0,720,200,16,16,0,94,-104,0,0,100,0,624,168,24,24,0,100,-108,0,0,100,0,624,144,24,24,0,93,-111,0,0,100,0,624,144,24,24,0,48,-117,0,0,100,0,768,384,32,32,0,32,-157,0,0,100,0,720,0,128,128,0,32,-206,0,0,100,0,0,256,128,128,0,0,-255,0,0,100,0,0,0,192,256,0,
0,26,112,-230,0,0,100,0,720,136,32,32,0,106,-221,0,0,100,0,760,168,40,32,0,32,-238,0,0,100,0,192,0,128,72,0,30,-202,0,1,100,0,0,384,128,96,0,41,-204,0,0,10,0,585,386,110,134,0,96,-142,0,0,30,0,513,376,56,72,0,41,-205,0,1,60,0,384,384,72,72,0,100,-153,0,0,100,0,816,136,32,32,0,100,-153,0,0,100,0,192,192,32,32,0,58,-161,0,0,100,0,528,144,48,48,0,32,-157,0,1,100,0,768,256,128,128,0,121,-170,0,0,100,0,912,48,16,16,0,38,-174,0,0,100,0,912,48,16,16,0,45,-167,0,0,100,0,928,48,16,16,0,59,-170,0,0,100,0,896,48,16,16,0,98,-163,0,0,100,0,880,48,16,16,0,103,-177,0,0,100,0,880,48,16,16,0,91,-169,0,0,100,0,864,48,16,16,0,72,-104,0,0,100,0,720,200,16,16,0,94,-104,0,0,100,0,624,168,24,24,0,100,-108,0,0,100,0,624,144,24,24,0,93,-111,0,0,100,0,624,144,24,24,0,48,-117,0,0,100,0,768,384,32,32,0,32,-157,0,0,100,0,720,0,128,128,0,32,-206,0,0,100,0,0,256,128,128,0,0,-255,0,0,100,0,0,0,192,256,0,
0,26,112,-230,0,0,100,0,720,136,32,32,0,106,-221,0,0,100,0,760,168,40,32,0,32,-238,0,0,100,0,192,0,128,72,0,30,-202,0,1,100,0,0,384,128,96,0,41,-204,0,0,10,0,585,386,110,134,0,96,-142,0,0,30,0,513,376,56,72,0,41,-205,0,1,60,0,384,384,72,72,0,100,-153,0,0,100,0,816,136,32,32,0,100,-153,0,0,100,0,192,192,32,32,0,58,-161,0,0,100,0,528,144,48,48,0,32,-157,0,1,100,0,768,256,128,128,0,121,-170,0,0,100,0,912,48,16,16,0,38,-174,0,0,100,0,912,48,16,16,0,45,-167,0,0,100,0,928,48,16,16,0,59,-170,0,0,100,0,896,48,16,16,0,98,-163,0,0,100,0,880,48,16,16,0,103,-177,0,0,100,0,880,48,16,16,0,91,-169,0,0,100,0,864,48,16,16,0,72,-104,0,0,100,0,720,200,16,16,0,94,-104,0,0,100,0,624,168,24,24,0,100,-108,0,0,100,0,624,144,24,24,0,93,-111,0,0,100,0,624,144,24,24,0,48,-117,0,0,100,0,768,384,32,32,0,32,-157,0,0,100,0,720,0,128,128,0,32,-206,0,0,100,0,0,256,128,128,0,0,-255,0,0,100,0,0,0,192,256,0,
0,26,113,-230,0,0,100,0,720,136,32,32,0,107,-221,0,0,100,0,800,168,40,32,0,32,-238,0,0,100,0,320,0,128,72,0,30,-202,0,1,100,0,0,384,128,96,0,41,-204,0,0,10,0,585,386,110,134,0,96,-142,0,0,30,0,513,376,56,72,0,41,-205,0,1,60,0,384,384,72,72,0,100,-152,0,0,100,0,816,136,32,32,0,100,-152,0,0,100,0,224,192,32,32,0,58,-162,0,0,100,0,576,144,48,48,0,32,-157,0,1,100,0,768,256,128,128,0,114,-170,0,0,100,0,912,48,16,16,0,41,-175,0,0,100,0,921,48,7,16,0,39,-167,0,0,100,0,928,48,16,16,0,53,-170,0,0,100,0,896,48,16,16,0,92,-163,0,0,100,0,880,48,16,16,0,97,-177,0,0,100,0,880,48,16,16,0,85,-169,0,0,100,0,864,48,16,16,0,72,-104,0,0,100,0,720,200,16,16,0,94,-104,0,0,100,0,624,168,24,24,0,100,-108,0,0,100,0,624,144,24,24,0,93,-111,0,0,100,0,624,144,24,24,0,48,-117,0,0,100,0,768,384,32,32,0,32,-157,0,0,100,0,720,0,128,128,0,32,-206,0,0,100,0,128,256,128,128,0,0,-255,0,0,100,0,0,0,192,256,0,
0,26,113,-230,0,0,100,0,720,136,32,32,0,107,-221,0,0,100,0,800,168,40,32,0,32,-238,0,0,100,0,320,0,128,72,0,30,-202,0,1,100,0,0,384,128,96,0,41,-204,0,0,10,0,585,386,110,134,0,96,-142,0,0,30,0,513,376,56,72,0,41,-205,0,1,60,0,384,384,72,72,0,100,-152,0,0,100,0,816,136,32,32,0,100,-152,0,0,100,0,224,192,32,32,0,58,-162,0,0,100,0,576,144,48,48,0,32,-157,0,1,100,0,768,256,128,128,0,114,-170,0,0,100,0,912,48,16,16,0,41,-175,0,0,100,0,921,48,7,16,0,39,-167,0,0,100,0,928,48,16,16,0,53,-170,0,0,100,0,896,48,16,16,0,92,-163,0,0,100,0,880,48,16,16,0,97,-177,0,0,100,0,880,48,16,16,0,85,-169,0,0,100,0,864,48,16,16,0,72,-104,0,0,100,0,720,200,16,16,0,94,-104,0,0,100,0,624,168,24,24,0,100,-108,0,0,100,0,624,144,24,24,0,93,-111,0,0,100,0,624,144,24,24,0,48,-117,0,0,100,0,768,384,32,32,0,32,-157,0,0,100,0,720,0,128,128,0,32,-206,0,0,100,0,128,256,128,128,0,0,-255,0,0,100,0,0,0,192,256,0,
0,26,113,-230,0,0,100,0,720,136,32,32,0,107,-221,0,0,100,0,800,168,40,32,0,32,-238,0,0,100,0,320,0,128,72,0,30,-202,0,1,100,0,0,384,128,96,0,41,-204,0,0,10,0,585,386,110,134,0,96,-142,0,0,30,0,513,376,56,72,0,41,-205,0,1,60,0,384,384,72,72,0,100,-152,0,0,100,0,816,136,32,32,0,100,-152,0,0,100,0,224,192,32,32,0,58,-162,0,0,100,0,576,144,48,48,0,32,-157,0,1,100,0,768,256,128,128,0,114,-170,0,0,100,0,912,48,16,16,0,41,-175,0,0,100,0,921,48,7,16,0,39,-167,0,0,100,0,928,48,16,16,0,53,-170,0,0,100,0,896,48,16,16,0,92,-163,0,0,100,0,880,48,16,16,0,97,-177,0,0,100,0,880,48,16,16,0,85,-169,0,0,100,0,864,48,16,16,0,72,-104,0,0,100,0,720,200,16,16,0,94,-104,0,0,100,0,624,168,24,24,0,100,-108,0,0,100,0,624,168,24,24,0,93,-111,0,0,100,0,624,168,24,24,0,48,-117,0,0,100,0,800,384,32,32,0,32,-157,0,0,100,0,720,0,128,128,0,32,-206,0,0,100,0,128,256,128,128,0,0,-255,0,0,100,0,0,0,192,256,0,
0,29,113,-231,0,0,100,0,720,136,32,32,0,107,-222,0,0,100,0,720,168,40,32,0,32,-238,0,0,100,0,448,0,128,72,0,30,-202,0,1,60,0,128,384,128,96,0,30,-202,0,1,60,0,0,384,128,96,0,41,-204,0,0,10,0,585,386,110,134,0,96,-142,0,0,30,0,513,376,56,72,0,41,-205,0,1,60,0,384,384,72,72,0,100,-151,0,0,60,0,816,136,32,32,0,100,-151,0,0,60,0,752,136,32,32,0,100,-151,0,0,100,0,256,192,32,32,0,58,-163,0,0,100,0,576,144,48,48,0,32,-157,0,1,60,0,512,256,128,128,0,32,-157,0,1,60,0,768,256,128,128,0,114,-170,0,0,100,0,912,48,16,16,0,41,-175,0,0,100,0,921,48,7,16,0,39,-167,0,0,100,0,928,48,16,16,0,53,-170,0,0,100,0,896,48,16,16,0,92,-163,0,0,100,0,880,48,16,16,0,97,-177,0,0,100,0,880,48,16,16,0,85,-169,0,0,100,0,864,48,16,16,0,72,-104,0,0,100,0,720,200,16,16,0,94,-104,0,0,100,0,624,168,24,24,0,100,-108,0,0,100,0,624,168,24,24,0,93,-111,0,0,100,0,624,168,24,24,0,48,-117,0,0,100,0,800,384,32,32,0,32,-157,0,0,100,0,720,0,128,128,0,32,-206,0,0,100,0,256,256,128,128,0,0,-255,0,0,100,0,0,0,192,256,0,
0,29,113,-231,0,0,100,0,720,136,32,32,0,107,-222,0,0,100,0,720,168,40,32,0,32,-238,0,0,100,0,448,0,128,72,0,30,-202,0,1,100,0,128,384,128,96,0,30,-202,0,1,20,0,0,384,128,96,0,41,-204,0,0,10,0,585,386,110,134,0,96,-142,0,0,30,0,513,376,56,72,0,41,-205,0,1,60,0,384,384,72,72,0,100,-151,0,0,30,0,816,136,32,32,0,100,-151,0,0,100,0,752,136,32,32,0,100,-151,0,0,100,0,256,192,32,32,0,58,-163,0,0,100,0,576,144,48,48,0,32,-157,0,1,90,0,512,256,128,128,0,32,-157,0,1,30,0,768,256,128,128,0,114,-170,0,0,100,0,912,48,16,16,0,41,-175,0,0,100,0,921,48,7,16,0,39,-167,0,0,100,0,928,48,16,16,0,53,-170,0,0,100,0,896,48,16,16,0,92,-163,0,0,100,0,880,48,16,16,0,97,-177,0,0,100,0,880,48,16,16,0,85,-169,0,0,100,0,864,48,16,16,0,72,-104,0,0,100,0,720,200,16,16,0,94,-104,0,0,100,0,624,168,24,24,0,100,-108,0,0,100,0,624,168,24,24,0,93,-111,0,0,100,0,624,168,24,24,0,48,-117,0,0,100,0,800,384,32,32,0,32,-157,0,0,100,0,720,0,128,128,0,32,-206,0,0,100,0,256,256,128,128,0,0,-255,0,0,100,0,0,0,192,256,0,
0,25,113,-231,0,0,100,0,720,136,32,32,0,107,-222,0,0,100,0,720,168,40,32,0,32,-238,0,0,100,0,448,0,128,72,0,30,-202,0,1,100,0,128,384,128,96,0,41,-204,0,0,10,0,585,386,110,134,0,96,-142,0,0,30,0,513,376,56,72,0,41,-205,0,1,60,0,384,384,72,72,0,100,-151,0,0,100,0,752,136,32,32,0,100,-151,0,0,100,0,256,224,32,32,0,58,-163,0,0,100,0,192,144,48,48,0,32,-157,0,1,100,0,512,256,128,128,0,108,-170,0,0,100,0,912,48,16,16,0,41,-167,0,0,100,0,936,48,8,16,0,47,-170,0,0,100,0,896,48,16,16,0,86,-163,0,0,100,0,880,48,16,16,0,91,-177,0,0,100,0,880,48,16,16,0,79,-169,0,0,100,0,864,48,16,16,0,72,-104,0,0,100,0,720,200,16,16,0,94,-104,0,0,100,0,624,168,24,24,0,100,-108,0,0,100,0,624,168,24,24,0,93,-111,0,0,100,0,624,168,24,24,0,48,-117,0,0,100,0,800,384,32,32,0,32,-157,0,0,100,0,720,0,128,128,0,32,-206,0,0,100,0,256,256,128,128,0,0,-255,0,0,100,0,0,0,192,256,0,
0,25,113,-231,0,0,100,0,720,136,32,32,0,107,-222,0,0,100,0,760,168,40,32,0,32,-238,0,0,100,0,576,0,128,72,0,30,-202,0,1,100,0,128,384,128,96,0,41,-204,0,0,10,0,585,386,110,134,0,96,-142,0,0,30,0,513,376,56,72,0,41,-205,0,1,60,0,384,384,72,72,0,100,-151,0,0,100,0,752,136,32,32,0,100,-151,0,0,100,0,224,224,32,32,0,58,-163,0,0,100,0,192,144,48,48,0,32,-157,0,1,100,0,512,256,128,128,0,108,-170,0,0,100,0,912,48,16,16,0,41,-167,0,0,100,0,936,48,8,16,0,47,-170,0,0,100,0,896,48,16,16,0,86,-163,0,0,100,0,880,48,16,16,0,91,-177,0,0,100,0,880,48,16,16,0,79,-169,0,0,100,0,864,48,16,16,0,72,-104,0,0,100,0,720,200,16,16,0,94,-104,0,0,100,0,624,168,24,24,0,100,-108,0,0,100,0,624,168,24,24,0,93,-111,0,0,100,0,624,168,24,24,0,48,-117,0,0,100,0,800,384,32,32,0,32,-157,0,0,100,0,720,0,128,128,0,32,-206,0,0,100,0,384,256,128,128,0,0,-255,0,0,100,0,0,0,192,256,0,
0,25,113,-231,0,0,100,0,720,136,32,32,0,107,-222,0,0,100,0,760,168,40,32,0,32,-238,0,0,100,0,576,0,128,72,0,30,-202,0,1,100,0,128,384,128,96,0,41,-204,0,0,10,0,585,386,110,134,0,96,-142,0,0,30,0,513,376,56,72,0,41,-205,0,1,60,0,384,384,72,72,0,100,-151,0,0,90,0,752,136,32,32,0,100,-151,0,0,100,0,224,224,32,32,0,58,-163,0,0,100,0,192,144,48,48,0,32,-157,0,1,100,0,512,256,128,128,0,108,-170,0,0,100,0,912,48,16,16,0,41,-167,0,0,100,0,936,48,8,16,0,47,-170,0,0,100,0,896,48,16,16,0,86,-163,0,0,100,0,880,48,16,16,0,91,-177,0,0,100,0,880,48,16,16,0,79,-169,0,0,100,0,864,48,16,16,0,72,-104,0,0,100,0,720,200,16,16,0,94,-104,0,0,100,0,624,168,24,24,0,100,-108,0,0,100,0,624,168,24,24,0,93,-111,0,0,100,0,624,168,24,24,0,48,-117,0,0,100,0,800,384,32,32,0,32,-157,0,0,100,0,720,0,128,128,0,32,-206,0,0,100,0,384,256,128,128,0,0,-255,0,0,100,0,0,0,192,256,0,
0,27,113,-231,0,0,100,0,720,136,32,32,0,107,-222,0,0,100,0,760,168,40,32,0,32,-238,0,0,100,0,576,0,128,72,0,30,-202,0,1,60,0,256,384,128,96,0,30,-202,0,1,60,0,128,384,128,96,0,41,-204,0,0,10,0,585,386,110,134,0,96,-142,0,0,30,0,513,376,56,72,0,41,-205,0,1,60,0,384,384,72,72,0,100,-151,0,0,80,0,752,136,32,32,0,100,-151,0,0,100,0,224,224,32,32,0,58,-163,0,0,100,0,528,192,48,48,0,32,-157,0,1,60,0,640,256,128,128,0,32,-157,0,1,60,0,512,256,128,128,0,108,-170,0,0,100,0,912,48,16,16,0,41,-167,0,0,100,0,936,48,8,16,0,47,-170,0,0,100,0,896,48,16,16,0,86,-163,0,0,100,0,880,48,16,16,0,91,-177,0,0,100,0,880,48,16,16,0,79,-169,0,0,100,0,864,48,16,16,0,72,-104,0,0,100,0,720,200,16,16,0,94,-104,0,0,100,0,624,144,24,24,0,100,-108,0,0,100,0,624,144,24,24,0,93,-111,0,0,100,0,624,144,24,24,0,48,-117,0,0,100,0,832,384,32,32,0,32,-157,0,0,100,0,720,0,128,128,0,32,-206,0,0,100,0,384,256,128,128,0,0,-255,0,0,100,0,0,0,192,256,0,
0,27,114,-232,0,0,100,0,720,136,32,32,0,108,-223,0,0,100,0,800,168,40,32,0,32,-238,0,0,100,0,192,72,128,72,0,30,-202,0,1,100,0,256,384,128,96,0,30,-202,0,1,20,0,128,384,128,96,0,41,-204,0,0,10,0,585,386,110,134,0,96,-142,0,0,30,0,513,376,56,72,0,41,-205,0,1,60,0,384,384,72,72,0,100,-151,0,0,60,0,752,136,32,32,0,100,-151,0,0,100,0,192,224,32,32,0,58,-162,0,0,100,0,528,192,48,48,0,32,-157,0,1,90,0,640,256,128,128,0,32,-157,0,1,30,0,512,256,128,128,0,100,-170,0,0,100,0,912,48,16,16,0,39,-170,0,0,100,0,896,48,16,16,0,78,-163,0,0,100,0,880,48,16,16,0,83,-177,0,0,100,0,880,48,16,16,0,71,-169,0,0,100,0,864,48,16,16,0,143,-174,0,0,100,0,912,48,8,16,0,72,-104,0,0,100,0,720,200,16,16,0,94,-104,0,0,100,0,624,144,24,24,0,100,-108,0,0,100,0,624,144,24,24,0,93,-111,0,0,100,0,624,144,24,24,0,48,-117,0,0,100,0,832,384,32,32,0,32,-157,0,0,100,0,720,0,128,128,0,32,-206,0,0,100,0,0,256,128,128,0,0,-255,0,0,100,0,0,0,192,256,0,
0,25,114,-232,0,0,100,0,720,136,32,32,0,108,-223,0,0,100,0,800,168,40,32,0,32,-238,0,0,100,0,192,72,128,72,0,30,-202,0,1,100,0,256,384,128,96,0,41,-204,0,0,10,0,585,386,110,134,0,96,-142,0,0,30,0,513,376,56,72,0,41,-205,0,1,60,0,384,384,72,72,0,100,-151,0,0,40,0,752,136,32,32,0,100,-151,0,0,100,0,192,224,32,32,0,58,-162,0,0,100,0,528,192,48,48,0,32,-157,0,1,100,0,640,256,128,128,0,100,-170,0,0,100,0,912,48,16,16,0,39,-170,0,0,100,0,896,48,16,16,0,78,-163,0,0,100,0,880,48,16,16,0,83,-177,0,0,100,0,880,48,16,16,0,71,-169,0,0,100,0,864,48,16,16,0,143,-174,0,0,100,0,912,48,8,16,0,72,-104,0,0,100,0,720,200,16,16,0,94,-104,0,0,100,0,624,144,24,24,0,100,-108,0,0,100,0,624,144,24,24,0,93,-111,0,0,100,0,624,144,24,24,0,48,-117,0,0,100,0,832,384,32,32,0,32,-157,0,0,100,0,720,0,128,128,0,32,-206,0,0,100,0,0,256,128,128,0,0,-255,0,0,100,0,0,0,192,256,0,
0,25,114,-232,0,0,100,0,720,136,32,32,0,108,-223,0,0,100,0,800,168,40,32,0,32,-238,0,0,100,0,192,72,128,72,0,30,-202,0,1,100,0,256,384,128,96,0,41,-204,0,0,10,0,585,386,110,134,0,96,-142,0,0,30,0,513,376,56,72,0,41,-205,0,1,60,0,384,384,72,72,0,100,-151,0,0,20,0,752,136,32,32,0,100,-152,0,0,100,0,288,224,32,32,0,58,-162,0,0,100,0,528,192,48,48,0,32,-157,0,1,100,0,640,256,128,128,0,100,-170,0,0,100,0,912,48,16,16,0,39,-170,0,0,100,0,896,48,16,16,0,78,-163,0,0,100,0,880,48,16,16,0,83,-177,0,0,100,0,880,48,16,16,0,71,-169,0,0,100,0,864,48,16,16,0,143,-174,0,0,100,0,912,48,8,16,0,72,-104,0,0,100,0,720,200,16,16,0,94,-104,0,0,100,0,648,168,24,24,0,100,-108,0,0,100,0,648,168,24,24,0,93,-111,0,0,100,0,648,168,24,24,0,48,-117,0,0,100,0,832,384,32,32,0,32,-157,0,0,100,0,720,0,128,128,0,32,-206,0,0,100,0,0,256,128,128,0,0,-255,0,0,100,0,0,0,192,256,0,
0,24,114,-232,0,0,100,0,720,136,32,32,0,108,-223,0,0,100,0,720,168,40,32,0,32,-238,0,0,100,0,320,72,128,72,0,30,-202,0,1,100,0,256,384,128,96,0,41,-204,0,0,10,0,585,386,110,134,0,96,-142,0,0,30,0,513,376,56,72,0,41,-205,0,1,60,0,384,384,72,72,0,100,-152,0,0,100,0,288,224,32,32,0,58,-161,0,0,100,0,528,192,48,48,0,32,-157,0,1,100,0,640,256,128,128,0,100,-170,0,0,100,0,912,48,16,16,0,39,-170,0,0,100,0,896,48,16,16,0,78,-163,0,0,100,0,880,48,16,16,0,83,-177,0,0,100,0,880,48,16,16,0,71,-169,0,0,100,0,864,48,16,16,0,143,-174,0,0,100,0,912,48,8,16,0,72,-104,0,0,100,0,720,200,16,16,0,94,-104,0,0,100,0,648,168,24,24,0,100,-108,0,0,100,0,648,168,24,24,0,93,-111,0,0,100,0,648,168,24,24,0,48,-117,0,0,100,0,832,384,32,32,0,32,-157,0,0,100,0,720,0,128,128,0,32,-206,0,0,100,0,128,256,128,128,0,0,-255,0,0,100,0,0,0,192,256,0,
0,24,114,-232,0,0,100,0,720,136,32,32,0,108,-223,0,0,100,0,720,168,40,32,0,32,-238,0,0,100,0,320,72,128,72,0,30,-202,0,1,100,0,256,384,128,96,0,41,-204,0,0,10,0,585,386,110,134,0,96,-142,0,0,30,0,513,376,56,72,0,41,-205,0,1,60,0,384,384,72,72,0,100,-152,0,0,100,0,288,224,32,32,0,58,-161,0,0,100,0,528,192,48,48,0,32,-157,0,1,100,0,640,256,128,128,0,92,-170,0,0,100,0,912,48,16,16,0,41,-170,0,0,100,0,904,48,8,16,0,70,-163,0,0,100,0,880,48,16,16,0,75,-177,0,0,100,0,880,48,16,16,0,63,-169,0,0,100,0,864,48,16,16,0,135,-174,0,0,100,0,912,48,16,16,0,72,-104,0,0,100,0,720,200,16,16,0,94,-104,0,0,100,0,648,168,24,24,0,100,-108,0,0,100,0,648,168,24,24,0,93,-111,0,0,100,0,648,168,24,24,0,48,-117,0,0,100,0,832,384,32,32,0,32,-157,0,0,100,0,720,0,128,128,0,32,-206,0,0,100,0,128,256,128,128,0,0,-255,0,0,100,0,0,0,192,256,0,
0,24,114,-232,0,0,100,0,720,136,32,32,0,108,-223,0,0,100,0,720,168,40,32,0,32,-238,0,0,100,0,320,72,128,72,0,30,-202,0,1,100,0,256,384,128,96,0,41,-204,0,0,10,0,585,386,110,134,0,96,-142,0,0,30,0,513,376,56,72,0,41,-205,0,1,60,0,384,384,72,72,0,100,-152,0,0,100,0,288,224,32,32,0,58,-161,0,0,100,0,528,192,48,48,0,32,-157,0,1,100,0,640,256,128,128,0,92,-170,0,0,100,0,912,48,16,16,0,41,-170,0,0,100,0,904,48,8,16,0,70,-163,0,0,100,0,880,48,16,16,0,75,-177,0,0,100,0,880,48,16,16,0,63,-169,0,0,100,0,864,48,16,16,0,135,-174,0,0,100,0,912,48,16,16,0,72,-104,0,0,100,0,720,200,16,16,0,94,-104,0,0,100,0,648,168,24,24,0,100,-108,0,0,100,0,648,168,24,24,0,93,-111,0,0,100,0,648,168,24,24,0,48,-117,0,0,100,0,864,384,32,32,0,32,-157,0,0,100,0,720,0,128,128,0,32,-206,0,0,100,0,128,256,128,128,0,0,-255,0,0,100,0,0,0,192,256,0,
0,24,115,-231,0,0,100,0,720,136,32,32,0,109,-222,0,0,100,0,760,168,40,32,0,32,-238,0,0,100,0,448,72,128,72,0,30,-202,0,1,100,0,256,384,128,96,0,41,-204,0,0,10,0,585,386,110,134,0,96,-142,0,0,30,0,513,376,56,72,0,41,-205,0,1,60,0,384,384,72,72,0,100,-153,0,0,100,0,320,224,32,32,0,58,-160,0,0,100,0,528,192,48,48,0,32,-157,0,1,100,0,640,256,128,128,0,92,-170,0,0,100,0,912,48,16,16,0,41,-170,0,0,100,0,904,48,8,16,0,70,-163,0,0,100,0,880,48,16,16,0,75,-177,0,0,100,0,880,48,16,16,0,63,-169,0,0,100,0,864,48,16,16,0,135,-174,0,0,100,0,912,48,16,16,0,72,-104,0,0,100,0,720,200,16,16,0,94,-104,0,0,100,0,624,144,24,24,0,100,-108,0,0,100,0,624,144,24,24,0,93,-111,0,0,100,0,624,144,24,24,0,48,-117,0,0,100,0,864,384,32,32,0,32,-157,0,0,100,0,720,0,128,128,0,32,-206,0,0,100,0,256,256,128,128,0,0,-255,0,0,100,0,0,0,192,256,0,
0,25,115,-231,0,0,100,0,720,136,32,32,0,109,-222,0,0,100,0,760,168,40,32,0,32,-238,0,0,100,0,448,72,128,72,0,30,-202,0,1,100,0,256,384,128,96,0,41,-204,0,0,10,0,585,386,110,134,0,96,-142,0,0,30,0,513,376,56,72,0,41,-205,0,1,60,0,384,384,72,72,0,100,-153,0,0,20,0,752,136,32,32,0,100,-153,0,0,100,0,320,224,32,32,0,58,-160,0,0,100,0,528,192,48,48,0,32,-157,0,1,100,0,640,256,128,128,0,92,-170,0,0,100,0,912,48,16,16,0,41,-170,0,0,100,0,904,48,8,16,0,70,-163,0,0,100,0,880,48,16,16,0,75,-177,0,0,100,0,880,48,16,16,0,63,-169,0,0,100,0,864,48,16,16,0,135,-174,0,0,100,0,912,48,16,16,0,72,-104,0,0,100,0,720,200,16,16,0,94,-104,0,0,100,0,624,144,24,24,0,100,-108,0,0,100,0,624,144,24,24,0,93,-111,0,0,100,0,624,144,24,24,0,48,-117,0,0,100,0,864,384,32,32,0,32,-157,0,0,100,0,720,0,128,128,0,32,-206,0,0,100,0,256,256,128,128,0,0,-255,0,0,100,0,0,0,192,256,0,
0,25,115,-231,0,0,100,0,720,136,32,32,0,109,-222,0,0,100,0,760,168,40,32,0,32,-238,0,0,100,0,448,72,128,72,0,30,-202,0,1,100,0,256,384,128,96,0,41,-204,0,0,10,0,585,386,110,134,0,96,-142,0,0,30,0,513,376,56,72,0,41,-205,0,1,60,0,384,384,72,72,0,100,-153,0,0,40,0,752,136,32,32,0,100,-153,0,0,100,0,320,224,32,32,0,58,-160,0,0,100,0,528,192,48,48,0,32,-157,0,1,100,0,640,256,128,128,0,86,-170,0,0,100,0,912,48,16,16,0,139,-167,0,0,100,0,928,48,16,16,0,64,-163,0,0,100,0,880,48,16,16,0,69,-177,0,0,100,0,880,48,16,16,0,57,-169,0,0,100,0,864,48,16,16,0,129,-174,0,0,100,0,912,48,16,16,0,72,-104,0,0,100,0,720,200,16,16,0,94,-104,0,0,100,0,624,144,24,24,0,100,-108,0,0,100,0,624,144,24,24,0,93,-111,0,0,100,0,624,144,24,24,0,48,-117,0,0,100,0,864,384,32,32,0,32,-157,0,0,100,0,720,0,128,128,0,32,-206,0,0,100,0,256,256,128,128,0,0,-255,0,0,100,0,0,0,192,256,0,
0,27,115,-231,0,0,100,0,720,136,32,32,0,109,-222,0,0,100,0,800,168,40,32,0,32,-238,0,0,100,0,576,72,128,72,0,30,-202,0,1,60,0,0,384,128,96,0,30,-202,0,1,60,0,256,384,128,96,0,41,-204,0,0,10,0,585,386,110,134,0,96,-142,0,0,30,0,513,376,56,72,0,41,-205,0,1,60,0,384,384,72,72,0,100,-153,0,0,80,0,752,136,32,32,0,100,-153,0,0,100,0,288,224,32,32,0,58,-160,0,0,100,0,528,192,48,48,0,32,-157,0,1,60,0,512,256,128,128,0,32,-157,0,1,60,0,640,256,128,128,0,86,-170,0,0,100,0,912,48,16,16,0,139,-167,0,0,100,0,928,48,16,16,0,64,-163,0,0,100,0,880,48,16,16,0,69,-177,0,0,100,0,880,48,16,16,0,57,-169,0,0,100,0,864,48,16,16,0,129,-174,0,0,100,0,912,48,16,16,0,72,-104,0,0,100,0,720,200,16,16,0,94,-104,0,0,100,0,624,144,24,24,0,100,-108,0,0,100,0,624,144,24,24,0,93,-111,0,0,100,0,624,144,24,24,0,48,-117,0,0,100,0,864,384,32,32,0,32,-157,0,0,100,0,720,0,128,128,0,32,-206,0,0,100,0,384,256,128,128,0,0,-255,0,0,100,0,0,0,192,256,0,
0,27,115,-231,0,0,100,0,720,136,32,32,0,109,-222,0,0,100,0,800,168,40,32,0,32,-238,0,0,100,0,576,72,128,72,0,30,-202,0,1,100,0,0,384,128,96,0,30,-202,0,1,20,0,256,384,128,96,0,41,-204,0,0,10,0,585,386,110,134,0,96,-142,0,0,30,0,513,376,56,72,0,41,-205,0,1,60,0,384,384,72,72,0,100,-153,0,0,100,0,752,136,32,32,0,100,-153,0,0,100,0,288,224,32,32,0,58,-160,0,0,100,0,528,192,48,48,0,32,-157,0,1,90,0,512,256,128,128,0,32,-157,0,1,30,0,640,256,128,128,0,86,-170,0,0,100,0,912,48,16,16,0,139,-167,0,0,100,0,928,48,16,16,0,64,-163,0,0,100,0,880,48,16,16,0,69,-177,0,0,100,0,880,48,16,16,0,57,-169,0,0,100,0,864,48,16,16,0,129,-174,0,0,100,0,912,48,16,16,0,72,-104,0,0,100,0,720,200,16,16,0,94,-104,0,0,100,0,624,144,24,24,0,100,-108,0,0,100,0,624,144,24,24,0,93,-111,0,0,100,0,624,144,24,24,0,48,-117,0,0,100,0,864,384,32,32,0,32,-157,0,0,100,0,720,0,128,128,0,32,-206,0,0,100,0,384,256,128,128,0,0,-255,0,0,100,0,0,0,192,256,0,
0,25,115,-231,0,0,100,0,720,136,32,32,0,109,-222,0,0,100,0,800,168,40,32,0,32,-238,0,0,100,0,576,72,128,72,0,30,-202,0,1,100,0,0,384,128,96,0,41,-204,0,0,10,0,585,386,110,134,0,96,-142,0,0,30,0,513,376,56,72,0,41,-205,0,1,60,0,384,384,72,72,0,100,-153,0,0,100,0,752,136,32,32,0,100,-153,0,0,100,0,288,224,32,32,0,58,-160,0,0,100,0,528,192,48,48,0,32,-157,0,1,100,0,512,256,128,128,0,86,-170,0,0,100,0,912,48,16,16,0,139,-167,0,0,100,0,928,48,16,16,0,64,-163,0,0,100,0,880,48,16,16,0,69,-177,0,0,100,0,880,48,16,16,0,57,-169,0,0,100,0,864,48,16,16,0,129,-174,0,0,100,0,912,48,16,16,0,72,-104,0,0,100,0,720,200,16,16,0,94,-104,0,0,100,0,624,168,24,24,0,100,-108,0,0,100,0,624,144,24,24,0,93,-111,0,0,100,0,624,144,24,24,0,48,-117,0,0,100,0,864,384,32,32,0,32,-157,0,0,100,0,720,0,128,128,0,32,-206,0,0,100,0,384,256,128,128,0,0,-255,0,0,100,0,0,0,192,256,0,
