0,8,118,-155,0,1,80,0,160,112,16,16,0,74,-203,0,1,60,0,160,112,16,16,0,120,-194,0,1,70,0,160,112,16,16,0,35,-180,0,1,20,0,160,112,16,16,0,38,-211,0,1,40,0,160,0,112,80,0,96,-145,0,0,100,0,160,80,32,32,0,19,-226,0,0,100,0,0,0,160,176,0,0,-256,0,0,100,0,1088,0,192,256,0,
0,9,118,-155,0,1,90,0,160,112,16,16,0,74,-203,0,1,70,0,160,112,16,16,0,120,-194,0,1,80,0,160,112,16,16,0,35,-180,0,1,40,0,160,112,16,16,0,65,-185,0,1,50,0,176,112,16,16,0,38,-211,0,1,50,0,160,0,112,80,0,96,-145,0,0,100,0,160,80,32,32,0,19,-226,0,0,100,0,0,0,160,176,0,0,-256,0,0,100,0,1088,0,192,256,0,
0,9,118,-155,0,1,100,0,160,112,16,16,0,74,-203,0,1,80,0,160,112,16,16,0,120,-194,0,1,90,0,160,112,16,16,0,35,-180,0,1,60,0,160,112,16,16,0,65,-185,0,1,100,0,176,112,16,16,0,38,-211,0,1,60,0,160,0,112,80,0,96,-145,0,0,100,0,160,80,32,32,0,19,-226,0,0,100,0,0,0,160,176,0,0,-256,0,0,100,0,1088,0,192,256,0,
0,10,118,-155,0,1,90,0,160,112,16,16,0,74,-203,0,1,90,0,160,112,16,16,0,120,-194,0,1,100,0,160,112,16,16,0,133,-187,0,1,20,0,160,112,16,16,0,35,-180,0,1,80,0,160,112,16,16,0,65,-185,0,1,80,0,176,112,16,16,0,38,-211,0,1,70,0,160,0,112,80,0,96,-145,0,0,100,0,160,80,32,32,0,19,-226,0,0,100,0,0,0,160,176,0,0,-256,0,0,100,0,1088,0,192,256,0,
0,10,118,-155,0,1,80,0,160,112,16,16,0,74,-203,0,1,100,0,160,112,16,16,0,120,-194,0,1,90,0,160,112,16,16,0,133,-187,0,1,40,0,160,112,16,16,0,35,-180,0,1,100,0,160,112,16,16,0,65,-185,0,1,60,0,176,112,16,16,0,38,-211,0,1,80,0,160,0,112,80,0,96,-145,0,0,100,0,160,80,32,32,0,19,-226,0,0,100,0,0,0,160,176,0,0,-256,0,0,100,0,1088,0,192,256,0,
0,11,118,-155,0,1,90,0,160,112,16,16,0,74,-203,0,1,90,0,160,112,16,16,0,120,-194,0,1,80,0,160,112,16,16,0,133,-187,0,1,60,0,160,112,16,16,0,42,-165,0,1,20,0,160,112,16,16,0,35,-180,0,1,100,0,160,112,16,16,0,65,-185,0,1,30,0,176,112,16,16,0,38,-211,0,1,70,0,160,0,112,80,0,96,-145,0,0,100,0,160,80,32,32,0,19,-226,0,0,100,0,0,0,160,176,0,0,-256,0,0,100,0,1088,0,192,256,0,
0,14,74,-107,0,0,100,0,272,32,32,32,0,75,-92,0,0,100,0,1056,0,32,16,0,63,-121,0,0,100,0,272,0,32,32,0,63,-101,0,0,100,0,1056,0,32,16,0,118,-155,0,1,100,0,160,112,16,16,0,74,-203,0,1,80,0,160,112,16,16,0,120,-194,0,1,70,0,160,112,16,16,0,133,-187,0,1,80,0,160,112,16,16,0,42,-165,0,1,40,0,160,112,16,16,0,35,-180,0,1,100,0,160,112,16,16,0,38,-211,0,1,60,0,160,0,112,80,0,96,-145,0,0,100,0,160,80,32,32,0,19,-226,0,0,100,0,0,0,160,176,0,0,-256,0,0,100,0,1088,0,192,256,0,
0,15,74,-107,0,0,100,0,272,32,32,32,0,75,-92,0,0,100,0,1056,0,32,16,0,63,-121,0,0,100,0,272,0,32,32,0,63,-101,0,0,100,0,1056,0,32,16,0,118,-155,0,1,90,0,160,112,16,16,0,74,-203,0,1,70,0,160,112,16,16,0,120,-194,0,1,80,0,160,112,16,16,0,133,-187,0,1,100,0,160,112,16,16,0,42,-165,0,1,60,0,160,112,16,16,0,35,-180,0,1,80,0,160,112,16,16,0,109,-168,0,1,50,0,176,112,16,16,0,38,-211,0,1,50,0,160,0,112,80,0,96,-145,0,0,100,0,160,80,32,32,0,19,-226,0,0,100,0,0,0,160,176,0,0,-256,0,0,100,0,1088,0,192,256,0,
0,15,74,-107,0,0,100,0,272,32,32,32,0,75,-92,0,0,100,0,1056,0,32,16,0,63,-121,0,0,100,0,272,0,32,32,0,63,-101,0,0,100,0,1056,0,32,16,0,118,-155,0,1,80,0,160,112,16,16,0,74,-203,0,1,60,0,160,112,16,16,0,120,-194,0,1,90,0,160,112,16,16,0,133,-187,0,1,100,0,160,112,16,16,0,42,-165,0,1,80,0,160,112,16,16,0,35,-180,0,1,60,0,160,112,16,16,0,109,-168,0,1,100,0,176,112,16,16,0,38,-211,0,1,40,0,160,0,112,80,0,96,-145,0,0,100,0,160,80,32,32,0,19,-226,0,0,100,0,0,0,160,176,0,0,-256,0,0,100,0,1088,0,192,256,0,
0,15,74,-107,0,0,100,0,272,32,32,32,0,75,-92,0,0,100,0,1056,0,32,16,0,63,-121,0,0,100,0,272,0,32,32,0,63,-101,0,0,100,0,1056,0,32,16,0,118,-155,0,1,90,0,160,112,16,16,0,74,-203,0,1,70,0,160,112,16,16,0,120,-194,0,1,100,0,160,112,16,16,0,133,-187,0,1,100,0,160,112,16,16,0,42,-165,0,1,100,0,160,112,16,16,0,35,-180,0,1,40,0,160,112,16,16,0,109,-168,0,1,80,0,176,112,16,16,0,38,-211,0,1,50,0,160,0,112,80,0,96,-145,0,0,100,0,160,80,32,32,0,19,-226,0,0,100,0,0,0,160,176,0,0,-256,0,0,100,0,1088,0,192,256,0,
0,11,118,-155,0,1,100,0,160,112,16,16,0,74,-203,0,1,80,0,160,112,16,16,0,120,-194,0,1,80,0,160,112,16,16,0,133,-187,0,1,80,0,160,112,16,16,0,42,-165,0,1,100,0,160,112,16,16,0,35,-180,0,1,20,0,160,112,16,16,0,109,-168,0,1,50,0,176,112,16,16,0,38,-211,0,1,60,0,160,0,112,80,0,96,-145,0,0,100,0,160,80,32,32,0,19,-226,0,0,100,0,0,0,160,176,0,0,-256,0,0,100,0,1088,0,192,256,0,
0,10,118,-155,0,1,90,0,160,112,16,16,0,74,-203,0,1,90,0,160,112,16,16,0,120,-194,0,1,70,0,160,112,16,16,0,133,-187,0,1,60,0,160,112,16,16,0,42,-165,0,1,80,0,160,112,16,16,0,109,-168,0,1,20,0,176,112,16,16,0,38,-211,0,1,70,0,160,0,112,80,0,96,-145,0,0,100,0,160,80,32,32,0,19,-226,0,0,100,0,0,0,160,176,0,0,-256,0,0,100,0,1088,0,192,256,0,
0,9,118,-155,0,1,80,0,160,112,16,16,0,74,-203,0,1,100,0,160,112,16,16,0,120,-194,0,1,80,0,160,112,16,16,0,133,-187,0,1,40,0,160,112,16,16,0,42,-165,0,1,60,0,160,112,16,16,0,38,-211,0,1,80,0,160,0,112,80,0,96,-145,0,0,100,0,160,80,32,32,0,19,-226,0,0,100,0,0,0,160,176,0,0,-256,0,0,100,0,1088,0,192,256,0,
0,9,118,-155,0,1,90,0,160,112,16,16,0,74,-203,0,1,90,0,160,112,16,16,0,120,-194,0,1,90,0,160,112,16,16,0,133,-187,0,1,20,0,160,112,16,16,0,42,-165,0,1,40,0,160,112,16,16,0,38,-211,0,1,70,0,160,0,112,80,0,96,-145,0,0,100,0,160,80,32,32,0,19,-226,0,0,100,0,0,0,160,176,0,0,-256,0,0,100,0,1088,0,192,256,0,
0,8,118,-155,0,1,100,0,160,112,16,16,0,74,-203,0,1,80,0,160,112,16,16,0,120,-194,0,1,90,0,160,112,16,16,0,42,-165,0,1,20,0,160,112,16,16,0,38,-211,0,1,60,0,160,0,112,80,0,96,-145,0,0,100,0,160,80,32,32,0,19,-226,0,0,100,0,0,0,160,176,0,0,-256,0,0,100,0,1088,0,192,256,0,
0,7,118,-155,0,1,90,0,160,112,16,16,0,74,-203,0,1,70,0,160,112,16,16,0,120,-194,0,1,80,0,160,112,16,16,0,38,-211,0,1,50,0,160,0,112,80,0,96,-145,0,0,100,0,160,80,32,32,0,19,-226,0,0,100,0,0,0,160,176,0,0,-256,0,0,100,0,1088,0,192,256,0,
0,12,98,-132,0,0,100,0,176,128,16,16,0,118,-121,1,0,20,0,160,128,16,16,0,47,-113,0,0,80,0,528,0,32,32,0,47,-113,0,0,100,0,272,0,32,32,0,118,-155,0,1,80,0,160,112,16,16,0,74,-203,0,1,60,0,160,112,16,16,0,120,-194,0,1,70,0,160,112,16,16,0,35,-180,0,1,20,0,160,112,16,16,0,38,-211,0,1,40,0,160,0,112,80,0,96,-145,0,0,100,0,160,80,32,32,0,19,-226,0,0,100,0,0,0,160,176,0,0,-256,0,0,100,0,1088,0,192,256,0,
0,12,95,-130,0,0,100,0,176,128,16,16,0,49,-114,0,0,40,0,560,0,32,32,0,49,-114,0,0,100,0,304,0,32,32,0,118,-155,0,1,90,0,160,112,16,16,0,74,-203,0,1,70,0,160,112,16,16,0,120,-194,0,1,80,0,160,112,16,16,0,35,-180,0,1,40,0,160,112,16,16,0,65,-185,0,1,50,0,176,112,16,16,0,38,-211,0,1,50,0,160,0,112,80,0,96,-145,0,0,100,0,160,80,32,32,0,19,-226,0,0,100,0,0,0,160,176,0,0,-256,0,0,100,0,1088,0,192,256,0,
0,11,91,-128,0,0,80,0,176,128,16,16,0,51,-115,0,0,100,0,272,0,32,32,0,118,-155,0,1,100,0,160,112,16,16,0,74,-203,0,1,80,0,160,112,16,16,0,120,-194,0,1,90,0,160,112,16,16,0,35,-180,0,1,60,0,160,112,16,16,0,65,-185,0,1,100,0,176,112,16,16,0,38,-211,0,1,60,0,160,0,112,80,0,96,-145,0,0,100,0,160,80,32,32,0,19,-226,0,0,100,0,0,0,160,176,0,0,-256,0,0,100,0,1088,0,192,256,0,
0,15,87,-127,0,0,60,0,176,128,16,16,0,60,-100,0,0,80,0,496,32,32,32,0,60,-100,0,0,100,0,272,32,32,32,0,53,-116,0,0,100,0,336,0,32,32,0,53,-96,0,0,100,0,1056,0,32,16,0,118,-155,0,1,90,0,160,112,16,16,0,74,-203,0,1,90,0,160,112,16,16,0,120,-194,0,1,100,0,160,112,16,16,0,133,-187,0,1,20,0,160,112,16,16,0,35,-180,0,1,80,0,160,112,16,16,0,65,-185,0,1,80,0,176,112,16,16,0,38,-211,0,1,70,0,160,0,112,80,0,96,-145,0,0,100,0,160,80,32,32,0,19,-226,0,0,100,0,0,0,160,176,0,0,-256,0,0,100,0,1088,0,192,256,0,
0,15,83,-126,0,0,40,0,176,128,16,16,0,62,-101,0,0,40,0,528,32,32,32,0,62,-101,0,0,100,0,304,32,32,32,0,55,-117,0,0,100,0,272,0,32,32,0,55,-97,0,0,100,0,1056,0,32,16,0,118,-155,0,1,80,0,160,112,16,16,0,74,-203,0,1,100,0,160,112,16,16,0,120,-194,0,1,90,0,160,112,16,16,0,133,-187,0,1,40,0,160,112,16,16,0,35,-180,0,1,100,0,160,112,16,16,0,65,-185,0,1,60,0,176,112,16,16,0,38,-211,0,1,80,0,160,0,112,80,0,96,-145,0,0,100,0,160,80,32,32,0,19,-226,0,0,100,0,0,0,160,176,0,0,-256,0,0,100,0,1088,0,192,256,0,
0,16,80,-125,0,0,20,0,176,128,16,16,0,64,-102,0,0,100,0,336,32,32,32,0,65,-87,0,0,100,0,1056,0,32,16,0,57,-118,0,0,100,0,304,0,32,32,0,57,-98,0,0,100,0,1056,0,32,16,0,118,-155,0,1,90,0,160,112,16,16,0,74,-203,0,1,90,0,160,112,16,16,0,120,-194,0,1,80,0,160,112,16,16,0,133,-187,0,1,60,0,160,112,16,16,0,42,-165,0,1,20,0,160,112,16,16,0,35,-180,0,1,100,0,160,112,16,16,0,65,-185,0,1,30,0,176,112,16,16,0,38,-211,0,1,70,0,160,0,112,80,0,96,-145,0,0,100,0,160,80,32,32,0,19,-226,0,0,100,0,0,0,160,176,0,0,-256,0,0,100,0,1088,0,192,256,0,
0,14,66,-103,0,0,100,0,368,32,32,32,0,67,-88,0,0,100,0,1056,0,32,16,0,59,-119,0,0,100,0,272,0,32,32,0,59,-99,0,0,100,0,1056,0,32,16,0,118,-155,0,1,100,0,160,112,16,16,0,74,-203,0,1,80,0,160,112,16,16,0,120,-194,0,1,70,0,160,112,16,16,0,133,-187,0,1,80,0,160,112,16,16,0,42,-165,0,1,40,0,160,112,16,16,0,35,-180,0,1,100,0,160,112,16,16,0,38,-211,0,1,60,0,160,0,112,80,0,96,-145,0,0,100,0,160,80,32,32,0,19,-226,0,0,100,0,0,0,160,176,0,0,-256,0,0,100,0,1088,0,192,256,0,
0,15,68,-104,0,0,100,0,272,32,32,32,0,69,-89,0,0,100,0,1056,0,32,16,0,61,-120,0,0,100,0,336,0,32,32,0,61,-100,0,0,100,0,1056,0,32,16,0,118,-155,0,1,90,0,160,112,16,16,0,74,-203,0,1,70,0,160,112,16,16,0,120,-194,0,1,80,0,160,112,16,16,0,133,-187,0,1,100,0,160,112,16,16,0,42,-165,0,1,60,0,160,112,16,16,0,35,-180,0,1,80,0,160,112,16,16,0,109,-168,0,1,50,0,176,112,16,16,0,38,-211,0,1,50,0,160,0,112,80,0,96,-145,0,0,100,0,160,80,32,32,0,19,-226,0,0,100,0,0,0,160,176,0,0,-256,0,0,100,0,1088,0,192,256,0,
0,15,70,-105,0,0,100,0,304,32,32,32,0,71,-90,0,0,100,0,1056,0,32,16,0,63,-121,0,0,100,0,272,0,32,32,0,63,-101,0,0,100,0,1056,0,32,16,0,118,-155,0,1,80,0,160,112,16,16,0,74,-203,0,1,60,0,160,112,16,16,0,120,-194,0,1,90,0,160,112,16,16,0,133,-187,0,1,100,0,160,112,16,16,0,42,-165,0,1,80,0,160,112,16,16,0,35,-180,0,1,60,0,160,112,16,16,0,109,-168,0,1,100,0,176,112,16,16,0,38,-211,0,1,40,0,160,0,112,80,0,96,-145,0,0,100,0,160,80,32,32,0,19,-226,0,0,100,0,0,0,160,176,0,0,-256,0,0,100,0,1088,0,192,256,0,
0,15,72,-106,0,0,100,0,336,32,32,32,0,73,-91,0,0,100,0,1056,0,32,16,0,63,-121,0,0,100,0,272,0,32,32,0,63,-101,0,0,100,0,1056,0,32,16,0,118,-155,0,1,90,0,160,112,16,16,0,74,-203,0,1,70,0,160,112,16,16,0,120,-194,0,1,100,0,160,112,16,16,0,133,-187,0,1,100,0,160,112,16,16,0,42,-165,0,1,100,0,160,112,16,16,0,35,-180,0,1,40,0,160,112,16,16,0,109,-168,0,1,80,0,176,112,16,16,0,38,-211,0,1,50,0,160,0,112,80,0,96,-145,0,0,100,0,160,80,32,32,0,19,-226,0,0,100,0,0,0,160,176,0,0,-256,0,0,100,0,1088,0,192,256,0,
0,16,34,-173,1,0,40,0,192,128,16,16,0,74,-107,0,0,100,0,272,32,32,32,0,75,-92,0,0,100,0,1056,0,32,16,0,63,-121,0,0,100,0,272,0,32,32,0,63,-101,0,0,100,0,1056,0,32,16,0,118,-155,0,1,100,0,160,112,16,16,0,74,-203,0,1,80,0,160,112,16,16,0,120,-194,0,1,80,0,160,112,16,16,0,133,-187,0,1,80,0,160,112,16,16,0,42,-165,0,1,100,0,160,112,16,16,0,35,-180,0,1,20,0,160,112,16,16,0,109,-168,0,1,50,0,176,112,16,16,0,38,-211,0,1,60,0,160,0,112,80,0,96,-145,0,0,100,0,160,80,32,32,0,19,-226,0,0,100,0,0,0,160,176,0,0,-256,0,0,100,0,1088,0,192,256,0,
0,15,31,-167,1,0,80,0,192,128,16,16,0,74,-107,0,0,100,0,272,32,32,32,0,75,-92,0,0,100,0,1056,0,32,16,0,63,-121,0,0,100,0,272,0,32,32,0,63,-101,0,0,100,0,1056,0,32,16,0,118,-155,0,1,90,0,160,112,16,16,0,74,-203,0,1,90,0,160,112,16,16,0,120,-194,0,1,70,0,160,112,16,16,0,133,-187,0,1,60,0,160,112,16,16,0,42,-165,0,1,80,0,160,112,16,16,0,109,-168,0,1,20,0,176,112,16,16,0,38,-211,0,1,70,0,160,0,112,80,0,96,-145,0,0,100,0,160,80,32,32,0,19,-226,0,0,100,0,0,0,160,176,0,0,-256,0,0,100,0,1088,0,192,256,0,
0,14,27,-160,1,0,100,0,192,128,16,16,0,74,-107,0,0,100,0,272,32,32,32,0,75,-92,0,0,100,0,1056,0,32,16,0,63,-121,0,0,100,0,272,0,32,32,0,63,-101,0,0,100,0,1056,0,32,16,0,118,-155,0,1,80,0,160,112,16,16,0,74,-203,0,1,100,0,160,112,16,16,0,120,-194,0,1,80,0,160,112,16,16,0,133,-187,0,1,40,0,160,112,16,16,0,42,-165,0,1,60,0,160,112,16,16,0,38,-211,0,1,80,0,160,0,112,80,0,96,-145,0,0,100,0,160,80,32,32,0,19,-226,0,0,100,0,0,0,160,176,0,0,-256,0,0,100,0,1088,0,192,256,0,
0,14,22,-152,1,0,100,0,192,128,16,16,0,74,-107,0,0,100,0,272,32,32,32,0,75,-92,0,0,100,0,1056,0,32,16,0,63,-121,0,0,100,0,464,0,32,32,0,63,-101,0,0,100,0,1056,0,32,16,0,118,-155,0,1,90,0,160,112,16,16,0,74,-203,0,1,90,0,160,112,16,16,0,120,-194,0,1,90,0,160,112,16,16,0,133,-187,0,1,20,0,160,112,16,16,0,42,-165,0,1,40,0,160,112,16,16,0,38,-211,0,1,70,0,160,0,112,80,0,96,-145,0,0,100,0,160,80,32,32,0,19,-226,0,0,100,0,0,0,160,176,0,0,-256,0,0,100,0,1088,0,192,256,0,
0,14,79,-194,0,0,40,0,160,128,16,16,0,17,-144,1,0,100,0,192,128,16,16,0,74,-107,0,0,100,0,272,32,32,32,0,75,-92,0,0,100,0,1056,0,32,16,0,63,-121,0,0,100,0,496,0,32,32,0,63,-101,0,0,100,0,1056,0,32,16,0,118,-155,0,1,100,0,160,112,16,16,0,74,-203,0,1,80,0,160,112,16,16,0,120,-194,0,1,90,0,160,112,16,16,0,42,-165,0,1,20,0,160,112,16,16,0,38,-211,0,1,60,0,160,0,112,80,0,96,-145,0,0,100,0,160,80,32,32,0,19,-226,0,0,100,0,0,0,160,176,0,0,-256,0,0,100,0,1088,0,192,256,0,
0,13,75,-189,0,0,80,0,160,128,16,16,0,12,-137,1,0,100,0,192,128,16,16,0,74,-107,0,0,100,0,272,32,32,32,0,75,-92,0,0,100,0,1056,0,32,16,0,63,-121,0,0,100,0,496,0,32,32,0,63,-101,0,0,100,0,1056,0,32,16,0,118,-155,0,1,90,0,160,112,16,16,0,74,-203,0,1,70,0,160,112,16,16,0,120,-194,0,1,80,0,160,112,16,16,0,38,-211,0,1,50,0,160,0,112,80,0,96,-145,0,0,100,0,160,80,32,32,0,19,-226,0,0,100,0,0,0,160,176,0,0,-256,0,0,100,0,1088,0,192,256,0,
0,14,69,-184,0,0,100,0,160,128,16,16,0,7,-131,1,0,100,0,192,128,16,16,0,74,-107,0,0,100,0,272,32,32,32,0,75,-92,0,0,100,0,1056,0,32,16,0,63,-121,0,0,100,0,496,0,32,32,0,63,-101,0,0,100,0,1056,0,32,16,0,118,-155,0,1,80,0,160,112,16,16,0,74,-203,0,1,60,0,160,112,16,16,0,120,-194,0,1,70,0,160,112,16,16,0,35,-180,0,1,20,0,160,112,16,16,0,38,-211,0,1,40,0,160,0,112,80,0,96,-145,0,0,100,0,160,80,32,32,0,19,-226,0,0,100,0,0,0,160,176,0,0,-256,0,0,100,0,1088,0,192,256,0,
0,17,63,-180,0,0,100,0,160,128,16,16,0,3,-127,1,0,100,0,192,128,16,16,0,75,-188,0,1,30,0,624,0,48,64,0,84,-181,0,0,30,0,592,0,32,48,0,74,-107,0,0,100,0,272,32,32,32,0,75,-92,0,0,100,0,1056,0,32,16,0,63,-121,0,0,100,0,496,0,32,32,0,63,-101,0,0,100,0,1056,0,32,16,0,118,-155,0,1,90,0,160,112,16,16,0,74,-203,0,1,70,0,160,112,16,16,0,120,-194,0,1,80,0,160,112,16,16,0,35,-180,0,1,40,0,160,112,16,16,0,65,-185,0,1,50,0,176,112,16,16,0,38,-211,0,1,50,0,160,0,112,80,0,96,-145,0,0,100,0,160,80,32,32,0,19,-226,0,0,100,0,0,0,160,176,0,0,-256,0,0,100,0,1088,0,192,256,0,
0,31,60,-178,0,0,100,0,160,128,16,16,0,2,-125,1,0,80,0,192,128,16,16,0,120,-167,0,1,100,0,768,0,16,80,0,120,-145,1,0,40,0,672,0,16,32,0,107,-161,0,1,100,0,768,0,16,80,0,107,-138,0,0,40,0,720,0,16,32,0,89,-161,0,1,100,0,768,0,16,80,0,89,-139,0,0,40,0,704,0,16,32,0,75,-165,0,1,100,0,768,0,16,80,0,75,-141,0,0,40,0,688,0,16,32,0,70,-174,0,1,100,0,768,0,16,80,0,70,-150,0,0,40,0,672,0,16,32,0,75,-188,0,1,60,0,624,0,48,64,0,84,-181,0,0,60,0,592,0,32,48,0,113,-178,0,1,100,0,768,0,16,80,0,113,-156,0,0,40,0,704,0,16,32,0,78,-179,0,1,100,0,768,0,16,80,0,79,-160,1,0,30,0,704,0,16,32,0,74,-107,0,0,100,0,272,32,32,32,0,75,-92,0,0,100,0,1056,0,32,16,0,63,-121,0,0,100,0,496,0,32,32,0,63,-101,0,0,100,0,1056,0,32,16,0,118,-155,0,1,100,0,160,112,16,16,0,74,-203,0,1,80,0,160,112,16,16,0,120,-194,0,1,90,0,160,112,16,16,0,35,-180,0,1,60,0,160,112,16,16,0,65,-185,0,1,100,0,176,112,16,16,0,38,-211,0,1,60,0,160,0,112,80,0,96,-145,0,0,100,0,160,80,32,32,0,19,-226,0,0,100,0,0,0,160,176,0,0,-256,0,0,100,0,1088,0,192,256,0,
0,39,58,-177,0,0,100,0,160,128,16,16,0,4,-120,1,0,60,0,192,128,16,16,0,120,-169,0,1,100,0,752,0,16,64,0,121,-154,1,1,40,0,672,32,16,32,0,120,-152,1,0,70,0,672,0,16,32,0,107,-163,0,1,100,0,752,0,16,64,0,98,-147,1,1,40,0,688,32,32,32,0,107,-145,0,0,70,0,720,0,16,32,0,89,-163,0,1,100,0,752,0,16,64,0,82,-146,0,1,40,0,720,32,32,32,0,89,-146,0,0,70,0,704,0,16,32,0,75,-167,0,1,100,0,752,0,16,64,0,69,-150,0,1,40,0,688,32,32,32,0,75,-148,0,0,70,0,688,0,16,32,0,70,-176,0,1,100,0,752,0,16,64,0,68,-156,0,1,40,0,672,32,16,32,0,70,-157,0,0,70,0,672,0,16,32,0,75,-188,0,1,80,0,624,0,48,64,0,84,-181,0,0,80,0,592,0,32,48,0,113,-180,0,1,100,0,752,0,16,64,0,105,-163,0,1,40,0,720,32,32,32,0,113,-163,0,0,70,0,704,0,16,32,0,78,-182,0,1,100,0,752,0,16,64,0,69,-169,1,1,40,0,688,32,32,32,0,79,-167,1,0,70,0,704,0,16,32,0,74,-107,0,0,100,0,272,32,32,32,0,75,-92,0,0,100,0,1056,0,32,16,0,63,-121,0,0,100,0,496,0,32,32,0,63,-101,0,0,100,0,1056,0,32,16,0,118,-155,0,1,90,0,160,112,16,16,0,74,-203,0,1,90,0,160,112,16,16,0,120,-194,0,1,100,0,160,112,16,16,0,133,-187,0,1,20,0,160,112,16,16,0,35,-180,0,1,80,0,160,112,16,16,0,65,-185,0,1,80,0,176,112,16,16,0,38,-211,0,1,70,0,160,0,112,80,0,96,-145,0,0,100,0,160,80,32,32,0,19,-226,0,0,100,0,0,0,160,176,0,0,-256,0,0,100,0,1088,0,192,256,0,
0,33,60,-174,0,0,100,0,160,128,16,16,0,8,-115,1,0,40,0,192,128,16,16,0,121,-159,1,1,40,0,672,32,16,32,0,120,-157,1,0,100,0,672,0,16,32,0,98,-152,1,1,40,0,688,32,32,32,0,107,-150,0,0,100,0,720,0,16,32,0,82,-151,0,1,40,0,720,32,32,32,0,89,-151,0,0,100,0,704,0,16,32,0,69,-155,0,1,40,0,688,32,32,32,0,75,-153,0,0,100,0,688,0,16,32,0,68,-161,0,1,40,0,672,32,16,32,0,70,-162,0,0,100,0,672,0,16,32,0,75,-188,0,1,80,0,624,0,48,64,0,84,-181,0,0,90,0,592,0,32,48,0,105,-168,0,1,40,0,720,32,32,32,0,113,-168,0,0,100,0,704,0,16,32,0,69,-174,1,1,40,0,688,32,32,32,0,79,-172,1,0,100,0,704,0,16,32,0,87,-118,0,1,100,0,464,32,32,32,0,74,-108,0,0,100,0,400,32,32,32,0,75,-92,0,0,100,0,1056,0,32,16,0,63,-121,0,0,100,0,496,0,32,32,0,63,-101,0,0,100,0,1056,0,32,16,0,118,-155,0,1,80,0,160,112,16,16,0,74,-203,0,1,100,0,160,112,16,16,0,120,-194,0,1,90,0,160,112,16,16,0,133,-187,0,1,40,0,160,112,16,16,0,35,-180,0,1,100,0,160,112,16,16,0,65,-185,0,1,60,0,176,112,16,16,0,38,-211,0,1,80,0,160,0,112,80,0,96,-145,0,0,100,0,160,80,32,32,0,19,-226,0,0,100,0,0,0,160,176,0,0,-256,0,0,100,0,1088,0,192,256,0,
0,35,63,-170,0,0,100,0,160,128,16,16,0,13,-111,1,0,20,0,192,128,16,16,0,37,-155,0,0,100,0,160,128,16,16,0,121,-159,1,1,60,0,672,32,16,32,0,120,-157,1,0,100,0,672,0,16,32,0,98,-152,1,1,60,0,688,32,32,32,0,107,-150,0,0,100,0,720,0,16,32,0,82,-151,0,1,60,0,720,32,32,32,0,89,-151,0,0,100,0,704,0,16,32,0,69,-155,0,1,60,0,688,32,32,32,0,75,-153,0,0,100,0,688,0,16,32,0,68,-161,0,1,60,0,672,32,16,32,0,70,-162,0,0,100,0,672,0,16,32,0,75,-188,0,1,75,0,624,0,48,64,0,84,-181,0,0,100,0,592,0,32,48,0,105,-168,0,1,60,0,720,32,32,32,0,113,-168,0,0,100,0,704,0,16,32,0,69,-174,1,1,60,0,688,32,32,32,0,79,-172,1,0,100,0,704,0,16,32,0,87,-118,0,1,100,0,464,32,32,32,0,74,-107,0,0,100,0,400,32,32,32,0,75,-92,0,0,100,0,1056,0,32,16,0,63,-121,0,0,100,0,496,0,32,32,0,63,-101,0,0,100,0,1056,0,32,16,0,118,-155,0,1,90,0,160,112,16,16,0,74,-203,0,1,90,0,160,112,16,16,0,120,-194,0,1,80,0,160,112,16,16,0,133,-187,0,1,60,0,160,112,16,16,0,42,-165,0,1,20,0,160,112,16,16,0,35,-180,0,1,100,0,160,112,16,16,0,65,-185,0,1,30,0,176,112,16,16,0,38,-211,0,1,70,0,160,0,112,80,0,96,-145,0,0,100,0,160,80,32,32,0,19,-226,0,0,100,0,0,0,160,176,0,0,-256,0,0,100,0,1088,0,192,256,0,
0,32,67,-167,0,0,100,0,160,128,16,16,0,34,-151,0,0,100,0,160,128,16,16,0,121,-159,1,1,60,0,672,32,16,32,0,120,-157,1,0,100,0,672,0,16,32,0,98,-152,1,1,60,0,688,32,32,32,0,107,-150,0,0,100,0,720,0,16,32,0,82,-151,0,1,60,0,720,32,32,32,0,89,-151,0,0,100,0,704,0,16,32,0,69,-155,0,1,60,0,688,32,32,32,0,75,-153,0,0,100,0,688,0,16,32,0,68,-161,0,1,60,0,672,32,16,32,0,70,-162,0,0,100,0,672,0,16,32,0,75,-188,0,1,70,0,624,0,48,64,0,84,-181,0,0,100,0,592,0,32,48,0,105,-168,0,1,60,0,720,32,32,32,0,113,-168,0,0,100,0,704,0,16,32,0,69,-174,1,1,60,0,688,32,32,32,0,79,-172,1,0,100,0,704,0,16,32,0,74,-107,0,0,100,0,432,32,32,32,0,75,-92,0,0,100,0,1056,0,32,16,0,63,-121,0,0,100,0,496,0,32,32,0,63,-101,0,0,100,0,1056,0,32,16,0,118,-155,0,1,100,0,160,112,16,16,0,74,-203,0,1,80,0,160,112,16,16,0,120,-194,0,1,70,0,160,112,16,16,0,133,-187,0,1,80,0,160,112,16,16,0,42,-165,0,1,40,0,160,112,16,16,0,35,-180,0,1,100,0,160,112,16,16,0,38,-211,0,1,60,0,160,0,112,80,0,96,-145,0,0,100,0,160,80,32,32,0,19,-226,0,0,100,0,0,0,160,176,0,0,-256,0,0,100,0,1088,0,192,256,0,
0,33,73,-164,0,0,100,0,160,128,16,16,0,28,-146,0,0,100,0,160,128,16,16,0,121,-159,1,1,60,0,672,32,16,32,0,120,-157,1,0,100,0,672,0,16,32,0,98,-152,1,1,60,0,688,32,32,32,0,107,-150,0,0,100,0,720,0,16,32,0,82,-151,0,1,60,0,720,32,32,32,0,89,-151,0,0,100,0,704,0,16,32,0,69,-155,0,1,60,0,688,32,32,32,0,75,-153,0,0,100,0,688,0,16,32,0,68,-161,0,1,60,0,672,32,16,32,0,70,-162,0,0,100,0,672,0,16,32,0,75,-188,0,1,75,0,624,0,48,64,0,84,-181,0,0,100,0,592,0,32,48,0,105,-168,0,1,60,0,720,32,32,32,0,113,-168,0,0,100,0,704,0,16,32,0,69,-174,1,1,60,0,688,32,32,32,0,79,-172,1,0,100,0,704,0,16,32,0,74,-107,0,0,100,0,272,32,32,32,0,75,-92,0,0,100,0,1056,0,32,16,0,63,-121,0,0,100,0,496,0,32,32,0,63,-101,0,0,100,0,1056,0,32,16,0,118,-155,0,1,90,0,160,112,16,16,0,74,-203,0,1,70,0,160,112,16,16,0,120,-194,0,1,80,0,160,112,16,16,0,133,-187,0,1,100,0,160,112,16,16,0,42,-165,0,1,60,0,160,112,16,16,0,35,-180,0,1,80,0,160,112,16,16,0,109,-168,0,1,50,0,176,112,16,16,0,38,-211,0,1,50,0,160,0,112,80,0,96,-145,0,0,100,0,160,80,32,32,0,19,-226,0,0,100,0,0,0,160,176,0,0,-256,0,0,100,0,1088,0,192,256,0,
0,33,79,-160,0,0,100,0,160,128,16,16,0,22,-142,0,0,100,0,160,128,16,16,0,121,-159,1,1,60,0,672,32,16,32,0,120,-157,1,0,100,0,672,0,16,32,0,98,-152,1,1,60,0,688,32,32,32,0,107,-150,0,0,100,0,720,0,16,32,0,82,-151,0,1,60,0,720,32,32,32,0,89,-151,0,0,100,0,704,0,16,32,0,69,-155,0,1,60,0,688,32,32,32,0,75,-153,0,0,100,0,688,0,16,32,0,68,-161,0,1,60,0,672,32,16,32,0,70,-162,0,0,100,0,672,0,16,32,0,75,-188,0,1,80,0,624,0,48,64,0,84,-181,0,0,100,0,592,0,32,48,0,105,-168,0,1,60,0,720,32,32,32,0,113,-168,0,0,100,0,704,0,16,32,0,69,-174,1,1,60,0,688,32,32,32,0,79,-172,1,0,100,0,704,0,16,32,0,74,-107,0,0,100,0,272,32,32,32,0,75,-92,0,0,100,0,1056,0,32,16,0,63,-121,0,0,100,0,496,0,32,32,0,63,-101,0,0,100,0,1056,0,32,16,0,118,-155,0,1,80,0,160,112,16,16,0,74,-203,0,1,60,0,160,112,16,16,0,120,-194,0,1,90,0,160,112,16,16,0,133,-187,0,1,100,0,160,112,16,16,0,42,-165,0,1,80,0,160,112,16,16,0,35,-180,0,1,60,0,160,112,16,16,0,109,-168,0,1,100,0,176,112,16,16,0,38,-211,0,1,40,0,160,0,112,80,0,96,-145,0,0,100,0,160,80,32,32,0,19,-226,0,0,100,0,0,0,160,176,0,0,-256,0,0,100,0,1088,0,192,256,0,
0,33,86,-158,0,0,100,0,160,128,16,16,0,16,-138,0,0,100,0,160,128,16,16,0,121,-159,1,1,60,0,672,32,16,32,0,120,-157,1,0,100,0,672,0,16,32,0,98,-152,1,1,60,0,688,32,32,32,0,107,-150,0,0,100,0,720,0,16,32,0,82,-151,0,1,60,0,720,32,32,32,0,89,-151,0,0,100,0,704,0,16,32,0,69,-155,0,1,60,0,688,32,32,32,0,75,-153,0,0,100,0,688,0,16,32,0,68,-161,0,1,60,0,672,32,16,32,0,70,-162,0,0,100,0,672,0,16,32,0,75,-188,0,1,75,0,624,0,48,64,0,84,-181,0,0,100,0,592,0,32,48,0,105,-168,0,1,60,0,720,32,32,32,0,113,-168,0,0,100,0,704,0,16,32,0,69,-174,1,1,60,0,688,32,32,32,0,79,-172,1,0,100,0,704,0,16,32,0,74,-107,0,0,100,0,288,64,32,32,0,75,-92,0,0,100,0,1056,0,32,16,0,63,-121,0,0,100,0,496,0,32,32,0,63,-101,0,0,100,0,1056,0,32,16,0,118,-155,0,1,90,0,160,112,16,16,0,74,-203,0,1,70,0,160,112,16,16,0,120,-194,0,1,100,0,160,112,16,16,0,133,-187,0,1,100,0,160,112,16,16,0,42,-165,0,1,100,0,160,112,16,16,0,35,-180,0,1,40,0,160,112,16,16,0,109,-168,0,1,80,0,176,112,16,16,0,38,-211,0,1,50,0,160,0,112,80,0,96,-145,0,0,100,0,160,80,32,32,0,19,-226,0,0,100,0,0,0,160,176,0,0,-256,0,0,100,0,1088,0,192,256,0,
0,33,92,-157,0,0,100,0,160,128,16,16,0,10,-135,0,0,100,0,160,128,16,16,0,121,-159,1,1,60,0,672,32,16,32,0,120,-157,1,0,100,0,672,0,16,32,0,98,-152,1,1,60,0,688,32,32,32,0,107,-150,0,0,100,0,720,0,16,32,0,82,-151,0,1,60,0,720,32,32,32,0,89,-151,0,0,100,0,704,0,16,32,0,69,-155,0,1,60,0,688,32,32,32,0,75,-153,0,0,100,0,688,0,16,32,0,68,-161,0,1,60,0,672,32,16,32,0,70,-162,0,0,100,0,672,0,16,32,0,75,-188,0,1,70,0,624,0,48,64,0,84,-181,0,0,100,0,592,0,32,48,0,105,-168,0,1,60,0,720,32,32,32,0,113,-168,0,0,100,0,704,0,16,32,0,69,-174,1,1,60,0,688,32,32,32,0,79,-172,1,0,100,0,704,0,16,32,0,74,-107,0,0,100,0,320,64,32,32,0,75,-92,0,0,100,0,1056,0,32,16,0,63,-121,0,0,100,0,496,0,32,32,0,63,-101,0,0,100,0,1056,0,32,16,0,118,-155,0,1,100,0,160,112,16,16,0,74,-203,0,1,80,0,160,112,16,16,0,120,-194,0,1,80,0,160,112,16,16,0,133,-187,0,1,80,0,160,112,16,16,0,42,-165,0,1,100,0,160,112,16,16,0,35,-180,0,1,20,0,160,112,16,16,0,109,-168,0,1,50,0,176,112,16,16,0,38,-211,0,1,60,0,160,0,112,80,0,96,-145,0,0,100,0,160,80,32,32,0,19,-226,0,0,100,0,0,0,160,176,0,0,-256,0,0,100,0,1088,0,192,256,0,
0,33,97,-156,0,0,80,0,160,128,16,16,0,128,-139,0,0,100,0,176,128,16,16,0,4,-132,0,0,80,0,160,128,16,16,0,121,-159,1,1,60,0,672,32,16,32,0,120,-157,1,0,100,0,672,0,16,32,0,98,-152,1,1,60,0,688,32,32,32,0,107,-150,0,0,100,0,720,0,16,32,0,82,-151,0,1,60,0,720,32,32,32,0,89,-151,0,0,100,0,704,0,16,32,0,69,-155,0,1,60,0,688,32,32,32,0,75,-153,0,0,100,0,688,0,16,32,0,68,-161,0,1,60,0,672,32,16,32,0,70,-162,0,0,100,0,672,0,16,32,0,75,-188,0,1,75,0,624,0,48,64,0,84,-181,0,0,100,0,592,0,32,48,0,105,-168,0,1,60,0,720,32,32,32,0,113,-168,0,0,100,0,704,0,16,32,0,69,-174,1,1,60,0,688,32,32,32,0,79,-172,1,0,100,0,704,0,16,32,0,74,-107,0,0,100,0,352,64,32,32,0,75,-92,0,0,100,0,1056,0,32,16,0,63,-121,0,0,100,0,496,0,32,32,0,63,-101,0,0,100,0,1056,0,32,16,0,118,-155,0,1,90,0,160,112,16,16,0,74,-203,0,1,90,0,160,112,16,16,0,120,-194,0,1,70,0,160,112,16,16,0,133,-187,0,1,60,0,160,112,16,16,0,42,-165,0,1,80,0,160,112,16,16,0,109,-168,0,1,20,0,176,112,16,16,0,38,-211,0,1,70,0,160,0,112,80,0,96,-145,0,0,100,0,160,80,32,32,0,19,-226,0,0,100,0,0,0,160,176,0,0,-256,0,0,100,0,1088,0,192,256,0,
0,32,95,-153,0,0,60,0,160,128,16,16,0,130,-134,0,0,100,0,176,128,16,16,0,-1,-130,0,0,60,0,160,128,16,16,0,121,-159,1,1,60,0,672,32,16,32,0,120,-157,1,0,100,0,672,0,16,32,0,98,-152,1,1,60,0,688,32,32,32,0,107,-150,0,0,100,0,720,0,16,32,0,82,-151,0,1,60,0,720,32,32,32,0,89,-151,0,0,100,0,704,0,16,32,0,69,-155,0,1,60,0,688,32,32,32,0,75,-153,0,0,100,0,688,0,16,32,0,68,-161,0,1,60,0,672,32,16,32,0,70,-162,0,0,100,0,672,0,16,32,0,75,-188,0,1,80,0,624,0,48,64,0,84,-181,0,0,100,0,592,0,32,48,0,105,-168,0,1,60,0,720,32,32,32,0,113,-168,0,0,100,0,704,0,16,32,0,69,-174,1,1,60,0,688,32,32,32,0,79,-172,1,0,100,0,704,0,16,32,0,74,-107,0,0,100,0,272,32,32,32,0,75,-92,0,0,100,0,1056,0,32,16,0,63,-121,0,0,100,0,496,0,32,32,0,63,-101,0,0,100,0,1056,0,32,16,0,118,-155,0,1,80,0,160,112,16,16,0,74,-203,0,1,100,0,160,112,16,16,0,120,-194,0,1,80,0,160,112,16,16,0,133,-187,0,1,40,0,160,112,16,16,0,42,-165,0,1,60,0,160,112,16,16,0,38,-211,0,1,80,0,160,0,112,80,0,96,-145,0,0,100,0,160,80,32,32,0,19,-226,0,0,100,0,0,0,160,176,0,0,-256,0,0,100,0,1088,0,192,256,0,
0,32,90,-150,0,0,40,0,160,128,16,16,0,132,-130,0,0,100,0,176,128,16,16,0,-6,-128,0,0,40,0,160,128,16,16,0,121,-159,1,1,60,0,672,32,16,32,0,120,-157,1,0,100,0,672,0,16,32,0,98,-152,1,1,60,0,688,32,32,32,0,107,-150,0,0,100,0,720,0,16,32,0,82,-151,0,1,60,0,720,32,32,32,0,89,-151,0,0,100,0,704,0,16,32,0,69,-155,0,1,60,0,688,32,32,32,0,75,-153,0,0,100,0,688,0,16,32,0,68,-161,0,1,60,0,672,32,16,32,0,70,-162,0,0,100,0,672,0,16,32,0,75,-188,0,1,75,0,624,0,48,64,0,84,-181,0,0,100,0,592,0,32,48,0,105,-168,0,1,60,0,720,32,32,32,0,113,-168,0,0,100,0,704,0,16,32,0,69,-174,1,1,60,0,688,32,32,32,0,79,-172,1,0,100,0,704,0,16,32,0,74,-107,0,0,100,0,288,64,32,32,0,75,-92,0,0,100,0,1056,0,32,16,0,63,-121,0,0,100,0,496,0,32,32,0,63,-101,0,0,100,0,1056,0,32,16,0,118,-155,0,1,90,0,160,112,16,16,0,74,-203,0,1,90,0,160,112,16,16,0,120,-194,0,1,90,0,160,112,16,16,0,133,-187,0,1,20,0,160,112,16,16,0,42,-165,0,1,40,0,160,112,16,16,0,38,-211,0,1,70,0,160,0,112,80,0,96,-145,0,0,100,0,160,80,32,32,0,19,-226,0,0,100,0,0,0,160,176,0,0,-256,0,0,100,0,1088,0,192,256,0,
0,31,85,-148,0,0,20,0,160,128,16,16,0,134,-127,0,0,100,0,176,128,16,16,0,-10,-127,0,0,20,0,160,128,16,16,0,121,-159,1,1,60,0,672,32,16,32,0,120,-157,1,0,100,0,672,0,16,32,0,98,-152,1,1,60,0,688,32,32,32,0,107,-150,0,0,100,0,720,0,16,32,0,82,-151,0,1,80,0,720,32,32,32,0,89,-151,0,0,100,0,704,0,16,32,0,69,-155,0,1,60,0,688,32,32,32,0,75,-153,0,0,100,0,688,0,16,32,0,68,-161,0,1,60,0,672,32,16,32,0,70,-162,0,0,100,0,672,0,16,32,0,75,-188,0,1,70,0,624,0,48,64,0,84,-181,0,0,100,0,592,0,32,48,0,105,-168,0,1,60,0,720,32,32,32,0,113,-168,0,0,100,0,704,0,16,32,0,69,-174,1,1,60,0,688,32,32,32,0,79,-172,1,0,100,0,704,0,16,32,0,74,-107,0,0,100,0,320,64,32,32,0,75,-92,0,0,100,0,1056,0,32,16,0,63,-121,0,0,100,0,496,0,32,32,0,63,-101,0,0,100,0,1056,0,32,16,0,118,-155,0,1,100,0,160,112,16,16,0,74,-203,0,1,80,0,160,112,16,16,0,120,-194,0,1,90,0,160,112,16,16,0,42,-165,0,1,20,0,160,112,16,16,0,38,-211,0,1,60,0,160,0,112,80,0,96,-145,0,0,100,0,160,80,32,32,0,19,-226,0,0,100,0,0,0,160,176,0,0,-256,0,0,100,0,1088,0,192,256,0,
0,28,135,-125,0,0,100,0,176,128,16,16,0,121,-159,1,1,60,0,672,32,16,32,0,120,-157,1,0,100,0,672,0,16,32,0,98,-152,1,1,60,0,688,32,32,32,0,107,-150,0,0,100,0,720,0,16,32,0,82,-151,0,1,100,0,720,32,32,32,0,89,-151,0,0,100,0,704,0,16,32,0,69,-155,0,1,60,0,688,32,32,32,0,75,-153,0,0,100,0,688,0,16,32,0,68,-161,0,1,60,0,672,32,16,32,0,70,-162,0,0,100,0,672,0,16,32,0,75,-188,0,1,75,0,624,0,48,64,0,84,-181,0,0,100,0,656,64,32,48,0,105,-168,0,1,60,0,720,32,32,32,0,113,-168,0,0,100,0,704,0,16,32,0,69,-174,1,1,60,0,688,32,32,32,0,79,-172,1,0,100,0,704,0,16,32,0,74,-107,0,0,100,0,352,64,32,32,0,75,-92,0,0,100,0,1056,0,32,16,0,63,-121,0,0,100,0,496,0,32,32,0,63,-101,0,0,100,0,1056,0,32,16,0,118,-155,0,1,90,0,160,112,16,16,0,74,-203,0,1,70,0,160,112,16,16,0,120,-194,0,1,80,0,160,112,16,16,0,38,-211,0,1,50,0,160,0,112,80,0,96,-145,0,0,100,0,160,80,32,32,0,19,-226,0,0,100,0,0,0,160,176,0,0,-256,0,0,100,0,1088,0,192,256,0,
0,29,134,-123,0,0,80,0,176,128,16,16,0,121,-159,1,1,60,0,672,32,16,32,0,120,-157,1,0,100,0,672,0,16,32,0,98,-152,1,1,60,0,688,32,32,32,0,107,-150,0,0,100,0,720,0,16,32,0,82,-151,0,1,100,0,720,32,32,32,0,89,-151,0,0,100,0,704,0,16,32,0,69,-155,0,1,60,0,688,32,32,32,0,75,-153,0,0,100,0,688,0,16,32,0,68,-161,0,1,60,0,672,32,16,32,0,70,-162,0,0,100,0,672,0,16,32,0,75,-188,0,1,80,0,624,0,48,64,0,84,-181,0,0,100,0,656,64,32,48,0,105,-168,0,1,60,0,720,32,32,32,0,113,-168,0,0,100,0,704,0,16,32,0,69,-174,1,1,60,0,688,32,32,32,0,79,-172,1,0,100,0,704,0,16,32,0,74,-107,0,0,100,0,272,32,32,32,0,75,-92,0,0,100,0,1056,0,32,16,0,63,-121,0,0,100,0,464,0,32,32,0,63,-101,0,0,100,0,1056,0,32,16,0,118,-155,0,1,80,0,160,112,16,16,0,74,-203,0,1,60,0,160,112,16,16,0,120,-194,0,1,70,0,160,112,16,16,0,35,-180,0,1,20,0,160,112,16,16,0,38,-211,0,1,40,0,160,0,112,80,0,96,-145,0,0,100,0,160,80,32,32,0,19,-226,0,0,100,0,0,0,160,176,0,0,-256,0,0,100,0,1088,0,192,256,0,
0,30,132,-121,0,0,60,0,176,128,16,16,0,121,-159,1,1,60,0,672,32,16,32,0,120,-157,1,0,70,0,672,0,16,32,0,98,-152,1,1,60,0,688,32,32,32,0,107,-150,0,0,70,0,720,0,16,32,0,82,-149,0,1,100,0,720,32,32,32,0,89,-149,0,0,100,0,704,0,16,32,0,69,-155,0,1,60,0,688,32,32,32,0,75,-153,0,0,70,0,688,0,16,32,0,68,-161,0,1,60,0,672,32,16,32,0,70,-162,0,0,70,0,672,0,16,32,0,75,-188,0,1,75,0,624,0,48,64,0,84,-181,0,0,100,0,656,64,32,48,0,105,-168,0,1,60,0,720,32,32,32,0,113,-168,0,0,70,0,704,0,16,32,0,69,-174,1,1,60,0,688,32,32,32,0,79,-172,1,0,70,0,704,0,16,32,0,74,-107,0,0,100,0,288,64,32,32,0,75,-92,0,0,100,0,1056,0,32,16,0,63,-121,0,0,100,0,336,0,32,32,0,63,-101,0,0,100,0,1056,0,32,16,0,118,-155,0,1,90,0,160,112,16,16,0,74,-203,0,1,70,0,160,112,16,16,0,120,-194,0,1,80,0,160,112,16,16,0,35,-180,0,1,40,0,160,112,16,16,0,65,-185,0,1,50,0,176,112,16,16,0,38,-211,0,1,50,0,160,0,112,80,0,96,-145,0,0,100,0,160,80,32,32,0,19,-226,0,0,100,0,0,0,160,176,0,0,-256,0,0,100,0,1088,0,192,256,0,
0,30,129,-119,0,0,40,0,176,128,16,16,0,121,-159,1,1,40,0,672,32,16,32,0,120,-157,1,0,30,0,672,0,16,32,0,98,-152,1,1,40,0,688,32,32,32,0,107,-150,0,0,30,0,720,0,16,32,0,82,-148,0,1,100,0,720,32,32,32,0,89,-148,0,0,100,0,704,0,16,32,0,69,-155,0,1,40,0,688,32,32,32,0,75,-153,0,0,30,0,688,0,16,32,0,68,-161,0,1,40,0,672,32,16,32,0,70,-162,0,0,30,0,672,0,16,32,0,75,-188,0,1,70,0,624,0,48,64,0,83,-181,0,0,100,0,592,48,32,48,0,105,-168,0,1,40,0,720,32,32,32,0,113,-168,0,0,30,0,704,0,16,32,0,69,-174,1,1,40,0,688,32,32,32,0,79,-172,1,0,30,0,704,0,16,32,0,74,-107,0,0,100,0,320,64,32,32,0,75,-92,0,0,100,0,1056,0,32,16,0,63,-121,1,0,100,0,368,0,32,32,0,62,-100,0,0,100,0,1056,0,32,16,0,118,-155,0,1,100,0,160,112,16,16,0,74,-203,0,1,80,0,160,112,16,16,0,120,-194,0,1,90,0,160,112,16,16,0,35,-180,0,1,60,0,160,112,16,16,0,65,-185,0,1,100,0,176,112,16,16,0,38,-211,0,1,60,0,160,0,112,80,0,96,-145,0,0,100,0,160,80,32,32,0,19,-226,0,0,100,0,0,0,160,176,0,0,-256,0,0,100,0,1088,0,192,256,0,
0,19,126,-117,0,0,20,0,176,128,16,16,0,82,-164,0,1,100,0,720,32,32,32,0,89,-164,0,0,70,0,704,0,16,32,0,75,-188,0,1,75,0,624,0,48,64,0,83,-181,0,0,100,0,592,48,32,48,0,74,-107,0,0,100,0,352,64,32,32,0,75,-92,0,0,100,0,1056,0,32,16,0,60,-120,0,0,100,0,400,0,32,32,0,62,-99,0,0,100,0,1056,0,32,16,0,118,-155,0,1,90,0,160,112,16,16,0,74,-203,0,1,90,0,160,112,16,16,0,120,-194,0,1,100,0,160,112,16,16,0,133,-187,0,1,20,0,160,112,16,16,0,35,-180,0,1,80,0,160,112,16,16,0,65,-185,0,1,80,0,176,112,16,16,0,38,-211,0,1,70,0,160,0,112,80,0,96,-145,0,0,100,0,160,80,32,32,0,19,-226,0,0,100,0,0,0,160,176,0,0,-256,0,0,100,0,1088,0,192,256,0,
0,18,82,-191,0,1,100,0,720,32,32,32,0,89,-191,0,0,40,0,704,0,16,32,0,75,-188,0,1,80,0,624,0,48,64,0,83,-181,0,0,100,0,592,48,32,48,0,74,-107,0,0,100,0,272,32,32,32,0,75,-92,0,0,100,0,1056,0,32,16,0,58,-119,0,0,100,0,368,0,32,32,0,60,-98,0,0,100,0,1056,0,32,16,0,118,-155,0,1,80,0,160,112,16,16,0,74,-203,0,1,100,0,160,112,16,16,0,120,-194,0,1,90,0,160,112,16,16,0,133,-187,0,1,40,0,160,112,16,16,0,35,-180,0,1,100,0,160,112,16,16,0,65,-185,0,1,60,0,176,112,16,16,0,38,-211,0,1,80,0,160,0,112,80,0,96,-145,0,0,100,0,160,80,32,32,0,19,-226,0,0,100,0,0,0,160,176,0,0,-256,0,0,100,0,1088,0,192,256,0,
0,17,75,-188,0,1,75,0,624,0,48,64,0,83,-181,0,0,100,0,592,48,32,48,0,74,-107,0,0,100,0,288,64,32,32,0,75,-92,0,0,100,0,1056,0,32,16,0,56,-118,0,0,100,0,432,0,32,32,0,58,-97,0,0,100,0,1056,0,32,16,0,118,-155,0,1,90,0,160,112,16,16,0,74,-203,0,1,90,0,160,112,16,16,0,120,-194,0,1,80,0,160,112,16,16,0,133,-187,0,1,60,0,160,112,16,16,0,42,-165,0,1,20,0,160,112,16,16,0,35,-180,0,1,100,0,160,112,16,16,0,65,-185,0,1,30,0,176,112,16,16,0,38,-211,0,1,70,0,160,0,112,80,0,96,-145,0,0,100,0,160,80,32,32,0,19,-226,0,0,100,0,0,0,160,176,0,0,-256,0,0,100,0,1088,0,192,256,0,
0,16,75,-188,0,1,70,0,624,0,48,64,0,83,-181,0,0,100,0,624,64,32,48,0,74,-107,0,0,100,0,320,64,32,32,0,75,-92,0,0,100,0,1056,0,32,16,0,54,-117,0,0,100,0,368,0,32,32,0,56,-96,0,0,100,0,1056,0,32,16,0,118,-155,0,1,100,0,160,112,16,16,0,74,-203,0,1,80,0,160,112,16,16,0,120,-194,0,1,70,0,160,112,16,16,0,133,-187,0,1,80,0,160,112,16,16,0,42,-165,0,1,40,0,160,112,16,16,0,35,-180,0,1,100,0,160,112,16,16,0,38,-211,0,1,60,0,160,0,112,80,0,96,-145,0,0,100,0,160,80,32,32,0,19,-226,0,0,100,0,0,0,160,176,0,0,-256,0,0,100,0,1088,0,192,256,0,
0,17,75,-188,0,1,75,0,624,0,48,64,0,84,-181,0,0,100,0,592,0,32,48,0,74,-107,0,0,100,0,352,64,32,32,0,75,-92,0,0,100,0,1056,0,32,16,0,52,-116,0,0,100,0,400,0,32,32,0,54,-95,0,0,100,0,1056,0,32,16,0,118,-155,0,1,90,0,160,112,16,16,0,74,-203,0,1,70,0,160,112,16,16,0,120,-194,0,1,80,0,160,112,16,16,0,133,-187,0,1,100,0,160,112,16,16,0,42,-165,0,1,60,0,160,112,16,16,0,35,-180,0,1,80,0,160,112,16,16,0,109,-168,0,1,50,0,176,112,16,16,0,38,-211,0,1,50,0,160,0,112,80,0,96,-145,0,0,100,0,160,80,32,32,0,19,-226,0,0,100,0,0,0,160,176,0,0,-256,0,0,100,0,1088,0,192,256,0,
0,17,75,-188,0,1,80,0,624,0,48,64,0,84,-181,0,0,100,0,592,0,32,48,0,74,-107,0,0,100,0,272,32,32,32,0,75,-92,0,0,100,0,1056,0,32,16,0,50,-115,0,0,40,0,384,64,32,32,0,50,-115,0,0,100,0,368,0,32,32,0,118,-155,0,1,80,0,160,112,16,16,0,74,-203,0,1,60,0,160,112,16,16,0,120,-194,0,1,90,0,160,112,16,16,0,133,-187,0,1,100,0,160,112,16,16,0,42,-165,0,1,80,0,160,112,16,16,0,35,-180,0,1,60,0,160,112,16,16,0,109,-168,0,1,100,0,176,112,16,16,0,38,-211,0,1,40,0,160,0,112,80,0,96,-145,0,0,100,0,160,80,32,32,0,19,-226,0,0,100,0,0,0,160,176,0,0,-256,0,0,100,0,1088,0,192,256,0,
0,18,115,-144,0,0,40,0,192,128,16,16,0,75,-188,0,1,75,0,624,0,48,64,0,84,-181,0,0,100,0,592,0,32,48,0,78,-107,0,0,100,0,288,96,16,32,0,71,-92,0,0,100,0,1056,0,32,16,0,48,-114,0,0,80,0,384,64,32,32,0,48,-114,0,0,100,0,432,0,32,32,0,118,-155,0,1,90,0,160,112,16,16,0,74,-203,0,1,70,0,160,112,16,16,0,120,-194,0,1,100,0,160,112,16,16,0,133,-187,0,1,100,0,160,112,16,16,0,42,-165,0,1,100,0,160,112,16,16,0,35,-180,0,1,40,0,160,112,16,16,0,109,-168,0,1,80,0,176,112,16,16,0,38,-211,0,1,50,0,160,0,112,80,0,96,-145,0,0,100,0,160,80,32,32,0,19,-226,0,0,100,0,0,0,160,176,0,0,-256,0,0,100,0,1088,0,192,256,0,
0,16,117,-139,0,0,80,0,192,128,16,16,0,75,-188,0,1,70,0,624,0,48,64,0,84,-181,0,0,100,0,592,0,32,48,0,78,-107,0,0,100,0,304,96,16,32,0,71,-92,0,0,100,0,1056,0,32,16,0,118,-155,0,1,100,0,160,112,16,16,0,74,-203,0,1,80,0,160,112,16,16,0,120,-194,0,1,80,0,160,112,16,16,0,133,-187,0,1,80,0,160,112,16,16,0,42,-165,0,1,100,0,160,112,16,16,0,35,-180,0,1,20,0,160,112,16,16,0,109,-168,0,1,50,0,176,112,16,16,0,38,-211,0,1,60,0,160,0,112,80,0,96,-145,0,0,100,0,160,80,32,32,0,19,-226,0,0,100,0,0,0,160,176,0,0,-256,0,0,100,0,1088,0,192,256,0,
0,16,65,-154,0,0,40,0,160,128,16,16,0,121,-133,0,0,100,0,192,128,16,16,0,75,-188,0,1,75,0,624,0,48,64,0,84,-181,0,0,100,0,592,0,32,48,0,78,-107,0,0,100,0,320,96,16,32,0,71,-92,0,0,100,0,1056,0,32,16,0,118,-155,0,1,90,0,160,112,16,16,0,74,-203,0,1,90,0,160,112,16,16,0,120,-194,0,1,70,0,160,112,16,16,0,133,-187,0,1,60,0,160,112,16,16,0,42,-165,0,1,80,0,160,112,16,16,0,109,-168,0,1,20,0,176,112,16,16,0,38,-211,0,1,70,0,160,0,112,80,0,96,-145,0,0,100,0,160,80,32,32,0,19,-226,0,0,100,0,0,0,160,176,0,0,-256,0,0,100,0,1088,0,192,256,0,
0,15,63,-149,0,0,80,0,160,128,16,16,0,126,-127,0,0,100,0,192,128,16,16,0,75,-188,0,1,80,0,624,0,48,64,0,84,-181,0,0,100,0,592,0,32,48,0,78,-107,0,0,100,0,336,96,16,32,0,71,-92,0,0,100,0,1056,0,32,16,0,118,-155,0,1,80,0,160,112,16,16,0,74,-203,0,1,100,0,160,112,16,16,0,120,-194,0,1,80,0,160,112,16,16,0,133,-187,0,1,40,0,160,112,16,16,0,42,-165,0,1,60,0,160,112,16,16,0,38,-211,0,1,80,0,160,0,112,80,0,96,-145,0,0,100,0,160,80,32,32,0,19,-226,0,0,100,0,0,0,160,176,0,0,-256,0,0,100,0,1088,0,192,256,0,
0,15,59,-144,0,0,100,0,160,128,16,16,0,131,-122,0,0,100,0,192,128,16,16,0,75,-188,0,1,75,0,624,0,48,64,0,84,-181,0,0,100,0,592,0,32,48,0,78,-107,0,0,100,0,288,96,16,32,0,71,-92,0,0,100,0,1056,0,32,16,0,118,-155,0,1,90,0,160,112,16,16,0,74,-203,0,1,90,0,160,112,16,16,0,120,-194,0,1,90,0,160,112,16,16,0,133,-187,0,1,20,0,160,112,16,16,0,42,-165,0,1,40,0,160,112,16,16,0,38,-211,0,1,70,0,160,0,112,80,0,96,-145,0,0,100,0,160,80,32,32,0,19,-226,0,0,100,0,0,0,160,176,0,0,-256,0,0,100,0,1088,0,192,256,0,
0,14,55,-140,0,0,100,0,160,128,16,16,0,136,-117,0,0,100,0,192,128,16,16,0,75,-188,0,1,70,0,624,0,48,64,0,84,-181,0,0,100,0,592,0,32,48,0,78,-107,0,0,100,0,304,96,16,32,0,71,-92,0,0,100,0,1056,0,32,16,0,118,-155,0,1,100,0,160,112,16,16,0,74,-203,0,1,80,0,160,112,16,16,0,120,-194,0,1,90,0,160,112,16,16,0,42,-165,0,1,20,0,160,112,16,16,0,38,-211,0,1,60,0,160,0,112,80,0,96,-145,0,0,100,0,160,80,32,32,0,19,-226,0,0,100,0,0,0,160,176,0,0,-256,0,0,100,0,1088,0,192,256,0,
0,13,51,-137,0,0,100,0,160,128,16,16,0,140,-111,0,0,100,0,192,128,16,16,0,75,-188,0,1,75,0,624,0,48,64,0,84,-181,0,0,100,0,592,0,32,48,0,74,-107,0,0,100,0,272,32,32,32,0,75,-92,0,0,100,0,1056,0,32,16,0,118,-155,0,1,90,0,160,112,16,16,0,74,-203,0,1,70,0,160,112,16,16,0,120,-194,0,1,80,0,160,112,16,16,0,38,-211,0,1,50,0,160,0,112,80,0,96,-145,0,0,100,0,160,80,32,32,0,19,-226,0,0,100,0,0,0,160,176,0,0,-256,0,0,100,0,1088,0,192,256,0,
0,14,48,-135,0,0,100,0,160,128,16,16,0,143,-106,0,0,100,0,192,128,16,16,0,75,-188,0,1,80,0,624,0,48,64,0,84,-181,0,0,100,0,592,0,32,48,0,74,-107,0,0,100,0,288,64,32,32,0,75,-92,0,0,100,0,1056,0,32,16,0,118,-155,0,1,80,0,160,112,16,16,0,74,-203,0,1,60,0,160,112,16,16,0,120,-194,0,1,70,0,160,112,16,16,0,35,-180,0,1,20,0,160,112,16,16,0,38,-211,0,1,40,0,160,0,112,80,0,96,-145,0,0,100,0,160,80,32,32,0,19,-226,0,0,100,0,0,0,160,176,0,0,-256,0,0,100,0,1088,0,192,256,0,
0,15,46,-134,0,0,100,0,160,128,16,16,0,144,-101,0,0,80,0,192,128,16,16,0,75,-188,0,1,75,0,624,0,48,64,0,84,-181,0,0,100,0,592,0,32,48,0,74,-107,0,0,100,0,320,64,32,32,0,75,-92,0,0,100,0,1056,0,32,16,0,118,-155,0,1,90,0,160,112,16,16,0,74,-203,0,1,70,0,160,112,16,16,0,120,-194,0,1,80,0,160,112,16,16,0,35,-180,0,1,40,0,160,112,16,16,0,65,-185,0,1,50,0,176,112,16,16,0,38,-211,0,1,50,0,160,0,112,80,0,96,-145,0,0,100,0,160,80,32,32,0,19,-226,0,0,100,0,0,0,160,176,0,0,-256,0,0,100,0,1088,0,192,256,0,
0,15,47,-133,0,0,100,0,160,128,16,16,0,143,-95,0,0,60,0,192,128,16,16,0,75,-188,0,1,70,0,624,0,48,64,0,84,-181,0,0,100,0,592,0,32,48,0,74,-107,0,0,100,0,352,64,32,32,0,75,-92,0,0,100,0,1056,0,32,16,0,118,-155,0,1,100,0,160,112,16,16,0,74,-203,0,1,80,0,160,112,16,16,0,120,-194,0,1,90,0,160,112,16,16,0,35,-180,0,1,60,0,160,112,16,16,0,65,-185,0,1,100,0,176,112,16,16,0,38,-211,0,1,60,0,160,0,112,80,0,96,-145,0,0,100,0,160,80,32,32,0,19,-226,0,0,100,0,0,0,160,176,0,0,-256,0,0,100,0,1088,0,192,256,0,
0,16,50,-132,0,0,100,0,160,128,16,16,0,141,-89,0,0,40,0,192,128,16,16,0,75,-188,0,1,75,0,624,0,48,64,0,84,-181,0,0,100,0,592,0,32,48,0,74,-107,0,0,100,0,272,32,32,32,0,75,-92,0,0,100,0,1056,0,32,16,0,118,-155,0,1,90,0,160,112,16,16,0,74,-203,0,1,90,0,160,112,16,16,0,120,-194,0,1,100,0,160,112,16,16,0,133,-187,0,1,20,0,160,112,16,16,0,35,-180,0,1,80,0,160,112,16,16,0,65,-185,0,1,80,0,176,112,16,16,0,38,-211,0,1,70,0,160,0,112,80,0,96,-145,0,0,100,0,160,80,32,32,0,19,-226,0,0,100,0,0,0,160,176,0,0,-256,0,0,100,0,1088,0,192,256,0,
0,16,55,-131,0,0,100,0,160,128,16,16,0,138,-82,0,0,20,0,192,128,16,16,0,75,-188,0,1,80,0,624,0,48,64,0,84,-181,0,0,100,0,592,0,32,48,0,74,-107,0,0,100,0,288,64,32,32,0,75,-92,0,0,100,0,1056,0,32,16,0,118,-155,0,1,80,0,160,112,16,16,0,74,-203,0,1,100,0,160,112,16,16,0,120,-194,0,1,90,0,160,112,16,16,0,133,-187,0,1,40,0,160,112,16,16,0,35,-180,0,1,100,0,160,112,16,16,0,65,-185,0,1,60,0,176,112,16,16,0,38,-211,0,1,80,0,160,0,112,80,0,96,-145,0,0,100,0,160,80,32,32,0,19,-226,0,0,100,0,0,0,160,176,0,0,-256,0,0,100,0,1088,0,192,256,0,
0,16,61,-131,0,0,80,0,160,128,16,16,0,75,-188,0,1,75,0,624,0,48,64,0,84,-181,0,0,100,0,592,0,32,48,0,78,-107,0,0,100,0,304,96,16,32,0,72,-92,0,0,100,0,1056,0,32,16,0,118,-155,0,1,90,0,160,112,16,16,0,74,-203,0,1,90,0,160,112,16,16,0,120,-194,0,1,80,0,160,112,16,16,0,133,-187,0,1,60,0,160,112,16,16,0,42,-165,0,1,20,0,160,112,16,16,0,35,-180,0,1,100,0,160,112,16,16,0,65,-185,0,1,30,0,176,112,16,16,0,38,-211,0,1,70,0,160,0,112,80,0,96,-145,0,0,100,0,160,80,32,32,0,19,-226,0,0,100,0,0,0,160,176,0,0,-256,0,0,100,0,1088,0,192,256,0,
0,15,66,-132,0,0,60,0,160,128,16,16,0,75,-188,0,1,70,0,624,0,48,64,0,84,-181,0,0,100,0,592,0,32,48,0,66,-104,0,0,100,0,352,96,32,32,0,68,-90,0,0,100,0,1056,0,32,16,0,118,-155,0,1,100,0,160,112,16,16,0,74,-203,0,1,80,0,160,112,16,16,0,120,-194,0,1,70,0,160,112,16,16,0,133,-187,0,1,80,0,160,112,16,16,0,42,-165,0,1,40,0,160,112,16,16,0,35,-180,0,1,100,0,160,112,16,16,0,38,-211,0,1,60,0,160,0,112,80,0,96,-145,0,0,100,0,160,80,32,32,0,19,-226,0,0,100,0,0,0,160,176,0,0,-256,0,0,100,0,1088,0,192,256,0,
0,17,69,-133,0,0,40,0,160,128,16,16,0,75,-188,0,1,75,0,624,0,48,64,0,84,-181,0,0,100,0,592,0,32,48,0,62,-102,0,0,40,0,480,96,32,32,0,62,-102,0,0,100,0,384,96,32,32,0,64,-88,0,0,100,0,1056,0,32,16,0,118,-155,0,1,90,0,160,112,16,16,0,74,-203,0,1,70,0,160,112,16,16,0,120,-194,0,1,80,0,160,112,16,16,0,133,-187,0,1,100,0,160,112,16,16,0,42,-165,0,1,60,0,160,112,16,16,0,35,-180,0,1,80,0,160,112,16,16,0,109,-168,0,1,50,0,176,112,16,16,0,38,-211,0,1,50,0,160,0,112,80,0,96,-145,0,0,100,0,160,80,32,32,0,19,-226,0,0,100,0,0,0,160,176,0,0,-256,0,0,100,0,1088,0,192,256,0,
0,16,71,-134,0,0,20,0,160,128,16,16,0,75,-188,0,1,80,0,624,0,48,64,0,84,-181,0,0,100,0,592,0,32,48,0,58,-100,0,0,80,0,512,96,32,32,0,58,-100,0,0,100,0,416,96,32,32,0,118,-155,0,1,80,0,160,112,16,16,0,74,-203,0,1,60,0,160,112,16,16,0,120,-194,0,1,90,0,160,112,16,16,0,133,-187,0,1,100,0,160,112,16,16,0,42,-165,0,1,80,0,160,112,16,16,0,35,-180,0,1,60,0,160,112,16,16,0,109,-168,0,1,100,0,176,112,16,16,0,38,-211,0,1,40,0,160,0,112,80,0,96,-145,0,0,100,0,160,80,32,32,0,19,-226,0,0,100,0,0,0,160,176,0,0,-256,0,0,100,0,1088,0,192,256,0,
0,13,75,-188,0,1,75,0,624,0,48,64,0,84,-181,0,0,100,0,592,0,32,48,0,118,-155,0,1,90,0,160,112,16,16,0,74,-203,0,1,70,0,160,112,16,16,0,120,-194,0,1,100,0,160,112,16,16,0,133,-187,0,1,100,0,160,112,16,16,0,42,-165,0,1,100,0,160,112,16,16,0,35,-180,0,1,40,0,160,112,16,16,0,109,-168,0,1,80,0,176,112,16,16,0,38,-211,0,1,50,0,160,0,112,80,0,96,-145,0,0,100,0,160,80,32,32,0,19,-226,0,0,100,0,0,0,160,176,0,0,-256,0,0,100,0,1088,0,192,256,0,
0,14,74,-192,0,0,40,0,160,128,16,16,0,75,-188,0,1,70,0,624,0,48,64,0,84,-181,0,0,100,0,592,0,32,48,0,118,-155,0,1,100,0,160,112,16,16,0,74,-203,0,1,80,0,160,112,16,16,0,120,-194,0,1,80,0,160,112,16,16,0,133,-187,0,1,80,0,160,112,16,16,0,42,-165,0,1,100,0,160,112,16,16,0,35,-180,0,1,20,0,160,112,16,16,0,109,-168,0,1,50,0,176,112,16,16,0,38,-211,0,1,60,0,160,0,112,80,0,96,-145,0,0,100,0,160,80,32,32,0,19,-226,0,0,100,0,0,0,160,176,0,0,-256,0,0,100,0,1088,0,192,256,0,
0,13,70,-189,0,0,80,0,160,128,16,16,0,75,-188,0,1,75,0,624,0,48,64,0,84,-181,0,0,100,0,592,0,32,48,0,118,-155,0,1,90,0,160,112,16,16,0,74,-203,0,1,90,0,160,112,16,16,0,120,-194,0,1,70,0,160,112,16,16,0,133,-187,0,1,60,0,160,112,16,16,0,42,-165,0,1,80,0,160,112,16,16,0,109,-168,0,1,20,0,176,112,16,16,0,38,-211,0,1,70,0,160,0,112,80,0,96,-145,0,0,100,0,160,80,32,32,0,19,-226,0,0,100,0,0,0,160,176,0,0,-256,0,0,100,0,1088,0,192,256,0,
0,12,64,-185,0,0,100,0,160,128,16,16,0,75,-188,0,1,80,0,624,0,48,64,0,84,-181,0,0,100,0,592,0,32,48,0,118,-155,0,1,80,0,160,112,16,16,0,74,-203,0,1,100,0,160,112,16,16,0,120,-194,0,1,80,0,160,112,16,16,0,133,-187,0,1,40,0,160,112,16,16,0,42,-165,0,1,60,0,160,112,16,16,0,38,-211,0,1,80,0,160,0,112,80,0,96,-145,0,0,100,0,160,80,32,32,0,19,-226,0,0,100,0,0,0,160,176,0,0,-256,0,0,100,0,1088,0,192,256,0,
0,12,59,-182,0,0,100,0,160,128,16,16,0,75,-188,0,1,75,0,624,0,48,64,0,84,-181,0,0,100,0,592,0,32,48,0,118,-155,0,1,90,0,160,112,16,16,0,74,-203,0,1,90,0,160,112,16,16,0,120,-194,0,1,90,0,160,112,16,16,0,133,-187,0,1,20,0,160,112,16,16,0,42,-165,0,1,40,0,160,112,16,16,0,38,-211,0,1,70,0,160,0,112,80,0,96,-145,0,0,100,0,160,80,32,32,0,19,-226,0,0,100,0,0,0,160,176,0,0,-256,0,0,100,0,1088,0,192,256,0,
0,11,54,-179,0,0,100,0,160,128,16,16,0,75,-188,0,1,70,0,624,0,48,64,0,84,-181,0,0,100,0,592,0,32,48,0,118,-155,0,1,100,0,160,112,16,16,0,74,-203,0,1,80,0,160,112,16,16,0,120,-194,0,1,90,0,160,112,16,16,0,42,-165,0,1,20,0,160,112,16,16,0,38,-211,0,1,60,0,160,0,112,80,0,96,-145,0,0,100,0,160,80,32,32,0,19,-226,0,0,100,0,0,0,160,176,0,0,-256,0,0,100,0,1088,0,192,256,0,
0,10,51,-177,0,0,100,0,160,128,16,16,0,75,-188,0,1,75,0,624,0,48,64,0,84,-181,0,0,100,0,592,0,32,48,0,118,-155,0,1,90,0,160,112,16,16,0,74,-203,0,1,70,0,160,112,16,16,0,120,-194,0,1,80,0,160,112,16,16,0,38,-211,0,1,50,0,160,0,112,80,0,96,-145,0,0,100,0,160,80,32,32,0,19,-226,0,0,100,0,0,0,160,176,0,0,-256,0,0,100,0,1088,0,192,256,0,
0,11,53,-174,0,0,100,0,160,128,16,16,0,75,-188,0,1,80,0,624,0,48,64,0,84,-181,0,0,100,0,592,0,32,48,0,118,-155,0,1,80,0,160,112,16,16,0,74,-203,0,1,60,0,160,112,16,16,0,120,-194,0,1,70,0,160,112,16,16,0,35,-180,0,1,20,0,160,112,16,16,0,38,-211,0,1,40,0,160,0,112,80,0,96,-145,0,0,100,0,160,80,32,32,0,19,-226,0,0,100,0,0,0,160,176,0,0,-256,0,0,100,0,1088,0,192,256,0,
0,12,58,-171,0,0,100,0,160,128,16,16,0,75,-188,0,1,75,0,624,0,48,64,0,84,-181,0,0,100,0,592,0,32,48,0,118,-155,0,1,90,0,160,112,16,16,0,74,-203,0,1,70,0,160,112,16,16,0,120,-194,0,1,80,0,160,112,16,16,0,35,-180,0,1,40,0,160,112,16,16,0,65,-185,0,1,50,0,176,112,16,16,0,38,-211,0,1,50,0,160,0,112,80,0,96,-145,0,0,100,0,160,80,32,32,0,19,-226,0,0,100,0,0,0,160,176,0,0,-256,0,0,100,0,1088,0,192,256,0,
0,13,140,-204,0,0,40,0,176,128,16,16,0,62,-168,0,0,100,0,160,128,16,16,0,75,-188,0,1,70,0,624,0,48,64,0,84,-181,0,0,100,0,592,0,32,48,0,118,-155,0,1,100,0,160,112,16,16,0,74,-203,0,1,80,0,160,112,16,16,0,120,-194,0,1,90,0,160,112,16,16,0,35,-180,0,1,60,0,160,112,16,16,0,65,-185,0,1,100,0,176,112,16,16,0,38,-211,0,1,60,0,160,0,112,80,0,96,-145,0,0,100,0,160,80,32,32,0,19,-226,0,0,100,0,0,0,160,176,0,0,-256,0,0,100,0,1088,0,192,256,0,
0,14,142,-200,0,0,80,0,176,128,16,16,0,66,-165,0,0,100,0,160,128,16,16,0,75,-188,0,1,75,0,624,0,48,64,0,84,-181,0,0,100,0,592,0,32,48,0,118,-155,0,1,90,0,160,112,16,16,0,74,-203,0,1,90,0,160,112,16,16,0,120,-194,0,1,100,0,160,112,16,16,0,133,-187,0,1,20,0,160,112,16,16,0,35,-180,0,1,80,0,160,112,16,16,0,65,-185,0,1,80,0,176,112,16,16,0,38,-211,0,1,70,0,160,0,112,80,0,96,-145,0,0,100,0,160,80,32,32,0,19,-226,0,0,100,0,0,0,160,176,0,0,-256,0,0,100,0,1088,0,192,256,0,
0,18,145,-196,0,0,100,0,176,128,16,16,0,71,-162,0,0,100,0,160,128,16,16,0,75,-188,0,1,80,0,624,0,48,64,0,84,-181,0,0,100,0,592,0,32,48,0,57,-108,0,0,80,0,288,224,32,32,0,57,-108,0,0,100,0,288,160,32,32,0,45,-113,0,0,80,0,288,192,32,32,0,45,-113,0,0,100,0,288,128,32,32,0,118,-155,0,1,80,0,160,112,16,16,0,74,-203,0,1,100,0,160,112,16,16,0,120,-194,0,1,90,0,160,112,16,16,0,133,-187,0,1,40,0,160,112,16,16,0,35,-180,0,1,100,0,160,112,16,16,0,65,-185,0,1,60,0,176,112,16,16,0,38,-211,0,1,80,0,160,0,112,80,0,96,-145,0,0,100,0,160,80,32,32,0,19,-226,0,0,100,0,0,0,160,176,0,0,-256,0,0,100,0,1088,0,192,256,0,
0,19,149,-192,0,0,100,0,176,128,16,16,0,75,-160,0,0,100,0,160,128,16,16,0,75,-188,0,1,75,0,624,0,48,64,0,84,-181,0,0,100,0,592,0,32,48,0,59,-109,0,0,40,0,320,224,32,32,0,59,-109,0,0,100,0,320,160,32,32,0,47,-114,0,0,40,0,320,192,32,32,0,47,-114,0,0,100,0,320,128,32,32,0,118,-155,0,1,90,0,160,112,16,16,0,74,-203,0,1,90,0,160,112,16,16,0,120,-194,0,1,80,0,160,112,16,16,0,133,-187,0,1,60,0,160,112,16,16,0,42,-165,0,1,20,0,160,112,16,16,0,35,-180,0,1,100,0,160,112,16,16,0,65,-185,0,1,30,0,176,112,16,16,0,38,-211,0,1,70,0,160,0,112,80,0,96,-145,0,0,100,0,160,80,32,32,0,19,-226,0,0,100,0,0,0,160,176,0,0,-256,0,0,100,0,1088,0,192,256,0,
0,16,153,-189,0,0,100,0,176,128,16,16,0,79,-158,0,0,100,0,160,128,16,16,0,75,-188,0,1,70,0,624,0,48,64,0,84,-181,0,0,100,0,592,0,32,48,0,61,-110,0,0,100,0,288,160,32,32,0,49,-115,0,0,100,0,288,128,32,32,0,118,-155,0,1,100,0,160,112,16,16,0,74,-203,0,1,80,0,160,112,16,16,0,120,-194,0,1,70,0,160,112,16,16,0,133,-187,0,1,80,0,160,112,16,16,0,42,-165,0,1,40,0,160,112,16,16,0,35,-180,0,1,100,0,160,112,16,16,0,38,-211,0,1,60,0,160,0,112,80,0,96,-145,0,0,100,0,160,80,32,32,0,19,-226,0,0,100,0,0,0,160,176,0,0,-256,0,0,100,0,1088,0,192,256,0,
0,20,110,-150,0,0,40,0,192,128,16,16,0,156,-188,0,0,100,0,176,128,16,16,0,82,-157,0,0,100,0,160,128,16,16,0,75,-188,0,1,75,0,624,0,48,64,0,84,-181,0,0,100,0,592,0,32,48,0,63,-111,0,0,100,0,352,160,32,32,0,51,-116,0,0,100,0,352,128,32,32,0,51,-95,0,0,100,0,1056,0,32,16,0,63,-90,0,0,100,0,1056,0,32,16,0,118,-155,0,1,90,0,160,112,16,16,0,74,-203,0,1,70,0,160,112,16,16,0,120,-194,0,1,80,0,160,112,16,16,0,133,-187,0,1,100,0,160,112,16,16,0,42,-165,0,1,60,0,160,112,16,16,0,35,-180,0,1,80,0,160,112,16,16,0,109,-168,0,1,50,0,176,112,16,16,0,38,-211,0,1,50,0,160,0,112,80,0,96,-145,0,0,100,0,160,80,32,32,0,19,-226,0,0,100,0,0,0,160,176,0,0,-256,0,0,100,0,1088,0,192,256,0,
0,20,113,-144,0,0,80,0,192,128,16,16,0,154,-185,0,0,100,0,176,128,16,16,0,80,-154,0,0,80,0,160,128,16,16,0,75,-188,0,1,80,0,624,0,48,64,0,84,-181,0,0,100,0,592,0,32,48,0,65,-112,0,0,100,0,288,160,32,32,0,53,-117,0,0,100,0,288,128,32,32,0,53,-96,0,0,100,0,1056,0,32,16,0,65,-91,0,0,100,0,1056,0,32,16,0,118,-155,0,1,80,0,160,112,16,16,0,74,-203,0,1,60,0,160,112,16,16,0,120,-194,0,1,90,0,160,112,16,16,0,133,-187,0,1,100,0,160,112,16,16,0,42,-165,0,1,80,0,160,112,16,16,0,35,-180,0,1,60,0,160,112,16,16,0,109,-168,0,1,100,0,176,112,16,16,0,38,-211,0,1,40,0,160,0,112,80,0,96,-145,0,0,100,0,160,80,32,32,0,19,-226,0,0,100,0,0,0,160,176,0,0,-256,0,0,100,0,1088,0,192,256,0,
0,20,117,-138,0,0,100,0,192,128,16,16,0,150,-180,0,0,100,0,176,128,16,16,0,77,-150,0,0,60,0,160,128,16,16,0,75,-188,0,1,75,0,624,0,48,64,0,84,-181,0,0,100,0,592,0,32,48,0,67,-113,0,0,100,0,320,160,32,32,0,55,-118,0,0,100,0,320,128,32,32,0,55,-97,0,0,100,0,1056,0,32,16,0,67,-92,0,0,100,0,1056,0,32,16,0,118,-155,0,1,90,0,160,112,16,16,0,74,-203,0,1,70,0,160,112,16,16,0,120,-194,0,1,100,0,160,112,16,16,0,133,-187,0,1,100,0,160,112,16,16,0,42,-165,0,1,100,0,160,112,16,16,0,35,-180,0,1,40,0,160,112,16,16,0,109,-168,0,1,80,0,176,112,16,16,0,38,-211,0,1,50,0,160,0,112,80,0,96,-145,0,0,100,0,160,80,32,32,0,19,-226,0,0,100,0,0,0,160,176,0,0,-256,0,0,100,0,1088,0,192,256,0,
0,20,122,-133,0,0,100,0,192,128,16,16,0,145,-174,0,0,100,0,176,128,16,16,0,75,-146,0,0,40,0,160,128,16,16,0,75,-188,0,1,70,0,624,0,48,64,0,84,-181,0,0,100,0,592,0,32,48,0,69,-114,0,0,100,0,288,160,32,32,0,57,-119,0,0,100,0,288,128,32,32,0,57,-98,0,0,100,0,1056,0,32,16,0,69,-93,0,0,100,0,1056,0,32,16,0,118,-155,0,1,100,0,160,112,16,16,0,74,-203,0,1,80,0,160,112,16,16,0,120,-194,0,1,80,0,160,112,16,16,0,133,-187,0,1,80,0,160,112,16,16,0,42,-165,0,1,100,0,160,112,16,16,0,35,-180,0,1,20,0,160,112,16,16,0,109,-168,0,1,50,0,176,112,16,16,0,38,-211,0,1,60,0,160,0,112,80,0,96,-145,0,0,100,0,160,80,32,32,0,19,-226,0,0,100,0,0,0,160,176,0,0,-256,0,0,100,0,1088,0,192,256,0,
0,19,127,-129,0,0,100,0,192,128,16,16,0,140,-170,0,0,80,0,176,128,16,16,0,72,-141,0,0,20,0,160,128,16,16,0,75,-188,0,1,75,0,624,0,48,64,0,84,-181,0,0,100,0,592,0,32,48,0,71,-115,0,0,100,0,352,160,32,32,0,59,-120,0,0,100,0,352,128,32,32,0,59,-99,0,0,100,0,1056,0,32,16,0,71,-94,0,0,100,0,1056,0,32,16,0,118,-155,0,1,90,0,160,112,16,16,0,74,-203,0,1,90,0,160,112,16,16,0,120,-194,0,1,70,0,160,112,16,16,0,133,-187,0,1,60,0,160,112,16,16,0,42,-165,0,1,80,0,160,112,16,16,0,109,-168,0,1,20,0,176,112,16,16,0,38,-211,0,1,70,0,160,0,112,80,0,96,-145,0,0,100,0,160,80,32,32,0,19,-226,0,0,100,0,0,0,160,176,0,0,-256,0,0,100,0,1088,0,192,256,0,
0,17,131,-126,0,0,100,0,192,128,16,16,0,135,-167,0,0,60,0,176,128,16,16,0,75,-188,0,1,80,0,624,0,48,64,0,84,-181,0,0,100,0,592,0,32,48,0,73,-116,0,0,100,0,288,160,32,32,0,61,-121,0,0,100,0,288,128,32,32,0,61,-100,0,0,100,0,1056,0,32,16,0,73,-95,0,0,100,0,1056,0,32,16,0,118,-155,0,1,80,0,160,112,16,16,0,74,-203,0,1,100,0,160,112,16,16,0,120,-194,0,1,80,0,160,112,16,16,0,133,-187,0,1,40,0,160,112,16,16,0,42,-165,0,1,60,0,160,112,16,16,0,38,-211,0,1,80,0,160,0,112,80,0,96,-145,0,0,100,0,160,80,32,32,0,19,-226,0,0,100,0,0,0,160,176,0,0,-256,0,0,100,0,1088,0,192,256,0,
0,17,134,-125,0,0,100,0,192,128,16,16,0,131,-165,0,0,40,0,176,128,16,16,0,75,-188,0,1,75,0,624,0,48,64,0,84,-181,0,0,100,0,592,0,32,48,0,75,-117,0,0,100,0,320,160,32,32,0,63,-122,0,0,100,0,320,128,32,32,0,63,-101,0,0,100,0,1056,0,32,16,0,75,-96,0,0,100,0,1056,0,32,16,0,118,-155,0,1,90,0,160,112,16,16,0,74,-203,0,1,90,0,160,112,16,16,0,120,-194,0,1,90,0,160,112,16,16,0,133,-187,0,1,20,0,160,112,16,16,0,42,-165,0,1,40,0,160,112,16,16,0,38,-211,0,1,70,0,160,0,112,80,0,96,-145,0,0,100,0,160,80,32,32,0,19,-226,0,0,100,0,0,0,160,176,0,0,-256,0,0,100,0,1088,0,192,256,0,
0,17,51,-154,0,0,40,0,160,128,16,16,0,132,-122,0,0,100,0,192,128,16,16,0,128,-164,0,0,20,0,176,128,16,16,0,75,-188,0,1,70,0,624,0,48,64,0,84,-181,0,0,100,0,592,0,32,48,0,75,-117,0,0,100,0,288,160,32,32,0,63,-122,0,0,100,0,288,128,32,32,0,63,-101,0,0,100,0,1056,0,32,16,0,75,-96,0,0,100,0,1056,0,32,16,0,118,-155,0,1,100,0,160,112,16,16,0,74,-203,0,1,80,0,160,112,16,16,0,120,-194,0,1,90,0,160,112,16,16,0,42,-165,0,1,20,0,160,112,16,16,0,38,-211,0,1,60,0,160,0,112,80,0,96,-145,0,0,100,0,160,80,32,32,0,19,-226,0,0,100,0,0,0,160,176,0,0,-256,0,0,100,0,1088,0,192,256,0,
0,15,49,-149,0,0,80,0,160,128,16,16,0,128,-118,0,0,100,0,192,128,16,16,0,75,-188,0,1,75,0,624,0,48,64,0,84,-181,0,0,100,0,592,0,32,48,0,75,-117,0,0,100,0,288,160,32,32,0,63,-122,0,0,100,0,288,128,32,32,0,63,-101,0,0,100,0,1056,0,32,16,0,75,-96,0,0,100,0,1056,0,32,16,0,118,-155,0,1,90,0,160,112,16,16,0,74,-203,0,1,70,0,160,112,16,16,0,120,-194,0,1,80,0,160,112,16,16,0,38,-211,0,1,50,0,160,0,112,80,0,96,-145,0,0,100,0,160,80,32,32,0,19,-226,0,0,100,0,0,0,160,176,0,0,-256,0,0,100,0,1088,0,192,256,0,
0,16,45,-145,0,0,100,0,160,128,16,16,0,123,-115,0,0,100,0,192,128,16,16,0,75,-188,0,1,80,0,624,0,48,64,0,84,-181,0,0,100,0,592,0,32,48,0,75,-117,0,0,100,0,288,160,32,32,0,63,-122,0,0,100,0,288,128,32,32,0,63,-101,0,0,100,0,1056,0,32,16,0,75,-96,0,0,100,0,1056,0,32,16,0,118,-155,0,1,80,0,160,112,16,16,0,74,-203,0,1,60,0,160,112,16,16,0,120,-194,0,1,70,0,160,112,16,16,0,35,-180,0,1,20,0,160,112,16,16,0,38,-211,0,1,40,0,160,0,112,80,0,96,-145,0,0,100,0,160,80,32,32,0,19,-226,0,0,100,0,0,0,160,176,0,0,-256,0,0,100,0,1088,0,192,256,0,
0,17,41,-143,0,0,100,0,160,128,16,16,0,118,-112,0,0,100,0,192,128,16,16,0,75,-188,0,1,75,0,624,0,48,64,0,84,-181,0,0,100,0,592,0,32,48,0,75,-117,0,0,100,0,288,160,32,32,0,63,-122,0,0,100,0,288,128,32,32,0,63,-101,0,0,100,0,1056,0,32,16,0,75,-96,0,0,100,0,1056,0,32,16,0,118,-155,0,1,90,0,160,112,16,16,0,74,-203,0,1,70,0,160,112,16,16,0,120,-194,0,1,80,0,160,112,16,16,0,35,-180,0,1,40,0,160,112,16,16,0,65,-185,0,1,50,0,176,112,16,16,0,38,-211,0,1,50,0,160,0,112,80,0,96,-145,0,0,100,0,160,80,32,32,0,19,-226,0,0,100,0,0,0,160,176,0,0,-256,0,0,100,0,1088,0,192,256,0,
0,31,38,-142,0,0,100,0,160,128,16,16,0,114,-110,0,0,100,0,192,128,16,16,0,120,-167,0,1,100,0,768,0,16,80,0,120,-145,1,0,40,0,672,0,16,32,0,107,-161,0,1,100,0,768,0,16,80,0,107,-138,0,0,40,0,720,0,16,32,0,89,-161,0,1,100,0,768,0,16,80,0,89,-139,0,0,40,0,704,0,16,32,0,75,-165,0,1,100,0,768,0,16,80,0,75,-141,0,0,40,0,688,0,16,32,0,70,-174,0,1,100,0,768,0,16,80,0,70,-150,0,0,40,0,672,0,16,32,0,75,-188,0,1,70,0,624,0,48,64,0,84,-181,0,0,100,0,592,0,32,48,0,113,-178,0,1,100,0,768,0,16,80,0,113,-156,0,0,40,0,704,0,16,32,0,78,-179,0,1,100,0,768,0,16,80,0,79,-160,1,0,30,0,704,0,16,32,0,75,-117,0,0,100,0,288,160,32,32,0,63,-122,0,0,100,0,288,128,32,32,0,63,-101,0,0,100,0,1056,0,32,16,0,75,-96,0,0,100,0,1056,0,32,16,0,118,-155,0,1,100,0,160,112,16,16,0,74,-203,0,1,80,0,160,112,16,16,0,120,-194,0,1,90,0,160,112,16,16,0,35,-180,0,1,60,0,160,112,16,16,0,65,-185,0,1,100,0,176,112,16,16,0,38,-211,0,1,60,0,160,0,112,80,0,96,-145,0,0,100,0,160,80,32,32,0,19,-226,0,0,100,0,0,0,160,176,0,0,-256,0,0,100,0,1088,0,192,256,0,
0,39,39,-139,0,0,100,0,160,128,16,16,0,109,-108,0,0,100,0,192,128,16,16,0,120,-169,0,1,100,0,752,0,16,64,0,121,-154,1,1,40,0,672,32,16,32,0,120,-152,1,0,70,0,672,0,16,32,0,107,-163,0,1,100,0,752,0,16,64,0,98,-147,1,1,40,0,688,32,32,32,0,107,-145,0,0,70,0,720,0,16,32,0,89,-163,0,1,100,0,752,0,16,64,0,82,-146,0,1,40,0,720,32,32,32,0,89,-146,0,0,70,0,704,0,16,32,0,75,-167,0,1,100,0,752,0,16,64,0,69,-150,0,1,40,0,688,32,32,32,0,75,-148,0,0,70,0,688,0,16,32,0,70,-176,0,1,100,0,752,0,16,64,0,68,-156,0,1,40,0,672,32,16,32,0,70,-157,0,0,70,0,672,0,16,32,0,75,-188,0,1,75,0,624,0,48,64,0,84,-181,0,0,100,0,592,0,32,48,0,113,-180,0,1,100,0,752,0,16,64,0,105,-163,0,1,40,0,720,32,32,32,0,113,-163,0,0,70,0,704,0,16,32,0,78,-182,0,1,100,0,752,0,16,64,0,69,-169,1,1,40,0,688,32,32,32,0,79,-167,1,0,70,0,704,0,16,32,0,75,-117,0,0,100,0,384,160,32,32,0,63,-122,0,0,100,0,384,128,32,32,0,63,-101,0,0,100,0,1056,0,32,16,0,75,-96,0,0,100,0,1056,0,32,16,0,118,-155,0,1,90,0,160,112,16,16,0,74,-203,0,1,90,0,160,112,16,16,0,120,-194,0,1,100,0,160,112,16,16,0,133,-187,0,1,20,0,160,112,16,16,0,35,-180,0,1,80,0,160,112,16,16,0,65,-185,0,1,80,0,176,112,16,16,0,38,-211,0,1,70,0,160,0,112,80,0,96,-145,0,0,100,0,160,80,32,32,0,19,-226,0,0,100,0,0,0,160,176,0,0,-256,0,0,100,0,1088,0,192,256,0,
0,33,41,-136,0,0,100,0,160,128,16,16,0,106,-107,0,0,100,0,192,128,16,16,0,147,-182,1,0,40,0,160,128,16,16,0,121,-159,1,1,40,0,672,32,16,32,0,120,-157,1,0,100,0,672,0,16,32,0,98,-152,1,1,40,0,688,32,32,32,0,107,-150,0,0,100,0,720,0,16,32,0,82,-151,0,1,40,0,720,32,32,32,0,89,-151,0,0,100,0,704,0,16,32,0,69,-155,0,1,40,0,688,32,32,32,0,75,-153,0,0,100,0,688,0,16,32,0,68,-161,0,1,40,0,672,32,16,32,0,70,-162,0,0,100,0,672,0,16,32,0,75,-188,0,1,80,0,624,0,48,64,0,84,-181,0,0,100,0,592,0,32,48,0,105,-168,0,1,40,0,720,32,32,32,0,113,-168,0,0,100,0,704,0,16,32,0,69,-174,1,1,40,0,688,32,32,32,0,79,-172,1,0,100,0,704,0,16,32,0,75,-117,0,0,100,0,416,160,32,32,0,63,-122,0,0,100,0,416,128,32,32,0,63,-101,0,0,100,0,1056,0,32,16,0,75,-96,0,0,100,0,1056,0,32,16,0,118,-155,0,1,80,0,160,112,16,16,0,74,-203,0,1,100,0,160,112,16,16,0,120,-194,0,1,90,0,160,112,16,16,0,133,-187,0,1,40,0,160,112,16,16,0,35,-180,0,1,100,0,160,112,16,16,0,65,-185,0,1,60,0,176,112,16,16,0,38,-211,0,1,80,0,160,0,112,80,0,96,-145,0,0,100,0,160,80,32,32,0,19,-226,0,0,100,0,0,0,160,176,0,0,-256,0,0,100,0,1088,0,192,256,0,
0,34,45,-133,0,0,100,0,160,128,16,16,0,104,-106,0,0,100,0,192,128,16,16,0,153,-179,1,0,80,0,160,128,16,16,0,121,-159,1,1,60,0,672,32,16,32,0,120,-157,1,0,100,0,672,0,16,32,0,98,-152,1,1,60,0,688,32,32,32,0,107,-150,0,0,100,0,720,0,16,32,0,82,-151,0,1,60,0,720,32,32,32,0,89,-151,0,0,100,0,704,0,16,32,0,69,-155,0,1,60,0,688,32,32,32,0,75,-153,0,0,100,0,688,0,16,32,0,68,-161,0,1,60,0,672,32,16,32,0,70,-162,0,0,100,0,672,0,16,32,0,75,-188,0,1,75,0,624,0,48,64,0,84,-181,0,0,100,0,592,0,32,48,0,105,-168,0,1,60,0,720,32,32,32,0,113,-168,0,0,100,0,704,0,16,32,0,69,-174,1,1,60,0,688,32,32,32,0,79,-172,1,0,100,0,704,0,16,32,0,75,-117,0,0,100,0,416,160,32,32,0,63,-122,0,0,100,0,416,128,32,32,0,63,-101,0,0,100,0,1056,0,32,16,0,75,-96,0,0,100,0,1056,0,32,16,0,118,-155,0,1,90,0,160,112,16,16,0,74,-203,0,1,90,0,160,112,16,16,0,120,-194,0,1,80,0,160,112,16,16,0,133,-187,0,1,60,0,160,112,16,16,0,42,-165,0,1,20,0,160,112,16,16,0,35,-180,0,1,100,0,160,112,16,16,0,65,-185,0,1,30,0,176,112,16,16,0,38,-211,0,1,70,0,160,0,112,80,0,96,-145,0,0,100,0,160,80,32,32,0,19,-226,0,0,100,0,0,0,160,176,0,0,-256,0,0,100,0,1088,0,192,256,0,
0,33,50,-132,0,0,100,0,160,128,16,16,0,106,-104,0,0,80,0,192,128,16,16,0,160,-177,1,0,100,0,160,128,16,16,0,121,-159,1,1,60,0,672,32,16,32,0,120,-157,1,0,100,0,672,0,16,32,0,98,-152,1,1,60,0,688,32,32,32,0,107,-150,0,0,100,0,720,0,16,32,0,82,-151,0,1,60,0,720,32,32,32,0,89,-151,0,0,100,0,704,0,16,32,0,69,-155,0,1,60,0,688,32,32,32,0,75,-153,0,0,100,0,688,0,16,32,0,68,-161,0,1,60,0,672,32,16,32,0,70,-162,0,0,100,0,672,0,16,32,0,75,-188,0,1,70,0,624,0,48,64,0,84,-181,0,0,100,0,592,0,32,48,0,105,-168,0,1,60,0,720,32,32,32,0,113,-168,0,0,100,0,704,0,16,32,0,69,-174,1,1,60,0,688,32,32,32,0,79,-172,1,0,100,0,704,0,16,32,0,75,-117,0,0,100,0,416,160,32,32,0,63,-122,0,0,100,0,416,128,32,32,0,63,-101,0,0,100,0,1056,0,32,16,0,75,-96,0,0,100,0,1056,0,32,16,0,118,-155,0,1,100,0,160,112,16,16,0,74,-203,0,1,80,0,160,112,16,16,0,120,-194,0,1,70,0,160,112,16,16,0,133,-187,0,1,80,0,160,112,16,16,0,42,-165,0,1,40,0,160,112,16,16,0,35,-180,0,1,100,0,160,112,16,16,0,38,-211,0,1,60,0,160,0,112,80,0,96,-145,0,0,100,0,160,80,32,32,0,19,-226,0,0,100,0,0,0,160,176,0,0,-256,0,0,100,0,1088,0,192,256,0,
0,34,53,-131,0,0,100,0,160,128,16,16,0,109,-102,0,0,60,0,192,128,16,16,0,166,-174,1,0,100,0,160,128,16,16,0,121,-159,1,1,60,0,672,32,16,32,0,120,-157,1,0,100,0,672,0,16,32,0,98,-152,1,1,60,0,688,32,32,32,0,107,-150,0,0,100,0,720,0,16,32,0,82,-151,0,1,60,0,720,32,32,32,0,89,-151,0,0,100,0,704,0,16,32,0,69,-155,0,1,60,0,688,32,32,32,0,75,-153,0,0,100,0,688,0,16,32,0,68,-161,0,1,60,0,672,32,16,32,0,70,-162,0,0,100,0,672,0,16,32,0,75,-188,0,1,75,0,624,0,48,64,0,84,-181,0,0,100,0,592,0,32,48,0,105,-168,0,1,60,0,720,32,32,32,0,113,-168,0,0,100,0,704,0,16,32,0,69,-174,1,1,60,0,688,32,32,32,0,79,-172,1,0,100,0,704,0,16,32,0,75,-117,0,0,100,0,416,160,32,32,0,63,-122,0,0,100,0,416,128,32,32,0,63,-101,0,0,100,0,1056,0,32,16,0,75,-96,0,0,100,0,1056,0,32,16,0,118,-155,0,1,90,0,160,112,16,16,0,74,-203,0,1,70,0,160,112,16,16,0,120,-194,0,1,80,0,160,112,16,16,0,133,-187,0,1,100,0,160,112,16,16,0,42,-165,0,1,60,0,160,112,16,16,0,35,-180,0,1,80,0,160,112,16,16,0,109,-168,0,1,50,0,176,112,16,16,0,38,-211,0,1,50,0,160,0,112,80,0,96,-145,0,0,100,0,160,80,32,32,0,19,-226,0,0,100,0,0,0,160,176,0,0,-256,0,0,100,0,1088,0,192,256,0,
0,34,54,-130,0,0,100,0,160,128,16,16,0,114,-100,0,0,40,0,192,128,16,16,0,170,-171,1,0,100,0,160,128,16,16,0,121,-159,1,1,60,0,672,32,16,32,0,120,-157,1,0,100,0,672,0,16,32,0,98,-152,1,1,60,0,688,32,32,32,0,107,-150,0,0,100,0,720,0,16,32,0,82,-151,0,1,60,0,720,32,32,32,0,89,-151,0,0,100,0,704,0,16,32,0,69,-155,0,1,60,0,688,32,32,32,0,75,-153,0,0,100,0,688,0,16,32,0,68,-161,0,1,60,0,672,32,16,32,0,70,-162,0,0,100,0,672,0,16,32,0,75,-188,0,1,80,0,624,0,48,64,0,84,-181,0,0,100,0,592,0,32,48,0,105,-168,0,1,60,0,720,32,32,32,0,113,-168,0,0,100,0,704,0,16,32,0,69,-174,1,1,60,0,688,32,32,32,0,79,-172,1,0,100,0,704,0,16,32,0,75,-117,0,0,100,0,416,160,32,32,0,63,-122,0,0,100,0,416,128,32,32,0,63,-101,0,0,100,0,1056,0,32,16,0,75,-96,0,0,100,0,1056,0,32,16,0,118,-155,0,1,80,0,160,112,16,16,0,74,-203,0,1,60,0,160,112,16,16,0,120,-194,0,1,90,0,160,112,16,16,0,133,-187,0,1,100,0,160,112,16,16,0,42,-165,0,1,80,0,160,112,16,16,0,35,-180,0,1,60,0,160,112,16,16,0,109,-168,0,1,100,0,176,112,16,16,0,38,-211,0,1,40,0,160,0,112,80,0,96,-145,0,0,100,0,160,80,32,32,0,19,-226,0,0,100,0,0,0,160,176,0,0,-256,0,0,100,0,1088,0,192,256,0,
0,34,52,-128,0,0,80,0,160,128,16,16,0,121,-98,0,0,20,0,192,128,16,16,0,173,-168,1,0,100,0,160,128,16,16,0,121,-159,1,1,60,0,672,32,16,32,0,120,-157,1,0,100,0,672,0,16,32,0,98,-152,1,1,60,0,688,32,32,32,0,107,-150,0,0,100,0,720,0,16,32,0,82,-151,0,1,60,0,720,32,32,32,0,89,-151,0,0,100,0,704,0,16,32,0,69,-155,0,1,60,0,688,32,32,32,0,75,-153,0,0,100,0,688,0,16,32,0,68,-161,0,1,60,0,672,32,16,32,0,70,-162,0,0,100,0,672,0,16,32,0,75,-188,0,1,75,0,624,0,48,64,0,84,-181,0,0,100,0,592,0,32,48,0,105,-168,0,1,60,0,720,32,32,32,0,113,-168,0,0,100,0,704,0,16,32,0,69,-174,1,1,60,0,688,32,32,32,0,79,-172,1,0,100,0,704,0,16,32,0,75,-117,0,0,100,0,416,160,32,32,0,63,-122,0,0,100,0,416,128,32,32,0,63,-101,0,0,100,0,1056,0,32,16,0,75,-96,0,0,100,0,1056,0,32,16,0,118,-155,0,1,90,0,160,112,16,16,0,74,-203,0,1,70,0,160,112,16,16,0,120,-194,0,1,100,0,160,112,16,16,0,133,-187,0,1,100,0,160,112,16,16,0,42,-165,0,1,100,0,160,112,16,16,0,35,-180,0,1,40,0,160,112,16,16,0,109,-168,0,1,80,0,176,112,16,16,0,38,-211,0,1,50,0,160,0,112,80,0,96,-145,0,0,100,0,160,80,32,32,0,19,-226,0,0,100,0,0,0,160,176,0,0,-256,0,0,100,0,1088,0,192,256,0,
0,33,49,-127,0,0,60,0,160,128,16,16,0,175,-166,1,0,100,0,160,128,16,16,0,121,-159,1,1,60,0,672,32,16,32,0,120,-157,1,0,100,0,672,0,16,32,0,98,-152,1,1,60,0,688,32,32,32,0,107,-150,0,0,100,0,720,0,16,32,0,82,-151,0,1,60,0,720,32,32,32,0,89,-151,0,0,100,0,704,0,16,32,0,69,-155,0,1,60,0,688,32,32,32,0,75,-153,0,0,100,0,688,0,16,32,0,68,-161,0,1,60,0,672,32,16,32,0,70,-162,0,0,100,0,672,0,16,32,0,75,-188,0,1,70,0,624,0,48,64,0,84,-181,0,0,100,0,592,0,32,48,0,105,-168,0,1,60,0,720,32,32,32,0,113,-168,0,0,100,0,704,0,16,32,0,69,-174,1,1,60,0,688,32,32,32,0,79,-172,1,0,100,0,704,0,16,32,0,75,-117,0,0,100,0,416,160,32,32,0,63,-122,0,0,100,0,416,128,32,32,0,63,-101,0,0,100,0,1056,0,32,16,0,75,-96,0,0,100,0,1056,0,32,16,0,118,-155,0,1,100,0,160,112,16,16,0,74,-203,0,1,80,0,160,112,16,16,0,120,-194,0,1,80,0,160,112,16,16,0,133,-187,0,1,80,0,160,112,16,16,0,42,-165,0,1,100,0,160,112,16,16,0,35,-180,0,1,20,0,160,112,16,16,0,109,-168,0,1,50,0,176,112,16,16,0,38,-211,0,1,60,0,160,0,112,80,0,96,-145,0,0,100,0,160,80,32,32,0,19,-226,0,0,100,0,0,0,160,176,0,0,-256,0,0,100,0,1088,0,192,256,0,
0,32,45,-125,0,0,40,0,160,128,16,16,0,173,-162,1,0,100,0,160,128,16,16,0,121,-159,1,1,60,0,672,32,16,32,0,120,-157,1,0,100,0,672,0,16,32,0,98,-152,1,1,60,0,688,32,32,32,0,107,-150,0,0,100,0,720,0,16,32,0,82,-151,0,1,60,0,720,32,32,32,0,89,-151,0,0,100,0,704,0,16,32,0,69,-155,0,1,60,0,688,32,32,32,0,75,-153,0,0,100,0,688,0,16,32,0,68,-161,0,1,60,0,672,32,16,32,0,70,-162,0,0,100,0,672,0,16,32,0,75,-188,0,1,75,0,624,0,48,64,0,84,-181,0,0,100,0,592,0,32,48,0,105,-168,0,1,60,0,720,32,32,32,0,113,-168,0,0,100,0,704,0,16,32,0,69,-174,1,1,60,0,688,32,32,32,0,79,-172,1,0,100,0,704,0,16,32,0,75,-117,0,0,100,0,384,160,32,32,0,63,-122,0,0,100,0,384,128,32,32,0,63,-101,0,0,100,0,1056,0,32,16,0,75,-96,0,0,100,0,1056,0,32,16,0,118,-155,0,1,90,0,160,112,16,16,0,74,-203,0,1,90,0,160,112,16,16,0,120,-194,0,1,70,0,160,112,16,16,0,133,-187,0,1,60,0,160,112,16,16,0,42,-165,0,1,80,0,160,112,16,16,0,109,-168,0,1,20,0,176,112,16,16,0,38,-211,0,1,70,0,160,0,112,80,0,96,-145,0,0,100,0,160,80,32,32,0,19,-226,0,0,100,0,0,0,160,176,0,0,-256,0,0,100,0,1088,0,192,256,0,
0,31,41,-124,0,0,20,0,160,128,16,16,0,170,-159,1,0,100,0,160,128,16,16,0,121,-159,1,1,60,0,672,32,16,32,0,120,-157,1,0,100,0,672,0,16,32,0,98,-152,1,1,60,0,688,32,32,32,0,107,-150,0,0,100,0,720,0,16,32,0,82,-151,0,1,60,0,720,32,32,32,0,89,-151,0,0,100,0,704,0,16,32,0,69,-155,0,1,80,0,688,32,32,32,0,75,-153,0,0,100,0,688,0,16,32,0,68,-161,0,1,60,0,672,32,16,32,0,70,-162,0,0,100,0,672,0,16,32,0,75,-188,0,1,80,0,624,0,48,64,0,84,-181,0,0,100,0,592,0,32,48,0,105,-168,0,1,60,0,720,32,32,32,0,113,-168,0,0,100,0,704,0,16,32,0,69,-174,1,1,60,0,688,32,32,32,0,79,-172,1,0,100,0,704,0,16,32,0,75,-117,0,0,100,0,288,160,32,32,0,63,-122,0,0,100,0,288,128,32,32,0,63,-101,0,0,100,0,1056,0,32,16,0,75,-96,0,0,100,0,1056,0,32,16,0,118,-155,0,1,80,0,160,112,16,16,0,74,-203,0,1,100,0,160,112,16,16,0,120,-194,0,1,80,0,160,112,16,16,0,133,-187,0,1,40,0,160,112,16,16,0,42,-165,0,1,60,0,160,112,16,16,0,38,-211,0,1,80,0,160,0,112,80,0,96,-145,0,0,100,0,160,80,32,32,0,19,-226,0,0,100,0,0,0,160,176,0,0,-256,0,0,100,0,1088,0,192,256,0,
0,30,165,-156,1,0,100,0,160,128,16,16,0,121,-159,1,1,60,0,672,32,16,32,0,120,-157,1,0,100,0,672,0,16,32,0,98,-152,1,1,60,0,688,32,32,32,0,107,-150,0,0,100,0,720,0,16,32,0,82,-151,0,1,60,0,720,32,32,32,0,89,-151,0,0,100,0,704,0,16,32,0,69,-155,0,1,100,0,688,32,32,32,0,75,-153,0,0,100,0,688,0,16,32,0,68,-161,0,1,60,0,672,32,16,32,0,70,-162,0,0,100,0,672,0,16,32,0,75,-188,0,1,75,0,624,0,48,64,0,84,-181,0,0,100,0,656,64,32,48,0,105,-168,0,1,60,0,720,32,32,32,0,113,-168,0,0,100,0,704,0,16,32,0,69,-174,1,1,60,0,688,32,32,32,0,79,-172,1,0,100,0,704,0,16,32,0,75,-117,0,0,100,0,288,160,32,32,0,63,-122,0,0,100,0,288,128,32,32,0,63,-101,0,0,100,0,1056,0,32,16,0,75,-96,0,0,100,0,1056,0,32,16,0,118,-155,0,1,90,0,160,112,16,16,0,74,-203,0,1,90,0,160,112,16,16,0,120,-194,0,1,90,0,160,112,16,16,0,133,-187,0,1,20,0,160,112,16,16,0,42,-165,0,1,40,0,160,112,16,16,0,38,-211,0,1,70,0,160,0,112,80,0,96,-145,0,0,100,0,160,80,32,32,0,19,-226,0,0,100,0,0,0,160,176,0,0,-256,0,0,100,0,1088,0,192,256,0,
0,29,160,-154,1,0,100,0,160,128,16,16,0,121,-159,1,1,60,0,672,32,16,32,0,120,-157,1,0,100,0,672,0,16,32,0,98,-152,1,1,60,0,688,32,32,32,0,107,-150,0,0,100,0,720,0,16,32,0,82,-151,0,1,60,0,720,32,32,32,0,89,-151,0,0,100,0,704,0,16,32,0,69,-155,0,1,100,0,688,32,32,32,0,75,-153,0,0,100,0,688,0,16,32,0,68,-161,0,1,60,0,672,32,16,32,0,70,-162,0,0,100,0,672,0,16,32,0,75,-188,0,1,70,0,624,0,48,64,0,84,-181,0,0,100,0,656,64,32,48,0,105,-168,0,1,60,0,720,32,32,32,0,113,-168,0,0,100,0,704,0,16,32,0,69,-174,1,1,60,0,688,32,32,32,0,79,-172,1,0,100,0,704,0,16,32,0,75,-117,1,0,100,0,288,160,32,32,0,63,-122,1,0,100,0,448,128,32,32,0,63,-101,0,0,100,0,1056,0,32,16,0,75,-96,0,0,100,0,1056,0,32,16,0,118,-155,0,1,100,0,160,112,16,16,0,74,-203,0,1,80,0,160,112,16,16,0,120,-194,0,1,90,0,160,112,16,16,0,42,-165,0,1,20,0,160,112,16,16,0,38,-211,0,1,60,0,160,0,112,80,0,96,-145,0,0,100,0,160,80,32,32,0,19,-226,0,0,100,0,0,0,160,176,0,0,-256,0,0,100,0,1088,0,192,256,0,
0,28,154,-153,1,0,80,0,160,128,16,16,0,121,-159,1,1,60,0,672,32,16,32,0,120,-157,1,0,70,0,672,0,16,32,0,98,-152,1,1,60,0,688,32,32,32,0,107,-150,0,0,70,0,720,0,16,32,0,82,-151,0,1,60,0,720,32,32,32,0,89,-151,0,0,70,0,704,0,16,32,0,69,-153,0,1,100,0,688,32,32,32,0,75,-151,0,0,100,0,688,0,16,32,0,68,-161,0,1,60,0,672,32,16,32,0,70,-162,0,0,70,0,672,0,16,32,0,75,-188,0,1,75,0,624,0,48,64,0,83,-181,0,0,100,0,592,48,32,48,0,105,-168,0,1,60,0,720,32,32,32,0,113,-168,0,0,70,0,704,0,16,32,0,69,-174,1,1,60,0,688,32,32,32,0,79,-172,1,0,70,0,704,0,16,32,0,75,-117,0,0,100,0,448,160,32,32,0,63,-122,0,0,100,0,448,128,32,32,0,63,-101,0,0,100,0,1056,0,32,16,0,75,-96,0,0,100,0,1056,0,32,16,0,118,-155,0,1,90,0,160,112,16,16,0,74,-203,0,1,70,0,160,112,16,16,0,120,-194,0,1,80,0,160,112,16,16,0,38,-211,0,1,50,0,160,0,112,80,0,96,-145,0,0,100,0,160,80,32,32,0,19,-226,0,0,100,0,0,0,160,176,0,0,-256,0,0,100,0,1088,0,192,256,0,
0,29,149,-153,1,0,60,0,160,128,16,16,0,121,-159,1,1,40,0,672,32,16,32,0,120,-157,1,0,30,0,672,0,16,32,0,98,-152,1,1,40,0,688,32,32,32,0,107,-150,0,0,30,0,720,0,16,32,0,82,-151,0,1,40,0,720,32,32,32,0,89,-151,0,0,30,0,704,0,16,32,0,69,-152,0,1,100,0,688,32,32,32,0,75,-150,0,0,100,0,688,0,16,32,0,68,-161,0,1,40,0,672,32,16,32,0,70,-162,0,0,30,0,672,0,16,32,0,75,-188,0,1,80,0,624,0,48,64,0,83,-181,0,0,100,0,592,48,32,48,0,105,-168,0,1,40,0,720,32,32,32,0,113,-168,0,0,30,0,704,0,16,32,0,69,-174,1,1,40,0,688,32,32,32,0,79,-172,1,0,30,0,704,0,16,32,0,73,-116,0,0,100,0,480,160,32,32,0,61,-121,0,0,100,0,480,128,32,32,0,61,-100,0,0,100,0,1056,0,32,16,0,73,-95,0,0,100,0,1056,0,32,16,0,118,-155,0,1,80,0,160,112,16,16,0,74,-203,0,1,60,0,160,112,16,16,0,120,-194,0,1,70,0,160,112,16,16,0,35,-180,0,1,20,0,160,112,16,16,0,38,-211,0,1,40,0,160,0,112,80,0,96,-145,0,0,100,0,160,80,32,32,0,19,-226,0,0,100,0,0,0,160,176,0,0,-256,0,0,100,0,1088,0,192,256,0,
0,19,145,-153,1,0,40,0,160,128,16,16,0,44,-155,0,0,100,0,176,128,16,16,0,69,-168,0,1,100,0,688,32,32,32,0,75,-166,0,0,70,0,688,0,16,32,0,75,-188,0,1,75,0,624,0,48,64,0,83,-181,0,0,100,0,592,48,32,48,0,71,-115,0,0,100,0,448,160,32,32,0,59,-120,0,0,100,0,448,128,32,32,0,59,-99,0,0,100,0,1056,0,32,16,0,71,-94,0,0,100,0,1056,0,32,16,0,118,-155,0,1,90,0,160,112,16,16,0,74,-203,0,1,70,0,160,112,16,16,0,120,-194,0,1,80,0,160,112,16,16,0,35,-180,0,1,40,0,160,112,16,16,0,65,-185,0,1,50,0,176,112,16,16,0,38,-211,0,1,50,0,160,0,112,80,0,96,-145,0,0,100,0,160,80,32,32,0,19,-226,0,0,100,0,0,0,160,176,0,0,-256,0,0,100,0,1088,0,192,256,0,
0,19,142,-154,1,0,20,0,160,128,16,16,0,42,-151,0,0,100,0,176,128,16,16,0,69,-179,0,1,100,0,688,32,32,32,0,75,-177,0,0,30,0,688,0,16,32,0,75,-188,0,1,70,0,624,0,48,64,0,83,-181,0,0,100,0,592,48,32,48,0,69,-114,0,0,100,0,512,160,32,32,0,57,-119,0,0,100,0,512,128,32,32,0,57,-98,0,0,100,0,1056,0,32,16,0,69,-93,0,0,100,0,1056,0,32,16,0,118,-155,0,1,100,0,160,112,16,16,0,74,-203,0,1,80,0,160,112,16,16,0,120,-194,0,1,90,0,160,112,16,16,0,35,-180,0,1,60,0,160,112,16,16,0,65,-185,0,1,100,0,176,112,16,16,0,38,-211,0,1,60,0,160,0,112,80,0,96,-145,0,0,100,0,160,80,32,32,0,19,-226,0,0,100,0,0,0,160,176,0,0,-256,0,0,100,0,1088,0,192,256,0,
0,17,39,-148,0,0,100,0,176,128,16,16,0,75,-188,0,1,75,0,624,0,48,64,0,83,-181,0,0,100,0,624,64,32,48,0,67,-113,0,0,100,0,448,160,32,32,0,55,-118,0,0,100,0,448,128,32,32,0,55,-97,0,0,100,0,1056,0,32,16,0,67,-92,0,0,100,0,1056,0,32,16,0,118,-155,0,1,90,0,160,112,16,16,0,74,-203,0,1,90,0,160,112,16,16,0,120,-194,0,1,100,0,160,112,16,16,0,133,-187,0,1,20,0,160,112,16,16,0,35,-180,0,1,80,0,160,112,16,16,0,65,-185,0,1,80,0,176,112,16,16,0,38,-211,0,1,70,0,160,0,112,80,0,96,-145,0,0,100,0,160,80,32,32,0,19,-226,0,0,100,0,0,0,160,176,0,0,-256,0,0,100,0,1088,0,192,256,0,
0,17,36,-145,0,0,100,0,176,128,16,16,0,75,-188,0,1,80,0,624,0,48,64,0,84,-181,0,0,100,0,592,0,32,48,0,65,-112,0,0,100,0,480,160,32,32,0,53,-117,0,0,100,0,480,128,32,32,0,53,-96,0,0,100,0,1056,0,32,16,0,65,-91,0,0,100,0,1056,0,32,16,0,118,-155,0,1,80,0,160,112,16,16,0,74,-203,0,1,100,0,160,112,16,16,0,120,-194,0,1,90,0,160,112,16,16,0,133,-187,0,1,40,0,160,112,16,16,0,35,-180,0,1,100,0,160,112,16,16,0,65,-185,0,1,60,0,176,112,16,16,0,38,-211,0,1,80,0,160,0,112,80,0,96,-145,0,0,100,0,160,80,32,32,0,19,-226,0,0,100,0,0,0,160,176,0,0,-256,0,0,100,0,1088,0,192,256,0,
0,18,33,-142,0,0,100,0,176,128,16,16,0,75,-188,0,1,75,0,624,0,48,64,0,84,-181,0,0,100,0,592,0,32,48,0,63,-111,0,0,100,0,448,160,32,32,0,51,-116,0,0,100,0,448,128,32,32,0,51,-95,0,0,100,0,1056,0,32,16,0,63,-90,0,0,100,0,1056,0,32,16,0,118,-155,0,1,90,0,160,112,16,16,0,74,-203,0,1,90,0,160,112,16,16,0,120,-194,0,1,80,0,160,112,16,16,0,133,-187,0,1,60,0,160,112,16,16,0,42,-165,0,1,20,0,160,112,16,16,0,35,-180,0,1,100,0,160,112,16,16,0,65,-185,0,1,30,0,176,112,16,16,0,38,-211,0,1,70,0,160,0,112,80,0,96,-145,0,0,100,0,160,80,32,32,0,19,-226,0,0,100,0,0,0,160,176,0,0,-256,0,0,100,0,1088,0,192,256,0,
0,15,31,-139,0,0,100,0,176,128,16,16,0,75,-188,0,1,70,0,624,0,48,64,0,84,-181,0,0,100,0,592,0,32,48,0,61,-110,0,0,100,0,512,160,32,32,0,49,-115,0,0,100,0,512,128,32,32,0,118,-155,0,1,100,0,160,112,16,16,0,74,-203,0,1,80,0,160,112,16,16,0,120,-194,0,1,70,0,160,112,16,16,0,133,-187,0,1,80,0,160,112,16,16,0,42,-165,0,1,40,0,160,112,16,16,0,35,-180,0,1,100,0,160,112,16,16,0,38,-211,0,1,60,0,160,0,112,80,0,96,-145,0,0,100,0,160,80,32,32,0,19,-226,0,0,100,0,0,0,160,176,0,0,-256,0,0,100,0,1088,0,192,256,0,
0,19,141,-181,1,0,100,0,160,128,16,16,0,31,-136,0,0,100,0,176,128,16,16,0,75,-188,0,1,75,0,624,0,48,64,0,84,-181,0,0,100,0,592,0,32,48,0,59,-109,0,0,40,0,544,160,32,32,0,59,-109,0,0,100,0,448,160,32,32,0,47,-114,0,0,40,0,544,128,32,32,0,47,-114,0,0,100,0,448,128,32,32,0,118,-155,0,1,90,0,160,112,16,16,0,74,-203,0,1,70,0,160,112,16,16,0,120,-194,0,1,80,0,160,112,16,16,0,133,-187,0,1,100,0,160,112,16,16,0,42,-165,0,1,60,0,160,112,16,16,0,35,-180,0,1,80,0,160,112,16,16,0,109,-168,0,1,50,0,176,112,16,16,0,38,-211,0,1,50,0,160,0,112,80,0,96,-145,0,0,100,0,160,80,32,32,0,19,-226,0,0,100,0,0,0,160,176,0,0,-256,0,0,100,0,1088,0,192,256,0,
0,19,143,-177,1,0,100,0,160,128,16,16,0,33,-133,0,0,100,0,176,128,16,16,0,75,-188,0,1,80,0,624,0,48,64,0,84,-181,0,0,100,0,592,0,32,48,0,57,-108,0,0,80,0,576,160,32,32,0,57,-108,0,0,100,0,480,160,32,32,0,45,-113,0,0,80,0,576,128,32,32,0,45,-113,0,0,100,0,480,128,32,32,0,118,-155,0,1,80,0,160,112,16,16,0,74,-203,0,1,60,0,160,112,16,16,0,120,-194,0,1,90,0,160,112,16,16,0,133,-187,0,1,100,0,160,112,16,16,0,42,-165,0,1,80,0,160,112,16,16,0,35,-180,0,1,60,0,160,112,16,16,0,109,-168,0,1,100,0,176,112,16,16,0,38,-211,0,1,40,0,160,0,112,80,0,96,-145,0,0,100,0,160,80,32,32,0,19,-226,0,0,100,0,0,0,160,176,0,0,-256,0,0,100,0,1088,0,192,256,0,
0,15,147,-172,1,0,100,0,160,128,16,16,0,36,-130,0,0,80,0,176,128,16,16,0,75,-188,0,1,75,0,624,0,48,64,0,84,-181,0,0,100,0,592,0,32,48,0,118,-155,0,1,90,0,160,112,16,16,0,74,-203,0,1,70,0,160,112,16,16,0,120,-194,0,1,100,0,160,112,16,16,0,133,-187,0,1,100,0,160,112,16,16,0,42,-165,0,1,100,0,160,112,16,16,0,35,-180,0,1,40,0,160,112,16,16,0,109,-168,0,1,80,0,176,112,16,16,0,38,-211,0,1,50,0,160,0,112,80,0,96,-145,0,0,100,0,160,80,32,32,0,19,-226,0,0,100,0,0,0,160,176,0,0,-256,0,0,100,0,1088,0,192,256,0,
0,15,154,-167,1,0,100,0,160,128,16,16,0,40,-127,0,0,60,0,176,128,16,16,0,75,-188,0,1,70,0,624,0,48,64,0,84,-181,0,0,100,0,592,0,32,48,0,118,-155,0,1,100,0,160,112,16,16,0,74,-203,0,1,80,0,160,112,16,16,0,120,-194,0,1,80,0,160,112,16,16,0,133,-187,0,1,80,0,160,112,16,16,0,42,-165,0,1,100,0,160,112,16,16,0,35,-180,0,1,20,0,160,112,16,16,0,109,-168,0,1,50,0,176,112,16,16,0,38,-211,0,1,60,0,160,0,112,80,0,96,-145,0,0,100,0,160,80,32,32,0,19,-226,0,0,100,0,0,0,160,176,0,0,-256,0,0,100,0,1088,0,192,256,0,
0,14,162,-162,1,0,80,0,160,128,16,16,0,44,-124,0,0,40,0,176,128,16,16,0,75,-188,0,1,75,0,624,0,48,64,0,84,-181,0,0,100,0,592,0,32,48,0,118,-155,0,1,90,0,160,112,16,16,0,74,-203,0,1,90,0,160,112,16,16,0,120,-194,0,1,70,0,160,112,16,16,0,133,-187,0,1,60,0,160,112,16,16,0,42,-165,0,1,80,0,160,112,16,16,0,109,-168,0,1,20,0,176,112,16,16,0,38,-211,0,1,70,0,160,0,112,80,0,96,-145,0,0,100,0,160,80,32,32,0,19,-226,0,0,100,0,0,0,160,176,0,0,-256,0,0,100,0,1088,0,192,256,0,
0,13,171,-157,1,0,60,0,160,128,16,16,0,48,-121,0,0,20,0,176,128,16,16,0,75,-188,0,1,80,0,624,0,48,64,0,84,-181,0,0,100,0,592,0,32,48,0,118,-155,0,1,80,0,160,112,16,16,0,74,-203,0,1,100,0,160,112,16,16,0,120,-194,0,1,80,0,160,112,16,16,0,133,-187,0,1,40,0,160,112,16,16,0,42,-165,0,1,60,0,160,112,16,16,0,38,-211,0,1,80,0,160,0,112,80,0,96,-145,0,0,100,0,160,80,32,32,0,19,-226,0,0,100,0,0,0,160,176,0,0,-256,0,0,100,0,1088,0,192,256,0,
0,13,62,-194,0,0,40,0,192,128,16,16,0,180,-153,1,0,40,0,160,128,16,16,0,75,-188,0,1,75,0,624,0,48,64,0,84,-181,0,0,100,0,592,0,32,48,0,118,-155,0,1,90,0,160,112,16,16,0,74,-203,0,1,90,0,160,112,16,16,0,120,-194,0,1,90,0,160,112,16,16,0,133,-187,0,1,20,0,160,112,16,16,0,42,-165,0,1,40,0,160,112,16,16,0,38,-211,0,1,70,0,160,0,112,80,0,96,-145,0,0,100,0,160,80,32,32,0,19,-226,0,0,100,0,0,0,160,176,0,0,-256,0,0,100,0,1088,0,192,256,0,
0,12,64,-185,0,0,80,0,192,128,16,16,0,186,-151,1,0,20,0,160,128,16,16,0,75,-188,0,1,70,0,624,0,48,64,0,84,-181,0,0,100,0,592,0,32,48,0,118,-155,0,1,100,0,160,112,16,16,0,74,-203,0,1,80,0,160,112,16,16,0,120,-194,0,1,90,0,160,112,16,16,0,42,-165,0,1,20,0,160,112,16,16,0,38,-211,0,1,60,0,160,0,112,80,0,96,-145,0,0,100,0,160,80,32,32,0,19,-226,0,0,100,0,0,0,160,176,0,0,-256,0,0,100,0,1088,0,192,256,0,
0,10,66,-179,0,0,100,0,192,128,16,16,0,75,-188,0,1,75,0,624,0,48,64,0,84,-181,0,0,100,0,592,0,32,48,0,118,-155,0,1,90,0,160,112,16,16,0,74,-203,0,1,70,0,160,112,16,16,0,120,-194,0,1,80,0,160,112,16,16,0,38,-211,0,1,50,0,160,0,112,80,0,96,-145,0,0,100,0,160,80,32,32,0,19,-226,0,0,100,0,0,0,160,176,0,0,-256,0,0,100,0,1088,0,192,256,0,
0,11,68,-171,0,0,100,0,192,128,16,16,0,75,-188,0,1,80,0,624,0,48,64,0,84,-181,0,0,100,0,592,0,32,48,0,118,-155,0,1,80,0,160,112,16,16,0,74,-203,0,1,60,0,160,112,16,16,0,120,-194,0,1,70,0,160,112,16,16,0,35,-180,0,1,20,0,160,112,16,16,0,38,-211,0,1,40,0,160,0,112,80,0,96,-145,0,0,100,0,160,80,32,32,0,19,-226,0,0,100,0,0,0,160,176,0,0,-256,0,0,100,0,1088,0,192,256,0,
0,12,70,-164,0,0,100,0,192,128,16,16,0,75,-188,0,1,75,0,624,0,48,64,0,84,-181,0,0,100,0,592,0,32,48,0,118,-155,0,1,90,0,160,112,16,16,0,74,-203,0,1,70,0,160,112,16,16,0,120,-194,0,1,80,0,160,112,16,16,0,35,-180,0,1,40,0,160,112,16,16,0,65,-185,0,1,50,0,176,112,16,16,0,38,-211,0,1,50,0,160,0,112,80,0,96,-145,0,0,100,0,160,80,32,32,0,19,-226,0,0,100,0,0,0,160,176,0,0,-256,0,0,100,0,1088,0,192,256,0,
0,12,72,-158,0,0,100,0,192,128,16,16,0,75,-188,0,1,70,0,624,0,48,64,0,84,-181,0,0,100,0,592,0,32,48,0,118,-155,0,1,100,0,160,112,16,16,0,74,-203,0,1,80,0,160,112,16,16,0,120,-194,0,1,90,0,160,112,16,16,0,35,-180,0,1,60,0,160,112,16,16,0,65,-185,0,1,100,0,176,112,16,16,0,38,-211,0,1,60,0,160,0,112,80,0,96,-145,0,0,100,0,160,80,32,32,0,19,-226,0,0,100,0,0,0,160,176,0,0,-256,0,0,100,0,1088,0,192,256,0,
0,15,74,-154,0,0,100,0,192,128,16,16,0,75,-188,0,1,75,0,624,0,48,64,0,84,-181,0,0,100,0,592,0,32,48,0,49,-111,0,0,80,0,288,224,32,32,0,49,-111,0,0,100,0,352,192,32,32,0,118,-155,0,1,90,0,160,112,16,16,0,74,-203,0,1,90,0,160,112,16,16,0,120,-194,0,1,100,0,160,112,16,16,0,133,-187,0,1,20,0,160,112,16,16,0,35,-180,0,1,80,0,160,112,16,16,0,65,-185,0,1,80,0,176,112,16,16,0,38,-211,0,1,70,0,160,0,112,80,0,96,-145,0,0,100,0,160,80,32,32,0,19,-226,0,0,100,0,0,0,160,176,0,0,-256,0,0,100,0,1088,0,192,256,0,
0,15,75,-151,0,0,100,0,192,128,16,16,0,75,-188,0,1,80,0,624,0,48,64,0,84,-181,0,0,100,0,592,0,32,48,0,51,-112,0,0,40,0,320,224,32,32,0,51,-112,0,0,100,0,384,192,32,32,0,118,-155,0,1,80,0,160,112,16,16,0,74,-203,0,1,100,0,160,112,16,16,0,120,-194,0,1,90,0,160,112,16,16,0,133,-187,0,1,40,0,160,112,16,16,0,35,-180,0,1,100,0,160,112,16,16,0,65,-185,0,1,60,0,176,112,16,16,0,38,-211,0,1,80,0,160,0,112,80,0,96,-145,0,0,100,0,160,80,32,32,0,19,-226,0,0,100,0,0,0,160,176,0,0,-256,0,0,100,0,1088,0,192,256,0,
0,15,73,-147,0,0,100,0,192,128,16,16,0,75,-188,0,1,75,0,624,0,48,64,0,84,-181,0,0,100,0,592,0,32,48,0,53,-113,0,0,100,0,384,192,32,32,0,118,-155,0,1,90,0,160,112,16,16,0,74,-203,0,1,90,0,160,112,16,16,0,120,-194,0,1,80,0,160,112,16,16,0,133,-187,0,1,60,0,160,112,16,16,0,42,-165,0,1,20,0,160,112,16,16,0,35,-180,0,1,100,0,160,112,16,16,0,65,-185,0,1,30,0,176,112,16,16,0,38,-211,0,1,70,0,160,0,112,80,0,96,-145,0,0,100,0,160,80,32,32,0,19,-226,0,0,100,0,0,0,160,176,0,0,-256,0,0,100,0,1088,0,192,256,0,
0,15,69,-143,0,0,100,0,192,128,16,16,0,75,-188,0,1,70,0,624,0,48,64,0,84,-181,0,0,100,0,592,0,32,48,0,55,-114,0,0,100,0,352,192,32,32,0,55,-94,0,0,100,0,1056,0,32,16,0,118,-155,0,1,100,0,160,112,16,16,0,74,-203,0,1,80,0,160,112,16,16,0,120,-194,0,1,70,0,160,112,16,16,0,133,-187,0,1,80,0,160,112,16,16,0,42,-165,0,1,40,0,160,112,16,16,0,35,-180,0,1,100,0,160,112,16,16,0,38,-211,0,1,60,0,160,0,112,80,0,96,-145,0,0,100,0,160,80,32,32,0,19,-226,0,0,100,0,0,0,160,176,0,0,-256,0,0,100,0,1088,0,192,256,0,
0,17,55,-153,0,0,40,0,176,128,16,16,0,63,-139,0,0,100,0,192,128,16,16,0,75,-188,0,1,75,0,624,0,48,64,0,84,-181,0,0,100,0,592,0,32,48,0,57,-115,0,0,100,0,416,192,32,32,0,57,-95,0,0,100,0,1056,0,32,16,0,118,-155,0,1,90,0,160,112,16,16,0,74,-203,0,1,70,0,160,112,16,16,0,120,-194,0,1,80,0,160,112,16,16,0,133,-187,0,1,100,0,160,112,16,16,0,42,-165,0,1,60,0,160,112,16,16,0,35,-180,0,1,80,0,160,112,16,16,0,109,-168,0,1,50,0,176,112,16,16,0,38,-211,0,1,50,0,160,0,112,80,0,96,-145,0,0,100,0,160,80,32,32,0,19,-226,0,0,100,0,0,0,160,176,0,0,-256,0,0,100,0,1088,0,192,256,0,
0,17,56,-147,0,0,80,0,176,128,16,16,0,56,-135,0,0,100,0,192,128,16,16,0,75,-188,0,1,80,0,624,0,48,64,0,84,-181,0,0,100,0,592,0,32,48,0,59,-116,0,0,100,0,352,192,32,32,0,59,-96,0,0,100,0,1056,0,32,16,0,118,-155,0,1,80,0,160,112,16,16,0,74,-203,0,1,60,0,160,112,16,16,0,120,-194,0,1,90,0,160,112,16,16,0,133,-187,0,1,100,0,160,112,16,16,0,42,-165,0,1,80,0,160,112,16,16,0,35,-180,0,1,60,0,160,112,16,16,0,109,-168,0,1,100,0,176,112,16,16,0,38,-211,0,1,40,0,160,0,112,80,0,96,-145,0,0,100,0,160,80,32,32,0,19,-226,0,0,100,0,0,0,160,176,0,0,-256,0,0,100,0,1088,0,192,256,0,
0,17,59,-140,0,0,100,0,176,128,16,16,0,48,-131,0,0,100,0,192,128,16,16,0,75,-188,0,1,75,0,624,0,48,64,0,84,-181,0,0,100,0,592,0,32,48,0,61,-117,0,0,100,0,384,192,32,32,0,61,-97,0,0,100,0,1056,0,32,16,0,118,-155,0,1,90,0,160,112,16,16,0,74,-203,0,1,70,0,160,112,16,16,0,120,-194,0,1,100,0,160,112,16,16,0,133,-187,0,1,100,0,160,112,16,16,0,42,-165,0,1,100,0,160,112,16,16,0,35,-180,0,1,40,0,160,112,16,16,0,109,-168,0,1,80,0,176,112,16,16,0,38,-211,0,1,50,0,160,0,112,80,0,96,-145,0,0,100,0,160,80,32,32,0,19,-226,0,0,100,0,0,0,160,176,0,0,-256,0,0,100,0,1088,0,192,256,0,
0,17,63,-135,0,0,100,0,176,128,16,16,0,39,-128,0,0,100,0,192,128,16,16,0,75,-188,0,1,70,0,624,0,48,64,0,84,-181,0,0,100,0,592,0,32,48,0,63,-118,0,0,100,0,352,192,32,32,0,63,-98,0,0,100,0,1056,0,32,16,0,118,-155,0,1,100,0,160,112,16,16,0,74,-203,0,1,80,0,160,112,16,16,0,120,-194,0,1,80,0,160,112,16,16,0,133,-187,0,1,80,0,160,112,16,16,0,42,-165,0,1,100,0,160,112,16,16,0,35,-180,0,1,20,0,160,112,16,16,0,109,-168,0,1,50,0,176,112,16,16,0,38,-211,0,1,60,0,160,0,112,80,0,96,-145,0,0,100,0,160,80,32,32,0,19,-226,0,0,100,0,0,0,160,176,0,0,-256,0,0,100,0,1088,0,192,256,0,
0,16,67,-131,0,0,100,0,176,128,16,16,0,30,-125,0,0,100,0,192,128,16,16,0,75,-188,0,1,75,0,624,0,48,64,0,84,-181,0,0,100,0,592,0,32,48,0,65,-119,0,0,100,0,416,192,32,32,0,65,-99,0,0,100,0,1056,0,32,16,0,118,-155,0,1,90,0,160,112,16,16,0,74,-203,0,1,90,0,160,112,16,16,0,120,-194,0,1,70,0,160,112,16,16,0,133,-187,0,1,60,0,160,112,16,16,0,42,-165,0,1,80,0,160,112,16,16,0,109,-168,0,1,20,0,176,112,16,16,0,38,-211,0,1,70,0,160,0,112,80,0,96,-145,0,0,100,0,160,80,32,32,0,19,-226,0,0,100,0,0,0,160,176,0,0,-256,0,0,100,0,1088,0,192,256,0,
0,15,71,-128,0,0,100,0,176,128,16,16,0,21,-123,0,0,80,0,192,128,16,16,0,75,-188,0,1,80,0,624,0,48,64,0,84,-181,0,0,100,0,592,0,32,48,0,67,-120,0,0,100,0,352,192,32,32,0,67,-100,0,0,100,0,1056,0,32,16,0,118,-155,0,1,80,0,160,112,16,16,0,74,-203,0,1,100,0,160,112,16,16,0,120,-194,0,1,80,0,160,112,16,16,0,133,-187,0,1,40,0,160,112,16,16,0,42,-165,0,1,60,0,160,112,16,16,0,38,-211,0,1,80,0,160,0,112,80,0,96,-145,0,0,100,0,160,80,32,32,0,19,-226,0,0,100,0,0,0,160,176,0,0,-256,0,0,100,0,1088,0,192,256,0,
0,30,126,-139,0,0,40,0,192,128,16,16,0,75,-125,0,0,100,0,176,128,16,16,0,13,-121,0,0,60,0,192,128,16,16,0,120,-167,0,1,100,0,768,0,16,80,0,120,-145,1,0,40,0,672,0,16,32,0,107,-161,0,1,100,0,768,0,16,80,0,107,-138,0,0,40,0,720,0,16,32,0,89,-161,0,1,100,0,768,0,16,80,0,89,-139,0,0,40,0,704,0,16,32,0,75,-165,0,1,100,0,768,0,16,80,0,75,-141,0,0,40,0,688,0,16,32,0,70,-174,0,1,100,0,768,0,16,80,0,70,-150,0,0,40,0,672,0,16,32,0,75,-188,0,1,75,0,624,0,48,64,0,84,-181,0,0,100,0,592,0,32,48,0,113,-178,0,1,100,0,768,0,16,80,0,113,-156,0,0,40,0,704,0,16,32,0,78,-179,0,1,100,0,768,0,16,80,0,79,-160,1,0,30,0,704,0,16,32,0,67,-120,0,0,100,0,352,192,32,32,0,67,-100,0,0,100,0,1056,0,32,16,0,118,-155,0,1,90,0,160,112,16,16,0,74,-203,0,1,90,0,160,112,16,16,0,120,-194,0,1,90,0,160,112,16,16,0,133,-187,0,1,20,0,160,112,16,16,0,42,-165,0,1,40,0,160,112,16,16,0,38,-211,0,1,70,0,160,0,112,80,0,96,-145,0,0,100,0,160,80,32,32,0,19,-226,0,0,100,0,0,0,160,176,0,0,-256,0,0,100,0,1088,0,192,256,0,
0,36,127,-132,0,0,80,0,192,128,16,16,0,78,-124,0,0,80,0,176,128,16,16,0,5,-119,0,0,40,0,192,128,16,16,0,120,-169,0,1,100,0,752,0,16,64,0,121,-154,1,1,40,0,672,32,16,32,0,120,-152,1,0,70,0,672,0,16,32,0,107,-163,0,1,100,0,752,0,16,64,0,98,-147,1,1,40,0,688,32,32,32,0,107,-145,0,0,70,0,720,0,16,32,0,89,-163,0,1,100,0,752,0,16,64,0,82,-146,0,1,40,0,720,32,32,32,0,89,-146,0,0,70,0,704,0,16,32,0,75,-167,0,1,100,0,752,0,16,64,0,69,-150,0,1,40,0,688,32,32,32,0,75,-148,0,0,70,0,688,0,16,32,0,70,-176,0,1,100,0,752,0,16,64,0,68,-156,0,1,40,0,672,32,16,32,0,70,-157,0,0,70,0,672,0,16,32,0,75,-188,0,1,70,0,624,0,48,64,0,84,-181,0,0,100,0,592,0,32,48,0,113,-180,0,1,100,0,752,0,16,64,0,105,-163,0,1,40,0,720,32,32,32,0,113,-163,0,0,70,0,704,0,16,32,0,78,-182,0,1,100,0,752,0,16,64,0,69,-169,1,1,40,0,688,32,32,32,0,79,-167,1,0,70,0,704,0,16,32,0,67,-120,0,0,100,0,352,192,32,32,0,67,-100,0,0,100,0,1056,0,32,16,0,118,-155,0,1,100,0,160,112,16,16,0,74,-203,0,1,80,0,160,112,16,16,0,120,-194,0,1,90,0,160,112,16,16,0,42,-165,0,1,20,0,160,112,16,16,0,38,-211,0,1,60,0,160,0,112,80,0,96,-145,0,0,100,0,160,80,32,32,0,19,-226,0,0,100,0,0,0,160,176,0,0,-256,0,0,100,0,1088,0,192,256,0,
0,28,130,-126,0,0,100,0,192,128,16,16,0,81,-123,0,0,60,0,176,128,16,16,0,-2,-118,0,0,20,0,192,128,16,16,0,121,-159,1,1,40,0,672,32,16,32,0,120,-157,1,0,100,0,672,0,16,32,0,98,-152,1,1,40,0,688,32,32,32,0,107,-150,0,0,100,0,720,0,16,32,0,82,-151,0,1,40,0,720,32,32,32,0,89,-151,0,0,100,0,704,0,16,32,0,69,-155,0,1,40,0,688,32,32,32,0,75,-153,0,0,100,0,688,0,16,32,0,68,-161,0,1,40,0,672,32,16,32,0,70,-162,0,0,100,0,672,0,16,32,0,75,-188,0,1,75,0,624,0,48,64,0,84,-181,0,0,100,0,592,0,32,48,0,105,-168,0,1,40,0,720,32,32,32,0,113,-168,0,0,100,0,704,0,16,32,0,69,-174,1,1,40,0,688,32,32,32,0,79,-172,1,0,100,0,704,0,16,32,0,67,-120,0,0,100,0,448,192,32,32,0,67,-100,0,0,100,0,1056,0,32,16,0,118,-155,0,1,90,0,160,112,16,16,0,74,-203,0,1,70,0,160,112,16,16,0,120,-194,0,1,80,0,160,112,16,16,0,38,-211,0,1,50,0,160,0,112,80,0,96,-145,0,0,100,0,160,80,32,32,0,19,-226,0,0,100,0,0,0,160,176,0,0,-256,0,0,100,0,1088,0,192,256,0,
0,28,134,-121,0,0,100,0,192,128,16,16,0,78,-120,0,0,40,0,176,128,16,16,0,121,-159,1,1,60,0,672,32,16,32,0,120,-157,1,0,100,0,672,0,16,32,0,98,-152,1,1,60,0,688,32,32,32,0,107,-150,0,0,100,0,720,0,16,32,0,82,-151,0,1,60,0,720,32,32,32,0,89,-151,0,0,100,0,704,0,16,32,0,69,-155,0,1,60,0,688,32,32,32,0,75,-153,0,0,100,0,688,0,16,32,0,68,-161,0,1,60,0,672,32,16,32,0,70,-162,0,0,100,0,672,0,16,32,0,75,-188,0,1,80,0,624,0,48,64,0,84,-181,0,0,100,0,592,0,32,48,0,105,-168,0,1,60,0,720,32,32,32,0,113,-168,0,0,100,0,704,0,16,32,0,69,-174,1,1,60,0,688,32,32,32,0,79,-172,1,0,100,0,704,0,16,32,0,67,-120,0,0,100,0,480,192,32,32,0,67,-100,0,0,100,0,1056,0,32,16,0,118,-155,0,1,80,0,160,112,16,16,0,74,-203,0,1,60,0,160,112,16,16,0,120,-194,0,1,70,0,160,112,16,16,0,35,-180,0,1,20,0,160,112,16,16,0,38,-211,0,1,40,0,160,0,112,80,0,96,-145,0,0,100,0,160,80,32,32,0,19,-226,0,0,100,0,0,0,160,176,0,0,-256,0,0,100,0,1088,0,192,256,0,
0,29,138,-117,0,0,100,0,192,128,16,16,0,74,-118,0,0,20,0,176,128,16,16,0,121,-159,1,1,60,0,672,32,16,32,0,120,-157,1,0,100,0,672,0,16,32,0,98,-152,1,1,60,0,688,32,32,32,0,107,-150,0,0,100,0,720,0,16,32,0,82,-151,0,1,60,0,720,32,32,32,0,89,-151,0,0,100,0,704,0,16,32,0,69,-155,0,1,60,0,688,32,32,32,0,75,-153,0,0,100,0,688,0,16,32,0,68,-161,0,1,60,0,672,32,16,32,0,70,-162,0,0,100,0,672,0,16,32,0,75,-188,0,1,75,0,624,0,48,64,0,84,-181,0,0,100,0,592,0,32,48,0,105,-168,0,1,60,0,720,32,32,32,0,113,-168,0,0,100,0,704,0,16,32,0,69,-174,1,1,60,0,688,32,32,32,0,79,-172,1,0,100,0,704,0,16,32,0,67,-120,0,0,100,0,480,192,32,32,0,67,-100,0,0,100,0,1056,0,32,16,0,118,-155,0,1,90,0,160,112,16,16,0,74,-203,0,1,70,0,160,112,16,16,0,120,-194,0,1,80,0,160,112,16,16,0,35,-180,0,1,40,0,160,112,16,16,0,65,-185,0,1,50,0,176,112,16,16,0,38,-211,0,1,50,0,160,0,112,80,0,96,-145,0,0,100,0,160,80,32,32,0,19,-226,0,0,100,0,0,0,160,176,0,0,-256,0,0,100,0,1088,0,192,256,0,
0,28,142,-114,0,0,100,0,192,128,16,16,0,121,-159,1,1,60,0,672,32,16,32,0,120,-157,1,0,100,0,672,0,16,32,0,98,-152,1,1,60,0,688,32,32,32,0,107,-150,0,0,100,0,720,0,16,32,0,82,-151,0,1,60,0,720,32,32,32,0,89,-151,0,0,100,0,704,0,16,32,0,69,-155,0,1,60,0,688,32,32,32,0,75,-153,0,0,100,0,688,0,16,32,0,68,-161,0,1,60,0,672,32,16,32,0,70,-162,0,0,100,0,672,0,16,32,0,75,-188,0,1,70,0,624,0,48,64,0,84,-181,0,0,100,0,592,0,32,48,0,105,-168,0,1,60,0,720,32,32,32,0,113,-168,0,0,100,0,704,0,16,32,0,69,-174,1,1,60,0,688,32,32,32,0,79,-172,1,0,100,0,704,0,16,32,0,67,-120,0,0,100,0,480,192,32,32,0,67,-100,0,0,100,0,1056,0,32,16,0,118,-155,0,1,100,0,160,112,16,16,0,74,-203,0,1,80,0,160,112,16,16,0,120,-194,0,1,90,0,160,112,16,16,0,35,-180,0,1,60,0,160,112,16,16,0,65,-185,0,1,100,0,176,112,16,16,0,38,-211,0,1,60,0,160,0,112,80,0,96,-145,0,0,100,0,160,80,32,32,0,19,-226,0,0,100,0,0,0,160,176,0,0,-256,0,0,100,0,1088,0,192,256,0,
0,29,145,-113,0,0,100,0,192,128,16,16,0,121,-159,1,1,60,0,672,32,16,32,0,120,-157,1,0,100,0,672,0,16,32,0,98,-152,1,1,60,0,688,32,32,32,0,107,-150,0,0,100,0,720,0,16,32,0,82,-151,0,1,60,0,720,32,32,32,0,89,-151,0,0,100,0,704,0,16,32,0,69,-155,0,1,60,0,688,32,32,32,0,75,-153,0,0,100,0,688,0,16,32,0,68,-161,0,1,60,0,672,32,16,32,0,70,-162,0,0,100,0,672,0,16,32,0,75,-188,0,1,75,0,624,0,48,64,0,84,-181,0,0,100,0,592,0,32,48,0,105,-168,0,1,60,0,720,32,32,32,0,113,-168,0,0,100,0,704,0,16,32,0,69,-174,1,1,60,0,688,32,32,32,0,79,-172,1,0,100,0,704,0,16,32,0,67,-120,0,0,100,0,448,192,32,32,0,67,-100,0,0,100,0,1056,0,32,16,0,118,-155,0,1,90,0,160,112,16,16,0,74,-203,0,1,90,0,160,112,16,16,0,120,-194,0,1,100,0,160,112,16,16,0,133,-187,0,1,20,0,160,112,16,16,0,35,-180,0,1,80,0,160,112,16,16,0,65,-185,0,1,80,0,176,112,16,16,0,38,-211,0,1,70,0,160,0,112,80,0,96,-145,0,0,100,0,160,80,32,32,0,19,-226,0,0,100,0,0,0,160,176,0,0,-256,0,0,100,0,1088,0,192,256,0,
0,30,49,-152,0,0,40,0,176,128,16,16,0,142,-110,0,0,100,0,192,128,16,16,0,121,-159,1,1,60,0,672,32,16,32,0,120,-157,1,0,100,0,672,0,16,32,0,98,-152,1,1,60,0,688,32,32,32,0,107,-150,0,0,100,0,720,0,16,32,0,82,-151,0,1,60,0,720,32,32,32,0,89,-151,0,0,100,0,704,0,16,32,0,69,-155,0,1,60,0,688,32,32,32,0,75,-153,0,0,100,0,688,0,16,32,0,68,-161,0,1,60,0,672,32,16,32,0,70,-162,0,0,100,0,672,0,16,32,0,75,-188,0,1,80,0,624,0,48,64,0,84,-181,0,0,100,0,592,0,32,48,0,105,-168,0,1,60,0,720,32,32,32,0,113,-168,0,0,100,0,704,0,16,32,0,69,-174,1,1,60,0,688,32,32,32,0,79,-172,1,0,100,0,704,0,16,32,0,67,-120,0,0,100,0,352,192,32,32,0,67,-100,0,0,100,0,1056,0,32,16,0,118,-155,0,1,80,0,160,112,16,16,0,74,-203,0,1,100,0,160,112,16,16,0,120,-194,0,1,90,0,160,112,16,16,0,133,-187,0,1,40,0,160,112,16,16,0,35,-180,0,1,100,0,160,112,16,16,0,65,-185,0,1,60,0,176,112,16,16,0,38,-211,0,1,80,0,160,0,112,80,0,96,-145,0,0,100,0,160,80,32,32,0,19,-226,0,0,100,0,0,0,160,176,0,0,-256,0,0,100,0,1088,0,192,256,0,
0,31,51,-145,0,0,80,0,176,128,16,16,0,137,-107,0,0,100,0,192,128,16,16,0,121,-159,1,1,60,0,672,32,16,32,0,120,-157,1,0,100,0,672,0,16,32,0,98,-152,1,1,60,0,688,32,32,32,0,107,-150,0,0,100,0,720,0,16,32,0,82,-151,0,1,80,0,720,32,32,32,0,89,-151,0,0,100,0,704,0,16,32,0,69,-155,0,1,60,0,688,32,32,32,0,75,-153,0,0,100,0,688,0,16,32,0,68,-161,0,1,60,0,672,32,16,32,0,70,-162,0,0,100,0,672,0,16,32,0,75,-188,0,1,75,0,624,0,48,64,0,84,-181,0,0,100,0,592,0,32,48,0,105,-168,0,1,60,0,720,32,32,32,0,113,-168,0,0,100,0,704,0,16,32,0,69,-174,1,1,60,0,688,32,32,32,0,79,-172,1,0,100,0,704,0,16,32,0,67,-120,0,0,100,0,352,192,32,32,0,67,-100,0,0,100,0,1056,0,32,16,0,118,-155,0,1,90,0,160,112,16,16,0,74,-203,0,1,90,0,160,112,16,16,0,120,-194,0,1,80,0,160,112,16,16,0,133,-187,0,1,60,0,160,112,16,16,0,42,-165,0,1,20,0,160,112,16,16,0,35,-180,0,1,100,0,160,112,16,16,0,65,-185,0,1,30,0,176,112,16,16,0,38,-211,0,1,70,0,160,0,112,80,0,96,-145,0,0,100,0,160,80,32,32,0,19,-226,0,0,100,0,0,0,160,176,0,0,-256,0,0,100,0,1088,0,192,256,0,
0,30,55,-138,0,0,100,0,176,128,16,16,0,131,-105,0,0,100,0,192,128,16,16,0,121,-159,1,1,60,0,672,32,16,32,0,120,-157,1,0,100,0,672,0,16,32,0,98,-152,1,1,60,0,688,32,32,32,0,107,-150,0,0,100,0,720,0,16,32,0,82,-151,0,1,100,0,720,32,32,32,0,89,-151,0,0,100,0,704,0,16,32,0,69,-155,0,1,60,0,688,32,32,32,0,75,-153,0,0,100,0,688,0,16,32,0,68,-161,0,1,60,0,672,32,16,32,0,70,-162,0,0,100,0,672,0,16,32,0,75,-188,0,1,70,0,624,0,48,64,0,84,-181,0,0,100,0,592,0,32,48,0,105,-168,0,1,60,0,720,32,32,32,0,113,-168,0,0,100,0,704,0,16,32,0,69,-174,1,1,60,0,688,32,32,32,0,79,-172,1,0,100,0,704,0,16,32,0,67,-120,0,0,100,0,352,192,32,32,0,67,-100,0,0,100,0,1056,0,32,16,0,118,-155,0,1,100,0,160,112,16,16,0,74,-203,0,1,80,0,160,112,16,16,0,120,-194,0,1,70,0,160,112,16,16,0,133,-187,0,1,80,0,160,112,16,16,0,42,-165,0,1,40,0,160,112,16,16,0,35,-180,0,1,100,0,160,112,16,16,0,38,-211,0,1,60,0,160,0,112,80,0,96,-145,0,0,100,0,160,80,32,32,0,19,-226,0,0,100,0,0,0,160,176,0,0,-256,0,0,100,0,1088,0,192,256,0,
0,31,59,-133,0,0,100,0,176,128,16,16,0,124,-103,0,0,100,0,192,128,16,16,0,121,-159,1,1,60,0,672,32,16,32,0,120,-157,1,0,100,0,672,0,16,32,0,98,-152,1,1,60,0,688,32,32,32,0,107,-150,0,0,100,0,720,0,16,32,0,82,-151,0,1,100,0,720,32,32,32,0,89,-151,0,0,100,0,704,0,16,32,0,69,-155,0,1,60,0,688,32,32,32,0,75,-153,0,0,100,0,688,0,16,32,0,68,-161,0,1,60,0,672,32,16,32,0,70,-162,0,0,100,0,672,0,16,32,0,75,-188,0,1,75,0,624,0,48,64,0,84,-181,0,0,100,0,656,64,32,48,0,105,-168,0,1,60,0,720,32,32,32,0,113,-168,0,0,100,0,704,0,16,32,0,69,-174,1,1,60,0,688,32,32,32,0,79,-172,1,0,100,0,704,0,16,32,0,67,-120,1,0,100,0,512,192,32,32,0,67,-100,0,0,100,0,1056,0,32,16,0,118,-155,0,1,90,0,160,112,16,16,0,74,-203,0,1,70,0,160,112,16,16,0,120,-194,0,1,80,0,160,112,16,16,0,133,-187,0,1,100,0,160,112,16,16,0,42,-165,0,1,60,0,160,112,16,16,0,35,-180,0,1,80,0,160,112,16,16,0,109,-168,0,1,50,0,176,112,16,16,0,38,-211,0,1,50,0,160,0,112,80,0,96,-145,0,0,100,0,160,80,32,32,0,19,-226,0,0,100,0,0,0,160,176,0,0,-256,0,0,100,0,1088,0,192,256,0,
0,31,62,-129,0,0,100,0,176,128,16,16,0,117,-102,0,0,100,0,192,128,16,16,0,121,-159,1,1,60,0,672,32,16,32,0,120,-157,1,0,70,0,672,0,16,32,0,98,-152,1,1,60,0,688,32,32,32,0,107,-150,0,0,70,0,720,0,16,32,0,82,-149,0,1,100,0,720,32,32,32,0,89,-149,0,0,100,0,704,0,16,32,0,69,-155,0,1,60,0,688,32,32,32,0,75,-153,0,0,70,0,688,0,16,32,0,68,-161,0,1,60,0,672,32,16,32,0,70,-162,0,0,70,0,672,0,16,32,0,75,-188,0,1,80,0,624,0,48,64,0,84,-181,0,0,100,0,656,64,32,48,0,105,-168,0,1,60,0,720,32,32,32,0,113,-168,0,0,70,0,704,0,16,32,0,69,-174,1,1,60,0,688,32,32,32,0,79,-172,1,0,70,0,704,0,16,32,0,64,-120,0,0,100,0,544,192,32,32,0,65,-99,0,0,100,0,1056,0,32,16,0,118,-155,0,1,80,0,160,112,16,16,0,74,-203,0,1,60,0,160,112,16,16,0,120,-194,0,1,90,0,160,112,16,16,0,133,-187,0,1,100,0,160,112,16,16,0,42,-165,0,1,80,0,160,112,16,16,0,35,-180,0,1,60,0,160,112,16,16,0,109,-168,0,1,100,0,176,112,16,16,0,38,-211,0,1,40,0,160,0,112,80,0,96,-145,0,0,100,0,160,80,32,32,0,19,-226,0,0,100,0,0,0,160,176,0,0,-256,0,0,100,0,1088,0,192,256,0,
0,32,45,-155,1,0,40,0,192,128,16,16,0,63,-126,0,0,100,0,176,128,16,16,0,109,-100,0,0,100,0,192,128,16,16,0,121,-159,1,1,40,0,672,32,16,32,0,120,-157,1,0,30,0,672,0,16,32,0,98,-152,1,1,40,0,688,32,32,32,0,107,-150,0,0,30,0,720,0,16,32,0,82,-148,0,1,100,0,720,32,32,32,0,89,-148,0,0,100,0,704,0,16,32,0,69,-155,0,1,40,0,688,32,32,32,0,75,-153,0,0,30,0,688,0,16,32,0,68,-161,0,1,40,0,672,32,16,32,0,70,-162,0,0,30,0,672,0,16,32,0,75,-188,0,1,75,0,624,0,48,64,0,83,-181,0,0,100,0,592,48,32,48,0,105,-168,0,1,40,0,720,32,32,32,0,113,-168,0,0,30,0,704,0,16,32,0,69,-174,1,1,40,0,688,32,32,32,0,79,-172,1,0,30,0,704,0,16,32,0,62,-119,0,0,100,0,512,192,32,32,0,63,-98,0,0,100,0,1056,0,32,16,0,118,-155,0,1,90,0,160,112,16,16,0,74,-203,0,1,70,0,160,112,16,16,0,120,-194,0,1,100,0,160,112,16,16,0,133,-187,0,1,100,0,160,112,16,16,0,42,-165,0,1,100,0,160,112,16,16,0,35,-180,0,1,40,0,160,112,16,16,0,109,-168,0,1,80,0,176,112,16,16,0,38,-211,0,1,50,0,160,0,112,80,0,96,-145,0,0,100,0,160,80,32,32,0,19,-226,0,0,100,0,0,0,160,176,0,0,-256,0,0,100,0,1088,0,192,256,0,
0,20,42,-148,1,0,80,0,192,128,16,16,0,62,-123,0,0,100,0,176,128,16,16,0,102,-99,0,0,80,0,192,128,16,16,0,82,-164,0,1,100,0,720,32,32,32,0,89,-164,0,0,70,0,704,0,16,32,0,75,-188,0,1,70,0,624,0,48,64,0,83,-181,0,0,100,0,592,48,32,48,0,60,-118,0,0,100,0,576,192,32,32,0,61,-97,0,0,100,0,1056,0,32,16,0,118,-155,0,1,100,0,160,112,16,16,0,74,-203,0,1,80,0,160,112,16,16,0,120,-194,0,1,80,0,160,112,16,16,0,133,-187,0,1,80,0,160,112,16,16,0,42,-165,0,1,100,0,160,112,16,16,0,35,-180,0,1,20,0,160,112,16,16,0,109,-168,0,1,50,0,176,112,16,16,0,38,-211,0,1,60,0,160,0,112,80,0,96,-145,0,0,100,0,160,80,32,32,0,19,-226,0,0,100,0,0,0,160,176,0,0,-256,0,0,100,0,1088,0,192,256,0,
0,19,38,-142,1,0,100,0,192,128,16,16,0,59,-119,0,0,100,0,176,128,16,16,0,95,-98,0,0,60,0,192,128,16,16,0,82,-175,0,1,100,0,720,32,32,32,0,89,-175,0,0,40,0,704,0,16,32,0,75,-188,0,1,75,0,624,0,48,64,0,83,-181,0,0,100,0,592,48,32,48,0,58,-117,0,0,100,0,512,192,32,32,0,59,-96,0,0,100,0,1056,0,32,16,0,118,-155,0,1,90,0,160,112,16,16,0,74,-203,0,1,90,0,160,112,16,16,0,120,-194,0,1,70,0,160,112,16,16,0,133,-187,0,1,60,0,160,112,16,16,0,42,-165,0,1,80,0,160,112,16,16,0,109,-168,0,1,20,0,176,112,16,16,0,38,-211,0,1,70,0,160,0,112,80,0,96,-145,0,0,100,0,160,80,32,32,0,19,-226,0,0,100,0,0,0,160,176,0,0,-256,0,0,100,0,1088,0,192,256,0,
0,16,34,-137,1,0,100,0,192,128,16,16,0,55,-114,0,0,100,0,176,128,16,16,0,89,-97,0,0,40,0,192,128,16,16,0,75,-188,0,1,80,0,624,0,48,64,0,83,-181,0,0,100,0,592,48,32,48,0,56,-116,0,0,100,0,544,192,32,32,0,57,-95,0,0,100,0,1056,0,32,16,0,118,-155,0,1,80,0,160,112,16,16,0,74,-203,0,1,100,0,160,112,16,16,0,120,-194,0,1,80,0,160,112,16,16,0,133,-187,0,1,40,0,160,112,16,16,0,42,-165,0,1,60,0,160,112,16,16,0,38,-211,0,1,80,0,160,0,112,80,0,96,-145,0,0,100,0,160,80,32,32,0,19,-226,0,0,100,0,0,0,160,176,0,0,-256,0,0,100,0,1088,0,192,256,0,
0,17,30,-133,1,0,100,0,192,128,16,16,0,132,-204,0,0,40,0,192,128,16,16,0,51,-110,0,0,100,0,176,128,16,16,0,84,-96,0,0,20,0,192,128,16,16,0,75,-188,0,1,75,0,624,0,48,64,0,83,-181,0,0,100,0,624,64,32,48,0,54,-115,0,0,100,0,512,192,32,32,0,55,-94,0,0,100,0,1056,0,32,16,0,118,-155,0,1,90,0,160,112,16,16,0,74,-203,0,1,90,0,160,112,16,16,0,120,-194,0,1,90,0,160,112,16,16,0,133,-187,0,1,20,0,160,112,16,16,0,42,-165,0,1,40,0,160,112,16,16,0,38,-211,0,1,70,0,160,0,112,80,0,96,-145,0,0,100,0,160,80,32,32,0,19,-226,0,0,100,0,0,0,160,176,0,0,-256,0,0,100,0,1088,0,192,256,0,
0,14,26,-130,1,0,100,0,192,128,16,16,0,134,-197,0,0,80,0,192,128,16,16,0,47,-107,0,0,100,0,176,128,16,16,0,75,-188,0,1,70,0,624,0,48,64,0,84,-181,0,0,100,0,592,0,32,48,0,52,-114,0,0,100,0,576,192,32,32,0,118,-155,0,1,100,0,160,112,16,16,0,74,-203,0,1,80,0,160,112,16,16,0,120,-194,0,1,90,0,160,112,16,16,0,42,-165,0,1,20,0,160,112,16,16,0,38,-211,0,1,60,0,160,0,112,80,0,96,-145,0,0,100,0,160,80,32,32,0,19,-226,0,0,100,0,0,0,160,176,0,0,-256,0,0,100,0,1088,0,192,256,0,
0,14,24,-128,1,0,100,0,192,128,16,16,0,138,-189,0,0,100,0,192,128,16,16,0,43,-104,0,0,100,0,176,128,16,16,0,75,-188,0,1,75,0,624,0,48,64,0,84,-181,0,0,100,0,592,0,32,48,0,50,-113,0,0,40,0,544,160,32,32,0,50,-113,0,0,100,0,512,192,32,32,0,118,-155,0,1,90,0,160,112,16,16,0,74,-203,0,1,70,0,160,112,16,16,0,120,-194,0,1,80,0,160,112,16,16,0,38,-211,0,1,50,0,160,0,112,80,0,96,-145,0,0,100,0,160,80,32,32,0,19,-226,0,0,100,0,0,0,160,176,0,0,-256,0,0,100,0,1088,0,192,256,0,
0,15,26,-126,1,0,100,0,192,128,16,16,0,144,-182,0,0,100,0,192,128,16,16,0,39,-101,0,0,80,0,176,128,16,16,0,75,-188,0,1,80,0,624,0,48,64,0,84,-181,0,0,100,0,592,0,32,48,0,48,-112,0,0,80,0,576,160,32,32,0,48,-112,0,0,100,0,544,192,32,32,0,118,-155,0,1,80,0,160,112,16,16,0,74,-203,0,1,60,0,160,112,16,16,0,120,-194,0,1,70,0,160,112,16,16,0,35,-180,0,1,20,0,160,112,16,16,0,38,-211,0,1,40,0,160,0,112,80,0,96,-145,0,0,100,0,160,80,32,32,0,19,-226,0,0,100,0,0,0,160,176,0,0,-256,0,0,100,0,1088,0,192,256,0,
0,14,30,-123,1,0,100,0,192,128,16,16,0,150,-176,0,0,100,0,192,128,16,16,0,35,-99,0,0,60,0,176,128,16,16,0,75,-188,0,1,75,0,624,0,48,64,0,84,-181,0,0,100,0,592,0,32,48,0,118,-155,0,1,90,0,160,112,16,16,0,74,-203,0,1,70,0,160,112,16,16,0,120,-194,0,1,80,0,160,112,16,16,0,35,-180,0,1,40,0,160,112,16,16,0,65,-185,0,1,50,0,176,112,16,16,0,38,-211,0,1,50,0,160,0,112,80,0,96,-145,0,0,100,0,160,80,32,32,0,19,-226,0,0,100,0,0,0,160,176,0,0,-256,0,0,100,0,1088,0,192,256,0,
0,14,35,-121,1,0,100,0,192,128,16,16,0,157,-171,0,0,100,0,192,128,16,16,0,31,-98,0,0,40,0,176,128,16,16,0,75,-188,0,1,70,0,624,0,48,64,0,84,-181,0,0,100,0,592,0,32,48,0,118,-155,0,1,100,0,160,112,16,16,0,74,-203,0,1,80,0,160,112,16,16,0,120,-194,0,1,90,0,160,112,16,16,0,35,-180,0,1,60,0,160,112,16,16,0,65,-185,0,1,100,0,176,112,16,16,0,38,-211,0,1,60,0,160,0,112,80,0,96,-145,0,0,100,0,160,80,32,32,0,19,-226,0,0,100,0,0,0,160,176,0,0,-256,0,0,100,0,1088,0,192,256,0,
0,15,42,-119,1,0,100,0,192,128,16,16,0,164,-167,0,0,100,0,192,128,16,16,0,28,-97,0,0,20,0,176,128,16,16,0,75,-188,0,1,75,0,624,0,48,64,0,84,-181,0,0,100,0,592,0,32,48,0,118,-155,0,1,90,0,160,112,16,16,0,74,-203,0,1,90,0,160,112,16,16,0,120,-194,0,1,100,0,160,112,16,16,0,133,-187,0,1,20,0,160,112,16,16,0,35,-180,0,1,80,0,160,112,16,16,0,65,-185,0,1,80,0,176,112,16,16,0,38,-211,0,1,70,0,160,0,112,80,0,96,-145,0,0,100,0,160,80,32,32,0,19,-226,0,0,100,0,0,0,160,176,0,0,-256,0,0,100,0,1088,0,192,256,0,
0,14,50,-118,1,0,100,0,192,128,16,16,0,170,-164,0,0,80,0,192,128,16,16,0,75,-188,0,1,80,0,624,0,48,64,0,84,-181,0,0,100,0,592,0,32,48,0,118,-155,0,1,80,0,160,112,16,16,0,74,-203,0,1,100,0,160,112,16,16,0,120,-194,0,1,90,0,160,112,16,16,0,133,-187,0,1,40,0,160,112,16,16,0,35,-180,0,1,100,0,160,112,16,16,0,65,-185,0,1,60,0,176,112,16,16,0,38,-211,0,1,80,0,160,0,112,80,0,96,-145,0,0,100,0,160,80,32,32,0,19,-226,0,0,100,0,0,0,160,176,0,0,-256,0,0,100,0,1088,0,192,256,0,
0,16,57,-118,1,0,80,0,192,128,16,16,0,175,-162,0,0,60,0,192,128,16,16,0,108,-151,0,0,100,0,160,128,16,16,0,75,-188,0,1,75,0,624,0,48,64,0,84,-181,0,0,100,0,592,0,32,48,0,118,-155,0,1,90,0,160,112,16,16,0,74,-203,0,1,90,0,160,112,16,16,0,120,-194,0,1,80,0,160,112,16,16,0,133,-187,0,1,60,0,160,112,16,16,0,42,-165,0,1,20,0,160,112,16,16,0,35,-180,0,1,100,0,160,112,16,16,0,65,-185,0,1,30,0,176,112,16,16,0,38,-211,0,1,70,0,160,0,112,80,0,96,-145,0,0,100,0,160,80,32,32,0,19,-226,0,0,100,0,0,0,160,176,0,0,-256,0,0,100,0,1088,0,192,256,0,
0,15,62,-118,1,0,60,0,192,128,16,16,0,178,-161,0,0,40,0,192,128,16,16,0,105,-145,0,0,100,0,160,128,16,16,0,75,-188,0,1,70,0,624,0,48,64,0,84,-181,0,0,100,0,592,0,32,48,0,118,-155,0,1,100,0,160,112,16,16,0,74,-203,0,1,80,0,160,112,16,16,0,120,-194,0,1,70,0,160,112,16,16,0,133,-187,0,1,80,0,160,112,16,16,0,42,-165,0,1,40,0,160,112,16,16,0,35,-180,0,1,100,0,160,112,16,16,0,38,-211,0,1,60,0,160,0,112,80,0,96,-145,0,0,100,0,160,80,32,32,0,19,-226,0,0,100,0,0,0,160,176,0,0,-256,0,0,100,0,1088,0,192,256,0,
0,17,66,-118,1,0,40,0,192,128,16,16,0,126,-141,0,0,40,0,192,128,16,16,0,181,-158,0,0,20,0,192,128,16,16,0,102,-139,0,0,100,0,160,128,16,16,0,75,-188,0,1,75,0,624,0,48,64,0,84,-181,0,0,100,0,592,0,32,48,0,118,-155,0,1,90,0,160,112,16,16,0,74,-203,0,1,70,0,160,112,16,16,0,120,-194,0,1,80,0,160,112,16,16,0,133,-187,0,1,100,0,160,112,16,16,0,42,-165,0,1,60,0,160,112,16,16,0,35,-180,0,1,80,0,160,112,16,16,0,109,-168,0,1,50,0,176,112,16,16,0,38,-211,0,1,50,0,160,0,112,80,0,96,-145,0,0,100,0,160,80,32,32,0,19,-226,0,0,100,0,0,0,160,176,0,0,-256,0,0,100,0,1088,0,192,256,0,
0,16,69,-119,1,0,20,0,192,128,16,16,0,128,-132,0,0,80,0,192,128,16,16,0,99,-134,0,0,100,0,160,128,16,16,0,75,-188,0,1,80,0,624,0,48,64,0,84,-181,0,0,100,0,592,0,32,48,0,118,-155,0,1,80,0,160,112,16,16,0,74,-203,0,1,60,0,160,112,16,16,0,120,-194,0,1,90,0,160,112,16,16,0,133,-187,0,1,100,0,160,112,16,16,0,42,-165,0,1,80,0,160,112,16,16,0,35,-180,0,1,60,0,160,112,16,16,0,109,-168,0,1,100,0,176,112,16,16,0,38,-211,0,1,40,0,160,0,112,80,0,96,-145,0,0,100,0,160,80,32,32,0,19,-226,0,0,100,0,0,0,160,176,0,0,-256,0,0,100,0,1088,0,192,256,0,
0,15,132,-125,0,0,100,0,192,128,16,16,0,94,-129,0,0,80,0,160,128,16,16,0,75,-188,0,1,75,0,624,0,48,64,0,84,-181,0,0,100,0,592,0,32,48,0,118,-155,0,1,90,0,160,112,16,16,0,74,-203,0,1,70,0,160,112,16,16,0,120,-194,0,1,100,0,160,112,16,16,0,133,-187,0,1,100,0,160,112,16,16,0,42,-165,0,1,100,0,160,112,16,16,0,35,-180,0,1,40,0,160,112,16,16,0,109,-168,0,1,80,0,176,112,16,16,0,38,-211,0,1,50,0,160,0,112,80,0,96,-145,0,0,100,0,160,80,32,32,0,19,-226,0,0,100,0,0,0,160,176,0,0,-256,0,0,100,0,1088,0,192,256,0,
0,15,137,-120,0,0,100,0,192,128,16,16,0,88,-126,0,0,60,0,160,128,16,16,0,75,-188,0,1,70,0,624,0,48,64,0,84,-181,0,0,100,0,592,0,32,48,0,118,-155,0,1,100,0,160,112,16,16,0,74,-203,0,1,80,0,160,112,16,16,0,120,-194,0,1,80,0,160,112,16,16,0,133,-187,0,1,80,0,160,112,16,16,0,42,-165,0,1,100,0,160,112,16,16,0,35,-180,0,1,20,0,160,112,16,16,0,109,-168,0,1,50,0,176,112,16,16,0,38,-211,0,1,60,0,160,0,112,80,0,96,-145,0,0,100,0,160,80,32,32,0,19,-226,0,0,100,0,0,0,160,176,0,0,-256,0,0,100,0,1088,0,192,256,0,
0,16,141,-117,0,0,100,0,192,128,16,16,0,83,-124,0,0,40,0,160,128,16,16,0,75,-188,0,1,75,0,624,0,48,64,0,84,-181,0,0,100,0,592,0,32,48,0,46,-108,0,0,80,0,496,32,32,32,0,46,-108,0,0,100,0,272,32,32,32,0,118,-155,0,1,90,0,160,112,16,16,0,74,-203,0,1,90,0,160,112,16,16,0,120,-194,0,1,70,0,160,112,16,16,0,133,-187,0,1,60,0,160,112,16,16,0,42,-165,0,1,80,0,160,112,16,16,0,109,-168,0,1,20,0,176,112,16,16,0,38,-211,0,1,70,0,160,0,112,80,0,96,-145,0,0,100,0,160,80,32,32,0,19,-226,0,0,100,0,0,0,160,176,0,0,-256,0,0,100,0,1088,0,192,256,0,
0,15,144,-115,0,0,100,0,192,128,16,16,0,80,-123,0,0,20,0,160,128,16,16,0,75,-188,0,1,80,0,624,0,48,64,0,84,-181,0,0,100,0,592,0,32,48,0,48,-109,0,0,40,0,528,32,32,32,0,48,-109,0,0,100,0,304,32,32,32,0,118,-155,0,1,80,0,160,112,16,16,0,74,-203,0,1,100,0,160,112,16,16,0,120,-194,0,1,80,0,160,112,16,16,0,133,-187,0,1,40,0,160,112,16,16,0,42,-165,0,1,60,0,160,112,16,16,0,38,-211,0,1,80,0,160,0,112,80,0,96,-145,0,0,100,0,160,80,32,32,0,19,-226,0,0,100,0,0,0,160,176,0,0,-256,0,0,100,0,1088,0,192,256,0,
0,14,142,-112,0,0,100,0,192,128,16,16,0,75,-188,0,1,75,0,624,0,48,64,0,84,-181,0,0,100,0,592,0,32,48,0,50,-110,0,0,100,0,304,32,32,32,0,51,-95,0,0,100,0,1056,0,32,16,0,118,-155,0,1,90,0,160,112,16,16,0,74,-203,0,1,90,0,160,112,16,16,0,120,-194,0,1,90,0,160,112,16,16,0,133,-187,0,1,20,0,160,112,16,16,0,42,-165,0,1,40,0,160,112,16,16,0,38,-211,0,1,70,0,160,0,112,80,0,96,-145,0,0,100,0,160,80,32,32,0,19,-226,0,0,100,0,0,0,160,176,0,0,-256,0,0,100,0,1088,0,192,256,0,
0,13,139,-108,0,0,100,0,192,128,16,16,0,75,-188,0,1,70,0,624,0,48,64,0,84,-181,0,0,100,0,592,0,32,48,0,52,-111,0,0,100,0,336,32,32,32,0,53,-96,0,0,100,0,1056,0,32,16,0,118,-155,0,1,100,0,160,112,16,16,0,74,-203,0,1,80,0,160,112,16,16,0,120,-194,0,1,90,0,160,112,16,16,0,42,-165,0,1,20,0,160,112,16,16,0,38,-211,0,1,60,0,160,0,112,80,0,96,-145,0,0,100,0,160,80,32,32,0,19,-226,0,0,100,0,0,0,160,176,0,0,-256,0,0,100,0,1088,0,192,256,0,
0,12,134,-103,0,0,100,0,192,128,16,16,0,75,-188,0,1,75,0,624,0,48,64,0,84,-181,0,0,100,0,592,0,32,48,0,54,-112,0,0,100,0,368,32,32,32,0,55,-97,0,0,100,0,1056,0,32,16,0,118,-155,0,1,90,0,160,112,16,16,0,74,-203,0,1,70,0,160,112,16,16,0,120,-194,0,1,80,0,160,112,16,16,0,38,-211,0,1,50,0,160,0,112,80,0,96,-145,0,0,100,0,160,80,32,32,0,19,-226,0,0,100,0,0,0,160,176,0,0,-256,0,0,100,0,1088,0,192,256,0,
0,13,127,-100,0,0,100,0,192,128,16,16,0,75,-188,0,1,80,0,624,0,48,64,0,84,-181,0,0,100,0,592,0,32,48,0,56,-113,0,0,100,0,272,32,32,32,0,57,-98,0,0,100,0,1056,0,32,16,0,118,-155,0,1,80,0,160,112,16,16,0,74,-203,0,1,60,0,160,112,16,16,0,120,-194,0,1,70,0,160,112,16,16,0,35,-180,0,1,20,0,160,112,16,16,0,38,-211,0,1,40,0,160,0,112,80,0,96,-145,0,0,100,0,160,80,32,32,0,19,-226,0,0,100,0,0,0,160,176,0,0,-256,0,0,100,0,1088,0,192,256,0,
0,14,120,-98,0,0,100,0,192,128,16,16,0,75,-188,0,1,75,0,624,0,48,64,0,84,-181,0,0,100,0,592,0,32,48,0,58,-114,0,0,100,0,304,32,32,32,0,59,-99,0,0,100,0,1056,0,32,16,0,118,-155,0,1,90,0,160,112,16,16,0,74,-203,0,1,70,0,160,112,16,16,0,120,-194,0,1,80,0,160,112,16,16,0,35,-180,0,1,40,0,160,112,16,16,0,65,-185,0,1,50,0,176,112,16,16,0,38,-211,0,1,50,0,160,0,112,80,0,96,-145,0,0,100,0,160,80,32,32,0,19,-226,0,0,100,0,0,0,160,176,0,0,-256,0,0,100,0,1088,0,192,256,0,
0,14,115,-97,0,0,100,0,192,128,16,16,0,75,-188,0,1,70,0,624,0,48,64,0,84,-181,0,0,100,0,592,0,32,48,0,60,-115,0,0,100,0,336,32,32,32,0,61,-100,0,0,100,0,1056,0,32,16,0,118,-155,0,1,100,0,160,112,16,16,0,74,-203,0,1,80,0,160,112,16,16,0,120,-194,0,1,90,0,160,112,16,16,0,35,-180,0,1,60,0,160,112,16,16,0,65,-185,0,1,100,0,176,112,16,16,0,38,-211,0,1,60,0,160,0,112,80,0,96,-145,0,0,100,0,160,80,32,32,0,19,-226,0,0,100,0,0,0,160,176,0,0,-256,0,0,100,0,1088,0,192,256,0,
0,16,111,-96,0,0,100,0,192,128,16,16,0,66,-154,0,0,40,0,176,128,16,16,0,75,-188,0,1,75,0,624,0,48,64,0,84,-181,0,0,100,0,592,0,32,48,0,62,-116,0,0,100,0,368,32,32,32,0,63,-101,0,0,100,0,1056,0,32,16,0,118,-155,0,1,90,0,160,112,16,16,0,74,-203,0,1,90,0,160,112,16,16,0,120,-194,0,1,100,0,160,112,16,16,0,133,-187,0,1,20,0,160,112,16,16,0,35,-180,0,1,80,0,160,112,16,16,0,65,-185,0,1,80,0,176,112,16,16,0,38,-211,0,1,70,0,160,0,112,80,0,96,-145,0,0,100,0,160,80,32,32,0,19,-226,0,0,100,0,0,0,160,176,0,0,-256,0,0,100,0,1088,0,192,256,0,
0,30,109,-96,0,0,100,0,192,128,16,16,0,67,-148,0,0,80,0,176,128,16,16,0,120,-167,0,1,100,0,768,0,16,80,0,120,-145,1,0,40,0,672,0,16,32,0,107,-161,0,1,100,0,768,0,16,80,0,107,-138,0,0,40,0,720,0,16,32,0,89,-161,0,1,100,0,768,0,16,80,0,89,-139,0,0,40,0,704,0,16,32,0,75,-165,0,1,100,0,768,0,16,80,0,75,-141,0,0,40,0,688,0,16,32,0,70,-174,0,1,100,0,768,0,16,80,0,70,-150,0,0,40,0,672,0,16,32,0,75,-188,0,1,80,0,624,0,48,64,0,84,-181,0,0,100,0,592,0,32,48,0,113,-178,0,1,100,0,768,0,16,80,0,113,-156,0,0,40,0,704,0,16,32,0,78,-179,0,1,100,0,768,0,16,80,0,79,-160,1,0,30,0,704,0,16,32,0,64,-117,0,0,100,0,272,32,32,32,0,65,-102,0,0,100,0,1056,0,32,16,0,118,-155,0,1,80,0,160,112,16,16,0,74,-203,0,1,100,0,160,112,16,16,0,120,-194,0,1,90,0,160,112,16,16,0,133,-187,0,1,40,0,160,112,16,16,0,35,-180,0,1,100,0,160,112,16,16,0,65,-185,0,1,60,0,176,112,16,16,0,38,-211,0,1,80,0,160,0,112,80,0,96,-145,0,0,100,0,160,80,32,32,0,19,-226,0,0,100,0,0,0,160,176,0,0,-256,0,0,100,0,1088,0,192,256,0,
0,38,110,-94,0,0,100,0,192,128,16,16,0,70,-142,0,0,100,0,176,128,16,16,0,120,-169,0,1,100,0,752,0,16,64,0,121,-154,1,1,40,0,672,32,16,32,0,120,-152,1,0,70,0,672,0,16,32,0,107,-163,0,1,100,0,752,0,16,64,0,98,-147,1,1,40,0,688,32,32,32,0,107,-145,0,0,70,0,720,0,16,32,0,89,-163,0,1,100,0,752,0,16,64,0,82,-146,0,1,40,0,720,32,32,32,0,89,-146,0,0,70,0,704,0,16,32,0,75,-167,0,1,100,0,752,0,16,64,0,69,-150,0,1,40,0,688,32,32,32,0,75,-148,0,0,70,0,688,0,16,32,0,70,-176,0,1,100,0,752,0,16,64,0,68,-156,0,1,40,0,672,32,16,32,0,70,-157,0,0,70,0,672,0,16,32,0,75,-188,0,1,75,0,624,0,48,64,0,84,-181,0,0,100,0,592,0,32,48,0,113,-180,0,1,100,0,752,0,16,64,0,105,-163,0,1,40,0,720,32,32,32,0,113,-163,0,0,70,0,704,0,16,32,0,78,-182,0,1,100,0,752,0,16,64,0,69,-169,1,1,40,0,688,32,32,32,0,79,-167,1,0,70,0,704,0,16,32,0,64,-117,0,0,100,0,272,32,32,32,0,65,-102,0,0,100,0,1056,0,32,16,0,118,-155,0,1,90,0,160,112,16,16,0,74,-203,0,1,90,0,160,112,16,16,0,120,-194,0,1,80,0,160,112,16,16,0,133,-187,0,1,60,0,160,112,16,16,0,42,-165,0,1,20,0,160,112,16,16,0,35,-180,0,1,100,0,160,112,16,16,0,65,-185,0,1,30,0,176,112,16,16,0,38,-211,0,1,70,0,160,0,112,80,0,96,-145,0,0,100,0,160,80,32,32,0,19,-226,0,0,100,0,0,0,160,176,0,0,-256,0,0,100,0,1088,0,192,256,0,
0,30,115,-90,0,0,80,0,192,128,16,16,0,74,-138,0,0,100,0,176,128,16,16,0,121,-159,1,1,40,0,672,32,16,32,0,120,-157,1,0,100,0,672,0,16,32,0,98,-152,1,1,40,0,688,32,32,32,0,107,-150,0,0,100,0,720,0,16,32,0,82,-151,0,1,40,0,720,32,32,32,0,89,-151,0,0,100,0,704,0,16,32,0,69,-155,0,1,40,0,688,32,32,32,0,75,-153,0,0,100,0,688,0,16,32,0,68,-161,0,1,40,0,672,32,16,32,0,70,-162,0,0,100,0,672,0,16,32,0,75,-188,0,1,70,0,624,0,48,64,0,84,-181,0,0,100,0,592,0,32,48,0,105,-168,0,1,40,0,720,32,32,32,0,113,-168,0,0,100,0,704,0,16,32,0,69,-174,1,1,40,0,688,32,32,32,0,79,-172,1,0,100,0,704,0,16,32,0,63,-117,0,0,100,0,448,64,32,32,0,65,-102,0,0,100,0,1056,0,32,16,0,118,-155,0,1,100,0,160,112,16,16,0,74,-203,0,1,80,0,160,112,16,16,0,120,-194,0,1,70,0,160,112,16,16,0,133,-187,0,1,80,0,160,112,16,16,0,42,-165,0,1,40,0,160,112,16,16,0,35,-180,0,1,100,0,160,112,16,16,0,38,-211,0,1,60,0,160,0,112,80,0,96,-145,0,0,100,0,160,80,32,32,0,19,-226,0,0,100,0,0,0,160,176,0,0,-256,0,0,100,0,1088,0,192,256,0,
0,31,120,-86,0,0,60,0,192,128,16,16,0,78,-135,0,0,100,0,176,128,16,16,0,121,-159,1,1,60,0,672,32,16,32,0,120,-157,1,0,100,0,672,0,16,32,0,98,-152,1,1,60,0,688,32,32,32,0,107,-150,0,0,100,0,720,0,16,32,0,82,-151,0,1,60,0,720,32,32,32,0,89,-151,0,0,100,0,704,0,16,32,0,69,-155,0,1,60,0,688,32,32,32,0,75,-153,0,0,100,0,688,0,16,32,0,68,-161,0,1,60,0,672,32,16,32,0,70,-162,0,0,100,0,672,0,16,32,0,75,-188,0,1,75,0,624,0,48,64,0,84,-181,0,0,100,0,592,0,32,48,0,105,-168,0,1,60,0,720,32,32,32,0,113,-168,0,0,100,0,704,0,16,32,0,69,-174,1,1,60,0,688,32,32,32,0,79,-172,1,0,100,0,704,0,16,32,0,63,-117,0,0,100,0,480,64,32,32,0,65,-102,0,0,100,0,1056,0,32,16,0,118,-155,0,1,90,0,160,112,16,16,0,74,-203,0,1,70,0,160,112,16,16,0,120,-194,0,1,80,0,160,112,16,16,0,133,-187,0,1,100,0,160,112,16,16,0,42,-165,0,1,60,0,160,112,16,16,0,35,-180,0,1,80,0,160,112,16,16,0,109,-168,0,1,50,0,176,112,16,16,0,38,-211,0,1,50,0,160,0,112,80,0,96,-145,0,0,100,0,160,80,32,32,0,19,-226,0,0,100,0,0,0,160,176,0,0,-256,0,0,100,0,1088,0,192,256,0,
0,31,127,-83,0,0,40,0,192,128,16,16,0,82,-133,0,0,100,0,176,128,16,16,0,121,-159,1,1,60,0,672,32,16,32,0,120,-157,1,0,100,0,672,0,16,32,0,98,-152,1,1,60,0,688,32,32,32,0,107,-150,0,0,100,0,720,0,16,32,0,82,-151,0,1,60,0,720,32,32,32,0,89,-151,0,0,100,0,704,0,16,32,0,69,-155,0,1,60,0,688,32,32,32,0,75,-153,0,0,100,0,688,0,16,32,0,68,-161,0,1,60,0,672,32,16,32,0,70,-162,0,0,100,0,672,0,16,32,0,75,-188,0,1,80,0,624,0,48,64,0,84,-181,0,0,100,0,592,0,32,48,0,105,-168,0,1,60,0,720,32,32,32,0,113,-168,0,0,100,0,704,0,16,32,0,69,-174,1,1,60,0,688,32,32,32,0,79,-172,1,0,100,0,704,0,16,32,0,63,-117,0,0,100,0,512,64,32,32,0,65,-102,0,0,100,0,1056,0,32,16,0,118,-155,0,1,80,0,160,112,16,16,0,74,-203,0,1,60,0,160,112,16,16,0,120,-194,0,1,90,0,160,112,16,16,0,133,-187,0,1,100,0,160,112,16,16,0,42,-165,0,1,80,0,160,112,16,16,0,35,-180,0,1,60,0,160,112,16,16,0,109,-168,0,1,100,0,176,112,16,16,0,38,-211,0,1,40,0,160,0,112,80,0,96,-145,0,0,100,0,160,80,32,32,0,19,-226,0,0,100,0,0,0,160,176,0,0,-256,0,0,100,0,1088,0,192,256,0,
0,31,135,-81,0,0,20,0,192,128,16,16,0,86,-132,0,0,100,0,176,128,16,16,0,121,-159,1,1,60,0,672,32,16,32,0,120,-157,1,0,100,0,672,0,16,32,0,98,-152,1,1,60,0,688,32,32,32,0,107,-150,0,0,100,0,720,0,16,32,0,82,-151,0,1,60,0,720,32,32,32,0,89,-151,0,0,100,0,704,0,16,32,0,69,-155,0,1,60,0,688,32,32,32,0,75,-153,0,0,100,0,688,0,16,32,0,68,-161,0,1,60,0,672,32,16,32,0,70,-162,0,0,100,0,672,0,16,32,0,75,-188,0,1,75,0,624,0,48,64,0,84,-181,0,0,100,0,592,0,32,48,0,105,-168,0,1,60,0,720,32,32,32,0,113,-168,0,0,100,0,704,0,16,32,0,69,-174,1,1,60,0,688,32,32,32,0,79,-172,1,0,100,0,704,0,16,32,0,63,-117,0,0,100,0,544,64,32,32,0,65,-102,0,0,100,0,1056,0,32,16,0,118,-155,0,1,90,0,160,112,16,16,0,74,-203,0,1,70,0,160,112,16,16,0,120,-194,0,1,100,0,160,112,16,16,0,133,-187,0,1,100,0,160,112,16,16,0,42,-165,0,1,100,0,160,112,16,16,0,35,-180,0,1,40,0,160,112,16,16,0,109,-168,0,1,80,0,176,112,16,16,0,38,-211,0,1,50,0,160,0,112,80,0,96,-145,0,0,100,0,160,80,32,32,0,19,-226,0,0,100,0,0,0,160,176,0,0,-256,0,0,100,0,1088,0,192,256,0,
0,31,100,-198,1,0,40,0,160,128,16,16,0,89,-131,0,0,100,0,176,128,16,16,0,121,-159,1,1,60,0,672,32,16,32,0,120,-157,1,0,100,0,672,0,16,32,0,98,-152,1,1,60,0,688,32,32,32,0,107,-150,0,0,100,0,720,0,16,32,0,82,-151,0,1,60,0,720,32,32,32,0,89,-151,0,0,100,0,704,0,16,32,0,69,-155,0,1,60,0,688,32,32,32,0,75,-153,0,0,100,0,688,0,16,32,0,68,-161,0,1,60,0,672,32,16,32,0,70,-162,0,0,100,0,672,0,16,32,0,75,-188,0,1,70,0,624,0,48,64,0,84,-181,0,0,100,0,592,0,32,48,0,105,-168,0,1,60,0,720,32,32,32,0,113,-168,0,0,100,0,704,0,16,32,0,69,-174,1,1,60,0,688,32,32,32,0,79,-172,1,0,100,0,704,0,16,32,0,63,-117,0,0,100,0,448,64,32,32,0,65,-102,0,0,100,0,1056,0,32,16,0,118,-155,0,1,100,0,160,112,16,16,0,74,-203,0,1,80,0,160,112,16,16,0,120,-194,0,1,80,0,160,112,16,16,0,133,-187,0,1,80,0,160,112,16,16,0,42,-165,0,1,100,0,160,112,16,16,0,35,-180,0,1,20,0,160,112,16,16,0,109,-168,0,1,50,0,176,112,16,16,0,38,-211,0,1,60,0,160,0,112,80,0,96,-145,0,0,100,0,160,80,32,32,0,19,-226,0,0,100,0,0,0,160,176,0,0,-256,0,0,100,0,1088,0,192,256,0,
0,30,104,-194,1,0,80,0,160,128,16,16,0,88,-129,0,0,80,0,176,128,16,16,0,121,-159,1,1,60,0,672,32,16,32,0,120,-157,1,0,100,0,672,0,16,32,0,98,-152,1,1,60,0,688,32,32,32,0,107,-150,0,0,100,0,720,0,16,32,0,82,-151,0,1,60,0,720,32,32,32,0,89,-151,0,0,100,0,704,0,16,32,0,69,-155,0,1,60,0,688,32,32,32,0,75,-153,0,0,100,0,688,0,16,32,0,68,-161,0,1,60,0,672,32,16,32,0,70,-162,0,0,100,0,672,0,16,32,0,75,-188,0,1,75,0,624,0,48,64,0,84,-181,0,0,100,0,592,0,32,48,0,105,-168,0,1,60,0,720,32,32,32,0,113,-168,0,0,100,0,704,0,16,32,0,69,-174,1,1,60,0,688,32,32,32,0,79,-172,1,0,100,0,704,0,16,32,0,63,-117,0,0,100,0,480,64,32,32,0,65,-102,0,0,100,0,1056,0,32,16,0,118,-155,0,1,90,0,160,112,16,16,0,74,-203,0,1,90,0,160,112,16,16,0,120,-194,0,1,70,0,160,112,16,16,0,133,-187,0,1,60,0,160,112,16,16,0,42,-165,0,1,80,0,160,112,16,16,0,109,-168,0,1,20,0,176,112,16,16,0,38,-211,0,1,70,0,160,0,112,80,0,96,-145,0,0,100,0,160,80,32,32,0,19,-226,0,0,100,0,0,0,160,176,0,0,-256,0,0,100,0,1088,0,192,256,0,
0,29,110,-190,1,0,100,0,160,128,16,16,0,86,-127,0,0,60,0,176,128,16,16,0,121,-159,1,1,60,0,672,32,16,32,0,120,-157,1,0,100,0,672,0,16,32,0,98,-152,1,1,60,0,688,32,32,32,0,107,-150,0,0,100,0,720,0,16,32,0,82,-151,0,1,60,0,720,32,32,32,0,89,-151,0,0,100,0,704,0,16,32,0,69,-155,0,1,60,0,688,32,32,32,0,75,-153,0,0,100,0,688,0,16,32,0,68,-161,0,1,60,0,672,32,16,32,0,70,-162,0,0,100,0,672,0,16,32,0,75,-188,0,1,80,0,624,0,48,64,0,84,-181,0,0,100,0,592,0,32,48,0,105,-168,0,1,60,0,720,32,32,32,0,113,-168,0,0,100,0,704,0,16,32,0,69,-174,1,1,60,0,688,32,32,32,0,79,-172,1,0,100,0,704,0,16,32,0,63,-117,0,0,100,0,512,64,32,32,0,65,-102,0,0,100,0,1056,0,32,16,0,118,-155,0,1,80,0,160,112,16,16,0,74,-203,0,1,100,0,160,112,16,16,0,120,-194,0,1,80,0,160,112,16,16,0,133,-187,0,1,40,0,160,112,16,16,0,42,-165,0,1,60,0,160,112,16,16,0,38,-211,0,1,80,0,160,0,112,80,0,96,-145,0,0,100,0,160,80,32,32,0,19,-226,0,0,100,0,0,0,160,176,0,0,-256,0,0,100,0,1088,0,192,256,0,
0,29,115,-187,1,0,100,0,160,128,16,16,0,83,-125,0,0,40,0,176,128,16,16,0,121,-159,1,1,60,0,672,32,16,32,0,120,-157,1,0,100,0,672,0,16,32,0,98,-152,1,1,60,0,688,32,32,32,0,107,-150,0,0,100,0,720,0,16,32,0,82,-151,0,1,60,0,720,32,32,32,0,89,-151,0,0,100,0,704,0,16,32,0,69,-155,0,1,60,0,688,32,32,32,0,75,-153,0,0,100,0,688,0,16,32,0,68,-161,0,1,60,0,672,32,16,32,0,70,-162,0,0,100,0,672,0,16,32,0,75,-188,0,1,75,0,624,0,48,64,0,84,-181,0,0,100,0,592,0,32,48,0,105,-168,0,1,60,0,720,32,32,32,0,113,-168,0,0,100,0,704,0,16,32,0,69,-174,1,1,60,0,688,32,32,32,0,79,-172,1,0,100,0,704,0,16,32,0,63,-117,0,0,100,0,544,64,32,32,0,65,-102,0,0,100,0,1056,0,32,16,0,118,-155,0,1,90,0,160,112,16,16,0,74,-203,0,1,90,0,160,112,16,16,0,120,-194,0,1,90,0,160,112,16,16,0,133,-187,0,1,20,0,160,112,16,16,0,42,-165,0,1,40,0,160,112,16,16,0,38,-211,0,1,70,0,160,0,112,80,0,96,-145,0,0,100,0,160,80,32,32,0,19,-226,0,0,100,0,0,0,160,176,0,0,-256,0,0,100,0,1088,0,192,256,0,
0,28,119,-186,1,0,100,0,160,128,16,16,0,79,-124,0,0,20,0,176,128,16,16,0,121,-159,1,1,60,0,672,32,16,32,0,120,-157,1,0,100,0,672,0,16,32,0,98,-152,1,1,60,0,688,32,32,32,0,107,-150,0,0,100,0,720,0,16,32,0,82,-151,0,1,60,0,720,32,32,32,0,89,-151,0,0,100,0,704,0,16,32,0,69,-155,0,1,60,0,688,32,32,32,0,75,-153,0,0,100,0,688,0,16,32,0,68,-161,0,1,60,0,672,32,16,32,0,70,-162,0,0,100,0,672,0,16,32,0,75,-188,0,1,70,0,624,0,48,64,0,84,-181,0,0,100,0,592,0,32,48,0,105,-168,0,1,60,0,720,32,32,32,0,113,-168,0,0,100,0,704,0,16,32,0,69,-174,1,1,60,0,688,32,32,32,0,79,-172,1,0,100,0,704,0,16,32,0,63,-117,0,0,100,0,448,64,32,32,0,65,-102,0,0,100,0,1056,0,32,16,0,118,-155,0,1,100,0,160,112,16,16,0,74,-203,0,1,80,0,160,112,16,16,0,120,-194,0,1,90,0,160,112,16,16,0,42,-165,0,1,20,0,160,112,16,16,0,38,-211,0,1,60,0,160,0,112,80,0,96,-145,0,0,100,0,160,80,32,32,0,19,-226,0,0,100,0,0,0,160,176,0,0,-256,0,0,100,0,1088,0,192,256,0,
0,26,122,-185,1,0,100,0,160,128,16,16,0,121,-159,1,1,60,0,672,32,16,32,0,120,-157,1,0,100,0,672,0,16,32,0,98,-152,1,1,60,0,688,32,32,32,0,107,-150,0,0,100,0,720,0,16,32,0,82,-151,0,1,60,0,720,32,32,32,0,89,-151,0,0,100,0,704,0,16,32,0,69,-155,0,1,60,0,688,32,32,32,0,75,-153,0,0,100,0,688,0,16,32,0,68,-161,0,1,60,0,672,32,16,32,0,70,-162,0,0,100,0,672,0,16,32,0,75,-188,0,1,75,0,624,0,48,64,0,84,-181,0,0,100,0,592,0,32,48,0,105,-168,0,1,60,0,720,32,32,32,0,113,-168,0,0,100,0,704,0,16,32,0,69,-174,1,1,60,0,688,32,32,32,0,79,-172,1,0,100,0,704,0,16,32,0,63,-117,0,0,100,0,480,64,32,32,0,65,-102,0,0,100,0,1056,0,32,16,0,118,-155,0,1,90,0,160,112,16,16,0,74,-203,0,1,70,0,160,112,16,16,0,120,-194,0,1,80,0,160,112,16,16,0,38,-211,0,1,50,0,160,0,112,80,0,96,-145,0,0,100,0,160,80,32,32,0,19,-226,0,0,100,0,0,0,160,176,0,0,-256,0,0,100,0,1088,0,192,256,0,
0,27,124,-184,1,0,100,0,160,128,16,16,0,121,-159,1,1,60,0,672,32,16,32,0,120,-157,1,0,100,0,672,0,16,32,0,98,-152,1,1,60,0,688,32,32,32,0,107,-150,0,0,100,0,720,0,16,32,0,82,-151,0,1,60,0,720,32,32,32,0,89,-151,0,0,100,0,704,0,16,32,0,69,-155,0,1,60,0,688,32,32,32,0,75,-153,0,0,100,0,688,0,16,32,0,68,-161,0,1,60,0,672,32,16,32,0,70,-162,0,0,100,0,672,0,16,32,0,75,-188,0,1,80,0,624,0,48,64,0,84,-181,0,0,100,0,592,0,32,48,0,105,-168,0,1,60,0,720,32,32,32,0,113,-168,0,0,100,0,704,0,16,32,0,69,-174,1,1,60,0,688,32,32,32,0,79,-172,1,0,100,0,704,0,16,32,0,63,-117,0,0,100,0,512,64,32,32,0,65,-102,0,0,100,0,1056,0,32,16,0,118,-155,0,1,80,0,160,112,16,16,0,74,-203,0,1,60,0,160,112,16,16,0,120,-194,0,1,70,0,160,112,16,16,0,35,-180,0,1,20,0,160,112,16,16,0,38,-211,0,1,40,0,160,0,112,80,0,96,-145,0,0,100,0,160,80,32,32,0,19,-226,0,0,100,0,0,0,160,176,0,0,-256,0,0,100,0,1088,0,192,256,0,
0,28,123,-181,1,0,100,0,160,128,16,16,0,121,-159,1,1,60,0,672,32,16,32,0,120,-157,1,0,100,0,672,0,16,32,0,98,-152,1,1,60,0,688,32,32,32,0,107,-150,0,0,100,0,720,0,16,32,0,82,-151,0,1,60,0,720,32,32,32,0,89,-151,0,0,100,0,704,0,16,32,0,69,-155,0,1,60,0,688,32,32,32,0,75,-153,0,0,100,0,688,0,16,32,0,68,-161,0,1,60,0,672,32,16,32,0,70,-162,0,0,100,0,672,0,16,32,0,75,-188,0,1,75,0,624,0,48,64,0,84,-181,0,0,100,0,592,0,32,48,0,105,-168,0,1,60,0,720,32,32,32,0,113,-168,0,0,100,0,704,0,16,32,0,69,-174,1,1,60,0,688,32,32,32,0,79,-172,1,0,100,0,704,0,16,32,0,63,-117,0,0,100,0,544,64,32,32,0,65,-102,0,0,100,0,1056,0,32,16,0,118,-155,0,1,90,0,160,112,16,16,0,74,-203,0,1,70,0,160,112,16,16,0,120,-194,0,1,80,0,160,112,16,16,0,35,-180,0,1,40,0,160,112,16,16,0,65,-185,0,1,50,0,176,112,16,16,0,38,-211,0,1,50,0,160,0,112,80,0,96,-145,0,0,100,0,160,80,32,32,0,19,-226,0,0,100,0,0,0,160,176,0,0,-256,0,0,100,0,1088,0,192,256,0,
0,28,120,-178,1,0,100,0,160,128,16,16,0,121,-159,1,1,60,0,672,32,16,32,0,120,-157,1,0,100,0,672,0,16,32,0,98,-152,1,1,60,0,688,32,32,32,0,107,-150,0,0,100,0,720,0,16,32,0,82,-151,0,1,60,0,720,32,32,32,0,89,-151,0,0,100,0,704,0,16,32,0,69,-155,0,1,60,0,688,32,32,32,0,75,-153,0,0,100,0,688,0,16,32,0,68,-161,0,1,60,0,672,32,16,32,0,70,-162,0,0,100,0,672,0,16,32,0,75,-188,0,1,70,0,624,0,48,64,0,84,-181,0,0,100,0,592,0,32,48,0,105,-168,0,1,60,0,720,32,32,32,0,113,-168,0,0,100,0,704,0,16,32,0,69,-174,1,1,60,0,688,32,32,32,0,79,-172,1,0,100,0,704,0,16,32,0,63,-117,0,0,100,0,448,64,32,32,0,65,-102,0,0,100,0,1056,0,32,16,0,118,-155,0,1,100,0,160,112,16,16,0,74,-203,0,1,80,0,160,112,16,16,0,120,-194,0,1,90,0,160,112,16,16,0,35,-180,0,1,60,0,160,112,16,16,0,65,-185,0,1,100,0,176,112,16,16,0,38,-211,0,1,60,0,160,0,112,80,0,96,-145,0,0,100,0,160,80,32,32,0,19,-226,0,0,100,0,0,0,160,176,0,0,-256,0,0,100,0,1088,0,192,256,0,
0,29,115,-175,1,0,100,0,160,128,16,16,0,121,-159,1,1,60,0,672,32,16,32,0,120,-157,1,0,100,0,672,0,16,32,0,98,-152,1,1,60,0,688,32,32,32,0,107,-150,0,0,100,0,720,0,16,32,0,82,-151,0,1,60,0,720,32,32,32,0,89,-151,0,0,100,0,704,0,16,32,0,69,-155,0,1,60,0,688,32,32,32,0,75,-153,0,0,100,0,688,0,16,32,0,68,-161,0,1,60,0,672,32,16,32,0,70,-162,0,0,100,0,672,0,16,32,0,75,-188,0,1,75,0,624,0,48,64,0,84,-181,0,0,100,0,592,0,32,48,0,105,-168,0,1,60,0,720,32,32,32,0,113,-168,0,0,100,0,704,0,16,32,0,69,-174,1,1,60,0,688,32,32,32,0,79,-172,1,0,100,0,704,0,16,32,0,63,-117,0,0,100,0,480,64,32,32,0,65,-102,0,0,100,0,1056,0,32,16,0,118,-155,0,1,90,0,160,112,16,16,0,74,-203,0,1,90,0,160,112,16,16,0,120,-194,0,1,100,0,160,112,16,16,0,133,-187,0,1,20,0,160,112,16,16,0,35,-180,0,1,80,0,160,112,16,16,0,65,-185,0,1,80,0,176,112,16,16,0,38,-211,0,1,70,0,160,0,112,80,0,96,-145,0,0,100,0,160,80,32,32,0,19,-226,0,0,100,0,0,0,160,176,0,0,-256,0,0,100,0,1088,0,192,256,0,
0,29,110,-172,1,0,100,0,160,128,16,16,0,121,-159,1,1,60,0,672,32,16,32,0,120,-157,1,0,100,0,672,0,16,32,0,98,-152,1,1,80,0,688,32,32,32,0,107,-150,0,0,100,0,720,0,16,32,0,82,-151,0,1,60,0,720,32,32,32,0,89,-151,0,0,100,0,704,0,16,32,0,69,-155,0,1,60,0,688,32,32,32,0,75,-153,0,0,100,0,688,0,16,32,0,68,-161,0,1,60,0,672,32,16,32,0,70,-162,0,0,100,0,672,0,16,32,0,75,-188,0,1,80,0,624,0,48,64,0,84,-181,0,0,100,0,592,0,32,48,0,105,-168,0,1,60,0,720,32,32,32,0,113,-168,0,0,100,0,704,0,16,32,0,69,-174,1,1,60,0,688,32,32,32,0,79,-172,1,0,100,0,704,0,16,32,0,63,-117,0,0,100,0,512,64,32,32,0,65,-102,0,0,100,0,1056,0,32,16,0,118,-155,0,1,80,0,160,112,16,16,0,74,-203,0,1,100,0,160,112,16,16,0,120,-194,0,1,90,0,160,112,16,16,0,133,-187,0,1,40,0,160,112,16,16,0,35,-180,0,1,100,0,160,112,16,16,0,65,-185,0,1,60,0,176,112,16,16,0,38,-211,0,1,80,0,160,0,112,80,0,96,-145,0,0,100,0,160,80,32,32,0,19,-226,0,0,100,0,0,0,160,176,0,0,-256,0,0,100,0,1088,0,192,256,0,
0,30,105,-169,1,0,100,0,160,128,16,16,0,121,-159,1,1,60,0,672,32,16,32,0,120,-157,1,0,100,0,672,0,16,32,0,98,-152,1,1,100,0,688,32,32,32,0,107,-150,0,0,100,0,720,0,16,32,0,82,-151,0,1,60,0,720,32,32,32,0,89,-151,0,0,100,0,704,0,16,32,0,69,-155,0,1,60,0,688,32,32,32,0,75,-153,0,0,100,0,688,0,16,32,0,68,-161,0,1,60,0,672,32,16,32,0,70,-162,0,0,100,0,672,0,16,32,0,75,-188,0,1,75,0,624,0,48,64,0,84,-181,0,0,100,0,592,0,32,48,0,105,-168,0,1,60,0,720,32,32,32,0,113,-168,0,0,100,0,704,0,16,32,0,69,-174,1,1,60,0,688,32,32,32,0,79,-172,1,0,100,0,704,0,16,32,0,63,-117,0,0,100,0,544,64,32,32,0,65,-102,0,0,100,0,1056,0,32,16,0,118,-155,0,1,90,0,160,112,16,16,0,74,-203,0,1,90,0,160,112,16,16,0,120,-194,0,1,80,0,160,112,16,16,0,133,-187,0,1,60,0,160,112,16,16,0,42,-165,0,1,20,0,160,112,16,16,0,35,-180,0,1,100,0,160,112,16,16,0,65,-185,0,1,30,0,176,112,16,16,0,38,-211,0,1,70,0,160,0,112,80,0,96,-145,0,0,100,0,160,80,32,32,0,19,-226,0,0,100,0,0,0,160,176,0,0,-256,0,0,100,0,1088,0,192,256,0,
0,30,98,-165,1,0,100,0,160,128,16,16,0,121,-159,1,1,60,0,672,32,16,32,0,120,-157,1,0,100,0,672,0,16,32,0,98,-152,1,1,20,0,688,32,32,32,0,98,-152,1,1,100,0,688,32,32,32,0,107,-150,0,0,100,0,720,0,16,32,0,82,-151,0,1,60,0,720,32,32,32,0,89,-151,0,0,100,0,704,0,16,32,0,69,-155,0,1,60,0,688,32,32,32,0,75,-153,0,0,100,0,688,0,16,32,0,68,-161,0,1,60,0,672,32,16,32,0,70,-162,0,0,100,0,672,0,16,32,0,75,-188,0,1,70,0,624,0,48,64,0,84,-181,0,0,100,0,592,0,32,48,0,105,-168,0,1,60,0,720,32,32,32,0,113,-168,0,0,100,0,704,0,16,32,0,69,-174,1,1,60,0,688,32,32,32,0,79,-172,1,0,100,0,704,0,16,32,0,64,-117,0,0,100,0,272,32,32,32,0,65,-102,0,0,100,0,1056,0,32,16,0,118,-155,0,1,100,0,160,112,16,16,0,74,-203,0,1,80,0,160,112,16,16,0,120,-194,0,1,70,0,160,112,16,16,0,133,-187,0,1,80,0,160,112,16,16,0,42,-165,0,1,40,0,160,112,16,16,0,35,-180,0,1,100,0,160,112,16,16,0,38,-211,0,1,60,0,160,0,112,80,0,96,-145,0,0,100,0,160,80,32,32,0,19,-226,0,0,100,0,0,0,160,176,0,0,-256,0,0,100,0,1088,0,192,256,0,
0,31,91,-162,1,0,100,0,160,128,16,16,0,121,-159,1,1,60,0,672,32,16,32,0,120,-157,1,0,100,0,672,0,16,32,0,98,-152,1,1,40,0,688,32,32,32,0,98,-152,1,1,100,0,688,32,32,32,0,107,-150,0,0,100,0,720,0,16,32,0,82,-151,0,1,60,0,720,32,32,32,0,89,-151,0,0,100,0,704,0,16,32,0,69,-155,0,1,60,0,688,32,32,32,0,75,-153,0,0,100,0,688,0,16,32,0,68,-161,0,1,60,0,672,32,16,32,0,70,-162,0,0,100,0,672,0,16,32,0,75,-188,0,1,75,0,624,0,48,64,0,84,-181,0,0,100,0,592,0,32,48,0,105,-168,0,1,60,0,720,32,32,32,0,113,-168,0,0,100,0,704,0,16,32,0,69,-174,1,1,60,0,688,32,32,32,0,79,-172,1,0,100,0,704,0,16,32,0,64,-117,0,0,100,0,288,64,32,32,0,65,-102,0,0,100,0,1056,0,32,16,0,118,-155,0,1,90,0,160,112,16,16,0,74,-203,0,1,70,0,160,112,16,16,0,120,-194,0,1,80,0,160,112,16,16,0,133,-187,0,1,100,0,160,112,16,16,0,42,-165,0,1,60,0,160,112,16,16,0,35,-180,0,1,80,0,160,112,16,16,0,109,-168,0,1,50,0,176,112,16,16,0,38,-211,0,1,50,0,160,0,112,80,0,96,-145,0,0,100,0,160,80,32,32,0,19,-226,0,0,100,0,0,0,160,176,0,0,-256,0,0,100,0,1088,0,192,256,0,
0,31,85,-159,1,0,80,0,160,128,16,16,0,121,-159,1,1,60,0,672,32,16,32,0,120,-157,1,0,100,0,672,0,16,32,0,98,-152,1,1,60,0,688,32,32,32,0,98,-152,1,1,100,0,688,32,32,32,0,107,-150,0,0,100,0,720,0,16,32,0,82,-151,0,1,60,0,720,32,32,32,0,89,-151,0,0,100,0,704,0,16,32,0,69,-155,0,1,60,0,688,32,32,32,0,75,-153,0,0,100,0,688,0,16,32,0,68,-161,0,1,60,0,672,32,16,32,0,70,-162,0,0,100,0,672,0,16,32,0,75,-188,0,1,80,0,624,0,48,64,0,84,-181,0,0,100,0,592,0,32,48,0,105,-168,0,1,60,0,720,32,32,32,0,113,-168,0,0,100,0,704,0,16,32,0,69,-174,1,1,60,0,688,32,32,32,0,79,-172,1,0,100,0,704,0,16,32,0,64,-117,0,0,100,0,320,64,32,32,0,65,-102,0,0,100,0,1056,0,32,16,0,118,-155,0,1,80,0,160,112,16,16,0,74,-203,0,1,60,0,160,112,16,16,0,120,-194,0,1,90,0,160,112,16,16,0,133,-187,0,1,100,0,160,112,16,16,0,42,-165,0,1,80,0,160,112,16,16,0,35,-180,0,1,60,0,160,112,16,16,0,109,-168,0,1,100,0,176,112,16,16,0,38,-211,0,1,40,0,160,0,112,80,0,96,-145,0,0,100,0,160,80,32,32,0,19,-226,0,0,100,0,0,0,160,176,0,0,-256,0,0,100,0,1088,0,192,256,0,
0,31,79,-157,1,0,60,0,160,128,16,16,0,121,-159,1,1,60,0,672,32,16,32,0,120,-157,1,0,100,0,672,0,16,32,0,98,-152,1,1,80,0,688,32,32,32,0,98,-152,1,1,100,0,688,32,32,32,0,107,-150,0,0,100,0,720,0,16,32,0,82,-151,0,1,60,0,720,32,32,32,0,89,-151,0,0,100,0,704,0,16,32,0,69,-155,0,1,60,0,688,32,32,32,0,75,-153,0,0,100,0,688,0,16,32,0,68,-161,0,1,60,0,672,32,16,32,0,70,-162,0,0,100,0,672,0,16,32,0,75,-188,0,1,75,0,624,0,48,64,0,84,-181,0,0,100,0,656,64,32,48,0,105,-168,0,1,60,0,720,32,32,32,0,113,-168,0,0,100,0,704,0,16,32,0,69,-174,1,1,60,0,688,32,32,32,0,79,-172,1,0,100,0,704,0,16,32,0,64,-117,0,0,100,0,352,64,32,32,0,65,-102,0,0,100,0,1056,0,32,16,0,118,-155,0,1,90,0,160,112,16,16,0,74,-203,0,1,70,0,160,112,16,16,0,120,-194,0,1,100,0,160,112,16,16,0,133,-187,0,1,100,0,160,112,16,16,0,42,-165,0,1,100,0,160,112,16,16,0,35,-180,0,1,40,0,160,112,16,16,0,109,-168,0,1,80,0,176,112,16,16,0,38,-211,0,1,50,0,160,0,112,80,0,96,-145,0,0,100,0,160,80,32,32,0,19,-226,0,0,100,0,0,0,160,176,0,0,-256,0,0,100,0,1088,0,192,256,0,
0,31,75,-155,1,0,40,0,160,128,16,16,0,121,-159,1,1,60,0,672,32,16,32,0,120,-157,1,0,100,0,672,0,16,32,0,98,-152,1,1,100,0,688,32,32,32,0,98,-152,1,1,100,0,688,32,32,32,0,107,-150,0,0,100,0,720,0,16,32,0,82,-151,0,1,60,0,720,32,32,32,0,89,-151,0,0,100,0,704,0,16,32,0,69,-155,0,1,60,0,688,32,32,32,0,75,-153,0,0,100,0,688,0,16,32,0,68,-161,0,1,60,0,672,32,16,32,0,70,-162,0,0,100,0,672,0,16,32,0,75,-188,0,1,70,0,624,0,48,64,0,84,-181,0,0,100,0,656,64,32,48,0,105,-168,0,1,60,0,720,32,32,32,0,113,-168,0,0,100,0,704,0,16,32,0,69,-174,1,1,60,0,688,32,32,32,0,79,-172,1,0,100,0,704,0,16,32,0,70,-118,0,0,100,0,304,96,16,32,0,63,-102,0,0,100,0,1056,0,32,16,0,118,-155,0,1,100,0,160,112,16,16,0,74,-203,0,1,80,0,160,112,16,16,0,120,-194,0,1,80,0,160,112,16,16,0,133,-187,0,1,80,0,160,112,16,16,0,42,-165,0,1,100,0,160,112,16,16,0,35,-180,0,1,20,0,160,112,16,16,0,109,-168,0,1,50,0,176,112,16,16,0,38,-211,0,1,60,0,160,0,112,80,0,96,-145,0,0,100,0,160,80,32,32,0,19,-226,0,0,100,0,0,0,160,176,0,0,-256,0,0,100,0,1088,0,192,256,0,
0,30,71,-153,1,0,20,0,160,128,16,16,0,121,-159,1,1,60,0,672,32,16,32,0,120,-157,1,0,70,0,672,0,16,32,0,98,-150,1,1,100,0,688,32,32,32,0,98,-150,1,1,100,0,688,32,32,32,0,107,-148,0,0,100,0,720,0,16,32,0,82,-151,0,1,60,0,720,32,32,32,0,89,-151,0,0,70,0,704,0,16,32,0,69,-155,0,1,60,0,688,32,32,32,0,75,-153,0,0,70,0,688,0,16,32,0,68,-161,0,1,60,0,672,32,16,32,0,70,-162,0,0,70,0,672,0,16,32,0,75,-188,0,1,75,0,624,0,48,64,0,83,-181,0,0,100,0,592,48,32,48,0,105,-168,0,1,60,0,720,32,32,32,0,113,-168,0,0,70,0,704,0,16,32,0,69,-174,1,1,60,0,688,32,32,32,0,79,-172,1,0,70,0,704,0,16,32,0,58,-114,0,0,100,0,352,96,32,32,0,61,-100,0,0,100,0,1056,0,32,16,0,118,-155,0,1,90,0,160,112,16,16,0,74,-203,0,1,90,0,160,112,16,16,0,120,-194,0,1,70,0,160,112,16,16,0,133,-187,0,1,60,0,160,112,16,16,0,42,-165,0,1,80,0,160,112,16,16,0,109,-168,0,1,20,0,176,112,16,16,0,38,-211,0,1,70,0,160,0,112,80,0,96,-145,0,0,100,0,160,80,32,32,0,19,-226,0,0,100,0,0,0,160,176,0,0,-256,0,0,100,0,1088,0,192,256,0,
0,28,121,-159,1,1,30,0,672,32,16,32,0,120,-157,1,0,40,0,672,0,16,32,0,98,-149,1,1,100,0,688,32,32,32,0,98,-149,1,1,100,0,688,32,32,32,0,107,-147,0,0,100,0,720,0,16,32,0,82,-151,0,1,30,0,720,32,32,32,0,89,-151,0,0,40,0,704,0,16,32,0,69,-155,0,1,30,0,688,32,32,32,0,75,-153,0,0,40,0,688,0,16,32,0,68,-161,0,1,30,0,672,32,16,32,0,70,-162,0,0,40,0,672,0,16,32,0,75,-188,0,1,80,0,624,0,48,64,0,83,-181,0,0,100,0,592,48,32,48,0,105,-168,0,1,40,0,720,32,32,32,0,113,-168,0,0,30,0,704,0,16,32,0,69,-174,1,1,40,0,688,32,32,32,0,79,-172,1,0,30,0,704,0,16,32,0,54,-112,0,0,100,0,384,96,32,32,0,57,-98,0,0,100,0,1056,0,32,16,0,118,-155,0,1,80,0,160,112,16,16,0,74,-203,0,1,100,0,160,112,16,16,0,120,-194,0,1,80,0,160,112,16,16,0,133,-187,0,1,40,0,160,112,16,16,0,42,-165,0,1,60,0,160,112,16,16,0,38,-211,0,1,80,0,160,0,112,80,0,96,-145,0,0,100,0,160,80,32,32,0,19,-226,0,0,100,0,0,0,160,176,0,0,-256,0,0,100,0,1088,0,192,256,0,
0,16,98,-165,1,1,100,0,688,32,32,32,0,98,-165,1,1,50,0,688,32,32,32,0,107,-163,0,0,70,0,720,0,16,32,0,75,-188,0,1,75,0,624,0,48,64,0,83,-181,0,0,100,0,592,48,32,48,0,50,-110,0,0,100,0,416,96,32,32,0,53,-96,0,0,100,0,1056,0,32,16,0,118,-155,0,1,90,0,160,112,16,16,0,74,-203,0,1,90,0,160,112,16,16,0,120,-194,0,1,90,0,160,112,16,16,0,133,-187,0,1,20,0,160,112,16,16,0,42,-165,0,1,40,0,160,112,16,16,0,38,-211,0,1,70,0,160,0,112,80,0,96,-145,0,0,100,0,160,80,32,32,0,19,-226,0,0,100,0,0,0,160,176,0,0,-256,0,0,100,0,1088,0,192,256,0,
0,14,98,-176,1,1,80,0,688,32,32,32,0,107,-174,0,0,30,0,720,0,16,32,0,75,-188,0,1,70,0,624,0,48,64,0,83,-181,0,0,100,0,592,48,32,48,0,46,-108,0,0,40,0,352,224,32,32,0,46,-108,0,0,100,0,448,96,32,32,0,118,-155,0,1,100,0,160,112,16,16,0,74,-203,0,1,80,0,160,112,16,16,0,120,-194,0,1,90,0,160,112,16,16,0,42,-165,0,1,20,0,160,112,16,16,0,38,-211,0,1,60,0,160,0,112,80,0,96,-145,0,0,100,0,160,80,32,32,0,19,-226,0,0,100,0,0,0,160,176,0,0,-256,0,0,100,0,1088,0,192,256,0,
0,11,75,-188,0,1,75,0,624,0,48,64,0,83,-181,0,0,100,0,624,64,32,48,0,42,-106,0,0,80,0,384,224,32,32,0,42,-106,0,0,100,0,352,96,32,32,0,118,-155,0,1,90,0,160,112,16,16,0,74,-203,0,1,70,0,160,112,16,16,0,120,-194,0,1,80,0,160,112,16,16,0,38,-211,0,1,50,0,160,0,112,80,0,96,-145,0,0,100,0,160,80,32,32,0,19,-226,0,0,100,0,0,0,160,176,0,0,-256,0,0,100,0,1088,0,192,256,0,
0,10,75,-188,0,1,80,0,624,0,48,64,0,84,-181,0,0,100,0,592,0,32,48,0,118,-155,0,1,80,0,160,112,16,16,0,74,-203,0,1,60,0,160,112,16,16,0,120,-194,0,1,70,0,160,112,16,16,0,35,-180,0,1,20,0,160,112,16,16,0,38,-211,0,1,40,0,160,0,112,80,0,96,-145,0,0,100,0,160,80,32,32,0,19,-226,0,0,100,0,0,0,160,176,0,0,-256,0,0,100,0,1088,0,192,256,0,
0,11,75,-188,0,1,75,0,624,0,48,64,0,84,-181,0,0,90,0,592,0,32,48,0,118,-155,0,1,90,0,160,112,16,16,0,74,-203,0,1,70,0,160,112,16,16,0,120,-194,0,1,80,0,160,112,16,16,0,35,-180,0,1,40,0,160,112,16,16,0,65,-185,0,1,50,0,176,112,16,16,0,38,-211,0,1,50,0,160,0,112,80,0,96,-145,0,0,100,0,160,80,32,32,0,19,-226,0,0,100,0,0,0,160,176,0,0,-256,0,0,100,0,1088,0,192,256,0,
0,12,77,-158,0,0,40,0,160,128,16,16,0,75,-188,0,1,70,0,624,0,48,64,0,84,-181,0,0,80,0,592,0,32,48,0,118,-155,0,1,100,0,160,112,16,16,0,74,-203,0,1,80,0,160,112,16,16,0,120,-194,0,1,90,0,160,112,16,16,0,35,-180,0,1,60,0,160,112,16,16,0,65,-185,0,1,100,0,176,112,16,16,0,38,-211,0,1,60,0,160,0,112,80,0,96,-145,0,0,100,0,160,80,32,32,0,19,-226,0,0,100,0,0,0,160,176,0,0,-256,0,0,100,0,1088,0,192,256,0,
0,13,74,-154,0,0,70,0,160,128,16,16,0,75,-188,0,1,75,0,624,0,48,64,0,84,-181,0,0,70,0,592,0,32,48,0,118,-155,0,1,90,0,160,112,16,16,0,74,-203,0,1,90,0,160,112,16,16,0,120,-194,0,1,100,0,160,112,16,16,0,133,-187,0,1,20,0,160,112,16,16,0,35,-180,0,1,80,0,160,112,16,16,0,65,-185,0,1,80,0,176,112,16,16,0,38,-211,0,1,70,0,160,0,112,80,0,96,-145,0,0,100,0,160,80,32,32,0,19,-226,0,0,100,0,0,0,160,176,0,0,-256,0,0,100,0,1088,0,192,256,0,
0,14,84,-147,0,0,40,0,160,128,16,16,0,72,-151,0,0,100,0,160,128,16,16,0,75,-188,0,1,70,0,624,0,48,64,0,84,-181,0,0,60,0,592,0,32,48,0,118,-155,0,1,80,0,160,112,16,16,0,74,-203,0,1,100,0,160,112,16,16,0,120,-194,0,1,90,0,160,112,16,16,0,133,-187,0,1,40,0,160,112,16,16,0,35,-180,0,1,100,0,160,112,16,16,0,65,-185,0,1,60,0,176,112,16,16,0,38,-211,0,1,80,0,160,0,112,80,0,96,-145,0,0,100,0,160,80,32,32,0,19,-226,0,0,100,0,0,0,160,176,0,0,-256,0,0,100,0,1088,0,192,256,0,
0,16,115,-146,1,0,100,0,160,128,16,16,0,80,-144,0,0,70,0,160,128,16,16,0,70,-148,0,0,100,0,160,128,16,16,0,75,-188,0,1,60,0,624,0,48,64,0,84,-181,0,0,50,0,592,0,32,48,0,118,-155,0,1,90,0,160,112,16,16,0,74,-203,0,1,90,0,160,112,16,16,0,120,-194,0,1,80,0,160,112,16,16,0,133,-187,0,1,60,0,160,112,16,16,0,42,-165,0,1,20,0,160,112,16,16,0,35,-180,0,1,100,0,160,112,16,16,0,65,-185,0,1,30,0,176,112,16,16,0,38,-211,0,1,70,0,160,0,112,80,0,96,-145,0,0,100,0,160,80,32,32,0,19,-226,0,0,100,0,0,0,160,176,0,0,-256,0,0,100,0,1088,0,192,256,0,
0,16,51,-201,0,0,100,0,160,128,16,16,0,118,-141,1,0,100,0,160,128,16,16,0,74,-141,0,0,100,0,160,128,16,16,0,67,-146,0,0,100,0,160,128,16,16,0,75,-188,0,1,50,0,624,0,48,64,0,84,-181,0,0,40,0,592,0,32,48,0,118,-155,0,1,100,0,160,112,16,16,0,74,-203,0,1,80,0,160,112,16,16,0,120,-194,0,1,70,0,160,112,16,16,0,133,-187,0,1,80,0,160,112,16,16,0,42,-165,0,1,40,0,160,112,16,16,0,35,-180,0,1,100,0,160,112,16,16,0,38,-211,0,1,60,0,160,0,112,80,0,96,-145,0,0,100,0,160,80,32,32,0,19,-226,0,0,100,0,0,0,160,176,0,0,-256,0,0,100,0,1088,0,192,256,0,
0,18,83,-159,0,0,40,0,176,128,16,16,0,47,-199,0,0,100,0,160,128,16,16,0,123,-136,1,0,100,0,160,128,16,16,0,68,-138,0,0,100,0,160,128,16,16,0,64,-144,0,0,100,0,160,128,16,16,0,75,-188,0,1,40,0,624,0,48,64,0,84,-181,0,0,30,0,592,0,32,48,0,118,-155,0,1,90,0,160,112,16,16,0,74,-203,0,1,70,0,160,112,16,16,0,120,-194,0,1,80,0,160,112,16,16,0,133,-187,0,1,100,0,160,112,16,16,0,42,-165,0,1,60,0,160,112,16,16,0,35,-180,0,1,80,0,160,112,16,16,0,109,-168,0,1,50,0,176,112,16,16,0,38,-211,0,1,50,0,160,0,112,80,0,96,-145,0,0,100,0,160,80,32,32,0,19,-226,0,0,100,0,0,0,160,176,0,0,-256,0,0,100,0,1088,0,192,256,0,
0,18,84,-154,0,0,80,0,176,128,16,16,0,41,-197,0,0,100,0,160,128,16,16,0,128,-133,1,0,100,0,160,128,16,16,0,62,-136,0,0,100,0,160,128,16,16,0,61,-143,0,0,100,0,160,128,16,16,0,75,-188,0,1,30,0,624,0,48,64,0,84,-181,0,0,20,0,592,0,32,48,0,118,-155,0,1,80,0,160,112,16,16,0,74,-203,0,1,60,0,160,112,16,16,0,120,-194,0,1,90,0,160,112,16,16,0,133,-187,0,1,100,0,160,112,16,16,0,42,-165,0,1,80,0,160,112,16,16,0,35,-180,0,1,60,0,160,112,16,16,0,109,-168,0,1,100,0,176,112,16,16,0,38,-211,0,1,40,0,160,0,112,80,0,96,-145,0,0,100,0,160,80,32,32,0,19,-226,0,0,100,0,0,0,160,176,0,0,-256,0,0,100,0,1088,0,192,256,0,
0,18,86,-149,0,0,100,0,176,128,16,16,0,35,-196,0,0,80,0,160,128,16,16,0,132,-131,1,0,100,0,160,128,16,16,0,55,-134,0,0,100,0,160,128,16,16,0,59,-142,0,0,100,0,160,128,16,16,0,75,-188,0,1,20,0,624,0,48,64,0,84,-181,0,0,10,0,592,0,32,48,0,118,-155,0,1,90,0,160,112,16,16,0,74,-203,0,1,70,0,160,112,16,16,0,120,-194,0,1,100,0,160,112,16,16,0,133,-187,0,1,100,0,160,112,16,16,0,42,-165,0,1,100,0,160,112,16,16,0,35,-180,0,1,40,0,160,112,16,16,0,109,-168,0,1,80,0,176,112,16,16,0,38,-211,0,1,50,0,160,0,112,80,0,96,-145,0,0,100,0,160,80,32,32,0,19,-226,0,0,100,0,0,0,160,176,0,0,-256,0,0,100,0,1088,0,192,256,0,
0,16,89,-144,0,0,100,0,176,128,16,16,0,30,-195,0,0,60,0,160,128,16,16,0,135,-130,1,0,100,0,160,128,16,16,0,48,-133,0,0,100,0,160,128,16,16,0,61,-140,0,0,100,0,160,128,16,16,0,118,-155,0,1,100,0,160,112,16,16,0,74,-203,0,1,80,0,160,112,16,16,0,120,-194,0,1,80,0,160,112,16,16,0,133,-187,0,1,80,0,160,112,16,16,0,42,-165,0,1,100,0,160,112,16,16,0,35,-180,0,1,20,0,160,112,16,16,0,109,-168,0,1,50,0,176,112,16,16,0,38,-211,0,1,60,0,160,0,112,80,0,96,-145,0,0,100,0,160,80,32,32,0,19,-226,0,0,100,0,0,0,160,176,0,0,-256,0,0,100,0,1088,0,192,256,0,
0,15,92,-140,0,0,100,0,176,128,16,16,0,27,-194,0,0,40,0,160,128,16,16,0,137,-129,1,0,100,0,160,128,16,16,0,42,-132,0,0,80,0,160,128,16,16,0,65,-138,0,0,80,0,160,128,16,16,0,118,-155,0,1,90,0,160,112,16,16,0,74,-203,0,1,90,0,160,112,16,16,0,120,-194,0,1,70,0,160,112,16,16,0,133,-187,0,1,60,0,160,112,16,16,0,42,-165,0,1,80,0,160,112,16,16,0,109,-168,0,1,20,0,176,112,16,16,0,38,-211,0,1,70,0,160,0,112,80,0,96,-145,0,0,100,0,160,80,32,32,0,19,-226,0,0,100,0,0,0,160,176,0,0,-256,0,0,100,0,1088,0,192,256,0,
0,14,95,-137,0,0,100,0,176,128,16,16,0,25,-193,0,0,20,0,160,128,16,16,0,135,-127,1,0,100,0,160,128,16,16,0,37,-131,0,0,60,0,160,128,16,16,0,69,-136,0,0,60,0,160,128,16,16,0,118,-155,0,1,80,0,160,112,16,16,0,74,-203,0,1,100,0,160,112,16,16,0,120,-194,0,1,80,0,160,112,16,16,0,133,-187,0,1,40,0,160,112,16,16,0,42,-165,0,1,60,0,160,112,16,16,0,38,-211,0,1,80,0,160,0,112,80,0,96,-145,0,0,100,0,160,80,32,32,0,19,-226,0,0,100,0,0,0,160,176,0,0,-256,0,0,100,0,1088,0,192,256,0,
0,13,98,-136,0,0,100,0,176,128,16,16,0,132,-125,1,0,80,0,160,128,16,16,0,34,-130,0,0,40,0,160,128,16,16,0,72,-135,0,0,40,0,160,128,16,16,0,118,-155,0,1,90,0,160,112,16,16,0,74,-203,0,1,90,0,160,112,16,16,0,120,-194,0,1,90,0,160,112,16,16,0,133,-187,0,1,20,0,160,112,16,16,0,42,-165,0,1,40,0,160,112,16,16,0,38,-211,0,1,70,0,160,0,112,80,0,96,-145,0,0,100,0,160,80,32,32,0,19,-226,0,0,100,0,0,0,160,176,0,0,-256,0,0,100,0,1088,0,192,256,0,
0,12,101,-135,0,0,100,0,176,128,16,16,0,128,-123,1,0,60,0,160,128,16,16,0,32,-129,0,0,20,0,160,128,16,16,0,74,-135,0,0,20,0,160,128,16,16,0,118,-155,0,1,100,0,160,112,16,16,0,74,-203,0,1,80,0,160,112,16,16,0,120,-194,0,1,90,0,160,112,16,16,0,42,-165,0,1,20,0,160,112,16,16,0,38,-211,0,1,60,0,160,0,112,80,0,96,-145,0,0,100,0,160,80,32,32,0,19,-226,0,0,100,0,0,0,160,176,0,0,-256,0,0,100,0,1088,0,192,256,0,
0,9,100,-134,0,0,100,0,176,128,16,16,0,123,-122,1,0,40,0,160,128,16,16,0,118,-155,0,1,90,0,160,112,16,16,0,74,-203,0,1,70,0,160,112,16,16,0,120,-194,0,1,80,0,160,112,16,16,0,38,-211,0,1,50,0,160,0,112,80,0,96,-145,0,0,100,0,160,80,32,32,0,19,-226,0,0,100,0,0,0,160,176,0,0,-256,0,0,100,0,1088,0,192,256,0,
