0,26,0,-256,0,0,100,0,0,1536,192,256,0,109,-142,0,0,50,0,1088,1344,64,64,0,33,-150,0,0,100,0,976,48,64,64,0,1,-173,0,0,100,0,1088,1280,64,64,0,112,-216,0,0,90,0,768,1296,80,128,0,0,-256,0,0,30,0,768,432,192,256,0,112,-216,0,0,100,0,768,1168,80,128,0,93,-169,0,0,100,0,1024,0,48,48,0,0,-256,0,1,70,0,768,944,192,216,0,0,-256,0,0,100,0,768,0,192,256,0,0,-256,0,1,90,0,0,1120,192,160,0,0,-256,0,0,90,0,0,968,192,152,0,0,-256,0,1,100,0,0,816,192,152,0,0,-256,0,1,90,0,0,672,192,144,0,0,-256,0,1,90,0,192,416,192,256,0,0,-256,0,0,100,0,0,416,192,256,0,0,-256,0,0,90,0,576,160,192,256,0,0,-256,0,1,30,0,768,688,192,256,0,0,-256,0,1,90,0,384,160,192,256,0,0,-256,0,0,90,0,192,160,192,256,0,48,-217,0,1,90,0,464,416,112,88,0,0,-256,0,0,90,0,0,160,192,256,0,71,-234,0,1,90,0,384,416,80,128,0,0,-256,0,1,90,0,0,0,192,160,0,0,-256,0,0,100,0,0,1280,192,256,0,0,-256,0,0,100,0,193,1536,192,256,0,
0,26,0,-256,0,0,100,0,0,1536,192,256,0,107,-144,0,0,100,0,1152,1344,64,64,0,33,-150,0,0,100,0,976,48,64,64,0,1,-173,0,0,100,0,1152,1280,64,64,0,112,-216,0,0,80,0,848,1296,80,128,0,0,-256,0,0,30,0,768,432,192,256,0,112,-216,0,0,100,0,848,1168,80,128,0,93,-169,0,0,100,0,1024,0,48,48,0,0,-256,0,1,60,0,768,944,192,216,0,0,-256,0,0,100,0,768,0,192,256,0,0,-256,0,1,90,0,192,1120,192,160,0,0,-256,0,0,90,0,192,968,192,152,0,0,-256,0,1,100,0,192,816,192,152,0,0,-256,0,1,90,0,192,672,192,144,0,0,-256,0,1,80,0,192,416,192,256,0,0,-256,0,0,100,0,0,416,192,256,0,0,-256,0,0,90,0,576,160,192,256,0,0,-256,0,1,30,0,768,688,192,256,0,0,-256,0,1,70,0,384,160,192,256,0,0,-256,0,0,90,0,192,160,192,256,0,48,-217,0,1,90,0,464,416,112,88,0,0,-256,0,0,90,0,0,160,192,256,0,71,-234,0,1,90,0,384,416,80,128,0,0,-256,0,1,90,0,192,0,192,160,0,0,-256,0,0,100,0,192,1280,192,256,0,0,-256,0,0,100,0,193,1536,192,256,0,
0,26,0,-256,0,0,100,0,0,1536,192,256,0,106,-145,0,0,100,0,1216,1344,64,64,0,35,-151,0,0,100,0,1360,48,64,64,0,1,-173,0,0,100,0,1216,1280,64,64,0,112,-216,0,0,70,0,928,1296,80,128,0,0,-256,0,0,30,0,768,432,192,256,0,112,-216,0,0,100,0,928,1168,80,128,0,93,-169,0,0,100,0,1024,0,48,48,0,0,-256,0,1,50,0,768,944,192,216,0,0,-256,0,0,100,0,768,0,192,256,0,0,-256,0,1,90,0,384,1120,192,160,0,0,-256,0,0,90,0,384,968,192,152,0,0,-256,0,1,100,0,384,816,192,152,0,0,-256,0,1,90,0,384,672,192,144,0,0,-256,0,1,70,0,192,416,192,256,0,0,-256,0,0,100,0,0,416,192,256,0,0,-256,0,0,90,0,576,160,192,256,0,0,-256,0,1,30,0,768,688,192,256,0,0,-256,0,1,50,0,384,160,192,256,0,0,-256,0,0,90,0,192,160,192,256,0,48,-217,0,1,90,0,464,416,112,88,0,0,-256,0,0,90,0,0,160,192,256,0,71,-234,0,1,90,0,384,416,80,128,0,0,-256,0,1,90,0,384,0,192,160,0,0,-256,0,0,100,0,384,1280,192,256,0,0,-256,0,0,100,0,193,1536,192,256,0,
0,26,0,-256,0,0,100,0,0,1536,192,256,0,106,-145,0,0,100,0,1280,1344,64,64,0,36,-152,0,0,100,0,976,48,64,64,0,1,-173,0,0,100,0,1280,1280,64,64,0,112,-216,0,0,80,0,1008,1296,80,128,0,0,-256,0,0,30,0,768,432,192,256,0,112,-216,0,0,100,0,1008,1168,80,128,0,93,-169,0,0,100,0,1024,0,48,48,0,0,-256,0,1,60,0,768,944,192,216,0,0,-256,0,0,100,0,768,0,192,256,0,0,-256,0,1,90,0,576,1120,192,160,0,0,-256,0,0,90,0,576,968,192,152,0,0,-256,0,1,100,0,576,816,192,152,0,0,-256,0,1,90,0,576,672,192,144,0,0,-256,0,1,80,0,192,416,192,256,0,0,-256,0,0,100,0,0,416,192,256,0,0,-256,0,0,90,0,576,160,192,256,0,0,-256,0,1,30,0,768,688,192,256,0,0,-256,0,1,70,0,384,160,192,256,0,0,-256,0,0,90,0,192,160,192,256,0,48,-217,0,1,90,0,464,416,112,88,0,0,-256,0,0,90,0,0,160,192,256,0,71,-234,0,1,90,0,384,416,80,128,0,0,-256,0,1,90,0,576,0,192,160,0,0,-256,0,0,100,0,576,1280,192,256,0,0,-256,0,0,100,0,193,1536,192,256,0,
0,27,0,-256,0,0,100,0,0,1536,192,256,0,106,-145,0,0,100,0,1088,1344,64,64,0,36,-152,0,0,100,0,976,48,64,64,0,1,-173,0,0,100,0,1088,1280,64,64,0,17,-185,0,0,30,0,1088,1152,64,64,0,112,-216,0,0,90,0,768,1296,80,128,0,0,-256,0,0,30,0,768,432,192,256,0,112,-216,0,0,100,0,768,1168,80,128,0,93,-169,0,0,100,0,1024,0,48,48,0,0,-256,0,1,70,0,768,944,192,216,0,0,-256,0,0,100,0,768,0,192,256,0,0,-256,0,1,90,0,0,1120,192,160,0,0,-256,0,0,90,0,0,968,192,152,0,0,-256,0,1,100,0,0,816,192,152,0,0,-256,0,1,90,0,0,672,192,144,0,0,-256,0,1,90,0,192,416,192,256,0,0,-256,0,0,100,0,0,416,192,256,0,0,-256,0,0,90,0,576,160,192,256,0,0,-256,0,1,30,0,768,688,192,256,0,0,-256,0,1,90,0,384,160,192,256,0,0,-256,0,0,90,0,192,160,192,256,0,48,-217,0,1,90,0,464,416,112,88,0,0,-256,0,0,90,0,0,160,192,256,0,71,-234,0,1,90,0,384,416,80,128,0,0,-256,0,1,90,0,0,0,192,160,0,0,-256,0,0,100,0,0,1280,192,256,0,0,-256,0,0,100,0,193,1536,192,256,0,
0,27,0,-256,0,0,100,0,0,1536,192,256,0,106,-145,0,0,100,0,1152,1344,64,64,0,36,-152,0,0,100,0,976,48,64,64,0,1,-173,0,0,100,0,1152,1280,64,64,0,20,-185,0,0,60,0,1152,1152,64,64,0,112,-216,0,0,80,0,848,1296,80,128,0,0,-256,0,0,30,0,768,432,192,256,0,112,-216,0,0,100,0,848,1168,80,128,0,93,-169,0,0,100,0,1024,0,48,48,0,0,-256,0,1,60,0,768,944,192,216,0,0,-256,0,0,100,0,768,0,192,256,0,0,-256,0,1,90,0,192,1120,192,160,0,0,-256,0,0,90,0,192,968,192,152,0,0,-256,0,1,100,0,192,816,192,152,0,0,-256,0,1,90,0,192,672,192,144,0,0,-256,0,1,80,0,192,416,192,256,0,0,-256,0,0,100,0,0,416,192,256,0,0,-256,0,0,90,0,576,160,192,256,0,0,-256,0,1,30,0,768,688,192,256,0,0,-256,0,1,70,0,384,160,192,256,0,0,-256,0,0,90,0,192,160,192,256,0,48,-217,0,1,90,0,464,416,112,88,0,0,-256,0,0,90,0,0,160,192,256,0,71,-234,0,1,90,0,384,416,80,128,0,0,-256,0,1,90,0,192,0,192,160,0,0,-256,0,0,100,0,192,1280,192,256,0,0,-256,0,0,100,0,193,1536,192,256,0,
0,28,0,-256,0,0,100,0,0,1536,192,256,0,67,-102,0,0,30,0,1216,1216,64,64,0,106,-145,0,0,100,0,1216,1344,64,64,0,36,-152,0,0,100,0,976,48,64,64,0,1,-173,0,0,100,0,1216,1280,64,64,0,24,-183,0,0,80,0,1216,1152,64,64,0,112,-216,0,0,70,0,928,1296,80,128,0,0,-256,0,0,30,0,768,432,192,256,0,112,-216,0,0,100,0,928,1168,80,128,0,93,-169,0,0,100,0,1024,0,48,48,0,0,-256,0,1,50,0,768,944,192,216,0,0,-256,0,0,100,0,768,0,192,256,0,0,-256,0,1,90,0,384,1120,192,160,0,0,-256,0,0,90,0,384,968,192,152,0,0,-256,0,1,100,0,384,816,192,152,0,0,-256,0,1,90,0,384,672,192,144,0,0,-256,0,1,70,0,192,416,192,256,0,0,-256,0,0,100,0,0,416,192,256,0,0,-256,0,0,90,0,576,160,192,256,0,0,-256,0,1,30,0,768,688,192,256,0,0,-256,0,1,50,0,384,160,192,256,0,0,-256,0,0,90,0,192,160,192,256,0,48,-217,0,1,90,0,464,416,112,88,0,0,-256,0,0,90,0,0,160,192,256,0,71,-234,0,1,90,0,384,416,80,128,0,0,-256,0,1,90,0,384,0,192,160,0,0,-256,0,0,100,0,384,1280,192,256,0,0,-256,0,0,100,0,193,1536,192,256,0,
0,28,0,-256,0,0,100,0,0,1536,192,256,0,67,-110,0,0,50,0,1280,1216,64,64,0,106,-145,0,0,100,0,1280,1344,64,64,0,38,-153,0,0,100,0,1360,48,64,64,0,1,-173,0,0,100,0,1280,1280,64,64,0,26,-181,0,0,100,0,1280,1152,64,64,0,112,-216,0,0,80,0,1008,1296,80,128,0,0,-256,0,0,30,0,768,432,192,256,0,112,-216,0,0,100,0,1008,1168,80,128,0,93,-169,0,0,100,0,1024,0,48,48,0,0,-256,0,1,60,0,768,944,192,216,0,0,-256,0,0,100,0,768,0,192,256,0,0,-256,0,1,90,0,576,1120,192,160,0,0,-256,0,0,90,0,576,968,192,152,0,0,-256,0,1,100,0,576,816,192,152,0,0,-256,0,1,90,0,576,672,192,144,0,0,-256,0,1,80,0,192,416,192,256,0,0,-256,0,0,100,0,0,416,192,256,0,0,-256,0,0,90,0,576,160,192,256,0,0,-256,0,1,30,0,768,688,192,256,0,0,-256,0,1,70,0,384,160,192,256,0,0,-256,0,0,90,0,192,160,192,256,0,48,-217,0,1,90,0,464,416,112,88,0,0,-256,0,0,90,0,0,160,192,256,0,71,-234,0,1,90,0,384,416,80,128,0,0,-256,0,1,90,0,576,0,192,160,0,0,-256,0,0,100,0,576,1280,192,256,0,0,-256,0,0,100,0,193,1536,192,256,0,
0,28,0,-256,0,0,100,0,0,1536,192,256,0,67,-115,0,0,70,0,1088,1216,64,64,0,106,-145,0,0,100,0,1088,1344,64,64,0,39,-154,0,0,100,0,976,48,64,64,0,1,-173,0,0,100,0,1088,1280,64,64,0,26,-181,0,0,100,0,1088,1152,64,64,0,112,-216,0,0,90,0,768,1296,80,128,0,0,-256,0,0,30,0,768,432,192,256,0,112,-216,0,0,100,0,768,1168,80,128,0,93,-169,0,0,100,0,1024,0,48,48,0,0,-256,0,1,70,0,768,944,192,216,0,0,-256,0,0,100,0,768,0,192,256,0,0,-256,0,1,90,0,0,1120,192,160,0,0,-256,0,0,90,0,0,968,192,152,0,0,-256,0,1,100,0,0,816,192,152,0,0,-256,0,1,90,0,0,672,192,144,0,0,-256,0,1,90,0,192,416,192,256,0,0,-256,0,0,100,0,0,416,192,256,0,0,-256,0,0,90,0,576,160,192,256,0,0,-256,0,1,30,0,768,688,192,256,0,0,-256,0,1,90,0,384,160,192,256,0,0,-256,0,0,90,0,192,160,192,256,0,48,-217,0,1,90,0,464,416,112,88,0,0,-256,0,0,90,0,0,160,192,256,0,71,-234,0,1,90,0,384,416,80,128,0,0,-256,0,1,90,0,0,0,192,160,0,0,-256,0,0,100,0,0,1280,192,256,0,0,-256,0,0,100,0,193,1536,192,256,0,
0,28,0,-256,0,0,100,0,0,1536,192,256,0,67,-121,0,0,100,0,1152,1216,64,64,0,106,-145,0,0,100,0,1152,1344,64,64,0,39,-154,0,0,100,0,976,48,64,64,0,1,-173,0,0,100,0,1152,1280,64,64,0,26,-181,0,0,100,0,1152,1152,64,64,0,112,-216,0,0,80,0,848,1296,80,128,0,0,-256,0,0,30,0,768,432,192,256,0,112,-216,0,0,100,0,848,1168,80,128,0,93,-169,0,0,100,0,1024,0,48,48,0,0,-256,0,1,60,0,768,944,192,216,0,0,-256,0,0,100,0,768,0,192,256,0,0,-256,0,1,90,0,192,1120,192,160,0,0,-256,0,0,90,0,192,968,192,152,0,0,-256,0,1,100,0,192,816,192,152,0,0,-256,0,1,90,0,192,672,192,144,0,0,-256,0,1,80,0,192,416,192,256,0,0,-256,0,0,100,0,0,416,192,256,0,0,-256,0,0,90,0,576,160,192,256,0,0,-256,0,1,30,0,768,688,192,256,0,0,-256,0,1,70,0,384,160,192,256,0,0,-256,0,0,90,0,192,160,192,256,0,48,-217,0,1,90,0,464,416,112,88,0,0,-256,0,0,90,0,0,160,192,256,0,71,-234,0,1,90,0,384,416,80,128,0,0,-256,0,1,90,0,192,0,192,160,0,0,-256,0,0,100,0,192,1280,192,256,0,0,-256,0,0,100,0,193,1536,192,256,0,
0,28,0,-256,0,0,100,0,0,1536,192,256,0,67,-121,0,0,100,0,1216,1216,64,64,0,106,-145,0,0,100,0,1216,1344,64,64,0,39,-154,0,0,100,0,976,48,64,64,0,1,-173,0,0,100,0,1216,1280,64,64,0,26,-181,0,0,100,0,1216,1152,64,64,0,112,-216,0,0,70,0,928,1296,80,128,0,0,-256,0,0,30,0,768,432,192,256,0,112,-216,0,0,100,0,928,1168,80,128,0,93,-169,0,0,100,0,1024,0,48,48,0,0,-256,0,1,50,0,768,944,192,216,0,0,-256,0,0,100,0,768,0,192,256,0,0,-256,0,1,90,0,384,1120,192,160,0,0,-256,0,0,90,0,384,968,192,152,0,0,-256,0,1,100,0,384,816,192,152,0,0,-256,0,1,90,0,384,672,192,144,0,0,-256,0,1,70,0,192,416,192,256,0,0,-256,0,0,100,0,0,416,192,256,0,0,-256,0,0,90,0,576,160,192,256,0,0,-256,0,1,30,0,768,688,192,256,0,0,-256,0,1,50,0,384,160,192,256,0,0,-256,0,0,90,0,192,160,192,256,0,48,-217,0,1,90,0,464,416,112,88,0,0,-256,0,0,90,0,0,160,192,256,0,71,-234,0,1,90,0,384,416,80,128,0,0,-256,0,1,90,0,384,0,192,160,0,0,-256,0,0,100,0,384,1280,192,256,0,0,-256,0,0,100,0,193,1536,192,256,0,
0,28,0,-256,0,0,100,0,0,1536,192,256,0,67,-121,0,0,100,0,1280,1216,64,64,0,106,-145,0,0,100,0,1280,1344,64,64,0,39,-154,0,0,100,0,976,48,64,64,0,1,-173,0,0,100,0,1280,1280,64,64,0,26,-181,0,0,100,0,1280,1152,64,64,0,112,-216,0,0,80,0,1008,1296,80,128,0,0,-256,0,0,30,0,768,432,192,256,0,112,-216,0,0,100,0,1008,1168,80,128,0,93,-169,0,0,100,0,1024,0,48,48,0,0,-256,0,1,60,0,768,944,192,216,0,0,-256,0,0,100,0,768,0,192,256,0,0,-256,0,1,90,0,576,1120,192,160,0,0,-256,0,0,90,0,576,968,192,152,0,0,-256,0,1,100,0,576,816,192,152,0,0,-256,0,1,90,0,576,672,192,144,0,0,-256,0,1,80,0,192,416,192,256,0,0,-256,0,0,100,0,0,416,192,256,0,0,-256,0,0,90,0,576,160,192,256,0,0,-256,0,1,30,0,768,688,192,256,0,0,-256,0,1,70,0,384,160,192,256,0,0,-256,0,0,90,0,192,160,192,256,0,48,-217,0,1,90,0,464,416,112,88,0,0,-256,0,0,90,0,0,160,192,256,0,71,-234,0,1,90,0,384,416,80,128,0,0,-256,0,1,90,0,576,0,192,160,0,0,-256,0,0,100,0,576,1280,192,256,0,0,-256,0,0,100,0,193,1536,192,256,0,
0,29,0,-256,0,0,100,0,0,1536,192,256,0,67,-121,0,0,100,0,1088,1216,64,64,0,106,-145,0,0,100,0,1088,1344,64,64,0,41,-155,0,0,100,0,976,48,64,64,0,1,-173,0,0,100,0,1088,1280,64,64,0,26,-181,0,0,100,0,1088,1152,64,64,0,112,-216,0,0,90,0,768,1296,80,128,0,0,-256,0,0,30,0,768,432,192,256,0,112,-216,0,0,100,0,768,1168,80,128,0,93,-169,0,0,100,0,1024,0,48,48,0,0,-256,0,1,70,0,768,944,192,216,0,0,-256,0,0,100,0,768,0,192,256,0,69,-211,0,0,30,0,976,112,64,64,0,0,-256,0,1,90,0,0,1120,192,160,0,0,-256,0,0,90,0,0,968,192,152,0,0,-256,0,1,100,0,0,816,192,152,0,0,-256,0,1,90,0,0,672,192,144,0,0,-256,0,1,90,0,192,416,192,256,0,0,-256,0,0,100,0,0,416,192,256,0,0,-256,0,0,90,0,576,160,192,256,0,0,-256,0,1,30,0,768,688,192,256,0,0,-256,0,1,90,0,384,160,192,256,0,0,-256,0,0,90,0,192,160,192,256,0,48,-217,0,1,90,0,464,416,112,88,0,0,-256,0,0,90,0,0,160,192,256,0,71,-234,0,1,90,0,384,416,80,128,0,0,-256,0,1,90,0,0,0,192,160,0,0,-256,0,0,100,0,0,1280,192,256,0,0,-256,0,0,100,0,193,1536,192,256,0,
0,31,0,-256,0,0,100,0,0,1536,192,256,0,67,-121,0,0,100,0,1152,1216,64,64,0,106,-145,0,0,100,0,1152,1344,64,64,0,53,-167,0,0,100,0,1040,48,64,64,0,71,-126,0,0,100,0,1104,32,32,16,0,61,-185,0,0,100,0,976,112,64,64,0,85,-147,0,0,100,0,1104,32,32,16,0,1,-173,0,0,100,0,1152,1280,64,64,0,26,-181,0,0,100,0,1152,1152,64,64,0,112,-216,0,0,80,0,848,1296,80,128,0,0,-256,0,0,30,0,768,432,192,256,0,112,-216,0,0,100,0,848,1168,80,128,0,93,-169,0,0,100,0,1024,0,48,48,0,0,-256,0,1,60,0,768,944,192,216,0,0,-256,0,0,100,0,768,0,192,256,0,0,-256,0,1,90,0,192,1120,192,160,0,0,-256,0,0,90,0,192,968,192,152,0,0,-256,0,1,100,0,192,816,192,152,0,0,-256,0,1,90,0,192,672,192,144,0,0,-256,0,1,80,0,192,416,192,256,0,0,-256,0,0,100,0,0,416,192,256,0,0,-256,0,0,90,0,576,160,192,256,0,0,-256,0,1,30,0,768,688,192,256,0,0,-256,0,1,70,0,384,160,192,256,0,0,-256,0,0,90,0,192,160,192,256,0,48,-217,0,1,90,0,464,416,112,88,0,0,-256,0,0,90,0,0,160,192,256,0,71,-234,0,1,90,0,384,416,80,128,0,0,-256,0,1,90,0,192,0,192,160,0,0,-256,0,0,100,0,192,1280,192,256,0,0,-256,0,0,100,0,193,1536,192,256,0,
0,30,0,-256,0,0,100,0,0,1536,192,256,0,75,-178,0,1,100,0,1472,1136,48,48,0,67,-121,0,0,100,0,1216,1216,64,64,0,106,-145,0,0,100,0,1216,1344,64,64,0,59,-171,0,0,100,0,1104,48,64,64,0,74,-173,0,0,100,0,1040,112,64,64,0,1,-173,0,0,100,0,1216,1280,64,64,0,26,-181,0,0,100,0,1216,1152,64,64,0,112,-216,0,0,70,0,928,1296,80,128,0,0,-256,0,0,30,0,768,432,192,256,0,112,-216,0,0,100,0,928,1168,80,128,0,93,-169,0,0,100,0,1024,0,48,48,0,0,-256,0,1,50,0,768,944,192,216,0,0,-256,0,0,100,0,768,0,192,256,0,0,-256,0,1,90,0,384,1120,192,160,0,0,-256,0,0,90,0,384,968,192,152,0,0,-256,0,1,100,0,384,816,192,152,0,0,-256,0,1,90,0,384,672,192,144,0,0,-256,0,1,70,0,192,416,192,256,0,0,-256,0,0,100,0,0,416,192,256,0,0,-256,0,0,90,0,576,160,192,256,0,0,-256,0,1,30,0,768,688,192,256,0,0,-256,0,1,50,0,384,160,192,256,0,0,-256,0,0,90,0,192,160,192,256,0,48,-217,0,1,90,0,464,416,112,88,0,0,-256,0,0,90,0,0,160,192,256,0,71,-234,0,1,90,0,384,416,80,128,0,0,-256,0,1,90,0,384,0,192,160,0,0,-256,0,0,100,0,384,1280,192,256,0,0,-256,0,0,100,0,193,1536,192,256,0,
0,30,0,-256,0,0,100,0,0,1536,192,256,0,76,-179,0,1,100,0,1520,1136,48,48,0,67,-121,0,0,100,0,1280,1216,64,64,0,106,-145,0,0,100,0,1280,1344,64,64,0,60,-172,0,0,100,0,1104,48,64,64,0,75,-174,0,0,100,0,1040,112,64,64,0,1,-173,0,0,100,0,1280,1280,64,64,0,26,-181,0,0,100,0,1280,1152,64,64,0,112,-216,0,0,80,0,1008,1296,80,128,0,0,-256,0,0,30,0,768,432,192,256,0,112,-216,0,0,100,0,1008,1168,80,128,0,93,-169,0,0,100,0,1024,0,48,48,0,0,-256,0,1,60,0,768,944,192,216,0,0,-256,0,0,100,0,768,0,192,256,0,0,-256,0,1,90,0,576,1120,192,160,0,0,-256,0,0,90,0,576,968,192,152,0,0,-256,0,1,100,0,576,816,192,152,0,0,-256,0,1,90,0,576,672,192,144,0,0,-256,0,1,80,0,192,416,192,256,0,0,-256,0,0,100,0,0,416,192,256,0,0,-256,0,0,90,0,576,160,192,256,0,0,-256,0,1,30,0,768,688,192,256,0,0,-256,0,1,70,0,384,160,192,256,0,0,-256,0,0,90,0,192,160,192,256,0,48,-217,0,1,90,0,464,416,112,88,0,0,-256,0,0,90,0,0,160,192,256,0,71,-234,0,1,90,0,384,416,80,128,0,0,-256,0,1,90,0,576,0,192,160,0,0,-256,0,0,100,0,576,1280,192,256,0,0,-256,0,0,100,0,193,1536,192,256,0,
0,29,0,-256,0,0,100,0,0,1536,192,256,0,67,-121,0,0,100,0,1088,1216,64,64,0,106,-145,0,0,100,0,1088,1344,64,64,0,50,-166,0,0,100,0,1168,48,64,64,0,71,-171,0,0,100,0,1104,112,64,64,0,1,-173,0,0,100,0,1088,1280,64,64,0,26,-181,0,0,100,0,1088,1152,64,64,0,112,-216,0,0,90,0,768,1296,80,128,0,0,-256,0,0,30,0,768,432,192,256,0,112,-216,0,0,100,0,768,1168,80,128,0,93,-169,0,0,100,0,1024,0,48,48,0,0,-256,0,1,70,0,768,944,192,216,0,0,-256,0,0,100,0,768,0,192,256,0,0,-256,0,1,90,0,0,1120,192,160,0,0,-256,0,0,90,0,0,968,192,152,0,0,-256,0,1,100,0,0,816,192,152,0,0,-256,0,1,90,0,0,672,192,144,0,0,-256,0,1,90,0,192,416,192,256,0,0,-256,0,0,100,0,0,416,192,256,0,0,-256,0,0,90,0,576,160,192,256,0,0,-256,0,1,30,0,768,688,192,256,0,0,-256,0,1,90,0,384,160,192,256,0,0,-256,0,0,90,0,192,160,192,256,0,48,-217,0,1,90,0,464,416,112,88,0,0,-256,0,0,90,0,0,160,192,256,0,71,-234,0,1,90,0,384,416,80,128,0,0,-256,0,1,90,0,0,0,192,160,0,0,-256,0,0,100,0,0,1280,192,256,0,0,-256,0,0,100,0,193,1536,192,256,0,
0,29,0,-256,0,0,100,0,0,1536,192,256,0,67,-121,0,0,100,0,1152,1216,64,64,0,106,-145,0,0,100,0,1152,1344,64,64,0,46,-162,0,0,100,0,1168,48,64,64,0,67,-167,0,0,100,0,1104,112,64,64,0,1,-173,0,0,100,0,1152,1280,64,64,0,26,-181,0,0,100,0,1152,1152,64,64,0,112,-216,0,0,80,0,848,1296,80,128,0,0,-256,0,0,30,0,768,432,192,256,0,112,-216,0,0,100,0,848,1168,80,128,0,93,-169,0,0,100,0,1024,0,48,48,0,0,-256,0,1,60,0,768,944,192,216,0,0,-256,0,0,100,0,768,0,192,256,0,0,-256,0,1,90,0,192,1120,192,160,0,0,-256,0,0,90,0,192,968,192,152,0,0,-256,0,1,100,0,192,816,192,152,0,0,-256,0,1,90,0,192,672,192,144,0,0,-256,0,1,80,0,192,416,192,256,0,0,-256,0,0,100,0,0,416,192,256,0,0,-256,0,0,90,0,576,160,192,256,0,0,-256,0,1,30,0,768,688,192,256,0,0,-256,0,1,70,0,384,160,192,256,0,0,-256,0,0,90,0,192,160,192,256,0,48,-217,0,1,90,0,464,416,112,88,0,0,-256,0,0,90,0,0,160,192,256,0,71,-234,0,1,90,0,384,416,80,128,0,0,-256,0,1,90,0,192,0,192,160,0,0,-256,0,0,100,0,192,1280,192,256,0,0,-256,0,0,100,0,193,1536,192,256,0,
0,29,0,-256,0,0,100,0,0,1536,192,256,0,67,-121,0,0,100,0,1216,1216,64,64,0,106,-145,0,0,100,0,1216,1344,64,64,0,45,-161,0,0,100,0,1168,48,64,64,0,66,-166,0,0,100,0,1104,112,64,64,0,1,-173,0,0,100,0,1216,1280,64,64,0,26,-181,0,0,100,0,1216,1152,64,64,0,112,-216,0,0,70,0,928,1296,80,128,0,0,-256,0,0,30,0,768,432,192,256,0,112,-216,0,0,100,0,928,1168,80,128,0,93,-169,0,0,100,0,1024,0,48,48,0,0,-256,0,1,50,0,768,944,192,216,0,0,-256,0,0,100,0,768,0,192,256,0,0,-256,0,1,90,0,384,1120,192,160,0,0,-256,0,0,90,0,384,968,192,152,0,0,-256,0,1,100,0,384,816,192,152,0,0,-256,0,1,90,0,384,672,192,144,0,0,-256,0,1,70,0,192,416,192,256,0,0,-256,0,0,100,0,0,416,192,256,0,0,-256,0,0,90,0,576,160,192,256,0,0,-256,0,1,30,0,768,688,192,256,0,0,-256,0,1,50,0,384,160,192,256,0,0,-256,0,0,90,0,192,160,192,256,0,48,-217,0,1,90,0,464,416,112,88,0,0,-256,0,0,90,0,0,160,192,256,0,71,-234,0,1,90,0,384,416,80,128,0,0,-256,0,1,90,0,384,0,192,160,0,0,-256,0,0,100,0,384,1280,192,256,0,0,-256,0,0,100,0,193,1536,192,256,0,
0,29,0,-256,0,0,100,0,0,1536,192,256,0,67,-121,0,0,100,0,1280,1216,64,64,0,106,-145,0,0,100,0,1280,1344,64,64,0,53,-161,0,0,100,0,1360,48,64,64,0,61,-167,0,0,100,0,1488,112,64,64,0,1,-173,0,0,100,0,1280,1280,64,64,0,26,-181,0,0,100,0,1280,1152,64,64,0,112,-216,0,0,80,0,1008,1296,80,128,0,0,-256,0,0,30,0,768,432,192,256,0,112,-216,0,0,100,0,1008,1168,80,128,0,93,-169,0,0,100,0,1024,0,48,48,0,0,-256,0,1,60,0,768,944,192,216,0,0,-256,0,0,100,0,768,0,192,256,0,0,-256,0,1,90,0,576,1120,192,160,0,0,-256,0,0,90,0,576,968,192,152,0,0,-256,0,1,100,0,576,816,192,152,0,0,-256,0,1,90,0,576,672,192,144,0,0,-256,0,1,80,0,192,416,192,256,0,0,-256,0,0,100,0,0,416,192,256,0,0,-256,0,0,90,0,576,160,192,256,0,0,-256,0,1,30,0,768,688,192,256,0,0,-256,0,1,70,0,384,160,192,256,0,0,-256,0,0,90,0,192,160,192,256,0,48,-217,0,1,90,0,464,416,112,88,0,0,-256,0,0,90,0,0,160,192,256,0,71,-234,0,1,90,0,384,416,80,128,0,0,-256,0,1,90,0,576,0,192,160,0,0,-256,0,0,100,0,576,1280,192,256,0,0,-256,0,0,100,0,193,1536,192,256,0,
0,29,0,-256,0,0,100,0,0,1536,192,256,0,67,-121,0,0,100,0,1088,1216,64,64,0,106,-145,0,0,100,0,1088,1344,64,64,0,55,-163,0,0,100,0,1360,48,64,64,0,63,-169,0,0,100,0,1488,112,64,64,0,1,-173,0,0,100,0,1088,1280,64,64,0,26,-181,0,0,100,0,1088,1152,64,64,0,112,-216,0,0,90,0,768,1296,80,128,0,0,-256,0,0,30,0,768,432,192,256,0,112,-216,0,0,100,0,768,1168,80,128,0,93,-169,0,0,100,0,1024,0,48,48,0,0,-256,0,1,70,0,768,944,192,216,0,0,-256,0,0,100,0,768,0,192,256,0,0,-256,0,1,90,0,0,1120,192,160,0,0,-256,0,0,90,0,0,968,192,152,0,0,-256,0,1,100,0,0,816,192,152,0,0,-256,0,1,90,0,0,672,192,144,0,0,-256,0,1,90,0,192,416,192,256,0,0,-256,0,0,100,0,0,416,192,256,0,0,-256,0,0,90,0,576,160,192,256,0,0,-256,0,1,30,0,768,688,192,256,0,0,-256,0,1,90,0,384,160,192,256,0,0,-256,0,0,90,0,192,160,192,256,0,48,-217,0,1,90,0,464,416,112,88,0,0,-256,0,0,90,0,0,160,192,256,0,71,-234,0,1,90,0,384,416,80,128,0,0,-256,0,1,90,0,0,0,192,160,0,0,-256,0,0,100,0,0,1280,192,256,0,0,-256,0,0,100,0,193,1536,192,256,0,
0,29,0,-256,0,0,100,0,0,1536,192,256,0,67,-121,0,0,100,0,1152,1216,64,64,0,106,-145,0,0,100,0,1152,1344,64,64,0,57,-164,0,0,100,0,1360,48,64,64,0,65,-170,0,0,100,0,1488,112,64,64,0,1,-173,0,0,100,0,1152,1280,64,64,0,26,-181,0,0,100,0,1152,1152,64,64,0,112,-216,0,0,80,0,848,1296,80,128,0,0,-256,0,0,30,0,768,432,192,256,0,112,-216,0,0,100,0,848,1168,80,128,0,93,-169,0,0,100,0,1024,0,48,48,0,0,-256,0,1,60,0,768,944,192,216,0,0,-256,0,0,100,0,768,0,192,256,0,0,-256,0,1,90,0,192,1120,192,160,0,0,-256,0,0,90,0,192,968,192,152,0,0,-256,0,1,100,0,192,816,192,152,0,0,-256,0,1,90,0,192,672,192,144,0,0,-256,0,1,80,0,192,416,192,256,0,0,-256,0,0,100,0,0,416,192,256,0,0,-256,0,0,90,0,576,160,192,256,0,0,-256,0,1,30,0,768,688,192,256,0,0,-256,0,1,70,0,384,160,192,256,0,0,-256,0,0,90,0,192,160,192,256,0,48,-217,0,1,90,0,464,416,112,88,0,0,-256,0,0,90,0,0,160,192,256,0,71,-234,0,1,90,0,384,416,80,128,0,0,-256,0,1,90,0,192,0,192,160,0,0,-256,0,0,100,0,192,1280,192,256,0,0,-256,0,0,100,0,193,1536,192,256,0,
0,29,0,-256,0,0,100,0,0,1536,192,256,0,67,-121,0,0,100,0,1216,1216,64,64,0,106,-145,0,0,100,0,1216,1344,64,64,0,46,-162,0,0,100,0,1168,48,64,64,0,67,-167,0,0,100,0,1104,112,64,64,0,1,-173,0,0,100,0,1216,1280,64,64,0,26,-181,0,0,100,0,1216,1152,64,64,0,112,-216,0,0,70,0,928,1296,80,128,0,0,-256,0,0,30,0,768,432,192,256,0,112,-216,0,0,100,0,928,1168,80,128,0,93,-169,0,0,100,0,1024,0,48,48,0,0,-256,0,1,50,0,768,944,192,216,0,0,-256,0,0,100,0,768,0,192,256,0,0,-256,0,1,90,0,384,1120,192,160,0,0,-256,0,0,90,0,384,968,192,152,0,0,-256,0,1,100,0,384,816,192,152,0,0,-256,0,1,90,0,384,672,192,144,0,0,-256,0,1,70,0,192,416,192,256,0,0,-256,0,0,100,0,0,416,192,256,0,0,-256,0,0,90,0,576,160,192,256,0,0,-256,0,1,30,0,768,688,192,256,0,0,-256,0,1,50,0,384,160,192,256,0,0,-256,0,0,90,0,192,160,192,256,0,48,-217,0,1,90,0,464,416,112,88,0,0,-256,0,0,90,0,0,160,192,256,0,71,-234,0,1,90,0,384,416,80,128,0,0,-256,0,1,90,0,384,0,192,160,0,0,-256,0,0,100,0,384,1280,192,256,0,0,-256,0,0,100,0,193,1536,192,256,0,
0,29,0,-256,0,0,100,0,0,1536,192,256,0,67,-121,0,0,100,0,1280,1216,64,64,0,106,-145,0,0,100,0,1280,1344,64,64,0,45,-161,0,0,100,0,1168,48,64,64,0,66,-166,0,0,100,0,1104,112,64,64,0,1,-173,0,0,100,0,1280,1280,64,64,0,26,-181,0,0,100,0,1280,1152,64,64,0,112,-216,0,0,80,0,1008,1296,80,128,0,0,-256,0,0,30,0,768,432,192,256,0,112,-216,0,0,100,0,1008,1168,80,128,0,93,-169,0,0,100,0,1024,0,48,48,0,0,-256,0,1,60,0,768,944,192,216,0,0,-256,0,0,100,0,768,0,192,256,0,0,-256,0,1,90,0,576,1120,192,160,0,0,-256,0,0,90,0,576,968,192,152,0,0,-256,0,1,100,0,576,816,192,152,0,0,-256,0,1,90,0,576,672,192,144,0,0,-256,0,1,80,0,192,416,192,256,0,0,-256,0,0,100,0,0,416,192,256,0,0,-256,0,0,90,0,576,160,192,256,0,0,-256,0,1,30,0,768,688,192,256,0,0,-256,0,1,70,0,384,160,192,256,0,0,-256,0,0,90,0,192,160,192,256,0,48,-217,0,1,90,0,464,416,112,88,0,0,-256,0,0,90,0,0,160,192,256,0,71,-234,0,1,90,0,384,416,80,128,0,0,-256,0,1,90,0,576,0,192,160,0,0,-256,0,0,100,0,576,1280,192,256,0,0,-256,0,0,100,0,193,1536,192,256,0,
0,29,0,-256,0,0,100,0,0,1536,192,256,0,67,-121,0,0,100,0,1088,1216,64,64,0,106,-145,0,0,100,0,1088,1344,64,64,0,46,-162,0,0,100,0,1168,48,64,64,0,67,-167,0,0,100,0,1104,112,64,64,0,1,-173,0,0,100,0,1088,1280,64,64,0,26,-181,0,0,100,0,1088,1152,64,64,0,112,-216,0,0,90,0,768,1296,80,128,0,0,-256,0,0,30,0,768,432,192,256,0,112,-216,0,0,100,0,768,1168,80,128,0,93,-169,0,0,100,0,1024,0,48,48,0,0,-256,0,1,70,0,768,944,192,216,0,0,-256,0,0,100,0,768,0,192,256,0,0,-256,0,1,90,0,0,1120,192,160,0,0,-256,0,0,90,0,0,968,192,152,0,0,-256,0,1,100,0,0,816,192,152,0,0,-256,0,1,90,0,0,672,192,144,0,0,-256,0,1,90,0,192,416,192,256,0,0,-256,0,0,100,0,0,416,192,256,0,0,-256,0,0,90,0,576,160,192,256,0,0,-256,0,1,30,0,768,688,192,256,0,0,-256,0,1,90,0,384,160,192,256,0,0,-256,0,0,90,0,192,160,192,256,0,48,-217,0,1,90,0,464,416,112,88,0,0,-256,0,0,90,0,0,160,192,256,0,71,-234,0,1,90,0,384,416,80,128,0,0,-256,0,1,90,0,0,0,192,160,0,0,-256,0,0,100,0,0,1280,192,256,0,0,-256,0,0,100,0,193,1536,192,256,0,
0,31,0,-256,0,0,100,0,0,1536,192,256,0,144,-216,0,0,50,0,976,176,48,48,0,165,-220,0,0,50,0,1504,176,26,48,0,67,-121,0,0,100,0,1152,1216,64,64,0,106,-145,0,0,100,0,1152,1344,64,64,0,47,-163,0,0,100,0,1168,48,64,64,0,68,-168,0,0,100,0,1104,112,64,64,0,1,-173,0,0,100,0,1152,1280,64,64,0,26,-181,0,0,100,0,1152,1152,64,64,0,112,-216,0,0,80,0,848,1296,80,128,0,0,-256,0,0,30,0,768,432,192,256,0,112,-216,0,0,100,0,848,1168,80,128,0,93,-169,0,0,100,0,1024,0,48,48,0,0,-256,0,1,60,0,768,944,192,216,0,0,-256,0,0,100,0,768,0,192,256,0,0,-256,0,1,90,0,192,1120,192,160,0,0,-256,0,0,90,0,192,968,192,152,0,0,-256,0,1,100,0,192,816,192,152,0,0,-256,0,1,90,0,192,672,192,144,0,0,-256,0,1,80,0,192,416,192,256,0,0,-256,0,0,100,0,0,416,192,256,0,0,-256,0,0,90,0,576,160,192,256,0,0,-256,0,1,30,0,768,688,192,256,0,0,-256,0,1,70,0,384,160,192,256,0,0,-256,0,0,90,0,192,160,192,256,0,48,-217,0,1,90,0,464,416,112,88,0,0,-256,0,0,90,0,0,160,192,256,0,71,-234,0,1,90,0,384,416,80,128,0,0,-256,0,1,90,0,192,0,192,160,0,0,-256,0,0,100,0,192,1280,192,256,0,0,-256,0,0,100,0,193,1536,192,256,0,
0,31,0,-256,0,0,100,0,0,1536,192,256,0,117,-199,0,0,100,0,976,176,48,48,0,136,-201,0,0,100,0,1504,176,48,48,0,67,-121,0,0,100,0,1216,1216,64,64,0,106,-145,0,0,100,0,1216,1344,64,64,0,46,-162,0,0,100,0,1168,48,64,64,0,67,-167,0,0,100,0,1104,112,64,64,0,1,-173,0,0,100,0,1216,1280,64,64,0,26,-181,0,0,100,0,1216,1152,64,64,0,112,-216,0,0,70,0,928,1296,80,128,0,0,-256,0,0,30,0,768,432,192,256,0,112,-216,0,0,100,0,928,1168,80,128,0,93,-169,0,0,100,0,1024,0,48,48,0,0,-256,0,1,50,0,768,944,192,216,0,0,-256,0,0,100,0,768,0,192,256,0,0,-256,0,1,90,0,384,1120,192,160,0,0,-256,0,0,90,0,384,968,192,152,0,0,-256,0,1,100,0,384,816,192,152,0,0,-256,0,1,90,0,384,672,192,144,0,0,-256,0,1,70,0,192,416,192,256,0,0,-256,0,0,100,0,0,416,192,256,0,0,-256,0,0,90,0,576,160,192,256,0,0,-256,0,1,30,0,768,688,192,256,0,0,-256,0,1,50,0,384,160,192,256,0,0,-256,0,0,90,0,192,160,192,256,0,48,-217,0,1,90,0,464,416,112,88,0,0,-256,0,0,90,0,0,160,192,256,0,71,-234,0,1,90,0,384,416,80,128,0,0,-256,0,1,90,0,384,0,192,160,0,0,-256,0,0,100,0,384,1280,192,256,0,0,-256,0,0,100,0,193,1536,192,256,0,
0,31,0,-256,0,0,100,0,0,1536,192,256,0,117,-199,0,0,100,0,1024,176,48,48,0,136,-202,0,0,100,0,1504,176,48,48,0,67,-121,0,0,100,0,1280,1216,64,64,0,106,-145,0,0,100,0,1280,1344,64,64,0,46,-162,0,0,100,0,1168,48,64,64,0,67,-167,0,0,100,0,1104,112,64,64,0,1,-173,0,0,100,0,1280,1280,64,64,0,26,-181,0,0,100,0,1280,1152,64,64,0,112,-216,0,0,80,0,1008,1296,80,128,0,0,-256,0,0,30,0,768,432,192,256,0,112,-216,0,0,100,0,1008,1168,80,128,0,93,-169,0,0,100,0,1024,0,48,48,0,0,-256,0,1,60,0,768,944,192,216,0,0,-256,0,0,100,0,768,0,192,256,0,0,-256,0,1,90,0,576,1120,192,160,0,0,-256,0,0,90,0,576,968,192,152,0,0,-256,0,1,100,0,576,816,192,152,0,0,-256,0,1,90,0,576,672,192,144,0,0,-256,0,1,80,0,192,416,192,256,0,0,-256,0,0,100,0,0,416,192,256,0,0,-256,0,0,90,0,576,160,192,256,0,0,-256,0,1,30,0,768,688,192,256,0,0,-256,0,1,70,0,384,160,192,256,0,0,-256,0,0,90,0,192,160,192,256,0,48,-217,0,1,90,0,464,416,112,88,0,0,-256,0,0,90,0,0,160,192,256,0,71,-234,0,1,90,0,384,416,80,128,0,0,-256,0,1,90,0,576,0,192,160,0,0,-256,0,0,100,0,576,1280,192,256,0,0,-256,0,0,100,0,193,1536,192,256,0,
0,31,0,-256,0,0,100,0,0,1536,192,256,0,117,-199,0,0,100,0,1024,176,48,48,0,136,-202,0,0,100,0,1504,176,48,48,0,67,-121,0,0,100,0,1088,1216,64,64,0,106,-145,0,0,100,0,1088,1344,64,64,0,51,-162,0,0,100,0,1360,48,64,64,0,59,-168,0,0,100,0,1488,112,64,64,0,1,-173,0,0,100,0,1088,1280,64,64,0,26,-181,0,0,100,0,1088,1152,64,64,0,112,-216,0,0,90,0,768,1296,80,128,0,0,-256,0,0,30,0,768,432,192,256,0,112,-216,0,0,100,0,768,1168,80,128,0,93,-169,0,0,100,0,1024,0,48,48,0,0,-256,0,1,70,0,768,944,192,216,0,0,-256,0,0,100,0,768,0,192,256,0,0,-256,0,1,90,0,0,1120,192,160,0,0,-256,0,0,90,0,0,968,192,152,0,0,-256,0,1,100,0,0,816,192,152,0,0,-256,0,1,90,0,0,672,192,144,0,0,-256,0,1,90,0,192,416,192,256,0,0,-256,0,0,100,0,0,416,192,256,0,0,-256,0,0,90,0,576,160,192,256,0,0,-256,0,1,30,0,768,688,192,256,0,0,-256,0,1,90,0,384,160,192,256,0,0,-256,0,0,90,0,192,160,192,256,0,48,-217,0,1,90,0,464,416,112,88,0,0,-256,0,0,90,0,0,160,192,256,0,71,-234,0,1,90,0,384,416,80,128,0,0,-256,0,1,90,0,0,0,192,160,0,0,-256,0,0,100,0,0,1280,192,256,0,0,-256,0,0,100,0,193,1536,192,256,0,
0,31,0,-256,0,0,100,0,0,1536,192,256,0,117,-199,0,0,100,0,1456,176,48,48,0,137,-202,0,0,100,0,1504,176,48,48,0,67,-121,0,0,100,0,1152,1216,64,64,0,106,-145,0,0,100,0,1152,1344,64,64,0,51,-162,0,0,100,0,1360,48,64,64,0,59,-168,0,0,100,0,1488,112,64,64,0,1,-173,0,0,100,0,1152,1280,64,64,0,26,-181,0,0,100,0,1152,1152,64,64,0,112,-216,0,0,80,0,848,1296,80,128,0,0,-256,0,0,30,0,768,432,192,256,0,112,-216,0,0,100,0,848,1168,80,128,0,93,-169,0,0,100,0,1024,0,48,48,0,0,-256,0,1,60,0,768,944,192,216,0,0,-256,0,0,100,0,768,0,192,256,0,0,-256,0,1,90,0,192,1120,192,160,0,0,-256,0,0,90,0,192,968,192,152,0,0,-256,0,1,100,0,192,816,192,152,0,0,-256,0,1,90,0,192,672,192,144,0,0,-256,0,1,80,0,192,416,192,256,0,0,-256,0,0,100,0,0,416,192,256,0,0,-256,0,0,90,0,576,160,192,256,0,0,-256,0,1,30,0,768,688,192,256,0,0,-256,0,1,70,0,384,160,192,256,0,0,-256,0,0,90,0,192,160,192,256,0,48,-217,0,1,90,0,464,416,112,88,0,0,-256,0,0,90,0,0,160,192,256,0,71,-234,0,1,90,0,384,416,80,128,0,0,-256,0,1,90,0,192,0,192,160,0,0,-256,0,0,100,0,192,1280,192,256,0,0,-256,0,0,100,0,193,1536,192,256,0,
0,33,0,-256,0,0,100,0,0,1536,192,256,0,8,-148,0,0,100,0,1504,176,48,48,0,1,-147,0,1,100,0,1554,176,62,48,0,5,-226,0,1,100,0,986,400,150,144,0,67,-121,0,0,100,0,1216,1216,64,64,0,117,-199,0,0,100,0,1072,176,48,48,0,106,-145,0,0,100,0,1216,1344,64,64,0,51,-162,0,0,100,0,1360,48,64,64,0,59,-168,0,0,100,0,1488,112,64,64,0,4,-173,0,0,100,0,1355,1280,61,64,0,26,-181,0,0,100,0,1344,1152,64,64,0,112,-216,0,0,70,0,928,1296,80,128,0,0,-256,0,0,30,0,768,432,192,256,0,112,-216,0,0,100,0,928,1168,80,128,0,93,-169,0,0,100,0,1024,0,48,48,0,0,-256,0,1,50,0,768,944,192,216,0,0,-256,0,0,100,0,768,0,192,256,0,0,-256,0,1,90,0,384,1120,192,160,0,0,-256,0,0,90,0,384,968,192,152,0,0,-256,0,1,100,0,384,816,192,152,0,0,-256,0,1,90,0,384,672,192,144,0,0,-256,0,1,70,0,192,416,192,256,0,0,-256,0,0,100,0,0,416,192,256,0,0,-256,0,0,90,0,576,160,192,256,0,0,-256,0,1,30,0,768,688,192,256,0,0,-256,0,1,50,0,384,160,192,256,0,0,-256,0,0,90,0,192,160,192,256,0,48,-217,0,1,90,0,464,416,112,88,0,0,-256,0,0,90,0,0,160,192,256,0,71,-234,0,1,90,0,384,416,80,128,0,0,-256,0,1,90,0,384,0,192,160,0,0,-256,0,0,100,0,384,1280,192,256,0,0,-256,0,0,100,0,193,1536,192,256,0,
0,34,0,-256,0,0,100,0,0,1536,192,256,0,127,-148,0,0,100,0,1504,176,48,48,0,120,-147,0,1,100,0,1554,176,62,48,0,5,-226,0,1,50,0,986,400,150,144,0,14,-178,0,1,100,0,1136,400,160,144,0,67,-121,0,0,100,0,1216,1216,64,64,0,117,-199,0,0,100,0,1120,176,48,48,0,106,-145,0,0,100,0,1216,1344,64,64,0,46,-162,0,0,100,0,1168,48,64,64,0,67,-167,0,0,100,0,1104,112,64,64,0,4,-173,0,0,100,0,1355,1280,61,64,0,26,-181,0,0,100,0,1344,1152,64,64,0,112,-216,0,0,70,0,928,1296,80,128,0,0,-256,0,0,30,0,768,432,192,256,0,112,-216,0,0,100,0,928,1168,80,128,0,93,-169,0,0,100,0,1024,0,48,48,0,0,-256,0,1,50,0,768,944,192,216,0,0,-256,0,0,100,0,768,0,192,256,0,0,-256,0,1,90,0,384,1120,192,160,0,0,-256,0,0,90,0,384,968,192,152,0,0,-256,0,1,100,0,384,816,192,152,0,0,-256,0,1,90,0,384,672,192,144,0,0,-256,0,1,70,0,192,416,192,256,0,0,-256,0,0,100,0,0,416,192,256,0,0,-256,0,0,90,0,576,160,192,256,0,0,-256,0,1,30,0,768,688,192,256,0,0,-256,0,1,50,0,384,160,192,256,0,0,-256,0,0,90,0,192,160,192,256,0,48,-217,0,1,90,0,464,416,112,88,0,0,-256,0,0,90,0,0,160,192,256,0,71,-234,0,1,90,0,384,416,80,128,0,0,-256,0,1,90,0,384,0,192,160,0,0,-256,0,0,100,0,384,1280,192,256,0,0,-256,0,0,100,0,193,1536,192,256,0,
0,38,0,-256,0,0,100,0,0,1536,192,256,0,140,-195,0,0,100,0,1504,176,48,48,0,133,-194,0,1,100,0,1554,176,58,48,0,14,-178,0,1,50,0,1136,400,160,144,0,82,-197,0,1,100,0,1296,400,106,144,0,67,-121,0,0,100,0,1280,1216,64,64,0,117,-199,0,0,100,0,1168,176,48,48,0,106,-145,0,0,100,0,1280,1344,64,64,0,46,-162,0,0,100,0,1168,48,64,64,0,67,-167,0,0,100,0,1104,112,64,64,0,16,-153,0,0,100,0,1448,1304,32,24,0,4,-163,0,0,100,0,1458,1280,22,24,0,2,-149,0,0,100,0,1425,1312,23,16,0,5,-176,0,0,100,0,1436,1280,12,32,0,1,-141,0,0,100,0,1480,1280,64,31,0,22,-183,0,0,100,0,1408,1152,64,64,0,112,-216,0,0,80,0,1008,1296,80,128,0,0,-256,0,0,30,0,768,432,192,256,0,112,-216,0,0,100,0,1008,1168,80,128,0,93,-169,0,0,100,0,1024,0,48,48,0,0,-256,0,1,60,0,768,944,192,216,0,0,-256,0,0,100,0,768,0,192,256,0,0,-256,0,1,90,0,576,1120,192,160,0,0,-256,0,0,90,0,576,968,192,152,0,0,-256,0,1,100,0,576,816,192,152,0,0,-256,0,1,90,0,576,672,192,144,0,0,-256,0,1,80,0,192,416,192,256,0,0,-256,0,0,100,0,0,416,192,256,0,0,-256,0,0,90,0,576,160,192,256,0,0,-256,0,1,30,0,768,688,192,256,0,0,-256,0,1,70,0,384,160,192,256,0,0,-256,0,0,90,0,192,160,192,256,0,48,-217,0,1,90,0,464,416,112,88,0,0,-256,0,0,90,0,0,160,192,256,0,71,-234,0,1,90,0,384,416,80,128,0,0,-256,0,1,90,0,576,0,192,160,0,0,-256,0,0,100,0,576,1280,192,256,0,0,-256,0,0,100,0,193,1536,192,256,0,
0,37,0,-256,0,0,100,0,0,1536,192,256,0,126,-213,0,0,100,0,1504,176,48,48,0,119,-212,0,1,50,0,1554,176,62,48,0,82,-197,0,1,50,0,1296,400,106,144,0,67,-121,0,0,100,0,1280,1216,64,64,0,117,-199,0,0,100,0,1216,176,48,48,0,106,-145,0,0,100,0,1280,1344,64,64,0,51,-162,0,0,100,0,1360,48,64,64,0,59,-168,0,0,100,0,1488,112,64,64,0,16,-153,0,0,100,0,1448,1304,32,24,0,4,-163,0,0,100,0,1458,1280,22,24,0,2,-149,0,0,100,0,1425,1312,23,16,0,5,-176,0,0,100,0,1436,1280,12,32,0,1,-141,0,0,100,0,1480,1280,64,31,0,22,-183,0,0,100,0,1408,1152,64,64,0,112,-216,0,0,80,0,1008,1296,80,128,0,0,-256,0,0,30,0,768,432,192,256,0,112,-216,0,0,100,0,1008,1168,80,128,0,93,-169,0,0,100,0,1024,0,48,48,0,0,-256,0,1,60,0,768,944,192,216,0,0,-256,0,0,100,0,768,0,192,256,0,0,-256,0,1,90,0,576,1120,192,160,0,0,-256,0,0,90,0,576,968,192,152,0,0,-256,0,1,100,0,576,816,192,152,0,0,-256,0,1,90,0,576,672,192,144,0,0,-256,0,1,80,0,192,416,192,256,0,0,-256,0,0,100,0,0,416,192,256,0,0,-256,0,0,90,0,576,160,192,256,0,0,-256,0,1,30,0,768,688,192,256,0,0,-256,0,1,70,0,384,160,192,256,0,0,-256,0,0,90,0,192,160,192,256,0,48,-217,0,1,90,0,464,416,112,88,0,0,-256,0,0,90,0,0,160,192,256,0,71,-234,0,1,90,0,384,416,80,128,0,0,-256,0,1,90,0,576,0,192,160,0,0,-256,0,0,100,0,576,1280,192,256,0,0,-256,0,0,100,0,193,1536,192,256,0,
0,35,0,-256,0,0,100,0,0,1536,192,256,0,127,-213,0,0,100,0,1504,176,48,48,0,117,-199,0,0,100,0,1264,176,48,48,0,67,-121,0,0,100,0,1088,1216,64,64,0,106,-145,0,0,100,0,1088,1344,64,64,0,51,-162,0,0,100,0,1360,48,64,64,0,59,-168,0,0,100,0,1488,112,64,64,0,11,-154,0,0,50,0,1448,1304,32,24,0,4,-166,0,0,50,0,1461,1280,19,24,0,3,-149,0,0,50,0,1429,1312,19,16,0,3,-180,0,0,50,0,1436,1280,12,32,0,1,-141,0,0,100,0,1480,1280,64,31,0,14,-185,0,0,50,0,1408,1152,64,64,0,112,-216,0,0,90,0,768,1296,80,128,0,0,-256,0,0,30,0,768,432,192,256,0,112,-216,0,0,100,0,768,1168,80,128,0,93,-169,0,0,100,0,1024,0,48,48,0,0,-256,0,1,70,0,768,944,192,216,0,0,-256,0,0,100,0,768,0,192,256,0,0,-256,0,1,90,0,0,1120,192,160,0,0,-256,0,0,90,0,0,968,192,152,0,0,-256,0,1,100,0,0,816,192,152,0,0,-256,0,1,90,0,0,672,192,144,0,0,-256,0,1,90,0,192,416,192,256,0,0,-256,0,0,100,0,0,416,192,256,0,0,-256,0,0,90,0,576,160,192,256,0,0,-256,0,1,30,0,768,688,192,256,0,0,-256,0,1,90,0,384,160,192,256,0,0,-256,0,0,90,0,192,160,192,256,0,48,-217,0,1,90,0,464,416,112,88,0,0,-256,0,0,90,0,0,160,192,256,0,71,-234,0,1,90,0,384,416,80,128,0,0,-256,0,1,90,0,0,0,192,160,0,0,-256,0,0,100,0,0,1280,192,256,0,0,-256,0,0,100,0,193,1536,192,256,0,
0,35,0,-256,0,0,100,0,0,1536,192,256,0,127,-213,0,0,100,0,1504,176,48,48,0,117,-199,0,0,100,0,1264,176,48,48,0,67,-121,0,0,100,0,1152,1216,64,64,0,106,-145,0,0,100,0,1152,1344,64,64,0,46,-162,0,0,100,0,1168,48,64,64,0,67,-167,0,0,100,0,1104,112,64,64,0,7,-157,0,0,20,0,1448,1304,32,24,0,4,-168,0,0,20,0,1463,1280,17,24,0,3,-153,0,0,20,0,1434,1312,14,16,0,5,-180,0,0,20,0,1440,1280,8,32,0,1,-141,0,0,100,0,1480,1280,64,31,0,13,-186,0,0,20,0,1408,1152,64,64,0,112,-216,0,0,80,0,848,1296,80,128,0,0,-256,0,0,30,0,768,432,192,256,0,112,-216,0,0,100,0,848,1168,80,128,0,93,-169,0,0,100,0,1024,0,48,48,0,0,-256,0,1,60,0,768,944,192,216,0,0,-256,0,0,100,0,768,0,192,256,0,0,-256,0,1,90,0,192,1120,192,160,0,0,-256,0,0,90,0,192,968,192,152,0,0,-256,0,1,100,0,192,816,192,152,0,0,-256,0,1,90,0,192,672,192,144,0,0,-256,0,1,80,0,192,416,192,256,0,0,-256,0,0,100,0,0,416,192,256,0,0,-256,0,0,90,0,576,160,192,256,0,0,-256,0,1,30,0,768,688,192,256,0,0,-256,0,1,70,0,384,160,192,256,0,0,-256,0,0,90,0,192,160,192,256,0,48,-217,0,1,90,0,464,416,112,88,0,0,-256,0,0,90,0,0,160,192,256,0,71,-234,0,1,90,0,384,416,80,128,0,0,-256,0,1,90,0,192,0,192,160,0,0,-256,0,0,100,0,192,1280,192,256,0,0,-256,0,0,100,0,193,1536,192,256,0,
0,30,0,-256,0,0,100,0,0,1536,192,256,0,117,-199,0,0,100,0,976,176,48,48,0,136,-201,0,0,100,0,1504,176,48,48,0,67,-121,0,0,100,0,1216,1216,64,64,0,106,-145,0,0,100,0,1216,1344,64,64,0,46,-162,0,0,100,0,1168,48,64,64,0,67,-167,0,0,100,0,1104,112,64,64,0,1,-141,0,0,100,0,1480,1280,64,31,0,112,-216,0,0,70,0,928,1296,80,128,0,0,-256,0,0,30,0,768,432,192,256,0,112,-216,0,0,100,0,928,1168,80,128,0,93,-169,0,0,100,0,1024,0,48,48,0,0,-256,0,1,50,0,768,944,192,216,0,0,-256,0,0,100,0,768,0,192,256,0,0,-256,0,1,90,0,384,1120,192,160,0,0,-256,0,0,90,0,384,968,192,152,0,0,-256,0,1,100,0,384,816,192,152,0,0,-256,0,1,90,0,384,672,192,144,0,0,-256,0,1,70,0,192,416,192,256,0,0,-256,0,0,100,0,0,416,192,256,0,0,-256,0,0,90,0,576,160,192,256,0,0,-256,0,1,30,0,768,688,192,256,0,0,-256,0,1,50,0,384,160,192,256,0,0,-256,0,0,90,0,192,160,192,256,0,48,-217,0,1,90,0,464,416,112,88,0,0,-256,0,0,90,0,0,160,192,256,0,71,-234,0,1,90,0,384,416,80,128,0,0,-256,0,1,90,0,384,0,192,160,0,0,-256,0,0,100,0,384,1280,192,256,0,0,-256,0,0,100,0,193,1536,192,256,0,
0,30,0,-256,0,0,100,0,0,1536,192,256,0,88,-203,0,0,100,0,1312,176,48,48,0,109,-198,0,0,100,0,1504,176,48,48,0,67,-121,0,0,100,0,1280,1216,64,64,0,106,-145,0,0,100,0,1280,1344,64,64,0,46,-162,0,0,100,0,1168,48,64,64,0,67,-167,0,0,100,0,1104,112,64,64,0,1,-141,0,0,100,0,1480,1280,64,31,0,112,-216,0,0,80,0,1008,1296,80,128,0,0,-256,0,0,30,0,768,432,192,256,0,112,-216,0,0,100,0,1008,1168,80,128,0,93,-169,0,0,100,0,1024,0,48,48,0,0,-256,0,1,60,0,768,944,192,216,0,0,-256,0,0,100,0,768,0,192,256,0,0,-256,0,1,90,0,576,1120,192,160,0,0,-256,0,0,90,0,576,968,192,152,0,0,-256,0,1,100,0,576,816,192,152,0,0,-256,0,1,90,0,576,672,192,144,0,0,-256,0,1,80,0,192,416,192,256,0,0,-256,0,0,100,0,0,416,192,256,0,0,-256,0,0,90,0,576,160,192,256,0,0,-256,0,1,30,0,768,688,192,256,0,0,-256,0,1,70,0,384,160,192,256,0,0,-256,0,0,90,0,192,160,192,256,0,48,-217,0,1,90,0,464,416,112,88,0,0,-256,0,0,90,0,0,160,192,256,0,71,-234,0,1,90,0,384,416,80,128,0,0,-256,0,1,90,0,576,0,192,160,0,0,-256,0,0,100,0,576,1280,192,256,0,0,-256,0,0,100,0,193,1536,192,256,0,
0,31,0,-256,0,0,100,0,0,1536,192,256,0,46,-255,0,0,50,0,976,235,48,37,0,67,-121,0,0,100,0,1088,1216,64,64,0,59,-186,0,0,100,0,1312,176,48,48,0,80,-181,0,0,100,0,1504,176,48,48,0,106,-145,0,0,100,0,1088,1344,64,64,0,46,-162,0,0,100,0,1488,48,64,64,0,67,-167,0,0,100,0,1168,112,64,64,0,1,-141,0,0,100,0,1480,1280,64,31,0,112,-216,0,0,90,0,768,1296,80,128,0,0,-256,0,0,30,0,768,432,192,256,0,112,-216,0,0,100,0,768,1168,80,128,0,93,-169,0,0,100,0,1024,0,48,48,0,0,-256,0,1,70,0,768,944,192,216,0,0,-256,0,0,100,0,768,0,192,256,0,0,-256,0,1,90,0,0,1120,192,160,0,0,-256,0,0,90,0,0,968,192,152,0,0,-256,0,1,100,0,0,816,192,152,0,0,-256,0,1,90,0,0,672,192,144,0,0,-256,0,1,90,0,192,416,192,256,0,0,-256,0,0,100,0,0,416,192,256,0,0,-256,0,0,90,0,576,160,192,256,0,0,-256,0,1,30,0,768,688,192,256,0,0,-256,0,1,90,0,384,160,192,256,0,0,-256,0,0,90,0,192,160,192,256,0,48,-217,0,1,90,0,464,416,112,88,0,0,-256,0,0,90,0,0,160,192,256,0,71,-234,0,1,90,0,384,416,80,128,0,0,-256,0,1,90,0,0,0,192,160,0,0,-256,0,0,100,0,0,1280,192,256,0,0,-256,0,0,100,0,193,1536,192,256,0,
0,32,0,-256,0,0,100,0,0,1536,192,256,0,46,-225,0,0,80,0,976,224,48,48,0,67,-121,0,0,100,0,1152,1216,64,64,0,106,-145,0,0,100,0,1152,1344,64,64,0,46,-162,0,0,100,0,1488,48,64,64,0,67,-167,0,0,100,0,1168,112,64,64,0,43,-175,0,0,100,0,976,176,48,48,0,62,-177,0,0,100,0,1504,176,48,48,0,55,-147,0,0,100,0,1104,32,32,16,0,1,-141,0,0,100,0,1480,1280,64,31,0,112,-216,0,0,80,0,848,1296,80,128,0,0,-256,0,0,30,0,768,432,192,256,0,112,-216,0,0,100,0,848,1168,80,128,0,93,-169,0,0,100,0,1024,0,48,48,0,0,-256,0,1,60,0,768,944,192,216,0,0,-256,0,0,100,0,768,0,192,256,0,0,-256,0,1,90,0,192,1120,192,160,0,0,-256,0,0,90,0,192,968,192,152,0,0,-256,0,1,100,0,192,816,192,152,0,0,-256,0,1,90,0,192,672,192,144,0,0,-256,0,1,80,0,192,416,192,256,0,0,-256,0,0,100,0,0,416,192,256,0,0,-256,0,0,90,0,576,160,192,256,0,0,-256,0,1,30,0,768,688,192,256,0,0,-256,0,1,70,0,384,160,192,256,0,0,-256,0,0,90,0,192,160,192,256,0,48,-217,0,1,90,0,464,416,112,88,0,0,-256,0,0,90,0,0,160,192,256,0,71,-234,0,1,90,0,384,416,80,128,0,0,-256,0,1,90,0,192,0,192,160,0,0,-256,0,0,100,0,192,1280,192,256,0,0,-256,0,0,100,0,193,1536,192,256,0,
0,34,0,-256,0,0,100,0,0,1536,192,256,0,71,-182,0,1,100,0,1568,1136,16,16,0,60,-177,0,1,100,0,1568,1136,16,16,0,46,-208,0,0,100,0,976,224,48,48,0,67,-121,0,0,100,0,1216,1216,64,64,0,106,-145,0,0,100,0,1216,1344,64,64,0,48,-163,0,0,100,0,1168,48,64,64,0,69,-168,0,0,100,0,1104,112,64,64,0,43,-175,0,0,100,0,1024,176,48,48,0,62,-178,0,0,100,0,1504,176,48,48,0,55,-147,0,0,100,0,1104,32,32,16,0,1,-141,0,0,100,0,1480,1280,64,31,0,112,-216,0,0,70,0,928,1296,80,128,0,0,-256,0,0,30,0,768,432,192,256,0,112,-216,0,0,100,0,928,1168,80,128,0,93,-169,0,0,100,0,1024,0,48,48,0,0,-256,0,1,50,0,768,944,192,216,0,0,-256,0,0,100,0,768,0,192,256,0,0,-256,0,1,90,0,384,1120,192,160,0,0,-256,0,0,90,0,384,968,192,152,0,0,-256,0,1,100,0,384,816,192,152,0,0,-256,0,1,90,0,384,672,192,144,0,0,-256,0,1,70,0,192,416,192,256,0,0,-256,0,0,100,0,0,416,192,256,0,0,-256,0,0,90,0,576,160,192,256,0,0,-256,0,1,30,0,768,688,192,256,0,0,-256,0,1,50,0,384,160,192,256,0,0,-256,0,0,90,0,192,160,192,256,0,48,-217,0,1,90,0,464,416,112,88,0,0,-256,0,0,90,0,0,160,192,256,0,71,-234,0,1,90,0,384,416,80,128,0,0,-256,0,1,90,0,384,0,192,160,0,0,-256,0,0,100,0,384,1280,192,256,0,0,-256,0,0,100,0,193,1536,192,256,0,
0,34,0,-256,0,0,100,0,0,1536,192,256,0,71,-182,0,1,100,0,1568,1152,16,16,0,60,-177,0,1,100,0,1568,1152,16,16,0,46,-208,0,0,100,0,1024,224,48,48,0,67,-121,0,0,100,0,1280,1216,64,64,0,106,-145,0,0,100,0,1280,1344,64,64,0,46,-162,0,0,100,0,1168,48,64,64,0,67,-167,0,0,100,0,1104,112,64,64,0,43,-175,0,0,100,0,1024,176,48,48,0,62,-178,0,0,100,0,1504,176,48,48,0,55,-147,0,0,100,0,1104,32,32,16,0,1,-141,0,0,100,0,1480,1280,64,31,0,112,-216,0,0,80,0,1008,1296,80,128,0,0,-256,0,0,30,0,768,432,192,256,0,112,-216,0,0,100,0,1008,1168,80,128,0,93,-169,0,0,100,0,1024,0,48,48,0,0,-256,0,1,60,0,768,944,192,216,0,0,-256,0,0,100,0,768,0,192,256,0,0,-256,0,1,90,0,576,1120,192,160,0,0,-256,0,0,90,0,576,968,192,152,0,0,-256,0,1,100,0,576,816,192,152,0,0,-256,0,1,90,0,576,672,192,144,0,0,-256,0,1,80,0,192,416,192,256,0,0,-256,0,0,100,0,0,416,192,256,0,0,-256,0,0,90,0,576,160,192,256,0,0,-256,0,1,30,0,768,688,192,256,0,0,-256,0,1,70,0,384,160,192,256,0,0,-256,0,0,90,0,192,160,192,256,0,48,-217,0,1,90,0,464,416,112,88,0,0,-256,0,0,90,0,0,160,192,256,0,71,-234,0,1,90,0,384,416,80,128,0,0,-256,0,1,90,0,576,0,192,160,0,0,-256,0,0,100,0,576,1280,192,256,0,0,-256,0,0,100,0,193,1536,192,256,0,
0,34,0,-256,0,0,100,0,0,1536,192,256,0,54,-185,0,1,100,0,976,544,80,112,0,46,-208,0,0,100,0,1024,224,48,48,0,67,-121,0,0,100,0,1344,1216,64,64,0,109,-145,0,0,100,0,1344,1344,64,64,0,44,-161,0,0,100,0,1168,48,64,64,0,65,-166,0,0,100,0,1104,112,64,64,0,43,-175,0,0,100,0,1024,176,48,48,0,62,-178,0,0,100,0,1504,176,48,48,0,55,-147,0,0,100,0,1104,32,32,16,0,1,-141,0,0,100,0,1480,1280,64,31,0,79,-132,0,0,100,0,1088,1408,80,64,0,112,-216,0,0,90,0,768,1296,80,128,0,0,-256,0,0,30,0,768,432,192,256,0,112,-216,0,0,100,0,768,1168,80,128,0,93,-169,0,0,100,0,1024,0,48,48,0,0,-256,0,1,70,0,768,944,192,216,0,0,-256,0,0,100,0,768,0,192,256,0,0,-256,0,1,90,0,0,1120,192,160,0,0,-256,0,0,90,0,0,968,192,152,0,0,-256,0,1,100,0,0,816,192,152,0,0,-256,0,1,90,0,0,672,192,144,0,0,-256,0,1,90,0,192,416,192,256,0,0,-256,0,0,100,0,0,416,192,256,0,0,-256,0,0,90,0,576,160,192,256,0,0,-256,0,1,30,0,768,688,192,256,0,0,-256,0,1,90,0,384,160,192,256,0,0,-256,0,0,90,0,192,160,192,256,0,48,-217,0,1,90,0,464,416,112,88,0,0,-256,0,0,90,0,0,160,192,256,0,71,-234,0,1,90,0,384,416,80,128,0,0,-256,0,1,90,0,0,0,192,160,0,0,-256,0,0,100,0,0,1280,192,256,0,0,-256,0,0,100,0,193,1536,192,256,0,
0,35,0,-256,0,0,100,0,0,1536,192,256,0,53,-184,0,1,100,0,1056,544,96,112,0,53,-184,0,1,100,0,1056,544,96,112,0,46,-208,0,0,100,0,1024,224,48,48,0,67,-121,0,0,100,0,1408,1216,64,64,0,109,-145,0,0,100,0,1408,1344,64,64,0,50,-162,0,0,100,0,1360,48,64,64,0,58,-168,0,0,100,0,1488,112,64,64,0,43,-175,0,0,100,0,1024,176,48,48,0,62,-178,0,0,100,0,1504,176,48,48,0,55,-147,0,0,100,0,1104,32,32,16,0,1,-141,0,0,100,0,1480,1280,64,31,0,79,-132,0,0,100,0,1168,1408,80,64,0,112,-216,0,0,80,0,848,1296,80,128,0,0,-256,0,0,30,0,768,432,192,256,0,112,-216,0,0,100,0,848,1168,80,128,0,93,-169,0,0,100,0,1024,0,48,48,0,0,-256,0,1,60,0,768,944,192,216,0,0,-256,0,0,100,0,768,0,192,256,0,0,-256,0,1,90,0,192,1120,192,160,0,0,-256,0,0,90,0,192,968,192,152,0,0,-256,0,1,100,0,192,816,192,152,0,0,-256,0,1,90,0,192,672,192,144,0,0,-256,0,1,80,0,192,416,192,256,0,0,-256,0,0,100,0,0,416,192,256,0,0,-256,0,0,90,0,576,160,192,256,0,0,-256,0,1,30,0,768,688,192,256,0,0,-256,0,1,70,0,384,160,192,256,0,0,-256,0,0,90,0,192,160,192,256,0,48,-217,0,1,90,0,464,416,112,88,0,0,-256,0,0,90,0,0,160,192,256,0,71,-234,0,1,90,0,384,416,80,128,0,0,-256,0,1,90,0,192,0,192,160,0,0,-256,0,0,100,0,192,1280,192,256,0,0,-256,0,0,100,0,193,1536,192,256,0,
0,36,0,-256,0,0,100,0,0,1536,192,256,0,52,-188,0,1,100,0,1152,544,96,112,0,52,-188,0,1,100,0,1152,544,96,112,0,46,-208,0,0,100,0,1024,224,48,48,0,67,-121,0,0,100,0,1472,1216,64,64,0,111,-145,0,0,100,0,1408,1344,64,64,0,111,-146,0,0,100,0,1472,1344,32,64,0,50,-162,0,0,100,0,1360,48,64,64,0,58,-168,0,0,100,0,1488,112,64,64,0,43,-175,0,0,100,0,1024,176,48,48,0,62,-178,0,0,100,0,1504,176,48,48,0,55,-147,0,0,100,0,1104,32,32,16,0,1,-141,0,0,100,0,1480,1280,64,31,0,79,-132,0,0,100,0,1248,1408,80,64,0,112,-216,0,0,70,0,928,1296,80,128,0,0,-256,0,0,30,0,768,432,192,256,0,112,-216,0,0,100,0,928,1168,80,128,0,93,-169,0,0,100,0,1024,0,48,48,0,0,-256,0,1,50,0,768,944,192,216,0,0,-256,0,0,100,0,768,0,192,256,0,0,-256,0,1,90,0,384,1120,192,160,0,0,-256,0,0,90,0,384,968,192,152,0,0,-256,0,1,100,0,384,816,192,152,0,0,-256,0,1,90,0,384,672,192,144,0,0,-256,0,1,70,0,192,416,192,256,0,0,-256,0,0,100,0,0,416,192,256,0,0,-256,0,0,90,0,576,160,192,256,0,0,-256,0,1,30,0,768,688,192,256,0,0,-256,0,1,50,0,384,160,192,256,0,0,-256,0,0,90,0,192,160,192,256,0,48,-217,0,1,90,0,464,416,112,88,0,0,-256,0,0,90,0,0,160,192,256,0,71,-234,0,1,90,0,384,416,80,128,0,0,-256,0,1,90,0,384,0,192,160,0,0,-256,0,0,100,0,384,1280,192,256,0,0,-256,0,0,100,0,193,1536,192,256,0,
0,37,0,-256,0,0,100,0,0,1536,192,256,0,121,-150,0,1,100,0,1424,1072,48,64,0,60,-187,0,1,100,0,1248,544,112,128,0,46,-208,0,0,100,0,1024,224,48,48,0,67,-121,0,0,100,0,1472,1216,64,64,0,111,-146,0,0,100,0,1472,1344,32,64,0,111,-145,0,0,50,0,1408,1344,64,64,0,140,-142,0,0,100,0,1504,1344,32,64,0,50,-162,0,0,100,0,1360,48,64,64,0,58,-168,0,0,100,0,1488,112,64,64,0,43,-175,0,0,100,0,1024,176,48,48,0,62,-178,0,0,100,0,1504,176,48,48,0,55,-147,0,0,100,0,1104,32,32,16,0,1,-141,0,0,100,0,1480,1280,64,31,0,79,-132,0,0,100,0,1328,1408,80,64,0,112,-216,0,0,70,0,928,1296,80,128,0,0,-256,0,0,30,0,768,432,192,256,0,112,-216,0,0,100,0,928,1168,80,128,0,93,-169,0,0,100,0,1024,0,48,48,0,0,-256,0,1,50,0,768,944,192,216,0,0,-256,0,0,100,0,768,0,192,256,0,0,-256,0,1,90,0,384,1120,192,160,0,0,-256,0,0,90,0,384,968,192,152,0,0,-256,0,1,100,0,384,816,192,152,0,0,-256,0,1,90,0,384,672,192,144,0,0,-256,0,1,70,0,192,416,192,256,0,0,-256,0,0,100,0,0,416,192,256,0,0,-256,0,0,90,0,576,160,192,256,0,0,-256,0,1,30,0,768,688,192,256,0,0,-256,0,1,50,0,384,160,192,256,0,0,-256,0,0,90,0,192,160,192,256,0,48,-217,0,1,90,0,464,416,112,88,0,0,-256,0,0,90,0,0,160,192,256,0,71,-234,0,1,90,0,384,416,80,128,0,0,-256,0,1,90,0,384,0,192,160,0,0,-256,0,0,100,0,384,1280,192,256,0,0,-256,0,0,100,0,193,1536,192,256,0,
0,36,0,-256,0,0,100,0,0,1536,192,256,0,121,-150,0,1,100,0,1472,1072,48,64,0,61,-182,0,1,50,0,1360,544,128,128,0,46,-208,0,0,100,0,1024,224,48,48,0,67,-121,0,0,100,0,1472,1216,64,64,0,111,-146,0,0,100,0,1472,1344,32,64,0,147,-134,0,0,80,0,1504,1344,32,64,0,46,-162,0,0,100,0,1168,48,64,64,0,67,-167,0,0,100,0,1104,112,64,64,0,43,-175,0,0,100,0,1024,176,48,48,0,62,-178,0,0,100,0,1504,176,48,48,0,55,-147,0,0,100,0,1104,32,32,16,0,1,-141,0,0,100,0,1480,1280,64,31,0,79,-132,0,0,100,0,1328,1472,80,64,0,112,-216,0,0,80,0,1008,1296,80,128,0,0,-256,0,0,30,0,768,432,192,256,0,112,-216,0,0,100,0,1008,1168,80,128,0,93,-169,0,0,100,0,1024,0,48,48,0,0,-256,0,1,60,0,768,944,192,216,0,0,-256,0,0,100,0,768,0,192,256,0,0,-256,0,1,90,0,576,1120,192,160,0,0,-256,0,0,90,0,576,968,192,152,0,0,-256,0,1,100,0,576,816,192,152,0,0,-256,0,1,90,0,576,672,192,144,0,0,-256,0,1,80,0,192,416,192,256,0,0,-256,0,0,100,0,0,416,192,256,0,0,-256,0,0,90,0,576,160,192,256,0,0,-256,0,1,30,0,768,688,192,256,0,0,-256,0,1,70,0,384,160,192,256,0,0,-256,0,0,90,0,192,160,192,256,0,48,-217,0,1,90,0,464,416,112,88,0,0,-256,0,0,90,0,0,160,192,256,0,71,-234,0,1,90,0,384,416,80,128,0,0,-256,0,1,90,0,576,0,192,160,0,0,-256,0,0,100,0,576,1280,192,256,0,0,-256,0,0,100,0,193,1536,192,256,0,
0,35,0,-256,0,0,100,0,0,1536,192,256,0,121,-150,0,1,100,0,1520,1072,48,64,0,50,-205,0,0,100,0,1072,224,48,48,0,67,-121,0,0,100,0,1472,1216,64,64,0,111,-146,0,0,100,0,1472,1344,32,64,0,46,-162,0,0,100,0,1168,48,64,64,0,150,-133,0,0,30,0,1504,1344,32,64,0,67,-167,0,0,100,0,1104,112,64,64,0,43,-175,0,0,100,0,1024,176,48,48,0,62,-178,0,0,100,0,1504,176,48,48,0,55,-147,0,0,100,0,1104,32,32,16,0,1,-141,0,0,100,0,1480,1280,64,31,0,79,-132,0,0,100,0,1328,1472,80,64,0,112,-216,0,0,80,0,1008,1296,80,128,0,0,-256,0,0,30,0,768,432,192,256,0,112,-216,0,0,100,0,1008,1168,80,128,0,93,-169,0,0,100,0,1024,0,48,48,0,0,-256,0,1,60,0,768,944,192,216,0,0,-256,0,0,100,0,768,0,192,256,0,0,-256,0,1,90,0,576,1120,192,160,0,0,-256,0,0,90,0,576,968,192,152,0,0,-256,0,1,100,0,576,816,192,152,0,0,-256,0,1,90,0,576,672,192,144,0,0,-256,0,1,80,0,192,416,192,256,0,0,-256,0,0,100,0,0,416,192,256,0,0,-256,0,0,90,0,576,160,192,256,0,0,-256,0,1,30,0,768,688,192,256,0,0,-256,0,1,70,0,384,160,192,256,0,0,-256,0,0,90,0,192,160,192,256,0,48,-217,0,1,90,0,464,416,112,88,0,0,-256,0,0,90,0,0,160,192,256,0,71,-234,0,1,90,0,384,416,80,128,0,0,-256,0,1,90,0,576,0,192,160,0,0,-256,0,0,100,0,576,1280,192,256,0,0,-256,0,0,100,0,193,1536,192,256,0,
0,35,0,-256,0,0,100,0,0,1536,192,256,0,95,-148,0,1,100,0,1472,1072,48,64,0,121,-150,0,1,100,0,1568,1072,48,64,0,62,-198,0,0,100,0,1072,224,48,48,0,67,-121,0,0,100,0,1472,1216,64,64,0,111,-146,0,0,100,0,1472,1344,32,64,0,46,-162,0,0,100,0,1168,48,64,64,0,67,-167,0,0,100,0,1104,112,64,64,0,43,-175,0,0,100,0,1024,176,48,48,0,62,-178,0,0,100,0,1504,176,48,48,0,55,-147,0,0,100,0,1104,32,32,16,0,1,-141,0,0,100,0,1480,1280,64,31,0,79,-132,0,0,100,0,1088,1472,80,64,0,112,-216,0,0,90,0,768,1296,80,128,0,0,-256,0,0,30,0,768,432,192,256,0,112,-216,0,0,100,0,768,1168,80,128,0,93,-169,0,0,100,0,1024,0,48,48,0,0,-256,0,1,70,0,768,944,192,216,0,0,-256,0,0,100,0,768,0,192,256,0,0,-256,0,1,90,0,0,1120,192,160,0,0,-256,0,0,90,0,0,968,192,152,0,0,-256,0,1,100,0,0,816,192,152,0,0,-256,0,1,90,0,0,672,192,144,0,0,-256,0,1,90,0,192,416,192,256,0,0,-256,0,0,100,0,0,416,192,256,0,0,-256,0,0,90,0,576,160,192,256,0,0,-256,0,1,30,0,768,688,192,256,0,0,-256,0,1,90,0,384,160,192,256,0,0,-256,0,0,90,0,192,160,192,256,0,48,-217,0,1,90,0,464,416,112,88,0,0,-256,0,0,90,0,0,160,192,256,0,71,-234,0,1,90,0,384,416,80,128,0,0,-256,0,1,90,0,0,0,192,160,0,0,-256,0,0,100,0,0,1280,192,256,0,0,-256,0,0,100,0,193,1536,192,256,0,
0,35,0,-256,0,0,100,0,0,1536,192,256,0,95,-148,0,1,100,0,1520,1072,48,64,0,121,-150,0,1,100,0,1424,1072,48,64,0,74,-182,0,0,100,0,1072,224,48,48,0,67,-121,0,0,100,0,1472,1216,64,64,0,111,-146,0,0,100,0,1472,1344,32,64,0,50,-164,0,0,100,0,1168,48,64,64,0,67,-167,0,0,100,0,1168,112,64,64,0,43,-175,0,0,100,0,1024,176,48,48,0,62,-178,0,0,100,0,1504,176,48,48,0,55,-147,0,0,100,0,1104,32,32,16,0,1,-141,0,0,100,0,1480,1280,64,31,0,79,-132,0,0,100,0,1328,1472,80,64,0,112,-216,0,0,80,0,1008,1296,80,128,0,0,-256,0,0,30,0,768,432,192,256,0,112,-216,0,0,100,0,1008,1168,80,128,0,93,-169,0,0,100,0,1024,0,48,48,0,0,-256,0,1,60,0,768,944,192,216,0,0,-256,0,0,100,0,768,0,192,256,0,0,-256,0,1,90,0,576,1120,192,160,0,0,-256,0,0,90,0,576,968,192,152,0,0,-256,0,1,100,0,576,816,192,152,0,0,-256,0,1,90,0,576,672,192,144,0,0,-256,0,1,80,0,192,416,192,256,0,0,-256,0,0,100,0,0,416,192,256,0,0,-256,0,0,90,0,576,160,192,256,0,0,-256,0,1,30,0,768,688,192,256,0,0,-256,0,1,70,0,384,160,192,256,0,0,-256,0,0,90,0,192,160,192,256,0,48,-217,0,1,90,0,464,416,112,88,0,0,-256,0,0,90,0,0,160,192,256,0,71,-234,0,1,90,0,384,416,80,128,0,0,-256,0,1,90,0,576,0,192,160,0,0,-256,0,0,100,0,576,1280,192,256,0,0,-256,0,0,100,0,193,1536,192,256,0,
0,35,0,-256,0,0,100,0,0,1536,192,256,0,95,-148,0,1,100,0,1568,1072,48,64,0,121,-150,0,1,100,0,1472,1072,48,64,0,83,-159,0,0,100,0,1072,224,48,48,0,67,-121,0,0,100,0,1472,1216,64,64,0,111,-146,0,0,100,0,1472,1344,32,64,0,51,-165,0,0,100,0,1168,48,64,64,0,68,-168,0,0,100,0,1168,112,64,64,0,43,-175,0,0,100,0,1024,176,48,48,0,62,-178,0,0,100,0,1504,176,48,48,0,55,-147,0,0,100,0,1104,32,32,16,0,1,-141,0,0,100,0,1480,1280,64,31,0,79,-132,0,0,100,0,1248,1472,80,64,0,112,-216,0,0,70,0,928,1296,80,128,0,0,-256,0,0,30,0,768,432,192,256,0,112,-216,0,0,100,0,928,1168,80,128,0,93,-169,0,0,100,0,1024,0,48,48,0,0,-256,0,1,50,0,768,944,192,216,0,0,-256,0,0,100,0,768,0,192,256,0,0,-256,0,1,90,0,384,1120,192,160,0,0,-256,0,0,90,0,384,968,192,152,0,0,-256,0,1,100,0,384,816,192,152,0,0,-256,0,1,90,0,384,672,192,144,0,0,-256,0,1,70,0,192,416,192,256,0,0,-256,0,0,100,0,0,416,192,256,0,0,-256,0,0,90,0,576,160,192,256,0,0,-256,0,1,30,0,768,688,192,256,0,0,-256,0,1,50,0,384,160,192,256,0,0,-256,0,0,90,0,192,160,192,256,0,48,-217,0,1,90,0,464,416,112,88,0,0,-256,0,0,90,0,0,160,192,256,0,71,-234,0,1,90,0,384,416,80,128,0,0,-256,0,1,90,0,384,0,192,160,0,0,-256,0,0,100,0,384,1280,192,256,0,0,-256,0,0,100,0,193,1536,192,256,0,
0,35,0,-256,0,0,100,0,0,1536,192,256,0,95,-148,0,1,100,0,1424,1072,48,64,0,121,-150,0,1,100,0,1568,1072,48,64,0,88,-143,0,0,100,0,1072,224,48,48,0,67,-121,0,0,100,0,1472,1216,64,64,0,111,-146,0,0,100,0,1472,1344,32,64,0,31,-151,0,0,100,0,1232,48,64,64,0,67,-167,0,0,100,0,1232,112,64,64,0,43,-175,0,0,100,0,1024,176,48,48,0,62,-178,0,0,100,0,1504,176,48,48,0,55,-147,0,0,100,0,1104,32,32,16,0,1,-141,0,0,100,0,1480,1280,64,31,0,79,-132,0,0,100,0,1168,1472,80,64,0,112,-216,0,0,80,0,848,1296,80,128,0,0,-256,0,0,30,0,768,432,192,256,0,112,-216,0,0,100,0,848,1168,80,128,0,93,-169,0,0,100,0,1024,0,48,48,0,0,-256,0,1,60,0,768,944,192,216,0,0,-256,0,0,100,0,768,0,192,256,0,0,-256,0,1,90,0,192,1120,192,160,0,0,-256,0,0,90,0,192,968,192,152,0,0,-256,0,1,100,0,192,816,192,152,0,0,-256,0,1,90,0,192,672,192,144,0,0,-256,0,1,80,0,192,416,192,256,0,0,-256,0,0,100,0,0,416,192,256,0,0,-256,0,0,90,0,576,160,192,256,0,0,-256,0,1,30,0,768,688,192,256,0,0,-256,0,1,70,0,384,160,192,256,0,0,-256,0,0,90,0,192,160,192,256,0,48,-217,0,1,90,0,464,416,112,88,0,0,-256,0,0,90,0,0,160,192,256,0,71,-234,0,1,90,0,384,416,80,128,0,0,-256,0,1,90,0,192,0,192,160,0,0,-256,0,0,100,0,192,1280,192,256,0,0,-256,0,0,100,0,193,1536,192,256,0,
0,35,0,-256,0,0,100,0,0,1536,192,256,0,95,-148,0,1,100,0,1472,1072,48,64,0,121,-150,0,1,100,0,1424,1072,48,64,0,89,-136,0,0,100,0,1120,224,48,48,0,67,-121,0,0,100,0,1472,1216,64,64,0,111,-146,0,0,100,0,1472,1344,32,64,0,30,-150,0,0,100,0,1232,48,64,64,0,67,-167,0,0,100,0,1296,112,64,64,0,43,-175,0,0,100,0,1024,176,48,48,0,62,-178,0,0,100,0,1504,176,48,48,0,55,-147,0,0,100,0,1104,32,32,16,0,1,-141,0,0,100,0,1480,1280,64,31,0,79,-132,0,0,100,0,1088,1472,80,64,0,112,-216,0,0,90,0,768,1296,80,128,0,0,-256,0,0,30,0,768,432,192,256,0,112,-216,0,0,100,0,768,1168,80,128,0,93,-169,0,0,100,0,1024,0,48,48,0,0,-256,0,1,70,0,768,944,192,216,0,0,-256,0,0,100,0,768,0,192,256,0,0,-256,0,1,90,0,0,1120,192,160,0,0,-256,0,0,90,0,0,968,192,152,0,0,-256,0,1,100,0,0,816,192,152,0,0,-256,0,1,90,0,0,672,192,144,0,0,-256,0,1,90,0,192,416,192,256,0,0,-256,0,0,100,0,0,416,192,256,0,0,-256,0,0,90,0,576,160,192,256,0,0,-256,0,1,30,0,768,688,192,256,0,0,-256,0,1,90,0,384,160,192,256,0,0,-256,0,0,90,0,192,160,192,256,0,48,-217,0,1,90,0,464,416,112,88,0,0,-256,0,0,90,0,0,160,192,256,0,71,-234,0,1,90,0,384,416,80,128,0,0,-256,0,1,90,0,0,0,192,160,0,0,-256,0,0,100,0,0,1280,192,256,0,0,-256,0,0,100,0,193,1536,192,256,0,
0,36,0,-256,0,0,100,0,0,1536,192,256,0,95,-148,0,1,100,0,1520,1072,48,64,0,121,-150,0,1,100,0,1472,1072,48,64,0,67,-256,0,0,50,0,976,302,64,34,0,89,-136,0,0,100,0,1168,224,48,48,0,67,-121,0,0,100,0,1472,1216,64,64,0,111,-146,0,0,100,0,1472,1344,32,64,0,27,-150,0,0,100,0,1296,48,64,64,0,67,-167,0,0,100,0,1360,112,64,64,0,43,-175,0,0,100,0,1024,176,48,48,0,62,-178,0,0,100,0,1504,176,48,48,0,55,-147,0,0,100,0,1104,32,32,16,0,1,-141,0,0,100,0,1480,1280,64,31,0,79,-132,0,0,100,0,1328,1472,80,64,0,112,-216,0,0,80,0,1008,1296,80,128,0,0,-256,0,0,30,0,768,432,192,256,0,112,-216,0,0,100,0,1008,1168,80,128,0,93,-169,0,0,100,0,1024,0,48,48,0,0,-256,0,1,60,0,768,944,192,216,0,0,-256,0,0,100,0,768,0,192,256,0,0,-256,0,1,90,0,576,1120,192,160,0,0,-256,0,0,90,0,576,968,192,152,0,0,-256,0,1,100,0,576,816,192,152,0,0,-256,0,1,90,0,576,672,192,144,0,0,-256,0,1,80,0,192,416,192,256,0,0,-256,0,0,100,0,0,416,192,256,0,0,-256,0,0,90,0,576,160,192,256,0,0,-256,0,1,30,0,768,688,192,256,0,0,-256,0,1,70,0,384,160,192,256,0,0,-256,0,0,90,0,192,160,192,256,0,48,-217,0,1,90,0,464,416,112,88,0,0,-256,0,0,90,0,0,160,192,256,0,71,-234,0,1,90,0,384,416,80,128,0,0,-256,0,1,90,0,576,0,192,160,0,0,-256,0,0,100,0,576,1280,192,256,0,0,-256,0,0,100,0,193,1536,192,256,0,
0,36,0,-256,0,0,100,0,0,1536,192,256,0,95,-148,0,1,100,0,1568,1072,48,64,0,121,-150,0,1,100,0,1520,1072,48,64,0,67,-247,0,0,80,0,1040,272,64,64,0,89,-136,0,0,100,0,1168,224,48,48,0,67,-121,0,0,100,0,1472,1216,64,64,0,111,-146,0,0,100,0,1472,1344,32,64,0,27,-150,0,0,100,0,1296,48,64,64,0,67,-167,0,0,100,0,1360,112,64,64,0,43,-175,0,0,100,0,1024,176,48,48,0,62,-178,0,0,100,0,1504,176,48,48,0,55,-147,0,0,100,0,1104,32,32,16,0,1,-141,0,0,100,0,1480,1280,64,31,0,79,-132,0,0,100,0,1248,1472,80,64,0,112,-216,0,0,70,0,928,1296,80,128,0,0,-256,0,0,30,0,768,432,192,256,0,112,-216,0,0,100,0,928,1168,80,128,0,93,-169,0,0,100,0,1024,0,48,48,0,0,-256,0,1,50,0,768,944,192,216,0,0,-256,0,0,100,0,768,0,192,256,0,0,-256,0,1,90,0,384,1120,192,160,0,0,-256,0,0,90,0,384,968,192,152,0,0,-256,0,1,100,0,384,816,192,152,0,0,-256,0,1,90,0,384,672,192,144,0,0,-256,0,1,70,0,192,416,192,256,0,0,-256,0,0,100,0,0,416,192,256,0,0,-256,0,0,90,0,576,160,192,256,0,0,-256,0,1,30,0,768,688,192,256,0,0,-256,0,1,50,0,384,160,192,256,0,0,-256,0,0,90,0,192,160,192,256,0,48,-217,0,1,90,0,464,416,112,88,0,0,-256,0,0,90,0,0,160,192,256,0,71,-234,0,1,90,0,384,416,80,128,0,0,-256,0,1,90,0,384,0,192,160,0,0,-256,0,0,100,0,384,1280,192,256,0,0,-256,0,0,100,0,193,1536,192,256,0,
0,36,0,-256,0,0,100,0,0,1536,192,256,0,95,-148,0,1,100,0,1424,1072,48,64,0,121,-150,0,1,100,0,1568,1072,48,64,0,67,-225,0,0,100,0,1104,272,64,64,0,89,-136,0,0,100,0,1168,224,48,48,0,67,-121,0,0,100,0,1472,1216,64,64,0,111,-146,0,0,100,0,1472,1344,32,64,0,27,-150,0,0,100,0,1296,48,64,64,0,67,-167,0,0,100,0,1360,112,64,64,0,43,-175,0,0,100,0,1024,176,48,48,0,62,-178,0,0,100,0,1504,176,48,48,0,55,-147,0,0,100,0,1104,32,32,16,0,1,-141,0,0,100,0,1480,1280,64,31,0,79,-132,0,0,100,0,1168,1472,80,64,0,112,-216,0,0,80,0,848,1296,80,128,0,0,-256,0,0,30,0,768,432,192,256,0,112,-216,0,0,100,0,848,1168,80,128,0,93,-169,0,0,100,0,1024,0,48,48,0,0,-256,0,1,60,0,768,944,192,216,0,0,-256,0,0,100,0,768,0,192,256,0,0,-256,0,1,90,0,192,1120,192,160,0,0,-256,0,0,90,0,192,968,192,152,0,0,-256,0,1,100,0,192,816,192,152,0,0,-256,0,1,90,0,192,672,192,144,0,0,-256,0,1,80,0,192,416,192,256,0,0,-256,0,0,100,0,0,416,192,256,0,0,-256,0,0,90,0,576,160,192,256,0,0,-256,0,1,30,0,768,688,192,256,0,0,-256,0,1,70,0,384,160,192,256,0,0,-256,0,0,90,0,192,160,192,256,0,48,-217,0,1,90,0,464,416,112,88,0,0,-256,0,0,90,0,0,160,192,256,0,71,-234,0,1,90,0,384,416,80,128,0,0,-256,0,1,90,0,192,0,192,160,0,0,-256,0,0,100,0,192,1280,192,256,0,0,-256,0,0,100,0,193,1536,192,256,0,
0,36,0,-256,0,0,100,0,0,1536,192,256,0,95,-148,0,1,100,0,1472,1072,48,64,0,121,-150,0,1,100,0,1424,1072,48,64,0,67,-219,0,0,100,0,1168,272,64,64,0,89,-136,0,0,100,0,1168,224,48,48,0,67,-121,0,0,100,0,1472,1216,64,64,0,111,-146,0,0,100,0,1472,1344,32,64,0,27,-150,0,0,100,0,1168,48,64,64,0,67,-167,0,0,100,0,1360,112,64,64,0,43,-175,0,0,100,0,1024,176,48,48,0,62,-178,0,0,100,0,1504,176,48,48,0,55,-147,0,0,100,0,1104,32,32,16,0,1,-141,0,0,100,0,1480,1280,64,31,0,79,-132,0,0,100,0,1088,1472,80,64,0,112,-216,0,0,90,0,768,1296,80,128,0,0,-256,0,0,30,0,768,432,192,256,0,112,-216,0,0,100,0,768,1168,80,128,0,93,-169,0,0,100,0,1024,0,48,48,0,0,-256,0,1,70,0,768,944,192,216,0,0,-256,0,0,100,0,768,0,192,256,0,0,-256,0,1,90,0,0,1120,192,160,0,0,-256,0,0,90,0,0,968,192,152,0,0,-256,0,1,100,0,0,816,192,152,0,0,-256,0,1,90,0,0,672,192,144,0,0,-256,0,1,90,0,192,416,192,256,0,0,-256,0,0,100,0,0,416,192,256,0,0,-256,0,0,90,0,576,160,192,256,0,0,-256,0,1,30,0,768,688,192,256,0,0,-256,0,1,90,0,384,160,192,256,0,0,-256,0,0,90,0,192,160,192,256,0,48,-217,0,1,90,0,464,416,112,88,0,0,-256,0,0,90,0,0,160,192,256,0,71,-234,0,1,90,0,384,416,80,128,0,0,-256,0,1,90,0,0,0,192,160,0,0,-256,0,0,100,0,0,1280,192,256,0,0,-256,0,0,100,0,193,1536,192,256,0,
0,36,0,-256,0,0,100,0,0,1536,192,256,0,95,-148,0,1,100,0,1520,1072,48,64,0,121,-150,0,1,100,0,1472,1072,48,64,0,67,-217,0,0,100,0,976,272,64,64,0,89,-136,0,0,100,0,1168,224,48,48,0,67,-121,0,0,100,0,1472,1216,64,64,0,111,-146,0,0,100,0,1472,1344,32,64,0,27,-150,0,0,100,0,1168,48,64,64,0,67,-167,0,0,100,0,1360,112,64,64,0,43,-175,0,0,100,0,1024,176,48,48,0,62,-178,0,0,100,0,1504,176,48,48,0,55,-147,0,0,100,0,1104,32,32,16,0,1,-141,0,0,100,0,1480,1280,64,31,0,79,-132,0,0,100,0,1328,1472,80,64,0,112,-216,0,0,80,0,1008,1296,80,128,0,0,-256,0,0,30,0,768,432,192,256,0,112,-216,0,0,100,0,1008,1168,80,128,0,93,-169,0,0,100,0,1024,0,48,48,0,0,-256,0,1,60,0,768,944,192,216,0,0,-256,0,0,100,0,768,0,192,256,0,0,-256,0,1,90,0,576,1120,192,160,0,0,-256,0,0,90,0,576,968,192,152,0,0,-256,0,1,100,0,576,816,192,152,0,0,-256,0,1,90,0,576,672,192,144,0,0,-256,0,1,80,0,192,416,192,256,0,0,-256,0,0,100,0,0,416,192,256,0,0,-256,0,0,90,0,576,160,192,256,0,0,-256,0,1,30,0,768,688,192,256,0,0,-256,0,1,70,0,384,160,192,256,0,0,-256,0,0,90,0,192,160,192,256,0,48,-217,0,1,90,0,464,416,112,88,0,0,-256,0,0,90,0,0,160,192,256,0,71,-234,0,1,90,0,384,416,80,128,0,0,-256,0,1,90,0,576,0,192,160,0,0,-256,0,0,100,0,576,1280,192,256,0,0,-256,0,0,100,0,193,1536,192,256,0,
0,36,0,-256,0,0,100,0,0,1536,192,256,0,95,-148,0,1,100,0,1568,1072,48,64,0,121,-150,0,1,100,0,1520,1072,48,64,0,67,-215,0,0,100,0,1040,272,64,64,0,89,-136,0,0,100,0,1168,224,48,48,0,67,-121,0,0,100,0,1472,1216,64,64,0,111,-146,0,0,100,0,1472,1344,32,64,0,27,-150,0,0,100,0,1168,48,64,64,0,67,-167,0,0,100,0,1360,112,64,64,0,43,-175,0,0,100,0,1024,176,48,48,0,62,-178,0,0,100,0,1504,176,48,48,0,55,-147,0,0,100,0,1104,32,32,16,0,1,-141,0,0,100,0,1480,1280,64,31,0,79,-132,0,0,100,0,1248,1472,80,64,0,112,-216,0,0,70,0,928,1296,80,128,0,0,-256,0,0,30,0,768,432,192,256,0,112,-216,0,0,100,0,928,1168,80,128,0,93,-169,0,0,100,0,1024,0,48,48,0,0,-256,0,1,50,0,768,944,192,216,0,0,-256,0,0,100,0,768,0,192,256,0,0,-256,0,1,90,0,384,1120,192,160,0,0,-256,0,0,90,0,384,968,192,152,0,0,-256,0,1,100,0,384,816,192,152,0,0,-256,0,1,90,0,384,672,192,144,0,0,-256,0,1,70,0,192,416,192,256,0,0,-256,0,0,100,0,0,416,192,256,0,0,-256,0,0,90,0,576,160,192,256,0,0,-256,0,1,30,0,768,688,192,256,0,0,-256,0,1,50,0,384,160,192,256,0,0,-256,0,0,90,0,192,160,192,256,0,48,-217,0,1,90,0,464,416,112,88,0,0,-256,0,0,90,0,0,160,192,256,0,71,-234,0,1,90,0,384,416,80,128,0,0,-256,0,1,90,0,384,0,192,160,0,0,-256,0,0,100,0,384,1280,192,256,0,0,-256,0,0,100,0,193,1536,192,256,0,
0,36,0,-256,0,0,100,0,0,1536,192,256,0,95,-148,0,1,100,0,1424,1072,48,64,0,121,-150,0,1,100,0,1568,1072,48,64,0,67,-213,0,0,100,0,1104,272,64,64,0,89,-136,0,0,100,0,1168,224,48,48,0,67,-121,0,0,100,0,1472,1216,64,64,0,111,-146,0,0,100,0,1472,1344,32,64,0,27,-150,0,0,100,0,1168,48,64,64,0,67,-167,0,0,100,0,1360,112,64,64,0,43,-175,0,0,100,0,1024,176,48,48,0,62,-178,0,0,100,0,1504,176,48,48,0,55,-147,0,0,100,0,1104,32,32,16,0,1,-141,0,0,100,0,1480,1280,64,31,0,79,-132,0,0,100,0,1168,1472,80,64,0,112,-216,0,0,80,0,848,1296,80,128,0,0,-256,0,0,30,0,768,432,192,256,0,112,-216,0,0,100,0,848,1168,80,128,0,93,-169,0,0,100,0,1024,0,48,48,0,0,-256,0,1,60,0,768,944,192,216,0,0,-256,0,0,100,0,768,0,192,256,0,0,-256,0,1,90,0,192,1120,192,160,0,0,-256,0,0,90,0,192,968,192,152,0,0,-256,0,1,100,0,192,816,192,152,0,0,-256,0,1,90,0,192,672,192,144,0,0,-256,0,1,80,0,192,416,192,256,0,0,-256,0,0,100,0,0,416,192,256,0,0,-256,0,0,90,0,576,160,192,256,0,0,-256,0,1,30,0,768,688,192,256,0,0,-256,0,1,70,0,384,160,192,256,0,0,-256,0,0,90,0,192,160,192,256,0,48,-217,0,1,90,0,464,416,112,88,0,0,-256,0,0,90,0,0,160,192,256,0,71,-234,0,1,90,0,384,416,80,128,0,0,-256,0,1,90,0,192,0,192,160,0,0,-256,0,0,100,0,192,1280,192,256,0,0,-256,0,0,100,0,193,1536,192,256,0,
0,36,0,-256,0,0,100,0,0,1536,192,256,0,95,-148,0,1,100,0,1472,1072,48,64,0,121,-150,0,1,100,0,1424,1072,48,64,0,67,-212,0,0,100,0,1232,336,64,64,0,89,-136,0,0,100,0,1168,224,48,48,0,67,-121,0,0,100,0,1472,1216,64,64,0,111,-146,0,0,100,0,1472,1344,32,64,0,27,-150,0,0,100,0,1168,48,64,64,0,67,-167,0,0,100,0,1360,112,64,64,0,43,-175,0,0,100,0,1024,176,48,48,0,62,-178,0,0,100,0,1504,176,48,48,0,55,-147,0,0,100,0,1104,32,32,16,0,1,-141,0,0,100,0,1480,1280,64,31,0,79,-132,0,0,100,0,1328,1472,80,64,0,112,-216,0,0,80,0,1008,1296,80,128,0,0,-256,0,0,30,0,768,432,192,256,0,112,-216,0,0,100,0,1008,1168,80,128,0,93,-169,0,0,100,0,1024,0,48,48,0,0,-256,0,1,60,0,768,944,192,216,0,0,-256,0,0,100,0,768,0,192,256,0,0,-256,0,1,90,0,576,1120,192,160,0,0,-256,0,0,90,0,576,968,192,152,0,0,-256,0,1,100,0,576,816,192,152,0,0,-256,0,1,90,0,576,672,192,144,0,0,-256,0,1,80,0,192,416,192,256,0,0,-256,0,0,100,0,0,416,192,256,0,0,-256,0,0,90,0,576,160,192,256,0,0,-256,0,1,30,0,768,688,192,256,0,0,-256,0,1,70,0,384,160,192,256,0,0,-256,0,0,90,0,192,160,192,256,0,48,-217,0,1,90,0,464,416,112,88,0,0,-256,0,0,90,0,0,160,192,256,0,71,-234,0,1,90,0,384,416,80,128,0,0,-256,0,1,90,0,576,0,192,160,0,0,-256,0,0,100,0,576,1280,192,256,0,0,-256,0,0,100,0,193,1536,192,256,0,
0,36,0,-256,0,0,100,0,0,1536,192,256,0,95,-148,0,1,100,0,1520,1072,48,64,0,121,-150,0,1,100,0,1472,1072,48,64,0,67,-212,0,0,100,0,1232,272,64,64,0,89,-136,0,0,100,0,1168,224,48,48,0,67,-121,0,0,100,0,1472,1216,64,64,0,111,-146,0,0,100,0,1472,1344,32,64,0,29,-151,0,0,100,0,1104,48,64,64,0,67,-167,0,0,100,0,1360,112,64,64,0,43,-175,0,0,100,0,1024,176,48,48,0,62,-178,0,0,100,0,1504,176,48,48,0,55,-147,0,0,100,0,1104,32,32,16,0,1,-141,0,0,100,0,1480,1280,64,31,0,79,-132,0,0,100,0,1248,1472,80,64,0,112,-216,0,0,70,0,928,1296,80,128,0,0,-256,0,0,30,0,768,432,192,256,0,112,-216,0,0,100,0,928,1168,80,128,0,93,-169,0,0,100,0,1024,0,48,48,0,0,-256,0,1,50,0,768,944,192,216,0,0,-256,0,0,100,0,768,0,192,256,0,0,-256,0,1,90,0,384,1120,192,160,0,0,-256,0,0,90,0,384,968,192,152,0,0,-256,0,1,100,0,384,816,192,152,0,0,-256,0,1,90,0,384,672,192,144,0,0,-256,0,1,70,0,192,416,192,256,0,0,-256,0,0,100,0,0,416,192,256,0,0,-256,0,0,90,0,576,160,192,256,0,0,-256,0,1,30,0,768,688,192,256,0,0,-256,0,1,50,0,384,160,192,256,0,0,-256,0,0,90,0,192,160,192,256,0,48,-217,0,1,90,0,464,416,112,88,0,0,-256,0,0,90,0,0,160,192,256,0,71,-234,0,1,90,0,384,416,80,128,0,0,-256,0,1,90,0,384,0,192,160,0,0,-256,0,0,100,0,384,1280,192,256,0,0,-256,0,0,100,0,193,1536,192,256,0,
0,36,0,-256,0,0,100,0,0,1536,192,256,0,95,-148,0,1,100,0,1568,1072,48,64,0,121,-150,0,1,100,0,1520,1072,48,64,0,68,-212,0,0,100,0,1296,272,64,64,0,89,-136,0,0,100,0,1168,224,48,48,0,67,-121,0,0,100,0,1472,1216,64,64,0,111,-146,0,0,100,0,1472,1344,32,64,0,33,-154,0,0,100,0,1040,48,64,64,0,67,-167,0,0,100,0,1360,112,64,64,0,43,-175,0,0,100,0,1024,176,48,48,0,62,-178,0,0,100,0,1504,176,48,48,0,55,-147,0,0,100,0,1104,32,32,16,0,1,-141,0,0,100,0,1480,1280,64,31,0,79,-132,0,0,100,0,1168,1472,80,64,0,112,-216,0,0,80,0,848,1296,80,128,0,0,-256,0,0,30,0,768,432,192,256,0,112,-216,0,0,100,0,848,1168,80,128,0,93,-169,0,0,100,0,1024,0,48,48,0,0,-256,0,1,60,0,768,944,192,216,0,0,-256,0,0,100,0,768,0,192,256,0,0,-256,0,1,90,0,192,1120,192,160,0,0,-256,0,0,90,0,192,968,192,152,0,0,-256,0,1,100,0,192,816,192,152,0,0,-256,0,1,90,0,192,672,192,144,0,0,-256,0,1,80,0,192,416,192,256,0,0,-256,0,0,100,0,0,416,192,256,0,0,-256,0,0,90,0,576,160,192,256,0,0,-256,0,1,30,0,768,688,192,256,0,0,-256,0,1,70,0,384,160,192,256,0,0,-256,0,0,90,0,192,160,192,256,0,48,-217,0,1,90,0,464,416,112,88,0,0,-256,0,0,90,0,0,160,192,256,0,71,-234,0,1,90,0,384,416,80,128,0,0,-256,0,1,90,0,192,0,192,160,0,0,-256,0,0,100,0,192,1280,192,256,0,0,-256,0,0,100,0,193,1536,192,256,0,
0,41,0,-256,0,0,100,0,0,1536,192,256,0,95,-148,0,1,100,0,1424,1072,48,64,0,121,-150,0,1,100,0,1568,1072,48,64,0,91,-191,0,0,70,0,1424,400,16,32,0,66,-214,0,0,100,0,1360,272,64,64,0,37,-204,0,1,100,0,1168,848,112,96,0,33,-154,0,1,100,0,1552,48,64,64,0,22,-157,0,0,100,0,1280,816,32,32,0,77,-131,0,0,100,0,1184,816,32,32,0,25,-144,0,0,100,0,976,656,80,64,0,89,-136,0,0,100,0,1168,224,48,48,0,67,-121,0,0,100,0,1472,1216,64,64,0,111,-146,0,0,100,0,1472,1344,32,64,0,67,-167,0,0,100,0,1360,112,64,64,0,43,-175,0,0,100,0,1024,176,48,48,0,62,-178,0,0,100,0,1504,176,48,48,0,55,-147,0,0,100,0,1104,32,32,16,0,1,-141,0,0,100,0,1480,1280,64,31,0,79,-132,0,0,100,0,1088,1472,80,64,0,112,-216,0,0,90,0,768,1296,80,128,0,0,-256,0,0,30,0,768,432,192,256,0,112,-216,0,0,100,0,768,1168,80,128,0,93,-169,0,0,100,0,1024,0,48,48,0,0,-256,0,1,70,0,768,944,192,216,0,0,-256,0,0,100,0,768,0,192,256,0,0,-256,0,1,90,0,0,1120,192,160,0,0,-256,0,0,90,0,0,968,192,152,0,0,-256,0,1,100,0,0,816,192,152,0,0,-256,0,1,90,0,0,672,192,144,0,0,-256,0,1,90,0,192,416,192,256,0,0,-256,0,0,100,0,0,416,192,256,0,0,-256,0,0,90,0,576,160,192,256,0,0,-256,0,1,30,0,768,688,192,256,0,0,-256,0,1,90,0,384,160,192,256,0,0,-256,0,0,90,0,192,160,192,256,0,48,-217,0,1,90,0,464,416,112,88,0,0,-256,0,0,90,0,0,160,192,256,0,71,-234,0,1,90,0,384,416,80,128,0,0,-256,0,1,90,0,0,0,192,160,0,0,-256,0,0,100,0,0,1280,192,256,0,0,-256,0,0,100,0,193,1536,192,256,0,
0,43,0,-256,0,0,100,0,0,1536,192,256,0,95,-148,0,1,100,0,1472,1072,48,64,0,121,-150,0,1,100,0,1424,1072,48,64,0,90,-191,0,0,50,0,1424,400,16,32,0,65,-216,0,0,100,0,1360,336,64,64,0,37,-204,0,1,50,0,1168,848,112,96,0,33,-154,0,1,50,0,1552,48,64,64,0,33,-154,0,1,30,0,1552,48,64,64,0,33,-154,0,0,100,0,1552,48,64,64,0,20,-163,0,0,60,0,1280,816,32,32,0,84,-133,0,0,60,0,1184,816,32,32,0,25,-144,0,0,100,0,976,656,80,64,0,89,-136,0,0,100,0,1168,224,48,48,0,67,-121,0,0,100,0,1472,1216,64,64,0,111,-146,0,0,100,0,1472,1344,32,64,0,67,-167,0,0,100,0,1360,112,64,64,0,43,-175,0,0,100,0,1024,176,48,48,0,62,-178,0,0,100,0,1504,176,48,48,0,55,-147,0,0,100,0,1104,32,32,16,0,1,-141,0,0,100,0,1480,1280,64,31,0,79,-132,0,0,100,0,1328,1472,80,64,0,112,-216,0,0,80,0,1008,1296,80,128,0,0,-256,0,0,30,0,768,432,192,256,0,112,-216,0,0,100,0,1008,1168,80,128,0,93,-169,0,0,100,0,1024,0,48,48,0,0,-256,0,1,60,0,768,944,192,216,0,0,-256,0,0,100,0,768,0,192,256,0,0,-256,0,1,90,0,576,1120,192,160,0,0,-256,0,0,90,0,576,968,192,152,0,0,-256,0,1,100,0,576,816,192,152,0,0,-256,0,1,90,0,576,672,192,144,0,0,-256,0,1,80,0,192,416,192,256,0,0,-256,0,0,100,0,0,416,192,256,0,0,-256,0,0,90,0,576,160,192,256,0,0,-256,0,1,30,0,768,688,192,256,0,0,-256,0,1,70,0,384,160,192,256,0,0,-256,0,0,90,0,192,160,192,256,0,48,-217,0,1,90,0,464,416,112,88,0,0,-256,0,0,90,0,0,160,192,256,0,71,-234,0,1,90,0,384,416,80,128,0,0,-256,0,1,90,0,576,0,192,160,0,0,-256,0,0,100,0,576,1280,192,256,0,0,-256,0,0,100,0,193,1536,192,256,0,
0,40,0,-256,0,0,100,0,0,1536,192,256,0,95,-148,0,1,100,0,1520,1072,48,64,0,121,-150,0,1,100,0,1472,1072,48,64,0,63,-217,0,0,100,0,1424,272,64,64,0,33,-154,0,1,50,0,1552,48,64,64,0,33,-154,0,0,100,0,1552,48,64,64,0,18,-166,0,0,30,0,1280,816,32,32,0,86,-135,0,0,30,0,1184,816,32,32,0,25,-144,0,0,100,0,976,656,80,64,0,89,-136,0,0,100,0,1168,224,48,48,0,67,-121,0,0,100,0,1472,1216,64,64,0,111,-146,0,0,100,0,1472,1344,32,64,0,67,-167,0,0,100,0,1360,112,64,64,0,43,-175,0,0,100,0,1024,176,48,48,0,62,-178,0,0,100,0,1504,176,48,48,0,1,-141,0,0,100,0,1480,1280,64,31,0,55,-147,0,0,100,0,1104,32,32,16,0,79,-132,0,0,100,0,1248,1472,80,64,0,112,-216,0,0,70,0,928,1296,80,128,0,0,-256,0,0,30,0,768,432,192,256,0,112,-216,0,0,100,0,928,1168,80,128,0,93,-169,0,0,100,0,1024,0,48,48,0,0,-256,0,1,50,0,768,944,192,216,0,0,-256,0,0,100,0,768,0,192,256,0,0,-256,0,1,90,0,384,1120,192,160,0,0,-256,0,0,90,0,384,968,192,152,0,0,-256,0,1,100,0,384,816,192,152,0,0,-256,0,1,90,0,384,672,192,144,0,0,-256,0,1,70,0,192,416,192,256,0,0,-256,0,0,100,0,0,416,192,256,0,0,-256,0,0,90,0,576,160,192,256,0,0,-256,0,1,30,0,768,688,192,256,0,0,-256,0,1,50,0,384,160,192,256,0,0,-256,0,0,90,0,192,160,192,256,0,48,-217,0,1,90,0,464,416,112,88,0,0,-256,0,0,90,0,0,160,192,256,0,71,-234,0,1,90,0,384,416,80,128,0,0,-256,0,1,90,0,384,0,192,160,0,0,-256,0,0,100,0,384,1280,192,256,0,0,-256,0,0,100,0,193,1536,192,256,0,
0,41,0,-256,0,0,100,0,0,1536,192,256,0,95,-148,0,1,100,0,1568,1072,48,64,0,121,-150,0,1,100,0,1520,1072,48,64,0,68,-210,0,0,100,0,1488,272,64,64,0,39,-206,0,1,100,0,1168,944,64,96,0,33,-154,0,1,100,0,1552,48,64,64,0,33,-154,0,0,100,0,1552,48,64,64,0,27,-168,0,0,100,0,1280,816,32,32,0,77,-161,0,0,100,0,1216,816,32,32,0,16,-157,0,0,100,0,1056,656,96,80,0,89,-136,0,0,100,0,1168,224,48,48,0,67,-121,0,0,100,0,1472,1216,64,64,0,111,-146,0,0,100,0,1472,1344,32,64,0,67,-167,0,0,100,0,1360,112,64,64,0,43,-175,0,0,100,0,1024,176,48,48,0,62,-178,0,0,100,0,1504,176,48,48,0,1,-141,0,0,100,0,1480,1280,64,31,0,55,-147,0,0,100,0,1104,32,32,16,0,79,-132,0,0,100,0,1168,1472,80,64,0,112,-216,0,0,80,0,848,1296,80,128,0,0,-256,0,0,30,0,768,432,192,256,0,112,-216,0,0,100,0,848,1168,80,128,0,93,-169,0,0,100,0,1024,0,48,48,0,0,-256,0,1,60,0,768,944,192,216,0,0,-256,0,0,100,0,768,0,192,256,0,0,-256,0,1,90,0,192,1120,192,160,0,0,-256,0,0,90,0,192,968,192,152,0,0,-256,0,1,100,0,192,816,192,152,0,0,-256,0,1,90,0,192,672,192,144,0,0,-256,0,1,80,0,192,416,192,256,0,0,-256,0,0,100,0,0,416,192,256,0,0,-256,0,0,90,0,576,160,192,256,0,0,-256,0,1,30,0,768,688,192,256,0,0,-256,0,1,70,0,384,160,192,256,0,0,-256,0,0,90,0,192,160,192,256,0,48,-217,0,1,90,0,464,416,112,88,0,0,-256,0,0,90,0,0,160,192,256,0,71,-234,0,1,90,0,384,416,80,128,0,0,-256,0,1,90,0,192,0,192,160,0,0,-256,0,0,100,0,192,1280,192,256,0,0,-256,0,0,100,0,193,1536,192,256,0,
0,41,0,-256,0,0,100,0,0,1536,192,256,0,95,-148,0,1,100,0,1424,1072,48,64,0,121,-150,0,1,100,0,1568,1072,48,64,0,67,-212,0,0,100,0,1552,272,64,64,0,39,-206,0,1,50,0,1168,944,64,96,0,33,-154,0,1,50,0,1040,48,64,64,0,33,-154,0,0,40,0,1552,48,64,64,0,23,-176,0,0,60,0,1280,816,32,32,0,83,-166,0,0,60,0,1216,816,32,32,0,16,-157,0,0,100,0,1056,656,96,80,0,89,-136,0,0,100,0,1168,224,48,48,0,67,-121,0,0,100,0,1472,1216,64,64,0,111,-146,0,0,100,0,1472,1344,32,64,0,67,-167,0,0,100,0,1360,112,64,64,0,43,-175,0,0,100,0,1024,176,48,48,0,62,-178,0,0,100,0,1504,176,48,48,0,55,-147,0,0,100,0,1104,32,32,16,0,1,-141,0,0,100,0,1480,1280,64,31,0,79,-132,0,0,100,0,1088,1472,80,64,0,112,-216,0,0,90,0,768,1296,80,128,0,0,-256,0,0,30,0,768,432,192,256,0,112,-216,0,0,100,0,768,1168,80,128,0,93,-169,0,0,100,0,1024,0,48,48,0,0,-256,0,1,70,0,768,944,192,216,0,0,-256,0,0,100,0,768,0,192,256,0,0,-256,0,1,90,0,0,1120,192,160,0,0,-256,0,0,90,0,0,968,192,152,0,0,-256,0,1,100,0,0,816,192,152,0,0,-256,0,1,90,0,0,672,192,144,0,0,-256,0,1,90,0,192,416,192,256,0,0,-256,0,0,100,0,0,416,192,256,0,0,-256,0,0,90,0,576,160,192,256,0,0,-256,0,1,30,0,768,688,192,256,0,0,-256,0,1,90,0,384,160,192,256,0,0,-256,0,0,90,0,192,160,192,256,0,48,-217,0,1,90,0,464,416,112,88,0,0,-256,0,0,90,0,0,160,192,256,0,71,-234,0,1,90,0,384,416,80,128,0,0,-256,0,1,90,0,0,0,192,160,0,0,-256,0,0,100,0,0,1280,192,256,0,0,-256,0,0,100,0,193,1536,192,256,0,
0,44,0,-256,0,0,100,0,0,1536,192,256,0,95,-148,0,1,100,0,1472,1072,48,64,0,121,-150,0,1,100,0,1424,1072,48,64,0,66,-214,0,0,100,0,1360,272,64,64,0,37,-204,0,1,100,0,1168,848,112,96,0,33,-154,0,1,100,0,1552,48,64,64,0,33,-154,0,0,100,0,1552,48,64,64,0,5,-157,0,0,100,0,1224,816,24,32,0,30,-176,0,0,100,0,1184,816,32,32,0,106,-131,0,0,100,0,1216,816,32,32,0,21,-178,0,0,30,0,1280,816,32,32,0,85,-168,0,0,30,0,1216,816,32,32,0,10,-170,0,0,100,0,992,736,128,96,0,89,-136,0,0,100,0,1168,224,48,48,0,67,-121,0,0,100,0,1472,1216,64,64,0,111,-146,0,0,100,0,1472,1344,32,64,0,67,-167,0,0,100,0,1360,112,64,64,0,43,-175,0,0,100,0,1024,176,48,48,0,62,-178,0,0,100,0,1504,176,48,48,0,55,-147,0,0,100,0,1104,32,32,16,0,1,-141,0,0,100,0,1480,1280,64,31,0,79,-132,0,0,100,0,1328,1472,80,64,0,112,-216,0,0,80,0,1008,1296,80,128,0,0,-256,0,0,30,0,768,432,192,256,0,112,-216,0,0,100,0,1008,1168,80,128,0,93,-169,0,0,100,0,1024,0,48,48,0,0,-256,0,1,60,0,768,944,192,216,0,0,-256,0,0,100,0,768,0,192,256,0,0,-256,0,1,90,0,576,1120,192,160,0,0,-256,0,0,90,0,576,968,192,152,0,0,-256,0,1,100,0,576,816,192,152,0,0,-256,0,1,90,0,576,672,192,144,0,0,-256,0,1,80,0,192,416,192,256,0,0,-256,0,0,100,0,0,416,192,256,0,0,-256,0,0,90,0,576,160,192,256,0,0,-256,0,1,30,0,768,688,192,256,0,0,-256,0,1,70,0,384,160,192,256,0,0,-256,0,0,90,0,192,160,192,256,0,48,-217,0,1,90,0,464,416,112,88,0,0,-256,0,0,90,0,0,160,192,256,0,71,-234,0,1,90,0,384,416,80,128,0,0,-256,0,1,90,0,576,0,192,160,0,0,-256,0,0,100,0,576,1280,192,256,0,0,-256,0,0,100,0,193,1536,192,256,0,
0,42,0,-256,0,0,100,0,0,1536,192,256,0,95,-148,0,1,100,0,1520,1072,48,64,0,121,-150,0,1,100,0,1472,1072,48,64,0,65,-216,0,0,100,0,1360,336,64,64,0,37,-204,0,1,50,0,1168,848,112,96,0,33,-154,0,1,50,0,1552,48,64,64,0,33,-154,0,0,100,0,1552,48,64,64,0,1,-166,0,0,60,0,1227,816,21,32,0,29,-188,0,0,60,0,1184,816,32,32,0,119,-136,0,0,60,0,1216,816,32,32,0,10,-170,0,0,100,0,992,736,128,96,0,89,-136,0,0,100,0,1168,224,48,48,0,67,-121,0,0,100,0,1472,1216,64,64,0,111,-146,0,0,100,0,1472,1344,32,64,0,67,-167,0,0,100,0,1360,112,64,64,0,43,-175,0,0,100,0,1024,176,48,48,0,62,-178,0,0,100,0,1504,176,48,48,0,55,-147,0,0,100,0,1104,32,32,16,0,1,-141,0,0,100,0,1480,1280,64,31,0,79,-132,0,0,100,0,1248,1472,80,64,0,112,-216,0,0,70,0,928,1296,80,128,0,0,-256,0,0,30,0,768,432,192,256,0,112,-216,0,0,100,0,928,1168,80,128,0,93,-169,0,0,100,0,1024,0,48,48,0,0,-256,0,1,50,0,768,944,192,216,0,0,-256,0,0,100,0,768,0,192,256,0,0,-256,0,1,90,0,384,1120,192,160,0,0,-256,0,0,90,0,384,968,192,152,0,0,-256,0,1,100,0,384,816,192,152,0,0,-256,0,1,90,0,384,672,192,144,0,0,-256,0,1,70,0,192,416,192,256,0,0,-256,0,0,100,0,0,416,192,256,0,0,-256,0,0,90,0,576,160,192,256,0,0,-256,0,1,30,0,768,688,192,256,0,0,-256,0,1,50,0,384,160,192,256,0,0,-256,0,0,90,0,192,160,192,256,0,48,-217,0,1,90,0,464,416,112,88,0,0,-256,0,0,90,0,0,160,192,256,0,71,-234,0,1,90,0,384,416,80,128,0,0,-256,0,1,90,0,384,0,192,160,0,0,-256,0,0,100,0,384,1280,192,256,0,0,-256,0,0,100,0,193,1536,192,256,0,
0,41,0,-256,0,0,100,0,0,1536,192,256,0,95,-148,0,1,100,0,1568,1072,48,64,0,121,-150,0,1,100,0,1520,1072,48,64,0,63,-217,0,0,100,0,1424,272,64,64,0,33,-154,0,1,50,0,1552,48,64,64,0,33,-154,0,0,100,0,1552,48,64,64,0,3,-169,0,0,30,0,1230,816,18,32,0,28,-192,0,0,30,0,1184,816,32,32,0,122,-137,0,0,30,0,1216,816,32,32,0,10,-170,0,0,100,0,992,736,128,96,0,89,-136,0,0,100,0,1168,224,48,48,0,67,-121,0,0,100,0,1472,1216,64,64,0,111,-146,0,0,100,0,1472,1344,32,64,0,67,-167,0,0,100,0,1360,112,64,64,0,43,-175,0,0,100,0,1024,176,48,48,0,62,-178,0,0,100,0,1504,176,48,48,0,55,-147,0,0,100,0,1104,32,32,16,0,1,-141,0,0,100,0,1480,1280,64,31,0,79,-132,0,0,100,0,1168,1472,80,64,0,112,-216,0,0,80,0,848,1296,80,128,0,0,-256,0,0,30,0,768,432,192,256,0,112,-216,0,0,100,0,848,1168,80,128,0,93,-169,0,0,100,0,1024,0,48,48,0,0,-256,0,1,60,0,768,944,192,216,0,0,-256,0,0,100,0,768,0,192,256,0,0,-256,0,1,90,0,192,1120,192,160,0,0,-256,0,0,90,0,192,968,192,152,0,0,-256,0,1,100,0,192,816,192,152,0,0,-256,0,1,90,0,192,672,192,144,0,0,-256,0,1,80,0,192,416,192,256,0,0,-256,0,0,100,0,0,416,192,256,0,0,-256,0,0,90,0,576,160,192,256,0,0,-256,0,1,30,0,768,688,192,256,0,0,-256,0,1,70,0,384,160,192,256,0,0,-256,0,0,90,0,192,160,192,256,0,48,-217,0,1,90,0,464,416,112,88,0,0,-256,0,0,90,0,0,160,192,256,0,71,-234,0,1,90,0,384,416,80,128,0,0,-256,0,1,90,0,192,0,192,160,0,0,-256,0,0,100,0,192,1280,192,256,0,0,-256,0,0,100,0,193,1536,192,256,0,
0,41,0,-256,0,0,100,0,0,1536,192,256,0,95,-148,0,1,100,0,1424,1072,48,64,0,121,-150,0,1,100,0,1568,1072,48,64,0,68,-210,0,0,100,0,1488,272,64,64,0,39,-206,0,1,100,0,1168,944,64,96,0,32,-153,0,1,100,0,1552,48,64,64,0,32,-153,0,0,100,0,1552,48,64,64,0,27,-168,0,0,100,0,1280,816,32,32,0,77,-161,0,0,100,0,1216,816,32,32,0,9,-169,0,0,100,0,992,736,128,96,0,89,-136,0,0,100,0,1168,224,48,48,0,67,-121,0,0,100,0,1472,1216,64,64,0,111,-146,0,0,100,0,1472,1344,32,64,0,67,-167,0,0,100,0,1360,112,64,64,0,43,-175,0,0,100,0,1024,176,48,48,0,62,-178,0,0,100,0,1504,176,48,48,0,55,-147,0,0,100,0,1104,32,32,16,0,1,-141,0,0,100,0,1480,1280,64,31,0,79,-132,0,0,100,0,1088,1472,80,64,0,112,-216,0,0,90,0,768,1296,80,128,0,0,-256,0,0,30,0,768,432,192,256,0,112,-216,0,0,100,0,768,1168,80,128,0,93,-169,0,0,100,0,1024,0,48,48,0,0,-256,0,1,70,0,768,944,192,216,0,0,-256,0,0,100,0,768,0,192,256,0,0,-256,0,1,90,0,0,1120,192,160,0,0,-256,0,0,90,0,0,968,192,152,0,0,-256,0,1,100,0,0,816,192,152,0,0,-256,0,1,90,0,0,672,192,144,0,0,-256,0,1,90,0,192,416,192,256,0,0,-256,0,0,100,0,0,416,192,256,0,0,-256,0,0,90,0,576,160,192,256,0,0,-256,0,1,30,0,768,688,192,256,0,0,-256,0,1,90,0,384,160,192,256,0,0,-256,0,0,90,0,192,160,192,256,0,48,-217,0,1,90,0,464,416,112,88,0,0,-256,0,0,90,0,0,160,192,256,0,71,-234,0,1,90,0,384,416,80,128,0,0,-256,0,1,90,0,0,0,192,160,0,0,-256,0,0,100,0,0,1280,192,256,0,0,-256,0,0,100,0,193,1536,192,256,0,
0,41,0,-256,0,0,100,0,0,1536,192,256,0,95,-148,0,1,100,0,1472,1072,48,64,0,121,-150,0,1,100,0,1424,1072,48,64,0,67,-212,0,0,100,0,1552,272,64,64,0,39,-206,0,1,50,0,1168,944,64,96,0,33,-154,0,1,50,0,1552,48,64,64,0,33,-154,0,0,100,0,1552,48,64,64,0,21,-181,0,0,60,0,1280,816,32,32,0,89,-169,0,0,60,0,1216,816,32,32,0,10,-170,0,0,100,0,992,736,128,96,0,89,-136,0,0,100,0,1168,224,48,48,0,67,-121,0,0,100,0,1472,1216,64,64,0,111,-146,0,0,100,0,1472,1344,32,64,0,67,-167,0,0,100,0,1360,112,64,64,0,43,-175,0,0,100,0,1024,176,48,48,0,62,-178,0,0,100,0,1504,176,48,48,0,55,-147,0,0,100,0,1104,32,32,16,0,1,-141,0,0,100,0,1480,1280,64,31,0,79,-132,0,0,100,0,1328,1472,80,64,0,112,-216,0,0,80,0,1008,1296,80,128,0,0,-256,0,0,30,0,768,432,192,256,0,112,-216,0,0,100,0,1008,1168,80,128,0,93,-169,0,0,100,0,1024,0,48,48,0,0,-256,0,1,60,0,768,944,192,216,0,0,-256,0,0,100,0,768,0,192,256,0,0,-256,0,1,90,0,576,1120,192,160,0,0,-256,0,0,90,0,576,968,192,152,0,0,-256,0,1,100,0,576,816,192,152,0,0,-256,0,1,90,0,576,672,192,144,0,0,-256,0,1,80,0,192,416,192,256,0,0,-256,0,0,100,0,0,416,192,256,0,0,-256,0,0,90,0,576,160,192,256,0,0,-256,0,1,30,0,768,688,192,256,0,0,-256,0,1,70,0,384,160,192,256,0,0,-256,0,0,90,0,192,160,192,256,0,48,-217,0,1,90,0,464,416,112,88,0,0,-256,0,0,90,0,0,160,192,256,0,71,-234,0,1,90,0,384,416,80,128,0,0,-256,0,1,90,0,576,0,192,160,0,0,-256,0,0,100,0,576,1280,192,256,0,0,-256,0,0,100,0,193,1536,192,256,0,
0,44,0,-256,0,0,100,0,0,1536,192,256,0,95,-148,0,1,100,0,1520,1072,48,64,0,121,-150,0,1,100,0,1472,1072,48,64,0,66,-214,0,0,100,0,1360,272,64,64,0,37,-204,0,1,100,0,1168,848,112,96,0,32,-153,0,1,100,0,1552,48,64,64,0,32,-153,0,0,100,0,1552,48,64,64,0,18,-186,0,0,30,0,1280,816,32,32,0,94,-172,0,0,30,0,1216,816,32,32,0,5,-157,0,0,100,0,1224,816,24,32,0,30,-176,0,0,100,0,1184,816,32,32,0,106,-131,0,0,100,0,1216,816,32,32,0,9,-169,0,0,100,0,992,736,128,96,0,89,-136,0,0,100,0,1168,224,48,48,0,67,-121,0,0,100,0,1472,1216,64,64,0,111,-146,0,0,100,0,1472,1344,32,64,0,67,-167,0,0,100,0,1360,112,64,64,0,43,-175,0,0,100,0,1024,176,48,48,0,62,-178,0,0,100,0,1504,176,48,48,0,55,-147,0,0,100,0,1104,32,32,16,0,1,-141,0,0,100,0,1480,1280,64,31,0,79,-132,0,0,100,0,1248,1472,80,64,0,112,-216,0,0,70,0,928,1296,80,128,0,0,-256,0,0,30,0,768,432,192,256,0,112,-216,0,0,100,0,928,1168,80,128,0,93,-169,0,0,100,0,1024,0,48,48,0,0,-256,0,1,50,0,768,944,192,216,0,0,-256,0,0,100,0,768,0,192,256,0,0,-256,0,1,90,0,384,1120,192,160,0,0,-256,0,0,90,0,384,968,192,152,0,0,-256,0,1,100,0,384,816,192,152,0,0,-256,0,1,90,0,384,672,192,144,0,0,-256,0,1,70,0,192,416,192,256,0,0,-256,0,0,100,0,0,416,192,256,0,0,-256,0,0,90,0,576,160,192,256,0,0,-256,0,1,30,0,768,688,192,256,0,0,-256,0,1,50,0,384,160,192,256,0,0,-256,0,0,90,0,192,160,192,256,0,48,-217,0,1,90,0,464,416,112,88,0,0,-256,0,0,90,0,0,160,192,256,0,71,-234,0,1,90,0,384,416,80,128,0,0,-256,0,1,90,0,384,0,192,160,0,0,-256,0,0,100,0,384,1280,192,256,0,0,-256,0,0,100,0,193,1536,192,256,0,
0,42,0,-256,0,0,100,0,0,1536,192,256,0,95,-148,0,1,100,0,1568,1072,48,64,0,121,-150,0,1,100,0,1520,1072,48,64,0,65,-216,0,0,100,0,1360,336,64,64,0,37,-204,0,1,50,0,1168,848,112,96,0,33,-154,0,1,50,0,1552,48,64,64,0,33,-154,0,0,100,0,1552,48,64,64,0,1,-166,0,0,60,0,1227,816,21,32,0,29,-188,0,0,60,0,1184,816,32,32,0,119,-136,0,0,60,0,1216,816,32,32,0,10,-170,0,0,100,0,992,736,128,96,0,89,-136,0,0,100,0,1168,224,48,48,0,67,-121,0,0,100,0,1472,1216,64,64,0,111,-146,0,0,100,0,1472,1344,32,64,0,67,-167,0,0,100,0,1360,112,64,64,0,43,-175,0,0,100,0,1024,176,48,48,0,62,-178,0,0,100,0,1504,176,48,48,0,55,-147,0,0,100,0,1104,32,32,16,0,1,-141,0,0,100,0,1480,1280,64,31,0,79,-132,0,0,100,0,1248,1472,80,64,0,112,-216,0,0,70,0,928,1296,80,128,0,0,-256,0,0,30,0,768,432,192,256,0,112,-216,0,0,100,0,928,1168,80,128,0,93,-169,0,0,100,0,1024,0,48,48,0,0,-256,0,1,50,0,768,944,192,216,0,0,-256,0,0,100,0,768,0,192,256,0,0,-256,0,1,90,0,384,1120,192,160,0,0,-256,0,0,90,0,384,968,192,152,0,0,-256,0,1,100,0,384,816,192,152,0,0,-256,0,1,90,0,384,672,192,144,0,0,-256,0,1,70,0,192,416,192,256,0,0,-256,0,0,100,0,0,416,192,256,0,0,-256,0,0,90,0,576,160,192,256,0,0,-256,0,1,30,0,768,688,192,256,0,0,-256,0,1,50,0,384,160,192,256,0,0,-256,0,0,90,0,192,160,192,256,0,48,-217,0,1,90,0,464,416,112,88,0,0,-256,0,0,90,0,0,160,192,256,0,71,-234,0,1,90,0,384,416,80,128,0,0,-256,0,1,90,0,384,0,192,160,0,0,-256,0,0,100,0,384,1280,192,256,0,0,-256,0,0,100,0,193,1536,192,256,0,
0,41,0,-256,0,0,100,0,0,1536,192,256,0,95,-148,0,1,100,0,1424,1072,48,64,0,121,-150,0,1,100,0,1568,1072,48,64,0,63,-217,0,0,100,0,1424,272,64,64,0,33,-154,0,1,50,0,1552,48,64,64,0,33,-154,0,0,100,0,1552,48,64,64,0,3,-169,0,0,30,0,1230,816,18,32,0,28,-192,0,0,30,0,1184,816,32,32,0,122,-137,0,0,30,0,1216,816,32,32,0,10,-170,0,0,100,0,992,736,128,96,0,89,-136,0,0,100,0,1168,224,48,48,0,67,-121,0,0,100,0,1472,1216,64,64,0,111,-146,0,0,100,0,1472,1344,32,64,0,67,-167,0,0,100,0,1360,112,64,64,0,43,-175,0,0,100,0,1024,176,48,48,0,62,-178,0,0,100,0,1504,176,48,48,0,55,-147,0,0,100,0,1104,32,32,16,0,1,-141,0,0,100,0,1480,1280,64,31,0,79,-132,0,0,100,0,1168,1472,80,64,0,112,-216,0,0,80,0,848,1296,80,128,0,0,-256,0,0,30,0,768,432,192,256,0,112,-216,0,0,100,0,848,1168,80,128,0,93,-169,0,0,100,0,1024,0,48,48,0,0,-256,0,1,60,0,768,944,192,216,0,0,-256,0,0,100,0,768,0,192,256,0,0,-256,0,1,90,0,192,1120,192,160,0,0,-256,0,0,90,0,192,968,192,152,0,0,-256,0,1,100,0,192,816,192,152,0,0,-256,0,1,90,0,192,672,192,144,0,0,-256,0,1,80,0,192,416,192,256,0,0,-256,0,0,100,0,0,416,192,256,0,0,-256,0,0,90,0,576,160,192,256,0,0,-256,0,1,30,0,768,688,192,256,0,0,-256,0,1,70,0,384,160,192,256,0,0,-256,0,0,90,0,192,160,192,256,0,48,-217,0,1,90,0,464,416,112,88,0,0,-256,0,0,90,0,0,160,192,256,0,71,-234,0,1,90,0,384,416,80,128,0,0,-256,0,1,90,0,192,0,192,160,0,0,-256,0,0,100,0,192,1280,192,256,0,0,-256,0,0,100,0,193,1536,192,256,0,
0,41,0,-256,0,0,100,0,0,1536,192,256,0,95,-148,0,1,100,0,1472,1072,48,64,0,121,-150,0,1,100,0,1424,1072,48,64,0,68,-210,0,0,100,0,1488,272,64,64,0,39,-206,0,1,100,0,1168,944,64,96,0,32,-153,0,1,100,0,1552,48,64,64,0,32,-153,0,0,100,0,1552,48,64,64,0,39,-189,0,0,100,0,1280,816,32,32,0,94,-149,0,0,100,0,1216,816,32,32,0,9,-169,0,0,100,0,992,736,128,96,0,89,-136,0,0,100,0,1168,224,48,48,0,67,-121,0,0,100,0,1472,1216,64,64,0,111,-146,0,0,100,0,1472,1344,32,64,0,67,-167,0,0,100,0,1360,112,64,64,0,43,-175,0,0,100,0,1024,176,48,48,0,62,-178,0,0,100,0,1504,176,48,48,0,55,-147,0,0,100,0,1104,32,32,16,0,1,-141,0,0,100,0,1480,1280,64,31,0,79,-132,0,0,100,0,1168,1472,80,64,0,112,-216,0,0,80,0,848,1296,80,128,0,0,-256,0,0,30,0,768,432,192,256,0,112,-216,0,0,100,0,848,1168,80,128,0,93,-169,0,0,100,0,1024,0,48,48,0,0,-256,0,1,60,0,768,944,192,216,0,0,-256,0,0,100,0,768,0,192,256,0,0,-256,0,1,90,0,192,1120,192,160,0,0,-256,0,0,90,0,192,968,192,152,0,0,-256,0,1,100,0,192,816,192,152,0,0,-256,0,1,90,0,192,672,192,144,0,0,-256,0,1,80,0,192,416,192,256,0,0,-256,0,0,100,0,0,416,192,256,0,0,-256,0,0,90,0,576,160,192,256,0,0,-256,0,1,30,0,768,688,192,256,0,0,-256,0,1,70,0,384,160,192,256,0,0,-256,0,0,90,0,192,160,192,256,0,48,-217,0,1,90,0,464,416,112,88,0,0,-256,0,0,90,0,0,160,192,256,0,71,-234,0,1,90,0,384,416,80,128,0,0,-256,0,1,90,0,192,0,192,160,0,0,-256,0,0,100,0,192,1280,192,256,0,0,-256,0,0,100,0,193,1536,192,256,0,
0,41,0,-256,0,0,100,0,0,1536,192,256,0,95,-148,0,1,100,0,1520,1072,48,64,0,121,-150,0,1,100,0,1472,1072,48,64,0,67,-212,0,0,100,0,1552,272,64,64,0,39,-206,0,1,50,0,1168,944,64,96,0,33,-154,0,1,50,0,1552,48,64,64,0,33,-154,0,0,100,0,1552,48,64,64,0,35,-202,0,0,60,0,1280,816,32,32,0,110,-158,0,0,60,0,1216,816,32,32,0,10,-170,0,0,100,0,992,736,128,96,0,89,-136,0,0,100,0,1168,224,48,48,0,67,-121,0,0,100,0,1472,1216,64,64,0,111,-146,0,0,100,0,1472,1344,32,64,0,67,-167,0,0,100,0,1360,112,64,64,0,43,-175,0,0,100,0,1024,176,48,48,0,62,-178,0,0,100,0,1504,176,48,48,0,55,-147,0,0,100,0,1104,32,32,16,0,1,-141,0,0,100,0,1480,1280,64,31,0,79,-132,0,0,100,0,1088,1472,80,64,0,112,-216,0,0,90,0,768,1296,80,128,0,0,-256,0,0,30,0,768,432,192,256,0,112,-216,0,0,100,0,768,1168,80,128,0,93,-169,0,0,100,0,1024,0,48,48,0,0,-256,0,1,70,0,768,944,192,216,0,0,-256,0,0,100,0,768,0,192,256,0,0,-256,0,1,90,0,0,1120,192,160,0,0,-256,0,0,90,0,0,968,192,152,0,0,-256,0,1,100,0,0,816,192,152,0,0,-256,0,1,90,0,0,672,192,144,0,0,-256,0,1,90,0,192,416,192,256,0,0,-256,0,0,100,0,0,416,192,256,0,0,-256,0,0,90,0,576,160,192,256,0,0,-256,0,1,30,0,768,688,192,256,0,0,-256,0,1,90,0,384,160,192,256,0,0,-256,0,0,90,0,192,160,192,256,0,48,-217,0,1,90,0,464,416,112,88,0,0,-256,0,0,90,0,0,160,192,256,0,71,-234,0,1,90,0,384,416,80,128,0,0,-256,0,1,90,0,0,0,192,160,0,0,-256,0,0,100,0,0,1280,192,256,0,0,-256,0,0,100,0,193,1536,192,256,0,
0,44,0,-256,0,0,100,0,0,1536,192,256,0,95,-148,0,1,100,0,1568,1072,48,64,0,121,-150,0,1,100,0,1520,1072,48,64,0,66,-214,0,0,100,0,1360,272,64,64,0,37,-204,0,1,100,0,1168,848,112,96,0,32,-153,0,1,100,0,1552,48,64,64,0,32,-153,0,0,100,0,1552,48,64,64,0,97,-144,0,0,100,0,1216,816,32,32,0,10,-172,0,0,100,0,1184,816,32,32,0,56,-184,0,0,100,0,1184,816,32,32,0,33,-208,0,0,30,0,1280,816,32,32,0,116,-161,0,0,30,0,1216,816,32,32,0,9,-169,0,0,100,0,992,736,128,96,0,89,-136,0,0,100,0,1168,224,48,48,0,67,-121,0,0,100,0,1472,1216,64,64,0,111,-146,0,0,100,0,1472,1344,32,64,0,67,-167,0,0,100,0,1360,112,64,64,0,43,-175,0,0,100,0,1024,176,48,48,0,62,-178,0,0,100,0,1504,176,48,48,0,55,-147,0,0,100,0,1104,32,32,16,0,1,-141,0,0,100,0,1480,1280,64,31,0,79,-132,0,0,100,0,1088,1472,80,64,0,112,-216,0,0,90,0,768,1296,80,128,0,0,-256,0,0,30,0,768,432,192,256,0,112,-216,0,0,100,0,768,1168,80,128,0,93,-169,0,0,100,0,1024,0,48,48,0,0,-256,0,1,70,0,768,944,192,216,0,0,-256,0,0,100,0,768,0,192,256,0,0,-256,0,1,90,0,0,1120,192,160,0,0,-256,0,0,90,0,0,968,192,152,0,0,-256,0,1,100,0,0,816,192,152,0,0,-256,0,1,90,0,0,672,192,144,0,0,-256,0,1,90,0,192,416,192,256,0,0,-256,0,0,100,0,0,416,192,256,0,0,-256,0,0,90,0,576,160,192,256,0,0,-256,0,1,30,0,768,688,192,256,0,0,-256,0,1,90,0,384,160,192,256,0,0,-256,0,0,90,0,192,160,192,256,0,48,-217,0,1,90,0,464,416,112,88,0,0,-256,0,0,90,0,0,160,192,256,0,71,-234,0,1,90,0,384,416,80,128,0,0,-256,0,1,90,0,0,0,192,160,0,0,-256,0,0,100,0,0,1280,192,256,0,0,-256,0,0,100,0,193,1536,192,256,0,
0,42,0,-256,0,0,100,0,0,1536,192,256,0,95,-148,0,1,100,0,1424,1072,48,64,0,121,-150,0,1,100,0,1568,1072,48,64,0,65,-216,0,0,100,0,1360,336,64,64,0,37,-204,0,1,50,0,1168,848,112,96,0,33,-154,0,1,50,0,1552,48,64,64,0,33,-154,0,0,100,0,1552,48,64,64,0,108,-150,0,0,60,0,1216,816,32,32,0,6,-179,0,0,60,0,1184,816,32,32,0,56,-196,0,0,60,0,1184,816,32,32,0,10,-170,0,0,100,0,992,736,128,96,0,89,-136,0,0,100,0,1168,224,48,48,0,67,-121,0,0,100,0,1472,1216,64,64,0,111,-146,0,0,100,0,1472,1344,32,64,0,67,-167,0,0,100,0,1360,112,64,64,0,43,-175,0,0,100,0,1024,176,48,48,0,62,-178,0,0,100,0,1504,176,48,48,0,55,-147,0,0,100,0,1104,32,32,16,0,1,-141,0,0,100,0,1480,1280,64,31,0,79,-132,0,0,100,0,1328,1472,80,64,0,112,-216,0,0,80,0,1008,1296,80,128,0,0,-256,0,0,30,0,768,432,192,256,0,112,-216,0,0,100,0,1008,1168,80,128,0,93,-169,0,0,100,0,1024,0,48,48,0,0,-256,0,1,60,0,768,944,192,216,0,0,-256,0,0,100,0,768,0,192,256,0,0,-256,0,1,90,0,576,1120,192,160,0,0,-256,0,0,90,0,576,968,192,152,0,0,-256,0,1,100,0,576,816,192,152,0,0,-256,0,1,90,0,576,672,192,144,0,0,-256,0,1,80,0,192,416,192,256,0,0,-256,0,0,100,0,0,416,192,256,0,0,-256,0,0,90,0,576,160,192,256,0,0,-256,0,1,30,0,768,688,192,256,0,0,-256,0,1,70,0,384,160,192,256,0,0,-256,0,0,90,0,192,160,192,256,0,48,-217,0,1,90,0,464,416,112,88,0,0,-256,0,0,90,0,0,160,192,256,0,71,-234,0,1,90,0,384,416,80,128,0,0,-256,0,1,90,0,576,0,192,160,0,0,-256,0,0,100,0,576,1280,192,256,0,0,-256,0,0,100,0,193,1536,192,256,0,
0,41,0,-256,0,0,100,0,0,1536,192,256,0,95,-148,0,1,100,0,1472,1072,48,64,0,121,-150,0,1,100,0,1424,1072,48,64,0,63,-217,0,0,100,0,1424,272,64,64,0,33,-154,0,1,50,0,1552,48,64,64,0,33,-154,0,0,100,0,1552,48,64,64,0,112,-154,0,0,30,0,1216,816,32,32,0,3,-184,0,0,30,0,1184,816,32,32,0,56,-203,0,0,30,0,1184,816,32,32,0,10,-170,0,0,100,0,992,736,128,96,0,89,-136,0,0,100,0,1168,224,48,48,0,67,-121,0,0,100,0,1472,1216,64,64,0,111,-146,0,0,100,0,1472,1344,32,64,0,67,-167,0,0,100,0,1360,112,64,64,0,43,-175,0,0,100,0,1024,176,48,48,0,62,-178,0,0,100,0,1504,176,48,48,0,55,-147,0,0,100,0,1104,32,32,16,0,1,-141,0,0,100,0,1480,1280,64,31,0,79,-132,0,0,100,0,1328,1472,80,64,0,112,-216,0,0,80,0,1008,1296,80,128,0,0,-256,0,0,30,0,768,432,192,256,0,112,-216,0,0,100,0,1008,1168,80,128,0,93,-169,0,0,100,0,1024,0,48,48,0,0,-256,0,1,60,0,768,944,192,216,0,0,-256,0,0,100,0,768,0,192,256,0,0,-256,0,1,90,0,576,1120,192,160,0,0,-256,0,0,90,0,576,968,192,152,0,0,-256,0,1,100,0,576,816,192,152,0,0,-256,0,1,90,0,576,672,192,144,0,0,-256,0,1,80,0,192,416,192,256,0,0,-256,0,0,100,0,0,416,192,256,0,0,-256,0,0,90,0,576,160,192,256,0,0,-256,0,1,30,0,768,688,192,256,0,0,-256,0,1,70,0,384,160,192,256,0,0,-256,0,0,90,0,192,160,192,256,0,48,-217,0,1,90,0,464,416,112,88,0,0,-256,0,0,90,0,0,160,192,256,0,71,-234,0,1,90,0,384,416,80,128,0,0,-256,0,1,90,0,576,0,192,160,0,0,-256,0,0,100,0,576,1280,192,256,0,0,-256,0,0,100,0,193,1536,192,256,0,
0,41,0,-256,0,0,100,0,0,1536,192,256,0,95,-148,0,1,100,0,1520,1072,48,64,0,121,-150,0,1,100,0,1472,1072,48,64,0,27,-183,0,0,100,0,1280,816,32,32,0,77,-173,0,0,100,0,1216,816,32,32,0,68,-210,0,0,100,0,1488,272,64,64,0,39,-206,0,1,100,0,1168,944,64,96,0,32,-153,0,1,100,0,1552,48,64,64,0,32,-153,0,0,100,0,1552,48,64,64,0,9,-169,0,0,100,0,992,736,128,96,0,89,-136,0,0,100,0,1168,224,48,48,0,67,-121,0,0,100,0,1472,1216,64,64,0,111,-146,0,0,100,0,1472,1344,32,64,0,67,-167,0,0,100,0,1360,112,64,64,0,43,-175,0,0,100,0,1024,176,48,48,0,62,-178,0,0,100,0,1504,176,48,48,0,55,-147,0,0,100,0,1104,32,32,16,0,1,-141,0,0,100,0,1480,1280,64,31,0,79,-132,0,0,100,0,1248,1472,80,64,0,112,-216,0,0,70,0,928,1296,80,128,0,0,-256,0,0,30,0,768,432,192,256,0,112,-216,0,0,100,0,928,1168,80,128,0,93,-169,0,0,100,0,1024,0,48,48,0,0,-256,0,1,50,0,768,944,192,216,0,0,-256,0,0,100,0,768,0,192,256,0,0,-256,0,1,90,0,384,1120,192,160,0,0,-256,0,0,90,0,384,968,192,152,0,0,-256,0,1,100,0,384,816,192,152,0,0,-256,0,1,90,0,384,672,192,144,0,0,-256,0,1,70,0,192,416,192,256,0,0,-256,0,0,100,0,0,416,192,256,0,0,-256,0,0,90,0,576,160,192,256,0,0,-256,0,1,30,0,768,688,192,256,0,0,-256,0,1,50,0,384,160,192,256,0,0,-256,0,0,90,0,192,160,192,256,0,48,-217,0,1,90,0,464,416,112,88,0,0,-256,0,0,90,0,0,160,192,256,0,71,-234,0,1,90,0,384,416,80,128,0,0,-256,0,1,90,0,384,0,192,160,0,0,-256,0,0,100,0,384,1280,192,256,0,0,-256,0,0,100,0,193,1536,192,256,0,
0,41,0,-256,0,0,100,0,0,1536,192,256,0,95,-148,0,1,100,0,1568,1072,48,64,0,121,-150,0,1,100,0,1520,1072,48,64,0,23,-199,0,0,60,0,1280,816,32,32,0,85,-183,0,0,60,0,1216,816,32,32,0,67,-212,0,0,100,0,1552,272,64,64,0,39,-206,0,1,50,0,1168,944,64,96,0,33,-154,0,1,50,0,1552,48,64,64,0,33,-154,0,0,100,0,1552,48,64,64,0,10,-170,0,0,100,0,992,736,128,96,0,89,-136,0,0,100,0,1168,224,48,48,0,67,-121,0,0,100,0,1472,1216,64,64,0,111,-146,0,0,100,0,1472,1344,32,64,0,67,-167,0,0,100,0,1360,112,64,64,0,43,-175,0,0,100,0,1024,176,48,48,0,62,-178,0,0,100,0,1504,176,48,48,0,55,-147,0,0,100,0,1104,32,32,16,0,1,-141,0,0,100,0,1480,1280,64,31,0,79,-132,0,0,100,0,1248,1472,80,64,0,112,-216,0,0,70,0,928,1296,80,128,0,0,-256,0,0,30,0,768,432,192,256,0,112,-216,0,0,100,0,928,1168,80,128,0,93,-169,0,0,100,0,1024,0,48,48,0,0,-256,0,1,50,0,768,944,192,216,0,0,-256,0,0,100,0,768,0,192,256,0,0,-256,0,1,90,0,384,1120,192,160,0,0,-256,0,0,90,0,384,968,192,152,0,0,-256,0,1,100,0,384,816,192,152,0,0,-256,0,1,90,0,384,672,192,144,0,0,-256,0,1,70,0,192,416,192,256,0,0,-256,0,0,100,0,0,416,192,256,0,0,-256,0,0,90,0,576,160,192,256,0,0,-256,0,1,30,0,768,688,192,256,0,0,-256,0,1,50,0,384,160,192,256,0,0,-256,0,0,90,0,192,160,192,256,0,48,-217,0,1,90,0,464,416,112,88,0,0,-256,0,0,90,0,0,160,192,256,0,71,-234,0,1,90,0,384,416,80,128,0,0,-256,0,1,90,0,384,0,192,160,0,0,-256,0,0,100,0,384,1280,192,256,0,0,-256,0,0,100,0,193,1536,192,256,0,
0,43,0,-256,0,0,100,0,0,1536,192,256,0,95,-148,0,1,100,0,1424,1072,48,64,0,121,-150,0,1,100,0,1568,1072,48,64,0,98,-147,0,0,100,0,1216,816,32,32,0,12,-176,0,0,100,0,1184,816,32,32,0,20,-205,0,0,30,0,1280,816,32,32,0,90,-190,0,0,30,0,1216,816,32,32,0,66,-214,0,0,100,0,1360,272,64,64,0,37,-204,0,1,100,0,1168,848,112,96,0,32,-153,0,1,100,0,1552,48,64,64,0,32,-153,0,0,100,0,1552,48,64,64,0,9,-169,0,0,100,0,992,736,128,96,0,89,-136,0,0,100,0,1168,224,48,48,0,67,-121,0,0,100,0,1472,1216,64,64,0,111,-146,0,0,100,0,1472,1344,32,64,0,67,-167,0,0,100,0,1360,112,64,64,0,43,-175,0,0,100,0,1024,176,48,48,0,62,-178,0,0,100,0,1504,176,48,48,0,55,-147,0,0,100,0,1104,32,32,16,0,1,-141,0,0,100,0,1480,1280,64,31,0,79,-132,0,0,100,0,1168,1472,80,64,0,112,-216,0,0,80,0,848,1296,80,128,0,0,-256,0,0,30,0,768,432,192,256,0,112,-216,0,0,100,0,848,1168,80,128,0,93,-169,0,0,100,0,1024,0,48,48,0,0,-256,0,1,60,0,768,944,192,216,0,0,-256,0,0,100,0,768,0,192,256,0,0,-256,0,1,90,0,192,1120,192,160,0,0,-256,0,0,90,0,192,968,192,152,0,0,-256,0,1,100,0,192,816,192,152,0,0,-256,0,1,90,0,192,672,192,144,0,0,-256,0,1,80,0,192,416,192,256,0,0,-256,0,0,100,0,0,416,192,256,0,0,-256,0,0,90,0,576,160,192,256,0,0,-256,0,1,30,0,768,688,192,256,0,0,-256,0,1,70,0,384,160,192,256,0,0,-256,0,0,90,0,192,160,192,256,0,48,-217,0,1,90,0,464,416,112,88,0,0,-256,0,0,90,0,0,160,192,256,0,71,-234,0,1,90,0,384,416,80,128,0,0,-256,0,1,90,0,192,0,192,160,0,0,-256,0,0,100,0,192,1280,192,256,0,0,-256,0,0,100,0,193,1536,192,256,0,
0,41,0,-256,0,0,100,0,0,1536,192,256,0,95,-148,0,1,100,0,1472,1072,48,64,0,121,-150,0,1,100,0,1424,1072,48,64,0,109,-150,0,0,60,0,1216,816,32,32,0,3,-186,0,0,60,0,1184,816,32,32,0,65,-216,0,0,100,0,1360,336,64,64,0,37,-204,0,1,50,0,1168,848,112,96,0,33,-154,0,1,50,0,1552,48,64,64,0,33,-154,0,0,100,0,1552,48,64,64,0,10,-170,0,0,100,0,992,736,128,96,0,89,-136,0,0,100,0,1168,224,48,48,0,67,-121,0,0,100,0,1472,1216,64,64,0,111,-146,0,0,100,0,1472,1344,32,64,0,67,-167,0,0,100,0,1360,112,64,64,0,43,-175,0,0,100,0,1024,176,48,48,0,62,-178,0,0,100,0,1504,176,48,48,0,55,-147,0,0,100,0,1104,32,32,16,0,1,-141,0,0,100,0,1480,1280,64,31,0,79,-132,0,0,100,0,1168,1472,80,64,0,112,-216,0,0,80,0,848,1296,80,128,0,0,-256,0,0,30,0,768,432,192,256,0,112,-216,0,0,100,0,848,1168,80,128,0,93,-169,0,0,100,0,1024,0,48,48,0,0,-256,0,1,60,0,768,944,192,216,0,0,-256,0,0,100,0,768,0,192,256,0,0,-256,0,1,90,0,192,1120,192,160,0,0,-256,0,0,90,0,192,968,192,152,0,0,-256,0,1,100,0,192,816,192,152,0,0,-256,0,1,90,0,192,672,192,144,0,0,-256,0,1,80,0,192,416,192,256,0,0,-256,0,0,100,0,0,416,192,256,0,0,-256,0,0,90,0,576,160,192,256,0,0,-256,0,1,30,0,768,688,192,256,0,0,-256,0,1,70,0,384,160,192,256,0,0,-256,0,0,90,0,192,160,192,256,0,48,-217,0,1,90,0,464,416,112,88,0,0,-256,0,0,90,0,0,160,192,256,0,71,-234,0,1,90,0,384,416,80,128,0,0,-256,0,1,90,0,192,0,192,160,0,0,-256,0,0,100,0,192,1280,192,256,0,0,-256,0,0,100,0,193,1536,192,256,0,
0,40,0,-256,0,0,100,0,0,1536,192,256,0,95,-148,0,1,100,0,1520,1072,48,64,0,121,-150,0,1,100,0,1472,1072,48,64,0,115,-152,0,0,30,0,1216,816,32,32,0,1,-193,0,0,30,0,1187,816,29,32,0,63,-217,0,0,100,0,1424,272,64,64,0,33,-154,0,1,50,0,1552,48,64,64,0,33,-154,0,0,100,0,1552,48,64,64,0,10,-170,0,0,100,0,992,736,128,96,0,89,-136,0,0,100,0,1168,224,48,48,0,67,-121,0,0,100,0,1472,1216,64,64,0,43,-175,0,0,100,0,1024,176,48,48,0,111,-146,0,0,100,0,1472,1344,32,64,0,67,-167,0,0,100,0,1360,112,64,64,0,62,-178,0,0,100,0,1504,176,48,48,0,55,-147,0,0,100,0,1104,32,32,16,0,1,-141,0,0,100,0,1480,1280,64,31,0,79,-132,0,0,100,0,1088,1472,80,64,0,112,-216,0,0,90,0,768,1296,80,128,0,0,-256,0,0,30,0,768,432,192,256,0,112,-216,0,0,100,0,768,1168,80,128,0,93,-169,0,0,100,0,1024,0,48,48,0,0,-256,0,1,70,0,768,944,192,216,0,0,-256,0,0,100,0,768,0,192,256,0,0,-256,0,1,90,0,0,1120,192,160,0,0,-256,0,0,90,0,0,968,192,152,0,0,-256,0,1,100,0,0,816,192,152,0,0,-256,0,1,90,0,0,672,192,144,0,0,-256,0,1,90,0,192,416,192,256,0,0,-256,0,0,100,0,0,416,192,256,0,0,-256,0,0,90,0,576,160,192,256,0,0,-256,0,1,30,0,768,688,192,256,0,0,-256,0,1,90,0,384,160,192,256,0,0,-256,0,0,90,0,192,160,192,256,0,48,-217,0,1,90,0,464,416,112,88,0,0,-256,0,0,90,0,0,160,192,256,0,71,-234,0,1,90,0,384,416,80,128,0,0,-256,0,1,90,0,0,0,192,160,0,0,-256,0,0,100,0,0,1280,192,256,0,0,-256,0,0,100,0,193,1536,192,256,0,
0,41,0,-256,0,0,100,0,0,1536,192,256,0,95,-148,0,1,100,0,1568,1072,48,64,0,121,-150,0,1,100,0,1520,1072,48,64,0,42,-189,0,0,100,0,1184,816,32,32,0,86,-166,0,0,100,0,1248,816,32,32,0,68,-210,0,0,100,0,1488,272,64,64,0,39,-206,0,1,100,0,1168,944,64,96,0,32,-153,0,1,100,0,1552,48,64,64,0,32,-153,0,0,100,0,1552,48,64,64,0,9,-169,0,0,100,0,992,736,128,96,0,89,-136,0,0,100,0,1168,224,48,48,0,67,-121,0,0,100,0,1472,1216,64,64,0,111,-146,0,0,100,0,1472,1344,32,64,0,67,-167,0,0,100,0,1360,112,64,64,0,43,-175,0,0,100,0,1024,176,48,48,0,62,-178,0,0,100,0,1504,176,48,48,0,55,-147,0,0,100,0,1104,32,32,16,0,1,-141,0,0,100,0,1480,1280,64,31,0,79,-132,0,0,100,0,1088,1472,80,64,0,112,-216,0,0,90,0,768,1296,80,128,0,0,-256,0,0,30,0,768,432,192,256,0,112,-216,0,0,100,0,768,1168,80,128,0,93,-169,0,0,100,0,1024,0,48,48,0,0,-256,0,1,70,0,768,944,192,216,0,0,-256,0,0,100,0,768,0,192,256,0,0,-256,0,1,90,0,0,1120,192,160,0,0,-256,0,0,90,0,0,968,192,152,0,0,-256,0,1,100,0,0,816,192,152,0,0,-256,0,1,90,0,0,672,192,144,0,0,-256,0,1,90,0,192,416,192,256,0,0,-256,0,0,100,0,0,416,192,256,0,0,-256,0,0,90,0,576,160,192,256,0,0,-256,0,1,30,0,768,688,192,256,0,0,-256,0,1,90,0,384,160,192,256,0,0,-256,0,0,90,0,192,160,192,256,0,48,-217,0,1,90,0,464,416,112,88,0,0,-256,0,0,90,0,0,160,192,256,0,71,-234,0,1,90,0,384,416,80,128,0,0,-256,0,1,90,0,0,0,192,160,0,0,-256,0,0,100,0,0,1280,192,256,0,0,-256,0,0,100,0,193,1536,192,256,0,
0,41,0,-256,0,0,100,0,0,1536,192,256,0,95,-148,0,1,100,0,1424,1072,48,64,0,121,-150,0,1,100,0,1568,1072,48,64,0,39,-202,0,0,60,0,1184,816,32,32,0,102,-173,0,0,60,0,1248,816,32,32,0,67,-212,0,0,100,0,1552,272,64,64,0,39,-206,0,1,50,0,1168,944,64,96,0,33,-154,0,1,50,0,1552,48,64,64,0,33,-154,0,0,100,0,1552,48,64,64,0,10,-170,0,0,100,0,992,736,128,96,0,89,-136,0,0,100,0,1168,224,48,48,0,67,-121,0,0,100,0,1472,1216,64,64,0,111,-146,0,0,100,0,1472,1344,32,64,0,67,-167,0,0,100,0,1360,112,64,64,0,43,-175,0,0,100,0,1024,176,48,48,0,62,-178,0,0,100,0,1504,176,48,48,0,55,-147,0,0,100,0,1104,32,32,16,0,1,-141,0,0,100,0,1480,1280,64,31,0,79,-132,0,0,100,0,1328,1472,80,64,0,112,-216,0,0,80,0,1008,1296,80,128,0,0,-256,0,0,30,0,768,432,192,256,0,112,-216,0,0,100,0,1008,1168,80,128,0,93,-169,0,0,100,0,1024,0,48,48,0,0,-256,0,1,60,0,768,944,192,216,0,0,-256,0,0,100,0,768,0,192,256,0,0,-256,0,1,90,0,576,1120,192,160,0,0,-256,0,0,90,0,576,968,192,152,0,0,-256,0,1,100,0,576,816,192,152,0,0,-256,0,1,90,0,576,672,192,144,0,0,-256,0,1,80,0,192,416,192,256,0,0,-256,0,0,100,0,0,416,192,256,0,0,-256,0,0,90,0,576,160,192,256,0,0,-256,0,1,30,0,768,688,192,256,0,0,-256,0,1,70,0,384,160,192,256,0,0,-256,0,0,90,0,192,160,192,256,0,48,-217,0,1,90,0,464,416,112,88,0,0,-256,0,0,90,0,0,160,192,256,0,71,-234,0,1,90,0,384,416,80,128,0,0,-256,0,1,90,0,576,0,192,160,0,0,-256,0,0,100,0,576,1280,192,256,0,0,-256,0,0,100,0,193,1536,192,256,0,
0,40,0,-256,0,0,100,0,0,1536,192,256,0,95,-148,0,1,100,0,1472,1072,48,64,0,121,-150,0,1,100,0,1424,1072,48,64,0,37,-208,0,0,30,0,1184,816,32,32,0,107,-178,0,0,30,0,1248,816,32,32,0,67,-213,0,0,100,0,1552,272,64,64,0,33,-154,0,1,50,0,1552,48,64,64,0,33,-154,0,0,100,0,1552,48,64,64,0,10,-170,0,0,100,0,992,736,128,96,0,89,-136,0,0,100,0,1168,224,48,48,0,67,-121,0,0,100,0,1472,1216,64,64,0,111,-146,0,0,100,0,1472,1344,32,64,0,67,-167,0,0,100,0,1360,112,64,64,0,43,-175,0,0,100,0,1024,176,48,48,0,62,-178,0,0,100,0,1504,176,48,48,0,55,-147,0,0,100,0,1104,32,32,16,0,1,-141,0,0,100,0,1480,1280,64,31,0,79,-132,0,0,100,0,1328,1472,80,64,0,112,-216,0,0,80,0,1008,1296,80,128,0,0,-256,0,0,30,0,768,432,192,256,0,112,-216,0,0,100,0,1008,1168,80,128,0,93,-169,0,0,100,0,1024,0,48,48,0,0,-256,0,1,60,0,768,944,192,216,0,0,-256,0,0,100,0,768,0,192,256,0,0,-256,0,1,90,0,576,1120,192,160,0,0,-256,0,0,90,0,576,968,192,152,0,0,-256,0,1,100,0,576,816,192,152,0,0,-256,0,1,90,0,576,672,192,144,0,0,-256,0,1,80,0,192,416,192,256,0,0,-256,0,0,100,0,0,416,192,256,0,0,-256,0,0,90,0,576,160,192,256,0,0,-256,0,1,30,0,768,688,192,256,0,0,-256,0,1,70,0,384,160,192,256,0,0,-256,0,0,90,0,192,160,192,256,0,48,-217,0,1,90,0,464,416,112,88,0,0,-256,0,0,90,0,0,160,192,256,0,71,-234,0,1,90,0,384,416,80,128,0,0,-256,0,1,90,0,576,0,192,160,0,0,-256,0,0,100,0,576,1280,192,256,0,0,-256,0,0,100,0,193,1536,192,256,0,
0,39,0,-256,0,0,100,0,0,1536,192,256,0,95,-148,0,1,100,0,1520,1072,48,64,0,121,-150,0,1,100,0,1472,1072,48,64,0,0,-256,0,1,40,0,1392,848,192,160,0,67,-215,0,0,100,0,976,336,64,64,0,33,-154,0,1,50,0,1552,48,64,64,0,33,-154,0,0,100,0,1552,48,64,64,0,10,-170,0,0,100,0,992,736,128,96,0,89,-136,0,0,100,0,1168,224,48,48,0,67,-121,0,0,100,0,1472,1216,64,64,0,111,-146,0,0,100,0,1472,1344,32,64,0,67,-167,0,0,100,0,1360,112,64,64,0,43,-175,0,0,100,0,1024,176,48,48,0,62,-178,0,0,100,0,1504,176,48,48,0,55,-147,0,0,100,0,1104,32,32,16,0,1,-141,0,0,100,0,1480,1280,64,31,0,79,-132,0,0,100,0,1248,1472,80,64,0,112,-216,0,0,70,0,928,1296,80,128,0,0,-256,0,0,30,0,768,432,192,256,0,112,-216,0,0,100,0,928,1168,80,128,0,93,-169,0,0,100,0,1024,0,48,48,0,0,-256,0,1,50,0,768,944,192,216,0,0,-256,0,0,100,0,768,0,192,256,0,0,-256,0,1,90,0,384,1120,192,160,0,0,-256,0,0,90,0,384,968,192,152,0,0,-256,0,1,100,0,384,816,192,152,0,0,-256,0,1,90,0,384,672,192,144,0,0,-256,0,1,70,0,192,416,192,256,0,0,-256,0,0,100,0,0,416,192,256,0,0,-256,0,0,90,0,576,160,192,256,0,0,-256,0,1,30,0,768,688,192,256,0,0,-256,0,1,50,0,384,160,192,256,0,0,-256,0,0,90,0,192,160,192,256,0,48,-217,0,1,90,0,464,416,112,88,0,0,-256,0,0,90,0,0,160,192,256,0,71,-234,0,1,90,0,384,416,80,128,0,0,-256,0,1,90,0,384,0,192,160,0,0,-256,0,0,100,0,384,1280,192,256,0,0,-256,0,0,100,0,193,1536,192,256,0,
0,39,0,-256,0,0,100,0,0,1536,192,256,0,95,-148,0,1,100,0,1568,1072,48,64,0,121,-150,0,1,100,0,1520,1072,48,64,0,0,-256,0,1,80,0,1392,848,192,160,0,67,-218,0,0,100,0,1040,336,64,64,0,33,-154,0,1,50,0,1552,48,64,64,0,33,-154,0,0,100,0,1552,48,64,64,0,10,-170,0,0,100,0,992,736,128,96,0,89,-136,0,0,100,0,1168,224,48,48,0,67,-121,0,0,100,0,1472,1216,64,64,0,111,-146,0,0,100,0,1472,1344,32,64,0,67,-167,0,0,100,0,1360,112,64,64,0,43,-175,0,0,100,0,1024,176,48,48,0,62,-178,0,0,100,0,1504,176,48,48,0,55,-147,0,0,100,0,1104,32,32,16,0,1,-141,0,0,100,0,1480,1280,64,31,0,79,-132,0,0,100,0,1168,1472,80,64,0,112,-216,0,0,80,0,848,1296,80,128,0,0,-256,0,0,30,0,768,432,192,256,0,112,-216,0,0,100,0,848,1168,80,128,0,93,-169,0,0,100,0,1024,0,48,48,0,0,-256,0,1,60,0,768,944,192,216,0,0,-256,0,0,100,0,768,0,192,256,0,0,-256,0,1,90,0,192,1120,192,160,0,0,-256,0,0,90,0,192,968,192,152,0,0,-256,0,1,100,0,192,816,192,152,0,0,-256,0,1,90,0,192,672,192,144,0,0,-256,0,1,80,0,192,416,192,256,0,0,-256,0,0,100,0,0,416,192,256,0,0,-256,0,0,90,0,576,160,192,256,0,0,-256,0,1,30,0,768,688,192,256,0,0,-256,0,1,70,0,384,160,192,256,0,0,-256,0,0,90,0,192,160,192,256,0,48,-217,0,1,90,0,464,416,112,88,0,0,-256,0,0,90,0,0,160,192,256,0,71,-234,0,1,90,0,384,416,80,128,0,0,-256,0,1,90,0,192,0,192,160,0,0,-256,0,0,100,0,192,1280,192,256,0,0,-256,0,0,100,0,193,1536,192,256,0,
0,39,0,-256,0,0,100,0,0,1536,192,256,0,95,-148,0,1,100,0,1424,1072,48,64,0,121,-150,0,1,100,0,1568,1072,48,64,0,0,-256,0,1,100,0,1392,848,192,160,0,67,-220,0,0,100,0,1104,336,64,64,0,33,-154,0,1,50,0,1552,48,64,64,0,33,-154,0,0,100,0,1552,48,64,64,0,10,-170,0,0,100,0,992,736,128,96,0,89,-136,0,0,100,0,1168,224,48,48,0,67,-121,0,0,100,0,1472,1216,64,64,0,111,-146,0,0,100,0,1472,1344,32,64,0,67,-167,0,0,100,0,1360,112,64,64,0,43,-175,0,0,100,0,1024,176,48,48,0,62,-178,0,0,100,0,1504,176,48,48,0,55,-147,0,0,100,0,1104,32,32,16,0,1,-141,0,0,100,0,1480,1280,64,31,0,79,-132,0,0,100,0,1088,1472,80,64,0,112,-216,0,0,90,0,768,1296,80,128,0,0,-256,0,0,30,0,768,432,192,256,0,112,-216,0,0,100,0,768,1168,80,128,0,93,-169,0,0,100,0,1024,0,48,48,0,0,-256,0,1,70,0,768,944,192,216,0,0,-256,0,0,100,0,768,0,192,256,0,0,-256,0,1,90,0,0,1120,192,160,0,0,-256,0,0,90,0,0,968,192,152,0,0,-256,0,1,100,0,0,816,192,152,0,0,-256,0,1,90,0,0,672,192,144,0,0,-256,0,1,90,0,192,416,192,256,0,0,-256,0,0,100,0,0,416,192,256,0,0,-256,0,0,90,0,576,160,192,256,0,0,-256,0,1,30,0,768,688,192,256,0,0,-256,0,1,90,0,384,160,192,256,0,0,-256,0,0,90,0,192,160,192,256,0,48,-217,0,1,90,0,464,416,112,88,0,0,-256,0,0,90,0,0,160,192,256,0,71,-234,0,1,90,0,384,416,80,128,0,0,-256,0,1,90,0,0,0,192,160,0,0,-256,0,0,100,0,0,1280,192,256,0,0,-256,0,0,100,0,193,1536,192,256,0,
0,38,0,-256,0,0,100,0,0,1536,192,256,0,95,-148,0,1,100,0,1472,1072,48,64,0,121,-150,0,1,100,0,1424,1072,48,64,0,0,-256,0,0,20,0,976,896,192,256,0,24,-254,0,1,100,0,1280,850,112,174,0,67,-211,0,0,100,0,1168,336,64,64,0,3,-197,0,0,100,0,1170,672,142,144,0,89,-136,0,0,100,0,1168,224,48,48,0,67,-121,0,0,100,0,1472,1216,64,64,0,111,-146,0,0,100,0,1472,1344,32,64,0,67,-167,0,0,100,0,1360,112,64,64,0,43,-175,0,0,100,0,1024,176,48,48,0,62,-178,0,0,100,0,1504,176,48,48,0,55,-147,0,0,100,0,1104,32,32,16,0,1,-141,0,0,100,0,1480,1280,64,31,0,79,-132,0,0,100,0,1328,1472,80,64,0,112,-216,0,0,80,0,1008,1296,80,128,0,0,-256,0,0,30,0,768,432,192,256,0,112,-216,0,0,100,0,1008,1168,80,128,0,93,-169,0,0,100,0,1024,0,48,48,0,0,-256,0,1,60,0,768,944,192,216,0,0,-256,0,0,100,0,768,0,192,256,0,0,-256,0,1,90,0,576,1120,192,160,0,0,-256,0,0,90,0,576,968,192,152,0,0,-256,0,1,100,0,576,816,192,152,0,0,-256,0,1,90,0,576,672,192,144,0,0,-256,0,1,80,0,192,416,192,256,0,0,-256,0,0,100,0,0,416,192,256,0,0,-256,0,0,90,0,576,160,192,256,0,0,-256,0,1,30,0,768,688,192,256,0,0,-256,0,1,70,0,384,160,192,256,0,0,-256,0,0,90,0,192,160,192,256,0,48,-217,0,1,90,0,464,416,112,88,0,0,-256,0,0,90,0,0,160,192,256,0,71,-234,0,1,90,0,384,416,80,128,0,0,-256,0,1,90,0,576,0,192,160,0,0,-256,0,0,100,0,576,1280,192,256,0,0,-256,0,0,100,0,193,1536,192,256,0,
0,38,0,-256,0,0,100,0,0,1536,192,256,0,95,-148,0,1,100,0,1520,1072,48,64,0,121,-150,0,1,100,0,1472,1072,48,64,0,0,-256,0,0,40,0,976,896,192,256,0,24,-254,0,1,50,0,1280,850,112,174,0,67,-208,0,0,100,0,1168,336,64,64,0,5,-198,0,0,100,0,1351,672,137,160,0,89,-136,0,0,100,0,1168,224,48,48,0,67,-121,0,0,100,0,1472,1216,64,64,0,111,-146,0,0,100,0,1472,1344,32,64,0,67,-167,0,0,100,0,1360,112,64,64,0,43,-175,0,0,100,0,1024,176,48,48,0,62,-178,0,0,100,0,1504,176,48,48,0,55,-147,0,0,100,0,1104,32,32,16,0,1,-141,0,0,100,0,1480,1280,64,31,0,79,-132,0,0,100,0,1248,1472,80,64,0,112,-216,0,0,70,0,928,1296,80,128,0,0,-256,0,0,30,0,768,432,192,256,0,112,-216,0,0,100,0,928,1168,80,128,0,93,-169,0,0,100,0,1024,0,48,48,0,0,-256,0,1,50,0,768,944,192,216,0,0,-256,0,0,100,0,768,0,192,256,0,0,-256,0,1,90,0,384,1120,192,160,0,0,-256,0,0,90,0,384,968,192,152,0,0,-256,0,1,100,0,384,816,192,152,0,0,-256,0,1,90,0,384,672,192,144,0,0,-256,0,1,70,0,192,416,192,256,0,0,-256,0,0,100,0,0,416,192,256,0,0,-256,0,0,90,0,576,160,192,256,0,0,-256,0,1,30,0,768,688,192,256,0,0,-256,0,1,50,0,384,160,192,256,0,0,-256,0,0,90,0,192,160,192,256,0,48,-217,0,1,90,0,464,416,112,88,0,0,-256,0,0,90,0,0,160,192,256,0,71,-234,0,1,90,0,384,416,80,128,0,0,-256,0,1,90,0,384,0,192,160,0,0,-256,0,0,100,0,384,1280,192,256,0,0,-256,0,0,100,0,193,1536,192,256,0,
0,37,0,-256,0,0,100,0,0,1536,192,256,0,95,-148,0,1,100,0,1568,1072,48,64,0,121,-150,0,1,100,0,1520,1072,48,64,0,0,-256,0,0,60,0,976,896,192,256,0,67,-205,0,0,100,0,1168,336,64,64,0,5,-198,0,0,70,0,1351,672,137,160,0,89,-136,0,0,100,0,1168,224,48,48,0,67,-121,0,0,100,0,1472,1216,64,64,0,111,-146,0,0,100,0,1472,1344,32,64,0,67,-167,0,0,100,0,1360,112,64,64,0,43,-175,0,0,100,0,1024,176,48,48,0,62,-178,0,0,100,0,1504,176,48,48,0,55,-147,0,0,100,0,1104,32,32,16,0,1,-141,0,0,100,0,1480,1280,64,31,0,79,-132,0,0,100,0,1168,1472,80,64,0,112,-216,0,0,80,0,848,1296,80,128,0,0,-256,0,0,30,0,768,432,192,256,0,112,-216,0,0,100,0,848,1168,80,128,0,93,-169,0,0,100,0,1024,0,48,48,0,0,-256,0,1,60,0,768,944,192,216,0,0,-256,0,0,100,0,768,0,192,256,0,0,-256,0,1,90,0,192,1120,192,160,0,0,-256,0,0,90,0,192,968,192,152,0,0,-256,0,1,100,0,192,816,192,152,0,0,-256,0,1,90,0,192,672,192,144,0,0,-256,0,1,80,0,192,416,192,256,0,0,-256,0,0,100,0,0,416,192,256,0,0,-256,0,0,90,0,576,160,192,256,0,0,-256,0,1,30,0,768,688,192,256,0,0,-256,0,1,70,0,384,160,192,256,0,0,-256,0,0,90,0,192,160,192,256,0,48,-217,0,1,90,0,464,416,112,88,0,0,-256,0,0,90,0,0,160,192,256,0,71,-234,0,1,90,0,384,416,80,128,0,0,-256,0,1,90,0,192,0,192,160,0,0,-256,0,0,100,0,192,1280,192,256,0,0,-256,0,0,100,0,193,1536,192,256,0,
0,37,0,-256,0,0,100,0,0,1536,192,256,0,95,-148,0,1,50,0,1472,1072,48,64,0,121,-150,0,1,50,0,1568,1072,48,64,0,0,-256,0,0,80,0,976,896,192,256,0,67,-202,0,0,100,0,1168,336,64,64,0,5,-198,0,0,50,0,1351,672,137,160,0,89,-136,0,0,100,0,1168,224,48,48,0,67,-121,0,0,100,0,1472,1216,64,64,0,111,-146,0,0,100,0,1472,1344,32,64,0,67,-167,0,0,100,0,1360,112,64,64,0,43,-175,0,0,100,0,1024,176,48,48,0,62,-178,0,0,100,0,1504,176,48,48,0,55,-147,0,0,100,0,1104,32,32,16,0,1,-141,0,0,100,0,1480,1280,64,31,0,79,-132,0,0,100,0,1088,1472,80,64,0,112,-216,0,0,90,0,768,1296,80,128,0,0,-256,0,0,30,0,768,432,192,256,0,112,-216,0,0,100,0,768,1168,80,128,0,93,-169,0,0,100,0,1024,0,48,48,0,0,-256,0,1,70,0,768,944,192,216,0,0,-256,0,0,100,0,768,0,192,256,0,0,-256,0,1,90,0,0,1120,192,160,0,0,-256,0,0,90,0,0,968,192,152,0,0,-256,0,1,100,0,0,816,192,152,0,0,-256,0,1,90,0,0,672,192,144,0,0,-256,0,1,90,0,192,416,192,256,0,0,-256,0,0,100,0,0,416,192,256,0,0,-256,0,0,90,0,576,160,192,256,0,0,-256,0,1,30,0,768,688,192,256,0,0,-256,0,1,90,0,384,160,192,256,0,0,-256,0,0,90,0,192,160,192,256,0,48,-217,0,1,90,0,464,416,112,88,0,0,-256,0,0,90,0,0,160,192,256,0,71,-234,0,1,90,0,384,416,80,128,0,0,-256,0,1,90,0,0,0,192,160,0,0,-256,0,0,100,0,0,1280,192,256,0,0,-256,0,0,100,0,193,1536,192,256,0,
0,35,0,-256,0,0,100,0,0,1536,192,256,0,0,-256,0,0,90,0,976,896,192,256,0,67,-202,0,0,100,0,1168,336,64,64,0,5,-198,0,0,30,0,1351,672,137,160,0,89,-136,0,0,100,0,1168,224,48,48,0,67,-121,0,0,100,0,1472,1216,64,64,0,111,-146,0,0,100,0,1472,1344,32,64,0,67,-167,0,0,100,0,1360,112,64,64,0,43,-175,0,0,100,0,1024,176,48,48,0,62,-178,0,0,100,0,1504,176,48,48,0,55,-147,0,0,100,0,1104,32,32,16,0,1,-141,0,0,100,0,1480,1280,64,31,0,79,-132,0,0,100,0,1328,1472,80,64,0,112,-216,0,0,80,0,1008,1296,80,128,0,0,-256,0,0,30,0,768,432,192,256,0,112,-216,0,0,100,0,1008,1168,80,128,0,93,-169,0,0,100,0,1024,0,48,48,0,0,-256,0,1,60,0,768,944,192,216,0,0,-256,0,0,100,0,768,0,192,256,0,0,-256,0,1,90,0,576,1120,192,160,0,0,-256,0,0,90,0,576,968,192,152,0,0,-256,0,1,100,0,576,816,192,152,0,0,-256,0,1,90,0,576,672,192,144,0,0,-256,0,1,80,0,192,416,192,256,0,0,-256,0,0,100,0,0,416,192,256,0,0,-256,0,0,90,0,576,160,192,256,0,0,-256,0,1,30,0,768,688,192,256,0,0,-256,0,1,70,0,384,160,192,256,0,0,-256,0,0,90,0,192,160,192,256,0,48,-217,0,1,90,0,464,416,112,88,0,0,-256,0,0,90,0,0,160,192,256,0,71,-234,0,1,90,0,384,416,80,128,0,0,-256,0,1,90,0,576,0,192,160,0,0,-256,0,0,100,0,576,1280,192,256,0,0,-256,0,0,100,0,193,1536,192,256,0,
0,4,0,-256,0,0,100,0,0,1536,192,256,0,0,-256,0,0,100,0,976,896,192,256,0,0,-256,0,0,100,0,384,1280,192,256,0,0,-256,0,0,100,0,193,1536,192,256,0,
0,26,0,-256,0,0,100,0,0,1536,192,256,0,0,-256,0,0,80,0,976,896,192,256,0,33,-150,0,0,100,0,976,48,64,64,0,1,-173,0,0,100,0,1088,1280,64,64,0,112,-216,0,0,90,0,768,1296,80,128,0,0,-256,0,0,30,0,768,432,192,256,0,112,-216,0,0,100,0,768,1168,80,128,0,93,-169,0,0,100,0,1024,0,48,48,0,0,-256,0,1,70,0,768,944,192,216,0,0,-256,0,0,100,0,768,0,192,256,0,0,-256,0,1,90,0,0,1120,192,160,0,0,-256,0,0,90,0,0,968,192,152,0,0,-256,0,1,100,0,0,816,192,152,0,0,-256,0,1,90,0,0,672,192,144,0,0,-256,0,1,90,0,192,416,192,256,0,0,-256,0,0,100,0,0,416,192,256,0,0,-256,0,0,90,0,576,160,192,256,0,0,-256,0,1,30,0,768,688,192,256,0,0,-256,0,1,90,0,384,160,192,256,0,0,-256,0,0,90,0,192,160,192,256,0,48,-217,0,1,90,0,464,416,112,88,0,0,-256,0,0,90,0,0,160,192,256,0,71,-234,0,1,90,0,384,416,80,128,0,0,-256,0,1,90,0,0,0,192,160,0,0,-256,0,0,100,0,0,1280,192,256,0,0,-256,0,0,100,0,193,1536,192,256,0,
0,26,0,-256,0,0,100,0,0,1536,192,256,0,0,-256,0,0,60,0,976,896,192,256,0,33,-150,0,0,100,0,976,48,64,64,0,1,-173,0,0,100,0,1152,1280,64,64,0,112,-216,0,0,80,0,848,1296,80,128,0,0,-256,0,0,30,0,768,432,192,256,0,112,-216,0,0,100,0,848,1168,80,128,0,93,-169,0,0,100,0,1024,0,48,48,0,0,-256,0,1,60,0,768,944,192,216,0,0,-256,0,0,100,0,768,0,192,256,0,0,-256,0,1,90,0,192,1120,192,160,0,0,-256,0,0,90,0,192,968,192,152,0,0,-256,0,1,100,0,192,816,192,152,0,0,-256,0,1,90,0,192,672,192,144,0,0,-256,0,1,80,0,192,416,192,256,0,0,-256,0,0,100,0,0,416,192,256,0,0,-256,0,0,90,0,576,160,192,256,0,0,-256,0,1,30,0,768,688,192,256,0,0,-256,0,1,70,0,384,160,192,256,0,0,-256,0,0,90,0,192,160,192,256,0,48,-217,0,1,90,0,464,416,112,88,0,0,-256,0,0,90,0,0,160,192,256,0,71,-234,0,1,90,0,384,416,80,128,0,0,-256,0,1,90,0,192,0,192,160,0,0,-256,0,0,100,0,192,1280,192,256,0,0,-256,0,0,100,0,193,1536,192,256,0,
0,26,0,-256,0,0,100,0,0,1536,192,256,0,0,-256,0,0,40,0,976,896,192,256,0,33,-150,0,0,100,0,976,48,64,64,0,1,-173,0,0,100,0,1216,1280,64,64,0,112,-216,0,0,70,0,928,1296,80,128,0,0,-256,0,0,30,0,768,432,192,256,0,112,-216,0,0,100,0,928,1168,80,128,0,93,-169,0,0,100,0,1024,0,48,48,0,0,-256,0,1,50,0,768,944,192,216,0,0,-256,0,0,100,0,768,0,192,256,0,0,-256,0,1,90,0,384,1120,192,160,0,0,-256,0,0,90,0,384,968,192,152,0,0,-256,0,1,100,0,384,816,192,152,0,0,-256,0,1,90,0,384,672,192,144,0,0,-256,0,1,70,0,192,416,192,256,0,0,-256,0,0,100,0,0,416,192,256,0,0,-256,0,0,90,0,576,160,192,256,0,0,-256,0,1,30,0,768,688,192,256,0,0,-256,0,1,50,0,384,160,192,256,0,0,-256,0,0,90,0,192,160,192,256,0,48,-217,0,1,90,0,464,416,112,88,0,0,-256,0,0,90,0,0,160,192,256,0,71,-234,0,1,90,0,384,416,80,128,0,0,-256,0,1,90,0,384,0,192,160,0,0,-256,0,0,100,0,384,1280,192,256,0,0,-256,0,0,100,0,193,1536,192,256,0,
0,26,0,-256,0,0,100,0,0,1536,192,256,0,0,-256,0,0,20,0,976,896,192,256,0,33,-150,0,0,100,0,976,48,64,64,0,1,-173,0,0,100,0,1280,1280,64,64,0,112,-216,0,0,80,0,1008,1296,80,128,0,0,-256,0,0,30,0,768,432,192,256,0,112,-216,0,0,100,0,1008,1168,80,128,0,93,-169,0,0,100,0,1024,0,48,48,0,0,-256,0,1,60,0,768,944,192,216,0,0,-256,0,0,100,0,768,0,192,256,0,0,-256,0,1,90,0,576,1120,192,160,0,0,-256,0,0,90,0,576,968,192,152,0,0,-256,0,1,100,0,576,816,192,152,0,0,-256,0,1,90,0,576,672,192,144,0,0,-256,0,1,80,0,192,416,192,256,0,0,-256,0,0,100,0,0,416,192,256,0,0,-256,0,0,90,0,576,160,192,256,0,0,-256,0,1,30,0,768,688,192,256,0,0,-256,0,1,70,0,384,160,192,256,0,0,-256,0,0,90,0,192,160,192,256,0,48,-217,0,1,90,0,464,416,112,88,0,0,-256,0,0,90,0,0,160,192,256,0,71,-234,0,1,90,0,384,416,80,128,0,0,-256,0,1,90,0,576,0,192,160,0,0,-256,0,0,100,0,576,1280,192,256,0,0,-256,0,0,100,0,193,1536,192,256,0,
