0,21,-4,-256,0,0,100,0,192,1344,192,256,0,52,-183,0,0,100,0,384,0,48,68,0,36,-167,0,1,95,0,504,184,72,72,0,52,-135,0,0,100,0,384,68,48,28,0,84,-198,0,0,100,0,384,0,48,68,0,68,-182,0,1,75,0,504,184,72,72,0,84,-150,0,0,100,0,384,68,48,28,0,110,-212,0,0,100,0,384,0,48,68,0,94,-196,0,1,75,0,432,184,72,72,0,110,-164,0,0,100,0,384,68,48,28,0,72,-116,0,0,100,0,96,448,48,48,0,92,-128,0,0,100,0,96,256,48,48,0,0,-256,0,0,100,0,192,0,192,256,0,80,-220,0,0,100,0,48,544,48,44,0,76,-196,0,0,100,0,412,144,40,32,0,52,-128,0,0,100,0,508,116,60,64,0,56,-140,0,0,100,0,0,688,48,48,0,68,-128,0,0,100,0,452,144,36,36,0,52,-140,0,0,100,0,0,640,48,48,0,0,-256,0,0,100,0,0,0,192,256,0,0,-256,0,0,100,0,0,1344,192,256,0,
0,23,0,-256,0,0,100,0,192,1344,192,256,0,52,-183,0,0,100,0,384,0,48,68,0,36,-167,0,1,90,0,432,184,72,72,0,52,-135,0,0,100,0,384,68,48,28,0,84,-198,0,0,100,0,384,0,48,68,0,68,-182,0,1,95,0,432,184,72,72,0,84,-150,0,0,100,0,384,68,48,28,0,110,-212,0,0,100,0,384,0,48,68,0,94,-196,0,1,70,0,432,184,72,72,0,110,-164,0,0,100,0,384,68,48,28,0,64,-112,0,0,100,0,384,172,28,28,0,73,-99,0,0,100,0,384,144,28,28,0,72,-136,0,0,100,0,128,256,64,64,0,72,-136,0,0,100,0,384,256,64,64,0,53,-138,0,0,100,0,288,512,48,48,0,0,-256,0,0,100,0,192,0,192,256,0,79,-238,0,0,100,0,64,384,64,64,0,45,-154,0,0,100,0,192,448,64,64,0,77,-123,0,0,50,0,96,512,48,48,0,65,-119,0,0,50,0,0,512,48,48,0,94,-127,0,0,50,0,0,512,48,48,0,0,-256,0,0,100,0,0,0,192,256,0,0,-256,0,0,100,0,0,1344,192,256,0,
0,0,
0,0,
0,22,0,-256,0,0,100,0,192,1344,192,256,0,52,-183,0,0,100,0,384,0,48,68,0,36,-167,0,1,95,0,504,184,72,72,0,52,-135,0,0,100,0,384,68,48,28,0,84,-198,0,0,100,0,384,0,48,68,0,68,-182,0,1,75,0,504,184,72,72,0,84,-150,0,0,100,0,384,68,48,28,0,110,-212,0,0,100,0,384,0,48,68,0,94,-196,0,1,75,0,432,184,72,72,0,110,-164,0,0,100,0,384,68,48,28,0,64,-112,0,0,100,0,384,172,28,28,0,73,-99,0,0,100,0,384,144,28,28,0,72,-136,0,0,100,0,128,256,64,64,0,72,-136,0,0,100,0,384,256,64,64,0,0,-256,0,0,100,0,192,0,192,256,0,79,-238,0,0,100,0,64,384,64,64,0,45,-154,0,0,100,0,256,448,64,64,0,77,-123,0,0,50,0,96,512,48,48,0,65,-119,0,0,50,0,0,512,48,48,0,94,-127,0,0,50,0,0,512,48,48,0,0,-256,0,0,100,0,0,0,192,256,0,0,-256,0,0,100,0,0,1344,192,256,0,
0,0,
0,0,
0,0,
0,0,
0,0,
0,23,0,-256,0,0,100,0,192,832,192,256,0,52,-183,0,0,100,0,384,0,48,68,0,36,-167,0,1,100,0,504,184,72,72,0,52,-135,0,0,100,0,384,68,48,28,0,84,-198,0,0,100,0,384,0,48,68,0,68,-182,0,1,85,0,504,184,72,72,0,84,-150,0,0,100,0,384,68,48,28,0,110,-212,0,0,100,0,384,0,48,68,0,94,-196,0,1,60,0,432,184,72,72,0,110,-164,0,0,100,0,384,68,48,28,0,72,-116,0,0,100,0,96,448,48,48,0,92,-128,0,0,100,0,96,256,48,48,0,0,-256,0,0,100,0,192,0,192,256,0,80,-220,0,0,100,0,48,544,48,44,0,76,-196,0,0,100,0,412,144,40,32,0,52,-128,0,0,100,0,508,116,60,64,0,56,-140,0,0,100,0,0,688,48,48,0,68,-128,0,0,100,0,452,144,36,36,0,52,-140,0,0,100,0,0,640,48,48,0,94,-127,0,0,40,0,0,784,44,48,0,73,-116,0,0,40,0,0,784,44,48,0,0,-256,0,0,100,0,0,0,192,256,0,0,-256,0,0,100,0,0,832,192,256,0,
0,23,0,-256,0,0,100,0,192,832,192,256,0,52,-183,0,0,100,0,384,0,48,68,0,36,-167,0,1,100,0,504,184,72,72,0,52,-135,0,0,100,0,384,68,48,28,0,84,-198,0,0,100,0,384,0,48,68,0,68,-182,0,1,80,0,504,184,72,72,0,84,-150,0,0,100,0,384,68,48,28,0,110,-212,0,0,100,0,384,0,48,68,0,94,-196,0,1,60,0,432,184,72,72,0,110,-164,0,0,100,0,384,68,48,28,0,72,-116,0,0,100,0,96,448,48,48,0,92,-128,0,0,100,0,96,400,48,48,0,0,-256,0,0,100,0,192,0,192,256,0,80,-220,0,0,100,0,48,544,48,44,0,76,-196,0,0,100,0,412,144,40,32,0,52,-128,0,0,100,0,508,116,60,64,0,56,-140,0,0,100,0,0,688,48,48,0,68,-128,0,0,100,0,452,144,36,36,0,52,-140,0,0,100,0,0,640,48,48,0,94,-127,0,0,40,0,0,784,44,48,0,73,-116,0,0,40,0,0,784,44,48,0,0,-256,0,0,100,0,0,0,192,256,0,0,-256,0,0,100,0,0,832,192,256,0,
0,23,0,-256,0,0,100,0,192,832,192,256,0,52,-183,0,0,100,0,384,0,48,68,0,36,-167,0,1,95,0,504,184,72,72,0,52,-135,0,0,100,0,384,68,48,28,0,84,-198,0,0,100,0,384,0,48,68,0,68,-182,0,1,75,0,432,184,72,72,0,84,-150,0,0,100,0,384,68,48,28,0,110,-212,0,0,100,0,384,0,48,68,0,94,-196,0,1,60,0,432,184,72,72,0,110,-164,0,0,100,0,384,68,48,28,0,72,-116,0,0,100,0,96,448,48,48,0,92,-128,0,0,100,0,96,256,48,48,0,0,-256,0,0,100,0,192,0,192,256,0,80,-220,0,0,100,0,48,544,48,44,0,76,-196,0,0,100,0,412,144,40,32,0,52,-128,0,0,100,0,508,116,60,64,0,56,-140,0,0,100,0,48,688,48,48,0,68,-128,0,0,100,0,452,144,36,36,0,52,-140,0,0,100,0,0,640,48,48,0,94,-127,0,0,40,0,0,784,44,48,0,73,-116,0,0,40,0,0,784,44,48,0,0,-256,0,0,100,0,0,0,192,256,0,0,-256,0,0,100,0,0,832,192,256,0,
0,23,0,-256,0,0,100,0,192,832,192,256,0,52,-183,0,0,100,0,384,0,48,68,0,36,-167,0,1,95,0,504,184,72,72,0,52,-135,0,0,100,0,384,68,48,28,0,84,-198,0,0,100,0,384,0,48,68,0,68,-182,0,1,70,0,504,184,72,72,0,84,-150,0,0,100,0,384,68,48,28,0,110,-212,0,0,100,0,384,0,48,68,0,94,-196,0,1,60,0,504,184,72,72,0,110,-164,0,0,100,0,384,68,48,28,0,72,-116,0,0,100,0,96,448,48,48,0,92,-128,0,0,100,0,144,400,48,48,0,0,-256,0,0,100,0,192,0,192,256,0,80,-220,0,0,100,0,48,544,48,44,0,76,-196,0,0,100,0,412,144,40,32,0,52,-128,0,0,100,0,508,116,60,64,0,56,-140,0,0,100,0,48,688,48,48,0,68,-128,0,0,100,0,452,144,36,36,0,52,-140,0,0,100,0,0,640,48,48,0,94,-127,0,0,40,0,0,784,44,48,0,73,-116,0,0,40,0,0,784,44,48,0,0,-256,0,0,100,0,0,0,192,256,0,0,-256,0,0,100,0,0,832,192,256,0,
0,23,0,-256,0,0,100,0,192,832,192,256,0,52,-183,0,0,100,0,384,0,48,68,0,36,-167,0,1,95,0,504,184,72,72,0,52,-135,0,0,100,0,384,68,48,28,0,84,-198,0,0,100,0,384,0,48,68,0,68,-182,0,1,65,0,432,184,72,72,0,84,-150,0,0,100,0,384,68,48,28,0,110,-212,0,0,100,0,384,0,48,68,0,94,-196,0,1,65,0,504,184,72,72,0,110,-164,0,0,100,0,384,68,48,28,0,72,-116,0,0,100,0,96,448,48,48,0,92,-128,0,0,100,0,96,256,48,48,0,0,-256,0,0,100,0,192,0,192,256,0,80,-220,0,0,100,0,48,544,48,44,0,76,-196,0,0,100,0,412,144,40,32,0,52,-128,0,0,100,0,508,116,60,64,0,56,-140,0,0,100,0,96,688,48,48,0,68,-128,0,0,100,0,452,144,36,36,0,52,-140,0,0,100,0,0,640,48,48,0,94,-127,0,0,40,0,0,784,44,48,0,73,-116,0,0,40,0,0,784,44,48,0,0,-256,0,0,100,0,0,0,192,256,0,0,-256,0,0,100,0,0,832,192,256,0,
0,23,0,-256,0,0,100,0,192,832,192,256,0,52,-183,0,0,100,0,384,0,48,68,0,36,-167,0,1,95,0,504,184,72,72,0,52,-135,0,0,100,0,384,68,48,28,0,84,-198,0,0,100,0,384,0,48,68,0,68,-182,0,1,60,0,504,184,72,72,0,84,-150,0,0,100,0,384,68,48,28,0,110,-212,0,0,100,0,384,0,48,68,0,94,-196,0,1,70,0,504,184,72,72,0,110,-164,0,0,100,0,384,68,48,28,0,72,-116,0,0,100,0,96,448,48,48,0,92,-128,0,0,100,0,192,400,48,48,0,0,-256,0,0,100,0,192,0,192,256,0,80,-220,0,0,100,0,48,544,48,44,0,76,-196,0,0,100,0,412,144,40,32,0,52,-128,0,0,100,0,508,116,60,64,0,56,-140,0,0,100,0,96,688,48,48,0,68,-128,0,0,100,0,452,144,36,36,0,52,-140,0,0,100,0,0,640,48,48,0,94,-127,0,0,40,0,0,784,44,48,0,73,-116,0,0,40,0,0,784,44,48,0,0,-256,0,0,100,0,0,0,192,256,0,0,-256,0,0,100,0,0,832,192,256,0,
0,23,0,-256,0,0,100,0,192,832,192,256,0,52,-183,0,0,100,0,384,0,48,68,0,36,-167,0,1,90,0,432,184,72,72,0,52,-135,0,0,100,0,384,68,48,28,0,84,-198,0,0,100,0,384,0,48,68,0,68,-182,0,1,65,0,504,184,72,72,0,84,-150,0,0,100,0,384,68,48,28,0,110,-212,0,0,100,0,384,0,48,68,0,94,-196,0,1,75,0,432,184,72,72,0,110,-164,0,0,100,0,384,68,48,28,0,72,-116,0,0,100,0,96,448,48,48,0,92,-128,0,0,100,0,96,256,48,48,0,0,-256,0,0,100,0,192,0,192,256,0,80,-220,0,0,100,0,48,544,48,44,0,76,-196,0,0,100,0,412,144,40,32,0,52,-128,0,0,100,0,508,116,60,64,0,56,-140,0,0,100,0,144,688,48,48,0,68,-128,0,0,100,0,452,144,36,36,0,52,-140,0,0,100,0,0,640,48,48,0,94,-127,0,0,40,0,0,784,44,48,0,73,-116,0,0,40,0,0,784,44,48,0,0,-256,0,0,100,0,0,0,192,256,0,0,-256,0,0,100,0,0,832,192,256,0,
0,23,0,-256,0,0,100,0,192,832,192,256,0,52,-183,0,0,100,0,384,0,48,68,0,36,-167,0,1,90,0,432,184,72,72,0,52,-135,0,0,100,0,384,68,48,28,0,84,-198,0,0,100,0,384,0,48,68,0,68,-182,0,1,60,0,504,184,72,72,0,84,-150,0,0,100,0,384,68,48,28,0,110,-212,0,0,100,0,384,0,48,68,0,94,-196,0,1,80,0,432,184,72,72,0,110,-164,0,0,100,0,384,68,48,28,0,72,-116,0,0,100,0,96,448,48,48,0,92,-128,0,0,100,0,96,400,48,48,0,0,-256,0,0,100,0,192,0,192,256,0,80,-220,0,0,100,0,48,544,48,44,0,76,-196,0,0,100,0,412,144,40,32,0,52,-128,0,0,100,0,508,116,60,64,0,56,-140,0,0,100,0,144,688,48,48,0,68,-128,0,0,100,0,452,144,36,36,0,52,-140,0,0,100,0,0,640,48,48,0,94,-127,0,0,40,0,0,784,44,48,0,73,-116,0,0,40,0,0,784,44,48,0,0,-256,0,0,100,0,0,0,192,256,0,0,-256,0,0,100,0,0,832,192,256,0,
0,23,0,-256,0,0,100,0,192,832,192,256,0,52,-183,0,0,100,0,384,0,48,68,0,36,-167,0,1,90,0,504,184,72,72,0,52,-135,0,0,100,0,384,68,48,28,0,84,-198,0,0,100,0,384,0,48,68,0,68,-182,0,1,65,0,504,184,72,72,0,84,-150,0,0,100,0,384,68,48,28,0,110,-212,0,0,100,0,384,0,48,68,0,94,-196,0,1,85,0,432,184,72,72,0,110,-164,0,0,100,0,384,68,48,28,0,72,-116,0,0,100,0,96,448,48,48,0,92,-128,0,0,100,0,96,256,48,48,0,0,-256,0,0,100,0,192,0,192,256,0,80,-220,0,0,100,0,48,544,48,44,0,76,-196,0,0,100,0,412,144,40,32,0,52,-128,0,0,100,0,508,116,60,64,0,56,-140,0,0,100,0,0,688,48,48,0,68,-128,0,0,100,0,452,144,36,36,0,52,-140,0,0,100,0,0,640,48,48,0,94,-127,0,0,40,0,0,784,44,48,0,73,-116,0,0,40,0,0,784,44,48,0,0,-256,0,0,100,0,0,0,192,256,0,0,-256,0,0,100,0,0,832,192,256,0,
0,23,0,-256,0,0,100,0,192,832,192,256,0,52,-183,0,0,100,0,384,0,48,68,0,36,-167,0,1,85,0,504,184,72,72,0,52,-135,0,0,100,0,384,68,48,28,0,84,-198,0,0,100,0,384,0,48,68,0,68,-182,0,1,70,0,432,184,72,72,0,84,-150,0,0,100,0,384,68,48,28,0,110,-212,0,0,100,0,384,0,48,68,0,94,-196,0,1,90,0,504,184,72,72,0,110,-164,0,0,100,0,384,68,48,28,0,72,-116,0,0,100,0,96,448,48,48,0,92,-128,0,0,100,0,144,400,48,48,0,0,-256,0,0,100,0,192,0,192,256,0,80,-220,0,0,100,0,48,544,48,44,0,76,-196,0,0,100,0,412,144,40,32,0,52,-128,0,0,100,0,508,116,60,64,0,56,-140,0,0,100,0,0,688,48,48,0,68,-128,0,0,100,0,452,144,36,36,0,52,-140,0,0,100,0,0,640,48,48,0,94,-127,0,0,40,0,0,784,44,48,0,73,-116,0,0,40,0,0,784,44,48,0,0,-256,0,0,100,0,0,0,192,256,0,0,-256,0,0,100,0,0,832,192,256,0,
0,23,0,-256,0,0,100,0,192,832,192,256,0,52,-183,0,0,100,0,384,0,48,68,0,36,-167,0,1,85,0,504,184,72,72,0,52,-135,0,0,100,0,384,68,48,28,0,84,-198,0,0,100,0,384,0,48,68,0,68,-182,0,1,75,0,432,184,72,72,0,84,-150,0,0,100,0,384,68,48,28,0,110,-212,0,0,100,0,384,0,48,68,0,94,-196,0,1,95,0,504,184,72,72,0,110,-164,0,0,100,0,384,68,48,28,0,72,-116,0,0,100,0,96,448,48,48,0,92,-128,0,0,100,0,96,256,48,48,0,0,-256,0,0,100,0,192,0,192,256,0,80,-220,0,0,100,0,48,544,48,44,0,76,-196,0,0,100,0,412,144,40,32,0,52,-128,0,0,100,0,508,116,60,64,0,56,-140,0,0,100,0,0,688,48,48,0,68,-128,0,0,100,0,452,144,36,36,0,52,-140,0,0,100,0,0,640,48,48,0,94,-127,0,0,40,0,0,784,44,48,0,73,-116,0,0,40,0,0,784,44,48,0,0,-256,0,0,100,0,0,0,192,256,0,0,-256,0,0,100,0,0,832,192,256,0,
0,23,0,-256,0,0,100,0,192,832,192,256,0,52,-183,0,0,100,0,384,0,48,68,0,36,-167,0,1,85,0,504,184,72,72,0,52,-135,0,0,100,0,384,68,48,28,0,84,-198,0,0,100,0,384,0,48,68,0,68,-182,0,1,80,0,504,184,72,72,0,84,-150,0,0,100,0,384,68,48,28,0,110,-212,0,0,100,0,384,0,48,68,0,94,-196,0,1,100,0,504,184,72,72,0,110,-164,0,0,100,0,384,68,48,28,0,72,-116,0,0,100,0,96,448,48,48,0,92,-128,0,0,100,0,192,400,48,48,0,0,-256,0,0,100,0,192,0,192,256,0,80,-220,0,0,100,0,48,544,48,44,0,76,-196,0,0,100,0,412,144,40,32,0,52,-128,0,0,100,0,508,116,60,64,0,56,-140,0,0,100,0,0,688,48,48,0,68,-128,0,0,100,0,452,144,36,36,0,52,-140,0,0,100,0,0,640,48,48,0,94,-127,0,0,40,0,0,784,44,48,0,73,-116,0,0,40,0,0,784,44,48,0,0,-256,0,0,100,0,0,0,192,256,0,0,-256,0,0,100,0,0,832,192,256,0,
0,23,0,-256,0,0,100,0,192,832,192,256,0,52,-183,0,0,100,0,384,0,48,68,0,36,-167,0,1,85,0,504,184,72,72,0,52,-135,0,0,100,0,384,68,48,28,0,84,-198,0,0,100,0,384,0,48,68,0,68,-182,0,1,85,0,504,184,72,72,0,84,-150,0,0,100,0,384,68,48,28,0,110,-212,0,0,100,0,384,0,48,68,0,94,-196,0,1,100,0,432,184,72,72,0,110,-164,0,0,100,0,384,68,48,28,0,72,-116,0,0,100,0,96,448,48,48,0,92,-128,0,0,100,0,144,256,48,48,0,0,-256,0,0,100,0,192,0,192,256,0,80,-220,0,0,100,0,96,544,48,44,0,76,-196,0,0,100,0,412,144,40,32,0,52,-128,0,0,100,0,508,116,60,64,0,56,-140,0,0,100,0,0,688,48,48,0,68,-128,0,0,100,0,452,144,36,36,0,52,-140,0,0,100,0,0,640,48,48,0,94,-127,0,0,40,0,0,784,44,48,0,73,-116,0,0,40,0,0,784,44,48,0,0,-256,0,0,100,0,0,0,192,256,0,0,-256,0,0,100,0,0,832,192,256,0,
0,23,0,-256,0,0,100,0,192,832,192,256,0,52,-183,0,0,100,0,384,0,48,68,0,36,-167,0,1,80,0,504,184,72,72,0,52,-135,0,0,100,0,384,68,48,28,0,84,-198,0,0,100,0,384,0,48,68,0,68,-182,0,1,90,0,504,184,72,72,0,84,-150,0,0,100,0,384,68,48,28,0,110,-212,0,0,100,0,384,0,48,68,0,94,-196,0,1,95,0,432,184,72,72,0,110,-164,0,0,100,0,384,68,48,28,0,72,-116,0,0,100,0,96,448,48,48,0,92,-128,0,0,100,0,192,256,48,48,0,0,-256,0,0,100,0,192,0,192,256,0,80,-220,0,0,100,0,144,544,48,44,0,76,-196,0,0,100,0,412,144,40,32,0,52,-128,0,0,100,0,508,116,60,64,0,56,-140,0,0,100,0,0,688,48,48,0,68,-128,0,0,100,0,452,144,36,36,0,52,-140,0,0,100,0,0,640,48,48,0,94,-127,0,0,40,0,0,784,44,48,0,73,-116,0,0,40,0,0,784,44,48,0,0,-256,0,0,100,0,0,0,192,256,0,0,-256,0,0,100,0,0,832,192,256,0,
0,23,0,-256,0,0,100,0,192,832,192,256,0,52,-183,0,0,100,0,384,0,48,68,0,36,-167,0,1,80,0,504,184,72,72,0,52,-135,0,0,100,0,384,68,48,28,0,84,-198,0,0,100,0,384,0,48,68,0,68,-182,0,1,85,0,432,184,72,72,0,84,-150,0,0,100,0,384,68,48,28,0,110,-212,0,0,100,0,384,0,48,68,0,94,-196,0,1,90,0,432,184,72,72,0,110,-164,0,0,100,0,384,68,48,28,0,72,-116,0,0,100,0,96,448,48,48,0,92,-128,0,0,100,0,240,256,48,48,0,0,-256,0,0,100,0,192,0,192,256,0,80,-220,0,0,100,0,240,544,48,44,0,76,-196,0,0,100,0,412,144,40,32,0,52,-128,0,0,100,0,508,116,60,64,0,56,-140,0,0,100,0,0,688,48,48,0,68,-128,0,0,100,0,452,144,36,36,0,52,-140,0,0,100,0,0,640,48,48,0,94,-127,0,0,40,0,0,784,44,48,0,73,-116,0,0,40,0,0,784,44,48,0,0,-256,0,0,100,0,0,0,192,256,0,0,-256,0,0,100,0,0,832,192,256,0,
0,23,0,-256,0,0,100,0,192,832,192,256,0,52,-183,0,0,100,0,384,0,48,68,0,36,-167,0,1,80,0,504,184,72,72,0,52,-135,0,0,100,0,384,68,48,28,0,84,-198,0,0,100,0,384,0,48,68,0,68,-182,0,1,80,0,504,184,72,72,0,84,-150,0,0,100,0,384,68,48,28,0,110,-212,0,0,100,0,384,0,48,68,0,94,-196,0,1,85,0,504,184,72,72,0,110,-164,0,0,100,0,384,68,48,28,0,72,-116,0,0,100,0,96,448,48,48,0,92,-128,0,0,100,0,288,256,48,48,0,0,-256,0,0,100,0,192,0,192,256,0,80,-220,0,0,100,0,288,544,48,44,0,76,-196,0,0,100,0,412,144,40,32,0,52,-128,0,0,100,0,508,116,60,64,0,56,-140,0,0,100,0,0,688,48,48,0,68,-128,0,0,100,0,452,144,36,36,0,52,-140,0,0,100,0,0,640,48,48,0,94,-127,0,0,40,0,0,784,44,48,0,73,-116,0,0,40,0,0,784,44,48,0,0,-256,0,0,100,0,0,0,192,256,0,0,-256,0,0,100,0,0,832,192,256,0,
0,23,0,-256,0,0,100,0,192,832,192,256,0,52,-183,0,0,100,0,384,0,48,68,0,36,-167,0,1,80,0,504,184,72,72,0,52,-135,0,0,100,0,384,68,48,28,0,84,-198,0,0,100,0,384,0,48,68,0,68,-182,0,1,75,0,504,184,72,72,0,84,-150,0,0,100,0,384,68,48,28,0,110,-212,0,0,100,0,384,0,48,68,0,94,-196,0,1,80,0,504,184,72,72,0,110,-164,0,0,100,0,384,68,48,28,0,72,-116,0,0,100,0,96,448,48,48,0,92,-128,0,0,100,0,336,256,48,48,0,0,-256,0,0,100,0,192,0,192,256,0,80,-220,0,0,100,0,336,544,48,44,0,76,-196,0,0,100,0,412,144,40,32,0,52,-128,0,0,100,0,508,116,60,64,0,56,-140,0,0,100,0,0,688,48,48,0,68,-128,0,0,100,0,452,144,36,36,0,52,-140,0,0,100,0,0,640,48,48,0,94,-127,0,0,40,0,0,784,44,48,0,73,-116,0,0,40,0,0,784,44,48,0,0,-256,0,0,100,0,0,0,192,256,0,0,-256,0,0,100,0,0,832,192,256,0,
0,23,0,-256,0,0,100,0,192,832,192,256,0,52,-183,0,0,100,0,384,0,48,68,0,36,-167,0,1,80,0,504,184,72,72,0,52,-135,0,0,100,0,384,68,48,28,0,84,-198,0,0,100,0,384,0,48,68,0,68,-182,0,1,70,0,504,184,72,72,0,84,-150,0,0,100,0,384,68,48,28,0,110,-212,0,0,100,0,384,0,48,68,0,94,-196,0,1,75,0,504,184,72,72,0,110,-164,0,0,100,0,384,68,48,28,0,72,-116,0,0,100,0,144,448,48,48,0,92,-128,0,0,100,0,336,256,48,48,0,0,-256,0,0,100,0,192,0,192,256,0,80,-220,0,0,100,0,384,544,48,44,0,76,-196,0,0,100,0,412,144,40,32,0,52,-128,0,0,100,0,508,116,60,64,0,56,-140,0,0,100,0,0,688,48,48,0,68,-128,0,0,100,0,452,144,36,36,0,52,-140,0,0,100,0,0,640,48,48,0,94,-127,0,0,40,0,0,784,44,48,0,73,-116,0,0,40,0,0,784,44,48,0,0,-256,0,0,100,0,0,0,192,256,0,0,-256,0,0,100,0,0,832,192,256,0,
0,23,0,-256,0,0,100,0,192,832,192,256,0,52,-183,0,0,100,0,384,0,48,68,0,36,-167,0,1,75,0,504,184,72,72,0,52,-135,0,0,100,0,384,68,48,28,0,84,-198,0,0,100,0,384,0,48,68,0,68,-182,0,1,65,0,504,184,72,72,0,84,-150,0,0,100,0,384,68,48,28,0,110,-212,0,0,100,0,384,0,48,68,0,94,-196,0,1,70,0,432,184,72,72,0,110,-164,0,0,100,0,384,68,48,28,0,72,-116,0,0,100,0,192,448,48,48,0,92,-128,0,0,100,0,336,256,48,48,0,0,-256,0,0,100,0,192,0,192,256,0,80,-220,0,0,100,0,432,544,48,48,0,76,-196,0,0,100,0,412,144,40,32,0,52,-128,0,0,100,0,508,116,60,64,0,56,-140,0,0,100,0,0,688,48,48,0,68,-128,0,0,100,0,452,144,36,36,0,52,-140,0,0,100,0,0,640,48,48,0,94,-127,0,0,40,0,0,784,44,48,0,73,-116,0,0,40,0,0,784,44,48,0,0,-256,0,0,100,0,0,0,192,256,0,0,-256,0,0,100,0,0,832,192,256,0,
0,23,0,-256,0,0,100,0,192,832,192,256,0,52,-183,0,0,100,0,384,0,48,68,0,36,-167,0,1,75,0,432,184,72,72,0,52,-135,0,0,100,0,384,68,48,28,0,84,-198,0,0,100,0,384,0,48,68,0,68,-182,0,1,60,0,504,184,72,72,0,84,-150,0,0,100,0,384,68,48,28,0,110,-212,0,0,100,0,384,0,48,68,0,94,-196,0,1,70,0,432,184,72,72,0,110,-164,0,0,100,0,384,68,48,28,0,72,-116,0,0,100,0,240,448,48,48,0,92,-128,0,0,100,0,336,256,48,48,0,0,-256,0,0,100,0,192,0,192,256,0,80,-220,0,0,100,0,48,544,48,44,0,76,-196,0,0,100,0,412,144,40,32,0,52,-128,0,0,100,0,508,116,60,64,0,56,-140,0,0,100,0,0,688,48,48,0,68,-128,0,0,100,0,452,144,36,36,0,52,-140,0,0,100,0,0,640,48,48,0,94,-127,0,0,40,0,0,784,44,48,0,73,-116,0,0,40,0,0,784,44,48,0,0,-256,0,0,100,0,0,0,192,256,0,0,-256,0,0,100,0,0,832,192,256,0,
0,23,0,-256,0,0,100,0,192,832,192,256,0,52,-183,0,0,100,0,384,0,48,68,0,36,-167,0,1,75,0,432,184,72,72,0,52,-135,0,0,100,0,384,68,48,28,0,84,-198,0,0,100,0,384,0,48,68,0,68,-182,0,1,65,0,504,184,72,72,0,84,-150,0,0,100,0,384,68,48,28,0,110,-212,0,0,100,0,384,0,48,68,0,94,-196,0,1,75,0,504,184,72,72,0,110,-164,0,0,100,0,384,68,48,28,0,72,-116,0,0,100,0,288,448,48,48,0,92,-128,0,0,100,0,336,256,48,48,0,0,-256,0,0,100,0,192,0,192,256,0,80,-220,0,0,100,0,48,544,48,44,0,76,-196,0,0,100,0,412,144,40,32,0,52,-128,0,0,100,0,508,116,60,64,0,56,-140,0,0,100,0,0,688,48,48,0,68,-128,0,0,100,0,452,144,36,36,0,52,-140,0,0,100,0,0,640,48,48,0,94,-127,0,0,40,0,0,784,44,48,0,73,-116,0,0,40,0,0,784,44,48,0,0,-256,0,0,100,0,0,0,192,256,0,0,-256,0,0,100,0,0,832,192,256,0,
0,23,0,-256,0,0,100,0,192,832,192,256,0,52,-183,0,0,100,0,384,0,48,68,0,36,-167,0,1,70,0,432,184,72,72,0,52,-135,0,0,100,0,384,68,48,28,0,84,-198,0,0,100,0,384,0,48,68,0,68,-182,0,1,70,0,504,184,72,72,0,84,-150,0,0,100,0,384,68,48,28,0,110,-212,0,0,100,0,384,0,48,68,0,94,-196,0,1,80,0,504,184,72,72,0,110,-164,0,0,100,0,384,68,48,28,0,72,-116,0,0,100,0,240,448,48,48,0,92,-128,0,0,100,0,384,256,48,48,0,0,-256,0,0,100,0,192,0,192,256,0,80,-220,0,0,100,0,48,544,48,44,0,76,-196,0,0,100,0,412,144,40,32,0,52,-128,0,0,100,0,508,116,60,64,0,56,-140,0,0,100,0,48,688,48,48,0,68,-128,0,0,100,0,452,144,36,36,0,52,-140,0,0,100,0,0,640,48,48,0,94,-127,0,0,40,0,0,784,44,48,0,73,-116,0,0,40,0,0,784,44,48,0,0,-256,0,0,100,0,0,0,192,256,0,0,-256,0,0,100,0,0,832,192,256,0,
0,23,0,-256,0,0,100,0,192,832,192,256,0,52,-183,0,0,100,0,384,0,48,68,0,36,-167,0,1,70,0,432,184,72,72,0,52,-135,0,0,100,0,384,68,48,28,0,84,-198,0,0,100,0,384,0,48,68,0,68,-182,0,1,75,0,432,184,72,72,0,84,-150,0,0,100,0,384,68,48,28,0,110,-212,0,0,100,0,384,0,48,68,0,94,-196,0,1,85,0,504,184,72,72,0,110,-164,0,0,100,0,384,68,48,28,0,72,-116,0,0,100,0,96,448,48,48,0,92,-128,0,0,100,0,432,256,48,48,0,0,-256,0,0,100,0,192,0,192,256,0,80,-220,0,0,100,0,48,544,48,44,0,76,-196,0,0,100,0,412,144,40,32,0,52,-128,0,0,100,0,508,116,60,64,0,56,-140,0,0,100,0,48,688,48,48,0,68,-128,0,0,100,0,452,144,36,36,0,52,-140,0,0,100,0,0,640,48,48,0,94,-127,0,0,40,0,0,784,44,48,0,73,-116,0,0,40,0,0,784,44,48,0,0,-256,0,0,100,0,0,0,192,256,0,0,-256,0,0,100,0,0,832,192,256,0,
0,23,0,-256,0,0,100,0,192,832,192,256,0,52,-183,0,0,100,0,384,0,48,68,0,36,-167,0,1,65,0,504,184,72,72,0,52,-135,0,0,100,0,384,68,48,28,0,84,-198,0,0,100,0,384,0,48,68,0,68,-182,0,1,80,0,432,184,72,72,0,84,-150,0,0,100,0,384,68,48,28,0,110,-212,0,0,100,0,384,0,48,68,0,94,-196,0,1,85,0,432,184,72,72,0,110,-164,0,0,100,0,384,68,48,28,0,72,-116,0,0,100,0,96,448,48,48,0,92,-128,0,0,100,0,480,256,48,48,0,0,-256,0,0,100,0,192,0,192,256,0,80,-220,0,0,100,0,48,544,48,44,0,76,-196,0,0,100,0,412,144,40,32,0,52,-128,0,0,100,0,508,116,60,64,0,56,-140,0,0,100,0,96,688,48,48,0,68,-128,0,0,100,0,452,144,36,36,0,52,-140,0,0,100,0,0,640,48,48,0,94,-127,0,0,40,0,0,784,44,48,0,73,-116,0,0,40,0,0,784,44,48,0,0,-256,0,0,100,0,0,0,192,256,0,0,-256,0,0,100,0,0,832,192,256,0,
0,23,0,-256,0,0,100,0,192,832,192,256,0,52,-183,0,0,100,0,384,0,48,68,0,36,-167,0,1,65,0,504,184,72,72,0,52,-135,0,0,100,0,384,68,48,28,0,84,-198,0,0,100,0,384,0,48,68,0,68,-182,0,1,85,0,504,184,72,72,0,84,-150,0,0,100,0,384,68,48,28,0,110,-212,0,0,100,0,384,0,48,68,0,94,-196,0,1,85,0,432,184,72,72,0,110,-164,0,0,100,0,384,68,48,28,0,72,-116,0,0,100,0,96,448,48,48,0,92,-128,0,0,100,0,528,256,48,48,0,0,-256,0,0,100,0,192,0,192,256,0,80,-220,0,0,100,0,48,544,48,44,0,76,-196,0,0,100,0,412,144,40,32,0,52,-128,0,0,100,0,508,116,60,64,0,56,-140,0,0,100,0,96,688,48,48,0,68,-128,0,0,100,0,452,144,36,36,0,52,-140,0,0,100,0,0,640,48,48,0,94,-127,0,0,40,0,0,784,44,48,0,73,-116,0,0,40,0,0,784,44,48,0,0,-256,0,0,100,0,0,0,192,256,0,0,-256,0,0,100,0,0,832,192,256,0,
0,23,0,-256,0,0,100,0,192,832,192,256,0,52,-183,0,0,100,0,384,0,48,68,0,36,-167,0,1,65,0,504,184,72,72,0,52,-135,0,0,100,0,384,68,48,28,0,84,-198,0,0,100,0,384,0,48,68,0,68,-182,0,1,80,0,504,184,72,72,0,84,-150,0,0,100,0,384,68,48,28,0,110,-212,0,0,100,0,384,0,48,68,0,94,-196,0,1,90,0,432,184,72,72,0,110,-164,0,0,100,0,384,68,48,28,0,72,-116,0,0,100,0,96,448,48,48,0,92,-128,0,0,100,0,576,256,48,48,0,0,-256,0,0,100,0,192,0,192,256,0,80,-220,0,0,100,0,48,544,48,44,0,76,-196,0,0,100,0,412,144,40,32,0,52,-128,0,0,100,0,508,116,60,64,0,56,-140,0,0,100,0,144,688,48,48,0,68,-128,0,0,100,0,452,144,36,36,0,52,-140,0,0,100,0,0,640,48,48,0,94,-127,0,0,40,0,0,784,44,48,0,73,-116,0,0,40,0,0,784,44,48,0,0,-256,0,0,100,0,0,0,192,256,0,0,-256,0,0,100,0,0,832,192,256,0,
0,23,0,-256,0,0,100,0,192,832,192,256,0,52,-183,0,0,100,0,384,0,48,68,0,36,-167,0,1,60,0,504,184,72,72,0,52,-135,0,0,100,0,384,68,48,28,0,84,-198,0,0,100,0,384,0,48,68,0,68,-182,0,1,75,0,504,184,72,72,0,84,-150,0,0,100,0,384,68,48,28,0,110,-212,0,0,100,0,384,0,48,68,0,94,-196,0,1,90,0,504,184,72,72,0,110,-164,0,0,100,0,384,68,48,28,0,72,-116,0,0,100,0,96,448,48,48,0,92,-128,0,0,100,0,624,256,48,48,0,0,-256,0,0,100,0,192,0,192,256,0,80,-220,0,0,100,0,48,544,48,44,0,76,-196,0,0,100,0,412,144,40,32,0,52,-128,0,0,100,0,508,116,60,64,0,56,-140,0,0,100,0,144,688,48,48,0,68,-128,0,0,100,0,452,144,36,36,0,52,-140,0,0,100,0,0,640,48,48,0,94,-127,0,0,40,0,0,784,44,48,0,73,-116,0,0,40,0,0,784,44,48,0,0,-256,0,0,100,0,0,0,192,256,0,0,-256,0,0,100,0,0,832,192,256,0,
0,23,0,-256,0,0,100,0,192,832,192,256,0,52,-183,0,0,100,0,384,0,48,68,0,36,-167,0,1,60,0,504,184,72,72,0,52,-135,0,0,100,0,384,68,48,28,0,84,-198,0,0,100,0,384,0,48,68,0,68,-182,0,1,70,0,504,184,72,72,0,84,-150,0,0,100,0,384,68,48,28,0,110,-212,0,0,100,0,384,0,48,68,0,94,-196,0,1,95,0,504,184,72,72,0,110,-164,0,0,100,0,384,68,48,28,0,72,-116,0,0,100,0,96,448,48,48,0,92,-128,0,0,100,0,624,256,48,48,0,0,-256,0,0,100,0,192,0,192,256,0,80,-220,0,0,100,0,48,544,48,44,0,76,-196,0,0,100,0,412,144,40,32,0,52,-128,0,0,100,0,508,116,60,64,0,56,-140,0,0,100,0,0,688,48,48,0,68,-128,0,0,100,0,452,144,36,36,0,52,-140,0,0,100,0,0,640,48,48,0,94,-127,0,0,40,0,0,784,44,48,0,73,-116,0,0,40,0,0,784,44,48,0,0,-256,0,0,100,0,0,0,192,256,0,0,-256,0,0,100,0,0,832,192,256,0,
0,23,0,-256,0,0,100,0,192,832,192,256,0,52,-183,0,0,100,0,384,0,48,68,0,36,-167,0,1,65,0,504,184,72,72,0,52,-135,0,0,100,0,384,68,48,28,0,84,-198,0,0,100,0,384,0,48,68,0,68,-182,0,1,65,0,504,184,72,72,0,84,-150,0,0,100,0,384,68,48,28,0,110,-212,0,0,100,0,384,0,48,68,0,94,-196,0,1,95,0,504,184,72,72,0,110,-164,0,0,100,0,384,68,48,28,0,72,-116,0,0,100,0,96,448,48,48,0,92,-128,0,0,100,0,432,304,48,48,0,0,-256,0,0,100,0,192,0,192,256,0,80,-220,0,0,100,0,48,544,48,44,0,76,-196,0,0,100,0,412,144,40,32,0,52,-128,0,0,100,0,508,116,60,64,0,56,-140,0,0,100,0,0,688,48,48,0,68,-128,0,0,100,0,452,144,36,36,0,52,-140,0,0,100,0,0,640,48,48,0,94,-127,0,0,40,0,0,784,44,48,0,73,-116,0,0,40,0,0,784,44,48,0,0,-256,0,0,100,0,0,0,192,256,0,0,-256,0,0,100,0,0,832,192,256,0,
0,23,0,-256,0,0,100,0,192,832,192,256,0,52,-183,0,0,100,0,384,0,48,68,0,36,-167,0,1,70,0,504,184,72,72,0,52,-135,0,0,100,0,384,68,48,28,0,84,-198,0,0,100,0,384,0,48,68,0,68,-182,0,1,70,0,504,184,72,72,0,84,-150,0,0,100,0,384,68,48,28,0,110,-212,0,0,100,0,384,0,48,68,0,94,-196,0,1,100,0,504,184,72,72,0,110,-164,0,0,100,0,384,68,48,28,0,72,-116,0,0,100,0,96,448,48,48,0,92,-128,0,0,100,0,480,304,48,48,0,0,-256,0,0,100,0,192,0,192,256,0,80,-220,0,0,100,0,48,544,48,44,0,76,-196,0,0,100,0,412,144,40,32,0,52,-128,0,0,100,0,508,116,60,64,0,56,-140,0,0,100,0,0,688,48,48,0,68,-128,0,0,100,0,452,144,36,36,0,52,-140,0,0,100,0,0,640,48,48,0,94,-127,0,0,40,0,0,784,44,48,0,73,-116,0,0,40,0,0,784,44,48,0,0,-256,0,0,100,0,0,0,192,256,0,0,-256,0,0,100,0,0,832,192,256,0,
0,23,0,-256,0,0,100,0,192,832,192,256,0,52,-183,0,0,100,0,384,0,48,68,0,36,-167,0,1,70,0,504,184,72,72,0,52,-135,0,0,100,0,384,68,48,28,0,84,-198,0,0,100,0,384,0,48,68,0,68,-182,0,1,75,0,432,184,72,72,0,84,-150,0,0,100,0,384,68,48,28,0,110,-212,0,0,100,0,384,0,48,68,0,94,-196,0,1,100,0,432,184,72,72,0,110,-164,0,0,100,0,384,68,48,28,0,72,-116,0,0,100,0,96,448,48,48,0,92,-128,0,0,100,0,528,304,48,48,0,0,-256,0,0,100,0,192,0,192,256,0,80,-220,0,0,100,0,48,544,48,44,0,76,-196,0,0,100,0,412,144,40,32,0,52,-128,0,0,100,0,508,116,60,64,0,56,-140,0,0,100,0,0,688,48,48,0,68,-128,0,0,100,0,452,144,36,36,0,52,-140,0,0,100,0,0,640,48,48,0,94,-127,0,0,40,0,0,784,44,48,0,73,-116,0,0,40,0,0,784,44,48,0,0,-256,0,0,100,0,0,0,192,256,0,0,-256,0,0,100,0,0,832,192,256,0,
0,23,0,-256,0,0,100,0,192,832,192,256,0,52,-183,0,0,100,0,384,0,48,68,0,36,-167,0,1,75,0,432,184,72,72,0,52,-135,0,0,100,0,384,68,48,28,0,84,-198,0,0,100,0,384,0,48,68,0,68,-182,0,1,80,0,432,184,72,72,0,84,-150,0,0,100,0,384,68,48,28,0,110,-212,0,0,100,0,384,0,48,68,0,94,-196,0,1,95,0,432,184,72,72,0,110,-164,0,0,100,0,384,68,48,28,0,72,-116,0,0,100,0,96,448,48,48,0,92,-128,0,0,100,0,576,304,48,48,0,0,-256,0,0,100,0,192,0,192,256,0,80,-220,0,0,100,0,48,544,48,44,0,76,-196,0,0,100,0,412,144,40,32,0,52,-128,0,0,100,0,508,116,60,64,0,56,-140,0,0,100,0,0,688,48,48,0,68,-128,0,0,100,0,452,144,36,36,0,52,-140,0,0,100,0,0,640,48,48,0,94,-127,0,0,40,0,0,784,44,48,0,73,-116,0,0,40,0,0,784,44,48,0,0,-256,0,0,100,0,0,0,192,256,0,0,-256,0,0,100,0,0,832,192,256,0,
0,23,0,-256,0,0,100,0,192,832,192,256,0,52,-183,0,0,100,0,384,0,48,68,0,36,-167,0,1,75,0,432,184,72,72,0,52,-135,0,0,100,0,384,68,48,28,0,84,-198,0,0,100,0,384,0,48,68,0,68,-182,0,1,85,0,504,184,72,72,0,84,-150,0,0,100,0,384,68,48,28,0,110,-212,0,0,100,0,384,0,48,68,0,94,-196,0,1,95,0,504,184,72,72,0,110,-164,0,0,100,0,384,68,48,28,0,72,-116,0,0,100,0,96,448,48,48,0,92,-128,0,0,100,0,624,304,48,48,0,0,-256,0,0,100,0,192,0,192,256,0,80,-220,0,0,100,0,48,544,48,44,0,76,-196,0,0,100,0,412,144,40,32,0,52,-128,0,0,100,0,508,116,60,64,0,56,-140,0,0,100,0,0,688,48,48,0,68,-128,0,0,100,0,452,144,36,36,0,52,-140,0,0,100,0,0,640,48,48,0,94,-127,0,0,40,0,0,784,44,48,0,73,-116,0,0,40,0,0,784,44,48,0,0,-256,0,0,100,0,0,0,192,256,0,0,-256,0,0,100,0,0,832,192,256,0,
0,23,0,-256,0,0,100,0,192,832,192,256,0,52,-183,0,0,100,0,384,0,48,68,0,36,-167,0,1,80,0,504,184,72,72,0,52,-135,0,0,100,0,384,68,48,28,0,84,-198,0,0,100,0,384,0,48,68,0,68,-182,0,1,90,0,504,184,72,72,0,84,-150,0,0,100,0,384,68,48,28,0,110,-212,0,0,100,0,384,0,48,68,0,94,-196,0,1,90,0,504,184,72,72,0,110,-164,0,0,100,0,384,68,48,28,0,72,-116,0,0,100,0,96,448,48,48,0,92,-128,0,0,100,0,672,304,48,48,0,0,-256,0,0,100,0,192,0,192,256,0,80,-220,0,0,100,0,48,544,48,44,0,76,-196,0,0,100,0,412,144,40,32,0,52,-128,0,0,100,0,508,116,60,64,0,56,-140,0,0,100,0,0,688,48,48,0,68,-128,0,0,100,0,452,144,36,36,0,52,-140,0,0,100,0,0,640,48,48,0,94,-127,0,0,40,0,0,784,44,48,0,73,-116,0,0,40,0,0,784,44,48,0,0,-256,0,0,100,0,0,0,192,256,0,0,-256,0,0,100,0,0,832,192,256,0,
0,23,0,-256,0,0,100,0,192,832,192,256,0,52,-183,0,0,100,0,384,0,48,68,0,36,-167,0,1,80,0,504,184,72,72,0,52,-135,0,0,100,0,384,68,48,28,0,84,-198,0,0,100,0,384,0,48,68,0,68,-182,0,1,85,0,504,184,72,72,0,84,-150,0,0,100,0,384,68,48,28,0,110,-212,0,0,100,0,384,0,48,68,0,94,-196,0,1,90,0,504,184,72,72,0,110,-164,0,0,100,0,384,68,48,28,0,72,-116,0,0,100,0,144,448,48,48,0,92,-128,0,0,100,0,720,304,48,48,0,0,-256,0,0,100,0,192,0,192,256,0,80,-220,0,0,100,0,48,592,48,44,0,76,-196,0,0,100,0,412,144,40,32,0,52,-128,0,0,100,0,508,116,60,64,0,56,-140,0,0,100,0,48,688,48,48,0,68,-128,0,0,100,0,452,144,36,36,0,52,-140,0,0,100,0,0,640,48,48,0,94,-127,0,0,40,0,0,784,44,48,0,73,-116,0,0,40,0,0,784,44,48,0,0,-256,0,0,100,0,0,0,192,256,0,0,-256,0,0,100,0,0,832,192,256,0,
0,23,0,-256,0,0,100,0,192,832,192,256,0,52,-183,0,0,100,0,384,0,48,68,0,36,-167,0,1,85,0,504,184,72,72,0,52,-135,0,0,100,0,384,68,48,28,0,84,-198,0,0,100,0,384,0,48,68,0,68,-182,0,1,100,0,504,184,72,72,0,84,-150,0,0,100,0,384,68,48,28,0,110,-212,0,0,100,0,384,0,48,68,0,94,-196,0,1,90,0,432,184,72,72,0,110,-164,0,0,100,0,384,68,48,28,0,72,-116,0,0,100,0,192,448,48,48,0,92,-128,0,0,100,0,720,304,48,48,0,0,-256,0,0,100,0,192,0,192,256,0,80,-220,0,0,100,0,48,592,48,44,0,76,-196,0,0,100,0,412,144,40,32,0,52,-128,0,0,100,0,508,116,60,64,0,56,-140,0,0,100,0,48,688,48,48,0,68,-128,0,0,100,0,452,144,36,36,0,52,-140,0,0,100,0,0,640,48,48,0,94,-127,0,0,40,0,0,784,44,48,0,73,-116,0,0,40,0,0,784,44,48,0,0,-256,0,0,100,0,0,0,192,256,0,0,-256,0,0,100,0,0,832,192,256,0,
0,23,0,-256,0,0,100,0,192,832,192,256,0,52,-183,0,0,100,0,384,0,48,68,0,36,-167,0,1,85,0,504,184,72,72,0,52,-135,0,0,100,0,384,68,48,28,0,84,-198,0,0,100,0,384,0,48,68,0,68,-182,0,1,100,0,504,184,72,72,0,84,-150,0,0,100,0,384,68,48,28,0,110,-212,0,0,100,0,384,0,48,68,0,94,-196,0,1,85,0,432,184,72,72,0,110,-164,0,0,100,0,384,68,48,28,0,72,-116,0,0,100,0,240,448,48,48,0,92,-128,0,0,100,0,720,304,48,48,0,0,-256,0,0,100,0,192,0,192,256,0,80,-220,0,0,100,0,96,592,48,44,0,76,-196,0,0,100,0,412,144,40,32,0,52,-128,0,0,100,0,508,116,60,64,0,56,-140,0,0,100,0,96,688,48,48,0,68,-128,0,0,100,0,452,144,36,36,0,52,-140,0,0,100,0,0,640,48,48,0,94,-127,0,0,40,0,0,784,44,48,0,73,-116,0,0,40,0,0,784,44,48,0,0,-256,0,0,100,0,0,0,192,256,0,0,-256,0,0,100,0,0,832,192,256,0,
0,23,0,-256,0,0,100,0,192,832,192,256,0,52,-183,0,0,100,0,384,0,48,68,0,36,-167,0,1,90,0,504,184,72,72,0,52,-135,0,0,100,0,384,68,48,28,0,84,-198,0,0,100,0,384,0,48,68,0,68,-182,0,1,95,0,504,184,72,72,0,84,-150,0,0,100,0,384,68,48,28,0,110,-212,0,0,100,0,384,0,48,68,0,94,-196,0,1,85,0,432,184,72,72,0,110,-164,0,0,100,0,384,68,48,28,0,72,-116,0,0,100,0,288,448,48,48,0,92,-128,0,0,100,0,720,304,48,48,0,0,-256,0,0,100,0,192,0,192,256,0,80,-220,0,0,100,0,96,592,48,44,0,76,-196,0,0,100,0,412,144,40,32,0,52,-128,0,0,100,0,508,116,60,64,0,56,-140,0,0,100,0,96,688,48,48,0,68,-128,0,0,100,0,452,144,36,36,0,52,-140,0,0,100,0,0,640,48,48,0,94,-127,0,0,40,0,0,784,44,48,0,73,-116,0,0,40,0,0,784,44,48,0,0,-256,0,0,100,0,0,0,192,256,0,0,-256,0,0,100,0,0,832,192,256,0,
0,23,0,-256,0,0,100,0,192,832,192,256,0,52,-183,0,0,100,0,384,0,48,68,0,36,-167,0,1,90,0,504,184,72,72,0,52,-135,0,0,100,0,384,68,48,28,0,84,-198,0,0,100,0,384,0,48,68,0,68,-182,0,1,90,0,432,184,72,72,0,84,-150,0,0,100,0,384,68,48,28,0,110,-212,0,0,100,0,384,0,48,68,0,94,-196,0,1,85,0,504,184,72,72,0,110,-164,0,0,100,0,384,68,48,28,0,72,-116,0,0,100,0,240,448,48,48,0,92,-128,0,0,100,0,720,304,48,48,0,0,-256,0,0,100,0,192,0,192,256,0,80,-220,0,0,100,0,96,592,48,44,0,76,-196,0,0,100,0,412,144,40,32,0,52,-128,0,0,100,0,508,116,60,64,0,56,-140,0,0,100,0,144,688,48,48,0,68,-128,0,0,100,0,452,144,36,36,0,52,-140,0,0,100,0,0,640,48,48,0,94,-127,0,0,40,0,0,784,44,48,0,73,-116,0,0,40,0,0,784,44,48,0,0,-256,0,0,100,0,0,0,192,256,0,0,-256,0,0,100,0,0,832,192,256,0,
0,23,0,-256,0,0,100,0,192,832,192,256,0,52,-183,0,0,100,0,384,0,48,68,0,36,-167,0,1,95,0,504,184,72,72,0,52,-135,0,0,100,0,384,68,48,28,0,84,-198,0,0,100,0,384,0,48,68,0,68,-182,0,1,85,0,432,184,72,72,0,84,-150,0,0,100,0,384,68,48,28,0,110,-212,0,0,100,0,384,0,48,68,0,94,-196,0,1,80,0,504,184,72,72,0,110,-164,0,0,100,0,384,68,48,28,0,72,-116,0,0,100,0,96,448,48,48,0,92,-128,0,0,100,0,720,304,48,48,0,0,-256,0,0,100,0,192,0,192,256,0,80,-220,0,0,100,0,96,592,48,44,0,76,-196,0,0,100,0,412,144,40,32,0,52,-128,0,0,100,0,508,116,60,64,0,56,-140,0,0,100,0,144,688,48,48,0,68,-128,0,0,100,0,452,144,36,36,0,52,-140,0,0,100,0,0,640,48,48,0,94,-127,0,0,40,0,0,784,44,48,0,73,-116,0,0,40,0,0,784,44,48,0,0,-256,0,0,100,0,0,0,192,256,0,0,-256,0,0,100,0,0,832,192,256,0,
0,23,0,-256,0,0,100,0,192,832,192,256,0,52,-183,0,0,100,0,384,0,48,68,0,36,-167,0,1,95,0,504,184,72,72,0,52,-135,0,0,100,0,384,68,48,28,0,84,-198,0,0,100,0,384,0,48,68,0,68,-182,0,1,80,0,504,184,72,72,0,84,-150,0,0,100,0,384,68,48,28,0,110,-212,0,0,100,0,384,0,48,68,0,94,-196,0,1,80,0,504,184,72,72,0,110,-164,0,0,100,0,384,68,48,28,0,72,-116,0,0,100,0,240,448,48,48,0,92,-128,0,0,100,0,720,304,48,48,0,0,-256,0,0,100,0,192,0,192,256,0,80,-220,0,0,100,0,48,592,48,44,0,76,-196,0,0,100,0,412,144,40,32,0,52,-128,0,0,100,0,508,116,60,64,0,56,-140,0,0,100,0,0,688,48,48,0,68,-128,0,0,100,0,452,144,36,36,0,52,-140,0,0,100,0,0,640,48,48,0,94,-127,0,0,40,0,0,784,44,48,0,73,-116,0,0,40,0,0,784,44,48,0,0,-256,0,0,100,0,0,0,192,256,0,0,-256,0,0,100,0,0,832,192,256,0,
0,23,0,-256,0,0,100,0,192,832,192,256,0,52,-183,0,0,100,0,384,0,48,68,0,36,-167,0,1,100,0,504,184,72,72,0,52,-135,0,0,100,0,384,68,48,28,0,84,-198,0,0,100,0,384,0,48,68,0,68,-182,0,1,75,0,504,184,72,72,0,84,-150,0,0,100,0,384,68,48,28,0,110,-212,0,0,100,0,384,0,48,68,0,94,-196,0,1,80,0,432,184,72,72,0,110,-164,0,0,100,0,384,68,48,28,0,72,-116,0,0,100,0,288,448,48,48,0,92,-128,0,0,100,0,720,304,48,48,0,0,-256,0,0,100,0,192,0,192,256,0,80,-220,0,0,100,0,48,592,48,44,0,76,-196,0,0,100,0,412,144,40,32,0,52,-128,0,0,100,0,508,116,60,64,0,56,-140,0,0,100,0,0,688,48,48,0,68,-128,0,0,100,0,452,144,36,36,0,52,-140,0,0,100,0,0,640,48,48,0,94,-127,0,0,40,0,0,784,44,48,0,73,-116,0,0,40,0,0,784,44,48,0,0,-256,0,0,100,0,0,0,192,256,0,0,-256,0,0,100,0,0,832,192,256,0,
0,23,0,-256,0,0,100,0,192,832,192,256,0,52,-183,0,0,100,0,384,0,48,68,0,36,-167,0,1,100,0,432,184,72,72,0,52,-135,0,0,100,0,384,68,48,28,0,84,-198,0,0,100,0,384,0,48,68,0,68,-182,0,1,70,0,504,184,72,72,0,84,-150,0,0,100,0,384,68,48,28,0,110,-212,0,0,100,0,384,0,48,68,0,94,-196,0,1,75,0,432,184,72,72,0,110,-164,0,0,100,0,384,68,48,28,0,72,-116,0,0,100,0,240,448,48,48,0,92,-128,0,0,100,0,720,304,48,48,0,0,-256,0,0,100,0,192,0,192,256,0,80,-220,0,0,100,0,48,544,48,44,0,76,-196,0,0,100,0,412,144,40,32,0,52,-128,0,0,100,0,508,116,60,64,0,56,-140,0,0,100,0,0,688,48,48,0,68,-128,0,0,100,0,452,144,36,36,0,52,-140,0,0,100,0,0,640,48,48,0,94,-127,0,0,40,0,0,784,44,48,0,73,-116,0,0,40,0,0,784,44,48,0,0,-256,0,0,100,0,0,0,192,256,0,0,-256,0,0,100,0,0,832,192,256,0,
0,23,0,-256,0,0,100,0,192,832,192,256,0,52,-183,0,0,100,0,384,0,48,68,0,36,-167,0,1,100,0,432,184,72,72,0,52,-135,0,0,100,0,384,68,48,28,0,84,-198,0,0,100,0,384,0,48,68,0,68,-182,0,1,65,0,504,184,72,72,0,84,-150,0,0,100,0,384,68,48,28,0,110,-212,0,0,100,0,384,0,48,68,0,94,-196,0,1,75,0,432,184,72,72,0,110,-164,0,0,100,0,384,68,48,28,0,72,-116,0,0,100,0,96,448,48,48,0,92,-128,0,0,100,0,672,304,48,48,0,0,-256,0,0,100,0,192,0,192,256,0,80,-220,0,0,100,0,48,544,48,44,0,76,-196,0,0,100,0,412,144,40,32,0,52,-128,0,0,100,0,508,116,60,64,0,56,-140,0,0,100,0,0,688,48,48,0,68,-128,0,0,100,0,452,144,36,36,0,52,-140,0,0,100,0,0,640,48,48,0,94,-127,0,0,40,0,0,784,44,48,0,73,-116,0,0,40,0,0,784,44,48,0,0,-256,0,0,100,0,0,0,192,256,0,0,-256,0,0,100,0,0,832,192,256,0,
0,0,
0,0,
0,0,
0,0,
0,0,
0,0,
0,23,0,-256,0,0,100,0,192,832,192,256,0,52,-183,0,0,100,0,384,0,48,68,0,36,-167,0,1,100,0,504,184,72,72,0,52,-135,0,0,100,0,384,68,48,28,0,84,-198,0,0,100,0,384,0,48,68,0,68,-182,0,1,70,0,432,184,72,72,0,84,-150,0,0,100,0,384,68,48,28,0,110,-212,0,0,100,0,384,0,48,68,0,94,-196,0,1,75,0,504,184,72,72,0,110,-164,0,0,100,0,384,68,48,28,0,72,-116,0,0,100,0,96,448,48,48,0,92,-128,0,0,100,0,384,400,48,48,0,0,-256,0,0,100,0,192,0,192,256,0,80,-220,0,0,100,0,48,544,48,44,0,76,-196,0,0,100,0,412,144,40,32,0,52,-128,0,0,100,0,508,116,60,64,0,56,-140,0,0,100,0,0,688,48,48,0,68,-128,0,0,100,0,452,144,36,36,0,52,-140,0,0,100,0,0,640,48,48,0,94,-127,0,0,40,0,0,784,44,48,0,73,-116,0,0,40,0,0,784,44,48,0,0,-256,0,0,100,0,0,0,192,256,0,0,-256,0,0,100,0,0,832,192,256,0,
0,23,0,-256,0,0,100,0,192,832,192,256,0,52,-183,0,0,100,0,384,0,48,68,0,36,-167,0,1,100,0,504,184,72,72,0,52,-135,0,0,100,0,384,68,48,28,0,84,-198,0,0,100,0,384,0,48,68,0,68,-182,0,1,75,0,432,184,72,72,0,84,-150,0,0,100,0,384,68,48,28,0,110,-212,0,0,100,0,384,0,48,68,0,94,-196,0,1,70,0,504,184,72,72,0,110,-164,0,0,100,0,384,68,48,28,0,72,-116,0,0,100,0,96,448,48,48,0,92,-128,0,0,100,0,96,400,48,48,0,0,-256,0,0,100,0,192,0,192,256,0,80,-220,0,0,100,0,48,544,48,44,0,76,-196,0,0,100,0,412,144,40,32,0,52,-128,0,0,100,0,508,116,60,64,0,56,-140,0,0,100,0,0,688,48,48,0,68,-128,0,0,100,0,452,144,36,36,0,52,-140,0,0,100,0,0,640,48,48,0,94,-127,0,0,40,0,0,784,44,48,0,73,-116,0,0,40,0,0,784,44,48,0,0,-256,0,0,100,0,0,0,192,256,0,0,-256,0,0,100,0,0,832,192,256,0,
0,23,0,-256,0,0,100,0,192,832,192,256,0,52,-183,0,0,100,0,384,0,48,68,0,36,-167,0,1,100,0,504,184,72,72,0,52,-135,0,0,100,0,384,68,48,28,0,84,-198,0,0,100,0,384,0,48,68,0,68,-182,0,1,80,0,504,184,72,72,0,84,-150,0,0,100,0,384,68,48,28,0,110,-212,0,0,100,0,384,0,48,68,0,94,-196,0,1,70,0,504,184,72,72,0,110,-164,0,0,100,0,384,68,48,28,0,72,-116,0,0,100,0,96,448,48,48,0,92,-128,0,0,100,0,96,256,48,48,0,0,-256,0,0,100,0,192,0,192,256,0,80,-220,0,0,100,0,48,544,48,44,0,76,-196,0,0,100,0,412,144,40,32,0,52,-128,0,0,100,0,508,116,60,64,0,56,-140,0,0,100,0,0,688,48,48,0,68,-128,0,0,100,0,452,144,36,36,0,52,-140,0,0,100,0,0,640,48,48,0,94,-127,0,0,40,0,0,784,44,48,0,73,-116,0,0,40,0,0,784,44,48,0,0,-256,0,0,100,0,0,0,192,256,0,0,-256,0,0,100,0,0,832,192,256,0,
0,23,0,-256,0,0,100,0,192,832,192,256,0,52,-183,0,0,100,0,384,0,48,68,0,36,-167,0,1,100,0,504,184,72,72,0,52,-135,0,0,100,0,384,68,48,28,0,84,-198,0,0,100,0,384,0,48,68,0,68,-182,0,1,85,0,504,184,72,72,0,84,-150,0,0,100,0,384,68,48,28,0,110,-212,0,0,100,0,384,0,48,68,0,94,-196,0,1,65,0,432,184,72,72,0,110,-164,0,0,100,0,384,68,48,28,0,72,-116,0,0,100,0,96,448,48,48,0,92,-128,0,0,100,0,144,400,48,48,0,0,-256,0,0,100,0,192,0,192,256,0,80,-220,0,0,100,0,48,544,48,44,0,76,-196,0,0,100,0,412,144,40,32,0,52,-128,0,0,100,0,508,116,60,64,0,56,-140,0,0,100,0,0,688,48,48,0,68,-128,0,0,100,0,452,144,36,36,0,52,-140,0,0,100,0,0,640,48,48,0,94,-127,0,0,40,0,0,784,44,48,0,73,-116,0,0,40,0,0,784,44,48,0,0,-256,0,0,100,0,0,0,192,256,0,0,-256,0,0,100,0,0,832,192,256,0,
0,23,0,-256,0,0,100,0,192,832,192,256,0,52,-183,0,0,100,0,384,0,48,68,0,36,-167,0,1,100,0,504,184,72,72,0,52,-135,0,0,100,0,384,68,48,28,0,84,-198,0,0,100,0,384,0,48,68,0,68,-182,0,1,90,0,504,184,72,72,0,84,-150,0,0,100,0,384,68,48,28,0,110,-212,0,0,100,0,384,0,48,68,0,94,-196,0,1,65,0,432,184,72,72,0,110,-164,0,0,100,0,384,68,48,28,0,72,-116,0,0,100,0,96,448,48,48,0,92,-128,0,0,100,0,96,256,48,48,0,0,-256,0,0,100,0,192,0,192,256,0,80,-220,0,0,100,0,48,544,48,44,0,76,-196,0,0,100,0,412,144,40,32,0,52,-128,0,0,100,0,508,116,60,64,0,56,-140,0,0,100,0,0,688,48,48,0,68,-128,0,0,100,0,452,144,36,36,0,52,-140,0,0,100,0,0,640,48,48,0,94,-127,0,0,40,0,0,784,44,48,0,73,-116,0,0,40,0,0,784,44,48,0,0,-256,0,0,100,0,0,0,192,256,0,0,-256,0,0,100,0,0,832,192,256,0,
0,23,0,-256,0,0,100,0,192,832,192,256,0,52,-183,0,0,100,0,384,0,48,68,0,36,-167,0,1,95,0,432,184,72,72,0,52,-135,0,0,100,0,384,68,48,28,0,84,-198,0,0,100,0,384,0,48,68,0,68,-182,0,1,95,0,504,184,72,72,0,84,-150,0,0,100,0,384,68,48,28,0,110,-212,0,0,100,0,384,0,48,68,0,94,-196,0,1,60,0,432,184,72,72,0,110,-164,0,0,100,0,384,68,48,28,0,72,-116,0,0,100,0,96,448,48,48,0,92,-128,0,0,100,0,192,400,48,48,0,0,-256,0,0,100,0,192,0,192,256,0,80,-220,0,0,100,0,48,544,48,44,0,76,-196,0,0,100,0,412,144,40,32,0,52,-128,0,0,100,0,508,116,60,64,0,56,-140,0,0,100,0,0,688,48,48,0,68,-128,0,0,100,0,452,144,36,36,0,52,-140,0,0,100,0,0,640,48,48,0,94,-127,0,0,40,0,0,784,44,48,0,73,-116,0,0,40,0,0,784,44,48,0,0,-256,0,0,100,0,0,0,192,256,0,0,-256,0,0,100,0,0,832,192,256,0,
0,23,0,-256,0,0,100,0,192,832,192,256,0,52,-183,0,0,100,0,384,0,48,68,0,36,-167,0,1,95,0,432,184,72,72,0,52,-135,0,0,100,0,384,68,48,28,0,84,-198,0,0,100,0,384,0,48,68,0,68,-182,0,1,100,0,504,184,72,72,0,84,-150,0,0,100,0,384,68,48,28,0,110,-212,0,0,100,0,384,0,48,68,0,94,-196,0,1,60,0,504,184,72,72,0,110,-164,0,0,100,0,384,68,48,28,0,72,-116,0,0,100,0,96,448,48,48,0,92,-128,0,0,100,0,96,256,48,48,0,0,-256,0,0,100,0,192,0,192,256,0,80,-220,0,0,100,0,48,544,48,44,0,76,-196,0,0,100,0,412,144,40,32,0,52,-128,0,0,100,0,508,116,60,64,0,56,-140,0,0,100,0,0,688,48,48,0,68,-128,0,0,100,0,452,144,36,36,0,52,-140,0,0,100,0,0,640,48,48,0,94,-127,0,0,40,0,0,784,44,48,0,73,-116,0,0,40,0,0,784,44,48,0,0,-256,0,0,100,0,0,0,192,256,0,0,-256,0,0,100,0,0,832,192,256,0,
0,23,0,-256,0,0,100,0,192,832,192,256,0,52,-183,0,0,100,0,384,0,48,68,0,36,-167,0,1,95,0,432,184,72,72,0,52,-135,0,0,100,0,384,68,48,28,0,84,-198,0,0,100,0,384,0,48,68,0,68,-182,0,1,100,0,432,184,72,72,0,84,-150,0,0,100,0,384,68,48,28,0,110,-212,0,0,100,0,384,0,48,68,0,94,-196,0,1,55,0,504,184,72,72,0,110,-164,0,0,100,0,384,68,48,28,0,72,-116,0,0,100,0,96,448,48,48,0,92,-128,0,0,100,0,96,400,48,48,0,0,-256,0,0,100,0,192,0,192,256,0,80,-220,0,0,100,0,48,544,48,44,0,76,-196,0,0,100,0,412,144,40,32,0,52,-128,0,0,100,0,508,116,60,64,0,56,-140,0,0,100,0,0,688,48,48,0,68,-128,0,0,100,0,452,144,36,36,0,52,-140,0,0,100,0,0,640,48,48,0,94,-127,0,0,40,0,0,784,44,48,0,73,-116,0,0,40,0,0,784,44,48,0,0,-256,0,0,100,0,0,0,192,256,0,0,-256,0,0,100,0,0,832,192,256,0,
0,23,0,-256,0,0,100,0,192,832,192,256,0,52,-183,0,0,100,0,384,0,48,68,0,36,-167,0,1,95,0,432,184,72,72,0,52,-135,0,0,100,0,384,68,48,28,0,84,-198,0,0,100,0,384,0,48,68,0,68,-182,0,1,95,0,432,184,72,72,0,84,-150,0,0,100,0,384,68,48,28,0,110,-212,0,0,100,0,384,0,48,68,0,94,-196,0,1,60,0,504,184,72,72,0,110,-164,0,0,100,0,384,68,48,28,0,72,-116,0,0,100,0,96,448,48,48,0,92,-128,0,0,100,0,96,256,48,48,0,0,-256,0,0,100,0,192,0,192,256,0,80,-220,0,0,100,0,48,544,48,44,0,76,-196,0,0,100,0,412,144,40,32,0,52,-128,0,0,100,0,508,116,60,64,0,56,-140,0,0,100,0,0,688,48,48,0,68,-128,0,0,100,0,452,144,36,36,0,52,-140,0,0,100,0,0,640,48,48,0,94,-127,0,0,40,0,0,784,44,48,0,73,-116,0,0,40,0,0,784,44,48,0,0,-256,0,0,100,0,0,0,192,256,0,0,-256,0,0,100,0,0,832,192,256,0,
0,23,0,-256,0,0,100,0,192,832,192,256,0,52,-183,0,0,100,0,384,0,48,68,0,36,-167,0,1,95,0,504,184,72,72,0,52,-135,0,0,100,0,384,68,48,28,0,84,-198,0,0,100,0,384,0,48,68,0,68,-182,0,1,90,0,432,184,72,72,0,84,-150,0,0,100,0,384,68,48,28,0,110,-212,0,0,100,0,384,0,48,68,0,94,-196,0,1,65,0,432,184,72,72,0,110,-164,0,0,100,0,384,68,48,28,0,72,-116,0,0,100,0,96,448,48,48,0,92,-128,0,0,100,0,144,400,48,48,0,0,-256,0,0,100,0,192,0,192,256,0,80,-220,0,0,100,0,48,544,48,44,0,76,-196,0,0,100,0,412,144,40,32,0,52,-128,0,0,100,0,508,116,60,64,0,56,-140,0,0,100,0,0,688,48,48,0,68,-128,0,0,100,0,452,144,36,36,0,52,-140,0,0,100,0,0,640,48,48,0,94,-127,0,0,40,0,0,784,44,48,0,73,-116,0,0,40,0,0,784,44,48,0,0,-256,0,0,100,0,0,0,192,256,0,0,-256,0,0,100,0,0,832,192,256,0,
0,23,0,-256,0,0,100,0,192,832,192,256,0,52,-183,0,0,100,0,384,0,48,68,0,36,-167,0,1,95,0,504,184,72,72,0,52,-135,0,0,100,0,384,68,48,28,0,84,-198,0,0,100,0,384,0,48,68,0,68,-182,0,1,85,0,504,184,72,72,0,84,-150,0,0,100,0,384,68,48,28,0,110,-212,0,0,100,0,384,0,48,68,0,94,-196,0,1,70,0,432,184,72,72,0,110,-164,0,0,100,0,384,68,48,28,0,72,-116,0,0,100,0,96,448,48,48,0,92,-128,0,0,100,0,96,256,48,48,0,0,-256,0,0,100,0,192,0,192,256,0,80,-220,0,0,100,0,48,544,48,44,0,76,-196,0,0,100,0,412,144,40,32,0,52,-128,0,0,100,0,508,116,60,64,0,56,-140,0,0,100,0,0,688,48,48,0,68,-128,0,0,100,0,452,144,36,36,0,52,-140,0,0,100,0,0,640,48,48,0,94,-127,0,0,40,0,0,784,44,48,0,73,-116,0,0,40,0,0,784,44,48,0,0,-256,0,0,100,0,0,0,192,256,0,0,-256,0,0,100,0,0,832,192,256,0,
0,23,0,-256,0,0,100,0,192,832,192,256,0,52,-183,0,0,100,0,384,0,48,68,0,36,-167,0,1,95,0,504,184,72,72,0,52,-135,0,0,100,0,384,68,48,28,0,84,-198,0,0,100,0,384,0,48,68,0,68,-182,0,1,80,0,504,184,72,72,0,84,-150,0,0,100,0,384,68,48,28,0,110,-212,0,0,100,0,384,0,48,68,0,94,-196,0,1,70,0,432,184,72,72,0,110,-164,0,0,100,0,384,68,48,28,0,72,-116,0,0,100,0,96,448,48,48,0,92,-128,0,0,100,0,192,400,48,48,0,0,-256,0,0,100,0,192,0,192,256,0,80,-220,0,0,100,0,48,544,48,44,0,76,-196,0,0,100,0,412,144,40,32,0,52,-128,0,0,100,0,508,116,60,64,0,56,-140,0,0,100,0,0,688,48,48,0,68,-128,0,0,100,0,452,144,36,36,0,52,-140,0,0,100,0,0,640,48,48,0,94,-127,0,0,40,0,0,784,44,48,0,73,-116,0,0,40,0,0,784,44,48,0,0,-256,0,0,100,0,0,0,192,256,0,0,-256,0,0,100,0,0,832,192,256,0,
0,23,0,-256,0,0,100,0,192,832,192,256,0,52,-183,0,0,100,0,384,0,48,68,0,36,-167,0,1,95,0,504,184,72,72,0,52,-135,0,0,100,0,384,68,48,28,0,84,-198,0,0,100,0,384,0,48,68,0,68,-182,0,1,80,0,504,184,72,72,0,84,-150,0,0,100,0,384,68,48,28,0,110,-212,0,0,100,0,384,0,48,68,0,94,-196,0,1,75,0,504,184,72,72,0,110,-164,0,0,100,0,384,68,48,28,0,72,-116,0,0,100,0,96,448,48,48,0,92,-128,0,0,100,0,144,256,48,48,0,0,-256,0,0,100,0,192,0,192,256,0,80,-220,0,0,100,0,48,544,48,44,0,76,-196,0,0,100,0,412,144,40,32,0,52,-128,0,0,100,0,508,116,60,64,0,56,-140,0,0,100,0,48,688,48,48,0,68,-128,0,0,100,0,452,144,36,36,0,52,-140,0,0,100,0,0,640,48,48,0,94,-127,0,0,40,0,0,784,44,48,0,73,-116,0,0,40,0,0,784,44,48,0,0,-256,0,0,100,0,0,0,192,256,0,0,-256,0,0,100,0,0,832,192,256,0,
0,23,0,-256,0,0,100,0,192,832,192,256,0,52,-183,0,0,100,0,384,0,48,68,0,36,-167,0,1,95,0,504,184,72,72,0,52,-135,0,0,100,0,384,68,48,28,0,84,-198,0,0,100,0,384,0,48,68,0,68,-182,0,1,80,0,504,184,72,72,0,84,-150,0,0,100,0,384,68,48,28,0,110,-212,0,0,100,0,384,0,48,68,0,94,-196,0,1,75,0,504,184,72,72,0,110,-164,0,0,100,0,384,68,48,28,0,72,-116,0,0,100,0,96,448,48,48,0,92,-128,0,0,100,0,192,256,48,48,0,0,-256,0,0,100,0,192,0,192,256,0,80,-220,0,0,100,0,48,544,48,44,0,76,-196,0,0,100,0,412,144,40,32,0,52,-128,0,0,100,0,508,116,60,64,0,56,-140,0,0,100,0,48,688,48,48,0,68,-128,0,0,100,0,452,144,36,36,0,52,-140,0,0,100,0,0,640,48,48,0,94,-127,0,0,40,0,0,784,44,48,0,73,-116,0,0,40,0,0,784,44,48,0,0,-256,0,0,100,0,0,0,192,256,0,0,-256,0,0,100,0,0,832,192,256,0,
0,23,0,-256,0,0,100,0,192,832,192,256,0,52,-183,0,0,100,0,384,0,48,68,0,36,-167,0,1,90,0,504,184,72,72,0,52,-135,0,0,100,0,384,68,48,28,0,84,-198,0,0,100,0,384,0,48,68,0,68,-182,0,1,75,0,504,184,72,72,0,84,-150,0,0,100,0,384,68,48,28,0,110,-212,0,0,100,0,384,0,48,68,0,94,-196,0,1,80,0,504,184,72,72,0,110,-164,0,0,100,0,384,68,48,28,0,72,-116,0,0,100,0,96,448,48,48,0,92,-128,0,0,100,0,240,256,48,48,0,0,-256,0,0,100,0,192,0,192,256,0,80,-220,0,0,100,0,48,544,48,44,0,76,-196,0,0,100,0,412,144,40,32,0,52,-128,0,0,100,0,508,116,60,64,0,56,-140,0,0,100,0,48,688,48,48,0,68,-128,0,0,100,0,452,144,36,36,0,52,-140,0,0,100,0,0,640,48,48,0,94,-127,0,0,40,0,0,784,44,48,0,73,-116,0,0,40,0,0,784,44,48,0,0,-256,0,0,100,0,0,0,192,256,0,0,-256,0,0,100,0,0,832,192,256,0,
0,23,0,-256,0,0,100,0,192,832,192,256,0,52,-183,0,0,100,0,384,0,48,68,0,36,-167,0,1,90,0,504,184,72,72,0,52,-135,0,0,100,0,384,68,48,28,0,84,-198,0,0,100,0,384,0,48,68,0,68,-182,0,1,75,0,504,184,72,72,0,84,-150,0,0,100,0,384,68,48,28,0,110,-212,0,0,100,0,384,0,48,68,0,94,-196,0,1,80,0,432,184,72,72,0,110,-164,0,0,100,0,384,68,48,28,0,72,-116,0,0,100,0,96,448,48,48,0,92,-128,0,0,100,0,288,256,48,48,0,0,-256,0,0,100,0,192,0,192,256,0,80,-220,0,0,100,0,48,592,48,44,0,76,-196,0,0,100,0,412,144,40,32,0,52,-128,0,0,100,0,508,116,60,64,0,56,-140,0,0,100,0,96,688,48,48,0,68,-128,0,0,100,0,452,144,36,36,0,52,-140,0,0,100,0,0,640,48,48,0,94,-127,0,0,40,0,0,784,44,48,0,73,-116,0,0,40,0,0,784,44,48,0,0,-256,0,0,100,0,0,0,192,256,0,0,-256,0,0,100,0,0,832,192,256,0,
0,23,0,-256,0,0,100,0,192,832,192,256,0,52,-183,0,0,100,0,384,0,48,68,0,36,-167,0,1,90,0,504,184,72,72,0,52,-135,0,0,100,0,384,68,48,28,0,84,-198,0,0,100,0,384,0,48,68,0,68,-182,0,1,70,0,432,184,72,72,0,84,-150,0,0,100,0,384,68,48,28,0,110,-212,0,0,100,0,384,0,48,68,0,94,-196,0,1,85,0,432,184,72,72,0,110,-164,0,0,100,0,384,68,48,28,0,72,-116,0,0,100,0,96,448,48,48,0,92,-128,0,0,100,0,336,256,48,48,0,0,-256,0,0,100,0,192,0,192,256,0,80,-220,0,0,100,0,48,592,48,44,0,76,-196,0,0,100,0,412,144,40,32,0,52,-128,0,0,100,0,508,116,60,64,0,56,-140,0,0,100,0,96,688,48,48,0,68,-128,0,0,100,0,452,144,36,36,0,52,-140,0,0,100,0,0,640,48,48,0,94,-127,0,0,40,0,0,784,44,48,0,73,-116,0,0,40,0,0,784,44,48,0,0,-256,0,0,100,0,0,0,192,256,0,0,-256,0,0,100,0,0,832,192,256,0,
0,23,0,-256,0,0,100,0,192,832,192,256,0,52,-183,0,0,100,0,384,0,48,68,0,36,-167,0,1,90,0,504,184,72,72,0,52,-135,0,0,100,0,384,68,48,28,0,84,-198,0,0,100,0,384,0,48,68,0,68,-182,0,1,70,0,432,184,72,72,0,84,-150,0,0,100,0,384,68,48,28,0,110,-212,0,0,100,0,384,0,48,68,0,94,-196,0,1,85,0,432,184,72,72,0,110,-164,0,0,100,0,384,68,48,28,0,72,-116,0,0,100,0,144,448,48,48,0,92,-128,0,0,100,0,336,256,48,48,0,0,-256,0,0,100,0,192,0,192,256,0,80,-220,0,0,100,0,48,592,48,44,0,76,-196,0,0,100,0,412,144,40,32,0,52,-128,0,0,100,0,508,116,60,64,0,56,-140,0,0,100,0,96,688,48,48,0,68,-128,0,0,100,0,452,144,36,36,0,52,-140,0,0,100,0,0,640,48,48,0,94,-127,0,0,40,0,0,784,44,48,0,73,-116,0,0,40,0,0,784,44,48,0,0,-256,0,0,100,0,0,0,192,256,0,0,-256,0,0,100,0,0,832,192,256,0,
0,23,0,-256,0,0,100,0,192,832,192,256,0,52,-183,0,0,100,0,384,0,48,68,0,36,-167,0,1,90,0,504,184,72,72,0,52,-135,0,0,100,0,384,68,48,28,0,84,-198,0,0,100,0,384,0,48,68,0,68,-182,0,1,65,0,504,184,72,72,0,84,-150,0,0,100,0,384,68,48,28,0,110,-212,0,0,100,0,384,0,48,68,0,94,-196,0,1,90,0,432,184,72,72,0,110,-164,0,0,100,0,384,68,48,28,0,72,-116,0,0,100,0,192,448,48,48,0,92,-128,0,0,100,0,336,256,48,48,0,0,-256,0,0,100,0,192,0,192,256,0,80,-220,0,0,100,0,48,592,48,44,0,76,-196,0,0,100,0,412,144,40,32,0,52,-128,0,0,100,0,508,116,60,64,0,56,-140,0,0,100,0,144,688,48,48,0,68,-128,0,0,100,0,452,144,36,36,0,52,-140,0,0,100,0,0,640,48,48,0,94,-127,0,0,40,0,0,784,44,48,0,73,-116,0,0,40,0,0,784,44,48,0,0,-256,0,0,100,0,0,0,192,256,0,0,-256,0,0,100,0,0,832,192,256,0,
0,23,0,-256,0,0,100,0,192,832,192,256,0,52,-183,0,0,100,0,384,0,48,68,0,36,-167,0,1,90,0,504,184,72,72,0,52,-135,0,0,100,0,384,68,48,28,0,84,-198,0,0,100,0,384,0,48,68,0,68,-182,0,1,65,0,504,184,72,72,0,84,-150,0,0,100,0,384,68,48,28,0,110,-212,0,0,100,0,384,0,48,68,0,94,-196,0,1,90,0,504,184,72,72,0,110,-164,0,0,100,0,384,68,48,28,0,72,-116,0,0,100,0,240,448,48,48,0,92,-128,0,0,100,0,336,256,48,48,0,0,-256,0,0,100,0,192,0,192,256,0,80,-220,0,0,100,0,48,592,48,44,0,76,-196,0,0,100,0,412,144,40,32,0,52,-128,0,0,100,0,508,116,60,64,0,56,-140,0,0,100,0,144,688,48,48,0,68,-128,0,0,100,0,452,144,36,36,0,52,-140,0,0,100,0,0,640,48,48,0,94,-127,0,0,40,0,0,784,44,48,0,73,-116,0,0,40,0,0,784,44,48,0,0,-256,0,0,100,0,0,0,192,256,0,0,-256,0,0,100,0,0,832,192,256,0,
0,23,0,-256,0,0,100,0,192,832,192,256,0,52,-183,0,0,100,0,384,0,48,68,0,36,-167,0,1,90,0,504,184,72,72,0,52,-135,0,0,100,0,384,68,48,28,0,84,-198,0,0,100,0,384,0,48,68,0,68,-182,0,1,60,0,504,184,72,72,0,84,-150,0,0,100,0,384,68,48,28,0,110,-212,0,0,100,0,384,0,48,68,0,94,-196,0,1,95,0,504,184,72,72,0,110,-164,0,0,100,0,384,68,48,28,0,72,-116,0,0,100,0,288,448,48,48,0,92,-128,0,0,100,0,384,256,48,48,0,0,-256,0,0,100,0,192,0,192,256,0,80,-220,0,0,100,0,48,592,48,44,0,76,-196,0,0,100,0,412,144,40,32,0,52,-128,0,0,100,0,508,116,60,64,0,56,-140,0,0,100,0,144,688,48,48,0,68,-128,0,0,100,0,452,144,36,36,0,52,-140,0,0,100,0,0,640,48,48,0,94,-127,0,0,40,0,0,784,44,48,0,73,-116,0,0,40,0,0,784,44,48,0,0,-256,0,0,100,0,0,0,192,256,0,0,-256,0,0,100,0,0,832,192,256,0,
0,23,0,-256,0,0,100,0,192,832,192,256,0,52,-183,0,0,100,0,384,0,48,68,0,36,-167,0,1,85,0,504,184,72,72,0,52,-135,0,0,100,0,384,68,48,28,0,84,-198,0,0,100,0,384,0,48,68,0,68,-182,0,1,60,0,504,184,72,72,0,84,-150,0,0,100,0,384,68,48,28,0,110,-212,0,0,100,0,384,0,48,68,0,94,-196,0,1,95,0,504,184,72,72,0,110,-164,0,0,100,0,384,68,48,28,0,72,-116,0,0,100,0,288,448,48,48,0,92,-128,0,0,100,0,336,256,48,48,0,0,-256,0,0,100,0,192,0,192,256,0,80,-220,0,0,100,0,48,592,48,44,0,76,-196,0,0,100,0,412,144,40,32,0,52,-128,0,0,100,0,508,116,60,64,0,56,-140,0,0,100,0,0,688,48,48,0,68,-128,0,0,100,0,452,144,36,36,0,52,-140,0,0,100,0,0,640,48,48,0,94,-127,0,0,40,0,0,784,44,48,0,73,-116,0,0,40,0,0,784,44,48,0,0,-256,0,0,100,0,0,0,192,256,0,0,-256,0,0,100,0,0,832,192,256,0,
0,23,0,-256,0,0,100,0,192,832,192,256,0,52,-183,0,0,100,0,384,0,48,68,0,36,-167,0,1,85,0,504,184,72,72,0,52,-135,0,0,100,0,384,68,48,28,0,84,-198,0,0,100,0,384,0,48,68,0,68,-182,0,1,60,0,504,184,72,72,0,84,-150,0,0,100,0,384,68,48,28,0,110,-212,0,0,100,0,384,0,48,68,0,94,-196,0,1,100,0,432,184,72,72,0,110,-164,0,0,100,0,384,68,48,28,0,72,-116,0,0,100,0,96,448,48,48,0,92,-128,0,0,100,0,432,256,48,48,0,0,-256,0,0,100,0,192,0,192,256,0,80,-220,0,0,100,0,48,592,48,44,0,76,-196,0,0,100,0,412,144,40,32,0,52,-128,0,0,100,0,508,116,60,64,0,56,-140,0,0,100,0,0,688,48,48,0,68,-128,0,0,100,0,452,144,36,36,0,52,-140,0,0,100,0,0,640,48,48,0,94,-127,0,0,40,0,0,784,44,48,0,73,-116,0,0,40,0,0,784,44,48,0,0,-256,0,0,100,0,0,0,192,256,0,0,-256,0,0,100,0,0,832,192,256,0,
0,23,0,-256,0,0,100,0,192,832,192,256,0,52,-183,0,0,100,0,384,0,48,68,0,36,-167,0,1,85,0,504,184,72,72,0,52,-135,0,0,100,0,384,68,48,28,0,84,-198,0,0,100,0,384,0,48,68,0,68,-182,0,1,65,0,504,184,72,72,0,84,-150,0,0,100,0,384,68,48,28,0,110,-212,0,0,100,0,384,0,48,68,0,94,-196,0,1,100,0,432,184,72,72,0,110,-164,0,0,100,0,384,68,48,28,0,72,-116,0,0,100,0,96,448,48,48,0,92,-128,0,0,100,0,480,256,48,48,0,0,-256,0,0,100,0,192,0,192,256,0,80,-220,0,0,100,0,48,592,48,44,0,76,-196,0,0,100,0,412,144,40,32,0,52,-128,0,0,100,0,508,116,60,64,0,56,-140,0,0,100,0,0,688,48,48,0,68,-128,0,0,100,0,452,144,36,36,0,52,-140,0,0,100,0,0,640,48,48,0,94,-127,0,0,40,0,0,784,44,48,0,73,-116,0,0,40,0,0,784,44,48,0,0,-256,0,0,100,0,0,0,192,256,0,0,-256,0,0,100,0,0,832,192,256,0,
0,23,0,-256,0,0,100,0,192,832,192,256,0,52,-183,0,0,100,0,384,0,48,68,0,36,-167,0,1,85,0,432,184,72,72,0,52,-135,0,0,100,0,384,68,48,28,0,84,-198,0,0,100,0,384,0,48,68,0,68,-182,0,1,70,0,504,184,72,72,0,84,-150,0,0,100,0,384,68,48,28,0,110,-212,0,0,100,0,384,0,48,68,0,94,-196,0,1,100,0,504,184,72,72,0,110,-164,0,0,100,0,384,68,48,28,0,72,-116,0,0,100,0,96,448,48,48,0,92,-128,0,0,100,0,528,256,48,48,0,0,-256,0,0,100,0,192,0,192,256,0,80,-220,0,0,100,0,96,592,48,44,0,76,-196,0,0,100,0,412,144,40,32,0,52,-128,0,0,100,0,508,116,60,64,0,56,-140,0,0,100,0,0,688,48,48,0,68,-128,0,0,100,0,452,144,36,36,0,52,-140,0,0,100,0,0,640,48,48,0,94,-127,0,0,40,0,0,784,44,48,0,73,-116,0,0,40,0,0,784,44,48,0,0,-256,0,0,100,0,0,0,192,256,0,0,-256,0,0,100,0,0,832,192,256,0,
0,23,0,-256,0,0,100,0,192,832,192,256,0,52,-183,0,0,100,0,384,0,48,68,0,36,-167,0,1,85,0,432,184,72,72,0,52,-135,0,0,100,0,384,68,48,28,0,84,-198,0,0,100,0,384,0,48,68,0,68,-182,0,1,75,0,504,184,72,72,0,84,-150,0,0,100,0,384,68,48,28,0,110,-212,0,0,100,0,384,0,48,68,0,94,-196,0,1,95,0,504,184,72,72,0,110,-164,0,0,100,0,384,68,48,28,0,72,-116,0,0,100,0,96,448,48,48,0,92,-128,0,0,100,0,576,256,48,48,0,0,-256,0,0,100,0,192,0,192,256,0,80,-220,0,0,100,0,96,592,48,44,0,76,-196,0,0,100,0,412,144,40,32,0,52,-128,0,0,100,0,508,116,60,64,0,56,-140,0,0,100,0,0,688,48,48,0,68,-128,0,0,100,0,452,144,36,36,0,52,-140,0,0,100,0,0,640,48,48,0,94,-127,0,0,40,0,0,784,44,48,0,73,-116,0,0,40,0,0,784,44,48,0,0,-256,0,0,100,0,0,0,192,256,0,0,-256,0,0,100,0,0,832,192,256,0,
0,23,0,-256,0,0,100,0,192,832,192,256,0,52,-183,0,0,100,0,384,0,48,68,0,36,-167,0,1,85,0,432,184,72,72,0,52,-135,0,0,100,0,384,68,48,28,0,84,-198,0,0,100,0,384,0,48,68,0,68,-182,0,1,75,0,432,184,72,72,0,84,-150,0,0,100,0,384,68,48,28,0,110,-212,0,0,100,0,384,0,48,68,0,94,-196,0,1,90,0,504,184,72,72,0,110,-164,0,0,100,0,384,68,48,28,0,72,-116,0,0,100,0,96,448,48,48,0,92,-128,0,0,100,0,624,256,48,48,0,0,-256,0,0,100,0,192,0,192,256,0,80,-220,0,0,100,0,96,592,48,44,0,76,-196,0,0,100,0,412,144,40,32,0,52,-128,0,0,100,0,508,116,60,64,0,56,-140,0,0,100,0,0,688,48,48,0,68,-128,0,0,100,0,452,144,36,36,0,52,-140,0,0,100,0,0,640,48,48,0,94,-127,0,0,40,0,0,784,44,48,0,73,-116,0,0,40,0,0,784,44,48,0,0,-256,0,0,100,0,0,0,192,256,0,0,-256,0,0,100,0,0,832,192,256,0,
0,23,0,-256,0,0,100,0,192,832,192,256,0,52,-183,0,0,100,0,384,0,48,68,0,36,-167,0,1,85,0,432,184,72,72,0,52,-135,0,0,100,0,384,68,48,28,0,84,-198,0,0,100,0,384,0,48,68,0,68,-182,0,1,70,0,432,184,72,72,0,84,-150,0,0,100,0,384,68,48,28,0,110,-212,0,0,100,0,384,0,48,68,0,94,-196,0,1,85,0,504,184,72,72,0,110,-164,0,0,100,0,384,68,48,28,0,72,-116,0,0,100,0,96,448,48,48,0,92,-128,0,0,100,0,624,256,48,48,0,0,-256,0,0,100,0,192,0,192,256,0,80,-220,0,0,100,0,96,592,48,44,0,76,-196,0,0,100,0,412,144,40,32,0,52,-128,0,0,100,0,508,116,60,64,0,56,-140,0,0,100,0,0,688,48,48,0,68,-128,0,0,100,0,452,144,36,36,0,52,-140,0,0,100,0,0,640,48,48,0,94,-127,0,0,40,0,0,784,44,48,0,73,-116,0,0,40,0,0,784,44,48,0,0,-256,0,0,100,0,0,0,192,256,0,0,-256,0,0,100,0,0,832,192,256,0,
0,23,0,-256,0,0,100,0,192,832,192,256,0,52,-183,0,0,100,0,384,0,48,68,0,36,-167,0,1,85,0,504,184,72,72,0,52,-135,0,0,100,0,384,68,48,28,0,84,-198,0,0,100,0,384,0,48,68,0,68,-182,0,1,65,0,504,184,72,72,0,84,-150,0,0,100,0,384,68,48,28,0,110,-212,0,0,100,0,384,0,48,68,0,94,-196,0,1,80,0,432,184,72,72,0,110,-164,0,0,100,0,384,68,48,28,0,72,-116,0,0,100,0,96,448,48,48,0,92,-128,0,0,100,0,576,256,48,48,0,0,-256,0,0,100,0,192,0,192,256,0,80,-220,0,0,100,0,48,592,48,44,0,76,-196,0,0,100,0,412,144,40,32,0,52,-128,0,0,100,0,508,116,60,64,0,56,-140,0,0,100,0,0,688,48,48,0,68,-128,0,0,100,0,452,144,36,36,0,52,-140,0,0,100,0,0,640,48,48,0,94,-127,0,0,40,0,0,784,44,48,0,73,-116,0,0,40,0,0,784,44,48,0,0,-256,0,0,100,0,0,0,192,256,0,0,-256,0,0,100,0,0,832,192,256,0,
0,23,0,-256,0,0,100,0,192,832,192,256,0,52,-183,0,0,100,0,384,0,48,68,0,36,-167,0,1,80,0,504,184,72,72,0,52,-135,0,0,100,0,384,68,48,28,0,84,-198,0,0,100,0,384,0,48,68,0,68,-182,0,1,60,0,504,184,72,72,0,84,-150,0,0,100,0,384,68,48,28,0,110,-212,0,0,100,0,384,0,48,68,0,94,-196,0,1,85,0,432,184,72,72,0,110,-164,0,0,100,0,384,68,48,28,0,72,-116,0,0,100,0,96,448,48,48,0,92,-128,0,0,100,0,528,256,48,48,0,0,-256,0,0,100,0,192,0,192,256,0,80,-220,0,0,100,0,48,592,48,44,0,76,-196,0,0,100,0,412,144,40,32,0,52,-128,0,0,100,0,508,116,60,64,0,56,-140,0,0,100,0,0,688,48,48,0,68,-128,0,0,100,0,452,144,36,36,0,52,-140,0,0,100,0,0,640,48,48,0,94,-127,0,0,40,0,0,784,44,48,0,73,-116,0,0,40,0,0,784,44,48,0,0,-256,0,0,100,0,0,0,192,256,0,0,-256,0,0,100,0,0,832,192,256,0,
0,23,0,-256,0,0,100,0,192,832,192,256,0,52,-183,0,0,100,0,384,0,48,68,0,36,-167,0,1,80,0,504,184,72,72,0,52,-135,0,0,100,0,384,68,48,28,0,84,-198,0,0,100,0,384,0,48,68,0,68,-182,0,1,55,0,504,184,72,72,0,84,-150,0,0,100,0,384,68,48,28,0,110,-212,0,0,100,0,384,0,48,68,0,94,-196,0,1,80,0,432,184,72,72,0,110,-164,0,0,100,0,384,68,48,28,0,72,-116,0,0,100,0,96,448,48,48,0,92,-128,0,0,100,0,480,256,48,48,0,0,-256,0,0,100,0,192,0,192,256,0,80,-220,0,0,100,0,48,592,48,44,0,76,-196,0,0,100,0,412,144,40,32,0,52,-128,0,0,100,0,508,116,60,64,0,56,-140,0,0,100,0,0,688,48,48,0,68,-128,0,0,100,0,452,144,36,36,0,52,-140,0,0,100,0,0,640,48,48,0,94,-127,0,0,40,0,0,784,44,48,0,73,-116,0,0,40,0,0,784,44,48,0,0,-256,0,0,100,0,0,0,192,256,0,0,-256,0,0,100,0,0,832,192,256,0,
0,23,0,-256,0,0,100,0,192,832,192,256,0,52,-183,0,0,100,0,384,0,48,68,0,36,-167,0,1,80,0,504,184,72,72,0,52,-135,0,0,100,0,384,68,48,28,0,84,-198,0,0,100,0,384,0,48,68,0,68,-182,0,1,60,0,504,184,72,72,0,84,-150,0,0,100,0,384,68,48,28,0,110,-212,0,0,100,0,384,0,48,68,0,94,-196,0,1,85,0,504,184,72,72,0,110,-164,0,0,100,0,384,68,48,28,0,72,-116,0,0,100,0,96,448,48,48,0,92,-128,0,0,100,0,432,256,48,48,0,0,-256,0,0,100,0,192,0,192,256,0,80,-220,0,0,100,0,48,544,48,44,0,76,-196,0,0,100,0,412,144,40,32,0,52,-128,0,0,100,0,508,116,60,64,0,56,-140,0,0,100,0,0,688,48,48,0,68,-128,0,0,100,0,452,144,36,36,0,52,-140,0,0,100,0,0,640,48,48,0,94,-127,0,0,40,0,0,784,44,48,0,73,-116,0,0,40,0,0,784,44,48,0,0,-256,0,0,100,0,0,0,192,256,0,0,-256,0,0,100,0,0,832,192,256,0,
0,23,0,-256,0,0,100,0,192,832,192,256,0,52,-183,0,0,100,0,384,0,48,68,0,36,-167,0,1,80,0,504,184,72,72,0,52,-135,0,0,100,0,384,68,48,28,0,84,-198,0,0,100,0,384,0,48,68,0,68,-182,0,1,60,0,504,184,72,72,0,84,-150,0,0,100,0,384,68,48,28,0,110,-212,0,0,100,0,384,0,48,68,0,94,-196,0,1,90,0,504,184,72,72,0,110,-164,0,0,100,0,384,68,48,28,0,72,-116,0,0,100,0,96,448,48,48,0,92,-128,0,0,100,0,384,256,48,48,0,0,-256,0,0,100,0,192,0,192,256,0,80,-220,0,0,100,0,48,544,48,44,0,76,-196,0,0,100,0,412,144,40,32,0,52,-128,0,0,100,0,508,116,60,64,0,56,-140,0,0,100,0,0,688,48,48,0,68,-128,0,0,100,0,452,144,36,36,0,52,-140,0,0,100,0,0,640,48,48,0,94,-127,0,0,40,0,0,784,44,48,0,73,-116,0,0,40,0,0,784,44,48,0,0,-256,0,0,100,0,0,0,192,256,0,0,-256,0,0,100,0,0,832,192,256,0,
0,23,0,-256,0,0,100,0,192,832,192,256,0,52,-183,0,0,100,0,384,0,48,68,0,36,-167,0,1,80,0,504,184,72,72,0,52,-135,0,0,100,0,384,68,48,28,0,84,-198,0,0,100,0,384,0,48,68,0,68,-182,0,1,65,0,432,184,72,72,0,84,-150,0,0,100,0,384,68,48,28,0,110,-212,0,0,100,0,384,0,48,68,0,94,-196,0,1,95,0,504,184,72,72,0,110,-164,0,0,100,0,384,68,48,28,0,72,-116,0,0,100,0,96,448,48,48,0,92,-128,0,0,100,0,0,304,48,48,0,0,-256,0,0,100,0,192,0,192,256,0,80,-220,0,0,100,0,48,544,48,44,0,76,-196,0,0,100,0,412,144,40,32,0,52,-128,0,0,100,0,508,116,60,64,0,56,-140,0,0,100,0,0,688,48,48,0,68,-128,0,0,100,0,452,144,36,36,0,52,-140,0,0,100,0,0,640,48,48,0,94,-127,0,0,40,0,0,784,44,48,0,73,-116,0,0,40,0,0,784,44,48,0,0,-256,0,0,100,0,0,0,192,256,0,0,-256,0,0,100,0,0,832,192,256,0,
0,23,0,-256,0,0,100,0,192,832,192,256,0,52,-183,0,0,100,0,384,0,48,68,0,36,-167,0,1,75,0,504,184,72,72,0,52,-135,0,0,100,0,384,68,48,28,0,84,-198,0,0,100,0,384,0,48,68,0,68,-182,0,1,70,0,432,184,72,72,0,84,-150,0,0,100,0,384,68,48,28,0,110,-212,0,0,100,0,384,0,48,68,0,94,-196,0,1,100,0,432,184,72,72,0,110,-164,0,0,100,0,384,68,48,28,0,72,-116,0,0,100,0,96,448,48,48,0,92,-128,0,0,100,0,48,304,48,48,0,0,-256,0,0,100,0,192,0,192,256,0,80,-220,0,0,100,0,48,544,48,44,0,76,-196,0,0,100,0,412,144,40,32,0,52,-128,0,0,100,0,508,116,60,64,0,56,-140,0,0,100,0,0,688,48,48,0,68,-128,0,0,100,0,452,144,36,36,0,52,-140,0,0,100,0,0,640,48,48,0,94,-127,0,0,40,0,0,784,44,48,0,73,-116,0,0,40,0,0,784,44,48,0,0,-256,0,0,100,0,0,0,192,256,0,0,-256,0,0,100,0,0,832,192,256,0,
0,23,0,-256,0,0,100,0,192,832,192,256,0,52,-183,0,0,100,0,384,0,48,68,0,36,-167,0,1,75,0,504,184,72,72,0,52,-135,0,0,100,0,384,68,48,28,0,84,-198,0,0,100,0,384,0,48,68,0,68,-182,0,1,75,0,432,184,72,72,0,84,-150,0,0,100,0,384,68,48,28,0,110,-212,0,0,100,0,384,0,48,68,0,94,-196,0,1,100,0,432,184,72,72,0,110,-164,0,0,100,0,384,68,48,28,0,72,-116,0,0,100,0,96,448,48,48,0,92,-128,0,0,100,0,96,304,48,48,0,0,-256,0,0,100,0,192,0,192,256,0,80,-220,0,0,100,0,48,544,48,44,0,76,-196,0,0,100,0,412,144,40,32,0,52,-128,0,0,100,0,508,116,60,64,0,56,-140,0,0,100,0,0,688,48,48,0,68,-128,0,0,100,0,452,144,36,36,0,52,-140,0,0,100,0,0,640,48,48,0,94,-127,0,0,40,0,0,784,44,48,0,73,-116,0,0,40,0,0,784,44,48,0,0,-256,0,0,100,0,0,0,192,256,0,0,-256,0,0,100,0,0,832,192,256,0,
0,23,0,-256,0,0,100,0,192,832,192,256,0,52,-183,0,0,100,0,384,0,48,68,0,36,-167,0,1,75,0,504,184,72,72,0,52,-135,0,0,100,0,384,68,48,28,0,84,-198,0,0,100,0,384,0,48,68,0,68,-182,0,1,80,0,432,184,72,72,0,84,-150,0,0,100,0,384,68,48,28,0,110,-212,0,0,100,0,384,0,48,68,0,94,-196,0,1,100,0,432,184,72,72,0,110,-164,0,0,100,0,384,68,48,28,0,72,-116,0,0,100,0,96,448,48,48,0,92,-128,0,0,100,0,144,304,48,48,0,0,-256,0,0,100,0,192,0,192,256,0,80,-220,0,0,100,0,48,544,48,44,0,76,-196,0,0,100,0,412,144,40,32,0,52,-128,0,0,100,0,508,116,60,64,0,56,-140,0,0,100,0,240,736,48,48,0,68,-128,0,0,100,0,452,144,36,36,0,52,-140,0,0,100,0,0,640,48,48,0,94,-127,0,0,40,0,0,784,44,48,0,73,-116,0,0,40,0,0,784,44,48,0,0,-256,0,0,100,0,0,0,192,256,0,0,-256,0,0,100,0,0,832,192,256,0,
0,23,0,-256,0,0,100,0,192,832,192,256,0,52,-183,0,0,100,0,384,0,48,68,0,36,-167,0,1,75,0,504,184,72,72,0,52,-135,0,0,100,0,384,68,48,28,0,84,-198,0,0,100,0,384,0,48,68,0,68,-182,0,1,75,0,504,184,72,72,0,84,-150,0,0,100,0,384,68,48,28,0,110,-212,0,0,100,0,384,0,48,68,0,94,-196,0,1,95,0,432,184,72,72,0,110,-164,0,0,100,0,384,68,48,28,0,72,-116,0,0,100,0,96,448,48,48,0,92,-128,0,0,100,0,192,304,48,48,0,0,-256,0,0,100,0,192,0,192,256,0,80,-220,0,0,100,0,48,544,48,44,0,76,-196,0,0,100,0,412,144,40,32,0,52,-128,0,0,100,0,508,116,60,64,0,56,-140,0,0,100,0,240,736,48,48,0,68,-128,0,0,100,0,452,144,36,36,0,52,-140,0,0,100,0,0,640,48,48,0,94,-127,0,0,40,0,0,784,44,48,0,73,-116,0,0,40,0,0,784,44,48,0,0,-256,0,0,100,0,0,0,192,256,0,0,-256,0,0,100,0,0,832,192,256,0,
0,23,0,-256,0,0,100,0,192,832,192,256,0,52,-183,0,0,100,0,384,0,48,68,0,36,-167,0,1,75,0,504,184,72,72,0,52,-135,0,0,100,0,384,68,48,28,0,84,-198,0,0,100,0,384,0,48,68,0,68,-182,0,1,75,0,504,184,72,72,0,84,-150,0,0,100,0,384,68,48,28,0,110,-212,0,0,100,0,384,0,48,68,0,94,-196,0,1,95,0,504,184,72,72,0,110,-164,0,0,100,0,384,68,48,28,0,72,-116,0,0,100,0,96,448,48,48,0,92,-128,0,0,100,0,144,304,48,48,0,0,-256,0,0,100,0,192,0,192,256,0,80,-220,0,0,100,0,48,544,48,44,0,76,-196,0,0,100,0,412,144,40,32,0,52,-128,0,0,100,0,508,116,60,64,0,56,-140,0,0,100,0,288,736,48,48,0,68,-128,0,0,100,0,452,144,36,36,0,52,-140,0,0,100,0,0,640,48,48,0,94,-127,0,0,40,0,0,784,44,48,0,73,-116,0,0,40,0,0,784,44,48,0,0,-256,0,0,100,0,0,0,192,256,0,0,-256,0,0,100,0,0,832,192,256,0,
0,23,0,-256,0,0,100,0,192,832,192,256,0,52,-183,0,0,100,0,384,0,48,68,0,36,-167,0,1,75,0,504,184,72,72,0,52,-135,0,0,100,0,384,68,48,28,0,84,-198,0,0,100,0,384,0,48,68,0,68,-182,0,1,70,0,504,184,72,72,0,84,-150,0,0,100,0,384,68,48,28,0,110,-212,0,0,100,0,384,0,48,68,0,94,-196,0,1,90,0,504,184,72,72,0,110,-164,0,0,100,0,384,68,48,28,0,72,-116,0,0,100,0,96,448,48,48,0,92,-128,0,0,100,0,96,304,48,48,0,0,-256,0,0,100,0,192,0,192,256,0,80,-220,0,0,100,0,48,544,48,44,0,76,-196,0,0,100,0,412,144,40,32,0,52,-128,0,0,100,0,508,116,60,64,0,56,-140,0,0,100,0,288,736,48,48,0,68,-128,0,0,100,0,452,144,36,36,0,52,-140,0,0,100,0,0,640,48,48,0,94,-127,0,0,40,0,0,784,44,48,0,73,-116,0,0,40,0,0,784,44,48,0,0,-256,0,0,100,0,0,0,192,256,0,0,-256,0,0,100,0,0,832,192,256,0,
0,23,0,-256,0,0,100,0,192,832,192,256,0,52,-183,0,0,100,0,384,0,48,68,0,36,-167,0,1,70,0,432,184,72,72,0,52,-135,0,0,100,0,384,68,48,28,0,84,-198,0,0,100,0,384,0,48,68,0,68,-182,0,1,65,0,504,184,72,72,0,84,-150,0,0,100,0,384,68,48,28,0,110,-212,0,0,100,0,384,0,48,68,0,94,-196,0,1,90,0,504,184,72,72,0,110,-164,0,0,100,0,384,68,48,28,0,72,-116,0,0,100,0,96,448,48,48,0,92,-128,0,0,100,0,48,304,48,48,0,0,-256,0,0,100,0,192,0,192,256,0,80,-220,0,0,100,0,48,544,48,44,0,76,-196,0,0,100,0,412,144,40,32,0,52,-128,0,0,100,0,508,116,60,64,0,56,-140,0,0,100,0,288,736,48,48,0,68,-128,0,0,100,0,452,144,36,36,0,52,-140,0,0,100,0,0,640,48,48,0,94,-127,0,0,40,0,0,784,44,48,0,73,-116,0,0,40,0,0,784,44,48,0,0,-256,0,0,100,0,0,0,192,256,0,0,-256,0,0,100,0,0,832,192,256,0,
0,23,0,-256,0,0,100,0,192,832,192,256,0,52,-183,0,0,100,0,384,0,48,68,0,36,-167,0,1,70,0,432,184,72,72,0,52,-135,0,0,100,0,384,68,48,28,0,84,-198,0,0,100,0,384,0,48,68,0,68,-182,0,1,60,0,504,184,72,72,0,84,-150,0,0,100,0,384,68,48,28,0,110,-212,0,0,100,0,384,0,48,68,0,94,-196,0,1,85,0,432,184,72,72,0,110,-164,0,0,100,0,384,68,48,28,0,72,-116,0,0,100,0,96,448,48,48,0,92,-128,0,0,100,0,0,304,48,48,0,0,-256,0,0,100,0,192,0,192,256,0,80,-220,0,0,100,0,48,544,48,44,0,76,-196,0,0,100,0,412,144,40,32,0,52,-128,0,0,100,0,508,116,60,64,0,56,-140,0,0,100,0,288,736,48,48,0,68,-128,0,0,100,0,452,144,36,36,0,52,-140,0,0,100,0,0,640,48,48,0,94,-127,0,0,40,0,0,784,44,48,0,73,-116,0,0,40,0,0,784,44,48,0,0,-256,0,0,100,0,0,0,192,256,0,0,-256,0,0,100,0,0,832,192,256,0,
0,23,0,-256,0,0,100,0,192,832,192,256,0,52,-183,0,0,100,0,384,0,48,68,0,36,-167,0,1,70,0,432,184,72,72,0,52,-135,0,0,100,0,384,68,48,28,0,84,-198,0,0,100,0,384,0,48,68,0,68,-182,0,1,65,0,432,184,72,72,0,84,-150,0,0,100,0,384,68,48,28,0,110,-212,0,0,100,0,384,0,48,68,0,94,-196,0,1,80,0,432,184,72,72,0,110,-164,0,0,100,0,384,68,48,28,0,72,-116,0,0,100,0,96,448,48,48,0,92,-128,0,0,100,0,48,304,48,48,0,0,-256,0,0,100,0,192,0,192,256,0,80,-220,0,0,100,0,48,544,48,44,0,76,-196,0,0,100,0,412,144,40,32,0,52,-128,0,0,100,0,508,116,60,64,0,56,-140,0,0,100,0,288,736,48,48,0,68,-128,0,0,100,0,452,144,36,36,0,52,-140,0,0,100,0,0,640,48,48,0,94,-127,0,0,40,0,0,784,44,48,0,73,-116,0,0,40,0,0,784,44,48,0,0,-256,0,0,100,0,0,0,192,256,0,0,-256,0,0,100,0,0,832,192,256,0,
0,23,0,-256,0,0,100,0,192,832,192,256,0,52,-183,0,0,100,0,384,0,48,68,0,36,-167,0,1,70,0,432,184,72,72,0,52,-135,0,0,100,0,384,68,48,28,0,84,-198,0,0,100,0,384,0,48,68,0,68,-182,0,1,70,0,432,184,72,72,0,84,-150,0,0,100,0,384,68,48,28,0,110,-212,0,0,100,0,384,0,48,68,0,94,-196,0,1,85,0,432,184,72,72,0,110,-164,0,0,100,0,384,68,48,28,0,72,-116,0,0,100,0,96,448,48,48,0,92,-128,0,0,100,0,96,304,48,48,0,0,-256,0,0,100,0,192,0,192,256,0,80,-220,0,0,100,0,48,544,48,44,0,76,-196,0,0,100,0,412,144,40,32,0,52,-128,0,0,100,0,508,116,60,64,0,56,-140,0,0,100,0,288,736,48,48,0,68,-128,0,0,100,0,452,144,36,36,0,52,-140,0,0,100,0,0,640,48,48,0,94,-127,0,0,40,0,0,784,44,48,0,73,-116,0,0,40,0,0,784,44,48,0,0,-256,0,0,100,0,0,0,192,256,0,0,-256,0,0,100,0,0,832,192,256,0,
0,23,0,-256,0,0,100,0,192,832,192,256,0,52,-183,0,0,100,0,384,0,48,68,0,36,-167,0,1,65,0,504,184,72,72,0,52,-135,0,0,100,0,384,68,48,28,0,84,-198,0,0,100,0,384,0,48,68,0,68,-182,0,1,70,0,504,184,72,72,0,84,-150,0,0,100,0,384,68,48,28,0,110,-212,0,0,100,0,384,0,48,68,0,94,-196,0,1,90,0,504,184,72,72,0,110,-164,0,0,100,0,384,68,48,28,0,72,-116,0,0,100,0,96,448,48,48,0,92,-128,0,0,100,0,144,304,48,48,0,0,-256,0,0,100,0,192,0,192,256,0,80,-220,0,0,100,0,48,544,48,44,0,76,-196,0,0,100,0,412,144,40,32,0,52,-128,0,0,100,0,508,116,60,64,0,56,-140,0,0,100,0,288,736,48,48,0,68,-128,0,0,100,0,452,144,36,36,0,52,-140,0,0,100,0,0,640,48,48,0,94,-127,0,0,40,0,0,784,44,48,0,73,-116,0,0,40,0,0,784,44,48,0,0,-256,0,0,100,0,0,0,192,256,0,0,-256,0,0,100,0,0,832,192,256,0,
0,23,0,-256,0,0,100,0,192,832,192,256,0,52,-183,0,0,100,0,384,0,48,68,0,36,-167,0,1,65,0,504,184,72,72,0,52,-135,0,0,100,0,384,68,48,28,0,84,-198,0,0,100,0,384,0,48,68,0,68,-182,0,1,75,0,504,184,72,72,0,84,-150,0,0,100,0,384,68,48,28,0,110,-212,0,0,100,0,384,0,48,68,0,94,-196,0,1,95,0,504,184,72,72,0,110,-164,0,0,100,0,384,68,48,28,0,72,-116,0,0,100,0,96,448,48,48,0,92,-128,0,0,100,0,192,304,48,48,0,0,-256,0,0,100,0,192,0,192,256,0,80,-220,0,0,100,0,48,544,48,44,0,76,-196,0,0,100,0,412,144,40,32,0,52,-128,0,0,100,0,508,116,60,64,0,56,-140,0,0,100,0,288,736,48,48,0,68,-128,0,0,100,0,452,144,36,36,0,52,-140,0,0,100,0,0,640,48,48,0,94,-127,0,0,40,0,0,784,44,48,0,73,-116,0,0,40,0,0,784,44,48,0,0,-256,0,0,100,0,0,0,192,256,0,0,-256,0,0,100,0,0,832,192,256,0,
0,23,0,-256,0,0,100,0,192,832,192,256,0,52,-183,0,0,100,0,384,0,48,68,0,36,-167,0,1,65,0,504,184,72,72,0,52,-135,0,0,100,0,384,68,48,28,0,84,-198,0,0,100,0,384,0,48,68,0,68,-182,0,1,80,0,504,184,72,72,0,84,-150,0,0,100,0,384,68,48,28,0,110,-212,0,0,100,0,384,0,48,68,0,94,-196,0,1,100,0,504,184,72,72,0,110,-164,0,0,100,0,384,68,48,28,0,72,-116,0,0,100,0,96,448,48,48,0,92,-128,0,0,100,0,144,304,48,48,0,0,-256,0,0,100,0,192,0,192,256,0,80,-220,0,0,100,0,48,544,48,44,0,76,-196,0,0,100,0,412,144,40,32,0,52,-128,0,0,100,0,508,116,60,64,0,56,-140,0,0,100,0,288,736,48,48,0,68,-128,0,0,100,0,452,144,36,36,0,52,-140,0,0,100,0,0,640,48,48,0,94,-127,0,0,40,0,0,784,44,48,0,73,-116,0,0,40,0,0,784,44,48,0,0,-256,0,0,100,0,0,0,192,256,0,0,-256,0,0,100,0,0,832,192,256,0,
0,23,0,-256,0,0,100,0,192,832,192,256,0,52,-183,0,0,100,0,384,0,48,68,0,36,-167,0,1,60,0,504,184,72,72,0,52,-135,0,0,100,0,384,68,48,28,0,84,-198,0,0,100,0,384,0,48,68,0,68,-182,0,1,85,0,504,184,72,72,0,84,-150,0,0,100,0,384,68,48,28,0,110,-212,0,0,100,0,384,0,48,68,0,94,-196,0,1,95,0,432,184,72,72,0,110,-164,0,0,100,0,384,68,48,28,0,72,-116,0,0,100,0,96,448,48,48,0,92,-128,0,0,100,0,96,304,48,48,0,0,-256,0,0,100,0,192,0,192,256,0,80,-220,0,0,100,0,48,544,48,44,0,76,-196,0,0,100,0,412,144,40,32,0,52,-128,0,0,100,0,508,116,60,64,0,56,-140,0,0,100,0,288,736,48,48,0,68,-128,0,0,100,0,452,144,36,36,0,52,-140,0,0,100,0,0,640,48,48,0,94,-127,0,0,40,0,0,784,44,48,0,73,-116,0,0,40,0,0,784,44,48,0,0,-256,0,0,100,0,0,0,192,256,0,0,-256,0,0,100,0,0,832,192,256,0,
0,23,0,-256,0,0,100,0,192,832,192,256,0,52,-183,0,0,100,0,384,0,48,68,0,36,-167,0,1,60,0,504,184,72,72,0,52,-135,0,0,100,0,384,68,48,28,0,84,-198,0,0,100,0,384,0,48,68,0,68,-182,0,1,90,0,504,184,72,72,0,84,-150,0,0,100,0,384,68,48,28,0,110,-212,0,0,100,0,384,0,48,68,0,94,-196,0,1,95,0,432,184,72,72,0,110,-164,0,0,100,0,384,68,48,28,0,72,-116,0,0,100,0,96,448,48,48,0,92,-128,0,0,100,0,48,304,48,48,0,0,-256,0,0,100,0,192,0,192,256,0,80,-220,0,0,100,0,48,544,48,44,0,76,-196,0,0,100,0,412,144,40,32,0,52,-128,0,0,100,0,508,116,60,64,0,56,-140,0,0,100,0,288,736,48,48,0,68,-128,0,0,100,0,452,144,36,36,0,52,-140,0,0,100,0,0,640,48,48,0,94,-127,0,0,40,0,0,784,44,48,0,73,-116,0,0,40,0,0,784,44,48,0,0,-256,0,0,100,0,0,0,192,256,0,0,-256,0,0,100,0,0,832,192,256,0,
0,23,0,-256,0,0,100,0,192,832,192,256,0,52,-183,0,0,100,0,384,0,48,68,0,36,-167,0,1,55,0,504,184,72,72,0,52,-135,0,0,100,0,384,68,48,28,0,84,-198,0,0,100,0,384,0,48,68,0,68,-182,0,1,95,0,504,184,72,72,0,84,-150,0,0,100,0,384,68,48,28,0,110,-212,0,0,100,0,384,0,48,68,0,94,-196,0,1,95,0,504,184,72,72,0,110,-164,0,0,100,0,384,68,48,28,0,72,-116,0,0,100,0,96,448,48,48,0,92,-128,0,0,100,0,240,304,48,48,0,0,-256,0,0,100,0,192,0,192,256,0,80,-220,0,0,100,0,48,544,48,44,0,76,-196,0,0,100,0,412,144,40,32,0,52,-128,0,0,100,0,508,116,60,64,0,56,-140,0,0,100,0,288,736,48,48,0,68,-128,0,0,100,0,452,144,36,36,0,52,-140,0,0,100,0,0,640,48,48,0,94,-127,0,0,40,0,0,784,44,48,0,73,-116,0,0,40,0,0,784,44,48,0,0,-256,0,0,100,0,0,0,192,256,0,0,-256,0,0,100,0,0,832,192,256,0,
0,23,0,-256,0,0,100,0,192,832,192,256,0,52,-183,0,0,100,0,384,0,48,68,0,36,-167,0,1,55,0,504,184,72,72,0,52,-135,0,0,100,0,384,68,48,28,0,84,-198,0,0,100,0,384,0,48,68,0,68,-182,0,1,90,0,504,184,72,72,0,84,-150,0,0,100,0,384,68,48,28,0,110,-212,0,0,100,0,384,0,48,68,0,94,-196,0,1,80,0,504,184,72,72,0,110,-164,0,0,100,0,384,68,48,28,0,72,-116,0,0,100,0,96,448,48,48,0,92,-128,0,0,100,0,288,304,48,48,0,0,-256,0,0,100,0,192,0,192,256,0,80,-220,0,0,100,0,48,544,48,44,0,76,-196,0,0,100,0,412,144,40,32,0,52,-128,0,0,100,0,508,116,60,64,0,56,-140,0,0,100,0,288,736,48,48,0,68,-128,0,0,100,0,452,144,36,36,0,52,-140,0,0,100,0,0,640,48,48,0,94,-127,0,0,40,0,0,784,44,48,0,73,-116,0,0,40,0,0,784,44,48,0,0,-256,0,0,100,0,0,0,192,256,0,0,-256,0,0,100,0,0,832,192,256,0,
0,23,0,-256,0,0,100,0,192,832,192,256,0,52,-183,0,0,100,0,384,0,48,68,0,36,-167,0,1,55,0,504,184,72,72,0,52,-135,0,0,100,0,384,68,48,28,0,84,-198,0,0,100,0,384,0,48,68,0,68,-182,0,1,90,0,504,184,72,72,0,84,-150,0,0,100,0,384,68,48,28,0,110,-212,0,0,100,0,384,0,48,68,0,94,-196,0,1,95,0,504,184,72,72,0,110,-164,0,0,100,0,384,68,48,28,0,72,-116,0,0,100,0,96,448,48,48,0,92,-128,0,0,100,0,336,304,48,48,0,0,-256,0,0,100,0,192,0,192,256,0,80,-220,0,0,100,0,48,544,48,44,0,76,-196,0,0,100,0,412,144,40,32,0,52,-128,0,0,100,0,508,116,60,64,0,56,-140,0,0,100,0,288,736,48,48,0,68,-128,0,0,100,0,452,144,36,36,0,52,-140,0,0,100,0,0,640,48,48,0,94,-127,0,0,40,0,0,784,44,48,0,73,-116,0,0,40,0,0,784,44,48,0,0,-256,0,0,100,0,0,0,192,256,0,0,-256,0,0,100,0,0,832,192,256,0,
0,23,0,-256,0,0,100,0,192,832,192,256,0,52,-183,0,0,100,0,384,0,48,68,0,36,-167,0,1,60,0,504,184,72,72,0,52,-135,0,0,100,0,384,68,48,28,0,84,-198,0,0,100,0,384,0,48,68,0,68,-182,0,1,95,0,432,184,72,72,0,84,-150,0,0,100,0,384,68,48,28,0,110,-212,0,0,100,0,384,0,48,68,0,94,-196,0,1,90,0,504,184,72,72,0,110,-164,0,0,100,0,384,68,48,28,0,72,-116,0,0,100,0,96,448,48,48,0,92,-128,0,0,100,0,384,304,48,48,0,0,-256,0,0,100,0,192,0,192,256,0,80,-220,0,0,100,0,48,544,48,44,0,76,-196,0,0,100,0,412,144,40,32,0,52,-128,0,0,100,0,508,116,60,64,0,56,-140,0,0,100,0,288,736,48,48,0,68,-128,0,0,100,0,452,144,36,36,0,52,-140,0,0,100,0,0,640,48,48,0,94,-127,0,0,40,0,0,784,44,48,0,73,-116,0,0,40,0,0,784,44,48,0,0,-256,0,0,100,0,0,0,192,256,0,0,-256,0,0,100,0,0,832,192,256,0,
0,23,0,-256,0,0,100,0,192,832,192,256,0,52,-183,0,0,100,0,384,0,48,68,0,36,-167,0,1,60,0,504,184,72,72,0,52,-135,0,0,100,0,384,68,48,28,0,84,-198,0,0,100,0,384,0,48,68,0,68,-182,0,1,95,0,432,184,72,72,0,84,-150,0,0,100,0,384,68,48,28,0,110,-212,0,0,100,0,384,0,48,68,0,94,-196,0,1,90,0,432,184,72,72,0,110,-164,0,0,100,0,384,68,48,28,0,72,-116,0,0,100,0,96,448,48,48,0,92,-128,0,0,100,0,240,304,48,48,0,0,-256,0,0,100,0,192,0,192,256,0,80,-220,0,0,100,0,48,544,48,44,0,76,-196,0,0,100,0,412,144,40,32,0,52,-128,0,0,100,0,508,116,60,64,0,56,-140,0,0,100,0,288,736,48,48,0,68,-128,0,0,100,0,452,144,36,36,0,52,-140,0,0,100,0,0,640,48,48,0,94,-127,0,0,40,0,0,784,44,48,0,73,-116,0,0,40,0,0,784,44,48,0,0,-256,0,0,100,0,0,0,192,256,0,0,-256,0,0,100,0,0,832,192,256,0,
0,23,0,-256,0,0,100,0,192,832,192,256,0,52,-183,0,0,100,0,384,0,48,68,0,36,-167,0,1,60,0,432,184,72,72,0,52,-135,0,0,100,0,384,68,48,28,0,84,-198,0,0,100,0,384,0,48,68,0,68,-182,0,1,90,0,432,184,72,72,0,84,-150,0,0,100,0,384,68,48,28,0,110,-212,0,0,100,0,384,0,48,68,0,94,-196,0,1,90,0,432,184,72,72,0,110,-164,0,0,100,0,384,68,48,28,0,72,-116,0,0,100,0,96,448,48,48,0,92,-128,0,0,100,0,288,304,48,48,0,0,-256,0,0,100,0,192,0,192,256,0,80,-220,0,0,100,0,48,544,48,44,0,76,-196,0,0,100,0,412,144,40,32,0,52,-128,0,0,100,0,508,116,60,64,0,56,-140,0,0,100,0,288,736,48,48,0,68,-128,0,0,100,0,452,144,36,36,0,52,-140,0,0,100,0,0,640,48,48,0,94,-127,0,0,40,0,0,784,44,48,0,73,-116,0,0,40,0,0,784,44,48,0,0,-256,0,0,100,0,0,0,192,256,0,0,-256,0,0,100,0,0,832,192,256,0,
0,23,0,-256,0,0,100,0,192,832,192,256,0,52,-183,0,0,100,0,384,0,48,68,0,36,-167,0,1,60,0,432,184,72,72,0,52,-135,0,0,100,0,384,68,48,28,0,84,-198,0,0,100,0,384,0,48,68,0,68,-182,0,1,85,0,432,184,72,72,0,84,-150,0,0,100,0,384,68,48,28,0,110,-212,0,0,100,0,384,0,48,68,0,94,-196,0,1,90,0,432,184,72,72,0,110,-164,0,0,100,0,384,68,48,28,0,72,-116,0,0,100,0,96,448,48,48,0,92,-128,0,0,100,0,336,304,48,48,0,0,-256,0,0,100,0,192,0,192,256,0,80,-220,0,0,100,0,48,544,48,44,0,76,-196,0,0,100,0,412,144,40,32,0,52,-128,0,0,100,0,508,116,60,64,0,56,-140,0,0,100,0,288,736,48,48,0,68,-128,0,0,100,0,452,144,36,36,0,52,-140,0,0,100,0,0,640,48,48,0,94,-127,0,0,40,0,0,784,44,48,0,73,-116,0,0,40,0,0,784,44,48,0,0,-256,0,0,100,0,0,0,192,256,0,0,-256,0,0,100,0,0,832,192,256,0,
0,23,0,-256,0,0,100,0,192,832,192,256,0,52,-183,0,0,100,0,384,0,48,68,0,36,-167,0,1,60,0,432,184,72,72,0,52,-135,0,0,100,0,384,68,48,28,0,84,-198,0,0,100,0,384,0,48,68,0,68,-182,0,1,80,0,432,184,72,72,0,84,-150,0,0,100,0,384,68,48,28,0,110,-212,0,0,100,0,384,0,48,68,0,94,-196,0,1,90,0,432,184,72,72,0,110,-164,0,0,100,0,384,68,48,28,0,72,-116,0,0,100,0,96,448,48,48,0,92,-128,0,0,100,0,384,304,48,48,0,0,-256,0,0,100,0,192,0,192,256,0,80,-220,0,0,100,0,48,544,48,44,0,76,-196,0,0,100,0,412,144,40,32,0,52,-128,0,0,100,0,508,116,60,64,0,56,-140,0,0,100,0,288,736,48,48,0,68,-128,0,0,100,0,452,144,36,36,0,52,-140,0,0,100,0,0,640,48,48,0,94,-127,0,0,40,0,0,784,44,48,0,73,-116,0,0,40,0,0,784,44,48,0,0,-256,0,0,100,0,0,0,192,256,0,0,-256,0,0,100,0,0,832,192,256,0,
0,23,0,-256,0,0,100,0,192,832,192,256,0,52,-183,0,0,100,0,384,0,48,68,0,36,-167,0,1,60,0,432,184,72,72,0,52,-135,0,0,100,0,384,68,48,28,0,84,-198,0,0,100,0,384,0,48,68,0,68,-182,0,1,75,0,432,184,72,72,0,84,-150,0,0,100,0,384,68,48,28,0,110,-212,0,0,100,0,384,0,48,68,0,94,-196,0,1,85,0,432,184,72,72,0,110,-164,0,0,100,0,384,68,48,28,0,72,-116,0,0,100,0,96,448,48,48,0,92,-128,0,0,100,0,240,304,48,48,0,0,-256,0,0,100,0,192,0,192,256,0,80,-220,0,0,100,0,48,544,48,44,0,76,-196,0,0,100,0,412,144,40,32,0,52,-128,0,0,100,0,508,116,60,64,0,56,-140,0,0,100,0,288,736,48,48,0,68,-128,0,0,100,0,452,144,36,36,0,52,-140,0,0,100,0,0,640,48,48,0,94,-127,0,0,40,0,0,784,44,48,0,73,-116,0,0,40,0,0,784,44,48,0,0,-256,0,0,100,0,0,0,192,256,0,0,-256,0,0,100,0,0,832,192,256,0,
0,23,0,-256,0,0,100,0,192,832,192,256,0,52,-183,0,0,100,0,384,0,48,68,0,36,-167,0,1,65,0,432,184,72,72,0,52,-135,0,0,100,0,384,68,48,28,0,84,-198,0,0,100,0,384,0,48,68,0,68,-182,0,1,70,0,504,184,72,72,0,84,-150,0,0,100,0,384,68,48,28,0,110,-212,0,0,100,0,384,0,48,68,0,94,-196,0,1,85,0,432,184,72,72,0,110,-164,0,0,100,0,384,68,48,28,0,72,-116,0,0,100,0,96,448,48,48,0,92,-128,0,0,100,0,288,304,48,48,0,0,-256,0,0,100,0,192,0,192,256,0,80,-220,0,0,100,0,48,544,48,44,0,76,-196,0,0,100,0,412,144,40,32,0,52,-128,0,0,100,0,508,116,60,64,0,56,-140,0,0,100,0,288,736,48,48,0,68,-128,0,0,100,0,452,144,36,36,0,52,-140,0,0,100,0,0,640,48,48,0,94,-127,0,0,40,0,0,784,44,48,0,73,-116,0,0,40,0,0,784,44,48,0,0,-256,0,0,100,0,0,0,192,256,0,0,-256,0,0,100,0,0,832,192,256,0,
0,23,0,-256,0,0,100,0,192,832,192,256,0,52,-183,0,0,100,0,384,0,48,68,0,36,-167,0,1,65,0,432,184,72,72,0,52,-135,0,0,100,0,384,68,48,28,0,84,-198,0,0,100,0,384,0,48,68,0,68,-182,0,1,70,0,504,184,72,72,0,84,-150,0,0,100,0,384,68,48,28,0,110,-212,0,0,100,0,384,0,48,68,0,94,-196,0,1,85,0,432,184,72,72,0,110,-164,0,0,100,0,384,68,48,28,0,72,-116,0,0,100,0,96,448,48,48,0,92,-128,0,0,100,0,336,304,48,48,0,0,-256,0,0,100,0,192,0,192,256,0,80,-220,0,0,100,0,48,544,48,44,0,76,-196,0,0,100,0,412,144,40,32,0,52,-128,0,0,100,0,508,116,60,64,0,56,-140,0,0,100,0,288,736,48,48,0,68,-128,0,0,100,0,452,144,36,36,0,52,-140,0,0,100,0,0,640,48,48,0,94,-127,0,0,40,0,0,784,44,48,0,73,-116,0,0,40,0,0,784,44,48,0,0,-256,0,0,100,0,0,0,192,256,0,0,-256,0,0,100,0,0,832,192,256,0,
0,23,0,-256,0,0,100,0,192,832,192,256,0,52,-183,0,0,100,0,384,0,48,68,0,36,-167,0,1,65,0,432,184,72,72,0,52,-135,0,0,100,0,384,68,48,28,0,84,-198,0,0,100,0,384,0,48,68,0,68,-182,0,1,65,0,504,184,72,72,0,84,-150,0,0,100,0,384,68,48,28,0,110,-212,0,0,100,0,384,0,48,68,0,94,-196,0,1,85,0,432,184,72,72,0,110,-164,0,0,100,0,384,68,48,28,0,72,-116,0,0,100,0,96,448,48,48,0,92,-128,0,0,100,0,384,304,48,48,0,0,-256,0,0,100,0,192,0,192,256,0,80,-220,0,0,100,0,48,544,48,44,0,76,-196,0,0,100,0,412,144,40,32,0,52,-128,0,0,100,0,508,116,60,64,0,56,-140,0,0,100,0,288,736,48,48,0,68,-128,0,0,100,0,452,144,36,36,0,52,-140,0,0,100,0,0,640,48,48,0,94,-127,0,0,40,0,0,784,44,48,0,73,-116,0,0,40,0,0,784,44,48,0,0,-256,0,0,100,0,0,0,192,256,0,0,-256,0,0,100,0,0,832,192,256,0,
0,23,0,-256,0,0,100,0,192,832,192,256,0,52,-183,0,0,100,0,384,0,48,68,0,36,-167,0,1,70,0,504,184,72,72,0,52,-135,0,0,100,0,384,68,48,28,0,84,-198,0,0,100,0,384,0,48,68,0,68,-182,0,1,65,0,504,184,72,72,0,84,-150,0,0,100,0,384,68,48,28,0,110,-212,0,0,100,0,384,0,48,68,0,94,-196,0,1,80,0,504,184,72,72,0,110,-164,0,0,100,0,384,68,48,28,0,72,-116,0,0,100,0,96,448,48,48,0,92,-128,0,0,100,0,432,304,48,48,0,0,-256,0,0,100,0,192,0,192,256,0,80,-220,0,0,100,0,48,544,48,44,0,76,-196,0,0,100,0,412,144,40,32,0,52,-128,0,0,100,0,508,116,60,64,0,56,-140,0,0,100,0,240,736,48,48,0,68,-128,0,0,100,0,452,144,36,36,0,52,-140,0,0,100,0,0,640,48,48,0,94,-127,0,0,40,0,0,784,44,48,0,73,-116,0,0,40,0,0,784,44,48,0,0,-256,0,0,100,0,0,0,192,256,0,0,-256,0,0,100,0,0,832,192,256,0,
0,23,0,-256,0,0,100,0,192,832,192,256,0,52,-183,0,0,100,0,384,0,48,68,0,36,-167,0,1,70,0,504,184,72,72,0,52,-135,0,0,100,0,384,68,48,28,0,84,-198,0,0,100,0,384,0,48,68,0,68,-182,0,1,70,0,504,184,72,72,0,84,-150,0,0,100,0,384,68,48,28,0,110,-212,0,0,100,0,384,0,48,68,0,94,-196,0,1,80,0,504,184,72,72,0,110,-164,0,0,100,0,384,68,48,28,0,72,-116,0,0,100,0,96,448,48,48,0,92,-128,0,0,100,0,480,304,48,48,0,0,-256,0,0,100,0,192,0,192,256,0,80,-220,0,0,100,0,48,544,48,44,0,76,-196,0,0,100,0,412,144,40,32,0,52,-128,0,0,100,0,508,116,60,64,0,56,-140,0,0,100,0,240,736,48,48,0,68,-128,0,0,100,0,452,144,36,36,0,52,-140,0,0,100,0,0,640,48,48,0,94,-127,0,0,40,0,0,784,44,48,0,73,-116,0,0,40,0,0,784,44,48,0,0,-256,0,0,100,0,0,0,192,256,0,0,-256,0,0,100,0,0,832,192,256,0,
0,23,0,-256,0,0,100,0,192,832,192,256,0,52,-183,0,0,100,0,384,0,48,68,0,36,-167,0,1,75,0,504,184,72,72,0,52,-135,0,0,100,0,384,68,48,28,0,84,-198,0,0,100,0,384,0,48,68,0,68,-182,0,1,70,0,504,184,72,72,0,84,-150,0,0,100,0,384,68,48,28,0,110,-212,0,0,100,0,384,0,48,68,0,94,-196,0,1,80,0,504,184,72,72,0,110,-164,0,0,100,0,384,68,48,28,0,72,-116,0,0,100,0,96,448,48,48,0,92,-128,0,0,100,0,528,304,48,48,0,0,-256,0,0,100,0,192,0,192,256,0,80,-220,0,0,100,0,48,544,48,44,0,76,-196,0,0,100,0,412,144,40,32,0,52,-128,0,0,100,0,508,116,60,64,0,56,-140,0,0,100,0,0,688,48,48,0,68,-128,0,0,100,0,452,144,36,36,0,52,-140,0,0,100,0,0,640,48,48,0,94,-127,0,0,40,0,0,784,44,48,0,73,-116,0,0,40,0,0,784,44,48,0,0,-256,0,0,100,0,0,0,192,256,0,0,-256,0,0,100,0,0,832,192,256,0,
0,23,0,-256,0,0,100,0,192,832,192,256,0,52,-183,0,0,100,0,384,0,48,68,0,36,-167,0,1,75,0,504,184,72,72,0,52,-135,0,0,100,0,384,68,48,28,0,84,-198,0,0,100,0,384,0,48,68,0,68,-182,0,1,70,0,504,184,72,72,0,84,-150,0,0,100,0,384,68,48,28,0,110,-212,0,0,100,0,384,0,48,68,0,94,-196,0,1,80,0,432,184,72,72,0,110,-164,0,0,100,0,384,68,48,28,0,72,-116,0,0,100,0,96,448,48,48,0,92,-128,0,0,100,0,576,304,48,48,0,0,-256,0,0,100,0,192,0,192,256,0,80,-220,0,0,100,0,48,544,48,44,0,76,-196,0,0,100,0,412,144,40,32,0,52,-128,0,0,100,0,508,116,60,64,0,56,-140,0,0,100,0,0,688,48,48,0,68,-128,0,0,100,0,452,144,36,36,0,52,-140,0,0,100,0,0,640,48,48,0,94,-127,0,0,40,0,0,784,44,48,0,73,-116,0,0,40,0,0,784,44,48,0,0,-256,0,0,100,0,0,0,192,256,0,0,-256,0,0,100,0,0,832,192,256,0,
0,23,0,-256,0,0,100,0,192,832,192,256,0,52,-183,0,0,100,0,384,0,48,68,0,36,-167,0,1,75,0,504,184,72,72,0,52,-135,0,0,100,0,384,68,48,28,0,84,-198,0,0,100,0,384,0,48,68,0,68,-182,0,1,75,0,432,184,72,72,0,84,-150,0,0,100,0,384,68,48,28,0,110,-212,0,0,100,0,384,0,48,68,0,94,-196,0,1,85,0,432,184,72,72,0,110,-164,0,0,100,0,384,68,48,28,0,72,-116,0,0,100,0,96,448,48,48,0,92,-128,0,0,100,0,624,304,48,48,0,0,-256,0,0,100,0,192,0,192,256,0,80,-220,0,0,100,0,48,544,48,44,0,76,-196,0,0,100,0,412,144,40,32,0,52,-128,0,0,100,0,508,116,60,64,0,56,-140,0,0,100,0,0,688,48,48,0,68,-128,0,0,100,0,452,144,36,36,0,52,-140,0,0,100,0,0,640,48,48,0,94,-127,0,0,40,0,0,784,44,48,0,73,-116,0,0,40,0,0,784,44,48,0,0,-256,0,0,100,0,0,0,192,256,0,0,-256,0,0,100,0,0,832,192,256,0,
0,23,0,-256,0,0,100,0,192,832,192,256,0,52,-183,0,0,100,0,384,0,48,68,0,36,-167,0,1,75,0,504,184,72,72,0,52,-135,0,0,100,0,384,68,48,28,0,84,-198,0,0,100,0,384,0,48,68,0,68,-182,0,1,80,0,432,184,72,72,0,84,-150,0,0,100,0,384,68,48,28,0,110,-212,0,0,100,0,384,0,48,68,0,94,-196,0,1,90,0,432,184,72,72,0,110,-164,0,0,100,0,384,68,48,28,0,72,-116,0,0,100,0,96,448,48,48,0,92,-128,0,0,100,0,672,304,48,48,0,0,-256,0,0,100,0,192,0,192,256,0,80,-220,0,0,100,0,48,544,48,44,0,76,-196,0,0,100,0,412,144,40,32,0,52,-128,0,0,100,0,508,116,60,64,0,56,-140,0,0,100,0,0,688,48,48,0,68,-128,0,0,100,0,452,144,36,36,0,52,-140,0,0,100,0,0,640,48,48,0,94,-127,0,0,40,0,0,784,44,48,0,73,-116,0,0,40,0,0,784,44,48,0,0,-256,0,0,100,0,0,0,192,256,0,0,-256,0,0,100,0,0,832,192,256,0,
0,23,0,-256,0,0,100,0,192,832,192,256,0,52,-183,0,0,100,0,384,0,48,68,0,36,-167,0,1,80,0,504,184,72,72,0,52,-135,0,0,100,0,384,68,48,28,0,84,-198,0,0,100,0,384,0,48,68,0,68,-182,0,1,85,0,504,184,72,72,0,84,-150,0,0,100,0,384,68,48,28,0,110,-212,0,0,100,0,384,0,48,68,0,94,-196,0,1,85,0,504,184,72,72,0,110,-164,0,0,100,0,384,68,48,28,0,72,-116,0,0,100,0,144,448,48,48,0,92,-128,0,0,100,0,720,304,48,48,0,0,-256,0,0,100,0,192,0,192,256,0,80,-220,0,0,100,0,48,544,48,44,0,76,-196,0,0,100,0,412,144,40,32,0,52,-128,0,0,100,0,508,116,60,64,0,56,-140,0,0,100,0,0,688,48,48,0,68,-128,0,0,100,0,452,144,36,36,0,52,-140,0,0,100,0,0,640,48,48,0,94,-127,0,0,40,0,0,784,44,48,0,73,-116,0,0,40,0,0,784,44,48,0,0,-256,0,0,100,0,0,0,192,256,0,0,-256,0,0,100,0,0,832,192,256,0,
0,23,0,-256,0,0,100,0,192,832,192,256,0,52,-183,0,0,100,0,384,0,48,68,0,36,-167,0,1,80,0,504,184,72,72,0,52,-135,0,0,100,0,384,68,48,28,0,84,-198,0,0,100,0,384,0,48,68,0,68,-182,0,1,90,0,504,184,72,72,0,84,-150,0,0,100,0,384,68,48,28,0,110,-212,0,0,100,0,384,0,48,68,0,94,-196,0,1,85,0,504,184,72,72,0,110,-164,0,0,100,0,384,68,48,28,0,72,-116,0,0,100,0,192,448,48,48,0,92,-128,0,0,100,0,720,304,48,48,0,0,-256,0,0,100,0,192,0,192,256,0,80,-220,0,0,100,0,48,544,48,44,0,76,-196,0,0,100,0,412,144,40,32,0,52,-128,0,0,100,0,508,116,60,64,0,56,-140,0,0,100,0,0,688,48,48,0,68,-128,0,0,100,0,452,144,36,36,0,52,-140,0,0,100,0,0,640,48,48,0,94,-127,0,0,40,0,0,784,44,48,0,73,-116,0,0,40,0,0,784,44,48,0,0,-256,0,0,100,0,0,0,192,256,0,0,-256,0,0,100,0,0,832,192,256,0,
0,0,
0,0,
0,0,
0,0,
0,0,
0,0,
0,0,
0,0,
0,0,
0,0,
0,0,
0,23,0,-256,0,0,100,0,192,832,192,256,0,52,-183,0,0,100,0,384,0,48,68,0,36,-167,0,1,85,0,504,184,72,72,0,52,-135,0,0,100,0,384,68,48,28,0,84,-198,0,0,100,0,384,0,48,68,0,68,-182,0,1,90,0,432,184,72,72,0,84,-150,0,0,100,0,384,68,48,28,0,110,-212,0,0,100,0,384,0,48,68,0,94,-196,0,1,90,0,504,184,72,72,0,110,-164,0,0,100,0,384,68,48,28,0,72,-116,0,0,100,0,240,448,48,48,0,92,-128,0,0,100,0,720,304,48,48,0,0,-256,0,0,100,0,192,0,192,256,0,80,-220,0,0,100,0,96,544,48,44,0,76,-196,0,0,100,0,412,144,40,32,0,52,-128,0,0,100,0,508,116,60,64,0,56,-140,0,0,100,0,0,688,48,48,0,68,-128,0,0,100,0,452,144,36,36,0,52,-140,0,0,100,0,0,640,48,48,0,94,-127,0,0,40,0,0,784,44,48,0,73,-116,0,0,40,0,0,784,44,48,0,0,-256,0,0,100,0,0,0,192,256,0,0,-256,0,0,100,0,0,832,192,256,0,
0,23,0,-256,0,0,100,0,192,832,192,256,0,52,-183,0,0,100,0,384,0,48,68,0,36,-167,0,1,85,0,504,184,72,72,0,52,-135,0,0,100,0,384,68,48,28,0,84,-198,0,0,100,0,384,0,48,68,0,68,-182,0,1,85,0,432,184,72,72,0,84,-150,0,0,100,0,384,68,48,28,0,110,-212,0,0,100,0,384,0,48,68,0,94,-196,0,1,90,0,432,184,72,72,0,110,-164,0,0,100,0,384,68,48,28,0,72,-116,0,0,100,0,288,448,48,48,0,92,-128,0,0,100,0,384,400,48,48,0,0,-256,0,0,100,0,192,0,192,256,0,80,-220,0,0,100,0,144,544,48,44,0,76,-196,0,0,100,0,412,144,40,32,0,52,-128,0,0,100,0,508,116,60,64,0,56,-140,0,0,100,0,0,688,48,48,0,68,-128,0,0,100,0,452,144,36,36,0,52,-140,0,0,100,0,0,640,48,48,0,94,-127,0,0,40,0,0,784,44,48,0,73,-116,0,0,40,0,0,784,44,48,0,0,-256,0,0,100,0,0,0,192,256,0,0,-256,0,0,100,0,0,832,192,256,0,
0,23,0,-256,0,0,100,0,192,832,192,256,0,52,-183,0,0,100,0,384,0,48,68,0,36,-167,0,1,90,0,504,184,72,72,0,52,-135,0,0,100,0,384,68,48,28,0,84,-198,0,0,100,0,384,0,48,68,0,68,-182,0,1,80,0,504,184,72,72,0,84,-150,0,0,100,0,384,68,48,28,0,110,-212,0,0,100,0,384,0,48,68,0,94,-196,0,1,95,0,432,184,72,72,0,110,-164,0,0,100,0,384,68,48,28,0,72,-116,0,0,100,0,240,448,48,48,0,92,-128,0,0,100,0,96,256,48,48,0,0,-256,0,0,100,0,192,0,192,256,0,80,-220,0,0,100,0,192,544,48,44,0,76,-196,0,0,100,0,412,144,40,32,0,52,-128,0,0,100,0,508,116,60,64,0,56,-140,0,0,100,0,48,688,48,48,0,68,-128,0,0,100,0,452,144,36,36,0,52,-140,0,0,100,0,0,640,48,48,0,94,-127,0,0,40,0,0,784,44,48,0,73,-116,0,0,40,0,0,784,44,48,0,0,-256,0,0,100,0,0,0,192,256,0,0,-256,0,0,100,0,0,832,192,256,0,
0,23,0,-256,0,0,100,0,192,832,192,256,0,52,-183,0,0,100,0,384,0,48,68,0,36,-167,0,1,90,0,432,184,72,72,0,52,-135,0,0,100,0,384,68,48,28,0,84,-198,0,0,100,0,384,0,48,68,0,68,-182,0,1,75,0,504,184,72,72,0,84,-150,0,0,100,0,384,68,48,28,0,110,-212,0,0,100,0,384,0,48,68,0,94,-196,0,1,95,0,432,184,72,72,0,110,-164,0,0,100,0,384,68,48,28,0,72,-116,0,0,100,0,96,448,48,48,0,92,-128,0,0,100,0,144,400,48,48,0,0,-256,0,0,100,0,192,0,192,256,0,80,-220,0,0,100,0,240,544,48,44,0,76,-196,0,0,100,0,412,144,40,32,0,52,-128,0,0,100,0,508,116,60,64,0,56,-140,0,0,100,0,48,688,48,48,0,68,-128,0,0,100,0,452,144,36,36,0,52,-140,0,0,100,0,0,640,48,48,0,94,-127,0,0,40,0,0,784,44,48,0,73,-116,0,0,40,0,0,784,44,48,0,0,-256,0,0,100,0,0,0,192,256,0,0,-256,0,0,100,0,0,832,192,256,0,
0,23,0,-256,0,0,100,0,192,832,192,256,0,52,-183,0,0,100,0,384,0,48,68,0,36,-167,0,1,95,0,432,184,72,72,0,52,-135,0,0,100,0,384,68,48,28,0,84,-198,0,0,100,0,384,0,48,68,0,68,-182,0,1,70,0,504,184,72,72,0,84,-150,0,0,100,0,384,68,48,28,0,110,-212,0,0,100,0,384,0,48,68,0,94,-196,0,1,100,0,504,184,72,72,0,110,-164,0,0,100,0,384,68,48,28,0,72,-116,0,0,100,0,96,448,48,48,0,92,-128,0,0,100,0,96,256,48,48,0,0,-256,0,0,100,0,192,0,192,256,0,80,-220,0,0,100,0,288,544,48,44,0,76,-196,0,0,100,0,412,144,40,32,0,52,-128,0,0,100,0,508,116,60,64,0,56,-140,0,0,100,0,96,688,48,48,0,68,-128,0,0,100,0,452,144,36,36,0,52,-140,0,0,100,0,0,640,48,48,0,94,-127,0,0,40,0,0,784,44,48,0,73,-116,0,0,40,0,0,784,44,48,0,0,-256,0,0,100,0,0,0,192,256,0,0,-256,0,0,100,0,0,832,192,256,0,
0,23,0,-256,0,0,100,0,192,832,192,256,0,52,-183,0,0,100,0,384,0,48,68,0,36,-167,0,1,95,0,504,184,72,72,0,52,-135,0,0,100,0,384,68,48,28,0,84,-198,0,0,100,0,384,0,48,68,0,68,-182,0,1,65,0,504,184,72,72,0,84,-150,0,0,100,0,384,68,48,28,0,110,-212,0,0,100,0,384,0,48,68,0,94,-196,0,1,100,0,504,184,72,72,0,110,-164,0,0,100,0,384,68,48,28,0,72,-116,0,0,100,0,96,448,48,48,0,92,-128,0,0,100,0,192,400,48,48,0,0,-256,0,0,100,0,192,0,192,256,0,80,-220,0,0,100,0,288,544,48,44,0,76,-196,0,0,100,0,412,144,40,32,0,52,-128,0,0,100,0,508,116,60,64,0,56,-140,0,0,100,0,96,688,48,48,0,68,-128,0,0,100,0,452,144,36,36,0,52,-140,0,0,100,0,0,640,48,48,0,94,-127,0,0,40,0,0,784,44,48,0,73,-116,0,0,40,0,0,784,44,48,0,0,-256,0,0,100,0,0,0,192,256,0,0,-256,0,0,100,0,0,832,192,256,0,
0,23,0,-256,0,0,100,0,192,832,192,256,0,52,-183,0,0,100,0,384,0,48,68,0,36,-167,0,1,95,0,504,184,72,72,0,52,-135,0,0,100,0,384,68,48,28,0,84,-198,0,0,100,0,384,0,48,68,0,68,-182,0,1,60,0,504,184,72,72,0,84,-150,0,0,100,0,384,68,48,28,0,110,-212,0,0,100,0,384,0,48,68,0,94,-196,0,1,100,0,504,184,72,72,0,110,-164,0,0,100,0,384,68,48,28,0,72,-116,0,0,100,0,96,448,48,48,0,92,-128,0,0,100,0,96,256,48,48,0,0,-256,0,0,100,0,192,0,192,256,0,80,-220,0,0,100,0,288,544,48,44,0,76,-196,0,0,100,0,412,144,40,32,0,52,-128,0,0,100,0,508,116,60,64,0,56,-140,0,0,100,0,144,688,48,48,0,68,-128,0,0,100,0,452,144,36,36,0,52,-140,0,0,100,0,0,640,48,48,0,94,-127,0,0,40,0,0,784,44,48,0,73,-116,0,0,40,0,0,784,44,48,0,0,-256,0,0,100,0,0,0,192,256,0,0,-256,0,0,100,0,0,832,192,256,0,
0,23,0,-256,0,0,100,0,192,832,192,256,0,52,-183,0,0,100,0,384,0,48,68,0,36,-167,0,1,95,0,504,184,72,72,0,52,-135,0,0,100,0,384,68,48,28,0,84,-198,0,0,100,0,384,0,48,68,0,68,-182,0,1,65,0,504,184,72,72,0,84,-150,0,0,100,0,384,68,48,28,0,110,-212,0,0,100,0,384,0,48,68,0,94,-196,0,1,95,0,432,184,72,72,0,110,-164,0,0,100,0,384,68,48,28,0,72,-116,0,0,100,0,96,448,48,48,0,92,-128,0,0,100,0,96,400,48,48,0,0,-256,0,0,100,0,192,0,192,256,0,80,-220,0,0,100,0,288,544,48,44,0,76,-196,0,0,100,0,412,144,40,32,0,52,-128,0,0,100,0,508,116,60,64,0,56,-140,0,0,100,0,144,688,48,48,0,68,-128,0,0,100,0,452,144,36,36,0,52,-140,0,0,100,0,0,640,48,48,0,94,-127,0,0,40,0,0,784,44,48,0,73,-116,0,0,40,0,0,784,44,48,0,0,-256,0,0,100,0,0,0,192,256,0,0,-256,0,0,100,0,0,832,192,256,0,
0,23,0,-256,0,0,100,0,192,832,192,256,0,52,-183,0,0,100,0,384,0,48,68,0,36,-167,0,1,95,0,504,184,72,72,0,52,-135,0,0,100,0,384,68,48,28,0,84,-198,0,0,100,0,384,0,48,68,0,68,-182,0,1,65,0,504,184,72,72,0,84,-150,0,0,100,0,384,68,48,28,0,110,-212,0,0,100,0,384,0,48,68,0,94,-196,0,1,95,0,432,184,72,72,0,110,-164,0,0,100,0,384,68,48,28,0,72,-116,0,0,100,0,96,448,48,48,0,92,-128,0,0,100,0,96,256,48,48,0,0,-256,0,0,100,0,192,0,192,256,0,80,-220,0,0,100,0,240,544,48,44,0,76,-196,0,0,100,0,412,144,40,32,0,52,-128,0,0,100,0,508,116,60,64,0,56,-140,0,0,100,0,96,688,48,48,0,68,-128,0,0,100,0,452,144,36,36,0,52,-140,0,0,100,0,0,640,48,48,0,94,-127,0,0,40,0,0,784,44,48,0,73,-116,0,0,40,0,0,784,44,48,0,0,-256,0,0,100,0,0,0,192,256,0,0,-256,0,0,100,0,0,832,192,256,0,
0,23,0,-256,0,0,100,0,192,832,192,256,0,52,-183,0,0,100,0,384,0,48,68,0,36,-167,0,1,95,0,504,184,72,72,0,52,-135,0,0,100,0,384,68,48,28,0,84,-198,0,0,100,0,384,0,48,68,0,68,-182,0,1,70,0,504,184,72,72,0,84,-150,0,0,100,0,384,68,48,28,0,110,-212,0,0,100,0,384,0,48,68,0,94,-196,0,1,90,0,432,184,72,72,0,110,-164,0,0,100,0,384,68,48,28,0,72,-116,0,0,100,0,96,448,48,48,0,92,-128,0,0,100,0,144,400,48,48,0,0,-256,0,0,100,0,192,0,192,256,0,80,-220,0,0,100,0,240,544,48,44,0,76,-196,0,0,100,0,412,144,40,32,0,52,-128,0,0,100,0,508,116,60,64,0,56,-140,0,0,100,0,144,688,48,48,0,68,-128,0,0,100,0,452,144,36,36,0,52,-140,0,0,100,0,0,640,48,48,0,94,-127,0,0,40,0,0,784,44,48,0,73,-116,0,0,40,0,0,784,44,48,0,0,-256,0,0,100,0,0,0,192,256,0,0,-256,0,0,100,0,0,832,192,256,0,
0,23,0,-256,0,0,100,0,192,832,192,256,0,52,-183,0,0,100,0,384,0,48,68,0,36,-167,0,1,95,0,504,184,72,72,0,52,-135,0,0,100,0,384,68,48,28,0,84,-198,0,0,100,0,384,0,48,68,0,68,-182,0,1,70,0,432,184,72,72,0,84,-150,0,0,100,0,384,68,48,28,0,110,-212,0,0,100,0,384,0,48,68,0,94,-196,0,1,90,0,504,184,72,72,0,110,-164,0,0,100,0,384,68,48,28,0,72,-116,0,0,100,0,96,448,48,48,0,92,-128,0,0,100,0,96,256,48,48,0,0,-256,0,0,100,0,192,0,192,256,0,80,-220,0,0,100,0,192,544,48,44,0,76,-196,0,0,100,0,412,144,40,32,0,52,-128,0,0,100,0,508,116,60,64,0,56,-140,0,0,100,0,96,688,48,48,0,68,-128,0,0,100,0,452,144,36,36,0,52,-140,0,0,100,0,0,640,48,48,0,94,-127,0,0,40,0,0,784,44,48,0,73,-116,0,0,40,0,0,784,44,48,0,0,-256,0,0,100,0,0,0,192,256,0,0,-256,0,0,100,0,0,832,192,256,0,
0,23,0,-256,0,0,100,0,192,832,192,256,0,52,-183,0,0,100,0,384,0,48,68,0,36,-167,0,1,95,0,504,184,72,72,0,52,-135,0,0,100,0,384,68,48,28,0,84,-198,0,0,100,0,384,0,48,68,0,68,-182,0,1,75,0,432,184,72,72,0,84,-150,0,0,100,0,384,68,48,28,0,110,-212,0,0,100,0,384,0,48,68,0,94,-196,0,1,85,0,504,184,72,72,0,110,-164,0,0,100,0,384,68,48,28,0,72,-116,0,0,100,0,96,448,48,48,0,92,-128,0,0,100,0,192,400,48,48,0,0,-256,0,0,100,0,192,0,192,256,0,80,-220,0,0,100,0,144,544,48,44,0,76,-196,0,0,100,0,412,144,40,32,0,52,-128,0,0,100,0,508,116,60,64,0,56,-140,0,0,100,0,96,688,48,48,0,68,-128,0,0,100,0,452,144,36,36,0,52,-140,0,0,100,0,0,640,48,48,0,94,-127,0,0,40,0,0,784,44,48,0,73,-116,0,0,40,0,0,784,44,48,0,0,-256,0,0,100,0,0,0,192,256,0,0,-256,0,0,100,0,0,832,192,256,0,
0,23,0,-256,0,0,100,0,192,832,192,256,0,52,-183,0,0,100,0,384,0,48,68,0,36,-167,0,1,100,0,432,184,72,72,0,52,-135,0,0,100,0,384,68,48,28,0,84,-198,0,0,100,0,384,0,48,68,0,68,-182,0,1,75,0,504,184,72,72,0,84,-150,0,0,100,0,384,68,48,28,0,110,-212,0,0,100,0,384,0,48,68,0,94,-196,0,1,85,0,504,184,72,72,0,110,-164,0,0,100,0,384,68,48,28,0,72,-116,0,0,100,0,96,448,48,48,0,92,-128,0,0,100,0,144,352,48,48,0,0,-256,0,0,100,0,192,0,192,256,0,80,-220,0,0,100,0,96,544,48,44,0,76,-196,0,0,100,0,412,144,40,32,0,52,-128,0,0,100,0,508,116,60,64,0,56,-140,0,0,100,0,0,688,48,48,0,68,-128,0,0,100,0,452,144,36,36,0,52,-140,0,0,100,0,0,640,48,48,0,94,-127,0,0,40,0,0,784,44,48,0,73,-116,0,0,40,0,0,784,44,48,0,0,-256,0,0,100,0,0,0,192,256,0,0,-256,0,0,100,0,0,832,192,256,0,
0,23,0,-256,0,0,100,0,192,832,192,256,0,52,-183,0,0,100,0,384,0,48,68,0,36,-167,0,1,100,0,432,184,72,72,0,52,-135,0,0,100,0,384,68,48,28,0,84,-198,0,0,100,0,384,0,48,68,0,68,-182,0,1,80,0,504,184,72,72,0,84,-150,0,0,100,0,384,68,48,28,0,110,-212,0,0,100,0,384,0,48,68,0,94,-196,0,1,85,0,432,184,72,72,0,110,-164,0,0,100,0,384,68,48,28,0,72,-116,0,0,100,0,96,448,48,48,0,92,-128,0,0,100,0,480,400,48,48,0,0,-256,0,0,100,0,192,0,192,256,0,80,-220,0,0,100,0,96,544,48,44,0,76,-196,0,0,100,0,412,144,40,32,0,52,-128,0,0,100,0,508,116,60,64,0,56,-140,0,0,100,0,0,688,48,48,0,68,-128,0,0,100,0,452,144,36,36,0,52,-140,0,0,100,0,0,640,48,48,0,94,-127,0,0,40,0,0,784,44,48,0,73,-116,0,0,40,0,0,784,44,48,0,0,-256,0,0,100,0,0,0,192,256,0,0,-256,0,0,100,0,0,832,192,256,0,
0,23,0,-256,0,0,100,0,192,832,192,256,0,52,-183,0,0,100,0,384,0,48,68,0,36,-167,0,1,100,0,504,184,72,72,0,52,-135,0,0,100,0,384,68,48,28,0,84,-198,0,0,100,0,384,0,48,68,0,68,-182,0,1,80,0,504,184,72,72,0,84,-150,0,0,100,0,384,68,48,28,0,110,-212,0,0,100,0,384,0,48,68,0,94,-196,0,1,80,0,432,184,72,72,0,110,-164,0,0,100,0,384,68,48,28,0,72,-116,0,0,100,0,96,448,48,48,0,92,-128,0,0,100,0,528,400,48,48,0,0,-256,0,0,100,0,192,0,192,256,0,80,-220,0,0,100,0,96,544,48,44,0,76,-196,0,0,100,0,412,144,40,32,0,52,-128,0,0,100,0,508,116,60,64,0,56,-140,0,0,100,0,0,688,48,48,0,68,-128,0,0,100,0,452,144,36,36,0,52,-140,0,0,100,0,0,640,48,48,0,94,-127,0,0,40,0,0,784,44,48,0,73,-116,0,0,40,0,0,784,44,48,0,0,-256,0,0,100,0,0,0,192,256,0,0,-256,0,0,100,0,0,832,192,256,0,
0,24,0,-256,0,0,100,0,192,832,192,256,0,52,-183,0,0,100,0,384,0,48,68,0,36,-167,0,1,100,0,504,184,72,72,0,52,-135,0,0,100,0,384,68,48,28,0,84,-198,0,0,100,0,384,0,48,68,0,68,-182,0,1,75,0,504,184,72,72,0,84,-150,0,0,100,0,384,68,48,28,0,110,-212,0,0,100,0,384,0,48,68,0,94,-196,0,1,80,0,432,184,72,72,0,110,-164,0,0,100,0,384,68,48,28,0,72,-116,0,0,100,0,336,448,48,48,0,74,-106,0,0,100,0,412,176,20,20,0,92,-128,0,0,100,0,576,400,48,48,0,0,-256,0,0,100,0,192,0,192,256,0,80,-220,0,0,100,0,48,544,48,44,0,76,-196,0,0,100,0,412,144,40,32,0,52,-128,0,0,100,0,508,116,60,64,0,56,-140,0,0,100,0,0,688,48,48,0,68,-128,0,0,100,0,452,144,36,36,0,52,-140,0,0,100,0,0,640,48,48,0,94,-127,0,0,40,0,0,784,44,48,0,73,-116,0,0,40,0,0,784,44,48,0,0,-256,0,0,100,0,0,0,192,256,0,0,-256,0,0,100,0,0,832,192,256,0,
0,24,0,-256,0,0,100,0,192,832,192,256,0,52,-183,0,0,100,0,384,0,48,68,0,36,-167,0,1,100,0,432,184,72,72,0,52,-135,0,0,100,0,384,68,48,28,0,84,-198,0,0,100,0,384,0,48,68,0,68,-182,0,1,70,0,504,184,72,72,0,84,-150,0,0,100,0,384,68,48,28,0,110,-212,0,0,100,0,384,0,48,68,0,94,-196,0,1,80,0,504,184,72,72,0,110,-164,0,0,100,0,384,68,48,28,0,92,-128,0,0,100,0,576,400,48,48,0,72,-116,0,0,100,0,336,448,48,48,0,74,-106,0,0,100,0,412,176,20,20,0,0,-256,0,0,100,0,192,0,192,256,0,80,-220,0,0,100,0,48,544,48,44,0,76,-196,0,0,100,0,412,144,40,32,0,52,-128,0,0,100,0,508,116,60,64,0,56,-140,0,0,100,0,0,688,48,48,0,68,-128,0,0,100,0,452,144,36,36,0,52,-140,0,0,100,0,0,640,48,48,0,94,-127,0,0,40,0,0,784,44,48,0,73,-116,0,0,40,0,0,784,44,48,0,0,-256,0,0,100,0,0,0,192,256,0,0,-256,0,0,100,0,0,832,192,256,0,
0,24,0,-256,0,0,100,0,192,832,192,256,0,52,-183,0,0,100,0,384,0,48,68,0,36,-167,0,1,100,0,432,184,72,72,0,52,-135,0,0,100,0,384,68,48,28,0,84,-198,0,0,100,0,384,0,48,68,0,68,-182,0,1,60,0,432,184,72,72,0,84,-150,0,0,100,0,384,68,48,28,0,110,-212,0,0,100,0,384,0,48,68,0,94,-196,0,1,75,0,504,184,72,72,0,110,-164,0,0,100,0,384,68,48,28,0,72,-116,0,0,100,0,432,448,48,48,0,74,-106,0,0,100,0,412,176,20,20,0,92,-128,0,0,100,0,576,400,48,48,0,0,-256,0,0,100,0,192,0,192,256,0,80,-220,0,0,100,0,48,544,48,44,0,76,-196,0,0,100,0,412,144,40,32,0,52,-128,0,0,100,0,508,116,60,64,0,56,-140,0,0,100,0,0,688,48,48,0,68,-128,0,0,100,0,452,144,36,36,0,52,-140,0,0,100,0,0,640,48,48,0,94,-127,0,0,40,0,0,784,44,48,0,73,-116,0,0,40,0,0,784,44,48,0,0,-256,0,0,100,0,0,0,192,256,0,0,-256,0,0,100,0,0,832,192,256,0,
0,24,0,-256,0,0,100,0,192,832,192,256,0,52,-183,0,0,100,0,384,0,48,68,0,36,-167,0,1,100,0,504,184,72,72,0,52,-135,0,0,100,0,384,68,48,28,0,84,-198,0,0,100,0,384,0,48,68,0,68,-182,0,1,60,0,432,184,72,72,0,84,-150,0,0,100,0,384,68,48,28,0,110,-212,0,0,100,0,384,0,48,68,0,94,-196,0,1,75,0,504,184,72,72,0,110,-164,0,0,100,0,384,68,48,28,0,72,-116,0,0,100,0,432,448,48,48,0,74,-106,0,0,100,0,412,176,20,20,0,92,-128,0,0,100,0,576,400,48,48,0,0,-256,0,0,100,0,192,0,192,256,0,80,-220,0,0,100,0,48,544,48,44,0,76,-196,0,0,100,0,412,144,40,32,0,52,-128,0,0,100,0,508,116,60,64,0,56,-140,0,0,100,0,0,688,48,48,0,68,-128,0,0,100,0,452,144,36,36,0,52,-140,0,0,100,0,0,640,48,48,0,94,-127,0,0,40,0,0,784,44,48,0,73,-116,0,0,40,0,0,784,44,48,0,0,-256,0,0,100,0,0,0,192,256,0,0,-256,0,0,100,0,0,832,192,256,0,
0,24,0,-256,0,0,100,0,192,832,192,256,0,52,-183,0,0,100,0,384,0,48,68,0,36,-167,0,1,100,0,504,184,72,72,0,52,-135,0,0,100,0,384,68,48,28,0,84,-198,0,0,100,0,384,0,48,68,0,68,-182,0,1,60,0,504,184,72,72,0,84,-150,0,0,100,0,384,68,48,28,0,110,-212,0,0,100,0,384,0,48,68,0,94,-196,0,1,75,0,432,184,72,72,0,110,-164,0,0,100,0,384,68,48,28,0,72,-116,0,0,100,0,672,448,48,48,0,74,-106,0,0,100,0,412,176,20,20,0,92,-128,0,0,100,0,576,400,48,48,0,0,-256,0,0,100,0,192,0,192,256,0,80,-220,0,0,100,0,48,544,48,44,0,76,-196,0,0,100,0,412,144,40,32,0,52,-128,0,0,100,0,508,116,60,64,0,56,-140,0,0,100,0,0,688,48,48,0,68,-128,0,0,100,0,452,144,36,36,0,52,-140,0,0,100,0,0,640,48,48,0,94,-127,0,0,40,0,0,784,44,48,0,73,-116,0,0,40,0,0,784,44,48,0,0,-256,0,0,100,0,0,0,192,256,0,0,-256,0,0,100,0,0,832,192,256,0,
0,24,0,-256,0,0,100,0,192,832,192,256,0,52,-183,0,0,100,0,384,0,48,68,0,36,-167,0,1,100,0,504,184,72,72,0,52,-135,0,0,100,0,384,68,48,28,0,84,-198,0,0,100,0,384,0,48,68,0,68,-182,0,1,65,0,504,184,72,72,0,84,-150,0,0,100,0,384,68,48,28,0,110,-212,0,0,100,0,384,0,48,68,0,94,-196,0,1,70,0,432,184,72,72,0,110,-164,0,0,100,0,384,68,48,28,0,72,-116,0,0,100,0,432,448,48,48,0,75,-103,0,0,100,0,412,176,20,20,0,92,-128,0,0,100,0,576,400,48,48,0,0,-256,0,0,100,0,192,0,192,256,0,80,-220,0,0,100,0,48,544,48,44,0,76,-196,0,0,100,0,412,144,40,32,0,52,-128,0,0,100,0,508,116,60,64,0,56,-140,0,0,100,0,0,688,48,48,0,68,-128,0,0,100,0,452,144,36,36,0,52,-140,0,0,100,0,0,640,48,48,0,94,-127,0,0,40,0,0,784,44,48,0,73,-116,0,0,40,0,0,784,44,48,0,0,-256,0,0,100,0,0,0,192,256,0,0,-256,0,0,100,0,0,832,192,256,0,
0,24,0,-256,0,0,100,0,192,832,192,256,0,52,-183,0,0,100,0,384,0,48,68,0,36,-167,0,1,100,0,504,184,72,72,0,52,-135,0,0,100,0,384,68,48,28,0,84,-198,0,0,100,0,384,0,48,68,0,68,-182,0,1,70,0,504,184,72,72,0,84,-150,0,0,100,0,384,68,48,28,0,110,-212,0,0,100,0,384,0,48,68,0,94,-196,0,1,70,0,432,184,72,72,0,110,-164,0,0,100,0,384,68,48,28,0,72,-116,0,0,100,0,432,448,48,48,0,75,-103,0,0,100,0,412,176,20,20,0,92,-128,0,0,100,0,624,400,48,48,0,0,-256,0,0,100,0,192,0,192,256,0,80,-220,0,0,100,0,48,544,48,44,0,76,-196,0,0,100,0,412,144,40,32,0,52,-128,0,0,100,0,508,116,60,64,0,56,-140,0,0,100,0,0,688,48,48,0,68,-128,0,0,100,0,452,144,36,36,0,52,-140,0,0,100,0,0,640,48,48,0,94,-127,0,0,40,0,0,784,44,48,0,73,-116,0,0,40,0,0,784,44,48,0,0,-256,0,0,100,0,0,0,192,256,0,0,-256,0,0,100,0,0,832,192,256,0,
0,24,0,-256,0,0,100,0,192,832,192,256,0,52,-183,0,0,100,0,384,0,48,68,0,36,-167,0,1,100,0,504,184,72,72,0,52,-135,0,0,100,0,384,68,48,28,0,84,-198,0,0,100,0,384,0,48,68,0,68,-182,0,1,70,0,504,184,72,72,0,84,-150,0,0,100,0,384,68,48,28,0,110,-212,0,0,100,0,384,0,48,68,0,94,-196,0,1,65,0,504,184,72,72,0,110,-164,0,0,100,0,384,68,48,28,0,72,-116,0,0,100,0,528,448,48,48,0,76,-102,0,0,100,0,412,196,20,20,0,92,-128,0,0,100,0,672,400,48,48,0,0,-256,0,0,100,0,192,0,192,256,0,80,-220,0,0,100,0,48,544,48,44,0,76,-196,0,0,100,0,412,144,40,32,0,52,-128,0,0,100,0,508,116,60,64,0,56,-140,0,0,100,0,0,688,48,48,0,68,-128,0,0,100,0,452,144,36,36,0,52,-140,0,0,100,0,0,640,48,48,0,94,-127,0,0,40,0,0,784,44,48,0,73,-116,0,0,40,0,0,784,44,48,0,0,-256,0,0,100,0,0,0,192,256,0,0,-256,0,0,100,0,0,832,192,256,0,
0,24,0,-256,0,0,100,0,192,832,192,256,0,52,-183,0,0,100,0,384,0,48,68,0,36,-167,0,1,100,0,504,184,72,72,0,52,-135,0,0,100,0,384,68,48,28,0,84,-198,0,0,100,0,384,0,48,68,0,68,-182,0,1,75,0,504,184,72,72,0,84,-150,0,0,100,0,384,68,48,28,0,110,-212,0,0,100,0,384,0,48,68,0,94,-196,0,1,65,0,504,184,72,72,0,110,-164,0,0,100,0,384,68,48,28,0,72,-116,0,0,100,0,528,448,48,48,0,76,-102,0,0,100,0,412,196,20,20,0,92,-128,0,0,100,0,720,400,48,48,0,0,-256,0,0,100,0,192,0,192,256,0,80,-220,0,0,100,0,48,544,48,44,0,76,-196,0,0,100,0,412,144,40,32,0,52,-128,0,0,100,0,508,116,60,64,0,56,-140,0,0,100,0,0,688,48,48,0,68,-128,0,0,100,0,452,144,36,36,0,52,-140,0,0,100,0,0,640,48,48,0,94,-127,0,0,40,0,0,784,44,48,0,73,-116,0,0,40,0,0,784,44,48,0,0,-256,0,0,100,0,0,0,192,256,0,0,-256,0,0,100,0,0,832,192,256,0,
0,24,0,-256,0,0,100,0,192,832,192,256,0,52,-183,0,0,100,0,384,0,48,68,0,36,-167,0,1,100,0,504,184,72,72,0,52,-135,0,0,100,0,384,68,48,28,0,84,-198,0,0,100,0,384,0,48,68,0,68,-182,0,1,80,0,504,184,72,72,0,84,-150,0,0,100,0,384,68,48,28,0,110,-212,0,0,100,0,384,0,48,68,0,94,-196,0,1,60,0,432,184,72,72,0,110,-164,0,0,100,0,384,68,48,28,0,72,-116,0,0,100,0,528,448,48,48,0,76,-102,0,0,100,0,412,196,20,20,0,92,-128,0,0,100,0,720,400,48,48,0,0,-256,0,0,100,0,192,0,192,256,0,80,-220,0,0,100,0,48,544,48,44,0,76,-196,0,0,100,0,412,144,40,32,0,52,-128,0,0,100,0,508,116,60,64,0,56,-140,0,0,100,0,48,688,48,48,0,68,-128,0,0,100,0,452,144,36,36,0,52,-140,0,0,100,0,0,640,48,48,0,94,-127,0,0,40,0,0,784,44,48,0,73,-116,0,0,40,0,0,784,44,48,0,0,-256,0,0,100,0,0,0,192,256,0,0,-256,0,0,100,0,0,832,192,256,0,
0,24,0,-256,0,0,100,0,192,832,192,256,0,52,-183,0,0,100,0,384,0,48,68,0,36,-167,0,1,100,0,504,184,72,72,0,52,-135,0,0,100,0,384,68,48,28,0,84,-198,0,0,100,0,384,0,48,68,0,68,-182,0,1,90,0,504,184,72,72,0,84,-150,0,0,100,0,384,68,48,28,0,110,-212,0,0,100,0,384,0,48,68,0,94,-196,0,1,60,0,432,184,72,72,0,110,-164,0,0,100,0,384,68,48,28,0,72,-116,0,0,100,0,576,448,48,48,0,76,-102,0,0,100,0,412,196,20,20,0,0,-256,0,0,100,0,192,0,192,256,0,92,-128,0,0,100,0,576,304,48,48,0,80,-220,0,0,100,0,48,544,48,44,0,76,-196,0,0,100,0,412,144,40,32,0,52,-128,0,0,100,0,508,116,60,64,0,56,-140,0,0,100,0,96,688,48,48,0,68,-128,0,0,100,0,452,144,36,36,0,52,-140,0,0,100,0,0,640,48,48,0,94,-127,0,0,40,0,0,784,44,48,0,73,-116,0,0,40,0,0,784,44,48,0,0,-256,0,0,100,0,0,0,192,256,0,0,-256,0,0,100,0,0,832,192,256,0,
0,24,0,-256,0,0,100,0,192,832,192,256,0,52,-183,0,0,100,0,384,0,48,68,0,36,-167,0,1,100,0,504,184,72,72,0,52,-135,0,0,100,0,384,68,48,28,0,84,-198,0,0,100,0,384,0,48,68,0,68,-182,0,1,95,0,504,184,72,72,0,84,-150,0,0,100,0,384,68,48,28,0,110,-212,0,0,100,0,384,0,48,68,0,94,-196,0,1,65,0,432,184,72,72,0,110,-164,0,0,100,0,384,68,48,28,0,72,-116,0,0,100,0,624,448,48,48,0,76,-102,0,0,100,0,412,196,20,20,0,0,-256,0,0,100,0,192,0,192,256,0,92,-128,0,0,100,0,576,304,48,48,0,80,-220,0,0,100,0,48,544,48,44,0,76,-196,0,0,100,0,412,144,40,32,0,52,-128,0,0,100,0,508,116,60,64,0,56,-140,0,0,100,0,144,688,48,48,0,68,-128,0,0,100,0,452,144,36,36,0,52,-140,0,0,100,0,0,640,48,48,0,94,-127,0,0,40,0,0,784,44,48,0,73,-116,0,0,40,0,0,784,44,48,0,0,-256,0,0,100,0,0,0,192,256,0,0,-256,0,0,100,0,0,832,192,256,0,
0,24,0,-256,0,0,100,0,192,832,192,256,0,52,-183,0,0,100,0,384,0,48,68,0,36,-167,0,1,100,0,504,184,72,72,0,52,-135,0,0,100,0,384,68,48,28,0,84,-198,0,0,100,0,384,0,48,68,0,68,-182,0,1,90,0,504,184,72,72,0,84,-150,0,0,100,0,384,68,48,28,0,110,-212,0,0,100,0,384,0,48,68,0,94,-196,0,1,65,0,504,184,72,72,0,110,-164,0,0,100,0,384,68,48,28,0,72,-116,0,0,100,0,624,448,48,48,0,76,-102,0,0,100,0,412,196,20,20,0,0,-256,0,0,100,0,192,0,192,256,0,92,-128,0,0,100,0,624,352,48,48,0,80,-220,0,0,100,0,48,544,48,44,0,76,-196,0,0,100,0,412,144,40,32,0,52,-128,0,0,100,0,508,116,60,64,0,56,-140,0,0,100,0,0,688,48,48,0,68,-128,0,0,100,0,452,144,36,36,0,52,-140,0,0,100,0,0,640,48,48,0,94,-127,0,0,40,0,0,784,44,48,0,73,-116,0,0,40,0,0,784,44,48,0,0,-256,0,0,100,0,0,0,192,256,0,0,-256,0,0,100,0,0,832,192,256,0,
0,24,0,-256,0,0,100,0,192,832,192,256,0,52,-183,0,0,100,0,384,0,48,68,0,36,-167,0,1,100,0,504,184,72,72,0,52,-135,0,0,100,0,384,68,48,28,0,84,-198,0,0,100,0,384,0,48,68,0,68,-182,0,1,80,0,504,184,72,72,0,84,-150,0,0,100,0,384,68,48,28,0,110,-212,0,0,100,0,384,0,48,68,0,94,-196,0,1,70,0,504,184,72,72,0,110,-164,0,0,100,0,384,68,48,28,0,72,-116,0,0,100,0,576,448,48,48,0,76,-102,0,0,100,0,412,196,20,20,0,0,-256,0,0,100,0,192,0,192,256,0,92,-128,0,0,100,0,672,304,48,48,0,80,-220,0,0,100,0,48,544,48,44,0,76,-196,0,0,100,0,412,144,40,32,0,52,-128,0,0,100,0,508,116,60,64,0,56,-140,0,0,100,0,48,688,48,48,0,68,-128,0,0,100,0,452,144,36,36,0,52,-140,0,0,100,0,0,640,48,48,0,94,-127,0,0,40,0,0,784,44,48,0,73,-116,0,0,40,0,0,784,44,48,0,0,-256,0,0,100,0,0,0,192,256,0,0,-256,0,0,100,0,0,832,192,256,0,
0,24,0,-256,0,0,100,0,192,832,192,256,0,52,-183,0,0,100,0,384,0,48,68,0,36,-167,0,1,100,0,432,184,72,72,0,52,-135,0,0,100,0,384,68,48,28,0,84,-198,0,0,100,0,384,0,48,68,0,68,-182,0,1,75,0,504,184,72,72,0,84,-150,0,0,100,0,384,68,48,28,0,110,-212,0,0,100,0,384,0,48,68,0,94,-196,0,1,75,0,504,184,72,72,0,110,-164,0,0,100,0,384,68,48,28,0,72,-116,0,0,100,0,576,448,48,48,0,76,-102,0,0,100,0,412,196,20,20,0,0,-256,0,0,100,0,192,0,192,256,0,92,-128,0,0,100,0,720,304,48,48,0,80,-220,0,0,100,0,48,544,48,44,0,76,-196,0,0,100,0,412,144,40,32,0,52,-128,0,0,100,0,508,116,60,64,0,56,-140,0,0,100,0,96,688,48,48,0,68,-128,0,0,100,0,452,144,36,36,0,52,-140,0,0,100,0,0,640,48,48,0,94,-127,0,0,40,0,0,784,44,48,0,73,-116,0,0,40,0,0,784,44,48,0,0,-256,0,0,100,0,0,0,192,256,0,0,-256,0,0,100,0,0,832,192,256,0,
0,24,0,-256,0,0,100,0,192,832,192,256,0,52,-183,0,0,100,0,384,0,48,68,0,36,-167,0,1,100,0,432,184,72,72,0,52,-135,0,0,100,0,384,68,48,28,0,84,-198,0,0,100,0,384,0,48,68,0,68,-182,0,1,70,0,504,184,72,72,0,84,-150,0,0,100,0,384,68,48,28,0,110,-212,0,0,100,0,384,0,48,68,0,94,-196,0,1,80,0,432,184,72,72,0,110,-164,0,0,100,0,384,68,48,28,0,72,-116,0,0,100,0,528,448,48,48,0,76,-102,0,0,100,0,412,216,20,20,0,0,-256,0,0,100,0,192,0,192,256,0,92,-128,0,0,100,0,720,304,48,48,0,80,-220,0,0,100,0,48,544,48,44,0,76,-196,0,0,100,0,412,144,40,32,0,52,-128,0,0,100,0,508,116,60,64,0,56,-140,0,0,100,0,144,688,48,48,0,68,-128,0,0,100,0,452,144,36,36,0,52,-140,0,0,100,0,0,640,48,48,0,94,-127,0,0,40,0,0,784,44,48,0,73,-116,0,0,40,0,0,784,44,48,0,0,-256,0,0,100,0,0,0,192,256,0,0,-256,0,0,100,0,0,832,192,256,0,
0,24,0,-256,0,0,100,0,192,832,192,256,0,52,-183,0,0,100,0,384,0,48,68,0,36,-167,0,1,100,0,504,184,72,72,0,52,-135,0,0,100,0,384,68,48,28,0,84,-198,0,0,100,0,384,0,48,68,0,68,-182,0,1,65,0,504,184,72,72,0,84,-150,0,0,100,0,384,68,48,28,0,110,-212,0,0,100,0,384,0,48,68,0,94,-196,0,1,85,0,432,184,72,72,0,110,-164,0,0,100,0,384,68,48,28,0,72,-116,0,0,100,0,576,448,48,48,0,76,-102,0,0,100,0,412,216,20,20,0,0,-256,0,0,100,0,192,0,192,256,0,92,-128,0,0,100,0,576,400,48,48,0,80,-220,0,0,100,0,48,544,48,44,0,76,-196,0,0,100,0,412,144,40,32,0,52,-128,0,0,100,0,508,116,60,64,0,56,-140,0,0,100,0,0,688,48,48,0,68,-128,0,0,100,0,452,144,36,36,0,52,-140,0,0,100,0,0,640,48,48,0,94,-127,0,0,40,0,0,784,44,48,0,73,-116,0,0,40,0,0,784,44,48,0,0,-256,0,0,100,0,0,0,192,256,0,0,-256,0,0,100,0,0,832,192,256,0,
0,24,0,-256,0,0,100,0,192,832,192,256,0,52,-183,0,0,100,0,384,0,48,68,0,36,-167,0,1,100,0,504,184,72,72,0,52,-135,0,0,100,0,384,68,48,28,0,84,-198,0,0,100,0,384,0,48,68,0,68,-182,0,1,60,0,504,184,72,72,0,84,-150,0,0,100,0,384,68,48,28,0,110,-212,0,0,100,0,384,0,48,68,0,94,-196,0,1,90,0,432,184,72,72,0,110,-164,0,0,100,0,384,68,48,28,0,72,-116,0,0,100,0,576,448,48,48,0,76,-102,0,0,100,0,412,216,20,20,0,0,-256,0,0,100,0,192,0,192,256,0,92,-128,0,0,100,0,576,400,48,48,0,80,-220,0,0,100,0,48,544,48,44,0,76,-196,0,0,100,0,412,144,40,32,0,52,-128,0,0,100,0,508,116,60,64,0,56,-140,0,0,100,0,0,688,48,48,0,68,-128,0,0,100,0,452,144,36,36,0,52,-140,0,0,100,0,0,640,48,48,0,94,-127,0,0,40,0,0,784,44,48,0,73,-116,0,0,40,0,0,784,44,48,0,0,-256,0,0,100,0,0,0,192,256,0,0,-256,0,0,100,0,0,832,192,256,0,
0,24,0,-256,0,0,100,0,192,832,192,256,0,52,-183,0,0,100,0,384,0,48,68,0,36,-167,0,1,100,0,504,184,72,72,0,52,-135,0,0,100,0,384,68,48,28,0,84,-198,0,0,100,0,384,0,48,68,0,68,-182,0,1,60,0,504,184,72,72,0,84,-150,0,0,100,0,384,68,48,28,0,110,-212,0,0,100,0,384,0,48,68,0,94,-196,0,1,95,0,504,184,72,72,0,110,-164,0,0,100,0,384,68,48,28,0,72,-116,0,0,100,0,576,448,48,48,0,76,-102,0,0,100,0,412,216,20,20,0,0,-256,0,0,100,0,192,0,192,256,0,92,-128,0,0,100,0,624,400,48,48,0,80,-220,0,0,100,0,48,544,48,44,0,76,-196,0,0,100,0,412,144,40,32,0,52,-128,0,0,100,0,508,116,60,64,0,56,-140,0,0,100,0,0,688,48,48,0,68,-128,0,0,100,0,452,144,36,36,0,52,-140,0,0,100,0,0,640,48,48,0,94,-127,0,0,40,0,0,784,44,48,0,73,-116,0,0,40,0,0,784,44,48,0,0,-256,0,0,100,0,0,0,192,256,0,0,-256,0,0,100,0,0,832,192,256,0,
0,24,0,-256,0,0,100,0,192,832,192,256,0,52,-183,0,0,100,0,384,0,48,68,0,36,-167,0,1,100,0,504,184,72,72,0,52,-135,0,0,100,0,384,68,48,28,0,84,-198,0,0,100,0,384,0,48,68,0,68,-182,0,1,65,0,504,184,72,72,0,84,-150,0,0,100,0,384,68,48,28,0,110,-212,0,0,100,0,384,0,48,68,0,94,-196,0,1,100,0,504,184,72,72,0,110,-164,0,0,100,0,384,68,48,28,0,72,-116,0,0,100,0,624,448,48,48,0,76,-102,0,0,100,0,412,216,20,20,0,0,-256,0,0,100,0,192,0,192,256,0,92,-128,0,0,100,0,672,400,48,48,0,80,-220,0,0,100,0,48,544,48,44,0,76,-196,0,0,100,0,412,144,40,32,0,52,-128,0,0,100,0,508,116,60,64,0,56,-140,0,0,100,0,0,688,48,48,0,68,-128,0,0,100,0,452,144,36,36,0,52,-140,0,0,100,0,0,640,48,48,0,94,-127,0,0,40,0,0,784,44,48,0,73,-116,0,0,40,0,0,784,44,48,0,0,-256,0,0,100,0,0,0,192,256,0,0,-256,0,0,100,0,0,832,192,256,0,
0,24,0,-256,0,0,100,0,192,832,192,256,0,52,-183,0,0,100,0,384,0,48,68,0,36,-167,0,1,100,0,504,184,72,72,0,52,-135,0,0,100,0,384,68,48,28,0,84,-198,0,0,100,0,384,0,48,68,0,68,-182,0,1,65,0,504,184,72,72,0,84,-150,0,0,100,0,384,68,48,28,0,110,-212,0,0,100,0,384,0,48,68,0,94,-196,0,1,100,0,504,184,72,72,0,110,-164,0,0,100,0,384,68,48,28,0,72,-116,0,0,100,0,624,448,48,48,0,76,-102,0,0,100,0,412,216,20,20,0,0,-256,0,0,100,0,192,0,192,256,0,92,-128,0,0,100,0,720,400,48,48,0,80,-220,0,0,100,0,48,544,48,44,0,76,-196,0,0,100,0,412,144,40,32,0,52,-128,0,0,100,0,508,116,60,64,0,56,-140,0,0,100,0,0,688,48,48,0,68,-128,0,0,100,0,452,144,36,36,0,52,-140,0,0,100,0,0,640,48,48,0,94,-127,0,0,40,0,0,784,44,48,0,73,-116,0,0,40,0,0,784,44,48,0,0,-256,0,0,100,0,0,0,192,256,0,0,-256,0,0,100,0,0,832,192,256,0,
0,24,0,-256,0,0,100,0,192,832,192,256,0,52,-183,0,0,100,0,384,0,48,68,0,36,-167,0,1,100,0,504,184,72,72,0,52,-135,0,0,100,0,384,68,48,28,0,84,-198,0,0,100,0,384,0,48,68,0,68,-182,0,1,60,0,432,184,72,72,0,84,-150,0,0,100,0,384,68,48,28,0,110,-212,0,0,100,0,384,0,48,68,0,94,-196,0,1,95,0,432,184,72,72,0,110,-164,0,0,100,0,384,68,48,28,0,72,-116,0,0,100,0,576,448,48,48,0,76,-102,0,0,100,0,412,216,20,20,0,0,-256,0,0,100,0,192,0,192,256,0,92,-128,0,0,100,0,720,400,48,48,0,80,-220,0,0,100,0,48,544,48,44,0,76,-196,0,0,100,0,412,144,40,32,0,52,-128,0,0,100,0,508,116,60,64,0,56,-140,0,0,100,0,0,688,48,48,0,68,-128,0,0,100,0,452,144,36,36,0,52,-140,0,0,100,0,0,640,48,48,0,94,-127,0,0,40,0,0,784,44,48,0,73,-116,0,0,40,0,0,784,44,48,0,0,-256,0,0,100,0,0,0,192,256,0,0,-256,0,0,100,0,0,832,192,256,0,
0,24,0,-256,0,0,100,0,192,832,192,256,0,52,-183,0,0,100,0,384,0,48,68,0,36,-167,0,1,100,0,504,184,72,72,0,52,-135,0,0,100,0,384,68,48,28,0,84,-198,0,0,100,0,384,0,48,68,0,68,-182,0,1,60,0,432,184,72,72,0,84,-150,0,0,100,0,384,68,48,28,0,110,-212,0,0,100,0,384,0,48,68,0,94,-196,0,1,90,0,432,184,72,72,0,110,-164,0,0,100,0,384,68,48,28,0,72,-116,0,0,100,0,528,448,48,48,0,76,-102,0,0,100,0,412,216,20,20,0,0,-256,0,0,100,0,192,0,192,256,0,92,-128,0,0,100,0,432,400,48,48,0,80,-220,0,0,100,0,48,544,48,44,0,76,-196,0,0,100,0,412,144,40,32,0,52,-128,0,0,100,0,508,116,60,64,0,56,-140,0,0,100,0,0,688,48,48,0,68,-128,0,0,100,0,452,144,36,36,0,52,-140,0,0,100,0,0,640,48,48,0,94,-127,0,0,40,0,0,784,44,48,0,73,-116,0,0,40,0,0,784,44,48,0,0,-256,0,0,100,0,0,0,192,256,0,0,-256,0,0,100,0,0,832,192,256,0,
0,24,0,-256,0,0,100,0,192,832,192,256,0,52,-183,0,0,100,0,384,0,48,68,0,36,-167,0,1,100,0,432,184,72,72,0,52,-135,0,0,100,0,384,68,48,28,0,84,-198,0,0,100,0,384,0,48,68,0,68,-182,0,1,60,0,504,184,72,72,0,84,-150,0,0,100,0,384,68,48,28,0,110,-212,0,0,100,0,384,0,48,68,0,94,-196,0,1,85,0,432,184,72,72,0,110,-164,0,0,100,0,384,68,48,28,0,72,-116,0,0,100,0,576,448,48,48,0,76,-102,0,0,100,0,412,236,20,20,0,0,-256,0,0,100,0,192,0,192,256,0,92,-128,0,0,100,0,576,304,48,48,0,80,-220,0,0,100,0,48,544,48,44,0,76,-196,0,0,100,0,412,144,40,32,0,52,-128,0,0,100,0,508,116,60,64,0,56,-140,0,0,100,0,0,688,48,48,0,68,-128,0,0,100,0,452,144,36,36,0,52,-140,0,0,100,0,0,640,48,48,0,94,-127,0,0,40,0,0,784,44,48,0,73,-116,0,0,40,0,0,784,44,48,0,0,-256,0,0,100,0,0,0,192,256,0,0,-256,0,0,100,0,0,832,192,256,0,
0,24,0,-256,0,0,100,0,192,832,192,256,0,52,-183,0,0,100,0,384,0,48,68,0,36,-167,0,1,100,0,432,184,72,72,0,52,-135,0,0,100,0,384,68,48,28,0,84,-198,0,0,100,0,384,0,48,68,0,68,-182,0,1,65,0,504,184,72,72,0,84,-150,0,0,100,0,384,68,48,28,0,110,-212,0,0,100,0,384,0,48,68,0,94,-196,0,1,80,0,504,184,72,72,0,110,-164,0,0,100,0,384,68,48,28,0,72,-116,0,0,100,0,624,448,48,48,0,76,-102,0,0,100,0,412,236,20,20,0,0,-256,0,0,100,0,192,0,192,256,0,92,-128,0,0,100,0,576,304,48,48,0,80,-220,0,0,100,0,48,544,48,44,0,76,-196,0,0,100,0,412,144,40,32,0,52,-128,0,0,100,0,508,116,60,64,0,68,-128,0,0,100,0,452,144,36,36,0,56,-140,0,0,100,0,0,736,48,48,0,52,-140,0,0,100,0,0,640,48,48,0,94,-127,0,0,40,0,0,784,44,48,0,73,-116,0,0,40,0,0,784,44,48,0,0,-256,0,0,100,0,0,0,192,256,0,0,-256,0,0,100,0,0,832,192,256,0,
0,24,0,-256,0,0,100,0,192,832,192,256,0,52,-183,0,0,100,0,384,0,48,68,0,36,-167,0,1,100,0,432,184,72,72,0,52,-135,0,0,100,0,384,68,48,28,0,84,-198,0,0,100,0,384,0,48,68,0,68,-182,0,1,70,0,504,184,72,72,0,84,-150,0,0,100,0,384,68,48,28,0,110,-212,0,0,100,0,384,0,48,68,0,94,-196,0,1,75,0,504,184,72,72,0,110,-164,0,0,100,0,384,68,48,28,0,72,-116,0,0,100,0,576,448,48,48,0,75,-103,0,0,100,0,412,236,20,20,0,0,-256,0,0,100,0,192,0,192,256,0,92,-128,0,0,100,0,576,304,48,48,0,80,-220,0,0,100,0,48,544,48,44,0,76,-196,0,0,100,0,412,144,40,32,0,52,-128,0,0,100,0,508,116,60,64,0,68,-128,0,0,100,0,452,144,36,36,0,56,-140,0,0,100,0,48,736,48,48,0,52,-140,0,0,100,0,0,640,48,48,0,94,-127,0,0,40,0,0,784,44,48,0,73,-116,0,0,40,0,0,784,44,48,0,0,-256,0,0,100,0,0,0,192,256,0,0,-256,0,0,100,0,0,832,192,256,0,
0,24,0,-256,0,0,100,0,192,832,192,256,0,52,-183,0,0,100,0,384,0,48,68,0,36,-167,0,1,100,0,504,184,72,72,0,52,-135,0,0,100,0,384,68,48,28,0,84,-198,0,0,100,0,384,0,48,68,0,68,-182,0,1,75,0,504,184,72,72,0,84,-150,0,0,100,0,384,68,48,28,0,110,-212,0,0,100,0,384,0,48,68,0,94,-196,0,1,70,0,504,184,72,72,0,110,-164,0,0,100,0,384,68,48,28,0,72,-116,0,0,100,0,672,448,48,48,0,74,-106,0,0,100,0,412,236,20,20,0,0,-256,0,0,100,0,192,0,192,256,0,92,-128,0,0,100,0,576,304,48,48,0,80,-220,0,0,100,0,48,544,48,44,0,76,-196,0,0,100,0,412,144,40,32,0,52,-128,0,0,100,0,508,116,60,64,0,56,-140,0,0,100,0,96,736,48,48,0,68,-128,0,0,100,0,452,144,36,36,0,52,-140,0,0,100,0,0,640,48,48,0,94,-127,0,0,40,0,0,784,44,48,0,73,-116,0,0,40,0,0,784,44,48,0,0,-256,0,0,100,0,0,0,192,256,0,0,-256,0,0,100,0,0,832,192,256,0,
0,24,0,-256,0,0,100,0,192,832,192,256,0,52,-183,0,0,100,0,384,0,48,68,0,36,-167,0,1,100,0,504,184,72,72,0,52,-135,0,0,100,0,384,68,48,28,0,84,-198,0,0,100,0,384,0,48,68,0,68,-182,0,1,75,0,504,184,72,72,0,84,-150,0,0,100,0,384,68,48,28,0,110,-212,0,0,100,0,384,0,48,68,0,94,-196,0,1,70,0,432,184,72,72,0,110,-164,0,0,100,0,384,68,48,28,0,72,-116,0,0,100,0,672,448,48,48,0,74,-106,0,0,100,0,412,236,20,20,0,0,-256,0,0,100,0,192,0,192,256,0,92,-128,0,0,100,0,624,352,48,48,0,80,-220,0,0,100,0,48,544,48,44,0,76,-196,0,0,100,0,412,144,40,32,0,52,-128,0,0,100,0,508,116,60,64,0,56,-140,0,0,100,0,96,736,48,48,0,68,-128,0,0,100,0,452,144,36,36,0,52,-140,0,0,100,0,0,640,48,48,0,94,-127,0,0,40,0,0,784,44,48,0,73,-116,0,0,40,0,0,784,44,48,0,0,-256,0,0,100,0,0,0,192,256,0,0,-256,0,0,100,0,0,832,192,256,0,
0,25,0,-256,0,0,100,0,192,832,192,256,0,52,-183,0,0,100,0,384,0,48,68,0,36,-167,0,1,100,0,504,184,72,72,0,52,-135,0,0,100,0,384,68,48,28,0,84,-198,0,0,100,0,384,0,48,68,0,68,-182,0,1,80,0,432,184,72,72,0,84,-150,0,0,100,0,384,68,48,28,0,110,-212,0,0,100,0,384,0,48,68,0,94,-196,0,1,75,0,432,184,72,72,0,110,-164,0,0,100,0,384,68,48,28,0,72,-116,0,0,100,0,336,448,48,48,0,92,-128,0,0,100,0,672,304,48,48,0,0,-256,0,0,100,0,192,0,192,256,0,80,-220,0,0,100,0,48,544,48,44,0,76,-196,0,0,100,0,412,144,40,32,0,80,-124,0,0,60,0,412,176,20,20,0,74,-108,0,0,100,0,412,236,20,20,0,56,-140,0,0,100,0,240,688,48,48,0,52,-128,0,0,100,0,508,116,60,64,0,68,-128,0,0,100,0,452,144,36,36,0,52,-140,0,0,100,0,48,640,48,48,0,94,-127,0,0,40,0,0,784,44,48,0,73,-116,0,0,40,0,0,784,44,48,0,0,-256,0,0,100,0,0,0,192,256,0,0,-256,0,0,100,0,0,832,192,256,0,
0,25,0,-256,0,0,100,0,192,832,192,256,0,52,-183,0,0,100,0,384,0,48,68,0,36,-167,0,1,100,0,504,184,72,72,0,52,-135,0,0,100,0,384,68,48,28,0,84,-198,0,0,100,0,384,0,48,68,0,68,-182,0,1,85,0,432,184,72,72,0,84,-150,0,0,100,0,384,68,48,28,0,110,-212,0,0,100,0,384,0,48,68,0,94,-196,0,1,75,0,432,184,72,72,0,110,-164,0,0,100,0,384,68,48,28,0,72,-116,0,0,100,0,336,448,48,48,0,92,-128,0,0,100,0,720,304,48,48,0,0,-256,0,0,100,0,192,0,192,256,0,80,-220,0,0,100,0,48,544,48,44,0,76,-196,0,0,100,0,412,144,40,32,0,80,-124,0,0,60,0,412,176,20,20,0,74,-108,0,0,100,0,412,236,20,20,0,56,-140,0,0,100,0,240,688,48,48,0,52,-128,0,0,100,0,508,116,60,64,0,68,-128,0,0,100,0,452,144,36,36,0,52,-140,0,0,100,0,48,640,48,48,0,94,-127,0,0,40,0,0,784,44,48,0,73,-116,0,0,40,0,0,784,44,48,0,0,-256,0,0,100,0,0,0,192,256,0,0,-256,0,0,100,0,0,832,192,256,0,
0,23,0,-256,0,0,100,0,192,832,192,256,0,52,-183,0,0,100,0,384,0,48,68,0,36,-167,0,1,100,0,504,184,72,72,0,52,-135,0,0,100,0,384,68,48,28,0,84,-198,0,0,100,0,384,0,48,68,0,68,-182,0,1,90,0,504,184,72,72,0,84,-150,0,0,100,0,384,68,48,28,0,110,-212,0,0,100,0,384,0,48,68,0,94,-196,0,1,80,0,504,184,72,72,0,110,-164,0,0,100,0,384,68,48,28,0,72,-116,0,0,100,0,336,448,48,48,0,92,-128,0,0,100,0,720,304,48,48,0,0,-256,0,0,100,0,192,0,192,256,0,80,-220,0,0,100,0,48,544,48,44,0,76,-196,0,0,100,0,412,144,40,32,0,56,-140,0,0,100,0,288,688,48,48,0,52,-128,0,0,100,0,508,116,60,64,0,68,-128,0,0,100,0,452,144,36,36,0,52,-140,0,0,100,0,96,640,48,48,0,94,-127,0,0,40,0,0,784,44,48,0,73,-116,0,0,40,0,0,784,44,48,0,0,-256,0,0,100,0,0,0,192,256,0,0,-256,0,0,100,0,0,832,192,256,0,
0,23,0,-256,0,0,100,0,192,832,192,256,0,52,-183,0,0,100,0,384,0,48,68,0,36,-167,0,1,100,0,504,184,72,72,0,52,-135,0,0,100,0,384,68,48,28,0,84,-198,0,0,100,0,384,0,48,68,0,68,-182,0,1,95,0,504,184,72,72,0,84,-150,0,0,100,0,384,68,48,28,0,110,-212,0,0,100,0,384,0,48,68,0,94,-196,0,1,80,0,504,184,72,72,0,110,-164,0,0,100,0,384,68,48,28,0,72,-116,0,0,100,0,720,448,48,48,0,0,-256,0,0,100,0,192,0,192,256,0,92,-128,0,0,100,0,720,304,48,48,0,80,-220,0,0,100,0,48,544,48,44,0,76,-196,0,0,100,0,412,144,40,32,0,56,-140,0,0,100,0,336,688,48,48,0,52,-128,0,0,100,0,508,116,60,64,0,68,-128,0,0,100,0,452,144,36,36,0,52,-140,0,0,100,0,48,640,48,48,0,94,-127,0,0,40,0,0,784,44,48,0,73,-116,0,0,40,0,0,784,44,48,0,0,-256,0,0,100,0,0,0,192,256,0,0,-256,0,0,100,0,0,832,192,256,0,
0,24,0,-256,0,0,100,0,192,832,192,256,0,52,-183,0,0,100,0,384,0,48,68,0,36,-167,0,1,100,0,504,184,72,72,0,52,-135,0,0,100,0,384,68,48,28,0,84,-198,0,0,100,0,384,0,48,68,0,68,-182,0,1,95,0,504,184,72,72,0,84,-150,0,0,100,0,384,68,48,28,0,110,-212,0,0,100,0,384,0,48,68,0,94,-196,0,1,85,0,504,184,72,72,0,110,-164,0,0,100,0,384,68,48,28,0,72,-116,0,0,100,0,720,448,48,48,0,0,-256,0,0,100,0,192,0,192,256,0,92,-128,0,0,100,0,720,304,48,48,0,80,-220,0,0,100,0,48,544,48,44,0,76,-196,0,0,100,0,412,144,40,32,0,75,-117,0,0,100,0,412,176,20,20,0,56,-140,0,0,100,0,384,688,48,48,0,52,-128,0,0,100,0,508,116,60,64,0,68,-128,0,0,100,0,452,144,36,36,0,52,-140,0,0,100,0,48,640,48,48,0,94,-127,0,0,40,0,0,784,44,48,0,73,-116,0,0,40,0,0,784,44,48,0,0,-256,0,0,100,0,0,0,192,256,0,0,-256,0,0,100,0,0,832,192,256,0,
0,24,0,-256,0,0,100,0,192,832,192,256,0,52,-183,0,0,100,0,384,0,48,68,0,36,-167,0,1,100,0,504,184,72,72,0,52,-135,0,0,100,0,384,68,48,28,0,84,-198,0,0,100,0,384,0,48,68,0,68,-182,0,1,90,0,504,184,72,72,0,84,-150,0,0,100,0,384,68,48,28,0,110,-212,0,0,100,0,384,0,48,68,0,94,-196,0,1,85,0,432,184,72,72,0,110,-164,0,0,100,0,384,68,48,28,0,72,-116,0,0,100,0,720,448,48,48,0,0,-256,0,0,100,0,192,0,192,256,0,92,-128,0,0,100,0,720,304,48,48,0,80,-220,0,0,100,0,48,544,48,44,0,76,-196,0,0,100,0,412,144,40,32,0,73,-113,0,0,100,0,412,176,20,20,0,56,-140,0,0,100,0,432,688,48,48,0,52,-128,0,0,100,0,508,116,60,64,0,68,-128,0,0,100,0,452,144,36,36,0,52,-140,0,0,100,0,96,640,48,48,0,94,-127,0,0,40,0,0,784,44,48,0,73,-116,0,0,40,0,0,784,44,48,0,0,-256,0,0,100,0,0,0,192,256,0,0,-256,0,0,100,0,0,832,192,256,0,
0,24,0,-256,0,0,100,0,192,832,192,256,0,52,-183,0,0,100,0,384,0,48,68,0,36,-167,0,1,100,0,504,184,72,72,0,52,-135,0,0,100,0,384,68,48,28,0,84,-198,0,0,100,0,384,0,48,68,0,68,-182,0,1,85,0,504,184,72,72,0,84,-150,0,0,100,0,384,68,48,28,0,110,-212,0,0,100,0,384,0,48,68,0,94,-196,0,1,80,0,432,184,72,72,0,110,-164,0,0,100,0,384,68,48,28,0,72,-116,0,0,100,0,720,448,48,48,0,0,-256,0,0,100,0,192,0,192,256,0,92,-128,0,0,100,0,720,304,48,48,0,80,-220,0,0,100,0,48,544,48,44,0,76,-196,0,0,100,0,412,144,40,32,0,73,-112,0,0,100,0,412,176,20,20,0,56,-140,0,0,100,0,480,688,48,48,0,52,-128,0,0,100,0,508,116,60,64,0,68,-128,0,0,100,0,452,144,36,36,0,52,-140,0,0,100,0,96,640,48,48,0,94,-127,0,0,40,0,0,784,44,48,0,73,-116,0,0,40,0,0,784,44,48,0,0,-256,0,0,100,0,0,0,192,256,0,0,-256,0,0,100,0,0,832,192,256,0,
0,25,0,-256,0,0,100,0,192,832,192,256,0,52,-183,0,0,100,0,384,0,48,68,0,36,-167,0,1,100,0,504,184,72,72,0,52,-135,0,0,100,0,384,68,48,28,0,84,-198,0,0,100,0,384,0,48,68,0,68,-182,0,1,85,0,432,184,72,72,0,84,-150,0,0,100,0,384,68,48,28,0,110,-212,0,0,100,0,384,0,48,68,0,94,-196,0,1,80,0,432,184,72,72,0,110,-164,0,0,100,0,384,68,48,28,0,72,-116,0,0,100,0,720,448,48,48,0,0,-256,0,0,100,0,192,0,192,256,0,92,-128,0,0,100,0,720,352,48,48,0,80,-220,0,0,100,0,48,544,48,44,0,76,-196,0,0,100,0,412,144,40,32,0,82,-127,0,0,60,0,412,236,20,20,0,74,-111,0,0,100,0,412,176,20,20,0,56,-140,0,0,100,0,528,688,48,48,0,52,-128,0,0,100,0,508,116,60,64,0,68,-128,0,0,100,0,452,144,36,36,0,52,-140,0,0,100,0,96,640,48,48,0,94,-127,0,0,40,0,0,784,44,48,0,73,-116,0,0,40,0,0,784,44,48,0,0,-256,0,0,100,0,0,0,192,256,0,0,-256,0,0,100,0,0,832,192,256,0,
0,24,0,-256,0,0,100,0,192,832,192,256,0,52,-183,0,0,100,0,384,0,48,68,0,36,-167,0,1,100,0,504,184,72,72,0,52,-135,0,0,100,0,384,68,48,28,0,84,-198,0,0,100,0,384,0,48,68,0,68,-182,0,1,85,0,432,184,72,72,0,84,-150,0,0,100,0,384,68,48,28,0,110,-212,0,0,100,0,384,0,48,68,0,94,-196,0,1,75,0,504,184,72,72,0,110,-164,0,0,100,0,384,68,48,28,0,72,-116,0,0,100,0,720,448,48,48,0,0,-256,0,0,100,0,192,0,192,256,0,92,-128,0,0,100,0,672,352,48,48,0,80,-220,0,0,100,0,48,544,48,44,0,76,-196,0,0,100,0,412,144,40,32,0,74,-109,0,0,100,0,412,176,20,20,0,56,-140,0,0,100,0,576,688,48,48,0,52,-128,0,0,100,0,508,116,60,64,0,68,-128,0,0,100,0,452,144,36,36,0,52,-140,0,0,100,0,144,640,48,48,0,94,-127,0,0,40,0,0,784,44,48,0,73,-116,0,0,40,0,0,784,44,48,0,0,-256,0,0,100,0,0,0,192,256,0,0,-256,0,0,100,0,0,832,192,256,0,
0,24,0,-256,0,0,100,0,192,832,192,256,0,52,-183,0,0,100,0,384,0,48,68,0,36,-167,0,1,100,0,504,184,72,72,0,52,-135,0,0,100,0,384,68,48,28,0,84,-198,0,0,100,0,384,0,48,68,0,68,-182,0,1,80,0,432,184,72,72,0,84,-150,0,0,100,0,384,68,48,28,0,110,-212,0,0,100,0,384,0,48,68,0,94,-196,0,1,75,0,504,184,72,72,0,110,-164,0,0,100,0,384,68,48,28,0,0,-256,0,0,100,0,192,0,192,256,0,72,-116,0,0,100,0,720,448,48,48,0,92,-128,0,0,100,0,576,352,48,48,0,80,-220,0,0,100,0,48,544,48,44,0,76,-196,0,0,100,0,412,144,40,32,0,74,-107,0,0,100,0,412,176,20,20,0,56,-140,0,0,100,0,624,688,48,48,0,52,-128,0,0,100,0,508,116,60,64,0,68,-128,0,0,100,0,452,144,36,36,0,52,-140,0,0,100,0,192,640,48,48,0,94,-127,0,0,40,0,0,784,44,48,0,73,-116,0,0,40,0,0,784,44,48,0,0,-256,0,0,100,0,0,0,192,256,0,0,-256,0,0,100,0,0,832,192,256,0,
0,24,0,-256,0,0,100,0,192,832,192,256,0,52,-183,0,0,100,0,384,0,48,68,0,36,-167,0,1,100,0,504,184,72,72,0,52,-135,0,0,100,0,384,68,48,28,0,84,-198,0,0,100,0,384,0,48,68,0,68,-182,0,1,80,0,504,184,72,72,0,84,-150,0,0,100,0,384,68,48,28,0,110,-212,0,0,100,0,384,0,48,68,0,94,-196,0,1,65,0,432,184,72,72,0,110,-164,0,0,100,0,384,68,48,28,0,0,-256,0,0,100,0,192,0,192,256,0,72,-116,0,0,100,0,720,448,48,48,0,92,-128,0,0,100,0,576,352,48,48,0,80,-220,0,0,100,0,48,544,48,44,0,76,-196,0,0,100,0,412,144,40,32,0,74,-106,0,0,100,0,412,176,20,20,0,52,-128,0,0,100,0,508,116,60,64,0,56,-140,0,0,100,0,336,736,48,48,0,68,-128,0,0,100,0,452,144,36,36,0,52,-140,0,0,100,0,48,640,48,48,0,94,-127,0,0,40,0,0,784,44,48,0,73,-116,0,0,40,0,0,784,44,48,0,0,-256,0,0,100,0,0,0,192,256,0,0,-256,0,0,100,0,0,832,192,256,0,
0,23,0,-256,0,0,100,0,192,832,192,256,0,52,-183,0,0,100,0,384,0,48,68,0,36,-167,0,1,100,0,504,184,72,72,0,52,-135,0,0,100,0,384,68,48,28,0,84,-198,0,0,100,0,384,0,48,68,0,68,-182,0,1,85,0,504,184,72,72,0,84,-150,0,0,100,0,384,68,48,28,0,110,-212,0,0,100,0,384,0,48,68,0,94,-196,0,1,65,0,432,184,72,72,0,110,-164,0,0,100,0,384,68,48,28,0,0,-256,0,0,100,0,192,0,192,256,0,72,-116,0,0,100,0,720,448,48,48,0,92,-128,0,0,100,0,384,400,48,48,0,80,-220,0,0,100,0,48,544,48,44,0,76,-196,0,0,100,0,412,144,40,32,0,74,-106,0,0,100,0,412,176,20,20,0,52,-128,0,0,100,0,508,116,60,64,0,68,-128,0,0,100,0,452,144,36,36,0,56,-140,0,0,100,0,48,736,48,48,0,94,-127,0,0,40,0,0,784,44,48,0,73,-116,0,0,40,0,0,784,44,48,0,0,-256,0,0,100,0,0,0,192,256,0,0,-256,0,0,100,0,0,832,192,256,0,
0,25,0,-256,0,0,100,0,192,832,192,256,0,52,-183,0,0,100,0,384,0,48,68,0,36,-167,0,1,100,0,504,184,72,72,0,52,-135,0,0,100,0,384,68,48,28,0,84,-198,0,0,100,0,384,0,48,68,0,68,-182,0,1,85,0,504,184,72,72,0,84,-150,0,0,100,0,384,68,48,28,0,110,-212,0,0,100,0,384,0,48,68,0,94,-196,0,1,65,0,432,184,72,72,0,110,-164,0,0,100,0,384,68,48,28,0,0,-256,0,0,100,0,192,0,192,256,0,72,-116,0,0,100,0,720,448,48,48,0,92,-128,0,0,100,0,384,400,48,48,0,80,-220,0,0,100,0,48,544,48,44,0,76,-196,0,0,100,0,412,144,40,32,0,74,-106,0,0,100,0,412,176,20,20,0,56,-140,0,0,50,0,432,736,48,48,0,56,-140,0,0,100,0,384,736,48,48,0,52,-128,0,0,100,0,508,116,60,64,0,68,-128,0,0,100,0,452,144,36,36,0,52,-140,0,0,100,0,0,640,48,48,0,94,-127,0,0,40,0,0,784,44,48,0,73,-116,0,0,40,0,0,784,44,48,0,0,-256,0,0,100,0,0,0,192,256,0,0,-256,0,0,100,0,0,832,192,256,0,
0,21,0,-256,0,0,100,0,192,832,192,256,0,52,-183,0,0,100,0,384,0,48,68,0,36,-167,0,1,95,0,504,184,72,72,0,52,-135,0,0,100,0,384,68,48,28,0,84,-198,0,0,100,0,384,0,48,68,0,68,-182,0,1,100,0,504,184,72,72,0,84,-150,0,0,100,0,384,68,48,28,0,110,-212,0,0,100,0,384,0,48,68,0,94,-196,0,1,100,0,432,184,72,72,0,110,-164,0,0,100,0,384,68,48,28,0,72,-116,0,0,100,0,96,448,48,48,0,92,-128,0,0,100,0,192,400,48,48,0,0,-256,0,0,100,0,192,0,192,256,0,80,-220,0,0,100,0,48,544,48,44,0,76,-196,0,0,100,0,412,144,40,32,0,52,-128,0,0,100,0,508,116,60,64,0,56,-140,0,0,100,0,96,688,48,48,0,68,-128,0,0,100,0,452,144,36,36,0,52,-140,0,0,100,0,0,640,48,48,0,0,-256,0,0,100,0,0,0,192,256,0,0,-256,0,0,100,0,0,832,192,256,0,
0,0,
0,0,
0,0,
0,21,-4,-256,0,0,100,0,192,1344,192,256,0,52,-183,0,0,100,0,384,0,48,68,0,36,-167,0,1,95,0,504,184,72,72,0,52,-135,0,0,100,0,384,68,48,28,0,84,-198,0,0,100,0,384,0,48,68,0,68,-182,0,1,75,0,504,184,72,72,0,84,-150,0,0,100,0,384,68,48,28,0,110,-212,0,0,100,0,384,0,48,68,0,94,-196,0,1,75,0,432,184,72,72,0,110,-164,0,0,100,0,384,68,48,28,0,72,-116,0,0,100,0,96,448,48,48,0,92,-128,0,0,100,0,96,256,48,48,0,0,-256,0,0,100,0,192,0,192,256,0,80,-220,0,0,100,0,48,544,48,44,0,76,-196,0,0,100,0,412,144,40,32,0,52,-128,0,0,100,0,508,116,60,64,0,56,-140,0,0,100,0,144,688,48,48,0,68,-128,0,0,100,0,452,144,36,36,0,52,-140,0,0,100,0,0,640,48,48,0,0,-256,0,0,100,0,0,0,192,256,0,0,-256,0,0,100,0,0,1344,192,256,0,
0,0,
0,0,
0,0,
0,0,
0,0,
0,0,
0,0,
0,0,
0,0,
0,0,
0,0,
0,0,
0,0,
0,0,
0,23,0,-256,0,0,100,0,192,1344,192,256,0,52,-183,0,0,100,0,384,0,48,68,0,36,-167,0,1,100,0,504,184,72,72,0,52,-135,0,0,100,0,384,68,48,28,0,84,-198,0,0,100,0,384,0,48,68,0,68,-182,0,1,100,0,504,184,72,72,0,84,-150,0,0,100,0,384,68,48,28,0,110,-212,0,0,100,0,384,0,48,68,0,94,-196,0,1,100,0,504,184,72,72,0,110,-164,0,0,100,0,384,68,48,28,0,64,-112,0,0,100,0,384,172,28,28,0,73,-99,0,0,100,0,384,144,28,28,0,72,-136,0,0,100,0,128,256,64,64,0,72,-136,0,0,100,0,0,320,64,64,0,53,-138,0,0,100,0,144,512,48,48,0,0,-256,0,0,100,0,192,0,192,256,0,79,-238,0,0,100,0,0,384,64,64,0,45,-154,0,0,100,0,0,448,64,64,0,77,-123,0,0,50,0,96,512,48,48,0,65,-119,0,0,50,0,0,512,48,48,0,94,-127,0,0,50,0,0,512,48,48,0,0,-256,0,0,100,0,0,0,192,256,0,0,-256,0,0,100,0,0,1344,192,256,0,
0,23,0,-256,0,0,100,0,192,1344,192,256,0,52,-183,0,0,100,0,384,0,48,68,0,36,-167,0,1,95,0,504,184,72,72,0,52,-135,0,0,100,0,384,68,48,28,0,84,-198,0,0,100,0,384,0,48,68,0,68,-182,0,1,95,0,504,184,72,72,0,84,-150,0,0,100,0,384,68,48,28,0,110,-212,0,0,100,0,384,0,48,68,0,94,-196,0,1,95,0,504,184,72,72,0,110,-164,0,0,100,0,384,68,48,28,0,64,-112,0,0,100,0,384,172,28,28,0,73,-99,0,0,100,0,384,144,28,28,0,72,-136,0,0,100,0,128,256,64,64,0,72,-136,0,0,100,0,64,320,64,64,0,53,-138,0,0,100,0,144,512,48,48,0,0,-256,0,0,100,0,192,0,192,256,0,79,-238,0,0,100,0,0,384,64,64,0,45,-154,0,0,100,0,0,448,64,64,0,77,-123,0,0,50,0,96,512,48,48,0,65,-119,0,0,50,0,0,512,48,48,0,94,-127,0,0,50,0,0,512,48,48,0,0,-256,0,0,100,0,0,0,192,256,0,0,-256,0,0,100,0,0,1344,192,256,0,
0,23,0,-256,0,0,100,0,192,1344,192,256,0,52,-183,0,0,100,0,384,0,48,68,0,36,-167,0,1,90,0,504,184,72,72,0,52,-135,0,0,100,0,384,68,48,28,0,84,-198,0,0,100,0,384,0,48,68,0,68,-182,0,1,90,0,504,184,72,72,0,84,-150,0,0,100,0,384,68,48,28,0,110,-212,0,0,100,0,384,0,48,68,0,94,-196,0,1,90,0,432,184,72,72,0,110,-164,0,0,100,0,384,68,48,28,0,64,-112,0,0,100,0,384,172,28,28,0,73,-99,0,0,100,0,384,144,28,28,0,72,-136,0,0,100,0,128,320,64,64,0,72,-136,0,0,100,0,128,256,64,64,0,53,-138,0,0,100,0,192,512,48,48,0,0,-256,0,0,100,0,192,0,192,256,0,79,-238,0,0,100,0,0,384,64,64,0,45,-154,0,0,100,0,64,448,64,64,0,77,-123,0,0,50,0,96,512,48,48,0,65,-119,0,0,50,0,0,512,48,48,0,93,-127,0,0,50,0,0,512,48,48,0,0,-256,0,0,100,0,0,0,192,256,0,0,-256,0,0,100,0,0,1344,192,256,0,
0,23,0,-256,0,0,100,0,192,1344,192,256,0,52,-183,0,0,100,0,384,0,48,68,0,36,-167,0,1,85,0,504,184,72,72,0,52,-135,0,0,100,0,384,68,48,28,0,84,-198,0,0,100,0,384,0,48,68,0,68,-182,0,1,85,0,432,184,72,72,0,84,-150,0,0,100,0,384,68,48,28,0,110,-212,0,0,100,0,384,0,48,68,0,94,-196,0,1,85,0,432,184,72,72,0,110,-164,0,0,100,0,384,68,48,28,0,64,-112,0,0,100,0,384,172,28,28,0,73,-99,0,0,100,0,384,144,28,28,0,72,-136,0,0,100,0,192,320,64,64,0,72,-136,0,0,100,0,192,256,64,64,0,53,-138,0,0,100,0,192,512,48,48,0,0,-256,0,0,100,0,192,0,192,256,0,79,-238,0,0,100,0,0,384,64,64,0,45,-154,0,0,100,0,64,448,64,64,0,77,-123,0,0,50,0,96,512,48,48,0,65,-119,0,0,50,0,0,512,48,48,0,93,-127,0,0,50,0,0,512,48,48,0,0,-256,0,0,100,0,0,0,192,256,0,0,-256,0,0,100,0,0,1344,192,256,0,
0,23,0,-256,0,0,100,0,192,1344,192,256,0,52,-183,0,0,100,0,384,0,48,68,0,36,-167,0,1,85,0,432,184,72,72,0,52,-135,0,0,100,0,384,68,48,28,0,84,-198,0,0,100,0,384,0,48,68,0,68,-182,0,1,80,0,432,184,72,72,0,84,-150,0,0,100,0,384,68,48,28,0,110,-212,0,0,100,0,384,0,48,68,0,94,-196,0,1,80,0,504,184,72,72,0,110,-164,0,0,100,0,384,68,48,28,0,64,-112,0,0,100,0,384,172,28,28,0,73,-99,0,0,100,0,384,144,28,28,0,72,-136,0,0,100,0,256,320,64,64,0,72,-136,0,0,100,0,256,256,64,64,0,53,-138,0,0,100,0,240,512,48,48,0,0,-256,0,0,100,0,192,0,192,256,0,79,-238,0,0,100,0,0,384,64,64,0,45,-154,0,0,100,0,128,448,64,64,0,77,-123,0,0,50,0,96,512,48,48,0,65,-119,0,0,50,0,0,512,48,48,0,93,-127,0,0,50,0,0,512,48,48,0,0,-256,0,0,100,0,0,0,192,256,0,0,-256,0,0,100,0,0,1344,192,256,0,
0,23,0,-256,0,0,100,0,192,1344,192,256,0,52,-183,0,0,100,0,384,0,48,68,0,36,-167,0,1,90,0,432,184,72,72,0,84,-198,0,0,100,0,384,0,48,68,0,52,-135,0,0,100,0,384,68,48,28,0,68,-182,0,1,75,0,432,184,72,72,0,110,-212,0,0,100,0,384,0,48,68,0,84,-150,0,0,100,0,384,68,48,28,0,94,-196,0,1,75,0,504,184,72,72,0,110,-164,0,0,100,0,384,68,48,28,0,64,-112,0,0,100,0,384,172,28,28,0,73,-99,0,0,100,0,384,144,28,28,0,72,-136,0,0,100,0,320,320,64,64,0,72,-136,0,0,100,0,320,256,64,64,0,53,-138,0,0,100,0,240,512,48,48,0,0,-256,0,0,100,0,192,0,192,256,0,79,-238,0,0,100,0,0,384,64,64,0,45,-154,0,0,100,0,128,448,64,64,0,77,-123,0,0,50,0,96,512,48,48,0,65,-119,0,0,50,0,0,512,48,48,0,93,-127,0,0,50,0,0,512,48,48,0,0,-256,0,0,100,0,0,0,192,256,0,0,-256,0,0,100,0,0,1344,192,256,0,
0,23,0,-256,0,0,100,0,192,1344,192,256,0,52,-183,0,0,100,0,384,0,48,68,0,36,-167,0,1,95,0,432,184,72,72,0,52,-135,0,0,100,0,384,68,48,28,0,84,-198,0,0,100,0,384,0,48,68,0,68,-182,0,1,75,0,504,184,72,72,0,84,-150,0,0,100,0,384,68,48,28,0,110,-212,0,0,100,0,384,0,48,68,0,94,-196,0,1,70,0,432,184,72,72,0,110,-164,0,0,100,0,384,68,48,28,0,64,-112,0,0,100,0,384,172,28,28,0,73,-99,0,0,100,0,384,144,28,28,0,72,-136,0,0,100,0,128,320,64,64,0,72,-136,0,0,100,0,128,256,64,64,0,53,-138,0,0,100,0,288,512,48,48,0,0,-256,0,0,100,0,192,0,192,256,0,79,-238,0,0,100,0,0,384,64,64,0,45,-154,0,0,100,0,192,448,64,64,0,77,-123,0,0,50,0,96,512,48,48,0,65,-119,0,0,50,0,0,512,48,48,0,93,-127,0,0,50,0,0,512,48,48,0,0,-256,0,0,100,0,0,0,192,256,0,0,-256,0,0,100,0,0,1344,192,256,0,
0,23,0,-256,0,0,100,0,192,1344,192,256,0,52,-183,0,0,100,0,384,0,48,68,0,36,-167,0,1,100,0,432,184,72,72,0,52,-135,0,0,100,0,384,68,48,28,0,84,-198,0,0,100,0,384,0,48,68,0,68,-182,0,1,75,0,504,184,72,72,0,84,-150,0,0,100,0,384,68,48,28,0,110,-212,0,0,100,0,384,0,48,68,0,94,-196,0,1,70,0,432,184,72,72,0,110,-164,0,0,100,0,384,68,48,28,0,64,-112,0,0,100,0,384,172,28,28,0,73,-99,0,0,100,0,384,144,28,28,0,72,-136,0,0,100,0,192,320,64,64,0,72,-136,0,0,100,0,192,256,64,64,0,53,-138,0,0,100,0,288,512,48,48,0,0,-256,0,0,100,0,192,0,192,256,0,79,-238,0,0,100,0,0,384,64,64,0,45,-154,0,0,100,0,192,448,64,64,0,77,-123,0,0,50,0,96,512,48,48,0,65,-119,0,0,50,0,0,512,48,48,0,93,-127,0,0,50,0,0,512,48,48,0,0,-256,0,0,100,0,0,0,192,256,0,0,-256,0,0,100,0,0,1344,192,256,0,
0,23,0,-256,0,0,100,0,192,1344,192,256,0,52,-183,0,0,100,0,384,0,48,68,0,36,-167,0,1,100,0,504,184,72,72,0,52,-135,0,0,100,0,384,68,48,28,0,84,-198,0,0,100,0,384,0,48,68,0,68,-182,0,1,80,0,504,184,72,72,0,84,-150,0,0,100,0,384,68,48,28,0,110,-212,0,0,100,0,384,0,48,68,0,94,-196,0,1,65,0,504,184,72,72,0,110,-164,0,0,100,0,384,68,48,28,0,64,-112,0,0,100,0,384,172,28,28,0,73,-99,0,0,100,0,384,144,28,28,0,72,-136,0,0,100,0,256,320,64,64,0,72,-136,0,0,100,0,256,256,64,64,0,53,-138,0,0,100,0,144,512,48,48,0,0,-256,0,0,100,0,192,0,192,256,0,79,-238,0,0,100,0,0,384,64,64,0,45,-154,0,0,100,0,0,448,64,64,0,77,-123,0,0,50,0,96,512,48,48,0,65,-119,0,0,50,0,0,512,48,48,0,93,-127,0,0,50,0,0,512,48,48,0,0,-256,0,0,100,0,0,0,192,256,0,0,-256,0,0,100,0,0,1344,192,256,0,
0,23,0,-256,0,0,100,0,192,1344,192,256,0,52,-183,0,0,100,0,384,0,48,68,0,36,-167,0,1,95,0,504,184,72,72,0,52,-135,0,0,100,0,384,68,48,28,0,84,-198,0,0,100,0,384,0,48,68,0,68,-182,0,1,85,0,432,184,72,72,0,84,-150,0,0,100,0,384,68,48,28,0,110,-212,0,0,100,0,384,0,48,68,0,94,-196,0,1,60,0,504,184,72,72,0,110,-164,0,0,100,0,384,68,48,28,0,64,-112,0,0,100,0,384,172,28,28,0,73,-99,0,0,100,0,384,144,28,28,0,72,-136,0,0,100,0,320,320,64,64,0,72,-136,0,0,100,0,320,256,64,64,0,53,-138,0,0,100,0,144,512,48,48,0,0,-256,0,0,100,0,192,0,192,256,0,79,-238,0,0,100,0,0,384,64,64,0,45,-154,0,0,100,0,0,448,64,64,0,77,-123,0,0,50,0,96,512,48,48,0,65,-119,0,0,50,0,0,512,48,48,0,93,-127,0,0,50,0,0,512,48,48,0,0,-256,0,0,100,0,0,0,192,256,0,0,-256,0,0,100,0,0,1344,192,256,0,
0,23,0,-256,0,0,100,0,192,1344,192,256,0,52,-183,0,0,100,0,384,0,48,68,0,36,-167,0,1,90,0,504,184,72,72,0,52,-135,0,0,100,0,384,68,48,28,0,84,-198,0,0,100,0,384,0,48,68,0,68,-182,0,1,90,0,432,184,72,72,0,84,-150,0,0,100,0,384,68,48,28,0,110,-212,0,0,100,0,384,0,48,68,0,94,-196,0,1,60,0,432,184,72,72,0,110,-164,0,0,100,0,384,68,48,28,0,64,-112,0,0,100,0,384,172,28,28,0,73,-99,0,0,100,0,384,144,28,28,0,72,-136,0,0,100,0,128,320,64,64,0,72,-136,0,0,100,0,128,256,64,64,0,53,-138,0,0,100,0,192,512,48,48,0,0,-256,0,0,100,0,192,0,192,256,0,79,-238,0,0,100,0,0,384,64,64,0,45,-154,0,0,100,0,64,448,64,64,0,77,-123,0,0,50,0,96,512,48,48,0,65,-119,0,0,50,0,0,512,48,48,0,93,-127,0,0,50,0,0,512,48,48,0,0,-256,0,0,100,0,0,0,192,256,0,0,-256,0,0,100,0,0,1344,192,256,0,
0,23,0,-256,0,0,100,0,192,1344,192,256,0,52,-183,0,0,100,0,384,0,48,68,0,36,-167,0,1,85,0,504,184,72,72,0,52,-135,0,0,100,0,384,68,48,28,0,84,-198,0,0,100,0,384,0,48,68,0,68,-182,0,1,95,0,432,184,72,72,0,84,-150,0,0,100,0,384,68,48,28,0,110,-212,0,0,100,0,384,0,48,68,0,94,-196,0,1,65,0,432,184,72,72,0,110,-164,0,0,100,0,384,68,48,28,0,64,-112,0,0,100,0,384,172,28,28,0,73,-99,0,0,100,0,384,144,28,28,0,72,-136,0,0,100,0,192,320,64,64,0,72,-136,0,0,100,0,192,256,64,64,0,53,-138,0,0,100,0,192,512,48,48,0,0,-256,0,0,100,0,192,0,192,256,0,79,-238,0,0,100,0,0,384,64,64,0,45,-154,0,0,100,0,64,448,64,64,0,77,-123,0,0,50,0,96,512,48,48,0,65,-119,0,0,50,0,0,512,48,48,0,93,-127,0,0,50,0,0,512,48,48,0,0,-256,0,0,100,0,0,0,192,256,0,0,-256,0,0,100,0,0,1344,192,256,0,
0,23,0,-256,0,0,100,0,192,1344,192,256,0,52,-183,0,0,100,0,384,0,48,68,0,36,-167,0,1,80,0,432,184,72,72,0,52,-135,0,0,100,0,384,68,48,28,0,84,-198,0,0,100,0,384,0,48,68,0,68,-182,0,1,100,0,504,184,72,72,0,84,-150,0,0,100,0,384,68,48,28,0,110,-212,0,0,100,0,384,0,48,68,0,94,-196,0,1,70,0,504,184,72,72,0,110,-164,0,0,100,0,384,68,48,28,0,64,-112,0,0,100,0,384,172,28,28,0,73,-99,0,0,100,0,384,144,28,28,0,72,-136,0,0,100,0,256,320,64,64,0,72,-136,0,0,100,0,256,256,64,64,0,53,-138,0,0,100,0,240,512,48,48,0,0,-256,0,0,100,0,192,0,192,256,0,79,-238,0,0,100,0,0,384,64,64,0,45,-154,0,0,100,0,128,448,64,64,0,77,-123,0,0,50,0,96,512,48,48,0,65,-119,0,0,50,0,0,512,48,48,0,93,-127,0,0,50,0,0,512,48,48,0,0,-256,0,0,100,0,0,0,192,256,0,0,-256,0,0,100,0,0,1344,192,256,0,
0,23,0,-256,0,0,100,0,192,1344,192,256,0,52,-183,0,0,100,0,384,0,48,68,0,36,-167,0,1,80,0,432,184,72,72,0,52,-135,0,0,100,0,384,68,48,28,0,84,-198,0,0,100,0,384,0,48,68,0,68,-182,0,1,100,0,504,184,72,72,0,84,-150,0,0,100,0,384,68,48,28,0,110,-212,0,0,100,0,384,0,48,68,0,94,-196,0,1,75,0,504,184,72,72,0,110,-164,0,0,100,0,384,68,48,28,0,64,-112,0,0,100,0,384,172,28,28,0,73,-99,0,0,100,0,384,144,28,28,0,72,-136,0,0,100,0,320,320,64,64,0,72,-136,0,0,100,0,320,256,64,64,0,53,-138,0,0,100,0,240,512,48,48,0,0,-256,0,0,100,0,192,0,192,256,0,79,-238,0,0,100,0,0,384,64,64,0,45,-154,0,0,100,0,128,448,64,64,0,77,-123,0,0,50,0,96,512,48,48,0,65,-119,0,0,50,0,0,512,48,48,0,93,-127,0,0,50,0,0,512,48,48,0,0,-256,0,0,100,0,0,0,192,256,0,0,-256,0,0,100,0,0,1344,192,256,0,
0,23,0,-256,0,0,100,0,192,1344,192,256,0,52,-183,0,0,100,0,384,0,48,68,0,36,-167,0,1,85,0,432,184,72,72,0,52,-135,0,0,100,0,384,68,48,28,0,84,-198,0,0,100,0,384,0,48,68,0,68,-182,0,1,100,0,504,184,72,72,0,84,-150,0,0,100,0,384,68,48,28,0,110,-212,0,0,100,0,384,0,48,68,0,94,-196,0,1,75,0,432,184,72,72,0,110,-164,0,0,100,0,384,68,48,28,0,64,-112,0,0,100,0,384,172,28,28,0,73,-99,0,0,100,0,384,144,28,28,0,72,-136,0,0,100,0,128,256,64,64,0,72,-136,0,0,100,0,64,320,64,64,0,53,-138,0,0,100,0,288,512,48,48,0,0,-256,0,0,100,0,192,0,192,256,0,79,-238,0,0,100,0,0,384,64,64,0,45,-154,0,0,100,0,192,448,64,64,0,77,-123,0,0,50,0,96,512,48,48,0,65,-119,0,0,50,0,0,512,48,48,0,94,-127,0,0,50,0,0,512,48,48,0,0,-256,0,0,100,0,0,0,192,256,0,0,-256,0,0,100,0,0,1344,192,256,0,
0,23,0,-256,0,0,100,0,192,1344,192,256,0,52,-183,0,0,100,0,384,0,48,68,0,36,-167,0,1,90,0,432,184,72,72,0,52,-135,0,0,100,0,384,68,48,28,0,84,-198,0,0,100,0,384,0,48,68,0,68,-182,0,1,95,0,432,184,72,72,0,84,-150,0,0,100,0,384,68,48,28,0,110,-212,0,0,100,0,384,0,48,68,0,94,-196,0,1,70,0,432,184,72,72,0,110,-164,0,0,100,0,384,68,48,28,0,64,-112,0,0,100,0,384,172,28,28,0,73,-99,0,0,100,0,384,144,28,28,0,72,-136,0,0,100,0,128,256,64,64,0,72,-136,0,0,100,0,384,256,64,64,0,53,-138,0,0,100,0,288,512,48,48,0,0,-256,0,0,100,0,192,0,192,256,0,79,-238,0,0,100,0,64,384,64,64,0,45,-154,0,0,100,0,192,448,64,64,0,77,-123,0,0,50,0,96,512,48,48,0,65,-119,0,0,50,0,0,512,48,48,0,94,-127,0,0,50,0,0,512,48,48,0,0,-256,0,0,100,0,0,0,192,256,0,0,-256,0,0,100,0,0,1344,192,256,0,
0,22,0,-256,0,0,100,0,192,1344,192,256,0,52,-183,0,0,100,0,384,0,48,68,0,36,-167,0,1,95,0,504,184,72,72,0,52,-135,0,0,100,0,384,68,48,28,0,84,-198,0,0,100,0,384,0,48,68,0,68,-182,0,1,90,0,432,184,72,72,0,84,-150,0,0,100,0,384,68,48,28,0,110,-212,0,0,100,0,384,0,48,68,0,94,-196,0,1,65,0,504,184,72,72,0,110,-164,0,0,100,0,384,68,48,28,0,64,-112,0,0,100,0,384,172,28,28,0,73,-99,0,0,100,0,384,144,28,28,0,72,-136,0,0,100,0,128,256,64,64,0,72,-136,0,0,100,0,448,256,64,64,0,0,-256,0,0,100,0,192,0,192,256,0,79,-238,0,0,100,0,64,384,64,64,0,45,-154,0,0,100,0,256,448,64,64,0,77,-123,0,0,50,0,96,512,48,48,0,65,-119,0,0,50,0,0,512,48,48,0,94,-127,0,0,50,0,0,512,48,48,0,0,-256,0,0,100,0,0,0,192,256,0,0,-256,0,0,100,0,0,1344,192,256,0,
0,22,0,-256,0,0,100,0,192,1344,192,256,0,52,-183,0,0,100,0,384,0,48,68,0,36,-167,0,1,100,0,504,184,72,72,0,52,-135,0,0,100,0,384,68,48,28,0,84,-198,0,0,100,0,384,0,48,68,0,68,-182,0,1,85,0,432,184,72,72,0,84,-150,0,0,100,0,384,68,48,28,0,110,-212,0,0,100,0,384,0,48,68,0,94,-196,0,1,65,0,504,184,72,72,0,110,-164,0,0,100,0,384,68,48,28,0,64,-112,0,0,100,0,384,172,28,28,0,73,-99,0,0,100,0,384,144,28,28,0,72,-136,0,0,100,0,128,256,64,64,0,72,-136,0,0,100,0,512,256,64,64,0,0,-256,0,0,100,0,192,0,192,256,0,79,-238,0,0,100,0,128,384,64,64,0,45,-154,0,0,100,0,256,448,64,64,0,77,-123,0,0,50,0,96,512,48,48,0,65,-119,0,0,50,0,0,512,48,48,0,94,-127,0,0,50,0,0,512,48,48,0,0,-256,0,0,100,0,0,0,192,256,0,0,-256,0,0,100,0,0,1344,192,256,0,
0,22,0,-256,0,0,100,0,192,1344,192,256,0,52,-183,0,0,100,0,384,0,48,68,0,36,-167,0,1,100,0,504,184,72,72,0,52,-135,0,0,100,0,384,68,48,28,0,84,-198,0,0,100,0,384,0,48,68,0,68,-182,0,1,80,0,504,184,72,72,0,84,-150,0,0,100,0,384,68,48,28,0,110,-212,0,0,100,0,384,0,48,68,0,94,-196,0,1,70,0,432,184,72,72,0,110,-164,0,0,100,0,384,68,48,28,0,64,-112,0,0,100,0,384,172,28,28,0,73,-99,0,0,100,0,384,144,28,28,0,72,-136,0,0,100,0,128,256,64,64,0,72,-136,0,0,100,0,576,256,64,64,0,0,-256,0,0,100,0,192,0,192,256,0,79,-238,0,0,100,0,64,384,64,64,0,45,-154,0,0,100,0,256,448,64,64,0,77,-123,0,0,50,0,96,512,48,48,0,65,-119,0,0,50,0,0,512,48,48,0,94,-127,0,0,50,0,0,512,48,48,0,0,-256,0,0,100,0,0,0,192,256,0,0,-256,0,0,100,0,0,1344,192,256,0,
0,22,0,-256,0,0,100,0,192,1344,192,256,0,52,-183,0,0,100,0,384,0,48,68,0,36,-167,0,1,95,0,504,184,72,72,0,52,-135,0,0,100,0,384,68,48,28,0,84,-198,0,0,100,0,384,0,48,68,0,68,-182,0,1,75,0,504,184,72,72,0,84,-150,0,0,100,0,384,68,48,28,0,110,-212,0,0,100,0,384,0,48,68,0,94,-196,0,1,75,0,432,184,72,72,0,110,-164,0,0,100,0,384,68,48,28,0,64,-112,0,0,100,0,384,172,28,28,0,73,-99,0,0,100,0,384,144,28,28,0,72,-136,0,0,100,0,128,256,64,64,0,72,-136,0,0,100,0,384,256,64,64,0,0,-256,0,0,100,0,192,0,192,256,0,79,-238,0,0,100,0,64,384,64,64,0,45,-154,0,0,100,0,256,448,64,64,0,77,-123,0,0,50,0,96,512,48,48,0,65,-119,0,0,50,0,0,512,48,48,0,94,-127,0,0,50,0,0,512,48,48,0,0,-256,0,0,100,0,0,0,192,256,0,0,-256,0,0,100,0,0,1344,192,256,0,
0,22,0,-256,0,0,100,0,192,1344,192,256,0,52,-183,0,0,100,0,384,0,48,68,0,36,-167,0,1,90,0,504,184,72,72,0,52,-135,0,0,100,0,384,68,48,28,0,84,-198,0,0,100,0,384,0,48,68,0,68,-182,0,1,75,0,504,184,72,72,0,84,-150,0,0,100,0,384,68,48,28,0,110,-212,0,0,100,0,384,0,48,68,0,94,-196,0,1,80,0,504,184,72,72,0,110,-164,0,0,100,0,384,68,48,28,0,64,-112,0,0,100,0,384,172,28,28,0,73,-99,0,0,100,0,384,144,28,28,0,72,-136,0,0,100,0,128,256,64,64,0,72,-136,0,0,100,0,448,256,64,64,0,0,-256,0,0,100,0,192,0,192,256,0,79,-238,0,0,100,0,192,384,64,64,0,45,-154,0,0,100,0,256,448,64,64,0,77,-123,0,0,50,0,96,512,48,48,0,65,-119,0,0,50,0,0,512,48,48,0,94,-127,0,0,50,0,0,512,48,48,0,0,-256,0,0,100,0,0,0,192,256,0,0,-256,0,0,100,0,0,1344,192,256,0,
0,22,0,-256,0,0,100,0,192,1344,192,256,0,52,-183,0,0,100,0,384,0,48,68,0,36,-167,0,1,85,0,504,184,72,72,0,52,-135,0,0,100,0,384,68,48,28,0,84,-198,0,0,100,0,384,0,48,68,0,68,-182,0,1,75,0,432,184,72,72,0,84,-150,0,0,100,0,384,68,48,28,0,110,-212,0,0,100,0,384,0,48,68,0,94,-196,0,1,85,0,504,184,72,72,0,110,-164,0,0,100,0,384,68,48,28,0,64,-112,0,0,100,0,384,172,28,28,0,73,-99,0,0,100,0,384,144,28,28,0,72,-136,0,0,100,0,128,256,64,64,0,72,-136,0,0,100,0,512,256,64,64,0,0,-256,0,0,100,0,192,0,192,256,0,79,-238,0,0,100,0,192,384,64,64,0,45,-154,0,0,100,0,256,448,64,64,0,77,-123,0,0,50,0,96,512,48,48,0,65,-119,0,0,50,0,0,512,48,48,0,94,-127,0,0,50,0,0,512,48,48,0,0,-256,0,0,100,0,0,0,192,256,0,0,-256,0,0,100,0,0,1344,192,256,0,
0,22,0,-256,0,0,100,0,192,1344,192,256,0,52,-183,0,0,100,0,384,0,48,68,0,36,-167,0,1,85,0,432,184,72,72,0,52,-135,0,0,100,0,384,68,48,28,0,84,-198,0,0,100,0,384,0,48,68,0,68,-182,0,1,80,0,432,184,72,72,0,84,-150,0,0,100,0,384,68,48,28,0,110,-212,0,0,100,0,384,0,48,68,0,94,-196,0,1,85,0,432,184,72,72,0,110,-164,0,0,100,0,384,68,48,28,0,64,-112,0,0,100,0,384,172,28,28,0,73,-99,0,0,100,0,384,144,28,28,0,72,-136,0,0,100,0,128,256,64,64,0,72,-136,0,0,100,0,576,256,64,64,0,0,-256,0,0,100,0,192,0,192,256,0,79,-238,0,0,100,0,192,384,64,64,0,45,-154,0,0,100,0,256,448,64,64,0,77,-123,0,0,50,0,96,512,48,48,0,65,-119,0,0,50,0,0,512,48,48,0,94,-127,0,0,50,0,0,512,48,48,0,0,-256,0,0,100,0,0,0,192,256,0,0,-256,0,0,100,0,0,1344,192,256,0,
0,22,0,-256,0,0,100,0,192,1344,192,256,0,52,-183,0,0,100,0,384,0,48,68,0,36,-167,0,1,90,0,432,184,72,72,0,52,-135,0,0,100,0,384,68,48,28,0,84,-198,0,0,100,0,384,0,48,68,0,68,-182,0,1,85,0,432,184,72,72,0,84,-150,0,0,100,0,384,68,48,28,0,110,-212,0,0,100,0,384,0,48,68,0,94,-196,0,1,80,0,432,184,72,72,0,110,-164,0,0,100,0,384,68,48,28,0,64,-112,0,0,100,0,384,172,28,28,0,73,-99,0,0,100,0,384,144,28,28,0,72,-136,0,0,100,0,128,256,64,64,0,72,-136,0,0,100,0,384,256,64,64,0,0,-256,0,0,100,0,192,0,192,256,0,79,-238,0,0,100,0,256,384,64,64,0,45,-154,0,0,100,0,256,448,64,64,0,77,-123,0,0,50,0,96,512,48,48,0,65,-119,0,0,50,0,0,512,48,48,0,94,-127,0,0,50,0,0,512,48,48,0,0,-256,0,0,100,0,0,0,192,256,0,0,-256,0,0,100,0,0,1344,192,256,0,
0,22,0,-256,0,0,100,0,192,1344,192,256,0,52,-183,0,0,100,0,384,0,48,68,0,36,-167,0,1,95,0,432,184,72,72,0,52,-135,0,0,100,0,384,68,48,28,0,84,-198,0,0,100,0,384,0,48,68,0,68,-182,0,1,90,0,504,184,72,72,0,84,-150,0,0,100,0,384,68,48,28,0,110,-212,0,0,100,0,384,0,48,68,0,94,-196,0,1,75,0,504,184,72,72,0,110,-164,0,0,100,0,384,68,48,28,0,64,-112,0,0,100,0,384,172,28,28,0,73,-99,0,0,100,0,384,144,28,28,0,72,-136,0,0,100,0,128,256,64,64,0,72,-136,0,0,100,0,448,256,64,64,0,0,-256,0,0,100,0,192,0,192,256,0,79,-238,0,0,100,0,320,384,64,64,0,45,-154,0,0,100,0,256,448,64,64,0,77,-123,0,0,50,0,96,512,48,48,0,65,-119,0,0,50,0,0,512,48,48,0,94,-127,0,0,50,0,0,512,48,48,0,0,-256,0,0,100,0,0,0,192,256,0,0,-256,0,0,100,0,0,1344,192,256,0,
0,23,0,-256,0,0,100,0,192,1344,192,256,0,52,-183,0,0,100,0,384,0,48,68,0,36,-167,0,1,100,0,432,184,72,72,0,52,-135,0,0,100,0,384,68,48,28,0,84,-198,0,0,100,0,384,0,48,68,0,68,-182,0,1,95,0,504,184,72,72,0,84,-150,0,0,100,0,384,68,48,28,0,110,-212,0,0,100,0,384,0,48,68,0,94,-196,0,1,70,0,504,184,72,72,0,110,-164,0,0,100,0,384,68,48,28,0,64,-112,0,0,100,0,384,172,28,28,0,73,-99,0,0,100,0,384,144,28,28,0,72,-136,0,0,100,0,128,256,64,64,0,72,-136,0,0,100,0,512,256,64,64,0,53,-138,0,0,100,0,144,512,48,48,0,0,-256,0,0,100,0,192,0,192,256,0,79,-238,0,0,100,0,256,384,64,64,0,45,-154,0,0,100,0,0,448,64,64,0,77,-123,0,0,50,0,96,512,48,48,0,65,-119,0,0,50,0,0,512,48,48,0,94,-127,0,0,50,0,0,512,48,48,0,0,-256,0,0,100,0,0,0,192,256,0,0,-256,0,0,100,0,0,1344,192,256,0,
0,23,0,-256,0,0,100,0,192,1344,192,256,0,52,-183,0,0,100,0,384,0,48,68,0,36,-167,0,1,100,0,504,184,72,72,0,52,-135,0,0,100,0,384,68,48,28,0,84,-198,0,0,100,0,384,0,48,68,0,68,-182,0,1,100,0,504,184,72,72,0,84,-150,0,0,100,0,384,68,48,28,0,110,-212,0,0,100,0,384,0,48,68,0,94,-196,0,1,65,0,432,184,72,72,0,110,-164,0,0,100,0,384,68,48,28,0,64,-112,0,0,100,0,384,172,28,28,0,73,-99,0,0,100,0,384,144,28,28,0,72,-136,0,0,100,0,128,256,64,64,0,72,-136,0,0,100,0,576,256,64,64,0,53,-138,0,0,100,0,144,512,48,48,0,0,-256,0,0,100,0,192,0,192,256,0,79,-238,0,0,100,0,256,384,64,64,0,45,-154,0,0,100,0,0,448,64,64,0,77,-123,0,0,50,0,96,512,48,48,0,65,-119,0,0,50,0,0,512,48,48,0,94,-127,0,0,50,0,0,512,48,48,0,0,-256,0,0,100,0,0,0,192,256,0,0,-256,0,0,100,0,0,1344,192,256,0,
0,23,0,-256,0,0,100,0,192,1344,192,256,0,52,-183,0,0,100,0,384,0,48,68,0,36,-167,0,1,95,0,504,184,72,72,0,52,-135,0,0,100,0,384,68,48,28,0,84,-198,0,0,100,0,384,0,48,68,0,68,-182,0,1,100,0,432,184,72,72,0,84,-150,0,0,100,0,384,68,48,28,0,110,-212,0,0,100,0,384,0,48,68,0,94,-196,0,1,65,0,432,184,72,72,0,110,-164,0,0,100,0,384,68,48,28,0,64,-112,0,0,100,0,384,172,28,28,0,73,-99,0,0,100,0,384,144,28,28,0,72,-136,0,0,100,0,128,256,64,64,0,72,-136,0,0,100,0,640,256,64,64,0,53,-138,0,0,100,0,144,512,48,48,0,0,-256,0,0,100,0,192,0,192,256,0,79,-238,0,0,100,0,256,384,64,64,0,45,-154,0,0,100,0,0,448,64,64,0,77,-123,0,0,50,0,96,512,48,48,0,65,-119,0,0,50,0,0,512,48,48,0,94,-127,0,0,50,0,0,512,48,48,0,0,-256,0,0,100,0,0,0,192,256,0,0,-256,0,0,100,0,0,1344,192,256,0,
0,23,0,-256,0,0,100,0,192,1344,192,256,0,52,-183,0,0,100,0,384,0,48,68,0,36,-167,0,1,90,0,504,184,72,72,0,52,-135,0,0,100,0,384,68,48,28,0,84,-198,0,0,100,0,384,0,48,68,0,68,-182,0,1,100,0,432,184,72,72,0,84,-150,0,0,100,0,384,68,48,28,0,110,-212,0,0,100,0,384,0,48,68,0,94,-196,0,1,70,0,504,184,72,72,0,110,-164,0,0,100,0,384,68,48,28,0,64,-112,0,0,100,0,384,172,28,28,0,73,-99,0,0,100,0,384,144,28,28,0,72,-136,0,0,100,0,128,256,64,64,0,72,-136,0,0,100,0,384,320,64,64,0,53,-138,0,0,100,0,144,512,48,48,0,0,-256,0,0,100,0,192,0,192,256,0,79,-238,0,0,100,0,320,384,64,64,0,45,-154,0,0,100,0,0,448,64,64,0,77,-123,0,0,50,0,96,512,48,48,0,65,-119,0,0,50,0,0,512,48,48,0,94,-127,0,0,50,0,0,512,48,48,0,0,-256,0,0,100,0,0,0,192,256,0,0,-256,0,0,100,0,0,1344,192,256,0,
0,24,0,-256,0,0,100,0,192,1344,192,256,0,96,-156,0,0,80,0,384,448,48,48,0,52,-183,0,0,100,0,384,0,48,68,0,36,-167,0,1,85,0,504,184,72,72,0,52,-135,0,0,100,0,384,68,48,28,0,84,-198,0,0,100,0,384,0,48,68,0,68,-182,0,1,95,0,432,184,72,72,0,84,-150,0,0,100,0,384,68,48,28,0,110,-212,0,0,100,0,384,0,48,68,0,94,-196,0,1,75,0,504,184,72,72,0,110,-164,0,0,100,0,384,68,48,28,0,64,-112,0,0,100,0,384,172,28,28,0,73,-99,0,0,100,0,384,144,28,28,0,72,-136,0,0,100,0,128,256,64,64,0,72,-136,0,0,100,0,448,320,64,64,0,53,-138,0,0,100,0,144,512,48,48,0,0,-256,0,0,100,0,192,0,192,256,0,79,-238,0,0,100,0,256,384,64,64,0,45,-154,0,0,100,0,0,448,64,64,0,77,-123,0,0,50,0,96,512,48,48,0,65,-119,0,0,50,0,0,512,48,48,0,94,-127,0,0,50,0,0,512,48,48,0,0,-256,0,0,100,0,0,0,192,256,0,0,-256,0,0,100,0,0,1344,192,256,0,
0,24,0,-256,0,0,100,0,192,1344,192,256,0,96,-156,0,0,80,0,432,448,48,48,0,52,-183,0,0,100,0,384,0,48,68,0,36,-167,0,1,80,0,432,184,72,72,0,52,-135,0,0,100,0,384,68,48,28,0,84,-198,0,0,100,0,384,0,48,68,0,68,-182,0,1,90,0,504,184,72,72,0,84,-150,0,0,100,0,384,68,48,28,0,110,-212,0,0,100,0,384,0,48,68,0,94,-196,0,1,80,0,432,184,72,72,0,110,-164,0,0,100,0,384,68,48,28,0,64,-112,0,0,100,0,384,172,28,28,0,73,-99,0,0,100,0,384,144,28,28,0,72,-136,0,0,100,0,128,256,64,64,0,72,-136,0,0,100,0,512,320,64,64,0,53,-138,0,0,100,0,192,512,48,48,0,0,-256,0,0,100,0,192,0,192,256,0,79,-238,0,0,100,0,256,384,64,64,0,45,-154,0,0,100,0,64,448,64,64,0,77,-123,0,0,50,0,96,512,48,48,0,65,-119,0,0,50,0,0,512,48,48,0,94,-127,0,0,50,0,0,512,48,48,0,0,-256,0,0,100,0,0,0,192,256,0,0,-256,0,0,100,0,0,1344,192,256,0,
0,24,0,-256,0,0,100,0,192,1344,192,256,0,96,-156,0,0,100,0,480,448,48,48,0,52,-183,0,0,100,0,384,0,48,68,0,36,-167,0,1,80,0,432,184,72,72,0,52,-135,0,0,100,0,384,68,48,28,0,84,-198,0,0,100,0,384,0,48,68,0,68,-182,0,1,85,0,504,184,72,72,0,84,-150,0,0,100,0,384,68,48,28,0,110,-212,0,0,100,0,384,0,48,68,0,94,-196,0,1,85,0,432,184,72,72,0,110,-164,0,0,100,0,384,68,48,28,0,64,-112,0,0,100,0,384,172,28,28,0,73,-99,0,0,100,0,384,144,28,28,0,72,-136,0,0,100,0,128,256,64,64,0,72,-136,0,0,100,0,576,320,64,64,0,53,-138,0,0,100,0,192,512,48,48,0,0,-256,0,0,100,0,192,0,192,256,0,79,-238,0,0,100,0,256,384,64,64,0,45,-154,0,0,100,0,64,448,64,64,0,77,-123,0,0,50,0,96,512,48,48,0,65,-119,0,0,50,0,0,512,48,48,0,94,-127,0,0,50,0,0,512,48,48,0,0,-256,0,0,100,0,0,0,192,256,0,0,-256,0,0,100,0,0,1344,192,256,0,
0,24,0,-256,0,0,100,0,192,1344,192,256,0,96,-156,0,0,100,0,528,448,48,48,0,52,-183,0,0,100,0,384,0,48,68,0,36,-167,0,1,85,0,432,184,72,72,0,52,-135,0,0,100,0,384,68,48,28,0,84,-198,0,0,100,0,384,0,48,68,0,68,-182,0,1,80,0,504,184,72,72,0,84,-150,0,0,100,0,384,68,48,28,0,110,-212,0,0,100,0,384,0,48,68,0,94,-196,0,1,80,0,504,184,72,72,0,110,-164,0,0,100,0,384,68,48,28,0,64,-112,0,0,100,0,384,172,28,28,0,73,-99,0,0,100,0,384,144,28,28,0,72,-136,0,0,100,0,128,256,64,64,0,72,-136,0,0,100,0,384,320,64,64,0,53,-138,0,0,100,0,240,512,48,48,0,0,-256,0,0,100,0,192,0,192,256,0,79,-238,0,0,100,0,256,384,64,64,0,45,-154,0,0,100,0,128,448,64,64,0,77,-123,0,0,50,0,96,512,48,48,0,65,-119,0,0,50,0,0,512,48,48,0,94,-127,0,0,50,0,0,512,48,48,0,0,-256,0,0,100,0,0,0,192,256,0,0,-256,0,0,100,0,0,1344,192,256,0,
0,24,0,-256,0,0,100,0,192,1344,192,256,0,96,-156,0,0,100,0,576,448,48,48,0,52,-183,0,0,100,0,384,0,48,68,0,36,-167,0,1,90,0,432,184,72,72,0,52,-135,0,0,100,0,384,68,48,28,0,84,-198,0,0,100,0,384,0,48,68,0,68,-182,0,1,75,0,432,184,72,72,0,84,-150,0,0,100,0,384,68,48,28,0,110,-212,0,0,100,0,384,0,48,68,0,94,-196,0,1,75,0,504,184,72,72,0,110,-164,0,0,100,0,384,68,48,28,0,64,-112,0,0,100,0,384,172,28,28,0,73,-99,0,0,100,0,384,144,28,28,0,72,-136,0,0,100,0,128,256,64,64,0,72,-136,0,0,100,0,448,320,64,64,0,53,-138,0,0,100,0,240,512,48,48,0,0,-256,0,0,100,0,192,0,192,256,0,79,-238,0,0,100,0,704,448,64,64,0,45,-154,0,0,100,0,128,448,64,64,0,77,-123,0,0,50,0,96,512,48,48,0,65,-119,0,0,50,0,0,512,48,48,0,94,-127,0,0,50,0,0,512,48,48,0,0,-256,0,0,100,0,0,0,192,256,0,0,-256,0,0,100,0,0,1344,192,256,0,
0,24,0,-256,0,0,100,0,192,1344,192,256,0,96,-156,0,0,100,0,528,448,48,48,0,52,-183,0,0,100,0,384,0,48,68,0,36,-167,0,1,95,0,432,184,72,72,0,52,-135,0,0,100,0,384,68,48,28,0,84,-198,0,0,100,0,384,0,48,68,0,68,-182,0,1,75,0,432,184,72,72,0,84,-150,0,0,100,0,384,68,48,28,0,110,-212,0,0,100,0,384,0,48,68,0,94,-196,0,1,70,0,432,184,72,72,0,110,-164,0,0,100,0,384,68,48,28,0,64,-112,0,0,100,0,384,172,28,28,0,73,-99,0,0,100,0,384,144,28,28,0,72,-136,0,0,100,0,128,256,64,64,0,72,-136,0,0,100,0,512,320,64,64,0,53,-138,0,0,100,0,288,512,48,48,0,0,-256,0,0,100,0,192,0,192,256,0,79,-238,0,0,100,0,704,448,64,64,0,45,-154,0,0,100,0,192,448,64,64,0,77,-123,0,0,50,0,96,512,48,48,0,65,-119,0,0,50,0,0,512,48,48,0,94,-127,0,0,50,0,0,512,48,48,0,0,-256,0,0,100,0,0,0,192,256,0,0,-256,0,0,100,0,0,1344,192,256,0,
0,24,0,-256,0,0,100,0,192,1344,192,256,0,96,-156,0,0,100,0,576,448,48,48,0,52,-183,0,0,100,0,384,0,48,68,0,36,-167,0,1,100,0,432,184,72,72,0,52,-135,0,0,100,0,384,68,48,28,0,84,-198,0,0,100,0,384,0,48,68,0,68,-182,0,1,75,0,432,184,72,72,0,84,-150,0,0,100,0,384,68,48,28,0,110,-212,0,0,100,0,384,0,48,68,0,94,-196,0,1,65,0,432,184,72,72,0,110,-164,0,0,100,0,384,68,48,28,0,64,-112,0,0,100,0,384,172,28,28,0,73,-99,0,0,100,0,384,144,28,28,0,72,-136,0,0,100,0,128,256,64,64,0,72,-136,0,0,100,0,576,320,64,64,0,53,-138,0,0,100,0,288,512,48,48,0,0,-256,0,0,100,0,192,0,192,256,0,79,-238,0,0,100,0,384,384,64,64,0,45,-154,0,0,100,0,192,448,64,64,0,77,-123,0,0,50,0,96,512,48,48,0,65,-119,0,0,50,0,0,512,48,48,0,94,-127,0,0,50,0,0,512,48,48,0,0,-256,0,0,100,0,0,0,192,256,0,0,-256,0,0,100,0,0,1344,192,256,0,
0,24,0,-256,0,0,100,0,192,1344,192,256,0,96,-156,0,0,100,0,528,448,48,48,0,52,-183,0,0,100,0,384,0,48,68,0,36,-167,0,1,100,0,504,184,72,72,0,52,-135,0,0,100,0,384,68,48,28,0,84,-198,0,0,100,0,384,0,48,68,0,68,-182,0,1,80,0,504,184,72,72,0,84,-150,0,0,100,0,384,68,48,28,0,110,-212,0,0,100,0,384,0,48,68,0,94,-196,0,1,65,0,504,184,72,72,0,110,-164,0,0,100,0,384,68,48,28,0,64,-112,0,0,100,0,384,172,28,28,0,73,-99,0,0,100,0,384,144,28,28,0,72,-136,0,0,100,0,128,256,64,64,0,72,-136,0,0,100,0,384,320,64,64,0,53,-138,0,0,100,0,144,512,48,48,0,0,-256,0,0,100,0,192,0,192,256,0,79,-238,0,0,100,0,448,384,64,64,0,45,-154,0,0,100,0,0,448,64,64,0,77,-123,0,0,50,0,96,512,48,48,0,65,-119,0,0,50,0,0,512,48,48,0,94,-127,0,0,50,0,0,512,48,48,0,0,-256,0,0,100,0,0,0,192,256,0,0,-256,0,0,100,0,0,1344,192,256,0,
0,24,0,-256,0,0,100,0,192,1344,192,256,0,96,-156,0,0,100,0,576,448,48,48,0,52,-183,0,0,100,0,384,0,48,68,0,36,-167,0,1,95,0,504,184,72,72,0,52,-135,0,0,100,0,384,68,48,28,0,84,-198,0,0,100,0,384,0,48,68,0,68,-182,0,1,85,0,504,184,72,72,0,84,-150,0,0,100,0,384,68,48,28,0,110,-212,0,0,100,0,384,0,48,68,0,94,-196,0,1,65,0,504,184,72,72,0,110,-164,0,0,100,0,384,68,48,28,0,64,-112,0,0,100,0,384,172,28,28,0,73,-99,0,0,100,0,384,144,28,28,0,72,-136,0,0,100,0,128,256,64,64,0,72,-136,0,0,100,0,448,320,64,64,0,53,-138,0,0,100,0,144,512,48,48,0,0,-256,0,0,100,0,192,0,192,256,0,79,-238,0,0,100,0,512,384,64,64,0,45,-154,0,0,100,0,0,448,64,64,0,77,-123,0,0,50,0,96,512,48,48,0,65,-119,0,0,50,0,0,512,48,48,0,94,-127,0,0,50,0,0,512,48,48,0,0,-256,0,0,100,0,0,0,192,256,0,0,-256,0,0,100,0,0,1344,192,256,0,
0,24,0,-256,0,0,100,0,192,1344,192,256,0,96,-156,0,0,100,0,528,448,48,48,0,52,-183,0,0,100,0,384,0,48,68,0,36,-167,0,1,90,0,432,184,72,72,0,52,-135,0,0,100,0,384,68,48,28,0,84,-198,0,0,100,0,384,0,48,68,0,68,-182,0,1,90,0,504,184,72,72,0,84,-150,0,0,100,0,384,68,48,28,0,110,-212,0,0,100,0,384,0,48,68,0,94,-196,0,1,70,0,432,184,72,72,0,110,-164,0,0,100,0,384,68,48,28,0,64,-112,0,0,100,0,384,172,28,28,0,73,-99,0,0,100,0,384,144,28,28,0,72,-136,0,0,100,0,128,256,64,64,0,72,-136,0,0,100,0,512,320,64,64,0,53,-138,0,0,100,0,192,512,48,48,0,0,-256,0,0,100,0,192,0,192,256,0,79,-238,0,0,100,0,576,384,64,64,0,45,-154,0,0,100,0,64,448,64,64,0,77,-123,0,0,50,0,96,512,48,48,0,65,-119,0,0,50,0,0,512,48,48,0,94,-127,0,0,50,0,0,512,48,48,0,0,-256,0,0,100,0,0,0,192,256,0,0,-256,0,0,100,0,0,1344,192,256,0,
0,24,0,-256,0,0,100,0,192,1344,192,256,0,96,-156,0,0,100,0,576,448,48,48,0,52,-183,0,0,100,0,384,0,48,68,0,36,-167,0,1,85,0,432,184,72,72,0,52,-135,0,0,100,0,384,68,48,28,0,84,-198,0,0,100,0,384,0,48,68,0,68,-182,0,1,95,0,432,184,72,72,0,84,-150,0,0,100,0,384,68,48,28,0,110,-212,0,0,100,0,384,0,48,68,0,94,-196,0,1,75,0,432,184,72,72,0,110,-164,0,0,100,0,384,68,48,28,0,64,-112,0,0,100,0,384,172,28,28,0,73,-99,0,0,100,0,384,144,28,28,0,72,-136,0,0,100,0,128,256,64,64,0,72,-136,0,0,100,0,576,320,64,64,0,53,-138,0,0,100,0,192,512,48,48,0,0,-256,0,0,100,0,192,0,192,256,0,79,-238,0,0,100,0,64,384,64,64,0,45,-154,0,0,100,0,64,448,64,64,0,77,-123,0,0,50,0,96,512,48,48,0,65,-119,0,0,50,0,0,512,48,48,0,94,-127,0,0,50,0,0,512,48,48,0,0,-256,0,0,100,0,0,0,192,256,0,0,-256,0,0,100,0,0,1344,192,256,0,
0,24,0,-256,0,0,100,0,192,1344,192,256,0,96,-156,0,0,100,0,528,448,48,48,0,52,-183,0,0,100,0,384,0,48,68,0,36,-167,0,1,85,0,432,184,72,72,0,52,-135,0,0,100,0,384,68,48,28,0,84,-198,0,0,100,0,384,0,48,68,0,68,-182,0,1,100,0,432,184,72,72,0,84,-150,0,0,100,0,384,68,48,28,0,110,-212,0,0,100,0,384,0,48,68,0,94,-196,0,1,80,0,504,184,72,72,0,110,-164,0,0,100,0,384,68,48,28,0,64,-112,0,0,100,0,384,172,28,28,0,73,-99,0,0,100,0,384,144,28,28,0,72,-136,0,0,100,0,128,256,64,64,0,72,-136,0,0,100,0,384,320,64,64,0,53,-138,0,0,100,0,240,512,48,48,0,0,-256,0,0,100,0,192,0,192,256,0,79,-238,0,0,100,0,64,384,64,64,0,45,-154,0,0,100,0,128,448,64,64,0,77,-123,0,0,50,0,96,512,48,48,0,65,-119,0,0,50,0,0,512,48,48,0,94,-127,0,0,50,0,0,512,48,48,0,0,-256,0,0,100,0,0,0,192,256,0,0,-256,0,0,100,0,0,1344,192,256,0,
0,24,0,-256,0,0,100,0,192,1344,192,256,0,96,-156,0,0,50,0,576,448,48,48,0,52,-183,0,0,100,0,384,0,48,68,0,36,-167,0,1,90,0,432,184,72,72,0,52,-135,0,0,100,0,384,68,48,28,0,84,-198,0,0,100,0,384,0,48,68,0,68,-182,0,1,95,0,432,184,72,72,0,84,-150,0,0,100,0,384,68,48,28,0,110,-212,0,0,100,0,384,0,48,68,0,94,-196,0,1,85,0,504,184,72,72,0,110,-164,0,0,100,0,384,68,48,28,0,64,-112,0,0,100,0,384,172,28,28,0,73,-99,0,0,100,0,384,144,28,28,0,72,-136,0,0,100,0,128,256,64,64,0,72,-136,0,0,100,0,448,320,64,64,0,53,-138,0,0,100,0,240,512,48,48,0,0,-256,0,0,100,0,192,0,192,256,0,79,-238,0,0,100,0,64,384,64,64,0,45,-154,0,0,100,0,128,448,64,64,0,77,-123,0,0,50,0,96,512,48,48,0,65,-119,0,0,50,0,0,512,48,48,0,94,-127,0,0,50,0,0,512,48,48,0,0,-256,0,0,100,0,0,0,192,256,0,0,-256,0,0,100,0,0,1344,192,256,0,
0,23,0,-256,0,0,100,0,192,1344,192,256,0,52,-183,0,0,100,0,384,0,48,68,0,36,-167,0,1,95,0,432,184,72,72,0,52,-135,0,0,100,0,384,68,48,28,0,84,-198,0,0,100,0,384,0,48,68,0,68,-182,0,1,90,0,504,184,72,72,0,84,-150,0,0,100,0,384,68,48,28,0,110,-212,0,0,100,0,384,0,48,68,0,94,-196,0,1,90,0,432,184,72,72,0,110,-164,0,0,100,0,384,68,48,28,0,64,-112,0,0,100,0,384,172,28,28,0,73,-99,0,0,100,0,384,144,28,28,0,72,-136,0,0,100,0,128,256,64,64,0,72,-136,0,0,100,0,512,320,64,64,0,53,-138,0,0,100,0,288,512,48,48,0,0,-256,0,0,100,0,192,0,192,256,0,79,-238,0,0,100,0,64,384,64,64,0,45,-154,0,0,100,0,192,448,64,64,0,77,-123,0,0,50,0,96,512,48,48,0,65,-119,0,0,50,0,0,512,48,48,0,94,-127,0,0,50,0,0,512,48,48,0,0,-256,0,0,100,0,0,0,192,256,0,0,-256,0,0,100,0,0,1344,192,256,0,
0,23,0,-256,0,0,100,0,192,1344,192,256,0,52,-183,0,0,100,0,384,0,48,68,0,36,-167,0,1,100,0,432,184,72,72,0,52,-135,0,0,100,0,384,68,48,28,0,84,-198,0,0,100,0,384,0,48,68,0,68,-182,0,1,95,0,504,184,72,72,0,84,-150,0,0,100,0,384,68,48,28,0,110,-212,0,0,100,0,384,0,48,68,0,94,-196,0,1,95,0,432,184,72,72,0,110,-164,0,0,100,0,384,68,48,28,0,64,-112,0,0,100,0,384,172,28,28,0,73,-99,0,0,100,0,384,144,28,28,0,72,-136,0,0,100,0,128,256,64,64,0,72,-136,0,0,100,0,576,320,64,64,0,53,-138,0,0,100,0,288,512,48,48,0,0,-256,0,0,100,0,192,0,192,256,0,79,-238,0,0,100,0,640,384,64,64,0,45,-154,0,0,100,0,192,448,64,64,0,77,-123,0,0,50,0,96,512,48,48,0,65,-119,0,0,50,0,0,512,48,48,0,94,-127,0,0,50,0,0,512,48,48,0,0,-256,0,0,100,0,0,0,192,256,0,0,-256,0,0,100,0,0,1344,192,256,0,
0,23,0,-256,0,0,100,0,192,1344,192,256,0,52,-183,0,0,100,0,384,0,48,68,0,36,-167,0,1,100,0,504,184,72,72,0,52,-135,0,0,100,0,384,68,48,28,0,84,-198,0,0,100,0,384,0,48,68,0,68,-182,0,1,100,0,504,184,72,72,0,84,-150,0,0,100,0,384,68,48,28,0,110,-212,0,0,100,0,384,0,48,68,0,94,-196,0,1,100,0,504,184,72,72,0,110,-164,0,0,100,0,384,68,48,28,0,64,-112,0,0,100,0,384,172,28,28,0,73,-99,0,0,100,0,384,144,28,28,0,72,-136,0,0,100,0,128,256,64,64,0,72,-136,0,0,100,0,0,320,64,64,0,53,-138,0,0,100,0,144,512,48,48,0,0,-256,0,0,100,0,192,0,192,256,0,79,-238,0,0,100,0,0,384,64,64,0,45,-154,0,0,100,0,0,448,64,64,0,77,-123,0,0,50,0,96,512,48,48,0,65,-119,0,0,50,0,0,512,48,48,0,94,-127,0,0,50,0,0,512,48,48,0,0,-256,0,0,100,0,0,0,192,256,0,0,-256,0,0,100,0,0,1344,192,256,0,
0,23,0,-256,0,0,100,0,192,1344,192,256,0,52,-183,0,0,100,0,384,0,48,68,0,36,-167,0,1,95,0,504,184,72,72,0,52,-135,0,0,100,0,384,68,48,28,0,84,-198,0,0,100,0,384,0,48,68,0,68,-182,0,1,95,0,504,184,72,72,0,84,-150,0,0,100,0,384,68,48,28,0,110,-212,0,0,100,0,384,0,48,68,0,94,-196,0,1,95,0,504,184,72,72,0,110,-164,0,0,100,0,384,68,48,28,0,64,-112,0,0,100,0,384,172,28,28,0,73,-99,0,0,100,0,384,144,28,28,0,72,-136,0,0,100,0,128,256,64,64,0,72,-136,0,0,100,0,64,320,64,64,0,53,-138,0,0,100,0,144,512,48,48,0,0,-256,0,0,100,0,192,0,192,256,0,79,-238,0,0,100,0,0,384,64,64,0,45,-154,0,0,100,0,0,448,64,64,0,77,-123,0,0,50,0,96,512,48,48,0,65,-119,0,0,50,0,0,512,48,48,0,94,-127,0,0,50,0,0,512,48,48,0,0,-256,0,0,100,0,0,0,192,256,0,0,-256,0,0,100,0,0,1344,192,256,0,
0,23,0,-256,0,0,100,0,192,1344,192,256,0,52,-183,0,0,100,0,384,0,48,68,0,36,-167,0,1,90,0,504,184,72,72,0,52,-135,0,0,100,0,384,68,48,28,0,84,-198,0,0,100,0,384,0,48,68,0,68,-182,0,1,90,0,504,184,72,72,0,84,-150,0,0,100,0,384,68,48,28,0,110,-212,0,0,100,0,384,0,48,68,0,94,-196,0,1,90,0,432,184,72,72,0,110,-164,0,0,100,0,384,68,48,28,0,64,-112,0,0,100,0,384,172,28,28,0,73,-99,0,0,100,0,384,144,28,28,0,72,-136,0,0,100,0,128,320,64,64,0,72,-136,0,0,100,0,128,256,64,64,0,53,-138,0,0,100,0,192,512,48,48,0,0,-256,0,0,100,0,192,0,192,256,0,79,-238,0,0,100,0,0,384,64,64,0,45,-154,0,0,100,0,64,448,64,64,0,77,-123,0,0,50,0,96,512,48,48,0,65,-119,0,0,50,0,0,512,48,48,0,93,-127,0,0,50,0,0,512,48,48,0,0,-256,0,0,100,0,0,0,192,256,0,0,-256,0,0,100,0,0,1344,192,256,0,
0,23,0,-256,0,0,100,0,192,1344,192,256,0,52,-183,0,0,100,0,384,0,48,68,0,36,-167,0,1,85,0,504,184,72,72,0,52,-135,0,0,100,0,384,68,48,28,0,84,-198,0,0,100,0,384,0,48,68,0,68,-182,0,1,85,0,432,184,72,72,0,84,-150,0,0,100,0,384,68,48,28,0,110,-212,0,0,100,0,384,0,48,68,0,94,-196,0,1,85,0,432,184,72,72,0,110,-164,0,0,100,0,384,68,48,28,0,64,-112,0,0,100,0,384,172,28,28,0,73,-99,0,0,100,0,384,144,28,28,0,72,-136,0,0,100,0,192,320,64,64,0,72,-136,0,0,100,0,192,256,64,64,0,53,-138,0,0,100,0,192,512,48,48,0,0,-256,0,0,100,0,192,0,192,256,0,79,-238,0,0,100,0,0,384,64,64,0,45,-154,0,0,100,0,64,448,64,64,0,77,-123,0,0,50,0,96,512,48,48,0,65,-119,0,0,50,0,0,512,48,48,0,93,-127,0,0,50,0,0,512,48,48,0,0,-256,0,0,100,0,0,0,192,256,0,0,-256,0,0,100,0,0,1344,192,256,0,
0,23,0,-256,0,0,100,0,192,1344,192,256,0,52,-183,0,0,100,0,384,0,48,68,0,36,-167,0,1,85,0,432,184,72,72,0,52,-135,0,0,100,0,384,68,48,28,0,84,-198,0,0,100,0,384,0,48,68,0,68,-182,0,1,80,0,432,184,72,72,0,84,-150,0,0,100,0,384,68,48,28,0,110,-212,0,0,100,0,384,0,48,68,0,94,-196,0,1,80,0,504,184,72,72,0,110,-164,0,0,100,0,384,68,48,28,0,64,-112,0,0,100,0,384,172,28,28,0,73,-99,0,0,100,0,384,144,28,28,0,72,-136,0,0,100,0,256,320,64,64,0,72,-136,0,0,100,0,256,256,64,64,0,53,-138,0,0,100,0,240,512,48,48,0,0,-256,0,0,100,0,192,0,192,256,0,79,-238,0,0,100,0,0,384,64,64,0,45,-154,0,0,100,0,128,448,64,64,0,77,-123,0,0,50,0,96,512,48,48,0,65,-119,0,0,50,0,0,512,48,48,0,93,-127,0,0,50,0,0,512,48,48,0,0,-256,0,0,100,0,0,0,192,256,0,0,-256,0,0,100,0,0,1344,192,256,0,
0,23,0,-256,0,0,100,0,192,1344,192,256,0,52,-183,0,0,100,0,384,0,48,68,0,36,-167,0,1,90,0,432,184,72,72,0,84,-198,0,0,100,0,384,0,48,68,0,52,-135,0,0,100,0,384,68,48,28,0,68,-182,0,1,75,0,432,184,72,72,0,110,-212,0,0,100,0,384,0,48,68,0,84,-150,0,0,100,0,384,68,48,28,0,94,-196,0,1,75,0,504,184,72,72,0,110,-164,0,0,100,0,384,68,48,28,0,64,-112,0,0,100,0,384,172,28,28,0,73,-99,0,0,100,0,384,144,28,28,0,72,-136,0,0,100,0,320,320,64,64,0,72,-136,0,0,100,0,320,256,64,64,0,53,-138,0,0,100,0,240,512,48,48,0,0,-256,0,0,100,0,192,0,192,256,0,79,-238,0,0,100,0,0,384,64,64,0,45,-154,0,0,100,0,128,448,64,64,0,77,-123,0,0,50,0,96,512,48,48,0,65,-119,0,0,50,0,0,512,48,48,0,93,-127,0,0,50,0,0,512,48,48,0,0,-256,0,0,100,0,0,0,192,256,0,0,-256,0,0,100,0,0,1344,192,256,0,
0,23,0,-256,0,0,100,0,192,1344,192,256,0,52,-183,0,0,100,0,384,0,48,68,0,36,-167,0,1,95,0,432,184,72,72,0,52,-135,0,0,100,0,384,68,48,28,0,84,-198,0,0,100,0,384,0,48,68,0,68,-182,0,1,75,0,504,184,72,72,0,84,-150,0,0,100,0,384,68,48,28,0,110,-212,0,0,100,0,384,0,48,68,0,94,-196,0,1,70,0,432,184,72,72,0,110,-164,0,0,100,0,384,68,48,28,0,64,-112,0,0,100,0,384,172,28,28,0,73,-99,0,0,100,0,384,144,28,28,0,72,-136,0,0,100,0,128,320,64,64,0,72,-136,0,0,100,0,128,256,64,64,0,53,-138,0,0,100,0,288,512,48,48,0,0,-256,0,0,100,0,192,0,192,256,0,79,-238,0,0,100,0,0,384,64,64,0,45,-154,0,0,100,0,192,448,64,64,0,77,-123,0,0,50,0,96,512,48,48,0,65,-119,0,0,50,0,0,512,48,48,0,93,-127,0,0,50,0,0,512,48,48,0,0,-256,0,0,100,0,0,0,192,256,0,0,-256,0,0,100,0,0,1344,192,256,0,
0,23,0,-256,0,0,100,0,192,1344,192,256,0,52,-183,0,0,100,0,384,0,48,68,0,36,-167,0,1,100,0,432,184,72,72,0,52,-135,0,0,100,0,384,68,48,28,0,84,-198,0,0,100,0,384,0,48,68,0,68,-182,0,1,75,0,504,184,72,72,0,84,-150,0,0,100,0,384,68,48,28,0,110,-212,0,0,100,0,384,0,48,68,0,94,-196,0,1,70,0,432,184,72,72,0,110,-164,0,0,100,0,384,68,48,28,0,64,-112,0,0,100,0,384,172,28,28,0,73,-99,0,0,100,0,384,144,28,28,0,72,-136,0,0,100,0,192,320,64,64,0,72,-136,0,0,100,0,192,256,64,64,0,53,-138,0,0,100,0,288,512,48,48,0,0,-256,0,0,100,0,192,0,192,256,0,79,-238,0,0,100,0,0,384,64,64,0,45,-154,0,0,100,0,192,448,64,64,0,77,-123,0,0,50,0,96,512,48,48,0,65,-119,0,0,50,0,0,512,48,48,0,93,-127,0,0,50,0,0,512,48,48,0,0,-256,0,0,100,0,0,0,192,256,0,0,-256,0,0,100,0,0,1344,192,256,0,
0,23,0,-256,0,0,100,0,192,1344,192,256,0,52,-183,0,0,100,0,384,0,48,68,0,36,-167,0,1,100,0,504,184,72,72,0,52,-135,0,0,100,0,384,68,48,28,0,84,-198,0,0,100,0,384,0,48,68,0,68,-182,0,1,80,0,504,184,72,72,0,84,-150,0,0,100,0,384,68,48,28,0,110,-212,0,0,100,0,384,0,48,68,0,94,-196,0,1,65,0,504,184,72,72,0,110,-164,0,0,100,0,384,68,48,28,0,64,-112,0,0,100,0,384,172,28,28,0,73,-99,0,0,100,0,384,144,28,28,0,72,-136,0,0,100,0,256,320,64,64,0,72,-136,0,0,100,0,256,256,64,64,0,53,-138,0,0,100,0,144,512,48,48,0,0,-256,0,0,100,0,192,0,192,256,0,79,-238,0,0,100,0,0,384,64,64,0,45,-154,0,0,100,0,0,448,64,64,0,77,-123,0,0,50,0,96,512,48,48,0,65,-119,0,0,50,0,0,512,48,48,0,93,-127,0,0,50,0,0,512,48,48,0,0,-256,0,0,100,0,0,0,192,256,0,0,-256,0,0,100,0,0,1344,192,256,0,
0,23,0,-256,0,0,100,0,192,1344,192,256,0,52,-183,0,0,100,0,384,0,48,68,0,36,-167,0,1,95,0,504,184,72,72,0,52,-135,0,0,100,0,384,68,48,28,0,84,-198,0,0,100,0,384,0,48,68,0,68,-182,0,1,85,0,432,184,72,72,0,84,-150,0,0,100,0,384,68,48,28,0,110,-212,0,0,100,0,384,0,48,68,0,94,-196,0,1,60,0,504,184,72,72,0,110,-164,0,0,100,0,384,68,48,28,0,64,-112,0,0,100,0,384,172,28,28,0,73,-99,0,0,100,0,384,144,28,28,0,72,-136,0,0,100,0,320,320,64,64,0,72,-136,0,0,100,0,320,256,64,64,0,53,-138,0,0,100,0,144,512,48,48,0,0,-256,0,0,100,0,192,0,192,256,0,79,-238,0,0,100,0,0,384,64,64,0,45,-154,0,0,100,0,0,448,64,64,0,77,-123,0,0,50,0,96,512,48,48,0,65,-119,0,0,50,0,0,512,48,48,0,93,-127,0,0,50,0,0,512,48,48,0,0,-256,0,0,100,0,0,0,192,256,0,0,-256,0,0,100,0,0,1344,192,256,0,
0,23,0,-256,0,0,100,0,192,1344,192,256,0,52,-183,0,0,100,0,384,0,48,68,0,36,-167,0,1,90,0,504,184,72,72,0,52,-135,0,0,100,0,384,68,48,28,0,84,-198,0,0,100,0,384,0,48,68,0,68,-182,0,1,90,0,432,184,72,72,0,84,-150,0,0,100,0,384,68,48,28,0,110,-212,0,0,100,0,384,0,48,68,0,94,-196,0,1,60,0,432,184,72,72,0,110,-164,0,0,100,0,384,68,48,28,0,64,-112,0,0,100,0,384,172,28,28,0,73,-99,0,0,100,0,384,144,28,28,0,72,-136,0,0,100,0,128,320,64,64,0,72,-136,0,0,100,0,128,256,64,64,0,53,-138,0,0,100,0,192,512,48,48,0,0,-256,0,0,100,0,192,0,192,256,0,79,-238,0,0,100,0,0,384,64,64,0,45,-154,0,0,100,0,64,448,64,64,0,77,-123,0,0,50,0,96,512,48,48,0,65,-119,0,0,50,0,0,512,48,48,0,93,-127,0,0,50,0,0,512,48,48,0,0,-256,0,0,100,0,0,0,192,256,0,0,-256,0,0,100,0,0,1344,192,256,0,
0,23,0,-256,0,0,100,0,192,1344,192,256,0,52,-183,0,0,100,0,384,0,48,68,0,36,-167,0,1,85,0,504,184,72,72,0,52,-135,0,0,100,0,384,68,48,28,0,84,-198,0,0,100,0,384,0,48,68,0,68,-182,0,1,95,0,432,184,72,72,0,84,-150,0,0,100,0,384,68,48,28,0,110,-212,0,0,100,0,384,0,48,68,0,94,-196,0,1,65,0,432,184,72,72,0,110,-164,0,0,100,0,384,68,48,28,0,64,-112,0,0,100,0,384,172,28,28,0,73,-99,0,0,100,0,384,144,28,28,0,72,-136,0,0,100,0,192,320,64,64,0,72,-136,0,0,100,0,192,256,64,64,0,53,-138,0,0,100,0,192,512,48,48,0,0,-256,0,0,100,0,192,0,192,256,0,79,-238,0,0,100,0,0,384,64,64,0,45,-154,0,0,100,0,64,448,64,64,0,77,-123,0,0,50,0,96,512,48,48,0,65,-119,0,0,50,0,0,512,48,48,0,93,-127,0,0,50,0,0,512,48,48,0,0,-256,0,0,100,0,0,0,192,256,0,0,-256,0,0,100,0,0,1344,192,256,0,
0,23,0,-256,0,0,100,0,192,1344,192,256,0,52,-183,0,0,100,0,384,0,48,68,0,36,-167,0,1,80,0,432,184,72,72,0,52,-135,0,0,100,0,384,68,48,28,0,84,-198,0,0,100,0,384,0,48,68,0,68,-182,0,1,100,0,504,184,72,72,0,84,-150,0,0,100,0,384,68,48,28,0,110,-212,0,0,100,0,384,0,48,68,0,94,-196,0,1,70,0,504,184,72,72,0,110,-164,0,0,100,0,384,68,48,28,0,64,-112,0,0,100,0,384,172,28,28,0,73,-99,0,0,100,0,384,144,28,28,0,72,-136,0,0,100,0,256,320,64,64,0,72,-136,0,0,100,0,256,256,64,64,0,53,-138,0,0,100,0,240,512,48,48,0,0,-256,0,0,100,0,192,0,192,256,0,79,-238,0,0,100,0,0,384,64,64,0,45,-154,0,0,100,0,128,448,64,64,0,77,-123,0,0,50,0,96,512,48,48,0,65,-119,0,0,50,0,0,512,48,48,0,93,-127,0,0,50,0,0,512,48,48,0,0,-256,0,0,100,0,0,0,192,256,0,0,-256,0,0,100,0,0,1344,192,256,0,
0,23,0,-256,0,0,100,0,192,1344,192,256,0,52,-183,0,0,100,0,384,0,48,68,0,36,-167,0,1,80,0,432,184,72,72,0,52,-135,0,0,100,0,384,68,48,28,0,84,-198,0,0,100,0,384,0,48,68,0,68,-182,0,1,100,0,504,184,72,72,0,84,-150,0,0,100,0,384,68,48,28,0,110,-212,0,0,100,0,384,0,48,68,0,94,-196,0,1,75,0,504,184,72,72,0,110,-164,0,0,100,0,384,68,48,28,0,64,-112,0,0,100,0,384,172,28,28,0,73,-99,0,0,100,0,384,144,28,28,0,72,-136,0,0,100,0,320,320,64,64,0,72,-136,0,0,100,0,320,256,64,64,0,53,-138,0,0,100,0,240,512,48,48,0,0,-256,0,0,100,0,192,0,192,256,0,79,-238,0,0,100,0,0,384,64,64,0,45,-154,0,0,100,0,128,448,64,64,0,77,-123,0,0,50,0,96,512,48,48,0,65,-119,0,0,50,0,0,512,48,48,0,93,-127,0,0,50,0,0,512,48,48,0,0,-256,0,0,100,0,0,0,192,256,0,0,-256,0,0,100,0,0,1344,192,256,0,
0,23,0,-256,0,0,100,0,192,1344,192,256,0,52,-183,0,0,100,0,384,0,48,68,0,36,-167,0,1,85,0,432,184,72,72,0,52,-135,0,0,100,0,384,68,48,28,0,84,-198,0,0,100,0,384,0,48,68,0,68,-182,0,1,100,0,504,184,72,72,0,84,-150,0,0,100,0,384,68,48,28,0,110,-212,0,0,100,0,384,0,48,68,0,94,-196,0,1,75,0,432,184,72,72,0,110,-164,0,0,100,0,384,68,48,28,0,64,-112,0,0,100,0,384,172,28,28,0,73,-99,0,0,100,0,384,144,28,28,0,72,-136,0,0,100,0,128,256,64,64,0,72,-136,0,0,100,0,64,320,64,64,0,53,-138,0,0,100,0,288,512,48,48,0,0,-256,0,0,100,0,192,0,192,256,0,79,-238,0,0,100,0,0,384,64,64,0,45,-154,0,0,100,0,192,448,64,64,0,77,-123,0,0,50,0,96,512,48,48,0,65,-119,0,0,50,0,0,512,48,48,0,94,-127,0,0,50,0,0,512,48,48,0,0,-256,0,0,100,0,0,0,192,256,0,0,-256,0,0,100,0,0,1344,192,256,0,
0,23,0,-256,0,0,100,0,192,1344,192,256,0,52,-183,0,0,100,0,384,0,48,68,0,36,-167,0,1,90,0,432,184,72,72,0,52,-135,0,0,100,0,384,68,48,28,0,84,-198,0,0,100,0,384,0,48,68,0,68,-182,0,1,95,0,432,184,72,72,0,84,-150,0,0,100,0,384,68,48,28,0,110,-212,0,0,100,0,384,0,48,68,0,94,-196,0,1,70,0,432,184,72,72,0,110,-164,0,0,100,0,384,68,48,28,0,64,-112,0,0,100,0,384,172,28,28,0,73,-99,0,0,100,0,384,144,28,28,0,72,-136,0,0,100,0,128,256,64,64,0,72,-136,0,0,100,0,384,256,64,64,0,53,-138,0,0,100,0,288,512,48,48,0,0,-256,0,0,100,0,192,0,192,256,0,79,-238,0,0,100,0,64,384,64,64,0,45,-154,0,0,100,0,192,448,64,64,0,77,-123,0,0,50,0,96,512,48,48,0,65,-119,0,0,50,0,0,512,48,48,0,94,-127,0,0,50,0,0,512,48,48,0,0,-256,0,0,100,0,0,0,192,256,0,0,-256,0,0,100,0,0,1344,192,256,0,
0,22,0,-256,0,0,100,0,192,1344,192,256,0,52,-183,0,0,100,0,384,0,48,68,0,36,-167,0,1,95,0,504,184,72,72,0,52,-135,0,0,100,0,384,68,48,28,0,84,-198,0,0,100,0,384,0,48,68,0,68,-182,0,1,90,0,432,184,72,72,0,84,-150,0,0,100,0,384,68,48,28,0,110,-212,0,0,100,0,384,0,48,68,0,94,-196,0,1,65,0,504,184,72,72,0,110,-164,0,0,100,0,384,68,48,28,0,64,-112,0,0,100,0,384,172,28,28,0,73,-99,0,0,100,0,384,144,28,28,0,72,-136,0,0,100,0,128,256,64,64,0,72,-136,0,0,100,0,448,256,64,64,0,0,-256,0,0,100,0,192,0,192,256,0,79,-238,0,0,100,0,64,384,64,64,0,45,-154,0,0,100,0,256,448,64,64,0,77,-123,0,0,50,0,96,512,48,48,0,65,-119,0,0,50,0,0,512,48,48,0,94,-127,0,0,50,0,0,512,48,48,0,0,-256,0,0,100,0,0,0,192,256,0,0,-256,0,0,100,0,0,1344,192,256,0,
0,22,0,-256,0,0,100,0,192,1344,192,256,0,52,-183,0,0,100,0,384,0,48,68,0,36,-167,0,1,100,0,504,184,72,72,0,52,-135,0,0,100,0,384,68,48,28,0,84,-198,0,0,100,0,384,0,48,68,0,68,-182,0,1,85,0,432,184,72,72,0,84,-150,0,0,100,0,384,68,48,28,0,110,-212,0,0,100,0,384,0,48,68,0,94,-196,0,1,65,0,504,184,72,72,0,110,-164,0,0,100,0,384,68,48,28,0,64,-112,0,0,100,0,384,172,28,28,0,73,-99,0,0,100,0,384,144,28,28,0,72,-136,0,0,100,0,128,256,64,64,0,72,-136,0,0,100,0,512,256,64,64,0,0,-256,0,0,100,0,192,0,192,256,0,79,-238,0,0,100,0,128,384,64,64,0,45,-154,0,0,100,0,256,448,64,64,0,77,-123,0,0,50,0,96,512,48,48,0,65,-119,0,0,50,0,0,512,48,48,0,94,-127,0,0,50,0,0,512,48,48,0,0,-256,0,0,100,0,0,0,192,256,0,0,-256,0,0,100,0,0,1344,192,256,0,
0,22,0,-256,0,0,100,0,192,1344,192,256,0,52,-183,0,0,100,0,384,0,48,68,0,36,-167,0,1,100,0,504,184,72,72,0,52,-135,0,0,100,0,384,68,48,28,0,84,-198,0,0,100,0,384,0,48,68,0,68,-182,0,1,80,0,504,184,72,72,0,84,-150,0,0,100,0,384,68,48,28,0,110,-212,0,0,100,0,384,0,48,68,0,94,-196,0,1,70,0,432,184,72,72,0,110,-164,0,0,100,0,384,68,48,28,0,64,-112,0,0,100,0,384,172,28,28,0,73,-99,0,0,100,0,384,144,28,28,0,72,-136,0,0,100,0,128,256,64,64,0,72,-136,0,0,100,0,576,256,64,64,0,0,-256,0,0,100,0,192,0,192,256,0,79,-238,0,0,100,0,64,384,64,64,0,45,-154,0,0,100,0,256,448,64,64,0,77,-123,0,0,50,0,96,512,48,48,0,65,-119,0,0,50,0,0,512,48,48,0,94,-127,0,0,50,0,0,512,48,48,0,0,-256,0,0,100,0,0,0,192,256,0,0,-256,0,0,100,0,0,1344,192,256,0,
0,22,0,-256,0,0,100,0,192,1344,192,256,0,52,-183,0,0,100,0,384,0,48,68,0,36,-167,0,1,95,0,504,184,72,72,0,52,-135,0,0,100,0,384,68,48,28,0,84,-198,0,0,100,0,384,0,48,68,0,68,-182,0,1,75,0,504,184,72,72,0,84,-150,0,0,100,0,384,68,48,28,0,110,-212,0,0,100,0,384,0,48,68,0,94,-196,0,1,75,0,432,184,72,72,0,110,-164,0,0,100,0,384,68,48,28,0,64,-112,0,0,100,0,384,172,28,28,0,73,-99,0,0,100,0,384,144,28,28,0,72,-136,0,0,100,0,128,256,64,64,0,72,-136,0,0,100,0,384,256,64,64,0,0,-256,0,0,100,0,192,0,192,256,0,79,-238,0,0,100,0,64,384,64,64,0,45,-154,0,0,100,0,256,448,64,64,0,77,-123,0,0,50,0,96,512,48,48,0,65,-119,0,0,50,0,0,512,48,48,0,94,-127,0,0,50,0,0,512,48,48,0,0,-256,0,0,100,0,0,0,192,256,0,0,-256,0,0,100,0,0,1344,192,256,0,
0,22,0,-256,0,0,100,0,192,1344,192,256,0,52,-183,0,0,100,0,384,0,48,68,0,36,-167,0,1,90,0,504,184,72,72,0,52,-135,0,0,100,0,384,68,48,28,0,84,-198,0,0,100,0,384,0,48,68,0,68,-182,0,1,75,0,504,184,72,72,0,84,-150,0,0,100,0,384,68,48,28,0,110,-212,0,0,100,0,384,0,48,68,0,94,-196,0,1,80,0,504,184,72,72,0,110,-164,0,0,100,0,384,68,48,28,0,64,-112,0,0,100,0,384,172,28,28,0,73,-99,0,0,100,0,384,144,28,28,0,72,-136,0,0,100,0,128,256,64,64,0,72,-136,0,0,100,0,448,256,64,64,0,0,-256,0,0,100,0,192,0,192,256,0,79,-238,0,0,100,0,64,384,64,64,0,45,-154,0,0,100,0,256,448,64,64,0,77,-123,0,0,50,0,96,512,48,48,0,65,-119,0,0,50,0,0,512,48,48,0,94,-127,0,0,50,0,0,512,48,48,0,0,-256,0,0,100,0,0,0,192,256,0,0,-256,0,0,100,0,0,1344,192,256,0,
0,22,0,-256,0,0,100,0,192,1344,192,256,0,52,-183,0,0,100,0,384,0,48,68,0,36,-167,0,1,85,0,504,184,72,72,0,52,-135,0,0,100,0,384,68,48,28,0,84,-198,0,0,100,0,384,0,48,68,0,68,-182,0,1,75,0,432,184,72,72,0,84,-150,0,0,100,0,384,68,48,28,0,110,-212,0,0,100,0,384,0,48,68,0,94,-196,0,1,85,0,504,184,72,72,0,110,-164,0,0,100,0,384,68,48,28,0,64,-112,0,0,100,0,384,172,28,28,0,73,-99,0,0,100,0,384,144,28,28,0,72,-136,0,0,100,0,128,256,64,64,0,72,-136,0,0,100,0,512,256,64,64,0,0,-256,0,0,100,0,192,0,192,256,0,79,-238,0,0,100,0,64,384,64,64,0,45,-154,0,0,100,0,256,448,64,64,0,77,-123,0,0,50,0,96,512,48,48,0,65,-119,0,0,50,0,0,512,48,48,0,94,-127,0,0,50,0,0,512,48,48,0,0,-256,0,0,100,0,0,0,192,256,0,0,-256,0,0,100,0,0,1344,192,256,0,
0,22,0,-256,0,0,100,0,192,1344,192,256,0,52,-183,0,0,100,0,384,0,48,68,0,36,-167,0,1,85,0,432,184,72,72,0,52,-135,0,0,100,0,384,68,48,28,0,84,-198,0,0,100,0,384,0,48,68,0,68,-182,0,1,80,0,432,184,72,72,0,84,-150,0,0,100,0,384,68,48,28,0,110,-212,0,0,100,0,384,0,48,68,0,94,-196,0,1,85,0,432,184,72,72,0,110,-164,0,0,100,0,384,68,48,28,0,64,-112,0,0,100,0,384,172,28,28,0,73,-99,0,0,100,0,384,144,28,28,0,72,-136,0,0,100,0,128,256,64,64,0,72,-136,0,0,100,0,576,256,64,64,0,0,-256,0,0,100,0,192,0,192,256,0,79,-238,0,0,100,0,64,384,64,64,0,45,-154,0,0,100,0,256,448,64,64,0,77,-123,0,0,50,0,96,512,48,48,0,65,-119,0,0,50,0,0,512,48,48,0,94,-127,0,0,50,0,0,512,48,48,0,0,-256,0,0,100,0,0,0,192,256,0,0,-256,0,0,100,0,0,1344,192,256,0,
0,22,0,-256,0,0,100,0,192,1344,192,256,0,52,-183,0,0,100,0,384,0,48,68,0,36,-167,0,1,90,0,432,184,72,72,0,52,-135,0,0,100,0,384,68,48,28,0,84,-198,0,0,100,0,384,0,48,68,0,68,-182,0,1,85,0,432,184,72,72,0,84,-150,0,0,100,0,384,68,48,28,0,110,-212,0,0,100,0,384,0,48,68,0,94,-196,0,1,80,0,432,184,72,72,0,110,-164,0,0,100,0,384,68,48,28,0,64,-112,0,0,100,0,384,172,28,28,0,73,-99,0,0,100,0,384,144,28,28,0,72,-136,0,0,100,0,128,256,64,64,0,72,-136,0,0,100,0,384,256,64,64,0,0,-256,0,0,100,0,192,0,192,256,0,79,-238,0,0,100,0,64,384,64,64,0,45,-154,0,0,100,0,256,448,64,64,0,77,-123,0,0,50,0,96,512,48,48,0,65,-119,0,0,50,0,0,512,48,48,0,94,-127,0,0,50,0,0,512,48,48,0,0,-256,0,0,100,0,0,0,192,256,0,0,-256,0,0,100,0,0,1344,192,256,0,
0,22,0,-256,0,0,100,0,192,1344,192,256,0,52,-183,0,0,100,0,384,0,48,68,0,36,-167,0,1,95,0,432,184,72,72,0,52,-135,0,0,100,0,384,68,48,28,0,84,-198,0,0,100,0,384,0,48,68,0,68,-182,0,1,90,0,504,184,72,72,0,84,-150,0,0,100,0,384,68,48,28,0,110,-212,0,0,100,0,384,0,48,68,0,94,-196,0,1,75,0,504,184,72,72,0,110,-164,0,0,100,0,384,68,48,28,0,64,-112,0,0,100,0,384,172,28,28,0,73,-99,0,0,100,0,384,144,28,28,0,72,-136,0,0,100,0,128,256,64,64,0,72,-136,0,0,100,0,448,256,64,64,0,0,-256,0,0,100,0,192,0,192,256,0,79,-238,0,0,100,0,64,384,64,64,0,45,-154,0,0,100,0,256,448,64,64,0,77,-123,0,0,50,0,96,512,48,48,0,65,-119,0,0,50,0,0,512,48,48,0,94,-127,0,0,50,0,0,512,48,48,0,0,-256,0,0,100,0,0,0,192,256,0,0,-256,0,0,100,0,0,1344,192,256,0,
0,23,0,-256,0,0,100,0,192,1344,192,256,0,52,-183,0,0,100,0,384,0,48,68,0,36,-167,0,1,100,0,432,184,72,72,0,52,-135,0,0,100,0,384,68,48,28,0,84,-198,0,0,100,0,384,0,48,68,0,68,-182,0,1,95,0,504,184,72,72,0,84,-150,0,0,100,0,384,68,48,28,0,110,-212,0,0,100,0,384,0,48,68,0,94,-196,0,1,70,0,504,184,72,72,0,110,-164,0,0,100,0,384,68,48,28,0,64,-112,0,0,100,0,384,172,28,28,0,73,-99,0,0,100,0,384,144,28,28,0,72,-136,0,0,100,0,128,256,64,64,0,72,-136,0,0,100,0,512,256,64,64,0,53,-138,0,0,100,0,144,512,48,48,0,0,-256,0,0,100,0,192,0,192,256,0,79,-238,0,0,100,0,64,384,64,64,0,45,-154,0,0,100,0,0,448,64,64,0,77,-123,0,0,50,0,96,512,48,48,0,65,-119,0,0,50,0,0,512,48,48,0,94,-127,0,0,50,0,0,512,48,48,0,0,-256,0,0,100,0,0,0,192,256,0,0,-256,0,0,100,0,0,1344,192,256,0,
0,23,0,-256,0,0,100,0,192,1344,192,256,0,52,-183,0,0,100,0,384,0,48,68,0,36,-167,0,1,100,0,504,184,72,72,0,52,-135,0,0,100,0,384,68,48,28,0,84,-198,0,0,100,0,384,0,48,68,0,68,-182,0,1,100,0,504,184,72,72,0,84,-150,0,0,100,0,384,68,48,28,0,110,-212,0,0,100,0,384,0,48,68,0,94,-196,0,1,65,0,432,184,72,72,0,110,-164,0,0,100,0,384,68,48,28,0,64,-112,0,0,100,0,384,172,28,28,0,73,-99,0,0,100,0,384,144,28,28,0,72,-136,0,0,100,0,128,256,64,64,0,72,-136,0,0,100,0,576,256,64,64,0,53,-138,0,0,100,0,144,512,48,48,0,0,-256,0,0,100,0,192,0,192,256,0,79,-238,0,0,100,0,640,384,64,64,0,45,-154,0,0,100,0,0,448,64,64,0,77,-123,0,0,50,0,96,512,48,48,0,65,-119,0,0,50,0,0,512,48,48,0,94,-127,0,0,50,0,0,512,48,48,0,0,-256,0,0,100,0,0,0,192,256,0,0,-256,0,0,100,0,0,1344,192,256,0,
0,23,0,-256,0,0,100,0,192,1344,192,256,0,52,-183,0,0,100,0,384,0,48,68,0,36,-167,0,1,95,0,504,184,72,72,0,52,-135,0,0,100,0,384,68,48,28,0,84,-198,0,0,100,0,384,0,48,68,0,68,-182,0,1,100,0,432,184,72,72,0,84,-150,0,0,100,0,384,68,48,28,0,110,-212,0,0,100,0,384,0,48,68,0,94,-196,0,1,65,0,432,184,72,72,0,110,-164,0,0,100,0,384,68,48,28,0,64,-112,0,0,100,0,384,172,28,28,0,73,-99,0,0,100,0,384,144,28,28,0,72,-136,0,0,100,0,128,256,64,64,0,72,-136,0,0,100,0,640,256,64,64,0,53,-138,0,0,100,0,144,512,48,48,0,0,-256,0,0,100,0,192,0,192,256,0,79,-238,0,0,100,0,0,384,64,64,0,45,-154,0,0,100,0,0,448,64,64,0,77,-123,0,0,50,0,96,512,48,48,0,65,-119,0,0,50,0,0,512,48,48,0,94,-127,0,0,50,0,0,512,48,48,0,0,-256,0,0,100,0,0,0,192,256,0,0,-256,0,0,100,0,0,1344,192,256,0,
0,23,0,-256,0,0,100,0,192,1344,192,256,0,52,-183,0,0,100,0,384,0,48,68,0,36,-167,0,1,90,0,504,184,72,72,0,52,-135,0,0,100,0,384,68,48,28,0,84,-198,0,0,100,0,384,0,48,68,0,68,-182,0,1,100,0,432,184,72,72,0,84,-150,0,0,100,0,384,68,48,28,0,110,-212,0,0,100,0,384,0,48,68,0,94,-196,0,1,70,0,504,184,72,72,0,110,-164,0,0,100,0,384,68,48,28,0,64,-112,0,0,100,0,384,172,28,28,0,73,-99,0,0,100,0,384,144,28,28,0,72,-136,0,0,100,0,128,256,64,64,0,72,-136,0,0,100,0,384,320,64,64,0,53,-138,0,0,100,0,144,512,48,48,0,0,-256,0,0,100,0,192,0,192,256,0,79,-238,0,0,100,0,0,384,64,64,0,45,-154,0,0,100,0,0,448,64,64,0,77,-123,0,0,50,0,96,512,48,48,0,65,-119,0,0,50,0,0,512,48,48,0,94,-127,0,0,50,0,0,512,48,48,0,0,-256,0,0,100,0,0,0,192,256,0,0,-256,0,0,100,0,0,1344,192,256,0,
0,24,0,-256,0,0,100,0,192,1344,192,256,0,96,-156,0,0,80,0,384,448,48,48,0,52,-183,0,0,100,0,384,0,48,68,0,36,-167,0,1,85,0,504,184,72,72,0,52,-135,0,0,100,0,384,68,48,28,0,84,-198,0,0,100,0,384,0,48,68,0,68,-182,0,1,95,0,432,184,72,72,0,84,-150,0,0,100,0,384,68,48,28,0,110,-212,0,0,100,0,384,0,48,68,0,94,-196,0,1,75,0,504,184,72,72,0,110,-164,0,0,100,0,384,68,48,28,0,64,-112,0,0,100,0,384,172,28,28,0,73,-99,0,0,100,0,384,144,28,28,0,72,-136,0,0,100,0,128,256,64,64,0,72,-136,0,0,100,0,448,320,64,64,0,53,-138,0,0,100,0,144,512,48,48,0,0,-256,0,0,100,0,192,0,192,256,0,79,-238,0,0,100,0,0,384,64,64,0,45,-154,0,0,100,0,0,448,64,64,0,77,-123,0,0,50,0,96,512,48,48,0,65,-119,0,0,50,0,0,512,48,48,0,94,-127,0,0,50,0,0,512,48,48,0,0,-256,0,0,100,0,0,0,192,256,0,0,-256,0,0,100,0,0,1344,192,256,0,
0,24,0,-256,0,0,100,0,192,1344,192,256,0,96,-156,0,0,80,0,432,448,48,48,0,52,-183,0,0,100,0,384,0,48,68,0,36,-167,0,1,80,0,432,184,72,72,0,52,-135,0,0,100,0,384,68,48,28,0,84,-198,0,0,100,0,384,0,48,68,0,68,-182,0,1,90,0,504,184,72,72,0,84,-150,0,0,100,0,384,68,48,28,0,110,-212,0,0,100,0,384,0,48,68,0,94,-196,0,1,80,0,432,184,72,72,0,110,-164,0,0,100,0,384,68,48,28,0,64,-112,0,0,100,0,384,172,28,28,0,73,-99,0,0,100,0,384,144,28,28,0,72,-136,0,0,100,0,128,256,64,64,0,72,-136,0,0,100,0,512,320,64,64,0,53,-138,0,0,100,0,192,512,48,48,0,0,-256,0,0,100,0,192,0,192,256,0,79,-238,0,0,100,0,0,384,64,64,0,45,-154,0,0,100,0,64,448,64,64,0,77,-123,0,0,50,0,96,512,48,48,0,65,-119,0,0,50,0,0,512,48,48,0,94,-127,0,0,50,0,0,512,48,48,0,0,-256,0,0,100,0,0,0,192,256,0,0,-256,0,0,100,0,0,1344,192,256,0,
0,24,0,-256,0,0,100,0,192,1344,192,256,0,96,-156,0,0,100,0,480,448,48,48,0,52,-183,0,0,100,0,384,0,48,68,0,36,-167,0,1,80,0,432,184,72,72,0,52,-135,0,0,100,0,384,68,48,28,0,84,-198,0,0,100,0,384,0,48,68,0,68,-182,0,1,85,0,504,184,72,72,0,84,-150,0,0,100,0,384,68,48,28,0,110,-212,0,0,100,0,384,0,48,68,0,94,-196,0,1,85,0,432,184,72,72,0,110,-164,0,0,100,0,384,68,48,28,0,64,-112,0,0,100,0,384,172,28,28,0,73,-99,0,0,100,0,384,144,28,28,0,72,-136,0,0,100,0,128,256,64,64,0,72,-136,0,0,100,0,576,320,64,64,0,53,-138,0,0,100,0,192,512,48,48,0,0,-256,0,0,100,0,192,0,192,256,0,79,-238,0,0,100,0,0,384,64,64,0,45,-154,0,0,100,0,64,448,64,64,0,77,-123,0,0,50,0,96,512,48,48,0,65,-119,0,0,50,0,0,512,48,48,0,94,-127,0,0,50,0,0,512,48,48,0,0,-256,0,0,100,0,0,0,192,256,0,0,-256,0,0,100,0,0,1344,192,256,0,
0,24,0,-256,0,0,100,0,192,1344,192,256,0,96,-156,0,0,100,0,528,448,48,48,0,52,-183,0,0,100,0,384,0,48,68,0,36,-167,0,1,85,0,432,184,72,72,0,52,-135,0,0,100,0,384,68,48,28,0,84,-198,0,0,100,0,384,0,48,68,0,68,-182,0,1,80,0,504,184,72,72,0,84,-150,0,0,100,0,384,68,48,28,0,110,-212,0,0,100,0,384,0,48,68,0,94,-196,0,1,80,0,504,184,72,72,0,110,-164,0,0,100,0,384,68,48,28,0,64,-112,0,0,100,0,384,172,28,28,0,73,-99,0,0,100,0,384,144,28,28,0,72,-136,0,0,100,0,128,256,64,64,0,72,-136,0,0,100,0,384,320,64,64,0,53,-138,0,0,100,0,240,512,48,48,0,0,-256,0,0,100,0,192,0,192,256,0,79,-238,0,0,100,0,0,384,64,64,0,45,-154,0,0,100,0,128,448,64,64,0,77,-123,0,0,50,0,96,512,48,48,0,65,-119,0,0,50,0,0,512,48,48,0,94,-127,0,0,50,0,0,512,48,48,0,0,-256,0,0,100,0,0,0,192,256,0,0,-256,0,0,100,0,0,1344,192,256,0,
0,24,0,-256,0,0,100,0,192,1344,192,256,0,96,-156,0,0,100,0,576,448,48,48,0,52,-183,0,0,100,0,384,0,48,68,0,36,-167,0,1,90,0,432,184,72,72,0,52,-135,0,0,100,0,384,68,48,28,0,84,-198,0,0,100,0,384,0,48,68,0,68,-182,0,1,75,0,432,184,72,72,0,84,-150,0,0,100,0,384,68,48,28,0,110,-212,0,0,100,0,384,0,48,68,0,94,-196,0,1,75,0,504,184,72,72,0,110,-164,0,0,100,0,384,68,48,28,0,64,-112,0,0,100,0,384,172,28,28,0,73,-99,0,0,100,0,384,144,28,28,0,72,-136,0,0,100,0,128,256,64,64,0,72,-136,0,0,100,0,448,320,64,64,0,53,-138,0,0,100,0,240,512,48,48,0,0,-256,0,0,100,0,192,0,192,256,0,79,-238,0,0,100,0,0,384,64,64,0,45,-154,0,0,100,0,128,448,64,64,0,77,-123,0,0,50,0,96,512,48,48,0,65,-119,0,0,50,0,0,512,48,48,0,94,-127,0,0,50,0,0,512,48,48,0,0,-256,0,0,100,0,0,0,192,256,0,0,-256,0,0,100,0,0,1344,192,256,0,
0,24,0,-256,0,0,100,0,192,1344,192,256,0,96,-156,0,0,100,0,528,448,48,48,0,52,-183,0,0,100,0,384,0,48,68,0,36,-167,0,1,95,0,432,184,72,72,0,52,-135,0,0,100,0,384,68,48,28,0,84,-198,0,0,100,0,384,0,48,68,0,68,-182,0,1,75,0,432,184,72,72,0,84,-150,0,0,100,0,384,68,48,28,0,110,-212,0,0,100,0,384,0,48,68,0,94,-196,0,1,70,0,432,184,72,72,0,110,-164,0,0,100,0,384,68,48,28,0,64,-112,0,0,100,0,384,172,28,28,0,73,-99,0,0,100,0,384,144,28,28,0,72,-136,0,0,100,0,128,256,64,64,0,72,-136,0,0,100,0,512,320,64,64,0,53,-138,0,0,100,0,288,512,48,48,0,0,-256,0,0,100,0,192,0,192,256,0,79,-238,0,0,100,0,0,384,64,64,0,45,-154,0,0,100,0,192,448,64,64,0,77,-123,0,0,50,0,96,512,48,48,0,65,-119,0,0,50,0,0,512,48,48,0,94,-127,0,0,50,0,0,512,48,48,0,0,-256,0,0,100,0,0,0,192,256,0,0,-256,0,0,100,0,0,1344,192,256,0,
0,24,0,-256,0,0,100,0,192,1344,192,256,0,96,-156,0,0,100,0,576,448,48,48,0,52,-183,0,0,100,0,384,0,48,68,0,36,-167,0,1,100,0,432,184,72,72,0,52,-135,0,0,100,0,384,68,48,28,0,84,-198,0,0,100,0,384,0,48,68,0,68,-182,0,1,75,0,432,184,72,72,0,84,-150,0,0,100,0,384,68,48,28,0,110,-212,0,0,100,0,384,0,48,68,0,94,-196,0,1,65,0,432,184,72,72,0,110,-164,0,0,100,0,384,68,48,28,0,64,-112,0,0,100,0,384,172,28,28,0,73,-99,0,0,100,0,384,144,28,28,0,72,-136,0,0,100,0,128,256,64,64,0,72,-136,0,0,100,0,576,320,64,64,0,53,-138,0,0,100,0,288,512,48,48,0,0,-256,0,0,100,0,192,0,192,256,0,79,-238,0,0,100,0,0,384,64,64,0,45,-154,0,0,100,0,192,448,64,64,0,77,-123,0,0,50,0,96,512,48,48,0,65,-119,0,0,50,0,0,512,48,48,0,94,-127,0,0,50,0,0,512,48,48,0,0,-256,0,0,100,0,0,0,192,256,0,0,-256,0,0,100,0,0,1344,192,256,0,
0,24,0,-256,0,0,100,0,192,1344,192,256,0,96,-156,0,0,100,0,528,448,48,48,0,52,-183,0,0,100,0,384,0,48,68,0,36,-167,0,1,100,0,504,184,72,72,0,52,-135,0,0,100,0,384,68,48,28,0,84,-198,0,0,100,0,384,0,48,68,0,68,-182,0,1,80,0,504,184,72,72,0,84,-150,0,0,100,0,384,68,48,28,0,110,-212,0,0,100,0,384,0,48,68,0,94,-196,0,1,65,0,504,184,72,72,0,110,-164,0,0,100,0,384,68,48,28,0,64,-112,0,0,100,0,384,172,28,28,0,73,-99,0,0,100,0,384,144,28,28,0,72,-136,0,0,100,0,128,256,64,64,0,72,-136,0,0,100,0,384,320,64,64,0,53,-138,0,0,100,0,144,512,48,48,0,0,-256,0,0,100,0,192,0,192,256,0,79,-238,0,0,100,0,0,384,64,64,0,45,-154,0,0,100,0,0,448,64,64,0,77,-123,0,0,50,0,96,512,48,48,0,65,-119,0,0,50,0,0,512,48,48,0,94,-127,0,0,50,0,0,512,48,48,0,0,-256,0,0,100,0,0,0,192,256,0,0,-256,0,0,100,0,0,1344,192,256,0,
0,24,0,-256,0,0,100,0,192,1344,192,256,0,96,-156,0,0,100,0,576,448,48,48,0,52,-183,0,0,100,0,384,0,48,68,0,36,-167,0,1,95,0,504,184,72,72,0,52,-135,0,0,100,0,384,68,48,28,0,84,-198,0,0,100,0,384,0,48,68,0,68,-182,0,1,85,0,504,184,72,72,0,84,-150,0,0,100,0,384,68,48,28,0,110,-212,0,0,100,0,384,0,48,68,0,94,-196,0,1,65,0,504,184,72,72,0,110,-164,0,0,100,0,384,68,48,28,0,64,-112,0,0,100,0,384,172,28,28,0,73,-99,0,0,100,0,384,144,28,28,0,72,-136,0,0,100,0,128,256,64,64,0,72,-136,0,0,100,0,448,320,64,64,0,53,-138,0,0,100,0,144,512,48,48,0,0,-256,0,0,100,0,192,0,192,256,0,79,-238,0,0,100,0,0,384,64,64,0,45,-154,0,0,100,0,0,448,64,64,0,77,-123,0,0,50,0,96,512,48,48,0,65,-119,0,0,50,0,0,512,48,48,0,94,-127,0,0,50,0,0,512,48,48,0,0,-256,0,0,100,0,0,0,192,256,0,0,-256,0,0,100,0,0,1344,192,256,0,
0,24,0,-256,0,0,100,0,192,1344,192,256,0,96,-156,0,0,100,0,528,448,48,48,0,52,-183,0,0,100,0,384,0,48,68,0,36,-167,0,1,90,0,432,184,72,72,0,52,-135,0,0,100,0,384,68,48,28,0,84,-198,0,0,100,0,384,0,48,68,0,68,-182,0,1,90,0,504,184,72,72,0,84,-150,0,0,100,0,384,68,48,28,0,110,-212,0,0,100,0,384,0,48,68,0,94,-196,0,1,70,0,432,184,72,72,0,110,-164,0,0,100,0,384,68,48,28,0,64,-112,0,0,100,0,384,172,28,28,0,73,-99,0,0,100,0,384,144,28,28,0,72,-136,0,0,100,0,128,256,64,64,0,72,-136,0,0,100,0,512,320,64,64,0,53,-138,0,0,100,0,192,512,48,48,0,0,-256,0,0,100,0,192,0,192,256,0,79,-238,0,0,100,0,0,384,64,64,0,45,-154,0,0,100,0,64,448,64,64,0,77,-123,0,0,50,0,96,512,48,48,0,65,-119,0,0,50,0,0,512,48,48,0,94,-127,0,0,50,0,0,512,48,48,0,0,-256,0,0,100,0,0,0,192,256,0,0,-256,0,0,100,0,0,1344,192,256,0,
0,24,0,-256,0,0,100,0,192,1344,192,256,0,96,-156,0,0,100,0,576,448,48,48,0,52,-183,0,0,100,0,384,0,48,68,0,36,-167,0,1,85,0,432,184,72,72,0,52,-135,0,0,100,0,384,68,48,28,0,84,-198,0,0,100,0,384,0,48,68,0,68,-182,0,1,95,0,432,184,72,72,0,84,-150,0,0,100,0,384,68,48,28,0,110,-212,0,0,100,0,384,0,48,68,0,94,-196,0,1,75,0,432,184,72,72,0,110,-164,0,0,100,0,384,68,48,28,0,64,-112,0,0,100,0,384,172,28,28,0,73,-99,0,0,100,0,384,144,28,28,0,72,-136,0,0,100,0,128,256,64,64,0,72,-136,0,0,100,0,576,320,64,64,0,53,-138,0,0,100,0,192,512,48,48,0,0,-256,0,0,100,0,192,0,192,256,0,79,-238,0,0,100,0,0,384,64,64,0,45,-154,0,0,100,0,64,448,64,64,0,77,-123,0,0,50,0,96,512,48,48,0,65,-119,0,0,50,0,0,512,48,48,0,94,-127,0,0,50,0,0,512,48,48,0,0,-256,0,0,100,0,0,0,192,256,0,0,-256,0,0,100,0,0,1344,192,256,0,
0,24,0,-256,0,0,100,0,192,1344,192,256,0,96,-156,0,0,100,0,528,448,48,48,0,52,-183,0,0,100,0,384,0,48,68,0,36,-167,0,1,85,0,432,184,72,72,0,52,-135,0,0,100,0,384,68,48,28,0,84,-198,0,0,100,0,384,0,48,68,0,68,-182,0,1,100,0,432,184,72,72,0,84,-150,0,0,100,0,384,68,48,28,0,110,-212,0,0,100,0,384,0,48,68,0,94,-196,0,1,80,0,504,184,72,72,0,110,-164,0,0,100,0,384,68,48,28,0,64,-112,0,0,100,0,384,172,28,28,0,73,-99,0,0,100,0,384,144,28,28,0,72,-136,0,0,100,0,128,256,64,64,0,72,-136,0,0,100,0,384,320,64,64,0,53,-138,0,0,100,0,240,512,48,48,0,0,-256,0,0,100,0,192,0,192,256,0,79,-238,0,0,100,0,0,384,64,64,0,45,-154,0,0,100,0,128,448,64,64,0,77,-123,0,0,50,0,96,512,48,48,0,65,-119,0,0,50,0,0,512,48,48,0,94,-127,0,0,50,0,0,512,48,48,0,0,-256,0,0,100,0,0,0,192,256,0,0,-256,0,0,100,0,0,1344,192,256,0,
0,24,0,-256,0,0,100,0,192,1344,192,256,0,96,-156,0,0,50,0,576,448,48,48,0,52,-183,0,0,100,0,384,0,48,68,0,36,-167,0,1,90,0,432,184,72,72,0,52,-135,0,0,100,0,384,68,48,28,0,84,-198,0,0,100,0,384,0,48,68,0,68,-182,0,1,95,0,432,184,72,72,0,84,-150,0,0,100,0,384,68,48,28,0,110,-212,0,0,100,0,384,0,48,68,0,94,-196,0,1,85,0,504,184,72,72,0,110,-164,0,0,100,0,384,68,48,28,0,64,-112,0,0,100,0,384,172,28,28,0,73,-99,0,0,100,0,384,144,28,28,0,72,-136,0,0,100,0,128,256,64,64,0,72,-136,0,0,100,0,448,320,64,64,0,53,-138,0,0,100,0,240,512,48,48,0,0,-256,0,0,100,0,192,0,192,256,0,79,-238,0,0,100,0,0,384,64,64,0,45,-154,0,0,100,0,128,448,64,64,0,77,-123,0,0,50,0,96,512,48,48,0,65,-119,0,0,50,0,0,512,48,48,0,94,-127,0,0,50,0,0,512,48,48,0,0,-256,0,0,100,0,0,0,192,256,0,0,-256,0,0,100,0,0,1344,192,256,0,
0,23,0,-256,0,0,100,0,192,1344,192,256,0,52,-183,0,0,100,0,384,0,48,68,0,36,-167,0,1,95,0,432,184,72,72,0,52,-135,0,0,100,0,384,68,48,28,0,84,-198,0,0,100,0,384,0,48,68,0,68,-182,0,1,90,0,504,184,72,72,0,84,-150,0,0,100,0,384,68,48,28,0,110,-212,0,0,100,0,384,0,48,68,0,94,-196,0,1,90,0,432,184,72,72,0,110,-164,0,0,100,0,384,68,48,28,0,64,-112,0,0,100,0,384,172,28,28,0,73,-99,0,0,100,0,384,144,28,28,0,72,-136,0,0,100,0,128,256,64,64,0,72,-136,0,0,100,0,512,320,64,64,0,53,-138,0,0,100,0,288,512,48,48,0,0,-256,0,0,100,0,192,0,192,256,0,79,-238,0,0,100,0,0,384,64,64,0,45,-154,0,0,100,0,192,448,64,64,0,77,-123,0,0,50,0,96,512,48,48,0,65,-119,0,0,50,0,0,512,48,48,0,94,-127,0,0,50,0,0,512,48,48,0,0,-256,0,0,100,0,0,0,192,256,0,0,-256,0,0,100,0,0,1344,192,256,0,
0,23,0,-256,0,0,100,0,192,1344,192,256,0,52,-183,0,0,100,0,384,0,48,68,0,36,-167,0,1,100,0,432,184,72,72,0,52,-135,0,0,100,0,384,68,48,28,0,84,-198,0,0,100,0,384,0,48,68,0,68,-182,0,1,95,0,504,184,72,72,0,84,-150,0,0,100,0,384,68,48,28,0,110,-212,0,0,100,0,384,0,48,68,0,94,-196,0,1,95,0,432,184,72,72,0,110,-164,0,0,100,0,384,68,48,28,0,64,-112,0,0,100,0,384,172,28,28,0,73,-99,0,0,100,0,384,144,28,28,0,72,-136,0,0,100,0,128,256,64,64,0,72,-136,0,0,100,0,576,320,64,64,0,53,-138,0,0,100,0,288,512,48,48,0,0,-256,0,0,100,0,192,0,192,256,0,79,-238,0,0,100,0,0,384,64,64,0,45,-154,0,0,100,0,192,448,64,64,0,77,-123,0,0,50,0,96,512,48,48,0,65,-119,0,0,50,0,0,512,48,48,0,94,-127,0,0,50,0,0,512,48,48,0,0,-256,0,0,100,0,0,0,192,256,0,0,-256,0,0,100,0,0,1344,192,256,0,
0,0,
0,0,
