0,17,0,-256,0,0,100,0,192,256,192,256,0,74,-210,0,1,100,0,568,176,56,56,0,0,-256,0,0,25,0,576,256,192,256,0,0,-256,0,1,25,0,384,256,192,256,0,73,-128,0,0,100,0,384,192,40,40,0,30,-153,0,0,100,0,384,152,40,40,0,15,-129,0,1,100,0,424,120,88,56,0,40,-226,0,0,100,0,336,152,48,104,0,126,-219,0,0,100,0,240,152,56,96,0,120,-193,0,0,100,0,192,168,48,56,0,105,-229,0,0,100,0,296,152,40,88,0,127,-190,0,0,100,0,192,0,40,40,0,137,-169,0,0,100,0,192,152,24,16,0,22,-131,0,0,100,0,288,120,32,32,0,87,-197,0,0,100,0,192,120,32,32,0,0,-256,0,0,100,0,0,0,192,256,0,0,-256,0,0,100,0,0,256,192,256,0,
0,17,0,-256,0,0,100,0,192,256,192,256,0,74,-210,0,1,100,0,568,176,56,56,0,0,-256,0,0,25,0,576,256,192,256,0,0,-256,0,1,25,0,384,256,192,256,0,73,-128,0,0,100,0,384,192,40,40,0,30,-153,0,0,100,0,384,152,40,40,0,15,-129,0,1,100,0,424,120,88,56,0,40,-226,0,0,100,0,336,152,48,104,0,126,-219,0,0,100,0,240,152,56,96,0,120,-193,0,0,100,0,192,168,48,56,0,105,-229,0,0,100,0,296,152,40,88,0,127,-190,0,0,100,0,192,0,40,40,0,137,-169,0,0,100,0,192,152,24,16,0,22,-131,0,0,100,0,288,120,32,32,0,87,-197,0,0,100,0,192,120,32,32,0,0,-256,0,0,100,0,0,0,192,256,0,0,-256,0,0,100,0,0,256,192,256,0,
0,17,0,-256,0,0,100,0,192,256,192,256,0,74,-210,0,1,100,0,568,176,56,56,0,0,-256,0,0,25,0,576,256,192,256,0,0,-256,0,1,25,0,384,256,192,256,0,73,-128,0,0,100,0,384,192,40,40,0,30,-153,0,0,100,0,384,152,40,40,0,15,-129,0,1,100,0,424,120,88,56,0,40,-226,0,0,100,0,336,152,48,104,0,126,-219,0,0,100,0,240,152,56,96,0,120,-193,0,0,100,0,192,168,48,56,0,105,-229,0,0,100,0,296,152,40,88,0,127,-190,0,0,100,0,192,0,40,40,0,137,-169,0,0,100,0,192,152,24,16,0,22,-131,0,0,100,0,288,120,32,32,0,87,-197,0,0,100,0,192,120,32,32,0,0,-256,0,0,100,0,0,0,192,256,0,0,-256,0,0,100,0,0,256,192,256,0,
0,16,0,-256,0,0,100,0,192,256,192,256,0,74,-210,0,1,100,0,568,176,56,56,0,0,-256,0,0,25,0,576,256,192,256,0,0,-256,0,1,25,0,384,256,192,256,0,73,-128,0,0,100,0,384,192,40,40,0,30,-153,0,0,100,0,384,152,40,40,0,15,-129,0,1,100,0,424,120,88,56,0,40,-226,0,0,100,0,336,152,48,104,0,126,-219,0,0,100,0,240,152,56,96,0,120,-193,0,0,100,0,192,168,48,56,0,105,-229,0,0,100,0,296,152,40,88,0,127,-190,0,0,100,0,192,0,40,40,0,22,-131,0,0,100,0,288,120,32,32,0,87,-197,0,0,100,0,224,120,32,32,0,0,-256,0,0,100,0,0,0,192,256,0,0,-256,0,0,100,0,0,256,192,256,0,
0,16,0,-256,0,0,100,0,192,256,192,256,0,74,-210,0,1,100,0,568,176,56,56,0,0,-256,0,0,25,0,576,256,192,256,0,0,-256,0,1,25,0,384,256,192,256,0,73,-128,0,0,100,0,384,192,40,40,0,30,-153,0,0,100,0,384,152,40,40,0,15,-129,0,1,100,0,424,120,88,56,0,40,-226,0,0,100,0,336,152,48,104,0,126,-219,0,0,100,0,240,152,56,96,0,120,-193,0,0,100,0,192,168,48,56,0,105,-229,0,0,100,0,296,152,40,88,0,127,-190,0,0,100,0,192,0,40,40,0,22,-131,0,0,100,0,288,120,32,32,0,87,-197,0,0,100,0,224,120,32,32,0,0,-256,0,0,100,0,0,0,192,256,0,0,-256,0,0,100,0,0,256,192,256,0,
0,18,0,-256,0,0,100,0,192,256,192,256,0,74,-210,0,1,100,0,512,176,56,56,0,0,-256,0,0,25,0,576,256,192,256,0,0,-256,0,1,25,0,384,256,192,256,0,73,-128,0,0,100,0,384,192,40,40,0,30,-153,0,0,100,0,384,152,40,40,0,15,-129,0,1,100,0,424,120,88,56,0,40,-226,0,0,100,0,336,152,48,104,0,36,-184,0,0,30,0,232,80,40,40,0,45,-157,0,0,20,0,192,152,24,16,0,126,-219,0,0,100,0,240,152,56,96,0,120,-193,0,0,100,0,192,168,48,56,0,22,-131,0,0,100,0,320,120,32,32,0,105,-229,0,0,100,0,296,152,40,88,0,127,-190,0,0,100,0,192,0,40,40,0,87,-197,0,0,100,0,224,120,32,32,0,0,-256,0,0,100,0,0,0,192,256,0,0,-256,0,0,100,0,0,256,192,256,0,
0,18,0,-256,0,0,100,0,192,256,192,256,0,74,-210,0,1,100,0,512,176,56,56,0,0,-256,0,0,25,0,576,256,192,256,0,0,-256,0,1,25,0,384,256,192,256,0,73,-128,0,0,100,0,384,192,40,40,0,30,-153,0,0,100,0,384,152,40,40,0,15,-129,0,1,100,0,424,176,88,56,0,40,-226,0,0,100,0,336,152,48,104,0,36,-184,0,0,30,0,232,80,40,40,0,45,-157,0,0,20,0,192,152,24,16,0,126,-219,0,0,100,0,240,152,56,96,0,120,-193,0,0,100,0,192,168,48,56,0,22,-131,0,0,100,0,320,120,32,32,0,105,-229,0,0,100,0,296,152,40,88,0,127,-190,0,0,100,0,192,0,40,40,0,87,-197,0,0,100,0,256,120,32,32,0,0,-256,0,0,100,0,0,0,192,256,0,0,-256,0,0,100,0,0,256,192,256,0,
0,18,0,-256,0,0,100,0,192,256,192,256,0,74,-210,0,1,100,0,512,176,56,56,0,0,-256,0,0,25,0,576,256,192,256,0,0,-256,0,1,25,0,384,256,192,256,0,73,-128,0,0,100,0,384,192,40,40,0,30,-153,0,0,100,0,384,152,40,40,0,15,-129,0,1,100,0,424,176,88,56,0,40,-226,0,0,100,0,336,152,48,104,0,36,-184,0,0,60,0,232,80,40,40,0,45,-157,0,0,30,0,192,152,24,16,0,126,-219,0,0,100,0,240,152,56,96,0,120,-193,0,0,100,0,192,168,48,56,0,22,-131,0,0,100,0,320,120,32,32,0,105,-229,0,0,100,0,296,152,40,88,0,127,-190,0,0,100,0,192,0,40,40,0,87,-197,0,0,100,0,256,120,32,32,0,0,-256,0,0,100,0,0,0,192,256,0,0,-256,0,0,100,0,0,256,192,256,0,
0,18,0,-256,0,0,100,0,192,256,192,256,0,74,-210,0,1,100,0,600,120,56,56,0,0,-256,0,0,25,0,576,256,192,256,0,0,-256,0,1,25,0,384,256,192,256,0,73,-128,0,0,100,0,384,192,40,40,0,30,-153,0,0,100,0,384,152,40,40,0,15,-129,0,1,100,0,424,176,88,56,0,40,-226,0,0,100,0,336,152,48,104,0,36,-184,0,0,60,0,232,80,40,40,0,45,-157,0,0,30,0,192,152,24,16,0,126,-219,0,0,100,0,240,152,56,96,0,120,-193,0,0,100,0,192,168,48,56,0,22,-131,0,0,100,0,352,120,32,32,0,105,-229,0,0,100,0,296,152,40,88,0,127,-190,0,0,100,0,192,0,40,40,0,87,-197,0,0,100,0,256,120,32,32,0,0,-256,0,0,100,0,0,0,192,256,0,0,-256,0,0,100,0,0,256,192,256,0,
0,18,0,-256,0,0,100,0,192,256,192,256,0,74,-210,0,1,100,0,600,120,56,56,0,0,-256,0,0,25,0,576,256,192,256,0,0,-256,0,1,25,0,384,256,192,256,0,73,-128,0,0,100,0,384,192,40,40,0,30,-153,0,0,100,0,384,152,40,40,0,15,-129,0,1,100,0,512,120,88,56,0,40,-226,0,0,100,0,336,152,48,104,0,40,-181,0,0,100,0,192,80,40,40,0,49,-153,0,0,65,0,192,152,24,16,0,126,-219,0,0,100,0,240,152,56,96,0,120,-193,0,0,100,0,192,168,48,56,0,22,-131,0,0,100,0,352,120,32,32,0,105,-229,0,0,100,0,296,152,40,88,0,127,-190,0,0,100,0,192,0,40,40,0,87,-197,0,0,100,0,192,120,32,32,0,0,-256,0,0,100,0,0,0,192,256,0,0,-256,0,0,100,0,0,256,192,256,0,
0,18,0,-256,0,0,100,0,192,256,192,256,0,74,-210,0,1,100,0,600,120,56,56,0,0,-256,0,0,25,0,576,256,192,256,0,0,-256,0,1,25,0,384,256,192,256,0,73,-128,0,0,100,0,384,192,40,40,0,30,-153,0,0,100,0,384,152,40,40,0,15,-129,0,1,100,0,512,120,88,56,0,40,-226,0,0,100,0,336,152,48,104,0,40,-181,0,0,100,0,192,80,40,40,0,49,-153,0,0,65,0,192,152,24,16,0,126,-219,0,0,100,0,240,152,56,96,0,120,-193,0,0,100,0,192,168,48,56,0,22,-131,0,0,100,0,352,120,32,32,0,105,-229,0,0,100,0,296,152,40,88,0,127,-190,0,0,100,0,192,0,40,40,0,87,-197,0,0,100,0,192,120,32,32,0,0,-256,0,0,100,0,0,0,192,256,0,0,-256,0,0,100,0,0,256,192,256,0,
0,18,0,-256,0,0,100,0,192,256,192,256,0,74,-210,0,1,100,0,512,176,56,56,0,0,-256,0,0,25,0,576,256,192,256,0,0,-256,0,1,25,0,384,256,192,256,0,73,-128,0,0,100,0,384,192,40,40,0,30,-153,0,0,100,0,384,152,40,40,0,15,-129,0,1,100,0,512,120,88,56,0,40,-226,0,0,100,0,336,152,48,104,0,40,-181,0,0,100,0,192,80,40,40,0,49,-153,0,0,65,0,192,152,24,16,0,126,-219,0,0,100,0,240,152,56,96,0,120,-193,0,0,100,0,192,168,48,56,0,105,-229,0,0,100,0,296,152,40,88,0,127,-190,0,0,100,0,192,0,40,40,0,22,-131,0,0,100,0,288,120,32,32,0,87,-197,0,0,100,0,192,120,32,32,0,0,-256,0,0,100,0,0,0,192,256,0,0,-256,0,0,100,0,0,256,192,256,0,
0,18,0,-256,0,0,100,0,192,256,192,256,0,74,-210,0,1,100,0,512,176,56,56,0,0,-256,0,0,25,0,576,256,192,256,0,0,-256,0,1,25,0,384,256,192,256,0,73,-128,0,0,100,0,384,192,40,40,0,30,-153,0,0,100,0,384,152,40,40,0,15,-129,0,1,100,0,512,120,88,56,0,45,-177,0,0,100,0,232,80,40,40,0,54,-150,0,0,65,0,192,152,24,16,0,40,-226,0,0,100,0,336,152,48,104,0,126,-219,0,0,100,0,240,152,56,96,0,120,-193,0,0,100,0,192,168,48,56,0,105,-229,0,0,100,0,296,152,40,88,0,127,-190,0,0,100,0,192,0,40,40,0,22,-131,0,0,100,0,288,120,32,32,0,87,-197,0,0,100,0,224,120,32,32,0,0,-256,0,0,100,0,0,0,192,256,0,0,-256,0,0,100,0,0,256,192,256,0,
0,18,0,-256,0,0,100,0,192,256,192,256,0,74,-210,0,1,100,0,512,176,56,56,0,0,-256,0,0,25,0,576,256,192,256,0,0,-256,0,1,25,0,384,256,192,256,0,73,-128,0,0,100,0,384,192,40,40,0,30,-153,0,0,100,0,384,152,40,40,0,15,-129,0,1,100,0,512,120,88,56,0,45,-177,0,0,100,0,232,80,40,40,0,54,-150,0,0,65,0,192,152,24,16,0,40,-226,0,0,100,0,336,152,48,104,0,126,-219,0,0,100,0,240,152,56,96,0,120,-193,0,0,100,0,192,168,48,56,0,105,-229,0,0,100,0,296,152,40,88,0,127,-190,0,0,100,0,192,0,40,40,0,22,-131,0,0,100,0,288,120,32,32,0,87,-197,0,0,100,0,224,120,32,32,0,0,-256,0,0,100,0,0,0,192,256,0,0,-256,0,0,100,0,0,256,192,256,0,
0,18,0,-256,0,0,100,0,192,256,192,256,0,74,-210,0,1,100,0,568,176,56,56,0,0,-256,0,0,25,0,576,256,192,256,0,0,-256,0,1,25,0,384,256,192,256,0,73,-128,0,0,100,0,384,192,40,40,0,30,-153,0,0,100,0,384,152,40,40,0,45,-177,0,0,100,0,232,80,40,40,0,54,-150,0,0,65,0,192,152,24,16,0,15,-129,0,1,100,0,424,120,88,56,0,40,-226,0,0,100,0,336,152,48,104,0,126,-219,0,0,100,0,240,152,56,96,0,120,-193,0,0,100,0,192,168,48,56,0,22,-131,0,0,100,0,320,120,32,32,0,105,-229,0,0,100,0,296,152,40,88,0,127,-190,0,0,100,0,192,0,40,40,0,87,-197,0,0,100,0,224,120,32,32,0,0,-256,0,0,100,0,0,0,192,256,0,0,-256,0,0,100,0,0,256,192,256,0,
0,18,0,-256,0,0,100,0,192,256,192,256,0,74,-210,0,1,100,0,568,176,56,56,0,0,-256,0,0,25,0,576,256,192,256,0,0,-256,0,1,25,0,384,256,192,256,0,73,-128,0,0,100,0,384,192,40,40,0,30,-153,0,0,100,0,384,152,40,40,0,48,-176,0,0,100,0,272,80,40,40,0,57,-148,0,0,65,0,192,152,24,16,0,15,-129,0,1,100,0,424,120,88,56,0,40,-226,0,0,100,0,336,152,48,104,0,126,-219,0,0,100,0,240,152,56,96,0,120,-193,0,0,100,0,192,168,48,56,0,22,-131,0,0,100,0,320,120,32,32,0,105,-229,0,0,100,0,296,152,40,88,0,127,-190,0,0,100,0,192,0,40,40,0,87,-197,0,0,100,0,256,120,32,32,0,0,-256,0,0,100,0,0,0,192,256,0,0,-256,0,0,100,0,0,256,192,256,0,
0,18,0,-256,0,0,100,0,192,256,192,256,0,74,-210,0,1,100,0,568,176,56,56,0,0,-256,0,0,25,0,576,256,192,256,0,0,-256,0,1,25,0,384,256,192,256,0,73,-128,0,0,100,0,384,192,40,40,0,30,-153,0,0,100,0,384,152,40,40,0,48,-176,0,0,100,0,272,80,40,40,0,57,-148,0,0,65,0,192,152,24,16,0,15,-129,0,1,100,0,424,120,88,56,0,40,-226,0,0,100,0,336,152,48,104,0,126,-219,0,0,100,0,240,152,56,96,0,120,-193,0,0,100,0,192,168,48,56,0,22,-131,0,0,100,0,320,120,32,32,0,105,-229,0,0,100,0,296,152,40,88,0,127,-190,0,0,100,0,192,0,40,40,0,87,-197,0,0,100,0,256,120,32,32,0,0,-256,0,0,100,0,0,0,192,256,0,0,-256,0,0,100,0,0,256,192,256,0,
0,18,0,-256,0,0,100,0,192,256,192,256,0,74,-210,0,1,100,0,512,176,56,56,0,0,-256,0,0,25,0,576,256,192,256,0,0,-256,0,1,25,0,384,256,192,256,0,73,-128,0,0,100,0,384,192,40,40,0,30,-153,0,0,100,0,384,152,40,40,0,48,-176,0,0,100,0,272,80,40,40,0,57,-148,0,0,65,0,192,152,24,16,0,15,-129,0,1,100,0,424,120,88,56,0,40,-226,0,0,100,0,336,152,48,104,0,126,-219,0,0,100,0,240,152,56,96,0,120,-193,0,0,100,0,192,168,48,56,0,22,-131,0,0,100,0,352,120,32,32,0,105,-229,0,0,100,0,296,152,40,88,0,127,-190,0,0,100,0,192,0,40,40,0,87,-197,0,0,100,0,256,120,32,32,0,0,-256,0,0,100,0,0,0,192,256,0,0,-256,0,0,100,0,0,256,192,256,0,
0,18,0,-256,0,0,100,0,192,256,192,256,0,74,-210,0,1,100,0,512,176,56,56,0,0,-256,0,0,25,0,576,256,192,256,0,0,-256,0,1,25,0,384,256,192,256,0,73,-128,0,0,100,0,384,192,40,40,0,30,-153,0,0,100,0,384,152,40,40,0,52,-173,0,0,100,0,232,80,40,40,0,61,-146,0,0,65,0,192,152,24,16,0,15,-129,0,1,100,0,424,176,88,56,0,40,-226,0,0,100,0,336,152,48,104,0,126,-219,0,0,100,0,240,152,56,96,0,120,-193,0,0,100,0,192,168,48,56,0,22,-131,0,0,100,0,352,120,32,32,0,105,-229,0,0,100,0,296,152,40,88,0,127,-190,0,0,100,0,192,0,40,40,0,87,-197,0,0,100,0,192,120,32,32,0,0,-256,0,0,100,0,0,0,192,256,0,0,-256,0,0,100,0,0,256,192,256,0,
0,18,0,-256,0,0,100,0,192,256,192,256,0,74,-210,0,1,100,0,512,176,56,56,0,0,-256,0,0,25,0,576,256,192,256,0,0,-256,0,1,25,0,384,256,192,256,0,73,-128,0,0,100,0,384,192,40,40,0,30,-153,0,0,100,0,384,152,40,40,0,52,-173,0,0,100,0,232,80,40,40,0,61,-146,0,0,65,0,192,152,24,16,0,15,-129,0,1,100,0,424,176,88,56,0,40,-226,0,0,100,0,336,152,48,104,0,126,-219,0,0,100,0,240,152,56,96,0,120,-193,0,0,100,0,192,168,48,56,0,22,-131,0,0,100,0,352,120,32,32,0,105,-229,0,0,100,0,296,152,40,88,0,127,-190,0,0,100,0,192,0,40,40,0,87,-197,0,0,100,0,192,120,32,32,0,0,-256,0,0,100,0,0,0,192,256,0,0,-256,0,0,100,0,0,256,192,256,0,
0,18,0,-256,0,0,100,0,192,256,192,256,0,74,-210,0,1,100,0,600,120,56,56,0,0,-256,0,0,25,0,576,256,192,256,0,0,-256,0,1,25,0,384,256,192,256,0,73,-128,0,0,100,0,384,192,40,40,0,30,-153,0,0,100,0,384,152,40,40,0,52,-173,0,0,100,0,232,80,40,40,0,61,-146,0,0,65,0,192,152,24,16,0,15,-129,0,1,100,0,424,176,88,56,0,40,-226,0,0,100,0,336,152,48,104,0,126,-219,0,0,100,0,240,152,56,96,0,120,-193,0,0,100,0,192,168,48,56,0,105,-229,0,0,100,0,296,152,40,88,0,127,-190,0,0,100,0,192,0,40,40,0,22,-131,0,0,100,0,288,120,32,32,0,87,-197,0,0,100,0,192,120,32,32,0,0,-256,0,0,100,0,0,0,192,256,0,0,-256,0,0,100,0,0,256,192,256,0,
0,19,0,-256,0,0,100,0,192,256,192,256,0,74,-210,0,1,100,0,600,120,56,56,0,0,-256,0,0,25,0,576,256,192,256,0,0,-256,0,1,25,0,384,256,192,256,0,73,-128,0,0,100,0,384,192,40,40,0,30,-153,0,0,100,0,384,152,40,40,0,56,-172,0,0,100,0,192,80,40,40,0,65,-144,0,0,65,0,192,152,24,16,0,15,-129,0,1,100,0,424,176,88,56,0,40,-226,0,0,100,0,336,152,48,104,0,36,-187,0,0,30,0,192,40,40,40,0,126,-219,0,0,100,0,240,152,56,96,0,120,-193,0,0,100,0,192,168,48,56,0,22,-131,0,0,100,0,320,120,32,32,0,105,-229,0,0,100,0,296,152,40,88,0,127,-190,0,0,100,0,192,0,40,40,0,87,-197,0,0,100,0,224,120,32,32,0,0,-256,0,0,100,0,0,0,192,256,0,0,-256,0,0,100,0,0,256,192,256,0,
0,19,0,-256,0,0,100,0,192,256,192,256,0,74,-210,0,1,100,0,600,120,56,56,0,0,-256,0,0,25,0,576,256,192,256,0,0,-256,0,1,25,0,384,256,192,256,0,73,-128,0,0,100,0,384,192,40,40,0,30,-153,0,0,100,0,384,152,40,40,0,56,-172,0,0,100,0,192,80,40,40,0,65,-144,0,0,65,0,192,152,24,16,0,15,-129,0,1,100,0,512,120,88,56,0,40,-226,0,0,100,0,336,152,48,104,0,36,-187,0,0,30,0,192,40,40,40,0,126,-219,0,0,100,0,240,152,56,96,0,120,-193,0,0,100,0,192,168,48,56,0,22,-131,0,0,100,0,320,120,32,32,0,105,-229,0,0,100,0,296,152,40,88,0,127,-190,0,0,100,0,192,0,40,40,0,87,-197,0,0,100,0,224,120,32,32,0,0,-256,0,0,100,0,0,0,192,256,0,0,-256,0,0,100,0,0,256,192,256,0,
0,19,0,-256,0,0,100,0,192,256,192,256,0,74,-210,0,1,100,0,512,176,56,56,0,0,-256,0,0,25,0,576,256,192,256,0,0,-256,0,1,25,0,384,256,192,256,0,73,-128,0,0,100,0,384,192,40,40,0,30,-153,0,0,100,0,384,152,40,40,0,56,-172,0,0,100,0,192,80,40,40,0,65,-144,0,0,65,0,192,152,24,16,0,15,-129,0,1,100,0,512,120,88,56,0,40,-226,0,0,100,0,336,152,48,104,0,36,-187,0,0,30,0,192,40,40,40,0,126,-219,0,0,100,0,240,152,56,96,0,120,-193,0,0,100,0,192,168,48,56,0,22,-131,0,0,100,0,320,120,32,32,0,105,-229,0,0,100,0,296,152,40,88,0,127,-190,0,0,100,0,192,0,40,40,0,87,-197,0,0,100,0,224,120,32,32,0,0,-256,0,0,100,0,0,0,192,256,0,0,-256,0,0,100,0,0,256,192,256,0,
0,20,0,-256,0,0,100,0,192,256,192,256,0,74,-210,0,1,100,0,512,176,56,56,0,0,-256,0,0,25,0,576,256,192,256,0,0,-256,0,1,25,0,384,256,192,256,0,73,-128,0,0,100,0,384,192,40,40,0,30,-153,0,0,100,0,384,152,40,40,0,62,-170,0,0,100,0,272,80,40,40,0,71,-142,0,0,65,0,192,152,24,16,0,41,-181,0,0,60,0,232,40,40,40,0,51,-155,0,0,30,0,216,152,24,16,0,15,-129,0,1,100,0,512,120,88,56,0,40,-226,0,0,100,0,336,152,48,104,0,126,-219,0,0,100,0,240,152,56,96,0,120,-193,0,0,100,0,192,168,48,56,0,22,-131,0,0,100,0,352,120,32,32,0,105,-229,0,0,100,0,296,152,40,88,0,127,-190,0,0,100,0,192,0,40,40,0,87,-197,0,0,100,0,256,120,32,32,0,0,-256,0,0,100,0,0,0,192,256,0,0,-256,0,0,100,0,0,256,192,256,0,
0,20,0,-256,0,0,100,0,192,256,192,256,0,74,-210,0,1,100,0,512,176,56,56,0,0,-256,0,0,25,0,576,256,192,256,0,0,-256,0,1,25,0,384,256,192,256,0,73,-128,0,0,100,0,384,192,40,40,0,30,-153,0,0,100,0,384,152,40,40,0,62,-170,0,0,100,0,272,80,40,40,0,71,-142,0,0,65,0,192,152,24,16,0,41,-181,0,0,60,0,232,40,40,40,0,51,-155,0,0,30,0,216,152,24,16,0,15,-129,0,1,100,0,512,120,88,56,0,40,-226,0,0,100,0,336,152,48,104,0,126,-219,0,0,100,0,240,152,56,96,0,120,-193,0,0,100,0,192,168,48,56,0,22,-131,0,0,100,0,352,120,32,32,0,105,-229,0,0,100,0,296,152,40,88,0,127,-190,0,0,100,0,192,0,40,40,0,87,-197,0,0,100,0,256,120,32,32,0,0,-256,0,0,100,0,0,0,192,256,0,0,-256,0,0,100,0,0,256,192,256,0,
0,20,0,-256,0,0,100,0,192,256,192,256,0,74,-210,0,1,100,0,568,176,56,56,0,0,-256,0,0,25,0,576,256,192,256,0,0,-256,0,1,25,0,384,256,192,256,0,73,-128,0,0,100,0,384,192,40,40,0,30,-153,0,0,100,0,384,152,40,40,0,62,-170,0,0,100,0,272,80,40,40,0,71,-142,0,0,65,0,192,152,24,16,0,41,-181,0,0,60,0,232,40,40,40,0,51,-155,0,0,30,0,216,152,24,16,0,15,-129,0,1,100,0,424,120,88,56,0,40,-226,0,0,100,0,336,152,48,104,0,126,-219,0,0,100,0,240,152,56,96,0,120,-193,0,0,100,0,192,168,48,56,0,22,-131,0,0,100,0,352,120,32,32,0,105,-229,0,0,100,0,296,152,40,88,0,127,-190,0,0,100,0,192,0,40,40,0,87,-197,0,0,100,0,256,120,32,32,0,0,-256,0,0,100,0,0,0,192,256,0,0,-256,0,0,100,0,0,256,192,256,0,
0,20,0,-256,0,0,100,0,192,256,192,256,0,74,-210,0,1,100,0,568,176,56,56,0,0,-256,0,0,25,0,576,256,192,256,0,0,-256,0,1,25,0,384,256,192,256,0,73,-128,0,0,100,0,384,192,40,40,0,30,-153,0,0,100,0,384,152,40,40,0,66,-167,0,0,100,0,232,80,40,40,0,75,-140,0,0,65,0,192,152,24,16,0,45,-179,0,0,100,0,272,40,40,40,0,55,-151,0,0,65,0,216,152,24,16,0,15,-129,0,1,100,0,424,120,88,56,0,40,-226,0,0,100,0,336,152,48,104,0,126,-219,0,0,100,0,240,152,56,96,0,120,-193,0,0,100,0,192,168,48,56,0,105,-229,0,0,100,0,296,152,40,88,0,127,-190,0,0,100,0,192,0,40,40,0,22,-131,0,0,100,0,288,120,32,32,0,87,-197,0,0,100,0,192,120,32,32,0,0,-256,0,0,100,0,0,0,192,256,0,0,-256,0,0,100,0,0,256,192,256,0,
0,20,0,-256,0,0,100,0,192,256,192,256,0,74,-210,0,1,100,0,568,176,56,56,0,0,-256,0,0,25,0,576,256,192,256,0,0,-256,0,1,25,0,384,256,192,256,0,73,-128,0,0,100,0,384,192,40,40,0,30,-153,0,0,100,0,384,152,40,40,0,66,-167,0,0,100,0,232,80,40,40,0,75,-140,0,0,65,0,192,152,24,16,0,45,-179,0,0,100,0,272,40,40,40,0,55,-151,0,0,65,0,216,152,24,16,0,15,-129,0,1,100,0,424,120,88,56,0,40,-226,0,0,100,0,336,152,48,104,0,126,-219,0,0,100,0,240,152,56,96,0,120,-193,0,0,100,0,192,168,48,56,0,105,-229,0,0,100,0,296,152,40,88,0,127,-190,0,0,100,0,192,0,40,40,0,22,-131,0,0,100,0,288,120,32,32,0,87,-197,0,0,100,0,192,120,32,32,0,0,-256,0,0,100,0,0,0,192,256,0,0,-256,0,0,100,0,0,256,192,256,0,
0,20,0,-256,0,0,100,0,192,256,192,256,0,74,-210,0,1,100,0,512,176,56,56,0,0,-256,0,0,25,0,576,256,192,256,0,0,-256,0,1,25,0,384,256,192,256,0,73,-128,0,0,100,0,384,192,40,40,0,30,-153,0,0,100,0,384,152,40,40,0,66,-167,0,0,100,0,232,80,40,40,0,75,-140,0,0,65,0,192,152,24,16,0,45,-179,0,0,100,0,272,40,40,40,0,55,-151,0,0,65,0,216,152,24,16,0,15,-129,0,1,100,0,424,120,88,56,0,40,-226,0,0,100,0,336,152,48,104,0,126,-219,0,0,100,0,240,152,56,96,0,120,-193,0,0,100,0,192,168,48,56,0,105,-229,0,0,100,0,296,152,40,88,0,127,-190,0,0,100,0,192,0,40,40,0,22,-131,0,0,100,0,288,120,32,32,0,87,-197,0,0,100,0,192,120,32,32,0,0,-256,0,0,100,0,0,0,192,256,0,0,-256,0,0,100,0,0,256,192,256,0,
0,20,0,-256,0,0,100,0,192,256,192,256,0,74,-210,0,1,100,0,512,176,56,56,0,0,-256,0,0,25,0,576,256,192,256,0,0,-256,0,1,25,0,384,256,192,256,0,73,-128,0,0,100,0,384,192,40,40,0,30,-153,0,0,100,0,384,152,40,40,0,69,-166,0,0,100,0,192,80,40,40,0,78,-138,0,0,65,0,192,152,24,16,0,49,-176,0,0,100,0,232,40,40,40,0,58,-149,0,0,65,0,216,152,24,16,0,15,-129,0,1,100,0,424,176,88,56,0,40,-226,0,0,100,0,336,152,48,104,0,126,-219,0,0,100,0,240,152,56,96,0,120,-193,0,0,100,0,192,168,48,56,0,22,-131,0,0,100,0,320,120,32,32,0,105,-229,0,0,100,0,296,152,40,88,0,127,-190,0,0,100,0,192,0,40,40,0,87,-197,0,0,100,0,224,120,32,32,0,0,-256,0,0,100,0,0,0,192,256,0,0,-256,0,0,100,0,0,256,192,256,0,
0,20,0,-256,0,0,100,0,192,256,192,256,0,74,-210,0,1,100,0,512,176,56,56,0,0,-256,0,0,25,0,576,256,192,256,0,0,-256,0,1,25,0,384,256,192,256,0,73,-128,0,0,100,0,384,192,40,40,0,30,-153,0,0,100,0,384,152,40,40,0,69,-166,0,0,100,0,192,80,40,40,0,78,-138,0,0,65,0,192,152,24,16,0,49,-176,0,0,100,0,232,40,40,40,0,58,-149,0,0,65,0,216,152,24,16,0,15,-129,0,1,100,0,424,176,88,56,0,40,-226,0,0,100,0,336,152,48,104,0,126,-219,0,0,100,0,240,152,56,96,0,120,-193,0,0,100,0,192,168,48,56,0,22,-131,0,0,100,0,320,120,32,32,0,105,-229,0,0,100,0,296,152,40,88,0,127,-190,0,0,100,0,192,0,40,40,0,87,-197,0,0,100,0,224,120,32,32,0,0,-256,0,0,100,0,0,0,192,256,0,0,-256,0,0,100,0,0,256,192,256,0,
0,20,0,-256,0,0,100,0,192,256,192,256,0,74,-210,0,1,100,0,600,120,56,56,0,0,-256,0,0,25,0,576,256,192,256,0,0,-256,0,1,25,0,384,256,192,256,0,73,-128,0,0,100,0,384,192,40,40,0,30,-153,0,0,100,0,384,152,40,40,0,69,-166,0,0,100,0,192,80,40,40,0,78,-138,0,0,65,0,192,152,24,16,0,49,-176,0,0,100,0,232,40,40,40,0,58,-149,0,0,65,0,216,152,24,16,0,15,-129,0,1,100,0,424,176,88,56,0,40,-226,0,0,100,0,336,152,48,104,0,126,-219,0,0,100,0,240,152,56,96,0,120,-193,0,0,100,0,192,168,48,56,0,22,-131,0,0,100,0,320,120,32,32,0,105,-229,0,0,100,0,296,152,40,88,0,127,-190,0,0,100,0,192,0,40,40,0,87,-197,0,0,100,0,224,120,32,32,0,0,-256,0,0,100,0,0,0,192,256,0,0,-256,0,0,100,0,0,256,192,256,0,
0,20,0,-256,0,0,100,0,192,256,192,256,0,74,-210,0,1,100,0,600,120,56,56,0,0,-256,0,0,25,0,576,256,192,256,0,0,-256,0,1,25,0,384,256,192,256,0,73,-128,0,0,100,0,384,192,40,40,0,30,-153,0,0,100,0,384,152,40,40,0,74,-163,0,0,100,0,432,80,40,40,0,84,-135,0,0,65,0,192,152,24,16,0,54,-174,0,0,100,0,192,40,40,40,0,64,-146,0,0,65,0,216,152,24,16,0,15,-129,0,1,100,0,424,176,88,56,0,40,-226,0,0,100,0,336,152,48,104,0,126,-219,0,0,100,0,240,152,56,96,0,120,-193,0,0,100,0,192,168,48,56,0,22,-131,0,0,100,0,352,120,32,32,0,105,-229,0,0,100,0,296,152,40,88,0,127,-190,0,0,100,0,192,0,40,40,0,87,-197,0,0,100,0,256,120,32,32,0,0,-256,0,0,100,0,0,0,192,256,0,0,-256,0,0,100,0,0,256,192,256,0,
0,20,0,-256,0,0,100,0,192,256,192,256,0,74,-210,0,1,100,0,600,120,56,56,0,0,-256,0,0,25,0,576,256,192,256,0,0,-256,0,1,25,0,384,256,192,256,0,73,-128,0,0,100,0,384,192,40,40,0,30,-153,0,0,100,0,384,152,40,40,0,74,-163,0,0,100,0,432,80,40,40,0,84,-135,0,0,65,0,192,152,24,16,0,54,-174,0,0,100,0,192,40,40,40,0,64,-146,0,0,65,0,216,152,24,16,0,15,-129,0,1,100,0,512,120,88,56,0,40,-226,0,0,100,0,336,152,48,104,0,126,-219,0,0,100,0,240,152,56,96,0,120,-193,0,0,100,0,192,168,48,56,0,22,-131,0,0,100,0,352,120,32,32,0,105,-229,0,0,100,0,296,152,40,88,0,127,-190,0,0,100,0,192,0,40,40,0,87,-197,0,0,100,0,256,120,32,32,0,0,-256,0,0,100,0,0,0,192,256,0,0,-256,0,0,100,0,0,256,192,256,0,
0,20,0,-256,0,0,100,0,192,256,192,256,0,74,-210,0,1,100,0,512,176,56,56,0,0,-256,0,0,25,0,576,256,192,256,0,0,-256,0,1,25,0,384,256,192,256,0,73,-128,0,0,100,0,384,192,40,40,0,30,-153,0,0,100,0,384,152,40,40,0,74,-163,0,0,100,0,432,80,40,40,0,54,-174,0,0,100,0,192,40,40,40,0,84,-135,0,0,65,0,192,152,24,16,0,64,-146,0,0,65,0,216,152,24,16,0,15,-129,0,1,100,0,512,120,88,56,0,40,-226,0,0,100,0,336,152,48,104,0,126,-219,0,0,100,0,240,152,56,96,0,120,-193,0,0,100,0,192,168,48,56,0,22,-131,0,0,100,0,352,120,32,32,0,105,-229,0,0,100,0,296,152,40,88,0,127,-190,0,0,100,0,192,0,40,40,0,87,-197,0,0,100,0,256,120,32,32,0,0,-256,0,0,100,0,0,0,192,256,0,0,-256,0,0,100,0,0,256,192,256,0,
0,20,0,-256,0,0,100,0,192,256,192,256,0,74,-210,0,1,100,0,512,176,56,56,0,0,-256,0,0,25,0,576,256,192,256,0,0,-256,0,1,25,0,384,256,192,256,0,73,-128,0,0,100,0,384,192,40,40,0,30,-153,0,0,100,0,384,152,40,40,0,82,-163,0,0,100,0,352,80,40,40,0,60,-172,0,0,100,0,232,40,40,40,0,89,-135,0,0,65,0,192,152,24,16,0,69,-145,0,0,65,0,216,152,24,16,0,15,-129,0,1,100,0,512,120,88,56,0,40,-226,0,0,100,0,336,152,48,104,0,126,-219,0,0,100,0,240,152,56,96,0,120,-193,0,0,100,0,192,168,48,56,0,105,-229,0,0,100,0,296,152,40,88,0,127,-190,0,0,100,0,192,0,40,40,0,22,-131,0,0,100,0,288,120,32,32,0,87,-197,0,0,100,0,192,120,32,32,0,0,-256,0,0,100,0,0,0,192,256,0,0,-256,0,0,100,0,0,256,192,256,0,
0,20,0,-256,0,0,100,0,192,256,192,256,0,74,-210,0,1,100,0,512,176,56,56,0,0,-256,0,0,25,0,576,256,192,256,0,0,-256,0,1,25,0,384,256,192,256,0,73,-128,0,0,100,0,384,192,40,40,0,30,-153,0,0,100,0,384,152,40,40,0,82,-163,0,0,100,0,352,80,40,40,0,60,-172,0,0,100,0,232,40,40,40,0,89,-135,0,0,65,0,192,152,24,16,0,69,-145,0,0,65,0,216,152,24,16,0,15,-129,0,1,100,0,512,120,88,56,0,40,-226,0,0,100,0,336,152,48,104,0,126,-219,0,0,100,0,240,152,56,96,0,120,-193,0,0,100,0,192,168,48,56,0,105,-229,0,0,100,0,296,152,40,88,0,127,-190,0,0,100,0,192,0,40,40,0,22,-131,0,0,100,0,288,120,32,32,0,87,-197,0,0,100,0,192,120,32,32,0,0,-256,0,0,100,0,0,0,192,256,0,0,-256,0,0,100,0,0,256,192,256,0,
0,20,0,-256,0,0,100,0,192,256,192,256,0,74,-210,0,1,100,0,568,176,56,56,0,0,-256,0,0,25,0,576,256,192,256,0,0,-256,0,1,25,0,384,256,192,256,0,73,-128,0,0,100,0,384,192,40,40,0,30,-153,0,0,100,0,384,152,40,40,0,82,-163,0,0,100,0,352,80,40,40,0,60,-172,0,0,100,0,232,40,40,40,0,89,-135,0,0,65,0,192,152,24,16,0,69,-145,0,0,65,0,216,152,24,16,0,15,-129,0,1,100,0,424,120,88,56,0,40,-226,0,0,100,0,336,152,48,104,0,126,-219,0,0,100,0,240,152,56,96,0,120,-193,0,0,100,0,192,168,48,56,0,105,-229,0,0,100,0,296,152,40,88,0,127,-190,0,0,100,0,192,0,40,40,0,22,-131,0,0,100,0,288,120,32,32,0,87,-197,0,0,100,0,192,120,32,32,0,0,-256,0,0,100,0,0,0,192,256,0,0,-256,0,0,100,0,0,256,192,256,0,
0,20,0,-256,0,0,100,0,192,256,192,256,0,74,-210,0,1,100,0,568,176,56,56,0,0,-256,0,0,25,0,576,256,192,256,0,0,-256,0,1,25,0,384,256,192,256,0,73,-128,0,0,100,0,384,192,40,40,0,30,-153,0,0,100,0,384,152,40,40,0,87,-166,0,0,100,0,312,80,40,40,0,65,-170,0,0,100,0,272,40,40,40,0,94,-137,1,0,65,0,192,152,24,16,0,74,-142,0,0,65,0,216,152,24,16,0,15,-129,0,1,100,0,424,120,88,56,0,40,-226,0,0,100,0,336,152,48,104,0,126,-219,0,0,100,0,240,152,56,96,0,120,-193,0,0,100,0,192,168,48,56,0,22,-131,0,0,100,0,320,120,32,32,0,105,-229,0,0,100,0,296,152,40,88,0,127,-190,0,0,100,0,192,0,40,40,0,87,-197,0,0,100,0,224,120,32,32,0,0,-256,0,0,100,0,0,0,192,256,0,0,-256,0,0,100,0,0,256,192,256,0,
0,20,0,-256,0,0,100,0,192,256,192,256,0,74,-210,0,1,100,0,568,176,56,56,0,0,-256,0,0,25,0,576,256,192,256,0,0,-256,0,1,25,0,384,256,192,256,0,73,-128,0,0,100,0,384,192,40,40,0,30,-153,0,0,100,0,384,152,40,40,0,87,-166,0,0,100,0,312,80,40,40,0,65,-170,0,0,100,0,272,40,40,40,0,94,-137,1,0,65,0,192,152,24,16,0,74,-142,0,0,65,0,216,152,24,16,0,15,-129,0,1,100,0,424,120,88,56,0,40,-226,0,0,100,0,336,152,48,104,0,126,-219,0,0,100,0,240,152,56,96,0,120,-193,0,0,100,0,192,168,48,56,0,22,-131,0,0,100,0,320,120,32,32,0,105,-229,0,0,100,0,296,152,40,88,0,127,-190,0,0,100,0,192,0,40,40,0,87,-197,0,0,100,0,224,120,32,32,0,0,-256,0,0,100,0,0,0,192,256,0,0,-256,0,0,100,0,0,256,192,256,0,
0,20,0,-256,0,0,100,0,192,256,192,256,0,74,-210,0,1,100,0,512,176,56,56,0,0,-256,0,0,25,0,576,256,192,256,0,0,-256,0,1,25,0,384,256,192,256,0,73,-128,0,0,100,0,384,192,40,40,0,30,-153,0,0,100,0,384,152,40,40,0,87,-166,0,0,100,0,312,80,40,40,0,65,-170,0,0,100,0,272,40,40,40,0,94,-137,1,0,65,0,192,152,24,16,0,74,-142,0,0,65,0,216,152,24,16,0,15,-129,0,1,100,0,424,120,88,56,0,40,-226,0,0,100,0,336,152,48,104,0,126,-219,0,0,100,0,240,152,56,96,0,120,-193,0,0,100,0,192,168,48,56,0,22,-131,0,0,100,0,320,120,32,32,0,105,-229,0,0,100,0,296,152,40,88,0,127,-190,0,0,100,0,192,0,40,40,0,87,-197,0,0,100,0,224,120,32,32,0,0,-256,0,0,100,0,0,0,192,256,0,0,-256,0,0,100,0,0,256,192,256,0,
0,20,0,-256,0,0,100,0,192,256,192,256,0,74,-210,0,1,100,0,512,176,56,56,0,0,-256,0,0,25,0,576,256,192,256,0,0,-256,0,1,25,0,384,256,192,256,0,73,-128,0,0,100,0,384,192,40,40,0,30,-153,0,0,100,0,384,152,40,40,0,91,-167,0,0,100,0,352,80,40,40,0,69,-168,0,0,100,0,232,40,40,40,0,98,-139,1,0,65,0,192,152,24,16,0,78,-141,0,0,65,0,216,152,24,16,0,15,-129,0,1,100,0,424,176,88,56,0,40,-226,0,0,100,0,336,152,48,104,0,126,-219,0,0,100,0,240,152,56,96,0,120,-193,0,0,100,0,192,168,48,56,0,22,-131,0,0,100,0,352,120,32,32,0,105,-229,0,0,100,0,296,152,40,88,0,127,-190,0,0,100,0,192,0,40,40,0,87,-197,0,0,100,0,256,120,32,32,0,0,-256,0,0,100,0,0,0,192,256,0,0,-256,0,0,100,0,0,256,192,256,0,
0,20,0,-256,0,0,100,0,192,256,192,256,0,74,-210,0,1,100,0,512,176,56,56,0,0,-256,0,0,25,0,576,256,192,256,0,0,-256,0,1,25,0,384,256,192,256,0,73,-128,0,0,100,0,384,192,40,40,0,30,-153,0,0,100,0,384,152,40,40,0,91,-167,0,0,100,0,352,80,40,40,0,69,-168,0,0,100,0,232,40,40,40,0,98,-139,1,0,65,0,192,152,24,16,0,78,-141,0,0,65,0,216,152,24,16,0,15,-129,0,1,100,0,424,176,88,56,0,40,-226,0,0,100,0,336,152,48,104,0,126,-219,0,0,100,0,240,152,56,96,0,120,-193,0,0,100,0,192,168,48,56,0,22,-131,0,0,100,0,352,120,32,32,0,105,-229,0,0,100,0,296,152,40,88,0,127,-190,0,0,100,0,192,0,40,40,0,87,-197,0,0,100,0,256,120,32,32,0,0,-256,0,0,100,0,0,0,192,256,0,0,-256,0,0,100,0,0,256,192,256,0,
0,20,0,-256,0,0,100,0,192,256,192,256,0,74,-210,0,1,100,0,600,120,56,56,0,0,-256,0,0,25,0,576,256,192,256,0,0,-256,0,1,25,0,384,256,192,256,0,73,-128,0,0,100,0,384,192,40,40,0,30,-153,0,0,100,0,384,152,40,40,0,91,-167,0,0,100,0,352,80,40,40,0,69,-168,0,0,100,0,232,40,40,40,0,98,-139,1,0,65,0,192,152,24,16,0,78,-141,0,0,65,0,216,152,24,16,0,15,-129,0,1,100,0,424,176,88,56,0,40,-226,0,0,100,0,336,152,48,104,0,126,-219,0,0,100,0,240,152,56,96,0,120,-193,0,0,100,0,192,168,48,56,0,22,-131,0,0,100,0,352,120,32,32,0,105,-229,0,0,100,0,296,152,40,88,0,127,-190,0,0,100,0,192,0,40,40,0,87,-197,0,0,100,0,256,120,32,32,0,0,-256,0,0,100,0,0,0,192,256,0,0,-256,0,0,100,0,0,256,192,256,0,
0,20,0,-256,0,0,100,0,192,256,192,256,0,74,-210,0,1,100,0,600,120,56,56,0,0,-256,0,0,25,0,576,256,192,256,0,0,-256,0,1,25,0,384,256,192,256,0,73,-128,0,0,100,0,384,192,40,40,0,30,-153,0,0,100,0,384,152,40,40,0,96,-170,0,0,100,0,392,80,40,40,0,73,-165,0,0,100,0,192,40,40,40,0,104,-142,1,0,65,0,192,152,24,16,0,83,-138,0,0,65,0,216,152,24,16,0,15,-129,0,1,100,0,424,176,88,56,0,40,-226,0,0,100,0,336,152,48,104,0,126,-219,0,0,100,0,240,152,56,96,0,120,-193,0,0,100,0,192,168,48,56,0,105,-229,0,0,100,0,296,152,40,88,0,127,-190,0,0,100,0,192,0,40,40,0,22,-131,0,0,100,0,288,120,32,32,0,87,-197,0,0,100,0,192,120,32,32,0,0,-256,0,0,100,0,0,0,192,256,0,0,-256,0,0,100,0,0,256,192,256,0,
0,20,0,-256,0,0,100,0,192,256,192,256,0,74,-210,0,1,100,0,600,120,56,56,0,0,-256,0,0,25,0,576,256,192,256,0,0,-256,0,1,25,0,384,256,192,256,0,73,-128,0,0,100,0,384,192,40,40,0,30,-153,0,0,100,0,384,152,40,40,0,96,-170,0,0,100,0,392,80,40,40,0,73,-165,0,0,100,0,192,40,40,40,0,104,-142,1,0,65,0,192,152,24,16,0,83,-138,0,0,65,0,216,152,24,16,0,15,-129,0,1,100,0,512,120,88,56,0,40,-226,0,0,100,0,336,152,48,104,0,126,-219,0,0,100,0,240,152,56,96,0,120,-193,0,0,100,0,192,168,48,56,0,105,-229,0,0,100,0,296,152,40,88,0,127,-190,0,0,100,0,192,0,40,40,0,22,-131,0,0,100,0,288,120,32,32,0,87,-197,0,0,100,0,192,120,32,32,0,0,-256,0,0,100,0,0,0,192,256,0,0,-256,0,0,100,0,0,256,192,256,0,
0,20,0,-256,0,0,100,0,192,256,192,256,0,74,-210,0,1,100,0,512,176,56,56,0,0,-256,0,0,25,0,576,256,192,256,0,0,-256,0,1,25,0,384,256,192,256,0,73,-128,0,0,100,0,384,192,40,40,0,30,-153,0,0,100,0,384,152,40,40,0,96,-170,0,0,100,0,392,80,40,40,0,73,-165,0,0,100,0,192,40,40,40,0,104,-142,1,0,65,0,192,152,24,16,0,83,-138,0,0,65,0,216,152,24,16,0,15,-129,0,1,100,0,512,120,88,56,0,40,-226,0,0,100,0,336,152,48,104,0,126,-219,0,0,100,0,240,152,56,96,0,120,-193,0,0,100,0,192,168,48,56,0,105,-229,0,0,100,0,296,152,40,88,0,127,-190,0,0,100,0,192,0,40,40,0,22,-131,0,0,100,0,288,120,32,32,0,87,-197,0,0,100,0,192,120,32,32,0,0,-256,0,0,100,0,0,0,192,256,0,0,-256,0,0,100,0,0,256,192,256,0,
0,20,0,-256,0,0,100,0,192,256,192,256,0,74,-210,0,1,100,0,512,176,56,56,0,0,-256,0,0,25,0,576,256,192,256,0,0,-256,0,1,25,0,384,256,192,256,0,73,-128,0,0,100,0,384,192,40,40,0,30,-153,0,0,100,0,384,152,40,40,0,99,-172,0,0,100,0,352,80,40,40,0,78,-162,0,0,100,0,232,40,40,40,0,107,-144,1,0,65,0,192,152,24,16,0,87,-135,0,0,65,0,216,152,24,16,0,15,-129,0,1,100,0,512,120,88,56,0,40,-226,0,0,100,0,336,152,48,104,0,126,-219,0,0,100,0,240,152,56,96,0,120,-193,0,0,100,0,192,168,48,56,0,22,-131,0,0,100,0,320,120,32,32,0,105,-229,0,0,100,0,296,152,40,88,0,127,-190,0,0,100,0,192,0,40,40,0,87,-197,0,0,100,0,224,120,32,32,0,0,-256,0,0,100,0,0,0,192,256,0,0,-256,0,0,100,0,0,256,192,256,0,
0,20,0,-256,0,0,100,0,192,256,192,256,0,74,-210,0,1,100,0,512,176,56,56,0,0,-256,0,0,25,0,576,256,192,256,0,0,-256,0,1,25,0,384,256,192,256,0,73,-128,0,0,100,0,384,192,40,40,0,30,-153,0,0,100,0,384,152,40,40,0,99,-172,0,0,100,0,352,80,40,40,0,78,-162,0,0,100,0,232,40,40,40,0,107,-144,1,0,65,0,192,152,24,16,0,87,-135,0,0,65,0,216,152,24,16,0,15,-129,0,1,100,0,512,120,88,56,0,40,-226,0,0,100,0,336,152,48,104,0,126,-219,0,0,100,0,240,152,56,96,0,120,-193,0,0,100,0,192,168,48,56,0,22,-131,0,0,100,0,320,120,32,32,0,105,-229,0,0,100,0,296,152,40,88,0,127,-190,0,0,100,0,192,0,40,40,0,87,-197,0,0,100,0,224,120,32,32,0,0,-256,0,0,100,0,0,0,192,256,0,0,-256,0,0,100,0,0,256,192,256,0,
0,20,0,-256,0,0,100,0,192,256,192,256,0,74,-210,0,1,100,0,568,176,56,56,0,0,-256,0,0,25,0,576,256,192,256,0,0,-256,0,1,25,0,384,256,192,256,0,73,-128,0,0,100,0,384,192,40,40,0,30,-153,0,0,100,0,384,152,40,40,0,99,-172,0,0,100,0,352,80,40,40,0,78,-162,0,0,100,0,232,40,40,40,0,107,-144,1,0,65,0,192,152,24,16,0,87,-135,0,0,65,0,216,152,24,16,0,15,-129,0,1,100,0,424,120,88,56,0,40,-226,0,0,100,0,336,152,48,104,0,126,-219,0,0,100,0,240,152,56,96,0,120,-193,0,0,100,0,192,168,48,56,0,22,-131,0,0,100,0,320,120,32,32,0,105,-229,0,0,100,0,296,152,40,88,0,127,-190,0,0,100,0,192,0,40,40,0,87,-197,0,0,100,0,224,120,32,32,0,0,-256,0,0,100,0,0,0,192,256,0,0,-256,0,0,100,0,0,256,192,256,0,
0,20,0,-256,0,0,100,0,192,256,192,256,0,74,-210,0,1,100,0,568,176,56,56,0,0,-256,0,0,25,0,576,256,192,256,0,0,-256,0,1,25,0,384,256,192,256,0,73,-128,0,0,100,0,384,192,40,40,0,30,-153,0,0,100,0,384,152,40,40,0,103,-174,0,0,100,0,312,80,40,40,0,82,-161,0,0,100,0,272,40,40,40,0,110,-145,1,0,65,0,192,152,24,16,0,91,-134,0,0,65,0,216,152,24,16,0,15,-129,0,1,100,0,424,120,88,56,0,40,-226,0,0,100,0,336,152,48,104,0,126,-219,0,0,100,0,240,152,56,96,0,120,-193,0,0,100,0,192,168,48,56,0,22,-131,0,0,100,0,352,120,32,32,0,105,-229,0,0,100,0,296,152,40,88,0,127,-190,0,0,100,0,192,0,40,40,0,87,-197,0,0,100,0,256,120,32,32,0,0,-256,0,0,100,0,0,0,192,256,0,0,-256,0,0,100,0,0,256,192,256,0,
0,20,0,-256,0,0,100,0,192,256,192,256,0,74,-210,0,1,100,0,568,176,56,56,0,0,-256,0,0,25,0,576,256,192,256,0,0,-256,0,1,25,0,384,256,192,256,0,73,-128,0,0,100,0,384,192,40,40,0,30,-153,0,0,100,0,384,152,40,40,0,103,-174,0,0,100,0,312,80,40,40,0,82,-161,0,0,100,0,272,40,40,40,0,110,-145,1,0,65,0,192,152,24,16,0,91,-134,0,0,65,0,216,152,24,16,0,15,-129,0,1,100,0,424,120,88,56,0,40,-226,0,0,100,0,336,152,48,104,0,126,-219,0,0,100,0,240,152,56,96,0,120,-193,0,0,100,0,192,168,48,56,0,22,-131,0,0,100,0,352,120,32,32,0,105,-229,0,0,100,0,296,152,40,88,0,127,-190,0,0,100,0,192,0,40,40,0,87,-197,0,0,100,0,256,120,32,32,0,0,-256,0,0,100,0,0,0,192,256,0,0,-256,0,0,100,0,0,256,192,256,0,
0,20,0,-256,0,0,100,0,192,256,192,256,0,74,-210,0,1,100,0,512,176,56,56,0,0,-256,0,0,25,0,576,256,192,256,0,0,-256,0,1,25,0,384,256,192,256,0,73,-128,0,0,100,0,384,192,40,40,0,30,-153,0,0,100,0,384,152,40,40,0,103,-174,0,0,100,0,312,80,40,40,0,82,-161,0,0,100,0,272,40,40,40,0,110,-145,1,0,65,0,192,152,24,16,0,91,-134,0,0,65,0,216,152,24,16,0,15,-129,0,1,100,0,424,120,88,56,0,40,-226,0,0,100,0,336,152,48,104,0,126,-219,0,0,100,0,240,152,56,96,0,120,-193,0,0,100,0,192,168,48,56,0,22,-131,0,0,100,0,352,120,32,32,0,105,-229,0,0,100,0,296,152,40,88,0,127,-190,0,0,100,0,192,0,40,40,0,87,-197,0,0,100,0,256,120,32,32,0,0,-256,0,0,100,0,0,0,192,256,0,0,-256,0,0,100,0,0,256,192,256,0,
0,20,0,-256,0,0,100,0,192,256,192,256,0,74,-210,0,1,100,0,512,176,56,56,0,0,-256,0,0,25,0,576,256,192,256,0,0,-256,0,1,25,0,384,256,192,256,0,73,-128,0,0,100,0,384,192,40,40,0,30,-153,0,0,100,0,384,152,40,40,0,89,-159,0,0,100,0,232,40,40,40,0,106,-175,0,0,100,0,352,80,40,40,0,114,-147,1,0,65,0,192,152,24,16,0,98,-132,0,0,65,0,216,152,24,16,0,15,-129,0,1,100,0,424,176,88,56,0,40,-226,0,0,100,0,336,152,48,104,0,126,-219,0,0,100,0,240,152,56,96,0,120,-193,0,0,100,0,192,168,48,56,0,105,-229,0,0,100,0,296,152,40,88,0,127,-190,0,0,100,0,192,0,40,40,0,22,-131,0,0,100,0,288,120,32,32,0,87,-197,0,0,100,0,192,120,32,32,0,0,-256,0,0,100,0,0,0,192,256,0,0,-256,0,0,100,0,0,256,192,256,0,
0,20,0,-256,0,0,100,0,192,256,192,256,0,74,-210,0,1,100,0,512,176,56,56,0,0,-256,0,0,25,0,576,256,192,256,0,0,-256,0,1,25,0,384,256,192,256,0,73,-128,0,0,100,0,384,192,40,40,0,30,-153,0,0,100,0,384,152,40,40,0,89,-159,0,0,100,0,232,40,40,40,0,106,-175,0,0,100,0,352,80,40,40,0,114,-147,1,0,65,0,192,152,24,16,0,98,-132,0,0,65,0,216,152,24,16,0,15,-129,0,1,100,0,424,176,88,56,0,40,-226,0,0,100,0,336,152,48,104,0,126,-219,0,0,100,0,240,152,56,96,0,120,-193,0,0,100,0,192,168,48,56,0,105,-229,0,0,100,0,296,152,40,88,0,127,-190,0,0,100,0,192,0,40,40,0,22,-131,0,0,100,0,288,120,32,32,0,87,-197,0,0,100,0,192,120,32,32,0,0,-256,0,0,100,0,0,0,192,256,0,0,-256,0,0,100,0,0,256,192,256,0,
0,20,0,-256,0,0,100,0,192,256,192,256,0,74,-210,0,1,100,0,600,120,56,56,0,0,-256,0,0,25,0,576,256,192,256,0,0,-256,0,1,25,0,384,256,192,256,0,73,-128,0,0,100,0,384,192,40,40,0,30,-153,0,0,100,0,384,152,40,40,0,89,-159,0,0,100,0,232,40,40,40,0,106,-175,0,0,100,0,352,80,40,40,0,114,-147,1,0,65,0,192,152,24,16,0,98,-132,0,0,65,0,216,152,24,16,0,15,-129,0,1,100,0,424,176,88,56,0,40,-226,0,0,100,0,336,152,48,104,0,126,-219,0,0,100,0,240,152,56,96,0,120,-193,0,0,100,0,192,168,48,56,0,105,-229,0,0,100,0,296,152,40,88,0,127,-190,0,0,100,0,192,0,40,40,0,22,-131,0,0,100,0,288,120,32,32,0,87,-197,0,0,100,0,192,120,32,32,0,0,-256,0,0,100,0,0,0,192,256,0,0,-256,0,0,100,0,0,256,192,256,0,
0,20,0,-256,0,0,100,0,192,256,192,256,0,74,-210,0,1,100,0,600,120,56,56,0,0,-256,0,0,25,0,576,256,192,256,0,0,-256,0,1,25,0,384,256,192,256,0,73,-128,0,0,100,0,384,192,40,40,0,30,-153,0,0,100,0,384,152,40,40,0,93,-157,0,0,100,0,192,40,40,40,0,106,-175,0,0,100,0,352,80,40,40,0,114,-147,1,0,65,0,192,152,24,16,0,103,-130,0,0,65,0,216,152,24,16,0,15,-129,0,1,100,0,424,176,88,56,0,40,-226,0,0,100,0,336,152,48,104,0,126,-219,0,0,100,0,240,152,56,96,0,120,-193,0,0,100,0,192,168,48,56,0,22,-131,0,0,100,0,320,120,32,32,0,105,-229,0,0,100,0,296,152,40,88,0,127,-190,0,0,100,0,192,0,40,40,0,87,-197,0,0,100,0,224,120,32,32,0,0,-256,0,0,100,0,0,0,192,256,0,0,-256,0,0,100,0,0,256,192,256,0,
0,20,0,-256,0,0,100,0,192,256,192,256,0,74,-210,0,1,100,0,600,120,56,56,0,0,-256,0,0,25,0,576,256,192,256,0,0,-256,0,1,25,0,384,256,192,256,0,73,-128,0,0,100,0,384,192,40,40,0,30,-153,0,0,100,0,384,152,40,40,0,93,-157,0,0,100,0,192,40,40,40,0,106,-175,0,0,100,0,352,80,40,40,0,114,-147,1,0,65,0,192,152,24,16,0,103,-130,0,0,65,0,216,152,24,16,0,15,-129,0,1,100,0,512,120,88,56,0,40,-226,0,0,100,0,336,152,48,104,0,126,-219,0,0,100,0,240,152,56,96,0,120,-193,0,0,100,0,192,168,48,56,0,22,-131,0,0,100,0,320,120,32,32,0,105,-229,0,0,100,0,296,152,40,88,0,127,-190,0,0,100,0,192,0,40,40,0,87,-197,0,0,100,0,224,120,32,32,0,0,-256,0,0,100,0,0,0,192,256,0,0,-256,0,0,100,0,0,256,192,256,0,
0,20,0,-256,0,0,100,0,192,256,192,256,0,74,-210,0,1,100,0,512,176,56,56,0,0,-256,0,0,25,0,576,256,192,256,0,0,-256,0,1,25,0,384,256,192,256,0,73,-128,0,0,100,0,384,192,40,40,0,30,-153,0,0,100,0,384,152,40,40,0,93,-157,0,0,100,0,192,40,40,40,0,106,-175,0,0,100,0,352,80,40,40,0,114,-147,1,0,65,0,192,152,24,16,0,103,-130,0,0,65,0,216,152,24,16,0,15,-129,0,1,100,0,512,120,88,56,0,40,-226,0,0,100,0,336,152,48,104,0,126,-219,0,0,100,0,240,152,56,96,0,120,-193,0,0,100,0,192,168,48,56,0,22,-131,0,0,100,0,320,120,32,32,0,105,-229,0,0,100,0,296,152,40,88,0,127,-190,0,0,100,0,192,0,40,40,0,87,-197,0,0,100,0,224,120,32,32,0,0,-256,0,0,100,0,0,0,192,256,0,0,-256,0,0,100,0,0,256,192,256,0,
0,20,0,-256,0,0,100,0,192,256,192,256,0,74,-210,0,1,100,0,512,176,56,56,0,0,-256,0,0,25,0,576,256,192,256,0,0,-256,0,1,25,0,384,256,192,256,0,73,-128,0,0,100,0,384,192,40,40,0,30,-153,0,0,100,0,384,152,40,40,0,99,-152,0,0,100,0,232,40,40,40,0,106,-175,0,0,100,0,352,80,40,40,0,114,-147,1,0,65,0,192,152,24,16,0,108,-125,0,0,65,0,216,152,24,16,0,15,-129,0,1,100,0,512,120,88,56,0,40,-226,0,0,100,0,336,152,48,104,0,126,-219,0,0,100,0,240,152,56,96,0,120,-193,0,0,100,0,192,168,48,56,0,22,-131,0,0,100,0,352,120,32,32,0,105,-229,0,0,100,0,296,152,40,88,0,127,-190,0,0,100,0,192,0,40,40,0,87,-197,0,0,100,0,256,120,32,32,0,0,-256,0,0,100,0,0,0,192,256,0,0,-256,0,0,100,0,0,256,192,256,0,
0,20,0,-256,0,0,100,0,192,256,192,256,0,74,-210,0,1,100,0,512,176,56,56,0,0,-256,0,0,25,0,576,256,192,256,0,0,-256,0,1,25,0,384,256,192,256,0,73,-128,0,0,100,0,384,192,40,40,0,30,-153,0,0,100,0,384,152,40,40,0,99,-152,0,0,100,0,232,40,40,40,0,106,-175,0,0,100,0,352,80,40,40,0,114,-147,1,0,65,0,192,152,24,16,0,108,-125,0,0,65,0,216,152,24,16,0,15,-129,0,1,100,0,512,120,88,56,0,40,-226,0,0,100,0,336,152,48,104,0,126,-219,0,0,100,0,240,152,56,96,0,120,-193,0,0,100,0,192,168,48,56,0,22,-131,0,0,100,0,352,120,32,32,0,105,-229,0,0,100,0,296,152,40,88,0,127,-190,0,0,100,0,192,0,40,40,0,87,-197,0,0,100,0,256,120,32,32,0,0,-256,0,0,100,0,0,0,192,256,0,0,-256,0,0,100,0,0,256,192,256,0,
0,20,0,-256,0,0,100,0,192,256,192,256,0,74,-210,0,1,100,0,568,176,56,56,0,0,-256,0,0,25,0,576,256,192,256,0,0,-256,0,1,25,0,384,256,192,256,0,73,-128,0,0,100,0,384,192,40,40,0,30,-153,0,0,100,0,384,152,40,40,0,99,-152,0,0,100,0,232,40,40,40,0,106,-175,0,0,100,0,352,80,40,40,0,114,-147,1,0,65,0,192,152,24,16,0,108,-125,0,0,65,0,216,152,24,16,0,15,-129,0,1,100,0,424,120,88,56,0,40,-226,0,0,100,0,336,152,48,104,0,126,-219,0,0,100,0,240,152,56,96,0,120,-193,0,0,100,0,192,168,48,56,0,22,-131,0,0,100,0,352,120,32,32,0,105,-229,0,0,100,0,296,152,40,88,0,127,-190,0,0,100,0,192,0,40,40,0,87,-197,0,0,100,0,256,120,32,32,0,0,-256,0,0,100,0,0,0,192,256,0,0,-256,0,0,100,0,0,256,192,256,0,
0,20,0,-256,0,0,100,0,192,256,192,256,0,74,-210,0,1,100,0,568,176,56,56,0,0,-256,0,0,25,0,576,256,192,256,0,0,-256,0,1,25,0,384,256,192,256,0,73,-128,0,0,100,0,384,192,40,40,0,30,-153,0,0,100,0,384,152,40,40,0,101,-152,0,0,100,0,472,40,40,40,0,106,-175,0,0,100,0,352,80,40,40,0,114,-147,1,0,65,0,192,152,24,16,0,108,-125,0,0,65,0,216,152,24,16,0,15,-129,0,1,100,0,424,120,88,56,0,40,-226,0,0,100,0,336,152,48,104,0,126,-219,0,0,100,0,240,152,56,96,0,120,-193,0,0,100,0,192,168,48,56,0,105,-229,0,0,100,0,296,152,40,88,0,127,-190,0,0,100,0,192,0,40,40,0,22,-131,0,0,100,0,288,120,32,32,0,87,-197,0,0,100,0,192,120,32,32,0,0,-256,0,0,100,0,0,0,192,256,0,0,-256,0,0,100,0,0,256,192,256,0,
0,20,0,-256,0,0,100,0,192,256,192,256,0,74,-210,0,1,100,0,568,176,56,56,0,0,-256,0,0,25,0,576,256,192,256,0,0,-256,0,1,25,0,384,256,192,256,0,73,-128,0,0,100,0,384,192,40,40,0,30,-153,0,0,100,0,384,152,40,40,0,101,-152,0,0,100,0,472,40,40,40,0,106,-175,0,0,100,0,352,80,40,40,0,114,-147,1,0,65,0,192,152,24,16,0,108,-125,0,0,65,0,216,152,24,16,0,15,-129,0,1,100,0,424,120,88,56,0,40,-226,0,0,100,0,336,152,48,104,0,126,-219,0,0,100,0,240,152,56,96,0,120,-193,0,0,100,0,192,168,48,56,0,105,-229,0,0,100,0,296,152,40,88,0,127,-190,0,0,100,0,192,0,40,40,0,22,-131,0,0,100,0,288,120,32,32,0,87,-197,0,0,100,0,192,120,32,32,0,0,-256,0,0,100,0,0,0,192,256,0,0,-256,0,0,100,0,0,256,192,256,0,
0,20,0,-256,0,0,100,0,192,256,192,256,0,74,-210,0,1,100,0,512,176,56,56,0,0,-256,0,0,25,0,576,256,192,256,0,0,-256,0,1,25,0,384,256,192,256,0,73,-128,0,0,100,0,384,192,40,40,0,30,-153,0,0,100,0,384,152,40,40,0,101,-152,0,0,100,0,472,40,40,40,0,106,-175,0,0,100,0,352,80,40,40,0,114,-147,1,0,65,0,192,152,24,16,0,108,-125,0,0,65,0,216,152,24,16,0,15,-129,0,1,100,0,424,120,88,56,0,40,-226,0,0,100,0,336,152,48,104,0,126,-219,0,0,100,0,240,152,56,96,0,120,-193,0,0,100,0,192,168,48,56,0,105,-229,0,0,100,0,296,152,40,88,0,127,-190,0,0,100,0,192,0,40,40,0,22,-131,0,0,100,0,288,120,32,32,0,87,-197,0,0,100,0,192,120,32,32,0,0,-256,0,0,100,0,0,0,192,256,0,0,-256,0,0,100,0,0,256,192,256,0,
0,20,0,-256,0,0,100,0,192,256,192,256,0,74,-210,0,1,100,0,512,176,56,56,0,0,-256,0,0,25,0,576,256,192,256,0,0,-256,0,1,25,0,384,256,192,256,0,73,-128,0,0,100,0,384,192,40,40,0,30,-153,0,0,100,0,384,152,40,40,0,101,-152,0,0,100,0,472,40,40,40,0,106,-175,0,0,100,0,352,80,40,40,0,114,-147,1,0,65,0,192,152,24,16,0,108,-125,0,0,65,0,216,152,24,16,0,15,-129,0,1,100,0,424,176,88,56,0,40,-226,0,0,100,0,336,152,48,104,0,126,-219,0,0,100,0,240,152,56,96,0,120,-193,0,0,100,0,192,168,48,56,0,22,-131,0,0,100,0,320,120,32,32,0,105,-229,0,0,100,0,296,152,40,88,0,127,-190,0,0,100,0,192,0,40,40,0,87,-197,0,0,100,0,224,120,32,32,0,0,-256,0,0,100,0,0,0,192,256,0,0,-256,0,0,100,0,0,256,192,256,0,
0,20,0,-256,0,0,100,0,192,256,192,256,0,74,-210,0,1,100,0,512,176,56,56,0,0,-256,0,0,25,0,576,256,192,256,0,0,-256,0,1,25,0,384,256,192,256,0,73,-128,0,0,100,0,384,192,40,40,0,30,-153,0,0,100,0,384,152,40,40,0,101,-152,0,0,100,0,472,40,40,40,0,106,-175,0,0,100,0,352,80,40,40,0,114,-147,1,0,65,0,192,152,24,16,0,108,-125,0,0,65,0,216,152,24,16,0,15,-129,0,1,100,0,424,176,88,56,0,40,-226,0,0,100,0,336,152,48,104,0,126,-219,0,0,100,0,240,152,56,96,0,120,-193,0,0,100,0,192,168,48,56,0,22,-131,0,0,100,0,320,120,32,32,0,105,-229,0,0,100,0,296,152,40,88,0,127,-190,0,0,100,0,472,0,40,40,0,87,-197,0,0,100,0,224,120,32,32,0,0,-256,0,0,100,0,0,0,192,256,0,0,-256,0,0,100,0,0,256,192,256,0,
0,20,0,-256,0,0,100,0,192,256,192,256,0,74,-210,0,1,100,0,600,120,56,56,0,0,-256,0,0,25,0,576,256,192,256,0,0,-256,0,1,25,0,384,256,192,256,0,73,-128,0,0,100,0,384,192,40,40,0,30,-153,0,0,100,0,384,152,40,40,0,101,-152,0,0,100,0,472,40,40,40,0,106,-175,0,0,100,0,352,80,40,40,0,114,-147,1,0,65,0,192,152,24,16,0,108,-125,0,0,65,0,216,152,24,16,0,15,-129,0,1,100,0,424,176,88,56,0,40,-226,0,0,100,0,336,152,48,104,0,126,-219,0,0,100,0,240,152,56,96,0,120,-193,0,0,100,0,192,168,48,56,0,22,-131,0,0,100,0,320,120,32,32,0,105,-229,0,0,100,0,296,152,40,88,0,127,-190,0,0,100,0,472,0,40,40,0,87,-197,0,0,100,0,224,120,32,32,0,0,-256,0,0,100,0,0,0,192,256,0,0,-256,0,0,100,0,0,256,192,256,0,
0,20,0,-256,0,0,100,0,192,256,192,256,0,74,-210,0,1,100,0,600,120,56,56,0,0,-256,0,0,25,0,576,256,192,256,0,0,-256,0,1,25,0,384,256,192,256,0,73,-128,0,0,100,0,384,192,40,40,0,30,-153,0,0,100,0,384,152,40,40,0,101,-152,0,0,100,0,472,40,40,40,0,106,-175,0,0,100,0,352,80,40,40,0,114,-147,1,0,65,0,192,152,24,16,0,108,-125,0,0,65,0,216,152,24,16,0,15,-129,0,1,100,0,424,176,88,56,0,40,-226,0,0,100,0,336,152,48,104,0,126,-219,0,0,100,0,240,152,56,96,0,120,-193,0,0,100,0,192,168,48,56,0,22,-131,0,0,100,0,352,120,32,32,0,105,-229,0,0,100,0,296,152,40,88,0,127,-190,0,0,100,0,472,0,40,40,0,87,-197,0,0,100,0,256,120,32,32,0,0,-256,0,0,100,0,0,0,192,256,0,0,-256,0,0,100,0,0,256,192,256,0,
0,20,0,-256,0,0,100,0,192,256,192,256,0,74,-210,0,1,100,0,600,120,56,56,0,0,-256,0,0,25,0,576,256,192,256,0,0,-256,0,1,25,0,384,256,192,256,0,73,-128,0,0,100,0,384,192,40,40,0,30,-153,0,0,100,0,384,152,40,40,0,101,-152,0,0,100,0,472,40,40,40,0,106,-175,0,0,100,0,352,80,40,40,0,114,-147,1,0,65,0,192,152,24,16,0,108,-125,0,0,65,0,216,152,24,16,0,15,-129,0,1,100,0,512,120,88,56,0,40,-226,0,0,100,0,336,152,48,104,0,126,-219,0,0,100,0,240,152,56,96,0,120,-193,0,0,100,0,192,168,48,56,0,22,-131,0,0,100,0,352,120,32,32,0,105,-229,0,0,100,0,296,152,40,88,0,127,-190,0,0,100,0,472,0,40,40,0,87,-197,0,0,100,0,256,120,32,32,0,0,-256,0,0,100,0,0,0,192,256,0,0,-256,0,0,100,0,0,256,192,256,0,
0,20,0,-256,0,0,100,0,192,256,192,256,0,74,-210,0,1,100,0,512,176,56,56,0,0,-256,0,0,25,0,576,256,192,256,0,0,-256,0,1,25,0,384,256,192,256,0,73,-128,0,0,100,0,384,192,40,40,0,30,-153,0,0,100,0,384,152,40,40,0,101,-152,0,0,100,0,472,40,40,40,0,106,-175,0,0,100,0,352,80,40,40,0,114,-147,1,0,65,0,192,152,24,16,0,108,-125,0,0,65,0,216,152,24,16,0,15,-129,0,1,100,0,512,120,88,56,0,40,-226,0,0,100,0,336,152,48,104,0,126,-219,0,0,100,0,240,152,56,96,0,120,-193,0,0,100,0,192,168,48,56,0,22,-131,0,0,100,0,352,120,32,32,0,105,-229,0,0,100,0,296,152,40,88,0,127,-190,0,0,100,0,472,0,40,40,0,87,-197,0,0,100,0,256,120,32,32,0,0,-256,0,0,100,0,0,0,192,256,0,0,-256,0,0,100,0,0,256,192,256,0,
0,20,0,-256,0,0,100,0,192,256,192,256,0,74,-210,0,1,100,0,512,176,56,56,0,0,-256,0,0,25,0,576,256,192,256,0,0,-256,0,1,25,0,384,256,192,256,0,73,-128,0,0,100,0,384,192,40,40,0,30,-153,0,0,100,0,384,152,40,40,0,101,-152,0,0,100,0,472,40,40,40,0,106,-175,0,0,100,0,352,80,40,40,0,114,-147,1,0,65,0,192,152,24,16,0,108,-125,0,0,65,0,216,152,24,16,0,15,-129,0,1,100,0,512,120,88,56,0,40,-226,0,0,100,0,336,152,48,104,0,126,-219,0,0,100,0,240,152,56,96,0,120,-193,0,0,100,0,192,168,48,56,0,105,-229,0,0,100,0,296,152,40,88,0,127,-190,0,0,100,0,472,0,40,40,0,22,-131,0,0,100,0,288,120,32,32,0,87,-197,0,0,100,0,192,120,32,32,0,0,-256,0,0,100,0,0,0,192,256,0,0,-256,0,0,100,0,0,256,192,256,0,
0,20,0,-256,0,0,100,0,192,256,192,256,0,74,-210,0,1,100,0,512,176,56,56,0,0,-256,0,0,25,0,576,256,192,256,0,0,-256,0,1,25,0,384,256,192,256,0,73,-128,0,0,100,0,384,192,40,40,0,30,-153,0,0,100,0,384,152,40,40,0,101,-152,0,0,100,0,472,40,40,40,0,106,-175,0,0,100,0,352,80,40,40,0,114,-147,1,0,65,0,192,152,24,16,0,108,-125,0,0,65,0,216,152,24,16,0,15,-129,0,1,100,0,512,120,88,56,0,40,-226,0,0,100,0,336,152,48,104,0,126,-219,0,0,100,0,240,152,56,96,0,120,-193,0,0,100,0,192,168,48,56,0,105,-229,0,0,100,0,296,152,40,88,0,127,-190,0,0,100,0,472,0,40,40,0,22,-131,0,0,100,0,288,120,32,32,0,87,-197,0,0,100,0,192,120,32,32,0,0,-256,0,0,100,0,0,0,192,256,0,0,-256,0,0,100,0,0,256,192,256,0,
0,20,0,-256,0,0,100,0,192,256,192,256,0,74,-210,0,1,100,0,568,176,56,56,0,0,-256,0,0,25,0,576,256,192,256,0,0,-256,0,1,25,0,384,256,192,256,0,73,-128,0,0,100,0,384,192,40,40,0,30,-153,0,0,100,0,384,152,40,40,0,101,-152,0,0,100,0,472,40,40,40,0,106,-175,0,0,100,0,352,80,40,40,0,114,-147,1,0,65,0,192,152,24,16,0,108,-125,0,0,65,0,216,152,24,16,0,15,-129,0,1,100,0,424,120,88,56,0,40,-226,0,0,100,0,336,152,48,104,0,126,-219,0,0,100,0,240,152,56,96,0,120,-193,0,0,100,0,192,168,48,56,0,105,-229,0,0,100,0,296,152,40,88,0,127,-190,0,0,100,0,472,0,40,40,0,22,-131,0,0,100,0,288,120,32,32,0,87,-197,0,0,100,0,192,120,32,32,0,0,-256,0,0,100,0,0,0,192,256,0,0,-256,0,0,100,0,0,256,192,256,0,
0,20,0,-256,0,0,100,0,192,256,192,256,0,74,-210,0,1,100,0,568,176,56,56,0,0,-256,0,0,25,0,576,256,192,256,0,0,-256,0,1,25,0,384,256,192,256,0,73,-128,0,0,100,0,384,192,40,40,0,30,-153,0,0,100,0,384,152,40,40,0,101,-152,0,0,100,0,472,40,40,40,0,106,-175,0,0,100,0,352,80,40,40,0,114,-147,1,0,65,0,192,152,24,16,0,108,-125,0,0,65,0,216,152,24,16,0,15,-129,0,1,100,0,424,120,88,56,0,40,-226,0,0,100,0,336,152,48,104,0,126,-219,0,0,100,0,240,152,56,96,0,120,-193,0,0,100,0,192,168,48,56,0,22,-131,0,0,100,0,320,120,32,32,0,105,-229,0,0,100,0,296,152,40,88,0,127,-190,0,0,100,0,472,0,40,40,0,87,-197,0,0,100,0,224,120,32,32,0,0,-256,0,0,100,0,0,0,192,256,0,0,-256,0,0,100,0,0,256,192,256,0,
0,20,0,-256,0,0,100,0,192,256,192,256,0,74,-210,0,1,100,0,568,176,56,56,0,0,-256,0,0,25,0,576,256,192,256,0,0,-256,0,1,25,0,384,256,192,256,0,73,-128,0,0,100,0,384,192,40,40,0,30,-153,0,0,100,0,384,152,40,40,0,101,-152,0,0,100,0,472,40,40,40,0,106,-175,0,0,100,0,352,80,40,40,0,114,-147,1,0,65,0,192,152,24,16,0,108,-125,0,0,65,0,216,152,24,16,0,15,-129,0,1,100,0,424,120,88,56,0,40,-226,0,0,100,0,336,152,48,104,0,126,-219,0,0,100,0,240,152,56,96,0,120,-193,0,0,100,0,192,168,48,56,0,22,-131,0,0,100,0,320,120,32,32,0,105,-229,0,0,100,0,296,152,40,88,0,127,-190,0,0,100,0,472,0,40,40,0,87,-197,0,0,100,0,224,120,32,32,0,0,-256,0,0,100,0,0,0,192,256,0,0,-256,0,0,100,0,0,256,192,256,0,
0,20,0,-256,0,0,100,0,192,256,192,256,0,74,-210,0,1,100,0,512,176,56,56,0,0,-256,0,0,25,0,576,256,192,256,0,0,-256,0,1,25,0,384,256,192,256,0,73,-128,0,0,100,0,384,192,40,40,0,30,-153,0,0,100,0,384,152,40,40,0,101,-152,0,0,100,0,472,40,40,40,0,106,-175,0,0,100,0,352,80,40,40,0,114,-147,1,0,65,0,192,152,24,16,0,108,-125,0,0,65,0,216,152,24,16,0,15,-129,0,1,100,0,424,120,88,56,0,40,-226,0,0,100,0,336,152,48,104,0,126,-219,0,0,100,0,240,152,56,96,0,120,-193,0,0,100,0,192,168,48,56,0,22,-131,0,0,100,0,320,120,32,32,0,105,-229,0,0,100,0,296,152,40,88,0,127,-190,0,0,100,0,472,0,40,40,0,87,-197,0,0,100,0,224,120,32,32,0,0,-256,0,0,100,0,0,0,192,256,0,0,-256,0,0,100,0,0,256,192,256,0,
0,20,0,-256,0,0,100,0,192,256,192,256,0,74,-210,0,1,100,0,512,176,56,56,0,0,-256,0,0,25,0,576,256,192,256,0,0,-256,0,1,25,0,384,256,192,256,0,73,-128,0,0,100,0,384,192,40,40,0,30,-153,0,0,100,0,384,152,40,40,0,101,-152,0,0,100,0,472,40,40,40,0,106,-175,0,0,100,0,352,80,40,40,0,114,-147,1,0,65,0,192,152,24,16,0,108,-125,0,0,65,0,216,152,24,16,0,15,-129,0,1,100,0,424,176,88,56,0,40,-226,0,0,100,0,336,152,48,104,0,126,-219,0,0,100,0,240,152,56,96,0,120,-193,0,0,100,0,192,168,48,56,0,22,-131,0,0,100,0,352,120,32,32,0,127,-190,0,0,100,0,232,0,40,40,0,105,-229,0,0,100,0,296,152,40,88,0,87,-197,0,0,100,0,256,120,32,32,0,0,-256,0,0,100,0,0,0,192,256,0,0,-256,0,0,100,0,0,256,192,256,0,
0,20,0,-256,0,0,100,0,192,256,192,256,0,74,-210,0,1,100,0,512,176,56,56,0,0,-256,0,0,25,0,576,256,192,256,0,0,-256,0,1,25,0,384,256,192,256,0,73,-128,0,0,100,0,384,192,40,40,0,30,-153,0,0,100,0,384,152,40,40,0,101,-152,0,0,100,0,472,40,40,40,0,106,-175,0,0,100,0,352,80,40,40,0,114,-147,1,0,65,0,192,152,24,16,0,108,-125,0,0,65,0,216,152,24,16,0,15,-129,0,1,100,0,424,176,88,56,0,40,-226,0,0,100,0,336,152,48,104,0,126,-219,0,0,100,0,240,152,56,96,0,120,-193,0,0,100,0,192,168,48,56,0,22,-131,0,0,100,0,352,120,32,32,0,127,-190,0,0,100,0,232,0,40,40,0,105,-229,0,0,100,0,296,152,40,88,0,87,-197,0,0,100,0,256,120,32,32,0,0,-256,0,0,100,0,0,0,192,256,0,0,-256,0,0,100,0,0,256,192,256,0,
0,20,0,-256,0,0,100,0,192,256,192,256,0,74,-210,0,1,100,0,600,120,56,56,0,0,-256,0,0,25,0,576,256,192,256,0,0,-256,0,1,25,0,384,256,192,256,0,73,-128,0,0,100,0,384,192,40,40,0,30,-153,0,0,100,0,384,152,40,40,0,101,-152,0,0,100,0,472,40,40,40,0,106,-175,0,0,100,0,352,80,40,40,0,114,-147,1,0,65,0,192,152,24,16,0,108,-125,0,0,65,0,216,152,24,16,0,15,-129,0,1,100,0,424,176,88,56,0,40,-226,0,0,100,0,336,152,48,104,0,126,-219,0,0,100,0,240,152,56,96,0,120,-193,0,0,100,0,192,168,48,56,0,22,-131,0,0,100,0,352,120,32,32,0,127,-190,0,0,100,0,232,0,40,40,0,105,-229,0,0,100,0,296,152,40,88,0,87,-197,0,0,100,0,256,120,32,32,0,0,-256,0,0,100,0,0,0,192,256,0,0,-256,0,0,100,0,0,256,192,256,0,
0,20,0,-256,0,0,100,0,192,256,192,256,0,74,-210,0,1,100,0,600,120,56,56,0,0,-256,0,0,25,0,576,256,192,256,0,0,-256,0,1,25,0,384,256,192,256,0,73,-128,0,0,100,0,384,192,40,40,0,30,-153,0,0,100,0,384,152,40,40,0,101,-152,0,0,100,0,472,40,40,40,0,106,-175,0,0,100,0,352,80,40,40,0,114,-147,1,0,65,0,192,152,24,16,0,108,-125,0,0,65,0,216,152,24,16,0,15,-129,0,1,100,0,424,176,88,56,0,40,-226,0,0,100,0,336,152,48,104,0,126,-219,0,0,100,0,240,152,56,96,0,120,-193,0,0,100,0,192,168,48,56,0,127,-190,0,0,100,0,272,0,40,40,0,105,-229,0,0,100,0,296,152,40,88,0,22,-131,0,0,100,0,288,120,32,32,0,87,-197,0,0,100,0,192,120,32,32,0,0,-256,0,0,100,0,0,0,192,256,0,0,-256,0,0,100,0,0,256,192,256,0,
0,20,0,-256,0,0,100,0,192,256,192,256,0,74,-210,0,1,100,0,600,120,56,56,0,0,-256,0,0,25,0,576,256,192,256,0,0,-256,0,1,25,0,384,256,192,256,0,73,-128,0,0,100,0,384,192,40,40,0,30,-153,0,0,100,0,384,152,40,40,0,101,-152,0,0,100,0,472,40,40,40,0,106,-175,0,0,100,0,352,80,40,40,0,114,-147,1,0,65,0,192,152,24,16,0,108,-125,0,0,65,0,216,152,24,16,0,15,-129,0,1,100,0,512,120,88,56,0,40,-226,0,0,100,0,336,152,48,104,0,126,-219,0,0,100,0,240,152,56,96,0,120,-193,0,0,100,0,192,168,48,56,0,105,-229,0,0,100,0,296,152,40,88,0,127,-190,0,0,100,0,272,0,40,40,0,22,-131,0,0,100,0,288,120,32,32,0,87,-197,0,0,100,0,192,120,32,32,0,0,-256,0,0,100,0,0,0,192,256,0,0,-256,0,0,100,0,0,256,192,256,0,
0,20,0,-256,0,0,100,0,192,256,192,256,0,74,-210,0,1,100,0,512,176,56,56,0,0,-256,0,0,25,0,576,256,192,256,0,0,-256,0,1,25,0,384,256,192,256,0,73,-128,0,0,100,0,384,192,40,40,0,30,-153,0,0,100,0,384,152,40,40,0,101,-152,0,0,100,0,472,40,40,40,0,106,-175,0,0,100,0,352,80,40,40,0,114,-147,1,0,65,0,192,152,24,16,0,108,-125,0,0,65,0,216,152,24,16,0,15,-129,0,1,100,0,512,120,88,56,0,40,-226,0,0,100,0,336,152,48,104,0,126,-219,0,0,100,0,240,152,56,96,0,120,-193,0,0,100,0,192,168,48,56,0,105,-229,0,0,100,0,296,152,40,88,0,127,-190,0,0,100,0,272,0,40,40,0,22,-131,0,0,100,0,288,120,32,32,0,87,-197,0,0,100,0,192,120,32,32,0,0,-256,0,0,100,0,0,0,192,256,0,0,-256,0,0,100,0,0,256,192,256,0,
0,21,0,-256,0,0,100,0,192,256,192,256,0,74,-210,0,1,100,0,512,176,56,56,0,0,-256,0,0,25,0,576,256,192,256,0,0,-256,0,1,25,0,384,256,192,256,0,73,-128,0,0,100,0,384,192,40,40,0,30,-153,0,0,100,0,384,152,40,40,0,101,-152,0,0,100,0,472,40,40,40,0,106,-175,0,0,100,0,352,80,40,40,0,114,-147,1,0,65,0,192,152,24,16,0,108,-125,0,0,65,0,216,152,24,16,0,15,-129,0,1,100,0,512,120,88,56,0,40,-226,0,0,100,0,336,152,48,104,0,126,-219,0,0,100,0,240,152,56,96,0,120,-193,0,0,100,0,192,168,48,56,0,22,-131,0,0,100,0,320,120,32,32,0,105,-229,0,0,100,0,296,152,40,88,0,127,-190,0,0,100,0,312,0,40,40,0,136,-161,0,0,40,0,216,152,24,16,0,87,-197,0,0,100,0,224,120,32,32,0,0,-256,0,0,100,0,0,0,192,256,0,0,-256,0,0,100,0,0,256,192,256,0,
0,21,0,-256,0,0,100,0,192,256,192,256,0,74,-210,0,1,100,0,512,176,56,56,0,0,-256,0,0,25,0,576,256,192,256,0,0,-256,0,1,25,0,384,256,192,256,0,73,-128,0,0,100,0,384,192,40,40,0,30,-153,0,0,100,0,384,152,40,40,0,101,-152,0,0,100,0,472,40,40,40,0,106,-175,0,0,100,0,352,80,40,40,0,114,-147,1,0,65,0,192,152,24,16,0,108,-125,0,0,65,0,216,152,24,16,0,15,-129,0,1,100,0,512,120,88,56,0,40,-226,0,0,100,0,336,152,48,104,0,126,-219,0,0,100,0,240,152,56,96,0,120,-193,0,0,100,0,192,168,48,56,0,22,-131,0,0,100,0,320,120,32,32,0,105,-229,0,0,100,0,296,152,40,88,0,127,-190,0,0,100,0,312,0,40,40,0,136,-161,0,0,40,0,216,152,24,16,0,87,-197,0,0,100,0,224,120,32,32,0,0,-256,0,0,100,0,0,0,192,256,0,0,-256,0,0,100,0,0,256,192,256,0,
0,21,0,-256,0,0,100,0,192,256,192,256,0,74,-210,0,1,100,0,568,176,56,56,0,0,-256,0,0,25,0,576,256,192,256,0,0,-256,0,1,25,0,384,256,192,256,0,73,-128,0,0,100,0,384,192,40,40,0,30,-153,0,0,100,0,384,152,40,40,0,101,-152,0,0,100,0,472,40,40,40,0,106,-175,0,0,100,0,352,80,40,40,0,114,-147,1,0,65,0,192,152,24,16,0,108,-125,0,0,65,0,216,152,24,16,0,15,-129,0,1,100,0,424,120,88,56,0,40,-226,0,0,100,0,336,152,48,104,0,126,-219,0,0,100,0,240,152,56,96,0,120,-193,0,0,100,0,192,168,48,56,0,22,-131,0,0,100,0,320,120,32,32,0,105,-229,0,0,100,0,296,152,40,88,0,127,-190,0,0,100,0,312,0,40,40,0,136,-161,0,0,40,0,216,152,24,16,0,87,-197,0,0,100,0,224,120,32,32,0,0,-256,0,0,100,0,0,0,192,256,0,0,-256,0,0,100,0,0,256,192,256,0,
0,21,0,-256,0,0,100,0,192,256,192,256,0,74,-210,0,1,100,0,568,176,56,56,0,0,-256,0,0,25,0,576,256,192,256,0,0,-256,0,1,25,0,384,256,192,256,0,73,-128,0,0,100,0,384,192,40,40,0,30,-153,0,0,100,0,384,152,40,40,0,101,-152,0,0,100,0,472,40,40,40,0,106,-175,0,0,100,0,352,80,40,40,0,114,-147,1,0,65,0,192,152,24,16,0,108,-125,0,0,65,0,216,152,24,16,0,15,-129,0,1,100,0,424,120,88,56,0,40,-226,0,0,100,0,336,152,48,104,0,126,-219,0,0,100,0,240,152,56,96,0,120,-193,0,0,100,0,192,168,48,56,0,22,-131,0,0,100,0,352,120,32,32,0,105,-229,0,0,100,0,296,152,40,88,0,128,-189,0,0,100,0,352,0,40,40,0,136,-161,0,0,40,0,216,152,24,16,0,87,-197,0,0,100,0,256,120,32,32,0,0,-256,0,0,100,0,0,0,192,256,0,0,-256,0,0,100,0,0,256,192,256,0,
0,21,0,-256,0,0,100,0,192,256,192,256,0,74,-210,0,1,100,0,568,176,56,56,0,0,-256,0,0,25,0,576,256,192,256,0,0,-256,0,1,25,0,384,256,192,256,0,73,-128,0,0,100,0,384,192,40,40,0,30,-153,0,0,100,0,384,152,40,40,0,101,-152,0,0,100,0,472,40,40,40,0,106,-175,0,0,100,0,352,80,40,40,0,114,-147,1,0,65,0,192,152,24,16,0,108,-125,0,0,65,0,216,152,24,16,0,15,-129,0,1,100,0,424,120,88,56,0,40,-226,0,0,100,0,336,152,48,104,0,126,-219,0,0,100,0,240,152,56,96,0,120,-193,0,0,100,0,192,168,48,56,0,22,-131,0,0,100,0,352,120,32,32,0,105,-229,0,0,100,0,296,152,40,88,0,128,-189,0,0,100,0,352,0,40,40,0,136,-161,0,0,40,0,216,152,24,16,0,87,-197,0,0,100,0,256,120,32,32,0,0,-256,0,0,100,0,0,0,192,256,0,0,-256,0,0,100,0,0,256,192,256,0,
0,21,0,-256,0,0,100,0,192,256,192,256,0,74,-210,0,1,100,0,512,176,56,56,0,0,-256,0,0,25,0,576,256,192,256,0,0,-256,0,1,25,0,384,256,192,256,0,73,-128,0,0,100,0,384,192,40,40,0,30,-153,0,0,100,0,384,152,40,40,0,101,-152,0,0,100,0,472,40,40,40,0,106,-175,0,0,100,0,352,80,40,40,0,114,-147,1,0,65,0,192,152,24,16,0,108,-125,0,0,65,0,216,152,24,16,0,15,-129,0,1,100,0,424,120,88,56,0,40,-226,0,0,100,0,336,152,48,104,0,126,-219,0,0,100,0,240,152,56,96,0,120,-193,0,0,100,0,192,168,48,56,0,22,-131,0,0,100,0,352,120,32,32,0,105,-229,0,0,100,0,296,152,40,88,0,128,-189,0,0,100,0,352,0,40,40,0,136,-161,0,0,40,0,216,152,24,16,0,87,-197,0,0,100,0,256,120,32,32,0,0,-256,0,0,100,0,0,0,192,256,0,0,-256,0,0,100,0,0,256,192,256,0,
0,21,0,-256,0,0,100,0,192,256,192,256,0,74,-210,0,1,100,0,512,176,56,56,0,0,-256,0,0,25,0,576,256,192,256,0,0,-256,0,1,25,0,384,256,192,256,0,73,-128,0,0,100,0,384,192,40,40,0,30,-153,0,0,100,0,384,152,40,40,0,101,-152,0,0,100,0,472,40,40,40,0,106,-175,0,0,100,0,352,80,40,40,0,114,-147,1,0,65,0,192,152,24,16,0,108,-125,0,0,65,0,216,152,24,16,0,15,-129,0,1,100,0,424,176,88,56,0,40,-226,0,0,100,0,336,152,48,104,0,126,-219,0,0,100,0,240,152,56,96,0,120,-193,0,0,100,0,192,168,48,56,0,105,-229,0,0,100,0,296,152,40,88,0,128,-189,0,0,100,0,352,0,40,40,0,136,-161,0,0,40,0,216,152,24,16,0,22,-131,0,0,100,0,288,120,32,32,0,87,-197,0,0,100,0,192,120,32,32,0,0,-256,0,0,100,0,0,0,192,256,0,0,-256,0,0,100,0,0,256,192,256,0,
0,21,0,-256,0,0,100,0,192,256,192,256,0,74,-210,0,1,100,0,512,176,56,56,0,0,-256,0,0,25,0,576,256,192,256,0,0,-256,0,1,25,0,384,256,192,256,0,73,-128,0,0,100,0,384,192,40,40,0,30,-153,0,0,100,0,384,152,40,40,0,101,-152,0,0,100,0,472,40,40,40,0,106,-175,0,0,100,0,352,80,40,40,0,114,-147,1,0,65,0,192,152,24,16,0,108,-125,0,0,65,0,216,152,24,16,0,15,-129,0,1,100,0,424,176,88,56,0,40,-226,0,0,100,0,336,152,48,104,0,126,-219,0,0,100,0,240,152,56,96,0,120,-193,0,0,100,0,192,168,48,56,0,105,-229,0,0,100,0,296,152,40,88,0,128,-189,0,0,100,0,352,0,40,40,0,136,-161,0,0,40,0,216,152,24,16,0,22,-131,0,0,100,0,288,120,32,32,0,87,-197,0,0,100,0,192,120,32,32,0,0,-256,0,0,100,0,0,0,192,256,0,0,-256,0,0,100,0,0,256,192,256,0,
0,21,0,-256,0,0,100,0,192,256,192,256,0,74,-210,0,1,100,0,600,120,56,56,0,0,-256,0,0,25,0,576,256,192,256,0,0,-256,0,1,25,0,384,256,192,256,0,73,-128,0,0,100,0,384,192,40,40,0,30,-153,0,0,100,0,384,152,40,40,0,101,-152,0,0,100,0,472,40,40,40,0,106,-175,0,0,100,0,352,80,40,40,0,114,-147,1,0,65,0,192,152,24,16,0,108,-125,0,0,65,0,216,152,24,16,0,15,-129,0,1,100,0,424,176,88,56,0,40,-226,0,0,100,0,336,152,48,104,0,126,-219,0,0,100,0,240,152,56,96,0,120,-193,0,0,100,0,192,168,48,56,0,105,-229,0,0,100,0,296,152,40,88,0,128,-189,0,0,100,0,352,0,40,40,0,136,-161,0,0,40,0,216,152,24,16,0,22,-131,0,0,100,0,288,120,32,32,0,87,-197,0,0,100,0,192,120,32,32,0,0,-256,0,0,100,0,0,0,192,256,0,0,-256,0,0,100,0,0,256,192,256,0,
0,21,0,-256,0,0,100,0,192,256,192,256,0,74,-210,0,1,100,0,600,120,56,56,0,0,-256,0,0,25,0,576,256,192,256,0,0,-256,0,1,25,0,384,256,192,256,0,73,-128,0,0,100,0,384,192,40,40,0,30,-153,0,0,100,0,384,152,40,40,0,101,-152,0,0,100,0,472,40,40,40,0,106,-175,0,0,100,0,352,80,40,40,0,114,-147,1,0,65,0,192,152,24,16,0,108,-125,0,0,65,0,216,152,24,16,0,15,-129,0,1,100,0,424,176,88,56,0,40,-226,0,0,100,0,336,152,48,104,0,126,-219,0,0,100,0,240,152,56,96,0,120,-193,0,0,100,0,192,168,48,56,0,22,-131,0,0,100,0,320,120,32,32,0,105,-229,0,0,100,0,296,152,40,88,0,128,-189,0,0,100,0,352,0,40,40,0,136,-161,0,0,40,0,216,152,24,16,0,87,-197,0,0,100,0,224,120,32,32,0,0,-256,0,0,100,0,0,0,192,256,0,0,-256,0,0,100,0,0,256,192,256,0,
0,21,0,-256,0,0,100,0,192,256,192,256,0,74,-210,0,1,100,0,600,120,56,56,0,0,-256,0,0,25,0,576,256,192,256,0,0,-256,0,1,25,0,384,256,192,256,0,73,-128,0,0,100,0,384,192,40,40,0,30,-153,0,0,100,0,384,152,40,40,0,101,-152,0,0,100,0,472,40,40,40,0,106,-175,0,0,100,0,352,80,40,40,0,114,-147,1,0,65,0,192,152,24,16,0,108,-125,0,0,65,0,216,152,24,16,0,15,-129,0,1,100,0,512,120,88,56,0,40,-226,0,0,100,0,336,152,48,104,0,126,-219,0,0,100,0,240,152,56,96,0,120,-193,0,0,100,0,192,168,48,56,0,22,-131,0,0,100,0,320,120,32,32,0,105,-229,0,0,100,0,296,152,40,88,0,128,-189,0,0,100,0,352,0,40,40,0,136,-161,0,0,40,0,216,152,24,16,0,87,-197,0,0,100,0,224,120,32,32,0,0,-256,0,0,100,0,0,0,192,256,0,0,-256,0,0,100,0,0,256,192,256,0,
0,21,0,-256,0,0,100,0,192,256,192,256,0,74,-210,0,1,100,0,512,176,56,56,0,0,-256,0,0,25,0,576,256,192,256,0,0,-256,0,1,25,0,384,256,192,256,0,73,-128,0,0,100,0,384,192,40,40,0,30,-153,0,0,100,0,384,152,40,40,0,101,-152,0,0,100,0,472,40,40,40,0,106,-175,0,0,100,0,352,80,40,40,0,114,-147,1,0,65,0,192,152,24,16,0,108,-125,0,0,65,0,216,152,24,16,0,15,-129,0,1,100,0,512,120,88,56,0,40,-226,0,0,100,0,336,152,48,104,0,126,-219,0,0,100,0,240,152,56,96,0,120,-193,0,0,100,0,192,168,48,56,0,22,-131,0,0,100,0,320,120,32,32,0,105,-229,0,0,100,0,296,152,40,88,0,128,-189,0,0,100,0,352,0,40,40,0,136,-161,0,0,40,0,216,152,24,16,0,87,-197,0,0,100,0,224,120,32,32,0,0,-256,0,0,100,0,0,0,192,256,0,0,-256,0,0,100,0,0,256,192,256,0,
0,21,0,-256,0,0,100,0,192,256,192,256,0,74,-210,0,1,100,0,512,176,56,56,0,0,-256,0,0,25,0,576,256,192,256,0,0,-256,0,1,25,0,384,256,192,256,0,73,-128,0,0,100,0,384,192,40,40,0,30,-153,0,0,100,0,384,152,40,40,0,101,-152,0,0,100,0,472,40,40,40,0,106,-175,0,0,100,0,352,80,40,40,0,114,-147,1,0,65,0,192,152,24,16,0,108,-125,0,0,65,0,216,152,24,16,0,15,-129,0,1,100,0,512,120,88,56,0,40,-226,0,0,100,0,336,152,48,104,0,126,-219,0,0,100,0,240,152,56,96,0,120,-193,0,0,100,0,192,168,48,56,0,22,-131,0,0,100,0,352,120,32,32,0,105,-229,0,0,100,0,296,152,40,88,0,128,-189,0,0,100,0,352,0,40,40,0,136,-161,0,0,40,0,216,152,24,16,0,87,-197,0,0,100,0,256,120,32,32,0,0,-256,0,0,100,0,0,0,192,256,0,0,-256,0,0,100,0,0,256,192,256,0,
0,21,0,-256,0,0,100,0,192,256,192,256,0,74,-210,0,1,100,0,512,176,56,56,0,0,-256,0,0,25,0,576,256,192,256,0,0,-256,0,1,25,0,384,256,192,256,0,73,-128,0,0,100,0,384,192,40,40,0,30,-153,0,0,100,0,384,152,40,40,0,101,-152,0,0,100,0,472,40,40,40,0,106,-175,0,0,100,0,352,80,40,40,0,114,-147,1,0,65,0,192,152,24,16,0,108,-125,0,0,65,0,216,152,24,16,0,15,-129,0,1,100,0,512,120,88,56,0,40,-226,0,0,100,0,336,152,48,104,0,126,-219,0,0,100,0,240,152,56,96,0,120,-193,0,0,100,0,192,168,48,56,0,22,-131,0,0,100,0,352,120,32,32,0,105,-229,0,0,100,0,296,152,40,88,0,128,-189,0,0,100,0,352,0,40,40,0,136,-161,0,0,40,0,216,152,24,16,0,87,-197,0,0,100,0,256,120,32,32,0,0,-256,0,0,100,0,0,0,192,256,0,0,-256,0,0,100,0,0,256,192,256,0,
0,21,0,-256,0,0,100,0,192,256,192,256,0,74,-210,0,1,100,0,568,176,56,56,0,0,-256,0,0,25,0,576,256,192,256,0,0,-256,0,1,25,0,384,256,192,256,0,73,-128,0,0,100,0,384,192,40,40,0,30,-153,0,0,100,0,384,152,40,40,0,101,-152,0,0,100,0,472,40,40,40,0,106,-175,0,0,100,0,352,80,40,40,0,114,-147,1,0,65,0,192,152,24,16,0,108,-125,0,0,65,0,216,152,24,16,0,15,-129,0,1,100,0,424,120,88,56,0,40,-226,0,0,100,0,336,152,48,104,0,126,-219,0,0,100,0,240,152,56,96,0,120,-193,0,0,100,0,192,168,48,56,0,22,-131,0,0,100,0,352,120,32,32,0,105,-229,0,0,100,0,296,152,40,88,0,128,-189,0,0,100,0,352,0,40,40,0,136,-161,0,0,40,0,216,152,24,16,0,87,-197,0,0,100,0,256,120,32,32,0,0,-256,0,0,100,0,0,0,192,256,0,0,-256,0,0,100,0,0,256,192,256,0,
0,21,0,-256,0,0,100,0,192,256,192,256,0,74,-210,0,1,100,0,568,176,56,56,0,0,-256,0,0,25,0,576,256,192,256,0,0,-256,0,1,25,0,384,256,192,256,0,73,-128,0,0,100,0,384,192,40,40,0,30,-153,0,0,100,0,384,152,40,40,0,101,-152,0,0,100,0,472,40,40,40,0,106,-175,0,0,100,0,352,80,40,40,0,114,-147,1,0,65,0,192,152,24,16,0,108,-125,0,0,65,0,216,152,24,16,0,15,-129,0,1,100,0,424,120,88,56,0,40,-226,0,0,100,0,336,152,48,104,0,126,-219,0,0,100,0,240,152,56,96,0,120,-206,0,0,100,0,192,168,48,56,0,105,-229,0,0,100,0,296,152,40,88,0,128,-189,0,0,100,0,352,0,40,40,0,136,-161,0,0,40,0,216,152,24,16,0,22,-131,0,0,100,0,288,120,32,32,0,87,-197,0,0,100,0,192,120,32,32,0,0,-256,0,0,100,0,0,0,192,256,0,0,-256,0,0,100,0,0,256,192,256,0,
0,21,0,-256,0,0,100,0,192,256,192,256,0,74,-210,0,1,100,0,568,176,56,56,0,0,-256,0,0,25,0,576,256,192,256,0,0,-256,0,1,25,0,384,256,192,256,0,73,-128,0,0,100,0,384,192,40,40,0,30,-153,0,0,100,0,384,152,40,40,0,101,-152,0,0,100,0,472,40,40,40,0,106,-175,0,0,100,0,352,80,40,40,0,114,-147,1,0,65,0,192,152,24,16,0,108,-125,0,0,65,0,216,152,24,16,0,15,-129,0,1,100,0,424,120,88,56,0,40,-226,0,0,100,0,336,152,48,104,0,126,-219,0,0,100,0,240,152,56,96,0,120,-206,0,0,100,0,192,168,48,56,0,105,-229,0,0,100,0,296,152,40,88,0,128,-189,0,0,100,0,352,0,40,40,0,136,-161,0,0,40,0,216,152,24,16,0,22,-131,0,0,100,0,288,120,32,32,0,87,-197,0,0,100,0,192,120,32,32,0,0,-256,0,0,100,0,0,0,192,256,0,0,-256,0,0,100,0,0,256,192,256,0,
0,21,0,-256,0,0,100,0,192,256,192,256,0,74,-210,0,1,100,0,512,176,56,56,0,0,-256,0,0,25,0,576,256,192,256,0,0,-256,0,1,25,0,384,256,192,256,0,73,-128,0,0,100,0,384,192,40,40,0,30,-153,0,0,100,0,384,152,40,40,0,101,-152,0,0,100,0,472,40,40,40,0,106,-175,0,0,100,0,352,80,40,40,0,114,-147,1,0,65,0,192,152,24,16,0,108,-125,0,0,65,0,216,152,24,16,0,15,-129,0,1,100,0,424,120,88,56,0,40,-226,0,0,100,0,336,152,48,104,0,126,-219,0,0,100,0,240,152,56,96,0,120,-206,0,0,100,0,192,168,48,56,0,105,-229,0,0,100,0,296,152,40,88,0,128,-189,0,0,100,0,352,0,40,40,0,136,-161,0,0,40,0,216,152,24,16,0,22,-131,0,0,100,0,288,120,32,32,0,87,-197,0,0,100,0,192,120,32,32,0,0,-256,0,0,100,0,0,0,192,256,0,0,-256,0,0,100,0,0,256,192,256,0,
0,21,0,-256,0,0,100,0,192,256,192,256,0,74,-210,0,1,100,0,512,176,56,56,0,0,-256,0,0,25,0,576,256,192,256,0,0,-256,0,1,25,0,384,256,192,256,0,73,-128,0,0,100,0,384,192,40,40,0,30,-153,0,0,100,0,384,152,40,40,0,101,-152,0,0,100,0,472,40,40,40,0,106,-175,0,0,100,0,352,80,40,40,0,114,-147,1,0,65,0,192,152,24,16,0,108,-125,0,0,65,0,216,152,24,16,0,15,-129,0,1,100,0,424,176,88,56,0,40,-226,0,0,100,0,336,152,48,104,0,126,-219,0,0,100,0,240,152,56,96,0,120,-205,0,0,100,0,192,184,48,40,0,22,-131,0,0,100,0,320,120,32,32,0,105,-229,0,0,100,0,296,152,40,88,0,128,-189,0,0,100,0,352,0,40,40,0,136,-161,0,0,40,0,216,152,24,16,0,87,-197,0,0,100,0,224,120,32,32,0,0,-256,0,0,100,0,0,0,192,256,0,0,-256,0,0,100,0,0,256,192,256,0,
0,21,0,-256,0,0,100,0,192,256,192,256,0,74,-210,0,1,100,0,512,176,56,56,0,0,-256,0,0,25,0,576,256,192,256,0,0,-256,0,1,25,0,384,256,192,256,0,73,-128,0,0,100,0,384,192,40,40,0,30,-153,0,0,100,0,384,152,40,40,0,101,-152,0,0,100,0,472,40,40,40,0,106,-175,0,0,100,0,352,80,40,40,0,114,-147,1,0,65,0,192,152,24,16,0,108,-125,0,0,65,0,216,152,24,16,0,15,-129,0,1,100,0,424,176,88,56,0,40,-226,0,0,100,0,336,152,48,104,0,126,-219,0,0,100,0,240,152,56,96,0,120,-205,0,0,100,0,192,184,48,40,0,22,-131,0,0,100,0,320,120,32,32,0,105,-229,0,0,100,0,296,152,40,88,0,128,-189,0,0,100,0,352,0,40,40,0,136,-161,0,0,40,0,216,152,24,16,0,87,-197,0,0,100,0,224,120,32,32,0,0,-256,0,0,100,0,0,0,192,256,0,0,-256,0,0,100,0,0,256,192,256,0,
0,21,0,-256,0,0,100,0,192,256,192,256,0,74,-210,0,1,100,0,600,120,56,56,0,0,-256,0,0,25,0,576,256,192,256,0,0,-256,0,1,25,0,384,256,192,256,0,73,-128,0,0,100,0,384,192,40,40,0,30,-153,0,0,100,0,384,152,40,40,0,101,-152,0,0,100,0,472,40,40,40,0,106,-175,0,0,100,0,352,80,40,40,0,114,-147,1,0,65,0,192,152,24,16,0,108,-125,0,0,65,0,216,152,24,16,0,15,-129,0,1,100,0,424,176,88,56,0,40,-226,0,0,100,0,336,152,48,104,0,126,-219,0,0,100,0,240,152,56,96,0,120,-205,0,0,100,0,192,184,48,40,0,22,-131,0,0,100,0,320,120,32,32,0,105,-229,0,0,100,0,296,152,40,88,0,128,-189,0,0,100,0,352,0,40,40,0,136,-161,0,0,40,0,216,152,24,16,0,87,-197,0,0,100,0,224,120,32,32,0,0,-256,0,0,100,0,0,0,192,256,0,0,-256,0,0,100,0,0,256,192,256,0,
0,21,0,-256,0,0,100,0,192,256,192,256,0,74,-210,0,1,100,0,600,120,56,56,0,0,-256,0,0,25,0,576,256,192,256,0,0,-256,0,1,25,0,384,256,192,256,0,73,-128,0,0,100,0,384,192,40,40,0,30,-153,0,0,100,0,384,152,40,40,0,101,-152,0,0,100,0,472,40,40,40,0,99,-177,1,0,100,0,392,80,40,40,0,109,-148,1,0,65,0,192,152,24,16,0,108,-125,0,0,65,0,216,152,24,16,0,15,-129,0,1,100,0,424,176,88,56,0,40,-226,0,0,100,0,336,152,48,104,0,126,-219,0,0,100,0,240,152,56,96,0,120,-202,0,0,100,0,192,192,48,32,0,22,-131,0,0,100,0,352,120,32,32,0,105,-229,0,0,100,0,296,152,40,88,0,128,-189,0,0,100,0,352,0,40,40,0,136,-161,0,0,40,0,216,152,24,16,0,87,-197,0,0,100,0,256,120,32,32,0,0,-256,0,0,100,0,0,0,192,256,0,0,-256,0,0,100,0,0,256,192,256,0,
0,21,0,-256,0,0,100,0,192,256,192,256,0,74,-210,0,1,100,0,600,120,56,56,0,0,-256,0,0,25,0,576,256,192,256,0,0,-256,0,1,25,0,384,256,192,256,0,73,-128,0,0,100,0,384,192,40,40,0,30,-153,0,0,100,0,384,152,40,40,0,101,-152,0,0,100,0,472,40,40,40,0,99,-177,1,0,100,0,392,80,40,40,0,109,-148,1,0,65,0,192,152,24,16,0,108,-125,0,0,65,0,216,152,24,16,0,15,-129,0,1,100,0,512,120,88,56,0,40,-226,0,0,100,0,336,152,48,104,0,126,-219,0,0,100,0,240,152,56,96,0,120,-202,0,0,100,0,192,192,48,32,0,22,-131,0,0,100,0,352,120,32,32,0,105,-229,0,0,100,0,296,152,40,88,0,128,-189,0,0,100,0,352,0,40,40,0,136,-161,0,0,40,0,216,152,24,16,0,87,-197,0,0,100,0,256,120,32,32,0,0,-256,0,0,100,0,0,0,192,256,0,0,-256,0,0,100,0,0,256,192,256,0,
0,21,0,-256,0,0,100,0,192,256,192,256,0,74,-210,0,1,100,0,512,176,56,56,0,0,-256,0,0,25,0,576,256,192,256,0,0,-256,0,1,25,0,384,256,192,256,0,73,-128,0,0,100,0,384,192,40,40,0,30,-153,0,0,100,0,384,152,40,40,0,101,-152,0,0,100,0,472,40,40,40,0,99,-177,1,0,100,0,392,80,40,40,0,109,-148,1,0,65,0,192,152,24,16,0,108,-125,0,0,65,0,216,152,24,16,0,15,-129,0,1,100,0,512,120,88,56,0,40,-226,0,0,100,0,336,152,48,104,0,126,-219,0,0,100,0,240,152,56,96,0,120,-202,0,0,100,0,192,192,48,32,0,22,-131,0,0,100,0,352,120,32,32,0,105,-229,0,0,100,0,296,152,40,88,0,128,-189,0,0,100,0,352,0,40,40,0,136,-161,0,0,40,0,216,152,24,16,0,87,-197,0,0,100,0,256,120,32,32,0,0,-256,0,0,100,0,0,0,192,256,0,0,-256,0,0,100,0,0,256,192,256,0,
0,21,0,-256,0,0,100,0,192,256,192,256,0,74,-210,0,1,100,0,512,176,56,56,0,0,-256,0,0,25,0,576,256,192,256,0,0,-256,0,1,25,0,384,256,192,256,0,73,-128,0,0,100,0,384,192,40,40,0,30,-153,0,0,100,0,384,152,40,40,0,101,-152,0,0,100,0,472,40,40,40,0,93,-179,1,0,100,0,352,80,40,40,0,102,-151,1,0,65,0,192,152,24,16,0,108,-125,0,0,65,0,216,152,24,16,0,15,-129,0,1,100,0,512,120,88,56,0,40,-226,0,0,100,0,336,152,48,104,0,126,-219,0,0,100,0,240,152,56,96,0,120,-202,0,0,100,0,192,192,48,32,0,105,-229,0,0,100,0,296,152,40,88,0,128,-189,0,0,100,0,352,0,40,40,0,136,-161,0,0,40,0,216,152,24,16,0,22,-131,0,0,100,0,288,120,32,32,0,87,-197,0,0,100,0,192,120,32,32,0,0,-256,0,0,100,0,0,0,192,256,0,0,-256,0,0,100,0,0,256,192,256,0,
0,21,0,-256,0,0,100,0,192,256,192,256,0,74,-210,0,1,100,0,512,176,56,56,0,0,-256,0,0,25,0,576,256,192,256,0,0,-256,0,1,25,0,384,256,192,256,0,73,-128,0,0,100,0,384,192,40,40,0,30,-153,0,0,100,0,384,152,40,40,0,101,-152,0,0,100,0,472,40,40,40,0,93,-179,1,0,100,0,352,80,40,40,0,102,-151,1,0,65,0,192,152,24,16,0,108,-125,0,0,65,0,216,152,24,16,0,15,-129,0,1,100,0,512,120,88,56,0,40,-226,0,0,100,0,336,152,48,104,0,126,-219,0,0,100,0,240,152,56,96,0,120,-202,0,0,100,0,192,192,48,32,0,105,-229,0,0,100,0,296,152,40,88,0,128,-189,0,0,100,0,352,0,40,40,0,136,-161,0,0,40,0,216,152,24,16,0,22,-131,0,0,100,0,288,120,32,32,0,87,-197,0,0,100,0,192,120,32,32,0,0,-256,0,0,100,0,0,0,192,256,0,0,-256,0,0,100,0,0,256,192,256,0,
0,21,0,-256,0,0,100,0,192,256,192,256,0,74,-210,0,1,100,0,568,176,56,56,0,0,-256,0,0,25,0,576,256,192,256,0,0,-256,0,1,25,0,384,256,192,256,0,73,-128,0,0,100,0,384,192,40,40,0,30,-153,0,0,100,0,384,152,40,40,0,101,-152,0,0,100,0,472,40,40,40,0,93,-179,1,0,100,0,352,80,40,40,0,102,-151,1,0,65,0,192,152,24,16,0,108,-125,0,0,65,0,216,152,24,16,0,15,-129,0,1,100,0,424,120,88,56,0,40,-226,0,0,100,0,336,152,48,104,0,126,-219,0,0,100,0,240,152,56,96,0,120,-202,0,0,100,0,192,192,48,32,0,105,-229,0,0,100,0,296,152,40,88,0,128,-189,0,0,100,0,352,0,40,40,0,136,-161,0,0,40,0,216,152,24,16,0,22,-131,0,0,100,0,288,120,32,32,0,87,-197,0,0,100,0,192,120,32,32,0,0,-256,0,0,100,0,0,0,192,256,0,0,-256,0,0,100,0,0,256,192,256,0,
0,21,0,-256,0,0,100,0,192,256,192,256,0,74,-210,0,1,100,0,568,176,56,56,0,0,-256,0,0,25,0,576,256,192,256,0,0,-256,0,1,25,0,384,256,192,256,0,73,-128,0,0,100,0,384,192,40,40,0,30,-153,0,0,100,0,384,152,40,40,0,101,-152,0,0,100,0,432,40,40,40,0,94,-179,1,0,100,0,232,80,40,40,0,102,-152,1,0,65,0,192,152,24,16,0,108,-125,0,0,65,0,216,152,24,16,0,15,-129,0,1,100,0,424,120,88,56,0,40,-226,0,0,100,0,336,152,48,104,0,126,-219,0,0,100,0,240,152,56,96,0,120,-202,0,0,100,0,192,192,48,32,0,22,-131,0,0,100,0,320,120,32,32,0,105,-229,0,0,100,0,296,152,40,88,0,128,-189,0,0,100,0,352,0,40,40,0,136,-161,0,0,40,0,216,152,24,16,0,87,-197,0,0,100,0,224,120,32,32,0,0,-256,0,0,100,0,0,0,192,256,0,0,-256,0,0,100,0,0,256,192,256,0,
0,21,0,-256,0,0,100,0,192,256,192,256,0,74,-210,0,1,100,0,568,176,56,56,0,0,-256,0,0,25,0,576,256,192,256,0,0,-256,0,1,25,0,384,256,192,256,0,73,-128,0,0,100,0,384,192,40,40,0,30,-153,0,0,100,0,384,152,40,40,0,101,-152,0,0,100,0,432,40,40,40,0,94,-179,1,0,100,0,232,80,40,40,0,102,-152,1,0,65,0,192,152,24,16,0,108,-125,0,0,65,0,216,152,24,16,0,15,-129,0,1,100,0,424,120,88,56,0,40,-226,0,0,100,0,336,152,48,104,0,126,-219,0,0,100,0,240,152,56,96,0,120,-202,0,0,100,0,192,192,48,32,0,22,-131,0,0,100,0,320,120,32,32,0,105,-229,0,0,100,0,296,152,40,88,0,128,-189,0,0,100,0,352,0,40,40,0,136,-161,0,0,40,0,216,152,24,16,0,87,-197,0,0,100,0,224,120,32,32,0,0,-256,0,0,100,0,0,0,192,256,0,0,-256,0,0,100,0,0,256,192,256,0,
0,21,0,-256,0,0,100,0,192,256,192,256,0,74,-210,0,1,100,0,512,176,56,56,0,0,-256,0,0,25,0,576,256,192,256,0,0,-256,0,1,25,0,384,256,192,256,0,73,-128,0,0,100,0,384,192,40,40,0,30,-153,0,0,100,0,384,152,40,40,0,101,-152,0,0,100,0,432,40,40,40,0,94,-179,1,0,100,0,232,80,40,40,0,102,-152,1,0,65,0,192,152,24,16,0,108,-125,0,0,65,0,216,152,24,16,0,15,-129,0,1,100,0,424,120,88,56,0,40,-226,0,0,100,0,336,152,48,104,0,126,-219,0,0,100,0,240,152,56,96,0,120,-202,0,0,100,0,192,192,48,32,0,22,-131,0,0,100,0,320,120,32,32,0,105,-229,0,0,100,0,296,152,40,88,0,128,-189,0,0,100,0,352,0,40,40,0,136,-161,0,0,40,0,216,152,24,16,0,87,-197,0,0,100,0,224,120,32,32,0,0,-256,0,0,100,0,0,0,192,256,0,0,-256,0,0,100,0,0,256,192,256,0,
0,21,0,-256,0,0,100,0,192,256,192,256,0,74,-210,0,1,100,0,512,176,56,56,0,0,-256,0,0,25,0,576,256,192,256,0,0,-256,0,1,25,0,384,256,192,256,0,73,-128,0,0,100,0,384,192,40,40,0,30,-153,0,0,100,0,384,152,40,40,0,101,-152,0,0,100,0,432,40,40,40,0,94,-179,0,0,100,0,232,80,40,40,0,102,-152,1,0,65,0,192,152,24,16,0,108,-125,0,0,65,0,216,152,24,16,0,15,-129,0,1,100,0,424,176,88,56,0,40,-226,0,0,100,0,336,152,48,104,0,126,-219,0,0,100,0,240,152,56,96,0,120,-202,0,0,100,0,192,192,48,32,0,22,-131,0,0,100,0,352,120,32,32,0,105,-229,0,0,100,0,296,152,40,88,0,127,-186,0,0,100,0,392,0,40,40,0,134,-158,0,0,60,0,216,152,24,16,0,87,-197,0,0,100,0,256,120,32,32,0,0,-256,0,0,100,0,0,0,192,256,0,0,-256,0,0,100,0,0,256,192,256,0,
0,21,0,-256,0,0,100,0,192,256,192,256,0,74,-210,0,1,100,0,512,176,56,56,0,0,-256,0,0,25,0,576,256,192,256,0,0,-256,0,1,25,0,384,256,192,256,0,73,-128,0,0,100,0,384,192,40,40,0,30,-153,0,0,100,0,384,152,40,40,0,101,-152,0,0,100,0,432,40,40,40,0,94,-179,0,0,100,0,232,80,40,40,0,102,-152,1,0,65,0,192,152,24,16,0,108,-125,0,0,65,0,216,152,24,16,0,15,-129,0,1,100,0,424,176,88,56,0,40,-226,0,0,100,0,336,152,48,104,0,126,-219,0,0,100,0,240,152,56,96,0,120,-202,0,0,100,0,192,192,48,32,0,22,-131,0,0,100,0,352,120,32,32,0,105,-229,0,0,100,0,296,152,40,88,0,127,-186,0,0,100,0,392,0,40,40,0,134,-158,0,0,60,0,216,152,24,16,0,87,-197,0,0,100,0,256,120,32,32,0,0,-256,0,0,100,0,0,0,192,256,0,0,-256,0,0,100,0,0,256,192,256,0,
0,21,0,-256,0,0,100,0,192,256,192,256,0,74,-210,0,1,100,0,600,120,56,56,0,0,-256,0,0,25,0,576,256,192,256,0,0,-256,0,1,25,0,384,256,192,256,0,73,-128,0,0,100,0,384,192,40,40,0,30,-153,0,0,100,0,384,152,40,40,0,93,-155,0,0,100,0,592,40,40,40,0,94,-179,0,0,100,0,232,80,40,40,0,102,-152,1,0,65,0,192,152,24,16,0,105,-127,0,0,65,0,216,152,24,16,0,15,-129,0,1,100,0,424,176,88,56,0,40,-226,0,0,100,0,336,152,48,104,0,126,-219,0,0,100,0,240,152,56,96,0,120,-202,0,0,100,0,192,192,48,32,0,22,-131,0,0,100,0,352,120,32,32,0,105,-229,0,0,100,0,296,152,40,88,0,127,-186,0,0,100,0,392,0,40,40,0,134,-158,0,0,60,0,216,152,24,16,0,87,-197,0,0,100,0,256,120,32,32,0,0,-256,0,0,100,0,0,0,192,256,0,0,-256,0,0,100,0,0,256,192,256,0,
0,21,0,-256,0,0,100,0,192,256,192,256,0,74,-210,0,1,100,0,600,120,56,56,0,0,-256,0,0,25,0,576,256,192,256,0,0,-256,0,1,25,0,384,256,192,256,0,73,-128,0,0,100,0,384,192,40,40,0,30,-153,0,0,100,0,384,152,40,40,0,93,-155,0,0,100,0,592,40,40,40,0,94,-179,0,0,100,0,232,80,40,40,0,102,-152,1,0,65,0,192,152,24,16,0,105,-127,0,0,65,0,216,152,24,16,0,15,-129,0,1,100,0,424,176,88,56,0,40,-226,0,0,100,0,336,152,48,104,0,126,-219,0,0,100,0,240,152,56,96,0,120,-202,0,0,100,0,192,192,48,32,0,124,-184,0,0,100,0,352,0,40,40,0,132,-156,0,0,60,0,216,152,24,16,0,105,-229,0,0,100,0,296,152,40,88,0,22,-131,0,0,100,0,288,120,32,32,0,87,-197,0,0,100,0,192,120,32,32,0,0,-256,0,0,100,0,0,0,192,256,0,0,-256,0,0,100,0,0,256,192,256,0,
0,21,0,-256,0,0,100,0,192,256,192,256,0,74,-210,0,1,100,0,600,120,56,56,0,0,-256,0,0,25,0,576,256,192,256,0,0,-256,0,1,25,0,384,256,192,256,0,73,-128,0,0,100,0,384,192,40,40,0,30,-153,0,0,100,0,384,152,40,40,0,93,-155,0,0,100,0,592,40,40,40,0,94,-179,0,0,100,0,232,80,40,40,0,102,-152,1,0,65,0,192,152,24,16,0,105,-127,0,0,65,0,216,152,24,16,0,15,-129,0,1,100,0,512,120,88,56,0,40,-226,0,0,100,0,336,152,48,104,0,126,-219,0,0,100,0,240,152,56,96,0,120,-202,0,0,100,0,192,192,48,32,0,124,-184,0,0,100,0,352,0,40,40,0,132,-156,0,0,60,0,216,152,24,16,0,105,-229,0,0,100,0,296,152,40,88,0,22,-131,0,0,100,0,288,120,32,32,0,87,-197,0,0,100,0,192,120,32,32,0,0,-256,0,0,100,0,0,0,192,256,0,0,-256,0,0,100,0,0,256,192,256,0,
0,21,0,-256,0,0,100,0,192,256,192,256,0,74,-210,0,1,100,0,512,176,56,56,0,0,-256,0,0,25,0,576,256,192,256,0,0,-256,0,1,25,0,384,256,192,256,0,73,-128,0,0,100,0,384,192,40,40,0,30,-153,0,0,100,0,384,152,40,40,0,89,-156,0,0,100,0,552,40,40,40,0,94,-179,0,0,100,0,232,80,40,40,0,102,-152,1,0,65,0,192,152,24,16,0,99,-129,0,0,65,0,216,152,24,16,0,15,-129,0,1,100,0,512,120,88,56,0,40,-226,0,0,100,0,336,152,48,104,0,126,-219,0,0,100,0,240,152,56,96,0,120,-202,0,0,100,0,192,192,48,32,0,124,-184,0,0,100,0,352,0,40,40,0,132,-156,0,0,60,0,216,152,24,16,0,105,-229,0,0,100,0,296,152,40,88,0,22,-131,0,0,100,0,288,120,32,32,0,87,-197,0,0,100,0,192,120,32,32,0,0,-256,0,0,100,0,0,0,192,256,0,0,-256,0,0,100,0,0,256,192,256,0,
0,21,0,-256,0,0,100,0,192,256,192,256,0,74,-210,0,1,100,0,512,176,56,56,0,0,-256,0,0,25,0,576,256,192,256,0,0,-256,0,1,25,0,384,256,192,256,0,73,-128,0,0,100,0,384,192,40,40,0,30,-153,0,0,100,0,384,152,40,40,0,89,-156,0,0,100,0,552,40,40,40,0,94,-179,0,0,100,0,232,80,40,40,0,15,-129,0,1,100,0,512,120,88,56,0,40,-226,0,0,100,0,336,152,48,104,0,126,-219,0,0,100,0,240,152,56,96,0,120,-202,0,0,100,0,192,192,48,32,0,22,-131,0,0,100,0,320,120,32,32,0,121,-181,0,0,100,0,432,0,40,40,0,102,-152,1,0,65,0,192,152,24,16,0,99,-129,0,0,65,0,216,152,24,16,0,129,-154,0,0,60,0,216,152,24,16,0,105,-229,0,0,100,0,296,152,40,88,0,87,-197,0,0,100,0,224,120,32,32,0,0,-256,0,0,100,0,0,0,192,256,0,0,-256,0,0,100,0,0,256,192,256,0,
0,21,0,-256,0,0,100,0,192,256,192,256,0,74,-210,0,1,100,0,512,176,56,56,0,0,-256,0,0,25,0,576,256,192,256,0,0,-256,0,1,25,0,384,256,192,256,0,73,-128,0,0,100,0,384,192,40,40,0,30,-153,0,0,100,0,384,152,40,40,0,89,-156,0,0,100,0,552,40,40,40,0,94,-179,0,0,100,0,232,80,40,40,0,15,-129,0,1,100,0,512,120,88,56,0,40,-226,0,0,100,0,336,152,48,104,0,126,-219,0,0,100,0,240,152,56,96,0,120,-202,0,0,100,0,192,192,48,32,0,22,-131,0,0,100,0,320,120,32,32,0,121,-181,0,0,100,0,432,0,40,40,0,102,-152,1,0,65,0,192,152,24,16,0,99,-129,0,0,65,0,216,152,24,16,0,129,-154,0,0,65,0,216,152,24,16,0,105,-229,0,0,100,0,296,152,40,88,0,87,-197,0,0,100,0,224,120,32,32,0,0,-256,0,0,100,0,0,0,192,256,0,0,-256,0,0,100,0,0,256,192,256,0,
0,21,0,-256,0,0,100,0,192,256,192,256,0,74,-210,0,1,100,0,568,176,56,56,0,0,-256,0,0,25,0,576,256,192,256,0,0,-256,0,1,25,0,384,256,192,256,0,73,-128,0,0,100,0,384,192,40,40,0,30,-153,0,0,100,0,384,152,40,40,0,83,-159,0,0,100,0,512,40,40,40,0,94,-179,0,0,100,0,232,80,40,40,0,15,-129,0,1,100,0,424,120,88,56,0,40,-226,0,0,100,0,336,152,48,104,0,126,-219,0,0,100,0,240,152,56,96,0,120,-202,0,0,100,0,192,192,48,32,0,22,-131,0,0,100,0,320,120,32,32,0,121,-181,0,0,100,0,432,0,40,40,0,102,-152,1,0,65,0,192,152,24,16,0,94,-132,0,0,65,0,216,152,24,16,0,129,-154,0,0,65,0,216,152,24,16,0,105,-229,0,0,100,0,296,152,40,88,0,87,-197,0,0,100,0,224,120,32,32,0,0,-256,0,0,100,0,0,0,192,256,0,0,-256,0,0,100,0,0,256,192,256,0,
0,21,0,-256,0,0,100,0,192,256,192,256,0,74,-210,0,1,100,0,568,176,56,56,0,0,-256,0,0,25,0,576,256,192,256,0,0,-256,0,1,25,0,384,256,192,256,0,73,-128,0,0,100,0,384,192,40,40,0,30,-153,0,0,100,0,384,152,40,40,0,83,-159,0,0,100,0,512,40,40,40,0,118,-178,0,0,100,0,352,0,40,40,0,94,-179,0,0,100,0,232,80,40,40,0,102,-152,1,0,65,0,192,152,24,16,0,94,-132,0,0,65,0,216,152,24,16,0,126,-150,0,0,65,0,216,152,24,16,0,15,-129,0,1,100,0,424,120,88,56,0,40,-226,0,0,100,0,336,152,48,104,0,126,-219,0,0,100,0,240,152,56,96,0,120,-202,0,0,100,0,192,192,48,32,0,22,-131,0,0,100,0,352,120,32,32,0,105,-229,0,0,100,0,296,152,40,88,0,87,-197,0,0,100,0,256,120,32,32,0,0,-256,0,0,100,0,0,0,192,256,0,0,-256,0,0,100,0,0,256,192,256,0,
0,21,0,-256,0,0,100,0,192,256,192,256,0,74,-210,0,1,100,0,568,176,56,56,0,0,-256,0,0,25,0,576,256,192,256,0,0,-256,0,1,25,0,384,256,192,256,0,73,-128,0,0,100,0,384,192,40,40,0,30,-153,0,0,100,0,384,152,40,40,0,83,-159,0,0,100,0,512,40,40,40,0,118,-178,0,0,100,0,352,0,40,40,0,94,-179,0,0,100,0,232,80,40,40,0,102,-152,1,0,65,0,192,152,24,16,0,94,-132,0,0,65,0,216,152,24,16,0,126,-150,0,0,65,0,216,152,24,16,0,15,-129,0,1,100,0,424,120,88,56,0,40,-226,0,0,100,0,336,152,48,104,0,126,-219,0,0,100,0,240,152,56,96,0,120,-202,0,0,100,0,192,192,48,32,0,22,-131,0,0,100,0,352,120,32,32,0,105,-229,0,0,100,0,296,152,40,88,0,87,-197,0,0,100,0,256,120,32,32,0,0,-256,0,0,100,0,0,0,192,256,0,0,-256,0,0,100,0,0,256,192,256,0,
0,21,0,-256,0,0,100,0,192,256,192,256,0,74,-210,0,1,100,0,512,176,56,56,0,0,-256,0,0,25,0,576,256,192,256,0,0,-256,0,1,25,0,384,256,192,256,0,73,-128,0,0,100,0,384,192,40,40,0,30,-153,0,0,100,0,384,152,40,40,0,79,-161,0,0,100,0,552,40,40,40,0,118,-178,0,0,100,0,352,0,40,40,0,94,-179,0,0,100,0,232,80,40,40,0,102,-152,1,0,65,0,192,152,24,16,0,89,-134,0,0,65,0,216,152,24,16,0,126,-150,0,0,65,0,216,152,24,16,0,15,-129,0,1,100,0,424,120,88,56,0,40,-226,0,0,100,0,336,152,48,104,0,126,-219,0,0,100,0,240,152,56,96,0,120,-202,0,0,100,0,192,192,48,32,0,22,-131,0,0,100,0,352,120,32,32,0,105,-229,0,0,100,0,296,152,40,88,0,87,-197,0,0,100,0,256,120,32,32,0,0,-256,0,0,100,0,0,0,192,256,0,0,-256,0,0,100,0,0,256,192,256,0,
0,21,0,-256,0,0,100,0,192,256,192,256,0,74,-210,0,1,100,0,512,176,56,56,0,0,-256,0,0,25,0,576,256,192,256,0,0,-256,0,1,25,0,384,256,192,256,0,73,-128,0,0,100,0,384,192,40,40,0,30,-153,0,0,100,0,384,152,40,40,0,79,-161,0,0,100,0,552,40,40,40,0,116,-176,0,0,100,0,392,0,40,40,0,94,-179,0,0,100,0,232,80,40,40,0,102,-152,1,0,65,0,192,152,24,16,0,89,-134,0,0,65,0,216,152,24,16,0,122,-148,0,0,65,0,216,152,24,16,0,15,-129,0,1,100,0,424,176,88,56,0,40,-226,0,0,100,0,336,152,48,104,0,126,-219,0,0,100,0,240,152,56,96,0,120,-202,0,0,100,0,192,192,48,32,0,105,-229,0,0,100,0,296,152,40,88,0,22,-131,0,0,100,0,288,120,32,32,0,87,-197,0,0,100,0,192,120,32,32,0,0,-256,0,0,100,0,0,0,192,256,0,0,-256,0,0,100,0,0,256,192,256,0,
0,21,0,-256,0,0,100,0,192,256,192,256,0,74,-210,0,1,100,0,512,176,56,56,0,0,-256,0,0,25,0,576,256,192,256,0,0,-256,0,1,25,0,384,256,192,256,0,73,-128,0,0,100,0,384,192,40,40,0,30,-153,0,0,100,0,384,152,40,40,0,79,-161,0,0,100,0,552,40,40,40,0,116,-176,0,0,100,0,392,0,40,40,0,94,-179,0,0,100,0,232,80,40,40,0,102,-152,1,0,65,0,192,152,24,16,0,89,-134,0,0,65,0,216,152,24,16,0,122,-148,0,0,65,0,216,152,24,16,0,15,-129,0,1,100,0,424,176,88,56,0,40,-226,0,0,100,0,336,152,48,104,0,126,-219,0,0,100,0,240,152,56,96,0,120,-202,0,0,100,0,192,192,48,32,0,105,-229,0,0,100,0,296,152,40,88,0,22,-131,0,0,100,0,288,120,32,32,0,87,-197,0,0,100,0,192,120,32,32,0,0,-256,0,0,100,0,0,0,192,256,0,0,-256,0,0,100,0,0,256,192,256,0,
0,21,0,-256,0,0,100,0,192,256,192,256,0,74,-210,0,1,100,0,600,120,56,56,0,0,-256,0,0,25,0,576,256,192,256,0,0,-256,0,1,25,0,384,256,192,256,0,73,-128,0,0,100,0,384,192,40,40,0,30,-153,0,0,100,0,384,152,40,40,0,73,-165,0,0,100,0,592,40,40,40,0,116,-176,0,0,100,0,392,0,40,40,0,94,-179,0,0,100,0,232,80,40,40,0,102,-152,1,0,65,0,192,152,24,16,0,84,-136,0,0,65,0,216,152,24,16,0,122,-148,0,0,65,0,216,152,24,16,0,15,-129,0,1,100,0,424,176,88,56,0,40,-226,0,0,100,0,336,152,48,104,0,126,-219,0,0,100,0,240,152,56,96,0,120,-202,0,0,100,0,192,192,48,32,0,105,-229,0,0,100,0,296,152,40,88,0,22,-131,0,0,100,0,288,120,32,32,0,87,-197,0,0,100,0,192,120,32,32,0,0,-256,0,0,100,0,0,0,192,256,0,0,-256,0,0,100,0,0,256,192,256,0,
0,21,0,-256,0,0,100,0,192,256,192,256,0,74,-210,0,1,100,0,600,120,56,56,0,0,-256,0,0,25,0,576,256,192,256,0,0,-256,0,1,25,0,384,256,192,256,0,73,-128,0,0,100,0,384,192,40,40,0,30,-153,0,0,100,0,384,152,40,40,0,73,-165,0,0,100,0,592,40,40,40,0,111,-175,0,0,100,0,352,0,40,40,0,94,-179,0,0,100,0,232,80,40,40,0,102,-152,1,0,65,0,192,152,24,16,0,84,-136,0,0,65,0,216,152,24,16,0,119,-147,0,0,65,0,216,152,24,16,0,15,-129,0,1,100,0,424,176,88,56,0,40,-226,0,0,100,0,336,152,48,104,0,126,-219,0,0,100,0,240,152,56,96,0,120,-202,0,0,100,0,192,192,48,32,0,22,-131,0,0,100,0,320,120,32,32,0,105,-229,0,0,100,0,296,152,40,88,0,87,-197,0,0,100,0,224,120,32,32,0,0,-256,0,0,100,0,0,0,192,256,0,0,-256,0,0,100,0,0,256,192,256,0,
0,21,0,-256,0,0,100,0,192,256,192,256,0,74,-210,0,1,100,0,600,120,56,56,0,0,-256,0,0,25,0,576,256,192,256,0,0,-256,0,1,25,0,384,256,192,256,0,73,-128,0,0,100,0,384,192,40,40,0,30,-153,0,0,100,0,384,152,40,40,0,73,-165,0,0,100,0,592,40,40,40,0,111,-175,0,0,100,0,352,0,40,40,0,94,-179,0,0,100,0,232,80,40,40,0,102,-152,1,0,65,0,192,152,24,16,0,84,-136,0,0,65,0,216,152,24,16,0,119,-147,0,0,65,0,216,152,24,16,0,15,-129,0,1,100,0,512,120,88,56,0,40,-226,0,0,100,0,336,152,48,104,0,126,-219,0,0,100,0,240,152,56,96,0,120,-202,0,0,100,0,192,192,48,32,0,22,-131,0,0,100,0,320,120,32,32,0,105,-229,0,0,100,0,296,152,40,88,0,87,-197,0,0,100,0,224,120,32,32,0,0,-256,0,0,100,0,0,0,192,256,0,0,-256,0,0,100,0,0,256,192,256,0,
0,21,0,-256,0,0,100,0,192,256,192,256,0,74,-210,0,1,100,0,512,176,56,56,0,0,-256,0,0,25,0,576,256,192,256,0,0,-256,0,1,25,0,384,256,192,256,0,73,-128,0,0,100,0,384,192,40,40,0,30,-153,0,0,100,0,384,152,40,40,0,69,-166,0,0,100,0,552,40,40,40,0,111,-175,0,0,100,0,352,0,40,40,0,94,-179,0,0,100,0,232,80,40,40,0,102,-152,1,0,65,0,192,152,24,16,0,79,-139,0,0,65,0,216,152,24,16,0,119,-147,0,0,65,0,216,152,24,16,0,15,-129,0,1,100,0,512,120,88,56,0,40,-226,0,0,100,0,336,152,48,104,0,126,-219,0,0,100,0,240,152,56,96,0,120,-202,0,0,100,0,192,192,48,32,0,22,-131,0,0,100,0,320,120,32,32,0,105,-229,0,0,100,0,296,152,40,88,0,87,-197,0,0,100,0,224,120,32,32,0,0,-256,0,0,100,0,0,0,192,256,0,0,-256,0,0,100,0,0,256,192,256,0,
0,21,0,-256,0,0,100,0,192,256,192,256,0,74,-210,0,1,100,0,512,176,56,56,0,0,-256,0,0,25,0,576,256,192,256,0,0,-256,0,1,25,0,384,256,192,256,0,73,-128,0,0,100,0,384,192,40,40,0,30,-153,0,0,100,0,384,152,40,40,0,69,-166,0,0,100,0,552,40,40,40,0,107,-173,0,0,100,0,432,0,40,40,0,94,-179,0,0,100,0,232,80,40,40,0,102,-152,1,0,65,0,192,152,24,16,0,79,-139,0,0,65,0,216,152,24,16,0,115,-146,0,0,65,0,216,152,24,16,0,15,-129,0,1,100,0,512,120,88,56,0,40,-226,0,0,100,0,336,152,48,104,0,126,-219,0,0,100,0,240,152,56,96,0,120,-202,0,0,100,0,192,192,48,32,0,22,-131,0,0,100,0,352,120,32,32,0,105,-229,0,0,100,0,296,152,40,88,0,87,-197,0,0,100,0,256,120,32,32,0,0,-256,0,0,100,0,0,0,192,256,0,0,-256,0,0,100,0,0,256,192,256,0,
0,21,0,-256,0,0,100,0,192,256,192,256,0,74,-210,0,1,100,0,512,176,56,56,0,0,-256,0,0,25,0,576,256,192,256,0,0,-256,0,1,25,0,384,256,192,256,0,73,-128,0,0,100,0,384,192,40,40,0,30,-153,0,0,100,0,384,152,40,40,0,69,-166,0,0,100,0,552,40,40,40,0,107,-173,0,0,100,0,432,0,40,40,0,94,-179,0,0,100,0,232,80,40,40,0,102,-152,1,0,65,0,192,152,24,16,0,79,-139,0,0,65,0,216,152,24,16,0,115,-146,0,0,65,0,216,152,24,16,0,15,-129,0,1,100,0,512,120,88,56,0,40,-226,0,0,100,0,336,152,48,104,0,126,-219,0,0,100,0,240,152,56,96,0,120,-202,0,0,100,0,192,192,48,32,0,22,-131,0,0,100,0,352,120,32,32,0,105,-229,0,0,100,0,296,152,40,88,0,87,-197,0,0,100,0,256,120,32,32,0,0,-256,0,0,100,0,0,0,192,256,0,0,-256,0,0,100,0,0,256,192,256,0,
0,21,0,-256,0,0,100,0,192,256,192,256,0,74,-210,0,1,100,0,568,176,56,56,0,0,-256,0,0,25,0,576,256,192,256,0,0,-256,0,1,25,0,384,256,192,256,0,73,-128,0,0,100,0,384,192,40,40,0,30,-153,0,0,100,0,384,152,40,40,0,107,-173,0,0,100,0,432,0,40,40,0,65,-169,0,0,100,0,512,40,40,40,0,94,-179,0,0,100,0,232,80,40,40,0,102,-152,1,0,65,0,192,152,24,16,0,76,-141,0,0,65,0,216,152,24,16,0,115,-146,0,0,65,0,216,152,24,16,0,15,-129,0,1,100,0,424,120,88,56,0,40,-226,0,0,100,0,336,152,48,104,0,126,-219,0,0,100,0,240,152,56,96,0,120,-202,0,0,100,0,192,192,48,32,0,22,-131,0,0,100,0,352,120,32,32,0,105,-229,0,0,100,0,296,152,40,88,0,87,-197,0,0,100,0,256,120,32,32,0,0,-256,0,0,100,0,0,0,192,256,0,0,-256,0,0,100,0,0,256,192,256,0,
0,21,0,-256,0,0,100,0,192,256,192,256,0,74,-210,0,1,100,0,568,176,56,56,0,0,-256,0,0,25,0,576,256,192,256,0,0,-256,0,1,25,0,384,256,192,256,0,73,-128,0,0,100,0,384,192,40,40,0,30,-153,0,0,100,0,384,152,40,40,0,102,-172,0,0,100,0,352,0,40,40,0,65,-169,0,0,100,0,512,40,40,40,0,94,-179,0,0,100,0,232,80,40,40,0,102,-152,1,0,65,0,192,152,24,16,0,76,-141,0,0,65,0,216,152,24,16,0,111,-145,0,0,65,0,216,152,24,16,0,15,-129,0,1,100,0,424,120,88,56,0,40,-226,0,0,100,0,336,152,48,104,0,126,-219,0,0,100,0,240,152,56,96,0,120,-202,0,0,100,0,192,192,48,32,0,105,-229,0,0,100,0,296,152,40,88,0,22,-131,0,0,100,0,288,120,32,32,0,87,-197,0,0,100,0,192,120,32,32,0,0,-256,0,0,100,0,0,0,192,256,0,0,-256,0,0,100,0,0,256,192,256,0,
0,21,0,-256,0,0,100,0,192,256,192,256,0,74,-210,0,1,100,0,568,176,56,56,0,0,-256,0,0,25,0,576,256,192,256,0,0,-256,0,1,25,0,384,256,192,256,0,73,-128,0,0,100,0,384,192,40,40,0,30,-153,0,0,100,0,384,152,40,40,0,102,-172,0,0,100,0,352,0,40,40,0,65,-169,0,0,100,0,512,40,40,40,0,94,-179,0,0,100,0,232,80,40,40,0,102,-152,1,0,65,0,192,152,24,16,0,76,-141,0,0,65,0,216,152,24,16,0,111,-145,0,0,65,0,216,152,24,16,0,15,-129,0,1,100,0,424,120,88,56,0,40,-226,0,0,100,0,336,152,48,104,0,126,-219,0,0,100,0,240,152,56,96,0,120,-202,0,0,100,0,192,192,48,32,0,105,-229,0,0,100,0,296,152,40,88,0,22,-131,0,0,100,0,288,120,32,32,0,87,-197,0,0,100,0,192,120,32,32,0,0,-256,0,0,100,0,0,0,192,256,0,0,-256,0,0,100,0,0,256,192,256,0,
0,21,0,-256,0,0,100,0,192,256,192,256,0,74,-210,0,1,100,0,512,176,56,56,0,0,-256,0,0,25,0,576,256,192,256,0,0,-256,0,1,25,0,384,256,192,256,0,73,-128,0,0,100,0,384,192,40,40,0,30,-153,0,0,100,0,384,152,40,40,0,102,-172,0,0,100,0,352,0,40,40,0,63,-170,0,0,100,0,552,40,40,40,0,94,-179,0,0,100,0,232,80,40,40,0,102,-152,1,0,65,0,192,152,24,16,0,73,-143,0,0,65,0,216,152,24,16,0,111,-145,0,0,65,0,216,152,24,16,0,15,-129,0,1,100,0,424,120,88,56,0,40,-226,0,0,100,0,336,152,48,104,0,126,-219,0,0,100,0,240,152,56,96,0,120,-202,0,0,100,0,192,192,48,32,0,105,-229,0,0,100,0,296,152,40,88,0,22,-131,0,0,100,0,288,120,32,32,0,87,-197,0,0,100,0,192,120,32,32,0,0,-256,0,0,100,0,0,0,192,256,0,0,-256,0,0,100,0,0,256,192,256,0,
0,21,0,-256,0,0,100,0,192,256,192,256,0,74,-210,0,1,100,0,512,176,56,56,0,0,-256,0,0,25,0,576,256,192,256,0,0,-256,0,1,25,0,384,256,192,256,0,73,-128,0,0,100,0,384,192,40,40,0,30,-153,0,0,100,0,384,152,40,40,0,98,-170,0,0,100,0,392,0,40,40,0,63,-170,0,0,100,0,552,40,40,40,0,94,-179,0,0,100,0,232,80,40,40,0,102,-152,1,0,65,0,192,152,24,16,0,73,-143,0,0,65,0,216,152,24,16,0,105,-142,0,0,65,0,216,152,24,16,0,15,-129,0,1,100,0,424,176,88,56,0,40,-226,0,0,100,0,336,152,48,104,0,126,-219,0,0,100,0,240,152,56,96,0,120,-202,0,0,100,0,192,192,48,32,0,22,-131,0,0,100,0,320,120,32,32,0,105,-229,0,0,100,0,296,152,40,88,0,87,-197,0,0,100,0,224,120,32,32,0,0,-256,0,0,100,0,0,0,192,256,0,0,-256,0,0,100,0,0,256,192,256,0,
0,21,0,-256,0,0,100,0,192,256,192,256,0,74,-210,0,1,100,0,512,176,56,56,0,0,-256,0,0,25,0,576,256,192,256,0,0,-256,0,1,25,0,384,256,192,256,0,73,-128,0,0,100,0,384,192,40,40,0,30,-153,0,0,100,0,384,152,40,40,0,98,-170,0,0,100,0,392,0,40,40,0,63,-170,0,0,100,0,552,40,40,40,0,94,-179,0,0,100,0,232,80,40,40,0,102,-152,1,0,65,0,192,152,24,16,0,73,-143,0,0,65,0,216,152,24,16,0,105,-142,0,0,65,0,216,152,24,16,0,15,-129,0,1,100,0,424,176,88,56,0,40,-226,0,0,100,0,336,152,48,104,0,126,-219,0,0,100,0,240,152,56,96,0,120,-202,0,0,100,0,192,192,48,32,0,22,-131,0,0,100,0,320,120,32,32,0,105,-229,0,0,100,0,296,152,40,88,0,87,-197,0,0,100,0,224,120,32,32,0,0,-256,0,0,100,0,0,0,192,256,0,0,-256,0,0,100,0,0,256,192,256,0,
0,21,0,-256,0,0,100,0,192,256,192,256,0,74,-210,0,1,100,0,600,120,56,56,0,0,-256,0,0,25,0,576,256,192,256,0,0,-256,0,1,25,0,384,256,192,256,0,73,-128,0,0,100,0,384,192,40,40,0,30,-153,0,0,100,0,384,152,40,40,0,98,-170,0,0,100,0,392,0,40,40,0,58,-173,0,0,100,0,592,40,40,40,0,94,-179,0,0,100,0,232,80,40,40,0,102,-152,1,0,65,0,192,152,24,16,0,70,-145,0,0,65,0,216,152,24,16,0,105,-142,0,0,65,0,216,152,24,16,0,15,-129,0,1,100,0,424,176,88,56,0,40,-226,0,0,100,0,336,152,48,104,0,126,-219,0,0,100,0,240,152,56,96,0,120,-202,0,0,100,0,192,192,48,32,0,22,-131,0,0,100,0,320,120,32,32,0,105,-229,0,0,100,0,296,152,40,88,0,87,-197,0,0,100,0,224,120,32,32,0,0,-256,0,0,100,0,0,0,192,256,0,0,-256,0,0,100,0,0,256,192,256,0,
0,21,0,-256,0,0,100,0,192,256,192,256,0,74,-210,0,1,100,0,600,120,56,56,0,0,-256,0,0,25,0,576,256,192,256,0,0,-256,0,1,25,0,384,256,192,256,0,73,-128,0,0,100,0,384,192,40,40,0,30,-153,0,0,100,0,384,152,40,40,0,92,-169,0,0,100,0,352,0,40,40,0,58,-173,0,0,100,0,592,40,40,40,0,94,-179,0,0,100,0,232,80,40,40,0,102,-152,1,0,65,0,192,152,24,16,0,70,-145,0,0,65,0,216,152,24,16,0,100,-141,0,0,65,0,216,152,24,16,0,15,-129,0,1,100,0,424,176,88,56,0,40,-226,0,0,100,0,336,152,48,104,0,126,-219,0,0,100,0,240,152,56,96,0,120,-202,0,0,100,0,192,192,48,32,0,22,-131,0,0,100,0,352,120,32,32,0,105,-229,0,0,100,0,296,152,40,88,0,87,-197,0,0,100,0,256,120,32,32,0,0,-256,0,0,100,0,0,0,192,256,0,0,-256,0,0,100,0,0,256,192,256,0,
0,21,0,-256,0,0,100,0,192,256,192,256,0,74,-210,0,1,100,0,600,120,56,56,0,0,-256,0,0,25,0,576,256,192,256,0,0,-256,0,1,25,0,384,256,192,256,0,73,-128,0,0,100,0,384,192,40,40,0,30,-153,0,0,100,0,384,152,40,40,0,92,-169,0,0,100,0,352,0,40,40,0,58,-173,0,0,100,0,592,40,40,40,0,94,-179,0,0,100,0,232,80,40,40,0,102,-152,1,0,65,0,192,152,24,16,0,70,-145,0,0,65,0,216,152,24,16,0,100,-141,0,0,65,0,216,152,24,16,0,15,-129,0,1,100,0,512,120,88,56,0,40,-226,0,0,100,0,336,152,48,104,0,126,-219,0,0,100,0,240,152,56,96,0,120,-202,0,0,100,0,192,192,48,32,0,22,-131,0,0,100,0,352,120,32,32,0,105,-229,0,0,100,0,296,152,40,88,0,87,-197,0,0,100,0,256,120,32,32,0,0,-256,0,0,100,0,0,0,192,256,0,0,-256,0,0,100,0,0,256,192,256,0,
0,21,0,-256,0,0,100,0,192,256,192,256,0,74,-210,0,1,100,0,512,176,56,56,0,0,-256,0,0,25,0,576,256,192,256,0,0,-256,0,1,25,0,384,256,192,256,0,73,-128,0,0,100,0,384,192,40,40,0,30,-153,0,0,100,0,384,152,40,40,0,55,-174,0,0,100,0,552,40,40,40,0,92,-169,0,0,100,0,352,0,40,40,0,94,-179,0,0,100,0,232,80,40,40,0,102,-152,1,0,65,0,192,152,24,16,0,65,-147,0,0,65,0,216,152,24,16,0,100,-141,0,0,65,0,216,152,24,16,0,15,-129,0,1,100,0,512,120,88,56,0,40,-226,0,0,100,0,336,152,48,104,0,126,-219,0,0,100,0,240,152,56,96,0,120,-202,0,0,100,0,192,192,48,32,0,22,-131,0,0,100,0,352,120,32,32,0,105,-229,0,0,100,0,296,152,40,88,0,87,-197,0,0,100,0,256,120,32,32,0,0,-256,0,0,100,0,0,0,192,256,0,0,-256,0,0,100,0,0,256,192,256,0,
0,21,0,-256,0,0,100,0,192,256,192,256,0,74,-210,0,1,100,0,512,176,56,56,0,0,-256,0,0,25,0,576,256,192,256,0,0,-256,0,1,25,0,384,256,192,256,0,73,-128,0,0,100,0,384,192,40,40,0,30,-153,0,0,100,0,384,152,40,40,0,87,-166,0,0,100,0,432,0,40,40,0,55,-174,0,0,100,0,552,40,40,40,0,94,-179,0,0,100,0,472,80,40,40,0,102,-152,1,0,65,0,192,152,24,16,0,65,-147,0,0,65,0,216,152,24,16,0,95,-139,0,0,65,0,216,152,24,16,0,15,-129,0,1,100,0,512,120,88,56,0,40,-226,0,0,100,0,336,152,48,104,0,126,-219,0,0,100,0,240,152,56,96,0,120,-202,0,0,100,0,192,192,48,32,0,105,-229,0,0,100,0,296,152,40,88,0,22,-131,0,0,100,0,288,120,32,32,0,87,-197,0,0,100,0,192,120,32,32,0,0,-256,0,0,100,0,0,0,192,256,0,0,-256,0,0,100,0,0,256,192,256,0,
0,21,0,-256,0,0,100,0,192,256,192,256,0,74,-210,0,1,100,0,512,176,56,56,0,0,-256,0,0,25,0,576,256,192,256,0,0,-256,0,1,25,0,384,256,192,256,0,73,-128,0,0,100,0,384,192,40,40,0,30,-153,0,0,100,0,384,152,40,40,0,87,-166,0,0,100,0,432,0,40,40,0,55,-174,0,0,100,0,552,40,40,40,0,94,-179,0,0,100,0,472,80,40,40,0,102,-152,1,0,65,0,192,152,24,16,0,65,-147,0,0,65,0,216,152,24,16,0,95,-139,0,0,65,0,216,152,24,16,0,15,-129,0,1,100,0,512,120,88,56,0,40,-226,0,0,100,0,336,152,48,104,0,126,-219,0,0,100,0,240,152,56,96,0,120,-202,0,0,100,0,192,192,48,32,0,105,-229,0,0,100,0,296,152,40,88,0,22,-131,0,0,100,0,288,120,32,32,0,87,-197,0,0,100,0,192,120,32,32,0,0,-256,0,0,100,0,0,0,192,256,0,0,-256,0,0,100,0,0,256,192,256,0,
0,21,0,-256,0,0,100,0,192,256,192,256,0,74,-210,0,1,100,0,568,176,56,56,0,0,-256,0,0,25,0,576,256,192,256,0,0,-256,0,1,25,0,384,256,192,256,0,73,-128,0,0,100,0,384,192,40,40,0,30,-153,0,0,100,0,384,152,40,40,0,50,-176,0,0,100,0,512,40,40,40,0,87,-166,0,0,100,0,432,0,40,40,0,94,-179,0,0,100,0,472,80,40,40,0,102,-152,1,0,65,0,192,152,24,16,0,61,-148,0,0,65,0,216,152,24,16,0,95,-139,0,0,65,0,216,152,24,16,0,15,-129,0,1,100,0,424,120,88,56,0,40,-226,0,0,100,0,336,152,48,104,0,126,-219,0,0,100,0,240,152,56,96,0,120,-202,0,0,100,0,192,192,48,32,0,105,-229,0,0,100,0,296,152,40,88,0,22,-131,0,0,100,0,288,120,32,32,0,87,-197,0,0,100,0,192,120,32,32,0,0,-256,0,0,100,0,0,0,192,256,0,0,-256,0,0,100,0,0,256,192,256,0,
0,21,0,-256,0,0,100,0,192,256,192,256,0,74,-210,0,1,100,0,568,176,56,56,0,0,-256,0,0,25,0,576,256,192,256,0,0,-256,0,1,25,0,384,256,192,256,0,73,-128,0,0,100,0,384,192,40,40,0,30,-153,0,0,100,0,384,152,40,40,0,81,-164,0,0,100,0,352,0,40,40,0,50,-176,0,0,100,0,512,40,40,40,0,94,-179,0,0,100,0,472,80,40,40,0,102,-152,1,0,65,0,192,152,24,16,0,61,-148,0,0,65,0,216,152,24,16,0,89,-137,0,0,65,0,216,152,24,16,0,15,-129,0,1,100,0,424,120,88,56,0,40,-226,0,0,100,0,336,152,48,104,0,126,-219,0,0,100,0,240,152,56,96,0,120,-202,0,0,100,0,192,192,48,32,0,22,-131,0,0,100,0,320,120,32,32,0,105,-229,0,0,100,0,296,152,40,88,0,87,-197,0,0,100,0,224,120,32,32,0,0,-256,0,0,100,0,0,0,192,256,0,0,-256,0,0,100,0,0,256,192,256,0,
0,21,0,-256,0,0,100,0,192,256,192,256,0,74,-210,0,1,100,0,568,176,56,56,0,0,-256,0,0,25,0,576,256,192,256,0,0,-256,0,1,25,0,384,256,192,256,0,73,-128,0,0,100,0,384,192,40,40,0,30,-153,0,0,100,0,384,152,40,40,0,81,-164,0,0,100,0,352,0,40,40,0,50,-176,0,0,100,0,512,40,40,40,0,94,-179,0,0,100,0,472,80,40,40,0,102,-152,1,0,65,0,192,152,24,16,0,61,-148,0,0,65,0,216,152,24,16,0,89,-137,0,0,65,0,216,152,24,16,0,15,-129,0,1,100,0,424,120,88,56,0,40,-226,0,0,100,0,336,152,48,104,0,126,-219,0,0,100,0,240,152,56,96,0,120,-202,0,0,100,0,192,192,48,32,0,22,-131,0,0,100,0,320,120,32,32,0,105,-229,0,0,100,0,296,152,40,88,0,87,-197,0,0,100,0,224,120,32,32,0,0,-256,0,0,100,0,0,0,192,256,0,0,-256,0,0,100,0,0,256,192,256,0,
0,21,0,-256,0,0,100,0,192,256,192,256,0,74,-210,0,1,100,0,512,176,56,56,0,0,-256,0,0,25,0,576,256,192,256,0,0,-256,0,1,25,0,384,256,192,256,0,73,-128,0,0,100,0,384,192,40,40,0,30,-153,0,0,100,0,384,152,40,40,0,81,-164,0,0,100,0,352,0,40,40,0,48,-175,0,0,100,0,352,40,40,40,0,94,-179,0,0,100,0,472,80,40,40,0,102,-152,1,0,65,0,192,152,24,16,0,57,-148,0,0,65,0,216,152,24,16,0,89,-137,0,0,65,0,216,152,24,16,0,15,-129,0,1,100,0,424,120,88,56,0,40,-226,0,0,100,0,336,152,48,104,0,126,-219,0,0,100,0,240,152,56,96,0,120,-202,0,0,100,0,192,192,48,32,0,22,-131,0,0,100,0,320,120,32,32,0,105,-229,0,0,100,0,296,152,40,88,0,87,-197,0,0,100,0,224,120,32,32,0,0,-256,0,0,100,0,0,0,192,256,0,0,-256,0,0,100,0,0,256,192,256,0,
0,21,0,-256,0,0,100,0,192,256,192,256,0,74,-210,0,1,100,0,512,176,56,56,0,0,-256,0,0,25,0,576,256,192,256,0,0,-256,0,1,25,0,384,256,192,256,0,73,-128,0,0,100,0,384,192,40,40,0,30,-153,0,0,100,0,384,152,40,40,0,77,-163,0,0,100,0,392,0,40,40,0,48,-175,0,0,100,0,352,40,40,40,0,94,-179,1,0,100,0,232,80,40,40,0,102,-152,1,0,65,0,192,152,24,16,0,57,-148,0,0,65,0,216,152,24,16,0,84,-135,0,0,65,0,216,152,24,16,0,15,-129,0,1,100,0,424,176,88,56,0,40,-226,0,0,100,0,336,152,48,104,0,126,-219,0,0,100,0,240,152,56,96,0,120,-202,0,0,100,0,192,192,48,32,0,22,-131,0,0,100,0,352,120,32,32,0,105,-229,0,0,100,0,296,152,40,88,0,87,-197,0,0,100,0,256,120,32,32,0,0,-256,0,0,100,0,0,0,192,256,0,0,-256,0,0,100,0,0,256,192,256,0,
0,21,0,-256,0,0,100,0,192,256,192,256,0,74,-210,0,1,100,0,512,176,56,56,0,0,-256,0,0,25,0,576,256,192,256,0,0,-256,0,1,25,0,384,256,192,256,0,73,-128,0,0,100,0,384,192,40,40,0,30,-153,0,0,100,0,384,152,40,40,0,77,-163,0,0,100,0,392,0,40,40,0,44,-175,0,0,100,0,232,40,40,40,0,94,-179,1,0,100,0,232,80,40,40,0,102,-152,1,0,65,0,192,152,24,16,0,53,-148,0,0,65,0,216,152,24,16,0,84,-135,0,0,65,0,216,152,24,16,0,15,-129,0,1,100,0,424,176,88,56,0,40,-226,0,0,100,0,336,152,48,104,0,126,-219,0,0,100,0,240,152,56,96,0,120,-202,0,0,100,0,192,192,48,32,0,22,-131,0,0,100,0,352,120,32,32,0,105,-229,0,0,100,0,296,152,40,88,0,87,-197,0,0,100,0,256,120,32,32,0,0,-256,0,0,100,0,0,0,192,256,0,0,-256,0,0,100,0,0,256,192,256,0,
0,21,0,-256,0,0,100,0,192,256,192,256,0,74,-210,0,1,100,0,600,120,56,56,0,0,-256,0,0,25,0,576,256,192,256,0,0,-256,0,1,25,0,384,256,192,256,0,73,-128,0,0,100,0,384,192,40,40,0,30,-153,0,0,100,0,384,152,40,40,0,77,-163,0,0,100,0,392,0,40,40,0,44,-175,0,0,100,0,232,40,40,40,0,94,-179,1,0,100,0,232,80,40,40,0,102,-152,1,0,65,0,192,152,24,16,0,53,-148,0,0,65,0,216,152,24,16,0,84,-135,0,0,65,0,216,152,24,16,0,15,-129,0,1,100,0,424,176,88,56,0,40,-226,0,0,100,0,336,152,48,104,0,126,-219,0,0,100,0,240,152,56,96,0,120,-202,0,0,100,0,192,192,48,32,0,22,-131,0,0,100,0,352,120,32,32,0,105,-229,0,0,100,0,296,152,40,88,0,87,-197,0,0,100,0,256,120,32,32,0,0,-256,0,0,100,0,0,0,192,256,0,0,-256,0,0,100,0,0,256,192,256,0,
0,21,0,-256,0,0,100,0,192,256,192,256,0,74,-210,0,1,100,0,600,120,56,56,0,0,-256,0,0,25,0,576,256,192,256,0,0,-256,0,1,25,0,384,256,192,256,0,73,-128,0,0,100,0,384,192,40,40,0,30,-153,0,0,100,0,384,152,40,40,0,73,-162,0,0,100,0,352,0,40,40,0,44,-175,0,0,100,0,232,40,40,40,0,94,-179,1,0,100,0,232,80,40,40,0,102,-152,1,0,65,0,192,152,24,16,0,53,-148,0,0,65,0,216,152,24,16,0,82,-134,0,0,65,0,216,152,24,16,0,15,-129,0,1,100,0,424,176,88,56,0,40,-226,0,0,100,0,336,152,48,104,0,126,-219,0,0,100,0,240,152,56,96,0,120,-202,0,0,100,0,192,192,48,32,0,105,-229,0,0,100,0,296,152,40,88,0,22,-131,0,0,100,0,288,120,32,32,0,87,-197,0,0,100,0,192,120,32,32,0,0,-256,0,0,100,0,0,0,192,256,0,0,-256,0,0,100,0,0,256,192,256,0,
0,21,0,-256,0,0,100,0,192,256,192,256,0,74,-210,0,1,100,0,600,120,56,56,0,0,-256,0,0,25,0,576,256,192,256,0,0,-256,0,1,25,0,384,256,192,256,0,73,-128,0,0,100,0,384,192,40,40,0,30,-153,0,0,100,0,384,152,40,40,0,73,-162,0,0,100,0,352,0,40,40,0,44,-175,0,0,100,0,632,40,40,40,0,94,-179,1,0,100,0,232,80,40,40,0,102,-152,1,0,65,0,192,152,24,16,0,53,-148,0,0,65,0,216,152,24,16,0,82,-134,0,0,65,0,216,152,24,16,0,15,-129,0,1,100,0,512,120,88,56,0,40,-226,0,0,100,0,336,152,48,104,0,126,-219,0,0,100,0,240,152,56,96,0,120,-202,0,0,100,0,192,192,48,32,0,105,-229,0,0,100,0,296,152,40,88,0,22,-131,0,0,100,0,288,120,32,32,0,87,-197,0,0,100,0,192,120,32,32,0,0,-256,0,0,100,0,0,0,192,256,0,0,-256,0,0,100,0,0,256,192,256,0,
0,21,0,-256,0,0,100,0,192,256,192,256,0,74,-210,0,1,100,0,512,176,56,56,0,0,-256,0,0,25,0,576,256,192,256,0,0,-256,0,1,25,0,384,256,192,256,0,73,-128,0,0,100,0,384,192,40,40,0,30,-153,0,0,100,0,384,152,40,40,0,73,-162,0,0,100,0,352,0,40,40,0,44,-175,0,0,100,0,632,40,40,40,0,94,-179,1,0,100,0,232,80,40,40,0,102,-152,1,0,65,0,192,152,24,16,0,53,-148,0,0,65,0,216,152,24,16,0,82,-134,0,0,65,0,216,152,24,16,0,15,-129,0,1,100,0,512,120,88,56,0,40,-226,0,0,100,0,336,152,48,104,0,126,-219,0,0,100,0,240,152,56,96,0,120,-202,0,0,100,0,192,192,48,32,0,105,-229,0,0,100,0,296,152,40,88,0,22,-131,0,0,100,0,288,120,32,32,0,87,-197,0,0,100,0,192,120,32,32,0,0,-256,0,0,100,0,0,0,192,256,0,0,-256,0,0,100,0,0,256,192,256,0,
0,21,0,-256,0,0,100,0,192,256,192,256,0,74,-210,0,1,100,0,512,176,56,56,0,0,-256,0,0,25,0,576,256,192,256,0,0,-256,0,1,25,0,384,256,192,256,0,73,-128,0,0,100,0,384,192,40,40,0,30,-153,0,0,100,0,384,152,40,40,0,70,-160,0,0,100,0,432,0,40,40,0,44,-175,0,0,100,0,672,40,40,40,0,94,-179,1,0,100,0,232,80,40,40,0,102,-152,1,0,65,0,192,152,24,16,0,53,-148,0,0,65,0,216,152,24,16,0,78,-133,0,0,65,0,216,152,24,16,0,15,-129,0,1,100,0,512,120,88,56,0,40,-226,0,0,100,0,336,152,48,104,0,126,-219,0,0,100,0,240,152,56,96,0,120,-202,0,0,100,0,192,192,48,32,0,22,-131,0,0,100,0,320,120,32,32,0,105,-229,0,0,100,0,296,152,40,88,0,87,-197,0,0,100,0,224,120,32,32,0,0,-256,0,0,100,0,0,0,192,256,0,0,-256,0,0,100,0,0,256,192,256,0,
0,21,0,-256,0,0,100,0,192,256,192,256,0,74,-210,0,1,100,0,512,176,56,56,0,0,-256,0,0,25,0,576,256,192,256,0,0,-256,0,1,25,0,384,256,192,256,0,73,-128,0,0,100,0,384,192,40,40,0,30,-153,0,0,100,0,384,152,40,40,0,70,-160,0,0,100,0,432,0,40,40,0,44,-175,0,0,100,0,672,40,40,40,0,94,-179,1,0,100,0,232,80,40,40,0,102,-152,1,0,65,0,192,152,24,16,0,53,-148,0,0,65,0,216,152,24,16,0,78,-133,0,0,65,0,216,152,24,16,0,15,-129,0,1,100,0,512,120,88,56,0,40,-226,0,0,100,0,336,152,48,104,0,126,-219,0,0,100,0,240,152,56,96,0,120,-202,0,0,100,0,192,192,48,32,0,22,-131,0,0,100,0,320,120,32,32,0,105,-229,0,0,100,0,296,152,40,88,0,87,-197,0,0,100,0,224,120,32,32,0,0,-256,0,0,100,0,0,0,192,256,0,0,-256,0,0,100,0,0,256,192,256,0,
0,21,0,-256,0,0,100,0,192,256,192,256,0,74,-210,0,1,100,0,568,176,56,56,0,0,-256,0,0,25,0,576,256,192,256,0,0,-256,0,1,25,0,384,256,192,256,0,73,-128,0,0,100,0,384,192,40,40,0,30,-153,0,0,100,0,384,152,40,40,0,70,-160,0,0,100,0,432,0,40,40,0,44,-175,0,0,100,0,712,40,40,40,0,94,-179,1,0,100,0,232,80,40,40,0,102,-152,1,0,65,0,192,152,24,16,0,53,-148,0,0,65,0,216,152,24,16,0,78,-133,0,0,65,0,216,152,24,16,0,15,-129,0,1,100,0,424,120,88,56,0,40,-226,0,0,100,0,336,152,48,104,0,126,-219,0,0,100,0,240,152,56,96,0,120,-202,0,0,100,0,192,192,48,32,0,22,-131,0,0,100,0,320,120,32,32,0,105,-229,0,0,100,0,296,152,40,88,0,87,-197,0,0,100,0,224,120,32,32,0,0,-256,0,0,100,0,0,0,192,256,0,0,-256,0,0,100,0,0,256,192,256,0,
0,21,0,-256,0,0,100,0,192,256,192,256,0,74,-210,0,1,100,0,568,176,56,56,0,0,-256,0,0,25,0,576,256,192,256,0,0,-256,0,1,25,0,384,256,192,256,0,73,-128,0,0,100,0,384,192,40,40,0,30,-153,0,0,100,0,384,152,40,40,0,65,-159,0,0,100,0,352,0,40,40,0,44,-175,0,0,100,0,712,40,40,40,0,94,-179,1,0,100,0,232,80,40,40,0,102,-152,1,0,65,0,192,152,24,16,0,53,-148,0,0,65,0,216,152,24,16,0,73,-131,0,0,65,0,216,152,24,16,0,15,-129,0,1,100,0,424,120,88,56,0,40,-226,0,0,100,0,336,152,48,104,0,126,-219,0,0,100,0,240,152,56,96,0,120,-202,0,0,100,0,192,192,48,32,0,22,-131,0,0,100,0,352,120,32,32,0,105,-229,0,0,100,0,296,152,40,88,0,87,-197,0,0,100,0,256,120,32,32,0,0,-256,0,0,100,0,0,0,192,256,0,0,-256,0,0,100,0,0,256,192,256,0,
0,21,0,-256,0,0,100,0,192,256,192,256,0,74,-210,0,1,100,0,568,176,56,56,0,0,-256,0,0,25,0,576,256,192,256,0,0,-256,0,1,25,0,384,256,192,256,0,73,-128,0,0,100,0,384,192,40,40,0,30,-153,0,0,100,0,384,152,40,40,0,65,-159,0,0,100,0,352,0,40,40,0,44,-175,0,0,100,0,712,40,40,40,0,94,-179,1,0,100,0,232,80,40,40,0,102,-152,1,0,65,0,192,152,24,16,0,53,-148,0,0,65,0,216,152,24,16,0,73,-131,0,0,65,0,216,152,24,16,0,15,-129,0,1,100,0,424,120,88,56,0,40,-226,0,0,100,0,336,152,48,104,0,126,-219,0,0,100,0,240,152,56,96,0,120,-202,0,0,100,0,192,192,48,32,0,22,-131,0,0,100,0,352,120,32,32,0,105,-229,0,0,100,0,296,152,40,88,0,87,-197,0,0,100,0,256,120,32,32,0,0,-256,0,0,100,0,0,0,192,256,0,0,-256,0,0,100,0,0,256,192,256,0,
0,21,0,-256,0,0,100,0,192,256,192,256,0,74,-210,0,1,100,0,512,176,56,56,0,0,-256,0,0,25,0,576,256,192,256,0,0,-256,0,1,25,0,384,256,192,256,0,73,-128,0,0,100,0,384,192,40,40,0,30,-153,0,0,100,0,384,152,40,40,0,65,-159,0,0,100,0,352,0,40,40,0,44,-175,0,0,100,0,712,40,40,40,0,94,-179,1,0,100,0,232,80,40,40,0,102,-152,1,0,65,0,192,152,24,16,0,53,-148,0,0,65,0,216,152,24,16,0,73,-131,0,0,65,0,216,152,24,16,0,15,-129,0,1,100,0,424,120,88,56,0,40,-226,0,0,100,0,336,152,48,104,0,126,-219,0,0,100,0,240,152,56,96,0,120,-202,0,0,100,0,192,192,48,32,0,22,-131,0,0,100,0,352,120,32,32,0,105,-229,0,0,100,0,296,152,40,88,0,87,-197,0,0,100,0,256,120,32,32,0,0,-256,0,0,100,0,0,0,192,256,0,0,-256,0,0,100,0,0,256,192,256,0,
0,21,0,-256,0,0,100,0,192,256,192,256,0,74,-210,0,1,100,0,512,176,56,56,0,0,-256,0,0,25,0,576,256,192,256,0,0,-256,0,1,25,0,384,256,192,256,0,73,-128,0,0,100,0,384,192,40,40,0,30,-153,0,0,100,0,384,152,40,40,0,63,-157,0,0,100,0,392,0,40,40,0,44,-175,0,0,100,0,712,40,40,40,0,94,-179,1,0,100,0,232,80,40,40,0,102,-152,1,0,65,0,192,152,24,16,0,53,-148,0,0,65,0,216,152,24,16,0,70,-129,0,0,65,0,216,152,24,16,0,15,-129,0,1,100,0,424,176,88,56,0,40,-226,0,0,100,0,336,152,48,104,0,126,-219,0,0,100,0,240,152,56,96,0,120,-202,0,0,100,0,192,192,48,32,0,105,-229,0,0,100,0,296,152,40,88,0,22,-131,0,0,100,0,288,120,32,32,0,87,-197,0,0,100,0,192,120,32,32,0,0,-256,0,0,100,0,0,0,192,256,0,0,-256,0,0,100,0,0,256,192,256,0,
0,21,0,-256,0,0,100,0,192,256,192,256,0,74,-210,0,1,100,0,512,176,56,56,0,0,-256,0,0,25,0,576,256,192,256,0,0,-256,0,1,25,0,384,256,192,256,0,73,-128,0,0,100,0,384,192,40,40,0,30,-153,0,0,100,0,384,152,40,40,0,63,-157,0,0,100,0,392,0,40,40,0,44,-175,0,0,100,0,712,40,40,40,0,94,-179,1,0,100,0,232,80,40,40,0,102,-152,1,0,65,0,192,152,24,16,0,53,-148,0,0,65,0,216,152,24,16,0,70,-129,0,0,65,0,216,152,24,16,0,15,-129,0,1,100,0,424,176,88,56,0,40,-226,0,0,100,0,336,152,48,104,0,126,-219,0,0,100,0,240,152,56,96,0,120,-202,0,0,100,0,192,192,48,32,0,105,-229,0,0,100,0,296,152,40,88,0,22,-131,0,0,100,0,288,120,32,32,0,87,-197,0,0,100,0,192,120,32,32,0,0,-256,0,0,100,0,0,0,192,256,0,0,-256,0,0,100,0,0,256,192,256,0,
0,21,0,-256,0,0,100,0,192,256,192,256,0,74,-210,0,1,100,0,600,120,56,56,0,0,-256,0,0,25,0,576,256,192,256,0,0,-256,0,1,25,0,384,256,192,256,0,73,-128,0,0,100,0,384,192,40,40,0,30,-153,0,0,100,0,384,152,40,40,0,63,-157,0,0,100,0,392,0,40,40,0,44,-175,0,0,100,0,712,40,40,40,0,94,-179,1,0,100,0,232,80,40,40,0,102,-152,1,0,65,0,192,152,24,16,0,53,-148,0,0,65,0,216,152,24,16,0,70,-129,0,0,65,0,216,152,24,16,0,15,-129,0,1,100,0,424,176,88,56,0,40,-226,0,0,100,0,336,152,48,104,0,126,-219,0,0,100,0,240,152,56,96,0,120,-202,0,0,100,0,192,192,48,32,0,105,-229,0,0,100,0,296,152,40,88,0,22,-131,0,0,100,0,288,120,32,32,0,87,-197,0,0,100,0,192,120,32,32,0,0,-256,0,0,100,0,0,0,192,256,0,0,-256,0,0,100,0,0,256,192,256,0,
0,21,0,-256,0,0,100,0,192,256,192,256,0,74,-210,0,1,100,0,600,120,56,56,0,0,-256,0,0,25,0,576,256,192,256,0,0,-256,0,1,25,0,384,256,192,256,0,73,-128,0,0,100,0,384,192,40,40,0,30,-153,0,0,100,0,384,152,40,40,0,58,-155,0,0,100,0,352,0,40,40,0,44,-175,0,0,100,0,712,40,40,40,0,94,-179,1,0,100,0,232,80,40,40,0,102,-152,1,0,65,0,192,152,24,16,0,53,-148,0,0,65,0,216,152,24,16,0,66,-127,0,0,65,0,216,152,24,16,0,15,-129,0,1,100,0,424,176,88,56,0,40,-226,0,0,100,0,336,152,48,104,0,126,-219,0,0,100,0,240,152,56,96,0,120,-202,0,0,100,0,192,192,48,32,0,105,-229,0,0,100,0,296,152,40,88,0,22,-131,0,0,100,0,320,120,32,32,0,87,-197,0,0,100,0,224,120,32,32,0,0,-256,0,0,100,0,0,0,192,256,0,0,-256,0,0,100,0,0,256,192,256,0,
0,21,0,-256,0,0,100,0,192,256,192,256,0,74,-210,0,1,100,0,600,120,56,56,0,0,-256,0,0,25,0,576,256,192,256,0,0,-256,0,1,25,0,384,256,192,256,0,73,-128,0,0,100,0,384,192,40,40,0,30,-153,0,0,100,0,384,152,40,40,0,58,-155,0,0,100,0,352,0,40,40,0,44,-175,0,0,100,0,712,40,40,40,0,91,-177,1,0,100,0,192,80,40,40,0,99,-150,1,0,65,0,192,152,24,16,0,53,-148,0,0,65,0,216,152,24,16,0,66,-127,0,0,65,0,216,152,24,16,0,15,-129,0,1,100,0,512,120,88,56,0,40,-226,0,0,100,0,336,152,48,104,0,126,-219,0,0,100,0,240,152,56,96,0,120,-202,0,0,100,0,192,192,48,32,0,105,-229,0,0,100,0,296,152,40,88,0,22,-131,0,0,100,0,320,120,32,32,0,87,-197,0,0,100,0,224,120,32,32,0,0,-256,0,0,100,0,0,0,192,256,0,0,-256,0,0,100,0,0,256,192,256,0,
0,21,0,-256,0,0,100,0,192,256,192,256,0,74,-210,0,1,100,0,512,176,56,56,0,0,-256,0,0,25,0,576,256,192,256,0,0,-256,0,1,25,0,384,256,192,256,0,73,-128,0,0,100,0,384,192,40,40,0,30,-153,0,0,100,0,384,152,40,40,0,58,-155,0,0,100,0,352,0,40,40,0,44,-175,0,0,100,0,712,0,40,40,0,91,-177,1,0,100,0,192,80,40,40,0,99,-150,1,0,65,0,192,152,24,16,0,53,-148,0,0,65,0,216,152,24,16,0,66,-127,0,0,65,0,216,152,24,16,0,15,-129,0,1,100,0,512,120,88,56,0,40,-226,0,0,100,0,336,152,48,104,0,126,-219,0,0,100,0,240,152,56,96,0,120,-202,0,0,100,0,192,192,48,32,0,105,-229,0,0,100,0,296,152,40,88,0,22,-131,0,0,100,0,320,120,32,32,0,87,-197,0,0,100,0,224,120,32,32,0,0,-256,0,0,100,0,0,0,192,256,0,0,-256,0,0,100,0,0,256,192,256,0,
0,21,0,-256,0,0,100,0,192,256,192,256,0,74,-210,0,1,100,0,512,176,56,56,0,0,-256,0,0,25,0,576,256,192,256,0,0,-256,0,1,25,0,384,256,192,256,0,73,-128,0,0,100,0,384,192,40,40,0,30,-153,0,0,100,0,384,152,40,40,0,58,-155,0,0,100,0,512,0,40,40,0,44,-175,0,0,100,0,712,0,40,40,0,91,-177,1,0,100,0,192,80,40,40,0,99,-150,1,0,65,0,192,152,24,16,0,53,-148,0,0,65,0,216,152,24,16,0,66,-127,0,0,65,0,216,152,24,16,0,15,-129,0,1,100,0,512,120,88,56,0,40,-226,0,0,100,0,336,152,48,104,0,126,-219,0,0,100,0,240,152,56,96,0,120,-202,0,0,100,0,192,192,48,32,0,105,-229,0,0,100,0,296,152,40,88,0,22,-131,0,0,100,0,352,120,32,32,0,87,-197,0,0,100,0,256,120,32,32,0,0,-256,0,0,100,0,0,0,192,256,0,0,-256,0,0,100,0,0,256,192,256,0,
0,21,0,-256,0,0,100,0,192,256,192,256,0,74,-210,0,1,100,0,512,176,56,56,0,0,-256,0,0,25,0,576,256,192,256,0,0,-256,0,1,25,0,384,256,192,256,0,73,-128,0,0,100,0,384,192,40,40,0,30,-153,0,0,100,0,384,152,40,40,0,58,-155,0,0,100,0,512,0,40,40,0,44,-175,0,0,100,0,712,0,40,40,0,88,-174,1,0,100,0,232,80,40,40,0,96,-147,1,0,65,0,192,152,24,16,0,53,-148,0,0,65,0,216,152,24,16,0,66,-127,0,0,65,0,216,152,24,16,0,15,-129,0,1,100,0,512,120,88,56,0,40,-226,0,0,100,0,336,152,48,104,0,126,-219,0,0,100,0,240,152,56,96,0,120,-202,0,0,100,0,192,192,48,32,0,105,-229,0,0,100,0,296,152,40,88,0,22,-131,0,0,100,0,352,120,32,32,0,87,-197,0,0,100,0,256,120,32,32,0,0,-256,0,0,100,0,0,0,192,256,0,0,-256,0,0,100,0,0,256,192,256,0,
0,21,0,-256,0,0,100,0,192,256,192,256,0,74,-210,0,1,100,0,568,176,56,56,0,0,-256,0,0,25,0,576,256,192,256,0,0,-256,0,1,25,0,384,256,192,256,0,73,-128,0,0,100,0,384,192,40,40,0,30,-153,0,0,100,0,384,152,40,40,0,58,-155,0,0,100,0,512,0,40,40,0,44,-175,0,0,100,0,712,0,40,40,0,88,-174,1,0,100,0,232,80,40,40,0,96,-147,1,0,65,0,192,152,24,16,0,53,-148,0,0,65,0,216,152,24,16,0,66,-127,0,0,65,0,216,152,24,16,0,15,-129,0,1,100,0,424,120,88,56,0,40,-226,0,0,100,0,336,152,48,104,0,126,-219,0,0,100,0,240,152,56,96,0,120,-202,0,0,100,0,192,192,48,32,0,105,-229,0,0,100,0,296,152,40,88,0,22,-131,0,0,100,0,352,120,32,32,0,87,-197,0,0,100,0,256,120,32,32,0,0,-256,0,0,100,0,0,0,192,256,0,0,-256,0,0,100,0,0,256,192,256,0,
0,21,0,-256,0,0,100,0,192,256,192,256,0,74,-210,0,1,100,0,568,176,56,56,0,0,-256,0,0,25,0,576,256,192,256,0,0,-256,0,1,25,0,384,256,192,256,0,73,-128,0,0,100,0,384,192,40,40,0,30,-153,0,0,100,0,384,152,40,40,0,58,-155,0,0,100,0,512,0,40,40,0,44,-175,0,0,100,0,712,0,40,40,0,88,-174,1,0,100,0,232,80,40,40,0,96,-147,1,0,65,0,192,152,24,16,0,53,-148,0,0,65,0,216,152,24,16,0,66,-127,0,0,65,0,216,152,24,16,0,15,-129,0,1,100,0,424,120,88,56,0,40,-226,0,0,100,0,336,152,48,104,0,126,-219,0,0,100,0,240,152,56,96,0,120,-202,0,0,100,0,192,192,48,32,0,105,-229,0,0,100,0,296,152,40,88,0,22,-131,0,0,100,0,288,120,32,32,0,87,-197,0,0,100,0,192,120,32,32,0,0,-256,0,0,100,0,0,0,192,256,0,0,-256,0,0,100,0,0,256,192,256,0,
0,21,0,-256,0,0,100,0,192,256,192,256,0,74,-210,0,1,100,0,568,176,56,56,0,0,-256,0,0,25,0,576,256,192,256,0,0,-256,0,1,25,0,384,256,192,256,0,73,-128,0,0,100,0,384,192,40,40,0,30,-153,0,0,100,0,384,152,40,40,0,58,-155,0,0,100,0,512,0,40,40,0,44,-175,0,0,100,0,712,0,40,40,0,85,-171,1,0,100,0,272,80,40,40,0,93,-144,1,0,65,0,192,152,24,16,0,53,-148,0,0,65,0,216,152,24,16,0,66,-127,0,0,65,0,216,152,24,16,0,15,-129,0,1,100,0,424,120,88,56,0,40,-226,0,0,100,0,336,152,48,104,0,126,-219,0,0,100,0,240,152,56,96,0,120,-202,0,0,100,0,192,192,48,32,0,105,-229,0,0,100,0,296,152,40,88,0,22,-131,0,0,100,0,288,120,32,32,0,87,-197,0,0,100,0,192,120,32,32,0,0,-256,0,0,100,0,0,0,192,256,0,0,-256,0,0,100,0,0,256,192,256,0,
0,21,0,-256,0,0,100,0,192,256,192,256,0,74,-210,0,1,100,0,512,176,56,56,0,0,-256,0,0,25,0,576,256,192,256,0,0,-256,0,1,25,0,384,256,192,256,0,73,-128,0,0,100,0,384,192,40,40,0,30,-153,0,0,100,0,384,152,40,40,0,58,-155,0,0,100,0,512,0,40,40,0,44,-175,0,0,100,0,712,0,40,40,0,85,-171,1,0,100,0,272,80,40,40,0,93,-144,1,0,65,0,192,152,24,16,0,53,-148,0,0,65,0,216,152,24,16,0,66,-127,0,0,65,0,216,152,24,16,0,15,-129,0,1,100,0,424,120,88,56,0,40,-226,0,0,100,0,336,152,48,104,0,126,-219,0,0,100,0,240,152,56,96,0,120,-202,0,0,100,0,192,192,48,32,0,105,-229,0,0,100,0,296,152,40,88,0,22,-131,0,0,100,0,288,120,32,32,0,87,-197,0,0,100,0,192,120,32,32,0,0,-256,0,0,100,0,0,0,192,256,0,0,-256,0,0,100,0,0,256,192,256,0,
0,21,0,-256,0,0,100,0,192,256,192,256,0,74,-210,0,1,100,0,512,176,56,56,0,0,-256,0,0,25,0,576,256,192,256,0,0,-256,0,1,25,0,384,256,192,256,0,73,-128,0,0,100,0,384,192,40,40,0,30,-153,0,0,100,0,384,152,40,40,0,58,-155,0,0,100,0,552,0,40,40,0,44,-175,0,0,100,0,712,0,40,40,0,85,-171,1,0,100,0,272,80,40,40,0,93,-144,1,0,65,0,192,152,24,16,0,53,-148,0,0,65,0,216,152,24,16,0,66,-127,0,0,65,0,216,152,24,16,0,15,-129,0,1,100,0,424,176,88,56,0,40,-226,0,0,100,0,336,152,48,104,0,126,-219,0,0,100,0,240,152,56,96,0,120,-202,0,0,100,0,192,192,48,32,0,105,-229,0,0,100,0,296,152,40,88,0,22,-131,0,0,100,0,320,120,32,32,0,87,-197,0,0,100,0,224,120,32,32,0,0,-256,0,0,100,0,0,0,192,256,0,0,-256,0,0,100,0,0,256,192,256,0,
0,21,0,-256,0,0,100,0,192,256,192,256,0,74,-210,0,1,100,0,512,176,56,56,0,0,-256,0,0,25,0,576,256,192,256,0,0,-256,0,1,25,0,384,256,192,256,0,73,-128,0,0,100,0,384,192,40,40,0,30,-153,0,0,100,0,384,152,40,40,0,58,-155,0,0,100,0,552,0,40,40,0,44,-175,0,0,100,0,712,0,40,40,0,83,-169,1,0,100,0,232,80,40,40,0,91,-142,1,0,65,0,192,152,24,16,0,53,-148,0,0,65,0,216,152,24,16,0,66,-127,0,0,65,0,216,152,24,16,0,15,-129,0,1,100,0,424,176,88,56,0,40,-226,0,0,100,0,336,152,48,104,0,126,-219,0,0,100,0,240,152,56,96,0,120,-202,0,0,100,0,192,192,48,32,0,105,-229,0,0,100,0,296,152,40,88,0,22,-131,0,0,100,0,320,120,32,32,0,87,-197,0,0,100,0,224,120,32,32,0,0,-256,0,0,100,0,0,0,192,256,0,0,-256,0,0,100,0,0,256,192,256,0,
0,21,0,-256,0,0,100,0,192,256,192,256,0,74,-210,0,1,100,0,600,120,56,56,0,0,-256,0,0,25,0,576,256,192,256,0,0,-256,0,1,25,0,384,256,192,256,0,73,-128,0,0,100,0,384,192,40,40,0,30,-153,0,0,100,0,384,152,40,40,0,58,-155,0,0,100,0,552,0,40,40,0,44,-175,0,0,100,0,712,0,40,40,0,83,-169,1,0,100,0,232,80,40,40,0,91,-142,1,0,65,0,192,152,24,16,0,53,-148,0,0,65,0,216,152,24,16,0,66,-127,0,0,65,0,216,152,24,16,0,15,-129,0,1,100,0,424,176,88,56,0,40,-226,0,0,100,0,336,152,48,104,0,126,-219,0,0,100,0,240,152,56,96,0,120,-202,0,0,100,0,192,192,48,32,0,105,-229,0,0,100,0,296,152,40,88,0,22,-131,0,0,100,0,320,120,32,32,0,87,-197,0,0,100,0,224,120,32,32,0,0,-256,0,0,100,0,0,0,192,256,0,0,-256,0,0,100,0,0,256,192,256,0,
0,21,0,-256,0,0,100,0,192,256,192,256,0,74,-210,0,1,100,0,600,120,56,56,0,0,-256,0,0,25,0,576,256,192,256,0,0,-256,0,1,25,0,384,256,192,256,0,73,-128,0,0,100,0,384,192,40,40,0,30,-153,0,0,100,0,384,152,40,40,0,58,-155,0,0,100,0,592,0,40,40,0,44,-175,0,0,100,0,712,0,40,40,0,83,-169,1,0,100,0,232,80,40,40,0,91,-142,1,0,65,0,192,152,24,16,0,53,-148,0,0,65,0,216,152,24,16,0,66,-127,0,0,65,0,216,152,24,16,0,15,-129,0,1,100,0,424,176,88,56,0,40,-226,0,0,100,0,336,152,48,104,0,126,-219,0,0,100,0,240,152,56,96,0,120,-202,0,0,100,0,192,192,48,32,0,105,-229,0,0,100,0,296,152,40,88,0,22,-131,0,0,100,0,352,120,32,32,0,87,-197,0,0,100,0,256,120,32,32,0,0,-256,0,0,100,0,0,0,192,256,0,0,-256,0,0,100,0,0,256,192,256,0,
0,21,0,-256,0,0,100,0,192,256,192,256,0,74,-210,0,1,100,0,600,120,56,56,0,0,-256,0,0,25,0,576,256,192,256,0,0,-256,0,1,25,0,384,256,192,256,0,73,-128,0,0,100,0,384,192,40,40,0,30,-153,0,0,100,0,384,152,40,40,0,58,-155,0,0,100,0,592,0,40,40,0,44,-175,0,0,100,0,712,0,40,40,0,81,-167,1,0,100,0,192,80,40,40,0,89,-140,1,0,65,0,192,152,24,16,0,53,-148,0,0,65,0,216,152,24,16,0,66,-127,0,0,65,0,216,152,24,16,0,15,-129,0,1,100,0,512,120,88,56,0,40,-226,0,0,100,0,336,152,48,104,0,126,-219,0,0,100,0,240,152,56,96,0,120,-202,0,0,100,0,192,192,48,32,0,105,-229,0,0,100,0,296,152,40,88,0,22,-131,0,0,100,0,352,120,32,32,0,87,-197,0,0,100,0,256,120,32,32,0,0,-256,0,0,100,0,0,0,192,256,0,0,-256,0,0,100,0,0,256,192,256,0,
0,21,0,-256,0,0,100,0,192,256,192,256,0,74,-210,0,1,100,0,512,176,56,56,0,0,-256,0,0,25,0,576,256,192,256,0,0,-256,0,1,25,0,384,256,192,256,0,73,-128,0,0,100,0,384,192,40,40,0,30,-153,0,0,100,0,384,152,40,40,0,58,-155,0,0,100,0,592,0,40,40,0,44,-175,0,0,100,0,712,0,40,40,0,81,-167,1,0,100,0,192,80,40,40,0,89,-140,1,0,65,0,192,152,24,16,0,53,-148,0,0,65,0,216,152,24,16,0,66,-127,0,0,65,0,216,152,24,16,0,15,-129,0,1,100,0,512,120,88,56,0,40,-226,0,0,100,0,336,152,48,104,0,126,-219,0,0,100,0,240,152,56,96,0,120,-202,0,0,100,0,192,192,48,32,0,105,-229,0,0,100,0,296,152,40,88,0,22,-131,0,0,100,0,352,120,32,32,0,87,-197,0,0,100,0,256,120,32,32,0,0,-256,0,0,100,0,0,0,192,256,0,0,-256,0,0,100,0,0,256,192,256,0,
0,21,0,-256,0,0,100,0,192,256,192,256,0,74,-210,0,1,100,0,512,176,56,56,0,0,-256,0,0,25,0,576,256,192,256,0,0,-256,0,1,25,0,384,256,192,256,0,73,-128,0,0,100,0,384,192,40,40,0,30,-153,0,0,100,0,384,152,40,40,0,58,-155,0,0,100,0,592,0,40,40,0,44,-175,0,0,100,0,712,0,40,40,0,81,-167,1,0,100,0,192,80,40,40,0,89,-140,1,0,65,0,192,152,24,16,0,53,-148,0,0,65,0,216,152,24,16,0,66,-127,0,0,65,0,216,152,24,16,0,15,-129,0,1,100,0,512,120,88,56,0,40,-226,0,0,100,0,336,152,48,104,0,126,-219,0,0,100,0,240,152,56,96,0,120,-202,0,0,100,0,192,192,48,32,0,105,-229,0,0,100,0,296,152,40,88,0,22,-131,0,0,100,0,288,120,32,32,0,87,-197,0,0,100,0,192,120,32,32,0,0,-256,0,0,100,0,0,0,192,256,0,0,-256,0,0,100,0,0,256,192,256,0,
0,21,0,-256,0,0,100,0,192,256,192,256,0,74,-210,0,1,100,0,512,176,56,56,0,0,-256,0,0,25,0,576,256,192,256,0,0,-256,0,1,25,0,384,256,192,256,0,73,-128,0,0,100,0,384,192,40,40,0,30,-153,0,0,100,0,384,152,40,40,0,58,-155,0,0,100,0,512,0,40,40,0,44,-175,0,0,100,0,712,0,40,40,0,79,-165,1,0,100,0,232,80,40,40,0,87,-138,1,0,65,0,192,152,24,16,0,53,-148,0,0,65,0,216,152,24,16,0,66,-127,0,0,65,0,216,152,24,16,0,15,-129,0,1,100,0,512,120,88,56,0,40,-226,0,0,100,0,336,152,48,104,0,126,-219,0,0,100,0,240,152,56,96,0,120,-202,0,0,100,0,192,192,48,32,0,105,-229,0,0,100,0,296,152,40,88,0,22,-131,0,0,100,0,288,120,32,32,0,87,-197,0,0,100,0,192,120,32,32,0,0,-256,0,0,100,0,0,0,192,256,0,0,-256,0,0,100,0,0,256,192,256,0,
0,21,0,-256,0,0,100,0,192,256,192,256,0,74,-210,0,1,100,0,568,176,56,56,0,0,-256,0,0,25,0,576,256,192,256,0,0,-256,0,1,25,0,384,256,192,256,0,73,-128,0,0,100,0,384,192,40,40,0,30,-153,0,0,100,0,384,152,40,40,0,58,-155,0,0,100,0,552,0,40,40,0,44,-175,0,0,100,0,712,0,40,40,0,79,-165,1,0,100,0,232,80,40,40,0,87,-138,1,0,65,0,192,152,24,16,0,53,-148,0,0,65,0,216,152,24,16,0,66,-127,0,0,65,0,216,152,24,16,0,15,-129,0,1,100,0,512,120,88,56,0,40,-226,0,0,100,0,336,152,48,104,0,126,-219,0,0,100,0,240,152,56,96,0,120,-202,0,0,100,0,192,192,48,32,0,105,-229,0,0,100,0,296,152,40,88,0,22,-131,0,0,100,0,288,120,32,32,0,87,-197,0,0,100,0,192,120,32,32,0,0,-256,0,0,100,0,0,0,192,256,0,0,-256,0,0,100,0,0,256,192,256,0,
0,21,0,-256,0,0,100,0,192,256,192,256,0,74,-210,0,1,100,0,568,176,56,56,0,0,-256,0,0,25,0,576,256,192,256,0,0,-256,0,1,25,0,384,256,192,256,0,73,-128,0,0,100,0,384,192,40,40,0,30,-153,0,0,100,0,384,152,40,40,0,58,-155,0,0,100,0,552,0,40,40,0,44,-175,0,0,100,0,712,0,40,40,0,79,-165,1,0,100,0,232,80,40,40,0,87,-138,1,0,65,0,192,152,24,16,0,53,-148,0,0,65,0,216,152,24,16,0,66,-127,0,0,65,0,216,152,24,16,0,15,-129,0,1,100,0,424,120,88,56,0,40,-226,0,0,100,0,336,152,48,104,0,126,-219,0,0,100,0,240,152,56,96,0,120,-202,0,0,100,0,192,192,48,32,0,105,-229,0,0,100,0,296,152,40,88,0,22,-131,0,0,100,0,320,120,32,32,0,87,-197,0,0,100,0,224,120,32,32,0,0,-256,0,0,100,0,0,0,192,256,0,0,-256,0,0,100,0,0,256,192,256,0,
0,21,0,-256,0,0,100,0,192,256,192,256,0,74,-210,0,1,100,0,568,176,56,56,0,0,-256,0,0,25,0,576,256,192,256,0,0,-256,0,1,25,0,384,256,192,256,0,73,-128,0,0,100,0,384,192,40,40,0,30,-153,0,0,100,0,384,152,40,40,0,58,-155,0,0,100,0,632,0,40,40,0,44,-175,0,0,100,0,712,0,40,40,0,79,-165,1,0,100,0,232,80,40,40,0,87,-138,1,0,65,0,192,152,24,16,0,53,-148,0,0,65,0,216,152,24,16,0,66,-127,0,0,65,0,216,152,24,16,0,15,-129,0,1,100,0,424,120,88,56,0,40,-226,0,0,100,0,336,152,48,104,0,126,-219,0,0,100,0,240,152,56,96,0,120,-202,0,0,100,0,192,192,48,32,0,105,-229,0,0,100,0,296,152,40,88,0,22,-131,0,0,100,0,320,120,32,32,0,87,-197,0,0,100,0,224,120,32,32,0,0,-256,0,0,100,0,0,0,192,256,0,0,-256,0,0,100,0,0,256,192,256,0,
0,21,0,-256,0,0,100,0,192,256,192,256,0,74,-210,0,1,100,0,512,176,56,56,0,0,-256,0,0,25,0,576,256,192,256,0,0,-256,0,1,25,0,384,256,192,256,0,73,-128,0,0,100,0,384,192,40,40,0,30,-153,0,0,100,0,384,152,40,40,0,58,-155,0,0,100,0,632,0,40,40,0,44,-175,0,0,100,0,712,0,40,40,0,79,-165,1,0,100,0,232,80,40,40,0,87,-138,1,0,65,0,192,152,24,16,0,53,-148,0,0,65,0,216,152,24,16,0,66,-127,0,0,65,0,216,152,24,16,0,15,-129,0,1,100,0,424,120,88,56,0,40,-226,0,0,100,0,336,152,48,104,0,126,-219,0,0,100,0,240,152,56,96,0,120,-202,0,0,100,0,192,192,48,32,0,105,-229,0,0,100,0,296,152,40,88,0,22,-131,0,0,100,0,320,120,32,32,0,87,-197,0,0,100,0,224,120,32,32,0,0,-256,0,0,100,0,0,0,192,256,0,0,-256,0,0,100,0,0,256,192,256,0,
0,21,0,-256,0,0,100,0,192,256,192,256,0,74,-210,0,1,100,0,512,176,56,56,0,0,-256,0,0,25,0,576,256,192,256,0,0,-256,0,1,25,0,384,256,192,256,0,73,-128,0,0,100,0,384,192,40,40,0,30,-153,0,0,100,0,384,152,40,40,0,58,-155,0,0,100,0,632,0,40,40,0,44,-175,0,0,100,0,712,0,40,40,0,79,-165,1,0,100,0,232,80,40,40,0,87,-138,1,0,65,0,192,152,24,16,0,53,-148,0,0,65,0,216,152,24,16,0,66,-127,0,0,65,0,216,152,24,16,0,15,-129,0,1,100,0,424,120,88,56,0,40,-226,0,0,100,0,336,152,48,104,0,126,-219,0,0,100,0,240,152,56,96,0,120,-202,0,0,100,0,192,192,48,32,0,105,-229,0,0,100,0,296,152,40,88,0,22,-131,0,0,100,0,352,120,32,32,0,87,-197,0,0,100,0,256,120,32,32,0,0,-256,0,0,100,0,0,0,192,256,0,0,-256,0,0,100,0,0,256,192,256,0,
0,21,0,-256,0,0,100,0,192,256,192,256,0,74,-210,0,1,100,0,512,176,56,56,0,0,-256,0,0,25,0,576,256,192,256,0,0,-256,0,1,25,0,384,256,192,256,0,73,-128,0,0,100,0,384,192,40,40,0,30,-153,0,0,100,0,384,152,40,40,0,58,-155,0,0,100,0,552,0,40,40,0,44,-175,0,0,100,0,712,0,40,40,0,79,-165,1,0,100,0,232,80,40,40,0,87,-138,1,0,65,0,192,152,24,16,0,53,-148,0,0,65,0,216,152,24,16,0,66,-127,0,0,65,0,216,152,24,16,0,15,-129,0,1,100,0,424,176,88,56,0,40,-226,0,0,100,0,336,152,48,104,0,126,-219,0,0,100,0,240,152,56,96,0,120,-202,0,0,100,0,192,192,48,32,0,105,-229,0,0,100,0,296,152,40,88,0,22,-131,0,0,100,0,352,120,32,32,0,87,-197,0,0,100,0,256,120,32,32,0,0,-256,0,0,100,0,0,0,192,256,0,0,-256,0,0,100,0,0,256,192,256,0,
0,21,0,-256,0,0,100,0,192,256,192,256,0,74,-210,0,1,100,0,600,120,56,56,0,0,-256,0,0,25,0,576,256,192,256,0,0,-256,0,1,25,0,384,256,192,256,0,73,-128,0,0,100,0,384,192,40,40,0,30,-153,0,0,100,0,384,152,40,40,0,58,-155,0,0,100,0,552,0,40,40,0,44,-175,0,0,100,0,712,0,40,40,0,79,-165,1,0,100,0,232,80,40,40,0,87,-138,1,0,65,0,192,152,24,16,0,53,-148,0,0,65,0,216,152,24,16,0,66,-127,0,0,65,0,216,152,24,16,0,15,-129,0,1,100,0,424,176,88,56,0,40,-226,0,0,100,0,336,152,48,104,0,126,-219,0,0,100,0,240,152,56,96,0,120,-202,0,0,100,0,192,192,48,32,0,105,-229,0,0,100,0,296,152,40,88,0,22,-131,0,0,100,0,352,120,32,32,0,87,-197,0,0,100,0,256,120,32,32,0,0,-256,0,0,100,0,0,0,192,256,0,0,-256,0,0,100,0,0,256,192,256,0,
0,21,0,-256,0,0,100,0,192,256,192,256,0,74,-210,0,1,100,0,600,120,56,56,0,0,-256,0,0,25,0,576,256,192,256,0,0,-256,0,1,25,0,384,256,192,256,0,73,-128,0,0,100,0,384,192,40,40,0,30,-153,0,0,100,0,384,152,40,40,0,58,-155,0,0,100,0,512,0,40,40,0,44,-175,0,0,100,0,712,0,40,40,0,79,-165,1,0,100,0,232,80,40,40,0,87,-138,1,0,65,0,192,152,24,16,0,53,-148,0,0,65,0,216,152,24,16,0,66,-127,0,0,65,0,216,152,24,16,0,15,-129,0,1,100,0,424,176,88,56,0,40,-226,0,0,100,0,336,152,48,104,0,126,-219,0,0,100,0,240,152,56,96,0,120,-202,0,0,100,0,192,192,48,32,0,105,-229,0,0,100,0,296,152,40,88,0,22,-131,0,0,100,0,288,120,32,32,0,87,-197,0,0,100,0,192,120,32,32,0,0,-256,0,0,100,0,0,0,192,256,0,0,-256,0,0,100,0,0,256,192,256,0,
0,21,0,-256,0,0,100,0,192,256,192,256,0,74,-210,0,1,100,0,600,120,56,56,0,0,-256,0,0,25,0,576,256,192,256,0,0,-256,0,1,25,0,384,256,192,256,0,73,-128,0,0,100,0,384,192,40,40,0,30,-153,0,0,100,0,384,152,40,40,0,58,-155,0,0,100,0,512,0,40,40,0,44,-175,0,0,100,0,712,0,40,40,0,79,-165,1,0,100,0,232,80,40,40,0,87,-138,1,0,65,0,192,152,24,16,0,53,-148,0,0,65,0,216,152,24,16,0,66,-127,0,0,65,0,216,152,24,16,0,15,-129,0,1,100,0,424,176,88,56,0,40,-226,0,0,100,0,336,152,48,104,0,126,-219,0,0,100,0,240,152,56,96,0,120,-202,0,0,100,0,192,192,48,32,0,105,-229,0,0,100,0,296,152,40,88,0,22,-131,0,0,100,0,288,120,32,32,0,87,-197,0,0,100,0,192,120,32,32,0,0,-256,0,0,100,0,0,0,192,256,0,0,-256,0,0,100,0,0,256,192,256,0,
0,21,0,-256,0,0,100,0,192,256,192,256,0,74,-210,0,1,100,0,512,176,56,56,0,0,-256,0,0,25,0,576,256,192,256,0,0,-256,0,1,25,0,384,256,192,256,0,73,-128,0,0,100,0,384,192,40,40,0,30,-153,0,0,100,0,384,152,40,40,0,58,-155,0,0,100,0,512,0,40,40,0,44,-175,0,0,100,0,712,0,40,40,0,79,-165,1,0,100,0,232,80,40,40,0,87,-138,1,0,65,0,192,152,24,16,0,53,-148,0,0,65,0,216,152,24,16,0,66,-127,0,0,65,0,216,152,24,16,0,15,-129,0,1,100,0,512,120,88,56,0,40,-226,0,0,100,0,336,152,48,104,0,126,-219,0,0,100,0,240,152,56,96,0,120,-202,0,0,100,0,192,192,48,32,0,105,-229,0,0,100,0,296,152,40,88,0,22,-131,0,0,100,0,288,120,32,32,0,87,-197,0,0,100,0,192,120,32,32,0,0,-256,0,0,100,0,0,0,192,256,0,0,-256,0,0,100,0,0,256,192,256,0,
0,21,0,-256,0,0,100,0,192,256,192,256,0,74,-210,0,1,100,0,512,176,56,56,0,0,-256,0,0,25,0,576,256,192,256,0,0,-256,0,1,25,0,384,256,192,256,0,73,-128,0,0,100,0,384,192,40,40,0,30,-153,0,0,100,0,384,152,40,40,0,58,-155,0,0,100,0,512,0,40,40,0,44,-175,0,0,100,0,712,0,40,40,0,79,-165,1,0,100,0,232,80,40,40,0,87,-138,1,0,65,0,192,152,24,16,0,53,-148,0,0,65,0,216,152,24,16,0,66,-127,0,0,65,0,216,152,24,16,0,15,-129,0,1,100,0,512,120,88,56,0,40,-226,0,0,100,0,336,152,48,104,0,126,-219,0,0,100,0,240,152,56,96,0,120,-202,0,0,100,0,192,192,48,32,0,105,-229,0,0,100,0,296,152,40,88,0,22,-131,0,0,100,0,320,120,32,32,0,87,-197,0,0,100,0,224,120,32,32,0,0,-256,0,0,100,0,0,0,192,256,0,0,-256,0,0,100,0,0,256,192,256,0,
0,21,0,-256,0,0,100,0,192,256,192,256,0,74,-210,0,1,100,0,512,176,56,56,0,0,-256,0,0,25,0,576,256,192,256,0,0,-256,0,1,25,0,384,256,192,256,0,73,-128,0,0,100,0,384,192,40,40,0,30,-153,0,0,100,0,384,152,40,40,0,58,-155,0,0,100,0,552,0,40,40,0,44,-175,0,0,100,0,712,0,40,40,0,79,-165,1,0,100,0,232,80,40,40,0,87,-138,1,0,65,0,192,152,24,16,0,53,-148,0,0,65,0,216,152,24,16,0,66,-127,0,0,65,0,216,152,24,16,0,15,-129,0,1,100,0,512,120,88,56,0,40,-226,0,0,100,0,336,152,48,104,0,126,-219,0,0,100,0,240,152,56,96,0,120,-202,0,0,100,0,192,192,48,32,0,105,-229,0,0,100,0,296,152,40,88,0,22,-131,0,0,100,0,320,120,32,32,0,87,-197,0,0,100,0,224,120,32,32,0,0,-256,0,0,100,0,0,0,192,256,0,0,-256,0,0,100,0,0,256,192,256,0,
0,21,0,-256,0,0,100,0,192,256,192,256,0,74,-210,0,1,100,0,568,176,56,56,0,0,-256,0,0,25,0,576,256,192,256,0,0,-256,0,1,25,0,384,256,192,256,0,73,-128,0,0,100,0,384,192,40,40,0,30,-153,0,0,100,0,384,152,40,40,0,58,-155,0,0,100,0,552,0,40,40,0,44,-175,0,0,100,0,712,0,40,40,0,79,-165,1,0,100,0,232,80,40,40,0,87,-138,1,0,65,0,192,152,24,16,0,53,-148,0,0,65,0,216,152,24,16,0,66,-127,0,0,65,0,216,152,24,16,0,15,-129,0,1,100,0,512,120,88,56,0,40,-226,0,0,100,0,336,152,48,104,0,126,-219,0,0,100,0,240,152,56,96,0,120,-202,0,0,100,0,192,192,48,32,0,105,-229,0,0,100,0,296,152,40,88,0,22,-131,0,0,100,0,320,120,32,32,0,87,-197,0,0,100,0,224,120,32,32,0,0,-256,0,0,100,0,0,0,192,256,0,0,-256,0,0,100,0,0,256,192,256,0,
0,21,0,-256,0,0,100,0,192,256,192,256,0,74,-210,0,1,100,0,568,176,56,56,0,0,-256,0,0,25,0,576,256,192,256,0,0,-256,0,1,25,0,384,256,192,256,0,73,-128,0,0,100,0,384,192,40,40,0,30,-153,0,0,100,0,384,152,40,40,0,58,-155,0,0,100,0,552,0,40,40,0,44,-175,0,0,100,0,712,0,40,40,0,79,-165,1,0,100,0,232,80,40,40,0,87,-138,1,0,65,0,192,152,24,16,0,53,-148,0,0,65,0,216,152,24,16,0,66,-127,0,0,65,0,216,152,24,16,0,15,-129,0,1,100,0,424,120,88,56,0,40,-226,0,0,100,0,336,152,48,104,0,126,-219,0,0,100,0,240,152,56,96,0,120,-202,0,0,100,0,192,192,48,32,0,105,-229,0,0,100,0,296,152,40,88,0,22,-131,0,0,100,0,352,120,32,32,0,87,-197,0,0,100,0,256,120,32,32,0,0,-256,0,0,100,0,0,0,192,256,0,0,-256,0,0,100,0,0,256,192,256,0,
0,21,0,-256,0,0,100,0,192,256,192,256,0,74,-210,0,1,100,0,568,176,56,56,0,0,-256,0,0,25,0,576,256,192,256,0,0,-256,0,1,25,0,384,256,192,256,0,73,-128,0,0,100,0,384,192,40,40,0,30,-153,0,0,100,0,384,152,40,40,0,58,-155,0,0,100,0,552,0,40,40,0,44,-175,0,0,100,0,712,0,40,40,0,79,-165,1,0,100,0,232,80,40,40,0,87,-138,1,0,65,0,192,152,24,16,0,53,-148,0,0,65,0,216,152,24,16,0,66,-127,0,0,65,0,216,152,24,16,0,15,-129,0,1,100,0,424,120,88,56,0,40,-226,0,0,100,0,336,152,48,104,0,126,-219,0,0,100,0,240,152,56,96,0,120,-202,0,0,100,0,192,192,48,32,0,105,-229,0,0,100,0,296,152,40,88,0,22,-131,0,0,100,0,352,120,32,32,0,87,-197,0,0,100,0,256,120,32,32,0,0,-256,0,0,100,0,0,0,192,256,0,0,-256,0,0,100,0,0,256,192,256,0,
0,21,0,-256,0,0,100,0,192,256,192,256,0,74,-210,0,1,100,0,512,176,56,56,0,0,-256,0,0,25,0,576,256,192,256,0,0,-256,0,1,25,0,384,256,192,256,0,73,-128,0,0,100,0,384,192,40,40,0,30,-153,0,0,100,0,384,152,40,40,0,58,-155,0,0,100,0,552,0,40,40,0,44,-175,0,0,100,0,712,0,40,40,0,79,-165,1,0,100,0,232,80,40,40,0,87,-138,1,0,65,0,192,152,24,16,0,53,-148,0,0,65,0,216,152,24,16,0,66,-127,0,0,65,0,216,152,24,16,0,15,-129,0,1,100,0,424,120,88,56,0,40,-226,0,0,100,0,336,152,48,104,0,126,-219,0,0,100,0,240,152,56,96,0,120,-202,0,0,100,0,192,192,48,32,0,105,-229,0,0,100,0,296,152,40,88,0,22,-131,0,0,100,0,352,120,32,32,0,87,-197,0,0,100,0,256,120,32,32,0,0,-256,0,0,100,0,0,0,192,256,0,0,-256,0,0,100,0,0,256,192,256,0,
0,21,0,-256,0,0,100,0,192,256,192,256,0,74,-210,0,1,100,0,512,176,56,56,0,0,-256,0,0,25,0,576,256,192,256,0,0,-256,0,1,25,0,384,256,192,256,0,73,-128,0,0,100,0,384,192,40,40,0,30,-153,0,0,100,0,384,152,40,40,0,58,-155,0,0,100,0,552,0,40,40,0,44,-175,0,0,100,0,712,0,40,40,0,79,-165,1,0,100,0,232,80,40,40,0,87,-138,1,0,65,0,192,152,24,16,0,53,-148,0,0,65,0,216,152,24,16,0,66,-127,0,0,65,0,216,152,24,16,0,15,-129,0,1,100,0,424,120,88,56,0,40,-226,0,0,100,0,336,152,48,104,0,126,-219,0,0,100,0,240,152,56,96,0,120,-202,0,0,100,0,192,192,48,32,0,105,-229,0,0,100,0,296,152,40,88,0,22,-131,0,0,100,0,288,120,32,32,0,87,-197,0,0,100,0,192,120,32,32,0,0,-256,0,0,100,0,0,0,192,256,0,0,-256,0,0,100,0,0,256,192,256,0,
0,21,0,-256,0,0,100,0,192,256,192,256,0,74,-210,0,1,100,0,512,176,56,56,0,0,-256,0,0,25,0,576,256,192,256,0,0,-256,0,1,25,0,384,256,192,256,0,73,-128,0,0,100,0,384,192,40,40,0,30,-153,0,0,100,0,384,152,40,40,0,58,-155,0,0,100,0,552,0,40,40,0,44,-175,0,0,100,0,712,0,40,40,0,79,-165,1,0,100,0,232,80,40,40,0,87,-138,1,0,65,0,192,152,24,16,0,53,-148,0,0,65,0,216,152,24,16,0,66,-127,0,0,65,0,216,152,24,16,0,15,-129,0,1,100,0,424,176,88,56,0,40,-226,0,0,100,0,336,152,48,104,0,126,-219,0,0,100,0,240,152,56,96,0,120,-202,0,0,100,0,192,192,48,32,0,105,-229,0,0,100,0,296,152,40,88,0,22,-131,0,0,100,0,288,120,32,32,0,87,-197,0,0,100,0,192,120,32,32,0,0,-256,0,0,100,0,0,0,192,256,0,0,-256,0,0,100,0,0,256,192,256,0,
0,21,0,-256,0,0,100,0,192,256,192,256,0,74,-210,0,1,100,0,600,120,56,56,0,0,-256,0,0,25,0,576,256,192,256,0,0,-256,0,1,25,0,384,256,192,256,0,73,-128,0,0,100,0,384,192,40,40,0,30,-153,0,0,100,0,384,152,40,40,0,58,-155,0,0,100,0,552,0,40,40,0,44,-175,0,0,100,0,712,0,40,40,0,79,-165,1,0,100,0,232,80,40,40,0,87,-138,1,0,65,0,192,152,24,16,0,53,-148,0,0,65,0,216,152,24,16,0,66,-127,0,0,65,0,216,152,24,16,0,15,-129,0,1,100,0,424,176,88,56,0,40,-226,0,0,100,0,336,152,48,104,0,126,-219,0,0,100,0,240,152,56,96,0,120,-202,0,0,100,0,192,192,48,32,0,105,-229,0,0,100,0,296,152,40,88,0,22,-131,0,0,100,0,288,120,32,32,0,87,-197,0,0,100,0,192,120,32,32,0,0,-256,0,0,100,0,0,0,192,256,0,0,-256,0,0,100,0,0,256,192,256,0,
0,21,0,-256,0,0,100,0,192,256,192,256,0,74,-210,0,1,100,0,600,120,56,56,0,0,-256,0,0,25,0,576,256,192,256,0,0,-256,0,1,25,0,384,256,192,256,0,73,-128,0,0,100,0,384,192,40,40,0,30,-153,0,0,100,0,384,152,40,40,0,58,-155,0,0,100,0,552,0,40,40,0,44,-175,0,0,100,0,712,0,40,40,0,79,-165,0,0,100,0,512,80,40,40,0,87,-138,1,0,65,0,192,152,24,16,0,53,-148,0,0,65,0,216,152,24,16,0,66,-127,0,0,65,0,216,152,24,16,0,15,-129,0,1,100,0,424,176,88,56,0,40,-226,0,0,100,0,336,152,48,104,0,126,-219,0,0,100,0,240,152,56,96,0,120,-202,0,0,100,0,192,192,48,32,0,105,-229,0,0,100,0,296,152,40,88,0,22,-131,0,0,100,0,320,120,32,32,0,87,-197,0,0,100,0,224,120,32,32,0,0,-256,0,0,100,0,0,0,192,256,0,0,-256,0,0,100,0,0,256,192,256,0,
0,21,0,-256,0,0,100,0,192,256,192,256,0,74,-210,0,1,100,0,600,120,56,56,0,0,-256,0,0,25,0,576,256,192,256,0,0,-256,0,1,25,0,384,256,192,256,0,73,-128,0,0,100,0,384,192,40,40,0,30,-153,0,0,100,0,384,152,40,40,0,58,-155,0,0,100,0,552,0,40,40,0,44,-175,0,0,100,0,712,0,40,40,0,79,-165,0,0,100,0,512,80,40,40,0,87,-138,1,0,65,0,192,152,24,16,0,53,-148,0,0,65,0,216,152,24,16,0,66,-127,0,0,65,0,216,152,24,16,0,15,-129,0,1,100,0,424,176,88,56,0,40,-226,0,0,100,0,336,152,48,104,0,126,-219,0,0,100,0,240,152,56,96,0,120,-202,0,0,100,0,192,192,48,32,0,105,-229,0,0,100,0,296,152,40,88,0,22,-131,0,0,100,0,320,120,32,32,0,87,-197,0,0,100,0,224,120,32,32,0,0,-256,0,0,100,0,0,0,192,256,0,0,-256,0,0,100,0,0,256,192,256,0,
0,21,0,-256,0,0,100,0,192,256,192,256,0,74,-210,0,1,100,0,512,176,56,56,0,0,-256,0,0,25,0,576,256,192,256,0,0,-256,0,1,25,0,384,256,192,256,0,73,-128,0,0,100,0,384,192,40,40,0,30,-153,0,0,100,0,384,152,40,40,0,58,-155,0,0,100,0,552,0,40,40,0,44,-175,0,0,100,0,712,0,40,40,0,79,-165,0,0,100,0,552,80,40,40,0,87,-138,1,0,65,0,192,152,24,16,0,53,-148,0,0,65,0,216,152,24,16,0,66,-127,0,0,65,0,216,152,24,16,0,15,-129,0,1,100,0,512,120,88,56,0,40,-226,0,0,100,0,336,152,48,104,0,126,-219,0,0,100,0,240,152,56,96,0,120,-202,0,0,100,0,192,192,48,32,0,105,-229,0,0,100,0,296,152,40,88,0,22,-131,0,0,100,0,320,120,32,32,0,87,-197,0,0,100,0,224,120,32,32,0,0,-256,0,0,100,0,0,0,192,256,0,0,-256,0,0,100,0,0,256,192,256,0,
0,21,0,-256,0,0,100,0,192,256,192,256,0,74,-210,0,1,100,0,512,176,56,56,0,0,-256,0,0,25,0,576,256,192,256,0,0,-256,0,1,25,0,384,256,192,256,0,73,-128,0,0,100,0,384,192,40,40,0,30,-153,0,0,100,0,384,152,40,40,0,58,-155,0,0,100,0,552,0,40,40,0,44,-175,0,0,100,0,712,0,40,40,0,79,-165,0,0,100,0,552,80,40,40,0,87,-138,1,0,65,0,192,152,24,16,0,53,-148,0,0,65,0,216,152,24,16,0,66,-127,0,0,65,0,216,152,24,16,0,15,-129,0,1,100,0,512,120,88,56,0,40,-226,0,0,100,0,336,152,48,104,0,126,-219,0,0,100,0,240,152,56,96,0,120,-202,0,0,100,0,192,192,48,32,0,105,-229,0,0,100,0,296,152,40,88,0,22,-131,0,0,100,0,352,120,32,32,0,87,-197,0,0,100,0,256,120,32,32,0,0,-256,0,0,100,0,0,0,192,256,0,0,-256,0,0,100,0,0,256,192,256,0,
0,21,0,-256,0,0,100,0,192,256,192,256,0,74,-210,0,1,100,0,512,176,56,56,0,0,-256,0,0,25,0,576,256,192,256,0,0,-256,0,1,25,0,384,256,192,256,0,73,-128,0,0,100,0,384,192,40,40,0,30,-153,0,0,100,0,384,152,40,40,0,58,-155,0,0,100,0,552,0,40,40,0,44,-175,0,0,100,0,712,0,40,40,0,79,-165,0,0,100,0,552,80,40,40,0,87,-138,1,0,65,0,192,152,24,16,0,53,-148,0,0,65,0,216,152,24,16,0,66,-127,0,0,65,0,216,152,24,16,0,15,-129,0,1,100,0,512,120,88,56,0,40,-226,0,0,100,0,336,152,48,104,0,126,-219,0,0,100,0,240,152,56,96,0,120,-202,0,0,100,0,192,192,48,32,0,105,-229,0,0,100,0,296,152,40,88,0,22,-131,0,0,100,0,352,120,32,32,0,87,-197,0,0,100,0,256,120,32,32,0,0,-256,0,0,100,0,0,0,192,256,0,0,-256,0,0,100,0,0,256,192,256,0,
0,21,0,-256,0,0,100,0,192,256,192,256,0,74,-210,0,1,100,0,568,176,56,56,0,0,-256,0,0,25,0,576,256,192,256,0,0,-256,0,1,25,0,384,256,192,256,0,73,-128,0,0,100,0,384,192,40,40,0,30,-153,0,0,100,0,384,152,40,40,0,58,-155,0,0,100,0,352,0,40,40,0,44,-175,0,0,100,0,712,0,40,40,0,79,-165,0,0,100,0,552,80,40,40,0,87,-138,1,0,65,0,192,152,24,16,0,53,-148,0,0,65,0,216,152,24,16,0,66,-127,0,0,65,0,216,152,24,16,0,15,-129,0,1,100,0,512,120,88,56,0,40,-226,0,0,100,0,336,152,48,104,0,126,-219,0,0,100,0,240,152,56,96,0,120,-202,0,0,100,0,192,192,48,32,0,105,-229,0,0,100,0,296,152,40,88,0,22,-131,0,0,100,0,352,120,32,32,0,87,-197,0,0,100,0,256,120,32,32,0,0,-256,0,0,100,0,0,0,192,256,0,0,-256,0,0,100,0,0,256,192,256,0,
0,21,0,-256,0,0,100,0,192,256,192,256,0,74,-210,0,1,100,0,568,176,56,56,0,0,-256,0,0,25,0,576,256,192,256,0,0,-256,0,1,25,0,384,256,192,256,0,73,-128,0,0,100,0,384,192,40,40,0,30,-153,0,0,100,0,384,152,40,40,0,58,-155,0,0,100,0,352,0,40,40,0,44,-175,0,0,100,0,712,0,40,40,0,79,-165,0,0,100,0,552,80,40,40,0,87,-138,1,0,65,0,192,152,24,16,0,53,-148,0,0,65,0,216,152,24,16,0,66,-127,0,0,65,0,216,152,24,16,0,15,-129,0,1,100,0,424,120,88,56,0,40,-226,0,0,100,0,336,152,48,104,0,126,-219,0,0,100,0,240,152,56,96,0,120,-202,0,0,100,0,192,192,48,32,0,105,-229,0,0,100,0,296,152,40,88,0,22,-131,0,0,100,0,288,120,32,32,0,87,-197,0,0,100,0,192,120,32,32,0,0,-256,0,0,100,0,0,0,192,256,0,0,-256,0,0,100,0,0,256,192,256,0,
0,21,0,-256,0,0,100,0,192,256,192,256,0,74,-210,0,1,100,0,568,176,56,56,0,0,-256,0,0,25,0,576,256,192,256,0,0,-256,0,1,25,0,384,256,192,256,0,73,-128,0,0,100,0,384,192,40,40,0,30,-153,0,0,100,0,384,152,40,40,0,58,-155,0,0,100,0,352,0,40,40,0,44,-175,0,0,100,0,712,0,40,40,0,79,-165,0,0,100,0,552,80,40,40,0,87,-138,1,0,65,0,192,152,24,16,0,53,-148,0,0,65,0,216,152,24,16,0,66,-127,0,0,65,0,216,152,24,16,0,15,-129,0,1,100,0,424,120,88,56,0,40,-226,0,0,100,0,336,152,48,104,0,126,-219,0,0,100,0,240,152,56,96,0,120,-202,0,0,100,0,192,192,48,32,0,105,-229,0,0,100,0,296,152,40,88,0,22,-131,0,0,100,0,288,120,32,32,0,87,-197,0,0,100,0,192,120,32,32,0,0,-256,0,0,100,0,0,0,192,256,0,0,-256,0,0,100,0,0,256,192,256,0,
0,21,0,-256,0,0,100,0,192,256,192,256,0,74,-210,0,1,100,0,512,176,56,56,0,0,-256,0,0,25,0,576,256,192,256,0,0,-256,0,1,25,0,384,256,192,256,0,73,-128,0,0,100,0,384,192,40,40,0,30,-153,0,0,100,0,384,152,40,40,0,58,-155,0,0,100,0,592,80,40,40,0,44,-175,0,0,100,0,712,0,40,40,0,79,-165,0,0,100,0,552,80,40,40,0,87,-138,1,0,65,0,192,152,24,16,0,53,-148,0,0,65,0,216,152,24,16,0,66,-127,0,0,65,0,216,152,24,16,0,15,-129,0,1,100,0,424,120,88,56,0,40,-226,0,0,100,0,336,152,48,104,0,126,-219,0,0,100,0,240,152,56,96,0,120,-202,0,0,100,0,192,192,48,32,0,105,-229,0,0,100,0,296,152,40,88,0,22,-131,0,0,100,0,288,120,32,32,0,87,-197,0,0,100,0,192,120,32,32,0,0,-256,0,0,100,0,0,0,192,256,0,0,-256,0,0,100,0,0,256,192,256,0,
0,21,0,-256,0,0,100,0,192,256,192,256,0,74,-210,0,1,100,0,512,176,56,56,0,0,-256,0,0,25,0,576,256,192,256,0,0,-256,0,1,25,0,384,256,192,256,0,73,-128,0,0,100,0,384,192,40,40,0,30,-153,0,0,100,0,384,152,40,40,0,58,-155,0,0,100,0,592,80,40,40,0,44,-175,0,0,100,0,712,0,40,40,0,79,-165,0,0,100,0,552,80,40,40,0,87,-138,1,0,65,0,192,152,24,16,0,53,-148,0,0,65,0,216,152,24,16,0,66,-127,0,0,65,0,216,152,24,16,0,15,-129,0,1,100,0,424,120,88,56,0,40,-226,0,0,100,0,336,152,48,104,0,126,-219,0,0,100,0,240,152,56,96,0,120,-202,0,0,100,0,192,192,48,32,0,105,-229,0,0,100,0,296,152,40,88,0,22,-131,0,0,100,0,320,120,32,32,0,87,-197,0,0,100,0,224,120,32,32,0,0,-256,0,0,100,0,0,0,192,256,0,0,-256,0,0,100,0,0,256,192,256,0,
0,21,0,-256,0,0,100,0,192,256,192,256,0,74,-210,0,1,100,0,512,176,56,56,0,0,-256,0,0,25,0,576,256,192,256,0,0,-256,0,1,25,0,384,256,192,256,0,73,-128,0,0,100,0,384,192,40,40,0,30,-153,0,0,100,0,384,152,40,40,0,58,-155,0,0,100,0,632,80,40,40,0,44,-175,0,0,100,0,712,0,40,40,0,79,-165,0,0,100,0,552,80,40,40,0,87,-138,1,0,65,0,192,152,24,16,0,53,-148,0,0,65,0,216,152,24,16,0,66,-127,0,0,65,0,216,152,24,16,0,15,-129,0,1,100,0,424,176,88,56,0,40,-226,0,0,100,0,336,152,48,104,0,126,-219,0,0,100,0,240,152,56,96,0,120,-202,0,0,100,0,192,192,48,32,0,105,-229,0,0,100,0,296,152,40,88,0,22,-131,0,0,100,0,320,120,32,32,0,87,-197,0,0,100,0,224,120,32,32,0,0,-256,0,0,100,0,0,0,192,256,0,0,-256,0,0,100,0,0,256,192,256,0,
0,21,0,-256,0,0,100,0,192,256,192,256,0,74,-210,0,1,100,0,600,120,56,56,0,0,-256,0,0,25,0,576,256,192,256,0,0,-256,0,1,25,0,384,256,192,256,0,73,-128,0,0,100,0,384,192,40,40,0,30,-153,0,0,100,0,384,152,40,40,0,58,-155,0,0,100,0,632,80,40,40,0,44,-175,0,0,100,0,712,0,40,40,0,79,-165,0,0,100,0,552,80,40,40,0,87,-138,1,0,65,0,192,152,24,16,0,53,-148,0,0,65,0,216,152,24,16,0,66,-127,0,0,65,0,216,152,24,16,0,15,-129,0,1,100,0,424,176,88,56,0,40,-226,0,0,100,0,336,152,48,104,0,126,-219,0,0,100,0,240,152,56,96,0,120,-202,0,0,100,0,192,192,48,32,0,105,-229,0,0,100,0,296,152,40,88,0,22,-131,0,0,100,0,320,120,32,32,0,87,-197,0,0,100,0,224,120,32,32,0,0,-256,0,0,100,0,0,0,192,256,0,0,-256,0,0,100,0,0,256,192,256,0,
0,21,0,-256,0,0,100,0,192,256,192,256,0,74,-210,0,1,100,0,600,120,56,56,0,0,-256,0,0,25,0,576,256,192,256,0,0,-256,0,1,25,0,384,256,192,256,0,73,-128,0,0,100,0,384,192,40,40,0,30,-153,0,0,100,0,384,152,40,40,0,58,-155,0,0,100,0,632,80,40,40,0,44,-175,0,0,100,0,712,0,40,40,0,79,-165,0,0,100,0,552,80,40,40,0,87,-138,1,0,65,0,192,152,24,16,0,53,-148,0,0,65,0,216,152,24,16,0,66,-127,0,0,65,0,216,152,24,16,0,15,-129,0,1,100,0,424,176,88,56,0,40,-226,0,0,100,0,336,152,48,104,0,126,-219,0,0,100,0,240,152,56,96,0,120,-202,0,0,100,0,192,192,48,32,0,105,-229,0,0,100,0,296,152,40,88,0,22,-131,0,0,100,0,352,120,32,32,0,87,-197,0,0,100,0,256,120,32,32,0,0,-256,0,0,100,0,0,0,192,256,0,0,-256,0,0,100,0,0,256,192,256,0,
0,21,0,-256,0,0,100,0,192,256,192,256,0,74,-210,0,1,100,0,600,120,56,56,0,0,-256,0,0,25,0,576,256,192,256,0,0,-256,0,1,25,0,384,256,192,256,0,73,-128,0,0,100,0,384,192,40,40,0,30,-153,0,0,100,0,384,152,40,40,0,58,-155,0,0,100,0,632,80,40,40,0,44,-175,0,0,100,0,712,0,40,40,0,79,-165,0,0,100,0,512,80,40,40,0,87,-138,1,0,65,0,192,152,24,16,0,53,-148,0,0,65,0,216,152,24,16,0,66,-127,0,0,65,0,216,152,24,16,0,15,-129,0,1,100,0,424,176,88,56,0,40,-226,0,0,100,0,336,152,48,104,0,126,-219,0,0,100,0,240,152,56,96,0,120,-202,0,0,100,0,192,192,48,32,0,105,-229,0,0,100,0,296,152,40,88,0,22,-131,0,0,100,0,352,120,32,32,0,87,-197,0,0,100,0,256,120,32,32,0,0,-256,0,0,100,0,0,0,192,256,0,0,-256,0,0,100,0,0,256,192,256,0,
0,21,0,-256,0,0,100,0,192,256,192,256,0,74,-210,0,1,100,0,512,176,56,56,0,0,-256,0,0,25,0,576,256,192,256,0,0,-256,0,1,25,0,384,256,192,256,0,73,-128,0,0,100,0,384,192,40,40,0,30,-153,0,0,100,0,384,152,40,40,0,58,-155,0,0,100,0,632,80,40,40,0,44,-175,0,0,100,0,712,0,40,40,0,79,-165,0,0,100,0,512,80,40,40,0,87,-138,1,0,65,0,192,152,24,16,0,53,-148,0,0,65,0,216,152,24,16,0,66,-127,0,0,65,0,216,152,24,16,0,15,-129,0,1,100,0,512,120,88,56,0,40,-226,0,0,100,0,336,152,48,104,0,126,-219,0,0,100,0,240,152,56,96,0,120,-202,0,0,100,0,192,192,48,32,0,105,-229,0,0,100,0,296,152,40,88,0,22,-131,0,0,100,0,352,120,32,32,0,87,-197,0,0,100,0,256,120,32,32,0,0,-256,0,0,100,0,0,0,192,256,0,0,-256,0,0,100,0,0,256,192,256,0,
0,21,0,-256,0,0,100,0,192,256,192,256,0,74,-210,0,1,100,0,512,176,56,56,0,0,-256,0,0,25,0,576,256,192,256,0,0,-256,0,1,25,0,384,256,192,256,0,73,-128,0,0,100,0,384,192,40,40,0,30,-153,0,0,100,0,384,152,40,40,0,58,-155,0,0,100,0,632,80,40,40,0,44,-175,0,0,100,0,712,0,40,40,0,79,-165,1,0,100,0,232,80,40,40,0,87,-138,1,0,65,0,192,152,24,16,0,53,-148,0,0,65,0,216,152,24,16,0,66,-127,0,0,65,0,216,152,24,16,0,15,-129,0,1,100,0,512,120,88,56,0,40,-226,0,0,100,0,336,152,48,104,0,126,-219,0,0,100,0,240,152,56,96,0,120,-202,0,0,100,0,192,192,48,32,0,105,-229,0,0,100,0,296,152,40,88,0,22,-131,0,0,100,0,288,120,32,32,0,87,-197,0,0,100,0,192,120,32,32,0,0,-256,0,0,100,0,0,0,192,256,0,0,-256,0,0,100,0,0,256,192,256,0,
0,21,0,-256,0,0,100,0,192,256,192,256,0,74,-210,0,1,100,0,512,176,56,56,0,0,-256,0,0,25,0,576,256,192,256,0,0,-256,0,1,25,0,384,256,192,256,0,73,-128,0,0,100,0,384,192,40,40,0,30,-153,0,0,100,0,384,152,40,40,0,58,-155,0,0,100,0,632,80,40,40,0,44,-175,0,0,100,0,712,0,40,40,0,79,-165,1,0,100,0,232,80,40,40,0,87,-138,1,0,65,0,192,152,24,16,0,53,-148,0,0,65,0,216,152,24,16,0,66,-127,0,0,65,0,216,152,24,16,0,15,-129,0,1,100,0,512,120,88,56,0,40,-226,0,0,100,0,336,152,48,104,0,126,-219,0,0,100,0,240,152,56,96,0,120,-202,0,0,100,0,192,192,48,32,0,105,-229,0,0,100,0,296,152,40,88,0,22,-131,0,0,100,0,288,120,32,32,0,87,-197,0,0,100,0,192,120,32,32,0,0,-256,0,0,100,0,0,0,192,256,0,0,-256,0,0,100,0,0,256,192,256,0,
0,21,0,-256,0,0,100,0,192,256,192,256,0,74,-210,0,1,100,0,568,176,56,56,0,0,-256,0,0,25,0,576,256,192,256,0,0,-256,0,1,25,0,384,256,192,256,0,73,-128,0,0,100,0,384,192,40,40,0,30,-153,0,0,100,0,384,152,40,40,0,58,-155,0,0,100,0,632,80,40,40,0,44,-175,0,0,100,0,712,0,40,40,0,79,-165,1,0,100,0,232,80,40,40,0,87,-138,1,0,65,0,192,152,24,16,0,53,-148,0,0,65,0,216,152,24,16,0,66,-127,0,0,65,0,216,152,24,16,0,15,-129,0,1,100,0,512,120,88,56,0,40,-226,0,0,100,0,336,152,48,104,0,126,-219,0,0,100,0,240,152,56,96,0,120,-202,0,0,100,0,192,192,48,32,0,105,-229,0,0,100,0,296,152,40,88,0,22,-131,0,0,100,0,288,120,32,32,0,87,-197,0,0,100,0,192,120,32,32,0,0,-256,0,0,100,0,0,0,192,256,0,0,-256,0,0,100,0,0,256,192,256,0,
0,21,0,-256,0,0,100,0,192,256,192,256,0,74,-210,0,1,100,0,568,176,56,56,0,0,-256,0,0,25,0,576,256,192,256,0,0,-256,0,1,25,0,384,256,192,256,0,73,-128,0,0,100,0,384,192,40,40,0,30,-153,0,0,100,0,384,152,40,40,0,58,-155,0,0,100,0,632,80,40,40,0,44,-175,0,0,100,0,712,0,40,40,0,79,-165,1,0,100,0,232,80,40,40,0,87,-138,1,0,65,0,192,152,24,16,0,53,-148,0,0,65,0,216,152,24,16,0,66,-127,0,0,65,0,216,152,24,16,0,15,-129,0,1,100,0,424,120,88,56,0,40,-226,0,0,100,0,336,152,48,104,0,126,-219,0,0,100,0,240,152,56,96,0,120,-202,0,0,100,0,192,192,48,32,0,105,-229,0,0,100,0,296,152,40,88,0,22,-131,0,0,100,0,320,120,32,32,0,87,-197,0,0,100,0,224,120,32,32,0,0,-256,0,0,100,0,0,0,192,256,0,0,-256,0,0,100,0,0,256,192,256,0,
0,21,0,-256,0,0,100,0,192,256,192,256,0,74,-210,0,1,100,0,568,176,56,56,0,0,-256,0,0,25,0,576,256,192,256,0,0,-256,0,1,25,0,384,256,192,256,0,73,-128,0,0,100,0,384,192,40,40,0,30,-153,0,0,100,0,384,152,40,40,0,58,-155,0,0,100,0,632,80,40,40,0,44,-175,0,0,100,0,712,0,40,40,0,79,-165,1,0,100,0,232,80,40,40,0,87,-138,1,0,65,0,192,152,24,16,0,53,-148,0,0,65,0,216,152,24,16,0,66,-127,0,0,65,0,216,152,24,16,0,15,-129,0,1,100,0,424,120,88,56,0,40,-226,0,0,100,0,336,152,48,104,0,126,-219,0,0,100,0,240,152,56,96,0,120,-202,0,0,100,0,192,192,48,32,0,105,-229,0,0,100,0,296,152,40,88,0,22,-131,0,0,100,0,320,120,32,32,0,87,-197,0,0,100,0,224,120,32,32,0,0,-256,0,0,100,0,0,0,192,256,0,0,-256,0,0,100,0,0,256,192,256,0,
0,21,0,-256,0,0,100,0,192,256,192,256,0,74,-210,0,1,100,0,512,176,56,56,0,0,-256,0,0,25,0,576,256,192,256,0,0,-256,0,1,25,0,384,256,192,256,0,73,-128,0,0,100,0,384,192,40,40,0,30,-153,0,0,100,0,384,152,40,40,0,58,-155,0,0,100,0,632,80,40,40,0,44,-175,0,0,100,0,712,0,40,40,0,79,-165,1,0,100,0,232,80,40,40,0,87,-138,1,0,65,0,192,152,24,16,0,53,-148,0,0,65,0,216,152,24,16,0,66,-127,0,0,65,0,216,152,24,16,0,15,-129,0,1,100,0,424,120,88,56,0,40,-226,0,0,100,0,336,152,48,104,0,126,-219,0,0,100,0,240,152,56,96,0,120,-202,0,0,100,0,192,192,48,32,0,105,-229,0,0,100,0,296,152,40,88,0,22,-131,0,0,100,0,320,120,32,32,0,87,-197,0,0,100,0,224,120,32,32,0,0,-256,0,0,100,0,0,0,192,256,0,0,-256,0,0,100,0,0,256,192,256,0,
0,21,0,-256,0,0,100,0,192,256,192,256,0,74,-210,0,1,100,0,512,176,56,56,0,0,-256,0,0,25,0,576,256,192,256,0,0,-256,0,1,25,0,384,256,192,256,0,73,-128,0,0,100,0,384,192,40,40,0,30,-153,0,0,100,0,384,152,40,40,0,58,-155,0,0,100,0,632,80,40,40,0,44,-175,0,0,100,0,712,0,40,40,0,79,-165,1,0,100,0,232,80,40,40,0,87,-138,1,0,65,0,192,152,24,16,0,53,-148,0,0,65,0,216,152,24,16,0,66,-127,0,0,65,0,216,152,24,16,0,15,-129,0,1,100,0,424,120,88,56,0,40,-226,0,0,100,0,336,152,48,104,0,126,-219,0,0,100,0,240,152,56,96,0,120,-202,0,0,100,0,192,192,48,32,0,105,-229,0,0,100,0,296,152,40,88,0,22,-131,0,0,100,0,352,120,32,32,0,87,-197,0,0,100,0,256,120,32,32,0,0,-256,0,0,100,0,0,0,192,256,0,0,-256,0,0,100,0,0,256,192,256,0,
0,21,0,-256,0,0,100,0,192,256,192,256,0,74,-210,0,1,100,0,512,176,56,56,0,0,-256,0,0,25,0,576,256,192,256,0,0,-256,0,1,25,0,384,256,192,256,0,73,-128,0,0,100,0,384,192,40,40,0,30,-153,0,0,100,0,384,152,40,40,0,58,-155,0,0,100,0,632,80,40,40,0,44,-175,0,0,100,0,712,0,40,40,0,79,-165,1,0,100,0,232,80,40,40,0,87,-138,1,0,65,0,192,152,24,16,0,53,-148,0,0,65,0,216,152,24,16,0,66,-127,0,0,65,0,216,152,24,16,0,15,-129,0,1,100,0,424,176,88,56,0,40,-226,0,0,100,0,336,152,48,104,0,126,-219,0,0,100,0,240,152,56,96,0,120,-202,0,0,100,0,192,192,48,32,0,105,-229,0,0,100,0,296,152,40,88,0,22,-131,0,0,100,0,352,120,32,32,0,87,-197,0,0,100,0,256,120,32,32,0,0,-256,0,0,100,0,0,0,192,256,0,0,-256,0,0,100,0,0,256,192,256,0,
0,21,0,-256,0,0,100,0,192,256,192,256,0,74,-210,0,1,100,0,600,120,56,56,0,0,-256,0,0,25,0,576,256,192,256,0,0,-256,0,1,25,0,384,256,192,256,0,73,-128,0,0,100,0,384,192,40,40,0,30,-153,0,0,100,0,384,152,40,40,0,58,-155,0,0,100,0,632,80,40,40,0,44,-175,0,0,100,0,712,0,40,40,0,79,-165,1,0,100,0,232,80,40,40,0,87,-138,1,0,65,0,192,152,24,16,0,53,-148,0,0,65,0,216,152,24,16,0,66,-127,0,0,65,0,216,152,24,16,0,15,-129,0,1,100,0,424,176,88,56,0,40,-226,0,0,100,0,336,152,48,104,0,126,-219,0,0,100,0,240,152,56,96,0,120,-202,0,0,100,0,192,192,48,32,0,105,-229,0,0,100,0,296,152,40,88,0,22,-131,0,0,100,0,352,120,32,32,0,87,-197,0,0,100,0,256,120,32,32,0,0,-256,0,0,100,0,0,0,192,256,0,0,-256,0,0,100,0,0,256,192,256,0,
0,21,0,-256,0,0,100,0,192,256,192,256,0,74,-210,0,1,100,0,600,120,56,56,0,0,-256,0,0,25,0,576,256,192,256,0,0,-256,0,1,25,0,384,256,192,256,0,73,-128,0,0,100,0,384,192,40,40,0,30,-153,0,0,100,0,384,152,40,40,0,58,-155,0,0,100,0,632,80,40,40,0,44,-175,0,0,100,0,712,0,40,40,0,79,-165,1,0,100,0,232,80,40,40,0,87,-138,1,0,65,0,192,152,24,16,0,53,-148,0,0,65,0,216,152,24,16,0,66,-127,0,0,65,0,216,152,24,16,0,15,-129,0,1,100,0,424,176,88,56,0,40,-226,0,0,100,0,336,152,48,104,0,126,-219,0,0,100,0,240,152,56,96,0,120,-202,0,0,100,0,192,192,48,32,0,105,-229,0,0,100,0,296,152,40,88,0,22,-131,0,0,100,0,288,120,32,32,0,87,-197,0,0,100,0,192,120,32,32,0,0,-256,0,0,100,0,0,0,192,256,0,0,-256,0,0,100,0,0,256,192,256,0,
0,21,0,-256,0,0,100,0,192,256,192,256,0,74,-210,0,1,100,0,600,120,56,56,0,0,-256,0,0,25,0,576,256,192,256,0,0,-256,0,1,25,0,384,256,192,256,0,73,-128,0,0,100,0,384,192,40,40,0,30,-153,0,0,100,0,384,152,40,40,0,58,-155,0,0,100,0,632,80,40,40,0,44,-175,0,0,100,0,712,0,40,40,0,79,-165,1,0,100,0,232,80,40,40,0,87,-138,1,0,65,0,192,152,24,16,0,53,-148,0,0,65,0,216,152,24,16,0,66,-127,0,0,65,0,216,152,24,16,0,15,-129,0,1,100,0,424,176,88,56,0,40,-226,0,0,100,0,336,152,48,104,0,126,-219,0,0,100,0,240,152,56,96,0,120,-202,0,0,100,0,192,192,48,32,0,105,-229,0,0,100,0,296,152,40,88,0,22,-131,0,0,100,0,288,120,32,32,0,87,-197,0,0,100,0,192,120,32,32,0,0,-256,0,0,100,0,0,0,192,256,0,0,-256,0,0,100,0,0,256,192,256,0,
0,21,0,-256,0,0,100,0,192,256,192,256,0,74,-210,0,1,100,0,512,176,56,56,0,0,-256,0,0,25,0,576,256,192,256,0,0,-256,0,1,25,0,384,256,192,256,0,73,-128,0,0,100,0,384,192,40,40,0,30,-153,0,0,100,0,384,152,40,40,0,58,-155,0,0,80,0,632,80,40,40,0,44,-175,0,0,80,0,712,0,40,40,0,79,-165,1,0,80,0,232,80,40,40,0,87,-138,1,0,45,0,192,152,24,16,0,53,-148,0,0,45,0,216,152,24,16,0,66,-127,0,0,45,0,216,152,24,16,0,15,-129,0,1,100,0,512,120,88,56,0,40,-226,0,0,100,0,336,152,48,104,0,126,-219,0,0,100,0,240,152,56,96,0,120,-202,0,0,100,0,192,192,48,32,0,105,-229,0,0,100,0,296,152,40,88,0,22,-131,0,0,100,0,288,120,32,32,0,87,-197,0,0,100,0,192,120,32,32,0,0,-256,0,0,100,0,0,0,192,256,0,0,-256,0,0,100,0,0,256,192,256,0,
0,21,0,-256,0,0,100,0,192,256,192,256,0,74,-210,0,1,100,0,512,176,56,56,0,0,-256,0,0,25,0,576,256,192,256,0,0,-256,0,1,25,0,384,256,192,256,0,73,-128,0,0,100,0,384,192,40,40,0,30,-153,0,0,100,0,384,152,40,40,0,58,-155,0,0,80,0,632,80,40,40,0,44,-175,0,0,80,0,712,0,40,40,0,79,-165,1,0,80,0,232,80,40,40,0,87,-138,1,0,45,0,192,152,24,16,0,53,-148,0,0,45,0,216,152,24,16,0,66,-127,0,0,45,0,216,152,24,16,0,15,-129,0,1,100,0,512,120,88,56,0,40,-226,0,0,100,0,336,152,48,104,0,126,-219,0,0,100,0,240,152,56,96,0,120,-202,0,0,100,0,192,192,48,32,0,105,-229,0,0,100,0,296,152,40,88,0,22,-131,0,0,100,0,320,120,32,32,0,87,-197,0,0,100,0,224,120,32,32,0,0,-256,0,0,100,0,0,0,192,256,0,0,-256,0,0,100,0,0,256,192,256,0,
0,21,0,-256,0,0,100,0,192,256,192,256,0,74,-210,0,1,100,0,512,176,56,56,0,0,-256,0,0,25,0,576,256,192,256,0,0,-256,0,1,25,0,384,256,192,256,0,73,-128,0,0,100,0,384,192,40,40,0,30,-153,0,0,100,0,384,152,40,40,0,58,-155,0,0,50,0,632,80,40,40,0,44,-175,0,0,50,0,712,0,40,40,0,79,-165,1,0,50,0,232,80,40,40,0,87,-138,1,0,15,0,192,152,24,16,0,53,-148,0,0,15,0,216,152,24,16,0,66,-127,0,0,15,0,216,152,24,16,0,15,-129,0,1,100,0,512,120,88,56,0,40,-226,0,0,100,0,336,152,48,104,0,126,-219,0,0,100,0,240,152,56,96,0,120,-202,0,0,100,0,192,192,48,32,0,105,-229,0,0,100,0,296,152,40,88,0,22,-131,0,0,100,0,320,120,32,32,0,87,-197,0,0,100,0,224,120,32,32,0,0,-256,0,0,100,0,0,0,192,256,0,0,-256,0,0,100,0,0,256,192,256,0,
0,21,0,-256,0,0,100,0,192,256,192,256,0,74,-210,0,1,100,0,568,176,56,56,0,0,-256,0,0,25,0,576,256,192,256,0,0,-256,0,1,25,0,384,256,192,256,0,73,-128,0,0,100,0,384,192,40,40,0,30,-153,0,0,100,0,384,152,40,40,0,58,-155,0,0,50,0,632,80,40,40,0,44,-175,0,0,50,0,712,0,40,40,0,79,-165,1,0,50,0,232,80,40,40,0,87,-138,1,0,15,0,192,152,24,16,0,53,-148,0,0,15,0,216,152,24,16,0,66,-127,0,0,15,0,216,152,24,16,0,15,-129,0,1,100,0,512,120,88,56,0,40,-226,0,0,100,0,336,152,48,104,0,126,-219,0,0,100,0,240,152,56,96,0,120,-202,0,0,100,0,192,192,48,32,0,105,-229,0,0,100,0,296,152,40,88,0,22,-131,0,0,100,0,320,120,32,32,0,87,-197,0,0,100,0,224,120,32,32,0,0,-256,0,0,100,0,0,0,192,256,0,0,-256,0,0,100,0,0,256,192,256,0,
0,21,0,-256,0,0,100,0,192,256,192,256,0,74,-210,0,1,100,0,568,176,56,56,0,0,-256,0,0,25,0,576,256,192,256,0,0,-256,0,1,25,0,384,256,192,256,0,73,-128,0,0,100,0,384,192,40,40,0,30,-153,0,0,100,0,384,152,40,40,0,58,-155,0,0,20,0,632,80,40,40,0,44,-175,0,0,20,0,712,0,40,40,0,79,-165,1,0,20,0,232,80,40,40,0,87,-138,1,0,5,0,192,152,24,16,0,53,-148,0,0,5,0,216,152,24,16,0,66,-127,0,0,5,0,216,152,24,16,0,15,-129,0,1,100,0,424,120,88,56,0,40,-226,0,0,100,0,336,152,48,104,0,126,-219,0,0,100,0,240,152,56,96,0,120,-202,0,0,100,0,192,192,48,32,0,105,-229,0,0,100,0,296,152,40,88,0,22,-131,0,0,100,0,352,120,32,32,0,87,-197,0,0,100,0,256,120,32,32,0,0,-256,0,0,100,0,0,0,192,256,0,0,-256,0,0,100,0,0,256,192,256,0,
0,21,0,-256,0,0,100,0,192,256,192,256,0,74,-210,0,1,100,0,568,176,56,56,0,0,-256,0,0,25,0,576,256,192,256,0,0,-256,0,1,25,0,384,256,192,256,0,73,-128,0,0,100,0,384,192,40,40,0,30,-153,0,0,100,0,384,152,40,40,0,58,-155,0,0,20,0,632,80,40,40,0,44,-175,0,0,20,0,712,0,40,40,0,79,-165,1,0,20,0,232,80,40,40,0,87,-138,1,0,5,0,192,152,24,16,0,53,-148,0,0,5,0,216,152,24,16,0,66,-127,0,0,5,0,216,152,24,16,0,15,-129,0,1,100,0,424,120,88,56,0,40,-226,0,0,100,0,336,152,48,104,0,126,-219,0,0,100,0,240,152,56,96,0,120,-202,0,0,100,0,192,192,48,32,0,105,-229,0,0,100,0,296,152,40,88,0,22,-131,0,0,100,0,352,120,32,32,0,87,-197,0,0,100,0,256,120,32,32,0,0,-256,0,0,100,0,0,0,192,256,0,0,-256,0,0,100,0,0,256,192,256,0,
0,15,0,-256,0,0,100,0,192,256,192,256,0,74,-210,0,1,100,0,512,176,56,56,0,0,-256,0,0,25,0,576,256,192,256,0,0,-256,0,1,25,0,384,256,192,256,0,73,-128,0,0,100,0,384,192,40,40,0,30,-153,0,0,100,0,384,152,40,40,0,15,-129,0,1,100,0,424,120,88,56,0,40,-226,0,0,100,0,336,152,48,104,0,126,-219,0,0,100,0,240,152,56,96,0,120,-202,0,0,100,0,192,192,48,32,0,105,-229,0,0,100,0,296,152,40,88,0,22,-131,0,0,100,0,352,120,32,32,0,87,-197,0,0,100,0,256,120,32,32,0,0,-256,0,0,100,0,0,0,192,256,0,0,-256,0,0,100,0,0,256,192,256,0,
0,15,0,-256,0,0,100,0,192,256,192,256,0,74,-210,0,1,100,0,512,176,56,56,0,0,-256,0,0,25,0,576,256,192,256,0,0,-256,0,1,25,0,384,256,192,256,0,73,-128,0,0,100,0,384,192,40,40,0,30,-153,0,0,100,0,384,152,40,40,0,15,-129,0,1,100,0,424,176,88,56,0,40,-226,0,0,100,0,336,152,48,104,0,126,-219,0,0,100,0,240,152,56,96,0,120,-202,0,0,100,0,192,192,48,32,0,105,-229,0,0,100,0,296,152,40,88,0,22,-131,0,0,100,0,288,120,32,32,0,87,-197,0,0,100,0,192,120,32,32,0,0,-256,0,0,100,0,0,0,192,256,0,0,-256,0,0,100,0,0,256,192,256,0,
0,15,0,-256,0,0,100,0,192,256,192,256,0,74,-210,0,1,100,0,512,176,56,56,0,0,-256,0,0,25,0,576,256,192,256,0,0,-256,0,1,25,0,384,256,192,256,0,73,-128,0,0,100,0,384,192,40,40,0,30,-153,0,0,100,0,384,152,40,40,0,15,-129,0,1,100,0,424,176,88,56,0,40,-226,0,0,100,0,336,152,48,104,0,126,-219,0,0,100,0,240,152,56,96,0,120,-202,0,0,100,0,192,192,48,32,0,105,-229,0,0,100,0,296,152,40,88,0,22,-131,0,0,100,0,288,120,32,32,0,87,-197,0,0,100,0,192,120,32,32,0,0,-256,0,0,100,0,0,0,192,256,0,0,-256,0,0,100,0,0,256,192,256,0,
0,15,0,-256,0,0,100,0,192,256,192,256,0,74,-210,0,1,100,0,600,120,56,56,0,0,-256,0,0,25,0,576,256,192,256,0,0,-256,0,1,25,0,384,256,192,256,0,73,-128,0,0,100,0,384,192,40,40,0,30,-153,0,0,100,0,384,152,40,40,0,15,-129,0,1,100,0,512,120,88,56,0,40,-226,0,0,100,0,336,152,48,104,0,126,-219,0,0,100,0,240,152,56,96,0,120,-202,0,0,100,0,192,192,48,32,0,105,-229,0,0,100,0,296,152,40,88,0,22,-131,0,0,100,0,288,120,32,32,0,87,-197,0,0,100,0,192,120,32,32,0,0,-256,0,0,100,0,0,0,192,256,0,0,-256,0,0,100,0,0,256,192,256,0,
0,15,0,-256,0,0,100,0,192,256,192,256,0,74,-210,0,1,100,0,600,120,56,56,0,0,-256,0,0,25,0,576,256,192,256,0,0,-256,0,1,25,0,384,256,192,256,0,73,-128,0,0,100,0,384,192,40,40,0,30,-153,0,0,100,0,384,152,40,40,0,15,-129,0,1,100,0,512,120,88,56,0,40,-226,0,0,100,0,336,152,48,104,0,126,-219,0,0,100,0,240,152,56,96,0,120,-202,0,0,100,0,192,192,48,32,0,105,-229,0,0,100,0,296,152,40,88,0,22,-131,0,0,100,0,320,120,32,32,0,87,-197,0,0,100,0,224,120,32,32,0,0,-256,0,0,100,0,0,0,192,256,0,0,-256,0,0,100,0,0,256,192,256,0,
0,15,0,-256,0,0,100,0,192,256,192,256,0,74,-210,0,1,100,0,600,120,56,56,0,0,-256,0,0,25,0,576,256,192,256,0,0,-256,0,1,25,0,384,256,192,256,0,73,-128,0,0,100,0,384,192,40,40,0,30,-153,0,0,100,0,384,152,40,40,0,15,-129,0,1,100,0,512,120,88,56,0,40,-226,0,0,100,0,336,152,48,104,0,126,-219,0,0,100,0,240,152,56,96,0,120,-202,0,0,100,0,192,192,48,32,0,105,-229,0,0,100,0,296,152,40,88,0,22,-131,0,0,100,0,320,120,32,32,0,87,-197,0,0,100,0,224,120,32,32,0,0,-256,0,0,100,0,0,0,192,256,0,0,-256,0,0,100,0,0,256,192,256,0,
0,15,0,-256,0,0,100,0,192,256,192,256,0,74,-210,0,1,100,0,512,176,56,56,0,0,-256,0,0,25,0,576,256,192,256,0,0,-256,0,1,25,0,384,256,192,256,0,73,-128,0,0,100,0,384,192,40,40,0,30,-153,0,0,100,0,384,152,40,40,0,15,-129,0,1,100,0,512,120,88,56,0,40,-226,0,0,100,0,336,152,48,104,0,126,-219,0,0,100,0,240,152,56,96,0,120,-202,0,0,100,0,192,192,48,32,0,105,-229,0,0,100,0,296,152,40,88,0,22,-131,0,0,100,0,320,120,32,32,0,87,-197,0,0,100,0,224,120,32,32,0,0,-256,0,0,100,0,0,0,192,256,0,0,-256,0,0,100,0,0,256,192,256,0,
0,15,0,-256,0,0,100,0,192,256,192,256,0,74,-210,0,1,100,0,512,176,56,56,0,0,-256,0,0,25,0,576,256,192,256,0,0,-256,0,1,25,0,384,256,192,256,0,73,-128,0,0,100,0,384,192,40,40,0,30,-153,0,0,100,0,384,152,40,40,0,15,-129,0,1,100,0,424,120,88,56,0,40,-226,0,0,100,0,336,152,48,104,0,126,-219,0,0,100,0,240,152,56,96,0,120,-202,0,0,100,0,192,192,48,32,0,105,-229,0,0,100,0,296,152,40,88,0,22,-131,0,0,100,0,352,120,32,32,0,87,-197,0,0,100,0,256,120,32,32,0,0,-256,0,0,100,0,0,0,192,256,0,0,-256,0,0,100,0,0,256,192,256,0,
0,15,0,-256,0,0,100,0,192,256,192,256,0,74,-210,0,1,100,0,512,176,56,56,0,0,-256,0,0,25,0,576,256,192,256,0,0,-256,0,1,25,0,384,256,192,256,0,73,-128,0,0,100,0,384,192,40,40,0,30,-153,0,0,100,0,384,152,40,40,0,15,-129,0,1,100,0,424,120,88,56,0,40,-226,0,0,100,0,336,152,48,104,0,126,-219,0,0,100,0,240,152,56,96,0,120,-202,0,0,100,0,192,192,48,32,0,105,-229,0,0,100,0,296,152,40,88,0,22,-131,0,0,100,0,352,120,32,32,0,87,-197,0,0,100,0,256,120,32,32,0,0,-256,0,0,100,0,0,0,192,256,0,0,-256,0,0,100,0,0,256,192,256,0,
0,15,0,-256,0,0,100,0,192,256,192,256,0,74,-210,0,1,100,0,568,176,56,56,0,0,-256,0,0,25,0,576,256,192,256,0,0,-256,0,1,25,0,384,256,192,256,0,73,-128,0,0,100,0,384,192,40,40,0,30,-153,0,0,100,0,384,152,40,40,0,15,-129,0,1,100,0,424,120,88,56,0,40,-226,0,0,100,0,336,152,48,104,0,126,-219,0,0,100,0,240,152,56,96,0,120,-202,0,0,100,0,192,192,48,32,0,105,-229,0,0,100,0,296,152,40,88,0,22,-131,0,0,100,0,352,120,32,32,0,87,-197,0,0,100,0,256,120,32,32,0,0,-256,0,0,100,0,0,0,192,256,0,0,-256,0,0,100,0,0,256,192,256,0,
0,15,0,-256,0,0,100,0,192,256,192,256,0,74,-210,0,1,100,0,568,176,56,56,0,0,-256,0,0,25,0,576,256,192,256,0,0,-256,0,1,25,0,384,256,192,256,0,73,-128,0,0,100,0,384,192,40,40,0,30,-153,0,0,100,0,384,152,40,40,0,15,-129,0,1,100,0,424,176,88,56,0,40,-226,0,0,100,0,336,152,48,104,0,126,-219,0,0,100,0,240,152,56,96,0,120,-202,0,0,100,0,192,192,48,32,0,105,-229,0,0,100,0,296,152,40,88,0,22,-131,0,0,100,0,288,120,32,32,0,87,-197,0,0,100,0,192,120,32,32,0,0,-256,0,0,100,0,0,0,192,256,0,0,-256,0,0,100,0,0,256,192,256,0,
0,15,0,-256,0,0,100,0,192,256,192,256,0,74,-210,0,1,100,0,568,176,56,56,0,0,-256,0,0,25,0,576,256,192,256,0,0,-256,0,1,25,0,384,256,192,256,0,73,-128,0,0,100,0,384,192,40,40,0,30,-153,0,0,100,0,384,152,40,40,0,15,-129,0,1,100,0,424,176,88,56,0,40,-226,0,0,100,0,336,152,48,104,0,126,-219,0,0,100,0,240,152,56,96,0,120,-202,0,0,100,0,192,192,48,32,0,105,-229,0,0,100,0,296,152,40,88,0,22,-131,0,0,100,0,288,120,32,32,0,87,-197,0,0,100,0,192,120,32,32,0,0,-256,0,0,100,0,0,0,192,256,0,0,-256,0,0,100,0,0,256,192,256,0,
0,18,0,-256,0,0,100,0,192,256,192,256,0,74,-210,0,1,100,0,512,176,56,56,0,0,-256,0,0,25,0,576,256,192,256,0,0,-256,0,1,25,0,384,256,192,256,0,73,-128,0,0,100,0,384,192,40,40,0,30,-153,0,0,100,0,384,152,40,40,0,15,-129,0,1,100,0,512,120,88,56,0,40,-226,0,0,100,0,336,152,48,104,0,126,-219,0,0,100,0,240,152,56,96,0,120,-202,0,0,80,0,192,192,48,32,0,120,-193,0,0,20,0,192,168,48,56,0,105,-229,0,0,100,0,296,152,40,88,0,127,-190,0,0,20,0,192,0,40,40,0,137,-169,0,0,5,0,192,152,24,16,0,22,-131,0,0,100,0,288,120,32,32,0,87,-197,0,0,100,0,192,120,32,32,0,0,-256,0,0,100,0,0,0,192,256,0,0,-256,0,0,100,0,0,256,192,256,0,
0,18,0,-256,0,0,100,0,192,256,192,256,0,74,-210,0,1,100,0,512,176,56,56,0,0,-256,0,0,25,0,576,256,192,256,0,0,-256,0,1,25,0,384,256,192,256,0,73,-128,0,0,100,0,384,192,40,40,0,30,-153,0,0,100,0,384,152,40,40,0,15,-129,0,1,100,0,512,120,88,56,0,40,-226,0,0,100,0,336,152,48,104,0,126,-219,0,0,100,0,240,152,56,96,0,120,-202,0,0,80,0,192,192,48,32,0,120,-193,0,0,20,0,192,168,48,56,0,105,-229,0,0,100,0,296,152,40,88,0,127,-190,0,0,20,0,192,0,40,40,0,137,-169,0,0,5,0,192,152,24,16,0,22,-131,0,0,100,0,320,120,32,32,0,87,-197,0,0,100,0,224,120,32,32,0,0,-256,0,0,100,0,0,0,192,256,0,0,-256,0,0,100,0,0,256,192,256,0,
0,18,0,-256,0,0,100,0,192,256,192,256,0,74,-210,0,1,100,0,512,176,56,56,0,0,-256,0,0,25,0,576,256,192,256,0,0,-256,0,1,25,0,384,256,192,256,0,73,-128,0,0,100,0,384,192,40,40,0,30,-153,0,0,100,0,384,152,40,40,0,15,-129,0,1,100,0,512,120,88,56,0,40,-226,0,0,100,0,336,152,48,104,0,126,-219,0,0,100,0,240,152,56,96,0,120,-202,0,0,50,0,192,192,48,32,0,120,-193,0,0,50,0,192,168,48,56,0,105,-229,0,0,100,0,296,152,40,88,0,127,-190,0,0,50,0,192,0,40,40,0,137,-169,0,0,15,0,192,152,24,16,0,22,-131,0,0,100,0,320,120,32,32,0,87,-197,0,0,100,0,224,120,32,32,0,0,-256,0,0,100,0,0,0,192,256,0,0,-256,0,0,100,0,0,256,192,256,0,
0,18,0,-256,0,0,100,0,192,256,192,256,0,74,-210,0,1,100,0,600,120,56,56,0,0,-256,0,0,25,0,576,256,192,256,0,0,-256,0,1,25,0,384,256,192,256,0,73,-128,0,0,100,0,384,192,40,40,0,30,-153,0,0,100,0,384,152,40,40,0,15,-129,0,1,100,0,512,120,88,56,0,40,-226,0,0,100,0,336,152,48,104,0,126,-219,0,0,100,0,240,152,56,96,0,120,-202,0,0,50,0,192,192,48,32,0,120,-193,0,0,50,0,192,168,48,56,0,105,-229,0,0,100,0,296,152,40,88,0,127,-190,0,0,50,0,192,0,40,40,0,137,-169,0,0,15,0,192,152,24,16,0,22,-131,0,0,100,0,320,120,32,32,0,87,-197,0,0,100,0,224,120,32,32,0,0,-256,0,0,100,0,0,0,192,256,0,0,-256,0,0,100,0,0,256,192,256,0,
0,18,0,-256,0,0,100,0,192,256,192,256,0,74,-210,0,1,100,0,600,120,56,56,0,0,-256,0,0,25,0,576,256,192,256,0,0,-256,0,1,25,0,384,256,192,256,0,73,-128,0,0,100,0,384,192,40,40,0,30,-153,0,0,100,0,384,152,40,40,0,15,-129,0,1,100,0,424,120,88,56,0,40,-226,0,0,100,0,336,152,48,104,0,126,-219,0,0,100,0,240,152,56,96,0,120,-202,0,0,20,0,192,192,48,32,0,120,-193,0,0,80,0,192,168,48,56,0,105,-229,0,0,100,0,296,152,40,88,0,127,-190,0,0,80,0,192,0,40,40,0,137,-169,0,0,45,0,192,152,24,16,0,22,-131,0,0,100,0,352,120,32,32,0,87,-197,0,0,100,0,256,120,32,32,0,0,-256,0,0,100,0,0,0,192,256,0,0,-256,0,0,100,0,0,256,192,256,0,
0,18,0,-256,0,0,100,0,192,256,192,256,0,74,-210,0,1,100,0,512,176,56,56,0,0,-256,0,0,25,0,576,256,192,256,0,0,-256,0,1,25,0,384,256,192,256,0,73,-128,0,0,100,0,384,192,40,40,0,30,-153,0,0,100,0,384,152,40,40,0,15,-129,0,1,100,0,424,120,88,56,0,40,-226,0,0,100,0,336,152,48,104,0,126,-219,0,0,100,0,240,152,56,96,0,120,-202,0,0,20,0,192,192,48,32,0,120,-193,0,0,80,0,192,168,48,56,0,105,-229,0,0,100,0,296,152,40,88,0,127,-190,0,0,80,0,192,0,40,40,0,137,-169,0,0,45,0,192,152,24,16,0,22,-131,0,0,100,0,352,120,32,32,0,87,-197,0,0,100,0,256,120,32,32,0,0,-256,0,0,100,0,0,0,192,256,0,0,-256,0,0,100,0,0,256,192,256,0,
0,17,0,-256,0,0,100,0,192,256,192,256,0,74,-210,0,1,100,0,512,176,56,56,0,0,-256,0,0,25,0,576,256,192,256,0,0,-256,0,1,25,0,384,256,192,256,0,73,-128,0,0,100,0,384,192,40,40,0,30,-153,0,0,100,0,384,152,40,40,0,15,-129,0,1,100,0,424,120,88,56,0,40,-226,0,0,100,0,336,152,48,104,0,126,-219,0,0,100,0,240,152,56,96,0,120,-193,0,0,100,0,192,168,48,56,0,105,-229,0,0,100,0,296,152,40,88,0,127,-190,0,0,100,0,192,0,40,40,0,137,-169,0,0,65,0,192,152,24,16,0,22,-131,0,0,100,0,352,120,32,32,0,87,-197,0,0,100,0,256,120,32,32,0,0,-256,0,0,100,0,0,0,192,256,0,0,-256,0,0,100,0,0,256,192,256,0,
